device_id,device_code,risk_score,risk_level,reason,repairs_365d,downtime_days
8adcb48f-456d-4ef5-851d-4c593615675f,MED-2026-3WFQR,0,LOW,"",0,0
6641d243-10e1-41bf-8ad4-d9a7e8fd65a3,MED-2026-JAKNH,0,LOW,"",0,0
DEMO-DEV-0087,DEMO-0087,92,HIGH,Frequent repairs in last 365 days; Extended repair downtime; Repair cost high relative to purchase,7,76
DEMO-DEV-0810,DEMO-0810,4,LOW,"",0,0
DEMO-DEV-0887,DEMO-0887,3,LOW,"",0,0
DEMO-DEV-1368,DEMO-1368,8,LOW,Older equipment,0,0
DEMO-DEV-1626,DEMO-1626,7,LOW,"",0,4
DEMO-DEV-1668,DEMO-1668,8,LOW,Older equipment,0,0
DEMO-DEV-1836,DEMO-1836,7,LOW,"",0,0
DEMO-DEV-2161,DEMO-2161,1,LOW,"",0,0
DEMO-DEV-2304,DEMO-2304,5,LOW,"",0,0
DEMO-DEV-2806,DEMO-2806,95,HIGH,Frequent repairs in last 365 days; Extended repair downtime; Repair cost high relative to purchase,5,63
DEMO-DEV-3071,DEMO-3071,22,LOW,Extended repair downtime,0,20
DEMO-DEV-3288,DEMO-3288,1,LOW,"",0,0
DEMO-DEV-3391,DEMO-3391,10,LOW,Older equipment,0,0
DEMO-DEV-3520,DEMO-3520,19,LOW,"",1,3
DEMO-DEV-3521,DEMO-3521,99,HIGH,Frequent repairs in last 365 days; Extended repair downtime; Repair cost high relative to purchase; Older equipment,5,72
DEMO-DEV-3522,DEMO-3522,29,LOW,Extended repair downtime,1,14
DEMO-DEV-3653,DEMO-3653,24,LOW,Extended repair downtime; Older equipment,0,13
DEMO-DEV-3654,DEMO-3654,29,LOW,Extended repair downtime,0,17
DEMO-DEV-3656,DEMO-3656,95,HIGH,Frequent repairs in last 365 days; Extended repair downtime; Repair cost high relative to purchase,6,46
DEMO-DEV-4556,DEMO-4556,17,LOW,Repair cost high relative to purchase,0,3
DEMO-DEV-4558,DEMO-4558,36,LOW,Extended repair downtime; Repair cost high relative to purchase,0,13
DEMO-DEV-4560,DEMO-4560,96,HIGH,Frequent repairs in last 365 days; Extended repair downtime; Repair cost high relative to purchase,8,153
DEMO-DEV-0046,DEMO-0046,10,LOW,Older equipment,0,0
DEMO-DEV-0056,DEMO-0056,26,LOW,Extended repair downtime; Older equipment,0,13
DEMO-DEV-0089,DEMO-0089,33,LOW,Repair cost high relative to purchase; Older equipment,1,0
DEMO-DEV-0140,DEMO-0140,81,HIGH,Frequent repairs in last 365 days; Extended repair downtime; Older equipment,4,45
DEMO-DEV-0184,DEMO-0184,100,HIGH,Frequent repairs in last 365 days; Extended repair downtime; Repair cost high relative to purchase; Older equipment,6,51
DEMO-DEV-0214,DEMO-0214,30,LOW,Extended repair downtime; Older equipment,1,10
DEMO-DEV-0254,DEMO-0254,10,LOW,Older equipment,0,0
DEMO-DEV-0361,DEMO-0361,10,LOW,Older equipment,0,0
DEMO-DEV-0420,DEMO-0420,20,LOW,Older equipment,0,5
DEMO-DEV-0435,DEMO-0435,23,LOW,Extended repair downtime; Older equipment,0,8
DEMO-DEV-0436,DEMO-0436,10,LOW,Older equipment,0,0
DEMO-DEV-0552,DEMO-0552,10,LOW,Older equipment,0,0
DEMO-DEV-0597,DEMO-0597,24,LOW,Extended repair downtime; Older equipment,0,9
DEMO-DEV-0602,DEMO-0602,100,HIGH,Frequent repairs in last 365 days; Extended repair downtime; Repair cost high relative to purchase; Older equipment,8,32
DEMO-DEV-0606,DEMO-0606,10,LOW,Older equipment,0,0
DEMO-DEV-0625,DEMO-0625,31,LOW,Extended repair downtime; Older equipment,1,10
DEMO-DEV-0696,DEMO-0696,10,LOW,Older equipment,0,0
DEMO-DEV-0752,DEMO-0752,89,HIGH,Frequent repairs in last 365 days; Extended repair downtime; Older equipment,5,71
DEMO-DEV-0892,DEMO-0892,18,LOW,Extended repair downtime; Older equipment,0,8
DEMO-DEV-0902,DEMO-0902,10,LOW,Older equipment,0,0
DEMO-DEV-0953,DEMO-0953,10,LOW,Older equipment,0,0
DEMO-DEV-0968,DEMO-0968,10,LOW,Older equipment,0,0
DEMO-DEV-0975,DEMO-0975,28,LOW,Repair cost high relative to purchase; Older equipment,0,0
DEMO-DEV-0991,DEMO-0991,45,MEDIUM,Extended repair downtime; Repair cost high relative to purchase; Older equipment,1,13
DEMO-DEV-1003,DEMO-1003,23,LOW,Older equipment,1,0
DEMO-DEV-1034,DEMO-1034,50,MEDIUM,Extended repair downtime; Repair cost high relative to purchase; Older equipment,0,20
DEMO-DEV-1043,DEMO-1043,37,LOW,Extended repair downtime; Repair cost high relative to purchase; Older equipment,0,7
DEMO-DEV-1176,DEMO-1176,10,LOW,Older equipment,0,0
DEMO-DEV-1186,DEMO-1186,10,LOW,Older equipment,0,0
DEMO-DEV-1211,DEMO-1211,11,LOW,Older equipment,0,1
DEMO-DEV-1288,DEMO-1288,17,LOW,Extended repair downtime; Older equipment,0,7
DEMO-DEV-1373,DEMO-1373,34,LOW,Extended repair downtime; Older equipment,1,10
DEMO-DEV-1489,DEMO-1489,82,HIGH,Frequent repairs in last 365 days; Extended repair downtime; Older equipment,6,57
DEMO-DEV-1524,DEMO-1524,38,LOW,Extended repair downtime; Repair cost high relative to purchase; Older equipment,0,8
DEMO-DEV-1540,DEMO-1540,10,LOW,Older equipment,0,0
DEMO-DEV-1546,DEMO-1546,21,LOW,Repair cost high relative to purchase; Older equipment,0,0
DEMO-DEV-1585,DEMO-1585,21,LOW,Older equipment,1,0
DEMO-DEV-1637,DEMO-1637,10,LOW,Older equipment,0,0
DEMO-DEV-1657,DEMO-1657,10,LOW,Older equipment,0,0
DEMO-DEV-1663,DEMO-1663,10,LOW,Older equipment,0,0
DEMO-DEV-1828,DEMO-1828,100,HIGH,Frequent repairs in last 365 days; Extended repair downtime; Repair cost high relative to purchase; Older equipment,6,46
DEMO-DEV-1903,DEMO-1903,59,MEDIUM,Extended repair downtime; Repair cost high relative to purchase; Older equipment,1,19
DEMO-DEV-1974,DEMO-1974,23,LOW,Extended repair downtime; Older equipment,0,7
DEMO-DEV-1998,DEMO-1998,10,LOW,Older equipment,0,0
DEMO-DEV-2034,DEMO-2034,35,LOW,Repair cost high relative to purchase; Older equipment,0,5
DEMO-DEV-2106,DEMO-2106,26,LOW,Extended repair downtime; Older equipment,0,10
DEMO-DEV-2171,DEMO-2171,19,LOW,Extended repair downtime; Older equipment,0,9
DEMO-DEV-2187,DEMO-2187,10,LOW,Older equipment,0,0
DEMO-DEV-2232,DEMO-2232,99,HIGH,Frequent repairs in last 365 days; Extended repair downtime; Repair cost high relative to purchase; Older equipment,4,35
DEMO-DEV-2332,DEMO-2332,82,HIGH,Frequent repairs in last 365 days; Extended repair downtime; Older equipment,6,52
DEMO-DEV-2548,DEMO-2548,20,LOW,Older equipment,1,0
DEMO-DEV-2572,DEMO-2572,14,LOW,Older equipment,0,2
DEMO-DEV-2612,DEMO-2612,34,LOW,Frequent repairs in last 365 days; Older equipment,2,3
DEMO-DEV-2765,DEMO-2765,82,HIGH,Frequent repairs in last 365 days; Extended repair downtime; Older equipment,8,82
DEMO-DEV-2810,DEMO-2810,10,LOW,Older equipment,0,0
DEMO-DEV-2821,DEMO-2821,10,LOW,Older equipment,0,0
DEMO-DEV-2840,DEMO-2840,26,LOW,Older equipment,1,6
DEMO-DEV-2946,DEMO-2946,31,LOW,Repair cost high relative to purchase; Older equipment,0,1
DEMO-DEV-2970,DEMO-2970,30,LOW,Extended repair downtime; Older equipment,1,10
DEMO-DEV-2990,DEMO-2990,42,MEDIUM,Frequent repairs in last 365 days; Extended repair downtime; Older equipment,2,11
DEMO-DEV-3020,DEMO-3020,11,LOW,Older equipment,0,1
DEMO-DEV-3024,DEMO-3024,82,HIGH,Frequent repairs in last 365 days; Extended repair downtime; Older equipment,8,127
DEMO-DEV-3129,DEMO-3129,10,LOW,Older equipment,0,0
DEMO-DEV-3220,DEMO-3220,13,LOW,Older equipment,0,2
DEMO-DEV-3305,DEMO-3305,10,LOW,Older equipment,0,0
DEMO-DEV-3330,DEMO-3330,30,LOW,Extended repair downtime; Older equipment,1,9
DEMO-DEV-3466,DEMO-3466,10,LOW,Older equipment,0,0
DEMO-DEV-3500,DEMO-3500,28,LOW,Extended repair downtime; Older equipment,1,8
DEMO-DEV-3512,DEMO-3512,10,LOW,Older equipment,0,0
DEMO-DEV-3565,DEMO-3565,17,LOW,Older equipment,0,4
DEMO-DEV-3620,DEMO-3620,10,LOW,Older equipment,0,0
DEMO-DEV-3634,DEMO-3634,15,LOW,Older equipment,0,1
DEMO-DEV-3637,DEMO-3637,10,LOW,Older equipment,0,0
DEMO-DEV-3650,DEMO-3650,16,LOW,Older equipment,0,6
DEMO-DEV-3691,DEMO-3691,10,LOW,Older equipment,0,0
DEMO-DEV-3769,DEMO-3769,10,LOW,Older equipment,0,0
DEMO-DEV-3871,DEMO-3871,10,LOW,Older equipment,0,0
DEMO-DEV-3985,DEMO-3985,11,LOW,Older equipment,0,1
DEMO-DEV-4054,DEMO-4054,22,LOW,Extended repair downtime; Older equipment,0,8
DEMO-DEV-4092,DEMO-4092,10,LOW,Older equipment,0,0
DEMO-DEV-4101,DEMO-4101,10,LOW,Older equipment,0,0
DEMO-DEV-4201,DEMO-4201,18,LOW,Extended repair downtime; Older equipment,0,8
DEMO-DEV-4235,DEMO-4235,83,HIGH,Frequent repairs in last 365 days; Extended repair downtime; Older equipment,5,36
DEMO-DEV-4244,DEMO-4244,11,LOW,Older equipment,0,1
DEMO-DEV-4323,DEMO-4323,10,LOW,Older equipment,0,0
DEMO-DEV-4329,DEMO-4329,32,LOW,Repair cost high relative to purchase; Older equipment,0,2
DEMO-DEV-4460,DEMO-4460,38,LOW,Extended repair downtime; Older equipment,1,17
DEMO-DEV-4498,DEMO-4498,26,LOW,Older equipment,1,1
DEMO-DEV-4553,DEMO-4553,19,LOW,Extended repair downtime; Older equipment,0,8
DEMO-DEV-4585,DEMO-4585,24,LOW,Extended repair downtime; Older equipment,0,12
DEMO-DEV-4587,DEMO-4587,22,LOW,Extended repair downtime; Older equipment,0,7
DEMO-DEV-4643,DEMO-4643,33,LOW,Extended repair downtime; Repair cost high relative to purchase; Older equipment,0,9
DEMO-DEV-4664,DEMO-4664,10,LOW,Older equipment,0,0
DEMO-DEV-4696,DEMO-4696,12,LOW,Older equipment,0,0
DEMO-DEV-4706,DEMO-4706,25,LOW,Extended repair downtime; Older equipment,0,14
DEMO-DEV-4718,DEMO-4718,10,LOW,Older equipment,0,0
DEMO-DEV-4737,DEMO-4737,20,LOW,Extended repair downtime; Older equipment,0,9
DEMO-DEV-4766,DEMO-4766,10,LOW,Older equipment,0,0
DEMO-DEV-4797,DEMO-4797,35,LOW,Extended repair downtime; Older equipment,1,14
DEMO-DEV-4877,DEMO-4877,17,LOW,Older equipment,0,4
DEMO-DEV-4907,DEMO-4907,32,LOW,Extended repair downtime; Older equipment,1,12
DEMO-DEV-4985,DEMO-4985,10,LOW,Older equipment,0,0
DEMO-DEV-5010,DEMO-5010,27,LOW,Older equipment,1,6
DEMO-DEV-5106,DEMO-5106,39,LOW,Extended repair downtime; Older equipment,1,11
DEMO-DEV-5139,DEMO-5139,60,MEDIUM,Extended repair downtime; Repair cost high relative to purchase; Older equipment,1,20
DEMO-DEV-5179,DEMO-5179,10,LOW,Older equipment,0,0
DEMO-DEV-5195,DEMO-5195,10,LOW,Older equipment,0,0
DEMO-DEV-5345,DEMO-5345,42,MEDIUM,Extended repair downtime; Repair cost high relative to purchase; Older equipment,0,12
DEMO-DEV-5449,DEMO-5449,89,HIGH,Frequent repairs in last 365 days; Extended repair downtime; Older equipment,6,33
DEMO-DEV-5527,DEMO-5527,13,LOW,Older equipment,0,0
DEMO-DEV-5598,DEMO-5598,10,LOW,Older equipment,0,0
DEMO-DEV-5611,DEMO-5611,22,LOW,Extended repair downtime; Older equipment,0,10
DEMO-DEV-5686,DEMO-5686,84,HIGH,Frequent repairs in last 365 days; Extended repair downtime; Older equipment,4,67
DEMO-DEV-5749,DEMO-5749,21,LOW,Extended repair downtime; Older equipment,0,11
DEMO-DEV-5799,DEMO-5799,10,LOW,Older equipment,0,0
DEMO-DEV-5851,DEMO-5851,38,LOW,Frequent repairs in last 365 days; Extended repair downtime; Older equipment,2,7
DEMO-DEV-5859,DEMO-5859,10,LOW,Older equipment,0,0
DEMO-DEV-5902,DEMO-5902,10,LOW,Older equipment,0,0
DEMO-DEV-5921,DEMO-5921,20,LOW,Extended repair downtime; Older equipment,0,8
DEMO-DEV-5933,DEMO-5933,15,LOW,Older equipment,0,1
DEMO-DEV-5956,DEMO-5956,25,LOW,Extended repair downtime; Older equipment,0,10
DEMO-DEV-5965,DEMO-5965,20,LOW,Older equipment,1,0
DEMO-DEV-6039,DEMO-6039,10,LOW,Older equipment,0,0
DEMO-DEV-6043,DEMO-6043,10,LOW,Older equipment,0,0
DEMO-DEV-6103,DEMO-6103,16,LOW,Older equipment,0,4
DEMO-DEV-6109,DEMO-6109,10,LOW,Older equipment,0,0
DEMO-DEV-6118,DEMO-6118,10,LOW,Older equipment,0,0
DEMO-DEV-6122,DEMO-6122,10,LOW,Older equipment,0,0
DEMO-DEV-6192,DEMO-6192,21,LOW,Extended repair downtime; Older equipment,0,10
DEMO-DEV-6250,DEMO-6250,51,MEDIUM,Frequent repairs in last 365 days; Extended repair downtime; Older equipment,2,20
DEMO-DEV-6324,DEMO-6324,10,LOW,Older equipment,0,0
DEMO-DEV-6376,DEMO-6376,42,MEDIUM,Extended repair downtime; Older equipment,1,14
DEMO-DEV-6394,DEMO-6394,11,LOW,Older equipment,0,0
DEMO-DEV-6459,DEMO-6459,10,LOW,Older equipment,0,0
DEMO-DEV-6519,DEMO-6519,36,LOW,Frequent repairs in last 365 days; Older equipment,2,3
DEMO-DEV-6533,DEMO-6533,19,LOW,Extended repair downtime; Older equipment,0,8
DEMO-DEV-6580,DEMO-6580,34,LOW,Extended repair downtime; Older equipment,1,13
DEMO-DEV-6604,DEMO-6604,31,LOW,Repair cost high relative to purchase; Older equipment,0,1
DEMO-DEV-6610,DEMO-6610,10,LOW,Older equipment,0,0
DEMO-DEV-6640,DEMO-6640,32,LOW,Extended repair downtime; Older equipment,1,9
DEMO-DEV-6653,DEMO-6653,34,LOW,Extended repair downtime; Older equipment,0,20
DEMO-DEV-6708,DEMO-6708,16,LOW,Older equipment,0,1
DEMO-DEV-6771,DEMO-6771,100,HIGH,Frequent repairs in last 365 days; Extended repair downtime; Repair cost high relative to purchase; Older equipment,7,66
DEMO-DEV-6786,DEMO-6786,83,HIGH,Frequent repairs in last 365 days; Extended repair downtime; Older equipment,6,84
DEMO-DEV-6856,DEMO-6856,22,LOW,Extended repair downtime; Older equipment,0,11
DEMO-DEV-6888,DEMO-6888,54,MEDIUM,Extended repair downtime; Repair cost high relative to purchase; Older equipment,1,22
DEMO-DEV-6900,DEMO-6900,32,LOW,Extended repair downtime; Older equipment,1,12
DEMO-DEV-6926,DEMO-6926,10,LOW,Older equipment,0,0
DEMO-DEV-6983,DEMO-6983,40,MEDIUM,Repair cost high relative to purchase; Older equipment,1,0
DEMO-DEV-7126,DEMO-7126,10,LOW,Older equipment,0,0
DEMO-DEV-7218,DEMO-7218,10,LOW,Older equipment,0,0
DEMO-DEV-7243,DEMO-7243,41,MEDIUM,Extended repair downtime; Older equipment,1,13
DEMO-DEV-7357,DEMO-7357,10,LOW,Older equipment,0,0
DEMO-DEV-7501,DEMO-7501,27,LOW,Older equipment,1,0
DEMO-DEV-7544,DEMO-7544,100,HIGH,Frequent repairs in last 365 days; Extended repair downtime; Repair cost high relative to purchase; Older equipment,5,39
DEMO-DEV-7606,DEMO-7606,10,LOW,Older equipment,0,0
DEMO-DEV-7616,DEMO-7616,10,LOW,Older equipment,0,0
DEMO-DEV-7644,DEMO-7644,32,LOW,Older equipment,1,3
DEMO-DEV-7670,DEMO-7670,17,LOW,Extended repair downtime; Older equipment,0,7
DEMO-DEV-7697,DEMO-7697,20,LOW,Older equipment,0,5
DEMO-DEV-7755,DEMO-7755,18,LOW,Older equipment,0,1
DEMO-DEV-7839,DEMO-7839,81,HIGH,Frequent repairs in last 365 days; Extended repair downtime; Older equipment,4,54
DEMO-DEV-7916,DEMO-7916,83,HIGH,Frequent repairs in last 365 days; Extended repair downtime; Older equipment,4,32
DEMO-DEV-7923,DEMO-7923,100,HIGH,Frequent repairs in last 365 days; Extended repair downtime; Repair cost high relative to purchase; Older equipment,5,33
DEMO-DEV-7941,DEMO-7941,18,LOW,Extended repair downtime; Older equipment,0,7
DEMO-DEV-8129,DEMO-8129,26,LOW,Older equipment,1,6
DEMO-DEV-8157,DEMO-8157,32,LOW,Repair cost high relative to purchase; Older equipment,0,2
DEMO-DEV-8227,DEMO-8227,19,LOW,Older equipment,0,1
DEMO-DEV-8239,DEMO-8239,22,LOW,Extended repair downtime; Older equipment,0,11
DEMO-DEV-8252,DEMO-8252,87,HIGH,Frequent repairs in last 365 days; Extended repair downtime; Older equipment,8,102
DEMO-DEV-8268,DEMO-8268,40,MEDIUM,Extended repair downtime; Repair cost high relative to purchase; Older equipment,0,10
DEMO-DEV-8282,DEMO-8282,10,LOW,Older equipment,0,0
DEMO-DEV-8302,DEMO-8302,10,LOW,Older equipment,0,0
DEMO-DEV-8423,DEMO-8423,24,LOW,Older equipment,1,3
DEMO-DEV-8448,DEMO-8448,27,LOW,Extended repair downtime; Older equipment,0,9
DEMO-DEV-8472,DEMO-8472,10,LOW,Older equipment,0,0
DEMO-DEV-8488,DEMO-8488,23,LOW,Older equipment,0,5
DEMO-DEV-8586,DEMO-8586,10,LOW,Older equipment,0,0
DEMO-DEV-8611,DEMO-8611,26,LOW,Repair cost high relative to purchase; Older equipment,0,1
DEMO-DEV-8635,DEMO-8635,22,LOW,Extended repair downtime; Older equipment,0,9
DEMO-DEV-8716,DEMO-8716,26,LOW,Older equipment,1,5
DEMO-DEV-8743,DEMO-8743,15,LOW,Older equipment,0,3
DEMO-DEV-8756,DEMO-8756,100,HIGH,Frequent repairs in last 365 days; Extended repair downtime; Repair cost high relative to purchase; Older equipment,8,73
DEMO-DEV-8765,DEMO-8765,10,LOW,Older equipment,0,0
DEMO-DEV-8814,DEMO-8814,10,LOW,Older equipment,0,0
DEMO-DEV-8824,DEMO-8824,31,LOW,Extended repair downtime; Older equipment,1,10
DEMO-DEV-8849,DEMO-8849,22,LOW,Older equipment,1,1
DEMO-DEV-9051,DEMO-9051,36,LOW,Frequent repairs in last 365 days; Older equipment,2,5
DEMO-DEV-9062,DEMO-9062,15,LOW,Older equipment,0,5
DEMO-DEV-9068,DEMO-9068,10,LOW,Older equipment,0,0
DEMO-DEV-9070,DEMO-9070,32,LOW,Repair cost high relative to purchase; Older equipment,0,4
DEMO-DEV-9132,DEMO-9132,100,HIGH,Frequent repairs in last 365 days; Extended repair downtime; Repair cost high relative to purchase; Older equipment,6,50
DEMO-DEV-9137,DEMO-9137,10,LOW,Older equipment,0,0
DEMO-DEV-9160,DEMO-9160,10,LOW,Older equipment,0,0
DEMO-DEV-9163,DEMO-9163,17,LOW,Extended repair downtime; Older equipment,0,7
DEMO-DEV-9268,DEMO-9268,19,LOW,Extended repair downtime; Older equipment,0,9
DEMO-DEV-9333,DEMO-9333,10,LOW,Older equipment,0,0
DEMO-DEV-9359,DEMO-9359,27,LOW,Extended repair downtime; Older equipment,1,7
DEMO-DEV-9391,DEMO-9391,24,LOW,Older equipment,1,3
DEMO-DEV-9533,DEMO-9533,52,MEDIUM,Frequent repairs in last 365 days; Repair cost high relative to purchase; Older equipment,2,5
DEMO-DEV-9561,DEMO-9561,21,LOW,Extended repair downtime; Older equipment,0,7
DEMO-DEV-9612,DEMO-9612,100,HIGH,Frequent repairs in last 365 days; Extended repair downtime; Repair cost high relative to purchase; Older equipment,5,39
DEMO-DEV-9639,DEMO-9639,22,LOW,Extended repair downtime; Older equipment,0,7
DEMO-DEV-9728,DEMO-9728,30,LOW,Repair cost high relative to purchase; Older equipment,0,0
DEMO-DEV-9759,DEMO-9759,10,LOW,Older equipment,0,0
DEMO-DEV-9776,DEMO-9776,48,MEDIUM,Extended repair downtime; Repair cost high relative to purchase; Older equipment,0,18
DEMO-DEV-9797,DEMO-9797,84,HIGH,Frequent repairs in last 365 days; Extended repair downtime; Older equipment,4,61
DEMO-DEV-9842,DEMO-9842,100,HIGH,Frequent repairs in last 365 days; Extended repair downtime; Repair cost high relative to purchase; Older equipment,6,49
DEMO-DEV-9954,DEMO-9954,10,LOW,Older equipment,0,0
DEMO-DEV-0013,DEMO-0013,10,LOW,Older equipment,0,0
DEMO-DEV-4563,DEMO-4563,9,LOW,Older equipment,0,0
DEMO-DEV-4564,DEMO-4564,90,HIGH,Frequent repairs in last 365 days; Extended repair downtime; Repair cost high relative to purchase,6,71
DEMO-DEV-4566,DEMO-4566,13,LOW,Extended repair downtime,0,8
DEMO-DEV-4567,DEMO-4567,37,LOW,Extended repair downtime; Repair cost high relative to purchase; Older equipment,0,9
DEMO-DEV-8310,DEMO-8310,4,LOW,"",0,0
DEMO-DEV-8311,DEMO-8311,80,HIGH,Frequent repairs in last 365 days; Extended repair downtime; Older equipment,4,54
DEMO-DEV-8312,DEMO-8312,0,LOW,"",0,0
DEMO-DEV-8314,DEMO-8314,5,LOW,"",0,0
DEMO-DEV-8318,DEMO-8318,47,MEDIUM,Frequent repairs in last 365 days; Extended repair downtime; Repair cost high relative to purchase,2,7
DEMO-DEV-8324,DEMO-8324,50,MEDIUM,Extended repair downtime; Repair cost high relative to purchase; Older equipment,1,13
DEMO-DEV-8325,DEMO-8325,23,LOW,Extended repair downtime,1,12
DEMO-DEV-8333,DEMO-8333,96,HIGH,Frequent repairs in last 365 days; Extended repair downtime; Repair cost high relative to purchase,6,37
DEMO-DEV-0002,DEMO-0002,65,MEDIUM,Frequent repairs in last 365 days; Extended repair downtime; Repair cost high relative to purchase; Older equipment,2,16
DEMO-DEV-0004,DEMO-0004,4,LOW,"",0,0
DEMO-DEV-0009,DEMO-0009,9,LOW,Older equipment,0,0
DEMO-DEV-0010,DEMO-0010,6,LOW,"",0,0
DEMO-DEV-0011,DEMO-0011,84,HIGH,Frequent repairs in last 365 days; Extended repair downtime; Older equipment,4,49
DEMO-DEV-0022,DEMO-0022,28,LOW,Repair cost high relative to purchase,1,0
DEMO-DEV-0023,DEMO-0023,19,LOW,"",1,6
DEMO-DEV-0035,DEMO-0035,15,LOW,Extended repair downtime,0,12
DEMO-DEV-0050,DEMO-0050,27,LOW,"",1,5
DEMO-DEV-0051,DEMO-0051,6,LOW,"",0,0
DEMO-DEV-0053,DEMO-0053,29,LOW,Extended repair downtime,1,13
DEMO-DEV-0063,DEMO-0063,5,LOW,"",0,0
DEMO-DEV-0064,DEMO-0064,17,LOW,Repair cost high relative to purchase; Older equipment,0,0
DEMO-DEV-0078,DEMO-0078,56,MEDIUM,Extended repair downtime; Repair cost high relative to purchase; Older equipment,1,18
DEMO-DEV-0079,DEMO-0079,13,LOW,Extended repair downtime,0,11
DEMO-DEV-0080,DEMO-0080,3,LOW,"",0,0
DEMO-DEV-0092,DEMO-0092,16,LOW,Extended repair downtime,0,10
DEMO-DEV-0105,DEMO-0105,48,MEDIUM,Extended repair downtime; Repair cost high relative to purchase,1,17
DEMO-DEV-0106,DEMO-0106,2,LOW,"",0,0
DEMO-DEV-0107,DEMO-0107,4,LOW,"",0,0
DEMO-DEV-0119,DEMO-0119,15,LOW,"",1,0
DEMO-DEV-0120,DEMO-0120,20,LOW,Extended repair downtime,1,8
DEMO-DEV-0134,DEMO-0134,34,LOW,Extended repair downtime; Repair cost high relative to purchase,0,8
DEMO-DEV-0135,DEMO-0135,38,LOW,Extended repair downtime; Repair cost high relative to purchase,1,10
DEMO-DEV-0148,DEMO-0148,8,LOW,Older equipment,0,0
DEMO-DEV-0149,DEMO-0149,10,LOW,Older equipment,0,0
DEMO-DEV-0151,DEMO-0151,6,LOW,"",0,0
DEMO-DEV-0162,DEMO-0162,16,LOW,Extended repair downtime,0,12
DEMO-DEV-0163,DEMO-0163,41,MEDIUM,Frequent repairs in last 365 days; Extended repair downtime,2,10
DEMO-DEV-0164,DEMO-0164,96,HIGH,Frequent repairs in last 365 days; Extended repair downtime; Repair cost high relative to purchase; Older equipment,6,63
DEMO-DEV-0166,DEMO-0166,5,LOW,"",0,0
DEMO-DEV-0175,DEMO-0175,8,LOW,Older equipment,0,0
DEMO-DEV-0176,DEMO-0176,15,LOW,Extended repair downtime,0,12
DEMO-DEV-0189,DEMO-0189,13,LOW,"",1,0
DEMO-DEV-0203,DEMO-0203,28,LOW,Extended repair downtime; Repair cost high relative to purchase,1,7
DEMO-DEV-0204,DEMO-0204,74,HIGH,Frequent repairs in last 365 days; Extended repair downtime,7,77
DEMO-DEV-0205,DEMO-0205,5,LOW,"",0,0
DEMO-DEV-0218,DEMO-0218,7,LOW,Older equipment,0,0
DEMO-DEV-0219,DEMO-0219,5,LOW,"",0,0
DEMO-DEV-0222,DEMO-0222,26,LOW,Repair cost high relative to purchase,0,2
DEMO-DEV-0223,DEMO-0223,24,LOW,"",1,5
DEMO-DEV-0230,DEMO-0230,2,LOW,"",0,0
DEMO-DEV-0231,DEMO-0231,9,LOW,Older equipment,0,0
DEMO-DEV-0233,DEMO-0233,19,LOW,Extended repair downtime; Older equipment,0,9
DEMO-DEV-0244,DEMO-0244,23,LOW,Extended repair downtime,0,12
DEMO-DEV-0245,DEMO-0245,20,LOW,Extended repair downtime; Older equipment,0,11
DEMO-DEV-0272,DEMO-0272,9,LOW,Older equipment,0,0
DEMO-DEV-0273,DEMO-0273,28,LOW,Extended repair downtime; Older equipment,0,10
DEMO-DEV-0274,DEMO-0274,21,LOW,Extended repair downtime,0,14
DEMO-DEV-0286,DEMO-0286,9,LOW,Older equipment,0,0
DEMO-DEV-0288,DEMO-0288,16,LOW,Extended repair downtime,0,10
DEMO-DEV-0300,DEMO-0300,22,LOW,Extended repair downtime; Older equipment,0,12
DEMO-DEV-0314,DEMO-0314,24,LOW,Extended repair downtime,1,9
DEMO-DEV-0315,DEMO-0315,8,LOW,Older equipment,0,0
DEMO-DEV-0318,DEMO-0318,31,LOW,Extended repair downtime,1,18
DEMO-DEV-0328,DEMO-0328,2,LOW,"",0,0
DEMO-DEV-0342,DEMO-0342,38,LOW,Extended repair downtime; Repair cost high relative to purchase; Older equipment,0,10
DEMO-DEV-0343,DEMO-0343,1,LOW,"",0,0
DEMO-DEV-0344,DEMO-0344,3,LOW,"",0,0
DEMO-DEV-0355,DEMO-0355,9,LOW,Older equipment,0,0
DEMO-DEV-0356,DEMO-0356,88,HIGH,Frequent repairs in last 365 days; Extended repair downtime; Repair cost high relative to purchase,4,26
DEMO-DEV-0357,DEMO-0357,30,LOW,Extended repair downtime,1,12
DEMO-DEV-0358,DEMO-0358,42,MEDIUM,Repair cost high relative to purchase,1,6
DEMO-DEV-0360,DEMO-0360,1,LOW,"",0,0
DEMO-DEV-0370,DEMO-0370,2,LOW,"",0,0
DEMO-DEV-0372,DEMO-0372,7,LOW,Older equipment,0,0
DEMO-DEV-0373,DEMO-0373,17,LOW,Extended repair downtime,0,11
DEMO-DEV-0374,DEMO-0374,13,LOW,Extended repair downtime,0,12
DEMO-DEV-0382,DEMO-0382,3,LOW,"",0,0
DEMO-DEV-0397,DEMO-0397,1,LOW,"",0,0
DEMO-DEV-0399,DEMO-0399,1,LOW,"",0,0
DEMO-DEV-0412,DEMO-0412,7,LOW,"",0,2
DEMO-DEV-0413,DEMO-0413,39,LOW,Repair cost high relative to purchase,1,5
DEMO-DEV-0426,DEMO-0426,7,LOW,"",0,5
DEMO-DEV-0428,DEMO-0428,14,LOW,"",1,0
DEMO-DEV-0429,DEMO-0429,4,LOW,"",0,0
DEMO-DEV-0430,DEMO-0430,6,LOW,"",0,0
DEMO-DEV-0439,DEMO-0439,2,LOW,"",0,0
DEMO-DEV-0453,DEMO-0453,1,LOW,"",0,0
DEMO-DEV-0455,DEMO-0455,4,LOW,"",0,0
DEMO-DEV-0466,DEMO-0466,13,LOW,Extended repair downtime,0,7
DEMO-DEV-0467,DEMO-0467,5,LOW,"",0,0
DEMO-DEV-0468,DEMO-0468,6,LOW,"",0,0
DEMO-DEV-0479,DEMO-0479,8,LOW,"",0,4
DEMO-DEV-0507,DEMO-0507,9,LOW,Older equipment,0,0
DEMO-DEV-0509,DEMO-0509,9,LOW,Older equipment,0,0
DEMO-DEV-0510,DEMO-0510,38,LOW,Extended repair downtime; Repair cost high relative to purchase; Older equipment,1,7
DEMO-DEV-0521,DEMO-0521,4,LOW,"",0,0
DEMO-DEV-0522,DEMO-0522,5,LOW,"",0,0
DEMO-DEV-0535,DEMO-0535,10,LOW,Older equipment,0,0
DEMO-DEV-0536,DEMO-0536,15,LOW,"",1,0
DEMO-DEV-0537,DEMO-0537,15,LOW,Extended repair downtime,0,12
DEMO-DEV-0550,DEMO-0550,12,LOW,"",0,5
DEMO-DEV-0551,DEMO-0551,3,LOW,"",0,0
DEMO-DEV-0553,DEMO-0553,18,LOW,Extended repair downtime; Older equipment,0,10
DEMO-DEV-0563,DEMO-0563,31,LOW,Extended repair downtime; Repair cost high relative to purchase,0,15
DEMO-DEV-0566,DEMO-0566,99,HIGH,Frequent repairs in last 365 days; Extended repair downtime; Repair cost high relative to purchase; Older equipment,7,125
DEMO-DEV-0577,DEMO-0577,2,LOW,"",0,0
DEMO-DEV-0580,DEMO-0580,8,LOW,Older equipment,0,0
DEMO-DEV-0591,DEMO-0591,3,LOW,"",0,0
DEMO-DEV-0605,DEMO-0605,13,LOW,Extended repair downtime,0,11
DEMO-DEV-0620,DEMO-0620,26,LOW,Extended repair downtime; Older equipment,0,15
DEMO-DEV-0621,DEMO-0621,10,LOW,Older equipment,0,0
DEMO-DEV-0623,DEMO-0623,2,LOW,"",0,0
DEMO-DEV-0637,DEMO-0637,16,LOW,Older equipment,0,0
DEMO-DEV-0638,DEMO-0638,17,LOW,"",1,4
DEMO-DEV-0640,DEMO-0640,98,HIGH,Frequent repairs in last 365 days; Extended repair downtime; Repair cost high relative to purchase; Older equipment,5,57
DEMO-DEV-0641,DEMO-0641,22,LOW,Extended repair downtime,1,9
DEMO-DEV-0643,DEMO-0643,8,LOW,Older equipment,0,0
DEMO-DEV-0646,DEMO-0646,18,LOW,"",1,4
DEMO-DEV-0647,DEMO-0647,25,LOW,Extended repair downtime; Older equipment,0,12
DEMO-DEV-0648,DEMO-0648,10,LOW,"",0,0
DEMO-DEV-0661,DEMO-0661,25,LOW,Extended repair downtime; Repair cost high relative to purchase,0,13
DEMO-DEV-0663,DEMO-0663,2,LOW,"",0,0
DEMO-DEV-0665,DEMO-0665,18,LOW,Extended repair downtime; Older equipment,0,8
DEMO-DEV-0675,DEMO-0675,6,LOW,"",0,0
DEMO-DEV-0689,DEMO-0689,2,LOW,"",0,0
DEMO-DEV-0690,DEMO-0690,10,LOW,"",0,3
DEMO-DEV-0703,DEMO-0703,17,LOW,Older equipment,0,4
DEMO-DEV-0717,DEMO-0717,3,LOW,"",0,0
DEMO-DEV-0718,DEMO-0718,47,MEDIUM,Extended repair downtime; Repair cost high relative to purchase,0,22
DEMO-DEV-0719,DEMO-0719,24,LOW,Extended repair downtime; Repair cost high relative to purchase,0,8
DEMO-DEV-0721,DEMO-0721,5,LOW,"",0,0
DEMO-DEV-0722,DEMO-0722,2,LOW,"",0,0
DEMO-DEV-0730,DEMO-0730,15,LOW,Extended repair downtime; Older equipment,0,7
DEMO-DEV-0731,DEMO-0731,35,LOW,Extended repair downtime,1,12
DEMO-DEV-0733,DEMO-0733,28,LOW,Extended repair downtime; Repair cost high relative to purchase,0,11
DEMO-DEV-0736,DEMO-0736,53,MEDIUM,Extended repair downtime; Repair cost high relative to purchase,1,19
DEMO-DEV-0745,DEMO-0745,2,LOW,"",0,0
DEMO-DEV-0746,DEMO-0746,9,LOW,Older equipment,0,0
DEMO-DEV-0747,DEMO-0747,32,LOW,Extended repair downtime,1,11
DEMO-DEV-0748,DEMO-0748,15,LOW,Extended repair downtime,0,8
DEMO-DEV-0750,DEMO-0750,39,LOW,Extended repair downtime; Repair cost high relative to purchase,0,15
DEMO-DEV-0754,DEMO-0754,21,LOW,Extended repair downtime,0,17
DEMO-DEV-0759,DEMO-0759,36,LOW,Extended repair downtime; Older equipment,1,15
DEMO-DEV-0760,DEMO-0760,19,LOW,"",1,3
DEMO-DEV-0773,DEMO-0773,12,LOW,Older equipment,0,2
DEMO-DEV-0772,DEMO-0772,8,LOW,Older equipment,0,0
DEMO-DEV-0774,DEMO-0774,1,LOW,"",0,0
DEMO-DEV-0775,DEMO-0775,78,HIGH,Frequent repairs in last 365 days; Extended repair downtime,8,77
DEMO-DEV-0786,DEMO-0786,34,LOW,Extended repair downtime; Repair cost high relative to purchase,1,10
DEMO-DEV-0800,DEMO-0800,11,LOW,Extended repair downtime,0,8
DEMO-DEV-0802,DEMO-0802,3,LOW,"",0,0
DEMO-DEV-0803,DEMO-0803,5,LOW,"",0,0
DEMO-DEV-0814,DEMO-0814,37,LOW,Extended repair downtime; Repair cost high relative to purchase; Older equipment,1,7
DEMO-DEV-0816,DEMO-0816,4,LOW,"",0,0
DEMO-DEV-0818,DEMO-0818,2,LOW,"",0,0
DEMO-DEV-0827,DEMO-0827,19,LOW,Extended repair downtime,0,8
DEMO-DEV-0828,DEMO-0828,23,LOW,Extended repair downtime; Older equipment,0,12
DEMO-DEV-0829,DEMO-0829,4,LOW,"",0,0
DEMO-DEV-0830,DEMO-0830,15,LOW,Extended repair downtime,0,12
DEMO-DEV-0841,DEMO-0841,0,LOW,"",0,0
DEMO-DEV-0842,DEMO-0842,6,LOW,"",0,0
DEMO-DEV-0843,DEMO-0843,1,LOW,"",0,0
DEMO-DEV-0856,DEMO-0856,9,LOW,Older equipment,0,0
DEMO-DEV-0858,DEMO-0858,18,LOW,"",0,5
DEMO-DEV-0859,DEMO-0859,33,LOW,Repair cost high relative to purchase; Older equipment,0,6
DEMO-DEV-0863,DEMO-0863,4,LOW,"",0,0
DEMO-DEV-0864,DEMO-0864,45,MEDIUM,Extended repair downtime; Repair cost high relative to purchase,1,10
DEMO-DEV-0868,DEMO-0868,17,LOW,Older equipment,1,0
DEMO-DEV-0869,DEMO-0869,10,LOW,Older equipment,0,0
DEMO-DEV-0870,DEMO-0870,31,LOW,Extended repair downtime; Older equipment,1,12
DEMO-DEV-0882,DEMO-0882,42,MEDIUM,Extended repair downtime,1,20
DEMO-DEV-0883,DEMO-0883,5,LOW,"",0,0
DEMO-DEV-0896,DEMO-0896,2,LOW,"",0,0
DEMO-DEV-0897,DEMO-0897,3,LOW,"",0,0
DEMO-DEV-0899,DEMO-0899,45,MEDIUM,Extended repair downtime; Repair cost high relative to purchase,1,12
DEMO-DEV-0910,DEMO-0910,10,LOW,"",0,3
DEMO-DEV-0911,DEMO-0911,27,LOW,Extended repair downtime,1,15
DEMO-DEV-0912,DEMO-0912,20,LOW,Extended repair downtime,1,8
DEMO-DEV-0914,DEMO-0914,1,LOW,"",0,0
DEMO-DEV-0924,DEMO-0924,77,HIGH,Frequent repairs in last 365 days; Extended repair downtime,7,95
DEMO-DEV-0925,DEMO-0925,6,LOW,"",0,0
DEMO-DEV-0926,DEMO-0926,12,LOW,Extended repair downtime,0,8
DEMO-DEV-0952,DEMO-0952,54,MEDIUM,Frequent repairs in last 365 days; Extended repair downtime; Repair cost high relative to purchase,2,11
DEMO-DEV-0954,DEMO-0954,45,MEDIUM,Extended repair downtime; Repair cost high relative to purchase,1,11
DEMO-DEV-0955,DEMO-0955,5,LOW,"",0,0
DEMO-DEV-0966,DEMO-0966,24,LOW,Extended repair downtime,1,12
DEMO-DEV-0969,DEMO-0969,1,LOW,"",0,0
DEMO-DEV-0972,DEMO-0972,30,LOW,Extended repair downtime,1,8
DEMO-DEV-0981,DEMO-0981,3,LOW,"",0,0
DEMO-DEV-0982,DEMO-0982,19,LOW,Older equipment,0,3
DEMO-DEV-0983,DEMO-0983,9,LOW,Older equipment,0,0
DEMO-DEV-0985,DEMO-0985,39,LOW,Extended repair downtime; Repair cost high relative to purchase,0,15
DEMO-DEV-0988,DEMO-0988,1,LOW,"",0,0
DEMO-DEV-0994,DEMO-0994,10,LOW,Older equipment,0,0
DEMO-DEV-1007,DEMO-1007,4,LOW,"",0,1
DEMO-DEV-1008,DEMO-1008,28,LOW,Older equipment,1,5
DEMO-DEV-1010,DEMO-1010,9,LOW,Older equipment,0,0
DEMO-DEV-1021,DEMO-1021,11,LOW,"",0,5
DEMO-DEV-1022,DEMO-1022,6,LOW,"",0,0
DEMO-DEV-1023,DEMO-1023,7,LOW,"",0,0
DEMO-DEV-1035,DEMO-1035,12,LOW,"",0,5
DEMO-DEV-1036,DEMO-1036,0,LOW,"",0,0
DEMO-DEV-1038,DEMO-1038,19,LOW,Extended repair downtime,0,17
DEMO-DEV-1039,DEMO-1039,36,LOW,Repair cost high relative to purchase,1,1
DEMO-DEV-1040,DEMO-1040,13,LOW,Repair cost high relative to purchase,0,0
DEMO-DEV-1049,DEMO-1049,17,LOW,Older equipment,0,1
DEMO-DEV-1050,DEMO-1050,22,LOW,Extended repair downtime,1,11
DEMO-DEV-1064,DEMO-1064,3,LOW,"",0,0
DEMO-DEV-1065,DEMO-1065,0,LOW,"",0,0
DEMO-DEV-1068,DEMO-1068,5,LOW,"",0,0
DEMO-DEV-1078,DEMO-1078,10,LOW,Older equipment,0,0
DEMO-DEV-1077,DEMO-1077,9,LOW,"",0,2
DEMO-DEV-1080,DEMO-1080,22,LOW,Extended repair downtime,0,12
DEMO-DEV-1082,DEMO-1082,18,LOW,Extended repair downtime; Older equipment,0,9
DEMO-DEV-1091,DEMO-1091,3,LOW,"",0,0
DEMO-DEV-1106,DEMO-1106,5,LOW,"",0,0
DEMO-DEV-1108,DEMO-1108,8,LOW,"",0,5
DEMO-DEV-1109,DEMO-1109,2,LOW,"",0,0
DEMO-DEV-1110,DEMO-1110,27,LOW,Extended repair downtime; Repair cost high relative to purchase; Older equipment,0,8
DEMO-DEV-1120,DEMO-1120,0,LOW,"",0,0
DEMO-DEV-1122,DEMO-1122,9,LOW,Older equipment,0,0
DEMO-DEV-1124,DEMO-1124,28,LOW,Repair cost high relative to purchase,1,0
DEMO-DEV-1126,DEMO-1126,10,LOW,"",0,1
DEMO-DEV-1127,DEMO-1127,7,LOW,"",0,5
DEMO-DEV-1133,DEMO-1133,2,LOW,"",0,0
DEMO-DEV-1147,DEMO-1147,10,LOW,"",0,3
DEMO-DEV-1148,DEMO-1148,38,LOW,Extended repair downtime,1,22
DEMO-DEV-1150,DEMO-1150,12,LOW,Extended repair downtime,0,8
DEMO-DEV-1151,DEMO-1151,3,LOW,"",0,0
DEMO-DEV-1155,DEMO-1155,98,HIGH,Frequent repairs in last 365 days; Extended repair downtime; Repair cost high relative to purchase; Older equipment,8,56
DEMO-DEV-1161,DEMO-1161,13,LOW,Older equipment,0,4
DEMO-DEV-1163,DEMO-1163,29,LOW,Extended repair downtime; Older equipment,1,7
DEMO-DEV-1164,DEMO-1164,7,LOW,"",0,0
DEMO-DEV-1174,DEMO-1174,36,LOW,Frequent repairs in last 365 days; Extended repair downtime,2,8
DEMO-DEV-1175,DEMO-1175,16,LOW,Extended repair downtime; Older equipment,0,8
DEMO-DEV-1177,DEMO-1177,2,LOW,"",0,0
DEMO-DEV-1178,DEMO-1178,8,LOW,Older equipment,0,0
DEMO-DEV-1190,DEMO-1190,22,LOW,Older equipment,1,0
DEMO-DEV-1188,DEMO-1188,6,LOW,"",0,0
DEMO-DEV-1191,DEMO-1191,5,LOW,"",0,0
DEMO-DEV-1201,DEMO-1201,35,LOW,Extended repair downtime; Older equipment,1,8
DEMO-DEV-1203,DEMO-1203,18,LOW,Extended repair downtime,0,7
DEMO-DEV-1219,DEMO-1219,23,LOW,Older equipment,1,0
DEMO-DEV-1220,DEMO-1220,3,LOW,"",0,0
DEMO-DEV-1222,DEMO-1222,9,LOW,"",0,4
DEMO-DEV-1223,DEMO-1223,7,LOW,"",0,4
DEMO-DEV-1224,DEMO-1224,5,LOW,"",0,0
DEMO-DEV-1229,DEMO-1229,49,MEDIUM,Extended repair downtime; Repair cost high relative to purchase; Older equipment,0,20
DEMO-DEV-1230,DEMO-1230,26,LOW,Extended repair downtime; Older equipment,1,7
DEMO-DEV-1231,DEMO-1231,5,LOW,"",0,0
DEMO-DEV-1243,DEMO-1243,12,LOW,Extended repair downtime,0,9
DEMO-DEV-1260,DEMO-1260,31,LOW,Extended repair downtime; Older equipment,0,21
DEMO-DEV-1261,DEMO-1261,3,LOW,"",0,0
DEMO-DEV-1262,DEMO-1262,33,LOW,Extended repair downtime,1,17
DEMO-DEV-1264,DEMO-1264,11,LOW,"",0,4
DEMO-DEV-1266,DEMO-1266,2,LOW,"",0,0
DEMO-DEV-1271,DEMO-1271,11,LOW,Older equipment,0,1
DEMO-DEV-1286,DEMO-1286,33,LOW,Extended repair downtime,1,13
DEMO-DEV-1300,DEMO-1300,44,MEDIUM,Frequent repairs in last 365 days; Extended repair downtime,2,13
DEMO-DEV-1314,DEMO-1314,3,LOW,"",0,0
DEMO-DEV-1316,DEMO-1316,19,LOW,Extended repair downtime; Older equipment,0,9
DEMO-DEV-1317,DEMO-1317,7,LOW,Older equipment,0,0
DEMO-DEV-1319,DEMO-1319,1,LOW,"",0,0
DEMO-DEV-1321,DEMO-1321,9,LOW,Older equipment,0,0
DEMO-DEV-1327,DEMO-1327,3,LOW,"",0,0
DEMO-DEV-1355,DEMO-1355,11,LOW,Older equipment,0,2
DEMO-DEV-1370,DEMO-1370,15,LOW,"",1,4
DEMO-DEV-1371,DEMO-1371,6,LOW,"",0,0
DEMO-DEV-1383,DEMO-1383,51,MEDIUM,Frequent repairs in last 365 days; Extended repair downtime; Repair cost high relative to purchase,2,10
DEMO-DEV-1386,DEMO-1386,21,LOW,"",1,4
DEMO-DEV-1387,DEMO-1387,11,LOW,Older equipment,0,0
DEMO-DEV-1397,DEMO-1397,46,MEDIUM,Extended repair downtime; Repair cost high relative to purchase,1,13
DEMO-DEV-1398,DEMO-1398,26,LOW,Extended repair downtime,0,20
DEMO-DEV-1399,DEMO-1399,9,LOW,Older equipment,0,0
DEMO-DEV-1401,DEMO-1401,9,LOW,Older equipment,0,0
DEMO-DEV-1403,DEMO-1403,10,LOW,Extended repair downtime,0,9
DEMO-DEV-1413,DEMO-1413,30,LOW,Extended repair downtime; Older equipment,1,11
DEMO-DEV-1414,DEMO-1414,8,LOW,"",0,0
DEMO-DEV-1415,DEMO-1415,9,LOW,Older equipment,0,0
DEMO-DEV-1416,DEMO-1416,48,MEDIUM,Extended repair downtime; Repair cost high relative to purchase,1,13
DEMO-DEV-1425,DEMO-1425,6,LOW,"",0,0
DEMO-DEV-1426,DEMO-1426,19,LOW,"",1,6
DEMO-DEV-1427,DEMO-1427,9,LOW,Older equipment,0,0
DEMO-DEV-1438,DEMO-1438,1,LOW,"",0,0
DEMO-DEV-1440,DEMO-1440,6,LOW,"",0,4
DEMO-DEV-1453,DEMO-1453,12,LOW,"",0,1
DEMO-DEV-1454,DEMO-1454,6,LOW,"",0,5
DEMO-DEV-1455,DEMO-1455,11,LOW,Extended repair downtime,0,7
DEMO-DEV-1466,DEMO-1466,34,LOW,Extended repair downtime,1,17
DEMO-DEV-1469,DEMO-1469,21,LOW,Older equipment,1,1
DEMO-DEV-1470,DEMO-1470,18,LOW,Extended repair downtime; Older equipment,0,8
DEMO-DEV-1479,DEMO-1479,19,LOW,Extended repair downtime; Older equipment,0,10
DEMO-DEV-1480,DEMO-1480,19,LOW,Extended repair downtime,0,7
DEMO-DEV-1493,DEMO-1493,28,LOW,Extended repair downtime,1,11
DEMO-DEV-1494,DEMO-1494,10,LOW,Older equipment,0,0
DEMO-DEV-1496,DEMO-1496,6,LOW,"",0,2
DEMO-DEV-1497,DEMO-1497,7,LOW,"",0,0
DEMO-DEV-1506,DEMO-1506,44,MEDIUM,Frequent repairs in last 365 days; Extended repair downtime; Older equipment,2,13
DEMO-DEV-1508,DEMO-1508,19,LOW,"",1,0
DEMO-DEV-1511,DEMO-1511,35,LOW,Repair cost high relative to purchase,1,0
DEMO-DEV-1520,DEMO-1520,23,LOW,Extended repair downtime,1,7
DEMO-DEV-1521,DEMO-1521,38,LOW,Extended repair downtime; Older equipment,1,12
DEMO-DEV-1522,DEMO-1522,19,LOW,"",1,5
DEMO-DEV-1534,DEMO-1534,2,LOW,"",0,0
DEMO-DEV-1537,DEMO-1537,25,LOW,Repair cost high relative to purchase,0,4
DEMO-DEV-1539,DEMO-1539,3,LOW,"",0,0
DEMO-DEV-1548,DEMO-1548,27,LOW,Repair cost high relative to purchase,0,5
DEMO-DEV-1550,DEMO-1550,9,LOW,Older equipment,0,0
DEMO-DEV-1552,DEMO-1552,14,LOW,Extended repair downtime,0,12
DEMO-DEV-1562,DEMO-1562,19,LOW,Extended repair downtime,1,7
DEMO-DEV-1564,DEMO-1564,9,LOW,Extended repair downtime,0,8
DEMO-DEV-1565,DEMO-1565,25,LOW,Extended repair downtime,1,8
DEMO-DEV-1567,DEMO-1567,6,LOW,"",0,0
DEMO-DEV-1575,DEMO-1575,31,LOW,Extended repair downtime; Repair cost high relative to purchase,1,7
DEMO-DEV-1578,DEMO-1578,23,LOW,Extended repair downtime,1,11
DEMO-DEV-1588,DEMO-1588,36,LOW,Repair cost high relative to purchase,1,0
DEMO-DEV-1589,DEMO-1589,22,LOW,Repair cost high relative to purchase,1,1
DEMO-DEV-1590,DEMO-1590,7,LOW,Older equipment,0,0
DEMO-DEV-1602,DEMO-1602,19,LOW,Extended repair downtime,0,11
DEMO-DEV-1615,DEMO-1615,19,LOW,Extended repair downtime; Older equipment,0,9
DEMO-DEV-1618,DEMO-1618,44,MEDIUM,Extended repair downtime; Repair cost high relative to purchase,1,10
DEMO-DEV-1620,DEMO-1620,21,LOW,Extended repair downtime,0,13
DEMO-DEV-1623,DEMO-1623,1,LOW,"",0,0
DEMO-DEV-1625,DEMO-1625,24,LOW,Extended repair downtime,1,7
DEMO-DEV-1627,DEMO-1627,24,LOW,"",1,5
DEMO-DEV-1628,DEMO-1628,32,LOW,Frequent repairs in last 365 days,2,3
DEMO-DEV-1629,DEMO-1629,17,LOW,"",0,3
DEMO-DEV-1632,DEMO-1632,4,LOW,"",0,0
DEMO-DEV-1633,DEMO-1633,5,LOW,"",0,0
DEMO-DEV-1634,DEMO-1634,3,LOW,"",0,0
DEMO-DEV-1643,DEMO-1643,18,LOW,Extended repair downtime,0,9
DEMO-DEV-1659,DEMO-1659,28,LOW,Extended repair downtime,1,12
DEMO-DEV-1660,DEMO-1660,21,LOW,"",1,3
DEMO-DEV-1661,DEMO-1661,24,LOW,Older equipment,1,3
DEMO-DEV-1671,DEMO-1671,2,LOW,"",0,0
DEMO-DEV-1673,DEMO-1673,17,LOW,Extended repair downtime,0,9
DEMO-DEV-1674,DEMO-1674,0,LOW,"",0,0
DEMO-DEV-1675,DEMO-1675,26,LOW,Repair cost high relative to purchase,0,0
DEMO-DEV-1699,DEMO-1699,16,LOW,Extended repair downtime,0,11
DEMO-DEV-1700,DEMO-1700,7,LOW,Older equipment,0,0
DEMO-DEV-1714,DEMO-1714,30,LOW,Extended repair downtime; Repair cost high relative to purchase; Older equipment,0,9
DEMO-DEV-1713,DEMO-1713,76,HIGH,Frequent repairs in last 365 days; Extended repair downtime,7,79
DEMO-DEV-1727,DEMO-1727,15,LOW,Older equipment,0,5
DEMO-DEV-1729,DEMO-1729,2,LOW,"",0,0
DEMO-DEV-1731,DEMO-1731,4,LOW,"",0,0
DEMO-DEV-1741,DEMO-1741,3,LOW,"",0,0
DEMO-DEV-1742,DEMO-1742,1,LOW,"",0,0
DEMO-DEV-1744,DEMO-1744,24,LOW,Repair cost high relative to purchase,0,0
DEMO-DEV-1755,DEMO-1755,46,MEDIUM,Frequent repairs in last 365 days; Extended repair downtime,2,20
DEMO-DEV-1769,DEMO-1769,0,LOW,"",0,0
DEMO-DEV-1771,DEMO-1771,19,LOW,Extended repair downtime,0,14
DEMO-DEV-1772,DEMO-1772,7,LOW,"",0,6
DEMO-DEV-1775,DEMO-1775,7,LOW,Older equipment,0,0
DEMO-DEV-1779,DEMO-1779,6,LOW,"",0,0
DEMO-DEV-1780,DEMO-1780,20,LOW,Extended repair downtime; Older equipment,0,8
DEMO-DEV-1784,DEMO-1784,10,LOW,Older equipment,0,0
DEMO-DEV-1783,DEMO-1783,33,LOW,Extended repair downtime; Repair cost high relative to purchase,1,10
DEMO-DEV-1786,DEMO-1786,16,LOW,Older equipment,0,2
DEMO-DEV-1799,DEMO-1799,9,LOW,"",0,5
DEMO-DEV-1825,DEMO-1825,2,LOW,"",0,0
DEMO-DEV-1826,DEMO-1826,8,LOW,Older equipment,0,0
DEMO-DEV-1827,DEMO-1827,1,LOW,"",0,0
DEMO-DEV-1840,DEMO-1840,97,HIGH,Frequent repairs in last 365 days; Extended repair downtime; Repair cost high relative to purchase,8,105
DEMO-DEV-1855,DEMO-1855,27,LOW,Extended repair downtime,1,11
DEMO-DEV-1868,DEMO-1868,25,LOW,Older equipment,1,6
DEMO-DEV-1869,DEMO-1869,5,LOW,"",0,0
DEMO-DEV-1872,DEMO-1872,3,LOW,"",0,0
DEMO-DEV-1874,DEMO-1874,20,LOW,Older equipment,0,3
DEMO-DEV-1875,DEMO-1875,0,LOW,"",0,0
DEMO-DEV-1881,DEMO-1881,98,HIGH,Frequent repairs in last 365 days; Extended repair downtime; Repair cost high relative to purchase; Older equipment,6,62
DEMO-DEV-1882,DEMO-1882,2,LOW,"",0,0
DEMO-DEV-1883,DEMO-1883,2,LOW,"",0,0
DEMO-DEV-1885,DEMO-1885,1,LOW,"",0,0
DEMO-DEV-1893,DEMO-1893,10,LOW,"",0,3
DEMO-DEV-1895,DEMO-1895,5,LOW,"",0,0
DEMO-DEV-1897,DEMO-1897,21,LOW,Older equipment,1,2
DEMO-DEV-1907,DEMO-1907,1,LOW,"",0,0
DEMO-DEV-1911,DEMO-1911,30,LOW,Extended repair downtime,1,11
DEMO-DEV-1912,DEMO-1912,28,LOW,Repair cost high relative to purchase,1,3
DEMO-DEV-1921,DEMO-1921,1,LOW,"",0,0
DEMO-DEV-1923,DEMO-1923,6,LOW,"",0,0
DEMO-DEV-1934,DEMO-1934,14,LOW,Older equipment,0,6
DEMO-DEV-1948,DEMO-1948,23,LOW,Extended repair downtime,0,13
DEMO-DEV-1949,DEMO-1949,29,LOW,Repair cost high relative to purchase,1,5
DEMO-DEV-1962,DEMO-1962,5,LOW,"",0,0
DEMO-DEV-1963,DEMO-1963,3,LOW,"",0,0
DEMO-DEV-1976,DEMO-1976,38,LOW,Extended repair downtime; Repair cost high relative to purchase,1,7
DEMO-DEV-1989,DEMO-1989,30,LOW,Older equipment,1,6
DEMO-DEV-1990,DEMO-1990,6,LOW,"",0,2
DEMO-DEV-1991,DEMO-1991,29,LOW,Extended repair downtime; Older equipment,0,12
DEMO-DEV-1992,DEMO-1992,53,MEDIUM,Frequent repairs in last 365 days; Extended repair downtime; Repair cost high relative to purchase,2,11
DEMO-DEV-2003,DEMO-2003,5,LOW,"",0,0
DEMO-DEV-2004,DEMO-2004,3,LOW,"",0,0
DEMO-DEV-2017,DEMO-2017,28,LOW,Extended repair downtime; Older equipment,1,9
DEMO-DEV-2018,DEMO-2018,17,LOW,Repair cost high relative to purchase,0,0
DEMO-DEV-2020,DEMO-2020,8,LOW,Older equipment,0,0
DEMO-DEV-2029,DEMO-2029,8,LOW,"",0,0
DEMO-DEV-2043,DEMO-2043,37,LOW,Extended repair downtime; Repair cost high relative to purchase,0,10
DEMO-DEV-2044,DEMO-2044,7,LOW,Older equipment,0,0
DEMO-DEV-2055,DEMO-2055,16,LOW,Extended repair downtime,0,8
DEMO-DEV-2056,DEMO-2056,4,LOW,"",0,0
DEMO-DEV-2057,DEMO-2057,4,LOW,"",0,0
DEMO-DEV-2068,DEMO-2068,15,LOW,Extended repair downtime,0,8
DEMO-DEV-2083,DEMO-2083,6,LOW,"",0,0
DEMO-DEV-2084,DEMO-2084,33,LOW,Extended repair downtime; Repair cost high relative to purchase,0,10
DEMO-DEV-2085,DEMO-2085,35,LOW,Extended repair downtime; Older equipment,1,15
DEMO-DEV-2101,DEMO-2101,5,LOW,"",0,0
DEMO-DEV-2111,DEMO-2111,80,HIGH,Frequent repairs in last 365 days; Extended repair downtime; Older equipment,8,103
DEMO-DEV-2112,DEMO-2112,7,LOW,"",0,0
DEMO-DEV-2124,DEMO-2124,5,LOW,"",0,0
DEMO-DEV-2125,DEMO-2125,16,LOW,"",0,6
DEMO-DEV-2126,DEMO-2126,3,LOW,"",0,0
DEMO-DEV-2127,DEMO-2127,19,LOW,Extended repair downtime; Older equipment,0,11
DEMO-DEV-2136,DEMO-2136,5,LOW,"",0,0
DEMO-DEV-2150,DEMO-2150,7,LOW,"",0,6
DEMO-DEV-2151,DEMO-2151,19,LOW,"",1,4
DEMO-DEV-2164,DEMO-2164,35,LOW,Extended repair downtime,1,11
DEMO-DEV-2165,DEMO-2165,25,LOW,Repair cost high relative to purchase,0,2
DEMO-DEV-2166,DEMO-2166,9,LOW,Older equipment,0,0
DEMO-DEV-2178,DEMO-2178,28,LOW,Repair cost high relative to purchase,0,5
DEMO-DEV-2179,DEMO-2179,44,MEDIUM,Extended repair downtime; Repair cost high relative to purchase,1,8
DEMO-DEV-2181,DEMO-2181,13,LOW,Extended repair downtime,0,8
DEMO-DEV-2192,DEMO-2192,33,LOW,Extended repair downtime; Older equipment,0,17
DEMO-DEV-2206,DEMO-2206,9,LOW,"",0,0
DEMO-DEV-2207,DEMO-2207,25,LOW,Older equipment,1,3
DEMO-DEV-2220,DEMO-2220,4,LOW,"",0,0
DEMO-DEV-2234,DEMO-2234,8,LOW,Older equipment,0,0
DEMO-DEV-2235,DEMO-2235,3,LOW,"",0,0
DEMO-DEV-2238,DEMO-2238,8,LOW,Older equipment,0,0
DEMO-DEV-2239,DEMO-2239,58,MEDIUM,Frequent repairs in last 365 days; Extended repair downtime; Repair cost high relative to purchase,2,13
DEMO-DEV-2240,DEMO-2240,23,LOW,Extended repair downtime,1,8
DEMO-DEV-2244,DEMO-2244,6,LOW,"",0,0
DEMO-DEV-2247,DEMO-2247,32,LOW,Older equipment,1,4
DEMO-DEV-2261,DEMO-2261,2,LOW,"",0,0
DEMO-DEV-2262,DEMO-2262,6,LOW,"",0,0
DEMO-DEV-2275,DEMO-2275,28,LOW,Repair cost high relative to purchase,1,2
DEMO-DEV-2276,DEMO-2276,22,LOW,Extended repair downtime,0,18
DEMO-DEV-2277,DEMO-2277,30,LOW,Extended repair downtime,1,12
DEMO-DEV-2289,DEMO-2289,80,HIGH,Frequent repairs in last 365 days; Extended repair downtime,6,59
DEMO-DEV-2292,DEMO-2292,9,LOW,Older equipment,0,0
DEMO-DEV-2294,DEMO-2294,31,LOW,Repair cost high relative to purchase,0,6
DEMO-DEV-2306,DEMO-2306,13,LOW,Older equipment,0,2
DEMO-DEV-2307,DEMO-2307,23,LOW,Older equipment,1,2
DEMO-DEV-2308,DEMO-2308,40,MEDIUM,Extended repair downtime; Repair cost high relative to purchase; Older equipment,0,11
DEMO-DEV-2309,DEMO-2309,6,LOW,"",0,0
DEMO-DEV-2311,DEMO-2311,4,LOW,"",0,0
DEMO-DEV-2317,DEMO-2317,9,LOW,Older equipment,0,0
DEMO-DEV-2320,DEMO-2320,7,LOW,Older equipment,0,0
DEMO-DEV-2322,DEMO-2322,26,LOW,Repair cost high relative to purchase,0,5
DEMO-DEV-2333,DEMO-2333,1,LOW,"",0,0
DEMO-DEV-2335,DEMO-2335,21,LOW,Extended repair downtime,0,10
DEMO-DEV-2336,DEMO-2336,57,MEDIUM,Frequent repairs in last 365 days; Extended repair downtime; Repair cost high relative to purchase,2,20
DEMO-DEV-2341,DEMO-2341,36,LOW,Repair cost high relative to purchase,1,3
DEMO-DEV-2344,DEMO-2344,6,LOW,"",0,0
DEMO-DEV-2345,DEMO-2345,25,LOW,Extended repair downtime; Repair cost high relative to purchase,0,11
DEMO-DEV-2347,DEMO-2347,3,LOW,"",0,0
DEMO-DEV-2348,DEMO-2348,8,LOW,Older equipment,0,0
DEMO-DEV-2362,DEMO-2362,4,LOW,"",0,0
DEMO-DEV-2363,DEMO-2363,2,LOW,"",0,0
DEMO-DEV-2365,DEMO-2365,8,LOW,Older equipment,0,0
DEMO-DEV-2368,DEMO-2368,23,LOW,Extended repair downtime,1,8
DEMO-DEV-2369,DEMO-2369,6,LOW,"",0,0
DEMO-DEV-2374,DEMO-2374,10,LOW,Older equipment,0,0
DEMO-DEV-2376,DEMO-2376,9,LOW,Older equipment,0,0
DEMO-DEV-2392,DEMO-2392,85,HIGH,Frequent repairs in last 365 days; Extended repair downtime; Older equipment,8,89
DEMO-DEV-2388,DEMO-2388,0,LOW,"",0,0
DEMO-DEV-2389,DEMO-2389,4,LOW,"",0,0
DEMO-DEV-2390,DEMO-2390,16,LOW,Older equipment,0,1
DEMO-DEV-2391,DEMO-2391,33,LOW,Frequent repairs in last 365 days; Extended repair downtime,2,10
DEMO-DEV-2401,DEMO-2401,30,LOW,Repair cost high relative to purchase,0,4
DEMO-DEV-2402,DEMO-2402,28,LOW,Repair cost high relative to purchase,0,4
DEMO-DEV-2403,DEMO-2403,2,LOW,"",0,0
DEMO-DEV-2414,DEMO-2414,36,LOW,Extended repair downtime; Older equipment,1,17
DEMO-DEV-2415,DEMO-2415,1,LOW,"",0,0
DEMO-DEV-2419,DEMO-2419,0,LOW,"",0,0
DEMO-DEV-2421,DEMO-2421,5,LOW,"",0,0
DEMO-DEV-2422,DEMO-2422,9,LOW,Older equipment,0,0
DEMO-DEV-2427,DEMO-2427,15,LOW,"",1,4
DEMO-DEV-2441,DEMO-2441,13,LOW,Extended repair downtime,0,8
DEMO-DEV-2443,DEMO-2443,4,LOW,"",0,0
DEMO-DEV-2455,DEMO-2455,4,LOW,"",0,0
DEMO-DEV-2456,DEMO-2456,6,LOW,"",0,3
DEMO-DEV-2457,DEMO-2457,40,MEDIUM,Extended repair downtime; Repair cost high relative to purchase,1,13
DEMO-DEV-2470,DEMO-2470,11,LOW,Extended repair downtime,0,7
DEMO-DEV-2471,DEMO-2471,2,LOW,"",0,0
DEMO-DEV-2472,DEMO-2472,26,LOW,Repair cost high relative to purchase,0,5
DEMO-DEV-2483,DEMO-2483,3,LOW,"",0,0
DEMO-DEV-2496,DEMO-2496,15,LOW,Extended repair downtime,0,12
DEMO-DEV-2510,DEMO-2510,15,LOW,"",0,5
DEMO-DEV-2511,DEMO-2511,25,LOW,Extended repair downtime; Repair cost high relative to purchase,0,7
DEMO-DEV-2512,DEMO-2512,1,LOW,"",0,0
DEMO-DEV-2524,DEMO-2524,7,LOW,Older equipment,0,0
DEMO-DEV-2526,DEMO-2526,12,LOW,"",0,4
DEMO-DEV-2527,DEMO-2527,3,LOW,"",0,0
DEMO-DEV-2536,DEMO-2536,7,LOW,Older equipment,0,0
DEMO-DEV-2551,DEMO-2551,52,MEDIUM,Extended repair downtime; Repair cost high relative to purchase; Older equipment,1,12
DEMO-DEV-2550,DEMO-2550,19,LOW,Extended repair downtime,0,12
DEMO-DEV-2553,DEMO-2553,3,LOW,"",0,0
DEMO-DEV-2555,DEMO-2555,28,LOW,Repair cost high relative to purchase; Older equipment,0,0
DEMO-DEV-2565,DEMO-2565,8,LOW,Older equipment,0,0
DEMO-DEV-2567,DEMO-2567,30,LOW,Repair cost high relative to purchase; Older equipment,0,2
DEMO-DEV-2568,DEMO-2568,15,LOW,Extended repair downtime,0,11
DEMO-DEV-2591,DEMO-2591,9,LOW,"",0,2
DEMO-DEV-2592,DEMO-2592,26,LOW,Extended repair downtime,1,11
DEMO-DEV-2593,DEMO-2593,25,LOW,Extended repair downtime,0,18
DEMO-DEV-2596,DEMO-2596,31,LOW,Repair cost high relative to purchase,0,4
DEMO-DEV-2597,DEMO-2597,23,LOW,Extended repair downtime,0,15
DEMO-DEV-2605,DEMO-2605,49,MEDIUM,Extended repair downtime; Repair cost high relative to purchase,1,13
DEMO-DEV-2619,DEMO-2619,78,HIGH,Frequent repairs in last 365 days; Extended repair downtime,7,106
DEMO-DEV-2620,DEMO-2620,16,LOW,Extended repair downtime; Older equipment,0,8
DEMO-DEV-2634,DEMO-2634,6,LOW,"",0,0
DEMO-DEV-2635,DEMO-2635,18,LOW,Extended repair downtime,0,10
DEMO-DEV-2636,DEMO-2636,2,LOW,"",0,0
DEMO-DEV-2648,DEMO-2648,41,MEDIUM,Extended repair downtime; Repair cost high relative to purchase; Older equipment,1,9
DEMO-DEV-2649,DEMO-2649,26,LOW,Older equipment,1,5
DEMO-DEV-2650,DEMO-2650,47,MEDIUM,Extended repair downtime; Repair cost high relative to purchase; Older equipment,1,8
DEMO-DEV-2651,DEMO-2651,1,LOW,"",0,0
DEMO-DEV-2661,DEMO-2661,13,LOW,"",0,6
DEMO-DEV-2662,DEMO-2662,11,LOW,Extended repair downtime,0,8
DEMO-DEV-2663,DEMO-2663,8,LOW,Older equipment,0,0
DEMO-DEV-2664,DEMO-2664,10,LOW,Older equipment,0,0
DEMO-DEV-2667,DEMO-2667,27,LOW,Extended repair downtime,1,12
DEMO-DEV-2668,DEMO-2668,7,LOW,Older equipment,0,0
DEMO-DEV-2675,DEMO-2675,38,LOW,Frequent repairs in last 365 days; Extended repair downtime,2,11
DEMO-DEV-2689,DEMO-2689,18,LOW,"",1,1
DEMO-DEV-2690,DEMO-2690,11,LOW,"",0,6
DEMO-DEV-2693,DEMO-2693,6,LOW,"",0,0
DEMO-DEV-2703,DEMO-2703,13,LOW,Extended repair downtime,0,11
DEMO-DEV-2705,DEMO-2705,7,LOW,Older equipment,0,0
DEMO-DEV-2707,DEMO-2707,10,LOW,Extended repair downtime,0,8
DEMO-DEV-2708,DEMO-2708,1,LOW,"",0,0
DEMO-DEV-2717,DEMO-2717,96,HIGH,Frequent repairs in last 365 days; Extended repair downtime; Repair cost high relative to purchase,8,53
DEMO-DEV-2723,DEMO-2723,11,LOW,"",0,5
DEMO-DEV-2724,DEMO-2724,27,LOW,Extended repair downtime; Older equipment,1,8
DEMO-DEV-2725,DEMO-2725,1,LOW,"",0,0
DEMO-DEV-2731,DEMO-2731,5,LOW,"",0,0
DEMO-DEV-2732,DEMO-2732,0,LOW,"",0,0
DEMO-DEV-2734,DEMO-2734,6,LOW,"",0,0
DEMO-DEV-2745,DEMO-2745,19,LOW,Extended repair downtime,0,11
DEMO-DEV-2747,DEMO-2747,28,LOW,Extended repair downtime,1,10
DEMO-DEV-2748,DEMO-2748,1,LOW,"",0,0
DEMO-DEV-2749,DEMO-2749,1,LOW,"",0,0
DEMO-DEV-2750,DEMO-2750,8,LOW,"",0,3
DEMO-DEV-2759,DEMO-2759,1,LOW,"",0,0
DEMO-DEV-2773,DEMO-2773,8,LOW,Older equipment,0,0
DEMO-DEV-2775,DEMO-2775,3,LOW,"",0,0
DEMO-DEV-2788,DEMO-2788,12,LOW,"",0,5
DEMO-DEV-2789,DEMO-2789,80,HIGH,Frequent repairs in last 365 days; Extended repair downtime,7,76
DEMO-DEV-2790,DEMO-2790,30,LOW,Extended repair downtime,1,16
DEMO-DEV-2791,DEMO-2791,0,LOW,"",0,0
DEMO-DEV-2801,DEMO-2801,15,LOW,Older equipment,0,3
DEMO-DEV-2802,DEMO-2802,7,LOW,Older equipment,0,0
DEMO-DEV-2803,DEMO-2803,29,LOW,Repair cost high relative to purchase,0,4
DEMO-DEV-2815,DEMO-2815,23,LOW,Extended repair downtime,0,16
DEMO-DEV-2844,DEMO-2844,9,LOW,Older equipment,0,0
DEMO-DEV-2845,DEMO-2845,15,LOW,"",0,5
DEMO-DEV-2856,DEMO-2856,1,LOW,"",0,0
DEMO-DEV-2857,DEMO-2857,27,LOW,Repair cost high relative to purchase,1,0
DEMO-DEV-2871,DEMO-2871,10,LOW,Older equipment,0,0
DEMO-DEV-2870,DEMO-2870,1,LOW,"",0,0
DEMO-DEV-2884,DEMO-2884,28,LOW,Extended repair downtime; Repair cost high relative to purchase,0,7
DEMO-DEV-2885,DEMO-2885,13,LOW,"",0,2
DEMO-DEV-2886,DEMO-2886,24,LOW,Extended repair downtime,1,12
DEMO-DEV-2888,DEMO-2888,35,LOW,Extended repair downtime; Repair cost high relative to purchase; Older equipment,0,7
DEMO-DEV-2897,DEMO-2897,11,LOW,Older equipment,0,2
DEMO-DEV-2911,DEMO-2911,3,LOW,"",0,0
DEMO-DEV-2925,DEMO-2925,83,HIGH,Frequent repairs in last 365 days; Extended repair downtime; Older equipment,6,40
DEMO-DEV-2927,DEMO-2927,35,LOW,Frequent repairs in last 365 days,2,4
DEMO-DEV-2928,DEMO-2928,3,LOW,"",0,0
DEMO-DEV-2930,DEMO-2930,8,LOW,Older equipment,0,0
DEMO-DEV-2932,DEMO-2932,2,LOW,"",0,0
DEMO-DEV-2967,DEMO-2967,38,LOW,Extended repair downtime; Repair cost high relative to purchase,0,11
DEMO-DEV-2969,DEMO-2969,2,LOW,"",0,0
DEMO-DEV-2982,DEMO-2982,9,LOW,"",0,6
DEMO-DEV-2983,DEMO-2983,5,LOW,"",0,0
DEMO-DEV-3008,DEMO-3008,4,LOW,"",0,0
DEMO-DEV-3009,DEMO-3009,25,LOW,Extended repair downtime,1,12
DEMO-DEV-3021,DEMO-3021,3,LOW,"",0,0
DEMO-DEV-3022,DEMO-3022,4,LOW,"",0,0
DEMO-DEV-3025,DEMO-3025,12,LOW,Extended repair downtime,0,10
DEMO-DEV-3035,DEMO-3035,6,LOW,"",0,0
DEMO-DEV-3038,DEMO-3038,1,LOW,"",0,0
DEMO-DEV-3039,DEMO-3039,8,LOW,Older equipment,0,0
DEMO-DEV-3063,DEMO-3063,27,LOW,Extended repair downtime,1,8
DEMO-DEV-3064,DEMO-3064,62,MEDIUM,Frequent repairs in last 365 days; Extended repair downtime; Repair cost high relative to purchase; Older equipment,2,14
DEMO-DEV-3065,DEMO-3065,8,LOW,Extended repair downtime,0,7
DEMO-DEV-3077,DEMO-3077,3,LOW,"",0,0
DEMO-DEV-3078,DEMO-3078,34,LOW,Repair cost high relative to purchase; Older equipment,0,6
DEMO-DEV-3091,DEMO-3091,56,MEDIUM,Frequent repairs in last 365 days; Extended repair downtime; Repair cost high relative to purchase,2,13
DEMO-DEV-3092,DEMO-3092,6,LOW,"",0,0
DEMO-DEV-3104,DEMO-3104,4,LOW,"",0,0
DEMO-DEV-3106,DEMO-3106,2,LOW,"",0,0
DEMO-DEV-3107,DEMO-3107,23,LOW,Extended repair downtime,0,10
DEMO-DEV-3111,DEMO-3111,5,LOW,"",0,0
DEMO-DEV-3112,DEMO-3112,9,LOW,Older equipment,0,0
DEMO-DEV-3118,DEMO-3118,24,LOW,Extended repair downtime,0,16
DEMO-DEV-3121,DEMO-3121,2,LOW,"",0,1
DEMO-DEV-3123,DEMO-3123,1,LOW,"",0,0
DEMO-DEV-3125,DEMO-3125,26,LOW,Older equipment,1,4
DEMO-DEV-3132,DEMO-3132,1,LOW,"",0,0
DEMO-DEV-3133,DEMO-3133,75,HIGH,Frequent repairs in last 365 days; Extended repair downtime,7,60
DEMO-DEV-3146,DEMO-3146,21,LOW,Repair cost high relative to purchase,0,0
DEMO-DEV-3148,DEMO-3148,8,LOW,Older equipment,0,0
DEMO-DEV-3151,DEMO-3151,13,LOW,Older equipment,0,0
DEMO-DEV-3152,DEMO-3152,9,LOW,Older equipment,0,0
DEMO-DEV-3159,DEMO-3159,43,MEDIUM,Repair cost high relative to purchase; Older equipment,1,5
DEMO-DEV-3160,DEMO-3160,7,LOW,Older equipment,0,0
DEMO-DEV-3173,DEMO-3173,44,MEDIUM,Extended repair downtime; Repair cost high relative to purchase; Older equipment,1,7
DEMO-DEV-3174,DEMO-3174,24,LOW,Repair cost high relative to purchase,0,0
DEMO-DEV-3176,DEMO-3176,96,HIGH,Frequent repairs in last 365 days; Extended repair downtime; Repair cost high relative to purchase,8,64
DEMO-DEV-3177,DEMO-3177,6,LOW,"",0,3
DEMO-DEV-3178,DEMO-3178,31,LOW,Extended repair downtime; Repair cost high relative to purchase,0,9
DEMO-DEV-3187,DEMO-3187,8,LOW,Older equipment,0,0
DEMO-DEV-3189,DEMO-3189,5,LOW,"",0,0
DEMO-DEV-3191,DEMO-3191,1,LOW,"",0,0
DEMO-DEV-3193,DEMO-3193,4,LOW,"",0,0
DEMO-DEV-3202,DEMO-3202,1,LOW,"",0,0
DEMO-DEV-3203,DEMO-3203,5,LOW,"",0,0
DEMO-DEV-3204,DEMO-3204,13,LOW,"",1,0
DEMO-DEV-3205,DEMO-3205,22,LOW,"",1,4
DEMO-DEV-3210,DEMO-3210,28,LOW,Extended repair downtime,1,11
DEMO-DEV-3212,DEMO-3212,7,LOW,"",0,0
DEMO-DEV-3215,DEMO-3215,49,MEDIUM,Extended repair downtime; Repair cost high relative to purchase; Older equipment,1,10
DEMO-DEV-3216,DEMO-3216,24,LOW,Extended repair downtime,1,10
DEMO-DEV-3229,DEMO-3229,30,LOW,Extended repair downtime; Older equipment,1,11
DEMO-DEV-3244,DEMO-3244,30,LOW,Repair cost high relative to purchase; Older equipment,0,4
DEMO-DEV-3246,DEMO-3246,3,LOW,"",0,0
DEMO-DEV-3257,DEMO-3257,2,LOW,"",0,0
DEMO-DEV-3270,DEMO-3270,19,LOW,"",1,6
DEMO-DEV-3271,DEMO-3271,44,MEDIUM,Extended repair downtime; Repair cost high relative to purchase; Older equipment,1,8
DEMO-DEV-3272,DEMO-3272,3,LOW,"",0,0
DEMO-DEV-3275,DEMO-3275,7,LOW,"",0,0
DEMO-DEV-3284,DEMO-3284,10,LOW,"",0,3
DEMO-DEV-3285,DEMO-3285,4,LOW,"",0,0
DEMO-DEV-3287,DEMO-3287,2,LOW,"",0,0
DEMO-DEV-3298,DEMO-3298,20,LOW,Repair cost high relative to purchase; Older equipment,0,0
DEMO-DEV-3299,DEMO-3299,23,LOW,Repair cost high relative to purchase,0,2
DEMO-DEV-3313,DEMO-3313,11,LOW,"",0,5
DEMO-DEV-3314,DEMO-3314,9,LOW,Older equipment,0,0
DEMO-DEV-3315,DEMO-3315,0,LOW,"",0,0
DEMO-DEV-3326,DEMO-3326,17,LOW,Extended repair downtime; Older equipment,0,9
DEMO-DEV-3327,DEMO-3327,21,LOW,Extended repair downtime,1,10
DEMO-DEV-3328,DEMO-3328,9,LOW,Older equipment,0,0
DEMO-DEV-3331,DEMO-3331,1,LOW,"",0,0
DEMO-DEV-3341,DEMO-3341,37,LOW,Extended repair downtime; Repair cost high relative to purchase,1,8
DEMO-DEV-3342,DEMO-3342,2,LOW,"",0,0
DEMO-DEV-3354,DEMO-3354,4,LOW,"",0,0
DEMO-DEV-3358,DEMO-3358,37,LOW,Extended repair downtime,1,14
DEMO-DEV-3359,DEMO-3359,23,LOW,Extended repair downtime,1,9
DEMO-DEV-3376,DEMO-3376,1,LOW,"",0,0
DEMO-DEV-3381,DEMO-3381,10,LOW,Extended repair downtime,0,7
DEMO-DEV-3382,DEMO-3382,8,LOW,"",0,0
DEMO-DEV-3384,DEMO-3384,31,LOW,Extended repair downtime,1,12
DEMO-DEV-3395,DEMO-3395,8,LOW,Older equipment,0,0
DEMO-DEV-3409,DEMO-3409,11,LOW,Older equipment,0,1
DEMO-DEV-3410,DEMO-3410,14,LOW,"",1,0
DEMO-DEV-3411,DEMO-3411,26,LOW,Extended repair downtime; Older equipment,0,9
DEMO-DEV-3422,DEMO-3422,4,LOW,"",0,0
DEMO-DEV-3423,DEMO-3423,24,LOW,Extended repair downtime,1,11
DEMO-DEV-3436,DEMO-3436,8,LOW,Older equipment,0,0
DEMO-DEV-3449,DEMO-3449,13,LOW,"",0,2
DEMO-DEV-3451,DEMO-3451,5,LOW,"",0,0
DEMO-DEV-3452,DEMO-3452,12,LOW,Extended repair downtime,0,7
DEMO-DEV-3462,DEMO-3462,16,LOW,Extended repair downtime,0,7
DEMO-DEV-3463,DEMO-3463,96,HIGH,Frequent repairs in last 365 days; Extended repair downtime; Repair cost high relative to purchase,7,73
DEMO-DEV-3464,DEMO-3464,49,MEDIUM,Extended repair downtime; Repair cost high relative to purchase,1,12
DEMO-DEV-3476,DEMO-3476,33,LOW,Extended repair downtime; Repair cost high relative to purchase,0,9
DEMO-DEV-3477,DEMO-3477,16,LOW,Extended repair downtime; Older equipment,0,8
DEMO-DEV-3491,DEMO-3491,37,LOW,Repair cost high relative to purchase,1,3
DEMO-DEV-3493,DEMO-3493,4,LOW,"",0,0
DEMO-DEV-3495,DEMO-3495,76,HIGH,Frequent repairs in last 365 days; Extended repair downtime,6,40
DEMO-DEV-3506,DEMO-3506,10,LOW,Older equipment,0,0
DEMO-DEV-3504,DEMO-3504,7,LOW,"",0,0
DEMO-DEV-3505,DEMO-3505,24,LOW,"",1,4
DEMO-DEV-3518,DEMO-3518,1,LOW,"",0,0
DEMO-DEV-3519,DEMO-3519,22,LOW,Extended repair downtime,1,10
DEMO-DEV-3523,DEMO-3523,21,LOW,Extended repair downtime,1,8
DEMO-DEV-3532,DEMO-3532,8,LOW,Older equipment,0,0
DEMO-DEV-3534,DEMO-3534,3,LOW,"",0,0
DEMO-DEV-3546,DEMO-3546,6,LOW,"",0,0
DEMO-DEV-3547,DEMO-3547,81,HIGH,Frequent repairs in last 365 days; Extended repair downtime,7,38
DEMO-DEV-3559,DEMO-3559,7,LOW,Older equipment,0,0
DEMO-DEV-3573,DEMO-3573,15,LOW,Extended repair downtime; Older equipment,0,7
DEMO-DEV-3576,DEMO-3576,13,LOW,"",1,0
DEMO-DEV-3578,DEMO-3578,10,LOW,Older equipment,0,0
DEMO-DEV-3579,DEMO-3579,0,LOW,"",0,0
DEMO-DEV-3590,DEMO-3590,10,LOW,Older equipment,0,0
DEMO-DEV-3591,DEMO-3591,19,LOW,"",1,2
DEMO-DEV-3592,DEMO-3592,9,LOW,Older equipment,0,0
DEMO-DEV-3593,DEMO-3593,8,LOW,Older equipment,0,0
DEMO-DEV-3594,DEMO-3594,9,LOW,Extended repair downtime,0,7
DEMO-DEV-3615,DEMO-3615,2,LOW,"",0,0
DEMO-DEV-3616,DEMO-3616,6,LOW,"",0,0
DEMO-DEV-3618,DEMO-3618,2,LOW,"",0,0
DEMO-DEV-3642,DEMO-3642,3,LOW,"",0,0
DEMO-DEV-3644,DEMO-3644,2,LOW,"",0,0
DEMO-DEV-3645,DEMO-3645,24,LOW,Extended repair downtime,1,8
DEMO-DEV-3647,DEMO-3647,12,LOW,Older equipment,0,3
DEMO-DEV-3657,DEMO-3657,37,LOW,Repair cost high relative to purchase,1,4
DEMO-DEV-3658,DEMO-3658,31,LOW,Extended repair downtime; Older equipment,0,20
DEMO-DEV-3659,DEMO-3659,44,MEDIUM,Extended repair downtime; Repair cost high relative to purchase,1,11
DEMO-DEV-3670,DEMO-3670,3,LOW,"",0,0
DEMO-DEV-3685,DEMO-3685,43,MEDIUM,Extended repair downtime; Repair cost high relative to purchase; Older equipment,0,14
DEMO-DEV-3687,DEMO-3687,33,LOW,Extended repair downtime,1,12
DEMO-DEV-3698,DEMO-3698,99,HIGH,Frequent repairs in last 365 days; Extended repair downtime; Repair cost high relative to purchase; Older equipment,5,46
DEMO-DEV-3700,DEMO-3700,1,LOW,"",0,0
DEMO-DEV-3701,DEMO-3701,77,HIGH,Frequent repairs in last 365 days; Extended repair downtime,8,119
DEMO-DEV-3703,DEMO-3703,34,LOW,Extended repair downtime; Repair cost high relative to purchase,0,8
DEMO-DEV-3711,DEMO-3711,12,LOW,"",0,6
DEMO-DEV-3712,DEMO-3712,4,LOW,"",0,0
DEMO-DEV-3713,DEMO-3713,22,LOW,Extended repair downtime; Older equipment,0,12
DEMO-DEV-3715,DEMO-3715,24,LOW,"",1,3
DEMO-DEV-3724,DEMO-3724,33,LOW,Extended repair downtime; Older equipment,1,10
DEMO-DEV-3725,DEMO-3725,0,LOW,"",0,0
DEMO-DEV-3729,DEMO-3729,30,LOW,Extended repair downtime; Older equipment,1,10
DEMO-DEV-3730,DEMO-3730,5,LOW,"",0,0
DEMO-DEV-3738,DEMO-3738,29,LOW,Extended repair downtime; Older equipment,1,8
DEMO-DEV-3739,DEMO-3739,7,LOW,"",0,0
DEMO-DEV-3740,DEMO-3740,2,LOW,"",0,0
DEMO-DEV-3753,DEMO-3753,22,LOW,Extended repair downtime; Older equipment,0,12
DEMO-DEV-3754,DEMO-3754,4,LOW,"",0,0
DEMO-DEV-3756,DEMO-3756,8,LOW,Older equipment,0,0
DEMO-DEV-3758,DEMO-3758,5,LOW,"",0,0
DEMO-DEV-3759,DEMO-3759,1,LOW,"",0,0
DEMO-DEV-3762,DEMO-3762,14,LOW,Extended repair downtime,0,7
DEMO-DEV-3766,DEMO-3766,8,LOW,Older equipment,0,0
DEMO-DEV-3768,DEMO-3768,8,LOW,"",0,3
DEMO-DEV-3770,DEMO-3770,47,MEDIUM,Extended repair downtime; Repair cost high relative to purchase,1,12
DEMO-DEV-3780,DEMO-3780,48,MEDIUM,Extended repair downtime; Repair cost high relative to purchase,1,14
DEMO-DEV-3781,DEMO-3781,8,LOW,Older equipment,0,0
DEMO-DEV-3793,DEMO-3793,28,LOW,Extended repair downtime,1,8
DEMO-DEV-3794,DEMO-3794,5,LOW,"",0,0
DEMO-DEV-3795,DEMO-3795,30,LOW,Repair cost high relative to purchase; Older equipment,0,1
DEMO-DEV-3807,DEMO-3807,15,LOW,"",0,4
DEMO-DEV-3821,DEMO-3821,21,LOW,Extended repair downtime,0,12
DEMO-DEV-3822,DEMO-3822,8,LOW,Older equipment,0,0
DEMO-DEV-3823,DEMO-3823,14,LOW,"",0,3
DEMO-DEV-3834,DEMO-3834,14,LOW,Older equipment,0,4
DEMO-DEV-3835,DEMO-3835,1,LOW,"",0,0
DEMO-DEV-3837,DEMO-3837,17,LOW,Extended repair downtime,0,10
DEMO-DEV-3848,DEMO-3848,25,LOW,Older equipment,1,3
DEMO-DEV-3850,DEMO-3850,15,LOW,"",0,6
DEMO-DEV-3851,DEMO-3851,8,LOW,Older equipment,0,0
DEMO-DEV-3862,DEMO-3862,6,LOW,"",0,0
DEMO-DEV-3863,DEMO-3863,0,LOW,"",0,0
DEMO-DEV-3877,DEMO-3877,7,LOW,"",0,3
DEMO-DEV-3891,DEMO-3891,50,MEDIUM,Frequent repairs in last 365 days; Repair cost high relative to purchase,2,4
DEMO-DEV-3904,DEMO-3904,10,LOW,Older equipment,0,2
DEMO-DEV-3905,DEMO-3905,3,LOW,"",0,0
DEMO-DEV-3922,DEMO-3922,15,LOW,Older equipment,0,4
DEMO-DEV-3923,DEMO-3923,8,LOW,Older equipment,0,0
DEMO-DEV-3924,DEMO-3924,1,LOW,"",0,0
DEMO-DEV-3925,DEMO-3925,12,LOW,Extended repair downtime,0,7
DEMO-DEV-3932,DEMO-3932,33,LOW,Extended repair downtime,1,11
DEMO-DEV-3933,DEMO-3933,18,LOW,"",1,1
DEMO-DEV-3935,DEMO-3935,46,MEDIUM,Frequent repairs in last 365 days; Extended repair downtime,2,19
DEMO-DEV-3936,DEMO-3936,21,LOW,Extended repair downtime; Older equipment,0,12
DEMO-DEV-3960,DEMO-3960,21,LOW,Extended repair downtime,1,10
DEMO-DEV-3963,DEMO-3963,39,LOW,Extended repair downtime; Repair cost high relative to purchase; Older equipment,0,11
DEMO-DEV-3964,DEMO-3964,39,LOW,Extended repair downtime; Repair cost high relative to purchase,1,8
DEMO-DEV-3966,DEMO-3966,7,LOW,"",0,0
DEMO-DEV-3973,DEMO-3973,46,MEDIUM,Extended repair downtime; Repair cost high relative to purchase; Older equipment,0,18
DEMO-DEV-3974,DEMO-3974,5,LOW,"",0,0
DEMO-DEV-3987,DEMO-3987,15,LOW,Extended repair downtime,0,9
DEMO-DEV-3988,DEMO-3988,8,LOW,Older equipment,0,0
DEMO-DEV-3989,DEMO-3989,10,LOW,Extended repair downtime,0,7
DEMO-DEV-4003,DEMO-4003,0,LOW,"",0,0
DEMO-DEV-4004,DEMO-4004,5,LOW,"",0,0
DEMO-DEV-4006,DEMO-4006,4,LOW,"",0,0
DEMO-DEV-4009,DEMO-4009,9,LOW,Older equipment,0,0
DEMO-DEV-4010,DEMO-4010,15,LOW,Extended repair downtime,0,11
DEMO-DEV-4014,DEMO-4014,28,LOW,Extended repair downtime,1,11
DEMO-DEV-4015,DEMO-4015,21,LOW,"",1,5
DEMO-DEV-4017,DEMO-4017,25,LOW,Older equipment,1,6
DEMO-DEV-4028,DEMO-4028,24,LOW,Older equipment,1,5
DEMO-DEV-4029,DEMO-4029,22,LOW,Extended repair downtime,1,11
DEMO-DEV-4042,DEMO-4042,2,LOW,"",0,0
DEMO-DEV-4043,DEMO-4043,6,LOW,"",0,0
DEMO-DEV-4044,DEMO-4044,23,LOW,Extended repair downtime,1,8
DEMO-DEV-4055,DEMO-4055,23,LOW,"",1,0
DEMO-DEV-4057,DEMO-4057,6,LOW,"",0,0
DEMO-DEV-4058,DEMO-4058,4,LOW,"",0,0
DEMO-DEV-4069,DEMO-4069,13,LOW,"",1,0
DEMO-DEV-4070,DEMO-4070,3,LOW,"",0,0
DEMO-DEV-4071,DEMO-4071,49,MEDIUM,Extended repair downtime; Repair cost high relative to purchase,1,12
DEMO-DEV-4072,DEMO-4072,15,LOW,Older equipment,0,5
DEMO-DEV-4083,DEMO-4083,18,LOW,"",1,2
DEMO-DEV-4084,DEMO-4084,4,LOW,"",0,0
DEMO-DEV-4095,DEMO-4095,7,LOW,Older equipment,0,0
DEMO-DEV-4096,DEMO-4096,28,LOW,Extended repair downtime,0,19
DEMO-DEV-4109,DEMO-4109,8,LOW,Older equipment,0,0
DEMO-DEV-4110,DEMO-4110,14,LOW,Older equipment,0,4
DEMO-DEV-4111,DEMO-4111,34,LOW,Extended repair downtime,1,12
DEMO-DEV-4117,DEMO-4117,6,LOW,"",0,0
DEMO-DEV-4118,DEMO-4118,22,LOW,Repair cost high relative to purchase,0,0
DEMO-DEV-4119,DEMO-4119,16,LOW,Extended repair downtime,0,11
DEMO-DEV-4122,DEMO-4122,15,LOW,Extended repair downtime,0,9
DEMO-DEV-4123,DEMO-4123,9,LOW,Older equipment,0,0
DEMO-DEV-4124,DEMO-4124,10,LOW,Older equipment,0,0
DEMO-DEV-4136,DEMO-4136,2,LOW,"",0,0
DEMO-DEV-4137,DEMO-4137,2,LOW,"",0,0
DEMO-DEV-4151,DEMO-4151,14,LOW,Extended repair downtime,0,9
DEMO-DEV-4152,DEMO-4152,23,LOW,Extended repair downtime; Older equipment,0,10
DEMO-DEV-4153,DEMO-4153,7,LOW,Older equipment,0,0
DEMO-DEV-4164,DEMO-4164,4,LOW,"",0,0
DEMO-DEV-4177,DEMO-4177,34,LOW,Extended repair downtime; Repair cost high relative to purchase,1,7
DEMO-DEV-4178,DEMO-4178,41,MEDIUM,Extended repair downtime; Repair cost high relative to purchase,1,10
DEMO-DEV-4179,DEMO-4179,29,LOW,Repair cost high relative to purchase,0,4
DEMO-DEV-4182,DEMO-4182,29,LOW,Extended repair downtime,0,18
DEMO-DEV-4191,DEMO-4191,36,LOW,Repair cost high relative to purchase,1,0
DEMO-DEV-4192,DEMO-4192,3,LOW,"",0,0
DEMO-DEV-4194,DEMO-4194,11,LOW,Extended repair downtime,0,8
DEMO-DEV-4209,DEMO-4209,2,LOW,"",0,0
DEMO-DEV-4210,DEMO-4210,16,LOW,Extended repair downtime; Older equipment,0,8
DEMO-DEV-4211,DEMO-4211,29,LOW,Extended repair downtime,1,16
DEMO-DEV-4218,DEMO-4218,26,LOW,Extended repair downtime; Older equipment,1,8
DEMO-DEV-4232,DEMO-4232,14,LOW,"",1,1
DEMO-DEV-4233,DEMO-4233,5,LOW,"",0,0
DEMO-DEV-4246,DEMO-4246,7,LOW,Older equipment,0,0
DEMO-DEV-4261,DEMO-4261,3,LOW,"",0,0
DEMO-DEV-4262,DEMO-4262,1,LOW,"",0,0
DEMO-DEV-4263,DEMO-4263,7,LOW,Older equipment,0,0
DEMO-DEV-4264,DEMO-4264,19,LOW,Extended repair downtime,0,7
DEMO-DEV-4274,DEMO-4274,11,LOW,Extended repair downtime,0,10
DEMO-DEV-4277,DEMO-4277,19,LOW,Extended repair downtime,1,7
DEMO-DEV-4278,DEMO-4278,13,LOW,"",0,5
DEMO-DEV-4288,DEMO-4288,5,LOW,"",0,0
DEMO-DEV-4301,DEMO-4301,47,MEDIUM,Extended repair downtime; Repair cost high relative to purchase,1,15
DEMO-DEV-4303,DEMO-4303,27,LOW,Older equipment,1,5
DEMO-DEV-4304,DEMO-4304,33,LOW,Older equipment,1,6
DEMO-DEV-4316,DEMO-4316,23,LOW,Extended repair downtime; Repair cost high relative to purchase,0,9
DEMO-DEV-4332,DEMO-4332,47,MEDIUM,Extended repair downtime; Repair cost high relative to purchase,1,12
DEMO-DEV-4333,DEMO-4333,4,LOW,"",0,0
DEMO-DEV-4334,DEMO-4334,23,LOW,Repair cost high relative to purchase,0,2
DEMO-DEV-4342,DEMO-4342,0,LOW,"",0,0
DEMO-DEV-4355,DEMO-4355,26,LOW,Extended repair downtime,1,12
DEMO-DEV-4371,DEMO-4371,35,LOW,Repair cost high relative to purchase; Older equipment,0,6
DEMO-DEV-4369,DEMO-4369,2,LOW,"",0,0
DEMO-DEV-4370,DEMO-4370,4,LOW,"",0,0
DEMO-DEV-4383,DEMO-4383,7,LOW,"",0,0
DEMO-DEV-4385,DEMO-4385,16,LOW,"",1,2
DEMO-DEV-4396,DEMO-4396,15,LOW,Extended repair downtime,0,8
DEMO-DEV-4397,DEMO-4397,19,LOW,Extended repair downtime; Older equipment,0,9
DEMO-DEV-4399,DEMO-4399,31,LOW,Extended repair downtime; Repair cost high relative to purchase,0,9
DEMO-DEV-4410,DEMO-4410,17,LOW,"",1,3
DEMO-DEV-4411,DEMO-4411,4,LOW,"",0,0
DEMO-DEV-4425,DEMO-4425,4,LOW,"",0,0
DEMO-DEV-4426,DEMO-4426,8,LOW,Older equipment,0,0
DEMO-DEV-4428,DEMO-4428,13,LOW,"",0,2
DEMO-DEV-4439,DEMO-4439,7,LOW,"",0,0
DEMO-DEV-4440,DEMO-4440,21,LOW,Older equipment,1,2
DEMO-DEV-4441,DEMO-4441,27,LOW,"",1,6
DEMO-DEV-4443,DEMO-4443,23,LOW,Extended repair downtime; Older equipment,0,14
DEMO-DEV-4453,DEMO-4453,10,LOW,Older equipment,0,0
DEMO-DEV-4454,DEMO-4454,35,LOW,Repair cost high relative to purchase,1,1
DEMO-DEV-4455,DEMO-4455,17,LOW,"",1,0
DEMO-DEV-4468,DEMO-4468,75,HIGH,Frequent repairs in last 365 days; Extended repair downtime,4,27
DEMO-DEV-4469,DEMO-4469,27,LOW,Extended repair downtime,1,10
DEMO-DEV-4481,DEMO-4481,34,LOW,Extended repair downtime; Repair cost high relative to purchase,1,11
DEMO-DEV-4483,DEMO-4483,22,LOW,"",1,3
DEMO-DEV-4495,DEMO-4495,29,LOW,Repair cost high relative to purchase,1,0
DEMO-DEV-4496,DEMO-4496,80,HIGH,Frequent repairs in last 365 days; Extended repair downtime,5,48
DEMO-DEV-4499,DEMO-4499,4,LOW,"",0,0
DEMO-DEV-4500,DEMO-4500,13,LOW,"",0,5
DEMO-DEV-4501,DEMO-4501,19,LOW,Extended repair downtime; Older equipment,0,9
DEMO-DEV-4509,DEMO-4509,3,LOW,"",0,1
DEMO-DEV-4510,DEMO-4510,3,LOW,"",0,0
DEMO-DEV-4527,DEMO-4527,34,LOW,Extended repair downtime; Older equipment,1,12
DEMO-DEV-4523,DEMO-4523,4,LOW,"",0,2
DEMO-DEV-4524,DEMO-4524,14,LOW,Extended repair downtime,0,9
DEMO-DEV-4525,DEMO-4525,2,LOW,"",0,0
DEMO-DEV-4529,DEMO-4529,21,LOW,Extended repair downtime,0,18
DEMO-DEV-4536,DEMO-4536,80,HIGH,Frequent repairs in last 365 days; Extended repair downtime; Older equipment,8,88
DEMO-DEV-4537,DEMO-4537,1,LOW,"",0,0
DEMO-DEV-4539,DEMO-4539,20,LOW,Repair cost high relative to purchase,0,0
DEMO-DEV-4540,DEMO-4540,3,LOW,"",0,0
DEMO-DEV-4559,DEMO-4559,48,MEDIUM,Extended repair downtime; Repair cost high relative to purchase; Older equipment,1,8
DEMO-DEV-4550,DEMO-4550,6,LOW,"",0,0
DEMO-DEV-4551,DEMO-4551,7,LOW,"",0,0
DEMO-DEV-4555,DEMO-4555,18,LOW,Repair cost high relative to purchase,0,0
DEMO-DEV-4557,DEMO-4557,6,LOW,"",0,0
DEMO-DEV-4565,DEMO-4565,5,LOW,"",0,0
DEMO-DEV-4568,DEMO-4568,6,LOW,"",0,0
DEMO-DEV-4569,DEMO-4569,14,LOW,Older equipment,0,5
DEMO-DEV-4570,DEMO-4570,9,LOW,"",0,2
DEMO-DEV-4576,DEMO-4576,1,LOW,"",0,0
DEMO-DEV-4590,DEMO-4590,44,MEDIUM,Frequent repairs in last 365 days; Extended repair downtime,2,17
DEMO-DEV-4591,DEMO-4591,8,LOW,Older equipment,0,0
DEMO-DEV-4604,DEMO-4604,40,MEDIUM,Extended repair downtime; Older equipment,1,19
DEMO-DEV-4617,DEMO-4617,24,LOW,Extended repair downtime,0,9
DEMO-DEV-4631,DEMO-4631,0,LOW,"",0,0
DEMO-DEV-4634,DEMO-4634,27,LOW,Extended repair downtime,0,20
DEMO-DEV-4637,DEMO-4637,16,LOW,Extended repair downtime,0,9
DEMO-DEV-4638,DEMO-4638,1,LOW,"",0,0
DEMO-DEV-4640,DEMO-4640,20,LOW,"",1,2
DEMO-DEV-4644,DEMO-4644,0,LOW,"",0,0
DEMO-DEV-4645,DEMO-4645,16,LOW,"",0,6
DEMO-DEV-4647,DEMO-4647,3,LOW,"",0,0
DEMO-DEV-4649,DEMO-4649,19,LOW,Extended repair downtime,0,12
DEMO-DEV-4650,DEMO-4650,2,LOW,"",0,0
DEMO-DEV-4659,DEMO-4659,14,LOW,"",1,0
DEMO-DEV-4673,DEMO-4673,37,LOW,Repair cost high relative to purchase,1,1
DEMO-DEV-4674,DEMO-4674,21,LOW,"",1,4
DEMO-DEV-4675,DEMO-4675,2,LOW,"",0,0
DEMO-DEV-4687,DEMO-4687,16,LOW,Extended repair downtime,0,12
DEMO-DEV-4689,DEMO-4689,4,LOW,"",0,0
DEMO-DEV-4701,DEMO-4701,32,LOW,Extended repair downtime,1,9
DEMO-DEV-4715,DEMO-4715,21,LOW,Older equipment,1,1
DEMO-DEV-4716,DEMO-4716,15,LOW,Extended repair downtime,0,12
DEMO-DEV-4728,DEMO-4728,4,LOW,"",0,0
DEMO-DEV-4729,DEMO-4729,7,LOW,Older equipment,0,0
DEMO-DEV-4730,DEMO-4730,8,LOW,Older equipment,0,0
DEMO-DEV-4742,DEMO-4742,34,LOW,Extended repair downtime; Repair cost high relative to purchase,0,17
DEMO-DEV-4756,DEMO-4756,9,LOW,Older equipment,0,0
DEMO-DEV-4757,DEMO-4757,19,LOW,Extended repair downtime,0,8
DEMO-DEV-4771,DEMO-4771,32,LOW,Extended repair downtime; Repair cost high relative to purchase,0,8
DEMO-DEV-4772,DEMO-4772,0,LOW,"",0,0
DEMO-DEV-4784,DEMO-4784,0,LOW,"",0,0
DEMO-DEV-4785,DEMO-4785,25,LOW,Extended repair downtime,1,9
DEMO-DEV-4798,DEMO-4798,37,LOW,Extended repair downtime; Repair cost high relative to purchase,0,12
DEMO-DEV-4812,DEMO-4812,27,LOW,Extended repair downtime; Older equipment,1,7
DEMO-DEV-4814,DEMO-4814,5,LOW,"",0,0
DEMO-DEV-4815,DEMO-4815,19,LOW,Extended repair downtime,0,11
DEMO-DEV-4816,DEMO-4816,31,LOW,Repair cost high relative to purchase,1,4
DEMO-DEV-4818,DEMO-4818,0,LOW,"",0,0
DEMO-DEV-4840,DEMO-4840,8,LOW,Older equipment,0,0
DEMO-DEV-4841,DEMO-4841,5,LOW,"",0,0
DEMO-DEV-4843,DEMO-4843,42,MEDIUM,Extended repair downtime; Repair cost high relative to purchase,0,15
DEMO-DEV-4844,DEMO-4844,53,MEDIUM,Extended repair downtime; Repair cost high relative to purchase; Older equipment,1,14
DEMO-DEV-4855,DEMO-4855,18,LOW,Repair cost high relative to purchase,0,4
DEMO-DEV-4856,DEMO-4856,47,MEDIUM,Extended repair downtime; Repair cost high relative to purchase; Older equipment,1,9
DEMO-DEV-4860,DEMO-4860,84,HIGH,Frequent repairs in last 365 days; Extended repair downtime; Repair cost high relative to purchase,6,79
DEMO-DEV-4861,DEMO-4861,26,LOW,Extended repair downtime,1,14
DEMO-DEV-4862,DEMO-4862,2,LOW,"",0,0
DEMO-DEV-4867,DEMO-4867,24,LOW,Extended repair downtime,1,12
DEMO-DEV-4880,DEMO-4880,5,LOW,"",0,0
DEMO-DEV-4881,DEMO-4881,5,LOW,"",0,0
DEMO-DEV-4898,DEMO-4898,16,LOW,Older equipment,0,5
DEMO-DEV-4895,DEMO-4895,25,LOW,Older equipment,1,6
DEMO-DEV-4896,DEMO-4896,1,LOW,"",0,0
DEMO-DEV-4897,DEMO-4897,6,LOW,"",0,0
DEMO-DEV-4908,DEMO-4908,18,LOW,Extended repair downtime,1,7
DEMO-DEV-4910,DEMO-4910,5,LOW,"",0,0
DEMO-DEV-4911,DEMO-4911,98,HIGH,Frequent repairs in last 365 days; Extended repair downtime; Repair cost high relative to purchase; Older equipment,7,105
DEMO-DEV-4914,DEMO-4914,8,LOW,Older equipment,0,0
DEMO-DEV-4915,DEMO-4915,3,LOW,"",0,0
DEMO-DEV-4922,DEMO-4922,9,LOW,Older equipment,0,0
DEMO-DEV-4923,DEMO-4923,6,LOW,"",0,0
DEMO-DEV-4925,DEMO-4925,20,LOW,"",1,4
DEMO-DEV-4936,DEMO-4936,8,LOW,"",0,1
DEMO-DEV-4937,DEMO-4937,20,LOW,Older equipment,0,6
DEMO-DEV-4939,DEMO-4939,21,LOW,Extended repair downtime,1,11
DEMO-DEV-4949,DEMO-4949,3,LOW,"",0,0
DEMO-DEV-4950,DEMO-4950,6,LOW,"",0,0
DEMO-DEV-4953,DEMO-4953,27,LOW,"",1,5
DEMO-DEV-4963,DEMO-4963,29,LOW,Extended repair downtime; Older equipment,1,10
DEMO-DEV-4978,DEMO-4978,0,LOW,"",0,0
DEMO-DEV-4980,DEMO-4980,5,LOW,"",0,0
DEMO-DEV-4991,DEMO-4991,31,LOW,Extended repair downtime; Older equipment,1,8
DEMO-DEV-5005,DEMO-5005,7,LOW,Older equipment,0,0
DEMO-DEV-5006,DEMO-5006,0,LOW,"",0,0
DEMO-DEV-5019,DEMO-5019,20,LOW,Extended repair downtime,0,16
DEMO-DEV-5034,DEMO-5034,31,LOW,Repair cost high relative to purchase; Older equipment,1,0
DEMO-DEV-5036,DEMO-5036,21,LOW,Older equipment,0,5
DEMO-DEV-5038,DEMO-5038,8,LOW,Older equipment,0,0
DEMO-DEV-5039,DEMO-5039,7,LOW,Older equipment,0,0
DEMO-DEV-5049,DEMO-5049,21,LOW,"",1,4
DEMO-DEV-5050,DEMO-5050,5,LOW,"",0,0
DEMO-DEV-5051,DEMO-5051,8,LOW,Older equipment,0,0
DEMO-DEV-5053,DEMO-5053,3,LOW,"",0,0
DEMO-DEV-5055,DEMO-5055,3,LOW,"",0,0
DEMO-DEV-5061,DEMO-5061,44,MEDIUM,Extended repair downtime; Repair cost high relative to purchase,1,14
DEMO-DEV-5075,DEMO-5075,28,LOW,Extended repair downtime,1,12
DEMO-DEV-5078,DEMO-5078,21,LOW,Repair cost high relative to purchase; Older equipment,0,2
DEMO-DEV-5079,DEMO-5079,5,LOW,"",0,0
DEMO-DEV-5081,DEMO-5081,13,LOW,Extended repair downtime,0,12
DEMO-DEV-5083,DEMO-5083,3,LOW,"",0,0
DEMO-DEV-5089,DEMO-5089,25,LOW,Repair cost high relative to purchase,0,2
DEMO-DEV-5090,DEMO-5090,1,LOW,"",0,0
DEMO-DEV-5092,DEMO-5092,7,LOW,"",0,0
DEMO-DEV-5093,DEMO-5093,48,MEDIUM,Extended repair downtime; Repair cost high relative to purchase; Older equipment,1,10
DEMO-DEV-5094,DEMO-5094,7,LOW,"",0,0
DEMO-DEV-5095,DEMO-5095,4,LOW,"",0,0
DEMO-DEV-5103,DEMO-5103,46,MEDIUM,Extended repair downtime; Repair cost high relative to purchase; Older equipment,1,8
DEMO-DEV-5104,DEMO-5104,27,LOW,Extended repair downtime,1,12
DEMO-DEV-5117,DEMO-5117,26,LOW,Extended repair downtime,1,9
DEMO-DEV-5131,DEMO-5131,1,LOW,"",0,0
DEMO-DEV-5146,DEMO-5146,3,LOW,"",0,0
DEMO-DEV-5147,DEMO-5147,26,LOW,Older equipment,1,0
DEMO-DEV-5148,DEMO-5148,6,LOW,"",0,0
DEMO-DEV-5159,DEMO-5159,14,LOW,"",1,0
DEMO-DEV-5161,DEMO-5161,1,LOW,"",0,0
DEMO-DEV-5162,DEMO-5162,4,LOW,"",0,0
DEMO-DEV-5173,DEMO-5173,3,LOW,"",0,0
DEMO-DEV-5174,DEMO-5174,6,LOW,"",0,0
DEMO-DEV-5178,DEMO-5178,8,LOW,Older equipment,0,0
DEMO-DEV-5201,DEMO-5201,19,LOW,Extended repair downtime,0,11
DEMO-DEV-5214,DEMO-5214,5,LOW,"",0,0
DEMO-DEV-5215,DEMO-5215,15,LOW,"",1,3
DEMO-DEV-5216,DEMO-5216,9,LOW,Older equipment,0,0
DEMO-DEV-5229,DEMO-5229,6,LOW,"",0,3
DEMO-DEV-5231,DEMO-5231,25,LOW,Older equipment,1,4
DEMO-DEV-5232,DEMO-5232,16,LOW,Extended repair downtime,0,11
DEMO-DEV-5233,DEMO-5233,13,LOW,Extended repair downtime,0,9
DEMO-DEV-5234,DEMO-5234,7,LOW,"",0,0
DEMO-DEV-5244,DEMO-5244,77,HIGH,Frequent repairs in last 365 days; Extended repair downtime,7,38
DEMO-DEV-5246,DEMO-5246,35,LOW,Extended repair downtime; Older equipment,1,11
DEMO-DEV-5247,DEMO-5247,9,LOW,Older equipment,0,0
DEMO-DEV-5248,DEMO-5248,18,LOW,Extended repair downtime; Older equipment,0,9
DEMO-DEV-5255,DEMO-5255,6,LOW,"",0,0
DEMO-DEV-5269,DEMO-5269,4,LOW,"",0,0
DEMO-DEV-5270,DEMO-5270,43,MEDIUM,Frequent repairs in last 365 days; Repair cost high relative to purchase,2,2
DEMO-DEV-5283,DEMO-5283,15,LOW,Extended repair downtime; Older equipment,0,7
DEMO-DEV-5285,DEMO-5285,12,LOW,Extended repair downtime,0,10
DEMO-DEV-5297,DEMO-5297,53,MEDIUM,Frequent repairs in last 365 days; Extended repair downtime; Repair cost high relative to purchase,2,13
DEMO-DEV-5298,DEMO-5298,24,LOW,Extended repair downtime,1,12
DEMO-DEV-5299,DEMO-5299,20,LOW,"",1,5
DEMO-DEV-5301,DEMO-5301,20,LOW,Extended repair downtime,0,11
DEMO-DEV-5302,DEMO-5302,8,LOW,"",0,3
DEMO-DEV-5311,DEMO-5311,12,LOW,Extended repair downtime,0,8
DEMO-DEV-5325,DEMO-5325,35,LOW,Extended repair downtime; Repair cost high relative to purchase,0,9
DEMO-DEV-5327,DEMO-5327,47,MEDIUM,Extended repair downtime; Repair cost high relative to purchase,1,12
DEMO-DEV-5328,DEMO-5328,15,LOW,"",1,1
DEMO-DEV-5339,DEMO-5339,23,LOW,Extended repair downtime,1,7
DEMO-DEV-5340,DEMO-5340,16,LOW,Extended repair downtime,0,9
DEMO-DEV-5352,DEMO-5352,18,LOW,"",1,3
DEMO-DEV-5353,DEMO-5353,21,LOW,"",1,4
DEMO-DEV-5354,DEMO-5354,20,LOW,"",1,6
DEMO-DEV-5356,DEMO-5356,5,LOW,"",0,0
DEMO-DEV-5359,DEMO-5359,8,LOW,Older equipment,0,0
DEMO-DEV-5366,DEMO-5366,2,LOW,"",0,0
DEMO-DEV-5367,DEMO-5367,5,LOW,"",0,0
DEMO-DEV-5369,DEMO-5369,20,LOW,Extended repair downtime,0,13
DEMO-DEV-5372,DEMO-5372,18,LOW,Extended repair downtime,0,7
DEMO-DEV-5374,DEMO-5374,8,LOW,Older equipment,0,0
DEMO-DEV-5375,DEMO-5375,22,LOW,Extended repair downtime,1,11
DEMO-DEV-5381,DEMO-5381,19,LOW,"",1,3
DEMO-DEV-5383,DEMO-5383,51,MEDIUM,Extended repair downtime; Repair cost high relative to purchase; Older equipment,1,12
DEMO-DEV-5384,DEMO-5384,6,LOW,"",0,2
DEMO-DEV-5394,DEMO-5394,7,LOW,Older equipment,0,0
DEMO-DEV-5407,DEMO-5407,3,LOW,"",0,0
DEMO-DEV-5408,DEMO-5408,35,LOW,Extended repair downtime; Older equipment,1,15
DEMO-DEV-5409,DEMO-5409,5,LOW,"",0,0
DEMO-DEV-5423,DEMO-5423,5,LOW,"",0,0
DEMO-DEV-5425,DEMO-5425,48,MEDIUM,Extended repair downtime; Repair cost high relative to purchase,1,12
DEMO-DEV-5426,DEMO-5426,7,LOW,"",0,0
DEMO-DEV-5427,DEMO-5427,33,LOW,Extended repair downtime; Repair cost high relative to purchase,0,8
DEMO-DEV-5436,DEMO-5436,2,LOW,"",0,0
DEMO-DEV-5438,DEMO-5438,24,LOW,Extended repair downtime,0,21
DEMO-DEV-5440,DEMO-5440,18,LOW,Extended repair downtime,0,11
DEMO-DEV-5441,DEMO-5441,29,LOW,Extended repair downtime; Older equipment,1,10
DEMO-DEV-5443,DEMO-5443,23,LOW,Older equipment,1,0
DEMO-DEV-5444,DEMO-5444,14,LOW,Extended repair downtime,0,7
DEMO-DEV-5448,DEMO-5448,31,LOW,Repair cost high relative to purchase,1,0
DEMO-DEV-5451,DEMO-5451,23,LOW,Older equipment,1,5
DEMO-DEV-5475,DEMO-5475,2,LOW,"",0,0
DEMO-DEV-5476,DEMO-5476,16,LOW,"",1,0
DEMO-DEV-5477,DEMO-5477,8,LOW,Older equipment,0,0
DEMO-DEV-5489,DEMO-5489,24,LOW,Older equipment,1,0
DEMO-DEV-5491,DEMO-5491,32,LOW,Repair cost high relative to purchase,0,5
DEMO-DEV-5493,DEMO-5493,7,LOW,"",0,0
DEMO-DEV-5517,DEMO-5517,12,LOW,Extended repair downtime,0,8
DEMO-DEV-5518,DEMO-5518,39,LOW,Extended repair downtime; Repair cost high relative to purchase,1,7
DEMO-DEV-5519,DEMO-5519,32,LOW,Repair cost high relative to purchase,0,6
DEMO-DEV-5531,DEMO-5531,2,LOW,"",0,0
DEMO-DEV-5544,DEMO-5544,11,LOW,"",1,0
DEMO-DEV-5550,DEMO-5550,7,LOW,"",0,4
DEMO-DEV-5551,DEMO-5551,14,LOW,Extended repair downtime,0,11
DEMO-DEV-5552,DEMO-5552,27,LOW,Repair cost high relative to purchase,0,1
DEMO-DEV-5553,DEMO-5553,5,LOW,"",0,0
DEMO-DEV-5555,DEMO-5555,5,LOW,"",0,0
DEMO-DEV-5572,DEMO-5572,4,LOW,"",0,0
DEMO-DEV-5586,DEMO-5586,15,LOW,Extended repair downtime,0,9
DEMO-DEV-5587,DEMO-5587,1,LOW,"",0,0
DEMO-DEV-5600,DEMO-5600,88,HIGH,Frequent repairs in last 365 days; Extended repair downtime; Repair cost high relative to purchase; Older equipment,8,57
DEMO-DEV-5601,DEMO-5601,9,LOW,Older equipment,0,1
DEMO-DEV-5603,DEMO-5603,4,LOW,"",0,0
DEMO-DEV-5614,DEMO-5614,24,LOW,Repair cost high relative to purchase,0,2
DEMO-DEV-5615,DEMO-5615,10,LOW,Older equipment,0,0
DEMO-DEV-5657,DEMO-5657,9,LOW,"",0,5
DEMO-DEV-5658,DEMO-5658,6,LOW,"",0,1
DEMO-DEV-5659,DEMO-5659,5,LOW,"",0,0
DEMO-DEV-5670,DEMO-5670,76,HIGH,Frequent repairs in last 365 days; Extended repair downtime,5,42
DEMO-DEV-5672,DEMO-5672,28,LOW,Extended repair downtime; Older equipment,1,8
DEMO-DEV-5674,DEMO-5674,2,LOW,"",0,0
DEMO-DEV-5676,DEMO-5676,4,LOW,"",0,1
DEMO-DEV-5677,DEMO-5677,21,LOW,"",1,0
DEMO-DEV-5682,DEMO-5682,9,LOW,Older equipment,0,0
DEMO-DEV-5683,DEMO-5683,34,LOW,Extended repair downtime; Repair cost high relative to purchase,0,13
DEMO-DEV-5684,DEMO-5684,14,LOW,"",0,6
DEMO-DEV-5713,DEMO-5713,29,LOW,Extended repair downtime,1,15
DEMO-DEV-5716,DEMO-5716,21,LOW,"",1,4
DEMO-DEV-5717,DEMO-5717,22,LOW,Extended repair downtime; Older equipment,0,12
DEMO-DEV-5718,DEMO-5718,43,MEDIUM,Extended repair downtime; Repair cost high relative to purchase,1,8
DEMO-DEV-5719,DEMO-5719,9,LOW,Older equipment,0,0
DEMO-DEV-5724,DEMO-5724,19,LOW,Extended repair downtime,0,10
DEMO-DEV-5725,DEMO-5725,29,LOW,Extended repair downtime; Repair cost high relative to purchase,0,7
DEMO-DEV-5727,DEMO-5727,23,LOW,Extended repair downtime,0,9
DEMO-DEV-5738,DEMO-5738,1,LOW,"",0,0
DEMO-DEV-5739,DEMO-5739,17,LOW,Older equipment,0,5
DEMO-DEV-5741,DEMO-5741,23,LOW,Extended repair downtime; Older equipment,0,9
DEMO-DEV-5743,DEMO-5743,19,LOW,Extended repair downtime; Older equipment,0,11
DEMO-DEV-5753,DEMO-5753,12,LOW,"",0,5
DEMO-DEV-5755,DEMO-5755,6,LOW,"",0,0
DEMO-DEV-5756,DEMO-5756,9,LOW,Older equipment,0,0
DEMO-DEV-5766,DEMO-5766,18,LOW,"",0,6
DEMO-DEV-5769,DEMO-5769,13,LOW,"",0,5
DEMO-DEV-5771,DEMO-5771,3,LOW,"",0,0
DEMO-DEV-5775,DEMO-5775,28,LOW,Extended repair downtime,1,10
DEMO-DEV-5776,DEMO-5776,1,LOW,"",0,0
DEMO-DEV-5778,DEMO-5778,16,LOW,Extended repair downtime; Older equipment,0,7
DEMO-DEV-5780,DEMO-5780,40,MEDIUM,Frequent repairs in last 365 days; Extended repair downtime,2,15
DEMO-DEV-5781,DEMO-5781,6,LOW,"",0,0
DEMO-DEV-5782,DEMO-5782,7,LOW,Older equipment,0,0
DEMO-DEV-5794,DEMO-5794,1,LOW,"",0,0
DEMO-DEV-5807,DEMO-5807,6,LOW,"",0,0
DEMO-DEV-5808,DEMO-5808,24,LOW,Extended repair downtime,1,8
DEMO-DEV-5809,DEMO-5809,1,LOW,"",0,0
DEMO-DEV-5810,DEMO-5810,31,LOW,Repair cost high relative to purchase,1,5
DEMO-DEV-5821,DEMO-5821,19,LOW,Older equipment,0,4
DEMO-DEV-5823,DEMO-5823,32,LOW,Extended repair downtime,1,15
DEMO-DEV-5835,DEMO-5835,44,MEDIUM,Extended repair downtime; Repair cost high relative to purchase,1,8
DEMO-DEV-5837,DEMO-5837,42,MEDIUM,Extended repair downtime; Repair cost high relative to purchase,0,18
DEMO-DEV-5849,DEMO-5849,3,LOW,"",0,0
DEMO-DEV-5850,DEMO-5850,4,LOW,"",0,0
DEMO-DEV-5863,DEMO-5863,75,HIGH,Frequent repairs in last 365 days; Extended repair downtime,5,54
DEMO-DEV-5864,DEMO-5864,14,LOW,Extended repair downtime,0,8
DEMO-DEV-5878,DEMO-5878,26,LOW,Frequent repairs in last 365 days,2,3
DEMO-DEV-5879,DEMO-5879,1,LOW,"",0,0
DEMO-DEV-5880,DEMO-5880,93,HIGH,Frequent repairs in last 365 days; Extended repair downtime; Repair cost high relative to purchase; Older equipment,6,46
DEMO-DEV-5890,DEMO-5890,4,LOW,"",0,0
DEMO-DEV-5891,DEMO-5891,4,LOW,"",0,0
DEMO-DEV-5904,DEMO-5904,6,LOW,"",0,0
DEMO-DEV-5905,DEMO-5905,20,LOW,"",1,4
DEMO-DEV-5932,DEMO-5932,35,LOW,Extended repair downtime,1,17
DEMO-DEV-5934,DEMO-5934,28,LOW,Extended repair downtime; Older equipment,0,10
DEMO-DEV-5935,DEMO-5935,78,HIGH,Frequent repairs in last 365 days; Extended repair downtime,4,58
DEMO-DEV-5936,DEMO-5936,22,LOW,Extended repair downtime; Older equipment,0,8
DEMO-DEV-5945,DEMO-5945,29,LOW,Extended repair downtime,1,12
DEMO-DEV-5946,DEMO-5946,87,HIGH,Frequent repairs in last 365 days; Extended repair downtime; Repair cost high relative to purchase,4,40
DEMO-DEV-5947,DEMO-5947,4,LOW,"",0,0
DEMO-DEV-5948,DEMO-5948,32,LOW,Extended repair downtime; Older equipment,1,9
DEMO-DEV-5949,DEMO-5949,6,LOW,"",0,1
DEMO-DEV-5960,DEMO-5960,1,LOW,"",0,0
DEMO-DEV-5974,DEMO-5974,5,LOW,"",0,0
DEMO-DEV-5988,DEMO-5988,28,LOW,Extended repair downtime,1,14
DEMO-DEV-5990,DEMO-5990,32,LOW,Frequent repairs in last 365 days; Extended repair downtime,2,8
DEMO-DEV-5991,DEMO-5991,3,LOW,"",0,0
DEMO-DEV-6001,DEMO-6001,3,LOW,"",0,0
DEMO-DEV-6003,DEMO-6003,27,LOW,Extended repair downtime,1,10
DEMO-DEV-6004,DEMO-6004,7,LOW,"",0,0
DEMO-DEV-6016,DEMO-6016,29,LOW,Repair cost high relative to purchase,0,6
DEMO-DEV-6017,DEMO-6017,2,LOW,"",0,0
DEMO-DEV-6018,DEMO-6018,47,MEDIUM,Extended repair downtime; Repair cost high relative to purchase,1,11
DEMO-DEV-6030,DEMO-6030,21,LOW,Extended repair downtime,1,8
DEMO-DEV-6031,DEMO-6031,9,LOW,"",0,0
DEMO-DEV-6033,DEMO-6033,6,LOW,"",0,0
DEMO-DEV-6035,DEMO-6035,27,LOW,Extended repair downtime; Repair cost high relative to purchase,0,7
DEMO-DEV-6045,DEMO-6045,10,LOW,Older equipment,0,0
DEMO-DEV-6042,DEMO-6042,20,LOW,Extended repair downtime,0,9
DEMO-DEV-6044,DEMO-6044,27,LOW,Repair cost high relative to purchase,0,6
DEMO-DEV-6047,DEMO-6047,25,LOW,Extended repair downtime; Older equipment,0,8
DEMO-DEV-6057,DEMO-6057,6,LOW,"",0,0
DEMO-DEV-6060,DEMO-6060,19,LOW,Extended repair downtime; Older equipment,0,9
DEMO-DEV-6061,DEMO-6061,13,LOW,"",0,5
DEMO-DEV-6062,DEMO-6062,23,LOW,Extended repair downtime,0,19
DEMO-DEV-6071,DEMO-6071,8,LOW,Older equipment,0,0
DEMO-DEV-6073,DEMO-6073,9,LOW,Older equipment,0,0
DEMO-DEV-6085,DEMO-6085,16,LOW,Extended repair downtime,0,10
DEMO-DEV-6087,DEMO-6087,2,LOW,"",0,0
DEMO-DEV-6090,DEMO-6090,12,LOW,Extended repair downtime,0,9
DEMO-DEV-6100,DEMO-6100,20,LOW,"",1,4
DEMO-DEV-6101,DEMO-6101,32,LOW,Frequent repairs in last 365 days,2,6
DEMO-DEV-6113,DEMO-6113,10,LOW,Older equipment,0,0
DEMO-DEV-6114,DEMO-6114,49,MEDIUM,Extended repair downtime; Repair cost high relative to purchase; Older equipment,1,10
DEMO-DEV-6127,DEMO-6127,49,MEDIUM,Extended repair downtime; Repair cost high relative to purchase; Older equipment,1,11
DEMO-DEV-6141,DEMO-6141,30,LOW,Extended repair downtime; Older equipment,1,10
DEMO-DEV-6155,DEMO-6155,15,LOW,Extended repair downtime; Older equipment,0,7
DEMO-DEV-6158,DEMO-6158,24,LOW,Extended repair downtime,1,11
DEMO-DEV-6159,DEMO-6159,7,LOW,"",0,0
DEMO-DEV-6161,DEMO-6161,3,LOW,"",0,0
DEMO-DEV-6169,DEMO-6169,28,LOW,Extended repair downtime; Older equipment,1,9
DEMO-DEV-6172,DEMO-6172,11,LOW,"",0,6
DEMO-DEV-6173,DEMO-6173,16,LOW,"",1,2
DEMO-DEV-6176,DEMO-6176,13,LOW,Older equipment,0,0
DEMO-DEV-6177,DEMO-6177,22,LOW,Extended repair downtime,0,13
DEMO-DEV-6183,DEMO-6183,32,LOW,Extended repair downtime; Repair cost high relative to purchase,0,10
DEMO-DEV-6184,DEMO-6184,8,LOW,Older equipment,0,0
DEMO-DEV-6197,DEMO-6197,15,LOW,Extended repair downtime,0,10
DEMO-DEV-6211,DEMO-6211,24,LOW,Extended repair downtime; Older equipment,0,11
DEMO-DEV-6212,DEMO-6212,6,LOW,"",0,0
DEMO-DEV-6214,DEMO-6214,23,LOW,Extended repair downtime,0,12
DEMO-DEV-6217,DEMO-6217,9,LOW,Older equipment,0,0
DEMO-DEV-6239,DEMO-6239,5,LOW,"",0,0
DEMO-DEV-6253,DEMO-6253,5,LOW,"",0,0
DEMO-DEV-6254,DEMO-6254,9,LOW,Older equipment,0,0
DEMO-DEV-6267,DEMO-6267,17,LOW,"",1,0
DEMO-DEV-6272,DEMO-6272,3,LOW,"",0,0
DEMO-DEV-6273,DEMO-6273,22,LOW,Extended repair downtime,1,8
DEMO-DEV-6276,DEMO-6276,93,HIGH,Frequent repairs in last 365 days; Extended repair downtime; Repair cost high relative to purchase,5,40
DEMO-DEV-6277,DEMO-6277,2,LOW,"",0,0
DEMO-DEV-6278,DEMO-6278,46,MEDIUM,Frequent repairs in last 365 days; Extended repair downtime,2,20
DEMO-DEV-6281,DEMO-6281,1,LOW,"",0,0
DEMO-DEV-6295,DEMO-6295,17,LOW,"",1,0
DEMO-DEV-6297,DEMO-6297,9,LOW,Older equipment,0,0
DEMO-DEV-6309,DEMO-6309,23,LOW,Extended repair downtime; Older equipment,0,12
DEMO-DEV-6310,DEMO-6310,27,LOW,Extended repair downtime,1,14
DEMO-DEV-6323,DEMO-6323,25,LOW,Older equipment,1,0
DEMO-DEV-6336,DEMO-6336,10,LOW,"",0,5
DEMO-DEV-6337,DEMO-6337,25,LOW,Extended repair downtime,1,12
DEMO-DEV-6341,DEMO-6341,77,HIGH,Frequent repairs in last 365 days; Extended repair downtime,4,41
DEMO-DEV-6342,DEMO-6342,7,LOW,"",0,0
DEMO-DEV-6350,DEMO-6350,5,LOW,"",0,0
DEMO-DEV-6351,DEMO-6351,28,LOW,Repair cost high relative to purchase,0,6
DEMO-DEV-6352,DEMO-6352,33,LOW,Frequent repairs in last 365 days,2,6
DEMO-DEV-6364,DEMO-6364,15,LOW,Extended repair downtime,0,7
DEMO-DEV-6365,DEMO-6365,27,LOW,Repair cost high relative to purchase,1,1
DEMO-DEV-6380,DEMO-6380,3,LOW,"",0,0
DEMO-DEV-6381,DEMO-6381,2,LOW,"",0,0
DEMO-DEV-6382,DEMO-6382,3,LOW,"",0,0
DEMO-DEV-6393,DEMO-6393,2,LOW,"",0,0
DEMO-DEV-6419,DEMO-6419,24,LOW,Extended repair downtime,1,8
DEMO-DEV-6434,DEMO-6434,37,LOW,Extended repair downtime; Repair cost high relative to purchase,0,10
DEMO-DEV-6435,DEMO-6435,34,LOW,Extended repair downtime; Repair cost high relative to purchase,0,10
DEMO-DEV-6438,DEMO-6438,7,LOW,"",0,5
DEMO-DEV-6439,DEMO-6439,83,HIGH,Frequent repairs in last 365 days; Extended repair downtime; Older equipment,8,64
DEMO-DEV-6442,DEMO-6442,13,LOW,"",1,1
DEMO-DEV-6444,DEMO-6444,9,LOW,Older equipment,0,0
DEMO-DEV-6447,DEMO-6447,14,LOW,"",1,1
DEMO-DEV-6448,DEMO-6448,5,LOW,"",0,0
DEMO-DEV-6449,DEMO-6449,24,LOW,Repair cost high relative to purchase,0,1
DEMO-DEV-6460,DEMO-6460,17,LOW,Extended repair downtime; Older equipment,0,9
DEMO-DEV-6463,DEMO-6463,19,LOW,Older equipment,0,6
DEMO-DEV-6465,DEMO-6465,22,LOW,Repair cost high relative to purchase,0,3
DEMO-DEV-6466,DEMO-6466,80,HIGH,Frequent repairs in last 365 days; Extended repair downtime; Repair cost high relative to purchase; Older equipment,6,17
DEMO-DEV-6471,DEMO-6471,7,LOW,"",0,5
DEMO-DEV-6473,DEMO-6473,8,LOW,"",0,6
DEMO-DEV-6475,DEMO-6475,28,LOW,Frequent repairs in last 365 days,2,2
DEMO-DEV-6477,DEMO-6477,26,LOW,Extended repair downtime,1,12
DEMO-DEV-6478,DEMO-6478,2,LOW,"",0,0
DEMO-DEV-6479,DEMO-6479,41,MEDIUM,Repair cost high relative to purchase,1,5
DEMO-DEV-6482,DEMO-6482,0,LOW,"",0,0
DEMO-DEV-6489,DEMO-6489,30,LOW,Extended repair downtime,1,12
DEMO-DEV-6503,DEMO-6503,9,LOW,Older equipment,0,0
DEMO-DEV-6504,DEMO-6504,4,LOW,"",0,0
DEMO-DEV-6516,DEMO-6516,1,LOW,"",0,0
DEMO-DEV-6517,DEMO-6517,9,LOW,Older equipment,0,0
DEMO-DEV-6518,DEMO-6518,9,LOW,Older equipment,0,0
DEMO-DEV-6529,DEMO-6529,1,LOW,"",0,0
DEMO-DEV-6531,DEMO-6531,8,LOW,Older equipment,0,0
DEMO-DEV-6534,DEMO-6534,38,LOW,Frequent repairs in last 365 days; Extended repair downtime,2,12
DEMO-DEV-6546,DEMO-6546,35,LOW,Repair cost high relative to purchase,1,0
DEMO-DEV-6547,DEMO-6547,6,LOW,"",0,0
DEMO-DEV-6549,DEMO-6549,25,LOW,Extended repair downtime; Repair cost high relative to purchase,0,10
DEMO-DEV-6571,DEMO-6571,26,LOW,"",1,5
DEMO-DEV-6572,DEMO-6572,33,LOW,Extended repair downtime; Repair cost high relative to purchase,0,12
DEMO-DEV-6585,DEMO-6585,4,LOW,"",0,0
DEMO-DEV-6601,DEMO-6601,8,LOW,Older equipment,0,0
DEMO-DEV-6602,DEMO-6602,16,LOW,"",1,4
DEMO-DEV-6603,DEMO-6603,8,LOW,Older equipment,0,0
DEMO-DEV-6613,DEMO-6613,9,LOW,"",0,2
DEMO-DEV-6614,DEMO-6614,23,LOW,Extended repair downtime,1,9
DEMO-DEV-6615,DEMO-6615,19,LOW,Extended repair downtime; Older equipment,0,11
DEMO-DEV-6627,DEMO-6627,34,LOW,Repair cost high relative to purchase,1,0
DEMO-DEV-6641,DEMO-6641,47,MEDIUM,Extended repair downtime; Older equipment,1,23
DEMO-DEV-6654,DEMO-6654,5,LOW,"",0,0
DEMO-DEV-6656,DEMO-6656,16,LOW,"",0,6
DEMO-DEV-6668,DEMO-6668,8,LOW,Older equipment,0,0
DEMO-DEV-6669,DEMO-6669,48,MEDIUM,Frequent repairs in last 365 days; Repair cost high relative to purchase; Older equipment,2,1
DEMO-DEV-6671,DEMO-6671,8,LOW,"",0,6
DEMO-DEV-6682,DEMO-6682,5,LOW,"",0,0
DEMO-DEV-6683,DEMO-6683,16,LOW,"",0,5
DEMO-DEV-6686,DEMO-6686,81,HIGH,Frequent repairs in last 365 days; Extended repair downtime; Older equipment,4,53
DEMO-DEV-6687,DEMO-6687,38,LOW,Extended repair downtime; Repair cost high relative to purchase; Older equipment,0,10
DEMO-DEV-6691,DEMO-6691,2,LOW,"",0,0
DEMO-DEV-6692,DEMO-6692,18,LOW,Extended repair downtime; Older equipment,0,8
DEMO-DEV-6696,DEMO-6696,8,LOW,"",0,4
DEMO-DEV-6698,DEMO-6698,35,LOW,Extended repair downtime; Repair cost high relative to purchase,0,12
DEMO-DEV-6711,DEMO-6711,28,LOW,Extended repair downtime,1,12
DEMO-DEV-6712,DEMO-6712,4,LOW,"",0,0
DEMO-DEV-6713,DEMO-6713,1,LOW,"",0,0
DEMO-DEV-6714,DEMO-6714,1,LOW,"",0,0
DEMO-DEV-6717,DEMO-6717,36,LOW,Extended repair downtime; Repair cost high relative to purchase; Older equipment,0,9
DEMO-DEV-6723,DEMO-6723,44,MEDIUM,Extended repair downtime; Repair cost high relative to purchase; Older equipment,0,14
DEMO-DEV-6725,DEMO-6725,10,LOW,Older equipment,0,0
DEMO-DEV-6726,DEMO-6726,72,HIGH,Frequent repairs in last 365 days; Extended repair downtime,5,60
DEMO-DEV-6727,DEMO-6727,5,LOW,"",0,0
DEMO-DEV-6737,DEMO-6737,7,LOW,Older equipment,0,0
DEMO-DEV-6738,DEMO-6738,22,LOW,Extended repair downtime,1,8
DEMO-DEV-6739,DEMO-6739,4,LOW,"",0,0
DEMO-DEV-6752,DEMO-6752,17,LOW,"",1,3
DEMO-DEV-6753,DEMO-6753,9,LOW,Older equipment,0,0
DEMO-DEV-6766,DEMO-6766,33,LOW,Repair cost high relative to purchase,1,3
DEMO-DEV-6767,DEMO-6767,8,LOW,"",0,2
DEMO-DEV-6768,DEMO-6768,2,LOW,"",0,0
DEMO-DEV-6769,DEMO-6769,6,LOW,"",0,0
DEMO-DEV-6779,DEMO-6779,20,LOW,Extended repair downtime; Older equipment,0,10
DEMO-DEV-6781,DEMO-6781,25,LOW,Repair cost high relative to purchase,0,5
DEMO-DEV-6782,DEMO-6782,0,LOW,"",0,0
DEMO-DEV-6793,DEMO-6793,17,LOW,Extended repair downtime; Older equipment,0,9
DEMO-DEV-6795,DEMO-6795,13,LOW,Extended repair downtime,0,8
DEMO-DEV-6797,DEMO-6797,33,LOW,Extended repair downtime; Repair cost high relative to purchase,0,8
DEMO-DEV-6807,DEMO-6807,21,LOW,Repair cost high relative to purchase,0,0
DEMO-DEV-6812,DEMO-6812,21,LOW,Extended repair downtime,0,8
DEMO-DEV-6813,DEMO-6813,10,LOW,"",0,3
DEMO-DEV-6815,DEMO-6815,4,LOW,"",0,0
DEMO-DEV-6817,DEMO-6817,4,LOW,"",0,0
DEMO-DEV-6822,DEMO-6822,5,LOW,"",0,0
DEMO-DEV-6834,DEMO-6834,10,LOW,Older equipment,0,0
DEMO-DEV-6836,DEMO-6836,21,LOW,Extended repair downtime,0,11
DEMO-DEV-6839,DEMO-6839,20,LOW,Extended repair downtime,0,10
DEMO-DEV-6840,DEMO-6840,1,LOW,"",0,0
DEMO-DEV-6843,DEMO-6843,19,LOW,"",1,0
DEMO-DEV-6848,DEMO-6848,42,MEDIUM,Extended repair downtime; Repair cost high relative to purchase,0,21
DEMO-DEV-6850,DEMO-6850,28,LOW,Extended repair downtime,1,11
DEMO-DEV-6862,DEMO-6862,17,LOW,Extended repair downtime,0,10
DEMO-DEV-6863,DEMO-6863,26,LOW,Extended repair downtime,0,12
DEMO-DEV-6864,DEMO-6864,8,LOW,Older equipment,0,0
DEMO-DEV-6878,DEMO-6878,12,LOW,Older equipment,0,1
DEMO-DEV-6876,DEMO-6876,20,LOW,"",1,3
DEMO-DEV-6890,DEMO-6890,40,MEDIUM,Extended repair downtime; Repair cost high relative to purchase,1,9
DEMO-DEV-6892,DEMO-6892,26,LOW,Extended repair downtime; Older equipment,0,10
DEMO-DEV-6905,DEMO-6905,48,MEDIUM,Frequent repairs in last 365 days; Extended repair downtime; Older equipment,2,18
DEMO-DEV-6904,DEMO-6904,32,LOW,Extended repair downtime; Repair cost high relative to purchase,1,8
DEMO-DEV-6918,DEMO-6918,4,LOW,"",0,0
DEMO-DEV-6932,DEMO-6932,24,LOW,Repair cost high relative to purchase,0,3
DEMO-DEV-6934,DEMO-6934,27,LOW,Extended repair downtime; Older equipment,0,18
DEMO-DEV-6946,DEMO-6946,20,LOW,"",1,3
DEMO-DEV-6947,DEMO-6947,17,LOW,Extended repair downtime,0,10
DEMO-DEV-6960,DEMO-6960,13,LOW,Extended repair downtime,0,8
DEMO-DEV-6961,DEMO-6961,3,LOW,"",0,0
DEMO-DEV-6973,DEMO-6973,18,LOW,"",1,5
DEMO-DEV-6974,DEMO-6974,13,LOW,Older equipment,0,2
DEMO-DEV-6975,DEMO-6975,6,LOW,"",0,0
DEMO-DEV-6976,DEMO-6976,32,LOW,Extended repair downtime; Older equipment,0,15
DEMO-DEV-6987,DEMO-6987,8,LOW,Older equipment,0,0
DEMO-DEV-7002,DEMO-7002,10,LOW,"",0,2
DEMO-DEV-7003,DEMO-7003,43,MEDIUM,Extended repair downtime; Repair cost high relative to purchase,1,9
DEMO-DEV-7004,DEMO-7004,9,LOW,Older equipment,0,0
DEMO-DEV-7016,DEMO-7016,8,LOW,Older equipment,0,0
DEMO-DEV-7034,DEMO-7034,27,LOW,Older equipment,1,4
DEMO-DEV-7029,DEMO-7029,4,LOW,"",0,0
DEMO-DEV-7031,DEMO-7031,7,LOW,"",0,2
DEMO-DEV-7033,DEMO-7033,5,LOW,"",0,0
DEMO-DEV-7058,DEMO-7058,3,LOW,"",0,0
DEMO-DEV-7059,DEMO-7059,16,LOW,"",1,0
DEMO-DEV-7060,DEMO-7060,22,LOW,Extended repair downtime,1,7
DEMO-DEV-7085,DEMO-7085,22,LOW,Extended repair downtime,0,17
DEMO-DEV-7087,DEMO-7087,36,LOW,Extended repair downtime,1,22
DEMO-DEV-7089,DEMO-7089,0,LOW,"",0,0
DEMO-DEV-7090,DEMO-7090,9,LOW,Older equipment,0,0
DEMO-DEV-7113,DEMO-7113,3,LOW,"",0,0
DEMO-DEV-7114,DEMO-7114,6,LOW,"",0,0
DEMO-DEV-7127,DEMO-7127,27,LOW,Extended repair downtime,1,11
DEMO-DEV-7140,DEMO-7140,8,LOW,Older equipment,0,0
DEMO-DEV-7154,DEMO-7154,33,LOW,Extended repair downtime,0,20
DEMO-DEV-7157,DEMO-7157,23,LOW,"",1,1
DEMO-DEV-7158,DEMO-7158,4,LOW,"",0,0
DEMO-DEV-7159,DEMO-7159,6,LOW,"",0,0
DEMO-DEV-7170,DEMO-7170,3,LOW,"",0,0
DEMO-DEV-7171,DEMO-7171,41,MEDIUM,Extended repair downtime; Repair cost high relative to purchase,1,10
DEMO-DEV-7172,DEMO-7172,9,LOW,Older equipment,0,0
DEMO-DEV-7182,DEMO-7182,5,LOW,"",0,0
DEMO-DEV-7213,DEMO-7213,44,MEDIUM,Extended repair downtime; Older equipment,1,21
DEMO-DEV-7214,DEMO-7214,42,MEDIUM,Extended repair downtime; Older equipment,1,22
DEMO-DEV-7215,DEMO-7215,23,LOW,Extended repair downtime,0,9
DEMO-DEV-7225,DEMO-7225,12,LOW,Extended repair downtime,0,7
DEMO-DEV-7226,DEMO-7226,21,LOW,Extended repair downtime,1,8
DEMO-DEV-7238,DEMO-7238,8,LOW,"",0,1
DEMO-DEV-7239,DEMO-7239,19,LOW,Extended repair downtime; Older equipment,0,11
DEMO-DEV-7250,DEMO-7250,3,LOW,"",0,0
DEMO-DEV-7264,DEMO-7264,6,LOW,"",0,0
DEMO-DEV-7267,DEMO-7267,16,LOW,"",1,1
DEMO-DEV-7269,DEMO-7269,1,LOW,"",0,0
DEMO-DEV-7270,DEMO-7270,9,LOW,Older equipment,0,0
DEMO-DEV-7278,DEMO-7278,22,LOW,Extended repair downtime,0,12
DEMO-DEV-7279,DEMO-7279,5,LOW,"",0,0
DEMO-DEV-7305,DEMO-7305,16,LOW,Extended repair downtime,0,10
DEMO-DEV-7306,DEMO-7306,24,LOW,Extended repair downtime,0,9
DEMO-DEV-7308,DEMO-7308,29,LOW,Repair cost high relative to purchase; Older equipment,0,0
DEMO-DEV-7311,DEMO-7311,10,LOW,Extended repair downtime,0,7
DEMO-DEV-7322,DEMO-7322,10,LOW,Older equipment,0,0
DEMO-DEV-7320,DEMO-7320,39,LOW,Repair cost high relative to purchase; Older equipment,1,0
DEMO-DEV-7323,DEMO-7323,9,LOW,Older equipment,0,0
DEMO-DEV-7332,DEMO-7332,16,LOW,Older equipment,0,6
DEMO-DEV-7331,DEMO-7331,0,LOW,"",0,0
DEMO-DEV-7333,DEMO-7333,20,LOW,Extended repair downtime,0,14
DEMO-DEV-7334,DEMO-7334,8,LOW,"",0,0
DEMO-DEV-7346,DEMO-7346,10,LOW,Older equipment,0,0
DEMO-DEV-7347,DEMO-7347,2,LOW,"",0,0
DEMO-DEV-7359,DEMO-7359,40,MEDIUM,Extended repair downtime; Repair cost high relative to purchase,0,14
DEMO-DEV-7360,DEMO-7360,2,LOW,"",0,1
DEMO-DEV-7361,DEMO-7361,73,HIGH,Frequent repairs in last 365 days; Extended repair downtime,6,27
DEMO-DEV-7372,DEMO-7372,31,LOW,Extended repair downtime; Repair cost high relative to purchase,0,7
DEMO-DEV-7374,DEMO-7374,4,LOW,"",0,0
DEMO-DEV-7375,DEMO-7375,21,LOW,Extended repair downtime,0,11
DEMO-DEV-7376,DEMO-7376,6,LOW,"",0,1
DEMO-DEV-7377,DEMO-7377,24,LOW,Older equipment,1,5
DEMO-DEV-7392,DEMO-7392,10,LOW,Older equipment,0,0
DEMO-DEV-7389,DEMO-7389,34,LOW,Extended repair downtime; Repair cost high relative to purchase,1,7
DEMO-DEV-7391,DEMO-7391,20,LOW,Older equipment,1,2
DEMO-DEV-7393,DEMO-7393,3,LOW,"",0,0
DEMO-DEV-7395,DEMO-7395,35,LOW,Frequent repairs in last 365 days; Extended repair downtime,2,12
DEMO-DEV-7400,DEMO-7400,16,LOW,"",0,3
DEMO-DEV-7416,DEMO-7416,23,LOW,"",1,5
DEMO-DEV-7417,DEMO-7417,29,LOW,Extended repair downtime; Repair cost high relative to purchase; Older equipment,0,8
DEMO-DEV-7418,DEMO-7418,13,LOW,Extended repair downtime,0,8
DEMO-DEV-7428,DEMO-7428,12,LOW,"",0,6
DEMO-DEV-7429,DEMO-7429,1,LOW,"",0,0
DEMO-DEV-7431,DEMO-7431,3,LOW,"",0,0
DEMO-DEV-7432,DEMO-7432,24,LOW,Extended repair downtime,1,12
DEMO-DEV-7442,DEMO-7442,2,LOW,"",0,0
DEMO-DEV-7456,DEMO-7456,4,LOW,"",0,0
DEMO-DEV-7458,DEMO-7458,10,LOW,Older equipment,0,0
DEMO-DEV-7470,DEMO-7470,17,LOW,"",1,0
DEMO-DEV-7471,DEMO-7471,26,LOW,Extended repair downtime,1,9
DEMO-DEV-7484,DEMO-7484,20,LOW,Repair cost high relative to purchase,0,5
DEMO-DEV-7485,DEMO-7485,20,LOW,Older equipment,1,0
DEMO-DEV-7487,DEMO-7487,41,MEDIUM,Repair cost high relative to purchase; Older equipment,1,3
DEMO-DEV-7488,DEMO-7488,24,LOW,Extended repair downtime,1,10
DEMO-DEV-7489,DEMO-7489,2,LOW,"",0,0
DEMO-DEV-7497,DEMO-7497,7,LOW,"",0,0
DEMO-DEV-7498,DEMO-7498,35,LOW,Repair cost high relative to purchase,1,1
DEMO-DEV-7499,DEMO-7499,5,LOW,"",0,0
DEMO-DEV-7500,DEMO-7500,7,LOW,"",0,0
DEMO-DEV-7511,DEMO-7511,2,LOW,"",0,0
DEMO-DEV-7525,DEMO-7525,21,LOW,Repair cost high relative to purchase,0,3
DEMO-DEV-7526,DEMO-7526,9,LOW,Older equipment,0,0
DEMO-DEV-7538,DEMO-7538,3,LOW,"",0,0
DEMO-DEV-7539,DEMO-7539,0,LOW,"",0,0
DEMO-DEV-7553,DEMO-7553,21,LOW,Extended repair downtime,0,8
DEMO-DEV-7555,DEMO-7555,10,LOW,Older equipment,0,0
DEMO-DEV-7557,DEMO-7557,9,LOW,Older equipment,0,0
DEMO-DEV-7558,DEMO-7558,1,LOW,"",0,0
DEMO-DEV-7567,DEMO-7567,36,LOW,Extended repair downtime; Older equipment,1,17
DEMO-DEV-7580,DEMO-7580,5,LOW,"",0,0
DEMO-DEV-7581,DEMO-7581,54,MEDIUM,Extended repair downtime; Repair cost high relative to purchase; Older equipment,1,14
DEMO-DEV-7582,DEMO-7582,8,LOW,Older equipment,0,0
DEMO-DEV-7594,DEMO-7594,47,MEDIUM,Extended repair downtime; Repair cost high relative to purchase; Older equipment,1,8
DEMO-DEV-7595,DEMO-7595,34,LOW,Extended repair downtime; Repair cost high relative to purchase,0,11
DEMO-DEV-7607,DEMO-7607,14,LOW,"",0,3
DEMO-DEV-7608,DEMO-7608,6,LOW,"",0,0
DEMO-DEV-7610,DEMO-7610,41,MEDIUM,Frequent repairs in last 365 days; Extended repair downtime; Older equipment,2,12
DEMO-DEV-7611,DEMO-7611,27,LOW,Extended repair downtime,1,7
DEMO-DEV-7622,DEMO-7622,17,LOW,Extended repair downtime,0,7
DEMO-DEV-7623,DEMO-7623,9,LOW,Older equipment,0,0
DEMO-DEV-7634,DEMO-7634,13,LOW,Older equipment,0,3
DEMO-DEV-7635,DEMO-7635,13,LOW,"",1,0
DEMO-DEV-7636,DEMO-7636,31,LOW,Repair cost high relative to purchase; Older equipment,1,0
DEMO-DEV-7637,DEMO-7637,31,LOW,Repair cost high relative to purchase,0,6
DEMO-DEV-7648,DEMO-7648,5,LOW,"",0,0
DEMO-DEV-7649,DEMO-7649,6,LOW,"",0,0
DEMO-DEV-7662,DEMO-7662,3,LOW,"",0,0
DEMO-DEV-7663,DEMO-7663,8,LOW,Older equipment,0,0
DEMO-DEV-7664,DEMO-7664,9,LOW,Older equipment,0,0
DEMO-DEV-7676,DEMO-7676,0,LOW,"",0,0
DEMO-DEV-7677,DEMO-7677,32,LOW,Extended repair downtime; Repair cost high relative to purchase,0,10
DEMO-DEV-7678,DEMO-7678,3,LOW,"",0,0
DEMO-DEV-7679,DEMO-7679,8,LOW,Older equipment,0,0
DEMO-DEV-7680,DEMO-7680,11,LOW,Extended repair downtime,0,7
DEMO-DEV-7690,DEMO-7690,18,LOW,Older equipment,0,3
DEMO-DEV-7691,DEMO-7691,25,LOW,Extended repair downtime; Older equipment,0,12
DEMO-DEV-7705,DEMO-7705,30,LOW,Extended repair downtime,1,13
DEMO-DEV-7706,DEMO-7706,1,LOW,"",0,0
DEMO-DEV-7708,DEMO-7708,13,LOW,"",1,0
DEMO-DEV-7711,DEMO-7711,2,LOW,"",0,0
DEMO-DEV-7718,DEMO-7718,4,LOW,"",0,0
DEMO-DEV-7732,DEMO-7732,10,LOW,Older equipment,0,0
DEMO-DEV-7747,DEMO-7747,19,LOW,"",1,4
DEMO-DEV-7750,DEMO-7750,46,MEDIUM,Extended repair downtime; Repair cost high relative to purchase,1,11
DEMO-DEV-7752,DEMO-7752,2,LOW,"",0,0
DEMO-DEV-7753,DEMO-7753,34,LOW,Extended repair downtime,1,13
DEMO-DEV-7754,DEMO-7754,9,LOW,Older equipment,0,0
DEMO-DEV-7756,DEMO-7756,36,LOW,Repair cost high relative to purchase,1,6
DEMO-DEV-7760,DEMO-7760,1,LOW,"",0,0
DEMO-DEV-7761,DEMO-7761,10,LOW,"",0,5
DEMO-DEV-7762,DEMO-7762,8,LOW,Older equipment,0,0
DEMO-DEV-7778,DEMO-7778,10,LOW,Older equipment,0,0
DEMO-DEV-7774,DEMO-7774,0,LOW,"",0,0
DEMO-DEV-7777,DEMO-7777,7,LOW,Older equipment,0,0
DEMO-DEV-7787,DEMO-7787,26,LOW,Extended repair downtime,1,12
DEMO-DEV-7788,DEMO-7788,6,LOW,"",0,0
DEMO-DEV-7802,DEMO-7802,7,LOW,"",0,0
DEMO-DEV-7804,DEMO-7804,47,MEDIUM,Extended repair downtime; Repair cost high relative to purchase,1,13
DEMO-DEV-7805,DEMO-7805,44,MEDIUM,Extended repair downtime; Repair cost high relative to purchase,1,13
DEMO-DEV-7806,DEMO-7806,24,LOW,Repair cost high relative to purchase,0,1
DEMO-DEV-7807,DEMO-7807,23,LOW,Extended repair downtime,1,7
DEMO-DEV-7829,DEMO-7829,22,LOW,Extended repair downtime; Older equipment,0,12
DEMO-DEV-7843,DEMO-7843,31,LOW,Extended repair downtime,1,19
DEMO-DEV-7856,DEMO-7856,8,LOW,Older equipment,0,0
DEMO-DEV-7857,DEMO-7857,26,LOW,Extended repair downtime,1,7
DEMO-DEV-7870,DEMO-7870,20,LOW,Extended repair downtime,0,10
DEMO-DEV-7873,DEMO-7873,12,LOW,Extended repair downtime,0,7
DEMO-DEV-7874,DEMO-7874,9,LOW,"",0,0
DEMO-DEV-7876,DEMO-7876,9,LOW,Older equipment,0,0
DEMO-DEV-7883,DEMO-7883,8,LOW,Older equipment,0,0
DEMO-DEV-7896,DEMO-7896,3,LOW,"",0,0
DEMO-DEV-7897,DEMO-7897,29,LOW,Frequent repairs in last 365 days,2,4
DEMO-DEV-7898,DEMO-7898,23,LOW,"",1,5
DEMO-DEV-7910,DEMO-7910,20,LOW,"",1,6
DEMO-DEV-7911,DEMO-7911,16,LOW,"",1,0
DEMO-DEV-7912,DEMO-7912,9,LOW,"",0,1
DEMO-DEV-7926,DEMO-7926,48,MEDIUM,Extended repair downtime; Repair cost high relative to purchase; Older equipment,1,9
DEMO-DEV-7927,DEMO-7927,93,HIGH,Frequent repairs in last 365 days; Extended repair downtime; Repair cost high relative to purchase,8,77
DEMO-DEV-7928,DEMO-7928,17,LOW,Extended repair downtime; Older equipment,0,8
DEMO-DEV-7939,DEMO-7939,55,MEDIUM,Extended repair downtime; Repair cost high relative to purchase; Older equipment,1,17
DEMO-DEV-7952,DEMO-7952,10,LOW,Older equipment,0,0
DEMO-DEV-7953,DEMO-7953,61,MEDIUM,Frequent repairs in last 365 days; Extended repair downtime; Repair cost high relative to purchase; Older equipment,2,14
DEMO-DEV-7966,DEMO-7966,5,LOW,"",0,0
DEMO-DEV-7980,DEMO-7980,22,LOW,Extended repair downtime; Older equipment,0,11
DEMO-DEV-7982,DEMO-7982,7,LOW,"",0,0
DEMO-DEV-7983,DEMO-7983,10,LOW,Older equipment,0,0
DEMO-DEV-7985,DEMO-7985,3,LOW,"",0,0
DEMO-DEV-8008,DEMO-8008,35,LOW,Repair cost high relative to purchase,1,0
DEMO-DEV-8010,DEMO-8010,32,LOW,Extended repair downtime; Older equipment,1,13
DEMO-DEV-8011,DEMO-8011,6,LOW,"",0,0
DEMO-DEV-8022,DEMO-8022,17,LOW,Older equipment,0,4
DEMO-DEV-8023,DEMO-8023,17,LOW,Extended repair downtime; Older equipment,0,7
DEMO-DEV-8036,DEMO-8036,44,MEDIUM,Extended repair downtime; Repair cost high relative to purchase,1,8
DEMO-DEV-8037,DEMO-8037,15,LOW,Extended repair downtime,0,12
DEMO-DEV-8038,DEMO-8038,9,LOW,Older equipment,0,0
DEMO-DEV-8049,DEMO-8049,6,LOW,"",0,0
DEMO-DEV-8050,DEMO-8050,3,LOW,"",0,0
DEMO-DEV-8052,DEMO-8052,21,LOW,Extended repair downtime; Older equipment,0,12
DEMO-DEV-8064,DEMO-8064,40,MEDIUM,Extended repair downtime; Repair cost high relative to purchase,0,14
DEMO-DEV-8066,DEMO-8066,0,LOW,"",0,0
DEMO-DEV-8067,DEMO-8067,6,LOW,"",0,0
DEMO-DEV-8091,DEMO-8091,10,LOW,Older equipment,0,0
DEMO-DEV-8092,DEMO-8092,5,LOW,"",0,0
DEMO-DEV-8105,DEMO-8105,15,LOW,"",1,0
DEMO-DEV-8106,DEMO-8106,16,LOW,Extended repair downtime,0,10
DEMO-DEV-8109,DEMO-8109,74,HIGH,Frequent repairs in last 365 days; Extended repair downtime; Repair cost high relative to purchase,4,12
DEMO-DEV-8111,DEMO-8111,10,LOW,"",0,6
DEMO-DEV-8120,DEMO-8120,27,LOW,Older equipment,1,6
DEMO-DEV-8119,DEMO-8119,18,LOW,Extended repair downtime,0,9
DEMO-DEV-8121,DEMO-8121,25,LOW,Extended repair downtime; Older equipment,0,7
DEMO-DEV-8132,DEMO-8132,1,LOW,"",0,0
DEMO-DEV-8133,DEMO-8133,6,LOW,"",0,0
DEMO-DEV-8146,DEMO-8146,35,LOW,Extended repair downtime; Older equipment,1,12
DEMO-DEV-8147,DEMO-8147,12,LOW,Older equipment,0,2
DEMO-DEV-8152,DEMO-8152,1,LOW,"",0,0
DEMO-DEV-8153,DEMO-8153,10,LOW,Older equipment,0,0
DEMO-DEV-8159,DEMO-8159,14,LOW,Extended repair downtime,0,8
DEMO-DEV-8160,DEMO-8160,3,LOW,"",0,0
DEMO-DEV-8161,DEMO-8161,29,LOW,Extended repair downtime; Older equipment,1,10
DEMO-DEV-8174,DEMO-8174,5,LOW,"",0,0
DEMO-DEV-8175,DEMO-8175,2,LOW,"",0,0
DEMO-DEV-8203,DEMO-8203,6,LOW,"",0,0
DEMO-DEV-8204,DEMO-8204,12,LOW,Older equipment,0,2
DEMO-DEV-8205,DEMO-8205,1,LOW,"",0,0
DEMO-DEV-8208,DEMO-8208,3,LOW,"",0,0
DEMO-DEV-8218,DEMO-8218,5,LOW,"",0,0
DEMO-DEV-8219,DEMO-8219,1,LOW,"",0,0
DEMO-DEV-8220,DEMO-8220,3,LOW,"",0,0
DEMO-DEV-8229,DEMO-8229,34,LOW,Repair cost high relative to purchase; Older equipment,0,6
DEMO-DEV-8230,DEMO-8230,9,LOW,Older equipment,0,0
DEMO-DEV-8231,DEMO-8231,0,LOW,"",0,0
DEMO-DEV-8232,DEMO-8232,7,LOW,Older equipment,0,0
DEMO-DEV-8233,DEMO-8233,1,LOW,"",0,0
DEMO-DEV-8237,DEMO-8237,22,LOW,Extended repair downtime; Older equipment,0,7
DEMO-DEV-8257,DEMO-8257,84,HIGH,Frequent repairs in last 365 days; Extended repair downtime,8,70
DEMO-DEV-8258,DEMO-8258,31,LOW,Repair cost high relative to purchase; Older equipment,0,2
DEMO-DEV-8272,DEMO-8272,7,LOW,Older equipment,0,0
DEMO-DEV-8273,DEMO-8273,7,LOW,"",0,0
DEMO-DEV-8285,DEMO-8285,2,LOW,"",0,0
DEMO-DEV-8286,DEMO-8286,93,HIGH,Frequent repairs in last 365 days; Extended repair downtime; Repair cost high relative to purchase,7,43
DEMO-DEV-8287,DEMO-8287,9,LOW,Older equipment,0,0
DEMO-DEV-8298,DEMO-8298,7,LOW,"",0,0
DEMO-DEV-8299,DEMO-8299,13,LOW,Extended repair downtime,0,11
DEMO-DEV-8303,DEMO-8303,1,LOW,"",0,0
DEMO-DEV-8304,DEMO-8304,2,LOW,"",0,0
DEMO-DEV-8305,DEMO-8305,9,LOW,Older equipment,0,0
DEMO-DEV-8313,DEMO-8313,7,LOW,Older equipment,0,0
DEMO-DEV-8315,DEMO-8315,9,LOW,Older equipment,0,0
DEMO-DEV-8316,DEMO-8316,14,LOW,Extended repair downtime,0,8
DEMO-DEV-8317,DEMO-8317,11,LOW,Extended repair downtime,0,7
DEMO-DEV-8326,DEMO-8326,32,LOW,Repair cost high relative to purchase; Older equipment,0,4
DEMO-DEV-8327,DEMO-8327,8,LOW,Older equipment,0,0
DEMO-DEV-8328,DEMO-8328,4,LOW,"",0,0
DEMO-DEV-8340,DEMO-8340,2,LOW,"",0,0
DEMO-DEV-8341,DEMO-8341,12,LOW,Extended repair downtime,0,8
DEMO-DEV-8342,DEMO-8342,93,HIGH,Frequent repairs in last 365 days; Extended repair downtime; Repair cost high relative to purchase,6,86
DEMO-DEV-8344,DEMO-8344,9,LOW,Older equipment,0,0
DEMO-DEV-8355,DEMO-8355,2,LOW,"",0,0
DEMO-DEV-8357,DEMO-8357,8,LOW,"",0,5
DEMO-DEV-8358,DEMO-8358,2,LOW,"",0,0
DEMO-DEV-8362,DEMO-8362,5,LOW,"",0,0
DEMO-DEV-8363,DEMO-8363,2,LOW,"",0,0
DEMO-DEV-8368,DEMO-8368,31,LOW,Extended repair downtime,1,10
DEMO-DEV-8369,DEMO-8369,11,LOW,"",0,6
DEMO-DEV-8383,DEMO-8383,26,LOW,Extended repair downtime; Older equipment,0,17
DEMO-DEV-8385,DEMO-8385,21,LOW,"",1,5
DEMO-DEV-8389,DEMO-8389,31,LOW,Extended repair downtime,1,14
DEMO-DEV-8390,DEMO-8390,7,LOW,Older equipment,0,0
DEMO-DEV-8391,DEMO-8391,1,LOW,"",0,0
DEMO-DEV-8394,DEMO-8394,9,LOW,Older equipment,0,0
DEMO-DEV-8395,DEMO-8395,10,LOW,Older equipment,0,0
DEMO-DEV-8397,DEMO-8397,21,LOW,Extended repair downtime,1,7
DEMO-DEV-8408,DEMO-8408,24,LOW,Repair cost high relative to purchase,1,1
DEMO-DEV-8409,DEMO-8409,14,LOW,Extended repair downtime,0,7
DEMO-DEV-8422,DEMO-8422,44,MEDIUM,Extended repair downtime; Older equipment,1,17
DEMO-DEV-8424,DEMO-8424,8,LOW,"",0,0
DEMO-DEV-8425,DEMO-8425,33,LOW,Extended repair downtime,1,11
DEMO-DEV-8426,DEMO-8426,7,LOW,Older equipment,0,0
DEMO-DEV-8436,DEMO-8436,41,MEDIUM,Extended repair downtime; Repair cost high relative to purchase; Older equipment,0,12
DEMO-DEV-8437,DEMO-8437,5,LOW,"",0,0
DEMO-DEV-8450,DEMO-8450,4,LOW,"",0,0
DEMO-DEV-8452,DEMO-8452,2,LOW,"",0,0
DEMO-DEV-8463,DEMO-8463,3,LOW,"",0,2
DEMO-DEV-8464,DEMO-8464,33,LOW,Extended repair downtime; Older equipment,1,12
DEMO-DEV-8477,DEMO-8477,28,LOW,Older equipment,1,5
DEMO-DEV-8492,DEMO-8492,3,LOW,"",0,0
DEMO-DEV-8494,DEMO-8494,60,MEDIUM,Frequent repairs in last 365 days; Extended repair downtime; Repair cost high relative to purchase,2,13
DEMO-DEV-8496,DEMO-8496,29,LOW,Repair cost high relative to purchase,1,2
DEMO-DEV-8497,DEMO-8497,9,LOW,Older equipment,0,0
DEMO-DEV-8505,DEMO-8505,20,LOW,Extended repair downtime; Older equipment,0,11
DEMO-DEV-8508,DEMO-8508,83,HIGH,Frequent repairs in last 365 days; Extended repair downtime; Older equipment,6,74
DEMO-DEV-8510,DEMO-8510,1,LOW,"",0,0
DEMO-DEV-8511,DEMO-8511,5,LOW,"",0,0
DEMO-DEV-8518,DEMO-8518,21,LOW,Older equipment,1,3
DEMO-DEV-8521,DEMO-8521,29,LOW,Extended repair downtime; Older equipment,0,16
DEMO-DEV-8523,DEMO-8523,37,LOW,Repair cost high relative to purchase; Older equipment,1,0
DEMO-DEV-8526,DEMO-8526,48,MEDIUM,Extended repair downtime; Repair cost high relative to purchase; Older equipment,0,20
DEMO-DEV-8528,DEMO-8528,21,LOW,"",1,4
DEMO-DEV-8530,DEMO-8530,5,LOW,"",0,0
DEMO-DEV-8532,DEMO-8532,8,LOW,Older equipment,0,0
DEMO-DEV-8534,DEMO-8534,16,LOW,"",1,2
DEMO-DEV-8535,DEMO-8535,31,LOW,Extended repair downtime,1,12
DEMO-DEV-8547,DEMO-8547,49,MEDIUM,Frequent repairs in last 365 days; Repair cost high relative to purchase,2,6
DEMO-DEV-8548,DEMO-8548,50,MEDIUM,Extended repair downtime; Repair cost high relative to purchase; Older equipment,1,10
DEMO-DEV-8549,DEMO-8549,31,LOW,Extended repair downtime; Repair cost high relative to purchase,0,9
DEMO-DEV-8561,DEMO-8561,2,LOW,"",0,0
DEMO-DEV-8562,DEMO-8562,6,LOW,"",0,0
DEMO-DEV-8573,DEMO-8573,7,LOW,"",0,4
DEMO-DEV-8574,DEMO-8574,21,LOW,Extended repair downtime,1,7
DEMO-DEV-8576,DEMO-8576,20,LOW,Repair cost high relative to purchase,0,1
DEMO-DEV-8589,DEMO-8589,2,LOW,"",0,0
DEMO-DEV-8590,DEMO-8590,22,LOW,Extended repair downtime; Older equipment,0,9
DEMO-DEV-8592,DEMO-8592,16,LOW,Older equipment,0,6
DEMO-DEV-8593,DEMO-8593,17,LOW,"",1,0
DEMO-DEV-8595,DEMO-8595,22,LOW,Repair cost high relative to purchase,0,1
DEMO-DEV-8602,DEMO-8602,9,LOW,Older equipment,0,0
DEMO-DEV-8603,DEMO-8603,51,MEDIUM,Frequent repairs in last 365 days; Extended repair downtime; Older equipment,2,23
DEMO-DEV-8606,DEMO-8606,3,LOW,"",0,0
DEMO-DEV-8607,DEMO-8607,11,LOW,"",0,5
DEMO-DEV-8616,DEMO-8616,14,LOW,Older equipment,0,6
DEMO-DEV-8618,DEMO-8618,18,LOW,Extended repair downtime; Older equipment,0,11
DEMO-DEV-8619,DEMO-8619,26,LOW,Older equipment,1,6
DEMO-DEV-8620,DEMO-8620,27,LOW,Extended repair downtime; Older equipment,1,7
DEMO-DEV-8629,DEMO-8629,40,MEDIUM,Extended repair downtime; Repair cost high relative to purchase,1,11
DEMO-DEV-8631,DEMO-8631,5,LOW,"",0,0
DEMO-DEV-8632,DEMO-8632,39,LOW,Extended repair downtime,1,19
DEMO-DEV-8634,DEMO-8634,27,LOW,Frequent repairs in last 365 days,2,3
DEMO-DEV-8643,DEMO-8643,0,LOW,"",0,0
DEMO-DEV-8644,DEMO-8644,6,LOW,"",0,0
DEMO-DEV-8646,DEMO-8646,20,LOW,Extended repair downtime,0,12
DEMO-DEV-8657,DEMO-8657,48,MEDIUM,Extended repair downtime; Repair cost high relative to purchase; Older equipment,1,9
DEMO-DEV-8658,DEMO-8658,27,LOW,Extended repair downtime,1,13
DEMO-DEV-8659,DEMO-8659,39,LOW,Repair cost high relative to purchase,1,3
DEMO-DEV-8671,DEMO-8671,98,HIGH,Frequent repairs in last 365 days; Extended repair downtime; Repair cost high relative to purchase; Older equipment,8,80
DEMO-DEV-8684,DEMO-8684,9,LOW,Older equipment,0,0
DEMO-DEV-8698,DEMO-8698,12,LOW,Older equipment,0,2
DEMO-DEV-8699,DEMO-8699,2,LOW,"",0,0
DEMO-DEV-8726,DEMO-8726,27,LOW,Extended repair downtime; Repair cost high relative to purchase,0,10
DEMO-DEV-8727,DEMO-8727,20,LOW,Extended repair downtime,0,12
DEMO-DEV-8728,DEMO-8728,1,LOW,"",0,0
DEMO-DEV-8733,DEMO-8733,20,LOW,Extended repair downtime,0,16
DEMO-DEV-8740,DEMO-8740,56,MEDIUM,Extended repair downtime; Repair cost high relative to purchase,1,19
DEMO-DEV-8741,DEMO-8741,20,LOW,Extended repair downtime,1,8
DEMO-DEV-8742,DEMO-8742,11,LOW,Older equipment,0,4
DEMO-DEV-8747,DEMO-8747,2,LOW,"",0,0
DEMO-DEV-8748,DEMO-8748,22,LOW,Older equipment,1,2
DEMO-DEV-8751,DEMO-8751,19,LOW,Extended repair downtime,1,7
DEMO-DEV-8755,DEMO-8755,9,LOW,Older equipment,0,0
DEMO-DEV-8757,DEMO-8757,2,LOW,"",0,0
DEMO-DEV-8759,DEMO-8759,19,LOW,Older equipment,1,0
DEMO-DEV-8760,DEMO-8760,42,MEDIUM,Extended repair downtime; Repair cost high relative to purchase,1,11
DEMO-DEV-8761,DEMO-8761,14,LOW,Older equipment,0,5
DEMO-DEV-8767,DEMO-8767,9,LOW,Older equipment,0,0
DEMO-DEV-8782,DEMO-8782,37,LOW,Extended repair downtime,1,23
DEMO-DEV-8783,DEMO-8783,10,LOW,Older equipment,0,0
DEMO-DEV-8784,DEMO-8784,51,MEDIUM,Frequent repairs in last 365 days; Extended repair downtime,2,19
DEMO-DEV-8785,DEMO-8785,14,LOW,Extended repair downtime,0,12
DEMO-DEV-8795,DEMO-8795,19,LOW,Older equipment,1,0
DEMO-DEV-8796,DEMO-8796,10,LOW,Older equipment,0,0
DEMO-DEV-8811,DEMO-8811,29,LOW,Repair cost high relative to purchase; Older equipment,0,2
DEMO-DEV-8812,DEMO-8812,10,LOW,Older equipment,0,0
DEMO-DEV-8813,DEMO-8813,38,LOW,Extended repair downtime,1,18
DEMO-DEV-8837,DEMO-8837,25,LOW,Repair cost high relative to purchase,0,0
DEMO-DEV-8839,DEMO-8839,15,LOW,Extended repair downtime,0,9
DEMO-DEV-8840,DEMO-8840,20,LOW,Extended repair downtime,0,7
DEMO-DEV-8842,DEMO-8842,8,LOW,Older equipment,0,0
DEMO-DEV-8851,DEMO-8851,3,LOW,"",0,0
DEMO-DEV-8852,DEMO-8852,8,LOW,Older equipment,0,0
DEMO-DEV-8865,DEMO-8865,3,LOW,"",0,0
DEMO-DEV-8894,DEMO-8894,25,LOW,Extended repair downtime,1,9
DEMO-DEV-8895,DEMO-8895,79,HIGH,Frequent repairs in last 365 days; Extended repair downtime,8,72
DEMO-DEV-8906,DEMO-8906,5,LOW,"",0,0
DEMO-DEV-8907,DEMO-8907,7,LOW,"",0,0
DEMO-DEV-8908,DEMO-8908,0,LOW,"",0,0
DEMO-DEV-8920,DEMO-8920,39,LOW,Extended repair downtime; Repair cost high relative to purchase,0,15
DEMO-DEV-8921,DEMO-8921,30,LOW,Extended repair downtime,1,12
DEMO-DEV-8922,DEMO-8922,37,LOW,Extended repair downtime; Repair cost high relative to purchase,0,12
DEMO-DEV-8924,DEMO-8924,35,LOW,Repair cost high relative to purchase,1,1
DEMO-DEV-8934,DEMO-8934,18,LOW,"",1,3
DEMO-DEV-8936,DEMO-8936,4,LOW,"",0,0
DEMO-DEV-8949,DEMO-8949,5,LOW,"",0,0
DEMO-DEV-8952,DEMO-8952,26,LOW,"",1,3
DEMO-DEV-8953,DEMO-8953,40,MEDIUM,Extended repair downtime; Repair cost high relative to purchase; Older equipment,0,11
DEMO-DEV-8954,DEMO-8954,21,LOW,Extended repair downtime,1,10
DEMO-DEV-8990,DEMO-8990,21,LOW,Extended repair downtime,1,8
DEMO-DEV-8991,DEMO-8991,28,LOW,Extended repair downtime; Repair cost high relative to purchase,0,11
DEMO-DEV-9005,DEMO-9005,83,HIGH,Frequent repairs in last 365 days; Extended repair downtime; Repair cost high relative to purchase,4,26
DEMO-DEV-9006,DEMO-9006,4,LOW,"",0,0
DEMO-DEV-9017,DEMO-9017,1,LOW,"",0,0
DEMO-DEV-9032,DEMO-9032,3,LOW,"",0,0
DEMO-DEV-9033,DEMO-9033,32,LOW,Extended repair downtime; Repair cost high relative to purchase,0,12
DEMO-DEV-9046,DEMO-9046,8,LOW,Older equipment,0,0
DEMO-DEV-9047,DEMO-9047,19,LOW,Extended repair downtime,0,12
DEMO-DEV-9058,DEMO-9058,8,LOW,Older equipment,0,0
DEMO-DEV-9059,DEMO-9059,19,LOW,Extended repair downtime,1,7
DEMO-DEV-9072,DEMO-9072,2,LOW,"",0,0
DEMO-DEV-9073,DEMO-9073,96,HIGH,Frequent repairs in last 365 days; Extended repair downtime; Repair cost high relative to purchase,5,41
DEMO-DEV-9074,DEMO-9074,20,LOW,"",1,6
DEMO-DEV-9086,DEMO-9086,40,MEDIUM,Frequent repairs in last 365 days; Repair cost high relative to purchase,2,4
DEMO-DEV-9088,DEMO-9088,5,LOW,"",0,0
DEMO-DEV-9089,DEMO-9089,3,LOW,"",0,0
DEMO-DEV-9099,DEMO-9099,15,LOW,Extended repair downtime,0,9
DEMO-DEV-9101,DEMO-9101,43,MEDIUM,Extended repair downtime; Repair cost high relative to purchase,1,8
DEMO-DEV-9113,DEMO-9113,20,LOW,"",1,5
DEMO-DEV-9116,DEMO-9116,8,LOW,Older equipment,0,0
DEMO-DEV-9117,DEMO-9117,42,MEDIUM,Extended repair downtime; Repair cost high relative to purchase; Older equipment,1,13
DEMO-DEV-9118,DEMO-9118,4,LOW,"",0,0
DEMO-DEV-9127,DEMO-9127,35,LOW,Extended repair downtime; Older equipment,1,12
DEMO-DEV-9128,DEMO-9128,3,LOW,"",0,0
DEMO-DEV-9129,DEMO-9129,15,LOW,Older equipment,0,5
DEMO-DEV-9141,DEMO-9141,3,LOW,"",0,1
DEMO-DEV-9143,DEMO-9143,23,LOW,Extended repair downtime; Older equipment,0,12
DEMO-DEV-9144,DEMO-9144,20,LOW,Extended repair downtime; Older equipment,0,12
DEMO-DEV-9155,DEMO-9155,15,LOW,Older equipment,0,2
DEMO-DEV-9168,DEMO-9168,40,MEDIUM,Extended repair downtime; Repair cost high relative to purchase; Older equipment,0,12
DEMO-DEV-9181,DEMO-9181,2,LOW,"",0,0
DEMO-DEV-9197,DEMO-9197,24,LOW,Older equipment,1,0
DEMO-DEV-9198,DEMO-9198,1,LOW,"",0,0
DEMO-DEV-9200,DEMO-9200,17,LOW,"",1,3
DEMO-DEV-9209,DEMO-9209,18,LOW,Older equipment,0,5
DEMO-DEV-9223,DEMO-9223,28,LOW,Frequent repairs in last 365 days,2,5
DEMO-DEV-9224,DEMO-9224,12,LOW,Older equipment,0,5
DEMO-DEV-9226,DEMO-9226,7,LOW,"",0,0
DEMO-DEV-9237,DEMO-9237,3,LOW,"",0,0
DEMO-DEV-9238,DEMO-9238,27,LOW,"",1,4
DEMO-DEV-9239,DEMO-9239,27,LOW,Older equipment,1,5
DEMO-DEV-9251,DEMO-9251,25,LOW,Repair cost high relative to purchase,0,4
DEMO-DEV-9252,DEMO-9252,20,LOW,Extended repair downtime; Older equipment,0,7
DEMO-DEV-9253,DEMO-9253,45,MEDIUM,Extended repair downtime; Repair cost high relative to purchase,1,12
DEMO-DEV-9266,DEMO-9266,5,LOW,"",0,0
DEMO-DEV-9269,DEMO-9269,28,LOW,Extended repair downtime,1,11
DEMO-DEV-9270,DEMO-9270,9,LOW,"",0,6
DEMO-DEV-9280,DEMO-9280,10,LOW,Older equipment,0,0
DEMO-DEV-9278,DEMO-9278,98,HIGH,Frequent repairs in last 365 days; Extended repair downtime; Repair cost high relative to purchase; Older equipment,8,118
DEMO-DEV-9279,DEMO-9279,8,LOW,"",0,3
DEMO-DEV-9295,DEMO-9295,20,LOW,Extended repair downtime; Older equipment,0,7
DEMO-DEV-9292,DEMO-9292,5,LOW,"",0,0
DEMO-DEV-9306,DEMO-9306,10,LOW,Older equipment,0,1
DEMO-DEV-9309,DEMO-9309,53,MEDIUM,Frequent repairs in last 365 days; Extended repair downtime; Repair cost high relative to purchase,2,10
DEMO-DEV-9310,DEMO-9310,4,LOW,"",0,0
DEMO-DEV-9311,DEMO-9311,9,LOW,Older equipment,0,0
DEMO-DEV-9313,DEMO-9313,16,LOW,Extended repair downtime,0,9
DEMO-DEV-9315,DEMO-9315,41,MEDIUM,Frequent repairs in last 365 days; Extended repair downtime; Older equipment,2,12
DEMO-DEV-9324,DEMO-9324,8,LOW,Older equipment,0,0
DEMO-DEV-9325,DEMO-9325,5,LOW,"",0,2
DEMO-DEV-9326,DEMO-9326,30,LOW,Repair cost high relative to purchase,0,3
DEMO-DEV-9329,DEMO-9329,10,LOW,"",0,0
DEMO-DEV-9330,DEMO-9330,27,LOW,Repair cost high relative to purchase,1,0
DEMO-DEV-9331,DEMO-9331,8,LOW,"",0,5
DEMO-DEV-9334,DEMO-9334,5,LOW,"",0,0
DEMO-DEV-9335,DEMO-9335,5,LOW,"",0,0
DEMO-DEV-9336,DEMO-9336,20,LOW,Repair cost high relative to purchase,0,4
DEMO-DEV-9351,DEMO-9351,17,LOW,"",0,6
DEMO-DEV-9352,DEMO-9352,4,LOW,"",0,0
DEMO-DEV-9353,DEMO-9353,6,LOW,"",0,4
DEMO-DEV-9354,DEMO-9354,9,LOW,"",0,4
DEMO-DEV-9358,DEMO-9358,35,LOW,Extended repair downtime; Repair cost high relative to purchase; Older equipment,0,7
DEMO-DEV-9360,DEMO-9360,49,MEDIUM,Extended repair downtime; Repair cost high relative to purchase; Older equipment,1,10
DEMO-DEV-9362,DEMO-9362,7,LOW,Older equipment,0,0
DEMO-DEV-9364,DEMO-9364,91,HIGH,Frequent repairs in last 365 days; Extended repair downtime; Repair cost high relative to purchase,5,47
DEMO-DEV-9390,DEMO-9390,3,LOW,"",0,0
DEMO-DEV-9406,DEMO-9406,28,LOW,Extended repair downtime; Repair cost high relative to purchase,0,7
DEMO-DEV-9407,DEMO-9407,20,LOW,Extended repair downtime; Older equipment,0,12
DEMO-DEV-9409,DEMO-9409,17,LOW,Extended repair downtime,0,11
DEMO-DEV-9410,DEMO-9410,6,LOW,"",0,0
DEMO-DEV-9418,DEMO-9418,18,LOW,Extended repair downtime,0,14
DEMO-DEV-9423,DEMO-9423,10,LOW,Older equipment,0,0
DEMO-DEV-9424,DEMO-9424,8,LOW,Older equipment,0,0
DEMO-DEV-9425,DEMO-9425,25,LOW,Older equipment,1,5
DEMO-DEV-9431,DEMO-9431,3,LOW,"",0,0
DEMO-DEV-9432,DEMO-9432,34,LOW,Repair cost high relative to purchase,1,1
DEMO-DEV-9433,DEMO-9433,29,LOW,Extended repair downtime,1,12
DEMO-DEV-9444,DEMO-9444,36,LOW,Extended repair downtime; Repair cost high relative to purchase,1,10
DEMO-DEV-9445,DEMO-9445,3,LOW,"",0,0
DEMO-DEV-9458,DEMO-9458,2,LOW,"",0,0
DEMO-DEV-9471,DEMO-9471,24,LOW,Extended repair downtime,1,7
DEMO-DEV-9485,DEMO-9485,20,LOW,"",1,4
DEMO-DEV-9487,DEMO-9487,57,MEDIUM,Frequent repairs in last 365 days; Extended repair downtime; Repair cost high relative to purchase,2,14
DEMO-DEV-9489,DEMO-9489,8,LOW,Older equipment,0,0
DEMO-DEV-9502,DEMO-9502,39,LOW,Extended repair downtime; Repair cost high relative to purchase; Older equipment,0,9
DEMO-DEV-9498,DEMO-9498,84,HIGH,Frequent repairs in last 365 days; Extended repair downtime; Repair cost high relative to purchase,4,24
DEMO-DEV-9499,DEMO-9499,23,LOW,Repair cost high relative to purchase,0,4
DEMO-DEV-9500,DEMO-9500,7,LOW,"",0,0
DEMO-DEV-9501,DEMO-9501,5,LOW,"",0,0
DEMO-DEV-9512,DEMO-9512,36,LOW,Extended repair downtime,1,20
DEMO-DEV-9513,DEMO-9513,10,LOW,Older equipment,0,0
DEMO-DEV-9514,DEMO-9514,23,LOW,Older equipment,1,5
DEMO-DEV-9526,DEMO-9526,6,LOW,"",0,0
DEMO-DEV-9528,DEMO-9528,7,LOW,Older equipment,0,0
DEMO-DEV-9529,DEMO-9529,51,MEDIUM,Frequent repairs in last 365 days; Extended repair downtime; Repair cost high relative to purchase,2,12
DEMO-DEV-9530,DEMO-9530,10,LOW,"",0,4
DEMO-DEV-9540,DEMO-9540,75,HIGH,Frequent repairs in last 365 days; Extended repair downtime,4,38
DEMO-DEV-9556,DEMO-9556,82,HIGH,Frequent repairs in last 365 days; Extended repair downtime; Older equipment,4,36
DEMO-DEV-9557,DEMO-9557,0,LOW,"",0,0
DEMO-DEV-9558,DEMO-9558,9,LOW,Older equipment,0,0
DEMO-DEV-9568,DEMO-9568,2,LOW,"",0,0
DEMO-DEV-9570,DEMO-9570,12,LOW,Older equipment,0,0
DEMO-DEV-9582,DEMO-9582,8,LOW,Older equipment,0,0
DEMO-DEV-9584,DEMO-9584,2,LOW,"",0,0
DEMO-DEV-9597,DEMO-9597,4,LOW,"",0,0
DEMO-DEV-9598,DEMO-9598,27,LOW,Extended repair downtime,1,7
DEMO-DEV-9610,DEMO-9610,4,LOW,"",0,0
DEMO-DEV-9613,DEMO-9613,29,LOW,Repair cost high relative to purchase; Older equipment,0,0
DEMO-DEV-9615,DEMO-9615,25,LOW,Extended repair downtime,1,8
DEMO-DEV-9618,DEMO-9618,1,LOW,"",0,0
DEMO-DEV-9620,DEMO-9620,13,LOW,Older equipment,0,2
DEMO-DEV-9622,DEMO-9622,42,MEDIUM,Extended repair downtime; Repair cost high relative to purchase,1,7
DEMO-DEV-9624,DEMO-9624,23,LOW,Extended repair downtime,1,11
DEMO-DEV-9625,DEMO-9625,2,LOW,"",0,0
DEMO-DEV-9627,DEMO-9627,1,LOW,"",0,0
DEMO-DEV-9629,DEMO-9629,0,LOW,"",0,0
DEMO-DEV-9631,DEMO-9631,25,LOW,Extended repair downtime; Older equipment,0,10
DEMO-DEV-9640,DEMO-9640,6,LOW,"",0,0
DEMO-DEV-9641,DEMO-9641,19,LOW,"",1,2
DEMO-DEV-9643,DEMO-9643,9,LOW,Older equipment,0,0
DEMO-DEV-9644,DEMO-9644,41,MEDIUM,Repair cost high relative to purchase; Older equipment,1,2
DEMO-DEV-9651,DEMO-9651,9,LOW,"",0,3
DEMO-DEV-9652,DEMO-9652,3,LOW,"",0,0
DEMO-DEV-9665,DEMO-9665,8,LOW,Extended repair downtime,0,7
DEMO-DEV-9666,DEMO-9666,1,LOW,"",0,0
DEMO-DEV-9679,DEMO-9679,10,LOW,Older equipment,0,0
DEMO-DEV-9680,DEMO-9680,25,LOW,Extended repair downtime,1,8
DEMO-DEV-9683,DEMO-9683,24,LOW,Extended repair downtime,1,10
DEMO-DEV-9684,DEMO-9684,2,LOW,"",0,0
DEMO-DEV-9691,DEMO-9691,5,LOW,"",0,0
DEMO-DEV-9693,DEMO-9693,6,LOW,"",0,2
DEMO-DEV-9707,DEMO-9707,16,LOW,Extended repair downtime,0,10
DEMO-DEV-9708,DEMO-9708,6,LOW,"",0,0
DEMO-DEV-9747,DEMO-9747,25,LOW,Extended repair downtime,1,8
DEMO-DEV-9761,DEMO-9761,6,LOW,"",0,0
DEMO-DEV-9763,DEMO-9763,16,LOW,Extended repair downtime,0,9
DEMO-DEV-9764,DEMO-9764,3,LOW,"",0,0
DEMO-DEV-9766,DEMO-9766,74,HIGH,Frequent repairs in last 365 days; Extended repair downtime,4,33
DEMO-DEV-9775,DEMO-9775,13,LOW,"",0,2
DEMO-DEV-9777,DEMO-9777,6,LOW,"",0,0
DEMO-DEV-9779,DEMO-9779,23,LOW,Extended repair downtime,1,8
DEMO-DEV-9789,DEMO-9789,8,LOW,Older equipment,0,0
DEMO-DEV-9791,DEMO-9791,30,LOW,Extended repair downtime; Older equipment,1,9
DEMO-DEV-9792,DEMO-9792,1,LOW,"",0,0
DEMO-DEV-9804,DEMO-9804,2,LOW,"",0,0
DEMO-DEV-9806,DEMO-9806,27,LOW,Repair cost high relative to purchase; Older equipment,0,0
DEMO-DEV-9807,DEMO-9807,38,LOW,Repair cost high relative to purchase; Older equipment,1,5
DEMO-DEV-9817,DEMO-9817,9,LOW,Older equipment,0,0
DEMO-DEV-9818,DEMO-9818,7,LOW,"",0,3
DEMO-DEV-9831,DEMO-9831,30,LOW,Extended repair downtime; Repair cost high relative to purchase,0,9
DEMO-DEV-9833,DEMO-9833,1,LOW,"",0,0
DEMO-DEV-9834,DEMO-9834,40,MEDIUM,Extended repair downtime; Repair cost high relative to purchase; Older equipment,0,11
DEMO-DEV-9838,DEMO-9838,5,LOW,"",0,0
DEMO-DEV-9840,DEMO-9840,8,LOW,"",0,5
DEMO-DEV-9841,DEMO-9841,20,LOW,Extended repair downtime,0,9
DEMO-DEV-9845,DEMO-9845,10,LOW,Older equipment,0,0
DEMO-DEV-9846,DEMO-9846,6,LOW,"",0,0
DEMO-DEV-9849,DEMO-9849,14,LOW,Older equipment,0,4
DEMO-DEV-9853,DEMO-9853,12,LOW,Older equipment,0,1
DEMO-DEV-9860,DEMO-9860,26,LOW,Extended repair downtime; Older equipment,1,7
DEMO-DEV-9862,DEMO-9862,52,MEDIUM,Extended repair downtime; Repair cost high relative to purchase,1,24
DEMO-DEV-9863,DEMO-9863,12,LOW,Older equipment,0,0
DEMO-DEV-9872,DEMO-9872,10,LOW,"",0,0
DEMO-DEV-9874,DEMO-9874,9,LOW,"",0,0
DEMO-DEV-9877,DEMO-9877,5,LOW,"",0,0
DEMO-DEV-9879,DEMO-9879,26,LOW,Older equipment,1,5
DEMO-DEV-9881,DEMO-9881,9,LOW,Older equipment,0,0
DEMO-DEV-9899,DEMO-9899,3,LOW,"",0,0
DEMO-DEV-9900,DEMO-9900,26,LOW,"",1,6
DEMO-DEV-9927,DEMO-9927,26,LOW,Repair cost high relative to purchase,0,0
DEMO-DEV-9929,DEMO-9929,0,LOW,"",0,0
DEMO-DEV-9930,DEMO-9930,45,MEDIUM,Extended repair downtime; Repair cost high relative to purchase,1,9
DEMO-DEV-9942,DEMO-9942,21,LOW,Older equipment,1,1
DEMO-DEV-9943,DEMO-9943,95,HIGH,Frequent repairs in last 365 days; Extended repair downtime; Repair cost high relative to purchase,5,50
DEMO-DEV-9944,DEMO-9944,13,LOW,"",0,6
DEMO-DEV-9955,DEMO-9955,7,LOW,"",0,0
DEMO-DEV-9956,DEMO-9956,2,LOW,"",0,0
DEMO-DEV-9972,DEMO-9972,24,LOW,Extended repair downtime; Older equipment,0,8
DEMO-DEV-9973,DEMO-9973,15,LOW,Extended repair downtime,0,12
DEMO-DEV-9974,DEMO-9974,33,LOW,Extended repair downtime; Older equipment,0,24
DEMO-DEV-9981,DEMO-9981,18,LOW,"",1,4
DEMO-DEV-10000,DEMO-10000,3,LOW,"",0,0
DEMO-DEV-0001,DEMO-0001,21,LOW,Extended repair downtime,0,16
DEMO-DEV-0003,DEMO-0003,1,LOW,"",0,0
DEMO-DEV-0005,DEMO-0005,1,LOW,"",0,0
DEMO-DEV-0006,DEMO-0006,2,LOW,"",0,0
DEMO-DEV-0007,DEMO-0007,47,MEDIUM,Frequent repairs in last 365 days; Extended repair downtime; Repair cost high relative to purchase,2,13
DEMO-DEV-0008,DEMO-0008,8,LOW,Older equipment,0,0
DEMO-DEV-0012,DEMO-0012,5,LOW,"",0,0
DEMO-DEV-0014,DEMO-0014,4,LOW,"",0,0
DEMO-DEV-0015,DEMO-0015,35,LOW,Extended repair downtime; Older equipment,1,10
DEMO-DEV-0016,DEMO-0016,17,LOW,Older equipment,0,3
DEMO-DEV-0017,DEMO-0017,10,LOW,Older equipment,0,0
DEMO-DEV-0018,DEMO-0018,79,HIGH,Frequent repairs in last 365 days; Extended repair downtime,7,53
DEMO-DEV-0019,DEMO-0019,13,LOW,Extended repair downtime,0,11
DEMO-DEV-0020,DEMO-0020,18,LOW,Extended repair downtime; Older equipment,0,10
DEMO-DEV-0021,DEMO-0021,11,LOW,Extended repair downtime,0,8
DEMO-DEV-0024,DEMO-0024,2,LOW,"",0,0
DEMO-DEV-0025,DEMO-0025,5,LOW,"",0,0
DEMO-DEV-0026,DEMO-0026,4,LOW,"",0,0
DEMO-DEV-0027,DEMO-0027,11,LOW,"",0,3
DEMO-DEV-0028,DEMO-0028,11,LOW,Older equipment,0,1
DEMO-DEV-0029,DEMO-0029,7,LOW,"",0,1
DEMO-DEV-0030,DEMO-0030,17,LOW,Extended repair downtime,0,10
DEMO-DEV-0031,DEMO-0031,38,LOW,Extended repair downtime; Repair cost high relative to purchase,0,12
DEMO-DEV-0032,DEMO-0032,28,LOW,Repair cost high relative to purchase; Older equipment,0,5
DEMO-DEV-0033,DEMO-0033,28,LOW,Extended repair downtime,1,10
DEMO-DEV-0034,DEMO-0034,0,LOW,"",0,0
DEMO-DEV-0036,DEMO-0036,48,MEDIUM,Extended repair downtime; Repair cost high relative to purchase; Older equipment,1,9
DEMO-DEV-0037,DEMO-0037,18,LOW,"",1,0
DEMO-DEV-0038,DEMO-0038,13,LOW,Older equipment,0,0
DEMO-DEV-0039,DEMO-0039,1,LOW,"",0,0
DEMO-DEV-0040,DEMO-0040,17,LOW,"",0,5
DEMO-DEV-0041,DEMO-0041,26,LOW,Extended repair downtime,1,9
DEMO-DEV-0042,DEMO-0042,3,LOW,"",0,0
DEMO-DEV-0043,DEMO-0043,19,LOW,Extended repair downtime,0,11
DEMO-DEV-0044,DEMO-0044,29,LOW,Extended repair downtime,1,12
DEMO-DEV-0045,DEMO-0045,4,LOW,"",0,0
DEMO-DEV-0047,DEMO-0047,6,LOW,"",0,0
DEMO-DEV-0048,DEMO-0048,19,LOW,Extended repair downtime,1,8
DEMO-DEV-0049,DEMO-0049,9,LOW,Older equipment,0,0
DEMO-DEV-0052,DEMO-0052,3,LOW,"",0,0
DEMO-DEV-0054,DEMO-0054,84,HIGH,Frequent repairs in last 365 days; Extended repair downtime; Older equipment,6,39
DEMO-DEV-0055,DEMO-0055,71,HIGH,Frequent repairs in last 365 days; Extended repair downtime,4,48
DEMO-DEV-0057,DEMO-0057,4,LOW,"",0,0
DEMO-DEV-0058,DEMO-0058,4,LOW,"",0,0
DEMO-DEV-0059,DEMO-0059,16,LOW,Extended repair downtime,0,7
DEMO-DEV-0060,DEMO-0060,12,LOW,"",0,5
DEMO-DEV-0061,DEMO-0061,20,LOW,Extended repair downtime,0,10
DEMO-DEV-0062,DEMO-0062,94,HIGH,Frequent repairs in last 365 days; Extended repair downtime; Repair cost high relative to purchase,8,62
DEMO-DEV-0065,DEMO-0065,20,LOW,Extended repair downtime,0,9
DEMO-DEV-0066,DEMO-0066,7,LOW,"",0,0
DEMO-DEV-0067,DEMO-0067,15,LOW,"",1,0
DEMO-DEV-0068,DEMO-0068,22,LOW,Extended repair downtime,1,10
DEMO-DEV-0069,DEMO-0069,0,LOW,"",0,0
DEMO-DEV-0070,DEMO-0070,38,LOW,Extended repair downtime; Older equipment,1,12
DEMO-DEV-0071,DEMO-0071,5,LOW,"",0,0
DEMO-DEV-0072,DEMO-0072,2,LOW,"",0,0
DEMO-DEV-0073,DEMO-0073,22,LOW,Extended repair downtime,0,11
DEMO-DEV-0074,DEMO-0074,10,LOW,Extended repair downtime,0,7
DEMO-DEV-0075,DEMO-0075,6,LOW,"",0,0
DEMO-DEV-0076,DEMO-0076,22,LOW,Extended repair downtime; Older equipment,0,7
DEMO-DEV-0077,DEMO-0077,6,LOW,"",0,0
DEMO-DEV-0081,DEMO-0081,9,LOW,Older equipment,0,0
DEMO-DEV-0082,DEMO-0082,7,LOW,"",0,0
DEMO-DEV-0083,DEMO-0083,13,LOW,Older equipment,0,4
DEMO-DEV-0084,DEMO-0084,43,MEDIUM,Extended repair downtime; Repair cost high relative to purchase,1,10
DEMO-DEV-0085,DEMO-0085,25,LOW,Older equipment,1,4
DEMO-DEV-0086,DEMO-0086,7,LOW,"",0,0
DEMO-DEV-0088,DEMO-0088,7,LOW,"",0,6
DEMO-DEV-0090,DEMO-0090,25,LOW,Repair cost high relative to purchase,0,3
DEMO-DEV-0091,DEMO-0091,23,LOW,Extended repair downtime,0,17
DEMO-DEV-0093,DEMO-0093,24,LOW,"",1,5
DEMO-DEV-0094,DEMO-0094,48,MEDIUM,Extended repair downtime; Repair cost high relative to purchase,1,18
DEMO-DEV-0095,DEMO-0095,3,LOW,"",0,0
DEMO-DEV-0096,DEMO-0096,16,LOW,Extended repair downtime,0,13
DEMO-DEV-0097,DEMO-0097,42,MEDIUM,Extended repair downtime; Repair cost high relative to purchase,1,8
DEMO-DEV-0098,DEMO-0098,5,LOW,"",0,0
DEMO-DEV-0099,DEMO-0099,5,LOW,"",0,0
DEMO-DEV-0100,DEMO-0100,41,MEDIUM,Frequent repairs in last 365 days; Extended repair downtime; Older equipment,2,9
DEMO-DEV-0101,DEMO-0101,9,LOW,Older equipment,0,0
DEMO-DEV-0102,DEMO-0102,3,LOW,"",0,0
DEMO-DEV-0103,DEMO-0103,6,LOW,"",0,3
DEMO-DEV-0104,DEMO-0104,42,MEDIUM,Extended repair downtime,1,22
DEMO-DEV-0108,DEMO-0108,54,MEDIUM,Extended repair downtime; Repair cost high relative to purchase,1,22
DEMO-DEV-0109,DEMO-0109,48,MEDIUM,Extended repair downtime; Repair cost high relative to purchase,1,15
DEMO-DEV-0110,DEMO-0110,10,LOW,"",0,3
DEMO-DEV-0111,DEMO-0111,32,LOW,Extended repair downtime; Repair cost high relative to purchase,0,11
DEMO-DEV-0112,DEMO-0112,16,LOW,Extended repair downtime,0,10
DEMO-DEV-0113,DEMO-0113,78,HIGH,Frequent repairs in last 365 days; Extended repair downtime,6,83
DEMO-DEV-0114,DEMO-0114,5,LOW,"",0,2
DEMO-DEV-0115,DEMO-0115,2,LOW,"",0,0
DEMO-DEV-0116,DEMO-0116,99,HIGH,Frequent repairs in last 365 days; Extended repair downtime; Repair cost high relative to purchase; Older equipment,8,31
DEMO-DEV-0117,DEMO-0117,54,MEDIUM,Extended repair downtime; Repair cost high relative to purchase; Older equipment,1,14
DEMO-DEV-0118,DEMO-0118,79,HIGH,Frequent repairs in last 365 days; Extended repair downtime,8,96
DEMO-DEV-0121,DEMO-0121,13,LOW,"",1,1
DEMO-DEV-0122,DEMO-0122,2,LOW,"",0,0
DEMO-DEV-0123,DEMO-0123,30,LOW,Extended repair downtime; Repair cost high relative to purchase,0,8
DEMO-DEV-0124,DEMO-0124,31,LOW,Extended repair downtime,1,14
DEMO-DEV-0125,DEMO-0125,27,LOW,Extended repair downtime,1,12
DEMO-DEV-0126,DEMO-0126,6,LOW,"",0,0
DEMO-DEV-0127,DEMO-0127,32,LOW,Repair cost high relative to purchase; Older equipment,0,6
DEMO-DEV-0128,DEMO-0128,23,LOW,Extended repair downtime; Repair cost high relative to purchase,0,10
DEMO-DEV-0129,DEMO-0129,6,LOW,"",0,0
DEMO-DEV-0130,DEMO-0130,8,LOW,Older equipment,0,0
DEMO-DEV-0131,DEMO-0131,80,HIGH,Frequent repairs in last 365 days; Extended repair downtime,7,134
DEMO-DEV-0132,DEMO-0132,22,LOW,Older equipment,1,3
DEMO-DEV-0133,DEMO-0133,26,LOW,Extended repair downtime,1,11
DEMO-DEV-0136,DEMO-0136,21,LOW,"",1,6
DEMO-DEV-0137,DEMO-0137,6,LOW,"",0,0
DEMO-DEV-0138,DEMO-0138,1,LOW,"",0,0
DEMO-DEV-0139,DEMO-0139,10,LOW,Older equipment,0,0
DEMO-DEV-0141,DEMO-0141,9,LOW,Older equipment,0,0
DEMO-DEV-0142,DEMO-0142,2,LOW,"",0,0
DEMO-DEV-0143,DEMO-0143,8,LOW,Older equipment,0,0
DEMO-DEV-0144,DEMO-0144,23,LOW,Extended repair downtime; Older equipment,0,9
DEMO-DEV-0145,DEMO-0145,1,LOW,"",0,0
DEMO-DEV-0146,DEMO-0146,1,LOW,"",0,0
DEMO-DEV-0147,DEMO-0147,17,LOW,Extended repair downtime,0,10
DEMO-DEV-0150,DEMO-0150,41,MEDIUM,Repair cost high relative to purchase,1,6
DEMO-DEV-0152,DEMO-0152,19,LOW,Extended repair downtime; Older equipment,0,9
DEMO-DEV-0153,DEMO-0153,13,LOW,Extended repair downtime,0,8
DEMO-DEV-0154,DEMO-0154,27,LOW,Extended repair downtime; Older equipment,1,8
DEMO-DEV-0155,DEMO-0155,2,LOW,"",0,0
DEMO-DEV-0156,DEMO-0156,16,LOW,Extended repair downtime,0,11
DEMO-DEV-0157,DEMO-0157,8,LOW,Older equipment,0,0
DEMO-DEV-0158,DEMO-0158,5,LOW,"",0,0
DEMO-DEV-0159,DEMO-0159,5,LOW,"",0,0
DEMO-DEV-0160,DEMO-0160,61,MEDIUM,Frequent repairs in last 365 days; Extended repair downtime; Repair cost high relative to purchase,2,17
DEMO-DEV-0161,DEMO-0161,19,LOW,Extended repair downtime,0,12
DEMO-DEV-0165,DEMO-0165,9,LOW,Older equipment,0,0
DEMO-DEV-0167,DEMO-0167,31,LOW,Repair cost high relative to purchase,0,6
DEMO-DEV-0168,DEMO-0168,7,LOW,Older equipment,0,0
DEMO-DEV-0169,DEMO-0169,18,LOW,"",1,0
DEMO-DEV-0170,DEMO-0170,5,LOW,"",0,0
DEMO-DEV-0171,DEMO-0171,2,LOW,"",0,0
DEMO-DEV-0172,DEMO-0172,28,LOW,Extended repair downtime,1,9
DEMO-DEV-0173,DEMO-0173,14,LOW,Extended repair downtime; Older equipment,0,7
DEMO-DEV-0174,DEMO-0174,17,LOW,Extended repair downtime; Older equipment,0,7
DEMO-DEV-0177,DEMO-0177,12,LOW,"",0,5
DEMO-DEV-0178,DEMO-0178,35,LOW,Extended repair downtime; Repair cost high relative to purchase,0,9
DEMO-DEV-0179,DEMO-0179,77,HIGH,Frequent repairs in last 365 days; Extended repair downtime,4,58
DEMO-DEV-0180,DEMO-0180,45,MEDIUM,Extended repair downtime; Repair cost high relative to purchase,1,12
DEMO-DEV-0181,DEMO-0181,4,LOW,"",0,0
DEMO-DEV-0182,DEMO-0182,23,LOW,Extended repair downtime,1,9
DEMO-DEV-0183,DEMO-0183,16,LOW,"",1,0
DEMO-DEV-0185,DEMO-0185,19,LOW,Extended repair downtime,0,10
DEMO-DEV-0186,DEMO-0186,9,LOW,Older equipment,0,0
DEMO-DEV-0187,DEMO-0187,5,LOW,"",0,0
DEMO-DEV-0188,DEMO-0188,29,LOW,Extended repair downtime,1,10
DEMO-DEV-0190,DEMO-0190,1,LOW,"",0,0
DEMO-DEV-0191,DEMO-0191,8,LOW,"",0,6
DEMO-DEV-0192,DEMO-0192,13,LOW,Older equipment,0,4
DEMO-DEV-0193,DEMO-0193,7,LOW,Older equipment,0,0
DEMO-DEV-0194,DEMO-0194,6,LOW,"",0,0
DEMO-DEV-0195,DEMO-0195,4,LOW,"",0,0
DEMO-DEV-0196,DEMO-0196,8,LOW,"",0,5
DEMO-DEV-0197,DEMO-0197,28,LOW,Repair cost high relative to purchase,0,4
DEMO-DEV-0198,DEMO-0198,9,LOW,Older equipment,0,0
DEMO-DEV-0199,DEMO-0199,40,MEDIUM,Extended repair downtime; Repair cost high relative to purchase,0,17
DEMO-DEV-0200,DEMO-0200,5,LOW,"",0,0
DEMO-DEV-0201,DEMO-0201,3,LOW,"",0,0
DEMO-DEV-0202,DEMO-0202,8,LOW,"",0,5
DEMO-DEV-0206,DEMO-0206,66,MEDIUM,Frequent repairs in last 365 days; Extended repair downtime; Repair cost high relative to purchase; Older equipment,2,19
DEMO-DEV-0207,DEMO-0207,11,LOW,"",0,3
DEMO-DEV-0208,DEMO-0208,30,LOW,Extended repair downtime; Repair cost high relative to purchase,0,8
DEMO-DEV-0209,DEMO-0209,19,LOW,Extended repair downtime,1,9
DEMO-DEV-0210,DEMO-0210,77,HIGH,Frequent repairs in last 365 days; Extended repair downtime,8,122
DEMO-DEV-0211,DEMO-0211,15,LOW,Extended repair downtime,0,10
DEMO-DEV-0212,DEMO-0212,30,LOW,Older equipment,1,5
DEMO-DEV-0213,DEMO-0213,28,LOW,Extended repair downtime; Older equipment,1,9
DEMO-DEV-0215,DEMO-0215,90,HIGH,Frequent repairs in last 365 days; Extended repair downtime; Repair cost high relative to purchase,8,101
DEMO-DEV-0216,DEMO-0216,31,LOW,Extended repair downtime; Repair cost high relative to purchase,0,9
DEMO-DEV-0217,DEMO-0217,23,LOW,"",1,3
DEMO-DEV-0220,DEMO-0220,27,LOW,Extended repair downtime,1,8
DEMO-DEV-0221,DEMO-0221,5,LOW,"",0,0
DEMO-DEV-0224,DEMO-0224,36,LOW,Repair cost high relative to purchase,1,4
DEMO-DEV-0225,DEMO-0225,14,LOW,Older equipment,0,6
DEMO-DEV-0226,DEMO-0226,72,HIGH,Frequent repairs in last 365 days; Extended repair downtime,5,27
DEMO-DEV-0227,DEMO-0227,14,LOW,Older equipment,0,1
DEMO-DEV-0228,DEMO-0228,11,LOW,"",0,5
DEMO-DEV-0229,DEMO-0229,41,MEDIUM,Extended repair downtime; Older equipment,0,23
DEMO-DEV-0232,DEMO-0232,33,LOW,Repair cost high relative to purchase; Older equipment,0,5
DEMO-DEV-0234,DEMO-0234,6,LOW,"",0,0
DEMO-DEV-0235,DEMO-0235,5,LOW,"",0,0
DEMO-DEV-0236,DEMO-0236,20,LOW,Extended repair downtime,0,13
DEMO-DEV-0237,DEMO-0237,5,LOW,"",0,0
DEMO-DEV-0238,DEMO-0238,15,LOW,"",1,0
DEMO-DEV-0239,DEMO-0239,9,LOW,Older equipment,0,0
DEMO-DEV-0240,DEMO-0240,25,LOW,Extended repair downtime; Repair cost high relative to purchase,0,8
DEMO-DEV-0241,DEMO-0241,33,LOW,Extended repair downtime,1,22
DEMO-DEV-0242,DEMO-0242,0,LOW,"",0,0
DEMO-DEV-0243,DEMO-0243,28,LOW,Repair cost high relative to purchase,0,5
DEMO-DEV-0246,DEMO-0246,30,LOW,Repair cost high relative to purchase; Older equipment,0,3
DEMO-DEV-0247,DEMO-0247,3,LOW,"",0,0
DEMO-DEV-0248,DEMO-0248,7,LOW,Older equipment,0,0
DEMO-DEV-0249,DEMO-0249,69,MEDIUM,Frequent repairs in last 365 days; Extended repair downtime,6,26
DEMO-DEV-0250,DEMO-0250,8,LOW,Older equipment,0,0
DEMO-DEV-0251,DEMO-0251,32,LOW,Frequent repairs in last 365 days,2,0
DEMO-DEV-0252,DEMO-0252,5,LOW,"",0,0
DEMO-DEV-0253,DEMO-0253,16,LOW,"",1,3
DEMO-DEV-0255,DEMO-0255,8,LOW,"",0,4
DEMO-DEV-0256,DEMO-0256,31,LOW,Extended repair downtime,1,12
DEMO-DEV-0257,DEMO-0257,40,MEDIUM,Extended repair downtime; Older equipment,1,21
DEMO-DEV-0258,DEMO-0258,9,LOW,Older equipment,0,0
DEMO-DEV-0259,DEMO-0259,5,LOW,"",0,0
DEMO-DEV-0260,DEMO-0260,1,LOW,"",0,0
DEMO-DEV-0261,DEMO-0261,3,LOW,"",0,0
DEMO-DEV-0262,DEMO-0262,25,LOW,Extended repair downtime; Older equipment,0,13
DEMO-DEV-0263,DEMO-0263,8,LOW,"",0,2
DEMO-DEV-0264,DEMO-0264,3,LOW,"",0,0
DEMO-DEV-0265,DEMO-0265,19,LOW,Older equipment,0,6
DEMO-DEV-0266,DEMO-0266,41,MEDIUM,Extended repair downtime; Repair cost high relative to purchase,0,20
DEMO-DEV-0267,DEMO-0267,93,HIGH,Frequent repairs in last 365 days; Extended repair downtime; Repair cost high relative to purchase; Older equipment,8,54
DEMO-DEV-0268,DEMO-0268,10,LOW,Older equipment,0,0
DEMO-DEV-0269,DEMO-0269,1,LOW,"",0,0
DEMO-DEV-0270,DEMO-0270,56,MEDIUM,Extended repair downtime; Repair cost high relative to purchase,1,24
DEMO-DEV-0271,DEMO-0271,3,LOW,"",0,0
DEMO-DEV-0275,DEMO-0275,2,LOW,"",0,0
DEMO-DEV-0276,DEMO-0276,30,LOW,Extended repair downtime; Older equipment,0,19
DEMO-DEV-0277,DEMO-0277,7,LOW,"",0,0
DEMO-DEV-0278,DEMO-0278,49,MEDIUM,Extended repair downtime; Repair cost high relative to purchase,1,15
DEMO-DEV-0279,DEMO-0279,14,LOW,Extended repair downtime,0,11
DEMO-DEV-0280,DEMO-0280,7,LOW,Older equipment,0,0
DEMO-DEV-0281,DEMO-0281,23,LOW,Extended repair downtime,1,11
DEMO-DEV-0282,DEMO-0282,27,LOW,Repair cost high relative to purchase,0,2
DEMO-DEV-0283,DEMO-0283,7,LOW,"",0,0
DEMO-DEV-0284,DEMO-0284,14,LOW,Extended repair downtime,0,10
DEMO-DEV-0285,DEMO-0285,21,LOW,Repair cost high relative to purchase,0,4
DEMO-DEV-0287,DEMO-0287,2,LOW,"",0,0
DEMO-DEV-0289,DEMO-0289,14,LOW,"",1,0
DEMO-DEV-0290,DEMO-0290,4,LOW,"",0,0
DEMO-DEV-0291,DEMO-0291,2,LOW,"",0,0
DEMO-DEV-0292,DEMO-0292,13,LOW,"",0,5
DEMO-DEV-0293,DEMO-0293,3,LOW,"",0,0
DEMO-DEV-0294,DEMO-0294,1,LOW,"",0,0
DEMO-DEV-0295,DEMO-0295,2,LOW,"",0,0
DEMO-DEV-0296,DEMO-0296,35,LOW,Extended repair downtime,1,20
DEMO-DEV-0297,DEMO-0297,6,LOW,"",0,0
DEMO-DEV-0298,DEMO-0298,12,LOW,Repair cost high relative to purchase,0,0
DEMO-DEV-0299,DEMO-0299,19,LOW,"",1,2
DEMO-DEV-0301,DEMO-0301,7,LOW,"",0,3
DEMO-DEV-0302,DEMO-0302,26,LOW,Extended repair downtime,1,10
DEMO-DEV-0303,DEMO-0303,10,LOW,Older equipment,0,0
DEMO-DEV-0304,DEMO-0304,84,HIGH,Frequent repairs in last 365 days; Extended repair downtime; Older equipment,4,43
DEMO-DEV-0305,DEMO-0305,6,LOW,"",0,0
DEMO-DEV-0306,DEMO-0306,9,LOW,"",0,4
DEMO-DEV-0307,DEMO-0307,16,LOW,"",1,2
DEMO-DEV-0308,DEMO-0308,14,LOW,Extended repair downtime,0,9
DEMO-DEV-0309,DEMO-0309,60,MEDIUM,Frequent repairs in last 365 days; Extended repair downtime; Repair cost high relative to purchase; Older equipment,2,11
DEMO-DEV-0310,DEMO-0310,21,LOW,Extended repair downtime,0,17
DEMO-DEV-0311,DEMO-0311,8,LOW,Older equipment,0,0
DEMO-DEV-0312,DEMO-0312,11,LOW,Extended repair downtime,0,7
DEMO-DEV-0313,DEMO-0313,41,MEDIUM,Extended repair downtime,1,16
DEMO-DEV-0316,DEMO-0316,29,LOW,Extended repair downtime,1,9
DEMO-DEV-0317,DEMO-0317,32,LOW,Extended repair downtime; Repair cost high relative to purchase,0,9
DEMO-DEV-0319,DEMO-0319,3,LOW,"",0,0
DEMO-DEV-0320,DEMO-0320,25,LOW,Extended repair downtime,1,10
DEMO-DEV-0321,DEMO-0321,17,LOW,"",1,4
DEMO-DEV-0322,DEMO-0322,4,LOW,"",0,0
DEMO-DEV-0323,DEMO-0323,10,LOW,Older equipment,0,0
DEMO-DEV-0324,DEMO-0324,9,LOW,Older equipment,0,0
DEMO-DEV-0325,DEMO-0325,4,LOW,"",0,1
DEMO-DEV-0326,DEMO-0326,29,LOW,Extended repair downtime; Older equipment,1,12
DEMO-DEV-0327,DEMO-0327,24,LOW,Extended repair downtime,1,10
DEMO-DEV-0329,DEMO-0329,25,LOW,Extended repair downtime,1,8
DEMO-DEV-0330,DEMO-0330,40,MEDIUM,Extended repair downtime; Repair cost high relative to purchase,1,9
DEMO-DEV-0331,DEMO-0331,26,LOW,Repair cost high relative to purchase,0,5
DEMO-DEV-0332,DEMO-0332,36,LOW,Extended repair downtime; Repair cost high relative to purchase,0,12
DEMO-DEV-0333,DEMO-0333,5,LOW,"",0,0
DEMO-DEV-0334,DEMO-0334,11,LOW,"",0,4
DEMO-DEV-0335,DEMO-0335,35,LOW,Repair cost high relative to purchase,1,2
DEMO-DEV-0336,DEMO-0336,3,LOW,"",0,0
DEMO-DEV-0337,DEMO-0337,20,LOW,"",1,3
DEMO-DEV-0338,DEMO-0338,5,LOW,"",0,0
DEMO-DEV-0339,DEMO-0339,74,HIGH,Frequent repairs in last 365 days; Extended repair downtime,8,82
DEMO-DEV-0340,DEMO-0340,4,LOW,"",0,0
DEMO-DEV-0341,DEMO-0341,8,LOW,Older equipment,0,0
DEMO-DEV-0345,DEMO-0345,0,LOW,"",0,0
DEMO-DEV-0346,DEMO-0346,8,LOW,Older equipment,0,0
DEMO-DEV-0347,DEMO-0347,0,LOW,"",0,0
DEMO-DEV-0348,DEMO-0348,11,LOW,Older equipment,0,1
DEMO-DEV-0349,DEMO-0349,27,LOW,Repair cost high relative to purchase; Older equipment,0,0
DEMO-DEV-0350,DEMO-0350,3,LOW,"",0,0
DEMO-DEV-0351,DEMO-0351,22,LOW,Older equipment,1,3
DEMO-DEV-0352,DEMO-0352,44,MEDIUM,Extended repair downtime; Repair cost high relative to purchase,1,10
DEMO-DEV-0353,DEMO-0353,16,LOW,Extended repair downtime,0,12
DEMO-DEV-0354,DEMO-0354,8,LOW,Older equipment,0,0
DEMO-DEV-0359,DEMO-0359,8,LOW,Older equipment,0,0
DEMO-DEV-0362,DEMO-0362,31,LOW,Extended repair downtime; Repair cost high relative to purchase,0,7
DEMO-DEV-0363,DEMO-0363,15,LOW,"",0,4
DEMO-DEV-0364,DEMO-0364,88,HIGH,Frequent repairs in last 365 days; Extended repair downtime; Repair cost high relative to purchase,8,85
DEMO-DEV-0365,DEMO-0365,38,LOW,Repair cost high relative to purchase,1,5
DEMO-DEV-0366,DEMO-0366,9,LOW,Extended repair downtime,0,7
DEMO-DEV-0367,DEMO-0367,6,LOW,"",0,0
DEMO-DEV-0368,DEMO-0368,17,LOW,Older equipment,0,6
DEMO-DEV-0369,DEMO-0369,10,LOW,Older equipment,0,0
DEMO-DEV-0371,DEMO-0371,9,LOW,Extended repair downtime,0,7
DEMO-DEV-0375,DEMO-0375,2,LOW,"",0,0
DEMO-DEV-0376,DEMO-0376,6,LOW,"",0,0
DEMO-DEV-0377,DEMO-0377,11,LOW,"",1,0
DEMO-DEV-0378,DEMO-0378,3,LOW,"",0,0
DEMO-DEV-0379,DEMO-0379,2,LOW,"",0,0
DEMO-DEV-0380,DEMO-0380,89,HIGH,Frequent repairs in last 365 days; Extended repair downtime; Repair cost high relative to purchase,6,74
DEMO-DEV-0381,DEMO-0381,23,LOW,Older equipment,1,4
DEMO-DEV-0383,DEMO-0383,30,LOW,Extended repair downtime,0,21
DEMO-DEV-0384,DEMO-0384,8,LOW,Older equipment,0,0
DEMO-DEV-0385,DEMO-0385,31,LOW,Frequent repairs in last 365 days; Extended repair downtime,2,8
DEMO-DEV-0386,DEMO-0386,24,LOW,Extended repair downtime,1,7
DEMO-DEV-0387,DEMO-0387,29,LOW,Extended repair downtime; Older equipment,1,10
DEMO-DEV-0388,DEMO-0388,2,LOW,"",0,0
DEMO-DEV-0389,DEMO-0389,8,LOW,Older equipment,0,0
DEMO-DEV-0390,DEMO-0390,44,MEDIUM,Frequent repairs in last 365 days; Extended repair downtime,2,18
DEMO-DEV-0391,DEMO-0391,11,LOW,Extended repair downtime,0,9
DEMO-DEV-0392,DEMO-0392,1,LOW,"",0,0
DEMO-DEV-0393,DEMO-0393,4,LOW,"",0,0
DEMO-DEV-0394,DEMO-0394,3,LOW,"",0,0
DEMO-DEV-0395,DEMO-0395,2,LOW,"",0,0
DEMO-DEV-0396,DEMO-0396,0,LOW,"",0,0
DEMO-DEV-0398,DEMO-0398,79,HIGH,Frequent repairs in last 365 days; Extended repair downtime,7,68
DEMO-DEV-0400,DEMO-0400,7,LOW,"",0,0
DEMO-DEV-0401,DEMO-0401,8,LOW,Older equipment,0,0
DEMO-DEV-0402,DEMO-0402,25,LOW,Extended repair downtime; Repair cost high relative to purchase,0,7
DEMO-DEV-0403,DEMO-0403,23,LOW,Extended repair downtime,0,15
DEMO-DEV-0404,DEMO-0404,2,LOW,"",0,0
DEMO-DEV-0405,DEMO-0405,7,LOW,"",0,0
DEMO-DEV-0406,DEMO-0406,9,LOW,"",0,6
DEMO-DEV-0407,DEMO-0407,6,LOW,"",0,0
DEMO-DEV-0408,DEMO-0408,2,LOW,"",0,0
DEMO-DEV-0409,DEMO-0409,7,LOW,"",0,5
DEMO-DEV-0410,DEMO-0410,5,LOW,"",0,0
DEMO-DEV-0411,DEMO-0411,9,LOW,Older equipment,0,0
DEMO-DEV-0414,DEMO-0414,27,LOW,Extended repair downtime; Repair cost high relative to purchase,0,7
DEMO-DEV-0415,DEMO-0415,19,LOW,Older equipment,1,0
DEMO-DEV-0416,DEMO-0416,30,LOW,Older equipment,1,3
DEMO-DEV-0417,DEMO-0417,8,LOW,Older equipment,0,0
DEMO-DEV-0418,DEMO-0418,8,LOW,Older equipment,0,0
DEMO-DEV-0419,DEMO-0419,6,LOW,"",0,4
DEMO-DEV-0421,DEMO-0421,5,LOW,"",0,4
DEMO-DEV-0422,DEMO-0422,6,LOW,"",0,0
DEMO-DEV-0423,DEMO-0423,21,LOW,Extended repair downtime; Older equipment,0,9
DEMO-DEV-0424,DEMO-0424,37,LOW,Repair cost high relative to purchase; Older equipment,1,0
DEMO-DEV-0425,DEMO-0425,39,LOW,Extended repair downtime; Repair cost high relative to purchase; Older equipment,0,10
DEMO-DEV-0427,DEMO-0427,24,LOW,Older equipment,1,3
DEMO-DEV-0431,DEMO-0431,4,LOW,"",0,0
DEMO-DEV-0432,DEMO-0432,5,LOW,"",0,0
DEMO-DEV-0433,DEMO-0433,23,LOW,Repair cost high relative to purchase,0,2
DEMO-DEV-0434,DEMO-0434,2,LOW,"",0,0
DEMO-DEV-0437,DEMO-0437,20,LOW,Extended repair downtime,1,8
DEMO-DEV-0438,DEMO-0438,4,LOW,"",0,0
DEMO-DEV-0440,DEMO-0440,82,HIGH,Frequent repairs in last 365 days; Extended repair downtime,7,79
DEMO-DEV-0441,DEMO-0441,40,MEDIUM,Extended repair downtime; Repair cost high relative to purchase,0,19
DEMO-DEV-0442,DEMO-0442,20,LOW,Repair cost high relative to purchase,0,2
DEMO-DEV-0443,DEMO-0443,15,LOW,"",0,6
DEMO-DEV-0444,DEMO-0444,15,LOW,Extended repair downtime,0,9
DEMO-DEV-0445,DEMO-0445,2,LOW,"",0,0
DEMO-DEV-0446,DEMO-0446,98,HIGH,Frequent repairs in last 365 days; Extended repair downtime; Repair cost high relative to purchase; Older equipment,6,36
DEMO-DEV-0447,DEMO-0447,14,LOW,"",1,2
DEMO-DEV-0448,DEMO-0448,46,MEDIUM,Extended repair downtime; Repair cost high relative to purchase,1,13
DEMO-DEV-0449,DEMO-0449,9,LOW,"",0,4
DEMO-DEV-0450,DEMO-0450,4,LOW,"",0,0
DEMO-DEV-0451,DEMO-0451,16,LOW,Extended repair downtime,0,8
DEMO-DEV-0452,DEMO-0452,12,LOW,Older equipment,0,3
DEMO-DEV-0454,DEMO-0454,22,LOW,Repair cost high relative to purchase,0,1
DEMO-DEV-0456,DEMO-0456,12,LOW,Extended repair downtime,0,8
DEMO-DEV-0457,DEMO-0457,52,MEDIUM,Frequent repairs in last 365 days; Extended repair downtime; Repair cost high relative to purchase,2,8
DEMO-DEV-0458,DEMO-0458,8,LOW,"",0,4
DEMO-DEV-0459,DEMO-0459,2,LOW,"",0,0
DEMO-DEV-0460,DEMO-0460,32,LOW,Extended repair downtime; Older equipment,1,13
DEMO-DEV-0461,DEMO-0461,21,LOW,Extended repair downtime; Older equipment,0,11
DEMO-DEV-0462,DEMO-0462,2,LOW,"",0,0
DEMO-DEV-0463,DEMO-0463,8,LOW,Older equipment,0,0
DEMO-DEV-0464,DEMO-0464,23,LOW,Extended repair downtime,1,7
DEMO-DEV-0465,DEMO-0465,4,LOW,"",0,0
DEMO-DEV-0469,DEMO-0469,8,LOW,Older equipment,0,0
DEMO-DEV-0470,DEMO-0470,79,HIGH,Frequent repairs in last 365 days; Extended repair downtime,7,90
DEMO-DEV-0471,DEMO-0471,36,LOW,Frequent repairs in last 365 days; Extended repair downtime,2,12
DEMO-DEV-0472,DEMO-0472,20,LOW,"",1,3
DEMO-DEV-0473,DEMO-0473,6,LOW,"",0,0
DEMO-DEV-0474,DEMO-0474,2,LOW,"",0,0
DEMO-DEV-0475,DEMO-0475,77,HIGH,Frequent repairs in last 365 days; Extended repair downtime,5,56
DEMO-DEV-0476,DEMO-0476,36,LOW,Extended repair downtime; Older equipment,1,17
DEMO-DEV-0477,DEMO-0477,21,LOW,Extended repair downtime,0,14
DEMO-DEV-0478,DEMO-0478,21,LOW,"",1,6
DEMO-DEV-0480,DEMO-0480,38,LOW,Extended repair downtime; Repair cost high relative to purchase,1,10
DEMO-DEV-0481,DEMO-0481,11,LOW,"",1,0
DEMO-DEV-0482,DEMO-0482,24,LOW,Extended repair downtime,1,10
DEMO-DEV-0483,DEMO-0483,73,HIGH,Frequent repairs in last 365 days; Extended repair downtime; Repair cost high relative to purchase; Older equipment,2,24
DEMO-DEV-0484,DEMO-0484,34,LOW,Frequent repairs in last 365 days; Older equipment,2,4
DEMO-DEV-0485,DEMO-0485,0,LOW,"",0,0
DEMO-DEV-0486,DEMO-0486,5,LOW,"",0,0
DEMO-DEV-0487,DEMO-0487,4,LOW,"",0,0
DEMO-DEV-0488,DEMO-0488,5,LOW,"",0,0
DEMO-DEV-0489,DEMO-0489,6,LOW,"",0,0
DEMO-DEV-0490,DEMO-0490,7,LOW,Older equipment,0,0
DEMO-DEV-0491,DEMO-0491,1,LOW,"",0,0
DEMO-DEV-0492,DEMO-0492,22,LOW,Extended repair downtime,0,12
DEMO-DEV-0493,DEMO-0493,1,LOW,"",0,0
DEMO-DEV-0494,DEMO-0494,9,LOW,Older equipment,0,0
DEMO-DEV-0495,DEMO-0495,3,LOW,"",0,1
DEMO-DEV-0496,DEMO-0496,11,LOW,Extended repair downtime,0,7
DEMO-DEV-0497,DEMO-0497,3,LOW,"",0,0
DEMO-DEV-0498,DEMO-0498,21,LOW,"",1,0
DEMO-DEV-0499,DEMO-0499,22,LOW,"",1,6
DEMO-DEV-0500,DEMO-0500,5,LOW,"",0,0
DEMO-DEV-0501,DEMO-0501,5,LOW,"",0,0
DEMO-DEV-0502,DEMO-0502,36,LOW,Extended repair downtime,1,21
DEMO-DEV-0503,DEMO-0503,16,LOW,"",1,2
DEMO-DEV-0504,DEMO-0504,18,LOW,"",1,0
DEMO-DEV-0505,DEMO-0505,7,LOW,Older equipment,0,0
DEMO-DEV-0506,DEMO-0506,25,LOW,Older equipment,1,6
DEMO-DEV-0508,DEMO-0508,92,HIGH,Frequent repairs in last 365 days; Extended repair downtime; Repair cost high relative to purchase,6,78
DEMO-DEV-0511,DEMO-0511,9,LOW,Older equipment,0,0
DEMO-DEV-0512,DEMO-0512,30,LOW,Extended repair downtime; Repair cost high relative to purchase,0,9
DEMO-DEV-0513,DEMO-0513,4,LOW,"",0,2
DEMO-DEV-0514,DEMO-0514,8,LOW,"",0,2
DEMO-DEV-0515,DEMO-0515,27,LOW,Extended repair downtime; Older equipment,0,12
DEMO-DEV-0516,DEMO-0516,27,LOW,Extended repair downtime; Older equipment,1,9
DEMO-DEV-0517,DEMO-0517,27,LOW,Extended repair downtime; Older equipment,1,7
DEMO-DEV-0518,DEMO-0518,15,LOW,Extended repair downtime,0,9
DEMO-DEV-0519,DEMO-0519,6,LOW,"",0,0
DEMO-DEV-0520,DEMO-0520,13,LOW,Extended repair downtime,0,10
DEMO-DEV-0523,DEMO-0523,6,LOW,"",0,0
DEMO-DEV-0524,DEMO-0524,7,LOW,"",0,5
DEMO-DEV-0525,DEMO-0525,2,LOW,"",0,0
DEMO-DEV-0526,DEMO-0526,8,LOW,Older equipment,0,0
DEMO-DEV-0527,DEMO-0527,34,LOW,Extended repair downtime; Older equipment,1,16
DEMO-DEV-0528,DEMO-0528,25,LOW,Older equipment,1,6
DEMO-DEV-0529,DEMO-0529,2,LOW,"",0,0
DEMO-DEV-0530,DEMO-0530,26,LOW,Extended repair downtime,1,7
DEMO-DEV-0531,DEMO-0531,8,LOW,Older equipment,0,0
DEMO-DEV-0532,DEMO-0532,29,LOW,Repair cost high relative to purchase,0,2
DEMO-DEV-0533,DEMO-0533,11,LOW,Older equipment,0,2
DEMO-DEV-0534,DEMO-0534,21,LOW,"",1,2
DEMO-DEV-0538,DEMO-0538,8,LOW,Older equipment,0,0
DEMO-DEV-0539,DEMO-0539,3,LOW,"",0,0
DEMO-DEV-0540,DEMO-0540,96,HIGH,Frequent repairs in last 365 days; Extended repair downtime; Repair cost high relative to purchase; Older equipment,8,80
DEMO-DEV-0541,DEMO-0541,18,LOW,"",1,0
DEMO-DEV-0542,DEMO-0542,0,LOW,"",0,0
DEMO-DEV-0543,DEMO-0543,7,LOW,Older equipment,0,0
DEMO-DEV-0544,DEMO-0544,29,LOW,Extended repair downtime; Repair cost high relative to purchase,0,11
DEMO-DEV-0545,DEMO-0545,89,HIGH,Frequent repairs in last 365 days; Extended repair downtime; Repair cost high relative to purchase,8,83
DEMO-DEV-0546,DEMO-0546,5,LOW,"",0,0
DEMO-DEV-0547,DEMO-0547,8,LOW,Older equipment,0,0
DEMO-DEV-0548,DEMO-0548,5,LOW,"",0,0
DEMO-DEV-0549,DEMO-0549,16,LOW,Older equipment,0,0
DEMO-DEV-0554,DEMO-0554,8,LOW,Older equipment,0,0
DEMO-DEV-0555,DEMO-0555,30,LOW,Extended repair downtime; Older equipment,1,12
DEMO-DEV-0556,DEMO-0556,50,MEDIUM,Frequent repairs in last 365 days; Extended repair downtime; Repair cost high relative to purchase,2,14
DEMO-DEV-0557,DEMO-0557,7,LOW,"",0,0
DEMO-DEV-0558,DEMO-0558,9,LOW,Older equipment,0,0
DEMO-DEV-0559,DEMO-0559,4,LOW,"",0,0
DEMO-DEV-0560,DEMO-0560,34,LOW,Extended repair downtime,1,14
DEMO-DEV-0561,DEMO-0561,19,LOW,Extended repair downtime,0,11
DEMO-DEV-0562,DEMO-0562,92,HIGH,Frequent repairs in last 365 days; Extended repair downtime; Repair cost high relative to purchase,7,33
DEMO-DEV-0564,DEMO-0564,83,HIGH,Frequent repairs in last 365 days; Extended repair downtime; Repair cost high relative to purchase,5,40
DEMO-DEV-0565,DEMO-0565,80,HIGH,Frequent repairs in last 365 days; Extended repair downtime; Older equipment,8,71
DEMO-DEV-0567,DEMO-0567,7,LOW,Older equipment,0,0
DEMO-DEV-0568,DEMO-0568,3,LOW,"",0,0
DEMO-DEV-0569,DEMO-0569,24,LOW,Repair cost high relative to purchase,0,0
DEMO-DEV-0570,DEMO-0570,12,LOW,"",0,2
DEMO-DEV-0571,DEMO-0571,50,MEDIUM,Extended repair downtime; Older equipment,1,23
DEMO-DEV-0572,DEMO-0572,4,LOW,"",0,0
DEMO-DEV-0573,DEMO-0573,5,LOW,"",0,0
DEMO-DEV-0574,DEMO-0574,27,LOW,Extended repair downtime,1,12
DEMO-DEV-0575,DEMO-0575,15,LOW,Extended repair downtime,0,11
DEMO-DEV-0576,DEMO-0576,85,HIGH,Frequent repairs in last 365 days; Extended repair downtime; Older equipment,8,98
DEMO-DEV-0578,DEMO-0578,21,LOW,Extended repair downtime,0,11
DEMO-DEV-0579,DEMO-0579,18,LOW,"",1,3
DEMO-DEV-0581,DEMO-0581,8,LOW,Older equipment,0,0
DEMO-DEV-0582,DEMO-0582,4,LOW,"",0,0
DEMO-DEV-0583,DEMO-0583,17,LOW,Extended repair downtime,0,12
DEMO-DEV-0584,DEMO-0584,15,LOW,"",0,4
DEMO-DEV-0585,DEMO-0585,7,LOW,Older equipment,0,0
DEMO-DEV-0586,DEMO-0586,5,LOW,"",0,0
DEMO-DEV-0587,DEMO-0587,5,LOW,"",0,0
DEMO-DEV-0588,DEMO-0588,34,LOW,Frequent repairs in last 365 days; Extended repair downtime,2,8
DEMO-DEV-0589,DEMO-0589,6,LOW,"",0,0
DEMO-DEV-0590,DEMO-0590,9,LOW,Older equipment,0,0
DEMO-DEV-0592,DEMO-0592,16,LOW,Extended repair downtime,0,10
DEMO-DEV-0593,DEMO-0593,94,HIGH,Frequent repairs in last 365 days; Extended repair downtime; Repair cost high relative to purchase,5,31
DEMO-DEV-0594,DEMO-0594,32,LOW,Repair cost high relative to purchase; Older equipment,1,2
DEMO-DEV-0595,DEMO-0595,1,LOW,"",0,0
DEMO-DEV-0596,DEMO-0596,14,LOW,Extended repair downtime,0,8
DEMO-DEV-0598,DEMO-0598,1,LOW,"",0,0
DEMO-DEV-0599,DEMO-0599,5,LOW,"",0,0
DEMO-DEV-0600,DEMO-0600,2,LOW,"",0,0
DEMO-DEV-0601,DEMO-0601,1,LOW,"",0,0
DEMO-DEV-0603,DEMO-0603,21,LOW,"",1,6
DEMO-DEV-0604,DEMO-0604,3,LOW,"",0,0
DEMO-DEV-0607,DEMO-0607,20,LOW,"",1,3
DEMO-DEV-0608,DEMO-0608,35,LOW,Extended repair downtime; Repair cost high relative to purchase,1,10
DEMO-DEV-0609,DEMO-0609,15,LOW,Older equipment,0,0
DEMO-DEV-0610,DEMO-0610,28,LOW,Extended repair downtime,1,12
DEMO-DEV-0611,DEMO-0611,28,LOW,Repair cost high relative to purchase,0,6
DEMO-DEV-0612,DEMO-0612,2,LOW,"",0,0
DEMO-DEV-0613,DEMO-0613,8,LOW,Older equipment,0,0
DEMO-DEV-0614,DEMO-0614,9,LOW,Older equipment,0,0
DEMO-DEV-0615,DEMO-0615,33,LOW,Frequent repairs in last 365 days; Extended repair downtime,2,7
DEMO-DEV-0616,DEMO-0616,2,LOW,"",0,0
DEMO-DEV-0617,DEMO-0617,50,MEDIUM,Extended repair downtime; Repair cost high relative to purchase,1,16
DEMO-DEV-0618,DEMO-0618,1,LOW,"",0,0
DEMO-DEV-0619,DEMO-0619,4,LOW,"",0,0
DEMO-DEV-0622,DEMO-0622,6,LOW,"",0,3
DEMO-DEV-0624,DEMO-0624,16,LOW,Extended repair downtime; Older equipment,0,7
DEMO-DEV-0626,DEMO-0626,17,LOW,"",1,0
DEMO-DEV-0627,DEMO-0627,17,LOW,Extended repair downtime,0,10
DEMO-DEV-0628,DEMO-0628,2,LOW,"",0,0
DEMO-DEV-0629,DEMO-0629,16,LOW,Extended repair downtime,0,10
DEMO-DEV-0630,DEMO-0630,4,LOW,"",0,0
DEMO-DEV-0631,DEMO-0631,22,LOW,Repair cost high relative to purchase; Older equipment,0,0
DEMO-DEV-0632,DEMO-0632,75,HIGH,Frequent repairs in last 365 days; Extended repair downtime,5,65
DEMO-DEV-0633,DEMO-0633,15,LOW,Extended repair downtime,0,10
DEMO-DEV-0634,DEMO-0634,15,LOW,Extended repair downtime,0,12
DEMO-DEV-0635,DEMO-0635,20,LOW,Extended repair downtime,1,7
DEMO-DEV-0636,DEMO-0636,26,LOW,Older equipment,1,5
DEMO-DEV-0639,DEMO-0639,36,LOW,Repair cost high relative to purchase,1,0
DEMO-DEV-0642,DEMO-0642,37,LOW,Repair cost high relative to purchase,1,1
DEMO-DEV-0644,DEMO-0644,18,LOW,Extended repair downtime; Older equipment,0,7
DEMO-DEV-0645,DEMO-0645,22,LOW,Older equipment,1,3
DEMO-DEV-0649,DEMO-0649,0,LOW,"",0,0
DEMO-DEV-0650,DEMO-0650,26,LOW,Repair cost high relative to purchase,0,1
DEMO-DEV-0651,DEMO-0651,98,HIGH,Frequent repairs in last 365 days; Extended repair downtime; Repair cost high relative to purchase; Older equipment,7,65
DEMO-DEV-0652,DEMO-0652,27,LOW,Extended repair downtime,1,10
DEMO-DEV-0653,DEMO-0653,88,HIGH,Frequent repairs in last 365 days; Extended repair downtime; Older equipment,4,42
DEMO-DEV-0654,DEMO-0654,11,LOW,Older equipment,0,3
DEMO-DEV-0655,DEMO-0655,3,LOW,"",0,0
DEMO-DEV-0656,DEMO-0656,38,LOW,Extended repair downtime; Older equipment,1,11
DEMO-DEV-0657,DEMO-0657,29,LOW,Extended repair downtime; Older equipment,1,9
DEMO-DEV-0658,DEMO-0658,78,HIGH,Frequent repairs in last 365 days; Extended repair downtime,4,56
DEMO-DEV-0659,DEMO-0659,3,LOW,"",0,0
DEMO-DEV-0660,DEMO-0660,8,LOW,Older equipment,0,0
DEMO-DEV-0662,DEMO-0662,37,LOW,Extended repair downtime,1,20
DEMO-DEV-0664,DEMO-0664,3,LOW,"",0,0
DEMO-DEV-0666,DEMO-0666,9,LOW,Older equipment,0,0
DEMO-DEV-0667,DEMO-0667,97,HIGH,Frequent repairs in last 365 days; Extended repair downtime; Repair cost high relative to purchase,6,83
DEMO-DEV-0668,DEMO-0668,17,LOW,Extended repair downtime; Older equipment,0,9
DEMO-DEV-0669,DEMO-0669,12,LOW,Extended repair downtime,0,7
DEMO-DEV-0670,DEMO-0670,15,LOW,Extended repair downtime,0,12
DEMO-DEV-0671,DEMO-0671,9,LOW,Older equipment,0,0
DEMO-DEV-0672,DEMO-0672,12,LOW,Extended repair downtime,0,10
DEMO-DEV-0673,DEMO-0673,27,LOW,Extended repair downtime,1,8
DEMO-DEV-0674,DEMO-0674,24,LOW,Extended repair downtime,1,8
DEMO-DEV-0676,DEMO-0676,32,LOW,Extended repair downtime; Repair cost high relative to purchase; Older equipment,0,9
DEMO-DEV-0677,DEMO-0677,32,LOW,Extended repair downtime; Older equipment,1,13
DEMO-DEV-0678,DEMO-0678,9,LOW,Older equipment,0,0
DEMO-DEV-0679,DEMO-0679,4,LOW,"",0,2
DEMO-DEV-0680,DEMO-0680,30,LOW,Extended repair downtime,0,20
DEMO-DEV-0681,DEMO-0681,2,LOW,"",0,0
DEMO-DEV-0682,DEMO-0682,47,MEDIUM,Extended repair downtime; Repair cost high relative to purchase; Older equipment,1,10
DEMO-DEV-0683,DEMO-0683,9,LOW,Older equipment,0,0
DEMO-DEV-0684,DEMO-0684,25,LOW,Extended repair downtime,1,11
DEMO-DEV-0685,DEMO-0685,9,LOW,Older equipment,0,0
DEMO-DEV-0686,DEMO-0686,7,LOW,Older equipment,0,0
DEMO-DEV-0687,DEMO-0687,8,LOW,Older equipment,0,0
DEMO-DEV-0688,DEMO-0688,1,LOW,"",0,0
DEMO-DEV-0691,DEMO-0691,24,LOW,Extended repair downtime,1,11
DEMO-DEV-0692,DEMO-0692,18,LOW,Extended repair downtime; Older equipment,0,10
DEMO-DEV-0693,DEMO-0693,9,LOW,Older equipment,0,0
DEMO-DEV-0694,DEMO-0694,7,LOW,"",0,0
DEMO-DEV-0695,DEMO-0695,1,LOW,"",0,0
DEMO-DEV-0697,DEMO-0697,7,LOW,"",0,0
DEMO-DEV-0698,DEMO-0698,18,LOW,Repair cost high relative to purchase,0,3
DEMO-DEV-0699,DEMO-0699,2,LOW,"",0,0
DEMO-DEV-0700,DEMO-0700,51,MEDIUM,Frequent repairs in last 365 days; Extended repair downtime,2,21
DEMO-DEV-0701,DEMO-0701,9,LOW,"",0,4
DEMO-DEV-0702,DEMO-0702,14,LOW,Extended repair downtime,0,12
DEMO-DEV-0704,DEMO-0704,10,LOW,"",0,2
DEMO-DEV-0705,DEMO-0705,2,LOW,"",0,0
DEMO-DEV-0706,DEMO-0706,50,MEDIUM,Extended repair downtime; Repair cost high relative to purchase; Older equipment,1,11
DEMO-DEV-0707,DEMO-0707,22,LOW,Repair cost high relative to purchase,0,0
DEMO-DEV-0708,DEMO-0708,25,LOW,Repair cost high relative to purchase,0,5
DEMO-DEV-0709,DEMO-0709,19,LOW,"",1,6
DEMO-DEV-0710,DEMO-0710,77,HIGH,Frequent repairs in last 365 days; Extended repair downtime,5,42
DEMO-DEV-0711,DEMO-0711,27,LOW,Extended repair downtime; Older equipment,0,11
DEMO-DEV-0712,DEMO-0712,6,LOW,"",0,0
DEMO-DEV-0713,DEMO-0713,23,LOW,Extended repair downtime,0,12
DEMO-DEV-0714,DEMO-0714,35,LOW,Extended repair downtime; Repair cost high relative to purchase,0,9
DEMO-DEV-0715,DEMO-0715,33,LOW,Extended repair downtime,1,9
DEMO-DEV-0716,DEMO-0716,27,LOW,Extended repair downtime,1,8
DEMO-DEV-0720,DEMO-0720,50,MEDIUM,Extended repair downtime; Repair cost high relative to purchase; Older equipment,1,12
DEMO-DEV-0723,DEMO-0723,2,LOW,"",0,0
DEMO-DEV-0724,DEMO-0724,2,LOW,"",0,0
DEMO-DEV-0725,DEMO-0725,16,LOW,Extended repair downtime,0,10
DEMO-DEV-0726,DEMO-0726,72,HIGH,Frequent repairs in last 365 days; Extended repair downtime,4,24
DEMO-DEV-0727,DEMO-0727,15,LOW,Repair cost high relative to purchase,0,1
DEMO-DEV-0728,DEMO-0728,94,HIGH,Frequent repairs in last 365 days; Extended repair downtime; Repair cost high relative to purchase,5,88
DEMO-DEV-0729,DEMO-0729,9,LOW,Older equipment,0,0
DEMO-DEV-0732,DEMO-0732,95,HIGH,Frequent repairs in last 365 days; Extended repair downtime; Repair cost high relative to purchase,6,50
DEMO-DEV-0734,DEMO-0734,98,HIGH,Frequent repairs in last 365 days; Extended repair downtime; Repair cost high relative to purchase; Older equipment,4,63
DEMO-DEV-0735,DEMO-0735,8,LOW,"",0,0
DEMO-DEV-0737,DEMO-0737,4,LOW,"",0,0
DEMO-DEV-0738,DEMO-0738,30,LOW,Extended repair downtime; Repair cost high relative to purchase,0,9
DEMO-DEV-0739,DEMO-0739,24,LOW,"",1,6
DEMO-DEV-0740,DEMO-0740,4,LOW,"",0,0
DEMO-DEV-0741,DEMO-0741,6,LOW,"",0,0
DEMO-DEV-0742,DEMO-0742,2,LOW,"",0,0
DEMO-DEV-0743,DEMO-0743,25,LOW,Older equipment,1,0
DEMO-DEV-0744,DEMO-0744,8,LOW,Older equipment,0,0
DEMO-DEV-0749,DEMO-0749,98,HIGH,Frequent repairs in last 365 days; Extended repair downtime; Repair cost high relative to purchase; Older equipment,4,55
DEMO-DEV-0751,DEMO-0751,9,LOW,"",0,3
DEMO-DEV-0753,DEMO-0753,78,HIGH,Frequent repairs in last 365 days; Extended repair downtime,6,56
DEMO-DEV-0755,DEMO-0755,77,HIGH,Frequent repairs in last 365 days; Extended repair downtime,8,82
DEMO-DEV-0756,DEMO-0756,23,LOW,Extended repair downtime,1,7
DEMO-DEV-0757,DEMO-0757,10,LOW,Older equipment,0,0
DEMO-DEV-0758,DEMO-0758,89,HIGH,Frequent repairs in last 365 days; Extended repair downtime; Repair cost high relative to purchase,4,26
DEMO-DEV-0761,DEMO-0761,19,LOW,Older equipment,1,0
DEMO-DEV-0762,DEMO-0762,22,LOW,Extended repair downtime,1,9
DEMO-DEV-0763,DEMO-0763,19,LOW,Older equipment,0,6
DEMO-DEV-0764,DEMO-0764,17,LOW,Extended repair downtime,0,10
DEMO-DEV-0765,DEMO-0765,5,LOW,"",0,0
DEMO-DEV-0766,DEMO-0766,1,LOW,"",0,0
DEMO-DEV-0767,DEMO-0767,6,LOW,"",0,2
DEMO-DEV-0768,DEMO-0768,23,LOW,Extended repair downtime,0,10
DEMO-DEV-0769,DEMO-0769,2,LOW,"",0,0
DEMO-DEV-0770,DEMO-0770,7,LOW,Older equipment,0,0
DEMO-DEV-0771,DEMO-0771,52,MEDIUM,Frequent repairs in last 365 days; Extended repair downtime; Repair cost high relative to purchase,2,7
DEMO-DEV-0776,DEMO-0776,13,LOW,"",0,6
DEMO-DEV-0777,DEMO-0777,25,LOW,Repair cost high relative to purchase; Older equipment,0,4
DEMO-DEV-0778,DEMO-0778,29,LOW,Repair cost high relative to purchase,0,6
DEMO-DEV-0779,DEMO-0779,4,LOW,"",0,0
DEMO-DEV-0780,DEMO-0780,25,LOW,Extended repair downtime,1,9
DEMO-DEV-0781,DEMO-0781,3,LOW,"",0,0
DEMO-DEV-0782,DEMO-0782,8,LOW,Older equipment,0,0
DEMO-DEV-0783,DEMO-0783,6,LOW,"",0,0
DEMO-DEV-0784,DEMO-0784,38,LOW,Extended repair downtime,1,19
DEMO-DEV-0785,DEMO-0785,2,LOW,"",0,0
DEMO-DEV-0787,DEMO-0787,6,LOW,"",0,0
DEMO-DEV-0788,DEMO-0788,13,LOW,Older equipment,0,6
DEMO-DEV-0789,DEMO-0789,10,LOW,"",0,5
DEMO-DEV-0790,DEMO-0790,5,LOW,"",0,0
DEMO-DEV-0791,DEMO-0791,99,HIGH,Frequent repairs in last 365 days; Extended repair downtime; Repair cost high relative to purchase; Older equipment,8,89
DEMO-DEV-0792,DEMO-0792,15,LOW,Extended repair downtime,0,10
DEMO-DEV-0793,DEMO-0793,5,LOW,"",0,1
DEMO-DEV-0794,DEMO-0794,47,MEDIUM,Frequent repairs in last 365 days; Extended repair downtime,2,23
DEMO-DEV-0795,DEMO-0795,38,LOW,Extended repair downtime; Repair cost high relative to purchase,0,16
DEMO-DEV-0796,DEMO-0796,45,MEDIUM,Extended repair downtime; Repair cost high relative to purchase,1,11
DEMO-DEV-0797,DEMO-0797,17,LOW,Extended repair downtime,0,9
DEMO-DEV-0798,DEMO-0798,19,LOW,"",1,2
DEMO-DEV-0799,DEMO-0799,2,LOW,"",0,0
DEMO-DEV-0801,DEMO-0801,25,LOW,Extended repair downtime; Repair cost high relative to purchase,0,10
DEMO-DEV-0804,DEMO-0804,3,LOW,"",0,0
DEMO-DEV-0805,DEMO-0805,10,LOW,Older equipment,0,2
DEMO-DEV-0806,DEMO-0806,6,LOW,"",0,0
DEMO-DEV-0807,DEMO-0807,12,LOW,"",0,6
DEMO-DEV-0808,DEMO-0808,1,LOW,"",0,0
DEMO-DEV-0809,DEMO-0809,21,LOW,Extended repair downtime,0,15
DEMO-DEV-0811,DEMO-0811,79,HIGH,Frequent repairs in last 365 days; Extended repair downtime; Repair cost high relative to purchase,4,14
DEMO-DEV-0812,DEMO-0812,43,MEDIUM,Extended repair downtime; Repair cost high relative to purchase,1,12
DEMO-DEV-0813,DEMO-0813,16,LOW,Older equipment,0,0
DEMO-DEV-0815,DEMO-0815,7,LOW,Older equipment,0,0
DEMO-DEV-0817,DEMO-0817,77,HIGH,Frequent repairs in last 365 days; Extended repair downtime,8,102
DEMO-DEV-0819,DEMO-0819,16,LOW,"",1,3
DEMO-DEV-0820,DEMO-0820,14,LOW,Extended repair downtime,0,10
DEMO-DEV-0821,DEMO-0821,93,HIGH,Frequent repairs in last 365 days; Extended repair downtime; Repair cost high relative to purchase,6,85
DEMO-DEV-0822,DEMO-0822,7,LOW,"",0,0
DEMO-DEV-0823,DEMO-0823,16,LOW,Older equipment,0,3
DEMO-DEV-0824,DEMO-0824,31,LOW,Repair cost high relative to purchase,0,6
DEMO-DEV-0825,DEMO-0825,6,LOW,"",0,0
DEMO-DEV-0826,DEMO-0826,23,LOW,Extended repair downtime,1,7
DEMO-DEV-0831,DEMO-0831,34,LOW,Extended repair downtime; Repair cost high relative to purchase,0,12
DEMO-DEV-0832,DEMO-0832,9,LOW,Older equipment,0,0
DEMO-DEV-0833,DEMO-0833,2,LOW,"",0,0
DEMO-DEV-0834,DEMO-0834,0,LOW,"",0,0
DEMO-DEV-0835,DEMO-0835,7,LOW,Older equipment,0,0
DEMO-DEV-0836,DEMO-0836,1,LOW,"",0,0
DEMO-DEV-0837,DEMO-0837,0,LOW,"",0,0
DEMO-DEV-0838,DEMO-0838,16,LOW,Older equipment,0,6
DEMO-DEV-0839,DEMO-0839,35,LOW,Extended repair downtime,1,19
DEMO-DEV-0840,DEMO-0840,93,HIGH,Frequent repairs in last 365 days; Extended repair downtime; Repair cost high relative to purchase; Older equipment,8,80
DEMO-DEV-0844,DEMO-0844,3,LOW,"",0,0
DEMO-DEV-0845,DEMO-0845,12,LOW,Older equipment,0,2
DEMO-DEV-0846,DEMO-0846,16,LOW,Extended repair downtime,0,12
DEMO-DEV-0847,DEMO-0847,18,LOW,Extended repair downtime,0,16
DEMO-DEV-0848,DEMO-0848,26,LOW,Extended repair downtime,1,12
DEMO-DEV-0849,DEMO-0849,44,MEDIUM,Extended repair downtime; Repair cost high relative to purchase,1,14
DEMO-DEV-0850,DEMO-0850,5,LOW,"",0,0
DEMO-DEV-0851,DEMO-0851,2,LOW,"",0,0
DEMO-DEV-0852,DEMO-0852,9,LOW,Older equipment,0,0
DEMO-DEV-0853,DEMO-0853,19,LOW,Older equipment,1,0
DEMO-DEV-0854,DEMO-0854,79,HIGH,Frequent repairs in last 365 days; Extended repair downtime,4,36
DEMO-DEV-0855,DEMO-0855,16,LOW,Repair cost high relative to purchase,0,2
DEMO-DEV-0857,DEMO-0857,84,HIGH,Frequent repairs in last 365 days; Extended repair downtime; Older equipment,8,118
DEMO-DEV-0860,DEMO-0860,2,LOW,"",0,0
DEMO-DEV-0861,DEMO-0861,29,LOW,Repair cost high relative to purchase; Older equipment,0,0
DEMO-DEV-0862,DEMO-0862,34,LOW,Extended repair downtime,1,13
DEMO-DEV-0865,DEMO-0865,38,LOW,Extended repair downtime,1,13
DEMO-DEV-0866,DEMO-0866,23,LOW,Repair cost high relative to purchase,0,0
DEMO-DEV-0867,DEMO-0867,38,LOW,Repair cost high relative to purchase,1,3
DEMO-DEV-0871,DEMO-0871,13,LOW,Extended repair downtime,0,9
DEMO-DEV-0872,DEMO-0872,43,MEDIUM,Extended repair downtime; Repair cost high relative to purchase,1,7
DEMO-DEV-0873,DEMO-0873,4,LOW,"",0,0
DEMO-DEV-0874,DEMO-0874,2,LOW,"",0,0
DEMO-DEV-0875,DEMO-0875,85,HIGH,Frequent repairs in last 365 days; Extended repair downtime; Repair cost high relative to purchase,8,76
DEMO-DEV-0876,DEMO-0876,33,LOW,Extended repair downtime,1,22
DEMO-DEV-0877,DEMO-0877,1,LOW,"",0,0
DEMO-DEV-0878,DEMO-0878,15,LOW,"",1,0
DEMO-DEV-0879,DEMO-0879,1,LOW,"",0,0
DEMO-DEV-0880,DEMO-0880,18,LOW,Older equipment,0,5
DEMO-DEV-0881,DEMO-0881,17,LOW,Older equipment,0,6
DEMO-DEV-0884,DEMO-0884,25,LOW,Extended repair downtime; Older equipment,0,15
DEMO-DEV-0885,DEMO-0885,9,LOW,Older equipment,0,0
DEMO-DEV-0886,DEMO-0886,14,LOW,Older equipment,0,5
DEMO-DEV-0888,DEMO-0888,7,LOW,"",0,2
DEMO-DEV-0889,DEMO-0889,78,HIGH,Frequent repairs in last 365 days; Extended repair downtime,7,83
DEMO-DEV-0890,DEMO-0890,1,LOW,"",0,0
DEMO-DEV-0891,DEMO-0891,0,LOW,"",0,0
DEMO-DEV-0893,DEMO-0893,6,LOW,"",0,0
DEMO-DEV-0894,DEMO-0894,26,LOW,Repair cost high relative to purchase,0,6
DEMO-DEV-0895,DEMO-0895,28,LOW,Extended repair downtime,1,11
DEMO-DEV-0898,DEMO-0898,0,LOW,"",0,0
DEMO-DEV-0900,DEMO-0900,29,LOW,Repair cost high relative to purchase; Older equipment,1,0
DEMO-DEV-0901,DEMO-0901,3,LOW,"",0,0
DEMO-DEV-0903,DEMO-0903,24,LOW,Older equipment,1,5
DEMO-DEV-0904,DEMO-0904,30,LOW,Repair cost high relative to purchase; Older equipment,0,3
DEMO-DEV-0905,DEMO-0905,87,HIGH,Frequent repairs in last 365 days; Extended repair downtime; Repair cost high relative to purchase,5,52
DEMO-DEV-0906,DEMO-0906,21,LOW,Repair cost high relative to purchase; Older equipment,0,0
DEMO-DEV-0907,DEMO-0907,8,LOW,Older equipment,0,0
DEMO-DEV-0908,DEMO-0908,29,LOW,Repair cost high relative to purchase,0,4
DEMO-DEV-0909,DEMO-0909,13,LOW,Older equipment,0,2
DEMO-DEV-0913,DEMO-0913,2,LOW,"",0,0
DEMO-DEV-0915,DEMO-0915,9,LOW,Older equipment,0,0
DEMO-DEV-0916,DEMO-0916,18,LOW,Extended repair downtime,0,10
DEMO-DEV-0917,DEMO-0917,37,LOW,Extended repair downtime; Repair cost high relative to purchase,0,10
DEMO-DEV-0918,DEMO-0918,35,LOW,Repair cost high relative to purchase,1,3
DEMO-DEV-0919,DEMO-0919,13,LOW,Extended repair downtime,0,8
DEMO-DEV-0920,DEMO-0920,6,LOW,"",0,0
DEMO-DEV-0921,DEMO-0921,1,LOW,"",0,0
DEMO-DEV-0922,DEMO-0922,17,LOW,"",1,6
DEMO-DEV-0923,DEMO-0923,75,HIGH,Frequent repairs in last 365 days; Extended repair downtime,5,50
DEMO-DEV-0927,DEMO-0927,5,LOW,"",0,0
DEMO-DEV-0928,DEMO-0928,8,LOW,"",0,0
DEMO-DEV-0929,DEMO-0929,13,LOW,Extended repair downtime,0,8
DEMO-DEV-0930,DEMO-0930,48,MEDIUM,Extended repair downtime; Repair cost high relative to purchase; Older equipment,1,10
DEMO-DEV-0931,DEMO-0931,6,LOW,"",0,0
DEMO-DEV-0932,DEMO-0932,99,HIGH,Frequent repairs in last 365 days; Extended repair downtime; Repair cost high relative to purchase; Older equipment,7,93
DEMO-DEV-0933,DEMO-0933,2,LOW,"",0,0
DEMO-DEV-0934,DEMO-0934,7,LOW,Older equipment,0,0
DEMO-DEV-0935,DEMO-0935,7,LOW,"",0,0
DEMO-DEV-0936,DEMO-0936,18,LOW,Older equipment,1,0
DEMO-DEV-0937,DEMO-0937,37,LOW,Extended repair downtime; Repair cost high relative to purchase,1,10
DEMO-DEV-0938,DEMO-0938,8,LOW,Older equipment,0,0
DEMO-DEV-0939,DEMO-0939,3,LOW,"",0,0
DEMO-DEV-0940,DEMO-0940,8,LOW,Older equipment,0,0
DEMO-DEV-0941,DEMO-0941,6,LOW,"",0,0
DEMO-DEV-0942,DEMO-0942,22,LOW,Extended repair downtime; Older equipment,0,14
DEMO-DEV-0943,DEMO-0943,11,LOW,Extended repair downtime,0,7
DEMO-DEV-0944,DEMO-0944,0,LOW,"",0,0
DEMO-DEV-0945,DEMO-0945,1,LOW,"",0,0
DEMO-DEV-0946,DEMO-0946,8,LOW,Older equipment,0,0
DEMO-DEV-0947,DEMO-0947,6,LOW,"",0,2
DEMO-DEV-0948,DEMO-0948,31,LOW,Extended repair downtime; Older equipment,1,11
DEMO-DEV-0949,DEMO-0949,6,LOW,"",0,0
DEMO-DEV-0950,DEMO-0950,19,LOW,Extended repair downtime; Older equipment,0,9
DEMO-DEV-0951,DEMO-0951,17,LOW,Extended repair downtime,0,11
DEMO-DEV-0956,DEMO-0956,45,MEDIUM,Extended repair downtime; Repair cost high relative to purchase,1,15
DEMO-DEV-0957,DEMO-0957,4,LOW,"",0,0
DEMO-DEV-0958,DEMO-0958,19,LOW,"",1,0
DEMO-DEV-0959,DEMO-0959,22,LOW,Older equipment,0,4
DEMO-DEV-0960,DEMO-0960,41,MEDIUM,Extended repair downtime; Repair cost high relative to purchase,1,10
DEMO-DEV-0961,DEMO-0961,2,LOW,"",0,0
DEMO-DEV-0962,DEMO-0962,15,LOW,"",1,0
DEMO-DEV-0963,DEMO-0963,11,LOW,Extended repair downtime,0,9
DEMO-DEV-0964,DEMO-0964,38,LOW,Extended repair downtime; Repair cost high relative to purchase; Older equipment,0,11
DEMO-DEV-0965,DEMO-0965,44,MEDIUM,Repair cost high relative to purchase; Older equipment,1,6
DEMO-DEV-0967,DEMO-0967,17,LOW,Older equipment,0,1
DEMO-DEV-0970,DEMO-0970,1,LOW,"",0,0
DEMO-DEV-0971,DEMO-0971,18,LOW,Extended repair downtime,0,12
DEMO-DEV-0973,DEMO-0973,9,LOW,Older equipment,0,0
DEMO-DEV-0974,DEMO-0974,24,LOW,Extended repair downtime; Older equipment,0,7
DEMO-DEV-0976,DEMO-0976,38,LOW,Extended repair downtime; Repair cost high relative to purchase; Older equipment,0,10
DEMO-DEV-0977,DEMO-0977,4,LOW,"",0,0
DEMO-DEV-0978,DEMO-0978,18,LOW,"",1,0
DEMO-DEV-0979,DEMO-0979,16,LOW,"",1,1
DEMO-DEV-0980,DEMO-0980,25,LOW,Extended repair downtime,1,9
DEMO-DEV-0984,DEMO-0984,7,LOW,Older equipment,0,0
DEMO-DEV-0986,DEMO-0986,28,LOW,Older equipment,1,6
DEMO-DEV-0987,DEMO-0987,80,HIGH,Frequent repairs in last 365 days; Extended repair downtime; Older equipment,5,93
DEMO-DEV-0989,DEMO-0989,90,HIGH,Frequent repairs in last 365 days; Extended repair downtime; Repair cost high relative to purchase; Older equipment,5,80
DEMO-DEV-0990,DEMO-0990,1,LOW,"",0,0
DEMO-DEV-0992,DEMO-0992,43,MEDIUM,Extended repair downtime; Repair cost high relative to purchase,1,9
DEMO-DEV-0993,DEMO-0993,96,HIGH,Frequent repairs in last 365 days; Extended repair downtime; Repair cost high relative to purchase,7,117
DEMO-DEV-0995,DEMO-0995,7,LOW,Older equipment,0,0
DEMO-DEV-0996,DEMO-0996,3,LOW,"",0,0
DEMO-DEV-0997,DEMO-0997,4,LOW,"",0,0
DEMO-DEV-0998,DEMO-0998,91,HIGH,Frequent repairs in last 365 days; Extended repair downtime; Repair cost high relative to purchase,8,99
DEMO-DEV-0999,DEMO-0999,11,LOW,"",0,4
DEMO-DEV-1000,DEMO-1000,34,LOW,Repair cost high relative to purchase,1,0
DEMO-DEV-1001,DEMO-1001,22,LOW,Extended repair downtime,0,15
DEMO-DEV-1002,DEMO-1002,15,LOW,Extended repair downtime,0,12
DEMO-DEV-1004,DEMO-1004,13,LOW,Extended repair downtime,0,9
DEMO-DEV-1005,DEMO-1005,3,LOW,"",0,0
DEMO-DEV-1006,DEMO-1006,2,LOW,"",0,0
DEMO-DEV-1009,DEMO-1009,80,HIGH,Frequent repairs in last 365 days; Extended repair downtime,5,55
DEMO-DEV-1011,DEMO-1011,92,HIGH,Frequent repairs in last 365 days; Extended repair downtime; Repair cost high relative to purchase,8,70
DEMO-DEV-1012,DEMO-1012,3,LOW,"",0,1
DEMO-DEV-1013,DEMO-1013,14,LOW,Extended repair downtime,0,7
DEMO-DEV-1014,DEMO-1014,27,LOW,Extended repair downtime,1,12
DEMO-DEV-1015,DEMO-1015,35,LOW,Extended repair downtime; Repair cost high relative to purchase,0,11
DEMO-DEV-1016,DEMO-1016,7,LOW,Older equipment,0,0
DEMO-DEV-1017,DEMO-1017,6,LOW,"",0,0
DEMO-DEV-1018,DEMO-1018,5,LOW,"",0,0
DEMO-DEV-1019,DEMO-1019,9,LOW,Older equipment,0,0
DEMO-DEV-1020,DEMO-1020,3,LOW,"",0,0
DEMO-DEV-1024,DEMO-1024,6,LOW,"",0,0
DEMO-DEV-1025,DEMO-1025,6,LOW,"",0,0
DEMO-DEV-1026,DEMO-1026,8,LOW,Older equipment,0,0
DEMO-DEV-1027,DEMO-1027,84,HIGH,Frequent repairs in last 365 days; Extended repair downtime; Repair cost high relative to purchase,4,46
DEMO-DEV-1028,DEMO-1028,14,LOW,"",1,2
DEMO-DEV-1029,DEMO-1029,30,LOW,Extended repair downtime,1,15
DEMO-DEV-1030,DEMO-1030,2,LOW,"",0,0
DEMO-DEV-1031,DEMO-1031,24,LOW,"",1,6
DEMO-DEV-1032,DEMO-1032,44,MEDIUM,Extended repair downtime; Repair cost high relative to purchase,1,7
DEMO-DEV-1033,DEMO-1033,1,LOW,"",0,0
DEMO-DEV-1037,DEMO-1037,89,HIGH,Frequent repairs in last 365 days; Extended repair downtime; Repair cost high relative to purchase,4,24
DEMO-DEV-1041,DEMO-1041,11,LOW,Older equipment,0,1
DEMO-DEV-1042,DEMO-1042,41,MEDIUM,Extended repair downtime; Repair cost high relative to purchase,1,17
DEMO-DEV-1044,DEMO-1044,1,LOW,"",0,0
DEMO-DEV-1045,DEMO-1045,9,LOW,"",0,2
DEMO-DEV-1046,DEMO-1046,4,LOW,"",0,0
DEMO-DEV-1047,DEMO-1047,9,LOW,Older equipment,0,0
DEMO-DEV-1048,DEMO-1048,88,HIGH,Frequent repairs in last 365 days; Extended repair downtime; Repair cost high relative to purchase,4,47
DEMO-DEV-1051,DEMO-1051,13,LOW,"",0,6
DEMO-DEV-1052,DEMO-1052,3,LOW,"",0,0
DEMO-DEV-1053,DEMO-1053,4,LOW,"",0,0
DEMO-DEV-1054,DEMO-1054,24,LOW,Extended repair downtime,1,7
DEMO-DEV-1055,DEMO-1055,10,LOW,Extended repair downtime,0,7
DEMO-DEV-1056,DEMO-1056,93,HIGH,Frequent repairs in last 365 days; Extended repair downtime; Repair cost high relative to purchase,7,67
DEMO-DEV-1057,DEMO-1057,3,LOW,"",0,0
DEMO-DEV-1058,DEMO-1058,10,LOW,"",0,5
DEMO-DEV-1059,DEMO-1059,79,HIGH,Frequent repairs in last 365 days; Extended repair downtime,8,109
DEMO-DEV-1060,DEMO-1060,30,LOW,Extended repair downtime,1,8
DEMO-DEV-1061,DEMO-1061,13,LOW,"",1,0
DEMO-DEV-1062,DEMO-1062,47,MEDIUM,Extended repair downtime; Repair cost high relative to purchase; Older equipment,1,9
DEMO-DEV-1063,DEMO-1063,2,LOW,"",0,0
DEMO-DEV-1066,DEMO-1066,10,LOW,"",0,1
DEMO-DEV-1067,DEMO-1067,28,LOW,Extended repair downtime; Repair cost high relative to purchase,0,12
DEMO-DEV-1069,DEMO-1069,18,LOW,Extended repair downtime; Older equipment,0,9
DEMO-DEV-1070,DEMO-1070,6,LOW,"",0,1
DEMO-DEV-1071,DEMO-1071,5,LOW,"",0,0
DEMO-DEV-1072,DEMO-1072,20,LOW,Extended repair downtime; Older equipment,0,12
DEMO-DEV-1073,DEMO-1073,94,HIGH,Frequent repairs in last 365 days; Extended repair downtime; Repair cost high relative to purchase,5,58
DEMO-DEV-1074,DEMO-1074,22,LOW,Extended repair downtime; Older equipment,0,11
DEMO-DEV-1075,DEMO-1075,37,LOW,Frequent repairs in last 365 days; Extended repair downtime,2,13
DEMO-DEV-1076,DEMO-1076,5,LOW,"",0,0
DEMO-DEV-1079,DEMO-1079,83,HIGH,Frequent repairs in last 365 days; Extended repair downtime; Older equipment,4,62
DEMO-DEV-1081,DEMO-1081,7,LOW,"",0,0
DEMO-DEV-1083,DEMO-1083,4,LOW,"",0,0
DEMO-DEV-1084,DEMO-1084,81,HIGH,Frequent repairs in last 365 days; Extended repair downtime,6,83
DEMO-DEV-1085,DEMO-1085,13,LOW,Extended repair downtime,0,12
DEMO-DEV-1086,DEMO-1086,51,MEDIUM,Extended repair downtime; Repair cost high relative to purchase,1,16
DEMO-DEV-1087,DEMO-1087,15,LOW,"",1,1
DEMO-DEV-1088,DEMO-1088,32,LOW,Extended repair downtime; Repair cost high relative to purchase,0,8
DEMO-DEV-1089,DEMO-1089,38,LOW,Extended repair downtime; Repair cost high relative to purchase; Older equipment,0,10
DEMO-DEV-1090,DEMO-1090,95,HIGH,Frequent repairs in last 365 days; Extended repair downtime; Repair cost high relative to purchase,5,63
DEMO-DEV-1092,DEMO-1092,22,LOW,Older equipment,1,0
DEMO-DEV-1093,DEMO-1093,43,MEDIUM,Repair cost high relative to purchase; Older equipment,1,6
DEMO-DEV-1094,DEMO-1094,62,MEDIUM,Frequent repairs in last 365 days; Extended repair downtime,4,18
DEMO-DEV-1095,DEMO-1095,9,LOW,Older equipment,0,1
DEMO-DEV-1096,DEMO-1096,23,LOW,"",1,1
DEMO-DEV-1097,DEMO-1097,7,LOW,Older equipment,0,0
DEMO-DEV-1098,DEMO-1098,8,LOW,"",0,3
DEMO-DEV-1099,DEMO-1099,12,LOW,Older equipment,0,0
DEMO-DEV-1100,DEMO-1100,42,MEDIUM,Extended repair downtime; Repair cost high relative to purchase,0,17
DEMO-DEV-1101,DEMO-1101,4,LOW,"",0,0
DEMO-DEV-1102,DEMO-1102,20,LOW,Extended repair downtime,0,8
DEMO-DEV-1103,DEMO-1103,9,LOW,Older equipment,0,0
DEMO-DEV-1104,DEMO-1104,37,LOW,Frequent repairs in last 365 days; Extended repair downtime; Older equipment,2,9
DEMO-DEV-1105,DEMO-1105,13,LOW,Older equipment,0,3
DEMO-DEV-1107,DEMO-1107,11,LOW,Older equipment,0,0
DEMO-DEV-1111,DEMO-1111,8,LOW,Older equipment,0,0
DEMO-DEV-1112,DEMO-1112,22,LOW,Older equipment,1,4
DEMO-DEV-1113,DEMO-1113,93,HIGH,Frequent repairs in last 365 days; Extended repair downtime; Repair cost high relative to purchase,8,56
DEMO-DEV-1114,DEMO-1114,6,LOW,"",0,0
DEMO-DEV-1115,DEMO-1115,79,HIGH,Frequent repairs in last 365 days; Extended repair downtime,8,102
DEMO-DEV-1116,DEMO-1116,25,LOW,Extended repair downtime,1,8
DEMO-DEV-1117,DEMO-1117,19,LOW,Extended repair downtime,0,11
DEMO-DEV-1118,DEMO-1118,88,HIGH,Frequent repairs in last 365 days; Extended repair downtime; Older equipment,4,43
DEMO-DEV-1119,DEMO-1119,0,LOW,"",0,0
DEMO-DEV-1121,DEMO-1121,20,LOW,"",1,4
DEMO-DEV-1123,DEMO-1123,86,HIGH,Frequent repairs in last 365 days; Extended repair downtime; Older equipment,6,31
DEMO-DEV-1125,DEMO-1125,80,HIGH,Frequent repairs in last 365 days; Extended repair downtime,4,40
DEMO-DEV-1128,DEMO-1128,8,LOW,"",0,2
DEMO-DEV-1129,DEMO-1129,13,LOW,"",0,3
DEMO-DEV-1130,DEMO-1130,16,LOW,Extended repair downtime,0,7
DEMO-DEV-1131,DEMO-1131,81,HIGH,Frequent repairs in last 365 days; Extended repair downtime; Older equipment,8,52
DEMO-DEV-1132,DEMO-1132,35,LOW,Frequent repairs in last 365 days; Extended repair downtime,2,9
DEMO-DEV-1134,DEMO-1134,19,LOW,"",1,5
DEMO-DEV-1135,DEMO-1135,29,LOW,Extended repair downtime,1,16
DEMO-DEV-1136,DEMO-1136,14,LOW,Extended repair downtime,0,7
DEMO-DEV-1137,DEMO-1137,0,LOW,"",0,0
DEMO-DEV-1138,DEMO-1138,3,LOW,"",0,0
DEMO-DEV-1139,DEMO-1139,17,LOW,Repair cost high relative to purchase,0,0
DEMO-DEV-1140,DEMO-1140,2,LOW,"",0,0
DEMO-DEV-1141,DEMO-1141,18,LOW,"",0,3
DEMO-DEV-1142,DEMO-1142,3,LOW,"",0,0
DEMO-DEV-1143,DEMO-1143,34,LOW,Repair cost high relative to purchase,1,0
DEMO-DEV-1144,DEMO-1144,42,MEDIUM,Extended repair downtime; Repair cost high relative to purchase,1,10
DEMO-DEV-1145,DEMO-1145,9,LOW,Older equipment,0,0
DEMO-DEV-1146,DEMO-1146,14,LOW,Extended repair downtime,0,8
DEMO-DEV-1149,DEMO-1149,4,LOW,"",0,0
DEMO-DEV-1152,DEMO-1152,76,HIGH,Frequent repairs in last 365 days; Extended repair downtime,4,51
DEMO-DEV-1153,DEMO-1153,26,LOW,Extended repair downtime,1,8
DEMO-DEV-1154,DEMO-1154,24,LOW,Extended repair downtime,1,10
DEMO-DEV-1156,DEMO-1156,2,LOW,"",0,0
DEMO-DEV-1157,DEMO-1157,27,LOW,Extended repair downtime; Older equipment,0,11
DEMO-DEV-1158,DEMO-1158,36,LOW,Extended repair downtime,1,23
DEMO-DEV-1159,DEMO-1159,35,LOW,Extended repair downtime,1,17
DEMO-DEV-1160,DEMO-1160,9,LOW,Older equipment,0,0
DEMO-DEV-1162,DEMO-1162,18,LOW,Older equipment,0,6
DEMO-DEV-1165,DEMO-1165,20,LOW,"",1,1
DEMO-DEV-1166,DEMO-1166,6,LOW,"",0,0
DEMO-DEV-1167,DEMO-1167,1,LOW,"",0,0
DEMO-DEV-1168,DEMO-1168,63,MEDIUM,Frequent repairs in last 365 days; Extended repair downtime; Repair cost high relative to purchase; Older equipment,2,14
DEMO-DEV-1169,DEMO-1169,10,LOW,Older equipment,0,0
DEMO-DEV-1170,DEMO-1170,1,LOW,"",0,0
DEMO-DEV-1171,DEMO-1171,98,HIGH,Frequent repairs in last 365 days; Extended repair downtime; Repair cost high relative to purchase; Older equipment,5,36
DEMO-DEV-1172,DEMO-1172,40,MEDIUM,Extended repair downtime,1,19
DEMO-DEV-1173,DEMO-1173,20,LOW,Older equipment,1,0
DEMO-DEV-1179,DEMO-1179,8,LOW,Older equipment,0,0
DEMO-DEV-1180,DEMO-1180,17,LOW,Extended repair downtime; Older equipment,0,7
DEMO-DEV-1181,DEMO-1181,7,LOW,"",0,0
DEMO-DEV-1182,DEMO-1182,8,LOW,"",0,0
DEMO-DEV-1183,DEMO-1183,32,LOW,Repair cost high relative to purchase; Older equipment,0,3
DEMO-DEV-1184,DEMO-1184,28,LOW,Extended repair downtime,1,11
DEMO-DEV-1185,DEMO-1185,16,LOW,Older equipment,0,5
DEMO-DEV-1187,DEMO-1187,17,LOW,Extended repair downtime,0,9
DEMO-DEV-1189,DEMO-1189,7,LOW,Older equipment,0,0
DEMO-DEV-1192,DEMO-1192,20,LOW,"",1,3
DEMO-DEV-1193,DEMO-1193,14,LOW,"",1,0
DEMO-DEV-1194,DEMO-1194,18,LOW,Extended repair downtime,0,12
DEMO-DEV-1195,DEMO-1195,33,LOW,Extended repair downtime; Repair cost high relative to purchase,1,8
DEMO-DEV-1196,DEMO-1196,9,LOW,"",0,4
DEMO-DEV-1197,DEMO-1197,2,LOW,"",0,0
DEMO-DEV-1198,DEMO-1198,8,LOW,Older equipment,0,0
DEMO-DEV-1199,DEMO-1199,4,LOW,"",0,0
DEMO-DEV-1200,DEMO-1200,17,LOW,"",1,2
DEMO-DEV-1202,DEMO-1202,94,HIGH,Frequent repairs in last 365 days; Extended repair downtime; Repair cost high relative to purchase,8,76
DEMO-DEV-1204,DEMO-1204,4,LOW,"",0,0
DEMO-DEV-1205,DEMO-1205,18,LOW,Extended repair downtime; Older equipment,0,8
DEMO-DEV-1206,DEMO-1206,1,LOW,"",0,0
DEMO-DEV-1207,DEMO-1207,1,LOW,"",0,0
DEMO-DEV-1208,DEMO-1208,20,LOW,Extended repair downtime; Older equipment,0,11
DEMO-DEV-1209,DEMO-1209,72,HIGH,Frequent repairs in last 365 days; Extended repair downtime,6,48
DEMO-DEV-1210,DEMO-1210,2,LOW,"",0,0
DEMO-DEV-1212,DEMO-1212,37,LOW,Extended repair downtime; Older equipment,1,12
DEMO-DEV-1213,DEMO-1213,34,LOW,Extended repair downtime; Repair cost high relative to purchase,0,9
DEMO-DEV-1214,DEMO-1214,30,LOW,Extended repair downtime,1,8
DEMO-DEV-1215,DEMO-1215,6,LOW,"",0,0
DEMO-DEV-1216,DEMO-1216,15,LOW,"",0,5
DEMO-DEV-1217,DEMO-1217,6,LOW,"",0,2
DEMO-DEV-1218,DEMO-1218,99,HIGH,Frequent repairs in last 365 days; Extended repair downtime; Repair cost high relative to purchase; Older equipment,8,92
DEMO-DEV-1221,DEMO-1221,75,HIGH,Frequent repairs in last 365 days; Extended repair downtime,8,44
DEMO-DEV-1225,DEMO-1225,24,LOW,Extended repair downtime,1,8
DEMO-DEV-1226,DEMO-1226,14,LOW,Extended repair downtime,0,11
DEMO-DEV-1227,DEMO-1227,58,MEDIUM,Frequent repairs in last 365 days; Extended repair downtime; Repair cost high relative to purchase,2,16
DEMO-DEV-1228,DEMO-1228,22,LOW,Extended repair downtime,0,10
DEMO-DEV-1232,DEMO-1232,14,LOW,Older equipment,0,4
DEMO-DEV-1233,DEMO-1233,34,LOW,Extended repair downtime; Repair cost high relative to purchase,1,11
DEMO-DEV-1234,DEMO-1234,14,LOW,Extended repair downtime,0,11
DEMO-DEV-1235,DEMO-1235,22,LOW,Older equipment,1,3
DEMO-DEV-1236,DEMO-1236,5,LOW,"",0,0
DEMO-DEV-1237,DEMO-1237,5,LOW,"",0,0
DEMO-DEV-1238,DEMO-1238,50,MEDIUM,Extended repair downtime; Repair cost high relative to purchase,1,18
DEMO-DEV-1239,DEMO-1239,2,LOW,"",0,0
DEMO-DEV-1240,DEMO-1240,77,HIGH,Frequent repairs in last 365 days; Extended repair downtime,8,106
DEMO-DEV-1241,DEMO-1241,1,LOW,"",0,0
DEMO-DEV-1242,DEMO-1242,75,HIGH,Frequent repairs in last 365 days; Extended repair downtime,7,39
DEMO-DEV-1244,DEMO-1244,3,LOW,"",0,0
DEMO-DEV-1245,DEMO-1245,15,LOW,Extended repair downtime,0,11
DEMO-DEV-1246,DEMO-1246,2,LOW,"",0,0
DEMO-DEV-1247,DEMO-1247,99,HIGH,Frequent repairs in last 365 days; Extended repair downtime; Repair cost high relative to purchase; Older equipment,6,65
DEMO-DEV-1248,DEMO-1248,9,LOW,Older equipment,0,0
DEMO-DEV-1249,DEMO-1249,12,LOW,"",0,1
DEMO-DEV-1250,DEMO-1250,5,LOW,"",0,0
DEMO-DEV-1251,DEMO-1251,7,LOW,"",0,0
DEMO-DEV-1252,DEMO-1252,41,MEDIUM,Frequent repairs in last 365 days; Extended repair downtime; Older equipment,2,12
DEMO-DEV-1253,DEMO-1253,12,LOW,Older equipment,0,1
DEMO-DEV-1254,DEMO-1254,28,LOW,Extended repair downtime,1,8
DEMO-DEV-1255,DEMO-1255,29,LOW,Extended repair downtime; Repair cost high relative to purchase,0,15
DEMO-DEV-1256,DEMO-1256,10,LOW,"",0,2
DEMO-DEV-1257,DEMO-1257,83,HIGH,Frequent repairs in last 365 days; Extended repair downtime; Repair cost high relative to purchase,4,43
DEMO-DEV-1258,DEMO-1258,20,LOW,Extended repair downtime,1,9
DEMO-DEV-1259,DEMO-1259,92,HIGH,Frequent repairs in last 365 days; Extended repair downtime; Repair cost high relative to purchase,5,63
DEMO-DEV-1263,DEMO-1263,2,LOW,"",0,0
DEMO-DEV-1265,DEMO-1265,21,LOW,"",1,5
DEMO-DEV-1267,DEMO-1267,30,LOW,Extended repair downtime; Older equipment,1,10
DEMO-DEV-1268,DEMO-1268,7,LOW,"",0,0
DEMO-DEV-1269,DEMO-1269,15,LOW,Older equipment,0,5
DEMO-DEV-1270,DEMO-1270,82,HIGH,Frequent repairs in last 365 days; Extended repair downtime; Older equipment,7,68
DEMO-DEV-1272,DEMO-1272,26,LOW,Extended repair downtime; Older equipment,0,9
DEMO-DEV-1273,DEMO-1273,1,LOW,"",0,0
DEMO-DEV-1274,DEMO-1274,8,LOW,Older equipment,0,0
DEMO-DEV-1275,DEMO-1275,26,LOW,Extended repair downtime,1,10
DEMO-DEV-1276,DEMO-1276,96,HIGH,Frequent repairs in last 365 days; Extended repair downtime; Repair cost high relative to purchase,8,81
DEMO-DEV-1277,DEMO-1277,6,LOW,"",0,0
DEMO-DEV-1278,DEMO-1278,17,LOW,"",1,5
DEMO-DEV-1279,DEMO-1279,4,LOW,"",0,3
DEMO-DEV-1280,DEMO-1280,4,LOW,"",0,0
DEMO-DEV-1281,DEMO-1281,16,LOW,"",1,2
DEMO-DEV-1282,DEMO-1282,5,LOW,"",0,0
DEMO-DEV-1283,DEMO-1283,19,LOW,"",1,5
DEMO-DEV-1284,DEMO-1284,8,LOW,Older equipment,0,0
DEMO-DEV-1285,DEMO-1285,92,HIGH,Frequent repairs in last 365 days; Extended repair downtime; Repair cost high relative to purchase,8,104
DEMO-DEV-1287,DEMO-1287,31,LOW,Extended repair downtime; Repair cost high relative to purchase,0,11
DEMO-DEV-1289,DEMO-1289,1,LOW,"",0,0
DEMO-DEV-1290,DEMO-1290,24,LOW,Extended repair downtime,1,11
DEMO-DEV-1291,DEMO-1291,24,LOW,Repair cost high relative to purchase,0,0
DEMO-DEV-1292,DEMO-1292,9,LOW,Older equipment,0,0
DEMO-DEV-1293,DEMO-1293,44,MEDIUM,Extended repair downtime; Repair cost high relative to purchase,1,12
DEMO-DEV-1294,DEMO-1294,8,LOW,"",0,6
DEMO-DEV-1295,DEMO-1295,49,MEDIUM,Extended repair downtime; Repair cost high relative to purchase; Older equipment,1,11
DEMO-DEV-1296,DEMO-1296,15,LOW,"",0,2
DEMO-DEV-1297,DEMO-1297,24,LOW,Extended repair downtime,1,10
DEMO-DEV-1298,DEMO-1298,1,LOW,"",0,0
DEMO-DEV-1299,DEMO-1299,3,LOW,"",0,0
DEMO-DEV-1301,DEMO-1301,7,LOW,"",0,0
DEMO-DEV-1302,DEMO-1302,26,LOW,Extended repair downtime,1,8
DEMO-DEV-1303,DEMO-1303,11,LOW,Older equipment,0,2
DEMO-DEV-1304,DEMO-1304,5,LOW,"",0,0
DEMO-DEV-1305,DEMO-1305,4,LOW,"",0,0
DEMO-DEV-1306,DEMO-1306,26,LOW,Extended repair downtime; Repair cost high relative to purchase,0,11
DEMO-DEV-1307,DEMO-1307,32,LOW,Repair cost high relative to purchase,1,1
DEMO-DEV-1308,DEMO-1308,33,LOW,Extended repair downtime; Repair cost high relative to purchase,0,11
DEMO-DEV-1309,DEMO-1309,10,LOW,Older equipment,0,0
DEMO-DEV-1310,DEMO-1310,1,LOW,"",0,0
DEMO-DEV-1311,DEMO-1311,5,LOW,"",0,3
DEMO-DEV-1312,DEMO-1312,6,LOW,"",0,5
DEMO-DEV-1313,DEMO-1313,86,HIGH,Frequent repairs in last 365 days; Extended repair downtime; Repair cost high relative to purchase,4,22
DEMO-DEV-1315,DEMO-1315,38,LOW,Extended repair downtime; Older equipment,1,12
DEMO-DEV-1318,DEMO-1318,3,LOW,"",0,0
DEMO-DEV-1320,DEMO-1320,93,HIGH,Frequent repairs in last 365 days; Extended repair downtime; Repair cost high relative to purchase,8,102
DEMO-DEV-1322,DEMO-1322,3,LOW,"",0,0
DEMO-DEV-1323,DEMO-1323,3,LOW,"",0,0
DEMO-DEV-1324,DEMO-1324,3,LOW,"",0,0
DEMO-DEV-1325,DEMO-1325,3,LOW,"",0,0
DEMO-DEV-1326,DEMO-1326,91,HIGH,Frequent repairs in last 365 days; Extended repair downtime; Repair cost high relative to purchase,7,94
DEMO-DEV-1328,DEMO-1328,35,LOW,Extended repair downtime; Repair cost high relative to purchase; Older equipment,0,7
DEMO-DEV-1329,DEMO-1329,5,LOW,"",0,0
DEMO-DEV-1330,DEMO-1330,28,LOW,Repair cost high relative to purchase; Older equipment,0,0
DEMO-DEV-1331,DEMO-1331,20,LOW,Extended repair downtime; Older equipment,0,10
DEMO-DEV-1332,DEMO-1332,13,LOW,"",0,6
DEMO-DEV-1333,DEMO-1333,27,LOW,Extended repair downtime; Older equipment,1,7
DEMO-DEV-1334,DEMO-1334,1,LOW,"",0,0
DEMO-DEV-1335,DEMO-1335,28,LOW,Extended repair downtime; Older equipment,1,7
DEMO-DEV-1336,DEMO-1336,6,LOW,"",0,0
DEMO-DEV-1337,DEMO-1337,4,LOW,"",0,0
DEMO-DEV-1338,DEMO-1338,13,LOW,"",1,0
DEMO-DEV-1339,DEMO-1339,40,MEDIUM,Extended repair downtime; Repair cost high relative to purchase,1,14
DEMO-DEV-1340,DEMO-1340,47,MEDIUM,Extended repair downtime; Repair cost high relative to purchase; Older equipment,1,15
DEMO-DEV-1341,DEMO-1341,5,LOW,"",0,0
DEMO-DEV-1342,DEMO-1342,2,LOW,"",0,0
DEMO-DEV-1343,DEMO-1343,52,MEDIUM,Extended repair downtime; Repair cost high relative to purchase,1,18
DEMO-DEV-1344,DEMO-1344,43,MEDIUM,Frequent repairs in last 365 days; Older equipment,2,6
DEMO-DEV-1345,DEMO-1345,97,HIGH,Frequent repairs in last 365 days; Extended repair downtime; Repair cost high relative to purchase,8,64
DEMO-DEV-1346,DEMO-1346,2,LOW,"",0,0
DEMO-DEV-1347,DEMO-1347,28,LOW,Extended repair downtime; Repair cost high relative to purchase,0,9
DEMO-DEV-1348,DEMO-1348,3,LOW,"",0,0
DEMO-DEV-1349,DEMO-1349,4,LOW,"",0,0
DEMO-DEV-1350,DEMO-1350,7,LOW,Older equipment,0,0
DEMO-DEV-1351,DEMO-1351,4,LOW,"",0,0
DEMO-DEV-1352,DEMO-1352,17,LOW,Extended repair downtime,0,13
DEMO-DEV-1353,DEMO-1353,13,LOW,Older equipment,0,4
DEMO-DEV-1354,DEMO-1354,2,LOW,"",0,0
DEMO-DEV-1356,DEMO-1356,10,LOW,Older equipment,0,1
DEMO-DEV-1357,DEMO-1357,15,LOW,Extended repair downtime,0,9
DEMO-DEV-1358,DEMO-1358,41,MEDIUM,Frequent repairs in last 365 days; Extended repair downtime; Repair cost high relative to purchase,2,8
DEMO-DEV-1359,DEMO-1359,30,LOW,Extended repair downtime; Repair cost high relative to purchase; Older equipment,0,11
DEMO-DEV-1360,DEMO-1360,10,LOW,Older equipment,0,0
DEMO-DEV-1361,DEMO-1361,10,LOW,Older equipment,0,0
DEMO-DEV-1362,DEMO-1362,17,LOW,Extended repair downtime,0,9
DEMO-DEV-1363,DEMO-1363,4,LOW,"",0,0
DEMO-DEV-1364,DEMO-1364,34,LOW,Repair cost high relative to purchase,1,4
DEMO-DEV-1365,DEMO-1365,100,HIGH,Frequent repairs in last 365 days; Extended repair downtime; Repair cost high relative to purchase; Older equipment,8,66
DEMO-DEV-1366,DEMO-1366,4,LOW,"",0,0
DEMO-DEV-1367,DEMO-1367,14,LOW,Older equipment,0,0
DEMO-DEV-1369,DEMO-1369,20,LOW,Extended repair downtime,1,7
DEMO-DEV-1372,DEMO-1372,9,LOW,Extended repair downtime,0,7
DEMO-DEV-1374,DEMO-1374,6,LOW,"",0,0
DEMO-DEV-1375,DEMO-1375,30,LOW,Extended repair downtime; Repair cost high relative to purchase,0,7
DEMO-DEV-1376,DEMO-1376,9,LOW,"",0,4
DEMO-DEV-1377,DEMO-1377,0,LOW,"",0,0
DEMO-DEV-1378,DEMO-1378,18,LOW,Extended repair downtime; Older equipment,0,8
DEMO-DEV-1379,DEMO-1379,29,LOW,Extended repair downtime; Older equipment,1,10
DEMO-DEV-1380,DEMO-1380,10,LOW,Older equipment,0,0
DEMO-DEV-1381,DEMO-1381,11,LOW,Extended repair downtime,0,8
DEMO-DEV-1382,DEMO-1382,15,LOW,"",1,3
DEMO-DEV-1384,DEMO-1384,25,LOW,Extended repair downtime,0,12
DEMO-DEV-1385,DEMO-1385,86,HIGH,Frequent repairs in last 365 days; Extended repair downtime; Repair cost high relative to purchase,4,30
DEMO-DEV-1388,DEMO-1388,4,LOW,"",0,0
DEMO-DEV-1389,DEMO-1389,19,LOW,Older equipment,0,3
DEMO-DEV-1390,DEMO-1390,45,MEDIUM,Extended repair downtime; Repair cost high relative to purchase,1,11
DEMO-DEV-1391,DEMO-1391,17,LOW,Repair cost high relative to purchase,0,0
DEMO-DEV-1392,DEMO-1392,9,LOW,"",0,3
DEMO-DEV-1393,DEMO-1393,40,MEDIUM,Repair cost high relative to purchase; Older equipment,1,5
DEMO-DEV-1394,DEMO-1394,5,LOW,"",0,0
DEMO-DEV-1395,DEMO-1395,16,LOW,Extended repair downtime; Older equipment,0,7
DEMO-DEV-1396,DEMO-1396,22,LOW,Extended repair downtime,0,12
DEMO-DEV-1400,DEMO-1400,3,LOW,"",0,0
DEMO-DEV-1402,DEMO-1402,60,MEDIUM,Frequent repairs in last 365 days; Extended repair downtime; Repair cost high relative to purchase; Older equipment,2,12
DEMO-DEV-1404,DEMO-1404,93,HIGH,Frequent repairs in last 365 days; Extended repair downtime; Repair cost high relative to purchase,7,108
DEMO-DEV-1405,DEMO-1405,19,LOW,"",1,3
DEMO-DEV-1406,DEMO-1406,7,LOW,"",0,2
DEMO-DEV-1407,DEMO-1407,9,LOW,"",0,3
DEMO-DEV-1408,DEMO-1408,36,LOW,Repair cost high relative to purchase,1,3
DEMO-DEV-1409,DEMO-1409,3,LOW,"",0,0
DEMO-DEV-1410,DEMO-1410,7,LOW,Older equipment,0,0
DEMO-DEV-1411,DEMO-1411,3,LOW,"",0,0
DEMO-DEV-1412,DEMO-1412,18,LOW,Repair cost high relative to purchase,0,0
DEMO-DEV-1417,DEMO-1417,16,LOW,Older equipment,0,1
DEMO-DEV-1418,DEMO-1418,91,HIGH,Frequent repairs in last 365 days; Extended repair downtime; Repair cost high relative to purchase,5,59
DEMO-DEV-1419,DEMO-1419,24,LOW,Extended repair downtime,1,7
DEMO-DEV-1420,DEMO-1420,27,LOW,Extended repair downtime; Repair cost high relative to purchase,0,9
DEMO-DEV-1421,DEMO-1421,22,LOW,Extended repair downtime,1,7
DEMO-DEV-1422,DEMO-1422,6,LOW,"",0,0
DEMO-DEV-1423,DEMO-1423,10,LOW,Older equipment,0,0
DEMO-DEV-1424,DEMO-1424,29,LOW,Extended repair downtime; Older equipment,1,7
DEMO-DEV-1428,DEMO-1428,6,LOW,"",0,0
DEMO-DEV-1429,DEMO-1429,16,LOW,Older equipment,0,6
DEMO-DEV-1430,DEMO-1430,16,LOW,Extended repair downtime; Older equipment,0,8
DEMO-DEV-1431,DEMO-1431,96,HIGH,Frequent repairs in last 365 days; Extended repair downtime; Repair cost high relative to purchase,5,35
DEMO-DEV-1432,DEMO-1432,27,LOW,Extended repair downtime,1,11
DEMO-DEV-1433,DEMO-1433,23,LOW,"",1,6
DEMO-DEV-1434,DEMO-1434,29,LOW,Extended repair downtime,1,9
DEMO-DEV-1435,DEMO-1435,27,LOW,Extended repair downtime,0,13
DEMO-DEV-1436,DEMO-1436,95,HIGH,Frequent repairs in last 365 days; Extended repair downtime; Repair cost high relative to purchase,5,79
DEMO-DEV-1437,DEMO-1437,46,MEDIUM,Extended repair downtime; Repair cost high relative to purchase; Older equipment,1,15
DEMO-DEV-1439,DEMO-1439,27,LOW,Extended repair downtime; Repair cost high relative to purchase,0,12
DEMO-DEV-1441,DEMO-1441,78,HIGH,Frequent repairs in last 365 days; Extended repair downtime,7,83
DEMO-DEV-1442,DEMO-1442,21,LOW,Older equipment,0,5
DEMO-DEV-1443,DEMO-1443,22,LOW,"",1,6
DEMO-DEV-1444,DEMO-1444,38,LOW,Extended repair downtime; Repair cost high relative to purchase; Older equipment,0,10
DEMO-DEV-1445,DEMO-1445,4,LOW,"",0,0
DEMO-DEV-1446,DEMO-1446,37,LOW,Extended repair downtime; Older equipment,1,12
DEMO-DEV-1447,DEMO-1447,28,LOW,Extended repair downtime; Older equipment,0,11
DEMO-DEV-1448,DEMO-1448,6,LOW,"",0,0
DEMO-DEV-1449,DEMO-1449,6,LOW,"",0,2
DEMO-DEV-1450,DEMO-1450,7,LOW,"",0,0
DEMO-DEV-1451,DEMO-1451,7,LOW,"",0,0
DEMO-DEV-1452,DEMO-1452,98,HIGH,Frequent repairs in last 365 days; Extended repair downtime; Repair cost high relative to purchase; Older equipment,6,66
DEMO-DEV-1456,DEMO-1456,2,LOW,"",0,0
DEMO-DEV-1457,DEMO-1457,8,LOW,Older equipment,0,0
DEMO-DEV-1458,DEMO-1458,2,LOW,"",0,0
DEMO-DEV-1459,DEMO-1459,8,LOW,"",0,6
DEMO-DEV-1460,DEMO-1460,33,LOW,Extended repair downtime; Older equipment,1,12
DEMO-DEV-1461,DEMO-1461,8,LOW,Older equipment,0,0
DEMO-DEV-1462,DEMO-1462,10,LOW,Older equipment,0,0
DEMO-DEV-1463,DEMO-1463,3,LOW,"",0,0
DEMO-DEV-1464,DEMO-1464,28,LOW,Extended repair downtime; Older equipment,1,10
DEMO-DEV-1465,DEMO-1465,49,MEDIUM,Extended repair downtime; Repair cost high relative to purchase,1,15
DEMO-DEV-1467,DEMO-1467,50,MEDIUM,Extended repair downtime; Repair cost high relative to purchase; Older equipment,1,12
DEMO-DEV-1468,DEMO-1468,74,HIGH,Frequent repairs in last 365 days; Extended repair downtime,4,54
DEMO-DEV-1471,DEMO-1471,5,LOW,"",0,1
DEMO-DEV-1472,DEMO-1472,25,LOW,Older equipment,1,4
DEMO-DEV-1473,DEMO-1473,23,LOW,Repair cost high relative to purchase; Older equipment,0,0
DEMO-DEV-1474,DEMO-1474,13,LOW,Extended repair downtime,0,7
DEMO-DEV-1475,DEMO-1475,16,LOW,Extended repair downtime,0,7
DEMO-DEV-1476,DEMO-1476,12,LOW,"",0,6
DEMO-DEV-1477,DEMO-1477,25,LOW,Extended repair downtime; Older equipment,0,15
DEMO-DEV-1478,DEMO-1478,20,LOW,Extended repair downtime,0,14
DEMO-DEV-1481,DEMO-1481,67,MEDIUM,Frequent repairs in last 365 days; Extended repair downtime; Repair cost high relative to purchase,2,23
DEMO-DEV-1482,DEMO-1482,100,HIGH,Frequent repairs in last 365 days; Extended repair downtime; Repair cost high relative to purchase; Older equipment,6,48
DEMO-DEV-1483,DEMO-1483,2,LOW,"",0,0
DEMO-DEV-1484,DEMO-1484,13,LOW,Extended repair downtime,0,11
DEMO-DEV-1485,DEMO-1485,42,MEDIUM,Extended repair downtime; Repair cost high relative to purchase,1,14
DEMO-DEV-1486,DEMO-1486,1,LOW,"",0,0
DEMO-DEV-1487,DEMO-1487,3,LOW,"",0,0
DEMO-DEV-1488,DEMO-1488,20,LOW,Extended repair downtime; Older equipment,0,12
DEMO-DEV-1490,DEMO-1490,5,LOW,"",0,0
DEMO-DEV-1491,DEMO-1491,17,LOW,"",1,6
DEMO-DEV-1492,DEMO-1492,15,LOW,Extended repair downtime,0,11
DEMO-DEV-1495,DEMO-1495,29,LOW,Extended repair downtime,1,11
DEMO-DEV-1498,DEMO-1498,40,MEDIUM,Extended repair downtime; Repair cost high relative to purchase; Older equipment,0,12
DEMO-DEV-1499,DEMO-1499,6,LOW,"",0,0
DEMO-DEV-1500,DEMO-1500,20,LOW,Older equipment,1,1
DEMO-DEV-1501,DEMO-1501,41,MEDIUM,Repair cost high relative to purchase,1,6
DEMO-DEV-1502,DEMO-1502,6,LOW,"",0,0
DEMO-DEV-1503,DEMO-1503,6,LOW,"",0,0
DEMO-DEV-1504,DEMO-1504,26,LOW,Extended repair downtime,1,10
DEMO-DEV-1505,DEMO-1505,4,LOW,"",0,0
DEMO-DEV-1507,DEMO-1507,14,LOW,"",1,1
DEMO-DEV-1509,DEMO-1509,23,LOW,Older equipment,0,5
DEMO-DEV-1510,DEMO-1510,12,LOW,"",1,0
DEMO-DEV-1512,DEMO-1512,5,LOW,"",0,0
DEMO-DEV-1513,DEMO-1513,38,LOW,Repair cost high relative to purchase,1,2
DEMO-DEV-1514,DEMO-1514,8,LOW,Older equipment,0,0
DEMO-DEV-1515,DEMO-1515,3,LOW,"",0,0
DEMO-DEV-1516,DEMO-1516,38,LOW,Extended repair downtime; Repair cost high relative to purchase,0,11
DEMO-DEV-1517,DEMO-1517,17,LOW,"",1,3
DEMO-DEV-1518,DEMO-1518,24,LOW,Extended repair downtime; Older equipment,0,12
DEMO-DEV-1519,DEMO-1519,3,LOW,"",0,0
DEMO-DEV-1523,DEMO-1523,12,LOW,"",1,0
DEMO-DEV-1525,DEMO-1525,18,LOW,Extended repair downtime; Older equipment,0,8
DEMO-DEV-1526,DEMO-1526,7,LOW,Older equipment,0,0
DEMO-DEV-1527,DEMO-1527,46,MEDIUM,Extended repair downtime; Repair cost high relative to purchase,1,12
DEMO-DEV-1528,DEMO-1528,29,LOW,Extended repair downtime; Repair cost high relative to purchase,0,9
DEMO-DEV-1529,DEMO-1529,90,HIGH,Frequent repairs in last 365 days; Extended repair downtime; Repair cost high relative to purchase,4,39
DEMO-DEV-1530,DEMO-1530,23,LOW,Extended repair downtime,1,10
DEMO-DEV-1531,DEMO-1531,19,LOW,Extended repair downtime,1,7
DEMO-DEV-1532,DEMO-1532,36,LOW,Extended repair downtime; Repair cost high relative to purchase; Older equipment,1,8
DEMO-DEV-1533,DEMO-1533,18,LOW,"",1,5
DEMO-DEV-1535,DEMO-1535,87,HIGH,Frequent repairs in last 365 days; Extended repair downtime; Repair cost high relative to purchase,5,28
DEMO-DEV-1536,DEMO-1536,9,LOW,"",0,3
DEMO-DEV-1538,DEMO-1538,75,HIGH,Frequent repairs in last 365 days; Extended repair downtime,6,94
DEMO-DEV-1541,DEMO-1541,2,LOW,"",0,0
DEMO-DEV-1542,DEMO-1542,48,MEDIUM,Extended repair downtime; Repair cost high relative to purchase,1,14
DEMO-DEV-1543,DEMO-1543,6,LOW,"",0,0
DEMO-DEV-1544,DEMO-1544,39,LOW,Extended repair downtime; Repair cost high relative to purchase,1,15
DEMO-DEV-1545,DEMO-1545,97,HIGH,Frequent repairs in last 365 days; Extended repair downtime; Repair cost high relative to purchase; Older equipment,6,75
DEMO-DEV-1547,DEMO-1547,1,LOW,"",0,0
DEMO-DEV-1549,DEMO-1549,3,LOW,"",0,0
DEMO-DEV-1551,DEMO-1551,90,HIGH,Frequent repairs in last 365 days; Extended repair downtime; Repair cost high relative to purchase,8,96
DEMO-DEV-1553,DEMO-1553,24,LOW,Repair cost high relative to purchase,1,1
DEMO-DEV-1554,DEMO-1554,92,HIGH,Frequent repairs in last 365 days; Extended repair downtime; Repair cost high relative to purchase,5,36
DEMO-DEV-1555,DEMO-1555,6,LOW,"",0,0
DEMO-DEV-1556,DEMO-1556,20,LOW,"",1,6
DEMO-DEV-1557,DEMO-1557,5,LOW,"",0,0
DEMO-DEV-1558,DEMO-1558,2,LOW,"",0,0
DEMO-DEV-1559,DEMO-1559,2,LOW,"",0,1
DEMO-DEV-1560,DEMO-1560,72,HIGH,Frequent repairs in last 365 days; Extended repair downtime,4,57
DEMO-DEV-1561,DEMO-1561,81,HIGH,Frequent repairs in last 365 days; Extended repair downtime; Older equipment,6,66
DEMO-DEV-1563,DEMO-1563,80,HIGH,Frequent repairs in last 365 days; Extended repair downtime,7,122
DEMO-DEV-1566,DEMO-1566,9,LOW,Older equipment,0,0
DEMO-DEV-1568,DEMO-1568,15,LOW,Extended repair downtime,0,10
DEMO-DEV-1569,DEMO-1569,7,LOW,"",0,0
DEMO-DEV-1570,DEMO-1570,93,HIGH,Frequent repairs in last 365 days; Extended repair downtime; Repair cost high relative to purchase,7,93
DEMO-DEV-1571,DEMO-1571,25,LOW,Extended repair downtime,1,8
DEMO-DEV-1572,DEMO-1572,1,LOW,"",0,0
DEMO-DEV-1573,DEMO-1573,2,LOW,"",0,0
DEMO-DEV-1574,DEMO-1574,11,LOW,"",0,4
DEMO-DEV-1576,DEMO-1576,97,HIGH,Frequent repairs in last 365 days; Extended repair downtime; Repair cost high relative to purchase; Older equipment,7,68
DEMO-DEV-1577,DEMO-1577,32,LOW,Extended repair downtime,1,12
DEMO-DEV-1579,DEMO-1579,12,LOW,Older equipment,0,2
DEMO-DEV-1580,DEMO-1580,25,LOW,Extended repair downtime,1,7
DEMO-DEV-1581,DEMO-1581,23,LOW,"",1,6
DEMO-DEV-1582,DEMO-1582,1,LOW,"",0,0
DEMO-DEV-1583,DEMO-1583,8,LOW,Older equipment,0,0
DEMO-DEV-1584,DEMO-1584,98,HIGH,Frequent repairs in last 365 days; Extended repair downtime; Repair cost high relative to purchase; Older equipment,8,96
DEMO-DEV-1586,DEMO-1586,12,LOW,Older equipment,0,4
DEMO-DEV-1587,DEMO-1587,59,MEDIUM,Extended repair downtime; Repair cost high relative to purchase; Older equipment,1,20
DEMO-DEV-1591,DEMO-1591,4,LOW,"",0,1
DEMO-DEV-1592,DEMO-1592,21,LOW,"",1,0
DEMO-DEV-1593,DEMO-1593,2,LOW,"",0,0
DEMO-DEV-1594,DEMO-1594,20,LOW,Extended repair downtime; Older equipment,0,11
DEMO-DEV-1595,DEMO-1595,6,LOW,"",0,0
DEMO-DEV-1596,DEMO-1596,26,LOW,Repair cost high relative to purchase; Older equipment,0,4
DEMO-DEV-1597,DEMO-1597,13,LOW,"",1,2
DEMO-DEV-1598,DEMO-1598,90,HIGH,Frequent repairs in last 365 days; Extended repair downtime; Repair cost high relative to purchase,6,74
DEMO-DEV-1599,DEMO-1599,9,LOW,Older equipment,0,0
DEMO-DEV-1600,DEMO-1600,13,LOW,Extended repair downtime,0,10
DEMO-DEV-1601,DEMO-1601,9,LOW,Older equipment,0,0
DEMO-DEV-1603,DEMO-1603,6,LOW,"",0,0
DEMO-DEV-1604,DEMO-1604,20,LOW,Extended repair downtime,0,15
DEMO-DEV-1605,DEMO-1605,9,LOW,"",0,5
DEMO-DEV-1606,DEMO-1606,37,LOW,Extended repair downtime; Repair cost high relative to purchase,0,17
DEMO-DEV-1607,DEMO-1607,89,HIGH,Frequent repairs in last 365 days; Extended repair downtime; Repair cost high relative to purchase,6,28
DEMO-DEV-1608,DEMO-1608,23,LOW,Older equipment,1,0
DEMO-DEV-1609,DEMO-1609,74,HIGH,Frequent repairs in last 365 days; Extended repair downtime,8,87
DEMO-DEV-1610,DEMO-1610,30,LOW,Older equipment,1,6
DEMO-DEV-1611,DEMO-1611,5,LOW,"",0,0
DEMO-DEV-1612,DEMO-1612,3,LOW,"",0,0
DEMO-DEV-1613,DEMO-1613,22,LOW,Older equipment,1,3
DEMO-DEV-1614,DEMO-1614,9,LOW,Older equipment,0,0
DEMO-DEV-1616,DEMO-1616,9,LOW,Older equipment,0,0
DEMO-DEV-1617,DEMO-1617,14,LOW,Extended repair downtime,0,8
DEMO-DEV-1619,DEMO-1619,73,HIGH,Frequent repairs in last 365 days; Extended repair downtime,5,51
DEMO-DEV-1621,DEMO-1621,5,LOW,"",0,0
DEMO-DEV-1622,DEMO-1622,8,LOW,Older equipment,0,0
DEMO-DEV-1624,DEMO-1624,92,HIGH,Frequent repairs in last 365 days; Extended repair downtime; Repair cost high relative to purchase,4,38
DEMO-DEV-1630,DEMO-1630,26,LOW,Older equipment,1,6
DEMO-DEV-1631,DEMO-1631,31,LOW,Repair cost high relative to purchase,0,4
DEMO-DEV-1635,DEMO-1635,5,LOW,"",0,0
DEMO-DEV-1636,DEMO-1636,18,LOW,Extended repair downtime; Older equipment,0,9
DEMO-DEV-1638,DEMO-1638,35,LOW,Extended repair downtime,1,21
DEMO-DEV-1639,DEMO-1639,6,LOW,"",0,0
DEMO-DEV-1640,DEMO-1640,8,LOW,Older equipment,0,0
DEMO-DEV-1641,DEMO-1641,19,LOW,"",1,3
DEMO-DEV-1642,DEMO-1642,19,LOW,Repair cost high relative to purchase,0,2
DEMO-DEV-1644,DEMO-1644,37,LOW,Repair cost high relative to purchase,1,4
DEMO-DEV-1645,DEMO-1645,8,LOW,Older equipment,0,0
DEMO-DEV-1646,DEMO-1646,23,LOW,Older equipment,1,3
DEMO-DEV-1647,DEMO-1647,40,MEDIUM,Extended repair downtime; Repair cost high relative to purchase,0,15
DEMO-DEV-1648,DEMO-1648,81,HIGH,Frequent repairs in last 365 days; Extended repair downtime; Older equipment,6,95
DEMO-DEV-1649,DEMO-1649,80,HIGH,Frequent repairs in last 365 days; Extended repair downtime; Older equipment,5,85
DEMO-DEV-1650,DEMO-1650,28,LOW,Repair cost high relative to purchase,0,3
DEMO-DEV-1651,DEMO-1651,29,LOW,Extended repair downtime,0,21
DEMO-DEV-1652,DEMO-1652,3,LOW,"",0,2
DEMO-DEV-1653,DEMO-1653,1,LOW,"",0,0
DEMO-DEV-1654,DEMO-1654,98,HIGH,Frequent repairs in last 365 days; Extended repair downtime; Repair cost high relative to purchase; Older equipment,6,99
DEMO-DEV-1655,DEMO-1655,17,LOW,Extended repair downtime,0,12
DEMO-DEV-1656,DEMO-1656,1,LOW,"",0,0
DEMO-DEV-1658,DEMO-1658,1,LOW,"",0,0
DEMO-DEV-1662,DEMO-1662,0,LOW,"",0,0
DEMO-DEV-1664,DEMO-1664,24,LOW,Repair cost high relative to purchase,0,3
DEMO-DEV-1665,DEMO-1665,1,LOW,"",0,0
DEMO-DEV-1666,DEMO-1666,32,LOW,Extended repair downtime; Repair cost high relative to purchase,0,9
DEMO-DEV-1667,DEMO-1667,2,LOW,"",0,0
DEMO-DEV-1669,DEMO-1669,38,LOW,Repair cost high relative to purchase,1,4
DEMO-DEV-1670,DEMO-1670,5,LOW,"",0,0
DEMO-DEV-1672,DEMO-1672,39,LOW,Extended repair downtime; Repair cost high relative to purchase,0,17
DEMO-DEV-1676,DEMO-1676,94,HIGH,Frequent repairs in last 365 days; Extended repair downtime; Repair cost high relative to purchase,6,93
DEMO-DEV-1677,DEMO-1677,12,LOW,Older equipment,0,2
DEMO-DEV-1678,DEMO-1678,36,LOW,Frequent repairs in last 365 days; Extended repair downtime,2,9
DEMO-DEV-1679,DEMO-1679,14,LOW,"",1,0
DEMO-DEV-1680,DEMO-1680,7,LOW,Older equipment,0,0
DEMO-DEV-1681,DEMO-1681,22,LOW,Extended repair downtime,1,7
DEMO-DEV-1682,DEMO-1682,41,MEDIUM,Extended repair downtime,1,21
DEMO-DEV-1683,DEMO-1683,98,HIGH,Frequent repairs in last 365 days; Extended repair downtime; Repair cost high relative to purchase; Older equipment,8,52
DEMO-DEV-1684,DEMO-1684,8,LOW,"",0,5
DEMO-DEV-1685,DEMO-1685,20,LOW,Extended repair downtime,0,14
DEMO-DEV-1686,DEMO-1686,6,LOW,"",0,4
DEMO-DEV-1687,DEMO-1687,8,LOW,Older equipment,0,0
DEMO-DEV-1688,DEMO-1688,72,HIGH,Frequent repairs in last 365 days; Extended repair downtime,6,94
DEMO-DEV-1689,DEMO-1689,15,LOW,Extended repair downtime,0,9
DEMO-DEV-1690,DEMO-1690,5,LOW,"",0,0
DEMO-DEV-1691,DEMO-1691,8,LOW,"",0,3
DEMO-DEV-1692,DEMO-1692,30,LOW,Extended repair downtime; Repair cost high relative to purchase; Older equipment,0,11
DEMO-DEV-1693,DEMO-1693,6,LOW,"",0,0
DEMO-DEV-1694,DEMO-1694,28,LOW,Extended repair downtime,1,12
DEMO-DEV-1695,DEMO-1695,14,LOW,"",0,2
DEMO-DEV-1696,DEMO-1696,39,LOW,Repair cost high relative to purchase; Older equipment,1,0
DEMO-DEV-1697,DEMO-1697,4,LOW,"",0,0
DEMO-DEV-1698,DEMO-1698,11,LOW,Older equipment,0,2
DEMO-DEV-1701,DEMO-1701,2,LOW,"",0,0
DEMO-DEV-1702,DEMO-1702,5,LOW,"",0,0
DEMO-DEV-1703,DEMO-1703,10,LOW,Extended repair downtime,0,7
DEMO-DEV-1704,DEMO-1704,5,LOW,"",0,0
DEMO-DEV-1705,DEMO-1705,40,MEDIUM,Repair cost high relative to purchase,1,5
DEMO-DEV-1706,DEMO-1706,35,LOW,Extended repair downtime,1,15
DEMO-DEV-1707,DEMO-1707,0,LOW,"",0,0
DEMO-DEV-1708,DEMO-1708,30,LOW,Extended repair downtime,1,8
DEMO-DEV-1709,DEMO-1709,19,LOW,"",1,6
DEMO-DEV-1710,DEMO-1710,20,LOW,Repair cost high relative to purchase,0,1
DEMO-DEV-1711,DEMO-1711,8,LOW,Older equipment,0,0
DEMO-DEV-1712,DEMO-1712,51,MEDIUM,Frequent repairs in last 365 days; Extended repair downtime; Older equipment,2,13
DEMO-DEV-1715,DEMO-1715,7,LOW,"",0,0
DEMO-DEV-1716,DEMO-1716,29,LOW,Older equipment,1,5
DEMO-DEV-1717,DEMO-1717,6,LOW,"",0,0
DEMO-DEV-1718,DEMO-1718,28,LOW,Older equipment,1,4
DEMO-DEV-1719,DEMO-1719,21,LOW,"",1,4
DEMO-DEV-1720,DEMO-1720,49,MEDIUM,Extended repair downtime; Repair cost high relative to purchase; Older equipment,1,10
DEMO-DEV-1721,DEMO-1721,31,LOW,Repair cost high relative to purchase,1,0
DEMO-DEV-1722,DEMO-1722,18,LOW,"",1,5
DEMO-DEV-1723,DEMO-1723,6,LOW,"",0,0
DEMO-DEV-1724,DEMO-1724,26,LOW,Extended repair downtime; Older equipment,0,8
DEMO-DEV-1725,DEMO-1725,91,HIGH,Frequent repairs in last 365 days; Extended repair downtime; Repair cost high relative to purchase; Older equipment,4,66
DEMO-DEV-1726,DEMO-1726,10,LOW,Extended repair downtime,0,8
DEMO-DEV-1728,DEMO-1728,35,LOW,Extended repair downtime; Repair cost high relative to purchase,0,11
DEMO-DEV-1730,DEMO-1730,21,LOW,Extended repair downtime,0,10
DEMO-DEV-1732,DEMO-1732,13,LOW,Extended repair downtime,0,9
DEMO-DEV-1733,DEMO-1733,5,LOW,"",0,0
DEMO-DEV-1734,DEMO-1734,18,LOW,Extended repair downtime,0,10
DEMO-DEV-1735,DEMO-1735,19,LOW,Extended repair downtime,0,12
DEMO-DEV-1736,DEMO-1736,5,LOW,"",0,0
DEMO-DEV-1737,DEMO-1737,10,LOW,Older equipment,0,0
DEMO-DEV-1738,DEMO-1738,91,HIGH,Frequent repairs in last 365 days; Extended repair downtime; Repair cost high relative to purchase,4,43
DEMO-DEV-1739,DEMO-1739,2,LOW,"",0,0
DEMO-DEV-1740,DEMO-1740,6,LOW,"",0,0
DEMO-DEV-1743,DEMO-1743,31,LOW,Extended repair downtime,1,16
DEMO-DEV-1745,DEMO-1745,6,LOW,"",0,0
DEMO-DEV-1746,DEMO-1746,77,HIGH,Frequent repairs in last 365 days; Extended repair downtime,8,110
DEMO-DEV-1747,DEMO-1747,10,LOW,Older equipment,0,0
DEMO-DEV-1748,DEMO-1748,1,LOW,"",0,0
DEMO-DEV-1749,DEMO-1749,1,LOW,"",0,0
DEMO-DEV-1750,DEMO-1750,8,LOW,Older equipment,0,0
DEMO-DEV-1751,DEMO-1751,92,HIGH,Frequent repairs in last 365 days; Extended repair downtime; Repair cost high relative to purchase,7,84
DEMO-DEV-1752,DEMO-1752,4,LOW,"",0,0
DEMO-DEV-1753,DEMO-1753,4,LOW,"",0,0
DEMO-DEV-1754,DEMO-1754,14,LOW,Extended repair downtime,0,11
DEMO-DEV-1756,DEMO-1756,7,LOW,"",0,2
DEMO-DEV-1757,DEMO-1757,6,LOW,"",0,0
DEMO-DEV-1758,DEMO-1758,16,LOW,Extended repair downtime,0,15
DEMO-DEV-1759,DEMO-1759,7,LOW,Older equipment,0,0
DEMO-DEV-1760,DEMO-1760,26,LOW,Repair cost high relative to purchase,0,3
DEMO-DEV-1761,DEMO-1761,33,LOW,Extended repair downtime,1,10
DEMO-DEV-1762,DEMO-1762,36,LOW,Extended repair downtime; Repair cost high relative to purchase; Older equipment,1,8
DEMO-DEV-1763,DEMO-1763,99,HIGH,Frequent repairs in last 365 days; Extended repair downtime; Repair cost high relative to purchase; Older equipment,4,54
DEMO-DEV-1764,DEMO-1764,1,LOW,"",0,0
DEMO-DEV-1765,DEMO-1765,27,LOW,Extended repair downtime,1,7
DEMO-DEV-1766,DEMO-1766,34,LOW,Repair cost high relative to purchase,1,0
DEMO-DEV-1767,DEMO-1767,23,LOW,Extended repair downtime,1,9
DEMO-DEV-1768,DEMO-1768,8,LOW,"",0,1
DEMO-DEV-1770,DEMO-1770,79,HIGH,Frequent repairs in last 365 days; Extended repair downtime; Older equipment,7,92
DEMO-DEV-1773,DEMO-1773,11,LOW,Extended repair downtime,0,9
DEMO-DEV-1774,DEMO-1774,4,LOW,"",0,0
DEMO-DEV-1776,DEMO-1776,10,LOW,"",0,5
DEMO-DEV-1777,DEMO-1777,18,LOW,"",1,4
DEMO-DEV-1778,DEMO-1778,7,LOW,Older equipment,0,0
DEMO-DEV-1781,DEMO-1781,46,MEDIUM,Frequent repairs in last 365 days; Extended repair downtime; Older equipment,2,11
DEMO-DEV-1782,DEMO-1782,26,LOW,Extended repair downtime,1,13
DEMO-DEV-1785,DEMO-1785,20,LOW,Older equipment,0,1
DEMO-DEV-1787,DEMO-1787,10,LOW,"",0,3
DEMO-DEV-1788,DEMO-1788,22,LOW,Extended repair downtime,1,10
DEMO-DEV-1789,DEMO-1789,3,LOW,"",0,0
DEMO-DEV-1790,DEMO-1790,6,LOW,"",0,1
DEMO-DEV-1791,DEMO-1791,6,LOW,"",0,0
DEMO-DEV-1792,DEMO-1792,6,LOW,"",0,0
DEMO-DEV-1793,DEMO-1793,13,LOW,Extended repair downtime,0,12
DEMO-DEV-1794,DEMO-1794,6,LOW,"",0,0
DEMO-DEV-1795,DEMO-1795,10,LOW,Older equipment,0,0
DEMO-DEV-1796,DEMO-1796,19,LOW,Extended repair downtime,0,12
DEMO-DEV-1797,DEMO-1797,5,LOW,"",0,0
DEMO-DEV-1798,DEMO-1798,10,LOW,"",0,2
DEMO-DEV-1800,DEMO-1800,16,LOW,Older equipment,0,6
DEMO-DEV-1801,DEMO-1801,23,LOW,Repair cost high relative to purchase,0,1
DEMO-DEV-1802,DEMO-1802,27,LOW,Extended repair downtime,1,10
DEMO-DEV-1803,DEMO-1803,96,HIGH,Frequent repairs in last 365 days; Extended repair downtime; Repair cost high relative to purchase,7,104
DEMO-DEV-1804,DEMO-1804,10,LOW,Older equipment,0,0
DEMO-DEV-1805,DEMO-1805,7,LOW,"",0,0
DEMO-DEV-1806,DEMO-1806,95,HIGH,Frequent repairs in last 365 days; Extended repair downtime; Repair cost high relative to purchase,5,61
DEMO-DEV-1807,DEMO-1807,9,LOW,Extended repair downtime,0,7
DEMO-DEV-1808,DEMO-1808,15,LOW,"",1,2
DEMO-DEV-1809,DEMO-1809,25,LOW,Extended repair downtime,1,8
DEMO-DEV-1810,DEMO-1810,44,MEDIUM,Extended repair downtime; Repair cost high relative to purchase,1,12
DEMO-DEV-1811,DEMO-1811,25,LOW,Repair cost high relative to purchase,0,4
DEMO-DEV-1812,DEMO-1812,29,LOW,Repair cost high relative to purchase,0,5
DEMO-DEV-1813,DEMO-1813,3,LOW,"",0,0
DEMO-DEV-1814,DEMO-1814,3,LOW,"",0,0
DEMO-DEV-1815,DEMO-1815,15,LOW,Extended repair downtime,0,12
DEMO-DEV-1816,DEMO-1816,11,LOW,Extended repair downtime,0,11
DEMO-DEV-1817,DEMO-1817,15,LOW,"",0,1
DEMO-DEV-1818,DEMO-1818,25,LOW,Repair cost high relative to purchase,0,2
DEMO-DEV-1819,DEMO-1819,22,LOW,"",1,6
DEMO-DEV-1820,DEMO-1820,88,HIGH,Frequent repairs in last 365 days; Extended repair downtime; Repair cost high relative to purchase; Older equipment,5,21
DEMO-DEV-1821,DEMO-1821,21,LOW,Extended repair downtime; Repair cost high relative to purchase,0,9
DEMO-DEV-1822,DEMO-1822,36,LOW,Repair cost high relative to purchase; Older equipment,1,6
DEMO-DEV-1823,DEMO-1823,28,LOW,Extended repair downtime,1,15
DEMO-DEV-1824,DEMO-1824,5,LOW,"",0,0
DEMO-DEV-1829,DEMO-1829,16,LOW,Extended repair downtime,0,12
DEMO-DEV-1830,DEMO-1830,26,LOW,Older equipment,1,6
DEMO-DEV-1831,DEMO-1831,31,LOW,Extended repair downtime; Repair cost high relative to purchase,0,9
DEMO-DEV-1832,DEMO-1832,8,LOW,Older equipment,0,0
DEMO-DEV-1833,DEMO-1833,7,LOW,"",0,0
DEMO-DEV-1834,DEMO-1834,23,LOW,Extended repair downtime,0,12
DEMO-DEV-1835,DEMO-1835,12,LOW,"",0,5
DEMO-DEV-1837,DEMO-1837,8,LOW,Older equipment,0,0
DEMO-DEV-1838,DEMO-1838,7,LOW,Older equipment,0,0
DEMO-DEV-1839,DEMO-1839,6,LOW,"",0,0
DEMO-DEV-1841,DEMO-1841,15,LOW,"",0,6
DEMO-DEV-1842,DEMO-1842,18,LOW,Extended repair downtime; Older equipment,0,10
DEMO-DEV-1843,DEMO-1843,8,LOW,Older equipment,0,0
DEMO-DEV-1844,DEMO-1844,12,LOW,Extended repair downtime,0,8
DEMO-DEV-1845,DEMO-1845,14,LOW,Extended repair downtime,0,8
DEMO-DEV-1846,DEMO-1846,1,LOW,"",0,0
DEMO-DEV-1847,DEMO-1847,11,LOW,Older equipment,0,0
DEMO-DEV-1848,DEMO-1848,10,LOW,Older equipment,0,0
DEMO-DEV-1849,DEMO-1849,30,LOW,Extended repair downtime,1,10
DEMO-DEV-1850,DEMO-1850,1,LOW,"",0,0
DEMO-DEV-1851,DEMO-1851,1,LOW,"",0,0
DEMO-DEV-1852,DEMO-1852,38,LOW,Extended repair downtime,1,21
DEMO-DEV-1853,DEMO-1853,31,LOW,Extended repair downtime; Older equipment,1,11
DEMO-DEV-1854,DEMO-1854,9,LOW,Older equipment,0,0
DEMO-DEV-1856,DEMO-1856,90,HIGH,Frequent repairs in last 365 days; Extended repair downtime; Repair cost high relative to purchase; Older equipment,5,81
DEMO-DEV-1857,DEMO-1857,85,HIGH,Frequent repairs in last 365 days; Extended repair downtime; Older equipment,5,77
DEMO-DEV-1858,DEMO-1858,21,LOW,"",1,4
DEMO-DEV-1859,DEMO-1859,25,LOW,Extended repair downtime; Older equipment,0,16
DEMO-DEV-1860,DEMO-1860,26,LOW,Extended repair downtime,1,10
DEMO-DEV-1861,DEMO-1861,93,HIGH,Frequent repairs in last 365 days; Extended repair downtime; Repair cost high relative to purchase,6,100
DEMO-DEV-1862,DEMO-1862,3,LOW,"",0,0
DEMO-DEV-1863,DEMO-1863,0,LOW,"",0,0
DEMO-DEV-1864,DEMO-1864,8,LOW,Older equipment,0,0
DEMO-DEV-1865,DEMO-1865,16,LOW,Older equipment,0,2
DEMO-DEV-1866,DEMO-1866,21,LOW,"",1,0
DEMO-DEV-1867,DEMO-1867,23,LOW,Extended repair downtime; Older equipment,0,11
DEMO-DEV-1870,DEMO-1870,29,LOW,Repair cost high relative to purchase,0,6
DEMO-DEV-1871,DEMO-1871,98,HIGH,Frequent repairs in last 365 days; Extended repair downtime; Repair cost high relative to purchase; Older equipment,6,71
DEMO-DEV-1873,DEMO-1873,7,LOW,"",0,4
DEMO-DEV-1876,DEMO-1876,1,LOW,"",0,0
DEMO-DEV-1877,DEMO-1877,1,LOW,"",0,0
DEMO-DEV-1878,DEMO-1878,18,LOW,Extended repair downtime; Older equipment,0,8
DEMO-DEV-1879,DEMO-1879,7,LOW,"",0,5
DEMO-DEV-1880,DEMO-1880,3,LOW,"",0,0
DEMO-DEV-1884,DEMO-1884,14,LOW,Extended repair downtime,0,7
DEMO-DEV-1886,DEMO-1886,15,LOW,Extended repair downtime; Older equipment,0,7
DEMO-DEV-1887,DEMO-1887,97,HIGH,Frequent repairs in last 365 days; Extended repair downtime; Repair cost high relative to purchase; Older equipment,4,64
DEMO-DEV-1888,DEMO-1888,9,LOW,Older equipment,0,0
DEMO-DEV-1889,DEMO-1889,88,HIGH,Frequent repairs in last 365 days; Extended repair downtime; Repair cost high relative to purchase,8,36
DEMO-DEV-1890,DEMO-1890,3,LOW,"",0,0
DEMO-DEV-1891,DEMO-1891,19,LOW,Extended repair downtime,0,12
DEMO-DEV-1892,DEMO-1892,9,LOW,Older equipment,0,0
DEMO-DEV-1894,DEMO-1894,74,HIGH,Frequent repairs in last 365 days; Extended repair downtime; Repair cost high relative to purchase,5,10
DEMO-DEV-1896,DEMO-1896,43,MEDIUM,Extended repair downtime; Repair cost high relative to purchase,1,9
DEMO-DEV-1898,DEMO-1898,2,LOW,"",0,0
DEMO-DEV-1899,DEMO-1899,4,LOW,"",0,0
DEMO-DEV-1900,DEMO-1900,1,LOW,"",0,0
DEMO-DEV-1901,DEMO-1901,26,LOW,Repair cost high relative to purchase,0,3
DEMO-DEV-1902,DEMO-1902,19,LOW,Extended repair downtime; Older equipment,0,9
DEMO-DEV-1904,DEMO-1904,15,LOW,Extended repair downtime,0,8
DEMO-DEV-1905,DEMO-1905,19,LOW,"",1,0
DEMO-DEV-1906,DEMO-1906,66,MEDIUM,Frequent repairs in last 365 days; Extended repair downtime,8,15
DEMO-DEV-1908,DEMO-1908,3,LOW,"",0,0
DEMO-DEV-1909,DEMO-1909,87,HIGH,Frequent repairs in last 365 days; Extended repair downtime; Repair cost high relative to purchase,7,133
DEMO-DEV-1910,DEMO-1910,31,LOW,Repair cost high relative to purchase,0,6
DEMO-DEV-1913,DEMO-1913,25,LOW,Extended repair downtime,1,8
DEMO-DEV-1914,DEMO-1914,6,LOW,"",0,0
DEMO-DEV-1915,DEMO-1915,6,LOW,"",0,0
DEMO-DEV-1916,DEMO-1916,0,LOW,"",0,0
DEMO-DEV-1917,DEMO-1917,15,LOW,Extended repair downtime,0,10
DEMO-DEV-1918,DEMO-1918,4,LOW,"",0,0
DEMO-DEV-1919,DEMO-1919,48,MEDIUM,Frequent repairs in last 365 days; Extended repair downtime; Repair cost high relative to purchase,2,11
DEMO-DEV-1920,DEMO-1920,2,LOW,"",0,0
DEMO-DEV-1922,DEMO-1922,95,HIGH,Frequent repairs in last 365 days; Extended repair downtime; Repair cost high relative to purchase,6,62
DEMO-DEV-1924,DEMO-1924,0,LOW,"",0,0
DEMO-DEV-1925,DEMO-1925,20,LOW,Extended repair downtime; Repair cost high relative to purchase,0,7
DEMO-DEV-1926,DEMO-1926,8,LOW,Older equipment,0,0
DEMO-DEV-1927,DEMO-1927,3,LOW,"",0,0
DEMO-DEV-1928,DEMO-1928,8,LOW,"",0,2
DEMO-DEV-1929,DEMO-1929,20,LOW,"",1,0
DEMO-DEV-1930,DEMO-1930,24,LOW,Extended repair downtime,0,17
DEMO-DEV-1931,DEMO-1931,20,LOW,Older equipment,0,6
DEMO-DEV-1932,DEMO-1932,9,LOW,Older equipment,0,0
DEMO-DEV-1933,DEMO-1933,1,LOW,"",0,0
DEMO-DEV-1935,DEMO-1935,24,LOW,Repair cost high relative to purchase,0,1
DEMO-DEV-1936,DEMO-1936,22,LOW,"",1,4
DEMO-DEV-1937,DEMO-1937,1,LOW,"",0,0
DEMO-DEV-1938,DEMO-1938,27,LOW,Extended repair downtime; Repair cost high relative to purchase,0,8
DEMO-DEV-1939,DEMO-1939,11,LOW,"",0,1
DEMO-DEV-1940,DEMO-1940,16,LOW,Extended repair downtime,0,8
DEMO-DEV-1941,DEMO-1941,27,LOW,Extended repair downtime,0,16
DEMO-DEV-1942,DEMO-1942,14,LOW,Extended repair downtime,0,7
DEMO-DEV-1943,DEMO-1943,9,LOW,Older equipment,0,0
DEMO-DEV-1944,DEMO-1944,27,LOW,Repair cost high relative to purchase,0,6
DEMO-DEV-1945,DEMO-1945,33,LOW,Extended repair downtime,1,10
DEMO-DEV-1946,DEMO-1946,7,LOW,Older equipment,0,0
DEMO-DEV-1947,DEMO-1947,4,LOW,"",0,0
DEMO-DEV-1950,DEMO-1950,8,LOW,"",0,0
DEMO-DEV-1951,DEMO-1951,5,LOW,"",0,0
DEMO-DEV-1952,DEMO-1952,4,LOW,"",0,0
DEMO-DEV-1953,DEMO-1953,7,LOW,Older equipment,0,0
DEMO-DEV-1954,DEMO-1954,33,LOW,Extended repair downtime; Repair cost high relative to purchase,0,10
DEMO-DEV-1955,DEMO-1955,94,HIGH,Frequent repairs in last 365 days; Extended repair downtime; Repair cost high relative to purchase,6,87
DEMO-DEV-1956,DEMO-1956,0,LOW,"",0,0
DEMO-DEV-1957,DEMO-1957,5,LOW,"",0,0
DEMO-DEV-1958,DEMO-1958,5,LOW,"",0,0
DEMO-DEV-1959,DEMO-1959,9,LOW,Older equipment,0,0
DEMO-DEV-1960,DEMO-1960,23,LOW,Extended repair downtime; Older equipment,0,9
DEMO-DEV-1961,DEMO-1961,8,LOW,"",0,3
DEMO-DEV-1964,DEMO-1964,7,LOW,Older equipment,0,0
DEMO-DEV-1965,DEMO-1965,12,LOW,Extended repair downtime,0,9
DEMO-DEV-1966,DEMO-1966,4,LOW,"",0,0
DEMO-DEV-1967,DEMO-1967,7,LOW,Older equipment,0,0
DEMO-DEV-1968,DEMO-1968,31,LOW,Extended repair downtime; Repair cost high relative to purchase,0,8
DEMO-DEV-1969,DEMO-1969,30,LOW,Extended repair downtime; Repair cost high relative to purchase,0,8
DEMO-DEV-1970,DEMO-1970,85,HIGH,Frequent repairs in last 365 days; Extended repair downtime; Repair cost high relative to purchase,7,82
DEMO-DEV-1971,DEMO-1971,3,LOW,"",0,0
DEMO-DEV-1972,DEMO-1972,78,HIGH,Frequent repairs in last 365 days; Extended repair downtime,6,55
DEMO-DEV-1973,DEMO-1973,5,LOW,"",0,0
DEMO-DEV-1975,DEMO-1975,10,LOW,"",0,3
DEMO-DEV-1977,DEMO-1977,16,LOW,Older equipment,0,6
DEMO-DEV-1978,DEMO-1978,5,LOW,"",0,5
DEMO-DEV-1979,DEMO-1979,2,LOW,"",0,0
DEMO-DEV-1980,DEMO-1980,2,LOW,"",0,0
DEMO-DEV-1981,DEMO-1981,90,HIGH,Frequent repairs in last 365 days; Extended repair downtime; Repair cost high relative to purchase,7,60
DEMO-DEV-1982,DEMO-1982,7,LOW,"",0,0
DEMO-DEV-1983,DEMO-1983,14,LOW,"",0,4
DEMO-DEV-1984,DEMO-1984,45,MEDIUM,Extended repair downtime; Repair cost high relative to purchase,1,11
DEMO-DEV-1985,DEMO-1985,9,LOW,Older equipment,0,0
DEMO-DEV-1986,DEMO-1986,22,LOW,"",1,4
DEMO-DEV-1987,DEMO-1987,58,MEDIUM,Extended repair downtime; Repair cost high relative to purchase; Older equipment,1,19
DEMO-DEV-1988,DEMO-1988,7,LOW,"",0,0
DEMO-DEV-1993,DEMO-1993,0,LOW,"",0,0
DEMO-DEV-1994,DEMO-1994,13,LOW,Older equipment,0,3
DEMO-DEV-1995,DEMO-1995,11,LOW,Older equipment,0,0
DEMO-DEV-1996,DEMO-1996,4,LOW,"",0,0
DEMO-DEV-1997,DEMO-1997,98,HIGH,Frequent repairs in last 365 days; Extended repair downtime; Repair cost high relative to purchase; Older equipment,7,96
DEMO-DEV-1999,DEMO-1999,8,LOW,Older equipment,0,0
DEMO-DEV-2000,DEMO-2000,35,LOW,Extended repair downtime,1,19
DEMO-DEV-2001,DEMO-2001,18,LOW,Extended repair downtime; Older equipment,0,9
DEMO-DEV-2002,DEMO-2002,2,LOW,"",0,0
DEMO-DEV-2005,DEMO-2005,6,LOW,"",0,0
DEMO-DEV-2006,DEMO-2006,2,LOW,"",0,0
DEMO-DEV-2007,DEMO-2007,1,LOW,"",0,0
DEMO-DEV-2008,DEMO-2008,56,MEDIUM,Extended repair downtime; Repair cost high relative to purchase,1,20
DEMO-DEV-2009,DEMO-2009,29,LOW,Extended repair downtime,1,9
DEMO-DEV-2010,DEMO-2010,11,LOW,"",1,1
DEMO-DEV-2011,DEMO-2011,76,HIGH,Frequent repairs in last 365 days; Extended repair downtime,4,35
DEMO-DEV-2012,DEMO-2012,19,LOW,"",1,1
DEMO-DEV-2013,DEMO-2013,1,LOW,"",0,0
DEMO-DEV-2014,DEMO-2014,3,LOW,"",0,0
DEMO-DEV-2015,DEMO-2015,2,LOW,"",0,0
DEMO-DEV-2016,DEMO-2016,4,LOW,"",0,0
DEMO-DEV-2019,DEMO-2019,7,LOW,Older equipment,0,0
DEMO-DEV-2021,DEMO-2021,10,LOW,Older equipment,0,0
DEMO-DEV-2022,DEMO-2022,11,LOW,"",0,4
DEMO-DEV-2023,DEMO-2023,3,LOW,"",0,0
DEMO-DEV-2024,DEMO-2024,4,LOW,"",0,0
DEMO-DEV-2025,DEMO-2025,8,LOW,Older equipment,0,0
DEMO-DEV-2026,DEMO-2026,18,LOW,Repair cost high relative to purchase,0,1
DEMO-DEV-2027,DEMO-2027,24,LOW,"",1,6
DEMO-DEV-2028,DEMO-2028,0,LOW,"",0,0
DEMO-DEV-2030,DEMO-2030,8,LOW,Older equipment,0,0
DEMO-DEV-2031,DEMO-2031,3,LOW,"",0,0
DEMO-DEV-2032,DEMO-2032,3,LOW,"",0,0
DEMO-DEV-2033,DEMO-2033,1,LOW,"",0,0
DEMO-DEV-2035,DEMO-2035,2,LOW,"",0,0
DEMO-DEV-2036,DEMO-2036,26,LOW,"",1,6
DEMO-DEV-2037,DEMO-2037,11,LOW,"",0,4
DEMO-DEV-2038,DEMO-2038,9,LOW,"",0,2
DEMO-DEV-2039,DEMO-2039,2,LOW,"",0,0
DEMO-DEV-2040,DEMO-2040,32,LOW,Older equipment,1,5
DEMO-DEV-2041,DEMO-2041,11,LOW,"",0,0
DEMO-DEV-2042,DEMO-2042,20,LOW,"",1,5
DEMO-DEV-2045,DEMO-2045,8,LOW,Older equipment,0,0
DEMO-DEV-2046,DEMO-2046,16,LOW,Extended repair downtime; Older equipment,0,7
DEMO-DEV-2047,DEMO-2047,19,LOW,Extended repair downtime; Older equipment,0,11
DEMO-DEV-2048,DEMO-2048,4,LOW,"",0,0
DEMO-DEV-2049,DEMO-2049,30,LOW,Repair cost high relative to purchase; Older equipment,0,1
DEMO-DEV-2050,DEMO-2050,39,LOW,Extended repair downtime; Repair cost high relative to purchase,1,9
DEMO-DEV-2051,DEMO-2051,26,LOW,Repair cost high relative to purchase,1,1
DEMO-DEV-2052,DEMO-2052,28,LOW,Repair cost high relative to purchase,0,5
DEMO-DEV-2053,DEMO-2053,0,LOW,"",0,0
DEMO-DEV-2054,DEMO-2054,4,LOW,"",0,0
DEMO-DEV-2058,DEMO-2058,7,LOW,"",0,0
DEMO-DEV-2059,DEMO-2059,8,LOW,Older equipment,0,0
DEMO-DEV-2060,DEMO-2060,14,LOW,Extended repair downtime,0,8
DEMO-DEV-2061,DEMO-2061,18,LOW,"",1,5
DEMO-DEV-2062,DEMO-2062,25,LOW,Older equipment,1,6
DEMO-DEV-2063,DEMO-2063,82,HIGH,Frequent repairs in last 365 days; Extended repair downtime,7,122
DEMO-DEV-2064,DEMO-2064,8,LOW,Older equipment,0,0
DEMO-DEV-2065,DEMO-2065,13,LOW,"",0,6
DEMO-DEV-2066,DEMO-2066,0,LOW,"",0,0
DEMO-DEV-2067,DEMO-2067,15,LOW,Extended repair downtime,0,12
DEMO-DEV-2069,DEMO-2069,3,LOW,"",0,2
DEMO-DEV-2070,DEMO-2070,7,LOW,Older equipment,0,0
DEMO-DEV-2071,DEMO-2071,25,LOW,Older equipment,1,3
DEMO-DEV-2072,DEMO-2072,10,LOW,"",0,3
DEMO-DEV-2073,DEMO-2073,41,MEDIUM,Extended repair downtime; Repair cost high relative to purchase; Older equipment,0,12
DEMO-DEV-2074,DEMO-2074,41,MEDIUM,Extended repair downtime; Repair cost high relative to purchase,1,9
DEMO-DEV-2075,DEMO-2075,9,LOW,Older equipment,0,0
DEMO-DEV-2076,DEMO-2076,9,LOW,Extended repair downtime,0,8
DEMO-DEV-2077,DEMO-2077,9,LOW,Older equipment,0,0
DEMO-DEV-2078,DEMO-2078,7,LOW,"",0,0
DEMO-DEV-2079,DEMO-2079,32,LOW,Extended repair downtime; Repair cost high relative to purchase,0,9
DEMO-DEV-2080,DEMO-2080,5,LOW,"",0,0
DEMO-DEV-2081,DEMO-2081,2,LOW,"",0,0
DEMO-DEV-2082,DEMO-2082,9,LOW,Older equipment,0,0
DEMO-DEV-2086,DEMO-2086,45,MEDIUM,Frequent repairs in last 365 days; Repair cost high relative to purchase; Older equipment,2,3
DEMO-DEV-2087,DEMO-2087,9,LOW,Older equipment,0,0
DEMO-DEV-2088,DEMO-2088,21,LOW,Older equipment,1,2
DEMO-DEV-2089,DEMO-2089,5,LOW,"",0,0
DEMO-DEV-2090,DEMO-2090,9,LOW,Older equipment,0,0
DEMO-DEV-2091,DEMO-2091,30,LOW,Extended repair downtime; Older equipment,1,11
DEMO-DEV-2092,DEMO-2092,9,LOW,Older equipment,0,0
DEMO-DEV-2093,DEMO-2093,33,LOW,Extended repair downtime; Repair cost high relative to purchase,0,10
DEMO-DEV-2094,DEMO-2094,2,LOW,"",0,0
DEMO-DEV-2095,DEMO-2095,13,LOW,Older equipment,0,0
DEMO-DEV-2096,DEMO-2096,74,HIGH,Frequent repairs in last 365 days; Extended repair downtime,6,81
DEMO-DEV-2097,DEMO-2097,5,LOW,"",0,0
DEMO-DEV-2098,DEMO-2098,31,LOW,Repair cost high relative to purchase; Older equipment,0,3
DEMO-DEV-2099,DEMO-2099,26,LOW,Extended repair downtime,0,17
DEMO-DEV-2100,DEMO-2100,20,LOW,"",1,3
DEMO-DEV-2102,DEMO-2102,22,LOW,Extended repair downtime; Older equipment,0,9
DEMO-DEV-2103,DEMO-2103,14,LOW,Extended repair downtime,0,10
DEMO-DEV-2104,DEMO-2104,5,LOW,"",0,0
DEMO-DEV-2105,DEMO-2105,21,LOW,"",1,5
DEMO-DEV-2107,DEMO-2107,32,LOW,Extended repair downtime; Older equipment,1,12
DEMO-DEV-2108,DEMO-2108,5,LOW,"",0,0
DEMO-DEV-2109,DEMO-2109,89,HIGH,Frequent repairs in last 365 days; Extended repair downtime; Repair cost high relative to purchase,7,85
DEMO-DEV-2110,DEMO-2110,79,HIGH,Frequent repairs in last 365 days; Extended repair downtime,7,34
DEMO-DEV-2113,DEMO-2113,28,LOW,Extended repair downtime; Older equipment,1,9
DEMO-DEV-2114,DEMO-2114,3,LOW,"",0,0
DEMO-DEV-2115,DEMO-2115,13,LOW,Extended repair downtime,0,7
DEMO-DEV-2116,DEMO-2116,7,LOW,"",0,3
DEMO-DEV-2117,DEMO-2117,27,LOW,Extended repair downtime,1,13
DEMO-DEV-2118,DEMO-2118,7,LOW,Older equipment,0,0
DEMO-DEV-2119,DEMO-2119,14,LOW,Extended repair downtime,0,7
DEMO-DEV-2120,DEMO-2120,14,LOW,Extended repair downtime,0,8
DEMO-DEV-2121,DEMO-2121,10,LOW,Older equipment,0,0
DEMO-DEV-2122,DEMO-2122,6,LOW,"",0,0
DEMO-DEV-2123,DEMO-2123,12,LOW,Older equipment,0,0
DEMO-DEV-2128,DEMO-2128,7,LOW,Older equipment,0,0
DEMO-DEV-2129,DEMO-2129,19,LOW,Extended repair downtime,0,12
DEMO-DEV-2130,DEMO-2130,4,LOW,"",0,0
DEMO-DEV-2131,DEMO-2131,7,LOW,"",0,5
DEMO-DEV-2132,DEMO-2132,16,LOW,"",1,4
DEMO-DEV-2133,DEMO-2133,23,LOW,Extended repair downtime; Older equipment,0,9
DEMO-DEV-2134,DEMO-2134,76,HIGH,Frequent repairs in last 365 days; Extended repair downtime,4,46
DEMO-DEV-2135,DEMO-2135,7,LOW,Older equipment,0,0
DEMO-DEV-2137,DEMO-2137,15,LOW,Extended repair downtime,0,10
DEMO-DEV-2138,DEMO-2138,11,LOW,"",0,2
DEMO-DEV-2139,DEMO-2139,3,LOW,"",0,0
DEMO-DEV-2140,DEMO-2140,4,LOW,"",0,0
DEMO-DEV-2141,DEMO-2141,94,HIGH,Frequent repairs in last 365 days; Extended repair downtime; Repair cost high relative to purchase,7,77
DEMO-DEV-2142,DEMO-2142,97,HIGH,Frequent repairs in last 365 days; Extended repair downtime; Repair cost high relative to purchase; Older equipment,5,63
DEMO-DEV-2143,DEMO-2143,19,LOW,Extended repair downtime,1,8
DEMO-DEV-2144,DEMO-2144,24,LOW,Extended repair downtime,1,11
DEMO-DEV-2145,DEMO-2145,22,LOW,"",1,4
DEMO-DEV-2146,DEMO-2146,14,LOW,Extended repair downtime,0,10
DEMO-DEV-2147,DEMO-2147,30,LOW,Extended repair downtime; Repair cost high relative to purchase,0,9
DEMO-DEV-2148,DEMO-2148,9,LOW,Older equipment,0,0
DEMO-DEV-2149,DEMO-2149,9,LOW,Older equipment,0,0
DEMO-DEV-2152,DEMO-2152,40,MEDIUM,Extended repair downtime; Repair cost high relative to purchase,0,18
DEMO-DEV-2153,DEMO-2153,7,LOW,"",0,0
DEMO-DEV-2154,DEMO-2154,23,LOW,"",1,5
DEMO-DEV-2155,DEMO-2155,28,LOW,Extended repair downtime,1,12
DEMO-DEV-2156,DEMO-2156,3,LOW,"",0,0
DEMO-DEV-2157,DEMO-2157,3,LOW,"",0,0
DEMO-DEV-2158,DEMO-2158,8,LOW,Older equipment,0,0
DEMO-DEV-2159,DEMO-2159,18,LOW,"",1,4
DEMO-DEV-2160,DEMO-2160,15,LOW,Extended repair downtime,0,9
DEMO-DEV-2162,DEMO-2162,7,LOW,Older equipment,0,0
DEMO-DEV-2163,DEMO-2163,21,LOW,Extended repair downtime,0,13
DEMO-DEV-2167,DEMO-2167,1,LOW,"",0,0
DEMO-DEV-2168,DEMO-2168,5,LOW,"",0,0
DEMO-DEV-2169,DEMO-2169,15,LOW,Older equipment,0,2
DEMO-DEV-2170,DEMO-2170,19,LOW,Extended repair downtime; Older equipment,0,10
DEMO-DEV-2172,DEMO-2172,2,LOW,"",0,0
DEMO-DEV-2173,DEMO-2173,8,LOW,Older equipment,0,0
DEMO-DEV-2174,DEMO-2174,13,LOW,Extended repair downtime,0,9
DEMO-DEV-2175,DEMO-2175,6,LOW,"",0,0
DEMO-DEV-2176,DEMO-2176,19,LOW,"",1,4
DEMO-DEV-2177,DEMO-2177,4,LOW,"",0,3
DEMO-DEV-2180,DEMO-2180,92,HIGH,Frequent repairs in last 365 days; Extended repair downtime; Repair cost high relative to purchase,6,39
DEMO-DEV-2182,DEMO-2182,20,LOW,Extended repair downtime; Older equipment,0,12
DEMO-DEV-2183,DEMO-2183,11,LOW,Extended repair downtime,0,8
DEMO-DEV-2184,DEMO-2184,1,LOW,"",0,0
DEMO-DEV-2185,DEMO-2185,9,LOW,Older equipment,0,0
DEMO-DEV-2186,DEMO-2186,12,LOW,"",1,0
DEMO-DEV-2188,DEMO-2188,9,LOW,Older equipment,0,0
DEMO-DEV-2189,DEMO-2189,4,LOW,"",0,0
DEMO-DEV-2190,DEMO-2190,80,HIGH,Frequent repairs in last 365 days; Extended repair downtime; Older equipment,4,46
DEMO-DEV-2191,DEMO-2191,28,LOW,Extended repair downtime,1,10
DEMO-DEV-2193,DEMO-2193,29,LOW,Extended repair downtime,1,16
DEMO-DEV-2194,DEMO-2194,81,HIGH,Frequent repairs in last 365 days; Extended repair downtime; Older equipment,7,67
DEMO-DEV-2195,DEMO-2195,0,LOW,"",0,0
DEMO-DEV-2196,DEMO-2196,16,LOW,Older equipment,0,6
DEMO-DEV-2197,DEMO-2197,5,LOW,"",0,0
DEMO-DEV-2198,DEMO-2198,8,LOW,Older equipment,0,0
DEMO-DEV-2199,DEMO-2199,29,LOW,Extended repair downtime; Older equipment,1,8
DEMO-DEV-2200,DEMO-2200,3,LOW,"",0,0
DEMO-DEV-2201,DEMO-2201,1,LOW,"",0,0
DEMO-DEV-2202,DEMO-2202,33,LOW,Extended repair downtime; Older equipment,0,21
DEMO-DEV-2203,DEMO-2203,28,LOW,Extended repair downtime,1,10
DEMO-DEV-2204,DEMO-2204,1,LOW,"",0,0
DEMO-DEV-2205,DEMO-2205,9,LOW,"",0,2
DEMO-DEV-2208,DEMO-2208,29,LOW,Extended repair downtime,1,12
DEMO-DEV-2209,DEMO-2209,13,LOW,"",1,0
DEMO-DEV-2210,DEMO-2210,62,MEDIUM,Frequent repairs in last 365 days; Extended repair downtime; Repair cost high relative to purchase; Older equipment,2,12
DEMO-DEV-2211,DEMO-2211,8,LOW,Older equipment,0,0
DEMO-DEV-2212,DEMO-2212,17,LOW,Extended repair downtime; Older equipment,0,8
DEMO-DEV-2213,DEMO-2213,1,LOW,"",0,0
DEMO-DEV-2214,DEMO-2214,7,LOW,"",0,0
DEMO-DEV-2215,DEMO-2215,84,HIGH,Frequent repairs in last 365 days; Extended repair downtime; Repair cost high relative to purchase,8,95
DEMO-DEV-2216,DEMO-2216,2,LOW,"",0,0
DEMO-DEV-2217,DEMO-2217,46,MEDIUM,Extended repair downtime; Repair cost high relative to purchase,1,12
DEMO-DEV-2218,DEMO-2218,0,LOW,"",0,0
DEMO-DEV-2219,DEMO-2219,16,LOW,Repair cost high relative to purchase,0,0
DEMO-DEV-2221,DEMO-2221,2,LOW,"",0,0
DEMO-DEV-2222,DEMO-2222,10,LOW,"",0,4
DEMO-DEV-2223,DEMO-2223,18,LOW,Extended repair downtime,1,7
DEMO-DEV-2224,DEMO-2224,29,LOW,Extended repair downtime,1,17
DEMO-DEV-2225,DEMO-2225,9,LOW,"",0,2
DEMO-DEV-2226,DEMO-2226,13,LOW,Extended repair downtime,0,8
DEMO-DEV-2227,DEMO-2227,22,LOW,"",1,2
DEMO-DEV-2228,DEMO-2228,21,LOW,Extended repair downtime; Older equipment,0,10
DEMO-DEV-2229,DEMO-2229,23,LOW,Extended repair downtime,0,8
DEMO-DEV-2230,DEMO-2230,2,LOW,"",0,0
DEMO-DEV-2231,DEMO-2231,13,LOW,Extended repair downtime,0,8
DEMO-DEV-2233,DEMO-2233,26,LOW,Extended repair downtime,0,10
DEMO-DEV-2236,DEMO-2236,22,LOW,Extended repair downtime,1,9
DEMO-DEV-2237,DEMO-2237,85,HIGH,Frequent repairs in last 365 days; Extended repair downtime; Older equipment,5,41
DEMO-DEV-2241,DEMO-2241,7,LOW,"",0,0
DEMO-DEV-2242,DEMO-2242,1,LOW,"",0,0
DEMO-DEV-2243,DEMO-2243,74,HIGH,Frequent repairs in last 365 days; Extended repair downtime,6,62
DEMO-DEV-2245,DEMO-2245,13,LOW,Extended repair downtime,0,10
DEMO-DEV-2246,DEMO-2246,40,MEDIUM,Extended repair downtime; Repair cost high relative to purchase,1,8
DEMO-DEV-2248,DEMO-2248,1,LOW,"",0,0
DEMO-DEV-2249,DEMO-2249,95,HIGH,Frequent repairs in last 365 days; Extended repair downtime; Repair cost high relative to purchase,4,64
DEMO-DEV-2250,DEMO-2250,4,LOW,"",0,0
DEMO-DEV-2251,DEMO-2251,42,MEDIUM,Extended repair downtime; Repair cost high relative to purchase; Older equipment,1,13
DEMO-DEV-2252,DEMO-2252,48,MEDIUM,Extended repair downtime; Repair cost high relative to purchase,1,15
DEMO-DEV-2253,DEMO-2253,18,LOW,Extended repair downtime,0,17
DEMO-DEV-2254,DEMO-2254,4,LOW,"",0,0
DEMO-DEV-2255,DEMO-2255,4,LOW,"",0,0
DEMO-DEV-2256,DEMO-2256,8,LOW,Older equipment,0,0
DEMO-DEV-2257,DEMO-2257,98,HIGH,Frequent repairs in last 365 days; Extended repair downtime; Repair cost high relative to purchase; Older equipment,4,68
DEMO-DEV-2258,DEMO-2258,6,LOW,"",0,0
DEMO-DEV-2259,DEMO-2259,8,LOW,Older equipment,0,0
DEMO-DEV-2260,DEMO-2260,39,LOW,Extended repair downtime; Repair cost high relative to purchase,1,11
DEMO-DEV-2263,DEMO-2263,8,LOW,Older equipment,0,0
DEMO-DEV-2264,DEMO-2264,88,HIGH,Frequent repairs in last 365 days; Extended repair downtime; Repair cost high relative to purchase; Older equipment,8,58
DEMO-DEV-2265,DEMO-2265,20,LOW,Repair cost high relative to purchase,0,4
DEMO-DEV-2266,DEMO-2266,3,LOW,"",0,0
DEMO-DEV-2267,DEMO-2267,3,LOW,"",0,0
DEMO-DEV-2268,DEMO-2268,34,LOW,Extended repair downtime; Repair cost high relative to purchase,0,12
DEMO-DEV-2269,DEMO-2269,14,LOW,Extended repair downtime,0,12
DEMO-DEV-2270,DEMO-2270,1,LOW,"",0,0
DEMO-DEV-2271,DEMO-2271,88,HIGH,Frequent repairs in last 365 days; Extended repair downtime; Repair cost high relative to purchase,6,55
DEMO-DEV-2272,DEMO-2272,19,LOW,"",1,4
DEMO-DEV-2273,DEMO-2273,45,MEDIUM,Extended repair downtime; Repair cost high relative to purchase; Older equipment,1,7
DEMO-DEV-2274,DEMO-2274,27,LOW,Extended repair downtime; Older equipment,1,7
DEMO-DEV-2278,DEMO-2278,21,LOW,Extended repair downtime; Older equipment,0,9
DEMO-DEV-2279,DEMO-2279,28,LOW,Extended repair downtime; Older equipment,0,12
DEMO-DEV-2280,DEMO-2280,4,LOW,"",0,4
DEMO-DEV-2281,DEMO-2281,8,LOW,"",0,1
DEMO-DEV-2282,DEMO-2282,9,LOW,Older equipment,0,0
DEMO-DEV-2283,DEMO-2283,9,LOW,Older equipment,0,0
DEMO-DEV-2284,DEMO-2284,13,LOW,Older equipment,0,3
DEMO-DEV-2285,DEMO-2285,8,LOW,Older equipment,0,0
DEMO-DEV-2286,DEMO-2286,5,LOW,"",0,0
DEMO-DEV-2287,DEMO-2287,18,LOW,Extended repair downtime,0,10
DEMO-DEV-2288,DEMO-2288,11,LOW,Extended repair downtime,0,9
DEMO-DEV-2290,DEMO-2290,1,LOW,"",0,0
DEMO-DEV-2291,DEMO-2291,22,LOW,Extended repair downtime; Older equipment,0,13
DEMO-DEV-2293,DEMO-2293,6,LOW,"",0,0
DEMO-DEV-2295,DEMO-2295,5,LOW,"",0,2
DEMO-DEV-2296,DEMO-2296,21,LOW,Extended repair downtime,0,13
DEMO-DEV-2297,DEMO-2297,14,LOW,"",1,0
DEMO-DEV-2298,DEMO-2298,13,LOW,"",0,4
DEMO-DEV-2299,DEMO-2299,3,LOW,"",0,0
DEMO-DEV-2300,DEMO-2300,16,LOW,"",1,4
DEMO-DEV-2301,DEMO-2301,15,LOW,Extended repair downtime,0,8
DEMO-DEV-2302,DEMO-2302,27,LOW,Repair cost high relative to purchase,1,0
DEMO-DEV-2303,DEMO-2303,3,LOW,"",0,0
DEMO-DEV-2305,DEMO-2305,25,LOW,Repair cost high relative to purchase; Older equipment,0,5
DEMO-DEV-2310,DEMO-2310,34,LOW,Repair cost high relative to purchase,1,6
DEMO-DEV-2312,DEMO-2312,34,LOW,Extended repair downtime; Older equipment,1,14
DEMO-DEV-2313,DEMO-2313,26,LOW,"",1,6
DEMO-DEV-2314,DEMO-2314,9,LOW,Older equipment,0,0
DEMO-DEV-2315,DEMO-2315,13,LOW,Older equipment,0,4
DEMO-DEV-2316,DEMO-2316,27,LOW,Older equipment,1,1
DEMO-DEV-2318,DEMO-2318,82,HIGH,Frequent repairs in last 365 days; Extended repair downtime,7,92
DEMO-DEV-2319,DEMO-2319,23,LOW,Extended repair downtime,1,9
DEMO-DEV-2321,DEMO-2321,9,LOW,Older equipment,0,0
DEMO-DEV-2323,DEMO-2323,6,LOW,"",0,0
DEMO-DEV-2324,DEMO-2324,28,LOW,Extended repair downtime; Older equipment,1,8
DEMO-DEV-2325,DEMO-2325,41,MEDIUM,Frequent repairs in last 365 days; Extended repair downtime,2,16
DEMO-DEV-2326,DEMO-2326,21,LOW,Extended repair downtime; Older equipment,0,12
DEMO-DEV-2327,DEMO-2327,6,LOW,"",0,0
DEMO-DEV-2328,DEMO-2328,27,LOW,Extended repair downtime,1,12
DEMO-DEV-2329,DEMO-2329,22,LOW,"",1,5
DEMO-DEV-2330,DEMO-2330,8,LOW,Older equipment,0,0
DEMO-DEV-2331,DEMO-2331,1,LOW,"",0,0
DEMO-DEV-2334,DEMO-2334,99,HIGH,Frequent repairs in last 365 days; Extended repair downtime; Repair cost high relative to purchase; Older equipment,4,39
DEMO-DEV-2337,DEMO-2337,21,LOW,Older equipment,0,4
DEMO-DEV-2338,DEMO-2338,4,LOW,"",0,0
DEMO-DEV-2339,DEMO-2339,46,MEDIUM,Frequent repairs in last 365 days; Extended repair downtime,2,19
DEMO-DEV-2340,DEMO-2340,5,LOW,"",0,0
DEMO-DEV-2342,DEMO-2342,24,LOW,Extended repair downtime; Older equipment,0,16
DEMO-DEV-2343,DEMO-2343,25,LOW,"",1,6
DEMO-DEV-2346,DEMO-2346,27,LOW,Extended repair downtime; Repair cost high relative to purchase,0,7
DEMO-DEV-2349,DEMO-2349,25,LOW,Extended repair downtime,1,8
DEMO-DEV-2350,DEMO-2350,19,LOW,"",0,6
DEMO-DEV-2351,DEMO-2351,37,LOW,Frequent repairs in last 365 days; Older equipment,2,6
DEMO-DEV-2352,DEMO-2352,27,LOW,"",1,3
DEMO-DEV-2353,DEMO-2353,2,LOW,"",0,0
DEMO-DEV-2354,DEMO-2354,5,LOW,"",0,0
DEMO-DEV-2355,DEMO-2355,11,LOW,Older equipment,0,3
DEMO-DEV-2356,DEMO-2356,18,LOW,"",1,2
DEMO-DEV-2357,DEMO-2357,4,LOW,"",0,0
DEMO-DEV-2358,DEMO-2358,22,LOW,Extended repair downtime,0,15
DEMO-DEV-2359,DEMO-2359,29,LOW,Extended repair downtime,1,7
DEMO-DEV-2360,DEMO-2360,2,LOW,"",0,0
DEMO-DEV-2361,DEMO-2361,2,LOW,"",0,0
DEMO-DEV-2364,DEMO-2364,99,HIGH,Frequent repairs in last 365 days; Extended repair downtime; Repair cost high relative to purchase; Older equipment,8,96
DEMO-DEV-2366,DEMO-2366,20,LOW,Extended repair downtime,0,11
DEMO-DEV-2367,DEMO-2367,93,HIGH,Frequent repairs in last 365 days; Extended repair downtime; Repair cost high relative to purchase,7,83
DEMO-DEV-2370,DEMO-2370,8,LOW,Older equipment,0,0
DEMO-DEV-2371,DEMO-2371,34,LOW,Extended repair downtime; Repair cost high relative to purchase,0,7
DEMO-DEV-2372,DEMO-2372,10,LOW,Older equipment,0,2
DEMO-DEV-2373,DEMO-2373,6,LOW,"",0,0
DEMO-DEV-2375,DEMO-2375,2,LOW,"",0,0
DEMO-DEV-2377,DEMO-2377,10,LOW,Older equipment,0,0
DEMO-DEV-2378,DEMO-2378,15,LOW,Extended repair downtime,0,11
DEMO-DEV-2379,DEMO-2379,4,LOW,"",0,0
DEMO-DEV-2380,DEMO-2380,17,LOW,Extended repair downtime; Older equipment,0,8
DEMO-DEV-2381,DEMO-2381,2,LOW,"",0,0
DEMO-DEV-2382,DEMO-2382,45,MEDIUM,Repair cost high relative to purchase; Older equipment,1,6
DEMO-DEV-2383,DEMO-2383,6,LOW,"",0,0
DEMO-DEV-2384,DEMO-2384,14,LOW,"",1,3
DEMO-DEV-2385,DEMO-2385,33,LOW,Extended repair downtime,1,14
DEMO-DEV-2386,DEMO-2386,18,LOW,Extended repair downtime; Older equipment,0,7
DEMO-DEV-2387,DEMO-2387,6,LOW,"",0,0
DEMO-DEV-2393,DEMO-2393,82,HIGH,Frequent repairs in last 365 days; Extended repair downtime,6,33
DEMO-DEV-2394,DEMO-2394,13,LOW,Extended repair downtime,0,8
DEMO-DEV-2395,DEMO-2395,8,LOW,Older equipment,0,0
DEMO-DEV-2396,DEMO-2396,10,LOW,Older equipment,0,0
DEMO-DEV-2397,DEMO-2397,1,LOW,"",0,0
DEMO-DEV-2398,DEMO-2398,94,HIGH,Frequent repairs in last 365 days; Extended repair downtime; Repair cost high relative to purchase,5,88
DEMO-DEV-2399,DEMO-2399,2,LOW,"",0,0
DEMO-DEV-2400,DEMO-2400,7,LOW,Older equipment,0,0
DEMO-DEV-2404,DEMO-2404,26,LOW,Older equipment,1,6
DEMO-DEV-2405,DEMO-2405,8,LOW,Older equipment,0,0
DEMO-DEV-2406,DEMO-2406,15,LOW,Older equipment,0,5
DEMO-DEV-2407,DEMO-2407,0,LOW,"",0,0
DEMO-DEV-2408,DEMO-2408,89,HIGH,Frequent repairs in last 365 days; Extended repair downtime; Repair cost high relative to purchase,5,75
DEMO-DEV-2409,DEMO-2409,36,LOW,Extended repair downtime,1,23
DEMO-DEV-2410,DEMO-2410,5,LOW,"",0,0
DEMO-DEV-2411,DEMO-2411,9,LOW,Older equipment,0,0
DEMO-DEV-2412,DEMO-2412,9,LOW,Older equipment,0,0
DEMO-DEV-2413,DEMO-2413,34,LOW,Extended repair downtime; Repair cost high relative to purchase,0,12
DEMO-DEV-2416,DEMO-2416,6,LOW,"",0,0
DEMO-DEV-2417,DEMO-2417,36,LOW,Extended repair downtime; Repair cost high relative to purchase,1,9
DEMO-DEV-2418,DEMO-2418,28,LOW,"",1,5
DEMO-DEV-2420,DEMO-2420,29,LOW,Extended repair downtime,1,10
DEMO-DEV-2423,DEMO-2423,11,LOW,Older equipment,0,2
DEMO-DEV-2424,DEMO-2424,22,LOW,Older equipment,1,1
DEMO-DEV-2425,DEMO-2425,12,LOW,Extended repair downtime,0,11
DEMO-DEV-2426,DEMO-2426,12,LOW,"",0,1
DEMO-DEV-2428,DEMO-2428,28,LOW,Extended repair downtime,0,17
DEMO-DEV-2429,DEMO-2429,15,LOW,Extended repair downtime,0,9
DEMO-DEV-2430,DEMO-2430,8,LOW,Older equipment,0,0
DEMO-DEV-2431,DEMO-2431,17,LOW,Extended repair downtime; Older equipment,0,8
DEMO-DEV-2432,DEMO-2432,43,MEDIUM,Extended repair downtime; Repair cost high relative to purchase,1,11
DEMO-DEV-2433,DEMO-2433,36,LOW,Extended repair downtime; Repair cost high relative to purchase,0,12
DEMO-DEV-2434,DEMO-2434,25,LOW,Extended repair downtime,1,10
DEMO-DEV-2435,DEMO-2435,8,LOW,Older equipment,0,0
DEMO-DEV-2436,DEMO-2436,20,LOW,Extended repair downtime,1,8
DEMO-DEV-2437,DEMO-2437,1,LOW,"",0,0
DEMO-DEV-2438,DEMO-2438,14,LOW,Extended repair downtime,0,9
DEMO-DEV-2439,DEMO-2439,24,LOW,Extended repair downtime,1,7
DEMO-DEV-2440,DEMO-2440,8,LOW,Older equipment,0,0
DEMO-DEV-2442,DEMO-2442,0,LOW,"",0,0
DEMO-DEV-2444,DEMO-2444,6,LOW,"",0,0
DEMO-DEV-2445,DEMO-2445,7,LOW,"",0,0
DEMO-DEV-2446,DEMO-2446,25,LOW,Extended repair downtime,1,7
DEMO-DEV-2447,DEMO-2447,1,LOW,"",0,0
DEMO-DEV-2448,DEMO-2448,34,LOW,Extended repair downtime; Repair cost high relative to purchase; Older equipment,0,7
DEMO-DEV-2449,DEMO-2449,29,LOW,Repair cost high relative to purchase,1,3
DEMO-DEV-2450,DEMO-2450,9,LOW,Older equipment,0,0
DEMO-DEV-2451,DEMO-2451,38,LOW,Frequent repairs in last 365 days; Extended repair downtime,2,12
DEMO-DEV-2452,DEMO-2452,7,LOW,"",0,0
DEMO-DEV-2453,DEMO-2453,79,HIGH,Frequent repairs in last 365 days; Extended repair downtime,4,40
DEMO-DEV-2454,DEMO-2454,17,LOW,Extended repair downtime; Older equipment,0,8
DEMO-DEV-2458,DEMO-2458,12,LOW,Extended repair downtime,0,9
DEMO-DEV-2459,DEMO-2459,33,LOW,Extended repair downtime; Repair cost high relative to purchase,0,10
DEMO-DEV-2460,DEMO-2460,5,LOW,"",0,2
DEMO-DEV-2461,DEMO-2461,5,LOW,"",0,0
DEMO-DEV-2462,DEMO-2462,1,LOW,"",0,0
DEMO-DEV-2463,DEMO-2463,13,LOW,Extended repair downtime,0,12
DEMO-DEV-2464,DEMO-2464,22,LOW,Extended repair downtime,1,9
DEMO-DEV-2465,DEMO-2465,11,LOW,"",0,6
DEMO-DEV-2466,DEMO-2466,94,HIGH,Frequent repairs in last 365 days; Extended repair downtime; Repair cost high relative to purchase,8,100
DEMO-DEV-2467,DEMO-2467,9,LOW,"",0,0
DEMO-DEV-2468,DEMO-2468,4,LOW,"",0,0
DEMO-DEV-2469,DEMO-2469,32,LOW,Repair cost high relative to purchase; Older equipment,0,3
DEMO-DEV-2473,DEMO-2473,0,LOW,"",0,0
DEMO-DEV-2474,DEMO-2474,18,LOW,"",1,6
DEMO-DEV-2475,DEMO-2475,27,LOW,Extended repair downtime,1,9
DEMO-DEV-2476,DEMO-2476,35,LOW,Repair cost high relative to purchase; Older equipment,1,0
DEMO-DEV-2477,DEMO-2477,12,LOW,"",0,5
DEMO-DEV-2478,DEMO-2478,55,MEDIUM,Frequent repairs in last 365 days; Extended repair downtime; Repair cost high relative to purchase,2,14
DEMO-DEV-2479,DEMO-2479,15,LOW,Extended repair downtime,0,9
DEMO-DEV-2480,DEMO-2480,9,LOW,Older equipment,0,0
DEMO-DEV-2481,DEMO-2481,13,LOW,Extended repair downtime,0,10
DEMO-DEV-2482,DEMO-2482,29,LOW,Frequent repairs in last 365 days; Extended repair downtime,2,7
DEMO-DEV-2484,DEMO-2484,36,LOW,Extended repair downtime; Repair cost high relative to purchase,0,11
DEMO-DEV-2485,DEMO-2485,16,LOW,Older equipment,0,6
DEMO-DEV-2486,DEMO-2486,20,LOW,Extended repair downtime; Older equipment,0,10
DEMO-DEV-2487,DEMO-2487,30,LOW,Extended repair downtime; Older equipment,1,9
DEMO-DEV-2488,DEMO-2488,12,LOW,"",0,3
DEMO-DEV-2489,DEMO-2489,26,LOW,Extended repair downtime; Older equipment,0,10
DEMO-DEV-2490,DEMO-2490,4,LOW,"",0,0
DEMO-DEV-2491,DEMO-2491,8,LOW,Older equipment,0,0
DEMO-DEV-2492,DEMO-2492,5,LOW,"",0,0
DEMO-DEV-2493,DEMO-2493,6,LOW,"",0,0
DEMO-DEV-2494,DEMO-2494,42,MEDIUM,Frequent repairs in last 365 days; Extended repair downtime,2,10
DEMO-DEV-2495,DEMO-2495,23,LOW,Extended repair downtime,1,10
DEMO-DEV-2497,DEMO-2497,19,LOW,Repair cost high relative to purchase,0,6
DEMO-DEV-2498,DEMO-2498,1,LOW,"",0,0
DEMO-DEV-2499,DEMO-2499,6,LOW,"",0,0
DEMO-DEV-2500,DEMO-2500,37,LOW,Repair cost high relative to purchase,1,4
DEMO-DEV-2501,DEMO-2501,22,LOW,Extended repair downtime,0,16
DEMO-DEV-2502,DEMO-2502,29,LOW,Extended repair downtime,1,12
DEMO-DEV-2503,DEMO-2503,26,LOW,"",1,6
DEMO-DEV-2504,DEMO-2504,10,LOW,"",0,6
DEMO-DEV-2505,DEMO-2505,2,LOW,"",0,0
DEMO-DEV-2506,DEMO-2506,21,LOW,"",1,4
DEMO-DEV-2507,DEMO-2507,9,LOW,Extended repair downtime,0,7
DEMO-DEV-2508,DEMO-2508,1,LOW,"",0,0
DEMO-DEV-2509,DEMO-2509,11,LOW,"",1,0
DEMO-DEV-2513,DEMO-2513,21,LOW,"",1,1
DEMO-DEV-2514,DEMO-2514,19,LOW,Older equipment,1,0
DEMO-DEV-2515,DEMO-2515,10,LOW,Older equipment,0,0
DEMO-DEV-2516,DEMO-2516,6,LOW,"",0,1
DEMO-DEV-2517,DEMO-2517,9,LOW,"",0,4
DEMO-DEV-2518,DEMO-2518,3,LOW,"",0,0
DEMO-DEV-2519,DEMO-2519,90,HIGH,Frequent repairs in last 365 days; Extended repair downtime; Repair cost high relative to purchase,5,48
DEMO-DEV-2520,DEMO-2520,32,LOW,Extended repair downtime,1,9
DEMO-DEV-2521,DEMO-2521,35,LOW,Repair cost high relative to purchase,1,0
DEMO-DEV-2522,DEMO-2522,12,LOW,"",0,2
DEMO-DEV-2523,DEMO-2523,24,LOW,Older equipment,1,6
DEMO-DEV-2525,DEMO-2525,40,MEDIUM,Extended repair downtime; Repair cost high relative to purchase; Older equipment,0,12
DEMO-DEV-2528,DEMO-2528,9,LOW,Older equipment,0,0
DEMO-DEV-2529,DEMO-2529,4,LOW,"",0,0
DEMO-DEV-2530,DEMO-2530,15,LOW,Older equipment,0,6
DEMO-DEV-2531,DEMO-2531,32,LOW,Repair cost high relative to purchase,1,1
DEMO-DEV-2532,DEMO-2532,7,LOW,"",0,0
DEMO-DEV-2533,DEMO-2533,5,LOW,"",0,0
DEMO-DEV-2534,DEMO-2534,16,LOW,"",1,4
DEMO-DEV-2535,DEMO-2535,40,MEDIUM,Extended repair downtime; Repair cost high relative to purchase; Older equipment,0,12
DEMO-DEV-2537,DEMO-2537,16,LOW,Extended repair downtime; Older equipment,0,7
DEMO-DEV-2538,DEMO-2538,20,LOW,Extended repair downtime,0,10
DEMO-DEV-2539,DEMO-2539,29,LOW,Extended repair downtime; Older equipment,1,11
DEMO-DEV-2540,DEMO-2540,20,LOW,Extended repair downtime,0,8
DEMO-DEV-2541,DEMO-2541,25,LOW,Older equipment,1,4
DEMO-DEV-2542,DEMO-2542,3,LOW,"",0,0
DEMO-DEV-2543,DEMO-2543,33,LOW,Extended repair downtime; Older equipment,0,17
DEMO-DEV-2544,DEMO-2544,3,LOW,"",0,0
DEMO-DEV-2545,DEMO-2545,10,LOW,Older equipment,0,0
DEMO-DEV-2546,DEMO-2546,3,LOW,"",0,0
DEMO-DEV-2547,DEMO-2547,18,LOW,Extended repair downtime; Older equipment,0,9
DEMO-DEV-2549,DEMO-2549,4,LOW,"",0,0
DEMO-DEV-2552,DEMO-2552,27,LOW,Extended repair downtime; Repair cost high relative to purchase,0,11
DEMO-DEV-2554,DEMO-2554,73,HIGH,Frequent repairs in last 365 days; Extended repair downtime,4,24
DEMO-DEV-2556,DEMO-2556,7,LOW,Older equipment,0,0
DEMO-DEV-2557,DEMO-2557,4,LOW,"",0,0
DEMO-DEV-2558,DEMO-2558,15,LOW,Extended repair downtime,0,8
DEMO-DEV-2559,DEMO-2559,0,LOW,"",0,0
DEMO-DEV-2560,DEMO-2560,1,LOW,"",0,0
DEMO-DEV-2561,DEMO-2561,31,LOW,Repair cost high relative to purchase,0,5
DEMO-DEV-2562,DEMO-2562,6,LOW,"",0,0
DEMO-DEV-2563,DEMO-2563,13,LOW,Extended repair downtime,0,11
DEMO-DEV-2564,DEMO-2564,13,LOW,Extended repair downtime,0,10
DEMO-DEV-2566,DEMO-2566,28,LOW,Extended repair downtime,1,9
DEMO-DEV-2569,DEMO-2569,2,LOW,"",0,0
DEMO-DEV-2570,DEMO-2570,22,LOW,Extended repair downtime; Older equipment,0,12
DEMO-DEV-2571,DEMO-2571,7,LOW,Older equipment,0,0
DEMO-DEV-2573,DEMO-2573,27,LOW,Extended repair downtime,1,9
DEMO-DEV-2574,DEMO-2574,15,LOW,Extended repair downtime,0,8
DEMO-DEV-2575,DEMO-2575,4,LOW,"",0,0
DEMO-DEV-2576,DEMO-2576,33,LOW,Repair cost high relative to purchase,0,6
DEMO-DEV-2577,DEMO-2577,10,LOW,Older equipment,0,0
DEMO-DEV-2578,DEMO-2578,20,LOW,"",1,0
DEMO-DEV-2579,DEMO-2579,28,LOW,Extended repair downtime; Older equipment,1,8
DEMO-DEV-2580,DEMO-2580,3,LOW,"",0,0
DEMO-DEV-2581,DEMO-2581,7,LOW,Older equipment,0,0
DEMO-DEV-2582,DEMO-2582,40,MEDIUM,Repair cost high relative to purchase,1,5
DEMO-DEV-2583,DEMO-2583,11,LOW,"",0,4
DEMO-DEV-2584,DEMO-2584,54,MEDIUM,Extended repair downtime; Repair cost high relative to purchase,1,20
DEMO-DEV-2585,DEMO-2585,4,LOW,"",0,0
DEMO-DEV-2586,DEMO-2586,1,LOW,"",0,0
DEMO-DEV-2587,DEMO-2587,41,MEDIUM,Repair cost high relative to purchase; Older equipment,1,6
DEMO-DEV-2588,DEMO-2588,3,LOW,"",0,0
DEMO-DEV-2589,DEMO-2589,83,HIGH,Frequent repairs in last 365 days; Extended repair downtime; Older equipment,8,82
DEMO-DEV-2590,DEMO-2590,1,LOW,"",0,0
DEMO-DEV-2594,DEMO-2594,18,LOW,Extended repair downtime,1,7
DEMO-DEV-2595,DEMO-2595,81,HIGH,Frequent repairs in last 365 days; Extended repair downtime; Older equipment,5,46
DEMO-DEV-2598,DEMO-2598,43,MEDIUM,Extended repair downtime; Repair cost high relative to purchase,0,18
DEMO-DEV-2599,DEMO-2599,46,MEDIUM,Extended repair downtime; Repair cost high relative to purchase,1,11
DEMO-DEV-2600,DEMO-2600,98,HIGH,Frequent repairs in last 365 days; Extended repair downtime; Repair cost high relative to purchase; Older equipment,5,39
DEMO-DEV-2601,DEMO-2601,7,LOW,Older equipment,0,0
DEMO-DEV-2602,DEMO-2602,10,LOW,Older equipment,0,0
DEMO-DEV-2603,DEMO-2603,9,LOW,Older equipment,0,0
DEMO-DEV-2604,DEMO-2604,51,MEDIUM,Extended repair downtime; Repair cost high relative to purchase,1,17
DEMO-DEV-2606,DEMO-2606,27,LOW,Repair cost high relative to purchase,1,0
DEMO-DEV-2607,DEMO-2607,1,LOW,"",0,0
DEMO-DEV-2608,DEMO-2608,28,LOW,Extended repair downtime; Older equipment,0,13
DEMO-DEV-2609,DEMO-2609,9,LOW,Older equipment,0,0
DEMO-DEV-2610,DEMO-2610,5,LOW,"",0,0
DEMO-DEV-2611,DEMO-2611,25,LOW,Extended repair downtime,1,10
DEMO-DEV-2613,DEMO-2613,8,LOW,Older equipment,0,0
DEMO-DEV-2614,DEMO-2614,2,LOW,"",0,0
DEMO-DEV-2615,DEMO-2615,20,LOW,Extended repair downtime,0,11
DEMO-DEV-2616,DEMO-2616,4,LOW,"",0,0
DEMO-DEV-2617,DEMO-2617,7,LOW,"",0,0
DEMO-DEV-2618,DEMO-2618,76,HIGH,Frequent repairs in last 365 days; Extended repair downtime,4,46
DEMO-DEV-2621,DEMO-2621,9,LOW,Older equipment,0,0
DEMO-DEV-2622,DEMO-2622,6,LOW,"",0,1
DEMO-DEV-2623,DEMO-2623,23,LOW,Extended repair downtime,1,12
DEMO-DEV-2624,DEMO-2624,17,LOW,Extended repair downtime,0,12
DEMO-DEV-2625,DEMO-2625,16,LOW,Extended repair downtime,0,9
DEMO-DEV-2626,DEMO-2626,39,LOW,Repair cost high relative to purchase,1,3
DEMO-DEV-2627,DEMO-2627,11,LOW,Older equipment,0,0
DEMO-DEV-2628,DEMO-2628,1,LOW,"",0,0
DEMO-DEV-2629,DEMO-2629,29,LOW,Extended repair downtime; Older equipment,0,13
DEMO-DEV-2630,DEMO-2630,11,LOW,"",0,6
DEMO-DEV-2631,DEMO-2631,8,LOW,Older equipment,0,0
DEMO-DEV-2632,DEMO-2632,92,HIGH,Frequent repairs in last 365 days; Extended repair downtime; Repair cost high relative to purchase,7,86
DEMO-DEV-2633,DEMO-2633,76,HIGH,Frequent repairs in last 365 days; Extended repair downtime,8,114
DEMO-DEV-2637,DEMO-2637,28,LOW,Repair cost high relative to purchase,1,0
DEMO-DEV-2638,DEMO-2638,82,HIGH,Frequent repairs in last 365 days; Extended repair downtime,4,50
DEMO-DEV-2639,DEMO-2639,4,LOW,"",0,0
DEMO-DEV-2640,DEMO-2640,1,LOW,"",0,0
DEMO-DEV-2641,DEMO-2641,92,HIGH,Frequent repairs in last 365 days; Extended repair downtime; Repair cost high relative to purchase,7,41
DEMO-DEV-2642,DEMO-2642,1,LOW,"",0,0
DEMO-DEV-2643,DEMO-2643,9,LOW,Older equipment,0,0
DEMO-DEV-2644,DEMO-2644,17,LOW,Extended repair downtime,0,8
DEMO-DEV-2645,DEMO-2645,1,LOW,"",0,0
DEMO-DEV-2646,DEMO-2646,79,HIGH,Frequent repairs in last 365 days; Extended repair downtime,4,44
DEMO-DEV-2647,DEMO-2647,0,LOW,"",0,0
DEMO-DEV-2652,DEMO-2652,8,LOW,"",0,4
DEMO-DEV-2653,DEMO-2653,43,MEDIUM,Frequent repairs in last 365 days; Repair cost high relative to purchase,2,2
DEMO-DEV-2654,DEMO-2654,1,LOW,"",0,0
DEMO-DEV-2655,DEMO-2655,16,LOW,Older equipment,0,6
DEMO-DEV-2656,DEMO-2656,8,LOW,Older equipment,0,0
DEMO-DEV-2657,DEMO-2657,6,LOW,"",0,0
DEMO-DEV-2658,DEMO-2658,85,HIGH,Frequent repairs in last 365 days; Extended repair downtime; Older equipment,7,41
DEMO-DEV-2659,DEMO-2659,2,LOW,"",0,0
DEMO-DEV-2660,DEMO-2660,18,LOW,Extended repair downtime,0,8
DEMO-DEV-2665,DEMO-2665,5,LOW,"",0,0
DEMO-DEV-2666,DEMO-2666,4,LOW,"",0,3
DEMO-DEV-2669,DEMO-2669,29,LOW,Extended repair downtime,1,14
DEMO-DEV-2670,DEMO-2670,97,HIGH,Frequent repairs in last 365 days; Extended repair downtime; Repair cost high relative to purchase; Older equipment,8,83
DEMO-DEV-2671,DEMO-2671,92,HIGH,Frequent repairs in last 365 days; Extended repair downtime; Repair cost high relative to purchase,7,64
DEMO-DEV-2672,DEMO-2672,5,LOW,"",0,0
DEMO-DEV-2673,DEMO-2673,20,LOW,Repair cost high relative to purchase,0,1
DEMO-DEV-2674,DEMO-2674,96,HIGH,Frequent repairs in last 365 days; Extended repair downtime; Repair cost high relative to purchase,8,70
DEMO-DEV-2676,DEMO-2676,0,LOW,"",0,0
DEMO-DEV-2677,DEMO-2677,8,LOW,Older equipment,0,0
DEMO-DEV-2678,DEMO-2678,28,LOW,Extended repair downtime,0,22
DEMO-DEV-2679,DEMO-2679,28,LOW,Extended repair downtime; Older equipment,1,9
DEMO-DEV-2680,DEMO-2680,26,LOW,Repair cost high relative to purchase,0,0
DEMO-DEV-2681,DEMO-2681,20,LOW,Extended repair downtime,0,10
DEMO-DEV-2682,DEMO-2682,0,LOW,"",0,0
DEMO-DEV-2683,DEMO-2683,29,LOW,Extended repair downtime,1,9
DEMO-DEV-2684,DEMO-2684,21,LOW,"",1,6
DEMO-DEV-2685,DEMO-2685,4,LOW,"",0,0
DEMO-DEV-2686,DEMO-2686,9,LOW,Older equipment,0,0
DEMO-DEV-2687,DEMO-2687,16,LOW,"",1,3
DEMO-DEV-2688,DEMO-2688,9,LOW,Older equipment,0,0
DEMO-DEV-2691,DEMO-2691,14,LOW,Extended repair downtime,0,7
DEMO-DEV-2692,DEMO-2692,26,LOW,Extended repair downtime,1,11
DEMO-DEV-2694,DEMO-2694,10,LOW,Older equipment,0,0
DEMO-DEV-2695,DEMO-2695,74,HIGH,Frequent repairs in last 365 days; Extended repair downtime; Older equipment,5,20
DEMO-DEV-2696,DEMO-2696,41,MEDIUM,Frequent repairs in last 365 days; Repair cost high relative to purchase,2,6
DEMO-DEV-2697,DEMO-2697,4,LOW,"",0,0
DEMO-DEV-2698,DEMO-2698,30,LOW,Repair cost high relative to purchase; Older equipment,0,6
DEMO-DEV-2699,DEMO-2699,53,MEDIUM,Extended repair downtime; Repair cost high relative to purchase,1,18
DEMO-DEV-2700,DEMO-2700,13,LOW,Extended repair downtime,0,8
DEMO-DEV-2701,DEMO-2701,20,LOW,Extended repair downtime; Older equipment,0,10
DEMO-DEV-2702,DEMO-2702,26,LOW,"",1,5
DEMO-DEV-2704,DEMO-2704,92,HIGH,Frequent repairs in last 365 days; Extended repair downtime; Repair cost high relative to purchase,5,99
DEMO-DEV-2706,DEMO-2706,5,LOW,"",0,0
DEMO-DEV-2709,DEMO-2709,49,MEDIUM,Frequent repairs in last 365 days; Extended repair downtime,2,18
DEMO-DEV-2710,DEMO-2710,24,LOW,Extended repair downtime,1,10
DEMO-DEV-2711,DEMO-2711,22,LOW,Extended repair downtime; Older equipment,0,14
DEMO-DEV-2712,DEMO-2712,0,LOW,"",0,0
DEMO-DEV-2713,DEMO-2713,7,LOW,"",0,0
DEMO-DEV-2714,DEMO-2714,7,LOW,"",0,0
DEMO-DEV-2715,DEMO-2715,6,LOW,"",0,0
DEMO-DEV-2716,DEMO-2716,3,LOW,"",0,0
DEMO-DEV-2718,DEMO-2718,40,MEDIUM,Frequent repairs in last 365 days; Repair cost high relative to purchase,2,5
DEMO-DEV-2719,DEMO-2719,76,HIGH,Frequent repairs in last 365 days; Extended repair downtime,5,61
DEMO-DEV-2720,DEMO-2720,6,LOW,"",0,0
DEMO-DEV-2721,DEMO-2721,25,LOW,Extended repair downtime,1,10
DEMO-DEV-2722,DEMO-2722,36,LOW,Extended repair downtime; Repair cost high relative to purchase,0,10
DEMO-DEV-2726,DEMO-2726,12,LOW,Extended repair downtime,0,8
DEMO-DEV-2727,DEMO-2727,3,LOW,"",0,0
DEMO-DEV-2728,DEMO-2728,9,LOW,Older equipment,0,0
DEMO-DEV-2729,DEMO-2729,100,HIGH,Frequent repairs in last 365 days; Extended repair downtime; Repair cost high relative to purchase; Older equipment,6,40
DEMO-DEV-2730,DEMO-2730,27,LOW,Extended repair downtime,1,11
DEMO-DEV-2733,DEMO-2733,32,LOW,Extended repair downtime; Older equipment,1,10
DEMO-DEV-2735,DEMO-2735,14,LOW,Repair cost high relative to purchase,0,0
DEMO-DEV-2736,DEMO-2736,18,LOW,"",1,2
DEMO-DEV-2737,DEMO-2737,43,MEDIUM,Repair cost high relative to purchase,1,6
DEMO-DEV-2738,DEMO-2738,16,LOW,"",1,3
DEMO-DEV-2739,DEMO-2739,17,LOW,Extended repair downtime,0,9
DEMO-DEV-2740,DEMO-2740,27,LOW,Older equipment,1,5
DEMO-DEV-2741,DEMO-2741,8,LOW,Older equipment,0,0
DEMO-DEV-2742,DEMO-2742,25,LOW,Repair cost high relative to purchase; Older equipment,0,6
DEMO-DEV-2743,DEMO-2743,9,LOW,Older equipment,0,0
DEMO-DEV-2744,DEMO-2744,1,LOW,"",0,0
DEMO-DEV-2746,DEMO-2746,19,LOW,"",1,0
DEMO-DEV-2751,DEMO-2751,98,HIGH,Frequent repairs in last 365 days; Extended repair downtime; Repair cost high relative to purchase; Older equipment,6,40
DEMO-DEV-2752,DEMO-2752,19,LOW,Extended repair downtime; Older equipment,0,10
DEMO-DEV-2753,DEMO-2753,16,LOW,Extended repair downtime; Older equipment,0,7
DEMO-DEV-2754,DEMO-2754,41,MEDIUM,Extended repair downtime; Repair cost high relative to purchase,1,8
DEMO-DEV-2755,DEMO-2755,5,LOW,"",0,0
DEMO-DEV-2756,DEMO-2756,34,LOW,Extended repair downtime; Repair cost high relative to purchase,0,10
DEMO-DEV-2757,DEMO-2757,23,LOW,Extended repair downtime,0,10
DEMO-DEV-2758,DEMO-2758,18,LOW,Extended repair downtime,0,10
DEMO-DEV-2760,DEMO-2760,2,LOW,"",0,0
DEMO-DEV-2761,DEMO-2761,1,LOW,"",0,0
DEMO-DEV-2762,DEMO-2762,36,LOW,Repair cost high relative to purchase,1,3
DEMO-DEV-2763,DEMO-2763,4,LOW,"",0,0
DEMO-DEV-2764,DEMO-2764,5,LOW,"",0,0
DEMO-DEV-2766,DEMO-2766,23,LOW,Older equipment,1,4
DEMO-DEV-2767,DEMO-2767,0,LOW,"",0,0
DEMO-DEV-2768,DEMO-2768,22,LOW,"",1,6
DEMO-DEV-2769,DEMO-2769,21,LOW,Repair cost high relative to purchase,0,0
DEMO-DEV-2770,DEMO-2770,12,LOW,"",0,6
DEMO-DEV-2771,DEMO-2771,31,LOW,Extended repair downtime; Older equipment,1,12
DEMO-DEV-2772,DEMO-2772,1,LOW,"",0,0
DEMO-DEV-2774,DEMO-2774,9,LOW,Older equipment,0,0
DEMO-DEV-2776,DEMO-2776,5,LOW,"",0,0
DEMO-DEV-2777,DEMO-2777,8,LOW,Older equipment,0,0
DEMO-DEV-2778,DEMO-2778,25,LOW,Repair cost high relative to purchase,0,1
DEMO-DEV-2779,DEMO-2779,9,LOW,Older equipment,0,0
DEMO-DEV-2780,DEMO-2780,10,LOW,Older equipment,0,0
DEMO-DEV-2781,DEMO-2781,26,LOW,Older equipment,1,6
DEMO-DEV-2782,DEMO-2782,74,HIGH,Frequent repairs in last 365 days; Extended repair downtime,5,106
DEMO-DEV-2783,DEMO-2783,1,LOW,"",0,0
DEMO-DEV-2784,DEMO-2784,9,LOW,Older equipment,0,0
DEMO-DEV-2785,DEMO-2785,18,LOW,Extended repair downtime; Older equipment,0,9
DEMO-DEV-2786,DEMO-2786,13,LOW,Extended repair downtime,0,10
DEMO-DEV-2787,DEMO-2787,8,LOW,Older equipment,0,0
DEMO-DEV-2792,DEMO-2792,1,LOW,"",0,0
DEMO-DEV-2793,DEMO-2793,89,HIGH,Frequent repairs in last 365 days; Extended repair downtime; Repair cost high relative to purchase,4,54
DEMO-DEV-2794,DEMO-2794,5,LOW,"",0,0
DEMO-DEV-2795,DEMO-2795,8,LOW,Older equipment,0,0
DEMO-DEV-2796,DEMO-2796,75,HIGH,Frequent repairs in last 365 days; Extended repair downtime,5,41
DEMO-DEV-2797,DEMO-2797,21,LOW,Older equipment,0,5
DEMO-DEV-2798,DEMO-2798,23,LOW,Older equipment,1,0
DEMO-DEV-2799,DEMO-2799,17,LOW,Extended repair downtime,0,8
DEMO-DEV-2800,DEMO-2800,24,LOW,Repair cost high relative to purchase,0,4
DEMO-DEV-2804,DEMO-2804,10,LOW,Older equipment,0,0
DEMO-DEV-2805,DEMO-2805,23,LOW,Older equipment,1,3
DEMO-DEV-2807,DEMO-2807,21,LOW,Extended repair downtime; Older equipment,0,11
DEMO-DEV-2808,DEMO-2808,11,LOW,Extended repair downtime,0,7
DEMO-DEV-2809,DEMO-2809,31,LOW,Extended repair downtime; Older equipment,1,10
DEMO-DEV-2811,DEMO-2811,6,LOW,"",0,0
DEMO-DEV-2812,DEMO-2812,8,LOW,Older equipment,0,0
DEMO-DEV-2813,DEMO-2813,9,LOW,Older equipment,0,0
DEMO-DEV-2814,DEMO-2814,8,LOW,Older equipment,0,0
DEMO-DEV-2816,DEMO-2816,18,LOW,Extended repair downtime,0,12
DEMO-DEV-2817,DEMO-2817,4,LOW,"",0,0
DEMO-DEV-2818,DEMO-2818,6,LOW,"",0,0
DEMO-DEV-2819,DEMO-2819,9,LOW,Older equipment,0,0
DEMO-DEV-2820,DEMO-2820,11,LOW,Extended repair downtime,0,9
DEMO-DEV-2822,DEMO-2822,13,LOW,Extended repair downtime,0,11
DEMO-DEV-2823,DEMO-2823,4,LOW,"",0,0
DEMO-DEV-2824,DEMO-2824,20,LOW,"",1,5
DEMO-DEV-2825,DEMO-2825,33,LOW,Repair cost high relative to purchase,1,1
DEMO-DEV-2826,DEMO-2826,24,LOW,Extended repair downtime,1,8
DEMO-DEV-2827,DEMO-2827,96,HIGH,Frequent repairs in last 365 days; Extended repair downtime; Repair cost high relative to purchase,6,94
DEMO-DEV-2828,DEMO-2828,68,MEDIUM,Frequent repairs in last 365 days; Extended repair downtime; Repair cost high relative to purchase,5,7
DEMO-DEV-2829,DEMO-2829,6,LOW,"",0,2
DEMO-DEV-2830,DEMO-2830,2,LOW,"",0,0
DEMO-DEV-2831,DEMO-2831,2,LOW,"",0,0
DEMO-DEV-2832,DEMO-2832,31,LOW,Extended repair downtime,1,10
DEMO-DEV-2833,DEMO-2833,7,LOW,Older equipment,0,0
DEMO-DEV-2834,DEMO-2834,25,LOW,Extended repair downtime,1,10
DEMO-DEV-2835,DEMO-2835,91,HIGH,Frequent repairs in last 365 days; Extended repair downtime; Repair cost high relative to purchase,7,71
DEMO-DEV-2836,DEMO-2836,14,LOW,Extended repair downtime,0,8
DEMO-DEV-2837,DEMO-2837,5,LOW,"",0,0
DEMO-DEV-2838,DEMO-2838,23,LOW,Older equipment,1,3
DEMO-DEV-2839,DEMO-2839,5,LOW,"",0,0
DEMO-DEV-2841,DEMO-2841,17,LOW,"",1,1
DEMO-DEV-2842,DEMO-2842,6,LOW,"",0,0
DEMO-DEV-2843,DEMO-2843,22,LOW,"",1,5
DEMO-DEV-2846,DEMO-2846,34,LOW,Extended repair downtime,1,15
DEMO-DEV-2847,DEMO-2847,22,LOW,Extended repair downtime,0,9
DEMO-DEV-2848,DEMO-2848,30,LOW,Extended repair downtime,1,16
DEMO-DEV-2849,DEMO-2849,11,LOW,"",0,6
DEMO-DEV-2850,DEMO-2850,84,HIGH,Frequent repairs in last 365 days; Extended repair downtime,4,47
DEMO-DEV-2851,DEMO-2851,20,LOW,"",1,0
DEMO-DEV-2852,DEMO-2852,2,LOW,"",0,0
DEMO-DEV-2853,DEMO-2853,1,LOW,"",0,0
DEMO-DEV-2854,DEMO-2854,5,LOW,"",0,0
DEMO-DEV-2855,DEMO-2855,4,LOW,"",0,0
DEMO-DEV-2858,DEMO-2858,5,LOW,"",0,0
DEMO-DEV-2859,DEMO-2859,7,LOW,Older equipment,0,0
DEMO-DEV-2860,DEMO-2860,9,LOW,Older equipment,0,0
DEMO-DEV-2861,DEMO-2861,5,LOW,"",0,0
DEMO-DEV-2862,DEMO-2862,5,LOW,"",0,0
DEMO-DEV-2863,DEMO-2863,4,LOW,"",0,2
DEMO-DEV-2864,DEMO-2864,92,HIGH,Frequent repairs in last 365 days; Extended repair downtime; Repair cost high relative to purchase,4,39
DEMO-DEV-2865,DEMO-2865,25,LOW,Extended repair downtime,1,7
DEMO-DEV-2866,DEMO-2866,3,LOW,"",0,0
DEMO-DEV-2867,DEMO-2867,6,LOW,"",0,0
DEMO-DEV-2868,DEMO-2868,9,LOW,Older equipment,0,0
DEMO-DEV-2869,DEMO-2869,15,LOW,Older equipment,0,5
DEMO-DEV-2872,DEMO-2872,39,LOW,Extended repair downtime; Repair cost high relative to purchase,0,13
DEMO-DEV-2873,DEMO-2873,1,LOW,"",0,0
DEMO-DEV-2874,DEMO-2874,11,LOW,Older equipment,0,1
DEMO-DEV-2875,DEMO-2875,4,LOW,"",0,0
DEMO-DEV-2876,DEMO-2876,24,LOW,Extended repair downtime,1,8
DEMO-DEV-2877,DEMO-2877,6,LOW,"",0,0
DEMO-DEV-2878,DEMO-2878,25,LOW,Extended repair downtime,1,11
DEMO-DEV-2879,DEMO-2879,18,LOW,"",1,3
DEMO-DEV-2880,DEMO-2880,31,LOW,Extended repair downtime; Repair cost high relative to purchase,0,11
DEMO-DEV-2881,DEMO-2881,23,LOW,Extended repair downtime,0,10
DEMO-DEV-2882,DEMO-2882,16,LOW,Older equipment,0,0
DEMO-DEV-2883,DEMO-2883,78,HIGH,Frequent repairs in last 365 days; Extended repair downtime,7,47
DEMO-DEV-2887,DEMO-2887,7,LOW,"",0,2
DEMO-DEV-2889,DEMO-2889,15,LOW,"",0,5
DEMO-DEV-2890,DEMO-2890,27,LOW,Repair cost high relative to purchase; Older equipment,0,0
DEMO-DEV-2891,DEMO-2891,23,LOW,Extended repair downtime,1,11
DEMO-DEV-2892,DEMO-2892,16,LOW,Extended repair downtime,0,10
DEMO-DEV-2893,DEMO-2893,6,LOW,"",0,0
DEMO-DEV-2894,DEMO-2894,43,MEDIUM,Frequent repairs in last 365 days; Extended repair downtime; Older equipment,2,9
DEMO-DEV-2895,DEMO-2895,15,LOW,Extended repair downtime,0,12
DEMO-DEV-2896,DEMO-2896,28,LOW,Extended repair downtime; Older equipment,1,9
DEMO-DEV-2898,DEMO-2898,15,LOW,"",1,1
DEMO-DEV-2899,DEMO-2899,9,LOW,Older equipment,0,0
DEMO-DEV-2900,DEMO-2900,10,LOW,Older equipment,0,0
DEMO-DEV-2901,DEMO-2901,13,LOW,"",0,6
DEMO-DEV-2902,DEMO-2902,11,LOW,"",0,0
DEMO-DEV-2903,DEMO-2903,88,HIGH,Frequent repairs in last 365 days; Extended repair downtime; Older equipment,4,84
DEMO-DEV-2904,DEMO-2904,6,LOW,"",0,0
DEMO-DEV-2905,DEMO-2905,3,LOW,"",0,0
DEMO-DEV-2906,DEMO-2906,81,HIGH,Frequent repairs in last 365 days; Extended repair downtime; Older equipment,4,45
DEMO-DEV-2907,DEMO-2907,9,LOW,Older equipment,0,0
DEMO-DEV-2908,DEMO-2908,10,LOW,"",0,3
DEMO-DEV-2909,DEMO-2909,35,LOW,Repair cost high relative to purchase,1,4
DEMO-DEV-2910,DEMO-2910,4,LOW,"",0,0
DEMO-DEV-2912,DEMO-2912,72,HIGH,Frequent repairs in last 365 days; Extended repair downtime; Repair cost high relative to purchase; Older equipment,2,23
DEMO-DEV-2913,DEMO-2913,7,LOW,"",0,0
DEMO-DEV-2914,DEMO-2914,29,LOW,Extended repair downtime; Older equipment,1,7
DEMO-DEV-2915,DEMO-2915,19,LOW,Older equipment,1,0
DEMO-DEV-2916,DEMO-2916,44,MEDIUM,Extended repair downtime; Repair cost high relative to purchase; Older equipment,0,17
DEMO-DEV-2917,DEMO-2917,21,LOW,"",1,5
DEMO-DEV-2918,DEMO-2918,8,LOW,Older equipment,0,0
DEMO-DEV-2919,DEMO-2919,42,MEDIUM,Repair cost high relative to purchase; Older equipment,1,4
DEMO-DEV-2920,DEMO-2920,21,LOW,Extended repair downtime,0,7
DEMO-DEV-2921,DEMO-2921,22,LOW,Extended repair downtime; Repair cost high relative to purchase,0,7
DEMO-DEV-2922,DEMO-2922,11,LOW,Older equipment,0,3
DEMO-DEV-2923,DEMO-2923,22,LOW,Extended repair downtime; Older equipment,0,11
DEMO-DEV-2924,DEMO-2924,1,LOW,"",0,0
DEMO-DEV-2926,DEMO-2926,85,HIGH,Frequent repairs in last 365 days; Extended repair downtime; Repair cost high relative to purchase,5,34
DEMO-DEV-2929,DEMO-2929,9,LOW,Older equipment,0,0
DEMO-DEV-2931,DEMO-2931,28,LOW,Older equipment,1,6
DEMO-DEV-2933,DEMO-2933,39,LOW,Extended repair downtime,1,22
DEMO-DEV-2934,DEMO-2934,6,LOW,"",0,0
DEMO-DEV-2935,DEMO-2935,26,LOW,Extended repair downtime,1,9
DEMO-DEV-2936,DEMO-2936,7,LOW,"",0,0
DEMO-DEV-2937,DEMO-2937,78,HIGH,Frequent repairs in last 365 days; Extended repair downtime,4,56
DEMO-DEV-2938,DEMO-2938,91,HIGH,Frequent repairs in last 365 days; Extended repair downtime; Repair cost high relative to purchase; Older equipment,6,57
DEMO-DEV-2939,DEMO-2939,3,LOW,"",0,0
DEMO-DEV-2940,DEMO-2940,29,LOW,Extended repair downtime; Repair cost high relative to purchase,0,8
DEMO-DEV-2941,DEMO-2941,41,MEDIUM,Extended repair downtime,1,22
DEMO-DEV-2942,DEMO-2942,9,LOW,Older equipment,0,0
DEMO-DEV-2943,DEMO-2943,7,LOW,Older equipment,0,0
DEMO-DEV-2944,DEMO-2944,5,LOW,"",0,0
DEMO-DEV-2945,DEMO-2945,20,LOW,"",1,5
DEMO-DEV-2947,DEMO-2947,4,LOW,"",0,0
DEMO-DEV-2948,DEMO-2948,12,LOW,Extended repair downtime,0,7
DEMO-DEV-2949,DEMO-2949,19,LOW,Extended repair downtime,0,12
DEMO-DEV-2950,DEMO-2950,5,LOW,"",0,0
DEMO-DEV-2951,DEMO-2951,92,HIGH,Frequent repairs in last 365 days; Extended repair downtime; Repair cost high relative to purchase,6,62
DEMO-DEV-2952,DEMO-2952,36,LOW,Extended repair downtime; Repair cost high relative to purchase; Older equipment,0,15
DEMO-DEV-2953,DEMO-2953,94,HIGH,Frequent repairs in last 365 days; Extended repair downtime; Repair cost high relative to purchase,4,64
DEMO-DEV-2954,DEMO-2954,34,LOW,Extended repair downtime; Older equipment,1,15
DEMO-DEV-2955,DEMO-2955,18,LOW,Extended repair downtime,0,9
DEMO-DEV-2956,DEMO-2956,7,LOW,"",0,0
DEMO-DEV-2957,DEMO-2957,96,HIGH,Frequent repairs in last 365 days; Extended repair downtime; Repair cost high relative to purchase; Older equipment,4,28
DEMO-DEV-2958,DEMO-2958,19,LOW,"",1,2
DEMO-DEV-2959,DEMO-2959,16,LOW,Extended repair downtime,0,9
DEMO-DEV-2960,DEMO-2960,1,LOW,"",0,0
DEMO-DEV-2961,DEMO-2961,21,LOW,Extended repair downtime; Older equipment,0,8
DEMO-DEV-2962,DEMO-2962,4,LOW,"",0,0
DEMO-DEV-2963,DEMO-2963,3,LOW,"",0,0
DEMO-DEV-2964,DEMO-2964,32,LOW,Frequent repairs in last 365 days,2,6
DEMO-DEV-2965,DEMO-2965,6,LOW,"",0,0
DEMO-DEV-2966,DEMO-2966,9,LOW,Older equipment,0,0
DEMO-DEV-2968,DEMO-2968,38,LOW,Extended repair downtime; Repair cost high relative to purchase,0,12
DEMO-DEV-2971,DEMO-2971,9,LOW,Older equipment,0,0
DEMO-DEV-2972,DEMO-2972,7,LOW,Older equipment,0,0
DEMO-DEV-2973,DEMO-2973,5,LOW,"",0,0
DEMO-DEV-2974,DEMO-2974,8,LOW,Older equipment,0,0
DEMO-DEV-2975,DEMO-2975,32,LOW,Frequent repairs in last 365 days; Extended repair downtime,2,7
DEMO-DEV-2976,DEMO-2976,11,LOW,Older equipment,0,3
DEMO-DEV-2977,DEMO-2977,10,LOW,Older equipment,0,0
DEMO-DEV-2978,DEMO-2978,1,LOW,"",0,0
DEMO-DEV-2979,DEMO-2979,5,LOW,"",0,0
DEMO-DEV-2980,DEMO-2980,21,LOW,Extended repair downtime,0,12
DEMO-DEV-2981,DEMO-2981,15,LOW,Extended repair downtime,0,9
DEMO-DEV-2984,DEMO-2984,4,LOW,"",0,0
DEMO-DEV-2985,DEMO-2985,18,LOW,"",1,0
DEMO-DEV-2986,DEMO-2986,8,LOW,Older equipment,0,0
DEMO-DEV-2987,DEMO-2987,9,LOW,Older equipment,0,0
DEMO-DEV-2988,DEMO-2988,18,LOW,Extended repair downtime,0,11
DEMO-DEV-2989,DEMO-2989,20,LOW,"",1,5
DEMO-DEV-2991,DEMO-2991,3,LOW,"",0,0
DEMO-DEV-2992,DEMO-2992,7,LOW,"",0,5
DEMO-DEV-2993,DEMO-2993,15,LOW,Extended repair downtime; Older equipment,0,7
DEMO-DEV-2994,DEMO-2994,5,LOW,"",0,0
DEMO-DEV-2995,DEMO-2995,28,LOW,Older equipment,1,3
DEMO-DEV-2996,DEMO-2996,4,LOW,"",0,0
DEMO-DEV-2997,DEMO-2997,34,LOW,Extended repair downtime,1,21
DEMO-DEV-2998,DEMO-2998,10,LOW,Older equipment,0,0
DEMO-DEV-2999,DEMO-2999,0,LOW,"",0,0
DEMO-DEV-3000,DEMO-3000,3,LOW,"",0,0
DEMO-DEV-3001,DEMO-3001,25,LOW,Repair cost high relative to purchase; Older equipment,0,3
DEMO-DEV-3002,DEMO-3002,6,LOW,"",0,2
DEMO-DEV-3003,DEMO-3003,18,LOW,Extended repair downtime,0,9
DEMO-DEV-3004,DEMO-3004,5,LOW,"",0,0
DEMO-DEV-3005,DEMO-3005,11,LOW,"",0,5
DEMO-DEV-3006,DEMO-3006,6,LOW,"",0,0
DEMO-DEV-3007,DEMO-3007,9,LOW,Older equipment,0,0
DEMO-DEV-3010,DEMO-3010,14,LOW,Extended repair downtime,0,12
DEMO-DEV-3011,DEMO-3011,6,LOW,"",0,0
DEMO-DEV-3012,DEMO-3012,79,HIGH,Frequent repairs in last 365 days; Extended repair downtime; Older equipment,6,38
DEMO-DEV-3013,DEMO-3013,4,LOW,"",0,0
DEMO-DEV-3014,DEMO-3014,9,LOW,Older equipment,0,0
DEMO-DEV-3015,DEMO-3015,22,LOW,Extended repair downtime; Older equipment,0,12
DEMO-DEV-3016,DEMO-3016,3,LOW,"",0,0
DEMO-DEV-3017,DEMO-3017,19,LOW,Extended repair downtime,0,12
DEMO-DEV-3018,DEMO-3018,9,LOW,"",0,1
DEMO-DEV-3019,DEMO-3019,8,LOW,Older equipment,0,0
DEMO-DEV-3023,DEMO-3023,54,MEDIUM,Frequent repairs in last 365 days; Extended repair downtime; Repair cost high relative to purchase; Older equipment,2,14
DEMO-DEV-3026,DEMO-3026,18,LOW,Extended repair downtime,0,7
DEMO-DEV-3027,DEMO-3027,20,LOW,Repair cost high relative to purchase; Older equipment,0,0
DEMO-DEV-3028,DEMO-3028,24,LOW,Extended repair downtime; Repair cost high relative to purchase,0,9
DEMO-DEV-3029,DEMO-3029,0,LOW,"",0,0
DEMO-DEV-3030,DEMO-3030,33,LOW,Extended repair downtime; Older equipment,0,17
DEMO-DEV-3031,DEMO-3031,31,LOW,Repair cost high relative to purchase; Older equipment,0,2
DEMO-DEV-3032,DEMO-3032,19,LOW,Extended repair downtime,0,12
DEMO-DEV-3033,DEMO-3033,3,LOW,"",0,0
DEMO-DEV-3034,DEMO-3034,7,LOW,Older equipment,0,0
DEMO-DEV-3036,DEMO-3036,5,LOW,"",0,0
DEMO-DEV-3037,DEMO-3037,4,LOW,"",0,0
DEMO-DEV-3040,DEMO-3040,23,LOW,Extended repair downtime; Older equipment,0,12
DEMO-DEV-3041,DEMO-3041,11,LOW,"",0,1
DEMO-DEV-3042,DEMO-3042,45,MEDIUM,Extended repair downtime; Repair cost high relative to purchase,1,8
DEMO-DEV-3043,DEMO-3043,23,LOW,"",1,3
DEMO-DEV-3044,DEMO-3044,21,LOW,"",1,5
DEMO-DEV-3045,DEMO-3045,2,LOW,"",0,0
DEMO-DEV-3046,DEMO-3046,4,LOW,"",0,0
DEMO-DEV-3047,DEMO-3047,45,MEDIUM,Repair cost high relative to purchase; Older equipment,1,6
DEMO-DEV-3048,DEMO-3048,25,LOW,Extended repair downtime,1,12
DEMO-DEV-3049,DEMO-3049,6,LOW,"",0,0
DEMO-DEV-3050,DEMO-3050,5,LOW,"",0,0
DEMO-DEV-3051,DEMO-3051,6,LOW,"",0,0
DEMO-DEV-3052,DEMO-3052,8,LOW,Older equipment,0,0
DEMO-DEV-3053,DEMO-3053,4,LOW,"",0,0
DEMO-DEV-3054,DEMO-3054,36,LOW,Extended repair downtime; Repair cost high relative to purchase; Older equipment,0,7
DEMO-DEV-3055,DEMO-3055,5,LOW,"",0,0
DEMO-DEV-3056,DEMO-3056,90,HIGH,Frequent repairs in last 365 days; Extended repair downtime; Repair cost high relative to purchase,8,77
DEMO-DEV-3057,DEMO-3057,5,LOW,"",0,0
DEMO-DEV-3058,DEMO-3058,18,LOW,"",1,5
DEMO-DEV-3059,DEMO-3059,99,HIGH,Frequent repairs in last 365 days; Extended repair downtime; Repair cost high relative to purchase; Older equipment,8,76
DEMO-DEV-3060,DEMO-3060,22,LOW,"",1,6
DEMO-DEV-3061,DEMO-3061,49,MEDIUM,Frequent repairs in last 365 days; Repair cost high relative to purchase,2,5
DEMO-DEV-3062,DEMO-3062,9,LOW,Older equipment,0,0
DEMO-DEV-3066,DEMO-3066,1,LOW,"",0,0
DEMO-DEV-3067,DEMO-3067,41,MEDIUM,Extended repair downtime; Repair cost high relative to purchase,1,9
DEMO-DEV-3068,DEMO-3068,27,LOW,"",1,6
DEMO-DEV-3069,DEMO-3069,9,LOW,"",0,2
DEMO-DEV-3070,DEMO-3070,3,LOW,"",0,0
DEMO-DEV-3072,DEMO-3072,2,LOW,"",0,0
DEMO-DEV-3073,DEMO-3073,91,HIGH,Frequent repairs in last 365 days; Extended repair downtime; Repair cost high relative to purchase,8,70
DEMO-DEV-3074,DEMO-3074,27,LOW,Repair cost high relative to purchase,0,3
DEMO-DEV-3075,DEMO-3075,8,LOW,Older equipment,0,0
DEMO-DEV-3076,DEMO-3076,9,LOW,Older equipment,0,0
DEMO-DEV-3079,DEMO-3079,21,LOW,Extended repair downtime,1,10
DEMO-DEV-3080,DEMO-3080,2,LOW,"",0,0
DEMO-DEV-3081,DEMO-3081,20,LOW,Extended repair downtime; Older equipment,0,12
DEMO-DEV-3082,DEMO-3082,8,LOW,Older equipment,0,0
DEMO-DEV-3083,DEMO-3083,35,LOW,Repair cost high relative to purchase,1,5
DEMO-DEV-3084,DEMO-3084,4,LOW,"",0,0
DEMO-DEV-3085,DEMO-3085,3,LOW,"",0,0
DEMO-DEV-3086,DEMO-3086,9,LOW,Older equipment,0,0
DEMO-DEV-3087,DEMO-3087,22,LOW,Extended repair downtime,0,9
DEMO-DEV-3088,DEMO-3088,21,LOW,Extended repair downtime,0,11
DEMO-DEV-3089,DEMO-3089,23,LOW,Extended repair downtime,1,7
DEMO-DEV-3090,DEMO-3090,8,LOW,Older equipment,0,0
DEMO-DEV-3093,DEMO-3093,5,LOW,"",0,0
DEMO-DEV-3094,DEMO-3094,13,LOW,"",0,1
DEMO-DEV-3095,DEMO-3095,4,LOW,"",0,0
DEMO-DEV-3096,DEMO-3096,28,LOW,Extended repair downtime; Repair cost high relative to purchase,0,9
DEMO-DEV-3097,DEMO-3097,27,LOW,Older equipment,1,6
DEMO-DEV-3098,DEMO-3098,18,LOW,Older equipment,0,6
DEMO-DEV-3099,DEMO-3099,8,LOW,Older equipment,0,0
DEMO-DEV-3100,DEMO-3100,4,LOW,"",0,0
DEMO-DEV-3101,DEMO-3101,18,LOW,Extended repair downtime,0,11
DEMO-DEV-3102,DEMO-3102,6,LOW,"",0,0
DEMO-DEV-3103,DEMO-3103,31,LOW,Repair cost high relative to purchase,1,0
DEMO-DEV-3105,DEMO-3105,9,LOW,"",0,5
DEMO-DEV-3108,DEMO-3108,39,LOW,Extended repair downtime; Repair cost high relative to purchase,1,8
DEMO-DEV-3109,DEMO-3109,3,LOW,"",0,0
DEMO-DEV-3110,DEMO-3110,1,LOW,"",0,0
DEMO-DEV-3113,DEMO-3113,18,LOW,Extended repair downtime; Older equipment,0,7
DEMO-DEV-3114,DEMO-3114,7,LOW,Older equipment,0,0
DEMO-DEV-3115,DEMO-3115,6,LOW,"",0,0
DEMO-DEV-3116,DEMO-3116,34,LOW,Extended repair downtime; Older equipment,1,15
DEMO-DEV-3117,DEMO-3117,30,LOW,Repair cost high relative to purchase,0,4
DEMO-DEV-3119,DEMO-3119,4,LOW,"",0,0
DEMO-DEV-3120,DEMO-3120,5,LOW,"",0,0
DEMO-DEV-3122,DEMO-3122,32,LOW,Extended repair downtime; Older equipment,1,12
DEMO-DEV-3124,DEMO-3124,20,LOW,Extended repair downtime; Older equipment,0,10
DEMO-DEV-3126,DEMO-3126,34,LOW,Extended repair downtime,1,12
DEMO-DEV-3127,DEMO-3127,8,LOW,Older equipment,0,0
DEMO-DEV-3128,DEMO-3128,9,LOW,Older equipment,0,0
DEMO-DEV-3130,DEMO-3130,1,LOW,"",0,0
DEMO-DEV-3131,DEMO-3131,97,HIGH,Frequent repairs in last 365 days; Extended repair downtime; Repair cost high relative to purchase,8,62
DEMO-DEV-3134,DEMO-3134,10,LOW,Older equipment,0,0
DEMO-DEV-3135,DEMO-3135,4,LOW,"",0,0
DEMO-DEV-3136,DEMO-3136,18,LOW,Extended repair downtime,0,12
DEMO-DEV-3137,DEMO-3137,3,LOW,"",0,0
DEMO-DEV-3138,DEMO-3138,8,LOW,Older equipment,0,0
DEMO-DEV-3139,DEMO-3139,6,LOW,"",0,0
DEMO-DEV-3140,DEMO-3140,6,LOW,"",0,0
DEMO-DEV-3141,DEMO-3141,20,LOW,Older equipment,0,4
DEMO-DEV-3142,DEMO-3142,81,HIGH,Frequent repairs in last 365 days; Extended repair downtime; Older equipment,7,54
DEMO-DEV-3143,DEMO-3143,4,LOW,"",0,0
DEMO-DEV-3144,DEMO-3144,42,MEDIUM,Frequent repairs in last 365 days; Repair cost high relative to purchase,2,1
DEMO-DEV-3145,DEMO-3145,8,LOW,Older equipment,0,0
DEMO-DEV-3147,DEMO-3147,21,LOW,"",1,6
DEMO-DEV-3149,DEMO-3149,9,LOW,Older equipment,0,0
DEMO-DEV-3150,DEMO-3150,7,LOW,"",0,0
DEMO-DEV-3153,DEMO-3153,13,LOW,Older equipment,0,3
DEMO-DEV-3154,DEMO-3154,6,LOW,"",0,0
DEMO-DEV-3155,DEMO-3155,13,LOW,Older equipment,0,4
DEMO-DEV-3156,DEMO-3156,7,LOW,"",0,0
DEMO-DEV-3157,DEMO-3157,9,LOW,Older equipment,0,0
DEMO-DEV-3158,DEMO-3158,16,LOW,Older equipment,0,6
DEMO-DEV-3161,DEMO-3161,97,HIGH,Frequent repairs in last 365 days; Extended repair downtime; Repair cost high relative to purchase,8,99
DEMO-DEV-3162,DEMO-3162,21,LOW,Older equipment,1,3
DEMO-DEV-3163,DEMO-3163,18,LOW,Extended repair downtime,1,7
DEMO-DEV-3164,DEMO-3164,10,LOW,Older equipment,0,0
DEMO-DEV-3165,DEMO-3165,50,MEDIUM,Extended repair downtime; Repair cost high relative to purchase,1,17
DEMO-DEV-3166,DEMO-3166,9,LOW,Older equipment,0,0
DEMO-DEV-3167,DEMO-3167,29,LOW,Repair cost high relative to purchase; Older equipment,0,1
DEMO-DEV-3168,DEMO-3168,10,LOW,"",0,3
DEMO-DEV-3169,DEMO-3169,6,LOW,"",0,0
DEMO-DEV-3170,DEMO-3170,8,LOW,Older equipment,0,0
DEMO-DEV-3171,DEMO-3171,21,LOW,Older equipment,0,3
DEMO-DEV-3172,DEMO-3172,1,LOW,"",0,0
DEMO-DEV-3175,DEMO-3175,18,LOW,Extended repair downtime; Older equipment,0,8
DEMO-DEV-3179,DEMO-3179,5,LOW,"",0,0
DEMO-DEV-3180,DEMO-3180,31,LOW,Extended repair downtime; Repair cost high relative to purchase,0,11
DEMO-DEV-3181,DEMO-3181,16,LOW,Extended repair downtime,0,12
DEMO-DEV-3182,DEMO-3182,9,LOW,Older equipment,0,0
DEMO-DEV-3183,DEMO-3183,74,HIGH,Frequent repairs in last 365 days; Extended repair downtime,5,55
DEMO-DEV-3184,DEMO-3184,10,LOW,"",0,6
DEMO-DEV-3185,DEMO-3185,3,LOW,"",0,0
DEMO-DEV-3186,DEMO-3186,19,LOW,Extended repair downtime; Older equipment,0,8
DEMO-DEV-3188,DEMO-3188,9,LOW,Older equipment,0,0
DEMO-DEV-3190,DEMO-3190,79,HIGH,Frequent repairs in last 365 days; Extended repair downtime,5,71
DEMO-DEV-3192,DEMO-3192,2,LOW,"",0,0
DEMO-DEV-3194,DEMO-3194,18,LOW,"",1,0
DEMO-DEV-3195,DEMO-3195,0,LOW,"",0,0
DEMO-DEV-3196,DEMO-3196,15,LOW,Repair cost high relative to purchase,0,2
DEMO-DEV-3197,DEMO-3197,9,LOW,Older equipment,0,0
DEMO-DEV-3198,DEMO-3198,6,LOW,"",0,0
DEMO-DEV-3199,DEMO-3199,41,MEDIUM,Extended repair downtime,1,24
DEMO-DEV-3200,DEMO-3200,99,HIGH,Frequent repairs in last 365 days; Extended repair downtime; Repair cost high relative to purchase; Older equipment,8,120
DEMO-DEV-3201,DEMO-3201,8,LOW,Older equipment,0,0
DEMO-DEV-3206,DEMO-3206,90,HIGH,Frequent repairs in last 365 days; Extended repair downtime; Repair cost high relative to purchase,6,85
DEMO-DEV-3207,DEMO-3207,7,LOW,Older equipment,0,0
DEMO-DEV-3208,DEMO-3208,74,HIGH,Frequent repairs in last 365 days; Extended repair downtime,4,32
DEMO-DEV-3209,DEMO-3209,4,LOW,"",0,0
DEMO-DEV-3211,DEMO-3211,91,HIGH,Frequent repairs in last 365 days; Extended repair downtime; Repair cost high relative to purchase,8,76
DEMO-DEV-3213,DEMO-3213,26,LOW,Frequent repairs in last 365 days,2,2
DEMO-DEV-3214,DEMO-3214,47,MEDIUM,Extended repair downtime; Repair cost high relative to purchase,1,11
DEMO-DEV-3217,DEMO-3217,79,HIGH,Frequent repairs in last 365 days; Extended repair downtime,6,92
DEMO-DEV-3218,DEMO-3218,5,LOW,"",0,0
DEMO-DEV-3219,DEMO-3219,8,LOW,Older equipment,0,0
DEMO-DEV-3221,DEMO-3221,4,LOW,"",0,0
DEMO-DEV-3222,DEMO-3222,12,LOW,"",0,3
DEMO-DEV-3223,DEMO-3223,7,LOW,"",0,0
DEMO-DEV-3224,DEMO-3224,35,LOW,Repair cost high relative to purchase; Older equipment,1,6
DEMO-DEV-3225,DEMO-3225,3,LOW,"",0,0
DEMO-DEV-3226,DEMO-3226,90,HIGH,Frequent repairs in last 365 days; Extended repair downtime; Repair cost high relative to purchase; Older equipment,4,41
DEMO-DEV-3227,DEMO-3227,26,LOW,Repair cost high relative to purchase,0,4
DEMO-DEV-3228,DEMO-3228,5,LOW,"",0,0
DEMO-DEV-3230,DEMO-3230,1,LOW,"",0,0
DEMO-DEV-3231,DEMO-3231,29,LOW,Extended repair downtime,1,10
DEMO-DEV-3232,DEMO-3232,57,MEDIUM,Frequent repairs in last 365 days; Extended repair downtime; Repair cost high relative to purchase,2,16
DEMO-DEV-3233,DEMO-3233,6,LOW,"",0,0
DEMO-DEV-3234,DEMO-3234,19,LOW,"",1,4
DEMO-DEV-3235,DEMO-3235,29,LOW,Extended repair downtime,1,9
DEMO-DEV-3236,DEMO-3236,5,LOW,"",0,0
DEMO-DEV-3237,DEMO-3237,2,LOW,"",0,0
DEMO-DEV-3238,DEMO-3238,9,LOW,Older equipment,0,0
DEMO-DEV-3239,DEMO-3239,17,LOW,Older equipment,0,2
DEMO-DEV-3240,DEMO-3240,3,LOW,"",0,0
DEMO-DEV-3241,DEMO-3241,15,LOW,"",1,5
DEMO-DEV-3242,DEMO-3242,93,HIGH,Frequent repairs in last 365 days; Extended repair downtime; Repair cost high relative to purchase,6,36
DEMO-DEV-3243,DEMO-3243,29,LOW,Extended repair downtime; Older equipment,1,10
DEMO-DEV-3245,DEMO-3245,39,LOW,Repair cost high relative to purchase,1,4
DEMO-DEV-3247,DEMO-3247,15,LOW,Older equipment,0,6
DEMO-DEV-3248,DEMO-3248,9,LOW,Older equipment,0,0
DEMO-DEV-3249,DEMO-3249,9,LOW,"",0,0
DEMO-DEV-3250,DEMO-3250,19,LOW,"",1,2
DEMO-DEV-3251,DEMO-3251,5,LOW,"",0,0
DEMO-DEV-3252,DEMO-3252,24,LOW,Extended repair downtime,0,14
DEMO-DEV-3253,DEMO-3253,0,LOW,"",0,0
DEMO-DEV-3254,DEMO-3254,16,LOW,"",1,0
DEMO-DEV-3255,DEMO-3255,25,LOW,Older equipment,1,4
DEMO-DEV-3256,DEMO-3256,42,MEDIUM,Extended repair downtime; Older equipment,1,17
DEMO-DEV-3258,DEMO-3258,5,LOW,"",0,0
DEMO-DEV-3259,DEMO-3259,11,LOW,"",0,6
DEMO-DEV-3260,DEMO-3260,25,LOW,Extended repair downtime,0,20
DEMO-DEV-3261,DEMO-3261,2,LOW,"",0,0
DEMO-DEV-3262,DEMO-3262,17,LOW,"",1,2
DEMO-DEV-3263,DEMO-3263,22,LOW,Extended repair downtime; Older equipment,0,9
DEMO-DEV-3264,DEMO-3264,6,LOW,"",0,4
DEMO-DEV-3265,DEMO-3265,10,LOW,"",0,6
DEMO-DEV-3266,DEMO-3266,12,LOW,Older equipment,0,5
DEMO-DEV-3267,DEMO-3267,4,LOW,"",0,0
DEMO-DEV-3268,DEMO-3268,7,LOW,"",0,0
DEMO-DEV-3269,DEMO-3269,3,LOW,"",0,0
DEMO-DEV-3273,DEMO-3273,9,LOW,Older equipment,0,0
DEMO-DEV-3274,DEMO-3274,81,HIGH,Frequent repairs in last 365 days; Extended repair downtime; Older equipment,7,82
DEMO-DEV-3276,DEMO-3276,5,LOW,"",0,0
DEMO-DEV-3277,DEMO-3277,9,LOW,Older equipment,0,0
DEMO-DEV-3278,DEMO-3278,8,LOW,Older equipment,0,0
DEMO-DEV-3279,DEMO-3279,12,LOW,Repair cost high relative to purchase,0,0
DEMO-DEV-3280,DEMO-3280,3,LOW,"",0,0
DEMO-DEV-3281,DEMO-3281,17,LOW,Extended repair downtime; Older equipment,0,8
DEMO-DEV-3282,DEMO-3282,3,LOW,"",0,0
DEMO-DEV-3283,DEMO-3283,24,LOW,Extended repair downtime,0,10
DEMO-DEV-3286,DEMO-3286,92,HIGH,Frequent repairs in last 365 days; Extended repair downtime; Repair cost high relative to purchase,8,72
DEMO-DEV-3289,DEMO-3289,61,MEDIUM,Frequent repairs in last 365 days; Extended repair downtime; Repair cost high relative to purchase,2,16
DEMO-DEV-3290,DEMO-3290,1,LOW,"",0,1
DEMO-DEV-3291,DEMO-3291,7,LOW,Older equipment,0,0
DEMO-DEV-3292,DEMO-3292,58,MEDIUM,Extended repair downtime; Repair cost high relative to purchase,1,21
DEMO-DEV-3293,DEMO-3293,4,LOW,"",0,0
DEMO-DEV-3294,DEMO-3294,9,LOW,"",0,6
DEMO-DEV-3295,DEMO-3295,13,LOW,Extended repair downtime,0,12
DEMO-DEV-3296,DEMO-3296,6,LOW,"",0,0
DEMO-DEV-3297,DEMO-3297,22,LOW,Extended repair downtime,0,11
DEMO-DEV-3300,DEMO-3300,46,MEDIUM,Frequent repairs in last 365 days,4,3
DEMO-DEV-3301,DEMO-3301,9,LOW,Older equipment,0,0
DEMO-DEV-3302,DEMO-3302,17,LOW,"",1,6
DEMO-DEV-3303,DEMO-3303,24,LOW,Extended repair downtime,0,12
DEMO-DEV-3304,DEMO-3304,4,LOW,"",0,0
DEMO-DEV-3306,DEMO-3306,29,LOW,Extended repair downtime,1,12
DEMO-DEV-3307,DEMO-3307,24,LOW,Older equipment,1,5
DEMO-DEV-3308,DEMO-3308,8,LOW,Older equipment,0,0
DEMO-DEV-3309,DEMO-3309,83,HIGH,Frequent repairs in last 365 days; Extended repair downtime; Older equipment,6,61
DEMO-DEV-3310,DEMO-3310,5,LOW,"",0,0
DEMO-DEV-3311,DEMO-3311,20,LOW,Extended repair downtime,1,10
DEMO-DEV-3312,DEMO-3312,3,LOW,"",0,2
DEMO-DEV-3316,DEMO-3316,38,LOW,Extended repair downtime; Repair cost high relative to purchase; Older equipment,0,12
DEMO-DEV-3317,DEMO-3317,7,LOW,"",0,0
DEMO-DEV-3318,DEMO-3318,4,LOW,"",0,0
DEMO-DEV-3319,DEMO-3319,10,LOW,Extended repair downtime,0,9
DEMO-DEV-3320,DEMO-3320,97,HIGH,Frequent repairs in last 365 days; Extended repair downtime; Repair cost high relative to purchase,7,74
DEMO-DEV-3321,DEMO-3321,2,LOW,"",0,0
DEMO-DEV-3322,DEMO-3322,67,MEDIUM,Frequent repairs in last 365 days; Extended repair downtime,4,24
DEMO-DEV-3323,DEMO-3323,22,LOW,Extended repair downtime,0,13
DEMO-DEV-3324,DEMO-3324,44,MEDIUM,Extended repair downtime; Repair cost high relative to purchase; Older equipment,0,14
DEMO-DEV-3325,DEMO-3325,1,LOW,"",0,0
DEMO-DEV-3329,DEMO-3329,89,HIGH,Frequent repairs in last 365 days; Extended repair downtime; Repair cost high relative to purchase; Older equipment,4,35
DEMO-DEV-3332,DEMO-3332,27,LOW,Older equipment,1,6
DEMO-DEV-3333,DEMO-3333,4,LOW,"",0,0
DEMO-DEV-3334,DEMO-3334,16,LOW,Extended repair downtime,0,8
DEMO-DEV-3335,DEMO-3335,4,LOW,"",0,0
DEMO-DEV-3336,DEMO-3336,27,LOW,Extended repair downtime; Repair cost high relative to purchase,0,8
DEMO-DEV-3337,DEMO-3337,15,LOW,Extended repair downtime,0,13
DEMO-DEV-3338,DEMO-3338,32,LOW,Repair cost high relative to purchase; Older equipment,0,3
DEMO-DEV-3339,DEMO-3339,21,LOW,"",1,2
DEMO-DEV-3340,DEMO-3340,17,LOW,"",1,2
DEMO-DEV-3343,DEMO-3343,35,LOW,Repair cost high relative to purchase; Older equipment,0,6
DEMO-DEV-3344,DEMO-3344,23,LOW,Older equipment,1,3
DEMO-DEV-3345,DEMO-3345,20,LOW,Older equipment,1,0
DEMO-DEV-3346,DEMO-3346,4,LOW,"",0,0
DEMO-DEV-3347,DEMO-3347,26,LOW,"",1,6
DEMO-DEV-3348,DEMO-3348,16,LOW,Older equipment,0,5
DEMO-DEV-3349,DEMO-3349,15,LOW,Older equipment,0,5
DEMO-DEV-3350,DEMO-3350,23,LOW,Extended repair downtime,1,12
DEMO-DEV-3351,DEMO-3351,4,LOW,"",0,0
DEMO-DEV-3352,DEMO-3352,94,HIGH,Frequent repairs in last 365 days; Extended repair downtime; Repair cost high relative to purchase,8,123
DEMO-DEV-3353,DEMO-3353,10,LOW,Older equipment,0,0
DEMO-DEV-3355,DEMO-3355,34,LOW,Frequent repairs in last 365 days; Extended repair downtime,2,8
DEMO-DEV-3356,DEMO-3356,99,HIGH,Frequent repairs in last 365 days; Extended repair downtime; Repair cost high relative to purchase; Older equipment,8,44
DEMO-DEV-3357,DEMO-3357,45,MEDIUM,Frequent repairs in last 365 days; Extended repair downtime,2,15
DEMO-DEV-3360,DEMO-3360,20,LOW,Extended repair downtime,0,12
DEMO-DEV-3361,DEMO-3361,7,LOW,Older equipment,0,0
DEMO-DEV-3362,DEMO-3362,7,LOW,"",0,0
DEMO-DEV-3363,DEMO-3363,31,LOW,Repair cost high relative to purchase,1,0
DEMO-DEV-3364,DEMO-3364,34,LOW,Repair cost high relative to purchase,1,0
DEMO-DEV-3365,DEMO-3365,23,LOW,Extended repair downtime,1,7
DEMO-DEV-3366,DEMO-3366,13,LOW,Extended repair downtime,0,9
DEMO-DEV-3367,DEMO-3367,28,LOW,Repair cost high relative to purchase; Older equipment,0,1
DEMO-DEV-3368,DEMO-3368,1,LOW,"",0,0
DEMO-DEV-3369,DEMO-3369,8,LOW,Older equipment,0,0
DEMO-DEV-3370,DEMO-3370,2,LOW,"",0,0
DEMO-DEV-3371,DEMO-3371,6,LOW,"",0,3
DEMO-DEV-3372,DEMO-3372,14,LOW,Extended repair downtime,0,9
DEMO-DEV-3373,DEMO-3373,9,LOW,Older equipment,0,0
DEMO-DEV-3374,DEMO-3374,16,LOW,Extended repair downtime,0,9
DEMO-DEV-3375,DEMO-3375,13,LOW,"",1,0
DEMO-DEV-3377,DEMO-3377,16,LOW,Extended repair downtime; Older equipment,0,7
DEMO-DEV-3378,DEMO-3378,33,LOW,Older equipment,1,6
DEMO-DEV-3379,DEMO-3379,3,LOW,"",0,0
DEMO-DEV-3380,DEMO-3380,13,LOW,Extended repair downtime,0,8
DEMO-DEV-3383,DEMO-3383,98,HIGH,Frequent repairs in last 365 days; Extended repair downtime; Repair cost high relative to purchase; Older equipment,6,76
DEMO-DEV-3385,DEMO-3385,27,LOW,Extended repair downtime,1,10
DEMO-DEV-3386,DEMO-3386,4,LOW,"",0,0
DEMO-DEV-3387,DEMO-3387,20,LOW,Extended repair downtime,0,12
DEMO-DEV-3388,DEMO-3388,28,LOW,Extended repair downtime,1,10
DEMO-DEV-3389,DEMO-3389,8,LOW,Older equipment,0,0
DEMO-DEV-3390,DEMO-3390,35,LOW,Extended repair downtime; Repair cost high relative to purchase,0,12
DEMO-DEV-3392,DEMO-3392,5,LOW,"",0,0
DEMO-DEV-3393,DEMO-3393,76,HIGH,Frequent repairs in last 365 days; Extended repair downtime,8,91
DEMO-DEV-3394,DEMO-3394,16,LOW,Extended repair downtime,0,12
DEMO-DEV-3396,DEMO-3396,7,LOW,"",0,0
DEMO-DEV-3397,DEMO-3397,38,LOW,Repair cost high relative to purchase,1,5
DEMO-DEV-3398,DEMO-3398,22,LOW,Repair cost high relative to purchase,0,0
DEMO-DEV-3399,DEMO-3399,76,HIGH,Frequent repairs in last 365 days; Extended repair downtime,8,122
DEMO-DEV-3400,DEMO-3400,1,LOW,"",0,0
DEMO-DEV-3401,DEMO-3401,23,LOW,Extended repair downtime,1,9
DEMO-DEV-3402,DEMO-3402,14,LOW,Older equipment,0,4
DEMO-DEV-3403,DEMO-3403,18,LOW,"",1,0
DEMO-DEV-3404,DEMO-3404,26,LOW,Older equipment,1,0
DEMO-DEV-3405,DEMO-3405,33,LOW,Extended repair downtime,1,15
DEMO-DEV-3406,DEMO-3406,28,LOW,Extended repair downtime; Repair cost high relative to purchase,0,12
DEMO-DEV-3407,DEMO-3407,8,LOW,Older equipment,0,0
DEMO-DEV-3408,DEMO-3408,8,LOW,Older equipment,0,0
DEMO-DEV-3412,DEMO-3412,22,LOW,Older equipment,1,2
DEMO-DEV-3413,DEMO-3413,6,LOW,"",0,0
DEMO-DEV-3414,DEMO-3414,29,LOW,Extended repair downtime,1,15
DEMO-DEV-3415,DEMO-3415,2,LOW,"",0,0
DEMO-DEV-3416,DEMO-3416,9,LOW,Older equipment,0,0
DEMO-DEV-3417,DEMO-3417,13,LOW,Older equipment,0,0
DEMO-DEV-3418,DEMO-3418,7,LOW,"",0,6
DEMO-DEV-3419,DEMO-3419,8,LOW,Older equipment,0,0
DEMO-DEV-3420,DEMO-3420,3,LOW,"",0,0
DEMO-DEV-3421,DEMO-3421,10,LOW,"",0,2
DEMO-DEV-3424,DEMO-3424,4,LOW,"",0,0
DEMO-DEV-3425,DEMO-3425,34,LOW,Repair cost high relative to purchase; Older equipment,0,5
DEMO-DEV-3426,DEMO-3426,27,LOW,Extended repair downtime,1,12
DEMO-DEV-3427,DEMO-3427,1,LOW,"",0,0
DEMO-DEV-3428,DEMO-3428,27,LOW,Extended repair downtime; Older equipment,1,8
DEMO-DEV-3429,DEMO-3429,3,LOW,"",0,0
DEMO-DEV-3430,DEMO-3430,27,LOW,Extended repair downtime,1,11
DEMO-DEV-3431,DEMO-3431,8,LOW,Older equipment,0,0
DEMO-DEV-3432,DEMO-3432,9,LOW,Older equipment,0,0
DEMO-DEV-3433,DEMO-3433,20,LOW,Extended repair downtime; Older equipment,0,10
DEMO-DEV-3434,DEMO-3434,7,LOW,Older equipment,0,0
DEMO-DEV-3435,DEMO-3435,29,LOW,Extended repair downtime; Older equipment,1,10
DEMO-DEV-3437,DEMO-3437,5,LOW,"",0,0
DEMO-DEV-3438,DEMO-3438,6,LOW,"",0,0
DEMO-DEV-3439,DEMO-3439,37,LOW,Extended repair downtime; Older equipment,1,9
DEMO-DEV-3440,DEMO-3440,25,LOW,Repair cost high relative to purchase,0,3
DEMO-DEV-3441,DEMO-3441,7,LOW,Older equipment,0,0
DEMO-DEV-3442,DEMO-3442,15,LOW,Older equipment,0,0
DEMO-DEV-3443,DEMO-3443,14,LOW,Extended repair downtime,0,9
DEMO-DEV-3444,DEMO-3444,10,LOW,Older equipment,0,0
DEMO-DEV-3445,DEMO-3445,3,LOW,"",0,0
DEMO-DEV-3446,DEMO-3446,75,HIGH,Frequent repairs in last 365 days; Extended repair downtime,7,69
DEMO-DEV-3447,DEMO-3447,1,LOW,"",0,0
DEMO-DEV-3448,DEMO-3448,2,LOW,"",0,0
DEMO-DEV-3450,DEMO-3450,4,LOW,"",0,0
DEMO-DEV-3453,DEMO-3453,5,LOW,"",0,0
DEMO-DEV-3454,DEMO-3454,17,LOW,"",1,0
DEMO-DEV-3455,DEMO-3455,30,LOW,Extended repair downtime; Repair cost high relative to purchase,0,7
DEMO-DEV-3456,DEMO-3456,8,LOW,Older equipment,0,0
DEMO-DEV-3457,DEMO-3457,8,LOW,Older equipment,0,0
DEMO-DEV-3458,DEMO-3458,15,LOW,Older equipment,0,4
DEMO-DEV-3459,DEMO-3459,5,LOW,"",0,0
DEMO-DEV-3460,DEMO-3460,9,LOW,Older equipment,0,0
DEMO-DEV-3461,DEMO-3461,0,LOW,"",0,0
DEMO-DEV-3465,DEMO-3465,12,LOW,"",1,0
DEMO-DEV-3467,DEMO-3467,17,LOW,"",1,6
DEMO-DEV-3468,DEMO-3468,5,LOW,"",0,0
DEMO-DEV-3469,DEMO-3469,76,HIGH,Frequent repairs in last 365 days; Extended repair downtime,7,52
DEMO-DEV-3470,DEMO-3470,23,LOW,Older equipment,1,5
DEMO-DEV-3471,DEMO-3471,8,LOW,"",0,1
DEMO-DEV-3472,DEMO-3472,28,LOW,Extended repair downtime; Older equipment,1,8
DEMO-DEV-3473,DEMO-3473,87,HIGH,Frequent repairs in last 365 days; Extended repair downtime; Repair cost high relative to purchase,4,21
DEMO-DEV-3474,DEMO-3474,5,LOW,"",0,0
DEMO-DEV-3475,DEMO-3475,10,LOW,Extended repair downtime,0,7
DEMO-DEV-3478,DEMO-3478,9,LOW,Older equipment,0,0
DEMO-DEV-3479,DEMO-3479,11,LOW,Older equipment,0,0
DEMO-DEV-3480,DEMO-3480,74,HIGH,Frequent repairs in last 365 days; Extended repair downtime,4,44
DEMO-DEV-3481,DEMO-3481,7,LOW,Older equipment,0,0
DEMO-DEV-3482,DEMO-3482,3,LOW,"",0,0
DEMO-DEV-3483,DEMO-3483,32,LOW,Extended repair downtime; Repair cost high relative to purchase,1,9
DEMO-DEV-3484,DEMO-3484,23,LOW,Older equipment,1,5
DEMO-DEV-3485,DEMO-3485,3,LOW,"",0,0
DEMO-DEV-3486,DEMO-3486,2,LOW,"",0,0
DEMO-DEV-3487,DEMO-3487,97,HIGH,Frequent repairs in last 365 days; Extended repair downtime; Repair cost high relative to purchase,8,89
DEMO-DEV-3488,DEMO-3488,13,LOW,"",1,2
DEMO-DEV-3489,DEMO-3489,25,LOW,Extended repair downtime,1,10
DEMO-DEV-3490,DEMO-3490,3,LOW,"",0,0
DEMO-DEV-3492,DEMO-3492,26,LOW,Extended repair downtime,1,11
DEMO-DEV-3494,DEMO-3494,6,LOW,"",0,0
DEMO-DEV-3496,DEMO-3496,18,LOW,Extended repair downtime,0,12
DEMO-DEV-3497,DEMO-3497,56,MEDIUM,Frequent repairs in last 365 days; Extended repair downtime; Repair cost high relative to purchase; Older equipment,2,9
DEMO-DEV-3498,DEMO-3498,2,LOW,"",0,1
DEMO-DEV-3499,DEMO-3499,31,LOW,Extended repair downtime; Repair cost high relative to purchase,0,7
DEMO-DEV-3501,DEMO-3501,27,LOW,Repair cost high relative to purchase,0,2
DEMO-DEV-3502,DEMO-3502,39,LOW,Extended repair downtime; Repair cost high relative to purchase,1,8
DEMO-DEV-3503,DEMO-3503,8,LOW,Older equipment,0,0
DEMO-DEV-3507,DEMO-3507,8,LOW,Older equipment,0,0
DEMO-DEV-3508,DEMO-3508,2,LOW,"",0,0
DEMO-DEV-3509,DEMO-3509,26,LOW,Extended repair downtime; Older equipment,0,17
DEMO-DEV-3510,DEMO-3510,47,MEDIUM,Extended repair downtime; Repair cost high relative to purchase,1,10
DEMO-DEV-3511,DEMO-3511,30,LOW,Extended repair downtime; Older equipment,0,20
DEMO-DEV-3513,DEMO-3513,5,LOW,"",0,0
DEMO-DEV-3514,DEMO-3514,4,LOW,"",0,0
DEMO-DEV-3515,DEMO-3515,17,LOW,"",1,1
DEMO-DEV-3516,DEMO-3516,4,LOW,"",0,1
DEMO-DEV-3517,DEMO-3517,75,HIGH,Frequent repairs in last 365 days; Extended repair downtime,4,39
DEMO-DEV-3524,DEMO-3524,24,LOW,Repair cost high relative to purchase; Older equipment,0,3
DEMO-DEV-3525,DEMO-3525,9,LOW,Older equipment,0,0
DEMO-DEV-3526,DEMO-3526,1,LOW,"",0,0
DEMO-DEV-3527,DEMO-3527,22,LOW,Older equipment,0,4
DEMO-DEV-3528,DEMO-3528,34,LOW,Extended repair downtime; Repair cost high relative to purchase,1,7
DEMO-DEV-3529,DEMO-3529,9,LOW,Older equipment,0,0
DEMO-DEV-3530,DEMO-3530,98,HIGH,Frequent repairs in last 365 days; Extended repair downtime; Repair cost high relative to purchase; Older equipment,5,34
DEMO-DEV-3531,DEMO-3531,7,LOW,"",0,2
DEMO-DEV-3533,DEMO-3533,1,LOW,"",0,0
DEMO-DEV-3535,DEMO-3535,35,LOW,Extended repair downtime,1,11
DEMO-DEV-3536,DEMO-3536,15,LOW,Older equipment,0,6
DEMO-DEV-3537,DEMO-3537,22,LOW,Extended repair downtime; Repair cost high relative to purchase,0,9
DEMO-DEV-3538,DEMO-3538,7,LOW,"",0,0
DEMO-DEV-3539,DEMO-3539,9,LOW,Older equipment,0,0
DEMO-DEV-3540,DEMO-3540,1,LOW,"",0,0
DEMO-DEV-3541,DEMO-3541,77,HIGH,Frequent repairs in last 365 days; Extended repair downtime; Older equipment,7,25
DEMO-DEV-3542,DEMO-3542,24,LOW,Repair cost high relative to purchase,0,1
DEMO-DEV-3543,DEMO-3543,3,LOW,"",0,0
DEMO-DEV-3544,DEMO-3544,8,LOW,Older equipment,0,0
DEMO-DEV-3545,DEMO-3545,18,LOW,"",1,5
DEMO-DEV-3548,DEMO-3548,30,LOW,"",1,5
DEMO-DEV-3549,DEMO-3549,15,LOW,Extended repair downtime,0,12
DEMO-DEV-3550,DEMO-3550,23,LOW,Older equipment,1,3
DEMO-DEV-3551,DEMO-3551,1,LOW,"",0,0
DEMO-DEV-3552,DEMO-3552,30,LOW,Repair cost high relative to purchase; Older equipment,0,1
DEMO-DEV-3553,DEMO-3553,19,LOW,Extended repair downtime; Older equipment,0,8
DEMO-DEV-3554,DEMO-3554,13,LOW,"",0,1
DEMO-DEV-3555,DEMO-3555,25,LOW,Extended repair downtime,1,10
DEMO-DEV-3556,DEMO-3556,12,LOW,Extended repair downtime,0,9
DEMO-DEV-3557,DEMO-3557,13,LOW,Extended repair downtime,0,10
DEMO-DEV-3558,DEMO-3558,17,LOW,"",1,3
DEMO-DEV-3560,DEMO-3560,38,LOW,Frequent repairs in last 365 days; Extended repair downtime,2,11
DEMO-DEV-3561,DEMO-3561,29,LOW,Extended repair downtime,1,12
DEMO-DEV-3562,DEMO-3562,38,LOW,Extended repair downtime; Repair cost high relative to purchase,0,12
DEMO-DEV-3563,DEMO-3563,27,LOW,"",1,5
DEMO-DEV-3564,DEMO-3564,18,LOW,Extended repair downtime,0,8
DEMO-DEV-3566,DEMO-3566,7,LOW,Older equipment,0,0
DEMO-DEV-3567,DEMO-3567,22,LOW,Repair cost high relative to purchase,0,0
DEMO-DEV-3568,DEMO-3568,7,LOW,"",0,6
DEMO-DEV-3569,DEMO-3569,9,LOW,Older equipment,0,0
DEMO-DEV-3570,DEMO-3570,77,HIGH,Frequent repairs in last 365 days; Extended repair downtime,4,54
DEMO-DEV-3571,DEMO-3571,41,MEDIUM,Repair cost high relative to purchase,1,5
DEMO-DEV-3572,DEMO-3572,34,LOW,Repair cost high relative to purchase,1,2
DEMO-DEV-3574,DEMO-3574,10,LOW,Older equipment,0,0
DEMO-DEV-3575,DEMO-3575,4,LOW,"",0,0
DEMO-DEV-3577,DEMO-3577,26,LOW,Older equipment,1,6
DEMO-DEV-3580,DEMO-3580,20,LOW,Older equipment,0,2
DEMO-DEV-3581,DEMO-3581,2,LOW,"",0,0
DEMO-DEV-3582,DEMO-3582,17,LOW,Extended repair downtime; Older equipment,0,8
DEMO-DEV-3583,DEMO-3583,9,LOW,Older equipment,0,0
DEMO-DEV-3584,DEMO-3584,7,LOW,Older equipment,0,0
DEMO-DEV-3585,DEMO-3585,4,LOW,"",0,0
DEMO-DEV-3586,DEMO-3586,23,LOW,Extended repair downtime,1,8
DEMO-DEV-3587,DEMO-3587,39,LOW,Extended repair downtime; Repair cost high relative to purchase; Older equipment,0,11
DEMO-DEV-3588,DEMO-3588,32,LOW,Extended repair downtime; Repair cost high relative to purchase,0,7
DEMO-DEV-3589,DEMO-3589,25,LOW,Extended repair downtime,1,7
DEMO-DEV-3595,DEMO-3595,21,LOW,Older equipment,1,1
DEMO-DEV-3596,DEMO-3596,5,LOW,"",0,0
DEMO-DEV-3597,DEMO-3597,3,LOW,"",0,0
DEMO-DEV-3598,DEMO-3598,16,LOW,Extended repair downtime; Older equipment,0,8
DEMO-DEV-3599,DEMO-3599,28,LOW,Repair cost high relative to purchase,1,0
DEMO-DEV-3600,DEMO-3600,6,LOW,"",0,0
DEMO-DEV-3601,DEMO-3601,21,LOW,Extended repair downtime,1,8
DEMO-DEV-3602,DEMO-3602,7,LOW,"",0,1
DEMO-DEV-3603,DEMO-3603,15,LOW,Extended repair downtime,0,11
DEMO-DEV-3604,DEMO-3604,38,LOW,Extended repair downtime; Repair cost high relative to purchase,0,18
DEMO-DEV-3605,DEMO-3605,22,LOW,"",1,0
DEMO-DEV-3606,DEMO-3606,33,LOW,Extended repair downtime; Repair cost high relative to purchase,0,16
DEMO-DEV-3607,DEMO-3607,20,LOW,"",1,4
DEMO-DEV-3608,DEMO-3608,5,LOW,"",0,0
DEMO-DEV-3609,DEMO-3609,8,LOW,Older equipment,0,0
DEMO-DEV-3610,DEMO-3610,9,LOW,Older equipment,0,0
DEMO-DEV-3611,DEMO-3611,1,LOW,"",0,0
DEMO-DEV-3612,DEMO-3612,2,LOW,"",0,0
DEMO-DEV-3613,DEMO-3613,7,LOW,"",0,1
DEMO-DEV-3614,DEMO-3614,54,MEDIUM,Frequent repairs in last 365 days; Older equipment,4,6
DEMO-DEV-3617,DEMO-3617,22,LOW,"",1,4
DEMO-DEV-3619,DEMO-3619,44,MEDIUM,Extended repair downtime,1,20
DEMO-DEV-3621,DEMO-3621,18,LOW,Extended repair downtime,0,11
DEMO-DEV-3622,DEMO-3622,33,LOW,Extended repair downtime; Repair cost high relative to purchase,0,12
DEMO-DEV-3623,DEMO-3623,12,LOW,"",0,6
DEMO-DEV-3624,DEMO-3624,13,LOW,Extended repair downtime,0,10
DEMO-DEV-3625,DEMO-3625,18,LOW,Repair cost high relative to purchase,0,1
DEMO-DEV-3626,DEMO-3626,37,LOW,Frequent repairs in last 365 days; Extended repair downtime,2,11
DEMO-DEV-3627,DEMO-3627,43,MEDIUM,Repair cost high relative to purchase; Older equipment,1,4
DEMO-DEV-3628,DEMO-3628,21,LOW,Extended repair downtime,0,12
DEMO-DEV-3629,DEMO-3629,7,LOW,"",0,0
DEMO-DEV-3630,DEMO-3630,16,LOW,"",1,0
DEMO-DEV-3631,DEMO-3631,9,LOW,"",0,4
DEMO-DEV-3632,DEMO-3632,19,LOW,Extended repair downtime; Older equipment,0,7
DEMO-DEV-3633,DEMO-3633,1,LOW,"",0,0
DEMO-DEV-3635,DEMO-3635,7,LOW,"",0,0
DEMO-DEV-3636,DEMO-3636,8,LOW,"",0,3
DEMO-DEV-3638,DEMO-3638,2,LOW,"",0,0
DEMO-DEV-3639,DEMO-3639,59,MEDIUM,Extended repair downtime; Repair cost high relative to purchase; Older equipment,1,20
DEMO-DEV-3640,DEMO-3640,4,LOW,"",0,0
DEMO-DEV-3641,DEMO-3641,14,LOW,Extended repair downtime,0,11
DEMO-DEV-3643,DEMO-3643,78,HIGH,Frequent repairs in last 365 days; Extended repair downtime; Older equipment,5,27
DEMO-DEV-3646,DEMO-3646,28,LOW,Extended repair downtime; Repair cost high relative to purchase; Older equipment,0,10
DEMO-DEV-3648,DEMO-3648,31,LOW,Extended repair downtime; Repair cost high relative to purchase,0,9
DEMO-DEV-3649,DEMO-3649,2,LOW,"",0,0
DEMO-DEV-3651,DEMO-3651,7,LOW,Older equipment,0,0
DEMO-DEV-3652,DEMO-3652,9,LOW,Older equipment,0,0
DEMO-DEV-3655,DEMO-3655,8,LOW,Older equipment,0,0
DEMO-DEV-3660,DEMO-3660,12,LOW,"",0,5
DEMO-DEV-3661,DEMO-3661,5,LOW,"",0,0
DEMO-DEV-3662,DEMO-3662,82,HIGH,Frequent repairs in last 365 days; Extended repair downtime; Older equipment,8,75
DEMO-DEV-3663,DEMO-3663,4,LOW,"",0,0
DEMO-DEV-3664,DEMO-3664,28,LOW,Repair cost high relative to purchase; Older equipment,0,5
DEMO-DEV-3665,DEMO-3665,6,LOW,"",0,0
DEMO-DEV-3666,DEMO-3666,7,LOW,"",0,0
DEMO-DEV-3667,DEMO-3667,7,LOW,Older equipment,0,0
DEMO-DEV-3668,DEMO-3668,76,HIGH,Frequent repairs in last 365 days; Extended repair downtime,7,69
DEMO-DEV-3669,DEMO-3669,27,LOW,Extended repair downtime; Older equipment,1,9
DEMO-DEV-3671,DEMO-3671,4,LOW,"",0,0
DEMO-DEV-3672,DEMO-3672,10,LOW,"",0,1
DEMO-DEV-3673,DEMO-3673,2,LOW,"",0,0
DEMO-DEV-3674,DEMO-3674,25,LOW,Repair cost high relative to purchase,0,0
DEMO-DEV-3675,DEMO-3675,37,LOW,Extended repair downtime; Repair cost high relative to purchase,1,9
DEMO-DEV-3676,DEMO-3676,77,HIGH,Frequent repairs in last 365 days; Extended repair downtime,8,44
DEMO-DEV-3677,DEMO-3677,12,LOW,Extended repair downtime,0,9
DEMO-DEV-3678,DEMO-3678,6,LOW,"",0,0
DEMO-DEV-3679,DEMO-3679,32,LOW,Repair cost high relative to purchase; Older equipment,1,3
DEMO-DEV-3680,DEMO-3680,7,LOW,"",0,0
DEMO-DEV-3681,DEMO-3681,5,LOW,"",0,0
DEMO-DEV-3682,DEMO-3682,11,LOW,Extended repair downtime,0,8
DEMO-DEV-3683,DEMO-3683,18,LOW,Extended repair downtime,0,15
DEMO-DEV-3684,DEMO-3684,7,LOW,"",0,0
DEMO-DEV-3686,DEMO-3686,8,LOW,Older equipment,0,0
DEMO-DEV-3688,DEMO-3688,29,LOW,Repair cost high relative to purchase,0,3
DEMO-DEV-3689,DEMO-3689,31,LOW,Extended repair downtime,0,21
DEMO-DEV-3690,DEMO-3690,23,LOW,"",1,4
DEMO-DEV-3692,DEMO-3692,34,LOW,Extended repair downtime; Older equipment,1,10
DEMO-DEV-3693,DEMO-3693,7,LOW,"",0,1
DEMO-DEV-3694,DEMO-3694,25,LOW,Extended repair downtime,1,9
DEMO-DEV-3695,DEMO-3695,9,LOW,Older equipment,0,0
DEMO-DEV-3696,DEMO-3696,29,LOW,Extended repair downtime,1,12
DEMO-DEV-3697,DEMO-3697,6,LOW,"",0,0
DEMO-DEV-3699,DEMO-3699,95,HIGH,Frequent repairs in last 365 days; Extended repair downtime; Repair cost high relative to purchase; Older equipment,8,92
DEMO-DEV-3702,DEMO-3702,95,HIGH,Frequent repairs in last 365 days; Extended repair downtime; Repair cost high relative to purchase,6,56
DEMO-DEV-3704,DEMO-3704,14,LOW,"",0,0
DEMO-DEV-3705,DEMO-3705,27,LOW,Extended repair downtime,1,11
DEMO-DEV-3706,DEMO-3706,18,LOW,Extended repair downtime,0,12
DEMO-DEV-3707,DEMO-3707,18,LOW,"",1,0
DEMO-DEV-3708,DEMO-3708,82,HIGH,Frequent repairs in last 365 days; Extended repair downtime; Repair cost high relative to purchase,4,37
DEMO-DEV-3709,DEMO-3709,13,LOW,Extended repair downtime,0,7
DEMO-DEV-3710,DEMO-3710,19,LOW,Extended repair downtime; Older equipment,0,8
DEMO-DEV-3714,DEMO-3714,8,LOW,Older equipment,0,0
DEMO-DEV-3716,DEMO-3716,6,LOW,"",0,1
DEMO-DEV-3717,DEMO-3717,3,LOW,"",0,0
DEMO-DEV-3718,DEMO-3718,86,HIGH,Frequent repairs in last 365 days; Extended repair downtime; Repair cost high relative to purchase,5,30
DEMO-DEV-3719,DEMO-3719,3,LOW,"",0,0
DEMO-DEV-3720,DEMO-3720,8,LOW,Older equipment,0,0
DEMO-DEV-3721,DEMO-3721,2,LOW,"",0,0
DEMO-DEV-3722,DEMO-3722,13,LOW,"",0,6
DEMO-DEV-3723,DEMO-3723,2,LOW,"",0,0
DEMO-DEV-3726,DEMO-3726,17,LOW,Extended repair downtime; Older equipment,0,7
DEMO-DEV-3727,DEMO-3727,1,LOW,"",0,0
DEMO-DEV-3728,DEMO-3728,14,LOW,Extended repair downtime,0,7
DEMO-DEV-3731,DEMO-3731,11,LOW,"",0,3
DEMO-DEV-3732,DEMO-3732,14,LOW,Extended repair downtime,0,12
DEMO-DEV-3733,DEMO-3733,9,LOW,"",0,5
DEMO-DEV-3734,DEMO-3734,27,LOW,Extended repair downtime,1,9
DEMO-DEV-3735,DEMO-3735,37,LOW,Extended repair downtime; Repair cost high relative to purchase,0,13
DEMO-DEV-3736,DEMO-3736,19,LOW,Extended repair downtime; Older equipment,0,10
DEMO-DEV-3737,DEMO-3737,5,LOW,"",0,4
DEMO-DEV-3741,DEMO-3741,8,LOW,Older equipment,0,0
DEMO-DEV-3742,DEMO-3742,30,LOW,Frequent repairs in last 365 days; Extended repair downtime,2,7
DEMO-DEV-3743,DEMO-3743,1,LOW,"",0,0
DEMO-DEV-3744,DEMO-3744,10,LOW,Extended repair downtime,0,9
DEMO-DEV-3745,DEMO-3745,92,HIGH,Frequent repairs in last 365 days; Extended repair downtime; Repair cost high relative to purchase,8,78
DEMO-DEV-3746,DEMO-3746,13,LOW,"",1,2
DEMO-DEV-3747,DEMO-3747,1,LOW,"",0,0
DEMO-DEV-3748,DEMO-3748,19,LOW,"",0,5
DEMO-DEV-3749,DEMO-3749,4,LOW,"",0,0
DEMO-DEV-3750,DEMO-3750,6,LOW,"",0,0
DEMO-DEV-3751,DEMO-3751,7,LOW,"",0,0
DEMO-DEV-3752,DEMO-3752,9,LOW,Older equipment,0,0
DEMO-DEV-3755,DEMO-3755,9,LOW,Older equipment,0,0
DEMO-DEV-3757,DEMO-3757,2,LOW,"",0,0
DEMO-DEV-3760,DEMO-3760,6,LOW,"",0,0
DEMO-DEV-3761,DEMO-3761,93,HIGH,Frequent repairs in last 365 days; Extended repair downtime; Repair cost high relative to purchase; Older equipment,8,69
DEMO-DEV-3763,DEMO-3763,2,LOW,"",0,0
DEMO-DEV-3764,DEMO-3764,16,LOW,Older equipment,0,2
DEMO-DEV-3765,DEMO-3765,2,LOW,"",0,0
DEMO-DEV-3767,DEMO-3767,31,LOW,Extended repair downtime; Repair cost high relative to purchase,0,10
DEMO-DEV-3771,DEMO-3771,18,LOW,Extended repair downtime,0,9
DEMO-DEV-3772,DEMO-3772,4,LOW,"",0,0
DEMO-DEV-3773,DEMO-3773,19,LOW,"",1,3
DEMO-DEV-3774,DEMO-3774,35,LOW,Extended repair downtime; Repair cost high relative to purchase,0,14
DEMO-DEV-3775,DEMO-3775,1,LOW,"",0,0
DEMO-DEV-3776,DEMO-3776,26,LOW,Extended repair downtime,1,8
DEMO-DEV-3777,DEMO-3777,36,LOW,Repair cost high relative to purchase,1,6
DEMO-DEV-3778,DEMO-3778,26,LOW,"",1,6
DEMO-DEV-3779,DEMO-3779,23,LOW,Extended repair downtime,1,7
DEMO-DEV-3782,DEMO-3782,6,LOW,"",0,0
DEMO-DEV-3783,DEMO-3783,7,LOW,Older equipment,0,0
DEMO-DEV-3784,DEMO-3784,10,LOW,Older equipment,0,0
DEMO-DEV-3785,DEMO-3785,90,HIGH,Frequent repairs in last 365 days; Extended repair downtime; Repair cost high relative to purchase,7,46
DEMO-DEV-3786,DEMO-3786,21,LOW,Extended repair downtime,0,10
DEMO-DEV-3787,DEMO-3787,26,LOW,Older equipment,1,6
DEMO-DEV-3788,DEMO-3788,23,LOW,Extended repair downtime,0,10
DEMO-DEV-3789,DEMO-3789,6,LOW,"",0,0
DEMO-DEV-3790,DEMO-3790,47,MEDIUM,Extended repair downtime; Repair cost high relative to purchase,1,12
DEMO-DEV-3791,DEMO-3791,6,LOW,"",0,0
DEMO-DEV-3792,DEMO-3792,9,LOW,Older equipment,0,0
DEMO-DEV-3796,DEMO-3796,1,LOW,"",0,0
DEMO-DEV-3797,DEMO-3797,17,LOW,Extended repair downtime,0,10
DEMO-DEV-3798,DEMO-3798,24,LOW,Extended repair downtime,1,10
DEMO-DEV-3799,DEMO-3799,23,LOW,Extended repair downtime,1,11
DEMO-DEV-3800,DEMO-3800,11,LOW,Older equipment,0,1
DEMO-DEV-3801,DEMO-3801,12,LOW,Extended repair downtime,0,10
DEMO-DEV-3802,DEMO-3802,20,LOW,Extended repair downtime,1,8
DEMO-DEV-3803,DEMO-3803,24,LOW,Extended repair downtime,0,20
DEMO-DEV-3804,DEMO-3804,16,LOW,"",1,4
DEMO-DEV-3805,DEMO-3805,7,LOW,Older equipment,0,0
DEMO-DEV-3806,DEMO-3806,27,LOW,Older equipment,1,6
DEMO-DEV-3808,DEMO-3808,14,LOW,Older equipment,0,5
DEMO-DEV-3809,DEMO-3809,14,LOW,Extended repair downtime,0,7
DEMO-DEV-3810,DEMO-3810,8,LOW,Older equipment,0,0
DEMO-DEV-3811,DEMO-3811,4,LOW,"",0,0
DEMO-DEV-3812,DEMO-3812,4,LOW,"",0,0
DEMO-DEV-3813,DEMO-3813,30,LOW,Extended repair downtime; Older equipment,1,11
DEMO-DEV-3814,DEMO-3814,0,LOW,"",0,0
DEMO-DEV-3815,DEMO-3815,94,HIGH,Frequent repairs in last 365 days; Extended repair downtime; Repair cost high relative to purchase,8,84
DEMO-DEV-3816,DEMO-3816,2,LOW,"",0,0
DEMO-DEV-3817,DEMO-3817,74,HIGH,Frequent repairs in last 365 days; Extended repair downtime,5,70
DEMO-DEV-3818,DEMO-3818,33,LOW,Frequent repairs in last 365 days,2,3
DEMO-DEV-3819,DEMO-3819,91,HIGH,Frequent repairs in last 365 days; Extended repair downtime; Repair cost high relative to purchase,8,96
DEMO-DEV-3820,DEMO-3820,40,MEDIUM,Extended repair downtime; Repair cost high relative to purchase; Older equipment,0,11
DEMO-DEV-3824,DEMO-3824,29,LOW,Frequent repairs in last 365 days,2,6
DEMO-DEV-3825,DEMO-3825,79,HIGH,Frequent repairs in last 365 days; Extended repair downtime,6,44
DEMO-DEV-3826,DEMO-3826,78,HIGH,Frequent repairs in last 365 days; Extended repair downtime,4,48
DEMO-DEV-3827,DEMO-3827,24,LOW,Extended repair downtime; Older equipment,0,12
DEMO-DEV-3828,DEMO-3828,12,LOW,"",0,6
DEMO-DEV-3829,DEMO-3829,3,LOW,"",0,0
DEMO-DEV-3830,DEMO-3830,3,LOW,"",0,1
DEMO-DEV-3831,DEMO-3831,7,LOW,"",0,0
DEMO-DEV-3832,DEMO-3832,16,LOW,Extended repair downtime,0,7
DEMO-DEV-3833,DEMO-3833,16,LOW,"",1,5
DEMO-DEV-3836,DEMO-3836,25,LOW,Extended repair downtime,1,10
DEMO-DEV-3838,DEMO-3838,27,LOW,Repair cost high relative to purchase,0,1
DEMO-DEV-3839,DEMO-3839,0,LOW,"",0,0
DEMO-DEV-3840,DEMO-3840,7,LOW,"",0,0
DEMO-DEV-3841,DEMO-3841,6,LOW,"",0,4
DEMO-DEV-3842,DEMO-3842,27,LOW,Extended repair downtime,1,9
DEMO-DEV-3843,DEMO-3843,84,HIGH,Frequent repairs in last 365 days; Extended repair downtime; Older equipment,4,48
DEMO-DEV-3844,DEMO-3844,17,LOW,Extended repair downtime,0,11
DEMO-DEV-3845,DEMO-3845,17,LOW,Repair cost high relative to purchase,0,1
DEMO-DEV-3846,DEMO-3846,8,LOW,Older equipment,0,0
DEMO-DEV-3847,DEMO-3847,10,LOW,Older equipment,0,0
DEMO-DEV-3849,DEMO-3849,19,LOW,Extended repair downtime,0,12
DEMO-DEV-3852,DEMO-3852,16,LOW,Extended repair downtime,0,10
DEMO-DEV-3853,DEMO-3853,24,LOW,Older equipment,1,4
DEMO-DEV-3854,DEMO-3854,14,LOW,Extended repair downtime,0,8
DEMO-DEV-3855,DEMO-3855,9,LOW,Older equipment,0,0
DEMO-DEV-3856,DEMO-3856,38,LOW,Extended repair downtime; Repair cost high relative to purchase,1,11
DEMO-DEV-3857,DEMO-3857,18,LOW,Extended repair downtime,0,10
DEMO-DEV-3858,DEMO-3858,33,LOW,Extended repair downtime,1,18
DEMO-DEV-3859,DEMO-3859,9,LOW,Older equipment,0,0
DEMO-DEV-3860,DEMO-3860,17,LOW,"",1,4
DEMO-DEV-3861,DEMO-3861,2,LOW,"",0,0
DEMO-DEV-3864,DEMO-3864,14,LOW,"",0,0
DEMO-DEV-3865,DEMO-3865,87,HIGH,Frequent repairs in last 365 days; Extended repair downtime; Repair cost high relative to purchase,5,21
DEMO-DEV-3866,DEMO-3866,10,LOW,Older equipment,0,0
DEMO-DEV-3867,DEMO-3867,79,HIGH,Frequent repairs in last 365 days; Extended repair downtime,5,68
DEMO-DEV-3868,DEMO-3868,16,LOW,"",1,0
DEMO-DEV-3869,DEMO-3869,23,LOW,"",1,6
DEMO-DEV-3870,DEMO-3870,3,LOW,"",0,0
DEMO-DEV-3872,DEMO-3872,9,LOW,"",0,4
DEMO-DEV-3873,DEMO-3873,5,LOW,"",0,0
DEMO-DEV-3874,DEMO-3874,43,MEDIUM,Extended repair downtime; Repair cost high relative to purchase,0,21
DEMO-DEV-3875,DEMO-3875,35,LOW,Extended repair downtime; Repair cost high relative to purchase,0,17
DEMO-DEV-3876,DEMO-3876,24,LOW,Extended repair downtime; Repair cost high relative to purchase,0,9
DEMO-DEV-3878,DEMO-3878,5,LOW,"",0,0
DEMO-DEV-3879,DEMO-3879,35,LOW,Extended repair downtime; Older equipment,1,16
DEMO-DEV-3880,DEMO-3880,8,LOW,Older equipment,0,0
DEMO-DEV-3881,DEMO-3881,4,LOW,"",0,0
DEMO-DEV-3882,DEMO-3882,4,LOW,"",0,0
DEMO-DEV-3883,DEMO-3883,0,LOW,"",0,0
DEMO-DEV-3884,DEMO-3884,8,LOW,Older equipment,0,0
DEMO-DEV-3885,DEMO-3885,1,LOW,"",0,0
DEMO-DEV-3886,DEMO-3886,15,LOW,Extended repair downtime,0,8
DEMO-DEV-3887,DEMO-3887,18,LOW,Extended repair downtime; Older equipment,0,7
DEMO-DEV-3888,DEMO-3888,38,LOW,Extended repair downtime; Repair cost high relative to purchase,1,7
DEMO-DEV-3889,DEMO-3889,45,MEDIUM,Extended repair downtime; Repair cost high relative to purchase; Older equipment,0,15
DEMO-DEV-3890,DEMO-3890,34,LOW,Extended repair downtime,0,23
DEMO-DEV-3892,DEMO-3892,8,LOW,Older equipment,0,0
DEMO-DEV-3893,DEMO-3893,25,LOW,Extended repair downtime,1,10
DEMO-DEV-3894,DEMO-3894,100,HIGH,Frequent repairs in last 365 days; Extended repair downtime; Repair cost high relative to purchase; Older equipment,8,88
DEMO-DEV-3895,DEMO-3895,0,LOW,"",0,0
DEMO-DEV-3896,DEMO-3896,27,LOW,Repair cost high relative to purchase,0,3
DEMO-DEV-3897,DEMO-3897,9,LOW,Older equipment,0,0
DEMO-DEV-3898,DEMO-3898,6,LOW,"",0,0
DEMO-DEV-3899,DEMO-3899,10,LOW,Extended repair downtime,0,7
DEMO-DEV-3900,DEMO-3900,12,LOW,Extended repair downtime,0,10
DEMO-DEV-3901,DEMO-3901,42,MEDIUM,Repair cost high relative to purchase,1,6
DEMO-DEV-3902,DEMO-3902,3,LOW,"",0,1
DEMO-DEV-3903,DEMO-3903,44,MEDIUM,Extended repair downtime; Repair cost high relative to purchase,1,8
DEMO-DEV-3906,DEMO-3906,8,LOW,Older equipment,0,0
DEMO-DEV-3907,DEMO-3907,7,LOW,"",0,0
DEMO-DEV-3908,DEMO-3908,3,LOW,"",0,0
DEMO-DEV-3909,DEMO-3909,15,LOW,"",1,0
DEMO-DEV-3910,DEMO-3910,7,LOW,"",0,0
DEMO-DEV-3911,DEMO-3911,40,MEDIUM,Extended repair downtime; Repair cost high relative to purchase,1,14
DEMO-DEV-3912,DEMO-3912,35,LOW,Extended repair downtime; Repair cost high relative to purchase,1,7
DEMO-DEV-3913,DEMO-3913,27,LOW,"",1,5
DEMO-DEV-3914,DEMO-3914,40,MEDIUM,Extended repair downtime; Older equipment,1,18
DEMO-DEV-3915,DEMO-3915,10,LOW,Older equipment,0,0
DEMO-DEV-3916,DEMO-3916,7,LOW,"",0,0
DEMO-DEV-3917,DEMO-3917,28,LOW,Repair cost high relative to purchase; Older equipment,0,2
DEMO-DEV-3918,DEMO-3918,86,HIGH,Frequent repairs in last 365 days; Extended repair downtime; Repair cost high relative to purchase,4,60
DEMO-DEV-3919,DEMO-3919,97,HIGH,Frequent repairs in last 365 days; Extended repair downtime; Repair cost high relative to purchase; Older equipment,8,128
DEMO-DEV-3920,DEMO-3920,0,LOW,"",0,0
DEMO-DEV-3921,DEMO-3921,39,LOW,Extended repair downtime; Repair cost high relative to purchase,1,7
DEMO-DEV-3926,DEMO-3926,2,LOW,"",0,0
DEMO-DEV-3927,DEMO-3927,24,LOW,Extended repair downtime,1,7
DEMO-DEV-3928,DEMO-3928,14,LOW,"",0,6
DEMO-DEV-3929,DEMO-3929,9,LOW,Older equipment,0,0
DEMO-DEV-3930,DEMO-3930,1,LOW,"",0,0
DEMO-DEV-3931,DEMO-3931,2,LOW,"",0,0
DEMO-DEV-3934,DEMO-3934,13,LOW,Extended repair downtime,0,10
DEMO-DEV-3937,DEMO-3937,48,MEDIUM,Extended repair downtime; Repair cost high relative to purchase; Older equipment,1,11
DEMO-DEV-3938,DEMO-3938,4,LOW,"",0,0
DEMO-DEV-3939,DEMO-3939,39,LOW,Extended repair downtime; Repair cost high relative to purchase; Older equipment,0,11
DEMO-DEV-3940,DEMO-3940,9,LOW,"",0,4
DEMO-DEV-3941,DEMO-3941,30,LOW,Older equipment,1,3
DEMO-DEV-3942,DEMO-3942,75,HIGH,Frequent repairs in last 365 days; Extended repair downtime,5,61
DEMO-DEV-3943,DEMO-3943,35,LOW,Repair cost high relative to purchase,1,3
DEMO-DEV-3944,DEMO-3944,26,LOW,"",1,6
DEMO-DEV-3945,DEMO-3945,81,HIGH,Frequent repairs in last 365 days; Extended repair downtime; Older equipment,5,39
DEMO-DEV-3946,DEMO-3946,1,LOW,"",0,0
DEMO-DEV-3947,DEMO-3947,19,LOW,"",1,3
DEMO-DEV-3948,DEMO-3948,2,LOW,"",0,0
DEMO-DEV-3949,DEMO-3949,30,LOW,Extended repair downtime,1,12
DEMO-DEV-3950,DEMO-3950,74,HIGH,Frequent repairs in last 365 days; Extended repair downtime,8,90
DEMO-DEV-3951,DEMO-3951,6,LOW,"",0,0
DEMO-DEV-3952,DEMO-3952,7,LOW,"",0,0
DEMO-DEV-3953,DEMO-3953,31,LOW,Repair cost high relative to purchase; Older equipment,1,2
DEMO-DEV-3954,DEMO-3954,31,LOW,Extended repair downtime; Repair cost high relative to purchase,0,8
DEMO-DEV-3955,DEMO-3955,1,LOW,"",0,0
DEMO-DEV-3956,DEMO-3956,8,LOW,Older equipment,0,0
DEMO-DEV-3957,DEMO-3957,14,LOW,Extended repair downtime,0,11
DEMO-DEV-3958,DEMO-3958,34,LOW,Extended repair downtime,1,21
DEMO-DEV-3959,DEMO-3959,16,LOW,Extended repair downtime,0,11
DEMO-DEV-3961,DEMO-3961,9,LOW,Older equipment,0,0
DEMO-DEV-3962,DEMO-3962,85,HIGH,Frequent repairs in last 365 days; Extended repair downtime; Repair cost high relative to purchase,7,66
DEMO-DEV-3965,DEMO-3965,19,LOW,Extended repair downtime; Older equipment,0,11
DEMO-DEV-3967,DEMO-3967,38,LOW,Extended repair downtime; Repair cost high relative to purchase,1,7
DEMO-DEV-3968,DEMO-3968,40,MEDIUM,Extended repair downtime; Repair cost high relative to purchase,0,14
DEMO-DEV-3969,DEMO-3969,10,LOW,"",0,5
DEMO-DEV-3970,DEMO-3970,1,LOW,"",0,0
DEMO-DEV-3971,DEMO-3971,1,LOW,"",0,0
DEMO-DEV-3972,DEMO-3972,5,LOW,"",0,0
DEMO-DEV-3975,DEMO-3975,91,HIGH,Frequent repairs in last 365 days; Extended repair downtime; Repair cost high relative to purchase,5,52
DEMO-DEV-3976,DEMO-3976,9,LOW,Older equipment,0,0
DEMO-DEV-3977,DEMO-3977,46,MEDIUM,Extended repair downtime; Repair cost high relative to purchase,1,11
DEMO-DEV-3978,DEMO-3978,12,LOW,Extended repair downtime,0,9
DEMO-DEV-3979,DEMO-3979,20,LOW,Extended repair downtime; Older equipment,0,11
DEMO-DEV-3980,DEMO-3980,4,LOW,"",0,0
DEMO-DEV-3981,DEMO-3981,9,LOW,Extended repair downtime,0,7
DEMO-DEV-3982,DEMO-3982,34,LOW,Extended repair downtime; Older equipment,1,11
DEMO-DEV-3983,DEMO-3983,73,HIGH,Frequent repairs in last 365 days; Extended repair downtime,5,48
DEMO-DEV-3984,DEMO-3984,10,LOW,Older equipment,0,0
DEMO-DEV-3986,DEMO-3986,2,LOW,"",0,0
DEMO-DEV-3990,DEMO-3990,4,LOW,"",0,0
DEMO-DEV-3991,DEMO-3991,26,LOW,"",1,6
DEMO-DEV-3992,DEMO-3992,30,LOW,Extended repair downtime; Older equipment,0,12
DEMO-DEV-3993,DEMO-3993,6,LOW,"",0,0
DEMO-DEV-3994,DEMO-3994,98,HIGH,Frequent repairs in last 365 days; Extended repair downtime; Repair cost high relative to purchase; Older equipment,4,49
DEMO-DEV-3995,DEMO-3995,39,LOW,Repair cost high relative to purchase,1,5
DEMO-DEV-3996,DEMO-3996,8,LOW,Older equipment,0,0
DEMO-DEV-3997,DEMO-3997,16,LOW,Extended repair downtime,0,9
DEMO-DEV-3998,DEMO-3998,33,LOW,Repair cost high relative to purchase; Older equipment,0,6
DEMO-DEV-3999,DEMO-3999,23,LOW,Repair cost high relative to purchase; Older equipment,0,1
DEMO-DEV-4000,DEMO-4000,16,LOW,"",1,0
DEMO-DEV-4001,DEMO-4001,6,LOW,"",0,0
DEMO-DEV-4002,DEMO-4002,8,LOW,Older equipment,0,0
DEMO-DEV-4005,DEMO-4005,3,LOW,"",0,0
DEMO-DEV-4007,DEMO-4007,99,HIGH,Frequent repairs in last 365 days; Extended repair downtime; Repair cost high relative to purchase; Older equipment,6,78
DEMO-DEV-4008,DEMO-4008,13,LOW,"",0,3
DEMO-DEV-4011,DEMO-4011,3,LOW,"",0,0
DEMO-DEV-4012,DEMO-4012,1,LOW,"",0,0
DEMO-DEV-4013,DEMO-4013,9,LOW,Older equipment,0,0
DEMO-DEV-4016,DEMO-4016,31,LOW,Frequent repairs in last 365 days,2,3
DEMO-DEV-4018,DEMO-4018,37,LOW,Extended repair downtime,1,14
DEMO-DEV-4019,DEMO-4019,4,LOW,"",0,0
DEMO-DEV-4020,DEMO-4020,24,LOW,Extended repair downtime; Repair cost high relative to purchase,0,10
DEMO-DEV-4021,DEMO-4021,12,LOW,Extended repair downtime,0,8
DEMO-DEV-4022,DEMO-4022,27,LOW,Repair cost high relative to purchase,0,3
DEMO-DEV-4023,DEMO-4023,4,LOW,"",0,0
DEMO-DEV-4024,DEMO-4024,30,LOW,Frequent repairs in last 365 days,2,4
DEMO-DEV-4025,DEMO-4025,37,LOW,Extended repair downtime; Repair cost high relative to purchase,0,11
DEMO-DEV-4026,DEMO-4026,2,LOW,"",0,0
DEMO-DEV-4027,DEMO-4027,3,LOW,"",0,0
DEMO-DEV-4030,DEMO-4030,84,HIGH,Frequent repairs in last 365 days; Extended repair downtime; Older equipment,6,88
DEMO-DEV-4031,DEMO-4031,19,LOW,Extended repair downtime,0,9
DEMO-DEV-4032,DEMO-4032,39,LOW,Repair cost high relative to purchase,1,4
DEMO-DEV-4033,DEMO-4033,19,LOW,Extended repair downtime; Older equipment,0,10
DEMO-DEV-4034,DEMO-4034,49,MEDIUM,Extended repair downtime; Repair cost high relative to purchase; Older equipment,1,10
DEMO-DEV-4035,DEMO-4035,3,LOW,"",0,0
DEMO-DEV-4036,DEMO-4036,1,LOW,"",0,0
DEMO-DEV-4037,DEMO-4037,30,LOW,Extended repair downtime; Older equipment,1,10
DEMO-DEV-4038,DEMO-4038,31,LOW,Extended repair downtime; Older equipment,1,11
DEMO-DEV-4039,DEMO-4039,18,LOW,Extended repair downtime,0,12
DEMO-DEV-4040,DEMO-4040,9,LOW,Older equipment,0,0
DEMO-DEV-4041,DEMO-4041,17,LOW,"",1,4
DEMO-DEV-4045,DEMO-4045,27,LOW,"",1,5
DEMO-DEV-4046,DEMO-4046,3,LOW,"",0,0
DEMO-DEV-4047,DEMO-4047,46,MEDIUM,Extended repair downtime; Repair cost high relative to purchase; Older equipment,1,7
DEMO-DEV-4048,DEMO-4048,8,LOW,"",0,6
DEMO-DEV-4049,DEMO-4049,21,LOW,Extended repair downtime,0,11
DEMO-DEV-4050,DEMO-4050,17,LOW,Extended repair downtime,0,9
DEMO-DEV-4051,DEMO-4051,4,LOW,"",0,0
DEMO-DEV-4052,DEMO-4052,15,LOW,"",1,0
DEMO-DEV-4053,DEMO-4053,5,LOW,"",0,0
DEMO-DEV-4056,DEMO-4056,7,LOW,"",0,0
DEMO-DEV-4059,DEMO-4059,7,LOW,"",0,0
DEMO-DEV-4060,DEMO-4060,6,LOW,"",0,1
DEMO-DEV-4061,DEMO-4061,1,LOW,"",0,0
DEMO-DEV-4062,DEMO-4062,28,LOW,Extended repair downtime; Older equipment,1,9
DEMO-DEV-4063,DEMO-4063,22,LOW,"",1,4
DEMO-DEV-4064,DEMO-4064,9,LOW,"",0,5
DEMO-DEV-4065,DEMO-4065,4,LOW,"",0,0
DEMO-DEV-4066,DEMO-4066,9,LOW,"",0,6
DEMO-DEV-4067,DEMO-4067,35,LOW,Extended repair downtime,1,20
DEMO-DEV-4068,DEMO-4068,77,HIGH,Frequent repairs in last 365 days; Extended repair downtime,7,73
DEMO-DEV-4073,DEMO-4073,31,LOW,Extended repair downtime,1,17
DEMO-DEV-4074,DEMO-4074,16,LOW,"",1,3
DEMO-DEV-4075,DEMO-4075,40,MEDIUM,Extended repair downtime; Repair cost high relative to purchase; Older equipment,0,12
DEMO-DEV-4076,DEMO-4076,8,LOW,Older equipment,0,0
DEMO-DEV-4077,DEMO-4077,27,LOW,Older equipment,1,6
DEMO-DEV-4078,DEMO-4078,3,LOW,"",0,0
DEMO-DEV-4079,DEMO-4079,3,LOW,"",0,0
DEMO-DEV-4080,DEMO-4080,6,LOW,"",0,0
DEMO-DEV-4081,DEMO-4081,4,LOW,"",0,0
DEMO-DEV-4082,DEMO-4082,84,HIGH,Frequent repairs in last 365 days; Extended repair downtime; Older equipment,7,82
DEMO-DEV-4085,DEMO-4085,8,LOW,Older equipment,0,0
DEMO-DEV-4086,DEMO-4086,34,LOW,Repair cost high relative to purchase; Older equipment,0,6
DEMO-DEV-4087,DEMO-4087,5,LOW,"",0,0
DEMO-DEV-4088,DEMO-4088,91,HIGH,Frequent repairs in last 365 days; Extended repair downtime; Repair cost high relative to purchase,6,68
DEMO-DEV-4089,DEMO-4089,9,LOW,Older equipment,0,0
DEMO-DEV-4090,DEMO-4090,5,LOW,"",0,0
DEMO-DEV-4091,DEMO-4091,6,LOW,"",0,0
DEMO-DEV-4093,DEMO-4093,8,LOW,Older equipment,0,0
DEMO-DEV-4094,DEMO-4094,7,LOW,"",0,0
DEMO-DEV-4097,DEMO-4097,4,LOW,"",0,0
DEMO-DEV-4098,DEMO-4098,5,LOW,"",0,0
DEMO-DEV-4099,DEMO-4099,9,LOW,"",0,5
DEMO-DEV-4100,DEMO-4100,16,LOW,"",0,1
DEMO-DEV-4102,DEMO-4102,15,LOW,Older equipment,0,6
DEMO-DEV-4103,DEMO-4103,19,LOW,Extended repair downtime,0,12
DEMO-DEV-4104,DEMO-4104,3,LOW,"",0,0
DEMO-DEV-4105,DEMO-4105,23,LOW,Repair cost high relative to purchase,0,2
DEMO-DEV-4106,DEMO-4106,15,LOW,Extended repair downtime; Older equipment,0,8
DEMO-DEV-4107,DEMO-4107,9,LOW,Older equipment,0,0
DEMO-DEV-4108,DEMO-4108,20,LOW,Older equipment,1,0
DEMO-DEV-4112,DEMO-4112,2,LOW,"",0,0
DEMO-DEV-4113,DEMO-4113,16,LOW,Older equipment,0,4
DEMO-DEV-4114,DEMO-4114,5,LOW,"",0,0
DEMO-DEV-4115,DEMO-4115,6,LOW,"",0,0
DEMO-DEV-4116,DEMO-4116,16,LOW,"",1,1
DEMO-DEV-4120,DEMO-4120,11,LOW,Extended repair downtime,0,7
DEMO-DEV-4121,DEMO-4121,95,HIGH,Frequent repairs in last 365 days; Extended repair downtime; Repair cost high relative to purchase,6,92
DEMO-DEV-4125,DEMO-4125,24,LOW,Repair cost high relative to purchase,0,1
DEMO-DEV-4126,DEMO-4126,21,LOW,Older equipment,0,4
DEMO-DEV-4127,DEMO-4127,43,MEDIUM,Extended repair downtime; Repair cost high relative to purchase,1,7
DEMO-DEV-4128,DEMO-4128,13,LOW,Extended repair downtime,0,7
DEMO-DEV-4129,DEMO-4129,10,LOW,Older equipment,0,0
DEMO-DEV-4130,DEMO-4130,4,LOW,"",0,0
DEMO-DEV-4131,DEMO-4131,14,LOW,Repair cost high relative to purchase,0,1
DEMO-DEV-4132,DEMO-4132,19,LOW,Extended repair downtime; Older equipment,0,9
DEMO-DEV-4133,DEMO-4133,9,LOW,Older equipment,0,0
DEMO-DEV-4134,DEMO-4134,3,LOW,"",0,0
DEMO-DEV-4135,DEMO-4135,88,HIGH,Frequent repairs in last 365 days; Extended repair downtime; Repair cost high relative to purchase,4,44
DEMO-DEV-4138,DEMO-4138,2,LOW,"",0,0
DEMO-DEV-4139,DEMO-4139,1,LOW,"",0,0
DEMO-DEV-4140,DEMO-4140,43,MEDIUM,Repair cost high relative to purchase; Older equipment,1,4
DEMO-DEV-4141,DEMO-4141,6,LOW,"",0,0
DEMO-DEV-4142,DEMO-4142,6,LOW,"",0,0
DEMO-DEV-4143,DEMO-4143,13,LOW,Extended repair downtime,0,8
DEMO-DEV-4144,DEMO-4144,34,LOW,Extended repair downtime,1,15
DEMO-DEV-4145,DEMO-4145,22,LOW,Extended repair downtime,1,9
DEMO-DEV-4146,DEMO-4146,18,LOW,Repair cost high relative to purchase,0,0
DEMO-DEV-4147,DEMO-4147,14,LOW,Extended repair downtime,0,9
DEMO-DEV-4148,DEMO-4148,1,LOW,"",0,0
DEMO-DEV-4149,DEMO-4149,9,LOW,Older equipment,0,0
DEMO-DEV-4150,DEMO-4150,90,HIGH,Frequent repairs in last 365 days; Extended repair downtime; Repair cost high relative to purchase,7,76
DEMO-DEV-4154,DEMO-4154,29,LOW,Extended repair downtime; Repair cost high relative to purchase,0,8
DEMO-DEV-4155,DEMO-4155,10,LOW,Older equipment,0,0
DEMO-DEV-4156,DEMO-4156,5,LOW,"",0,0
DEMO-DEV-4157,DEMO-4157,5,LOW,"",0,0
DEMO-DEV-4158,DEMO-4158,99,HIGH,Frequent repairs in last 365 days; Extended repair downtime; Repair cost high relative to purchase; Older equipment,4,72
DEMO-DEV-4159,DEMO-4159,33,LOW,Extended repair downtime; Repair cost high relative to purchase,0,8
DEMO-DEV-4160,DEMO-4160,24,LOW,Extended repair downtime,1,10
DEMO-DEV-4161,DEMO-4161,3,LOW,"",0,0
DEMO-DEV-4162,DEMO-4162,32,LOW,Extended repair downtime; Repair cost high relative to purchase; Older equipment,0,9
DEMO-DEV-4163,DEMO-4163,23,LOW,Extended repair downtime,1,10
DEMO-DEV-4165,DEMO-4165,20,LOW,"",1,5
DEMO-DEV-4166,DEMO-4166,8,LOW,"",0,6
DEMO-DEV-4167,DEMO-4167,7,LOW,Older equipment,0,0
DEMO-DEV-4168,DEMO-4168,23,LOW,Extended repair downtime,0,15
DEMO-DEV-4169,DEMO-4169,5,LOW,"",0,0
DEMO-DEV-4170,DEMO-4170,12,LOW,Extended repair downtime,0,8
DEMO-DEV-4171,DEMO-4171,19,LOW,Extended repair downtime,0,12
DEMO-DEV-4172,DEMO-4172,5,LOW,"",0,0
DEMO-DEV-4173,DEMO-4173,9,LOW,Older equipment,0,0
DEMO-DEV-4174,DEMO-4174,3,LOW,"",0,0
DEMO-DEV-4175,DEMO-4175,9,LOW,Older equipment,0,0
DEMO-DEV-4176,DEMO-4176,37,LOW,Extended repair downtime,1,17
DEMO-DEV-4180,DEMO-4180,96,HIGH,Frequent repairs in last 365 days; Extended repair downtime; Repair cost high relative to purchase,7,82
DEMO-DEV-4181,DEMO-4181,66,MEDIUM,Frequent repairs in last 365 days; Extended repair downtime,4,19
DEMO-DEV-4183,DEMO-4183,5,LOW,"",0,0
DEMO-DEV-4184,DEMO-4184,1,LOW,"",0,0
DEMO-DEV-4185,DEMO-4185,57,MEDIUM,Frequent repairs in last 365 days; Extended repair downtime; Repair cost high relative to purchase,2,11
DEMO-DEV-4186,DEMO-4186,20,LOW,Extended repair downtime,0,9
DEMO-DEV-4187,DEMO-4187,1,LOW,"",0,0
DEMO-DEV-4188,DEMO-4188,30,LOW,Extended repair downtime; Older equipment,1,11
DEMO-DEV-4189,DEMO-4189,3,LOW,"",0,0
DEMO-DEV-4190,DEMO-4190,7,LOW,"",0,0
DEMO-DEV-4193,DEMO-4193,26,LOW,Extended repair downtime,1,12
DEMO-DEV-4195,DEMO-4195,7,LOW,"",0,0
DEMO-DEV-4196,DEMO-4196,18,LOW,"",1,6
DEMO-DEV-4197,DEMO-4197,30,LOW,Repair cost high relative to purchase; Older equipment,0,2
DEMO-DEV-4198,DEMO-4198,93,HIGH,Frequent repairs in last 365 days; Extended repair downtime; Repair cost high relative to purchase,5,48
DEMO-DEV-4199,DEMO-4199,42,MEDIUM,Extended repair downtime; Repair cost high relative to purchase,1,7
DEMO-DEV-4200,DEMO-4200,0,LOW,"",0,0
DEMO-DEV-4202,DEMO-4202,5,LOW,"",0,0
DEMO-DEV-4203,DEMO-4203,8,LOW,Older equipment,0,0
DEMO-DEV-4204,DEMO-4204,40,MEDIUM,Frequent repairs in last 365 days; Extended repair downtime; Older equipment,2,13
DEMO-DEV-4205,DEMO-4205,2,LOW,"",0,0
DEMO-DEV-4206,DEMO-4206,4,LOW,"",0,0
DEMO-DEV-4207,DEMO-4207,10,LOW,Older equipment,0,0
DEMO-DEV-4208,DEMO-4208,6,LOW,"",0,0
DEMO-DEV-4212,DEMO-4212,67,MEDIUM,Frequent repairs in last 365 days; Extended repair downtime,4,21
DEMO-DEV-4213,DEMO-4213,6,LOW,"",0,0
DEMO-DEV-4214,DEMO-4214,11,LOW,Older equipment,0,1
DEMO-DEV-4215,DEMO-4215,2,LOW,"",0,0
DEMO-DEV-4216,DEMO-4216,1,LOW,"",0,0
DEMO-DEV-4217,DEMO-4217,1,LOW,"",0,0
DEMO-DEV-4219,DEMO-4219,10,LOW,Older equipment,0,0
DEMO-DEV-4220,DEMO-4220,7,LOW,"",0,0
DEMO-DEV-4221,DEMO-4221,25,LOW,Repair cost high relative to purchase,0,0
DEMO-DEV-4222,DEMO-4222,6,LOW,"",0,0
DEMO-DEV-4223,DEMO-4223,7,LOW,"",0,0
DEMO-DEV-4224,DEMO-4224,15,LOW,"",1,0
DEMO-DEV-4225,DEMO-4225,47,MEDIUM,Frequent repairs in last 365 days; Repair cost high relative to purchase,2,4
DEMO-DEV-4226,DEMO-4226,11,LOW,Older equipment,0,2
DEMO-DEV-4227,DEMO-4227,26,LOW,Extended repair downtime; Older equipment,1,7
DEMO-DEV-4228,DEMO-4228,1,LOW,"",0,0
DEMO-DEV-4229,DEMO-4229,6,LOW,"",0,0
DEMO-DEV-4230,DEMO-4230,3,LOW,"",0,0
DEMO-DEV-4231,DEMO-4231,7,LOW,Older equipment,0,0
DEMO-DEV-4234,DEMO-4234,48,MEDIUM,Extended repair downtime; Repair cost high relative to purchase; Older equipment,1,12
DEMO-DEV-4236,DEMO-4236,91,HIGH,Frequent repairs in last 365 days; Extended repair downtime; Repair cost high relative to purchase,8,106
DEMO-DEV-4237,DEMO-4237,5,LOW,"",0,0
DEMO-DEV-4238,DEMO-4238,1,LOW,"",0,0
DEMO-DEV-4239,DEMO-4239,37,LOW,Extended repair downtime; Repair cost high relative to purchase,0,11
DEMO-DEV-4240,DEMO-4240,26,LOW,Extended repair downtime,1,11
DEMO-DEV-4241,DEMO-4241,5,LOW,"",0,0
DEMO-DEV-4242,DEMO-4242,99,HIGH,Frequent repairs in last 365 days; Extended repair downtime; Repair cost high relative to purchase; Older equipment,7,52
DEMO-DEV-4243,DEMO-4243,14,LOW,Older equipment,0,3
DEMO-DEV-4245,DEMO-4245,2,LOW,"",0,0
DEMO-DEV-4247,DEMO-4247,1,LOW,"",0,0
DEMO-DEV-4248,DEMO-4248,24,LOW,Repair cost high relative to purchase,0,1
DEMO-DEV-4249,DEMO-4249,97,HIGH,Frequent repairs in last 365 days; Extended repair downtime; Repair cost high relative to purchase; Older equipment,4,77
DEMO-DEV-4250,DEMO-4250,16,LOW,Extended repair downtime,0,12
DEMO-DEV-4251,DEMO-4251,16,LOW,Extended repair downtime,0,10
DEMO-DEV-4252,DEMO-4252,4,LOW,"",0,2
DEMO-DEV-4253,DEMO-4253,12,LOW,Extended repair downtime,0,8
DEMO-DEV-4254,DEMO-4254,28,LOW,Extended repair downtime,1,11
DEMO-DEV-4255,DEMO-4255,22,LOW,Extended repair downtime; Repair cost high relative to purchase,0,11
DEMO-DEV-4256,DEMO-4256,6,LOW,"",0,0
DEMO-DEV-4257,DEMO-4257,9,LOW,Older equipment,0,0
DEMO-DEV-4258,DEMO-4258,20,LOW,Older equipment,0,6
DEMO-DEV-4259,DEMO-4259,25,LOW,"",1,6
DEMO-DEV-4260,DEMO-4260,26,LOW,Extended repair downtime; Older equipment,0,10
DEMO-DEV-4265,DEMO-4265,2,LOW,"",0,0
DEMO-DEV-4266,DEMO-4266,10,LOW,Older equipment,0,0
DEMO-DEV-4267,DEMO-4267,9,LOW,Older equipment,0,0
DEMO-DEV-4268,DEMO-4268,1,LOW,"",0,0
DEMO-DEV-4269,DEMO-4269,27,LOW,Extended repair downtime; Older equipment,1,8
DEMO-DEV-4270,DEMO-4270,17,LOW,Extended repair downtime,0,11
DEMO-DEV-4271,DEMO-4271,33,LOW,Extended repair downtime,1,12
DEMO-DEV-4272,DEMO-4272,35,LOW,Repair cost high relative to purchase,1,4
DEMO-DEV-4273,DEMO-4273,24,LOW,Older equipment,1,4
DEMO-DEV-4275,DEMO-4275,1,LOW,"",0,0
DEMO-DEV-4276,DEMO-4276,34,LOW,Extended repair downtime,1,7
DEMO-DEV-4279,DEMO-4279,77,HIGH,Frequent repairs in last 365 days; Extended repair downtime,7,91
DEMO-DEV-4280,DEMO-4280,34,LOW,Extended repair downtime; Older equipment,1,15
DEMO-DEV-4281,DEMO-4281,13,LOW,Older equipment,0,5
DEMO-DEV-4282,DEMO-4282,91,HIGH,Frequent repairs in last 365 days; Extended repair downtime; Repair cost high relative to purchase,8,124
DEMO-DEV-4283,DEMO-4283,1,LOW,"",0,0
DEMO-DEV-4284,DEMO-4284,26,LOW,Extended repair downtime,0,18
DEMO-DEV-4285,DEMO-4285,8,LOW,Older equipment,0,0
DEMO-DEV-4286,DEMO-4286,8,LOW,Older equipment,0,0
DEMO-DEV-4287,DEMO-4287,19,LOW,"",1,4
DEMO-DEV-4289,DEMO-4289,2,LOW,"",0,0
DEMO-DEV-4290,DEMO-4290,31,LOW,Extended repair downtime; Older equipment,1,11
DEMO-DEV-4291,DEMO-4291,75,HIGH,Frequent repairs in last 365 days; Extended repair downtime,5,53
DEMO-DEV-4292,DEMO-4292,19,LOW,"",1,3
DEMO-DEV-4293,DEMO-4293,98,HIGH,Frequent repairs in last 365 days; Extended repair downtime; Repair cost high relative to purchase; Older equipment,4,71
DEMO-DEV-4294,DEMO-4294,12,LOW,"",0,6
DEMO-DEV-4295,DEMO-4295,1,LOW,"",0,0
DEMO-DEV-4296,DEMO-4296,64,MEDIUM,Frequent repairs in last 365 days; Extended repair downtime; Repair cost high relative to purchase,2,18
DEMO-DEV-4297,DEMO-4297,13,LOW,"",0,2
DEMO-DEV-4298,DEMO-4298,3,LOW,"",0,0
DEMO-DEV-4299,DEMO-4299,8,LOW,Older equipment,0,0
DEMO-DEV-4300,DEMO-4300,48,MEDIUM,Extended repair downtime; Repair cost high relative to purchase; Older equipment,0,19
DEMO-DEV-4302,DEMO-4302,28,LOW,Extended repair downtime,1,10
DEMO-DEV-4305,DEMO-4305,28,LOW,Extended repair downtime,1,12
DEMO-DEV-4306,DEMO-4306,4,LOW,"",0,0
DEMO-DEV-4307,DEMO-4307,24,LOW,Extended repair downtime,1,7
DEMO-DEV-4308,DEMO-4308,45,MEDIUM,Extended repair downtime,1,21
DEMO-DEV-4309,DEMO-4309,3,LOW,"",0,2
DEMO-DEV-4310,DEMO-4310,29,LOW,Repair cost high relative to purchase,0,2
DEMO-DEV-4311,DEMO-4311,18,LOW,Older equipment,1,0
DEMO-DEV-4312,DEMO-4312,6,LOW,"",0,0
DEMO-DEV-4313,DEMO-4313,5,LOW,"",0,0
DEMO-DEV-4314,DEMO-4314,100,HIGH,Frequent repairs in last 365 days; Extended repair downtime; Repair cost high relative to purchase; Older equipment,5,49
DEMO-DEV-4315,DEMO-4315,6,LOW,"",0,0
DEMO-DEV-4317,DEMO-4317,23,LOW,"",1,0
DEMO-DEV-4318,DEMO-4318,22,LOW,Extended repair downtime,0,15
DEMO-DEV-4319,DEMO-4319,84,HIGH,Frequent repairs in last 365 days; Extended repair downtime; Repair cost high relative to purchase,5,17
DEMO-DEV-4320,DEMO-4320,44,MEDIUM,Repair cost high relative to purchase; Older equipment,1,6
DEMO-DEV-4321,DEMO-4321,15,LOW,Repair cost high relative to purchase,0,0
DEMO-DEV-4322,DEMO-4322,4,LOW,"",0,0
DEMO-DEV-4324,DEMO-4324,2,LOW,"",0,0
DEMO-DEV-4325,DEMO-4325,20,LOW,Extended repair downtime,0,8
DEMO-DEV-4326,DEMO-4326,39,LOW,Extended repair downtime; Repair cost high relative to purchase; Older equipment,0,10
DEMO-DEV-4327,DEMO-4327,12,LOW,Extended repair downtime,0,8
DEMO-DEV-4328,DEMO-4328,24,LOW,Extended repair downtime; Repair cost high relative to purchase,0,7
DEMO-DEV-4330,DEMO-4330,98,HIGH,Frequent repairs in last 365 days; Extended repair downtime; Repair cost high relative to purchase; Older equipment,5,54
DEMO-DEV-4331,DEMO-4331,8,LOW,Older equipment,0,0
DEMO-DEV-4335,DEMO-4335,6,LOW,"",0,0
DEMO-DEV-4336,DEMO-4336,4,LOW,"",0,0
DEMO-DEV-4337,DEMO-4337,29,LOW,Extended repair downtime; Older equipment,1,11
DEMO-DEV-4338,DEMO-4338,3,LOW,"",0,0
DEMO-DEV-4339,DEMO-4339,2,LOW,"",0,0
DEMO-DEV-4340,DEMO-4340,25,LOW,Extended repair downtime,1,12
DEMO-DEV-4341,DEMO-4341,17,LOW,"",1,0
DEMO-DEV-4343,DEMO-4343,24,LOW,Extended repair downtime,1,7
DEMO-DEV-4344,DEMO-4344,34,LOW,Frequent repairs in last 365 days; Older equipment,2,6
DEMO-DEV-4345,DEMO-4345,75,HIGH,Frequent repairs in last 365 days; Extended repair downtime,8,137
DEMO-DEV-4346,DEMO-4346,33,LOW,Extended repair downtime; Repair cost high relative to purchase,0,7
DEMO-DEV-4347,DEMO-4347,2,LOW,"",0,0
DEMO-DEV-4348,DEMO-4348,15,LOW,Extended repair downtime,0,8
DEMO-DEV-4349,DEMO-4349,1,LOW,"",0,0
DEMO-DEV-4350,DEMO-4350,7,LOW,Older equipment,0,0
DEMO-DEV-4351,DEMO-4351,15,LOW,"",0,6
DEMO-DEV-4352,DEMO-4352,83,HIGH,Frequent repairs in last 365 days; Extended repair downtime; Repair cost high relative to purchase,5,44
DEMO-DEV-4353,DEMO-4353,3,LOW,"",0,0
DEMO-DEV-4354,DEMO-4354,15,LOW,Extended repair downtime,0,9
DEMO-DEV-4356,DEMO-4356,5,LOW,"",0,0
DEMO-DEV-4357,DEMO-4357,10,LOW,"",0,6
DEMO-DEV-4358,DEMO-4358,25,LOW,Extended repair downtime; Repair cost high relative to purchase,0,7
DEMO-DEV-4359,DEMO-4359,93,HIGH,Frequent repairs in last 365 days; Extended repair downtime; Repair cost high relative to purchase,6,85
DEMO-DEV-4360,DEMO-4360,27,LOW,Extended repair downtime,1,8
DEMO-DEV-4361,DEMO-4361,31,LOW,Extended repair downtime; Repair cost high relative to purchase,0,11
DEMO-DEV-4362,DEMO-4362,28,LOW,"",1,5
DEMO-DEV-4363,DEMO-4363,22,LOW,"",1,0
DEMO-DEV-4364,DEMO-4364,6,LOW,"",0,0
DEMO-DEV-4365,DEMO-4365,11,LOW,Extended repair downtime,0,8
DEMO-DEV-4366,DEMO-4366,2,LOW,"",0,0
DEMO-DEV-4367,DEMO-4367,4,LOW,"",0,0
DEMO-DEV-4368,DEMO-4368,16,LOW,Extended repair downtime; Older equipment,0,7
DEMO-DEV-4372,DEMO-4372,11,LOW,Extended repair downtime,0,7
DEMO-DEV-4373,DEMO-4373,36,LOW,Frequent repairs in last 365 days; Extended repair downtime,2,11
DEMO-DEV-4374,DEMO-4374,42,MEDIUM,Extended repair downtime; Repair cost high relative to purchase,1,11
DEMO-DEV-4375,DEMO-4375,21,LOW,Older equipment,1,0
DEMO-DEV-4376,DEMO-4376,9,LOW,Older equipment,0,0
DEMO-DEV-4377,DEMO-4377,23,LOW,"",1,6
DEMO-DEV-4378,DEMO-4378,8,LOW,Older equipment,0,0
DEMO-DEV-4379,DEMO-4379,7,LOW,"",0,0
DEMO-DEV-4380,DEMO-4380,17,LOW,"",1,3
DEMO-DEV-4381,DEMO-4381,18,LOW,Older equipment,1,1
DEMO-DEV-4382,DEMO-4382,43,MEDIUM,Extended repair downtime; Older equipment,1,17
DEMO-DEV-4384,DEMO-4384,17,LOW,Repair cost high relative to purchase,0,2
DEMO-DEV-4386,DEMO-4386,7,LOW,"",0,1
DEMO-DEV-4387,DEMO-4387,25,LOW,Repair cost high relative to purchase,0,4
DEMO-DEV-4388,DEMO-4388,1,LOW,"",0,0
DEMO-DEV-4389,DEMO-4389,9,LOW,"",0,6
DEMO-DEV-4390,DEMO-4390,5,LOW,"",0,4
DEMO-DEV-4391,DEMO-4391,6,LOW,"",0,0
DEMO-DEV-4392,DEMO-4392,6,LOW,"",0,0
DEMO-DEV-4393,DEMO-4393,86,HIGH,Frequent repairs in last 365 days; Extended repair downtime; Older equipment,8,47
DEMO-DEV-4394,DEMO-4394,31,LOW,Extended repair downtime; Older equipment,1,9
DEMO-DEV-4395,DEMO-4395,73,HIGH,Frequent repairs in last 365 days; Extended repair downtime,6,64
DEMO-DEV-4398,DEMO-4398,96,HIGH,Frequent repairs in last 365 days; Extended repair downtime; Repair cost high relative to purchase; Older equipment,4,49
DEMO-DEV-4400,DEMO-4400,5,LOW,"",0,0
DEMO-DEV-4401,DEMO-4401,32,LOW,Extended repair downtime,1,18
DEMO-DEV-4402,DEMO-4402,0,LOW,"",0,0
DEMO-DEV-4403,DEMO-4403,15,LOW,Extended repair downtime,0,7
DEMO-DEV-4404,DEMO-4404,95,HIGH,Frequent repairs in last 365 days; Extended repair downtime; Repair cost high relative to purchase,6,41
DEMO-DEV-4405,DEMO-4405,82,HIGH,Frequent repairs in last 365 days; Extended repair downtime; Older equipment,8,84
DEMO-DEV-4406,DEMO-4406,10,LOW,Older equipment,0,0
DEMO-DEV-4407,DEMO-4407,5,LOW,"",0,0
DEMO-DEV-4408,DEMO-4408,13,LOW,Extended repair downtime,0,12
DEMO-DEV-4409,DEMO-4409,21,LOW,Extended repair downtime; Older equipment,0,10
DEMO-DEV-4412,DEMO-4412,6,LOW,"",0,0
DEMO-DEV-4413,DEMO-4413,8,LOW,"",0,5
DEMO-DEV-4414,DEMO-4414,14,LOW,Extended repair downtime,0,9
DEMO-DEV-4415,DEMO-4415,10,LOW,Older equipment,0,0
DEMO-DEV-4416,DEMO-4416,18,LOW,Extended repair downtime,0,11
DEMO-DEV-4417,DEMO-4417,20,LOW,Extended repair downtime,0,15
DEMO-DEV-4418,DEMO-4418,25,LOW,Extended repair downtime,1,12
DEMO-DEV-4419,DEMO-4419,37,LOW,Repair cost high relative to purchase,1,2
DEMO-DEV-4420,DEMO-4420,2,LOW,"",0,0
DEMO-DEV-4421,DEMO-4421,44,MEDIUM,Extended repair downtime; Repair cost high relative to purchase,1,10
DEMO-DEV-4422,DEMO-4422,39,LOW,Extended repair downtime; Repair cost high relative to purchase; Older equipment,0,11
DEMO-DEV-4423,DEMO-4423,26,LOW,Extended repair downtime,1,10
DEMO-DEV-4424,DEMO-4424,3,LOW,"",0,0
DEMO-DEV-4427,DEMO-4427,1,LOW,"",0,0
DEMO-DEV-4429,DEMO-4429,7,LOW,"",0,0
DEMO-DEV-4430,DEMO-4430,98,HIGH,Frequent repairs in last 365 days; Extended repair downtime; Repair cost high relative to purchase; Older equipment,6,65
DEMO-DEV-4431,DEMO-4431,10,LOW,Older equipment,0,0
DEMO-DEV-4432,DEMO-4432,34,LOW,Extended repair downtime,1,16
DEMO-DEV-4433,DEMO-4433,5,LOW,"",0,0
DEMO-DEV-4434,DEMO-4434,0,LOW,"",0,0
DEMO-DEV-4435,DEMO-4435,7,LOW,"",0,0
DEMO-DEV-4436,DEMO-4436,6,LOW,"",0,0
DEMO-DEV-4437,DEMO-4437,15,LOW,Extended repair downtime,0,11
DEMO-DEV-4438,DEMO-4438,23,LOW,Extended repair downtime; Older equipment,0,7
DEMO-DEV-4442,DEMO-4442,15,LOW,"",0,5
DEMO-DEV-4444,DEMO-4444,8,LOW,Older equipment,0,0
DEMO-DEV-4445,DEMO-4445,10,LOW,Extended repair downtime,0,7
DEMO-DEV-4446,DEMO-4446,24,LOW,Older equipment,1,1
DEMO-DEV-4447,DEMO-4447,15,LOW,Extended repair downtime,0,7
DEMO-DEV-4448,DEMO-4448,9,LOW,Extended repair downtime,0,7
DEMO-DEV-4449,DEMO-4449,16,LOW,Extended repair downtime,0,14
DEMO-DEV-4450,DEMO-4450,94,HIGH,Frequent repairs in last 365 days; Extended repair downtime; Repair cost high relative to purchase,5,28
DEMO-DEV-4451,DEMO-4451,42,MEDIUM,Extended repair downtime; Repair cost high relative to purchase,1,7
DEMO-DEV-4452,DEMO-4452,27,LOW,Older equipment,1,6
DEMO-DEV-4456,DEMO-4456,4,LOW,"",0,0
DEMO-DEV-4457,DEMO-4457,57,MEDIUM,Frequent repairs in last 365 days; Extended repair downtime; Repair cost high relative to purchase; Older equipment,2,9
DEMO-DEV-4458,DEMO-4458,15,LOW,Extended repair downtime,0,11
DEMO-DEV-4459,DEMO-4459,31,LOW,Extended repair downtime,1,15
DEMO-DEV-4461,DEMO-4461,8,LOW,"",0,1
DEMO-DEV-4462,DEMO-4462,9,LOW,"",0,4
DEMO-DEV-4463,DEMO-4463,22,LOW,Repair cost high relative to purchase,0,1
DEMO-DEV-4464,DEMO-4464,28,LOW,Extended repair downtime,1,9
DEMO-DEV-4465,DEMO-4465,4,LOW,"",0,0
DEMO-DEV-4466,DEMO-4466,99,HIGH,Frequent repairs in last 365 days; Extended repair downtime; Repair cost high relative to purchase; Older equipment,7,107
DEMO-DEV-4467,DEMO-4467,28,LOW,Extended repair downtime,1,15
DEMO-DEV-4470,DEMO-4470,75,HIGH,Frequent repairs in last 365 days; Extended repair downtime,6,57
DEMO-DEV-4471,DEMO-4471,8,LOW,Older equipment,0,0
DEMO-DEV-4472,DEMO-4472,93,HIGH,Frequent repairs in last 365 days; Extended repair downtime; Repair cost high relative to purchase,6,78
DEMO-DEV-4473,DEMO-4473,3,LOW,"",0,0
DEMO-DEV-4474,DEMO-4474,40,MEDIUM,Repair cost high relative to purchase; Older equipment,1,2
DEMO-DEV-4475,DEMO-4475,14,LOW,"",1,1
DEMO-DEV-4476,DEMO-4476,6,LOW,"",0,0
DEMO-DEV-4477,DEMO-4477,5,LOW,"",0,0
DEMO-DEV-4478,DEMO-4478,2,LOW,"",0,0
DEMO-DEV-4479,DEMO-4479,13,LOW,"",0,6
DEMO-DEV-4480,DEMO-4480,18,LOW,"",1,1
DEMO-DEV-4482,DEMO-4482,48,MEDIUM,Extended repair downtime; Repair cost high relative to purchase; Older equipment,1,10
DEMO-DEV-4484,DEMO-4484,24,LOW,Extended repair downtime,0,22
DEMO-DEV-4485,DEMO-4485,83,HIGH,Frequent repairs in last 365 days; Extended repair downtime; Older equipment,4,43
DEMO-DEV-4486,DEMO-4486,8,LOW,Older equipment,0,0
DEMO-DEV-4487,DEMO-4487,1,LOW,"",0,0
DEMO-DEV-4488,DEMO-4488,1,LOW,"",0,0
DEMO-DEV-4489,DEMO-4489,5,LOW,"",0,4
DEMO-DEV-4490,DEMO-4490,24,LOW,Extended repair downtime; Older equipment,0,12
DEMO-DEV-4491,DEMO-4491,40,MEDIUM,Repair cost high relative to purchase; Older equipment,1,1
DEMO-DEV-4492,DEMO-4492,6,LOW,"",0,0
DEMO-DEV-4493,DEMO-4493,5,LOW,"",0,0
DEMO-DEV-4494,DEMO-4494,29,LOW,Older equipment,1,5
DEMO-DEV-4497,DEMO-4497,7,LOW,Older equipment,0,0
DEMO-DEV-4502,DEMO-4502,31,LOW,Extended repair downtime,1,12
DEMO-DEV-4503,DEMO-4503,1,LOW,"",0,0
DEMO-DEV-4504,DEMO-4504,14,LOW,Extended repair downtime,0,11
DEMO-DEV-4505,DEMO-4505,27,LOW,Extended repair downtime,0,19
DEMO-DEV-4506,DEMO-4506,32,LOW,Repair cost high relative to purchase,1,0
DEMO-DEV-4507,DEMO-4507,31,LOW,Frequent repairs in last 365 days; Extended repair downtime,2,9
DEMO-DEV-4508,DEMO-4508,40,MEDIUM,Repair cost high relative to purchase,1,6
DEMO-DEV-4511,DEMO-4511,99,HIGH,Frequent repairs in last 365 days; Extended repair downtime; Repair cost high relative to purchase; Older equipment,6,87
DEMO-DEV-4512,DEMO-4512,26,LOW,Extended repair downtime,1,9
DEMO-DEV-4513,DEMO-4513,8,LOW,"",0,4
DEMO-DEV-4514,DEMO-4514,7,LOW,"",0,0
DEMO-DEV-4515,DEMO-4515,29,LOW,Extended repair downtime,1,13
DEMO-DEV-4516,DEMO-4516,5,LOW,"",0,0
DEMO-DEV-4517,DEMO-4517,5,LOW,"",0,0
DEMO-DEV-4518,DEMO-4518,36,LOW,Frequent repairs in last 365 days; Older equipment,2,4
DEMO-DEV-4519,DEMO-4519,15,LOW,Extended repair downtime,0,8
DEMO-DEV-4520,DEMO-4520,7,LOW,Older equipment,0,0
DEMO-DEV-4521,DEMO-4521,9,LOW,Older equipment,0,0
DEMO-DEV-4522,DEMO-4522,91,HIGH,Frequent repairs in last 365 days; Extended repair downtime; Repair cost high relative to purchase,7,121
DEMO-DEV-4526,DEMO-4526,14,LOW,"",0,6
DEMO-DEV-4528,DEMO-4528,7,LOW,Older equipment,0,0
DEMO-DEV-4530,DEMO-4530,5,LOW,"",0,0
DEMO-DEV-4531,DEMO-4531,14,LOW,"",0,6
DEMO-DEV-4532,DEMO-4532,18,LOW,Extended repair downtime; Older equipment,0,9
DEMO-DEV-4533,DEMO-4533,9,LOW,"",0,0
DEMO-DEV-4534,DEMO-4534,0,LOW,"",0,0
DEMO-DEV-4535,DEMO-4535,7,LOW,"",0,0
DEMO-DEV-4538,DEMO-4538,81,HIGH,Frequent repairs in last 365 days; Extended repair downtime; Older equipment,6,51
DEMO-DEV-4541,DEMO-4541,5,LOW,"",0,0
DEMO-DEV-4542,DEMO-4542,27,LOW,Repair cost high relative to purchase,0,6
DEMO-DEV-4543,DEMO-4543,17,LOW,"",1,0
DEMO-DEV-4544,DEMO-4544,27,LOW,Older equipment,1,6
DEMO-DEV-4545,DEMO-4545,97,HIGH,Frequent repairs in last 365 days; Extended repair downtime; Repair cost high relative to purchase,5,78
DEMO-DEV-4546,DEMO-4546,15,LOW,Older equipment,0,6
DEMO-DEV-4547,DEMO-4547,12,LOW,Older equipment,0,2
DEMO-DEV-4548,DEMO-4548,6,LOW,"",0,0
DEMO-DEV-4549,DEMO-4549,22,LOW,Extended repair downtime; Older equipment,0,11
DEMO-DEV-4552,DEMO-4552,81,HIGH,Frequent repairs in last 365 days; Extended repair downtime; Older equipment,7,84
DEMO-DEV-4554,DEMO-4554,1,LOW,"",0,0
DEMO-DEV-4561,DEMO-4561,77,HIGH,Frequent repairs in last 365 days; Extended repair downtime; Older equipment,6,23
DEMO-DEV-4562,DEMO-4562,34,LOW,Extended repair downtime; Older equipment,1,8
DEMO-DEV-4571,DEMO-4571,18,LOW,Repair cost high relative to purchase,0,6
DEMO-DEV-4572,DEMO-4572,37,LOW,Repair cost high relative to purchase,1,1
DEMO-DEV-4573,DEMO-4573,5,LOW,"",0,0
DEMO-DEV-4574,DEMO-4574,47,MEDIUM,Frequent repairs in last 365 days; Extended repair downtime; Older equipment,2,12
DEMO-DEV-4575,DEMO-4575,3,LOW,"",0,0
DEMO-DEV-4577,DEMO-4577,17,LOW,Older equipment,0,5
DEMO-DEV-4578,DEMO-4578,1,LOW,"",0,0
DEMO-DEV-4579,DEMO-4579,24,LOW,Extended repair downtime,1,7
DEMO-DEV-4580,DEMO-4580,15,LOW,"",1,0
DEMO-DEV-4581,DEMO-4581,22,LOW,Extended repair downtime; Older equipment,0,12
DEMO-DEV-4582,DEMO-4582,39,LOW,Extended repair downtime; Repair cost high relative to purchase; Older equipment,1,9
DEMO-DEV-4583,DEMO-4583,5,LOW,"",0,0
DEMO-DEV-4584,DEMO-4584,11,LOW,Extended repair downtime,0,7
DEMO-DEV-4586,DEMO-4586,3,LOW,"",0,0
DEMO-DEV-4588,DEMO-4588,9,LOW,Older equipment,0,0
DEMO-DEV-4589,DEMO-4589,2,LOW,"",0,0
DEMO-DEV-4592,DEMO-4592,19,LOW,Extended repair downtime,0,17
DEMO-DEV-4593,DEMO-4593,6,LOW,"",0,0
DEMO-DEV-4594,DEMO-4594,15,LOW,Extended repair downtime,0,11
DEMO-DEV-4595,DEMO-4595,16,LOW,"",0,4
DEMO-DEV-4596,DEMO-4596,47,MEDIUM,Extended repair downtime; Repair cost high relative to purchase,1,14
DEMO-DEV-4597,DEMO-4597,38,LOW,Frequent repairs in last 365 days; Extended repair downtime; Older equipment,2,10
DEMO-DEV-4598,DEMO-4598,8,LOW,Older equipment,0,0
DEMO-DEV-4599,DEMO-4599,18,LOW,Extended repair downtime,0,9
DEMO-DEV-4600,DEMO-4600,26,LOW,Repair cost high relative to purchase,0,0
DEMO-DEV-4601,DEMO-4601,9,LOW,Older equipment,0,0
DEMO-DEV-4602,DEMO-4602,4,LOW,"",0,0
DEMO-DEV-4603,DEMO-4603,1,LOW,"",0,0
DEMO-DEV-4605,DEMO-4605,3,LOW,"",0,0
DEMO-DEV-4606,DEMO-4606,8,LOW,Older equipment,0,0
DEMO-DEV-4607,DEMO-4607,4,LOW,"",0,0
DEMO-DEV-4608,DEMO-4608,40,MEDIUM,Frequent repairs in last 365 days; Extended repair downtime,2,19
DEMO-DEV-4609,DEMO-4609,30,LOW,Extended repair downtime; Repair cost high relative to purchase; Older equipment,0,9
DEMO-DEV-4610,DEMO-4610,41,MEDIUM,Repair cost high relative to purchase; Older equipment,1,4
DEMO-DEV-4611,DEMO-4611,48,MEDIUM,Extended repair downtime; Repair cost high relative to purchase; Older equipment,0,24
DEMO-DEV-4612,DEMO-4612,22,LOW,Extended repair downtime,1,10
DEMO-DEV-4613,DEMO-4613,0,LOW,"",0,0
DEMO-DEV-4614,DEMO-4614,1,LOW,"",0,0
DEMO-DEV-4615,DEMO-4615,10,LOW,Older equipment,0,1
DEMO-DEV-4616,DEMO-4616,23,LOW,Extended repair downtime; Older equipment,0,12
DEMO-DEV-4618,DEMO-4618,43,MEDIUM,Repair cost high relative to purchase; Older equipment,1,4
DEMO-DEV-4619,DEMO-4619,23,LOW,Extended repair downtime,0,10
DEMO-DEV-4620,DEMO-4620,3,LOW,"",0,0
DEMO-DEV-4621,DEMO-4621,5,LOW,"",0,0
DEMO-DEV-4622,DEMO-4622,5,LOW,"",0,0
DEMO-DEV-4623,DEMO-4623,25,LOW,Repair cost high relative to purchase; Older equipment,0,0
DEMO-DEV-4624,DEMO-4624,2,LOW,"",0,0
DEMO-DEV-4625,DEMO-4625,11,LOW,Extended repair downtime,0,10
DEMO-DEV-4626,DEMO-4626,33,LOW,Extended repair downtime; Older equipment,1,11
DEMO-DEV-4627,DEMO-4627,94,HIGH,Frequent repairs in last 365 days; Extended repair downtime; Repair cost high relative to purchase,7,80
DEMO-DEV-4628,DEMO-4628,29,LOW,Extended repair downtime; Older equipment,1,9
DEMO-DEV-4629,DEMO-4629,9,LOW,Older equipment,0,0
DEMO-DEV-4630,DEMO-4630,11,LOW,Extended repair downtime,0,10
DEMO-DEV-4632,DEMO-4632,6,LOW,"",0,0
DEMO-DEV-4633,DEMO-4633,15,LOW,"",0,2
DEMO-DEV-4635,DEMO-4635,21,LOW,Extended repair downtime; Older equipment,0,13
DEMO-DEV-4636,DEMO-4636,19,LOW,Extended repair downtime; Older equipment,0,10
DEMO-DEV-4639,DEMO-4639,4,LOW,"",0,0
DEMO-DEV-4641,DEMO-4641,4,LOW,"",0,0
DEMO-DEV-4642,DEMO-4642,6,LOW,"",0,0
DEMO-DEV-4646,DEMO-4646,25,LOW,Extended repair downtime,1,10
DEMO-DEV-4648,DEMO-4648,76,HIGH,Frequent repairs in last 365 days; Extended repair downtime,4,41
DEMO-DEV-4651,DEMO-4651,5,LOW,"",0,0
DEMO-DEV-4652,DEMO-4652,15,LOW,Extended repair downtime,0,7
DEMO-DEV-4653,DEMO-4653,21,LOW,Extended repair downtime,0,14
DEMO-DEV-4654,DEMO-4654,1,LOW,"",0,0
DEMO-DEV-4655,DEMO-4655,18,LOW,"",1,1
DEMO-DEV-4656,DEMO-4656,10,LOW,Older equipment,0,0
DEMO-DEV-4657,DEMO-4657,17,LOW,Repair cost high relative to purchase,0,3
DEMO-DEV-4658,DEMO-4658,5,LOW,"",0,0
DEMO-DEV-4660,DEMO-4660,31,LOW,Extended repair downtime,1,12
DEMO-DEV-4661,DEMO-4661,2,LOW,"",0,0
DEMO-DEV-4662,DEMO-4662,10,LOW,Extended repair downtime,0,8
DEMO-DEV-4663,DEMO-4663,14,LOW,Extended repair downtime,0,11
DEMO-DEV-4665,DEMO-4665,20,LOW,Extended repair downtime,0,13
DEMO-DEV-4666,DEMO-4666,3,LOW,"",0,0
DEMO-DEV-4667,DEMO-4667,18,LOW,Extended repair downtime; Older equipment,0,8
DEMO-DEV-4668,DEMO-4668,8,LOW,Older equipment,0,0
DEMO-DEV-4669,DEMO-4669,32,LOW,Extended repair downtime; Older equipment,0,22
DEMO-DEV-4670,DEMO-4670,19,LOW,Extended repair downtime; Older equipment,0,8
DEMO-DEV-4671,DEMO-4671,42,MEDIUM,Extended repair downtime; Repair cost high relative to purchase,1,7
DEMO-DEV-4672,DEMO-4672,14,LOW,Repair cost high relative to purchase,0,0
DEMO-DEV-4676,DEMO-4676,10,LOW,Older equipment,0,0
DEMO-DEV-4677,DEMO-4677,14,LOW,"",0,5
DEMO-DEV-4678,DEMO-4678,84,HIGH,Frequent repairs in last 365 days; Extended repair downtime; Older equipment,6,79
DEMO-DEV-4679,DEMO-4679,24,LOW,Extended repair downtime,1,9
DEMO-DEV-4680,DEMO-4680,24,LOW,Extended repair downtime,1,12
DEMO-DEV-4681,DEMO-4681,2,LOW,"",0,0
DEMO-DEV-4682,DEMO-4682,10,LOW,Older equipment,0,0
DEMO-DEV-4683,DEMO-4683,99,HIGH,Frequent repairs in last 365 days; Extended repair downtime; Repair cost high relative to purchase; Older equipment,5,37
DEMO-DEV-4684,DEMO-4684,83,HIGH,Frequent repairs in last 365 days; Extended repair downtime,7,91
DEMO-DEV-4685,DEMO-4685,47,MEDIUM,Extended repair downtime; Repair cost high relative to purchase; Older equipment,1,12
DEMO-DEV-4686,DEMO-4686,3,LOW,"",0,0
DEMO-DEV-4688,DEMO-4688,69,MEDIUM,Frequent repairs in last 365 days; Extended repair downtime,4,26
DEMO-DEV-4690,DEMO-4690,1,LOW,"",0,0
DEMO-DEV-4691,DEMO-4691,94,HIGH,Frequent repairs in last 365 days; Extended repair downtime; Repair cost high relative to purchase,8,76
DEMO-DEV-4692,DEMO-4692,14,LOW,Older equipment,0,0
DEMO-DEV-4693,DEMO-4693,17,LOW,"",1,2
DEMO-DEV-4694,DEMO-4694,29,LOW,Frequent repairs in last 365 days; Extended repair downtime,2,8
DEMO-DEV-4695,DEMO-4695,36,LOW,Extended repair downtime; Repair cost high relative to purchase; Older equipment,0,8
DEMO-DEV-4697,DEMO-4697,13,LOW,Extended repair downtime,0,12
DEMO-DEV-4698,DEMO-4698,41,MEDIUM,Frequent repairs in last 365 days; Extended repair downtime,2,18
DEMO-DEV-4699,DEMO-4699,22,LOW,Extended repair downtime,0,8
DEMO-DEV-4700,DEMO-4700,15,LOW,Extended repair downtime,0,8
DEMO-DEV-4702,DEMO-4702,5,LOW,"",0,0
DEMO-DEV-4703,DEMO-4703,17,LOW,"",1,0
DEMO-DEV-4704,DEMO-4704,12,LOW,"",0,2
DEMO-DEV-4705,DEMO-4705,5,LOW,"",0,0
DEMO-DEV-4707,DEMO-4707,18,LOW,Extended repair downtime,1,8
DEMO-DEV-4708,DEMO-4708,3,LOW,"",0,0
DEMO-DEV-4709,DEMO-4709,10,LOW,Extended repair downtime,0,8
DEMO-DEV-4710,DEMO-4710,14,LOW,Extended repair downtime,0,12
DEMO-DEV-4711,DEMO-4711,99,HIGH,Frequent repairs in last 365 days; Extended repair downtime; Repair cost high relative to purchase; Older equipment,8,74
DEMO-DEV-4712,DEMO-4712,30,LOW,Extended repair downtime,1,15
DEMO-DEV-4713,DEMO-4713,9,LOW,Older equipment,0,1
DEMO-DEV-4714,DEMO-4714,23,LOW,Extended repair downtime,1,10
DEMO-DEV-4717,DEMO-4717,25,LOW,Extended repair downtime,1,10
DEMO-DEV-4719,DEMO-4719,8,LOW,Older equipment,0,0
DEMO-DEV-4720,DEMO-4720,33,LOW,Extended repair downtime; Older equipment,0,17
DEMO-DEV-4721,DEMO-4721,5,LOW,"",0,2
DEMO-DEV-4722,DEMO-4722,22,LOW,Repair cost high relative to purchase,0,2
DEMO-DEV-4723,DEMO-4723,9,LOW,Older equipment,0,0
DEMO-DEV-4724,DEMO-4724,23,LOW,Older equipment,1,3
DEMO-DEV-4725,DEMO-4725,22,LOW,Extended repair downtime; Older equipment,0,12
DEMO-DEV-4726,DEMO-4726,20,LOW,"",1,6
DEMO-DEV-4727,DEMO-4727,9,LOW,Older equipment,0,0
DEMO-DEV-4731,DEMO-4731,21,LOW,Extended repair downtime,1,8
DEMO-DEV-4732,DEMO-4732,31,LOW,Repair cost high relative to purchase,1,1
DEMO-DEV-4733,DEMO-4733,8,LOW,Older equipment,0,0
DEMO-DEV-4734,DEMO-4734,85,HIGH,Frequent repairs in last 365 days; Extended repair downtime; Older equipment,4,56
DEMO-DEV-4735,DEMO-4735,15,LOW,Extended repair downtime,0,11
DEMO-DEV-4736,DEMO-4736,99,HIGH,Frequent repairs in last 365 days; Extended repair downtime; Repair cost high relative to purchase; Older equipment,7,112
DEMO-DEV-4738,DEMO-4738,8,LOW,Older equipment,0,0
DEMO-DEV-4739,DEMO-4739,12,LOW,Extended repair downtime,0,8
DEMO-DEV-4740,DEMO-4740,1,LOW,"",0,0
DEMO-DEV-4741,DEMO-4741,24,LOW,Extended repair downtime,1,8
DEMO-DEV-4743,DEMO-4743,4,LOW,"",0,0
DEMO-DEV-4744,DEMO-4744,33,LOW,Extended repair downtime; Repair cost high relative to purchase,0,7
DEMO-DEV-4745,DEMO-4745,14,LOW,Older equipment,0,4
DEMO-DEV-4746,DEMO-4746,94,HIGH,Frequent repairs in last 365 days; Extended repair downtime; Repair cost high relative to purchase,8,64
DEMO-DEV-4747,DEMO-4747,26,LOW,Extended repair downtime; Older equipment,0,16
DEMO-DEV-4748,DEMO-4748,38,LOW,Repair cost high relative to purchase,1,5
DEMO-DEV-4749,DEMO-4749,37,LOW,Extended repair downtime; Older equipment,1,10
DEMO-DEV-4750,DEMO-4750,38,LOW,Extended repair downtime; Older equipment,1,11
DEMO-DEV-4751,DEMO-4751,8,LOW,Older equipment,0,0
DEMO-DEV-4752,DEMO-4752,30,LOW,Extended repair downtime; Older equipment,0,12
DEMO-DEV-4753,DEMO-4753,29,LOW,Repair cost high relative to purchase,1,2
DEMO-DEV-4754,DEMO-4754,17,LOW,Extended repair downtime; Older equipment,0,8
DEMO-DEV-4755,DEMO-4755,36,LOW,Repair cost high relative to purchase,1,3
DEMO-DEV-4758,DEMO-4758,9,LOW,Extended repair downtime,0,8
DEMO-DEV-4759,DEMO-4759,25,LOW,Repair cost high relative to purchase,0,4
DEMO-DEV-4760,DEMO-4760,94,HIGH,Frequent repairs in last 365 days; Extended repair downtime; Repair cost high relative to purchase,8,76
DEMO-DEV-4761,DEMO-4761,5,LOW,"",0,0
DEMO-DEV-4762,DEMO-4762,13,LOW,Older equipment,0,5
DEMO-DEV-4763,DEMO-4763,3,LOW,"",0,0
DEMO-DEV-4764,DEMO-4764,17,LOW,Extended repair downtime,0,8
DEMO-DEV-4765,DEMO-4765,7,LOW,Older equipment,0,0
DEMO-DEV-4767,DEMO-4767,9,LOW,Older equipment,0,0
DEMO-DEV-4768,DEMO-4768,9,LOW,Older equipment,0,0
DEMO-DEV-4769,DEMO-4769,7,LOW,"",0,0
DEMO-DEV-4770,DEMO-4770,35,LOW,Repair cost high relative to purchase,1,0
DEMO-DEV-4773,DEMO-4773,7,LOW,Older equipment,0,0
DEMO-DEV-4774,DEMO-4774,6,LOW,"",0,0
DEMO-DEV-4775,DEMO-4775,29,LOW,Older equipment,1,2
DEMO-DEV-4776,DEMO-4776,20,LOW,"",1,0
DEMO-DEV-4777,DEMO-4777,30,LOW,Repair cost high relative to purchase; Older equipment,0,2
DEMO-DEV-4778,DEMO-4778,40,MEDIUM,Extended repair downtime,1,22
DEMO-DEV-4779,DEMO-4779,8,LOW,Older equipment,0,0
DEMO-DEV-4780,DEMO-4780,3,LOW,"",0,0
DEMO-DEV-4781,DEMO-4781,36,LOW,Extended repair downtime; Repair cost high relative to purchase,1,9
DEMO-DEV-4782,DEMO-4782,8,LOW,Older equipment,0,0
DEMO-DEV-4783,DEMO-4783,16,LOW,Extended repair downtime,0,9
DEMO-DEV-4786,DEMO-4786,17,LOW,Extended repair downtime; Older equipment,0,7
DEMO-DEV-4787,DEMO-4787,24,LOW,Extended repair downtime,1,7
DEMO-DEV-4788,DEMO-4788,4,LOW,"",0,1
DEMO-DEV-4789,DEMO-4789,4,LOW,"",0,0
DEMO-DEV-4790,DEMO-4790,23,LOW,Extended repair downtime,1,11
DEMO-DEV-4791,DEMO-4791,45,MEDIUM,Repair cost high relative to purchase; Older equipment,1,5
DEMO-DEV-4792,DEMO-4792,1,LOW,"",0,0
DEMO-DEV-4793,DEMO-4793,34,LOW,Extended repair downtime; Repair cost high relative to purchase,1,11
DEMO-DEV-4794,DEMO-4794,49,MEDIUM,Extended repair downtime; Repair cost high relative to purchase; Older equipment,1,11
DEMO-DEV-4795,DEMO-4795,26,LOW,Older equipment,1,0
DEMO-DEV-4796,DEMO-4796,6,LOW,"",0,0
DEMO-DEV-4799,DEMO-4799,31,LOW,Repair cost high relative to purchase; Older equipment,1,2
DEMO-DEV-4800,DEMO-4800,2,LOW,"",0,0
DEMO-DEV-4801,DEMO-4801,52,MEDIUM,Frequent repairs in last 365 days; Extended repair downtime; Older equipment,2,18
DEMO-DEV-4802,DEMO-4802,6,LOW,"",0,0
DEMO-DEV-4803,DEMO-4803,19,LOW,"",1,5
DEMO-DEV-4804,DEMO-4804,15,LOW,Extended repair downtime,0,11
DEMO-DEV-4805,DEMO-4805,21,LOW,Extended repair downtime,0,10
DEMO-DEV-4806,DEMO-4806,14,LOW,"",1,2
DEMO-DEV-4807,DEMO-4807,18,LOW,Extended repair downtime,0,11
DEMO-DEV-4808,DEMO-4808,30,LOW,Extended repair downtime,1,14
DEMO-DEV-4809,DEMO-4809,16,LOW,Extended repair downtime,0,7
DEMO-DEV-4810,DEMO-4810,5,LOW,"",0,4
DEMO-DEV-4811,DEMO-4811,7,LOW,Older equipment,0,0
DEMO-DEV-4813,DEMO-4813,8,LOW,Older equipment,0,0
DEMO-DEV-4817,DEMO-4817,9,LOW,Older equipment,0,0
DEMO-DEV-4819,DEMO-4819,11,LOW,Extended repair downtime,0,8
DEMO-DEV-4820,DEMO-4820,1,LOW,"",0,0
DEMO-DEV-4821,DEMO-4821,79,HIGH,Frequent repairs in last 365 days; Extended repair downtime,7,49
DEMO-DEV-4822,DEMO-4822,20,LOW,"",0,5
DEMO-DEV-4823,DEMO-4823,6,LOW,"",0,0
DEMO-DEV-4824,DEMO-4824,5,LOW,"",0,0
DEMO-DEV-4825,DEMO-4825,20,LOW,Older equipment,0,5
DEMO-DEV-4826,DEMO-4826,2,LOW,"",0,0
DEMO-DEV-4827,DEMO-4827,49,MEDIUM,Extended repair downtime; Older equipment,1,23
DEMO-DEV-4828,DEMO-4828,40,MEDIUM,Extended repair downtime; Older equipment,1,20
DEMO-DEV-4829,DEMO-4829,4,LOW,"",0,0
DEMO-DEV-4830,DEMO-4830,26,LOW,Extended repair downtime,1,8
DEMO-DEV-4831,DEMO-4831,10,LOW,Older equipment,0,0
DEMO-DEV-4832,DEMO-4832,4,LOW,"",0,0
DEMO-DEV-4833,DEMO-4833,9,LOW,Older equipment,0,0
DEMO-DEV-4834,DEMO-4834,9,LOW,Older equipment,0,0
DEMO-DEV-4835,DEMO-4835,8,LOW,Older equipment,0,0
DEMO-DEV-4836,DEMO-4836,8,LOW,Older equipment,0,0
DEMO-DEV-4837,DEMO-4837,17,LOW,Extended repair downtime; Older equipment,0,8
DEMO-DEV-4838,DEMO-4838,22,LOW,Extended repair downtime,1,10
DEMO-DEV-4839,DEMO-4839,35,LOW,Frequent repairs in last 365 days; Older equipment,2,6
DEMO-DEV-4842,DEMO-4842,22,LOW,Older equipment,0,6
DEMO-DEV-4845,DEMO-4845,53,MEDIUM,Frequent repairs in last 365 days; Extended repair downtime; Older equipment,2,23
DEMO-DEV-4846,DEMO-4846,4,LOW,"",0,0
DEMO-DEV-4847,DEMO-4847,8,LOW,Older equipment,0,0
DEMO-DEV-4848,DEMO-4848,8,LOW,Older equipment,0,0
DEMO-DEV-4849,DEMO-4849,27,LOW,Extended repair downtime,1,10
DEMO-DEV-4850,DEMO-4850,12,LOW,Older equipment,0,3
DEMO-DEV-4851,DEMO-4851,2,LOW,"",0,0
DEMO-DEV-4852,DEMO-4852,85,HIGH,Frequent repairs in last 365 days; Extended repair downtime; Repair cost high relative to purchase,7,61
DEMO-DEV-4853,DEMO-4853,9,LOW,Older equipment,0,0
DEMO-DEV-4854,DEMO-4854,41,MEDIUM,Extended repair downtime; Repair cost high relative to purchase,1,12
DEMO-DEV-4857,DEMO-4857,4,LOW,"",0,0
DEMO-DEV-4858,DEMO-4858,28,LOW,Extended repair downtime,1,11
DEMO-DEV-4859,DEMO-4859,99,HIGH,Frequent repairs in last 365 days; Extended repair downtime; Repair cost high relative to purchase; Older equipment,7,77
DEMO-DEV-4863,DEMO-4863,7,LOW,"",0,0
DEMO-DEV-4864,DEMO-4864,6,LOW,"",0,3
DEMO-DEV-4865,DEMO-4865,84,HIGH,Frequent repairs in last 365 days; Extended repair downtime; Repair cost high relative to purchase,7,67
DEMO-DEV-4866,DEMO-4866,30,LOW,Extended repair downtime,0,16
DEMO-DEV-4868,DEMO-4868,9,LOW,"",0,1
DEMO-DEV-4869,DEMO-4869,95,HIGH,Frequent repairs in last 365 days; Extended repair downtime; Repair cost high relative to purchase,5,39
DEMO-DEV-4870,DEMO-4870,27,LOW,Older equipment,1,6
DEMO-DEV-4871,DEMO-4871,97,HIGH,Frequent repairs in last 365 days; Extended repair downtime; Repair cost high relative to purchase,4,45
DEMO-DEV-4872,DEMO-4872,3,LOW,"",0,0
DEMO-DEV-4873,DEMO-4873,45,MEDIUM,Frequent repairs in last 365 days; Repair cost high relative to purchase,2,4
DEMO-DEV-4874,DEMO-4874,7,LOW,Older equipment,0,0
DEMO-DEV-4875,DEMO-4875,19,LOW,Extended repair downtime,0,16
DEMO-DEV-4876,DEMO-4876,1,LOW,"",0,0
DEMO-DEV-4878,DEMO-4878,0,LOW,"",0,0
DEMO-DEV-4879,DEMO-4879,21,LOW,Older equipment,0,5
DEMO-DEV-4882,DEMO-4882,28,LOW,Extended repair downtime,1,14
DEMO-DEV-4883,DEMO-4883,8,LOW,Older equipment,0,0
DEMO-DEV-4884,DEMO-4884,8,LOW,Older equipment,0,0
DEMO-DEV-4885,DEMO-4885,16,LOW,Older equipment,0,6
DEMO-DEV-4886,DEMO-4886,9,LOW,Older equipment,0,0
DEMO-DEV-4887,DEMO-4887,2,LOW,"",0,0
DEMO-DEV-4888,DEMO-4888,15,LOW,Older equipment,0,0
DEMO-DEV-4889,DEMO-4889,26,LOW,Extended repair downtime,1,10
DEMO-DEV-4890,DEMO-4890,45,MEDIUM,Extended repair downtime; Repair cost high relative to purchase; Older equipment,1,16
DEMO-DEV-4891,DEMO-4891,20,LOW,Extended repair downtime,1,10
DEMO-DEV-4892,DEMO-4892,9,LOW,"",0,4
DEMO-DEV-4893,DEMO-4893,82,HIGH,Frequent repairs in last 365 days; Extended repair downtime; Older equipment,6,62
DEMO-DEV-4894,DEMO-4894,95,HIGH,Frequent repairs in last 365 days; Extended repair downtime; Repair cost high relative to purchase,7,28
DEMO-DEV-4899,DEMO-4899,22,LOW,Extended repair downtime; Older equipment,0,12
DEMO-DEV-4900,DEMO-4900,4,LOW,"",0,0
DEMO-DEV-4901,DEMO-4901,88,HIGH,Frequent repairs in last 365 days; Extended repair downtime; Repair cost high relative to purchase,6,24
DEMO-DEV-4902,DEMO-4902,22,LOW,Extended repair downtime,0,11
DEMO-DEV-4903,DEMO-4903,16,LOW,"",1,0
DEMO-DEV-4904,DEMO-4904,21,LOW,Extended repair downtime,1,7
DEMO-DEV-4905,DEMO-4905,19,LOW,Extended repair downtime; Older equipment,0,9
DEMO-DEV-4906,DEMO-4906,8,LOW,Older equipment,0,0
DEMO-DEV-4909,DEMO-4909,87,HIGH,Frequent repairs in last 365 days; Extended repair downtime; Repair cost high relative to purchase,8,64
DEMO-DEV-4912,DEMO-4912,24,LOW,"",1,6
DEMO-DEV-4913,DEMO-4913,2,LOW,"",0,0
DEMO-DEV-4916,DEMO-4916,8,LOW,Older equipment,0,0
DEMO-DEV-4917,DEMO-4917,1,LOW,"",0,0
DEMO-DEV-4918,DEMO-4918,15,LOW,"",1,1
DEMO-DEV-4919,DEMO-4919,4,LOW,"",0,0
DEMO-DEV-4920,DEMO-4920,23,LOW,Older equipment,1,1
DEMO-DEV-4921,DEMO-4921,20,LOW,"",1,3
DEMO-DEV-4924,DEMO-4924,7,LOW,Older equipment,0,0
DEMO-DEV-4926,DEMO-4926,33,LOW,Extended repair downtime; Repair cost high relative to purchase,0,9
DEMO-DEV-4927,DEMO-4927,28,LOW,Extended repair downtime,1,12
DEMO-DEV-4928,DEMO-4928,38,LOW,Extended repair downtime,1,17
DEMO-DEV-4929,DEMO-4929,7,LOW,Older equipment,0,0
DEMO-DEV-4930,DEMO-4930,10,LOW,Older equipment,0,0
DEMO-DEV-4931,DEMO-4931,3,LOW,"",0,0
DEMO-DEV-4932,DEMO-4932,11,LOW,Older equipment,0,3
DEMO-DEV-4933,DEMO-4933,28,LOW,Extended repair downtime; Older equipment,1,7
DEMO-DEV-4934,DEMO-4934,2,LOW,"",0,0
DEMO-DEV-4935,DEMO-4935,18,LOW,Repair cost high relative to purchase,0,0
DEMO-DEV-4938,DEMO-4938,97,HIGH,Frequent repairs in last 365 days; Extended repair downtime; Repair cost high relative to purchase,8,84
DEMO-DEV-4940,DEMO-4940,20,LOW,"",1,4
DEMO-DEV-4941,DEMO-4941,8,LOW,Older equipment,0,0
DEMO-DEV-4942,DEMO-4942,21,LOW,Extended repair downtime; Older equipment,0,12
DEMO-DEV-4943,DEMO-4943,56,MEDIUM,Frequent repairs in last 365 days; Extended repair downtime; Repair cost high relative to purchase; Older equipment,2,9
DEMO-DEV-4944,DEMO-4944,2,LOW,"",0,0
DEMO-DEV-4945,DEMO-4945,26,LOW,Extended repair downtime; Older equipment,1,7
DEMO-DEV-4946,DEMO-4946,3,LOW,"",0,0
DEMO-DEV-4947,DEMO-4947,8,LOW,"",0,0
DEMO-DEV-4948,DEMO-4948,7,LOW,Older equipment,0,0
DEMO-DEV-4951,DEMO-4951,6,LOW,"",0,0
DEMO-DEV-4952,DEMO-4952,97,HIGH,Frequent repairs in last 365 days; Extended repair downtime; Repair cost high relative to purchase,4,35
DEMO-DEV-4954,DEMO-4954,10,LOW,Older equipment,0,0
DEMO-DEV-4955,DEMO-4955,7,LOW,Older equipment,0,0
DEMO-DEV-4956,DEMO-4956,1,LOW,"",0,0
DEMO-DEV-4957,DEMO-4957,27,LOW,Extended repair downtime; Older equipment,1,7
DEMO-DEV-4958,DEMO-4958,6,LOW,"",0,3
DEMO-DEV-4959,DEMO-4959,12,LOW,"",0,4
DEMO-DEV-4960,DEMO-4960,9,LOW,Older equipment,0,0
DEMO-DEV-4961,DEMO-4961,7,LOW,Older equipment,0,0
DEMO-DEV-4962,DEMO-4962,0,LOW,"",0,0
DEMO-DEV-4964,DEMO-4964,4,LOW,"",0,0
DEMO-DEV-4965,DEMO-4965,18,LOW,"",1,2
DEMO-DEV-4966,DEMO-4966,7,LOW,"",0,0
DEMO-DEV-4967,DEMO-4967,58,MEDIUM,Extended repair downtime; Repair cost high relative to purchase,1,23
DEMO-DEV-4968,DEMO-4968,1,LOW,"",0,0
DEMO-DEV-4969,DEMO-4969,10,LOW,Extended repair downtime,0,7
DEMO-DEV-4970,DEMO-4970,1,LOW,"",0,0
DEMO-DEV-4971,DEMO-4971,20,LOW,"",1,3
DEMO-DEV-4972,DEMO-4972,2,LOW,"",0,0
DEMO-DEV-4973,DEMO-4973,27,LOW,Extended repair downtime; Older equipment,0,13
DEMO-DEV-4974,DEMO-4974,10,LOW,"",0,3
DEMO-DEV-4975,DEMO-4975,37,LOW,Frequent repairs in last 365 days; Extended repair downtime,2,12
DEMO-DEV-4976,DEMO-4976,12,LOW,Extended repair downtime,0,9
DEMO-DEV-4977,DEMO-4977,8,LOW,Older equipment,0,0
DEMO-DEV-4979,DEMO-4979,39,LOW,Extended repair downtime; Older equipment,1,17
DEMO-DEV-4981,DEMO-4981,3,LOW,"",0,0
DEMO-DEV-4982,DEMO-4982,20,LOW,Repair cost high relative to purchase,0,0
DEMO-DEV-4983,DEMO-4983,6,LOW,"",0,3
DEMO-DEV-4984,DEMO-4984,15,LOW,"",0,3
DEMO-DEV-4986,DEMO-4986,15,LOW,Older equipment,0,3
DEMO-DEV-4987,DEMO-4987,2,LOW,"",0,0
DEMO-DEV-4988,DEMO-4988,3,LOW,"",0,0
DEMO-DEV-4989,DEMO-4989,31,LOW,Extended repair downtime; Repair cost high relative to purchase,0,11
DEMO-DEV-4990,DEMO-4990,9,LOW,Older equipment,0,0
DEMO-DEV-4992,DEMO-4992,7,LOW,"",0,0
DEMO-DEV-4993,DEMO-4993,2,LOW,"",0,0
DEMO-DEV-4994,DEMO-4994,87,HIGH,Frequent repairs in last 365 days; Extended repair downtime; Older equipment,7,64
DEMO-DEV-4995,DEMO-4995,16,LOW,Repair cost high relative to purchase,0,2
DEMO-DEV-4996,DEMO-4996,94,HIGH,Frequent repairs in last 365 days; Extended repair downtime; Repair cost high relative to purchase; Older equipment,5,52
DEMO-DEV-4997,DEMO-4997,12,LOW,"",0,0
DEMO-DEV-4998,DEMO-4998,30,LOW,Repair cost high relative to purchase; Older equipment,0,3
DEMO-DEV-4999,DEMO-4999,29,LOW,Repair cost high relative to purchase; Older equipment,0,0
DEMO-DEV-5000,DEMO-5000,25,LOW,Repair cost high relative to purchase; Older equipment,0,5
DEMO-DEV-5001,DEMO-5001,23,LOW,Extended repair downtime,1,8
DEMO-DEV-5002,DEMO-5002,17,LOW,"",1,3
DEMO-DEV-5003,DEMO-5003,43,MEDIUM,Repair cost high relative to purchase; Older equipment,1,4
DEMO-DEV-5004,DEMO-5004,8,LOW,Older equipment,0,0
DEMO-DEV-5007,DEMO-5007,5,LOW,"",0,0
DEMO-DEV-5008,DEMO-5008,1,LOW,"",0,0
DEMO-DEV-5009,DEMO-5009,8,LOW,Older equipment,0,0
DEMO-DEV-5011,DEMO-5011,42,MEDIUM,Repair cost high relative to purchase; Older equipment,1,4
DEMO-DEV-5012,DEMO-5012,5,LOW,"",0,0
DEMO-DEV-5013,DEMO-5013,19,LOW,Older equipment,0,4
DEMO-DEV-5014,DEMO-5014,30,LOW,Extended repair downtime,1,17
DEMO-DEV-5015,DEMO-5015,19,LOW,"",0,6
DEMO-DEV-5016,DEMO-5016,0,LOW,"",0,0
DEMO-DEV-5017,DEMO-5017,12,LOW,Extended repair downtime,0,9
DEMO-DEV-5018,DEMO-5018,15,LOW,"",1,0
DEMO-DEV-5020,DEMO-5020,1,LOW,"",0,0
DEMO-DEV-5021,DEMO-5021,5,LOW,"",0,0
DEMO-DEV-5022,DEMO-5022,7,LOW,"",0,0
DEMO-DEV-5023,DEMO-5023,10,LOW,Older equipment,0,0
DEMO-DEV-5024,DEMO-5024,22,LOW,Extended repair downtime; Older equipment,0,10
DEMO-DEV-5025,DEMO-5025,3,LOW,"",0,0
DEMO-DEV-5026,DEMO-5026,17,LOW,Extended repair downtime; Older equipment,0,10
DEMO-DEV-5027,DEMO-5027,15,LOW,Older equipment,0,1
DEMO-DEV-5028,DEMO-5028,6,LOW,"",0,0
DEMO-DEV-5029,DEMO-5029,8,LOW,Older equipment,0,0
DEMO-DEV-5030,DEMO-5030,18,LOW,Extended repair downtime,0,11
DEMO-DEV-5031,DEMO-5031,9,LOW,Older equipment,0,0
DEMO-DEV-5032,DEMO-5032,28,LOW,Extended repair downtime,0,13
DEMO-DEV-5033,DEMO-5033,0,LOW,"",0,0
DEMO-DEV-5035,DEMO-5035,30,LOW,Extended repair downtime,1,17
DEMO-DEV-5037,DEMO-5037,64,MEDIUM,Frequent repairs in last 365 days; Extended repair downtime,4,19
DEMO-DEV-5040,DEMO-5040,54,MEDIUM,Extended repair downtime; Repair cost high relative to purchase; Older equipment,1,17
DEMO-DEV-5041,DEMO-5041,91,HIGH,Frequent repairs in last 365 days; Extended repair downtime; Repair cost high relative to purchase,8,110
DEMO-DEV-5042,DEMO-5042,24,LOW,"",1,4
DEMO-DEV-5043,DEMO-5043,13,LOW,Older equipment,0,4
DEMO-DEV-5044,DEMO-5044,30,LOW,Extended repair downtime; Repair cost high relative to purchase,0,10
DEMO-DEV-5045,DEMO-5045,26,LOW,Repair cost high relative to purchase,0,5
DEMO-DEV-5046,DEMO-5046,5,LOW,"",0,0
DEMO-DEV-5047,DEMO-5047,32,LOW,Extended repair downtime; Older equipment,1,8
DEMO-DEV-5048,DEMO-5048,23,LOW,Older equipment,1,4
DEMO-DEV-5052,DEMO-5052,81,HIGH,Frequent repairs in last 365 days; Extended repair downtime; Older equipment,4,52
DEMO-DEV-5054,DEMO-5054,5,LOW,"",0,0
DEMO-DEV-5056,DEMO-5056,39,LOW,Extended repair downtime; Repair cost high relative to purchase,1,11
DEMO-DEV-5057,DEMO-5057,11,LOW,"",0,2
DEMO-DEV-5058,DEMO-5058,14,LOW,"",1,2
DEMO-DEV-5059,DEMO-5059,1,LOW,"",0,0
DEMO-DEV-5060,DEMO-5060,35,LOW,Repair cost high relative to purchase; Older equipment,0,6
DEMO-DEV-5062,DEMO-5062,6,LOW,"",0,0
DEMO-DEV-5063,DEMO-5063,2,LOW,"",0,0
DEMO-DEV-5064,DEMO-5064,3,LOW,"",0,0
DEMO-DEV-5065,DEMO-5065,0,LOW,"",0,0
DEMO-DEV-5066,DEMO-5066,13,LOW,"",0,3
DEMO-DEV-5067,DEMO-5067,49,MEDIUM,Frequent repairs in last 365 days; Repair cost high relative to purchase,2,5
DEMO-DEV-5068,DEMO-5068,1,LOW,"",0,0
DEMO-DEV-5069,DEMO-5069,8,LOW,Older equipment,0,0
DEMO-DEV-5070,DEMO-5070,1,LOW,"",0,0
DEMO-DEV-5071,DEMO-5071,8,LOW,Older equipment,0,0
DEMO-DEV-5072,DEMO-5072,78,HIGH,Frequent repairs in last 365 days; Extended repair downtime,7,59
DEMO-DEV-5073,DEMO-5073,48,MEDIUM,Extended repair downtime; Repair cost high relative to purchase; Older equipment,1,11
DEMO-DEV-5074,DEMO-5074,8,LOW,Older equipment,0,0
DEMO-DEV-5076,DEMO-5076,11,LOW,"",0,5
DEMO-DEV-5077,DEMO-5077,80,HIGH,Frequent repairs in last 365 days; Extended repair downtime,8,69
DEMO-DEV-5080,DEMO-5080,7,LOW,Older equipment,0,0
DEMO-DEV-5082,DEMO-5082,18,LOW,Extended repair downtime; Older equipment,0,9
DEMO-DEV-5084,DEMO-5084,37,LOW,Frequent repairs in last 365 days; Extended repair downtime; Older equipment,2,7
DEMO-DEV-5085,DEMO-5085,96,HIGH,Frequent repairs in last 365 days; Extended repair downtime; Repair cost high relative to purchase,6,52
DEMO-DEV-5086,DEMO-5086,17,LOW,"",1,2
DEMO-DEV-5087,DEMO-5087,22,LOW,"",1,6
DEMO-DEV-5088,DEMO-5088,38,LOW,Extended repair downtime; Repair cost high relative to purchase; Older equipment,0,19
DEMO-DEV-5091,DEMO-5091,46,MEDIUM,Extended repair downtime; Repair cost high relative to purchase; Older equipment,1,8
DEMO-DEV-5096,DEMO-5096,22,LOW,"",1,6
DEMO-DEV-5097,DEMO-5097,5,LOW,"",0,0
DEMO-DEV-5098,DEMO-5098,21,LOW,Extended repair downtime; Older equipment,0,9
DEMO-DEV-5099,DEMO-5099,21,LOW,"",1,6
DEMO-DEV-5100,DEMO-5100,2,LOW,"",0,0
DEMO-DEV-5101,DEMO-5101,13,LOW,Older equipment,0,1
DEMO-DEV-5102,DEMO-5102,14,LOW,Older equipment,0,0
DEMO-DEV-5105,DEMO-5105,24,LOW,Extended repair downtime,1,10
DEMO-DEV-5107,DEMO-5107,2,LOW,"",0,0
DEMO-DEV-5108,DEMO-5108,24,LOW,Repair cost high relative to purchase; Older equipment,0,0
DEMO-DEV-5109,DEMO-5109,2,LOW,"",0,0
DEMO-DEV-5110,DEMO-5110,15,LOW,"",1,1
DEMO-DEV-5111,DEMO-5111,87,HIGH,Frequent repairs in last 365 days; Extended repair downtime; Repair cost high relative to purchase,7,129
DEMO-DEV-5112,DEMO-5112,8,LOW,Older equipment,0,0
DEMO-DEV-5113,DEMO-5113,1,LOW,"",0,0
DEMO-DEV-5114,DEMO-5114,17,LOW,Extended repair downtime,0,14
DEMO-DEV-5115,DEMO-5115,5,LOW,"",0,0
DEMO-DEV-5116,DEMO-5116,13,LOW,Extended repair downtime,0,7
DEMO-DEV-5118,DEMO-5118,19,LOW,Extended repair downtime; Older equipment,0,9
DEMO-DEV-5119,DEMO-5119,41,MEDIUM,Extended repair downtime; Repair cost high relative to purchase,0,14
DEMO-DEV-5120,DEMO-5120,6,LOW,"",0,0
DEMO-DEV-5121,DEMO-5121,16,LOW,Older equipment,0,6
DEMO-DEV-5122,DEMO-5122,13,LOW,Older equipment,0,2
DEMO-DEV-5123,DEMO-5123,16,LOW,Extended repair downtime,0,10
DEMO-DEV-5124,DEMO-5124,28,LOW,Repair cost high relative to purchase,0,5
DEMO-DEV-5125,DEMO-5125,9,LOW,Older equipment,0,0
DEMO-DEV-5126,DEMO-5126,7,LOW,Older equipment,0,0
DEMO-DEV-5127,DEMO-5127,25,LOW,Extended repair downtime,1,11
DEMO-DEV-5128,DEMO-5128,6,LOW,"",0,1
DEMO-DEV-5129,DEMO-5129,8,LOW,Older equipment,0,0
DEMO-DEV-5130,DEMO-5130,35,LOW,Frequent repairs in last 365 days; Extended repair downtime,2,14
DEMO-DEV-5132,DEMO-5132,2,LOW,"",0,0
DEMO-DEV-5133,DEMO-5133,10,LOW,Older equipment,0,0
DEMO-DEV-5134,DEMO-5134,7,LOW,Older equipment,0,0
DEMO-DEV-5135,DEMO-5135,40,MEDIUM,Extended repair downtime; Older equipment,1,14
DEMO-DEV-5136,DEMO-5136,2,LOW,"",0,0
DEMO-DEV-5137,DEMO-5137,47,MEDIUM,Extended repair downtime; Repair cost high relative to purchase; Older equipment,1,8
DEMO-DEV-5138,DEMO-5138,5,LOW,"",0,0
DEMO-DEV-5140,DEMO-5140,38,LOW,Extended repair downtime; Repair cost high relative to purchase,1,9
DEMO-DEV-5141,DEMO-5141,4,LOW,"",0,0
DEMO-DEV-5142,DEMO-5142,35,LOW,Frequent repairs in last 365 days,2,5
DEMO-DEV-5143,DEMO-5143,15,LOW,Extended repair downtime,0,10
DEMO-DEV-5144,DEMO-5144,30,LOW,Extended repair downtime; Older equipment,1,11
DEMO-DEV-5145,DEMO-5145,0,LOW,"",0,0
DEMO-DEV-5149,DEMO-5149,8,LOW,Older equipment,0,0
DEMO-DEV-5150,DEMO-5150,13,LOW,"",0,6
DEMO-DEV-5151,DEMO-5151,4,LOW,"",0,0
DEMO-DEV-5152,DEMO-5152,3,LOW,"",0,0
DEMO-DEV-5153,DEMO-5153,2,LOW,"",0,0
DEMO-DEV-5154,DEMO-5154,3,LOW,"",0,0
DEMO-DEV-5155,DEMO-5155,36,LOW,Repair cost high relative to purchase,1,0
DEMO-DEV-5156,DEMO-5156,23,LOW,Extended repair downtime,1,9
DEMO-DEV-5157,DEMO-5157,26,LOW,Extended repair downtime,0,20
DEMO-DEV-5158,DEMO-5158,8,LOW,Older equipment,0,0
DEMO-DEV-5160,DEMO-5160,36,LOW,Extended repair downtime; Repair cost high relative to purchase,0,9
DEMO-DEV-5163,DEMO-5163,81,HIGH,Frequent repairs in last 365 days; Extended repair downtime,5,83
DEMO-DEV-5164,DEMO-5164,9,LOW,Older equipment,0,0
DEMO-DEV-5165,DEMO-5165,2,LOW,"",0,0
DEMO-DEV-5166,DEMO-5166,3,LOW,"",0,0
DEMO-DEV-5167,DEMO-5167,6,LOW,"",0,0
DEMO-DEV-5168,DEMO-5168,74,HIGH,Frequent repairs in last 365 days; Extended repair downtime,7,108
DEMO-DEV-5169,DEMO-5169,6,LOW,"",0,0
DEMO-DEV-5170,DEMO-5170,9,LOW,Older equipment,0,0
DEMO-DEV-5171,DEMO-5171,30,LOW,Extended repair downtime,1,15
DEMO-DEV-5172,DEMO-5172,46,MEDIUM,Extended repair downtime; Repair cost high relative to purchase,1,10
DEMO-DEV-5175,DEMO-5175,30,LOW,Extended repair downtime; Repair cost high relative to purchase,0,12
DEMO-DEV-5176,DEMO-5176,9,LOW,"",0,2
DEMO-DEV-5177,DEMO-5177,30,LOW,Extended repair downtime,1,8
DEMO-DEV-5180,DEMO-5180,93,HIGH,Frequent repairs in last 365 days; Extended repair downtime; Repair cost high relative to purchase,4,36
DEMO-DEV-5181,DEMO-5181,26,LOW,Older equipment,1,4
DEMO-DEV-5182,DEMO-5182,36,LOW,Repair cost high relative to purchase,1,0
DEMO-DEV-5183,DEMO-5183,11,LOW,Extended repair downtime,0,7
DEMO-DEV-5184,DEMO-5184,32,LOW,Extended repair downtime; Older equipment,1,12
DEMO-DEV-5185,DEMO-5185,19,LOW,"",1,6
DEMO-DEV-5186,DEMO-5186,24,LOW,"",1,0
DEMO-DEV-5187,DEMO-5187,14,LOW,Older equipment,0,6
DEMO-DEV-5188,DEMO-5188,96,HIGH,Frequent repairs in last 365 days; Extended repair downtime; Repair cost high relative to purchase; Older equipment,5,29
DEMO-DEV-5189,DEMO-5189,28,LOW,Extended repair downtime; Older equipment,0,14
DEMO-DEV-5190,DEMO-5190,7,LOW,Older equipment,0,0
DEMO-DEV-5191,DEMO-5191,30,LOW,Extended repair downtime; Repair cost high relative to purchase,0,8
DEMO-DEV-5192,DEMO-5192,11,LOW,Older equipment,0,4
DEMO-DEV-5193,DEMO-5193,1,LOW,"",0,0
DEMO-DEV-5194,DEMO-5194,24,LOW,Extended repair downtime,0,12
DEMO-DEV-5196,DEMO-5196,21,LOW,Extended repair downtime; Older equipment,0,12
DEMO-DEV-5197,DEMO-5197,10,LOW,Older equipment,0,0
DEMO-DEV-5198,DEMO-5198,28,LOW,"",1,3
DEMO-DEV-5199,DEMO-5199,20,LOW,Extended repair downtime; Older equipment,0,11
DEMO-DEV-5200,DEMO-5200,10,LOW,"",0,4
DEMO-DEV-5202,DEMO-5202,8,LOW,Older equipment,0,0
DEMO-DEV-5203,DEMO-5203,13,LOW,"",0,3
DEMO-DEV-5204,DEMO-5204,3,LOW,"",0,0
DEMO-DEV-5205,DEMO-5205,81,HIGH,Frequent repairs in last 365 days; Extended repair downtime; Older equipment,5,74
DEMO-DEV-5206,DEMO-5206,37,LOW,Extended repair downtime,1,13
DEMO-DEV-5207,DEMO-5207,5,LOW,"",0,0
DEMO-DEV-5208,DEMO-5208,3,LOW,"",0,0
DEMO-DEV-5209,DEMO-5209,30,LOW,Extended repair downtime; Older equipment,1,11
DEMO-DEV-5210,DEMO-5210,12,LOW,Extended repair downtime,0,8
DEMO-DEV-5211,DEMO-5211,5,LOW,"",0,0
DEMO-DEV-5212,DEMO-5212,3,LOW,"",0,0
DEMO-DEV-5213,DEMO-5213,89,HIGH,Frequent repairs in last 365 days; Extended repair downtime; Repair cost high relative to purchase,7,67
DEMO-DEV-5217,DEMO-5217,6,LOW,"",0,0
DEMO-DEV-5218,DEMO-5218,6,LOW,"",0,0
DEMO-DEV-5219,DEMO-5219,7,LOW,"",0,0
DEMO-DEV-5220,DEMO-5220,2,LOW,"",0,0
DEMO-DEV-5221,DEMO-5221,29,LOW,Extended repair downtime,1,11
DEMO-DEV-5222,DEMO-5222,39,LOW,Frequent repairs in last 365 days; Repair cost high relative to purchase,2,0
DEMO-DEV-5223,DEMO-5223,81,HIGH,Frequent repairs in last 365 days; Extended repair downtime; Older equipment,6,90
DEMO-DEV-5224,DEMO-5224,5,LOW,"",0,0
DEMO-DEV-5225,DEMO-5225,18,LOW,Repair cost high relative to purchase,0,0
DEMO-DEV-5226,DEMO-5226,8,LOW,Older equipment,0,0
DEMO-DEV-5227,DEMO-5227,38,LOW,Extended repair downtime; Repair cost high relative to purchase,0,15
DEMO-DEV-5228,DEMO-5228,93,HIGH,Frequent repairs in last 365 days; Extended repair downtime; Repair cost high relative to purchase,7,79
DEMO-DEV-5230,DEMO-5230,17,LOW,Extended repair downtime,0,12
DEMO-DEV-5235,DEMO-5235,9,LOW,"",0,1
DEMO-DEV-5236,DEMO-5236,40,MEDIUM,Extended repair downtime; Older equipment,1,17
DEMO-DEV-5237,DEMO-5237,45,MEDIUM,Extended repair downtime; Repair cost high relative to purchase,1,12
DEMO-DEV-5238,DEMO-5238,13,LOW,Extended repair downtime,0,10
DEMO-DEV-5239,DEMO-5239,4,LOW,"",0,0
DEMO-DEV-5240,DEMO-5240,9,LOW,Older equipment,0,0
DEMO-DEV-5241,DEMO-5241,74,HIGH,Frequent repairs in last 365 days; Extended repair downtime,6,72
DEMO-DEV-5242,DEMO-5242,6,LOW,"",0,0
DEMO-DEV-5243,DEMO-5243,22,LOW,Extended repair downtime,1,8
DEMO-DEV-5245,DEMO-5245,99,HIGH,Frequent repairs in last 365 days; Extended repair downtime; Repair cost high relative to purchase; Older equipment,7,52
DEMO-DEV-5249,DEMO-5249,8,LOW,Older equipment,0,0
DEMO-DEV-5250,DEMO-5250,27,LOW,Extended repair downtime,1,11
DEMO-DEV-5251,DEMO-5251,6,LOW,"",0,0
DEMO-DEV-5252,DEMO-5252,5,LOW,"",0,0
DEMO-DEV-5253,DEMO-5253,44,MEDIUM,Extended repair downtime; Repair cost high relative to purchase,0,17
DEMO-DEV-5254,DEMO-5254,16,LOW,Repair cost high relative to purchase,0,0
DEMO-DEV-5256,DEMO-5256,22,LOW,"",1,0
DEMO-DEV-5257,DEMO-5257,2,LOW,"",0,0
DEMO-DEV-5258,DEMO-5258,31,LOW,Extended repair downtime; Repair cost high relative to purchase,0,8
DEMO-DEV-5259,DEMO-5259,4,LOW,"",0,0
DEMO-DEV-5260,DEMO-5260,6,LOW,"",0,0
DEMO-DEV-5261,DEMO-5261,9,LOW,Older equipment,0,0
DEMO-DEV-5262,DEMO-5262,21,LOW,Extended repair downtime; Older equipment,0,10
DEMO-DEV-5263,DEMO-5263,29,LOW,Extended repair downtime,1,10
DEMO-DEV-5264,DEMO-5264,43,MEDIUM,Extended repair downtime; Older equipment,1,22
DEMO-DEV-5265,DEMO-5265,9,LOW,Older equipment,0,0
DEMO-DEV-5266,DEMO-5266,25,LOW,Extended repair downtime; Older equipment,0,11
DEMO-DEV-5267,DEMO-5267,1,LOW,"",0,0
DEMO-DEV-5268,DEMO-5268,9,LOW,"",0,4
DEMO-DEV-5271,DEMO-5271,7,LOW,"",0,5
DEMO-DEV-5272,DEMO-5272,4,LOW,"",0,0
DEMO-DEV-5273,DEMO-5273,23,LOW,Extended repair downtime,0,15
DEMO-DEV-5274,DEMO-5274,28,LOW,Repair cost high relative to purchase,0,6
DEMO-DEV-5275,DEMO-5275,3,LOW,"",0,0
DEMO-DEV-5276,DEMO-5276,6,LOW,"",0,0
DEMO-DEV-5277,DEMO-5277,20,LOW,Extended repair downtime; Older equipment,0,12
DEMO-DEV-5278,DEMO-5278,45,MEDIUM,Extended repair downtime; Repair cost high relative to purchase,1,9
DEMO-DEV-5279,DEMO-5279,36,LOW,Extended repair downtime,1,17
DEMO-DEV-5280,DEMO-5280,89,HIGH,Frequent repairs in last 365 days; Extended repair downtime; Repair cost high relative to purchase; Older equipment,5,21
DEMO-DEV-5281,DEMO-5281,20,LOW,Repair cost high relative to purchase,0,3
DEMO-DEV-5282,DEMO-5282,8,LOW,Older equipment,0,0
DEMO-DEV-5284,DEMO-5284,3,LOW,"",0,3
DEMO-DEV-5286,DEMO-5286,2,LOW,"",0,1
DEMO-DEV-5287,DEMO-5287,9,LOW,Older equipment,0,0
DEMO-DEV-5288,DEMO-5288,7,LOW,Older equipment,0,0
DEMO-DEV-5289,DEMO-5289,6,LOW,"",0,0
DEMO-DEV-5290,DEMO-5290,3,LOW,"",0,0
DEMO-DEV-5291,DEMO-5291,6,LOW,"",0,0
DEMO-DEV-5292,DEMO-5292,6,LOW,"",0,0
DEMO-DEV-5293,DEMO-5293,37,LOW,Repair cost high relative to purchase,1,3
DEMO-DEV-5294,DEMO-5294,41,MEDIUM,Repair cost high relative to purchase,1,5
DEMO-DEV-5295,DEMO-5295,98,HIGH,Frequent repairs in last 365 days; Extended repair downtime; Repair cost high relative to purchase; Older equipment,8,77
DEMO-DEV-5296,DEMO-5296,10,LOW,Older equipment,0,0
DEMO-DEV-5300,DEMO-5300,6,LOW,"",0,3
DEMO-DEV-5303,DEMO-5303,21,LOW,Extended repair downtime,1,10
DEMO-DEV-5304,DEMO-5304,22,LOW,Repair cost high relative to purchase,0,0
DEMO-DEV-5305,DEMO-5305,28,LOW,Extended repair downtime,1,10
DEMO-DEV-5306,DEMO-5306,75,HIGH,Frequent repairs in last 365 days; Extended repair downtime,5,28
DEMO-DEV-5307,DEMO-5307,10,LOW,Older equipment,0,1
DEMO-DEV-5308,DEMO-5308,14,LOW,Extended repair downtime,0,10
DEMO-DEV-5309,DEMO-5309,90,HIGH,Frequent repairs in last 365 days; Extended repair downtime; Repair cost high relative to purchase,8,114
DEMO-DEV-5310,DEMO-5310,19,LOW,Extended repair downtime,1,7
DEMO-DEV-5312,DEMO-5312,9,LOW,"",0,0
DEMO-DEV-5313,DEMO-5313,4,LOW,"",0,0
DEMO-DEV-5314,DEMO-5314,34,LOW,Repair cost high relative to purchase; Older equipment,0,5
DEMO-DEV-5315,DEMO-5315,2,LOW,"",0,0
DEMO-DEV-5316,DEMO-5316,78,HIGH,Frequent repairs in last 365 days; Extended repair downtime,7,81
DEMO-DEV-5317,DEMO-5317,6,LOW,"",0,0
DEMO-DEV-5318,DEMO-5318,34,LOW,Frequent repairs in last 365 days; Extended repair downtime,2,7
DEMO-DEV-5319,DEMO-5319,9,LOW,Older equipment,0,0
DEMO-DEV-5320,DEMO-5320,30,LOW,Extended repair downtime,1,12
DEMO-DEV-5321,DEMO-5321,78,HIGH,Frequent repairs in last 365 days; Extended repair downtime,5,44
DEMO-DEV-5322,DEMO-5322,98,HIGH,Frequent repairs in last 365 days; Extended repair downtime; Repair cost high relative to purchase; Older equipment,7,86
DEMO-DEV-5323,DEMO-5323,33,LOW,Repair cost high relative to purchase,1,5
DEMO-DEV-5324,DEMO-5324,20,LOW,Extended repair downtime,1,9
DEMO-DEV-5326,DEMO-5326,3,LOW,"",0,0
DEMO-DEV-5329,DEMO-5329,7,LOW,"",0,6
DEMO-DEV-5330,DEMO-5330,2,LOW,"",0,0
DEMO-DEV-5331,DEMO-5331,26,LOW,Repair cost high relative to purchase,0,4
DEMO-DEV-5332,DEMO-5332,12,LOW,"",1,0
DEMO-DEV-5333,DEMO-5333,7,LOW,"",0,0
DEMO-DEV-5334,DEMO-5334,2,LOW,"",0,0
DEMO-DEV-5335,DEMO-5335,8,LOW,Older equipment,0,0
DEMO-DEV-5336,DEMO-5336,42,MEDIUM,Extended repair downtime; Repair cost high relative to purchase,0,19
DEMO-DEV-5337,DEMO-5337,6,LOW,"",0,0
DEMO-DEV-5338,DEMO-5338,39,LOW,Extended repair downtime; Older equipment,1,10
DEMO-DEV-5341,DEMO-5341,23,LOW,Extended repair downtime,1,9
DEMO-DEV-5342,DEMO-5342,9,LOW,Older equipment,0,0
DEMO-DEV-5343,DEMO-5343,24,LOW,Extended repair downtime,1,7
DEMO-DEV-5344,DEMO-5344,6,LOW,"",0,0
DEMO-DEV-5346,DEMO-5346,3,LOW,"",0,0
DEMO-DEV-5347,DEMO-5347,30,LOW,Extended repair downtime,1,12
DEMO-DEV-5348,DEMO-5348,36,LOW,Frequent repairs in last 365 days; Older equipment,2,0
DEMO-DEV-5349,DEMO-5349,46,MEDIUM,Extended repair downtime; Repair cost high relative to purchase; Older equipment,1,7
DEMO-DEV-5350,DEMO-5350,1,LOW,"",0,0
DEMO-DEV-5351,DEMO-5351,37,LOW,Extended repair downtime; Repair cost high relative to purchase,0,11
DEMO-DEV-5355,DEMO-5355,1,LOW,"",0,0
DEMO-DEV-5357,DEMO-5357,23,LOW,Repair cost high relative to purchase,0,0
DEMO-DEV-5358,DEMO-5358,81,HIGH,Frequent repairs in last 365 days; Extended repair downtime; Older equipment,4,58
DEMO-DEV-5360,DEMO-5360,5,LOW,"",0,0
DEMO-DEV-5361,DEMO-5361,1,LOW,"",0,0
DEMO-DEV-5362,DEMO-5362,79,HIGH,Frequent repairs in last 365 days; Extended repair downtime,7,52
DEMO-DEV-5363,DEMO-5363,39,LOW,Repair cost high relative to purchase,1,2
DEMO-DEV-5364,DEMO-5364,19,LOW,Extended repair downtime,0,12
DEMO-DEV-5365,DEMO-5365,3,LOW,"",0,0
DEMO-DEV-5368,DEMO-5368,9,LOW,Older equipment,0,0
DEMO-DEV-5370,DEMO-5370,22,LOW,Extended repair downtime,1,7
DEMO-DEV-5371,DEMO-5371,7,LOW,"",0,0
DEMO-DEV-5373,DEMO-5373,1,LOW,"",0,0
DEMO-DEV-5376,DEMO-5376,6,LOW,"",0,0
DEMO-DEV-5377,DEMO-5377,36,LOW,Extended repair downtime; Older equipment,1,18
DEMO-DEV-5378,DEMO-5378,4,LOW,"",0,0
DEMO-DEV-5379,DEMO-5379,7,LOW,"",0,4
DEMO-DEV-5380,DEMO-5380,14,LOW,Extended repair downtime,0,8
DEMO-DEV-5382,DEMO-5382,6,LOW,"",0,0
DEMO-DEV-5385,DEMO-5385,4,LOW,"",0,0
DEMO-DEV-5386,DEMO-5386,9,LOW,Older equipment,0,0
DEMO-DEV-5387,DEMO-5387,3,LOW,"",0,0
DEMO-DEV-5388,DEMO-5388,10,LOW,"",0,3
DEMO-DEV-5389,DEMO-5389,7,LOW,Older equipment,0,0
DEMO-DEV-5390,DEMO-5390,13,LOW,"",0,5
DEMO-DEV-5391,DEMO-5391,17,LOW,Extended repair downtime; Older equipment,0,10
DEMO-DEV-5392,DEMO-5392,24,LOW,Extended repair downtime,0,15
DEMO-DEV-5393,DEMO-5393,29,LOW,Extended repair downtime; Older equipment,0,18
DEMO-DEV-5395,DEMO-5395,15,LOW,Extended repair downtime,0,8
DEMO-DEV-5396,DEMO-5396,2,LOW,"",0,0
DEMO-DEV-5397,DEMO-5397,22,LOW,Extended repair downtime; Older equipment,0,7
DEMO-DEV-5398,DEMO-5398,12,LOW,Older equipment,0,3
DEMO-DEV-5399,DEMO-5399,92,HIGH,Frequent repairs in last 365 days; Extended repair downtime; Repair cost high relative to purchase,7,85
DEMO-DEV-5400,DEMO-5400,1,LOW,"",0,0
DEMO-DEV-5401,DEMO-5401,36,LOW,Extended repair downtime; Older equipment,1,15
DEMO-DEV-5402,DEMO-5402,9,LOW,Older equipment,0,0
DEMO-DEV-5403,DEMO-5403,5,LOW,"",0,0
DEMO-DEV-5404,DEMO-5404,97,HIGH,Frequent repairs in last 365 days; Extended repair downtime; Repair cost high relative to purchase; Older equipment,7,57
DEMO-DEV-5405,DEMO-5405,43,MEDIUM,Repair cost high relative to purchase; Older equipment,1,5
DEMO-DEV-5406,DEMO-5406,3,LOW,"",0,0
DEMO-DEV-5410,DEMO-5410,74,HIGH,Frequent repairs in last 365 days; Extended repair downtime,6,71
DEMO-DEV-5411,DEMO-5411,23,LOW,Extended repair downtime,1,7
DEMO-DEV-5412,DEMO-5412,28,LOW,Extended repair downtime,1,14
DEMO-DEV-5413,DEMO-5413,25,LOW,Older equipment,1,5
DEMO-DEV-5414,DEMO-5414,26,LOW,Repair cost high relative to purchase,1,1
DEMO-DEV-5415,DEMO-5415,8,LOW,Older equipment,0,0
DEMO-DEV-5416,DEMO-5416,5,LOW,"",0,0
DEMO-DEV-5417,DEMO-5417,11,LOW,"",0,6
DEMO-DEV-5418,DEMO-5418,7,LOW,"",0,0
DEMO-DEV-5419,DEMO-5419,4,LOW,"",0,0
DEMO-DEV-5420,DEMO-5420,77,HIGH,Frequent repairs in last 365 days; Extended repair downtime,6,69
DEMO-DEV-5421,DEMO-5421,3,LOW,"",0,0
DEMO-DEV-5422,DEMO-5422,2,LOW,"",0,0
DEMO-DEV-5424,DEMO-5424,11,LOW,"",0,5
DEMO-DEV-5428,DEMO-5428,8,LOW,Older equipment,0,0
DEMO-DEV-5429,DEMO-5429,13,LOW,Older equipment,0,0
DEMO-DEV-5430,DEMO-5430,18,LOW,"",1,3
DEMO-DEV-5431,DEMO-5431,8,LOW,Older equipment,0,0
DEMO-DEV-5432,DEMO-5432,19,LOW,"",1,1
DEMO-DEV-5433,DEMO-5433,46,MEDIUM,Extended repair downtime; Repair cost high relative to purchase,1,9
DEMO-DEV-5434,DEMO-5434,1,LOW,"",0,0
DEMO-DEV-5435,DEMO-5435,81,HIGH,Frequent repairs in last 365 days; Extended repair downtime,8,113
DEMO-DEV-5437,DEMO-5437,16,LOW,Extended repair downtime,0,9
DEMO-DEV-5439,DEMO-5439,34,LOW,Extended repair downtime; Repair cost high relative to purchase,1,8
DEMO-DEV-5442,DEMO-5442,90,HIGH,Frequent repairs in last 365 days; Extended repair downtime; Repair cost high relative to purchase,4,28
DEMO-DEV-5445,DEMO-5445,2,LOW,"",0,0
DEMO-DEV-5446,DEMO-5446,5,LOW,"",0,0
DEMO-DEV-5447,DEMO-5447,14,LOW,Extended repair downtime,0,12
DEMO-DEV-5450,DEMO-5450,7,LOW,"",0,0
DEMO-DEV-5452,DEMO-5452,2,LOW,"",0,0
DEMO-DEV-5453,DEMO-5453,13,LOW,"",0,5
DEMO-DEV-5454,DEMO-5454,10,LOW,"",0,3
DEMO-DEV-5455,DEMO-5455,4,LOW,"",0,0
DEMO-DEV-5456,DEMO-5456,7,LOW,Older equipment,0,0
DEMO-DEV-5457,DEMO-5457,7,LOW,Older equipment,0,0
DEMO-DEV-5458,DEMO-5458,8,LOW,Older equipment,0,0
DEMO-DEV-5459,DEMO-5459,3,LOW,"",0,0
DEMO-DEV-5460,DEMO-5460,7,LOW,"",0,0
DEMO-DEV-5461,DEMO-5461,23,LOW,Extended repair downtime,0,12
DEMO-DEV-5462,DEMO-5462,3,LOW,"",0,0
DEMO-DEV-5463,DEMO-5463,2,LOW,"",0,0
DEMO-DEV-5464,DEMO-5464,9,LOW,"",0,6
DEMO-DEV-5465,DEMO-5465,3,LOW,"",0,0
DEMO-DEV-5466,DEMO-5466,4,LOW,"",0,0
DEMO-DEV-5467,DEMO-5467,2,LOW,"",0,0
DEMO-DEV-5468,DEMO-5468,13,LOW,Extended repair downtime,0,8
DEMO-DEV-5469,DEMO-5469,14,LOW,Extended repair downtime,0,7
DEMO-DEV-5470,DEMO-5470,4,LOW,"",0,1
DEMO-DEV-5471,DEMO-5471,24,LOW,Older equipment,0,6
DEMO-DEV-5472,DEMO-5472,21,LOW,Extended repair downtime,1,7
DEMO-DEV-5473,DEMO-5473,44,MEDIUM,Extended repair downtime; Repair cost high relative to purchase,1,11
DEMO-DEV-5474,DEMO-5474,5,LOW,"",0,0
DEMO-DEV-5478,DEMO-5478,37,LOW,Extended repair downtime; Repair cost high relative to purchase; Older equipment,0,14
DEMO-DEV-5479,DEMO-5479,67,MEDIUM,Frequent repairs in last 365 days; Repair cost high relative to purchase,4,0
DEMO-DEV-5480,DEMO-5480,3,LOW,"",0,0
DEMO-DEV-5481,DEMO-5481,8,LOW,"",0,1
DEMO-DEV-5482,DEMO-5482,30,LOW,Extended repair downtime; Older equipment,1,12
DEMO-DEV-5483,DEMO-5483,71,HIGH,Frequent repairs in last 365 days; Extended repair downtime,4,25
DEMO-DEV-5484,DEMO-5484,3,LOW,"",0,0
DEMO-DEV-5485,DEMO-5485,32,LOW,Extended repair downtime; Repair cost high relative to purchase,0,10
DEMO-DEV-5486,DEMO-5486,38,LOW,Extended repair downtime; Older equipment,1,10
DEMO-DEV-5487,DEMO-5487,80,HIGH,Frequent repairs in last 365 days; Extended repair downtime; Older equipment,6,38
DEMO-DEV-5488,DEMO-5488,3,LOW,"",0,0
DEMO-DEV-5490,DEMO-5490,15,LOW,Older equipment,0,5
DEMO-DEV-5492,DEMO-5492,86,HIGH,Frequent repairs in last 365 days; Extended repair downtime; Repair cost high relative to purchase,8,97
DEMO-DEV-5494,DEMO-5494,19,LOW,Extended repair downtime; Older equipment,0,8
DEMO-DEV-5495,DEMO-5495,16,LOW,Extended repair downtime; Older equipment,0,8
DEMO-DEV-5496,DEMO-5496,0,LOW,"",0,0
DEMO-DEV-5497,DEMO-5497,1,LOW,"",0,0
DEMO-DEV-5498,DEMO-5498,27,LOW,"",1,5
DEMO-DEV-5499,DEMO-5499,92,HIGH,Frequent repairs in last 365 days; Extended repair downtime; Repair cost high relative to purchase,6,44
DEMO-DEV-5500,DEMO-5500,5,LOW,"",0,0
DEMO-DEV-5501,DEMO-5501,24,LOW,Older equipment,1,3
DEMO-DEV-5502,DEMO-5502,2,LOW,"",0,0
DEMO-DEV-5503,DEMO-5503,32,LOW,Repair cost high relative to purchase,1,0
DEMO-DEV-5504,DEMO-5504,5,LOW,"",0,0
DEMO-DEV-5505,DEMO-5505,18,LOW,"",1,2
DEMO-DEV-5506,DEMO-5506,8,LOW,Older equipment,0,0
DEMO-DEV-5507,DEMO-5507,3,LOW,"",0,0
DEMO-DEV-5508,DEMO-5508,7,LOW,"",0,0
DEMO-DEV-5509,DEMO-5509,37,LOW,Repair cost high relative to purchase,1,6
DEMO-DEV-5510,DEMO-5510,30,LOW,"",1,5
DEMO-DEV-5511,DEMO-5511,1,LOW,"",0,0
DEMO-DEV-5512,DEMO-5512,4,LOW,"",0,0
DEMO-DEV-5513,DEMO-5513,8,LOW,"",0,4
DEMO-DEV-5514,DEMO-5514,9,LOW,Older equipment,0,0
DEMO-DEV-5515,DEMO-5515,17,LOW,Older equipment,0,3
DEMO-DEV-5516,DEMO-5516,40,MEDIUM,Frequent repairs in last 365 days; Extended repair downtime; Older equipment,2,12
DEMO-DEV-5520,DEMO-5520,17,LOW,Extended repair downtime; Older equipment,0,7
DEMO-DEV-5521,DEMO-5521,17,LOW,Extended repair downtime,0,10
DEMO-DEV-5522,DEMO-5522,2,LOW,"",0,0
DEMO-DEV-5523,DEMO-5523,5,LOW,"",0,0
DEMO-DEV-5524,DEMO-5524,0,LOW,"",0,0
DEMO-DEV-5525,DEMO-5525,12,LOW,Extended repair downtime,0,10
DEMO-DEV-5526,DEMO-5526,50,MEDIUM,Extended repair downtime; Repair cost high relative to purchase,1,14
DEMO-DEV-5528,DEMO-5528,6,LOW,"",0,4
DEMO-DEV-5529,DEMO-5529,1,LOW,"",0,0
DEMO-DEV-5530,DEMO-5530,31,LOW,Extended repair downtime,1,15
DEMO-DEV-5532,DEMO-5532,9,LOW,Older equipment,0,0
DEMO-DEV-5533,DEMO-5533,34,LOW,Extended repair downtime,1,15
DEMO-DEV-5534,DEMO-5534,13,LOW,Older equipment,0,5
DEMO-DEV-5535,DEMO-5535,55,MEDIUM,Extended repair downtime; Repair cost high relative to purchase; Older equipment,1,15
DEMO-DEV-5536,DEMO-5536,8,LOW,Older equipment,0,0
DEMO-DEV-5537,DEMO-5537,7,LOW,"",0,0
DEMO-DEV-5538,DEMO-5538,42,MEDIUM,Extended repair downtime; Repair cost high relative to purchase,1,18
DEMO-DEV-5539,DEMO-5539,1,LOW,"",0,0
DEMO-DEV-5540,DEMO-5540,6,LOW,"",0,0
DEMO-DEV-5541,DEMO-5541,2,LOW,"",0,0
DEMO-DEV-5542,DEMO-5542,1,LOW,"",0,0
DEMO-DEV-5543,DEMO-5543,9,LOW,"",0,0
DEMO-DEV-5545,DEMO-5545,29,LOW,Extended repair downtime; Repair cost high relative to purchase,0,7
DEMO-DEV-5546,DEMO-5546,32,LOW,Extended repair downtime,1,15
DEMO-DEV-5547,DEMO-5547,18,LOW,Repair cost high relative to purchase,0,0
DEMO-DEV-5548,DEMO-5548,31,LOW,Extended repair downtime,1,8
DEMO-DEV-5549,DEMO-5549,5,LOW,"",0,0
DEMO-DEV-5554,DEMO-5554,6,LOW,"",0,0
DEMO-DEV-5556,DEMO-5556,4,LOW,"",0,0
DEMO-DEV-5557,DEMO-5557,7,LOW,Older equipment,0,0
DEMO-DEV-5558,DEMO-5558,10,LOW,Older equipment,0,1
DEMO-DEV-5559,DEMO-5559,20,LOW,"",1,4
DEMO-DEV-5560,DEMO-5560,9,LOW,"",0,3
DEMO-DEV-5561,DEMO-5561,33,LOW,Repair cost high relative to purchase,0,6
DEMO-DEV-5562,DEMO-5562,18,LOW,Extended repair downtime,0,7
DEMO-DEV-5563,DEMO-5563,4,LOW,"",0,0
DEMO-DEV-5564,DEMO-5564,1,LOW,"",0,0
DEMO-DEV-5565,DEMO-5565,8,LOW,Older equipment,0,0
DEMO-DEV-5566,DEMO-5566,8,LOW,Older equipment,0,0
DEMO-DEV-5567,DEMO-5567,11,LOW,Extended repair downtime,0,8
DEMO-DEV-5568,DEMO-5568,10,LOW,"",0,5
DEMO-DEV-5569,DEMO-5569,7,LOW,"",0,0
DEMO-DEV-5570,DEMO-5570,39,LOW,Extended repair downtime; Repair cost high relative to purchase,0,16
DEMO-DEV-5571,DEMO-5571,18,LOW,Older equipment,0,2
DEMO-DEV-5573,DEMO-5573,9,LOW,Older equipment,0,0
DEMO-DEV-5574,DEMO-5574,24,LOW,Extended repair downtime,1,10
DEMO-DEV-5575,DEMO-5575,46,MEDIUM,Extended repair downtime; Repair cost high relative to purchase; Older equipment,1,8
DEMO-DEV-5576,DEMO-5576,49,MEDIUM,Extended repair downtime; Repair cost high relative to purchase,1,13
DEMO-DEV-5577,DEMO-5577,41,MEDIUM,Extended repair downtime; Repair cost high relative to purchase,1,12
DEMO-DEV-5578,DEMO-5578,5,LOW,"",0,0
DEMO-DEV-5579,DEMO-5579,35,LOW,Extended repair downtime; Older equipment,1,15
DEMO-DEV-5580,DEMO-5580,16,LOW,Extended repair downtime,0,8
DEMO-DEV-5581,DEMO-5581,8,LOW,Older equipment,0,0
DEMO-DEV-5582,DEMO-5582,31,LOW,Extended repair downtime; Older equipment,0,15
DEMO-DEV-5583,DEMO-5583,7,LOW,Older equipment,0,0
DEMO-DEV-5584,DEMO-5584,82,HIGH,Frequent repairs in last 365 days; Extended repair downtime; Older equipment,4,37
DEMO-DEV-5585,DEMO-5585,12,LOW,"",0,0
DEMO-DEV-5588,DEMO-5588,92,HIGH,Frequent repairs in last 365 days; Extended repair downtime; Repair cost high relative to purchase,7,107
DEMO-DEV-5589,DEMO-5589,12,LOW,Extended repair downtime,0,10
DEMO-DEV-5590,DEMO-5590,31,LOW,Repair cost high relative to purchase; Older equipment,0,5
DEMO-DEV-5591,DEMO-5591,7,LOW,Older equipment,0,0
DEMO-DEV-5592,DEMO-5592,6,LOW,"",0,0
DEMO-DEV-5593,DEMO-5593,1,LOW,"",0,0
DEMO-DEV-5594,DEMO-5594,23,LOW,Extended repair downtime,1,8
DEMO-DEV-5595,DEMO-5595,9,LOW,Older equipment,0,0
DEMO-DEV-5596,DEMO-5596,15,LOW,Extended repair downtime,0,8
DEMO-DEV-5597,DEMO-5597,17,LOW,Extended repair downtime; Older equipment,0,8
DEMO-DEV-5599,DEMO-5599,10,LOW,"",0,4
DEMO-DEV-5602,DEMO-5602,1,LOW,"",0,0
DEMO-DEV-5604,DEMO-5604,5,LOW,"",0,0
DEMO-DEV-5605,DEMO-5605,91,HIGH,Frequent repairs in last 365 days; Extended repair downtime; Repair cost high relative to purchase,6,40
DEMO-DEV-5606,DEMO-5606,30,LOW,Extended repair downtime,1,16
DEMO-DEV-5607,DEMO-5607,16,LOW,Extended repair downtime,0,9
DEMO-DEV-5608,DEMO-5608,33,LOW,Repair cost high relative to purchase,1,0
DEMO-DEV-5609,DEMO-5609,35,LOW,Extended repair downtime; Repair cost high relative to purchase,1,11
DEMO-DEV-5610,DEMO-5610,16,LOW,"",1,0
DEMO-DEV-5612,DEMO-5612,14,LOW,Older equipment,0,5
DEMO-DEV-5613,DEMO-5613,5,LOW,"",0,0
DEMO-DEV-5616,DEMO-5616,5,LOW,"",0,0
DEMO-DEV-5617,DEMO-5617,92,HIGH,Frequent repairs in last 365 days; Extended repair downtime; Repair cost high relative to purchase,6,77
DEMO-DEV-5618,DEMO-5618,9,LOW,Older equipment,0,0
DEMO-DEV-5619,DEMO-5619,0,LOW,"",0,0
DEMO-DEV-5620,DEMO-5620,93,HIGH,Frequent repairs in last 365 days; Extended repair downtime; Repair cost high relative to purchase,8,82
DEMO-DEV-5621,DEMO-5621,46,MEDIUM,Frequent repairs in last 365 days; Extended repair downtime; Older equipment,2,18
DEMO-DEV-5622,DEMO-5622,22,LOW,"",1,6
DEMO-DEV-5623,DEMO-5623,7,LOW,"",0,0
DEMO-DEV-5624,DEMO-5624,17,LOW,Extended repair downtime; Older equipment,0,7
DEMO-DEV-5625,DEMO-5625,7,LOW,"",0,0
DEMO-DEV-5626,DEMO-5626,58,MEDIUM,Extended repair downtime; Repair cost high relative to purchase; Older equipment,1,21
DEMO-DEV-5627,DEMO-5627,15,LOW,Extended repair downtime; Older equipment,0,7
DEMO-DEV-5628,DEMO-5628,10,LOW,Older equipment,0,0
DEMO-DEV-5629,DEMO-5629,11,LOW,"",0,3
DEMO-DEV-5630,DEMO-5630,9,LOW,Older equipment,0,0
DEMO-DEV-5631,DEMO-5631,4,LOW,"",0,0
DEMO-DEV-5632,DEMO-5632,18,LOW,Repair cost high relative to purchase,0,0
DEMO-DEV-5633,DEMO-5633,5,LOW,"",0,0
DEMO-DEV-5634,DEMO-5634,5,LOW,"",0,0
DEMO-DEV-5635,DEMO-5635,49,MEDIUM,Extended repair downtime; Repair cost high relative to purchase,1,15
DEMO-DEV-5636,DEMO-5636,9,LOW,Older equipment,0,0
DEMO-DEV-5637,DEMO-5637,5,LOW,"",0,0
DEMO-DEV-5638,DEMO-5638,4,LOW,"",0,0
DEMO-DEV-5639,DEMO-5639,23,LOW,Extended repair downtime; Older equipment,0,10
DEMO-DEV-5640,DEMO-5640,15,LOW,Older equipment,0,1
DEMO-DEV-5641,DEMO-5641,28,LOW,Frequent repairs in last 365 days,2,2
DEMO-DEV-5642,DEMO-5642,6,LOW,"",0,0
DEMO-DEV-5643,DEMO-5643,18,LOW,Repair cost high relative to purchase,0,2
DEMO-DEV-5644,DEMO-5644,3,LOW,"",0,0
DEMO-DEV-5645,DEMO-5645,9,LOW,Older equipment,0,0
DEMO-DEV-5646,DEMO-5646,2,LOW,"",0,0
DEMO-DEV-5647,DEMO-5647,33,LOW,Extended repair downtime; Repair cost high relative to purchase,0,10
DEMO-DEV-5648,DEMO-5648,7,LOW,"",0,0
DEMO-DEV-5649,DEMO-5649,22,LOW,Older equipment,1,3
DEMO-DEV-5650,DEMO-5650,11,LOW,Extended repair downtime,0,9
DEMO-DEV-5651,DEMO-5651,9,LOW,Older equipment,0,0
DEMO-DEV-5652,DEMO-5652,8,LOW,Older equipment,0,0
DEMO-DEV-5653,DEMO-5653,1,LOW,"",0,0
DEMO-DEV-5654,DEMO-5654,16,LOW,"",1,0
DEMO-DEV-5655,DEMO-5655,5,LOW,"",0,0
DEMO-DEV-5656,DEMO-5656,19,LOW,Extended repair downtime,0,11
DEMO-DEV-5660,DEMO-5660,45,MEDIUM,Frequent repairs in last 365 days; Extended repair downtime,2,14
DEMO-DEV-5661,DEMO-5661,9,LOW,Older equipment,0,1
DEMO-DEV-5662,DEMO-5662,10,LOW,Older equipment,0,0
DEMO-DEV-5663,DEMO-5663,27,LOW,Older equipment,1,5
DEMO-DEV-5664,DEMO-5664,11,LOW,Older equipment,0,3
DEMO-DEV-5665,DEMO-5665,7,LOW,Older equipment,0,0
DEMO-DEV-5666,DEMO-5666,3,LOW,"",0,0
DEMO-DEV-5667,DEMO-5667,36,LOW,Extended repair downtime; Repair cost high relative to purchase,0,12
DEMO-DEV-5668,DEMO-5668,5,LOW,"",0,0
DEMO-DEV-5669,DEMO-5669,12,LOW,"",0,2
DEMO-DEV-5671,DEMO-5671,28,LOW,Repair cost high relative to purchase,0,3
DEMO-DEV-5673,DEMO-5673,18,LOW,"",1,5
DEMO-DEV-5675,DEMO-5675,2,LOW,"",0,0
DEMO-DEV-5678,DEMO-5678,22,LOW,Older equipment,1,2
DEMO-DEV-5679,DEMO-5679,2,LOW,"",0,1
DEMO-DEV-5680,DEMO-5680,37,LOW,Extended repair downtime,1,15
DEMO-DEV-5681,DEMO-5681,22,LOW,Extended repair downtime; Older equipment,0,11
DEMO-DEV-5685,DEMO-5685,3,LOW,"",0,0
DEMO-DEV-5687,DEMO-5687,8,LOW,"",0,6
DEMO-DEV-5688,DEMO-5688,12,LOW,Extended repair downtime,0,8
DEMO-DEV-5689,DEMO-5689,12,LOW,"",0,5
DEMO-DEV-5690,DEMO-5690,11,LOW,"",0,3
DEMO-DEV-5691,DEMO-5691,95,HIGH,Frequent repairs in last 365 days; Extended repair downtime; Repair cost high relative to purchase,5,61
DEMO-DEV-5692,DEMO-5692,4,LOW,"",0,0
DEMO-DEV-5693,DEMO-5693,23,LOW,Extended repair downtime; Older equipment,0,7
DEMO-DEV-5694,DEMO-5694,1,LOW,"",0,0
DEMO-DEV-5695,DEMO-5695,41,MEDIUM,Extended repair downtime; Repair cost high relative to purchase,0,16
DEMO-DEV-5696,DEMO-5696,7,LOW,"",0,0
DEMO-DEV-5697,DEMO-5697,40,MEDIUM,Extended repair downtime; Repair cost high relative to purchase,0,15
DEMO-DEV-5698,DEMO-5698,24,LOW,Extended repair downtime; Older equipment,0,10
DEMO-DEV-5699,DEMO-5699,37,LOW,Repair cost high relative to purchase,1,3
DEMO-DEV-5700,DEMO-5700,11,LOW,Older equipment,0,0
DEMO-DEV-5701,DEMO-5701,1,LOW,"",0,0
DEMO-DEV-5702,DEMO-5702,34,LOW,Extended repair downtime,1,8
DEMO-DEV-5703,DEMO-5703,16,LOW,Extended repair downtime,0,8
DEMO-DEV-5704,DEMO-5704,19,LOW,Extended repair downtime; Older equipment,0,10
DEMO-DEV-5705,DEMO-5705,27,LOW,Extended repair downtime; Repair cost high relative to purchase,0,9
DEMO-DEV-5706,DEMO-5706,8,LOW,Older equipment,0,0
DEMO-DEV-5707,DEMO-5707,17,LOW,"",1,2
DEMO-DEV-5708,DEMO-5708,2,LOW,"",0,0
DEMO-DEV-5709,DEMO-5709,8,LOW,Older equipment,0,0
DEMO-DEV-5710,DEMO-5710,8,LOW,Older equipment,0,0
DEMO-DEV-5711,DEMO-5711,9,LOW,Older equipment,0,0
DEMO-DEV-5712,DEMO-5712,8,LOW,Older equipment,0,0
DEMO-DEV-5714,DEMO-5714,93,HIGH,Frequent repairs in last 365 days; Extended repair downtime; Repair cost high relative to purchase,7,134
DEMO-DEV-5715,DEMO-5715,14,LOW,Extended repair downtime,0,10
DEMO-DEV-5720,DEMO-5720,2,LOW,"",0,0
DEMO-DEV-5721,DEMO-5721,17,LOW,Extended repair downtime,0,10
DEMO-DEV-5722,DEMO-5722,91,HIGH,Frequent repairs in last 365 days; Extended repair downtime; Repair cost high relative to purchase,4,31
DEMO-DEV-5723,DEMO-5723,21,LOW,Extended repair downtime,1,7
DEMO-DEV-5726,DEMO-5726,75,HIGH,Frequent repairs in last 365 days; Extended repair downtime,5,80
DEMO-DEV-5728,DEMO-5728,23,LOW,Repair cost high relative to purchase,0,0
DEMO-DEV-5729,DEMO-5729,0,LOW,"",0,0
DEMO-DEV-5730,DEMO-5730,11,LOW,Older equipment,0,1
DEMO-DEV-5731,DEMO-5731,89,HIGH,Frequent repairs in last 365 days; Extended repair downtime; Repair cost high relative to purchase,8,108
DEMO-DEV-5732,DEMO-5732,5,LOW,"",0,2
DEMO-DEV-5733,DEMO-5733,20,LOW,Extended repair downtime; Older equipment,0,8
DEMO-DEV-5734,DEMO-5734,2,LOW,"",0,0
DEMO-DEV-5735,DEMO-5735,0,LOW,"",0,0
DEMO-DEV-5736,DEMO-5736,9,LOW,"",0,4
DEMO-DEV-5737,DEMO-5737,35,LOW,Extended repair downtime; Older equipment,1,13
DEMO-DEV-5740,DEMO-5740,77,HIGH,Frequent repairs in last 365 days; Extended repair downtime,4,45
DEMO-DEV-5742,DEMO-5742,31,LOW,Extended repair downtime; Older equipment,1,12
DEMO-DEV-5744,DEMO-5744,7,LOW,"",0,0
DEMO-DEV-5745,DEMO-5745,28,LOW,Extended repair downtime,1,11
DEMO-DEV-5746,DEMO-5746,29,LOW,Extended repair downtime,1,10
DEMO-DEV-5747,DEMO-5747,5,LOW,"",0,0
DEMO-DEV-5748,DEMO-5748,6,LOW,"",0,0
DEMO-DEV-5750,DEMO-5750,3,LOW,"",0,0
DEMO-DEV-5751,DEMO-5751,4,LOW,"",0,0
DEMO-DEV-5752,DEMO-5752,23,LOW,Extended repair downtime; Repair cost high relative to purchase,0,11
DEMO-DEV-5754,DEMO-5754,4,LOW,"",0,0
DEMO-DEV-5757,DEMO-5757,38,LOW,Extended repair downtime; Older equipment,1,14
DEMO-DEV-5758,DEMO-5758,8,LOW,Older equipment,0,0
DEMO-DEV-5759,DEMO-5759,34,LOW,Repair cost high relative to purchase; Older equipment,0,6
DEMO-DEV-5760,DEMO-5760,26,LOW,Repair cost high relative to purchase,0,3
DEMO-DEV-5761,DEMO-5761,7,LOW,"",0,0
DEMO-DEV-5762,DEMO-5762,33,LOW,Extended repair downtime; Repair cost high relative to purchase,0,12
DEMO-DEV-5763,DEMO-5763,9,LOW,"",0,0
DEMO-DEV-5764,DEMO-5764,50,MEDIUM,Extended repair downtime; Repair cost high relative to purchase; Older equipment,1,11
DEMO-DEV-5765,DEMO-5765,8,LOW,"",0,3
DEMO-DEV-5767,DEMO-5767,30,LOW,Extended repair downtime,1,13
DEMO-DEV-5768,DEMO-5768,2,LOW,"",0,0
DEMO-DEV-5770,DEMO-5770,27,LOW,Extended repair downtime,1,13
DEMO-DEV-5772,DEMO-5772,93,HIGH,Frequent repairs in last 365 days; Extended repair downtime; Repair cost high relative to purchase,7,82
DEMO-DEV-5773,DEMO-5773,12,LOW,"",0,3
DEMO-DEV-5774,DEMO-5774,41,MEDIUM,Extended repair downtime; Repair cost high relative to purchase,1,11
DEMO-DEV-5777,DEMO-5777,80,HIGH,Frequent repairs in last 365 days; Extended repair downtime,4,71
DEMO-DEV-5779,DEMO-5779,2,LOW,"",0,0
DEMO-DEV-5783,DEMO-5783,2,LOW,"",0,0
DEMO-DEV-5784,DEMO-5784,18,LOW,Extended repair downtime,0,11
DEMO-DEV-5785,DEMO-5785,7,LOW,"",0,0
DEMO-DEV-5786,DEMO-5786,24,LOW,Extended repair downtime; Repair cost high relative to purchase,0,10
DEMO-DEV-5787,DEMO-5787,3,LOW,"",0,0
DEMO-DEV-5788,DEMO-5788,35,LOW,Extended repair downtime; Repair cost high relative to purchase,0,12
DEMO-DEV-5789,DEMO-5789,23,LOW,Extended repair downtime,1,8
DEMO-DEV-5790,DEMO-5790,42,MEDIUM,Extended repair downtime,1,18
DEMO-DEV-5791,DEMO-5791,9,LOW,Older equipment,0,0
DEMO-DEV-5792,DEMO-5792,41,MEDIUM,Extended repair downtime; Repair cost high relative to purchase,1,19
DEMO-DEV-5793,DEMO-5793,94,HIGH,Frequent repairs in last 365 days; Extended repair downtime; Repair cost high relative to purchase,5,82
DEMO-DEV-5795,DEMO-5795,6,LOW,"",0,0
DEMO-DEV-5796,DEMO-5796,2,LOW,"",0,0
DEMO-DEV-5797,DEMO-5797,4,LOW,"",0,0
DEMO-DEV-5798,DEMO-5798,4,LOW,"",0,0
DEMO-DEV-5800,DEMO-5800,4,LOW,"",0,1
DEMO-DEV-5801,DEMO-5801,3,LOW,"",0,0
DEMO-DEV-5802,DEMO-5802,31,LOW,Extended repair downtime,1,11
DEMO-DEV-5803,DEMO-5803,53,MEDIUM,Frequent repairs in last 365 days; Extended repair downtime; Repair cost high relative to purchase,2,7
DEMO-DEV-5804,DEMO-5804,6,LOW,"",0,0
DEMO-DEV-5805,DEMO-5805,38,LOW,Repair cost high relative to purchase,1,5
DEMO-DEV-5806,DEMO-5806,30,LOW,Extended repair downtime,1,19
DEMO-DEV-5811,DEMO-5811,8,LOW,Older equipment,0,0
DEMO-DEV-5812,DEMO-5812,17,LOW,Extended repair downtime; Older equipment,0,7
DEMO-DEV-5813,DEMO-5813,5,LOW,"",0,0
DEMO-DEV-5814,DEMO-5814,20,LOW,Extended repair downtime; Older equipment,0,11
DEMO-DEV-5815,DEMO-5815,8,LOW,Older equipment,0,0
DEMO-DEV-5816,DEMO-5816,5,LOW,"",0,0
DEMO-DEV-5817,DEMO-5817,13,LOW,Extended repair downtime,0,9
DEMO-DEV-5818,DEMO-5818,2,LOW,"",0,0
DEMO-DEV-5819,DEMO-5819,4,LOW,"",0,0
DEMO-DEV-5820,DEMO-5820,68,MEDIUM,Frequent repairs in last 365 days; Extended repair downtime,6,22
DEMO-DEV-5822,DEMO-5822,2,LOW,"",0,0
DEMO-DEV-5824,DEMO-5824,9,LOW,Older equipment,0,0
DEMO-DEV-5825,DEMO-5825,15,LOW,Extended repair downtime; Older equipment,0,7
DEMO-DEV-5826,DEMO-5826,35,LOW,Frequent repairs in last 365 days,2,4
DEMO-DEV-5827,DEMO-5827,39,LOW,Extended repair downtime; Older equipment,0,22
DEMO-DEV-5828,DEMO-5828,13,LOW,Older equipment,0,4
DEMO-DEV-5829,DEMO-5829,9,LOW,Older equipment,0,0
DEMO-DEV-5830,DEMO-5830,43,MEDIUM,Extended repair downtime; Repair cost high relative to purchase; Older equipment,1,14
DEMO-DEV-5831,DEMO-5831,38,LOW,Extended repair downtime; Repair cost high relative to purchase; Older equipment,0,10
DEMO-DEV-5832,DEMO-5832,16,LOW,Extended repair downtime,0,12
DEMO-DEV-5833,DEMO-5833,10,LOW,"",0,3
DEMO-DEV-5834,DEMO-5834,43,MEDIUM,Extended repair downtime; Repair cost high relative to purchase,1,14
DEMO-DEV-5836,DEMO-5836,81,HIGH,Frequent repairs in last 365 days; Extended repair downtime; Older equipment,8,87
DEMO-DEV-5838,DEMO-5838,55,MEDIUM,Extended repair downtime; Repair cost high relative to purchase; Older equipment,1,15
DEMO-DEV-5839,DEMO-5839,15,LOW,Older equipment,0,6
DEMO-DEV-5840,DEMO-5840,38,LOW,Extended repair downtime; Repair cost high relative to purchase,1,12
DEMO-DEV-5841,DEMO-5841,12,LOW,"",1,0
DEMO-DEV-5842,DEMO-5842,2,LOW,"",0,0
DEMO-DEV-5843,DEMO-5843,4,LOW,"",0,0
DEMO-DEV-5844,DEMO-5844,5,LOW,"",0,0
DEMO-DEV-5845,DEMO-5845,21,LOW,Repair cost high relative to purchase,0,0
DEMO-DEV-5846,DEMO-5846,8,LOW,Older equipment,0,0
DEMO-DEV-5847,DEMO-5847,20,LOW,Older equipment,0,6
DEMO-DEV-5848,DEMO-5848,6,LOW,"",0,0
DEMO-DEV-5852,DEMO-5852,23,LOW,Repair cost high relative to purchase,0,0
DEMO-DEV-5853,DEMO-5853,84,HIGH,Frequent repairs in last 365 days; Extended repair downtime; Older equipment,8,79
DEMO-DEV-5854,DEMO-5854,31,LOW,Extended repair downtime; Repair cost high relative to purchase,0,9
DEMO-DEV-5855,DEMO-5855,8,LOW,"",0,2
DEMO-DEV-5856,DEMO-5856,12,LOW,"",1,0
DEMO-DEV-5857,DEMO-5857,2,LOW,"",0,0
DEMO-DEV-5858,DEMO-5858,9,LOW,Older equipment,0,0
DEMO-DEV-5860,DEMO-5860,10,LOW,Older equipment,0,3
DEMO-DEV-5861,DEMO-5861,92,HIGH,Frequent repairs in last 365 days; Extended repair downtime; Repair cost high relative to purchase,8,80
DEMO-DEV-5862,DEMO-5862,6,LOW,"",0,0
DEMO-DEV-5865,DEMO-5865,8,LOW,"",0,1
DEMO-DEV-5866,DEMO-5866,25,LOW,Extended repair downtime,0,19
DEMO-DEV-5867,DEMO-5867,13,LOW,Extended repair downtime,0,9
DEMO-DEV-5868,DEMO-5868,29,LOW,Extended repair downtime,1,10
DEMO-DEV-5869,DEMO-5869,27,LOW,Extended repair downtime,1,8
DEMO-DEV-5870,DEMO-5870,97,HIGH,Frequent repairs in last 365 days; Extended repair downtime; Repair cost high relative to purchase; Older equipment,6,81
DEMO-DEV-5871,DEMO-5871,19,LOW,Repair cost high relative to purchase; Older equipment,0,1
DEMO-DEV-5872,DEMO-5872,2,LOW,"",0,0
DEMO-DEV-5873,DEMO-5873,7,LOW,"",0,0
DEMO-DEV-5874,DEMO-5874,34,LOW,Extended repair downtime; Repair cost high relative to purchase,0,11
DEMO-DEV-5875,DEMO-5875,2,LOW,"",0,0
DEMO-DEV-5876,DEMO-5876,58,MEDIUM,Frequent repairs in last 365 days; Extended repair downtime; Repair cost high relative to purchase,2,12
DEMO-DEV-5877,DEMO-5877,32,LOW,Extended repair downtime,1,14
DEMO-DEV-5881,DEMO-5881,2,LOW,"",0,0
DEMO-DEV-5882,DEMO-5882,14,LOW,"",0,6
DEMO-DEV-5883,DEMO-5883,36,LOW,Extended repair downtime; Repair cost high relative to purchase,0,12
DEMO-DEV-5884,DEMO-5884,9,LOW,Older equipment,0,0
DEMO-DEV-5885,DEMO-5885,39,LOW,Repair cost high relative to purchase,1,3
DEMO-DEV-5886,DEMO-5886,3,LOW,"",0,0
DEMO-DEV-5887,DEMO-5887,9,LOW,Older equipment,0,0
DEMO-DEV-5888,DEMO-5888,31,LOW,Extended repair downtime,0,23
DEMO-DEV-5889,DEMO-5889,23,LOW,Extended repair downtime; Older equipment,0,11
DEMO-DEV-5892,DEMO-5892,17,LOW,Extended repair downtime,0,12
DEMO-DEV-5893,DEMO-5893,17,LOW,"",1,3
DEMO-DEV-5894,DEMO-5894,15,LOW,Older equipment,0,4
DEMO-DEV-5895,DEMO-5895,31,LOW,Extended repair downtime,1,16
DEMO-DEV-5896,DEMO-5896,11,LOW,Extended repair downtime,0,7
DEMO-DEV-5897,DEMO-5897,25,LOW,Extended repair downtime,1,11
DEMO-DEV-5898,DEMO-5898,15,LOW,Older equipment,0,6
DEMO-DEV-5899,DEMO-5899,9,LOW,"",0,5
DEMO-DEV-5900,DEMO-5900,74,HIGH,Frequent repairs in last 365 days; Extended repair downtime,6,92
DEMO-DEV-5901,DEMO-5901,49,MEDIUM,Extended repair downtime; Repair cost high relative to purchase; Older equipment,0,19
DEMO-DEV-5903,DEMO-5903,1,LOW,"",0,0
DEMO-DEV-5906,DEMO-5906,17,LOW,"",1,1
DEMO-DEV-5907,DEMO-5907,13,LOW,Older equipment,0,0
DEMO-DEV-5908,DEMO-5908,93,HIGH,Frequent repairs in last 365 days; Extended repair downtime; Repair cost high relative to purchase,8,107
DEMO-DEV-5909,DEMO-5909,4,LOW,"",0,0
DEMO-DEV-5910,DEMO-5910,5,LOW,"",0,4
DEMO-DEV-5911,DEMO-5911,23,LOW,Extended repair downtime; Older equipment,0,14
DEMO-DEV-5912,DEMO-5912,14,LOW,"",1,0
DEMO-DEV-5913,DEMO-5913,37,LOW,Extended repair downtime; Repair cost high relative to purchase; Older equipment,0,10
DEMO-DEV-5914,DEMO-5914,1,LOW,"",0,0
DEMO-DEV-5915,DEMO-5915,3,LOW,"",0,0
DEMO-DEV-5916,DEMO-5916,19,LOW,Extended repair downtime,0,9
DEMO-DEV-5917,DEMO-5917,10,LOW,Older equipment,0,0
DEMO-DEV-5918,DEMO-5918,6,LOW,"",0,0
DEMO-DEV-5919,DEMO-5919,9,LOW,Older equipment,0,0
DEMO-DEV-5920,DEMO-5920,5,LOW,"",0,0
DEMO-DEV-5922,DEMO-5922,14,LOW,Extended repair downtime,0,9
DEMO-DEV-5923,DEMO-5923,8,LOW,Older equipment,0,0
DEMO-DEV-5924,DEMO-5924,41,MEDIUM,Frequent repairs in last 365 days; Extended repair downtime,2,14
DEMO-DEV-5925,DEMO-5925,8,LOW,Older equipment,0,0
DEMO-DEV-5926,DEMO-5926,8,LOW,"",0,3
DEMO-DEV-5927,DEMO-5927,43,MEDIUM,Repair cost high relative to purchase,1,6
DEMO-DEV-5928,DEMO-5928,24,LOW,Extended repair downtime,1,7
DEMO-DEV-5929,DEMO-5929,8,LOW,"",0,2
DEMO-DEV-5930,DEMO-5930,84,HIGH,Frequent repairs in last 365 days; Extended repair downtime; Repair cost high relative to purchase,5,49
DEMO-DEV-5931,DEMO-5931,9,LOW,Older equipment,0,0
DEMO-DEV-5937,DEMO-5937,6,LOW,"",0,0
DEMO-DEV-5938,DEMO-5938,39,LOW,Extended repair downtime; Repair cost high relative to purchase,1,11
DEMO-DEV-5939,DEMO-5939,14,LOW,"",1,2
DEMO-DEV-5940,DEMO-5940,46,MEDIUM,Extended repair downtime; Repair cost high relative to purchase; Older equipment,1,17
DEMO-DEV-5941,DEMO-5941,27,LOW,Extended repair downtime,1,12
DEMO-DEV-5942,DEMO-5942,20,LOW,Older equipment,1,0
DEMO-DEV-5943,DEMO-5943,80,HIGH,Frequent repairs in last 365 days; Extended repair downtime; Older equipment,6,48
DEMO-DEV-5944,DEMO-5944,31,LOW,Extended repair downtime,1,16
DEMO-DEV-5950,DEMO-5950,28,LOW,Repair cost high relative to purchase; Older equipment,0,0
DEMO-DEV-5951,DEMO-5951,8,LOW,"",0,1
DEMO-DEV-5952,DEMO-5952,26,LOW,Extended repair downtime,1,10
DEMO-DEV-5953,DEMO-5953,3,LOW,"",0,0
DEMO-DEV-5954,DEMO-5954,93,HIGH,Frequent repairs in last 365 days; Extended repair downtime; Repair cost high relative to purchase,7,69
DEMO-DEV-5955,DEMO-5955,40,MEDIUM,Extended repair downtime; Repair cost high relative to purchase,1,10
DEMO-DEV-5957,DEMO-5957,35,LOW,Extended repair downtime; Repair cost high relative to purchase,1,10
DEMO-DEV-5958,DEMO-5958,93,HIGH,Frequent repairs in last 365 days; Extended repair downtime; Repair cost high relative to purchase,6,66
DEMO-DEV-5959,DEMO-5959,46,MEDIUM,Extended repair downtime; Repair cost high relative to purchase,1,15
DEMO-DEV-5961,DEMO-5961,19,LOW,"",1,4
DEMO-DEV-5962,DEMO-5962,98,HIGH,Frequent repairs in last 365 days; Extended repair downtime; Repair cost high relative to purchase; Older equipment,6,95
DEMO-DEV-5963,DEMO-5963,34,LOW,Extended repair downtime; Repair cost high relative to purchase,0,12
DEMO-DEV-5964,DEMO-5964,5,LOW,"",0,0
DEMO-DEV-5966,DEMO-5966,27,LOW,Extended repair downtime,1,7
DEMO-DEV-5967,DEMO-5967,33,LOW,Extended repair downtime,1,21
DEMO-DEV-5968,DEMO-5968,4,LOW,"",0,0
DEMO-DEV-5969,DEMO-5969,7,LOW,Older equipment,0,0
DEMO-DEV-5970,DEMO-5970,27,LOW,Extended repair downtime; Repair cost high relative to purchase,0,7
DEMO-DEV-5971,DEMO-5971,22,LOW,Repair cost high relative to purchase,1,0
DEMO-DEV-5972,DEMO-5972,5,LOW,"",0,0
DEMO-DEV-5973,DEMO-5973,16,LOW,Extended repair downtime,0,11
DEMO-DEV-5975,DEMO-5975,9,LOW,Older equipment,0,0
DEMO-DEV-5976,DEMO-5976,6,LOW,"",0,0
DEMO-DEV-5977,DEMO-5977,8,LOW,Older equipment,0,0
DEMO-DEV-5978,DEMO-5978,10,LOW,"",0,4
DEMO-DEV-5979,DEMO-5979,49,MEDIUM,Extended repair downtime; Repair cost high relative to purchase,1,17
DEMO-DEV-5980,DEMO-5980,6,LOW,"",0,0
DEMO-DEV-5981,DEMO-5981,22,LOW,"",1,2
DEMO-DEV-5982,DEMO-5982,28,LOW,Extended repair downtime; Repair cost high relative to purchase,0,12
DEMO-DEV-5983,DEMO-5983,9,LOW,Older equipment,0,0
DEMO-DEV-5984,DEMO-5984,11,LOW,"",0,4
DEMO-DEV-5985,DEMO-5985,14,LOW,"",0,6
DEMO-DEV-5986,DEMO-5986,4,LOW,"",0,0
DEMO-DEV-5987,DEMO-5987,82,HIGH,Frequent repairs in last 365 days; Extended repair downtime,8,92
DEMO-DEV-5989,DEMO-5989,2,LOW,"",0,0
DEMO-DEV-5992,DEMO-5992,43,MEDIUM,Frequent repairs in last 365 days; Repair cost high relative to purchase,2,6
DEMO-DEV-5993,DEMO-5993,18,LOW,Extended repair downtime; Older equipment,0,10
DEMO-DEV-5994,DEMO-5994,8,LOW,Older equipment,0,0
DEMO-DEV-5995,DEMO-5995,6,LOW,"",0,2
DEMO-DEV-5996,DEMO-5996,38,LOW,Extended repair downtime; Older equipment,1,15
DEMO-DEV-5997,DEMO-5997,21,LOW,Extended repair downtime,0,12
DEMO-DEV-5998,DEMO-5998,73,HIGH,Frequent repairs in last 365 days; Extended repair downtime,8,65
DEMO-DEV-5999,DEMO-5999,39,LOW,Extended repair downtime; Repair cost high relative to purchase,1,8
DEMO-DEV-6000,DEMO-6000,31,LOW,Older equipment,1,6
DEMO-DEV-6002,DEMO-6002,16,LOW,Repair cost high relative to purchase,0,2
DEMO-DEV-6005,DEMO-6005,17,LOW,Extended repair downtime,0,8
DEMO-DEV-6006,DEMO-6006,35,LOW,Extended repair downtime; Repair cost high relative to purchase,0,11
DEMO-DEV-6007,DEMO-6007,5,LOW,"",0,0
DEMO-DEV-6008,DEMO-6008,79,HIGH,Frequent repairs in last 365 days; Extended repair downtime,4,60
DEMO-DEV-6009,DEMO-6009,60,MEDIUM,Frequent repairs in last 365 days; Extended repair downtime; Repair cost high relative to purchase,2,16
DEMO-DEV-6010,DEMO-6010,37,LOW,Extended repair downtime; Repair cost high relative to purchase,0,23
DEMO-DEV-6011,DEMO-6011,14,LOW,Extended repair downtime,0,10
DEMO-DEV-6012,DEMO-6012,25,LOW,Extended repair downtime,0,12
DEMO-DEV-6013,DEMO-6013,3,LOW,"",0,0
DEMO-DEV-6014,DEMO-6014,92,HIGH,Frequent repairs in last 365 days; Extended repair downtime; Repair cost high relative to purchase,8,64
DEMO-DEV-6015,DEMO-6015,5,LOW,"",0,2
DEMO-DEV-6019,DEMO-6019,29,LOW,Extended repair downtime; Repair cost high relative to purchase; Older equipment,0,8
DEMO-DEV-6020,DEMO-6020,1,LOW,"",0,0
DEMO-DEV-6021,DEMO-6021,36,LOW,Extended repair downtime; Repair cost high relative to purchase,0,9
DEMO-DEV-6022,DEMO-6022,1,LOW,"",0,0
DEMO-DEV-6023,DEMO-6023,19,LOW,Extended repair downtime,0,12
DEMO-DEV-6024,DEMO-6024,4,LOW,"",0,0
DEMO-DEV-6025,DEMO-6025,78,HIGH,Frequent repairs in last 365 days; Extended repair downtime,8,91
DEMO-DEV-6026,DEMO-6026,21,LOW,Extended repair downtime,0,12
DEMO-DEV-6027,DEMO-6027,19,LOW,Extended repair downtime,0,12
DEMO-DEV-6028,DEMO-6028,95,HIGH,Frequent repairs in last 365 days; Extended repair downtime; Repair cost high relative to purchase,8,77
DEMO-DEV-6029,DEMO-6029,8,LOW,"",0,3
DEMO-DEV-6032,DEMO-6032,43,MEDIUM,Frequent repairs in last 365 days; Extended repair downtime,2,16
DEMO-DEV-6034,DEMO-6034,3,LOW,"",0,0
DEMO-DEV-6036,DEMO-6036,17,LOW,Extended repair downtime,0,8
DEMO-DEV-6037,DEMO-6037,28,LOW,Extended repair downtime,1,11
DEMO-DEV-6038,DEMO-6038,5,LOW,"",0,0
DEMO-DEV-6040,DEMO-6040,8,LOW,Older equipment,0,0
DEMO-DEV-6041,DEMO-6041,10,LOW,Older equipment,0,0
DEMO-DEV-6046,DEMO-6046,25,LOW,Extended repair downtime,1,12
DEMO-DEV-6048,DEMO-6048,37,LOW,Repair cost high relative to purchase,1,4
DEMO-DEV-6049,DEMO-6049,99,HIGH,Frequent repairs in last 365 days; Extended repair downtime; Repair cost high relative to purchase; Older equipment,5,34
DEMO-DEV-6050,DEMO-6050,39,LOW,Extended repair downtime; Repair cost high relative to purchase,1,11
DEMO-DEV-6051,DEMO-6051,63,MEDIUM,Frequent repairs in last 365 days; Extended repair downtime; Repair cost high relative to purchase,2,20
DEMO-DEV-6052,DEMO-6052,11,LOW,Extended repair downtime,0,8
DEMO-DEV-6053,DEMO-6053,9,LOW,Older equipment,0,0
DEMO-DEV-6054,DEMO-6054,1,LOW,"",0,0
DEMO-DEV-6055,DEMO-6055,10,LOW,"",0,3
DEMO-DEV-6056,DEMO-6056,7,LOW,Older equipment,0,0
DEMO-DEV-6058,DEMO-6058,12,LOW,Extended repair downtime,0,10
DEMO-DEV-6059,DEMO-6059,32,LOW,Extended repair downtime; Older equipment,0,14
DEMO-DEV-6063,DEMO-6063,33,LOW,Frequent repairs in last 365 days,2,6
DEMO-DEV-6064,DEMO-6064,11,LOW,Older equipment,0,1
DEMO-DEV-6065,DEMO-6065,4,LOW,"",0,0
DEMO-DEV-6066,DEMO-6066,4,LOW,"",0,0
DEMO-DEV-6067,DEMO-6067,36,LOW,Extended repair downtime; Older equipment,1,17
DEMO-DEV-6068,DEMO-6068,3,LOW,"",0,0
DEMO-DEV-6069,DEMO-6069,26,LOW,Extended repair downtime,1,14
DEMO-DEV-6070,DEMO-6070,97,HIGH,Frequent repairs in last 365 days; Extended repair downtime; Repair cost high relative to purchase; Older equipment,5,57
DEMO-DEV-6072,DEMO-6072,10,LOW,Older equipment,0,1
DEMO-DEV-6074,DEMO-6074,7,LOW,Older equipment,0,0
DEMO-DEV-6075,DEMO-6075,24,LOW,Older equipment,1,5
DEMO-DEV-6076,DEMO-6076,52,MEDIUM,Extended repair downtime; Repair cost high relative to purchase,1,16
DEMO-DEV-6077,DEMO-6077,12,LOW,"",0,5
DEMO-DEV-6078,DEMO-6078,23,LOW,Extended repair downtime; Older equipment,0,11
DEMO-DEV-6079,DEMO-6079,6,LOW,"",0,0
DEMO-DEV-6080,DEMO-6080,42,MEDIUM,Extended repair downtime; Repair cost high relative to purchase,1,16
DEMO-DEV-6081,DEMO-6081,9,LOW,Older equipment,0,0
DEMO-DEV-6082,DEMO-6082,27,LOW,Extended repair downtime,1,11
DEMO-DEV-6083,DEMO-6083,5,LOW,"",0,0
DEMO-DEV-6084,DEMO-6084,5,LOW,"",0,0
DEMO-DEV-6086,DEMO-6086,10,LOW,"",0,5
DEMO-DEV-6088,DEMO-6088,14,LOW,"",0,5
DEMO-DEV-6089,DEMO-6089,8,LOW,Older equipment,0,0
DEMO-DEV-6091,DEMO-6091,10,LOW,Older equipment,0,0
DEMO-DEV-6092,DEMO-6092,3,LOW,"",0,0
DEMO-DEV-6093,DEMO-6093,2,LOW,"",0,0
DEMO-DEV-6094,DEMO-6094,24,LOW,"",1,5
DEMO-DEV-6095,DEMO-6095,4,LOW,"",0,0
DEMO-DEV-6096,DEMO-6096,18,LOW,"",1,0
DEMO-DEV-6097,DEMO-6097,29,LOW,Extended repair downtime; Older equipment,1,9
DEMO-DEV-6098,DEMO-6098,16,LOW,Older equipment,0,2
DEMO-DEV-6099,DEMO-6099,1,LOW,"",0,0
DEMO-DEV-6102,DEMO-6102,19,LOW,"",1,4
DEMO-DEV-6104,DEMO-6104,10,LOW,"",0,3
DEMO-DEV-6105,DEMO-6105,9,LOW,Older equipment,0,0
DEMO-DEV-6106,DEMO-6106,9,LOW,"",0,2
DEMO-DEV-6107,DEMO-6107,15,LOW,"",1,0
DEMO-DEV-6108,DEMO-6108,8,LOW,Older equipment,0,0
DEMO-DEV-6110,DEMO-6110,23,LOW,Older equipment,0,5
DEMO-DEV-6111,DEMO-6111,6,LOW,"",0,0
DEMO-DEV-6112,DEMO-6112,36,LOW,Frequent repairs in last 365 days,2,3
DEMO-DEV-6115,DEMO-6115,9,LOW,Older equipment,0,0
DEMO-DEV-6116,DEMO-6116,9,LOW,Extended repair downtime,0,7
DEMO-DEV-6117,DEMO-6117,42,MEDIUM,Repair cost high relative to purchase; Older equipment,1,3
DEMO-DEV-6119,DEMO-6119,49,MEDIUM,Extended repair downtime; Repair cost high relative to purchase,1,16
DEMO-DEV-6120,DEMO-6120,7,LOW,Older equipment,0,0
DEMO-DEV-6121,DEMO-6121,34,LOW,Extended repair downtime; Repair cost high relative to purchase,0,14
DEMO-DEV-6123,DEMO-6123,33,LOW,Repair cost high relative to purchase,1,6
DEMO-DEV-6124,DEMO-6124,18,LOW,Older equipment,1,0
DEMO-DEV-6125,DEMO-6125,7,LOW,"",0,0
DEMO-DEV-6126,DEMO-6126,74,HIGH,Frequent repairs in last 365 days; Extended repair downtime,7,71
DEMO-DEV-6128,DEMO-6128,8,LOW,Older equipment,0,0
DEMO-DEV-6129,DEMO-6129,25,LOW,Extended repair downtime,0,15
DEMO-DEV-6130,DEMO-6130,5,LOW,"",0,0
DEMO-DEV-6131,DEMO-6131,35,LOW,Frequent repairs in last 365 days; Older equipment,2,6
DEMO-DEV-6132,DEMO-6132,5,LOW,"",0,0
DEMO-DEV-6133,DEMO-6133,7,LOW,Older equipment,0,0
DEMO-DEV-6134,DEMO-6134,23,LOW,Extended repair downtime,1,7
DEMO-DEV-6135,DEMO-6135,12,LOW,Extended repair downtime,0,8
DEMO-DEV-6136,DEMO-6136,11,LOW,Older equipment,0,0
DEMO-DEV-6137,DEMO-6137,16,LOW,Extended repair downtime,0,11
DEMO-DEV-6138,DEMO-6138,8,LOW,Older equipment,0,0
DEMO-DEV-6139,DEMO-6139,25,LOW,Extended repair downtime,1,9
DEMO-DEV-6140,DEMO-6140,20,LOW,Extended repair downtime; Older equipment,0,11
DEMO-DEV-6142,DEMO-6142,99,HIGH,Frequent repairs in last 365 days; Extended repair downtime; Repair cost high relative to purchase; Older equipment,8,49
DEMO-DEV-6143,DEMO-6143,10,LOW,Older equipment,0,0
DEMO-DEV-6144,DEMO-6144,75,HIGH,Frequent repairs in last 365 days; Extended repair downtime,7,77
DEMO-DEV-6145,DEMO-6145,9,LOW,Older equipment,0,0
DEMO-DEV-6146,DEMO-6146,7,LOW,Older equipment,0,0
DEMO-DEV-6147,DEMO-6147,8,LOW,Older equipment,0,0
DEMO-DEV-6148,DEMO-6148,8,LOW,Older equipment,0,0
DEMO-DEV-6149,DEMO-6149,3,LOW,"",0,0
DEMO-DEV-6150,DEMO-6150,1,LOW,"",0,0
DEMO-DEV-6151,DEMO-6151,33,LOW,Frequent repairs in last 365 days; Extended repair downtime,2,8
DEMO-DEV-6152,DEMO-6152,28,LOW,Extended repair downtime,1,12
DEMO-DEV-6153,DEMO-6153,15,LOW,Older equipment,0,5
DEMO-DEV-6154,DEMO-6154,5,LOW,"",0,0
DEMO-DEV-6156,DEMO-6156,73,HIGH,Frequent repairs in last 365 days; Extended repair downtime,5,78
DEMO-DEV-6157,DEMO-6157,91,HIGH,Frequent repairs in last 365 days; Extended repair downtime; Repair cost high relative to purchase,5,60
DEMO-DEV-6160,DEMO-6160,25,LOW,Extended repair downtime,1,11
DEMO-DEV-6162,DEMO-6162,3,LOW,"",0,0
DEMO-DEV-6163,DEMO-6163,10,LOW,Older equipment,0,1
DEMO-DEV-6164,DEMO-6164,2,LOW,"",0,0
DEMO-DEV-6165,DEMO-6165,74,HIGH,Frequent repairs in last 365 days; Extended repair downtime,6,22
DEMO-DEV-6166,DEMO-6166,17,LOW,"",0,4
DEMO-DEV-6167,DEMO-6167,29,LOW,Extended repair downtime,1,14
DEMO-DEV-6168,DEMO-6168,7,LOW,Older equipment,0,0
DEMO-DEV-6170,DEMO-6170,42,MEDIUM,Repair cost high relative to purchase,1,6
DEMO-DEV-6171,DEMO-6171,8,LOW,Older equipment,0,0
DEMO-DEV-6174,DEMO-6174,78,HIGH,Frequent repairs in last 365 days; Extended repair downtime,6,81
DEMO-DEV-6175,DEMO-6175,30,LOW,Repair cost high relative to purchase,0,6
DEMO-DEV-6178,DEMO-6178,2,LOW,"",0,0
DEMO-DEV-6179,DEMO-6179,8,LOW,"",0,0
DEMO-DEV-6180,DEMO-6180,91,HIGH,Frequent repairs in last 365 days; Extended repair downtime; Repair cost high relative to purchase,4,37
DEMO-DEV-6181,DEMO-6181,6,LOW,"",0,0
DEMO-DEV-6182,DEMO-6182,1,LOW,"",0,0
DEMO-DEV-6185,DEMO-6185,3,LOW,"",0,0
DEMO-DEV-6186,DEMO-6186,85,HIGH,Frequent repairs in last 365 days; Extended repair downtime; Repair cost high relative to purchase,7,90
DEMO-DEV-6187,DEMO-6187,16,LOW,Extended repair downtime,0,10
DEMO-DEV-6188,DEMO-6188,2,LOW,"",0,0
DEMO-DEV-6189,DEMO-6189,2,LOW,"",0,0
DEMO-DEV-6190,DEMO-6190,5,LOW,"",0,0
DEMO-DEV-6191,DEMO-6191,30,LOW,"",1,5
DEMO-DEV-6193,DEMO-6193,4,LOW,"",0,0
DEMO-DEV-6194,DEMO-6194,52,MEDIUM,Frequent repairs in last 365 days; Extended repair downtime; Repair cost high relative to purchase,2,10
DEMO-DEV-6195,DEMO-6195,76,HIGH,Frequent repairs in last 365 days; Extended repair downtime,8,92
DEMO-DEV-6196,DEMO-6196,9,LOW,Older equipment,0,0
DEMO-DEV-6198,DEMO-6198,5,LOW,"",0,0
DEMO-DEV-6199,DEMO-6199,17,LOW,"",1,0
DEMO-DEV-6200,DEMO-6200,15,LOW,"",0,4
DEMO-DEV-6201,DEMO-6201,25,LOW,Extended repair downtime,1,14
DEMO-DEV-6202,DEMO-6202,35,LOW,Extended repair downtime; Repair cost high relative to purchase,0,15
DEMO-DEV-6203,DEMO-6203,34,LOW,Extended repair downtime; Repair cost high relative to purchase,1,10
DEMO-DEV-6204,DEMO-6204,39,LOW,Extended repair downtime; Repair cost high relative to purchase,0,16
DEMO-DEV-6205,DEMO-6205,32,LOW,Extended repair downtime; Older equipment,1,12
DEMO-DEV-6206,DEMO-6206,40,MEDIUM,Extended repair downtime; Repair cost high relative to purchase; Older equipment,0,16
DEMO-DEV-6207,DEMO-6207,26,LOW,Extended repair downtime; Repair cost high relative to purchase,0,11
DEMO-DEV-6208,DEMO-6208,5,LOW,"",0,0
DEMO-DEV-6209,DEMO-6209,15,LOW,Older equipment,0,1
DEMO-DEV-6210,DEMO-6210,7,LOW,Older equipment,0,0
DEMO-DEV-6213,DEMO-6213,4,LOW,"",0,0
DEMO-DEV-6215,DEMO-6215,29,LOW,Extended repair downtime,1,12
DEMO-DEV-6216,DEMO-6216,3,LOW,"",0,0
DEMO-DEV-6218,DEMO-6218,0,LOW,"",0,0
DEMO-DEV-6219,DEMO-6219,14,LOW,"",1,0
DEMO-DEV-6220,DEMO-6220,24,LOW,Extended repair downtime,1,8
DEMO-DEV-6221,DEMO-6221,2,LOW,"",0,0
DEMO-DEV-6222,DEMO-6222,36,LOW,Extended repair downtime,1,11
DEMO-DEV-6223,DEMO-6223,20,LOW,Extended repair downtime,0,16
DEMO-DEV-6224,DEMO-6224,34,LOW,Extended repair downtime; Repair cost high relative to purchase,1,7
DEMO-DEV-6225,DEMO-6225,6,LOW,"",0,2
DEMO-DEV-6226,DEMO-6226,5,LOW,"",0,0
DEMO-DEV-6227,DEMO-6227,17,LOW,Extended repair downtime,0,10
DEMO-DEV-6228,DEMO-6228,30,LOW,Extended repair downtime,1,10
DEMO-DEV-6229,DEMO-6229,7,LOW,"",0,5
DEMO-DEV-6230,DEMO-6230,8,LOW,Older equipment,0,0
DEMO-DEV-6231,DEMO-6231,7,LOW,Older equipment,0,0
DEMO-DEV-6232,DEMO-6232,45,MEDIUM,Frequent repairs in last 365 days; Extended repair downtime,2,19
DEMO-DEV-6233,DEMO-6233,24,LOW,"",1,4
DEMO-DEV-6234,DEMO-6234,82,HIGH,Frequent repairs in last 365 days; Extended repair downtime,8,92
DEMO-DEV-6235,DEMO-6235,9,LOW,Older equipment,0,0
DEMO-DEV-6236,DEMO-6236,3,LOW,"",0,0
DEMO-DEV-6237,DEMO-6237,81,HIGH,Frequent repairs in last 365 days; Extended repair downtime,5,61
DEMO-DEV-6238,DEMO-6238,9,LOW,Older equipment,0,0
DEMO-DEV-6240,DEMO-6240,17,LOW,Extended repair downtime; Older equipment,0,7
DEMO-DEV-6241,DEMO-6241,2,LOW,"",0,0
DEMO-DEV-6242,DEMO-6242,11,LOW,"",0,4
DEMO-DEV-6243,DEMO-6243,94,HIGH,Frequent repairs in last 365 days; Extended repair downtime; Repair cost high relative to purchase,4,47
DEMO-DEV-6244,DEMO-6244,48,MEDIUM,Frequent repairs in last 365 days; Extended repair downtime; Older equipment,2,14
DEMO-DEV-6245,DEMO-6245,8,LOW,Older equipment,0,0
DEMO-DEV-6246,DEMO-6246,4,LOW,"",0,0
DEMO-DEV-6247,DEMO-6247,1,LOW,"",0,0
DEMO-DEV-6248,DEMO-6248,17,LOW,Older equipment,0,0
DEMO-DEV-6249,DEMO-6249,3,LOW,"",0,0
DEMO-DEV-6251,DEMO-6251,20,LOW,Older equipment,1,1
DEMO-DEV-6252,DEMO-6252,4,LOW,"",0,0
DEMO-DEV-6255,DEMO-6255,6,LOW,"",0,4
DEMO-DEV-6256,DEMO-6256,9,LOW,Older equipment,0,0
DEMO-DEV-6257,DEMO-6257,35,LOW,Extended repair downtime; Older equipment,1,11
DEMO-DEV-6258,DEMO-6258,12,LOW,"",0,4
DEMO-DEV-6259,DEMO-6259,6,LOW,"",0,0
DEMO-DEV-6260,DEMO-6260,27,LOW,Older equipment,1,2
DEMO-DEV-6261,DEMO-6261,19,LOW,Repair cost high relative to purchase,0,5
DEMO-DEV-6262,DEMO-6262,15,LOW,"",1,4
DEMO-DEV-6263,DEMO-6263,24,LOW,Extended repair downtime,0,20
DEMO-DEV-6264,DEMO-6264,3,LOW,"",0,0
DEMO-DEV-6265,DEMO-6265,21,LOW,Extended repair downtime; Older equipment,0,13
DEMO-DEV-6266,DEMO-6266,23,LOW,"",1,5
DEMO-DEV-6268,DEMO-6268,7,LOW,"",0,4
DEMO-DEV-6269,DEMO-6269,97,HIGH,Frequent repairs in last 365 days; Extended repair downtime; Repair cost high relative to purchase; Older equipment,8,55
DEMO-DEV-6270,DEMO-6270,43,MEDIUM,Extended repair downtime; Repair cost high relative to purchase,1,11
DEMO-DEV-6271,DEMO-6271,32,LOW,Extended repair downtime; Repair cost high relative to purchase,0,10
DEMO-DEV-6274,DEMO-6274,32,LOW,Extended repair downtime,1,12
DEMO-DEV-6275,DEMO-6275,21,LOW,Extended repair downtime,1,10
DEMO-DEV-6279,DEMO-6279,15,LOW,Extended repair downtime,0,12
DEMO-DEV-6280,DEMO-6280,39,LOW,Extended repair downtime; Repair cost high relative to purchase; Older equipment,0,9
DEMO-DEV-6282,DEMO-6282,14,LOW,Extended repair downtime,0,12
DEMO-DEV-6283,DEMO-6283,0,LOW,"",0,0
DEMO-DEV-6284,DEMO-6284,6,LOW,"",0,0
DEMO-DEV-6285,DEMO-6285,4,LOW,"",0,0
DEMO-DEV-6286,DEMO-6286,100,HIGH,Frequent repairs in last 365 days; Extended repair downtime; Repair cost high relative to purchase; Older equipment,5,38
DEMO-DEV-6287,DEMO-6287,8,LOW,Older equipment,0,0
DEMO-DEV-6288,DEMO-6288,33,LOW,Repair cost high relative to purchase; Older equipment,0,5
DEMO-DEV-6289,DEMO-6289,16,LOW,Extended repair downtime; Older equipment,0,7
DEMO-DEV-6290,DEMO-6290,73,HIGH,Frequent repairs in last 365 days; Extended repair downtime,8,72
DEMO-DEV-6291,DEMO-6291,16,LOW,"",1,1
DEMO-DEV-6292,DEMO-6292,7,LOW,"",0,0
DEMO-DEV-6293,DEMO-6293,55,MEDIUM,Extended repair downtime; Repair cost high relative to purchase,1,21
DEMO-DEV-6294,DEMO-6294,34,LOW,Extended repair downtime; Repair cost high relative to purchase; Older equipment,0,12
DEMO-DEV-6296,DEMO-6296,6,LOW,"",0,0
DEMO-DEV-6298,DEMO-6298,32,LOW,Repair cost high relative to purchase,1,0
DEMO-DEV-6299,DEMO-6299,8,LOW,Older equipment,0,0
DEMO-DEV-6300,DEMO-6300,29,LOW,Extended repair downtime,0,22
DEMO-DEV-6301,DEMO-6301,29,LOW,Repair cost high relative to purchase,0,5
DEMO-DEV-6302,DEMO-6302,6,LOW,"",0,1
DEMO-DEV-6303,DEMO-6303,3,LOW,"",0,0
DEMO-DEV-6304,DEMO-6304,3,LOW,"",0,0
DEMO-DEV-6305,DEMO-6305,25,LOW,"",1,5
DEMO-DEV-6306,DEMO-6306,30,LOW,Extended repair downtime; Repair cost high relative to purchase,0,7
DEMO-DEV-6307,DEMO-6307,1,LOW,"",0,0
DEMO-DEV-6308,DEMO-6308,0,LOW,"",0,0
DEMO-DEV-6311,DEMO-6311,1,LOW,"",0,0
DEMO-DEV-6312,DEMO-6312,1,LOW,"",0,0
DEMO-DEV-6313,DEMO-6313,4,LOW,"",0,0
DEMO-DEV-6314,DEMO-6314,11,LOW,Older equipment,0,0
DEMO-DEV-6315,DEMO-6315,12,LOW,Extended repair downtime,0,9
DEMO-DEV-6316,DEMO-6316,11,LOW,"",0,6
DEMO-DEV-6317,DEMO-6317,4,LOW,"",0,0
DEMO-DEV-6318,DEMO-6318,97,HIGH,Frequent repairs in last 365 days; Extended repair downtime; Repair cost high relative to purchase,8,68
DEMO-DEV-6319,DEMO-6319,3,LOW,"",0,0
DEMO-DEV-6320,DEMO-6320,35,LOW,Extended repair downtime; Repair cost high relative to purchase,1,9
DEMO-DEV-6321,DEMO-6321,3,LOW,"",0,0
DEMO-DEV-6322,DEMO-6322,95,HIGH,Frequent repairs in last 365 days; Extended repair downtime; Repair cost high relative to purchase,5,34
DEMO-DEV-6325,DEMO-6325,27,LOW,Extended repair downtime,1,10
DEMO-DEV-6326,DEMO-6326,9,LOW,Older equipment,0,0
DEMO-DEV-6327,DEMO-6327,20,LOW,Extended repair downtime,0,12
DEMO-DEV-6328,DEMO-6328,87,HIGH,Frequent repairs in last 365 days; Extended repair downtime; Repair cost high relative to purchase,7,92
DEMO-DEV-6329,DEMO-6329,89,HIGH,Frequent repairs in last 365 days; Extended repair downtime; Repair cost high relative to purchase; Older equipment,7,80
DEMO-DEV-6330,DEMO-6330,2,LOW,"",0,0
DEMO-DEV-6331,DEMO-6331,5,LOW,"",0,0
DEMO-DEV-6332,DEMO-6332,2,LOW,"",0,0
DEMO-DEV-6333,DEMO-6333,6,LOW,"",0,0
DEMO-DEV-6334,DEMO-6334,9,LOW,Older equipment,0,0
DEMO-DEV-6335,DEMO-6335,6,LOW,"",0,0
DEMO-DEV-6338,DEMO-6338,3,LOW,"",0,0
DEMO-DEV-6339,DEMO-6339,15,LOW,Extended repair downtime,0,7
DEMO-DEV-6340,DEMO-6340,3,LOW,"",0,0
DEMO-DEV-6343,DEMO-6343,6,LOW,"",0,0
DEMO-DEV-6344,DEMO-6344,93,HIGH,Frequent repairs in last 365 days; Extended repair downtime; Repair cost high relative to purchase,8,60
DEMO-DEV-6345,DEMO-6345,54,MEDIUM,Extended repair downtime; Repair cost high relative to purchase; Older equipment,1,16
DEMO-DEV-6346,DEMO-6346,6,LOW,"",0,0
DEMO-DEV-6347,DEMO-6347,16,LOW,Extended repair downtime; Older equipment,0,7
DEMO-DEV-6348,DEMO-6348,46,MEDIUM,Extended repair downtime; Repair cost high relative to purchase,1,12
DEMO-DEV-6349,DEMO-6349,2,LOW,"",0,0
DEMO-DEV-6353,DEMO-6353,4,LOW,"",0,0
DEMO-DEV-6354,DEMO-6354,23,LOW,Extended repair downtime,1,9
DEMO-DEV-6355,DEMO-6355,82,HIGH,Frequent repairs in last 365 days; Extended repair downtime; Repair cost high relative to purchase,6,17
DEMO-DEV-6356,DEMO-6356,1,LOW,"",0,0
DEMO-DEV-6357,DEMO-6357,8,LOW,"",0,0
DEMO-DEV-6358,DEMO-6358,37,LOW,Frequent repairs in last 365 days; Extended repair downtime,2,11
DEMO-DEV-6359,DEMO-6359,6,LOW,"",0,0
DEMO-DEV-6360,DEMO-6360,12,LOW,Extended repair downtime,0,8
DEMO-DEV-6361,DEMO-6361,1,LOW,"",0,0
DEMO-DEV-6362,DEMO-6362,76,HIGH,Frequent repairs in last 365 days; Extended repair downtime,4,30
DEMO-DEV-6363,DEMO-6363,8,LOW,"",0,5
DEMO-DEV-6366,DEMO-6366,26,LOW,Extended repair downtime,1,14
DEMO-DEV-6367,DEMO-6367,17,LOW,Older equipment,1,0
DEMO-DEV-6368,DEMO-6368,42,MEDIUM,Extended repair downtime; Repair cost high relative to purchase,1,11
DEMO-DEV-6369,DEMO-6369,11,LOW,Older equipment,0,0
DEMO-DEV-6370,DEMO-6370,8,LOW,Older equipment,0,0
DEMO-DEV-6371,DEMO-6371,9,LOW,"",0,4
DEMO-DEV-6372,DEMO-6372,4,LOW,"",0,0
DEMO-DEV-6373,DEMO-6373,10,LOW,Extended repair downtime,0,8
DEMO-DEV-6374,DEMO-6374,11,LOW,"",0,6
DEMO-DEV-6375,DEMO-6375,26,LOW,Repair cost high relative to purchase,0,5
DEMO-DEV-6377,DEMO-6377,28,LOW,Extended repair downtime,1,8
DEMO-DEV-6378,DEMO-6378,15,LOW,"",1,2
DEMO-DEV-6379,DEMO-6379,14,LOW,Extended repair downtime,0,8
DEMO-DEV-6383,DEMO-6383,34,LOW,Extended repair downtime; Older equipment,1,15
DEMO-DEV-6384,DEMO-6384,9,LOW,Older equipment,0,0
DEMO-DEV-6385,DEMO-6385,18,LOW,"",1,2
DEMO-DEV-6386,DEMO-6386,26,LOW,Older equipment,1,6
DEMO-DEV-6387,DEMO-6387,16,LOW,Repair cost high relative to purchase,0,0
DEMO-DEV-6388,DEMO-6388,6,LOW,"",0,0
DEMO-DEV-6389,DEMO-6389,28,LOW,Extended repair downtime,1,12
DEMO-DEV-6390,DEMO-6390,6,LOW,"",0,0
DEMO-DEV-6391,DEMO-6391,19,LOW,Older equipment,0,5
DEMO-DEV-6392,DEMO-6392,7,LOW,"",0,2
DEMO-DEV-6395,DEMO-6395,10,LOW,Older equipment,0,0
DEMO-DEV-6396,DEMO-6396,2,LOW,"",0,0
DEMO-DEV-6397,DEMO-6397,15,LOW,Extended repair downtime,0,12
DEMO-DEV-6398,DEMO-6398,28,LOW,Extended repair downtime,1,12
DEMO-DEV-6399,DEMO-6399,0,LOW,"",0,0
DEMO-DEV-6400,DEMO-6400,78,HIGH,Frequent repairs in last 365 days; Extended repair downtime,6,57
DEMO-DEV-6401,DEMO-6401,7,LOW,"",0,2
DEMO-DEV-6402,DEMO-6402,24,LOW,"",1,6
DEMO-DEV-6403,DEMO-6403,36,LOW,Extended repair downtime; Repair cost high relative to purchase,0,10
DEMO-DEV-6404,DEMO-6404,12,LOW,"",0,6
DEMO-DEV-6405,DEMO-6405,29,LOW,Extended repair downtime; Repair cost high relative to purchase,0,7
DEMO-DEV-6406,DEMO-6406,32,LOW,Extended repair downtime; Repair cost high relative to purchase,0,7
DEMO-DEV-6407,DEMO-6407,9,LOW,"",0,0
DEMO-DEV-6408,DEMO-6408,2,LOW,"",0,0
DEMO-DEV-6409,DEMO-6409,9,LOW,Older equipment,0,0
DEMO-DEV-6410,DEMO-6410,18,LOW,"",1,4
DEMO-DEV-6411,DEMO-6411,7,LOW,Older equipment,0,0
DEMO-DEV-6412,DEMO-6412,7,LOW,Older equipment,0,0
DEMO-DEV-6413,DEMO-6413,33,LOW,Extended repair downtime; Older equipment,1,12
DEMO-DEV-6414,DEMO-6414,5,LOW,"",0,0
DEMO-DEV-6415,DEMO-6415,10,LOW,"",0,5
DEMO-DEV-6416,DEMO-6416,1,LOW,"",0,0
DEMO-DEV-6417,DEMO-6417,7,LOW,"",0,0
DEMO-DEV-6418,DEMO-6418,3,LOW,"",0,0
DEMO-DEV-6420,DEMO-6420,97,HIGH,Frequent repairs in last 365 days; Extended repair downtime; Repair cost high relative to purchase; Older equipment,8,69
DEMO-DEV-6421,DEMO-6421,6,LOW,"",0,0
DEMO-DEV-6422,DEMO-6422,30,LOW,Repair cost high relative to purchase,1,5
DEMO-DEV-6423,DEMO-6423,17,LOW,"",1,5
DEMO-DEV-6424,DEMO-6424,34,LOW,Extended repair downtime,1,20
DEMO-DEV-6425,DEMO-6425,9,LOW,Older equipment,0,0
DEMO-DEV-6426,DEMO-6426,40,MEDIUM,Frequent repairs in last 365 days; Extended repair downtime,2,13
DEMO-DEV-6427,DEMO-6427,13,LOW,"",0,3
DEMO-DEV-6428,DEMO-6428,0,LOW,"",0,0
DEMO-DEV-6429,DEMO-6429,25,LOW,Extended repair downtime,1,8
DEMO-DEV-6430,DEMO-6430,0,LOW,"",0,0
DEMO-DEV-6431,DEMO-6431,47,MEDIUM,Extended repair downtime; Repair cost high relative to purchase; Older equipment,1,7
DEMO-DEV-6432,DEMO-6432,14,LOW,"",1,2
DEMO-DEV-6433,DEMO-6433,20,LOW,Older equipment,1,0
DEMO-DEV-6436,DEMO-6436,1,LOW,"",0,0
DEMO-DEV-6437,DEMO-6437,6,LOW,"",0,0
DEMO-DEV-6440,DEMO-6440,34,LOW,Repair cost high relative to purchase,1,5
DEMO-DEV-6441,DEMO-6441,0,LOW,"",0,0
DEMO-DEV-6443,DEMO-6443,6,LOW,"",0,0
DEMO-DEV-6445,DEMO-6445,81,HIGH,Frequent repairs in last 365 days; Extended repair downtime,7,90
DEMO-DEV-6446,DEMO-6446,1,LOW,"",0,0
DEMO-DEV-6450,DEMO-6450,7,LOW,"",0,0
DEMO-DEV-6451,DEMO-6451,4,LOW,"",0,0
DEMO-DEV-6452,DEMO-6452,1,LOW,"",0,0
DEMO-DEV-6453,DEMO-6453,1,LOW,"",0,0
DEMO-DEV-6454,DEMO-6454,35,LOW,Extended repair downtime,1,20
DEMO-DEV-6455,DEMO-6455,97,HIGH,Frequent repairs in last 365 days; Extended repair downtime; Repair cost high relative to purchase; Older equipment,7,73
DEMO-DEV-6456,DEMO-6456,22,LOW,Repair cost high relative to purchase,1,0
DEMO-DEV-6457,DEMO-6457,23,LOW,Older equipment,1,2
DEMO-DEV-6458,DEMO-6458,27,LOW,Extended repair downtime; Repair cost high relative to purchase,0,11
DEMO-DEV-6461,DEMO-6461,92,HIGH,Frequent repairs in last 365 days; Extended repair downtime; Repair cost high relative to purchase,5,55
DEMO-DEV-6462,DEMO-6462,83,HIGH,Frequent repairs in last 365 days; Extended repair downtime; Repair cost high relative to purchase,4,44
DEMO-DEV-6464,DEMO-6464,34,LOW,Repair cost high relative to purchase,1,2
DEMO-DEV-6467,DEMO-6467,9,LOW,Older equipment,0,0
DEMO-DEV-6468,DEMO-6468,9,LOW,"",0,6
DEMO-DEV-6469,DEMO-6469,9,LOW,Extended repair downtime,0,7
DEMO-DEV-6470,DEMO-6470,8,LOW,"",0,5
DEMO-DEV-6472,DEMO-6472,15,LOW,Extended repair downtime,0,12
DEMO-DEV-6474,DEMO-6474,16,LOW,"",1,0
DEMO-DEV-6476,DEMO-6476,9,LOW,Older equipment,0,0
DEMO-DEV-6480,DEMO-6480,23,LOW,Extended repair downtime,1,8
DEMO-DEV-6481,DEMO-6481,3,LOW,"",0,0
DEMO-DEV-6483,DEMO-6483,1,LOW,"",0,0
DEMO-DEV-6484,DEMO-6484,11,LOW,Extended repair downtime,0,7
DEMO-DEV-6485,DEMO-6485,34,LOW,Extended repair downtime; Older equipment,1,14
DEMO-DEV-6486,DEMO-6486,26,LOW,"",1,2
DEMO-DEV-6487,DEMO-6487,7,LOW,Older equipment,0,0
DEMO-DEV-6488,DEMO-6488,19,LOW,Older equipment,1,0
DEMO-DEV-6490,DEMO-6490,34,LOW,Extended repair downtime; Older equipment,1,14
DEMO-DEV-6491,DEMO-6491,22,LOW,Extended repair downtime,0,12
DEMO-DEV-6492,DEMO-6492,35,LOW,Repair cost high relative to purchase,1,4
DEMO-DEV-6493,DEMO-6493,35,LOW,Frequent repairs in last 365 days; Extended repair downtime,2,12
DEMO-DEV-6494,DEMO-6494,3,LOW,"",0,0
DEMO-DEV-6495,DEMO-6495,16,LOW,Extended repair downtime,0,11
DEMO-DEV-6496,DEMO-6496,76,HIGH,Frequent repairs in last 365 days; Extended repair downtime,4,60
DEMO-DEV-6497,DEMO-6497,26,LOW,Older equipment,1,4
DEMO-DEV-6498,DEMO-6498,76,HIGH,Frequent repairs in last 365 days; Extended repair downtime,6,117
DEMO-DEV-6499,DEMO-6499,21,LOW,Extended repair downtime,1,7
DEMO-DEV-6500,DEMO-6500,10,LOW,Older equipment,0,0
DEMO-DEV-6501,DEMO-6501,1,LOW,"",0,0
DEMO-DEV-6502,DEMO-6502,5,LOW,"",0,0
DEMO-DEV-6505,DEMO-6505,27,LOW,Extended repair downtime,0,16
DEMO-DEV-6506,DEMO-6506,20,LOW,Extended repair downtime,1,7
DEMO-DEV-6507,DEMO-6507,8,LOW,Older equipment,0,0
DEMO-DEV-6508,DEMO-6508,0,LOW,"",0,0
DEMO-DEV-6509,DEMO-6509,5,LOW,"",0,0
DEMO-DEV-6510,DEMO-6510,9,LOW,"",0,0
DEMO-DEV-6511,DEMO-6511,100,HIGH,Frequent repairs in last 365 days; Extended repair downtime; Repair cost high relative to purchase; Older equipment,8,94
DEMO-DEV-6512,DEMO-6512,3,LOW,"",0,0
DEMO-DEV-6513,DEMO-6513,3,LOW,"",0,0
DEMO-DEV-6514,DEMO-6514,5,LOW,"",0,0
DEMO-DEV-6515,DEMO-6515,37,LOW,Extended repair downtime; Repair cost high relative to purchase,0,11
DEMO-DEV-6520,DEMO-6520,2,LOW,"",0,0
DEMO-DEV-6521,DEMO-6521,8,LOW,Older equipment,0,0
DEMO-DEV-6522,DEMO-6522,5,LOW,"",0,0
DEMO-DEV-6523,DEMO-6523,15,LOW,Older equipment,0,0
DEMO-DEV-6524,DEMO-6524,25,LOW,Extended repair downtime,0,21
DEMO-DEV-6525,DEMO-6525,16,LOW,"",1,1
DEMO-DEV-6526,DEMO-6526,8,LOW,Older equipment,0,0
DEMO-DEV-6527,DEMO-6527,8,LOW,"",0,2
DEMO-DEV-6528,DEMO-6528,1,LOW,"",0,0
DEMO-DEV-6530,DEMO-6530,6,LOW,"",0,3
DEMO-DEV-6532,DEMO-6532,6,LOW,"",0,0
DEMO-DEV-6535,DEMO-6535,0,LOW,"",0,0
DEMO-DEV-6536,DEMO-6536,8,LOW,Older equipment,0,0
DEMO-DEV-6537,DEMO-6537,9,LOW,Older equipment,0,0
DEMO-DEV-6538,DEMO-6538,5,LOW,"",0,0
DEMO-DEV-6539,DEMO-6539,4,LOW,"",0,0
DEMO-DEV-6540,DEMO-6540,23,LOW,Older equipment,1,0
DEMO-DEV-6541,DEMO-6541,35,LOW,Repair cost high relative to purchase,1,6
DEMO-DEV-6542,DEMO-6542,16,LOW,Extended repair downtime,0,10
DEMO-DEV-6543,DEMO-6543,31,LOW,Repair cost high relative to purchase; Older equipment,1,0
DEMO-DEV-6544,DEMO-6544,7,LOW,Older equipment,0,0
DEMO-DEV-6545,DEMO-6545,11,LOW,"",0,3
DEMO-DEV-6548,DEMO-6548,83,HIGH,Frequent repairs in last 365 days; Extended repair downtime,4,44
DEMO-DEV-6550,DEMO-6550,26,LOW,Repair cost high relative to purchase,0,0
DEMO-DEV-6551,DEMO-6551,5,LOW,"",0,0
DEMO-DEV-6552,DEMO-6552,22,LOW,Extended repair downtime,0,16
DEMO-DEV-6553,DEMO-6553,37,LOW,Extended repair downtime; Older equipment,1,11
DEMO-DEV-6554,DEMO-6554,2,LOW,"",0,0
DEMO-DEV-6555,DEMO-6555,4,LOW,"",0,0
DEMO-DEV-6556,DEMO-6556,10,LOW,"",0,4
DEMO-DEV-6557,DEMO-6557,81,HIGH,Frequent repairs in last 365 days; Extended repair downtime; Older equipment,8,93
DEMO-DEV-6558,DEMO-6558,18,LOW,Extended repair downtime,1,7
DEMO-DEV-6559,DEMO-6559,11,LOW,"",0,3
DEMO-DEV-6560,DEMO-6560,59,MEDIUM,Extended repair downtime; Repair cost high relative to purchase; Older equipment,1,20
DEMO-DEV-6561,DEMO-6561,22,LOW,Extended repair downtime,0,12
DEMO-DEV-6562,DEMO-6562,24,LOW,Extended repair downtime; Older equipment,0,13
DEMO-DEV-6563,DEMO-6563,16,LOW,Older equipment,0,6
DEMO-DEV-6564,DEMO-6564,16,LOW,"",1,0
DEMO-DEV-6565,DEMO-6565,6,LOW,"",0,0
DEMO-DEV-6566,DEMO-6566,29,LOW,Repair cost high relative to purchase,1,0
DEMO-DEV-6567,DEMO-6567,16,LOW,Extended repair downtime; Older equipment,0,8
DEMO-DEV-6568,DEMO-6568,17,LOW,Older equipment,0,6
DEMO-DEV-6569,DEMO-6569,7,LOW,Older equipment,0,0
DEMO-DEV-6570,DEMO-6570,12,LOW,Older equipment,0,0
DEMO-DEV-6573,DEMO-6573,31,LOW,Frequent repairs in last 365 days; Extended repair downtime,2,7
DEMO-DEV-6574,DEMO-6574,1,LOW,"",0,0
DEMO-DEV-6575,DEMO-6575,23,LOW,Extended repair downtime,1,7
DEMO-DEV-6576,DEMO-6576,8,LOW,Older equipment,0,0
DEMO-DEV-6577,DEMO-6577,97,HIGH,Frequent repairs in last 365 days; Extended repair downtime; Repair cost high relative to purchase,8,107
DEMO-DEV-6578,DEMO-6578,4,LOW,"",0,0
DEMO-DEV-6579,DEMO-6579,2,LOW,"",0,0
DEMO-DEV-6581,DEMO-6581,5,LOW,"",0,0
DEMO-DEV-6582,DEMO-6582,19,LOW,Extended repair downtime,0,11
DEMO-DEV-6583,DEMO-6583,14,LOW,Extended repair downtime,0,7
DEMO-DEV-6584,DEMO-6584,21,LOW,"",1,0
DEMO-DEV-6586,DEMO-6586,7,LOW,Extended repair downtime,0,7
DEMO-DEV-6587,DEMO-6587,37,LOW,Extended repair downtime; Repair cost high relative to purchase,1,7
DEMO-DEV-6588,DEMO-6588,9,LOW,Older equipment,0,0
DEMO-DEV-6589,DEMO-6589,4,LOW,"",0,0
DEMO-DEV-6590,DEMO-6590,21,LOW,Extended repair downtime; Older equipment,0,10
DEMO-DEV-6591,DEMO-6591,28,LOW,Older equipment,1,0
DEMO-DEV-6592,DEMO-6592,32,LOW,Extended repair downtime; Repair cost high relative to purchase,0,7
DEMO-DEV-6593,DEMO-6593,11,LOW,"",0,0
DEMO-DEV-6594,DEMO-6594,19,LOW,"",1,4
DEMO-DEV-6595,DEMO-6595,8,LOW,Older equipment,0,0
DEMO-DEV-6596,DEMO-6596,2,LOW,"",0,0
DEMO-DEV-6597,DEMO-6597,20,LOW,"",1,1
DEMO-DEV-6598,DEMO-6598,19,LOW,"",1,4
DEMO-DEV-6599,DEMO-6599,13,LOW,"",1,0
DEMO-DEV-6600,DEMO-6600,44,MEDIUM,Extended repair downtime; Repair cost high relative to purchase; Older equipment,0,16
DEMO-DEV-6605,DEMO-6605,5,LOW,"",0,0
DEMO-DEV-6606,DEMO-6606,78,HIGH,Frequent repairs in last 365 days; Extended repair downtime,8,53
DEMO-DEV-6607,DEMO-6607,79,HIGH,Frequent repairs in last 365 days; Extended repair downtime,5,60
DEMO-DEV-6608,DEMO-6608,24,LOW,Extended repair downtime,1,11
DEMO-DEV-6609,DEMO-6609,0,LOW,"",0,0
DEMO-DEV-6611,DEMO-6611,8,LOW,"",0,3
DEMO-DEV-6612,DEMO-6612,1,LOW,"",0,0
DEMO-DEV-6616,DEMO-6616,0,LOW,"",0,0
DEMO-DEV-6617,DEMO-6617,18,LOW,Older equipment,0,6
DEMO-DEV-6618,DEMO-6618,20,LOW,Older equipment,1,0
DEMO-DEV-6619,DEMO-6619,4,LOW,"",0,0
DEMO-DEV-6620,DEMO-6620,4,LOW,"",0,0
DEMO-DEV-6621,DEMO-6621,15,LOW,"",0,0
DEMO-DEV-6622,DEMO-6622,9,LOW,Older equipment,0,0
DEMO-DEV-6623,DEMO-6623,92,HIGH,Frequent repairs in last 365 days; Extended repair downtime; Repair cost high relative to purchase,8,89
DEMO-DEV-6624,DEMO-6624,9,LOW,Older equipment,0,0
DEMO-DEV-6625,DEMO-6625,7,LOW,Older equipment,0,0
DEMO-DEV-6626,DEMO-6626,9,LOW,Older equipment,0,0
DEMO-DEV-6628,DEMO-6628,36,LOW,Repair cost high relative to purchase,1,6
DEMO-DEV-6629,DEMO-6629,20,LOW,Older equipment,1,0
DEMO-DEV-6630,DEMO-6630,52,MEDIUM,Extended repair downtime; Repair cost high relative to purchase,1,20
DEMO-DEV-6631,DEMO-6631,14,LOW,"",1,2
DEMO-DEV-6632,DEMO-6632,1,LOW,"",0,0
DEMO-DEV-6633,DEMO-6633,10,LOW,Older equipment,0,0
DEMO-DEV-6634,DEMO-6634,43,MEDIUM,Frequent repairs in last 365 days; Extended repair downtime,2,20
DEMO-DEV-6635,DEMO-6635,34,LOW,Extended repair downtime; Older equipment,1,11
DEMO-DEV-6636,DEMO-6636,32,LOW,Frequent repairs in last 365 days,2,6
DEMO-DEV-6637,DEMO-6637,27,LOW,Extended repair downtime; Older equipment,0,10
DEMO-DEV-6638,DEMO-6638,24,LOW,Repair cost high relative to purchase; Older equipment,0,2
DEMO-DEV-6639,DEMO-6639,86,HIGH,Frequent repairs in last 365 days; Extended repair downtime,5,39
DEMO-DEV-6642,DEMO-6642,15,LOW,"",0,5
DEMO-DEV-6643,DEMO-6643,21,LOW,Extended repair downtime,0,13
DEMO-DEV-6644,DEMO-6644,87,HIGH,Frequent repairs in last 365 days; Extended repair downtime; Older equipment,6,78
DEMO-DEV-6645,DEMO-6645,24,LOW,Extended repair downtime; Older equipment,0,11
DEMO-DEV-6646,DEMO-6646,22,LOW,Repair cost high relative to purchase,0,0
DEMO-DEV-6647,DEMO-6647,4,LOW,"",0,0
DEMO-DEV-6648,DEMO-6648,13,LOW,"",1,3
DEMO-DEV-6649,DEMO-6649,21,LOW,Extended repair downtime; Older equipment,0,8
DEMO-DEV-6650,DEMO-6650,95,HIGH,Frequent repairs in last 365 days; Extended repair downtime; Repair cost high relative to purchase,6,64
DEMO-DEV-6651,DEMO-6651,4,LOW,"",0,1
DEMO-DEV-6652,DEMO-6652,1,LOW,"",0,0
DEMO-DEV-6655,DEMO-6655,37,LOW,Repair cost high relative to purchase,1,4
DEMO-DEV-6657,DEMO-6657,10,LOW,Older equipment,0,0
DEMO-DEV-6658,DEMO-6658,34,LOW,Extended repair downtime; Repair cost high relative to purchase,0,11
DEMO-DEV-6659,DEMO-6659,2,LOW,"",0,0
DEMO-DEV-6660,DEMO-6660,33,LOW,Repair cost high relative to purchase; Older equipment,1,3
DEMO-DEV-6661,DEMO-6661,8,LOW,Older equipment,0,0
DEMO-DEV-6662,DEMO-6662,21,LOW,"",1,4
DEMO-DEV-6663,DEMO-6663,4,LOW,"",0,0
DEMO-DEV-6664,DEMO-6664,77,HIGH,Frequent repairs in last 365 days; Extended repair downtime,5,64
DEMO-DEV-6665,DEMO-6665,17,LOW,"",0,6
DEMO-DEV-6666,DEMO-6666,76,HIGH,Frequent repairs in last 365 days; Extended repair downtime,6,117
DEMO-DEV-6667,DEMO-6667,6,LOW,"",0,0
DEMO-DEV-6670,DEMO-6670,41,MEDIUM,Extended repair downtime; Repair cost high relative to purchase,1,12
DEMO-DEV-6672,DEMO-6672,5,LOW,"",0,0
DEMO-DEV-6673,DEMO-6673,33,LOW,Extended repair downtime; Older equipment,0,18
DEMO-DEV-6674,DEMO-6674,9,LOW,Older equipment,0,0
DEMO-DEV-6675,DEMO-6675,17,LOW,Older equipment,0,2
DEMO-DEV-6676,DEMO-6676,82,HIGH,Frequent repairs in last 365 days; Extended repair downtime; Older equipment,6,85
DEMO-DEV-6677,DEMO-6677,6,LOW,"",0,0
DEMO-DEV-6678,DEMO-6678,12,LOW,Older equipment,0,0
DEMO-DEV-6679,DEMO-6679,25,LOW,Extended repair downtime,1,12
DEMO-DEV-6680,DEMO-6680,48,MEDIUM,Extended repair downtime; Repair cost high relative to purchase; Older equipment,0,19
DEMO-DEV-6681,DEMO-6681,39,LOW,Extended repair downtime; Repair cost high relative to purchase,0,12
DEMO-DEV-6684,DEMO-6684,35,LOW,Extended repair downtime; Older equipment,1,14
DEMO-DEV-6685,DEMO-6685,8,LOW,Older equipment,0,0
DEMO-DEV-6688,DEMO-6688,5,LOW,"",0,0
DEMO-DEV-6689,DEMO-6689,28,LOW,Extended repair downtime; Repair cost high relative to purchase,0,7
DEMO-DEV-6690,DEMO-6690,81,HIGH,Frequent repairs in last 365 days; Extended repair downtime; Repair cost high relative to purchase,4,17
DEMO-DEV-6693,DEMO-6693,21,LOW,Extended repair downtime; Older equipment,0,11
DEMO-DEV-6694,DEMO-6694,9,LOW,Older equipment,0,0
DEMO-DEV-6695,DEMO-6695,27,LOW,Extended repair downtime; Older equipment,1,8
DEMO-DEV-6697,DEMO-6697,8,LOW,Older equipment,0,0
DEMO-DEV-6699,DEMO-6699,3,LOW,"",0,0
DEMO-DEV-6700,DEMO-6700,30,LOW,Extended repair downtime; Older equipment,1,12
DEMO-DEV-6701,DEMO-6701,10,LOW,Extended repair downtime,0,9
DEMO-DEV-6702,DEMO-6702,18,LOW,"",0,6
DEMO-DEV-6703,DEMO-6703,33,LOW,Repair cost high relative to purchase,1,2
DEMO-DEV-6704,DEMO-6704,27,LOW,Repair cost high relative to purchase,0,2
DEMO-DEV-6705,DEMO-6705,12,LOW,"",0,4
DEMO-DEV-6706,DEMO-6706,31,LOW,Extended repair downtime; Repair cost high relative to purchase,0,18
DEMO-DEV-6707,DEMO-6707,9,LOW,"",0,6
DEMO-DEV-6709,DEMO-6709,17,LOW,Extended repair downtime,0,11
DEMO-DEV-6710,DEMO-6710,94,HIGH,Frequent repairs in last 365 days; Extended repair downtime; Repair cost high relative to purchase; Older equipment,8,83
DEMO-DEV-6715,DEMO-6715,11,LOW,"",0,0
DEMO-DEV-6716,DEMO-6716,97,HIGH,Frequent repairs in last 365 days; Extended repair downtime; Repair cost high relative to purchase,5,65
DEMO-DEV-6718,DEMO-6718,2,LOW,"",0,0
DEMO-DEV-6719,DEMO-6719,79,HIGH,Frequent repairs in last 365 days; Extended repair downtime,5,53
DEMO-DEV-6720,DEMO-6720,27,LOW,Extended repair downtime; Older equipment,0,19
DEMO-DEV-6721,DEMO-6721,93,HIGH,Frequent repairs in last 365 days; Extended repair downtime; Repair cost high relative to purchase,7,74
DEMO-DEV-6722,DEMO-6722,8,LOW,Older equipment,0,0
DEMO-DEV-6724,DEMO-6724,7,LOW,Older equipment,0,0
DEMO-DEV-6728,DEMO-6728,5,LOW,"",0,0
DEMO-DEV-6729,DEMO-6729,22,LOW,Extended repair downtime,1,9
DEMO-DEV-6730,DEMO-6730,0,LOW,"",0,0
DEMO-DEV-6731,DEMO-6731,47,MEDIUM,Extended repair downtime; Repair cost high relative to purchase,1,10
DEMO-DEV-6732,DEMO-6732,10,LOW,Older equipment,0,0
DEMO-DEV-6733,DEMO-6733,10,LOW,Extended repair downtime,0,7
DEMO-DEV-6734,DEMO-6734,32,LOW,Extended repair downtime; Older equipment,1,12
DEMO-DEV-6735,DEMO-6735,6,LOW,"",0,0
DEMO-DEV-6736,DEMO-6736,13,LOW,"",1,0
DEMO-DEV-6740,DEMO-6740,32,LOW,Extended repair downtime; Repair cost high relative to purchase,0,9
DEMO-DEV-6741,DEMO-6741,52,MEDIUM,Frequent repairs in last 365 days; Extended repair downtime,2,21
DEMO-DEV-6742,DEMO-6742,0,LOW,"",0,0
DEMO-DEV-6743,DEMO-6743,26,LOW,Extended repair downtime,1,8
DEMO-DEV-6744,DEMO-6744,25,LOW,Extended repair downtime; Older equipment,0,14
DEMO-DEV-6745,DEMO-6745,3,LOW,"",0,0
DEMO-DEV-6746,DEMO-6746,13,LOW,Extended repair downtime,0,12
DEMO-DEV-6747,DEMO-6747,5,LOW,"",0,0
DEMO-DEV-6748,DEMO-6748,8,LOW,Older equipment,0,0
DEMO-DEV-6749,DEMO-6749,7,LOW,Older equipment,0,0
DEMO-DEV-6750,DEMO-6750,1,LOW,"",0,0
DEMO-DEV-6751,DEMO-6751,8,LOW,Older equipment,0,0
DEMO-DEV-6754,DEMO-6754,29,LOW,"",1,5
DEMO-DEV-6755,DEMO-6755,3,LOW,"",0,0
DEMO-DEV-6756,DEMO-6756,28,LOW,Extended repair downtime; Older equipment,0,11
DEMO-DEV-6757,DEMO-6757,5,LOW,"",0,0
DEMO-DEV-6758,DEMO-6758,6,LOW,"",0,0
DEMO-DEV-6759,DEMO-6759,74,HIGH,Frequent repairs in last 365 days; Extended repair downtime,6,53
DEMO-DEV-6760,DEMO-6760,76,HIGH,Frequent repairs in last 365 days; Extended repair downtime,6,93
DEMO-DEV-6761,DEMO-6761,30,LOW,Repair cost high relative to purchase,1,0
DEMO-DEV-6762,DEMO-6762,18,LOW,"",1,4
DEMO-DEV-6763,DEMO-6763,10,LOW,Extended repair downtime,0,7
DEMO-DEV-6764,DEMO-6764,10,LOW,Older equipment,0,0
DEMO-DEV-6765,DEMO-6765,1,LOW,"",0,0
DEMO-DEV-6770,DEMO-6770,30,LOW,Extended repair downtime; Older equipment,0,21
DEMO-DEV-6772,DEMO-6772,86,HIGH,Frequent repairs in last 365 days; Extended repair downtime,7,88
DEMO-DEV-6773,DEMO-6773,7,LOW,"",0,0
DEMO-DEV-6774,DEMO-6774,96,HIGH,Frequent repairs in last 365 days; Extended repair downtime; Repair cost high relative to purchase,8,85
DEMO-DEV-6775,DEMO-6775,44,MEDIUM,Extended repair downtime; Repair cost high relative to purchase,1,9
DEMO-DEV-6776,DEMO-6776,30,LOW,Extended repair downtime,1,14
DEMO-DEV-6777,DEMO-6777,8,LOW,Older equipment,0,0
DEMO-DEV-6778,DEMO-6778,20,LOW,"",1,3
DEMO-DEV-6780,DEMO-6780,18,LOW,Older equipment,1,0
DEMO-DEV-6783,DEMO-6783,17,LOW,Extended repair downtime,0,10
DEMO-DEV-6784,DEMO-6784,28,LOW,Extended repair downtime,0,16
DEMO-DEV-6785,DEMO-6785,13,LOW,Extended repair downtime,0,7
DEMO-DEV-6787,DEMO-6787,9,LOW,Older equipment,0,0
DEMO-DEV-6788,DEMO-6788,93,HIGH,Frequent repairs in last 365 days; Extended repair downtime; Repair cost high relative to purchase; Older equipment,4,36
DEMO-DEV-6789,DEMO-6789,33,LOW,Extended repair downtime; Repair cost high relative to purchase,0,9
DEMO-DEV-6790,DEMO-6790,12,LOW,"",0,4
DEMO-DEV-6791,DEMO-6791,45,MEDIUM,Extended repair downtime; Repair cost high relative to purchase,1,8
DEMO-DEV-6792,DEMO-6792,10,LOW,Older equipment,0,0
DEMO-DEV-6794,DEMO-6794,45,MEDIUM,Extended repair downtime; Repair cost high relative to purchase; Older equipment,1,7
DEMO-DEV-6796,DEMO-6796,92,HIGH,Frequent repairs in last 365 days; Extended repair downtime; Repair cost high relative to purchase,8,47
DEMO-DEV-6798,DEMO-6798,21,LOW,"",1,1
DEMO-DEV-6799,DEMO-6799,6,LOW,"",0,0
DEMO-DEV-6800,DEMO-6800,23,LOW,Repair cost high relative to purchase,0,6
DEMO-DEV-6801,DEMO-6801,9,LOW,Older equipment,0,0
DEMO-DEV-6802,DEMO-6802,3,LOW,"",0,0
DEMO-DEV-6803,DEMO-6803,0,LOW,"",0,0
DEMO-DEV-6804,DEMO-6804,1,LOW,"",0,0
DEMO-DEV-6805,DEMO-6805,6,LOW,"",0,0
DEMO-DEV-6806,DEMO-6806,8,LOW,Older equipment,0,0
DEMO-DEV-6808,DEMO-6808,80,HIGH,Frequent repairs in last 365 days; Extended repair downtime,4,30
DEMO-DEV-6809,DEMO-6809,97,HIGH,Frequent repairs in last 365 days; Extended repair downtime; Repair cost high relative to purchase; Older equipment,6,64
DEMO-DEV-6810,DEMO-6810,82,HIGH,Frequent repairs in last 365 days; Extended repair downtime,7,67
DEMO-DEV-6811,DEMO-6811,9,LOW,Older equipment,0,0
DEMO-DEV-6814,DEMO-6814,33,LOW,Extended repair downtime; Repair cost high relative to purchase,0,11
DEMO-DEV-6816,DEMO-6816,5,LOW,"",0,0
DEMO-DEV-6818,DEMO-6818,9,LOW,Older equipment,0,0
DEMO-DEV-6819,DEMO-6819,5,LOW,"",0,0
DEMO-DEV-6820,DEMO-6820,6,LOW,"",0,0
DEMO-DEV-6821,DEMO-6821,96,HIGH,Frequent repairs in last 365 days; Extended repair downtime; Repair cost high relative to purchase,7,92
DEMO-DEV-6823,DEMO-6823,4,LOW,"",0,0
DEMO-DEV-6824,DEMO-6824,14,LOW,"",1,1
DEMO-DEV-6825,DEMO-6825,7,LOW,Older equipment,0,0
DEMO-DEV-6826,DEMO-6826,18,LOW,"",0,5
DEMO-DEV-6827,DEMO-6827,16,LOW,"",1,0
DEMO-DEV-6828,DEMO-6828,7,LOW,"",0,0
DEMO-DEV-6829,DEMO-6829,50,MEDIUM,Frequent repairs in last 365 days; Extended repair downtime; Repair cost high relative to purchase,2,10
DEMO-DEV-6830,DEMO-6830,19,LOW,Extended repair downtime,0,11
DEMO-DEV-6831,DEMO-6831,49,MEDIUM,Frequent repairs in last 365 days; Extended repair downtime; Repair cost high relative to purchase,2,8
DEMO-DEV-6832,DEMO-6832,8,LOW,"",0,4
DEMO-DEV-6833,DEMO-6833,4,LOW,"",0,0
DEMO-DEV-6835,DEMO-6835,5,LOW,"",0,0
DEMO-DEV-6837,DEMO-6837,43,MEDIUM,Extended repair downtime; Repair cost high relative to purchase,0,17
DEMO-DEV-6838,DEMO-6838,25,LOW,Repair cost high relative to purchase,0,2
DEMO-DEV-6841,DEMO-6841,78,HIGH,Frequent repairs in last 365 days; Extended repair downtime,7,86
DEMO-DEV-6842,DEMO-6842,83,HIGH,Frequent repairs in last 365 days; Extended repair downtime; Repair cost high relative to purchase,5,49
DEMO-DEV-6844,DEMO-6844,14,LOW,"",1,3
DEMO-DEV-6845,DEMO-6845,8,LOW,"",0,4
DEMO-DEV-6846,DEMO-6846,0,LOW,"",0,0
DEMO-DEV-6847,DEMO-6847,0,LOW,"",0,0
DEMO-DEV-6849,DEMO-6849,37,LOW,Extended repair downtime; Older equipment,0,20
DEMO-DEV-6851,DEMO-6851,97,HIGH,Frequent repairs in last 365 days; Extended repair downtime; Repair cost high relative to purchase; Older equipment,7,81
DEMO-DEV-6852,DEMO-6852,26,LOW,Extended repair downtime,0,11
DEMO-DEV-6853,DEMO-6853,16,LOW,Extended repair downtime,0,11
DEMO-DEV-6854,DEMO-6854,36,LOW,Repair cost high relative to purchase,1,1
DEMO-DEV-6855,DEMO-6855,16,LOW,Older equipment,0,6
DEMO-DEV-6857,DEMO-6857,1,LOW,"",0,0
DEMO-DEV-6858,DEMO-6858,93,HIGH,Frequent repairs in last 365 days; Extended repair downtime; Repair cost high relative to purchase,8,109
DEMO-DEV-6859,DEMO-6859,95,HIGH,Frequent repairs in last 365 days; Extended repair downtime; Repair cost high relative to purchase; Older equipment,4,27
DEMO-DEV-6860,DEMO-6860,91,HIGH,Frequent repairs in last 365 days; Extended repair downtime; Repair cost high relative to purchase,5,50
DEMO-DEV-6861,DEMO-6861,42,MEDIUM,Repair cost high relative to purchase,1,6
DEMO-DEV-6865,DEMO-6865,17,LOW,Extended repair downtime; Older equipment,0,9
DEMO-DEV-6866,DEMO-6866,6,LOW,"",0,0
DEMO-DEV-6867,DEMO-6867,62,MEDIUM,Frequent repairs in last 365 days; Extended repair downtime; Repair cost high relative to purchase; Older equipment,2,14
DEMO-DEV-6868,DEMO-6868,73,HIGH,Frequent repairs in last 365 days; Extended repair downtime,8,48
DEMO-DEV-6869,DEMO-6869,16,LOW,Extended repair downtime,0,11
DEMO-DEV-6870,DEMO-6870,6,LOW,"",0,3
DEMO-DEV-6871,DEMO-6871,77,HIGH,Frequent repairs in last 365 days; Extended repair downtime,5,35
DEMO-DEV-6872,DEMO-6872,7,LOW,"",0,0
DEMO-DEV-6873,DEMO-6873,7,LOW,"",0,0
DEMO-DEV-6874,DEMO-6874,19,LOW,Older equipment,1,0
DEMO-DEV-6875,DEMO-6875,13,LOW,"",0,0
DEMO-DEV-6877,DEMO-6877,2,LOW,"",0,0
DEMO-DEV-6879,DEMO-6879,15,LOW,Older equipment,0,0
DEMO-DEV-6880,DEMO-6880,5,LOW,"",0,0
DEMO-DEV-6881,DEMO-6881,38,LOW,Extended repair downtime; Repair cost high relative to purchase; Older equipment,0,9
DEMO-DEV-6882,DEMO-6882,72,HIGH,Frequent repairs in last 365 days; Extended repair downtime,5,55
DEMO-DEV-6883,DEMO-6883,6,LOW,"",0,0
DEMO-DEV-6884,DEMO-6884,21,LOW,"",1,4
DEMO-DEV-6885,DEMO-6885,7,LOW,Older equipment,0,0
DEMO-DEV-6886,DEMO-6886,16,LOW,Extended repair downtime; Older equipment,0,9
DEMO-DEV-6887,DEMO-6887,21,LOW,Extended repair downtime,0,12
DEMO-DEV-6889,DEMO-6889,5,LOW,"",0,0
DEMO-DEV-6891,DEMO-6891,40,MEDIUM,Extended repair downtime; Repair cost high relative to purchase,0,17
DEMO-DEV-6893,DEMO-6893,5,LOW,"",0,0
DEMO-DEV-6894,DEMO-6894,4,LOW,"",0,0
DEMO-DEV-6895,DEMO-6895,36,LOW,Repair cost high relative to purchase; Older equipment,1,5
DEMO-DEV-6896,DEMO-6896,60,MEDIUM,Frequent repairs in last 365 days; Extended repair downtime; Older equipment,2,22
DEMO-DEV-6897,DEMO-6897,91,HIGH,Frequent repairs in last 365 days; Extended repair downtime; Repair cost high relative to purchase,7,100
DEMO-DEV-6898,DEMO-6898,34,LOW,Repair cost high relative to purchase,1,0
DEMO-DEV-6899,DEMO-6899,33,LOW,Extended repair downtime; Repair cost high relative to purchase,0,12
DEMO-DEV-6901,DEMO-6901,80,HIGH,Frequent repairs in last 365 days; Extended repair downtime,6,79
DEMO-DEV-6902,DEMO-6902,21,LOW,"",1,4
DEMO-DEV-6903,DEMO-6903,91,HIGH,Frequent repairs in last 365 days; Extended repair downtime; Repair cost high relative to purchase,5,28
DEMO-DEV-6906,DEMO-6906,15,LOW,Older equipment,0,4
DEMO-DEV-6907,DEMO-6907,18,LOW,Extended repair downtime; Older equipment,0,10
DEMO-DEV-6908,DEMO-6908,31,LOW,Extended repair downtime,1,9
DEMO-DEV-6909,DEMO-6909,6,LOW,"",0,0
DEMO-DEV-6910,DEMO-6910,2,LOW,"",0,0
DEMO-DEV-6911,DEMO-6911,6,LOW,"",0,0
DEMO-DEV-6912,DEMO-6912,13,LOW,"",0,5
DEMO-DEV-6913,DEMO-6913,19,LOW,Extended repair downtime,0,12
DEMO-DEV-6914,DEMO-6914,25,LOW,Extended repair downtime; Older equipment,0,13
DEMO-DEV-6915,DEMO-6915,20,LOW,"",1,3
DEMO-DEV-6916,DEMO-6916,2,LOW,"",0,0
DEMO-DEV-6917,DEMO-6917,9,LOW,Extended repair downtime,0,8
DEMO-DEV-6919,DEMO-6919,13,LOW,Extended repair downtime,0,11
DEMO-DEV-6920,DEMO-6920,8,LOW,Older equipment,0,0
DEMO-DEV-6921,DEMO-6921,8,LOW,Older equipment,0,0
DEMO-DEV-6922,DEMO-6922,94,HIGH,Frequent repairs in last 365 days; Extended repair downtime; Repair cost high relative to purchase,7,51
DEMO-DEV-6923,DEMO-6923,32,LOW,Extended repair downtime; Repair cost high relative to purchase,0,12
DEMO-DEV-6924,DEMO-6924,5,LOW,"",0,0
DEMO-DEV-6925,DEMO-6925,18,LOW,Extended repair downtime,0,9
DEMO-DEV-6927,DEMO-6927,12,LOW,Older equipment,0,3
DEMO-DEV-6928,DEMO-6928,21,LOW,Repair cost high relative to purchase,0,4
DEMO-DEV-6929,DEMO-6929,91,HIGH,Frequent repairs in last 365 days; Extended repair downtime; Repair cost high relative to purchase,7,83
DEMO-DEV-6930,DEMO-6930,5,LOW,"",0,0
DEMO-DEV-6931,DEMO-6931,27,LOW,Extended repair downtime,1,12
DEMO-DEV-6933,DEMO-6933,1,LOW,"",0,0
DEMO-DEV-6935,DEMO-6935,3,LOW,"",0,0
DEMO-DEV-6936,DEMO-6936,19,LOW,Extended repair downtime; Older equipment,0,10
DEMO-DEV-6937,DEMO-6937,19,LOW,Older equipment,0,6
DEMO-DEV-6938,DEMO-6938,12,LOW,"",0,0
DEMO-DEV-6939,DEMO-6939,15,LOW,Older equipment,0,3
DEMO-DEV-6940,DEMO-6940,3,LOW,"",0,0
DEMO-DEV-6941,DEMO-6941,9,LOW,"",0,1
DEMO-DEV-6942,DEMO-6942,16,LOW,Extended repair downtime,0,10
DEMO-DEV-6943,DEMO-6943,4,LOW,"",0,0
DEMO-DEV-6944,DEMO-6944,8,LOW,Older equipment,0,0
DEMO-DEV-6945,DEMO-6945,79,HIGH,Frequent repairs in last 365 days; Extended repair downtime; Older equipment,4,36
DEMO-DEV-6948,DEMO-6948,9,LOW,Older equipment,0,0
DEMO-DEV-6949,DEMO-6949,91,HIGH,Frequent repairs in last 365 days; Extended repair downtime; Repair cost high relative to purchase,4,29
DEMO-DEV-6950,DEMO-6950,7,LOW,Older equipment,0,0
DEMO-DEV-6951,DEMO-6951,8,LOW,Older equipment,0,0
DEMO-DEV-6952,DEMO-6952,11,LOW,"",1,0
DEMO-DEV-6953,DEMO-6953,40,MEDIUM,Extended repair downtime; Repair cost high relative to purchase; Older equipment,1,8
DEMO-DEV-6954,DEMO-6954,1,LOW,"",0,0
DEMO-DEV-6955,DEMO-6955,0,LOW,"",0,0
DEMO-DEV-6956,DEMO-6956,16,LOW,Extended repair downtime,0,12
DEMO-DEV-6957,DEMO-6957,92,HIGH,Frequent repairs in last 365 days; Extended repair downtime; Repair cost high relative to purchase,4,39
DEMO-DEV-6958,DEMO-6958,33,LOW,Extended repair downtime; Repair cost high relative to purchase,1,7
DEMO-DEV-6959,DEMO-6959,71,HIGH,Frequent repairs in last 365 days; Extended repair downtime,6,23
DEMO-DEV-6962,DEMO-6962,5,LOW,"",0,0
DEMO-DEV-6963,DEMO-6963,46,MEDIUM,Extended repair downtime; Repair cost high relative to purchase; Older equipment,1,11
DEMO-DEV-6964,DEMO-6964,5,LOW,"",0,0
DEMO-DEV-6965,DEMO-6965,3,LOW,"",0,0
DEMO-DEV-6966,DEMO-6966,4,LOW,"",0,0
DEMO-DEV-6967,DEMO-6967,5,LOW,"",0,1
DEMO-DEV-6968,DEMO-6968,5,LOW,"",0,0
DEMO-DEV-6969,DEMO-6969,9,LOW,Older equipment,0,0
DEMO-DEV-6970,DEMO-6970,8,LOW,"",0,6
DEMO-DEV-6971,DEMO-6971,32,LOW,Extended repair downtime; Repair cost high relative to purchase; Older equipment,0,12
DEMO-DEV-6972,DEMO-6972,9,LOW,Older equipment,0,0
DEMO-DEV-6977,DEMO-6977,9,LOW,"",0,5
DEMO-DEV-6978,DEMO-6978,79,HIGH,Frequent repairs in last 365 days; Extended repair downtime,7,82
DEMO-DEV-6979,DEMO-6979,26,LOW,Extended repair downtime; Older equipment,0,12
DEMO-DEV-6980,DEMO-6980,77,HIGH,Frequent repairs in last 365 days; Extended repair downtime,5,52
DEMO-DEV-6981,DEMO-6981,33,LOW,Extended repair downtime; Repair cost high relative to purchase,0,12
DEMO-DEV-6982,DEMO-6982,25,LOW,Older equipment,1,4
DEMO-DEV-6984,DEMO-6984,19,LOW,"",1,6
DEMO-DEV-6985,DEMO-6985,93,HIGH,Frequent repairs in last 365 days; Extended repair downtime; Repair cost high relative to purchase,8,93
DEMO-DEV-6986,DEMO-6986,34,LOW,Extended repair downtime; Repair cost high relative to purchase,0,7
DEMO-DEV-6988,DEMO-6988,41,MEDIUM,Extended repair downtime; Repair cost high relative to purchase; Older equipment,0,11
DEMO-DEV-6989,DEMO-6989,31,LOW,Extended repair downtime; Repair cost high relative to purchase; Older equipment,0,11
DEMO-DEV-6990,DEMO-6990,31,LOW,Extended repair downtime; Older equipment,1,11
DEMO-DEV-6991,DEMO-6991,27,LOW,Extended repair downtime,0,20
DEMO-DEV-6992,DEMO-6992,30,LOW,Extended repair downtime,1,14
DEMO-DEV-6993,DEMO-6993,5,LOW,"",0,0
DEMO-DEV-6994,DEMO-6994,49,MEDIUM,Extended repair downtime; Repair cost high relative to purchase; Older equipment,0,22
DEMO-DEV-6995,DEMO-6995,11,LOW,"",0,6
DEMO-DEV-6996,DEMO-6996,21,LOW,Extended repair downtime; Older equipment,0,10
DEMO-DEV-6997,DEMO-6997,92,HIGH,Frequent repairs in last 365 days; Extended repair downtime; Repair cost high relative to purchase,4,81
DEMO-DEV-6998,DEMO-6998,31,LOW,Extended repair downtime; Older equipment,1,9
DEMO-DEV-6999,DEMO-6999,20,LOW,Older equipment,1,0
DEMO-DEV-7000,DEMO-7000,30,LOW,Repair cost high relative to purchase,0,5
DEMO-DEV-7001,DEMO-7001,13,LOW,Extended repair downtime,0,9
DEMO-DEV-7005,DEMO-7005,4,LOW,"",0,0
DEMO-DEV-7006,DEMO-7006,22,LOW,Older equipment,1,4
DEMO-DEV-7007,DEMO-7007,97,HIGH,Frequent repairs in last 365 days; Extended repair downtime; Repair cost high relative to purchase; Older equipment,6,75
DEMO-DEV-7008,DEMO-7008,4,LOW,"",0,0
DEMO-DEV-7009,DEMO-7009,81,HIGH,Frequent repairs in last 365 days; Extended repair downtime,4,45
DEMO-DEV-7010,DEMO-7010,78,HIGH,Frequent repairs in last 365 days; Extended repair downtime; Older equipment,5,63
DEMO-DEV-7011,DEMO-7011,21,LOW,Extended repair downtime,0,11
DEMO-DEV-7012,DEMO-7012,1,LOW,"",0,0
DEMO-DEV-7013,DEMO-7013,4,LOW,"",0,0
DEMO-DEV-7014,DEMO-7014,2,LOW,"",0,0
DEMO-DEV-7015,DEMO-7015,30,LOW,Extended repair downtime; Repair cost high relative to purchase; Older equipment,0,11
DEMO-DEV-7017,DEMO-7017,1,LOW,"",0,0
DEMO-DEV-7018,DEMO-7018,42,MEDIUM,Extended repair downtime; Repair cost high relative to purchase,1,11
DEMO-DEV-7019,DEMO-7019,1,LOW,"",0,0
DEMO-DEV-7020,DEMO-7020,33,LOW,Extended repair downtime; Older equipment,1,7
DEMO-DEV-7021,DEMO-7021,36,LOW,Repair cost high relative to purchase,1,0
DEMO-DEV-7022,DEMO-7022,16,LOW,Extended repair downtime,0,14
DEMO-DEV-7023,DEMO-7023,7,LOW,"",0,0
DEMO-DEV-7024,DEMO-7024,9,LOW,Older equipment,0,0
DEMO-DEV-7025,DEMO-7025,13,LOW,Extended repair downtime,0,9
DEMO-DEV-7026,DEMO-7026,8,LOW,Older equipment,0,0
DEMO-DEV-7027,DEMO-7027,92,HIGH,Frequent repairs in last 365 days; Extended repair downtime; Repair cost high relative to purchase,4,55
DEMO-DEV-7028,DEMO-7028,5,LOW,"",0,0
DEMO-DEV-7030,DEMO-7030,14,LOW,Extended repair downtime,0,7
DEMO-DEV-7032,DEMO-7032,9,LOW,"",0,6
DEMO-DEV-7035,DEMO-7035,8,LOW,Older equipment,0,0
DEMO-DEV-7036,DEMO-7036,9,LOW,"",0,4
DEMO-DEV-7037,DEMO-7037,27,LOW,Extended repair downtime; Older equipment,0,12
DEMO-DEV-7038,DEMO-7038,9,LOW,Older equipment,0,0
DEMO-DEV-7039,DEMO-7039,20,LOW,Extended repair downtime; Older equipment,0,12
DEMO-DEV-7040,DEMO-7040,9,LOW,Older equipment,0,0
DEMO-DEV-7041,DEMO-7041,31,LOW,Repair cost high relative to purchase,1,0
DEMO-DEV-7042,DEMO-7042,99,HIGH,Frequent repairs in last 365 days; Extended repair downtime; Repair cost high relative to purchase; Older equipment,4,62
DEMO-DEV-7043,DEMO-7043,7,LOW,Older equipment,0,0
DEMO-DEV-7044,DEMO-7044,20,LOW,Extended repair downtime; Older equipment,0,12
DEMO-DEV-7045,DEMO-7045,19,LOW,Extended repair downtime,1,7
DEMO-DEV-7046,DEMO-7046,24,LOW,Extended repair downtime; Repair cost high relative to purchase,0,12
DEMO-DEV-7047,DEMO-7047,6,LOW,"",0,0
DEMO-DEV-7048,DEMO-7048,6,LOW,"",0,5
DEMO-DEV-7049,DEMO-7049,27,LOW,Extended repair downtime; Older equipment,1,7
DEMO-DEV-7050,DEMO-7050,7,LOW,"",0,0
DEMO-DEV-7051,DEMO-7051,84,HIGH,Frequent repairs in last 365 days; Extended repair downtime; Older equipment,6,74
DEMO-DEV-7052,DEMO-7052,35,LOW,Extended repair downtime; Repair cost high relative to purchase,0,10
DEMO-DEV-7053,DEMO-7053,36,LOW,Extended repair downtime; Older equipment,1,12
DEMO-DEV-7054,DEMO-7054,37,LOW,Extended repair downtime; Repair cost high relative to purchase,0,16
DEMO-DEV-7055,DEMO-7055,30,LOW,Repair cost high relative to purchase; Older equipment,1,0
DEMO-DEV-7056,DEMO-7056,3,LOW,"",0,0
DEMO-DEV-7057,DEMO-7057,14,LOW,Extended repair downtime,0,12
DEMO-DEV-7061,DEMO-7061,0,LOW,"",0,0
DEMO-DEV-7062,DEMO-7062,8,LOW,Older equipment,0,0
DEMO-DEV-7063,DEMO-7063,12,LOW,Extended repair downtime,0,9
DEMO-DEV-7064,DEMO-7064,24,LOW,Extended repair downtime; Older equipment,0,9
DEMO-DEV-7065,DEMO-7065,12,LOW,Extended repair downtime,0,10
DEMO-DEV-7066,DEMO-7066,1,LOW,"",0,0
DEMO-DEV-7067,DEMO-7067,13,LOW,Older equipment,0,4
DEMO-DEV-7068,DEMO-7068,93,HIGH,Frequent repairs in last 365 days; Extended repair downtime; Repair cost high relative to purchase,6,76
DEMO-DEV-7069,DEMO-7069,4,LOW,"",0,0
DEMO-DEV-7070,DEMO-7070,0,LOW,"",0,0
DEMO-DEV-7071,DEMO-7071,2,LOW,"",0,0
DEMO-DEV-7072,DEMO-7072,12,LOW,Older equipment,0,4
DEMO-DEV-7073,DEMO-7073,35,LOW,Extended repair downtime; Older equipment,0,20
DEMO-DEV-7074,DEMO-7074,13,LOW,Extended repair downtime,0,12
DEMO-DEV-7075,DEMO-7075,19,LOW,Extended repair downtime,0,8
DEMO-DEV-7076,DEMO-7076,17,LOW,Older equipment,0,5
DEMO-DEV-7077,DEMO-7077,42,MEDIUM,Extended repair downtime; Repair cost high relative to purchase,1,14
DEMO-DEV-7078,DEMO-7078,5,LOW,"",0,0
DEMO-DEV-7079,DEMO-7079,33,LOW,Repair cost high relative to purchase,1,1
DEMO-DEV-7080,DEMO-7080,20,LOW,"",1,1
DEMO-DEV-7081,DEMO-7081,2,LOW,"",0,0
DEMO-DEV-7082,DEMO-7082,45,MEDIUM,Frequent repairs in last 365 days; Extended repair downtime,2,18
DEMO-DEV-7083,DEMO-7083,4,LOW,"",0,0
DEMO-DEV-7084,DEMO-7084,40,MEDIUM,Extended repair downtime; Repair cost high relative to purchase,1,9
DEMO-DEV-7086,DEMO-7086,33,LOW,Older equipment,1,6
DEMO-DEV-7088,DEMO-7088,95,HIGH,Frequent repairs in last 365 days; Extended repair downtime; Repair cost high relative to purchase,5,85
DEMO-DEV-7091,DEMO-7091,18,LOW,"",0,6
DEMO-DEV-7092,DEMO-7092,8,LOW,Older equipment,0,0
DEMO-DEV-7093,DEMO-7093,36,LOW,Extended repair downtime,1,23
DEMO-DEV-7094,DEMO-7094,20,LOW,"",1,3
DEMO-DEV-7095,DEMO-7095,29,LOW,Extended repair downtime; Older equipment,1,11
DEMO-DEV-7096,DEMO-7096,10,LOW,Older equipment,0,0
DEMO-DEV-7097,DEMO-7097,9,LOW,Older equipment,0,0
DEMO-DEV-7098,DEMO-7098,21,LOW,Extended repair downtime,1,9
DEMO-DEV-7099,DEMO-7099,36,LOW,Extended repair downtime; Repair cost high relative to purchase,0,12
DEMO-DEV-7100,DEMO-7100,4,LOW,"",0,0
DEMO-DEV-7101,DEMO-7101,9,LOW,Older equipment,0,0
DEMO-DEV-7102,DEMO-7102,4,LOW,"",0,0
DEMO-DEV-7103,DEMO-7103,33,LOW,Repair cost high relative to purchase,1,0
DEMO-DEV-7104,DEMO-7104,33,LOW,Extended repair downtime; Repair cost high relative to purchase,0,8
DEMO-DEV-7105,DEMO-7105,18,LOW,Extended repair downtime; Older equipment,0,9
DEMO-DEV-7106,DEMO-7106,19,LOW,Extended repair downtime; Older equipment,0,9
DEMO-DEV-7107,DEMO-7107,8,LOW,"",0,0
DEMO-DEV-7108,DEMO-7108,8,LOW,Older equipment,0,0
DEMO-DEV-7109,DEMO-7109,19,LOW,Extended repair downtime,0,15
DEMO-DEV-7110,DEMO-7110,15,LOW,Older equipment,0,2
DEMO-DEV-7111,DEMO-7111,14,LOW,Older equipment,0,6
DEMO-DEV-7112,DEMO-7112,33,LOW,Extended repair downtime; Repair cost high relative to purchase,0,12
DEMO-DEV-7115,DEMO-7115,34,LOW,Extended repair downtime,1,17
DEMO-DEV-7116,DEMO-7116,1,LOW,"",0,0
DEMO-DEV-7117,DEMO-7117,22,LOW,Extended repair downtime; Older equipment,0,9
DEMO-DEV-7118,DEMO-7118,9,LOW,Older equipment,0,0
DEMO-DEV-7119,DEMO-7119,16,LOW,Extended repair downtime,0,8
DEMO-DEV-7120,DEMO-7120,4,LOW,"",0,0
DEMO-DEV-7121,DEMO-7121,2,LOW,"",0,0
DEMO-DEV-7122,DEMO-7122,1,LOW,"",0,0
DEMO-DEV-7123,DEMO-7123,19,LOW,"",0,5
DEMO-DEV-7124,DEMO-7124,6,LOW,"",0,0
DEMO-DEV-7125,DEMO-7125,18,LOW,"",1,0
DEMO-DEV-7128,DEMO-7128,30,LOW,Repair cost high relative to purchase,1,4
DEMO-DEV-7129,DEMO-7129,31,LOW,Repair cost high relative to purchase,1,0
DEMO-DEV-7130,DEMO-7130,7,LOW,"",0,1
DEMO-DEV-7131,DEMO-7131,3,LOW,"",0,0
DEMO-DEV-7132,DEMO-7132,34,LOW,Extended repair downtime; Older equipment,1,10
DEMO-DEV-7133,DEMO-7133,9,LOW,Older equipment,0,0
DEMO-DEV-7134,DEMO-7134,5,LOW,"",0,0
DEMO-DEV-7135,DEMO-7135,20,LOW,"",1,3
DEMO-DEV-7136,DEMO-7136,7,LOW,"",0,0
DEMO-DEV-7137,DEMO-7137,8,LOW,"",0,5
DEMO-DEV-7138,DEMO-7138,7,LOW,Older equipment,0,0
DEMO-DEV-7139,DEMO-7139,82,HIGH,Frequent repairs in last 365 days; Extended repair downtime,8,98
DEMO-DEV-7141,DEMO-7141,28,LOW,Extended repair downtime,1,12
DEMO-DEV-7142,DEMO-7142,39,LOW,Extended repair downtime; Repair cost high relative to purchase; Older equipment,1,9
DEMO-DEV-7143,DEMO-7143,74,HIGH,Frequent repairs in last 365 days; Extended repair downtime,7,82
DEMO-DEV-7144,DEMO-7144,24,LOW,Extended repair downtime,1,11
DEMO-DEV-7145,DEMO-7145,9,LOW,"",0,1
DEMO-DEV-7146,DEMO-7146,9,LOW,Older equipment,0,0
DEMO-DEV-7147,DEMO-7147,36,LOW,Extended repair downtime; Older equipment,1,13
DEMO-DEV-7148,DEMO-7148,4,LOW,"",0,0
DEMO-DEV-7149,DEMO-7149,42,MEDIUM,Frequent repairs in last 365 days; Extended repair downtime,2,14
DEMO-DEV-7150,DEMO-7150,15,LOW,Older equipment,0,2
DEMO-DEV-7151,DEMO-7151,4,LOW,"",0,0
DEMO-DEV-7152,DEMO-7152,29,LOW,Repair cost high relative to purchase; Older equipment,0,0
DEMO-DEV-7153,DEMO-7153,17,LOW,Extended repair downtime; Older equipment,0,8
DEMO-DEV-7155,DEMO-7155,5,LOW,"",0,0
DEMO-DEV-7156,DEMO-7156,49,MEDIUM,Frequent repairs in last 365 days; Extended repair downtime,2,17
DEMO-DEV-7160,DEMO-7160,18,LOW,Extended repair downtime; Older equipment,0,9
DEMO-DEV-7161,DEMO-7161,79,HIGH,Frequent repairs in last 365 days; Extended repair downtime; Older equipment,7,95
DEMO-DEV-7162,DEMO-7162,4,LOW,"",0,0
DEMO-DEV-7163,DEMO-7163,3,LOW,"",0,0
DEMO-DEV-7164,DEMO-7164,7,LOW,"",0,3
DEMO-DEV-7165,DEMO-7165,3,LOW,"",0,0
DEMO-DEV-7166,DEMO-7166,13,LOW,"",0,5
DEMO-DEV-7167,DEMO-7167,37,LOW,Repair cost high relative to purchase; Older equipment,1,6
DEMO-DEV-7168,DEMO-7168,30,LOW,Repair cost high relative to purchase,0,5
DEMO-DEV-7169,DEMO-7169,2,LOW,"",0,0
DEMO-DEV-7173,DEMO-7173,4,LOW,"",0,0
DEMO-DEV-7174,DEMO-7174,30,LOW,Extended repair downtime,1,12
DEMO-DEV-7175,DEMO-7175,91,HIGH,Frequent repairs in last 365 days; Extended repair downtime; Repair cost high relative to purchase,4,44
DEMO-DEV-7176,DEMO-7176,19,LOW,Repair cost high relative to purchase,0,1
DEMO-DEV-7177,DEMO-7177,38,LOW,Frequent repairs in last 365 days; Extended repair downtime,2,8
DEMO-DEV-7178,DEMO-7178,0,LOW,"",0,0
DEMO-DEV-7179,DEMO-7179,4,LOW,"",0,3
DEMO-DEV-7180,DEMO-7180,19,LOW,Extended repair downtime; Older equipment,0,11
DEMO-DEV-7181,DEMO-7181,18,LOW,"",1,4
DEMO-DEV-7183,DEMO-7183,26,LOW,Extended repair downtime; Older equipment,1,7
DEMO-DEV-7184,DEMO-7184,3,LOW,"",0,1
DEMO-DEV-7185,DEMO-7185,23,LOW,Repair cost high relative to purchase,0,1
DEMO-DEV-7186,DEMO-7186,34,LOW,Extended repair downtime; Repair cost high relative to purchase,0,12
DEMO-DEV-7187,DEMO-7187,9,LOW,Older equipment,0,0
DEMO-DEV-7188,DEMO-7188,34,LOW,Extended repair downtime; Repair cost high relative to purchase; Older equipment,0,10
DEMO-DEV-7189,DEMO-7189,6,LOW,"",0,4
DEMO-DEV-7190,DEMO-7190,14,LOW,"",0,3
DEMO-DEV-7191,DEMO-7191,18,LOW,Extended repair downtime,0,12
DEMO-DEV-7192,DEMO-7192,2,LOW,"",0,0
DEMO-DEV-7193,DEMO-7193,1,LOW,"",0,0
DEMO-DEV-7194,DEMO-7194,7,LOW,"",0,0
DEMO-DEV-7195,DEMO-7195,18,LOW,Extended repair downtime,0,11
DEMO-DEV-7196,DEMO-7196,7,LOW,"",0,0
DEMO-DEV-7197,DEMO-7197,4,LOW,"",0,0
DEMO-DEV-7198,DEMO-7198,17,LOW,Extended repair downtime; Older equipment,0,7
DEMO-DEV-7199,DEMO-7199,40,MEDIUM,Extended repair downtime; Repair cost high relative to purchase,0,18
DEMO-DEV-7200,DEMO-7200,24,LOW,Extended repair downtime,1,12
DEMO-DEV-7201,DEMO-7201,15,LOW,"",1,0
DEMO-DEV-7202,DEMO-7202,20,LOW,Extended repair downtime; Older equipment,0,11
DEMO-DEV-7203,DEMO-7203,1,LOW,"",0,0
DEMO-DEV-7204,DEMO-7204,1,LOW,"",0,0
DEMO-DEV-7205,DEMO-7205,10,LOW,Older equipment,0,0
DEMO-DEV-7206,DEMO-7206,30,LOW,Repair cost high relative to purchase; Older equipment,0,3
DEMO-DEV-7207,DEMO-7207,5,LOW,"",0,0
DEMO-DEV-7208,DEMO-7208,4,LOW,"",0,0
DEMO-DEV-7209,DEMO-7209,8,LOW,Older equipment,0,0
DEMO-DEV-7210,DEMO-7210,96,HIGH,Frequent repairs in last 365 days; Extended repair downtime; Repair cost high relative to purchase; Older equipment,4,37
DEMO-DEV-7211,DEMO-7211,12,LOW,Extended repair downtime,0,7
DEMO-DEV-7212,DEMO-7212,10,LOW,Older equipment,0,0
DEMO-DEV-7216,DEMO-7216,22,LOW,Extended repair downtime,1,11
DEMO-DEV-7217,DEMO-7217,11,LOW,Older equipment,0,1
DEMO-DEV-7219,DEMO-7219,11,LOW,Extended repair downtime,0,9
DEMO-DEV-7220,DEMO-7220,5,LOW,"",0,0
DEMO-DEV-7221,DEMO-7221,39,LOW,Frequent repairs in last 365 days; Extended repair downtime,2,15
DEMO-DEV-7222,DEMO-7222,18,LOW,"",1,1
DEMO-DEV-7223,DEMO-7223,44,MEDIUM,Extended repair downtime; Repair cost high relative to purchase,1,12
DEMO-DEV-7224,DEMO-7224,25,LOW,Extended repair downtime,1,8
DEMO-DEV-7227,DEMO-7227,1,LOW,"",0,0
DEMO-DEV-7228,DEMO-7228,4,LOW,"",0,0
DEMO-DEV-7229,DEMO-7229,7,LOW,"",0,0
DEMO-DEV-7230,DEMO-7230,40,MEDIUM,Extended repair downtime; Repair cost high relative to purchase,1,8
DEMO-DEV-7231,DEMO-7231,33,LOW,Repair cost high relative to purchase; Older equipment,0,5
DEMO-DEV-7232,DEMO-7232,1,LOW,"",0,0
DEMO-DEV-7233,DEMO-7233,11,LOW,Older equipment,0,2
DEMO-DEV-7234,DEMO-7234,22,LOW,Extended repair downtime,1,8
DEMO-DEV-7235,DEMO-7235,1,LOW,"",0,0
DEMO-DEV-7236,DEMO-7236,92,HIGH,Frequent repairs in last 365 days; Extended repair downtime; Repair cost high relative to purchase,6,112
DEMO-DEV-7237,DEMO-7237,21,LOW,"",1,6
DEMO-DEV-7240,DEMO-7240,2,LOW,"",0,0
DEMO-DEV-7241,DEMO-7241,3,LOW,"",0,0
DEMO-DEV-7242,DEMO-7242,11,LOW,Extended repair downtime,0,8
DEMO-DEV-7244,DEMO-7244,31,LOW,Extended repair downtime,1,9
DEMO-DEV-7245,DEMO-7245,48,MEDIUM,Extended repair downtime; Repair cost high relative to purchase,0,21
DEMO-DEV-7246,DEMO-7246,7,LOW,"",0,0
DEMO-DEV-7247,DEMO-7247,13,LOW,Extended repair downtime,0,11
DEMO-DEV-7248,DEMO-7248,8,LOW,Older equipment,0,0
DEMO-DEV-7249,DEMO-7249,39,LOW,Extended repair downtime; Repair cost high relative to purchase,1,8
DEMO-DEV-7251,DEMO-7251,30,LOW,Extended repair downtime; Repair cost high relative to purchase,0,9
DEMO-DEV-7252,DEMO-7252,29,LOW,Repair cost high relative to purchase; Older equipment,0,0
DEMO-DEV-7253,DEMO-7253,32,LOW,Repair cost high relative to purchase,1,0
DEMO-DEV-7254,DEMO-7254,24,LOW,"",1,6
DEMO-DEV-7255,DEMO-7255,42,MEDIUM,Frequent repairs in last 365 days; Extended repair downtime,2,20
DEMO-DEV-7256,DEMO-7256,14,LOW,Extended repair downtime,0,8
DEMO-DEV-7257,DEMO-7257,19,LOW,"",1,1
DEMO-DEV-7258,DEMO-7258,37,LOW,Extended repair downtime,1,19
DEMO-DEV-7259,DEMO-7259,6,LOW,"",0,0
DEMO-DEV-7260,DEMO-7260,86,HIGH,Frequent repairs in last 365 days; Extended repair downtime; Repair cost high relative to purchase,8,78
DEMO-DEV-7261,DEMO-7261,2,LOW,"",0,0
DEMO-DEV-7262,DEMO-7262,32,LOW,Repair cost high relative to purchase; Older equipment,0,5
DEMO-DEV-7263,DEMO-7263,9,LOW,Extended repair downtime,0,7
DEMO-DEV-7265,DEMO-7265,1,LOW,"",0,0
DEMO-DEV-7266,DEMO-7266,7,LOW,"",0,6
DEMO-DEV-7268,DEMO-7268,5,LOW,"",0,0
DEMO-DEV-7271,DEMO-7271,8,LOW,"",0,4
DEMO-DEV-7272,DEMO-7272,28,LOW,Extended repair downtime; Older equipment,1,8
DEMO-DEV-7273,DEMO-7273,79,HIGH,Frequent repairs in last 365 days; Extended repair downtime,6,54
DEMO-DEV-7274,DEMO-7274,83,HIGH,Frequent repairs in last 365 days; Extended repair downtime,4,54
DEMO-DEV-7275,DEMO-7275,45,MEDIUM,Extended repair downtime; Repair cost high relative to purchase; Older equipment,1,7
DEMO-DEV-7276,DEMO-7276,8,LOW,"",0,0
DEMO-DEV-7277,DEMO-7277,27,LOW,Repair cost high relative to purchase,1,5
DEMO-DEV-7280,DEMO-7280,9,LOW,Older equipment,0,0
DEMO-DEV-7281,DEMO-7281,28,LOW,Extended repair downtime,1,10
DEMO-DEV-7282,DEMO-7282,33,LOW,Repair cost high relative to purchase; Older equipment,1,3
DEMO-DEV-7283,DEMO-7283,33,LOW,Extended repair downtime,1,18
DEMO-DEV-7284,DEMO-7284,32,LOW,Extended repair downtime; Older equipment,0,20
DEMO-DEV-7285,DEMO-7285,25,LOW,Repair cost high relative to purchase,0,1
DEMO-DEV-7286,DEMO-7286,1,LOW,"",0,0
DEMO-DEV-7287,DEMO-7287,92,HIGH,Frequent repairs in last 365 days; Extended repair downtime; Repair cost high relative to purchase,7,72
DEMO-DEV-7288,DEMO-7288,7,LOW,Older equipment,0,0
DEMO-DEV-7289,DEMO-7289,2,LOW,"",0,0
DEMO-DEV-7290,DEMO-7290,27,LOW,Repair cost high relative to purchase,1,5
DEMO-DEV-7291,DEMO-7291,21,LOW,Extended repair downtime; Older equipment,0,11
DEMO-DEV-7292,DEMO-7292,18,LOW,Older equipment,1,0
DEMO-DEV-7293,DEMO-7293,0,LOW,"",0,0
DEMO-DEV-7294,DEMO-7294,19,LOW,Extended repair downtime,0,12
DEMO-DEV-7295,DEMO-7295,16,LOW,Extended repair downtime,0,7
DEMO-DEV-7296,DEMO-7296,4,LOW,"",0,0
DEMO-DEV-7297,DEMO-7297,5,LOW,"",0,0
DEMO-DEV-7298,DEMO-7298,16,LOW,Repair cost high relative to purchase,0,1
DEMO-DEV-7299,DEMO-7299,19,LOW,"",1,4
DEMO-DEV-7300,DEMO-7300,3,LOW,"",0,0
DEMO-DEV-7301,DEMO-7301,3,LOW,"",0,0
DEMO-DEV-7302,DEMO-7302,76,HIGH,Frequent repairs in last 365 days; Extended repair downtime,6,69
DEMO-DEV-7303,DEMO-7303,43,MEDIUM,Extended repair downtime; Repair cost high relative to purchase,1,12
DEMO-DEV-7304,DEMO-7304,6,LOW,"",0,2
DEMO-DEV-7307,DEMO-7307,19,LOW,"",1,3
DEMO-DEV-7309,DEMO-7309,4,LOW,"",0,0
DEMO-DEV-7310,DEMO-7310,61,MEDIUM,Frequent repairs in last 365 days; Extended repair downtime,4,11
DEMO-DEV-7312,DEMO-7312,4,LOW,"",0,0
DEMO-DEV-7313,DEMO-7313,27,LOW,Extended repair downtime,1,11
DEMO-DEV-7314,DEMO-7314,30,LOW,Extended repair downtime,1,14
DEMO-DEV-7315,DEMO-7315,25,LOW,Extended repair downtime,1,8
DEMO-DEV-7316,DEMO-7316,10,LOW,Older equipment,0,3
DEMO-DEV-7317,DEMO-7317,16,LOW,"",1,2
DEMO-DEV-7318,DEMO-7318,18,LOW,"",1,0
DEMO-DEV-7319,DEMO-7319,16,LOW,Extended repair downtime,0,10
DEMO-DEV-7321,DEMO-7321,12,LOW,Extended repair downtime,0,8
DEMO-DEV-7324,DEMO-7324,2,LOW,"",0,0
DEMO-DEV-7325,DEMO-7325,17,LOW,Extended repair downtime; Older equipment,0,8
DEMO-DEV-7326,DEMO-7326,38,LOW,Extended repair downtime,1,20
DEMO-DEV-7327,DEMO-7327,23,LOW,Repair cost high relative to purchase; Older equipment,0,0
DEMO-DEV-7328,DEMO-7328,21,LOW,"",1,3
DEMO-DEV-7329,DEMO-7329,10,LOW,"",0,3
DEMO-DEV-7330,DEMO-7330,9,LOW,Older equipment,0,0
DEMO-DEV-7335,DEMO-7335,3,LOW,"",0,0
DEMO-DEV-7336,DEMO-7336,13,LOW,Extended repair downtime,0,9
DEMO-DEV-7337,DEMO-7337,6,LOW,"",0,0
DEMO-DEV-7338,DEMO-7338,2,LOW,"",0,0
DEMO-DEV-7339,DEMO-7339,5,LOW,"",0,3
DEMO-DEV-7340,DEMO-7340,20,LOW,"",1,4
DEMO-DEV-7341,DEMO-7341,8,LOW,Older equipment,0,0
DEMO-DEV-7342,DEMO-7342,21,LOW,"",1,0
DEMO-DEV-7343,DEMO-7343,5,LOW,"",0,0
DEMO-DEV-7344,DEMO-7344,9,LOW,Older equipment,0,0
DEMO-DEV-7345,DEMO-7345,9,LOW,Older equipment,0,0
DEMO-DEV-7348,DEMO-7348,23,LOW,Extended repair downtime,0,16
DEMO-DEV-7349,DEMO-7349,23,LOW,"",1,2
DEMO-DEV-7350,DEMO-7350,19,LOW,Older equipment,1,0
DEMO-DEV-7351,DEMO-7351,22,LOW,Older equipment,1,4
DEMO-DEV-7352,DEMO-7352,95,HIGH,Frequent repairs in last 365 days; Extended repair downtime; Repair cost high relative to purchase,8,71
DEMO-DEV-7353,DEMO-7353,17,LOW,"",1,0
DEMO-DEV-7354,DEMO-7354,2,LOW,"",0,0
DEMO-DEV-7355,DEMO-7355,15,LOW,Extended repair downtime,0,8
DEMO-DEV-7356,DEMO-7356,19,LOW,"",1,0
DEMO-DEV-7358,DEMO-7358,29,LOW,Extended repair downtime; Older equipment,1,8
DEMO-DEV-7362,DEMO-7362,34,LOW,Extended repair downtime; Older equipment,1,10
DEMO-DEV-7363,DEMO-7363,10,LOW,Extended repair downtime,0,8
DEMO-DEV-7364,DEMO-7364,21,LOW,"",1,4
DEMO-DEV-7365,DEMO-7365,95,HIGH,Frequent repairs in last 365 days; Extended repair downtime; Repair cost high relative to purchase,8,70
DEMO-DEV-7366,DEMO-7366,8,LOW,Older equipment,0,0
DEMO-DEV-7367,DEMO-7367,2,LOW,"",0,0
DEMO-DEV-7368,DEMO-7368,18,LOW,Extended repair downtime; Older equipment,0,8
DEMO-DEV-7369,DEMO-7369,38,LOW,Repair cost high relative to purchase,1,6
DEMO-DEV-7370,DEMO-7370,22,LOW,Extended repair downtime,1,9
DEMO-DEV-7371,DEMO-7371,8,LOW,Older equipment,0,0
DEMO-DEV-7373,DEMO-7373,17,LOW,Older equipment,0,3
DEMO-DEV-7378,DEMO-7378,4,LOW,"",0,0
DEMO-DEV-7379,DEMO-7379,75,HIGH,Frequent repairs in last 365 days; Extended repair downtime,8,69
DEMO-DEV-7380,DEMO-7380,32,LOW,Extended repair downtime; Repair cost high relative to purchase,0,8
DEMO-DEV-7381,DEMO-7381,37,LOW,Extended repair downtime; Repair cost high relative to purchase,0,12
DEMO-DEV-7382,DEMO-7382,40,MEDIUM,Extended repair downtime; Repair cost high relative to purchase,0,17
DEMO-DEV-7383,DEMO-7383,19,LOW,Extended repair downtime; Older equipment,0,10
DEMO-DEV-7384,DEMO-7384,33,LOW,Extended repair downtime; Older equipment,0,16
DEMO-DEV-7385,DEMO-7385,4,LOW,"",0,0
DEMO-DEV-7386,DEMO-7386,12,LOW,"",0,6
DEMO-DEV-7387,DEMO-7387,9,LOW,Older equipment,0,0
DEMO-DEV-7388,DEMO-7388,10,LOW,"",0,4
DEMO-DEV-7390,DEMO-7390,89,HIGH,Frequent repairs in last 365 days; Extended repair downtime; Repair cost high relative to purchase,6,91
DEMO-DEV-7394,DEMO-7394,3,LOW,"",0,0
DEMO-DEV-7396,DEMO-7396,21,LOW,Extended repair downtime; Older equipment,0,7
DEMO-DEV-7397,DEMO-7397,1,LOW,"",0,0
DEMO-DEV-7398,DEMO-7398,33,LOW,Extended repair downtime,1,13
DEMO-DEV-7399,DEMO-7399,26,LOW,Repair cost high relative to purchase,0,4
DEMO-DEV-7401,DEMO-7401,20,LOW,Extended repair downtime,0,11
DEMO-DEV-7402,DEMO-7402,8,LOW,Older equipment,0,0
DEMO-DEV-7403,DEMO-7403,9,LOW,Older equipment,0,0
DEMO-DEV-7404,DEMO-7404,17,LOW,"",1,4
DEMO-DEV-7405,DEMO-7405,10,LOW,Older equipment,0,2
DEMO-DEV-7406,DEMO-7406,31,LOW,Extended repair downtime; Older equipment,1,9
DEMO-DEV-7407,DEMO-7407,16,LOW,Extended repair downtime,0,12
DEMO-DEV-7408,DEMO-7408,9,LOW,Older equipment,0,0
DEMO-DEV-7409,DEMO-7409,23,LOW,Extended repair downtime,1,7
DEMO-DEV-7410,DEMO-7410,9,LOW,Extended repair downtime,0,8
DEMO-DEV-7411,DEMO-7411,5,LOW,"",0,0
DEMO-DEV-7412,DEMO-7412,34,LOW,Repair cost high relative to purchase; Older equipment,1,0
DEMO-DEV-7413,DEMO-7413,6,LOW,"",0,0
DEMO-DEV-7414,DEMO-7414,9,LOW,Older equipment,0,0
DEMO-DEV-7415,DEMO-7415,30,LOW,Repair cost high relative to purchase,0,5
DEMO-DEV-7419,DEMO-7419,3,LOW,"",0,1
DEMO-DEV-7420,DEMO-7420,93,HIGH,Frequent repairs in last 365 days; Extended repair downtime; Repair cost high relative to purchase,5,59
DEMO-DEV-7421,DEMO-7421,12,LOW,Older equipment,0,2
DEMO-DEV-7422,DEMO-7422,7,LOW,"",0,0
DEMO-DEV-7423,DEMO-7423,30,LOW,Extended repair downtime,1,12
DEMO-DEV-7424,DEMO-7424,23,LOW,Extended repair downtime; Repair cost high relative to purchase,0,8
DEMO-DEV-7425,DEMO-7425,5,LOW,"",0,0
DEMO-DEV-7426,DEMO-7426,96,HIGH,Frequent repairs in last 365 days; Extended repair downtime; Repair cost high relative to purchase,7,31
DEMO-DEV-7427,DEMO-7427,22,LOW,Extended repair downtime; Repair cost high relative to purchase,0,11
DEMO-DEV-7430,DEMO-7430,9,LOW,Older equipment,0,0
DEMO-DEV-7433,DEMO-7433,25,LOW,Older equipment,1,5
DEMO-DEV-7434,DEMO-7434,5,LOW,"",0,0
DEMO-DEV-7435,DEMO-7435,33,LOW,Extended repair downtime; Repair cost high relative to purchase,0,7
DEMO-DEV-7436,DEMO-7436,14,LOW,Extended repair downtime,0,8
DEMO-DEV-7437,DEMO-7437,13,LOW,"",1,0
DEMO-DEV-7438,DEMO-7438,7,LOW,"",0,0
DEMO-DEV-7439,DEMO-7439,16,LOW,Older equipment,0,6
DEMO-DEV-7440,DEMO-7440,7,LOW,"",0,0
DEMO-DEV-7441,DEMO-7441,7,LOW,Older equipment,0,0
DEMO-DEV-7443,DEMO-7443,16,LOW,"",1,0
DEMO-DEV-7444,DEMO-7444,3,LOW,"",0,0
DEMO-DEV-7445,DEMO-7445,24,LOW,Extended repair downtime,1,8
DEMO-DEV-7446,DEMO-7446,52,MEDIUM,Frequent repairs in last 365 days; Extended repair downtime,4,10
DEMO-DEV-7447,DEMO-7447,26,LOW,Repair cost high relative to purchase,0,5
DEMO-DEV-7448,DEMO-7448,20,LOW,Extended repair downtime,0,12
DEMO-DEV-7449,DEMO-7449,10,LOW,Older equipment,0,0
DEMO-DEV-7450,DEMO-7450,19,LOW,Extended repair downtime,0,11
DEMO-DEV-7451,DEMO-7451,76,HIGH,Frequent repairs in last 365 days; Extended repair downtime,7,80
DEMO-DEV-7452,DEMO-7452,50,MEDIUM,Extended repair downtime; Repair cost high relative to purchase,1,18
DEMO-DEV-7453,DEMO-7453,5,LOW,"",0,2
DEMO-DEV-7454,DEMO-7454,23,LOW,Older equipment,1,5
DEMO-DEV-7455,DEMO-7455,25,LOW,Extended repair downtime,1,8
DEMO-DEV-7457,DEMO-7457,90,HIGH,Frequent repairs in last 365 days; Extended repair downtime; Repair cost high relative to purchase,8,99
DEMO-DEV-7459,DEMO-7459,26,LOW,Repair cost high relative to purchase,1,1
DEMO-DEV-7460,DEMO-7460,30,LOW,Extended repair downtime,1,7
DEMO-DEV-7461,DEMO-7461,15,LOW,Older equipment,0,4
DEMO-DEV-7462,DEMO-7462,10,LOW,"",0,2
DEMO-DEV-7463,DEMO-7463,9,LOW,"",0,4
DEMO-DEV-7464,DEMO-7464,18,LOW,Extended repair downtime,0,8
DEMO-DEV-7465,DEMO-7465,1,LOW,"",0,0
DEMO-DEV-7466,DEMO-7466,9,LOW,"",0,1
DEMO-DEV-7467,DEMO-7467,7,LOW,"",0,0
DEMO-DEV-7468,DEMO-7468,23,LOW,Extended repair downtime; Older equipment,0,9
DEMO-DEV-7469,DEMO-7469,29,LOW,Extended repair downtime; Older equipment,0,12
DEMO-DEV-7472,DEMO-7472,37,LOW,Extended repair downtime; Older equipment,0,19
DEMO-DEV-7473,DEMO-7473,9,LOW,Older equipment,0,0
DEMO-DEV-7474,DEMO-7474,8,LOW,Older equipment,0,0
DEMO-DEV-7475,DEMO-7475,28,LOW,Extended repair downtime,1,9
DEMO-DEV-7476,DEMO-7476,5,LOW,"",0,0
DEMO-DEV-7477,DEMO-7477,5,LOW,"",0,0
DEMO-DEV-7478,DEMO-7478,22,LOW,"",1,5
DEMO-DEV-7479,DEMO-7479,38,LOW,Extended repair downtime,1,20
DEMO-DEV-7480,DEMO-7480,0,LOW,"",0,0
DEMO-DEV-7481,DEMO-7481,5,LOW,"",0,0
DEMO-DEV-7482,DEMO-7482,5,LOW,"",0,0
DEMO-DEV-7483,DEMO-7483,30,LOW,Extended repair downtime; Older equipment,1,11
DEMO-DEV-7486,DEMO-7486,7,LOW,"",0,6
DEMO-DEV-7490,DEMO-7490,6,LOW,"",0,0
DEMO-DEV-7491,DEMO-7491,12,LOW,"",0,3
DEMO-DEV-7492,DEMO-7492,27,LOW,Extended repair downtime,1,12
DEMO-DEV-7493,DEMO-7493,86,HIGH,Frequent repairs in last 365 days; Extended repair downtime; Repair cost high relative to purchase,7,24
DEMO-DEV-7494,DEMO-7494,8,LOW,"",0,0
DEMO-DEV-7495,DEMO-7495,26,LOW,Extended repair downtime,1,15
DEMO-DEV-7496,DEMO-7496,22,LOW,"",1,4
DEMO-DEV-7502,DEMO-7502,4,LOW,"",0,0
DEMO-DEV-7503,DEMO-7503,15,LOW,Older equipment,0,6
DEMO-DEV-7504,DEMO-7504,98,HIGH,Frequent repairs in last 365 days; Extended repair downtime; Repair cost high relative to purchase; Older equipment,5,39
DEMO-DEV-7505,DEMO-7505,36,LOW,Extended repair downtime; Repair cost high relative to purchase; Older equipment,0,11
DEMO-DEV-7506,DEMO-7506,15,LOW,"",0,6
DEMO-DEV-7507,DEMO-7507,18,LOW,"",1,4
DEMO-DEV-7508,DEMO-7508,18,LOW,Extended repair downtime,0,11
DEMO-DEV-7509,DEMO-7509,19,LOW,Extended repair downtime,0,12
DEMO-DEV-7510,DEMO-7510,7,LOW,"",0,0
DEMO-DEV-7512,DEMO-7512,29,LOW,Extended repair downtime,0,22
DEMO-DEV-7513,DEMO-7513,34,LOW,Repair cost high relative to purchase,1,3
DEMO-DEV-7514,DEMO-7514,10,LOW,Older equipment,0,0
DEMO-DEV-7515,DEMO-7515,1,LOW,"",0,0
DEMO-DEV-7516,DEMO-7516,6,LOW,"",0,0
DEMO-DEV-7517,DEMO-7517,2,LOW,"",0,0
DEMO-DEV-7518,DEMO-7518,10,LOW,Extended repair downtime,0,7
DEMO-DEV-7519,DEMO-7519,30,LOW,Extended repair downtime; Older equipment,1,11
DEMO-DEV-7520,DEMO-7520,9,LOW,Older equipment,0,0
DEMO-DEV-7521,DEMO-7521,23,LOW,Older equipment,1,0
DEMO-DEV-7522,DEMO-7522,21,LOW,Extended repair downtime,1,8
DEMO-DEV-7523,DEMO-7523,9,LOW,"",0,3
DEMO-DEV-7524,DEMO-7524,97,HIGH,Frequent repairs in last 365 days; Extended repair downtime; Repair cost high relative to purchase,8,78
DEMO-DEV-7527,DEMO-7527,4,LOW,"",0,0
DEMO-DEV-7528,DEMO-7528,41,MEDIUM,Extended repair downtime; Repair cost high relative to purchase,0,20
DEMO-DEV-7529,DEMO-7529,15,LOW,"",0,4
DEMO-DEV-7530,DEMO-7530,2,LOW,"",0,0
DEMO-DEV-7531,DEMO-7531,2,LOW,"",0,0
DEMO-DEV-7532,DEMO-7532,1,LOW,"",0,0
DEMO-DEV-7533,DEMO-7533,2,LOW,"",0,0
DEMO-DEV-7534,DEMO-7534,15,LOW,Extended repair downtime,0,10
DEMO-DEV-7535,DEMO-7535,8,LOW,Older equipment,0,0
DEMO-DEV-7536,DEMO-7536,6,LOW,"",0,0
DEMO-DEV-7537,DEMO-7537,6,LOW,"",0,0
DEMO-DEV-7540,DEMO-7540,15,LOW,"",1,5
DEMO-DEV-7541,DEMO-7541,27,LOW,Extended repair downtime,1,9
DEMO-DEV-7542,DEMO-7542,69,MEDIUM,Frequent repairs in last 365 days; Extended repair downtime,4,26
DEMO-DEV-7543,DEMO-7543,4,LOW,"",0,0
DEMO-DEV-7545,DEMO-7545,11,LOW,"",0,5
DEMO-DEV-7546,DEMO-7546,79,HIGH,Frequent repairs in last 365 days; Extended repair downtime; Older equipment,4,36
DEMO-DEV-7547,DEMO-7547,18,LOW,Older equipment,0,6
DEMO-DEV-7548,DEMO-7548,8,LOW,"",0,6
DEMO-DEV-7549,DEMO-7549,2,LOW,"",0,0
DEMO-DEV-7550,DEMO-7550,19,LOW,"",1,2
DEMO-DEV-7551,DEMO-7551,10,LOW,Older equipment,0,0
DEMO-DEV-7552,DEMO-7552,4,LOW,"",0,0
DEMO-DEV-7554,DEMO-7554,4,LOW,"",0,2
DEMO-DEV-7556,DEMO-7556,96,HIGH,Frequent repairs in last 365 days; Extended repair downtime; Repair cost high relative to purchase,8,115
DEMO-DEV-7559,DEMO-7559,2,LOW,"",0,0
DEMO-DEV-7560,DEMO-7560,32,LOW,Extended repair downtime,0,22
DEMO-DEV-7561,DEMO-7561,26,LOW,Extended repair downtime,1,8
DEMO-DEV-7562,DEMO-7562,5,LOW,"",0,0
DEMO-DEV-7563,DEMO-7563,6,LOW,"",0,0
DEMO-DEV-7564,DEMO-7564,48,MEDIUM,Extended repair downtime; Repair cost high relative to purchase,1,16
DEMO-DEV-7565,DEMO-7565,42,MEDIUM,Frequent repairs in last 365 days; Extended repair downtime,2,14
DEMO-DEV-7566,DEMO-7566,28,LOW,"",1,4
DEMO-DEV-7568,DEMO-7568,6,LOW,"",0,0
DEMO-DEV-7569,DEMO-7569,10,LOW,Older equipment,0,0
DEMO-DEV-7570,DEMO-7570,2,LOW,"",0,0
DEMO-DEV-7571,DEMO-7571,18,LOW,"",1,2
DEMO-DEV-7572,DEMO-7572,9,LOW,Older equipment,0,0
DEMO-DEV-7573,DEMO-7573,15,LOW,"",1,4
DEMO-DEV-7574,DEMO-7574,21,LOW,Repair cost high relative to purchase,0,0
DEMO-DEV-7575,DEMO-7575,25,LOW,Repair cost high relative to purchase; Older equipment,0,2
DEMO-DEV-7576,DEMO-7576,37,LOW,Repair cost high relative to purchase,1,4
DEMO-DEV-7577,DEMO-7577,2,LOW,"",0,0
DEMO-DEV-7578,DEMO-7578,1,LOW,"",0,0
DEMO-DEV-7579,DEMO-7579,26,LOW,Repair cost high relative to purchase,0,6
DEMO-DEV-7583,DEMO-7583,86,HIGH,Frequent repairs in last 365 days; Extended repair downtime; Repair cost high relative to purchase,6,68
DEMO-DEV-7584,DEMO-7584,9,LOW,Older equipment,0,0
DEMO-DEV-7585,DEMO-7585,4,LOW,"",0,0
DEMO-DEV-7586,DEMO-7586,3,LOW,"",0,0
DEMO-DEV-7587,DEMO-7587,6,LOW,"",0,0
DEMO-DEV-7588,DEMO-7588,1,LOW,"",0,0
DEMO-DEV-7589,DEMO-7589,5,LOW,"",0,1
DEMO-DEV-7590,DEMO-7590,37,LOW,Frequent repairs in last 365 days; Extended repair downtime,2,12
DEMO-DEV-7591,DEMO-7591,4,LOW,"",0,0
DEMO-DEV-7592,DEMO-7592,25,LOW,Extended repair downtime,1,8
DEMO-DEV-7593,DEMO-7593,1,LOW,"",0,0
DEMO-DEV-7596,DEMO-7596,17,LOW,Repair cost high relative to purchase,0,4
DEMO-DEV-7597,DEMO-7597,13,LOW,Extended repair downtime,0,8
DEMO-DEV-7598,DEMO-7598,1,LOW,"",0,0
DEMO-DEV-7599,DEMO-7599,6,LOW,"",0,0
DEMO-DEV-7600,DEMO-7600,77,HIGH,Frequent repairs in last 365 days; Extended repair downtime,4,49
DEMO-DEV-7601,DEMO-7601,58,MEDIUM,Frequent repairs in last 365 days; Extended repair downtime; Repair cost high relative to purchase,2,16
DEMO-DEV-7602,DEMO-7602,21,LOW,Repair cost high relative to purchase,0,5
DEMO-DEV-7603,DEMO-7603,7,LOW,Older equipment,0,0
DEMO-DEV-7604,DEMO-7604,24,LOW,"",1,5
DEMO-DEV-7605,DEMO-7605,19,LOW,Extended repair downtime,0,8
DEMO-DEV-7609,DEMO-7609,2,LOW,"",0,0
DEMO-DEV-7612,DEMO-7612,1,LOW,"",0,0
DEMO-DEV-7613,DEMO-7613,15,LOW,"",1,2
DEMO-DEV-7614,DEMO-7614,39,LOW,Repair cost high relative to purchase,1,3
DEMO-DEV-7615,DEMO-7615,26,LOW,Repair cost high relative to purchase,0,0
DEMO-DEV-7617,DEMO-7617,8,LOW,Older equipment,0,0
DEMO-DEV-7618,DEMO-7618,94,HIGH,Frequent repairs in last 365 days; Extended repair downtime; Repair cost high relative to purchase; Older equipment,5,64
DEMO-DEV-7619,DEMO-7619,16,LOW,Extended repair downtime,0,10
DEMO-DEV-7620,DEMO-7620,34,LOW,Extended repair downtime; Repair cost high relative to purchase,0,13
DEMO-DEV-7621,DEMO-7621,96,HIGH,Frequent repairs in last 365 days; Extended repair downtime; Repair cost high relative to purchase,5,62
DEMO-DEV-7624,DEMO-7624,3,LOW,"",0,0
DEMO-DEV-7625,DEMO-7625,2,LOW,"",0,0
DEMO-DEV-7626,DEMO-7626,9,LOW,Older equipment,0,0
DEMO-DEV-7627,DEMO-7627,27,LOW,Extended repair downtime; Older equipment,1,7
DEMO-DEV-7628,DEMO-7628,10,LOW,Older equipment,0,1
DEMO-DEV-7629,DEMO-7629,41,MEDIUM,Extended repair downtime; Repair cost high relative to purchase; Older equipment,1,8
DEMO-DEV-7630,DEMO-7630,6,LOW,"",0,0
DEMO-DEV-7631,DEMO-7631,2,LOW,"",0,0
DEMO-DEV-7632,DEMO-7632,25,LOW,Extended repair downtime; Repair cost high relative to purchase,0,8
DEMO-DEV-7633,DEMO-7633,6,LOW,"",0,0
DEMO-DEV-7638,DEMO-7638,33,LOW,Extended repair downtime,1,10
DEMO-DEV-7639,DEMO-7639,9,LOW,"",0,6
DEMO-DEV-7640,DEMO-7640,25,LOW,Older equipment,1,4
DEMO-DEV-7641,DEMO-7641,19,LOW,Extended repair downtime,1,8
DEMO-DEV-7642,DEMO-7642,97,HIGH,Frequent repairs in last 365 days; Extended repair downtime; Repair cost high relative to purchase; Older equipment,8,93
DEMO-DEV-7643,DEMO-7643,4,LOW,"",0,0
DEMO-DEV-7645,DEMO-7645,21,LOW,"",1,4
DEMO-DEV-7646,DEMO-7646,92,HIGH,Frequent repairs in last 365 days; Extended repair downtime; Repair cost high relative to purchase,7,73
DEMO-DEV-7647,DEMO-7647,14,LOW,Older equipment,0,4
DEMO-DEV-7650,DEMO-7650,3,LOW,"",0,0
DEMO-DEV-7651,DEMO-7651,74,HIGH,Frequent repairs in last 365 days; Extended repair downtime,7,89
DEMO-DEV-7652,DEMO-7652,19,LOW,"",1,4
DEMO-DEV-7653,DEMO-7653,8,LOW,Older equipment,0,0
DEMO-DEV-7654,DEMO-7654,27,LOW,Extended repair downtime; Repair cost high relative to purchase,0,7
DEMO-DEV-7655,DEMO-7655,6,LOW,"",0,1
DEMO-DEV-7656,DEMO-7656,8,LOW,"",0,0
DEMO-DEV-7657,DEMO-7657,5,LOW,"",0,0
DEMO-DEV-7658,DEMO-7658,45,MEDIUM,Extended repair downtime; Repair cost high relative to purchase,1,13
DEMO-DEV-7659,DEMO-7659,20,LOW,Older equipment,1,1
DEMO-DEV-7660,DEMO-7660,23,LOW,Extended repair downtime,1,11
DEMO-DEV-7661,DEMO-7661,20,LOW,Older equipment,1,0
DEMO-DEV-7665,DEMO-7665,19,LOW,Extended repair downtime,1,9
DEMO-DEV-7666,DEMO-7666,2,LOW,"",0,0
DEMO-DEV-7667,DEMO-7667,2,LOW,"",0,0
DEMO-DEV-7668,DEMO-7668,1,LOW,"",0,0
DEMO-DEV-7669,DEMO-7669,0,LOW,"",0,0
DEMO-DEV-7671,DEMO-7671,19,LOW,Extended repair downtime,0,7
DEMO-DEV-7672,DEMO-7672,9,LOW,Extended repair downtime,0,8
DEMO-DEV-7673,DEMO-7673,1,LOW,"",0,0
DEMO-DEV-7674,DEMO-7674,18,LOW,Older equipment,0,4
DEMO-DEV-7675,DEMO-7675,9,LOW,Older equipment,0,0
DEMO-DEV-7681,DEMO-7681,10,LOW,Extended repair downtime,0,8
DEMO-DEV-7682,DEMO-7682,35,LOW,Repair cost high relative to purchase; Older equipment,0,5
DEMO-DEV-7683,DEMO-7683,89,HIGH,Frequent repairs in last 365 days; Extended repair downtime; Repair cost high relative to purchase,6,40
DEMO-DEV-7684,DEMO-7684,8,LOW,Older equipment,0,0
DEMO-DEV-7685,DEMO-7685,15,LOW,Extended repair downtime,0,8
DEMO-DEV-7686,DEMO-7686,0,LOW,"",0,0
DEMO-DEV-7687,DEMO-7687,8,LOW,Older equipment,0,0
DEMO-DEV-7688,DEMO-7688,7,LOW,Older equipment,0,0
DEMO-DEV-7689,DEMO-7689,10,LOW,Older equipment,0,0
DEMO-DEV-7692,DEMO-7692,6,LOW,"",0,1
DEMO-DEV-7693,DEMO-7693,2,LOW,"",0,0
DEMO-DEV-7694,DEMO-7694,6,LOW,"",0,0
DEMO-DEV-7695,DEMO-7695,44,MEDIUM,Frequent repairs in last 365 days; Extended repair downtime; Older equipment,2,9
DEMO-DEV-7696,DEMO-7696,20,LOW,Extended repair downtime,0,8
DEMO-DEV-7698,DEMO-7698,34,LOW,Extended repair downtime; Older equipment,1,7
DEMO-DEV-7699,DEMO-7699,4,LOW,"",0,0
DEMO-DEV-7700,DEMO-7700,11,LOW,Extended repair downtime,0,9
DEMO-DEV-7701,DEMO-7701,1,LOW,"",0,0
DEMO-DEV-7702,DEMO-7702,19,LOW,"",1,6
DEMO-DEV-7703,DEMO-7703,15,LOW,Extended repair downtime,0,11
DEMO-DEV-7704,DEMO-7704,80,HIGH,Frequent repairs in last 365 days; Extended repair downtime,5,72
DEMO-DEV-7707,DEMO-7707,7,LOW,"",0,0
DEMO-DEV-7709,DEMO-7709,93,HIGH,Frequent repairs in last 365 days; Extended repair downtime; Repair cost high relative to purchase,8,67
DEMO-DEV-7710,DEMO-7710,35,LOW,Extended repair downtime; Older equipment,1,16
DEMO-DEV-7712,DEMO-7712,30,LOW,Extended repair downtime,0,22
DEMO-DEV-7713,DEMO-7713,25,LOW,Extended repair downtime,1,9
DEMO-DEV-7714,DEMO-7714,15,LOW,"",1,0
DEMO-DEV-7715,DEMO-7715,37,LOW,Repair cost high relative to purchase; Older equipment,1,0
DEMO-DEV-7716,DEMO-7716,1,LOW,"",0,0
DEMO-DEV-7717,DEMO-7717,9,LOW,"",0,5
DEMO-DEV-7719,DEMO-7719,21,LOW,Older equipment,1,0
DEMO-DEV-7720,DEMO-7720,9,LOW,"",0,3
DEMO-DEV-7721,DEMO-7721,8,LOW,Older equipment,0,0
DEMO-DEV-7722,DEMO-7722,44,MEDIUM,Extended repair downtime; Older equipment,1,18
DEMO-DEV-7723,DEMO-7723,25,LOW,Extended repair downtime,1,10
DEMO-DEV-7724,DEMO-7724,21,LOW,Older equipment,1,3
DEMO-DEV-7725,DEMO-7725,14,LOW,Extended repair downtime,0,11
DEMO-DEV-7726,DEMO-7726,8,LOW,Older equipment,0,0
DEMO-DEV-7727,DEMO-7727,8,LOW,Older equipment,0,0
DEMO-DEV-7728,DEMO-7728,43,MEDIUM,Extended repair downtime; Repair cost high relative to purchase,0,18
DEMO-DEV-7729,DEMO-7729,7,LOW,"",0,0
DEMO-DEV-7730,DEMO-7730,7,LOW,"",0,0
DEMO-DEV-7731,DEMO-7731,23,LOW,Extended repair downtime,0,10
DEMO-DEV-7733,DEMO-7733,20,LOW,Older equipment,1,0
DEMO-DEV-7734,DEMO-7734,35,LOW,Extended repair downtime; Repair cost high relative to purchase,0,14
DEMO-DEV-7735,DEMO-7735,48,MEDIUM,Extended repair downtime; Repair cost high relative to purchase,1,12
DEMO-DEV-7736,DEMO-7736,19,LOW,"",0,2
DEMO-DEV-7737,DEMO-7737,4,LOW,"",0,0
DEMO-DEV-7738,DEMO-7738,5,LOW,"",0,1
DEMO-DEV-7739,DEMO-7739,10,LOW,Extended repair downtime,0,9
DEMO-DEV-7740,DEMO-7740,95,HIGH,Frequent repairs in last 365 days; Extended repair downtime; Repair cost high relative to purchase,8,63
DEMO-DEV-7741,DEMO-7741,9,LOW,Older equipment,0,0
DEMO-DEV-7742,DEMO-7742,3,LOW,"",0,0
DEMO-DEV-7743,DEMO-7743,5,LOW,"",0,0
DEMO-DEV-7744,DEMO-7744,15,LOW,"",1,0
DEMO-DEV-7745,DEMO-7745,74,HIGH,Frequent repairs in last 365 days; Extended repair downtime,4,53
DEMO-DEV-7746,DEMO-7746,26,LOW,Extended repair downtime,1,9
DEMO-DEV-7748,DEMO-7748,54,MEDIUM,Extended repair downtime; Repair cost high relative to purchase; Older equipment,1,21
DEMO-DEV-7749,DEMO-7749,16,LOW,Extended repair downtime,0,8
DEMO-DEV-7751,DEMO-7751,71,HIGH,Frequent repairs in last 365 days; Extended repair downtime; Older equipment,5,18
DEMO-DEV-7757,DEMO-7757,99,HIGH,Frequent repairs in last 365 days; Extended repair downtime; Repair cost high relative to purchase; Older equipment,5,68
DEMO-DEV-7758,DEMO-7758,34,LOW,Extended repair downtime; Repair cost high relative to purchase,0,15
DEMO-DEV-7759,DEMO-7759,0,LOW,"",0,0
DEMO-DEV-7763,DEMO-7763,9,LOW,Older equipment,0,0
DEMO-DEV-7764,DEMO-7764,0,LOW,"",0,0
DEMO-DEV-7765,DEMO-7765,30,LOW,Extended repair downtime,0,17
DEMO-DEV-7766,DEMO-7766,20,LOW,Extended repair downtime,0,11
DEMO-DEV-7767,DEMO-7767,15,LOW,"",1,4
DEMO-DEV-7768,DEMO-7768,8,LOW,Older equipment,0,0
DEMO-DEV-7769,DEMO-7769,3,LOW,"",0,0
DEMO-DEV-7770,DEMO-7770,89,HIGH,Frequent repairs in last 365 days; Extended repair downtime; Repair cost high relative to purchase,4,41
DEMO-DEV-7771,DEMO-7771,50,MEDIUM,Extended repair downtime; Repair cost high relative to purchase,1,15
DEMO-DEV-7772,DEMO-7772,8,LOW,Older equipment,0,0
DEMO-DEV-7773,DEMO-7773,3,LOW,"",0,0
DEMO-DEV-7775,DEMO-7775,7,LOW,"",0,0
DEMO-DEV-7776,DEMO-7776,26,LOW,Older equipment,1,5
DEMO-DEV-7779,DEMO-7779,10,LOW,Older equipment,0,0
DEMO-DEV-7780,DEMO-7780,56,MEDIUM,Extended repair downtime; Repair cost high relative to purchase,1,20
DEMO-DEV-7781,DEMO-7781,8,LOW,Older equipment,0,0
DEMO-DEV-7782,DEMO-7782,0,LOW,"",0,0
DEMO-DEV-7783,DEMO-7783,6,LOW,"",0,0
DEMO-DEV-7784,DEMO-7784,7,LOW,"",0,2
DEMO-DEV-7785,DEMO-7785,20,LOW,Extended repair downtime,0,7
DEMO-DEV-7786,DEMO-7786,2,LOW,"",0,0
DEMO-DEV-7789,DEMO-7789,9,LOW,Older equipment,0,0
DEMO-DEV-7790,DEMO-7790,5,LOW,"",0,0
DEMO-DEV-7791,DEMO-7791,41,MEDIUM,Extended repair downtime,1,22
DEMO-DEV-7792,DEMO-7792,29,LOW,Repair cost high relative to purchase,1,6
DEMO-DEV-7793,DEMO-7793,38,LOW,Extended repair downtime; Repair cost high relative to purchase,1,7
DEMO-DEV-7794,DEMO-7794,9,LOW,Older equipment,0,0
DEMO-DEV-7795,DEMO-7795,51,MEDIUM,Extended repair downtime; Repair cost high relative to purchase,1,19
DEMO-DEV-7796,DEMO-7796,10,LOW,Older equipment,0,0
DEMO-DEV-7797,DEMO-7797,39,LOW,Extended repair downtime; Repair cost high relative to purchase; Older equipment,0,13
DEMO-DEV-7798,DEMO-7798,24,LOW,Extended repair downtime; Older equipment,0,14
DEMO-DEV-7799,DEMO-7799,22,LOW,Extended repair downtime,1,8
DEMO-DEV-7800,DEMO-7800,8,LOW,Older equipment,0,0
DEMO-DEV-7801,DEMO-7801,13,LOW,"",0,6
DEMO-DEV-7803,DEMO-7803,74,HIGH,Frequent repairs in last 365 days; Extended repair downtime; Older equipment,5,24
DEMO-DEV-7808,DEMO-7808,22,LOW,Older equipment,1,0
DEMO-DEV-7809,DEMO-7809,2,LOW,"",0,0
DEMO-DEV-7810,DEMO-7810,7,LOW,Older equipment,0,0
DEMO-DEV-7811,DEMO-7811,46,MEDIUM,Extended repair downtime; Repair cost high relative to purchase; Older equipment,1,12
DEMO-DEV-7812,DEMO-7812,2,LOW,"",0,0
DEMO-DEV-7813,DEMO-7813,22,LOW,"",1,5
DEMO-DEV-7814,DEMO-7814,99,HIGH,Frequent repairs in last 365 days; Extended repair downtime; Repair cost high relative to purchase; Older equipment,8,82
DEMO-DEV-7815,DEMO-7815,27,LOW,Repair cost high relative to purchase,0,4
DEMO-DEV-7816,DEMO-7816,6,LOW,"",0,0
DEMO-DEV-7817,DEMO-7817,8,LOW,"",0,5
DEMO-DEV-7818,DEMO-7818,9,LOW,Older equipment,0,0
DEMO-DEV-7819,DEMO-7819,1,LOW,"",0,0
DEMO-DEV-7820,DEMO-7820,8,LOW,Older equipment,0,0
DEMO-DEV-7821,DEMO-7821,7,LOW,Older equipment,0,0
DEMO-DEV-7822,DEMO-7822,0,LOW,"",0,0
DEMO-DEV-7823,DEMO-7823,23,LOW,Extended repair downtime,1,8
DEMO-DEV-7824,DEMO-7824,26,LOW,Older equipment,1,3
DEMO-DEV-7825,DEMO-7825,9,LOW,Older equipment,0,0
DEMO-DEV-7826,DEMO-7826,4,LOW,"",0,0
DEMO-DEV-7827,DEMO-7827,1,LOW,"",0,0
DEMO-DEV-7828,DEMO-7828,92,HIGH,Frequent repairs in last 365 days; Extended repair downtime; Repair cost high relative to purchase,8,82
DEMO-DEV-7830,DEMO-7830,5,LOW,"",0,0
DEMO-DEV-7831,DEMO-7831,3,LOW,"",0,0
DEMO-DEV-7832,DEMO-7832,37,LOW,Repair cost high relative to purchase; Older equipment,1,6
DEMO-DEV-7833,DEMO-7833,17,LOW,"",1,4
DEMO-DEV-7834,DEMO-7834,8,LOW,Older equipment,0,0
DEMO-DEV-7835,DEMO-7835,22,LOW,Repair cost high relative to purchase,0,0
DEMO-DEV-7836,DEMO-7836,10,LOW,"",0,6
DEMO-DEV-7837,DEMO-7837,7,LOW,"",0,0
DEMO-DEV-7838,DEMO-7838,34,LOW,Repair cost high relative to purchase,1,3
DEMO-DEV-7840,DEMO-7840,94,HIGH,Frequent repairs in last 365 days; Extended repair downtime; Repair cost high relative to purchase,6,69
DEMO-DEV-7841,DEMO-7841,2,LOW,"",0,0
DEMO-DEV-7842,DEMO-7842,33,LOW,Frequent repairs in last 365 days; Extended repair downtime,2,7
DEMO-DEV-7844,DEMO-7844,28,LOW,Extended repair downtime; Older equipment,1,8
DEMO-DEV-7845,DEMO-7845,23,LOW,Extended repair downtime,1,9
DEMO-DEV-7846,DEMO-7846,6,LOW,"",0,0
DEMO-DEV-7847,DEMO-7847,2,LOW,"",0,0
DEMO-DEV-7848,DEMO-7848,23,LOW,Repair cost high relative to purchase,0,4
DEMO-DEV-7849,DEMO-7849,32,LOW,Extended repair downtime; Repair cost high relative to purchase,0,8
DEMO-DEV-7850,DEMO-7850,4,LOW,"",0,0
DEMO-DEV-7851,DEMO-7851,1,LOW,"",0,0
DEMO-DEV-7852,DEMO-7852,32,LOW,Extended repair downtime; Older equipment,0,21
DEMO-DEV-7853,DEMO-7853,35,LOW,Extended repair downtime,1,9
DEMO-DEV-7854,DEMO-7854,4,LOW,"",0,0
DEMO-DEV-7855,DEMO-7855,17,LOW,"",1,3
DEMO-DEV-7858,DEMO-7858,2,LOW,"",0,0
DEMO-DEV-7859,DEMO-7859,1,LOW,"",0,0
DEMO-DEV-7860,DEMO-7860,20,LOW,"",1,4
DEMO-DEV-7861,DEMO-7861,20,LOW,Extended repair downtime; Older equipment,0,10
DEMO-DEV-7862,DEMO-7862,76,HIGH,Frequent repairs in last 365 days; Extended repair downtime,6,65
DEMO-DEV-7863,DEMO-7863,30,LOW,Extended repair downtime; Older equipment,1,10
DEMO-DEV-7864,DEMO-7864,7,LOW,Older equipment,0,0
DEMO-DEV-7865,DEMO-7865,7,LOW,"",0,0
DEMO-DEV-7866,DEMO-7866,13,LOW,"",0,3
DEMO-DEV-7867,DEMO-7867,21,LOW,"",1,2
DEMO-DEV-7868,DEMO-7868,2,LOW,"",0,0
DEMO-DEV-7869,DEMO-7869,41,MEDIUM,Frequent repairs in last 365 days; Extended repair downtime,2,18
DEMO-DEV-7871,DEMO-7871,11,LOW,"",0,4
DEMO-DEV-7872,DEMO-7872,15,LOW,Older equipment,0,6
DEMO-DEV-7875,DEMO-7875,98,HIGH,Frequent repairs in last 365 days; Extended repair downtime; Repair cost high relative to purchase; Older equipment,5,58
DEMO-DEV-7877,DEMO-7877,7,LOW,"",0,0
DEMO-DEV-7878,DEMO-7878,23,LOW,Extended repair downtime,0,21
DEMO-DEV-7879,DEMO-7879,35,LOW,Frequent repairs in last 365 days,2,6
DEMO-DEV-7880,DEMO-7880,8,LOW,"",0,6
DEMO-DEV-7881,DEMO-7881,14,LOW,"",1,0
DEMO-DEV-7882,DEMO-7882,16,LOW,Extended repair downtime,0,9
DEMO-DEV-7884,DEMO-7884,32,LOW,Extended repair downtime,1,11
DEMO-DEV-7885,DEMO-7885,5,LOW,"",0,0
DEMO-DEV-7886,DEMO-7886,40,MEDIUM,Frequent repairs in last 365 days; Extended repair downtime,2,11
DEMO-DEV-7887,DEMO-7887,4,LOW,"",0,0
DEMO-DEV-7888,DEMO-7888,6,LOW,"",0,0
DEMO-DEV-7889,DEMO-7889,33,LOW,Extended repair downtime; Repair cost high relative to purchase; Older equipment,0,10
DEMO-DEV-7890,DEMO-7890,13,LOW,Extended repair downtime,0,8
DEMO-DEV-7891,DEMO-7891,3,LOW,"",0,1
DEMO-DEV-7892,DEMO-7892,21,LOW,Extended repair downtime; Older equipment,0,13
DEMO-DEV-7893,DEMO-7893,97,HIGH,Frequent repairs in last 365 days; Extended repair downtime; Repair cost high relative to purchase,6,73
DEMO-DEV-7894,DEMO-7894,39,LOW,Extended repair downtime; Older equipment,1,10
DEMO-DEV-7895,DEMO-7895,3,LOW,"",0,0
DEMO-DEV-7899,DEMO-7899,8,LOW,"",0,2
DEMO-DEV-7900,DEMO-7900,5,LOW,"",0,0
DEMO-DEV-7901,DEMO-7901,98,HIGH,Frequent repairs in last 365 days; Extended repair downtime; Repair cost high relative to purchase; Older equipment,5,40
DEMO-DEV-7902,DEMO-7902,24,LOW,Older equipment,1,0
DEMO-DEV-7903,DEMO-7903,4,LOW,"",0,0
DEMO-DEV-7904,DEMO-7904,22,LOW,Repair cost high relative to purchase; Older equipment,0,3
DEMO-DEV-7905,DEMO-7905,46,MEDIUM,Extended repair downtime; Repair cost high relative to purchase,1,12
DEMO-DEV-7906,DEMO-7906,6,LOW,"",0,2
DEMO-DEV-7907,DEMO-7907,10,LOW,"",0,6
DEMO-DEV-7908,DEMO-7908,31,LOW,Extended repair downtime; Older equipment,1,12
DEMO-DEV-7909,DEMO-7909,14,LOW,Repair cost high relative to purchase,0,1
DEMO-DEV-7913,DEMO-7913,6,LOW,"",0,3
DEMO-DEV-7914,DEMO-7914,40,MEDIUM,Repair cost high relative to purchase,1,5
DEMO-DEV-7915,DEMO-7915,15,LOW,"",0,3
DEMO-DEV-7917,DEMO-7917,6,LOW,"",0,2
DEMO-DEV-7918,DEMO-7918,13,LOW,"",1,0
DEMO-DEV-7919,DEMO-7919,7,LOW,"",0,0
DEMO-DEV-7920,DEMO-7920,5,LOW,"",0,0
DEMO-DEV-7921,DEMO-7921,21,LOW,Extended repair downtime,0,10
DEMO-DEV-7922,DEMO-7922,20,LOW,"",1,5
DEMO-DEV-7924,DEMO-7924,12,LOW,"",0,6
DEMO-DEV-7925,DEMO-7925,80,HIGH,Frequent repairs in last 365 days; Extended repair downtime; Older equipment,7,51
DEMO-DEV-7929,DEMO-7929,8,LOW,"",0,3
DEMO-DEV-7930,DEMO-7930,33,LOW,Extended repair downtime; Repair cost high relative to purchase,0,11
DEMO-DEV-7931,DEMO-7931,4,LOW,"",0,0
DEMO-DEV-7932,DEMO-7932,99,HIGH,Frequent repairs in last 365 days; Extended repair downtime; Repair cost high relative to purchase; Older equipment,7,53
DEMO-DEV-7933,DEMO-7933,28,LOW,Repair cost high relative to purchase,1,3
DEMO-DEV-7934,DEMO-7934,10,LOW,"",0,3
DEMO-DEV-7935,DEMO-7935,25,LOW,Extended repair downtime,1,12
DEMO-DEV-7936,DEMO-7936,91,HIGH,Frequent repairs in last 365 days; Extended repair downtime; Repair cost high relative to purchase; Older equipment,6,57
DEMO-DEV-7937,DEMO-7937,9,LOW,Older equipment,0,0
DEMO-DEV-7938,DEMO-7938,26,LOW,Extended repair downtime,1,12
DEMO-DEV-7940,DEMO-7940,14,LOW,Older equipment,0,3
DEMO-DEV-7942,DEMO-7942,20,LOW,"",1,5
DEMO-DEV-7943,DEMO-7943,15,LOW,Older equipment,0,6
DEMO-DEV-7944,DEMO-7944,7,LOW,"",0,0
DEMO-DEV-7945,DEMO-7945,9,LOW,"",0,2
DEMO-DEV-7946,DEMO-7946,9,LOW,Older equipment,0,0
DEMO-DEV-7947,DEMO-7947,11,LOW,"",1,0
DEMO-DEV-7948,DEMO-7948,3,LOW,"",0,0
DEMO-DEV-7949,DEMO-7949,42,MEDIUM,Extended repair downtime; Repair cost high relative to purchase; Older equipment,0,13
DEMO-DEV-7950,DEMO-7950,7,LOW,Older equipment,0,0
DEMO-DEV-7951,DEMO-7951,5,LOW,"",0,0
DEMO-DEV-7954,DEMO-7954,0,LOW,"",0,0
DEMO-DEV-7955,DEMO-7955,5,LOW,"",0,0
DEMO-DEV-7956,DEMO-7956,4,LOW,"",0,0
DEMO-DEV-7957,DEMO-7957,6,LOW,"",0,0
DEMO-DEV-7958,DEMO-7958,32,LOW,Extended repair downtime; Repair cost high relative to purchase,0,9
DEMO-DEV-7959,DEMO-7959,2,LOW,"",0,0
DEMO-DEV-7960,DEMO-7960,21,LOW,Extended repair downtime,0,18
DEMO-DEV-7961,DEMO-7961,5,LOW,"",0,0
DEMO-DEV-7962,DEMO-7962,33,LOW,Extended repair downtime; Repair cost high relative to purchase,0,7
DEMO-DEV-7963,DEMO-7963,7,LOW,"",0,0
DEMO-DEV-7964,DEMO-7964,8,LOW,Older equipment,0,0
DEMO-DEV-7965,DEMO-7965,30,LOW,Extended repair downtime; Repair cost high relative to purchase,0,9
DEMO-DEV-7967,DEMO-7967,6,LOW,"",0,0
DEMO-DEV-7968,DEMO-7968,23,LOW,Extended repair downtime,0,11
DEMO-DEV-7969,DEMO-7969,72,HIGH,Frequent repairs in last 365 days; Extended repair downtime,4,50
DEMO-DEV-7970,DEMO-7970,27,LOW,Extended repair downtime,0,15
DEMO-DEV-7971,DEMO-7971,21,LOW,Extended repair downtime,0,12
DEMO-DEV-7972,DEMO-7972,44,MEDIUM,Extended repair downtime; Repair cost high relative to purchase,1,11
DEMO-DEV-7973,DEMO-7973,5,LOW,"",0,0
DEMO-DEV-7974,DEMO-7974,8,LOW,"",0,1
DEMO-DEV-7975,DEMO-7975,6,LOW,"",0,0
DEMO-DEV-7976,DEMO-7976,21,LOW,Repair cost high relative to purchase,0,1
DEMO-DEV-7977,DEMO-7977,31,LOW,Repair cost high relative to purchase,1,0
DEMO-DEV-7978,DEMO-7978,21,LOW,Extended repair downtime,0,11
DEMO-DEV-7979,DEMO-7979,27,LOW,Extended repair downtime,1,11
DEMO-DEV-7981,DEMO-7981,7,LOW,Older equipment,0,0
DEMO-DEV-7984,DEMO-7984,25,LOW,Extended repair downtime; Older equipment,0,10
DEMO-DEV-7986,DEMO-7986,76,HIGH,Frequent repairs in last 365 days; Extended repair downtime,6,60
DEMO-DEV-7987,DEMO-7987,4,LOW,"",0,0
DEMO-DEV-7988,DEMO-7988,42,MEDIUM,Repair cost high relative to purchase; Older equipment,1,3
DEMO-DEV-7989,DEMO-7989,10,LOW,Extended repair downtime,0,8
DEMO-DEV-7990,DEMO-7990,1,LOW,"",0,0
DEMO-DEV-7991,DEMO-7991,23,LOW,Extended repair downtime,0,17
DEMO-DEV-7992,DEMO-7992,20,LOW,"",1,4
DEMO-DEV-7993,DEMO-7993,26,LOW,Extended repair downtime,1,11
DEMO-DEV-7994,DEMO-7994,21,LOW,Extended repair downtime,0,9
DEMO-DEV-7995,DEMO-7995,5,LOW,"",0,0
DEMO-DEV-7996,DEMO-7996,6,LOW,"",0,0
DEMO-DEV-7997,DEMO-7997,45,MEDIUM,Extended repair downtime; Repair cost high relative to purchase,1,12
DEMO-DEV-7998,DEMO-7998,32,LOW,Repair cost high relative to purchase,1,0
DEMO-DEV-7999,DEMO-7999,21,LOW,Extended repair downtime; Older equipment,0,11
DEMO-DEV-8000,DEMO-8000,27,LOW,Extended repair downtime; Older equipment,1,7
DEMO-DEV-8001,DEMO-8001,7,LOW,Older equipment,0,0
DEMO-DEV-8002,DEMO-8002,19,LOW,"",1,3
DEMO-DEV-8003,DEMO-8003,31,LOW,Extended repair downtime; Older equipment,1,12
DEMO-DEV-8004,DEMO-8004,34,LOW,Extended repair downtime; Older equipment,1,11
DEMO-DEV-8005,DEMO-8005,36,LOW,Repair cost high relative to purchase,1,3
DEMO-DEV-8006,DEMO-8006,42,MEDIUM,Frequent repairs in last 365 days; Extended repair downtime; Repair cost high relative to purchase,2,8
DEMO-DEV-8007,DEMO-8007,29,LOW,Extended repair downtime; Repair cost high relative to purchase,0,8
DEMO-DEV-8009,DEMO-8009,9,LOW,Older equipment,0,0
DEMO-DEV-8012,DEMO-8012,54,MEDIUM,Frequent repairs in last 365 days; Extended repair downtime; Repair cost high relative to purchase,2,10
DEMO-DEV-8013,DEMO-8013,75,HIGH,Frequent repairs in last 365 days; Extended repair downtime,8,85
DEMO-DEV-8014,DEMO-8014,5,LOW,"",0,2
DEMO-DEV-8015,DEMO-8015,46,MEDIUM,Extended repair downtime; Repair cost high relative to purchase,1,9
DEMO-DEV-8016,DEMO-8016,7,LOW,Older equipment,0,0
DEMO-DEV-8017,DEMO-8017,91,HIGH,Frequent repairs in last 365 days; Extended repair downtime; Repair cost high relative to purchase,8,71
DEMO-DEV-8018,DEMO-8018,91,HIGH,Frequent repairs in last 365 days; Extended repair downtime; Repair cost high relative to purchase,7,73
DEMO-DEV-8019,DEMO-8019,32,LOW,Extended repair downtime; Repair cost high relative to purchase,0,7
DEMO-DEV-8020,DEMO-8020,19,LOW,Extended repair downtime; Older equipment,0,11
DEMO-DEV-8021,DEMO-8021,21,LOW,"",1,4
DEMO-DEV-8024,DEMO-8024,23,LOW,Repair cost high relative to purchase,0,0
DEMO-DEV-8025,DEMO-8025,6,LOW,"",0,0
DEMO-DEV-8026,DEMO-8026,4,LOW,"",0,0
DEMO-DEV-8027,DEMO-8027,22,LOW,Older equipment,1,4
DEMO-DEV-8028,DEMO-8028,17,LOW,Extended repair downtime,0,10
DEMO-DEV-8029,DEMO-8029,76,HIGH,Frequent repairs in last 365 days; Extended repair downtime,5,30
DEMO-DEV-8030,DEMO-8030,10,LOW,Older equipment,0,0
DEMO-DEV-8031,DEMO-8031,4,LOW,"",0,0
DEMO-DEV-8032,DEMO-8032,25,LOW,Repair cost high relative to purchase,0,2
DEMO-DEV-8033,DEMO-8033,91,HIGH,Frequent repairs in last 365 days; Extended repair downtime; Repair cost high relative to purchase,5,47
DEMO-DEV-8034,DEMO-8034,11,LOW,"",0,3
DEMO-DEV-8035,DEMO-8035,39,LOW,Frequent repairs in last 365 days; Extended repair downtime,2,8
DEMO-DEV-8039,DEMO-8039,8,LOW,"",0,0
DEMO-DEV-8040,DEMO-8040,11,LOW,Extended repair downtime,0,7
DEMO-DEV-8041,DEMO-8041,20,LOW,Extended repair downtime,1,7
DEMO-DEV-8042,DEMO-8042,3,LOW,"",0,0
DEMO-DEV-8043,DEMO-8043,39,LOW,Repair cost high relative to purchase,1,3
DEMO-DEV-8044,DEMO-8044,4,LOW,"",0,0
DEMO-DEV-8045,DEMO-8045,17,LOW,Extended repair downtime,0,10
DEMO-DEV-8046,DEMO-8046,7,LOW,"",0,3
DEMO-DEV-8047,DEMO-8047,95,HIGH,Frequent repairs in last 365 days; Extended repair downtime; Repair cost high relative to purchase,5,99
DEMO-DEV-8048,DEMO-8048,33,LOW,Extended repair downtime,1,12
DEMO-DEV-8051,DEMO-8051,11,LOW,Older equipment,0,2
DEMO-DEV-8053,DEMO-8053,19,LOW,Older equipment,1,0
DEMO-DEV-8054,DEMO-8054,11,LOW,Older equipment,0,0
DEMO-DEV-8055,DEMO-8055,1,LOW,"",0,0
DEMO-DEV-8056,DEMO-8056,56,MEDIUM,Frequent repairs in last 365 days; Extended repair downtime; Repair cost high relative to purchase,2,10
DEMO-DEV-8057,DEMO-8057,7,LOW,"",0,1
DEMO-DEV-8058,DEMO-8058,5,LOW,"",0,0
DEMO-DEV-8059,DEMO-8059,14,LOW,"",1,0
DEMO-DEV-8060,DEMO-8060,43,MEDIUM,Extended repair downtime; Repair cost high relative to purchase,1,15
DEMO-DEV-8061,DEMO-8061,9,LOW,Extended repair downtime,0,7
DEMO-DEV-8062,DEMO-8062,23,LOW,Extended repair downtime,1,7
DEMO-DEV-8063,DEMO-8063,0,LOW,"",0,0
DEMO-DEV-8065,DEMO-8065,2,LOW,"",0,0
DEMO-DEV-8068,DEMO-8068,7,LOW,"",0,0
DEMO-DEV-8069,DEMO-8069,8,LOW,Older equipment,0,0
DEMO-DEV-8070,DEMO-8070,51,MEDIUM,Extended repair downtime; Repair cost high relative to purchase,1,19
DEMO-DEV-8071,DEMO-8071,27,LOW,Extended repair downtime; Repair cost high relative to purchase,0,11
DEMO-DEV-8072,DEMO-8072,8,LOW,Older equipment,0,0
DEMO-DEV-8073,DEMO-8073,3,LOW,"",0,0
DEMO-DEV-8074,DEMO-8074,80,HIGH,Frequent repairs in last 365 days; Extended repair downtime,6,29
DEMO-DEV-8075,DEMO-8075,4,LOW,"",0,0
DEMO-DEV-8076,DEMO-8076,8,LOW,Older equipment,0,0
DEMO-DEV-8077,DEMO-8077,9,LOW,Older equipment,0,0
DEMO-DEV-8078,DEMO-8078,8,LOW,Older equipment,0,0
DEMO-DEV-8079,DEMO-8079,35,LOW,Extended repair downtime; Older equipment,1,16
DEMO-DEV-8080,DEMO-8080,7,LOW,"",0,0
DEMO-DEV-8081,DEMO-8081,11,LOW,"",0,5
DEMO-DEV-8082,DEMO-8082,97,HIGH,Frequent repairs in last 365 days; Extended repair downtime; Repair cost high relative to purchase; Older equipment,5,30
DEMO-DEV-8083,DEMO-8083,6,LOW,"",0,0
DEMO-DEV-8084,DEMO-8084,20,LOW,Extended repair downtime,0,10
DEMO-DEV-8085,DEMO-8085,6,LOW,"",0,5
DEMO-DEV-8086,DEMO-8086,3,LOW,"",0,0
DEMO-DEV-8087,DEMO-8087,1,LOW,"",0,0
DEMO-DEV-8088,DEMO-8088,8,LOW,Older equipment,0,0
DEMO-DEV-8089,DEMO-8089,1,LOW,"",0,0
DEMO-DEV-8090,DEMO-8090,20,LOW,Extended repair downtime; Older equipment,0,11
DEMO-DEV-8093,DEMO-8093,30,LOW,Extended repair downtime,1,9
DEMO-DEV-8094,DEMO-8094,6,LOW,"",0,0
DEMO-DEV-8095,DEMO-8095,77,HIGH,Frequent repairs in last 365 days; Extended repair downtime; Older equipment,6,27
DEMO-DEV-8096,DEMO-8096,82,HIGH,Frequent repairs in last 365 days; Extended repair downtime; Older equipment,7,90
DEMO-DEV-8097,DEMO-8097,18,LOW,Extended repair downtime; Older equipment,0,8
DEMO-DEV-8098,DEMO-8098,90,HIGH,Frequent repairs in last 365 days; Extended repair downtime; Repair cost high relative to purchase,6,94
DEMO-DEV-8099,DEMO-8099,21,LOW,Extended repair downtime,1,10
DEMO-DEV-8100,DEMO-8100,34,LOW,Extended repair downtime; Repair cost high relative to purchase,1,9
DEMO-DEV-8101,DEMO-8101,7,LOW,"",0,0
DEMO-DEV-8102,DEMO-8102,4,LOW,"",0,0
DEMO-DEV-8103,DEMO-8103,25,LOW,Older equipment,1,5
DEMO-DEV-8104,DEMO-8104,9,LOW,Older equipment,0,0
DEMO-DEV-8107,DEMO-8107,2,LOW,"",0,0
DEMO-DEV-8108,DEMO-8108,4,LOW,"",0,0
DEMO-DEV-8110,DEMO-8110,8,LOW,Older equipment,0,0
DEMO-DEV-8112,DEMO-8112,1,LOW,"",0,0
DEMO-DEV-8113,DEMO-8113,28,LOW,Extended repair downtime,1,13
DEMO-DEV-8114,DEMO-8114,2,LOW,"",0,0
DEMO-DEV-8115,DEMO-8115,10,LOW,"",0,6
DEMO-DEV-8116,DEMO-8116,44,MEDIUM,Extended repair downtime; Repair cost high relative to purchase,1,10
DEMO-DEV-8117,DEMO-8117,9,LOW,Older equipment,0,0
DEMO-DEV-8118,DEMO-8118,3,LOW,"",0,0
DEMO-DEV-8122,DEMO-8122,3,LOW,"",0,0
DEMO-DEV-8123,DEMO-8123,7,LOW,Older equipment,0,0
DEMO-DEV-8124,DEMO-8124,21,LOW,Extended repair downtime; Older equipment,0,11
DEMO-DEV-8125,DEMO-8125,12,LOW,"",0,4
DEMO-DEV-8126,DEMO-8126,11,LOW,"",0,0
DEMO-DEV-8127,DEMO-8127,12,LOW,"",0,5
DEMO-DEV-8128,DEMO-8128,4,LOW,"",0,0
DEMO-DEV-8130,DEMO-8130,96,HIGH,Frequent repairs in last 365 days; Extended repair downtime; Repair cost high relative to purchase,5,50
DEMO-DEV-8131,DEMO-8131,15,LOW,Extended repair downtime,0,10
DEMO-DEV-8134,DEMO-8134,26,LOW,Extended repair downtime,1,11
DEMO-DEV-8135,DEMO-8135,6,LOW,"",0,0
DEMO-DEV-8136,DEMO-8136,22,LOW,"",1,6
DEMO-DEV-8137,DEMO-8137,4,LOW,"",0,0
DEMO-DEV-8138,DEMO-8138,8,LOW,Older equipment,0,0
DEMO-DEV-8139,DEMO-8139,8,LOW,"",0,4
DEMO-DEV-8140,DEMO-8140,19,LOW,Extended repair downtime; Older equipment,0,8
DEMO-DEV-8141,DEMO-8141,7,LOW,"",0,0
DEMO-DEV-8142,DEMO-8142,30,LOW,Extended repair downtime,1,12
DEMO-DEV-8143,DEMO-8143,5,LOW,"",0,0
DEMO-DEV-8144,DEMO-8144,4,LOW,"",0,0
DEMO-DEV-8145,DEMO-8145,5,LOW,"",0,0
DEMO-DEV-8148,DEMO-8148,76,HIGH,Frequent repairs in last 365 days; Extended repair downtime,4,60
DEMO-DEV-8149,DEMO-8149,84,HIGH,Frequent repairs in last 365 days; Extended repair downtime; Older equipment,6,47
DEMO-DEV-8150,DEMO-8150,10,LOW,Extended repair downtime,0,9
DEMO-DEV-8151,DEMO-8151,7,LOW,"",0,0
DEMO-DEV-8154,DEMO-8154,5,LOW,"",0,0
DEMO-DEV-8155,DEMO-8155,92,HIGH,Frequent repairs in last 365 days; Extended repair downtime; Repair cost high relative to purchase,8,97
DEMO-DEV-8156,DEMO-8156,6,LOW,"",0,0
DEMO-DEV-8158,DEMO-8158,94,HIGH,Frequent repairs in last 365 days; Extended repair downtime; Repair cost high relative to purchase,6,85
DEMO-DEV-8162,DEMO-8162,9,LOW,Older equipment,0,0
DEMO-DEV-8163,DEMO-8163,3,LOW,"",0,0
DEMO-DEV-8164,DEMO-8164,12,LOW,"",1,0
DEMO-DEV-8165,DEMO-8165,40,MEDIUM,Extended repair downtime; Repair cost high relative to purchase; Older equipment,0,10
DEMO-DEV-8166,DEMO-8166,1,LOW,"",0,0
DEMO-DEV-8167,DEMO-8167,7,LOW,"",0,0
DEMO-DEV-8168,DEMO-8168,91,HIGH,Frequent repairs in last 365 days; Extended repair downtime; Repair cost high relative to purchase,7,67
DEMO-DEV-8169,DEMO-8169,4,LOW,"",0,0
DEMO-DEV-8170,DEMO-8170,30,LOW,Repair cost high relative to purchase,1,0
DEMO-DEV-8171,DEMO-8171,92,HIGH,Frequent repairs in last 365 days; Extended repair downtime; Repair cost high relative to purchase,8,47
DEMO-DEV-8172,DEMO-8172,6,LOW,"",0,0
DEMO-DEV-8173,DEMO-8173,6,LOW,"",0,0
DEMO-DEV-8176,DEMO-8176,75,HIGH,Frequent repairs in last 365 days; Extended repair downtime,7,58
DEMO-DEV-8177,DEMO-8177,19,LOW,Extended repair downtime,0,12
DEMO-DEV-8178,DEMO-8178,0,LOW,"",0,0
DEMO-DEV-8179,DEMO-8179,31,LOW,Extended repair downtime; Repair cost high relative to purchase; Older equipment,0,9
DEMO-DEV-8180,DEMO-8180,9,LOW,Older equipment,0,0
DEMO-DEV-8181,DEMO-8181,18,LOW,"",0,5
DEMO-DEV-8182,DEMO-8182,30,LOW,Extended repair downtime; Older equipment,1,12
DEMO-DEV-8183,DEMO-8183,79,HIGH,Frequent repairs in last 365 days; Extended repair downtime,5,64
DEMO-DEV-8184,DEMO-8184,2,LOW,"",0,0
DEMO-DEV-8185,DEMO-8185,95,HIGH,Frequent repairs in last 365 days; Extended repair downtime; Repair cost high relative to purchase,5,60
DEMO-DEV-8186,DEMO-8186,4,LOW,"",0,0
DEMO-DEV-8187,DEMO-8187,6,LOW,"",0,0
DEMO-DEV-8188,DEMO-8188,8,LOW,"",0,2
DEMO-DEV-8189,DEMO-8189,8,LOW,Older equipment,0,0
DEMO-DEV-8190,DEMO-8190,21,LOW,Extended repair downtime,0,7
DEMO-DEV-8191,DEMO-8191,24,LOW,Extended repair downtime,1,8
DEMO-DEV-8192,DEMO-8192,8,LOW,Older equipment,0,0
DEMO-DEV-8193,DEMO-8193,9,LOW,Older equipment,0,0
DEMO-DEV-8194,DEMO-8194,10,LOW,Extended repair downtime,0,7
DEMO-DEV-8195,DEMO-8195,23,LOW,"",1,0
DEMO-DEV-8196,DEMO-8196,50,MEDIUM,Frequent repairs in last 365 days; Extended repair downtime; Older equipment,2,18
DEMO-DEV-8197,DEMO-8197,27,LOW,Repair cost high relative to purchase; Older equipment,0,0
DEMO-DEV-8198,DEMO-8198,93,HIGH,Frequent repairs in last 365 days; Extended repair downtime; Repair cost high relative to purchase,6,48
DEMO-DEV-8199,DEMO-8199,26,LOW,Extended repair downtime,1,12
DEMO-DEV-8200,DEMO-8200,5,LOW,"",0,1
DEMO-DEV-8201,DEMO-8201,27,LOW,Extended repair downtime; Older equipment,0,12
DEMO-DEV-8202,DEMO-8202,84,HIGH,Frequent repairs in last 365 days; Extended repair downtime; Repair cost high relative to purchase,6,36
DEMO-DEV-8206,DEMO-8206,7,LOW,Older equipment,0,0
DEMO-DEV-8207,DEMO-8207,5,LOW,"",0,0
DEMO-DEV-8209,DEMO-8209,95,HIGH,Frequent repairs in last 365 days; Extended repair downtime; Repair cost high relative to purchase,6,81
DEMO-DEV-8210,DEMO-8210,80,HIGH,Frequent repairs in last 365 days; Extended repair downtime,7,66
DEMO-DEV-8211,DEMO-8211,23,LOW,Repair cost high relative to purchase,0,0
DEMO-DEV-8212,DEMO-8212,21,LOW,Extended repair downtime; Repair cost high relative to purchase,0,7
DEMO-DEV-8213,DEMO-8213,9,LOW,Older equipment,0,0
DEMO-DEV-8214,DEMO-8214,4,LOW,"",0,0
DEMO-DEV-8215,DEMO-8215,8,LOW,Older equipment,0,0
DEMO-DEV-8216,DEMO-8216,12,LOW,"",0,5
DEMO-DEV-8217,DEMO-8217,4,LOW,"",0,0
DEMO-DEV-8221,DEMO-8221,2,LOW,"",0,0
DEMO-DEV-8222,DEMO-8222,6,LOW,"",0,0
DEMO-DEV-8223,DEMO-8223,24,LOW,Repair cost high relative to purchase,0,0
DEMO-DEV-8224,DEMO-8224,89,HIGH,Frequent repairs in last 365 days; Extended repair downtime; Repair cost high relative to purchase,6,60
DEMO-DEV-8225,DEMO-8225,75,HIGH,Frequent repairs in last 365 days; Extended repair downtime,6,72
DEMO-DEV-8226,DEMO-8226,41,MEDIUM,Repair cost high relative to purchase; Older equipment,1,2
DEMO-DEV-8228,DEMO-8228,21,LOW,"",1,5
DEMO-DEV-8234,DEMO-8234,10,LOW,Older equipment,0,0
DEMO-DEV-8235,DEMO-8235,5,LOW,"",0,0
DEMO-DEV-8236,DEMO-8236,13,LOW,Older equipment,0,4
DEMO-DEV-8238,DEMO-8238,31,LOW,Extended repair downtime; Repair cost high relative to purchase,0,9
DEMO-DEV-8240,DEMO-8240,29,LOW,Repair cost high relative to purchase,0,3
DEMO-DEV-8241,DEMO-8241,6,LOW,"",0,3
DEMO-DEV-8242,DEMO-8242,0,LOW,"",0,0
DEMO-DEV-8243,DEMO-8243,8,LOW,Older equipment,0,0
DEMO-DEV-8244,DEMO-8244,9,LOW,Older equipment,0,0
DEMO-DEV-8245,DEMO-8245,6,LOW,"",0,0
DEMO-DEV-8246,DEMO-8246,3,LOW,"",0,0
DEMO-DEV-8247,DEMO-8247,31,LOW,Extended repair downtime,1,14
DEMO-DEV-8248,DEMO-8248,2,LOW,"",0,0
DEMO-DEV-8249,DEMO-8249,8,LOW,Older equipment,0,0
DEMO-DEV-8250,DEMO-8250,5,LOW,"",0,0
DEMO-DEV-8251,DEMO-8251,33,LOW,Frequent repairs in last 365 days; Extended repair downtime,2,11
DEMO-DEV-8253,DEMO-8253,94,HIGH,Frequent repairs in last 365 days; Extended repair downtime; Repair cost high relative to purchase,7,57
DEMO-DEV-8254,DEMO-8254,14,LOW,"",0,5
DEMO-DEV-8255,DEMO-8255,14,LOW,Older equipment,0,6
DEMO-DEV-8256,DEMO-8256,7,LOW,Older equipment,0,0
DEMO-DEV-8259,DEMO-8259,2,LOW,"",0,0
DEMO-DEV-8260,DEMO-8260,99,HIGH,Frequent repairs in last 365 days; Extended repair downtime; Repair cost high relative to purchase; Older equipment,5,52
DEMO-DEV-8261,DEMO-8261,55,MEDIUM,Frequent repairs in last 365 days; Extended repair downtime; Repair cost high relative to purchase,2,12
DEMO-DEV-8262,DEMO-8262,5,LOW,"",0,0
DEMO-DEV-8263,DEMO-8263,9,LOW,Older equipment,0,0
DEMO-DEV-8264,DEMO-8264,33,LOW,Extended repair downtime; Older equipment,1,11
DEMO-DEV-8265,DEMO-8265,85,HIGH,Frequent repairs in last 365 days; Extended repair downtime; Repair cost high relative to purchase,5,40
DEMO-DEV-8266,DEMO-8266,1,LOW,"",0,0
DEMO-DEV-8267,DEMO-8267,13,LOW,Extended repair downtime,0,7
DEMO-DEV-8269,DEMO-8269,3,LOW,"",0,0
DEMO-DEV-8270,DEMO-8270,8,LOW,Older equipment,0,0
DEMO-DEV-8271,DEMO-8271,5,LOW,"",0,3
DEMO-DEV-8274,DEMO-8274,16,LOW,Extended repair downtime,0,8
DEMO-DEV-8275,DEMO-8275,6,LOW,"",0,0
DEMO-DEV-8276,DEMO-8276,15,LOW,"",1,5
DEMO-DEV-8277,DEMO-8277,25,LOW,Extended repair downtime,0,13
DEMO-DEV-8278,DEMO-8278,36,LOW,Repair cost high relative to purchase; Older equipment,1,2
DEMO-DEV-8279,DEMO-8279,45,MEDIUM,Extended repair downtime; Repair cost high relative to purchase,1,14
DEMO-DEV-8280,DEMO-8280,6,LOW,"",0,2
DEMO-DEV-8281,DEMO-8281,13,LOW,"",0,6
DEMO-DEV-8283,DEMO-8283,11,LOW,Older equipment,0,0
DEMO-DEV-8284,DEMO-8284,7,LOW,Older equipment,0,0
DEMO-DEV-8288,DEMO-8288,54,MEDIUM,Frequent repairs in last 365 days; Extended repair downtime; Repair cost high relative to purchase,2,8
DEMO-DEV-8289,DEMO-8289,94,HIGH,Frequent repairs in last 365 days; Extended repair downtime; Repair cost high relative to purchase,8,64
DEMO-DEV-8290,DEMO-8290,13,LOW,Extended repair downtime,0,7
DEMO-DEV-8291,DEMO-8291,6,LOW,"",0,0
DEMO-DEV-8292,DEMO-8292,3,LOW,"",0,0
DEMO-DEV-8293,DEMO-8293,7,LOW,Older equipment,0,0
DEMO-DEV-8294,DEMO-8294,4,LOW,"",0,0
DEMO-DEV-8295,DEMO-8295,87,HIGH,Frequent repairs in last 365 days; Extended repair downtime; Older equipment,7,83
DEMO-DEV-8296,DEMO-8296,9,LOW,Older equipment,0,0
DEMO-DEV-8297,DEMO-8297,92,HIGH,Frequent repairs in last 365 days; Extended repair downtime; Repair cost high relative to purchase,8,99
DEMO-DEV-8300,DEMO-8300,3,LOW,"",0,0
DEMO-DEV-8301,DEMO-8301,25,LOW,Extended repair downtime,1,7
DEMO-DEV-8306,DEMO-8306,21,LOW,Extended repair downtime; Older equipment,0,7
DEMO-DEV-8307,DEMO-8307,16,LOW,"",1,0
DEMO-DEV-8308,DEMO-8308,5,LOW,"",0,0
DEMO-DEV-8309,DEMO-8309,11,LOW,Extended repair downtime,0,8
DEMO-DEV-8319,DEMO-8319,38,LOW,Frequent repairs in last 365 days; Extended repair downtime,2,9
DEMO-DEV-8320,DEMO-8320,19,LOW,Older equipment,1,0
DEMO-DEV-8321,DEMO-8321,8,LOW,Older equipment,0,0
DEMO-DEV-8322,DEMO-8322,6,LOW,"",0,0
DEMO-DEV-8323,DEMO-8323,8,LOW,Older equipment,0,0
DEMO-DEV-8329,DEMO-8329,45,MEDIUM,Extended repair downtime; Repair cost high relative to purchase; Older equipment,1,11
DEMO-DEV-8330,DEMO-8330,6,LOW,"",0,0
DEMO-DEV-8331,DEMO-8331,4,LOW,"",0,0
DEMO-DEV-8332,DEMO-8332,19,LOW,Older equipment,1,0
DEMO-DEV-8334,DEMO-8334,15,LOW,"",1,0
DEMO-DEV-8335,DEMO-8335,22,LOW,Repair cost high relative to purchase,0,2
DEMO-DEV-8336,DEMO-8336,8,LOW,"",0,2
DEMO-DEV-8337,DEMO-8337,7,LOW,"",0,0
DEMO-DEV-8338,DEMO-8338,10,LOW,"",0,4
DEMO-DEV-8339,DEMO-8339,21,LOW,Older equipment,0,5
DEMO-DEV-8343,DEMO-8343,35,LOW,Extended repair downtime; Repair cost high relative to purchase,1,12
DEMO-DEV-8345,DEMO-8345,41,MEDIUM,Extended repair downtime; Repair cost high relative to purchase; Older equipment,0,12
DEMO-DEV-8346,DEMO-8346,9,LOW,"",0,2
DEMO-DEV-8347,DEMO-8347,93,HIGH,Frequent repairs in last 365 days; Extended repair downtime; Repair cost high relative to purchase; Older equipment,6,78
DEMO-DEV-8348,DEMO-8348,13,LOW,Older equipment,0,3
DEMO-DEV-8349,DEMO-8349,27,LOW,Repair cost high relative to purchase; Older equipment,0,0
DEMO-DEV-8350,DEMO-8350,58,MEDIUM,Frequent repairs in last 365 days; Repair cost high relative to purchase,4,0
DEMO-DEV-8351,DEMO-8351,5,LOW,"",0,1
DEMO-DEV-8352,DEMO-8352,33,LOW,Extended repair downtime,1,20
DEMO-DEV-8353,DEMO-8353,95,HIGH,Frequent repairs in last 365 days; Extended repair downtime; Repair cost high relative to purchase,4,42
DEMO-DEV-8354,DEMO-8354,28,LOW,Frequent repairs in last 365 days; Older equipment,2,0
DEMO-DEV-8356,DEMO-8356,33,LOW,Extended repair downtime,1,9
DEMO-DEV-8359,DEMO-8359,89,HIGH,Frequent repairs in last 365 days; Extended repair downtime; Repair cost high relative to purchase,8,103
DEMO-DEV-8360,DEMO-8360,38,LOW,Frequent repairs in last 365 days; Extended repair downtime,2,14
DEMO-DEV-8361,DEMO-8361,6,LOW,"",0,0
DEMO-DEV-8364,DEMO-8364,7,LOW,Older equipment,0,0
DEMO-DEV-8365,DEMO-8365,34,LOW,Extended repair downtime,1,13
DEMO-DEV-8366,DEMO-8366,6,LOW,"",0,0
DEMO-DEV-8367,DEMO-8367,5,LOW,"",0,0
DEMO-DEV-8370,DEMO-8370,42,MEDIUM,Extended repair downtime; Repair cost high relative to purchase,1,8
DEMO-DEV-8371,DEMO-8371,0,LOW,"",0,0
DEMO-DEV-8372,DEMO-8372,24,LOW,Extended repair downtime,1,11
DEMO-DEV-8373,DEMO-8373,5,LOW,"",0,0
DEMO-DEV-8374,DEMO-8374,24,LOW,Repair cost high relative to purchase,0,4
DEMO-DEV-8375,DEMO-8375,25,LOW,Repair cost high relative to purchase,0,2
DEMO-DEV-8376,DEMO-8376,7,LOW,Older equipment,0,0
DEMO-DEV-8377,DEMO-8377,2,LOW,"",0,0
DEMO-DEV-8378,DEMO-8378,20,LOW,Extended repair downtime,0,9
DEMO-DEV-8379,DEMO-8379,82,HIGH,Frequent repairs in last 365 days; Extended repair downtime; Older equipment,6,101
DEMO-DEV-8380,DEMO-8380,2,LOW,"",0,0
DEMO-DEV-8381,DEMO-8381,27,LOW,Frequent repairs in last 365 days,2,1
DEMO-DEV-8382,DEMO-8382,38,LOW,Extended repair downtime; Repair cost high relative to purchase; Older equipment,0,11
DEMO-DEV-8384,DEMO-8384,80,HIGH,Frequent repairs in last 365 days; Extended repair downtime,5,68
DEMO-DEV-8386,DEMO-8386,89,HIGH,Frequent repairs in last 365 days; Extended repair downtime; Repair cost high relative to purchase; Older equipment,6,45
DEMO-DEV-8387,DEMO-8387,96,HIGH,Frequent repairs in last 365 days; Extended repair downtime; Repair cost high relative to purchase,8,91
DEMO-DEV-8388,DEMO-8388,81,HIGH,Frequent repairs in last 365 days; Extended repair downtime,4,58
DEMO-DEV-8392,DEMO-8392,10,LOW,Extended repair downtime,0,7
DEMO-DEV-8393,DEMO-8393,31,LOW,Extended repair downtime; Repair cost high relative to purchase,0,11
DEMO-DEV-8396,DEMO-8396,2,LOW,"",0,0
DEMO-DEV-8398,DEMO-8398,100,HIGH,Frequent repairs in last 365 days; Extended repair downtime; Repair cost high relative to purchase; Older equipment,5,67
DEMO-DEV-8399,DEMO-8399,5,LOW,"",0,0
DEMO-DEV-8400,DEMO-8400,29,LOW,Repair cost high relative to purchase,1,3
DEMO-DEV-8401,DEMO-8401,27,LOW,Repair cost high relative to purchase,0,0
DEMO-DEV-8402,DEMO-8402,7,LOW,"",0,0
DEMO-DEV-8403,DEMO-8403,80,HIGH,Frequent repairs in last 365 days; Extended repair downtime,8,74
DEMO-DEV-8404,DEMO-8404,13,LOW,Extended repair downtime,0,8
DEMO-DEV-8405,DEMO-8405,9,LOW,"",0,2
DEMO-DEV-8406,DEMO-8406,23,LOW,Older equipment,1,2
DEMO-DEV-8407,DEMO-8407,22,LOW,Older equipment,1,2
DEMO-DEV-8410,DEMO-8410,2,LOW,"",0,0
DEMO-DEV-8411,DEMO-8411,2,LOW,"",0,0
DEMO-DEV-8412,DEMO-8412,71,HIGH,Frequent repairs in last 365 days; Extended repair downtime,4,30
DEMO-DEV-8413,DEMO-8413,13,LOW,Extended repair downtime,0,7
DEMO-DEV-8414,DEMO-8414,27,LOW,Repair cost high relative to purchase,0,3
DEMO-DEV-8415,DEMO-8415,25,LOW,Extended repair downtime,1,10
DEMO-DEV-8416,DEMO-8416,15,LOW,Extended repair downtime,0,11
DEMO-DEV-8417,DEMO-8417,50,MEDIUM,Extended repair downtime; Repair cost high relative to purchase; Older equipment,1,12
DEMO-DEV-8418,DEMO-8418,9,LOW,Older equipment,0,0
DEMO-DEV-8419,DEMO-8419,11,LOW,Older equipment,0,0
DEMO-DEV-8420,DEMO-8420,7,LOW,"",0,6
DEMO-DEV-8421,DEMO-8421,26,LOW,Repair cost high relative to purchase,1,2
DEMO-DEV-8427,DEMO-8427,31,LOW,Extended repair downtime; Repair cost high relative to purchase,0,9
DEMO-DEV-8428,DEMO-8428,19,LOW,Extended repair downtime,0,9
DEMO-DEV-8429,DEMO-8429,8,LOW,"",0,4
DEMO-DEV-8430,DEMO-8430,22,LOW,Older equipment,1,3
DEMO-DEV-8431,DEMO-8431,4,LOW,"",0,0
DEMO-DEV-8432,DEMO-8432,4,LOW,"",0,0
DEMO-DEV-8433,DEMO-8433,8,LOW,Older equipment,0,0
DEMO-DEV-8434,DEMO-8434,23,LOW,Extended repair downtime,1,8
DEMO-DEV-8435,DEMO-8435,7,LOW,Older equipment,0,0
DEMO-DEV-8438,DEMO-8438,6,LOW,"",0,0
DEMO-DEV-8439,DEMO-8439,6,LOW,"",0,0
DEMO-DEV-8440,DEMO-8440,34,LOW,Extended repair downtime; Older equipment,1,10
DEMO-DEV-8441,DEMO-8441,29,LOW,Extended repair downtime; Older equipment,1,10
DEMO-DEV-8442,DEMO-8442,2,LOW,"",0,0
DEMO-DEV-8443,DEMO-8443,18,LOW,"",1,1
DEMO-DEV-8444,DEMO-8444,36,LOW,Extended repair downtime; Older equipment,1,8
DEMO-DEV-8445,DEMO-8445,15,LOW,"",0,2
DEMO-DEV-8446,DEMO-8446,6,LOW,"",0,4
DEMO-DEV-8447,DEMO-8447,9,LOW,Older equipment,0,0
DEMO-DEV-8449,DEMO-8449,5,LOW,"",0,0
DEMO-DEV-8451,DEMO-8451,90,HIGH,Frequent repairs in last 365 days; Extended repair downtime; Repair cost high relative to purchase,5,56
DEMO-DEV-8453,DEMO-8453,48,MEDIUM,Extended repair downtime; Older equipment,1,22
DEMO-DEV-8454,DEMO-8454,21,LOW,Repair cost high relative to purchase; Older equipment,0,0
DEMO-DEV-8455,DEMO-8455,2,LOW,"",0,1
DEMO-DEV-8456,DEMO-8456,25,LOW,Extended repair downtime; Older equipment,1,7
DEMO-DEV-8457,DEMO-8457,15,LOW,"",1,0
DEMO-DEV-8458,DEMO-8458,14,LOW,Extended repair downtime,0,11
DEMO-DEV-8459,DEMO-8459,3,LOW,"",0,2
DEMO-DEV-8460,DEMO-8460,2,LOW,"",0,0
DEMO-DEV-8461,DEMO-8461,7,LOW,"",0,0
DEMO-DEV-8462,DEMO-8462,43,MEDIUM,Repair cost high relative to purchase; Older equipment,1,5
DEMO-DEV-8465,DEMO-8465,17,LOW,"",1,4
DEMO-DEV-8466,DEMO-8466,4,LOW,"",0,0
DEMO-DEV-8467,DEMO-8467,4,LOW,"",0,0
DEMO-DEV-8468,DEMO-8468,40,MEDIUM,Extended repair downtime,1,16
DEMO-DEV-8469,DEMO-8469,3,LOW,"",0,0
DEMO-DEV-8470,DEMO-8470,39,LOW,Repair cost high relative to purchase,1,6
DEMO-DEV-8471,DEMO-8471,45,MEDIUM,Extended repair downtime; Repair cost high relative to purchase; Older equipment,1,7
DEMO-DEV-8473,DEMO-8473,78,HIGH,Frequent repairs in last 365 days; Extended repair downtime,6,69
DEMO-DEV-8474,DEMO-8474,85,HIGH,Frequent repairs in last 365 days; Extended repair downtime; Older equipment,4,36
DEMO-DEV-8475,DEMO-8475,19,LOW,Extended repair downtime; Older equipment,0,9
DEMO-DEV-8476,DEMO-8476,16,LOW,Extended repair downtime; Older equipment,0,7
DEMO-DEV-8478,DEMO-8478,29,LOW,Extended repair downtime,1,7
DEMO-DEV-8479,DEMO-8479,7,LOW,"",0,0
DEMO-DEV-8480,DEMO-8480,0,LOW,"",0,0
DEMO-DEV-8481,DEMO-8481,4,LOW,"",0,0
DEMO-DEV-8482,DEMO-8482,10,LOW,Older equipment,0,2
DEMO-DEV-8483,DEMO-8483,7,LOW,"",0,4
DEMO-DEV-8484,DEMO-8484,16,LOW,"",1,3
DEMO-DEV-8485,DEMO-8485,36,LOW,Extended repair downtime,1,12
DEMO-DEV-8486,DEMO-8486,60,MEDIUM,Frequent repairs in last 365 days; Extended repair downtime; Repair cost high relative to purchase,2,15
DEMO-DEV-8487,DEMO-8487,1,LOW,"",0,0
DEMO-DEV-8489,DEMO-8489,1,LOW,"",0,0
DEMO-DEV-8490,DEMO-8490,6,LOW,"",0,0
DEMO-DEV-8491,DEMO-8491,76,HIGH,Frequent repairs in last 365 days; Extended repair downtime,6,85
DEMO-DEV-8493,DEMO-8493,99,HIGH,Frequent repairs in last 365 days; Extended repair downtime; Repair cost high relative to purchase; Older equipment,7,97
DEMO-DEV-8495,DEMO-8495,37,LOW,Repair cost high relative to purchase; Older equipment,1,1
DEMO-DEV-8498,DEMO-8498,5,LOW,"",0,0
DEMO-DEV-8499,DEMO-8499,4,LOW,"",0,0
DEMO-DEV-8500,DEMO-8500,26,LOW,Older equipment,1,0
DEMO-DEV-8501,DEMO-8501,33,LOW,Extended repair downtime; Older equipment,1,14
DEMO-DEV-8502,DEMO-8502,7,LOW,"",0,0
DEMO-DEV-8503,DEMO-8503,16,LOW,"",1,5
DEMO-DEV-8504,DEMO-8504,96,HIGH,Frequent repairs in last 365 days; Extended repair downtime; Repair cost high relative to purchase,7,39
DEMO-DEV-8506,DEMO-8506,25,LOW,Extended repair downtime; Repair cost high relative to purchase,0,10
DEMO-DEV-8507,DEMO-8507,96,HIGH,Frequent repairs in last 365 days; Extended repair downtime; Repair cost high relative to purchase,6,95
DEMO-DEV-8509,DEMO-8509,21,LOW,Extended repair downtime; Older equipment,0,7
DEMO-DEV-8512,DEMO-8512,1,LOW,"",0,0
DEMO-DEV-8513,DEMO-8513,32,LOW,Extended repair downtime,1,14
DEMO-DEV-8514,DEMO-8514,2,LOW,"",0,0
DEMO-DEV-8515,DEMO-8515,9,LOW,"",0,4
DEMO-DEV-8516,DEMO-8516,14,LOW,"",0,2
DEMO-DEV-8517,DEMO-8517,5,LOW,"",0,0
DEMO-DEV-8519,DEMO-8519,22,LOW,Older equipment,0,3
DEMO-DEV-8520,DEMO-8520,18,LOW,Older equipment,1,0
DEMO-DEV-8522,DEMO-8522,40,MEDIUM,Repair cost high relative to purchase; Older equipment,1,3
DEMO-DEV-8524,DEMO-8524,96,HIGH,Frequent repairs in last 365 days; Extended repair downtime; Repair cost high relative to purchase,5,39
DEMO-DEV-8525,DEMO-8525,6,LOW,"",0,3
DEMO-DEV-8527,DEMO-8527,79,HIGH,Frequent repairs in last 365 days; Extended repair downtime,6,72
DEMO-DEV-8529,DEMO-8529,7,LOW,"",0,0
DEMO-DEV-8531,DEMO-8531,27,LOW,Extended repair downtime,0,22
DEMO-DEV-8533,DEMO-8533,17,LOW,Extended repair downtime; Older equipment,0,7
DEMO-DEV-8536,DEMO-8536,15,LOW,Extended repair downtime,0,10
DEMO-DEV-8537,DEMO-8537,6,LOW,"",0,0
DEMO-DEV-8538,DEMO-8538,6,LOW,"",0,0
DEMO-DEV-8539,DEMO-8539,5,LOW,"",0,0
DEMO-DEV-8540,DEMO-8540,7,LOW,Older equipment,0,0
DEMO-DEV-8541,DEMO-8541,91,HIGH,Frequent repairs in last 365 days; Extended repair downtime; Repair cost high relative to purchase,6,36
DEMO-DEV-8542,DEMO-8542,1,LOW,"",0,0
DEMO-DEV-8543,DEMO-8543,19,LOW,Extended repair downtime,1,8
DEMO-DEV-8544,DEMO-8544,42,MEDIUM,Extended repair downtime; Repair cost high relative to purchase,1,10
DEMO-DEV-8545,DEMO-8545,8,LOW,Older equipment,0,0
DEMO-DEV-8546,DEMO-8546,5,LOW,"",0,2
DEMO-DEV-8550,DEMO-8550,22,LOW,"",1,3
DEMO-DEV-8551,DEMO-8551,44,MEDIUM,Repair cost high relative to purchase; Older equipment,1,5
DEMO-DEV-8552,DEMO-8552,80,HIGH,Frequent repairs in last 365 days; Extended repair downtime,4,58
DEMO-DEV-8553,DEMO-8553,24,LOW,"",1,3
DEMO-DEV-8554,DEMO-8554,57,MEDIUM,Frequent repairs in last 365 days; Extended repair downtime; Older equipment,2,19
DEMO-DEV-8555,DEMO-8555,28,LOW,Extended repair downtime,1,10
DEMO-DEV-8556,DEMO-8556,32,LOW,Repair cost high relative to purchase,0,6
DEMO-DEV-8557,DEMO-8557,6,LOW,"",0,0
DEMO-DEV-8558,DEMO-8558,4,LOW,"",0,0
DEMO-DEV-8559,DEMO-8559,2,LOW,"",0,0
DEMO-DEV-8560,DEMO-8560,0,LOW,"",0,0
DEMO-DEV-8563,DEMO-8563,5,LOW,"",0,0
DEMO-DEV-8564,DEMO-8564,2,LOW,"",0,0
DEMO-DEV-8565,DEMO-8565,17,LOW,Extended repair downtime; Older equipment,0,8
DEMO-DEV-8566,DEMO-8566,9,LOW,Older equipment,0,0
DEMO-DEV-8567,DEMO-8567,14,LOW,Older equipment,0,5
DEMO-DEV-8568,DEMO-8568,7,LOW,"",0,0
DEMO-DEV-8569,DEMO-8569,38,LOW,Repair cost high relative to purchase,1,2
DEMO-DEV-8570,DEMO-8570,15,LOW,"",1,4
DEMO-DEV-8571,DEMO-8571,6,LOW,"",0,0
DEMO-DEV-8572,DEMO-8572,1,LOW,"",0,0
DEMO-DEV-8575,DEMO-8575,1,LOW,"",0,0
DEMO-DEV-8577,DEMO-8577,78,HIGH,Frequent repairs in last 365 days; Extended repair downtime,7,91
DEMO-DEV-8578,DEMO-8578,53,MEDIUM,Frequent repairs in last 365 days,5,5
DEMO-DEV-8579,DEMO-8579,2,LOW,"",0,0
DEMO-DEV-8580,DEMO-8580,9,LOW,Older equipment,0,0
DEMO-DEV-8581,DEMO-8581,42,MEDIUM,Extended repair downtime; Repair cost high relative to purchase; Older equipment,1,12
DEMO-DEV-8582,DEMO-8582,24,LOW,Repair cost high relative to purchase,0,5
DEMO-DEV-8583,DEMO-8583,9,LOW,Older equipment,0,0
DEMO-DEV-8584,DEMO-8584,15,LOW,Extended repair downtime,0,10
DEMO-DEV-8585,DEMO-8585,15,LOW,Older equipment,0,5
DEMO-DEV-8587,DEMO-8587,18,LOW,Extended repair downtime,0,12
DEMO-DEV-8588,DEMO-8588,9,LOW,Older equipment,0,0
DEMO-DEV-8591,DEMO-8591,8,LOW,"",0,2
DEMO-DEV-8594,DEMO-8594,0,LOW,"",0,0
DEMO-DEV-8596,DEMO-8596,14,LOW,Extended repair downtime,0,11
DEMO-DEV-8597,DEMO-8597,1,LOW,"",0,0
DEMO-DEV-8598,DEMO-8598,15,LOW,"",1,4
DEMO-DEV-8599,DEMO-8599,8,LOW,Older equipment,0,0
DEMO-DEV-8600,DEMO-8600,37,LOW,Repair cost high relative to purchase,1,0
DEMO-DEV-8601,DEMO-8601,19,LOW,Extended repair downtime,0,8
DEMO-DEV-8604,DEMO-8604,9,LOW,Older equipment,0,0
DEMO-DEV-8605,DEMO-8605,3,LOW,"",0,0
DEMO-DEV-8608,DEMO-8608,0,LOW,"",0,0
DEMO-DEV-8609,DEMO-8609,7,LOW,"",0,5
DEMO-DEV-8610,DEMO-8610,21,LOW,Repair cost high relative to purchase; Older equipment,0,1
DEMO-DEV-8612,DEMO-8612,29,LOW,Extended repair downtime; Older equipment,0,21
DEMO-DEV-8613,DEMO-8613,3,LOW,"",0,0
DEMO-DEV-8614,DEMO-8614,26,LOW,Extended repair downtime,1,14
DEMO-DEV-8615,DEMO-8615,1,LOW,"",0,0
DEMO-DEV-8617,DEMO-8617,3,LOW,"",0,0
DEMO-DEV-8621,DEMO-8621,12,LOW,"",1,0
DEMO-DEV-8622,DEMO-8622,21,LOW,Extended repair downtime,1,7
DEMO-DEV-8623,DEMO-8623,31,LOW,Extended repair downtime,1,14
DEMO-DEV-8624,DEMO-8624,28,LOW,Older equipment,1,2
DEMO-DEV-8625,DEMO-8625,89,HIGH,Frequent repairs in last 365 days; Extended repair downtime; Repair cost high relative to purchase,4,22
DEMO-DEV-8626,DEMO-8626,6,LOW,"",0,0
DEMO-DEV-8627,DEMO-8627,4,LOW,"",0,0
DEMO-DEV-8628,DEMO-8628,40,MEDIUM,Extended repair downtime; Repair cost high relative to purchase,1,9
DEMO-DEV-8630,DEMO-8630,96,HIGH,Frequent repairs in last 365 days; Extended repair downtime; Repair cost high relative to purchase,7,34
DEMO-DEV-8633,DEMO-8633,23,LOW,Repair cost high relative to purchase; Older equipment,0,3
DEMO-DEV-8636,DEMO-8636,10,LOW,Older equipment,0,0
DEMO-DEV-8637,DEMO-8637,99,HIGH,Frequent repairs in last 365 days; Extended repair downtime; Repair cost high relative to purchase; Older equipment,6,73
DEMO-DEV-8638,DEMO-8638,12,LOW,"",1,1
DEMO-DEV-8639,DEMO-8639,5,LOW,"",0,0
DEMO-DEV-8640,DEMO-8640,1,LOW,"",0,0
DEMO-DEV-8641,DEMO-8641,18,LOW,Extended repair downtime; Older equipment,0,8
DEMO-DEV-8642,DEMO-8642,5,LOW,"",0,0
DEMO-DEV-8645,DEMO-8645,51,MEDIUM,Extended repair downtime; Repair cost high relative to purchase; Older equipment,1,12
DEMO-DEV-8647,DEMO-8647,15,LOW,"",1,0
DEMO-DEV-8648,DEMO-8648,0,LOW,"",0,0
DEMO-DEV-8649,DEMO-8649,2,LOW,"",0,0
DEMO-DEV-8650,DEMO-8650,13,LOW,Older equipment,0,1
DEMO-DEV-8651,DEMO-8651,16,LOW,Extended repair downtime; Older equipment,0,7
DEMO-DEV-8652,DEMO-8652,22,LOW,Extended repair downtime; Older equipment,0,9
DEMO-DEV-8653,DEMO-8653,2,LOW,"",0,0
DEMO-DEV-8654,DEMO-8654,27,LOW,Extended repair downtime,1,10
DEMO-DEV-8655,DEMO-8655,1,LOW,"",0,0
DEMO-DEV-8656,DEMO-8656,75,HIGH,Frequent repairs in last 365 days; Extended repair downtime,4,54
DEMO-DEV-8660,DEMO-8660,5,LOW,"",0,0
DEMO-DEV-8661,DEMO-8661,39,LOW,Extended repair downtime; Repair cost high relative to purchase,1,12
DEMO-DEV-8662,DEMO-8662,25,LOW,Extended repair downtime,1,13
DEMO-DEV-8663,DEMO-8663,98,HIGH,Frequent repairs in last 365 days; Extended repair downtime; Repair cost high relative to purchase; Older equipment,8,121
DEMO-DEV-8664,DEMO-8664,21,LOW,Extended repair downtime,0,16
DEMO-DEV-8665,DEMO-8665,4,LOW,"",0,0
DEMO-DEV-8666,DEMO-8666,12,LOW,"",0,3
DEMO-DEV-8667,DEMO-8667,3,LOW,"",0,0
DEMO-DEV-8668,DEMO-8668,6,LOW,"",0,0
DEMO-DEV-8669,DEMO-8669,1,LOW,"",0,0
DEMO-DEV-8670,DEMO-8670,27,LOW,Extended repair downtime; Older equipment,1,9
DEMO-DEV-8672,DEMO-8672,1,LOW,"",0,0
DEMO-DEV-8673,DEMO-8673,93,HIGH,Frequent repairs in last 365 days; Extended repair downtime; Repair cost high relative to purchase,7,39
DEMO-DEV-8674,DEMO-8674,21,LOW,"",1,0
DEMO-DEV-8675,DEMO-8675,93,HIGH,Frequent repairs in last 365 days; Extended repair downtime; Repair cost high relative to purchase,4,52
DEMO-DEV-8676,DEMO-8676,25,LOW,"",1,6
DEMO-DEV-8677,DEMO-8677,10,LOW,Older equipment,0,0
DEMO-DEV-8678,DEMO-8678,28,LOW,Extended repair downtime,1,12
DEMO-DEV-8679,DEMO-8679,67,MEDIUM,Frequent repairs in last 365 days; Extended repair downtime; Repair cost high relative to purchase,2,22
DEMO-DEV-8680,DEMO-8680,17,LOW,"",1,0
DEMO-DEV-8681,DEMO-8681,23,LOW,Extended repair downtime,1,9
DEMO-DEV-8682,DEMO-8682,93,HIGH,Frequent repairs in last 365 days; Extended repair downtime; Repair cost high relative to purchase,7,29
DEMO-DEV-8683,DEMO-8683,14,LOW,"",1,1
DEMO-DEV-8685,DEMO-8685,5,LOW,"",0,0
DEMO-DEV-8686,DEMO-8686,20,LOW,"",1,4
DEMO-DEV-8687,DEMO-8687,82,HIGH,Frequent repairs in last 365 days; Extended repair downtime; Older equipment,6,70
DEMO-DEV-8688,DEMO-8688,24,LOW,Extended repair downtime,0,19
DEMO-DEV-8689,DEMO-8689,5,LOW,"",0,0
DEMO-DEV-8690,DEMO-8690,21,LOW,Extended repair downtime,1,10
DEMO-DEV-8691,DEMO-8691,15,LOW,Extended repair downtime,0,11
DEMO-DEV-8692,DEMO-8692,7,LOW,"",0,5
DEMO-DEV-8693,DEMO-8693,28,LOW,Extended repair downtime,1,11
DEMO-DEV-8694,DEMO-8694,2,LOW,"",0,0
DEMO-DEV-8695,DEMO-8695,27,LOW,Repair cost high relative to purchase,0,4
DEMO-DEV-8696,DEMO-8696,37,LOW,Extended repair downtime; Older equipment,1,11
DEMO-DEV-8697,DEMO-8697,39,LOW,Extended repair downtime; Older equipment,1,11
DEMO-DEV-8700,DEMO-8700,24,LOW,Extended repair downtime,1,9
DEMO-DEV-8701,DEMO-8701,17,LOW,"",1,3
DEMO-DEV-8702,DEMO-8702,16,LOW,"",1,2
DEMO-DEV-8703,DEMO-8703,16,LOW,Extended repair downtime,0,9
DEMO-DEV-8704,DEMO-8704,45,MEDIUM,Extended repair downtime; Repair cost high relative to purchase,0,20
DEMO-DEV-8705,DEMO-8705,9,LOW,Older equipment,0,0
DEMO-DEV-8706,DEMO-8706,8,LOW,Older equipment,0,0
DEMO-DEV-8707,DEMO-8707,4,LOW,"",0,0
DEMO-DEV-8708,DEMO-8708,10,LOW,Older equipment,0,0
DEMO-DEV-8709,DEMO-8709,3,LOW,"",0,0
DEMO-DEV-8710,DEMO-8710,6,LOW,"",0,0
DEMO-DEV-8711,DEMO-8711,5,LOW,"",0,0
DEMO-DEV-8712,DEMO-8712,18,LOW,Repair cost high relative to purchase,0,2
DEMO-DEV-8713,DEMO-8713,26,LOW,Extended repair downtime,1,9
DEMO-DEV-8714,DEMO-8714,11,LOW,Extended repair downtime,0,9
DEMO-DEV-8715,DEMO-8715,8,LOW,"",0,3
DEMO-DEV-8717,DEMO-8717,4,LOW,"",0,0
DEMO-DEV-8718,DEMO-8718,33,LOW,Repair cost high relative to purchase,1,3
DEMO-DEV-8719,DEMO-8719,98,HIGH,Frequent repairs in last 365 days; Extended repair downtime; Repair cost high relative to purchase; Older equipment,4,43
DEMO-DEV-8720,DEMO-8720,9,LOW,Older equipment,0,0
DEMO-DEV-8721,DEMO-8721,10,LOW,Older equipment,0,0
DEMO-DEV-8722,DEMO-8722,34,LOW,Extended repair downtime; Repair cost high relative to purchase,0,9
DEMO-DEV-8723,DEMO-8723,33,LOW,Extended repair downtime; Repair cost high relative to purchase,0,12
DEMO-DEV-8724,DEMO-8724,29,LOW,Extended repair downtime,1,16
DEMO-DEV-8725,DEMO-8725,3,LOW,"",0,0
DEMO-DEV-8729,DEMO-8729,47,MEDIUM,Frequent repairs in last 365 days; Repair cost high relative to purchase; Older equipment,2,0
DEMO-DEV-8730,DEMO-8730,93,HIGH,Frequent repairs in last 365 days; Extended repair downtime; Repair cost high relative to purchase,8,92
DEMO-DEV-8731,DEMO-8731,94,HIGH,Frequent repairs in last 365 days; Extended repair downtime; Repair cost high relative to purchase,5,50
DEMO-DEV-8732,DEMO-8732,87,HIGH,Frequent repairs in last 365 days; Extended repair downtime; Older equipment,5,55
DEMO-DEV-8734,DEMO-8734,8,LOW,Older equipment,0,0
DEMO-DEV-8735,DEMO-8735,34,LOW,Extended repair downtime; Repair cost high relative to purchase; Older equipment,0,11
DEMO-DEV-8736,DEMO-8736,78,HIGH,Frequent repairs in last 365 days; Extended repair downtime,6,51
DEMO-DEV-8737,DEMO-8737,74,HIGH,Frequent repairs in last 365 days; Extended repair downtime,7,37
DEMO-DEV-8738,DEMO-8738,39,LOW,Extended repair downtime; Older equipment,1,15
DEMO-DEV-8739,DEMO-8739,83,HIGH,Frequent repairs in last 365 days; Extended repair downtime; Older equipment,6,31
DEMO-DEV-8744,DEMO-8744,1,LOW,"",0,0
DEMO-DEV-8745,DEMO-8745,23,LOW,"",1,6
DEMO-DEV-8746,DEMO-8746,16,LOW,Older equipment,0,6
DEMO-DEV-8749,DEMO-8749,2,LOW,"",0,0
DEMO-DEV-8750,DEMO-8750,2,LOW,"",0,0
DEMO-DEV-8752,DEMO-8752,27,LOW,Extended repair downtime,1,10
DEMO-DEV-8753,DEMO-8753,8,LOW,Older equipment,0,0
DEMO-DEV-8754,DEMO-8754,5,LOW,"",0,0
DEMO-DEV-8758,DEMO-8758,25,LOW,Extended repair downtime,1,8
DEMO-DEV-8762,DEMO-8762,23,LOW,Extended repair downtime,1,11
DEMO-DEV-8763,DEMO-8763,51,MEDIUM,Extended repair downtime; Repair cost high relative to purchase; Older equipment,1,13
DEMO-DEV-8764,DEMO-8764,9,LOW,Extended repair downtime,0,7
DEMO-DEV-8766,DEMO-8766,15,LOW,Extended repair downtime,0,11
DEMO-DEV-8768,DEMO-8768,4,LOW,"",0,0
DEMO-DEV-8769,DEMO-8769,17,LOW,Extended repair downtime,0,14
DEMO-DEV-8770,DEMO-8770,4,LOW,"",0,0
DEMO-DEV-8771,DEMO-8771,2,LOW,"",0,0
DEMO-DEV-8772,DEMO-8772,77,HIGH,Frequent repairs in last 365 days; Extended repair downtime,4,30
DEMO-DEV-8773,DEMO-8773,96,HIGH,Frequent repairs in last 365 days; Extended repair downtime; Repair cost high relative to purchase; Older equipment,5,46
DEMO-DEV-8774,DEMO-8774,2,LOW,"",0,0
DEMO-DEV-8775,DEMO-8775,8,LOW,Older equipment,0,0
DEMO-DEV-8776,DEMO-8776,38,LOW,Extended repair downtime,1,22
DEMO-DEV-8777,DEMO-8777,19,LOW,Extended repair downtime,1,8
DEMO-DEV-8778,DEMO-8778,21,LOW,Extended repair downtime,0,10
DEMO-DEV-8779,DEMO-8779,20,LOW,"",1,5
DEMO-DEV-8780,DEMO-8780,10,LOW,Older equipment,0,0
DEMO-DEV-8781,DEMO-8781,7,LOW,"",0,4
DEMO-DEV-8786,DEMO-8786,13,LOW,Older equipment,0,0
DEMO-DEV-8787,DEMO-8787,5,LOW,"",0,0
DEMO-DEV-8788,DEMO-8788,5,LOW,"",0,0
DEMO-DEV-8789,DEMO-8789,5,LOW,"",0,0
DEMO-DEV-8790,DEMO-8790,2,LOW,"",0,0
DEMO-DEV-8791,DEMO-8791,2,LOW,"",0,0
DEMO-DEV-8792,DEMO-8792,28,LOW,Extended repair downtime,1,14
DEMO-DEV-8793,DEMO-8793,21,LOW,Repair cost high relative to purchase,0,4
DEMO-DEV-8794,DEMO-8794,24,LOW,Repair cost high relative to purchase,0,0
DEMO-DEV-8797,DEMO-8797,4,LOW,"",0,0
DEMO-DEV-8798,DEMO-8798,7,LOW,"",0,0
DEMO-DEV-8799,DEMO-8799,36,LOW,Extended repair downtime,1,20
DEMO-DEV-8800,DEMO-8800,7,LOW,Older equipment,0,0
DEMO-DEV-8801,DEMO-8801,4,LOW,"",0,0
DEMO-DEV-8802,DEMO-8802,98,HIGH,Frequent repairs in last 365 days; Extended repair downtime; Repair cost high relative to purchase; Older equipment,8,96
DEMO-DEV-8803,DEMO-8803,2,LOW,"",0,0
DEMO-DEV-8804,DEMO-8804,5,LOW,"",0,0
DEMO-DEV-8805,DEMO-8805,7,LOW,Older equipment,0,0
DEMO-DEV-8806,DEMO-8806,22,LOW,Extended repair downtime,0,17
DEMO-DEV-8807,DEMO-8807,20,LOW,Extended repair downtime,0,18
DEMO-DEV-8808,DEMO-8808,21,LOW,"",1,0
DEMO-DEV-8809,DEMO-8809,5,LOW,"",0,0
DEMO-DEV-8810,DEMO-8810,4,LOW,"",0,0
DEMO-DEV-8815,DEMO-8815,22,LOW,Repair cost high relative to purchase,0,0
DEMO-DEV-8816,DEMO-8816,33,LOW,Repair cost high relative to purchase; Older equipment,1,0
DEMO-DEV-8817,DEMO-8817,31,LOW,Extended repair downtime,1,9
DEMO-DEV-8818,DEMO-8818,3,LOW,"",0,0
DEMO-DEV-8819,DEMO-8819,27,LOW,Extended repair downtime; Older equipment,1,8
DEMO-DEV-8820,DEMO-8820,7,LOW,"",0,0
DEMO-DEV-8821,DEMO-8821,5,LOW,"",0,0
DEMO-DEV-8822,DEMO-8822,11,LOW,"",0,4
DEMO-DEV-8823,DEMO-8823,2,LOW,"",0,0
DEMO-DEV-8825,DEMO-8825,29,LOW,Extended repair downtime,1,8
DEMO-DEV-8826,DEMO-8826,40,MEDIUM,Extended repair downtime; Repair cost high relative to purchase,1,9
DEMO-DEV-8827,DEMO-8827,3,LOW,"",0,0
DEMO-DEV-8828,DEMO-8828,9,LOW,Older equipment,0,0
DEMO-DEV-8829,DEMO-8829,9,LOW,Older equipment,0,0
DEMO-DEV-8830,DEMO-8830,33,LOW,Extended repair downtime,1,18
DEMO-DEV-8831,DEMO-8831,3,LOW,"",0,0
DEMO-DEV-8832,DEMO-8832,24,LOW,Extended repair downtime,0,13
DEMO-DEV-8833,DEMO-8833,6,LOW,"",0,0
DEMO-DEV-8834,DEMO-8834,23,LOW,Extended repair downtime,0,10
DEMO-DEV-8835,DEMO-8835,16,LOW,Older equipment,0,6
DEMO-DEV-8836,DEMO-8836,6,LOW,"",0,0
DEMO-DEV-8838,DEMO-8838,6,LOW,"",0,0
DEMO-DEV-8841,DEMO-8841,0,LOW,"",0,0
DEMO-DEV-8843,DEMO-8843,26,LOW,Repair cost high relative to purchase,0,2
DEMO-DEV-8844,DEMO-8844,24,LOW,Older equipment,1,2
DEMO-DEV-8845,DEMO-8845,3,LOW,"",0,0
DEMO-DEV-8846,DEMO-8846,99,HIGH,Frequent repairs in last 365 days; Extended repair downtime; Repair cost high relative to purchase; Older equipment,5,37
DEMO-DEV-8847,DEMO-8847,9,LOW,Older equipment,0,0
DEMO-DEV-8848,DEMO-8848,7,LOW,"",0,0
DEMO-DEV-8850,DEMO-8850,6,LOW,"",0,3
DEMO-DEV-8853,DEMO-8853,7,LOW,Older equipment,0,0
DEMO-DEV-8854,DEMO-8854,11,LOW,Older equipment,0,3
DEMO-DEV-8855,DEMO-8855,27,LOW,Extended repair downtime,1,9
DEMO-DEV-8856,DEMO-8856,12,LOW,Extended repair downtime,0,8
DEMO-DEV-8857,DEMO-8857,91,HIGH,Frequent repairs in last 365 days; Extended repair downtime; Repair cost high relative to purchase,6,95
DEMO-DEV-8858,DEMO-8858,8,LOW,Older equipment,0,0
DEMO-DEV-8859,DEMO-8859,3,LOW,"",0,0
DEMO-DEV-8860,DEMO-8860,7,LOW,Older equipment,0,0
DEMO-DEV-8861,DEMO-8861,28,LOW,Extended repair downtime; Older equipment,1,9
DEMO-DEV-8862,DEMO-8862,9,LOW,"",0,4
DEMO-DEV-8863,DEMO-8863,36,LOW,Repair cost high relative to purchase; Older equipment,1,2
DEMO-DEV-8864,DEMO-8864,8,LOW,Older equipment,0,0
DEMO-DEV-8866,DEMO-8866,6,LOW,"",0,0
DEMO-DEV-8867,DEMO-8867,6,LOW,"",0,0
DEMO-DEV-8868,DEMO-8868,2,LOW,"",0,0
DEMO-DEV-8869,DEMO-8869,8,LOW,Older equipment,0,0
DEMO-DEV-8870,DEMO-8870,11,LOW,"",0,4
DEMO-DEV-8871,DEMO-8871,2,LOW,"",0,0
DEMO-DEV-8872,DEMO-8872,9,LOW,Extended repair downtime,0,7
DEMO-DEV-8873,DEMO-8873,43,MEDIUM,Repair cost high relative to purchase; Older equipment,1,5
DEMO-DEV-8874,DEMO-8874,16,LOW,Repair cost high relative to purchase,0,5
DEMO-DEV-8875,DEMO-8875,6,LOW,"",0,0
DEMO-DEV-8876,DEMO-8876,29,LOW,Extended repair downtime; Older equipment,0,20
DEMO-DEV-8877,DEMO-8877,5,LOW,"",0,0
DEMO-DEV-8878,DEMO-8878,1,LOW,"",0,0
DEMO-DEV-8879,DEMO-8879,12,LOW,Extended repair downtime,0,7
DEMO-DEV-8880,DEMO-8880,23,LOW,Extended repair downtime; Older equipment,0,15
DEMO-DEV-8881,DEMO-8881,1,LOW,"",0,0
DEMO-DEV-8882,DEMO-8882,34,LOW,Repair cost high relative to purchase,1,3
DEMO-DEV-8883,DEMO-8883,7,LOW,"",0,0
DEMO-DEV-8884,DEMO-8884,9,LOW,Older equipment,0,0
DEMO-DEV-8885,DEMO-8885,4,LOW,"",0,0
DEMO-DEV-8886,DEMO-8886,0,LOW,"",0,0
DEMO-DEV-8887,DEMO-8887,14,LOW,Extended repair downtime,0,9
DEMO-DEV-8888,DEMO-8888,28,LOW,Frequent repairs in last 365 days,2,0
DEMO-DEV-8889,DEMO-8889,50,MEDIUM,Extended repair downtime; Repair cost high relative to purchase; Older equipment,1,10
DEMO-DEV-8890,DEMO-8890,11,LOW,"",0,5
DEMO-DEV-8891,DEMO-8891,7,LOW,"",0,3
DEMO-DEV-8892,DEMO-8892,36,LOW,Repair cost high relative to purchase; Older equipment,1,1
DEMO-DEV-8893,DEMO-8893,25,LOW,Extended repair downtime,1,7
DEMO-DEV-8896,DEMO-8896,26,LOW,Extended repair downtime,1,10
DEMO-DEV-8897,DEMO-8897,2,LOW,"",0,0
DEMO-DEV-8898,DEMO-8898,3,LOW,"",0,0
DEMO-DEV-8899,DEMO-8899,4,LOW,"",0,0
DEMO-DEV-8900,DEMO-8900,30,LOW,Extended repair downtime,1,15
DEMO-DEV-8901,DEMO-8901,4,LOW,"",0,0
DEMO-DEV-8902,DEMO-8902,59,MEDIUM,Frequent repairs in last 365 days; Extended repair downtime; Repair cost high relative to purchase; Older equipment,2,11
DEMO-DEV-8903,DEMO-8903,39,LOW,Extended repair downtime; Repair cost high relative to purchase,1,8
DEMO-DEV-8904,DEMO-8904,10,LOW,"",0,4
DEMO-DEV-8905,DEMO-8905,85,HIGH,Frequent repairs in last 365 days; Extended repair downtime,8,56
DEMO-DEV-8909,DEMO-8909,28,LOW,Extended repair downtime; Repair cost high relative to purchase,0,9
DEMO-DEV-8910,DEMO-8910,21,LOW,Older equipment,1,1
DEMO-DEV-8911,DEMO-8911,2,LOW,"",0,0
DEMO-DEV-8912,DEMO-8912,1,LOW,"",0,0
DEMO-DEV-8913,DEMO-8913,4,LOW,"",0,0
DEMO-DEV-8914,DEMO-8914,13,LOW,Older equipment,0,4
DEMO-DEV-8915,DEMO-8915,23,LOW,Repair cost high relative to purchase; Older equipment,0,4
DEMO-DEV-8916,DEMO-8916,2,LOW,"",0,0
DEMO-DEV-8917,DEMO-8917,21,LOW,Extended repair downtime,0,12
DEMO-DEV-8918,DEMO-8918,7,LOW,"",0,0
DEMO-DEV-8919,DEMO-8919,9,LOW,Older equipment,0,0
DEMO-DEV-8923,DEMO-8923,30,LOW,Extended repair downtime,0,15
DEMO-DEV-8925,DEMO-8925,16,LOW,Extended repair downtime,0,12
DEMO-DEV-8926,DEMO-8926,6,LOW,"",0,0
DEMO-DEV-8927,DEMO-8927,2,LOW,"",0,0
DEMO-DEV-8928,DEMO-8928,75,HIGH,Frequent repairs in last 365 days; Extended repair downtime,4,60
DEMO-DEV-8929,DEMO-8929,1,LOW,"",0,0
DEMO-DEV-8930,DEMO-8930,38,LOW,Repair cost high relative to purchase,1,6
DEMO-DEV-8931,DEMO-8931,9,LOW,Older equipment,0,0
DEMO-DEV-8932,DEMO-8932,23,LOW,Repair cost high relative to purchase; Older equipment,0,3
DEMO-DEV-8933,DEMO-8933,27,LOW,Older equipment,1,4
DEMO-DEV-8935,DEMO-8935,4,LOW,"",0,0
DEMO-DEV-8937,DEMO-8937,10,LOW,Older equipment,0,0
DEMO-DEV-8938,DEMO-8938,9,LOW,Older equipment,0,0
DEMO-DEV-8939,DEMO-8939,29,LOW,Extended repair downtime; Older equipment,1,11
DEMO-DEV-8940,DEMO-8940,28,LOW,Extended repair downtime; Repair cost high relative to purchase,0,10
DEMO-DEV-8941,DEMO-8941,96,HIGH,Frequent repairs in last 365 days; Extended repair downtime; Repair cost high relative to purchase,8,59
DEMO-DEV-8942,DEMO-8942,7,LOW,Older equipment,0,0
DEMO-DEV-8943,DEMO-8943,96,HIGH,Frequent repairs in last 365 days; Extended repair downtime; Repair cost high relative to purchase,7,51
DEMO-DEV-8944,DEMO-8944,23,LOW,Extended repair downtime,1,11
DEMO-DEV-8945,DEMO-8945,7,LOW,"",0,4
DEMO-DEV-8946,DEMO-8946,74,HIGH,Frequent repairs in last 365 days; Extended repair downtime,5,81
DEMO-DEV-8947,DEMO-8947,5,LOW,"",0,0
DEMO-DEV-8948,DEMO-8948,76,HIGH,Frequent repairs in last 365 days; Extended repair downtime,6,71
DEMO-DEV-8950,DEMO-8950,76,HIGH,Frequent repairs in last 365 days; Extended repair downtime,4,31
DEMO-DEV-8951,DEMO-8951,79,HIGH,Frequent repairs in last 365 days; Extended repair downtime,4,37
DEMO-DEV-8955,DEMO-8955,11,LOW,"",0,3
DEMO-DEV-8956,DEMO-8956,15,LOW,Older equipment,0,4
DEMO-DEV-8957,DEMO-8957,35,LOW,Extended repair downtime; Repair cost high relative to purchase,0,12
DEMO-DEV-8958,DEMO-8958,10,LOW,"",0,3
DEMO-DEV-8959,DEMO-8959,3,LOW,"",0,0
DEMO-DEV-8960,DEMO-8960,92,HIGH,Frequent repairs in last 365 days; Extended repair downtime; Repair cost high relative to purchase,7,46
DEMO-DEV-8961,DEMO-8961,0,LOW,"",0,0
DEMO-DEV-8962,DEMO-8962,25,LOW,Repair cost high relative to purchase,0,0
DEMO-DEV-8963,DEMO-8963,13,LOW,"",0,0
DEMO-DEV-8964,DEMO-8964,7,LOW,Older equipment,0,0
DEMO-DEV-8965,DEMO-8965,31,LOW,Repair cost high relative to purchase,1,6
DEMO-DEV-8966,DEMO-8966,34,LOW,Frequent repairs in last 365 days; Extended repair downtime,2,8
DEMO-DEV-8967,DEMO-8967,27,LOW,Extended repair downtime,1,11
DEMO-DEV-8968,DEMO-8968,5,LOW,"",0,0
DEMO-DEV-8969,DEMO-8969,29,LOW,Extended repair downtime,1,8
DEMO-DEV-8970,DEMO-8970,18,LOW,Extended repair downtime,0,12
DEMO-DEV-8971,DEMO-8971,2,LOW,"",0,0
DEMO-DEV-8972,DEMO-8972,2,LOW,"",0,0
DEMO-DEV-8973,DEMO-8973,27,LOW,Repair cost high relative to purchase; Older equipment,0,5
DEMO-DEV-8974,DEMO-8974,9,LOW,Older equipment,0,1
DEMO-DEV-8975,DEMO-8975,33,LOW,Extended repair downtime; Repair cost high relative to purchase,0,10
DEMO-DEV-8976,DEMO-8976,0,LOW,"",0,0
DEMO-DEV-8977,DEMO-8977,7,LOW,"",0,0
DEMO-DEV-8978,DEMO-8978,10,LOW,Extended repair downtime,0,7
DEMO-DEV-8979,DEMO-8979,77,HIGH,Frequent repairs in last 365 days; Extended repair downtime,4,34
DEMO-DEV-8980,DEMO-8980,7,LOW,"",0,5
DEMO-DEV-8981,DEMO-8981,19,LOW,Older equipment,1,0
DEMO-DEV-8982,DEMO-8982,6,LOW,"",0,3
DEMO-DEV-8983,DEMO-8983,10,LOW,Older equipment,0,0
DEMO-DEV-8984,DEMO-8984,2,LOW,"",0,0
DEMO-DEV-8985,DEMO-8985,27,LOW,Older equipment,1,4
DEMO-DEV-8986,DEMO-8986,6,LOW,"",0,0
DEMO-DEV-8987,DEMO-8987,52,MEDIUM,Extended repair downtime; Repair cost high relative to purchase,1,19
DEMO-DEV-8988,DEMO-8988,24,LOW,Repair cost high relative to purchase,0,2
DEMO-DEV-8989,DEMO-8989,95,HIGH,Frequent repairs in last 365 days; Extended repair downtime; Repair cost high relative to purchase,8,108
DEMO-DEV-8992,DEMO-8992,11,LOW,"",0,4
DEMO-DEV-8993,DEMO-8993,34,LOW,Extended repair downtime,1,13
DEMO-DEV-8994,DEMO-8994,33,LOW,Repair cost high relative to purchase; Older equipment,1,0
DEMO-DEV-8995,DEMO-8995,21,LOW,"",1,6
DEMO-DEV-8996,DEMO-8996,30,LOW,Repair cost high relative to purchase; Older equipment,0,1
DEMO-DEV-8997,DEMO-8997,30,LOW,Repair cost high relative to purchase,0,5
DEMO-DEV-8998,DEMO-8998,25,LOW,Older equipment,1,5
DEMO-DEV-8999,DEMO-8999,14,LOW,Extended repair downtime,0,10
DEMO-DEV-9000,DEMO-9000,7,LOW,"",0,0
DEMO-DEV-9001,DEMO-9001,5,LOW,"",0,2
DEMO-DEV-9002,DEMO-9002,24,LOW,Older equipment,1,3
DEMO-DEV-9003,DEMO-9003,2,LOW,"",0,0
DEMO-DEV-9004,DEMO-9004,14,LOW,"",1,1
DEMO-DEV-9007,DEMO-9007,58,MEDIUM,Frequent repairs in last 365 days; Extended repair downtime; Repair cost high relative to purchase,2,16
DEMO-DEV-9008,DEMO-9008,6,LOW,"",0,0
DEMO-DEV-9009,DEMO-9009,5,LOW,"",0,0
DEMO-DEV-9010,DEMO-9010,1,LOW,"",0,0
DEMO-DEV-9011,DEMO-9011,9,LOW,Older equipment,0,0
DEMO-DEV-9012,DEMO-9012,9,LOW,Older equipment,0,0
DEMO-DEV-9013,DEMO-9013,10,LOW,"",0,0
DEMO-DEV-9014,DEMO-9014,4,LOW,"",0,0
DEMO-DEV-9015,DEMO-9015,28,LOW,Extended repair downtime,1,13
DEMO-DEV-9016,DEMO-9016,84,HIGH,Frequent repairs in last 365 days; Extended repair downtime; Older equipment,6,80
DEMO-DEV-9018,DEMO-9018,26,LOW,"",1,5
DEMO-DEV-9019,DEMO-9019,30,LOW,Repair cost high relative to purchase,0,5
DEMO-DEV-9020,DEMO-9020,27,LOW,Extended repair downtime,1,8
DEMO-DEV-9021,DEMO-9021,49,MEDIUM,Frequent repairs in last 365 days; Extended repair downtime; Older equipment,2,21
DEMO-DEV-9022,DEMO-9022,36,LOW,Extended repair downtime; Repair cost high relative to purchase,0,11
DEMO-DEV-9023,DEMO-9023,43,MEDIUM,Extended repair downtime; Repair cost high relative to purchase,1,12
DEMO-DEV-9024,DEMO-9024,21,LOW,Repair cost high relative to purchase,0,1
DEMO-DEV-9025,DEMO-9025,29,LOW,Extended repair downtime,1,8
DEMO-DEV-9026,DEMO-9026,8,LOW,"",0,0
DEMO-DEV-9027,DEMO-9027,6,LOW,"",0,0
DEMO-DEV-9028,DEMO-9028,54,MEDIUM,Extended repair downtime; Repair cost high relative to purchase; Older equipment,1,16
DEMO-DEV-9029,DEMO-9029,21,LOW,"",1,2
DEMO-DEV-9030,DEMO-9030,10,LOW,"",0,0
DEMO-DEV-9031,DEMO-9031,93,HIGH,Frequent repairs in last 365 days; Extended repair downtime; Repair cost high relative to purchase,8,79
DEMO-DEV-9034,DEMO-9034,0,LOW,"",0,0
DEMO-DEV-9035,DEMO-9035,17,LOW,Repair cost high relative to purchase,0,4
DEMO-DEV-9036,DEMO-9036,2,LOW,"",0,0
DEMO-DEV-9037,DEMO-9037,56,MEDIUM,Frequent repairs in last 365 days; Extended repair downtime; Repair cost high relative to purchase; Older equipment,2,7
DEMO-DEV-9038,DEMO-9038,32,LOW,Extended repair downtime,0,22
DEMO-DEV-9039,DEMO-9039,30,LOW,Extended repair downtime; Repair cost high relative to purchase,0,8
DEMO-DEV-9040,DEMO-9040,29,LOW,Repair cost high relative to purchase; Older equipment,0,0
DEMO-DEV-9041,DEMO-9041,8,LOW,Older equipment,0,0
DEMO-DEV-9042,DEMO-9042,9,LOW,"",0,4
DEMO-DEV-9043,DEMO-9043,27,LOW,Extended repair downtime; Older equipment,0,10
DEMO-DEV-9044,DEMO-9044,5,LOW,"",0,0
DEMO-DEV-9045,DEMO-9045,1,LOW,"",0,0
DEMO-DEV-9048,DEMO-9048,26,LOW,Repair cost high relative to purchase,0,6
DEMO-DEV-9049,DEMO-9049,37,LOW,Extended repair downtime; Repair cost high relative to purchase,1,10
DEMO-DEV-9050,DEMO-9050,14,LOW,Extended repair downtime,0,8
DEMO-DEV-9052,DEMO-9052,3,LOW,"",0,0
DEMO-DEV-9053,DEMO-9053,3,LOW,"",0,0
DEMO-DEV-9054,DEMO-9054,19,LOW,"",1,3
DEMO-DEV-9055,DEMO-9055,1,LOW,"",0,0
DEMO-DEV-9056,DEMO-9056,12,LOW,Extended repair downtime,0,11
DEMO-DEV-9057,DEMO-9057,27,LOW,Extended repair downtime,1,9
DEMO-DEV-9060,DEMO-9060,9,LOW,Older equipment,0,0
DEMO-DEV-9061,DEMO-9061,0,LOW,"",0,0
DEMO-DEV-9063,DEMO-9063,7,LOW,"",0,0
DEMO-DEV-9064,DEMO-9064,93,HIGH,Frequent repairs in last 365 days; Extended repair downtime; Repair cost high relative to purchase,8,95
DEMO-DEV-9065,DEMO-9065,19,LOW,Extended repair downtime,0,10
DEMO-DEV-9066,DEMO-9066,2,LOW,"",0,0
DEMO-DEV-9067,DEMO-9067,7,LOW,"",0,1
DEMO-DEV-9069,DEMO-9069,9,LOW,Older equipment,0,0
DEMO-DEV-9071,DEMO-9071,26,LOW,Extended repair downtime,1,11
DEMO-DEV-9075,DEMO-9075,7,LOW,Older equipment,0,0
DEMO-DEV-9076,DEMO-9076,76,HIGH,Frequent repairs in last 365 days; Extended repair downtime,8,56
DEMO-DEV-9077,DEMO-9077,90,HIGH,Frequent repairs in last 365 days; Extended repair downtime; Repair cost high relative to purchase; Older equipment,8,53
DEMO-DEV-9078,DEMO-9078,6,LOW,"",0,0
DEMO-DEV-9079,DEMO-9079,7,LOW,Extended repair downtime,0,7
DEMO-DEV-9080,DEMO-9080,4,LOW,"",0,0
DEMO-DEV-9081,DEMO-9081,2,LOW,"",0,0
DEMO-DEV-9082,DEMO-9082,16,LOW,Extended repair downtime,0,9
DEMO-DEV-9083,DEMO-9083,30,LOW,Extended repair downtime,1,13
DEMO-DEV-9084,DEMO-9084,0,LOW,"",0,0
DEMO-DEV-9085,DEMO-9085,19,LOW,Extended repair downtime,0,15
DEMO-DEV-9087,DEMO-9087,21,LOW,Extended repair downtime,0,11
DEMO-DEV-9090,DEMO-9090,24,LOW,Repair cost high relative to purchase,1,0
DEMO-DEV-9091,DEMO-9091,23,LOW,Older equipment,1,3
DEMO-DEV-9092,DEMO-9092,75,HIGH,Frequent repairs in last 365 days; Extended repair downtime,5,46
DEMO-DEV-9093,DEMO-9093,37,LOW,Frequent repairs in last 365 days,2,6
DEMO-DEV-9094,DEMO-9094,18,LOW,"",1,1
DEMO-DEV-9095,DEMO-9095,36,LOW,Frequent repairs in last 365 days; Extended repair downtime,2,13
DEMO-DEV-9096,DEMO-9096,10,LOW,"",0,0
DEMO-DEV-9097,DEMO-9097,36,LOW,Extended repair downtime; Repair cost high relative to purchase; Older equipment,0,7
DEMO-DEV-9098,DEMO-9098,94,HIGH,Frequent repairs in last 365 days; Extended repair downtime; Repair cost high relative to purchase,8,74
DEMO-DEV-9100,DEMO-9100,30,LOW,Extended repair downtime; Older equipment,1,9
DEMO-DEV-9102,DEMO-9102,15,LOW,"",1,2
DEMO-DEV-9103,DEMO-9103,3,LOW,"",0,0
DEMO-DEV-9104,DEMO-9104,9,LOW,Older equipment,0,0
DEMO-DEV-9105,DEMO-9105,17,LOW,"",1,1
DEMO-DEV-9106,DEMO-9106,7,LOW,"",0,0
DEMO-DEV-9107,DEMO-9107,40,MEDIUM,Frequent repairs in last 365 days; Extended repair downtime,2,13
DEMO-DEV-9108,DEMO-9108,4,LOW,"",0,0
DEMO-DEV-9109,DEMO-9109,45,MEDIUM,Frequent repairs in last 365 days; Extended repair downtime; Repair cost high relative to purchase,2,7
DEMO-DEV-9110,DEMO-9110,43,MEDIUM,Extended repair downtime; Repair cost high relative to purchase,1,12
DEMO-DEV-9111,DEMO-9111,20,LOW,"",1,2
DEMO-DEV-9112,DEMO-9112,0,LOW,"",0,0
DEMO-DEV-9114,DEMO-9114,14,LOW,"",0,3
DEMO-DEV-9115,DEMO-9115,15,LOW,"",0,5
DEMO-DEV-9119,DEMO-9119,14,LOW,Extended repair downtime,0,8
DEMO-DEV-9120,DEMO-9120,5,LOW,"",0,0
DEMO-DEV-9121,DEMO-9121,41,MEDIUM,Extended repair downtime; Repair cost high relative to purchase; Older equipment,0,19
DEMO-DEV-9122,DEMO-9122,19,LOW,Extended repair downtime,0,13
DEMO-DEV-9123,DEMO-9123,12,LOW,"",0,5
DEMO-DEV-9124,DEMO-9124,9,LOW,Older equipment,0,0
DEMO-DEV-9125,DEMO-9125,21,LOW,Older equipment,1,1
DEMO-DEV-9126,DEMO-9126,6,LOW,"",0,0
DEMO-DEV-9130,DEMO-9130,26,LOW,Repair cost high relative to purchase,0,0
DEMO-DEV-9131,DEMO-9131,4,LOW,"",0,0
DEMO-DEV-9133,DEMO-9133,12,LOW,Older equipment,0,0
DEMO-DEV-9134,DEMO-9134,2,LOW,"",0,0
DEMO-DEV-9135,DEMO-9135,6,LOW,"",0,0
DEMO-DEV-9136,DEMO-9136,30,LOW,Extended repair downtime; Older equipment,1,8
DEMO-DEV-9138,DEMO-9138,84,HIGH,Frequent repairs in last 365 days; Extended repair downtime; Repair cost high relative to purchase,7,70
DEMO-DEV-9139,DEMO-9139,25,LOW,Extended repair downtime,1,8
DEMO-DEV-9140,DEMO-9140,7,LOW,"",0,0
DEMO-DEV-9142,DEMO-9142,1,LOW,"",0,0
DEMO-DEV-9145,DEMO-9145,38,LOW,Frequent repairs in last 365 days; Extended repair downtime,2,14
DEMO-DEV-9146,DEMO-9146,5,LOW,"",0,0
DEMO-DEV-9147,DEMO-9147,42,MEDIUM,Extended repair downtime; Repair cost high relative to purchase,1,12
DEMO-DEV-9148,DEMO-9148,12,LOW,"",1,0
DEMO-DEV-9149,DEMO-9149,22,LOW,Extended repair downtime,1,9
DEMO-DEV-9150,DEMO-9150,9,LOW,Older equipment,0,0
DEMO-DEV-9151,DEMO-9151,22,LOW,"",1,6
DEMO-DEV-9152,DEMO-9152,79,HIGH,Frequent repairs in last 365 days; Extended repair downtime,8,126
DEMO-DEV-9153,DEMO-9153,28,LOW,Extended repair downtime,1,11
DEMO-DEV-9154,DEMO-9154,50,MEDIUM,Extended repair downtime; Repair cost high relative to purchase,1,14
DEMO-DEV-9156,DEMO-9156,2,LOW,"",0,0
DEMO-DEV-9157,DEMO-9157,3,LOW,"",0,0
DEMO-DEV-9158,DEMO-9158,9,LOW,"",0,5
DEMO-DEV-9159,DEMO-9159,4,LOW,"",0,0
DEMO-DEV-9161,DEMO-9161,86,HIGH,Frequent repairs in last 365 days; Extended repair downtime; Older equipment,6,102
DEMO-DEV-9162,DEMO-9162,37,LOW,Frequent repairs in last 365 days; Extended repair downtime; Older equipment,2,8
DEMO-DEV-9164,DEMO-9164,22,LOW,Extended repair downtime,0,15
DEMO-DEV-9165,DEMO-9165,5,LOW,"",0,0
DEMO-DEV-9166,DEMO-9166,3,LOW,"",0,0
DEMO-DEV-9167,DEMO-9167,5,LOW,"",0,0
DEMO-DEV-9169,DEMO-9169,15,LOW,"",1,1
DEMO-DEV-9170,DEMO-9170,3,LOW,"",0,1
DEMO-DEV-9171,DEMO-9171,49,MEDIUM,Frequent repairs in last 365 days; Extended repair downtime; Repair cost high relative to purchase,2,8
DEMO-DEV-9172,DEMO-9172,3,LOW,"",0,0
DEMO-DEV-9173,DEMO-9173,18,LOW,Extended repair downtime,0,12
DEMO-DEV-9174,DEMO-9174,1,LOW,"",0,0
DEMO-DEV-9175,DEMO-9175,10,LOW,Older equipment,0,0
DEMO-DEV-9176,DEMO-9176,7,LOW,"",0,0
DEMO-DEV-9177,DEMO-9177,19,LOW,Extended repair downtime; Older equipment,0,8
DEMO-DEV-9178,DEMO-9178,28,LOW,Extended repair downtime; Older equipment,1,8
DEMO-DEV-9179,DEMO-9179,44,MEDIUM,Extended repair downtime; Repair cost high relative to purchase,1,11
DEMO-DEV-9180,DEMO-9180,9,LOW,Older equipment,0,0
DEMO-DEV-9182,DEMO-9182,10,LOW,Older equipment,0,0
DEMO-DEV-9183,DEMO-9183,6,LOW,"",0,0
DEMO-DEV-9184,DEMO-9184,17,LOW,Extended repair downtime; Older equipment,0,7
DEMO-DEV-9185,DEMO-9185,3,LOW,"",0,0
DEMO-DEV-9186,DEMO-9186,10,LOW,Older equipment,0,0
DEMO-DEV-9187,DEMO-9187,25,LOW,Older equipment,1,6
DEMO-DEV-9188,DEMO-9188,10,LOW,Older equipment,0,0
DEMO-DEV-9189,DEMO-9189,15,LOW,"",1,0
DEMO-DEV-9190,DEMO-9190,2,LOW,"",0,0
DEMO-DEV-9191,DEMO-9191,54,MEDIUM,Frequent repairs in last 365 days; Extended repair downtime; Repair cost high relative to purchase,2,17
DEMO-DEV-9192,DEMO-9192,35,LOW,Extended repair downtime; Repair cost high relative to purchase,1,12
DEMO-DEV-9193,DEMO-9193,38,LOW,Repair cost high relative to purchase,1,3
DEMO-DEV-9194,DEMO-9194,3,LOW,"",0,0
DEMO-DEV-9195,DEMO-9195,17,LOW,Extended repair downtime,0,11
DEMO-DEV-9196,DEMO-9196,9,LOW,Older equipment,0,0
DEMO-DEV-9199,DEMO-9199,94,HIGH,Frequent repairs in last 365 days; Extended repair downtime; Repair cost high relative to purchase,8,94
DEMO-DEV-9201,DEMO-9201,7,LOW,"",0,0
DEMO-DEV-9202,DEMO-9202,91,HIGH,Frequent repairs in last 365 days; Extended repair downtime; Repair cost high relative to purchase,7,68
DEMO-DEV-9203,DEMO-9203,26,LOW,Older equipment,1,6
DEMO-DEV-9204,DEMO-9204,6,LOW,"",0,0
DEMO-DEV-9205,DEMO-9205,22,LOW,Extended repair downtime; Older equipment,0,10
DEMO-DEV-9206,DEMO-9206,33,LOW,Extended repair downtime; Repair cost high relative to purchase,0,10
DEMO-DEV-9207,DEMO-9207,4,LOW,"",0,0
DEMO-DEV-9208,DEMO-9208,9,LOW,Older equipment,0,0
DEMO-DEV-9210,DEMO-9210,22,LOW,Extended repair downtime,0,9
DEMO-DEV-9211,DEMO-9211,43,MEDIUM,Repair cost high relative to purchase; Older equipment,1,4
DEMO-DEV-9212,DEMO-9212,7,LOW,"",0,0
DEMO-DEV-9213,DEMO-9213,39,LOW,Extended repair downtime; Repair cost high relative to purchase,1,8
DEMO-DEV-9214,DEMO-9214,4,LOW,"",0,0
DEMO-DEV-9215,DEMO-9215,39,LOW,Extended repair downtime; Repair cost high relative to purchase,0,17
DEMO-DEV-9216,DEMO-9216,6,LOW,"",0,0
DEMO-DEV-9217,DEMO-9217,32,LOW,Extended repair downtime; Repair cost high relative to purchase,0,8
DEMO-DEV-9218,DEMO-9218,79,HIGH,Frequent repairs in last 365 days; Extended repair downtime; Older equipment,7,74
DEMO-DEV-9219,DEMO-9219,21,LOW,Extended repair downtime,1,8
DEMO-DEV-9220,DEMO-9220,17,LOW,"",0,4
DEMO-DEV-9221,DEMO-9221,25,LOW,Extended repair downtime; Older equipment,0,17
DEMO-DEV-9222,DEMO-9222,97,HIGH,Frequent repairs in last 365 days; Extended repair downtime; Repair cost high relative to purchase,7,65
DEMO-DEV-9225,DEMO-9225,99,HIGH,Frequent repairs in last 365 days; Extended repair downtime; Repair cost high relative to purchase; Older equipment,6,60
DEMO-DEV-9227,DEMO-9227,4,LOW,"",0,0
DEMO-DEV-9228,DEMO-9228,8,LOW,Extended repair downtime,0,7
DEMO-DEV-9229,DEMO-9229,9,LOW,Older equipment,0,0
DEMO-DEV-9230,DEMO-9230,19,LOW,Older equipment,0,5
DEMO-DEV-9231,DEMO-9231,8,LOW,Older equipment,0,0
DEMO-DEV-9232,DEMO-9232,5,LOW,"",0,0
DEMO-DEV-9233,DEMO-9233,6,LOW,"",0,0
DEMO-DEV-9234,DEMO-9234,9,LOW,"",0,1
DEMO-DEV-9235,DEMO-9235,5,LOW,"",0,1
DEMO-DEV-9236,DEMO-9236,75,HIGH,Frequent repairs in last 365 days; Extended repair downtime,7,83
DEMO-DEV-9240,DEMO-9240,18,LOW,Extended repair downtime,0,17
DEMO-DEV-9241,DEMO-9241,12,LOW,Older equipment,0,0
DEMO-DEV-9242,DEMO-9242,80,HIGH,Frequent repairs in last 365 days; Extended repair downtime,8,82
DEMO-DEV-9243,DEMO-9243,35,LOW,Extended repair downtime; Older equipment,1,16
DEMO-DEV-9244,DEMO-9244,18,LOW,Extended repair downtime,0,10
DEMO-DEV-9245,DEMO-9245,82,HIGH,Frequent repairs in last 365 days; Extended repair downtime,6,100
DEMO-DEV-9246,DEMO-9246,8,LOW,Older equipment,0,0
DEMO-DEV-9247,DEMO-9247,5,LOW,"",0,0
DEMO-DEV-9248,DEMO-9248,31,LOW,Repair cost high relative to purchase,1,1
DEMO-DEV-9249,DEMO-9249,10,LOW,Older equipment,0,0
DEMO-DEV-9250,DEMO-9250,2,LOW,"",0,0
DEMO-DEV-9254,DEMO-9254,80,HIGH,Frequent repairs in last 365 days; Extended repair downtime; Older equipment,5,32
DEMO-DEV-9255,DEMO-9255,7,LOW,Older equipment,0,0
DEMO-DEV-9256,DEMO-9256,9,LOW,"",0,0
DEMO-DEV-9257,DEMO-9257,10,LOW,Older equipment,0,0
DEMO-DEV-9258,DEMO-9258,22,LOW,"",1,6
DEMO-DEV-9259,DEMO-9259,87,HIGH,Frequent repairs in last 365 days; Extended repair downtime; Older equipment,5,56
DEMO-DEV-9260,DEMO-9260,9,LOW,Older equipment,0,0
DEMO-DEV-9261,DEMO-9261,28,LOW,Repair cost high relative to purchase; Older equipment,0,0
DEMO-DEV-9262,DEMO-9262,12,LOW,"",0,0
DEMO-DEV-9263,DEMO-9263,11,LOW,Older equipment,0,3
DEMO-DEV-9264,DEMO-9264,40,MEDIUM,Extended repair downtime; Repair cost high relative to purchase,0,15
DEMO-DEV-9265,DEMO-9265,24,LOW,Older equipment,1,0
DEMO-DEV-9267,DEMO-9267,5,LOW,"",0,0
DEMO-DEV-9271,DEMO-9271,0,LOW,"",0,0
DEMO-DEV-9272,DEMO-9272,9,LOW,Older equipment,0,0
DEMO-DEV-9273,DEMO-9273,8,LOW,Older equipment,0,0
DEMO-DEV-9274,DEMO-9274,31,LOW,Extended repair downtime; Older equipment,1,9
DEMO-DEV-9275,DEMO-9275,35,LOW,Extended repair downtime; Older equipment,1,11
DEMO-DEV-9276,DEMO-9276,6,LOW,"",0,0
DEMO-DEV-9277,DEMO-9277,5,LOW,"",0,0
DEMO-DEV-9281,DEMO-9281,23,LOW,Older equipment,1,4
DEMO-DEV-9282,DEMO-9282,17,LOW,Older equipment,0,5
DEMO-DEV-9283,DEMO-9283,80,HIGH,Frequent repairs in last 365 days; Extended repair downtime,4,61
DEMO-DEV-9284,DEMO-9284,6,LOW,"",0,0
DEMO-DEV-9285,DEMO-9285,2,LOW,"",0,0
DEMO-DEV-9286,DEMO-9286,32,LOW,Extended repair downtime,0,23
DEMO-DEV-9287,DEMO-9287,7,LOW,Older equipment,0,0
DEMO-DEV-9288,DEMO-9288,1,LOW,"",0,0
DEMO-DEV-9289,DEMO-9289,38,LOW,Extended repair downtime; Repair cost high relative to purchase,1,12
DEMO-DEV-9290,DEMO-9290,24,LOW,Extended repair downtime,0,17
DEMO-DEV-9291,DEMO-9291,11,LOW,"",0,4
DEMO-DEV-9293,DEMO-9293,28,LOW,Extended repair downtime,1,12
DEMO-DEV-9294,DEMO-9294,45,MEDIUM,Extended repair downtime; Repair cost high relative to purchase,1,11
DEMO-DEV-9296,DEMO-9296,9,LOW,Older equipment,0,0
DEMO-DEV-9297,DEMO-9297,5,LOW,"",0,0
DEMO-DEV-9298,DEMO-9298,24,LOW,Repair cost high relative to purchase,0,2
DEMO-DEV-9299,DEMO-9299,35,LOW,Extended repair downtime; Older equipment,0,20
DEMO-DEV-9300,DEMO-9300,4,LOW,"",0,0
DEMO-DEV-9301,DEMO-9301,10,LOW,Older equipment,0,0
DEMO-DEV-9302,DEMO-9302,37,LOW,Extended repair downtime; Repair cost high relative to purchase; Older equipment,0,12
DEMO-DEV-9303,DEMO-9303,10,LOW,Older equipment,0,0
DEMO-DEV-9304,DEMO-9304,22,LOW,Extended repair downtime,1,9
DEMO-DEV-9305,DEMO-9305,6,LOW,"",0,0
DEMO-DEV-9307,DEMO-9307,7,LOW,"",0,0
DEMO-DEV-9308,DEMO-9308,95,HIGH,Frequent repairs in last 365 days; Extended repair downtime; Repair cost high relative to purchase,8,103
DEMO-DEV-9312,DEMO-9312,4,LOW,"",0,0
DEMO-DEV-9314,DEMO-9314,25,LOW,Repair cost high relative to purchase,0,0
DEMO-DEV-9316,DEMO-9316,99,HIGH,Frequent repairs in last 365 days; Extended repair downtime; Repair cost high relative to purchase; Older equipment,4,56
DEMO-DEV-9317,DEMO-9317,10,LOW,"",0,5
DEMO-DEV-9318,DEMO-9318,79,HIGH,Frequent repairs in last 365 days; Extended repair downtime; Older equipment,7,80
DEMO-DEV-9319,DEMO-9319,7,LOW,Older equipment,0,0
DEMO-DEV-9320,DEMO-9320,81,HIGH,Frequent repairs in last 365 days; Extended repair downtime; Older equipment,4,52
DEMO-DEV-9321,DEMO-9321,92,HIGH,Frequent repairs in last 365 days; Extended repair downtime; Repair cost high relative to purchase,6,90
DEMO-DEV-9322,DEMO-9322,38,LOW,Repair cost high relative to purchase; Older equipment,1,6
DEMO-DEV-9323,DEMO-9323,4,LOW,"",0,0
DEMO-DEV-9327,DEMO-9327,6,LOW,"",0,0
DEMO-DEV-9328,DEMO-9328,12,LOW,"",0,5
DEMO-DEV-9332,DEMO-9332,5,LOW,"",0,0
DEMO-DEV-9337,DEMO-9337,16,LOW,"",1,4
DEMO-DEV-9338,DEMO-9338,11,LOW,"",0,4
DEMO-DEV-9339,DEMO-9339,8,LOW,Older equipment,0,0
DEMO-DEV-9340,DEMO-9340,51,MEDIUM,Frequent repairs in last 365 days; Extended repair downtime; Repair cost high relative to purchase,2,10
DEMO-DEV-9341,DEMO-9341,23,LOW,"",1,3
DEMO-DEV-9342,DEMO-9342,11,LOW,"",1,0
DEMO-DEV-9343,DEMO-9343,1,LOW,"",0,0
DEMO-DEV-9344,DEMO-9344,17,LOW,"",1,0
DEMO-DEV-9345,DEMO-9345,88,HIGH,Frequent repairs in last 365 days; Extended repair downtime; Repair cost high relative to purchase,5,66
DEMO-DEV-9346,DEMO-9346,20,LOW,Extended repair downtime; Older equipment,0,11
DEMO-DEV-9347,DEMO-9347,1,LOW,"",0,0
DEMO-DEV-9348,DEMO-9348,36,LOW,Extended repair downtime; Repair cost high relative to purchase,0,12
DEMO-DEV-9349,DEMO-9349,9,LOW,Older equipment,0,0
DEMO-DEV-9350,DEMO-9350,6,LOW,"",0,0
DEMO-DEV-9355,DEMO-9355,94,HIGH,Frequent repairs in last 365 days; Extended repair downtime; Repair cost high relative to purchase,6,101
DEMO-DEV-9356,DEMO-9356,34,LOW,Repair cost high relative to purchase,1,1
DEMO-DEV-9357,DEMO-9357,7,LOW,Older equipment,0,0
DEMO-DEV-9361,DEMO-9361,9,LOW,Older equipment,0,0
DEMO-DEV-9363,DEMO-9363,95,HIGH,Frequent repairs in last 365 days; Extended repair downtime; Repair cost high relative to purchase,8,87
DEMO-DEV-9365,DEMO-9365,9,LOW,Older equipment,0,0
DEMO-DEV-9366,DEMO-9366,15,LOW,Extended repair downtime,0,8
DEMO-DEV-9367,DEMO-9367,15,LOW,Extended repair downtime,0,8
DEMO-DEV-9368,DEMO-9368,38,LOW,Repair cost high relative to purchase; Older equipment,1,4
DEMO-DEV-9369,DEMO-9369,24,LOW,Frequent repairs in last 365 days,2,2
DEMO-DEV-9370,DEMO-9370,20,LOW,"",1,0
DEMO-DEV-9371,DEMO-9371,3,LOW,"",0,0
DEMO-DEV-9372,DEMO-9372,7,LOW,"",0,0
DEMO-DEV-9373,DEMO-9373,81,HIGH,Frequent repairs in last 365 days; Extended repair downtime,8,134
DEMO-DEV-9374,DEMO-9374,8,LOW,Older equipment,0,0
DEMO-DEV-9375,DEMO-9375,31,LOW,Extended repair downtime; Older equipment,1,12
DEMO-DEV-9376,DEMO-9376,3,LOW,"",0,2
DEMO-DEV-9377,DEMO-9377,8,LOW,Older equipment,0,0
DEMO-DEV-9378,DEMO-9378,0,LOW,"",0,0
DEMO-DEV-9379,DEMO-9379,20,LOW,Older equipment,1,0
DEMO-DEV-9380,DEMO-9380,17,LOW,Extended repair downtime,0,12
DEMO-DEV-9381,DEMO-9381,59,MEDIUM,Frequent repairs in last 365 days; Extended repair downtime; Repair cost high relative to purchase; Older equipment,2,11
DEMO-DEV-9382,DEMO-9382,42,MEDIUM,Extended repair downtime; Repair cost high relative to purchase,1,7
DEMO-DEV-9383,DEMO-9383,17,LOW,Extended repair downtime,0,7
DEMO-DEV-9384,DEMO-9384,8,LOW,"",0,2
DEMO-DEV-9385,DEMO-9385,14,LOW,"",0,2
DEMO-DEV-9386,DEMO-9386,31,LOW,Extended repair downtime,1,15
DEMO-DEV-9387,DEMO-9387,33,LOW,Extended repair downtime; Repair cost high relative to purchase,0,12
DEMO-DEV-9388,DEMO-9388,22,LOW,Extended repair downtime; Older equipment,0,10
DEMO-DEV-9389,DEMO-9389,83,HIGH,Frequent repairs in last 365 days; Extended repair downtime; Repair cost high relative to purchase,6,74
DEMO-DEV-9392,DEMO-9392,6,LOW,"",0,0
DEMO-DEV-9393,DEMO-9393,21,LOW,Repair cost high relative to purchase,0,3
DEMO-DEV-9394,DEMO-9394,20,LOW,Extended repair downtime; Older equipment,0,11
DEMO-DEV-9395,DEMO-9395,33,LOW,Frequent repairs in last 365 days; Extended repair downtime,2,7
DEMO-DEV-9396,DEMO-9396,5,LOW,"",0,0
DEMO-DEV-9397,DEMO-9397,46,MEDIUM,Extended repair downtime; Repair cost high relative to purchase; Older equipment,0,17
DEMO-DEV-9398,DEMO-9398,6,LOW,"",0,5
DEMO-DEV-9399,DEMO-9399,5,LOW,"",0,0
DEMO-DEV-9400,DEMO-9400,17,LOW,Repair cost high relative to purchase,0,2
DEMO-DEV-9401,DEMO-9401,2,LOW,"",0,0
DEMO-DEV-9402,DEMO-9402,26,LOW,Extended repair downtime,1,13
DEMO-DEV-9403,DEMO-9403,45,MEDIUM,Extended repair downtime; Repair cost high relative to purchase,1,13
DEMO-DEV-9404,DEMO-9404,30,LOW,Extended repair downtime; Repair cost high relative to purchase,0,8
DEMO-DEV-9405,DEMO-9405,19,LOW,Older equipment,1,0
DEMO-DEV-9408,DEMO-9408,5,LOW,"",0,0
DEMO-DEV-9411,DEMO-9411,99,HIGH,Frequent repairs in last 365 days; Extended repair downtime; Repair cost high relative to purchase; Older equipment,8,84
DEMO-DEV-9412,DEMO-9412,4,LOW,"",0,0
DEMO-DEV-9413,DEMO-9413,21,LOW,Extended repair downtime,1,9
DEMO-DEV-9414,DEMO-9414,16,LOW,Older equipment,0,5
DEMO-DEV-9415,DEMO-9415,76,HIGH,Frequent repairs in last 365 days; Extended repair downtime,6,62
DEMO-DEV-9416,DEMO-9416,3,LOW,"",0,0
DEMO-DEV-9417,DEMO-9417,24,LOW,Extended repair downtime,1,11
DEMO-DEV-9419,DEMO-9419,19,LOW,Repair cost high relative to purchase,0,6
DEMO-DEV-9420,DEMO-9420,3,LOW,"",0,0
DEMO-DEV-9421,DEMO-9421,34,LOW,Repair cost high relative to purchase; Older equipment,0,6
DEMO-DEV-9422,DEMO-9422,94,HIGH,Frequent repairs in last 365 days; Extended repair downtime; Repair cost high relative to purchase,6,63
DEMO-DEV-9426,DEMO-9426,26,LOW,Repair cost high relative to purchase,0,5
DEMO-DEV-9427,DEMO-9427,78,HIGH,Frequent repairs in last 365 days; Extended repair downtime,8,59
DEMO-DEV-9428,DEMO-9428,9,LOW,Older equipment,0,0
DEMO-DEV-9429,DEMO-9429,88,HIGH,Frequent repairs in last 365 days; Extended repair downtime; Repair cost high relative to purchase; Older equipment,5,89
DEMO-DEV-9430,DEMO-9430,9,LOW,Extended repair downtime,0,7
DEMO-DEV-9434,DEMO-9434,29,LOW,Repair cost high relative to purchase,0,3
DEMO-DEV-9435,DEMO-9435,11,LOW,"",0,1
DEMO-DEV-9436,DEMO-9436,18,LOW,"",1,2
DEMO-DEV-9437,DEMO-9437,5,LOW,"",0,0
DEMO-DEV-9438,DEMO-9438,28,LOW,Repair cost high relative to purchase; Older equipment,0,0
DEMO-DEV-9439,DEMO-9439,4,LOW,"",0,0
DEMO-DEV-9440,DEMO-9440,35,LOW,Repair cost high relative to purchase,1,0
DEMO-DEV-9441,DEMO-9441,6,LOW,"",0,0
DEMO-DEV-9442,DEMO-9442,5,LOW,"",0,0
DEMO-DEV-9443,DEMO-9443,14,LOW,"",0,4
DEMO-DEV-9446,DEMO-9446,4,LOW,"",0,0
DEMO-DEV-9447,DEMO-9447,53,MEDIUM,Extended repair downtime; Repair cost high relative to purchase; Older equipment,1,14
DEMO-DEV-9448,DEMO-9448,0,LOW,"",0,0
DEMO-DEV-9449,DEMO-9449,32,LOW,Extended repair downtime; Older equipment,1,10
DEMO-DEV-9450,DEMO-9450,4,LOW,"",0,0
DEMO-DEV-9451,DEMO-9451,87,HIGH,Frequent repairs in last 365 days; Extended repair downtime; Repair cost high relative to purchase,6,70
DEMO-DEV-9452,DEMO-9452,6,LOW,"",0,5
DEMO-DEV-9453,DEMO-9453,5,LOW,"",0,0
DEMO-DEV-9454,DEMO-9454,33,LOW,Extended repair downtime; Older equipment,1,9
DEMO-DEV-9455,DEMO-9455,18,LOW,Older equipment,0,6
DEMO-DEV-9456,DEMO-9456,25,LOW,Extended repair downtime,1,10
DEMO-DEV-9457,DEMO-9457,27,LOW,Older equipment,1,1
DEMO-DEV-9459,DEMO-9459,42,MEDIUM,Frequent repairs in last 365 days; Repair cost high relative to purchase,2,1
DEMO-DEV-9460,DEMO-9460,20,LOW,Older equipment,1,2
DEMO-DEV-9461,DEMO-9461,22,LOW,Extended repair downtime; Older equipment,0,9
DEMO-DEV-9462,DEMO-9462,7,LOW,"",0,0
DEMO-DEV-9463,DEMO-9463,16,LOW,"",0,3
DEMO-DEV-9464,DEMO-9464,6,LOW,"",0,0
DEMO-DEV-9465,DEMO-9465,29,LOW,Extended repair downtime; Older equipment,1,8
DEMO-DEV-9466,DEMO-9466,23,LOW,Extended repair downtime,0,22
DEMO-DEV-9467,DEMO-9467,11,LOW,"",0,4
DEMO-DEV-9468,DEMO-9468,31,LOW,Extended repair downtime; Repair cost high relative to purchase,0,9
DEMO-DEV-9469,DEMO-9469,66,MEDIUM,Frequent repairs in last 365 days; Extended repair downtime; Repair cost high relative to purchase; Older equipment,2,18
DEMO-DEV-9470,DEMO-9470,20,LOW,"",1,2
DEMO-DEV-9472,DEMO-9472,69,MEDIUM,Frequent repairs in last 365 days; Extended repair downtime,6,24
DEMO-DEV-9473,DEMO-9473,18,LOW,"",1,4
DEMO-DEV-9474,DEMO-9474,67,MEDIUM,Frequent repairs in last 365 days; Extended repair downtime,7,22
DEMO-DEV-9475,DEMO-9475,5,LOW,"",0,0
DEMO-DEV-9476,DEMO-9476,6,LOW,"",0,0
DEMO-DEV-9477,DEMO-9477,33,LOW,Repair cost high relative to purchase,0,6
DEMO-DEV-9478,DEMO-9478,18,LOW,Extended repair downtime,0,13
DEMO-DEV-9479,DEMO-9479,20,LOW,Extended repair downtime,0,7
DEMO-DEV-9480,DEMO-9480,19,LOW,Extended repair downtime,0,14
DEMO-DEV-9481,DEMO-9481,21,LOW,Extended repair downtime,0,10
DEMO-DEV-9482,DEMO-9482,14,LOW,Older equipment,0,6
DEMO-DEV-9483,DEMO-9483,4,LOW,"",0,0
DEMO-DEV-9484,DEMO-9484,22,LOW,Extended repair downtime,1,10
DEMO-DEV-9486,DEMO-9486,14,LOW,Older equipment,0,4
DEMO-DEV-9488,DEMO-9488,9,LOW,"",0,5
DEMO-DEV-9490,DEMO-9490,20,LOW,Extended repair downtime,1,9
DEMO-DEV-9491,DEMO-9491,4,LOW,"",0,0
DEMO-DEV-9492,DEMO-9492,32,LOW,Extended repair downtime; Older equipment,1,9
DEMO-DEV-9493,DEMO-9493,21,LOW,Extended repair downtime,1,9
DEMO-DEV-9494,DEMO-9494,18,LOW,Extended repair downtime,0,11
DEMO-DEV-9495,DEMO-9495,96,HIGH,Frequent repairs in last 365 days; Extended repair downtime; Repair cost high relative to purchase,7,73
DEMO-DEV-9496,DEMO-9496,2,LOW,"",0,0
DEMO-DEV-9497,DEMO-9497,5,LOW,"",0,0
DEMO-DEV-9503,DEMO-9503,14,LOW,Older equipment,0,4
DEMO-DEV-9504,DEMO-9504,4,LOW,"",0,3
DEMO-DEV-9505,DEMO-9505,7,LOW,Older equipment,0,0
DEMO-DEV-9506,DEMO-9506,8,LOW,"",0,0
DEMO-DEV-9507,DEMO-9507,32,LOW,Extended repair downtime; Repair cost high relative to purchase,0,10
DEMO-DEV-9508,DEMO-9508,76,HIGH,Frequent repairs in last 365 days; Extended repair downtime,6,95
DEMO-DEV-9509,DEMO-9509,95,HIGH,Frequent repairs in last 365 days; Extended repair downtime; Repair cost high relative to purchase,6,58
DEMO-DEV-9510,DEMO-9510,15,LOW,"",1,0
DEMO-DEV-9511,DEMO-9511,13,LOW,"",0,5
DEMO-DEV-9515,DEMO-9515,1,LOW,"",0,0
DEMO-DEV-9516,DEMO-9516,18,LOW,Extended repair downtime,0,11
DEMO-DEV-9517,DEMO-9517,9,LOW,"",0,6
DEMO-DEV-9518,DEMO-9518,83,HIGH,Frequent repairs in last 365 days; Extended repair downtime; Older equipment,5,87
DEMO-DEV-9519,DEMO-9519,91,HIGH,Frequent repairs in last 365 days; Extended repair downtime; Repair cost high relative to purchase,8,123
DEMO-DEV-9520,DEMO-9520,5,LOW,"",0,0
DEMO-DEV-9521,DEMO-9521,3,LOW,"",0,0
DEMO-DEV-9522,DEMO-9522,13,LOW,Extended repair downtime,0,7
DEMO-DEV-9523,DEMO-9523,13,LOW,Extended repair downtime,0,9
DEMO-DEV-9524,DEMO-9524,27,LOW,Extended repair downtime; Repair cost high relative to purchase,0,11
DEMO-DEV-9525,DEMO-9525,9,LOW,Older equipment,0,0
DEMO-DEV-9527,DEMO-9527,12,LOW,"",0,3
DEMO-DEV-9531,DEMO-9531,79,HIGH,Frequent repairs in last 365 days; Extended repair downtime; Older equipment,4,39
DEMO-DEV-9532,DEMO-9532,8,LOW,Older equipment,0,0
DEMO-DEV-9534,DEMO-9534,96,HIGH,Frequent repairs in last 365 days; Extended repair downtime; Repair cost high relative to purchase,8,83
DEMO-DEV-9535,DEMO-9535,29,LOW,Repair cost high relative to purchase,0,6
DEMO-DEV-9536,DEMO-9536,2,LOW,"",0,0
DEMO-DEV-9537,DEMO-9537,7,LOW,"",0,2
DEMO-DEV-9538,DEMO-9538,1,LOW,"",0,0
DEMO-DEV-9539,DEMO-9539,12,LOW,"",0,5
DEMO-DEV-9541,DEMO-9541,38,LOW,Extended repair downtime; Repair cost high relative to purchase,1,10
DEMO-DEV-9542,DEMO-9542,9,LOW,Older equipment,0,0
DEMO-DEV-9543,DEMO-9543,33,LOW,Extended repair downtime; Repair cost high relative to purchase,0,8
DEMO-DEV-9544,DEMO-9544,7,LOW,Older equipment,0,0
DEMO-DEV-9545,DEMO-9545,91,HIGH,Frequent repairs in last 365 days; Extended repair downtime; Repair cost high relative to purchase,7,113
DEMO-DEV-9546,DEMO-9546,11,LOW,"",0,2
DEMO-DEV-9547,DEMO-9547,17,LOW,"",1,2
DEMO-DEV-9548,DEMO-9548,86,HIGH,Frequent repairs in last 365 days; Extended repair downtime; Repair cost high relative to purchase,7,63
DEMO-DEV-9549,DEMO-9549,7,LOW,"",0,0
DEMO-DEV-9550,DEMO-9550,30,LOW,Extended repair downtime,1,12
DEMO-DEV-9551,DEMO-9551,28,LOW,Extended repair downtime,1,12
DEMO-DEV-9552,DEMO-9552,13,LOW,Extended repair downtime,0,9
DEMO-DEV-9553,DEMO-9553,8,LOW,Older equipment,0,0
DEMO-DEV-9554,DEMO-9554,18,LOW,Extended repair downtime; Older equipment,0,7
DEMO-DEV-9555,DEMO-9555,56,MEDIUM,Extended repair downtime; Repair cost high relative to purchase; Older equipment,1,18
DEMO-DEV-9559,DEMO-9559,33,LOW,Extended repair downtime,1,20
DEMO-DEV-9560,DEMO-9560,11,LOW,Older equipment,0,2
DEMO-DEV-9562,DEMO-9562,31,LOW,Extended repair downtime; Older equipment,1,10
DEMO-DEV-9563,DEMO-9563,78,HIGH,Frequent repairs in last 365 days; Extended repair downtime,4,41
DEMO-DEV-9564,DEMO-9564,6,LOW,"",0,0
DEMO-DEV-9565,DEMO-9565,1,LOW,"",0,0
DEMO-DEV-9566,DEMO-9566,15,LOW,Extended repair downtime,0,11
DEMO-DEV-9567,DEMO-9567,23,LOW,"",1,3
DEMO-DEV-9569,DEMO-9569,23,LOW,Repair cost high relative to purchase,0,3
DEMO-DEV-9571,DEMO-9571,97,HIGH,Frequent repairs in last 365 days; Extended repair downtime; Repair cost high relative to purchase; Older equipment,8,128
DEMO-DEV-9572,DEMO-9572,9,LOW,Older equipment,0,0
DEMO-DEV-9573,DEMO-9573,100,HIGH,Frequent repairs in last 365 days; Extended repair downtime; Repair cost high relative to purchase; Older equipment,5,40
DEMO-DEV-9574,DEMO-9574,6,LOW,"",0,3
DEMO-DEV-9575,DEMO-9575,2,LOW,"",0,0
DEMO-DEV-9576,DEMO-9576,14,LOW,Extended repair downtime,0,12
DEMO-DEV-9577,DEMO-9577,3,LOW,"",0,0
DEMO-DEV-9578,DEMO-9578,5,LOW,"",0,0
DEMO-DEV-9579,DEMO-9579,3,LOW,"",0,0
DEMO-DEV-9580,DEMO-9580,15,LOW,Extended repair downtime,0,9
DEMO-DEV-9581,DEMO-9581,5,LOW,"",0,3
DEMO-DEV-9583,DEMO-9583,86,HIGH,Frequent repairs in last 365 days; Extended repair downtime; Older equipment,7,50
DEMO-DEV-9585,DEMO-9585,96,HIGH,Frequent repairs in last 365 days; Extended repair downtime; Repair cost high relative to purchase,8,105
DEMO-DEV-9586,DEMO-9586,11,LOW,"",0,5
DEMO-DEV-9587,DEMO-9587,0,LOW,"",0,0
DEMO-DEV-9588,DEMO-9588,17,LOW,Extended repair downtime,0,12
DEMO-DEV-9589,DEMO-9589,6,LOW,"",0,0
DEMO-DEV-9590,DEMO-9590,14,LOW,Extended repair downtime,0,12
DEMO-DEV-9591,DEMO-9591,8,LOW,Older equipment,0,0
DEMO-DEV-9592,DEMO-9592,41,MEDIUM,Extended repair downtime; Repair cost high relative to purchase,0,18
DEMO-DEV-9593,DEMO-9593,12,LOW,Extended repair downtime,0,8
DEMO-DEV-9594,DEMO-9594,24,LOW,Extended repair downtime,1,11
DEMO-DEV-9595,DEMO-9595,94,HIGH,Frequent repairs in last 365 days; Extended repair downtime; Repair cost high relative to purchase,5,30
DEMO-DEV-9596,DEMO-9596,8,LOW,Older equipment,0,0
DEMO-DEV-9599,DEMO-9599,1,LOW,"",0,0
DEMO-DEV-9600,DEMO-9600,1,LOW,"",0,0
DEMO-DEV-9601,DEMO-9601,10,LOW,"",0,0
DEMO-DEV-9602,DEMO-9602,8,LOW,"",0,0
DEMO-DEV-9603,DEMO-9603,14,LOW,Older equipment,0,4
DEMO-DEV-9604,DEMO-9604,41,MEDIUM,Extended repair downtime; Repair cost high relative to purchase,0,16
DEMO-DEV-9605,DEMO-9605,9,LOW,Older equipment,0,0
DEMO-DEV-9606,DEMO-9606,77,HIGH,Frequent repairs in last 365 days; Extended repair downtime,4,40
DEMO-DEV-9607,DEMO-9607,41,MEDIUM,Repair cost high relative to purchase,1,6
DEMO-DEV-9608,DEMO-9608,11,LOW,Older equipment,0,4
DEMO-DEV-9609,DEMO-9609,1,LOW,"",0,0
DEMO-DEV-9611,DEMO-9611,93,HIGH,Frequent repairs in last 365 days; Extended repair downtime; Repair cost high relative to purchase,8,91
DEMO-DEV-9614,DEMO-9614,5,LOW,"",0,0
DEMO-DEV-9616,DEMO-9616,8,LOW,Older equipment,0,0
DEMO-DEV-9617,DEMO-9617,9,LOW,Older equipment,0,0
DEMO-DEV-9619,DEMO-9619,23,LOW,Extended repair downtime,0,19
DEMO-DEV-9621,DEMO-9621,43,MEDIUM,Repair cost high relative to purchase; Older equipment,1,6
DEMO-DEV-9623,DEMO-9623,83,HIGH,Frequent repairs in last 365 days; Extended repair downtime; Older equipment,6,65
DEMO-DEV-9626,DEMO-9626,15,LOW,Older equipment,0,5
DEMO-DEV-9628,DEMO-9628,17,LOW,"",0,6
DEMO-DEV-9630,DEMO-9630,20,LOW,Extended repair downtime,1,8
DEMO-DEV-9632,DEMO-9632,91,HIGH,Frequent repairs in last 365 days; Extended repair downtime; Repair cost high relative to purchase,5,35
DEMO-DEV-9633,DEMO-9633,30,LOW,Extended repair downtime,1,9
DEMO-DEV-9634,DEMO-9634,28,LOW,Extended repair downtime; Older equipment,0,12
DEMO-DEV-9635,DEMO-9635,9,LOW,Older equipment,0,0
DEMO-DEV-9636,DEMO-9636,1,LOW,"",0,0
DEMO-DEV-9637,DEMO-9637,8,LOW,Older equipment,0,0
DEMO-DEV-9638,DEMO-9638,4,LOW,"",0,0
DEMO-DEV-9642,DEMO-9642,29,LOW,Repair cost high relative to purchase,1,1
DEMO-DEV-9645,DEMO-9645,30,LOW,Extended repair downtime; Older equipment,1,10
DEMO-DEV-9646,DEMO-9646,10,LOW,Older equipment,0,0
DEMO-DEV-9647,DEMO-9647,2,LOW,"",0,0
DEMO-DEV-9648,DEMO-9648,16,LOW,"",1,1
DEMO-DEV-9649,DEMO-9649,95,HIGH,Frequent repairs in last 365 days; Extended repair downtime; Repair cost high relative to purchase,4,32
DEMO-DEV-9650,DEMO-9650,9,LOW,Older equipment,0,0
DEMO-DEV-9653,DEMO-9653,6,LOW,"",0,0
DEMO-DEV-9654,DEMO-9654,38,LOW,Extended repair downtime; Older equipment,1,19
DEMO-DEV-9655,DEMO-9655,15,LOW,"",1,1
DEMO-DEV-9656,DEMO-9656,5,LOW,"",0,0
DEMO-DEV-9657,DEMO-9657,17,LOW,"",0,5
DEMO-DEV-9658,DEMO-9658,9,LOW,Older equipment,0,0
DEMO-DEV-9659,DEMO-9659,9,LOW,Older equipment,0,0
DEMO-DEV-9660,DEMO-9660,5,LOW,"",0,0
DEMO-DEV-9661,DEMO-9661,0,LOW,"",0,0
DEMO-DEV-9662,DEMO-9662,3,LOW,"",0,0
DEMO-DEV-9663,DEMO-9663,2,LOW,"",0,1
DEMO-DEV-9664,DEMO-9664,91,HIGH,Frequent repairs in last 365 days; Extended repair downtime; Repair cost high relative to purchase,6,25
DEMO-DEV-9667,DEMO-9667,18,LOW,Extended repair downtime,0,11
DEMO-DEV-9668,DEMO-9668,14,LOW,Extended repair downtime,0,7
DEMO-DEV-9669,DEMO-9669,6,LOW,"",0,0
DEMO-DEV-9670,DEMO-9670,3,LOW,"",0,0
DEMO-DEV-9671,DEMO-9671,6,LOW,"",0,0
DEMO-DEV-9672,DEMO-9672,6,LOW,"",0,5
DEMO-DEV-9673,DEMO-9673,20,LOW,Older equipment,0,6
DEMO-DEV-9674,DEMO-9674,4,LOW,"",0,0
DEMO-DEV-9675,DEMO-9675,2,LOW,"",0,0
DEMO-DEV-9676,DEMO-9676,24,LOW,Older equipment,1,6
DEMO-DEV-9677,DEMO-9677,18,LOW,Older equipment,0,5
DEMO-DEV-9678,DEMO-9678,9,LOW,Older equipment,0,0
DEMO-DEV-9681,DEMO-9681,52,MEDIUM,Extended repair downtime; Repair cost high relative to purchase; Older equipment,1,12
DEMO-DEV-9682,DEMO-9682,99,HIGH,Frequent repairs in last 365 days; Extended repair downtime; Repair cost high relative to purchase; Older equipment,5,31
DEMO-DEV-9685,DEMO-9685,27,LOW,Extended repair downtime,1,9
DEMO-DEV-9686,DEMO-9686,8,LOW,Older equipment,0,0
DEMO-DEV-9687,DEMO-9687,27,LOW,Extended repair downtime; Older equipment,0,12
DEMO-DEV-9688,DEMO-9688,10,LOW,Older equipment,0,0
DEMO-DEV-9689,DEMO-9689,5,LOW,"",0,0
DEMO-DEV-9690,DEMO-9690,32,LOW,Repair cost high relative to purchase; Older equipment,0,2
DEMO-DEV-9692,DEMO-9692,5,LOW,"",0,0
DEMO-DEV-9694,DEMO-9694,85,HIGH,Frequent repairs in last 365 days; Extended repair downtime; Older equipment,4,50
DEMO-DEV-9695,DEMO-9695,22,LOW,Extended repair downtime; Older equipment,0,9
DEMO-DEV-9696,DEMO-9696,12,LOW,"",0,1
DEMO-DEV-9697,DEMO-9697,1,LOW,"",0,0
DEMO-DEV-9698,DEMO-9698,29,LOW,Older equipment,1,2
DEMO-DEV-9699,DEMO-9699,3,LOW,"",0,0
DEMO-DEV-9700,DEMO-9700,0,LOW,"",0,0
DEMO-DEV-9701,DEMO-9701,9,LOW,Older equipment,0,0
DEMO-DEV-9702,DEMO-9702,7,LOW,Older equipment,0,0
DEMO-DEV-9703,DEMO-9703,6,LOW,"",0,0
DEMO-DEV-9704,DEMO-9704,35,LOW,Repair cost high relative to purchase,1,0
DEMO-DEV-9705,DEMO-9705,79,HIGH,Frequent repairs in last 365 days; Extended repair downtime; Older equipment,4,48
DEMO-DEV-9706,DEMO-9706,1,LOW,"",0,0
DEMO-DEV-9709,DEMO-9709,8,LOW,"",0,0
DEMO-DEV-9710,DEMO-9710,27,LOW,Repair cost high relative to purchase,1,3
DEMO-DEV-9711,DEMO-9711,10,LOW,Older equipment,0,0
DEMO-DEV-9712,DEMO-9712,29,LOW,Repair cost high relative to purchase; Older equipment,0,0
DEMO-DEV-9713,DEMO-9713,39,LOW,Repair cost high relative to purchase,1,6
DEMO-DEV-9714,DEMO-9714,16,LOW,Extended repair downtime,0,7
DEMO-DEV-9715,DEMO-9715,4,LOW,"",0,0
DEMO-DEV-9716,DEMO-9716,96,HIGH,Frequent repairs in last 365 days; Extended repair downtime; Repair cost high relative to purchase,8,66
DEMO-DEV-9717,DEMO-9717,5,LOW,"",0,0
DEMO-DEV-9718,DEMO-9718,4,LOW,"",0,0
DEMO-DEV-9719,DEMO-9719,16,LOW,Extended repair downtime,0,11
DEMO-DEV-9720,DEMO-9720,15,LOW,Older equipment,0,6
DEMO-DEV-9721,DEMO-9721,6,LOW,"",0,0
DEMO-DEV-9722,DEMO-9722,33,LOW,Extended repair downtime,1,13
DEMO-DEV-9723,DEMO-9723,19,LOW,"",1,1
DEMO-DEV-9724,DEMO-9724,10,LOW,Older equipment,0,0
DEMO-DEV-9725,DEMO-9725,7,LOW,"",0,0
DEMO-DEV-9726,DEMO-9726,18,LOW,"",1,4
DEMO-DEV-9727,DEMO-9727,6,LOW,"",0,1
DEMO-DEV-9729,DEMO-9729,1,LOW,"",0,0
DEMO-DEV-9730,DEMO-9730,22,LOW,Extended repair downtime; Older equipment,0,8
DEMO-DEV-9731,DEMO-9731,6,LOW,"",0,4
DEMO-DEV-9732,DEMO-9732,3,LOW,"",0,0
DEMO-DEV-9733,DEMO-9733,9,LOW,Older equipment,0,0
DEMO-DEV-9734,DEMO-9734,3,LOW,"",0,0
DEMO-DEV-9735,DEMO-9735,3,LOW,"",0,0
DEMO-DEV-9736,DEMO-9736,9,LOW,Older equipment,0,0
DEMO-DEV-9737,DEMO-9737,44,MEDIUM,Extended repair downtime; Repair cost high relative to purchase; Older equipment,1,12
DEMO-DEV-9738,DEMO-9738,23,LOW,Older equipment,1,4
DEMO-DEV-9739,DEMO-9739,19,LOW,Extended repair downtime,0,9
DEMO-DEV-9740,DEMO-9740,9,LOW,Older equipment,0,0
DEMO-DEV-9741,DEMO-9741,1,LOW,"",0,0
DEMO-DEV-9742,DEMO-9742,8,LOW,"",0,2
DEMO-DEV-9743,DEMO-9743,4,LOW,"",0,0
DEMO-DEV-9744,DEMO-9744,10,LOW,Older equipment,0,0
DEMO-DEV-9745,DEMO-9745,16,LOW,Older equipment,0,6
DEMO-DEV-9746,DEMO-9746,5,LOW,"",0,0
DEMO-DEV-9748,DEMO-9748,20,LOW,Older equipment,1,0
DEMO-DEV-9749,DEMO-9749,16,LOW,Older equipment,0,5
DEMO-DEV-9750,DEMO-9750,48,MEDIUM,Extended repair downtime; Repair cost high relative to purchase; Older equipment,1,12
DEMO-DEV-9751,DEMO-9751,3,LOW,"",0,0
DEMO-DEV-9752,DEMO-9752,59,MEDIUM,Frequent repairs in last 365 days; Extended repair downtime; Repair cost high relative to purchase,2,14
DEMO-DEV-9753,DEMO-9753,32,LOW,Extended repair downtime; Repair cost high relative to purchase,0,10
DEMO-DEV-9754,DEMO-9754,6,LOW,"",0,4
DEMO-DEV-9755,DEMO-9755,11,LOW,Extended repair downtime,0,8
DEMO-DEV-9756,DEMO-9756,6,LOW,"",0,0
DEMO-DEV-9757,DEMO-9757,38,LOW,Repair cost high relative to purchase,1,2
DEMO-DEV-9758,DEMO-9758,2,LOW,"",0,0
DEMO-DEV-9760,DEMO-9760,19,LOW,Extended repair downtime,0,11
DEMO-DEV-9762,DEMO-9762,4,LOW,"",0,0
DEMO-DEV-9765,DEMO-9765,13,LOW,Extended repair downtime,0,9
DEMO-DEV-9767,DEMO-9767,13,LOW,"",0,2
DEMO-DEV-9768,DEMO-9768,78,HIGH,Frequent repairs in last 365 days; Extended repair downtime,6,78
DEMO-DEV-9769,DEMO-9769,38,LOW,Extended repair downtime; Repair cost high relative to purchase; Older equipment,0,12
DEMO-DEV-9770,DEMO-9770,22,LOW,Extended repair downtime,0,15
DEMO-DEV-9771,DEMO-9771,1,LOW,"",0,0
DEMO-DEV-9772,DEMO-9772,4,LOW,"",0,0
DEMO-DEV-9773,DEMO-9773,7,LOW,"",0,0
DEMO-DEV-9774,DEMO-9774,35,LOW,Extended repair downtime; Repair cost high relative to purchase,0,11
DEMO-DEV-9778,DEMO-9778,16,LOW,Repair cost high relative to purchase,0,0
DEMO-DEV-9780,DEMO-9780,6,LOW,"",0,0
DEMO-DEV-9781,DEMO-9781,5,LOW,"",0,0
DEMO-DEV-9782,DEMO-9782,6,LOW,"",0,0
DEMO-DEV-9783,DEMO-9783,18,LOW,Extended repair downtime; Older equipment,0,9
DEMO-DEV-9784,DEMO-9784,8,LOW,"",0,4
DEMO-DEV-9785,DEMO-9785,7,LOW,"",0,0
DEMO-DEV-9786,DEMO-9786,6,LOW,"",0,0
DEMO-DEV-9787,DEMO-9787,95,HIGH,Frequent repairs in last 365 days; Extended repair downtime; Repair cost high relative to purchase,6,42
DEMO-DEV-9788,DEMO-9788,7,LOW,"",0,0
DEMO-DEV-9790,DEMO-9790,8,LOW,"",0,1
DEMO-DEV-9793,DEMO-9793,37,LOW,Repair cost high relative to purchase; Older equipment,1,2
DEMO-DEV-9794,DEMO-9794,16,LOW,"",0,6
DEMO-DEV-9795,DEMO-9795,43,MEDIUM,Frequent repairs in last 365 days; Extended repair downtime,2,18
DEMO-DEV-9796,DEMO-9796,8,LOW,"",0,1
DEMO-DEV-9798,DEMO-9798,6,LOW,"",0,0
DEMO-DEV-9799,DEMO-9799,79,HIGH,Frequent repairs in last 365 days; Extended repair downtime,8,71
DEMO-DEV-9800,DEMO-9800,22,LOW,"",1,1
DEMO-DEV-9801,DEMO-9801,90,HIGH,Frequent repairs in last 365 days; Extended repair downtime; Repair cost high relative to purchase,4,44
DEMO-DEV-9802,DEMO-9802,29,LOW,Repair cost high relative to purchase,0,4
DEMO-DEV-9803,DEMO-9803,23,LOW,Extended repair downtime; Older equipment,0,11
DEMO-DEV-9805,DEMO-9805,74,HIGH,Frequent repairs in last 365 days; Extended repair downtime,6,82
DEMO-DEV-9808,DEMO-9808,5,LOW,"",0,0
DEMO-DEV-9809,DEMO-9809,23,LOW,Repair cost high relative to purchase,0,6
DEMO-DEV-9810,DEMO-9810,9,LOW,Older equipment,0,0
DEMO-DEV-9811,DEMO-9811,3,LOW,"",0,0
DEMO-DEV-9812,DEMO-9812,35,LOW,Extended repair downtime; Repair cost high relative to purchase,0,12
DEMO-DEV-9813,DEMO-9813,3,LOW,"",0,0
DEMO-DEV-9814,DEMO-9814,5,LOW,"",0,0
DEMO-DEV-9815,DEMO-9815,4,LOW,"",0,0
DEMO-DEV-9816,DEMO-9816,2,LOW,"",0,0
DEMO-DEV-9819,DEMO-9819,9,LOW,Older equipment,0,0
DEMO-DEV-9820,DEMO-9820,5,LOW,"",0,0
DEMO-DEV-9821,DEMO-9821,24,LOW,Older equipment,1,1
DEMO-DEV-9822,DEMO-9822,2,LOW,"",0,0
DEMO-DEV-9823,DEMO-9823,26,LOW,Extended repair downtime; Older equipment,1,8
DEMO-DEV-9824,DEMO-9824,28,LOW,Extended repair downtime,0,24
DEMO-DEV-9825,DEMO-9825,28,LOW,Repair cost high relative to purchase,0,5
DEMO-DEV-9826,DEMO-9826,7,LOW,"",0,0
DEMO-DEV-9827,DEMO-9827,20,LOW,Extended repair downtime; Older equipment,0,10
DEMO-DEV-9828,DEMO-9828,6,LOW,"",0,3
DEMO-DEV-9829,DEMO-9829,29,LOW,Repair cost high relative to purchase; Older equipment,0,0
DEMO-DEV-9830,DEMO-9830,41,MEDIUM,Extended repair downtime; Repair cost high relative to purchase,1,10
DEMO-DEV-9832,DEMO-9832,47,MEDIUM,Frequent repairs in last 365 days; Extended repair downtime; Repair cost high relative to purchase,2,15
DEMO-DEV-9835,DEMO-9835,9,LOW,"",0,3
DEMO-DEV-9836,DEMO-9836,4,LOW,"",0,0
DEMO-DEV-9837,DEMO-9837,31,LOW,Extended repair downtime; Repair cost high relative to purchase; Older equipment,0,11
DEMO-DEV-9839,DEMO-9839,2,LOW,"",0,0
DEMO-DEV-9843,DEMO-9843,24,LOW,"",1,3
DEMO-DEV-9844,DEMO-9844,8,LOW,Older equipment,0,0
DEMO-DEV-9847,DEMO-9847,2,LOW,"",0,0
DEMO-DEV-9848,DEMO-9848,10,LOW,"",0,1
DEMO-DEV-9850,DEMO-9850,84,HIGH,Frequent repairs in last 365 days; Extended repair downtime,7,76
DEMO-DEV-9851,DEMO-9851,92,HIGH,Frequent repairs in last 365 days; Extended repair downtime; Repair cost high relative to purchase,8,65
DEMO-DEV-9852,DEMO-9852,75,HIGH,Frequent repairs in last 365 days; Extended repair downtime,7,100
DEMO-DEV-9854,DEMO-9854,34,LOW,Extended repair downtime; Repair cost high relative to purchase,1,7
DEMO-DEV-9855,DEMO-9855,1,LOW,"",0,0
DEMO-DEV-9856,DEMO-9856,3,LOW,"",0,0
DEMO-DEV-9857,DEMO-9857,39,LOW,Extended repair downtime; Repair cost high relative to purchase; Older equipment,0,10
DEMO-DEV-9858,DEMO-9858,2,LOW,"",0,0
DEMO-DEV-9859,DEMO-9859,1,LOW,"",0,0
DEMO-DEV-9861,DEMO-9861,30,LOW,Extended repair downtime; Older equipment,1,9
DEMO-DEV-9864,DEMO-9864,8,LOW,Older equipment,0,0
DEMO-DEV-9865,DEMO-9865,8,LOW,Older equipment,0,0
DEMO-DEV-9866,DEMO-9866,9,LOW,"",0,4
DEMO-DEV-9867,DEMO-9867,16,LOW,Older equipment,0,6
DEMO-DEV-9868,DEMO-9868,44,MEDIUM,Extended repair downtime; Repair cost high relative to purchase,1,10
DEMO-DEV-9869,DEMO-9869,5,LOW,"",0,0
DEMO-DEV-9870,DEMO-9870,15,LOW,Older equipment,0,3
DEMO-DEV-9871,DEMO-9871,9,LOW,Older equipment,0,0
DEMO-DEV-9873,DEMO-9873,94,HIGH,Frequent repairs in last 365 days; Extended repair downtime; Repair cost high relative to purchase,7,69
DEMO-DEV-9875,DEMO-9875,7,LOW,"",0,0
DEMO-DEV-9876,DEMO-9876,82,HIGH,Frequent repairs in last 365 days; Extended repair downtime; Repair cost high relative to purchase,4,16
DEMO-DEV-9878,DEMO-9878,1,LOW,"",0,0
DEMO-DEV-9880,DEMO-9880,40,MEDIUM,Extended repair downtime; Repair cost high relative to purchase,1,9
DEMO-DEV-9882,DEMO-9882,3,LOW,"",0,0
DEMO-DEV-9883,DEMO-9883,8,LOW,Older equipment,0,0
DEMO-DEV-9884,DEMO-9884,25,LOW,Extended repair downtime; Repair cost high relative to purchase,0,10
DEMO-DEV-9885,DEMO-9885,29,LOW,Extended repair downtime; Older equipment,1,9
DEMO-DEV-9886,DEMO-9886,14,LOW,Older equipment,0,3
DEMO-DEV-9887,DEMO-9887,26,LOW,Extended repair downtime,0,13
DEMO-DEV-9888,DEMO-9888,9,LOW,Older equipment,0,0
DEMO-DEV-9889,DEMO-9889,12,LOW,Older equipment,0,0
DEMO-DEV-9890,DEMO-9890,4,LOW,"",0,1
DEMO-DEV-9891,DEMO-9891,5,LOW,"",0,0
DEMO-DEV-9892,DEMO-9892,2,LOW,"",0,0
DEMO-DEV-9893,DEMO-9893,10,LOW,Older equipment,0,0
DEMO-DEV-9894,DEMO-9894,7,LOW,Older equipment,0,0
DEMO-DEV-9895,DEMO-9895,3,LOW,"",0,0
DEMO-DEV-9896,DEMO-9896,17,LOW,Extended repair downtime,0,9
DEMO-DEV-9897,DEMO-9897,8,LOW,Older equipment,0,1
DEMO-DEV-9898,DEMO-9898,5,LOW,"",0,0
DEMO-DEV-9901,DEMO-9901,9,LOW,Older equipment,0,0
DEMO-DEV-9902,DEMO-9902,32,LOW,Extended repair downtime,1,17
DEMO-DEV-9903,DEMO-9903,12,LOW,Extended repair downtime,0,11
DEMO-DEV-9904,DEMO-9904,30,LOW,Extended repair downtime,0,21
DEMO-DEV-9905,DEMO-9905,8,LOW,Older equipment,0,0
DEMO-DEV-9906,DEMO-9906,1,LOW,"",0,0
DEMO-DEV-9907,DEMO-9907,6,LOW,"",0,0
DEMO-DEV-9908,DEMO-9908,2,LOW,"",0,0
DEMO-DEV-9909,DEMO-9909,3,LOW,"",0,0
DEMO-DEV-9910,DEMO-9910,24,LOW,Extended repair downtime,1,9
DEMO-DEV-9911,DEMO-9911,18,LOW,Extended repair downtime; Older equipment,0,10
DEMO-DEV-9912,DEMO-9912,8,LOW,Older equipment,0,0
DEMO-DEV-9913,DEMO-9913,0,LOW,"",0,0
DEMO-DEV-9914,DEMO-9914,10,LOW,Older equipment,0,0
DEMO-DEV-9915,DEMO-9915,14,LOW,Older equipment,0,5
DEMO-DEV-9916,DEMO-9916,6,LOW,"",0,0
DEMO-DEV-9917,DEMO-9917,13,LOW,Older equipment,0,3
DEMO-DEV-9918,DEMO-9918,9,LOW,Older equipment,0,0
DEMO-DEV-9919,DEMO-9919,14,LOW,Extended repair downtime,0,11
DEMO-DEV-9920,DEMO-9920,11,LOW,"",1,0
DEMO-DEV-9921,DEMO-9921,4,LOW,"",0,0
DEMO-DEV-9922,DEMO-9922,35,LOW,Extended repair downtime; Repair cost high relative to purchase; Older equipment,0,11
DEMO-DEV-9923,DEMO-9923,32,LOW,Repair cost high relative to purchase,0,5
DEMO-DEV-9924,DEMO-9924,37,LOW,Extended repair downtime; Older equipment,1,18
DEMO-DEV-9925,DEMO-9925,40,MEDIUM,Extended repair downtime; Repair cost high relative to purchase,1,16
DEMO-DEV-9926,DEMO-9926,50,MEDIUM,Extended repair downtime; Repair cost high relative to purchase,1,13
DEMO-DEV-9928,DEMO-9928,87,HIGH,Frequent repairs in last 365 days; Extended repair downtime; Repair cost high relative to purchase,7,60
DEMO-DEV-9931,DEMO-9931,29,LOW,Extended repair downtime; Older equipment,1,10
DEMO-DEV-9932,DEMO-9932,5,LOW,"",0,0
DEMO-DEV-9933,DEMO-9933,81,HIGH,Frequent repairs in last 365 days; Extended repair downtime; Older equipment,4,74
DEMO-DEV-9934,DEMO-9934,16,LOW,Repair cost high relative to purchase,0,3
DEMO-DEV-9935,DEMO-9935,16,LOW,Extended repair downtime; Older equipment,0,7
DEMO-DEV-9936,DEMO-9936,19,LOW,Older equipment,1,0
DEMO-DEV-9937,DEMO-9937,7,LOW,Older equipment,0,0
DEMO-DEV-9938,DEMO-9938,97,HIGH,Frequent repairs in last 365 days; Extended repair downtime; Repair cost high relative to purchase; Older equipment,5,68
DEMO-DEV-9939,DEMO-9939,16,LOW,Extended repair downtime,0,9
DEMO-DEV-9940,DEMO-9940,17,LOW,Extended repair downtime,0,13
DEMO-DEV-9941,DEMO-9941,9,LOW,Older equipment,0,0
DEMO-DEV-9945,DEMO-9945,5,LOW,"",0,1
DEMO-DEV-9946,DEMO-9946,2,LOW,"",0,0
DEMO-DEV-9947,DEMO-9947,28,LOW,Extended repair downtime; Repair cost high relative to purchase,0,11
DEMO-DEV-9948,DEMO-9948,1,LOW,"",0,0
DEMO-DEV-9949,DEMO-9949,32,LOW,Extended repair downtime,1,10
DEMO-DEV-9950,DEMO-9950,1,LOW,"",0,0
DEMO-DEV-9951,DEMO-9951,2,LOW,"",0,0
DEMO-DEV-9952,DEMO-9952,42,MEDIUM,Extended repair downtime; Repair cost high relative to purchase; Older equipment,0,13
DEMO-DEV-9953,DEMO-9953,9,LOW,Older equipment,0,0
DEMO-DEV-9957,DEMO-9957,6,LOW,"",0,0
DEMO-DEV-9958,DEMO-9958,4,LOW,"",0,0
DEMO-DEV-9959,DEMO-9959,93,HIGH,Frequent repairs in last 365 days; Extended repair downtime; Repair cost high relative to purchase,7,81
DEMO-DEV-9960,DEMO-9960,1,LOW,"",0,0
DEMO-DEV-9961,DEMO-9961,3,LOW,"",0,0
DEMO-DEV-9962,DEMO-9962,96,HIGH,Frequent repairs in last 365 days; Extended repair downtime; Repair cost high relative to purchase,6,76
DEMO-DEV-9963,DEMO-9963,22,LOW,Extended repair downtime; Older equipment,0,8
DEMO-DEV-9964,DEMO-9964,24,LOW,Older equipment,1,6
DEMO-DEV-9965,DEMO-9965,38,LOW,Extended repair downtime; Repair cost high relative to purchase; Older equipment,1,8
DEMO-DEV-9966,DEMO-9966,10,LOW,Older equipment,0,0
DEMO-DEV-9967,DEMO-9967,21,LOW,Extended repair downtime; Older equipment,0,12
DEMO-DEV-9968,DEMO-9968,36,LOW,Extended repair downtime; Older equipment,0,17
DEMO-DEV-9969,DEMO-9969,12,LOW,Extended repair downtime,0,10
DEMO-DEV-9970,DEMO-9970,0,LOW,"",0,0
DEMO-DEV-9971,DEMO-9971,23,LOW,Extended repair downtime,1,10
DEMO-DEV-9975,DEMO-9975,30,LOW,Extended repair downtime,1,14
DEMO-DEV-9976,DEMO-9976,34,LOW,Extended repair downtime; Repair cost high relative to purchase; Older equipment,0,10
DEMO-DEV-9977,DEMO-9977,6,LOW,"",0,0
DEMO-DEV-9978,DEMO-9978,41,MEDIUM,Repair cost high relative to purchase; Older equipment,1,4
DEMO-DEV-9979,DEMO-9979,6,LOW,"",0,4
DEMO-DEV-9980,DEMO-9980,18,LOW,"",1,3
DEMO-DEV-9982,DEMO-9982,8,LOW,Older equipment,0,0
DEMO-DEV-9983,DEMO-9983,1,LOW,"",0,0
DEMO-DEV-9984,DEMO-9984,17,LOW,Extended repair downtime; Older equipment,0,8
DEMO-DEV-9985,DEMO-9985,35,LOW,Extended repair downtime; Repair cost high relative to purchase,0,9
DEMO-DEV-9986,DEMO-9986,24,LOW,Extended repair downtime,1,7
DEMO-DEV-9987,DEMO-9987,3,LOW,"",0,0
DEMO-DEV-9988,DEMO-9988,42,MEDIUM,Frequent repairs in last 365 days; Extended repair downtime; Older equipment,2,11
DEMO-DEV-9989,DEMO-9989,5,LOW,"",0,0
DEMO-DEV-9990,DEMO-9990,9,LOW,Older equipment,0,0
DEMO-DEV-9991,DEMO-9991,19,LOW,Extended repair downtime,0,11
DEMO-DEV-9992,DEMO-9992,7,LOW,"",0,0
DEMO-DEV-9993,DEMO-9993,33,LOW,Extended repair downtime; Older equipment,1,12
DEMO-DEV-9994,DEMO-9994,14,LOW,Older equipment,0,3
DEMO-DEV-9995,DEMO-9995,6,LOW,"",0,0
DEMO-DEV-9996,DEMO-9996,21,LOW,"",1,5
DEMO-DEV-9997,DEMO-9997,8,LOW,Older equipment,0,0
DEMO-DEV-9998,DEMO-9998,12,LOW,Extended repair downtime,0,10
DEMO-DEV-9999,DEMO-9999,9,LOW,Older equipment,0,0
