device_id,event_count,first_event,last_event,event_type_count
DEMO-DEV-2250,593,2022-10-07T12:34:31.915Z,2026-09-29T14:50:05.288Z,6
DEMO-DEV-7807,591,2022-10-01T18:26:55.368Z,2026-09-26T12:39:35.795Z,7
DEMO-DEV-8371,591,2022-10-02T16:36:41.291Z,2026-09-28T05:06:44.455Z,7
DEMO-DEV-7207,582,2022-10-03T04:45:04.658Z,2026-09-30T05:08:36.806Z,7
DEMO-DEV-7291,578,2022-10-03T01:13:18.877Z,2026-09-22T10:28:55.591Z,7
DEMO-DEV-4918,577,2022-10-03T13:14:33.523Z,2026-09-26T05:27:46.985Z,7
DEMO-DEV-7503,576,2022-10-01T23:52:30.969Z,2026-09-27T14:07:37.842Z,7
DEMO-DEV-2244,575,2022-10-02T12:10:29.370Z,2026-09-29T05:19:25.993Z,6
DEMO-DEV-8751,575,2022-10-02T13:00:39.682Z,2026-09-28T06:08:09.877Z,7
DEMO-DEV-2490,574,2022-10-03T16:15:31.403Z,2026-09-28T20:41:56.614Z,7
DEMO-DEV-4875,574,2022-10-01T23:03:57.080Z,2026-09-29T01:34:18.205Z,7
DEMO-DEV-9440,574,2022-10-02T18:24:20.443Z,2026-09-27T22:14:56.785Z,7
DEMO-DEV-0530,571,2022-10-05T16:49:38.057Z,2026-09-28T01:57:15.666Z,7
DEMO-DEV-6259,570,2022-10-04T08:46:56.040Z,2026-09-27T21:07:12.948Z,7
DEMO-DEV-5676,569,2022-10-07T01:42:35.288Z,2026-09-23T03:09:43.738Z,7
DEMO-DEV-5685,569,2022-10-01T14:02:47.917Z,2026-09-28T11:58:34.368Z,7
DEMO-DEV-1288,568,2022-10-12T01:21:56.513Z,2026-09-28T14:54:47.892Z,7
DEMO-DEV-2158,567,2022-10-03T02:33:34.239Z,2026-09-26T17:37:47.913Z,7
DEMO-DEV-2304,567,2022-10-02T11:19:56.173Z,2026-09-27T16:11:23.778Z,7
DEMO-DEV-2804,567,2022-10-04T06:31:25.428Z,2026-09-21T17:46:48.987Z,6
DEMO-DEV-3423,567,2022-10-09T19:39:00.238Z,2026-09-30T05:23:26.825Z,6
DEMO-DEV-5427,566,2022-10-01T11:30:14.160Z,2026-09-29T18:49:47.989Z,7
DEMO-DEV-5781,566,2022-10-06T22:08:11.727Z,2026-09-29T19:09:45.291Z,6
DEMO-DEV-7458,566,2022-10-01T09:46:56.027Z,2026-09-24T19:02:44.591Z,7
DEMO-DEV-0639,565,2022-10-02T08:40:02.785Z,2026-09-28T10:01:23.014Z,7
DEMO-DEV-5793,565,2022-10-05T19:03:37.026Z,2026-09-26T16:22:14.165Z,7
DEMO-DEV-8039,565,2022-10-02T10:56:01.929Z,2026-09-30T04:52:43.738Z,6
DEMO-DEV-2417,564,2022-10-03T09:21:21.485Z,2026-09-29T15:57:04.497Z,7
DEMO-DEV-4865,564,2022-10-06T12:32:23.365Z,2026-09-25T16:56:22.026Z,7
DEMO-DEV-5413,564,2022-10-02T01:38:46.308Z,2026-09-29T08:33:35.165Z,6
DEMO-DEV-6929,564,2022-10-02T14:00:01.653Z,2026-09-28T13:16:11.234Z,6
DEMO-DEV-7159,564,2022-10-01T14:54:50.308Z,2026-09-29T14:20:32.224Z,7
DEMO-DEV-7994,564,2022-10-02T00:08:32.913Z,2026-09-21T17:20:35.455Z,7
DEMO-DEV-4436,563,2022-10-11T07:37:29.968Z,2026-09-28T05:48:54.799Z,7
DEMO-DEV-6589,563,2022-10-01T16:24:30.308Z,2026-09-27T18:16:39.138Z,6
DEMO-DEV-8659,563,2022-10-03T16:51:40.003Z,2026-09-28T12:53:29.714Z,7
DEMO-DEV-3441,562,2022-10-02T17:30:05.205Z,2026-09-30T06:34:58.949Z,6
DEMO-DEV-9036,562,2022-10-01T18:24:11.648Z,2026-09-23T23:25:27.460Z,7
DEMO-DEV-2636,561,2022-10-01T20:49:57.446Z,2026-09-27T22:00:54.190Z,7
DEMO-DEV-7409,561,2022-10-03T03:40:59.614Z,2026-09-29T02:28:09.976Z,7
DEMO-DEV-0281,560,2022-10-02T07:51:37.692Z,2026-09-25T15:42:36.120Z,6
DEMO-DEV-2319,560,2022-10-03T01:22:59.370Z,2026-09-29T17:03:05.817Z,7
DEMO-DEV-6230,560,2022-10-06T22:04:00.785Z,2026-09-29T03:13:37.366Z,7
DEMO-DEV-6276,560,2022-10-02T04:50:13.692Z,2026-09-25T22:07:55.785Z,6
DEMO-DEV-6852,560,2022-10-02T17:17:07.075Z,2026-09-27T11:28:23.636Z,7
DEMO-DEV-0130,559,2022-10-01T23:17:07.989Z,2026-09-29T14:47:54.387Z,7
DEMO-DEV-0656,559,2022-10-01T13:58:20.134Z,2026-09-22T20:34:03.864Z,6
DEMO-DEV-1081,559,2022-10-03T01:51:39.485Z,2026-09-20T21:47:21.735Z,7
DEMO-DEV-1955,559,2022-10-07T09:03:59.218Z,2026-09-27T04:59:48.666Z,7
DEMO-DEV-5976,559,2022-10-02T00:17:29.885Z,2026-09-29T18:23:06.870Z,7
DEMO-DEV-6432,559,2022-10-01T21:38:02.863Z,2026-09-29T20:47:32.403Z,6
DEMO-DEV-7696,559,2022-10-01T22:01:01.524Z,2026-09-27T21:48:44.224Z,7
DEMO-DEV-7934,559,2022-10-06T07:11:17.811Z,2026-09-28T19:54:32.682Z,7
DEMO-DEV-8972,559,2022-10-01T15:19:49.993Z,2026-09-29T14:04:36.929Z,7
DEMO-DEV-2409,558,2022-10-01T23:01:12.021Z,2026-09-28T17:21:43.993Z,7
DEMO-DEV-3107,558,2022-10-05T01:59:35.605Z,2026-09-29T07:48:19.253Z,7
DEMO-DEV-6803,558,2022-10-04T09:37:33.714Z,2026-09-25T04:39:59.754Z,7
DEMO-DEV-9074,558,2022-10-03T12:11:58.803Z,2026-09-22T13:41:41.824Z,7
DEMO-DEV-9437,558,2022-10-02T03:10:04.846Z,2026-09-25T21:24:30.929Z,7
DEMO-DEV-0003,557,2022-10-01T12:46:40.203Z,2026-09-30T05:14:18.219Z,6
DEMO-DEV-1625,557,2022-10-05T06:25:01.556Z,2026-09-27T19:16:24.527Z,6
DEMO-DEV-1766,557,2022-10-02T13:21:53.915Z,2026-09-30T01:19:38.870Z,6
DEMO-DEV-5681,557,2022-10-03T14:19:54.929Z,2026-09-27T17:00:52.992Z,6
DEMO-DEV-5887,557,2022-10-02T08:32:52.024Z,2026-09-30T08:23:12.584Z,7
DEMO-DEV-6948,557,2022-10-02T15:27:41.308Z,2026-09-28T03:51:56.063Z,6
DEMO-DEV-9389,557,2022-10-01T11:07:39.370Z,2026-09-27T18:53:20.885Z,6
DEMO-DEV-4453,556,2022-10-04T02:09:07.974Z,2026-09-30T08:13:02.668Z,6
DEMO-DEV-5518,556,2022-10-02T09:35:10.252Z,2026-09-29T02:13:55.557Z,7
DEMO-DEV-7343,556,2022-10-01T19:31:34.792Z,2026-09-23T06:45:30.527Z,7
DEMO-DEV-8211,556,2022-10-07T03:44:52.345Z,2026-09-24T06:37:55.692Z,7
DEMO-DEV-8258,556,2022-10-01T15:46:20.527Z,2026-09-25T10:44:58.165Z,7
DEMO-DEV-8860,556,2022-10-05T08:41:18.752Z,2026-09-21T05:14:52.885Z,7
DEMO-DEV-0382,555,2022-10-05T18:42:51.226Z,2026-09-28T02:11:54.976Z,7
DEMO-DEV-0875,555,2022-10-02T20:16:15.868Z,2026-09-21T16:47:08.612Z,6
DEMO-DEV-3642,555,2022-10-04T03:48:59.354Z,2026-09-29T14:41:22.203Z,7
DEMO-DEV-3951,555,2022-10-02T04:48:27.302Z,2026-09-29T15:13:22.325Z,6
DEMO-DEV-4574,555,2022-10-05T23:18:49.446Z,2026-09-28T02:22:37.682Z,7
DEMO-DEV-5341,555,2022-10-01T21:01:28.836Z,2026-09-24T16:29:45.080Z,7
DEMO-DEV-5724,555,2022-10-03T16:22:37.985Z,2026-09-29T08:53:43.989Z,7
DEMO-DEV-6310,555,2022-10-01T18:58:13.784Z,2026-09-29T23:10:06.752Z,7
DEMO-DEV-7903,555,2022-10-04T01:24:00.040Z,2026-09-25T05:42:56.308Z,7
DEMO-DEV-9950,555,2022-10-06T02:47:12.219Z,2026-09-28T17:49:27.167Z,7
DEMO-DEV-1187,554,2022-10-05T10:03:23.868Z,2026-09-27T01:12:58.173Z,7
DEMO-DEV-2492,554,2022-10-01T23:51:50.825Z,2026-09-15T22:33:08.682Z,7
DEMO-DEV-2585,554,2022-10-01T17:57:53.298Z,2026-09-29T12:06:33.300Z,7
DEMO-DEV-2607,554,2022-10-02T02:56:51.702Z,2026-09-30T04:07:50.914Z,6
DEMO-DEV-3733,554,2022-10-03T20:48:11.253Z,2026-09-25T21:33:26.915Z,7
DEMO-DEV-3836,554,2022-10-02T09:39:53.778Z,2026-09-29T16:04:51.172Z,6
DEMO-DEV-4861,554,2022-10-12T07:04:45.063Z,2026-09-27T12:18:42.966Z,5
DEMO-DEV-5496,554,2022-10-04T01:08:05.057Z,2026-09-27T11:02:42.500Z,7
DEMO-DEV-5893,554,2022-10-01T12:48:17.661Z,2026-09-11T09:48:18.799Z,7
DEMO-DEV-6392,554,2022-10-03T12:02:30.308Z,2026-09-29T14:36:12.969Z,7
DEMO-DEV-6668,554,2022-10-02T23:28:44.443Z,2026-09-30T04:46:52.668Z,7
DEMO-DEV-7637,554,2022-10-01T16:33:48.246Z,2026-09-29T21:52:37.466Z,7
DEMO-DEV-7928,554,2022-10-07T06:39:27.352Z,2026-09-27T12:37:20.428Z,7
DEMO-DEV-8105,554,2022-10-02T03:37:13.658Z,2026-09-24T06:06:09.027Z,7
DEMO-DEV-8458,554,2022-10-04T16:29:53.080Z,2026-09-30T08:13:18.661Z,7
DEMO-DEV-9234,554,2022-10-01T16:09:21.183Z,2026-09-29T11:55:13.948Z,7
DEMO-DEV-9937,554,2022-10-03T13:05:22.120Z,2026-09-29T05:10:41.692Z,6
DEMO-DEV-0581,553,2022-10-01T17:45:44.272Z,2026-09-27T22:08:34.264Z,7
DEMO-DEV-0841,553,2022-10-01T14:43:09.203Z,2026-09-29T18:09:09.806Z,6
DEMO-DEV-1056,553,2022-10-01T11:57:14.653Z,2026-09-26T10:34:21.014Z,6
DEMO-DEV-4404,553,2022-10-01T23:30:21.368Z,2026-09-25T11:17:51.446Z,7
DEMO-DEV-4651,553,2022-10-05T06:45:45.428Z,2026-09-26T03:33:28.966Z,7
DEMO-DEV-6675,553,2022-10-03T03:49:45.183Z,2026-09-29T13:52:06.523Z,7
DEMO-DEV-7426,553,2022-10-02T14:58:36.799Z,2026-09-28T18:10:12.192Z,6
DEMO-DEV-8872,553,2022-10-03T03:23:57.658Z,2026-09-29T03:27:07.319Z,7
DEMO-DEV-8980,553,2022-10-04T05:20:27.219Z,2026-09-27T10:57:34.226Z,6
DEMO-DEV-9426,553,2022-10-03T06:29:50.203Z,2026-09-30T07:14:38.394Z,7
DEMO-DEV-9624,553,2022-10-06T18:31:52.976Z,2026-09-30T01:24:32.913Z,6
DEMO-DEV-1353,552,2022-10-01T19:49:16.738Z,2026-09-27T03:16:18.172Z,7
DEMO-DEV-1459,552,2022-10-05T12:26:17.816Z,2026-09-29T17:16:22.688Z,6
DEMO-DEV-2508,552,2022-10-03T20:56:03.165Z,2026-09-28T14:38:03.537Z,6
DEMO-DEV-3280,552,2022-10-07T14:19:09.337Z,2026-09-27T06:52:49.503Z,6
DEMO-DEV-4372,552,2022-10-01T11:50:57.428Z,2026-09-25T01:51:39.183Z,7
DEMO-DEV-5461,552,2022-10-02T14:43:02.246Z,2026-09-29T12:06:29.948Z,7
DEMO-DEV-7022,552,2022-10-01T13:22:57.505Z,2026-09-28T07:42:29.232Z,7
DEMO-DEV-8230,552,2022-10-03T22:44:04.851Z,2026-09-23T15:27:09.224Z,7
DEMO-DEV-9955,552,2022-10-02T06:55:56.676Z,2026-09-30T06:31:04.120Z,7
DEMO-DEV-0954,551,2022-10-03T10:29:45.446Z,2026-09-24T21:33:41.254Z,7
DEMO-DEV-2344,551,2022-10-02T19:08:17.298Z,2026-09-30T03:16:05.315Z,7
DEMO-DEV-2540,551,2022-10-04T18:35:30.612Z,2026-09-28T02:10:27.661Z,7
DEMO-DEV-2792,551,2022-10-04T01:45:36.442Z,2026-09-29T15:16:35.497Z,6
DEMO-DEV-3585,551,2022-10-02T03:33:59.090Z,2026-09-28T14:12:57.387Z,7
DEMO-DEV-4292,551,2022-10-11T22:18:47.817Z,2026-09-20T18:04:18.204Z,6
DEMO-DEV-5066,551,2022-10-07T22:39:49.599Z,2026-09-27T11:12:25.913Z,6
DEMO-DEV-5265,551,2022-10-02T10:29:23.974Z,2026-09-28T04:07:52.073Z,6
DEMO-DEV-5635,551,2022-10-01T16:13:57.885Z,2026-09-29T03:43:47.246Z,7
DEMO-DEV-7515,551,2022-10-11T17:11:36.865Z,2026-09-30T07:32:20.337Z,7
DEMO-DEV-7841,551,2022-10-01T10:53:30.975Z,2026-09-27T15:20:04.782Z,6
DEMO-DEV-7997,551,2022-10-06T03:05:32.345Z,2026-09-29T17:50:20.155Z,6
DEMO-DEV-8880,551,2022-10-02T06:18:18.892Z,2026-09-30T00:48:52.168Z,6
DEMO-DEV-9313,551,2022-10-07T05:44:07.446Z,2026-09-28T17:28:07.307Z,7
DEMO-DEV-9412,551,2022-10-05T16:20:08.015Z,2026-09-30T05:01:16.080Z,7
DEMO-DEV-9472,551,2022-10-03T22:40:17.138Z,2026-09-28T11:55:18.442Z,7
DEMO-DEV-9720,551,2022-10-01T09:58:05.172Z,2026-09-28T21:07:38.387Z,7
DEMO-DEV-0288,550,2022-10-04T11:26:20.702Z,2026-09-30T01:21:54.161Z,7
DEMO-DEV-0374,550,2022-10-08T21:09:46.870Z,2026-09-23T05:45:02.752Z,6
DEMO-DEV-0415,550,2022-10-10T18:43:03.727Z,2026-09-30T01:46:19.870Z,7
DEMO-DEV-0431,550,2022-10-02T12:38:35.870Z,2026-09-27T06:52:20.765Z,7
DEMO-DEV-2904,550,2022-10-03T12:32:52.391Z,2026-09-29T23:59:00.428Z,6
DEMO-DEV-3772,550,2022-10-04T02:40:01.692Z,2026-09-28T14:55:43.929Z,7
DEMO-DEV-4732,550,2022-10-02T21:45:27.205Z,2026-09-28T23:40:36.879Z,7
DEMO-DEV-5052,550,2022-10-06T08:37:47.926Z,2026-09-28T22:45:44.557Z,7
DEMO-DEV-6147,550,2022-10-08T01:14:42.225Z,2026-09-29T21:41:38.785Z,7
DEMO-DEV-6313,550,2022-10-01T18:15:39.446Z,2026-09-29T21:43:43.167Z,6
DEMO-DEV-7075,550,2022-10-01T09:20:06.639Z,2026-09-29T23:57:48.612Z,7
DEMO-DEV-7766,550,2022-10-02T06:12:26.183Z,2026-09-30T01:03:30.254Z,7
DEMO-DEV-7905,550,2022-10-04T13:54:40.415Z,2026-09-30T00:46:08.192Z,6
DEMO-DEV-9558,550,2022-10-01T21:25:14.300Z,2026-09-29T11:17:31.352Z,7
DEMO-DEV-0169,549,2022-10-01T18:29:55.816Z,2026-09-27T03:27:41.087Z,7
DEMO-DEV-0894,549,2022-10-02T12:57:57.250Z,2026-09-25T20:44:28.666Z,7
DEMO-DEV-3718,549,2022-10-01T20:09:39.307Z,2026-09-30T07:57:30.037Z,7
DEMO-DEV-3949,549,2022-10-10T00:47:59.037Z,2026-09-29T00:48:20.965Z,7
DEMO-DEV-4808,549,2022-10-01T23:51:35.816Z,2026-09-29T07:04:45.442Z,7
DEMO-DEV-5071,549,2022-10-05T09:11:22.989Z,2026-09-29T19:44:54.870Z,7
DEMO-DEV-5497,549,2022-10-03T12:59:49.865Z,2026-09-27T21:12:34.239Z,7
DEMO-DEV-5560,549,2022-10-03T17:34:29.859Z,2026-09-30T07:22:06.612Z,6
DEMO-DEV-6495,549,2022-10-04T15:27:55.578Z,2026-09-30T00:37:39.782Z,7
DEMO-DEV-6559,549,2022-10-02T08:09:36.511Z,2026-09-29T08:48:56.272Z,7
DEMO-DEV-6607,549,2022-10-08T18:34:17.291Z,2026-09-30T02:41:17.989Z,7
DEMO-DEV-7236,549,2022-10-01T22:49:00.929Z,2026-09-25T21:43:51.391Z,7
DEMO-DEV-7775,549,2022-10-08T02:42:01.873Z,2026-09-29T17:00:51.792Z,7
DEMO-DEV-7953,549,2022-10-03T12:27:09.155Z,2026-09-29T04:44:23.607Z,6
DEMO-DEV-9124,549,2022-10-01T13:24:58.087Z,2026-09-30T03:30:07.160Z,7
DEMO-DEV-9843,549,2022-10-11T03:28:12.003Z,2026-09-28T19:44:20.976Z,7
DEMO-DEV-0466,548,2022-10-02T00:05:32.319Z,2026-09-23T22:12:35.915Z,7
DEMO-DEV-2107,548,2022-10-09T11:17:36.795Z,2026-09-28T06:24:09.221Z,7
DEMO-DEV-2651,548,2022-10-03T14:27:11.080Z,2026-09-26T07:48:19.160Z,7
DEMO-DEV-2680,548,2022-10-02T08:25:59.402Z,2026-09-30T07:51:49.123Z,7
DEMO-DEV-2825,548,2022-10-03T01:08:58.965Z,2026-09-30T00:01:30.222Z,7
DEMO-DEV-3644,548,2022-10-07T05:26:23.397Z,2026-09-25T20:22:12.524Z,6
DEMO-DEV-4105,548,2022-10-02T18:08:14.038Z,2026-09-30T07:07:07.778Z,6
DEMO-DEV-4315,548,2022-10-04T10:05:09.891Z,2026-09-27T10:15:19.150Z,7
DEMO-DEV-5397,548,2022-10-05T16:33:09.298Z,2026-09-28T21:40:09.485Z,7
DEMO-DEV-5434,548,2022-10-01T10:38:16.870Z,2026-09-27T09:48:28.272Z,7
DEMO-DEV-5531,548,2022-10-08T23:04:54.370Z,2026-09-28T20:57:36.786Z,7
DEMO-DEV-5814,548,2022-10-02T23:11:08.325Z,2026-09-26T17:56:38.472Z,7
DEMO-DEV-5869,548,2022-10-01T20:48:43.123Z,2026-09-27T06:42:08.618Z,7
DEMO-DEV-5889,548,2022-10-03T15:43:10.460Z,2026-09-28T15:34:54.668Z,6
DEMO-DEV-6606,548,2022-10-03T18:12:39.134Z,2026-09-27T20:56:06.511Z,7
DEMO-DEV-8010,548,2022-10-04T08:52:10.172Z,2026-09-28T01:13:06.397Z,7
DEMO-DEV-8830,548,2022-10-03T07:17:03.370Z,2026-09-30T06:08:55.442Z,7
DEMO-DEV-9141,548,2022-10-02T03:21:45.015Z,2026-09-30T02:42:25.442Z,6
DEMO-DEV-9351,548,2022-10-02T20:35:20.948Z,2026-09-28T10:42:15.236Z,7
DEMO-DEV-9370,548,2022-10-03T13:53:42.218Z,2026-09-29T10:21:09.578Z,7
DEMO-DEV-2031,547,2022-10-05T12:14:16.752Z,2026-09-29T18:38:35.948Z,6
DEMO-DEV-2282,547,2022-10-02T17:04:21.975Z,2026-09-29T05:53:42.682Z,6
DEMO-DEV-2851,547,2022-10-05T15:24:10.727Z,2026-09-30T05:10:00.804Z,6
DEMO-DEV-3422,547,2022-10-03T18:03:48.236Z,2026-09-28T17:42:22.493Z,7
DEMO-DEV-3675,547,2022-10-01T21:07:36.806Z,2026-09-28T14:58:13.993Z,7
DEMO-DEV-5041,547,2022-10-03T05:10:19.841Z,2026-09-27T06:44:40.472Z,6
DEMO-DEV-5045,547,2022-10-03T12:55:46.754Z,2026-09-29T19:25:18.851Z,7
DEMO-DEV-5254,547,2022-10-02T03:01:20.648Z,2026-09-22T16:47:51.682Z,7
DEMO-DEV-6265,547,2022-10-03T04:36:11.752Z,2026-09-30T05:03:20.976Z,6
DEMO-DEV-6500,547,2022-10-03T14:35:04.337Z,2026-09-27T12:38:01.873Z,7
DEMO-DEV-6683,547,2022-10-04T09:07:20.949Z,2026-09-22T03:42:20.646Z,7
DEMO-DEV-7044,547,2022-10-07T02:00:41.987Z,2026-09-29T10:45:51.325Z,6
DEMO-DEV-7057,547,2022-10-03T00:27:44.045Z,2026-09-29T16:34:28.037Z,7
DEMO-DEV-7604,547,2022-10-10T22:30:34.966Z,2026-09-30T07:55:25.390Z,6
DEMO-DEV-7839,547,2022-10-04T14:12:38.365Z,2026-09-27T07:48:44.653Z,6
DEMO-DEV-8214,547,2022-10-01T23:21:53.264Z,2026-09-28T16:24:47.993Z,6
DEMO-DEV-8327,547,2022-10-04T11:46:48.172Z,2026-09-23T04:44:59.578Z,7
DEMO-DEV-8424,547,2022-10-03T08:45:18.914Z,2026-09-26T07:59:32.026Z,6
DEMO-DEV-8431,547,2022-10-01T19:54:57.658Z,2026-09-28T05:07:24.493Z,7
DEMO-DEV-9026,547,2022-10-10T17:13:28.658Z,2026-09-28T15:52:15.511Z,6
DEMO-DEV-9236,547,2022-10-08T09:01:42.403Z,2026-09-29T13:10:07.068Z,7
DEMO-DEV-9599,547,2022-10-01T19:55:16.915Z,2026-09-24T20:04:45.302Z,7
DEMO-DEV-9761,547,2022-10-03T11:54:56.160Z,2026-09-26T04:57:49.612Z,7
DEMO-DEV-1042,546,2022-10-01T12:22:39.523Z,2026-09-26T21:57:41.063Z,7
DEMO-DEV-2125,546,2022-10-02T01:22:49.238Z,2026-09-25T22:43:29.778Z,7
DEMO-DEV-2138,546,2022-10-04T00:15:45.365Z,2026-09-29T15:54:05.203Z,7
DEMO-DEV-2297,546,2022-10-06T05:24:54.190Z,2026-09-29T16:28:21.557Z,6
DEMO-DEV-2429,546,2022-10-01T16:05:18.599Z,2026-09-28T13:46:28.315Z,7
DEMO-DEV-2615,546,2022-10-01T22:31:48.752Z,2026-09-29T13:00:30.792Z,7
DEMO-DEV-2788,546,2022-10-01T17:53:49.817Z,2026-09-29T06:58:12.985Z,6
DEMO-DEV-3558,546,2022-10-04T15:43:21.014Z,2026-09-27T18:13:01.221Z,7
DEMO-DEV-3816,546,2022-10-02T15:19:30.975Z,2026-09-29T11:47:49.989Z,7
DEMO-DEV-3894,546,2022-10-02T12:09:49.929Z,2026-09-25T10:05:50.026Z,7
DEMO-DEV-4008,546,2022-10-02T14:03:27.057Z,2026-09-29T06:52:14.545Z,6
DEMO-DEV-4194,546,2022-10-02T03:32:29.232Z,2026-09-25T19:45:14.537Z,7
DEMO-DEV-5823,546,2022-10-06T19:28:20.975Z,2026-09-22T13:59:45.752Z,7
DEMO-DEV-5995,546,2022-10-01T15:09:25.397Z,2026-09-29T06:01:39.165Z,6
DEMO-DEV-6426,546,2022-10-02T11:00:38.460Z,2026-09-29T20:18:07.264Z,6
DEMO-DEV-6490,546,2022-10-02T05:19:35.752Z,2026-09-30T04:18:04.298Z,7
DEMO-DEV-6781,546,2022-10-03T20:54:09.208Z,2026-09-29T12:30:44.308Z,7
DEMO-DEV-6855,546,2022-10-01T14:01:18.879Z,2026-09-27T13:39:19.846Z,7
DEMO-DEV-7020,546,2022-10-04T01:19:43.442Z,2026-09-30T03:25:35.394Z,6
DEMO-DEV-7214,546,2022-10-08T07:00:34.455Z,2026-09-27T17:27:21.892Z,7
DEMO-DEV-7716,546,2022-10-02T03:05:43.688Z,2026-09-29T17:15:37.873Z,7
DEMO-DEV-7967,546,2022-10-01T09:35:19.026Z,2026-09-29T19:55:44.173Z,7
DEMO-DEV-8564,546,2022-10-02T08:26:33.045Z,2026-09-26T03:52:59.211Z,7
DEMO-DEV-8712,546,2022-10-06T13:29:05.357Z,2026-09-28T13:52:31.218Z,6
DEMO-DEV-8883,546,2022-10-02T15:10:36.556Z,2026-09-29T17:55:03.843Z,7
DEMO-DEV-8928,546,2022-10-06T03:58:53.415Z,2026-09-29T16:37:31.555Z,7
DEMO-DEV-9254,546,2022-10-07T08:37:58.806Z,2026-09-24T01:31:07.785Z,7
DEMO-DEV-9362,546,2022-10-09T03:03:17.537Z,2026-09-22T23:30:51.205Z,7
DEMO-DEV-9456,546,2022-10-05T21:46:19.993Z,2026-09-27T07:15:08.139Z,7
DEMO-DEV-0074,545,2022-10-05T14:00:34.192Z,2026-09-30T05:37:14.307Z,6
DEMO-DEV-0244,545,2022-10-05T14:49:46.836Z,2026-09-26T17:33:00.784Z,7
DEMO-DEV-0260,545,2022-10-07T18:50:33.253Z,2026-09-30T07:40:20.138Z,7
DEMO-DEV-0495,545,2022-10-02T04:07:48.264Z,2026-09-29T18:57:25.428Z,7
DEMO-DEV-0675,545,2022-10-02T02:42:15.120Z,2026-09-24T17:27:32.057Z,7
DEMO-DEV-0914,545,2022-10-04T05:40:04.653Z,2026-09-28T13:21:48.859Z,7
DEMO-DEV-1045,545,2022-10-04T01:54:41.354Z,2026-09-29T09:32:18.968Z,7
DEMO-DEV-1062,545,2022-10-06T18:14:39.568Z,2026-09-27T23:19:58.591Z,7
DEMO-DEV-1100,545,2022-10-01T14:03:52.221Z,2026-09-29T21:29:20.792Z,7
DEMO-DEV-1150,545,2022-10-08T21:07:51.015Z,2026-09-26T07:30:15.337Z,7
DEMO-DEV-1973,545,2022-10-03T10:35:47.192Z,2026-09-28T16:19:09.795Z,7
DEMO-DEV-2386,545,2022-10-09T23:30:31.799Z,2026-09-28T07:55:16.803Z,6
DEMO-DEV-3424,545,2022-10-06T07:25:30.239Z,2026-09-28T09:01:38.799Z,7
DEMO-DEV-3884,545,2022-10-04T04:07:01.189Z,2026-09-29T11:07:03.500Z,7
DEMO-DEV-4124,545,2022-10-02T23:32:06.992Z,2026-09-29T22:03:28.846Z,7
DEMO-DEV-4286,545,2022-10-02T15:14:17.597Z,2026-09-26T04:53:40.949Z,6
DEMO-DEV-4807,545,2022-10-07T12:54:00.222Z,2026-09-28T17:30:39.692Z,6
DEMO-DEV-4902,545,2022-10-05T19:06:33.949Z,2026-09-30T03:17:53.968Z,7
DEMO-DEV-5120,545,2022-10-03T00:01:16.172Z,2026-09-26T18:09:07.073Z,7
DEMO-DEV-5488,545,2022-10-04T22:54:09.443Z,2026-09-26T03:10:26.969Z,6
DEMO-DEV-5607,545,2022-10-01T09:46:47.511Z,2026-09-23T06:09:31.658Z,7
DEMO-DEV-6256,545,2022-10-02T04:08:20.519Z,2026-09-29T07:22:30.319Z,7
DEMO-DEV-7173,545,2022-10-04T01:40:47.778Z,2026-09-27T11:05:16.929Z,7
DEMO-DEV-7549,545,2022-10-01T11:28:54.394Z,2026-09-20T18:51:29.307Z,6
DEMO-DEV-7561,545,2022-10-05T19:56:33.402Z,2026-09-26T15:58:02.752Z,5
DEMO-DEV-9778,545,2022-10-01T17:42:07.843Z,2026-09-23T18:21:50.462Z,6
DEMO-DEV-1155,544,2022-10-01T20:31:28.063Z,2026-09-27T18:38:37.668Z,7
DEMO-DEV-1679,544,2022-10-06T11:49:09.238Z,2026-09-27T22:14:43.368Z,6
DEMO-DEV-2307,544,2022-10-01T13:13:35.612Z,2026-09-28T06:56:03.357Z,7
DEMO-DEV-2638,544,2022-10-02T01:59:57.246Z,2026-09-29T09:45:47.203Z,6
DEMO-DEV-2925,544,2022-10-01T21:23:12.523Z,2026-09-29T03:14:09.710Z,7
DEMO-DEV-2989,544,2022-10-04T01:21:32.793Z,2026-09-29T19:36:18.527Z,7
DEMO-DEV-4549,544,2022-10-01T11:19:28.929Z,2026-09-26T20:45:11.239Z,6
DEMO-DEV-5237,544,2022-10-03T09:00:56.754Z,2026-09-28T20:42:35.391Z,6
DEMO-DEV-5913,544,2022-10-03T03:09:03.842Z,2026-09-29T20:54:27.455Z,7
DEMO-DEV-6130,544,2022-10-02T11:44:45.352Z,2026-09-30T00:48:14.325Z,7
DEMO-DEV-6267,544,2022-10-02T02:47:36.319Z,2026-09-28T23:09:51.917Z,6
DEMO-DEV-6517,544,2022-10-03T05:04:57.511Z,2026-09-30T07:09:28.368Z,6
DEMO-DEV-6774,544,2022-10-03T07:02:17.211Z,2026-09-28T22:41:32.799Z,7
DEMO-DEV-7186,544,2022-10-02T14:36:22.026Z,2026-09-30T00:43:42.224Z,7
DEMO-DEV-7215,544,2022-10-09T05:23:00.666Z,2026-09-26T11:17:46.913Z,7
DEMO-DEV-7451,544,2022-10-01T08:36:06.230Z,2026-09-29T20:41:01.929Z,6
DEMO-DEV-8131,544,2022-10-03T23:12:02.160Z,2026-09-30T04:35:06.063Z,7
DEMO-DEV-8165,544,2022-10-02T03:16:40.824Z,2026-09-26T18:50:18.428Z,6
DEMO-DEV-8463,544,2022-10-04T05:07:24.167Z,2026-09-28T16:19:20.302Z,7
DEMO-DEV-9706,544,2022-10-05T11:02:48.238Z,2026-09-25T06:21:08.692Z,7
DEMO-DEV-9903,544,2022-10-03T22:38:54.513Z,2026-09-29T05:36:00.926Z,7
DEMO-DEV-9920,544,2022-10-01T23:25:58.811Z,2026-09-30T05:07:22.300Z,7
DEMO-DEV-9988,544,2022-10-07T04:53:42.682Z,2026-09-29T08:43:30.211Z,6
DEMO-DEV-0915,543,2022-10-01T23:10:09.307Z,2026-09-21T08:07:01.806Z,7
DEMO-DEV-0959,543,2022-10-01T14:46:27.661Z,2026-09-30T01:31:46.846Z,7
DEMO-DEV-1046,543,2022-10-01T20:44:11.325Z,2026-09-28T03:48:22.208Z,7
DEMO-DEV-1108,543,2022-10-01T14:56:03.863Z,2026-09-29T15:18:43.298Z,7
DEMO-DEV-1441,543,2022-10-02T22:06:32.057Z,2026-09-22T17:39:42.668Z,7
DEMO-DEV-1703,543,2022-10-04T19:23:53.524Z,2026-09-27T23:58:46.370Z,7
DEMO-DEV-2416,543,2022-10-05T03:11:15.368Z,2026-09-30T05:59:33.319Z,7
DEMO-DEV-2828,543,2022-10-03T23:06:54.218Z,2026-09-30T08:00:51.786Z,7
DEMO-DEV-3119,543,2022-10-08T07:21:25.472Z,2026-09-26T02:33:58.846Z,7
DEMO-DEV-3814,543,2022-10-02T02:46:33.556Z,2026-09-29T13:23:42.792Z,7
DEMO-DEV-4010,543,2022-10-02T18:32:53.300Z,2026-09-28T02:58:25.668Z,7
DEMO-DEV-4740,543,2022-10-04T18:31:00.795Z,2026-09-28T20:25:13.120Z,6
DEMO-DEV-4822,543,2022-10-01T13:53:19.192Z,2026-09-24T05:35:57.222Z,6
DEMO-DEV-5714,543,2022-10-03T16:00:01.885Z,2026-09-29T05:07:44.727Z,7
DEMO-DEV-6053,543,2022-10-03T00:12:43.556Z,2026-09-29T15:08:26.500Z,6
DEMO-DEV-6126,543,2022-10-04T23:12:21.221Z,2026-09-30T06:59:54.976Z,6
DEMO-DEV-6724,543,2022-10-02T05:20:34.307Z,2026-09-26T05:02:25.817Z,7
DEMO-DEV-6734,543,2022-10-06T06:22:37.470Z,2026-09-23T17:50:04.825Z,6
DEMO-DEV-6889,543,2022-10-03T04:07:14.735Z,2026-09-30T02:26:02.155Z,7
DEMO-DEV-6908,543,2022-10-04T13:04:43.254Z,2026-09-29T22:35:10.639Z,7
DEMO-DEV-7080,543,2022-10-03T17:20:53.682Z,2026-09-29T17:57:33.784Z,6
DEMO-DEV-7261,543,2022-10-04T12:13:38.428Z,2026-09-12T23:30:18.811Z,7
DEMO-DEV-7676,543,2022-10-02T06:45:10.655Z,2026-09-27T02:08:59.987Z,6
DEMO-DEV-7762,543,2022-10-05T14:32:12.204Z,2026-09-29T07:23:24.658Z,7
DEMO-DEV-8116,543,2022-10-02T01:13:29.607Z,2026-09-28T04:32:18.811Z,7
DEMO-DEV-8446,543,2022-10-03T06:50:38.289Z,2026-09-27T12:04:23.839Z,7
DEMO-DEV-8726,543,2022-10-03T17:36:36.612Z,2026-09-27T13:23:45.225Z,7
DEMO-DEV-9135,543,2022-10-03T08:07:03.462Z,2026-09-19T07:59:21.250Z,7
DEMO-DEV-9220,543,2022-10-03T12:48:33.161Z,2026-09-26T14:03:56.075Z,7
DEMO-DEV-9671,543,2022-10-06T20:51:55.428Z,2026-09-25T05:07:37.765Z,7
DEMO-DEV-9926,543,2022-10-02T17:30:53.503Z,2026-09-29T19:22:47.884Z,7
DEMO-DEV-0007,542,2022-10-07T01:07:46.804Z,2026-09-29T00:42:29.387Z,7
DEMO-DEV-0016,542,2022-10-02T16:35:34.597Z,2026-09-29T07:08:06.264Z,6
DEMO-DEV-0484,542,2022-10-13T07:00:28.226Z,2026-09-29T11:07:12.014Z,6
DEMO-DEV-1066,542,2022-10-01T19:15:18.754Z,2026-09-28T11:08:16.443Z,7
DEMO-DEV-1414,542,2022-10-02T09:43:56.472Z,2026-09-30T07:26:58.658Z,7
DEMO-DEV-1554,542,2022-10-01T18:56:48.239Z,2026-09-19T13:44:31.238Z,7
DEMO-DEV-1644,542,2022-10-05T17:54:51.976Z,2026-09-28T23:07:59.846Z,6
DEMO-DEV-1717,542,2022-10-01T18:26:05.785Z,2026-09-29T01:33:57.786Z,7
DEMO-DEV-1777,542,2022-10-04T09:31:37.470Z,2026-09-27T06:05:05.021Z,7
DEMO-DEV-2142,542,2022-10-04T20:08:43.203Z,2026-09-29T06:00:27.752Z,6
DEMO-DEV-2215,542,2022-10-01T10:57:49.080Z,2026-09-29T01:30:32.505Z,6
DEMO-DEV-2863,542,2022-10-06T06:49:32.368Z,2026-09-23T18:59:45.160Z,6
DEMO-DEV-2867,542,2022-10-01T14:32:49.884Z,2026-09-27T21:06:47.993Z,7
DEMO-DEV-2899,542,2022-10-06T01:12:28.658Z,2026-09-24T22:30:06.368Z,6
DEMO-DEV-3061,542,2022-10-01T16:28:59.021Z,2026-09-27T15:03:43.253Z,7
DEMO-DEV-3757,542,2022-10-04T03:41:42.319Z,2026-09-28T23:10:57.226Z,6
DEMO-DEV-3887,542,2022-10-02T15:55:49.409Z,2026-09-26T21:43:06.863Z,6
DEMO-DEV-4331,542,2022-10-08T02:51:40.786Z,2026-09-29T13:17:17.735Z,7
DEMO-DEV-4653,542,2022-10-07T17:32:19.250Z,2026-09-27T01:34:29.003Z,7
DEMO-DEV-4734,542,2022-10-02T23:04:44.352Z,2026-09-30T00:34:06.785Z,7
DEMO-DEV-4772,542,2022-10-07T16:58:37.612Z,2026-09-29T17:24:49.714Z,7
DEMO-DEV-4913,542,2022-10-01T23:11:21.397Z,2026-09-24T00:13:02.782Z,7
DEMO-DEV-4926,542,2022-10-02T05:01:15.915Z,2026-09-30T08:00:39.993Z,7
DEMO-DEV-4941,542,2022-10-01T18:39:10.428Z,2026-09-30T02:05:29.599Z,7
DEMO-DEV-5193,542,2022-10-02T23:18:23.319Z,2026-09-26T13:40:30.307Z,6
DEMO-DEV-5970,542,2022-10-01T23:30:41.710Z,2026-09-27T11:17:47.239Z,7
DEMO-DEV-6096,542,2022-10-02T03:04:31.851Z,2026-09-24T23:37:45.357Z,7
DEMO-DEV-6179,542,2022-10-01T13:14:21.948Z,2026-09-24T07:47:13.824Z,7
DEMO-DEV-6317,542,2022-10-01T19:18:21.239Z,2026-09-20T23:07:22.211Z,7
DEMO-DEV-6571,542,2022-10-04T04:47:11.172Z,2026-09-29T12:10:50.754Z,6
DEMO-DEV-7139,542,2022-10-03T23:37:32.612Z,2026-09-28T05:13:50.599Z,7
DEMO-DEV-7169,542,2022-10-08T02:28:50.591Z,2026-09-27T15:35:31.989Z,7
DEMO-DEV-8492,542,2022-10-02T12:41:40.462Z,2026-09-28T11:38:18.965Z,6
DEMO-DEV-8551,542,2022-10-05T04:23:03.648Z,2026-09-28T23:09:17.870Z,7
DEMO-DEV-9409,542,2022-10-02T00:25:00.225Z,2026-09-26T23:21:24.636Z,6
DEMO-DEV-9483,542,2022-10-10T06:29:38.192Z,2026-09-23T16:40:08.409Z,7
DEMO-DEV-9829,542,2022-10-05T19:40:05.646Z,2026-09-24T07:49:32.974Z,7
DEMO-DEV-0320,541,2022-10-01T10:13:46.974Z,2026-09-27T14:12:11.253Z,6
DEMO-DEV-0482,541,2022-10-01T08:21:47.493Z,2026-09-20T10:32:11.949Z,7
DEMO-DEV-0562,541,2022-10-01T14:21:21.950Z,2026-09-30T03:14:53.692Z,7
DEMO-DEV-0754,541,2022-10-03T06:07:52.264Z,2026-09-26T23:47:08.784Z,7
DEMO-DEV-1402,541,2022-10-03T12:16:39.556Z,2026-09-27T10:02:28.139Z,6
DEMO-DEV-1409,541,2022-10-01T21:52:56.817Z,2026-09-29T01:41:27.192Z,7
DEMO-DEV-2150,541,2022-10-08T02:41:30.825Z,2026-09-24T06:42:25.120Z,7
DEMO-DEV-2775,541,2022-10-02T05:26:39.859Z,2026-09-29T11:36:43.442Z,7
DEMO-DEV-3099,541,2022-10-01T12:57:16.524Z,2026-09-25T22:57:48.443Z,7
DEMO-DEV-3482,541,2022-10-06T14:02:21.073Z,2026-09-30T00:37:46.868Z,5
DEMO-DEV-3499,541,2022-10-01T12:35:27.969Z,2026-09-23T20:51:20.160Z,6
DEMO-DEV-3529,541,2022-10-09T04:15:24.591Z,2026-09-29T02:15:21.225Z,7
DEMO-DEV-3912,541,2022-10-04T00:51:00.949Z,2026-09-29T02:42:42.618Z,6
DEMO-DEV-3966,541,2022-10-03T03:10:10.785Z,2026-09-22T15:25:46.057Z,7
DEMO-DEV-4168,541,2022-10-02T15:06:12.080Z,2026-09-28T15:28:54.357Z,7
DEMO-DEV-4255,541,2022-10-06T23:08:53.172Z,2026-09-27T02:26:17.173Z,6
DEMO-DEV-4386,541,2022-10-03T20:49:26.057Z,2026-09-25T23:53:29.446Z,7
DEMO-DEV-5387,541,2022-10-01T13:12:39.865Z,2026-09-28T01:37:22.037Z,7
DEMO-DEV-5613,541,2022-10-04T21:23:29.508Z,2026-09-26T12:03:24.415Z,6
DEMO-DEV-5699,541,2022-10-05T23:57:36.470Z,2026-09-28T04:32:43.080Z,6
DEMO-DEV-5850,541,2022-10-06T17:08:47.557Z,2026-09-28T02:18:58.015Z,7
DEMO-DEV-5921,541,2022-10-02T06:47:47.503Z,2026-09-29T22:30:21.811Z,7
DEMO-DEV-6171,541,2022-10-02T00:32:35.524Z,2026-09-26T10:30:15.173Z,7
DEMO-DEV-7823,541,2022-10-02T10:55:13.511Z,2026-09-25T03:27:51.307Z,7
DEMO-DEV-7829,541,2022-10-03T16:32:10.352Z,2026-09-29T23:14:38.236Z,7
DEMO-DEV-8154,541,2022-10-01T21:25:48.926Z,2026-09-30T07:23:59.816Z,6
DEMO-DEV-8674,541,2022-10-03T13:32:04.138Z,2026-09-29T16:33:36.472Z,7
DEMO-DEV-8913,541,2022-10-04T04:34:59.785Z,2026-09-21T12:53:46.077Z,7
DEMO-DEV-8919,541,2022-10-04T15:01:14.352Z,2026-09-27T12:35:56.803Z,7
DEMO-DEV-9392,541,2022-10-02T03:35:39.527Z,2026-09-30T03:23:08.884Z,7
DEMO-DEV-9680,541,2022-10-06T06:27:42.870Z,2026-09-30T05:39:30.993Z,7
DEMO-DEV-9991,541,2022-10-02T04:46:34.806Z,2026-09-27T06:37:42.253Z,7
DEMO-DEV-0323,540,2022-10-05T08:57:06.298Z,2026-09-25T05:28:31.315Z,6
DEMO-DEV-0830,540,2022-10-03T23:27:44.150Z,2026-09-26T18:53:24.917Z,6
DEMO-DEV-1070,540,2022-10-04T08:05:13.087Z,2026-09-30T08:21:43.325Z,7
DEMO-DEV-1408,540,2022-10-02T00:36:28.352Z,2026-09-26T11:50:21.523Z,7
DEMO-DEV-1564,540,2022-10-01T16:22:33.948Z,2026-09-30T02:11:34.782Z,7
DEMO-DEV-1952,540,2022-10-04T05:18:40.252Z,2026-09-28T11:33:56.987Z,7
DEMO-DEV-2548,540,2022-10-07T04:17:48.817Z,2026-09-26T08:48:37.391Z,7
DEMO-DEV-3259,540,2022-10-03T16:51:08.139Z,2026-09-24T01:48:32.891Z,6
DEMO-DEV-3395,540,2022-10-06T00:45:40.300Z,2026-09-27T08:57:04.037Z,7
DEMO-DEV-3593,540,2022-10-02T12:53:54.368Z,2026-09-28T09:36:47.885Z,6
DEMO-DEV-3800,540,2022-10-02T05:02:57.891Z,2026-09-29T13:46:44.914Z,7
DEMO-DEV-3882,540,2022-10-03T17:05:09.870Z,2026-09-26T10:26:41.682Z,7
DEMO-DEV-4221,540,2022-10-01T12:42:53.738Z,2026-09-30T07:50:54.792Z,7
DEMO-DEV-4339,540,2022-10-01T19:37:33.752Z,2026-09-28T10:27:26.289Z,7
DEMO-DEV-4670,540,2022-10-04T12:27:56.966Z,2026-09-28T09:07:59.173Z,6
DEMO-DEV-4692,540,2022-10-03T07:24:39.183Z,2026-09-28T11:56:13.403Z,6
DEMO-DEV-4778,540,2022-10-01T10:35:10.038Z,2026-09-20T20:53:25.949Z,6
DEMO-DEV-4846,540,2022-10-04T07:02:37.254Z,2026-09-28T17:40:25.208Z,7
DEMO-DEV-4920,540,2022-10-02T20:31:58.811Z,2026-09-28T03:18:06.949Z,7
DEMO-DEV-5196,540,2022-10-02T02:37:39.397Z,2026-09-10T05:03:25.173Z,7
DEMO-DEV-5309,540,2022-10-03T22:28:26.250Z,2026-09-28T10:36:35.037Z,7
DEMO-DEV-5426,540,2022-10-04T00:36:00.462Z,2026-09-28T15:01:07.870Z,7
DEMO-DEV-5551,540,2022-10-02T03:02:00.968Z,2026-09-29T02:14:50.045Z,7
DEMO-DEV-5840,540,2022-10-12T10:10:53.298Z,2026-09-28T11:02:24.390Z,7
DEMO-DEV-5883,540,2022-10-01T20:11:22.811Z,2026-09-29T11:26:20.784Z,7
DEMO-DEV-5994,540,2022-10-01T08:34:10.661Z,2026-09-29T06:00:20.870Z,7
DEMO-DEV-6403,540,2022-10-04T02:27:28.950Z,2026-09-30T00:22:33.793Z,7
DEMO-DEV-6674,540,2022-10-07T01:08:50.968Z,2026-09-27T16:30:57.160Z,7
DEMO-DEV-6756,540,2022-10-11T09:07:54.183Z,2026-09-28T01:09:58.345Z,7
DEMO-DEV-7061,540,2022-10-05T05:04:01.287Z,2026-09-29T12:49:48.974Z,7
DEMO-DEV-7748,540,2022-10-02T19:36:33.252Z,2026-09-27T04:18:49.676Z,7
DEMO-DEV-7763,540,2022-10-01T21:37:14.289Z,2026-09-25T02:21:31.976Z,7
DEMO-DEV-8207,540,2022-10-14T20:59:45.653Z,2026-09-24T09:51:41.120Z,6
DEMO-DEV-8232,540,2022-10-01T19:14:06.308Z,2026-09-29T14:31:02.222Z,6
DEMO-DEV-8432,540,2022-10-02T11:49:19.612Z,2026-09-28T07:16:06.599Z,6
DEMO-DEV-8470,540,2022-10-07T12:26:54.765Z,2026-09-30T05:14:39.891Z,6
DEMO-DEV-8881,540,2022-10-01T21:52:37.817Z,2026-09-29T07:12:13.824Z,6
DEMO-DEV-9066,540,2022-10-14T02:49:35.929Z,2026-09-30T01:19:10.511Z,6
DEMO-DEV-9195,540,2022-10-03T00:06:04.120Z,2026-09-23T05:02:38.795Z,7
DEMO-DEV-9911,540,2022-10-08T19:15:37.817Z,2026-09-29T08:20:42.646Z,7
DEMO-DEV-9983,540,2022-10-02T00:18:03.234Z,2026-09-30T03:43:45.183Z,7
DEMO-DEV-0435,539,2022-10-02T06:44:06.226Z,2026-09-27T07:57:26.442Z,6
DEMO-DEV-0728,539,2022-10-03T06:04:03.365Z,2026-09-28T06:34:25.778Z,7
DEMO-DEV-0861,539,2022-10-03T06:36:19.655Z,2026-09-25T05:09:48.238Z,7
DEMO-DEV-1047,539,2022-10-02T13:29:40.190Z,2026-09-28T12:22:42.985Z,7
DEMO-DEV-1981,539,2022-10-02T16:41:24.846Z,2026-09-30T07:03:10.173Z,6
DEMO-DEV-2104,539,2022-10-05T08:14:01.591Z,2026-09-29T21:38:51.778Z,7
DEMO-DEV-2810,539,2022-10-01T22:09:59.298Z,2026-09-20T03:54:49.337Z,6
DEMO-DEV-2900,539,2022-10-06T14:29:55.949Z,2026-09-29T00:57:35.315Z,6
DEMO-DEV-3011,539,2022-10-02T04:33:18.795Z,2026-09-29T02:44:22.806Z,6
DEMO-DEV-3518,539,2022-10-01T09:33:54.968Z,2026-09-27T11:16:30.523Z,7
DEMO-DEV-3573,539,2022-10-03T08:42:11.155Z,2026-09-24T06:36:51.658Z,7
DEMO-DEV-3920,539,2022-10-01T17:16:53.929Z,2026-09-28T19:40:19.442Z,6
DEMO-DEV-4308,539,2022-10-03T16:58:09.618Z,2026-09-28T23:37:46.607Z,7
DEMO-DEV-4320,539,2022-10-03T03:56:40.021Z,2026-09-23T15:59:28.513Z,7
DEMO-DEV-4509,539,2022-10-02T02:33:46.004Z,2026-09-25T14:11:21.968Z,7
DEMO-DEV-4987,539,2022-10-04T17:34:33.969Z,2026-09-23T15:42:34.073Z,7
DEMO-DEV-5007,539,2022-10-05T18:15:28.784Z,2026-09-29T09:31:35.268Z,7
DEMO-DEV-5304,539,2022-10-02T02:21:20.298Z,2026-09-22T00:00:14.843Z,7
DEMO-DEV-5468,539,2022-10-01T18:52:13.817Z,2026-09-30T03:07:51.057Z,6
DEMO-DEV-5980,539,2022-10-02T00:45:50.218Z,2026-09-27T04:00:34.288Z,6
DEMO-DEV-6132,539,2022-10-02T21:16:08.950Z,2026-09-29T02:13:59.754Z,7
DEMO-DEV-6926,539,2022-10-06T11:35:31.319Z,2026-09-27T16:52:42.462Z,6
DEMO-DEV-6965,539,2022-10-02T02:04:00.390Z,2026-09-30T05:50:16.368Z,6
DEMO-DEV-7154,539,2022-10-02T21:50:13.038Z,2026-09-26T08:37:39.203Z,7
DEMO-DEV-7194,539,2022-10-03T14:11:24.004Z,2026-09-27T08:30:04.352Z,7
DEMO-DEV-7307,539,2022-10-02T21:52:01.568Z,2026-09-29T23:50:07.948Z,7
DEMO-DEV-7982,539,2022-10-02T21:25:49.397Z,2026-09-27T11:46:56.354Z,7
DEMO-DEV-8609,539,2022-10-04T06:39:20.719Z,2026-09-28T14:49:35.415Z,7
DEMO-DEV-9095,539,2022-10-01T08:57:29.073Z,2026-09-29T08:42:53.368Z,7
DEMO-DEV-9262,539,2022-10-04T18:51:30.915Z,2026-09-30T03:31:45.870Z,7
DEMO-DEV-9433,539,2022-10-01T13:26:12.851Z,2026-09-29T05:50:47.917Z,6
DEMO-DEV-9698,539,2022-10-01T13:48:58.224Z,2026-09-26T21:10:38.024Z,7
DEMO-DEV-9701,539,2022-10-03T20:27:41.298Z,2026-09-24T13:03:02.165Z,7
DEMO-DEV-9925,539,2022-10-04T13:16:43.929Z,2026-09-30T04:07:40.655Z,7
DEMO-DEV-0096,538,2022-10-06T15:52:11.851Z,2026-09-29T09:59:55.648Z,7
DEMO-DEV-0098,538,2022-10-01T10:25:17.236Z,2026-09-28T02:14:24.785Z,7
DEMO-DEV-0362,538,2022-10-01T14:35:00.250Z,2026-09-29T22:15:33.497Z,7
DEMO-DEV-0592,538,2022-10-02T01:22:01.804Z,2026-09-27T08:40:25.402Z,7
DEMO-DEV-0790,538,2022-10-14T06:20:36.211Z,2026-09-24T20:14:05.224Z,7
DEMO-DEV-1289,538,2022-10-01T09:03:40.877Z,2026-09-29T07:42:21.370Z,6
DEMO-DEV-1433,538,2022-10-05T18:12:05.442Z,2026-09-29T11:27:42.785Z,7
DEMO-DEV-1868,538,2022-10-03T06:03:25.578Z,2026-09-29T07:26:49.173Z,7
DEMO-DEV-1924,538,2022-10-07T03:34:33.221Z,2026-09-29T21:28:12.173Z,7
DEMO-DEV-2131,538,2022-10-03T13:28:29.804Z,2026-09-29T18:31:15.168Z,6
DEMO-DEV-2212,538,2022-10-04T18:48:03.150Z,2026-09-28T23:03:13.015Z,7
DEMO-DEV-2470,538,2022-10-03T23:57:08.968Z,2026-09-29T10:08:54.839Z,6
DEMO-DEV-2766,538,2022-10-01T20:57:14.653Z,2026-09-28T03:53:58.167Z,7
DEMO-DEV-2880,538,2022-10-14T03:27:45.505Z,2026-09-27T01:01:18.236Z,7
DEMO-DEV-3485,538,2022-10-06T21:40:09.120Z,2026-09-27T07:27:19.987Z,7
DEMO-DEV-3502,538,2022-10-04T16:58:24.403Z,2026-09-29T20:19:28.842Z,7
DEMO-DEV-3515,538,2022-10-12T12:31:24.315Z,2026-09-23T22:26:58.792Z,7
DEMO-DEV-3657,538,2022-10-02T10:02:36.557Z,2026-09-23T19:41:56.891Z,7
DEMO-DEV-3775,538,2022-10-02T09:54:06.612Z,2026-09-28T11:12:33.225Z,7
DEMO-DEV-3982,538,2022-10-05T21:38:45.063Z,2026-09-29T23:11:04.868Z,6
DEMO-DEV-4173,538,2022-10-07T22:33:06.599Z,2026-09-28T23:43:01.500Z,7
DEMO-DEV-4289,538,2022-10-01T11:00:54.824Z,2026-09-29T19:07:46.968Z,7
DEMO-DEV-4812,538,2022-10-02T00:21:58.238Z,2026-09-25T05:31:54.172Z,6
DEMO-DEV-5249,538,2022-10-01T12:37:56.591Z,2026-09-28T01:58:30.519Z,7
DEMO-DEV-5322,538,2022-10-03T08:51:17.676Z,2026-09-27T21:03:46.846Z,7
DEMO-DEV-5394,538,2022-10-02T05:41:57.221Z,2026-09-27T16:05:08.556Z,7
DEMO-DEV-5927,538,2022-10-06T15:49:17.394Z,2026-09-28T06:54:10.949Z,7
DEMO-DEV-6075,538,2022-10-05T02:28:48.073Z,2026-09-29T15:11:44.234Z,7
DEMO-DEV-7588,538,2022-10-02T13:05:45.160Z,2026-09-27T09:49:08.682Z,7
DEMO-DEV-7622,538,2022-10-04T15:49:23.987Z,2026-09-30T00:48:04.841Z,6
DEMO-DEV-8085,538,2022-10-04T04:22:48.513Z,2026-09-29T13:06:08.863Z,6
DEMO-DEV-8208,538,2022-10-01T10:06:52.319Z,2026-09-29T15:19:27.045Z,6
DEMO-DEV-8469,538,2022-10-04T15:42:16.859Z,2026-09-27T21:59:22.784Z,7
DEMO-DEV-8479,538,2022-10-05T01:06:15.045Z,2026-09-30T08:18:46.816Z,7
DEMO-DEV-8562,538,2022-10-04T14:08:43.221Z,2026-09-29T04:43:02.319Z,7
DEMO-DEV-9107,538,2022-10-01T11:34:45.557Z,2026-09-28T12:03:23.985Z,7
DEMO-DEV-9197,538,2022-10-01T10:01:28.319Z,2026-09-29T23:23:46.298Z,7
DEMO-DEV-9266,538,2022-10-08T07:20:38.785Z,2026-09-26T02:15:55.846Z,7
DEMO-DEV-9296,538,2022-10-05T13:04:30.913Z,2026-09-25T17:22:36.825Z,7
DEMO-DEV-9580,538,2022-10-06T10:13:31.688Z,2026-09-28T05:28:25.825Z,7
DEMO-DEV-9627,538,2022-10-04T11:40:32.968Z,2026-09-30T07:49:30.803Z,6
DEMO-DEV-9709,538,2022-10-05T03:31:49.015Z,2026-09-28T23:33:36.161Z,6
DEMO-DEV-0359,537,2022-10-03T14:07:32.803Z,2026-09-29T01:11:04.545Z,7
DEMO-DEV-0568,537,2022-10-03T02:33:52.307Z,2026-09-26T12:11:38.462Z,5
DEMO-DEV-0955,537,2022-10-05T07:48:45.648Z,2026-09-30T06:58:50.183Z,6
DEMO-DEV-1509,537,2022-10-10T07:53:03.352Z,2026-09-30T05:15:59.365Z,7
DEMO-DEV-1619,537,2022-10-05T14:10:40.870Z,2026-09-26T11:03:25.859Z,7
DEMO-DEV-1640,537,2022-10-02T11:17:22.843Z,2026-09-28T15:18:59.785Z,7
DEMO-DEV-1664,537,2022-10-02T15:01:31.545Z,2026-09-26T08:43:39.975Z,7
DEMO-DEV-2053,537,2022-10-04T05:32:48.607Z,2026-09-26T23:28:44.792Z,7
DEMO-DEV-2311,537,2022-10-02T18:59:13.291Z,2026-09-24T01:54:07.949Z,7
DEMO-DEV-2360,537,2022-10-02T03:47:21.300Z,2026-09-30T03:42:57.155Z,7
DEMO-DEV-2462,537,2022-10-04T07:08:45.824Z,2026-09-27T09:11:13.172Z,6
DEMO-DEV-2687,537,2022-10-11T15:00:31.785Z,2026-09-23T10:29:08.519Z,7
DEMO-DEV-2702,537,2022-10-04T11:25:45.165Z,2026-09-27T20:21:38.460Z,7
DEMO-DEV-2954,537,2022-10-03T18:13:31.653Z,2026-09-29T20:59:38.403Z,7
DEMO-DEV-2998,537,2022-10-03T09:40:06.368Z,2026-09-26T17:45:38.192Z,6
DEMO-DEV-3850,537,2022-10-04T04:40:29.968Z,2026-09-26T17:18:42.785Z,7
DEMO-DEV-3875,537,2022-10-01T18:00:01.075Z,2026-09-27T11:03:22.825Z,7
DEMO-DEV-4152,537,2022-10-04T08:54:19.302Z,2026-09-30T05:45:30.391Z,7
DEMO-DEV-4787,537,2022-10-02T00:49:35.075Z,2026-09-27T18:12:28.192Z,7
DEMO-DEV-5269,537,2022-10-02T00:43:38.298Z,2026-09-24T09:20:11.892Z,7
DEMO-DEV-5345,537,2022-10-02T06:59:22.387Z,2026-09-28T01:48:53.915Z,6
DEMO-DEV-5570,537,2022-10-07T03:50:25.817Z,2026-09-28T08:57:36.511Z,7
DEMO-DEV-5644,537,2022-10-04T00:13:40.370Z,2026-09-27T02:03:01.817Z,7
DEMO-DEV-5717,537,2022-10-02T06:01:17.325Z,2026-09-28T04:34:07.021Z,7
DEMO-DEV-6063,537,2022-10-04T23:33:24.843Z,2026-09-25T17:20:24.173Z,7
DEMO-DEV-6312,537,2022-10-09T11:31:11.211Z,2026-09-30T07:05:43.040Z,7
DEMO-DEV-6464,537,2022-10-02T09:01:54.387Z,2026-09-28T15:26:52.817Z,7
DEMO-DEV-6941,537,2022-10-01T12:37:10.345Z,2026-09-27T16:34:59.508Z,7
DEMO-DEV-7204,537,2022-10-07T05:59:31.524Z,2026-09-25T07:54:26.409Z,7
DEMO-DEV-7870,537,2022-10-01T09:57:45.974Z,2026-09-29T09:18:59.004Z,7
DEMO-DEV-8080,537,2022-10-01T10:53:20.806Z,2026-09-30T00:46:30.843Z,6
DEMO-DEV-8984,537,2022-10-04T03:21:07.892Z,2026-09-29T06:44:27.368Z,7
DEMO-DEV-9718,537,2022-10-02T07:55:41.226Z,2026-09-26T08:10:36.867Z,5
DEMO-DEV-9934,537,2022-10-02T00:57:45.352Z,2026-09-29T23:16:16.026Z,7
DEMO-DEV-0696,536,2022-10-04T23:51:37.702Z,2026-09-29T17:08:06.226Z,6
DEMO-DEV-1019,536,2022-10-09T06:35:39.841Z,2026-09-29T00:47:35.190Z,7
DEMO-DEV-1236,536,2022-10-01T11:38:49.859Z,2026-09-27T13:34:42.165Z,6
DEMO-DEV-1605,536,2022-10-02T14:51:31.485Z,2026-09-27T18:10:29.222Z,7
DEMO-DEV-2144,536,2022-10-04T17:12:28.254Z,2026-09-30T05:59:37.302Z,7
DEMO-DEV-2295,536,2022-10-01T10:54:15.969Z,2026-09-26T23:28:52.735Z,7
DEMO-DEV-2526,536,2022-10-02T15:51:41.702Z,2026-09-26T07:44:46.253Z,6
DEMO-DEV-2992,536,2022-10-02T08:41:30.120Z,2026-09-22T18:39:52.782Z,7
DEMO-DEV-3012,536,2022-10-03T14:45:45.352Z,2026-09-29T04:35:10.969Z,7
DEMO-DEV-3192,536,2022-10-03T02:56:59.090Z,2026-09-29T08:47:04.252Z,7
DEMO-DEV-3202,536,2022-10-05T19:44:44.394Z,2026-09-28T16:46:47.524Z,6
DEMO-DEV-3451,536,2022-10-11T11:40:04.446Z,2026-09-27T11:17:58.926Z,6
DEMO-DEV-3591,536,2022-10-01T16:37:48.976Z,2026-09-27T13:34:14.666Z,7
DEMO-DEV-3680,536,2022-10-06T10:05:37.023Z,2026-09-26T12:50:00.976Z,7
DEMO-DEV-3739,536,2022-10-01T09:20:54.817Z,2026-09-28T03:45:38.415Z,6
DEMO-DEV-3779,536,2022-10-03T20:14:47.470Z,2026-09-26T05:50:01.211Z,7
DEMO-DEV-4140,536,2022-10-01T21:40:01.914Z,2026-09-19T08:49:51.877Z,7
DEMO-DEV-4576,536,2022-10-03T03:39:00.221Z,2026-09-24T08:56:18.523Z,7
DEMO-DEV-4657,536,2022-10-09T17:55:26.337Z,2026-09-30T02:38:49.846Z,7
DEMO-DEV-4973,536,2022-10-03T10:23:29.557Z,2026-09-30T05:25:57.524Z,6
DEMO-DEV-5372,536,2022-10-01T17:39:03.556Z,2026-09-28T15:18:46.253Z,7
DEMO-DEV-5722,536,2022-10-02T15:27:24.584Z,2026-09-28T03:46:59.968Z,6
DEMO-DEV-5776,536,2022-10-15T23:00:08.523Z,2026-09-26T22:23:33.884Z,6
DEMO-DEV-6360,536,2022-10-01T21:56:42.080Z,2026-09-28T09:38:23.926Z,7
DEMO-DEV-6677,536,2022-10-03T20:10:30.366Z,2026-09-30T04:08:55.803Z,7
DEMO-DEV-6800,536,2022-10-01T17:31:16.040Z,2026-09-29T23:02:01.397Z,6
DEMO-DEV-6967,536,2022-10-02T15:53:54.307Z,2026-09-29T22:47:17.246Z,6
DEMO-DEV-7416,536,2022-10-03T16:38:18.485Z,2026-09-29T10:45:19.879Z,7
DEMO-DEV-7641,536,2022-10-02T07:36:41.992Z,2026-09-27T19:39:57.976Z,7
DEMO-DEV-7642,536,2022-10-03T21:38:37.612Z,2026-09-29T18:35:02.289Z,7
DEMO-DEV-7876,536,2022-10-02T01:27:32.648Z,2026-09-30T03:47:58.222Z,6
DEMO-DEV-7958,536,2022-10-06T05:40:58.204Z,2026-09-29T15:47:10.867Z,6
DEMO-DEV-8065,536,2022-10-04T19:27:03.714Z,2026-09-24T14:01:21.843Z,7
DEMO-DEV-8097,536,2022-10-02T02:47:39.614Z,2026-09-29T00:41:18.803Z,7
DEMO-DEV-8490,536,2022-10-02T10:22:50.966Z,2026-09-28T11:54:29.370Z,7
DEMO-DEV-8516,536,2022-10-02T03:50:51.253Z,2026-09-30T07:34:27.817Z,7
DEMO-DEV-8558,536,2022-10-02T19:08:43.352Z,2026-09-29T20:08:32.926Z,6
DEMO-DEV-8750,536,2022-10-04T09:47:04.500Z,2026-09-28T15:28:38.682Z,7
DEMO-DEV-8897,536,2022-10-04T08:14:10.428Z,2026-09-28T09:39:13.291Z,7
DEMO-DEV-9105,536,2022-10-01T18:27:26.234Z,2026-09-29T17:49:56.368Z,7
DEMO-DEV-9469,536,2022-10-01T21:26:54.661Z,2026-09-28T22:21:52.863Z,7
DEMO-DEV-9605,536,2022-10-01T15:43:06.599Z,2026-09-29T22:12:36.319Z,7
DEMO-DEV-9795,536,2022-10-10T05:01:15.120Z,2026-09-22T22:31:53.460Z,7
DEMO-DEV-9825,536,2022-10-05T16:42:56.524Z,2026-09-25T16:00:14.556Z,6
DEMO-DEV-9900,536,2022-10-03T12:21:28.710Z,2026-09-29T20:53:09.993Z,7
DEMO-DEV-9996,536,2022-10-14T19:35:34.851Z,2026-09-27T02:53:35.080Z,7
DEMO-DEV-0144,535,2022-10-06T10:51:40.472Z,2026-09-27T18:49:31.123Z,7
DEMO-DEV-0471,535,2022-10-03T19:11:42.497Z,2026-09-28T20:23:30.842Z,7
DEMO-DEV-0477,535,2022-10-02T19:01:23.636Z,2026-09-25T14:18:07.239Z,7
DEMO-DEV-0868,535,2022-10-06T05:59:53.289Z,2026-09-29T02:34:45.578Z,6
DEMO-DEV-0972,535,2022-10-04T02:51:51.870Z,2026-09-25T14:27:47.319Z,7
DEMO-DEV-1044,535,2022-10-02T04:30:01.493Z,2026-09-29T10:39:55.368Z,7
DEMO-DEV-2349,535,2022-10-01T22:00:59.655Z,2026-09-22T22:12:57.045Z,7
DEMO-DEV-2635,535,2022-10-06T13:49:57.368Z,2026-09-27T06:58:15.966Z,7
DEMO-DEV-3181,535,2022-10-02T03:23:29.462Z,2026-09-29T23:52:47.139Z,7
DEMO-DEV-3765,535,2022-10-02T19:47:34.239Z,2026-09-27T10:29:21.460Z,6
DEMO-DEV-3825,535,2022-10-04T06:08:07.917Z,2026-09-28T08:21:57.428Z,7
DEMO-DEV-4115,535,2022-10-01T16:28:17.793Z,2026-09-25T21:21:48.038Z,7
DEMO-DEV-4185,535,2022-10-02T11:32:06.497Z,2026-09-23T16:30:38.752Z,6
DEMO-DEV-4526,535,2022-10-02T06:59:09.472Z,2026-09-26T13:40:52.891Z,6
DEMO-DEV-4612,535,2022-10-03T07:15:00.232Z,2026-09-19T07:48:35.038Z,7
DEMO-DEV-4870,535,2022-10-01T08:34:04.315Z,2026-09-28T23:04:03.063Z,7
DEMO-DEV-4884,535,2022-10-02T03:51:13.208Z,2026-09-27T20:03:36.409Z,6
DEMO-DEV-5046,535,2022-10-03T16:16:14.023Z,2026-09-24T13:38:50.841Z,6
DEMO-DEV-5089,535,2022-10-03T13:32:37.836Z,2026-09-28T23:04:36.003Z,7
DEMO-DEV-5159,535,2022-10-02T04:18:06.636Z,2026-09-29T13:30:29.150Z,7
DEMO-DEV-5163,535,2022-10-01T13:35:17.225Z,2026-09-29T02:11:39.639Z,7
DEMO-DEV-5164,535,2022-10-03T11:19:47.727Z,2026-09-25T14:34:53.446Z,6
DEMO-DEV-5230,535,2022-10-01T16:11:07.040Z,2026-09-30T01:26:04.123Z,7
DEMO-DEV-5299,535,2022-10-01T21:38:11.811Z,2026-09-28T13:56:58.264Z,7
DEMO-DEV-5683,535,2022-10-02T00:29:41.063Z,2026-09-27T01:29:45.870Z,7
DEMO-DEV-5828,535,2022-10-01T13:48:16.926Z,2026-09-26T18:25:22.735Z,6
DEMO-DEV-5897,535,2022-10-02T23:44:46.155Z,2026-09-26T20:45:10.568Z,7
DEMO-DEV-6045,535,2022-10-12T10:21:30.885Z,2026-09-27T20:08:39.365Z,7
DEMO-DEV-6115,535,2022-10-03T19:00:21.719Z,2026-09-27T07:08:49.308Z,7
DEMO-DEV-6359,535,2022-10-04T23:54:41.224Z,2026-09-26T20:37:18.885Z,7
DEMO-DEV-6477,535,2022-10-02T00:30:18.288Z,2026-09-25T07:27:33.584Z,7
DEMO-DEV-6993,535,2022-10-01T11:41:44.503Z,2026-09-27T05:32:42.846Z,7
DEMO-DEV-7105,535,2022-10-02T16:50:34.784Z,2026-09-29T21:45:42.825Z,7
DEMO-DEV-7115,535,2022-10-01T22:01:12.992Z,2026-09-27T01:06:56.985Z,7
DEMO-DEV-7363,535,2022-10-04T03:45:01.493Z,2026-09-29T16:51:21.063Z,6
DEMO-DEV-7487,535,2022-10-04T22:33:49.026Z,2026-09-29T00:42:14.513Z,7
DEMO-DEV-7651,535,2022-10-04T20:15:27.568Z,2026-09-27T11:18:15.817Z,6
DEMO-DEV-7887,535,2022-10-04T01:23:22.867Z,2026-09-27T03:26:09.804Z,6
DEMO-DEV-8056,535,2022-10-04T15:56:00.557Z,2026-09-29T20:26:22.120Z,7
DEMO-DEV-8081,535,2022-10-01T18:01:37.519Z,2026-09-15T23:27:11.989Z,6
DEMO-DEV-8452,535,2022-10-02T15:39:00.337Z,2026-09-30T03:07:35.785Z,7
DEMO-DEV-8489,535,2022-10-02T13:41:06.710Z,2026-09-27T04:05:24.865Z,7
DEMO-DEV-8785,535,2022-10-04T21:26:36.308Z,2026-09-28T19:07:16.073Z,7
DEMO-DEV-8936,535,2022-10-07T04:16:14.778Z,2026-09-23T12:17:10.851Z,6
DEMO-DEV-8942,535,2022-10-04T09:14:42.224Z,2026-09-27T13:30:46.221Z,6
DEMO-DEV-9058,535,2022-10-04T09:26:51.239Z,2026-09-29T02:17:20.224Z,6
DEMO-DEV-9287,535,2022-10-01T15:24:43.204Z,2026-09-15T01:41:25.868Z,7
DEMO-DEV-9517,535,2022-10-08T05:19:30.974Z,2026-09-30T04:22:48.090Z,6
DEMO-DEV-9587,535,2022-10-01T15:27:38.368Z,2026-09-27T20:35:52.003Z,7
DEMO-DEV-9857,535,2022-10-02T00:26:08.870Z,2026-09-16T04:26:12.239Z,7
DEMO-DEV-9878,535,2022-10-06T01:12:33.225Z,2026-09-29T16:40:27.224Z,7
DEMO-DEV-9930,535,2022-10-03T04:09:17.225Z,2026-09-26T09:08:27.612Z,7
DEMO-DEV-0050,534,2022-10-03T06:32:59.272Z,2026-09-27T21:09:52.500Z,7
DEMO-DEV-0072,534,2022-10-02T16:41:00.368Z,2026-09-29T14:50:55.523Z,7
DEMO-DEV-0111,534,2022-10-03T00:43:54.150Z,2026-09-29T22:33:47.222Z,7
DEMO-DEV-0386,534,2022-10-02T03:39:53.134Z,2026-09-28T13:30:19.727Z,7
DEMO-DEV-0486,534,2022-10-03T04:52:30.493Z,2026-09-29T15:17:06.846Z,6
DEMO-DEV-0687,534,2022-10-02T14:59:58.738Z,2026-09-29T23:35:40.252Z,7
DEMO-DEV-0703,534,2022-10-04T17:04:30.167Z,2026-09-24T08:01:17.315Z,7
DEMO-DEV-1021,534,2022-10-10T15:15:33.063Z,2026-09-29T07:15:38.648Z,6
DEMO-DEV-1036,534,2022-10-08T08:43:59.345Z,2026-09-27T09:02:15.784Z,7
DEMO-DEV-1126,534,2022-10-04T02:20:56.345Z,2026-09-24T01:00:16.929Z,7
DEMO-DEV-1190,534,2022-10-02T05:51:28.618Z,2026-09-19T18:01:37.015Z,7
DEMO-DEV-1382,534,2022-10-06T06:53:15.836Z,2026-09-28T14:41:27.817Z,6
DEMO-DEV-1475,534,2022-10-02T19:20:53.803Z,2026-09-25T08:20:35.851Z,7
DEMO-DEV-2030,534,2022-10-02T18:08:34.682Z,2026-09-27T17:47:27.524Z,7
DEMO-DEV-2072,534,2022-10-03T01:19:55.497Z,2026-09-29T21:42:55.087Z,6
DEMO-DEV-2097,534,2022-10-01T20:37:56.917Z,2026-09-24T08:43:07.234Z,6
DEMO-DEV-2452,534,2022-10-04T08:58:11.442Z,2026-09-20T13:24:07.246Z,7
DEMO-DEV-2570,534,2022-10-03T13:35:01.612Z,2026-09-30T04:10:15.068Z,7
DEMO-DEV-2649,534,2022-10-09T15:09:26.161Z,2026-09-27T11:13:43.513Z,7
DEMO-DEV-2837,534,2022-10-02T07:44:47.646Z,2026-09-17T07:30:24.023Z,6
DEMO-DEV-3410,534,2022-10-03T14:10:23.160Z,2026-09-29T10:42:09.710Z,6
DEMO-DEV-4298,534,2022-10-01T17:30:29.165Z,2026-09-26T10:49:51.892Z,7
DEMO-DEV-4348,534,2022-10-02T10:11:32.614Z,2026-09-29T02:07:43.246Z,6
DEMO-DEV-4351,534,2022-10-02T01:43:04.497Z,2026-09-30T08:12:23.204Z,6
DEMO-DEV-4426,534,2022-10-01T21:12:29.950Z,2026-09-27T03:57:35.676Z,7
DEMO-DEV-4454,534,2022-10-06T21:30:27.612Z,2026-09-19T05:05:30.804Z,7
DEMO-DEV-4455,534,2022-10-01T11:39:29.337Z,2026-09-28T00:15:41.222Z,6
DEMO-DEV-4843,534,2022-10-01T15:36:04.816Z,2026-09-29T11:31:30.236Z,6
DEMO-DEV-4985,534,2022-10-03T03:33:16.824Z,2026-09-29T06:26:04.655Z,6
DEMO-DEV-5040,534,2022-10-02T19:31:11.403Z,2026-09-24T01:01:59.976Z,6
DEMO-DEV-5042,534,2022-10-08T16:28:45.246Z,2026-09-27T18:43:15.839Z,7
DEMO-DEV-5121,534,2022-10-03T22:50:03.537Z,2026-09-22T02:23:07.168Z,7
DEMO-DEV-5268,534,2022-10-04T00:11:09.470Z,2026-09-27T00:43:07.268Z,7
DEMO-DEV-5611,534,2022-10-02T07:36:40.646Z,2026-09-29T10:14:58.803Z,7
DEMO-DEV-5824,534,2022-10-01T13:17:17.989Z,2026-09-29T13:11:40.428Z,7
DEMO-DEV-6136,534,2022-10-03T18:52:17.873Z,2026-09-22T07:39:52.786Z,6
DEMO-DEV-6373,534,2022-10-02T02:54:35.218Z,2026-09-26T14:34:59.037Z,7
DEMO-DEV-6411,534,2022-10-05T09:08:19.075Z,2026-09-26T15:27:23.139Z,7
DEMO-DEV-6450,534,2022-10-01T14:24:46.073Z,2026-09-29T22:03:00.926Z,7
DEMO-DEV-6541,534,2022-10-01T10:47:29.591Z,2026-09-28T10:19:05.688Z,7
DEMO-DEV-7177,534,2022-10-03T10:06:09.785Z,2026-09-29T20:39:01.268Z,7
DEMO-DEV-7306,534,2022-10-01T08:16:07.859Z,2026-09-29T23:11:45.948Z,7
DEMO-DEV-7365,534,2022-10-03T14:49:56.226Z,2026-09-28T06:34:35.985Z,7
DEMO-DEV-7386,534,2022-10-03T08:33:59.462Z,2026-09-28T14:33:08.443Z,7
DEMO-DEV-7635,534,2022-10-06T00:43:02.090Z,2026-09-17T18:33:44.727Z,7
DEMO-DEV-7686,534,2022-10-04T21:04:13.442Z,2026-09-29T19:07:24.803Z,6
DEMO-DEV-7935,534,2022-10-13T20:34:44.470Z,2026-09-21T01:09:22.232Z,7
DEMO-DEV-8216,534,2022-10-01T17:17:21.975Z,2026-09-24T19:54:33.057Z,6
DEMO-DEV-8737,534,2022-10-02T10:52:02.842Z,2026-09-27T12:08:21.519Z,6
DEMO-DEV-8884,534,2022-10-02T11:56:57.778Z,2026-09-29T19:22:07.817Z,7
DEMO-DEV-9040,534,2022-10-02T09:42:50.139Z,2026-09-26T18:36:36.026Z,7
DEMO-DEV-9063,534,2022-10-03T07:57:00.556Z,2026-09-27T10:09:28.824Z,6
DEMO-DEV-9159,534,2022-10-09T13:38:58.682Z,2026-09-26T05:57:34.219Z,7
DEMO-DEV-9224,534,2022-10-04T18:36:57.974Z,2026-09-29T07:57:44.989Z,6
DEMO-DEV-9299,534,2022-10-01T18:35:10.599Z,2026-09-27T21:59:05.239Z,7
DEMO-DEV-0572,533,2022-10-04T07:35:58.021Z,2026-09-29T10:13:16.319Z,7
DEMO-DEV-0631,533,2022-10-08T12:54:42.246Z,2026-09-29T22:11:55.307Z,6
DEMO-DEV-1075,533,2022-10-02T09:28:07.765Z,2026-09-26T10:30:56.792Z,7
DEMO-DEV-1249,533,2022-10-02T03:07:09.578Z,2026-09-29T02:58:33.754Z,7
DEMO-DEV-1370,533,2022-10-04T17:23:53.646Z,2026-09-28T16:45:43.057Z,7
DEMO-DEV-1431,533,2022-10-01T21:33:50.015Z,2026-09-28T12:02:20.493Z,6
DEMO-DEV-1557,533,2022-10-02T17:34:04.337Z,2026-09-28T23:48:30.879Z,7
DEMO-DEV-1561,533,2022-10-05T22:43:48.415Z,2026-09-27T05:03:48.264Z,7
DEMO-DEV-1618,533,2022-10-02T00:00:35.917Z,2026-09-24T23:51:56.639Z,7
DEMO-DEV-1690,533,2022-10-01T17:36:55.653Z,2026-09-26T22:40:38.537Z,6
DEMO-DEV-1737,533,2022-10-03T18:24:31.824Z,2026-09-29T11:34:21.068Z,7
DEMO-DEV-1796,533,2022-10-08T10:32:51.138Z,2026-09-29T11:13:31.442Z,6
DEMO-DEV-2102,533,2022-10-04T08:23:49.825Z,2026-09-27T10:47:28.692Z,7
DEMO-DEV-2193,533,2022-10-01T21:06:20.226Z,2026-09-29T17:34:46.825Z,6
DEMO-DEV-2262,533,2022-10-03T00:25:09.087Z,2026-09-28T18:18:50.357Z,6
DEMO-DEV-2441,533,2022-10-03T19:01:27.239Z,2026-09-29T01:23:15.968Z,6
DEMO-DEV-2513,533,2022-10-02T05:43:55.023Z,2026-09-29T09:55:52.618Z,6
DEMO-DEV-2866,533,2022-10-04T23:58:34.859Z,2026-09-28T16:53:24.891Z,7
DEMO-DEV-2979,533,2022-10-06T11:48:47.915Z,2026-09-29T04:40:51.646Z,7
DEMO-DEV-3298,533,2022-10-01T23:53:29.368Z,2026-09-29T10:47:35.211Z,7
DEMO-DEV-3334,533,2022-10-01T13:29:54.300Z,2026-09-29T01:43:33.068Z,7
DEMO-DEV-3375,533,2022-10-04T13:34:22.015Z,2026-09-29T13:29:26.252Z,7
DEMO-DEV-3746,533,2022-10-03T12:42:58.618Z,2026-09-29T10:15:55.161Z,7
DEMO-DEV-4035,533,2022-10-05T00:26:54.222Z,2026-09-18T21:25:54.208Z,6
DEMO-DEV-4200,533,2022-10-07T13:15:23.676Z,2026-09-29T07:06:18.443Z,6
DEMO-DEV-4650,533,2022-10-01T19:15:37.368Z,2026-09-18T06:26:52.926Z,7
DEMO-DEV-4832,533,2022-10-04T09:48:24.804Z,2026-09-26T07:37:43.568Z,7
DEMO-DEV-4873,533,2022-10-01T23:46:59.226Z,2026-09-26T10:36:11.975Z,6
DEMO-DEV-4885,533,2022-10-03T06:49:54.230Z,2026-09-28T04:28:50.077Z,6
DEMO-DEV-4962,533,2022-10-07T23:41:39.817Z,2026-09-30T03:23:24.368Z,6
DEMO-DEV-5155,533,2022-10-01T15:51:35.727Z,2026-09-28T13:28:02.792Z,7
DEMO-DEV-5214,533,2022-10-04T13:06:05.183Z,2026-09-25T04:03:17.397Z,7
DEMO-DEV-5380,533,2022-10-04T06:49:25.204Z,2026-09-25T21:10:14.015Z,6
DEMO-DEV-5526,533,2022-10-04T21:05:01.080Z,2026-09-27T03:33:46.508Z,7
DEMO-DEV-5601,533,2022-10-04T16:52:29.987Z,2026-09-29T21:30:23.038Z,7
DEMO-DEV-6057,533,2022-10-01T21:58:28.784Z,2026-09-29T22:22:49.120Z,7
DEMO-DEV-6077,533,2022-10-02T19:15:43.394Z,2026-09-27T19:25:25.891Z,6
DEMO-DEV-6320,533,2022-10-02T19:36:39.387Z,2026-09-28T06:53:08.403Z,7
DEMO-DEV-6469,533,2022-10-05T00:56:14.307Z,2026-09-28T00:15:45.288Z,7
DEMO-DEV-6538,533,2022-10-05T11:36:54.023Z,2026-09-29T17:58:08.428Z,7
DEMO-DEV-6628,533,2022-10-03T18:44:47.230Z,2026-09-29T14:35:56.784Z,7
DEMO-DEV-6830,533,2022-10-02T14:51:41.803Z,2026-09-29T15:09:29.298Z,7
DEMO-DEV-6887,533,2022-10-04T06:13:03.605Z,2026-09-27T01:30:12.793Z,7
DEMO-DEV-7059,533,2022-10-01T19:12:31.555Z,2026-09-26T15:18:49.173Z,6
DEMO-DEV-7646,533,2022-10-08T05:07:25.139Z,2026-09-17T23:40:49.003Z,7
DEMO-DEV-8195,533,2022-10-01T16:01:49.225Z,2026-09-25T22:23:02.500Z,7
DEMO-DEV-8311,533,2022-10-01T14:10:01.470Z,2026-09-26T11:51:37.226Z,6
DEMO-DEV-8615,533,2022-10-04T19:30:16.057Z,2026-09-29T01:55:29.778Z,7
DEMO-DEV-8651,533,2022-10-02T04:17:11.825Z,2026-09-30T06:02:26.929Z,6
DEMO-DEV-8749,533,2022-10-06T03:10:12.226Z,2026-09-30T05:21:50.470Z,5
DEMO-DEV-8798,533,2022-10-04T19:28:06.500Z,2026-09-29T11:02:59.870Z,6
DEMO-DEV-8843,533,2022-10-05T04:22:44.161Z,2026-09-28T10:25:58.782Z,7
DEMO-DEV-9082,533,2022-10-02T03:24:44.026Z,2026-09-29T04:54:30.806Z,7
DEMO-DEV-9203,533,2022-10-04T19:25:37.778Z,2026-09-29T01:12:15.493Z,7
DEMO-DEV-9336,533,2022-10-02T07:40:15.319Z,2026-09-29T00:24:51.885Z,6
DEMO-DEV-9770,533,2022-10-01T23:07:32.038Z,2026-09-24T08:07:39.040Z,7
DEMO-DEV-9974,533,2022-10-06T04:50:04.524Z,2026-09-29T11:29:11.666Z,6
DEMO-DEV-0303,532,2022-10-03T00:58:59.252Z,2026-09-29T11:50:02.368Z,7
DEMO-DEV-0330,532,2022-10-01T13:26:35.545Z,2026-09-22T17:24:42.219Z,7
DEMO-DEV-0335,532,2022-10-02T13:49:14.929Z,2026-09-25T13:06:57.370Z,7
DEMO-DEV-0337,532,2022-10-05T20:22:45.839Z,2026-09-25T08:10:45.252Z,7
DEMO-DEV-0502,532,2022-10-03T04:45:30.804Z,2026-09-30T06:23:31.817Z,7
DEMO-DEV-0928,532,2022-10-05T07:33:26.676Z,2026-09-28T14:15:16.873Z,7
DEMO-DEV-1032,532,2022-10-14T21:15:52.045Z,2026-09-26T13:12:31.080Z,7
DEMO-DEV-1058,532,2022-10-03T02:34:33.799Z,2026-09-28T15:42:56.387Z,6
DEMO-DEV-1317,532,2022-10-05T14:44:40.403Z,2026-09-30T01:29:09.368Z,6
DEMO-DEV-1365,532,2022-10-02T11:15:55.614Z,2026-09-25T09:35:41.969Z,7
DEMO-DEV-1579,532,2022-10-03T10:01:00.325Z,2026-09-30T06:58:35.365Z,7
DEMO-DEV-1587,532,2022-10-03T14:29:15.366Z,2026-09-30T00:56:09.428Z,7
DEMO-DEV-1589,532,2022-10-04T02:49:00.087Z,2026-09-27T16:11:45.702Z,7
DEMO-DEV-1591,532,2022-10-03T11:20:35.843Z,2026-09-29T03:03:59.288Z,7
DEMO-DEV-1706,532,2022-10-06T07:16:03.578Z,2026-09-29T16:47:19.839Z,7
DEMO-DEV-2074,532,2022-10-03T21:36:12.120Z,2026-09-27T12:29:01.402Z,6
DEMO-DEV-2183,532,2022-10-02T21:51:48.974Z,2026-09-20T14:55:20.503Z,7
DEMO-DEV-2241,532,2022-10-07T03:41:13.914Z,2026-09-29T01:15:11.315Z,7
DEMO-DEV-2284,532,2022-10-02T17:11:41.045Z,2026-09-29T16:31:34.976Z,7
DEMO-DEV-2287,532,2022-10-02T09:49:13.523Z,2026-09-25T16:04:04.325Z,6
DEMO-DEV-2376,532,2022-10-04T06:43:08.503Z,2026-09-27T05:53:29.873Z,7
DEMO-DEV-2563,532,2022-10-02T01:49:20.599Z,2026-09-30T03:15:59.785Z,6
DEMO-DEV-2646,532,2022-10-05T18:37:29.974Z,2026-09-28T22:38:55.038Z,6
DEMO-DEV-2686,532,2022-10-02T10:02:44.004Z,2026-09-27T04:23:00.203Z,7
DEMO-DEV-2892,532,2022-10-01T19:06:35.535Z,2026-09-29T23:53:40.735Z,7
DEMO-DEV-3088,532,2022-10-08T17:17:56.368Z,2026-09-29T17:14:13.784Z,6
DEMO-DEV-3152,532,2022-10-03T22:15:50.692Z,2026-09-29T01:52:02.508Z,7
DEMO-DEV-3199,532,2022-10-03T09:53:30.597Z,2026-09-25T10:15:22.232Z,7
DEMO-DEV-3368,532,2022-10-01T19:15:15.370Z,2026-09-29T15:41:00.014Z,7
DEMO-DEV-3509,532,2022-10-11T10:44:26.057Z,2026-09-30T06:25:44.368Z,7
DEMO-DEV-3555,532,2022-10-03T08:00:03.315Z,2026-09-24T01:24:24.455Z,7
DEMO-DEV-3628,532,2022-10-02T19:39:56.949Z,2026-09-26T14:18:09.442Z,7
DEMO-DEV-3654,532,2022-10-04T09:51:09.508Z,2026-09-19T03:37:44.218Z,6
DEMO-DEV-4080,532,2022-10-05T23:01:05.508Z,2026-09-27T21:48:17.719Z,6
DEMO-DEV-4231,532,2022-10-02T12:00:21.524Z,2026-09-26T11:12:48.123Z,7
DEMO-DEV-4312,532,2022-10-10T02:31:00.873Z,2026-09-30T03:28:55.045Z,7
DEMO-DEV-4443,532,2022-10-03T22:30:08.661Z,2026-09-28T19:14:37.075Z,7
DEMO-DEV-5098,532,2022-10-04T05:17:57.537Z,2026-09-29T10:57:27.037Z,7
DEMO-DEV-5389,532,2022-10-04T07:30:33.811Z,2026-09-29T02:53:43.825Z,6
DEMO-DEV-5589,532,2022-10-03T22:49:41.710Z,2026-09-29T14:37:56.605Z,6
DEMO-DEV-6195,532,2022-10-03T19:29:57.688Z,2026-09-29T18:11:19.080Z,7
DEMO-DEV-6314,532,2022-10-02T23:16:16.354Z,2026-09-27T19:37:59.368Z,6
DEMO-DEV-6362,532,2022-10-04T18:51:23.298Z,2026-09-29T23:30:09.987Z,7
DEMO-DEV-6414,532,2022-10-01T13:33:59.173Z,2026-09-28T16:37:43.639Z,7
DEMO-DEV-6618,532,2022-10-02T06:27:24.307Z,2026-09-28T17:34:42.735Z,6
DEMO-DEV-6862,532,2022-10-03T16:14:54.950Z,2026-09-26T14:39:29.513Z,7
DEMO-DEV-6892,532,2022-10-03T05:31:06.021Z,2026-09-24T09:29:18.870Z,7
DEMO-DEV-6897,532,2022-10-01T17:35:36.123Z,2026-09-30T05:22:42.409Z,7
DEMO-DEV-6939,532,2022-10-01T11:00:18.057Z,2026-09-27T09:47:23.811Z,7
DEMO-DEV-7045,532,2022-10-11T21:59:32.505Z,2026-09-21T22:27:38.219Z,7
DEMO-DEV-7068,532,2022-10-02T23:48:12.224Z,2026-09-30T06:26:16.719Z,7
DEMO-DEV-7286,532,2022-10-01T11:21:29.443Z,2026-09-30T07:05:39.646Z,7
DEMO-DEV-7298,532,2022-10-01T11:42:01.208Z,2026-09-26T04:25:29.702Z,7
DEMO-DEV-7319,532,2022-10-04T18:03:07.307Z,2026-09-29T22:25:00.578Z,6
DEMO-DEV-7612,532,2022-10-01T09:44:27.300Z,2026-09-29T13:58:24.446Z,7
DEMO-DEV-7849,532,2022-10-01T19:17:20.138Z,2026-09-26T11:09:48.806Z,6
DEMO-DEV-7851,532,2022-10-01T09:26:11.470Z,2026-09-30T04:48:03.786Z,7
DEMO-DEV-7882,532,2022-10-02T14:15:50.014Z,2026-09-19T20:51:07.268Z,6
DEMO-DEV-8019,532,2022-10-03T20:45:20.352Z,2026-09-29T12:05:51.472Z,6
DEMO-DEV-8048,532,2022-10-02T03:01:26.345Z,2026-09-28T09:39:14.879Z,7
DEMO-DEV-8101,532,2022-10-01T10:56:34.692Z,2026-09-29T19:30:55.793Z,7
DEMO-DEV-8347,532,2022-10-02T04:22:27.345Z,2026-09-28T09:16:04.692Z,7
DEMO-DEV-8362,532,2022-10-03T09:55:22.080Z,2026-09-24T19:12:21.500Z,7
DEMO-DEV-8367,532,2022-10-06T14:50:46.161Z,2026-09-27T17:46:19.403Z,7
DEMO-DEV-8413,532,2022-10-05T12:43:48.646Z,2026-09-23T01:30:13.472Z,7
DEMO-DEV-9087,532,2022-10-03T05:48:49.612Z,2026-09-28T02:25:37.966Z,7
DEMO-DEV-9120,532,2022-10-05T01:48:04.394Z,2026-09-29T12:40:25.134Z,7
DEMO-DEV-9153,532,2022-10-01T09:52:29.394Z,2026-09-26T17:19:10.535Z,7
DEMO-DEV-9597,532,2022-10-03T14:26:58.368Z,2026-09-30T04:50:45.556Z,7
DEMO-DEV-9757,532,2022-10-02T13:39:50.885Z,2026-09-30T02:55:41.688Z,6
DEMO-DEV-9941,532,2022-10-09T03:33:44.692Z,2026-09-26T02:03:11.370Z,7
DEMO-DEV-9979,532,2022-10-01T09:54:09.460Z,2026-09-27T14:23:15.319Z,7
DEMO-DEV-0004,531,2022-10-10T18:11:12.218Z,2026-09-28T01:00:39.523Z,6
DEMO-DEV-0069,531,2022-10-03T01:38:36.915Z,2026-09-27T03:49:20.443Z,7
DEMO-DEV-0173,531,2022-10-08T03:52:31.160Z,2026-09-29T11:43:02.968Z,6
DEMO-DEV-0178,531,2022-10-10T04:19:17.402Z,2026-09-23T14:17:01.234Z,7
DEMO-DEV-0184,531,2022-10-03T06:39:25.527Z,2026-09-28T17:58:45.298Z,7
DEMO-DEV-0198,531,2022-10-01T22:26:47.236Z,2026-09-27T14:04:35.799Z,6
DEMO-DEV-0214,531,2022-10-02T01:11:03.225Z,2026-09-28T18:28:16.165Z,7
DEMO-DEV-0225,531,2022-10-01T16:27:25.929Z,2026-09-21T16:51:25.702Z,7
DEMO-DEV-0308,531,2022-10-02T17:44:45.710Z,2026-09-24T03:10:01.472Z,7
DEMO-DEV-0343,531,2022-10-02T07:16:28.189Z,2026-09-28T01:46:19.661Z,6
DEMO-DEV-0402,531,2022-10-03T00:23:25.976Z,2026-09-23T10:11:55.442Z,7
DEMO-DEV-0594,531,2022-10-08T20:02:00.965Z,2026-09-30T07:09:49.503Z,6
DEMO-DEV-0813,531,2022-10-01T20:25:03.120Z,2026-09-29T15:00:37.992Z,6
DEMO-DEV-0910,531,2022-10-02T19:46:10.555Z,2026-09-29T21:35:09.879Z,7
DEMO-DEV-0948,531,2022-10-04T09:51:02.692Z,2026-09-29T08:47:58.300Z,7
DEMO-DEV-0961,531,2022-10-04T17:10:34.873Z,2026-09-25T09:04:37.302Z,7
DEMO-DEV-1071,531,2022-10-03T02:20:09.639Z,2026-09-29T23:03:07.391Z,6
DEMO-DEV-1448,531,2022-10-08T12:31:14.224Z,2026-09-26T12:06:10.308Z,7
DEMO-DEV-1508,531,2022-10-04T19:46:58.710Z,2026-09-26T11:42:11.319Z,6
DEMO-DEV-1565,531,2022-10-02T00:29:50.556Z,2026-09-28T02:00:39.077Z,7
DEMO-DEV-1655,531,2022-10-03T09:21:06.366Z,2026-09-28T15:24:43.155Z,6
DEMO-DEV-2402,531,2022-10-02T16:10:12.786Z,2026-09-29T16:20:33.168Z,6
DEMO-DEV-2481,531,2022-10-03T07:29:16.545Z,2026-09-28T04:44:43.795Z,6
DEMO-DEV-2544,531,2022-10-02T21:52:11.485Z,2026-09-25T01:56:01.298Z,6
DEMO-DEV-2553,531,2022-10-05T17:44:06.591Z,2026-09-30T00:26:19.992Z,6
DEMO-DEV-2583,531,2022-10-03T04:02:03.752Z,2026-09-28T13:28:29.578Z,7
DEMO-DEV-2830,531,2022-10-02T21:46:57.319Z,2026-09-30T07:30:48.993Z,6
DEMO-DEV-2894,531,2022-10-05T20:14:19.825Z,2026-09-29T14:01:38.870Z,7
DEMO-DEV-3075,531,2022-10-03T16:17:20.073Z,2026-09-30T06:09:15.892Z,6
DEMO-DEV-3370,531,2022-10-01T19:50:21.974Z,2026-09-26T09:16:10.870Z,7
DEMO-DEV-3630,531,2022-10-02T07:19:41.337Z,2026-09-29T11:37:45.636Z,7
DEMO-DEV-3753,531,2022-10-04T03:55:32.792Z,2026-09-29T07:28:02.661Z,7
DEMO-DEV-4355,531,2022-10-01T13:24:12.778Z,2026-09-29T21:45:14.676Z,6
DEMO-DEV-4382,531,2022-10-10T00:01:21.308Z,2026-09-27T03:39:19.892Z,6
DEMO-DEV-4499,531,2022-10-03T22:44:22.511Z,2026-09-24T17:25:03.811Z,7
DEMO-DEV-4604,531,2022-10-01T16:48:58.045Z,2026-09-23T15:49:22.524Z,7
DEMO-DEV-5271,531,2022-10-02T22:40:03.045Z,2026-09-28T05:49:22.508Z,7
DEMO-DEV-5346,531,2022-10-03T01:11:29.238Z,2026-09-29T17:06:01.403Z,7
DEMO-DEV-5418,531,2022-10-01T12:50:50.045Z,2026-09-27T13:23:54.785Z,7
DEMO-DEV-5993,531,2022-10-04T08:07:30.836Z,2026-09-27T21:48:24.172Z,7
DEMO-DEV-6027,531,2022-10-19T16:24:07.038Z,2026-09-27T05:36:02.352Z,7
DEMO-DEV-6216,531,2022-10-02T04:12:47.524Z,2026-09-29T09:41:21.003Z,7
DEMO-DEV-6309,531,2022-10-02T13:12:53.466Z,2026-09-24T07:57:17.843Z,6
DEMO-DEV-6329,531,2022-10-01T23:26:41.368Z,2026-09-30T04:07:33.859Z,7
DEMO-DEV-6419,531,2022-10-03T18:23:20.668Z,2026-09-27T16:27:51.026Z,7
DEMO-DEV-6462,531,2022-10-03T15:26:04.682Z,2026-09-28T19:42:48.851Z,7
DEMO-DEV-6561,531,2022-10-03T22:36:23.965Z,2026-09-28T07:41:16.968Z,7
DEMO-DEV-7216,531,2022-10-02T22:03:04.537Z,2026-09-27T18:06:24.183Z,7
DEMO-DEV-7596,531,2022-10-03T09:15:55.545Z,2026-09-28T00:59:04.618Z,7
DEMO-DEV-7619,531,2022-10-02T07:44:40.167Z,2026-09-29T03:15:17.841Z,7
DEMO-DEV-7796,531,2022-10-01T12:28:02.368Z,2026-09-25T23:01:15.811Z,7
DEMO-DEV-7892,531,2022-10-02T00:05:18.688Z,2026-09-24T00:01:59.003Z,6
DEMO-DEV-7916,531,2022-10-02T01:17:57.591Z,2026-09-28T05:45:56.648Z,7
DEMO-DEV-8002,531,2022-10-02T21:56:44.173Z,2026-09-25T06:48:18.015Z,7
DEMO-DEV-8024,531,2022-10-07T02:08:18.885Z,2026-09-27T09:56:54.892Z,6
DEMO-DEV-8089,531,2022-10-10T07:07:33.965Z,2026-09-26T18:00:40.315Z,5
DEMO-DEV-8386,531,2022-10-01T19:57:07.914Z,2026-09-27T23:12:35.859Z,6
DEMO-DEV-8578,531,2022-10-02T01:38:05.252Z,2026-09-26T10:47:27.466Z,6
DEMO-DEV-8699,531,2022-10-01T08:49:08.792Z,2026-09-26T05:26:36.160Z,7
DEMO-DEV-8735,531,2022-10-02T17:21:39.470Z,2026-09-30T02:22:12.524Z,7
DEMO-DEV-8788,531,2022-10-02T09:08:14.870Z,2026-09-23T18:41:16.308Z,6
DEMO-DEV-8912,531,2022-10-01T12:27:17.825Z,2026-09-28T16:39:54.966Z,7
DEMO-DEV-9477,531,2022-10-03T04:57:53.714Z,2026-09-27T02:20:02.915Z,7
DEMO-DEV-0051,530,2022-10-02T11:55:02.239Z,2026-09-30T06:32:16.204Z,7
DEMO-DEV-0055,530,2022-10-01T19:22:16.839Z,2026-09-29T02:29:04.366Z,6
DEMO-DEV-0248,530,2022-10-05T22:37:51.172Z,2026-09-29T21:25:34.485Z,7
DEMO-DEV-0543,530,2022-10-06T00:20:05.545Z,2026-09-27T12:50:01.352Z,7
DEMO-DEV-0929,530,2022-10-04T07:21:40.877Z,2026-09-27T06:17:41.987Z,6
DEMO-DEV-1073,530,2022-10-04T22:07:28.948Z,2026-09-29T09:42:58.315Z,7
DEMO-DEV-1406,530,2022-10-03T00:49:31.676Z,2026-09-28T22:40:49.965Z,6
DEMO-DEV-1500,530,2022-10-06T12:37:39.752Z,2026-09-26T23:48:40.302Z,6
DEMO-DEV-1503,530,2022-10-09T08:47:43.120Z,2026-09-28T08:24:59.300Z,7
DEMO-DEV-1514,530,2022-10-10T10:33:41.397Z,2026-09-26T17:09:47.026Z,7
DEMO-DEV-1616,530,2022-10-01T15:08:09.366Z,2026-09-26T13:38:43.319Z,7
DEMO-DEV-1935,530,2022-10-02T06:12:36.735Z,2026-09-27T22:04:59.599Z,6
DEMO-DEV-1939,530,2022-10-07T08:22:38.003Z,2026-09-29T21:08:37.950Z,6
DEMO-DEV-2080,530,2022-10-02T16:02:04.836Z,2026-09-29T12:24:09.692Z,7
DEMO-DEV-2300,530,2022-10-01T12:13:59.045Z,2026-09-25T14:57:27.987Z,7
DEMO-DEV-2315,530,2022-10-01T20:36:41.203Z,2026-09-26T13:19:27.226Z,7
DEMO-DEV-2430,530,2022-10-05T13:47:29.778Z,2026-09-28T17:35:26.816Z,7
DEMO-DEV-2527,530,2022-10-07T04:09:12.591Z,2026-09-29T15:35:17.612Z,6
DEMO-DEV-2569,530,2022-10-06T13:28:45.015Z,2026-09-29T23:07:45.668Z,7
DEMO-DEV-2816,530,2022-10-05T23:59:19.597Z,2026-09-29T23:03:01.211Z,7
DEMO-DEV-3209,530,2022-10-02T23:16:10.192Z,2026-09-27T13:00:20.219Z,7
DEMO-DEV-3258,530,2022-10-03T21:17:11.765Z,2026-09-28T07:47:14.545Z,7
DEMO-DEV-3465,530,2022-10-04T20:44:41.778Z,2026-09-22T04:20:19.974Z,7
DEMO-DEV-3566,530,2022-10-01T23:01:53.075Z,2026-09-29T02:07:35.824Z,7
DEMO-DEV-3698,530,2022-10-04T16:33:31.208Z,2026-09-29T13:32:49.120Z,7
DEMO-DEV-3749,530,2022-10-09T07:42:38.253Z,2026-09-29T19:30:44.714Z,7
DEMO-DEV-3793,530,2022-10-06T11:29:54.460Z,2026-09-28T18:02:18.949Z,7
DEMO-DEV-3795,530,2022-10-01T11:35:40.817Z,2026-09-30T02:07:58.298Z,6
DEMO-DEV-3994,530,2022-10-06T11:03:02.508Z,2026-09-28T01:53:18.865Z,6
DEMO-DEV-4006,530,2022-10-05T20:18:43.714Z,2026-09-27T15:28:03.236Z,7
DEMO-DEV-4216,530,2022-10-04T00:08:20.929Z,2026-09-29T22:38:26.843Z,7
DEMO-DEV-4583,530,2022-10-08T05:38:49.345Z,2026-09-30T07:33:18.203Z,7
DEMO-DEV-4720,530,2022-10-02T16:16:08.535Z,2026-09-29T00:59:23.710Z,7
DEMO-DEV-4735,530,2022-10-02T23:13:24.993Z,2026-09-29T15:35:39.038Z,6
DEMO-DEV-4856,530,2022-10-06T08:22:57.870Z,2026-09-29T19:30:21.485Z,6
DEMO-DEV-4876,530,2022-10-02T09:25:54.211Z,2026-09-30T06:39:00.403Z,7
DEMO-DEV-4896,530,2022-10-03T13:54:11.172Z,2026-09-29T15:03:51.428Z,6
DEMO-DEV-4982,530,2022-10-06T04:35:41.500Z,2026-09-30T06:03:48.205Z,7
DEMO-DEV-5349,530,2022-10-06T03:45:43.493Z,2026-09-29T08:11:26.345Z,6
DEMO-DEV-5421,530,2022-10-03T22:57:54.246Z,2026-09-25T08:16:00.038Z,7
DEMO-DEV-5606,530,2022-10-01T10:32:15.428Z,2026-09-30T05:35:49.288Z,7
DEMO-DEV-5797,530,2022-10-03T10:26:43.442Z,2026-09-28T07:34:41.168Z,7
DEMO-DEV-5870,530,2022-10-05T19:30:43.402Z,2026-09-25T02:42:44.727Z,7
DEMO-DEV-5885,530,2022-10-05T09:28:41.842Z,2026-09-26T08:06:34.556Z,7
DEMO-DEV-6110,530,2022-10-02T23:54:09.505Z,2026-09-29T12:05:46.929Z,7
DEMO-DEV-6159,530,2022-10-03T19:46:29.211Z,2026-09-21T08:19:35.038Z,6
DEMO-DEV-6185,530,2022-10-06T00:05:15.843Z,2026-09-29T20:03:20.470Z,7
DEMO-DEV-6249,530,2022-10-02T12:21:17.319Z,2026-09-28T16:25:55.735Z,7
DEMO-DEV-6339,530,2022-10-03T23:15:12.568Z,2026-09-29T20:47:40.591Z,7
DEMO-DEV-6690,530,2022-10-01T18:23:46.702Z,2026-09-27T08:01:26.966Z,7
DEMO-DEV-6759,530,2022-10-05T12:48:48.975Z,2026-09-25T19:07:24.167Z,7
DEMO-DEV-6819,530,2022-10-04T08:13:48.948Z,2026-09-30T00:54:08.134Z,6
DEMO-DEV-6842,530,2022-10-05T16:35:48.842Z,2026-09-29T16:59:55.023Z,7
DEMO-DEV-7007,530,2022-10-04T02:16:45.915Z,2026-09-29T04:25:36.545Z,6
DEMO-DEV-7263,530,2022-10-11T13:48:27.365Z,2026-09-30T01:23:45.948Z,7
DEMO-DEV-7308,530,2022-10-02T02:34:19.864Z,2026-09-28T21:57:11.192Z,6
DEMO-DEV-7342,530,2022-10-02T23:37:48.993Z,2026-09-29T06:21:07.879Z,7
DEMO-DEV-7597,530,2022-10-02T13:44:04.442Z,2026-09-30T04:06:08.865Z,7
DEMO-DEV-7910,530,2022-10-04T18:10:43.345Z,2026-09-29T14:48:46.239Z,7
DEMO-DEV-7946,530,2022-10-02T00:00:00.090Z,2026-09-29T00:54:28.646Z,7
DEMO-DEV-8073,530,2022-10-09T06:15:39.851Z,2026-09-28T06:04:56.150Z,7
DEMO-DEV-8185,530,2022-10-05T14:35:11.155Z,2026-09-29T19:22:49.648Z,6
DEMO-DEV-8250,530,2022-10-02T10:13:41.403Z,2026-09-29T11:36:04.817Z,6
DEMO-DEV-8436,530,2022-10-06T05:00:25.799Z,2026-09-30T07:36:29.727Z,6
DEMO-DEV-8460,530,2022-10-01T23:56:39.080Z,2026-09-24T18:03:22.390Z,6
DEMO-DEV-8491,530,2022-10-02T01:23:10.950Z,2026-09-28T00:52:34.370Z,6
DEMO-DEV-8574,530,2022-10-10T16:35:37.073Z,2026-09-28T03:54:31.442Z,7
DEMO-DEV-8691,530,2022-10-07T11:45:03.612Z,2026-09-29T08:17:41.120Z,7
DEMO-DEV-8799,530,2022-10-03T10:02:47.172Z,2026-09-28T12:14:27.234Z,7
DEMO-DEV-9018,530,2022-10-05T02:27:48.139Z,2026-09-29T05:24:06.442Z,7
DEMO-DEV-9130,530,2022-10-01T20:30:24.003Z,2026-09-30T00:58:09.391Z,7
DEMO-DEV-9295,530,2022-10-02T04:31:13.123Z,2026-09-30T01:09:38.325Z,7
DEMO-DEV-9321,530,2022-10-05T10:55:48.038Z,2026-09-27T22:18:18.057Z,7
DEMO-DEV-9329,530,2022-10-02T13:54:58.557Z,2026-09-28T09:39:46.021Z,6
DEMO-DEV-0005,529,2022-10-02T21:19:52.646Z,2026-09-29T13:07:21.786Z,7
DEMO-DEV-0202,529,2022-10-01T13:39:38.370Z,2026-09-29T18:21:40.497Z,7
DEMO-DEV-0249,529,2022-10-02T21:07:17.885Z,2026-09-27T03:56:20.784Z,6
DEMO-DEV-0347,529,2022-10-01T16:48:06.238Z,2026-09-29T19:48:00.692Z,6
DEMO-DEV-0416,529,2022-10-02T23:33:44.754Z,2026-09-24T03:27:08.246Z,6
DEMO-DEV-0462,529,2022-10-04T06:19:59.535Z,2026-09-30T03:02:05.167Z,5
DEMO-DEV-0580,529,2022-10-01T16:38:35.653Z,2026-09-29T13:49:24.537Z,6
DEMO-DEV-0609,529,2022-10-03T17:52:09.232Z,2026-09-23T00:01:33.308Z,7
DEMO-DEV-0783,529,2022-10-04T07:07:23.870Z,2026-09-30T08:15:35.165Z,7
DEMO-DEV-0805,529,2022-10-02T03:12:58.038Z,2026-09-26T04:18:37.792Z,6
DEMO-DEV-0850,529,2022-10-02T06:18:34.891Z,2026-09-23T17:05:05.226Z,7
DEMO-DEV-0945,529,2022-10-03T00:10:08.014Z,2026-09-24T11:25:09.738Z,6
DEMO-DEV-0965,529,2022-10-03T23:36:59.503Z,2026-09-29T09:19:13.134Z,6
DEMO-DEV-1178,529,2022-10-06T06:50:36.968Z,2026-09-28T17:27:06.568Z,7
DEMO-DEV-1321,529,2022-10-02T16:26:04.397Z,2026-09-28T22:30:00.527Z,7
DEMO-DEV-1388,529,2022-10-14T18:58:59.466Z,2026-09-25T06:32:52.676Z,6
DEMO-DEV-1462,529,2022-10-02T08:28:47.155Z,2026-09-29T20:08:45.607Z,6
DEMO-DEV-1682,529,2022-10-04T20:40:03.859Z,2026-09-27T10:21:44.975Z,7
DEMO-DEV-1883,529,2022-10-02T17:52:49.354Z,2026-09-27T12:09:27.976Z,5
DEMO-DEV-2045,529,2022-10-02T06:55:45.968Z,2026-09-27T22:10:40.087Z,7
DEMO-DEV-2112,529,2022-10-05T11:11:43.172Z,2026-09-28T01:36:03.037Z,6
DEMO-DEV-2190,529,2022-10-03T18:31:34.865Z,2026-09-29T16:33:36.926Z,6
DEMO-DEV-2610,529,2022-10-06T20:50:57.992Z,2026-09-28T18:31:53.537Z,7
DEMO-DEV-2997,529,2022-10-01T13:40:35.291Z,2026-09-29T22:26:42.676Z,7
DEMO-DEV-3077,529,2022-10-01T19:06:18.077Z,2026-09-27T03:54:56.264Z,7
DEMO-DEV-3130,529,2022-10-02T05:41:37.976Z,2026-09-29T10:22:33.345Z,7
DEMO-DEV-3240,529,2022-10-01T10:22:06.714Z,2026-09-28T23:32:47.917Z,7
DEMO-DEV-3371,529,2022-10-02T03:30:35.394Z,2026-09-28T09:34:36.648Z,7
DEMO-DEV-3530,529,2022-10-01T23:31:04.605Z,2026-09-22T05:27:54.985Z,7
DEMO-DEV-3545,529,2022-10-02T11:17:29.497Z,2026-09-26T19:05:39.224Z,6
DEMO-DEV-3567,529,2022-10-03T00:22:40.885Z,2026-09-26T11:52:00.682Z,6
DEMO-DEV-3696,529,2022-10-04T17:55:38.666Z,2026-09-29T01:54:40.370Z,7
DEMO-DEV-3809,529,2022-10-01T12:26:25.391Z,2026-09-24T00:13:00.884Z,6
DEMO-DEV-4126,529,2022-10-01T13:54:00.337Z,2026-09-30T07:25:28.795Z,7
DEMO-DEV-4217,529,2022-10-02T11:27:47.409Z,2026-09-23T15:24:53.950Z,7
DEMO-DEV-4229,529,2022-10-02T14:44:55.738Z,2026-09-29T14:25:29.639Z,7
DEMO-DEV-4373,529,2022-10-01T15:16:28.785Z,2026-09-27T08:44:19.523Z,7
DEMO-DEV-5025,529,2022-10-07T05:42:57.503Z,2026-09-24T13:17:15.948Z,6
DEMO-DEV-5102,529,2022-10-02T18:46:18.612Z,2026-09-26T22:41:47.612Z,6
DEMO-DEV-5141,529,2022-10-02T11:14:10.804Z,2026-09-25T11:29:05.466Z,7
DEMO-DEV-5373,529,2022-10-05T02:25:09.219Z,2026-09-29T06:49:51.357Z,7
DEMO-DEV-5646,529,2022-10-02T04:45:36.390Z,2026-09-28T15:46:10.203Z,6
DEMO-DEV-5750,529,2022-10-05T03:18:50.968Z,2026-09-29T08:27:06.460Z,7
DEMO-DEV-5780,529,2022-10-02T19:48:38.655Z,2026-09-25T03:51:26.472Z,7
DEMO-DEV-5932,529,2022-10-01T23:20:47.307Z,2026-09-26T18:34:40.287Z,6
DEMO-DEV-5946,529,2022-10-05T09:22:44.485Z,2026-09-22T20:22:08.578Z,6
DEMO-DEV-6030,529,2022-10-04T01:54:39.884Z,2026-09-20T19:20:39.913Z,6
DEMO-DEV-6257,529,2022-10-03T06:16:16.203Z,2026-09-28T02:58:29.366Z,6
DEMO-DEV-6480,529,2022-10-07T10:13:12.368Z,2026-09-29T22:42:28.793Z,6
DEMO-DEV-6528,529,2022-10-03T05:08:34.307Z,2026-09-23T14:36:29.298Z,7
DEMO-DEV-6533,529,2022-10-08T18:03:19.390Z,2026-09-24T01:48:16.989Z,7
DEMO-DEV-6735,529,2022-10-08T02:59:29.225Z,2026-09-30T04:24:59.636Z,7
DEMO-DEV-6817,529,2022-10-01T11:05:41.208Z,2026-09-28T10:08:24.885Z,7
DEMO-DEV-7103,529,2022-10-02T03:35:15.578Z,2026-09-28T18:52:07.455Z,7
DEMO-DEV-7107,529,2022-10-01T13:14:22.442Z,2026-09-30T06:16:45.068Z,7
DEMO-DEV-7122,529,2022-10-04T17:47:01.485Z,2026-09-22T21:27:17.966Z,7
DEMO-DEV-7283,529,2022-10-09T23:42:37.023Z,2026-09-23T13:34:36.390Z,7
DEMO-DEV-7419,529,2022-10-01T17:22:41.415Z,2026-09-29T13:08:10.607Z,7
DEMO-DEV-7431,529,2022-10-01T10:24:08.337Z,2026-09-24T21:27:01.394Z,7
DEMO-DEV-7490,529,2022-10-07T06:17:54.315Z,2026-09-23T15:54:43.527Z,6
DEMO-DEV-7575,529,2022-10-05T14:26:59.252Z,2026-09-26T10:26:30.877Z,7
DEMO-DEV-7586,529,2022-10-03T19:57:58.234Z,2026-09-26T15:38:13.390Z,7
DEMO-DEV-7737,529,2022-10-01T20:30:04.653Z,2026-09-29T03:26:12.806Z,6
DEMO-DEV-7948,529,2022-10-05T02:49:23.892Z,2026-09-20T09:35:10.428Z,7
DEMO-DEV-8066,529,2022-10-05T07:09:14.134Z,2026-09-28T05:56:15.917Z,7
DEMO-DEV-8103,529,2022-10-02T23:53:42.710Z,2026-09-28T19:09:48.793Z,6
DEMO-DEV-8124,529,2022-10-03T05:14:49.038Z,2026-09-30T02:06:04.023Z,7
DEMO-DEV-8549,529,2022-10-06T09:39:28.863Z,2026-09-16T13:15:34.470Z,6
DEMO-DEV-8704,529,2022-10-02T18:53:55.915Z,2026-09-27T10:49:04.765Z,7
DEMO-DEV-9204,529,2022-10-04T04:24:33.428Z,2026-09-29T12:42:34.885Z,7
DEMO-DEV-9391,529,2022-10-03T07:26:37.168Z,2026-09-30T07:58:33.120Z,7
DEMO-DEV-9431,529,2022-10-02T02:05:51.692Z,2026-09-28T19:39:09.183Z,7
DEMO-DEV-9495,529,2022-10-03T14:04:20.460Z,2026-09-30T07:58:57.792Z,7
DEMO-DEV-9645,529,2022-10-05T01:35:40.508Z,2026-09-29T16:51:44.917Z,7
DEMO-DEV-9685,529,2022-10-02T12:46:44.719Z,2026-09-29T03:33:24.648Z,6
DEMO-DEV-9739,529,2022-10-02T20:42:42.252Z,2026-09-26T14:12:19.614Z,6
DEMO-DEV-9835,529,2022-10-03T03:11:47.545Z,2026-09-27T15:35:50.646Z,7
DEMO-DEV-0233,528,2022-10-04T05:38:45.607Z,2026-09-29T04:30:31.702Z,7
DEMO-DEV-0426,528,2022-10-03T07:03:02.843Z,2026-09-18T07:10:37.354Z,6
DEMO-DEV-0459,528,2022-10-06T02:54:49.974Z,2026-09-28T23:34:01.537Z,7
DEMO-DEV-0474,528,2022-10-02T17:37:10.370Z,2026-09-27T17:25:13.168Z,7
DEMO-DEV-0667,528,2022-10-02T06:38:16.289Z,2026-09-30T00:19:05.308Z,7
DEMO-DEV-0792,528,2022-10-03T03:22:14.851Z,2026-09-22T12:33:31.077Z,7
DEMO-DEV-0820,528,2022-10-05T09:05:09.578Z,2026-09-28T20:13:05.134Z,7
DEMO-DEV-0921,528,2022-10-01T20:50:47.527Z,2026-09-20T00:32:34.038Z,6
DEMO-DEV-1072,528,2022-10-05T10:09:20.246Z,2026-09-29T09:53:57.307Z,6
DEMO-DEV-1085,528,2022-10-08T15:22:12.211Z,2026-09-24T22:59:10.161Z,7
DEMO-DEV-1132,528,2022-10-10T06:18:50.203Z,2026-09-29T01:56:24.173Z,7
DEMO-DEV-1225,528,2022-10-06T06:59:03.264Z,2026-09-25T19:03:08.597Z,7
DEMO-DEV-1230,528,2022-10-07T11:36:43.239Z,2026-09-28T03:04:04.225Z,5
DEMO-DEV-1305,528,2022-10-10T06:34:28.879Z,2026-09-29T14:58:21.302Z,7
DEMO-DEV-1549,528,2022-10-01T10:08:11.806Z,2026-09-29T04:40:56.352Z,7
DEMO-DEV-1838,528,2022-10-03T19:18:07.668Z,2026-09-26T23:22:02.612Z,7
DEMO-DEV-1878,528,2022-10-01T13:51:16.443Z,2026-09-29T08:58:09.735Z,7
DEMO-DEV-2063,528,2022-10-03T22:21:55.948Z,2026-09-25T09:03:29.738Z,7
DEMO-DEV-2085,528,2022-10-02T21:51:04.614Z,2026-09-30T00:41:05.511Z,7
DEMO-DEV-2172,528,2022-10-03T05:53:54.817Z,2026-09-27T22:19:47.300Z,7
DEMO-DEV-2176,528,2022-10-02T19:01:58.804Z,2026-09-28T17:21:43.337Z,7
DEMO-DEV-2200,528,2022-10-01T20:57:31.513Z,2026-09-30T00:00:30.524Z,6
DEMO-DEV-2406,528,2022-10-01T16:46:02.068Z,2026-09-29T17:28:46.160Z,6
DEMO-DEV-3034,528,2022-10-03T16:47:19.073Z,2026-09-26T09:36:06.442Z,7
DEMO-DEV-3168,528,2022-10-03T10:34:38.307Z,2026-09-27T06:43:27.785Z,7
DEMO-DEV-3412,528,2022-10-02T06:51:07.319Z,2026-09-30T03:41:46.578Z,6
DEMO-DEV-3430,528,2022-10-01T17:40:17.599Z,2026-09-26T18:58:12.639Z,7
DEMO-DEV-3603,528,2022-10-10T17:10:33.682Z,2026-09-25T03:50:55.225Z,7
DEMO-DEV-3906,528,2022-10-02T02:14:08.513Z,2026-09-22T08:16:07.298Z,7
DEMO-DEV-3910,528,2022-10-06T23:25:36.014Z,2026-09-28T17:20:46.493Z,7
DEMO-DEV-4036,528,2022-10-01T15:03:00.811Z,2026-09-25T18:10:05.841Z,6
DEMO-DEV-4163,528,2022-10-04T02:02:33.648Z,2026-09-29T16:13:22.208Z,7
DEMO-DEV-4167,528,2022-10-06T22:59:52.057Z,2026-09-27T15:41:12.556Z,7
DEMO-DEV-4310,528,2022-10-11T10:42:14.165Z,2026-09-28T06:19:00.238Z,6
DEMO-DEV-4593,528,2022-10-05T09:09:51.877Z,2026-09-25T22:50:05.618Z,7
DEMO-DEV-4814,528,2022-10-01T19:05:48.203Z,2026-09-22T18:38:44.230Z,7
DEMO-DEV-4900,528,2022-10-01T16:15:39.778Z,2026-09-29T04:57:26.966Z,6
DEMO-DEV-4937,528,2022-10-02T14:20:09.357Z,2026-09-28T10:11:45.584Z,7
DEMO-DEV-5063,528,2022-10-01T14:14:13.139Z,2026-09-27T07:18:22.234Z,7
DEMO-DEV-5093,528,2022-10-01T11:59:36.173Z,2026-09-22T10:21:51.150Z,7
DEMO-DEV-5743,528,2022-10-02T15:56:17.073Z,2026-09-29T20:52:09.073Z,6
DEMO-DEV-5747,528,2022-10-03T08:20:45.639Z,2026-09-30T00:58:34.976Z,7
DEMO-DEV-5857,528,2022-10-07T16:06:51.519Z,2026-09-29T17:06:37.183Z,6
DEMO-DEV-5859,528,2022-10-07T17:51:19.192Z,2026-09-27T05:13:15.557Z,7
DEMO-DEV-6144,528,2022-10-13T12:53:36.150Z,2026-09-19T22:11:15.123Z,7
DEMO-DEV-6213,528,2022-10-04T05:39:25.557Z,2026-09-28T21:14:27.045Z,7
DEMO-DEV-6241,528,2022-10-01T22:44:14.232Z,2026-09-27T06:35:16.584Z,7
DEMO-DEV-6283,528,2022-10-06T03:36:25.843Z,2026-09-30T05:25:20.865Z,6
DEMO-DEV-6536,528,2022-10-02T01:23:24.597Z,2026-09-29T06:45:04.307Z,7
DEMO-DEV-6539,528,2022-10-01T08:55:33.370Z,2026-09-28T21:16:53.811Z,7
DEMO-DEV-6588,528,2022-10-04T19:26:54.864Z,2026-09-28T22:49:50.870Z,7
DEMO-DEV-6634,528,2022-10-02T22:04:38.653Z,2026-09-29T23:29:46.455Z,6
DEMO-DEV-6728,528,2022-10-03T19:04:13.537Z,2026-09-29T01:24:52.226Z,7
DEMO-DEV-6736,528,2022-10-01T19:46:53.155Z,2026-09-30T02:47:06.268Z,6
DEMO-DEV-6791,528,2022-10-02T02:40:01.948Z,2026-09-30T06:34:53.508Z,7
DEMO-DEV-7202,528,2022-10-03T05:12:40.688Z,2026-09-27T07:19:18.024Z,7
DEMO-DEV-7305,528,2022-10-03T18:23:36.618Z,2026-09-29T15:20:24.719Z,5
DEMO-DEV-7444,528,2022-10-01T11:37:19.077Z,2026-09-21T04:18:51.591Z,6
DEMO-DEV-7445,528,2022-10-03T08:28:25.165Z,2026-09-24T07:05:31.254Z,6
DEMO-DEV-7455,528,2022-10-01T21:19:38.352Z,2026-09-29T14:32:25.500Z,7
DEMO-DEV-7682,528,2022-10-05T03:14:18.168Z,2026-09-22T11:36:47.993Z,7
DEMO-DEV-7998,528,2022-10-03T10:52:11.804Z,2026-09-29T22:13:46.646Z,7
DEMO-DEV-8036,528,2022-10-01T14:11:21.793Z,2026-09-27T17:53:47.307Z,7
DEMO-DEV-8160,528,2022-10-04T15:06:03.785Z,2026-09-28T14:49:55.975Z,7
DEMO-DEV-8292,528,2022-10-01T15:57:23.556Z,2026-09-23T00:15:47.415Z,6
DEMO-DEV-8621,528,2022-10-02T06:34:26.268Z,2026-09-29T02:42:47.786Z,6
DEMO-DEV-8676,528,2022-10-02T03:15:14.752Z,2026-09-27T08:06:54.605Z,7
DEMO-DEV-8677,528,2022-10-02T19:27:52.993Z,2026-09-29T08:07:39.238Z,7
DEMO-DEV-8731,528,2022-10-04T12:10:13.239Z,2026-09-28T03:51:21.929Z,7
DEMO-DEV-8783,528,2022-10-08T22:46:00.969Z,2026-09-28T23:00:03.607Z,6
DEMO-DEV-8908,528,2022-10-04T13:36:05.300Z,2026-09-27T09:17:28.806Z,7
DEMO-DEV-8988,528,2022-10-02T06:17:24.965Z,2026-09-30T05:28:15.519Z,7
DEMO-DEV-9283,528,2022-10-01T10:16:06.080Z,2026-09-27T05:54:11.172Z,7
DEMO-DEV-9304,528,2022-10-01T12:37:20.968Z,2026-09-29T20:52:51.222Z,7
DEMO-DEV-9328,528,2022-10-02T06:50:38.443Z,2026-09-28T18:22:10.668Z,7
DEMO-DEV-9376,528,2022-10-05T21:17:04.965Z,2026-09-28T06:04:09.004Z,7
DEMO-DEV-9379,528,2022-10-06T04:59:06.511Z,2026-09-27T12:00:31.409Z,7
DEMO-DEV-9457,528,2022-10-01T21:53:06.799Z,2026-09-29T13:43:56.289Z,7
DEMO-DEV-9486,528,2022-10-01T17:52:48.026Z,2026-09-29T09:38:19.653Z,7
DEMO-DEV-9611,528,2022-10-02T19:20:42.658Z,2026-09-29T19:45:50.352Z,7
DEMO-DEV-9672,528,2022-10-05T13:57:32.003Z,2026-09-28T23:23:19.239Z,6
DEMO-DEV-9700,528,2022-10-06T17:29:27.394Z,2026-09-28T21:14:42.302Z,7
DEMO-DEV-9808,528,2022-10-02T01:46:08.023Z,2026-09-26T04:07:43.949Z,7
DEMO-DEV-9995,528,2022-10-01T23:41:50.045Z,2026-09-22T16:08:39.068Z,7
DEMO-DEV-0093,527,2022-10-01T10:22:31.004Z,2026-09-30T01:25:00.784Z,7
DEMO-DEV-0159,527,2022-10-03T04:59:07.368Z,2026-09-27T14:34:22.676Z,6
DEMO-DEV-0259,527,2022-10-02T13:23:53.226Z,2026-09-22T05:39:22.391Z,6
DEMO-DEV-0613,527,2022-10-01T17:26:38.415Z,2026-09-29T20:23:29.505Z,6
DEMO-DEV-0638,527,2022-10-06T01:42:06.714Z,2026-09-29T17:57:32.238Z,7
DEMO-DEV-0739,527,2022-10-03T23:33:36.268Z,2026-09-28T03:35:11.315Z,6
DEMO-DEV-0829,527,2022-10-02T02:16:58.466Z,2026-09-29T17:45:15.793Z,7
DEMO-DEV-0925,527,2022-10-01T16:29:37.752Z,2026-09-29T23:15:14.211Z,6
DEMO-DEV-1052,527,2022-10-06T09:20:44.842Z,2026-09-25T22:48:20.974Z,6
DEMO-DEV-1202,527,2022-10-01T19:37:48.614Z,2026-09-26T12:53:48.719Z,6
DEMO-DEV-1316,527,2022-10-02T12:23:04.782Z,2026-09-30T01:40:50.676Z,6
DEMO-DEV-1506,527,2022-10-14T21:52:28.026Z,2026-09-29T16:59:10.090Z,7
DEMO-DEV-1996,527,2022-10-09T22:16:54.365Z,2026-09-29T22:20:01.500Z,7
DEMO-DEV-2106,527,2022-10-04T13:57:36.975Z,2026-09-27T22:52:43.851Z,7
DEMO-DEV-2136,527,2022-10-04T10:15:03.239Z,2026-09-25T12:23:02.291Z,7
DEMO-DEV-2185,527,2022-10-03T03:13:06.470Z,2026-09-25T23:40:37.226Z,7
DEMO-DEV-2254,527,2022-10-02T03:04:16.975Z,2026-09-24T13:08:12.023Z,7
DEMO-DEV-2455,527,2022-10-03T07:35:08.415Z,2026-09-29T03:43:10.661Z,6
DEMO-DEV-2545,527,2022-10-03T21:45:36.806Z,2026-09-19T08:54:44.120Z,7
DEMO-DEV-2691,527,2022-10-03T02:08:24.885Z,2026-09-26T21:02:38.785Z,7
DEMO-DEV-2735,527,2022-10-01T08:33:18.778Z,2026-09-27T19:15:29.403Z,7
DEMO-DEV-2845,527,2022-10-01T10:25:09.015Z,2026-09-25T20:42:04.503Z,7
DEMO-DEV-2869,527,2022-10-07T19:53:09.155Z,2026-09-29T22:51:11.607Z,6
DEMO-DEV-2952,527,2022-10-04T06:32:38.123Z,2026-09-25T06:44:46.668Z,7
DEMO-DEV-2985,527,2022-10-02T11:39:20.513Z,2026-09-21T16:49:01.123Z,7
DEMO-DEV-3058,527,2022-10-02T18:10:01.803Z,2026-09-28T17:47:10.208Z,7
DEMO-DEV-3236,527,2022-10-02T13:18:38.915Z,2026-09-29T10:26:37.668Z,6
DEMO-DEV-3415,527,2022-10-03T08:24:14.038Z,2026-09-29T17:42:07.485Z,7
DEMO-DEV-3494,527,2022-10-08T20:20:43.786Z,2026-09-29T11:42:59.123Z,7
DEMO-DEV-3841,527,2022-10-03T06:33:50.966Z,2026-09-28T15:07:35.614Z,7
DEMO-DEV-3847,527,2022-10-09T05:10:10.222Z,2026-09-28T07:11:16.218Z,7
DEMO-DEV-3964,527,2022-10-02T05:06:09.658Z,2026-09-25T02:13:53.224Z,6
DEMO-DEV-3977,527,2022-10-02T21:50:59.976Z,2026-09-26T03:04:23.612Z,7
DEMO-DEV-4175,527,2022-10-15T11:44:13.513Z,2026-09-29T15:33:25.352Z,7
DEMO-DEV-4575,527,2022-10-01T21:48:40.816Z,2026-09-27T23:25:48.203Z,7
DEMO-DEV-4577,527,2022-10-03T00:03:20.926Z,2026-09-29T01:01:29.183Z,7
DEMO-DEV-4750,527,2022-10-02T21:58:25.968Z,2026-09-29T08:34:25.073Z,7
DEMO-DEV-4826,527,2022-10-06T13:25:49.612Z,2026-09-28T02:16:07.811Z,7
DEMO-DEV-4887,527,2022-10-04T18:01:05.319Z,2026-09-29T19:42:06.298Z,6
DEMO-DEV-5298,527,2022-10-01T23:58:58.239Z,2026-09-22T12:54:18.027Z,7
DEMO-DEV-5383,527,2022-10-01T10:17:03.851Z,2026-09-28T22:45:30.692Z,7
DEMO-DEV-5477,527,2022-10-01T19:29:19.250Z,2026-09-29T02:34:02.784Z,7
DEMO-DEV-5603,527,2022-10-02T19:22:39.646Z,2026-09-28T08:35:25.841Z,7
DEMO-DEV-5612,527,2022-10-04T15:02:31.752Z,2026-09-29T17:31:27.926Z,7
DEMO-DEV-5638,527,2022-10-08T21:37:27.354Z,2026-09-26T00:38:14.189Z,6
DEMO-DEV-6079,527,2022-10-01T21:45:09.846Z,2026-09-24T14:05:10.816Z,6
DEMO-DEV-6200,527,2022-10-03T06:39:09.045Z,2026-09-28T02:08:40.646Z,7
DEMO-DEV-6406,527,2022-10-05T07:03:14.004Z,2026-09-28T15:25:29.948Z,7
DEMO-DEV-6757,527,2022-10-03T12:01:58.354Z,2026-09-30T03:59:40.298Z,7
DEMO-DEV-6969,527,2022-10-02T13:22:41.428Z,2026-09-26T04:04:27.948Z,7
DEMO-DEV-6978,527,2022-10-02T17:26:34.442Z,2026-09-28T18:26:25.508Z,7
DEMO-DEV-7013,527,2022-10-02T00:27:46.778Z,2026-09-30T00:54:31.879Z,7
DEMO-DEV-7472,527,2022-10-04T17:38:52.252Z,2026-09-29T01:20:59.319Z,7
DEMO-DEV-7513,527,2022-10-02T03:58:24.246Z,2026-09-27T11:00:35.123Z,7
DEMO-DEV-7522,527,2022-10-01T14:53:28.735Z,2026-09-26T03:27:05.965Z,7
DEMO-DEV-7534,527,2022-10-02T23:07:21.969Z,2026-09-27T00:42:08.080Z,7
DEMO-DEV-7821,527,2022-10-02T03:19:36.161Z,2026-09-27T03:37:24.556Z,6
DEMO-DEV-7825,527,2022-10-01T11:13:40.307Z,2026-09-28T08:39:23.365Z,6
DEMO-DEV-8050,527,2022-10-01T18:18:47.975Z,2026-09-26T23:19:18.508Z,7
DEMO-DEV-8389,527,2022-10-02T15:10:08.926Z,2026-09-27T12:49:49.268Z,6
DEMO-DEV-8425,527,2022-10-01T12:30:36.865Z,2026-09-30T07:49:49.825Z,6
DEMO-DEV-8459,527,2022-10-10T23:18:43.836Z,2026-09-24T13:38:31.778Z,6
DEMO-DEV-8827,527,2022-10-02T04:01:00.612Z,2026-09-28T23:04:49.391Z,7
DEMO-DEV-8991,527,2022-10-03T10:14:45.442Z,2026-09-29T19:43:40.428Z,7
DEMO-DEV-9081,527,2022-10-05T13:21:21.246Z,2026-09-27T04:41:07.754Z,7
DEMO-DEV-9303,527,2022-10-02T12:51:01.120Z,2026-09-28T10:34:22.842Z,6
DEMO-DEV-9544,527,2022-10-01T16:44:25.682Z,2026-09-28T19:49:02.879Z,7
DEMO-DEV-9845,527,2022-10-02T19:08:17.037Z,2026-09-23T22:02:34.597Z,6
DEMO-DEV-9856,527,2022-10-04T01:24:08.618Z,2026-09-28T23:56:59.298Z,7
DEMO-DEV-9892,527,2022-10-02T19:15:00.846Z,2026-09-30T07:36:43.161Z,7
DEMO-DEV-0015,526,2022-10-01T15:32:10.735Z,2026-09-29T00:59:05.682Z,6
DEMO-DEV-0018,526,2022-10-14T13:09:42.357Z,2026-09-29T10:42:21.985Z,6
DEMO-DEV-0140,526,2022-10-04T06:04:51.503Z,2026-09-30T02:26:37.470Z,7
DEMO-DEV-0224,526,2022-10-14T07:54:52.949Z,2026-09-28T21:53:00.523Z,6
DEMO-DEV-0267,526,2022-10-08T14:40:37.403Z,2026-09-29T11:10:18.929Z,7
DEMO-DEV-0298,526,2022-10-05T20:42:23.234Z,2026-09-26T14:52:16.913Z,7
DEMO-DEV-0367,526,2022-10-03T15:01:41.612Z,2026-09-30T06:35:51.785Z,6
DEMO-DEV-0508,526,2022-10-09T10:35:26.368Z,2026-09-29T08:53:48.077Z,6
DEMO-DEV-0671,526,2022-10-02T12:55:04.825Z,2026-09-29T03:36:54.161Z,7
DEMO-DEV-0888,526,2022-10-02T10:21:27.319Z,2026-09-27T02:25:10.863Z,7
DEMO-DEV-1174,526,2022-10-02T00:41:28.288Z,2026-09-26T07:38:29.004Z,6
DEMO-DEV-1326,526,2022-10-02T10:30:24.365Z,2026-09-30T01:12:20.189Z,6
DEMO-DEV-1629,526,2022-10-03T16:58:52.917Z,2026-09-26T14:38:04.402Z,6
DEMO-DEV-1782,526,2022-10-04T04:27:36.842Z,2026-09-20T14:50:42.785Z,7
DEMO-DEV-1795,526,2022-10-02T01:22:17.443Z,2026-09-29T12:18:43.817Z,7
DEMO-DEV-1891,526,2022-10-03T10:54:42.992Z,2026-09-18T16:32:37.037Z,6
DEMO-DEV-2010,526,2022-10-08T08:23:12.218Z,2026-09-27T07:33:01.545Z,6
DEMO-DEV-2148,526,2022-10-03T06:13:15.870Z,2026-09-30T00:23:15.239Z,7
DEMO-DEV-2258,526,2022-10-02T11:06:41.523Z,2026-09-24T20:46:45.508Z,6
DEMO-DEV-2372,526,2022-10-03T04:23:48.026Z,2026-09-28T13:41:09.222Z,7
DEMO-DEV-2390,526,2022-10-03T10:28:15.485Z,2026-09-27T17:13:11.120Z,6
DEMO-DEV-2445,526,2022-10-03T01:05:39.428Z,2026-09-28T21:18:18.793Z,7
DEMO-DEV-2582,526,2022-10-02T07:10:05.913Z,2026-09-27T02:40:36.666Z,6
DEMO-DEV-2614,526,2022-10-03T15:17:30.167Z,2026-09-30T07:09:12.287Z,7
DEMO-DEV-2688,526,2022-10-07T22:07:40.366Z,2026-09-29T14:31:32.778Z,7
DEMO-DEV-2701,526,2022-10-09T15:06:55.842Z,2026-09-29T11:38:01.605Z,6
DEMO-DEV-2850,526,2022-10-07T12:59:34.003Z,2026-09-28T17:55:18.524Z,7
DEMO-DEV-2854,526,2022-10-05T22:30:26.524Z,2026-09-27T17:01:58.513Z,6
DEMO-DEV-2873,526,2022-10-05T01:52:56.653Z,2026-09-28T12:00:39.370Z,6
DEMO-DEV-2882,526,2022-10-13T04:59:30.864Z,2026-09-22T07:51:51.778Z,7
DEMO-DEV-2888,526,2022-10-02T00:45:39.646Z,2026-09-24T17:41:49.917Z,7
DEMO-DEV-2915,526,2022-10-03T03:05:26.253Z,2026-09-29T03:13:30.523Z,7
DEMO-DEV-3067,526,2022-10-01T13:20:47.785Z,2026-09-30T04:31:26.203Z,6
DEMO-DEV-3078,526,2022-10-01T19:25:14.160Z,2026-09-29T06:48:38.080Z,7
DEMO-DEV-3285,526,2022-10-05T10:35:46.568Z,2026-09-19T21:50:07.370Z,7
DEMO-DEV-3382,526,2022-10-04T18:31:48.291Z,2026-09-26T12:03:41.843Z,6
DEMO-DEV-3516,526,2022-10-02T22:34:42.648Z,2026-09-29T15:03:14.614Z,6
DEMO-DEV-3539,526,2022-10-01T10:51:13.682Z,2026-09-25T06:01:57.221Z,7
DEMO-DEV-3649,526,2022-10-04T18:08:36.646Z,2026-09-29T19:47:45.073Z,7
DEMO-DEV-4019,526,2022-10-06T14:19:23.205Z,2026-09-26T07:00:04.682Z,7
DEMO-DEV-4101,526,2022-10-02T04:25:49.443Z,2026-09-28T21:17:50.221Z,6
DEMO-DEV-4180,526,2022-10-09T08:04:15.155Z,2026-09-24T17:11:18.172Z,7
DEMO-DEV-4211,526,2022-10-01T19:39:22.864Z,2026-09-25T12:51:27.870Z,7
DEMO-DEV-4293,526,2022-10-05T21:57:51.204Z,2026-09-23T01:23:12.003Z,7
DEMO-DEV-4326,526,2022-10-02T07:36:46.232Z,2026-09-26T23:54:59.219Z,6
DEMO-DEV-4341,526,2022-10-01T13:30:30.614Z,2026-09-30T08:04:53.784Z,7
DEMO-DEV-4418,526,2022-10-08T22:35:32.795Z,2026-09-26T02:58:13.795Z,7
DEMO-DEV-4474,526,2022-10-06T17:37:28.063Z,2026-09-26T00:52:13.160Z,6
DEMO-DEV-4535,526,2022-10-02T20:17:57.846Z,2026-09-29T20:42:24.578Z,7
DEMO-DEV-4581,526,2022-10-03T03:02:50.014Z,2026-09-24T14:06:33.846Z,7
DEMO-DEV-4703,526,2022-10-04T08:53:33.307Z,2026-09-21T14:39:52.090Z,6
DEMO-DEV-4818,526,2022-10-04T22:50:34.505Z,2026-09-29T23:26:26.160Z,6
DEMO-DEV-4864,526,2022-10-03T15:34:31.719Z,2026-09-23T23:33:42.965Z,6
DEMO-DEV-5001,526,2022-10-03T23:43:17.370Z,2026-09-22T18:32:11.390Z,7
DEMO-DEV-5166,526,2022-10-06T15:29:52.578Z,2026-09-29T09:31:43.205Z,7
DEMO-DEV-5295,526,2022-10-03T10:17:20.612Z,2026-09-30T03:37:17.816Z,6
DEMO-DEV-5449,526,2022-10-02T11:55:47.470Z,2026-09-26T09:04:48.816Z,7
DEMO-DEV-5579,526,2022-10-06T12:11:18.639Z,2026-09-26T09:23:24.535Z,6
DEMO-DEV-5741,526,2022-10-11T21:53:16.192Z,2026-09-26T05:55:19.015Z,7
DEMO-DEV-5929,526,2022-10-04T16:06:43.173Z,2026-09-29T15:07:36.485Z,7
DEMO-DEV-5957,526,2022-10-03T18:28:06.189Z,2026-09-29T20:52:19.948Z,6
DEMO-DEV-6198,526,2022-10-02T07:29:24.239Z,2026-09-29T22:04:34.648Z,6
DEMO-DEV-6279,526,2022-10-03T07:33:02.839Z,2026-09-29T17:25:01.863Z,6
DEMO-DEV-6280,526,2022-10-04T11:13:25.246Z,2026-09-30T05:21:45.238Z,7
DEMO-DEV-6653,526,2022-10-17T02:35:29.038Z,2026-09-27T18:14:40.038Z,6
DEMO-DEV-6746,526,2022-10-11T16:16:45.915Z,2026-09-28T04:49:40.015Z,6
DEMO-DEV-7078,526,2022-10-03T17:58:45.155Z,2026-09-29T22:15:25.004Z,7
DEMO-DEV-7119,526,2022-10-04T08:42:02.302Z,2026-09-29T05:20:35.867Z,7
DEMO-DEV-7149,526,2022-10-03T05:08:06.268Z,2026-09-27T14:37:38.038Z,7
DEMO-DEV-7187,526,2022-10-07T03:41:56.208Z,2026-09-27T17:48:25.150Z,7
DEMO-DEV-7401,526,2022-10-04T01:34:15.597Z,2026-09-28T08:32:27.612Z,6
DEMO-DEV-7424,526,2022-10-07T09:07:33.391Z,2026-09-29T08:48:36.208Z,7
DEMO-DEV-7500,526,2022-10-07T11:21:56.403Z,2026-09-28T23:35:39.155Z,6
DEMO-DEV-7506,526,2022-10-02T00:10:15.859Z,2026-09-30T04:07:12.068Z,7
DEMO-DEV-7731,526,2022-10-04T07:27:22.370Z,2026-09-28T02:05:53.556Z,6
DEMO-DEV-7840,526,2022-10-06T09:46:45.027Z,2026-09-26T08:33:18.232Z,7
DEMO-DEV-7867,526,2022-10-05T06:04:39.974Z,2026-09-29T13:28:44.992Z,6
DEMO-DEV-7872,526,2022-10-04T09:20:57.234Z,2026-09-16T06:39:58.524Z,7
DEMO-DEV-8014,526,2022-10-02T12:57:11.803Z,2026-09-26T20:06:07.804Z,7
DEMO-DEV-8075,526,2022-10-09T23:29:24.394Z,2026-09-22T18:37:21.865Z,7
DEMO-DEV-8099,526,2022-10-04T02:46:44.394Z,2026-09-29T18:20:26.123Z,7
DEMO-DEV-8117,526,2022-10-01T15:54:33.836Z,2026-09-25T06:56:53.804Z,7
DEMO-DEV-8136,526,2022-10-14T16:29:28.555Z,2026-09-25T00:33:22.966Z,6
DEMO-DEV-8260,526,2022-10-02T11:56:13.026Z,2026-09-29T05:16:35.403Z,7
DEMO-DEV-8468,526,2022-10-07T17:28:19.868Z,2026-09-26T10:53:23.120Z,6
DEMO-DEV-8534,526,2022-10-04T09:56:41.968Z,2026-09-28T19:53:55.443Z,7
DEMO-DEV-8680,526,2022-10-10T16:40:12.537Z,2026-09-29T21:25:16.026Z,7
DEMO-DEV-8747,526,2022-10-05T20:55:28.782Z,2026-09-30T04:41:20.075Z,6
DEMO-DEV-8927,526,2022-10-01T10:38:34.792Z,2026-09-25T12:44:05.239Z,7
DEMO-DEV-8938,526,2022-10-03T14:20:36.817Z,2026-09-27T22:54:37.782Z,7
DEMO-DEV-9064,526,2022-10-03T04:44:34.307Z,2026-09-28T08:34:15.867Z,7
DEMO-DEV-9151,526,2022-10-01T15:10:40.470Z,2026-09-23T12:51:45.302Z,7
DEMO-DEV-9510,526,2022-10-01T16:45:15.975Z,2026-09-25T17:47:33.442Z,7
DEMO-DEV-9602,526,2022-10-08T16:12:20.965Z,2026-09-29T21:57:51.666Z,6
DEMO-DEV-9693,526,2022-10-01T12:35:27.870Z,2026-09-29T22:41:24.325Z,7
DEMO-DEV-0014,525,2022-10-06T10:11:26.891Z,2026-09-27T13:57:20.345Z,6
DEMO-DEV-0247,525,2022-10-01T15:30:22.470Z,2026-09-26T09:11:31.302Z,7
DEMO-DEV-0454,525,2022-10-03T18:49:13.646Z,2026-09-30T07:10:30.914Z,6
DEMO-DEV-0492,525,2022-10-03T06:16:06.511Z,2026-09-29T04:10:52.891Z,7
DEMO-DEV-0628,525,2022-10-01T14:16:40.302Z,2026-09-25T16:10:30.926Z,6
DEMO-DEV-0699,525,2022-10-01T10:46:58.368Z,2026-09-27T15:12:53.038Z,7
DEMO-DEV-0734,525,2022-10-04T06:31:06.784Z,2026-09-30T02:01:07.868Z,6
DEMO-DEV-0785,525,2022-10-09T12:09:15.968Z,2026-09-28T16:08:32.692Z,7
DEMO-DEV-1074,525,2022-10-10T03:28:13.508Z,2026-09-28T03:30:30.851Z,6
DEMO-DEV-1120,525,2022-10-02T17:57:54.446Z,2026-09-24T19:28:15.752Z,7
DEMO-DEV-1121,525,2022-10-01T08:40:33.612Z,2026-09-28T11:40:38.682Z,7
DEMO-DEV-1146,525,2022-10-05T02:25:08.817Z,2026-09-25T09:30:04.868Z,7
DEMO-DEV-1172,525,2022-10-01T20:37:46.224Z,2026-09-28T08:41:29.302Z,7
DEMO-DEV-1228,525,2022-10-02T19:51:52.307Z,2026-09-28T22:01:15.190Z,7
DEMO-DEV-1294,525,2022-10-02T04:05:50.892Z,2026-09-27T07:06:11.189Z,7
DEMO-DEV-1357,525,2022-10-03T10:47:54.254Z,2026-09-29T15:41:54.368Z,7
DEMO-DEV-1499,525,2022-10-04T00:36:45.428Z,2026-09-24T17:22:50.661Z,6
DEMO-DEV-1536,525,2022-10-03T01:31:23.172Z,2026-09-23T04:26:51.868Z,6
DEMO-DEV-1590,525,2022-10-01T12:04:19.319Z,2026-09-29T22:54:56.599Z,6
DEMO-DEV-1698,525,2022-10-01T22:12:31.045Z,2026-09-26T03:39:03.172Z,6
DEMO-DEV-1841,525,2022-10-01T15:57:17.519Z,2026-09-29T06:30:28.929Z,7
DEMO-DEV-1873,525,2022-10-04T03:25:33.368Z,2026-09-27T15:51:35.568Z,7
DEMO-DEV-2528,525,2022-10-02T03:26:53.442Z,2026-09-25T10:24:02.926Z,7
DEMO-DEV-2565,525,2022-10-06T13:03:21.825Z,2026-09-29T12:10:30.524Z,7
DEMO-DEV-2588,525,2022-10-02T09:31:49.138Z,2026-09-27T22:24:28.859Z,6
DEMO-DEV-2603,525,2022-10-02T21:50:40.365Z,2026-09-26T07:06:38.993Z,6
DEMO-DEV-2677,525,2022-10-12T04:12:52.302Z,2026-09-28T00:07:06.485Z,7
DEMO-DEV-2733,525,2022-10-01T22:46:13.714Z,2026-09-29T15:19:35.165Z,6
DEMO-DEV-2847,525,2022-10-06T03:48:12.203Z,2026-09-29T08:58:34.308Z,7
DEMO-DEV-2897,525,2022-10-02T12:14:52.682Z,2026-09-27T01:07:40.403Z,7
DEMO-DEV-3185,525,2022-10-07T03:23:12.682Z,2026-09-28T21:13:20.503Z,7
DEMO-DEV-3295,525,2022-10-07T12:15:01.523Z,2026-09-27T10:15:40.545Z,7
DEMO-DEV-3383,525,2022-10-02T14:30:52.989Z,2026-09-28T13:20:53.974Z,6
DEMO-DEV-3488,525,2022-10-21T09:13:58.485Z,2026-09-30T04:46:23.992Z,7
DEMO-DEV-3495,525,2022-10-03T05:23:03.460Z,2026-09-25T01:31:39.692Z,7
DEMO-DEV-3510,525,2022-10-02T21:04:24.851Z,2026-09-27T06:30:28.232Z,7
DEMO-DEV-3697,525,2022-10-04T06:08:39.003Z,2026-09-24T00:54:53.192Z,7
DEMO-DEV-3938,525,2022-10-02T03:08:38.545Z,2026-09-28T03:56:35.345Z,7
DEMO-DEV-4118,525,2022-10-01T16:05:52.591Z,2026-09-22T06:03:03.037Z,7
DEMO-DEV-4213,525,2022-10-04T16:20:42.298Z,2026-09-28T00:30:18.513Z,7
DEMO-DEV-4318,525,2022-10-04T05:24:32.792Z,2026-09-28T14:29:49.976Z,7
DEMO-DEV-4399,525,2022-10-02T10:06:18.365Z,2026-09-28T03:51:05.658Z,7
DEMO-DEV-4412,525,2022-10-10T03:17:01.204Z,2026-09-29T11:00:59.165Z,7
DEMO-DEV-4512,525,2022-10-02T05:53:59.139Z,2026-09-17T19:26:17.139Z,7
DEMO-DEV-4543,525,2022-10-02T13:56:09.591Z,2026-09-28T23:15:38.390Z,7
DEMO-DEV-4563,525,2022-10-01T08:55:25.428Z,2026-09-29T03:20:24.793Z,7
DEMO-DEV-4606,525,2022-10-05T21:56:19.556Z,2026-09-28T18:59:49.811Z,6
DEMO-DEV-4819,525,2022-10-05T22:23:32.870Z,2026-09-29T22:27:44.985Z,6
DEMO-DEV-4880,525,2022-10-05T04:33:03.026Z,2026-09-28T16:05:40.816Z,7
DEMO-DEV-5010,525,2022-10-06T19:30:28.155Z,2026-09-28T14:45:46.415Z,6
DEMO-DEV-5051,525,2022-10-02T06:00:53.443Z,2026-09-29T23:32:00.607Z,6
DEMO-DEV-5909,525,2022-10-07T17:44:00.239Z,2026-09-29T21:56:43.139Z,7
DEMO-DEV-5911,525,2022-10-01T10:41:53.612Z,2026-09-29T04:27:09.913Z,6
DEMO-DEV-5915,525,2022-10-02T12:55:10.765Z,2026-09-26T12:54:43.298Z,7
DEMO-DEV-6059,525,2022-10-03T13:27:43.535Z,2026-09-22T03:16:41.134Z,7
DEMO-DEV-6272,525,2022-10-04T19:10:50.203Z,2026-09-27T16:58:25.824Z,6
DEMO-DEV-6273,525,2022-10-05T21:57:13.836Z,2026-09-28T02:58:55.183Z,6
DEMO-DEV-6435,525,2022-10-01T08:41:46.224Z,2026-09-23T20:29:12.917Z,7
DEMO-DEV-6563,525,2022-10-02T09:57:06.702Z,2026-09-28T18:05:32.811Z,6
DEMO-DEV-6631,525,2022-10-02T02:24:28.446Z,2026-09-24T20:49:17.655Z,7
DEMO-DEV-6656,525,2022-10-01T22:40:44.714Z,2026-09-29T07:08:22.460Z,6
DEMO-DEV-6801,525,2022-10-02T08:39:38.272Z,2026-09-26T22:41:23.409Z,6
DEMO-DEV-6856,525,2022-10-07T00:45:35.607Z,2026-09-30T07:27:24.926Z,7
DEMO-DEV-6877,525,2022-10-01T22:04:28.165Z,2026-09-28T18:08:14.014Z,7
DEMO-DEV-6947,525,2022-10-01T19:45:30.738Z,2026-09-17T01:00:58.402Z,7
DEMO-DEV-6997,525,2022-10-05T09:04:37.817Z,2026-09-26T20:07:49.470Z,7
DEMO-DEV-7051,525,2022-10-01T13:02:54.658Z,2026-09-27T03:14:18.714Z,7
DEMO-DEV-7055,525,2022-10-04T10:10:49.719Z,2026-09-30T06:06:09.989Z,7
DEMO-DEV-7091,525,2022-10-05T07:49:51.885Z,2026-09-27T14:18:22.948Z,7
DEMO-DEV-7260,525,2022-10-02T10:15:56.816Z,2026-09-29T13:16:38.817Z,7
DEMO-DEV-7354,525,2022-10-02T16:17:37.639Z,2026-09-28T02:37:20.337Z,7
DEMO-DEV-7403,525,2022-10-05T04:17:30.884Z,2026-09-26T02:56:00.226Z,7
DEMO-DEV-7427,525,2022-10-02T14:43:45.139Z,2026-09-27T23:30:57.668Z,7
DEMO-DEV-7483,525,2022-10-09T15:29:28.037Z,2026-09-30T05:03:03.226Z,7
DEMO-DEV-7624,525,2022-10-01T13:26:13.230Z,2026-09-29T23:05:34.793Z,7
DEMO-DEV-7692,525,2022-10-06T06:35:56.965Z,2026-09-29T12:52:12.513Z,7
DEMO-DEV-7774,525,2022-10-05T05:56:20.719Z,2026-09-25T17:55:22.138Z,7
DEMO-DEV-7938,525,2022-10-09T12:35:50.646Z,2026-09-29T22:06:40.735Z,7
DEMO-DEV-7952,525,2022-10-02T12:32:39.155Z,2026-09-29T02:08:52.584Z,7
DEMO-DEV-8035,525,2022-10-05T03:38:55.719Z,2026-09-29T19:37:30.302Z,7
DEMO-DEV-8202,525,2022-10-03T12:36:39.402Z,2026-09-24T03:19:30.719Z,6
DEMO-DEV-8503,525,2022-10-03T09:16:02.535Z,2026-09-28T08:54:55.639Z,6
DEMO-DEV-8778,525,2022-10-03T09:05:06.879Z,2026-09-30T08:14:06.325Z,7
DEMO-DEV-8782,525,2022-10-02T13:05:36.443Z,2026-09-28T17:02:04.987Z,7
DEMO-DEV-9019,525,2022-10-05T05:52:55.863Z,2026-09-29T16:12:22.003Z,6
DEMO-DEV-9060,525,2022-10-02T13:55:53.234Z,2026-09-29T14:28:08.524Z,7
DEMO-DEV-9126,525,2022-10-01T12:22:12.804Z,2026-09-29T03:54:23.646Z,7
DEMO-DEV-9143,525,2022-10-01T23:18:04.974Z,2026-09-27T09:25:27.754Z,7
DEMO-DEV-9158,525,2022-10-04T10:37:09.966Z,2026-09-29T01:48:20.851Z,7
DEMO-DEV-9194,525,2022-10-03T23:13:36.676Z,2026-09-28T18:02:23.785Z,7
DEMO-DEV-9202,525,2022-10-02T15:54:30.390Z,2026-09-27T23:24:02.607Z,6
DEMO-DEV-9207,525,2022-10-03T09:37:39.167Z,2026-09-29T20:37:51.914Z,6
DEMO-DEV-9403,525,2022-10-03T02:24:47.038Z,2026-09-29T02:39:36.929Z,6
DEMO-DEV-9411,525,2022-10-03T06:19:27.087Z,2026-09-27T20:20:30.879Z,7
DEMO-DEV-9491,525,2022-10-05T05:42:52.692Z,2026-09-27T02:04:57.150Z,7
DEMO-DEV-9560,525,2022-10-03T18:26:12.556Z,2026-09-29T20:32:24.500Z,7
DEMO-DEV-9614,525,2022-10-08T07:33:03.926Z,2026-09-29T02:07:19.966Z,6
DEMO-DEV-9755,525,2022-10-04T07:50:39.183Z,2026-09-30T03:40:16.969Z,7
DEMO-DEV-9809,525,2022-10-04T20:45:20.806Z,2026-09-25T17:40:41.225Z,7
DEMO-DEV-9953,525,2022-10-10T02:42:26.057Z,2026-09-26T08:41:00.319Z,6
DEMO-DEV-9957,525,2022-10-09T06:19:23.037Z,2026-09-28T11:15:27.816Z,7
DEMO-DEV-0227,524,2022-10-03T18:39:46.648Z,2026-09-30T07:37:53.189Z,7
DEMO-DEV-0239,524,2022-10-03T15:34:20.993Z,2026-09-29T17:29:45.387Z,7
DEMO-DEV-0425,524,2022-10-01T20:13:30.225Z,2026-09-27T03:54:29.073Z,7
DEMO-DEV-0565,524,2022-10-04T04:17:33.455Z,2026-09-29T15:18:22.038Z,6
DEMO-DEV-0599,524,2022-10-01T12:54:39.752Z,2026-09-27T05:28:07.366Z,6
DEMO-DEV-0693,524,2022-10-01T08:17:04.868Z,2026-09-28T15:01:16.302Z,7
DEMO-DEV-0707,524,2022-10-02T15:03:39.366Z,2026-09-29T11:48:13.123Z,7
DEMO-DEV-1011,524,2022-10-03T02:36:08.472Z,2026-09-19T18:42:15.446Z,7
DEMO-DEV-1027,524,2022-10-09T16:31:09.799Z,2026-09-29T22:29:35.891Z,6
DEMO-DEV-1264,524,2022-10-10T22:07:37.578Z,2026-09-22T03:03:43.455Z,7
DEMO-DEV-1280,524,2022-10-03T08:08:34.298Z,2026-09-21T11:55:11.428Z,6
DEMO-DEV-1385,524,2022-10-01T13:53:29.929Z,2026-09-25T23:22:24.523Z,6
DEMO-DEV-1512,524,2022-10-02T18:07:56.591Z,2026-09-27T01:34:06.497Z,7
DEMO-DEV-1545,524,2022-10-06T04:56:27.676Z,2026-09-29T14:45:42.985Z,7
DEMO-DEV-1573,524,2022-10-03T09:19:20.535Z,2026-09-24T12:15:56.524Z,6
DEMO-DEV-1908,524,2022-10-04T03:41:44.692Z,2026-09-29T05:14:06.870Z,7
DEMO-DEV-2113,524,2022-10-01T20:19:43.839Z,2026-09-27T03:11:26.203Z,6
DEMO-DEV-2114,524,2022-10-04T00:28:10.929Z,2026-09-30T07:13:22.272Z,6
DEMO-DEV-2155,524,2022-10-10T04:14:29.218Z,2026-09-29T19:32:44.190Z,7
DEMO-DEV-2227,524,2022-10-03T12:31:27.505Z,2026-09-25T02:44:05.784Z,6
DEMO-DEV-2320,524,2022-10-04T09:39:12.793Z,2026-09-29T02:04:10.843Z,6
DEMO-DEV-2537,524,2022-10-06T18:20:45.224Z,2026-09-28T19:02:15.597Z,6
DEMO-DEV-2671,524,2022-10-02T23:11:32.203Z,2026-09-29T19:26:19.365Z,7
DEMO-DEV-2738,524,2022-10-02T08:16:00.455Z,2026-09-28T22:24:12.969Z,6
DEMO-DEV-2741,524,2022-10-02T17:33:27.870Z,2026-09-28T19:38:50.646Z,7
DEMO-DEV-3033,524,2022-10-01T12:47:24.948Z,2026-09-25T20:53:47.239Z,7
DEMO-DEV-3063,524,2022-10-05T04:15:34.527Z,2026-09-29T13:53:26.503Z,7
DEMO-DEV-3501,524,2022-10-02T11:54:41.692Z,2026-09-16T14:39:53.023Z,6
DEMO-DEV-3562,524,2022-10-03T03:09:02.535Z,2026-09-25T17:42:01.795Z,6
DEMO-DEV-3643,524,2022-10-04T10:15:45.038Z,2026-09-28T08:08:36.307Z,7
DEMO-DEV-3797,524,2022-10-02T06:37:11.183Z,2026-09-29T10:56:11.865Z,7
DEMO-DEV-3857,524,2022-10-11T16:51:59.219Z,2026-09-26T13:20:12.300Z,6
DEMO-DEV-3899,524,2022-10-03T23:28:14.786Z,2026-09-30T08:23:36.308Z,7
DEMO-DEV-4093,524,2022-10-02T21:20:54.824Z,2026-09-30T04:15:09.218Z,7
DEMO-DEV-4252,524,2022-10-03T22:40:37.205Z,2026-09-30T07:58:58.442Z,6
DEMO-DEV-4280,524,2022-10-04T01:04:21.268Z,2026-09-29T14:48:18.239Z,6
DEMO-DEV-4391,524,2022-10-04T07:26:27.754Z,2026-09-29T18:22:50.315Z,6
DEMO-DEV-4424,524,2022-10-04T00:11:36.795Z,2026-09-27T10:54:26.230Z,7
DEMO-DEV-4428,524,2022-10-01T11:20:25.648Z,2026-09-29T20:46:00.578Z,7
DEMO-DEV-4603,524,2022-10-04T11:09:03.167Z,2026-09-26T09:54:58.816Z,6
DEMO-DEV-4622,524,2022-10-03T00:02:49.442Z,2026-09-11T17:38:39.027Z,6
DEMO-DEV-4629,524,2022-10-01T11:05:08.727Z,2026-09-28T21:00:28.370Z,7
DEMO-DEV-4809,524,2022-10-04T06:17:24.460Z,2026-09-21T02:22:59.307Z,7
DEMO-DEV-4834,524,2022-10-03T15:20:42.230Z,2026-09-29T02:17:29.989Z,6
DEMO-DEV-5082,524,2022-10-07T21:48:54.493Z,2026-09-30T04:50:22.172Z,7
DEMO-DEV-5316,524,2022-10-06T14:37:45.917Z,2026-09-28T11:59:18.239Z,6
DEMO-DEV-5406,524,2022-10-11T03:54:34.892Z,2026-09-29T05:50:47.470Z,7
DEMO-DEV-5452,524,2022-10-01T15:11:20.352Z,2026-09-29T04:29:40.527Z,6
DEMO-DEV-5467,524,2022-10-02T06:21:13.655Z,2026-09-29T17:38:16.965Z,6
DEMO-DEV-5707,524,2022-10-01T15:41:33.226Z,2026-09-29T11:28:15.352Z,6
DEMO-DEV-5720,524,2022-10-08T19:03:34.949Z,2026-09-26T12:24:02.446Z,7
DEMO-DEV-5875,524,2022-10-04T07:09:20.527Z,2026-09-29T09:31:41.989Z,7
DEMO-DEV-6081,524,2022-10-02T05:39:27.298Z,2026-09-27T22:11:33.682Z,7
DEMO-DEV-6127,524,2022-10-05T13:50:17.612Z,2026-09-22T18:10:59.391Z,7
DEMO-DEV-6341,524,2022-10-04T00:11:37.824Z,2026-09-29T14:02:12.307Z,6
DEMO-DEV-6349,524,2022-10-04T15:46:46.646Z,2026-09-26T02:08:46.752Z,7
DEMO-DEV-6350,524,2022-10-09T15:25:43.735Z,2026-09-28T19:47:12.190Z,6
DEMO-DEV-6380,524,2022-10-01T17:52:30.784Z,2026-09-28T17:41:41.402Z,7
DEMO-DEV-6397,524,2022-10-06T10:46:45.272Z,2026-09-27T01:18:56.287Z,7
DEMO-DEV-6401,524,2022-10-01T20:01:22.868Z,2026-09-29T05:54:32.646Z,7
DEMO-DEV-6766,524,2022-10-01T12:31:04.555Z,2026-09-29T01:31:39.738Z,7
DEMO-DEV-6776,524,2022-10-02T06:48:20.591Z,2026-09-29T15:54:27.646Z,7
DEMO-DEV-6847,524,2022-10-02T22:29:17.692Z,2026-09-30T05:12:29.027Z,6
DEMO-DEV-6922,524,2022-10-07T10:37:36.661Z,2026-09-28T18:29:29.612Z,7
DEMO-DEV-6989,524,2022-10-02T18:52:03.555Z,2026-09-29T22:09:34.836Z,7
DEMO-DEV-7056,524,2022-10-04T12:59:36.037Z,2026-09-29T03:31:33.205Z,7
DEMO-DEV-7266,524,2022-10-02T01:09:00.658Z,2026-09-30T03:39:22.226Z,7
DEMO-DEV-7396,524,2022-10-02T02:32:19.976Z,2026-09-24T02:01:50.462Z,6
DEMO-DEV-7726,524,2022-10-02T02:39:53.027Z,2026-09-24T17:43:35.519Z,7
DEMO-DEV-7791,524,2022-10-02T03:41:33.993Z,2026-09-29T21:43:18.308Z,7
DEMO-DEV-7816,524,2022-10-03T09:53:44.754Z,2026-09-29T23:36:46.524Z,7
DEMO-DEV-7913,524,2022-10-03T21:15:29.785Z,2026-09-30T03:02:08.160Z,6
DEMO-DEV-7987,524,2022-10-07T04:57:25.877Z,2026-09-26T01:46:57.368Z,6
DEMO-DEV-7988,524,2022-10-01T12:31:05.612Z,2026-09-18T00:53:13.337Z,7
DEMO-DEV-8021,524,2022-10-05T09:59:15.989Z,2026-09-29T23:08:59.218Z,6
DEMO-DEV-8063,524,2022-10-01T16:54:21.825Z,2026-09-30T03:54:57.682Z,7
DEMO-DEV-8248,524,2022-10-05T14:46:12.968Z,2026-09-28T14:46:13.014Z,7
DEMO-DEV-8542,524,2022-10-03T10:12:12.873Z,2026-09-29T20:06:19.500Z,7
DEMO-DEV-8808,524,2022-10-04T08:56:32.120Z,2026-09-29T15:20:07.192Z,7
DEMO-DEV-8979,524,2022-10-02T01:11:14.218Z,2026-09-29T02:40:20.987Z,7
DEMO-DEV-9042,524,2022-10-03T08:49:18.403Z,2026-09-30T02:59:51.666Z,6
DEMO-DEV-9050,524,2022-10-04T15:51:54.966Z,2026-09-27T18:53:21.352Z,7
DEMO-DEV-9121,524,2022-10-02T18:45:24.190Z,2026-09-28T08:25:20.045Z,7
DEMO-DEV-9166,524,2022-10-02T16:42:40.682Z,2026-09-26T19:47:56.222Z,7
DEMO-DEV-9172,524,2022-10-01T18:31:21.354Z,2026-09-28T17:43:46.639Z,6
DEMO-DEV-9174,524,2022-10-01T09:48:59.442Z,2026-09-28T16:08:46.138Z,7
DEMO-DEV-9241,524,2022-10-03T08:54:15.234Z,2026-09-28T03:57:51.254Z,7
DEMO-DEV-9292,524,2022-10-02T00:06:44.038Z,2026-09-26T20:54:52.021Z,6
DEMO-DEV-9492,524,2022-10-01T17:43:31.004Z,2026-09-29T19:51:47.204Z,6
DEMO-DEV-9588,524,2022-10-10T12:58:53.370Z,2026-09-26T14:20:19.842Z,7
DEMO-DEV-9601,524,2022-10-04T19:49:35.527Z,2026-09-28T20:50:20.037Z,7
DEMO-DEV-9644,524,2022-10-07T20:36:17.045Z,2026-09-20T02:55:44.500Z,7
DEMO-DEV-9736,524,2022-10-08T19:03:31.795Z,2026-09-29T04:52:16.168Z,7
DEMO-DEV-9769,524,2022-10-02T11:26:46.120Z,2026-09-21T18:25:17.123Z,7
DEMO-DEV-0146,523,2022-10-01T15:04:04.785Z,2026-09-29T17:51:39.738Z,7
DEMO-DEV-0158,523,2022-10-02T08:17:15.134Z,2026-09-27T22:24:00.057Z,7
DEMO-DEV-0186,523,2022-10-04T21:27:24.870Z,2026-09-27T22:26:30.682Z,6
DEMO-DEV-0190,523,2022-10-12T14:55:41.867Z,2026-09-29T17:43:02.493Z,6
DEMO-DEV-0338,523,2022-10-04T13:04:13.612Z,2026-09-30T02:13:10.524Z,6
DEMO-DEV-0389,523,2022-10-03T22:18:07.688Z,2026-09-28T15:15:56.387Z,7
DEMO-DEV-0430,523,2022-10-01T10:37:53.719Z,2026-09-29T03:21:20.754Z,6
DEMO-DEV-0506,523,2022-10-03T07:32:30.614Z,2026-09-27T17:32:49.557Z,7
DEMO-DEV-0547,523,2022-10-02T17:04:11.803Z,2026-09-26T16:38:35.765Z,6
DEMO-DEV-0559,523,2022-10-02T03:18:13.500Z,2026-09-29T08:20:44.442Z,6
DEMO-DEV-0618,523,2022-10-01T14:31:26.676Z,2026-09-30T00:53:24.252Z,7
DEMO-DEV-0899,523,2022-10-08T11:10:22.173Z,2026-09-28T16:24:28.519Z,7
DEMO-DEV-1117,523,2022-10-02T05:11:44.968Z,2026-09-24T04:20:07.864Z,6
DEMO-DEV-1193,523,2022-10-04T23:22:03.037Z,2026-09-24T04:33:40.806Z,7
DEMO-DEV-1301,523,2022-10-01T08:44:03.719Z,2026-09-29T17:00:48.752Z,7
DEMO-DEV-1358,523,2022-10-01T10:23:07.868Z,2026-09-26T19:22:10.816Z,7
DEMO-DEV-1421,523,2022-10-16T22:09:29.230Z,2026-09-29T15:50:56.037Z,7
DEMO-DEV-1538,523,2022-10-09T00:37:15.038Z,2026-09-22T13:46:36.087Z,7
DEMO-DEV-1600,523,2022-10-04T03:57:56.752Z,2026-09-27T01:08:01.168Z,7
DEMO-DEV-1607,523,2022-10-01T14:23:34.639Z,2026-09-29T01:21:25.409Z,7
DEMO-DEV-1689,523,2022-10-01T20:57:49.075Z,2026-09-30T00:24:23.168Z,7
DEMO-DEV-1784,523,2022-10-10T04:36:12.123Z,2026-09-27T12:12:55.658Z,7
DEMO-DEV-1820,523,2022-10-01T23:21:22.298Z,2026-09-27T18:46:34.500Z,7
DEMO-DEV-1903,523,2022-10-01T15:36:53.221Z,2026-09-29T04:41:45.063Z,7
DEMO-DEV-2129,523,2022-10-07T01:27:37.692Z,2026-09-29T20:51:29.077Z,7
DEMO-DEV-2206,523,2022-10-03T06:09:07.605Z,2026-09-29T12:18:43.446Z,7
DEMO-DEV-2210,523,2022-10-05T17:48:57.785Z,2026-09-29T15:23:30.172Z,7
DEMO-DEV-2303,523,2022-10-02T17:58:24.778Z,2026-09-28T18:16:23.863Z,7
DEMO-DEV-2354,523,2022-10-02T04:24:12.003Z,2026-09-22T15:56:09.161Z,6
DEMO-DEV-2438,523,2022-10-02T01:34:01.368Z,2026-09-29T08:44:55.636Z,7
DEMO-DEV-2487,523,2022-10-06T01:55:34.885Z,2026-09-21T23:21:33.352Z,7
DEMO-DEV-2654,523,2022-10-07T01:50:02.365Z,2026-09-29T03:53:07.568Z,7
DEMO-DEV-2782,523,2022-10-06T17:42:08.648Z,2026-09-24T07:29:45.950Z,6
DEMO-DEV-2821,523,2022-10-11T18:04:59.302Z,2026-09-29T07:37:59.926Z,6
DEMO-DEV-3220,523,2022-10-01T22:44:39.803Z,2026-09-29T18:19:23.792Z,7
DEMO-DEV-3269,523,2022-10-04T14:11:40.948Z,2026-09-26T08:49:08.545Z,7
DEMO-DEV-3400,523,2022-10-02T08:23:14.817Z,2026-09-28T18:32:44.784Z,6
DEMO-DEV-3417,523,2022-10-03T22:38:26.307Z,2026-09-29T10:35:06.864Z,7
DEMO-DEV-3439,523,2022-10-08T16:29:30.865Z,2026-09-29T11:33:24.836Z,6
DEMO-DEV-3460,523,2022-10-08T06:44:43.253Z,2026-09-28T23:21:01.230Z,6
DEMO-DEV-3668,523,2022-10-03T05:09:19.612Z,2026-09-29T13:39:40.537Z,7
DEMO-DEV-3702,523,2022-10-14T10:58:18.682Z,2026-09-29T19:10:40.442Z,6
DEMO-DEV-3889,523,2022-10-02T05:51:18.568Z,2026-09-28T05:02:21.370Z,6
DEMO-DEV-3974,523,2022-10-01T08:40:36.075Z,2026-09-30T08:07:34.778Z,7
DEMO-DEV-4004,523,2022-10-01T09:51:21.884Z,2026-09-27T09:33:51.428Z,6
DEMO-DEV-4096,523,2022-10-02T02:49:42.172Z,2026-09-27T19:49:55.658Z,7
DEMO-DEV-4181,523,2022-10-04T09:31:07.038Z,2026-09-28T12:05:56.370Z,6
DEMO-DEV-4203,523,2022-10-01T08:54:31.519Z,2026-09-28T07:01:38.442Z,6
DEMO-DEV-4749,523,2022-10-07T10:27:38.511Z,2026-09-26T13:04:21.063Z,7
DEMO-DEV-4817,523,2022-10-04T11:10:46.225Z,2026-09-25T21:54:37.268Z,6
DEMO-DEV-4905,523,2022-10-01T23:33:36.246Z,2026-09-24T15:12:06.806Z,6
DEMO-DEV-4986,523,2022-10-03T18:08:47.527Z,2026-09-27T01:22:24.985Z,7
DEMO-DEV-5055,523,2022-10-05T01:37:48.390Z,2026-09-30T07:06:17.189Z,6
DEMO-DEV-5078,523,2022-10-01T20:20:01.639Z,2026-09-25T20:40:59.778Z,7
DEMO-DEV-5154,523,2022-10-02T22:28:08.688Z,2026-09-28T19:51:53.368Z,7
DEMO-DEV-5167,523,2022-10-04T21:47:41.224Z,2026-09-22T08:55:53.913Z,6
DEMO-DEV-5211,523,2022-10-02T12:23:12.307Z,2026-09-23T01:55:52.591Z,7
DEMO-DEV-5238,523,2022-10-04T16:21:37.004Z,2026-09-26T11:33:04.892Z,7
DEMO-DEV-5318,523,2022-10-01T09:16:41.172Z,2026-09-28T03:19:19.792Z,7
DEMO-DEV-5401,523,2022-10-03T13:35:39.976Z,2026-09-29T13:18:20.646Z,6
DEMO-DEV-5419,523,2022-10-04T04:00:16.682Z,2026-09-26T21:53:21.238Z,6
DEMO-DEV-5595,523,2022-10-01T23:14:30.612Z,2026-09-20T01:43:11.653Z,7
DEMO-DEV-5645,523,2022-10-05T22:50:51.172Z,2026-09-29T16:32:08.370Z,7
DEMO-DEV-5692,523,2022-10-03T14:31:09.003Z,2026-09-22T03:31:26.470Z,7
DEMO-DEV-5725,523,2022-10-04T14:19:07.842Z,2026-09-28T02:28:22.003Z,6
DEMO-DEV-5740,523,2022-10-04T18:44:04.676Z,2026-09-28T06:04:41.639Z,6
DEMO-DEV-5761,523,2022-10-01T20:14:07.190Z,2026-09-30T05:41:13.987Z,7
DEMO-DEV-5765,523,2022-10-01T20:02:23.913Z,2026-09-24T14:02:29.989Z,7
DEMO-DEV-5917,523,2022-10-02T02:04:41.289Z,2026-09-29T15:31:54.605Z,7
DEMO-DEV-5951,523,2022-10-02T02:14:35.460Z,2026-09-29T01:13:36.204Z,7
DEMO-DEV-6168,523,2022-10-01T09:43:49.390Z,2026-09-29T00:50:08.612Z,7
DEMO-DEV-6595,523,2022-10-01T22:05:03.455Z,2026-09-25T01:28:21.816Z,6
DEMO-DEV-6725,523,2022-10-02T20:23:00.402Z,2026-09-30T03:09:33.205Z,7
DEMO-DEV-6808,523,2022-10-01T15:45:29.752Z,2026-09-28T18:38:42.123Z,7
DEMO-DEV-6839,523,2022-10-05T19:54:40.470Z,2026-09-29T12:41:26.268Z,7
DEMO-DEV-6846,523,2022-10-07T10:32:31.648Z,2026-09-29T07:03:07.073Z,6
DEMO-DEV-6919,523,2022-10-06T15:32:31.817Z,2026-09-29T00:33:08.929Z,7
DEMO-DEV-6934,523,2022-10-05T14:52:02.250Z,2026-09-24T21:33:03.985Z,7
DEMO-DEV-7036,523,2022-10-05T15:42:00.015Z,2026-09-28T14:46:05.337Z,7
DEMO-DEV-7043,523,2022-10-02T13:25:35.948Z,2026-09-30T00:50:39.599Z,7
DEMO-DEV-7053,523,2022-10-06T18:28:04.785Z,2026-09-24T22:18:04.289Z,7
DEMO-DEV-7165,523,2022-10-04T02:51:02.891Z,2026-09-26T20:04:08.068Z,7
DEMO-DEV-7178,523,2022-10-05T10:07:11.917Z,2026-09-29T15:11:50.949Z,6
DEMO-DEV-7380,523,2022-10-03T22:08:06.535Z,2026-09-21T20:45:22.929Z,7
DEMO-DEV-7406,523,2022-10-09T18:07:09.172Z,2026-09-25T12:48:46.578Z,7
DEMO-DEV-7572,523,2022-10-03T00:29:08.527Z,2026-09-30T01:37:01.843Z,6
DEMO-DEV-7598,523,2022-10-01T14:43:10.867Z,2026-09-27T10:30:28.913Z,7
DEMO-DEV-7629,523,2022-10-06T07:21:24.203Z,2026-09-25T02:04:41.817Z,7
DEMO-DEV-7662,523,2022-10-03T11:13:19.985Z,2026-09-30T06:24:36.264Z,7
DEMO-DEV-7846,523,2022-10-05T17:01:29.470Z,2026-09-27T17:29:53.778Z,7
DEMO-DEV-8005,523,2022-10-02T09:22:49.123Z,2026-09-24T19:33:19.173Z,7
DEMO-DEV-8152,523,2022-10-01T09:41:29.155Z,2026-09-27T07:07:05.466Z,7
DEMO-DEV-8155,523,2022-10-02T11:56:19.535Z,2026-09-28T01:33:10.500Z,6
DEMO-DEV-8285,523,2022-10-04T01:15:41.390Z,2026-09-30T00:04:13.524Z,7
DEMO-DEV-8364,523,2022-10-01T08:40:34.793Z,2026-09-29T15:49:04.555Z,7
DEMO-DEV-8450,523,2022-10-01T16:33:06.557Z,2026-09-26T16:17:55.403Z,7
DEMO-DEV-8529,523,2022-10-06T05:09:49.879Z,2026-09-28T15:19:57.493Z,6
DEMO-DEV-8570,523,2022-10-01T18:28:28.288Z,2026-09-29T04:25:09.568Z,6
DEMO-DEV-8781,523,2022-10-02T06:42:57.803Z,2026-09-29T01:16:15.511Z,7
DEMO-DEV-8890,523,2022-10-04T16:05:06.968Z,2026-09-27T16:42:57.537Z,7
DEMO-DEV-8974,523,2022-10-11T08:49:18.168Z,2026-09-27T04:43:40.253Z,6
DEMO-DEV-9099,523,2022-10-08T13:39:37.870Z,2026-09-29T02:48:22.702Z,7
DEMO-DEV-9100,523,2022-10-12T03:36:18.527Z,2026-09-29T15:22:33.682Z,6
DEMO-DEV-9122,523,2022-10-10T11:08:37.702Z,2026-09-29T04:30:29.254Z,7
DEMO-DEV-9152,523,2022-10-02T13:28:52.976Z,2026-09-26T06:58:55.655Z,7
DEMO-DEV-9162,523,2022-10-03T14:58:07.160Z,2026-09-27T02:23:31.804Z,7
DEMO-DEV-9312,523,2022-10-01T12:36:30.045Z,2026-09-27T23:42:38.298Z,6
DEMO-DEV-9402,523,2022-10-03T10:28:05.288Z,2026-09-29T09:36:52.688Z,7
DEMO-DEV-9674,523,2022-10-10T06:28:42.584Z,2026-09-26T05:20:05.232Z,6
DEMO-DEV-9935,523,2022-10-01T22:39:48.784Z,2026-09-27T02:59:14.090Z,7
DEMO-DEV-0021,522,2022-10-03T22:17:07.795Z,2026-09-27T06:13:45.354Z,7
DEMO-DEV-0031,522,2022-10-05T22:00:23.057Z,2026-09-26T23:54:45.578Z,6
DEMO-DEV-0063,522,2022-10-02T20:28:55.738Z,2026-09-29T04:30:31.870Z,6
DEMO-DEV-0290,522,2022-10-07T04:47:49.298Z,2026-09-29T15:23:46.057Z,7
DEMO-DEV-0456,522,2022-10-01T08:49:32.618Z,2026-09-26T17:57:28.024Z,7
DEMO-DEV-0503,522,2022-10-02T18:11:22.727Z,2026-09-30T01:00:08.500Z,7
DEMO-DEV-0697,522,2022-10-06T20:08:49.037Z,2026-09-26T11:35:01.354Z,7
DEMO-DEV-0882,522,2022-10-02T23:09:22.208Z,2026-09-26T20:59:06.658Z,7
DEMO-DEV-0963,522,2022-10-05T07:20:20.337Z,2026-09-25T03:05:04.513Z,7
DEMO-DEV-1135,522,2022-10-01T20:09:33.666Z,2026-09-25T10:39:10.859Z,6
DEMO-DEV-1167,522,2022-10-01T21:29:14.785Z,2026-09-30T00:55:48.462Z,7
DEMO-DEV-1464,522,2022-10-01T13:16:53.291Z,2026-09-30T00:31:19.618Z,6
DEMO-DEV-1753,522,2022-10-02T08:32:56.591Z,2026-09-30T06:44:48.985Z,7
DEMO-DEV-1793,522,2022-10-02T07:46:11.325Z,2026-09-29T12:48:57.366Z,6
DEMO-DEV-1807,522,2022-10-01T23:14:20.865Z,2026-09-28T07:41:40.138Z,7
DEMO-DEV-1906,522,2022-10-04T03:07:16.155Z,2026-09-27T03:26:24.591Z,7
DEMO-DEV-1954,522,2022-10-08T01:31:10.394Z,2026-09-29T04:47:02.192Z,6
DEMO-DEV-1958,522,2022-10-02T16:04:45.225Z,2026-09-28T14:52:49.825Z,7
DEMO-DEV-2022,522,2022-10-04T10:47:45.786Z,2026-09-20T05:21:38.523Z,6
DEMO-DEV-2027,522,2022-10-02T16:40:42.403Z,2026-09-26T18:29:25.204Z,7
DEMO-DEV-2082,522,2022-10-03T16:15:44.795Z,2026-09-24T00:27:34.891Z,6
DEMO-DEV-2184,522,2022-10-07T17:24:48.508Z,2026-09-28T07:48:25.138Z,7
DEMO-DEV-2273,522,2022-10-03T18:44:32.190Z,2026-09-26T20:53:17.545Z,6
DEMO-DEV-2424,522,2022-10-01T09:29:58.090Z,2026-09-29T15:56:57.646Z,7
DEMO-DEV-2454,522,2022-10-04T08:52:59.948Z,2026-09-29T11:52:27.073Z,7
DEMO-DEV-2560,522,2022-10-08T03:16:58.992Z,2026-09-24T17:27:28.892Z,7
DEMO-DEV-2710,522,2022-10-02T01:30:50.150Z,2026-09-28T17:30:09.224Z,7
DEMO-DEV-2714,522,2022-10-05T06:20:46.785Z,2026-09-26T02:17:08.877Z,6
DEMO-DEV-2827,522,2022-10-04T21:50:25.556Z,2026-09-27T05:33:59.636Z,7
DEMO-DEV-2846,522,2022-10-01T13:34:41.352Z,2026-09-29T01:58:57.167Z,7
DEMO-DEV-2874,522,2022-10-04T15:42:54.402Z,2026-09-27T19:34:34.307Z,7
DEMO-DEV-3135,522,2022-10-02T09:53:12.692Z,2026-09-29T18:43:32.442Z,7
DEMO-DEV-3187,522,2022-10-04T15:15:42.203Z,2026-09-28T17:44:38.150Z,7
DEMO-DEV-3235,522,2022-10-08T11:24:23.648Z,2026-09-29T15:43:24.365Z,7
DEMO-DEV-3262,522,2022-10-01T12:27:13.120Z,2026-09-28T11:00:20.817Z,6
DEMO-DEV-3394,522,2022-10-09T02:23:59.307Z,2026-09-25T19:18:58.968Z,7
DEMO-DEV-3432,522,2022-10-01T13:28:18.500Z,2026-09-29T18:30:41.658Z,6
DEMO-DEV-3600,522,2022-10-06T09:45:57.599Z,2026-09-27T21:40:46.537Z,7
DEMO-DEV-3731,522,2022-10-06T04:56:45.653Z,2026-09-26T19:44:50.692Z,7
DEMO-DEV-3741,522,2022-10-02T11:17:08.614Z,2026-09-27T04:34:06.224Z,6
DEMO-DEV-3767,522,2022-10-07T12:35:21.965Z,2026-09-27T00:03:22.063Z,6
DEMO-DEV-4012,522,2022-10-04T08:10:53.057Z,2026-09-25T16:46:26.968Z,6
DEMO-DEV-4042,522,2022-10-09T04:41:35.134Z,2026-09-26T23:11:27.224Z,7
DEMO-DEV-4207,522,2022-10-01T23:01:08.366Z,2026-09-27T22:52:36.289Z,5
DEMO-DEV-4265,522,2022-10-07T03:08:20.446Z,2026-09-29T02:11:35.692Z,6
DEMO-DEV-4441,522,2022-10-07T01:41:44.403Z,2026-09-28T18:10:20.173Z,7
DEMO-DEV-4517,522,2022-10-02T14:36:41.352Z,2026-09-29T08:31:05.172Z,7
DEMO-DEV-4585,522,2022-10-02T04:14:36.738Z,2026-09-30T07:23:43.234Z,6
DEMO-DEV-4626,522,2022-10-02T07:15:41.370Z,2026-09-27T00:36:49.205Z,7
DEMO-DEV-4677,522,2022-10-04T23:01:32.500Z,2026-09-29T17:20:27.527Z,7
DEMO-DEV-4727,522,2022-10-02T22:11:36.230Z,2026-09-28T11:43:38.366Z,7
DEMO-DEV-4799,522,2022-10-06T07:54:11.302Z,2026-09-29T19:09:58.250Z,7
DEMO-DEV-4811,522,2022-10-02T23:00:48.315Z,2026-09-28T00:44:08.508Z,6
DEMO-DEV-4960,522,2022-10-02T20:49:07.846Z,2026-09-23T23:37:45.038Z,7
DEMO-DEV-5107,522,2022-10-02T04:24:56.778Z,2026-09-27T05:58:10.867Z,7
DEMO-DEV-5131,522,2022-10-02T13:05:10.605Z,2026-09-29T09:39:46.692Z,7
DEMO-DEV-5157,522,2022-10-08T21:31:16.974Z,2026-09-26T20:00:41.784Z,7
DEMO-DEV-5201,522,2022-10-02T14:35:41.366Z,2026-09-28T18:32:39.985Z,7
DEMO-DEV-5229,522,2022-10-06T16:14:22.190Z,2026-09-29T15:00:48.415Z,7
DEMO-DEV-5277,522,2022-10-06T08:30:55.139Z,2026-09-28T13:36:52.172Z,6
DEMO-DEV-5633,522,2022-10-05T09:28:25.519Z,2026-09-23T10:06:17.090Z,6
DEMO-DEV-5763,522,2022-10-03T14:35:42.597Z,2026-09-22T12:18:26.168Z,7
DEMO-DEV-5937,522,2022-10-01T21:17:15.666Z,2026-09-28T01:31:52.885Z,6
DEMO-DEV-6109,522,2022-10-01T20:16:11.120Z,2026-09-28T00:38:40.714Z,6
DEMO-DEV-6187,522,2022-10-03T23:52:39.325Z,2026-09-20T10:22:00.975Z,7
DEMO-DEV-6252,522,2022-10-04T02:39:04.929Z,2026-09-29T04:29:07.843Z,6
DEMO-DEV-6494,522,2022-10-01T18:05:00.968Z,2026-09-27T10:16:22.702Z,6
DEMO-DEV-6673,522,2022-10-03T07:46:45.307Z,2026-09-29T08:49:05.289Z,7
DEMO-DEV-6692,522,2022-10-08T14:23:38.172Z,2026-09-28T15:53:13.612Z,7
DEMO-DEV-6764,522,2022-10-04T15:52:09.038Z,2026-09-24T22:01:13.992Z,7
DEMO-DEV-7016,522,2022-10-04T07:26:43.394Z,2026-09-27T00:34:10.676Z,6
DEMO-DEV-7050,522,2022-10-02T09:51:58.917Z,2026-09-26T15:52:00.702Z,6
DEMO-DEV-7131,522,2022-10-03T04:58:01.087Z,2026-09-29T04:23:20.523Z,7
DEMO-DEV-7356,522,2022-10-02T11:48:26.719Z,2026-09-28T16:08:07.535Z,7
DEMO-DEV-7364,522,2022-10-11T13:14:43.252Z,2026-09-24T16:12:47.172Z,7
DEMO-DEV-7404,522,2022-10-01T08:27:37.782Z,2026-09-25T23:45:03.658Z,6
DEMO-DEV-7443,522,2022-10-06T10:21:44.735Z,2026-09-29T16:15:58.300Z,6
DEMO-DEV-7535,522,2022-10-01T11:32:49.655Z,2026-09-27T16:35:08.799Z,7
DEMO-DEV-7543,522,2022-10-06T08:29:52.352Z,2026-09-26T09:14:12.232Z,6
DEMO-DEV-7547,522,2022-10-02T01:39:30.824Z,2026-09-28T05:12:06.537Z,6
DEMO-DEV-7594,522,2022-10-07T06:32:36.877Z,2026-09-29T03:35:19.618Z,7
DEMO-DEV-7767,522,2022-10-10T00:39:43.636Z,2026-09-27T09:58:04.537Z,7
DEMO-DEV-7790,522,2022-10-02T15:24:40.968Z,2026-09-26T14:04:48.168Z,7
DEMO-DEV-7859,522,2022-10-02T05:24:22.556Z,2026-09-28T16:43:15.795Z,7
DEMO-DEV-7868,522,2022-10-02T06:10:31.646Z,2026-09-23T13:23:51.021Z,7
DEMO-DEV-7895,522,2022-10-02T23:00:15.989Z,2026-09-25T07:08:39.892Z,7
DEMO-DEV-7908,522,2022-10-04T17:12:29.682Z,2026-09-30T04:23:20.666Z,7
DEMO-DEV-7985,522,2022-10-02T18:25:00.272Z,2026-09-29T22:11:51.885Z,7
DEMO-DEV-7989,522,2022-10-05T20:17:46.045Z,2026-09-27T13:49:27.230Z,7
DEMO-DEV-8006,522,2022-10-04T00:30:06.352Z,2026-09-28T04:53:23.639Z,6
DEMO-DEV-8141,522,2022-10-03T16:27:49.443Z,2026-09-27T16:31:55.080Z,7
DEMO-DEV-8269,522,2022-10-02T19:29:08.987Z,2026-09-30T03:08:57.403Z,6
DEMO-DEV-8373,522,2022-10-03T06:30:15.057Z,2026-09-25T16:43:08.668Z,6
DEMO-DEV-8462,522,2022-10-02T13:47:58.021Z,2026-09-26T22:36:48.661Z,7
DEMO-DEV-8464,522,2022-10-01T16:53:13.368Z,2026-09-27T06:40:29.851Z,7
DEMO-DEV-8507,522,2022-10-03T01:24:24.811Z,2026-09-29T00:30:00.992Z,6
DEMO-DEV-8520,522,2022-10-07T14:56:57.508Z,2026-09-25T03:29:40.915Z,7
DEMO-DEV-8665,522,2022-10-10T00:00:20.914Z,2026-09-28T02:04:46.236Z,7
DEMO-DEV-8685,522,2022-10-05T18:56:54.682Z,2026-09-28T07:09:24.727Z,6
DEMO-DEV-8706,522,2022-10-02T01:17:02.658Z,2026-09-28T14:06:19.974Z,7
DEMO-DEV-8710,522,2022-10-03T03:29:21.204Z,2026-09-25T03:05:04.976Z,7
DEMO-DEV-8763,522,2022-10-05T01:45:47.688Z,2026-09-26T02:23:45.555Z,6
DEMO-DEV-9006,522,2022-10-03T22:28:41.302Z,2026-09-28T08:36:58.612Z,6
DEMO-DEV-9014,522,2022-10-02T19:33:07.239Z,2026-09-29T02:07:12.817Z,6
DEMO-DEV-9079,522,2022-10-01T12:55:54.974Z,2026-09-30T06:15:02.710Z,7
DEMO-DEV-9106,522,2022-10-01T12:51:12.661Z,2026-09-28T06:22:11.976Z,7
DEMO-DEV-9184,522,2022-10-04T05:51:23.639Z,2026-09-27T07:49:15.139Z,7
DEMO-DEV-9205,522,2022-10-05T12:43:23.702Z,2026-09-29T17:38:32.345Z,7
DEMO-DEV-9340,522,2022-10-02T17:27:16.523Z,2026-09-30T04:41:30.319Z,6
DEMO-DEV-9387,522,2022-10-05T21:52:54.839Z,2026-09-28T05:04:57.308Z,7
DEMO-DEV-9388,522,2022-10-03T08:13:37.817Z,2026-09-26T04:02:52.864Z,7
DEMO-DEV-9461,522,2022-10-07T20:05:03.661Z,2026-09-28T03:00:39.778Z,7
DEMO-DEV-9594,522,2022-10-02T00:27:04.859Z,2026-09-28T19:22:43.168Z,7
DEMO-DEV-9661,522,2022-10-09T13:42:33.584Z,2026-09-27T04:33:45.466Z,7
DEMO-DEV-9810,522,2022-10-02T22:45:36.460Z,2026-09-26T13:33:52.692Z,7
DEMO-DEV-0008,521,2022-10-03T08:53:30.004Z,2026-09-26T17:42:58.639Z,7
DEMO-DEV-0079,521,2022-10-03T01:01:16.976Z,2026-09-29T04:27:07.250Z,7
DEMO-DEV-0156,521,2022-10-02T14:23:55.892Z,2026-09-29T22:08:24.636Z,7
DEMO-DEV-0205,521,2022-10-05T21:14:04.221Z,2026-09-21T05:51:30.345Z,7
DEMO-DEV-0229,521,2022-10-03T05:00:08.150Z,2026-09-28T19:46:55.203Z,7
DEMO-DEV-0324,521,2022-10-01T10:49:03.948Z,2026-09-28T13:46:48.155Z,6
DEMO-DEV-0326,521,2022-10-04T14:52:15.817Z,2026-09-26T12:27:26.992Z,7
DEMO-DEV-0414,521,2022-10-02T04:01:45.968Z,2026-09-27T20:34:49.785Z,7
DEMO-DEV-0476,521,2022-10-14T09:57:34.969Z,2026-09-26T06:07:19.230Z,6
DEMO-DEV-0636,521,2022-10-04T00:06:27.524Z,2026-09-26T08:49:31.068Z,6
DEMO-DEV-0745,521,2022-10-01T15:18:46.068Z,2026-09-29T15:56:28.545Z,6
DEMO-DEV-0809,521,2022-10-06T07:13:29.308Z,2026-09-26T17:23:46.387Z,7
DEMO-DEV-0941,521,2022-10-03T03:17:59.648Z,2026-09-29T12:34:06.250Z,7
DEMO-DEV-0946,521,2022-10-02T08:05:04.203Z,2026-09-29T13:08:55.357Z,7
DEMO-DEV-1098,521,2022-10-02T10:26:04.614Z,2026-09-26T21:01:58.658Z,7
DEMO-DEV-1114,521,2022-10-02T00:17:36.949Z,2026-09-27T10:47:27.394Z,7
DEMO-DEV-1325,521,2022-10-01T18:47:45.391Z,2026-09-28T08:45:16.288Z,6
DEMO-DEV-1362,521,2022-10-01T10:34:07.648Z,2026-09-26T01:00:07.204Z,7
DEMO-DEV-1580,521,2022-10-02T10:47:27.023Z,2026-09-28T21:19:19.799Z,7
DEMO-DEV-1686,521,2022-10-03T06:16:14.254Z,2026-09-24T13:14:39.289Z,7
DEMO-DEV-1726,521,2022-10-02T18:35:55.183Z,2026-09-26T01:49:12.155Z,7
DEMO-DEV-1729,521,2022-10-02T11:02:22.865Z,2026-09-26T19:34:07.661Z,7
DEMO-DEV-1756,521,2022-10-05T10:49:31.891Z,2026-09-26T02:38:35.929Z,7
DEMO-DEV-1774,521,2022-10-01T22:59:56.472Z,2026-09-30T06:00:52.639Z,5
DEMO-DEV-1802,521,2022-10-03T21:56:41.714Z,2026-09-29T14:19:37.203Z,7
DEMO-DEV-1809,521,2022-10-03T22:44:02.298Z,2026-09-29T09:28:55.842Z,6
DEMO-DEV-1881,521,2022-10-01T15:49:41.535Z,2026-09-29T17:31:23.804Z,7
DEMO-DEV-1965,521,2022-10-11T07:16:52.023Z,2026-09-29T12:38:54.535Z,7
DEMO-DEV-2090,521,2022-10-05T20:59:20.218Z,2026-09-28T02:37:25.754Z,7
DEMO-DEV-2163,521,2022-10-02T08:32:42.087Z,2026-09-29T10:45:56.816Z,6
DEMO-DEV-2253,521,2022-10-01T16:57:12.300Z,2026-09-28T03:09:20.976Z,7
DEMO-DEV-2382,521,2022-10-01T23:55:17.612Z,2026-09-28T13:57:20.851Z,6
DEMO-DEV-2547,521,2022-10-06T16:20:59.537Z,2026-09-30T08:08:22.365Z,6
DEMO-DEV-2715,521,2022-10-04T10:45:44.556Z,2026-09-29T16:16:20.120Z,7
DEMO-DEV-2826,521,2022-10-03T14:19:27.370Z,2026-09-27T18:15:39.219Z,6
DEMO-DEV-2921,521,2022-10-05T12:43:42.455Z,2026-09-27T22:20:21.578Z,6
DEMO-DEV-3014,521,2022-10-01T09:56:13.003Z,2026-09-28T20:41:18.337Z,6
DEMO-DEV-3163,521,2022-10-02T17:20:03.442Z,2026-09-26T21:18:45.524Z,7
DEMO-DEV-3200,521,2022-10-04T12:31:11.987Z,2026-09-24T06:29:23.950Z,7
DEMO-DEV-3311,521,2022-10-01T14:31:54.969Z,2026-09-29T08:45:46.075Z,7
DEMO-DEV-3337,521,2022-10-02T22:04:23.189Z,2026-09-29T03:36:47.090Z,6
DEMO-DEV-3531,521,2022-10-01T13:32:04.226Z,2026-09-29T22:16:56.120Z,6
DEMO-DEV-3547,521,2022-10-01T10:12:18.799Z,2026-09-23T22:37:35.929Z,7
DEMO-DEV-3923,521,2022-10-01T08:51:02.500Z,2026-09-29T16:34:06.710Z,6
DEMO-DEV-3935,521,2022-10-01T21:20:10.754Z,2026-09-27T16:49:12.192Z,7
DEMO-DEV-4030,521,2022-10-02T16:01:35.877Z,2026-09-29T07:15:09.057Z,7
DEMO-DEV-4057,521,2022-10-01T21:43:25.252Z,2026-09-27T20:24:45.218Z,7
DEMO-DEV-4063,521,2022-10-03T19:46:58.993Z,2026-09-27T22:00:26.470Z,7
DEMO-DEV-4162,521,2022-10-07T02:57:49.658Z,2026-09-29T11:26:21.300Z,7
DEMO-DEV-4241,521,2022-10-09T23:53:18.599Z,2026-09-24T01:25:10.868Z,7
DEMO-DEV-4313,521,2022-10-03T07:47:14.319Z,2026-09-30T06:02:04.799Z,6
DEMO-DEV-4319,521,2022-10-05T20:53:49.727Z,2026-09-28T22:11:19.493Z,7
DEMO-DEV-4505,521,2022-10-01T17:03:17.682Z,2026-09-27T00:28:58.648Z,6
DEMO-DEV-4567,521,2022-10-02T20:33:10.985Z,2026-09-24T18:49:57.288Z,6
DEMO-DEV-4627,521,2022-10-08T21:19:13.987Z,2026-09-29T02:38:12.948Z,7
DEMO-DEV-4680,521,2022-10-02T03:57:10.189Z,2026-09-25T09:39:57.390Z,7
DEMO-DEV-4845,521,2022-10-01T16:32:08.765Z,2026-09-28T18:25:27.497Z,7
DEMO-DEV-4951,521,2022-10-01T23:32:36.225Z,2026-09-30T07:02:30.636Z,6
DEMO-DEV-5015,521,2022-10-04T17:52:19.863Z,2026-09-15T16:59:50.073Z,6
DEMO-DEV-5076,521,2022-10-02T02:16:19.288Z,2026-09-27T19:38:10.985Z,7
DEMO-DEV-5199,521,2022-10-07T00:26:09.868Z,2026-09-28T11:19:06.682Z,7
DEMO-DEV-5221,521,2022-10-03T08:16:57.238Z,2026-09-25T01:06:24.221Z,7
DEMO-DEV-5234,521,2022-10-05T00:37:15.597Z,2026-09-26T16:45:47.799Z,6
DEMO-DEV-5326,521,2022-10-04T17:47:18.811Z,2026-09-24T09:10:10.319Z,6
DEMO-DEV-5340,521,2022-10-02T22:52:15.795Z,2026-09-25T17:53:43.160Z,7
DEMO-DEV-5391,521,2022-10-06T23:46:39.485Z,2026-09-29T21:52:01.120Z,7
DEMO-DEV-5478,521,2022-10-08T01:02:08.239Z,2026-09-28T16:53:47.357Z,6
DEMO-DEV-5480,521,2022-10-09T21:10:04.472Z,2026-09-28T09:03:06.150Z,7
DEMO-DEV-5545,521,2022-10-01T15:44:25.027Z,2026-09-28T13:24:38.288Z,6
DEMO-DEV-5806,521,2022-10-07T11:18:45.120Z,2026-09-27T18:41:39.966Z,7
DEMO-DEV-5935,521,2022-10-02T16:58:06.511Z,2026-09-24T00:43:30.863Z,7
DEMO-DEV-6007,521,2022-10-04T12:42:08.021Z,2026-09-29T10:01:34.993Z,7
DEMO-DEV-6080,521,2022-10-05T10:21:27.123Z,2026-09-19T16:37:25.989Z,7
DEMO-DEV-6121,521,2022-10-01T18:27:40.519Z,2026-09-28T05:08:25.466Z,7
DEMO-DEV-6145,521,2022-10-02T02:00:15.926Z,2026-09-24T08:38:36.123Z,7
DEMO-DEV-6199,521,2022-10-07T06:46:58.636Z,2026-09-29T03:43:39.989Z,6
DEMO-DEV-6337,521,2022-10-03T23:52:58.291Z,2026-09-29T22:44:50.653Z,7
DEMO-DEV-6378,521,2022-10-03T14:52:58.254Z,2026-09-24T02:51:22.914Z,7
DEMO-DEV-6394,521,2022-10-03T08:14:16.470Z,2026-09-29T08:44:10.841Z,6
DEMO-DEV-6615,521,2022-10-08T07:18:47.428Z,2026-09-30T02:19:27.288Z,7
DEMO-DEV-6795,521,2022-10-05T13:51:10.075Z,2026-09-20T06:18:50.239Z,7
DEMO-DEV-7052,521,2022-10-02T00:03:28.402Z,2026-09-23T05:45:50.291Z,7
DEMO-DEV-7212,521,2022-10-03T00:52:06.415Z,2026-09-24T11:00:49.500Z,7
DEMO-DEV-7312,521,2022-10-02T15:33:05.786Z,2026-09-26T18:43:47.370Z,7
DEMO-DEV-7347,521,2022-10-14T04:35:58.976Z,2026-09-23T11:05:56.208Z,7
DEMO-DEV-7414,521,2022-10-04T11:57:35.985Z,2026-09-25T02:26:32.203Z,6
DEMO-DEV-7570,521,2022-10-03T18:28:39.470Z,2026-09-16T22:24:19.172Z,7
DEMO-DEV-7583,521,2022-10-02T05:59:13.597Z,2026-09-27T22:34:48.985Z,7
DEMO-DEV-7781,521,2022-10-05T08:06:26.460Z,2026-09-28T23:06:22.646Z,7
DEMO-DEV-7820,521,2022-10-09T15:43:53.168Z,2026-09-24T20:27:11.319Z,7
DEMO-DEV-7855,521,2022-10-01T09:39:32.264Z,2026-09-29T14:03:52.648Z,7
DEMO-DEV-7856,521,2022-10-04T14:38:22.038Z,2026-09-23T18:42:49.666Z,7
DEMO-DEV-7947,521,2022-10-02T04:55:19.208Z,2026-09-22T01:43:54.719Z,7
DEMO-DEV-8009,521,2022-10-01T16:20:36.682Z,2026-09-29T23:38:46.138Z,7
DEMO-DEV-8072,521,2022-10-11T16:36:56.253Z,2026-09-28T02:20:17.409Z,7
DEMO-DEV-8107,521,2022-10-05T11:03:06.004Z,2026-09-17T16:19:28.524Z,7
DEMO-DEV-8190,521,2022-10-07T23:10:47.168Z,2026-09-25T17:33:19.497Z,6
DEMO-DEV-8235,521,2022-10-04T14:34:36.513Z,2026-09-14T12:09:51.556Z,6
DEMO-DEV-8548,521,2022-10-01T19:21:36.080Z,2026-09-21T21:08:32.368Z,6
DEMO-DEV-8575,521,2022-10-04T01:15:18.676Z,2026-09-28T15:35:22.917Z,7
DEMO-DEV-8635,521,2022-10-02T18:11:50.929Z,2026-09-26T21:21:00.591Z,6
DEMO-DEV-8756,521,2022-10-02T23:17:49.792Z,2026-09-29T21:04:48.555Z,6
DEMO-DEV-8787,521,2022-10-11T04:37:15.394Z,2026-09-22T01:43:59.045Z,7
DEMO-DEV-8812,521,2022-10-01T10:51:19.236Z,2026-09-27T17:24:47.778Z,7
DEMO-DEV-8836,521,2022-10-06T07:03:02.485Z,2026-09-30T03:56:42.183Z,7
DEMO-DEV-8939,521,2022-10-04T23:11:01.618Z,2026-09-30T00:58:14.989Z,6
DEMO-DEV-8940,521,2022-10-03T12:49:31.288Z,2026-09-24T04:04:59.291Z,7
DEMO-DEV-8982,521,2022-10-03T04:12:20.646Z,2026-09-27T20:01:19.357Z,7
DEMO-DEV-9080,521,2022-10-05T17:46:12.811Z,2026-09-26T11:49:08.976Z,7
DEMO-DEV-9137,521,2022-10-04T10:47:19.702Z,2026-09-23T19:31:11.167Z,6
DEMO-DEV-9138,521,2022-10-03T11:03:20.172Z,2026-09-26T12:21:49.785Z,6
DEMO-DEV-9377,521,2022-10-02T17:10:40.307Z,2026-09-26T17:25:46.493Z,7
DEMO-DEV-9413,521,2022-10-05T23:24:59.288Z,2026-09-26T17:34:07.308Z,7
DEMO-DEV-9564,521,2022-10-02T00:41:19.668Z,2026-09-28T03:28:04.976Z,6
DEMO-DEV-9628,521,2022-10-06T00:06:39.653Z,2026-09-30T00:15:15.462Z,7
DEMO-DEV-9896,521,2022-10-01T21:28:00.239Z,2026-09-19T23:22:09.352Z,6
DEMO-DEV-9982,521,2022-10-05T03:01:56.891Z,2026-09-27T09:05:13.929Z,7
DEMO-DEV-0011,520,2022-10-01T15:56:37.442Z,2026-09-29T19:06:23.075Z,7
DEMO-DEV-0025,520,2022-10-03T10:39:55.183Z,2026-09-28T04:23:24.232Z,7
DEMO-DEV-0039,520,2022-10-09T16:31:46.799Z,2026-09-29T21:21:16.688Z,7
DEMO-DEV-0065,520,2022-10-02T05:37:39.682Z,2026-09-29T18:28:59.915Z,7
DEMO-DEV-0220,520,2022-10-08T03:09:04.365Z,2026-09-22T16:26:35.524Z,6
DEMO-DEV-0246,520,2022-10-03T23:35:52.150Z,2026-09-30T07:23:14.817Z,6
DEMO-DEV-0391,520,2022-10-02T11:09:16.239Z,2026-09-27T16:27:52.168Z,7
DEMO-DEV-0398,520,2022-10-05T00:57:16.264Z,2026-09-27T21:56:10.268Z,7
DEMO-DEV-0401,520,2022-10-01T12:56:12.591Z,2026-09-26T11:40:53.868Z,7
DEMO-DEV-0412,520,2022-10-01T09:33:25.846Z,2026-09-23T18:46:25.843Z,7
DEMO-DEV-0441,520,2022-10-02T05:45:14.080Z,2026-09-28T15:14:34.948Z,7
DEMO-DEV-0479,520,2022-10-03T06:22:10.513Z,2026-09-28T14:09:46.394Z,6
DEMO-DEV-0485,520,2022-10-04T17:45:10.949Z,2026-09-28T01:12:28.077Z,7
DEMO-DEV-0522,520,2022-10-04T03:05:05.205Z,2026-09-29T07:39:15.138Z,7
DEMO-DEV-0604,520,2022-10-04T19:29:36.390Z,2026-09-27T09:49:56.190Z,7
DEMO-DEV-0762,520,2022-10-13T19:23:28.975Z,2026-09-28T12:27:14.754Z,7
DEMO-DEV-0885,520,2022-10-02T16:28:45.965Z,2026-09-28T12:55:19.785Z,7
DEMO-DEV-0909,520,2022-10-02T06:07:18.077Z,2026-09-18T23:23:55.365Z,7
DEMO-DEV-1189,520,2022-10-01T22:58:06.208Z,2026-09-25T10:28:50.289Z,7
DEMO-DEV-1273,520,2022-10-01T22:34:13.428Z,2026-09-28T19:53:09.799Z,7
DEMO-DEV-1497,520,2022-10-03T10:36:32.692Z,2026-09-25T22:47:42.513Z,7
DEMO-DEV-1528,520,2022-10-03T19:17:36.719Z,2026-09-29T11:15:58.682Z,7
DEMO-DEV-1539,520,2022-10-05T10:52:38.134Z,2026-09-28T03:06:31.870Z,7
DEMO-DEV-1818,520,2022-10-04T08:06:14.345Z,2026-09-26T15:01:38.816Z,7
DEMO-DEV-1884,520,2022-10-03T21:13:57.950Z,2026-09-29T06:58:55.968Z,7
DEMO-DEV-1978,520,2022-10-01T18:57:15.024Z,2026-09-29T04:51:43.246Z,7
DEMO-DEV-1982,520,2022-10-05T07:51:11.409Z,2026-09-30T00:08:02.653Z,7
DEMO-DEV-2105,520,2022-10-02T04:34:59.497Z,2026-09-29T03:32:49.714Z,7
DEMO-DEV-2140,520,2022-10-01T13:13:12.884Z,2026-09-28T00:37:31.394Z,7
DEMO-DEV-2411,520,2022-10-03T22:22:14.272Z,2026-09-29T19:44:08.455Z,7
DEMO-DEV-2502,520,2022-10-01T09:21:18.391Z,2026-09-29T23:31:10.446Z,6
DEMO-DEV-2637,520,2022-10-06T17:42:33.139Z,2026-09-24T15:49:24.891Z,6
DEMO-DEV-2639,520,2022-10-03T15:13:54.045Z,2026-09-29T09:52:44.357Z,7
DEMO-DEV-2718,520,2022-10-12T13:06:39.735Z,2026-09-19T14:06:40.666Z,7
DEMO-DEV-2722,520,2022-10-03T06:34:36.884Z,2026-09-28T11:41:16.139Z,7
DEMO-DEV-2770,520,2022-10-03T09:15:41.597Z,2026-09-29T15:32:50.428Z,7
DEMO-DEV-2991,520,2022-10-04T17:11:09.225Z,2026-09-29T00:06:21.024Z,7
DEMO-DEV-3059,520,2022-10-04T04:28:17.836Z,2026-09-27T22:58:58.524Z,7
DEMO-DEV-3064,520,2022-10-07T04:06:31.614Z,2026-09-28T12:08:17.816Z,7
DEMO-DEV-3224,520,2022-10-01T09:48:27.120Z,2026-09-25T20:51:55.843Z,7
DEMO-DEV-3477,520,2022-10-04T12:46:47.710Z,2026-09-26T19:51:44.225Z,7
DEMO-DEV-3579,520,2022-10-01T13:26:13.527Z,2026-09-26T23:50:34.204Z,7
DEMO-DEV-3620,520,2022-10-03T01:18:50.646Z,2026-09-24T08:15:48.513Z,7
DEMO-DEV-3638,520,2022-10-01T12:43:07.224Z,2026-09-28T12:18:24.289Z,7
DEMO-DEV-3681,520,2022-10-03T08:57:01.319Z,2026-09-15T20:40:40.786Z,7
DEMO-DEV-3759,520,2022-10-02T20:21:51.442Z,2026-09-29T12:59:56.523Z,7
DEMO-DEV-3771,520,2022-10-07T15:57:03.038Z,2026-09-29T04:03:19.462Z,7
DEMO-DEV-3773,520,2022-10-04T15:54:35.914Z,2026-09-27T17:10:23.190Z,7
DEMO-DEV-4039,520,2022-10-05T01:20:54.218Z,2026-09-23T21:57:44.578Z,7
DEMO-DEV-4065,520,2022-10-05T23:07:35.462Z,2026-09-27T23:20:30.298Z,7
DEMO-DEV-4153,520,2022-10-01T19:46:49.867Z,2026-09-29T15:19:39.068Z,7
DEMO-DEV-4267,520,2022-10-02T03:55:37.948Z,2026-09-24T00:45:09.370Z,6
DEMO-DEV-4359,520,2022-10-02T20:26:02.222Z,2026-09-28T21:07:18.618Z,7
DEMO-DEV-4371,520,2022-10-08T01:21:38.513Z,2026-09-28T17:12:02.795Z,6
DEMO-DEV-4464,520,2022-10-01T16:48:05.120Z,2026-09-29T03:50:25.183Z,6
DEMO-DEV-4532,520,2022-10-02T07:51:03.319Z,2026-09-28T04:13:19.307Z,7
DEMO-DEV-4538,520,2022-10-02T16:19:54.402Z,2026-09-30T07:41:11.556Z,7
DEMO-DEV-4616,520,2022-10-03T00:23:19.225Z,2026-09-28T12:40:38.218Z,7
DEMO-DEV-4640,520,2022-10-07T06:26:13.403Z,2026-09-27T19:02:25.975Z,6
DEMO-DEV-4738,520,2022-10-01T10:23:18.785Z,2026-09-22T18:24:55.003Z,6
DEMO-DEV-4969,520,2022-10-02T11:15:54.219Z,2026-09-29T02:34:22.352Z,6
DEMO-DEV-4994,520,2022-10-05T22:50:59.254Z,2026-09-15T04:56:58.714Z,7
DEMO-DEV-5002,520,2022-10-06T20:24:28.139Z,2026-09-27T14:35:00.993Z,6
DEMO-DEV-5014,520,2022-10-08T17:28:49.913Z,2026-09-28T13:59:33.352Z,7
DEMO-DEV-5059,520,2022-10-04T17:02:25.268Z,2026-09-24T16:44:30.926Z,6
DEMO-DEV-5224,520,2022-10-01T12:39:47.218Z,2026-09-28T03:39:18.218Z,7
DEMO-DEV-5297,520,2022-10-01T13:24:45.508Z,2026-09-29T18:28:33.068Z,6
DEMO-DEV-5312,520,2022-10-01T23:09:34.391Z,2026-09-29T13:16:40.537Z,7
DEMO-DEV-5324,520,2022-10-01T13:46:41.870Z,2026-09-29T14:02:19.545Z,6
DEMO-DEV-5333,520,2022-10-01T14:53:04.646Z,2026-09-29T10:45:51.288Z,7
DEMO-DEV-5411,520,2022-10-02T07:57:41.765Z,2026-09-28T07:37:01.584Z,7
DEMO-DEV-5528,520,2022-10-02T07:37:13.368Z,2026-09-24T09:20:43.666Z,7
DEMO-DEV-5591,520,2022-10-09T17:37:14.319Z,2026-09-29T16:40:28.250Z,6
DEMO-DEV-5618,520,2022-10-08T06:15:23.607Z,2026-09-30T07:37:21.782Z,6
DEMO-DEV-5651,520,2022-10-04T22:21:07.646Z,2026-09-27T16:01:54.307Z,7
DEMO-DEV-5802,520,2022-10-04T04:14:39.004Z,2026-09-29T08:50:54.752Z,7
DEMO-DEV-5829,520,2022-10-06T23:14:01.402Z,2026-09-26T20:17:42.357Z,7
DEMO-DEV-5880,520,2022-10-03T21:55:51.784Z,2026-09-29T13:42:39.203Z,7
DEMO-DEV-5931,520,2022-10-03T00:45:16.976Z,2026-09-27T22:52:26.038Z,6
DEMO-DEV-5967,520,2022-10-03T06:08:52.950Z,2026-09-29T06:14:20.836Z,7
DEMO-DEV-5977,520,2022-10-08T01:32:09.068Z,2026-09-27T15:35:00.754Z,7
DEMO-DEV-6046,520,2022-10-03T05:40:48.605Z,2026-09-27T12:55:14.075Z,6
DEMO-DEV-6193,520,2022-10-09T06:40:31.230Z,2026-09-27T19:19:10.368Z,6
DEMO-DEV-6231,520,2022-10-06T13:15:02.134Z,2026-09-26T13:49:03.192Z,7
DEMO-DEV-6348,520,2022-10-02T06:54:01.455Z,2026-09-18T13:01:02.816Z,6
DEMO-DEV-6473,520,2022-10-02T00:44:50.817Z,2026-09-29T22:22:01.859Z,7
DEMO-DEV-6715,520,2022-10-02T08:48:20.428Z,2026-09-22T00:49:28.682Z,7
DEMO-DEV-6883,520,2022-10-03T04:35:27.160Z,2026-09-28T16:16:54.080Z,7
DEMO-DEV-6951,520,2022-10-01T16:29:39.264Z,2026-09-24T21:58:17.365Z,6
DEMO-DEV-6973,520,2022-10-03T02:22:52.965Z,2026-09-24T15:44:31.172Z,7
DEMO-DEV-7324,520,2022-10-02T09:35:35.462Z,2026-09-26T17:49:45.913Z,6
DEMO-DEV-7327,520,2022-10-08T05:05:53.513Z,2026-09-25T23:45:30.428Z,7
DEMO-DEV-7355,520,2022-10-05T00:12:32.368Z,2026-09-23T01:08:00.460Z,7
DEMO-DEV-7375,520,2022-10-04T22:32:45.915Z,2026-09-27T22:35:14.172Z,6
DEMO-DEV-7422,520,2022-10-01T14:20:22.472Z,2026-09-27T07:57:58.168Z,7
DEMO-DEV-7474,520,2022-10-04T15:13:05.710Z,2026-09-24T23:54:58.524Z,7
DEMO-DEV-7494,520,2022-10-02T22:30:55.505Z,2026-09-29T01:05:37.863Z,6
DEMO-DEV-7593,520,2022-10-02T16:05:39.183Z,2026-09-29T02:56:26.785Z,6
DEMO-DEV-7653,520,2022-10-11T05:55:03.026Z,2026-09-30T07:29:38.792Z,6
DEMO-DEV-7665,520,2022-10-01T08:20:55.636Z,2026-09-25T22:03:26.646Z,7
DEMO-DEV-7883,520,2022-10-02T15:05:49.841Z,2026-09-26T21:37:48.803Z,6
DEMO-DEV-7964,520,2022-10-03T07:54:40.493Z,2026-09-28T01:24:48.357Z,7
DEMO-DEV-8212,520,2022-10-01T14:16:09.443Z,2026-09-17T10:09:42.239Z,6
DEMO-DEV-8254,520,2022-10-02T02:31:58.578Z,2026-09-30T05:56:44.268Z,7
DEMO-DEV-8304,520,2022-10-06T02:02:32.287Z,2026-09-25T19:07:32.225Z,7
DEMO-DEV-8429,520,2022-10-03T15:49:49.824Z,2026-09-10T07:35:30.391Z,7
DEMO-DEV-8433,520,2022-10-06T08:21:27.505Z,2026-09-25T10:52:22.300Z,7
DEMO-DEV-8447,520,2022-10-03T09:58:20.891Z,2026-09-29T07:52:29.004Z,7
DEMO-DEV-8484,520,2022-10-02T09:53:04.792Z,2026-09-28T18:09:39.884Z,6
DEMO-DEV-8494,520,2022-10-10T13:45:20.727Z,2026-09-26T19:39:29.370Z,7
DEMO-DEV-8657,520,2022-10-08T19:05:07.870Z,2026-09-24T08:54:14.357Z,6
DEMO-DEV-8716,520,2022-10-03T22:11:32.221Z,2026-09-27T08:39:20.368Z,7
DEMO-DEV-8877,520,2022-10-05T05:51:34.607Z,2026-09-27T09:48:01.782Z,7
DEMO-DEV-9003,520,2022-10-02T17:17:44.232Z,2026-09-25T07:22:27.795Z,7
DEMO-DEV-9196,520,2022-10-08T08:32:58.865Z,2026-09-29T06:06:48.160Z,7
DEMO-DEV-9222,520,2022-10-02T04:55:17.545Z,2026-09-27T20:37:42.891Z,7
DEMO-DEV-9335,520,2022-10-03T02:05:20.221Z,2026-09-29T08:20:10.968Z,6
DEMO-DEV-9464,520,2022-10-01T15:42:34.949Z,2026-09-29T10:19:52.873Z,7
DEMO-DEV-9520,520,2022-10-02T08:48:49.037Z,2026-09-29T10:51:59.057Z,6
DEMO-DEV-9751,520,2022-10-02T09:55:43.863Z,2026-09-29T21:45:24.793Z,6
DEMO-DEV-9902,520,2022-10-05T04:23:30.390Z,2026-09-28T05:18:20.442Z,6
DEMO-DEV-0017,519,2022-10-04T19:34:29.864Z,2026-09-29T20:03:32.298Z,6
DEMO-DEV-0024,519,2022-10-13T13:59:25.523Z,2026-09-22T04:08:37.914Z,7
DEMO-DEV-0052,519,2022-10-02T15:15:50.824Z,2026-09-28T21:30:01.221Z,7
DEMO-DEV-0068,519,2022-10-02T19:57:52.250Z,2026-09-29T11:06:16.519Z,7
DEMO-DEV-0100,519,2022-10-06T11:31:19.556Z,2026-09-30T04:22:57.752Z,7
DEMO-DEV-0311,519,2022-10-02T22:13:38.612Z,2026-09-26T13:43:58.236Z,6
DEMO-DEV-0540,519,2022-10-02T02:23:23.782Z,2026-09-27T01:10:15.661Z,6
DEMO-DEV-0593,519,2022-10-03T03:34:02.218Z,2026-09-25T02:00:01.230Z,7
DEMO-DEV-0708,519,2022-10-03T08:55:03.446Z,2026-09-28T01:11:01.024Z,6
DEMO-DEV-0729,519,2022-10-01T10:03:46.038Z,2026-09-30T08:07:21.234Z,6
DEMO-DEV-0733,519,2022-10-02T15:37:55.120Z,2026-09-24T20:48:52.873Z,7
DEMO-DEV-0943,519,2022-10-05T11:49:49.968Z,2026-09-28T21:10:54.027Z,6
DEMO-DEV-0983,519,2022-10-05T20:29:45.793Z,2026-09-30T05:26:21.397Z,6
DEMO-DEV-1205,519,2022-10-01T14:34:43.865Z,2026-09-30T07:30:02.824Z,6
DEMO-DEV-1277,519,2022-10-02T00:47:51.443Z,2026-09-25T16:57:51.307Z,7
DEMO-DEV-1345,519,2022-10-05T05:54:54.867Z,2026-09-26T03:28:39.976Z,7
DEMO-DEV-1377,519,2022-10-04T16:33:04.485Z,2026-09-25T23:55:19.368Z,7
DEMO-DEV-1622,519,2022-10-11T04:55:14.300Z,2026-09-30T03:13:16.841Z,7
DEMO-DEV-1670,519,2022-10-03T22:32:26.817Z,2026-09-28T19:35:58.203Z,7
DEMO-DEV-1743,519,2022-10-04T11:29:44.804Z,2026-09-30T03:09:16.676Z,6
DEMO-DEV-1785,519,2022-10-05T23:46:15.989Z,2026-09-29T19:32:31.714Z,6
DEMO-DEV-1950,519,2022-10-04T00:49:16.203Z,2026-09-27T08:30:50.948Z,7
DEMO-DEV-2004,519,2022-10-01T16:46:57.754Z,2026-09-29T08:54:25.272Z,6
DEMO-DEV-2016,519,2022-10-01T20:33:28.307Z,2026-09-22T21:41:46.291Z,7
DEMO-DEV-2024,519,2022-10-02T11:17:49.370Z,2026-09-25T14:11:36.211Z,7
DEMO-DEV-2064,519,2022-10-05T04:38:26.387Z,2026-09-30T02:51:04.161Z,7
DEMO-DEV-2073,519,2022-10-05T17:17:29.782Z,2026-09-28T00:13:32.057Z,7
DEMO-DEV-2292,519,2022-10-02T10:25:25.557Z,2026-09-22T23:50:26.368Z,6
DEMO-DEV-2482,519,2022-10-01T15:30:12.992Z,2026-09-30T01:54:49.511Z,6
DEMO-DEV-2495,519,2022-10-02T20:14:05.948Z,2026-09-26T08:54:40.087Z,7
DEMO-DEV-2505,519,2022-10-04T21:56:06.668Z,2026-09-26T17:49:47.692Z,6
DEMO-DEV-2661,519,2022-10-02T03:54:46.710Z,2026-09-26T23:41:25.778Z,6
DEMO-DEV-2784,519,2022-10-01T09:54:51.612Z,2026-09-28T20:34:14.969Z,7
DEMO-DEV-2964,519,2022-10-06T06:13:51.352Z,2026-09-29T14:35:27.714Z,7
DEMO-DEV-3054,519,2022-10-03T19:21:17.497Z,2026-09-30T00:48:38.236Z,7
DEMO-DEV-3184,519,2022-10-02T11:55:59.719Z,2026-09-30T05:45:39.646Z,7
DEMO-DEV-3609,519,2022-10-04T02:41:31.470Z,2026-09-30T01:18:13.839Z,6
DEMO-DEV-3805,519,2022-10-02T13:02:29.778Z,2026-09-24T01:48:26.003Z,6
DEMO-DEV-3827,519,2022-10-01T09:23:52.370Z,2026-09-27T02:57:10.394Z,6
DEMO-DEV-3845,519,2022-10-05T14:48:48.884Z,2026-09-28T23:13:25.817Z,7
DEMO-DEV-3846,519,2022-10-09T03:55:20.455Z,2026-09-28T10:02:39.077Z,7
DEMO-DEV-3881,519,2022-10-03T09:06:56.914Z,2026-09-25T00:37:45.485Z,7
DEMO-DEV-3897,519,2022-10-02T11:05:55.497Z,2026-09-26T06:30:10.842Z,6
DEMO-DEV-3916,519,2022-10-02T15:41:58.236Z,2026-09-29T07:13:10.803Z,7
DEMO-DEV-3936,519,2022-10-17T02:22:14.968Z,2026-09-25T01:23:04.057Z,7
DEMO-DEV-3970,519,2022-10-03T12:02:01.929Z,2026-09-30T00:59:51.272Z,7
DEMO-DEV-3983,519,2022-10-01T14:08:13.415Z,2026-09-28T04:21:41.692Z,7
DEMO-DEV-4075,519,2022-10-02T07:02:08.027Z,2026-09-30T02:00:19.470Z,7
DEMO-DEV-4120,519,2022-10-06T09:50:02.155Z,2026-09-29T14:07:39.222Z,7
DEMO-DEV-4133,519,2022-10-02T21:31:06.873Z,2026-09-30T07:20:16.556Z,6
DEMO-DEV-4147,519,2022-10-10T00:15:37.950Z,2026-09-30T04:08:04.568Z,7
DEMO-DEV-4179,519,2022-10-11T12:28:01.614Z,2026-09-22T17:35:07.992Z,6
DEMO-DEV-4282,519,2022-10-01T18:40:41.138Z,2026-09-29T03:16:15.885Z,7
DEMO-DEV-4396,519,2022-10-09T08:53:54.246Z,2026-09-27T11:07:04.428Z,6
DEMO-DEV-4403,519,2022-10-01T10:45:05.021Z,2026-09-29T03:45:45.806Z,6
DEMO-DEV-4578,519,2022-10-09T15:45:01.357Z,2026-09-17T07:58:29.003Z,6
DEMO-DEV-4648,519,2022-10-01T11:05:15.948Z,2026-09-28T11:27:07.782Z,6
DEMO-DEV-4673,519,2022-10-03T01:45:10.584Z,2026-09-26T19:35:31.969Z,7
DEMO-DEV-4700,519,2022-10-01T08:47:42.040Z,2026-09-30T06:44:05.727Z,7
DEMO-DEV-4702,519,2022-10-02T20:05:06.192Z,2026-09-30T02:12:37.391Z,7
DEMO-DEV-4725,519,2022-10-03T20:18:53.497Z,2026-09-21T02:02:06.676Z,7
DEMO-DEV-4841,519,2022-10-06T12:33:13.527Z,2026-09-29T18:11:01.605Z,7
DEMO-DEV-4894,519,2022-10-03T03:35:17.038Z,2026-09-27T15:24:22.014Z,7
DEMO-DEV-4964,519,2022-10-02T11:58:58.446Z,2026-09-26T06:46:55.599Z,7
DEMO-DEV-5112,519,2022-10-01T11:46:44.892Z,2026-09-18T11:31:16.692Z,7
DEMO-DEV-5162,519,2022-10-01T17:23:08.368Z,2026-09-29T10:39:32.989Z,7
DEMO-DEV-5359,519,2022-10-07T18:33:09.288Z,2026-09-22T22:27:48.612Z,7
DEMO-DEV-5444,519,2022-10-02T15:43:23.816Z,2026-09-30T01:56:21.668Z,7
DEMO-DEV-5471,519,2022-10-08T16:41:53.138Z,2026-09-27T18:16:39.578Z,7
DEMO-DEV-5513,519,2022-10-04T16:10:00.646Z,2026-09-29T21:57:04.442Z,7
DEMO-DEV-5625,519,2022-10-01T08:17:24.969Z,2026-09-28T06:44:50.204Z,6
DEMO-DEV-5652,519,2022-10-02T02:44:47.402Z,2026-09-24T13:57:29.165Z,7
DEMO-DEV-5866,519,2022-10-01T10:30:45.183Z,2026-09-23T07:45:05.037Z,7
DEMO-DEV-6074,519,2022-10-01T14:55:09.004Z,2026-09-24T09:17:06.846Z,7
DEMO-DEV-6154,519,2022-10-01T17:15:54.038Z,2026-09-22T03:49:41.397Z,6
DEMO-DEV-6209,519,2022-10-05T03:30:33.799Z,2026-09-29T02:44:01.161Z,7
DEMO-DEV-6335,519,2022-10-03T04:20:48.782Z,2026-09-30T07:00:30.752Z,6
DEMO-DEV-6449,519,2022-10-06T17:32:07.503Z,2026-09-28T01:08:16.189Z,6
DEMO-DEV-6645,519,2022-10-06T07:57:08.087Z,2026-09-29T11:30:47.172Z,7
DEMO-DEV-6649,519,2022-10-06T10:50:10.254Z,2026-09-24T01:09:10.222Z,6
DEMO-DEV-6772,519,2022-10-05T15:06:18.795Z,2026-09-24T15:00:29.268Z,6
DEMO-DEV-6784,519,2022-10-02T02:47:53.682Z,2026-09-24T15:44:25.466Z,7
DEMO-DEV-6850,519,2022-10-05T05:49:05.370Z,2026-09-21T07:31:00.308Z,7
DEMO-DEV-7121,519,2022-10-07T06:05:26.319Z,2026-09-23T18:34:25.646Z,7
DEMO-DEV-7125,519,2022-10-02T03:34:30.023Z,2026-09-29T19:41:23.989Z,6
DEMO-DEV-7146,519,2022-10-01T09:52:29.817Z,2026-09-29T12:50:43.851Z,6
DEMO-DEV-7162,519,2022-10-09T00:31:09.236Z,2026-09-30T08:24:10.024Z,7
DEMO-DEV-7193,519,2022-10-08T10:53:36.839Z,2026-09-28T19:11:53.591Z,6
DEMO-DEV-7241,519,2022-10-01T17:31:17.950Z,2026-09-28T17:06:12.239Z,7
DEMO-DEV-7274,519,2022-10-04T07:27:01.234Z,2026-09-26T01:10:40.246Z,7
DEMO-DEV-7288,519,2022-10-07T19:55:40.015Z,2026-09-28T03:42:25.816Z,7
DEMO-DEV-7379,519,2022-10-04T21:20:30.975Z,2026-09-22T23:22:17.524Z,5
DEMO-DEV-7539,519,2022-10-03T00:08:52.063Z,2026-09-28T01:30:09.203Z,7
DEMO-DEV-7574,519,2022-10-04T18:55:10.949Z,2026-09-30T01:32:51.319Z,6
DEMO-DEV-7694,519,2022-10-02T13:09:16.778Z,2026-09-29T14:26:14.524Z,7
DEMO-DEV-7779,519,2022-10-15T01:42:41.754Z,2026-09-21T17:00:24.975Z,7
DEMO-DEV-7817,519,2022-10-02T22:28:24.236Z,2026-09-29T15:10:07.466Z,7
DEMO-DEV-7931,519,2022-10-03T22:33:54.965Z,2026-09-29T23:25:46.806Z,6
DEMO-DEV-8057,519,2022-10-02T03:26:35.692Z,2026-09-27T20:15:20.614Z,7
DEMO-DEV-8060,519,2022-10-01T14:24:14.965Z,2026-09-26T07:09:40.668Z,6
DEMO-DEV-8094,519,2022-10-02T13:28:38.612Z,2026-09-28T23:32:25.080Z,7
DEMO-DEV-8361,519,2022-10-02T02:43:00.252Z,2026-09-29T23:40:11.037Z,6
DEMO-DEV-8365,519,2022-10-03T15:14:16.508Z,2026-09-29T02:35:43.969Z,7
DEMO-DEV-8397,519,2022-10-07T07:25:29.004Z,2026-09-28T13:21:38.786Z,6
DEMO-DEV-8478,519,2022-10-02T17:36:59.892Z,2026-09-24T01:33:38.851Z,5
DEMO-DEV-8667,519,2022-10-03T10:32:42.511Z,2026-09-26T21:07:22.057Z,6
DEMO-DEV-8894,519,2022-10-04T01:33:05.167Z,2026-09-29T21:09:46.639Z,7
DEMO-DEV-8907,519,2022-10-03T07:52:06.843Z,2026-09-28T01:47:15.397Z,7
DEMO-DEV-9009,519,2022-10-01T08:31:49.778Z,2026-09-24T09:46:41.134Z,6
DEMO-DEV-9132,519,2022-10-02T08:55:18.352Z,2026-09-28T07:38:37.023Z,7
DEMO-DEV-9280,519,2022-10-01T11:19:56.803Z,2026-09-29T18:11:48.864Z,7
DEMO-DEV-9345,519,2022-10-01T13:13:48.639Z,2026-09-26T05:06:11.892Z,7
DEMO-DEV-9357,519,2022-10-08T02:21:22.692Z,2026-09-22T18:48:25.792Z,7
DEMO-DEV-9429,519,2022-10-01T13:56:43.863Z,2026-09-29T18:20:19.337Z,7
DEMO-DEV-9435,519,2022-10-02T04:28:41.150Z,2026-09-26T16:29:41.782Z,7
DEMO-DEV-9526,519,2022-10-03T15:33:50.605Z,2026-09-26T10:45:28.409Z,6
DEMO-DEV-9549,519,2022-10-08T11:01:22.535Z,2026-09-26T14:54:31.226Z,7
DEMO-DEV-9787,519,2022-10-02T20:35:24.511Z,2026-09-27T11:41:34.315Z,6
DEMO-DEV-0048,518,2022-10-05T10:35:24.841Z,2026-09-30T05:52:40.841Z,6
DEMO-DEV-0166,518,2022-10-06T02:24:59.485Z,2026-09-27T03:05:19.287Z,7
DEMO-DEV-0266,518,2022-10-02T05:17:46.037Z,2026-09-29T20:21:37.155Z,6
DEMO-DEV-0309,518,2022-10-08T23:41:23.865Z,2026-09-23T18:29:58.806Z,7
DEMO-DEV-0372,518,2022-10-01T18:52:40.189Z,2026-09-30T08:01:15.232Z,6
DEMO-DEV-0373,518,2022-10-01T22:26:39.352Z,2026-09-29T05:46:45.246Z,6
DEMO-DEV-0608,518,2022-10-02T01:06:36.172Z,2026-09-28T22:22:42.836Z,7
DEMO-DEV-0767,518,2022-10-01T16:50:33.394Z,2026-09-28T03:00:56.865Z,6
DEMO-DEV-0816,518,2022-10-07T02:50:07.319Z,2026-09-28T00:03:29.500Z,7
DEMO-DEV-0881,518,2022-10-01T09:37:54.090Z,2026-09-26T10:51:29.252Z,6
DEMO-DEV-1035,518,2022-10-01T19:35:25.523Z,2026-09-29T14:59:17.658Z,6
DEMO-DEV-1185,518,2022-10-08T13:22:04.120Z,2026-09-21T07:22:56.524Z,7
DEMO-DEV-1186,518,2022-10-04T21:13:49.466Z,2026-09-29T07:04:42.597Z,7
DEMO-DEV-1197,518,2022-10-06T14:43:12.239Z,2026-09-28T09:46:32.714Z,7
DEMO-DEV-1232,518,2022-10-01T21:35:33.319Z,2026-09-28T07:06:00.817Z,7
DEMO-DEV-1445,518,2022-10-03T22:28:42.513Z,2026-09-26T18:45:55.612Z,7
DEMO-DEV-1456,518,2022-10-15T04:34:31.557Z,2026-09-22T15:44:25.397Z,7
DEMO-DEV-1542,518,2022-10-06T06:39:42.472Z,2026-09-25T15:49:14.778Z,5
DEMO-DEV-1593,518,2022-10-01T14:57:38.352Z,2026-09-27T15:42:13.513Z,7
DEMO-DEV-1596,518,2022-10-01T12:47:12.557Z,2026-09-29T11:40:56.038Z,7
DEMO-DEV-1609,518,2022-10-04T04:56:06.038Z,2026-09-24T04:55:44.793Z,7
DEMO-DEV-1684,518,2022-10-03T18:46:45.165Z,2026-09-20T15:01:56.015Z,7
DEMO-DEV-1806,518,2022-10-04T02:14:02.239Z,2026-09-27T22:55:09.183Z,7
DEMO-DEV-1855,518,2022-10-01T23:13:46.470Z,2026-09-30T06:13:30.090Z,6
DEMO-DEV-1882,518,2022-10-01T10:52:00.409Z,2026-09-25T01:11:20.403Z,7
DEMO-DEV-1907,518,2022-10-05T04:24:19.864Z,2026-09-25T22:03:31.950Z,6
DEMO-DEV-1912,518,2022-10-06T23:31:35.503Z,2026-09-23T01:10:38.989Z,6
DEMO-DEV-2032,518,2022-10-09T20:20:38.682Z,2026-09-28T09:50:19.173Z,7
DEMO-DEV-2054,518,2022-10-03T14:38:09.892Z,2026-09-30T01:48:39.557Z,7
DEMO-DEV-2346,518,2022-10-03T00:27:26.702Z,2026-09-25T14:08:58.765Z,6
DEMO-DEV-2466,518,2022-10-04T01:30:05.325Z,2026-09-29T21:42:49.867Z,6
DEMO-DEV-2531,518,2022-10-03T16:08:21.985Z,2026-09-27T20:54:34.556Z,7
DEMO-DEV-2665,518,2022-10-02T15:19:59.591Z,2026-09-29T14:36:02.816Z,6
DEMO-DEV-2692,518,2022-10-01T11:25:21.682Z,2026-09-29T22:25:10.795Z,6
DEMO-DEV-2728,518,2022-10-03T19:39:27.870Z,2026-09-22T07:49:05.027Z,7
DEMO-DEV-2800,518,2022-10-01T21:39:14.851Z,2026-09-30T00:58:29.230Z,7
DEMO-DEV-2931,518,2022-10-03T03:35:20.415Z,2026-09-24T18:38:05.785Z,6
DEMO-DEV-2988,518,2022-10-01T12:47:05.969Z,2026-09-27T10:36:45.365Z,7
DEMO-DEV-2995,518,2022-10-02T13:33:19.968Z,2026-09-29T07:57:38.500Z,7
DEMO-DEV-3030,518,2022-10-01T19:20:56.090Z,2026-09-29T20:54:12.208Z,7
DEMO-DEV-3093,518,2022-10-03T06:40:32.155Z,2026-09-26T23:01:52.929Z,7
DEMO-DEV-3245,518,2022-10-04T00:11:41.500Z,2026-09-29T10:30:43.298Z,6
DEMO-DEV-3246,518,2022-10-02T18:55:55.230Z,2026-09-24T22:44:41.639Z,5
DEMO-DEV-3282,518,2022-10-01T15:10:23.068Z,2026-09-27T10:44:46.403Z,7
DEMO-DEV-3407,518,2022-10-04T11:03:37.391Z,2026-09-27T15:45:31.272Z,7
DEMO-DEV-3543,518,2022-10-08T01:21:21.224Z,2026-09-28T23:34:23.868Z,7
DEMO-DEV-3583,518,2022-10-03T02:09:54.087Z,2026-09-26T09:14:58.250Z,6
DEMO-DEV-3635,518,2022-10-03T00:41:40.390Z,2026-09-29T06:11:04.607Z,7
DEMO-DEV-3703,518,2022-10-01T10:01:32.252Z,2026-09-29T04:54:57.676Z,6
DEMO-DEV-3769,518,2022-10-04T22:27:59.403Z,2026-09-28T01:18:21.929Z,7
DEMO-DEV-3781,518,2022-10-06T18:21:25.877Z,2026-09-25T00:17:15.917Z,6
DEMO-DEV-3834,518,2022-10-02T14:24:59.238Z,2026-09-22T00:25:01.877Z,7
DEMO-DEV-3898,518,2022-10-01T21:56:25.523Z,2026-09-24T12:59:04.368Z,6
DEMO-DEV-3921,518,2022-10-01T10:45:37.969Z,2026-09-29T08:41:21.219Z,6
DEMO-DEV-4002,518,2022-10-10T20:41:29.859Z,2026-09-28T00:37:46.658Z,6
DEMO-DEV-4007,518,2022-10-02T13:32:11.842Z,2026-09-26T07:27:15.409Z,7
DEMO-DEV-4097,518,2022-10-01T19:02:35.782Z,2026-09-28T12:53:57.038Z,7
DEMO-DEV-4325,518,2022-10-02T16:03:19.607Z,2026-09-30T05:27:23.811Z,6
DEMO-DEV-4376,518,2022-10-01T16:37:35.077Z,2026-09-20T15:09:51.879Z,7
DEMO-DEV-4406,518,2022-10-01T11:23:18.442Z,2026-09-28T17:31:13.676Z,6
DEMO-DEV-4550,518,2022-10-09T23:33:19.252Z,2026-09-28T23:51:24.811Z,6
DEMO-DEV-4642,518,2022-10-07T20:31:14.692Z,2026-09-29T20:07:56.203Z,7
DEMO-DEV-4752,518,2022-10-01T23:12:19.120Z,2026-09-27T11:58:54.239Z,6
DEMO-DEV-4858,518,2022-10-01T16:05:38.885Z,2026-09-29T10:31:02.045Z,6
DEMO-DEV-5006,518,2022-10-01T13:06:13.803Z,2026-09-24T14:22:15.929Z,6
DEMO-DEV-5095,518,2022-10-02T21:25:17.354Z,2026-09-24T08:53:11.291Z,6
DEMO-DEV-5116,518,2022-10-04T00:12:24.298Z,2026-09-25T01:28:23.714Z,7
DEMO-DEV-5190,518,2022-10-02T00:34:52.668Z,2026-09-28T13:06:06.836Z,6
DEMO-DEV-5308,518,2022-10-13T10:06:19.252Z,2026-09-30T05:44:49.264Z,7
DEMO-DEV-5325,518,2022-10-02T19:40:39.370Z,2026-09-28T15:55:26.250Z,7
DEMO-DEV-5561,518,2022-10-01T20:20:45.236Z,2026-09-23T04:23:25.914Z,6
DEMO-DEV-5574,518,2022-10-04T07:37:54.037Z,2026-09-29T22:58:39.219Z,7
DEMO-DEV-5614,518,2022-10-01T11:01:26.428Z,2026-09-13T15:59:33.842Z,6
DEMO-DEV-5688,518,2022-10-04T01:31:08.948Z,2026-09-22T05:50:09.666Z,5
DEMO-DEV-5755,518,2022-10-06T10:22:03.370Z,2026-09-30T08:10:05.653Z,7
DEMO-DEV-6004,518,2022-10-02T18:33:49.618Z,2026-09-28T07:32:52.639Z,7
DEMO-DEV-6134,518,2022-10-01T23:18:28.968Z,2026-09-30T07:04:02.868Z,7
DEMO-DEV-6142,518,2022-10-02T19:39:27.992Z,2026-09-27T11:44:12.219Z,6
DEMO-DEV-6167,518,2022-10-01T17:02:16.253Z,2026-09-30T07:38:00.503Z,7
DEMO-DEV-6346,518,2022-10-01T11:15:07.161Z,2026-09-24T09:49:36.370Z,7
DEMO-DEV-6514,518,2022-10-01T16:39:34.806Z,2026-09-28T05:22:17.138Z,7
DEMO-DEV-6522,518,2022-10-05T06:26:00.859Z,2026-09-29T22:17:52.545Z,7
DEMO-DEV-6662,518,2022-10-07T05:11:00.655Z,2026-09-29T10:47:30.370Z,7
DEMO-DEV-6666,518,2022-10-01T15:24:06.846Z,2026-09-28T02:54:35.568Z,6
DEMO-DEV-6686,518,2022-10-02T00:23:50.160Z,2026-09-29T08:35:37.950Z,7
DEMO-DEV-6785,518,2022-10-03T01:37:33.666Z,2026-09-28T02:09:30.865Z,6
DEMO-DEV-6833,518,2022-10-03T09:17:36.015Z,2026-09-28T18:57:40.591Z,6
DEMO-DEV-6859,518,2022-10-02T13:42:18.792Z,2026-09-22T22:07:06.040Z,7
DEMO-DEV-6885,518,2022-10-01T14:24:38.870Z,2026-09-28T05:56:53.605Z,7
DEMO-DEV-6984,518,2022-10-04T15:45:26.357Z,2026-09-28T22:56:16.842Z,7
DEMO-DEV-6994,518,2022-10-03T16:49:04.867Z,2026-09-23T13:22:07.519Z,7
DEMO-DEV-7101,518,2022-10-02T00:21:46.253Z,2026-09-24T14:48:01.226Z,7
DEMO-DEV-7289,518,2022-10-08T14:07:10.307Z,2026-09-29T08:30:53.230Z,7
DEMO-DEV-7315,518,2022-10-04T12:53:40.607Z,2026-09-29T22:54:03.578Z,6
DEMO-DEV-7334,518,2022-10-06T01:59:37.668Z,2026-09-28T01:57:55.527Z,7
DEMO-DEV-7336,518,2022-10-02T05:00:45.224Z,2026-09-28T12:37:44.365Z,6
DEMO-DEV-7344,518,2022-10-02T16:38:52.915Z,2026-09-29T21:31:20.300Z,6
DEMO-DEV-7378,518,2022-10-01T15:17:55.992Z,2026-09-27T06:15:14.618Z,7
DEMO-DEV-7464,518,2022-10-07T00:01:07.993Z,2026-09-24T19:48:34.366Z,7
DEMO-DEV-7576,518,2022-10-02T07:13:45.765Z,2026-09-29T13:54:25.040Z,7
DEMO-DEV-7778,518,2022-10-03T06:16:09.949Z,2026-09-27T00:49:45.519Z,6
DEMO-DEV-7891,518,2022-10-04T08:32:02.203Z,2026-09-24T14:43:42.352Z,7
DEMO-DEV-8037,518,2022-10-04T23:24:35.138Z,2026-09-29T01:18:02.738Z,7
DEMO-DEV-8070,518,2022-10-04T06:07:33.368Z,2026-09-26T13:50:21.824Z,6
DEMO-DEV-8114,518,2022-10-02T08:09:43.785Z,2026-09-30T00:39:00.555Z,7
DEMO-DEV-8129,518,2022-10-02T04:56:23.926Z,2026-09-27T16:47:32.782Z,7
DEMO-DEV-8225,518,2022-10-05T20:07:28.653Z,2026-09-28T10:41:55.976Z,7
DEMO-DEV-8314,518,2022-10-02T21:19:47.873Z,2026-09-22T14:32:32.929Z,7
DEMO-DEV-8384,518,2022-10-01T17:46:50.165Z,2026-09-28T10:19:30.692Z,6
DEMO-DEV-8440,518,2022-10-01T11:39:16.727Z,2026-09-29T23:54:27.015Z,6
DEMO-DEV-8598,518,2022-10-01T21:08:10.987Z,2026-09-30T07:12:25.692Z,7
DEMO-DEV-8708,518,2022-10-02T19:42:05.172Z,2026-09-25T11:52:54.948Z,7
DEMO-DEV-8896,518,2022-10-04T15:57:50.785Z,2026-09-28T18:33:17.225Z,7
DEMO-DEV-8901,518,2022-10-01T10:54:05.799Z,2026-09-28T12:08:22.653Z,7
DEMO-DEV-8930,518,2022-10-02T09:39:33.246Z,2026-09-28T23:13:25.926Z,6
DEMO-DEV-8960,518,2022-10-02T10:45:50.264Z,2026-09-28T02:10:19.688Z,6
DEMO-DEV-9170,518,2022-10-03T03:42:57.591Z,2026-09-23T16:36:10.816Z,6
DEMO-DEV-9221,518,2022-10-04T13:13:35.315Z,2026-09-11T07:03:38.735Z,7
DEMO-DEV-9381,518,2022-10-02T18:31:23.825Z,2026-09-29T17:16:26.287Z,7
DEMO-DEV-9436,518,2022-10-01T13:36:32.842Z,2026-09-28T02:04:40.804Z,7
DEMO-DEV-9444,518,2022-10-01T11:40:04.075Z,2026-09-27T01:23:42.160Z,6
DEMO-DEV-9485,518,2022-10-05T07:54:33.080Z,2026-09-29T16:29:10.352Z,7
DEMO-DEV-9514,518,2022-10-07T08:54:08.397Z,2026-09-26T04:30:45.846Z,7
DEMO-DEV-9525,518,2022-10-01T16:44:33.015Z,2026-09-29T17:52:58.646Z,6
DEMO-DEV-9537,518,2022-10-05T21:02:22.500Z,2026-09-25T10:00:35.161Z,7
DEMO-DEV-9555,518,2022-10-06T14:32:42.120Z,2026-09-28T07:00:58.735Z,6
DEMO-DEV-9570,518,2022-10-11T05:49:43.218Z,2026-09-29T06:52:22.189Z,6
DEMO-DEV-9695,518,2022-10-06T17:54:31.368Z,2026-09-26T20:42:31.443Z,6
DEMO-DEV-9699,518,2022-10-01T23:54:26.004Z,2026-09-29T21:59:37.950Z,7
DEMO-DEV-9803,518,2022-10-01T12:06:53.825Z,2026-09-27T16:36:35.842Z,6
DEMO-DEV-9821,518,2022-10-02T19:58:21.021Z,2026-09-28T23:15:56.976Z,7
DEMO-DEV-9851,518,2022-10-01T19:29:08.778Z,2026-09-29T23:40:54.155Z,6
DEMO-DEV-9865,518,2022-10-03T23:22:17.658Z,2026-09-26T00:55:04.793Z,7
DEMO-DEV-9916,518,2022-10-01T08:39:44.090Z,2026-09-24T21:03:19.806Z,7
DEMO-DEV-0189,517,2022-10-11T11:52:21.655Z,2026-09-29T03:43:27.817Z,7
DEMO-DEV-0195,517,2022-10-02T10:33:48.173Z,2026-09-28T14:26:35.168Z,7
DEMO-DEV-0197,517,2022-10-03T07:56:03.366Z,2026-09-29T17:30:24.836Z,6
DEMO-DEV-0236,517,2022-10-05T18:11:58.073Z,2026-09-30T04:34:11.493Z,7
DEMO-DEV-0273,517,2022-10-04T20:24:46.139Z,2026-09-29T06:35:09.993Z,6
DEMO-DEV-0297,517,2022-10-03T19:11:21.090Z,2026-09-30T06:03:52.204Z,7
DEMO-DEV-0378,517,2022-10-13T09:40:19.192Z,2026-09-27T00:27:51.949Z,7
DEMO-DEV-0418,517,2022-10-03T10:54:00.618Z,2026-09-26T02:33:33.288Z,7
DEMO-DEV-0507,517,2022-10-03T01:45:34.688Z,2026-09-30T00:45:05.409Z,7
DEMO-DEV-0582,517,2022-10-04T05:43:23.004Z,2026-09-28T19:18:05.368Z,6
DEMO-DEV-0617,517,2022-10-05T22:35:17.557Z,2026-09-24T18:31:18.315Z,7
DEMO-DEV-0653,517,2022-10-05T16:23:56.555Z,2026-09-29T21:32:09.038Z,7
DEMO-DEV-0680,517,2022-10-08T14:22:00.307Z,2026-09-27T16:56:06.568Z,7
DEMO-DEV-0817,517,2022-10-01T19:58:13.446Z,2026-09-20T00:08:16.307Z,7
DEMO-DEV-0831,517,2022-10-03T04:07:34.811Z,2026-09-27T19:19:35.949Z,7
DEMO-DEV-0936,517,2022-10-03T04:02:32.167Z,2026-09-29T14:01:17.391Z,6
DEMO-DEV-0993,517,2022-10-03T04:36:13.817Z,2026-09-29T22:47:44.472Z,7
DEMO-DEV-0996,517,2022-10-02T04:56:52.607Z,2026-09-29T03:57:28.591Z,6
DEMO-DEV-1106,517,2022-10-01T10:39:07.612Z,2026-09-28T22:42:40.287Z,5
DEMO-DEV-1256,517,2022-10-03T08:52:56.950Z,2026-09-29T10:33:18.752Z,7
DEMO-DEV-1276,517,2022-10-03T10:21:30.842Z,2026-09-28T23:32:55.519Z,7
DEMO-DEV-1484,517,2022-10-15T17:58:10.719Z,2026-09-28T21:24:30.409Z,6
DEMO-DEV-1567,517,2022-10-02T20:38:04.836Z,2026-09-28T10:30:56.211Z,6
DEMO-DEV-1569,517,2022-10-05T11:30:30.402Z,2026-09-28T10:51:56.816Z,6
DEMO-DEV-1597,517,2022-10-05T08:28:05.806Z,2026-09-29T21:32:04.252Z,6
DEMO-DEV-1661,517,2022-10-01T08:34:16.646Z,2026-09-28T12:46:33.646Z,6
DEMO-DEV-1695,517,2022-10-06T00:46:45.535Z,2026-09-25T06:04:16.867Z,7
DEMO-DEV-1755,517,2022-10-02T07:51:41.985Z,2026-09-29T17:34:37.929Z,6
DEMO-DEV-1858,517,2022-10-03T15:39:22.527Z,2026-09-29T15:03:04.192Z,6
DEMO-DEV-1917,517,2022-10-03T03:25:08.870Z,2026-09-29T21:34:31.503Z,7
DEMO-DEV-1922,517,2022-10-01T12:46:43.315Z,2026-09-29T20:39:48.038Z,7
DEMO-DEV-1988,517,2022-10-01T22:00:17.167Z,2026-09-25T18:27:25.394Z,7
DEMO-DEV-2205,517,2022-10-01T15:31:45.442Z,2026-09-29T03:59:45.160Z,7
DEMO-DEV-2225,517,2022-10-01T08:15:21.614Z,2026-09-30T07:29:26.155Z,6
DEMO-DEV-2234,517,2022-10-05T16:08:52.974Z,2026-09-28T21:52:37.867Z,7
DEMO-DEV-2249,517,2022-10-08T04:29:50.325Z,2026-09-23T18:58:44.038Z,7
DEMO-DEV-2600,517,2022-10-02T04:42:21.038Z,2026-09-25T21:26:53.172Z,7
DEMO-DEV-2778,517,2022-10-04T04:41:30.183Z,2026-09-26T12:24:16.859Z,5
DEMO-DEV-2817,517,2022-10-04T04:03:06.836Z,2026-09-27T13:57:27.752Z,6
DEMO-DEV-2883,517,2022-10-03T05:16:00.688Z,2026-09-28T16:16:01.839Z,6
DEMO-DEV-3153,517,2022-10-04T14:41:48.676Z,2026-09-30T07:36:40.302Z,6
DEMO-DEV-3195,517,2022-10-06T11:53:00.843Z,2026-09-29T20:10:26.337Z,7
DEMO-DEV-3215,517,2022-10-01T16:32:16.038Z,2026-09-30T08:10:22.024Z,7
DEMO-DEV-3314,517,2022-10-02T10:18:46.817Z,2026-09-30T01:25:34.368Z,6
DEMO-DEV-3360,517,2022-10-02T03:57:29.298Z,2026-09-29T17:45:07.272Z,7
DEMO-DEV-3631,517,2022-10-02T04:52:01.443Z,2026-09-28T20:45:36.253Z,7
DEMO-DEV-3637,517,2022-10-05T00:41:05.692Z,2026-09-29T07:25:08.226Z,7
DEMO-DEV-3691,517,2022-10-06T19:02:17.203Z,2026-09-19T15:19:06.014Z,7
DEMO-DEV-3764,517,2022-10-07T11:32:46.738Z,2026-09-27T07:51:11.511Z,6
DEMO-DEV-3837,517,2022-10-05T09:02:31.239Z,2026-09-21T23:31:51.676Z,7
DEMO-DEV-3853,517,2022-10-02T08:59:14.556Z,2026-09-29T15:27:43.929Z,7
DEMO-DEV-3886,517,2022-10-02T03:29:29.221Z,2026-09-30T05:03:43.527Z,7
DEMO-DEV-3925,517,2022-10-02T00:15:28.597Z,2026-09-29T13:52:17.975Z,6
DEMO-DEV-3959,517,2022-10-03T08:33:30.682Z,2026-09-25T18:10:34.189Z,7
DEMO-DEV-3995,517,2022-10-02T05:08:51.470Z,2026-09-30T02:19:17.682Z,6
DEMO-DEV-3999,517,2022-10-01T14:16:51.976Z,2026-09-27T10:45:26.252Z,7
DEMO-DEV-4050,517,2022-10-01T17:45:05.646Z,2026-09-28T10:30:58.298Z,7
DEMO-DEV-4107,517,2022-10-05T02:42:29.842Z,2026-09-29T07:32:52.891Z,6
DEMO-DEV-4130,517,2022-10-05T03:09:21.926Z,2026-09-29T02:39:14.024Z,7
DEMO-DEV-4290,517,2022-10-01T21:37:10.864Z,2026-09-30T07:03:42.735Z,7
DEMO-DEV-4347,517,2022-10-01T21:01:25.555Z,2026-09-30T05:00:01.155Z,7
DEMO-DEV-4352,517,2022-10-04T02:46:09.252Z,2026-09-28T11:24:51.527Z,7
DEMO-DEV-4357,517,2022-10-10T07:14:28.203Z,2026-09-24T14:13:46.352Z,7
DEMO-DEV-4358,517,2022-10-03T10:36:24.785Z,2026-09-28T18:16:44.203Z,7
DEMO-DEV-4366,517,2022-10-02T11:31:42.345Z,2026-09-21T20:45:44.785Z,7
DEMO-DEV-4395,517,2022-10-03T16:00:44.462Z,2026-09-27T04:44:59.026Z,7
DEMO-DEV-4591,517,2022-10-03T03:47:42.605Z,2026-09-26T08:35:17.682Z,7
DEMO-DEV-4637,517,2022-10-07T14:12:26.337Z,2026-09-27T17:33:44.205Z,6
DEMO-DEV-4647,517,2022-10-07T22:26:07.068Z,2026-09-28T08:52:12.446Z,7
DEMO-DEV-4796,517,2022-10-05T05:33:38.795Z,2026-09-26T07:18:31.068Z,7
DEMO-DEV-5065,517,2022-10-02T08:32:39.466Z,2026-09-28T06:38:50.470Z,7
DEMO-DEV-5118,517,2022-10-10T01:03:33.607Z,2026-09-27T15:50:25.123Z,7
DEMO-DEV-5160,517,2022-10-02T02:19:54.568Z,2026-09-28T01:59:06.211Z,7
DEMO-DEV-5220,517,2022-10-04T07:56:07.224Z,2026-09-28T12:52:47.992Z,7
DEMO-DEV-5339,517,2022-10-01T20:59:49.272Z,2026-09-26T10:39:55.219Z,7
DEMO-DEV-5439,517,2022-10-03T11:09:03.337Z,2026-09-26T16:25:55.205Z,7
DEMO-DEV-5512,517,2022-10-01T22:49:28.442Z,2026-09-29T02:26:33.470Z,7
DEMO-DEV-5515,517,2022-10-13T18:16:52.605Z,2026-09-30T07:45:12.948Z,7
DEMO-DEV-5517,517,2022-10-02T09:29:41.319Z,2026-09-29T09:52:36.824Z,7
DEMO-DEV-5523,517,2022-10-01T22:56:32.727Z,2026-09-25T19:46:38.203Z,6
DEMO-DEV-5586,517,2022-10-02T22:54:26.138Z,2026-09-28T07:46:07.846Z,7
DEMO-DEV-5680,517,2022-10-03T06:12:28.839Z,2026-09-25T14:26:43.806Z,7
DEMO-DEV-5682,517,2022-10-02T16:55:43.870Z,2026-09-29T13:48:12.851Z,7
DEMO-DEV-5721,517,2022-10-10T23:42:01.655Z,2026-09-29T12:07:09.655Z,7
DEMO-DEV-5792,517,2022-10-01T13:47:19.075Z,2026-09-25T18:22:04.803Z,6
DEMO-DEV-5839,517,2022-10-01T15:23:22.612Z,2026-09-25T02:09:09.253Z,7
DEMO-DEV-5842,517,2022-10-02T09:59:40.003Z,2026-09-28T21:46:58.370Z,7
DEMO-DEV-5960,517,2022-10-06T12:59:19.337Z,2026-09-29T23:58:54.870Z,7
DEMO-DEV-6011,517,2022-10-06T16:15:13.989Z,2026-09-22T07:35:15.038Z,7
DEMO-DEV-6033,517,2022-10-01T21:54:31.470Z,2026-09-29T15:13:17.976Z,6
DEMO-DEV-6128,517,2022-10-05T06:15:13.037Z,2026-09-28T19:41:45.428Z,7
DEMO-DEV-6170,517,2022-10-01T18:42:56.653Z,2026-09-25T07:45:17.892Z,7
DEMO-DEV-6176,517,2022-10-01T20:18:03.026Z,2026-09-26T06:13:26.172Z,6
DEMO-DEV-6239,517,2022-10-02T04:22:18.661Z,2026-09-26T05:09:41.825Z,6
DEMO-DEV-6527,517,2022-10-01T23:27:01.846Z,2026-09-27T10:54:54.315Z,7
DEMO-DEV-6787,517,2022-10-07T16:03:42.173Z,2026-09-23T00:34:02.038Z,7
DEMO-DEV-6798,517,2022-10-02T04:54:05.040Z,2026-09-21T03:08:22.239Z,6
DEMO-DEV-6924,517,2022-10-02T09:32:41.026Z,2026-09-26T10:49:13.948Z,7
DEMO-DEV-6963,517,2022-10-05T01:33:28.246Z,2026-09-27T03:17:49.354Z,6
DEMO-DEV-7106,517,2022-10-03T01:51:48.472Z,2026-09-28T04:12:13.851Z,7
DEMO-DEV-7157,517,2022-10-02T18:56:27.246Z,2026-09-29T00:45:06.607Z,6
DEMO-DEV-7411,517,2022-10-02T14:32:28.839Z,2026-09-20T06:37:39.120Z,7
DEMO-DEV-7471,517,2022-10-04T21:14:55.702Z,2026-09-30T07:35:48.087Z,7
DEMO-DEV-7491,517,2022-10-12T19:51:55.337Z,2026-09-27T04:13:57.415Z,6
DEMO-DEV-7492,517,2022-10-08T10:06:17.584Z,2026-09-29T19:13:59.003Z,7
DEMO-DEV-7499,517,2022-10-01T16:09:12.799Z,2026-09-29T22:45:29.230Z,6
DEMO-DEV-7501,517,2022-10-01T19:18:29.352Z,2026-09-29T16:06:43.692Z,6
DEMO-DEV-7524,517,2022-10-02T15:48:43.804Z,2026-09-29T18:21:06.803Z,7
DEMO-DEV-7630,517,2022-10-02T05:19:08.676Z,2026-09-29T02:55:13.254Z,6
DEMO-DEV-7782,517,2022-10-03T09:50:08.976Z,2026-09-28T15:40:49.230Z,7
DEMO-DEV-8135,517,2022-10-02T14:49:48.511Z,2026-09-25T18:34:55.806Z,6
DEMO-DEV-8222,517,2022-10-03T19:19:18.264Z,2026-09-25T12:09:14.655Z,6
DEMO-DEV-8224,517,2022-10-03T11:22:04.870Z,2026-09-29T10:52:02.014Z,6
DEMO-DEV-8400,517,2022-10-04T07:27:29.636Z,2026-09-29T20:27:35.211Z,7
DEMO-DEV-8493,517,2022-10-01T13:09:19.234Z,2026-09-23T22:37:57.806Z,7
DEMO-DEV-8501,517,2022-10-01T10:49:09.989Z,2026-09-28T07:26:50.264Z,7
DEMO-DEV-8743,517,2022-10-01T12:23:21.949Z,2026-09-27T01:11:16.224Z,7
DEMO-DEV-8857,517,2022-10-13T21:35:17.239Z,2026-09-27T19:42:44.325Z,6
DEMO-DEV-8878,517,2022-10-23T05:58:44.661Z,2026-09-28T23:41:33.394Z,7
DEMO-DEV-8969,517,2022-10-02T00:00:53.969Z,2026-09-28T18:36:22.230Z,7
DEMO-DEV-9059,517,2022-10-09T13:20:28.692Z,2026-09-28T16:56:28.038Z,7
DEMO-DEV-9189,517,2022-10-02T20:47:50.232Z,2026-09-26T13:51:07.863Z,7
DEMO-DEV-9258,517,2022-10-05T14:49:11.409Z,2026-09-27T21:06:26.839Z,7
DEMO-DEV-9320,517,2022-10-01T14:11:45.236Z,2026-09-27T02:12:47.394Z,7
DEMO-DEV-9407,517,2022-10-02T17:49:36.370Z,2026-09-29T18:23:56.841Z,7
DEMO-DEV-9416,517,2022-10-06T22:51:28.167Z,2026-09-22T07:36:52.668Z,7
DEMO-DEV-9488,517,2022-10-06T01:06:04.929Z,2026-09-28T08:58:42.795Z,7
DEMO-DEV-9563,517,2022-10-08T21:27:23.221Z,2026-09-29T03:51:06.738Z,7
DEMO-DEV-9589,517,2022-10-06T08:00:26.319Z,2026-09-30T01:21:57.989Z,6
DEMO-DEV-9640,517,2022-10-02T14:09:04.224Z,2026-09-30T01:48:15.252Z,7
DEMO-DEV-9692,517,2022-10-02T15:12:23.824Z,2026-09-25T20:58:50.224Z,7
DEMO-DEV-9703,517,2022-10-01T23:28:42.238Z,2026-09-28T09:20:36.817Z,7
DEMO-DEV-9862,517,2022-10-06T14:55:18.976Z,2026-09-30T07:53:44.236Z,7
DEMO-DEV-9885,517,2022-10-08T13:59:58.403Z,2026-09-28T04:47:18.975Z,7
DEMO-DEV-9913,517,2022-10-04T00:29:26.015Z,2026-09-29T22:03:28.993Z,7
DEMO-DEV-0081,516,2022-10-03T04:53:14.873Z,2026-09-27T16:41:13.655Z,7
DEMO-DEV-0270,516,2022-10-02T02:16:54.682Z,2026-09-22T19:28:23.682Z,7
DEMO-DEV-0360,516,2022-10-02T03:47:41.914Z,2026-09-22T09:44:22.666Z,7
DEMO-DEV-0433,516,2022-10-04T22:10:41.865Z,2026-09-30T08:13:04.599Z,7
DEMO-DEV-0491,516,2022-10-04T10:44:40.513Z,2026-09-29T06:10:18.892Z,7
DEMO-DEV-0515,516,2022-10-01T21:16:30.666Z,2026-09-29T15:25:23.824Z,7
DEMO-DEV-0524,516,2022-10-01T13:50:30.387Z,2026-09-17T10:26:42.591Z,7
DEMO-DEV-0558,516,2022-10-08T04:18:20.221Z,2026-09-27T10:23:50.948Z,7
DEMO-DEV-0643,516,2022-10-01T10:26:01.843Z,2026-09-17T02:32:17.470Z,7
DEMO-DEV-0646,516,2022-10-06T06:21:46.778Z,2026-09-18T09:54:54.614Z,7
DEMO-DEV-1064,516,2022-10-02T06:31:03.470Z,2026-09-30T02:14:52.205Z,6
DEMO-DEV-1162,516,2022-10-01T19:08:41.236Z,2026-09-26T22:33:42.455Z,7
DEMO-DEV-1188,516,2022-10-05T22:41:53.239Z,2026-09-28T00:46:13.993Z,7
DEMO-DEV-1336,516,2022-10-10T09:05:28.926Z,2026-09-28T11:39:54.325Z,7
DEMO-DEV-1359,516,2022-10-03T03:00:28.778Z,2026-09-17T20:06:10.239Z,6
DEMO-DEV-1400,516,2022-10-01T15:24:42.710Z,2026-09-30T01:18:01.232Z,6
DEMO-DEV-1471,516,2022-10-03T12:47:09.289Z,2026-09-27T22:47:01.460Z,6
DEMO-DEV-1494,516,2022-10-06T05:46:04.735Z,2026-09-29T22:36:06.063Z,6
DEMO-DEV-1525,516,2022-10-17T19:34:40.172Z,2026-09-28T19:33:22.824Z,7
DEMO-DEV-1571,516,2022-10-04T11:47:37.870Z,2026-09-28T16:17:03.120Z,7
DEMO-DEV-1626,516,2022-10-03T00:55:13.307Z,2026-09-29T03:42:38.612Z,7
DEMO-DEV-1628,516,2022-10-02T06:44:56.354Z,2026-09-23T01:49:05.057Z,7
DEMO-DEV-1732,516,2022-10-07T17:03:43.004Z,2026-09-29T08:31:41.949Z,7
DEMO-DEV-1734,516,2022-10-03T02:42:10.300Z,2026-09-30T03:36:18.460Z,7
DEMO-DEV-1775,516,2022-10-06T06:32:37.014Z,2026-09-28T14:16:21.218Z,6
DEMO-DEV-1930,516,2022-10-01T15:28:55.527Z,2026-09-25T05:25:39.203Z,7
DEMO-DEV-1992,516,2022-10-04T03:33:06.485Z,2026-09-29T09:49:53.470Z,7
DEMO-DEV-2008,516,2022-10-02T06:09:57.865Z,2026-09-23T00:10:40.287Z,6
DEMO-DEV-2052,516,2022-10-01T09:33:05.863Z,2026-09-30T04:53:46.511Z,7
DEMO-DEV-2110,516,2022-10-08T05:03:02.370Z,2026-09-29T12:24:06.302Z,7
DEMO-DEV-2135,516,2022-10-05T20:24:48.817Z,2026-09-18T16:44:54.682Z,7
DEMO-DEV-2169,516,2022-10-03T22:09:10.965Z,2026-09-29T21:56:35.173Z,6
DEMO-DEV-2271,516,2022-10-05T04:17:44.403Z,2026-09-27T23:15:59.024Z,7
DEMO-DEV-2522,516,2022-10-01T14:41:29.302Z,2026-09-22T01:54:10.824Z,7
DEMO-DEV-2601,516,2022-10-06T05:25:12.865Z,2026-09-29T01:50:20.950Z,6
DEMO-DEV-2708,516,2022-10-04T03:15:13.782Z,2026-09-28T15:38:43.795Z,7
DEMO-DEV-2768,516,2022-10-01T09:19:30.014Z,2026-09-26T07:53:39.859Z,7
DEMO-DEV-2789,516,2022-10-04T08:55:37.646Z,2026-09-29T19:16:01.254Z,7
DEMO-DEV-2798,516,2022-10-04T06:37:17.446Z,2026-09-25T16:24:51.969Z,6
DEMO-DEV-2840,516,2022-10-02T00:18:49.884Z,2026-09-29T06:42:55.139Z,6
DEMO-DEV-2848,516,2022-10-03T02:30:06.505Z,2026-09-30T06:01:38.232Z,6
DEMO-DEV-2948,516,2022-10-07T04:49:22.161Z,2026-09-25T09:46:13.315Z,7
DEMO-DEV-2951,516,2022-10-01T21:09:24.300Z,2026-09-29T07:54:40.870Z,6
DEMO-DEV-2986,516,2022-10-05T03:06:59.319Z,2026-09-29T23:00:11.150Z,6
DEMO-DEV-3123,516,2022-10-03T16:56:52.173Z,2026-09-27T21:19:43.370Z,6
DEMO-DEV-3205,516,2022-10-03T23:05:18.319Z,2026-09-24T23:32:50.307Z,7
DEMO-DEV-3257,516,2022-10-06T09:20:36.969Z,2026-09-23T09:13:29.004Z,6
DEMO-DEV-3306,516,2022-10-09T07:25:07.167Z,2026-09-24T01:09:56.816Z,6
DEMO-DEV-3396,516,2022-10-04T15:52:04.841Z,2026-09-27T17:08:16.208Z,7
DEMO-DEV-3425,516,2022-10-01T21:18:09.556Z,2026-09-25T13:39:45.692Z,6
DEMO-DEV-3576,516,2022-10-03T05:57:52.485Z,2026-09-29T04:23:10.021Z,7
DEMO-DEV-3708,516,2022-10-18T18:25:46.287Z,2026-09-30T07:26:33.021Z,7
DEMO-DEV-3823,516,2022-10-01T17:05:02.864Z,2026-09-30T05:12:45.676Z,6
DEMO-DEV-4022,516,2022-10-01T18:18:33.165Z,2026-09-29T04:46:08.024Z,7
DEMO-DEV-4161,516,2022-10-02T06:26:27.023Z,2026-09-30T00:58:27.811Z,6
DEMO-DEV-4183,516,2022-10-07T09:48:45.204Z,2026-09-27T08:47:52.661Z,7
DEMO-DEV-4195,516,2022-10-04T18:44:49.460Z,2026-09-28T08:45:33.123Z,7
DEMO-DEV-4333,516,2022-10-03T15:54:54.976Z,2026-09-25T20:54:23.948Z,6
DEMO-DEV-4478,516,2022-10-21T07:00:44.040Z,2026-09-29T02:15:39.513Z,7
DEMO-DEV-4589,516,2022-10-08T19:33:03.239Z,2026-09-29T16:51:37.795Z,7
DEMO-DEV-4711,516,2022-10-03T15:04:38.472Z,2026-09-25T12:13:24.218Z,6
DEMO-DEV-4842,516,2022-10-03T09:38:07.446Z,2026-09-28T17:54:33.138Z,7
DEMO-DEV-4859,516,2022-10-14T19:37:31.870Z,2026-09-29T01:11:43.785Z,6
DEMO-DEV-4906,516,2022-10-09T17:36:29.442Z,2026-09-22T03:50:41.040Z,7
DEMO-DEV-5075,516,2022-10-04T02:39:51.666Z,2026-09-25T15:13:03.784Z,7
DEMO-DEV-5125,516,2022-10-01T19:39:19.851Z,2026-09-28T23:31:08.204Z,7
DEMO-DEV-5127,516,2022-10-09T11:01:59.917Z,2026-09-29T22:54:50.370Z,7
DEMO-DEV-5289,516,2022-10-03T04:36:09.929Z,2026-09-26T14:11:58.557Z,7
DEMO-DEV-5363,516,2022-10-01T18:52:46.387Z,2026-09-27T12:02:25.867Z,7
DEMO-DEV-5417,516,2022-10-13T21:03:26.929Z,2026-09-28T21:56:00.015Z,7
DEMO-DEV-5559,516,2022-10-02T08:27:13.863Z,2026-09-24T14:58:49.989Z,6
DEMO-DEV-5715,516,2022-10-04T02:01:02.817Z,2026-09-28T05:14:08.765Z,7
DEMO-DEV-5894,516,2022-10-08T08:52:30.472Z,2026-09-25T05:13:53.975Z,7
DEMO-DEV-5902,516,2022-10-03T14:18:36.806Z,2026-09-28T04:58:04.319Z,6
DEMO-DEV-6060,516,2022-10-03T13:33:09.090Z,2026-09-21T22:40:45.817Z,7
DEMO-DEV-6084,516,2022-10-03T01:17:08.639Z,2026-09-28T23:47:41.023Z,7
DEMO-DEV-6175,516,2022-10-09T05:05:09.038Z,2026-09-29T17:46:40.302Z,6
DEMO-DEV-6302,516,2022-10-06T06:08:50.519Z,2026-09-30T02:49:06.867Z,7
DEMO-DEV-6391,516,2022-10-03T17:10:25.068Z,2026-09-29T01:06:36.868Z,6
DEMO-DEV-6404,516,2022-10-10T01:33:03.394Z,2026-09-22T15:38:52.913Z,6
DEMO-DEV-6407,516,2022-10-03T06:56:39.027Z,2026-09-29T18:51:12.289Z,7
DEMO-DEV-6525,516,2022-10-02T13:28:34.811Z,2026-09-30T04:37:41.929Z,7
DEMO-DEV-6582,516,2022-10-03T05:56:48.189Z,2026-09-26T03:53:51.765Z,7
DEMO-DEV-6708,516,2022-10-02T10:04:51.599Z,2026-09-28T20:55:28.503Z,6
DEMO-DEV-6733,516,2022-10-03T12:59:53.470Z,2026-09-28T00:19:24.688Z,7
DEMO-DEV-6811,516,2022-10-03T10:42:00.221Z,2026-09-25T20:51:31.646Z,6
DEMO-DEV-6841,516,2022-10-01T09:36:15.784Z,2026-09-25T12:38:55.026Z,7
DEMO-DEV-6869,516,2022-10-03T09:53:59.472Z,2026-09-30T03:56:55.040Z,7
DEMO-DEV-6983,516,2022-10-03T15:30:19.658Z,2026-09-27T06:40:46.793Z,6
DEMO-DEV-7017,516,2022-10-02T07:02:16.077Z,2026-09-24T01:47:37.989Z,7
DEMO-DEV-7038,516,2022-10-10T10:48:44.460Z,2026-09-24T15:42:06.811Z,7
DEMO-DEV-7090,516,2022-10-10T18:09:16.676Z,2026-09-29T02:06:40.864Z,7
DEMO-DEV-7097,516,2022-10-04T18:51:25.646Z,2026-09-21T18:38:10.189Z,6
DEMO-DEV-7123,516,2022-10-02T20:36:11.307Z,2026-09-30T01:27:11.639Z,7
DEMO-DEV-7138,516,2022-10-03T23:39:26.948Z,2026-09-26T17:41:55.803Z,7
DEMO-DEV-7179,516,2022-10-05T03:03:35.239Z,2026-09-27T07:06:01.859Z,7
DEMO-DEV-7377,516,2022-10-02T15:58:12.914Z,2026-09-27T07:00:44.655Z,7
DEMO-DEV-7540,516,2022-10-02T18:44:11.754Z,2026-09-30T00:50:40.189Z,7
DEMO-DEV-7667,516,2022-10-01T15:33:13.428Z,2026-09-29T11:27:21.218Z,7
DEMO-DEV-7678,516,2022-10-02T12:45:50.139Z,2026-09-29T12:50:02.666Z,6
DEMO-DEV-7806,516,2022-10-03T06:22:47.365Z,2026-09-30T06:32:00.500Z,7
DEMO-DEV-7837,516,2022-10-04T05:46:11.688Z,2026-09-28T11:29:31.403Z,7
DEMO-DEV-7873,516,2022-10-02T11:38:47.307Z,2026-09-29T20:59:46.752Z,6
DEMO-DEV-7874,516,2022-10-06T07:34:02.302Z,2026-09-26T19:59:30.556Z,7
DEMO-DEV-7921,516,2022-10-02T02:44:56.288Z,2026-09-27T14:35:07.864Z,7
DEMO-DEV-8062,516,2022-10-02T16:32:06.885Z,2026-09-28T12:09:07.238Z,7
DEMO-DEV-8130,516,2022-10-01T14:54:03.189Z,2026-09-28T13:01:07.618Z,6
DEMO-DEV-8238,516,2022-10-04T20:29:36.803Z,2026-09-25T17:33:46.150Z,7
DEMO-DEV-8298,516,2022-10-01T16:47:26.929Z,2026-09-24T13:45:12.134Z,7
DEMO-DEV-8426,516,2022-10-02T01:19:19.250Z,2026-09-28T19:09:38.658Z,6
DEMO-DEV-8451,516,2022-10-11T15:12:33.597Z,2026-09-30T01:07:44.221Z,7
DEMO-DEV-8546,516,2022-10-05T11:26:21.289Z,2026-09-29T22:29:22.804Z,6
DEMO-DEV-8622,516,2022-10-02T08:58:21.859Z,2026-09-24T22:15:53.003Z,7
DEMO-DEV-8700,516,2022-10-02T06:52:56.192Z,2026-09-28T21:43:53.268Z,7
DEMO-DEV-8770,516,2022-10-01T15:36:24.203Z,2026-09-25T23:16:36.224Z,7
DEMO-DEV-8791,516,2022-10-06T04:00:54.319Z,2026-09-27T10:14:48.205Z,7
DEMO-DEV-8805,516,2022-10-03T15:43:52.402Z,2026-09-27T16:47:39.914Z,7
DEMO-DEV-8993,516,2022-10-03T04:55:58.236Z,2026-09-27T23:51:04.168Z,7
DEMO-DEV-9002,516,2022-10-01T17:34:06.655Z,2026-09-19T04:46:45.926Z,7
DEMO-DEV-9076,516,2022-10-08T23:37:24.786Z,2026-09-26T20:27:12.446Z,6
DEMO-DEV-9098,516,2022-10-03T13:39:16.793Z,2026-09-28T11:09:45.021Z,7
DEMO-DEV-9112,516,2022-10-16T09:24:22.926Z,2026-09-26T12:26:24.370Z,6
DEMO-DEV-9157,516,2022-10-13T16:28:02.870Z,2026-09-22T09:38:33.661Z,7
DEMO-DEV-9199,516,2022-10-12T13:39:32.123Z,2026-09-24T07:45:05.230Z,7
DEMO-DEV-9324,516,2022-10-01T23:21:25.024Z,2026-09-30T08:06:57.090Z,6
DEMO-DEV-9535,516,2022-10-04T23:26:16.817Z,2026-09-29T12:04:13.926Z,6
DEMO-DEV-9737,516,2022-10-07T10:06:23.302Z,2026-09-29T10:06:26.470Z,7
DEMO-DEV-9741,516,2022-10-02T04:33:59.254Z,2026-09-26T14:21:16.038Z,6
DEMO-DEV-9775,516,2022-10-01T15:50:10.754Z,2026-09-28T05:54:17.272Z,7
DEMO-DEV-9859,516,2022-10-04T11:13:35.676Z,2026-09-25T14:03:06.397Z,7
DEMO-DEV-9861,516,2022-10-01T23:56:50.134Z,2026-09-25T16:24:29.428Z,7
DEMO-DEV-0041,515,2022-10-03T07:58:30.966Z,2026-09-26T18:02:01.811Z,7
DEMO-DEV-0075,515,2022-10-02T05:49:09.155Z,2026-09-30T00:31:22.719Z,6
DEMO-DEV-0114,515,2022-10-02T17:51:56.682Z,2026-09-17T16:35:50.658Z,6
DEMO-DEV-0199,515,2022-10-03T08:00:58.913Z,2026-09-21T15:08:46.806Z,7
DEMO-DEV-0272,515,2022-10-01T16:33:34.319Z,2026-09-25T20:59:06.782Z,6
DEMO-DEV-0409,515,2022-10-01T15:20:30.428Z,2026-09-29T06:54:50.352Z,7
DEMO-DEV-0443,515,2022-10-20T03:57:39.653Z,2026-09-29T07:18:45.021Z,7
DEMO-DEV-0463,515,2022-10-02T10:33:23.989Z,2026-09-30T01:47:49.366Z,7
DEMO-DEV-0511,515,2022-10-06T06:37:34.387Z,2026-09-30T08:03:35.892Z,7
DEMO-DEV-0555,515,2022-10-04T13:05:45.599Z,2026-09-28T02:17:40.319Z,6
DEMO-DEV-0579,515,2022-10-03T04:43:51.877Z,2026-09-22T10:57:18.500Z,7
DEMO-DEV-0619,515,2022-10-02T10:02:37.891Z,2026-09-23T01:18:57.443Z,7
DEMO-DEV-0673,515,2022-10-08T01:07:42.236Z,2026-09-28T00:54:14.224Z,6
DEMO-DEV-0674,515,2022-10-03T13:19:29.038Z,2026-09-26T15:50:58.080Z,7
DEMO-DEV-0677,515,2022-10-02T12:04:35.246Z,2026-09-29T10:19:23.710Z,7
DEMO-DEV-0732,515,2022-10-03T07:59:50.397Z,2026-09-21T08:37:08.173Z,7
DEMO-DEV-0742,515,2022-10-06T06:56:01.366Z,2026-09-25T21:18:43.027Z,6
DEMO-DEV-0780,515,2022-10-13T16:04:30.714Z,2026-09-18T03:33:47.021Z,6
DEMO-DEV-0862,515,2022-10-03T07:00:26.666Z,2026-09-23T23:57:47.859Z,6
DEMO-DEV-0871,515,2022-10-08T10:38:28.765Z,2026-09-30T05:48:33.865Z,7
DEMO-DEV-0880,515,2022-10-01T16:35:16.591Z,2026-09-23T11:07:03.817Z,7
DEMO-DEV-0903,515,2022-10-04T11:26:44.236Z,2026-09-29T02:51:34.167Z,7
DEMO-DEV-0991,515,2022-10-09T07:07:11.232Z,2026-09-29T16:48:45.026Z,7
DEMO-DEV-1008,515,2022-10-01T11:36:54.161Z,2026-09-28T12:35:18.165Z,7
DEMO-DEV-1078,515,2022-10-01T13:01:11.189Z,2026-09-28T22:49:41.692Z,7
DEMO-DEV-1196,515,2022-10-05T20:12:50.795Z,2026-09-27T02:21:43.232Z,7
DEMO-DEV-1229,515,2022-10-03T03:13:32.026Z,2026-09-29T01:25:33.778Z,7
DEMO-DEV-1361,515,2022-10-02T22:35:02.219Z,2026-09-30T07:22:10.462Z,7
DEMO-DEV-1489,515,2022-10-03T03:54:39.472Z,2026-09-28T22:13:53.752Z,7
DEMO-DEV-1791,515,2022-10-02T01:58:42.397Z,2026-09-29T05:21:30.556Z,6
DEMO-DEV-1800,515,2022-10-03T12:19:05.816Z,2026-09-24T08:58:05.252Z,6
DEMO-DEV-1877,515,2022-10-02T00:51:07.218Z,2026-09-21T11:44:33.003Z,5
DEMO-DEV-1947,515,2022-10-02T09:50:24.968Z,2026-09-26T08:30:33.738Z,7
DEMO-DEV-1960,515,2022-10-04T01:36:09.167Z,2026-09-26T03:36:34.917Z,7
DEMO-DEV-1963,515,2022-10-03T06:31:36.224Z,2026-09-27T09:06:02.646Z,7
DEMO-DEV-1975,515,2022-10-05T08:37:01.368Z,2026-09-29T05:58:54.929Z,7
DEMO-DEV-2098,515,2022-10-17T02:03:07.974Z,2026-09-25T22:58:03.778Z,6
DEMO-DEV-2213,515,2022-10-03T03:39:13.415Z,2026-09-27T14:52:08.524Z,6
DEMO-DEV-2224,515,2022-10-07T10:22:30.204Z,2026-09-29T09:25:13.226Z,6
DEMO-DEV-2239,515,2022-10-03T21:58:59.599Z,2026-09-27T23:25:19.841Z,7
DEMO-DEV-2338,515,2022-10-02T20:08:38.555Z,2026-09-29T21:43:50.230Z,6
DEMO-DEV-2369,515,2022-10-01T17:24:10.168Z,2026-09-26T15:12:19.817Z,7
DEMO-DEV-2652,515,2022-10-01T16:30:18.692Z,2026-09-26T22:02:09.221Z,6
DEMO-DEV-2655,515,2022-10-07T16:38:57.965Z,2026-09-26T03:51:57.885Z,7
DEMO-DEV-2704,515,2022-10-02T12:26:49.782Z,2026-09-30T08:04:21.926Z,7
DEMO-DEV-2839,515,2022-10-02T02:47:42.527Z,2026-09-28T00:42:15.926Z,7
DEMO-DEV-3024,515,2022-10-10T11:47:49.068Z,2026-09-24T13:29:53.618Z,6
DEMO-DEV-3115,515,2022-10-02T04:45:35.308Z,2026-09-21T13:44:59.803Z,7
DEMO-DEV-3286,515,2022-10-03T03:31:52.648Z,2026-09-26T20:38:45.470Z,6
DEMO-DEV-3436,515,2022-10-01T19:08:25.357Z,2026-09-27T18:34:48.167Z,7
DEMO-DEV-3442,515,2022-10-03T07:32:41.917Z,2026-09-28T04:18:51.968Z,7
DEMO-DEV-3481,515,2022-10-05T11:47:28.485Z,2026-09-28T06:55:56.287Z,7
DEMO-DEV-3533,515,2022-10-05T00:20:20.976Z,2026-09-19T18:02:49.173Z,6
DEMO-DEV-3627,515,2022-10-02T19:44:36.023Z,2026-09-29T22:44:58.556Z,7
DEMO-DEV-3641,515,2022-10-04T05:08:06.138Z,2026-09-25T12:47:15.225Z,6
DEMO-DEV-3754,515,2022-10-03T04:49:17.639Z,2026-09-29T06:47:10.839Z,6
DEMO-DEV-3969,515,2022-10-01T22:25:16.291Z,2026-09-29T22:53:56.735Z,7
DEMO-DEV-3988,515,2022-10-01T13:59:13.607Z,2026-09-24T20:57:44.300Z,7
DEMO-DEV-3997,515,2022-10-15T17:18:13.799Z,2026-09-27T06:06:23.219Z,7
DEMO-DEV-4005,515,2022-10-06T13:42:23.222Z,2026-09-23T17:14:18.792Z,7
DEMO-DEV-4059,515,2022-10-01T11:43:15.460Z,2026-09-28T21:34:38.545Z,7
DEMO-DEV-4143,515,2022-10-03T10:34:34.968Z,2026-09-29T05:32:51.929Z,7
DEMO-DEV-4148,515,2022-10-04T15:12:04.786Z,2026-09-29T01:50:19.370Z,7
DEMO-DEV-4172,515,2022-10-03T18:21:20.192Z,2026-09-27T17:26:54.300Z,7
DEMO-DEV-4240,515,2022-10-04T19:15:45.535Z,2026-09-29T05:37:01.403Z,6
DEMO-DEV-4281,515,2022-10-04T18:10:49.205Z,2026-09-27T11:09:06.428Z,7
DEMO-DEV-4284,515,2022-10-02T06:03:53.289Z,2026-09-29T20:33:32.738Z,7
DEMO-DEV-4435,515,2022-10-04T22:27:02.752Z,2026-09-28T23:35:04.879Z,6
DEMO-DEV-4463,515,2022-10-05T17:18:31.597Z,2026-09-28T19:41:30.778Z,6
DEMO-DEV-4476,515,2022-10-03T01:20:45.264Z,2026-09-26T23:58:40.138Z,7
DEMO-DEV-4656,515,2022-10-03T00:10:05.816Z,2026-09-27T07:58:32.428Z,7
DEMO-DEV-4672,515,2022-10-02T15:06:30.222Z,2026-09-19T07:48:18.246Z,7
DEMO-DEV-4736,515,2022-10-02T20:23:20.754Z,2026-09-30T05:11:39.688Z,6
DEMO-DEV-4783,515,2022-10-03T01:24:39.618Z,2026-09-29T19:21:25.254Z,7
DEMO-DEV-4816,515,2022-10-03T10:00:25.037Z,2026-09-24T15:18:51.500Z,6
DEMO-DEV-4827,515,2022-10-02T11:48:21.230Z,2026-09-25T08:00:23.307Z,6
DEMO-DEV-5019,515,2022-10-04T09:45:39.865Z,2026-09-28T08:18:29.870Z,6
DEMO-DEV-5033,515,2022-10-02T15:24:12.778Z,2026-09-29T17:11:43.842Z,7
DEMO-DEV-5062,515,2022-10-02T09:00:27.804Z,2026-09-28T15:02:57.591Z,6
DEMO-DEV-5202,515,2022-10-06T06:34:36.428Z,2026-09-24T04:14:05.319Z,6
DEMO-DEV-5789,515,2022-10-01T23:43:52.511Z,2026-09-26T09:56:06.493Z,7
DEMO-DEV-5811,515,2022-10-03T05:56:48.442Z,2026-09-25T15:28:05.646Z,7
DEMO-DEV-5872,515,2022-10-01T20:00:46.612Z,2026-09-29T04:06:47.315Z,6
DEMO-DEV-5891,515,2022-10-02T13:34:00.702Z,2026-09-24T03:38:48.666Z,7
DEMO-DEV-5895,515,2022-10-04T01:18:35.134Z,2026-09-29T18:39:32.863Z,6
DEMO-DEV-5926,515,2022-10-01T23:20:12.846Z,2026-09-29T02:10:12.403Z,6
DEMO-DEV-5999,515,2022-10-08T00:11:18.968Z,2026-09-25T04:36:22.884Z,7
DEMO-DEV-6125,515,2022-10-03T16:41:15.792Z,2026-09-29T13:26:35.658Z,7
DEMO-DEV-6299,515,2022-10-03T15:16:29.648Z,2026-09-22T22:50:10.252Z,6
DEMO-DEV-6308,515,2022-10-03T22:14:52.138Z,2026-09-29T01:13:11.394Z,6
DEMO-DEV-6328,515,2022-10-03T02:23:13.165Z,2026-09-29T12:34:48.160Z,7
DEMO-DEV-6434,515,2022-10-02T11:10:07.710Z,2026-09-26T17:35:29.778Z,7
DEMO-DEV-6439,515,2022-10-02T06:39:59.466Z,2026-09-29T04:46:13.926Z,6
DEMO-DEV-6543,515,2022-10-03T02:03:15.975Z,2026-09-29T18:50:17.190Z,6
DEMO-DEV-6578,515,2022-10-02T16:24:16.682Z,2026-09-21T01:26:59.618Z,6
DEMO-DEV-6814,515,2022-10-05T01:27:44.851Z,2026-09-20T05:15:16.545Z,7
DEMO-DEV-6925,515,2022-10-03T02:18:50.014Z,2026-09-30T02:33:46.352Z,7
DEMO-DEV-7012,515,2022-10-02T03:17:42.172Z,2026-09-27T03:38:40.345Z,6
DEMO-DEV-7129,515,2022-10-07T08:20:39.811Z,2026-09-25T15:11:50.803Z,6
DEMO-DEV-7200,515,2022-10-03T15:53:11.246Z,2026-09-29T18:52:48.319Z,7
DEMO-DEV-7231,515,2022-10-02T23:28:23.524Z,2026-09-23T18:02:49.366Z,7
DEMO-DEV-7248,515,2022-10-05T05:50:14.969Z,2026-09-24T11:59:47.926Z,7
DEMO-DEV-7736,515,2022-10-03T22:04:15.915Z,2026-09-27T23:28:15.618Z,7
DEMO-DEV-7804,515,2022-10-05T12:22:07.172Z,2026-09-24T19:33:50.655Z,7
DEMO-DEV-7808,515,2022-10-13T08:52:02.859Z,2026-09-30T01:08:12.232Z,7
DEMO-DEV-8110,515,2022-10-03T05:42:01.236Z,2026-09-29T15:31:23.221Z,7
DEMO-DEV-8122,515,2022-10-01T21:25:33.702Z,2026-09-29T04:46:17.403Z,7
DEMO-DEV-8179,515,2022-10-03T05:01:38.975Z,2026-09-23T07:22:10.591Z,7
DEMO-DEV-8183,515,2022-10-02T20:42:27.527Z,2026-09-30T01:52:37.239Z,7
DEMO-DEV-8239,515,2022-10-01T20:00:01.254Z,2026-09-25T19:02:59.219Z,7
DEMO-DEV-8385,515,2022-10-02T23:48:27.403Z,2026-09-25T23:05:19.037Z,7
DEMO-DEV-8579,515,2022-10-02T17:50:02.027Z,2026-09-27T17:12:16.190Z,7
DEMO-DEV-8698,515,2022-10-03T14:34:15.219Z,2026-09-28T10:41:48.676Z,7
DEMO-DEV-8745,515,2022-10-02T22:24:02.985Z,2026-09-28T07:39:16.222Z,7
DEMO-DEV-8837,515,2022-10-02T16:54:54.368Z,2026-09-30T04:07:33.948Z,7
DEMO-DEV-8926,515,2022-10-01T18:31:35.614Z,2026-09-23T09:55:06.537Z,7
DEMO-DEV-9134,515,2022-10-12T00:47:42.892Z,2026-09-29T04:27:22.913Z,7
DEMO-DEV-9156,515,2022-10-02T03:57:48.865Z,2026-09-24T09:57:19.391Z,7
DEMO-DEV-9177,515,2022-10-02T07:06:18.929Z,2026-09-25T05:50:07.612Z,6
DEMO-DEV-9233,515,2022-10-02T01:12:35.403Z,2026-09-29T22:25:48.403Z,7
DEMO-DEV-9240,515,2022-10-03T18:02:53.754Z,2026-09-25T16:37:40.752Z,7
DEMO-DEV-9260,515,2022-10-01T21:35:27.974Z,2026-09-22T00:11:23.974Z,7
DEMO-DEV-9298,515,2022-10-06T00:10:51.189Z,2026-09-30T07:30:57.203Z,6
DEMO-DEV-9375,515,2022-10-03T08:37:32.272Z,2026-09-24T04:57:57.865Z,6
DEMO-DEV-9423,515,2022-10-02T01:29:20.192Z,2026-09-26T04:09:09.443Z,7
DEMO-DEV-9452,515,2022-10-01T09:53:49.784Z,2026-09-22T13:37:35.655Z,7
DEMO-DEV-9559,515,2022-10-02T04:41:47.470Z,2026-09-20T17:50:28.120Z,7
DEMO-DEV-9673,515,2022-10-02T06:46:10.584Z,2026-09-27T18:10:51.238Z,7
DEMO-DEV-9910,515,2022-10-01T15:29:21.442Z,2026-09-28T20:43:06.472Z,7
DEMO-DEV-0160,514,2022-10-05T03:15:16.870Z,2026-09-28T03:01:55.428Z,6
DEMO-DEV-0316,514,2022-10-04T22:17:50.205Z,2026-09-25T09:27:39.337Z,7
DEMO-DEV-0352,514,2022-10-02T19:44:04.319Z,2026-09-29T01:03:32.841Z,7
DEMO-DEV-0365,514,2022-10-08T21:14:07.232Z,2026-09-30T04:20:58.868Z,7
DEMO-DEV-0390,514,2022-10-01T10:14:35.754Z,2026-09-24T18:31:43.811Z,7
DEMO-DEV-0421,514,2022-10-09T20:16:05.037Z,2026-09-29T06:23:33.038Z,7
DEMO-DEV-0490,514,2022-10-01T14:25:15.134Z,2026-09-25T18:04:57.428Z,7
DEMO-DEV-0526,514,2022-10-02T12:00:45.867Z,2026-09-27T21:50:04.639Z,7
DEMO-DEV-0616,514,2022-10-01T21:03:13.173Z,2026-09-26T15:34:32.668Z,7
DEMO-DEV-0763,514,2022-10-01T12:49:28.968Z,2026-09-30T07:29:06.134Z,7
DEMO-DEV-0930,514,2022-10-01T13:21:25.139Z,2026-09-28T11:20:35.232Z,7
DEMO-DEV-0952,514,2022-10-11T08:53:24.877Z,2026-09-29T10:22:46.203Z,7
DEMO-DEV-1005,514,2022-10-02T04:28:08.661Z,2026-09-29T08:12:15.397Z,7
DEMO-DEV-1033,514,2022-10-01T09:24:12.345Z,2026-09-29T13:16:00.024Z,6
DEMO-DEV-1050,514,2022-10-10T08:45:15.738Z,2026-09-30T08:03:30.870Z,7
DEMO-DEV-1065,514,2022-10-01T09:43:14.792Z,2026-09-26T20:33:36.884Z,6
DEMO-DEV-1099,514,2022-10-03T10:24:16.915Z,2026-09-30T04:43:52.859Z,7
DEMO-DEV-1163,514,2022-10-03T08:16:36.232Z,2026-09-29T10:15:27.455Z,7
DEMO-DEV-1227,514,2022-10-08T05:55:21.120Z,2026-09-29T02:35:30.915Z,7
DEMO-DEV-1250,514,2022-10-02T02:15:20.597Z,2026-09-29T21:43:58.168Z,7
DEMO-DEV-1356,514,2022-10-10T22:23:17.462Z,2026-09-29T06:31:17.189Z,7
DEMO-DEV-1495,514,2022-10-03T12:49:41.370Z,2026-09-29T17:23:12.264Z,6
DEMO-DEV-1599,514,2022-10-05T00:12:16.409Z,2026-09-28T22:53:41.989Z,6
DEMO-DEV-1810,514,2022-10-05T04:33:58.239Z,2026-09-29T17:01:01.682Z,6
DEMO-DEV-1847,514,2022-10-01T18:09:19.968Z,2026-09-29T06:30:34.676Z,6
DEMO-DEV-1849,514,2022-10-05T04:00:18.087Z,2026-09-28T07:19:58.799Z,6
DEMO-DEV-2026,514,2022-10-08T10:28:59.555Z,2026-09-28T09:49:01.040Z,7
DEMO-DEV-2123,514,2022-10-03T00:40:52.692Z,2026-09-26T19:24:29.974Z,6
DEMO-DEV-2192,514,2022-10-01T09:10:57.929Z,2026-09-30T05:37:03.868Z,6
DEMO-DEV-2201,514,2022-10-09T10:31:13.816Z,2026-09-26T22:41:40.870Z,7
DEMO-DEV-2218,514,2022-10-04T05:05:10.003Z,2026-09-30T00:23:02.976Z,5
DEMO-DEV-2263,514,2022-10-09T08:54:44.226Z,2026-09-30T01:23:56.817Z,6
DEMO-DEV-2378,514,2022-10-03T21:56:00.735Z,2026-09-26T17:13:11.668Z,6
DEMO-DEV-2503,514,2022-10-06T18:28:43.023Z,2026-09-28T12:04:46.666Z,7
DEMO-DEV-2524,514,2022-10-04T02:53:41.211Z,2026-09-17T03:06:54.535Z,7
DEMO-DEV-2576,514,2022-10-05T18:19:52.134Z,2026-09-22T13:47:51.090Z,7
DEMO-DEV-2613,514,2022-10-03T00:36:29.914Z,2026-09-25T10:05:19.038Z,7
DEMO-DEV-2634,514,2022-10-09T07:30:41.591Z,2026-09-29T23:26:44.472Z,7
DEMO-DEV-2783,514,2022-10-02T00:12:29.236Z,2026-09-28T06:54:34.799Z,7
DEMO-DEV-2801,514,2022-10-02T21:45:58.236Z,2026-09-30T06:55:43.239Z,7
DEMO-DEV-2958,514,2022-10-03T09:31:58.192Z,2026-09-25T22:36:58.466Z,6
DEMO-DEV-3015,514,2022-10-09T07:03:34.368Z,2026-09-29T21:53:45.968Z,7
DEMO-DEV-3092,514,2022-10-02T09:40:36.612Z,2026-09-30T04:43:42.038Z,6
DEMO-DEV-3137,514,2022-10-21T00:54:07.597Z,2026-09-25T10:21:24.037Z,7
DEMO-DEV-3274,514,2022-10-02T01:03:24.870Z,2026-09-28T06:19:19.505Z,7
DEMO-DEV-3283,514,2022-10-03T02:07:33.738Z,2026-09-30T05:37:40.218Z,7
DEMO-DEV-3299,514,2022-10-01T08:23:27.428Z,2026-09-26T09:29:28.442Z,7
DEMO-DEV-3309,514,2022-10-02T10:01:49.204Z,2026-09-25T10:18:45.865Z,7
DEMO-DEV-3472,514,2022-10-02T22:44:37.948Z,2026-09-23T19:26:17.655Z,7
DEMO-DEV-3505,514,2022-10-04T17:54:26.692Z,2026-09-28T04:56:00.225Z,6
DEMO-DEV-3572,514,2022-10-04T02:30:24.555Z,2026-09-29T10:55:01.505Z,7
DEMO-DEV-3640,514,2022-10-02T16:30:18.167Z,2026-09-20T19:11:20.682Z,6
DEMO-DEV-3666,514,2022-10-03T15:09:57.221Z,2026-09-30T06:06:23.165Z,7
DEMO-DEV-3947,514,2022-10-04T00:39:54.370Z,2026-09-27T10:27:25.799Z,7
DEMO-DEV-4360,514,2022-10-02T12:16:53.390Z,2026-09-30T06:29:58.584Z,6
DEMO-DEV-4394,514,2022-10-17T03:31:24.225Z,2026-09-27T16:21:48.648Z,7
DEMO-DEV-4475,514,2022-10-02T22:42:39.307Z,2026-09-29T20:45:08.975Z,7
DEMO-DEV-4484,514,2022-10-04T14:13:25.556Z,2026-09-28T20:31:44.443Z,6
DEMO-DEV-4545,514,2022-10-04T07:19:49.057Z,2026-09-28T10:19:12.224Z,7
DEMO-DEV-4568,514,2022-10-01T15:44:29.535Z,2026-09-28T15:10:02.370Z,7
DEMO-DEV-4687,514,2022-10-04T21:01:22.710Z,2026-09-30T01:06:34.719Z,6
DEMO-DEV-4705,514,2022-10-04T09:31:50.040Z,2026-09-25T06:13:41.989Z,7
DEMO-DEV-4761,514,2022-10-02T01:17:50.648Z,2026-09-29T11:45:53.816Z,7
DEMO-DEV-4774,514,2022-10-02T02:09:06.648Z,2026-09-24T16:07:54.040Z,6
DEMO-DEV-4847,514,2022-10-01T10:13:04.300Z,2026-09-30T07:07:03.123Z,7
DEMO-DEV-4851,514,2022-10-01T14:20:27.264Z,2026-09-28T09:31:57.319Z,6
DEMO-DEV-4901,514,2022-10-09T09:16:31.785Z,2026-09-27T02:03:58.556Z,7
DEMO-DEV-4935,514,2022-10-02T05:22:46.409Z,2026-09-28T01:35:12.442Z,7
DEMO-DEV-5096,514,2022-10-03T21:28:51.658Z,2026-09-23T15:38:48.836Z,7
DEMO-DEV-5194,514,2022-10-04T05:53:50.692Z,2026-09-27T04:30:59.460Z,7
DEMO-DEV-5235,514,2022-10-06T14:35:32.026Z,2026-09-29T17:47:54.264Z,7
DEMO-DEV-5256,514,2022-10-05T07:33:02.836Z,2026-09-29T18:07:02.134Z,7
DEMO-DEV-5347,514,2022-10-02T13:41:57.591Z,2026-09-25T02:37:25.172Z,7
DEMO-DEV-5367,514,2022-10-02T03:35:29.428Z,2026-09-26T07:30:58.846Z,7
DEMO-DEV-5379,514,2022-10-03T03:18:59.460Z,2026-09-25T15:42:21.578Z,7
DEMO-DEV-5516,514,2022-10-05T10:37:15.236Z,2026-09-30T05:51:40.370Z,7
DEMO-DEV-5605,514,2022-10-02T05:52:27.250Z,2026-09-28T02:27:46.357Z,6
DEMO-DEV-5664,514,2022-10-05T09:45:20.884Z,2026-09-28T05:04:40.929Z,7
DEMO-DEV-5760,514,2022-10-01T20:12:45.073Z,2026-09-21T08:36:07.974Z,7
DEMO-DEV-5834,514,2022-10-16T09:38:36.368Z,2026-09-26T11:38:49.727Z,7
DEMO-DEV-5886,514,2022-10-06T21:30:54.287Z,2026-09-29T19:59:47.268Z,7
DEMO-DEV-6015,514,2022-10-02T15:44:12.816Z,2026-09-25T12:27:18.302Z,6
DEMO-DEV-6058,514,2022-10-01T13:49:16.556Z,2026-09-29T18:09:40.387Z,7
DEMO-DEV-6085,514,2022-10-12T11:17:29.370Z,2026-09-25T14:37:54.352Z,6
DEMO-DEV-6094,514,2022-10-08T08:42:07.254Z,2026-09-27T23:29:06.841Z,6
DEMO-DEV-6118,514,2022-10-03T01:12:04.557Z,2026-09-25T10:16:51.370Z,7
DEMO-DEV-6281,514,2022-10-07T05:17:25.087Z,2026-09-24T22:05:56.785Z,7
DEMO-DEV-6338,514,2022-10-02T07:40:56.289Z,2026-09-29T05:11:47.811Z,7
DEMO-DEV-6354,514,2022-10-03T03:25:47.352Z,2026-09-29T17:37:32.225Z,7
DEMO-DEV-6445,514,2022-10-06T04:07:56.403Z,2026-09-21T10:09:15.568Z,7
DEMO-DEV-6537,514,2022-10-16T01:52:22.493Z,2026-09-29T01:26:44.786Z,6
DEMO-DEV-6566,514,2022-10-03T16:02:25.584Z,2026-09-29T06:14:29.038Z,7
DEMO-DEV-6581,514,2022-10-01T21:50:00.668Z,2026-09-29T20:37:03.597Z,7
DEMO-DEV-6637,514,2022-10-04T04:57:01.226Z,2026-09-28T01:47:32.254Z,7
DEMO-DEV-6831,514,2022-10-04T20:02:43.975Z,2026-09-26T02:23:05.397Z,7
DEMO-DEV-6849,514,2022-10-02T19:19:57.948Z,2026-09-27T21:58:24.357Z,7
DEMO-DEV-6891,514,2022-10-01T11:32:34.778Z,2026-09-23T07:11:40.817Z,7
DEMO-DEV-6927,514,2022-10-03T17:32:57.966Z,2026-09-30T01:29:41.172Z,7
DEMO-DEV-6968,514,2022-10-05T20:47:14.612Z,2026-09-29T10:12:33.254Z,7
DEMO-DEV-7005,514,2022-10-03T10:47:11.968Z,2026-09-29T18:53:31.345Z,7
DEMO-DEV-7072,514,2022-10-03T01:14:39.618Z,2026-09-30T04:55:47.811Z,6
DEMO-DEV-7076,514,2022-10-03T15:34:14.230Z,2026-09-28T11:17:44.836Z,6
DEMO-DEV-7183,514,2022-10-09T14:14:36.765Z,2026-09-29T08:31:12.015Z,7
DEMO-DEV-7229,514,2022-10-01T09:50:59.225Z,2026-09-29T04:46:45.993Z,7
DEMO-DEV-7234,514,2022-10-02T10:45:58.948Z,2026-09-27T04:22:59.203Z,6
DEMO-DEV-7239,514,2022-10-01T22:34:54.636Z,2026-09-26T15:10:44.535Z,7
DEMO-DEV-7290,514,2022-10-06T05:19:01.139Z,2026-09-28T07:07:38.692Z,7
DEMO-DEV-7418,514,2022-10-01T11:00:16.003Z,2026-09-29T04:55:46.591Z,7
DEMO-DEV-7516,514,2022-10-04T22:22:26.308Z,2026-09-29T23:15:10.842Z,7
DEMO-DEV-7545,514,2022-10-10T02:09:44.913Z,2026-09-28T23:41:46.222Z,6
DEMO-DEV-7661,514,2022-10-04T12:32:09.345Z,2026-09-30T05:30:47.974Z,7
DEMO-DEV-7669,514,2022-10-01T16:56:14.806Z,2026-09-28T17:56:43.799Z,7
DEMO-DEV-7744,514,2022-10-10T02:59:34.618Z,2026-09-26T03:00:59.618Z,7
DEMO-DEV-7747,514,2022-10-01T17:33:19.915Z,2026-09-27T19:28:46.792Z,7
DEMO-DEV-7793,514,2022-10-05T01:20:36.879Z,2026-09-27T05:32:05.648Z,7
DEMO-DEV-7810,514,2022-10-02T16:43:52.842Z,2026-09-29T00:39:56.692Z,7
DEMO-DEV-7911,514,2022-10-01T23:55:28.519Z,2026-09-28T01:06:26.784Z,6
DEMO-DEV-7919,514,2022-10-03T19:09:03.968Z,2026-09-28T09:42:18.023Z,6
DEMO-DEV-8270,514,2022-10-01T18:15:21.366Z,2026-09-22T22:21:19.352Z,5
DEMO-DEV-8291,514,2022-10-04T15:59:27.219Z,2026-09-27T11:05:56.784Z,7
DEMO-DEV-8294,514,2022-10-02T10:28:50.804Z,2026-09-27T12:59:07.205Z,7
DEMO-DEV-8309,514,2022-10-02T01:41:34.816Z,2026-09-23T11:59:26.612Z,7
DEMO-DEV-8330,514,2022-10-05T17:50:05.692Z,2026-09-29T12:25:00.302Z,7
DEMO-DEV-8455,514,2022-10-12T23:11:14.503Z,2026-09-26T16:45:21.913Z,7
DEMO-DEV-8543,514,2022-10-05T11:04:30.863Z,2026-09-30T02:21:20.387Z,7
DEMO-DEV-8581,514,2022-10-03T20:38:56.646Z,2026-09-28T18:52:33.057Z,6
DEMO-DEV-8650,514,2022-10-01T19:08:51.989Z,2026-09-26T17:15:14.172Z,6
DEMO-DEV-8695,514,2022-10-06T14:50:03.365Z,2026-09-29T05:22:07.319Z,6
DEMO-DEV-8762,514,2022-10-05T12:47:14.337Z,2026-09-30T05:48:32.846Z,7
DEMO-DEV-8773,514,2022-10-01T12:30:22.219Z,2026-09-30T06:09:02.409Z,7
DEMO-DEV-8870,514,2022-10-02T23:19:11.913Z,2026-09-28T18:48:34.537Z,7
DEMO-DEV-8946,514,2022-10-04T01:43:31.738Z,2026-09-28T18:07:25.397Z,6
DEMO-DEV-9008,514,2022-10-01T12:22:36.455Z,2026-09-26T02:45:04.455Z,7
DEMO-DEV-9358,514,2022-10-02T15:11:47.403Z,2026-09-29T15:50:01.545Z,7
DEMO-DEV-9372,514,2022-10-01T10:55:40.037Z,2026-09-29T02:41:49.612Z,6
DEMO-DEV-9449,514,2022-10-02T11:36:29.948Z,2026-09-27T23:58:45.470Z,6
DEMO-DEV-9689,514,2022-10-04T11:25:01.993Z,2026-09-27T04:21:04.232Z,7
DEMO-DEV-9729,514,2022-10-07T21:40:02.298Z,2026-09-30T04:41:56.682Z,7
DEMO-DEV-9745,514,2022-10-06T05:32:28.015Z,2026-09-25T01:38:31.203Z,7
DEMO-DEV-9756,514,2022-10-07T18:42:25.614Z,2026-09-22T21:49:52.015Z,6
DEMO-DEV-9762,514,2022-10-04T06:09:43.308Z,2026-09-30T02:55:19.368Z,7
DEMO-DEV-9785,514,2022-10-02T06:10:50.867Z,2026-09-30T00:29:17.080Z,6
DEMO-DEV-9875,514,2022-10-02T00:15:37.238Z,2026-09-29T13:50:52.390Z,7
DEMO-DEV-9876,514,2022-10-09T19:35:28.843Z,2026-09-29T14:09:50.015Z,7
DEMO-DEV-9958,514,2022-10-03T03:38:05.485Z,2026-09-30T03:07:44.985Z,6
DEMO-DEV-0002,513,2022-10-02T16:20:32.014Z,2026-09-28T21:11:32.203Z,7
DEMO-DEV-0034,513,2022-10-04T15:06:07.786Z,2026-09-29T06:04:54.485Z,7
DEMO-DEV-0067,513,2022-10-02T12:06:44.080Z,2026-09-28T15:07:18.648Z,7
DEMO-DEV-0143,513,2022-10-01T23:59:35.658Z,2026-09-20T19:54:31.879Z,7
DEMO-DEV-0163,513,2022-10-02T05:21:00.864Z,2026-09-29T08:27:47.668Z,6
DEMO-DEV-0277,513,2022-10-02T13:13:26.004Z,2026-09-28T06:53:19.851Z,7
DEMO-DEV-0282,513,2022-10-02T08:30:54.505Z,2026-09-16T23:35:41.428Z,7
DEMO-DEV-0339,513,2022-10-01T09:57:30.917Z,2026-09-26T15:12:06.870Z,6
DEMO-DEV-0353,513,2022-10-04T07:00:44.470Z,2026-09-28T20:09:55.870Z,7
DEMO-DEV-0598,513,2022-10-01T13:39:35.368Z,2026-09-28T10:40:40.023Z,7
DEMO-DEV-0641,513,2022-10-02T04:13:54.816Z,2026-09-24T21:07:00.203Z,6
DEMO-DEV-0658,513,2022-10-02T23:39:30.811Z,2026-09-25T10:54:24.428Z,6
DEMO-DEV-0660,513,2022-10-04T18:29:49.493Z,2026-09-23T08:48:33.252Z,7
DEMO-DEV-0712,513,2022-10-02T02:23:05.754Z,2026-09-28T01:14:57.462Z,6
DEMO-DEV-0735,513,2022-10-04T05:11:11.993Z,2026-09-28T12:01:36.024Z,7
DEMO-DEV-0774,513,2022-10-07T08:18:12.428Z,2026-09-29T05:12:17.307Z,7
DEMO-DEV-0796,513,2022-10-05T11:47:45.824Z,2026-09-29T04:29:24.460Z,7
DEMO-DEV-0919,513,2022-10-01T22:19:25.752Z,2026-09-24T08:05:44.239Z,7
DEMO-DEV-0926,513,2022-10-01T16:55:45.607Z,2026-09-21T03:24:01.795Z,7
DEMO-DEV-1168,513,2022-10-03T01:06:59.172Z,2026-09-27T06:53:17.172Z,7
DEMO-DEV-1282,513,2022-10-05T14:59:55.460Z,2026-09-29T23:17:06.394Z,6
DEMO-DEV-1291,513,2022-10-13T13:44:04.987Z,2026-09-28T14:33:59.345Z,7
DEMO-DEV-1335,513,2022-10-11T21:16:08.160Z,2026-09-22T07:05:10.803Z,7
DEMO-DEV-1450,513,2022-10-01T21:33:50.139Z,2026-09-24T23:31:04.497Z,7
DEMO-DEV-1452,513,2022-10-01T10:15:41.806Z,2026-09-26T12:57:12.710Z,6
DEMO-DEV-1693,513,2022-10-02T22:23:43.268Z,2026-09-25T08:31:23.584Z,6
DEMO-DEV-1736,513,2022-10-03T06:15:03.778Z,2026-09-29T01:00:44.190Z,7
DEMO-DEV-1825,513,2022-10-02T12:56:51.397Z,2026-09-23T09:29:10.519Z,7
DEMO-DEV-1916,513,2022-10-03T13:13:56.668Z,2026-09-26T16:12:06.836Z,6
DEMO-DEV-1974,513,2022-10-01T12:19:00.189Z,2026-09-27T19:50:56.784Z,7
DEMO-DEV-2000,513,2022-10-02T22:10:33.172Z,2026-09-25T13:47:59.842Z,7
DEMO-DEV-2014,513,2022-10-06T10:13:15.974Z,2026-09-29T18:55:58.287Z,7
DEMO-DEV-2089,513,2022-10-02T03:43:00.950Z,2026-09-29T22:32:00.806Z,6
DEMO-DEV-2137,513,2022-10-01T23:38:41.219Z,2026-09-28T05:39:21.692Z,6
DEMO-DEV-2162,513,2022-10-01T10:44:59.557Z,2026-09-29T13:37:27.370Z,7
DEMO-DEV-2178,513,2022-10-01T10:12:26.913Z,2026-09-29T11:44:39.859Z,7
DEMO-DEV-2260,513,2022-10-07T01:28:17.302Z,2026-09-27T04:55:59.646Z,7
DEMO-DEV-2290,513,2022-10-01T09:35:34.183Z,2026-09-30T03:07:23.752Z,7
DEMO-DEV-2413,513,2022-10-04T14:21:48.250Z,2026-09-23T02:11:15.045Z,7
DEMO-DEV-2486,513,2022-10-04T09:01:32.161Z,2026-09-29T16:06:15.913Z,7
DEMO-DEV-2499,513,2022-10-03T10:17:47.929Z,2026-09-24T16:08:53.778Z,7
DEMO-DEV-2586,513,2022-10-03T21:27:49.786Z,2026-09-26T04:09:17.599Z,7
DEMO-DEV-2597,513,2022-10-04T06:36:50.015Z,2026-09-28T09:12:52.203Z,6
DEMO-DEV-2717,513,2022-10-02T17:21:33.403Z,2026-09-27T02:53:29.497Z,7
DEMO-DEV-2812,513,2022-10-01T22:50:37.545Z,2026-09-29T13:49:05.948Z,7
DEMO-DEV-2981,513,2022-10-11T09:44:25.948Z,2026-09-27T23:02:07.648Z,7
DEMO-DEV-3333,513,2022-10-03T05:19:07.387Z,2026-09-29T05:26:22.976Z,7
DEMO-DEV-3393,513,2022-10-02T18:38:16.250Z,2026-09-29T14:11:45.387Z,7
DEMO-DEV-3476,513,2022-10-09T21:39:15.795Z,2026-09-29T08:46:35.524Z,6
DEMO-DEV-3552,513,2022-10-01T08:57:39.168Z,2026-09-26T06:40:01.719Z,7
DEMO-DEV-3577,513,2022-10-02T17:04:07.527Z,2026-09-29T05:08:52.607Z,7
DEMO-DEV-3580,513,2022-10-03T04:22:30.038Z,2026-09-25T10:54:12.975Z,7
DEMO-DEV-3611,513,2022-10-01T19:05:09.123Z,2026-09-26T09:13:19.503Z,7
DEMO-DEV-3714,513,2022-10-01T18:35:17.370Z,2026-09-27T20:21:23.782Z,7
DEMO-DEV-3913,513,2022-10-01T15:33:24.966Z,2026-09-30T00:57:41.218Z,7
DEMO-DEV-3939,513,2022-10-01T14:22:11.224Z,2026-09-29T10:22:54.524Z,7
DEMO-DEV-3941,513,2022-10-02T00:17:56.786Z,2026-09-27T19:44:33.337Z,7
DEMO-DEV-3960,513,2022-10-02T14:54:11.232Z,2026-09-28T05:13:42.841Z,7
DEMO-DEV-4110,513,2022-10-02T02:34:25.782Z,2026-09-28T21:10:58.403Z,7
DEMO-DEV-4113,513,2022-10-03T10:32:37.264Z,2026-09-30T07:47:11.817Z,7
DEMO-DEV-4129,513,2022-10-02T15:06:09.668Z,2026-09-29T13:28:16.646Z,7
DEMO-DEV-4155,513,2022-10-13T04:29:37.929Z,2026-09-29T11:02:56.851Z,7
DEMO-DEV-4354,513,2022-10-02T21:44:23.864Z,2026-09-27T04:14:31.455Z,6
DEMO-DEV-4380,513,2022-10-03T20:46:51.120Z,2026-09-25T20:41:24.692Z,7
DEMO-DEV-4408,513,2022-10-01T10:44:13.557Z,2026-09-24T04:45:06.782Z,7
DEMO-DEV-4496,513,2022-10-01T20:47:18.272Z,2026-09-25T20:34:33.466Z,7
DEMO-DEV-4570,513,2022-10-02T03:43:03.676Z,2026-09-30T07:26:48.568Z,6
DEMO-DEV-4599,513,2022-10-11T22:10:08.368Z,2026-09-21T00:11:19.614Z,7
DEMO-DEV-4605,513,2022-10-13T04:23:11.315Z,2026-09-26T23:43:17.885Z,6
DEMO-DEV-4643,513,2022-10-04T02:52:02.370Z,2026-09-23T03:52:10.778Z,6
DEMO-DEV-4681,513,2022-10-09T21:20:09.466Z,2026-09-29T16:11:06.391Z,7
DEMO-DEV-4797,513,2022-10-05T00:04:57.966Z,2026-09-28T02:39:02.289Z,7
DEMO-DEV-4820,513,2022-10-03T08:05:20.792Z,2026-09-23T14:10:58.597Z,6
DEMO-DEV-4930,513,2022-10-04T03:40:15.778Z,2026-09-28T08:09:54.397Z,7
DEMO-DEV-4946,513,2022-10-08T14:11:06.692Z,2026-09-28T09:11:25.682Z,7
DEMO-DEV-4999,513,2022-10-04T20:48:03.027Z,2026-09-28T20:57:30.391Z,6
DEMO-DEV-5126,513,2022-10-01T17:19:40.397Z,2026-09-22T13:02:35.605Z,6
DEMO-DEV-5152,513,2022-10-08T09:31:03.497Z,2026-09-29T03:29:41.173Z,6
DEMO-DEV-5246,513,2022-10-04T00:04:37.219Z,2026-09-29T04:17:37.793Z,6
DEMO-DEV-5273,513,2022-10-02T05:00:31.026Z,2026-09-26T01:57:43.503Z,7
DEMO-DEV-5305,513,2022-10-03T01:47:04.817Z,2026-09-26T14:15:16.075Z,7
DEMO-DEV-5491,513,2022-10-03T01:35:25.208Z,2026-09-27T12:16:04.446Z,7
DEMO-DEV-5514,513,2022-10-07T08:19:27.370Z,2026-09-27T15:45:48.138Z,6
DEMO-DEV-5537,513,2022-10-03T04:53:21.976Z,2026-09-28T02:03:07.605Z,6
DEMO-DEV-5631,513,2022-10-06T04:42:58.211Z,2026-09-28T01:53:41.792Z,6
DEMO-DEV-5650,513,2022-10-02T13:55:12.614Z,2026-09-24T01:02:10.948Z,7
DEMO-DEV-5677,513,2022-10-04T09:37:02.688Z,2026-09-29T01:44:49.485Z,7
DEMO-DEV-5831,513,2022-10-01T10:23:10.948Z,2026-09-28T21:52:50.646Z,6
DEMO-DEV-5864,513,2022-10-04T20:59:36.428Z,2026-09-29T13:40:19.165Z,7
DEMO-DEV-6041,513,2022-10-02T07:29:53.692Z,2026-09-25T09:26:24.211Z,7
DEMO-DEV-6067,513,2022-10-04T19:57:56.948Z,2026-09-29T12:23:32.885Z,7
DEMO-DEV-6070,513,2022-10-02T13:06:53.648Z,2026-09-27T22:22:09.778Z,6
DEMO-DEV-6123,513,2022-10-06T09:35:34.793Z,2026-09-24T13:23:26.080Z,7
DEMO-DEV-6162,513,2022-10-01T11:08:45.045Z,2026-09-26T16:50:11.023Z,7
DEMO-DEV-6211,513,2022-10-07T16:56:46.252Z,2026-09-29T22:58:56.885Z,7
DEMO-DEV-6286,513,2022-10-01T21:09:59.682Z,2026-09-29T16:09:55.556Z,6
DEMO-DEV-6291,513,2022-10-02T01:31:42.505Z,2026-09-28T17:51:18.929Z,6
DEMO-DEV-6389,513,2022-10-05T07:04:26.219Z,2026-09-24T21:37:05.948Z,7
DEMO-DEV-6424,513,2022-10-01T23:35:49.537Z,2026-09-26T03:10:06.513Z,7
DEMO-DEV-6453,513,2022-10-02T17:23:23.470Z,2026-09-29T22:33:54.785Z,7
DEMO-DEV-6591,513,2022-10-04T17:37:39.057Z,2026-09-28T11:42:31.230Z,7
DEMO-DEV-6642,513,2022-10-01T11:17:28.302Z,2026-09-28T03:57:28.682Z,6
DEMO-DEV-6680,513,2022-10-06T18:07:54.226Z,2026-09-27T19:20:24.300Z,7
DEMO-DEV-6726,513,2022-10-07T02:58:20.568Z,2026-09-26T05:09:33.825Z,7
DEMO-DEV-6866,513,2022-10-11T07:27:05.537Z,2026-09-26T15:12:33.192Z,7
DEMO-DEV-6882,513,2022-10-03T12:05:54.090Z,2026-09-30T00:19:19.225Z,6
DEMO-DEV-6884,513,2022-10-04T21:36:59.817Z,2026-09-24T23:34:21.225Z,7
DEMO-DEV-6903,513,2022-10-02T08:02:00.168Z,2026-09-28T01:08:08.192Z,6
DEMO-DEV-6911,513,2022-10-02T21:29:27.859Z,2026-09-25T16:57:58.524Z,7
DEMO-DEV-6966,513,2022-10-01T20:41:18.003Z,2026-09-26T01:08:50.863Z,7
DEMO-DEV-7004,513,2022-10-02T10:49:27.537Z,2026-09-29T17:18:10.969Z,7
DEMO-DEV-7058,513,2022-10-01T18:36:53.167Z,2026-09-24T21:56:24.599Z,7
DEMO-DEV-7066,513,2022-10-01T08:36:33.676Z,2026-09-28T16:50:22.597Z,7
DEMO-DEV-7133,513,2022-10-03T06:46:35.511Z,2026-09-29T21:27:33.455Z,7
DEMO-DEV-7197,513,2022-10-01T15:16:50.352Z,2026-09-22T06:29:08.891Z,7
DEMO-DEV-7198,513,2022-10-02T20:04:54.232Z,2026-09-29T02:40:04.460Z,7
DEMO-DEV-7276,513,2022-10-05T21:18:15.975Z,2026-09-29T20:41:00.597Z,7
DEMO-DEV-7488,513,2022-10-01T21:05:36.238Z,2026-09-26T07:17:17.825Z,7
DEMO-DEV-7550,513,2022-10-02T21:17:07.817Z,2026-09-28T10:44:42.578Z,7
DEMO-DEV-7698,513,2022-10-05T15:29:25.415Z,2026-09-28T20:58:19.682Z,6
DEMO-DEV-7699,513,2022-10-03T17:39:37.394Z,2026-09-29T19:50:18.989Z,7
DEMO-DEV-7786,513,2022-10-04T18:51:51.161Z,2026-09-28T10:08:37.914Z,7
DEMO-DEV-7864,513,2022-10-09T05:49:43.493Z,2026-09-27T17:09:28.027Z,7
DEMO-DEV-7879,513,2022-10-03T09:07:50.021Z,2026-09-29T15:16:26.841Z,7
DEMO-DEV-7949,513,2022-10-04T14:08:05.785Z,2026-09-28T17:56:36.676Z,6
DEMO-DEV-7971,513,2022-10-09T03:46:03.368Z,2026-09-29T08:41:04.846Z,7
DEMO-DEV-8004,513,2022-10-06T11:52:04.307Z,2026-09-27T00:33:54.063Z,7
DEMO-DEV-8061,513,2022-10-05T16:53:29.811Z,2026-09-30T06:22:41.782Z,6
DEMO-DEV-8333,513,2022-10-02T08:24:56.636Z,2026-09-29T10:28:42.221Z,6
DEMO-DEV-8495,513,2022-10-04T14:57:56.500Z,2026-09-28T07:34:16.989Z,6
DEMO-DEV-8554,513,2022-10-02T10:19:28.172Z,2026-09-22T00:02:18.409Z,6
DEMO-DEV-8593,513,2022-10-01T15:36:35.926Z,2026-09-28T13:37:18.460Z,7
DEMO-DEV-8664,513,2022-10-01T16:11:48.884Z,2026-09-29T06:17:52.500Z,6
DEMO-DEV-8669,513,2022-10-04T15:59:17.816Z,2026-09-29T14:06:24.974Z,7
DEMO-DEV-8734,513,2022-10-04T18:33:14.792Z,2026-09-30T06:54:57.752Z,7
DEMO-DEV-8736,513,2022-10-02T01:00:48.879Z,2026-09-29T12:12:48.493Z,7
DEMO-DEV-8794,513,2022-10-01T12:52:10.239Z,2026-09-29T23:17:14.155Z,7
DEMO-DEV-8819,513,2022-10-02T06:05:20.354Z,2026-09-28T10:43:26.891Z,7
DEMO-DEV-8949,513,2022-10-03T19:42:05.298Z,2026-09-29T01:38:39.446Z,7
DEMO-DEV-9021,513,2022-10-03T04:08:56.226Z,2026-09-28T10:42:01.090Z,7
DEMO-DEV-9035,513,2022-10-05T16:54:20.224Z,2026-09-29T23:00:42.752Z,6
DEMO-DEV-9084,513,2022-10-02T06:08:31.230Z,2026-09-22T03:33:53.668Z,6
DEMO-DEV-9091,513,2022-10-03T00:59:17.080Z,2026-09-29T20:24:08.824Z,7
DEMO-DEV-9225,513,2022-10-03T20:01:10.402Z,2026-09-28T17:08:50.068Z,7
DEMO-DEV-9331,513,2022-10-01T22:17:18.462Z,2026-09-29T15:18:04.370Z,7
DEMO-DEV-9353,513,2022-10-03T14:01:10.966Z,2026-09-16T00:19:46.075Z,7
DEMO-DEV-9383,513,2022-10-01T08:49:15.599Z,2026-09-23T15:07:40.989Z,7
DEMO-DEV-9451,513,2022-10-02T10:48:07.584Z,2026-09-29T15:34:25.778Z,7
DEMO-DEV-9518,513,2022-10-08T14:15:03.063Z,2026-09-28T00:04:08.793Z,7
DEMO-DEV-9545,513,2022-10-04T13:58:44.357Z,2026-09-28T18:17:49.472Z,6
DEMO-DEV-9562,513,2022-10-07T08:17:36.676Z,2026-09-26T03:37:06.462Z,7
DEMO-DEV-9615,513,2022-10-02T20:31:42.138Z,2026-09-29T11:23:23.892Z,7
DEMO-DEV-9669,513,2022-10-02T18:11:12.505Z,2026-09-29T00:42:31.727Z,6
DEMO-DEV-9694,513,2022-10-03T01:38:17.556Z,2026-09-22T17:07:36.752Z,6
DEMO-DEV-9723,513,2022-10-02T22:39:20.160Z,2026-09-28T18:26:38.291Z,6
DEMO-DEV-9765,513,2022-10-09T01:27:53.472Z,2026-09-27T09:02:03.442Z,7
DEMO-DEV-9771,513,2022-10-05T06:37:00.172Z,2026-09-26T06:43:53.037Z,7
DEMO-DEV-9816,513,2022-10-01T13:41:20.307Z,2026-09-29T05:28:00.738Z,7
DEMO-DEV-9818,513,2022-10-02T21:46:04.865Z,2026-09-24T19:23:26.203Z,6
DEMO-DEV-9842,513,2022-10-06T12:17:47.190Z,2026-09-27T16:48:55.068Z,7
DEMO-DEV-9871,513,2022-10-01T09:31:35.063Z,2026-09-27T17:51:01.397Z,7
DEMO-DEV-9923,513,2022-10-05T06:21:27.403Z,2026-09-26T07:00:51.778Z,7
DEMO-DEV-9946,513,2022-10-04T03:47:41.390Z,2026-09-29T02:02:51.992Z,7
DEMO-DEV-9984,513,2022-10-09T05:39:45.442Z,2026-09-28T04:40:22.190Z,7
DEMO-DEV-0035,512,2022-10-01T16:08:34.500Z,2026-09-29T14:39:23.965Z,7
DEMO-DEV-0232,512,2022-10-03T14:00:38.172Z,2026-09-28T13:33:24.929Z,7
DEMO-DEV-0294,512,2022-10-04T06:15:21.843Z,2026-09-28T11:50:14.224Z,7
DEMO-DEV-0301,512,2022-10-03T06:27:49.508Z,2026-09-29T09:03:49.597Z,6
DEMO-DEV-0420,512,2022-10-03T15:31:55.877Z,2026-09-27T04:10:41.394Z,7
DEMO-DEV-0468,512,2022-10-02T07:26:20.288Z,2026-09-25T15:41:50.288Z,7
DEMO-DEV-0523,512,2022-10-06T22:56:46.948Z,2026-09-28T08:12:55.238Z,7
DEMO-DEV-0585,512,2022-10-04T09:09:56.337Z,2026-09-26T00:09:41.264Z,7
DEMO-DEV-0626,512,2022-10-02T16:10:17.929Z,2026-09-27T23:18:10.968Z,7
DEMO-DEV-0627,512,2022-10-02T21:35:32.190Z,2026-09-30T04:33:14.719Z,6
DEMO-DEV-0690,512,2022-10-04T18:13:21.472Z,2026-09-27T05:13:38.987Z,7
DEMO-DEV-0939,512,2022-10-02T16:07:55.391Z,2026-09-29T14:08:19.172Z,7
DEMO-DEV-0970,512,2022-10-02T19:01:27.460Z,2026-09-27T10:01:42.234Z,6
DEMO-DEV-1130,512,2022-10-03T17:29:31.460Z,2026-09-29T23:31:08.287Z,7
DEMO-DEV-1198,512,2022-10-05T03:08:27.090Z,2026-09-28T10:25:22.765Z,7
DEMO-DEV-1307,512,2022-10-02T06:11:02.315Z,2026-09-30T07:10:40.803Z,6
DEMO-DEV-1320,512,2022-10-01T17:15:53.839Z,2026-09-23T19:10:23.225Z,6
DEMO-DEV-1347,512,2022-10-02T17:00:45.527Z,2026-09-28T11:24:06.785Z,7
DEMO-DEV-1352,512,2022-10-03T20:11:30.778Z,2026-09-29T02:42:15.513Z,6
DEMO-DEV-1375,512,2022-10-01T21:20:06.236Z,2026-09-29T12:04:01.165Z,6
DEMO-DEV-1403,512,2022-10-03T17:12:15.976Z,2026-09-28T12:43:44.500Z,7
DEMO-DEV-1411,512,2022-10-03T17:13:27.403Z,2026-09-29T13:20:40.027Z,7
DEMO-DEV-1602,512,2022-10-01T15:29:19.264Z,2026-09-22T09:33:36.661Z,7
DEMO-DEV-1632,512,2022-10-05T01:36:01.319Z,2026-09-19T07:07:59.714Z,7
DEMO-DEV-1701,512,2022-10-01T09:35:29.466Z,2026-09-27T18:08:40.397Z,6
DEMO-DEV-1819,512,2022-10-07T14:04:13.183Z,2026-09-30T03:54:01.914Z,7
DEMO-DEV-1852,512,2022-10-02T11:17:54.803Z,2026-09-24T17:23:00.965Z,6
DEMO-DEV-2040,512,2022-10-01T09:06:36.868Z,2026-09-27T22:54:46.252Z,7
DEMO-DEV-2051,512,2022-10-08T00:31:09.337Z,2026-09-25T21:38:44.778Z,7
DEMO-DEV-2128,512,2022-10-02T23:19:42.462Z,2026-09-25T04:45:21.204Z,7
DEMO-DEV-2139,512,2022-10-06T03:50:34.224Z,2026-09-29T14:48:41.793Z,7
DEMO-DEV-2229,512,2022-10-02T07:27:30.370Z,2026-09-29T14:18:48.252Z,7
DEMO-DEV-2310,512,2022-10-06T11:53:09.968Z,2026-09-24T13:45:19.985Z,6
DEMO-DEV-2313,512,2022-10-02T01:03:25.793Z,2026-09-27T11:46:32.077Z,7
DEMO-DEV-2365,512,2022-10-07T10:05:03.173Z,2026-09-27T19:00:20.792Z,7
DEMO-DEV-2377,512,2022-10-04T09:44:56.661Z,2026-09-29T06:49:01.394Z,6
DEMO-DEV-2491,512,2022-10-02T01:45:14.319Z,2026-09-29T11:19:25.668Z,6
DEMO-DEV-2511,512,2022-10-03T22:31:08.976Z,2026-09-29T17:40:21.784Z,6
DEMO-DEV-2555,512,2022-10-05T23:44:13.167Z,2026-09-29T00:22:34.524Z,7
DEMO-DEV-2660,512,2022-10-03T17:55:15.859Z,2026-09-25T12:41:00.409Z,7
DEMO-DEV-2664,512,2022-10-01T18:08:25.165Z,2026-09-29T06:20:22.864Z,7
DEMO-DEV-2706,512,2022-10-05T04:23:38.289Z,2026-09-22T08:14:09.778Z,7
DEMO-DEV-2849,512,2022-10-01T09:06:20.298Z,2026-09-19T18:34:02.524Z,6
DEMO-DEV-2909,512,2022-10-06T05:32:53.254Z,2026-09-28T00:13:02.370Z,5
DEMO-DEV-3139,512,2022-10-05T00:54:23.337Z,2026-09-29T02:57:13.150Z,7
DEMO-DEV-3157,512,2022-10-03T10:31:25.824Z,2026-09-28T10:46:41.702Z,7
DEMO-DEV-3182,512,2022-10-15T11:27:56.513Z,2026-09-27T11:34:45.870Z,6
DEMO-DEV-3293,512,2022-10-03T06:35:35.795Z,2026-09-29T14:35:39.929Z,7
DEMO-DEV-3345,512,2022-10-02T19:08:11.211Z,2026-09-27T21:43:00.867Z,5
DEMO-DEV-3479,512,2022-10-03T03:11:01.040Z,2026-09-27T03:11:07.442Z,7
DEMO-DEV-3768,512,2022-10-02T17:42:17.230Z,2026-09-30T07:40:12.366Z,7
DEMO-DEV-3784,512,2022-10-01T19:13:54.120Z,2026-09-26T03:13:02.929Z,6
DEMO-DEV-3868,512,2022-10-01T14:26:32.442Z,2026-09-23T06:38:59.612Z,7
DEMO-DEV-4023,512,2022-10-08T16:50:26.038Z,2026-09-28T16:46:47.138Z,6
DEMO-DEV-4081,512,2022-10-02T11:06:16.966Z,2026-09-29T16:36:59.917Z,6
DEMO-DEV-4095,512,2022-10-04T00:21:54.778Z,2026-09-29T22:04:54.497Z,7
DEMO-DEV-4182,512,2022-10-06T11:00:49.785Z,2026-09-27T13:17:22.289Z,7
DEMO-DEV-4209,512,2022-10-02T03:21:11.584Z,2026-09-28T20:01:07.485Z,7
DEMO-DEV-4273,512,2022-10-01T19:03:57.307Z,2026-09-28T04:26:52.497Z,7
DEMO-DEV-4407,512,2022-10-06T12:13:59.123Z,2026-09-25T21:15:28.192Z,7
DEMO-DEV-4433,512,2022-10-09T19:41:24.804Z,2026-09-26T09:01:39.387Z,6
DEMO-DEV-4557,512,2022-10-02T22:09:29.394Z,2026-09-30T04:42:12.653Z,6
DEMO-DEV-4638,512,2022-10-02T08:16:23.172Z,2026-09-29T03:07:00.239Z,7
DEMO-DEV-4646,512,2022-10-02T23:23:25.929Z,2026-09-24T20:26:29.165Z,6
DEMO-DEV-4664,512,2022-10-05T23:40:41.817Z,2026-09-29T20:13:20.692Z,7
DEMO-DEV-4823,512,2022-10-08T01:07:29.836Z,2026-09-29T13:09:33.976Z,7
DEMO-DEV-4933,512,2022-10-04T15:28:37.500Z,2026-09-30T06:13:18.968Z,6
DEMO-DEV-4947,512,2022-10-03T01:22:25.370Z,2026-09-26T19:24:52.985Z,6
DEMO-DEV-4975,512,2022-10-11T06:34:49.497Z,2026-09-28T14:12:19.203Z,7
DEMO-DEV-5043,512,2022-10-02T12:50:33.165Z,2026-09-29T20:10:05.618Z,7
DEMO-DEV-5122,512,2022-10-09T09:01:47.917Z,2026-09-29T08:15:10.075Z,6
DEMO-DEV-5145,512,2022-10-02T22:17:54.254Z,2026-09-26T15:01:40.752Z,7
DEMO-DEV-5278,512,2022-10-01T11:32:08.870Z,2026-09-29T23:58:11.993Z,7
DEMO-DEV-5285,512,2022-10-06T19:01:58.949Z,2026-09-20T06:36:36.068Z,7
DEMO-DEV-5350,512,2022-10-02T13:25:42.735Z,2026-09-30T03:58:13.470Z,7
DEMO-DEV-5362,512,2022-10-02T02:55:13.192Z,2026-09-28T17:55:45.462Z,6
DEMO-DEV-5392,512,2022-10-06T11:31:59.511Z,2026-09-26T05:36:13.238Z,7
DEMO-DEV-5482,512,2022-10-08T07:58:09.443Z,2026-09-27T05:35:52.591Z,6
DEMO-DEV-5494,512,2022-10-12T00:05:00.402Z,2026-09-29T23:12:45.975Z,7
DEMO-DEV-5511,512,2022-10-05T09:58:37.302Z,2026-09-29T17:24:13.646Z,6
DEMO-DEV-5521,512,2022-10-06T23:00:13.040Z,2026-09-21T17:18:20.682Z,7
DEMO-DEV-5536,512,2022-10-03T01:17:34.524Z,2026-09-26T20:02:02.354Z,6
DEMO-DEV-5541,512,2022-10-02T05:13:08.913Z,2026-09-26T14:11:06.123Z,7
DEMO-DEV-5587,512,2022-10-02T05:16:07.391Z,2026-09-29T07:33:42.370Z,7
DEMO-DEV-5798,512,2022-10-04T08:15:44.556Z,2026-09-17T23:38:43.253Z,7
DEMO-DEV-5845,512,2022-10-07T03:38:49.555Z,2026-09-29T04:48:24.150Z,7
DEMO-DEV-5919,512,2022-10-01T12:29:42.365Z,2026-09-23T07:21:20.357Z,6
DEMO-DEV-6180,512,2022-10-03T22:41:14.778Z,2026-09-28T22:31:21.989Z,7
DEMO-DEV-6214,512,2022-10-01T08:57:26.023Z,2026-09-20T06:24:14.688Z,6
DEMO-DEV-6457,512,2022-10-05T12:42:54.173Z,2026-09-28T23:40:51.289Z,7
DEMO-DEV-6470,512,2022-10-02T07:55:03.004Z,2026-09-30T01:58:37.511Z,6
DEMO-DEV-6499,512,2022-10-03T10:09:38.298Z,2026-09-26T22:16:17.298Z,7
DEMO-DEV-6506,512,2022-10-04T19:57:59.863Z,2026-09-28T23:01:14.173Z,7
DEMO-DEV-6636,512,2022-10-16T12:29:56.702Z,2026-09-30T01:31:57.884Z,5
DEMO-DEV-6716,512,2022-10-20T02:50:19.428Z,2026-09-19T04:10:46.466Z,7
DEMO-DEV-6760,512,2022-10-06T11:22:54.646Z,2026-09-24T12:32:47.236Z,7
DEMO-DEV-6794,512,2022-10-02T06:32:04.254Z,2026-09-29T05:23:33.173Z,7
DEMO-DEV-6840,512,2022-10-02T09:14:41.246Z,2026-09-29T12:02:16.555Z,6
DEMO-DEV-6975,512,2022-10-06T22:40:47.268Z,2026-09-26T03:35:36.354Z,6
DEMO-DEV-7018,512,2022-10-04T10:46:41.409Z,2026-09-28T13:55:16.462Z,5
DEMO-DEV-7089,512,2022-10-01T16:22:20.040Z,2026-09-30T00:55:13.778Z,7
DEMO-DEV-7132,512,2022-10-01T09:44:29.784Z,2026-09-30T01:25:51.778Z,7
DEMO-DEV-7141,512,2022-10-04T05:40:14.138Z,2026-09-29T23:50:58.618Z,6
DEMO-DEV-7164,512,2022-10-03T05:19:42.298Z,2026-09-30T06:56:08.370Z,6
DEMO-DEV-7176,512,2022-10-01T17:22:49.782Z,2026-09-29T09:12:46.785Z,7
DEMO-DEV-7224,512,2022-10-02T13:35:41.485Z,2026-09-23T22:02:52.929Z,7
DEMO-DEV-7301,512,2022-10-01T22:05:57.864Z,2026-09-27T07:44:16.455Z,7
DEMO-DEV-7374,512,2022-10-11T22:49:12.224Z,2026-09-29T23:37:22.428Z,7
DEMO-DEV-7505,512,2022-10-03T21:14:29.792Z,2026-09-30T08:25:16.161Z,7
DEMO-DEV-7538,512,2022-10-03T09:17:30.500Z,2026-09-23T19:04:45.524Z,7
DEMO-DEV-7668,512,2022-10-02T10:44:14.989Z,2026-09-28T22:58:10.368Z,7
DEMO-DEV-7755,512,2022-10-01T13:45:37.692Z,2026-09-17T19:12:55.038Z,7
DEMO-DEV-7961,512,2022-10-03T18:26:22.527Z,2026-09-29T16:15:21.087Z,7
DEMO-DEV-8003,512,2022-10-06T08:17:54.568Z,2026-09-23T04:41:23.021Z,7
DEMO-DEV-8175,512,2022-10-04T08:24:13.391Z,2026-09-23T00:11:34.192Z,7
DEMO-DEV-8231,512,2022-10-03T18:12:32.352Z,2026-09-28T17:41:06.859Z,7
DEMO-DEV-8307,512,2022-10-03T17:32:00.357Z,2026-09-27T01:33:34.786Z,7
DEMO-DEV-8308,512,2022-10-01T11:32:49.877Z,2026-09-28T11:54:14.003Z,7
DEMO-DEV-8417,512,2022-10-01T22:32:13.523Z,2026-09-29T00:43:12.825Z,7
DEMO-DEV-8505,512,2022-10-04T14:02:23.366Z,2026-09-27T18:15:34.428Z,6
DEMO-DEV-8556,512,2022-10-02T09:16:54.239Z,2026-09-25T06:36:10.003Z,6
DEMO-DEV-8619,512,2022-10-08T23:01:12.391Z,2026-09-24T21:01:38.203Z,6
DEMO-DEV-8714,512,2022-10-05T01:08:51.666Z,2026-09-27T20:48:46.568Z,7
DEMO-DEV-8768,512,2022-10-02T19:46:18.965Z,2026-09-30T01:57:17.442Z,6
DEMO-DEV-8784,512,2022-10-01T21:54:18.239Z,2026-09-29T02:52:00.366Z,7
DEMO-DEV-8813,512,2022-10-03T06:57:29.391Z,2026-09-29T14:24:46.511Z,5
DEMO-DEV-8816,512,2022-10-01T11:14:29.287Z,2026-09-25T17:37:07.975Z,6
DEMO-DEV-8851,512,2022-10-01T17:00:09.253Z,2026-09-22T04:18:35.446Z,6
DEMO-DEV-8910,512,2022-10-06T17:48:32.287Z,2026-09-26T21:46:59.443Z,7
DEMO-DEV-9071,512,2022-10-01T19:14:07.288Z,2026-09-29T16:27:48.298Z,7
DEMO-DEV-9093,512,2022-10-05T12:53:17.503Z,2026-09-25T20:35:40.870Z,6
DEMO-DEV-9338,512,2022-10-09T08:25:29.597Z,2026-09-29T05:47:17.966Z,7
DEMO-DEV-9346,512,2022-10-05T09:20:34.676Z,2026-09-25T23:48:31.879Z,6
DEMO-DEV-9360,512,2022-10-06T14:06:23.646Z,2026-09-22T05:11:34.884Z,6
DEMO-DEV-9366,512,2022-10-01T15:03:33.443Z,2026-09-26T04:48:16.803Z,7
DEMO-DEV-9422,512,2022-10-02T17:14:09.785Z,2026-09-20T10:09:17.023Z,6
DEMO-DEV-9448,512,2022-10-01T09:27:41.442Z,2026-09-25T20:37:27.636Z,7
DEMO-DEV-9534,512,2022-10-03T17:31:51.891Z,2026-09-30T00:57:53.653Z,7
DEMO-DEV-9725,512,2022-10-03T17:21:47.027Z,2026-09-29T06:11:47.851Z,7
DEMO-DEV-9784,512,2022-10-02T09:26:51.087Z,2026-09-28T18:16:04.390Z,7
DEMO-DEV-9817,512,2022-10-03T23:58:54.752Z,2026-09-27T09:15:11.508Z,7
DEMO-DEV-9888,512,2022-10-11T00:31:54.676Z,2026-09-30T08:07:59.738Z,7
DEMO-DEV-9992,512,2022-10-01T17:34:31.252Z,2026-09-27T00:26:28.646Z,6
DEMO-DEV-0058,511,2022-10-06T20:04:36.077Z,2026-09-28T21:13:44.015Z,7
DEMO-DEV-0168,511,2022-10-04T14:36:38.238Z,2026-09-29T09:23:49.063Z,6
DEMO-DEV-0179,511,2022-10-03T21:27:54.289Z,2026-09-29T12:06:34.208Z,6
DEMO-DEV-0207,511,2022-10-08T20:09:24.993Z,2026-09-27T04:50:03.508Z,7
DEMO-DEV-0275,511,2022-10-03T20:55:09.513Z,2026-09-24T12:58:53.037Z,6
DEMO-DEV-0283,511,2022-10-01T12:19:27.219Z,2026-09-22T07:17:04.409Z,7
DEMO-DEV-0310,511,2022-10-01T14:02:07.545Z,2026-09-27T02:28:05.597Z,5
DEMO-DEV-0336,511,2022-10-03T03:37:43.123Z,2026-09-29T16:41:51.190Z,7
DEMO-DEV-0361,511,2022-10-01T10:00:28.676Z,2026-09-30T06:02:39.867Z,6
DEMO-DEV-0377,511,2022-10-04T19:16:05.345Z,2026-09-27T19:54:49.993Z,7
DEMO-DEV-0406,511,2022-10-01T16:19:12.354Z,2026-09-28T20:30:57.885Z,6
DEMO-DEV-0497,511,2022-10-03T06:51:38.057Z,2026-09-28T07:23:20.250Z,7
DEMO-DEV-0552,511,2022-10-06T08:00:47.252Z,2026-09-24T07:03:08.370Z,7
DEMO-DEV-0634,511,2022-10-09T03:14:17.208Z,2026-09-29T02:14:41.778Z,7
DEMO-DEV-0854,511,2022-10-10T11:11:51.173Z,2026-09-25T14:19:07.612Z,7
DEMO-DEV-0916,511,2022-10-05T01:17:51.555Z,2026-09-28T13:19:38.607Z,7
DEMO-DEV-1109,511,2022-10-03T03:42:22.508Z,2026-09-21T21:50:12.497Z,7
DEMO-DEV-1213,511,2022-10-02T04:35:21.289Z,2026-09-23T17:41:21.892Z,7
DEMO-DEV-1241,511,2022-10-01T22:18:22.500Z,2026-09-27T05:50:43.785Z,7
DEMO-DEV-1373,511,2022-10-02T19:26:14.811Z,2026-09-30T02:41:19.365Z,7
DEMO-DEV-1393,511,2022-10-05T10:34:13.307Z,2026-09-29T14:02:50.873Z,7
DEMO-DEV-1424,511,2022-10-01T15:15:45.816Z,2026-09-27T23:18:20.462Z,6
DEMO-DEV-1521,511,2022-10-03T19:38:35.523Z,2026-09-29T12:36:19.354Z,7
DEMO-DEV-1548,511,2022-10-05T12:21:02.646Z,2026-09-30T00:12:06.915Z,6
DEMO-DEV-1594,511,2022-10-11T03:29:54.661Z,2026-09-26T08:54:43.254Z,7
DEMO-DEV-1649,511,2022-10-04T10:04:12.345Z,2026-09-24T23:01:52.021Z,7
DEMO-DEV-1676,511,2022-10-04T21:28:42.239Z,2026-09-27T17:17:19.591Z,6
DEMO-DEV-1696,511,2022-10-02T21:08:12.120Z,2026-09-28T21:10:34.658Z,7
DEMO-DEV-1730,511,2022-10-01T19:25:53.949Z,2026-09-27T22:29:32.485Z,7
DEMO-DEV-1839,511,2022-10-01T18:04:57.172Z,2026-09-29T21:59:47.929Z,6
DEMO-DEV-1880,511,2022-10-02T08:58:07.965Z,2026-09-28T12:04:38.219Z,7
DEMO-DEV-1971,511,2022-10-01T19:35:02.557Z,2026-09-28T18:51:12.287Z,7
DEMO-DEV-2120,511,2022-10-06T07:55:29.778Z,2026-09-29T08:42:15.172Z,6
DEMO-DEV-2175,511,2022-10-04T08:28:25.077Z,2026-09-29T04:29:09.073Z,7
DEMO-DEV-2261,511,2022-10-05T13:38:35.014Z,2026-09-26T12:34:56.352Z,7
DEMO-DEV-2274,511,2022-10-03T01:12:15.357Z,2026-09-28T11:00:04.714Z,7
DEMO-DEV-2281,511,2022-10-06T22:08:56.298Z,2026-09-29T23:10:34.004Z,7
DEMO-DEV-2309,511,2022-10-04T09:38:15.298Z,2026-09-25T11:47:14.402Z,7
DEMO-DEV-2384,511,2022-10-01T08:54:57.138Z,2026-09-28T07:37:28.513Z,6
DEMO-DEV-2632,511,2022-10-03T02:29:09.870Z,2026-09-26T18:22:09.155Z,7
DEMO-DEV-2870,511,2022-10-01T22:23:26.785Z,2026-09-29T21:46:27.366Z,7
DEMO-DEV-2911,511,2022-10-07T14:25:12.735Z,2026-09-29T23:43:03.015Z,7
DEMO-DEV-2913,511,2022-10-04T22:09:06.455Z,2026-09-30T05:20:06.075Z,6
DEMO-DEV-2970,511,2022-10-02T03:48:25.493Z,2026-09-27T14:24:39.409Z,6
DEMO-DEV-3000,511,2022-10-02T01:26:54.485Z,2026-09-29T21:19:38.803Z,7
DEMO-DEV-3143,511,2022-10-08T00:58:25.754Z,2026-09-28T23:13:04.784Z,7
DEMO-DEV-3156,511,2022-10-02T23:44:08.841Z,2026-09-28T20:10:44.915Z,7
DEMO-DEV-3171,511,2022-10-02T06:48:33.682Z,2026-09-27T02:28:50.655Z,7
DEMO-DEV-3179,511,2022-10-03T20:21:34.537Z,2026-09-29T21:17:57.365Z,7
DEMO-DEV-3318,511,2022-10-02T03:43:53.646Z,2026-09-23T23:38:43.784Z,6
DEMO-DEV-3361,511,2022-10-05T05:21:00.037Z,2026-09-27T22:15:23.929Z,7
DEMO-DEV-3450,511,2022-10-02T21:37:30.523Z,2026-09-28T02:26:23.985Z,7
DEMO-DEV-3493,511,2022-10-06T15:25:29.646Z,2026-09-27T18:45:58.597Z,6
DEMO-DEV-3621,511,2022-10-02T16:41:42.968Z,2026-09-27T08:28:15.668Z,7
DEMO-DEV-3634,511,2022-10-04T18:10:58.738Z,2026-09-27T07:57:37.165Z,6
DEMO-DEV-3650,511,2022-10-02T04:50:53.073Z,2026-09-28T06:42:14.653Z,7
DEMO-DEV-3662,511,2022-10-04T08:42:00.867Z,2026-09-23T01:27:02.040Z,7
DEMO-DEV-3782,511,2022-10-05T21:52:09.057Z,2026-09-30T05:12:46.325Z,7
DEMO-DEV-3863,511,2022-10-08T10:33:50.719Z,2026-09-28T21:08:53.969Z,7
DEMO-DEV-3891,511,2022-10-04T20:55:32.578Z,2026-09-29T10:10:26.443Z,7
DEMO-DEV-3904,511,2022-10-07T08:24:48.021Z,2026-09-25T16:24:42.015Z,6
DEMO-DEV-3963,511,2022-10-04T22:07:55.806Z,2026-09-29T08:27:48.409Z,6
DEMO-DEV-4190,511,2022-10-11T09:05:37.168Z,2026-09-27T18:38:07.752Z,7
DEMO-DEV-4242,511,2022-10-02T00:03:40.618Z,2026-09-27T20:22:44.839Z,7
DEMO-DEV-4345,511,2022-10-02T11:51:56.868Z,2026-09-27T23:44:50.591Z,7
DEMO-DEV-4356,511,2022-10-03T00:15:20.519Z,2026-09-23T11:49:07.806Z,7
DEMO-DEV-4405,511,2022-10-01T13:01:05.719Z,2026-09-28T08:49:56.221Z,7
DEMO-DEV-4473,511,2022-10-03T02:47:04.648Z,2026-09-30T05:56:43.224Z,6
DEMO-DEV-4652,511,2022-10-01T08:59:37.605Z,2026-09-28T15:04:21.319Z,7
DEMO-DEV-4659,511,2022-10-02T03:18:27.950Z,2026-09-29T06:51:40.618Z,7
DEMO-DEV-4723,511,2022-10-03T00:42:54.597Z,2026-09-29T17:48:14.655Z,7
DEMO-DEV-4790,511,2022-10-01T09:33:14.160Z,2026-09-29T13:13:06.203Z,6
DEMO-DEV-4944,511,2022-10-02T05:31:54.442Z,2026-09-30T08:06:08.161Z,7
DEMO-DEV-4945,511,2022-10-03T17:59:57.402Z,2026-09-30T04:23:43.236Z,6
DEMO-DEV-4988,511,2022-10-04T04:44:25.500Z,2026-09-24T21:13:36.287Z,7
DEMO-DEV-5000,511,2022-10-04T13:10:15.390Z,2026-09-29T23:59:39.134Z,7
DEMO-DEV-5011,511,2022-10-09T06:19:44.949Z,2026-09-23T21:45:05.236Z,6
DEMO-DEV-5114,511,2022-10-02T02:12:36.993Z,2026-09-24T05:18:17.524Z,7
DEMO-DEV-5242,511,2022-10-02T04:26:55.950Z,2026-09-30T05:19:40.138Z,7
DEMO-DEV-5334,511,2022-10-01T17:49:36.966Z,2026-09-28T13:10:04.027Z,7
DEMO-DEV-5378,511,2022-10-02T07:51:28.873Z,2026-09-29T18:07:16.403Z,7
DEMO-DEV-5410,511,2022-10-01T13:29:52.428Z,2026-09-29T09:22:56.765Z,7
DEMO-DEV-5456,511,2022-10-02T20:51:36.222Z,2026-09-29T19:12:13.289Z,7
DEMO-DEV-5484,511,2022-10-02T10:42:29.234Z,2026-09-24T12:44:37.394Z,7
DEMO-DEV-5585,511,2022-10-02T13:31:19.556Z,2026-09-29T10:56:13.843Z,7
DEMO-DEV-5617,511,2022-10-02T18:56:23.203Z,2026-09-29T14:24:48.929Z,7
DEMO-DEV-5719,511,2022-10-05T15:42:53.291Z,2026-09-27T16:32:33.914Z,7
DEMO-DEV-5777,511,2022-10-03T04:57:26.591Z,2026-09-22T21:20:39.605Z,7
DEMO-DEV-5884,511,2022-10-05T01:32:54.842Z,2026-09-28T01:39:39.926Z,7
DEMO-DEV-6072,511,2022-10-01T12:16:45.870Z,2026-09-29T19:58:05.503Z,5
DEMO-DEV-6456,511,2022-10-01T13:10:58.300Z,2026-09-29T13:43:31.428Z,6
DEMO-DEV-6498,511,2022-10-01T11:05:16.782Z,2026-09-30T01:20:56.846Z,7
DEMO-DEV-6532,511,2022-10-02T10:21:59.204Z,2026-09-30T03:07:34.224Z,7
DEMO-DEV-6540,511,2022-10-02T06:45:53.366Z,2026-09-24T18:54:02.578Z,6
DEMO-DEV-6545,511,2022-10-05T02:17:28.868Z,2026-09-28T13:52:11.428Z,7
DEMO-DEV-6549,511,2022-10-06T10:11:39.793Z,2026-09-29T04:43:05.537Z,5
DEMO-DEV-6554,511,2022-10-01T12:10:59.968Z,2026-09-27T23:49:10.864Z,7
DEMO-DEV-6573,511,2022-10-07T10:52:27.161Z,2026-09-20T12:51:34.778Z,7
DEMO-DEV-6826,511,2022-10-03T10:27:30.038Z,2026-09-30T04:34:45.503Z,7
DEMO-DEV-6875,511,2022-10-03T11:16:47.415Z,2026-09-25T11:54:45.090Z,6
DEMO-DEV-7267,511,2022-10-06T09:50:33.391Z,2026-09-28T10:03:21.612Z,7
DEMO-DEV-7280,511,2022-10-01T12:45:24.239Z,2026-09-30T04:50:10.027Z,7
DEMO-DEV-7602,511,2022-10-03T01:50:37.868Z,2026-09-27T21:26:15.443Z,7
DEMO-DEV-7627,511,2022-10-06T11:34:43.345Z,2026-09-27T05:05:15.535Z,7
DEMO-DEV-7809,511,2022-10-02T00:48:02.816Z,2026-09-30T08:13:15.370Z,7
DEMO-DEV-7881,511,2022-10-05T23:25:11.816Z,2026-09-28T13:22:17.402Z,7
DEMO-DEV-8058,511,2022-10-03T09:36:44.618Z,2026-09-29T07:43:57.782Z,7
DEMO-DEV-8143,511,2022-10-03T20:29:25.288Z,2026-09-25T12:26:14.446Z,7
DEMO-DEV-8146,511,2022-10-05T21:50:31.466Z,2026-09-29T02:09:35.859Z,6
DEMO-DEV-8157,511,2022-10-05T05:04:51.189Z,2026-09-26T10:15:10.950Z,6
DEMO-DEV-8162,511,2022-10-01T16:14:33.300Z,2026-09-29T19:48:26.765Z,7
DEMO-DEV-8170,511,2022-10-07T03:24:37.646Z,2026-09-29T16:03:26.965Z,6
DEMO-DEV-8197,511,2022-10-02T09:18:16.949Z,2026-09-24T14:54:00.168Z,5
DEMO-DEV-8228,511,2022-10-07T10:31:07.702Z,2026-09-27T21:01:29.688Z,7
DEMO-DEV-8247,511,2022-10-03T13:54:22.688Z,2026-09-28T12:58:51.578Z,6
DEMO-DEV-8596,511,2022-10-05T11:30:08.354Z,2026-09-28T18:22:03.446Z,7
DEMO-DEV-8761,511,2022-10-06T05:55:20.519Z,2026-09-26T13:20:28.307Z,6
DEMO-DEV-8806,511,2022-10-05T15:34:50.778Z,2026-09-28T14:03:57.975Z,7
DEMO-DEV-8863,511,2022-10-02T06:20:08.068Z,2026-09-26T14:59:15.120Z,7
DEMO-DEV-8867,511,2022-10-06T23:41:07.658Z,2026-09-29T00:25:20.987Z,6
DEMO-DEV-8915,511,2022-10-02T05:07:29.519Z,2026-09-29T17:28:32.841Z,7
DEMO-DEV-8945,511,2022-10-04T21:17:28.368Z,2026-09-30T07:38:44.337Z,7
DEMO-DEV-8950,511,2022-10-01T10:10:25.460Z,2026-09-24T13:14:40.428Z,7
DEMO-DEV-9007,511,2022-10-03T20:37:35.307Z,2026-09-16T15:39:36.493Z,6
DEMO-DEV-9031,511,2022-10-01T18:14:43.839Z,2026-09-28T15:30:52.668Z,6
DEMO-DEV-9113,511,2022-10-02T17:31:40.618Z,2026-09-27T09:10:16.597Z,6
DEMO-DEV-9115,511,2022-10-04T08:50:50.646Z,2026-09-23T22:40:24.190Z,6
DEMO-DEV-9183,511,2022-10-02T08:33:31.836Z,2026-09-28T00:49:51.811Z,6
DEMO-DEV-9285,511,2022-10-08T10:25:44.816Z,2026-09-26T01:31:35.710Z,7
DEMO-DEV-9363,511,2022-10-01T17:05:26.368Z,2026-09-27T23:52:12.727Z,7
DEMO-DEV-9384,511,2022-10-01T17:01:50.155Z,2026-09-28T13:56:56.738Z,7
DEMO-DEV-9417,511,2022-10-01T18:06:04.205Z,2026-09-29T03:58:14.597Z,7
DEMO-DEV-9460,511,2022-10-01T12:16:58.666Z,2026-09-28T14:09:29.287Z,7
DEMO-DEV-9463,511,2022-10-04T20:45:59.513Z,2026-09-29T13:48:33.211Z,7
DEMO-DEV-9482,511,2022-10-01T12:17:02.219Z,2026-09-24T06:29:00.298Z,7
DEMO-DEV-9595,511,2022-10-01T16:18:46.692Z,2026-09-20T11:43:10.636Z,7
DEMO-DEV-9598,511,2022-10-06T22:37:37.555Z,2026-09-28T18:05:24.668Z,6
DEMO-DEV-9722,511,2022-10-03T07:44:04.966Z,2026-09-29T21:23:34.714Z,6
DEMO-DEV-9754,511,2022-10-04T12:21:32.658Z,2026-09-28T23:56:24.026Z,7
DEMO-DEV-9776,511,2022-10-03T04:32:59.172Z,2026-09-28T23:58:22.841Z,7
DEMO-DEV-9789,511,2022-10-01T15:16:10.307Z,2026-09-29T07:25:28.370Z,6
DEMO-DEV-9792,511,2022-10-06T10:37:30.308Z,2026-09-29T14:56:46.846Z,7
DEMO-DEV-9799,511,2022-10-08T12:00:21.238Z,2026-09-29T21:23:31.289Z,6
DEMO-DEV-9805,511,2022-10-04T14:19:10.976Z,2026-09-30T04:41:41.004Z,6
DEMO-DEV-9839,511,2022-10-02T15:05:33.702Z,2026-09-21T18:52:36.003Z,7
DEMO-DEV-9940,511,2022-10-06T02:40:05.545Z,2026-09-29T11:37:38.863Z,6
DEMO-DEV-9978,511,2022-10-03T20:43:48.702Z,2026-09-24T20:17:59.234Z,6
DEMO-DEV-0121,510,2022-10-01T13:01:06.493Z,2026-09-29T21:04:33.288Z,7
DEMO-DEV-0183,510,2022-10-03T04:38:20.221Z,2026-09-29T11:44:09.319Z,7
DEMO-DEV-0226,510,2022-10-01T11:51:45.190Z,2026-09-29T02:08:28.803Z,7
DEMO-DEV-0228,510,2022-10-02T18:59:40.989Z,2026-09-27T09:44:51.236Z,6
DEMO-DEV-0385,510,2022-10-01T11:03:09.873Z,2026-09-30T04:45:22.203Z,6
DEMO-DEV-0434,510,2022-10-04T14:17:16.087Z,2026-09-20T00:36:13.917Z,7
DEMO-DEV-0512,510,2022-10-06T16:38:36.864Z,2026-09-27T18:24:16.784Z,6
DEMO-DEV-0525,510,2022-10-04T04:45:51.692Z,2026-09-23T01:16:07.080Z,7
DEMO-DEV-0563,510,2022-10-02T07:41:06.075Z,2026-09-25T12:02:09.208Z,7
DEMO-DEV-0736,510,2022-10-02T00:39:55.370Z,2026-09-29T01:40:00.877Z,7
DEMO-DEV-0806,510,2022-10-03T09:30:37.402Z,2026-09-24T16:33:30.727Z,6
DEMO-DEV-0819,510,2022-10-02T12:23:18.172Z,2026-09-26T15:09:49.409Z,7
DEMO-DEV-0913,510,2022-10-03T06:41:24.319Z,2026-09-25T15:10:43.236Z,7
DEMO-DEV-0924,510,2022-10-02T18:29:40.403Z,2026-09-29T21:08:43.139Z,7
DEMO-DEV-1003,510,2022-10-01T10:01:10.442Z,2026-09-26T11:53:28.987Z,6
DEMO-DEV-1020,510,2022-10-07T04:14:22.666Z,2026-09-28T00:51:14.950Z,7
DEMO-DEV-1041,510,2022-10-04T11:49:22.472Z,2026-09-30T02:28:39.738Z,6
DEMO-DEV-1086,510,2022-10-02T04:48:04.040Z,2026-09-29T21:13:02.735Z,7
DEMO-DEV-1090,510,2022-10-04T02:24:11.397Z,2026-09-28T21:24:18.319Z,7
DEMO-DEV-1122,510,2022-10-01T16:46:31.460Z,2026-09-27T01:06:23.394Z,7
DEMO-DEV-1184,510,2022-10-03T00:32:28.926Z,2026-09-30T06:22:25.877Z,7
DEMO-DEV-1310,510,2022-10-03T02:14:49.803Z,2026-09-29T10:07:46.045Z,7
DEMO-DEV-1338,510,2022-10-03T12:00:04.003Z,2026-09-25T18:49:04.607Z,6
DEMO-DEV-1367,510,2022-10-03T20:52:30.024Z,2026-09-28T10:32:58.493Z,6
DEMO-DEV-1384,510,2022-10-13T09:49:31.873Z,2026-09-16T22:43:51.403Z,7
DEMO-DEV-1417,510,2022-10-02T22:02:35.063Z,2026-09-30T07:12:19.870Z,6
DEMO-DEV-1478,510,2022-10-04T11:23:37.841Z,2026-09-30T07:19:54.891Z,7
DEMO-DEV-1722,510,2022-10-04T01:04:15.989Z,2026-09-27T01:33:16.246Z,7
DEMO-DEV-1738,510,2022-10-04T06:27:42.045Z,2026-09-24T03:17:03.825Z,7
DEMO-DEV-1797,510,2022-10-05T05:03:34.370Z,2026-09-29T21:10:51.568Z,7
DEMO-DEV-1817,510,2022-10-01T13:48:26.302Z,2026-09-20T12:25:25.786Z,7
DEMO-DEV-1833,510,2022-10-08T02:33:14.470Z,2026-09-28T09:50:59.885Z,7
DEMO-DEV-1984,510,2022-10-02T00:34:34.519Z,2026-09-27T14:06:56.692Z,7
DEMO-DEV-1994,510,2022-10-04T01:55:49.842Z,2026-09-30T03:44:12.987Z,7
DEMO-DEV-2012,510,2022-10-01T19:09:31.138Z,2026-09-29T02:42:53.203Z,7
DEMO-DEV-2042,510,2022-10-02T15:13:39.782Z,2026-09-29T10:44:32.825Z,6
DEMO-DEV-2049,510,2022-10-04T06:23:58.676Z,2026-09-29T15:29:50.782Z,7
DEMO-DEV-2062,510,2022-10-03T21:07:46.352Z,2026-09-29T09:16:45.836Z,7
DEMO-DEV-2081,510,2022-10-03T17:21:41.877Z,2026-09-29T09:11:58.591Z,6
DEMO-DEV-2115,510,2022-10-05T17:56:11.307Z,2026-09-30T04:48:19.816Z,7
DEMO-DEV-2159,510,2022-10-02T02:18:09.537Z,2026-09-20T17:22:40.682Z,7
DEMO-DEV-2559,510,2022-10-12T21:00:52.738Z,2026-09-26T04:15:30.460Z,7
DEMO-DEV-2564,510,2022-10-02T12:36:52.397Z,2026-09-29T23:57:09.870Z,6
DEMO-DEV-2700,510,2022-10-02T15:04:21.038Z,2026-09-29T08:50:29.307Z,7
DEMO-DEV-2748,510,2022-10-04T17:57:32.968Z,2026-09-27T04:52:24.352Z,6
DEMO-DEV-3097,510,2022-10-03T04:10:04.816Z,2026-09-28T21:37:44.298Z,6
DEMO-DEV-3208,510,2022-10-04T11:42:50.985Z,2026-09-22T08:23:32.719Z,7
DEMO-DEV-3222,510,2022-10-02T16:06:02.500Z,2026-09-29T15:52:37.172Z,7
DEMO-DEV-3329,510,2022-10-03T17:30:10.969Z,2026-09-25T14:23:59.315Z,7
DEMO-DEV-3351,510,2022-10-07T03:19:09.727Z,2026-09-26T06:21:24.253Z,7
DEMO-DEV-3386,510,2022-10-02T05:07:33.253Z,2026-09-28T12:51:06.913Z,7
DEMO-DEV-3475,510,2022-10-02T12:21:44.161Z,2026-09-28T20:26:34.298Z,7
DEMO-DEV-3506,510,2022-10-08T00:25:01.442Z,2026-09-28T10:20:46.063Z,7
DEMO-DEV-3551,510,2022-10-01T15:07:36.493Z,2026-09-23T03:12:56.357Z,7
DEMO-DEV-3602,510,2022-10-01T09:30:58.252Z,2026-09-13T04:47:39.817Z,7
DEMO-DEV-3660,510,2022-10-01T12:22:43.150Z,2026-09-23T20:24:48.027Z,7
DEMO-DEV-3693,510,2022-10-02T11:40:47.370Z,2026-09-21T07:01:38.075Z,6
DEMO-DEV-3893,510,2022-10-08T17:10:54.735Z,2026-09-27T19:54:58.948Z,6
DEMO-DEV-4123,510,2022-10-01T20:25:11.352Z,2026-09-27T13:02:23.080Z,6
DEMO-DEV-4204,510,2022-10-05T15:46:51.253Z,2026-09-30T01:44:27.867Z,6
DEMO-DEV-4430,510,2022-10-01T18:09:17.648Z,2026-09-24T21:26:59.387Z,7
DEMO-DEV-4541,510,2022-10-09T01:56:32.015Z,2026-09-30T02:25:05.368Z,6
DEMO-DEV-4548,510,2022-10-04T19:30:19.203Z,2026-09-28T16:44:08.597Z,7
DEMO-DEV-4559,510,2022-10-03T12:27:24.511Z,2026-09-28T19:36:28.842Z,7
DEMO-DEV-4668,510,2022-10-03T02:01:49.428Z,2026-09-29T03:19:35.057Z,7
DEMO-DEV-4678,510,2022-10-04T03:20:07.735Z,2026-09-25T11:00:55.599Z,7
DEMO-DEV-4719,510,2022-10-11T05:19:50.884Z,2026-09-29T19:08:48.023Z,7
DEMO-DEV-4765,510,2022-10-03T09:53:54.824Z,2026-09-28T21:29:36.914Z,7
DEMO-DEV-4881,510,2022-10-03T02:20:00.168Z,2026-09-27T10:18:53.868Z,7
DEMO-DEV-4958,510,2022-10-07T04:22:32.307Z,2026-09-29T00:02:10.612Z,7
DEMO-DEV-5037,510,2022-10-01T11:45:01.929Z,2026-09-29T19:42:12.817Z,7
DEMO-DEV-5069,510,2022-10-11T13:01:17.123Z,2026-09-26T19:15:34.218Z,7
DEMO-DEV-5080,510,2022-10-02T17:26:16.172Z,2026-09-22T01:05:35.352Z,6
DEMO-DEV-5091,510,2022-10-01T11:31:19.885Z,2026-09-30T06:26:13.300Z,7
DEMO-DEV-5158,510,2022-10-03T10:12:32.655Z,2026-09-29T13:52:28.508Z,6
DEMO-DEV-5188,510,2022-10-04T01:37:30.884Z,2026-09-27T10:53:31.692Z,7
DEMO-DEV-5191,510,2022-10-01T09:18:29.639Z,2026-09-27T06:01:20.825Z,7
DEMO-DEV-5210,510,2022-10-07T11:20:15.073Z,2026-09-27T17:31:54.057Z,6
DEMO-DEV-5225,510,2022-10-03T19:40:27.505Z,2026-09-27T01:14:04.965Z,7
DEMO-DEV-5445,510,2022-10-06T05:58:39.352Z,2026-09-27T07:34:59.786Z,7
DEMO-DEV-5446,510,2022-10-01T16:28:07.868Z,2026-09-29T00:13:41.090Z,6
DEMO-DEV-5469,510,2022-10-08T05:35:06.397Z,2026-09-27T03:07:57.929Z,7
DEMO-DEV-5569,510,2022-10-02T13:17:10.250Z,2026-09-22T13:35:57.068Z,7
DEMO-DEV-5622,510,2022-10-02T02:42:18.204Z,2026-09-30T01:42:56.692Z,6
DEMO-DEV-5671,510,2022-10-02T11:17:01.692Z,2026-09-26T07:25:20.851Z,6
DEMO-DEV-5751,510,2022-10-05T03:14:42.867Z,2026-09-28T17:38:38.038Z,6
DEMO-DEV-5764,510,2022-10-06T12:24:00.190Z,2026-09-24T04:38:39.799Z,7
DEMO-DEV-5862,510,2022-10-02T16:48:37.040Z,2026-09-30T04:08:39.254Z,7
DEMO-DEV-5914,510,2022-10-04T15:38:16.950Z,2026-09-26T14:39:42.218Z,6
DEMO-DEV-6010,510,2022-10-01T18:16:46.246Z,2026-09-27T18:06:14.319Z,7
DEMO-DEV-6111,510,2022-10-02T00:10:06.183Z,2026-09-24T01:02:10.415Z,7
DEMO-DEV-6112,510,2022-10-04T07:26:53.387Z,2026-09-28T15:24:19.568Z,6
DEMO-DEV-6184,510,2022-10-04T13:40:42.778Z,2026-09-26T07:50:32.192Z,7
DEMO-DEV-6377,510,2022-10-03T07:35:54.168Z,2026-09-25T20:23:40.992Z,6
DEMO-DEV-6447,510,2022-10-02T06:25:16.192Z,2026-09-29T03:40:48.688Z,6
DEMO-DEV-6452,510,2022-10-03T10:27:42.891Z,2026-09-26T01:41:04.692Z,7
DEMO-DEV-6526,510,2022-10-08T16:35:37.472Z,2026-09-29T08:52:50.073Z,7
DEMO-DEV-6542,510,2022-10-07T03:48:06.885Z,2026-09-27T10:40:37.915Z,7
DEMO-DEV-6689,510,2022-10-01T16:22:25.080Z,2026-09-25T04:14:10.782Z,6
DEMO-DEV-6701,510,2022-10-04T12:43:02.503Z,2026-09-29T16:00:41.752Z,7
DEMO-DEV-6703,510,2022-10-02T02:20:44.205Z,2026-09-27T09:29:27.752Z,7
DEMO-DEV-6955,510,2022-10-12T08:02:37.138Z,2026-09-29T17:51:40.415Z,6
DEMO-DEV-6956,510,2022-10-03T16:04:37.337Z,2026-09-29T04:50:50.337Z,6
DEMO-DEV-6992,510,2022-10-01T19:00:04.211Z,2026-09-29T06:14:35.238Z,7
DEMO-DEV-7021,510,2022-10-09T15:06:28.397Z,2026-09-28T02:27:00.428Z,7
DEMO-DEV-7084,510,2022-10-02T02:52:34.218Z,2026-09-28T15:20:57.863Z,6
DEMO-DEV-7099,510,2022-10-02T15:55:42.824Z,2026-09-24T23:10:07.302Z,6
DEMO-DEV-7143,510,2022-10-02T21:48:30.727Z,2026-09-28T03:14:04.252Z,6
DEMO-DEV-7145,510,2022-10-01T11:28:28.402Z,2026-09-28T15:40:51.236Z,6
DEMO-DEV-7271,510,2022-10-04T19:41:16.578Z,2026-09-21T22:25:09.134Z,7
DEMO-DEV-7607,510,2022-10-02T22:54:28.138Z,2026-09-21T14:40:31.607Z,7
DEMO-DEV-7616,510,2022-10-02T04:24:07.172Z,2026-09-29T23:54:59.272Z,7
DEMO-DEV-7623,510,2022-10-02T16:47:42.221Z,2026-09-23T02:58:43.584Z,5
DEMO-DEV-7649,510,2022-10-02T15:19:37.535Z,2026-09-28T14:07:24.784Z,7
DEMO-DEV-7687,510,2022-10-03T12:44:39.370Z,2026-09-29T19:37:22.867Z,7
DEMO-DEV-7753,510,2022-10-04T22:46:03.230Z,2026-09-26T17:51:15.727Z,7
DEMO-DEV-7802,510,2022-10-03T10:11:02.442Z,2026-09-29T11:48:27.842Z,7
DEMO-DEV-7898,510,2022-10-03T01:45:26.225Z,2026-09-30T04:03:06.992Z,7
DEMO-DEV-7955,510,2022-10-03T13:51:17.839Z,2026-09-28T04:35:35.929Z,7
DEMO-DEV-8132,510,2022-10-04T16:28:54.605Z,2026-09-20T19:46:31.950Z,7
DEMO-DEV-8196,510,2022-10-05T17:50:11.307Z,2026-09-30T06:39:44.993Z,6
DEMO-DEV-8198,510,2022-10-02T21:51:45.224Z,2026-09-28T16:21:17.368Z,6
DEMO-DEV-8204,510,2022-10-01T12:32:34.172Z,2026-09-27T07:11:25.804Z,7
DEMO-DEV-8217,510,2022-10-01T19:15:43.368Z,2026-09-18T09:59:12.123Z,6
DEMO-DEV-8219,510,2022-10-01T13:22:37.503Z,2026-09-30T04:49:16.786Z,7
DEMO-DEV-8223,510,2022-10-02T22:58:55.545Z,2026-09-27T04:59:26.173Z,7
DEMO-DEV-8273,510,2022-10-01T14:29:32.519Z,2026-09-30T06:20:42.409Z,7
DEMO-DEV-8276,510,2022-10-01T14:43:47.851Z,2026-09-27T05:59:21.366Z,7
DEMO-DEV-8319,510,2022-10-04T18:22:08.190Z,2026-09-24T23:33:29.523Z,6
DEMO-DEV-8344,510,2022-10-02T06:25:39.612Z,2026-09-21T02:57:20.298Z,7
DEMO-DEV-8363,510,2022-10-02T03:59:59.246Z,2026-09-23T18:59:17.238Z,6
DEMO-DEV-8590,510,2022-10-02T10:02:33.605Z,2026-09-29T08:55:59.727Z,7
DEMO-DEV-8732,510,2022-10-02T10:21:01.646Z,2026-09-27T08:29:00.023Z,7
DEMO-DEV-8792,510,2022-10-03T00:38:05.466Z,2026-09-29T20:32:50.948Z,7
DEMO-DEV-8803,510,2022-10-01T21:29:16.989Z,2026-09-24T05:10:28.315Z,7
DEMO-DEV-8842,510,2022-10-02T05:16:55.428Z,2026-09-28T23:50:35.804Z,7
DEMO-DEV-8846,510,2022-10-01T10:38:26.811Z,2026-09-22T07:59:48.226Z,7
DEMO-DEV-8852,510,2022-10-02T06:01:52.655Z,2026-09-28T07:35:12.555Z,6
DEMO-DEV-8871,510,2022-10-04T16:38:42.442Z,2026-09-29T22:15:52.824Z,7
DEMO-DEV-8876,510,2022-10-02T02:42:05.915Z,2026-09-29T17:01:39.578Z,7
DEMO-DEV-8882,510,2022-10-02T19:50:47.816Z,2026-09-28T14:13:08.719Z,7
DEMO-DEV-8886,510,2022-10-03T21:13:58.446Z,2026-09-29T18:26:28.968Z,7
DEMO-DEV-8955,510,2022-10-04T17:33:40.870Z,2026-09-30T02:10:24.354Z,7
DEMO-DEV-9062,510,2022-10-05T21:00:07.523Z,2026-09-23T10:18:40.390Z,7
DEMO-DEV-9217,510,2022-10-02T04:49:01.493Z,2026-09-25T11:01:11.527Z,7
DEMO-DEV-9434,510,2022-10-02T04:56:20.795Z,2026-09-20T09:45:48.508Z,6
DEMO-DEV-9550,510,2022-10-03T08:15:34.914Z,2026-09-27T16:18:32.308Z,7
DEMO-DEV-9569,510,2022-10-08T03:35:59.289Z,2026-09-30T05:39:30.892Z,7
DEMO-DEV-9585,510,2022-10-02T04:49:30.325Z,2026-09-29T18:52:39.368Z,6
DEMO-DEV-9596,510,2022-10-19T23:16:35.239Z,2026-09-29T20:10:28.503Z,7
DEMO-DEV-9870,510,2022-10-02T06:10:02.618Z,2026-09-30T04:12:44.470Z,7
DEMO-DEV-9884,510,2022-10-02T07:30:31.236Z,2026-09-27T21:31:19.203Z,7
DEMO-DEV-9904,510,2022-10-02T22:36:39.038Z,2026-09-18T18:49:33.300Z,6
DEMO-DEV-9990,510,2022-10-03T14:23:55.134Z,2026-09-26T09:49:33.319Z,7
DEMO-DEV-0029,509,2022-10-02T06:05:13.965Z,2026-09-28T09:18:24.394Z,7
DEMO-DEV-0030,509,2022-10-14T20:10:56.023Z,2026-09-28T02:00:15.230Z,7
DEMO-DEV-0088,509,2022-10-02T09:54:45.537Z,2026-09-29T19:39:36.523Z,6
DEMO-DEV-0090,509,2022-10-01T21:25:04.203Z,2026-09-27T15:00:08.795Z,6
DEMO-DEV-0141,509,2022-10-02T14:17:15.676Z,2026-09-29T03:59:59.470Z,6
DEMO-DEV-0256,509,2022-10-01T09:26:46.015Z,2026-09-25T15:32:31.688Z,7
DEMO-DEV-0371,509,2022-10-13T19:56:24.204Z,2026-09-22T23:34:24.493Z,7
DEMO-DEV-0519,509,2022-10-03T17:55:41.222Z,2026-09-20T01:07:36.824Z,7
DEMO-DEV-0602,509,2022-10-01T15:50:13.470Z,2026-09-29T18:33:39.968Z,7
DEMO-DEV-0744,509,2022-10-04T22:20:14.234Z,2026-09-29T19:31:04.460Z,7
DEMO-DEV-0752,509,2022-10-03T19:10:49.394Z,2026-09-30T03:30:12.950Z,7
DEMO-DEV-0799,509,2022-10-01T08:32:56.668Z,2026-09-29T00:24:02.948Z,6
DEMO-DEV-0836,509,2022-10-01T12:56:19.073Z,2026-09-27T08:42:37.682Z,6
DEMO-DEV-0845,509,2022-10-02T17:30:17.003Z,2026-09-29T05:22:51.926Z,7
DEMO-DEV-0889,509,2022-10-01T18:11:32.068Z,2026-09-25T21:41:20.653Z,7
DEMO-DEV-0892,509,2022-10-04T06:09:26.618Z,2026-09-28T08:52:59.254Z,6
DEMO-DEV-0917,509,2022-10-03T10:54:52.557Z,2026-09-28T14:51:05.618Z,6
DEMO-DEV-0987,509,2022-10-05T21:42:53.537Z,2026-09-12T09:29:22.307Z,7
DEMO-DEV-1026,509,2022-10-05T01:08:14.168Z,2026-09-29T19:18:47.138Z,6
DEMO-DEV-1034,509,2022-10-02T19:31:12.568Z,2026-09-23T14:40:15.618Z,6
DEMO-DEV-1138,509,2022-10-02T22:56:29.319Z,2026-09-27T17:29:46.786Z,6
DEMO-DEV-1208,509,2022-10-08T07:04:43.646Z,2026-09-29T19:20:43.503Z,6
DEMO-DEV-1253,509,2022-10-01T19:34:07.370Z,2026-09-25T21:39:48.470Z,7
DEMO-DEV-1279,509,2022-10-02T18:25:27.165Z,2026-09-29T16:30:15.155Z,6
DEMO-DEV-1349,509,2022-10-01T09:34:15.287Z,2026-09-24T02:37:18.203Z,7
DEMO-DEV-1394,509,2022-10-05T13:43:08.614Z,2026-09-29T13:25:59.505Z,7
DEMO-DEV-1555,509,2022-10-07T07:59:12.974Z,2026-09-29T09:17:22.965Z,6
DEMO-DEV-1603,509,2022-10-04T08:55:42.792Z,2026-09-30T02:34:27.513Z,7
DEMO-DEV-1647,509,2022-10-03T00:08:03.636Z,2026-09-25T17:09:43.765Z,7
DEMO-DEV-1687,509,2022-10-05T08:08:50.315Z,2026-09-27T20:08:07.727Z,7
DEMO-DEV-1846,509,2022-10-02T02:04:17.302Z,2026-09-29T12:42:11.291Z,7
DEMO-DEV-1853,509,2022-10-02T05:12:55.087Z,2026-09-27T19:23:04.155Z,7
DEMO-DEV-2037,509,2022-10-01T14:09:15.636Z,2026-09-24T21:02:10.676Z,7
DEMO-DEV-2059,509,2022-10-03T05:54:42.038Z,2026-09-30T04:49:27.155Z,7
DEMO-DEV-2160,509,2022-10-03T23:46:43.391Z,2026-09-28T10:58:42.063Z,7
DEMO-DEV-2235,509,2022-10-11T03:37:08.203Z,2026-09-21T05:09:48.968Z,7
DEMO-DEV-2246,509,2022-10-06T07:03:28.037Z,2026-09-29T01:01:17.646Z,7
DEMO-DEV-2275,509,2022-10-01T23:37:47.846Z,2026-09-29T17:26:30.354Z,7
DEMO-DEV-2328,509,2022-10-01T17:08:17.778Z,2026-09-22T21:26:17.203Z,6
DEMO-DEV-2375,509,2022-10-06T00:39:49.612Z,2026-09-30T04:35:31.841Z,7
DEMO-DEV-2389,509,2022-10-04T07:29:44.843Z,2026-09-22T00:29:13.239Z,7
DEMO-DEV-2392,509,2022-10-04T21:31:27.556Z,2026-09-30T05:46:23.370Z,6
DEMO-DEV-2554,509,2022-10-01T19:15:23.077Z,2026-09-28T09:18:01.891Z,7
DEMO-DEV-2611,509,2022-10-10T04:03:54.080Z,2026-09-27T21:52:11.965Z,7
DEMO-DEV-2617,509,2022-10-01T19:57:42.357Z,2026-09-22T20:39:15.524Z,6
DEMO-DEV-2625,509,2022-10-06T17:21:59.500Z,2026-09-28T22:19:03.976Z,6
DEMO-DEV-2681,509,2022-10-01T10:18:57.806Z,2026-09-28T14:13:11.428Z,6
DEMO-DEV-2682,509,2022-10-04T08:45:38.584Z,2026-09-30T07:36:38.150Z,6
DEMO-DEV-2711,509,2022-10-08T12:20:50.987Z,2026-09-29T02:38:55.139Z,7
DEMO-DEV-2856,509,2022-10-05T14:18:59.221Z,2026-09-28T01:03:33.045Z,7
DEMO-DEV-2861,509,2022-10-03T03:17:31.666Z,2026-09-29T04:45:13.612Z,6
DEMO-DEV-2971,509,2022-10-05T10:47:30.365Z,2026-09-24T09:25:23.870Z,6
DEMO-DEV-2975,509,2022-10-09T17:23:40.234Z,2026-09-25T08:07:35.503Z,7
DEMO-DEV-3020,509,2022-10-10T22:11:06.302Z,2026-09-27T15:08:46.161Z,7
DEMO-DEV-3055,509,2022-10-01T14:17:51.976Z,2026-09-29T12:25:31.077Z,7
DEMO-DEV-3177,509,2022-10-03T00:43:16.268Z,2026-09-25T03:19:57.225Z,7
DEMO-DEV-3358,509,2022-10-05T06:05:59.470Z,2026-09-26T00:20:47.470Z,6
DEMO-DEV-3419,509,2022-10-02T22:06:33.246Z,2026-09-27T22:48:24.222Z,7
DEMO-DEV-3540,509,2022-10-07T14:39:09.778Z,2026-09-28T08:13:29.545Z,7
DEMO-DEV-3629,509,2022-10-02T20:03:16.023Z,2026-09-28T15:27:01.646Z,7
DEMO-DEV-3673,509,2022-10-01T10:17:03.966Z,2026-09-30T03:27:31.150Z,7
DEMO-DEV-3730,509,2022-10-03T18:39:27.192Z,2026-09-26T22:20:21.843Z,6
DEMO-DEV-3737,509,2022-10-02T20:38:13.387Z,2026-09-13T07:12:20.976Z,7
DEMO-DEV-3835,509,2022-10-03T19:06:53.014Z,2026-09-29T17:30:51.073Z,6
DEMO-DEV-3877,509,2022-10-01T13:36:34.308Z,2026-09-27T10:18:15.646Z,6
DEMO-DEV-3880,509,2022-10-09T15:55:56.524Z,2026-09-25T11:58:39.205Z,7
DEMO-DEV-3911,509,2022-10-03T09:12:10.026Z,2026-09-27T23:39:43.173Z,7
DEMO-DEV-3981,509,2022-10-01T17:53:53.172Z,2026-09-25T01:17:10.027Z,7
DEMO-DEV-4034,509,2022-10-01T22:07:15.864Z,2026-09-29T12:57:56.851Z,6
DEMO-DEV-4054,509,2022-10-02T17:18:40.300Z,2026-09-30T04:20:41.949Z,6
DEMO-DEV-4117,509,2022-10-02T06:44:12.843Z,2026-09-27T22:11:19.508Z,7
DEMO-DEV-4230,509,2022-10-04T11:43:54.391Z,2026-09-29T16:47:55.288Z,6
DEMO-DEV-4304,509,2022-10-04T00:04:49.505Z,2026-09-28T23:12:02.287Z,7
DEMO-DEV-4311,509,2022-10-02T13:41:39.524Z,2026-09-29T22:37:03.023Z,7
DEMO-DEV-4393,509,2022-10-04T04:47:34.466Z,2026-09-30T05:12:06.354Z,7
DEMO-DEV-4471,509,2022-10-04T10:14:00.226Z,2026-09-29T17:56:47.859Z,7
DEMO-DEV-4493,509,2022-10-03T03:55:51.308Z,2026-09-27T09:47:16.428Z,6
DEMO-DEV-4504,509,2022-10-01T16:19:13.368Z,2026-09-29T16:56:46.368Z,7
DEMO-DEV-4588,509,2022-10-05T15:59:17.204Z,2026-09-28T12:13:05.864Z,7
DEMO-DEV-4594,509,2022-10-02T15:43:17.134Z,2026-09-16T22:23:31.442Z,6
DEMO-DEV-4625,509,2022-10-04T17:40:05.591Z,2026-09-28T23:12:47.443Z,6
DEMO-DEV-4658,509,2022-10-05T22:40:35.268Z,2026-09-28T16:15:49.402Z,7
DEMO-DEV-4662,509,2022-10-04T10:52:04.843Z,2026-09-30T01:21:50.354Z,7
DEMO-DEV-4706,509,2022-10-03T08:57:26.415Z,2026-09-22T00:03:22.765Z,6
DEMO-DEV-4731,509,2022-10-03T07:16:22.026Z,2026-09-27T22:19:45.646Z,7
DEMO-DEV-4739,509,2022-10-01T17:46:33.658Z,2026-09-27T12:05:44.203Z,6
DEMO-DEV-4764,509,2022-10-01T15:45:54.793Z,2026-09-27T10:47:16.289Z,7
DEMO-DEV-4840,509,2022-10-02T17:28:17.397Z,2026-09-30T05:35:22.692Z,7
DEMO-DEV-4895,509,2022-10-02T05:18:58.879Z,2026-09-29T00:52:39.992Z,6
DEMO-DEV-5022,509,2022-10-04T00:31:11.403Z,2026-09-30T00:52:47.038Z,6
DEMO-DEV-5058,509,2022-10-02T15:18:47.804Z,2026-09-30T07:31:37.666Z,7
DEMO-DEV-5099,509,2022-10-03T13:09:06.795Z,2026-09-30T04:14:52.268Z,7
DEMO-DEV-5219,509,2022-10-04T02:11:28.614Z,2026-09-29T17:18:38.879Z,6
DEMO-DEV-5247,509,2022-10-02T07:25:05.075Z,2026-09-28T15:52:00.497Z,7
DEMO-DEV-5276,509,2022-10-02T14:03:58.497Z,2026-09-24T06:30:30.291Z,7
DEMO-DEV-5292,509,2022-10-01T12:58:07.402Z,2026-09-28T12:18:42.024Z,6
DEMO-DEV-5306,509,2022-10-07T09:22:44.442Z,2026-09-27T06:56:20.597Z,6
DEMO-DEV-5317,509,2022-10-03T02:50:10.891Z,2026-09-29T11:50:59.272Z,7
DEMO-DEV-5356,509,2022-10-02T02:01:36.239Z,2026-09-30T07:36:45.218Z,7
DEMO-DEV-5390,509,2022-10-05T01:09:38.409Z,2026-09-29T15:53:57.307Z,6
DEMO-DEV-5408,509,2022-10-03T18:42:24.470Z,2026-09-29T04:27:04.870Z,6
DEMO-DEV-5584,509,2022-10-01T09:51:13.023Z,2026-09-25T16:08:31.607Z,7
DEMO-DEV-5599,509,2022-10-03T14:52:25.782Z,2026-09-27T19:59:30.226Z,7
DEMO-DEV-5710,509,2022-10-10T23:14:55.077Z,2026-09-29T07:38:04.239Z,7
DEMO-DEV-5754,509,2022-10-01T18:40:55.607Z,2026-09-18T11:24:04.646Z,7
DEMO-DEV-5908,509,2022-10-03T15:02:58.300Z,2026-09-28T21:11:27.239Z,6
DEMO-DEV-5958,509,2022-10-01T12:12:17.357Z,2026-09-27T09:27:29.646Z,6
DEMO-DEV-5966,509,2022-10-05T21:02:46.120Z,2026-09-24T10:29:33.599Z,6
DEMO-DEV-5989,509,2022-10-01T08:48:05.090Z,2026-09-28T16:45:25.252Z,7
DEMO-DEV-6106,509,2022-10-06T15:24:27.139Z,2026-09-26T14:54:23.068Z,7
DEMO-DEV-6260,509,2022-10-01T23:38:12.913Z,2026-09-24T00:57:57.666Z,7
DEMO-DEV-6269,509,2022-10-01T21:58:16.989Z,2026-09-26T22:25:35.252Z,7
DEMO-DEV-6455,509,2022-10-02T16:27:55.842Z,2026-09-27T21:05:28.224Z,6
DEMO-DEV-6496,509,2022-10-03T10:16:19.300Z,2026-09-25T11:56:51.639Z,7
DEMO-DEV-6646,509,2022-10-03T22:25:27.926Z,2026-09-25T19:39:35.968Z,5
DEMO-DEV-6694,509,2022-10-02T09:02:00.524Z,2026-09-23T14:18:58.877Z,7
DEMO-DEV-6899,509,2022-10-01T11:35:04.658Z,2026-09-28T06:27:16.497Z,6
DEMO-DEV-6970,509,2022-10-03T13:51:16.864Z,2026-09-29T11:02:42.397Z,6
DEMO-DEV-6999,509,2022-10-01T09:39:04.527Z,2026-09-28T18:10:19.466Z,6
DEMO-DEV-7027,509,2022-10-04T20:07:20.511Z,2026-09-25T21:46:18.839Z,7
DEMO-DEV-7161,509,2022-10-07T21:20:51.591Z,2026-09-20T00:01:21.786Z,7
DEMO-DEV-7185,509,2022-10-01T11:05:30.120Z,2026-09-17T06:39:24.254Z,6
DEMO-DEV-7258,509,2022-10-02T05:39:41.868Z,2026-09-29T23:28:56.268Z,6
DEMO-DEV-7264,509,2022-10-04T20:20:33.160Z,2026-09-29T02:19:02.968Z,7
DEMO-DEV-7317,509,2022-10-01T17:02:48.319Z,2026-09-29T21:11:53.591Z,7
DEMO-DEV-7335,509,2022-10-01T15:44:08.024Z,2026-09-30T03:43:45.370Z,7
DEMO-DEV-7370,509,2022-10-04T16:27:04.666Z,2026-09-28T16:59:49.040Z,6
DEMO-DEV-7417,509,2022-10-06T13:41:25.754Z,2026-09-26T11:06:16.989Z,6
DEMO-DEV-7420,509,2022-10-02T01:34:28.793Z,2026-09-28T12:32:33.222Z,7
DEMO-DEV-7448,509,2022-10-04T23:46:28.236Z,2026-09-29T18:39:38.714Z,6
DEMO-DEV-7590,509,2022-10-04T04:09:32.987Z,2026-09-28T18:07:11.535Z,6
DEMO-DEV-7603,509,2022-10-03T04:53:35.415Z,2026-09-27T22:41:10.172Z,7
DEMO-DEV-7654,509,2022-10-02T05:38:17.222Z,2026-09-28T01:56:19.455Z,7
DEMO-DEV-7679,509,2022-10-03T18:29:03.319Z,2026-09-28T12:30:26.252Z,7
DEMO-DEV-7818,509,2022-10-05T04:49:04.224Z,2026-09-30T05:46:14.892Z,7
DEMO-DEV-7819,509,2022-10-05T04:00:06.877Z,2026-09-29T23:39:09.989Z,7
DEMO-DEV-7822,509,2022-10-05T03:36:11.205Z,2026-09-29T21:13:12.676Z,7
DEMO-DEV-7834,509,2022-10-03T04:53:18.803Z,2026-09-28T22:18:12.234Z,7
DEMO-DEV-7977,509,2022-10-13T23:26:20.535Z,2026-09-24T19:45:27.714Z,6
DEMO-DEV-8301,509,2022-10-02T17:36:07.224Z,2026-09-29T20:05:16.040Z,6
DEMO-DEV-8350,509,2022-10-04T02:54:54.428Z,2026-09-28T07:31:14.612Z,7
DEMO-DEV-8355,509,2022-10-01T12:04:51.366Z,2026-09-28T21:58:20.555Z,7
DEMO-DEV-8444,509,2022-10-01T11:29:15.155Z,2026-09-29T19:30:51.189Z,6
DEMO-DEV-8506,509,2022-10-07T12:17:03.950Z,2026-09-21T01:55:24.545Z,6
DEMO-DEV-8601,509,2022-10-02T22:21:44.205Z,2026-09-28T07:32:04.090Z,6
DEMO-DEV-8629,509,2022-10-10T19:46:37.545Z,2026-09-29T06:21:26.365Z,7
DEMO-DEV-8681,509,2022-10-06T15:57:48.864Z,2026-09-26T08:46:22.950Z,7
DEMO-DEV-8684,509,2022-10-14T14:26:10.618Z,2026-09-29T01:48:24.150Z,7
DEMO-DEV-8738,509,2022-10-07T11:15:37.026Z,2026-09-29T23:39:37.150Z,7
DEMO-DEV-8944,509,2022-10-04T11:20:15.026Z,2026-09-28T23:06:37.843Z,7
DEMO-DEV-8954,509,2022-10-06T08:16:57.021Z,2026-09-28T03:35:41.873Z,6
DEMO-DEV-8959,509,2022-10-01T12:22:05.139Z,2026-09-28T12:04:46.368Z,7
DEMO-DEV-9149,509,2022-10-10T15:32:27.027Z,2026-09-28T21:11:36.524Z,7
DEMO-DEV-9164,509,2022-10-06T14:37:27.765Z,2026-09-30T07:43:08.503Z,6
DEMO-DEV-9187,509,2022-10-04T06:59:24.190Z,2026-09-28T10:36:57.989Z,7
DEMO-DEV-9393,509,2022-10-03T11:30:59.287Z,2026-09-29T11:48:32.676Z,7
DEMO-DEV-9466,509,2022-10-07T07:51:25.785Z,2026-09-29T03:17:02.288Z,6
DEMO-DEV-9600,509,2022-10-01T18:50:39.752Z,2026-09-25T08:31:19.040Z,7
DEMO-DEV-9603,509,2022-10-01T16:08:25.230Z,2026-09-29T16:11:05.817Z,7
DEMO-DEV-9626,509,2022-10-11T02:39:51.023Z,2026-09-30T07:28:48.090Z,7
DEMO-DEV-9833,509,2022-10-11T20:49:58.870Z,2026-09-28T06:53:28.370Z,6
DEMO-DEV-9901,509,2022-10-01T15:22:42.513Z,2026-09-24T13:53:51.470Z,7
DEMO-DEV-9966,509,2022-10-01T14:11:50.966Z,2026-09-25T03:04:07.578Z,7
DEMO-DEV-9987,509,2022-10-03T12:41:33.352Z,2026-09-27T10:05:22.230Z,7
DEMO-DEV-9989,509,2022-10-01T18:41:08.537Z,2026-09-26T13:17:43.985Z,6
DEMO-DEV-0059,508,2022-10-05T03:53:09.218Z,2026-09-29T05:50:23.161Z,7
DEMO-DEV-0134,508,2022-10-01T20:48:24.879Z,2026-09-27T21:11:24.021Z,7
DEMO-DEV-0381,508,2022-10-04T21:43:51.470Z,2026-09-29T06:19:57.612Z,7
DEMO-DEV-0453,508,2022-10-04T07:28:26.666Z,2026-09-28T00:33:01.391Z,7
DEMO-DEV-0504,508,2022-10-01T09:40:08.307Z,2026-09-28T19:18:48.428Z,7
DEMO-DEV-0514,508,2022-10-06T14:30:22.167Z,2026-09-25T07:20:50.173Z,6
DEMO-DEV-0542,508,2022-10-07T17:45:46.238Z,2026-09-28T03:19:19.607Z,7
DEMO-DEV-0550,508,2022-10-02T09:22:04.123Z,2026-09-27T16:37:11.150Z,6
DEMO-DEV-0566,508,2022-10-06T18:11:01.913Z,2026-09-29T03:25:15.319Z,7
DEMO-DEV-0621,508,2022-10-12T20:29:30.839Z,2026-09-26T17:19:30.319Z,7
DEMO-DEV-0672,508,2022-10-03T04:31:47.989Z,2026-09-29T20:06:58.806Z,7
DEMO-DEV-0704,508,2022-10-01T09:00:21.120Z,2026-09-30T04:25:54.038Z,7
DEMO-DEV-0793,508,2022-10-04T09:42:32.803Z,2026-09-21T14:01:40.817Z,6
DEMO-DEV-0812,508,2022-10-03T13:39:45.045Z,2026-09-29T22:11:53.038Z,7
DEMO-DEV-0832,508,2022-10-04T17:08:09.190Z,2026-09-30T05:30:24.816Z,7
DEMO-DEV-1112,508,2022-10-01T10:10:45.337Z,2026-09-29T21:18:57.390Z,7
DEMO-DEV-1169,508,2022-10-01T12:28:53.682Z,2026-09-22T18:38:11.470Z,7
DEMO-DEV-1245,508,2022-10-04T18:19:58.354Z,2026-09-28T23:30:14.123Z,7
DEMO-DEV-1387,508,2022-10-02T14:53:37.493Z,2026-09-27T06:06:45.014Z,6
DEMO-DEV-1412,508,2022-10-13T02:58:22.203Z,2026-09-27T07:33:32.238Z,7
DEMO-DEV-1518,508,2022-10-10T22:41:58.192Z,2026-09-30T05:51:36.614Z,6
DEMO-DEV-1601,508,2022-10-07T16:09:12.989Z,2026-09-29T02:33:39.985Z,7
DEMO-DEV-1624,508,2022-10-04T15:35:31.466Z,2026-09-29T13:13:35.352Z,7
DEMO-DEV-1637,508,2022-10-02T00:03:22.692Z,2026-09-26T12:12:04.929Z,7
DEMO-DEV-1692,508,2022-10-03T11:25:43.868Z,2026-09-27T18:40:46.455Z,7
DEMO-DEV-1714,508,2022-10-03T04:44:00.537Z,2026-09-26T03:15:30.682Z,6
DEMO-DEV-1716,508,2022-10-22T09:43:08.298Z,2026-09-30T02:38:10.026Z,6
DEMO-DEV-1748,508,2022-10-07T11:31:58.120Z,2026-09-26T03:49:12.428Z,6
DEMO-DEV-1754,508,2022-10-01T10:02:59.877Z,2026-09-28T13:04:25.584Z,6
DEMO-DEV-1815,508,2022-10-02T14:48:20.914Z,2026-09-28T15:04:40.503Z,7
DEMO-DEV-1821,508,2022-10-03T19:38:41.239Z,2026-09-25T09:04:10.167Z,5
DEMO-DEV-1865,508,2022-10-02T04:10:46.232Z,2026-09-29T12:05:54.120Z,6
DEMO-DEV-1905,508,2022-10-01T21:51:58.172Z,2026-09-29T08:48:13.976Z,7
DEMO-DEV-1934,508,2022-10-08T00:33:19.666Z,2026-09-30T00:13:25.817Z,6
DEMO-DEV-1991,508,2022-10-02T14:57:58.368Z,2026-09-30T03:01:44.307Z,7
DEMO-DEV-2127,508,2022-10-01T12:15:25.865Z,2026-09-26T00:40:55.992Z,6
DEMO-DEV-2209,508,2022-10-06T05:57:54.045Z,2026-09-17T21:30:11.714Z,6
DEMO-DEV-2255,508,2022-10-02T07:26:04.692Z,2026-09-26T17:10:20.443Z,7
DEMO-DEV-2278,508,2022-10-03T19:30:00.843Z,2026-09-29T17:29:28.870Z,6
DEMO-DEV-2333,508,2022-10-02T11:58:40.087Z,2026-09-26T13:20:45.211Z,7
DEMO-DEV-2351,508,2022-10-03T01:24:40.950Z,2026-09-17T20:50:37.555Z,7
DEMO-DEV-2359,508,2022-10-12T04:53:31.045Z,2026-09-24T19:25:46.676Z,7
DEMO-DEV-2364,508,2022-10-17T08:00:18.308Z,2026-09-29T18:06:54.218Z,7
DEMO-DEV-2391,508,2022-10-03T20:07:27.508Z,2026-09-27T14:26:32.004Z,7
DEMO-DEV-2473,508,2022-10-02T17:13:40.929Z,2026-09-30T05:48:11.985Z,7
DEMO-DEV-2594,508,2022-10-06T13:52:35.702Z,2026-09-26T06:32:37.190Z,7
DEMO-DEV-2730,508,2022-10-04T05:29:53.682Z,2026-09-28T21:35:41.989Z,7
DEMO-DEV-2819,508,2022-10-02T21:34:27.989Z,2026-09-27T06:31:41.811Z,6
DEMO-DEV-2886,508,2022-10-02T15:04:09.167Z,2026-09-28T16:57:48.366Z,6
DEMO-DEV-2927,508,2022-10-01T14:08:07.455Z,2026-09-28T05:59:40.139Z,7
DEMO-DEV-2949,508,2022-10-02T11:26:06.015Z,2026-09-29T17:26:31.591Z,6
DEMO-DEV-2968,508,2022-10-01T10:57:08.682Z,2026-09-27T14:26:26.288Z,6
DEMO-DEV-3013,508,2022-10-04T07:42:26.446Z,2026-09-27T11:38:32.692Z,6
DEMO-DEV-3074,508,2022-10-06T11:14:02.394Z,2026-09-29T19:37:38.352Z,7
DEMO-DEV-3087,508,2022-10-03T00:19:01.239Z,2026-09-28T20:11:28.655Z,7
DEMO-DEV-3117,508,2022-10-06T05:28:27.968Z,2026-09-30T00:13:58.877Z,6
DEMO-DEV-3330,508,2022-10-03T12:01:17.913Z,2026-09-29T07:22:43.368Z,6
DEMO-DEV-3343,508,2022-10-04T04:20:03.298Z,2026-09-25T20:55:09.167Z,6
DEMO-DEV-3374,508,2022-10-01T09:31:55.446Z,2026-09-25T12:06:54.870Z,7
DEMO-DEV-3454,508,2022-10-02T02:46:50.442Z,2026-09-29T17:26:36.968Z,6
DEMO-DEV-3487,508,2022-10-02T00:59:15.682Z,2026-09-29T03:58:34.403Z,7
DEMO-DEV-3563,508,2022-10-04T09:43:51.239Z,2026-09-30T02:33:58.782Z,7
DEMO-DEV-3820,508,2022-10-03T22:54:42.239Z,2026-09-22T16:23:38.578Z,6
DEMO-DEV-3828,508,2022-10-01T14:52:31.863Z,2026-09-27T19:13:36.460Z,7
DEMO-DEV-3829,508,2022-10-02T17:03:50.203Z,2026-09-29T22:29:33.792Z,6
DEMO-DEV-3840,508,2022-10-15T18:44:25.870Z,2026-09-30T06:22:48.230Z,6
DEMO-DEV-3843,508,2022-10-03T15:23:19.666Z,2026-09-26T22:09:57.236Z,7
DEMO-DEV-3946,508,2022-10-02T14:26:01.225Z,2026-09-26T10:17:08.485Z,7
DEMO-DEV-4038,508,2022-10-07T01:49:23.500Z,2026-09-28T04:35:08.795Z,7
DEMO-DEV-4137,508,2022-10-01T16:42:41.415Z,2026-09-30T01:19:50.307Z,6
DEMO-DEV-4187,508,2022-10-02T04:30:34.370Z,2026-09-28T15:57:19.402Z,7
DEMO-DEV-4189,508,2022-10-05T07:26:58.167Z,2026-09-28T18:38:28.123Z,6
DEMO-DEV-4224,508,2022-10-03T16:27:24.682Z,2026-09-27T14:13:04.865Z,7
DEMO-DEV-4227,508,2022-10-01T20:42:48.966Z,2026-09-29T06:22:07.863Z,7
DEMO-DEV-4235,508,2022-10-01T17:11:34.307Z,2026-09-28T13:17:25.968Z,7
DEMO-DEV-4251,508,2022-10-01T15:32:35.710Z,2026-09-28T18:12:20.190Z,7
DEMO-DEV-4338,508,2022-10-06T03:34:08.668Z,2026-09-29T17:03:40.288Z,7
DEMO-DEV-4349,508,2022-10-02T01:28:45.511Z,2026-09-29T09:12:34.289Z,6
DEMO-DEV-4421,508,2022-10-08T06:48:16.298Z,2026-09-28T03:51:02.738Z,7
DEMO-DEV-4422,508,2022-10-05T02:12:53.784Z,2026-09-30T05:29:43.785Z,6
DEMO-DEV-4458,508,2022-10-02T17:53:41.976Z,2026-09-23T15:21:15.948Z,7
DEMO-DEV-4487,508,2022-10-01T22:18:51.470Z,2026-09-28T19:20:30.090Z,7
DEMO-DEV-4534,508,2022-10-05T06:40:19.607Z,2026-09-27T19:49:04.443Z,6
DEMO-DEV-4663,508,2022-10-02T14:09:28.870Z,2026-09-26T23:52:50.727Z,7
DEMO-DEV-4844,508,2022-10-03T11:00:29.203Z,2026-09-20T20:19:10.026Z,7
DEMO-DEV-4916,508,2022-10-01T11:32:56.319Z,2026-09-30T01:47:15.599Z,7
DEMO-DEV-4968,508,2022-10-03T15:35:08.003Z,2026-09-30T04:20:02.752Z,7
DEMO-DEV-5053,508,2022-10-04T10:28:35.161Z,2026-09-28T10:44:15.841Z,6
DEMO-DEV-5142,508,2022-10-02T02:23:02.929Z,2026-09-29T06:35:14.505Z,7
DEMO-DEV-5146,508,2022-10-01T19:33:53.190Z,2026-09-27T15:10:26.239Z,7
DEMO-DEV-5175,508,2022-10-01T10:01:28.365Z,2026-09-30T05:07:18.545Z,6
DEMO-DEV-5302,508,2022-10-01T14:20:19.976Z,2026-09-21T00:02:52.851Z,7
DEMO-DEV-5338,508,2022-10-02T04:58:01.969Z,2026-09-27T19:10:26.655Z,6
DEMO-DEV-5402,508,2022-10-02T12:51:17.238Z,2026-09-28T14:03:26.302Z,7
DEMO-DEV-5462,508,2022-10-01T17:13:11.015Z,2026-09-28T17:50:10.556Z,7
DEMO-DEV-5465,508,2022-10-07T19:28:10.948Z,2026-09-21T20:55:44.403Z,7
DEMO-DEV-5470,508,2022-10-04T04:22:08.222Z,2026-09-30T07:48:15.676Z,5
DEMO-DEV-5705,508,2022-10-02T09:40:16.300Z,2026-09-17T12:04:24.968Z,6
DEMO-DEV-5867,508,2022-10-05T14:44:11.738Z,2026-09-27T12:23:17.692Z,7
DEMO-DEV-5941,508,2022-10-02T22:11:25.021Z,2026-09-29T19:31:09.873Z,6
DEMO-DEV-5942,508,2022-10-03T23:14:25.173Z,2026-09-26T19:33:56.023Z,7
DEMO-DEV-5984,508,2022-10-01T11:33:49.646Z,2026-09-29T15:48:45.584Z,6
DEMO-DEV-6190,508,2022-10-03T12:45:05.646Z,2026-09-29T23:55:16.870Z,7
DEMO-DEV-6194,508,2022-10-05T04:07:40.968Z,2026-09-27T16:41:27.298Z,6
DEMO-DEV-6205,508,2022-10-03T17:28:51.842Z,2026-09-18T14:22:55.929Z,6
DEMO-DEV-6223,508,2022-10-02T11:10:53.926Z,2026-09-24T01:52:44.208Z,7
DEMO-DEV-6300,508,2022-10-04T19:52:39.892Z,2026-09-26T23:31:09.397Z,7
DEMO-DEV-6393,508,2022-10-01T22:24:52.868Z,2026-09-28T11:51:44.365Z,5
DEMO-DEV-6408,508,2022-10-04T17:45:31.192Z,2026-09-29T15:04:07.666Z,7
DEMO-DEV-6413,508,2022-10-01T21:06:57.891Z,2026-09-26T23:21:48.167Z,7
DEMO-DEV-6427,508,2022-10-02T21:44:07.345Z,2026-09-28T23:53:19.138Z,6
DEMO-DEV-6765,508,2022-10-08T07:48:34.015Z,2026-09-30T00:43:15.021Z,7
DEMO-DEV-6838,508,2022-10-01T17:28:36.612Z,2026-09-24T16:26:26.308Z,6
DEMO-DEV-6977,508,2022-10-05T04:37:25.702Z,2026-09-30T07:11:34.523Z,7
DEMO-DEV-7014,508,2022-10-01T21:39:57.272Z,2026-09-30T08:16:33.165Z,7
DEMO-DEV-7064,508,2022-10-02T19:23:10.969Z,2026-09-30T01:10:22.859Z,6
DEMO-DEV-7144,508,2022-10-02T20:19:06.370Z,2026-09-23T18:37:22.836Z,7
DEMO-DEV-7181,508,2022-10-01T23:58:02.234Z,2026-09-28T09:13:30.239Z,6
DEMO-DEV-7199,508,2022-10-02T02:44:15.974Z,2026-09-28T07:15:10.817Z,7
DEMO-DEV-7273,508,2022-10-01T16:11:35.884Z,2026-09-29T11:07:36.308Z,6
DEMO-DEV-7371,508,2022-10-01T21:53:57.370Z,2026-09-25T21:27:39.786Z,7
DEMO-DEV-7410,508,2022-10-02T19:30:43.523Z,2026-09-30T04:59:37.466Z,7
DEMO-DEV-7507,508,2022-10-01T10:08:07.250Z,2026-09-26T21:03:47.655Z,7
DEMO-DEV-7628,508,2022-10-05T22:37:33.612Z,2026-09-26T19:23:14.073Z,7
DEMO-DEV-7734,508,2022-10-08T12:07:31.150Z,2026-09-27T12:04:17.172Z,7
DEMO-DEV-7771,508,2022-10-01T18:46:07.555Z,2026-09-29T06:23:25.037Z,7
DEMO-DEV-7843,508,2022-10-03T12:53:45.391Z,2026-09-25T08:30:12.352Z,7
DEMO-DEV-7886,508,2022-10-01T17:33:32.668Z,2026-09-30T01:54:41.976Z,6
DEMO-DEV-7999,508,2022-10-08T11:42:36.397Z,2026-09-26T10:24:20.120Z,7
DEMO-DEV-8012,508,2022-10-09T06:43:35.015Z,2026-09-23T19:43:12.976Z,7
DEMO-DEV-8013,508,2022-10-02T03:45:03.203Z,2026-09-29T18:00:37.865Z,6
DEMO-DEV-8016,508,2022-10-03T13:35:49.455Z,2026-09-29T15:21:53.021Z,7
DEMO-DEV-8020,508,2022-10-07T10:48:50.428Z,2026-09-19T20:08:09.352Z,6
DEMO-DEV-8051,508,2022-10-02T11:57:42.352Z,2026-09-27T05:03:07.021Z,7
DEMO-DEV-8076,508,2022-10-04T15:29:02.784Z,2026-09-09T22:31:26.300Z,7
DEMO-DEV-8147,508,2022-10-02T14:15:00.892Z,2026-09-25T23:03:58.368Z,7
DEMO-DEV-8343,508,2022-10-02T14:19:21.785Z,2026-09-29T22:25:16.462Z,7
DEMO-DEV-8403,508,2022-10-03T19:44:09.497Z,2026-09-29T15:20:40.806Z,7
DEMO-DEV-8467,508,2022-10-01T19:31:20.545Z,2026-09-28T12:31:20.816Z,6
DEMO-DEV-8512,508,2022-10-02T02:31:56.993Z,2026-09-28T05:27:24.842Z,6
DEMO-DEV-8513,508,2022-10-04T08:16:51.653Z,2026-09-28T00:06:23.352Z,7
DEMO-DEV-8655,508,2022-10-03T11:07:05.702Z,2026-09-29T07:16:48.443Z,7
DEMO-DEV-8746,508,2022-10-01T09:23:29.825Z,2026-09-27T02:32:38.646Z,6
DEMO-DEV-8769,508,2022-10-03T14:27:17.472Z,2026-09-30T06:57:17.841Z,7
DEMO-DEV-8829,508,2022-10-03T12:42:45.843Z,2026-09-29T13:37:29.455Z,7
DEMO-DEV-8847,508,2022-10-02T09:45:03.948Z,2026-09-30T07:53:24.599Z,6
DEMO-DEV-8981,508,2022-10-08T21:45:24.992Z,2026-09-25T03:34:16.442Z,7
DEMO-DEV-9088,508,2022-10-02T08:53:08.150Z,2026-09-27T21:22:55.462Z,6
DEMO-DEV-9129,508,2022-10-02T16:42:05.646Z,2026-09-29T22:42:27.692Z,7
DEMO-DEV-9176,508,2022-10-05T05:25:08.462Z,2026-09-27T02:59:35.073Z,7
DEMO-DEV-9193,508,2022-10-04T05:38:01.268Z,2026-09-29T19:04:00.612Z,7
DEMO-DEV-9200,508,2022-10-03T05:43:20.915Z,2026-09-17T12:35:34.246Z,6
DEMO-DEV-9305,508,2022-10-04T13:05:54.291Z,2026-09-28T20:53:42.239Z,7
DEMO-DEV-9368,508,2022-10-03T05:04:40.250Z,2026-09-29T19:08:08.345Z,7
DEMO-DEV-9404,508,2022-10-01T14:33:06.817Z,2026-09-18T18:23:02.443Z,7
DEMO-DEV-9565,508,2022-10-01T21:22:44.073Z,2026-09-28T05:27:20.139Z,7
DEMO-DEV-9576,508,2022-10-05T08:37:38.394Z,2026-09-30T02:34:20.203Z,7
DEMO-DEV-9616,508,2022-10-02T15:02:31.203Z,2026-09-29T22:27:19.778Z,6
DEMO-DEV-9684,508,2022-10-06T22:01:36.211Z,2026-09-29T03:40:11.470Z,7
DEMO-DEV-9705,508,2022-10-03T22:32:19.966Z,2026-09-27T05:31:13.161Z,6
DEMO-DEV-9711,508,2022-10-01T10:26:25.470Z,2026-09-27T22:58:10.442Z,7
DEMO-DEV-9905,508,2022-10-09T02:19:22.614Z,2026-09-26T16:22:01.090Z,6
DEMO-DEV-9933,508,2022-10-01T21:43:21.545Z,2026-09-29T03:01:04.236Z,7
DEMO-DEV-0019,507,2022-10-11T06:00:19.057Z,2026-09-28T21:15:02.268Z,7
DEMO-DEV-0071,507,2022-10-09T06:04:00.204Z,2026-09-29T07:13:46.357Z,6
DEMO-DEV-0211,507,2022-10-03T14:38:47.612Z,2026-09-27T12:43:05.555Z,6
DEMO-DEV-0253,507,2022-10-02T15:51:34.466Z,2026-09-27T10:15:18.403Z,7
DEMO-DEV-0258,507,2022-10-02T21:32:34.658Z,2026-09-22T11:15:14.556Z,6
DEMO-DEV-0291,507,2022-10-22T02:43:26.778Z,2026-09-27T12:29:12.485Z,7
DEMO-DEV-0318,507,2022-10-09T11:50:22.969Z,2026-09-27T18:47:09.161Z,7
DEMO-DEV-0384,507,2022-10-03T21:44:17.466Z,2026-09-29T06:11:10.527Z,7
DEMO-DEV-0387,507,2022-10-04T19:06:12.493Z,2026-09-29T08:57:28.519Z,5
DEMO-DEV-0399,507,2022-10-02T20:19:45.976Z,2026-09-25T14:41:38.068Z,6
DEMO-DEV-0432,507,2022-10-06T00:24:22.167Z,2026-09-29T08:23:41.150Z,6
DEMO-DEV-0437,507,2022-10-07T16:31:37.250Z,2026-09-29T18:23:25.584Z,6
DEMO-DEV-0480,507,2022-10-02T14:28:20.021Z,2026-09-19T17:20:58.038Z,7
DEMO-DEV-0494,507,2022-10-01T18:49:13.493Z,2026-09-29T23:44:50.804Z,7
DEMO-DEV-0532,507,2022-10-02T04:10:42.004Z,2026-09-29T01:09:17.203Z,6
DEMO-DEV-0556,507,2022-10-01T13:55:28.778Z,2026-09-13T12:35:59.230Z,7
DEMO-DEV-0570,507,2022-10-02T00:17:08.302Z,2026-09-26T04:25:41.352Z,7
DEMO-DEV-0770,507,2022-10-07T10:47:38.161Z,2026-09-29T23:04:59.523Z,6
DEMO-DEV-0800,507,2022-10-05T08:56:34.612Z,2026-09-26T22:09:12.288Z,7
DEMO-DEV-0839,507,2022-10-03T06:57:58.246Z,2026-09-25T04:13:44.785Z,6
DEMO-DEV-0896,507,2022-10-03T02:22:06.597Z,2026-09-29T04:25:21.238Z,6
DEMO-DEV-0980,507,2022-10-05T08:48:37.865Z,2026-09-27T08:48:43.891Z,6
DEMO-DEV-0992,507,2022-10-06T00:25:04.676Z,2026-09-26T12:49:15.782Z,7
DEMO-DEV-1131,507,2022-10-02T17:52:48.087Z,2026-09-24T07:27:17.172Z,7
DEMO-DEV-1183,507,2022-10-02T03:53:56.063Z,2026-09-29T00:40:59.428Z,7
DEMO-DEV-1304,507,2022-10-03T15:26:11.253Z,2026-09-30T07:05:28.394Z,7
DEMO-DEV-1366,507,2022-10-05T06:46:18.605Z,2026-09-27T14:41:53.591Z,7
DEMO-DEV-1493,507,2022-10-02T12:58:15.232Z,2026-09-29T06:48:45.026Z,6
DEMO-DEV-1513,507,2022-10-01T18:34:24.527Z,2026-09-25T01:38:58.682Z,7
DEMO-DEV-1700,507,2022-10-04T05:54:27.403Z,2026-09-30T02:22:44.455Z,7
DEMO-DEV-1780,507,2022-10-02T05:23:01.719Z,2026-09-26T05:08:02.505Z,6
DEMO-DEV-1835,507,2022-10-07T17:27:01.778Z,2026-09-26T21:03:43.021Z,7
DEMO-DEV-1872,507,2022-10-03T03:14:17.460Z,2026-09-26T12:52:48.234Z,7
DEMO-DEV-1875,507,2022-10-03T13:42:01.225Z,2026-09-24T10:02:15.352Z,7
DEMO-DEV-1876,507,2022-10-01T13:20:14.236Z,2026-09-28T22:57:30.368Z,7
DEMO-DEV-1892,507,2022-10-06T03:13:41.204Z,2026-09-28T03:57:00.352Z,7
DEMO-DEV-1931,507,2022-10-02T03:09:12.063Z,2026-09-28T07:47:36.892Z,7
DEMO-DEV-1946,507,2022-10-03T11:41:37.782Z,2026-09-29T17:49:40.618Z,7
DEMO-DEV-1977,507,2022-10-02T02:19:53.370Z,2026-09-29T11:09:51.975Z,6
DEMO-DEV-2079,507,2022-10-02T22:16:12.503Z,2026-09-29T23:23:36.120Z,7
DEMO-DEV-2291,507,2022-10-03T01:13:38.950Z,2026-09-26T19:23:22.913Z,7
DEMO-DEV-2293,507,2022-10-04T16:35:50.470Z,2026-09-30T06:21:11.846Z,7
DEMO-DEV-2294,507,2022-10-01T23:28:57.710Z,2026-09-29T22:02:44.556Z,6
DEMO-DEV-2325,507,2022-10-04T20:35:43.068Z,2026-09-26T05:50:46.785Z,7
DEMO-DEV-2401,507,2022-10-02T01:29:57.021Z,2026-09-30T02:53:29.505Z,7
DEMO-DEV-2458,507,2022-10-02T08:26:34.485Z,2026-09-25T18:16:36.859Z,7
DEMO-DEV-2464,507,2022-10-06T22:59:32.337Z,2026-09-27T06:21:36.134Z,7
DEMO-DEV-2488,507,2022-10-01T09:04:55.661Z,2026-09-23T01:08:11.390Z,6
DEMO-DEV-2498,507,2022-10-03T09:42:45.599Z,2026-09-29T11:42:02.037Z,6
DEMO-DEV-2703,507,2022-10-03T01:29:29.646Z,2026-09-29T16:50:05.003Z,6
DEMO-DEV-2756,507,2022-10-01T23:04:50.688Z,2026-09-23T04:38:01.795Z,7
DEMO-DEV-3010,507,2022-10-02T09:47:09.160Z,2026-09-27T15:58:59.307Z,7
DEMO-DEV-3022,507,2022-10-04T04:14:52.302Z,2026-09-26T19:51:58.038Z,7
DEMO-DEV-3122,507,2022-10-08T23:49:21.976Z,2026-09-21T21:27:41.974Z,7
DEMO-DEV-3211,507,2022-10-02T10:25:37.500Z,2026-09-25T18:58:23.319Z,7
DEMO-DEV-3238,507,2022-10-02T16:01:22.160Z,2026-09-27T08:05:06.230Z,6
DEMO-DEV-3250,507,2022-10-15T21:19:13.345Z,2026-09-26T00:27:38.976Z,7
DEMO-DEV-3294,507,2022-10-06T13:24:06.584Z,2026-09-26T07:01:49.892Z,6
DEMO-DEV-3321,507,2022-10-06T08:14:51.443Z,2026-09-22T18:40:12.870Z,7
DEMO-DEV-3335,507,2022-10-06T11:38:52.222Z,2026-09-22T12:47:35.289Z,6
DEMO-DEV-3380,507,2022-10-03T22:25:20.537Z,2026-09-28T02:58:35.004Z,6
DEMO-DEV-3390,507,2022-10-02T14:30:08.165Z,2026-09-29T09:38:21.993Z,7
DEMO-DEV-3456,507,2022-10-05T23:29:55.218Z,2026-09-25T17:42:32.661Z,6
DEMO-DEV-3507,507,2022-10-04T05:43:51.879Z,2026-09-24T22:53:07.975Z,7
DEMO-DEV-3564,507,2022-10-08T09:31:05.785Z,2026-09-29T20:41:36.873Z,7
DEMO-DEV-3608,507,2022-10-03T06:56:38.080Z,2026-09-29T06:31:23.682Z,6
DEMO-DEV-3645,507,2022-10-02T16:03:40.714Z,2026-09-28T08:22:05.612Z,7
DEMO-DEV-3685,507,2022-10-02T06:51:40.037Z,2026-09-29T20:20:01.238Z,6
DEMO-DEV-3734,507,2022-10-03T17:21:46.455Z,2026-09-29T16:07:40.842Z,7
DEMO-DEV-3903,507,2022-10-02T14:37:55.485Z,2026-09-30T04:05:21.842Z,7
DEMO-DEV-3918,507,2022-10-07T15:08:21.307Z,2026-09-27T14:01:53.782Z,7
DEMO-DEV-3931,507,2022-10-04T11:27:59.792Z,2026-09-30T01:21:53.891Z,7
DEMO-DEV-3948,507,2022-10-04T23:21:56.816Z,2026-09-30T06:42:55.024Z,7
DEMO-DEV-3953,507,2022-10-09T08:03:05.226Z,2026-09-28T02:07:23.232Z,7
DEMO-DEV-4046,507,2022-10-02T09:17:54.357Z,2026-09-28T13:16:08.225Z,7
DEMO-DEV-4068,507,2022-10-07T19:00:54.014Z,2026-09-25T21:15:47.968Z,7
DEMO-DEV-4076,507,2022-10-06T22:41:57.799Z,2026-09-25T02:53:05.165Z,6
DEMO-DEV-4125,507,2022-10-04T14:04:22.568Z,2026-09-18T08:39:45.661Z,7
DEMO-DEV-4392,507,2022-10-01T19:06:01.702Z,2026-09-22T20:00:13.976Z,7
DEMO-DEV-4427,507,2022-10-02T09:18:17.272Z,2026-09-30T05:48:08.710Z,6
DEMO-DEV-4437,507,2022-10-02T09:37:27.120Z,2026-09-30T03:13:04.150Z,7
DEMO-DEV-4456,507,2022-10-06T19:55:57.139Z,2026-09-27T11:16:50.470Z,7
DEMO-DEV-4516,507,2022-10-04T13:00:22.239Z,2026-09-30T07:02:33.653Z,6
DEMO-DEV-4554,507,2022-10-26T22:25:15.646Z,2026-09-29T03:53:54.752Z,7
DEMO-DEV-4590,507,2022-10-01T16:29:05.337Z,2026-09-29T05:31:00.948Z,7
DEMO-DEV-4619,507,2022-10-03T00:25:47.505Z,2026-09-24T22:15:14.892Z,7
DEMO-DEV-4636,507,2022-10-05T23:52:34.786Z,2026-09-30T08:19:18.863Z,7
DEMO-DEV-4674,507,2022-10-01T14:05:51.080Z,2026-09-30T01:18:09.782Z,7
DEMO-DEV-4697,507,2022-10-01T22:25:32.287Z,2026-09-28T01:14:41.605Z,7
DEMO-DEV-4776,507,2022-10-01T21:45:50.870Z,2026-09-30T02:32:02.523Z,7
DEMO-DEV-4862,507,2022-10-01T15:27:27.075Z,2026-09-30T04:57:40.288Z,7
DEMO-DEV-4888,507,2022-10-01T20:47:16.226Z,2026-09-28T07:27:50.754Z,6
DEMO-DEV-4993,507,2022-10-01T11:13:40.803Z,2026-09-29T20:43:56.455Z,6
DEMO-DEV-4997,507,2022-10-03T19:59:35.778Z,2026-09-22T20:35:43.415Z,7
DEMO-DEV-5012,507,2022-10-03T03:05:39.545Z,2026-09-26T21:24:53.403Z,7
DEMO-DEV-5024,507,2022-10-02T18:08:01.873Z,2026-09-25T13:51:34.354Z,6
DEMO-DEV-5105,507,2022-10-01T10:35:22.040Z,2026-09-29T01:29:37.073Z,7
DEMO-DEV-5138,507,2022-10-05T09:12:11.989Z,2026-09-21T10:16:51.037Z,7
DEMO-DEV-5274,507,2022-10-04T23:43:51.160Z,2026-09-30T00:05:32.870Z,7
DEMO-DEV-5358,507,2022-10-02T07:55:30.218Z,2026-09-30T07:50:49.090Z,7
DEMO-DEV-5487,507,2022-10-03T05:52:56.014Z,2026-09-25T01:23:54.226Z,7
DEMO-DEV-5524,507,2022-10-01T09:25:37.239Z,2026-09-15T21:06:22.867Z,7
DEMO-DEV-5621,507,2022-10-01T09:52:16.778Z,2026-09-27T02:28:24.646Z,6
DEMO-DEV-5639,507,2022-10-05T04:29:05.841Z,2026-09-30T00:03:56.485Z,5
DEMO-DEV-5729,507,2022-10-12T19:36:01.599Z,2026-09-28T16:37:09.738Z,6
DEMO-DEV-5733,507,2022-10-01T09:09:34.949Z,2026-09-27T15:28:01.658Z,7
DEMO-DEV-5782,507,2022-10-04T22:41:23.636Z,2026-09-29T11:23:57.885Z,7
DEMO-DEV-5930,507,2022-10-02T00:42:39.203Z,2026-09-28T23:27:58.428Z,7
DEMO-DEV-5936,507,2022-10-03T12:10:46.455Z,2026-09-29T16:04:03.868Z,7
DEMO-DEV-6025,507,2022-10-01T19:45:50.472Z,2026-09-26T14:25:38.172Z,7
DEMO-DEV-6055,507,2022-10-05T20:22:12.470Z,2026-09-26T05:23:00.134Z,7
DEMO-DEV-6087,507,2022-10-02T07:36:27.239Z,2026-09-04T08:39:01.710Z,7
DEMO-DEV-6262,507,2022-10-01T17:23:37.975Z,2026-09-27T12:14:44.466Z,6
DEMO-DEV-6295,507,2022-10-06T17:59:55.870Z,2026-09-27T13:44:41.165Z,6
DEMO-DEV-6303,507,2022-10-03T04:41:23.816Z,2026-09-30T06:14:56.786Z,7
DEMO-DEV-6448,507,2022-10-06T05:48:33.225Z,2026-09-29T16:09:58.688Z,6
DEMO-DEV-6474,507,2022-10-03T05:09:42.470Z,2026-09-27T05:46:07.402Z,6
DEMO-DEV-6550,507,2022-10-02T04:33:37.038Z,2026-09-28T01:03:19.208Z,7
DEMO-DEV-6773,507,2022-10-04T14:11:12.877Z,2026-09-25T14:04:30.493Z,7
DEMO-DEV-6810,507,2022-10-03T17:41:26.614Z,2026-09-27T10:23:46.354Z,7
DEMO-DEV-6918,507,2022-10-02T05:39:30.026Z,2026-09-29T19:49:37.308Z,7
DEMO-DEV-7041,507,2022-10-03T02:28:38.785Z,2026-09-27T12:52:37.851Z,7
DEMO-DEV-7092,507,2022-10-01T16:38:24.319Z,2026-09-29T11:33:00.172Z,7
DEMO-DEV-7094,507,2022-10-04T04:56:04.466Z,2026-09-26T08:31:01.668Z,7
DEMO-DEV-7147,507,2022-10-05T11:08:46.040Z,2026-09-29T12:02:02.917Z,6
DEMO-DEV-7350,507,2022-10-11T03:10:33.870Z,2026-09-29T13:14:11.165Z,7
DEMO-DEV-7457,507,2022-10-03T09:32:24.817Z,2026-09-24T07:47:40.636Z,7
DEMO-DEV-7527,507,2022-10-02T15:16:26.208Z,2026-09-30T07:20:08.073Z,7
DEMO-DEV-7592,507,2022-10-01T15:09:01.287Z,2026-09-27T18:42:51.204Z,7
DEMO-DEV-7663,507,2022-10-02T16:31:52.851Z,2026-09-25T04:03:47.203Z,6
DEMO-DEV-7789,507,2022-10-02T03:53:03.811Z,2026-09-27T19:03:29.288Z,7
DEMO-DEV-7833,507,2022-10-12T23:54:33.203Z,2026-09-26T14:57:48.929Z,6
DEMO-DEV-7857,507,2022-10-12T05:51:59.394Z,2026-09-30T02:42:57.537Z,7
DEMO-DEV-8054,507,2022-10-01T12:17:04.370Z,2026-09-25T09:54:42.203Z,7
DEMO-DEV-8095,507,2022-10-02T13:19:24.037Z,2026-09-30T03:55:22.390Z,7
DEMO-DEV-8151,507,2022-10-03T18:30:15.063Z,2026-09-26T20:02:20.824Z,6
DEMO-DEV-8182,507,2022-10-02T15:14:45.661Z,2026-09-22T00:17:13.842Z,7
DEMO-DEV-8192,507,2022-10-01T22:44:32.485Z,2026-09-26T08:52:29.868Z,7
DEMO-DEV-8227,507,2022-10-02T15:00:32.885Z,2026-09-27T00:14:47.524Z,7
DEMO-DEV-8229,507,2022-10-01T20:20:46.841Z,2026-09-29T19:09:38.568Z,7
DEMO-DEV-8297,507,2022-10-06T17:30:19.415Z,2026-09-21T05:35:20.222Z,7
DEMO-DEV-8302,507,2022-10-01T14:35:26.795Z,2026-09-29T14:03:34.289Z,7
DEMO-DEV-8402,507,2022-10-05T02:12:42.138Z,2026-09-26T19:08:01.139Z,6
DEMO-DEV-8437,507,2022-10-01T13:33:45.352Z,2026-09-28T22:30:53.842Z,6
DEMO-DEV-8604,507,2022-10-06T15:31:37.599Z,2026-09-29T21:15:54.682Z,6
DEMO-DEV-8686,507,2022-10-02T04:43:04.075Z,2026-09-24T16:07:24.183Z,7
DEMO-DEV-8713,507,2022-10-06T19:43:26.846Z,2026-09-29T05:53:02.493Z,6
DEMO-DEV-8772,507,2022-10-05T13:07:58.865Z,2026-09-28T21:53:10.557Z,7
DEMO-DEV-8848,507,2022-10-02T19:58:09.236Z,2026-09-29T10:31:20.500Z,7
DEMO-DEV-8865,507,2022-10-09T18:52:09.817Z,2026-09-19T13:15:19.497Z,7
DEMO-DEV-8914,507,2022-10-02T04:09:00.661Z,2026-09-28T05:16:30.646Z,7
DEMO-DEV-8987,507,2022-10-04T07:52:20.868Z,2026-09-30T06:11:40.870Z,7
DEMO-DEV-9023,507,2022-10-02T08:30:56.948Z,2026-09-29T22:30:14.817Z,7
DEMO-DEV-9024,507,2022-10-02T16:33:52.864Z,2026-09-29T17:41:01.864Z,7
DEMO-DEV-9045,507,2022-10-07T23:04:54.513Z,2026-09-28T18:02:27.618Z,6
DEMO-DEV-9078,507,2022-10-02T06:59:53.817Z,2026-09-28T01:34:55.969Z,6
DEMO-DEV-9114,507,2022-10-04T01:22:39.612Z,2026-09-28T05:09:53.014Z,6
DEMO-DEV-9175,507,2022-10-02T01:59:10.976Z,2026-09-29T18:27:11.015Z,6
DEMO-DEV-9186,507,2022-10-01T23:24:14.264Z,2026-09-29T14:20:57.605Z,7
DEMO-DEV-9250,507,2022-10-02T06:08:49.087Z,2026-09-19T06:07:59.568Z,6
DEMO-DEV-9374,507,2022-10-01T09:03:39.485Z,2026-09-27T15:01:13.087Z,6
DEMO-DEV-9561,507,2022-10-15T15:39:52.387Z,2026-09-28T12:42:56.264Z,6
DEMO-DEV-9567,507,2022-10-02T00:23:21.087Z,2026-09-29T03:54:07.268Z,7
DEMO-DEV-9582,507,2022-10-02T20:01:48.155Z,2026-09-30T02:38:28.337Z,7
DEMO-DEV-9630,507,2022-10-02T03:34:02.597Z,2026-09-29T23:53:32.752Z,7
DEMO-DEV-9637,507,2022-10-02T23:28:13.735Z,2026-09-26T10:38:49.234Z,7
DEMO-DEV-9652,507,2022-10-03T13:15:17.965Z,2026-09-19T09:41:44.545Z,6
DEMO-DEV-9710,507,2022-10-13T07:56:02.442Z,2026-09-28T04:22:47.497Z,6
DEMO-DEV-9802,507,2022-10-02T20:52:30.661Z,2026-09-23T18:28:26.370Z,6
DEMO-DEV-9907,507,2022-10-01T21:40:10.307Z,2026-09-28T16:59:45.806Z,6
DEMO-DEV-9915,507,2022-10-01T11:43:51.607Z,2026-09-28T11:33:37.867Z,7
DEMO-DEV-0139,506,2022-10-01T23:59:09.873Z,2026-09-28T13:52:52.230Z,6
DEMO-DEV-0149,506,2022-10-02T20:24:40.914Z,2026-09-30T06:40:24.168Z,6
DEMO-DEV-0153,506,2022-10-07T22:13:12.370Z,2026-09-28T06:13:21.472Z,7
DEMO-DEV-0254,506,2022-10-01T09:47:16.394Z,2026-09-25T07:00:17.272Z,7
DEMO-DEV-0307,506,2022-10-01T10:12:34.891Z,2026-09-29T11:04:45.027Z,7
DEMO-DEV-0321,506,2022-10-01T23:31:25.319Z,2026-09-29T05:37:23.605Z,7
DEMO-DEV-0322,506,2022-10-03T23:09:21.597Z,2026-09-26T13:09:32.738Z,6
DEMO-DEV-0332,506,2022-10-06T13:43:06.949Z,2026-09-29T08:50:12.161Z,7
DEMO-DEV-0545,506,2022-10-07T06:54:18.289Z,2026-09-21T22:37:44.015Z,6
DEMO-DEV-0644,506,2022-10-11T01:16:57.929Z,2026-09-27T09:23:39.503Z,6
DEMO-DEV-0847,506,2022-10-01T20:08:02.524Z,2026-09-25T03:13:03.073Z,6
DEMO-DEV-0904,506,2022-10-04T19:10:59.846Z,2026-09-26T11:35:09.246Z,6
DEMO-DEV-0950,506,2022-10-03T10:31:25.612Z,2026-09-27T05:41:29.403Z,7
DEMO-DEV-0981,506,2022-10-01T12:03:32.442Z,2026-09-30T06:34:04.535Z,7
DEMO-DEV-0985,506,2022-10-01T09:25:49.785Z,2026-09-23T17:06:44.661Z,7
DEMO-DEV-0997,506,2022-10-02T22:24:58.817Z,2026-09-29T11:17:35.172Z,7
DEMO-DEV-1022,506,2022-10-03T18:56:24.073Z,2026-09-29T08:43:24.836Z,6
DEMO-DEV-1129,506,2022-10-02T23:36:32.692Z,2026-09-21T23:02:18.839Z,6
DEMO-DEV-1133,506,2022-10-18T07:30:51.236Z,2026-09-28T02:31:02.319Z,6
DEMO-DEV-1200,506,2022-10-11T10:18:29.817Z,2026-09-28T18:53:03.004Z,6
DEMO-DEV-1226,506,2022-10-01T15:08:06.221Z,2026-09-30T05:24:40.120Z,7
DEMO-DEV-1246,506,2022-10-05T15:49:30.513Z,2026-09-20T21:52:07.867Z,7
DEMO-DEV-1337,506,2022-10-02T03:52:08.428Z,2026-09-22T08:42:36.288Z,7
DEMO-DEV-1379,506,2022-10-02T04:49:24.950Z,2026-09-19T01:14:40.172Z,7
DEMO-DEV-1404,506,2022-10-07T22:38:34.370Z,2026-09-26T06:10:09.929Z,6
DEMO-DEV-1405,506,2022-10-04T01:11:58.556Z,2026-09-12T21:12:37.409Z,7
DEMO-DEV-1428,506,2022-10-02T00:35:40.578Z,2026-09-27T21:42:05.646Z,6
DEMO-DEV-1507,506,2022-10-04T12:09:37.527Z,2026-09-30T05:36:28.806Z,6
DEMO-DEV-1517,506,2022-10-09T23:27:36.976Z,2026-09-30T04:40:49.658Z,7
DEMO-DEV-1688,506,2022-10-04T12:06:28.289Z,2026-09-26T00:54:25.976Z,7
DEMO-DEV-1740,506,2022-10-02T06:49:44.087Z,2026-09-27T10:50:53.428Z,6
DEMO-DEV-1747,506,2022-10-01T09:11:45.948Z,2026-09-27T12:08:41.325Z,7
DEMO-DEV-1805,506,2022-10-05T11:15:02.466Z,2026-09-28T09:14:14.239Z,6
DEMO-DEV-1826,506,2022-10-02T09:25:03.702Z,2026-09-27T14:29:54.120Z,7
DEMO-DEV-2056,506,2022-10-01T09:44:13.219Z,2026-09-29T23:25:36.884Z,7
DEMO-DEV-2070,506,2022-10-03T02:04:25.307Z,2026-09-17T22:34:18.402Z,6
DEMO-DEV-2152,506,2022-10-06T16:45:36.859Z,2026-09-30T06:46:46.865Z,7
DEMO-DEV-2259,506,2022-10-08T21:55:06.037Z,2026-09-23T17:33:33.040Z,7
DEMO-DEV-2347,506,2022-10-04T03:39:52.288Z,2026-09-27T05:03:16.254Z,6
DEMO-DEV-2394,506,2022-10-01T13:29:00.394Z,2026-09-27T18:45:39.370Z,6
DEMO-DEV-2408,506,2022-10-07T21:33:21.782Z,2026-09-29T17:27:25.014Z,7
DEMO-DEV-2420,506,2022-10-02T15:46:43.646Z,2026-09-30T04:05:47.786Z,7
DEMO-DEV-2449,506,2022-10-06T12:35:42.493Z,2026-09-27T06:43:41.817Z,7
DEMO-DEV-2478,506,2022-10-04T20:52:39.792Z,2026-09-29T16:40:59.989Z,7
DEMO-DEV-2479,506,2022-10-02T07:04:46.040Z,2026-09-30T00:41:25.172Z,6
DEMO-DEV-2552,506,2022-10-03T09:16:54.165Z,2026-09-29T02:06:33.493Z,7
DEMO-DEV-2624,506,2022-10-03T04:19:21.618Z,2026-09-29T15:37:43.205Z,7
DEMO-DEV-2696,506,2022-10-02T01:03:38.929Z,2026-09-28T08:44:51.232Z,7
DEMO-DEV-2723,506,2022-10-02T18:46:34.926Z,2026-09-28T16:08:41.892Z,7
DEMO-DEV-2885,506,2022-10-01T16:25:55.841Z,2026-09-25T14:16:45.224Z,7
DEMO-DEV-2932,506,2022-10-01T09:09:54.345Z,2026-09-25T16:29:36.203Z,5
DEMO-DEV-2980,506,2022-10-09T03:31:03.442Z,2026-09-28T05:47:34.397Z,6
DEMO-DEV-2999,506,2022-10-02T20:33:36.816Z,2026-09-28T07:31:26.470Z,7
DEMO-DEV-3002,506,2022-10-01T23:13:03.409Z,2026-09-25T00:14:37.239Z,7
DEMO-DEV-3146,506,2022-10-02T16:50:45.080Z,2026-09-28T12:23:00.806Z,6
DEMO-DEV-3175,506,2022-10-07T05:52:11.975Z,2026-09-22T12:29:56.160Z,6
DEMO-DEV-3197,506,2022-10-08T01:29:33.870Z,2026-09-28T18:01:20.428Z,7
DEMO-DEV-3198,506,2022-10-01T16:48:05.221Z,2026-09-29T10:10:32.192Z,7
DEMO-DEV-3520,506,2022-10-01T21:45:02.535Z,2026-09-13T19:37:58.368Z,6
DEMO-DEV-3632,506,2022-10-04T18:26:31.784Z,2026-09-27T15:51:32.325Z,6
DEMO-DEV-3659,506,2022-10-01T20:35:17.975Z,2026-09-27T14:03:27.985Z,7
DEMO-DEV-3760,506,2022-10-03T02:28:25.218Z,2026-09-26T05:30:19.368Z,7
DEMO-DEV-3895,506,2022-10-04T22:51:07.556Z,2026-09-25T21:35:26.172Z,5
DEMO-DEV-3993,506,2022-10-03T17:10:08.692Z,2026-09-29T09:52:24.597Z,6
DEMO-DEV-4033,506,2022-10-02T09:57:50.851Z,2026-09-28T19:03:39.926Z,7
DEMO-DEV-4100,506,2022-10-02T21:26:45.666Z,2026-09-26T15:57:18.087Z,6
DEMO-DEV-4193,506,2022-10-05T13:55:21.057Z,2026-09-26T15:24:44.272Z,7
DEMO-DEV-4220,506,2022-10-12T21:38:13.232Z,2026-09-29T05:45:15.782Z,7
DEMO-DEV-4316,506,2022-10-01T23:45:40.786Z,2026-09-29T18:14:41.289Z,7
DEMO-DEV-4457,506,2022-10-02T09:33:02.799Z,2026-09-28T23:51:40.865Z,7
DEMO-DEV-4480,506,2022-10-05T23:08:19.319Z,2026-09-28T19:28:46.926Z,7
DEMO-DEV-4564,506,2022-10-02T15:44:47.134Z,2026-09-29T20:49:48.291Z,7
DEMO-DEV-4580,506,2022-10-01T11:14:50.224Z,2026-09-28T12:44:41.365Z,7
DEMO-DEV-4726,506,2022-10-07T00:00:56.692Z,2026-09-30T06:42:13.824Z,6
DEMO-DEV-4836,506,2022-10-02T19:38:26.785Z,2026-09-27T15:18:56.974Z,6
DEMO-DEV-4882,506,2022-10-01T14:38:14.352Z,2026-09-30T00:48:20.688Z,7
DEMO-DEV-4911,506,2022-10-06T23:20:21.027Z,2026-09-29T11:50:27.965Z,6
DEMO-DEV-4924,506,2022-10-02T13:23:35.160Z,2026-09-29T07:31:11.172Z,6
DEMO-DEV-4966,506,2022-10-05T00:51:51.511Z,2026-09-29T04:06:45.168Z,6
DEMO-DEV-5132,506,2022-10-04T08:02:15.692Z,2026-09-24T07:57:34.545Z,7
DEMO-DEV-5169,506,2022-10-01T17:17:37.784Z,2026-09-28T13:34:43.366Z,6
DEMO-DEV-5181,506,2022-10-02T23:12:15.969Z,2026-09-29T06:48:31.308Z,7
DEMO-DEV-5353,506,2022-10-03T15:17:54.307Z,2026-09-28T10:36:32.300Z,7
DEMO-DEV-5375,506,2022-10-02T04:27:23.253Z,2026-09-28T17:24:57.155Z,7
DEMO-DEV-5381,506,2022-10-04T23:30:57.612Z,2026-09-26T15:08:28.879Z,7
DEMO-DEV-5400,506,2022-10-04T08:27:21.337Z,2026-09-27T18:15:49.208Z,7
DEMO-DEV-5430,506,2022-10-02T18:03:42.992Z,2026-09-29T22:24:47.485Z,6
DEMO-DEV-5451,506,2022-10-02T15:19:06.793Z,2026-09-29T09:36:51.646Z,6
DEMO-DEV-5475,506,2022-10-02T05:49:20.368Z,2026-09-29T23:21:43.948Z,6
DEMO-DEV-5544,506,2022-10-04T19:54:45.138Z,2026-09-25T07:51:59.843Z,6
DEMO-DEV-5565,506,2022-10-01T09:33:30.204Z,2026-09-27T17:33:10.605Z,6
DEMO-DEV-5634,506,2022-10-04T16:17:59.225Z,2026-09-27T17:44:13.864Z,6
DEMO-DEV-5669,506,2022-10-05T05:13:56.676Z,2026-09-27T21:35:41.765Z,7
DEMO-DEV-5794,506,2022-10-01T08:34:49.948Z,2026-09-29T21:07:26.090Z,5
DEMO-DEV-5844,506,2022-10-09T16:51:34.714Z,2026-09-28T18:55:56.493Z,6
DEMO-DEV-5846,506,2022-10-02T23:20:24.409Z,2026-09-23T18:39:07.653Z,6
DEMO-DEV-5983,506,2022-10-02T17:38:25.298Z,2026-09-29T12:03:21.027Z,7
DEMO-DEV-6003,506,2022-10-04T01:30:03.428Z,2026-09-27T15:04:30.785Z,7
DEMO-DEV-6163,506,2022-10-01T16:25:49.183Z,2026-09-28T01:29:56.985Z,6
DEMO-DEV-6197,506,2022-10-03T23:00:17.075Z,2026-09-29T18:00:33.462Z,6
DEMO-DEV-6275,506,2022-10-02T04:22:48.839Z,2026-09-26T12:39:17.173Z,6
DEMO-DEV-6367,506,2022-10-01T09:56:09.884Z,2026-09-28T14:57:31.230Z,6
DEMO-DEV-6564,506,2022-10-02T08:03:14.987Z,2026-09-29T12:39:58.352Z,7
DEMO-DEV-6593,506,2022-10-17T19:19:10.556Z,2026-09-24T20:49:45.352Z,6
DEMO-DEV-6612,506,2022-10-03T04:00:18.234Z,2026-09-29T12:29:17.914Z,7
DEMO-DEV-6638,506,2022-10-02T06:45:24.513Z,2026-09-24T03:50:52.752Z,6
DEMO-DEV-6935,506,2022-10-05T04:33:26.337Z,2026-09-28T12:40:36.387Z,6
DEMO-DEV-7062,506,2022-10-04T03:13:58.503Z,2026-09-19T01:40:00.168Z,6
DEMO-DEV-7081,506,2022-10-15T08:41:06.319Z,2026-09-24T12:55:41.397Z,7
DEMO-DEV-7116,506,2022-10-02T19:54:19.870Z,2026-09-27T11:04:29.225Z,7
DEMO-DEV-7209,506,2022-10-04T01:31:39.511Z,2026-09-29T13:26:33.442Z,6
DEMO-DEV-7275,506,2022-10-02T03:54:07.173Z,2026-09-26T03:00:54.040Z,7
DEMO-DEV-7300,506,2022-10-05T06:30:55.976Z,2026-09-27T22:21:48.727Z,7
DEMO-DEV-7310,506,2022-10-03T07:24:13.666Z,2026-09-20T21:09:31.949Z,6
DEMO-DEV-7361,506,2022-10-01T09:20:27.325Z,2026-09-29T20:41:05.816Z,6
DEMO-DEV-7459,506,2022-10-01T15:21:45.968Z,2026-09-29T20:23:08.225Z,7
DEMO-DEV-7479,506,2022-10-03T04:50:22.442Z,2026-09-26T20:28:16.817Z,7
DEMO-DEV-7514,506,2022-10-01T23:37:02.917Z,2026-09-28T01:50:32.976Z,6
DEMO-DEV-7520,506,2022-10-03T15:54:57.139Z,2026-09-29T21:17:31.524Z,7
DEMO-DEV-7599,506,2022-10-02T18:24:22.524Z,2026-09-27T09:11:56.040Z,7
DEMO-DEV-7824,506,2022-10-02T00:08:24.653Z,2026-09-29T10:48:40.226Z,7
DEMO-DEV-7850,506,2022-10-04T00:40:17.653Z,2026-09-29T22:19:06.252Z,7
DEMO-DEV-7904,506,2022-10-02T06:12:15.778Z,2026-09-28T23:27:57.298Z,6
DEMO-DEV-7951,506,2022-10-02T23:14:06.692Z,2026-09-22T01:16:42.989Z,6
DEMO-DEV-8023,506,2022-10-04T11:14:11.307Z,2026-09-24T14:38:14.914Z,7
DEMO-DEV-8084,506,2022-10-05T04:06:05.843Z,2026-09-24T21:55:22.345Z,7
DEMO-DEV-8249,506,2022-10-02T07:56:55.646Z,2026-09-28T11:42:53.799Z,7
DEMO-DEV-8356,506,2022-10-05T05:04:07.950Z,2026-09-21T10:19:54.885Z,7
DEMO-DEV-8526,506,2022-10-02T03:48:23.793Z,2026-09-29T19:02:29.004Z,7
DEMO-DEV-8625,506,2022-10-05T11:57:47.366Z,2026-09-23T16:38:16.357Z,7
DEMO-DEV-8789,506,2022-10-04T22:12:29.221Z,2026-09-28T17:53:18.653Z,6
DEMO-DEV-8853,506,2022-10-03T16:15:53.063Z,2026-09-30T01:09:48.778Z,7
DEMO-DEV-8862,506,2022-10-08T07:45:14.692Z,2026-09-04T00:22:30.218Z,7
DEMO-DEV-8879,506,2022-10-01T20:18:19.817Z,2026-09-29T01:13:47.519Z,7
DEMO-DEV-8931,506,2022-10-03T12:17:37.811Z,2026-09-28T00:17:50.466Z,6
DEMO-DEV-9033,506,2022-10-03T13:30:40.238Z,2026-09-24T13:19:02.976Z,7
DEMO-DEV-9125,506,2022-10-11T14:25:49.319Z,2026-09-25T23:57:34.272Z,6
DEMO-DEV-9140,506,2022-10-02T14:49:59.352Z,2026-09-30T03:28:08.442Z,7
DEMO-DEV-9161,506,2022-10-02T13:49:13.795Z,2026-09-29T23:45:39.264Z,7
DEMO-DEV-9180,506,2022-10-03T11:48:54.968Z,2026-09-29T04:09:38.366Z,6
DEMO-DEV-9349,506,2022-10-01T14:51:51.080Z,2026-09-29T19:47:07.397Z,7
DEMO-DEV-9447,506,2022-10-03T21:33:06.403Z,2026-09-25T16:25:29.264Z,7
DEMO-DEV-9481,506,2022-10-02T15:45:35.557Z,2026-09-30T06:24:52.337Z,7
DEMO-DEV-9658,506,2022-10-06T21:40:20.948Z,2026-09-28T18:09:57.370Z,5
DEMO-DEV-9686,506,2022-10-01T09:24:05.578Z,2026-09-25T15:07:47.497Z,7
DEMO-DEV-9759,506,2022-10-02T21:53:22.183Z,2026-09-30T05:08:07.308Z,7
DEMO-DEV-9781,506,2022-10-07T08:48:53.354Z,2026-09-28T13:00:41.786Z,7
DEMO-DEV-9788,506,2022-10-02T10:51:04.037Z,2026-09-22T00:17:36.948Z,7
DEMO-DEV-9942,506,2022-10-01T21:02:18.218Z,2026-09-26T12:25:36.040Z,6
DEMO-DEV-9993,506,2022-10-03T01:52:22.024Z,2026-09-28T13:47:00.784Z,6
DEMO-DEV-0001,505,2022-10-02T04:02:09.307Z,2026-09-30T02:30:20.357Z,6
DEMO-DEV-0087,505,2022-10-07T06:00:30.226Z,2026-09-28T01:00:06.236Z,7
DEMO-DEV-0212,505,2022-10-02T11:08:50.038Z,2026-09-24T15:40:40.077Z,7
DEMO-DEV-0213,505,2022-10-03T16:05:53.804Z,2026-09-28T17:33:10.765Z,7
DEMO-DEV-0438,505,2022-10-01T18:50:44.817Z,2026-09-28T23:31:50.470Z,6
DEMO-DEV-0521,505,2022-10-07T22:31:09.068Z,2026-09-27T01:16:40.992Z,6
DEMO-DEV-0564,505,2022-10-02T07:05:58.584Z,2026-09-29T17:49:42.219Z,5
DEMO-DEV-0567,505,2022-10-11T12:58:23.735Z,2026-09-28T12:18:07.710Z,7
DEMO-DEV-0589,505,2022-10-01T21:10:50.208Z,2026-09-24T13:15:09.218Z,7
DEMO-DEV-0723,505,2022-10-03T07:06:36.236Z,2026-09-23T21:03:21.885Z,7
DEMO-DEV-0797,505,2022-10-02T10:53:57.300Z,2026-09-24T08:00:47.236Z,7
DEMO-DEV-0825,505,2022-10-02T16:33:31.811Z,2026-09-29T22:21:22.646Z,7
DEMO-DEV-0837,505,2022-10-18T22:27:08.597Z,2026-09-28T15:11:08.138Z,7
DEMO-DEV-0844,505,2022-10-04T06:46:36.816Z,2026-09-30T05:40:52.165Z,6
DEMO-DEV-0860,505,2022-10-03T17:16:15.975Z,2026-09-29T03:54:23.120Z,7
DEMO-DEV-0893,505,2022-10-02T03:41:38.239Z,2026-09-30T03:11:56.885Z,7
DEMO-DEV-1067,505,2022-10-02T09:46:05.817Z,2026-09-27T05:47:39.841Z,7
DEMO-DEV-1069,505,2022-10-07T04:48:49.370Z,2026-09-29T04:12:56.782Z,7
DEMO-DEV-1083,505,2022-10-02T10:11:27.929Z,2026-09-28T13:05:13.785Z,6
DEMO-DEV-1102,505,2022-10-08T18:04:23.307Z,2026-09-27T09:14:22.968Z,6
DEMO-DEV-1159,505,2022-10-04T23:09:07.370Z,2026-09-30T03:25:31.914Z,7
DEMO-DEV-1211,505,2022-10-01T22:02:43.352Z,2026-09-29T21:05:17.319Z,7
DEMO-DEV-1217,505,2022-10-05T11:22:02.391Z,2026-09-25T07:14:32.226Z,7
DEMO-DEV-1360,505,2022-10-11T12:42:28.232Z,2026-09-30T07:53:21.409Z,7
DEMO-DEV-1380,505,2022-10-01T10:03:51.023Z,2026-09-29T16:18:18.254Z,7
DEMO-DEV-1426,505,2022-10-01T16:32:13.914Z,2026-09-30T08:12:20.307Z,7
DEMO-DEV-1432,505,2022-10-01T21:30:22.300Z,2026-09-28T01:22:16.929Z,7
DEMO-DEV-1488,505,2022-10-07T20:07:01.992Z,2026-09-21T22:55:27.836Z,6
DEMO-DEV-1621,505,2022-10-01T15:53:55.307Z,2026-09-17T10:20:34.793Z,6
DEMO-DEV-1648,505,2022-10-05T02:04:44.357Z,2026-09-30T03:51:17.466Z,7
DEMO-DEV-1653,505,2022-10-02T02:13:49.315Z,2026-09-28T02:54:57.221Z,6
DEMO-DEV-1750,505,2022-10-06T05:12:09.189Z,2026-09-28T04:05:43.692Z,6
DEMO-DEV-1771,505,2022-10-09T22:12:51.239Z,2026-09-29T10:19:33.485Z,6
DEMO-DEV-1778,505,2022-10-11T16:45:54.987Z,2026-09-26T09:14:34.246Z,6
DEMO-DEV-1866,505,2022-10-01T14:30:13.537Z,2026-09-26T08:52:31.639Z,7
DEMO-DEV-1886,505,2022-10-05T03:47:04.120Z,2026-09-30T00:55:33.803Z,7
DEMO-DEV-1941,505,2022-10-03T06:55:51.568Z,2026-09-27T21:57:05.289Z,7
DEMO-DEV-1942,505,2022-10-03T09:02:51.843Z,2026-09-28T14:13:36.080Z,6
DEMO-DEV-1957,505,2022-10-05T11:43:44.915Z,2026-09-30T04:49:24.859Z,5
DEMO-DEV-1969,505,2022-10-08T04:23:15.139Z,2026-09-28T06:16:59.239Z,6
DEMO-DEV-2011,505,2022-10-02T01:19:43.989Z,2026-09-28T23:03:41.817Z,7
DEMO-DEV-2166,505,2022-10-01T11:14:51.692Z,2026-09-23T23:34:33.368Z,7
DEMO-DEV-2217,505,2022-10-03T08:32:17.345Z,2026-09-28T07:45:06.816Z,6
DEMO-DEV-2226,505,2022-10-01T10:13:23.607Z,2026-09-22T09:51:02.455Z,6
DEMO-DEV-2268,505,2022-10-06T15:37:22.948Z,2026-09-24T05:21:11.714Z,6
DEMO-DEV-2285,505,2022-10-01T12:45:26.068Z,2026-09-29T06:06:57.846Z,7
DEMO-DEV-2363,505,2022-10-03T14:14:03.236Z,2026-09-28T17:53:11.867Z,7
DEMO-DEV-2404,505,2022-10-02T17:51:19.365Z,2026-09-30T01:03:12.811Z,7
DEMO-DEV-2593,505,2022-10-03T12:28:21.612Z,2026-09-25T18:47:05.264Z,6
DEMO-DEV-2612,505,2022-10-05T00:35:20.365Z,2026-09-28T10:37:30.238Z,7
DEMO-DEV-2673,505,2022-10-06T04:19:44.859Z,2026-09-27T20:05:40.308Z,7
DEMO-DEV-2712,505,2022-10-03T12:22:19.785Z,2026-09-26T17:20:59.727Z,7
DEMO-DEV-2794,505,2022-10-02T22:42:39.597Z,2026-09-28T09:01:11.226Z,6
DEMO-DEV-2876,505,2022-10-01T14:32:02.226Z,2026-09-27T22:00:43.219Z,6
DEMO-DEV-2877,505,2022-10-01T20:00:11.676Z,2026-09-23T07:26:14.221Z,7
DEMO-DEV-2918,505,2022-10-02T03:13:15.307Z,2026-09-29T21:49:58.238Z,7
DEMO-DEV-2965,505,2022-10-01T10:43:30.639Z,2026-09-21T18:53:59.842Z,6
DEMO-DEV-3003,505,2022-10-05T08:21:34.661Z,2026-09-27T08:33:43.985Z,6
DEMO-DEV-3038,505,2022-10-04T09:59:40.442Z,2026-09-25T15:18:03.409Z,6
DEMO-DEV-3066,505,2022-10-01T09:09:09.786Z,2026-09-29T01:16:40.817Z,6
DEMO-DEV-3105,505,2022-10-06T18:28:35.205Z,2026-09-29T22:02:43.806Z,7
DEMO-DEV-3133,505,2022-10-06T05:53:01.288Z,2026-09-28T11:55:17.236Z,6
DEMO-DEV-3170,505,2022-10-03T10:26:45.307Z,2026-09-29T18:41:46.913Z,6
DEMO-DEV-3225,505,2022-10-10T07:32:59.466Z,2026-09-29T18:17:14.160Z,6
DEMO-DEV-3234,505,2022-10-03T01:58:15.222Z,2026-09-27T00:42:52.535Z,7
DEMO-DEV-3256,505,2022-10-01T21:38:20.816Z,2026-09-30T04:13:42.584Z,7
DEMO-DEV-3281,505,2022-10-02T17:49:41.234Z,2026-09-28T10:47:29.989Z,7
DEMO-DEV-3341,505,2022-10-05T13:36:05.597Z,2026-09-27T10:54:44.219Z,6
DEMO-DEV-3356,505,2022-10-07T16:48:07.368Z,2026-09-29T14:32:16.004Z,6
DEMO-DEV-3413,505,2022-10-01T22:26:47.190Z,2026-09-28T05:08:49.204Z,7
DEMO-DEV-3431,505,2022-10-05T08:25:19.040Z,2026-09-29T23:55:24.795Z,7
DEMO-DEV-3549,505,2022-10-09T10:24:39.508Z,2026-09-30T06:08:20.795Z,7
DEMO-DEV-3610,505,2022-10-01T12:05:58.607Z,2026-09-15T00:20:23.173Z,7
DEMO-DEV-3626,505,2022-10-03T00:26:06.607Z,2026-09-29T12:16:54.160Z,7
DEMO-DEV-3690,505,2022-10-04T20:15:43.655Z,2026-09-25T04:07:18.308Z,7
DEMO-DEV-3720,505,2022-10-02T10:35:07.727Z,2026-09-29T09:20:55.226Z,7
DEMO-DEV-3726,505,2022-10-04T07:15:56.077Z,2026-09-28T22:21:28.368Z,7
DEMO-DEV-3777,505,2022-10-03T01:14:36.370Z,2026-09-27T01:16:33.253Z,6
DEMO-DEV-3812,505,2022-10-05T13:38:50.172Z,2026-09-28T08:30:45.976Z,7
DEMO-DEV-3996,505,2022-10-03T11:48:02.917Z,2026-09-24T09:52:58.428Z,7
DEMO-DEV-4214,505,2022-10-02T11:17:44.965Z,2026-09-25T15:58:54.442Z,7
DEMO-DEV-4309,505,2022-10-02T10:31:31.225Z,2026-09-27T15:27:42.778Z,7
DEMO-DEV-4388,505,2022-10-04T05:50:47.428Z,2026-09-23T22:43:18.719Z,6
DEMO-DEV-4497,505,2022-10-03T01:47:58.409Z,2026-09-28T19:19:26.965Z,7
DEMO-DEV-4520,505,2022-10-03T01:51:06.264Z,2026-09-29T17:24:36.545Z,7
DEMO-DEV-4537,505,2022-10-03T18:31:22.319Z,2026-09-27T01:15:36.811Z,6
DEMO-DEV-4555,505,2022-10-02T12:18:24.173Z,2026-09-24T11:38:09.226Z,7
DEMO-DEV-4661,505,2022-10-01T19:58:49.167Z,2026-09-27T07:54:00.511Z,7
DEMO-DEV-4718,505,2022-10-03T12:40:48.968Z,2026-09-24T04:31:51.778Z,7
DEMO-DEV-4801,505,2022-10-02T13:40:55.038Z,2026-09-22T01:28:55.648Z,7
DEMO-DEV-4830,505,2022-10-01T13:54:24.968Z,2026-09-28T21:14:33.519Z,6
DEMO-DEV-5027,505,2022-10-05T07:58:30.793Z,2026-09-29T10:51:43.614Z,7
DEMO-DEV-5101,505,2022-10-03T02:59:39.891Z,2026-09-23T18:53:12.289Z,7
DEMO-DEV-5253,505,2022-10-04T04:05:20.253Z,2026-09-29T09:37:54.239Z,7
DEMO-DEV-5257,505,2022-10-08T21:32:31.618Z,2026-09-27T03:56:58.765Z,7
DEMO-DEV-5330,505,2022-10-06T12:49:14.203Z,2026-09-23T07:53:51.024Z,6
DEMO-DEV-5504,505,2022-10-02T06:00:02.023Z,2026-09-29T18:31:53.949Z,6
DEMO-DEV-5532,505,2022-10-01T11:07:54.014Z,2026-09-27T19:23:34.752Z,7
DEMO-DEV-5553,505,2022-10-16T20:49:05.879Z,2026-09-29T20:53:48.168Z,7
DEMO-DEV-5608,505,2022-10-06T09:17:42.203Z,2026-09-30T06:25:56.466Z,7
DEMO-DEV-5689,505,2022-10-01T12:49:36.636Z,2026-09-23T02:41:31.254Z,6
DEMO-DEV-5731,505,2022-10-03T05:22:44.057Z,2026-09-28T12:08:16.824Z,6
DEMO-DEV-5744,505,2022-10-05T21:54:09.702Z,2026-09-24T20:45:41.950Z,7
DEMO-DEV-5855,505,2022-10-01T22:38:17.948Z,2026-09-30T05:47:17.455Z,6
DEMO-DEV-5964,505,2022-10-04T01:05:09.161Z,2026-09-28T11:37:33.080Z,7
DEMO-DEV-5998,505,2022-10-06T02:24:00.167Z,2026-09-29T00:00:34.232Z,7
DEMO-DEV-6035,505,2022-10-07T11:48:10.264Z,2026-09-24T18:47:42.302Z,7
DEMO-DEV-6049,505,2022-10-03T00:22:36.612Z,2026-09-29T05:04:54.230Z,7
DEMO-DEV-6229,505,2022-10-06T05:21:20.873Z,2026-09-29T17:43:04.027Z,7
DEMO-DEV-6271,505,2022-10-02T00:10:00.446Z,2026-09-27T23:22:02.870Z,7
DEMO-DEV-6316,505,2022-10-02T10:25:21.778Z,2026-09-29T07:23:03.503Z,7
DEMO-DEV-6333,505,2022-10-08T13:46:46.556Z,2026-09-23T10:29:32.754Z,7
DEMO-DEV-6385,505,2022-10-10T17:21:18.989Z,2026-09-27T06:28:19.892Z,7
DEMO-DEV-6429,505,2022-10-05T15:41:33.692Z,2026-09-27T21:50:25.319Z,7
DEMO-DEV-6460,505,2022-10-02T06:09:00.578Z,2026-09-25T20:15:28.867Z,7
DEMO-DEV-6487,505,2022-10-02T08:06:45.975Z,2026-09-30T00:04:23.658Z,7
DEMO-DEV-6497,505,2022-10-03T05:33:35.841Z,2026-09-28T04:49:04.239Z,7
DEMO-DEV-6504,505,2022-10-02T22:29:33.614Z,2026-09-25T02:51:14.252Z,7
DEMO-DEV-6558,505,2022-10-01T22:29:21.646Z,2026-09-28T04:18:09.714Z,7
DEMO-DEV-6568,505,2022-10-02T04:32:12.428Z,2026-09-28T02:44:10.366Z,7
DEMO-DEV-6621,505,2022-10-01T14:01:57.661Z,2026-09-25T12:21:54.917Z,6
DEMO-DEV-6697,505,2022-10-04T16:04:34.692Z,2026-09-29T19:36:19.415Z,6
DEMO-DEV-6799,505,2022-10-09T12:52:05.870Z,2026-09-24T02:03:47.646Z,6
DEMO-DEV-6871,505,2022-10-02T10:10:07.754Z,2026-09-27T23:43:57.523Z,6
DEMO-DEV-6961,505,2022-10-02T20:28:28.870Z,2026-09-30T06:26:51.268Z,7
DEMO-DEV-6988,505,2022-10-03T09:19:49.026Z,2026-09-29T01:59:00.150Z,6
DEMO-DEV-7077,505,2022-10-03T13:02:15.913Z,2026-09-21T14:55:59.409Z,7
DEMO-DEV-7118,505,2022-10-01T20:24:32.719Z,2026-09-28T19:40:48.428Z,6
DEMO-DEV-7158,505,2022-10-01T13:20:40.817Z,2026-09-28T16:35:40.208Z,6
DEMO-DEV-7281,505,2022-10-03T17:30:37.836Z,2026-09-25T17:56:19.752Z,6
DEMO-DEV-7338,505,2022-10-03T02:29:30.825Z,2026-09-30T00:08:48.618Z,7
DEMO-DEV-7454,505,2022-10-04T01:51:45.485Z,2026-09-27T00:19:18.795Z,6
DEMO-DEV-7562,505,2022-10-02T13:32:54.752Z,2026-09-29T08:19:15.123Z,7
DEMO-DEV-7579,505,2022-10-03T14:34:56.646Z,2026-09-30T08:03:46.134Z,7
DEMO-DEV-7632,505,2022-10-02T04:37:47.298Z,2026-09-28T22:18:08.950Z,6
DEMO-DEV-7722,505,2022-10-08T13:37:26.037Z,2026-09-29T08:32:38.352Z,7
DEMO-DEV-7915,505,2022-10-05T05:47:17.825Z,2026-09-19T01:31:46.668Z,6
DEMO-DEV-7957,505,2022-10-07T22:06:16.365Z,2026-09-29T12:50:10.455Z,7
DEMO-DEV-7970,505,2022-10-01T12:49:00.870Z,2026-09-29T17:48:52.370Z,7
DEMO-DEV-8104,505,2022-10-03T23:51:02.688Z,2026-09-29T08:30:00.466Z,6
DEMO-DEV-8106,505,2022-10-01T20:17:37.021Z,2026-09-29T15:47:24.080Z,6
DEMO-DEV-8121,505,2022-10-05T00:48:14.846Z,2026-09-22T17:31:54.870Z,7
DEMO-DEV-8282,505,2022-10-02T11:40:41.817Z,2026-09-27T17:16:29.370Z,7
DEMO-DEV-8376,505,2022-10-02T23:49:20.851Z,2026-09-29T08:55:27.648Z,6
DEMO-DEV-8521,505,2022-10-02T05:56:35.397Z,2026-09-23T09:00:09.505Z,7
DEMO-DEV-8739,505,2022-10-05T16:23:13.238Z,2026-09-28T02:45:53.692Z,6
DEMO-DEV-8774,505,2022-10-04T11:53:45.403Z,2026-09-30T07:50:18.917Z,6
DEMO-DEV-8828,505,2022-10-03T13:40:10.120Z,2026-09-29T14:48:54.612Z,7
DEMO-DEV-8849,505,2022-10-02T06:38:35.246Z,2026-09-27T17:36:59.466Z,6
DEMO-DEV-8966,505,2022-10-01T10:15:37.824Z,2026-09-29T04:50:28.505Z,7
DEMO-DEV-8990,505,2022-10-01T09:45:13.985Z,2026-09-25T17:43:04.727Z,7
DEMO-DEV-9043,505,2022-10-03T11:18:58.646Z,2026-09-20T07:01:53.222Z,7
DEMO-DEV-9068,505,2022-10-02T21:13:35.139Z,2026-09-30T06:16:12.090Z,6
DEMO-DEV-9075,505,2022-10-03T04:56:36.884Z,2026-09-26T09:02:52.688Z,7
DEMO-DEV-9247,505,2022-10-01T20:12:27.692Z,2026-09-29T18:37:29.816Z,7
DEMO-DEV-9253,505,2022-10-01T22:40:45.682Z,2026-09-26T22:07:57.785Z,7
DEMO-DEV-9259,505,2022-10-01T20:21:14.226Z,2026-09-30T01:37:28.618Z,7
DEMO-DEV-9278,505,2022-10-01T23:44:49.557Z,2026-09-26T16:44:33.165Z,7
DEMO-DEV-9427,505,2022-10-01T13:27:01.803Z,2026-09-30T04:00:10.950Z,7
DEMO-DEV-9467,505,2022-10-01T12:08:20.884Z,2026-09-10T16:22:40.391Z,6
DEMO-DEV-9548,505,2022-10-07T14:20:49.165Z,2026-09-18T04:11:58.884Z,7
DEMO-DEV-9619,505,2022-10-02T02:02:13.597Z,2026-09-29T03:52:36.519Z,7
DEMO-DEV-9634,505,2022-10-01T09:02:23.513Z,2026-09-23T08:29:01.442Z,7
DEMO-DEV-9646,505,2022-10-03T21:19:12.864Z,2026-09-30T00:27:59.968Z,7
DEMO-DEV-9726,505,2022-10-02T14:12:22.234Z,2026-09-27T01:05:02.068Z,7
DEMO-DEV-9772,505,2022-10-04T00:55:10.370Z,2026-09-29T08:49:05.264Z,7
DEMO-DEV-9796,505,2022-10-02T10:47:54.966Z,2026-09-29T21:04:42.965Z,7
DEMO-DEV-9824,505,2022-10-06T21:22:53.653Z,2026-09-28T07:34:53.865Z,7
DEMO-DEV-9868,505,2022-10-12T05:17:07.253Z,2026-09-24T04:23:16.003Z,7
DEMO-DEV-9890,505,2022-10-05T14:58:03.842Z,2026-09-29T10:24:44.597Z,7
DEMO-DEV-9985,505,2022-10-09T17:41:08.236Z,2026-09-27T15:06:59.785Z,5
DEMO-DEV-0085,504,2022-10-02T14:08:23.167Z,2026-09-27T06:23:38.038Z,7
DEMO-DEV-0128,504,2022-10-02T11:57:05.666Z,2026-09-28T15:30:32.224Z,7
DEMO-DEV-0162,504,2022-10-04T10:04:40.218Z,2026-09-25T03:19:15.165Z,6
DEMO-DEV-0215,504,2022-10-01T10:45:10.366Z,2026-09-30T04:56:28.836Z,7
DEMO-DEV-0380,504,2022-10-02T00:03:10.735Z,2026-09-29T08:35:28.291Z,7
DEMO-DEV-0419,504,2022-10-01T12:50:31.976Z,2026-09-20T16:13:50.057Z,7
DEMO-DEV-0469,504,2022-10-01T15:30:22.870Z,2026-09-25T15:02:26.524Z,7
DEMO-DEV-0475,504,2022-10-04T17:24:41.839Z,2026-09-27T12:37:55.252Z,7
DEMO-DEV-0529,504,2022-10-07T11:06:02.291Z,2026-09-27T05:51:39.307Z,7
DEMO-DEV-0536,504,2022-10-03T02:37:59.253Z,2026-09-27T17:02:00.976Z,7
DEMO-DEV-0716,504,2022-10-13T07:26:16.442Z,2026-09-29T13:03:41.455Z,7
DEMO-DEV-0807,504,2022-10-03T11:13:36.120Z,2026-09-24T03:40:19.891Z,7
DEMO-DEV-0851,504,2022-10-01T16:25:41.345Z,2026-09-29T00:45:06.203Z,7
DEMO-DEV-0857,504,2022-10-06T20:48:36.836Z,2026-09-28T10:59:38.221Z,6
DEMO-DEV-0908,504,2022-10-02T09:04:39.692Z,2026-09-28T05:22:02.535Z,7
DEMO-DEV-0920,504,2022-10-02T15:12:47.692Z,2026-09-30T02:48:14.557Z,7
DEMO-DEV-0986,504,2022-10-03T11:42:58.968Z,2026-09-29T16:24:23.230Z,7
DEMO-DEV-1006,504,2022-10-03T23:00:38.752Z,2026-09-26T11:27:58.668Z,7
DEMO-DEV-1096,504,2022-10-05T06:39:48.605Z,2026-09-30T00:48:38.811Z,6
DEMO-DEV-1103,504,2022-10-02T01:20:20.218Z,2026-09-29T23:30:18.666Z,7
DEMO-DEV-1170,504,2022-10-03T22:29:19.354Z,2026-09-25T23:42:21.836Z,7
DEMO-DEV-1224,504,2022-10-02T19:10:48.325Z,2026-09-29T05:17:33.636Z,6
DEMO-DEV-1284,504,2022-10-02T00:03:11.161Z,2026-09-27T09:11:41.859Z,7
DEMO-DEV-1324,504,2022-10-04T01:23:26.992Z,2026-09-26T12:45:29.307Z,7
DEMO-DEV-1350,504,2022-10-03T07:44:34.989Z,2026-09-25T02:38:40.851Z,7
DEMO-DEV-1369,504,2022-10-04T01:19:07.676Z,2026-09-20T06:55:42.842Z,5
DEMO-DEV-1389,504,2022-10-05T00:08:35.232Z,2026-09-25T03:31:51.614Z,7
DEMO-DEV-1391,504,2022-10-15T20:03:15.168Z,2026-09-28T14:53:47.167Z,7
DEMO-DEV-1401,504,2022-10-01T08:56:42.648Z,2026-09-28T05:54:08.648Z,6
DEMO-DEV-1430,504,2022-10-02T17:02:21.319Z,2026-09-27T21:48:58.607Z,7
DEMO-DEV-1437,504,2022-10-02T17:55:47.272Z,2026-09-13T01:53:39.205Z,7
DEMO-DEV-1472,504,2022-10-01T13:28:59.307Z,2026-09-27T19:19:57.040Z,7
DEMO-DEV-1568,504,2022-10-16T12:48:29.352Z,2026-09-21T11:08:43.513Z,7
DEMO-DEV-1739,504,2022-10-13T02:02:32.415Z,2026-09-20T16:25:04.968Z,7
DEMO-DEV-1813,504,2022-10-02T18:55:19.337Z,2026-09-28T13:15:11.236Z,6
DEMO-DEV-1829,504,2022-10-04T08:31:03.885Z,2026-09-29T19:43:45.817Z,6
DEMO-DEV-1840,504,2022-10-07T16:40:08.985Z,2026-09-25T23:13:06.868Z,6
DEMO-DEV-1842,504,2022-10-07T21:55:35.688Z,2026-09-28T12:25:40.803Z,7
DEMO-DEV-1869,504,2022-10-01T09:22:59.841Z,2026-09-28T20:39:31.524Z,7
DEMO-DEV-1909,504,2022-10-02T20:02:41.298Z,2026-09-29T19:29:20.391Z,7
DEMO-DEV-1936,504,2022-10-01T17:03:07.289Z,2026-09-17T00:40:26.799Z,7
DEMO-DEV-1940,504,2022-10-04T02:12:37.646Z,2026-09-29T12:02:12.965Z,7
DEMO-DEV-2028,504,2022-10-05T03:44:34.804Z,2026-09-28T17:26:26.865Z,7
DEMO-DEV-2033,504,2022-10-04T01:50:36.714Z,2026-09-24T22:53:12.238Z,7
DEMO-DEV-2067,504,2022-10-04T12:33:00.077Z,2026-09-26T18:30:23.155Z,7
DEMO-DEV-2069,504,2022-10-02T22:08:59.503Z,2026-09-30T00:25:33.870Z,7
DEMO-DEV-2111,504,2022-10-02T09:56:39.075Z,2026-09-29T15:00:29.976Z,7
DEMO-DEV-2153,504,2022-10-04T12:11:35.968Z,2026-09-28T19:42:41.873Z,6
DEMO-DEV-2197,504,2022-10-05T02:54:11.527Z,2026-09-22T23:28:20.824Z,7
DEMO-DEV-2237,504,2022-10-02T22:15:43.676Z,2026-09-28T17:52:35.646Z,6
DEMO-DEV-2332,504,2022-10-04T01:29:24.505Z,2026-09-22T17:09:51.658Z,7
DEMO-DEV-2371,504,2022-10-01T14:38:15.289Z,2026-09-27T16:22:26.345Z,7
DEMO-DEV-2433,504,2022-10-03T02:34:04.915Z,2026-09-21T11:39:53.511Z,7
DEMO-DEV-2469,504,2022-10-03T08:33:55.161Z,2026-09-29T23:25:29.470Z,7
DEMO-DEV-2529,504,2022-10-09T07:01:20.511Z,2026-09-21T18:40:03.211Z,7
DEMO-DEV-2644,504,2022-10-05T05:23:29.926Z,2026-09-26T23:54:05.508Z,6
DEMO-DEV-2657,504,2022-10-02T03:31:01.045Z,2026-09-27T14:20:52.817Z,7
DEMO-DEV-2668,504,2022-10-02T23:22:28.508Z,2026-09-28T10:51:37.015Z,7
DEMO-DEV-2684,504,2022-10-02T10:03:13.203Z,2026-09-29T05:43:21.974Z,6
DEMO-DEV-2724,504,2022-10-03T18:53:24.462Z,2026-09-26T13:04:08.319Z,7
DEMO-DEV-2751,504,2022-10-08T00:26:20.428Z,2026-09-23T15:29:28.167Z,7
DEMO-DEV-2774,504,2022-10-02T20:42:11.865Z,2026-09-24T17:54:44.784Z,7
DEMO-DEV-2884,504,2022-10-04T10:03:23.803Z,2026-09-24T05:42:11.038Z,6
DEMO-DEV-2982,504,2022-10-01T11:53:21.519Z,2026-09-27T11:20:08.859Z,6
DEMO-DEV-3110,504,2022-10-06T00:12:39.653Z,2026-09-29T18:30:46.885Z,6
DEMO-DEV-3161,504,2022-10-01T10:48:54.222Z,2026-09-28T10:40:59.226Z,7
DEMO-DEV-3214,504,2022-10-06T23:18:03.842Z,2026-09-25T13:43:35.239Z,7
DEMO-DEV-3255,504,2022-10-02T03:21:19.004Z,2026-09-29T10:39:34.485Z,6
DEMO-DEV-3352,504,2022-10-02T02:52:16.915Z,2026-09-28T10:06:32.057Z,6
DEMO-DEV-3365,504,2022-10-04T17:12:20.139Z,2026-09-29T21:44:10.786Z,6
DEMO-DEV-3398,504,2022-10-05T15:22:16.714Z,2026-09-29T21:51:48.040Z,7
DEMO-DEV-3484,504,2022-10-03T16:11:25.472Z,2026-09-28T00:49:16.692Z,6
DEMO-DEV-3496,504,2022-10-01T13:45:44.597Z,2026-09-29T09:05:09.989Z,7
DEMO-DEV-3504,504,2022-10-02T16:36:51.974Z,2026-09-28T17:24:41.816Z,7
DEMO-DEV-3589,504,2022-10-06T16:46:20.204Z,2026-09-28T07:30:27.864Z,7
DEMO-DEV-3725,504,2022-10-05T13:15:39.974Z,2026-09-25T07:21:41.023Z,7
DEMO-DEV-3728,504,2022-10-03T10:12:39.692Z,2026-09-29T19:27:49.037Z,6
DEMO-DEV-3729,504,2022-10-04T10:15:22.134Z,2026-09-28T22:13:24.719Z,6
DEMO-DEV-3791,504,2022-10-01T13:32:42.226Z,2026-09-28T08:19:21.614Z,7
DEMO-DEV-3839,504,2022-10-02T14:06:15.614Z,2026-09-29T02:15:42.503Z,7
DEMO-DEV-3848,504,2022-10-04T12:37:37.785Z,2026-09-26T08:05:02.989Z,6
DEMO-DEV-3905,504,2022-10-03T06:37:10.172Z,2026-09-30T01:30:31.087Z,7
DEMO-DEV-3955,504,2022-10-05T05:53:54.253Z,2026-09-30T02:30:39.442Z,7
DEMO-DEV-3985,504,2022-10-03T07:23:49.885Z,2026-09-22T10:11:47.817Z,7
DEMO-DEV-4015,504,2022-10-01T19:28:02.597Z,2026-09-30T02:18:21.765Z,7
DEMO-DEV-4077,504,2022-10-02T13:22:09.785Z,2026-09-24T16:08:48.968Z,7
DEMO-DEV-4122,504,2022-10-04T14:18:56.668Z,2026-09-28T23:27:15.948Z,6
DEMO-DEV-4257,504,2022-10-01T12:08:00.014Z,2026-09-29T10:21:50.989Z,7
DEMO-DEV-4264,504,2022-10-03T16:53:45.702Z,2026-09-29T23:40:42.513Z,6
DEMO-DEV-4510,504,2022-10-01T22:55:16.037Z,2026-09-23T14:57:20.885Z,7
DEMO-DEV-4522,504,2022-10-03T14:19:50.120Z,2026-09-30T03:39:47.658Z,7
DEMO-DEV-4569,504,2022-10-03T17:07:11.172Z,2026-09-29T16:07:19.929Z,6
DEMO-DEV-4592,504,2022-10-06T00:02:52.803Z,2026-09-23T09:40:03.264Z,6
DEMO-DEV-4618,504,2022-10-02T17:18:08.224Z,2026-09-25T18:29:48.966Z,6
DEMO-DEV-4669,504,2022-10-01T15:37:37.735Z,2026-09-30T06:12:50.591Z,7
DEMO-DEV-4770,504,2022-10-05T21:31:51.218Z,2026-09-21T19:33:38.752Z,6
DEMO-DEV-4940,504,2022-10-01T21:55:24.974Z,2026-09-29T12:52:33.087Z,7
DEMO-DEV-5028,504,2022-10-05T01:35:04.015Z,2026-09-30T04:50:02.841Z,7
DEMO-DEV-5100,504,2022-10-04T17:55:39.387Z,2026-09-30T01:20:50.370Z,6
DEMO-DEV-5129,504,2022-10-02T00:45:19.300Z,2026-09-26T06:24:26.639Z,6
DEMO-DEV-5140,504,2022-10-03T13:45:59.161Z,2026-09-28T07:40:50.839Z,7
DEMO-DEV-5177,504,2022-10-05T10:22:14.692Z,2026-09-28T19:50:17.666Z,7
DEMO-DEV-5240,504,2022-10-04T15:45:42.352Z,2026-09-26T18:54:18.682Z,7
DEMO-DEV-5337,504,2022-10-04T12:15:58.975Z,2026-09-26T20:42:19.839Z,7
DEMO-DEV-5352,504,2022-10-03T01:47:54.816Z,2026-09-29T01:31:42.391Z,7
DEMO-DEV-5366,504,2022-10-01T12:58:00.172Z,2026-09-27T14:08:32.754Z,7
DEMO-DEV-5386,504,2022-10-10T00:38:46.614Z,2026-09-28T22:12:49.803Z,6
DEMO-DEV-5442,504,2022-10-02T15:58:47.218Z,2026-09-28T09:44:05.714Z,6
DEMO-DEV-5641,504,2022-10-07T18:13:03.123Z,2026-09-28T22:49:45.134Z,7
DEMO-DEV-5668,504,2022-10-01T08:44:18.868Z,2026-09-29T20:54:12.024Z,7
DEMO-DEV-5739,504,2022-10-01T18:51:47.804Z,2026-09-27T21:38:45.298Z,7
DEMO-DEV-5788,504,2022-10-15T17:46:10.914Z,2026-09-30T04:51:13.778Z,7
DEMO-DEV-5821,504,2022-10-07T14:59:49.612Z,2026-09-29T06:24:22.015Z,6
DEMO-DEV-5827,504,2022-10-06T02:17:29.203Z,2026-09-27T17:55:07.203Z,6
DEMO-DEV-5832,504,2022-10-03T07:06:18.817Z,2026-09-24T12:04:32.357Z,5
DEMO-DEV-5836,504,2022-10-02T18:10:16.702Z,2026-09-29T22:50:33.688Z,7
DEMO-DEV-5854,504,2022-10-08T22:59:41.865Z,2026-09-29T15:11:08.466Z,7
DEMO-DEV-5907,504,2022-10-03T03:10:06.578Z,2026-09-26T18:56:40.038Z,7
DEMO-DEV-5971,504,2022-10-01T13:07:45.817Z,2026-09-19T10:02:39.989Z,7
DEMO-DEV-5975,504,2022-10-04T13:33:02.879Z,2026-09-27T03:14:05.974Z,7
DEMO-DEV-5978,504,2022-10-02T04:48:37.370Z,2026-09-28T09:12:46.676Z,7
DEMO-DEV-6012,504,2022-10-05T15:21:40.203Z,2026-09-27T01:46:22.523Z,7
DEMO-DEV-6040,504,2022-10-04T00:24:46.661Z,2026-09-26T11:01:19.390Z,6
DEMO-DEV-6122,504,2022-10-01T16:21:00.352Z,2026-09-25T22:27:52.817Z,7
DEMO-DEV-6124,504,2022-10-03T16:35:58.513Z,2026-09-26T20:00:22.863Z,6
DEMO-DEV-6207,504,2022-10-01T20:37:03.442Z,2026-09-27T03:32:11.493Z,7
DEMO-DEV-6379,504,2022-10-07T21:51:27.272Z,2026-09-30T02:40:42.614Z,6
DEMO-DEV-6412,504,2022-10-07T21:11:34.003Z,2026-09-29T23:14:25.989Z,7
DEMO-DEV-6416,504,2022-10-11T21:04:33.754Z,2026-09-26T04:30:04.879Z,6
DEMO-DEV-6451,504,2022-10-06T05:20:12.639Z,2026-09-29T20:04:58.692Z,7
DEMO-DEV-6534,504,2022-10-03T01:34:48.591Z,2026-09-19T13:16:43.727Z,7
DEMO-DEV-6672,504,2022-10-09T08:34:20.225Z,2026-09-25T06:41:52.289Z,6
DEMO-DEV-6682,504,2022-10-04T18:51:33.784Z,2026-09-29T08:38:04.851Z,6
DEMO-DEV-6872,504,2022-10-01T10:36:10.765Z,2026-09-27T16:53:25.352Z,7
DEMO-DEV-6942,504,2022-10-06T20:32:01.636Z,2026-09-29T20:22:23.612Z,7
DEMO-DEV-6953,504,2022-10-01T09:54:39.246Z,2026-09-29T16:34:55.867Z,6
DEMO-DEV-7065,504,2022-10-03T13:33:53.246Z,2026-09-28T23:12:31.870Z,6
DEMO-DEV-7074,504,2022-10-06T03:24:15.123Z,2026-09-29T23:40:23.387Z,7
DEMO-DEV-7102,504,2022-10-01T21:09:19.968Z,2026-09-25T17:42:20.948Z,7
DEMO-DEV-7117,504,2022-10-04T20:04:38.817Z,2026-09-29T13:48:15.230Z,6
DEMO-DEV-7249,504,2022-10-04T14:32:01.365Z,2026-09-28T03:05:02.230Z,6
DEMO-DEV-7255,504,2022-10-08T01:37:02.139Z,2026-09-29T08:24:28.816Z,5
DEMO-DEV-7311,504,2022-10-01T22:55:39.929Z,2026-09-18T08:13:19.291Z,6
DEMO-DEV-7340,504,2022-10-04T09:31:12.470Z,2026-09-28T04:01:56.470Z,7
DEMO-DEV-7446,504,2022-10-08T07:41:58.298Z,2026-09-27T03:04:52.160Z,6
DEMO-DEV-7461,504,2022-10-06T19:17:17.120Z,2026-09-28T14:51:13.026Z,7
DEMO-DEV-7462,504,2022-10-09T01:22:21.472Z,2026-09-29T06:17:54.319Z,6
DEMO-DEV-7512,504,2022-10-02T19:22:06.778Z,2026-09-25T11:04:25.648Z,7
DEMO-DEV-7560,504,2022-10-03T18:15:20.500Z,2026-09-27T05:59:20.843Z,6
DEMO-DEV-7640,504,2022-10-02T17:04:42.442Z,2026-09-29T14:32:18.555Z,7
DEMO-DEV-7647,504,2022-10-05T04:33:28.325Z,2026-09-29T14:55:42.189Z,6
DEMO-DEV-7701,504,2022-10-02T19:20:19.038Z,2026-09-27T01:52:44.782Z,7
DEMO-DEV-7860,504,2022-10-01T09:35:06.655Z,2026-09-27T03:41:01.236Z,7
DEMO-DEV-7880,504,2022-10-02T02:19:57.976Z,2026-09-27T13:49:42.914Z,7
DEMO-DEV-8033,504,2022-10-02T20:27:31.612Z,2026-09-29T19:47:43.315Z,7
DEMO-DEV-8047,504,2022-10-02T16:46:37.252Z,2026-09-28T20:46:02.225Z,7
DEMO-DEV-8090,504,2022-10-03T05:58:46.291Z,2026-09-23T20:43:59.914Z,6
DEMO-DEV-8148,504,2022-10-01T12:03:11.204Z,2026-09-18T00:41:26.867Z,6
DEMO-DEV-8161,504,2022-10-03T13:45:14.203Z,2026-09-28T11:02:37.992Z,7
DEMO-DEV-8312,504,2022-10-02T01:56:47.462Z,2026-09-30T00:38:04.192Z,6
DEMO-DEV-8341,504,2022-10-09T18:54:59.817Z,2026-09-24T08:15:50.661Z,6
DEMO-DEV-8472,504,2022-10-01T12:56:26.230Z,2026-09-29T23:17:58.038Z,7
DEMO-DEV-8497,504,2022-10-09T22:38:24.394Z,2026-09-25T06:43:56.702Z,7
DEMO-DEV-8561,504,2022-10-03T21:22:18.160Z,2026-09-29T18:46:56.692Z,7
DEMO-DEV-8577,504,2022-10-04T20:00:43.803Z,2026-09-22T20:19:53.446Z,7
DEMO-DEV-8610,504,2022-10-05T05:02:53.319Z,2026-09-22T04:42:02.974Z,6
DEMO-DEV-8845,504,2022-10-02T01:50:41.666Z,2026-09-29T12:47:29.966Z,7
DEMO-DEV-8888,504,2022-10-02T18:54:24.806Z,2026-09-25T08:44:13.710Z,7
DEMO-DEV-8902,504,2022-10-03T08:38:57.976Z,2026-09-26T13:07:39.239Z,7
DEMO-DEV-8951,504,2022-10-01T16:12:20.300Z,2026-09-29T20:24:31.134Z,5
DEMO-DEV-9056,504,2022-10-06T01:07:25.462Z,2026-09-26T02:49:12.913Z,6
DEMO-DEV-9206,504,2022-10-03T22:00:00.428Z,2026-09-26T20:02:33.842Z,7
DEMO-DEV-9245,504,2022-10-01T13:27:51.037Z,2026-09-20T11:22:39.948Z,7
DEMO-DEV-9263,504,2022-10-06T22:22:03.172Z,2026-09-19T09:42:56.870Z,6
DEMO-DEV-9465,504,2022-10-02T23:48:07.038Z,2026-09-29T17:56:31.968Z,6
DEMO-DEV-9617,504,2022-10-03T09:03:59.003Z,2026-09-28T20:28:23.460Z,7
DEMO-DEV-9735,504,2022-10-08T10:30:17.591Z,2026-09-27T19:14:43.825Z,6
DEMO-DEV-9743,504,2022-10-07T14:34:21.591Z,2026-09-29T19:58:10.165Z,6
DEMO-DEV-9848,504,2022-10-08T18:23:02.024Z,2026-09-26T07:39:58.497Z,7
DEMO-DEV-9922,504,2022-10-03T22:15:23.225Z,2026-09-27T08:39:48.614Z,7
DEMO-DEV-0104,503,2022-10-18T21:00:46.885Z,2026-09-23T01:58:52.493Z,7
DEMO-DEV-0109,503,2022-10-08T12:04:56.993Z,2026-09-28T02:23:58.252Z,6
DEMO-DEV-0129,503,2022-10-10T08:45:07.799Z,2026-09-25T08:16:27.989Z,7
DEMO-DEV-0175,503,2022-10-06T12:53:05.842Z,2026-09-23T08:59:48.702Z,7
DEMO-DEV-0358,503,2022-10-16T16:40:13.090Z,2026-09-25T09:49:23.914Z,6
DEMO-DEV-0392,503,2022-10-02T16:54:50.987Z,2026-09-29T14:29:20.272Z,7
DEMO-DEV-0461,503,2022-10-02T12:54:21.948Z,2026-09-29T21:08:52.612Z,7
DEMO-DEV-0489,503,2022-10-08T01:11:58.682Z,2026-09-23T22:15:33.784Z,7
DEMO-DEV-0596,503,2022-10-03T22:56:49.868Z,2026-09-28T08:57:44.950Z,6
DEMO-DEV-0751,503,2022-10-11T18:42:54.298Z,2026-09-24T06:25:46.782Z,6
DEMO-DEV-0808,503,2022-10-02T10:41:13.189Z,2026-09-30T05:12:59.319Z,7
DEMO-DEV-0843,503,2022-10-04T12:53:48.045Z,2026-09-23T10:20:14.974Z,6
DEMO-DEV-1061,503,2022-10-06T17:44:01.462Z,2026-09-20T03:56:42.204Z,6
DEMO-DEV-1214,503,2022-10-01T11:46:31.653Z,2026-09-29T09:10:29.682Z,7
DEMO-DEV-1223,503,2022-10-01T08:45:35.409Z,2026-09-30T05:55:46.692Z,6
DEMO-DEV-1237,503,2022-10-01T18:46:45.778Z,2026-09-29T15:07:29.784Z,7
DEMO-DEV-1283,503,2022-10-03T14:30:02.402Z,2026-09-27T15:01:01.992Z,7
DEMO-DEV-1296,503,2022-10-05T00:32:54.868Z,2026-09-25T16:54:35.511Z,6
DEMO-DEV-1308,503,2022-10-03T02:44:47.917Z,2026-09-19T12:34:14.308Z,7
DEMO-DEV-1318,503,2022-10-05T11:18:55.057Z,2026-09-29T01:20:55.272Z,6
DEMO-DEV-1319,503,2022-10-08T13:50:28.870Z,2026-09-27T06:34:32.325Z,6
DEMO-DEV-1327,503,2022-10-01T12:34:24.354Z,2026-09-25T22:09:11.846Z,7
DEMO-DEV-1328,503,2022-10-02T00:24:59.976Z,2026-09-26T20:15:28.614Z,7
DEMO-DEV-1342,503,2022-10-02T08:49:09.511Z,2026-09-26T14:07:39.914Z,7
DEMO-DEV-1368,503,2022-10-02T04:12:52.877Z,2026-09-29T01:20:44.077Z,7
DEMO-DEV-1715,503,2022-10-04T06:13:04.806Z,2026-09-28T21:36:35.368Z,6
DEMO-DEV-1745,503,2022-10-09T16:50:18.618Z,2026-09-23T11:57:59.167Z,6
DEMO-DEV-1879,503,2022-10-06T15:19:05.605Z,2026-09-28T09:07:43.403Z,6
DEMO-DEV-1961,503,2022-10-07T03:53:18.879Z,2026-09-30T00:50:27.352Z,7
DEMO-DEV-2007,503,2022-10-03T15:57:01.868Z,2026-09-24T23:40:10.584Z,7
DEMO-DEV-2165,503,2022-10-01T16:28:38.792Z,2026-09-29T23:15:31.915Z,7
DEMO-DEV-2167,503,2022-10-08T20:49:14.524Z,2026-09-29T16:27:23.368Z,7
DEMO-DEV-2276,503,2022-10-03T02:08:14.221Z,2026-09-29T18:58:24.365Z,7
DEMO-DEV-2283,503,2022-10-02T06:37:40.948Z,2026-09-29T21:09:52.614Z,6
DEMO-DEV-2299,503,2022-10-03T04:01:39.825Z,2026-09-27T21:59:32.914Z,7
DEMO-DEV-2305,503,2022-10-02T19:04:37.682Z,2026-09-29T02:21:08.804Z,7
DEMO-DEV-2340,503,2022-10-02T19:35:39.063Z,2026-09-28T14:43:33.236Z,7
DEMO-DEV-2450,503,2022-10-03T18:44:11.765Z,2026-09-27T12:56:58.307Z,7
DEMO-DEV-2463,503,2022-10-03T11:10:34.167Z,2026-09-30T02:42:46.851Z,6
DEMO-DEV-2483,503,2022-10-01T09:40:51.190Z,2026-09-29T13:07:43.824Z,7
DEMO-DEV-2500,503,2022-10-02T15:30:25.914Z,2026-09-26T21:56:40.077Z,6
DEMO-DEV-2510,503,2022-10-01T14:46:48.063Z,2026-09-29T22:00:49.545Z,7
DEMO-DEV-2538,503,2022-10-01T23:50:02.989Z,2026-09-22T03:42:18.864Z,7
DEMO-DEV-2608,503,2022-10-04T20:14:03.524Z,2026-09-29T22:57:55.073Z,7
DEMO-DEV-2669,503,2022-10-02T06:35:15.493Z,2026-09-28T14:24:13.688Z,7
DEMO-DEV-2731,503,2022-10-01T19:09:48.948Z,2026-09-24T10:23:41.120Z,7
DEMO-DEV-2785,503,2022-10-01T12:44:54.966Z,2026-09-27T20:12:32.811Z,7
DEMO-DEV-2896,503,2022-10-02T11:23:03.891Z,2026-09-25T00:54:29.183Z,7
DEMO-DEV-2914,503,2022-10-03T17:28:31.841Z,2026-09-27T11:35:51.291Z,7
DEMO-DEV-2973,503,2022-10-06T18:47:32.929Z,2026-09-19T01:30:42.236Z,7
DEMO-DEV-3008,503,2022-10-02T15:12:30.205Z,2026-09-26T08:05:14.782Z,7
DEMO-DEV-3169,503,2022-10-07T21:29:50.134Z,2026-09-25T20:36:38.057Z,7
DEMO-DEV-3203,503,2022-10-04T08:52:55.738Z,2026-09-28T02:21:36.508Z,7
DEMO-DEV-3229,503,2022-10-05T15:08:43.165Z,2026-09-27T07:14:44.817Z,6
DEMO-DEV-3302,503,2022-10-02T02:50:58.366Z,2026-09-20T23:08:17.836Z,6
DEMO-DEV-3376,503,2022-10-04T05:17:21.799Z,2026-09-29T19:18:22.026Z,7
DEMO-DEV-3411,503,2022-10-02T22:41:34.599Z,2026-09-28T09:04:53.836Z,7
DEMO-DEV-3595,503,2022-10-05T04:43:10.026Z,2026-09-29T12:51:11.989Z,7
DEMO-DEV-3712,503,2022-10-05T03:03:01.785Z,2026-09-24T23:39:53.666Z,6
DEMO-DEV-3922,503,2022-10-08T23:52:53.077Z,2026-09-27T17:45:55.612Z,7
DEMO-DEV-3934,503,2022-10-02T06:52:08.974Z,2026-09-26T09:09:35.817Z,7
DEMO-DEV-3943,503,2022-10-03T13:21:56.090Z,2026-09-28T10:59:38.714Z,6
DEMO-DEV-3944,503,2022-10-05T17:51:22.026Z,2026-09-25T15:10:38.319Z,7
DEMO-DEV-3972,503,2022-10-06T00:53:26.077Z,2026-09-30T03:35:08.879Z,6
DEMO-DEV-3973,503,2022-10-10T06:42:36.298Z,2026-09-30T03:53:01.803Z,6
DEMO-DEV-4009,503,2022-10-03T06:08:30.203Z,2026-09-29T00:17:00.948Z,6
DEMO-DEV-4089,503,2022-10-03T20:05:42.754Z,2026-09-29T10:51:47.298Z,6
DEMO-DEV-4119,503,2022-10-01T12:42:23.692Z,2026-09-29T21:24:44.368Z,6
DEMO-DEV-4141,503,2022-10-04T12:23:11.370Z,2026-09-29T01:58:45.505Z,6
DEMO-DEV-4160,503,2022-10-05T12:52:11.442Z,2026-09-28T10:10:04.535Z,7
DEMO-DEV-4212,503,2022-10-02T19:39:13.354Z,2026-09-26T10:38:45.974Z,7
DEMO-DEV-4269,503,2022-10-09T23:43:20.915Z,2026-09-30T00:43:28.754Z,6
DEMO-DEV-4291,503,2022-10-01T20:09:26.003Z,2026-09-27T16:50:16.021Z,7
DEMO-DEV-4374,503,2022-10-02T00:42:01.442Z,2026-09-26T17:59:25.415Z,7
DEMO-DEV-4444,503,2022-10-02T17:30:37.370Z,2026-09-26T23:12:29.138Z,7
DEMO-DEV-4511,503,2022-10-03T14:16:27.868Z,2026-09-29T00:47:15.428Z,7
DEMO-DEV-4628,503,2022-10-12T08:39:34.493Z,2026-09-26T18:07:06.234Z,7
DEMO-DEV-4645,503,2022-10-02T03:32:06.503Z,2026-09-27T20:54:18.003Z,7
DEMO-DEV-4714,503,2022-10-04T08:27:40.846Z,2026-09-28T06:47:53.806Z,7
DEMO-DEV-4742,503,2022-10-04T22:47:16.535Z,2026-09-29T01:35:15.873Z,7
DEMO-DEV-4838,503,2022-10-01T08:24:43.803Z,2026-09-29T16:00:45.357Z,7
DEMO-DEV-4877,503,2022-10-02T15:50:24.075Z,2026-09-28T21:42:42.965Z,7
DEMO-DEV-4917,503,2022-10-01T16:25:25.870Z,2026-09-28T20:09:31.155Z,6
DEMO-DEV-4925,503,2022-10-01T18:23:24.402Z,2026-09-26T14:26:01.824Z,7
DEMO-DEV-5005,503,2022-10-11T12:04:09.470Z,2026-09-30T07:38:12.784Z,7
DEMO-DEV-5086,503,2022-10-02T18:06:01.719Z,2026-09-28T01:06:43.391Z,7
DEMO-DEV-5111,503,2022-10-02T18:22:01.345Z,2026-09-26T23:57:29.073Z,7
DEMO-DEV-5227,503,2022-10-06T11:24:45.519Z,2026-09-28T08:31:33.785Z,7
DEMO-DEV-5354,503,2022-10-06T00:47:27.442Z,2026-09-27T04:11:27.676Z,7
DEMO-DEV-5393,503,2022-10-02T06:52:59.252Z,2026-09-26T23:12:37.661Z,7
DEMO-DEV-5616,503,2022-10-05T15:02:55.387Z,2026-09-29T07:12:08.804Z,7
DEMO-DEV-5678,503,2022-10-03T15:18:56.599Z,2026-09-29T07:05:57.120Z,7
DEMO-DEV-5704,503,2022-10-03T12:51:47.785Z,2026-09-27T21:01:15.735Z,7
DEMO-DEV-5791,503,2022-10-03T14:15:11.863Z,2026-09-24T07:37:55.605Z,7
DEMO-DEV-5904,503,2022-10-02T21:18:13.992Z,2026-09-29T11:20:19.168Z,7
DEMO-DEV-5925,503,2022-10-01T10:34:36.288Z,2026-09-26T04:35:20.825Z,6
DEMO-DEV-5949,503,2022-10-02T08:16:00.676Z,2026-09-26T22:20:53.877Z,6
DEMO-DEV-5954,503,2022-10-02T08:58:08.877Z,2026-09-29T18:38:08.308Z,7
DEMO-DEV-6028,503,2022-10-05T22:17:40.738Z,2026-09-26T22:42:12.077Z,7
DEMO-DEV-6064,503,2022-10-04T13:29:44.428Z,2026-09-27T01:25:24.357Z,7
DEMO-DEV-6078,503,2022-10-05T09:56:03.221Z,2026-09-01T23:15:21.929Z,6
DEMO-DEV-6158,503,2022-10-03T04:40:50.370Z,2026-09-27T06:47:51.077Z,7
DEMO-DEV-6189,503,2022-10-01T22:20:29.192Z,2026-09-28T16:43:24.236Z,7
DEMO-DEV-6234,503,2022-10-09T00:16:53.646Z,2026-09-27T15:28:19.253Z,7
DEMO-DEV-6242,503,2022-10-01T19:06:33.268Z,2026-09-30T01:29:23.965Z,7
DEMO-DEV-6322,503,2022-10-02T02:50:34.455Z,2026-09-29T03:37:45.172Z,6
DEMO-DEV-6417,503,2022-10-03T15:55:26.134Z,2026-09-27T19:26:13.165Z,6
DEMO-DEV-6437,503,2022-10-02T15:00:56.403Z,2026-09-29T12:41:06.655Z,6
DEMO-DEV-6523,503,2022-10-01T14:20:30.682Z,2026-09-26T04:16:05.370Z,7
DEMO-DEV-6583,503,2022-10-01T16:33:22.965Z,2026-09-26T08:09:34.846Z,7
DEMO-DEV-6585,503,2022-10-01T08:59:23.319Z,2026-09-27T00:57:05.666Z,6
DEMO-DEV-6601,503,2022-10-09T06:07:48.682Z,2026-09-22T17:25:08.357Z,6
DEMO-DEV-6745,503,2022-10-02T02:17:23.545Z,2026-09-27T22:59:20.578Z,6
DEMO-DEV-6783,503,2022-10-03T16:54:09.785Z,2026-09-24T13:37:28.511Z,7
DEMO-DEV-6893,503,2022-10-03T09:18:33.879Z,2026-09-24T00:26:23.537Z,6
DEMO-DEV-6896,503,2022-10-04T13:05:54.884Z,2026-09-27T04:51:44.325Z,7
DEMO-DEV-6909,503,2022-10-12T16:10:58.003Z,2026-09-28T17:29:35.139Z,6
DEMO-DEV-6915,503,2022-10-01T22:54:30.784Z,2026-09-29T23:58:03.446Z,6
DEMO-DEV-6930,503,2022-10-01T15:34:52.319Z,2026-09-30T03:53:19.291Z,6
DEMO-DEV-6944,503,2022-10-03T14:09:40.841Z,2026-09-26T17:19:40.155Z,6
DEMO-DEV-6990,503,2022-10-06T20:36:41.268Z,2026-09-26T07:07:10.992Z,7
DEMO-DEV-7000,503,2022-10-03T23:28:36.219Z,2026-09-28T23:03:27.455Z,7
DEMO-DEV-7054,503,2022-10-05T22:20:15.804Z,2026-09-25T12:39:24.493Z,6
DEMO-DEV-7112,503,2022-10-01T19:45:50.366Z,2026-09-28T00:22:53.120Z,7
DEMO-DEV-7140,503,2022-10-10T18:35:24.077Z,2026-09-26T14:32:20.236Z,7
DEMO-DEV-7217,503,2022-10-02T17:55:04.668Z,2026-09-30T00:50:09.497Z,7
DEMO-DEV-7296,503,2022-10-11T04:10:46.307Z,2026-09-29T10:10:54.302Z,7
DEMO-DEV-7423,503,2022-10-06T14:23:21.443Z,2026-09-20T23:37:54.189Z,6
DEMO-DEV-7495,503,2022-10-07T00:53:09.614Z,2026-09-28T11:13:10.192Z,6
DEMO-DEV-7510,503,2022-10-04T17:00:39.892Z,2026-09-29T21:24:43.289Z,7
DEMO-DEV-7548,503,2022-10-05T21:14:48.307Z,2026-09-30T01:06:04.155Z,7
DEMO-DEV-7681,503,2022-10-01T09:13:09.045Z,2026-09-24T08:24:59.555Z,7
DEMO-DEV-7693,503,2022-10-03T15:04:50.172Z,2026-09-24T14:57:43.948Z,7
DEMO-DEV-7725,503,2022-10-04T16:31:48.974Z,2026-09-28T08:47:09.246Z,6
DEMO-DEV-7732,503,2022-10-04T11:29:45.537Z,2026-09-28T23:46:15.038Z,7
DEMO-DEV-7799,503,2022-10-01T09:22:18.354Z,2026-09-26T10:25:08.846Z,7
DEMO-DEV-7805,503,2022-10-04T08:35:48.884Z,2026-09-25T10:39:18.204Z,7
DEMO-DEV-7826,503,2022-10-03T09:18:35.254Z,2026-09-29T21:51:33.710Z,7
DEMO-DEV-7848,503,2022-10-01T13:18:31.524Z,2026-09-21T17:45:48.702Z,7
DEMO-DEV-7878,503,2022-10-16T13:26:24.754Z,2026-09-27T12:20:56.702Z,7
DEMO-DEV-7959,503,2022-10-04T02:35:47.843Z,2026-09-26T10:44:42.442Z,6
DEMO-DEV-8007,503,2022-10-06T11:59:56.466Z,2026-09-28T00:45:44.038Z,6
DEMO-DEV-8017,503,2022-10-02T02:00:24.239Z,2026-09-27T19:52:16.307Z,6
DEMO-DEV-8199,503,2022-10-02T03:58:55.578Z,2026-09-28T14:52:11.607Z,6
DEMO-DEV-8299,503,2022-10-06T00:21:11.134Z,2026-09-25T19:40:56.226Z,6
DEMO-DEV-8321,503,2022-10-02T05:30:28.804Z,2026-09-27T14:17:55.914Z,7
DEMO-DEV-8322,503,2022-10-07T06:55:09.183Z,2026-09-28T04:15:40.325Z,7
DEMO-DEV-8345,503,2022-10-05T05:25:58.021Z,2026-09-21T03:00:24.816Z,7
DEMO-DEV-8381,503,2022-10-06T03:48:40.073Z,2026-09-30T07:36:45.183Z,6
DEMO-DEV-8399,503,2022-10-02T04:33:50.965Z,2026-09-23T19:49:13.254Z,7
DEMO-DEV-8443,503,2022-10-02T07:51:17.234Z,2026-09-28T17:18:23.846Z,7
DEMO-DEV-8457,503,2022-10-03T20:44:18.754Z,2026-09-16T15:28:15.073Z,7
DEMO-DEV-8465,503,2022-10-08T12:33:08.555Z,2026-09-28T05:14:57.523Z,6
DEMO-DEV-8471,503,2022-10-03T07:08:26.014Z,2026-09-27T20:02:29.397Z,6
DEMO-DEV-8511,503,2022-10-05T18:49:46.851Z,2026-09-28T12:27:58.778Z,7
DEMO-DEV-8539,503,2022-10-02T06:37:09.968Z,2026-09-29T21:52:40.612Z,7
DEMO-DEV-8589,503,2022-10-09T20:43:22.976Z,2026-09-30T04:26:39.806Z,6
DEMO-DEV-8611,503,2022-10-07T22:18:17.308Z,2026-09-27T01:46:10.040Z,7
DEMO-DEV-8660,503,2022-10-01T15:10:52.584Z,2026-09-22T19:44:39.948Z,6
DEMO-DEV-8670,503,2022-10-02T09:50:13.442Z,2026-09-30T03:22:34.203Z,6
DEMO-DEV-8733,503,2022-10-01T21:20:38.778Z,2026-09-28T18:38:58.123Z,7
DEMO-DEV-8807,503,2022-10-02T11:30:41.688Z,2026-09-25T04:47:22.511Z,7
DEMO-DEV-8895,503,2022-10-04T19:28:10.537Z,2026-09-28T21:09:40.989Z,7
DEMO-DEV-8973,503,2022-10-04T15:58:04.752Z,2026-09-29T02:54:19.387Z,6
DEMO-DEV-8989,503,2022-10-02T01:28:49.612Z,2026-09-29T15:04:22.236Z,7
DEMO-DEV-9034,503,2022-10-03T19:08:46.987Z,2026-09-29T16:37:51.409Z,7
DEMO-DEV-9054,503,2022-10-06T07:37:07.387Z,2026-09-25T03:43:20.040Z,7
DEMO-DEV-9136,503,2022-10-02T22:13:24.969Z,2026-09-25T21:52:24.246Z,7
DEMO-DEV-9227,503,2022-10-02T13:28:25.208Z,2026-09-28T15:18:21.556Z,6
DEMO-DEV-9421,503,2022-10-02T17:42:37.134Z,2026-09-25T08:47:57.719Z,7
DEMO-DEV-9474,503,2022-10-02T12:45:32.368Z,2026-09-29T08:54:14.167Z,6
DEMO-DEV-9543,503,2022-10-07T17:17:20.203Z,2026-09-29T13:53:42.508Z,6
DEMO-DEV-9783,503,2022-10-01T10:20:26.230Z,2026-09-28T20:16:18.250Z,6
DEMO-DEV-9889,503,2022-10-04T15:54:38.948Z,2026-09-30T01:00:32.014Z,7
DEMO-DEV-9938,503,2022-10-05T23:31:58.222Z,2026-09-27T10:15:29.470Z,6
DEMO-DEV-9945,503,2022-10-04T01:20:53.038Z,2026-09-26T08:20:22.658Z,6
DEMO-DEV-9952,503,2022-10-01T18:20:39.357Z,2026-09-28T22:37:13.387Z,7
DEMO-DEV-9976,503,2022-10-01T15:08:53.612Z,2026-09-29T02:25:02.989Z,6
DEMO-DEV-0062,502,2022-10-01T14:36:39.519Z,2026-09-29T22:23:39.658Z,7
DEMO-DEV-0073,502,2022-10-03T18:13:31.646Z,2026-09-25T14:37:48.337Z,6
DEMO-DEV-0271,502,2022-10-01T17:03:53.505Z,2026-09-29T23:05:42.692Z,7
DEMO-DEV-0279,502,2022-10-02T16:08:51.578Z,2026-09-26T01:33:00.702Z,7
DEMO-DEV-0296,502,2022-10-07T12:09:49.183Z,2026-09-29T06:37:54.390Z,6
DEMO-DEV-0334,502,2022-10-04T06:01:51.272Z,2026-09-30T07:07:52.511Z,6
DEMO-DEV-0350,502,2022-10-06T14:57:43.403Z,2026-09-24T02:25:27.080Z,7
DEMO-DEV-0539,502,2022-10-03T14:01:24.391Z,2026-09-21T21:35:15.027Z,6
DEMO-DEV-0622,502,2022-10-03T00:22:20.472Z,2026-09-26T12:31:11.503Z,6
DEMO-DEV-0624,502,2022-10-04T06:49:31.222Z,2026-09-25T07:29:11.168Z,7
DEMO-DEV-0663,502,2022-10-12T05:29:39.027Z,2026-09-26T02:27:00.219Z,7
DEMO-DEV-0689,502,2022-10-03T22:48:55.793Z,2026-09-27T21:58:36.865Z,7
DEMO-DEV-0758,502,2022-10-02T05:28:40.208Z,2026-09-29T10:55:39.038Z,7
DEMO-DEV-0765,502,2022-10-02T02:28:01.653Z,2026-09-25T22:13:26.992Z,7
DEMO-DEV-0768,502,2022-10-01T17:06:21.298Z,2026-09-24T11:47:19.799Z,7
DEMO-DEV-0777,502,2022-10-09T18:31:39.183Z,2026-09-27T21:23:30.057Z,7
DEMO-DEV-0855,502,2022-10-03T03:55:33.710Z,2026-09-30T07:32:53.443Z,7
DEMO-DEV-0874,502,2022-10-06T08:48:20.976Z,2026-09-29T18:31:13.948Z,6
DEMO-DEV-0974,502,2022-10-01T20:08:37.319Z,2026-09-29T20:13:01.354Z,7
DEMO-DEV-1116,502,2022-10-03T00:40:22.250Z,2026-09-30T01:23:56.836Z,6
DEMO-DEV-1118,502,2022-10-06T08:36:10.026Z,2026-09-25T05:03:06.172Z,6
DEMO-DEV-1147,502,2022-10-06T09:20:28.024Z,2026-09-28T02:07:26.460Z,6
DEMO-DEV-1210,502,2022-10-09T17:19:21.155Z,2026-09-28T11:57:29.068Z,6
DEMO-DEV-1218,502,2022-10-02T10:28:18.636Z,2026-09-30T05:56:03.524Z,6
DEMO-DEV-1221,502,2022-10-04T22:25:51.618Z,2026-09-28T13:09:56.825Z,6
DEMO-DEV-1275,502,2022-10-02T10:36:54.719Z,2026-09-28T09:20:28.735Z,6
DEMO-DEV-1295,502,2022-10-04T05:02:19.612Z,2026-09-26T23:36:57.545Z,7
DEMO-DEV-1396,502,2022-10-02T02:40:24.222Z,2026-09-22T05:18:12.023Z,7
DEMO-DEV-1413,502,2022-10-02T21:38:25.080Z,2026-09-27T07:25:02.537Z,6
DEMO-DEV-1613,502,2022-10-01T12:15:57.842Z,2026-09-30T01:14:43.219Z,6
DEMO-DEV-1620,502,2022-10-10T01:33:41.268Z,2026-09-22T08:40:59.976Z,6
DEMO-DEV-1631,502,2022-10-01T09:08:06.702Z,2026-09-24T06:38:50.218Z,7
DEMO-DEV-1713,502,2022-10-03T00:53:45.836Z,2026-09-25T13:08:36.714Z,7
DEMO-DEV-1749,502,2022-10-01T23:54:59.004Z,2026-09-25T21:53:39.246Z,6
DEMO-DEV-1752,502,2022-10-02T14:17:03.139Z,2026-09-29T08:22:36.867Z,7
DEMO-DEV-1757,502,2022-10-12T04:56:08.402Z,2026-09-28T20:21:57.472Z,6
DEMO-DEV-1850,502,2022-10-03T07:09:17.676Z,2026-09-26T03:56:13.568Z,6
DEMO-DEV-1925,502,2022-10-05T05:30:18.211Z,2026-09-29T14:11:27.591Z,7
DEMO-DEV-2044,502,2022-10-12T18:54:01.557Z,2026-09-28T09:50:56.884Z,7
DEMO-DEV-2047,502,2022-10-02T06:14:22.949Z,2026-09-27T12:14:00.239Z,6
DEMO-DEV-2065,502,2022-10-02T07:25:24.232Z,2026-09-28T15:13:28.914Z,7
DEMO-DEV-2134,502,2022-10-03T12:43:18.738Z,2026-09-29T12:26:08.004Z,6
DEMO-DEV-2399,502,2022-10-03T21:36:44.710Z,2026-09-25T04:42:31.368Z,7
DEMO-DEV-2400,502,2022-10-02T01:03:36.765Z,2026-09-27T22:20:01.811Z,6
DEMO-DEV-2419,502,2022-10-01T14:51:36.161Z,2026-09-29T14:59:41.352Z,6
DEMO-DEV-2457,502,2022-10-02T07:01:14.497Z,2026-09-26T17:43:57.466Z,6
DEMO-DEV-2509,502,2022-10-01T12:02:35.087Z,2026-09-29T21:48:15.825Z,7
DEMO-DEV-2573,502,2022-10-03T01:23:14.455Z,2026-09-30T00:07:46.817Z,6
DEMO-DEV-2631,502,2022-10-14T04:49:32.192Z,2026-09-30T05:37:33.825Z,6
DEMO-DEV-2666,502,2022-10-02T22:09:50.472Z,2026-09-28T10:23:18.015Z,7
DEMO-DEV-2729,502,2022-10-05T02:28:45.682Z,2026-09-29T10:15:08.653Z,7
DEMO-DEV-2803,502,2022-10-01T18:26:07.370Z,2026-09-26T13:03:59.224Z,6
DEMO-DEV-2814,502,2022-10-03T01:27:23.225Z,2026-09-28T14:35:09.462Z,7
DEMO-DEV-2878,502,2022-10-06T23:50:19.511Z,2026-09-26T04:15:18.778Z,7
DEMO-DEV-2906,502,2022-10-04T17:26:25.354Z,2026-09-28T02:51:47.974Z,7
DEMO-DEV-2923,502,2022-10-09T13:20:57.238Z,2026-09-30T01:06:05.387Z,7
DEMO-DEV-2939,502,2022-10-03T14:29:59.485Z,2026-09-28T21:53:01.226Z,6
DEMO-DEV-2962,502,2022-10-08T01:06:50.168Z,2026-09-29T00:51:54.523Z,7
DEMO-DEV-3026,502,2022-10-05T01:23:10.969Z,2026-09-29T23:17:32.754Z,7
DEMO-DEV-3108,502,2022-10-01T14:36:59.391Z,2026-09-27T21:15:46.208Z,7
DEMO-DEV-3112,502,2022-10-03T18:33:05.366Z,2026-09-26T19:30:45.915Z,7
DEMO-DEV-3140,502,2022-10-02T23:30:33.252Z,2026-09-29T19:26:58.965Z,7
DEMO-DEV-3226,502,2022-10-02T02:16:03.618Z,2026-09-29T04:32:10.219Z,7
DEMO-DEV-3340,502,2022-10-01T16:44:54.040Z,2026-09-28T16:45:22.778Z,7
DEMO-DEV-3378,502,2022-10-04T16:47:38.975Z,2026-09-27T06:21:08.870Z,7
DEMO-DEV-3473,502,2022-10-02T02:27:33.806Z,2026-09-30T04:53:39.557Z,7
DEMO-DEV-3574,502,2022-10-01T17:03:07.975Z,2026-09-27T03:51:24.839Z,6
DEMO-DEV-3705,502,2022-10-01T15:51:02.817Z,2026-09-29T13:09:40.710Z,6
DEMO-DEV-3736,502,2022-10-01T11:26:16.027Z,2026-09-27T21:19:52.354Z,6
DEMO-DEV-3798,502,2022-10-06T15:05:34.027Z,2026-09-28T18:50:42.403Z,6
DEMO-DEV-3799,502,2022-10-02T15:46:35.892Z,2026-09-30T05:10:05.985Z,6
DEMO-DEV-3826,502,2022-10-01T14:27:48.287Z,2026-09-30T01:17:56.428Z,5
DEMO-DEV-3869,502,2022-10-01T20:22:57.917Z,2026-09-28T04:03:00.236Z,7
DEMO-DEV-4029,502,2022-10-01T09:49:50.087Z,2026-09-29T16:24:14.138Z,6
DEMO-DEV-4056,502,2022-10-05T23:54:58.264Z,2026-09-29T05:40:18.308Z,7
DEMO-DEV-4078,502,2022-10-01T21:03:06.204Z,2026-09-29T16:51:08.370Z,6
DEMO-DEV-4102,502,2022-10-01T15:07:41.167Z,2026-09-30T08:16:02.676Z,7
DEMO-DEV-4135,502,2022-10-01T15:39:15.497Z,2026-09-29T15:29:35.969Z,7
DEMO-DEV-4210,502,2022-10-03T05:04:26.545Z,2026-09-28T10:12:22.230Z,6
DEMO-DEV-4228,502,2022-10-13T03:23:13.870Z,2026-09-26T20:17:09.646Z,7
DEMO-DEV-4368,502,2022-10-03T14:27:47.511Z,2026-09-29T02:12:10.879Z,6
DEMO-DEV-4432,502,2022-10-02T07:50:48.816Z,2026-09-28T04:29:20.636Z,7
DEMO-DEV-4449,502,2022-10-01T16:18:10.584Z,2026-09-29T13:53:54.841Z,7
DEMO-DEV-4503,502,2022-10-01T09:32:59.446Z,2026-09-28T07:46:38.190Z,7
DEMO-DEV-4527,502,2022-10-01T11:59:55.397Z,2026-09-27T13:02:13.075Z,6
DEMO-DEV-4654,502,2022-10-03T00:27:12.676Z,2026-09-29T08:24:19.754Z,6
DEMO-DEV-4675,502,2022-10-04T07:20:33.226Z,2026-09-28T23:51:09.211Z,7
DEMO-DEV-4686,502,2022-10-02T13:26:43.682Z,2026-09-29T12:22:35.817Z,7
DEMO-DEV-4746,502,2022-10-01T20:24:51.203Z,2026-09-29T18:27:39.354Z,7
DEMO-DEV-4791,502,2022-10-01T22:48:52.824Z,2026-09-30T03:54:45.524Z,7
DEMO-DEV-4893,502,2022-10-02T14:17:31.989Z,2026-09-30T05:17:32.969Z,7
DEMO-DEV-4981,502,2022-10-01T10:02:16.949Z,2026-09-28T08:20:13.123Z,6
DEMO-DEV-5047,502,2022-10-03T00:08:40.535Z,2026-09-28T05:31:23.976Z,6
DEMO-DEV-5074,502,2022-10-03T12:21:04.754Z,2026-09-29T15:07:37.370Z,7
DEMO-DEV-5094,502,2022-10-02T05:55:26.870Z,2026-09-29T17:00:59.870Z,7
DEMO-DEV-5124,502,2022-10-05T09:38:53.508Z,2026-09-29T10:38:06.315Z,6
DEMO-DEV-5149,502,2022-10-04T07:34:27.302Z,2026-09-26T08:30:51.190Z,7
DEMO-DEV-5212,502,2022-10-02T01:43:44.578Z,2026-09-29T18:37:46.139Z,7
DEMO-DEV-5336,502,2022-10-04T22:16:14.150Z,2026-09-28T17:10:58.816Z,6
DEMO-DEV-5351,502,2022-10-02T03:47:06.027Z,2026-09-28T22:23:23.390Z,6
DEMO-DEV-5368,502,2022-10-02T05:05:23.023Z,2026-09-30T01:31:52.442Z,6
DEMO-DEV-5376,502,2022-10-06T00:12:31.591Z,2026-09-30T02:12:18.045Z,7
DEMO-DEV-5384,502,2022-10-02T11:09:24.394Z,2026-09-20T18:13:48.864Z,7
DEMO-DEV-5498,502,2022-10-02T00:02:40.636Z,2026-09-23T16:52:45.500Z,7
DEMO-DEV-5527,502,2022-10-03T15:36:09.658Z,2026-09-29T16:03:31.238Z,6
DEMO-DEV-5530,502,2022-10-03T06:44:04.646Z,2026-09-28T00:45:45.493Z,7
DEMO-DEV-5620,502,2022-10-01T12:24:19.702Z,2026-09-28T15:53:44.913Z,7
DEMO-DEV-5659,502,2022-10-01T20:00:16.793Z,2026-09-28T17:56:17.966Z,6
DEMO-DEV-5660,502,2022-10-03T20:31:24.824Z,2026-09-30T00:33:40.155Z,6
DEMO-DEV-5728,502,2022-10-02T14:49:13.727Z,2026-09-27T22:52:58.391Z,7
DEMO-DEV-5757,502,2022-10-07T23:19:15.784Z,2026-09-30T06:39:21.968Z,6
DEMO-DEV-5758,502,2022-10-01T14:45:16.655Z,2026-09-23T02:10:03.239Z,6
DEMO-DEV-5835,502,2022-10-03T10:06:41.782Z,2026-09-30T04:14:42.354Z,6
DEMO-DEV-5863,502,2022-10-01T13:34:29.648Z,2026-09-29T01:08:45.057Z,7
DEMO-DEV-5906,502,2022-10-01T12:21:37.778Z,2026-09-30T02:12:42.409Z,7
DEMO-DEV-5922,502,2022-10-02T18:02:32.738Z,2026-09-29T14:45:27.390Z,6
DEMO-DEV-5953,502,2022-10-02T06:38:58.817Z,2026-09-29T12:02:34.319Z,6
DEMO-DEV-5982,502,2022-10-03T11:35:35.839Z,2026-09-29T21:15:04.727Z,7
DEMO-DEV-6068,502,2022-10-01T22:21:37.493Z,2026-09-29T12:15:18.926Z,6
DEMO-DEV-6114,502,2022-10-02T21:22:05.917Z,2026-09-29T10:32:31.254Z,7
DEMO-DEV-6212,502,2022-10-01T21:49:57.394Z,2026-09-27T09:00:01.308Z,7
DEMO-DEV-6288,502,2022-10-02T05:51:20.470Z,2026-09-28T15:19:46.682Z,6
DEMO-DEV-6467,502,2022-10-05T15:17:59.804Z,2026-09-27T01:57:17.914Z,7
DEMO-DEV-6478,502,2022-10-01T11:05:04.038Z,2026-09-15T20:03:36.026Z,6
DEMO-DEV-6518,502,2022-10-06T09:42:28.203Z,2026-09-28T17:07:52.063Z,7
DEMO-DEV-6576,502,2022-10-05T14:16:06.014Z,2026-09-30T03:11:26.752Z,7
DEMO-DEV-6717,502,2022-10-06T10:57:04.811Z,2026-09-27T18:56:25.636Z,7
DEMO-DEV-6823,502,2022-10-07T22:17:35.646Z,2026-09-25T13:16:06.190Z,6
DEMO-DEV-6879,502,2022-10-03T09:32:39.792Z,2026-09-27T22:32:13.466Z,6
DEMO-DEV-6943,502,2022-10-01T23:20:39.555Z,2026-09-29T11:08:31.915Z,6
DEMO-DEV-6949,502,2022-10-01T16:47:16.354Z,2026-09-29T07:56:45.806Z,7
DEMO-DEV-7019,502,2022-10-02T16:42:44.646Z,2026-09-17T06:48:55.219Z,7
DEMO-DEV-7134,502,2022-10-03T17:15:56.173Z,2026-09-30T01:18:51.523Z,6
DEMO-DEV-7166,502,2022-10-05T00:05:45.287Z,2026-09-28T07:01:49.319Z,7
DEMO-DEV-7201,502,2022-10-02T00:07:02.825Z,2026-09-28T21:57:01.238Z,6
DEMO-DEV-7223,502,2022-10-01T21:40:45.969Z,2026-09-28T19:49:05.752Z,7
DEMO-DEV-7254,502,2022-10-02T02:04:18.221Z,2026-09-28T00:17:34.236Z,7
DEMO-DEV-7272,502,2022-10-09T10:59:11.167Z,2026-09-27T16:49:28.884Z,7
DEMO-DEV-7502,502,2022-10-09T04:39:56.799Z,2026-09-21T03:48:54.870Z,6
DEMO-DEV-7517,502,2022-10-01T22:01:34.727Z,2026-09-29T21:05:10.891Z,6
DEMO-DEV-7609,502,2022-10-01T21:50:06.160Z,2026-09-25T05:34:01.885Z,7
DEMO-DEV-7733,502,2022-10-06T16:18:44.252Z,2026-09-27T16:37:01.466Z,7
DEMO-DEV-7741,502,2022-10-02T11:57:15.505Z,2026-09-13T19:44:24.037Z,7
DEMO-DEV-7743,502,2022-10-06T11:58:12.968Z,2026-09-27T14:14:24.511Z,6
DEMO-DEV-7972,502,2022-10-06T22:19:44.666Z,2026-09-27T13:57:50.365Z,6
DEMO-DEV-8046,502,2022-10-03T18:20:44.345Z,2026-09-27T23:55:41.975Z,6
DEMO-DEV-8053,502,2022-10-02T04:03:41.658Z,2026-09-24T14:41:44.402Z,6
DEMO-DEV-8156,502,2022-10-01T21:59:02.308Z,2026-09-27T07:45:06.219Z,7
DEMO-DEV-8213,502,2022-10-04T15:14:35.172Z,2026-09-28T16:05:45.873Z,7
DEMO-DEV-8342,502,2022-10-02T10:44:52.493Z,2026-09-29T22:28:29.648Z,7
DEMO-DEV-8357,502,2022-10-03T12:01:42.646Z,2026-09-27T21:50:11.337Z,7
DEMO-DEV-8366,502,2022-10-03T19:44:20.073Z,2026-09-30T03:24:08.974Z,7
DEMO-DEV-8420,502,2022-10-02T02:39:32.661Z,2026-09-29T06:56:40.778Z,7
DEMO-DEV-8483,502,2022-10-03T07:52:57.682Z,2026-09-29T05:24:02.816Z,7
DEMO-DEV-8607,502,2022-10-01T18:23:37.253Z,2026-09-17T16:15:40.804Z,7
DEMO-DEV-8626,502,2022-10-05T04:50:20.308Z,2026-09-28T04:24:41.825Z,7
DEMO-DEV-8642,502,2022-10-10T11:33:32.172Z,2026-09-29T21:41:06.500Z,6
DEMO-DEV-8671,502,2022-10-02T04:01:13.239Z,2026-09-29T10:09:53.568Z,7
DEMO-DEV-8711,502,2022-10-01T23:14:30.123Z,2026-09-30T00:31:50.846Z,7
DEMO-DEV-8718,502,2022-10-02T14:12:39.325Z,2026-09-28T09:31:58.556Z,6
DEMO-DEV-8779,502,2022-10-01T08:35:03.985Z,2026-09-28T16:45:58.390Z,6
DEMO-DEV-8795,502,2022-10-01T10:33:55.027Z,2026-09-29T23:45:10.865Z,7
DEMO-DEV-8909,502,2022-10-01T19:20:25.252Z,2026-09-25T10:13:09.173Z,7
DEMO-DEV-9053,502,2022-10-01T19:49:19.806Z,2026-09-26T21:24:37.839Z,7
DEMO-DEV-9055,502,2022-10-01T21:52:54.289Z,2026-09-26T00:25:21.307Z,7
DEMO-DEV-9111,502,2022-10-04T17:17:21.357Z,2026-09-28T11:26:27.192Z,7
DEMO-DEV-9173,502,2022-10-09T09:34:52.976Z,2026-09-25T04:52:34.976Z,7
DEMO-DEV-9265,502,2022-10-04T01:12:41.816Z,2026-09-29T20:55:49.969Z,6
DEMO-DEV-9319,502,2022-10-01T11:05:58.272Z,2026-09-27T09:29:29.976Z,7
DEMO-DEV-9386,502,2022-10-02T14:36:09.252Z,2026-09-23T07:26:45.655Z,7
DEMO-DEV-9394,502,2022-10-02T12:49:40.537Z,2026-09-29T19:55:14.513Z,7
DEMO-DEV-9396,502,2022-10-06T03:20:27.391Z,2026-09-23T13:07:58.891Z,7
DEMO-DEV-9487,502,2022-10-03T16:27:25.354Z,2026-09-28T11:33:19.298Z,7
DEMO-DEV-9505,502,2022-10-06T06:47:52.123Z,2026-09-29T05:20:00.836Z,7
DEMO-DEV-9581,502,2022-10-02T10:44:37.692Z,2026-09-25T10:04:59.949Z,7
DEMO-DEV-9679,502,2022-10-07T00:42:58.782Z,2026-09-26T20:08:58.968Z,7
DEMO-DEV-9812,502,2022-10-04T01:31:42.403Z,2026-09-27T20:28:30.785Z,7
DEMO-DEV-9849,502,2022-10-03T07:29:47.472Z,2026-09-29T17:15:54.817Z,7
DEMO-DEV-9850,502,2022-10-01T19:59:01.298Z,2026-09-30T03:56:28.824Z,7
DEMO-DEV-9852,502,2022-10-01T13:26:13.470Z,2026-09-25T13:59:25.692Z,7
DEMO-DEV-9886,502,2022-10-01T19:03:31.976Z,2026-09-29T16:36:16.302Z,7
DEMO-DEV-9965,502,2022-10-03T01:54:06.738Z,2026-09-29T16:45:38.503Z,6
DEMO-DEV-9968,502,2022-10-02T13:19:16.817Z,2026-09-30T01:54:53.817Z,6
DEMO-DEV-9969,502,2022-10-05T12:22:10.026Z,2026-09-28T14:44:11.915Z,7
DEMO-DEV-9973,502,2022-10-05T07:28:44.225Z,2026-09-29T17:59:42.870Z,7
DEMO-DEV-0033,501,2022-10-03T23:50:21.782Z,2026-09-28T02:47:48.357Z,7
DEMO-DEV-0084,501,2022-10-10T10:19:21.682Z,2026-09-24T06:44:22.870Z,6
DEMO-DEV-0145,501,2022-10-05T15:01:11.989Z,2026-09-28T23:15:32.264Z,7
DEMO-DEV-0154,501,2022-10-02T00:06:56.224Z,2026-09-29T06:57:24.003Z,7
DEMO-DEV-0194,501,2022-10-03T08:28:18.682Z,2026-09-29T13:52:48.027Z,7
DEMO-DEV-0231,501,2022-10-04T07:41:40.391Z,2026-09-30T00:52:03.803Z,7
DEMO-DEV-0342,501,2022-10-03T05:50:07.287Z,2026-09-20T11:34:03.211Z,7
DEMO-DEV-0464,501,2022-10-05T05:57:05.455Z,2026-09-29T05:39:57.503Z,7
DEMO-DEV-0487,501,2022-10-07T23:36:29.470Z,2026-09-27T19:02:49.063Z,7
DEMO-DEV-0493,501,2022-10-03T03:44:37.661Z,2026-09-29T02:42:12.968Z,7
DEMO-DEV-0640,501,2022-10-01T09:28:04.702Z,2026-09-26T22:36:33.985Z,6
DEMO-DEV-0743,501,2022-10-12T20:14:48.026Z,2026-09-25T15:58:03.719Z,6
DEMO-DEV-0834,501,2022-10-03T01:34:40.879Z,2026-09-29T02:43:26.493Z,6
DEMO-DEV-0886,501,2022-10-03T16:47:14.443Z,2026-09-29T09:29:56.239Z,7
DEMO-DEV-0935,501,2022-10-04T14:52:07.765Z,2026-09-29T11:26:47.795Z,6
DEMO-DEV-0977,501,2022-10-04T10:54:21.150Z,2026-09-24T03:34:59.300Z,7
DEMO-DEV-1059,501,2022-10-07T06:20:34.867Z,2026-09-29T11:39:57.870Z,6
DEMO-DEV-1082,501,2022-10-03T03:36:08.545Z,2026-09-15T11:22:23.087Z,7
DEMO-DEV-1137,501,2022-10-02T21:39:40.394Z,2026-09-30T05:58:42.239Z,6
DEMO-DEV-1151,501,2022-10-05T21:14:47.319Z,2026-09-28T08:56:07.527Z,6
DEMO-DEV-1194,501,2022-10-03T05:03:06.792Z,2026-09-25T23:55:01.692Z,6
DEMO-DEV-1234,501,2022-10-03T00:22:29.618Z,2026-09-29T08:52:29.234Z,7
DEMO-DEV-1290,501,2022-10-03T06:13:11.390Z,2026-09-25T11:50:52.738Z,6
DEMO-DEV-1299,501,2022-10-08T07:29:47.503Z,2026-09-26T22:16:33.370Z,5
DEMO-DEV-1469,501,2022-10-02T22:42:21.150Z,2026-09-16T22:08:55.842Z,7
DEMO-DEV-1585,501,2022-10-09T00:24:41.867Z,2026-09-26T23:25:34.472Z,7
DEMO-DEV-1659,501,2022-10-01T12:40:53.735Z,2026-09-27T18:05:05.500Z,7
DEMO-DEV-1665,501,2022-10-01T17:05:02.403Z,2026-09-25T03:10:52.497Z,7
DEMO-DEV-1751,501,2022-10-03T12:55:08.646Z,2026-09-21T18:50:41.666Z,7
DEMO-DEV-1861,501,2022-10-02T10:36:08.230Z,2026-09-27T23:21:47.612Z,6
DEMO-DEV-1888,501,2022-10-10T05:06:52.799Z,2026-09-28T14:09:14.391Z,7
DEMO-DEV-1902,501,2022-10-06T03:29:43.568Z,2026-09-29T11:25:36.948Z,7
DEMO-DEV-1911,501,2022-10-05T18:30:26.784Z,2026-09-27T19:49:40.584Z,6
DEMO-DEV-1926,501,2022-10-09T07:48:43.026Z,2026-09-27T15:36:28.639Z,6
DEMO-DEV-1945,501,2022-10-01T11:34:51.192Z,2026-09-26T17:06:32.365Z,7
DEMO-DEV-2009,501,2022-10-02T16:21:55.870Z,2026-09-27T02:18:02.139Z,7
DEMO-DEV-2050,501,2022-10-01T16:05:25.556Z,2026-09-25T02:47:54.714Z,6
DEMO-DEV-2068,501,2022-10-11T19:09:00.842Z,2026-09-30T06:25:07.038Z,7
DEMO-DEV-2550,501,2022-10-07T02:41:08.519Z,2026-09-29T08:06:29.015Z,7
DEMO-DEV-2561,501,2022-10-01T20:06:19.799Z,2026-09-30T00:12:40.239Z,7
DEMO-DEV-2740,501,2022-10-03T13:12:44.087Z,2026-09-20T03:38:30.950Z,6
DEMO-DEV-2765,501,2022-10-02T19:07:34.885Z,2026-09-27T18:23:34.870Z,6
DEMO-DEV-2787,501,2022-10-06T07:43:29.291Z,2026-09-26T03:04:40.254Z,6
DEMO-DEV-2891,501,2022-10-01T11:13:00.038Z,2026-09-28T00:51:08.965Z,7
DEMO-DEV-2967,501,2022-10-02T20:33:37.846Z,2026-09-27T20:37:56.929Z,7
DEMO-DEV-2978,501,2022-10-02T23:21:24.556Z,2026-09-27T21:55:51.646Z,6
DEMO-DEV-3021,501,2022-10-04T20:32:37.315Z,2026-09-28T13:56:47.021Z,7
DEMO-DEV-3090,501,2022-10-01T09:06:21.682Z,2026-09-24T12:22:14.968Z,6
DEMO-DEV-3091,501,2022-10-05T02:02:18.816Z,2026-09-29T08:16:30.455Z,7
DEMO-DEV-3219,501,2022-10-02T11:28:52.843Z,2026-09-30T05:50:39.676Z,7
DEMO-DEV-3322,501,2022-10-03T01:29:25.466Z,2026-09-28T20:30:40.462Z,7
DEMO-DEV-3324,501,2022-10-01T08:35:30.442Z,2026-09-28T04:41:18.503Z,6
DEMO-DEV-3414,501,2022-10-02T06:42:52.914Z,2026-09-25T15:20:21.120Z,7
DEMO-DEV-3416,501,2022-10-01T12:39:37.508Z,2026-09-28T21:40:01.825Z,7
DEMO-DEV-3522,501,2022-10-02T09:38:09.391Z,2026-09-28T09:33:24.015Z,7
DEMO-DEV-3538,501,2022-10-04T20:57:53.989Z,2026-09-29T12:42:14.870Z,6
DEMO-DEV-3633,501,2022-10-02T18:44:41.173Z,2026-09-18T20:50:48.230Z,6
DEMO-DEV-3674,501,2022-10-01T20:38:41.038Z,2026-09-22T05:48:02.785Z,7
DEMO-DEV-3783,501,2022-10-06T14:49:15.584Z,2026-09-29T02:54:21.239Z,7
DEMO-DEV-3819,501,2022-10-01T23:25:01.607Z,2026-09-28T02:33:10.397Z,7
DEMO-DEV-3919,501,2022-10-02T16:35:02.892Z,2026-09-27T08:21:13.222Z,6
DEMO-DEV-3937,501,2022-10-02T23:47:51.239Z,2026-09-29T08:20:25.785Z,6
DEMO-DEV-4021,501,2022-10-01T18:54:06.403Z,2026-09-24T13:05:26.803Z,7
DEMO-DEV-4040,501,2022-10-07T23:54:49.584Z,2026-09-24T16:06:35.368Z,6
DEMO-DEV-4062,501,2022-10-03T03:25:03.226Z,2026-09-25T05:15:34.063Z,6
DEMO-DEV-4254,501,2022-10-03T11:11:57.974Z,2026-09-29T03:19:59.352Z,7
DEMO-DEV-4260,501,2022-10-06T07:31:19.653Z,2026-09-27T17:56:58.811Z,6
DEMO-DEV-4283,501,2022-10-04T02:39:18.352Z,2026-09-28T14:44:16.646Z,6
DEMO-DEV-4385,501,2022-10-04T20:01:51.138Z,2026-09-27T21:19:16.500Z,7
DEMO-DEV-4451,501,2022-10-03T16:49:14.250Z,2026-09-29T18:13:37.877Z,7
DEMO-DEV-4482,501,2022-10-04T23:34:16.397Z,2026-09-26T07:23:41.446Z,7
DEMO-DEV-4489,501,2022-10-07T04:51:57.192Z,2026-09-30T07:53:58.167Z,7
DEMO-DEV-4490,501,2022-10-04T14:01:05.315Z,2026-09-26T17:03:21.190Z,6
DEMO-DEV-4639,501,2022-10-02T03:10:20.138Z,2026-09-26T15:06:17.993Z,7
DEMO-DEV-4754,501,2022-10-08T22:13:00.658Z,2026-09-24T12:31:10.950Z,6
DEMO-DEV-4806,501,2022-10-01T15:08:49.639Z,2026-09-28T19:33:31.168Z,7
DEMO-DEV-4899,501,2022-10-03T23:17:45.224Z,2026-09-27T20:18:34.120Z,7
DEMO-DEV-4983,501,2022-10-07T23:57:57.653Z,2026-09-27T16:16:11.230Z,7
DEMO-DEV-5081,501,2022-10-02T06:54:20.168Z,2026-09-28T00:23:51.513Z,7
DEMO-DEV-5135,501,2022-10-06T11:16:36.472Z,2026-09-29T01:06:19.914Z,7
DEMO-DEV-5148,501,2022-10-04T07:52:30.485Z,2026-09-26T23:20:04.470Z,6
DEMO-DEV-5187,501,2022-10-04T16:03:10.863Z,2026-09-29T16:05:06.368Z,6
DEMO-DEV-5213,501,2022-10-03T05:55:54.738Z,2026-09-29T13:15:06.225Z,7
DEMO-DEV-5321,501,2022-10-04T06:51:37.403Z,2026-09-27T23:18:02.727Z,6
DEMO-DEV-5371,501,2022-10-02T05:05:30.806Z,2026-09-15T14:03:32.063Z,6
DEMO-DEV-5424,501,2022-10-02T19:23:20.989Z,2026-09-28T08:55:47.038Z,6
DEMO-DEV-5441,501,2022-10-03T07:44:44.914Z,2026-09-25T22:57:50.666Z,6
DEMO-DEV-5481,501,2022-10-01T12:50:51.428Z,2026-09-29T08:26:41.497Z,7
DEMO-DEV-5495,501,2022-10-03T11:24:16.063Z,2026-09-29T02:15:09.989Z,6
DEMO-DEV-5503,501,2022-10-01T19:44:07.646Z,2026-09-30T01:56:57.754Z,6
DEMO-DEV-5594,501,2022-10-06T19:54:53.455Z,2026-09-27T16:51:40.222Z,6
DEMO-DEV-5674,501,2022-10-07T11:12:12.038Z,2026-09-30T03:04:36.239Z,7
DEMO-DEV-5768,501,2022-10-07T18:54:35.527Z,2026-09-28T03:22:09.618Z,7
DEMO-DEV-5901,501,2022-10-01T15:06:09.221Z,2026-09-24T11:17:08.778Z,6
DEMO-DEV-5979,501,2022-10-01T21:27:50.727Z,2026-09-29T10:29:04.836Z,7
DEMO-DEV-6100,501,2022-10-02T10:57:08.352Z,2026-09-19T12:46:30.618Z,6
DEMO-DEV-6148,501,2022-10-04T15:45:36.160Z,2026-09-30T03:27:02.987Z,7
DEMO-DEV-6166,501,2022-10-02T00:05:55.915Z,2026-09-24T13:43:01.192Z,6
DEMO-DEV-6172,501,2022-10-04T09:38:04.975Z,2026-09-29T10:03:21.913Z,6
DEMO-DEV-6188,501,2022-10-02T01:33:18.057Z,2026-09-23T15:49:25.470Z,6
DEMO-DEV-6222,501,2022-10-04T16:25:53.123Z,2026-09-25T13:41:44.075Z,6
DEMO-DEV-6274,501,2022-10-03T23:24:29.870Z,2026-09-29T19:40:20.390Z,7
DEMO-DEV-6395,501,2022-10-01T09:40:02.864Z,2026-09-28T22:36:14.397Z,7
DEMO-DEV-6475,501,2022-10-02T15:22:36.287Z,2026-09-29T10:44:46.428Z,6
DEMO-DEV-6663,501,2022-10-05T20:48:10.523Z,2026-09-29T21:29:23.173Z,7
DEMO-DEV-6678,501,2022-10-04T00:17:21.851Z,2026-09-18T03:36:44.817Z,6
DEMO-DEV-6698,501,2022-10-02T21:44:22.976Z,2026-09-29T21:48:07.139Z,6
DEMO-DEV-6731,501,2022-10-01T18:56:48.337Z,2026-09-26T06:35:46.614Z,7
DEMO-DEV-6754,501,2022-10-06T23:06:40.497Z,2026-09-27T19:15:30.190Z,6
DEMO-DEV-6868,501,2022-10-02T23:53:29.682Z,2026-09-27T12:39:20.397Z,7
DEMO-DEV-7082,501,2022-10-02T03:22:32.816Z,2026-09-28T11:12:58.211Z,6
DEMO-DEV-7163,501,2022-10-02T19:07:07.189Z,2026-09-29T07:44:24.024Z,6
DEMO-DEV-7282,501,2022-10-02T04:11:45.291Z,2026-09-26T23:56:15.913Z,5
DEMO-DEV-7529,501,2022-10-04T06:36:53.222Z,2026-09-29T03:35:12.370Z,7
DEMO-DEV-7589,501,2022-10-02T17:18:30.302Z,2026-09-29T00:44:43.443Z,7
DEMO-DEV-7618,501,2022-10-03T23:34:34.368Z,2026-09-25T00:24:53.298Z,7
DEMO-DEV-7634,501,2022-10-05T01:21:24.014Z,2026-09-29T09:59:03.591Z,7
DEMO-DEV-7723,501,2022-10-03T07:26:46.607Z,2026-09-29T15:08:17.710Z,6
DEMO-DEV-7735,501,2022-10-02T06:27:38.300Z,2026-09-30T04:28:07.026Z,6
DEMO-DEV-7746,501,2022-10-01T16:47:04.825Z,2026-09-28T08:42:18.993Z,7
DEMO-DEV-7769,501,2022-10-04T04:12:35.668Z,2026-09-29T17:42:46.692Z,5
DEMO-DEV-7889,501,2022-10-02T00:02:31.352Z,2026-09-28T02:17:16.702Z,6
DEMO-DEV-7927,501,2022-10-02T16:00:21.926Z,2026-09-28T11:36:47.877Z,6
DEMO-DEV-8083,501,2022-10-01T19:45:35.394Z,2026-09-24T13:35:29.803Z,7
DEMO-DEV-8115,501,2022-10-06T11:01:40.403Z,2026-09-28T06:44:40.208Z,5
DEMO-DEV-8205,501,2022-10-01T16:26:18.225Z,2026-09-27T13:10:47.607Z,7
DEMO-DEV-8275,501,2022-10-01T11:52:00.868Z,2026-09-29T15:17:02.557Z,6
DEMO-DEV-8293,501,2022-10-05T23:15:38.816Z,2026-09-29T15:59:43.300Z,7
DEMO-DEV-8303,501,2022-10-06T01:37:49.738Z,2026-09-26T14:50:48.948Z,7
DEMO-DEV-8318,501,2022-10-12T21:54:44.134Z,2026-09-23T18:30:03.345Z,7
DEMO-DEV-8320,501,2022-10-06T04:09:50.415Z,2026-09-26T08:33:47.806Z,7
DEMO-DEV-8336,501,2022-10-03T10:17:24.524Z,2026-09-27T16:02:10.865Z,7
DEMO-DEV-8405,501,2022-10-05T19:11:26.205Z,2026-09-26T00:28:18.208Z,6
DEMO-DEV-8416,501,2022-10-04T08:32:52.612Z,2026-09-30T07:23:02.568Z,7
DEMO-DEV-8662,501,2022-10-03T07:06:03.865Z,2026-09-27T16:05:51.298Z,6
DEMO-DEV-8663,501,2022-10-06T00:50:12.578Z,2026-09-29T00:55:15.578Z,6
DEMO-DEV-8757,501,2022-10-03T16:05:31.614Z,2026-09-28T17:31:30.839Z,6
DEMO-DEV-8889,501,2022-10-02T14:35:38.120Z,2026-09-29T12:53:10.015Z,7
DEMO-DEV-8898,501,2022-10-02T11:59:43.021Z,2026-09-26T06:57:04.612Z,6
DEMO-DEV-9004,501,2022-10-04T08:43:49.287Z,2026-09-28T10:34:45.470Z,7
DEMO-DEV-9061,501,2022-10-06T16:20:12.390Z,2026-09-29T10:35:54.612Z,7
DEMO-DEV-9230,501,2022-10-02T02:11:36.462Z,2026-09-29T16:05:57.676Z,7
DEMO-DEV-9243,501,2022-10-03T20:42:24.300Z,2026-09-29T16:24:07.239Z,6
DEMO-DEV-9290,501,2022-10-06T23:49:38.968Z,2026-09-27T13:47:43.658Z,7
DEMO-DEV-9415,501,2022-10-03T23:16:57.205Z,2026-09-30T07:49:43.976Z,7
DEMO-DEV-9499,501,2022-10-01T22:07:16.556Z,2026-09-28T12:51:18.636Z,7
DEMO-DEV-9511,501,2022-10-04T04:29:13.816Z,2026-09-23T00:24:04.203Z,6
DEMO-DEV-9528,501,2022-10-03T21:17:06.394Z,2026-09-29T05:38:28.023Z,6
DEMO-DEV-9551,501,2022-10-05T04:59:48.365Z,2026-09-23T19:46:52.219Z,7
DEMO-DEV-9638,501,2022-10-04T17:26:27.989Z,2026-09-29T19:50:28.221Z,7
DEMO-DEV-9643,501,2022-10-02T23:31:22.578Z,2026-09-29T13:28:53.391Z,6
DEMO-DEV-9780,501,2022-10-10T06:03:44.817Z,2026-09-23T05:06:19.077Z,6
DEMO-DEV-9834,501,2022-10-05T20:59:02.799Z,2026-09-29T01:19:27.403Z,7
DEMO-DEV-9844,501,2022-10-08T00:27:57.989Z,2026-09-23T21:22:55.612Z,6
DEMO-DEV-9863,501,2022-10-01T13:56:21.519Z,2026-09-29T21:43:25.710Z,7
DEMO-DEV-9882,501,2022-10-02T19:25:06.612Z,2026-09-25T16:39:14.192Z,7
DEMO-DEV-9919,501,2022-10-11T14:01:27.555Z,2026-09-26T16:35:43.087Z,7
DEMO-DEV-9939,501,2022-10-04T16:03:43.300Z,2026-09-30T00:43:43.319Z,7
DEMO-DEV-9949,501,2022-10-06T20:45:23.612Z,2026-09-29T22:31:15.793Z,7
DEMO-DEV-0010,500,2022-10-03T12:43:56.063Z,2026-09-20T03:18:24.555Z,6
DEMO-DEV-0036,500,2022-10-12T10:12:12.037Z,2026-09-29T19:46:37.605Z,6
DEMO-DEV-0053,500,2022-10-05T20:57:59.811Z,2026-09-30T05:13:42.792Z,7
DEMO-DEV-0118,500,2022-10-01T08:51:53.272Z,2026-09-21T19:41:44.446Z,6
DEMO-DEV-0152,500,2022-10-04T11:42:35.403Z,2026-09-28T04:21:00.493Z,7
DEMO-DEV-0170,500,2022-10-04T13:47:54.778Z,2026-09-27T11:40:35.218Z,7
DEMO-DEV-0203,500,2022-10-03T20:38:20.511Z,2026-09-28T16:46:57.172Z,6
DEMO-DEV-0302,500,2022-10-03T00:13:06.778Z,2026-09-27T22:58:32.851Z,7
DEMO-DEV-0344,500,2022-10-05T05:11:47.221Z,2026-09-28T02:06:00.714Z,7
DEMO-DEV-0481,500,2022-10-05T02:07:15.150Z,2026-09-27T09:10:13.291Z,7
DEMO-DEV-0496,500,2022-10-02T09:41:19.230Z,2026-09-27T14:19:01.795Z,6
DEMO-DEV-0509,500,2022-10-05T08:17:41.403Z,2026-09-28T16:43:38.803Z,7
DEMO-DEV-0535,500,2022-10-01T16:55:10.203Z,2026-09-28T18:16:53.778Z,7
DEMO-DEV-0553,500,2022-10-05T10:55:32.599Z,2026-09-29T10:04:11.021Z,7
DEMO-DEV-0557,500,2022-10-03T11:46:40.870Z,2026-09-29T10:08:50.929Z,5
DEMO-DEV-0705,500,2022-10-04T18:02:19.792Z,2026-09-29T21:52:04.666Z,7
DEMO-DEV-0726,500,2022-10-04T11:47:17.668Z,2026-09-26T03:46:27.428Z,7
DEMO-DEV-0741,500,2022-10-09T02:38:52.403Z,2026-09-30T05:53:51.792Z,6
DEMO-DEV-0870,500,2022-10-04T10:43:57.568Z,2026-09-30T06:54:30.238Z,7
DEMO-DEV-0937,500,2022-10-02T23:44:58.786Z,2026-09-23T07:07:01.402Z,6
DEMO-DEV-1014,500,2022-10-02T16:18:05.236Z,2026-09-25T13:30:29.472Z,7
DEMO-DEV-1088,500,2022-10-04T15:34:46.661Z,2026-09-26T13:19:31.614Z,7
DEMO-DEV-1101,500,2022-10-01T15:41:20.075Z,2026-09-24T05:22:38.519Z,7
DEMO-DEV-1165,500,2022-10-03T21:08:58.134Z,2026-09-26T08:18:43.357Z,7
DEMO-DEV-1192,500,2022-10-05T16:19:06.027Z,2026-09-25T12:10:43.824Z,6
DEMO-DEV-1265,500,2022-10-03T00:03:03.948Z,2026-09-29T23:38:24.014Z,6
DEMO-DEV-1374,500,2022-10-03T12:19:22.183Z,2026-09-29T23:31:29.365Z,7
DEMO-DEV-1520,500,2022-10-01T14:25:58.976Z,2026-09-29T14:57:29.568Z,7
DEMO-DEV-1611,500,2022-10-06T01:32:57.556Z,2026-09-28T22:06:15.253Z,7
DEMO-DEV-1623,500,2022-10-06T06:43:17.319Z,2026-09-27T10:04:45.315Z,7
DEMO-DEV-1667,500,2022-10-10T16:32:28.605Z,2026-09-27T04:44:19.442Z,7
DEMO-DEV-1798,500,2022-10-04T09:11:00.190Z,2026-09-29T16:12:35.692Z,7
DEMO-DEV-1910,500,2022-10-01T22:18:16.037Z,2026-09-29T07:48:44.307Z,7
DEMO-DEV-1962,500,2022-10-06T15:45:11.250Z,2026-09-24T21:24:16.537Z,6
DEMO-DEV-1989,500,2022-10-07T04:29:41.225Z,2026-09-24T12:55:11.268Z,7
DEMO-DEV-2006,500,2022-10-01T10:01:25.969Z,2026-09-27T00:33:28.655Z,7
DEMO-DEV-2023,500,2022-10-04T22:37:09.134Z,2026-09-29T20:36:11.192Z,7
DEMO-DEV-2087,500,2022-10-01T13:01:53.591Z,2026-09-27T03:10:56.688Z,6
DEMO-DEV-2196,500,2022-10-07T06:10:22.505Z,2026-09-28T16:42:24.688Z,6
DEMO-DEV-2251,500,2022-10-02T20:31:34.291Z,2026-09-29T02:25:03.068Z,7
DEMO-DEV-2288,500,2022-10-01T15:14:50.239Z,2026-09-26T23:37:17.288Z,7
DEMO-DEV-2339,500,2022-10-01T15:41:30.238Z,2026-09-28T07:17:48.974Z,6
DEMO-DEV-2374,500,2022-10-04T20:44:43.505Z,2026-09-26T08:39:14.120Z,7
DEMO-DEV-2379,500,2022-10-03T00:36:39.315Z,2026-09-28T06:47:45.068Z,7
DEMO-DEV-2393,500,2022-10-02T14:11:27.537Z,2026-09-29T12:39:49.568Z,7
DEMO-DEV-2414,500,2022-10-02T11:19:00.735Z,2026-09-29T19:27:18.446Z,7
DEMO-DEV-2426,500,2022-10-05T14:26:23.976Z,2026-09-15T11:47:10.735Z,6
DEMO-DEV-2440,500,2022-10-13T06:00:46.253Z,2026-09-25T18:52:43.037Z,6
DEMO-DEV-2448,500,2022-10-05T16:31:43.792Z,2026-09-28T11:08:22.038Z,6
DEMO-DEV-2471,500,2022-10-04T23:30:30.968Z,2026-09-28T23:30:13.710Z,6
DEMO-DEV-2543,500,2022-10-06T13:43:00.985Z,2026-09-26T11:07:29.836Z,6
DEMO-DEV-2716,500,2022-10-01T18:36:07.218Z,2026-09-29T20:27:49.014Z,6
DEMO-DEV-2737,500,2022-10-05T10:20:56.976Z,2026-09-23T01:15:19.519Z,7
DEMO-DEV-2806,500,2022-10-09T15:33:58.138Z,2026-09-25T07:24:52.915Z,6
DEMO-DEV-2844,500,2022-10-01T14:09:12.218Z,2026-09-18T05:17:51.225Z,6
DEMO-DEV-2859,500,2022-10-04T02:43:50.234Z,2026-09-29T03:46:06.224Z,7
DEMO-DEV-2976,500,2022-10-03T23:06:52.239Z,2026-09-26T09:18:26.352Z,7
DEMO-DEV-2994,500,2022-10-03T13:47:15.123Z,2026-09-17T14:05:44.913Z,6
DEMO-DEV-3071,500,2022-10-05T09:29:56.500Z,2026-09-28T16:40:15.505Z,6
DEMO-DEV-3144,500,2022-10-02T17:45:59.950Z,2026-09-29T07:43:46.865Z,6
DEMO-DEV-3206,500,2022-10-02T02:52:07.968Z,2026-09-30T06:34:29.778Z,7
DEMO-DEV-3217,500,2022-10-19T17:55:47.646Z,2026-09-30T04:46:25.782Z,7
DEMO-DEV-3290,500,2022-10-02T11:13:21.969Z,2026-09-29T11:25:33.222Z,6
DEMO-DEV-3291,500,2022-10-02T14:41:10.555Z,2026-09-27T08:48:10.394Z,7
DEMO-DEV-3292,500,2022-10-02T03:57:23.014Z,2026-09-29T03:10:26.307Z,6
DEMO-DEV-3296,500,2022-10-08T00:30:36.254Z,2026-09-29T05:49:33.682Z,7
DEMO-DEV-3381,500,2022-10-01T09:21:32.307Z,2026-09-22T05:30:02.556Z,6
DEMO-DEV-3389,500,2022-10-03T23:05:19.390Z,2026-09-25T19:28:44.661Z,6
DEMO-DEV-3403,500,2022-10-04T12:13:53.752Z,2026-09-26T18:36:56.519Z,7
DEMO-DEV-3478,500,2022-10-01T22:27:49.503Z,2026-09-30T01:53:03.666Z,7
DEMO-DEV-3489,500,2022-10-01T09:42:53.537Z,2026-09-27T23:30:36.004Z,7
DEMO-DEV-3508,500,2022-10-07T14:18:06.867Z,2026-09-28T20:40:27.391Z,7
DEMO-DEV-3536,500,2022-10-02T12:46:42.173Z,2026-09-22T04:03:20.357Z,6
DEMO-DEV-3586,500,2022-10-03T19:54:41.503Z,2026-09-26T07:08:57.816Z,6
DEMO-DEV-3605,500,2022-10-01T12:16:12.165Z,2026-09-30T06:56:06.138Z,7
DEMO-DEV-3732,500,2022-10-01T22:22:51.584Z,2026-09-30T04:27:41.428Z,7
DEMO-DEV-3740,500,2022-10-05T12:54:08.403Z,2026-09-27T00:37:55.965Z,7
DEMO-DEV-3766,500,2022-10-01T10:17:46.403Z,2026-09-27T11:03:45.250Z,7
DEMO-DEV-3806,500,2022-10-02T01:36:43.591Z,2026-09-30T06:52:10.150Z,7
DEMO-DEV-3824,500,2022-10-07T10:09:01.287Z,2026-09-21T07:02:41.315Z,7
DEMO-DEV-3860,500,2022-10-01T22:25:39.865Z,2026-09-29T16:41:26.221Z,6
DEMO-DEV-3924,500,2022-10-03T00:13:34.597Z,2026-09-26T05:24:10.891Z,7
DEMO-DEV-4016,500,2022-10-08T06:19:38.989Z,2026-09-28T21:37:28.867Z,6
DEMO-DEV-4079,500,2022-10-03T02:19:44.239Z,2026-09-30T02:11:57.782Z,7
DEMO-DEV-4091,500,2022-10-03T05:43:50.968Z,2026-09-26T22:53:25.965Z,7
DEMO-DEV-4170,500,2022-10-03T15:25:22.442Z,2026-09-28T12:56:53.727Z,7
DEMO-DEV-4234,500,2022-10-02T02:13:53.077Z,2026-09-28T09:49:34.038Z,7
DEMO-DEV-4301,500,2022-10-11T19:57:58.754Z,2026-09-24T07:04:57.605Z,6
DEMO-DEV-4321,500,2022-10-03T13:36:41.357Z,2026-09-28T17:54:45.784Z,7
DEMO-DEV-4336,500,2022-10-03T03:11:41.949Z,2026-09-26T05:36:40.966Z,7
DEMO-DEV-4350,500,2022-10-02T22:51:03.138Z,2026-09-25T03:58:11.040Z,6
DEMO-DEV-4531,500,2022-10-03T09:35:10.226Z,2026-09-27T15:23:53.402Z,7
DEMO-DEV-4539,500,2022-10-03T10:33:55.173Z,2026-09-26T17:49:46.799Z,6
DEMO-DEV-4547,500,2022-10-03T00:09:22.877Z,2026-09-29T09:30:14.682Z,6
DEMO-DEV-4632,500,2022-10-06T21:41:08.950Z,2026-09-28T12:06:05.503Z,6
DEMO-DEV-4745,500,2022-10-08T00:22:57.873Z,2026-09-17T23:24:25.975Z,7
DEMO-DEV-4825,500,2022-10-01T09:49:56.370Z,2026-09-30T03:54:58.428Z,7
DEMO-DEV-4839,500,2022-10-02T14:31:53.968Z,2026-09-27T04:31:36.597Z,6
DEMO-DEV-4869,500,2022-10-02T22:20:50.735Z,2026-09-27T08:43:40.870Z,7
DEMO-DEV-4929,500,2022-10-03T04:23:31.080Z,2026-09-29T19:22:24.253Z,7
DEMO-DEV-4979,500,2022-10-01T22:21:58.646Z,2026-09-29T10:35:06.368Z,7
DEMO-DEV-5050,500,2022-10-01T23:52:19.754Z,2026-09-29T04:36:41.605Z,7
DEMO-DEV-5119,500,2022-10-04T19:57:05.992Z,2026-09-25T21:53:25.397Z,7
DEMO-DEV-5130,500,2022-10-04T13:45:21.836Z,2026-09-23T19:38:24.816Z,7
DEMO-DEV-5183,500,2022-10-11T04:43:30.864Z,2026-09-30T02:01:12.222Z,7
DEMO-DEV-5259,500,2022-10-03T23:39:59.045Z,2026-09-30T06:00:15.415Z,6
DEMO-DEV-5287,500,2022-10-01T22:01:32.155Z,2026-09-24T23:14:26.190Z,7
DEMO-DEV-5300,500,2022-10-11T16:31:56.929Z,2026-09-28T22:30:23.803Z,7
DEMO-DEV-5399,500,2022-10-01T12:37:44.190Z,2026-09-26T21:50:05.239Z,6
DEMO-DEV-5416,500,2022-10-04T12:10:55.307Z,2026-09-26T18:39:56.524Z,7
DEMO-DEV-5458,500,2022-10-02T01:37:20.026Z,2026-09-28T12:48:23.003Z,7
DEMO-DEV-5466,500,2022-10-11T20:57:50.804Z,2026-09-16T20:39:43.870Z,7
DEMO-DEV-5547,500,2022-10-01T19:56:44.239Z,2026-09-29T10:52:26.415Z,6
DEMO-DEV-5578,500,2022-10-04T07:57:58.968Z,2026-09-29T23:40:48.735Z,7
DEMO-DEV-5665,500,2022-10-05T03:21:41.470Z,2026-09-29T17:41:05.370Z,7
DEMO-DEV-5693,500,2022-10-06T22:01:42.024Z,2026-09-26T20:29:43.965Z,7
DEMO-DEV-5697,500,2022-10-01T18:21:47.735Z,2026-09-26T16:39:03.045Z,7
DEMO-DEV-5759,500,2022-10-09T03:51:10.503Z,2026-09-19T01:33:53.738Z,6
DEMO-DEV-5778,500,2022-10-03T02:41:42.765Z,2026-09-27T16:52:20.160Z,7
DEMO-DEV-5950,500,2022-10-07T15:29:34.926Z,2026-09-29T22:01:26.352Z,6
DEMO-DEV-6047,500,2022-10-03T21:43:20.354Z,2026-09-29T11:33:51.702Z,6
DEMO-DEV-6051,500,2022-10-08T11:23:00.816Z,2026-09-29T01:41:00.172Z,7
DEMO-DEV-6119,500,2022-10-02T23:57:41.913Z,2026-09-27T07:01:20.470Z,7
DEMO-DEV-6133,500,2022-10-01T22:31:26.646Z,2026-09-28T07:11:47.415Z,7
DEMO-DEV-6218,500,2022-10-01T10:49:47.545Z,2026-09-19T20:59:58.291Z,7
DEMO-DEV-6247,500,2022-10-09T04:31:41.038Z,2026-09-28T17:17:21.015Z,7
DEMO-DEV-6270,500,2022-10-04T15:02:54.864Z,2026-09-28T22:45:31.037Z,7
DEMO-DEV-6370,500,2022-10-09T02:50:43.976Z,2026-09-24T15:51:21.173Z,7
DEMO-DEV-6410,500,2022-10-05T03:15:21.612Z,2026-09-28T00:45:25.926Z,7
DEMO-DEV-6431,500,2022-10-02T20:19:11.817Z,2026-09-26T12:39:20.165Z,7
DEMO-DEV-6446,500,2022-10-01T17:41:33.607Z,2026-09-23T10:55:47.203Z,7
DEMO-DEV-6516,500,2022-10-02T05:45:25.160Z,2026-09-30T02:51:06.190Z,7
DEMO-DEV-6551,500,2022-10-01T10:21:10.268Z,2026-09-26T06:36:23.204Z,6
DEMO-DEV-6557,500,2022-10-02T10:28:53.785Z,2026-09-29T22:10:30.409Z,6
DEMO-DEV-6572,500,2022-10-03T17:42:32.597Z,2026-09-28T21:43:05.535Z,7
DEMO-DEV-6577,500,2022-10-02T12:24:08.524Z,2026-09-30T02:06:35.505Z,7
DEMO-DEV-6650,500,2022-10-04T18:14:59.204Z,2026-09-29T18:46:14.527Z,7
DEMO-DEV-6687,500,2022-10-06T08:07:21.368Z,2026-09-26T14:48:07.688Z,7
DEMO-DEV-6718,500,2022-10-03T10:58:57.246Z,2026-09-29T08:34:30.155Z,6
DEMO-DEV-6753,500,2022-10-05T04:12:34.836Z,2026-09-29T03:57:30.390Z,6
DEMO-DEV-6762,500,2022-10-02T08:22:30.948Z,2026-09-25T08:35:45.027Z,7
DEMO-DEV-6816,500,2022-10-01T12:51:29.692Z,2026-09-24T15:56:58.087Z,6
DEMO-DEV-6894,500,2022-10-02T06:45:59.816Z,2026-09-21T06:39:24.300Z,7
DEMO-DEV-6974,500,2022-10-06T12:13:57.892Z,2026-09-28T14:42:31.192Z,7
DEMO-DEV-6981,500,2022-10-04T18:56:50.232Z,2026-09-29T10:05:07.816Z,6
DEMO-DEV-7031,500,2022-10-03T18:41:56.298Z,2026-09-26T05:02:03.403Z,7
DEMO-DEV-7120,500,2022-10-03T13:21:05.985Z,2026-09-13T14:56:41.172Z,6
DEMO-DEV-7250,500,2022-10-04T09:01:24.394Z,2026-09-29T04:10:09.203Z,6
DEMO-DEV-7278,500,2022-10-03T10:56:51.224Z,2026-09-29T07:35:37.639Z,7
DEMO-DEV-7279,500,2022-10-03T08:25:44.226Z,2026-09-30T04:44:45.246Z,7
DEMO-DEV-7287,500,2022-10-15T18:09:43.676Z,2026-09-25T19:07:10.403Z,7
DEMO-DEV-7525,500,2022-10-02T03:21:44.173Z,2026-09-28T21:33:15.929Z,7
DEMO-DEV-7564,500,2022-10-06T22:26:24.205Z,2026-09-28T23:44:19.974Z,7
DEMO-DEV-7565,500,2022-10-03T08:27:22.219Z,2026-09-29T16:10:53.968Z,7
DEMO-DEV-7569,500,2022-10-01T17:14:31.470Z,2026-09-25T20:29:24.792Z,6
DEMO-DEV-7776,500,2022-10-01T15:10:47.239Z,2026-09-24T12:53:16.891Z,7
DEMO-DEV-7917,500,2022-10-08T19:35:48.913Z,2026-09-16T15:28:31.246Z,6
DEMO-DEV-8068,500,2022-10-03T13:06:38.150Z,2026-09-25T12:34:23.511Z,7
DEMO-DEV-8119,500,2022-10-05T04:43:01.428Z,2026-09-29T14:21:43.068Z,7
DEMO-DEV-8171,500,2022-10-01T16:29:18.289Z,2026-09-30T02:25:03.077Z,6
DEMO-DEV-8193,500,2022-10-05T07:57:27.965Z,2026-09-29T14:18:00.134Z,7
DEMO-DEV-8240,500,2022-10-03T01:59:09.168Z,2026-09-28T15:07:27.165Z,6
DEMO-DEV-8281,500,2022-10-06T03:24:05.208Z,2026-09-30T04:32:25.239Z,7
DEMO-DEV-8300,500,2022-10-08T17:48:07.646Z,2026-09-29T08:46:55.966Z,6
DEMO-DEV-8394,500,2022-10-01T10:16:57.253Z,2026-09-27T21:45:22.682Z,7
DEMO-DEV-8514,500,2022-10-01T19:48:00.168Z,2026-09-27T08:52:05.026Z,5
DEMO-DEV-8584,500,2022-10-01T12:12:26.236Z,2026-09-26T01:12:15.804Z,7
DEMO-DEV-8639,500,2022-10-04T15:41:25.045Z,2026-09-28T16:46:54.253Z,7
DEMO-DEV-8668,500,2022-10-02T13:23:58.138Z,2026-09-29T01:59:03.230Z,6
DEMO-DEV-8725,500,2022-10-01T23:54:23.138Z,2026-09-28T20:52:21.038Z,6
DEMO-DEV-8818,500,2022-10-03T05:57:21.966Z,2026-09-29T21:34:37.578Z,7
DEMO-DEV-8839,500,2022-10-08T06:29:52.778Z,2026-09-21T05:32:05.523Z,7
DEMO-DEV-8875,500,2022-10-01T17:44:15.015Z,2026-09-28T10:25:48.914Z,7
DEMO-DEV-8899,500,2022-10-04T09:35:32.319Z,2026-09-29T22:28:17.415Z,7
DEMO-DEV-8934,500,2022-10-04T20:22:26.225Z,2026-09-28T15:43:53.817Z,7
DEMO-DEV-8937,500,2022-10-09T15:15:15.239Z,2026-09-27T00:28:29.165Z,7
DEMO-DEV-8952,500,2022-10-01T19:54:59.811Z,2026-09-29T22:52:28.134Z,6
DEMO-DEV-8971,500,2022-10-02T15:50:02.653Z,2026-09-27T02:31:32.985Z,6
DEMO-DEV-9017,500,2022-10-04T12:56:25.446Z,2026-09-29T02:15:22.387Z,7
DEMO-DEV-9065,500,2022-10-06T07:24:51.778Z,2026-09-28T11:33:02.325Z,7
DEMO-DEV-9077,500,2022-10-01T15:46:58.230Z,2026-09-18T00:33:54.123Z,6
DEMO-DEV-9213,500,2022-10-02T10:11:39.500Z,2026-09-25T16:30:03.040Z,6
DEMO-DEV-9223,500,2022-10-06T16:36:46.968Z,2026-09-27T23:24:41.605Z,6
DEMO-DEV-9271,500,2022-10-07T15:39:18.370Z,2026-09-29T06:57:45.735Z,6
DEMO-DEV-9275,500,2022-10-04T04:56:48.307Z,2026-09-24T09:24:04.799Z,6
DEMO-DEV-9289,500,2022-10-03T20:12:52.183Z,2026-09-29T00:13:58.024Z,7
DEMO-DEV-9350,500,2022-10-06T07:02:59.666Z,2026-09-26T08:52:52.357Z,7
DEMO-DEV-9354,500,2022-10-06T11:05:12.352Z,2026-09-28T12:46:27.653Z,6
DEMO-DEV-9380,500,2022-10-03T14:18:13.026Z,2026-09-24T21:17:34.605Z,7
DEMO-DEV-9428,500,2022-10-06T08:02:48.926Z,2026-09-29T06:41:09.252Z,7
DEMO-DEV-9455,500,2022-10-02T08:55:45.075Z,2026-09-23T16:16:03.719Z,7
DEMO-DEV-9572,500,2022-10-01T22:37:24.754Z,2026-09-28T06:39:38.442Z,6
DEMO-DEV-9578,500,2022-10-02T07:27:25.307Z,2026-09-30T04:49:42.873Z,7
DEMO-DEV-9607,500,2022-10-04T05:27:49.234Z,2026-09-23T06:43:10.455Z,7
DEMO-DEV-9908,500,2022-10-01T11:43:51.500Z,2026-09-16T11:51:01.004Z,7
DEMO-DEV-9970,500,2022-10-06T09:31:49.038Z,2026-09-20T00:05:18.073Z,6
DEMO-DEV-0070,499,2022-10-03T03:33:28.289Z,2026-09-27T09:10:05.319Z,6
DEMO-DEV-0078,499,2022-10-08T00:16:27.661Z,2026-09-27T16:09:38.785Z,6
DEMO-DEV-0094,499,2022-10-07T11:40:14.804Z,2026-09-29T04:02:47.949Z,6
DEMO-DEV-0126,499,2022-10-01T17:41:35.272Z,2026-09-28T07:12:36.238Z,7
DEMO-DEV-0191,499,2022-10-07T20:30:20.370Z,2026-09-29T13:10:39.428Z,7
DEMO-DEV-0200,499,2022-10-03T22:12:37.493Z,2026-09-29T04:03:27.134Z,6
DEMO-DEV-0219,499,2022-10-05T13:24:37.765Z,2026-09-27T17:35:02.090Z,6
DEMO-DEV-0300,499,2022-10-11T19:29:03.268Z,2026-09-30T04:45:23.989Z,7
DEMO-DEV-0312,499,2022-10-02T13:13:10.682Z,2026-09-28T16:30:34.234Z,7
DEMO-DEV-0355,499,2022-10-04T11:26:13.976Z,2026-09-29T14:51:49.702Z,6
DEMO-DEV-0369,499,2022-10-02T00:28:09.851Z,2026-09-28T16:51:45.264Z,7
DEMO-DEV-0403,499,2022-10-01T16:24:26.989Z,2026-09-28T08:54:13.803Z,6
DEMO-DEV-0404,499,2022-10-03T16:07:01.966Z,2026-09-25T09:25:34.784Z,7
DEMO-DEV-0423,499,2022-10-01T10:12:10.365Z,2026-09-28T10:43:09.505Z,7
DEMO-DEV-0595,499,2022-10-04T13:15:05.226Z,2026-09-30T03:12:28.646Z,6
DEMO-DEV-0629,499,2022-10-01T19:35:06.253Z,2026-09-22T08:22:59.226Z,6
DEMO-DEV-0701,499,2022-10-05T09:43:08.394Z,2026-09-30T05:07:44.455Z,7
DEMO-DEV-0713,499,2022-10-03T06:58:28.841Z,2026-09-28T15:10:26.816Z,6
DEMO-DEV-0759,499,2022-10-06T07:18:59.460Z,2026-09-27T12:27:24.719Z,7
DEMO-DEV-0782,499,2022-10-12T05:57:18.368Z,2026-09-27T15:24:32.073Z,7
DEMO-DEV-0884,499,2022-10-01T14:20:26.387Z,2026-09-28T09:38:22.021Z,7
DEMO-DEV-0897,499,2022-10-02T16:02:25.352Z,2026-09-30T05:07:11.226Z,7
DEMO-DEV-0918,499,2022-10-04T19:37:34.319Z,2026-09-27T22:42:07.879Z,6
DEMO-DEV-1016,499,2022-10-09T05:58:10.591Z,2026-09-29T16:06:30.211Z,6
DEMO-DEV-1104,499,2022-10-01T11:10:41.302Z,2026-09-29T07:14:58.415Z,6
DEMO-DEV-1235,499,2022-10-04T07:11:24.190Z,2026-09-27T18:07:07.804Z,6
DEMO-DEV-1255,499,2022-10-03T00:54:07.161Z,2026-09-30T04:33:29.225Z,6
DEMO-DEV-1274,499,2022-10-01T10:35:02.599Z,2026-09-30T07:43:21.226Z,7
DEMO-DEV-1309,499,2022-10-07T11:37:00.793Z,2026-09-26T16:14:08.239Z,7
DEMO-DEV-1340,499,2022-10-02T04:54:36.599Z,2026-09-22T21:13:44.352Z,7
DEMO-DEV-1344,499,2022-10-01T19:30:07.892Z,2026-09-28T15:40:37.661Z,6
DEMO-DEV-1418,499,2022-10-03T18:04:20.080Z,2026-09-30T01:30:04.816Z,6
DEMO-DEV-1435,499,2022-10-01T12:30:35.639Z,2026-09-29T22:45:38.639Z,7
DEMO-DEV-1529,499,2022-10-01T14:42:43.537Z,2026-09-27T17:42:40.222Z,6
DEMO-DEV-1641,499,2022-10-07T20:39:24.446Z,2026-09-30T06:13:41.038Z,6
DEMO-DEV-1654,499,2022-10-09T17:23:31.879Z,2026-09-27T05:09:20.287Z,7
DEMO-DEV-1812,499,2022-10-01T17:55:28.682Z,2026-09-19T18:35:40.208Z,6
DEMO-DEV-1985,499,2022-10-03T14:02:27.782Z,2026-09-25T23:04:56.403Z,7
DEMO-DEV-2036,499,2022-10-02T03:45:09.253Z,2026-09-29T12:21:11.232Z,7
DEMO-DEV-2228,499,2022-10-05T14:15:14.976Z,2026-09-27T20:16:34.785Z,7
DEMO-DEV-2352,499,2022-10-01T14:40:19.792Z,2026-09-17T16:31:35.446Z,7
DEMO-DEV-2460,499,2022-10-02T00:27:41.836Z,2026-09-27T03:04:52.298Z,7
DEMO-DEV-2618,499,2022-10-03T07:23:19.511Z,2026-09-25T18:33:49.497Z,7
DEMO-DEV-2623,499,2022-10-01T13:48:31.090Z,2026-09-29T20:13:44.205Z,7
DEMO-DEV-2755,499,2022-10-04T03:46:45.989Z,2026-09-21T16:10:31.836Z,6
DEMO-DEV-2758,499,2022-10-04T06:57:32.605Z,2026-09-26T14:54:19.289Z,7
DEMO-DEV-2773,499,2022-10-06T22:54:45.865Z,2026-09-25T14:21:15.442Z,6
DEMO-DEV-2776,499,2022-10-01T11:34:05.873Z,2026-09-22T04:13:09.692Z,7
DEMO-DEV-2905,499,2022-10-04T11:30:48.239Z,2026-09-26T15:17:37.232Z,7
DEMO-DEV-2957,499,2022-10-01T22:16:41.605Z,2026-09-29T01:31:07.974Z,6
DEMO-DEV-2972,499,2022-10-04T04:39:28.584Z,2026-09-29T13:13:50.884Z,6
DEMO-DEV-3103,499,2022-10-08T17:08:34.914Z,2026-09-24T02:33:43.300Z,7
DEMO-DEV-3120,499,2022-10-07T15:52:49.366Z,2026-09-30T01:12:52.027Z,6
DEMO-DEV-3162,499,2022-10-07T07:01:17.524Z,2026-09-27T22:26:14.003Z,7
DEMO-DEV-3167,499,2022-10-02T19:29:34.308Z,2026-09-25T04:42:57.021Z,7
DEMO-DEV-3319,499,2022-10-02T13:24:50.253Z,2026-09-27T15:28:08.224Z,7
DEMO-DEV-3320,499,2022-10-02T02:09:21.653Z,2026-09-22T13:42:48.778Z,6
DEMO-DEV-3405,499,2022-10-02T00:37:04.682Z,2026-09-29T08:27:12.045Z,6
DEMO-DEV-3517,499,2022-10-03T05:21:31.287Z,2026-09-15T04:58:43.192Z,7
DEMO-DEV-3606,499,2022-10-02T05:16:25.250Z,2026-09-23T20:46:44.428Z,6
DEMO-DEV-4011,499,2022-10-02T22:24:12.618Z,2026-09-28T15:49:13.915Z,7
DEMO-DEV-4028,499,2022-10-02T13:01:15.825Z,2026-09-29T17:22:43.345Z,6
DEMO-DEV-4090,499,2022-10-02T08:47:37.023Z,2026-09-30T06:53:29.785Z,7
DEMO-DEV-4205,499,2022-10-01T14:44:36.087Z,2026-09-29T21:28:46.873Z,7
DEMO-DEV-4324,499,2022-10-05T02:48:05.161Z,2026-09-28T01:48:37.291Z,7
DEMO-DEV-4328,499,2022-10-02T01:27:11.879Z,2026-09-29T18:55:55.785Z,7
DEMO-DEV-4379,499,2022-10-06T17:51:36.527Z,2026-09-27T10:42:31.026Z,7
DEMO-DEV-4387,499,2022-10-01T09:50:09.368Z,2026-09-29T22:12:36.825Z,7
DEMO-DEV-4413,499,2022-10-05T20:02:01.253Z,2026-09-30T02:47:46.308Z,6
DEMO-DEV-4468,499,2022-10-01T15:52:53.974Z,2026-09-27T20:14:36.985Z,6
DEMO-DEV-4486,499,2022-10-03T16:50:25.975Z,2026-09-27T20:13:07.077Z,6
DEMO-DEV-4515,499,2022-10-06T00:32:56.232Z,2026-09-24T08:30:04.929Z,7
DEMO-DEV-4530,499,2022-10-06T07:30:06.302Z,2026-09-24T17:28:03.806Z,6
DEMO-DEV-4553,499,2022-10-09T09:05:53.727Z,2026-09-30T03:07:38.203Z,6
DEMO-DEV-4611,499,2022-10-02T15:46:13.428Z,2026-09-20T16:32:15.208Z,7
DEMO-DEV-4615,499,2022-10-02T19:09:34.023Z,2026-09-19T02:32:27.555Z,6
DEMO-DEV-4621,499,2022-10-02T14:00:22.403Z,2026-09-28T13:28:17.557Z,7
DEMO-DEV-4631,499,2022-10-02T02:52:16.370Z,2026-09-29T03:30:09.719Z,6
DEMO-DEV-4690,499,2022-10-01T20:52:27.234Z,2026-09-29T04:15:47.843Z,7
DEMO-DEV-4789,499,2022-10-06T23:29:17.989Z,2026-09-24T05:28:37.337Z,7
DEMO-DEV-4793,499,2022-10-02T06:02:12.428Z,2026-09-30T03:11:16.366Z,7
DEMO-DEV-4828,499,2022-10-03T17:45:29.765Z,2026-09-30T01:03:04.368Z,6
DEMO-DEV-4835,499,2022-10-03T22:45:34.352Z,2026-09-29T04:22:00.867Z,7
DEMO-DEV-4860,499,2022-10-01T12:45:18.949Z,2026-09-27T21:31:26.806Z,7
DEMO-DEV-4879,499,2022-10-03T23:07:05.014Z,2026-09-28T21:49:59.754Z,7
DEMO-DEV-4897,499,2022-10-04T10:27:18.993Z,2026-09-25T22:42:43.817Z,6
DEMO-DEV-4955,499,2022-10-01T10:44:31.786Z,2026-09-28T15:50:01.003Z,7
DEMO-DEV-5275,499,2022-10-04T20:00:58.150Z,2026-09-28T14:17:53.037Z,6
DEMO-DEV-5280,499,2022-10-02T22:06:55.859Z,2026-09-25T08:17:50.397Z,7
DEMO-DEV-5396,499,2022-10-02T22:15:07.308Z,2026-09-29T02:10:50.239Z,7
DEMO-DEV-5422,499,2022-10-04T13:29:38.003Z,2026-09-28T17:43:07.591Z,6
DEMO-DEV-5501,499,2022-10-01T21:43:51.612Z,2026-09-26T14:13:48.470Z,6
DEMO-DEV-5535,499,2022-10-01T11:54:54.974Z,2026-09-22T22:59:41.205Z,7
DEMO-DEV-5552,499,2022-10-02T16:55:15.368Z,2026-09-25T21:39:30.618Z,6
DEMO-DEV-5636,499,2022-10-02T09:06:56.291Z,2026-09-22T17:14:40.160Z,7
DEMO-DEV-5804,499,2022-10-02T08:30:52.167Z,2026-09-27T11:34:07.612Z,7
DEMO-DEV-5812,499,2022-10-12T07:31:46.682Z,2026-09-30T07:47:54.692Z,7
DEMO-DEV-5847,499,2022-10-01T14:45:44.825Z,2026-09-29T13:39:53.027Z,7
DEMO-DEV-6024,499,2022-10-03T07:05:56.636Z,2026-09-24T13:41:29.063Z,6
DEMO-DEV-6026,499,2022-10-07T02:34:28.969Z,2026-09-23T22:56:27.037Z,7
DEMO-DEV-6091,499,2022-10-09T02:33:48.948Z,2026-09-29T19:47:18.524Z,7
DEMO-DEV-6206,499,2022-10-09T03:14:58.298Z,2026-09-27T14:01:04.370Z,7
DEMO-DEV-6236,499,2022-10-04T10:21:12.470Z,2026-09-30T07:20:14.778Z,6
DEMO-DEV-6268,499,2022-10-01T20:50:54.618Z,2026-09-30T03:06:47.885Z,7
DEMO-DEV-6318,499,2022-10-12T04:31:27.289Z,2026-09-27T07:27:47.302Z,6
DEMO-DEV-6345,499,2022-10-01T22:59:55.799Z,2026-09-29T16:47:16.272Z,7
DEMO-DEV-6351,499,2022-10-02T12:26:47.976Z,2026-09-27T14:30:44.252Z,7
DEMO-DEV-6384,499,2022-10-05T02:08:26.120Z,2026-09-26T20:05:50.190Z,7
DEMO-DEV-6465,499,2022-10-02T00:44:38.368Z,2026-09-29T06:29:43.268Z,6
DEMO-DEV-6502,499,2022-10-08T13:46:29.846Z,2026-09-28T12:02:16.252Z,7
DEMO-DEV-6546,499,2022-10-04T01:31:26.225Z,2026-09-18T18:13:39.080Z,7
DEMO-DEV-6596,499,2022-10-05T22:40:35.929Z,2026-09-25T00:28:13.557Z,6
DEMO-DEV-6671,499,2022-10-02T07:47:50.203Z,2026-09-28T21:04:23.655Z,6
DEMO-DEV-6684,499,2022-10-02T09:34:01.298Z,2026-09-30T08:08:40.646Z,6
DEMO-DEV-6744,499,2022-10-02T21:16:54.167Z,2026-09-28T01:41:17.839Z,6
DEMO-DEV-6792,499,2022-10-01T22:08:24.225Z,2026-09-30T04:58:35.298Z,7
DEMO-DEV-6844,499,2022-10-10T22:06:13.302Z,2026-09-27T17:22:42.155Z,6
DEMO-DEV-6861,499,2022-10-01T20:41:58.917Z,2026-09-23T15:21:49.455Z,6
DEMO-DEV-6876,499,2022-10-03T07:56:09.778Z,2026-09-21T06:08:46.497Z,7
DEMO-DEV-6901,499,2022-10-03T04:35:20.204Z,2026-09-28T04:45:42.370Z,7
DEMO-DEV-6916,499,2022-10-04T15:21:20.948Z,2026-09-25T01:48:43.993Z,6
DEMO-DEV-7127,499,2022-10-02T17:19:13.666Z,2026-09-26T03:30:35.415Z,6
DEMO-DEV-7195,499,2022-10-07T03:32:32.527Z,2026-09-29T18:39:28.976Z,6
DEMO-DEV-7337,499,2022-10-02T05:46:07.914Z,2026-09-27T02:29:54.846Z,6
DEMO-DEV-7346,499,2022-10-01T22:01:52.612Z,2026-09-29T20:07:32.300Z,6
DEMO-DEV-7405,499,2022-10-04T23:03:22.612Z,2026-09-25T18:26:30.806Z,6
DEMO-DEV-7469,499,2022-10-03T07:45:47.234Z,2026-09-27T09:44:59.221Z,6
DEMO-DEV-7573,499,2022-10-01T18:24:24.354Z,2026-09-28T13:28:10.368Z,7
DEMO-DEV-7644,499,2022-10-02T01:54:05.653Z,2026-09-29T13:39:27.846Z,7
DEMO-DEV-7666,499,2022-10-02T10:01:06.004Z,2026-09-28T17:40:31.966Z,6
DEMO-DEV-7695,499,2022-10-01T22:10:27.968Z,2026-09-16T21:19:46.545Z,7
DEMO-DEV-7708,499,2022-10-06T18:23:38.168Z,2026-09-22T21:22:54.302Z,7
DEMO-DEV-7730,499,2022-10-01T12:47:46.884Z,2026-09-28T11:27:01.926Z,7
DEMO-DEV-7760,499,2022-10-02T00:48:51.785Z,2026-09-26T15:45:58.702Z,7
DEMO-DEV-7863,499,2022-10-04T15:36:20.989Z,2026-09-20T06:35:34.754Z,7
DEMO-DEV-7979,499,2022-10-03T20:27:25.307Z,2026-09-23T17:53:13.391Z,6
DEMO-DEV-8008,499,2022-10-03T23:59:45.714Z,2026-09-28T06:17:32.786Z,6
DEMO-DEV-8032,499,2022-10-04T18:14:07.992Z,2026-09-30T05:37:21.965Z,7
DEMO-DEV-8144,499,2022-10-04T17:28:53.090Z,2026-09-28T14:52:37.865Z,6
DEMO-DEV-8163,499,2022-10-01T18:23:09.390Z,2026-09-30T05:46:02.403Z,6
DEMO-DEV-8244,499,2022-10-06T11:28:05.403Z,2026-09-27T17:31:20.057Z,7
DEMO-DEV-8259,499,2022-10-02T13:44:34.370Z,2026-09-26T07:31:35.702Z,7
DEMO-DEV-8266,499,2022-10-02T08:25:11.513Z,2026-09-24T10:58:03.782Z,6
DEMO-DEV-8325,499,2022-10-06T17:42:59.139Z,2026-09-25T22:00:06.368Z,7
DEMO-DEV-8498,499,2022-10-03T22:33:15.915Z,2026-09-28T01:36:41.409Z,7
DEMO-DEV-8647,499,2022-10-03T21:13:42.446Z,2026-09-30T04:04:04.765Z,7
DEMO-DEV-8697,499,2022-10-06T17:12:08.795Z,2026-09-26T10:22:04.173Z,6
DEMO-DEV-8717,499,2022-10-02T01:02:43.073Z,2026-09-28T23:58:20.688Z,7
DEMO-DEV-8722,499,2022-10-03T15:11:04.846Z,2026-09-28T10:25:19.754Z,6
DEMO-DEV-8748,499,2022-10-05T04:12:15.291Z,2026-09-29T12:45:01.254Z,6
DEMO-DEV-8754,499,2022-10-01T22:26:41.639Z,2026-09-27T21:53:09.428Z,7
DEMO-DEV-8771,499,2022-10-01T18:10:15.225Z,2026-09-28T17:07:54.646Z,6
DEMO-DEV-8793,499,2022-10-01T14:40:51.472Z,2026-09-27T06:32:00.368Z,7
DEMO-DEV-8834,499,2022-10-06T17:40:14.370Z,2026-09-29T23:59:40.442Z,6
DEMO-DEV-8873,499,2022-10-02T07:46:38.884Z,2026-09-30T07:16:16.511Z,6
DEMO-DEV-8916,499,2022-10-10T16:18:45.682Z,2026-09-30T05:57:39.190Z,6
DEMO-DEV-8965,499,2022-10-02T16:01:56.037Z,2026-09-25T17:03:51.555Z,6
DEMO-DEV-9001,499,2022-10-01T22:20:24.189Z,2026-09-25T08:00:02.038Z,7
DEMO-DEV-9037,499,2022-10-02T17:43:13.974Z,2026-09-30T05:17:09.863Z,7
DEMO-DEV-9049,499,2022-10-06T01:23:08.155Z,2026-09-28T12:49:50.315Z,7
DEMO-DEV-9092,499,2022-10-02T14:14:41.087Z,2026-09-30T00:30:59.224Z,7
DEMO-DEV-9118,499,2022-10-02T00:45:08.040Z,2026-09-27T02:19:44.155Z,7
DEMO-DEV-9212,499,2022-10-03T04:59:43.026Z,2026-09-29T13:18:43.298Z,6
DEMO-DEV-9257,499,2022-10-01T23:16:22.394Z,2026-09-28T00:33:40.307Z,6
DEMO-DEV-9307,499,2022-10-04T19:45:46.710Z,2026-09-25T16:33:42.682Z,7
DEMO-DEV-9484,499,2022-10-13T04:47:40.470Z,2026-09-28T10:23:13.519Z,7
DEMO-DEV-9566,499,2022-10-09T10:23:32.352Z,2026-09-24T10:51:37.075Z,7
DEMO-DEV-9574,499,2022-10-04T06:54:50.253Z,2026-09-25T12:20:24.192Z,7
DEMO-DEV-9642,499,2022-10-04T14:35:48.799Z,2026-09-29T15:47:40.038Z,7
DEMO-DEV-9724,499,2022-10-07T17:07:26.556Z,2026-09-27T02:07:30.524Z,7
DEMO-DEV-9786,499,2022-10-02T03:36:01.885Z,2026-09-27T21:01:57.345Z,6
DEMO-DEV-9797,499,2022-10-02T12:27:20.253Z,2026-09-28T09:21:20.442Z,7
DEMO-DEV-9874,499,2022-10-03T00:07:31.466Z,2026-09-22T13:43:26.607Z,7
DEMO-DEV-9898,499,2022-10-01T12:55:42.636Z,2026-09-26T09:28:14.167Z,6
DEMO-DEV-9997,499,2022-10-01T18:36:10.203Z,2026-09-29T04:24:55.370Z,7
DEMO-DEV-9999,499,2022-10-03T10:47:04.446Z,2026-09-24T18:43:51.068Z,6
DEMO-DEV-0046,498,2022-10-02T06:03:52.460Z,2026-09-28T13:54:53.519Z,6
DEMO-DEV-0060,498,2022-10-07T07:28:10.077Z,2026-09-28T08:30:16.584Z,6
DEMO-DEV-0180,498,2022-10-02T03:53:21.246Z,2026-09-24T04:00:28.817Z,7
DEMO-DEV-0216,498,2022-10-02T15:16:03.727Z,2026-09-23T07:21:42.836Z,7
DEMO-DEV-0304,498,2022-10-03T05:23:31.859Z,2026-09-28T19:28:53.325Z,7
DEMO-DEV-0354,498,2022-10-05T02:03:15.648Z,2026-09-18T22:47:26.639Z,7
DEMO-DEV-0429,498,2022-10-05T15:23:11.688Z,2026-09-30T03:16:43.183Z,6
DEMO-DEV-0470,498,2022-10-05T08:43:49.272Z,2026-09-17T19:17:58.784Z,5
DEMO-DEV-0575,498,2022-10-06T11:53:06.224Z,2026-09-29T14:27:12.397Z,7
DEMO-DEV-0577,498,2022-10-06T10:01:09.578Z,2026-09-26T00:39:36.879Z,7
DEMO-DEV-0645,498,2022-10-01T10:19:09.989Z,2026-09-30T04:47:29.497Z,6
DEMO-DEV-0654,498,2022-10-01T15:24:29.584Z,2026-09-29T16:58:20.319Z,7
DEMO-DEV-0746,498,2022-10-03T15:07:19.038Z,2026-09-30T08:09:38.612Z,5
DEMO-DEV-0773,498,2022-10-05T04:41:16.738Z,2026-09-30T08:00:12.268Z,7
DEMO-DEV-0840,498,2022-10-01T15:20:47.221Z,2026-09-27T15:54:02.172Z,6
DEMO-DEV-0872,498,2022-10-02T08:11:42.784Z,2026-09-30T06:43:32.225Z,6
DEMO-DEV-1010,498,2022-10-02T01:00:34.785Z,2026-09-28T22:51:50.505Z,6
DEMO-DEV-1084,498,2022-10-13T16:19:16.864Z,2026-09-28T05:29:19.864Z,6
DEMO-DEV-1092,498,2022-10-01T18:13:35.225Z,2026-09-29T00:52:50.428Z,7
DEMO-DEV-1119,498,2022-10-02T20:43:14.607Z,2026-09-29T13:30:01.799Z,7
DEMO-DEV-1128,498,2022-10-01T16:26:52.368Z,2026-09-25T23:54:46.087Z,7
DEMO-DEV-1160,498,2022-10-07T18:45:01.786Z,2026-09-29T13:12:23.842Z,7
DEMO-DEV-1203,498,2022-10-15T01:33:37.204Z,2026-09-21T04:15:34.605Z,7
DEMO-DEV-1339,498,2022-10-03T03:40:57.428Z,2026-09-24T22:41:15.337Z,6
DEMO-DEV-1386,498,2022-10-01T19:52:42.785Z,2026-09-29T02:41:40.976Z,6
DEMO-DEV-1423,498,2022-10-02T23:48:35.254Z,2026-09-24T22:42:35.291Z,7
DEMO-DEV-1446,498,2022-10-05T01:22:35.842Z,2026-09-27T22:14:27.949Z,7
DEMO-DEV-1457,498,2022-10-01T08:23:04.222Z,2026-09-30T07:02:35.784Z,6
DEMO-DEV-1460,498,2022-10-07T15:33:48.639Z,2026-09-29T18:13:58.655Z,6
DEMO-DEV-1556,498,2022-10-02T17:58:56.087Z,2026-09-30T06:13:19.462Z,7
DEMO-DEV-1595,498,2022-10-03T00:02:08.023Z,2026-09-30T05:59:00.803Z,6
DEMO-DEV-1604,498,2022-10-12T05:49:33.298Z,2026-09-30T08:23:27.612Z,7
DEMO-DEV-1672,498,2022-10-03T00:15:37.784Z,2026-09-28T12:52:24.825Z,7
DEMO-DEV-1680,498,2022-10-06T08:07:14.639Z,2026-09-28T09:05:57.825Z,6
DEMO-DEV-1885,498,2022-10-05T13:50:03.252Z,2026-09-29T14:14:43.090Z,6
DEMO-DEV-1914,498,2022-10-05T10:26:33.811Z,2026-09-28T18:03:01.719Z,7
DEMO-DEV-2076,498,2022-10-03T01:19:49.511Z,2026-09-29T22:01:40.073Z,6
DEMO-DEV-2173,498,2022-10-01T20:13:08.403Z,2026-09-28T12:55:58.288Z,7
DEMO-DEV-2236,498,2022-10-04T15:37:43.636Z,2026-09-30T00:28:40.203Z,6
DEMO-DEV-2323,498,2022-10-02T07:45:45.205Z,2026-09-22T00:46:22.926Z,7
DEMO-DEV-2324,498,2022-10-01T17:41:32.402Z,2026-09-26T12:32:47.021Z,6
DEMO-DEV-2331,498,2022-10-07T22:06:36.211Z,2026-09-28T03:50:43.688Z,7
DEMO-DEV-2355,498,2022-10-02T13:05:01.778Z,2026-09-28T04:33:08.969Z,6
DEMO-DEV-2396,498,2022-10-01T11:29:27.892Z,2026-09-29T09:09:55.120Z,7
DEMO-DEV-2410,498,2022-10-09T14:06:32.354Z,2026-09-28T20:12:38.965Z,6
DEMO-DEV-2567,498,2022-10-01T19:24:18.993Z,2026-09-30T03:41:12.221Z,7
DEMO-DEV-2642,498,2022-10-03T02:25:18.795Z,2026-09-30T00:58:10.038Z,6
DEMO-DEV-2645,498,2022-10-01T23:15:43.236Z,2026-09-14T05:46:31.221Z,7
DEMO-DEV-2739,498,2022-10-02T11:49:28.884Z,2026-09-27T01:40:37.123Z,7
DEMO-DEV-2791,498,2022-10-09T02:20:01.867Z,2026-09-29T05:11:27.614Z,7
DEMO-DEV-2807,498,2022-10-01T10:51:45.891Z,2026-09-27T04:34:43.298Z,7
DEMO-DEV-2912,498,2022-10-05T16:46:51.646Z,2026-09-27T10:45:37.409Z,7
DEMO-DEV-2935,498,2022-10-01T18:09:16.238Z,2026-09-29T03:19:49.865Z,7
DEMO-DEV-3036,498,2022-10-02T15:27:12.793Z,2026-09-29T14:04:07.976Z,7
DEMO-DEV-3043,498,2022-10-03T22:06:43.965Z,2026-09-28T10:44:01.291Z,7
DEMO-DEV-3134,498,2022-10-02T20:04:08.183Z,2026-09-26T12:56:13.308Z,6
DEMO-DEV-3176,498,2022-10-06T11:40:10.497Z,2026-09-30T06:48:53.968Z,7
DEMO-DEV-3232,498,2022-10-06T00:54:02.948Z,2026-09-23T13:28:50.325Z,6
DEMO-DEV-3263,498,2022-10-12T19:56:09.599Z,2026-09-24T05:11:03.472Z,7
DEMO-DEV-3271,498,2022-10-03T19:53:21.161Z,2026-09-29T17:15:28.584Z,6
DEMO-DEV-3284,498,2022-10-04T06:51:24.315Z,2026-09-28T21:53:43.519Z,6
DEMO-DEV-3347,498,2022-10-02T12:18:01.291Z,2026-09-29T19:17:37.023Z,6
DEMO-DEV-3461,498,2022-10-02T21:12:59.354Z,2026-09-28T14:54:44.192Z,6
DEMO-DEV-3528,498,2022-10-03T06:17:39.949Z,2026-09-24T14:52:42.599Z,7
DEMO-DEV-3548,498,2022-10-01T10:25:23.238Z,2026-09-29T12:46:23.870Z,7
DEMO-DEV-3588,498,2022-10-04T11:25:28.365Z,2026-09-29T07:22:50.639Z,6
DEMO-DEV-3607,498,2022-10-03T09:05:32.370Z,2026-09-29T03:36:09.817Z,7
DEMO-DEV-3614,498,2022-10-01T21:00:56.221Z,2026-09-25T03:54:09.155Z,7
DEMO-DEV-3664,498,2022-10-01T10:24:16.666Z,2026-09-28T05:52:39.688Z,7
DEMO-DEV-3692,498,2022-10-01T11:36:21.315Z,2026-09-24T10:02:02.040Z,6
DEMO-DEV-3794,498,2022-10-17T15:01:50.236Z,2026-09-26T05:33:40.397Z,7
DEMO-DEV-3808,498,2022-10-01T11:17:59.597Z,2026-09-29T07:12:56.470Z,7
DEMO-DEV-3813,498,2022-10-08T05:07:05.345Z,2026-09-29T11:41:24.120Z,7
DEMO-DEV-3861,498,2022-10-15T15:06:03.648Z,2026-09-30T05:10:36.236Z,7
DEMO-DEV-3909,498,2022-10-02T23:41:14.668Z,2026-09-23T14:11:45.368Z,6
DEMO-DEV-3932,498,2022-10-04T06:14:39.232Z,2026-09-28T10:07:08.682Z,7
DEMO-DEV-3954,498,2022-10-03T11:37:13.658Z,2026-09-26T17:38:42.026Z,6
DEMO-DEV-3978,498,2022-10-01T20:41:08.208Z,2026-09-28T22:09:47.605Z,7
DEMO-DEV-4000,498,2022-10-05T12:46:45.203Z,2026-09-22T03:05:14.252Z,6
DEMO-DEV-4026,498,2022-10-02T07:27:11.508Z,2026-09-30T01:10:03.203Z,6
DEMO-DEV-4072,498,2022-10-02T12:01:45.792Z,2026-09-30T07:17:08.239Z,7
DEMO-DEV-4222,498,2022-10-04T14:34:33.913Z,2026-09-30T06:56:10.885Z,6
DEMO-DEV-4253,498,2022-10-07T09:55:36.272Z,2026-09-20T21:57:23.409Z,7
DEMO-DEV-4303,498,2022-10-01T14:30:49.080Z,2026-09-29T18:11:35.219Z,6
DEMO-DEV-4327,498,2022-10-04T07:15:04.817Z,2026-09-29T17:56:09.204Z,7
DEMO-DEV-4397,498,2022-10-02T16:51:15.172Z,2026-09-27T13:34:39.806Z,6
DEMO-DEV-4448,498,2022-10-04T08:00:57.238Z,2026-09-23T22:54:59.068Z,7
DEMO-DEV-4671,498,2022-10-03T10:13:53.409Z,2026-09-28T11:05:11.863Z,7
DEMO-DEV-4724,498,2022-10-11T14:33:06.173Z,2026-09-29T06:34:05.702Z,7
DEMO-DEV-4781,498,2022-10-01T16:08:12.239Z,2026-09-25T17:18:13.497Z,7
DEMO-DEV-4803,498,2022-10-02T06:21:50.653Z,2026-09-26T22:59:17.950Z,6
DEMO-DEV-4866,498,2022-10-01T20:47:11.354Z,2026-09-29T21:30:38.073Z,7
DEMO-DEV-4950,498,2022-10-02T12:06:12.040Z,2026-09-24T21:30:32.915Z,6
DEMO-DEV-4954,498,2022-10-10T23:46:43.250Z,2026-09-30T05:01:54.803Z,7
DEMO-DEV-4970,498,2022-10-02T20:03:18.500Z,2026-09-25T02:03:54.226Z,5
DEMO-DEV-4996,498,2022-10-03T12:49:34.211Z,2026-09-29T02:34:37.485Z,6
DEMO-DEV-5067,498,2022-10-03T00:46:24.225Z,2026-09-29T22:00:49.719Z,7
DEMO-DEV-5139,498,2022-10-07T13:38:44.799Z,2026-09-27T07:26:14.023Z,6
DEMO-DEV-5178,498,2022-10-02T20:21:00.817Z,2026-09-29T19:41:33.568Z,7
DEMO-DEV-5255,498,2022-10-05T04:01:46.646Z,2026-09-29T15:39:39.073Z,7
DEMO-DEV-5357,498,2022-10-03T12:28:32.172Z,2026-09-27T04:04:39.024Z,7
DEMO-DEV-5369,498,2022-10-04T05:27:49.409Z,2026-09-28T21:54:48.806Z,6
DEMO-DEV-5435,498,2022-10-01T08:37:32.037Z,2026-09-27T17:42:14.692Z,7
DEMO-DEV-5447,498,2022-10-01T08:23:58.460Z,2026-09-23T01:30:27.138Z,7
DEMO-DEV-5500,498,2022-10-02T16:02:16.968Z,2026-09-24T06:42:38.211Z,7
DEMO-DEV-5506,498,2022-10-02T01:14:01.087Z,2026-09-24T02:39:11.015Z,6
DEMO-DEV-5522,498,2022-10-02T13:01:41.168Z,2026-09-29T11:51:03.394Z,6
DEMO-DEV-5533,498,2022-10-08T01:19:35.298Z,2026-09-25T13:53:09.778Z,6
DEMO-DEV-5549,498,2022-10-06T10:15:21.246Z,2026-09-28T12:14:08.836Z,7
DEMO-DEV-5709,498,2022-10-02T06:41:35.612Z,2026-09-28T04:11:47.307Z,6
DEMO-DEV-5713,498,2022-10-02T06:46:52.428Z,2026-09-20T12:07:38.219Z,6
DEMO-DEV-5730,498,2022-10-02T15:17:00.738Z,2026-09-27T13:28:24.527Z,7
DEMO-DEV-5807,498,2022-10-02T19:57:15.811Z,2026-09-28T11:16:25.302Z,7
DEMO-DEV-5868,498,2022-10-02T07:46:45.391Z,2026-09-29T06:46:42.500Z,7
DEMO-DEV-5990,498,2022-10-03T20:39:30.846Z,2026-09-28T11:35:33.843Z,7
DEMO-DEV-5997,498,2022-10-03T14:41:15.817Z,2026-09-29T11:18:31.555Z,7
DEMO-DEV-6050,498,2022-10-02T10:24:01.397Z,2026-09-29T04:34:57.289Z,7
DEMO-DEV-6153,498,2022-10-01T17:38:59.470Z,2026-09-28T05:03:26.618Z,6
DEMO-DEV-6160,498,2022-10-02T21:11:04.390Z,2026-09-26T02:50:27.974Z,5
DEMO-DEV-6169,498,2022-10-02T03:39:12.811Z,2026-09-26T13:34:18.080Z,7
DEMO-DEV-6181,498,2022-10-03T16:51:56.825Z,2026-09-26T00:11:50.120Z,7
DEMO-DEV-6186,498,2022-10-02T13:12:09.993Z,2026-09-26T18:23:44.870Z,7
DEMO-DEV-6285,498,2022-10-02T09:49:50.168Z,2026-09-29T17:12:22.969Z,7
DEMO-DEV-6366,498,2022-10-01T16:28:20.914Z,2026-09-28T18:15:44.455Z,7
DEMO-DEV-6405,498,2022-10-08T18:43:45.985Z,2026-09-29T16:20:14.183Z,7
DEMO-DEV-6524,498,2022-10-08T14:18:08.816Z,2026-09-28T04:55:45.150Z,6
DEMO-DEV-6556,498,2022-10-03T00:01:32.357Z,2026-09-22T16:00:46.914Z,7
DEMO-DEV-6597,498,2022-10-06T09:34:46.843Z,2026-09-29T05:14:42.455Z,7
DEMO-DEV-6630,498,2022-10-02T00:40:37.224Z,2026-09-28T05:31:45.264Z,6
DEMO-DEV-6688,498,2022-10-01T08:26:28.189Z,2026-09-29T03:48:06.666Z,7
DEMO-DEV-6691,498,2022-10-06T16:48:13.023Z,2026-09-29T03:48:48.287Z,7
DEMO-DEV-6704,498,2022-10-06T23:38:33.415Z,2026-09-26T13:45:38.253Z,7
DEMO-DEV-6714,498,2022-10-03T10:27:33.816Z,2026-09-27T11:10:08.203Z,6
DEMO-DEV-6769,498,2022-10-07T16:28:42.811Z,2026-09-29T06:47:32.719Z,7
DEMO-DEV-6780,498,2022-10-06T09:33:48.167Z,2026-09-29T05:34:38.985Z,7
DEMO-DEV-6837,498,2022-10-05T23:42:10.524Z,2026-09-20T22:20:47.578Z,7
DEMO-DEV-6904,498,2022-10-04T09:30:50.354Z,2026-09-30T07:35:26.503Z,7
DEMO-DEV-6910,498,2022-10-06T02:01:24.556Z,2026-09-26T07:23:39.692Z,7
DEMO-DEV-6945,498,2022-10-02T08:52:41.811Z,2026-09-28T11:01:50.867Z,7
DEMO-DEV-6946,498,2022-10-03T20:24:54.727Z,2026-09-28T19:52:50.368Z,7
DEMO-DEV-7011,498,2022-10-02T22:10:53.914Z,2026-09-30T01:52:53.917Z,7
DEMO-DEV-7042,498,2022-10-02T00:51:59.555Z,2026-09-30T01:35:30.337Z,7
DEMO-DEV-7048,498,2022-10-06T21:22:38.519Z,2026-09-15T16:42:31.968Z,6
DEMO-DEV-7171,498,2022-10-07T13:28:01.885Z,2026-09-29T23:01:18.183Z,6
DEMO-DEV-7203,498,2022-10-05T14:41:55.985Z,2026-09-29T00:51:22.057Z,7
DEMO-DEV-7210,498,2022-10-05T13:01:49.885Z,2026-09-27T07:27:33.917Z,7
DEMO-DEV-7243,498,2022-10-02T07:50:53.584Z,2026-09-23T12:46:47.989Z,7
DEMO-DEV-7320,498,2022-10-07T05:28:16.250Z,2026-09-27T00:21:18.884Z,6
DEMO-DEV-7326,498,2022-10-02T10:24:02.485Z,2026-09-27T05:42:21.653Z,6
DEMO-DEV-7434,498,2022-10-03T15:18:20.155Z,2026-09-30T05:47:31.387Z,7
DEMO-DEV-7533,498,2022-10-01T18:01:50.204Z,2026-09-28T12:47:40.403Z,7
DEMO-DEV-7542,498,2022-10-01T16:49:07.841Z,2026-09-25T14:53:29.503Z,6
DEMO-DEV-7658,498,2022-10-04T21:27:52.354Z,2026-09-28T07:45:37.949Z,7
DEMO-DEV-7727,498,2022-10-02T03:54:09.892Z,2026-09-26T04:06:05.023Z,6
DEMO-DEV-7739,498,2022-10-03T03:13:31.155Z,2026-09-28T17:53:47.307Z,7
DEMO-DEV-7756,498,2022-10-01T14:48:30.155Z,2026-09-29T04:37:34.556Z,7
DEMO-DEV-7777,498,2022-10-06T05:05:10.804Z,2026-09-30T06:49:46.836Z,7
DEMO-DEV-7875,498,2022-10-01T18:47:27.867Z,2026-09-29T22:36:01.264Z,7
DEMO-DEV-8150,498,2022-10-01T23:53:03.648Z,2026-09-28T02:48:10.325Z,7
DEMO-DEV-8186,498,2022-10-01T13:53:09.319Z,2026-09-27T11:01:54.315Z,7
DEMO-DEV-8191,498,2022-10-02T03:38:28.636Z,2026-09-23T00:53:08.345Z,6
DEMO-DEV-8264,498,2022-10-01T11:49:27.966Z,2026-09-29T20:51:19.288Z,7
DEMO-DEV-8283,498,2022-10-01T21:17:35.915Z,2026-09-30T01:21:23.612Z,7
DEMO-DEV-8295,498,2022-10-01T18:44:53.612Z,2026-09-25T02:36:28.204Z,7
DEMO-DEV-8335,498,2022-10-01T11:37:25.204Z,2026-09-25T15:01:48.466Z,7
DEMO-DEV-8409,498,2022-10-04T18:49:58.948Z,2026-09-16T00:35:03.080Z,6
DEMO-DEV-8485,498,2022-10-05T05:54:32.192Z,2026-09-30T06:57:51.123Z,6
DEMO-DEV-8496,498,2022-10-11T21:07:23.929Z,2026-09-28T03:46:08.599Z,7
DEMO-DEV-8566,498,2022-10-03T12:07:15.466Z,2026-09-28T21:43:50.443Z,6
DEMO-DEV-8603,498,2022-10-02T07:17:53.591Z,2026-09-23T05:17:57.989Z,7
DEMO-DEV-8620,498,2022-10-01T12:05:43.867Z,2026-09-30T06:17:03.666Z,7
DEMO-DEV-8687,498,2022-10-01T12:15:20.222Z,2026-09-29T10:30:53.204Z,7
DEMO-DEV-8822,498,2022-10-04T00:10:38.926Z,2026-09-23T10:51:49.839Z,7
DEMO-DEV-8859,498,2022-10-05T05:58:24.300Z,2026-09-27T09:51:47.073Z,7
DEMO-DEV-9102,498,2022-10-02T12:20:58.160Z,2026-09-27T05:39:33.864Z,7
DEMO-DEV-9405,498,2022-10-04T11:17:52.555Z,2026-09-29T08:34:48.505Z,7
DEMO-DEV-9414,498,2022-10-02T08:11:31.688Z,2026-09-30T07:03:03.455Z,7
DEMO-DEV-9493,498,2022-10-01T23:14:41.639Z,2026-09-22T05:46:28.138Z,7
DEMO-DEV-9639,498,2022-10-07T16:44:31.535Z,2026-09-30T05:44:12.863Z,7
DEMO-DEV-9687,498,2022-10-02T20:01:14.555Z,2026-09-28T16:38:32.415Z,7
DEMO-DEV-9716,498,2022-10-01T10:52:38.352Z,2026-09-29T01:08:14.527Z,7
DEMO-DEV-9853,498,2022-10-01T16:07:23.926Z,2026-09-29T21:08:18.778Z,7
DEMO-DEV-9962,498,2022-10-01T18:48:03.524Z,2026-09-30T04:19:39.004Z,6
DEMO-DEV-0056,497,2022-10-03T23:46:42.167Z,2026-09-28T21:13:57.387Z,7
DEMO-DEV-0105,497,2022-10-02T20:57:14.063Z,2026-09-29T23:00:49.272Z,7
DEMO-DEV-0138,497,2022-10-01T20:04:40.859Z,2026-09-28T17:35:04.806Z,7
DEMO-DEV-0223,497,2022-10-04T18:42:19.682Z,2026-09-29T10:10:36.337Z,7
DEMO-DEV-0240,497,2022-10-01T23:28:00.836Z,2026-09-19T09:06:22.605Z,7
DEMO-DEV-0285,497,2022-10-02T03:41:42.806Z,2026-09-28T00:00:32.985Z,6
DEMO-DEV-0364,497,2022-10-01T13:16:26.190Z,2026-09-27T16:03:47.879Z,7
DEMO-DEV-0573,497,2022-10-04T22:35:54.614Z,2026-09-29T23:41:32.846Z,7
DEMO-DEV-0578,497,2022-10-08T12:25:55.139Z,2026-09-27T11:29:00.929Z,7
DEMO-DEV-0635,497,2022-10-03T11:28:36.524Z,2026-09-28T02:38:48.402Z,6
DEMO-DEV-0637,497,2022-10-01T17:05:35.023Z,2026-09-30T06:58:22.965Z,6
DEMO-DEV-0683,497,2022-10-02T11:39:57.655Z,2026-09-29T17:46:44.288Z,7
DEMO-DEV-0688,497,2022-10-03T07:06:27.607Z,2026-09-30T04:42:18.668Z,7
DEMO-DEV-0757,497,2022-10-08T13:29:45.211Z,2026-09-29T03:35:43.155Z,7
DEMO-DEV-0863,497,2022-10-05T12:25:34.599Z,2026-09-30T00:34:28.225Z,7
DEMO-DEV-0883,497,2022-10-02T04:34:02.289Z,2026-09-29T07:50:02.892Z,6
DEMO-DEV-0927,497,2022-10-10T02:01:07.710Z,2026-09-28T05:24:26.976Z,6
DEMO-DEV-1002,497,2022-10-02T00:05:21.500Z,2026-09-25T14:19:19.219Z,6
DEMO-DEV-1206,497,2022-10-04T13:35:05.527Z,2026-09-17T11:23:39.639Z,6
DEMO-DEV-1272,497,2022-10-02T04:49:56.688Z,2026-09-26T13:53:03.965Z,7
DEMO-DEV-1286,497,2022-10-01T19:40:28.658Z,2026-09-28T14:20:30.668Z,7
DEMO-DEV-1364,497,2022-10-01T22:49:11.221Z,2026-09-29T14:40:26.443Z,7
DEMO-DEV-1523,497,2022-10-02T15:30:55.661Z,2026-09-29T12:05:53.877Z,7
DEMO-DEV-1560,497,2022-10-03T02:14:32.508Z,2026-09-16T14:48:36.208Z,7
DEMO-DEV-1669,497,2022-10-04T10:48:21.167Z,2026-09-29T09:19:29.915Z,6
DEMO-DEV-1723,497,2022-10-10T08:03:51.403Z,2026-09-30T08:06:23.291Z,7
DEMO-DEV-1724,497,2022-10-03T15:48:58.867Z,2026-09-28T01:22:59.786Z,6
DEMO-DEV-1765,497,2022-10-02T19:31:33.302Z,2026-09-29T09:38:59.319Z,6
DEMO-DEV-1834,497,2022-10-02T13:13:33.508Z,2026-09-28T13:11:39.272Z,7
DEMO-DEV-1845,497,2022-10-03T02:12:28.298Z,2026-09-30T07:58:45.578Z,7
DEMO-DEV-1859,497,2022-10-01T16:57:52.513Z,2026-09-24T22:02:37.851Z,6
DEMO-DEV-1898,497,2022-10-02T16:19:32.226Z,2026-09-29T15:19:09.409Z,6
DEMO-DEV-1921,497,2022-10-05T06:26:35.203Z,2026-09-26T09:52:50.605Z,7
DEMO-DEV-1928,497,2022-10-02T09:20:38.785Z,2026-09-29T04:14:21.307Z,7
DEMO-DEV-1933,497,2022-10-03T20:41:30.974Z,2026-09-28T14:49:56.803Z,7
DEMO-DEV-1967,497,2022-10-03T04:25:13.868Z,2026-09-27T08:07:18.503Z,7
DEMO-DEV-1986,497,2022-10-01T15:47:46.232Z,2026-09-25T18:08:59.460Z,6
DEMO-DEV-2093,497,2022-10-01T09:18:14.859Z,2026-09-29T23:05:10.646Z,7
DEMO-DEV-2143,497,2022-10-04T20:12:13.913Z,2026-09-23T07:42:21.584Z,7
DEMO-DEV-2161,497,2022-10-01T11:36:11.366Z,2026-09-29T05:35:13.038Z,7
DEMO-DEV-2170,497,2022-10-16T04:15:56.513Z,2026-09-25T17:17:07.027Z,6
DEMO-DEV-2182,497,2022-10-08T23:58:39.879Z,2026-09-30T03:25:27.254Z,7
DEMO-DEV-2272,497,2022-10-02T00:31:31.597Z,2026-09-13T16:13:15.397Z,7
DEMO-DEV-2366,497,2022-10-08T07:03:24.165Z,2026-09-30T00:21:02.535Z,7
DEMO-DEV-2368,497,2022-10-01T23:52:40.599Z,2026-09-28T12:29:22.885Z,7
DEMO-DEV-2373,497,2022-10-13T15:06:11.803Z,2026-09-25T20:36:41.224Z,6
DEMO-DEV-2381,497,2022-10-05T03:22:42.289Z,2026-09-23T08:36:51.307Z,7
DEMO-DEV-2468,497,2022-10-03T20:56:36.948Z,2026-09-30T06:39:18.879Z,6
DEMO-DEV-2532,497,2022-10-04T18:30:49.307Z,2026-09-26T00:50:12.778Z,7
DEMO-DEV-2533,497,2022-10-02T17:36:27.948Z,2026-09-30T03:29:57.014Z,7
DEMO-DEV-2590,497,2022-10-03T05:43:45.221Z,2026-09-29T22:51:29.246Z,6
DEMO-DEV-2598,497,2022-10-02T19:31:48.868Z,2026-09-28T22:57:03.172Z,7
DEMO-DEV-2745,497,2022-10-05T05:16:04.527Z,2026-09-21T20:20:35.842Z,6
DEMO-DEV-2750,497,2022-10-07T12:47:24.068Z,2026-09-29T11:32:26.291Z,6
DEMO-DEV-2761,497,2022-10-04T22:18:21.319Z,2026-09-27T10:52:02.992Z,7
DEMO-DEV-2767,497,2022-10-03T03:30:41.040Z,2026-09-28T14:43:06.976Z,7
DEMO-DEV-2802,497,2022-10-03T16:24:47.485Z,2026-09-24T23:15:34.308Z,7
DEMO-DEV-2824,497,2022-10-06T05:41:16.584Z,2026-09-23T22:31:21.021Z,6
DEMO-DEV-2838,497,2022-10-02T02:11:16.816Z,2026-09-24T16:41:12.291Z,5
DEMO-DEV-2908,497,2022-10-04T02:44:29.239Z,2026-09-27T17:30:59.462Z,7
DEMO-DEV-2916,497,2022-10-03T09:46:20.298Z,2026-09-28T14:25:54.428Z,7
DEMO-DEV-2919,497,2022-10-04T08:34:22.208Z,2026-09-30T06:03:38.288Z,7
DEMO-DEV-2926,497,2022-10-03T16:53:45.885Z,2026-09-15T19:07:03.038Z,5
DEMO-DEV-3006,497,2022-10-07T14:14:54.120Z,2026-09-23T00:27:00.167Z,7
DEMO-DEV-3045,497,2022-10-08T03:54:00.037Z,2026-09-08T05:23:06.080Z,7
DEMO-DEV-3094,497,2022-10-18T04:13:40.403Z,2026-09-29T16:49:43.682Z,6
DEMO-DEV-3166,497,2022-10-01T18:48:32.926Z,2026-09-22T14:16:57.524Z,7
DEMO-DEV-3188,497,2022-10-04T08:30:53.727Z,2026-09-29T23:23:41.719Z,7
DEMO-DEV-3193,497,2022-10-01T11:03:03.264Z,2026-09-23T05:01:36.648Z,7
DEMO-DEV-3213,497,2022-10-02T02:37:05.949Z,2026-09-20T08:31:18.738Z,6
DEMO-DEV-3241,497,2022-10-02T16:28:08.460Z,2026-09-27T17:02:31.455Z,7
DEMO-DEV-3272,497,2022-10-02T00:26:08.021Z,2026-09-30T06:02:46.578Z,6
DEMO-DEV-3276,497,2022-10-02T12:17:24.505Z,2026-09-25T02:09:45.793Z,7
DEMO-DEV-3310,497,2022-10-02T12:59:46.992Z,2026-09-25T19:09:12.646Z,6
DEMO-DEV-3315,497,2022-10-03T19:27:20.556Z,2026-09-26T23:55:22.308Z,7
DEMO-DEV-3325,497,2022-10-03T12:40:55.661Z,2026-09-30T03:23:37.842Z,6
DEMO-DEV-3344,497,2022-10-04T11:58:19.524Z,2026-09-25T13:38:42.307Z,7
DEMO-DEV-3458,497,2022-10-04T06:37:50.785Z,2026-09-29T03:29:15.870Z,7
DEMO-DEV-3470,497,2022-10-15T11:51:02.782Z,2026-09-29T09:42:56.370Z,6
DEMO-DEV-3550,497,2022-10-08T17:52:48.863Z,2026-09-25T03:30:31.264Z,7
DEMO-DEV-3623,497,2022-10-01T09:19:58.203Z,2026-09-27T13:53:26.884Z,7
DEMO-DEV-3665,497,2022-10-05T02:53:05.804Z,2026-09-29T20:07:46.250Z,7
DEMO-DEV-3689,497,2022-10-02T06:11:03.337Z,2026-09-28T05:41:38.591Z,6
DEMO-DEV-3832,497,2022-10-04T12:38:50.754Z,2026-09-27T23:48:00.784Z,6
DEMO-DEV-4051,497,2022-10-03T21:43:24.511Z,2026-09-25T10:40:53.264Z,7
DEMO-DEV-4139,497,2022-10-02T11:48:36.778Z,2026-09-29T06:41:35.535Z,7
DEMO-DEV-4236,497,2022-10-07T15:50:06.824Z,2026-09-29T14:55:10.300Z,7
DEMO-DEV-4300,497,2022-10-08T14:48:05.987Z,2026-09-29T23:48:31.208Z,7
DEMO-DEV-4375,497,2022-10-01T10:53:29.246Z,2026-09-28T21:39:50.289Z,6
DEMO-DEV-4416,497,2022-10-01T11:49:12.926Z,2026-09-27T18:36:07.394Z,7
DEMO-DEV-4450,497,2022-10-05T15:36:48.702Z,2026-09-25T21:13:16.877Z,7
DEMO-DEV-4452,497,2022-10-03T03:39:26.189Z,2026-09-27T23:03:42.688Z,7
DEMO-DEV-4506,497,2022-10-02T15:37:58.584Z,2026-09-29T20:15:07.557Z,7
DEMO-DEV-4514,497,2022-10-02T15:50:31.682Z,2026-09-28T18:40:16.462Z,7
DEMO-DEV-4556,497,2022-10-14T02:48:09.556Z,2026-09-26T01:45:50.851Z,7
DEMO-DEV-4641,497,2022-10-01T17:08:33.735Z,2026-09-10T21:26:29.614Z,7
DEMO-DEV-4760,497,2022-10-06T11:34:25.090Z,2026-09-23T20:25:41.298Z,7
DEMO-DEV-4829,497,2022-10-03T22:24:44.021Z,2026-09-30T08:21:33.160Z,6
DEMO-DEV-4919,497,2022-10-07T09:52:27.655Z,2026-09-27T09:06:58.612Z,6
DEMO-DEV-5013,497,2022-10-04T09:19:26.300Z,2026-09-29T09:55:39.497Z,7
DEMO-DEV-5244,497,2022-10-02T21:16:22.087Z,2026-09-28T07:12:07.692Z,6
DEMO-DEV-5262,497,2022-10-02T21:17:32.307Z,2026-09-29T17:16:11.870Z,7
DEMO-DEV-5407,497,2022-10-01T20:43:40.027Z,2026-09-30T07:45:15.968Z,6
DEMO-DEV-5425,497,2022-10-03T01:10:41.442Z,2026-09-26T10:51:12.370Z,7
DEMO-DEV-5457,497,2022-10-01T22:43:26.472Z,2026-09-25T18:39:15.873Z,6
DEMO-DEV-5474,497,2022-10-03T09:41:49.555Z,2026-09-28T09:12:36.793Z,7
DEMO-DEV-5510,497,2022-10-03T08:51:42.134Z,2026-09-26T10:27:05.352Z,6
DEMO-DEV-5538,497,2022-10-05T03:37:46.068Z,2026-09-29T05:34:35.968Z,7
DEMO-DEV-5539,497,2022-10-03T18:08:52.080Z,2026-09-30T01:43:39.460Z,6
DEMO-DEV-5592,497,2022-10-06T03:41:37.394Z,2026-09-29T11:02:42.658Z,7
DEMO-DEV-5624,497,2022-10-02T15:37:46.803Z,2026-09-20T20:59:50.612Z,6
DEMO-DEV-5632,497,2022-10-01T14:39:49.289Z,2026-09-30T05:14:43.784Z,7
DEMO-DEV-5737,497,2022-10-02T12:04:57.825Z,2026-09-17T16:58:33.040Z,7
DEMO-DEV-5787,497,2022-10-04T20:08:51.160Z,2026-09-29T21:58:53.969Z,7
DEMO-DEV-5805,497,2022-10-02T15:58:16.646Z,2026-09-29T16:52:25.120Z,7
DEMO-DEV-5822,497,2022-10-05T07:00:19.868Z,2026-09-29T00:14:02.879Z,6
DEMO-DEV-5838,497,2022-10-11T15:05:11.929Z,2026-09-26T17:07:18.873Z,7
DEMO-DEV-5860,497,2022-10-07T14:44:52.867Z,2026-09-30T05:48:59.915Z,7
DEMO-DEV-5924,497,2022-10-03T06:03:02.513Z,2026-09-29T03:07:12.646Z,7
DEMO-DEV-5944,497,2022-10-01T22:00:26.618Z,2026-09-27T21:00:15.863Z,7
DEMO-DEV-5947,497,2022-10-06T18:58:16.415Z,2026-09-23T14:07:40.786Z,7
DEMO-DEV-6062,497,2022-10-03T00:51:58.183Z,2026-09-29T23:24:13.234Z,5
DEMO-DEV-6103,497,2022-10-12T09:58:19.727Z,2026-09-28T06:26:03.508Z,6
DEMO-DEV-6248,497,2022-10-06T02:04:16.968Z,2026-09-22T22:00:19.446Z,6
DEMO-DEV-6282,497,2022-10-03T00:37:18.795Z,2026-09-30T01:14:04.325Z,6
DEMO-DEV-6342,497,2022-10-01T23:53:30.992Z,2026-09-28T07:31:57.203Z,7
DEMO-DEV-6529,497,2022-10-07T01:15:10.205Z,2026-09-28T14:41:53.929Z,7
DEMO-DEV-6544,497,2022-10-03T15:11:07.272Z,2026-09-28T18:32:28.161Z,7
DEMO-DEV-6635,497,2022-10-06T11:46:28.752Z,2026-09-28T19:27:54.203Z,7
DEMO-DEV-6651,497,2022-10-07T00:49:52.864Z,2026-09-28T04:17:45.519Z,7
DEMO-DEV-6804,497,2022-10-01T13:26:57.038Z,2026-09-30T07:51:25.264Z,6
DEMO-DEV-6825,497,2022-10-03T02:38:15.655Z,2026-09-27T22:59:54.503Z,7
DEMO-DEV-6864,497,2022-10-02T22:16:13.658Z,2026-09-27T07:21:37.885Z,6
DEMO-DEV-6880,497,2022-10-03T09:34:25.428Z,2026-09-26T05:30:12.315Z,7
DEMO-DEV-6886,497,2022-10-02T21:31:31.785Z,2026-09-30T02:43:23.390Z,7
DEMO-DEV-6888,497,2022-10-02T17:27:13.727Z,2026-09-28T00:55:05.976Z,6
DEMO-DEV-7032,497,2022-10-03T13:44:28.218Z,2026-09-28T11:34:51.782Z,7
DEMO-DEV-7046,497,2022-10-02T08:21:40.160Z,2026-09-27T14:18:15.785Z,7
DEMO-DEV-7071,497,2022-10-01T16:27:54.161Z,2026-09-29T23:55:17.825Z,6
DEMO-DEV-7073,497,2022-10-01T13:54:53.817Z,2026-09-30T07:05:40.063Z,7
DEMO-DEV-7085,497,2022-10-01T08:50:10.545Z,2026-09-25T03:00:14.291Z,7
DEMO-DEV-7108,497,2022-10-01T19:46:52.403Z,2026-09-30T00:03:39.472Z,6
DEMO-DEV-7174,497,2022-10-01T23:28:23.653Z,2026-09-28T10:52:06.929Z,6
DEMO-DEV-7213,497,2022-10-03T18:24:40.345Z,2026-09-29T06:31:02.778Z,7
DEMO-DEV-7228,497,2022-10-02T13:04:43.873Z,2026-09-20T05:35:05.511Z,7
DEMO-DEV-7240,497,2022-10-03T07:13:09.508Z,2026-09-29T16:27:00.236Z,6
DEMO-DEV-7245,497,2022-10-01T17:14:02.394Z,2026-09-27T16:36:07.738Z,5
DEMO-DEV-7314,497,2022-10-01T11:43:23.470Z,2026-09-17T03:34:32.138Z,7
DEMO-DEV-7372,497,2022-10-01T10:35:03.222Z,2026-09-30T03:46:06.080Z,7
DEMO-DEV-7425,497,2022-10-06T00:44:57.466Z,2026-09-29T01:26:30.646Z,7
DEMO-DEV-7436,497,2022-10-04T11:48:56.614Z,2026-09-26T01:38:08.636Z,7
DEMO-DEV-7440,497,2022-10-02T18:15:34.205Z,2026-09-27T22:51:48.308Z,7
DEMO-DEV-7518,497,2022-10-08T05:12:37.568Z,2026-09-23T00:23:18.026Z,7
DEMO-DEV-7929,497,2022-10-02T02:39:00.864Z,2026-09-28T09:56:01.272Z,6
DEMO-DEV-7942,497,2022-10-04T12:40:23.974Z,2026-09-27T17:43:09.870Z,6
DEMO-DEV-7965,497,2022-10-07T09:39:47.077Z,2026-09-29T22:23:16.298Z,7
DEMO-DEV-7969,497,2022-10-12T20:41:54.238Z,2026-09-28T08:45:37.466Z,7
DEMO-DEV-8049,497,2022-10-02T18:19:45.786Z,2026-09-29T09:43:00.120Z,6
DEMO-DEV-8078,497,2022-10-10T21:59:30.591Z,2026-09-27T05:21:47.692Z,6
DEMO-DEV-8125,497,2022-10-04T10:02:32.859Z,2026-09-28T21:49:43.950Z,7
DEMO-DEV-8126,497,2022-10-08T08:40:39.884Z,2026-09-30T05:28:49.222Z,6
DEMO-DEV-8226,497,2022-10-04T05:24:01.511Z,2026-09-28T10:24:53.811Z,6
DEMO-DEV-8265,497,2022-10-07T19:43:35.218Z,2026-09-11T04:07:10.442Z,6
DEMO-DEV-8287,497,2022-10-02T22:47:53.646Z,2026-09-28T02:13:59.403Z,7
DEMO-DEV-8334,497,2022-10-02T19:11:33.254Z,2026-09-29T12:28:57.765Z,7
DEMO-DEV-8358,497,2022-10-01T19:49:13.879Z,2026-09-29T08:41:21.968Z,6
DEMO-DEV-8359,497,2022-10-05T22:37:24.968Z,2026-09-28T06:04:14.527Z,7
DEMO-DEV-8423,497,2022-10-04T13:45:21.892Z,2026-09-30T01:11:19.264Z,6
DEMO-DEV-8442,497,2022-10-03T01:39:34.138Z,2026-09-30T03:47:27.702Z,7
DEMO-DEV-8473,497,2022-10-08T05:04:36.023Z,2026-09-27T16:48:22.205Z,7
DEMO-DEV-8480,497,2022-10-03T13:45:26.409Z,2026-09-28T23:52:54.614Z,7
DEMO-DEV-8616,497,2022-10-02T00:07:17.891Z,2026-09-29T00:13:41.014Z,7
DEMO-DEV-8646,497,2022-10-04T03:57:58.926Z,2026-09-24T12:36:06.298Z,7
DEMO-DEV-8654,497,2022-10-02T17:16:09.795Z,2026-09-22T19:21:57.778Z,7
DEMO-DEV-8760,497,2022-10-02T20:19:45.765Z,2026-09-29T21:38:15.428Z,6
DEMO-DEV-9015,497,2022-10-04T12:15:55.524Z,2026-09-29T07:01:15.836Z,7
DEMO-DEV-9103,497,2022-10-07T16:32:41.786Z,2026-09-29T22:58:51.676Z,7
DEMO-DEV-9110,497,2022-10-08T02:57:49.189Z,2026-09-29T05:53:27.337Z,7
DEMO-DEV-9131,497,2022-10-06T20:41:26.591Z,2026-09-29T23:37:45.183Z,7
DEMO-DEV-9332,497,2022-10-02T09:18:18.804Z,2026-09-29T14:04:32.804Z,6
DEMO-DEV-9398,497,2022-10-07T05:50:14.120Z,2026-09-30T06:47:34.391Z,7
DEMO-DEV-9420,497,2022-10-01T08:21:43.224Z,2026-09-28T11:12:28.172Z,7
DEMO-DEV-9538,497,2022-10-07T21:19:55.555Z,2026-09-28T00:15:08.366Z,7
DEMO-DEV-9568,497,2022-10-03T05:00:07.225Z,2026-09-29T05:19:57.965Z,6
DEMO-DEV-9573,497,2022-10-01T13:11:12.460Z,2026-09-29T02:47:15.666Z,7
DEMO-DEV-9575,497,2022-10-02T00:53:14.891Z,2026-09-28T22:44:09.968Z,6
DEMO-DEV-9577,497,2022-10-01T09:20:53.409Z,2026-09-29T11:30:02.676Z,7
DEMO-DEV-9618,497,2022-10-02T20:10:08.914Z,2026-09-24T23:00:03.863Z,7
DEMO-DEV-9715,497,2022-10-04T00:06:40.555Z,2026-09-26T01:21:58.825Z,7
DEMO-DEV-9733,497,2022-10-06T21:42:59.319Z,2026-09-29T01:35:34.913Z,7
DEMO-DEV-9819,497,2022-10-01T16:20:53.268Z,2026-09-29T07:05:47.891Z,7
DEMO-DEV-9836,497,2022-10-01T15:23:08.864Z,2026-09-21T22:10:07.446Z,7
DEMO-DEV-9929,497,2022-10-01T08:56:32.614Z,2026-09-25T10:42:41.172Z,7
DEMO-DEV-9936,497,2022-10-04T20:56:22.239Z,2026-09-30T00:01:18.975Z,7
DEMO-DEV-9971,497,2022-10-03T20:11:37.222Z,2026-09-27T16:51:59.993Z,7
DEMO-DEV-0064,496,2022-10-02T10:30:29.915Z,2026-09-26T02:37:58.793Z,7
DEMO-DEV-0147,496,2022-10-10T17:09:01.238Z,2026-09-30T00:02:35.804Z,7
DEMO-DEV-0174,496,2022-10-01T15:28:38.168Z,2026-09-25T23:38:54.370Z,7
DEMO-DEV-0192,496,2022-10-05T05:56:04.885Z,2026-09-23T10:17:26.443Z,7
DEMO-DEV-0222,496,2022-10-02T11:48:13.989Z,2026-09-26T15:36:01.218Z,6
DEMO-DEV-0394,496,2022-10-07T11:08:36.792Z,2026-09-29T03:22:30.676Z,7
DEMO-DEV-0410,496,2022-10-02T03:02:41.778Z,2026-09-28T08:37:56.868Z,6
DEMO-DEV-0633,496,2022-10-01T16:18:15.470Z,2026-09-29T05:58:08.470Z,6
DEMO-DEV-0709,496,2022-10-02T04:37:37.014Z,2026-09-27T23:18:14.155Z,7
DEMO-DEV-0737,496,2022-10-01T13:34:48.409Z,2026-09-28T22:20:10.460Z,7
DEMO-DEV-0784,496,2022-10-02T07:45:06.524Z,2026-09-28T03:44:05.397Z,6
DEMO-DEV-0912,496,2022-10-04T17:44:04.870Z,2026-09-20T15:49:46.289Z,7
DEMO-DEV-0942,496,2022-10-05T15:39:42.646Z,2026-09-29T12:42:02.782Z,6
DEMO-DEV-0988,496,2022-10-10T21:50:08.123Z,2026-09-26T00:20:40.397Z,6
DEMO-DEV-1001,496,2022-10-02T11:52:11.519Z,2026-09-30T04:02:59.354Z,7
DEMO-DEV-1105,496,2022-10-06T22:33:44.236Z,2026-09-27T19:13:50.568Z,7
DEMO-DEV-1175,496,2022-10-01T08:55:26.345Z,2026-09-28T03:56:03.646Z,7
DEMO-DEV-1215,496,2022-10-05T05:33:01.397Z,2026-09-24T01:08:00.537Z,7
DEMO-DEV-1270,496,2022-10-03T01:00:25.974Z,2026-09-29T14:30:44.298Z,7
DEMO-DEV-1334,496,2022-10-03T17:00:26.524Z,2026-09-15T20:51:45.291Z,7
DEMO-DEV-1416,496,2022-10-07T07:10:11.597Z,2026-09-29T00:59:51.524Z,6
DEMO-DEV-1420,496,2022-10-01T20:46:17.599Z,2026-09-30T05:55:27.519Z,7
DEMO-DEV-1505,496,2022-10-02T19:09:37.503Z,2026-09-28T13:04:43.799Z,7
DEMO-DEV-1550,496,2022-10-02T06:50:10.045Z,2026-09-30T01:35:30.254Z,7
DEMO-DEV-1566,496,2022-10-01T10:59:54.926Z,2026-09-27T07:06:32.752Z,7
DEMO-DEV-1577,496,2022-10-01T18:54:08.816Z,2026-09-30T07:42:16.841Z,6
DEMO-DEV-1662,496,2022-10-03T22:37:47.597Z,2026-09-27T22:09:41.976Z,7
DEMO-DEV-1674,496,2022-10-05T11:37:37.968Z,2026-09-19T00:57:15.289Z,6
DEMO-DEV-1704,496,2022-10-01T19:01:22.232Z,2026-09-29T08:53:23.232Z,6
DEMO-DEV-1731,496,2022-10-02T22:34:49.864Z,2026-09-27T01:48:30.365Z,6
DEMO-DEV-1773,496,2022-10-03T21:39:49.913Z,2026-09-24T00:27:12.682Z,6
DEMO-DEV-1790,496,2022-10-01T08:33:22.842Z,2026-09-28T04:31:24.618Z,7
DEMO-DEV-1792,496,2022-10-02T22:13:25.370Z,2026-09-22T21:08:06.307Z,5
DEMO-DEV-1923,496,2022-10-05T15:35:44.646Z,2026-09-29T12:20:56.555Z,7
DEMO-DEV-2038,496,2022-10-03T04:30:12.992Z,2026-09-30T06:23:47.793Z,6
DEMO-DEV-2061,496,2022-10-04T15:47:37.555Z,2026-09-29T04:13:29.535Z,7
DEMO-DEV-2101,496,2022-10-02T05:04:43.754Z,2026-09-28T18:18:00.891Z,7
DEMO-DEV-2164,496,2022-10-01T08:26:34.222Z,2026-09-29T23:34:57.738Z,6
DEMO-DEV-2269,496,2022-10-06T04:02:19.929Z,2026-09-19T18:37:01.298Z,7
DEMO-DEV-2353,496,2022-10-06T06:48:37.806Z,2026-09-25T22:00:25.915Z,7
DEMO-DEV-2356,496,2022-10-01T08:53:31.975Z,2026-09-28T01:33:02.150Z,7
DEMO-DEV-2549,496,2022-10-02T19:33:38.568Z,2026-09-27T17:51:35.688Z,7
DEMO-DEV-2650,496,2022-10-01T18:47:49.387Z,2026-09-28T07:35:10.205Z,7
DEMO-DEV-2940,496,2022-10-06T23:28:22.839Z,2026-09-28T21:29:34.535Z,7
DEMO-DEV-2983,496,2022-10-01T19:34:02.239Z,2026-09-24T21:02:00.090Z,7
DEMO-DEV-3081,496,2022-10-09T00:09:21.870Z,2026-09-25T17:48:40.555Z,7
DEMO-DEV-3083,496,2022-10-03T14:25:14.948Z,2026-09-26T01:17:41.636Z,7
DEMO-DEV-3100,496,2022-10-02T18:10:09.976Z,2026-09-24T19:48:13.027Z,6
DEMO-DEV-3101,496,2022-10-06T11:44:00.992Z,2026-09-23T08:02:44.090Z,6
DEMO-DEV-3210,496,2022-10-02T09:38:51.352Z,2026-09-30T06:55:44.915Z,6
DEMO-DEV-3231,496,2022-10-01T21:45:32.192Z,2026-09-29T23:45:35.120Z,6
DEMO-DEV-3307,496,2022-10-07T20:05:29.877Z,2026-09-26T00:00:34.368Z,7
DEMO-DEV-3342,496,2022-10-01T18:34:54.077Z,2026-09-29T07:43:43.950Z,7
DEMO-DEV-3428,496,2022-10-01T09:10:44.965Z,2026-09-29T12:47:10.403Z,6
DEMO-DEV-3434,496,2022-10-03T10:23:02.226Z,2026-09-29T22:44:25.568Z,7
DEMO-DEV-3480,496,2022-10-02T17:00:46.817Z,2026-09-29T20:30:50.884Z,6
DEMO-DEV-3492,496,2022-10-02T20:25:26.397Z,2026-09-30T02:22:01.023Z,6
DEMO-DEV-3525,496,2022-10-07T06:01:00.877Z,2026-09-29T10:38:22.557Z,7
DEMO-DEV-3615,496,2022-10-08T21:32:18.646Z,2026-09-26T21:47:12.014Z,6
DEMO-DEV-3678,496,2022-10-05T04:57:34.846Z,2026-09-27T19:00:10.793Z,7
DEMO-DEV-3774,496,2022-10-08T10:10:22.676Z,2026-09-28T12:50:02.524Z,7
DEMO-DEV-3902,496,2022-10-03T09:36:30.727Z,2026-09-24T22:01:51.428Z,7
DEMO-DEV-3976,496,2022-10-04T03:49:29.387Z,2026-09-28T00:57:45.765Z,6
DEMO-DEV-4043,496,2022-10-02T20:56:26.014Z,2026-09-23T17:21:58.537Z,7
DEMO-DEV-4047,496,2022-10-05T04:14:30.682Z,2026-09-20T09:19:16.816Z,7
DEMO-DEV-4049,496,2022-10-02T06:02:34.727Z,2026-09-27T15:39:58.272Z,7
DEMO-DEV-4108,496,2022-10-01T18:44:34.319Z,2026-09-28T21:10:01.234Z,7
DEMO-DEV-4165,496,2022-10-11T21:11:59.968Z,2026-09-30T01:40:29.219Z,7
DEMO-DEV-4192,496,2022-10-06T06:51:36.765Z,2026-09-28T15:45:43.568Z,6
DEMO-DEV-4299,496,2022-10-05T15:23:48.597Z,2026-09-28T00:19:41.234Z,7
DEMO-DEV-4332,496,2022-10-03T10:10:26.403Z,2026-09-25T15:21:39.795Z,7
DEMO-DEV-4400,496,2022-10-03T00:12:03.221Z,2026-09-17T04:01:00.250Z,7
DEMO-DEV-4423,496,2022-10-02T11:24:50.658Z,2026-09-26T16:47:27.578Z,7
DEMO-DEV-4447,496,2022-10-01T23:14:13.668Z,2026-09-25T12:13:00.537Z,7
DEMO-DEV-4508,496,2022-10-04T20:52:45.863Z,2026-09-27T06:32:42.646Z,7
DEMO-DEV-4610,496,2022-10-05T18:57:34.607Z,2026-09-29T07:13:09.264Z,6
DEMO-DEV-4660,496,2022-10-01T23:40:03.446Z,2026-09-26T19:18:46.816Z,6
DEMO-DEV-4695,496,2022-10-06T14:35:28.120Z,2026-09-29T01:07:43.397Z,6
DEMO-DEV-4751,496,2022-10-04T13:33:27.653Z,2026-09-30T08:11:24.646Z,7
DEMO-DEV-4758,496,2022-10-03T13:01:38.535Z,2026-09-30T03:19:17.063Z,7
DEMO-DEV-5009,496,2022-10-03T17:00:43.222Z,2026-09-23T11:28:55.300Z,7
DEMO-DEV-5083,496,2022-10-01T13:02:11.403Z,2026-09-25T12:03:22.884Z,7
DEMO-DEV-5198,496,2022-10-01T19:31:24.653Z,2026-09-30T06:22:58.252Z,7
DEMO-DEV-5314,496,2022-10-04T15:36:10.167Z,2026-09-22T20:57:25.646Z,6
DEMO-DEV-5329,496,2022-10-01T09:12:34.636Z,2026-09-26T00:24:46.545Z,7
DEMO-DEV-5433,496,2022-10-02T03:58:54.254Z,2026-09-26T03:28:50.555Z,7
DEMO-DEV-5453,496,2022-10-04T01:03:55.226Z,2026-09-29T19:07:29.077Z,7
DEMO-DEV-5520,496,2022-10-02T08:53:35.891Z,2026-09-24T05:42:37.134Z,7
DEMO-DEV-5529,496,2022-10-02T12:27:33.527Z,2026-09-25T23:19:47.252Z,7
DEMO-DEV-5726,496,2022-10-04T21:07:58.224Z,2026-09-25T05:11:01.929Z,7
DEMO-DEV-5738,496,2022-10-03T18:48:23.203Z,2026-09-28T13:45:34.782Z,7
DEMO-DEV-5752,496,2022-10-01T20:49:55.870Z,2026-09-29T11:36:05.974Z,7
DEMO-DEV-5853,496,2022-10-01T22:18:21.325Z,2026-09-29T14:41:53.026Z,7
DEMO-DEV-5873,496,2022-10-01T13:32:08.639Z,2026-09-28T07:12:23.272Z,7
DEMO-DEV-5910,496,2022-10-07T20:05:43.134Z,2026-09-29T15:33:33.824Z,5
DEMO-DEV-5959,496,2022-10-03T10:34:04.865Z,2026-09-29T03:08:47.639Z,7
DEMO-DEV-6066,496,2022-10-09T06:14:00.989Z,2026-09-27T16:05:01.524Z,7
DEMO-DEV-6104,496,2022-10-11T17:01:31.519Z,2026-09-28T22:46:58.352Z,7
DEMO-DEV-6203,496,2022-10-01T11:28:13.173Z,2026-09-28T14:42:24.493Z,7
DEMO-DEV-6204,496,2022-10-04T12:38:02.470Z,2026-09-20T02:07:54.612Z,6
DEMO-DEV-6304,496,2022-10-02T03:19:13.203Z,2026-09-18T19:36:19.824Z,6
DEMO-DEV-6306,496,2022-10-05T14:31:53.702Z,2026-09-29T14:02:02.778Z,6
DEMO-DEV-6479,496,2022-10-05T21:40:03.319Z,2026-09-29T22:48:10.004Z,7
DEMO-DEV-6482,496,2022-10-09T19:27:30.057Z,2026-09-27T22:19:02.252Z,7
DEMO-DEV-6505,496,2022-10-03T11:52:05.825Z,2026-09-28T18:42:15.150Z,7
DEMO-DEV-6660,496,2022-10-03T08:51:08.584Z,2026-09-26T14:48:25.246Z,7
DEMO-DEV-6670,496,2022-10-04T02:50:37.879Z,2026-09-30T01:35:06.172Z,7
DEMO-DEV-6730,496,2022-10-02T11:08:13.948Z,2026-09-28T16:04:17.676Z,7
DEMO-DEV-6778,496,2022-10-02T18:01:19.786Z,2026-09-28T15:49:32.556Z,7
DEMO-DEV-6786,496,2022-10-11T13:03:33.354Z,2026-09-29T19:39:24.527Z,7
DEMO-DEV-6796,496,2022-10-02T00:57:40.795Z,2026-09-20T01:14:44.004Z,7
DEMO-DEV-6813,496,2022-10-02T07:16:43.264Z,2026-09-28T14:31:08.087Z,6
DEMO-DEV-6832,496,2022-10-01T19:56:59.519Z,2026-09-25T12:25:16.688Z,6
DEMO-DEV-6954,496,2022-10-09T23:18:29.682Z,2026-09-27T13:56:09.842Z,7
DEMO-DEV-6979,496,2022-10-06T10:48:33.843Z,2026-09-29T12:45:40.442Z,6
DEMO-DEV-6986,496,2022-10-01T21:46:53.666Z,2026-09-29T23:00:54.288Z,7
DEMO-DEV-7009,496,2022-10-01T08:50:03.948Z,2026-09-28T19:52:32.556Z,6
DEMO-DEV-7070,496,2022-10-01T22:59:15.968Z,2026-09-27T21:35:21.503Z,7
DEMO-DEV-7136,496,2022-10-02T17:45:39.785Z,2026-09-28T16:47:16.778Z,7
DEMO-DEV-7188,496,2022-10-03T10:51:19.190Z,2026-09-30T01:03:54.222Z,6
DEMO-DEV-7235,496,2022-10-02T23:52:25.778Z,2026-09-26T07:19:10.462Z,6
DEMO-DEV-7449,496,2022-10-03T19:48:11.014Z,2026-09-28T19:46:35.870Z,7
DEMO-DEV-7468,496,2022-10-01T13:27:30.968Z,2026-09-25T16:57:40.785Z,7
DEMO-DEV-7496,496,2022-10-06T13:42:26.839Z,2026-09-26T10:05:12.816Z,6
DEMO-DEV-7509,496,2022-10-03T03:14:06.863Z,2026-09-29T16:33:18.123Z,6
DEMO-DEV-7528,496,2022-10-03T01:18:17.524Z,2026-09-30T02:55:16.682Z,7
DEMO-DEV-7620,496,2022-10-01T20:30:04.864Z,2026-09-29T15:56:18.302Z,6
DEMO-DEV-7923,496,2022-10-03T20:07:20.870Z,2026-09-30T03:41:12.455Z,6
DEMO-DEV-8031,496,2022-10-05T00:45:55.203Z,2026-09-28T15:19:50.493Z,6
DEMO-DEV-8034,496,2022-10-04T02:02:15.165Z,2026-09-28T11:05:02.253Z,6
DEMO-DEV-8074,496,2022-10-04T08:56:11.578Z,2026-09-27T14:13:27.505Z,7
DEMO-DEV-8113,496,2022-10-15T23:25:54.497Z,2026-09-28T01:25:43.782Z,7
DEMO-DEV-8180,496,2022-10-08T15:24:03.211Z,2026-09-27T02:43:49.497Z,6
DEMO-DEV-8220,496,2022-10-03T13:36:46.653Z,2026-09-27T22:17:52.877Z,7
DEMO-DEV-8256,496,2022-10-03T02:03:46.354Z,2026-09-24T14:40:39.443Z,7
DEMO-DEV-8271,496,2022-10-02T11:50:49.063Z,2026-09-29T05:49:06.307Z,6
DEMO-DEV-8306,496,2022-10-06T11:49:47.253Z,2026-09-30T07:36:48.289Z,7
DEMO-DEV-8323,496,2022-10-05T11:20:44.402Z,2026-09-30T01:21:29.926Z,7
DEMO-DEV-8372,496,2022-10-05T12:38:04.974Z,2026-09-19T08:01:27.063Z,6
DEMO-DEV-8378,496,2022-10-07T15:58:43.929Z,2026-09-26T18:13:59.123Z,7
DEMO-DEV-8408,496,2022-10-01T13:39:16.073Z,2026-09-29T06:06:07.976Z,6
DEMO-DEV-8434,496,2022-10-05T11:46:05.782Z,2026-09-27T00:06:58.607Z,6
DEMO-DEV-8631,496,2022-10-02T08:28:33.021Z,2026-09-30T07:18:08.950Z,7
DEMO-DEV-8893,496,2022-10-01T11:57:48.172Z,2026-09-29T00:42:48.519Z,6
DEMO-DEV-9101,496,2022-10-10T15:15:40.914Z,2026-09-29T21:54:07.192Z,6
DEMO-DEV-9146,496,2022-10-01T14:13:38.605Z,2026-09-30T00:47:13.300Z,7
DEMO-DEV-9252,496,2022-10-04T05:07:20.648Z,2026-09-29T14:18:36.460Z,7
DEMO-DEV-9281,496,2022-10-01T08:26:20.578Z,2026-09-24T04:35:08.038Z,7
DEMO-DEV-9323,496,2022-10-02T12:31:45.365Z,2026-09-28T18:25:14.892Z,7
DEMO-DEV-9443,496,2022-10-01T11:38:44.846Z,2026-09-28T11:25:46.824Z,7
DEMO-DEV-9811,496,2022-10-10T05:26:19.026Z,2026-09-28T13:22:56.057Z,7
DEMO-DEV-9813,496,2022-10-04T14:58:47.859Z,2026-09-30T05:49:32.505Z,7
DEMO-DEV-9815,496,2022-10-07T04:36:15.443Z,2026-09-26T22:08:04.264Z,6
DEMO-DEV-9924,496,2022-10-02T01:35:54.639Z,2026-09-27T00:41:30.150Z,7
DEMO-DEV-9994,496,2022-10-02T04:01:37.975Z,2026-09-27T05:51:49.597Z,7
DEMO-DEV-0116,495,2022-10-05T22:40:53.792Z,2026-09-25T14:11:02.556Z,7
DEMO-DEV-0120,495,2022-10-05T18:21:31.817Z,2026-09-28T03:38:14.778Z,6
DEMO-DEV-0127,495,2022-10-02T23:17:05.234Z,2026-09-28T04:43:49.087Z,6
DEMO-DEV-0132,495,2022-10-01T10:13:31.446Z,2026-09-28T03:35:55.836Z,6
DEMO-DEV-0135,495,2022-10-04T00:09:46.968Z,2026-09-26T15:38:01.556Z,7
DEMO-DEV-0218,495,2022-10-10T00:46:34.442Z,2026-09-26T16:15:45.219Z,7
DEMO-DEV-0234,495,2022-10-09T16:24:15.917Z,2026-09-28T04:56:04.969Z,6
DEMO-DEV-0268,495,2022-10-03T03:17:10.075Z,2026-09-24T10:28:20.026Z,7
DEMO-DEV-0289,495,2022-10-01T15:03:35.989Z,2026-09-27T11:46:47.068Z,7
DEMO-DEV-0331,495,2022-10-02T01:39:06.877Z,2026-09-25T23:19:30.500Z,6
DEMO-DEV-0375,495,2022-10-03T20:22:35.224Z,2026-09-29T22:18:02.877Z,6
DEMO-DEV-0478,495,2022-10-04T10:57:12.402Z,2026-09-25T03:42:05.987Z,7
DEMO-DEV-0527,495,2022-10-04T05:53:25.172Z,2026-09-30T08:18:53.203Z,7
DEMO-DEV-0534,495,2022-10-10T09:55:13.537Z,2026-09-24T19:09:26.442Z,7
DEMO-DEV-0698,495,2022-10-03T16:26:51.966Z,2026-09-29T21:58:05.160Z,7
DEMO-DEV-0740,495,2022-10-02T01:24:38.965Z,2026-09-28T18:41:44.211Z,6
DEMO-DEV-0753,495,2022-10-01T12:50:45.636Z,2026-09-28T19:40:46.668Z,7
DEMO-DEV-0786,495,2022-10-01T19:33:45.443Z,2026-09-22T13:31:17.352Z,6
DEMO-DEV-0848,495,2022-10-02T09:27:51.230Z,2026-09-30T07:15:13.949Z,6
DEMO-DEV-0938,495,2022-10-01T13:10:47.352Z,2026-09-29T21:14:14.222Z,6
DEMO-DEV-0940,495,2022-10-02T00:59:07.325Z,2026-09-29T21:53:23.668Z,7
DEMO-DEV-1029,495,2022-10-02T03:45:25.298Z,2026-09-29T15:51:29.357Z,7
DEMO-DEV-1054,495,2022-10-02T00:52:46.658Z,2026-09-29T03:06:24.636Z,7
DEMO-DEV-1063,495,2022-10-02T01:02:56.298Z,2026-09-25T22:39:30.607Z,7
DEMO-DEV-1089,495,2022-10-04T02:49:45.390Z,2026-09-26T06:38:41.989Z,6
DEMO-DEV-1239,495,2022-10-05T18:40:06.443Z,2026-09-22T23:30:54.692Z,6
DEMO-DEV-1254,495,2022-10-01T21:44:13.557Z,2026-09-28T11:10:31.500Z,7
DEMO-DEV-1262,495,2022-10-07T00:14:16.370Z,2026-09-26T12:30:20.765Z,7
DEMO-DEV-1331,495,2022-10-06T07:40:05.987Z,2026-09-29T05:18:55.038Z,6
DEMO-DEV-1410,495,2022-10-05T16:24:45.892Z,2026-09-23T09:52:13.865Z,6
DEMO-DEV-1425,495,2022-10-03T06:44:50.803Z,2026-09-29T03:25:45.879Z,7
DEMO-DEV-1480,495,2022-10-02T11:25:20.735Z,2026-09-30T02:21:41.268Z,7
DEMO-DEV-1486,495,2022-10-05T08:03:13.239Z,2026-09-28T16:06:25.877Z,7
DEMO-DEV-1530,495,2022-10-04T06:15:57.676Z,2026-09-28T16:08:44.917Z,7
DEMO-DEV-1558,495,2022-10-13T20:45:21.455Z,2026-09-26T01:22:38.087Z,7
DEMO-DEV-1657,495,2022-10-03T23:36:02.023Z,2026-09-29T13:50:55.752Z,7
DEMO-DEV-1660,495,2022-10-05T18:41:00.792Z,2026-09-28T10:23:13.884Z,6
DEMO-DEV-1721,495,2022-10-16T04:03:51.545Z,2026-09-29T18:27:14.836Z,7
DEMO-DEV-1746,495,2022-10-04T17:39:26.485Z,2026-09-29T10:14:43.239Z,7
DEMO-DEV-1848,495,2022-10-02T15:52:17.287Z,2026-09-27T02:10:31.139Z,7
DEMO-DEV-1918,495,2022-10-08T10:50:19.799Z,2026-09-18T08:35:31.523Z,6
DEMO-DEV-2171,495,2022-10-03T01:26:26.287Z,2026-09-28T15:27:47.666Z,7
DEMO-DEV-2231,495,2022-10-03T01:31:29.155Z,2026-09-28T19:24:24.298Z,7
DEMO-DEV-2428,495,2022-10-03T02:08:10.591Z,2026-09-27T22:47:03.926Z,7
DEMO-DEV-2435,495,2022-10-02T02:46:10.782Z,2026-09-21T13:20:19.648Z,6
DEMO-DEV-2480,495,2022-10-02T14:42:38.785Z,2026-09-30T03:59:49.272Z,6
DEMO-DEV-2494,495,2022-10-07T20:12:45.915Z,2026-09-26T02:42:55.352Z,6
DEMO-DEV-2575,495,2022-10-07T00:20:48.027Z,2026-09-24T19:24:15.068Z,6
DEMO-DEV-2579,495,2022-10-04T06:51:01.692Z,2026-09-29T23:54:52.239Z,6
DEMO-DEV-2674,495,2022-10-01T12:17:03.584Z,2026-09-24T07:27:00.225Z,6
DEMO-DEV-2709,495,2022-10-02T20:46:41.500Z,2026-09-29T12:45:34.315Z,6
DEMO-DEV-2719,495,2022-10-02T19:51:20.864Z,2026-09-28T22:35:14.867Z,7
DEMO-DEV-2772,495,2022-10-02T19:23:40.785Z,2026-09-28T11:32:41.735Z,7
DEMO-DEV-2781,495,2022-10-13T21:29:08.917Z,2026-09-21T09:58:22.591Z,7
DEMO-DEV-2815,495,2022-10-02T20:25:55.556Z,2026-09-27T18:19:42.045Z,7
DEMO-DEV-2879,495,2022-10-02T03:08:13.825Z,2026-09-30T05:59:07.368Z,7
DEMO-DEV-2893,495,2022-10-04T04:32:18.793Z,2026-09-28T17:32:57.948Z,7
DEMO-DEV-2966,495,2022-10-01T16:22:02.138Z,2026-09-30T06:18:10.390Z,7
DEMO-DEV-3017,495,2022-10-14T00:32:33.584Z,2026-09-29T23:42:28.976Z,7
DEMO-DEV-3080,495,2022-10-01T14:48:30.842Z,2026-09-25T18:03:43.370Z,7
DEMO-DEV-3132,495,2022-10-01T09:13:54.702Z,2026-09-29T05:22:43.556Z,7
DEMO-DEV-3142,495,2022-10-03T17:33:12.298Z,2026-09-25T16:36:46.614Z,6
DEMO-DEV-3147,495,2022-10-05T07:10:29.692Z,2026-09-26T14:59:54.023Z,7
DEMO-DEV-3154,495,2022-10-01T17:14:53.545Z,2026-09-21T14:52:57.785Z,7
DEMO-DEV-3183,495,2022-10-02T21:01:48.993Z,2026-09-29T17:36:45.409Z,7
DEMO-DEV-3194,495,2022-10-04T06:31:24.254Z,2026-09-27T22:32:32.879Z,6
DEMO-DEV-3244,495,2022-10-01T16:03:44.926Z,2026-09-27T04:07:11.403Z,7
DEMO-DEV-3313,495,2022-10-02T04:14:13.877Z,2026-09-30T03:52:22.591Z,7
DEMO-DEV-3377,495,2022-10-03T02:38:02.308Z,2026-09-15T01:21:33.618Z,6
DEMO-DEV-3449,495,2022-10-02T03:51:14.254Z,2026-09-28T03:30:32.513Z,7
DEMO-DEV-3581,495,2022-10-10T10:49:03.892Z,2026-09-28T03:26:18.352Z,6
DEMO-DEV-3695,495,2022-10-08T16:16:43.786Z,2026-09-28T17:34:56.870Z,7
DEMO-DEV-3701,495,2022-10-01T13:00:56.325Z,2026-09-30T05:33:54.811Z,7
DEMO-DEV-3748,495,2022-10-01T15:18:22.778Z,2026-09-27T03:07:27.503Z,7
DEMO-DEV-3817,495,2022-10-02T01:13:01.778Z,2026-09-22T01:52:18.597Z,6
DEMO-DEV-3956,495,2022-10-02T15:33:39.238Z,2026-09-27T23:09:03.023Z,7
DEMO-DEV-4094,495,2022-10-06T15:45:12.646Z,2026-09-29T12:12:50.754Z,6
DEMO-DEV-4127,495,2022-10-01T21:24:51.442Z,2026-09-29T18:30:58.015Z,6
DEMO-DEV-4144,495,2022-10-01T10:48:16.584Z,2026-09-30T05:13:11.519Z,7
DEMO-DEV-4188,495,2022-10-12T07:47:32.211Z,2026-09-29T14:29:34.668Z,6
DEMO-DEV-4314,495,2022-10-03T22:40:16.403Z,2026-09-28T01:05:52.120Z,7
DEMO-DEV-4378,495,2022-10-01T13:10:44.090Z,2026-09-30T03:21:32.891Z,7
DEMO-DEV-4390,495,2022-10-02T20:00:16.599Z,2026-09-30T07:26:07.989Z,7
DEMO-DEV-4469,495,2022-10-03T23:40:52.785Z,2026-09-24T03:35:59.824Z,7
DEMO-DEV-4479,495,2022-10-04T23:42:10.511Z,2026-09-30T08:00:24.168Z,7
DEMO-DEV-4667,495,2022-10-02T11:46:07.965Z,2026-09-29T05:06:23.851Z,7
DEMO-DEV-4928,495,2022-10-01T13:16:47.702Z,2026-09-23T05:21:52.804Z,6
DEMO-DEV-5018,495,2022-10-04T13:40:42.508Z,2026-09-28T23:40:21.989Z,7
DEMO-DEV-5084,495,2022-10-02T07:56:25.929Z,2026-09-24T10:42:44.584Z,7
DEMO-DEV-5104,495,2022-10-01T13:56:39.254Z,2026-09-29T05:23:53.403Z,6
DEMO-DEV-5110,495,2022-10-02T05:12:40.252Z,2026-09-26T08:28:48.497Z,7
DEMO-DEV-5123,495,2022-10-01T12:22:56.123Z,2026-09-27T01:10:17.442Z,5
DEMO-DEV-5156,495,2022-10-01T11:18:58.497Z,2026-09-28T03:00:58.289Z,6
DEMO-DEV-5218,495,2022-10-03T04:18:47.668Z,2026-09-28T22:13:51.511Z,7
DEMO-DEV-5243,495,2022-10-04T09:27:06.929Z,2026-09-28T21:31:19.877Z,7
DEMO-DEV-5288,495,2022-10-02T17:07:02.811Z,2026-09-28T22:06:57.077Z,7
DEMO-DEV-5344,495,2022-10-09T12:41:59.668Z,2026-09-30T00:46:28.714Z,7
DEMO-DEV-5493,495,2022-10-05T22:38:57.892Z,2026-09-27T01:12:36.816Z,7
DEMO-DEV-5555,495,2022-10-04T12:30:17.225Z,2026-09-27T06:53:02.556Z,7
DEMO-DEV-5564,495,2022-10-05T23:11:45.870Z,2026-09-24T21:23:57.442Z,6
DEMO-DEV-5581,495,2022-10-01T19:25:38.165Z,2026-09-28T16:42:42.155Z,7
DEMO-DEV-5590,495,2022-10-01T16:50:01.816Z,2026-09-29T02:38:57.545Z,7
DEMO-DEV-5841,495,2022-10-02T18:15:28.409Z,2026-09-23T18:25:08.557Z,7
DEMO-DEV-5879,495,2022-10-04T21:18:46.597Z,2026-09-24T08:04:32.868Z,6
DEMO-DEV-5905,495,2022-10-03T00:58:14.397Z,2026-09-29T05:27:20.345Z,7
DEMO-DEV-5920,495,2022-10-03T02:21:01.646Z,2026-09-26T11:14:26.913Z,6
DEMO-DEV-5963,495,2022-10-02T12:54:12.676Z,2026-09-08T10:45:36.714Z,7
DEMO-DEV-5985,495,2022-10-06T19:38:24.172Z,2026-09-26T22:39:58.462Z,7
DEMO-DEV-6008,495,2022-10-05T16:36:38.992Z,2026-09-27T12:22:29.557Z,7
DEMO-DEV-6056,495,2022-10-02T00:09:16.599Z,2026-09-29T23:37:15.298Z,6
DEMO-DEV-6131,495,2022-10-02T09:11:49.851Z,2026-09-26T19:33:12.968Z,6
DEMO-DEV-6305,495,2022-10-02T10:30:53.026Z,2026-09-27T07:07:20.472Z,7
DEMO-DEV-6326,495,2022-10-01T23:26:55.252Z,2026-09-29T20:48:03.004Z,6
DEMO-DEV-6433,495,2022-10-03T00:49:41.250Z,2026-09-24T15:13:50.975Z,7
DEMO-DEV-6483,495,2022-10-05T10:31:24.646Z,2026-09-22T19:13:59.867Z,6
DEMO-DEV-6586,495,2022-10-04T23:56:03.391Z,2026-09-30T04:41:47.519Z,7
DEMO-DEV-6600,495,2022-10-02T07:23:44.655Z,2026-09-26T14:31:23.836Z,6
DEMO-DEV-6755,495,2022-10-02T04:11:16.205Z,2026-09-30T00:51:42.556Z,6
DEMO-DEV-6860,495,2022-10-01T09:14:33.224Z,2026-09-27T15:54:51.524Z,7
DEMO-DEV-7006,495,2022-10-09T20:19:01.799Z,2026-09-29T09:21:46.568Z,6
DEMO-DEV-7024,495,2022-10-05T14:52:24.493Z,2026-09-29T10:02:44.870Z,7
DEMO-DEV-7220,495,2022-10-05T21:28:50.289Z,2026-09-22T22:26:39.218Z,7
DEMO-DEV-7233,495,2022-10-02T09:47:31.300Z,2026-09-30T04:21:23.472Z,6
DEMO-DEV-7259,495,2022-10-01T19:33:01.352Z,2026-09-28T04:21:49.307Z,6
DEMO-DEV-7270,495,2022-10-05T07:41:18.519Z,2026-09-29T14:21:05.843Z,7
DEMO-DEV-7293,495,2022-10-05T14:24:50.391Z,2026-09-27T16:10:39.493Z,7
DEMO-DEV-7297,495,2022-10-08T21:32:01.470Z,2026-09-26T18:03:23.080Z,6
DEMO-DEV-7318,495,2022-10-02T11:31:08.485Z,2026-09-29T18:53:52.409Z,7
DEMO-DEV-7329,495,2022-10-10T14:17:13.172Z,2026-09-21T01:36:00.607Z,6
DEMO-DEV-7351,495,2022-10-11T21:18:31.168Z,2026-09-29T16:19:38.252Z,7
DEMO-DEV-7373,495,2022-10-02T20:03:55.513Z,2026-09-30T01:35:03.948Z,6
DEMO-DEV-7399,495,2022-10-05T04:52:05.851Z,2026-09-29T23:15:54.394Z,7
DEMO-DEV-7452,495,2022-10-04T02:21:56.965Z,2026-09-20T10:56:32.428Z,6
DEMO-DEV-7498,495,2022-10-03T06:57:19.172Z,2026-09-29T04:45:49.365Z,7
DEMO-DEV-7581,495,2022-10-06T12:15:37.192Z,2026-09-30T08:09:11.985Z,7
DEMO-DEV-7595,495,2022-10-01T09:12:46.073Z,2026-09-20T10:50:09.045Z,7
DEMO-DEV-7656,495,2022-10-01T20:13:24.578Z,2026-09-26T23:50:54.524Z,6
DEMO-DEV-7697,495,2022-10-04T18:40:46.063Z,2026-09-27T12:58:04.666Z,7
DEMO-DEV-7709,495,2022-10-03T04:41:40.205Z,2026-09-23T08:11:26.015Z,6
DEMO-DEV-7710,495,2022-10-06T12:12:01.917Z,2026-09-28T08:36:08.192Z,7
DEMO-DEV-7764,495,2022-10-01T10:24:05.415Z,2026-09-28T10:01:35.864Z,7
DEMO-DEV-7801,495,2022-10-05T09:07:25.365Z,2026-09-27T18:25:05.710Z,6
DEMO-DEV-7871,495,2022-10-02T17:19:24.778Z,2026-09-30T05:11:20.968Z,7
DEMO-DEV-8029,495,2022-10-10T11:31:52.161Z,2026-09-29T03:00:00.915Z,5
DEMO-DEV-8149,495,2022-10-02T00:50:36.485Z,2026-09-26T23:06:06.929Z,6
DEMO-DEV-8189,495,2022-10-01T14:07:45.605Z,2026-09-25T19:15:53.208Z,7
DEMO-DEV-8274,495,2022-10-02T11:21:54.183Z,2026-09-27T06:48:33.225Z,7
DEMO-DEV-8339,495,2022-10-03T02:14:31.754Z,2026-09-27T11:27:10.493Z,6
DEMO-DEV-8393,495,2022-10-01T18:15:25.676Z,2026-09-30T07:26:42.325Z,7
DEMO-DEV-8487,495,2022-10-02T00:12:32.646Z,2026-09-29T07:50:57.308Z,6
DEMO-DEV-8571,495,2022-10-01T14:44:57.288Z,2026-09-30T05:02:47.023Z,6
DEMO-DEV-8600,495,2022-10-04T23:41:33.172Z,2026-09-21T09:13:08.466Z,7
DEMO-DEV-8624,495,2022-10-08T09:57:18.189Z,2026-09-26T14:41:13.870Z,7
DEMO-DEV-8640,495,2022-10-06T05:29:05.612Z,2026-09-27T17:27:35.556Z,7
DEMO-DEV-8673,495,2022-10-08T18:22:04.493Z,2026-09-28T08:01:44.289Z,7
DEMO-DEV-8723,495,2022-10-03T20:11:08.873Z,2026-09-28T20:40:51.150Z,6
DEMO-DEV-8776,495,2022-10-05T07:49:20.204Z,2026-09-28T10:28:51.442Z,7
DEMO-DEV-8780,495,2022-10-02T10:07:21.591Z,2026-09-28T09:52:25.155Z,7
DEMO-DEV-8855,495,2022-10-02T05:58:10.352Z,2026-09-27T07:12:48.352Z,6
DEMO-DEV-8869,495,2022-10-02T21:27:17.949Z,2026-09-25T21:38:01.225Z,7
DEMO-DEV-8932,495,2022-10-03T01:22:09.682Z,2026-09-24T02:27:03.676Z,6
DEMO-DEV-8962,495,2022-10-06T01:01:58.077Z,2026-09-29T15:15:52.024Z,7
DEMO-DEV-9011,495,2022-10-02T13:06:50.345Z,2026-09-30T05:41:47.250Z,7
DEMO-DEV-9070,495,2022-10-02T17:34:42.337Z,2026-09-27T07:45:23.568Z,6
DEMO-DEV-9144,495,2022-10-01T14:14:53.497Z,2026-09-19T05:10:32.778Z,6
DEMO-DEV-9154,495,2022-10-02T18:09:20.799Z,2026-09-27T18:47:03.785Z,7
DEMO-DEV-9185,495,2022-10-03T07:48:08.557Z,2026-09-28T16:40:46.682Z,6
DEMO-DEV-9191,495,2022-10-05T00:42:51.891Z,2026-09-29T11:51:27.222Z,7
DEMO-DEV-9238,495,2022-10-02T04:46:22.950Z,2026-09-30T07:27:43.442Z,6
DEMO-DEV-9270,495,2022-10-04T14:53:41.203Z,2026-09-25T05:55:42.710Z,6
DEMO-DEV-9343,495,2022-10-06T12:07:36.877Z,2026-09-26T12:22:52.192Z,7
DEMO-DEV-9371,495,2022-10-02T13:28:44.792Z,2026-09-29T22:27:35.368Z,6
DEMO-DEV-9418,495,2022-10-06T21:40:12.676Z,2026-09-27T07:17:42.236Z,7
DEMO-DEV-9468,495,2022-10-03T03:35:44.804Z,2026-09-17T17:25:53.752Z,7
DEMO-DEV-9629,495,2022-10-01T20:01:17.023Z,2026-09-29T17:23:40.799Z,7
DEMO-DEV-9798,495,2022-10-03T23:48:47.917Z,2026-09-29T10:10:03.784Z,6
DEMO-DEV-9801,495,2022-10-02T02:54:39.917Z,2026-09-27T20:19:43.892Z,7
DEMO-DEV-9855,495,2022-10-01T10:37:53.246Z,2026-09-26T17:16:29.466Z,7
DEMO-DEV-9947,495,2022-10-10T06:13:04.442Z,2026-09-30T03:25:08.155Z,7
DEMO-DEV-9948,495,2022-10-04T12:39:37.366Z,2026-09-24T22:36:18.658Z,7
DEMO-DEV-0176,494,2022-10-05T08:00:16.786Z,2026-09-28T23:39:47.786Z,7
DEMO-DEV-0177,494,2022-10-04T04:04:31.068Z,2026-09-27T12:57:51.865Z,7
DEMO-DEV-0204,494,2022-10-02T01:19:12.057Z,2026-09-14T04:27:09.648Z,7
DEMO-DEV-0250,494,2022-10-02T11:05:48.172Z,2026-09-29T20:48:11.864Z,7
DEMO-DEV-0274,494,2022-10-02T00:02:01.302Z,2026-09-23T05:21:03.842Z,7
DEMO-DEV-0293,494,2022-10-01T20:16:20.765Z,2026-09-25T18:49:39.537Z,7
DEMO-DEV-0408,494,2022-10-02T00:54:29.765Z,2026-09-27T14:09:48.879Z,6
DEMO-DEV-0413,494,2022-10-01T15:01:16.892Z,2026-09-23T12:10:51.403Z,7
DEMO-DEV-0517,494,2022-10-01T15:05:34.612Z,2026-09-12T21:01:52.523Z,6
DEMO-DEV-0574,494,2022-10-05T02:43:57.966Z,2026-09-28T14:04:28.080Z,7
DEMO-DEV-0678,494,2022-10-08T05:43:25.992Z,2026-09-25T15:01:18.319Z,6
DEMO-DEV-0694,494,2022-10-06T14:14:09.352Z,2026-09-30T01:58:19.816Z,7
DEMO-DEV-0778,494,2022-10-05T00:21:13.090Z,2026-09-25T12:37:19.409Z,7
DEMO-DEV-0791,494,2022-10-02T00:53:23.409Z,2026-09-23T13:50:04.077Z,7
DEMO-DEV-0842,494,2022-10-03T08:37:08.913Z,2026-09-27T07:46:05.752Z,6
DEMO-DEV-0931,494,2022-10-01T16:59:01.877Z,2026-09-27T09:44:36.040Z,6
DEMO-DEV-0957,494,2022-10-03T13:42:17.658Z,2026-09-28T06:17:55.345Z,6
DEMO-DEV-1000,494,2022-10-04T16:29:55.443Z,2026-09-29T19:20:12.160Z,7
DEMO-DEV-1030,494,2022-10-06T01:39:36.692Z,2026-09-30T08:05:38.727Z,7
DEMO-DEV-1053,494,2022-10-04T06:31:33.503Z,2026-09-27T23:43:10.068Z,6
DEMO-DEV-1076,494,2022-10-02T12:04:18.842Z,2026-09-28T14:48:13.442Z,7
DEMO-DEV-1091,494,2022-10-06T08:25:33.682Z,2026-09-29T21:12:24.173Z,6
DEMO-DEV-1293,494,2022-10-05T11:18:53.527Z,2026-09-24T12:30:19.357Z,7
DEMO-DEV-1455,494,2022-10-03T10:27:03.793Z,2026-09-28T16:50:20.120Z,7
DEMO-DEV-1617,494,2022-10-01T21:33:43.120Z,2026-09-24T19:44:15.527Z,7
DEMO-DEV-1711,494,2022-10-01T14:55:21.205Z,2026-09-26T02:29:34.087Z,6
DEMO-DEV-1720,494,2022-10-02T22:28:10.167Z,2026-09-29T18:11:45.134Z,6
DEMO-DEV-1767,494,2022-10-01T20:38:46.817Z,2026-09-29T06:25:41.879Z,6
DEMO-DEV-1769,494,2022-10-01T20:18:53.460Z,2026-09-27T08:44:39.524Z,7
DEMO-DEV-1787,494,2022-10-05T11:36:56.391Z,2026-09-27T10:59:11.839Z,7
DEMO-DEV-1816,494,2022-10-05T04:38:48.161Z,2026-09-30T05:21:41.914Z,7
DEMO-DEV-1843,494,2022-10-01T18:24:47.948Z,2026-09-29T02:34:58.040Z,7
DEMO-DEV-1959,494,2022-10-02T21:16:14.455Z,2026-09-29T11:32:53.879Z,6
DEMO-DEV-1983,494,2022-10-10T10:15:49.225Z,2026-09-29T08:39:56.352Z,6
DEMO-DEV-2002,494,2022-10-01T17:28:54.535Z,2026-09-29T15:26:23.591Z,7
DEMO-DEV-2046,494,2022-10-08T03:02:46.428Z,2026-09-30T00:10:57.230Z,7
DEMO-DEV-2124,494,2022-10-06T14:41:27.134Z,2026-09-26T09:44:27.038Z,7
DEMO-DEV-2154,494,2022-10-05T23:28:36.926Z,2026-09-28T10:47:23.618Z,7
DEMO-DEV-2181,494,2022-10-06T18:19:32.842Z,2026-09-24T07:54:55.992Z,7
DEMO-DEV-2348,494,2022-10-02T12:51:28.949Z,2026-09-25T00:39:30.402Z,7
DEMO-DEV-2387,494,2022-10-02T14:15:07.646Z,2026-09-27T17:42:19.719Z,6
DEMO-DEV-2489,494,2022-10-06T02:55:54.949Z,2026-09-24T14:06:33.308Z,7
DEMO-DEV-2506,494,2022-10-01T18:05:00.337Z,2026-09-29T02:12:02.825Z,6
DEMO-DEV-2542,494,2022-10-01T16:57:15.992Z,2026-09-29T15:38:29.702Z,6
DEMO-DEV-2580,494,2022-10-01T12:33:56.226Z,2026-09-26T18:15:49.658Z,7
DEMO-DEV-2813,494,2022-10-02T09:05:57.867Z,2026-09-29T00:41:47.150Z,7
DEMO-DEV-2938,494,2022-10-02T20:08:21.415Z,2026-09-23T22:37:20.208Z,6
DEMO-DEV-2941,494,2022-10-03T02:52:46.315Z,2026-09-28T14:15:05.057Z,6
DEMO-DEV-3126,494,2022-10-04T19:16:10.682Z,2026-09-28T07:46:38.272Z,7
DEMO-DEV-3180,494,2022-10-02T23:26:23.555Z,2026-09-29T13:01:51.987Z,7
DEMO-DEV-3242,494,2022-10-02T05:23:25.120Z,2026-09-28T22:08:37.870Z,7
DEMO-DEV-3247,494,2022-10-02T07:21:36.639Z,2026-09-28T20:37:15.884Z,6
DEMO-DEV-3305,494,2022-10-10T09:27:51.884Z,2026-09-29T13:04:15.466Z,7
DEMO-DEV-3312,494,2022-10-04T22:25:49.250Z,2026-09-30T06:40:55.222Z,6
DEMO-DEV-3392,494,2022-10-05T06:55:06.190Z,2026-09-28T19:06:47.460Z,7
DEMO-DEV-3500,494,2022-10-05T07:06:11.239Z,2026-09-29T17:37:27.357Z,6
DEMO-DEV-3648,494,2022-10-02T01:04:26.394Z,2026-09-27T07:15:36.470Z,6
DEMO-DEV-3667,494,2022-10-11T00:13:17.648Z,2026-09-28T16:29:39.370Z,6
DEMO-DEV-3700,494,2022-10-03T19:20:31.287Z,2026-09-25T14:56:31.455Z,7
DEMO-DEV-3831,494,2022-10-01T10:38:54.646Z,2026-09-25T16:08:35.545Z,7
DEMO-DEV-3870,494,2022-10-01T12:27:09.778Z,2026-09-27T12:06:33.497Z,6
DEMO-DEV-3991,494,2022-10-01T17:06:01.366Z,2026-09-29T23:24:34.584Z,7
DEMO-DEV-4044,494,2022-10-05T07:28:40.250Z,2026-09-28T01:11:02.885Z,6
DEMO-DEV-4053,494,2022-10-16T12:07:09.173Z,2026-09-26T16:50:12.208Z,7
DEMO-DEV-4128,494,2022-10-07T23:13:09.524Z,2026-09-26T19:00:46.238Z,7
DEMO-DEV-4136,494,2022-10-05T16:40:34.232Z,2026-09-27T18:07:32.370Z,6
DEMO-DEV-4166,494,2022-10-02T11:14:23.307Z,2026-09-27T11:07:31.658Z,5
DEMO-DEV-4287,494,2022-10-01T09:51:09.692Z,2026-09-25T06:03:11.702Z,6
DEMO-DEV-4330,494,2022-10-03T14:35:13.211Z,2026-09-26T20:49:17.075Z,6
DEMO-DEV-4377,494,2022-10-01T15:49:17.816Z,2026-09-27T14:15:20.877Z,7
DEMO-DEV-4472,494,2022-10-04T01:23:46.765Z,2026-09-24T21:41:14.403Z,7
DEMO-DEV-4614,494,2022-10-02T09:54:40.218Z,2026-09-30T07:30:48.786Z,7
DEMO-DEV-4685,494,2022-10-05T06:56:13.676Z,2026-09-29T04:46:55.390Z,7
DEMO-DEV-4698,494,2022-10-08T16:34:06.250Z,2026-09-29T00:06:21.080Z,7
DEMO-DEV-4737,494,2022-10-06T01:18:50.578Z,2026-09-29T13:08:23.308Z,6
DEMO-DEV-4792,494,2022-10-03T08:36:31.778Z,2026-09-30T08:06:19.446Z,6
DEMO-DEV-4867,494,2022-10-01T23:25:12.298Z,2026-09-26T02:28:17.873Z,7
DEMO-DEV-4872,494,2022-10-06T02:45:10.511Z,2026-09-23T22:34:44.824Z,7
DEMO-DEV-4963,494,2022-10-02T19:09:29.397Z,2026-09-30T00:00:33.863Z,7
DEMO-DEV-4976,494,2022-10-03T20:05:02.077Z,2026-09-29T04:20:01.087Z,6
DEMO-DEV-4977,494,2022-10-02T16:07:00.568Z,2026-09-28T21:48:19.966Z,6
DEMO-DEV-4989,494,2022-10-02T19:44:45.710Z,2026-09-28T21:02:32.537Z,6
DEMO-DEV-5097,494,2022-10-03T20:43:10.455Z,2026-09-30T07:07:02.989Z,6
DEMO-DEV-5172,494,2022-10-05T04:34:43.167Z,2026-09-28T14:25:56.139Z,7
DEMO-DEV-5335,494,2022-10-04T21:26:25.307Z,2026-09-28T17:31:22.914Z,7
DEMO-DEV-5361,494,2022-10-03T06:39:14.913Z,2026-09-22T09:36:58.500Z,7
DEMO-DEV-5454,494,2022-10-04T19:00:34.319Z,2026-09-30T03:32:19.658Z,7
DEMO-DEV-5486,494,2022-10-07T21:17:23.825Z,2026-09-27T01:11:35.795Z,7
DEMO-DEV-5566,494,2022-10-01T16:13:38.254Z,2026-09-22T15:42:14.692Z,7
DEMO-DEV-5610,494,2022-10-01T11:37:04.038Z,2026-09-26T05:50:07.513Z,7
DEMO-DEV-5630,494,2022-10-02T11:43:22.870Z,2026-09-19T21:49:54.289Z,7
DEMO-DEV-5654,494,2022-10-03T07:12:58.719Z,2026-09-26T20:52:42.605Z,7
DEMO-DEV-5702,494,2022-10-03T14:53:34.287Z,2026-09-25T09:13:09.291Z,7
DEMO-DEV-5762,494,2022-10-02T09:39:42.859Z,2026-09-28T23:35:13.584Z,6
DEMO-DEV-5767,494,2022-10-01T09:02:43.040Z,2026-09-30T00:52:31.503Z,6
DEMO-DEV-5785,494,2022-10-02T00:17:19.578Z,2026-09-29T04:12:37.646Z,7
DEMO-DEV-5826,494,2022-10-02T23:01:46.402Z,2026-09-25T12:32:49.190Z,6
DEMO-DEV-6098,494,2022-10-02T09:02:15.307Z,2026-09-30T00:19:11.975Z,6
DEMO-DEV-6228,494,2022-10-06T04:58:04.505Z,2026-09-25T05:06:10.702Z,7
DEMO-DEV-6293,494,2022-10-02T03:10:36.926Z,2026-09-29T18:27:03.402Z,7
DEMO-DEV-6357,494,2022-10-08T17:41:13.870Z,2026-09-27T08:40:20.415Z,7
DEMO-DEV-6520,494,2022-10-01T08:48:23.868Z,2026-09-26T04:32:08.969Z,6
DEMO-DEV-6535,494,2022-10-02T06:07:37.219Z,2026-09-29T00:35:32.784Z,6
DEMO-DEV-6567,494,2022-10-01T22:35:50.714Z,2026-09-29T20:48:39.841Z,7
DEMO-DEV-6608,494,2022-10-01T09:51:30.218Z,2026-09-22T04:51:15.208Z,6
DEMO-DEV-6622,494,2022-10-01T09:32:53.735Z,2026-09-20T15:59:24.024Z,7
DEMO-DEV-6727,494,2022-10-02T11:58:22.597Z,2026-09-19T19:18:33.605Z,6
DEMO-DEV-6818,494,2022-10-07T06:03:27.027Z,2026-09-24T04:16:27.892Z,6
DEMO-DEV-6895,494,2022-10-03T20:52:40.969Z,2026-09-28T21:10:35.968Z,7
DEMO-DEV-6912,494,2022-10-03T19:38:27.535Z,2026-09-29T03:12:01.289Z,6
DEMO-DEV-6920,494,2022-10-01T14:07:15.230Z,2026-09-20T21:53:55.354Z,6
DEMO-DEV-6938,494,2022-10-02T02:19:49.253Z,2026-09-28T13:37:44.165Z,6
DEMO-DEV-6958,494,2022-10-01T09:25:20.784Z,2026-09-28T13:38:03.841Z,7
DEMO-DEV-6985,494,2022-10-03T14:19:42.841Z,2026-09-27T06:45:23.446Z,6
DEMO-DEV-7047,494,2022-10-04T22:01:01.172Z,2026-09-27T19:35:59.045Z,6
DEMO-DEV-7083,494,2022-10-03T06:48:34.537Z,2026-09-30T02:17:49.879Z,6
DEMO-DEV-7110,494,2022-10-08T11:24:07.391Z,2026-09-29T15:40:28.189Z,7
DEMO-DEV-7222,494,2022-10-02T17:31:33.221Z,2026-09-27T20:23:36.189Z,7
DEMO-DEV-7321,494,2022-10-07T16:56:31.300Z,2026-09-30T06:10:05.150Z,7
DEMO-DEV-7323,494,2022-10-03T20:28:05.219Z,2026-09-29T21:15:54.859Z,7
DEMO-DEV-7339,494,2022-10-05T13:38:59.460Z,2026-09-29T05:22:23.867Z,6
DEMO-DEV-7382,494,2022-10-07T00:37:57.661Z,2026-09-28T21:05:38.354Z,6
DEMO-DEV-7388,494,2022-10-01T19:15:08.782Z,2026-09-21T20:38:23.688Z,7
DEMO-DEV-7412,494,2022-10-01T21:54:27.037Z,2026-09-24T13:51:56.702Z,7
DEMO-DEV-7466,494,2022-10-02T22:30:51.505Z,2026-09-28T02:03:45.080Z,7
DEMO-DEV-7467,494,2022-10-02T23:57:33.843Z,2026-09-27T06:06:45.682Z,5
DEMO-DEV-7476,494,2022-10-01T20:20:25.357Z,2026-09-23T07:36:38.811Z,6
DEMO-DEV-7784,494,2022-10-02T21:16:54.584Z,2026-09-29T19:14:16.120Z,5
DEMO-DEV-7858,494,2022-10-04T11:51:37.021Z,2026-09-29T04:10:38.123Z,7
DEMO-DEV-7899,494,2022-10-02T12:38:40.655Z,2026-09-28T01:59:17.873Z,7
DEMO-DEV-7920,494,2022-10-02T07:20:19.989Z,2026-09-27T22:36:47.045Z,7
DEMO-DEV-7944,494,2022-10-05T18:56:46.917Z,2026-09-29T08:43:23.272Z,7
DEMO-DEV-7960,494,2022-10-02T18:29:13.682Z,2026-09-28T21:20:00.252Z,7
DEMO-DEV-7984,494,2022-10-01T13:59:34.365Z,2026-09-29T05:58:25.203Z,7
DEMO-DEV-7990,494,2022-10-05T08:44:54.557Z,2026-09-30T06:25:15.409Z,7
DEMO-DEV-7995,494,2022-10-01T08:42:43.161Z,2026-09-28T18:28:13.319Z,6
DEMO-DEV-8137,494,2022-10-08T13:50:10.591Z,2026-09-29T16:10:27.557Z,7
DEMO-DEV-8272,494,2022-10-08T05:44:01.272Z,2026-09-29T04:29:41.397Z,6
DEMO-DEV-8317,494,2022-10-04T09:38:50.268Z,2026-09-29T21:27:08.519Z,7
DEMO-DEV-8517,494,2022-10-02T19:11:49.537Z,2026-09-27T17:23:01.460Z,7
DEMO-DEV-8527,494,2022-10-04T15:02:18.264Z,2026-09-13T13:12:36.513Z,7
DEMO-DEV-8588,494,2022-10-03T14:29:33.172Z,2026-09-29T08:31:42.337Z,6
DEMO-DEV-8917,494,2022-10-03T03:40:50.784Z,2026-09-17T19:24:31.397Z,7
DEMO-DEV-8963,494,2022-10-21T21:32:07.037Z,2026-09-17T20:38:07.508Z,6
DEMO-DEV-9108,494,2022-10-01T14:48:11.208Z,2026-09-27T17:54:31.969Z,6
DEMO-DEV-9256,494,2022-10-08T04:30:06.714Z,2026-09-29T09:03:12.302Z,7
DEMO-DEV-9316,494,2022-10-04T01:56:10.949Z,2026-09-29T05:13:22.842Z,7
DEMO-DEV-9333,494,2022-10-01T11:42:22.394Z,2026-09-22T18:06:12.268Z,6
DEMO-DEV-9399,494,2022-10-04T05:58:08.614Z,2026-09-27T17:01:11.668Z,7
DEMO-DEV-9439,494,2022-10-03T02:58:37.949Z,2026-09-25T10:19:15.839Z,6
DEMO-DEV-9441,494,2022-10-10T08:47:42.968Z,2026-09-29T01:35:29.719Z,7
DEMO-DEV-9500,494,2022-10-08T09:08:31.319Z,2026-09-29T11:44:45.365Z,6
DEMO-DEV-9523,494,2022-10-02T23:10:20.402Z,2026-09-24T12:24:08.612Z,6
DEMO-DEV-9524,494,2022-10-06T15:54:01.268Z,2026-09-29T14:40:41.472Z,6
DEMO-DEV-9592,494,2022-10-05T10:48:08.337Z,2026-09-18T16:15:29.455Z,7
DEMO-DEV-9655,494,2022-10-01T15:55:08.040Z,2026-09-27T21:36:53.692Z,7
DEMO-DEV-9682,494,2022-10-01T21:29:59.597Z,2026-09-30T07:04:37.682Z,7
DEMO-DEV-9840,494,2022-10-03T05:10:54.073Z,2026-09-28T15:04:59.859Z,7
DEMO-DEV-9872,494,2022-10-03T21:07:14.403Z,2026-09-28T22:15:58.300Z,7
DEMO-DEV-9883,494,2022-10-02T07:25:42.165Z,2026-09-27T23:33:42.123Z,7
DEMO-DEV-9897,494,2022-10-02T23:16:11.974Z,2026-09-30T06:30:57.239Z,6
DEMO-DEV-9975,494,2022-10-05T19:38:35.527Z,2026-09-26T11:50:28.150Z,7
DEMO-DEV-0027,493,2022-10-03T03:22:32.555Z,2026-09-26T12:11:32.203Z,7
DEMO-DEV-0113,493,2022-10-01T15:43:39.460Z,2026-09-27T17:01:51.300Z,7
DEMO-DEV-0217,493,2022-10-01T08:34:57.555Z,2026-09-29T17:31:48.272Z,7
DEMO-DEV-0286,493,2022-10-11T02:13:43.172Z,2026-09-29T13:52:43.073Z,7
DEMO-DEV-0400,493,2022-10-02T12:45:42.172Z,2026-09-28T05:49:21.073Z,7
DEMO-DEV-0457,493,2022-10-07T02:47:38.636Z,2026-09-29T05:11:52.702Z,6
DEMO-DEV-0505,493,2022-10-01T14:53:24.688Z,2026-09-30T03:28:03.537Z,6
DEMO-DEV-0549,493,2022-10-02T09:11:01.926Z,2026-09-28T07:49:06.817Z,6
DEMO-DEV-0590,493,2022-10-01T20:09:06.917Z,2026-09-24T14:36:39.987Z,6
DEMO-DEV-0691,493,2022-10-01T22:04:29.653Z,2026-09-29T19:19:48.989Z,6
DEMO-DEV-0711,493,2022-10-05T23:15:53.168Z,2026-09-29T05:53:39.442Z,7
DEMO-DEV-0760,493,2022-10-01T22:10:24.254Z,2026-09-21T14:28:00.026Z,6
DEMO-DEV-0804,493,2022-10-05T02:12:59.203Z,2026-09-22T07:32:48.913Z,7
DEMO-DEV-1007,493,2022-10-02T19:00:05.877Z,2026-09-28T17:44:33.668Z,7
DEMO-DEV-1176,493,2022-10-03T10:23:21.370Z,2026-09-26T22:33:21.873Z,7
DEMO-DEV-1222,493,2022-10-05T03:54:43.225Z,2026-09-30T05:09:42.799Z,7
DEMO-DEV-1281,493,2022-10-06T17:13:43.803Z,2026-09-30T03:35:55.612Z,7
DEMO-DEV-1298,493,2022-10-07T01:43:45.045Z,2026-09-29T01:50:24.254Z,6
DEMO-DEV-1303,493,2022-10-02T10:00:54.252Z,2026-09-28T19:28:19.090Z,6
DEMO-DEV-1351,493,2022-10-01T21:32:16.354Z,2026-09-28T17:23:39.816Z,7
DEMO-DEV-1355,493,2022-10-02T02:57:22.824Z,2026-09-28T01:26:11.203Z,7
DEMO-DEV-1395,493,2022-10-04T02:48:05.778Z,2026-09-25T10:39:09.004Z,6
DEMO-DEV-1447,493,2022-10-02T22:43:25.784Z,2026-09-29T01:18:55.527Z,7
DEMO-DEV-1519,493,2022-10-05T00:49:27.298Z,2026-09-21T22:07:13.500Z,7
DEMO-DEV-1578,493,2022-10-04T12:26:49.298Z,2026-09-27T14:03:36.337Z,7
DEMO-DEV-1658,493,2022-10-02T17:55:01.160Z,2026-09-26T23:11:10.040Z,6
DEMO-DEV-1718,493,2022-10-03T06:55:56.500Z,2026-09-28T04:01:28.870Z,7
DEMO-DEV-1762,493,2022-10-07T14:38:13.524Z,2026-09-29T19:47:54.077Z,6
DEMO-DEV-1804,493,2022-10-03T12:15:37.873Z,2026-09-23T08:10:25.038Z,7
DEMO-DEV-1864,493,2022-10-05T23:20:45.668Z,2026-09-22T15:57:49.394Z,6
DEMO-DEV-1889,493,2022-10-02T09:50:09.302Z,2026-09-30T06:30:22.246Z,6
DEMO-DEV-1968,493,2022-10-01T09:43:47.090Z,2026-09-27T12:21:58.075Z,7
DEMO-DEV-2084,493,2022-10-12T23:24:33.003Z,2026-09-26T18:33:40.885Z,6
DEMO-DEV-2146,493,2022-10-03T08:02:12.778Z,2026-09-28T17:52:40.218Z,7
DEMO-DEV-2157,493,2022-10-01T13:04:10.402Z,2026-09-26T17:04:53.236Z,7
DEMO-DEV-2317,493,2022-10-03T18:34:50.784Z,2026-09-20T22:50:32.817Z,7
DEMO-DEV-2370,493,2022-10-02T10:00:03.165Z,2026-09-22T04:08:44.246Z,6
DEMO-DEV-2436,493,2022-10-02T01:01:37.272Z,2026-09-29T17:21:54.226Z,6
DEMO-DEV-2439,493,2022-10-07T12:02:05.397Z,2026-09-22T03:20:57.926Z,6
DEMO-DEV-2456,493,2022-10-02T19:08:02.816Z,2026-09-28T18:25:27.040Z,6
DEMO-DEV-2521,493,2022-10-02T22:32:21.511Z,2026-09-21T13:05:42.370Z,7
DEMO-DEV-2557,493,2022-10-03T17:48:12.646Z,2026-09-24T17:48:35.842Z,7
DEMO-DEV-2591,493,2022-10-02T17:19:09.682Z,2026-09-25T05:05:42.390Z,7
DEMO-DEV-2663,493,2022-10-02T03:12:17.302Z,2026-09-21T09:12:14.614Z,7
DEMO-DEV-2713,493,2022-10-04T21:31:13.948Z,2026-09-28T15:53:42.692Z,7
DEMO-DEV-2746,493,2022-10-02T18:34:08.168Z,2026-09-26T03:30:44.446Z,7
DEMO-DEV-2805,493,2022-10-03T11:16:59.239Z,2026-09-25T15:44:12.803Z,5
DEMO-DEV-2836,493,2022-10-02T08:36:03.080Z,2026-09-28T19:42:22.578Z,7
DEMO-DEV-2858,493,2022-10-05T05:27:26.825Z,2026-09-28T19:52:11.230Z,7
DEMO-DEV-2860,493,2022-10-07T01:34:01.891Z,2026-09-29T18:26:33.073Z,6
DEMO-DEV-2974,493,2022-10-02T17:54:50.843Z,2026-09-29T01:12:00.891Z,7
DEMO-DEV-3019,493,2022-10-09T08:06:00.073Z,2026-09-29T03:06:41.599Z,6
DEMO-DEV-3138,493,2022-10-06T17:58:11.368Z,2026-09-29T11:40:49.077Z,7
DEMO-DEV-3201,493,2022-10-01T17:11:12.778Z,2026-09-29T03:53:39.605Z,7
DEMO-DEV-3228,493,2022-10-08T19:35:20.192Z,2026-09-19T15:48:54.230Z,6
DEMO-DEV-3230,493,2022-10-01T08:43:13.597Z,2026-09-27T12:21:47.446Z,6
DEMO-DEV-3264,493,2022-10-05T05:58:59.397Z,2026-09-27T06:27:22.023Z,6
DEMO-DEV-3303,493,2022-10-02T06:18:47.614Z,2026-09-29T19:11:42.836Z,6
DEMO-DEV-3304,493,2022-10-06T11:01:09.370Z,2026-09-28T05:29:56.859Z,6
DEMO-DEV-3331,493,2022-10-07T07:24:51.254Z,2026-09-25T22:51:54.914Z,7
DEMO-DEV-3353,493,2022-10-06T09:12:47.300Z,2026-09-30T04:50:09.080Z,6
DEMO-DEV-3359,493,2022-10-05T03:00:54.167Z,2026-09-30T04:49:57.370Z,7
DEMO-DEV-3457,493,2022-10-01T22:41:13.891Z,2026-09-26T13:24:10.785Z,7
DEMO-DEV-3462,493,2022-10-01T14:18:58.234Z,2026-09-29T19:12:39.803Z,7
DEMO-DEV-3474,493,2022-10-04T21:28:02.442Z,2026-09-26T13:49:57.974Z,7
DEMO-DEV-3512,493,2022-10-09T04:30:10.288Z,2026-09-27T09:42:17.710Z,7
DEMO-DEV-3601,493,2022-10-01T10:04:02.138Z,2026-09-27T21:17:53.968Z,7
DEMO-DEV-3669,493,2022-10-05T23:02:08.500Z,2026-09-27T04:42:22.190Z,7
DEMO-DEV-3716,493,2022-10-03T22:03:06.165Z,2026-09-28T17:30:12.368Z,7
DEMO-DEV-3747,493,2022-10-02T05:42:11.253Z,2026-09-29T11:24:44.658Z,7
DEMO-DEV-3858,493,2022-10-03T10:56:17.503Z,2026-09-26T21:32:20.870Z,6
DEMO-DEV-3872,493,2022-10-02T01:16:14.190Z,2026-09-19T23:29:58.087Z,7
DEMO-DEV-3914,493,2022-10-03T12:53:46.205Z,2026-09-29T04:48:20.391Z,6
DEMO-DEV-3915,493,2022-10-02T21:49:30.307Z,2026-09-21T22:39:18.205Z,7
DEMO-DEV-4058,493,2022-10-07T17:37:23.710Z,2026-09-29T14:56:21.765Z,6
DEMO-DEV-4201,493,2022-10-10T07:07:34.368Z,2026-09-29T13:41:07.702Z,7
DEMO-DEV-4218,493,2022-10-07T16:11:37.021Z,2026-09-30T01:35:44.965Z,7
DEMO-DEV-4274,493,2022-10-11T23:18:59.394Z,2026-09-25T20:06:54.842Z,7
DEMO-DEV-4276,493,2022-10-01T15:22:13.975Z,2026-09-24T02:48:34.315Z,6
DEMO-DEV-4409,493,2022-10-05T04:01:58.868Z,2026-09-27T15:01:13.646Z,6
DEMO-DEV-4523,493,2022-10-05T21:08:34.639Z,2026-09-29T19:10:11.205Z,6
DEMO-DEV-4624,493,2022-10-03T19:06:59.511Z,2026-09-22T02:36:23.455Z,7
DEMO-DEV-4699,493,2022-10-05T19:01:03.816Z,2026-09-23T14:25:20.073Z,7
DEMO-DEV-4709,493,2022-10-04T04:53:39.238Z,2026-09-29T18:48:07.519Z,7
DEMO-DEV-4713,493,2022-10-05T23:41:46.864Z,2026-09-29T07:29:19.714Z,7
DEMO-DEV-4743,493,2022-10-02T02:33:07.192Z,2026-09-21T11:26:42.752Z,7
DEMO-DEV-5056,493,2022-10-04T10:30:04.710Z,2026-09-24T05:13:23.365Z,7
DEMO-DEV-5057,493,2022-10-04T09:56:42.037Z,2026-09-29T09:48:35.037Z,7
DEMO-DEV-5088,493,2022-10-01T15:58:54.799Z,2026-09-29T23:09:06.965Z,7
DEMO-DEV-5108,493,2022-10-06T00:46:46.929Z,2026-09-29T15:12:46.612Z,6
DEMO-DEV-5239,493,2022-10-05T04:03:39.929Z,2026-09-27T07:12:27.087Z,7
DEMO-DEV-5250,493,2022-10-04T09:31:00.208Z,2026-09-28T12:43:06.682Z,6
DEMO-DEV-5252,493,2022-10-02T00:49:34.077Z,2026-09-23T17:28:48.926Z,7
DEMO-DEV-5272,493,2022-10-02T17:27:22.523Z,2026-09-30T02:55:49.985Z,6
DEMO-DEV-5286,493,2022-10-01T12:16:40.226Z,2026-09-30T06:48:01.455Z,7
DEMO-DEV-5342,493,2022-10-03T16:22:58.836Z,2026-09-28T20:16:10.992Z,6
DEMO-DEV-5429,493,2022-10-11T01:01:13.221Z,2026-09-28T10:49:12.236Z,7
DEMO-DEV-5637,493,2022-10-01T18:49:07.778Z,2026-09-27T06:02:08.556Z,7
DEMO-DEV-5773,493,2022-10-04T00:41:16.987Z,2026-09-29T19:57:25.500Z,6
DEMO-DEV-5810,493,2022-10-03T04:40:26.824Z,2026-09-28T02:13:28.968Z,6
DEMO-DEV-5888,493,2022-10-06T11:13:49.015Z,2026-09-28T16:38:20.795Z,6
DEMO-DEV-5973,493,2022-10-04T11:27:47.692Z,2026-09-29T01:41:11.325Z,6
DEMO-DEV-6006,493,2022-10-05T04:36:12.307Z,2026-09-30T05:26:33.123Z,7
DEMO-DEV-6029,493,2022-10-01T15:32:38.793Z,2026-09-26T19:36:44.368Z,7
DEMO-DEV-6117,493,2022-10-02T09:09:48.204Z,2026-09-30T03:29:52.218Z,6
DEMO-DEV-6146,493,2022-10-04T16:55:10.914Z,2026-09-24T22:40:55.511Z,6
DEMO-DEV-6173,493,2022-10-01T19:41:50.397Z,2026-09-26T05:08:07.354Z,7
DEMO-DEV-6261,493,2022-10-01T19:42:39.370Z,2026-09-27T20:51:28.513Z,7
DEMO-DEV-6284,493,2022-10-07T18:38:08.523Z,2026-09-18T07:32:35.584Z,7
DEMO-DEV-6325,493,2022-10-01T10:39:54.500Z,2026-09-29T09:41:02.497Z,7
DEMO-DEV-6402,493,2022-10-01T22:07:11.208Z,2026-09-24T13:43:03.302Z,7
DEMO-DEV-6509,493,2022-10-05T00:17:24.719Z,2026-09-27T16:09:40.037Z,7
DEMO-DEV-6548,493,2022-10-01T10:41:48.884Z,2026-09-29T03:35:53.428Z,7
DEMO-DEV-6616,493,2022-10-01T14:53:00.264Z,2026-09-28T11:15:48.688Z,7
DEMO-DEV-6624,493,2022-10-03T10:12:24.754Z,2026-09-29T10:15:57.415Z,7
DEMO-DEV-6639,493,2022-10-02T22:34:00.253Z,2026-09-28T10:24:07.806Z,7
DEMO-DEV-6685,493,2022-10-05T20:04:15.139Z,2026-09-20T17:55:46.803Z,6
DEMO-DEV-6740,493,2022-10-02T15:38:26.816Z,2026-09-28T09:38:04.868Z,7
DEMO-DEV-6748,493,2022-10-05T05:29:21.682Z,2026-09-29T18:15:30.839Z,7
DEMO-DEV-6789,493,2022-10-02T15:10:11.219Z,2026-09-26T05:10:29.859Z,7
DEMO-DEV-6790,493,2022-10-01T17:16:35.040Z,2026-09-21T01:14:02.183Z,7
DEMO-DEV-6902,493,2022-10-15T14:29:36.428Z,2026-09-28T05:34:04.891Z,6
DEMO-DEV-6936,493,2022-10-02T11:19:25.975Z,2026-09-30T07:16:01.165Z,7
DEMO-DEV-6950,493,2022-10-01T10:31:40.892Z,2026-09-29T09:43:07.026Z,7
DEMO-DEV-7029,493,2022-10-05T17:51:54.063Z,2026-09-28T03:11:43.710Z,6
DEMO-DEV-7034,493,2022-10-01T22:49:03.442Z,2026-09-29T23:52:59.319Z,6
DEMO-DEV-7192,493,2022-10-07T22:41:08.836Z,2026-09-29T13:14:43.211Z,6
DEMO-DEV-7232,493,2022-10-02T04:42:41.965Z,2026-09-28T17:12:16.597Z,6
DEMO-DEV-7322,493,2022-10-05T04:54:34.524Z,2026-09-30T00:19:26.612Z,7
DEMO-DEV-7402,493,2022-10-03T15:43:17.618Z,2026-09-28T19:34:43.250Z,6
DEMO-DEV-7439,493,2022-10-05T06:33:42.485Z,2026-09-29T10:02:02.727Z,7
DEMO-DEV-7531,493,2022-10-01T14:47:49.252Z,2026-09-26T23:40:03.298Z,6
DEMO-DEV-7555,493,2022-10-06T04:12:31.545Z,2026-09-29T22:30:10.232Z,6
DEMO-DEV-7557,493,2022-10-04T02:19:32.023Z,2026-09-29T14:18:23.485Z,7
DEMO-DEV-7765,493,2022-10-02T10:12:45.123Z,2026-09-23T15:38:17.968Z,6
DEMO-DEV-7770,493,2022-10-04T10:24:56.298Z,2026-09-27T19:42:19.205Z,7
DEMO-DEV-7772,493,2022-10-01T18:30:11.500Z,2026-09-19T15:15:01.885Z,6
DEMO-DEV-7888,493,2022-10-08T19:57:03.851Z,2026-09-28T23:54:56.784Z,7
DEMO-DEV-7954,493,2022-10-04T04:18:38.914Z,2026-09-28T20:29:03.415Z,6
DEMO-DEV-8040,493,2022-10-02T12:40:28.913Z,2026-09-25T11:38:12.077Z,7
DEMO-DEV-8052,493,2022-10-09T02:15:24.752Z,2026-09-25T12:15:55.636Z,7
DEMO-DEV-8055,493,2022-10-01T17:58:08.366Z,2026-09-08T11:36:53.811Z,6
DEMO-DEV-8194,493,2022-10-04T05:32:23.676Z,2026-09-29T10:45:46.208Z,7
DEMO-DEV-8203,493,2022-10-04T09:32:19.836Z,2026-09-29T23:37:39.785Z,7
DEMO-DEV-8206,493,2022-10-11T10:13:51.508Z,2026-09-24T16:43:11.584Z,7
DEMO-DEV-8340,493,2022-10-02T14:25:49.948Z,2026-09-29T17:25:43.307Z,5
DEMO-DEV-8401,493,2022-10-01T22:39:53.045Z,2026-09-28T11:16:23.402Z,7
DEMO-DEV-8407,493,2022-10-02T05:29:32.752Z,2026-09-29T06:53:48.527Z,7
DEMO-DEV-8421,493,2022-10-02T02:21:23.839Z,2026-09-21T16:00:38.786Z,7
DEMO-DEV-8476,493,2022-10-07T02:41:02.077Z,2026-09-29T01:16:53.442Z,6
DEMO-DEV-8504,493,2022-10-05T08:12:25.120Z,2026-09-28T06:20:10.075Z,5
DEMO-DEV-8510,493,2022-10-06T12:44:45.236Z,2026-09-30T07:10:10.537Z,5
DEMO-DEV-8703,493,2022-10-02T11:15:13.300Z,2026-09-20T00:59:27.298Z,6
DEMO-DEV-8759,493,2022-10-02T05:47:40.859Z,2026-09-27T06:33:31.370Z,6
DEMO-DEV-8868,493,2022-10-01T23:43:48.319Z,2026-09-29T12:14:42.218Z,7
DEMO-DEV-8891,493,2022-10-02T02:39:22.155Z,2026-09-29T04:07:24.969Z,7
DEMO-DEV-8935,493,2022-10-10T09:25:20.308Z,2026-09-29T18:01:55.786Z,6
DEMO-DEV-8958,493,2022-10-09T04:14:35.460Z,2026-09-29T03:44:57.368Z,7
DEMO-DEV-8977,493,2022-10-01T16:17:48.123Z,2026-09-23T04:31:19.804Z,7
DEMO-DEV-9000,493,2022-10-04T23:12:17.470Z,2026-09-22T16:13:17.511Z,5
DEMO-DEV-9142,493,2022-10-04T04:04:34.239Z,2026-09-28T17:08:20.817Z,7
DEMO-DEV-9317,493,2022-10-03T20:33:03.203Z,2026-09-24T21:06:49.189Z,7
DEMO-DEV-9348,493,2022-10-02T07:28:00.527Z,2026-09-28T16:52:54.863Z,6
DEMO-DEV-9470,493,2022-10-05T04:41:30.612Z,2026-09-30T02:41:18.428Z,6
DEMO-DEV-9480,493,2022-10-03T11:07:34.975Z,2026-09-24T06:39:19.160Z,7
DEMO-DEV-9571,493,2022-10-06T12:48:01.524Z,2026-09-26T17:11:06.824Z,6
DEMO-DEV-9677,493,2022-10-02T09:58:12.948Z,2026-09-27T16:07:34.264Z,7
DEMO-DEV-9719,493,2022-10-06T00:55:15.234Z,2026-09-27T05:22:05.208Z,7
DEMO-DEV-9767,493,2022-10-01T19:58:40.816Z,2026-09-28T14:22:41.557Z,5
DEMO-DEV-0020,492,2022-10-09T20:01:41.208Z,2026-09-30T00:09:52.508Z,7
DEMO-DEV-0057,492,2022-10-04T01:06:24.232Z,2026-09-28T07:07:32.926Z,7
DEMO-DEV-0080,492,2022-10-03T01:44:10.513Z,2026-09-22T02:22:57.950Z,6
DEMO-DEV-0112,492,2022-10-01T11:59:22.974Z,2026-09-26T19:36:40.288Z,7
DEMO-DEV-0284,492,2022-10-01T10:02:35.234Z,2026-09-17T14:00:13.614Z,7
DEMO-DEV-0319,492,2022-10-04T13:37:00.785Z,2026-09-28T21:45:50.511Z,6
DEMO-DEV-0436,492,2022-10-03T16:32:25.524Z,2026-09-30T08:07:10.513Z,7
DEMO-DEV-0440,492,2022-10-05T10:31:28.591Z,2026-09-28T02:05:35.443Z,7
DEMO-DEV-0537,492,2022-10-04T16:51:22.842Z,2026-09-28T13:45:11.719Z,6
DEMO-DEV-0576,492,2022-10-04T14:26:44.120Z,2026-09-29T17:43:29.455Z,6
DEMO-DEV-0588,492,2022-10-04T22:14:49.676Z,2026-09-28T09:43:27.513Z,7
DEMO-DEV-0623,492,2022-10-03T00:09:36.357Z,2026-09-27T11:49:17.365Z,6
DEMO-DEV-0661,492,2022-10-07T17:55:11.578Z,2026-09-24T10:26:26.391Z,7
DEMO-DEV-0725,492,2022-10-02T22:27:14.891Z,2026-09-28T12:19:18.785Z,7
DEMO-DEV-0747,492,2022-10-01T14:24:32.754Z,2026-09-29T06:17:59.605Z,7
DEMO-DEV-0766,492,2022-10-02T16:26:28.063Z,2026-09-23T07:38:49.929Z,6
DEMO-DEV-0795,492,2022-10-01T22:03:24.003Z,2026-09-23T18:54:21.087Z,6
DEMO-DEV-0801,492,2022-10-08T03:08:02.357Z,2026-09-28T13:55:58.816Z,6
DEMO-DEV-0979,492,2022-10-03T21:06:17.877Z,2026-09-29T05:04:32.352Z,6
DEMO-DEV-1060,492,2022-10-02T08:43:13.387Z,2026-09-27T23:45:19.497Z,7
DEMO-DEV-1097,492,2022-10-12T12:30:19.524Z,2026-09-28T14:10:40.738Z,6
DEMO-DEV-1127,492,2022-10-02T21:24:48.023Z,2026-09-29T20:50:35.155Z,7
DEMO-DEV-1231,492,2022-10-02T00:59:50.987Z,2026-09-25T16:57:50.288Z,7
DEMO-DEV-1259,492,2022-10-01T18:47:19.974Z,2026-09-28T12:16:12.537Z,7
DEMO-DEV-1306,492,2022-10-01T13:12:42.226Z,2026-09-25T19:32:13.493Z,6
DEMO-DEV-1434,492,2022-10-01T20:37:29.851Z,2026-09-26T03:18:56.974Z,7
DEMO-DEV-1442,492,2022-10-07T13:30:42.752Z,2026-09-27T09:29:35.817Z,5
DEMO-DEV-1444,492,2022-10-09T10:50:48.859Z,2026-09-20T05:38:51.470Z,7
DEMO-DEV-1453,492,2022-10-17T01:27:39.987Z,2026-09-27T13:05:03.443Z,6
DEMO-DEV-1465,492,2022-10-02T19:46:03.929Z,2026-09-27T18:42:39.246Z,7
DEMO-DEV-1583,492,2022-10-02T13:37:30.037Z,2026-09-28T03:14:13.519Z,7
DEMO-DEV-1678,492,2022-10-06T21:47:18.004Z,2026-09-29T22:26:39.352Z,7
DEMO-DEV-1705,492,2022-10-11T07:06:24.913Z,2026-09-29T08:33:08.230Z,7
DEMO-DEV-1708,492,2022-10-03T11:19:14.578Z,2026-09-26T06:35:34.403Z,7
DEMO-DEV-1980,492,2022-10-03T08:50:45.803Z,2026-09-27T22:48:15.138Z,6
DEMO-DEV-2019,492,2022-10-02T21:03:31.836Z,2026-09-28T23:07:46.870Z,7
DEMO-DEV-2094,492,2022-10-05T01:52:51.289Z,2026-09-21T21:30:18.232Z,6
DEMO-DEV-2096,492,2022-10-03T01:50:49.252Z,2026-09-26T21:54:11.224Z,7
DEMO-DEV-2207,492,2022-10-01T17:58:02.134Z,2026-09-29T07:49:33.661Z,6
DEMO-DEV-2321,492,2022-10-04T04:51:48.189Z,2026-09-29T08:43:06.232Z,7
DEMO-DEV-2327,492,2022-10-05T08:26:34.077Z,2026-09-29T16:41:47.319Z,6
DEMO-DEV-2342,492,2022-10-03T13:01:17.024Z,2026-09-29T21:49:00.123Z,7
DEMO-DEV-2442,492,2022-10-03T23:14:23.714Z,2026-09-27T08:25:50.867Z,6
DEMO-DEV-2534,492,2022-10-05T00:30:20.123Z,2026-09-24T05:42:56.879Z,6
DEMO-DEV-2647,492,2022-10-08T17:33:32.239Z,2026-09-19T04:25:33.021Z,6
DEMO-DEV-2656,492,2022-10-06T11:14:50.676Z,2026-09-28T23:09:55.851Z,7
DEMO-DEV-2699,492,2022-10-02T13:03:41.203Z,2026-09-30T01:23:16.824Z,7
DEMO-DEV-2727,492,2022-10-03T19:23:05.221Z,2026-09-30T07:41:32.765Z,7
DEMO-DEV-2744,492,2022-10-04T01:50:27.639Z,2026-09-29T22:02:18.612Z,7
DEMO-DEV-2771,492,2022-10-02T20:33:07.607Z,2026-09-29T17:01:07.867Z,7
DEMO-DEV-2831,492,2022-10-02T12:53:07.666Z,2026-09-15T13:33:37.021Z,7
DEMO-DEV-2833,492,2022-10-01T18:12:38.234Z,2026-09-30T06:05:24.397Z,6
DEMO-DEV-3062,492,2022-10-03T20:59:05.172Z,2026-09-29T19:40:32.442Z,7
DEMO-DEV-3069,492,2022-10-03T22:53:44.929Z,2026-09-30T01:25:59.161Z,6
DEMO-DEV-3084,492,2022-10-06T21:22:37.250Z,2026-09-29T11:04:40.264Z,7
DEMO-DEV-3095,492,2022-10-02T21:24:03.646Z,2026-09-29T19:02:12.073Z,7
DEMO-DEV-3149,492,2022-10-02T08:09:54.863Z,2026-09-29T06:54:44.057Z,7
DEMO-DEV-3178,492,2022-10-03T12:25:47.966Z,2026-09-29T20:17:16.702Z,7
DEMO-DEV-3189,492,2022-10-05T22:35:43.804Z,2026-09-29T22:40:22.668Z,7
DEMO-DEV-3249,492,2022-10-02T00:22:09.914Z,2026-09-28T13:52:37.460Z,6
DEMO-DEV-3300,492,2022-10-01T14:26:10.806Z,2026-09-29T22:55:53.190Z,6
DEMO-DEV-3379,492,2022-10-07T20:55:00.189Z,2026-09-27T00:05:18.524Z,7
DEMO-DEV-3397,492,2022-10-02T01:54:45.014Z,2026-09-28T08:23:06.230Z,7
DEMO-DEV-3498,492,2022-10-03T13:19:04.073Z,2026-09-26T05:46:42.160Z,6
DEMO-DEV-3524,492,2022-10-03T16:24:28.618Z,2026-09-27T07:42:52.298Z,7
DEMO-DEV-3546,492,2022-10-05T21:22:07.325Z,2026-09-29T22:04:22.778Z,6
DEMO-DEV-3710,492,2022-10-08T19:55:22.969Z,2026-09-29T12:15:57.225Z,7
DEMO-DEV-3743,492,2022-10-04T00:49:03.646Z,2026-09-27T06:11:28.368Z,7
DEMO-DEV-3776,492,2022-10-01T10:53:01.446Z,2026-09-25T13:42:59.370Z,6
DEMO-DEV-3867,492,2022-10-03T07:16:02.524Z,2026-09-29T17:28:26.519Z,7
DEMO-DEV-4259,492,2022-10-03T17:56:04.655Z,2026-09-25T17:05:28.975Z,6
DEMO-DEV-4365,492,2022-10-02T04:30:36.948Z,2026-09-30T00:39:17.646Z,7
DEMO-DEV-4521,492,2022-10-01T16:52:48.160Z,2026-09-30T01:22:25.165Z,6
DEMO-DEV-4598,492,2022-10-04T09:54:02.236Z,2026-09-24T19:12:05.397Z,6
DEMO-DEV-4630,492,2022-10-03T15:50:36.090Z,2026-09-28T05:43:36.914Z,7
DEMO-DEV-4644,492,2022-10-02T02:36:09.087Z,2026-09-30T07:22:18.868Z,7
DEMO-DEV-4688,492,2022-10-06T07:50:29.172Z,2026-09-25T08:53:32.676Z,7
DEMO-DEV-4696,492,2022-10-02T00:26:56.307Z,2026-09-27T13:02:32.004Z,6
DEMO-DEV-4708,492,2022-10-04T02:45:40.646Z,2026-09-30T08:18:00.676Z,7
DEMO-DEV-4716,492,2022-10-02T19:59:55.402Z,2026-09-29T08:44:51.014Z,7
DEMO-DEV-4886,492,2022-10-05T19:44:03.987Z,2026-09-29T16:59:27.077Z,7
DEMO-DEV-4923,492,2022-10-01T22:33:52.026Z,2026-09-22T03:27:49.597Z,7
DEMO-DEV-4936,492,2022-10-03T20:46:03.975Z,2026-09-24T13:08:53.754Z,7
DEMO-DEV-5026,492,2022-10-03T21:33:40.300Z,2026-09-27T10:47:41.885Z,7
DEMO-DEV-5136,492,2022-10-02T18:27:26.859Z,2026-09-21T22:09:56.173Z,7
DEMO-DEV-5195,492,2022-10-04T02:18:02.024Z,2026-09-28T03:07:44.428Z,7
DEMO-DEV-5200,492,2022-10-03T08:13:46.308Z,2026-09-30T02:24:20.455Z,6
DEMO-DEV-5208,492,2022-10-03T00:48:36.038Z,2026-09-22T21:18:45.591Z,6
DEMO-DEV-5428,492,2022-10-02T20:58:22.653Z,2026-09-29T07:35:01.038Z,7
DEMO-DEV-5653,492,2022-10-02T05:19:48.075Z,2026-09-28T19:04:56.524Z,7
DEMO-DEV-5657,492,2022-10-10T12:04:36.219Z,2026-09-29T20:11:18.914Z,7
DEMO-DEV-5694,492,2022-10-04T01:17:10.503Z,2026-09-24T11:57:23.391Z,7
DEMO-DEV-5711,492,2022-10-01T16:32:18.825Z,2026-09-30T04:54:44.024Z,6
DEMO-DEV-5756,492,2022-10-02T09:35:31.710Z,2026-09-28T19:22:02.913Z,7
DEMO-DEV-5882,492,2022-10-01T09:13:03.470Z,2026-09-23T21:20:22.612Z,6
DEMO-DEV-5923,492,2022-10-01T17:03:15.851Z,2026-09-26T08:51:01.370Z,6
DEMO-DEV-6001,492,2022-10-03T10:13:06.370Z,2026-09-28T08:48:02.668Z,6
DEMO-DEV-6037,492,2022-10-05T01:53:13.682Z,2026-09-29T06:58:23.394Z,6
DEMO-DEV-6044,492,2022-10-14T05:53:44.968Z,2026-09-26T11:55:35.120Z,7
DEMO-DEV-6137,492,2022-10-02T05:14:29.023Z,2026-09-28T01:53:01.455Z,7
DEMO-DEV-6251,492,2022-10-03T01:52:59.155Z,2026-09-28T06:08:39.238Z,6
DEMO-DEV-6278,492,2022-10-04T22:00:38.993Z,2026-09-27T16:52:02.614Z,6
DEMO-DEV-6290,492,2022-10-03T11:18:47.120Z,2026-09-28T18:20:29.870Z,7
DEMO-DEV-6330,492,2022-10-03T22:20:58.976Z,2026-09-26T15:24:59.442Z,7
DEMO-DEV-6390,492,2022-10-03T05:00:21.658Z,2026-09-30T07:12:18.173Z,6
DEMO-DEV-6511,492,2022-10-04T23:13:37.714Z,2026-09-29T16:17:34.702Z,7
DEMO-DEV-6521,492,2022-10-02T01:58:41.225Z,2026-09-26T05:02:49.409Z,7
DEMO-DEV-6579,492,2022-10-03T14:00:27.965Z,2026-09-27T03:00:11.120Z,6
DEMO-DEV-6750,492,2022-10-01T15:48:46.870Z,2026-09-22T01:58:43.926Z,7
DEMO-DEV-6763,492,2022-10-03T12:09:26.618Z,2026-09-26T12:24:05.727Z,7
DEMO-DEV-6843,492,2022-10-07T00:21:16.653Z,2026-09-25T22:15:28.038Z,6
DEMO-DEV-6853,492,2022-10-07T06:48:47.302Z,2026-09-28T17:47:13.676Z,7
DEMO-DEV-7191,492,2022-10-01T15:25:27.792Z,2026-09-30T02:33:00.308Z,6
DEMO-DEV-7330,492,2022-10-05T03:17:48.811Z,2026-09-25T01:14:06.752Z,6
DEMO-DEV-7345,492,2022-10-03T21:16:10.557Z,2026-09-21T10:18:07.892Z,6
DEMO-DEV-7441,492,2022-10-06T21:38:49.238Z,2026-09-29T18:55:04.974Z,6
DEMO-DEV-7493,492,2022-10-01T09:55:39.370Z,2026-09-30T02:09:03.926Z,7
DEMO-DEV-7523,492,2022-10-01T19:25:26.298Z,2026-09-25T01:59:20.246Z,7
DEMO-DEV-7566,492,2022-10-02T11:34:16.219Z,2026-09-29T13:51:27.325Z,7
DEMO-DEV-7568,492,2022-10-08T22:40:56.824Z,2026-09-28T06:42:36.989Z,6
DEMO-DEV-7608,492,2022-10-02T18:02:18.873Z,2026-09-29T20:39:33.415Z,6
DEMO-DEV-7614,492,2022-10-04T12:24:26.138Z,2026-09-28T14:52:45.965Z,7
DEMO-DEV-7749,492,2022-10-01T11:51:33.612Z,2026-09-23T01:44:07.120Z,7
DEMO-DEV-7759,492,2022-10-11T08:27:05.075Z,2026-09-22T06:31:49.345Z,7
DEMO-DEV-7894,492,2022-10-05T14:05:27.307Z,2026-09-29T19:55:54.189Z,7
DEMO-DEV-7940,492,2022-10-07T02:02:05.568Z,2026-09-28T17:17:44.211Z,7
DEMO-DEV-8025,492,2022-10-03T19:13:11.688Z,2026-09-27T00:45:14.428Z,6
DEMO-DEV-8178,492,2022-10-02T12:53:06.302Z,2026-09-27T19:17:49.219Z,6
DEMO-DEV-8547,492,2022-10-04T21:01:08.816Z,2026-09-21T12:04:41.968Z,7
DEMO-DEV-8567,492,2022-10-07T11:13:08.387Z,2026-09-29T17:43:06.839Z,7
DEMO-DEV-8569,492,2022-10-05T11:54:59.811Z,2026-09-26T15:00:34.873Z,6
DEMO-DEV-8586,492,2022-10-01T11:01:04.523Z,2026-09-30T05:24:24.319Z,7
DEMO-DEV-8709,492,2022-10-01T11:52:54.442Z,2026-09-29T16:46:51.824Z,7
DEMO-DEV-8727,492,2022-10-02T13:19:26.226Z,2026-09-26T06:04:27.836Z,7
DEMO-DEV-8887,492,2022-10-02T02:39:00.545Z,2026-09-29T12:48:48.222Z,6
DEMO-DEV-8933,492,2022-10-02T02:37:16.120Z,2026-09-27T05:51:49.591Z,7
DEMO-DEV-9052,492,2022-10-02T12:34:08.455Z,2026-09-30T03:56:52.023Z,7
DEMO-DEV-9094,492,2022-10-02T07:25:27.926Z,2026-09-20T02:25:45.648Z,7
DEMO-DEV-9181,492,2022-10-04T16:00:31.268Z,2026-09-26T09:15:06.232Z,7
DEMO-DEV-9226,492,2022-10-01T20:48:50.503Z,2026-09-26T11:43:53.557Z,7
DEMO-DEV-9261,492,2022-10-05T09:27:12.591Z,2026-09-27T19:03:01.288Z,7
DEMO-DEV-9367,492,2022-10-02T09:25:45.366Z,2026-09-30T06:15:33.950Z,6
DEMO-DEV-9410,492,2022-10-02T08:29:41.948Z,2026-09-30T00:49:53.578Z,6
DEMO-DEV-9503,492,2022-10-07T22:36:26.975Z,2026-09-29T05:12:00.308Z,7
DEMO-DEV-9504,492,2022-10-03T01:16:22.806Z,2026-09-22T14:54:05.824Z,7
DEMO-DEV-9521,492,2022-10-04T12:22:18.863Z,2026-09-28T19:06:58.155Z,7
DEMO-DEV-9532,492,2022-10-04T19:48:56.825Z,2026-09-29T22:37:42.168Z,7
DEMO-DEV-9546,492,2022-10-01T19:37:47.307Z,2026-09-28T23:45:52.992Z,6
DEMO-DEV-9918,492,2022-10-05T01:41:27.138Z,2026-09-28T13:09:13.917Z,6
DEMO-DEV-9921,492,2022-10-03T01:31:17.239Z,2026-09-24T22:26:08.786Z,7
DEMO-DEV-0099,491,2022-10-07T03:19:09.806Z,2026-09-28T04:09:40.668Z,7
DEMO-DEV-0103,491,2022-10-06T23:26:13.859Z,2026-09-30T03:47:14.864Z,6
DEMO-DEV-0115,491,2022-10-03T16:58:28.203Z,2026-09-29T22:50:24.784Z,6
DEMO-DEV-0363,491,2022-10-02T22:06:21.068Z,2026-09-17T19:54:09.668Z,7
DEMO-DEV-0376,491,2022-10-06T03:31:29.639Z,2026-09-26T21:37:10.535Z,7
DEMO-DEV-0379,491,2022-10-03T17:45:35.239Z,2026-09-30T01:16:49.134Z,7
DEMO-DEV-0405,491,2022-10-02T02:43:57.892Z,2026-09-28T05:09:35.120Z,6
DEMO-DEV-0411,491,2022-10-02T02:16:16.806Z,2026-09-28T11:57:59.253Z,7
DEMO-DEV-0510,491,2022-10-03T07:37:38.204Z,2026-09-29T09:28:42.877Z,7
DEMO-DEV-0612,491,2022-10-02T22:29:17.843Z,2026-09-29T20:03:16.165Z,6
DEMO-DEV-0722,491,2022-10-02T00:46:10.390Z,2026-09-23T02:34:37.738Z,6
DEMO-DEV-0764,491,2022-10-02T15:53:49.189Z,2026-09-27T23:02:31.668Z,7
DEMO-DEV-0810,491,2022-10-02T11:18:56.446Z,2026-09-24T06:33:53.839Z,6
DEMO-DEV-0933,491,2022-10-02T22:36:14.786Z,2026-09-30T07:05:36.183Z,6
DEMO-DEV-0962,491,2022-10-03T01:15:24.352Z,2026-09-24T17:33:03.537Z,7
DEMO-DEV-1009,491,2022-10-13T09:25:32.387Z,2026-09-20T15:28:46.929Z,7
DEMO-DEV-1144,491,2022-10-08T10:39:26.950Z,2026-09-24T11:29:55.189Z,6
DEMO-DEV-1157,491,2022-10-03T08:58:00.160Z,2026-09-29T03:50:42.493Z,6
DEMO-DEV-1207,491,2022-10-02T20:42:55.045Z,2026-09-27T01:53:30.239Z,6
DEMO-DEV-1238,491,2022-10-02T05:52:35.319Z,2026-09-28T03:58:32.556Z,6
DEMO-DEV-1252,491,2022-10-04T18:59:12.877Z,2026-09-28T23:30:38.537Z,7
DEMO-DEV-1257,491,2022-10-04T07:30:28.989Z,2026-09-29T22:59:06.524Z,6
DEMO-DEV-1463,491,2022-10-10T04:09:47.183Z,2026-09-30T03:19:07.246Z,6
DEMO-DEV-1487,491,2022-10-01T18:18:20.021Z,2026-09-27T17:55:32.870Z,7
DEMO-DEV-1491,491,2022-10-01T16:06:20.612Z,2026-09-29T12:38:04.870Z,7
DEMO-DEV-1537,491,2022-10-02T09:39:18.948Z,2026-09-26T00:27:49.523Z,6
DEMO-DEV-1633,491,2022-10-02T06:25:14.948Z,2026-09-29T21:04:52.485Z,7
DEMO-DEV-1651,491,2022-10-03T23:12:36.867Z,2026-09-30T03:14:10.224Z,6
DEMO-DEV-1699,491,2022-10-03T04:58:30.272Z,2026-09-28T23:22:57.646Z,6
DEMO-DEV-1727,491,2022-10-05T16:49:23.992Z,2026-09-28T02:43:10.804Z,7
DEMO-DEV-1779,491,2022-10-13T07:40:28.505Z,2026-09-29T01:46:42.513Z,7
DEMO-DEV-1789,491,2022-10-03T23:41:20.246Z,2026-09-29T18:59:55.966Z,7
DEMO-DEV-1827,491,2022-10-02T06:36:14.782Z,2026-09-24T14:49:56.974Z,7
DEMO-DEV-1915,491,2022-10-06T18:20:37.075Z,2026-09-28T12:09:30.836Z,6
DEMO-DEV-1953,491,2022-10-01T20:01:22.948Z,2026-09-26T07:51:53.892Z,6
DEMO-DEV-1964,491,2022-10-03T15:09:24.045Z,2026-09-28T06:08:05.714Z,7
DEMO-DEV-2100,491,2022-10-01T23:41:47.397Z,2026-09-26T06:51:27.165Z,6
DEMO-DEV-2145,491,2022-10-13T07:20:23.319Z,2026-09-28T20:30:01.524Z,7
DEMO-DEV-2147,491,2022-10-01T11:27:33.455Z,2026-09-30T03:11:32.754Z,7
DEMO-DEV-2199,491,2022-10-04T20:41:38.519Z,2026-09-29T21:19:04.150Z,7
DEMO-DEV-2203,491,2022-10-09T12:45:26.653Z,2026-09-30T01:32:20.470Z,7
DEMO-DEV-2208,491,2022-10-04T19:18:45.037Z,2026-09-28T22:57:20.842Z,7
DEMO-DEV-2219,491,2022-10-03T03:10:48.080Z,2026-09-21T11:16:47.390Z,6
DEMO-DEV-2223,491,2022-10-08T09:30:40.307Z,2026-09-29T10:01:54.173Z,6
DEMO-DEV-2233,491,2022-10-02T11:49:01.173Z,2026-09-26T18:07:34.727Z,7
DEMO-DEV-2423,491,2022-10-03T21:29:15.319Z,2026-09-27T19:41:39.485Z,7
DEMO-DEV-2447,491,2022-10-02T13:11:14.806Z,2026-09-28T02:06:31.692Z,7
DEMO-DEV-2512,491,2022-10-09T09:31:30.556Z,2026-09-29T07:02:29.688Z,7
DEMO-DEV-2571,491,2022-10-07T11:57:12.658Z,2026-09-28T05:08:56.272Z,7
DEMO-DEV-2574,491,2022-10-03T21:57:27.139Z,2026-09-24T02:56:50.867Z,7
DEMO-DEV-2605,491,2022-10-07T17:04:12.298Z,2026-09-28T20:11:06.315Z,7
DEMO-DEV-2659,491,2022-10-02T02:15:38.817Z,2026-09-20T11:42:25.784Z,6
DEMO-DEV-2796,491,2022-10-02T02:27:36.298Z,2026-09-30T00:04:53.825Z,7
DEMO-DEV-2903,491,2022-10-03T12:45:42.929Z,2026-09-29T07:08:42.390Z,7
DEMO-DEV-2920,491,2022-10-02T02:09:29.203Z,2026-09-29T17:29:13.523Z,7
DEMO-DEV-2987,491,2022-10-02T16:38:07.390Z,2026-09-27T01:33:48.466Z,7
DEMO-DEV-2993,491,2022-10-01T16:45:05.752Z,2026-09-29T14:50:02.929Z,7
DEMO-DEV-3035,491,2022-10-04T18:04:19.915Z,2026-09-25T12:15:18.172Z,6
DEMO-DEV-3065,491,2022-10-02T03:29:16.087Z,2026-09-30T05:55:45.929Z,6
DEMO-DEV-3148,491,2022-10-01T20:21:35.863Z,2026-09-22T18:45:33.778Z,6
DEMO-DEV-3158,491,2022-10-02T14:18:29.167Z,2026-09-27T11:39:55.075Z,6
DEMO-DEV-3239,491,2022-10-07T20:24:28.524Z,2026-09-27T11:58:20.653Z,7
DEMO-DEV-3453,491,2022-10-08T04:26:30.080Z,2026-09-27T11:47:05.300Z,7
DEMO-DEV-3455,491,2022-10-01T09:14:56.993Z,2026-09-29T01:59:56.892Z,7
DEMO-DEV-3469,491,2022-10-02T09:56:40.868Z,2026-09-21T12:00:32.792Z,7
DEMO-DEV-3537,491,2022-10-07T19:48:02.455Z,2026-09-29T20:39:45.307Z,7
DEMO-DEV-3646,491,2022-10-04T06:16:54.446Z,2026-09-29T05:54:32.968Z,7
DEMO-DEV-3699,491,2022-10-14T00:50:15.345Z,2026-09-27T13:53:46.929Z,7
DEMO-DEV-3786,491,2022-10-04T06:51:05.302Z,2026-09-30T04:51:34.965Z,7
DEMO-DEV-3803,491,2022-10-01T22:58:28.508Z,2026-09-29T17:13:59.291Z,7
DEMO-DEV-3810,491,2022-10-11T00:44:17.038Z,2026-09-29T18:39:10.778Z,6
DEMO-DEV-3862,491,2022-10-10T07:31:34.253Z,2026-09-26T16:16:23.692Z,7
DEMO-DEV-3879,491,2022-10-03T10:22:10.591Z,2026-09-29T21:59:56.023Z,6
DEMO-DEV-3987,491,2022-10-01T13:55:34.806Z,2026-09-28T14:34:54.038Z,7
DEMO-DEV-4017,491,2022-10-02T19:34:21.224Z,2026-09-28T14:44:03.365Z,7
DEMO-DEV-4027,491,2022-10-09T02:28:58.090Z,2026-09-30T01:23:21.653Z,7
DEMO-DEV-4074,491,2022-10-02T14:42:05.428Z,2026-09-29T08:26:21.555Z,6
DEMO-DEV-4083,491,2022-10-02T22:55:44.778Z,2026-09-27T23:01:22.219Z,6
DEMO-DEV-4131,491,2022-10-04T12:00:58.218Z,2026-09-20T00:27:17.873Z,6
DEMO-DEV-4149,491,2022-10-02T06:02:22.929Z,2026-09-29T09:41:25.803Z,6
DEMO-DEV-4151,491,2022-10-04T12:12:36.004Z,2026-09-27T08:55:00.254Z,6
DEMO-DEV-4270,491,2022-10-01T17:01:31.859Z,2026-09-27T05:23:38.150Z,7
DEMO-DEV-4322,491,2022-10-03T01:11:10.842Z,2026-09-22T13:11:10.913Z,6
DEMO-DEV-4323,491,2022-10-05T21:58:38.239Z,2026-09-27T14:32:36.965Z,7
DEMO-DEV-4402,491,2022-10-02T13:21:48.865Z,2026-09-21T09:38:27.264Z,7
DEMO-DEV-4411,491,2022-10-02T11:29:08.409Z,2026-09-29T16:02:19.914Z,7
DEMO-DEV-4429,491,2022-10-03T17:05:43.655Z,2026-09-30T08:24:23.205Z,7
DEMO-DEV-4465,491,2022-10-02T04:11:47.646Z,2026-09-28T22:41:17.003Z,6
DEMO-DEV-4483,491,2022-10-03T17:51:57.319Z,2026-09-28T12:32:11.354Z,6
DEMO-DEV-4546,491,2022-10-02T07:50:49.397Z,2026-09-29T08:52:45.472Z,6
DEMO-DEV-4771,491,2022-10-06T21:09:40.524Z,2026-09-29T20:11:37.591Z,6
DEMO-DEV-4782,491,2022-10-01T14:09:56.004Z,2026-09-29T22:38:12.785Z,7
DEMO-DEV-4853,491,2022-10-01T11:01:53.238Z,2026-09-29T14:17:01.390Z,7
DEMO-DEV-4934,491,2022-10-03T01:46:17.268Z,2026-09-29T06:57:25.519Z,6
DEMO-DEV-5070,491,2022-10-07T08:18:31.612Z,2026-09-15T17:03:04.816Z,6
DEMO-DEV-5087,491,2022-10-09T15:45:47.505Z,2026-09-30T04:39:44.503Z,6
DEMO-DEV-5143,491,2022-10-12T22:12:33.519Z,2026-09-17T21:50:39.556Z,6
DEMO-DEV-5153,491,2022-10-03T00:30:02.537Z,2026-09-30T01:01:10.842Z,7
DEMO-DEV-5168,491,2022-10-04T20:27:53.173Z,2026-09-30T06:21:38.403Z,7
DEMO-DEV-5282,491,2022-10-12T20:36:16.738Z,2026-09-26T16:51:44.950Z,7
DEMO-DEV-5388,491,2022-10-05T05:53:24.817Z,2026-09-29T22:16:24.974Z,6
DEMO-DEV-5593,491,2022-10-01T20:34:48.470Z,2026-09-29T17:50:42.976Z,7
DEMO-DEV-5675,491,2022-10-04T02:23:30.676Z,2026-09-27T08:47:00.511Z,7
DEMO-DEV-5716,491,2022-10-01T17:01:44.337Z,2026-09-28T17:13:47.239Z,7
DEMO-DEV-5735,491,2022-10-08T07:57:32.040Z,2026-09-25T21:42:41.599Z,7
DEMO-DEV-5749,491,2022-10-02T13:27:23.173Z,2026-09-28T02:33:24.368Z,6
DEMO-DEV-5784,491,2022-10-06T19:14:09.738Z,2026-09-25T21:32:57.949Z,6
DEMO-DEV-5803,491,2022-10-07T05:57:48.836Z,2026-09-25T18:21:05.556Z,7
DEMO-DEV-5874,491,2022-10-05T12:37:25.014Z,2026-09-29T02:26:26.500Z,7
DEMO-DEV-5892,491,2022-10-02T23:23:33.950Z,2026-09-29T17:25:06.253Z,7
DEMO-DEV-5898,491,2022-10-03T17:09:42.057Z,2026-09-29T08:24:45.614Z,7
DEMO-DEV-5962,491,2022-10-05T11:26:55.646Z,2026-09-27T11:01:23.021Z,6
DEMO-DEV-6009,491,2022-10-02T06:15:33.786Z,2026-09-29T08:36:10.300Z,7
DEMO-DEV-6141,491,2022-10-01T16:24:11.785Z,2026-09-28T01:35:33.578Z,7
DEMO-DEV-6174,491,2022-10-02T06:04:06.950Z,2026-09-20T12:40:19.037Z,7
DEMO-DEV-6210,491,2022-10-01T20:36:19.038Z,2026-09-24T11:00:10.337Z,7
DEMO-DEV-6301,491,2022-10-03T06:53:55.264Z,2026-09-30T03:53:35.026Z,7
DEMO-DEV-6311,491,2022-10-02T10:58:04.192Z,2026-09-28T06:12:49.442Z,7
DEMO-DEV-6361,491,2022-10-01T10:00:52.710Z,2026-09-21T07:30:23.618Z,7
DEMO-DEV-6388,491,2022-10-02T11:16:24.192Z,2026-09-29T08:35:06.173Z,6
DEMO-DEV-6409,491,2022-10-09T09:59:01.784Z,2026-09-28T09:12:02.268Z,7
DEMO-DEV-6461,491,2022-10-01T08:56:42.428Z,2026-09-28T10:38:48.792Z,6
DEMO-DEV-6553,491,2022-10-01T23:33:11.173Z,2026-09-22T03:13:16.415Z,7
DEMO-DEV-6625,491,2022-10-01T12:45:32.165Z,2026-09-30T04:23:08.189Z,6
DEMO-DEV-6711,491,2022-10-02T02:51:52.493Z,2026-09-29T06:06:07.045Z,6
DEMO-DEV-6854,491,2022-10-05T20:18:34.584Z,2026-09-30T02:58:35.555Z,7
DEMO-DEV-6890,491,2022-10-01T13:55:13.403Z,2026-09-27T12:16:22.446Z,7
DEMO-DEV-6962,491,2022-10-04T20:43:20.537Z,2026-09-28T19:07:11.806Z,6
DEMO-DEV-7026,491,2022-10-03T10:34:48.165Z,2026-09-28T23:41:38.254Z,7
DEMO-DEV-7028,491,2022-10-05T16:51:38.661Z,2026-09-29T18:44:30.219Z,6
DEMO-DEV-7033,491,2022-10-03T01:19:28.949Z,2026-09-30T07:09:48.354Z,6
DEMO-DEV-7039,491,2022-10-03T18:23:20.357Z,2026-09-28T13:39:51.508Z,7
DEMO-DEV-7205,491,2022-10-02T12:25:09.719Z,2026-09-29T03:17:54.402Z,6
DEMO-DEV-7292,491,2022-10-09T19:04:17.264Z,2026-09-30T07:12:38.806Z,6
DEMO-DEV-7294,491,2022-10-01T09:03:49.597Z,2026-09-30T03:06:33.841Z,7
DEMO-DEV-7316,491,2022-10-02T05:17:54.298Z,2026-09-26T14:13:48.073Z,7
DEMO-DEV-7450,491,2022-10-07T05:31:22.863Z,2026-09-28T20:50:14.120Z,7
DEMO-DEV-7521,491,2022-10-04T00:19:15.168Z,2026-09-18T23:13:12.493Z,6
DEMO-DEV-7655,491,2022-10-02T04:02:40.409Z,2026-09-26T09:31:20.527Z,7
DEMO-DEV-7671,491,2022-10-01T13:30:20.222Z,2026-09-25T11:46:26.879Z,6
DEMO-DEV-7680,491,2022-10-04T12:22:58.503Z,2026-09-22T18:20:59.863Z,7
DEMO-DEV-7758,491,2022-10-02T01:16:59.508Z,2026-09-26T19:40:10.173Z,7
DEMO-DEV-7803,491,2022-10-01T13:54:08.232Z,2026-09-28T16:25:45.864Z,6
DEMO-DEV-8027,491,2022-10-06T14:31:19.268Z,2026-09-27T19:23:13.068Z,7
DEMO-DEV-8100,491,2022-10-05T11:47:22.218Z,2026-09-28T04:28:26.795Z,7
DEMO-DEV-8142,491,2022-10-01T09:03:16.811Z,2026-09-28T03:45:21.511Z,7
DEMO-DEV-8166,491,2022-10-02T11:01:24.817Z,2026-09-29T20:15:22.597Z,7
DEMO-DEV-8174,491,2022-10-11T08:33:50.004Z,2026-09-19T03:10:37.370Z,6
DEMO-DEV-8188,491,2022-10-01T16:16:05.462Z,2026-09-28T08:45:05.232Z,7
DEMO-DEV-8411,491,2022-10-02T08:19:23.636Z,2026-09-24T07:28:57.168Z,6
DEMO-DEV-8428,491,2022-10-06T04:13:24.337Z,2026-09-29T05:23:33.668Z,7
DEMO-DEV-8453,491,2022-10-02T07:52:03.817Z,2026-09-27T17:08:07.968Z,6
DEMO-DEV-8474,491,2022-10-02T05:24:25.968Z,2026-09-22T13:03:09.319Z,6
DEMO-DEV-8541,491,2022-10-04T11:09:53.004Z,2026-09-29T07:06:00.352Z,7
DEMO-DEV-8608,491,2022-10-03T03:31:41.446Z,2026-09-24T03:15:37.352Z,7
DEMO-DEV-8753,491,2022-10-02T01:56:58.442Z,2026-09-29T21:21:19.839Z,7
DEMO-DEV-8824,491,2022-10-01T10:21:42.087Z,2026-09-29T21:14:17.870Z,7
DEMO-DEV-8975,491,2022-10-02T16:45:23.289Z,2026-09-26T18:14:44.989Z,7
DEMO-DEV-8994,491,2022-10-02T00:26:46.968Z,2026-09-29T20:55:00.298Z,7
DEMO-DEV-9057,491,2022-10-02T16:45:31.446Z,2026-09-29T08:38:21.264Z,7
DEMO-DEV-9133,491,2022-10-04T18:26:30.653Z,2026-09-30T04:47:54.842Z,7
DEMO-DEV-9201,491,2022-10-02T13:31:24.298Z,2026-09-27T22:26:45.870Z,6
DEMO-DEV-9274,491,2022-10-04T02:01:47.302Z,2026-09-29T14:34:08.987Z,7
DEMO-DEV-9276,491,2022-10-01T17:00:25.394Z,2026-09-26T09:21:06.161Z,7
DEMO-DEV-9279,491,2022-10-04T21:23:19.365Z,2026-09-29T04:46:58.782Z,6
DEMO-DEV-9322,491,2022-10-02T17:29:57.917Z,2026-09-27T08:19:21.287Z,7
DEMO-DEV-9454,491,2022-10-01T13:03:48.268Z,2026-09-29T13:40:18.211Z,7
DEMO-DEV-9462,491,2022-10-02T21:46:59.442Z,2026-09-30T05:12:19.639Z,7
DEMO-DEV-9494,491,2022-10-07T09:11:22.218Z,2026-09-28T00:07:32.500Z,7
DEMO-DEV-9508,491,2022-10-04T02:46:05.913Z,2026-09-30T03:54:35.535Z,7
DEMO-DEV-9529,491,2022-10-07T18:14:42.913Z,2026-09-30T05:58:15.090Z,6
DEMO-DEV-9657,491,2022-10-06T15:44:48.505Z,2026-09-28T05:18:46.989Z,7
DEMO-DEV-9714,491,2022-10-04T21:33:35.325Z,2026-09-29T02:16:25.190Z,6
DEMO-DEV-9717,491,2022-10-06T13:56:39.648Z,2026-09-29T09:37:55.969Z,6
DEMO-DEV-9846,491,2022-10-04T19:23:47.211Z,2026-09-28T01:42:00.230Z,7
DEMO-DEV-9967,491,2022-10-06T06:18:59.139Z,2026-09-29T15:03:35.485Z,6
DEMO-DEV-9986,491,2022-10-01T11:37:32.250Z,2026-09-29T17:18:42.989Z,6
DEMO-DEV-0044,490,2022-10-03T03:39:35.803Z,2026-09-20T16:00:31.864Z,7
DEMO-DEV-0076,490,2022-10-03T18:35:19.252Z,2026-09-25T05:19:48.612Z,6
DEMO-DEV-0077,490,2022-10-01T09:10:52.865Z,2026-09-20T23:49:27.658Z,7
DEMO-DEV-0142,490,2022-10-02T06:47:26.219Z,2026-09-30T05:30:13.816Z,6
DEMO-DEV-0518,490,2022-10-03T13:23:33.173Z,2026-09-30T00:28:12.300Z,7
DEMO-DEV-0528,490,2022-10-02T02:31:32.218Z,2026-09-29T17:59:53.077Z,7
DEMO-DEV-0664,490,2022-10-01T15:35:51.208Z,2026-09-26T23:36:46.219Z,6
DEMO-DEV-0668,490,2022-10-02T21:36:47.300Z,2026-09-20T17:05:13.816Z,7
DEMO-DEV-0730,490,2022-10-01T16:11:45.300Z,2026-09-28T06:48:09.884Z,7
DEMO-DEV-0859,490,2022-10-02T01:15:17.985Z,2026-09-28T06:10:04.397Z,7
DEMO-DEV-0923,490,2022-10-02T21:22:17.976Z,2026-09-29T21:32:58.710Z,7
DEMO-DEV-1057,490,2022-10-02T09:51:11.524Z,2026-09-29T07:28:53.568Z,6
DEMO-DEV-1093,490,2022-10-12T18:24:46.584Z,2026-09-28T11:02:08.557Z,7
DEMO-DEV-1113,490,2022-10-01T18:16:19.966Z,2026-09-27T07:59:08.298Z,7
DEMO-DEV-1244,490,2022-10-06T16:12:25.545Z,2026-09-29T08:09:56.846Z,6
DEMO-DEV-1266,490,2022-10-02T11:28:15.795Z,2026-09-29T00:32:02.370Z,7
DEMO-DEV-1271,490,2022-10-05T13:37:30.160Z,2026-09-30T07:44:44.443Z,7
DEMO-DEV-1333,490,2022-10-03T02:40:55.493Z,2026-09-29T21:13:32.222Z,7
DEMO-DEV-1354,490,2022-10-01T08:46:42.793Z,2026-09-28T10:52:48.987Z,7
DEMO-DEV-1371,490,2022-10-02T09:24:12.368Z,2026-09-30T06:11:19.302Z,7
DEMO-DEV-1419,490,2022-10-03T12:08:44.037Z,2026-09-29T22:23:47.513Z,7
DEMO-DEV-1546,490,2022-10-02T20:13:59.948Z,2026-09-28T06:28:51.493Z,7
DEMO-DEV-1650,490,2022-10-03T13:18:03.752Z,2026-09-28T02:50:28.702Z,7
DEMO-DEV-1744,490,2022-10-01T12:40:21.719Z,2026-09-30T06:23:07.795Z,7
DEMO-DEV-1758,490,2022-10-04T13:13:40.524Z,2026-09-26T14:55:25.885Z,7
DEMO-DEV-1770,490,2022-10-08T04:44:27.987Z,2026-09-25T06:11:14.038Z,6
DEMO-DEV-1801,490,2022-10-02T17:14:15.646Z,2026-09-24T22:42:47.949Z,7
DEMO-DEV-1830,490,2022-10-03T00:30:49.003Z,2026-09-26T14:49:53.987Z,7
DEMO-DEV-1844,490,2022-10-04T22:14:25.268Z,2026-09-27T15:52:53.511Z,7
DEMO-DEV-1966,490,2022-10-01T10:29:37.754Z,2026-09-19T09:10:23.993Z,6
DEMO-DEV-2021,490,2022-10-07T02:17:49.224Z,2026-09-29T15:48:04.793Z,6
DEMO-DEV-2130,490,2022-10-01T17:46:46.038Z,2026-09-20T11:09:26.003Z,7
DEMO-DEV-2186,490,2022-10-15T10:38:47.307Z,2026-09-27T19:11:52.234Z,7
DEMO-DEV-2316,490,2022-10-05T03:08:37.879Z,2026-09-29T11:39:50.460Z,7
DEMO-DEV-2341,490,2022-10-03T09:25:08.692Z,2026-09-29T06:42:42.068Z,7
DEMO-DEV-2358,490,2022-10-01T19:48:35.884Z,2026-09-30T04:28:51.877Z,7
DEMO-DEV-2361,490,2022-10-02T17:30:41.287Z,2026-09-25T11:37:18.222Z,6
DEMO-DEV-2412,490,2022-10-02T01:37:59.232Z,2026-09-29T11:56:21.816Z,6
DEMO-DEV-2451,490,2022-10-02T03:44:38.250Z,2026-09-29T17:43:02.752Z,6
DEMO-DEV-2514,490,2022-10-04T18:58:19.123Z,2026-09-15T08:20:37.891Z,7
DEMO-DEV-2672,490,2022-10-02T14:57:06.950Z,2026-09-28T00:19:11.688Z,7
DEMO-DEV-2697,490,2022-10-04T05:29:49.841Z,2026-09-22T07:29:40.236Z,7
DEMO-DEV-2726,490,2022-10-01T12:20:06.446Z,2026-09-29T13:17:47.287Z,7
DEMO-DEV-2795,490,2022-10-02T11:47:18.765Z,2026-09-26T03:49:59.836Z,6
DEMO-DEV-2823,490,2022-10-04T21:35:02.428Z,2026-09-29T05:00:40.870Z,7
DEMO-DEV-2872,490,2022-10-04T12:17:23.653Z,2026-09-27T16:42:20.037Z,6
DEMO-DEV-2875,490,2022-10-01T22:39:55.519Z,2026-09-28T15:20:00.975Z,7
DEMO-DEV-2889,490,2022-10-02T03:38:36.668Z,2026-09-28T00:53:08.225Z,6
DEMO-DEV-2946,490,2022-10-01T12:39:31.811Z,2026-09-29T18:54:05.470Z,7
DEMO-DEV-3001,490,2022-10-05T18:20:19.913Z,2026-09-28T10:19:25.063Z,7
DEMO-DEV-3007,490,2022-10-02T10:27:49.325Z,2026-09-26T11:47:04.409Z,7
DEMO-DEV-3049,490,2022-10-03T08:33:24.599Z,2026-09-26T01:54:57.168Z,7
DEMO-DEV-3056,490,2022-10-05T04:41:41.161Z,2026-09-29T18:56:54.021Z,7
DEMO-DEV-3076,490,2022-10-04T13:45:36.666Z,2026-09-23T14:02:41.607Z,7
DEMO-DEV-3155,490,2022-10-06T16:52:10.782Z,2026-09-29T01:13:26.087Z,7
DEMO-DEV-3252,490,2022-10-03T19:29:01.799Z,2026-09-22T08:53:19.368Z,6
DEMO-DEV-3265,490,2022-10-01T10:30:51.307Z,2026-09-29T06:25:42.976Z,7
DEMO-DEV-3323,490,2022-10-01T13:40:35.397Z,2026-09-21T19:38:24.204Z,7
DEMO-DEV-3373,490,2022-10-02T22:12:44.352Z,2026-09-30T02:26:43.023Z,7
DEMO-DEV-3452,490,2022-10-05T05:51:34.692Z,2026-09-26T15:22:51.666Z,7
DEMO-DEV-3514,490,2022-10-04T23:30:51.045Z,2026-09-29T01:49:10.287Z,7
DEMO-DEV-3561,490,2022-10-02T22:06:36.738Z,2026-09-28T09:19:15.236Z,7
DEMO-DEV-3677,490,2022-10-01T20:26:51.785Z,2026-09-20T22:11:08.870Z,7
DEMO-DEV-3682,490,2022-10-01T15:24:50.503Z,2026-09-24T17:53:06.578Z,7
DEMO-DEV-3865,490,2022-10-02T18:57:41.612Z,2026-09-30T01:45:19.308Z,7
DEMO-DEV-3874,490,2022-10-02T20:43:07.948Z,2026-09-27T09:01:21.765Z,7
DEMO-DEV-4025,490,2022-10-01T12:34:12.466Z,2026-09-28T03:59:46.668Z,7
DEMO-DEV-4060,490,2022-10-07T20:06:47.752Z,2026-09-27T05:09:40.225Z,7
DEMO-DEV-4104,490,2022-10-03T14:46:14.354Z,2026-09-30T03:58:48.139Z,7
DEMO-DEV-4174,490,2022-10-01T18:43:33.264Z,2026-09-29T15:29:11.752Z,6
DEMO-DEV-4208,490,2022-10-02T08:13:19.168Z,2026-09-28T11:10:57.926Z,7
DEMO-DEV-4266,490,2022-10-01T09:01:56.929Z,2026-09-29T19:50:04.015Z,6
DEMO-DEV-4398,490,2022-10-11T18:39:46.989Z,2026-09-29T15:54:50.205Z,7
DEMO-DEV-4401,490,2022-10-03T04:16:39.014Z,2026-09-30T08:10:10.817Z,7
DEMO-DEV-4507,490,2022-10-06T15:40:24.189Z,2026-09-27T12:26:58.063Z,6
DEMO-DEV-4519,490,2022-10-02T11:43:00.537Z,2026-09-28T19:56:46.870Z,6
DEMO-DEV-4587,490,2022-10-04T20:48:25.505Z,2026-09-27T20:36:47.754Z,7
DEMO-DEV-4683,490,2022-10-02T19:36:50.968Z,2026-09-30T05:36:26.224Z,6
DEMO-DEV-4748,490,2022-10-03T05:39:54.639Z,2026-09-29T05:02:24.239Z,7
DEMO-DEV-4794,490,2022-10-05T00:02:39.222Z,2026-09-29T15:21:28.535Z,6
DEMO-DEV-4874,490,2022-10-03T13:42:19.252Z,2026-09-26T17:34:19.068Z,7
DEMO-DEV-4992,490,2022-10-01T14:16:44.319Z,2026-09-27T11:01:49.555Z,6
DEMO-DEV-5147,490,2022-10-04T12:17:54.370Z,2026-09-30T04:18:03.014Z,7
DEMO-DEV-5174,490,2022-10-03T15:50:38.658Z,2026-09-30T03:50:02.917Z,7
DEMO-DEV-5412,490,2022-10-02T05:32:49.319Z,2026-09-26T09:53:56.219Z,6
DEMO-DEV-5431,490,2022-10-02T21:12:43.370Z,2026-09-29T02:38:07.825Z,7
DEMO-DEV-5437,490,2022-10-06T16:25:05.692Z,2026-09-26T00:11:37.288Z,7
DEMO-DEV-5438,490,2022-10-01T09:00:21.987Z,2026-09-30T06:52:13.368Z,7
DEMO-DEV-5476,490,2022-10-04T03:14:04.319Z,2026-09-28T21:47:12.612Z,6
DEMO-DEV-5489,490,2022-10-02T08:57:12.205Z,2026-09-27T23:08:47.123Z,6
DEMO-DEV-5490,490,2022-10-01T10:48:45.969Z,2026-09-29T23:01:27.189Z,6
DEMO-DEV-5508,490,2022-10-03T08:56:10.754Z,2026-09-24T00:40:36.466Z,7
DEMO-DEV-5643,490,2022-10-03T05:40:40.599Z,2026-09-27T10:05:08.250Z,7
DEMO-DEV-5649,490,2022-10-02T19:54:26.003Z,2026-09-23T00:45:35.786Z,6
DEMO-DEV-5871,490,2022-10-02T13:15:03.537Z,2026-09-30T01:47:47.917Z,6
DEMO-DEV-5974,490,2022-10-02T08:07:39.160Z,2026-09-29T22:58:34.272Z,6
DEMO-DEV-6017,490,2022-10-01T18:22:57.366Z,2026-09-30T03:44:20.710Z,7
DEMO-DEV-6018,490,2022-10-01T14:43:37.337Z,2026-09-27T20:41:51.949Z,7
DEMO-DEV-6143,490,2022-10-02T02:14:55.123Z,2026-09-29T21:11:36.976Z,7
DEMO-DEV-6149,490,2022-10-06T02:43:56.394Z,2026-09-28T16:28:38.190Z,7
DEMO-DEV-6246,490,2022-10-08T03:23:04.203Z,2026-09-24T18:55:47.024Z,6
DEMO-DEV-6263,490,2022-10-06T23:07:04.087Z,2026-09-29T01:22:44.173Z,6
DEMO-DEV-6287,490,2022-10-04T20:12:46.793Z,2026-09-28T08:30:08.885Z,6
DEMO-DEV-6296,490,2022-10-03T21:29:38.965Z,2026-09-28T09:13:30.636Z,6
DEMO-DEV-6371,490,2022-10-12T10:45:13.688Z,2026-09-25T16:31:46.173Z,6
DEMO-DEV-6491,490,2022-10-03T14:01:22.668Z,2026-09-26T00:30:47.841Z,7
DEMO-DEV-6531,490,2022-10-01T12:54:49.688Z,2026-09-24T05:04:50.591Z,6
DEMO-DEV-6619,490,2022-10-09T07:07:07.239Z,2026-09-23T19:51:03.167Z,7
DEMO-DEV-6643,490,2022-10-03T16:27:02.817Z,2026-09-30T04:40:09.234Z,7
DEMO-DEV-6700,490,2022-10-07T02:38:03.913Z,2026-09-25T16:10:20.239Z,6
DEMO-DEV-6857,490,2022-10-07T08:10:19.727Z,2026-09-24T06:30:25.915Z,7
DEMO-DEV-6931,490,2022-10-05T21:58:21.190Z,2026-09-11T15:05:07.268Z,7
DEMO-DEV-7008,490,2022-10-04T22:01:50.161Z,2026-09-27T21:46:56.917Z,6
DEMO-DEV-7087,490,2022-10-05T15:59:10.597Z,2026-09-28T19:22:23.150Z,6
DEMO-DEV-7128,490,2022-10-08T22:04:55.524Z,2026-09-29T03:06:01.505Z,6
DEMO-DEV-7208,490,2022-10-04T15:31:22.236Z,2026-09-27T19:48:02.555Z,5
DEMO-DEV-7357,490,2022-10-09T14:16:44.765Z,2026-09-30T00:47:26.394Z,7
DEMO-DEV-7442,490,2022-10-01T09:14:25.975Z,2026-09-28T08:59:23.682Z,6
DEMO-DEV-7465,490,2022-10-02T09:16:32.688Z,2026-09-22T19:49:45.120Z,7
DEMO-DEV-7625,490,2022-10-03T18:48:15.949Z,2026-09-29T22:26:31.618Z,7
DEMO-DEV-7691,490,2022-10-01T18:38:58.003Z,2026-09-27T17:33:18.816Z,7
DEMO-DEV-7714,490,2022-10-03T20:41:28.806Z,2026-09-12T15:17:41.288Z,7
DEMO-DEV-7745,490,2022-10-04T01:07:22.168Z,2026-09-26T02:44:27.868Z,7
DEMO-DEV-7752,490,2022-10-02T09:39:45.782Z,2026-09-29T01:31:42.578Z,6
DEMO-DEV-7780,490,2022-10-10T09:39:12.236Z,2026-09-22T19:28:07.057Z,6
DEMO-DEV-7788,490,2022-10-06T09:53:33.688Z,2026-09-26T22:00:38.015Z,7
DEMO-DEV-7853,490,2022-10-09T21:55:01.877Z,2026-09-28T09:49:17.004Z,7
DEMO-DEV-7877,490,2022-10-01T11:12:07.063Z,2026-09-29T13:39:47.394Z,7
DEMO-DEV-7906,490,2022-10-04T06:15:07.226Z,2026-09-30T06:22:10.682Z,7
DEMO-DEV-7962,490,2022-10-01T10:27:01.172Z,2026-09-19T21:34:07.784Z,7
DEMO-DEV-8042,490,2022-10-02T02:52:45.239Z,2026-09-30T03:41:05.842Z,7
DEMO-DEV-8043,490,2022-10-03T02:26:44.612Z,2026-09-26T13:55:23.500Z,7
DEMO-DEV-8134,490,2022-10-02T08:02:50.485Z,2026-09-28T19:37:32.319Z,7
DEMO-DEV-8210,490,2022-10-01T19:18:19.172Z,2026-09-30T05:14:35.992Z,6
DEMO-DEV-8218,490,2022-10-03T17:12:35.222Z,2026-09-29T05:59:15.272Z,7
DEMO-DEV-8237,490,2022-10-10T06:41:47.948Z,2026-09-29T23:08:46.653Z,7
DEMO-DEV-8241,490,2022-10-05T09:45:49.985Z,2026-09-25T01:49:30.246Z,7
DEMO-DEV-8262,490,2022-10-06T15:06:05.391Z,2026-09-27T07:09:18.387Z,6
DEMO-DEV-8277,490,2022-10-06T12:43:02.993Z,2026-09-21T21:31:24.068Z,7
DEMO-DEV-8278,490,2022-10-03T11:40:06.226Z,2026-09-29T04:03:40.795Z,7
DEMO-DEV-8382,490,2022-10-03T06:02:46.612Z,2026-09-30T05:43:51.841Z,7
DEMO-DEV-8390,490,2022-10-01T19:37:00.735Z,2026-09-28T08:33:23.839Z,7
DEMO-DEV-8499,490,2022-10-12T11:09:54.189Z,2026-09-29T04:09:19.307Z,7
DEMO-DEV-8560,490,2022-10-04T01:54:39.799Z,2026-09-26T05:59:00.646Z,7
DEMO-DEV-8683,490,2022-10-02T20:35:31.308Z,2026-09-29T04:47:05.992Z,6
DEMO-DEV-8790,490,2022-10-04T18:59:24.985Z,2026-09-29T22:48:35.397Z,7
DEMO-DEV-8809,490,2022-10-07T02:09:01.443Z,2026-09-30T02:50:46.975Z,6
DEMO-DEV-8826,490,2022-10-02T16:43:19.612Z,2026-09-29T10:03:36.352Z,6
DEMO-DEV-8866,490,2022-10-01T11:49:53.390Z,2026-09-29T09:55:34.914Z,6
DEMO-DEV-8923,490,2022-10-03T22:51:01.160Z,2026-09-22T20:12:16.497Z,6
DEMO-DEV-9027,490,2022-10-01T18:23:30.989Z,2026-09-23T15:13:47.239Z,6
DEMO-DEV-9128,490,2022-10-03T21:08:10.024Z,2026-09-29T06:20:40.208Z,7
DEMO-DEV-9139,490,2022-10-03T05:40:35.123Z,2026-09-26T09:57:05.646Z,7
DEMO-DEV-9273,490,2022-10-05T01:49:00.298Z,2026-09-27T03:07:56.803Z,7
DEMO-DEV-9286,490,2022-10-03T04:11:47.075Z,2026-09-23T07:01:28.319Z,7
DEMO-DEV-9339,490,2022-10-01T19:20:00.250Z,2026-09-26T10:17:39.368Z,7
DEMO-DEV-9364,490,2022-10-11T14:07:25.370Z,2026-09-25T10:20:52.804Z,7
DEMO-DEV-9489,490,2022-10-13T19:18:58.038Z,2026-09-29T18:26:15.870Z,7
DEMO-DEV-0047,489,2022-10-06T22:52:24.985Z,2026-09-29T15:47:21.841Z,6
DEMO-DEV-0097,489,2022-10-02T04:09:39.470Z,2026-09-29T13:37:26.442Z,6
DEMO-DEV-0151,489,2022-10-01T15:21:59.150Z,2026-09-29T18:08:15.288Z,6
DEMO-DEV-0206,489,2022-10-01T15:17:58.765Z,2026-09-30T05:57:32.415Z,6
DEMO-DEV-0238,489,2022-10-04T19:49:13.230Z,2026-09-30T00:05:21.503Z,7
DEMO-DEV-0349,489,2022-10-03T21:54:47.236Z,2026-09-29T05:21:04.535Z,7
DEMO-DEV-0501,489,2022-10-02T04:12:40.415Z,2026-09-27T23:34:53.211Z,6
DEMO-DEV-0756,489,2022-10-01T16:41:34.535Z,2026-09-28T08:35:10.466Z,7
DEMO-DEV-0856,489,2022-10-05T16:01:23.470Z,2026-09-28T18:15:18.077Z,7
DEMO-DEV-0975,489,2022-10-01T14:40:42.661Z,2026-09-20T20:24:03.989Z,7
DEMO-DEV-0998,489,2022-10-04T09:44:24.302Z,2026-09-28T23:52:49.618Z,7
DEMO-DEV-1115,489,2022-10-05T18:08:27.607Z,2026-09-25T21:36:08.792Z,6
DEMO-DEV-1348,489,2022-10-02T05:57:57.368Z,2026-09-22T04:40:12.394Z,7
DEMO-DEV-1383,489,2022-10-08T08:13:22.218Z,2026-09-29T23:38:47.867Z,7
DEMO-DEV-1504,489,2022-10-01T19:07:20.993Z,2026-09-29T05:47:44.298Z,7
DEMO-DEV-1522,489,2022-10-01T09:13:29.993Z,2026-09-30T07:49:15.714Z,6
DEMO-DEV-1574,489,2022-10-04T10:12:57.205Z,2026-09-21T01:05:03.218Z,6
DEMO-DEV-1588,489,2022-10-01T19:27:09.160Z,2026-09-28T17:51:35.087Z,7
DEMO-DEV-1900,489,2022-10-11T11:58:30.308Z,2026-09-28T04:01:25.015Z,7
DEMO-DEV-2066,489,2022-10-07T08:57:24.793Z,2026-09-30T00:38:17.535Z,6
DEMO-DEV-2088,489,2022-10-02T13:13:29.307Z,2026-09-23T08:00:27.080Z,7
DEMO-DEV-2214,489,2022-10-03T16:44:13.719Z,2026-09-29T23:50:59.948Z,7
DEMO-DEV-2216,489,2022-10-02T19:41:46.370Z,2026-09-28T07:05:51.268Z,7
DEMO-DEV-2326,489,2022-10-07T23:45:20.688Z,2026-09-29T21:33:06.568Z,6
DEMO-DEV-2336,489,2022-10-04T16:33:24.246Z,2026-09-27T02:56:05.524Z,7
DEMO-DEV-2337,489,2022-10-04T08:28:58.727Z,2026-09-26T16:48:46.817Z,6
DEMO-DEV-2535,489,2022-10-07T06:01:46.841Z,2026-09-20T11:52:25.221Z,6
DEMO-DEV-2578,489,2022-10-02T00:22:11.865Z,2026-09-27T12:18:52.836Z,7
DEMO-DEV-2620,489,2022-10-06T15:03:33.976Z,2026-09-29T07:43:54.537Z,6
DEMO-DEV-2743,489,2022-10-05T10:52:32.460Z,2026-09-27T16:12:41.870Z,7
DEMO-DEV-2760,489,2022-10-01T21:17:50.120Z,2026-09-28T23:13:32.357Z,7
DEMO-DEV-2764,489,2022-10-05T02:43:39.234Z,2026-09-28T08:54:18.026Z,6
DEMO-DEV-2809,489,2022-10-08T23:23:15.319Z,2026-09-26T23:50:36.123Z,7
DEMO-DEV-3106,489,2022-10-02T11:56:45.485Z,2026-09-27T14:04:53.648Z,7
DEMO-DEV-3173,489,2022-10-14T14:46:47.442Z,2026-09-28T03:30:24.607Z,7
DEMO-DEV-3190,489,2022-10-06T01:22:04.537Z,2026-09-26T10:20:42.307Z,7
DEMO-DEV-3275,489,2022-10-03T15:10:25.315Z,2026-09-28T03:41:30.415Z,6
DEMO-DEV-3328,489,2022-10-02T04:19:51.352Z,2026-09-21T04:07:45.877Z,7
DEMO-DEV-3349,489,2022-10-04T08:42:30.466Z,2026-09-26T13:25:30.811Z,6
DEMO-DEV-3459,489,2022-10-07T12:41:57.968Z,2026-09-27T14:25:48.470Z,7
DEMO-DEV-3497,489,2022-10-04T08:19:49.873Z,2026-09-28T15:30:48.288Z,7
DEMO-DEV-3519,489,2022-10-02T19:11:29.578Z,2026-09-29T20:05:01.527Z,7
DEMO-DEV-3571,489,2022-10-02T03:12:05.172Z,2026-09-27T20:40:26.527Z,6
DEMO-DEV-3671,489,2022-10-10T09:30:16.989Z,2026-09-30T06:54:22.403Z,6
DEMO-DEV-3676,489,2022-10-07T16:06:27.138Z,2026-09-25T19:31:25.891Z,7
DEMO-DEV-3706,489,2022-10-05T18:58:21.584Z,2026-09-28T23:37:52.264Z,7
DEMO-DEV-3713,489,2022-10-07T07:15:54.537Z,2026-09-30T06:39:05.851Z,7
DEMO-DEV-3755,489,2022-10-03T03:16:02.167Z,2026-09-28T21:36:38.232Z,7
DEMO-DEV-3802,489,2022-10-09T23:12:00.298Z,2026-09-29T05:36:56.315Z,6
DEMO-DEV-3818,489,2022-10-02T17:11:34.428Z,2026-09-29T01:23:46.337Z,7
DEMO-DEV-3842,489,2022-10-03T19:32:46.976Z,2026-09-25T18:08:52.676Z,7
DEMO-DEV-3900,489,2022-10-02T03:36:14.366Z,2026-09-20T04:50:38.254Z,7
DEMO-DEV-3945,489,2022-10-03T16:52:45.785Z,2026-09-23T07:32:13.524Z,7
DEMO-DEV-4013,489,2022-10-01T21:50:51.614Z,2026-09-29T22:00:31.519Z,7
DEMO-DEV-4037,489,2022-10-06T04:59:25.727Z,2026-09-21T02:54:50.302Z,7
DEMO-DEV-4070,489,2022-10-01T14:43:06.497Z,2026-09-28T11:19:25.246Z,6
DEMO-DEV-4244,489,2022-10-04T02:09:23.816Z,2026-09-28T13:25:50.929Z,7
DEMO-DEV-4295,489,2022-10-02T21:15:52.192Z,2026-09-25T11:06:01.167Z,7
DEMO-DEV-4364,489,2022-10-03T18:45:18.302Z,2026-09-26T10:39:56.524Z,7
DEMO-DEV-4367,489,2022-10-03T18:43:27.189Z,2026-09-28T14:37:27.929Z,7
DEMO-DEV-4369,489,2022-10-01T21:37:27.075Z,2026-09-28T19:10:38.402Z,6
DEMO-DEV-4410,489,2022-10-02T02:01:02.799Z,2026-09-27T23:30:11.319Z,5
DEMO-DEV-4481,489,2022-10-04T01:26:41.354Z,2026-09-26T03:48:24.992Z,7
DEMO-DEV-4525,489,2022-10-01T14:21:19.545Z,2026-09-28T16:01:19.472Z,7
DEMO-DEV-4573,489,2022-10-03T12:45:23.403Z,2026-09-29T13:10:55.605Z,7
DEMO-DEV-4579,489,2022-10-02T12:36:15.806Z,2026-09-22T18:51:16.702Z,7
DEMO-DEV-4693,489,2022-10-04T07:36:16.727Z,2026-09-24T01:59:29.782Z,7
DEMO-DEV-4707,489,2022-10-03T05:01:50.497Z,2026-09-28T21:58:11.799Z,7
DEMO-DEV-4759,489,2022-10-06T15:46:39.443Z,2026-09-29T11:08:13.315Z,7
DEMO-DEV-4788,489,2022-10-01T22:29:40.068Z,2026-09-28T15:42:39.443Z,6
DEMO-DEV-4863,489,2022-10-04T00:10:09.682Z,2026-09-28T23:14:12.038Z,7
DEMO-DEV-4907,489,2022-10-03T03:26:17.682Z,2026-09-29T19:52:04.864Z,6
DEMO-DEV-5090,489,2022-10-07T00:10:33.692Z,2026-09-29T15:50:24.653Z,5
DEMO-DEV-5128,489,2022-10-02T13:48:46.612Z,2026-09-29T20:13:13.865Z,7
DEMO-DEV-5263,489,2022-10-04T07:24:16.873Z,2026-09-29T22:18:59.891Z,7
DEMO-DEV-5281,489,2022-10-03T17:20:36.817Z,2026-09-28T13:03:36.843Z,7
DEMO-DEV-5348,489,2022-10-01T21:37:16.879Z,2026-09-28T05:59:36.639Z,7
DEMO-DEV-5479,489,2022-10-03T04:19:34.992Z,2026-09-29T07:43:43.077Z,6
DEMO-DEV-5550,489,2022-10-03T08:10:25.537Z,2026-09-24T08:38:02.948Z,6
DEMO-DEV-5582,489,2022-10-13T19:45:03.232Z,2026-09-28T02:22:55.500Z,6
DEMO-DEV-5718,489,2022-10-01T19:49:50.291Z,2026-09-28T20:28:01.618Z,6
DEMO-DEV-5800,489,2022-10-04T04:33:27.607Z,2026-09-28T20:27:43.926Z,7
DEMO-DEV-5808,489,2022-10-08T13:07:33.710Z,2026-09-23T04:29:39.272Z,7
DEMO-DEV-5856,489,2022-10-01T17:15:58.173Z,2026-09-14T12:57:02.460Z,7
DEMO-DEV-5858,489,2022-10-01T17:48:17.003Z,2026-09-30T05:05:15.173Z,6
DEMO-DEV-5900,489,2022-10-04T04:08:32.785Z,2026-09-30T04:13:48.799Z,7
DEMO-DEV-5916,489,2022-10-05T09:56:30.523Z,2026-09-28T04:20:19.799Z,7
DEMO-DEV-6034,489,2022-10-01T13:03:25.804Z,2026-09-28T14:03:23.165Z,6
DEMO-DEV-6095,489,2022-10-03T09:16:36.523Z,2026-09-29T19:19:40.402Z,6
DEMO-DEV-6139,489,2022-10-02T12:39:51.817Z,2026-09-29T11:34:02.455Z,7
DEMO-DEV-6215,489,2022-10-05T18:44:28.824Z,2026-09-28T14:31:06.090Z,7
DEMO-DEV-6289,489,2022-10-03T23:25:01.555Z,2026-09-29T15:59:28.646Z,7
DEMO-DEV-6323,489,2022-10-01T20:33:37.150Z,2026-09-25T03:39:20.167Z,7
DEMO-DEV-6332,489,2022-10-03T06:29:19.354Z,2026-09-27T02:45:02.357Z,7
DEMO-DEV-6344,489,2022-10-10T01:46:28.221Z,2026-09-30T02:12:25.298Z,5
DEMO-DEV-6358,489,2022-10-07T20:39:13.365Z,2026-09-23T20:27:18.027Z,7
DEMO-DEV-6383,489,2022-10-02T03:13:37.511Z,2026-09-29T00:47:04.160Z,6
DEMO-DEV-6418,489,2022-10-01T16:19:44.968Z,2026-09-30T04:02:22.929Z,6
DEMO-DEV-6441,489,2022-10-02T08:07:28.612Z,2026-09-29T18:45:29.172Z,7
DEMO-DEV-6484,489,2022-10-01T15:37:21.792Z,2026-09-29T10:27:55.225Z,7
DEMO-DEV-6519,489,2022-10-22T16:26:42.817Z,2026-09-20T07:17:45.782Z,7
DEMO-DEV-6647,489,2022-10-01T09:15:05.023Z,2026-09-25T08:21:55.989Z,7
DEMO-DEV-6702,489,2022-10-08T16:09:28.692Z,2026-09-28T23:39:06.390Z,6
DEMO-DEV-6747,489,2022-10-04T14:38:31.968Z,2026-09-26T00:02:43.949Z,6
DEMO-DEV-7002,489,2022-10-03T17:00:45.403Z,2026-09-25T01:21:20.676Z,6
DEMO-DEV-7015,489,2022-10-03T08:50:48.442Z,2026-09-28T22:40:58.877Z,7
DEMO-DEV-7088,489,2022-10-04T20:12:03.150Z,2026-09-29T10:59:55.003Z,6
DEMO-DEV-7257,489,2022-10-01T10:31:09.023Z,2026-09-27T21:37:35.173Z,7
DEMO-DEV-7348,489,2022-10-05T09:25:53.120Z,2026-09-28T00:18:41.803Z,6
DEMO-DEV-7383,489,2022-10-05T09:51:18.653Z,2026-09-28T15:24:08.950Z,7
DEMO-DEV-7385,489,2022-10-01T16:11:31.161Z,2026-09-30T04:11:29.397Z,6
DEMO-DEV-7390,489,2022-10-01T21:42:29.655Z,2026-09-30T08:00:38.222Z,7
DEMO-DEV-7537,489,2022-10-09T00:09:18.021Z,2026-09-30T02:56:12.987Z,6
DEMO-DEV-7613,489,2022-10-05T05:04:56.485Z,2026-09-29T08:26:58.648Z,6
DEMO-DEV-7674,489,2022-10-05T04:03:49.205Z,2026-09-28T01:22:19.203Z,7
DEMO-DEV-7893,489,2022-10-03T19:16:18.040Z,2026-09-28T00:55:53.075Z,7
DEMO-DEV-7930,489,2022-10-02T03:46:11.524Z,2026-09-19T11:54:09.864Z,7
DEMO-DEV-7966,489,2022-10-02T18:16:20.075Z,2026-09-25T05:30:41.075Z,7
DEMO-DEV-8044,489,2022-10-02T15:07:27.765Z,2026-09-25T04:27:03.513Z,6
DEMO-DEV-8067,489,2022-10-01T20:58:08.368Z,2026-09-29T17:44:46.365Z,6
DEMO-DEV-8077,489,2022-10-02T09:29:41.969Z,2026-09-28T10:03:20.948Z,6
DEMO-DEV-8112,489,2022-10-04T22:41:25.568Z,2026-09-29T19:32:12.612Z,7
DEMO-DEV-8140,489,2022-10-01T09:35:45.885Z,2026-09-30T01:26:28.004Z,7
DEMO-DEV-8168,489,2022-10-04T09:44:51.232Z,2026-09-28T02:28:21.211Z,5
DEMO-DEV-8201,489,2022-10-11T21:46:12.319Z,2026-09-29T11:16:27.985Z,6
DEMO-DEV-8279,489,2022-10-04T15:24:31.568Z,2026-09-30T08:15:03.793Z,6
DEMO-DEV-8380,489,2022-10-05T21:01:58.636Z,2026-09-27T22:57:57.239Z,5
DEMO-DEV-8449,489,2022-10-11T13:10:13.189Z,2026-09-11T05:16:46.204Z,7
DEMO-DEV-8461,489,2022-10-09T17:04:09.752Z,2026-09-28T05:43:17.599Z,7
DEMO-DEV-8488,489,2022-10-01T17:35:20.648Z,2026-09-29T14:50:47.966Z,7
DEMO-DEV-8502,489,2022-10-01T11:07:58.778Z,2026-09-30T05:58:10.524Z,7
DEMO-DEV-8572,489,2022-10-10T23:06:47.508Z,2026-09-28T21:45:41.846Z,7
DEMO-DEV-8592,489,2022-10-04T15:09:26.892Z,2026-09-26T02:52:08.948Z,7
DEMO-DEV-8904,489,2022-10-04T09:47:42.668Z,2026-09-19T07:12:44.038Z,6
DEMO-DEV-8961,489,2022-10-06T03:52:21.891Z,2026-09-28T12:19:25.077Z,7
DEMO-DEV-8978,489,2022-10-05T22:34:31.892Z,2026-09-28T10:14:08.150Z,6
DEMO-DEV-8996,489,2022-10-02T11:18:17.139Z,2026-09-29T08:15:15.976Z,7
DEMO-DEV-8997,489,2022-10-03T22:48:09.965Z,2026-09-24T13:26:22.884Z,6
DEMO-DEV-8999,489,2022-10-09T08:03:17.836Z,2026-09-27T13:35:15.661Z,7
DEMO-DEV-9041,489,2022-10-02T06:23:07.646Z,2026-09-29T07:14:18.976Z,7
DEMO-DEV-9072,489,2022-10-01T18:57:57.612Z,2026-09-28T23:35:37.264Z,6
DEMO-DEV-9083,489,2022-10-01T12:26:43.138Z,2026-09-28T20:48:22.252Z,6
DEMO-DEV-9109,489,2022-10-04T21:48:07.120Z,2026-09-29T08:42:31.839Z,7
DEMO-DEV-9123,489,2022-10-03T21:46:42.968Z,2026-09-28T11:04:17.319Z,7
DEMO-DEV-9198,489,2022-10-03T12:50:35.535Z,2026-09-29T03:33:02.836Z,7
DEMO-DEV-9302,489,2022-10-02T15:24:27.782Z,2026-09-29T14:24:32.023Z,7
DEMO-DEV-9327,489,2022-10-05T07:51:53.190Z,2026-09-26T21:30:49.646Z,7
DEMO-DEV-9471,489,2022-10-05T22:03:13.352Z,2026-09-29T15:50:39.648Z,6
DEMO-DEV-9512,489,2022-10-01T11:37:13.989Z,2026-09-30T05:04:33.139Z,6
DEMO-DEV-9633,489,2022-10-02T16:33:53.738Z,2026-09-26T19:04:39.948Z,6
DEMO-DEV-9748,489,2022-10-03T03:21:53.167Z,2026-09-25T10:58:45.950Z,6
DEMO-DEV-9749,489,2022-10-06T17:24:19.752Z,2026-09-29T10:13:58.735Z,7
DEMO-DEV-9880,489,2022-10-01T20:12:34.298Z,2026-09-24T00:50:21.409Z,7
DEMO-DEV-9963,489,2022-10-02T05:12:39.993Z,2026-09-29T03:55:25.752Z,7
DEMO-DEV-0366,488,2022-10-04T11:21:07.307Z,2026-09-29T02:08:00.337Z,7
DEMO-DEV-0424,488,2022-10-01T10:32:42.120Z,2026-09-19T03:40:10.682Z,7
DEMO-DEV-0465,488,2022-10-03T15:50:46.614Z,2026-09-28T10:08:33.337Z,6
DEMO-DEV-0473,488,2022-10-02T14:59:47.914Z,2026-09-18T02:11:13.021Z,7
DEMO-DEV-0655,488,2022-10-02T03:19:58.291Z,2026-09-27T10:25:03.841Z,6
DEMO-DEV-0686,488,2022-10-06T20:14:30.160Z,2026-09-29T11:53:34.308Z,7
DEMO-DEV-0710,488,2022-10-05T09:59:55.692Z,2026-09-28T07:18:40.027Z,7
DEMO-DEV-0714,488,2022-10-04T13:31:18.120Z,2026-09-28T22:49:09.974Z,6
DEMO-DEV-0835,488,2022-10-01T23:24:23.300Z,2026-09-24T09:26:34.003Z,7
DEMO-DEV-0846,488,2022-10-02T00:56:06.824Z,2026-09-29T20:05:52.778Z,7
DEMO-DEV-0879,488,2022-10-04T15:14:44.568Z,2026-09-28T09:04:05.172Z,7
DEMO-DEV-0978,488,2022-10-02T03:08:12.578Z,2026-09-27T05:29:22.950Z,7
DEMO-DEV-0994,488,2022-10-02T17:54:41.038Z,2026-09-30T01:16:35.397Z,7
DEMO-DEV-1111,488,2022-10-04T18:39:25.975Z,2026-09-30T08:24:46.038Z,7
DEMO-DEV-1182,488,2022-10-04T23:04:09.754Z,2026-09-21T00:07:03.291Z,7
DEMO-DEV-1233,488,2022-10-01T18:13:52.370Z,2026-09-29T17:33:58.648Z,6
DEMO-DEV-1240,488,2022-10-12T20:04:12.992Z,2026-09-28T22:14:54.692Z,7
DEMO-DEV-1268,488,2022-10-10T03:36:22.950Z,2026-09-24T06:24:28.189Z,7
DEMO-DEV-1376,488,2022-10-02T03:28:01.037Z,2026-09-28T11:17:29.968Z,6
DEMO-DEV-1381,488,2022-10-07T14:25:52.913Z,2026-09-24T01:22:31.203Z,7
DEMO-DEV-1496,488,2022-10-04T17:57:14.288Z,2026-09-23T10:20:14.839Z,6
DEMO-DEV-1535,488,2022-10-04T13:31:33.527Z,2026-09-29T22:41:35.612Z,7
DEMO-DEV-1598,488,2022-10-06T13:14:01.415Z,2026-09-30T02:39:22.975Z,6
DEMO-DEV-1642,488,2022-10-01T16:49:02.719Z,2026-09-24T07:57:24.308Z,7
DEMO-DEV-1673,488,2022-10-06T06:01:38.428Z,2026-09-23T14:46:14.879Z,6
DEMO-DEV-1712,488,2022-10-02T16:29:04.075Z,2026-09-28T00:29:37.160Z,7
DEMO-DEV-1927,488,2022-10-01T08:36:47.795Z,2026-09-22T08:04:16.183Z,7
DEMO-DEV-1972,488,2022-10-01T22:37:46.508Z,2026-09-30T07:10:12.139Z,7
DEMO-DEV-1995,488,2022-10-02T23:51:04.859Z,2026-09-21T18:22:36.692Z,7
DEMO-DEV-2177,488,2022-10-09T11:37:58.402Z,2026-09-28T01:24:19.612Z,7
DEMO-DEV-2306,488,2022-10-04T17:23:52.851Z,2026-09-25T01:35:37.519Z,7
DEMO-DEV-2367,488,2022-10-06T04:11:21.877Z,2026-09-29T13:26:45.511Z,6
DEMO-DEV-2427,488,2022-10-08T16:16:36.804Z,2026-09-24T02:46:19.785Z,7
DEMO-DEV-2443,488,2022-10-13T10:04:21.926Z,2026-09-22T01:52:50.524Z,7
DEMO-DEV-2446,488,2022-10-02T20:08:55.307Z,2026-09-27T12:41:02.867Z,7
DEMO-DEV-2465,488,2022-10-02T03:15:25.987Z,2026-09-29T22:02:33.914Z,6
DEMO-DEV-2504,488,2022-10-03T20:11:12.803Z,2026-09-26T23:29:59.500Z,7
DEMO-DEV-2568,488,2022-10-01T15:38:13.470Z,2026-09-25T03:08:38.040Z,6
DEMO-DEV-2658,488,2022-10-02T10:16:29.692Z,2026-09-26T08:23:48.298Z,6
DEMO-DEV-2829,488,2022-10-05T13:52:53.992Z,2026-09-22T03:02:05.370Z,7
DEMO-DEV-2862,488,2022-10-05T10:06:52.203Z,2026-09-29T06:23:27.268Z,7
DEMO-DEV-2887,488,2022-10-02T11:47:13.302Z,2026-09-28T18:05:19.073Z,6
DEMO-DEV-2936,488,2022-10-01T22:53:56.511Z,2026-09-28T02:55:40.167Z,6
DEMO-DEV-3027,488,2022-10-08T14:40:10.394Z,2026-09-30T03:14:20.134Z,6
DEMO-DEV-3057,488,2022-10-01T09:50:49.877Z,2026-09-29T18:31:03.224Z,7
DEMO-DEV-3079,488,2022-10-03T16:17:24.080Z,2026-09-24T06:23:25.204Z,6
DEMO-DEV-3114,488,2022-10-01T12:58:31.254Z,2026-09-28T12:08:43.993Z,7
DEMO-DEV-3131,488,2022-10-01T21:09:40.537Z,2026-09-29T03:51:48.795Z,7
DEMO-DEV-3174,488,2022-10-02T21:42:43.655Z,2026-09-29T05:33:12.877Z,6
DEMO-DEV-3350,488,2022-10-01T10:32:36.368Z,2026-09-29T19:43:24.023Z,5
DEMO-DEV-3354,488,2022-10-03T00:38:44.003Z,2026-09-25T11:38:02.868Z,7
DEMO-DEV-3445,488,2022-10-01T15:03:03.568Z,2026-09-27T19:51:35.618Z,6
DEMO-DEV-3534,488,2022-10-03T14:08:14.646Z,2026-09-29T20:54:08.993Z,7
DEMO-DEV-3541,488,2022-10-01T11:06:19.752Z,2026-09-21T19:31:44.232Z,6
DEMO-DEV-3570,488,2022-10-02T05:44:50.288Z,2026-09-26T04:11:06.523Z,6
DEMO-DEV-3670,488,2022-10-02T13:29:51.291Z,2026-09-26T00:13:51.057Z,7
DEMO-DEV-3688,488,2022-10-04T12:21:03.172Z,2026-09-28T08:54:58.702Z,7
DEMO-DEV-3704,488,2022-10-01T11:34:48.497Z,2026-09-26T22:41:49.636Z,7
DEMO-DEV-3717,488,2022-10-01T09:40:38.752Z,2026-09-29T10:24:46.765Z,6
DEMO-DEV-3745,488,2022-10-03T02:59:17.968Z,2026-09-26T19:42:26.511Z,6
DEMO-DEV-3796,488,2022-10-01T18:13:03.584Z,2026-09-25T06:04:52.646Z,6
DEMO-DEV-3896,488,2022-10-06T19:05:15.614Z,2026-09-27T09:05:24.859Z,7
DEMO-DEV-3952,488,2022-10-03T03:22:12.519Z,2026-09-28T20:00:49.308Z,7
DEMO-DEV-3962,488,2022-10-03T12:41:10.226Z,2026-09-19T16:38:33.023Z,6
DEMO-DEV-3992,488,2022-10-09T04:16:08.289Z,2026-09-26T12:05:38.873Z,6
DEMO-DEV-4232,488,2022-10-03T20:17:12.038Z,2026-09-27T07:45:17.003Z,7
DEMO-DEV-4248,488,2022-10-03T07:59:58.975Z,2026-09-27T02:42:05.508Z,6
DEMO-DEV-4492,488,2022-10-04T00:41:20.636Z,2026-09-29T12:08:51.192Z,6
DEMO-DEV-4544,488,2022-10-08T00:37:52.816Z,2026-09-28T23:16:33.368Z,6
DEMO-DEV-4948,488,2022-10-03T21:33:51.287Z,2026-09-24T03:17:20.368Z,7
DEMO-DEV-4991,488,2022-10-04T01:22:54.366Z,2026-09-22T15:57:14.252Z,7
DEMO-DEV-5003,488,2022-10-01T15:11:41.817Z,2026-09-29T16:28:03.782Z,6
DEMO-DEV-5029,488,2022-10-08T16:20:45.497Z,2026-09-29T18:40:12.015Z,7
DEMO-DEV-5185,488,2022-10-01T09:35:36.038Z,2026-09-28T07:12:52.462Z,6
DEMO-DEV-5327,488,2022-10-14T12:24:07.068Z,2026-09-28T22:22:21.636Z,7
DEMO-DEV-5525,488,2022-10-09T11:07:20.843Z,2026-09-26T20:23:17.391Z,6
DEMO-DEV-5562,488,2022-10-12T08:40:49.287Z,2026-09-29T04:12:05.817Z,6
DEMO-DEV-5769,488,2022-10-01T11:13:35.505Z,2026-09-30T07:29:37.352Z,7
DEMO-DEV-5815,488,2022-10-02T03:14:01.365Z,2026-09-29T12:27:59.352Z,7
DEMO-DEV-5843,488,2022-10-01T16:18:57.203Z,2026-09-30T07:59:11.989Z,7
DEMO-DEV-5878,488,2022-10-07T19:32:31.203Z,2026-09-28T03:13:35.692Z,6
DEMO-DEV-5890,488,2022-10-05T16:37:26.252Z,2026-09-30T05:08:49.803Z,7
DEMO-DEV-5933,488,2022-10-04T04:42:42.765Z,2026-09-27T05:05:45.203Z,6
DEMO-DEV-5956,488,2022-10-01T19:06:01.505Z,2026-09-28T17:03:57.735Z,7
DEMO-DEV-6152,488,2022-10-03T13:19:36.884Z,2026-09-26T16:55:59.867Z,7
DEMO-DEV-6375,488,2022-10-04T17:56:58.370Z,2026-09-28T19:03:57.666Z,6
DEMO-DEV-6438,488,2022-10-02T19:38:26.189Z,2026-09-25T13:44:09.870Z,6
DEMO-DEV-6476,488,2022-10-09T05:51:12.190Z,2026-09-29T15:58:48.867Z,7
DEMO-DEV-6507,488,2022-10-02T05:53:40.172Z,2026-09-25T19:56:15.226Z,7
DEMO-DEV-6515,488,2022-10-03T21:30:47.505Z,2026-09-29T17:58:51.948Z,7
DEMO-DEV-6706,488,2022-10-02T10:10:04.523Z,2026-09-29T10:30:08.578Z,7
DEMO-DEV-6712,488,2022-10-03T04:09:13.204Z,2026-09-27T14:50:54.472Z,7
DEMO-DEV-6721,488,2022-10-02T19:33:59.470Z,2026-09-23T21:17:43.607Z,7
DEMO-DEV-6729,488,2022-10-02T11:02:42.859Z,2026-09-29T12:35:20.605Z,6
DEMO-DEV-6732,488,2022-10-13T00:56:03.442Z,2026-09-26T08:22:21.727Z,6
DEMO-DEV-6788,488,2022-10-05T23:45:52.976Z,2026-09-27T20:25:13.120Z,7
DEMO-DEV-6821,488,2022-10-02T01:15:31.308Z,2026-09-30T00:27:23.658Z,7
DEMO-DEV-6827,488,2022-10-04T15:47:06.892Z,2026-09-27T04:59:41.668Z,6
DEMO-DEV-6873,488,2022-10-02T09:10:55.877Z,2026-09-22T21:07:21.752Z,5
DEMO-DEV-6971,488,2022-10-01T15:59:01.989Z,2026-09-29T15:30:42.524Z,7
DEMO-DEV-7037,488,2022-10-02T10:12:28.636Z,2026-09-21T17:53:47.057Z,6
DEMO-DEV-7152,488,2022-10-04T10:52:09.778Z,2026-09-28T19:45:28.003Z,7
DEMO-DEV-7256,488,2022-10-05T16:39:16.037Z,2026-09-25T20:33:10.806Z,7
DEMO-DEV-7299,488,2022-10-17T15:49:31.134Z,2026-09-26T00:39:21.409Z,7
DEMO-DEV-7367,488,2022-10-13T18:14:47.639Z,2026-09-30T02:46:05.014Z,7
DEMO-DEV-7430,488,2022-10-02T14:30:54.614Z,2026-09-20T05:01:44.537Z,7
DEMO-DEV-7447,488,2022-10-02T08:37:29.948Z,2026-09-25T06:31:34.063Z,7
DEMO-DEV-7601,488,2022-10-02T05:10:39.555Z,2026-09-29T17:20:36.968Z,7
DEMO-DEV-7631,488,2022-10-04T22:11:21.792Z,2026-09-23T19:45:07.470Z,7
DEMO-DEV-7650,488,2022-10-03T21:59:10.183Z,2026-09-27T04:17:40.702Z,6
DEMO-DEV-7684,488,2022-10-05T19:33:07.038Z,2026-09-26T07:59:42.203Z,7
DEMO-DEV-7768,488,2022-10-05T00:31:13.238Z,2026-09-23T10:07:32.523Z,6
DEMO-DEV-7844,488,2022-10-03T21:58:11.238Z,2026-09-23T04:45:30.300Z,7
DEMO-DEV-7937,488,2022-10-02T05:50:03.870Z,2026-09-26T13:37:56.165Z,7
DEMO-DEV-7976,488,2022-10-03T08:28:45.397Z,2026-09-29T14:11:56.605Z,7
DEMO-DEV-7991,488,2022-10-03T12:22:22.246Z,2026-09-30T05:55:11.120Z,6
DEMO-DEV-8177,488,2022-10-03T01:52:38.968Z,2026-09-22T05:13:09.485Z,7
DEMO-DEV-8187,488,2022-10-06T09:16:06.077Z,2026-09-30T07:19:07.063Z,7
DEMO-DEV-8315,488,2022-10-03T02:58:42.045Z,2026-09-22T23:33:53.778Z,7
DEMO-DEV-8412,488,2022-10-02T10:19:57.591Z,2026-09-26T16:29:41.968Z,7
DEMO-DEV-8414,488,2022-10-02T14:22:36.752Z,2026-09-28T12:08:19.298Z,6
DEMO-DEV-8481,488,2022-10-03T02:09:45.784Z,2026-09-28T06:57:16.168Z,7
DEMO-DEV-8525,488,2022-10-02T18:33:45.682Z,2026-09-26T13:46:03.917Z,7
DEMO-DEV-8796,488,2022-10-09T05:35:20.024Z,2026-09-18T17:26:26.219Z,7
DEMO-DEV-8802,488,2022-10-02T12:59:36.682Z,2026-09-29T19:32:59.037Z,6
DEMO-DEV-8821,488,2022-10-04T17:00:03.325Z,2026-09-30T00:40:42.969Z,6
DEMO-DEV-8832,488,2022-10-05T15:03:10.605Z,2026-09-24T14:55:49.846Z,6
DEMO-DEV-8921,488,2022-10-01T10:55:57.138Z,2026-09-29T19:53:27.917Z,6
DEMO-DEV-8998,488,2022-10-08T09:03:02.319Z,2026-09-28T11:26:13.784Z,6
DEMO-DEV-9073,488,2022-10-03T02:59:34.307Z,2026-09-28T10:52:40.658Z,6
DEMO-DEV-9085,488,2022-10-04T04:29:16.015Z,2026-09-30T00:29:52.370Z,7
DEMO-DEV-9150,488,2022-10-04T02:02:11.803Z,2026-09-27T16:59:07.470Z,6
DEMO-DEV-9182,488,2022-10-01T13:40:28.688Z,2026-09-28T01:12:45.555Z,7
DEMO-DEV-9210,488,2022-10-02T14:11:54.037Z,2026-09-28T06:24:02.607Z,6
DEMO-DEV-9337,488,2022-10-02T01:48:05.782Z,2026-09-26T09:03:03.873Z,7
DEMO-DEV-9445,488,2022-10-04T22:45:11.605Z,2026-09-29T22:02:54.865Z,7
DEMO-DEV-9496,488,2022-10-02T05:39:55.646Z,2026-09-27T02:51:29.976Z,7
DEMO-DEV-9533,488,2022-10-02T05:33:59.239Z,2026-09-28T12:28:39.014Z,7
DEMO-DEV-9554,488,2022-10-08T00:41:00.370Z,2026-09-27T06:23:38.466Z,7
DEMO-DEV-9591,488,2022-10-03T12:43:40.614Z,2026-09-30T05:10:37.851Z,6
DEMO-DEV-9604,488,2022-10-06T04:12:56.090Z,2026-09-27T05:56:15.370Z,7
DEMO-DEV-9688,488,2022-10-05T17:41:59.859Z,2026-09-26T00:24:39.648Z,7
DEMO-DEV-9721,488,2022-10-04T22:43:06.354Z,2026-09-27T17:30:22.511Z,7
DEMO-DEV-9777,488,2022-10-01T10:27:30.658Z,2026-09-20T20:43:44.948Z,7
DEMO-DEV-9837,488,2022-10-02T20:40:03.045Z,2026-09-29T21:50:57.497Z,7
DEMO-DEV-9881,488,2022-10-09T09:02:19.190Z,2026-09-29T17:00:00.289Z,7
DEMO-DEV-9899,488,2022-10-05T13:23:38.493Z,2026-09-26T21:38:41.139Z,6
DEMO-DEV-0009,487,2022-10-11T19:34:06.225Z,2026-09-28T12:30:47.864Z,6
DEMO-DEV-0086,487,2022-10-15T22:42:36.038Z,2026-09-29T14:55:51.591Z,7
DEMO-DEV-0108,487,2022-10-07T13:03:55.710Z,2026-09-28T14:34:10.719Z,7
DEMO-DEV-0133,487,2022-10-02T09:53:13.168Z,2026-09-28T00:16:43.865Z,6
DEMO-DEV-0210,487,2022-10-03T04:53:15.975Z,2026-09-28T00:41:51.885Z,6
DEMO-DEV-0255,487,2022-10-01T17:07:28.466Z,2026-09-27T01:06:34.027Z,6
DEMO-DEV-0305,487,2022-10-03T07:07:38.618Z,2026-09-28T21:27:55.472Z,6
DEMO-DEV-0313,487,2022-10-03T06:51:41.692Z,2026-09-29T01:36:45.976Z,7
DEMO-DEV-0328,487,2022-10-01T14:38:32.948Z,2026-09-24T08:20:14.503Z,7
DEMO-DEV-0370,487,2022-10-04T16:18:13.167Z,2026-09-27T18:54:58.218Z,6
DEMO-DEV-0642,487,2022-10-01T12:47:34.268Z,2026-09-29T06:52:44.885Z,7
DEMO-DEV-0776,487,2022-10-03T00:02:25.892Z,2026-09-29T10:25:00.949Z,7
DEMO-DEV-0802,487,2022-10-02T06:26:10.155Z,2026-09-28T17:46:38.989Z,6
DEMO-DEV-0864,487,2022-10-02T17:15:47.965Z,2026-09-29T18:06:22.545Z,6
DEMO-DEV-0877,487,2022-10-03T08:21:34.885Z,2026-09-27T08:40:03.497Z,7
DEMO-DEV-0898,487,2022-10-09T08:29:17.460Z,2026-09-29T11:14:39.172Z,7
DEMO-DEV-0934,487,2022-10-02T13:47:58.508Z,2026-09-30T02:52:59.026Z,7
DEMO-DEV-0984,487,2022-10-06T00:09:09.843Z,2026-09-29T10:48:11.357Z,7
DEMO-DEV-1017,487,2022-10-11T01:14:57.868Z,2026-09-29T04:42:25.319Z,5
DEMO-DEV-1195,487,2022-10-05T19:17:20.222Z,2026-09-23T19:46:00.968Z,7
DEMO-DEV-1251,487,2022-10-03T00:18:18.503Z,2026-09-28T03:10:09.357Z,7
DEMO-DEV-1267,487,2022-10-02T22:30:55.816Z,2026-09-29T21:35:58.226Z,6
DEMO-DEV-1392,487,2022-10-08T03:44:33.591Z,2026-09-25T09:56:47.409Z,7
DEMO-DEV-1399,487,2022-10-04T04:17:56.442Z,2026-09-29T01:29:21.646Z,6
DEMO-DEV-1427,487,2022-10-04T03:42:57.446Z,2026-09-26T11:29:03.752Z,6
DEMO-DEV-1468,487,2022-10-08T20:54:37.527Z,2026-09-30T07:50:26.352Z,7
DEMO-DEV-1511,487,2022-10-06T03:03:52.966Z,2026-09-28T02:15:30.397Z,7
DEMO-DEV-1608,487,2022-10-01T18:08:27.508Z,2026-09-28T11:20:40.535Z,7
DEMO-DEV-1741,487,2022-10-03T12:18:55.989Z,2026-09-29T05:21:42.023Z,7
DEMO-DEV-1831,487,2022-10-04T00:36:56.948Z,2026-09-28T04:43:52.841Z,7
DEMO-DEV-1897,487,2022-10-01T20:29:54.591Z,2026-09-20T15:08:58.189Z,7
DEMO-DEV-2003,487,2022-10-06T15:43:00.688Z,2026-09-26T08:42:37.403Z,7
DEMO-DEV-2057,487,2022-10-05T11:24:19.555Z,2026-09-27T04:50:29.870Z,7
DEMO-DEV-2077,487,2022-10-05T02:10:23.037Z,2026-09-27T07:25:59.205Z,7
DEMO-DEV-2122,487,2022-10-01T14:52:41.250Z,2026-09-28T22:56:57.646Z,6
DEMO-DEV-2174,487,2022-10-03T07:51:57.298Z,2026-09-29T23:16:10.165Z,6
DEMO-DEV-2179,487,2022-10-03T14:38:59.027Z,2026-09-24T23:55:47.357Z,7
DEMO-DEV-2265,487,2022-10-10T00:23:24.120Z,2026-09-26T08:53:13.975Z,6
DEMO-DEV-2330,487,2022-10-03T16:21:15.203Z,2026-09-30T05:52:53.891Z,7
DEMO-DEV-2380,487,2022-10-07T08:35:52.618Z,2026-09-29T08:46:18.976Z,7
DEMO-DEV-2397,487,2022-10-06T13:59:46.337Z,2026-09-30T03:25:59.727Z,5
DEMO-DEV-2437,487,2022-10-02T06:42:15.782Z,2026-09-26T05:26:48.345Z,6
DEMO-DEV-2595,487,2022-10-02T05:14:33.985Z,2026-09-27T22:25:41.806Z,7
DEMO-DEV-2619,487,2022-10-05T05:42:18.234Z,2026-09-25T02:59:52.824Z,7
DEMO-DEV-2732,487,2022-10-01T22:00:11.782Z,2026-09-25T00:06:56.415Z,6
DEMO-DEV-2865,487,2022-10-02T15:02:08.682Z,2026-09-27T09:40:01.993Z,7
DEMO-DEV-2868,487,2022-10-02T03:21:59.075Z,2026-09-28T12:16:16.291Z,7
DEMO-DEV-2881,487,2022-10-02T03:33:18.391Z,2026-09-29T02:20:21.208Z,7
DEMO-DEV-3005,487,2022-10-03T04:22:37.254Z,2026-09-22T14:54:38.189Z,7
DEMO-DEV-3016,487,2022-10-09T04:59:05.289Z,2026-09-29T19:55:07.668Z,7
DEMO-DEV-3046,487,2022-10-04T19:12:16.688Z,2026-09-28T07:14:24.239Z,6
DEMO-DEV-3073,487,2022-10-01T19:05:44.714Z,2026-09-30T06:43:45.087Z,6
DEMO-DEV-3136,487,2022-10-04T16:09:03.014Z,2026-09-23T18:36:06.493Z,6
DEMO-DEV-3260,487,2022-10-01T11:30:53.165Z,2026-09-28T04:26:38.682Z,6
DEMO-DEV-3270,487,2022-10-04T00:27:50.224Z,2026-09-29T22:16:14.023Z,7
DEMO-DEV-3277,487,2022-10-03T10:36:44.752Z,2026-09-23T08:26:29.253Z,7
DEMO-DEV-3332,487,2022-10-16T19:33:50.992Z,2026-09-21T16:48:41.172Z,7
DEMO-DEV-3364,487,2022-10-04T22:47:08.778Z,2026-09-27T04:19:18.370Z,7
DEMO-DEV-3429,487,2022-10-01T13:13:27.246Z,2026-09-30T04:46:11.057Z,7
DEMO-DEV-3435,487,2022-10-05T22:23:47.795Z,2026-09-29T01:39:28.308Z,7
DEMO-DEV-3446,487,2022-10-01T21:20:01.824Z,2026-09-29T05:37:38.080Z,7
DEMO-DEV-3467,487,2022-10-02T08:21:25.719Z,2026-09-30T00:05:31.987Z,7
DEMO-DEV-3491,487,2022-10-11T10:31:12.134Z,2026-09-28T00:33:55.211Z,7
DEMO-DEV-3557,487,2022-10-11T23:42:25.252Z,2026-09-28T01:23:27.190Z,7
DEMO-DEV-3622,487,2022-10-02T15:17:31.253Z,2026-09-26T13:11:49.738Z,7
DEMO-DEV-3684,487,2022-10-01T17:23:53.172Z,2026-09-19T10:02:38.300Z,7
DEMO-DEV-3807,487,2022-10-01T15:59:30.870Z,2026-09-29T12:14:21.442Z,7
DEMO-DEV-3821,487,2022-10-04T06:18:33.811Z,2026-09-25T15:18:03.500Z,6
DEMO-DEV-3830,487,2022-10-01T22:27:05.239Z,2026-09-27T05:26:20.508Z,7
DEMO-DEV-3883,487,2022-10-02T10:48:24.727Z,2026-09-29T22:58:48.591Z,7
DEMO-DEV-3930,487,2022-10-01T17:45:48.090Z,2026-09-25T08:15:02.584Z,7
DEMO-DEV-4055,487,2022-10-05T22:49:00.253Z,2026-09-28T22:51:26.993Z,7
DEMO-DEV-4186,487,2022-10-04T00:04:07.442Z,2026-09-19T20:51:42.026Z,7
DEMO-DEV-4297,487,2022-10-02T13:21:09.446Z,2026-09-27T01:42:08.472Z,7
DEMO-DEV-4305,487,2022-10-02T06:10:48.778Z,2026-09-29T16:02:14.155Z,7
DEMO-DEV-4415,487,2022-10-03T19:24:30.505Z,2026-09-22T14:08:56.183Z,7
DEMO-DEV-4477,487,2022-10-02T15:34:00.914Z,2026-09-30T02:17:52.765Z,7
DEMO-DEV-4533,487,2022-10-01T13:59:10.222Z,2026-09-26T11:09:50.173Z,7
DEMO-DEV-4540,487,2022-10-11T15:11:56.503Z,2026-09-28T15:36:59.493Z,7
DEMO-DEV-4552,487,2022-10-03T03:34:28.989Z,2026-09-27T21:13:04.524Z,7
DEMO-DEV-4741,487,2022-10-05T13:40:35.843Z,2026-09-27T16:53:59.443Z,7
DEMO-DEV-4959,487,2022-10-05T19:24:41.929Z,2026-09-24T02:54:11.027Z,6
DEMO-DEV-5034,487,2022-10-03T16:34:36.224Z,2026-09-28T03:39:46.556Z,7
DEMO-DEV-5209,487,2022-10-12T23:10:28.806Z,2026-09-28T07:13:17.139Z,7
DEMO-DEV-5313,487,2022-10-03T04:02:39.390Z,2026-09-26T14:46:42.073Z,7
DEMO-DEV-5382,487,2022-10-04T00:51:45.155Z,2026-09-26T01:06:42.636Z,7
DEMO-DEV-5403,487,2022-10-07T02:59:42.985Z,2026-09-28T01:57:40.203Z,6
DEMO-DEV-5568,487,2022-10-04T18:17:03.391Z,2026-09-30T01:16:18.965Z,7
DEMO-DEV-5813,487,2022-10-02T23:11:03.719Z,2026-09-29T17:10:55.879Z,6
DEMO-DEV-5961,487,2022-10-12T02:16:33.648Z,2026-09-30T06:07:19.873Z,7
DEMO-DEV-5987,487,2022-10-09T03:57:42.402Z,2026-09-30T06:22:05.485Z,7
DEMO-DEV-6016,487,2022-10-01T10:13:05.676Z,2026-09-29T16:45:39.817Z,7
DEMO-DEV-6089,487,2022-10-05T22:16:26.885Z,2026-09-27T22:22:02.806Z,6
DEMO-DEV-6107,487,2022-10-08T23:24:55.865Z,2026-09-29T16:38:33.913Z,7
DEMO-DEV-6120,487,2022-10-01T15:19:33.765Z,2026-09-28T05:01:21.120Z,5
DEMO-DEV-6150,487,2022-10-01T18:23:04.023Z,2026-09-29T15:20:17.045Z,7
DEMO-DEV-6224,487,2022-10-03T04:02:06.027Z,2026-09-22T13:14:17.599Z,6
DEMO-DEV-6382,487,2022-10-04T15:06:37.455Z,2026-09-29T15:20:20.929Z,7
DEMO-DEV-6423,487,2022-10-02T03:30:01.357Z,2026-09-28T18:57:15.511Z,7
DEMO-DEV-6428,487,2022-10-05T19:18:13.950Z,2026-09-28T18:02:12.167Z,7
DEMO-DEV-6440,487,2022-10-02T16:11:46.211Z,2026-09-29T11:48:20.825Z,7
DEMO-DEV-6468,487,2022-10-01T17:24:25.710Z,2026-09-30T02:13:44.038Z,7
DEMO-DEV-6492,487,2022-10-05T16:04:32.204Z,2026-09-30T05:12:55.428Z,6
DEMO-DEV-6508,487,2022-10-04T15:32:19.493Z,2026-09-30T07:33:25.885Z,7
DEMO-DEV-6592,487,2022-10-01T11:01:41.817Z,2026-09-30T06:04:52.968Z,7
DEMO-DEV-6609,487,2022-10-07T18:26:53.370Z,2026-09-30T02:55:18.966Z,7
DEMO-DEV-6617,487,2022-10-05T00:05:09.578Z,2026-09-22T07:38:45.354Z,6
DEMO-DEV-6665,487,2022-10-04T04:22:11.877Z,2026-09-28T09:17:37.038Z,7
DEMO-DEV-6723,487,2022-10-03T01:32:16.409Z,2026-09-29T02:34:37.648Z,7
DEMO-DEV-6761,487,2022-10-01T21:34:27.208Z,2026-09-27T10:01:35.302Z,7
DEMO-DEV-6770,487,2022-10-03T21:41:48.403Z,2026-09-28T14:17:10.307Z,7
DEMO-DEV-6802,487,2022-10-07T09:06:45.272Z,2026-09-29T10:57:00.993Z,7
DEMO-DEV-7237,487,2022-10-05T10:48:59.073Z,2026-09-29T05:30:25.817Z,7
DEMO-DEV-7309,487,2022-10-01T11:17:34.021Z,2026-09-21T14:09:10.873Z,6
DEMO-DEV-7368,487,2022-10-02T06:41:39.976Z,2026-09-18T09:29:43.172Z,7
DEMO-DEV-7384,487,2022-10-04T22:41:48.470Z,2026-09-30T04:15:36.915Z,7
DEMO-DEV-7660,487,2022-10-04T00:28:22.302Z,2026-09-17T09:25:57.466Z,6
DEMO-DEV-7794,487,2022-10-02T03:28:57.799Z,2026-09-29T19:52:48.752Z,7
DEMO-DEV-7836,487,2022-10-07T01:41:13.985Z,2026-09-29T04:11:31.134Z,7
DEMO-DEV-7909,487,2022-10-04T23:12:53.584Z,2026-09-25T04:23:28.485Z,6
DEMO-DEV-7912,487,2022-10-01T21:34:23.513Z,2026-09-27T02:49:11.366Z,6
DEMO-DEV-7932,487,2022-10-02T00:36:27.345Z,2026-09-30T02:28:10.218Z,6
DEMO-DEV-8028,487,2022-10-05T13:18:17.513Z,2026-09-19T10:01:09.211Z,7
DEMO-DEV-8236,487,2022-10-02T14:57:47.511Z,2026-09-29T15:40:21.727Z,7
DEMO-DEV-8246,487,2022-10-05T02:29:00.865Z,2026-09-28T06:49:57.950Z,7
DEMO-DEV-8251,487,2022-10-04T11:58:03.090Z,2026-09-20T06:54:29.535Z,6
DEMO-DEV-8255,487,2022-10-03T00:41:50.224Z,2026-09-25T02:28:43.397Z,7
DEMO-DEV-8313,487,2022-10-04T19:20:00.357Z,2026-09-24T06:34:57.976Z,7
DEMO-DEV-8375,487,2022-10-02T06:10:05.325Z,2026-09-28T16:56:33.366Z,7
DEMO-DEV-8435,487,2022-10-04T09:04:19.252Z,2026-09-27T05:20:58.523Z,6
DEMO-DEV-8508,487,2022-10-03T10:07:35.636Z,2026-09-29T06:09:30.949Z,7
DEMO-DEV-8522,487,2022-10-03T09:43:49.752Z,2026-09-29T11:32:58.555Z,7
DEMO-DEV-8538,487,2022-10-05T10:48:26.040Z,2026-09-22T06:13:29.302Z,6
DEMO-DEV-8563,487,2022-10-08T21:35:50.204Z,2026-09-25T20:00:21.839Z,6
DEMO-DEV-8606,487,2022-10-02T05:34:19.929Z,2026-09-29T09:49:46.415Z,6
DEMO-DEV-8623,487,2022-10-05T00:17:49.612Z,2026-09-29T04:37:58.357Z,7
DEMO-DEV-8682,487,2022-10-06T06:38:16.915Z,2026-09-25T02:52:30.391Z,7
DEMO-DEV-8690,487,2022-10-06T13:23:31.057Z,2026-09-29T01:08:39.428Z,7
DEMO-DEV-8694,487,2022-10-04T20:24:42.443Z,2026-09-26T10:01:14.063Z,7
DEMO-DEV-8786,487,2022-10-02T06:50:44.057Z,2026-09-29T23:12:26.014Z,7
DEMO-DEV-8797,487,2022-10-01T12:34:09.505Z,2026-09-21T00:49:04.867Z,6
DEMO-DEV-8825,487,2022-10-03T03:54:38.929Z,2026-09-21T04:21:38.618Z,7
DEMO-DEV-8874,487,2022-10-01T16:45:27.155Z,2026-09-25T19:06:49.045Z,6
DEMO-DEV-9022,487,2022-10-01T12:04:19.466Z,2026-09-29T23:45:06.873Z,6
DEMO-DEV-9242,487,2022-10-04T11:27:15.077Z,2026-09-27T20:41:54.793Z,7
DEMO-DEV-9267,487,2022-10-01T12:07:45.319Z,2026-09-27T18:36:06.024Z,7
DEMO-DEV-9269,487,2022-10-05T03:24:13.063Z,2026-09-21T00:17:17.203Z,7
DEMO-DEV-9382,487,2022-10-05T15:04:37.470Z,2026-09-29T02:09:22.446Z,7
DEMO-DEV-9401,487,2022-10-01T09:59:14.786Z,2026-09-21T17:29:50.252Z,7
DEMO-DEV-9536,487,2022-10-02T15:26:44.302Z,2026-09-29T13:33:46.026Z,7
DEMO-DEV-9556,487,2022-10-04T11:28:31.870Z,2026-09-23T18:59:33.428Z,7
DEMO-DEV-9593,487,2022-10-03T11:49:21.337Z,2026-09-27T20:07:07.976Z,7
DEMO-DEV-9676,487,2022-10-05T17:51:23.584Z,2026-09-27T22:15:45.778Z,7
DEMO-DEV-9752,487,2022-10-03T06:28:46.428Z,2026-09-27T09:25:17.238Z,7
DEMO-DEV-9760,487,2022-10-02T07:20:02.727Z,2026-09-28T20:22:29.519Z,6
DEMO-DEV-9827,487,2022-10-03T21:59:10.948Z,2026-09-28T09:22:19.236Z,7
DEMO-DEV-9866,487,2022-10-01T14:24:09.428Z,2026-09-28T14:24:41.038Z,6
DEMO-DEV-9869,487,2022-10-06T07:11:14.527Z,2026-09-27T19:53:20.155Z,7
DEMO-DEV-9959,487,2022-10-04T20:29:27.843Z,2026-09-25T06:01:09.966Z,7
DEMO-DEV-0026,486,2022-10-02T09:35:09.841Z,2026-09-29T22:39:21.803Z,7
DEMO-DEV-0091,486,2022-10-03T06:53:02.884Z,2026-09-30T00:02:34.368Z,7
DEMO-DEV-0125,486,2022-10-05T12:51:54.493Z,2026-09-25T05:15:49.646Z,7
DEMO-DEV-0278,486,2022-10-01T16:44:30.859Z,2026-09-26T07:38:07.915Z,6
DEMO-DEV-0520,486,2022-10-02T01:56:12.511Z,2026-09-28T00:07:18.966Z,6
DEMO-DEV-0584,486,2022-10-05T01:07:03.208Z,2026-09-28T13:20:29.298Z,6
DEMO-DEV-0679,486,2022-10-08T07:36:15.965Z,2026-09-18T19:12:56.929Z,6
DEMO-DEV-0684,486,2022-10-02T20:32:07.785Z,2026-09-28T14:51:07.368Z,6
DEMO-DEV-0721,486,2022-10-02T04:05:42.870Z,2026-09-29T23:35:29.485Z,7
DEMO-DEV-0771,486,2022-10-03T22:52:26.211Z,2026-09-29T06:26:51.230Z,7
DEMO-DEV-0876,486,2022-10-03T20:38:07.357Z,2026-09-27T22:15:31.252Z,6
DEMO-DEV-0900,486,2022-10-06T13:04:55.917Z,2026-09-27T01:12:45.545Z,7
DEMO-DEV-0902,486,2022-10-05T21:42:03.352Z,2026-09-24T21:14:17.470Z,5
DEMO-DEV-1018,486,2022-10-06T16:40:39.211Z,2026-09-28T08:57:54.688Z,6
DEMO-DEV-1124,486,2022-10-07T23:34:07.817Z,2026-09-30T03:20:34.073Z,7
DEMO-DEV-1292,486,2022-10-12T16:16:51.836Z,2026-09-29T11:12:41.203Z,6
DEMO-DEV-1407,486,2022-10-06T22:59:19.446Z,2026-09-28T16:03:31.493Z,6
DEMO-DEV-1449,486,2022-10-03T04:34:19.160Z,2026-09-26T20:30:06.976Z,7
DEMO-DEV-1467,486,2022-10-05T21:59:44.287Z,2026-09-28T10:34:29.795Z,6
DEMO-DEV-1483,486,2022-10-06T08:55:55.183Z,2026-09-23T16:50:01.337Z,7
DEMO-DEV-1485,486,2022-10-03T03:03:38.825Z,2026-09-26T23:54:12.653Z,7
DEMO-DEV-1540,486,2022-10-01T13:39:40.867Z,2026-09-28T20:59:02.987Z,7
DEMO-DEV-1551,486,2022-10-03T22:31:44.390Z,2026-09-27T12:59:05.803Z,7
DEMO-DEV-1575,486,2022-10-04T20:46:20.402Z,2026-09-26T10:49:20.778Z,7
DEMO-DEV-1576,486,2022-10-02T18:59:54.614Z,2026-09-27T06:56:16.527Z,7
DEMO-DEV-1586,486,2022-10-01T11:55:10.057Z,2026-09-20T04:56:43.298Z,7
DEMO-DEV-1677,486,2022-10-07T08:53:50.527Z,2026-09-30T04:53:46.524Z,6
DEMO-DEV-1681,486,2022-10-03T03:08:38.666Z,2026-09-28T07:21:54.914Z,6
DEMO-DEV-1685,486,2022-10-07T05:57:52.968Z,2026-09-27T05:14:16.455Z,7
DEMO-DEV-1794,486,2022-10-03T03:58:06.073Z,2026-09-29T16:57:33.795Z,7
DEMO-DEV-1856,486,2022-10-02T20:39:15.795Z,2026-09-27T21:33:52.913Z,6
DEMO-DEV-1943,486,2022-10-09T21:00:40.614Z,2026-09-30T08:16:52.892Z,6
DEMO-DEV-1948,486,2022-10-03T22:00:19.785Z,2026-09-30T04:50:50.864Z,7
DEMO-DEV-1949,486,2022-10-01T09:09:41.655Z,2026-09-28T20:45:12.354Z,6
DEMO-DEV-2083,486,2022-10-14T14:36:56.859Z,2026-09-27T00:01:44.155Z,7
DEMO-DEV-2092,486,2022-10-02T08:26:02.648Z,2026-09-26T17:31:24.225Z,7
DEMO-DEV-2242,486,2022-10-01T23:36:27.648Z,2026-09-26T22:39:02.992Z,7
DEMO-DEV-2257,486,2022-10-05T11:35:14.026Z,2026-09-30T02:43:20.948Z,6
DEMO-DEV-2286,486,2022-10-04T11:30:45.300Z,2026-09-29T01:00:00.370Z,6
DEMO-DEV-2289,486,2022-10-02T01:49:08.026Z,2026-09-29T23:01:21.442Z,7
DEMO-DEV-2318,486,2022-10-02T06:20:12.865Z,2026-09-25T03:31:14.792Z,7
DEMO-DEV-2407,486,2022-10-01T16:47:36.618Z,2026-09-29T17:50:37.485Z,7
DEMO-DEV-2520,486,2022-10-05T14:13:36.793Z,2026-09-27T22:37:05.238Z,6
DEMO-DEV-2551,486,2022-10-03T20:17:29.870Z,2026-09-29T01:11:41.165Z,7
DEMO-DEV-2606,486,2022-10-02T04:15:00.948Z,2026-09-25T23:52:44.298Z,6
DEMO-DEV-2628,486,2022-10-02T06:23:57.824Z,2026-09-29T22:25:41.015Z,7
DEMO-DEV-2670,486,2022-10-05T02:31:27.792Z,2026-09-28T08:56:46.239Z,7
DEMO-DEV-2694,486,2022-10-03T08:56:12.300Z,2026-09-24T20:11:49.254Z,6
DEMO-DEV-2734,486,2022-10-05T01:02:10.816Z,2026-09-29T05:38:21.607Z,7
DEMO-DEV-2890,486,2022-10-08T00:40:04.926Z,2026-09-26T06:07:34.879Z,6
DEMO-DEV-2898,486,2022-10-01T20:59:33.253Z,2026-09-27T20:37:52.648Z,7
DEMO-DEV-2942,486,2022-10-05T18:41:22.352Z,2026-09-30T07:45:19.976Z,7
DEMO-DEV-3028,486,2022-10-01T21:49:18.493Z,2026-09-18T18:23:28.676Z,6
DEMO-DEV-3089,486,2022-10-01T16:27:07.841Z,2026-09-28T17:21:57.842Z,7
DEMO-DEV-3098,486,2022-10-01T23:41:07.272Z,2026-09-30T02:59:20.234Z,7
DEMO-DEV-3266,486,2022-10-03T20:44:45.443Z,2026-09-28T01:30:31.738Z,6
DEMO-DEV-3387,486,2022-10-02T03:14:45.192Z,2026-09-26T14:32:04.545Z,6
DEMO-DEV-3463,486,2022-10-05T20:12:30.370Z,2026-09-25T21:11:47.472Z,7
DEMO-DEV-3466,486,2022-10-02T12:44:49.139Z,2026-09-23T23:21:43.817Z,7
DEMO-DEV-3503,486,2022-10-01T14:40:17.090Z,2026-09-18T10:18:55.004Z,6
DEMO-DEV-3560,486,2022-10-02T22:45:26.676Z,2026-09-19T16:34:57.648Z,7
DEMO-DEV-3744,486,2022-10-01T21:30:29.302Z,2026-09-27T08:17:17.974Z,7
DEMO-DEV-3855,486,2022-10-01T15:37:33.719Z,2026-09-26T15:10:14.825Z,7
DEMO-DEV-3859,486,2022-10-03T10:31:19.120Z,2026-09-30T04:57:50.026Z,7
DEMO-DEV-3928,486,2022-10-02T19:27:23.545Z,2026-09-23T02:50:22.397Z,6
DEMO-DEV-4085,486,2022-10-01T11:15:18.205Z,2026-09-26T08:11:04.966Z,7
DEMO-DEV-4116,486,2022-10-05T18:56:27.879Z,2026-09-26T23:27:53.591Z,6
DEMO-DEV-4277,486,2022-10-05T17:22:34.472Z,2026-09-29T11:27:06.239Z,6
DEMO-DEV-4288,486,2022-10-02T04:02:36.614Z,2026-09-24T03:31:08.839Z,6
DEMO-DEV-4536,486,2022-10-03T19:07:44.500Z,2026-09-29T13:11:37.123Z,7
DEMO-DEV-4565,486,2022-10-04T13:22:22.428Z,2026-09-30T02:22:07.859Z,7
DEMO-DEV-4602,486,2022-10-03T10:08:46.867Z,2026-09-24T12:49:08.003Z,7
DEMO-DEV-4762,486,2022-10-02T03:05:12.817Z,2026-09-16T03:36:12.161Z,6
DEMO-DEV-4802,486,2022-10-04T16:33:02.337Z,2026-09-28T09:56:06.026Z,6
DEMO-DEV-4868,486,2022-10-02T08:46:11.846Z,2026-09-27T23:49:04.851Z,6
DEMO-DEV-4995,486,2022-10-06T16:23:22.989Z,2026-09-30T01:51:15.778Z,7
DEMO-DEV-5020,486,2022-10-03T15:25:37.289Z,2026-09-30T01:36:22.804Z,6
DEMO-DEV-5031,486,2022-10-01T18:16:01.319Z,2026-09-29T22:26:25.607Z,7
DEMO-DEV-5035,486,2022-10-07T09:55:14.863Z,2026-09-30T02:21:47.987Z,7
DEMO-DEV-5054,486,2022-10-01T18:09:24.513Z,2026-09-24T08:44:46.298Z,7
DEMO-DEV-5085,486,2022-10-05T20:49:14.014Z,2026-09-29T23:15:04.612Z,6
DEMO-DEV-5106,486,2022-10-01T20:13:06.287Z,2026-09-24T22:40:32.443Z,7
DEMO-DEV-5355,486,2022-10-03T04:57:41.778Z,2026-09-26T11:03:40.825Z,6
DEMO-DEV-5623,486,2022-10-09T12:12:02.203Z,2026-09-27T13:21:47.965Z,6
DEMO-DEV-5647,486,2022-10-02T21:04:52.246Z,2026-09-30T05:43:57.599Z,7
DEMO-DEV-5658,486,2022-10-01T14:44:07.442Z,2026-09-29T17:23:39.803Z,7
DEMO-DEV-6039,486,2022-10-07T03:59:02.989Z,2026-09-27T16:53:29.985Z,6
DEMO-DEV-6164,486,2022-10-04T23:23:57.167Z,2026-09-29T18:14:53.250Z,6
DEMO-DEV-6183,486,2022-10-01T13:58:58.989Z,2026-09-24T11:28:04.387Z,7
DEMO-DEV-6243,486,2022-10-03T00:08:57.466Z,2026-09-19T23:11:45.387Z,7
DEMO-DEV-6297,486,2022-10-02T10:21:45.466Z,2026-09-29T09:43:20.224Z,7
DEMO-DEV-6315,486,2022-10-01T22:02:06.252Z,2026-09-21T13:21:24.172Z,7
DEMO-DEV-6436,486,2022-10-04T11:35:17.394Z,2026-09-28T00:06:04.803Z,7
DEMO-DEV-6510,486,2022-10-04T02:51:05.913Z,2026-09-30T07:11:35.397Z,7
DEMO-DEV-6569,486,2022-10-03T21:35:22.527Z,2026-09-23T05:48:38.917Z,7
DEMO-DEV-6580,486,2022-10-08T13:39:33.614Z,2026-09-29T19:14:58.778Z,7
DEMO-DEV-6602,486,2022-10-04T13:07:30.172Z,2026-09-12T05:17:35.612Z,7
DEMO-DEV-6629,486,2022-10-01T17:23:33.120Z,2026-09-27T23:21:15.370Z,6
DEMO-DEV-6709,486,2022-10-02T02:49:03.172Z,2026-09-23T21:43:36.254Z,7
DEMO-DEV-6768,486,2022-10-04T21:16:03.863Z,2026-09-28T06:18:26.040Z,7
DEMO-DEV-6952,486,2022-10-02T09:55:32.843Z,2026-09-23T10:38:52.345Z,7
DEMO-DEV-7100,486,2022-10-04T06:09:59.926Z,2026-09-30T07:54:06.287Z,6
DEMO-DEV-7238,486,2022-10-17T07:23:22.246Z,2026-09-29T20:52:18.795Z,7
DEMO-DEV-7302,486,2022-10-02T22:58:40.325Z,2026-09-29T18:56:43.765Z,6
DEMO-DEV-7358,486,2022-10-01T18:25:27.446Z,2026-09-25T13:28:59.024Z,6
DEMO-DEV-7482,486,2022-10-03T16:25:57.319Z,2026-09-29T14:37:04.325Z,6
DEMO-DEV-7504,486,2022-10-05T19:19:17.352Z,2026-09-29T22:44:03.040Z,6
DEMO-DEV-7578,486,2022-10-01T12:48:58.917Z,2026-09-26T12:35:18.688Z,6
DEMO-DEV-7585,486,2022-10-02T19:46:12.519Z,2026-09-23T11:25:11.307Z,7
DEMO-DEV-7643,486,2022-10-04T18:11:22.252Z,2026-09-22T18:55:59.470Z,6
DEMO-DEV-7715,486,2022-10-01T15:26:45.710Z,2026-09-21T17:46:42.989Z,6
DEMO-DEV-7845,486,2022-10-02T19:44:14.370Z,2026-09-27T13:34:50.123Z,7
DEMO-DEV-7936,486,2022-10-02T06:29:34.614Z,2026-09-25T08:11:17.087Z,6
DEMO-DEV-7986,486,2022-10-03T06:57:03.843Z,2026-09-30T03:02:42.004Z,7
DEMO-DEV-8045,486,2022-10-01T19:52:18.867Z,2026-09-30T00:40:22.719Z,6
DEMO-DEV-8092,486,2022-10-02T15:35:56.803Z,2026-09-29T10:43:40.470Z,6
DEMO-DEV-8098,486,2022-10-02T00:28:39.390Z,2026-09-27T13:17:59.167Z,6
DEMO-DEV-8158,486,2022-10-06T05:47:56.345Z,2026-09-30T00:40:28.354Z,7
DEMO-DEV-8253,486,2022-10-01T21:39:59.648Z,2026-09-28T08:37:11.442Z,7
DEMO-DEV-8296,486,2022-10-06T18:19:43.493Z,2026-09-21T05:48:03.023Z,7
DEMO-DEV-8427,486,2022-10-16T18:22:48.877Z,2026-09-26T02:33:51.804Z,7
DEMO-DEV-8597,486,2022-10-03T13:21:08.738Z,2026-09-24T07:47:16.968Z,7
DEMO-DEV-8692,486,2022-10-03T06:49:02.268Z,2026-09-27T09:00:04.038Z,7
DEMO-DEV-8701,486,2022-10-04T11:42:21.289Z,2026-09-29T15:48:37.090Z,7
DEMO-DEV-8765,486,2022-10-03T05:31:10.120Z,2026-09-30T02:19:45.288Z,6
DEMO-DEV-8831,486,2022-10-06T13:13:40.965Z,2026-09-29T08:34:09.470Z,7
DEMO-DEV-8911,486,2022-10-04T00:58:57.655Z,2026-09-30T04:13:13.203Z,6
DEMO-DEV-9047,486,2022-10-03T05:33:06.387Z,2026-09-24T06:56:51.929Z,7
DEMO-DEV-9096,486,2022-10-02T04:17:25.842Z,2026-09-28T17:46:57.238Z,7
DEMO-DEV-9168,486,2022-10-03T05:30:00.068Z,2026-09-22T06:24:03.203Z,6
DEMO-DEV-9325,486,2022-10-01T22:20:07.537Z,2026-09-28T19:28:06.288Z,7
DEMO-DEV-9450,486,2022-10-03T21:42:26.155Z,2026-09-18T07:57:49.948Z,6
DEMO-DEV-9476,486,2022-10-02T14:13:06.165Z,2026-09-20T14:42:25.409Z,6
DEMO-DEV-9540,486,2022-10-05T00:17:29.402Z,2026-09-29T07:46:49.165Z,7
DEMO-DEV-9541,486,2022-10-10T17:04:54.080Z,2026-09-27T09:20:30.765Z,6
DEMO-DEV-9613,486,2022-10-25T13:03:59.865Z,2026-09-25T23:20:04.120Z,6
DEMO-DEV-9632,486,2022-10-01T18:32:11.063Z,2026-09-28T18:22:50.288Z,7
DEMO-DEV-9656,486,2022-10-02T01:11:47.150Z,2026-09-29T00:30:44.949Z,7
DEMO-DEV-9666,486,2022-10-01T16:39:09.865Z,2026-09-27T10:13:45.929Z,6
DEMO-DEV-9766,486,2022-10-08T19:25:32.238Z,2026-09-23T15:40:07.428Z,6
DEMO-DEV-9831,486,2022-10-07T15:46:16.226Z,2026-09-26T16:17:00.040Z,7
DEMO-DEV-9873,486,2022-10-01T08:55:20.352Z,2026-09-28T06:59:20.519Z,7
DEMO-DEV-9895,486,2022-10-03T18:01:51.370Z,2026-09-30T00:19:56.040Z,7
DEMO-DEV-9960,486,2022-10-02T11:32:54.636Z,2026-09-29T10:07:46.692Z,7
DEMO-DEV-0261,485,2022-10-01T11:12:06.026Z,2026-09-25T16:08:10.843Z,6
DEMO-DEV-0395,485,2022-10-06T07:01:45.523Z,2026-09-26T01:54:45.612Z,7
DEMO-DEV-0606,485,2022-10-01T11:41:16.246Z,2026-09-25T04:09:33.989Z,7
DEMO-DEV-0614,485,2022-10-01T20:58:02.527Z,2026-09-29T17:10:24.752Z,7
DEMO-DEV-0652,485,2022-10-11T09:08:44.639Z,2026-09-27T06:24:13.183Z,7
DEMO-DEV-0692,485,2022-10-01T13:30:17.080Z,2026-09-26T10:53:03.470Z,6
DEMO-DEV-0815,485,2022-10-04T06:09:38.841Z,2026-09-21T06:37:05.870Z,7
DEMO-DEV-0901,485,2022-10-03T02:47:45.204Z,2026-09-23T08:51:30.795Z,7
DEMO-DEV-1013,485,2022-10-02T03:00:30.915Z,2026-09-29T05:43:17.319Z,7
DEMO-DEV-1095,485,2022-10-04T08:50:47.839Z,2026-09-24T15:07:48.497Z,7
DEMO-DEV-1142,485,2022-10-03T00:01:31.785Z,2026-09-28T13:53:15.015Z,6
DEMO-DEV-1156,485,2022-10-02T12:02:26.057Z,2026-09-25T09:47:30.655Z,7
DEMO-DEV-1171,485,2022-10-04T17:09:12.138Z,2026-09-26T21:45:40.778Z,7
DEMO-DEV-1212,485,2022-10-02T16:15:25.974Z,2026-09-30T04:25:32.661Z,6
DEMO-DEV-1248,485,2022-10-08T21:22:32.075Z,2026-09-29T09:53:42.527Z,7
DEMO-DEV-1287,485,2022-10-02T00:02:21.786Z,2026-09-26T03:41:08.863Z,7
DEMO-DEV-1458,485,2022-10-01T20:38:26.455Z,2026-09-30T00:01:55.370Z,6
DEMO-DEV-1474,485,2022-10-02T17:34:19.470Z,2026-09-28T12:14:35.914Z,6
DEMO-DEV-1559,485,2022-10-08T00:50:48.778Z,2026-09-29T13:06:52.004Z,6
DEMO-DEV-1671,485,2022-10-08T20:07:16.428Z,2026-09-25T16:07:44.816Z,7
DEMO-DEV-1772,485,2022-10-03T13:33:17.754Z,2026-09-30T02:40:40.816Z,7
DEMO-DEV-2001,485,2022-10-04T09:59:31.236Z,2026-09-21T14:51:24.870Z,7
DEMO-DEV-2204,485,2022-10-04T20:34:09.646Z,2026-09-25T19:27:06.155Z,7
DEMO-DEV-2222,485,2022-10-02T11:54:41.785Z,2026-09-25T15:04:41.443Z,7
DEMO-DEV-2232,485,2022-10-03T03:19:47.557Z,2026-09-29T03:47:32.545Z,7
DEMO-DEV-2296,485,2022-10-03T00:28:29.985Z,2026-09-25T14:09:01.841Z,6
DEMO-DEV-2302,485,2022-10-03T02:08:34.974Z,2026-09-26T12:36:44.068Z,7
DEMO-DEV-2418,485,2022-10-09T04:24:29.614Z,2026-09-19T06:08:18.063Z,7
DEMO-DEV-2459,485,2022-10-03T23:26:49.307Z,2026-09-29T01:43:12.189Z,6
DEMO-DEV-2519,485,2022-10-03T03:08:11.974Z,2026-09-28T18:06:38.446Z,6
DEMO-DEV-2690,485,2022-10-02T19:21:59.535Z,2026-09-28T03:57:50.073Z,7
DEMO-DEV-2853,485,2022-10-04T00:37:45.873Z,2026-09-25T04:16:27.236Z,7
DEMO-DEV-2924,485,2022-10-02T08:54:30.965Z,2026-09-25T23:19:32.661Z,7
DEMO-DEV-2930,485,2022-10-01T20:16:01.799Z,2026-09-29T20:19:13.778Z,6
DEMO-DEV-2969,485,2022-10-03T01:15:34.785Z,2026-09-29T00:51:05.120Z,7
DEMO-DEV-3186,485,2022-10-05T12:54:41.300Z,2026-09-28T15:42:10.719Z,6
DEMO-DEV-3267,485,2022-10-02T23:13:25.397Z,2026-09-29T02:54:37.139Z,6
DEMO-DEV-3336,485,2022-10-02T22:31:55.949Z,2026-09-29T02:23:01.268Z,7
DEMO-DEV-3437,485,2022-10-03T22:41:00.497Z,2026-09-25T15:00:39.599Z,7
DEMO-DEV-3559,485,2022-10-01T17:03:26.234Z,2026-09-28T12:54:59.612Z,7
DEMO-DEV-3655,485,2022-10-05T23:44:28.597Z,2026-09-30T07:15:22.948Z,7
DEMO-DEV-3656,485,2022-10-01T14:02:29.428Z,2026-09-30T00:56:54.390Z,6
DEMO-DEV-3658,485,2022-10-02T06:56:02.666Z,2026-09-28T09:49:51.443Z,7
DEMO-DEV-3687,485,2022-10-03T19:57:47.648Z,2026-09-26T20:08:14.846Z,7
DEMO-DEV-3727,485,2022-10-01T17:49:35.446Z,2026-09-30T03:41:54.929Z,7
DEMO-DEV-3778,485,2022-10-01T14:30:37.415Z,2026-09-25T07:45:51.892Z,7
DEMO-DEV-3785,485,2022-10-02T04:26:29.268Z,2026-09-29T22:12:50.352Z,7
DEMO-DEV-3792,485,2022-10-02T04:16:30.466Z,2026-09-27T05:35:11.221Z,6
DEMO-DEV-4018,485,2022-10-06T15:46:21.843Z,2026-09-27T18:18:56.597Z,7
DEMO-DEV-4066,485,2022-10-02T08:19:06.527Z,2026-09-29T13:33:52.024Z,7
DEMO-DEV-4176,485,2022-10-05T01:59:31.864Z,2026-09-23T19:51:59.080Z,7
DEMO-DEV-4225,485,2022-10-02T02:36:37.524Z,2026-09-30T02:10:56.710Z,7
DEMO-DEV-4239,485,2022-10-05T08:14:25.236Z,2026-09-29T11:17:42.639Z,7
DEMO-DEV-4261,485,2022-10-02T03:12:52.485Z,2026-09-25T16:17:04.915Z,7
DEMO-DEV-4296,485,2022-10-01T09:51:31.811Z,2026-09-29T13:03:02.203Z,7
DEMO-DEV-4417,485,2022-10-02T19:40:24.287Z,2026-09-26T18:30:47.618Z,7
DEMO-DEV-4425,485,2022-10-01T16:49:32.409Z,2026-09-27T15:22:16.203Z,7
DEMO-DEV-4459,485,2022-10-01T17:16:06.443Z,2026-09-29T16:58:58.839Z,7
DEMO-DEV-4461,485,2022-10-03T00:35:14.368Z,2026-09-27T02:06:36.224Z,6
DEMO-DEV-4635,485,2022-10-02T06:54:24.639Z,2026-09-27T16:49:10.308Z,7
DEMO-DEV-4682,485,2022-10-03T01:31:27.877Z,2026-09-27T18:23:16.879Z,6
DEMO-DEV-4891,485,2022-10-05T02:01:36.026Z,2026-09-24T04:23:04.287Z,7
DEMO-DEV-4915,485,2022-10-06T21:51:28.038Z,2026-09-29T15:56:30.394Z,6
DEMO-DEV-4953,485,2022-10-02T21:04:15.252Z,2026-09-29T14:51:54.891Z,7
DEMO-DEV-5137,485,2022-10-02T21:40:33.891Z,2026-09-29T15:26:29.605Z,7
DEMO-DEV-5204,485,2022-10-02T01:16:56.226Z,2026-09-28T16:15:46.666Z,6
DEMO-DEV-5332,485,2022-10-02T03:50:51.816Z,2026-09-29T16:46:31.315Z,6
DEMO-DEV-5464,485,2022-10-03T11:20:08.387Z,2026-09-30T05:01:58.497Z,6
DEMO-DEV-5540,485,2022-10-07T08:44:08.863Z,2026-09-27T09:39:46.727Z,7
DEMO-DEV-5546,485,2022-10-02T07:00:49.816Z,2026-09-25T23:06:01.014Z,7
DEMO-DEV-5567,485,2022-10-03T01:06:33.661Z,2026-09-25T15:13:43.172Z,7
DEMO-DEV-5602,485,2022-10-10T05:23:49.254Z,2026-09-23T12:18:46.027Z,6
DEMO-DEV-5656,485,2022-10-05T11:46:45.682Z,2026-09-26T13:48:23.087Z,6
DEMO-DEV-5820,485,2022-10-02T09:48:39.803Z,2026-09-29T04:53:45.352Z,7
DEMO-DEV-5848,485,2022-10-01T14:37:14.989Z,2026-09-29T17:10:29.161Z,7
DEMO-DEV-5945,485,2022-10-02T21:48:25.974Z,2026-09-26T13:32:27.974Z,7
DEMO-DEV-6032,485,2022-10-04T08:08:51.325Z,2026-09-22T20:16:55.077Z,7
DEMO-DEV-6092,485,2022-10-02T22:11:24.646Z,2026-09-27T00:57:02.591Z,6
DEMO-DEV-6220,485,2022-10-02T12:17:51.428Z,2026-09-28T00:02:08.503Z,6
DEMO-DEV-6298,485,2022-10-04T09:37:20.992Z,2026-09-27T19:21:19.503Z,7
DEMO-DEV-6363,485,2022-10-02T13:03:57.557Z,2026-09-23T00:24:58.865Z,6
DEMO-DEV-6415,485,2022-10-08T03:22:08.068Z,2026-09-27T18:58:03.415Z,7
DEMO-DEV-6547,485,2022-10-02T08:17:08.224Z,2026-09-24T23:09:40.825Z,6
DEMO-DEV-6648,485,2022-10-08T08:54:33.735Z,2026-09-28T07:13:56.365Z,7
DEMO-DEV-7130,485,2022-10-02T18:50:37.968Z,2026-09-16T22:29:55.519Z,6
DEMO-DEV-7150,485,2022-10-04T01:52:27.948Z,2026-09-28T18:38:18.584Z,6
DEMO-DEV-7226,485,2022-10-03T05:09:22.308Z,2026-09-22T01:12:21.668Z,6
DEMO-DEV-7438,485,2022-10-01T14:21:35.584Z,2026-09-26T10:27:20.839Z,6
DEMO-DEV-7546,485,2022-10-03T10:56:00.989Z,2026-09-29T20:19:00.555Z,6
DEMO-DEV-7580,485,2022-10-08T14:05:07.090Z,2026-09-25T14:44:28.806Z,7
DEMO-DEV-7690,485,2022-10-01T21:27:16.075Z,2026-09-23T00:14:00.500Z,7
DEMO-DEV-7702,485,2022-10-03T17:58:03.975Z,2026-09-28T01:28:22.811Z,7
DEMO-DEV-7707,485,2022-10-02T21:50:55.272Z,2026-09-29T09:41:34.612Z,7
DEMO-DEV-7742,485,2022-10-03T18:57:47.155Z,2026-09-29T10:56:00.868Z,6
DEMO-DEV-7785,485,2022-10-03T11:08:22.120Z,2026-09-18T21:05:20.428Z,7
DEMO-DEV-7797,485,2022-10-04T11:28:26.134Z,2026-09-28T23:52:04.648Z,7
DEMO-DEV-7902,485,2022-10-01T23:18:01.455Z,2026-09-26T00:50:24.027Z,7
DEMO-DEV-7922,485,2022-10-02T07:53:36.308Z,2026-09-30T01:26:05.639Z,7
DEMO-DEV-7933,485,2022-10-02T09:12:40.190Z,2026-09-28T10:31:44.597Z,6
DEMO-DEV-7993,485,2022-10-01T14:38:07.666Z,2026-09-21T04:23:21.646Z,7
DEMO-DEV-8001,485,2022-10-16T05:32:45.003Z,2026-09-19T03:40:36.968Z,6
DEMO-DEV-8022,485,2022-10-03T13:03:05.584Z,2026-09-29T13:18:41.037Z,7
DEMO-DEV-8087,485,2022-10-03T11:22:31.785Z,2026-09-23T13:54:01.914Z,7
DEMO-DEV-8245,485,2022-10-01T15:25:35.168Z,2026-09-29T03:02:56.366Z,6
DEMO-DEV-8377,485,2022-10-02T00:13:33.236Z,2026-09-28T14:47:27.203Z,6
DEMO-DEV-8523,485,2022-10-01T14:03:05.885Z,2026-09-25T10:13:33.428Z,6
DEMO-DEV-8573,485,2022-10-04T02:56:36.976Z,2026-09-28T20:56:50.914Z,7
DEMO-DEV-8582,485,2022-10-01T22:05:35.345Z,2026-09-30T04:31:06.976Z,6
DEMO-DEV-8585,485,2022-10-05T16:27:38.917Z,2026-09-28T12:49:31.859Z,7
DEMO-DEV-8594,485,2022-10-02T10:55:23.264Z,2026-09-25T19:25:44.948Z,7
DEMO-DEV-8645,485,2022-10-04T21:54:14.524Z,2026-09-27T13:29:50.319Z,7
DEMO-DEV-8649,485,2022-10-02T03:12:38.913Z,2026-09-29T18:42:10.646Z,6
DEMO-DEV-8675,485,2022-10-02T05:48:35.513Z,2026-09-26T01:05:47.950Z,6
DEMO-DEV-8719,485,2022-10-02T10:07:10.714Z,2026-09-24T07:05:41.485Z,7
DEMO-DEV-8758,485,2022-10-04T07:00:28.682Z,2026-09-28T13:29:39.057Z,7
DEMO-DEV-8777,485,2022-10-02T03:43:47.969Z,2026-09-28T20:30:00.014Z,7
DEMO-DEV-8885,485,2022-10-01T09:34:55.877Z,2026-09-27T22:29:40.811Z,7
DEMO-DEV-8948,485,2022-10-03T10:17:50.366Z,2026-09-29T21:45:19.968Z,7
DEMO-DEV-8992,485,2022-10-11T15:12:06.778Z,2026-09-24T13:20:20.969Z,7
DEMO-DEV-9010,485,2022-10-02T02:53:42.264Z,2026-09-24T05:45:01.090Z,6
DEMO-DEV-9016,485,2022-10-03T03:41:07.661Z,2026-09-19T21:53:19.778Z,7
DEMO-DEV-9028,485,2022-10-02T12:07:04.511Z,2026-09-28T18:35:18.989Z,7
DEMO-DEV-9029,485,2022-10-02T03:07:36.692Z,2026-09-27T21:34:02.968Z,7
DEMO-DEV-9069,485,2022-10-07T02:45:00.307Z,2026-09-26T21:25:28.368Z,7
DEMO-DEV-9192,485,2022-10-01T17:52:36.428Z,2026-09-29T20:28:45.735Z,7
DEMO-DEV-9229,485,2022-10-02T17:53:43.218Z,2026-09-29T19:40:42.636Z,5
DEMO-DEV-9231,485,2022-10-07T20:29:54.782Z,2026-09-28T14:31:00.319Z,6
DEMO-DEV-9288,485,2022-10-02T23:33:33.319Z,2026-09-27T18:38:47.238Z,7
DEMO-DEV-9369,485,2022-10-02T07:28:58.865Z,2026-09-26T05:06:26.272Z,7
DEMO-DEV-9531,485,2022-10-01T20:33:21.950Z,2026-09-23T03:54:57.825Z,7
DEMO-DEV-9553,485,2022-10-04T10:21:52.168Z,2026-09-30T04:15:27.804Z,7
DEMO-DEV-9625,485,2022-10-04T12:49:30.221Z,2026-09-28T02:28:59.676Z,6
DEMO-DEV-9660,485,2022-10-02T18:11:03.639Z,2026-09-24T02:01:46.668Z,6
DEMO-DEV-9697,485,2022-10-02T07:11:54.024Z,2026-09-29T08:39:27.816Z,6
DEMO-DEV-9713,485,2022-10-01T08:46:41.915Z,2026-09-29T13:16:09.811Z,7
DEMO-DEV-9867,485,2022-10-02T14:41:45.225Z,2026-09-27T21:12:21.646Z,7
DEMO-DEV-9951,485,2022-10-05T16:23:32.816Z,2026-09-27T09:37:14.222Z,7
DEMO-DEV-0040,484,2022-10-04T12:45:33.021Z,2026-09-27T21:34:07.646Z,6
DEMO-DEV-0045,484,2022-10-02T14:48:45.975Z,2026-09-27T20:43:13.354Z,7
DEMO-DEV-0257,484,2022-10-04T04:30:24.428Z,2026-09-29T20:55:42.578Z,7
DEMO-DEV-0348,484,2022-10-03T12:09:59.537Z,2026-09-27T01:35:42.268Z,6
DEMO-DEV-0560,484,2022-10-07T05:07:33.470Z,2026-09-27T22:19:37.485Z,6
DEMO-DEV-0587,484,2022-10-03T04:40:59.868Z,2026-09-30T05:22:40.989Z,7
DEMO-DEV-0731,484,2022-10-02T18:13:34.524Z,2026-09-27T10:09:56.234Z,7
DEMO-DEV-0803,484,2022-10-09T01:36:20.969Z,2026-09-29T22:16:16.298Z,7
DEMO-DEV-0866,484,2022-10-02T11:21:09.987Z,2026-09-27T09:24:56.155Z,7
DEMO-DEV-1191,484,2022-10-04T13:06:19.568Z,2026-09-26T04:43:15.026Z,6
DEMO-DEV-1201,484,2022-10-05T02:09:21.867Z,2026-09-30T06:39:52.428Z,7
DEMO-DEV-1329,484,2022-10-07T08:40:47.976Z,2026-09-28T13:48:36.325Z,7
DEMO-DEV-1492,484,2022-10-03T09:01:22.865Z,2026-09-24T19:04:55.817Z,7
DEMO-DEV-1860,484,2022-10-02T20:44:18.976Z,2026-09-27T07:26:29.618Z,6
DEMO-DEV-2018,484,2022-10-09T06:41:24.950Z,2026-09-30T01:54:25.892Z,6
DEMO-DEV-2119,484,2022-10-05T22:45:36.824Z,2026-09-30T03:34:04.863Z,6
DEMO-DEV-2121,484,2022-10-08T13:00:56.968Z,2026-09-27T16:57:23.503Z,6
DEMO-DEV-2132,484,2022-10-17T01:07:11.391Z,2026-09-27T09:04:53.211Z,5
DEMO-DEV-2322,484,2022-10-03T04:31:13.513Z,2026-09-26T20:33:06.150Z,7
DEMO-DEV-2431,484,2022-10-03T04:20:17.239Z,2026-09-28T20:14:26.302Z,6
DEMO-DEV-2566,484,2022-10-02T01:47:52.817Z,2026-09-29T12:27:08.368Z,7
DEMO-DEV-2749,484,2022-10-02T21:26:51.948Z,2026-09-22T15:01:12.508Z,7
DEMO-DEV-2757,484,2022-10-02T00:31:56.080Z,2026-09-28T03:04:40.302Z,6
DEMO-DEV-2808,484,2022-10-02T21:00:16.472Z,2026-09-27T06:53:12.793Z,6
DEMO-DEV-3032,484,2022-10-04T06:16:45.160Z,2026-09-29T02:13:05.793Z,7
DEMO-DEV-3086,484,2022-10-13T05:11:36.714Z,2026-09-24T15:30:58.867Z,6
DEMO-DEV-3362,484,2022-10-03T02:25:47.618Z,2026-09-28T00:45:10.234Z,7
DEMO-DEV-3363,484,2022-10-05T09:34:43.446Z,2026-09-28T15:42:32.289Z,7
DEMO-DEV-3447,484,2022-10-04T21:08:59.974Z,2026-09-29T12:31:21.816Z,7
DEMO-DEV-3526,484,2022-10-03T22:59:02.415Z,2026-09-28T07:43:08.557Z,7
DEMO-DEV-3763,484,2022-10-03T13:33:26.160Z,2026-09-20T08:35:11.799Z,6
DEMO-DEV-3787,484,2022-10-08T07:36:40.929Z,2026-09-26T23:12:32.415Z,7
DEMO-DEV-3876,484,2022-10-06T07:17:40.846Z,2026-09-29T18:04:29.192Z,7
DEMO-DEV-3961,484,2022-10-04T16:36:07.816Z,2026-09-30T01:57:11.597Z,7
DEMO-DEV-4134,484,2022-10-02T11:53:42.272Z,2026-09-25T16:47:49.557Z,6
DEMO-DEV-4145,484,2022-10-04T11:30:41.397Z,2026-09-30T08:07:35.224Z,7
DEMO-DEV-4249,484,2022-10-02T23:40:07.816Z,2026-09-28T01:00:29.183Z,6
DEMO-DEV-4271,484,2022-10-04T05:06:39.738Z,2026-09-26T06:47:53.390Z,7
DEMO-DEV-4419,484,2022-10-03T10:33:33.524Z,2026-09-26T06:05:31.460Z,7
DEMO-DEV-4466,484,2022-10-03T11:30:02.004Z,2026-09-20T22:00:29.253Z,7
DEMO-DEV-4467,484,2022-10-04T04:08:53.211Z,2026-09-28T07:16:14.599Z,6
DEMO-DEV-4595,484,2022-10-03T17:36:50.524Z,2026-09-18T05:15:58.636Z,6
DEMO-DEV-4607,484,2022-10-04T12:33:53.168Z,2026-09-22T13:37:41.825Z,7
DEMO-DEV-4666,484,2022-10-02T21:31:20.150Z,2026-09-29T14:54:02.337Z,7
DEMO-DEV-4684,484,2022-10-08T02:38:10.403Z,2026-09-26T12:37:52.612Z,6
DEMO-DEV-4773,484,2022-10-04T01:43:46.272Z,2026-09-28T22:18:51.172Z,7
DEMO-DEV-4798,484,2022-10-01T16:36:55.584Z,2026-09-29T00:31:28.568Z,6
DEMO-DEV-4878,484,2022-10-05T22:01:00.892Z,2026-09-29T04:47:39.682Z,7
DEMO-DEV-4883,484,2022-10-04T17:29:46.811Z,2026-09-29T13:22:29.578Z,7
DEMO-DEV-4890,484,2022-10-02T18:54:29.545Z,2026-09-28T15:49:05.192Z,6
DEMO-DEV-5023,484,2022-10-02T14:32:14.599Z,2026-09-27T20:34:09.884Z,7
DEMO-DEV-5150,484,2022-10-03T01:56:44.139Z,2026-09-30T02:59:59.027Z,7
DEMO-DEV-5216,484,2022-10-19T09:04:33.205Z,2026-09-26T13:45:57.523Z,7
DEMO-DEV-5260,484,2022-10-01T10:53:44.537Z,2026-09-27T17:31:45.892Z,7
DEMO-DEV-5264,484,2022-10-02T01:14:52.612Z,2026-09-29T03:42:41.238Z,6
DEMO-DEV-5307,484,2022-10-03T06:37:04.799Z,2026-09-26T07:39:46.806Z,7
DEMO-DEV-5542,484,2022-10-02T09:01:30.974Z,2026-09-30T03:43:56.719Z,6
DEMO-DEV-5554,484,2022-10-03T01:37:38.989Z,2026-09-22T17:31:34.969Z,7
DEMO-DEV-5742,484,2022-10-10T00:23:09.472Z,2026-09-29T23:15:03.045Z,7
DEMO-DEV-5766,484,2022-10-14T01:34:09.524Z,2026-09-25T01:42:43.535Z,6
DEMO-DEV-5790,484,2022-10-04T16:16:21.485Z,2026-09-29T21:42:49.817Z,6
DEMO-DEV-5851,484,2022-10-05T06:04:01.365Z,2026-09-29T10:42:41.222Z,6
DEMO-DEV-5903,484,2022-10-01T13:09:03.926Z,2026-09-25T21:51:37.568Z,6
DEMO-DEV-5965,484,2022-10-01T11:01:17.345Z,2026-09-30T03:16:47.307Z,6
DEMO-DEV-6108,484,2022-10-02T02:56:03.165Z,2026-09-29T20:04:54.752Z,6
DEMO-DEV-6161,484,2022-10-03T02:05:22.370Z,2026-09-29T03:45:01.014Z,6
DEMO-DEV-6321,484,2022-10-11T20:49:01.851Z,2026-09-28T00:26:35.992Z,5
DEMO-DEV-6396,484,2022-10-02T12:26:33.735Z,2026-09-20T14:49:24.226Z,7
DEMO-DEV-6398,484,2022-10-02T20:32:17.503Z,2026-09-24T10:18:03.462Z,7
DEMO-DEV-6574,484,2022-10-05T20:27:18.394Z,2026-09-28T23:48:58.929Z,7
DEMO-DEV-6587,484,2022-10-01T12:42:29.795Z,2026-09-29T01:43:18.308Z,7
DEMO-DEV-6623,484,2022-10-01T20:03:00.325Z,2026-09-28T05:47:52.825Z,6
DEMO-DEV-6807,484,2022-10-01T13:33:11.077Z,2026-09-30T04:48:10.537Z,7
DEMO-DEV-6836,484,2022-10-02T20:25:26.370Z,2026-09-27T04:30:49.873Z,7
DEMO-DEV-6878,484,2022-10-03T08:01:40.172Z,2026-09-27T11:12:16.785Z,7
DEMO-DEV-6881,484,2022-10-03T20:14:42.859Z,2026-09-29T14:45:54.073Z,7
DEMO-DEV-6917,484,2022-10-02T23:56:35.859Z,2026-09-28T21:20:30.252Z,6
DEMO-DEV-6921,484,2022-10-04T12:29:22.513Z,2026-09-28T19:21:51.014Z,7
DEMO-DEV-6959,484,2022-10-04T00:40:49.555Z,2026-09-28T00:24:37.870Z,7
DEMO-DEV-6972,484,2022-10-16T06:45:50.503Z,2026-09-29T02:45:13.873Z,7
DEMO-DEV-6996,484,2022-10-04T21:51:33.394Z,2026-09-28T00:02:57.037Z,6
DEMO-DEV-7168,484,2022-10-03T13:09:48.218Z,2026-09-29T18:01:06.778Z,6
DEMO-DEV-7225,484,2022-10-03T21:10:08.527Z,2026-09-29T16:49:05.460Z,7
DEMO-DEV-7413,484,2022-10-05T06:25:11.308Z,2026-09-27T20:25:46.992Z,7
DEMO-DEV-7435,484,2022-10-01T19:30:11.090Z,2026-09-27T04:45:14.597Z,7
DEMO-DEV-7437,484,2022-10-03T12:54:01.493Z,2026-09-26T12:49:42.500Z,7
DEMO-DEV-7453,484,2022-10-01T12:54:57.057Z,2026-09-29T02:40:53.968Z,7
DEMO-DEV-7478,484,2022-10-03T17:02:48.806Z,2026-09-29T15:45:20.021Z,6
DEMO-DEV-7480,484,2022-10-07T02:28:32.653Z,2026-09-29T22:38:18.291Z,7
DEMO-DEV-7481,484,2022-10-01T10:14:30.403Z,2026-09-23T02:54:26.120Z,6
DEMO-DEV-7519,484,2022-10-03T03:19:52.167Z,2026-09-25T04:43:44.524Z,7
DEMO-DEV-7551,484,2022-10-07T03:53:03.508Z,2026-09-29T22:15:16.268Z,7
DEMO-DEV-7558,484,2022-10-03T23:20:05.037Z,2026-09-29T21:24:20.077Z,6
DEMO-DEV-7648,484,2022-10-03T21:11:35.568Z,2026-09-27T20:04:09.682Z,6
DEMO-DEV-7705,484,2022-10-02T01:54:36.508Z,2026-09-30T00:45:52.836Z,7
DEMO-DEV-7711,484,2022-10-05T19:39:36.778Z,2026-09-23T20:11:17.655Z,7
DEMO-DEV-7729,484,2022-10-03T13:02:17.183Z,2026-09-29T08:28:34.599Z,6
DEMO-DEV-7761,484,2022-10-01T09:37:34.352Z,2026-09-23T08:12:31.446Z,7
DEMO-DEV-7830,484,2022-10-03T03:14:10.470Z,2026-09-27T19:32:07.648Z,7
DEMO-DEV-7854,484,2022-10-02T01:13:03.682Z,2026-09-29T18:16:16.428Z,7
DEMO-DEV-7924,484,2022-10-02T07:10:21.173Z,2026-09-11T04:31:43.568Z,6
DEMO-DEV-7939,484,2022-10-02T02:24:26.969Z,2026-09-13T20:11:11.682Z,6
DEMO-DEV-7978,484,2022-10-06T21:53:58.075Z,2026-09-29T10:29:54.738Z,7
DEMO-DEV-7980,484,2022-10-05T15:19:17.302Z,2026-09-25T12:03:37.985Z,7
DEMO-DEV-7996,484,2022-10-03T02:58:03.224Z,2026-09-30T06:24:36.864Z,7
DEMO-DEV-8138,484,2022-10-03T02:19:18.368Z,2026-09-26T23:36:13.949Z,7
DEMO-DEV-8139,484,2022-10-04T02:34:27.204Z,2026-09-24T10:06:42.949Z,7
DEMO-DEV-8172,484,2022-10-16T10:01:23.719Z,2026-09-22T01:43:59.038Z,7
DEMO-DEV-8368,484,2022-10-01T12:48:04.817Z,2026-09-29T17:34:38.403Z,7
DEMO-DEV-8369,484,2022-10-02T11:58:21.155Z,2026-09-28T05:28:11.319Z,6
DEMO-DEV-8419,484,2022-10-02T02:04:44.511Z,2026-09-26T14:16:30.816Z,7
DEMO-DEV-8531,484,2022-10-02T09:05:08.778Z,2026-09-26T14:00:43.646Z,7
DEMO-DEV-8605,484,2022-10-02T13:20:47.535Z,2026-09-27T21:50:27.841Z,7
DEMO-DEV-8614,484,2022-10-10T06:04:22.319Z,2026-09-26T11:43:47.976Z,7
DEMO-DEV-8632,484,2022-10-01T12:45:49.535Z,2026-09-30T06:41:18.738Z,6
DEMO-DEV-8633,484,2022-10-03T00:09:14.879Z,2026-09-30T00:49:12.993Z,6
DEMO-DEV-8634,484,2022-10-04T05:41:34.172Z,2026-09-21T11:26:04.443Z,7
DEMO-DEV-8702,484,2022-10-06T18:28:46.190Z,2026-09-20T06:12:51.080Z,6
DEMO-DEV-8844,484,2022-10-03T17:54:55.068Z,2026-09-22T00:06:00.968Z,7
DEMO-DEV-8903,484,2022-10-02T12:53:23.987Z,2026-09-24T19:34:45.914Z,7
DEMO-DEV-8956,484,2022-10-01T13:01:12.803Z,2026-09-30T06:08:25.442Z,6
DEMO-DEV-9117,484,2022-10-05T05:48:52.605Z,2026-09-28T23:18:16.211Z,6
DEMO-DEV-9165,484,2022-10-03T03:02:34.508Z,2026-09-28T08:20:07.397Z,7
DEMO-DEV-9249,484,2022-10-05T19:04:07.765Z,2026-09-27T19:28:09.236Z,6
DEMO-DEV-9344,484,2022-10-02T16:14:06.612Z,2026-09-28T10:15:59.337Z,7
DEMO-DEV-9361,484,2022-10-02T09:14:47.754Z,2026-09-26T17:04:38.527Z,6
DEMO-DEV-9459,484,2022-10-02T09:38:18.824Z,2026-09-26T23:49:38.811Z,6
DEMO-DEV-9513,484,2022-10-03T21:07:49.239Z,2026-09-27T19:17:24.077Z,6
DEMO-DEV-9586,484,2022-10-05T00:54:23.966Z,2026-09-29T02:54:23.354Z,6
DEMO-DEV-9620,484,2022-10-09T17:01:42.843Z,2026-09-25T17:56:38.183Z,6
DEMO-DEV-9631,484,2022-10-01T10:40:52.150Z,2026-09-29T12:36:14.493Z,7
DEMO-DEV-9650,484,2022-10-03T16:17:37.816Z,2026-09-28T12:42:58.891Z,7
DEMO-DEV-9793,484,2022-10-03T17:37:25.913Z,2026-09-27T19:00:51.354Z,6
DEMO-DEV-9807,484,2022-10-01T10:59:49.073Z,2026-09-27T03:14:07.989Z,7
DEMO-DEV-9980,484,2022-10-02T06:32:51.646Z,2026-09-27T08:05:45.357Z,6
DEMO-DEV-0023,483,2022-10-01T21:46:57.915Z,2026-09-29T10:14:53.752Z,7
DEMO-DEV-0230,483,2022-10-01T09:16:56.976Z,2026-09-29T10:26:04.211Z,7
DEMO-DEV-0265,483,2022-10-05T01:59:59.688Z,2026-09-29T05:51:42.993Z,7
DEMO-DEV-0269,483,2022-10-02T18:15:06.387Z,2026-09-19T18:16:39.692Z,7
DEMO-DEV-0325,483,2022-10-01T17:02:11.975Z,2026-09-29T20:20:46.307Z,6
DEMO-DEV-0388,483,2022-10-02T11:29:08.015Z,2026-09-26T11:13:25.636Z,6
DEMO-DEV-0544,483,2022-10-08T00:53:20.646Z,2026-09-29T22:13:24.735Z,6
DEMO-DEV-0610,483,2022-10-01T15:30:33.503Z,2026-09-28T10:36:06.287Z,6
DEMO-DEV-0649,483,2022-10-07T12:36:18.557Z,2026-09-17T11:50:42.612Z,6
DEMO-DEV-0659,483,2022-10-01T19:14:13.138Z,2026-09-16T12:50:54.545Z,6
DEMO-DEV-0662,483,2022-10-11T12:11:38.658Z,2026-09-24T15:41:33.497Z,7
DEMO-DEV-0971,483,2022-10-03T17:16:02.865Z,2026-09-25T23:56:41.403Z,7
DEMO-DEV-1043,483,2022-10-01T22:29:49.989Z,2026-09-28T00:12:03.138Z,7
DEMO-DEV-1134,483,2022-10-01T18:46:10.816Z,2026-09-23T02:32:31.817Z,7
DEMO-DEV-1263,483,2022-10-06T14:50:45.873Z,2026-09-25T19:04:30.222Z,6
DEMO-DEV-1461,483,2022-10-06T20:25:55.138Z,2026-09-27T19:57:32.027Z,6
DEMO-DEV-1501,483,2022-10-04T07:09:41.513Z,2026-09-30T07:06:04.120Z,7
DEMO-DEV-1592,483,2022-10-02T23:41:07.428Z,2026-09-25T05:23:10.366Z,7
DEMO-DEV-1697,483,2022-10-01T16:54:57.268Z,2026-09-28T13:55:37.397Z,6
DEMO-DEV-1822,483,2022-10-02T11:50:52.765Z,2026-09-29T02:51:17.692Z,6
DEMO-DEV-1870,483,2022-10-02T12:39:18.224Z,2026-09-27T12:06:07.727Z,7
DEMO-DEV-2005,483,2022-10-02T17:30:48.045Z,2026-09-28T08:15:56.219Z,6
DEMO-DEV-2109,483,2022-10-06T23:09:54.219Z,2026-09-25T18:35:21.682Z,7
DEMO-DEV-2188,483,2022-10-05T18:57:08.948Z,2026-09-28T17:45:22.403Z,6
DEMO-DEV-2195,483,2022-10-06T15:56:55.183Z,2026-09-26T11:06:47.523Z,7
DEMO-DEV-2264,483,2022-10-03T16:52:41.462Z,2026-09-22T01:22:08.778Z,7
DEMO-DEV-2308,483,2022-10-02T11:48:35.472Z,2026-09-29T00:49:29.190Z,7
DEMO-DEV-2395,483,2022-10-02T11:08:05.795Z,2026-09-22T10:34:00.785Z,7
DEMO-DEV-2403,483,2022-10-01T23:27:11.782Z,2026-09-28T04:59:06.795Z,6
DEMO-DEV-2444,483,2022-10-13T11:56:15.298Z,2026-09-28T14:36:26.612Z,7
DEMO-DEV-2484,483,2022-10-01T09:12:23.409Z,2026-09-29T05:08:29.666Z,6
DEMO-DEV-2675,483,2022-10-01T13:00:32.976Z,2026-09-27T07:53:56.470Z,6
DEMO-DEV-2679,483,2022-10-02T00:36:30.968Z,2026-09-29T09:57:29.080Z,7
DEMO-DEV-2721,483,2022-10-05T05:55:11.806Z,2026-09-29T20:54:51.173Z,6
DEMO-DEV-2835,483,2022-10-02T21:45:10.068Z,2026-09-28T09:02:44.842Z,7
DEMO-DEV-2841,483,2022-10-06T20:23:47.205Z,2026-09-28T22:25:54.443Z,7
DEMO-DEV-2984,483,2022-10-03T02:25:18.208Z,2026-09-26T20:30:26.442Z,7
DEMO-DEV-3121,483,2022-10-04T23:19:34.605Z,2026-09-30T06:12:59.968Z,7
DEMO-DEV-3159,483,2022-10-01T19:47:46.168Z,2026-09-25T02:25:23.929Z,7
DEMO-DEV-3196,483,2022-10-05T16:28:25.870Z,2026-09-26T22:39:21.985Z,6
DEMO-DEV-3221,483,2022-10-04T07:33:23.891Z,2026-09-19T21:14:58.172Z,7
DEMO-DEV-3355,483,2022-10-05T15:53:51.870Z,2026-09-29T23:00:33.719Z,7
DEMO-DEV-3483,483,2022-10-01T16:34:33.795Z,2026-09-28T11:32:31.225Z,7
DEMO-DEV-3556,483,2022-10-02T18:05:22.428Z,2026-09-29T02:21:16.987Z,7
DEMO-DEV-3624,483,2022-10-03T04:22:35.557Z,2026-09-26T20:22:38.027Z,7
DEMO-DEV-3651,483,2022-10-04T07:18:02.879Z,2026-09-28T06:06:22.914Z,7
DEMO-DEV-3679,483,2022-10-01T11:37:14.485Z,2026-09-29T12:40:18.839Z,7
DEMO-DEV-3719,483,2022-10-05T19:02:42.189Z,2026-09-20T22:43:56.307Z,7
DEMO-DEV-3721,483,2022-10-01T11:38:31.319Z,2026-09-28T04:18:21.877Z,7
DEMO-DEV-3761,483,2022-10-06T04:17:19.892Z,2026-09-28T20:16:47.203Z,7
DEMO-DEV-3801,483,2022-10-01T17:55:48.403Z,2026-09-20T21:33:34.497Z,6
DEMO-DEV-3929,483,2022-10-08T14:48:26.222Z,2026-09-27T07:28:40.203Z,6
DEMO-DEV-4031,483,2022-10-03T20:46:45.134Z,2026-09-28T06:07:47.357Z,6
DEMO-DEV-4084,483,2022-10-04T12:34:20.402Z,2026-09-26T13:45:39.493Z,6
DEMO-DEV-4092,483,2022-10-04T01:03:47.785Z,2026-09-24T20:27:08.428Z,7
DEMO-DEV-4121,483,2022-10-02T08:20:50.584Z,2026-09-30T07:13:04.599Z,6
DEMO-DEV-4199,483,2022-10-08T09:05:24.785Z,2026-09-25T15:00:55.646Z,7
DEMO-DEV-4258,483,2022-10-08T00:02:01.150Z,2026-09-29T04:26:20.234Z,7
DEMO-DEV-4263,483,2022-10-02T04:10:33.409Z,2026-09-24T11:19:39.841Z,6
DEMO-DEV-4279,483,2022-10-04T00:26:19.710Z,2026-09-26T09:08:44.365Z,7
DEMO-DEV-4346,483,2022-10-01T21:39:49.225Z,2026-09-27T07:40:29.948Z,7
DEMO-DEV-4498,483,2022-10-01T21:09:02.442Z,2026-09-30T01:07:19.443Z,7
DEMO-DEV-4529,483,2022-10-03T06:12:16.003Z,2026-09-30T07:43:40.915Z,6
DEMO-DEV-4572,483,2022-10-11T15:14:06.599Z,2026-09-29T18:28:18.519Z,7
DEMO-DEV-4633,483,2022-10-02T04:16:38.161Z,2026-09-28T07:30:40.485Z,6
DEMO-DEV-4665,483,2022-10-11T00:56:44.992Z,2026-09-26T05:31:08.870Z,7
DEMO-DEV-4691,483,2022-10-03T04:51:50.605Z,2026-09-29T20:35:41.985Z,6
DEMO-DEV-4704,483,2022-10-03T23:42:53.873Z,2026-09-26T20:10:02.226Z,6
DEMO-DEV-4710,483,2022-10-04T12:21:45.203Z,2026-09-30T05:44:49.917Z,7
DEMO-DEV-4757,483,2022-10-05T04:30:06.300Z,2026-09-28T13:43:34.415Z,6
DEMO-DEV-4837,483,2022-10-01T15:33:13.688Z,2026-09-29T07:55:44.985Z,7
DEMO-DEV-4909,483,2022-10-04T07:59:15.272Z,2026-09-29T15:14:08.929Z,7
DEMO-DEV-5103,483,2022-10-03T22:01:28.993Z,2026-09-26T10:45:59.288Z,7
DEMO-DEV-5222,483,2022-10-08T17:24:50.738Z,2026-09-30T06:10:14.298Z,7
DEMO-DEV-5261,483,2022-10-03T16:29:29.203Z,2026-09-27T12:58:57.288Z,7
DEMO-DEV-5483,483,2022-10-08T03:20:30.653Z,2026-09-30T04:12:54.884Z,7
DEMO-DEV-5572,483,2022-10-01T20:01:24.864Z,2026-09-26T11:11:59.205Z,6
DEMO-DEV-5583,483,2022-10-04T21:08:33.511Z,2026-09-29T12:31:50.222Z,7
DEMO-DEV-5597,483,2022-10-03T21:05:55.676Z,2026-09-27T13:00:03.636Z,6
DEMO-DEV-5687,483,2022-10-03T04:23:24.793Z,2026-09-29T08:10:54.692Z,6
DEMO-DEV-5696,483,2022-10-05T15:05:33.778Z,2026-09-25T07:49:28.839Z,6
DEMO-DEV-5723,483,2022-10-06T04:27:29.298Z,2026-09-26T08:52:36.584Z,7
DEMO-DEV-5732,483,2022-10-03T05:55:39.969Z,2026-09-25T07:41:48.688Z,7
DEMO-DEV-5786,483,2022-10-03T03:11:30.523Z,2026-09-27T04:18:18.368Z,7
DEMO-DEV-5799,483,2022-10-03T13:21:15.394Z,2026-09-28T11:31:04.778Z,7
DEMO-DEV-5981,483,2022-10-03T02:19:16.319Z,2026-09-26T07:00:36.189Z,7
DEMO-DEV-6031,483,2022-10-01T11:40:44.246Z,2026-09-29T05:20:49.391Z,7
DEMO-DEV-6165,483,2022-10-07T20:20:20.692Z,2026-09-26T06:53:53.403Z,6
DEMO-DEV-6217,483,2022-10-04T00:39:57.080Z,2026-09-29T04:31:35.014Z,6
DEMO-DEV-6232,483,2022-10-02T19:17:39.455Z,2026-09-29T04:04:55.493Z,6
DEMO-DEV-6376,483,2022-10-02T23:30:19.792Z,2026-09-28T03:56:46.139Z,7
DEMO-DEV-6472,483,2022-10-03T20:11:52.038Z,2026-09-23T17:48:33.535Z,7
DEMO-DEV-6493,483,2022-10-02T05:04:41.870Z,2026-09-29T22:20:07.599Z,5
DEMO-DEV-6570,483,2022-10-05T00:56:01.523Z,2026-09-30T01:11:56.968Z,7
DEMO-DEV-6655,483,2022-10-01T19:07:47.778Z,2026-09-29T21:54:43.792Z,7
DEMO-DEV-6710,483,2022-10-01T15:36:18.682Z,2026-09-30T05:49:51.120Z,7
DEMO-DEV-6758,483,2022-10-10T05:15:58.291Z,2026-09-28T01:39:02.735Z,7
DEMO-DEV-6767,483,2022-10-04T10:35:57.190Z,2026-09-22T18:03:03.535Z,7
DEMO-DEV-6805,483,2022-10-02T10:15:08.272Z,2026-09-29T02:08:54.870Z,6
DEMO-DEV-6809,483,2022-10-02T15:29:06.846Z,2026-09-28T00:54:24.817Z,6
DEMO-DEV-6906,483,2022-10-02T22:19:21.160Z,2026-09-18T06:32:35.190Z,6
DEMO-DEV-6907,483,2022-10-03T10:18:04.702Z,2026-09-20T02:20:10.793Z,6
DEMO-DEV-6913,483,2022-10-01T14:46:52.203Z,2026-09-29T00:06:52.073Z,7
DEMO-DEV-6998,483,2022-10-06T06:53:36.545Z,2026-09-28T14:11:52.864Z,7
DEMO-DEV-7079,483,2022-10-01T21:40:13.839Z,2026-09-27T15:44:49.719Z,7
DEMO-DEV-7113,483,2022-10-03T03:31:57.803Z,2026-09-28T10:54:11.168Z,7
DEMO-DEV-7126,483,2022-10-02T16:20:16.004Z,2026-09-29T11:06:06.204Z,7
DEMO-DEV-7268,483,2022-10-07T05:27:46.391Z,2026-09-27T21:04:25.387Z,7
DEMO-DEV-7285,483,2022-10-01T13:52:40.160Z,2026-09-29T01:37:48.929Z,7
DEMO-DEV-7331,483,2022-10-01T18:20:10.077Z,2026-09-23T18:09:36.325Z,6
DEMO-DEV-7407,483,2022-10-01T16:13:05.218Z,2026-09-30T03:55:24.557Z,6
DEMO-DEV-7532,483,2022-10-04T10:02:29.264Z,2026-09-21T07:32:55.390Z,6
DEMO-DEV-7582,483,2022-10-02T20:02:18.843Z,2026-09-27T06:44:55.867Z,6
DEMO-DEV-7688,483,2022-10-05T19:30:21.368Z,2026-09-25T21:04:09.929Z,6
DEMO-DEV-7706,483,2022-10-02T12:56:46.354Z,2026-09-29T07:43:19.308Z,7
DEMO-DEV-7721,483,2022-10-02T20:09:58.987Z,2026-09-30T07:58:34.026Z,7
DEMO-DEV-7795,483,2022-10-01T18:06:08.508Z,2026-09-30T07:33:45.497Z,6
DEMO-DEV-7827,483,2022-10-03T15:29:35.839Z,2026-09-29T17:13:51.015Z,6
DEMO-DEV-8454,483,2022-10-02T22:51:08.765Z,2026-09-20T20:36:26.287Z,7
DEMO-DEV-8486,483,2022-10-03T21:25:52.949Z,2026-09-25T12:18:52.239Z,7
DEMO-DEV-8599,483,2022-10-05T06:38:03.370Z,2026-09-29T05:44:54.859Z,7
DEMO-DEV-8630,483,2022-10-06T13:08:26.238Z,2026-09-25T19:33:25.793Z,7
DEMO-DEV-8641,483,2022-10-01T21:00:19.300Z,2026-09-28T03:14:04.778Z,7
DEMO-DEV-8715,483,2022-10-06T06:49:31.846Z,2026-09-27T00:20:50.173Z,6
DEMO-DEV-8744,483,2022-10-05T21:52:30.192Z,2026-09-29T14:19:07.442Z,7
DEMO-DEV-8850,483,2022-10-03T05:59:52.075Z,2026-09-21T18:36:57.139Z,7
DEMO-DEV-8967,483,2022-10-02T19:04:33.591Z,2026-09-24T21:26:14.884Z,6
DEMO-DEV-9116,483,2022-10-14T21:53:12.926Z,2026-09-29T19:48:22.183Z,6
DEMO-DEV-9255,483,2022-10-03T19:32:39.190Z,2026-09-25T08:38:02.599Z,7
DEMO-DEV-9318,483,2022-10-07T20:05:22.591Z,2026-09-29T01:01:36.870Z,6
DEMO-DEV-9330,483,2022-10-03T01:31:39.676Z,2026-09-30T04:13:17.370Z,7
DEMO-DEV-9497,483,2022-10-01T18:12:15.409Z,2026-09-24T18:28:29.470Z,7
DEMO-DEV-9641,483,2022-10-02T07:36:00.965Z,2026-09-26T05:59:16.155Z,7
DEMO-DEV-9648,483,2022-10-03T15:59:06.929Z,2026-09-28T08:49:33.714Z,7
DEMO-DEV-9704,483,2022-10-04T13:24:26.390Z,2026-09-29T21:50:04.816Z,6
DEMO-DEV-9791,483,2022-10-01T16:02:51.021Z,2026-09-27T14:29:40.765Z,7
DEMO-DEV-9826,483,2022-10-06T23:58:01.246Z,2026-09-25T07:08:41.545Z,7
DEMO-DEV-0092,482,2022-10-02T06:13:22.462Z,2026-09-15T11:10:06.038Z,6
DEMO-DEV-0101,482,2022-10-12T20:12:49.319Z,2026-09-28T19:47:39.836Z,7
DEMO-DEV-0150,482,2022-10-08T13:42:23.597Z,2026-09-27T04:18:02.682Z,6
DEMO-DEV-0245,482,2022-10-02T10:03:05.913Z,2026-09-29T21:30:31.357Z,6
DEMO-DEV-0252,482,2022-10-13T22:55:30.863Z,2026-09-30T05:15:45.778Z,7
DEMO-DEV-0444,482,2022-10-07T13:48:20.527Z,2026-09-25T11:23:20.752Z,7
DEMO-DEV-0513,482,2022-10-01T09:08:52.462Z,2026-09-28T20:20:46.949Z,7
DEMO-DEV-0569,482,2022-10-02T23:25:32.527Z,2026-09-27T12:37:28.969Z,7
DEMO-DEV-0583,482,2022-10-02T14:23:18.524Z,2026-09-29T14:58:18.842Z,6
DEMO-DEV-0779,482,2022-10-03T04:48:01.799Z,2026-09-22T02:46:09.976Z,7
DEMO-DEV-0814,482,2022-10-02T05:19:29.948Z,2026-09-28T03:18:58.370Z,7
DEMO-DEV-0823,482,2022-10-03T06:48:25.120Z,2026-09-29T01:05:56.785Z,7
DEMO-DEV-0895,482,2022-10-02T07:22:22.865Z,2026-09-29T13:29:58.366Z,7
DEMO-DEV-0932,482,2022-10-14T14:39:37.224Z,2026-09-27T18:30:26.003Z,6
DEMO-DEV-0956,482,2022-10-02T03:38:33.446Z,2026-09-29T15:49:46.891Z,6
DEMO-DEV-1031,482,2022-10-04T03:18:04.003Z,2026-09-25T21:26:11.160Z,7
DEMO-DEV-1154,482,2022-10-04T06:09:12.173Z,2026-09-25T07:40:06.068Z,7
DEMO-DEV-1180,482,2022-10-03T04:22:31.308Z,2026-09-29T17:22:30.682Z,7
DEMO-DEV-1473,482,2022-10-01T20:47:05.298Z,2026-09-28T22:39:37.969Z,7
DEMO-DEV-1502,482,2022-10-04T07:00:17.968Z,2026-09-29T15:12:54.390Z,7
DEMO-DEV-1808,482,2022-10-02T12:44:59.816Z,2026-09-22T02:20:14.014Z,7
DEMO-DEV-2039,482,2022-10-02T18:44:04.045Z,2026-09-23T17:30:50.442Z,7
DEMO-DEV-2071,482,2022-10-02T16:40:55.865Z,2026-09-28T08:02:11.917Z,6
DEMO-DEV-2187,482,2022-10-02T00:37:58.556Z,2026-09-23T22:02:57.357Z,7
DEMO-DEV-2194,482,2022-10-09T19:39:35.239Z,2026-09-28T05:43:17.038Z,7
DEMO-DEV-2243,482,2022-10-03T14:08:47.189Z,2026-09-24T04:45:21.366Z,7
DEMO-DEV-2298,482,2022-10-03T17:10:55.817Z,2026-09-22T04:33:43.289Z,6
DEMO-DEV-2415,482,2022-10-03T08:55:52.120Z,2026-09-24T04:44:20.161Z,6
DEMO-DEV-2461,482,2022-10-08T06:07:19.038Z,2026-09-24T21:05:31.519Z,7
DEMO-DEV-2467,482,2022-10-03T23:56:42.315Z,2026-09-29T10:38:26.786Z,6
DEMO-DEV-2507,482,2022-10-02T15:51:45.226Z,2026-09-27T13:41:34.682Z,6
DEMO-DEV-2525,482,2022-10-04T02:37:17.173Z,2026-09-27T17:01:44.238Z,7
DEMO-DEV-2539,482,2022-10-02T22:13:50.026Z,2026-09-25T10:42:55.172Z,6
DEMO-DEV-2589,482,2022-10-02T11:01:18.859Z,2026-09-29T08:19:01.027Z,7
DEMO-DEV-2667,482,2022-10-02T16:12:24.120Z,2026-09-18T04:03:33.605Z,6
DEMO-DEV-2693,482,2022-10-04T12:17:46.272Z,2026-09-28T19:05:07.080Z,7
DEMO-DEV-2754,482,2022-10-06T01:36:41.014Z,2026-09-30T04:25:34.976Z,7
DEMO-DEV-2871,482,2022-10-02T23:57:03.752Z,2026-09-29T00:53:53.208Z,6
DEMO-DEV-2937,482,2022-10-08T21:49:20.969Z,2026-09-29T22:37:25.087Z,6
DEMO-DEV-3042,482,2022-10-01T22:24:48.390Z,2026-09-24T22:51:32.754Z,7
DEMO-DEV-3053,482,2022-10-01T12:09:20.189Z,2026-09-29T22:18:44.817Z,7
DEMO-DEV-3261,482,2022-10-04T19:50:41.023Z,2026-09-28T11:40:25.636Z,7
DEMO-DEV-3521,482,2022-10-01T15:38:41.785Z,2026-09-29T22:27:48.719Z,7
DEMO-DEV-3590,482,2022-10-04T02:07:32.870Z,2026-09-16T20:22:56.884Z,7
DEMO-DEV-3639,482,2022-10-03T12:44:32.513Z,2026-09-25T21:12:52.661Z,6
DEMO-DEV-3888,482,2022-10-03T00:33:53.605Z,2026-09-23T09:42:50.173Z,7
DEMO-DEV-4067,482,2022-10-02T11:13:29.236Z,2026-09-29T07:00:01.653Z,7
DEMO-DEV-4157,482,2022-10-01T16:58:01.735Z,2026-09-29T09:46:36.968Z,7
DEMO-DEV-4460,482,2022-10-03T08:51:13.075Z,2026-09-29T14:14:27.568Z,6
DEMO-DEV-4542,482,2022-10-06T18:37:09.824Z,2026-09-24T23:08:03.238Z,6
DEMO-DEV-4571,482,2022-10-02T22:25:54.021Z,2026-09-24T07:37:45.120Z,7
DEMO-DEV-4908,482,2022-10-01T08:43:23.688Z,2026-09-28T19:09:58.811Z,7
DEMO-DEV-4943,482,2022-10-02T10:24:30.804Z,2026-09-26T08:47:22.037Z,7
DEMO-DEV-4978,482,2022-10-13T14:30:29.557Z,2026-09-29T10:49:37.307Z,5
DEMO-DEV-5030,482,2022-10-02T08:48:17.948Z,2026-09-27T05:18:40.825Z,6
DEMO-DEV-5038,482,2022-10-06T11:38:09.390Z,2026-09-23T15:03:42.913Z,7
DEMO-DEV-5061,482,2022-10-25T19:15:18.612Z,2026-09-19T03:55:12.682Z,7
DEMO-DEV-5236,482,2022-10-03T10:59:11.795Z,2026-09-29T06:36:41.123Z,7
DEMO-DEV-5291,482,2022-10-05T02:03:14.236Z,2026-09-24T05:02:40.754Z,6
DEMO-DEV-5294,482,2022-10-02T13:32:54.892Z,2026-09-28T10:32:41.150Z,7
DEMO-DEV-5323,482,2022-10-05T04:37:28.455Z,2026-09-30T06:00:52.352Z,7
DEMO-DEV-5343,482,2022-10-01T18:36:23.584Z,2026-09-25T14:40:16.026Z,7
DEMO-DEV-5385,482,2022-10-05T23:47:04.795Z,2026-09-25T03:27:12.782Z,7
DEMO-DEV-5459,482,2022-10-03T05:33:16.460Z,2026-09-25T16:53:29.221Z,7
DEMO-DEV-5463,482,2022-10-01T13:22:27.949Z,2026-09-26T11:12:51.287Z,6
DEMO-DEV-5661,482,2022-10-02T01:12:21.950Z,2026-09-27T15:35:08.428Z,7
DEMO-DEV-5662,482,2022-10-04T03:31:23.646Z,2026-09-23T05:42:36.877Z,7
DEMO-DEV-5672,482,2022-10-02T01:53:24.442Z,2026-09-29T00:15:11.949Z,6
DEMO-DEV-5796,482,2022-10-11T05:38:51.989Z,2026-09-26T18:14:53.648Z,6
DEMO-DEV-5837,482,2022-10-04T13:55:49.442Z,2026-09-26T06:09:33.230Z,7
DEMO-DEV-5852,482,2022-10-02T04:29:38.485Z,2026-09-25T20:02:29.390Z,7
DEMO-DEV-5934,482,2022-10-03T00:01:10.370Z,2026-09-27T22:47:59.003Z,7
DEMO-DEV-5952,482,2022-10-11T07:04:23.291Z,2026-09-27T08:28:18.254Z,7
DEMO-DEV-5986,482,2022-10-02T15:35:04.867Z,2026-09-28T18:18:56.023Z,7
DEMO-DEV-5992,482,2022-10-06T14:37:04.816Z,2026-09-27T02:24:00.884Z,7
DEMO-DEV-6021,482,2022-10-01T16:08:11.792Z,2026-09-29T17:00:05.989Z,6
DEMO-DEV-6038,482,2022-10-04T11:09:14.225Z,2026-09-28T01:07:58.394Z,7
DEMO-DEV-6061,482,2022-10-07T08:20:54.352Z,2026-09-27T18:42:01.428Z,6
DEMO-DEV-6073,482,2022-10-04T18:06:59.221Z,2026-09-28T22:10:25.863Z,7
DEMO-DEV-6178,482,2022-10-03T12:57:58.989Z,2026-09-26T13:45:06.639Z,7
DEMO-DEV-6387,482,2022-10-03T20:17:03.555Z,2026-09-28T08:05:21.120Z,6
DEMO-DEV-6512,482,2022-10-08T19:24:19.037Z,2026-09-26T16:27:54.682Z,7
DEMO-DEV-6633,482,2022-10-02T04:03:32.315Z,2026-09-28T08:51:54.238Z,7
DEMO-DEV-6659,482,2022-10-02T11:10:04.792Z,2026-09-28T06:41:22.817Z,7
DEMO-DEV-6719,482,2022-10-03T05:17:32.792Z,2026-09-28T23:30:11.192Z,7
DEMO-DEV-6851,482,2022-10-10T13:03:43.555Z,2026-09-28T05:24:45.868Z,7
DEMO-DEV-6874,482,2022-10-03T15:38:08.045Z,2026-09-22T19:56:56.500Z,7
DEMO-DEV-6957,482,2022-10-04T14:25:50.026Z,2026-09-30T03:50:09.023Z,6
DEMO-DEV-6960,482,2022-10-05T14:25:50.989Z,2026-09-27T13:04:00.239Z,7
DEMO-DEV-7242,482,2022-10-03T20:33:58.203Z,2026-09-25T07:53:41.073Z,7
DEMO-DEV-7295,482,2022-10-02T20:50:17.989Z,2026-09-23T01:54:25.307Z,7
DEMO-DEV-7328,482,2022-10-03T12:04:52.446Z,2026-09-30T03:57:39.077Z,7
DEMO-DEV-7428,482,2022-10-03T00:33:13.352Z,2026-09-26T17:10:40.222Z,7
DEMO-DEV-7559,482,2022-10-01T21:46:34.513Z,2026-09-27T10:27:48.391Z,7
DEMO-DEV-7611,482,2022-10-05T21:49:21.021Z,2026-09-25T22:17:25.068Z,7
DEMO-DEV-7639,482,2022-10-01T18:40:07.134Z,2026-09-28T13:26:15.816Z,7
DEMO-DEV-7700,482,2022-10-01T10:57:19.519Z,2026-09-28T20:17:50.272Z,7
DEMO-DEV-7787,482,2022-10-13T18:19:52.968Z,2026-09-30T05:00:25.172Z,6
DEMO-DEV-7832,482,2022-10-02T07:06:34.368Z,2026-09-27T01:48:28.403Z,7
DEMO-DEV-7865,482,2022-10-02T15:32:38.950Z,2026-09-26T02:25:24.004Z,7
DEMO-DEV-7914,482,2022-10-04T09:07:54.057Z,2026-09-28T09:51:35.646Z,7
DEMO-DEV-7973,482,2022-10-05T17:43:42.646Z,2026-09-29T21:11:02.702Z,7
DEMO-DEV-7992,482,2022-10-02T11:53:20.799Z,2026-09-30T06:51:04.523Z,6
DEMO-DEV-8015,482,2022-10-02T04:39:57.075Z,2026-09-27T03:55:41.965Z,7
DEMO-DEV-8026,482,2022-10-02T00:05:14.524Z,2026-09-25T07:21:30.646Z,7
DEMO-DEV-8086,482,2022-10-04T04:47:22.804Z,2026-09-24T08:01:57.511Z,7
DEMO-DEV-8145,482,2022-10-03T07:14:23.754Z,2026-09-28T02:01:26.523Z,5
DEMO-DEV-8284,482,2022-10-05T10:57:38.485Z,2026-09-29T01:54:08.352Z,7
DEMO-DEV-8346,482,2022-10-02T06:32:58.636Z,2026-09-20T12:40:13.370Z,7
DEMO-DEV-8415,482,2022-10-06T06:27:12.168Z,2026-09-27T11:12:28.527Z,7
DEMO-DEV-8418,482,2022-10-07T18:58:56.966Z,2026-09-20T12:03:20.288Z,7
DEMO-DEV-8580,482,2022-10-04T03:17:44.926Z,2026-09-28T21:36:17.795Z,7
DEMO-DEV-8591,482,2022-10-03T14:40:06.345Z,2026-09-27T19:37:06.446Z,7
DEMO-DEV-8637,482,2022-10-07T21:21:31.968Z,2026-09-28T17:31:46.524Z,7
DEMO-DEV-8648,482,2022-10-03T19:04:16.591Z,2026-09-28T19:04:39.218Z,6
DEMO-DEV-8679,482,2022-10-02T17:12:38.870Z,2026-09-28T09:52:00.969Z,7
DEMO-DEV-8707,482,2022-10-01T11:13:50.816Z,2026-09-19T06:14:18.370Z,7
DEMO-DEV-8854,482,2022-10-03T19:31:23.252Z,2026-09-30T02:31:23.470Z,7
DEMO-DEV-8892,482,2022-10-04T14:29:28.232Z,2026-09-28T18:25:35.505Z,7
DEMO-DEV-8943,482,2022-10-06T21:39:08.646Z,2026-09-24T05:49:01.138Z,7
DEMO-DEV-9268,482,2022-10-04T04:53:07.300Z,2026-09-25T01:20:38.319Z,7
DEMO-DEV-9334,482,2022-10-04T02:16:33.150Z,2026-09-29T08:16:02.470Z,7
DEMO-DEV-9359,482,2022-10-08T20:42:19.155Z,2026-09-28T07:23:58.203Z,7
DEMO-DEV-9478,482,2022-10-06T19:05:07.298Z,2026-09-30T01:12:13.446Z,7
DEMO-DEV-9622,482,2022-10-03T14:13:53.238Z,2026-09-29T20:47:35.989Z,6
DEMO-DEV-9727,482,2022-10-02T16:46:36.493Z,2026-09-28T15:58:42.969Z,7
DEMO-DEV-9773,482,2022-10-03T18:29:59.605Z,2026-09-22T19:56:32.208Z,6
DEMO-DEV-9828,482,2022-10-07T22:42:10.692Z,2026-09-28T16:53:28.929Z,6
DEMO-DEV-9830,482,2022-10-07T07:23:49.428Z,2026-09-28T18:19:37.500Z,7
DEMO-DEV-9912,482,2022-10-04T09:28:48.793Z,2026-09-27T18:59:16.224Z,7
DEMO-DEV-0013,481,2022-10-06T09:14:21.727Z,2026-09-30T13:48:52.717Z,6
DEMO-DEV-0054,481,2022-10-10T17:23:08.500Z,2026-09-29T19:10:30.080Z,7
DEMO-DEV-0148,481,2022-10-02T22:39:13.519Z,2026-09-17T22:36:59.300Z,6
DEMO-DEV-0221,481,2022-10-02T01:15:00.300Z,2026-09-30T07:33:33.442Z,7
DEMO-DEV-0346,481,2022-10-05T04:04:09.470Z,2026-09-26T15:44:47.612Z,7
DEMO-DEV-0450,481,2022-10-02T05:46:21.120Z,2026-09-28T10:26:00.172Z,7
DEMO-DEV-0681,481,2022-10-02T00:58:32.555Z,2026-09-21T19:20:17.519Z,7
DEMO-DEV-0715,481,2022-10-07T23:56:39.253Z,2026-09-28T01:42:13.863Z,7
DEMO-DEV-0748,481,2022-10-02T12:18:24.605Z,2026-09-29T10:55:45.929Z,7
DEMO-DEV-0787,481,2022-10-02T12:41:53.795Z,2026-09-28T07:40:36.524Z,6
DEMO-DEV-1024,481,2022-10-06T02:56:23.428Z,2026-09-22T13:47:09.825Z,6
DEMO-DEV-1080,481,2022-10-07T04:05:55.817Z,2026-09-27T02:03:52.985Z,7
DEMO-DEV-1209,481,2022-10-02T15:45:26.948Z,2026-09-26T05:15:22.949Z,7
DEMO-DEV-1311,481,2022-10-07T04:44:26.192Z,2026-09-28T00:54:12.646Z,7
DEMO-DEV-1482,481,2022-10-09T14:35:45.508Z,2026-09-27T22:32:41.584Z,6
DEMO-DEV-1544,481,2022-10-05T22:10:29.891Z,2026-09-30T05:17:16.993Z,6
DEMO-DEV-1646,481,2022-10-02T05:23:41.578Z,2026-09-28T23:20:26.077Z,7
DEMO-DEV-1742,481,2022-10-01T21:07:59.300Z,2026-09-29T16:13:42.252Z,7
DEMO-DEV-1823,481,2022-10-03T08:40:31.057Z,2026-09-26T05:44:05.915Z,7
DEMO-DEV-2075,481,2022-10-01T18:29:55.397Z,2026-09-24T18:55:22.816Z,6
DEMO-DEV-2086,481,2022-10-01T15:57:09.203Z,2026-09-29T12:44:41.989Z,7
DEMO-DEV-2126,481,2022-10-01T12:48:53.308Z,2026-09-28T03:04:35.155Z,6
DEMO-DEV-2248,481,2022-10-01T20:09:02.824Z,2026-09-29T20:31:48.150Z,6
DEMO-DEV-2270,481,2022-10-04T03:58:55.782Z,2026-09-28T11:49:02.254Z,7
DEMO-DEV-2357,481,2022-10-01T21:01:03.877Z,2026-09-30T06:38:49.120Z,7
DEMO-DEV-2622,481,2022-10-04T08:21:19.168Z,2026-09-29T15:17:03.345Z,7
DEMO-DEV-2627,481,2022-10-05T06:01:38.989Z,2026-09-29T10:05:45.370Z,6
DEMO-DEV-2689,481,2022-10-03T11:30:41.319Z,2026-09-22T20:48:38.992Z,7
DEMO-DEV-2736,481,2022-10-01T23:45:44.877Z,2026-09-28T20:40:23.230Z,6
DEMO-DEV-2834,481,2022-10-03T04:59:41.668Z,2026-09-23T16:17:17.325Z,7
DEMO-DEV-3037,481,2022-10-05T21:57:35.846Z,2026-09-30T01:39:20.754Z,7
DEMO-DEV-3102,481,2022-10-04T04:34:57.568Z,2026-09-23T18:53:36.221Z,7
DEMO-DEV-3109,481,2022-10-03T09:28:51.403Z,2026-09-28T04:46:30.929Z,6
DEMO-DEV-3116,481,2022-10-03T02:05:32.268Z,2026-09-24T05:44:53.524Z,7
DEMO-DEV-3150,481,2022-10-01T16:34:04.230Z,2026-09-29T20:20:20.205Z,6
DEMO-DEV-3172,481,2022-10-03T04:31:03.268Z,2026-09-29T07:32:58.915Z,7
DEMO-DEV-3273,481,2022-10-04T02:05:38.843Z,2026-09-28T22:10:56.535Z,7
DEMO-DEV-3569,481,2022-10-01T23:51:31.535Z,2026-09-26T11:44:17.268Z,7
DEMO-DEV-3616,481,2022-10-02T04:04:13.139Z,2026-09-28T20:44:07.203Z,7
DEMO-DEV-3990,481,2022-10-03T02:10:07.368Z,2026-09-29T05:53:02.015Z,7
DEMO-DEV-4132,481,2022-10-02T10:33:25.291Z,2026-09-29T15:43:11.272Z,6
DEMO-DEV-4156,481,2022-10-03T00:16:16.648Z,2026-09-30T05:07:31.658Z,6
DEMO-DEV-4438,481,2022-10-06T16:45:08.792Z,2026-09-30T03:10:02.287Z,7
DEMO-DEV-4442,481,2022-10-02T16:18:52.618Z,2026-09-29T23:08:40.614Z,6
DEMO-DEV-4485,481,2022-10-01T08:29:00.366Z,2026-09-29T07:02:08.976Z,7
DEMO-DEV-4513,481,2022-10-03T19:38:23.139Z,2026-09-29T23:57:51.287Z,6
DEMO-DEV-4518,481,2022-10-06T14:52:20.870Z,2026-09-28T18:25:48.885Z,7
DEMO-DEV-4600,481,2022-10-09T15:45:41.319Z,2026-09-28T17:42:51.123Z,7
DEMO-DEV-4712,481,2022-10-01T19:51:37.839Z,2026-09-28T15:10:18.442Z,7
DEMO-DEV-4722,481,2022-10-04T18:15:11.428Z,2026-09-29T13:56:48.605Z,7
DEMO-DEV-4855,481,2022-10-05T21:12:00.646Z,2026-09-26T10:29:23.409Z,6
DEMO-DEV-4903,481,2022-10-05T10:15:57.204Z,2026-09-21T13:06:37.307Z,6
DEMO-DEV-4904,481,2022-10-02T15:03:22.612Z,2026-09-26T23:07:32.987Z,6
DEMO-DEV-4927,481,2022-10-07T14:47:23.851Z,2026-09-30T07:26:39.765Z,7
DEMO-DEV-5068,481,2022-10-02T19:24:04.038Z,2026-09-28T19:33:08.226Z,6
DEMO-DEV-5134,481,2022-10-06T14:07:57.287Z,2026-09-29T16:29:01.394Z,6
DEMO-DEV-5173,481,2022-10-03T02:49:10.024Z,2026-09-28T15:24:04.354Z,6
DEMO-DEV-5182,481,2022-10-05T02:13:20.068Z,2026-09-25T07:12:51.926Z,7
DEMO-DEV-5245,481,2022-10-03T14:59:05.989Z,2026-09-17T13:39:26.914Z,7
DEMO-DEV-5331,481,2022-10-06T07:41:10.428Z,2026-09-25T08:49:38.782Z,7
DEMO-DEV-5398,481,2022-10-02T07:41:03.969Z,2026-09-25T00:32:59.892Z,6
DEMO-DEV-5414,481,2022-10-12T22:40:00.950Z,2026-09-25T12:14:11.646Z,7
DEMO-DEV-5598,481,2022-10-03T18:32:44.466Z,2026-09-29T18:03:43.397Z,6
DEMO-DEV-5629,481,2022-10-03T19:21:24.727Z,2026-09-29T03:15:56.272Z,6
DEMO-DEV-5648,481,2022-10-02T12:24:26.867Z,2026-09-30T03:37:50.026Z,6
DEMO-DEV-5690,481,2022-10-03T13:34:19.139Z,2026-09-29T04:22:08.661Z,7
DEMO-DEV-5712,481,2022-10-05T11:39:59.409Z,2026-09-29T06:30:19.354Z,6
DEMO-DEV-5779,481,2022-10-12T14:06:05.045Z,2026-09-28T15:49:36.885Z,7
DEMO-DEV-5795,481,2022-10-03T20:35:31.917Z,2026-09-27T13:44:41.976Z,6
DEMO-DEV-5865,481,2022-10-16T07:29:29.578Z,2026-09-23T09:01:39.993Z,7
DEMO-DEV-5928,481,2022-10-03T00:10:52.138Z,2026-09-29T17:14:05.368Z,7
DEMO-DEV-6102,481,2022-10-06T18:20:03.719Z,2026-09-25T04:20:33.073Z,6
DEMO-DEV-6266,481,2022-10-02T08:25:54.666Z,2026-09-27T21:22:38.859Z,7
DEMO-DEV-6324,481,2022-10-05T21:44:34.884Z,2026-09-22T17:35:07.307Z,6
DEMO-DEV-6334,481,2022-10-11T03:46:34.073Z,2026-09-28T14:21:09.607Z,6
DEMO-DEV-6340,481,2022-10-02T04:36:37.221Z,2026-09-26T21:14:35.289Z,6
DEMO-DEV-6430,481,2022-10-02T20:48:51.272Z,2026-09-26T13:11:50.989Z,6
DEMO-DEV-6442,481,2022-10-01T20:53:44.442Z,2026-09-21T11:09:34.778Z,7
DEMO-DEV-6611,481,2022-10-02T09:15:31.462Z,2026-09-27T10:40:15.785Z,6
DEMO-DEV-6640,481,2022-10-03T03:41:15.442Z,2026-09-29T20:22:38.139Z,6
DEMO-DEV-6751,481,2022-10-12T01:36:54.636Z,2026-09-29T11:44:38.493Z,7
DEMO-DEV-6865,481,2022-10-02T11:28:23.470Z,2026-09-26T22:08:47.666Z,7
DEMO-DEV-6867,481,2022-10-03T04:34:20.027Z,2026-09-29T16:05:24.867Z,7
DEMO-DEV-6870,481,2022-10-02T19:44:12.252Z,2026-09-29T04:46:17.455Z,7
DEMO-DEV-6914,481,2022-10-01T23:33:44.368Z,2026-09-30T03:46:38.038Z,6
DEMO-DEV-6976,481,2022-10-07T12:11:11.786Z,2026-09-26T15:12:18.021Z,7
DEMO-DEV-7189,481,2022-10-02T19:10:31.612Z,2026-09-28T02:33:56.300Z,7
DEMO-DEV-7244,481,2022-10-02T16:40:48.352Z,2026-09-28T05:31:55.027Z,6
DEMO-DEV-7376,481,2022-10-01T15:03:44.024Z,2026-09-27T20:50:43.877Z,7
DEMO-DEV-7394,481,2022-10-01T18:05:26.442Z,2026-09-15T23:05:38.365Z,6
DEMO-DEV-7541,481,2022-10-10T22:52:12.993Z,2026-09-26T02:08:32.784Z,7
DEMO-DEV-7677,481,2022-10-04T13:56:30.949Z,2026-09-26T18:59:18.842Z,6
DEMO-DEV-7800,481,2022-10-05T08:04:56.337Z,2026-09-27T21:44:27.120Z,7
DEMO-DEV-8011,481,2022-10-04T08:08:49.597Z,2026-09-29T15:49:38.692Z,7
DEMO-DEV-8059,481,2022-10-05T17:01:12.646Z,2026-09-25T17:46:37.584Z,6
DEMO-DEV-8082,481,2022-10-01T19:29:08.402Z,2026-09-25T18:50:25.442Z,7
DEMO-DEV-8118,481,2022-10-16T19:43:58.884Z,2026-09-23T16:53:25.891Z,7
DEMO-DEV-8133,481,2022-10-06T23:49:29.045Z,2026-09-27T21:12:49.370Z,7
DEMO-DEV-8167,481,2022-10-08T14:12:33.204Z,2026-09-26T10:16:15.090Z,7
DEMO-DEV-8184,481,2022-10-04T19:34:34.208Z,2026-09-23T21:21:38.519Z,7
DEMO-DEV-8286,481,2022-10-03T13:41:09.785Z,2026-09-28T02:05:27.264Z,7
DEMO-DEV-8338,481,2022-10-01T17:48:51.403Z,2026-09-22T07:14:34.173Z,6
DEMO-DEV-8383,481,2022-10-04T08:03:11.926Z,2026-09-29T10:42:15.218Z,6
DEMO-DEV-8388,481,2022-10-04T16:19:43.462Z,2026-09-24T15:40:04.597Z,7
DEMO-DEV-8404,481,2022-10-02T04:28:01.976Z,2026-09-28T16:55:34.352Z,7
DEMO-DEV-8524,481,2022-10-02T03:02:58.308Z,2026-09-29T08:50:03.218Z,7
DEMO-DEV-8528,481,2022-10-02T19:30:31.139Z,2026-09-29T16:28:25.836Z,7
DEMO-DEV-8540,481,2022-10-03T07:35:54.584Z,2026-09-28T19:13:58.234Z,7
DEMO-DEV-8545,481,2022-10-05T06:01:42.636Z,2026-09-25T08:28:14.466Z,7
DEMO-DEV-8689,481,2022-10-01T23:37:14.949Z,2026-09-21T06:18:06.234Z,6
DEMO-DEV-8814,481,2022-10-01T14:01:49.966Z,2026-09-30T03:06:51.859Z,7
DEMO-DEV-8835,481,2022-10-03T04:23:40.298Z,2026-09-27T17:00:25.976Z,7
DEMO-DEV-8929,481,2022-10-04T20:46:04.307Z,2026-09-24T15:32:24.841Z,7
DEMO-DEV-8941,481,2022-10-02T01:41:27.719Z,2026-09-27T12:41:18.368Z,7
DEMO-DEV-9127,481,2022-10-08T05:33:44.403Z,2026-09-27T15:20:46.968Z,7
DEMO-DEV-9190,481,2022-10-01T23:26:35.073Z,2026-09-30T01:50:06.165Z,7
DEMO-DEV-9216,481,2022-10-02T11:29:59.045Z,2026-09-28T10:03:38.859Z,7
DEMO-DEV-9373,481,2022-10-01T19:53:18.289Z,2026-09-26T04:23:11.545Z,7
DEMO-DEV-9501,481,2022-10-02T09:43:53.519Z,2026-09-25T13:43:03.366Z,7
DEMO-DEV-9583,481,2022-10-03T18:56:35.666Z,2026-09-30T07:01:08.968Z,6
DEMO-DEV-9635,481,2022-10-01T19:20:27.315Z,2026-09-26T14:48:18.914Z,6
DEMO-DEV-9681,481,2022-10-01T20:03:30.661Z,2026-09-29T05:11:00.038Z,6
DEMO-DEV-9696,481,2022-10-04T09:44:57.817Z,2026-09-19T03:14:34.817Z,6
DEMO-DEV-9887,481,2022-10-03T04:17:37.352Z,2026-09-20T18:19:53.752Z,7
DEMO-DEV-9917,481,2022-10-03T07:01:01.688Z,2026-09-29T01:54:29.250Z,7
DEMO-DEV-0089,480,2022-10-03T17:17:41.976Z,2026-09-28T12:43:58.929Z,7
DEMO-DEV-0122,480,2022-10-03T10:46:15.037Z,2026-09-26T23:28:44.037Z,7
DEMO-DEV-0299,480,2022-10-01T19:56:30.799Z,2026-09-30T07:40:45.646Z,6
DEMO-DEV-0340,480,2022-10-02T01:26:54.786Z,2026-09-19T18:47:12.345Z,7
DEMO-DEV-0351,480,2022-10-17T05:39:41.793Z,2026-09-29T15:15:04.038Z,6
DEMO-DEV-0357,480,2022-10-07T08:09:08.403Z,2026-09-29T01:27:11.513Z,6
DEMO-DEV-0368,480,2022-10-09T17:49:41.519Z,2026-09-28T19:13:56.612Z,6
DEMO-DEV-0467,480,2022-10-01T23:11:46.786Z,2026-09-16T05:00:11.917Z,7
DEMO-DEV-0472,480,2022-10-06T01:52:58.390Z,2026-09-28T22:07:10.357Z,7
DEMO-DEV-0727,480,2022-10-08T01:56:24.075Z,2026-09-17T04:52:49.254Z,6
DEMO-DEV-0949,480,2022-10-04T02:25:16.415Z,2026-09-27T00:27:40.003Z,7
DEMO-DEV-0967,480,2022-10-07T01:31:54.183Z,2026-09-29T11:43:02.150Z,6
DEMO-DEV-1039,480,2022-10-01T12:44:25.226Z,2026-09-29T07:17:49.993Z,7
DEMO-DEV-1110,480,2022-10-01T22:52:16.841Z,2026-09-26T06:36:45.397Z,7
DEMO-DEV-1148,480,2022-10-04T19:48:40.877Z,2026-09-27T00:37:54.370Z,6
DEMO-DEV-1152,480,2022-10-05T10:05:55.226Z,2026-09-30T04:28:51.252Z,7
DEMO-DEV-1302,480,2022-10-01T21:41:34.155Z,2026-09-29T10:43:20.307Z,6
DEMO-DEV-1516,480,2022-10-01T21:17:47.702Z,2026-09-28T11:14:32.914Z,6
DEMO-DEV-1553,480,2022-10-06T04:49:23.298Z,2026-09-24T20:57:26.302Z,7
DEMO-DEV-1675,480,2022-10-02T19:21:31.865Z,2026-09-28T08:40:04.836Z,7
DEMO-DEV-1733,480,2022-10-12T07:32:44.307Z,2026-09-28T20:39:30.987Z,7
DEMO-DEV-1735,480,2022-10-02T16:13:09.264Z,2026-09-20T17:01:02.989Z,5
DEMO-DEV-1759,480,2022-10-04T07:47:44.508Z,2026-09-29T07:21:28.021Z,7
DEMO-DEV-1764,480,2022-10-07T03:14:57.021Z,2026-09-29T16:00:21.045Z,6
DEMO-DEV-1824,480,2022-10-02T12:53:46.658Z,2026-09-28T16:30:09.870Z,7
DEMO-DEV-1851,480,2022-10-06T07:08:55.239Z,2026-09-29T00:26:12.612Z,7
DEMO-DEV-1854,480,2022-10-03T20:33:59.666Z,2026-09-29T04:45:14.239Z,7
DEMO-DEV-1871,480,2022-10-13T08:39:56.300Z,2026-09-29T02:29:05.804Z,6
DEMO-DEV-1913,480,2022-10-05T08:41:02.172Z,2026-09-27T08:33:00.682Z,7
DEMO-DEV-2043,480,2022-10-07T00:26:07.224Z,2026-09-28T23:03:46.885Z,7
DEMO-DEV-2095,480,2022-10-07T03:19:51.727Z,2026-09-26T20:26:19.599Z,6
DEMO-DEV-2156,480,2022-10-02T20:24:29.165Z,2026-09-26T20:21:29.366Z,5
DEMO-DEV-2221,480,2022-10-02T18:37:23.702Z,2026-09-29T23:19:56.688Z,6
DEMO-DEV-2266,480,2022-10-03T16:23:34.948Z,2026-09-28T19:22:36.287Z,6
DEMO-DEV-2421,480,2022-10-01T09:01:26.607Z,2026-09-29T14:58:52.917Z,6
DEMO-DEV-2476,480,2022-10-05T10:33:31.287Z,2026-09-22T05:21:19.394Z,7
DEMO-DEV-2604,480,2022-10-07T14:38:00.298Z,2026-09-27T04:13:56.472Z,7
DEMO-DEV-2648,480,2022-10-02T10:27:59.268Z,2026-09-27T05:51:48.682Z,6
DEMO-DEV-2779,480,2022-10-02T04:14:19.688Z,2026-09-30T03:21:46.087Z,7
DEMO-DEV-3068,480,2022-10-08T09:12:49.307Z,2026-09-27T19:42:10.402Z,7
DEMO-DEV-3233,480,2022-10-06T05:28:15.607Z,2026-09-29T14:52:39.387Z,6
DEMO-DEV-3348,480,2022-10-01T19:22:14.161Z,2026-09-29T21:47:45.842Z,7
DEMO-DEV-3372,480,2022-10-07T04:24:29.189Z,2026-09-29T23:13:46.045Z,6
DEMO-DEV-3401,480,2022-10-03T07:52:30.232Z,2026-09-29T10:03:57.806Z,7
DEMO-DEV-3426,480,2022-10-07T14:06:53.428Z,2026-09-21T19:35:48.841Z,7
DEMO-DEV-3464,480,2022-10-02T09:26:42.027Z,2026-09-27T21:29:05.225Z,6
DEMO-DEV-3468,480,2022-10-01T17:59:13.578Z,2026-09-22T14:09:02.992Z,7
DEMO-DEV-3471,480,2022-10-02T06:37:56.597Z,2026-09-23T07:12:25.073Z,7
DEMO-DEV-3532,480,2022-10-06T07:05:53.738Z,2026-09-30T01:38:23.511Z,6
DEMO-DEV-3578,480,2022-10-01T10:19:06.786Z,2026-09-28T17:44:04.816Z,6
DEMO-DEV-3587,480,2022-10-04T15:59:15.806Z,2026-09-30T00:21:56.239Z,6
DEMO-DEV-3594,480,2022-10-03T15:37:31.239Z,2026-09-29T23:39:11.863Z,5
DEMO-DEV-3599,480,2022-10-01T16:22:57.226Z,2026-09-30T04:41:10.682Z,7
DEMO-DEV-3613,480,2022-10-02T13:39:43.225Z,2026-09-21T05:07:58.409Z,7
DEMO-DEV-3707,480,2022-10-02T07:44:50.462Z,2026-09-26T10:55:01.190Z,7
DEMO-DEV-3723,480,2022-10-03T23:38:14.161Z,2026-09-30T04:02:18.080Z,7
DEMO-DEV-3738,480,2022-10-03T00:19:19.239Z,2026-09-29T04:08:58.892Z,7
DEMO-DEV-3815,480,2022-10-06T00:41:02.168Z,2026-09-29T16:39:00.913Z,6
DEMO-DEV-3933,480,2022-10-02T18:59:40.415Z,2026-09-25T19:09:50.172Z,7
DEMO-DEV-3940,480,2022-10-03T11:15:16.653Z,2026-09-29T02:07:11.391Z,6
DEMO-DEV-3971,480,2022-10-05T15:55:54.639Z,2026-09-28T12:04:43.246Z,7
DEMO-DEV-3979,480,2022-10-02T06:01:46.268Z,2026-09-27T07:36:01.865Z,7
DEMO-DEV-4178,480,2022-10-16T16:52:14.824Z,2026-09-26T15:21:15.302Z,7
DEMO-DEV-4219,480,2022-10-02T16:03:46.655Z,2026-09-28T11:00:09.817Z,6
DEMO-DEV-4363,480,2022-10-02T07:07:08.989Z,2026-09-27T02:34:39.272Z,6
DEMO-DEV-4370,480,2022-10-03T17:30:42.397Z,2026-09-25T03:03:42.605Z,6
DEMO-DEV-4420,480,2022-10-10T02:45:30.817Z,2026-09-22T18:35:24.205Z,7
DEMO-DEV-4779,480,2022-10-07T06:58:04.167Z,2026-09-23T15:56:46.352Z,6
DEMO-DEV-4857,480,2022-10-12T12:55:26.714Z,2026-09-29T00:08:40.003Z,6
DEMO-DEV-4939,480,2022-10-01T17:22:36.851Z,2026-09-17T14:51:02.926Z,7
DEMO-DEV-5077,480,2022-10-06T05:46:25.661Z,2026-09-24T07:22:20.584Z,7
DEMO-DEV-5144,480,2022-10-03T01:51:53.868Z,2026-09-27T16:50:30.511Z,7
DEMO-DEV-5179,480,2022-10-02T03:25:49.926Z,2026-09-29T00:52:51.120Z,7
DEMO-DEV-5267,480,2022-10-02T03:46:52.023Z,2026-09-28T02:23:41.387Z,5
DEMO-DEV-5311,480,2022-10-02T22:19:31.929Z,2026-09-30T07:21:07.859Z,5
DEMO-DEV-5460,480,2022-10-01T15:43:30.319Z,2026-09-25T19:03:10.026Z,7
DEMO-DEV-5615,480,2022-10-02T17:06:44.352Z,2026-09-25T20:50:31.190Z,7
DEMO-DEV-5745,480,2022-10-04T02:28:06.173Z,2026-09-30T06:00:02.653Z,7
DEMO-DEV-5809,480,2022-10-03T17:52:15.289Z,2026-09-29T10:10:42.403Z,6
DEMO-DEV-5825,480,2022-10-02T19:45:46.345Z,2026-09-29T01:47:23.307Z,6
DEMO-DEV-5940,480,2022-10-05T05:24:32.160Z,2026-09-28T00:36:32.192Z,7
DEMO-DEV-6042,480,2022-10-04T20:46:55.915Z,2026-09-28T08:38:58.307Z,7
DEMO-DEV-6054,480,2022-10-07T01:01:07.120Z,2026-09-28T14:42:28.655Z,7
DEMO-DEV-6083,480,2022-10-02T16:20:16.636Z,2026-09-28T17:46:48.591Z,7
DEMO-DEV-6192,480,2022-10-06T04:26:51.803Z,2026-09-29T13:24:50.702Z,7
DEMO-DEV-6233,480,2022-10-03T00:49:52.139Z,2026-09-29T04:40:52.891Z,6
DEMO-DEV-6240,480,2022-10-09T22:54:05.597Z,2026-09-27T06:22:29.556Z,6
DEMO-DEV-6374,480,2022-10-03T07:06:07.218Z,2026-09-28T00:42:10.914Z,7
DEMO-DEV-6481,480,2022-10-02T07:26:59.969Z,2026-09-29T20:42:10.851Z,7
DEMO-DEV-6489,480,2022-10-06T08:11:00.040Z,2026-09-29T17:49:59.843Z,7
DEMO-DEV-6530,480,2022-10-03T02:11:34.289Z,2026-09-29T15:22:11.948Z,6
DEMO-DEV-6599,480,2022-10-11T17:42:48.891Z,2026-09-26T05:57:07.045Z,7
DEMO-DEV-6613,480,2022-10-04T11:24:26.735Z,2026-09-28T19:00:19.073Z,7
DEMO-DEV-6644,480,2022-10-02T16:37:40.485Z,2026-09-25T17:48:58.370Z,7
DEMO-DEV-6737,480,2022-10-06T07:34:10.793Z,2026-09-29T01:56:45.503Z,7
DEMO-DEV-6777,480,2022-10-02T11:39:10.026Z,2026-09-30T02:20:17.291Z,6
DEMO-DEV-6797,480,2022-10-10T21:32:09.668Z,2026-09-25T19:08:58.470Z,7
DEMO-DEV-7135,480,2022-10-01T18:30:42.221Z,2026-09-29T22:19:19.183Z,6
DEMO-DEV-7369,480,2022-10-03T10:41:33.863Z,2026-09-20T11:13:15.250Z,6
DEMO-DEV-7393,480,2022-10-01T13:36:35.443Z,2026-09-27T06:42:22.915Z,7
DEMO-DEV-7421,480,2022-10-01T23:30:39.365Z,2026-09-28T10:38:17.038Z,6
DEMO-DEV-7456,480,2022-10-02T16:56:10.500Z,2026-09-28T00:36:26.738Z,6
DEMO-DEV-7584,480,2022-10-03T04:34:27.068Z,2026-09-21T19:07:45.208Z,7
DEMO-DEV-7615,480,2022-10-06T20:40:21.524Z,2026-09-25T01:37:12.915Z,7
DEMO-DEV-7728,480,2022-10-04T18:43:57.226Z,2026-09-27T14:18:41.612Z,6
DEMO-DEV-7754,480,2022-10-04T02:25:12.825Z,2026-09-19T19:27:35.839Z,7
DEMO-DEV-7792,480,2022-10-03T04:36:32.015Z,2026-09-27T23:36:40.319Z,6
DEMO-DEV-8109,480,2022-10-02T03:04:46.868Z,2026-09-28T04:08:29.080Z,7
DEMO-DEV-8263,480,2022-10-07T09:29:28.087Z,2026-09-27T16:23:49.884Z,7
DEMO-DEV-8328,480,2022-10-02T23:21:51.023Z,2026-09-30T01:25:13.204Z,7
DEMO-DEV-8482,480,2022-10-01T15:42:25.138Z,2026-09-29T10:03:04.968Z,7
DEMO-DEV-8568,480,2022-10-01T21:38:01.865Z,2026-09-29T13:53:08.218Z,6
DEMO-DEV-8613,480,2022-10-03T04:41:37.161Z,2026-09-28T23:49:45.014Z,6
DEMO-DEV-8817,480,2022-10-07T15:25:27.460Z,2026-09-26T18:08:46.307Z,7
DEMO-DEV-8841,480,2022-10-01T13:56:55.968Z,2026-09-29T11:50:09.692Z,7
DEMO-DEV-8922,480,2022-10-07T02:17:23.268Z,2026-09-29T21:06:05.806Z,7
DEMO-DEV-8985,480,2022-10-05T21:59:27.870Z,2026-09-24T18:09:53.391Z,6
DEMO-DEV-9089,480,2022-10-02T14:12:19.969Z,2026-09-29T12:38:17.870Z,6
DEMO-DEV-9214,480,2022-10-07T01:50:45.965Z,2026-09-29T14:53:56.203Z,6
DEMO-DEV-9218,480,2022-10-03T13:53:36.264Z,2026-09-25T09:11:56.161Z,6
DEMO-DEV-9297,480,2022-10-01T09:31:30.063Z,2026-09-26T19:48:58.692Z,6
DEMO-DEV-9419,480,2022-10-01T11:53:04.636Z,2026-09-29T12:10:12.646Z,6
DEMO-DEV-9438,480,2022-10-03T03:49:38.863Z,2026-09-26T04:18:04.913Z,6
DEMO-DEV-9623,480,2022-10-11T14:49:45.004Z,2026-09-30T00:38:45.302Z,6
DEMO-DEV-9654,480,2022-10-04T03:09:48.173Z,2026-09-26T11:45:49.236Z,7
DEMO-DEV-9663,480,2022-10-04T10:32:12.167Z,2026-09-28T22:21:55.784Z,7
DEMO-DEV-9675,480,2022-10-05T02:59:47.870Z,2026-09-28T23:31:42.948Z,6
DEMO-DEV-9928,480,2022-10-03T05:41:55.150Z,2026-09-27T20:17:46.291Z,7
DEMO-DEV-0006,479,2022-10-02T15:53:49.646Z,2026-09-28T20:50:19.442Z,6
DEMO-DEV-0107,479,2022-10-09T21:18:48.607Z,2026-09-25T11:53:13.523Z,6
DEMO-DEV-0237,479,2022-10-01T13:57:48.523Z,2026-09-27T10:47:31.287Z,7
DEMO-DEV-0280,479,2022-10-06T01:28:10.037Z,2026-09-28T06:21:40.287Z,7
DEMO-DEV-0314,479,2022-10-07T02:59:39.370Z,2026-09-19T13:17:12.208Z,6
DEMO-DEV-0315,479,2022-10-02T00:03:53.503Z,2026-09-29T16:40:13.653Z,6
DEMO-DEV-0327,479,2022-10-04T09:51:11.428Z,2026-09-20T17:56:15.167Z,7
DEMO-DEV-0445,479,2022-10-03T06:43:09.545Z,2026-09-27T18:46:14.493Z,6
DEMO-DEV-0516,479,2022-10-02T07:24:37.618Z,2026-09-29T08:57:39.368Z,6
DEMO-DEV-0533,479,2022-10-02T18:34:17.839Z,2026-09-29T00:30:27.365Z,7
DEMO-DEV-0720,479,2022-10-05T02:19:41.966Z,2026-09-30T06:55:44.173Z,6
DEMO-DEV-0749,479,2022-10-10T19:40:48.646Z,2026-09-29T16:27:51.870Z,6
DEMO-DEV-0824,479,2022-10-02T03:46:33.172Z,2026-09-29T10:30:06.555Z,6
DEMO-DEV-0858,479,2022-10-04T03:26:03.298Z,2026-09-28T15:47:52.224Z,7
DEMO-DEV-0958,479,2022-10-02T01:57:33.289Z,2026-09-29T01:36:07.884Z,6
DEMO-DEV-0989,479,2022-10-02T05:46:39.993Z,2026-09-28T02:49:57.500Z,7
DEMO-DEV-1158,479,2022-10-05T16:07:15.784Z,2026-09-28T19:15:46.618Z,6
DEMO-DEV-1173,479,2022-10-03T05:37:29.325Z,2026-09-29T00:56:19.865Z,6
DEMO-DEV-1220,479,2022-10-01T14:39:41.817Z,2026-09-28T17:34:39.402Z,6
DEMO-DEV-1247,479,2022-10-05T15:44:44.782Z,2026-09-25T15:29:44.365Z,7
DEMO-DEV-1278,479,2022-10-01T21:20:06.390Z,2026-09-30T04:13:58.710Z,6
DEMO-DEV-1313,479,2022-10-02T09:17:13.120Z,2026-09-29T18:52:56.366Z,7
DEMO-DEV-1390,479,2022-10-05T18:08:10.817Z,2026-09-28T12:16:45.658Z,7
DEMO-DEV-1515,479,2022-10-02T00:42:38.825Z,2026-09-24T22:34:38.403Z,7
DEMO-DEV-1527,479,2022-10-02T12:51:50.537Z,2026-09-30T02:11:15.409Z,5
DEMO-DEV-1531,479,2022-10-03T15:37:09.873Z,2026-09-28T05:00:14.851Z,7
DEMO-DEV-1541,479,2022-10-02T04:09:33.402Z,2026-09-29T02:39:58.466Z,7
DEMO-DEV-1606,479,2022-10-01T22:26:30.497Z,2026-09-30T06:23:35.738Z,6
DEMO-DEV-1799,479,2022-10-04T15:38:09.710Z,2026-09-29T18:29:14.989Z,7
DEMO-DEV-1904,479,2022-10-12T09:21:02.754Z,2026-09-29T23:22:45.949Z,7
DEMO-DEV-2058,479,2022-10-01T11:12:43.873Z,2026-09-21T09:46:00.864Z,7
DEMO-DEV-2609,479,2022-10-01T21:41:30.161Z,2026-09-28T10:48:23.535Z,7
DEMO-DEV-2629,479,2022-10-03T20:06:01.203Z,2026-09-25T05:38:29.877Z,7
DEMO-DEV-2720,479,2022-10-01T20:17:42.319Z,2026-09-29T17:40:55.915Z,6
DEMO-DEV-2797,479,2022-10-01T23:07:42.537Z,2026-09-29T04:16:15.219Z,7
DEMO-DEV-2955,479,2022-10-01T18:49:14.825Z,2026-09-29T23:37:13.203Z,6
DEMO-DEV-2960,479,2022-10-02T15:53:05.038Z,2026-09-27T00:33:39.190Z,6
DEMO-DEV-3041,479,2022-10-02T19:47:25.224Z,2026-09-30T05:54:45.189Z,7
DEMO-DEV-3052,479,2022-10-13T01:52:08.965Z,2026-09-24T21:44:21.646Z,5
DEMO-DEV-3253,479,2022-10-01T09:38:03.337Z,2026-09-30T07:12:12.646Z,7
DEMO-DEV-3288,479,2022-10-12T20:27:28.167Z,2026-09-22T04:30:51.710Z,7
DEMO-DEV-3366,479,2022-10-04T05:08:46.014Z,2026-09-27T09:46:56.394Z,7
DEMO-DEV-3384,479,2022-10-02T13:18:49.605Z,2026-09-26T19:09:57.511Z,7
DEMO-DEV-3385,479,2022-10-04T08:59:36.913Z,2026-09-29T12:33:36.913Z,7
DEMO-DEV-3554,479,2022-10-04T08:19:05.230Z,2026-09-20T19:17:14.913Z,7
DEMO-DEV-3694,479,2022-10-03T12:10:14.211Z,2026-09-26T21:21:35.403Z,7
DEMO-DEV-3789,479,2022-10-01T13:03:39.250Z,2026-09-29T09:57:08.288Z,7
DEMO-DEV-3838,479,2022-10-01T09:01:26.221Z,2026-09-29T08:00:02.462Z,6
DEMO-DEV-3926,479,2022-10-04T10:45:12.968Z,2026-09-23T18:25:56.428Z,6
DEMO-DEV-3942,479,2022-10-01T22:31:28.868Z,2026-09-20T22:36:57.537Z,7
DEMO-DEV-3967,479,2022-10-05T02:27:14.892Z,2026-09-27T07:31:55.989Z,6
DEMO-DEV-4024,479,2022-10-01T10:27:35.288Z,2026-09-30T04:10:49.455Z,7
DEMO-DEV-4112,479,2022-10-01T10:48:58.989Z,2026-09-27T20:25:19.692Z,7
DEMO-DEV-4171,479,2022-10-03T21:55:30.867Z,2026-09-29T12:58:43.648Z,7
DEMO-DEV-4196,479,2022-10-01T22:58:55.190Z,2026-09-25T07:14:38.782Z,5
DEMO-DEV-4198,479,2022-10-01T21:57:19.568Z,2026-09-27T11:46:12.446Z,7
DEMO-DEV-4272,479,2022-10-01T13:13:21.026Z,2026-09-25T06:40:40.599Z,7
DEMO-DEV-4294,479,2022-10-02T07:34:25.354Z,2026-09-28T16:22:03.865Z,7
DEMO-DEV-4434,479,2022-10-01T11:24:56.397Z,2026-09-27T04:24:13.205Z,7
DEMO-DEV-4445,479,2022-10-02T22:38:14.003Z,2026-09-30T02:57:02.446Z,6
DEMO-DEV-4502,479,2022-10-02T17:26:12.370Z,2026-09-28T12:44:09.513Z,7
DEMO-DEV-4551,479,2022-10-18T10:51:35.508Z,2026-09-26T04:48:08.851Z,7
DEMO-DEV-4584,479,2022-10-05T20:36:19.370Z,2026-09-25T18:10:22.004Z,7
DEMO-DEV-4597,479,2022-10-02T17:22:02.795Z,2026-09-27T06:32:17.038Z,6
DEMO-DEV-4617,479,2022-10-02T07:02:14.004Z,2026-09-29T13:56:25.824Z,7
DEMO-DEV-4730,479,2022-10-04T14:42:27.298Z,2026-09-27T16:22:46.057Z,7
DEMO-DEV-4763,479,2022-10-02T09:18:01.403Z,2026-09-28T22:38:43.155Z,6
DEMO-DEV-4780,479,2022-10-04T20:57:47.246Z,2026-09-29T23:37:19.989Z,7
DEMO-DEV-4785,479,2022-10-01T20:21:24.485Z,2026-09-29T21:16:10.688Z,7
DEMO-DEV-4805,479,2022-10-02T10:35:11.090Z,2026-09-27T00:17:48.655Z,6
DEMO-DEV-4831,479,2022-10-18T18:42:14.976Z,2026-09-26T01:20:38.612Z,6
DEMO-DEV-4938,479,2022-10-02T05:46:13.415Z,2026-09-29T11:01:28.337Z,7
DEMO-DEV-4957,479,2022-10-03T11:57:53.949Z,2026-09-27T16:41:42.799Z,7
DEMO-DEV-5197,479,2022-10-03T14:22:57.591Z,2026-09-28T07:30:11.264Z,7
DEMO-DEV-5226,479,2022-10-03T21:30:22.870Z,2026-09-27T04:27:04.234Z,7
DEMO-DEV-5232,479,2022-10-04T03:01:06.661Z,2026-09-26T13:29:58.545Z,7
DEMO-DEV-5328,479,2022-10-06T07:53:26.023Z,2026-09-29T04:01:16.394Z,7
DEMO-DEV-5485,479,2022-10-01T15:52:12.864Z,2026-09-22T10:12:29.578Z,6
DEMO-DEV-5801,479,2022-10-07T14:17:23.505Z,2026-09-29T23:56:40.003Z,7
DEMO-DEV-5849,479,2022-10-02T03:56:40.365Z,2026-09-30T02:44:39.785Z,7
DEMO-DEV-5918,479,2022-10-04T16:24:23.253Z,2026-09-29T02:47:09.702Z,6
DEMO-DEV-5943,479,2022-10-19T02:21:13.950Z,2026-09-30T05:21:16.409Z,7
DEMO-DEV-6336,479,2022-10-11T13:45:19.612Z,2026-09-29T00:21:46.165Z,6
DEMO-DEV-6353,479,2022-10-01T23:57:38.021Z,2026-09-22T09:06:14.168Z,7
DEMO-DEV-6381,479,2022-10-02T01:19:35.455Z,2026-09-26T22:38:55.735Z,7
DEMO-DEV-6454,479,2022-10-05T04:33:25.917Z,2026-09-29T23:21:38.291Z,7
DEMO-DEV-6775,479,2022-10-03T17:01:07.754Z,2026-09-27T14:51:05.868Z,6
DEMO-DEV-6828,479,2022-10-11T05:18:32.138Z,2026-09-28T04:51:36.189Z,6
DEMO-DEV-6858,479,2022-10-08T17:48:12.503Z,2026-09-28T05:40:18.985Z,7
DEMO-DEV-7093,479,2022-10-01T09:29:34.302Z,2026-09-26T03:25:21.365Z,7
DEMO-DEV-7227,479,2022-10-06T09:37:07.442Z,2026-09-30T01:37:12.714Z,7
DEMO-DEV-7230,479,2022-10-03T06:06:53.803Z,2026-09-29T12:02:14.150Z,6
DEMO-DEV-7303,479,2022-10-03T15:33:35.087Z,2026-09-28T23:31:55.636Z,7
DEMO-DEV-7398,479,2022-10-03T12:04:41.591Z,2026-09-28T20:03:04.500Z,7
DEMO-DEV-7463,479,2022-10-02T01:55:08.021Z,2026-09-24T05:33:39.969Z,7
DEMO-DEV-7477,479,2022-10-04T07:22:33.917Z,2026-09-08T20:52:29.568Z,7
DEMO-DEV-7497,479,2022-10-02T15:12:59.308Z,2026-09-21T19:28:04.222Z,6
DEMO-DEV-7567,479,2022-10-11T07:45:49.428Z,2026-09-24T07:31:20.370Z,7
DEMO-DEV-7606,479,2022-10-08T22:44:02.666Z,2026-09-29T00:30:49.535Z,7
DEMO-DEV-7683,479,2022-10-03T05:13:49.218Z,2026-09-28T09:07:47.584Z,7
DEMO-DEV-7685,479,2022-10-05T21:07:59.075Z,2026-09-29T00:18:14.965Z,7
DEMO-DEV-7975,479,2022-10-12T06:28:29.913Z,2026-09-29T13:20:34.203Z,7
DEMO-DEV-8466,479,2022-10-07T16:20:11.877Z,2026-09-28T18:16:52.455Z,7
DEMO-DEV-8532,479,2022-10-03T02:25:59.948Z,2026-09-24T17:19:15.026Z,7
DEMO-DEV-8565,479,2022-10-08T14:26:35.073Z,2026-09-18T08:21:53.891Z,6
DEMO-DEV-8740,479,2022-10-01T18:28:52.597Z,2026-09-25T22:48:36.639Z,7
DEMO-DEV-8755,479,2022-10-04T08:58:10.735Z,2026-09-25T20:45:51.224Z,7
DEMO-DEV-8767,479,2022-10-02T19:06:22.203Z,2026-09-26T20:48:30.864Z,6
DEMO-DEV-8864,479,2022-10-04T03:17:20.727Z,2026-09-26T04:59:19.160Z,7
DEMO-DEV-8925,479,2022-10-08T15:03:10.073Z,2026-09-29T23:21:36.584Z,7
DEMO-DEV-9020,479,2022-10-03T13:37:04.682Z,2026-09-25T04:52:01.370Z,7
DEMO-DEV-9090,479,2022-10-08T02:35:25.246Z,2026-09-28T20:13:04.646Z,7
DEMO-DEV-9179,479,2022-10-01T12:43:18.173Z,2026-09-28T23:56:30.792Z,7
DEMO-DEV-9347,479,2022-10-19T15:04:40.825Z,2026-09-26T05:33:44.291Z,6
DEMO-DEV-9557,479,2022-10-07T02:28:08.799Z,2026-09-29T17:54:11.969Z,6
DEMO-DEV-9738,479,2022-10-05T03:47:01.443Z,2026-09-29T19:21:59.160Z,7
DEMO-DEV-9774,479,2022-10-01T13:45:46.639Z,2026-09-30T04:41:43.123Z,6
DEMO-DEV-9893,479,2022-10-03T16:06:30.446Z,2026-09-23T21:30:10.778Z,7
DEMO-DEV-0292,478,2022-10-04T03:16:15.646Z,2026-09-29T03:23:25.470Z,6
DEMO-DEV-0306,478,2022-10-04T14:38:08.226Z,2026-09-29T11:38:08.646Z,7
DEMO-DEV-0422,478,2022-10-06T06:56:16.806Z,2026-09-24T13:47:00.466Z,7
DEMO-DEV-0442,478,2022-10-03T00:21:52.254Z,2026-09-28T15:27:13.218Z,7
DEMO-DEV-0546,478,2022-10-01T08:35:03.165Z,2026-09-29T03:53:25.289Z,6
DEMO-DEV-0554,478,2022-10-04T01:45:54.842Z,2026-09-30T03:20:14.825Z,7
DEMO-DEV-0648,478,2022-10-02T18:32:32.226Z,2026-09-30T06:20:36.252Z,7
DEMO-DEV-0651,478,2022-10-13T22:54:23.298Z,2026-09-27T15:52:13.026Z,6
DEMO-DEV-0781,478,2022-10-04T14:34:06.014Z,2026-09-29T11:26:25.252Z,7
DEMO-DEV-0849,478,2022-10-04T11:34:43.519Z,2026-09-27T23:09:46.974Z,7
DEMO-DEV-0982,478,2022-10-02T08:19:44.300Z,2026-09-23T20:13:33.183Z,7
DEMO-DEV-1107,478,2022-10-01T09:00:04.865Z,2026-09-18T01:47:56.792Z,7
DEMO-DEV-1125,478,2022-10-10T20:58:20.397Z,2026-09-30T03:38:20.370Z,6
DEMO-DEV-1136,478,2022-10-06T15:09:57.735Z,2026-09-24T11:39:43.727Z,7
DEMO-DEV-1140,478,2022-10-01T14:52:21.319Z,2026-09-29T03:03:38.702Z,6
DEMO-DEV-1584,478,2022-10-03T13:09:48.443Z,2026-09-25T22:03:32.555Z,7
DEMO-DEV-1638,478,2022-10-09T02:39:28.842Z,2026-09-29T00:57:24.493Z,6
DEMO-DEV-1761,478,2022-10-02T07:39:00.785Z,2026-09-30T02:04:14.636Z,6
DEMO-DEV-1811,478,2022-10-01T23:13:55.804Z,2026-09-24T16:57:01.442Z,7
DEMO-DEV-1919,478,2022-10-02T18:51:13.765Z,2026-09-28T14:15:54.868Z,7
DEMO-DEV-2091,478,2022-10-04T09:36:27.915Z,2026-09-26T07:00:17.493Z,7
DEMO-DEV-2103,478,2022-10-02T17:57:56.527Z,2026-09-29T04:19:23.253Z,7
DEMO-DEV-2149,478,2022-10-06T02:17:28.676Z,2026-09-29T10:28:32.605Z,7
DEMO-DEV-2202,478,2022-10-02T01:23:11.234Z,2026-09-28T21:32:26.302Z,7
DEMO-DEV-2256,478,2022-10-04T23:58:57.024Z,2026-09-27T09:44:43.892Z,7
DEMO-DEV-2383,478,2022-10-02T10:54:29.785Z,2026-09-29T05:39:25.863Z,6
DEMO-DEV-2497,478,2022-10-06T16:09:18.466Z,2026-09-29T21:39:26.337Z,6
DEMO-DEV-2641,478,2022-10-01T15:46:14.415Z,2026-09-24T23:35:50.045Z,6
DEMO-DEV-2857,478,2022-10-01T19:38:53.232Z,2026-09-29T03:42:40.612Z,7
DEMO-DEV-2944,478,2022-10-08T19:21:27.337Z,2026-09-29T15:04:02.668Z,7
DEMO-DEV-3151,478,2022-10-03T14:21:10.365Z,2026-09-27T03:58:09.868Z,7
DEMO-DEV-3619,478,2022-10-01T14:46:19.252Z,2026-09-29T08:51:34.090Z,7
DEMO-DEV-3663,478,2022-10-07T12:41:06.365Z,2026-09-30T05:41:06.272Z,7
DEMO-DEV-3950,478,2022-10-01T14:02:40.205Z,2026-09-28T09:50:21.568Z,6
DEMO-DEV-3965,478,2022-10-02T09:00:47.138Z,2026-09-26T06:33:50.068Z,6
DEMO-DEV-4061,478,2022-10-10T12:38:44.557Z,2026-09-22T05:56:02.173Z,7
DEMO-DEV-4069,478,2022-10-01T14:07:42.120Z,2026-09-28T02:29:39.027Z,7
DEMO-DEV-4215,478,2022-10-03T05:21:52.183Z,2026-09-28T22:12:08.208Z,5
DEMO-DEV-4245,478,2022-10-06T03:24:02.535Z,2026-09-29T18:18:31.087Z,7
DEMO-DEV-4250,478,2022-10-04T01:45:19.557Z,2026-09-29T00:35:46.485Z,7
DEMO-DEV-4340,478,2022-10-04T18:42:01.077Z,2026-09-27T04:28:18.443Z,6
DEMO-DEV-4361,478,2022-10-01T20:11:17.965Z,2026-09-21T18:37:00.204Z,6
DEMO-DEV-4381,478,2022-10-03T03:14:09.211Z,2026-09-30T02:02:07.370Z,6
DEMO-DEV-4446,478,2022-10-01T12:57:28.926Z,2026-09-28T20:29:46.139Z,6
DEMO-DEV-4558,478,2022-10-05T10:11:01.505Z,2026-09-28T05:46:07.843Z,6
DEMO-DEV-4560,478,2022-10-05T21:12:31.298Z,2026-09-30T03:39:38.250Z,7
DEMO-DEV-4715,478,2022-10-02T07:13:27.368Z,2026-09-27T12:11:42.354Z,7
DEMO-DEV-4910,478,2022-10-03T13:55:21.786Z,2026-09-30T03:36:49.974Z,7
DEMO-DEV-4961,478,2022-10-01T14:24:11.024Z,2026-09-29T02:52:12.368Z,7
DEMO-DEV-5165,478,2022-10-04T19:40:56.618Z,2026-09-27T17:49:14.087Z,7
DEMO-DEV-5415,478,2022-10-04T20:01:09.224Z,2026-09-29T10:58:53.511Z,6
DEMO-DEV-5423,478,2022-10-04T11:36:14.365Z,2026-09-28T12:32:37.636Z,7
DEMO-DEV-5534,478,2022-10-02T14:23:33.618Z,2026-09-23T01:52:36.929Z,6
DEMO-DEV-5548,478,2022-10-05T20:25:12.443Z,2026-09-23T21:24:35.189Z,6
DEMO-DEV-5571,478,2022-10-02T11:17:20.040Z,2026-09-21T19:53:55.246Z,7
DEMO-DEV-5588,478,2022-10-04T16:35:32.702Z,2026-09-30T06:53:20.466Z,7
DEMO-DEV-5600,478,2022-10-04T22:34:55.402Z,2026-09-24T07:11:58.597Z,7
DEMO-DEV-5642,478,2022-10-04T21:19:15.205Z,2026-09-30T05:30:04.836Z,6
DEMO-DEV-5881,478,2022-10-04T06:12:19.948Z,2026-09-29T01:56:30.648Z,7
DEMO-DEV-5939,478,2022-10-04T07:27:53.397Z,2026-09-28T16:18:49.024Z,6
DEMO-DEV-6000,478,2022-10-01T13:12:56.607Z,2026-09-30T03:28:07.505Z,6
DEMO-DEV-6196,478,2022-10-04T04:03:58.993Z,2026-09-26T01:35:55.354Z,6
DEMO-DEV-6319,478,2022-10-01T14:00:27.288Z,2026-09-25T21:30:05.841Z,6
DEMO-DEV-6399,478,2022-10-04T00:36:35.120Z,2026-09-29T02:06:14.254Z,6
DEMO-DEV-6425,478,2022-10-03T08:37:38.841Z,2026-09-26T01:53:39.989Z,7
DEMO-DEV-6594,478,2022-10-04T12:01:08.160Z,2026-09-29T08:09:56.068Z,6
DEMO-DEV-6603,478,2022-10-03T10:24:52.655Z,2026-09-23T09:14:54.167Z,7
DEMO-DEV-6695,478,2022-10-21T04:55:51.161Z,2026-09-27T22:13:31.676Z,6
DEMO-DEV-6707,478,2022-10-01T13:49:42.784Z,2026-09-28T15:46:53.443Z,6
DEMO-DEV-7035,478,2022-10-10T17:48:03.307Z,2026-09-23T13:06:03.443Z,7
DEMO-DEV-7251,478,2022-10-02T08:44:27.403Z,2026-09-30T03:17:22.287Z,6
DEMO-DEV-7265,478,2022-10-10T13:50:17.653Z,2026-09-26T21:43:35.557Z,7
DEMO-DEV-7304,478,2022-10-02T07:17:39.472Z,2026-09-29T03:47:39.508Z,7
DEMO-DEV-7508,478,2022-10-02T17:02:03.287Z,2026-09-28T11:22:49.298Z,7
DEMO-DEV-7511,478,2022-10-02T03:42:33.219Z,2026-09-26T04:21:10.087Z,7
DEMO-DEV-7553,478,2022-10-04T07:54:27.446Z,2026-09-29T14:09:52.508Z,7
DEMO-DEV-7718,478,2022-10-01T14:50:43.556Z,2026-09-27T14:40:43.892Z,7
DEMO-DEV-7720,478,2022-10-05T20:31:59.253Z,2026-09-28T12:32:29.470Z,7
DEMO-DEV-7812,478,2022-10-08T22:16:16.792Z,2026-09-30T07:36:01.843Z,7
DEMO-DEV-7866,478,2022-10-04T09:03:18.080Z,2026-09-23T21:04:43.026Z,6
DEMO-DEV-7896,478,2022-10-02T08:24:57.366Z,2026-09-27T14:31:09.272Z,7
DEMO-DEV-7897,478,2022-10-01T17:46:07.319Z,2026-09-30T01:58:00.150Z,7
DEMO-DEV-8209,478,2022-10-05T09:49:29.246Z,2026-09-28T03:36:18.302Z,7
DEMO-DEV-8215,478,2022-10-01T14:55:58.218Z,2026-09-29T11:35:47.612Z,7
DEMO-DEV-8515,478,2022-10-03T01:31:31.165Z,2026-09-30T04:42:25.298Z,6
DEMO-DEV-8693,478,2022-10-02T23:03:42.605Z,2026-09-25T02:04:19.190Z,6
DEMO-DEV-8811,478,2022-10-06T21:23:44.568Z,2026-09-28T06:33:24.584Z,7
DEMO-DEV-8815,478,2022-10-01T17:43:27.614Z,2026-09-27T05:28:29.493Z,7
DEMO-DEV-9013,478,2022-10-01T14:22:06.045Z,2026-09-28T08:11:04.646Z,6
DEMO-DEV-9025,478,2022-10-03T09:39:39.658Z,2026-09-28T19:46:08.298Z,7
DEMO-DEV-9039,478,2022-10-02T05:12:31.168Z,2026-09-29T11:09:38.661Z,7
DEMO-DEV-9086,478,2022-10-02T15:44:10.300Z,2026-09-27T10:25:55.391Z,6
DEMO-DEV-9219,478,2022-10-09T16:34:26.605Z,2026-09-30T00:31:11.785Z,6
DEMO-DEV-9277,478,2022-10-04T01:52:58.948Z,2026-09-27T14:04:15.926Z,7
DEMO-DEV-9446,478,2022-10-02T17:01:46.929Z,2026-09-29T14:19:10.668Z,6
DEMO-DEV-9519,478,2022-10-02T06:15:04.253Z,2026-09-24T18:04:02.966Z,6
DEMO-DEV-9530,478,2022-10-02T12:13:07.782Z,2026-09-27T02:02:20.021Z,7
DEMO-DEV-9590,478,2022-10-11T09:16:02.511Z,2026-09-28T14:27:14.839Z,7
DEMO-DEV-9691,478,2022-10-08T21:23:01.319Z,2026-09-28T14:22:44.799Z,7
DEMO-DEV-9734,478,2022-10-03T00:38:25.865Z,2026-09-24T21:03:12.557Z,6
DEMO-DEV-9931,478,2022-10-02T06:55:01.090Z,2026-09-26T23:35:09.676Z,7
DEMO-DEV-9932,478,2022-10-01T12:22:25.038Z,2026-09-28T11:48:45.795Z,7
DEMO-DEV-9964,478,2022-10-05T11:50:35.607Z,2026-09-29T22:37:21.366Z,7
DEMO-DEV-9998,478,2022-10-02T06:51:58.503Z,2026-09-23T09:14:28.702Z,7
DEMO-DEV-0345,477,2022-10-03T21:57:41.090Z,2026-09-30T02:09:10.806Z,7
DEMO-DEV-0500,477,2022-10-04T09:57:27.173Z,2026-09-29T08:07:05.307Z,7
DEMO-DEV-0625,477,2022-10-02T15:59:27.319Z,2026-09-28T02:10:58.792Z,7
DEMO-DEV-0666,477,2022-10-02T12:25:41.612Z,2026-09-20T03:45:05.409Z,6
DEMO-DEV-0761,477,2022-10-03T02:00:03.992Z,2026-09-26T18:35:36.803Z,7
DEMO-DEV-0821,477,2022-10-10T08:06:07.023Z,2026-09-28T04:22:54.841Z,6
DEMO-DEV-0826,477,2022-10-07T16:34:21.597Z,2026-09-21T00:12:07.584Z,7
DEMO-DEV-0827,477,2022-10-03T00:20:53.442Z,2026-09-28T06:06:19.692Z,6
DEMO-DEV-0995,477,2022-10-02T16:55:34.337Z,2026-09-30T00:29:08.992Z,7
DEMO-DEV-1552,477,2022-10-01T19:04:23.027Z,2026-09-29T04:41:15.264Z,7
DEMO-DEV-1612,477,2022-10-03T16:20:47.555Z,2026-09-29T05:29:21.891Z,7
DEMO-DEV-1656,477,2022-10-03T00:19:23.415Z,2026-09-29T09:32:01.236Z,6
DEMO-DEV-1781,477,2022-10-01T20:01:39.252Z,2026-09-29T21:10:21.370Z,7
DEMO-DEV-1783,477,2022-10-01T21:10:12.203Z,2026-09-26T21:18:59.646Z,6
DEMO-DEV-1956,477,2022-10-04T18:50:17.648Z,2026-09-29T05:38:05.120Z,7
DEMO-DEV-1976,477,2022-10-02T17:23:55.584Z,2026-09-27T02:01:35.354Z,6
DEMO-DEV-2180,477,2022-10-02T07:29:48.246Z,2026-09-28T06:17:09.232Z,7
DEMO-DEV-2301,477,2022-10-05T14:12:40.785Z,2026-09-29T13:27:48.503Z,7
DEMO-DEV-2493,477,2022-10-03T04:42:05.993Z,2026-09-28T22:36:00.785Z,7
DEMO-DEV-2496,477,2022-10-06T05:32:37.692Z,2026-09-29T19:54:21.365Z,7
DEMO-DEV-2501,477,2022-10-12T01:51:44.666Z,2026-09-28T03:27:59.948Z,6
DEMO-DEV-2518,477,2022-10-03T00:33:24.985Z,2026-09-28T19:07:58.786Z,6
DEMO-DEV-2929,477,2022-10-02T13:47:59.087Z,2026-09-25T10:47:42.357Z,6
DEMO-DEV-2947,477,2022-10-03T05:48:24.929Z,2026-09-26T09:03:36.192Z,7
DEMO-DEV-2963,477,2022-10-04T14:28:37.555Z,2026-09-30T06:46:58.428Z,7
DEMO-DEV-3004,477,2022-10-07T22:37:13.230Z,2026-09-25T17:21:15.535Z,6
DEMO-DEV-3009,477,2022-10-02T13:50:48.765Z,2026-09-30T05:47:09.409Z,7
DEMO-DEV-3048,477,2022-10-01T22:36:50.646Z,2026-09-24T10:01:40.612Z,7
DEMO-DEV-3191,477,2022-10-01T13:44:05.618Z,2026-09-26T06:08:11.948Z,6
DEMO-DEV-3565,477,2022-10-09T11:52:40.287Z,2026-09-23T17:31:07.926Z,6
DEMO-DEV-3596,477,2022-10-02T13:03:41.460Z,2026-09-21T20:03:07.391Z,6
DEMO-DEV-3604,477,2022-10-03T03:49:57.503Z,2026-09-27T01:26:38.523Z,7
DEMO-DEV-3625,477,2022-10-12T06:19:59.409Z,2026-09-23T21:12:47.370Z,7
DEMO-DEV-3653,477,2022-10-04T17:34:20.455Z,2026-09-27T20:47:46.519Z,7
DEMO-DEV-3790,477,2022-10-02T18:47:46.948Z,2026-09-26T20:27:10.470Z,7
DEMO-DEV-3804,477,2022-10-07T09:21:25.325Z,2026-09-29T16:21:45.511Z,7
DEMO-DEV-3907,477,2022-10-02T03:44:47.867Z,2026-09-30T03:29:12.415Z,7
DEMO-DEV-3908,477,2022-10-09T03:29:42.926Z,2026-09-28T19:18:35.785Z,6
DEMO-DEV-4048,477,2022-10-01T15:58:48.885Z,2026-09-28T11:02:36.784Z,7
DEMO-DEV-4114,477,2022-10-02T01:05:45.192Z,2026-09-26T17:15:47.497Z,7
DEMO-DEV-4334,477,2022-10-03T08:18:50.614Z,2026-09-29T20:24:51.975Z,7
DEMO-DEV-4335,477,2022-10-02T13:55:09.948Z,2026-09-26T04:51:33.765Z,7
DEMO-DEV-4649,477,2022-10-05T06:23:22.948Z,2026-09-28T06:13:56.319Z,6
DEMO-DEV-4744,477,2022-10-04T06:56:22.785Z,2026-09-26T08:29:40.879Z,7
DEMO-DEV-4833,477,2022-10-03T13:00:15.682Z,2026-09-27T20:16:40.511Z,7
DEMO-DEV-4942,477,2022-10-02T03:18:04.816Z,2026-09-29T23:11:03.300Z,7
DEMO-DEV-5032,477,2022-10-07T15:39:20.752Z,2026-09-28T06:31:53.165Z,7
DEMO-DEV-5048,477,2022-10-03T23:33:23.692Z,2026-09-29T13:00:34.785Z,6
DEMO-DEV-5064,477,2022-10-03T09:44:26.155Z,2026-09-24T08:25:00.676Z,7
DEMO-DEV-5079,477,2022-10-09T19:00:04.692Z,2026-09-21T18:30:40.976Z,7
DEMO-DEV-5186,477,2022-10-02T14:47:30.308Z,2026-09-20T15:51:49.843Z,6
DEMO-DEV-5293,477,2022-10-03T18:51:08.738Z,2026-09-30T00:04:46.614Z,7
DEMO-DEV-5365,477,2022-10-02T04:34:21.397Z,2026-09-26T14:32:30.727Z,6
DEMO-DEV-5609,477,2022-10-02T23:39:59.315Z,2026-09-28T00:10:06.225Z,7
DEMO-DEV-5626,477,2022-10-01T08:58:35.370Z,2026-09-29T19:51:43.816Z,6
DEMO-DEV-5686,477,2022-10-01T18:36:29.503Z,2026-09-17T00:39:56.428Z,6
DEMO-DEV-5703,477,2022-10-10T16:21:57.784Z,2026-09-29T01:54:37.965Z,7
DEMO-DEV-5772,477,2022-10-09T17:53:09.172Z,2026-09-25T13:13:36.535Z,7
DEMO-DEV-5912,477,2022-10-01T10:05:54.337Z,2026-09-27T16:27:07.387Z,7
DEMO-DEV-5938,477,2022-10-06T15:28:11.246Z,2026-09-29T16:01:27.824Z,7
DEMO-DEV-6020,477,2022-10-01T22:44:34.843Z,2026-09-29T04:36:17.428Z,6
DEMO-DEV-6113,477,2022-10-02T12:36:22.929Z,2026-09-18T13:37:21.298Z,7
DEMO-DEV-6208,477,2022-10-02T12:57:55.246Z,2026-09-26T22:10:21.816Z,6
DEMO-DEV-6235,477,2022-10-02T12:27:12.291Z,2026-09-28T04:58:59.218Z,7
DEMO-DEV-6294,477,2022-10-02T16:15:40.782Z,2026-09-26T13:00:28.234Z,7
DEMO-DEV-6355,477,2022-10-01T18:32:02.710Z,2026-09-28T08:40:41.917Z,7
DEMO-DEV-6443,477,2022-10-01T16:35:19.839Z,2026-09-27T01:16:41.172Z,6
DEMO-DEV-6503,477,2022-10-01T13:18:20.778Z,2026-09-28T13:16:08.511Z,7
DEMO-DEV-6782,477,2022-10-02T11:44:36.965Z,2026-09-29T23:00:05.865Z,6
DEMO-DEV-6812,477,2022-10-04T10:38:25.226Z,2026-09-30T00:40:50.455Z,6
DEMO-DEV-6820,477,2022-10-03T10:47:09.863Z,2026-09-26T03:02:25.714Z,6
DEMO-DEV-6834,477,2022-10-03T03:23:07.087Z,2026-09-23T02:09:48.877Z,6
DEMO-DEV-6980,477,2022-10-02T00:50:44.038Z,2026-09-26T19:56:53.337Z,6
DEMO-DEV-6982,477,2022-10-01T11:20:10.688Z,2026-09-29T06:38:38.782Z,7
DEMO-DEV-7096,477,2022-10-02T05:17:33.068Z,2026-09-27T06:29:04.917Z,6
DEMO-DEV-7124,477,2022-10-02T16:53:33.719Z,2026-09-29T11:58:26.782Z,6
DEMO-DEV-7153,477,2022-10-01T11:59:07.841Z,2026-09-29T19:25:22.519Z,7
DEMO-DEV-7182,477,2022-10-05T03:22:58.014Z,2026-09-28T14:03:43.658Z,6
DEMO-DEV-7349,477,2022-10-01T22:56:52.090Z,2026-09-26T20:17:54.075Z,7
DEMO-DEV-7353,477,2022-10-04T08:40:33.264Z,2026-09-29T01:08:05.057Z,5
DEMO-DEV-7362,477,2022-10-09T05:08:33.511Z,2026-09-26T14:13:50.974Z,7
DEMO-DEV-7536,477,2022-10-03T08:07:01.877Z,2026-09-29T05:15:33.073Z,7
DEMO-DEV-7638,477,2022-10-07T22:11:14.503Z,2026-09-28T22:23:25.666Z,6
DEMO-DEV-7675,477,2022-10-02T20:43:49.226Z,2026-09-28T12:11:38.160Z,6
DEMO-DEV-7751,477,2022-10-03T10:13:31.300Z,2026-09-28T22:12:00.004Z,7
DEMO-DEV-7943,477,2022-10-02T15:18:41.817Z,2026-09-29T01:24:35.455Z,6
DEMO-DEV-7945,477,2022-10-03T01:48:27.792Z,2026-09-26T15:41:51.843Z,7
DEMO-DEV-7963,477,2022-10-02T22:35:07.470Z,2026-09-27T02:24:51.264Z,7
DEMO-DEV-8030,477,2022-10-04T06:11:42.455Z,2026-09-28T20:45:26.648Z,7
DEMO-DEV-8120,477,2022-10-02T20:00:12.968Z,2026-09-24T08:25:36.015Z,6
DEMO-DEV-8316,477,2022-10-03T08:58:34.949Z,2026-09-30T04:30:18.519Z,7
DEMO-DEV-8353,477,2022-10-05T15:57:28.804Z,2026-09-28T16:11:16.868Z,6
DEMO-DEV-8537,477,2022-10-07T16:22:58.455Z,2026-09-25T08:24:09.090Z,6
DEMO-DEV-8555,477,2022-10-06T23:20:02.211Z,2026-09-28T00:35:35.682Z,7
DEMO-DEV-8559,477,2022-10-04T02:35:02.387Z,2026-09-25T09:20:56.172Z,7
DEMO-DEV-8661,477,2022-10-04T14:40:17.446Z,2026-09-28T12:20:17.387Z,6
DEMO-DEV-8688,477,2022-10-03T08:03:11.929Z,2026-09-29T07:18:24.172Z,7
DEMO-DEV-8729,477,2022-10-02T18:25:09.493Z,2026-09-26T06:06:37.688Z,7
DEMO-DEV-9228,477,2022-10-02T21:53:38.211Z,2026-09-29T16:47:09.891Z,7
DEMO-DEV-9400,477,2022-10-07T11:01:37.892Z,2026-09-29T02:58:51.524Z,6
DEMO-DEV-9502,477,2022-10-01T09:54:37.402Z,2026-09-27T06:48:08.298Z,7
DEMO-DEV-9507,477,2022-10-06T14:59:54.825Z,2026-09-28T11:11:15.409Z,6
DEMO-DEV-9516,477,2022-10-02T23:32:24.409Z,2026-09-29T09:33:39.891Z,6
DEMO-DEV-9608,477,2022-10-04T11:03:57.003Z,2026-09-28T17:29:37.503Z,6
DEMO-DEV-9612,477,2022-10-03T17:01:49.460Z,2026-09-25T06:17:47.816Z,7
DEMO-DEV-9683,477,2022-10-01T13:07:24.811Z,2026-09-28T21:55:29.578Z,7
DEMO-DEV-9730,477,2022-10-01T19:12:22.666Z,2026-09-28T21:12:46.863Z,7
DEMO-DEV-9804,477,2022-10-02T20:14:47.345Z,2026-09-25T23:19:09.859Z,7
DEMO-DEV-9823,477,2022-10-01T11:02:44.738Z,2026-09-23T01:58:25.793Z,7
DEMO-DEV-9906,477,2022-10-05T12:37:29.524Z,2026-09-29T16:56:13.173Z,6
DEMO-DEV-9954,477,2022-10-01T10:19:15.976Z,2026-09-29T23:02:49.134Z,6
DEMO-DEV-9972,477,2022-10-05T04:42:00.692Z,2026-09-30T07:44:20.825Z,6
DEMO-DEV-9981,477,2022-10-03T16:55:26.123Z,2026-09-25T20:44:34.655Z,7
DEMO-DEV-0038,476,2022-10-02T06:23:25.139Z,2026-09-23T10:50:58.870Z,7
DEMO-DEV-0341,476,2022-10-03T02:17:24.948Z,2026-09-29T13:54:01.545Z,7
DEMO-DEV-0428,476,2022-10-01T23:34:57.038Z,2026-09-30T01:53:29.460Z,7
DEMO-DEV-0446,476,2022-10-05T16:30:54.337Z,2026-09-29T17:39:42.929Z,7
DEMO-DEV-0548,476,2022-10-05T09:57:42.752Z,2026-09-28T00:17:18.877Z,7
DEMO-DEV-0600,476,2022-10-06T14:53:13.319Z,2026-09-29T23:11:17.568Z,7
DEMO-DEV-0647,476,2022-10-03T09:32:38.792Z,2026-09-29T18:16:50.646Z,7
DEMO-DEV-0822,476,2022-10-03T18:29:42.605Z,2026-09-20T12:37:19.867Z,6
DEMO-DEV-0852,476,2022-10-04T09:22:27.272Z,2026-09-27T19:22:04.165Z,7
DEMO-DEV-0907,476,2022-10-07T22:54:15.138Z,2026-09-26T05:55:12.811Z,7
DEMO-DEV-1055,476,2022-10-03T10:26:46.004Z,2026-09-27T02:48:25.222Z,7
DEMO-DEV-1143,476,2022-10-02T22:50:42.246Z,2026-09-25T15:48:09.511Z,7
DEMO-DEV-1219,476,2022-10-03T05:32:53.614Z,2026-09-29T11:13:14.505Z,6
DEMO-DEV-1243,476,2022-10-03T17:27:17.345Z,2026-09-26T16:01:13.485Z,7
DEMO-DEV-1312,476,2022-10-07T00:43:59.557Z,2026-09-21T06:10:58.926Z,7
DEMO-DEV-1439,476,2022-10-05T19:13:42.965Z,2026-09-25T06:39:57.786Z,6
DEMO-DEV-1470,476,2022-10-07T04:30:37.167Z,2026-09-27T04:26:37.989Z,7
DEMO-DEV-1615,476,2022-10-05T14:42:50.568Z,2026-09-20T22:19:49.415Z,7
DEMO-DEV-1666,476,2022-10-02T19:31:12.824Z,2026-09-28T09:30:46.968Z,6
DEMO-DEV-1768,476,2022-10-04T11:06:29.806Z,2026-09-30T05:13:49.272Z,6
DEMO-DEV-1920,476,2022-10-07T07:36:51.080Z,2026-09-28T00:05:42.308Z,7
DEMO-DEV-1929,476,2022-10-05T11:48:07.676Z,2026-09-28T23:55:30.778Z,6
DEMO-DEV-1970,476,2022-10-02T01:16:45.203Z,2026-09-29T03:45:17.926Z,7
DEMO-DEV-2151,476,2022-10-01T11:03:20.183Z,2026-09-24T05:27:50.639Z,7
DEMO-DEV-2350,476,2022-10-03T19:28:31.023Z,2026-09-28T21:17:45.218Z,7
DEMO-DEV-2405,476,2022-10-03T12:25:41.870Z,2026-09-30T00:10:30.014Z,7
DEMO-DEV-2432,476,2022-10-03T06:58:06.865Z,2026-09-29T07:58:07.989Z,6
DEMO-DEV-2453,476,2022-10-07T00:17:51.851Z,2026-09-28T08:51:38.508Z,7
DEMO-DEV-2630,476,2022-10-01T18:53:45.402Z,2026-09-29T10:31:26.455Z,5
DEMO-DEV-2676,476,2022-10-01T14:39:59.661Z,2026-09-24T20:23:45.308Z,6
DEMO-DEV-2678,476,2022-10-01T19:06:23.535Z,2026-09-28T13:04:46.272Z,7
DEMO-DEV-2683,476,2022-10-11T14:32:23.527Z,2026-09-30T00:26:35.607Z,6
DEMO-DEV-2842,476,2022-10-04T06:46:14.965Z,2026-09-29T00:09:57.527Z,7
DEMO-DEV-2959,476,2022-10-03T15:36:29.190Z,2026-09-28T15:03:25.120Z,7
DEMO-DEV-3070,476,2022-10-06T06:37:10.513Z,2026-09-29T08:58:58.250Z,6
DEMO-DEV-3339,476,2022-10-05T02:33:50.409Z,2026-09-26T08:28:57.172Z,7
DEMO-DEV-3404,476,2022-10-01T10:45:55.026Z,2026-09-27T08:12:22.455Z,7
DEMO-DEV-3433,476,2022-10-01T08:48:42.804Z,2026-09-23T22:04:04.230Z,7
DEMO-DEV-3715,476,2022-10-01T13:54:13.120Z,2026-09-26T18:43:46.428Z,7
DEMO-DEV-3724,476,2022-10-06T12:55:52.038Z,2026-09-27T04:54:44.368Z,7
DEMO-DEV-3890,476,2022-10-01T14:01:01.987Z,2026-09-28T22:16:31.403Z,7
DEMO-DEV-4041,476,2022-10-03T16:54:36.403Z,2026-09-27T14:06:53.165Z,6
DEMO-DEV-4146,476,2022-10-01T15:51:48.415Z,2026-09-27T05:33:14.915Z,6
DEMO-DEV-4177,476,2022-10-02T19:59:26.211Z,2026-09-28T23:41:16.778Z,6
DEMO-DEV-4191,476,2022-10-01T22:06:08.668Z,2026-09-11T20:48:51.015Z,7
DEMO-DEV-4362,476,2022-10-05T06:50:44.682Z,2026-09-26T09:20:26.004Z,7
DEMO-DEV-4528,476,2022-10-03T19:20:34.238Z,2026-09-29T13:55:13.038Z,7
DEMO-DEV-4747,476,2022-10-06T20:16:18.785Z,2026-09-29T07:44:43.203Z,7
DEMO-DEV-4767,476,2022-10-02T05:35:10.877Z,2026-09-26T19:39:58.985Z,7
DEMO-DEV-4952,476,2022-10-04T14:41:09.778Z,2026-09-28T15:35:49.948Z,7
DEMO-DEV-4990,476,2022-10-02T20:40:52.172Z,2026-09-29T20:47:20.470Z,6
DEMO-DEV-4998,476,2022-10-02T01:05:00.692Z,2026-09-23T22:44:33.969Z,7
DEMO-DEV-5092,476,2022-10-02T21:53:04.842Z,2026-09-27T01:00:25.298Z,7
DEMO-DEV-5113,476,2022-10-09T08:55:48.885Z,2026-09-26T16:51:45.639Z,6
DEMO-DEV-5184,476,2022-10-04T20:46:02.161Z,2026-09-29T03:50:37.368Z,7
DEMO-DEV-5231,476,2022-10-02T23:25:51.470Z,2026-09-27T16:41:37.239Z,7
DEMO-DEV-5315,476,2022-10-02T18:44:58.607Z,2026-09-25T13:05:50.864Z,6
DEMO-DEV-5377,476,2022-10-08T07:45:25.965Z,2026-09-29T19:42:43.646Z,7
DEMO-DEV-5492,476,2022-10-03T22:34:17.307Z,2026-09-29T22:13:53.190Z,5
DEMO-DEV-5557,476,2022-10-06T13:51:27.537Z,2026-09-21T19:29:34.989Z,7
DEMO-DEV-5573,476,2022-10-02T09:24:25.668Z,2026-09-29T07:22:03.968Z,7
DEMO-DEV-5695,476,2022-10-04T18:48:19.232Z,2026-09-29T04:45:27.307Z,7
DEMO-DEV-5746,476,2022-10-05T19:03:57.867Z,2026-09-27T14:02:35.253Z,7
DEMO-DEV-6013,476,2022-10-07T13:55:03.155Z,2026-09-30T01:42:58.232Z,6
DEMO-DEV-6471,476,2022-10-02T01:33:30.472Z,2026-09-22T01:57:00.026Z,7
DEMO-DEV-6676,476,2022-10-02T15:40:25.914Z,2026-09-28T17:02:02.966Z,7
DEMO-DEV-7167,476,2022-10-04T06:40:00.370Z,2026-09-30T06:58:47.120Z,7
DEMO-DEV-7184,476,2022-10-01T16:53:45.655Z,2026-09-29T12:23:00.556Z,7
DEMO-DEV-7196,476,2022-10-01T08:33:49.211Z,2026-09-26T00:43:17.846Z,6
DEMO-DEV-7313,476,2022-10-02T09:57:12.208Z,2026-09-28T02:59:07.846Z,6
DEMO-DEV-7470,476,2022-10-04T16:24:40.785Z,2026-09-25T14:07:55.172Z,6
DEMO-DEV-7552,476,2022-10-02T05:34:11.222Z,2026-09-28T15:57:56.167Z,7
DEMO-DEV-7621,476,2022-10-01T08:51:25.646Z,2026-09-19T14:22:15.578Z,7
DEMO-DEV-7652,476,2022-10-04T22:01:59.727Z,2026-09-23T01:17:26.003Z,7
DEMO-DEV-7740,476,2022-10-10T22:52:39.038Z,2026-09-28T03:09:14.555Z,7
DEMO-DEV-7901,476,2022-10-02T01:58:20.710Z,2026-09-27T17:42:58.915Z,7
DEMO-DEV-8261,476,2022-10-03T08:49:28.646Z,2026-09-27T18:35:13.836Z,6
DEMO-DEV-8337,476,2022-10-02T11:49:48.556Z,2026-09-26T00:21:53.508Z,6
DEMO-DEV-8422,476,2022-10-01T19:11:10.605Z,2026-09-25T18:54:44.354Z,6
DEMO-DEV-8456,476,2022-10-06T21:02:01.508Z,2026-09-28T17:00:48.524Z,7
DEMO-DEV-8477,476,2022-10-04T19:50:44.985Z,2026-09-24T21:48:34.221Z,6
DEMO-DEV-8705,476,2022-10-11T12:43:16.205Z,2026-09-29T08:53:39.325Z,7
DEMO-DEV-8721,476,2022-10-02T04:02:58.090Z,2026-09-28T23:13:49.782Z,6
DEMO-DEV-8742,476,2022-10-03T12:11:59.948Z,2026-09-27T22:58:53.817Z,7
DEMO-DEV-8764,476,2022-10-05T03:41:48.080Z,2026-09-29T05:58:15.513Z,7
DEMO-DEV-8838,476,2022-10-02T12:18:26.505Z,2026-09-28T04:12:28.219Z,6
DEMO-DEV-8858,476,2022-10-04T23:50:13.658Z,2026-09-29T18:51:10.885Z,6
DEMO-DEV-8947,476,2022-10-01T11:15:25.172Z,2026-09-30T01:38:25.160Z,7
DEMO-DEV-8964,476,2022-10-04T12:04:44.397Z,2026-09-25T10:14:11.391Z,7
DEMO-DEV-9395,476,2022-10-03T18:29:17.289Z,2026-09-28T04:15:05.394Z,6
DEMO-DEV-9430,476,2022-10-06T13:07:55.719Z,2026-09-25T19:48:12.167Z,7
DEMO-DEV-9453,476,2022-10-08T11:25:05.863Z,2026-09-26T08:27:08.968Z,6
DEMO-DEV-9479,476,2022-10-04T17:09:01.203Z,2026-09-29T20:11:04.778Z,6
DEMO-DEV-9547,476,2022-10-04T07:46:12.365Z,2026-09-29T07:18:44.138Z,7
DEMO-DEV-9753,476,2022-10-05T07:33:42.120Z,2026-09-26T18:31:34.913Z,6
DEMO-DEV-9763,476,2022-10-03T04:20:48.027Z,2026-09-27T19:27:28.123Z,6
DEMO-DEV-9794,476,2022-10-04T17:16:57.754Z,2026-09-29T07:13:07.892Z,7
DEMO-DEV-0110,475,2022-10-03T16:58:17.976Z,2026-09-28T01:39:33.738Z,7
DEMO-DEV-0117,475,2022-10-03T08:02:39.993Z,2026-09-25T14:59:01.325Z,6
DEMO-DEV-0182,475,2022-10-03T21:04:51.692Z,2026-09-29T08:45:55.503Z,6
DEMO-DEV-0201,475,2022-10-01T14:11:23.811Z,2026-09-29T00:06:21.021Z,6
DEMO-DEV-0208,475,2022-10-03T00:54:23.584Z,2026-09-30T05:44:58.817Z,6
DEMO-DEV-0262,475,2022-10-01T16:02:22.460Z,2026-09-26T12:47:55.307Z,6
DEMO-DEV-0551,475,2022-10-10T09:06:24.087Z,2026-09-28T02:25:53.208Z,7
DEMO-DEV-0561,475,2022-10-04T05:04:28.591Z,2026-09-27T19:49:54.352Z,7
DEMO-DEV-0738,475,2022-10-09T07:33:19.926Z,2026-09-30T07:35:57.003Z,7
DEMO-DEV-1015,475,2022-10-07T05:05:06.264Z,2026-09-29T23:02:24.208Z,6
DEMO-DEV-1051,475,2022-10-01T14:22:10.239Z,2026-09-29T08:44:28.403Z,6
DEMO-DEV-1077,475,2022-10-03T22:06:58.462Z,2026-09-25T12:26:31.929Z,7
DEMO-DEV-1397,475,2022-10-05T21:21:39.879Z,2026-09-22T02:50:25.264Z,7
DEMO-DEV-1630,475,2022-10-03T01:51:34.508Z,2026-09-26T18:53:23.026Z,6
DEMO-DEV-1760,475,2022-10-03T16:00:16.555Z,2026-09-28T20:11:26.865Z,7
DEMO-DEV-1763,475,2022-10-01T09:22:26.068Z,2026-09-27T05:53:02.470Z,7
DEMO-DEV-1874,475,2022-10-04T22:57:20.500Z,2026-09-25T18:12:47.045Z,7
DEMO-DEV-1896,475,2022-10-02T05:21:54.914Z,2026-09-30T05:00:51.253Z,6
DEMO-DEV-2015,475,2022-10-05T04:12:32.352Z,2026-09-27T13:20:24.063Z,7
DEMO-DEV-2198,475,2022-10-03T16:24:29.302Z,2026-09-14T02:17:07.605Z,7
DEMO-DEV-2329,475,2022-10-08T10:55:08.238Z,2026-09-30T02:21:12.655Z,6
DEMO-DEV-2536,475,2022-10-02T20:40:25.864Z,2026-09-21T21:52:36.914Z,6
DEMO-DEV-2546,475,2022-10-04T13:50:16.648Z,2026-09-22T16:05:53.929Z,7
DEMO-DEV-2695,475,2022-10-02T01:40:34.949Z,2026-09-28T15:05:53.288Z,6
DEMO-DEV-2725,475,2022-10-08T02:46:03.653Z,2026-09-27T08:33:57.557Z,7
DEMO-DEV-2762,475,2022-10-10T16:43:13.795Z,2026-09-26T03:25:32.308Z,7
DEMO-DEV-2902,475,2022-10-07T00:31:49.915Z,2026-09-29T04:52:04.710Z,7
DEMO-DEV-2956,475,2022-10-02T13:07:10.839Z,2026-09-29T18:23:49.023Z,7
DEMO-DEV-3051,475,2022-10-01T23:55:46.224Z,2026-09-29T23:12:43.859Z,6
DEMO-DEV-3118,475,2022-10-02T16:19:57.636Z,2026-09-29T20:14:03.391Z,7
DEMO-DEV-3141,475,2022-10-03T09:04:45.325Z,2026-09-26T20:40:08.527Z,6
DEMO-DEV-3223,475,2022-10-06T13:01:04.236Z,2026-09-26T07:19:40.402Z,7
DEMO-DEV-3308,475,2022-10-04T06:31:30.987Z,2026-09-23T07:04:09.026Z,6
DEMO-DEV-3409,475,2022-10-01T23:57:33.752Z,2026-09-27T06:20:00.403Z,7
DEMO-DEV-3584,475,2022-10-04T16:19:04.792Z,2026-09-29T07:31:55.390Z,5
DEMO-DEV-3592,475,2022-10-02T00:20:50.599Z,2026-09-28T06:13:18.646Z,7
DEMO-DEV-3618,475,2022-10-02T06:21:05.057Z,2026-09-29T14:32:43.087Z,6
DEMO-DEV-3672,475,2022-10-02T17:52:28.863Z,2026-09-29T21:17:43.075Z,6
DEMO-DEV-3722,475,2022-10-04T02:05:03.075Z,2026-09-28T23:27:06.842Z,6
DEMO-DEV-3742,475,2022-10-08T10:49:31.839Z,2026-09-24T09:36:30.738Z,6
DEMO-DEV-3822,475,2022-10-05T01:57:01.040Z,2026-09-25T11:18:24.825Z,7
DEMO-DEV-3854,475,2022-10-06T00:59:40.268Z,2026-09-22T03:46:03.337Z,7
DEMO-DEV-3864,475,2022-10-02T16:07:18.545Z,2026-09-29T08:57:45.087Z,7
DEMO-DEV-3873,475,2022-10-01T09:25:46.300Z,2026-09-27T20:13:04.503Z,7
DEMO-DEV-3968,475,2022-10-02T01:01:48.867Z,2026-09-26T07:22:24.289Z,7
DEMO-DEV-4150,475,2022-10-05T06:15:25.969Z,2026-09-27T05:27:28.926Z,6
DEMO-DEV-4226,475,2022-10-01T19:56:22.646Z,2026-09-29T18:48:27.390Z,7
DEMO-DEV-4268,475,2022-10-01T22:37:27.352Z,2026-09-28T06:07:49.077Z,6
DEMO-DEV-4306,475,2022-10-04T10:26:03.785Z,2026-09-25T05:21:46.786Z,6
DEMO-DEV-4389,475,2022-10-02T14:44:17.841Z,2026-09-29T17:35:34.123Z,7
DEMO-DEV-4804,475,2022-10-03T04:21:29.524Z,2026-09-23T15:56:39.027Z,6
DEMO-DEV-4813,475,2022-10-03T13:20:24.302Z,2026-09-29T03:25:43.806Z,7
DEMO-DEV-4931,475,2022-10-02T19:50:35.080Z,2026-09-18T09:58:26.218Z,7
DEMO-DEV-4956,475,2022-10-03T14:50:41.752Z,2026-09-13T20:49:23.291Z,7
DEMO-DEV-5115,475,2022-10-02T21:37:29.505Z,2026-09-26T05:43:29.851Z,6
DEMO-DEV-5133,475,2022-10-05T21:00:35.077Z,2026-09-29T13:15:29.727Z,6
DEMO-DEV-5205,475,2022-10-06T16:09:41.230Z,2026-09-28T13:57:51.218Z,6
DEMO-DEV-5228,475,2022-10-02T17:33:03.315Z,2026-09-29T04:12:53.319Z,6
DEMO-DEV-5270,475,2022-10-02T14:07:29.846Z,2026-09-28T15:30:31.702Z,6
DEMO-DEV-5296,475,2022-10-02T06:03:15.208Z,2026-09-29T09:49:38.024Z,6
DEMO-DEV-5360,475,2022-10-01T16:06:34.519Z,2026-09-26T15:54:54.614Z,6
DEMO-DEV-5505,475,2022-10-01T13:06:06.950Z,2026-09-26T10:16:46.357Z,7
DEMO-DEV-5706,475,2022-10-02T09:27:59.568Z,2026-09-23T18:11:08.192Z,7
DEMO-DEV-5876,475,2022-10-06T22:06:15.232Z,2026-09-28T14:11:28.719Z,7
DEMO-DEV-6088,475,2022-10-02T13:26:53.352Z,2026-09-29T12:49:47.557Z,6
DEMO-DEV-6244,475,2022-10-03T21:46:56.839Z,2026-09-26T04:28:09.368Z,7
DEMO-DEV-6264,475,2022-10-02T12:53:05.428Z,2026-09-29T15:16:36.218Z,7
DEMO-DEV-6307,475,2022-10-02T20:49:51.226Z,2026-09-27T12:57:32.460Z,6
DEMO-DEV-6364,475,2022-10-01T19:19:22.023Z,2026-09-23T18:12:28.183Z,5
DEMO-DEV-6421,475,2022-10-02T21:57:09.352Z,2026-09-27T04:36:13.352Z,6
DEMO-DEV-6486,475,2022-10-04T01:16:52.599Z,2026-09-29T17:49:31.503Z,7
DEMO-DEV-6658,475,2022-10-05T00:44:03.403Z,2026-09-27T06:20:41.864Z,7
DEMO-DEV-6699,475,2022-10-06T00:54:04.816Z,2026-09-29T10:25:25.839Z,7
DEMO-DEV-6738,475,2022-10-03T00:04:23.752Z,2026-09-29T21:12:40.021Z,7
DEMO-DEV-6749,475,2022-10-03T04:39:31.985Z,2026-09-23T18:13:01.655Z,6
DEMO-DEV-6835,475,2022-10-02T15:38:37.892Z,2026-09-28T00:55:04.403Z,6
DEMO-DEV-7010,475,2022-10-01T13:14:11.073Z,2026-09-27T23:33:55.253Z,7
DEMO-DEV-7023,475,2022-10-04T13:46:50.493Z,2026-09-27T21:35:50.891Z,6
DEMO-DEV-7170,475,2022-10-16T12:59:22.087Z,2026-09-27T04:19:19.976Z,5
DEMO-DEV-7175,475,2022-10-04T16:39:27.428Z,2026-09-27T23:47:49.738Z,6
DEMO-DEV-7206,475,2022-10-03T15:55:07.804Z,2026-09-29T07:57:06.370Z,6
DEMO-DEV-7341,475,2022-10-04T00:50:46.497Z,2026-09-26T09:51:48.190Z,7
DEMO-DEV-7359,475,2022-10-05T13:16:27.027Z,2026-09-27T15:58:22.714Z,7
DEMO-DEV-7408,475,2022-10-03T13:57:46.555Z,2026-09-28T18:45:30.614Z,6
DEMO-DEV-7460,475,2022-10-01T11:34:08.365Z,2026-09-27T00:16:55.612Z,7
DEMO-DEV-7703,475,2022-10-04T19:18:53.203Z,2026-09-24T03:52:51.966Z,6
DEMO-DEV-7713,475,2022-10-01T12:37:39.719Z,2026-09-26T12:14:52.836Z,7
DEMO-DEV-7907,475,2022-10-07T21:53:00.253Z,2026-09-28T12:39:35.985Z,7
DEMO-DEV-8069,475,2022-10-03T08:13:26.710Z,2026-09-16T21:38:50.443Z,6
DEMO-DEV-8127,475,2022-10-04T23:07:54.466Z,2026-09-29T03:04:25.139Z,7
DEMO-DEV-8288,475,2022-10-03T06:50:48.948Z,2026-09-21T02:26:43.793Z,6
DEMO-DEV-8351,475,2022-10-04T23:05:42.443Z,2026-09-28T14:00:14.692Z,6
DEMO-DEV-8395,475,2022-10-08T20:49:30.607Z,2026-09-16T01:45:30.778Z,7
DEMO-DEV-8445,475,2022-10-02T14:26:36.873Z,2026-09-27T23:38:12.556Z,6
DEMO-DEV-8576,475,2022-10-09T01:15:25.026Z,2026-09-30T01:05:35.989Z,6
DEMO-DEV-8766,475,2022-10-01T16:29:14.291Z,2026-09-26T07:16:03.666Z,6
DEMO-DEV-8976,475,2022-10-04T10:14:03.172Z,2026-09-29T07:08:51.867Z,7
DEMO-DEV-9012,475,2022-10-01T16:12:18.287Z,2026-09-21T15:34:12.688Z,7
DEMO-DEV-9237,475,2022-10-03T13:22:10.618Z,2026-09-30T05:20:59.804Z,6
DEMO-DEV-9310,475,2022-10-03T05:52:21.658Z,2026-09-24T04:47:12.816Z,6
DEMO-DEV-9609,475,2022-10-03T13:59:01.040Z,2026-09-29T14:03:54.873Z,7
DEMO-DEV-9610,475,2022-10-01T12:26:35.068Z,2026-09-25T16:16:06.397Z,7
DEMO-DEV-9649,475,2022-10-10T00:04:54.719Z,2026-09-30T08:08:13.442Z,7
DEMO-DEV-9668,475,2022-10-06T11:22:43.139Z,2026-09-26T21:21:14.605Z,6
DEMO-DEV-9858,475,2022-10-05T12:37:33.976Z,2026-09-30T00:51:31.879Z,6
DEMO-DEV-9877,475,2022-10-02T22:54:39.325Z,2026-09-29T20:24:25.370Z,7
DEMO-DEV-0083,474,2022-10-01T18:40:35.394Z,2026-09-22T03:17:09.676Z,6
DEMO-DEV-0136,474,2022-10-03T02:36:13.442Z,2026-09-29T22:21:49.167Z,7
DEMO-DEV-0167,474,2022-10-09T22:30:39.950Z,2026-09-23T21:01:27.863Z,7
DEMO-DEV-0393,474,2022-10-10T18:08:45.428Z,2026-09-27T23:31:23.913Z,7
DEMO-DEV-0452,474,2022-10-06T22:57:02.968Z,2026-09-28T14:23:11.597Z,6
DEMO-DEV-0531,474,2022-10-02T14:33:00.287Z,2026-09-29T14:51:19.870Z,6
DEMO-DEV-0611,474,2022-10-01T10:34:10.246Z,2026-09-29T18:20:27.253Z,7
DEMO-DEV-0665,474,2022-10-02T23:40:56.873Z,2026-09-28T10:51:03.063Z,7
DEMO-DEV-0719,474,2022-10-03T20:04:00.428Z,2026-09-28T23:56:52.167Z,6
DEMO-DEV-0869,474,2022-10-02T05:56:00.038Z,2026-09-29T11:29:00.727Z,7
DEMO-DEV-0944,474,2022-10-01T20:04:27.268Z,2026-09-23T13:03:12.799Z,7
DEMO-DEV-0999,474,2022-10-02T09:41:51.192Z,2026-09-30T04:49:03.238Z,5
DEMO-DEV-1123,474,2022-10-08T18:49:22.738Z,2026-09-25T08:13:47.841Z,7
DEMO-DEV-1164,474,2022-10-01T10:30:59.754Z,2026-09-29T21:58:51.816Z,5
DEMO-DEV-1415,474,2022-10-04T21:04:16.817Z,2026-09-27T20:20:56.160Z,7
DEMO-DEV-1422,474,2022-10-07T21:51:15.298Z,2026-09-24T12:21:28.368Z,7
DEMO-DEV-1481,474,2022-10-03T06:09:22.354Z,2026-09-29T00:23:25.799Z,6
DEMO-DEV-1526,474,2022-10-01T22:23:44.253Z,2026-09-30T06:58:23.239Z,6
DEMO-DEV-1691,474,2022-10-02T06:47:45.710Z,2026-09-21T02:40:33.172Z,7
DEMO-DEV-1863,474,2022-10-01T18:31:31.948Z,2026-09-29T07:44:00.365Z,7
DEMO-DEV-1893,474,2022-10-03T02:14:12.993Z,2026-09-20T04:52:17.859Z,6
DEMO-DEV-1894,474,2022-10-06T03:38:28.391Z,2026-09-29T00:19:59.472Z,6
DEMO-DEV-1899,474,2022-10-02T17:47:10.168Z,2026-09-28T09:52:56.090Z,6
DEMO-DEV-1951,474,2022-10-01T12:50:03.851Z,2026-09-25T15:28:31.250Z,6
DEMO-DEV-1987,474,2022-10-13T03:26:53.519Z,2026-09-25T18:54:41.004Z,7
DEMO-DEV-2472,474,2022-10-06T03:19:53.555Z,2026-09-29T20:56:39.203Z,7
DEMO-DEV-2515,474,2022-10-04T16:27:09.203Z,2026-09-22T12:55:24.497Z,6
DEMO-DEV-2530,474,2022-10-04T16:08:53.535Z,2026-09-30T05:37:12.989Z,7
DEMO-DEV-2747,474,2022-10-11T18:16:19.073Z,2026-09-30T02:46:10.646Z,6
DEMO-DEV-2777,474,2022-10-01T21:57:00.123Z,2026-09-23T16:14:48.004Z,7
DEMO-DEV-3040,474,2022-10-04T08:09:29.948Z,2026-09-27T22:13:09.658Z,7
DEMO-DEV-3044,474,2022-10-05T07:03:03.976Z,2026-09-27T22:07:23.792Z,7
DEMO-DEV-3443,474,2022-10-01T20:32:28.870Z,2026-09-24T16:22:59.786Z,7
DEMO-DEV-3444,474,2022-10-03T10:37:39.811Z,2026-09-29T11:03:38.370Z,7
DEMO-DEV-3617,474,2022-10-02T17:45:10.867Z,2026-09-27T17:24:01.870Z,6
DEMO-DEV-3683,474,2022-10-05T04:23:10.929Z,2026-09-29T19:10:38.555Z,6
DEMO-DEV-3762,474,2022-10-09T18:42:58.460Z,2026-09-28T01:28:42.914Z,6
DEMO-DEV-3780,474,2022-10-04T07:18:13.804Z,2026-09-29T00:48:14.167Z,7
DEMO-DEV-3788,474,2022-10-03T06:26:01.226Z,2026-09-13T07:37:42.992Z,7
DEMO-DEV-3851,474,2022-10-06T15:58:25.470Z,2026-09-28T13:44:50.038Z,7
DEMO-DEV-4003,474,2022-10-05T19:10:25.597Z,2026-09-19T19:27:50.597Z,6
DEMO-DEV-4082,474,2022-10-02T19:04:17.222Z,2026-09-28T05:14:18.505Z,6
DEMO-DEV-4098,474,2022-10-11T21:25:50.497Z,2026-09-30T07:53:11.234Z,6
DEMO-DEV-4154,474,2022-10-03T15:39:07.134Z,2026-09-29T01:13:35.537Z,6
DEMO-DEV-4184,474,2022-10-11T17:51:03.884Z,2026-09-29T05:18:41.987Z,7
DEMO-DEV-4329,474,2022-10-03T02:09:56.120Z,2026-09-24T18:00:57.446Z,7
DEMO-DEV-4494,474,2022-10-03T05:51:44.397Z,2026-09-29T09:32:49.003Z,7
DEMO-DEV-4500,474,2022-10-05T05:37:14.786Z,2026-09-30T01:52:05.403Z,6
DEMO-DEV-4694,474,2022-10-02T17:32:17.523Z,2026-09-27T03:44:23.965Z,6
DEMO-DEV-4755,474,2022-10-07T04:13:05.778Z,2026-09-27T02:20:43.264Z,7
DEMO-DEV-4967,474,2022-10-01T12:25:46.859Z,2026-09-29T12:22:24.987Z,7
DEMO-DEV-4971,474,2022-10-05T18:22:31.442Z,2026-09-25T15:19:00.387Z,5
DEMO-DEV-5039,474,2022-10-02T08:37:27.057Z,2026-09-26T11:21:54.864Z,7
DEMO-DEV-5206,474,2022-10-02T11:15:11.929Z,2026-09-26T02:05:12.926Z,6
DEMO-DEV-5284,474,2022-10-03T19:55:32.225Z,2026-09-27T21:32:46.842Z,7
DEMO-DEV-5319,474,2022-10-03T03:05:21.038Z,2026-09-24T20:53:06.639Z,7
DEMO-DEV-5502,474,2022-10-07T22:16:05.591Z,2026-09-30T04:05:54.948Z,7
DEMO-DEV-5948,474,2022-10-04T14:14:16.513Z,2026-09-26T09:17:13.203Z,7
DEMO-DEV-6022,474,2022-10-03T20:41:49.989Z,2026-09-25T17:15:02.607Z,7
DEMO-DEV-6052,474,2022-10-03T09:45:39.949Z,2026-09-26T12:46:18.352Z,6
DEMO-DEV-6177,474,2022-10-02T14:16:20.205Z,2026-09-29T04:06:16.985Z,7
DEMO-DEV-6713,474,2022-10-03T04:30:30.885Z,2026-09-29T21:26:21.354Z,7
DEMO-DEV-6742,474,2022-10-14T15:01:05.948Z,2026-09-26T23:12:10.462Z,6
DEMO-DEV-6863,474,2022-10-02T11:47:55.040Z,2026-09-29T11:56:24.493Z,7
DEMO-DEV-6900,474,2022-10-09T10:38:54.368Z,2026-09-28T08:09:15.929Z,6
DEMO-DEV-6933,474,2022-10-02T04:01:03.087Z,2026-09-30T02:50:44.428Z,7
DEMO-DEV-6940,474,2022-10-05T02:02:39.134Z,2026-09-30T06:23:35.238Z,6
DEMO-DEV-7104,474,2022-10-01T23:42:26.785Z,2026-09-26T05:25:02.225Z,7
DEMO-DEV-7284,474,2022-10-02T23:37:48.778Z,2026-09-24T22:30:46.786Z,6
DEMO-DEV-7429,474,2022-10-03T11:07:42.503Z,2026-09-29T00:15:02.254Z,6
DEMO-DEV-7591,474,2022-10-01T22:59:05.077Z,2026-09-27T17:24:40.466Z,6
DEMO-DEV-7645,474,2022-10-02T04:04:39.472Z,2026-09-27T07:43:03.208Z,6
DEMO-DEV-7670,474,2022-10-01T19:15:42.537Z,2026-09-28T18:30:50.063Z,7
DEMO-DEV-7968,474,2022-10-04T22:03:53.485Z,2026-09-15T16:34:26.319Z,6
DEMO-DEV-8268,474,2022-10-08T09:06:56.298Z,2026-09-25T07:10:52.873Z,6
DEMO-DEV-8509,474,2022-10-03T13:21:59.655Z,2026-09-30T06:05:17.843Z,7
DEMO-DEV-8536,474,2022-10-01T11:55:07.666Z,2026-09-24T20:48:54.298Z,7
DEMO-DEV-8552,474,2022-10-03T04:27:42.120Z,2026-09-23T11:22:09.500Z,7
DEMO-DEV-8587,474,2022-10-01T20:34:12.160Z,2026-09-25T01:41:15.578Z,7
DEMO-DEV-8658,474,2022-10-03T21:57:05.648Z,2026-09-30T04:01:35.390Z,7
DEMO-DEV-9032,474,2022-10-01T19:35:17.584Z,2026-09-26T02:37:55.842Z,6
DEMO-DEV-9119,474,2022-10-03T00:18:20.578Z,2026-09-19T03:49:31.929Z,7
DEMO-DEV-9178,474,2022-10-01T20:31:12.470Z,2026-09-26T10:10:27.291Z,6
DEMO-DEV-9397,474,2022-10-04T02:21:19.232Z,2026-09-30T07:44:35.462Z,6
DEMO-DEV-9584,474,2022-10-04T03:22:00.646Z,2026-09-28T23:13:55.325Z,7
DEMO-DEV-9647,474,2022-10-06T19:45:03.817Z,2026-09-29T11:36:31.661Z,6
DEMO-DEV-9732,474,2022-10-01T10:06:00.965Z,2026-09-29T12:17:05.555Z,6
DEMO-DEV-9740,474,2022-10-02T10:24:20.387Z,2026-09-29T07:35:27.793Z,7
DEMO-DEV-9750,474,2022-10-03T05:42:52.913Z,2026-09-25T20:54:03.192Z,7
DEMO-DEV-9779,474,2022-10-09T05:56:31.537Z,2026-09-28T05:55:10.189Z,7
DEMO-DEV-9943,474,2022-10-04T01:55:20.466Z,2026-09-26T01:20:49.846Z,7
DEMO-DEV-9944,474,2022-10-02T08:42:38.612Z,2026-09-29T20:06:26.075Z,6
DEMO-DEV-0012,473,2022-10-01T12:40:29.075Z,2026-09-25T13:46:16.926Z,7
DEMO-DEV-0188,473,2022-10-04T00:42:17.168Z,2026-09-29T15:18:49.556Z,6
DEMO-DEV-0264,473,2022-10-01T08:35:00.993Z,2026-09-20T09:32:14.352Z,7
DEMO-DEV-0449,473,2022-10-05T14:31:13.976Z,2026-09-28T15:49:35.470Z,5
DEMO-DEV-0586,473,2022-10-01T09:31:46.839Z,2026-09-26T11:50:47.511Z,7
DEMO-DEV-0695,473,2022-10-02T05:19:44.524Z,2026-09-29T13:59:03.253Z,6
DEMO-DEV-0724,473,2022-10-05T08:26:48.442Z,2026-09-27T22:31:59.676Z,6
DEMO-DEV-0789,473,2022-10-09T14:27:48.239Z,2026-09-29T06:46:56.817Z,7
DEMO-DEV-0906,473,2022-10-01T10:59:26.508Z,2026-09-26T04:05:25.222Z,7
DEMO-DEV-1023,473,2022-10-03T08:45:46.524Z,2026-09-28T16:08:17.190Z,6
DEMO-DEV-1049,473,2022-10-07T00:52:40.949Z,2026-09-29T22:47:32.203Z,7
DEMO-DEV-1079,473,2022-10-04T19:08:51.719Z,2026-09-26T15:42:03.003Z,7
DEMO-DEV-1466,473,2022-10-07T14:11:10.929Z,2026-09-20T07:20:46.842Z,7
DEMO-DEV-1477,473,2022-10-01T18:26:19.658Z,2026-09-27T10:01:39.597Z,6
DEMO-DEV-1498,473,2022-10-02T08:17:07.841Z,2026-09-22T13:12:40.345Z,7
DEMO-DEV-1581,473,2022-10-05T12:53:44.785Z,2026-09-28T23:31:41.843Z,6
DEMO-DEV-1627,473,2022-10-04T17:19:36.754Z,2026-09-24T09:11:18.307Z,7
DEMO-DEV-1702,473,2022-10-03T02:02:09.676Z,2026-09-17T01:52:17.839Z,7
DEMO-DEV-1776,473,2022-10-05T18:56:22.230Z,2026-09-28T23:40:32.307Z,7
DEMO-DEV-1998,473,2022-10-03T20:56:07.914Z,2026-09-23T12:12:45.368Z,7
DEMO-DEV-2025,473,2022-10-05T01:21:44.917Z,2026-09-30T06:13:52.288Z,7
DEMO-DEV-2599,473,2022-10-09T14:05:11.555Z,2026-09-29T07:04:39.752Z,7
DEMO-DEV-2602,473,2022-10-04T06:35:02.915Z,2026-09-24T15:37:24.870Z,7
DEMO-DEV-2640,473,2022-10-02T08:49:41.160Z,2026-09-26T04:22:29.365Z,6
DEMO-DEV-2662,473,2022-10-03T19:07:53.352Z,2026-09-26T04:13:47.803Z,7
DEMO-DEV-2895,473,2022-10-03T02:46:37.612Z,2026-09-26T02:31:24.172Z,5
DEMO-DEV-3060,473,2022-10-08T02:17:04.636Z,2026-09-27T12:04:26.668Z,7
DEMO-DEV-3072,473,2022-10-01T15:02:51.719Z,2026-09-24T21:56:31.403Z,7
DEMO-DEV-3164,473,2022-10-02T02:35:28.735Z,2026-09-30T03:24:07.784Z,6
DEMO-DEV-3218,473,2022-10-07T15:04:45.879Z,2026-09-26T17:41:59.948Z,7
DEMO-DEV-3279,473,2022-10-03T16:22:42.639Z,2026-09-28T11:20:46.300Z,7
DEMO-DEV-3316,473,2022-10-02T02:44:49.057Z,2026-09-22T00:01:40.527Z,6
DEMO-DEV-3317,473,2022-10-02T05:18:34.352Z,2026-09-24T14:52:20.160Z,7
DEMO-DEV-3440,473,2022-10-04T02:18:46.120Z,2026-09-21T15:13:30.075Z,7
DEMO-DEV-3711,473,2022-10-02T04:24:29.804Z,2026-09-26T22:56:24.966Z,7
DEMO-DEV-4064,473,2022-10-05T21:23:38.390Z,2026-09-21T15:21:50.211Z,7
DEMO-DEV-4086,473,2022-10-01T11:50:25.239Z,2026-09-28T10:17:45.443Z,6
DEMO-DEV-4237,473,2022-10-04T00:11:36.370Z,2026-09-29T03:23:16.497Z,7
DEMO-DEV-4342,473,2022-10-01T14:17:27.508Z,2026-09-30T00:59:02.646Z,6
DEMO-DEV-4495,473,2022-10-07T15:15:07.075Z,2026-09-27T06:26:48.218Z,7
DEMO-DEV-4932,473,2022-10-05T08:45:28.298Z,2026-09-28T23:08:55.172Z,7
DEMO-DEV-5073,473,2022-10-03T05:58:23.428Z,2026-09-30T02:25:56.535Z,7
DEMO-DEV-5170,473,2022-10-04T23:24:45.710Z,2026-09-25T22:15:42.653Z,6
DEMO-DEV-5217,473,2022-10-03T22:48:45.863Z,2026-09-29T14:39:43.403Z,6
DEMO-DEV-5374,473,2022-10-09T14:07:44.203Z,2026-09-28T05:57:43.298Z,6
DEMO-DEV-5499,473,2022-10-10T12:46:30.226Z,2026-09-29T21:20:42.319Z,6
DEMO-DEV-5628,473,2022-10-02T03:22:51.752Z,2026-09-30T01:49:12.949Z,7
DEMO-DEV-5691,473,2022-10-18T19:29:39.063Z,2026-09-29T07:51:58.727Z,6
DEMO-DEV-5736,473,2022-10-01T13:21:26.365Z,2026-09-30T06:35:56.612Z,7
DEMO-DEV-5774,473,2022-10-02T20:43:50.950Z,2026-09-29T13:24:56.222Z,6
DEMO-DEV-6090,473,2022-10-11T16:38:51.607Z,2026-09-27T16:19:50.040Z,6
DEMO-DEV-6253,473,2022-10-03T10:20:53.702Z,2026-09-27T16:35:18.786Z,7
DEMO-DEV-6356,473,2022-10-02T21:30:24.989Z,2026-09-28T09:17:36.969Z,7
DEMO-DEV-6365,473,2022-10-04T02:09:21.026Z,2026-09-27T01:08:48.974Z,7
DEMO-DEV-6422,473,2022-10-02T19:31:29.218Z,2026-09-21T11:09:06.782Z,6
DEMO-DEV-6466,473,2022-10-03T22:27:36.646Z,2026-09-27T09:10:03.218Z,6
DEMO-DEV-6555,473,2022-10-02T21:18:43.597Z,2026-09-26T16:58:11.300Z,7
DEMO-DEV-6620,473,2022-10-08T06:33:41.225Z,2026-09-29T14:30:35.765Z,7
DEMO-DEV-6627,473,2022-10-01T11:16:01.219Z,2026-09-27T03:43:54.024Z,7
DEMO-DEV-6632,473,2022-10-02T14:38:28.068Z,2026-09-27T15:40:44.443Z,7
DEMO-DEV-6681,473,2022-10-04T00:26:10.397Z,2026-09-29T18:05:17.208Z,7
DEMO-DEV-6739,473,2022-10-02T15:33:23.172Z,2026-09-27T13:19:12.415Z,7
DEMO-DEV-6898,473,2022-10-04T00:10:07.682Z,2026-09-23T05:33:15.752Z,7
DEMO-DEV-7060,473,2022-10-02T18:47:50.975Z,2026-09-29T22:35:01.172Z,7
DEMO-DEV-7069,473,2022-10-09T21:05:34.308Z,2026-09-28T21:32:37.865Z,6
DEMO-DEV-7172,473,2022-10-03T08:47:53.839Z,2026-09-29T08:28:43.221Z,7
DEMO-DEV-7400,473,2022-10-02T06:48:50.264Z,2026-09-22T21:15:25.021Z,7
DEMO-DEV-7433,473,2022-10-06T10:27:18.023Z,2026-09-19T07:17:43.150Z,6
DEMO-DEV-7862,473,2022-10-02T13:47:18.470Z,2026-09-28T01:02:04.949Z,7
DEMO-DEV-8018,473,2022-10-04T22:07:35.139Z,2026-09-26T23:02:08.138Z,6
DEMO-DEV-8091,473,2022-10-11T12:22:14.884Z,2026-09-28T16:35:40.225Z,6
DEMO-DEV-8406,473,2022-10-02T05:37:09.795Z,2026-09-28T08:37:36.989Z,6
DEMO-DEV-8410,473,2022-10-04T00:24:24.183Z,2026-09-30T06:43:50.513Z,7
DEMO-DEV-8550,473,2022-10-05T14:41:19.485Z,2026-09-26T01:37:01.950Z,6
DEMO-DEV-8617,473,2022-10-01T13:58:59.315Z,2026-09-19T21:11:15.462Z,7
DEMO-DEV-8856,473,2022-10-01T21:35:59.618Z,2026-09-25T11:10:20.287Z,7
DEMO-DEV-9051,473,2022-10-06T02:31:40.948Z,2026-09-27T08:18:30.969Z,6
DEMO-DEV-9147,473,2022-10-08T18:09:42.605Z,2026-09-22T04:41:25.063Z,6
DEMO-DEV-9208,473,2022-10-08T00:51:15.865Z,2026-09-29T00:28:58.843Z,6
DEMO-DEV-9246,473,2022-10-01T16:18:54.892Z,2026-09-29T01:23:37.139Z,6
DEMO-DEV-9248,473,2022-10-04T00:32:03.873Z,2026-09-14T23:18:40.692Z,7
DEMO-DEV-9282,473,2022-10-03T10:24:04.607Z,2026-09-20T14:34:07.208Z,6
DEMO-DEV-9306,473,2022-10-01T22:57:44.368Z,2026-09-30T07:25:45.428Z,6
DEMO-DEV-9315,473,2022-10-04T14:01:04.987Z,2026-09-26T04:15:41.272Z,6
DEMO-DEV-9515,473,2022-10-06T03:07:11.403Z,2026-09-17T03:21:00.584Z,6
DEMO-DEV-9712,473,2022-10-01T17:26:09.614Z,2026-09-29T07:29:12.568Z,7
DEMO-DEV-9909,473,2022-10-01T15:18:01.607Z,2026-09-26T19:43:06.545Z,6
DEMO-DEV-9927,473,2022-10-02T04:09:26.442Z,2026-09-28T00:41:48.230Z,7
DEMO-DEV-0032,472,2022-10-07T03:21:27.161Z,2026-09-28T02:20:52.968Z,6
DEMO-DEV-0171,472,2022-10-04T15:31:01.319Z,2026-09-25T12:29:49.926Z,7
DEMO-DEV-0196,472,2022-10-03T15:07:31.989Z,2026-09-26T04:49:07.913Z,6
DEMO-DEV-0235,472,2022-10-03T22:14:45.442Z,2026-09-23T14:30:16.778Z,5
DEMO-DEV-0333,472,2022-10-12T14:19:39.557Z,2026-09-24T02:26:07.218Z,6
DEMO-DEV-0458,472,2022-10-01T22:17:24.080Z,2026-09-29T15:11:50.354Z,7
DEMO-DEV-0499,472,2022-10-01T21:53:31.646Z,2026-09-29T03:40:05.803Z,6
DEMO-DEV-0670,472,2022-10-19T11:51:27.778Z,2026-09-30T02:41:06.804Z,6
DEMO-DEV-0706,472,2022-10-02T18:59:12.692Z,2026-09-27T09:22:33.057Z,7
DEMO-DEV-0717,472,2022-10-06T14:01:16.968Z,2026-09-27T01:39:45.302Z,6
DEMO-DEV-0794,472,2022-10-01T15:22:06.702Z,2026-09-27T13:45:56.913Z,6
DEMO-DEV-0818,472,2022-10-11T14:25:03.205Z,2026-09-22T16:35:01.784Z,6
DEMO-DEV-0833,472,2022-10-01T15:37:14.778Z,2026-09-21T20:22:18.968Z,6
DEMO-DEV-0838,472,2022-10-01T22:15:25.752Z,2026-09-21T02:07:01.455Z,6
DEMO-DEV-0867,472,2022-10-01T16:24:30.804Z,2026-09-30T02:41:53.599Z,7
DEMO-DEV-0887,472,2022-10-01T14:15:58.914Z,2026-09-27T06:49:54.519Z,6
DEMO-DEV-0969,472,2022-10-02T15:40:57.063Z,2026-09-24T23:39:07.782Z,7
DEMO-DEV-10000,472,2022-10-15T00:28:45.173Z,2026-09-26T13:33:05.879Z,7
DEMO-DEV-1199,472,2022-10-02T05:23:31.804Z,2026-09-22T15:31:35.218Z,7
DEMO-DEV-1300,472,2022-10-01T21:43:33.493Z,2026-09-22T23:58:14.778Z,6
DEMO-DEV-1346,472,2022-10-04T05:30:13.038Z,2026-09-20T11:40:40.870Z,7
DEMO-DEV-1438,472,2022-10-04T04:53:14.203Z,2026-09-29T18:04:40.021Z,7
DEMO-DEV-1443,472,2022-10-02T11:27:49.337Z,2026-09-27T02:01:32.929Z,6
DEMO-DEV-1710,472,2022-10-04T11:39:54.702Z,2026-09-27T08:12:06.168Z,6
DEMO-DEV-1788,472,2022-10-02T08:05:01.040Z,2026-09-30T07:23:06.308Z,6
DEMO-DEV-2034,472,2022-10-04T21:39:07.077Z,2026-09-25T20:55:03.523Z,7
DEMO-DEV-2099,472,2022-10-10T12:09:14.272Z,2026-09-29T13:18:12.793Z,7
DEMO-DEV-2133,472,2022-10-03T05:41:29.535Z,2026-09-28T19:47:56.403Z,7
DEMO-DEV-2277,472,2022-10-01T19:57:50.974Z,2026-09-29T00:30:17.224Z,7
DEMO-DEV-2314,472,2022-10-01T09:50:23.204Z,2026-09-27T04:08:31.139Z,5
DEMO-DEV-2343,472,2022-10-01T10:29:46.792Z,2026-09-27T15:25:39.368Z,7
DEMO-DEV-2633,472,2022-10-03T10:18:46.397Z,2026-09-20T01:58:42.319Z,7
DEMO-DEV-2790,472,2022-10-01T23:20:42.288Z,2026-09-27T14:49:54.646Z,7
DEMO-DEV-2799,472,2022-10-01T12:36:20.843Z,2026-09-27T15:12:38.192Z,7
DEMO-DEV-3111,472,2022-10-04T00:13:53.505Z,2026-09-24T06:25:34.037Z,7
DEMO-DEV-3207,472,2022-10-07T17:45:09.224Z,2026-09-26T13:41:28.969Z,7
DEMO-DEV-3278,472,2022-10-01T18:00:34.302Z,2026-09-29T02:47:14.172Z,7
DEMO-DEV-3421,472,2022-10-03T15:53:36.226Z,2026-09-29T23:44:18.974Z,7
DEMO-DEV-3756,472,2022-10-07T08:11:50.646Z,2026-09-27T05:25:13.015Z,7
DEMO-DEV-3856,472,2022-10-02T19:51:23.268Z,2026-09-29T01:20:16.578Z,7
DEMO-DEV-3989,472,2022-10-02T14:09:39.648Z,2026-09-29T06:48:58.784Z,6
DEMO-DEV-4032,472,2022-10-13T21:10:13.584Z,2026-09-20T17:31:57.885Z,6
DEMO-DEV-4233,472,2022-10-09T03:34:27.472Z,2026-09-30T04:26:53.493Z,7
DEMO-DEV-4238,472,2022-10-01T18:54:29.236Z,2026-09-28T16:43:06.368Z,7
DEMO-DEV-4609,472,2022-10-03T00:49:41.913Z,2026-09-29T09:58:43.205Z,7
DEMO-DEV-4679,472,2022-10-02T04:30:55.354Z,2026-09-29T23:48:17.254Z,7
DEMO-DEV-4777,472,2022-10-02T10:08:12.987Z,2026-09-26T04:14:38.884Z,7
DEMO-DEV-4800,472,2022-10-01T18:03:28.682Z,2026-09-28T18:22:09.778Z,6
DEMO-DEV-4810,472,2022-10-02T02:05:13.505Z,2026-09-27T12:32:51.867Z,5
DEMO-DEV-4892,472,2022-10-02T08:28:00.975Z,2026-09-27T21:50:37.873Z,7
DEMO-DEV-4912,472,2022-10-01T21:40:47.863Z,2026-09-27T17:49:33.863Z,6
DEMO-DEV-5017,472,2022-10-03T12:07:37.948Z,2026-09-27T10:27:00.167Z,6
DEMO-DEV-5109,472,2022-10-04T10:18:29.443Z,2026-09-27T06:45:13.738Z,7
DEMO-DEV-5180,472,2022-10-04T17:06:11.892Z,2026-09-30T01:38:48.710Z,6
DEMO-DEV-5192,472,2022-10-04T21:59:26.765Z,2026-09-30T04:03:03.040Z,6
DEMO-DEV-5233,472,2022-10-03T20:34:24.470Z,2026-09-28T19:25:42.648Z,7
DEMO-DEV-5251,472,2022-10-02T08:03:39.226Z,2026-09-27T11:15:51.370Z,7
DEMO-DEV-5258,472,2022-10-05T14:14:12.205Z,2026-09-29T22:37:39.354Z,7
DEMO-DEV-5448,472,2022-10-03T22:49:50.268Z,2026-09-28T07:51:23.004Z,7
DEMO-DEV-5575,472,2022-10-05T14:28:41.859Z,2026-09-26T21:55:47.225Z,6
DEMO-DEV-5619,472,2022-10-11T16:39:52.287Z,2026-09-29T13:57:46.370Z,7
DEMO-DEV-5640,472,2022-10-01T21:54:32.442Z,2026-09-24T17:30:08.288Z,6
DEMO-DEV-5734,472,2022-10-03T00:44:06.183Z,2026-09-28T01:22:59.676Z,6
DEMO-DEV-6005,472,2022-10-01T14:45:58.817Z,2026-09-29T20:50:59.879Z,7
DEMO-DEV-6156,472,2022-10-02T13:59:06.778Z,2026-09-29T00:28:49.225Z,6
DEMO-DEV-6225,472,2022-10-02T14:59:41.545Z,2026-09-27T01:19:44.612Z,5
DEMO-DEV-6255,472,2022-10-04T19:22:28.190Z,2026-09-28T13:44:57.024Z,7
DEMO-DEV-6292,472,2022-10-02T01:18:31.250Z,2026-09-29T01:51:07.466Z,6
DEMO-DEV-6386,472,2022-10-05T14:35:29.646Z,2026-09-28T16:07:42.513Z,5
DEMO-DEV-6626,472,2022-10-01T10:31:14.714Z,2026-09-27T08:32:56.873Z,6
DEMO-DEV-6815,472,2022-10-01T18:14:48.264Z,2026-09-30T07:42:36.345Z,7
DEMO-DEV-7063,472,2022-10-12T09:46:44.508Z,2026-09-30T01:26:23.015Z,6
DEMO-DEV-7221,472,2022-10-01T16:18:51.782Z,2026-09-27T19:53:51.545Z,7
DEMO-DEV-7352,472,2022-10-07T05:15:35.841Z,2026-09-28T18:13:28.926Z,6
DEMO-DEV-7485,472,2022-10-02T02:04:35.639Z,2026-09-24T13:17:27.719Z,6
DEMO-DEV-7530,472,2022-10-05T11:51:52.618Z,2026-09-29T04:01:25.785Z,7
DEMO-DEV-7544,472,2022-10-01T16:38:26.203Z,2026-09-28T20:12:08.466Z,7
DEMO-DEV-7712,472,2022-10-01T18:01:22.795Z,2026-09-29T00:39:51.863Z,6
DEMO-DEV-7750,472,2022-10-03T11:59:08.254Z,2026-09-28T09:37:24.138Z,6
DEMO-DEV-8079,472,2022-10-01T12:57:30.239Z,2026-09-20T04:19:31.688Z,7
DEMO-DEV-8108,472,2022-10-02T10:57:55.676Z,2026-09-28T05:33:49.843Z,7
DEMO-DEV-8242,472,2022-10-06T22:18:31.073Z,2026-09-28T05:17:37.493Z,7
DEMO-DEV-8267,472,2022-10-08T09:24:01.014Z,2026-09-26T18:26:02.950Z,6
DEMO-DEV-8374,472,2022-10-02T17:31:28.038Z,2026-09-23T08:52:49.090Z,6
DEMO-DEV-8441,472,2022-10-04T08:18:04.785Z,2026-09-29T22:15:37.161Z,6
DEMO-DEV-8544,472,2022-10-03T03:13:35.087Z,2026-09-26T18:35:18.870Z,7
DEMO-DEV-8728,472,2022-10-02T12:07:06.618Z,2026-09-29T14:07:12.040Z,6
DEMO-DEV-8775,472,2022-10-05T19:21:15.597Z,2026-09-28T17:10:46.537Z,6
DEMO-DEV-9030,472,2022-10-02T07:44:35.325Z,2026-09-29T07:23:46.403Z,7
DEMO-DEV-9048,472,2022-10-04T22:32:08.836Z,2026-09-29T16:51:08.607Z,7
DEMO-DEV-9160,472,2022-10-05T11:55:14.204Z,2026-09-29T23:44:45.090Z,6
DEMO-DEV-9232,472,2022-10-02T05:21:07.403Z,2026-09-27T10:32:26.785Z,7
DEMO-DEV-9294,472,2022-10-01T13:23:27.879Z,2026-09-26T17:59:04.803Z,7
DEMO-DEV-9308,472,2022-10-01T10:21:35.648Z,2026-09-23T19:53:11.992Z,7
DEMO-DEV-9458,472,2022-10-03T15:03:45.926Z,2026-09-29T05:31:37.975Z,7
DEMO-DEV-9475,472,2022-10-04T04:44:13.230Z,2026-09-25T10:38:36.254Z,7
DEMO-DEV-9490,472,2022-10-01T08:53:42.843Z,2026-09-29T14:11:25.370Z,7
DEMO-DEV-9539,472,2022-10-04T06:50:32.337Z,2026-09-27T07:44:22.648Z,7
DEMO-DEV-9651,472,2022-10-03T00:15:36.524Z,2026-09-29T15:00:43.239Z,6
DEMO-DEV-9653,472,2022-10-05T21:15:58.319Z,2026-09-27T08:47:44.497Z,6
DEMO-DEV-9746,472,2022-10-02T03:52:01.080Z,2026-09-29T19:40:46.993Z,6
DEMO-DEV-9768,472,2022-10-04T04:21:48.307Z,2026-09-30T04:09:30.211Z,6
DEMO-DEV-9806,472,2022-10-05T05:24:21.719Z,2026-09-25T15:52:57.466Z,6
DEMO-DEV-9879,472,2022-10-03T09:33:04.727Z,2026-09-17T22:47:34.555Z,7
DEMO-DEV-0082,471,2022-10-04T10:24:52.038Z,2026-09-25T05:12:16.014Z,6
DEMO-DEV-0263,471,2022-10-03T04:57:48.676Z,2026-09-23T19:41:43.172Z,7
DEMO-DEV-0317,471,2022-10-02T03:43:36.870Z,2026-09-29T14:54:22.735Z,7
DEMO-DEV-0571,471,2022-10-04T07:14:33.778Z,2026-09-24T06:57:55.123Z,6
DEMO-DEV-0615,471,2022-10-02T17:00:17.653Z,2026-09-25T12:29:03.366Z,6
DEMO-DEV-0953,471,2022-10-02T03:21:57.161Z,2026-09-25T22:40:58.205Z,6
DEMO-DEV-0966,471,2022-10-03T21:07:12.636Z,2026-09-30T01:37:29.873Z,6
DEMO-DEV-1204,471,2022-10-02T05:32:50.352Z,2026-09-26T04:28:10.027Z,7
DEMO-DEV-1261,471,2022-10-02T08:41:36.714Z,2026-09-27T00:35:07.252Z,6
DEMO-DEV-1341,471,2022-10-02T15:24:15.172Z,2026-09-28T01:17:04.497Z,6
DEMO-DEV-1378,471,2022-10-01T09:08:50.442Z,2026-09-29T00:52:11.811Z,7
DEMO-DEV-1398,471,2022-10-08T00:30:47.555Z,2026-09-26T21:17:31.403Z,6
DEMO-DEV-1543,471,2022-10-02T15:04:03.618Z,2026-09-21T08:04:08.682Z,7
DEMO-DEV-1562,471,2022-10-05T07:12:27.234Z,2026-09-30T06:57:53.505Z,6
DEMO-DEV-1862,471,2022-10-05T19:38:04.618Z,2026-09-27T14:26:46.189Z,6
DEMO-DEV-1932,471,2022-10-07T06:19:34.307Z,2026-09-27T17:16:40.976Z,6
DEMO-DEV-1944,471,2022-10-04T02:53:49.021Z,2026-09-28T17:35:48.455Z,6
DEMO-DEV-1979,471,2022-10-04T19:39:22.915Z,2026-09-28T16:04:19.803Z,7
DEMO-DEV-1993,471,2022-10-04T16:00:11.190Z,2026-09-28T17:40:51.841Z,7
DEMO-DEV-2238,471,2022-10-08T22:48:07.719Z,2026-09-27T04:13:09.992Z,7
DEMO-DEV-2422,471,2022-10-02T10:18:29.357Z,2026-09-28T12:28:13.038Z,7
DEMO-DEV-2425,471,2022-10-06T06:33:25.682Z,2026-09-26T23:36:35.302Z,7
DEMO-DEV-2475,471,2022-10-09T13:15:19.075Z,2026-09-29T07:08:42.870Z,6
DEMO-DEV-2572,471,2022-10-05T02:01:13.846Z,2026-09-23T15:29:17.470Z,7
DEMO-DEV-2753,471,2022-10-01T13:54:52.839Z,2026-09-28T08:50:47.884Z,6
DEMO-DEV-2793,471,2022-10-02T12:57:42.524Z,2026-09-24T14:34:25.785Z,6
DEMO-DEV-2843,471,2022-10-04T03:25:38.816Z,2026-09-28T01:40:45.123Z,7
DEMO-DEV-2943,471,2022-10-03T07:45:11.846Z,2026-09-29T16:44:17.778Z,6
DEMO-DEV-3113,471,2022-10-08T21:24:21.792Z,2026-09-22T15:11:05.230Z,7
DEMO-DEV-3248,471,2022-10-06T22:32:00.727Z,2026-09-27T01:43:42.428Z,6
DEMO-DEV-3289,471,2022-10-04T19:27:14.264Z,2026-09-27T22:00:05.879Z,7
DEMO-DEV-3391,471,2022-10-02T03:39:34.682Z,2026-09-29T02:51:43.785Z,7
DEMO-DEV-3535,471,2022-10-02T05:08:54.914Z,2026-09-27T18:25:34.211Z,7
DEMO-DEV-3844,471,2022-10-01T16:13:00.524Z,2026-09-27T19:48:19.315Z,7
DEMO-DEV-4073,471,2022-10-05T13:00:11.948Z,2026-09-30T01:40:03.345Z,6
DEMO-DEV-4087,471,2022-10-01T15:19:38.524Z,2026-09-29T07:41:49.173Z,6
DEMO-DEV-4246,471,2022-10-02T12:07:58.443Z,2026-09-29T10:24:38.205Z,7
DEMO-DEV-4343,471,2022-10-01T20:35:46.068Z,2026-09-28T18:28:46.892Z,6
DEMO-DEV-4717,471,2022-10-02T03:09:22.470Z,2026-09-27T06:47:28.455Z,7
DEMO-DEV-4824,471,2022-10-07T16:21:30.969Z,2026-09-29T00:44:01.653Z,7
DEMO-DEV-4914,471,2022-10-01T23:02:37.239Z,2026-09-29T05:55:00.319Z,6
DEMO-DEV-5008,471,2022-10-04T18:42:59.799Z,2026-09-21T15:08:08.219Z,6
DEMO-DEV-5436,471,2022-10-02T22:50:14.702Z,2026-09-29T18:12:49.160Z,6
DEMO-DEV-5627,471,2022-10-03T01:51:06.172Z,2026-09-28T19:37:28.038Z,7
DEMO-DEV-5748,471,2022-10-05T07:47:40.394Z,2026-09-26T12:20:41.556Z,6
DEMO-DEV-5775,471,2022-10-05T17:26:18.120Z,2026-09-25T04:22:35.173Z,7
DEMO-DEV-6151,471,2022-10-02T20:38:45.892Z,2026-09-29T08:58:11.493Z,6
DEMO-DEV-6347,471,2022-10-02T04:00:42.682Z,2026-09-27T06:20:39.795Z,7
DEMO-DEV-6444,471,2022-10-03T23:53:21.302Z,2026-09-29T12:36:20.224Z,7
DEMO-DEV-6661,471,2022-10-01T10:44:09.597Z,2026-09-29T01:37:41.817Z,7
DEMO-DEV-6752,471,2022-10-05T19:19:59.524Z,2026-09-30T01:30:52.139Z,7
DEMO-DEV-6824,471,2022-10-02T01:32:11.989Z,2026-09-27T09:46:13.167Z,7
DEMO-DEV-6964,471,2022-10-06T04:07:19.816Z,2026-09-26T04:11:21.173Z,7
DEMO-DEV-7001,471,2022-10-02T02:23:41.870Z,2026-09-22T21:37:13.239Z,7
DEMO-DEV-7040,471,2022-10-02T23:38:22.428Z,2026-09-28T03:58:24.063Z,7
DEMO-DEV-7156,471,2022-10-04T09:59:25.254Z,2026-09-23T18:33:58.692Z,6
DEMO-DEV-7253,471,2022-10-10T15:13:43.989Z,2026-09-30T06:24:54.545Z,7
DEMO-DEV-7325,471,2022-10-03T19:30:01.968Z,2026-09-23T05:36:59.597Z,6
DEMO-DEV-7366,471,2022-10-05T14:03:21.863Z,2026-09-22T22:27:04.442Z,7
DEMO-DEV-7587,471,2022-10-02T05:32:16.859Z,2026-09-26T06:32:48.165Z,7
DEMO-DEV-7605,471,2022-10-06T01:34:45.403Z,2026-09-29T00:16:32.394Z,7
DEMO-DEV-7672,471,2022-10-03T04:00:41.661Z,2026-09-28T13:27:11.993Z,7
DEMO-DEV-7724,471,2022-10-05T05:37:37.090Z,2026-09-24T15:42:15.040Z,7
DEMO-DEV-7890,471,2022-10-03T13:37:06.710Z,2026-09-21T00:54:24.993Z,7
DEMO-DEV-7974,471,2022-10-02T19:23:44.868Z,2026-09-27T12:07:04.537Z,6
DEMO-DEV-7981,471,2022-10-03T11:15:30.785Z,2026-09-20T14:31:03.409Z,7
DEMO-DEV-8176,471,2022-10-03T22:55:08.873Z,2026-09-24T17:37:55.470Z,6
DEMO-DEV-8678,471,2022-10-01T08:56:52.221Z,2026-09-20T04:45:29.087Z,6
DEMO-DEV-9038,471,2022-10-06T03:52:16.090Z,2026-09-28T09:05:31.557Z,7
DEMO-DEV-9155,471,2022-10-02T21:29:00.172Z,2026-09-23T15:30:37.519Z,6
DEMO-DEV-9209,471,2022-10-04T20:35:00.989Z,2026-09-30T08:11:11.778Z,7
DEMO-DEV-9300,471,2022-10-12T19:46:58.222Z,2026-09-21T12:54:26.842Z,7
DEMO-DEV-9390,471,2022-10-02T12:05:03.205Z,2026-09-30T01:20:04.568Z,7
DEMO-DEV-9473,471,2022-10-02T03:48:37.068Z,2026-09-26T11:43:45.804Z,6
DEMO-DEV-9509,471,2022-10-02T22:28:38.655Z,2026-09-27T19:10:11.172Z,7
DEMO-DEV-9552,471,2022-10-02T00:26:12.264Z,2026-09-27T14:22:49.165Z,7
DEMO-DEV-9708,471,2022-10-12T06:36:54.308Z,2026-09-28T12:44:50.291Z,6
DEMO-DEV-9820,471,2022-10-02T15:18:24.402Z,2026-09-29T17:38:57.315Z,7
DEMO-DEV-0037,470,2022-10-01T18:27:08.040Z,2026-09-26T05:20:59.211Z,6
DEMO-DEV-0397,470,2022-10-08T21:31:40.778Z,2026-09-29T05:03:41.568Z,7
DEMO-DEV-0417,470,2022-10-01T10:57:52.037Z,2026-09-23T23:46:11.782Z,6
DEMO-DEV-0488,470,2022-10-03T08:55:31.618Z,2026-09-30T00:40:42.524Z,7
DEMO-DEV-0591,470,2022-10-01T10:09:46.040Z,2026-09-24T12:43:28.319Z,6
DEMO-DEV-0632,470,2022-10-16T05:33:21.173Z,2026-09-30T02:32:39.368Z,6
DEMO-DEV-0755,470,2022-10-02T02:35:24.803Z,2026-09-26T03:58:44.366Z,7
DEMO-DEV-0811,470,2022-10-02T12:01:17.868Z,2026-09-27T12:06:35.337Z,7
DEMO-DEV-1038,470,2022-10-02T03:29:11.892Z,2026-09-30T04:24:34.455Z,7
DEMO-DEV-1087,470,2022-10-04T12:12:00.545Z,2026-09-27T05:22:08.037Z,7
DEMO-DEV-1139,470,2022-10-04T07:49:10.974Z,2026-09-28T21:42:10.045Z,6
DEMO-DEV-1216,470,2022-10-02T06:14:54.390Z,2026-09-29T01:59:12.397Z,7
DEMO-DEV-1440,470,2022-10-02T23:34:45.368Z,2026-09-30T07:53:24.836Z,6
DEMO-DEV-1454,470,2022-10-02T19:06:12.868Z,2026-09-28T00:24:43.204Z,5
DEMO-DEV-1490,470,2022-10-02T02:27:51.500Z,2026-09-24T04:43:13.968Z,6
DEMO-DEV-1563,470,2022-10-04T08:00:42.470Z,2026-09-26T05:17:57.370Z,7
DEMO-DEV-1645,470,2022-10-06T17:26:13.688Z,2026-09-29T08:51:05.537Z,7
DEMO-DEV-1683,470,2022-10-05T14:54:19.948Z,2026-09-25T15:19:34.985Z,6
DEMO-DEV-1725,470,2022-10-01T11:59:09.535Z,2026-09-22T14:16:45.870Z,7
DEMO-DEV-1837,470,2022-10-02T01:12:04.793Z,2026-09-19T06:02:36.027Z,7
DEMO-DEV-2168,470,2022-10-08T22:27:38.778Z,2026-09-25T04:05:29.443Z,7
DEMO-DEV-2516,470,2022-10-01T19:04:01.080Z,2026-09-24T15:04:52.219Z,7
DEMO-DEV-2577,470,2022-10-07T12:02:53.618Z,2026-09-27T14:45:09.884Z,7
DEMO-DEV-2596,470,2022-10-06T03:14:20.784Z,2026-09-28T13:36:07.134Z,7
DEMO-DEV-2742,470,2022-10-11T02:56:39.676Z,2026-09-21T11:54:24.976Z,7
DEMO-DEV-2832,470,2022-10-08T18:03:19.150Z,2026-09-29T11:36:28.778Z,7
DEMO-DEV-2864,470,2022-10-02T01:12:06.370Z,2026-09-16T23:26:49.203Z,6
DEMO-DEV-2977,470,2022-10-05T06:48:59.239Z,2026-09-27T07:48:33.120Z,7
DEMO-DEV-3096,470,2022-10-03T15:43:03.976Z,2026-09-29T14:31:51.403Z,7
DEMO-DEV-3243,470,2022-10-02T00:50:42.037Z,2026-09-24T17:06:32.765Z,7
DEMO-DEV-3438,470,2022-10-01T15:36:26.915Z,2026-09-29T02:45:45.817Z,7
DEMO-DEV-3544,470,2022-10-11T02:34:01.370Z,2026-09-29T21:02:24.500Z,7
DEMO-DEV-3636,470,2022-10-06T13:33:41.870Z,2026-09-19T12:09:56.688Z,6
DEMO-DEV-3927,470,2022-10-04T06:33:08.806Z,2026-09-28T23:38:20.646Z,6
DEMO-DEV-3980,470,2022-10-04T07:51:30.250Z,2026-09-28T14:55:10.865Z,7
DEMO-DEV-4159,470,2022-10-05T00:50:40.969Z,2026-09-25T17:20:28.172Z,6
DEMO-DEV-4561,470,2022-10-03T14:49:57.057Z,2026-09-30T04:27:37.646Z,6
DEMO-DEV-4729,470,2022-10-02T21:49:39.298Z,2026-09-28T03:19:30.666Z,7
DEMO-DEV-4889,470,2022-10-02T20:17:03.605Z,2026-09-30T06:24:24.846Z,7
DEMO-DEV-4965,470,2022-10-02T15:39:21.307Z,2026-09-27T11:56:56.792Z,6
DEMO-DEV-4980,470,2022-10-03T09:00:54.868Z,2026-09-24T16:59:25.288Z,7
DEMO-DEV-5176,470,2022-10-04T22:46:40.442Z,2026-09-28T23:08:08.803Z,7
DEMO-DEV-5283,470,2022-10-08T02:08:14.891Z,2026-09-29T20:13:22.470Z,5
DEMO-DEV-5455,470,2022-10-03T01:45:09.057Z,2026-09-27T15:54:17.929Z,7
DEMO-DEV-5472,470,2022-10-02T07:44:38.291Z,2026-09-29T22:05:13.252Z,7
DEMO-DEV-5596,470,2022-10-02T19:03:14.597Z,2026-09-28T22:03:56.646Z,6
DEMO-DEV-5655,470,2022-10-05T02:28:14.366Z,2026-09-29T11:00:10.851Z,7
DEMO-DEV-5679,470,2022-10-06T00:06:19.150Z,2026-09-25T11:01:11.391Z,6
DEMO-DEV-5816,470,2022-10-01T17:36:41.584Z,2026-09-29T16:01:01.308Z,6
DEMO-DEV-5896,470,2022-10-01T22:11:58.727Z,2026-09-26T11:25:46.614Z,6
DEMO-DEV-5988,470,2022-10-15T18:14:45.555Z,2026-09-30T03:11:59.843Z,7
DEMO-DEV-5996,470,2022-10-02T09:32:13.555Z,2026-09-25T20:02:04.754Z,7
DEMO-DEV-6019,470,2022-10-09T00:46:15.183Z,2026-09-27T13:39:39.591Z,7
DEMO-DEV-6140,470,2022-10-01T10:38:58.817Z,2026-09-29T11:59:48.868Z,7
DEMO-DEV-6155,470,2022-10-02T07:23:45.710Z,2026-09-29T03:06:38.591Z,7
DEMO-DEV-6245,470,2022-10-02T21:02:28.556Z,2026-09-29T02:49:46.485Z,6
DEMO-DEV-6459,470,2022-10-02T00:11:25.676Z,2026-09-29T10:34:29.842Z,7
DEMO-DEV-6641,470,2022-10-02T18:59:58.403Z,2026-09-20T23:47:16.370Z,6
DEMO-DEV-6652,470,2022-10-01T16:02:16.688Z,2026-09-30T01:59:35.015Z,7
DEMO-DEV-6793,470,2022-10-03T06:18:32.639Z,2026-09-27T11:49:11.851Z,6
DEMO-DEV-7657,470,2022-10-03T18:38:19.688Z,2026-09-27T00:23:51.225Z,6
DEMO-DEV-7689,470,2022-10-01T20:02:30.523Z,2026-09-26T20:22:04.799Z,7
DEMO-DEV-7773,470,2022-10-03T06:16:47.661Z,2026-09-26T12:39:52.134Z,6
DEMO-DEV-7811,470,2022-10-07T10:29:26.668Z,2026-09-29T15:20:19.319Z,7
DEMO-DEV-7814,470,2022-10-02T18:21:43.976Z,2026-09-29T20:16:52.891Z,7
DEMO-DEV-7918,470,2022-10-01T16:07:03.599Z,2026-09-28T19:44:30.455Z,6
DEMO-DEV-7925,470,2022-10-07T02:15:13.786Z,2026-09-26T19:52:31.965Z,6
DEMO-DEV-8111,470,2022-10-02T17:19:37.682Z,2026-09-23T08:30:44.870Z,6
DEMO-DEV-8153,470,2022-10-04T02:58:58.817Z,2026-09-30T08:09:20.003Z,7
DEMO-DEV-8553,470,2022-10-04T17:08:16.155Z,2026-09-27T13:30:20.870Z,7
DEMO-DEV-9097,470,2022-10-02T12:23:53.738Z,2026-09-28T19:58:35.003Z,6
DEMO-DEV-9188,470,2022-10-10T02:07:17.003Z,2026-09-23T02:59:40.024Z,7
DEMO-DEV-9239,470,2022-10-08T04:53:04.754Z,2026-09-29T05:01:24.976Z,7
DEMO-DEV-9378,470,2022-10-06T06:26:16.120Z,2026-09-25T01:36:12.226Z,7
DEMO-DEV-9678,470,2022-10-01T13:24:20.968Z,2026-09-22T19:13:29.370Z,6
DEMO-DEV-9702,470,2022-10-14T08:42:18.003Z,2026-09-20T22:48:56.224Z,7
DEMO-DEV-9764,470,2022-10-01T17:48:21.460Z,2026-09-28T23:22:59.470Z,6
DEMO-DEV-0137,469,2022-10-01T14:13:43.402Z,2026-09-27T23:08:29.352Z,7
DEMO-DEV-0243,469,2022-10-03T00:54:51.287Z,2026-09-29T18:45:05.591Z,7
DEMO-DEV-0396,469,2022-10-08T19:03:06.230Z,2026-09-29T18:30:40.636Z,6
DEMO-DEV-0905,469,2022-10-09T11:19:40.836Z,2026-09-28T20:10:07.968Z,6
DEMO-DEV-0976,469,2022-10-02T14:06:07.568Z,2026-09-29T09:22:12.795Z,6
DEMO-DEV-1012,469,2022-10-08T03:27:47.394Z,2026-09-27T23:47:14.795Z,7
DEMO-DEV-1323,469,2022-10-13T07:45:22.825Z,2026-09-29T19:36:00.308Z,7
DEMO-DEV-1343,469,2022-10-02T01:37:33.816Z,2026-09-28T15:45:16.865Z,7
DEMO-DEV-1363,469,2022-10-03T15:16:32.607Z,2026-09-26T02:47:21.653Z,7
DEMO-DEV-1532,469,2022-10-02T13:55:51.535Z,2026-09-29T13:29:49.354Z,7
DEMO-DEV-1547,469,2022-10-02T15:16:41.785Z,2026-09-25T20:26:37.735Z,7
DEMO-DEV-1997,469,2022-10-01T17:54:31.252Z,2026-09-28T04:19:50.702Z,7
DEMO-DEV-2117,469,2022-10-02T00:42:06.524Z,2026-09-29T05:47:09.500Z,6
DEMO-DEV-2362,469,2022-10-01T09:01:53.218Z,2026-09-28T20:17:23.513Z,7
DEMO-DEV-2759,469,2022-10-04T01:42:31.968Z,2026-09-28T07:02:55.891Z,6
DEMO-DEV-2950,469,2022-10-02T07:41:55.402Z,2026-09-29T23:52:12.738Z,7
DEMO-DEV-2961,469,2022-10-08T14:29:05.090Z,2026-09-23T14:03:53.123Z,7
DEMO-DEV-3124,469,2022-10-02T23:46:35.075Z,2026-09-23T01:04:32.786Z,6
DEMO-DEV-3125,469,2022-10-06T17:27:39.442Z,2026-09-30T06:37:48.289Z,7
DEMO-DEV-3204,469,2022-10-09T09:18:50.618Z,2026-09-30T01:38:39.402Z,6
DEMO-DEV-3216,469,2022-10-01T19:58:04.738Z,2026-09-28T20:29:30.460Z,7
DEMO-DEV-3251,469,2022-10-09T00:06:12.556Z,2026-09-27T17:06:44.232Z,6
DEMO-DEV-3301,469,2022-10-16T00:03:27.204Z,2026-09-28T23:40:40.268Z,6
DEMO-DEV-3408,469,2022-10-05T17:50:30.288Z,2026-09-28T19:24:13.308Z,6
DEMO-DEV-3735,469,2022-10-07T20:42:08.917Z,2026-09-29T17:17:51.868Z,6
DEMO-DEV-3751,469,2022-10-04T14:09:24.192Z,2026-09-29T20:18:06.443Z,6
DEMO-DEV-3866,469,2022-10-05T05:03:54.497Z,2026-09-25T10:22:21.778Z,6
DEMO-DEV-3901,469,2022-10-06T14:20:26.428Z,2026-09-24T17:24:18.190Z,7
DEMO-DEV-3958,469,2022-10-02T11:24:44.817Z,2026-09-28T05:07:08.038Z,7
DEMO-DEV-4020,469,2022-10-02T04:54:35.607Z,2026-09-29T05:10:54.950Z,7
DEMO-DEV-4052,469,2022-10-02T11:45:41.524Z,2026-09-28T16:12:01.268Z,7
DEMO-DEV-4109,469,2022-10-07T12:58:50.513Z,2026-09-27T08:54:13.806Z,7
DEMO-DEV-4206,469,2022-10-01T22:56:17.524Z,2026-09-29T06:25:58.063Z,7
DEMO-DEV-4223,469,2022-10-03T08:14:09.989Z,2026-09-22T09:47:16.234Z,6
DEMO-DEV-4275,469,2022-10-06T00:54:34.884Z,2026-09-27T09:24:58.915Z,7
DEMO-DEV-4302,469,2022-10-03T12:46:45.337Z,2026-09-27T17:42:47.892Z,7
DEMO-DEV-4353,469,2022-10-02T01:08:33.165Z,2026-09-27T23:53:40.190Z,6
DEMO-DEV-4462,469,2022-10-06T06:35:52.655Z,2026-09-28T22:03:45.968Z,7
DEMO-DEV-4562,469,2022-10-03T03:03:23.203Z,2026-09-28T18:59:00.428Z,7
DEMO-DEV-4733,469,2022-10-01T15:56:43.524Z,2026-09-11T11:28:17.618Z,7
DEMO-DEV-4768,469,2022-10-01T17:48:18.391Z,2026-09-28T07:58:49.648Z,6
DEMO-DEV-4769,469,2022-10-03T22:02:23.138Z,2026-09-25T09:26:20.161Z,7
DEMO-DEV-5036,469,2022-10-02T03:04:04.968Z,2026-09-28T09:35:31.966Z,6
DEMO-DEV-5215,469,2022-10-01T12:19:11.503Z,2026-09-27T07:12:18.161Z,7
DEMO-DEV-5443,469,2022-10-02T06:38:27.799Z,2026-09-29T18:50:12.370Z,7
DEMO-DEV-5519,469,2022-10-05T06:11:09.291Z,2026-09-29T21:27:11.224Z,6
DEMO-DEV-5670,469,2022-10-05T01:38:34.150Z,2026-09-29T05:14:17.655Z,7
DEMO-DEV-5955,469,2022-10-01T18:31:51.519Z,2026-09-30T06:31:01.307Z,6
DEMO-DEV-6076,469,2022-10-08T00:56:28.493Z,2026-09-28T20:04:42.366Z,6
DEMO-DEV-6101,469,2022-10-03T02:06:32.965Z,2026-09-23T19:43:11.307Z,7
DEMO-DEV-6221,469,2022-10-03T09:55:54.232Z,2026-09-26T15:37:29.915Z,6
DEMO-DEV-6250,469,2022-10-04T06:58:01.397Z,2026-09-30T03:18:03.183Z,7
DEMO-DEV-6720,469,2022-10-13T17:41:08.612Z,2026-09-27T11:54:54.915Z,7
DEMO-DEV-6923,469,2022-10-01T11:15:36.443Z,2026-09-28T15:43:51.287Z,6
DEMO-DEV-7148,469,2022-10-01T15:49:55.842Z,2026-09-21T10:52:06.068Z,7
DEMO-DEV-7219,469,2022-10-03T07:40:36.968Z,2026-09-23T19:16:03.836Z,6
DEMO-DEV-7381,469,2022-10-03T05:16:43.500Z,2026-09-29T08:00:05.038Z,6
DEMO-DEV-7526,469,2022-10-04T12:24:46.870Z,2026-09-20T19:44:26.795Z,7
DEMO-DEV-7617,469,2022-10-04T04:02:30.612Z,2026-09-19T07:55:54.599Z,7
DEMO-DEV-7838,469,2022-10-06T06:02:48.472Z,2026-09-27T09:17:12.455Z,6
DEMO-DEV-7926,469,2022-10-02T02:49:27.500Z,2026-09-29T20:50:25.221Z,6
DEMO-DEV-8096,469,2022-10-01T21:19:07.614Z,2026-09-29T11:16:42.556Z,6
DEMO-DEV-8173,469,2022-10-02T01:10:19.578Z,2026-09-29T18:40:00.692Z,6
DEMO-DEV-8280,469,2022-10-03T23:20:56.204Z,2026-09-27T14:28:40.817Z,6
DEMO-DEV-8324,469,2022-10-08T03:27:49.409Z,2026-09-28T10:06:38.205Z,5
DEMO-DEV-8379,469,2022-10-02T05:56:54.839Z,2026-09-29T17:46:11.591Z,7
DEMO-DEV-8387,469,2022-10-05T00:21:12.037Z,2026-09-27T20:38:48.160Z,6
DEMO-DEV-8430,469,2022-10-02T18:26:52.165Z,2026-09-28T23:15:38.485Z,7
DEMO-DEV-9046,469,2022-10-04T03:21:36.370Z,2026-09-29T23:03:52.976Z,6
DEMO-DEV-9067,469,2022-10-03T16:29:56.537Z,2026-09-29T12:50:24.666Z,7
DEMO-DEV-9606,469,2022-10-01T20:46:24.846Z,2026-09-26T15:44:13.291Z,6
DEMO-DEV-9636,469,2022-10-01T14:25:17.607Z,2026-09-28T18:19:36.915Z,6
DEMO-DEV-9662,469,2022-10-02T02:05:34.387Z,2026-09-24T06:40:10.648Z,6
DEMO-DEV-9742,469,2022-10-02T07:07:40.969Z,2026-09-28T21:52:51.075Z,6
DEMO-DEV-9814,469,2022-10-03T02:37:11.415Z,2026-09-27T15:05:56.253Z,7
DEMO-DEV-9832,469,2022-10-03T20:49:13.252Z,2026-09-30T04:50:25.738Z,7
DEMO-DEV-9847,469,2022-10-03T06:40:12.057Z,2026-09-21T20:23:48.992Z,7
DEMO-DEV-0106,468,2022-10-02T13:26:12.917Z,2026-09-24T10:36:55.366Z,7
DEMO-DEV-0123,468,2022-10-02T06:24:33.842Z,2026-09-28T04:08:17.307Z,7
DEMO-DEV-0251,468,2022-10-06T17:30:36.568Z,2026-09-20T10:19:28.402Z,6
DEMO-DEV-0483,468,2022-10-02T05:31:29.138Z,2026-09-17T15:38:48.403Z,6
DEMO-DEV-0853,468,2022-10-03T04:27:00.160Z,2026-09-29T04:01:45.354Z,7
DEMO-DEV-0947,468,2022-10-05T03:51:03.846Z,2026-09-27T15:04:29.500Z,7
DEMO-DEV-0973,468,2022-10-03T16:00:04.040Z,2026-09-29T16:38:33.298Z,7
DEMO-DEV-1028,468,2022-10-11T17:25:10.969Z,2026-09-27T16:30:02.073Z,6
DEMO-DEV-1297,468,2022-10-03T04:20:48.370Z,2026-09-30T01:02:42.646Z,7
DEMO-DEV-1330,468,2022-10-01T10:19:47.289Z,2026-09-21T15:06:33.192Z,6
DEMO-DEV-1524,468,2022-10-11T18:41:47.503Z,2026-09-19T03:11:51.851Z,7
DEMO-DEV-1610,468,2022-10-02T00:12:11.786Z,2026-09-25T19:21:26.985Z,7
DEMO-DEV-1636,468,2022-10-04T08:06:36.653Z,2026-09-29T09:43:01.218Z,6
DEMO-DEV-1652,468,2022-10-10T03:42:03.230Z,2026-09-29T10:05:27.817Z,5
DEMO-DEV-1786,468,2022-10-02T17:47:02.291Z,2026-09-30T05:30:29.985Z,7
DEMO-DEV-1803,468,2022-10-05T05:42:15.189Z,2026-09-28T15:09:23.817Z,7
DEMO-DEV-1828,468,2022-10-18T03:55:38.915Z,2026-09-29T14:29:11.250Z,7
DEMO-DEV-1938,468,2022-10-02T13:35:59.308Z,2026-09-28T00:15:20.975Z,7
DEMO-DEV-1999,468,2022-10-04T23:20:47.268Z,2026-09-25T17:21:35.337Z,7
DEMO-DEV-2280,468,2022-10-08T15:01:17.782Z,2026-09-29T01:45:42.472Z,7
DEMO-DEV-2474,468,2022-10-02T11:18:35.460Z,2026-09-29T00:34:39.403Z,6
DEMO-DEV-2581,468,2022-10-05T18:05:41.368Z,2026-09-29T21:34:13.658Z,6
DEMO-DEV-2643,468,2022-10-02T07:35:44.653Z,2026-09-29T21:31:44.155Z,6
DEMO-DEV-2698,468,2022-10-03T02:08:14.288Z,2026-09-28T22:11:09.778Z,6
DEMO-DEV-2769,468,2022-10-09T18:18:10.879Z,2026-09-29T11:12:49.929Z,7
DEMO-DEV-2917,468,2022-10-02T09:13:59.646Z,2026-09-30T06:07:00.470Z,6
DEMO-DEV-3082,468,2022-10-01T20:10:42.087Z,2026-09-30T00:21:12.993Z,7
DEMO-DEV-3227,468,2022-10-05T06:24:37.075Z,2026-09-27T10:47:13.161Z,7
DEMO-DEV-3254,468,2022-10-03T23:26:49.817Z,2026-09-26T15:01:25.803Z,6
DEMO-DEV-3647,468,2022-10-02T18:46:10.782Z,2026-09-30T04:57:24.782Z,6
DEMO-DEV-4169,468,2022-10-04T23:58:23.370Z,2026-09-21T13:35:55.524Z,7
DEMO-DEV-4243,468,2022-10-01T22:03:52.929Z,2026-09-18T13:07:16.969Z,7
DEMO-DEV-4383,468,2022-10-03T23:56:23.254Z,2026-09-29T21:49:24.077Z,7
DEMO-DEV-4488,468,2022-10-04T02:33:44.252Z,2026-09-27T08:00:30.442Z,6
DEMO-DEV-4815,468,2022-10-03T03:05:36.203Z,2026-09-25T06:04:54.289Z,6
DEMO-DEV-4852,468,2022-10-03T15:20:52.661Z,2026-09-27T22:54:31.443Z,7
DEMO-DEV-5044,468,2022-10-01T19:28:33.442Z,2026-09-27T15:35:34.264Z,7
DEMO-DEV-5320,468,2022-10-02T00:05:45.298Z,2026-09-29T10:07:25.792Z,6
DEMO-DEV-5818,468,2022-10-11T04:43:05.391Z,2026-09-29T15:32:47.727Z,7
DEMO-DEV-5833,468,2022-10-02T18:46:58.913Z,2026-09-26T07:30:31.302Z,6
DEMO-DEV-6191,468,2022-10-01T09:17:36.719Z,2026-09-23T06:00:22.816Z,7
DEMO-DEV-6237,468,2022-10-01T13:01:58.120Z,2026-09-27T10:30:08.485Z,7
DEMO-DEV-6343,468,2022-10-02T03:06:48.648Z,2026-09-28T16:56:17.315Z,6
DEMO-DEV-6562,468,2022-10-06T06:42:38.719Z,2026-09-20T20:58:01.368Z,6
DEMO-DEV-6584,468,2022-10-03T00:28:13.877Z,2026-09-30T06:10:19.948Z,7
DEMO-DEV-6679,468,2022-10-06T15:31:19.298Z,2026-09-29T07:56:20.315Z,6
DEMO-DEV-6741,468,2022-10-01T12:21:41.173Z,2026-09-15T11:40:55.976Z,6
DEMO-DEV-6743,468,2022-10-03T03:57:58.738Z,2026-09-30T00:24:25.867Z,7
DEMO-DEV-7831,468,2022-10-01T19:40:29.535Z,2026-09-27T08:37:01.014Z,6
DEMO-DEV-7852,468,2022-10-05T13:01:49.646Z,2026-09-26T04:41:57.391Z,7
DEMO-DEV-8128,468,2022-10-03T18:40:41.727Z,2026-09-29T09:54:03.357Z,6
DEMO-DEV-8352,468,2022-10-05T17:38:52.027Z,2026-09-29T14:10:12.068Z,7
DEMO-DEV-8391,468,2022-10-01T08:37:07.232Z,2026-09-25T21:32:40.754Z,6
DEMO-DEV-8438,468,2022-10-07T02:52:27.428Z,2026-09-29T07:30:56.236Z,7
DEMO-DEV-8752,468,2022-10-04T06:28:34.222Z,2026-09-28T03:04:33.688Z,7
DEMO-DEV-9148,468,2022-10-06T05:31:20.873Z,2026-09-29T17:46:37.867Z,7
DEMO-DEV-9309,468,2022-10-07T07:42:02.646Z,2026-09-30T06:26:40.038Z,6
DEMO-DEV-9365,468,2022-10-01T16:41:05.949Z,2026-09-22T05:27:47.203Z,7
DEMO-DEV-9728,468,2022-10-04T00:54:51.968Z,2026-09-29T19:24:24.535Z,6
DEMO-DEV-9961,468,2022-10-03T16:32:53.817Z,2026-09-29T18:31:05.446Z,6
DEMO-DEV-0095,467,2022-10-11T06:10:54.892Z,2026-09-18T07:01:05.302Z,7
DEMO-DEV-0447,467,2022-10-08T19:52:52.682Z,2026-09-28T08:09:42.785Z,6
DEMO-DEV-0460,467,2022-10-01T13:40:04.653Z,2026-09-30T01:48:43.080Z,6
DEMO-DEV-0676,467,2022-10-01T18:33:16.636Z,2026-09-29T18:08:11.993Z,6
DEMO-DEV-0718,467,2022-10-02T20:30:43.190Z,2026-09-28T19:10:32.003Z,7
DEMO-DEV-0911,467,2022-10-01T23:34:59.068Z,2026-09-27T22:22:54.345Z,7
DEMO-DEV-1004,467,2022-10-04T10:07:15.676Z,2026-09-27T18:00:00.442Z,7
DEMO-DEV-1436,467,2022-10-01T11:12:38.523Z,2026-09-26T00:02:32.864Z,7
DEMO-DEV-1867,467,2022-10-03T03:17:49.307Z,2026-09-25T19:05:41.968Z,6
DEMO-DEV-2035,467,2022-10-03T14:25:56.992Z,2026-09-27T10:57:01.612Z,7
DEMO-DEV-2078,467,2022-10-01T20:25:03.859Z,2026-09-26T03:11:20.782Z,6
DEMO-DEV-2267,467,2022-10-03T13:17:25.165Z,2026-09-28T12:54:43.646Z,7
DEMO-DEV-2334,467,2022-10-05T22:29:35.139Z,2026-09-27T21:48:31.612Z,7
DEMO-DEV-2388,467,2022-10-01T13:11:11.239Z,2026-09-27T15:38:26.668Z,6
DEMO-DEV-2398,467,2022-10-03T05:09:51.234Z,2026-09-26T18:16:23.949Z,7
DEMO-DEV-2523,467,2022-10-05T21:05:59.612Z,2026-09-22T08:22:56.885Z,6
DEMO-DEV-2811,467,2022-10-01T08:54:28.239Z,2026-09-25T04:17:57.063Z,7
DEMO-DEV-2820,467,2022-10-01T22:42:22.225Z,2026-09-27T23:34:29.868Z,6
DEMO-DEV-2852,467,2022-10-06T05:33:13.370Z,2026-09-26T02:36:40.865Z,7
DEMO-DEV-3025,467,2022-10-06T02:50:44.161Z,2026-09-30T06:02:37.993Z,6
DEMO-DEV-3029,467,2022-10-10T18:13:00.929Z,2026-09-27T00:28:38.345Z,6
DEMO-DEV-3104,467,2022-10-01T11:32:22.139Z,2026-09-28T15:46:08.315Z,6
DEMO-DEV-3128,467,2022-10-02T12:26:13.307Z,2026-09-30T06:00:25.120Z,7
DEMO-DEV-3357,467,2022-10-02T04:27:29.859Z,2026-09-29T09:59:57.545Z,7
DEMO-DEV-3388,467,2022-10-03T09:51:15.354Z,2026-09-28T00:22:29.926Z,7
DEMO-DEV-3709,467,2022-10-06T12:38:38.824Z,2026-09-23T01:30:59.879Z,7
DEMO-DEV-3892,467,2022-10-04T09:27:04.370Z,2026-09-28T04:42:38.370Z,5
DEMO-DEV-4001,467,2022-10-05T22:15:01.337Z,2026-09-25T01:20:19.948Z,7
DEMO-DEV-4202,467,2022-10-07T09:07:00.026Z,2026-09-29T20:41:17.365Z,6
DEMO-DEV-4501,467,2022-10-02T19:18:25.252Z,2026-09-28T23:48:46.165Z,7
DEMO-DEV-4623,467,2022-10-02T17:53:00.234Z,2026-09-26T17:55:06.968Z,6
DEMO-DEV-4766,467,2022-10-12T03:04:46.038Z,2026-09-26T03:40:57.264Z,7
DEMO-DEV-4848,467,2022-10-02T06:40:55.545Z,2026-09-16T10:34:35.368Z,7
DEMO-DEV-5049,467,2022-10-04T14:55:33.968Z,2026-09-27T04:41:14.230Z,7
DEMO-DEV-5395,467,2022-10-01T11:36:47.221Z,2026-09-29T20:21:10.345Z,6
DEMO-DEV-5409,467,2022-10-03T02:18:36.676Z,2026-09-27T13:12:27.139Z,6
DEMO-DEV-5440,467,2022-10-06T19:02:55.612Z,2026-09-26T14:13:41.352Z,7
DEMO-DEV-5556,467,2022-10-03T15:25:54.738Z,2026-09-27T04:40:55.879Z,6
DEMO-DEV-5819,467,2022-10-06T22:14:29.975Z,2026-09-28T04:40:59.192Z,7
DEMO-DEV-5899,467,2022-10-06T04:00:03.365Z,2026-09-26T04:22:50.068Z,6
DEMO-DEV-6086,467,2022-10-01T12:14:45.134Z,2026-09-26T22:21:05.816Z,7
DEMO-DEV-6219,467,2022-10-06T12:34:27.226Z,2026-09-26T16:19:09.485Z,6
DEMO-DEV-6605,467,2022-10-02T05:19:00.289Z,2026-09-28T14:19:55.795Z,7
DEMO-DEV-7109,467,2022-10-01T23:14:12.804Z,2026-09-29T09:31:57.370Z,6
DEMO-DEV-7155,467,2022-10-03T15:35:30.466Z,2026-09-29T14:39:03.661Z,7
DEMO-DEV-7160,467,2022-10-02T09:22:58.568Z,2026-09-28T17:44:31.150Z,7
DEMO-DEV-7247,467,2022-10-05T19:49:01.090Z,2026-09-29T20:26:40.597Z,7
DEMO-DEV-7252,467,2022-10-08T19:44:17.325Z,2026-09-26T12:35:53.811Z,6
DEMO-DEV-7571,467,2022-10-03T13:25:12.272Z,2026-09-28T08:45:06.226Z,6
DEMO-DEV-7626,467,2022-10-02T07:27:02.038Z,2026-09-29T21:00:23.537Z,7
DEMO-DEV-8252,467,2022-10-02T01:02:36.165Z,2026-09-29T03:56:11.075Z,7
DEMO-DEV-8305,467,2022-10-03T08:28:02.466Z,2026-09-28T11:01:27.803Z,7
DEMO-DEV-8730,467,2022-10-01T20:57:02.023Z,2026-09-28T10:27:47.307Z,7
DEMO-DEV-8983,467,2022-10-04T11:04:32.160Z,2026-09-16T02:33:41.535Z,7
DEMO-DEV-9005,467,2022-10-01T09:32:39.068Z,2026-09-21T07:35:41.365Z,7
DEMO-DEV-9104,467,2022-10-10T02:19:08.232Z,2026-09-27T08:22:48.015Z,6
DEMO-DEV-9163,467,2022-10-02T20:47:08.192Z,2026-09-26T00:34:06.605Z,6
DEMO-DEV-9352,467,2022-10-06T09:37:10.370Z,2026-09-25T15:06:39.612Z,7
DEMO-DEV-9424,467,2022-10-06T03:12:51.653Z,2026-09-29T04:05:58.205Z,6
DEMO-DEV-9432,467,2022-10-01T19:26:11.843Z,2026-09-29T03:02:53.636Z,7
DEMO-DEV-9522,467,2022-10-05T09:35:38.288Z,2026-09-21T11:25:53.120Z,6
DEMO-DEV-9665,467,2022-10-13T15:40:37.804Z,2026-09-29T10:40:41.816Z,7
DEMO-DEV-9731,467,2022-10-07T21:53:00.246Z,2026-09-29T10:06:26.192Z,7
DEMO-DEV-9758,467,2022-10-05T20:01:39.803Z,2026-09-26T01:39:37.134Z,6
DEMO-DEV-9782,467,2022-10-02T10:30:26.442Z,2026-09-27T04:35:19.513Z,6
DEMO-DEV-9822,467,2022-10-06T05:41:01.913Z,2026-09-26T02:25:21.208Z,6
DEMO-DEV-9838,467,2022-10-09T11:11:26.870Z,2026-09-19T13:23:13.172Z,7
DEMO-DEV-9894,467,2022-10-01T17:32:53.666Z,2026-09-25T09:11:55.778Z,7
DEMO-DEV-0455,466,2022-10-02T06:05:29.545Z,2026-09-29T05:26:44.682Z,7
DEMO-DEV-0541,466,2022-10-01T16:40:15.391Z,2026-09-30T04:07:55.793Z,6
DEMO-DEV-0650,466,2022-10-16T07:15:26.508Z,2026-09-29T22:42:03.077Z,7
DEMO-DEV-0669,466,2022-10-07T11:47:09.027Z,2026-09-28T05:36:10.370Z,7
DEMO-DEV-0685,466,2022-10-03T03:32:56.976Z,2026-09-29T07:23:02.403Z,6
DEMO-DEV-0951,466,2022-10-08T12:33:53.337Z,2026-09-11T16:02:59.073Z,7
DEMO-DEV-1315,466,2022-10-03T16:12:41.057Z,2026-09-28T04:09:24.357Z,7
DEMO-DEV-1479,466,2022-10-01T14:21:13.646Z,2026-09-27T03:10:38.987Z,7
DEMO-DEV-1533,466,2022-10-04T17:12:06.352Z,2026-09-28T15:22:30.519Z,7
DEMO-DEV-1570,466,2022-10-01T23:57:58.161Z,2026-09-21T09:00:25.455Z,7
DEMO-DEV-1634,466,2022-10-02T10:43:33.357Z,2026-09-30T01:16:01.428Z,7
DEMO-DEV-1709,466,2022-10-01T21:54:06.591Z,2026-09-24T02:36:58.778Z,7
DEMO-DEV-2041,466,2022-10-02T21:15:14.591Z,2026-09-27T15:12:23.738Z,7
DEMO-DEV-2385,466,2022-10-02T06:52:05.045Z,2026-09-29T14:29:11.238Z,7
DEMO-DEV-2558,466,2022-10-06T03:51:59.614Z,2026-09-29T15:45:59.500Z,6
DEMO-DEV-2587,466,2022-10-03T10:10:13.493Z,2026-09-30T04:44:42.836Z,7
DEMO-DEV-2653,466,2022-10-03T14:36:03.839Z,2026-09-28T07:02:41.026Z,7
DEMO-DEV-2707,466,2022-10-02T09:28:30.989Z,2026-09-29T06:43:56.555Z,7
DEMO-DEV-2907,466,2022-10-03T06:50:37.646Z,2026-09-27T01:55:15.183Z,7
DEMO-DEV-3039,466,2022-10-04T14:24:18.793Z,2026-09-30T05:25:00.668Z,6
DEMO-DEV-3050,466,2022-10-05T00:49:29.027Z,2026-09-25T20:45:06.618Z,7
DEMO-DEV-3212,466,2022-10-04T23:50:15.950Z,2026-09-27T05:35:50.387Z,7
DEMO-DEV-3268,466,2022-10-05T07:49:18.161Z,2026-09-24T00:10:40.442Z,6
DEMO-DEV-3326,466,2022-10-07T09:25:03.653Z,2026-09-28T15:58:21.578Z,7
DEMO-DEV-3448,466,2022-10-02T21:06:35.865Z,2026-09-26T17:23:47.646Z,6
DEMO-DEV-3542,466,2022-10-01T19:08:21.666Z,2026-09-30T05:15:47.254Z,6
DEMO-DEV-3612,466,2022-10-03T22:37:07.218Z,2026-09-26T09:52:00.843Z,7
DEMO-DEV-3652,466,2022-10-07T19:35:11.460Z,2026-09-28T13:56:18.989Z,7
DEMO-DEV-3852,466,2022-10-18T06:14:16.655Z,2026-09-29T07:49:12.865Z,6
DEMO-DEV-3984,466,2022-10-04T17:27:58.519Z,2026-09-23T07:42:41.428Z,7
DEMO-DEV-4111,466,2022-10-08T21:58:13.172Z,2026-09-30T04:37:56.917Z,7
DEMO-DEV-4344,466,2022-10-01T12:19:46.161Z,2026-09-19T17:27:19.037Z,7
DEMO-DEV-4439,466,2022-10-02T21:11:37.524Z,2026-09-28T14:07:27.218Z,6
DEMO-DEV-4634,466,2022-10-04T06:28:33.505Z,2026-09-25T16:02:51.394Z,7
DEMO-DEV-4689,466,2022-10-05T05:31:56.168Z,2026-09-25T00:58:43.466Z,6
DEMO-DEV-5016,466,2022-10-04T11:17:58.612Z,2026-09-24T06:57:00.646Z,6
DEMO-DEV-5151,466,2022-10-04T06:13:21.004Z,2026-09-28T21:14:21.225Z,7
DEMO-DEV-5370,466,2022-10-02T12:44:17.646Z,2026-09-29T03:41:40.352Z,7
DEMO-DEV-5450,466,2022-10-08T12:19:10.785Z,2026-09-29T15:28:00.485Z,7
DEMO-DEV-6696,466,2022-10-01T23:25:23.841Z,2026-09-30T00:12:18.735Z,7
DEMO-DEV-7389,466,2022-10-02T08:11:31.497Z,2026-09-16T04:53:03.370Z,7
DEMO-DEV-7563,466,2022-10-04T02:49:59.965Z,2026-09-27T22:10:23.460Z,6
DEMO-DEV-7815,466,2022-10-03T13:50:44.929Z,2026-09-28T02:12:36.524Z,7
DEMO-DEV-7861,466,2022-10-07T12:03:46.357Z,2026-09-30T02:53:21.455Z,6
DEMO-DEV-7950,466,2022-10-01T09:16:20.655Z,2026-09-29T07:31:50.597Z,7
DEMO-DEV-8360,466,2022-10-10T03:18:20.804Z,2026-09-29T04:00:10.524Z,7
DEMO-DEV-8439,466,2022-10-06T06:48:16.784Z,2026-09-25T04:24:46.205Z,6
DEMO-DEV-8518,466,2022-10-04T02:36:48.208Z,2026-09-24T12:20:39.949Z,7
DEMO-DEV-8672,466,2022-10-01T09:16:45.692Z,2026-09-26T06:36:39.885Z,6
DEMO-DEV-8900,466,2022-10-02T20:16:00.688Z,2026-09-29T00:35:09.315Z,7
DEMO-DEV-8924,466,2022-10-07T11:41:11.462Z,2026-09-28T13:48:18.714Z,5
DEMO-DEV-9385,466,2022-10-04T09:27:07.120Z,2026-09-29T07:35:07.523Z,6
DEMO-DEV-9408,466,2022-10-07T10:00:15.226Z,2026-09-27T08:05:30.692Z,6
DEMO-DEV-9621,466,2022-10-02T15:30:13.816Z,2026-09-16T03:26:36.289Z,7
DEMO-DEV-9659,466,2022-10-03T15:53:55.315Z,2026-09-25T19:49:16.948Z,6
DEMO-DEV-0161,465,2022-10-04T10:30:55.221Z,2026-09-29T05:51:48.969Z,6
DEMO-DEV-0164,465,2022-10-01T14:12:20.636Z,2026-09-29T18:43:02.387Z,7
DEMO-DEV-0209,465,2022-10-03T22:32:00.688Z,2026-09-26T12:44:01.045Z,6
DEMO-DEV-0295,465,2022-10-02T09:55:10.354Z,2026-09-29T07:53:10.591Z,7
DEMO-DEV-0356,465,2022-10-07T09:05:18.692Z,2026-09-30T06:32:05.155Z,6
DEMO-DEV-0601,465,2022-10-02T17:13:24.365Z,2026-09-30T04:18:36.877Z,6
DEMO-DEV-0788,465,2022-10-04T23:06:01.836Z,2026-09-20T03:20:06.614Z,6
DEMO-DEV-1161,465,2022-10-03T03:41:36.535Z,2026-09-29T10:04:59.446Z,6
DEMO-DEV-1534,465,2022-10-04T10:05:32.968Z,2026-09-26T16:11:54.885Z,6
DEMO-DEV-1694,465,2022-10-07T02:35:46.612Z,2026-09-22T14:40:54.929Z,6
DEMO-DEV-1887,465,2022-10-09T04:21:17.183Z,2026-09-29T04:34:22.218Z,7
DEMO-DEV-2345,465,2022-10-01T12:29:10.597Z,2026-09-22T07:01:54.841Z,6
DEMO-DEV-2541,465,2022-10-01T15:19:40.192Z,2026-09-30T06:26:30.782Z,7
DEMO-DEV-3327,465,2022-10-06T14:52:48.208Z,2026-09-26T14:56:20.785Z,6
DEMO-DEV-3346,465,2022-10-02T01:03:10.765Z,2026-09-27T21:47:33.666Z,7
DEMO-DEV-3406,465,2022-10-02T06:11:43.160Z,2026-09-27T07:10:27.037Z,6
DEMO-DEV-3418,465,2022-10-10T10:53:04.842Z,2026-09-28T16:29:29.302Z,6
DEMO-DEV-3598,465,2022-10-14T03:11:17.786Z,2026-09-28T21:05:53.591Z,7
DEMO-DEV-3661,465,2022-10-02T09:21:02.470Z,2026-09-25T16:20:59.851Z,7
DEMO-DEV-3750,465,2022-10-01T18:00:11.817Z,2026-09-30T04:20:48.668Z,7
DEMO-DEV-3986,465,2022-10-07T18:09:43.038Z,2026-09-30T05:50:22.799Z,7
DEMO-DEV-4138,465,2022-10-01T13:03:34.646Z,2026-09-28T01:46:17.870Z,6
DEMO-DEV-4307,465,2022-10-03T22:19:50.754Z,2026-09-30T05:26:32.173Z,6
DEMO-DEV-4440,465,2022-10-02T20:38:22.714Z,2026-09-29T07:15:50.948Z,7
DEMO-DEV-4721,465,2022-10-01T10:07:40.976Z,2026-09-23T00:57:52.446Z,7
DEMO-DEV-4854,465,2022-10-01T12:11:56.719Z,2026-09-26T15:42:24.337Z,6
DEMO-DEV-4972,465,2022-10-10T23:44:36.470Z,2026-09-29T13:36:12.987Z,6
DEMO-DEV-5248,465,2022-10-02T18:57:55.778Z,2026-09-25T18:39:24.134Z,7
DEMO-DEV-5404,465,2022-10-07T15:48:33.505Z,2026-09-28T16:56:53.527Z,7
DEMO-DEV-5577,465,2022-10-05T02:57:38.989Z,2026-09-26T04:10:51.428Z,6
DEMO-DEV-5604,465,2022-10-02T05:29:35.391Z,2026-09-29T13:12:51.879Z,6
DEMO-DEV-5701,465,2022-10-02T15:30:01.063Z,2026-09-29T11:45:20.203Z,6
DEMO-DEV-5771,465,2022-10-01T19:21:33.192Z,2026-09-25T11:50:31.524Z,6
DEMO-DEV-5972,465,2022-10-01T12:04:58.352Z,2026-09-27T05:08:39.003Z,6
DEMO-DEV-6048,465,2022-10-02T07:20:26.252Z,2026-09-24T05:30:18.795Z,6
DEMO-DEV-6135,465,2022-10-03T20:50:08.325Z,2026-09-27T12:46:03.232Z,6
DEMO-DEV-6202,465,2022-10-01T16:56:23.503Z,2026-09-29T13:49:13.989Z,6
DEMO-DEV-6238,465,2022-10-01T12:50:40.298Z,2026-09-29T01:34:13.842Z,6
DEMO-DEV-6258,465,2022-10-03T00:22:53.368Z,2026-09-27T15:15:12.976Z,7
DEMO-DEV-6552,465,2022-10-06T23:31:58.892Z,2026-09-28T12:09:30.825Z,6
DEMO-DEV-6657,465,2022-10-02T12:37:49.754Z,2026-09-26T01:51:00.648Z,7
DEMO-DEV-6928,465,2022-10-01T15:53:21.754Z,2026-09-25T03:33:18.073Z,7
DEMO-DEV-7003,465,2022-10-05T19:54:30.298Z,2026-09-26T21:37:19.403Z,6
DEMO-DEV-7180,465,2022-10-04T09:42:48.867Z,2026-09-29T07:25:07.428Z,6
DEMO-DEV-7190,465,2022-10-05T23:37:49.442Z,2026-09-30T00:09:05.989Z,7
DEMO-DEV-7277,465,2022-10-11T02:43:03.584Z,2026-09-30T01:12:59.300Z,6
DEMO-DEV-7391,465,2022-10-02T05:22:12.224Z,2026-09-27T03:40:20.524Z,6
DEMO-DEV-7489,465,2022-10-03T14:09:34.870Z,2026-09-18T09:05:23.702Z,6
DEMO-DEV-7633,465,2022-10-04T15:39:30.784Z,2026-09-30T04:43:13.568Z,6
DEMO-DEV-7636,465,2022-10-02T04:54:32.607Z,2026-09-29T03:44:00.989Z,7
DEMO-DEV-7659,465,2022-10-05T23:53:22.460Z,2026-09-29T07:16:51.806Z,6
DEMO-DEV-7664,465,2022-10-04T23:28:40.038Z,2026-09-29T10:20:48.870Z,6
DEMO-DEV-7673,465,2022-10-03T22:37:34.949Z,2026-09-29T23:49:38.793Z,7
DEMO-DEV-7757,465,2022-10-04T02:00:44.357Z,2026-09-29T05:11:08.793Z,7
DEMO-DEV-7900,465,2022-10-01T19:01:04.165Z,2026-09-30T06:18:25.719Z,7
DEMO-DEV-7941,465,2022-10-07T06:36:01.138Z,2026-09-29T15:56:59.446Z,5
DEMO-DEV-7983,465,2022-10-01T10:16:01.879Z,2026-09-21T01:03:09.646Z,7
DEMO-DEV-8349,465,2022-10-10T10:05:54.057Z,2026-09-26T22:00:48.557Z,7
DEMO-DEV-8696,465,2022-10-03T19:02:29.337Z,2026-09-29T23:14:01.914Z,6
DEMO-DEV-8840,465,2022-10-02T01:30:17.702Z,2026-09-27T03:22:13.192Z,7
DEMO-DEV-8986,465,2022-10-01T16:58:19.618Z,2026-09-24T05:02:25.254Z,6
DEMO-DEV-9171,465,2022-10-03T11:47:59.865Z,2026-09-28T19:20:56.816Z,6
DEMO-DEV-9235,465,2022-10-15T11:02:30.885Z,2026-09-26T20:53:57.150Z,7
DEMO-DEV-9244,465,2022-10-05T18:17:09.710Z,2026-09-20T20:03:52.291Z,7
DEMO-DEV-9506,465,2022-10-09T06:32:19.816Z,2026-09-29T09:48:34.618Z,6
DEMO-DEV-9542,465,2022-10-02T02:29:51.605Z,2026-09-30T07:52:34.568Z,6
DEMO-DEV-0061,464,2022-10-04T17:49:44.989Z,2026-09-29T10:45:57.446Z,7
DEMO-DEV-0066,464,2022-10-05T23:30:10.370Z,2026-09-26T05:36:47.428Z,6
DEMO-DEV-0124,464,2022-10-04T05:30:30.692Z,2026-09-26T10:26:28.989Z,7
DEMO-DEV-0242,464,2022-10-03T00:19:30.226Z,2026-09-29T10:30:56.738Z,6
DEMO-DEV-0439,464,2022-10-01T09:11:43.976Z,2026-09-29T12:08:53.965Z,7
DEMO-DEV-0682,464,2022-10-07T12:58:51.646Z,2026-09-30T03:28:52.253Z,6
DEMO-DEV-0873,464,2022-10-02T05:44:15.523Z,2026-09-29T16:06:06.021Z,6
DEMO-DEV-1260,464,2022-10-06T23:56:49.027Z,2026-09-27T09:50:43.307Z,7
DEMO-DEV-1643,464,2022-10-15T11:50:55.250Z,2026-09-27T15:31:48.428Z,7
DEMO-DEV-1668,464,2022-10-02T12:44:52.390Z,2026-09-14T08:21:04.929Z,7
DEMO-DEV-2928,464,2022-10-02T08:25:58.123Z,2026-09-29T01:44:18.120Z,7
DEMO-DEV-2933,464,2022-10-06T15:46:37.037Z,2026-09-29T23:58:33.891Z,7
DEMO-DEV-2953,464,2022-10-07T10:55:00.225Z,2026-09-19T08:11:37.218Z,7
DEMO-DEV-3597,464,2022-10-01T22:28:32.682Z,2026-09-30T03:13:36.428Z,6
DEMO-DEV-3833,464,2022-10-05T08:43:36.584Z,2026-09-27T23:08:49.865Z,7
DEMO-DEV-3849,464,2022-10-09T06:37:47.519Z,2026-09-27T07:41:51.612Z,7
DEMO-DEV-4491,464,2022-10-02T07:22:37.470Z,2026-09-29T20:20:38.816Z,6
DEMO-DEV-4582,464,2022-10-06T07:14:36.190Z,2026-09-30T05:39:51.817Z,6
DEMO-DEV-4613,464,2022-10-07T03:17:03.183Z,2026-09-27T09:01:16.063Z,6
DEMO-DEV-5364,464,2022-10-01T19:30:59.138Z,2026-09-24T10:59:58.607Z,7
DEMO-DEV-5405,464,2022-10-09T03:04:41.205Z,2026-09-22T20:04:14.843Z,6
DEMO-DEV-5830,464,2022-10-02T05:05:56.825Z,2026-09-29T19:07:34.068Z,7
DEMO-DEV-6254,464,2022-10-01T22:56:35.653Z,2026-09-24T10:58:33.239Z,7
DEMO-DEV-6327,464,2022-10-05T06:07:00.992Z,2026-09-22T15:36:25.568Z,7
DEMO-DEV-6368,464,2022-10-07T20:44:39.470Z,2026-09-27T02:07:09.873Z,7
DEMO-DEV-6463,464,2022-10-08T14:42:08.825Z,2026-09-27T19:51:57.470Z,6
DEMO-DEV-6610,464,2022-10-05T13:09:38.500Z,2026-09-29T15:32:53.535Z,7
DEMO-DEV-6667,464,2022-10-01T23:34:15.648Z,2026-09-26T06:07:40.139Z,6
DEMO-DEV-6722,464,2022-10-03T05:19:55.535Z,2026-09-29T19:45:35.727Z,7
DEMO-DEV-7098,464,2022-10-02T10:29:02.859Z,2026-09-30T03:16:23.390Z,6
DEMO-DEV-7137,464,2022-10-03T08:53:43.172Z,2026-09-30T06:50:55.038Z,7
DEMO-DEV-7246,464,2022-10-04T22:31:35.846Z,2026-09-26T16:07:29.168Z,7
DEMO-DEV-7262,464,2022-10-08T17:02:52.817Z,2026-09-26T21:13:26.917Z,7
DEMO-DEV-7415,464,2022-10-02T11:47:28.535Z,2026-09-28T22:34:27.836Z,6
DEMO-DEV-7556,464,2022-10-19T00:05:31.253Z,2026-09-29T01:30:10.190Z,7
DEMO-DEV-7813,464,2022-10-04T07:54:46.884Z,2026-09-24T01:30:21.752Z,7
DEMO-DEV-8159,464,2022-10-03T17:06:39.537Z,2026-09-29T08:19:33.556Z,7
DEMO-DEV-8329,464,2022-10-03T08:51:07.287Z,2026-09-27T20:12:58.165Z,7
DEMO-DEV-8370,464,2022-10-02T21:35:08.914Z,2026-09-29T21:46:36.976Z,7
DEMO-DEV-8519,464,2022-10-06T22:44:01.138Z,2026-09-26T19:29:20.811Z,6
DEMO-DEV-9272,464,2022-10-01T14:18:08.841Z,2026-09-24T10:11:47.120Z,7
DEMO-DEV-9406,464,2022-10-07T07:05:05.885Z,2026-09-29T17:24:08.252Z,7
DEMO-DEV-9527,464,2022-10-03T02:28:23.428Z,2026-09-29T03:12:19.442Z,7
DEMO-DEV-9800,464,2022-10-03T19:01:52.806Z,2026-09-28T04:47:42.519Z,7
DEMO-DEV-0276,463,2022-10-05T05:07:41.402Z,2026-09-28T03:06:37.183Z,6
DEMO-DEV-1177,463,2022-10-02T03:23:31.493Z,2026-09-19T21:32:17.024Z,6
DEMO-DEV-1269,463,2022-10-02T02:41:55.568Z,2026-09-29T17:53:30.003Z,7
DEMO-DEV-1332,463,2022-10-02T09:45:39.252Z,2026-09-26T14:24:22.612Z,7
DEMO-DEV-1429,463,2022-10-02T21:58:28.466Z,2026-09-24T14:10:09.513Z,6
DEMO-DEV-1937,463,2022-10-10T23:58:10.950Z,2026-09-29T00:01:30.014Z,7
DEMO-DEV-2118,463,2022-10-04T00:13:46.811Z,2026-09-13T13:56:05.870Z,7
DEMO-DEV-2616,463,2022-10-02T09:43:48.397Z,2026-09-28T19:35:56.370Z,7
DEMO-DEV-3369,463,2022-10-01T15:52:53.234Z,2026-09-26T06:40:26.460Z,7
DEMO-DEV-3511,463,2022-10-02T14:05:12.966Z,2026-09-28T20:18:52.885Z,6
DEMO-DEV-3752,463,2022-10-02T05:05:11.291Z,2026-09-26T17:26:13.485Z,7
DEMO-DEV-4106,463,2022-10-03T10:21:41.692Z,2026-09-28T05:04:34.752Z,7
DEMO-DEV-4278,463,2022-10-06T08:27:16.402Z,2026-09-23T02:03:12.370Z,6
DEMO-DEV-4753,463,2022-10-02T06:29:36.949Z,2026-09-29T17:00:48.307Z,7
DEMO-DEV-5171,463,2022-10-01T20:37:50.591Z,2026-09-28T05:55:30.345Z,7
DEMO-DEV-5189,463,2022-10-07T14:57:48.599Z,2026-09-27T06:22:25.524Z,6
DEMO-DEV-5203,463,2022-10-01T19:20:04.859Z,2026-09-23T13:28:49.842Z,7
DEMO-DEV-5708,463,2022-10-03T11:22:39.537Z,2026-09-20T19:14:53.291Z,7
DEMO-DEV-6093,463,2022-10-01T22:42:30.218Z,2026-09-28T04:35:06.682Z,7
DEMO-DEV-6116,463,2022-10-02T09:42:19.545Z,2026-09-23T16:31:05.870Z,7
DEMO-DEV-6565,463,2022-10-02T23:30:08.948Z,2026-09-11T11:34:34.992Z,7
DEMO-DEV-6848,463,2022-10-01T22:11:50.877Z,2026-09-28T01:45:21.965Z,7
DEMO-DEV-7049,463,2022-10-02T16:16:34.236Z,2026-09-25T17:58:03.315Z,7
DEMO-DEV-7114,463,2022-10-02T02:43:29.090Z,2026-09-26T22:10:05.974Z,7
DEMO-DEV-7869,463,2022-10-05T21:31:34.785Z,2026-09-29T20:49:33.402Z,7
DEMO-DEV-8000,463,2022-10-02T14:35:38.727Z,2026-09-29T01:13:02.816Z,7
DEMO-DEV-8093,463,2022-10-04T20:19:36.969Z,2026-09-29T02:15:27.236Z,6
DEMO-DEV-8221,463,2022-10-02T08:51:27.591Z,2026-09-29T12:17:09.090Z,7
DEMO-DEV-8257,463,2022-10-01T10:03:48.653Z,2026-09-29T03:26:42.646Z,7
DEMO-DEV-8290,463,2022-10-04T20:24:51.234Z,2026-09-26T21:48:53.291Z,7
DEMO-DEV-8448,463,2022-10-06T16:12:25.190Z,2026-09-29T20:32:57.253Z,6
DEMO-DEV-8557,463,2022-10-07T14:20:47.403Z,2026-09-28T13:23:09.859Z,7
DEMO-DEV-8801,463,2022-10-04T08:22:29.646Z,2026-09-26T23:29:07.752Z,6
DEMO-DEV-8820,463,2022-10-16T10:52:08.394Z,2026-09-30T03:19:56.352Z,7
DEMO-DEV-9690,463,2022-10-03T23:42:51.765Z,2026-09-24T18:15:28.527Z,7
DEMO-DEV-0597,462,2022-10-08T00:41:16.004Z,2026-09-29T11:56:16.173Z,6
DEMO-DEV-0605,462,2022-10-09T00:34:05.230Z,2026-09-28T13:20:44.307Z,5
DEMO-DEV-0702,462,2022-10-03T01:24:40.087Z,2026-09-30T01:13:53.254Z,7
DEMO-DEV-0891,462,2022-10-03T14:43:42.891Z,2026-09-26T23:39:26.537Z,6
DEMO-DEV-1048,462,2022-10-01T15:29:20.966Z,2026-09-26T15:08:35.138Z,6
DEMO-DEV-1068,462,2022-10-02T21:27:01.230Z,2026-09-25T00:14:28.599Z,7
DEMO-DEV-1707,462,2022-10-08T00:44:59.264Z,2026-09-27T17:54:44.394Z,7
DEMO-DEV-1728,462,2022-10-02T08:03:12.428Z,2026-09-30T06:18:31.291Z,7
DEMO-DEV-2312,462,2022-10-01T11:16:55.298Z,2026-09-27T12:30:08.524Z,6
DEMO-DEV-2335,462,2022-10-02T09:06:50.391Z,2026-09-27T18:11:29.591Z,7
DEMO-DEV-2786,462,2022-10-04T05:14:57.865Z,2026-09-29T10:22:57.688Z,7
DEMO-DEV-2901,462,2022-10-07T05:57:43.160Z,2026-09-23T23:55:27.993Z,7
DEMO-DEV-3018,462,2022-10-12T23:31:33.500Z,2026-09-30T06:16:01.503Z,7
DEMO-DEV-3237,462,2022-10-02T22:09:46.873Z,2026-09-25T11:36:03.727Z,6
DEMO-DEV-3553,462,2022-10-03T12:03:51.688Z,2026-09-26T18:30:17.714Z,7
DEMO-DEV-3568,462,2022-10-11T12:09:37.221Z,2026-09-30T02:38:14.839Z,6
DEMO-DEV-3957,462,2022-10-04T07:25:50.485Z,2026-09-29T14:55:40.688Z,7
DEMO-DEV-4337,462,2022-10-01T18:43:31.870Z,2026-09-29T05:27:22.655Z,6
DEMO-DEV-4384,462,2022-10-01T19:57:02.063Z,2026-09-22T17:07:25.319Z,6
DEMO-DEV-4655,462,2022-10-10T09:17:44.519Z,2026-09-29T02:32:51.523Z,7
DEMO-DEV-4849,462,2022-10-03T03:07:51.578Z,2026-09-17T13:30:07.803Z,6
DEMO-DEV-4984,462,2022-10-11T13:58:32.511Z,2026-09-24T08:57:10.302Z,7
DEMO-DEV-5161,462,2022-10-02T00:51:49.090Z,2026-09-28T00:23:10.735Z,7
DEMO-DEV-5310,462,2022-10-03T21:16:20.985Z,2026-09-29T20:37:20.057Z,7
DEMO-DEV-5666,462,2022-10-04T13:16:42.653Z,2026-09-29T19:09:00.302Z,7
DEMO-DEV-5667,462,2022-10-03T11:33:41.226Z,2026-09-30T00:33:09.719Z,7
DEMO-DEV-5673,462,2022-10-03T00:02:58.239Z,2026-09-27T22:50:27.183Z,6
DEMO-DEV-5684,462,2022-10-02T12:45:35.863Z,2026-09-29T14:47:36.778Z,6
DEMO-DEV-5727,462,2022-10-05T00:12:23.021Z,2026-09-28T00:36:49.784Z,6
DEMO-DEV-5991,462,2022-10-05T09:36:17.976Z,2026-09-30T02:59:58.865Z,7
DEMO-DEV-6036,462,2022-10-02T10:27:09.614Z,2026-09-27T21:13:19.524Z,7
DEMO-DEV-6065,462,2022-10-03T13:59:53.189Z,2026-09-29T04:48:08.308Z,7
DEMO-DEV-6099,462,2022-10-20T22:00:32.612Z,2026-09-30T03:34:42.892Z,6
DEMO-DEV-6598,462,2022-10-14T10:43:00.165Z,2026-09-25T07:40:06.003Z,7
DEMO-DEV-6654,462,2022-10-05T06:15:43.688Z,2026-09-22T20:15:01.428Z,6
DEMO-DEV-7610,462,2022-10-04T20:52:59.913Z,2026-09-19T07:10:40.272Z,7
DEMO-DEV-8331,462,2022-10-06T17:37:01.864Z,2026-09-23T06:42:51.969Z,7
DEMO-DEV-8643,462,2022-10-01T23:07:16.370Z,2026-09-29T03:29:25.870Z,6
DEMO-DEV-8666,462,2022-10-01T16:13:51.366Z,2026-09-26T00:36:39.218Z,6
DEMO-DEV-8810,462,2022-10-11T08:39:17.302Z,2026-09-24T18:53:35.045Z,6
DEMO-DEV-8968,462,2022-10-05T08:51:51.466Z,2026-09-28T19:40:09.513Z,6
DEMO-DEV-8970,462,2022-10-02T19:22:11.040Z,2026-09-30T04:22:35.710Z,7
DEMO-DEV-9145,462,2022-10-03T16:34:01.172Z,2026-09-26T01:51:31.037Z,7
DEMO-DEV-9314,462,2022-10-04T08:02:04.192Z,2026-09-24T18:37:04.232Z,7
DEMO-DEV-9579,462,2022-10-02T20:33:00.428Z,2026-09-23T07:55:43.508Z,6
DEMO-DEV-9864,462,2022-10-02T05:19:09.120Z,2026-09-26T22:40:02.846Z,7
DEMO-DEV-0028,461,2022-10-02T17:47:18.605Z,2026-09-24T19:07:45.150Z,6
DEMO-DEV-0172,461,2022-10-02T14:54:11.252Z,2026-09-28T21:53:46.555Z,7
DEMO-DEV-0187,461,2022-10-02T16:31:19.692Z,2026-09-26T21:02:46.682Z,7
DEMO-DEV-0607,461,2022-10-01T22:06:22.591Z,2026-09-30T00:39:12.785Z,6
DEMO-DEV-1181,461,2022-10-12T02:50:26.661Z,2026-09-25T04:14:52.068Z,7
DEMO-DEV-1614,461,2022-10-02T10:02:33.799Z,2026-09-28T14:27:53.470Z,6
DEMO-DEV-1635,461,2022-10-02T17:15:48.599Z,2026-09-23T22:41:15.605Z,7
DEMO-DEV-1990,461,2022-10-06T18:49:07.607Z,2026-09-29T17:34:13.268Z,6
DEMO-DEV-2245,461,2022-10-05T12:09:09.524Z,2026-09-28T20:55:47.168Z,7
DEMO-DEV-2477,461,2022-10-03T06:05:31.315Z,2026-09-28T00:04:59.120Z,7
DEMO-DEV-2584,461,2022-10-05T05:22:00.782Z,2026-09-29T09:48:01.537Z,5
DEMO-DEV-2685,461,2022-10-09T06:49:21.793Z,2026-09-22T00:30:26.409Z,6
DEMO-DEV-2763,461,2022-10-04T15:53:31.218Z,2026-09-23T08:16:02.160Z,7
DEMO-DEV-3160,461,2022-10-08T00:32:23.203Z,2026-09-27T05:25:07.992Z,7
DEMO-DEV-3427,461,2022-10-03T17:25:04.658Z,2026-09-28T21:02:03.307Z,6
DEMO-DEV-3871,461,2022-10-03T18:49:42.816Z,2026-09-23T21:00:35.038Z,7
DEMO-DEV-4103,461,2022-10-02T06:15:21.024Z,2026-09-21T02:19:38.075Z,7
DEMO-DEV-4701,461,2022-10-02T19:29:58.976Z,2026-09-30T04:34:37.803Z,7
DEMO-DEV-4922,461,2022-10-04T15:28:07.077Z,2026-09-29T19:03:32.607Z,7
DEMO-DEV-5563,461,2022-10-02T06:57:43.527Z,2026-09-25T17:29:40.287Z,7
DEMO-DEV-5698,461,2022-10-13T01:50:50.843Z,2026-09-29T14:12:22.253Z,7
DEMO-DEV-5770,461,2022-10-03T11:34:16.455Z,2026-09-25T06:43:42.123Z,7
DEMO-DEV-6043,461,2022-10-09T01:36:35.811Z,2026-09-25T14:07:11.173Z,7
DEMO-DEV-6105,461,2022-10-04T22:10:46.859Z,2026-09-26T21:47:26.291Z,6
DEMO-DEV-6806,461,2022-10-03T17:02:34.253Z,2026-09-26T19:43:29.817Z,7
DEMO-DEV-6845,461,2022-10-01T09:25:08.155Z,2026-09-28T10:53:20.291Z,6
DEMO-DEV-7067,461,2022-10-03T08:57:11.929Z,2026-09-29T10:22:11.752Z,6
DEMO-DEV-7111,461,2022-10-02T05:24:18.460Z,2026-09-18T12:40:49.472Z,7
DEMO-DEV-7395,461,2022-10-06T18:46:07.682Z,2026-09-29T00:44:40.208Z,6
DEMO-DEV-7475,461,2022-10-01T21:39:53.023Z,2026-09-27T03:11:34.666Z,6
DEMO-DEV-7842,461,2022-10-02T09:28:57.466Z,2026-09-28T02:16:39.428Z,6
DEMO-DEV-7847,461,2022-10-01T20:58:14.578Z,2026-09-23T10:11:32.387Z,7
DEMO-DEV-8038,461,2022-10-06T06:16:32.246Z,2026-09-27T16:34:25.428Z,7
DEMO-DEV-8724,461,2022-10-01T15:09:01.917Z,2026-09-28T23:19:51.038Z,7
DEMO-DEV-8861,461,2022-10-06T21:08:46.172Z,2026-09-29T09:49:29.879Z,6
DEMO-DEV-9044,461,2022-10-02T23:24:31.985Z,2026-09-29T09:56:31.337Z,7
DEMO-DEV-9301,461,2022-10-08T16:26:07.795Z,2026-09-29T12:13:22.203Z,7
DEMO-DEV-9355,461,2022-10-02T03:37:55.614Z,2026-09-22T17:28:58.989Z,7
DEMO-DEV-9356,461,2022-10-11T20:53:39.205Z,2026-09-25T09:35:20.545Z,7
DEMO-DEV-9747,461,2022-10-01T17:18:23.754Z,2026-09-24T01:30:09.666Z,6
DEMO-DEV-0042,460,2022-10-03T16:08:08.357Z,2026-09-29T06:50:10.806Z,6
DEMO-DEV-0131,460,2022-10-07T22:11:34.891Z,2026-09-27T16:29:47.870Z,6
DEMO-DEV-0165,460,2022-10-01T22:31:37.298Z,2026-09-28T20:56:16.472Z,7
DEMO-DEV-0620,460,2022-10-05T12:36:56.555Z,2026-09-27T15:32:06.948Z,6
DEMO-DEV-0769,460,2022-10-02T22:25:46.879Z,2026-09-21T23:43:48.816Z,7
DEMO-DEV-0828,460,2022-10-07T06:14:05.394Z,2026-09-29T18:59:40.949Z,7
DEMO-DEV-0865,460,2022-10-03T11:51:22.004Z,2026-09-28T17:09:13.268Z,7
DEMO-DEV-1890,460,2022-10-04T21:54:07.545Z,2026-09-28T13:30:44.470Z,6
DEMO-DEV-2020,460,2022-10-09T00:41:17.754Z,2026-09-29T04:33:45.785Z,7
DEMO-DEV-2562,460,2022-10-03T10:02:52.239Z,2026-09-24T23:46:44.702Z,6
DEMO-DEV-3145,460,2022-10-05T09:59:12.337Z,2026-09-28T21:44:19.402Z,6
DEMO-DEV-3165,460,2022-10-01T11:04:16.646Z,2026-09-28T09:15:38.508Z,6
DEMO-DEV-3338,460,2022-10-08T07:54:58.234Z,2026-09-28T08:54:22.161Z,6
DEMO-DEV-3367,460,2022-10-01T18:56:34.752Z,2026-09-23T19:07:19.597Z,7
DEMO-DEV-3686,460,2022-10-05T09:23:33.192Z,2026-09-28T06:24:59.462Z,7
DEMO-DEV-3917,460,2022-10-04T02:07:05.319Z,2026-09-20T06:45:33.618Z,6
DEMO-DEV-3998,460,2022-10-02T12:02:42.806Z,2026-09-30T04:52:34.080Z,5
DEMO-DEV-4795,460,2022-10-04T20:33:10.189Z,2026-09-21T07:14:59.658Z,6
DEMO-DEV-4850,460,2022-10-06T23:36:11.591Z,2026-09-26T01:11:48.929Z,7
DEMO-DEV-5700,460,2022-10-06T07:06:53.786Z,2026-09-29T12:44:31.208Z,6
DEMO-DEV-6014,460,2022-10-01T23:04:31.003Z,2026-09-27T08:40:53.409Z,6
DEMO-DEV-6071,460,2022-10-04T21:19:40.394Z,2026-09-29T13:12:47.859Z,6
DEMO-DEV-6157,460,2022-10-03T11:36:12.120Z,2026-09-28T19:09:15.785Z,6
DEMO-DEV-6369,460,2022-10-01T19:23:15.863Z,2026-09-28T18:05:19.236Z,6
DEMO-DEV-6705,460,2022-10-03T13:54:03.976Z,2026-09-30T04:55:42.976Z,6
DEMO-DEV-6932,460,2022-10-07T12:25:20.825Z,2026-09-26T00:03:20.189Z,7
DEMO-DEV-6995,460,2022-10-04T07:44:32.735Z,2026-09-29T03:02:28.867Z,6
DEMO-DEV-7025,460,2022-10-02T23:42:48.466Z,2026-09-24T11:50:35.123Z,7
DEMO-DEV-7392,460,2022-10-04T03:54:30.230Z,2026-09-25T06:35:44.038Z,6
DEMO-DEV-7432,460,2022-10-01T14:47:33.864Z,2026-09-26T19:42:37.607Z,6
DEMO-DEV-7738,460,2022-10-02T01:10:44.915Z,2026-09-23T00:10:41.024Z,7
DEMO-DEV-7798,460,2022-10-04T21:13:04.087Z,2026-09-30T02:38:39.648Z,6
DEMO-DEV-7885,460,2022-10-04T14:42:57.607Z,2026-09-26T05:14:13.891Z,7
DEMO-DEV-8064,460,2022-10-09T15:40:36.846Z,2026-09-23T15:20:49.428Z,7
DEMO-DEV-8181,460,2022-10-03T12:25:49.825Z,2026-09-27T15:50:09.727Z,7
DEMO-DEV-8348,460,2022-10-06T04:57:29.817Z,2026-09-28T13:25:17.370Z,7
DEMO-DEV-8720,460,2022-10-17T14:39:45.238Z,2026-09-24T10:08:05.394Z,6
DEMO-DEV-8833,460,2022-10-03T19:20:11.045Z,2026-09-28T20:57:46.523Z,6
DEMO-DEV-0119,459,2022-10-06T06:03:17.846Z,2026-09-20T09:42:59.470Z,6
DEMO-DEV-0700,459,2022-10-07T10:48:00.391Z,2026-09-27T13:02:58.811Z,7
DEMO-DEV-0960,459,2022-10-03T20:39:14.885Z,2026-09-29T23:58:32.605Z,7
DEMO-DEV-1037,459,2022-10-06T20:48:51.493Z,2026-09-22T13:43:00.578Z,7
DEMO-DEV-1166,459,2022-10-01T11:30:07.068Z,2026-09-28T20:05:26.817Z,6
DEMO-DEV-1836,459,2022-10-01T08:57:43.513Z,2026-09-29T05:54:10.472Z,7
DEMO-DEV-1895,459,2022-10-02T12:23:47.211Z,2026-09-29T18:46:24.298Z,7
DEMO-DEV-2029,459,2022-10-04T04:16:28.390Z,2026-09-29T23:52:33.503Z,6
DEMO-DEV-2108,459,2022-10-01T18:07:40.366Z,2026-09-28T02:04:20.026Z,7
DEMO-DEV-3402,459,2022-10-03T22:41:53.168Z,2026-09-29T15:57:09.557Z,7
DEMO-DEV-3758,459,2022-10-02T19:14:07.319Z,2026-09-29T10:14:59.300Z,5
DEMO-DEV-3811,459,2022-10-02T15:38:42.173Z,2026-09-28T19:17:24.224Z,6
DEMO-DEV-4197,459,2022-10-03T23:44:30.024Z,2026-09-24T20:30:32.676Z,6
DEMO-DEV-4256,459,2022-10-06T02:59:42.682Z,2026-09-30T05:31:30.915Z,6
DEMO-DEV-4620,459,2022-10-05T07:28:15.806Z,2026-09-30T07:41:15.948Z,7
DEMO-DEV-5004,459,2022-10-02T05:21:27.992Z,2026-09-29T23:41:53.612Z,7
DEMO-DEV-5117,459,2022-10-01T13:16:45.123Z,2026-09-28T08:00:17.462Z,7
DEMO-DEV-5279,459,2022-10-04T19:12:59.682Z,2026-09-27T22:46:03.246Z,6
DEMO-DEV-5290,459,2022-10-02T22:13:11.612Z,2026-09-29T22:12:51.397Z,7
DEMO-DEV-5473,459,2022-10-03T12:25:38.806Z,2026-09-25T07:56:04.555Z,7
DEMO-DEV-5509,459,2022-10-02T08:55:45.786Z,2026-09-25T06:20:02.460Z,6
DEMO-DEV-6023,459,2022-10-01T21:53:11.394Z,2026-09-27T08:01:01.268Z,7
DEMO-DEV-6226,459,2022-10-10T03:31:39.513Z,2026-09-29T10:09:55.545Z,7
DEMO-DEV-6277,459,2022-10-10T17:26:28.537Z,2026-09-23T20:56:09.308Z,6
DEMO-DEV-6822,459,2022-10-04T05:34:54.250Z,2026-09-28T16:36:56.568Z,7
DEMO-DEV-6987,459,2022-10-02T08:03:22.793Z,2026-09-24T22:13:42.727Z,7
DEMO-DEV-7269,459,2022-10-03T12:59:43.232Z,2026-09-26T00:12:15.639Z,7
DEMO-DEV-7577,459,2022-10-03T01:07:52.460Z,2026-09-28T15:48:53.929Z,6
DEMO-DEV-7600,459,2022-10-03T11:40:54.446Z,2026-09-30T07:13:12.974Z,6
DEMO-DEV-7783,459,2022-10-02T20:32:04.225Z,2026-09-23T03:07:44.409Z,7
DEMO-DEV-8500,459,2022-10-05T03:37:56.968Z,2026-09-24T15:32:58.354Z,7
DEMO-DEV-8530,459,2022-10-03T16:26:47.391Z,2026-09-29T08:47:10.688Z,7
DEMO-DEV-8652,459,2022-10-02T18:37:17.208Z,2026-09-28T23:55:26.120Z,7
DEMO-DEV-8823,459,2022-10-05T14:03:56.203Z,2026-09-24T00:04:13.778Z,7
DEMO-DEV-8957,459,2022-10-03T01:00:49.648Z,2026-09-28T10:29:13.968Z,7
DEMO-DEV-8995,459,2022-10-03T02:00:13.513Z,2026-09-28T03:06:20.913Z,7
DEMO-DEV-9211,459,2022-10-07T02:17:26.403Z,2026-09-27T05:54:46.803Z,7
DEMO-DEV-9251,459,2022-10-04T04:49:17.859Z,2026-09-30T05:44:58.239Z,7
DEMO-DEV-0798,458,2022-10-14T19:49:52.236Z,2026-09-30T07:45:35.150Z,7
DEMO-DEV-1639,458,2022-10-03T21:14:18.462Z,2026-09-25T23:20:53.288Z,7
DEMO-DEV-2191,458,2022-10-03T18:06:06.513Z,2026-09-28T00:33:10.090Z,6
DEMO-DEV-2240,458,2022-10-06T00:50:07.287Z,2026-09-29T07:44:50.234Z,7
DEMO-DEV-2485,458,2022-10-02T08:07:13.455Z,2026-09-28T16:17:22.535Z,7
DEMO-DEV-2626,458,2022-10-02T18:53:56.597Z,2026-09-20T15:48:38.470Z,7
DEMO-DEV-2705,458,2022-10-02T11:50:18.892Z,2026-09-29T03:33:53.500Z,6
DEMO-DEV-3085,458,2022-10-03T10:25:36.455Z,2026-09-27T11:46:50.710Z,6
DEMO-DEV-4821,458,2022-10-03T02:08:14.120Z,2026-09-25T04:38:11.987Z,6
DEMO-DEV-5241,458,2022-10-14T14:36:30.816Z,2026-09-28T08:53:36.345Z,7
DEMO-DEV-5301,458,2022-10-03T04:50:48.527Z,2026-09-29T22:31:20.224Z,7
DEMO-DEV-5576,458,2022-10-02T01:23:25.948Z,2026-09-19T21:52:43.653Z,6
DEMO-DEV-6082,458,2022-10-03T00:04:47.535Z,2026-09-21T19:06:19.015Z,7
DEMO-DEV-6590,458,2022-10-03T06:31:24.165Z,2026-09-28T20:34:06.134Z,6
DEMO-DEV-6614,458,2022-10-02T18:46:12.816Z,2026-09-13T04:39:41.557Z,7
DEMO-DEV-6664,458,2022-10-02T09:36:15.370Z,2026-09-27T02:05:36.345Z,7
DEMO-DEV-6693,458,2022-10-05T00:33:07.892Z,2026-09-29T10:22:00.368Z,6
DEMO-DEV-6771,458,2022-10-03T17:30:00.172Z,2026-09-25T03:29:20.676Z,7
DEMO-DEV-6829,458,2022-10-03T20:53:33.636Z,2026-09-29T07:58:37.298Z,5
DEMO-DEV-7473,458,2022-10-05T18:09:02.021Z,2026-09-29T21:17:29.224Z,7
DEMO-DEV-7835,458,2022-10-01T15:37:41.291Z,2026-09-27T14:42:11.172Z,7
DEMO-DEV-8071,458,2022-10-02T02:02:21.863Z,2026-09-29T12:03:27.505Z,6
DEMO-DEV-0185,457,2022-10-04T01:47:14.134Z,2026-09-23T20:17:59.968Z,7
DEMO-DEV-0287,457,2022-10-01T18:31:42.653Z,2026-09-29T03:00:41.816Z,7
DEMO-DEV-0329,457,2022-10-02T09:48:45.040Z,2026-09-29T14:53:59.337Z,7
DEMO-DEV-0383,457,2022-10-01T15:28:44.738Z,2026-09-29T03:07:18.727Z,7
DEMO-DEV-1285,457,2022-10-07T02:10:57.793Z,2026-09-30T01:43:56.155Z,7
DEMO-DEV-1572,457,2022-10-02T07:19:41.682Z,2026-09-30T04:23:36.519Z,7
DEMO-DEV-2945,457,2022-10-06T12:14:54.003Z,2026-09-22T03:12:48.268Z,6
DEMO-DEV-4158,457,2022-10-03T11:20:40.892Z,2026-09-29T11:41:36.087Z,7
DEMO-DEV-4262,457,2022-10-02T08:06:21.068Z,2026-09-29T15:58:12.714Z,7
DEMO-DEV-4786,457,2022-10-05T15:32:04.612Z,2026-09-30T04:46:05.846Z,6
DEMO-DEV-5861,457,2022-10-06T03:32:10.211Z,2026-09-17T22:58:08.300Z,7
DEMO-DEV-6097,457,2022-10-10T08:31:31.045Z,2026-09-29T17:57:52.682Z,6
DEMO-DEV-6485,457,2022-10-07T19:36:31.795Z,2026-09-27T19:41:26.222Z,6
DEMO-DEV-8169,457,2022-10-01T17:40:03.234Z,2026-09-30T06:26:28.884Z,7
DEMO-DEV-8310,457,2022-10-03T13:58:18.793Z,2026-09-28T12:51:54.597Z,7
DEMO-DEV-8636,457,2022-10-03T08:12:58.505Z,2026-09-26T22:19:57.239Z,7
DEMO-DEV-9311,457,2022-10-07T22:20:31.578Z,2026-09-24T08:24:55.203Z,7
DEMO-DEV-9442,457,2022-10-16T11:53:53.976Z,2026-09-27T18:41:29.315Z,7
DEMO-DEV-9670,457,2022-10-16T23:27:00.168Z,2026-09-29T00:57:57.555Z,7
DEMO-DEV-9841,457,2022-10-03T03:45:09.985Z,2026-09-29T06:03:26.403Z,7
DEMO-DEV-0890,456,2022-10-02T19:23:13.442Z,2026-09-19T17:37:50.842Z,7
DEMO-DEV-0922,456,2022-10-01T09:22:48.816Z,2026-09-28T11:51:44.503Z,7
DEMO-DEV-1141,456,2022-10-03T15:57:21.003Z,2026-09-22T19:09:02.646Z,6
DEMO-DEV-2060,456,2022-10-01T17:40:08.966Z,2026-09-27T09:10:26.648Z,7
DEMO-DEV-2279,456,2022-10-01T21:34:09.063Z,2026-09-20T21:36:35.368Z,7
DEMO-DEV-2434,456,2022-10-04T07:15:18.272Z,2026-09-26T07:17:37.870Z,7
DEMO-DEV-2780,456,2022-10-03T05:40:14.968Z,2026-09-29T11:14:27.868Z,7
DEMO-DEV-3486,456,2022-10-08T18:51:21.264Z,2026-09-28T19:40:32.120Z,6
DEMO-DEV-3878,456,2022-10-01T18:52:20.784Z,2026-09-28T05:30:55.968Z,6
DEMO-DEV-4414,456,2022-10-02T11:03:01.524Z,2026-09-30T03:48:47.370Z,7
DEMO-DEV-4676,456,2022-10-03T12:53:29.189Z,2026-09-27T03:33:07.658Z,7
DEMO-DEV-5303,456,2022-10-05T19:01:11.584Z,2026-09-29T12:09:12.138Z,7
DEMO-DEV-5543,456,2022-10-02T22:15:31.885Z,2026-09-28T14:04:47.817Z,7
DEMO-DEV-6138,456,2022-10-03T05:14:35.527Z,2026-09-27T03:51:28.230Z,6
DEMO-DEV-6182,456,2022-10-07T23:11:37.557Z,2026-09-25T03:36:15.236Z,7
DEMO-DEV-7332,456,2022-10-06T09:58:35.493Z,2026-09-27T09:18:32.390Z,7
DEMO-DEV-7828,456,2022-10-08T12:12:06.368Z,2026-09-21T11:00:56.470Z,7
DEMO-DEV-8234,456,2022-10-06T22:09:40.443Z,2026-09-16T09:47:45.508Z,6
DEMO-DEV-8354,456,2022-10-02T18:56:01.023Z,2026-09-29T04:51:40.864Z,5
DEMO-DEV-8653,456,2022-10-05T07:32:03.497Z,2026-09-27T21:03:49.682Z,7
DEMO-DEV-8953,456,2022-10-02T01:40:51.607Z,2026-09-17T16:50:17.470Z,7
DEMO-DEV-9707,456,2022-10-07T09:08:32.591Z,2026-09-30T01:58:18.987Z,7
DEMO-DEV-9860,456,2022-10-11T08:03:05.885Z,2026-09-17T20:37:23.014Z,7
DEMO-DEV-0102,455,2022-10-03T06:42:09.591Z,2026-09-27T12:36:06.987Z,6
DEMO-DEV-0193,455,2022-10-03T11:03:21.208Z,2026-09-30T03:20:15.511Z,6
DEMO-DEV-1242,455,2022-10-01T12:38:44.846Z,2026-09-29T10:24:08.120Z,7
DEMO-DEV-2556,455,2022-10-07T08:38:20.390Z,2026-09-24T09:34:13.428Z,7
DEMO-DEV-2592,455,2022-10-08T18:14:20.252Z,2026-09-29T16:31:15.291Z,7
DEMO-DEV-3582,455,2022-10-09T03:03:34.557Z,2026-09-27T23:26:31.950Z,7
DEMO-DEV-5817,455,2022-10-01T22:29:47.239Z,2026-09-21T10:12:24.527Z,6
DEMO-DEV-5877,455,2022-10-01T14:07:37.203Z,2026-09-29T11:19:04.710Z,7
DEMO-DEV-6420,455,2022-10-04T07:34:49.319Z,2026-09-29T14:54:20.646Z,7
DEMO-DEV-7333,455,2022-10-05T03:30:42.885Z,2026-09-30T05:26:18.289Z,7
DEMO-DEV-8243,455,2022-10-02T23:39:44.234Z,2026-09-28T09:26:28.319Z,7
DEMO-DEV-8332,455,2022-10-08T13:28:07.203Z,2026-09-25T13:16:38.172Z,7
DEMO-DEV-8392,455,2022-10-07T02:45:09.607Z,2026-09-29T07:22:22.892Z,6
DEMO-DEV-8595,455,2022-10-02T21:02:52.612Z,2026-09-27T02:54:06.138Z,6
DEMO-DEV-8612,455,2022-10-05T06:48:14.068Z,2026-09-28T08:18:15.738Z,7
DEMO-DEV-8905,455,2022-10-01T16:27:00.239Z,2026-09-29T02:32:14.792Z,6
DEMO-DEV-9326,455,2022-10-03T07:24:49.614Z,2026-09-27T14:09:00.816Z,7
DEMO-DEV-9498,455,2022-10-04T03:36:13.466Z,2026-09-29T13:49:52.239Z,7
DEMO-DEV-9744,455,2022-10-01T21:53:09.965Z,2026-09-27T08:46:32.037Z,6
DEMO-DEV-9914,455,2022-10-10T11:51:49.460Z,2026-09-29T00:35:09.851Z,7
DEMO-DEV-0451,454,2022-10-04T07:05:48.965Z,2026-09-29T15:46:37.870Z,7
DEMO-DEV-0968,454,2022-10-01T16:45:09.319Z,2026-09-23T08:41:18.612Z,6
DEMO-DEV-1149,454,2022-10-02T12:52:47.524Z,2026-09-27T16:50:44.836Z,7
DEMO-DEV-1153,454,2022-10-04T01:44:05.289Z,2026-09-23T19:09:01.155Z,6
DEMO-DEV-1582,454,2022-10-01T18:15:46.015Z,2026-09-28T02:51:52.839Z,7
DEMO-DEV-2910,454,2022-10-05T15:12:08.682Z,2026-09-29T07:55:38.236Z,7
DEMO-DEV-3297,454,2022-10-01T13:22:47.646Z,2026-09-27T11:46:50.167Z,7
DEMO-DEV-3527,454,2022-10-02T13:01:51.811Z,2026-09-24T01:57:47.138Z,7
DEMO-DEV-4317,454,2022-10-04T18:10:36.607Z,2026-09-24T05:54:52.914Z,6
DEMO-DEV-5969,454,2022-10-13T10:58:56.795Z,2026-09-30T05:06:33.428Z,7
DEMO-DEV-6560,454,2022-10-13T16:18:09.319Z,2026-09-29T21:32:27.668Z,7
DEMO-DEV-6604,454,2022-10-04T13:21:05.352Z,2026-09-30T04:18:14.403Z,7
DEMO-DEV-8535,454,2022-10-12T19:03:36.288Z,2026-09-30T05:09:28.503Z,7
DEMO-DEV-8638,454,2022-10-01T20:37:32.825Z,2026-09-26T19:50:11.167Z,7
DEMO-DEV-8804,454,2022-10-03T03:44:07.224Z,2026-09-26T00:04:09.218Z,6
DEMO-DEV-9167,454,2022-10-01T17:27:55.168Z,2026-09-27T08:05:09.666Z,7
DEMO-DEV-9291,454,2022-10-05T17:27:18.795Z,2026-09-26T00:03:04.841Z,7
DEMO-DEV-9854,454,2022-10-03T06:19:25.655Z,2026-09-22T21:58:30.752Z,7
DEMO-DEV-0630,453,2022-10-02T07:46:04.523Z,2026-09-29T12:18:54.870Z,7
DEMO-DEV-1094,453,2022-10-02T11:47:32.915Z,2026-09-27T17:50:13.793Z,7
DEMO-DEV-1832,453,2022-10-01T21:24:38.605Z,2026-09-28T14:46:46.221Z,6
DEMO-DEV-2211,453,2022-10-01T20:41:59.038Z,2026-09-18T04:17:31.391Z,7
DEMO-DEV-3031,453,2022-10-02T13:43:06.605Z,2026-09-20T12:51:33.969Z,6
DEMO-DEV-3975,453,2022-10-07T09:26:15.557Z,2026-09-30T03:01:40.568Z,6
DEMO-DEV-4142,453,2022-10-05T10:42:24.390Z,2026-09-23T14:33:32.226Z,6
DEMO-DEV-4247,453,2022-10-03T04:21:33.183Z,2026-09-23T17:50:28.250Z,6
DEMO-DEV-5558,453,2022-10-02T09:36:32.513Z,2026-09-27T22:10:12.037Z,6
DEMO-DEV-5783,453,2022-10-02T02:11:03.839Z,2026-09-16T13:38:39.218Z,6
DEMO-DEV-6201,453,2022-10-06T11:55:19.368Z,2026-09-26T17:57:08.661Z,7
DEMO-DEV-6779,453,2022-10-10T07:40:05.505Z,2026-09-30T00:26:30.254Z,7
DEMO-DEV-6991,453,2022-10-05T19:22:54.851Z,2026-09-26T04:51:30.968Z,7
DEMO-DEV-7030,453,2022-10-06T05:01:28.795Z,2026-09-25T20:54:48.778Z,7
DEMO-DEV-8088,453,2022-10-01T23:26:16.287Z,2026-09-27T13:15:39.068Z,7
DEMO-DEV-8289,453,2022-10-04T22:28:22.315Z,2026-09-30T08:05:03.264Z,7
DEMO-DEV-8398,453,2022-10-02T13:50:31.250Z,2026-09-25T05:49:46.167Z,6
DEMO-DEV-9169,453,2022-10-09T02:59:57.246Z,2026-09-23T04:24:12.246Z,7
DEMO-DEV-0157,452,2022-10-03T08:34:23.497Z,2026-09-29T23:47:12.851Z,7
DEMO-DEV-0448,452,2022-10-29T16:06:59.782Z,2026-09-29T21:40:05.817Z,6
DEMO-DEV-0657,452,2022-10-04T13:05:18.004Z,2026-09-29T19:06:31.189Z,5
DEMO-DEV-2141,452,2022-10-02T10:37:13.075Z,2026-09-30T02:26:08.605Z,7
DEMO-DEV-2189,452,2022-10-04T07:44:28.752Z,2026-09-27T20:09:20.859Z,6
DEMO-DEV-2220,452,2022-10-01T14:36:06.648Z,2026-09-26T00:11:31.173Z,6
DEMO-DEV-2230,452,2022-10-02T11:02:12.218Z,2026-09-23T19:56:27.190Z,6
DEMO-DEV-2922,452,2022-10-02T13:26:36.782Z,2026-09-27T03:14:15.870Z,6
DEMO-DEV-3129,452,2022-10-05T16:20:56.345Z,2026-09-28T23:57:55.239Z,7
DEMO-DEV-4014,452,2022-10-05T19:05:55.470Z,2026-09-29T10:06:41.337Z,7
DEMO-DEV-4045,452,2022-10-03T06:53:52.843Z,2026-09-30T00:17:55.307Z,7
DEMO-DEV-4071,452,2022-10-05T15:56:34.168Z,2026-09-23T12:36:41.352Z,7
DEMO-DEV-4524,452,2022-10-05T00:42:45.307Z,2026-09-27T17:23:22.646Z,7
DEMO-DEV-4586,452,2022-10-03T04:22:53.037Z,2026-09-29T16:30:25.391Z,6
DEMO-DEV-4728,452,2022-10-01T14:59:07.208Z,2026-09-29T13:41:12.246Z,6
DEMO-DEV-6513,452,2022-10-01T11:06:22.646Z,2026-09-25T07:58:33.864Z,7
DEMO-DEV-7397,452,2022-10-01T19:13:31.795Z,2026-09-28T14:11:23.929Z,6
DEMO-DEV-7884,452,2022-10-07T16:17:08.308Z,2026-09-27T00:44:14.289Z,6
DEMO-DEV-8200,452,2022-10-03T07:57:05.394Z,2026-09-27T21:14:24.987Z,7
DEMO-DEV-8920,452,2022-10-02T19:27:18.014Z,2026-09-26T03:07:12.222Z,7
DEMO-DEV-9342,452,2022-10-07T22:14:42.646Z,2026-09-28T14:01:59.254Z,6
DEMO-DEV-9977,452,2022-10-03T03:21:46.917Z,2026-09-25T19:20:04.929Z,6
DEMO-DEV-0241,451,2022-10-11T06:43:15.915Z,2026-09-29T21:05:44.836Z,7
DEMO-DEV-0603,451,2022-10-02T00:14:03.535Z,2026-09-29T21:35:06.352Z,7
DEMO-DEV-1322,451,2022-10-02T07:31:31.040Z,2026-09-26T03:54:39.661Z,6
DEMO-DEV-1372,451,2022-10-05T06:51:59.221Z,2026-09-27T20:39:12.877Z,7
DEMO-DEV-1719,451,2022-10-04T11:32:18.080Z,2026-09-28T03:09:35.508Z,6
DEMO-DEV-3023,451,2022-10-03T17:23:03.366Z,2026-09-29T07:59:56.470Z,6
DEMO-DEV-4088,451,2022-10-01T15:21:39.508Z,2026-09-29T08:40:39.735Z,6
DEMO-DEV-4756,451,2022-10-02T02:48:14.300Z,2026-09-28T07:48:31.120Z,7
DEMO-DEV-4974,451,2022-10-02T18:37:35.345Z,2026-09-26T09:49:38.253Z,7
DEMO-DEV-5072,451,2022-10-03T11:08:33.865Z,2026-09-29T03:43:38.264Z,6
DEMO-DEV-6352,451,2022-10-01T21:51:40.224Z,2026-09-29T05:48:26.537Z,7
DEMO-DEV-6905,451,2022-10-02T02:18:45.513Z,2026-09-24T07:20:23.352Z,7
DEMO-DEV-6937,451,2022-10-08T21:34:14.785Z,2026-09-29T18:16:43.234Z,6
DEMO-DEV-7086,451,2022-10-01T10:31:12.365Z,2026-09-26T00:07:58.165Z,5
DEMO-DEV-7484,451,2022-10-05T08:35:13.929Z,2026-09-29T16:27:32.841Z,6
DEMO-DEV-8123,451,2022-10-02T22:34:43.239Z,2026-09-30T01:41:04.226Z,7
DEMO-DEV-8533,451,2022-10-02T19:44:50.390Z,2026-09-27T05:21:43.816Z,6
DEMO-DEV-8618,451,2022-10-02T16:39:08.236Z,2026-09-29T02:56:35.080Z,7
DEMO-DEV-8656,451,2022-10-06T22:34:03.370Z,2026-09-28T20:36:04.472Z,6
DEMO-DEV-8906,451,2022-10-07T01:30:19.230Z,2026-09-29T13:06:56.015Z,7
DEMO-DEV-0022,450,2022-10-04T16:06:58.639Z,2026-09-28T23:29:31.968Z,7
DEMO-DEV-0538,450,2022-10-08T02:57:34.612Z,2026-09-27T02:50:22.976Z,7
DEMO-DEV-1476,450,2022-10-03T23:41:53.370Z,2026-09-28T05:51:10.682Z,7
DEMO-DEV-2996,450,2022-10-04T11:39:02.816Z,2026-09-24T18:07:46.508Z,7
DEMO-DEV-3513,450,2022-10-05T02:51:26.968Z,2026-09-29T20:10:09.252Z,6
DEMO-DEV-3885,450,2022-10-01T21:02:33.817Z,2026-09-27T00:30:12.778Z,6
DEMO-DEV-4470,450,2022-10-01T15:54:29.239Z,2026-09-30T00:46:02.120Z,7
DEMO-DEV-4775,450,2022-10-02T11:49:12.403Z,2026-09-23T14:41:12.203Z,6
DEMO-DEV-6669,450,2022-10-02T01:00:01.867Z,2026-09-27T11:21:52.692Z,6
DEMO-DEV-7360,450,2022-10-04T18:16:00.785Z,2026-09-26T14:57:48.472Z,7
DEMO-DEV-7717,450,2022-10-05T12:18:02.646Z,2026-09-30T07:02:23.778Z,6
DEMO-DEV-7956,450,2022-10-01T13:32:54.300Z,2026-09-30T00:15:04.782Z,7
DEMO-DEV-8741,450,2022-10-04T03:59:26.497Z,2026-09-27T09:34:12.138Z,7
DEMO-DEV-8800,450,2022-10-01T08:59:14.816Z,2026-09-29T17:59:11.655Z,7
DEMO-DEV-9215,450,2022-10-07T17:15:03.366Z,2026-09-27T22:24:00.040Z,6
DEMO-DEV-9284,450,2022-10-04T04:42:51.160Z,2026-09-30T06:24:09.778Z,7
DEMO-DEV-9341,450,2022-10-06T05:49:04.038Z,2026-09-28T13:53:25.015Z,7
DEMO-DEV-0043,449,2022-10-02T21:33:57.023Z,2026-09-19T10:45:11.505Z,6
DEMO-DEV-0407,449,2022-10-05T13:16:38.365Z,2026-09-26T22:30:41.428Z,7
DEMO-DEV-0878,449,2022-10-01T20:32:59.782Z,2026-09-23T09:31:10.851Z,7
DEMO-DEV-1179,449,2022-10-08T00:46:35.455Z,2026-09-30T01:24:01.485Z,7
DEMO-DEV-2252,449,2022-10-11T23:20:37.238Z,2026-09-29T15:45:32.253Z,7
DEMO-DEV-3127,449,2022-10-01T10:59:15.545Z,2026-09-29T21:53:02.968Z,6
DEMO-DEV-3420,449,2022-10-02T23:46:32.915Z,2026-09-22T00:05:31.503Z,7
DEMO-DEV-3490,449,2022-10-01T23:07:19.298Z,2026-09-26T22:08:36.415Z,6
DEMO-DEV-4784,449,2022-10-06T13:31:28.868Z,2026-09-25T12:17:05.189Z,7
DEMO-DEV-5021,449,2022-10-01T21:15:25.026Z,2026-09-29T16:13:58.868Z,6
DEMO-DEV-5432,449,2022-10-07T02:17:55.804Z,2026-09-28T18:57:30.357Z,6
DEMO-DEV-6069,449,2022-10-01T12:36:13.968Z,2026-09-30T03:57:14.455Z,6
DEMO-DEV-7142,449,2022-10-01T12:52:08.150Z,2026-09-26T12:23:21.443Z,6
DEMO-DEV-7387,449,2022-10-03T07:49:46.120Z,2026-09-28T17:33:23.208Z,7
DEMO-DEV-7704,449,2022-10-02T08:23:11.460Z,2026-09-26T06:44:55.462Z,7
DEMO-DEV-8396,449,2022-10-02T05:12:05.968Z,2026-09-29T12:09:39.851Z,6
DEMO-DEV-8583,449,2022-10-07T20:48:22.846Z,2026-09-21T05:19:49.160Z,6
DEMO-DEV-8627,449,2022-10-06T13:49:39.068Z,2026-09-27T22:05:56.948Z,7
DEMO-DEV-9264,449,2022-10-04T14:46:23.969Z,2026-09-29T01:50:01.390Z,7
DEMO-DEV-0750,448,2022-10-03T05:34:20.816Z,2026-09-29T04:30:45.682Z,7
DEMO-DEV-0964,448,2022-10-02T14:04:40.165Z,2026-09-29T05:35:28.026Z,7
DEMO-DEV-2017,448,2022-10-01T23:37:34.291Z,2026-09-24T12:14:48.870Z,7
DEMO-DEV-2055,448,2022-10-02T05:58:57.784Z,2026-09-27T17:46:27.230Z,7
DEMO-DEV-2517,448,2022-10-02T02:53:14.205Z,2026-09-27T20:47:09.591Z,7
DEMO-DEV-2818,448,2022-10-06T10:46:38.591Z,2026-09-29T07:08:34.090Z,6
DEMO-DEV-2822,448,2022-10-04T00:53:27.190Z,2026-09-22T01:00:24.784Z,7
DEMO-DEV-7151,448,2022-10-05T14:25:29.246Z,2026-09-23T21:51:40.014Z,6
DEMO-DEV-9664,448,2022-10-03T15:53:41.485Z,2026-09-28T03:13:14.692Z,7
DEMO-DEV-0775,447,2022-10-05T08:03:48.470Z,2026-09-29T00:39:42.455Z,7
DEMO-DEV-1145,447,2022-10-01T10:54:22.264Z,2026-09-29T04:34:32.455Z,7
DEMO-DEV-3523,447,2022-10-02T00:28:58.138Z,2026-09-22T13:57:11.806Z,7
DEMO-DEV-4099,447,2022-10-06T21:37:02.325Z,2026-09-27T21:13:50.300Z,6
DEMO-DEV-4921,447,2022-10-06T23:52:48.403Z,2026-09-30T02:33:20.785Z,6
DEMO-DEV-5580,447,2022-10-03T10:46:52.155Z,2026-09-27T06:57:01.568Z,6
DEMO-DEV-7211,447,2022-10-04T01:31:00.167Z,2026-09-27T07:32:22.442Z,6
DEMO-DEV-7486,447,2022-10-05T14:40:54.402Z,2026-09-27T06:37:53.865Z,6
DEMO-DEV-8102,447,2022-10-02T14:18:16.655Z,2026-09-29T18:20:33.863Z,6
DEMO-DEV-9293,447,2022-10-05T08:12:53.300Z,2026-09-28T00:53:53.428Z,7
DEMO-DEV-9956,447,2022-10-04T01:46:34.272Z,2026-09-24T16:28:13.692Z,7
DEMO-DEV-1510,446,2022-10-01T14:18:34.368Z,2026-09-29T09:37:59.045Z,7
DEMO-DEV-1663,446,2022-10-03T11:09:05.003Z,2026-09-23T14:20:16.246Z,7
DEMO-DEV-1857,446,2022-10-09T10:00:57.319Z,2026-09-26T02:46:36.969Z,7
DEMO-DEV-3575,446,2022-10-03T13:24:28.965Z,2026-09-25T21:39:23.037Z,7
DEMO-DEV-4601,446,2022-10-02T08:27:08.843Z,2026-09-30T05:25:09.211Z,7
DEMO-DEV-4871,446,2022-10-02T20:35:06.870Z,2026-09-22T18:32:28.535Z,7
DEMO-DEV-4949,446,2022-10-04T21:37:12.556Z,2026-09-17T04:55:11.719Z,7
DEMO-DEV-5266,446,2022-10-04T20:01:22.892Z,2026-09-27T15:48:03.969Z,6
DEMO-DEV-6372,446,2022-10-03T05:46:16.120Z,2026-09-28T19:21:03.817Z,7
DEMO-DEV-7554,446,2022-10-02T06:19:00.811Z,2026-09-28T09:02:53.024Z,7
DEMO-DEV-8164,446,2022-10-02T19:53:25.289Z,2026-09-18T11:49:29.167Z,7
DEMO-DEV-8326,446,2022-10-05T12:15:51.345Z,2026-09-28T12:20:23.455Z,7
DEMO-DEV-0049,445,2022-10-05T03:13:52.394Z,2026-09-27T17:21:48.782Z,7
DEMO-DEV-1025,445,2022-10-05T15:51:52.527Z,2026-09-28T01:37:38.804Z,7
DEMO-DEV-2048,445,2022-10-01T13:54:11.612Z,2026-09-24T12:50:08.599Z,7
DEMO-DEV-3287,445,2022-10-03T10:10:15.027Z,2026-09-25T20:17:51.584Z,7
DEMO-DEV-3399,445,2022-10-03T17:17:56.578Z,2026-09-27T04:52:22.965Z,7
DEMO-DEV-4596,445,2022-10-03T00:04:13.545Z,2026-09-29T10:31:40.345Z,6
DEMO-DEV-4898,445,2022-10-11T14:59:28.799Z,2026-09-27T12:35:03.250Z,6
DEMO-DEV-9790,445,2022-10-02T12:50:35.738Z,2026-09-18T21:16:46.913Z,6
DEMO-DEV-1814,444,2022-10-06T04:57:03.466Z,2026-09-29T22:03:13.045Z,7
DEMO-DEV-1901,444,2022-10-02T10:12:41.885Z,2026-09-29T00:58:09.891Z,7
DEMO-DEV-2116,444,2022-10-06T03:55:33.864Z,2026-09-28T06:16:48.778Z,6
DEMO-DEV-2247,444,2022-10-06T01:19:17.428Z,2026-09-29T05:53:40.368Z,7
DEMO-DEV-2752,444,2022-10-04T06:34:48.238Z,2026-09-28T17:41:44.864Z,7
DEMO-DEV-2855,444,2022-10-02T02:14:53.497Z,2026-09-28T06:37:54.974Z,6
DEMO-DEV-4431,444,2022-10-06T08:57:18.836Z,2026-09-28T09:10:03.307Z,6
DEMO-DEV-5060,444,2022-10-05T04:53:57.778Z,2026-09-25T08:16:55.239Z,7
DEMO-DEV-5753,444,2022-10-06T04:50:52.556Z,2026-09-24T10:36:00.068Z,6
DEMO-DEV-5968,444,2022-10-02T19:58:18.442Z,2026-09-26T12:07:46.599Z,7
DEMO-DEV-8041,444,2022-10-18T01:39:01.183Z,2026-09-28T19:36:01.836Z,6
DEMO-DEV-8602,444,2022-10-06T23:27:10.968Z,2026-09-29T00:15:46.345Z,7
DEMO-DEV-8918,444,2022-10-01T13:33:00.319Z,2026-09-27T16:49:18.545Z,7
DEMO-DEV-3047,443,2022-10-06T08:28:10.989Z,2026-09-21T11:07:54.218Z,6
DEMO-DEV-5223,443,2022-10-01T10:11:44.993Z,2026-09-26T23:31:06.710Z,7
DEMO-DEV-5663,443,2022-10-06T10:14:37.864Z,2026-09-27T19:01:10.868Z,6
DEMO-DEV-6501,443,2022-10-07T11:49:40.357Z,2026-09-28T22:49:27.485Z,7
DEMO-DEV-9667,443,2022-10-04T01:44:58.873Z,2026-09-20T16:11:07.138Z,7
DEMO-DEV-2990,442,2022-10-06T14:59:44.804Z,2026-09-29T02:03:10.068Z,6
DEMO-DEV-4608,442,2022-10-01T22:53:24.268Z,2026-09-28T16:40:51.394Z,7
DEMO-DEV-6002,442,2022-10-02T21:16:36.803Z,2026-09-29T06:06:02.843Z,6
DEMO-DEV-6129,442,2022-10-02T11:08:39.846Z,2026-09-24T21:10:55.208Z,6
DEMO-DEV-6227,442,2022-10-02T16:28:29.975Z,2026-09-30T00:20:10.825Z,6
DEMO-DEV-8233,442,2022-10-01T13:25:24.591Z,2026-09-25T07:05:48.442Z,6
DEMO-DEV-0498,441,2022-10-07T18:12:34.646Z,2026-09-30T06:08:00.692Z,7
DEMO-DEV-1451,441,2022-10-02T11:00:13.851Z,2026-09-26T04:03:50.803Z,6
DEMO-DEV-6575,441,2022-10-01T12:06:59.493Z,2026-09-30T07:47:58.208Z,7
DEMO-DEV-8475,441,2022-10-01T18:43:04.605Z,2026-09-25T19:38:43.863Z,5
DEMO-DEV-0181,440,2022-10-10T03:37:43.442Z,2026-09-30T00:34:31.524Z,6
DEMO-DEV-1258,440,2022-10-01T09:03:51.710Z,2026-09-26T01:41:11.884Z,6
DEMO-DEV-4164,440,2022-10-06T04:55:39.836Z,2026-09-20T21:46:59.226Z,6
DEMO-DEV-5420,440,2022-10-01T12:51:50.836Z,2026-09-28T04:22:58.394Z,6
DEMO-DEV-7719,440,2022-10-02T00:46:12.816Z,2026-09-28T13:52:03.792Z,7
DEMO-DEV-8628,440,2022-10-04T04:34:00.527Z,2026-09-29T19:42:32.087Z,6
DEMO-DEV-0155,439,2022-10-01T19:14:15.161Z,2026-09-28T11:18:38.682Z,6
DEMO-DEV-2621,438,2022-10-08T12:08:15.508Z,2026-09-28T17:25:47.232Z,7
DEMO-DEV-2934,438,2022-10-01T09:27:47.090Z,2026-09-25T19:25:17.015Z,7
DEMO-DEV-3770,438,2022-10-04T12:47:07.646Z,2026-09-29T07:29:45.254Z,6
DEMO-DEV-1040,437,2022-10-02T14:17:07.352Z,2026-09-27T14:01:34.987Z,6
DEMO-DEV-6331,436,2022-10-03T04:59:34.403Z,2026-09-27T05:16:34.519Z,6
DEMO-DEV-7095,436,2022-10-08T02:56:16.584Z,2026-09-24T20:22:59.023Z,5
DEMO-DEV-8644,435,2022-10-07T20:43:17.597Z,2026-09-29T09:30:29.865Z,7
DEMO-DEV-1314,434,2022-10-05T04:36:29.537Z,2026-09-26T08:11:47.646Z,6
DEMO-DEV-2013,434,2022-10-03T07:35:25.702Z,2026-09-21T12:22:17.655Z,7
DEMO-DEV-6488,434,2022-10-02T06:19:01.307Z,2026-09-28T13:17:43.523Z,6
DEMO-DEV-6458,433,2022-10-01T09:30:35.250Z,2026-09-27T21:31:29.087Z,7
DEMO-DEV-7218,432,2022-10-08T23:16:38.527Z,2026-09-29T08:10:21.250Z,7
DEMO-DEV-9891,432,2022-10-01T08:49:11.929Z,2026-09-26T21:03:05.366Z,7
DEMO-DEV-0990,431,2022-10-02T17:47:57.867Z,2026-09-21T10:18:35.987Z,6
DEMO-DEV-4566,431,2022-10-04T12:34:01.291Z,2026-09-30T06:19:52.710Z,7
DEMO-DEV-6400,431,2022-10-03T21:55:30.612Z,2026-09-27T17:06:49.842Z,7
DEMO-DEV-9425,431,2022-10-02T02:34:10.793Z,2026-09-28T13:50:56.442Z,6
DEMO-DEV-0772,429,2022-10-04T15:43:11.155Z,2026-09-30T02:22:54.535Z,7
DEMO-DEV-0427,428,2022-10-01T20:55:42.352Z,2026-09-28T15:11:17.793Z,6
DEMO-DEV-4285,428,2022-10-01T16:10:15.368Z,2026-09-29T01:21:33.614Z,7
DEMO-DEV-5507,428,2022-10-01T14:56:04.658Z,2026-09-10T09:29:41.841Z,6
DEMO-DEV-5207,420,2022-10-01T19:29:49.824Z,2026-09-25T13:38:14.864Z,7
6641d243-10e1-41bf-8ad4-d9a7e8fd65a3,1,2026-09-23T06:30:32.686Z,2026-09-23T06:30:32.686Z,1
8adcb48f-456d-4ef5-851d-4c593615675f,1,2026-09-23T00:37:05.145Z,2026-09-23T00:37:05.145Z,1
