device_id,transfer_count,last_transfer
DEMO-DEV-2844,139,2026-09-13T10:27:45.160Z
DEMO-DEV-9558,134,2026-09-12T17:13:26.987Z
DEMO-DEV-3994,132,2026-09-27T03:33:50.236Z
DEMO-DEV-0338,130,2026-09-20T18:11:24.075Z
DEMO-DEV-2490,130,2026-09-28T20:41:56.614Z
DEMO-DEV-3853,130,2026-09-28T23:03:52.870Z
DEMO-DEV-4616,130,2026-09-13T08:04:02.485Z
DEMO-DEV-8094,130,2026-09-28T23:32:25.080Z
DEMO-DEV-1978,129,2026-09-29T04:51:43.246Z
DEMO-DEV-6256,129,2026-09-25T04:49:40.246Z
DEMO-DEV-8768,129,2026-09-27T18:01:37.556Z
DEMO-DEV-9121,128,2026-09-27T03:43:08.397Z
DEMO-DEV-2654,127,2026-09-21T01:16:09.842Z
DEMO-DEV-5254,127,2026-09-22T16:47:51.682Z
DEMO-DEV-6130,127,2026-09-30T00:48:14.325Z
DEMO-DEV-2492,126,2026-09-15T22:33:08.682Z
DEMO-DEV-2958,126,2026-09-17T07:06:47.165Z
DEMO-DEV-3675,126,2026-09-10T21:54:58.892Z
DEMO-DEV-7308,126,2026-09-28T21:57:11.192Z
DEMO-DEV-2998,125,2026-09-24T08:54:27.607Z
DEMO-DEV-4350,125,2026-09-07T12:45:20.446Z
DEMO-DEV-6075,125,2026-09-08T09:07:32.024Z
DEMO-DEV-6276,125,2026-09-17T12:01:28.403Z
DEMO-DEV-7313,125,2026-09-22T05:29:07.026Z
DEMO-DEV-7946,125,2026-09-19T20:39:49.511Z
DEMO-DEV-8463,125,2026-09-28T16:19:20.302Z
DEMO-DEV-0382,124,2026-09-21T17:48:16.264Z
DEMO-DEV-2847,124,2026-09-14T18:49:28.204Z
DEMO-DEV-5644,124,2026-09-20T21:35:17.612Z
DEMO-DEV-5966,124,2026-09-24T10:29:33.599Z
DEMO-DEV-6179,124,2026-09-24T07:47:13.824Z
DEMO-DEV-7105,124,2026-09-25T15:17:17.161Z
DEMO-DEV-8061,124,2026-09-30T06:22:41.782Z
DEMO-DEV-9040,124,2026-09-21T11:50:38.123Z
DEMO-DEV-3185,123,2026-08-14T14:13:00.302Z
DEMO-DEV-3529,123,2026-09-17T08:49:02.508Z
DEMO-DEV-3982,123,2026-09-18T11:59:19.584Z
DEMO-DEV-4664,123,2026-09-26T02:16:03.160Z
DEMO-DEV-5007,123,2026-09-29T09:31:35.268Z
DEMO-DEV-5244,123,2026-09-28T07:12:07.692Z
DEMO-DEV-6941,123,2026-09-01T23:05:39.183Z
DEMO-DEV-6973,123,2026-09-16T13:06:12.288Z
DEMO-DEV-8230,123,2026-09-23T15:27:09.224Z
DEMO-DEV-0205,122,2026-09-14T03:56:38.993Z
DEMO-DEV-1507,122,2026-09-30T05:36:28.806Z
DEMO-DEV-3972,122,2026-09-28T15:21:54.719Z
DEMO-DEV-4864,122,2026-08-28T21:24:46.864Z
DEMO-DEV-5140,122,2026-09-15T10:07:27.992Z
DEMO-DEV-5427,122,2026-09-13T01:45:30.692Z
DEMO-DEV-5462,122,2026-09-28T17:50:10.556Z
DEMO-DEV-6285,122,2026-09-24T11:36:47.428Z
DEMO-DEV-6536,122,2026-09-15T06:44:59.366Z
DEMO-DEV-8736,122,2026-09-14T15:26:23.799Z
DEMO-DEV-9701,122,2026-08-26T20:12:15.368Z
DEMO-DEV-9902,122,2026-09-28T01:24:17.974Z
DEMO-DEV-0343,121,2026-09-23T20:56:24.368Z
DEMO-DEV-0398,121,2026-08-24T22:05:28.523Z
DEMO-DEV-0421,121,2026-09-20T15:04:53.661Z
DEMO-DEV-0841,121,2026-09-29T18:09:09.806Z
DEMO-DEV-0921,121,2026-09-20T00:32:34.038Z
DEMO-DEV-1047,121,2026-09-28T12:22:42.985Z
DEMO-DEV-1084,121,2026-09-22T18:33:32.455Z
DEMO-DEV-1289,121,2026-09-29T07:42:21.370Z
DEMO-DEV-1690,121,2026-09-04T15:22:34.913Z
DEMO-DEV-2954,121,2026-09-29T20:59:38.403Z
DEMO-DEV-3144,121,2026-08-16T23:19:38.172Z
DEMO-DEV-3209,121,2026-09-21T20:14:23.738Z
DEMO-DEV-5118,121,2026-09-10T05:44:32.289Z
DEMO-DEV-5607,121,2026-09-18T05:46:28.752Z
DEMO-DEV-7059,121,2026-09-26T15:18:49.173Z
DEMO-DEV-7181,121,2026-09-27T23:27:36.239Z
DEMO-DEV-7766,121,2026-09-30T01:03:30.254Z
DEMO-DEV-7775,121,2026-09-05T05:24:04.782Z
DEMO-DEV-8712,121,2026-09-11T05:26:25.557Z
DEMO-DEV-9162,121,2026-09-15T01:26:19.793Z
DEMO-DEV-0965,120,2026-09-20T09:38:59.189Z
DEMO-DEV-1288,120,2026-09-18T03:19:16.230Z
DEMO-DEV-1593,120,2026-09-27T15:42:13.513Z
DEMO-DEV-1766,120,2026-09-19T11:05:57.466Z
DEMO-DEV-2430,120,2026-09-07T05:47:17.409Z
DEMO-DEV-2968,120,2026-09-26T23:55:41.639Z
DEMO-DEV-3499,120,2026-09-12T02:30:01.842Z
DEMO-DEV-3857,120,2026-09-01T20:08:19.291Z
DEMO-DEV-4019,120,2026-09-24T21:22:37.208Z
DEMO-DEV-5391,120,2026-09-29T21:52:01.120Z
DEMO-DEV-5511,120,2026-09-11T05:24:13.409Z
DEMO-DEV-5579,120,2026-09-10T17:41:19.211Z
DEMO-DEV-6260,120,2026-08-28T01:38:14.915Z
DEMO-DEV-6447,120,2026-09-29T03:40:48.688Z
DEMO-DEV-7306,120,2026-09-26T04:27:50.752Z
DEMO-DEV-7414,120,2026-09-16T01:40:11.370Z
DEMO-DEV-7633,120,2026-09-14T02:57:00.614Z
DEMO-DEV-7763,120,2026-09-22T19:49:45.250Z
DEMO-DEV-7934,120,2026-09-15T15:57:19.842Z
DEMO-DEV-8309,120,2026-09-22T07:30:59.786Z
DEMO-DEV-8502,120,2026-09-30T05:58:10.524Z
DEMO-DEV-8915,120,2026-09-29T00:29:17.462Z
DEMO-DEV-9019,120,2026-09-20T00:49:07.816Z
DEMO-DEV-9444,120,2026-09-12T01:32:07.208Z
DEMO-DEV-9489,120,2026-09-20T14:17:38.692Z
DEMO-DEV-9781,120,2026-09-02T09:07:54.891Z
DEMO-DEV-0084,119,2026-08-15T08:48:51.023Z
DEMO-DEV-0320,119,2026-09-27T14:12:11.253Z
DEMO-DEV-0524,119,2026-09-17T10:26:42.591Z
DEMO-DEV-0689,119,2026-08-31T13:12:02.612Z
DEMO-DEV-1982,119,2026-09-24T20:11:40.607Z
DEMO-DEV-2509,119,2026-09-27T02:52:31.004Z
DEMO-DEV-3011,119,2026-09-27T18:30:45.782Z
DEMO-DEV-3178,119,2026-09-27T14:30:42.873Z
DEMO-DEV-3896,119,2026-09-27T07:45:56.239Z
DEMO-DEV-4124,119,2026-09-25T03:13:49.370Z
DEMO-DEV-4549,119,2026-09-26T20:45:11.239Z
DEMO-DEV-4612,119,2026-09-17T10:51:43.524Z
DEMO-DEV-4772,119,2026-09-05T00:10:29.639Z
DEMO-DEV-6059,119,2026-09-15T02:19:34.264Z
DEMO-DEV-7075,119,2026-09-22T01:50:46.219Z
DEMO-DEV-7595,119,2026-09-16T18:42:00.859Z
DEMO-DEV-7716,119,2026-09-27T06:48:28.225Z
DEMO-DEV-8609,119,2026-08-26T10:20:04.591Z
DEMO-DEV-8722,119,2026-09-28T10:25:19.754Z
DEMO-DEV-9465,119,2026-09-29T17:56:31.968Z
DEMO-DEV-9765,119,2026-09-22T06:02:44.873Z
DEMO-DEV-9829,119,2026-09-16T23:12:42.811Z
DEMO-DEV-0002,118,2026-09-16T07:44:36.786Z
DEMO-DEV-0072,118,2026-09-20T08:57:41.535Z
DEMO-DEV-0079,118,2026-09-19T12:16:54.778Z
DEMO-DEV-0090,118,2026-08-28T09:53:16.246Z
DEMO-DEV-0288,118,2026-09-22T13:56:33.965Z
DEMO-DEV-0479,118,2026-09-22T01:19:59.870Z
DEMO-DEV-0754,118,2026-09-19T22:28:25.646Z
DEMO-DEV-0830,118,2026-09-26T18:53:24.917Z
DEMO-DEV-1032,118,2026-09-25T03:09:00.523Z
DEMO-DEV-1056,118,2026-08-18T07:28:37.513Z
DEMO-DEV-1178,118,2026-09-17T02:05:45.004Z
DEMO-DEV-1320,118,2026-09-18T05:08:26.352Z
DEMO-DEV-1406,118,2026-09-28T22:40:49.965Z
DEMO-DEV-1818,118,2026-09-20T06:43:06.682Z
DEMO-DEV-1973,118,2026-09-28T16:19:09.795Z
DEMO-DEV-2135,118,2026-08-31T10:36:18.839Z
DEMO-DEV-2226,118,2026-08-09T10:45:46.839Z
DEMO-DEV-2382,118,2026-09-28T13:57:20.851Z
DEMO-DEV-2880,118,2026-09-16T15:38:44.409Z
DEMO-DEV-2937,118,2026-09-22T13:40:35.545Z
DEMO-DEV-3059,118,2026-09-27T20:48:01.948Z
DEMO-DEV-3246,118,2026-09-16T23:54:38.298Z
DEMO-DEV-3423,118,2026-07-25T04:57:00.189Z
DEMO-DEV-5526,118,2026-08-22T19:59:33.470Z
DEMO-DEV-5754,118,2026-09-04T16:56:33.123Z
DEMO-DEV-5862,118,2026-09-11T11:26:51.497Z
DEMO-DEV-6983,118,2026-09-27T06:40:46.793Z
DEMO-DEV-7302,118,2026-09-23T09:54:22.211Z
DEMO-DEV-7514,118,2026-09-22T16:46:03.974Z
DEMO-DEV-7696,118,2026-09-26T08:09:01.719Z
DEMO-DEV-7817,118,2026-09-18T22:53:17.428Z
DEMO-DEV-7949,118,2026-09-05T21:10:28.714Z
DEMO-DEV-7982,118,2026-09-17T23:44:53.985Z
DEMO-DEV-7995,118,2026-09-26T00:18:26.915Z
DEMO-DEV-8147,118,2026-09-25T23:03:58.368Z
DEMO-DEV-8273,118,2026-09-21T02:24:21.234Z
DEMO-DEV-8341,118,2026-09-18T15:56:06.024Z
DEMO-DEV-8429,118,2026-08-31T11:20:58.466Z
DEMO-DEV-8549,118,2026-08-16T10:10:06.150Z
DEMO-DEV-8629,118,2026-09-29T06:21:26.365Z
DEMO-DEV-8808,118,2026-09-18T10:32:37.037Z
DEMO-DEV-8883,118,2026-09-10T21:09:15.428Z
DEMO-DEV-8884,118,2026-08-22T23:07:07.239Z
DEMO-DEV-9120,118,2026-09-25T16:08:43.524Z
DEMO-DEV-9184,118,2026-09-16T05:41:14.782Z
DEMO-DEV-9640,118,2026-09-12T06:18:45.168Z
DEMO-DEV-0247,117,2026-09-26T00:39:09.508Z
DEMO-DEV-0381,117,2026-09-09T22:56:49.817Z
DEMO-DEV-0434,117,2026-09-11T00:26:24.246Z
DEMO-DEV-1445,117,2026-09-20T13:44:32.682Z
DEMO-DEV-1640,117,2026-09-28T06:27:55.415Z
DEMO-DEV-1782,117,2026-09-12T19:13:27.204Z
DEMO-DEV-2107,117,2026-09-07T04:20:55.319Z
DEMO-DEV-2182,117,2026-08-26T18:50:02.839Z
DEMO-DEV-2315,117,2026-09-19T05:08:57.851Z
DEMO-DEV-2646,117,2026-09-28T22:38:55.038Z
DEMO-DEV-2714,117,2026-09-18T06:48:41.120Z
DEMO-DEV-2810,117,2026-09-14T18:24:37.653Z
DEMO-DEV-2970,117,2026-09-26T01:54:33.799Z
DEMO-DEV-3380,117,2026-09-13T19:45:37.653Z
DEMO-DEV-3609,117,2026-09-25T15:46:40.325Z
DEMO-DEV-3669,117,2026-08-23T10:06:45.403Z
DEMO-DEV-3836,117,2026-09-18T18:02:45.877Z
DEMO-DEV-4067,117,2026-09-29T07:00:01.653Z
DEMO-DEV-4227,117,2026-09-16T16:37:09.969Z
DEMO-DEV-4267,117,2026-08-27T05:30:04.168Z
DEMO-DEV-4532,117,2026-09-28T04:13:19.307Z
DEMO-DEV-4918,117,2026-09-01T17:01:33.190Z
DEMO-DEV-5361,117,2026-09-20T14:33:48.785Z
DEMO-DEV-5468,117,2026-09-27T17:25:00.307Z
DEMO-DEV-5792,117,2026-09-23T08:54:50.138Z
DEMO-DEV-5824,117,2026-09-27T02:43:22.879Z
DEMO-DEV-5976,117,2026-09-29T18:23:06.870Z
DEMO-DEV-5995,117,2026-09-27T15:24:09.470Z
DEMO-DEV-6517,117,2026-09-19T20:58:24.639Z
DEMO-DEV-6630,117,2026-09-03T20:47:21.868Z
DEMO-DEV-6863,117,2026-09-01T13:59:32.863Z
DEMO-DEV-6924,117,2026-09-21T07:47:10.077Z
DEMO-DEV-6993,117,2026-09-27T02:18:33.160Z
DEMO-DEV-6999,117,2026-09-25T13:15:59.915Z
DEMO-DEV-7162,117,2026-09-28T14:42:35.354Z
DEMO-DEV-7169,117,2026-09-15T15:24:17.867Z
DEMO-DEV-7258,117,2026-09-24T01:11:14.268Z
DEMO-DEV-7562,117,2026-09-29T08:19:15.123Z
DEMO-DEV-7651,117,2026-09-27T11:18:15.817Z
DEMO-DEV-7782,117,2026-09-18T09:57:44.735Z
DEMO-DEV-7988,117,2026-09-16T09:09:27.238Z
DEMO-DEV-8056,117,2026-09-25T15:42:32.319Z
DEMO-DEV-8162,117,2026-09-15T21:08:25.816Z
DEMO-DEV-8677,117,2026-09-11T18:06:44.308Z
DEMO-DEV-8737,117,2026-09-27T12:08:21.519Z
DEMO-DEV-9078,117,2026-09-25T20:31:42.291Z
DEMO-DEV-9287,117,2026-09-06T08:10:13.782Z
DEMO-DEV-9605,117,2026-09-17T03:20:08.150Z
DEMO-DEV-0144,116,2026-09-24T16:22:49.987Z
DEMO-DEV-0230,116,2026-09-19T07:57:29.443Z
DEMO-DEV-0592,116,2026-09-27T08:40:25.402Z
DEMO-DEV-0609,116,2026-09-08T19:01:09.254Z
DEMO-DEV-0817,116,2026-09-03T00:55:43.915Z
DEMO-DEV-0862,116,2026-08-05T04:35:31.370Z
DEMO-DEV-1003,116,2026-09-21T10:03:45.806Z
DEMO-DEV-1172,116,2026-09-28T08:41:29.302Z
DEMO-DEV-1185,116,2026-09-04T14:52:41.752Z
DEMO-DEV-1499,116,2026-09-14T02:16:23.298Z
DEMO-DEV-1825,116,2026-08-27T12:49:17.752Z
DEMO-DEV-1829,116,2026-09-29T19:43:45.817Z
DEMO-DEV-1884,116,2026-09-21T15:55:25.966Z
DEMO-DEV-1891,116,2026-09-04T00:48:53.661Z
DEMO-DEV-1923,116,2026-09-29T12:20:56.555Z
DEMO-DEV-1935,116,2026-09-23T02:04:31.975Z
DEMO-DEV-2051,116,2026-09-25T21:38:44.778Z
DEMO-DEV-2190,116,2026-09-22T09:05:21.080Z
DEMO-DEV-2344,116,2026-09-25T14:52:47.555Z
DEMO-DEV-2415,116,2026-09-18T02:31:31.811Z
DEMO-DEV-2876,116,2026-09-07T04:53:08.045Z
DEMO-DEV-2898,116,2026-09-27T20:37:52.648Z
DEMO-DEV-3263,116,2026-09-21T13:31:15.203Z
DEMO-DEV-3588,116,2026-09-15T13:29:32.446Z
DEMO-DEV-3685,116,2026-09-17T10:31:35.370Z
DEMO-DEV-3910,116,2026-09-27T10:45:03.493Z
DEMO-DEV-4298,116,2026-09-23T18:25:56.877Z
DEMO-DEV-4567,116,2026-09-06T12:41:27.123Z
DEMO-DEV-4714,116,2026-09-28T05:56:45.289Z
DEMO-DEV-4803,116,2026-09-26T16:49:06.308Z
DEMO-DEV-4935,116,2026-09-08T17:15:40.015Z
DEMO-DEV-5069,116,2026-09-23T23:42:31.839Z
DEMO-DEV-5265,116,2026-09-28T04:07:52.073Z
DEMO-DEV-5284,116,2026-09-25T07:23:18.591Z
DEMO-DEV-5354,116,2026-09-25T02:39:10.843Z
DEMO-DEV-5421,116,2026-09-25T06:36:30.989Z
DEMO-DEV-5488,116,2026-09-22T16:54:50.023Z
DEMO-DEV-5594,116,2026-09-19T19:50:59.993Z
DEMO-DEV-5927,116,2026-09-24T06:14:27.075Z
DEMO-DEV-5950,116,2026-09-29T22:01:26.352Z
DEMO-DEV-6010,116,2026-09-16T13:54:36.841Z
DEMO-DEV-6195,116,2026-09-25T17:56:16.063Z
DEMO-DEV-6265,116,2026-09-30T05:03:20.976Z
DEMO-DEV-6322,116,2026-09-22T08:01:50.535Z
DEMO-DEV-6551,116,2026-09-21T15:33:51.987Z
DEMO-DEV-6908,116,2026-09-26T04:56:22.272Z
DEMO-DEV-6948,116,2026-09-15T13:56:41.870Z
DEMO-DEV-7209,116,2026-09-29T13:26:33.442Z
DEMO-DEV-7336,116,2026-09-15T11:21:00.315Z
DEMO-DEV-7692,116,2026-09-29T12:52:12.513Z
DEMO-DEV-7810,116,2026-09-29T00:39:56.692Z
DEMO-DEV-7935,116,2026-09-18T06:51:37.867Z
DEMO-DEV-8350,116,2026-09-12T09:02:04.037Z
DEMO-DEV-8460,116,2026-09-18T15:17:01.668Z
DEMO-DEV-8705,116,2026-09-17T12:48:54.203Z
DEMO-DEV-8819,116,2026-09-25T14:19:46.120Z
DEMO-DEV-8919,116,2026-09-07T08:44:12.873Z
DEMO-DEV-9204,116,2026-09-23T08:41:19.077Z
DEMO-DEV-9236,116,2026-09-28T04:09:47.150Z
DEMO-DEV-9288,116,2026-08-04T03:32:12.319Z
DEMO-DEV-9660,116,2026-08-24T06:41:15.803Z
DEMO-DEV-9888,116,2026-09-29T03:41:48.038Z
DEMO-DEV-0134,115,2026-08-17T18:07:01.167Z
DEMO-DEV-0166,115,2026-09-16T11:40:03.190Z
DEMO-DEV-0520,115,2026-09-28T00:07:18.966Z
DEMO-DEV-0638,115,2026-09-29T17:57:32.238Z
DEMO-DEV-0683,115,2026-09-08T16:05:05.527Z
DEMO-DEV-0744,115,2026-09-11T21:09:57.172Z
DEMO-DEV-1007,115,2026-09-05T03:31:26.190Z
DEMO-DEV-1114,115,2026-09-12T18:22:13.948Z
DEMO-DEV-1232,115,2026-09-16T07:11:31.219Z
DEMO-DEV-1282,115,2026-09-12T19:15:11.556Z
DEMO-DEV-1421,115,2026-09-29T07:08:03.785Z
DEMO-DEV-1549,115,2026-09-16T08:39:58.655Z
DEMO-DEV-1577,115,2026-09-26T16:03:59.462Z
DEMO-DEV-2031,115,2026-09-19T14:51:01.719Z
DEMO-DEV-2120,115,2026-09-16T13:32:38.969Z
DEMO-DEV-2255,115,2026-09-16T18:33:16.120Z
DEMO-DEV-2600,115,2026-09-17T01:21:35.077Z
DEMO-DEV-2660,115,2026-09-22T11:15:37.646Z
DEMO-DEV-2699,115,2026-09-28T23:19:03.752Z
DEMO-DEV-2734,115,2026-09-27T07:23:18.968Z
DEMO-DEV-2784,115,2026-09-11T18:44:18.038Z
DEMO-DEV-2828,115,2026-09-26T01:30:48.614Z
DEMO-DEV-2829,115,2026-09-09T22:49:11.666Z
DEMO-DEV-2854,115,2026-09-27T17:01:58.513Z
DEMO-DEV-2861,115,2026-09-22T07:42:42.409Z
DEMO-DEV-2894,115,2026-09-29T14:01:38.870Z
DEMO-DEV-3112,115,2026-09-14T11:36:30.252Z
DEMO-DEV-3140,115,2026-09-24T21:28:22.975Z
DEMO-DEV-3299,115,2026-09-04T04:42:30.428Z
DEMO-DEV-3413,115,2026-09-08T18:28:58.545Z
DEMO-DEV-3442,115,2026-09-28T04:18:51.968Z
DEMO-DEV-3456,115,2026-09-25T17:42:32.661Z
DEMO-DEV-3476,115,2026-09-25T12:11:23.391Z
DEMO-DEV-3628,115,2026-09-08T02:09:53.232Z
DEMO-DEV-3654,115,2026-09-08T05:40:16.015Z
DEMO-DEV-3951,115,2026-09-29T15:13:22.325Z
DEMO-DEV-4025,115,2026-09-24T08:12:56.648Z
DEMO-DEV-4102,115,2026-09-16T05:37:55.172Z
DEMO-DEV-4209,115,2026-09-26T06:37:12.253Z
DEMO-DEV-4341,115,2026-09-18T06:49:45.073Z
DEMO-DEV-4404,115,2026-09-19T21:10:29.288Z
DEMO-DEV-4594,115,2026-09-14T21:37:18.537Z
DEMO-DEV-4618,115,2026-09-25T18:29:48.966Z
DEMO-DEV-5046,115,2026-09-14T11:18:01.057Z
DEMO-DEV-5063,115,2026-09-20T15:02:51.719Z
DEMO-DEV-5086,115,2026-09-17T15:34:26.863Z
DEMO-DEV-5095,115,2026-09-14T14:48:28.917Z
DEMO-DEV-5148,115,2026-09-26T22:26:59.493Z
DEMO-DEV-5352,115,2026-09-07T10:59:13.555Z
DEMO-DEV-5514,115,2026-09-22T05:32:34.568Z
DEMO-DEV-5634,115,2026-09-27T17:44:13.864Z
DEMO-DEV-5699,115,2026-09-04T03:01:05.470Z
DEMO-DEV-5910,115,2026-08-27T19:31:58.472Z
DEMO-DEV-6011,115,2026-09-21T19:59:43.190Z
DEMO-DEV-6197,115,2026-09-27T15:44:05.165Z
DEMO-DEV-6373,115,2026-09-25T15:11:45.239Z
DEMO-DEV-6535,115,2026-09-23T02:03:06.403Z
DEMO-DEV-6846,115,2026-09-07T06:54:10.300Z
DEMO-DEV-6852,115,2026-09-22T20:13:25.024Z
DEMO-DEV-6869,115,2026-09-24T20:48:44.172Z
DEMO-DEV-6914,115,2026-09-28T16:14:39.929Z
DEMO-DEV-6916,115,2026-09-21T17:13:20.785Z
DEMO-DEV-7371,115,2026-09-09T14:08:56.155Z
DEMO-DEV-7637,115,2026-09-19T01:24:48.120Z
DEMO-DEV-7676,115,2026-09-24T18:33:35.913Z
DEMO-DEV-7823,115,2026-09-18T01:59:03.014Z
DEMO-DEV-7903,115,2026-09-20T05:36:47.599Z
DEMO-DEV-7913,115,2026-09-12T12:49:38.222Z
DEMO-DEV-7917,115,2026-09-16T05:00:43.618Z
DEMO-DEV-7959,115,2026-09-26T10:44:42.442Z
DEMO-DEV-8218,115,2026-09-06T19:43:57.752Z
DEMO-DEV-8928,115,2026-09-15T19:07:36.352Z
DEMO-DEV-9038,115,2026-09-24T23:44:55.165Z
DEMO-DEV-9075,115,2026-09-17T10:05:31.992Z
DEMO-DEV-9220,115,2026-09-19T00:37:48.524Z
DEMO-DEV-9279,115,2026-08-29T10:34:29.057Z
DEMO-DEV-9283,115,2026-09-27T01:04:49.057Z
DEMO-DEV-9362,115,2026-09-22T23:30:51.205Z
DEMO-DEV-9383,115,2026-09-11T22:56:18.868Z
DEMO-DEV-9460,115,2026-09-28T14:09:29.287Z
DEMO-DEV-9644,115,2026-09-20T02:55:44.500Z
DEMO-DEV-9726,115,2026-09-09T04:01:02.368Z
DEMO-DEV-9925,115,2026-09-30T04:07:40.655Z
DEMO-DEV-9988,115,2026-09-26T03:30:45.443Z
DEMO-DEV-9995,115,2026-09-06T10:29:05.804Z
DEMO-DEV-0309,114,2026-09-14T07:44:09.782Z
DEMO-DEV-0462,114,2026-09-27T09:43:38.523Z
DEMO-DEV-0481,114,2026-09-27T09:10:13.291Z
DEMO-DEV-0482,114,2026-09-05T06:02:33.865Z
DEMO-DEV-0493,114,2026-09-27T21:51:26.653Z
DEMO-DEV-0495,114,2026-09-14T21:47:15.165Z
DEMO-DEV-0516,114,2026-09-26T15:54:37.173Z
DEMO-DEV-0565,114,2026-09-29T15:18:22.038Z
DEMO-DEV-0579,114,2026-09-15T20:20:58.226Z
DEMO-DEV-0753,114,2026-09-28T19:40:46.668Z
DEMO-DEV-0759,114,2026-09-22T16:42:39.714Z
DEMO-DEV-0766,114,2026-09-23T07:38:49.929Z
DEMO-DEV-1239,114,2026-09-20T00:55:57.974Z
DEMO-DEV-1359,114,2026-09-01T17:11:47.352Z
DEMO-DEV-1441,114,2026-09-20T17:38:37.816Z
DEMO-DEV-1682,114,2026-09-21T02:15:28.948Z
DEMO-DEV-1703,114,2026-09-22T01:53:14.192Z
DEMO-DEV-1924,114,2026-09-29T21:28:12.173Z
DEMO-DEV-2008,114,2026-09-23T00:10:40.287Z
DEMO-DEV-2136,114,2026-09-25T12:23:02.291Z
DEMO-DEV-2354,114,2026-09-01T23:04:12.873Z
DEMO-DEV-2839,114,2026-09-28T00:42:15.926Z
DEMO-DEV-2904,114,2026-09-29T23:01:49.120Z
DEMO-DEV-2925,114,2026-09-24T19:53:05.319Z
DEMO-DEV-3107,114,2026-09-29T07:48:19.253Z
DEMO-DEV-3271,114,2026-09-29T17:15:28.584Z
DEMO-DEV-3485,114,2026-09-12T23:11:28.836Z
DEMO-DEV-3649,114,2026-09-23T22:00:26.446Z
DEMO-DEV-3718,114,2026-09-24T06:38:08.230Z
DEMO-DEV-3816,114,2026-09-29T11:47:49.989Z
DEMO-DEV-3870,114,2026-09-16T22:28:11.929Z
DEMO-DEV-4006,114,2026-09-18T08:01:45.466Z
DEMO-DEV-4181,114,2026-09-28T12:05:56.370Z
DEMO-DEV-4464,114,2026-09-28T17:59:28.976Z
DEMO-DEV-4503,114,2026-09-10T03:08:19.057Z
DEMO-DEV-5071,114,2026-09-29T19:44:54.870Z
DEMO-DEV-5096,114,2026-09-03T11:38:16.442Z
DEMO-DEV-5322,114,2026-08-31T06:22:47.636Z
DEMO-DEV-5342,114,2026-09-28T20:16:10.992Z
DEMO-DEV-5349,114,2026-09-22T21:07:03.795Z
DEMO-DEV-5368,114,2026-09-30T01:31:52.442Z
DEMO-DEV-5951,114,2026-08-22T04:48:37.926Z
DEMO-DEV-6306,114,2026-09-16T11:39:09.618Z
DEMO-DEV-6541,114,2026-09-20T02:48:03.264Z
DEMO-DEV-6559,114,2026-09-21T09:29:37.710Z
DEMO-DEV-6570,114,2026-09-24T02:06:04.325Z
DEMO-DEV-6635,114,2026-09-28T19:27:54.203Z
DEMO-DEV-6915,114,2026-09-15T12:54:25.527Z
DEMO-DEV-7073,114,2026-09-28T20:20:32.661Z
DEMO-DEV-7261,114,2026-08-05T11:45:01.993Z
DEMO-DEV-7379,114,2026-09-06T05:32:20.948Z
DEMO-DEV-7455,114,2026-09-24T20:11:44.024Z
DEMO-DEV-7496,114,2026-09-14T13:00:29.077Z
DEMO-DEV-7500,114,2026-09-27T22:34:20.466Z
DEMO-DEV-7586,114,2026-09-16T20:07:21.557Z
DEMO-DEV-7641,114,2026-09-20T21:14:04.519Z
DEMO-DEV-7642,114,2026-09-29T18:35:02.289Z
DEMO-DEV-7694,114,2026-09-11T05:19:47.892Z
DEMO-DEV-8154,114,2026-09-23T13:39:45.676Z
DEMO-DEV-8208,114,2026-09-29T15:19:27.045Z
DEMO-DEV-8562,114,2026-09-17T23:22:53.976Z
DEMO-DEV-8622,114,2026-09-20T10:56:36.073Z
DEMO-DEV-8860,114,2026-09-21T05:14:52.885Z
DEMO-DEV-8881,114,2026-09-29T07:12:13.824Z
DEMO-DEV-9218,114,2026-09-09T01:11:02.397Z
DEMO-DEV-9437,114,2026-09-10T15:31:35.189Z
DEMO-DEV-9825,114,2026-09-19T16:51:31.929Z
DEMO-DEV-9929,114,2026-09-24T03:30:54.915Z
DEMO-DEV-0015,113,2026-09-29T00:59:05.682Z
DEMO-DEV-0018,113,2026-09-25T06:06:00.307Z
DEMO-DEV-0087,113,2026-09-11T15:37:09.816Z
DEMO-DEV-0088,113,2026-09-28T23:47:50.884Z
DEMO-DEV-0168,113,2026-09-27T13:47:50.926Z
DEMO-DEV-0198,113,2026-09-20T18:38:03.068Z
DEMO-DEV-0337,113,2026-09-25T08:10:45.252Z
DEMO-DEV-0456,113,2026-09-24T22:00:50.120Z
DEMO-DEV-0582,113,2026-09-17T06:21:16.666Z
DEMO-DEV-0875,113,2026-09-21T02:16:40.738Z
DEMO-DEV-0970,113,2026-09-27T09:56:27.253Z
DEMO-DEV-1014,113,2026-09-04T01:25:03.555Z
DEMO-DEV-1909,113,2026-09-29T19:29:20.391Z
DEMO-DEV-1971,113,2026-09-28T18:51:12.287Z
DEMO-DEV-2158,113,2026-09-26T17:37:47.913Z
DEMO-DEV-2200,113,2026-09-27T07:39:05.578Z
DEMO-DEV-2311,113,2026-09-10T16:23:11.203Z
DEMO-DEV-2503,113,2026-09-05T12:43:55.607Z
DEMO-DEV-2638,113,2026-09-09T05:35:11.234Z
DEMO-DEV-3155,113,2026-09-29T01:13:26.087Z
DEMO-DEV-3386,113,2026-09-28T12:51:06.913Z
DEMO-DEV-3515,113,2026-09-22T03:12:32.974Z
DEMO-DEV-3644,113,2026-09-25T20:22:12.524Z
DEMO-DEV-3789,113,2026-09-08T21:00:19.172Z
DEMO-DEV-3884,113,2026-09-26T23:35:00.614Z
DEMO-DEV-3969,113,2026-09-26T17:43:14.230Z
DEMO-DEV-4044,113,2026-09-15T07:45:41.173Z
DEMO-DEV-4252,113,2026-09-23T11:33:46.172Z
DEMO-DEV-4315,113,2026-09-27T10:15:19.150Z
DEMO-DEV-4331,113,2026-09-29T13:17:17.735Z
DEMO-DEV-4412,113,2026-08-10T07:06:48.287Z
DEMO-DEV-4493,113,2026-09-27T09:47:16.428Z
DEMO-DEV-4504,113,2026-09-20T01:47:16.754Z
DEMO-DEV-4511,113,2026-09-27T04:08:47.203Z
DEMO-DEV-4539,113,2026-09-20T01:34:14.466Z
DEMO-DEV-4555,113,2026-09-23T20:59:24.167Z
DEMO-DEV-4591,113,2026-09-26T08:35:17.682Z
DEMO-DEV-4639,113,2026-09-07T11:59:42.239Z
DEMO-DEV-4657,113,2026-09-20T07:34:05.192Z
DEMO-DEV-4692,113,2026-09-28T11:56:13.403Z
DEMO-DEV-4790,113,2026-08-25T12:10:49.123Z
DEMO-DEV-4808,113,2026-09-07T02:56:10.460Z
DEMO-DEV-4836,113,2026-09-19T06:37:16.077Z
DEMO-DEV-5163,113,2026-09-29T02:11:39.639Z
DEMO-DEV-5653,113,2026-09-18T06:18:21.793Z
DEMO-DEV-5697,113,2026-09-25T05:59:40.811Z
DEMO-DEV-5763,113,2026-09-21T12:23:40.865Z
DEMO-DEV-5776,113,2026-09-26T22:23:33.884Z
DEMO-DEV-5880,113,2026-09-06T14:47:30.222Z
DEMO-DEV-5981,113,2026-09-25T02:50:39.785Z
DEMO-DEV-6188,113,2026-09-11T01:07:20.614Z
DEMO-DEV-6254,113,2026-08-29T02:23:10.836Z
DEMO-DEV-6646,113,2026-09-18T16:50:38.236Z
DEMO-DEV-6810,113,2026-09-27T10:23:46.354Z
DEMO-DEV-6816,113,2026-09-23T17:23:56.556Z
DEMO-DEV-6817,113,2026-09-03T06:00:14.415Z
DEMO-DEV-6833,113,2026-08-25T12:24:55.239Z
DEMO-DEV-6848,113,2026-09-06T08:19:17.370Z
DEMO-DEV-7159,113,2026-09-12T03:12:44.466Z
DEMO-DEV-7224,113,2026-09-09T00:46:46.288Z
DEMO-DEV-7236,113,2026-09-10T19:52:10.134Z
DEMO-DEV-7283,113,2026-09-16T12:49:45.817Z
DEMO-DEV-7513,113,2026-09-26T07:46:44.402Z
DEMO-DEV-7596,113,2026-09-13T04:20:50.658Z
DEMO-DEV-7602,113,2026-09-09T02:45:22.817Z
DEMO-DEV-8016,113,2026-09-29T15:21:53.021Z
DEMO-DEV-8200,113,2026-09-19T20:06:39.692Z
DEMO-DEV-8214,113,2026-09-17T08:01:52.403Z
DEMO-DEV-8347,113,2026-09-28T03:35:58.015Z
DEMO-DEV-8371,113,2026-09-14T14:21:22.817Z
DEMO-DEV-8890,113,2026-09-27T14:54:28.134Z
DEMO-DEV-8991,113,2026-09-21T14:05:00.676Z
DEMO-DEV-9224,113,2026-09-01T15:43:31.614Z
DEMO-DEV-9407,113,2026-09-29T18:23:56.841Z
DEMO-DEV-9508,113,2026-09-24T21:41:56.073Z
DEMO-DEV-9585,113,2026-09-27T03:09:59.992Z
DEMO-DEV-9594,113,2026-09-28T19:22:43.168Z
DEMO-DEV-9996,113,2026-09-26T12:59:43.811Z
DEMO-DEV-0073,112,2026-09-20T23:35:02.738Z
DEMO-DEV-0139,112,2026-09-21T02:37:07.985Z
DEMO-DEV-0236,112,2026-09-30T01:55:40.738Z
DEMO-DEV-0313,112,2026-09-25T15:19:09.692Z
DEMO-DEV-0323,112,2026-08-10T04:24:44.319Z
DEMO-DEV-0389,112,2026-09-28T15:15:56.387Z
DEMO-DEV-0414,112,2026-09-07T15:37:51.992Z
DEMO-DEV-0566,112,2026-09-26T19:45:36.003Z
DEMO-DEV-0677,112,2026-09-24T10:50:15.203Z
DEMO-DEV-0847,112,2026-09-20T18:57:29.173Z
DEMO-DEV-1055,112,2026-09-25T19:35:22.037Z
DEMO-DEV-1072,112,2026-09-18T19:36:19.692Z
DEMO-DEV-1317,112,2026-09-30T01:29:09.368Z
DEMO-DEV-1382,112,2026-09-26T02:34:21.929Z
DEMO-DEV-1424,112,2026-09-23T19:50:30.203Z
DEMO-DEV-1433,112,2026-09-29T11:27:42.785Z
DEMO-DEV-1459,112,2026-09-20T16:36:43.519Z
DEMO-DEV-1530,112,2026-09-28T16:08:44.917Z
DEMO-DEV-1621,112,2026-07-31T05:59:59.446Z
DEMO-DEV-1644,112,2026-09-21T09:42:25.987Z
DEMO-DEV-1655,112,2026-09-22T23:15:01.989Z
DEMO-DEV-1740,112,2026-09-26T12:56:23.795Z
DEMO-DEV-1778,112,2026-09-23T14:49:50.139Z
DEMO-DEV-1807,112,2026-08-25T12:30:10.795Z
DEMO-DEV-1812,112,2026-09-18T07:31:50.192Z
DEMO-DEV-1881,112,2026-09-21T15:03:04.189Z
DEMO-DEV-1912,112,2026-09-03T06:02:10.782Z
DEMO-DEV-1959,112,2026-09-10T23:06:01.021Z
DEMO-DEV-2074,112,2026-09-27T00:22:29.841Z
DEMO-DEV-2138,112,2026-09-22T22:54:17.442Z
DEMO-DEV-2183,112,2026-09-08T16:58:25.545Z
DEMO-DEV-2356,112,2026-09-28T01:33:02.150Z
DEMO-DEV-2372,112,2026-09-24T03:02:57.234Z
DEMO-DEV-2479,112,2026-09-24T23:52:50.470Z
DEMO-DEV-2510,112,2026-09-25T15:59:07.537Z
DEMO-DEV-2705,112,2026-09-17T22:51:31.120Z
DEMO-DEV-2737,112,2026-09-13T14:25:53.692Z
DEMO-DEV-2741,112,2026-09-25T21:33:42.368Z
DEMO-DEV-2821,112,2026-08-18T22:23:15.500Z
DEMO-DEV-3119,112,2026-09-24T05:42:55.003Z
DEMO-DEV-3175,112,2026-09-22T01:50:11.692Z
DEMO-DEV-3363,112,2026-09-06T08:33:35.238Z
DEMO-DEV-3434,112,2026-08-17T06:31:23.785Z
DEMO-DEV-3601,112,2026-09-17T03:37:03.738Z
DEMO-DEV-3642,112,2026-09-28T08:21:04.804Z
DEMO-DEV-3680,112,2026-09-05T15:44:31.614Z
DEMO-DEV-3747,112,2026-09-16T23:45:39.892Z
DEMO-DEV-3793,112,2026-09-21T19:08:28.222Z
DEMO-DEV-4005,112,2026-09-04T16:04:00.222Z
DEMO-DEV-4010,112,2026-09-19T01:21:54.014Z
DEMO-DEV-4339,112,2026-09-12T20:02:05.503Z
DEMO-DEV-4426,112,2026-09-26T16:30:19.288Z
DEMO-DEV-4576,112,2026-09-02T15:39:02.003Z
DEMO-DEV-4625,112,2026-09-26T20:39:05.865Z
DEMO-DEV-4641,112,2026-09-02T20:16:20.063Z
DEMO-DEV-4718,112,2026-09-22T03:10:08.252Z
DEMO-DEV-4994,112,2026-09-14T13:00:39.661Z
DEMO-DEV-5053,112,2026-09-20T21:47:18.232Z
DEMO-DEV-5094,112,2026-09-29T17:00:59.870Z
DEMO-DEV-5105,112,2026-09-23T09:33:37.189Z
DEMO-DEV-5110,112,2026-08-08T02:55:00.816Z
DEMO-DEV-5162,112,2026-09-09T21:37:41.139Z
DEMO-DEV-5477,112,2026-09-27T07:18:41.446Z
DEMO-DEV-5569,112,2026-09-19T10:05:16.357Z
DEMO-DEV-5616,112,2026-09-29T07:12:08.804Z
DEMO-DEV-5681,112,2026-09-22T00:18:59.804Z
DEMO-DEV-5724,112,2026-09-19T11:09:28.026Z
DEMO-DEV-5739,112,2026-09-06T02:27:25.428Z
DEMO-DEV-5857,112,2026-09-24T17:40:13.503Z
DEMO-DEV-6279,112,2026-09-29T17:25:01.863Z
DEMO-DEV-6308,112,2026-09-20T15:05:08.226Z
DEMO-DEV-6313,112,2026-09-11T20:28:43.337Z
DEMO-DEV-6339,112,2026-09-15T08:26:31.639Z
DEMO-DEV-6550,112,2026-08-24T15:31:45.817Z
DEMO-DEV-6762,112,2026-09-17T13:30:00.949Z
DEMO-DEV-6803,112,2026-09-23T14:07:41.300Z
DEMO-DEV-7038,112,2026-09-24T15:42:06.811Z
DEMO-DEV-7048,112,2026-09-13T17:55:10.497Z
DEMO-DEV-7207,112,2026-09-30T03:01:44.460Z
DEMO-DEV-7284,112,2026-09-23T07:37:30.976Z
DEMO-DEV-7426,112,2026-09-19T23:23:23.160Z
DEMO-DEV-7495,112,2026-09-28T11:13:10.192Z
DEMO-DEV-7512,112,2026-09-25T11:04:25.648Z
DEMO-DEV-7561,112,2026-09-26T15:58:02.752Z
DEMO-DEV-7788,112,2026-09-24T04:49:44.843Z
DEMO-DEV-7790,112,2026-09-22T18:01:00.080Z
DEMO-DEV-7825,112,2026-09-21T23:23:52.173Z
DEMO-DEV-7938,112,2026-09-29T22:06:40.735Z
DEMO-DEV-8135,112,2026-09-25T18:34:55.806Z
DEMO-DEV-8199,112,2026-06-22T17:27:38.192Z
DEMO-DEV-8355,112,2026-09-28T21:58:20.555Z
DEMO-DEV-8389,112,2026-09-27T12:49:49.268Z
DEMO-DEV-8413,112,2026-09-23T01:30:13.472Z
DEMO-DEV-8452,112,2026-09-17T21:21:19.676Z
DEMO-DEV-8690,112,2026-08-24T15:37:35.884Z
DEMO-DEV-8751,112,2026-09-24T17:10:08.966Z
DEMO-DEV-8799,112,2026-09-23T18:01:48.300Z
DEMO-DEV-8827,112,2026-09-06T15:55:01.795Z
DEMO-DEV-9002,112,2026-09-14T21:08:27.811Z
DEMO-DEV-9082,112,2026-09-15T07:55:12.500Z
DEMO-DEV-9100,112,2026-09-29T15:22:33.682Z
DEMO-DEV-9292,112,2026-09-17T18:09:45.926Z
DEMO-DEV-9364,112,2026-09-22T07:41:18.752Z
DEMO-DEV-9399,112,2026-09-25T10:36:08.557Z
DEMO-DEV-9722,112,2026-09-29T21:23:34.714Z
DEMO-DEV-9845,112,2026-09-09T04:43:56.368Z
DEMO-DEV-9926,112,2026-09-24T14:46:29.077Z
DEMO-DEV-0093,111,2026-09-23T01:04:12.505Z
DEMO-DEV-0156,111,2026-09-23T01:56:16.992Z
DEMO-DEV-0283,111,2026-09-22T07:17:04.409Z
DEMO-DEV-0530,111,2026-09-28T01:57:15.666Z
DEMO-DEV-0642,111,2026-09-04T09:47:02.038Z
DEMO-DEV-0739,111,2026-09-26T12:10:33.824Z
DEMO-DEV-0794,111,2026-09-21T06:15:55.597Z
DEMO-DEV-0893,111,2026-09-11T23:42:19.390Z
DEMO-DEV-0907,111,2026-08-31T06:50:36.584Z
DEMO-DEV-0955,111,2026-09-22T08:44:21.264Z
DEMO-DEV-0972,111,2026-09-21T17:51:52.497Z
DEMO-DEV-1021,111,2026-09-06T16:44:52.023Z
DEMO-DEV-1045,111,2026-09-08T18:02:29.291Z
DEMO-DEV-1144,111,2026-09-07T20:19:10.867Z
DEMO-DEV-1301,111,2026-08-17T10:23:51.040Z
DEMO-DEV-1374,111,2026-09-29T23:31:29.365Z
DEMO-DEV-1542,111,2026-08-31T09:39:12.264Z
DEMO-DEV-1624,111,2026-09-24T08:02:23.929Z
DEMO-DEV-1653,111,2026-09-16T06:46:50.975Z
DEMO-DEV-1683,111,2026-09-16T20:25:11.015Z
DEMO-DEV-1696,111,2026-09-05T14:21:45.885Z
DEMO-DEV-1785,111,2026-09-21T09:23:15.203Z
DEMO-DEV-2006,111,2026-08-26T03:57:12.702Z
DEMO-DEV-2014,111,2026-09-28T03:28:02.172Z
DEMO-DEV-2106,111,2026-09-20T03:55:13.190Z
DEMO-DEV-2114,111,2026-09-25T17:08:21.863Z
DEMO-DEV-2154,111,2026-09-25T17:24:38.676Z
DEMO-DEV-2250,111,2026-09-29T14:50:05.288Z
DEMO-DEV-2275,111,2026-08-28T20:52:35.165Z
DEMO-DEV-2506,111,2026-09-25T21:46:34.357Z
DEMO-DEV-2545,111,2026-09-17T07:18:35.134Z
DEMO-DEV-2553,111,2026-08-28T01:09:10.702Z
DEMO-DEV-2635,111,2026-09-27T06:58:15.966Z
DEMO-DEV-2642,111,2026-09-21T11:08:19.368Z
DEMO-DEV-2688,111,2026-09-29T14:31:32.778Z
DEMO-DEV-2758,111,2026-09-10T23:08:05.537Z
DEMO-DEV-2766,111,2026-09-27T06:27:49.816Z
DEMO-DEV-2909,111,2026-09-20T04:13:52.161Z
DEMO-DEV-3000,111,2026-09-23T01:54:05.443Z
DEMO-DEV-3130,111,2026-09-03T17:12:57.785Z
DEMO-DEV-3222,111,2026-09-20T16:05:08.040Z
DEMO-DEV-3310,111,2026-09-11T13:24:10.219Z
DEMO-DEV-3314,111,2026-09-29T19:35:42.948Z
DEMO-DEV-3366,111,2026-09-20T03:05:09.535Z
DEMO-DEV-3371,111,2026-09-26T14:45:01.250Z
DEMO-DEV-3439,111,2026-09-12T08:25:55.614Z
DEMO-DEV-3467,111,2026-09-21T09:00:48.485Z
DEMO-DEV-3477,111,2026-09-26T19:51:44.225Z
DEMO-DEV-3493,111,2026-09-27T18:45:58.597Z
DEMO-DEV-3759,111,2026-09-29T12:59:56.523Z
DEMO-DEV-3957,111,2026-09-24T13:08:21.470Z
DEMO-DEV-3960,111,2026-09-08T04:05:05.859Z
DEMO-DEV-4123,111,2026-09-06T14:37:19.446Z
DEMO-DEV-4140,111,2026-08-23T13:35:00.298Z
DEMO-DEV-4231,111,2026-09-26T11:12:48.123Z
DEMO-DEV-4275,111,2026-09-25T02:36:56.307Z
DEMO-DEV-4325,111,2026-09-30T05:27:23.811Z
DEMO-DEV-4415,111,2026-09-22T14:08:56.183Z
DEMO-DEV-4433,111,2026-08-22T14:21:48.500Z
DEMO-DEV-4516,111,2026-08-10T22:41:07.655Z
DEMO-DEV-4599,111,2026-08-31T12:44:08.307Z
DEMO-DEV-4646,111,2026-09-21T14:24:14.402Z
DEMO-DEV-4711,111,2026-09-25T12:13:24.218Z
DEMO-DEV-4732,111,2026-09-16T11:36:09.254Z
DEMO-DEV-4740,111,2026-09-28T20:25:13.120Z
DEMO-DEV-4764,111,2026-09-25T05:35:02.218Z
DEMO-DEV-4870,111,2026-09-18T14:57:55.646Z
DEMO-DEV-4928,111,2026-09-22T23:57:41.614Z
DEMO-DEV-5121,111,2026-09-22T02:23:07.168Z
DEMO-DEV-5155,111,2026-09-04T21:23:24.253Z
DEMO-DEV-5196,111,2026-09-10T05:03:25.173Z
DEMO-DEV-5393,111,2026-07-22T11:29:43.965Z
DEMO-DEV-5397,111,2026-08-14T07:34:16.992Z
DEMO-DEV-5426,111,2026-09-17T17:47:22.218Z
DEMO-DEV-5603,111,2026-09-26T20:49:30.825Z
DEMO-DEV-5606,111,2026-09-24T16:16:23.870Z
DEMO-DEV-5623,111,2026-09-21T17:30:06.929Z
DEMO-DEV-5649,111,2026-09-21T00:19:03.870Z
DEMO-DEV-5717,111,2026-09-06T10:48:12.238Z
DEMO-DEV-5791,111,2026-09-23T17:01:45.966Z
DEMO-DEV-5873,111,2026-09-16T12:40:32.470Z
DEMO-DEV-5904,111,2026-08-28T09:20:50.727Z
DEMO-DEV-5999,111,2026-09-25T04:36:22.884Z
DEMO-DEV-6016,111,2026-09-21T18:34:16.863Z
DEMO-DEV-6067,111,2026-09-28T15:00:46.816Z
DEMO-DEV-6198,111,2026-09-23T20:56:37.966Z
DEMO-DEV-6230,111,2026-09-20T00:33:43.472Z
DEMO-DEV-6251,111,2026-09-06T02:27:36.168Z
DEMO-DEV-6281,111,2026-09-13T23:07:52.992Z
DEMO-DEV-6359,111,2026-09-26T20:37:18.885Z
DEMO-DEV-6403,111,2026-09-27T14:42:42.806Z
DEMO-DEV-6443,111,2026-09-26T06:43:33.710Z
DEMO-DEV-6481,111,2026-09-21T03:50:17.503Z
DEMO-DEV-6678,111,2026-09-11T23:44:42.843Z
DEMO-DEV-6727,111,2026-09-10T02:07:06.968Z
DEMO-DEV-6814,111,2026-09-19T11:34:44.702Z
DEMO-DEV-6839,111,2026-09-29T12:41:26.268Z
DEMO-DEV-6939,111,2026-09-21T08:18:11.505Z
DEMO-DEV-7061,111,2026-09-17T03:47:58.738Z
DEMO-DEV-7161,111,2026-08-16T01:42:09.325Z
DEMO-DEV-7194,111,2026-09-27T08:30:04.352Z
DEMO-DEV-7215,111,2026-09-16T17:59:36.668Z
DEMO-DEV-7259,111,2026-09-21T18:17:59.497Z
DEMO-DEV-7264,111,2026-09-16T14:42:41.239Z
DEMO-DEV-7469,111,2026-08-31T22:47:15.511Z
DEMO-DEV-7522,111,2026-09-24T06:49:06.073Z
DEMO-DEV-7531,111,2026-09-26T23:40:03.298Z
DEMO-DEV-7574,111,2026-08-28T03:45:56.926Z
DEMO-DEV-7874,111,2026-09-19T06:16:13.252Z
DEMO-DEV-7928,111,2026-08-31T04:19:36.843Z
DEMO-DEV-7997,111,2026-08-28T22:12:52.646Z
DEMO-DEV-8002,111,2026-09-24T06:20:22.968Z
DEMO-DEV-8005,111,2026-09-24T11:35:14.288Z
DEMO-DEV-8048,111,2026-09-21T11:39:47.785Z
DEMO-DEV-8054,111,2026-09-25T09:54:42.203Z
DEMO-DEV-8062,111,2026-09-28T02:59:05.023Z
DEMO-DEV-8066,111,2026-09-27T18:28:32.366Z
DEMO-DEV-8067,111,2026-09-25T23:57:07.307Z
DEMO-DEV-8225,111,2026-09-17T02:54:37.319Z
DEMO-DEV-8270,111,2026-08-03T12:46:26.513Z
DEMO-DEV-8294,111,2026-09-27T12:59:07.205Z
DEMO-DEV-8361,111,2026-09-12T20:35:41.513Z
DEMO-DEV-8373,111,2026-09-18T14:44:26.591Z
DEMO-DEV-8400,111,2026-08-08T17:42:10.239Z
DEMO-DEV-8451,111,2026-09-24T12:44:14.714Z
DEMO-DEV-8510,111,2026-09-30T07:10:10.537Z
DEMO-DEV-8614,111,2026-09-19T07:41:13.264Z
DEMO-DEV-8645,111,2026-09-27T06:51:39.390Z
DEMO-DEV-8988,111,2026-09-28T20:46:52.985Z
DEMO-DEV-9063,111,2026-09-25T10:47:30.661Z
DEMO-DEV-9289,111,2026-09-29T00:13:58.024Z
DEMO-DEV-9348,111,2026-09-15T12:19:08.989Z
DEMO-DEV-9360,111,2026-09-22T05:11:34.884Z
DEMO-DEV-9372,111,2026-07-10T22:37:33.497Z
DEMO-DEV-9381,111,2026-09-05T17:09:39.298Z
DEMO-DEV-9391,111,2026-09-25T07:50:45.974Z
DEMO-DEV-9493,111,2026-09-22T05:46:28.138Z
DEMO-DEV-9563,111,2026-09-25T19:30:25.785Z
DEMO-DEV-9577,111,2026-09-29T11:30:02.676Z
DEMO-DEV-9598,111,2026-09-27T05:13:24.403Z
DEMO-DEV-9619,111,2026-08-29T10:33:57.754Z
DEMO-DEV-9627,111,2026-09-30T07:49:30.803Z
DEMO-DEV-9842,111,2026-09-27T16:48:55.068Z
DEMO-DEV-9876,111,2026-09-18T06:58:14.914Z
DEMO-DEV-9883,111,2026-09-25T22:38:32.989Z
DEMO-DEV-9910,111,2026-09-28T20:43:06.472Z
DEMO-DEV-9920,111,2026-09-04T17:14:03.948Z
DEMO-DEV-0245,110,2026-09-18T04:12:55.842Z
DEMO-DEV-0260,110,2026-09-22T05:06:42.599Z
DEMO-DEV-0581,110,2026-09-11T06:20:03.511Z
DEMO-DEV-0762,110,2026-09-28T12:27:14.754Z
DEMO-DEV-0864,110,2026-09-17T17:54:48.917Z
DEMO-DEV-0884,110,2026-09-18T20:47:52.024Z
DEMO-DEV-0914,110,2026-09-21T18:48:22.221Z
DEMO-DEV-1122,110,2026-09-13T12:40:10.795Z
DEMO-DEV-1187,110,2026-09-03T03:22:39.190Z
DEMO-DEV-1215,110,2026-09-19T15:06:27.974Z
DEMO-DEV-1491,110,2026-09-29T02:32:57.287Z
DEMO-DEV-1500,110,2026-09-26T23:48:40.302Z
DEMO-DEV-1599,110,2026-09-28T16:59:54.368Z
DEMO-DEV-1616,110,2026-09-02T19:44:15.917Z
DEMO-DEV-1754,110,2026-09-18T17:48:48.968Z
DEMO-DEV-1780,110,2026-09-19T03:03:00.308Z
DEMO-DEV-1907,110,2026-09-24T09:11:24.428Z
DEMO-DEV-1988,110,2026-09-22T10:32:29.120Z
DEMO-DEV-2070,110,2026-09-17T22:34:18.402Z
DEMO-DEV-2176,110,2026-09-25T05:27:55.232Z
DEMO-DEV-2193,110,2026-09-29T17:34:46.825Z
DEMO-DEV-2218,110,2026-09-04T07:46:24.370Z
DEMO-DEV-2292,110,2026-09-22T23:50:26.368Z
DEMO-DEV-2326,110,2026-09-29T21:33:06.568Z
DEMO-DEV-2337,110,2026-09-25T00:40:15.537Z
DEMO-DEV-2388,110,2026-09-19T15:42:42.817Z
DEMO-DEV-2409,110,2026-09-26T21:31:01.646Z
DEMO-DEV-2438,110,2026-09-27T03:09:53.288Z
DEMO-DEV-2686,110,2026-09-21T11:03:36.868Z
DEMO-DEV-2748,110,2026-09-18T01:10:33.189Z
DEMO-DEV-2890,110,2026-09-11T09:51:39.497Z
DEMO-DEV-2891,110,2026-09-28T00:51:08.965Z
DEMO-DEV-2973,110,2026-09-19T01:30:42.236Z
DEMO-DEV-2981,110,2026-09-27T23:02:07.648Z
DEMO-DEV-2989,110,2026-09-26T18:48:58.239Z
DEMO-DEV-3024,110,2026-09-24T13:29:53.618Z
DEMO-DEV-3139,110,2026-09-26T07:19:45.250Z
DEMO-DEV-3215,110,2026-09-24T09:30:18.968Z
DEMO-DEV-3226,110,2026-09-29T04:32:10.219Z
DEMO-DEV-3240,110,2026-09-27T16:24:29.073Z
DEMO-DEV-3252,110,2026-09-19T02:07:00.462Z
DEMO-DEV-3255,110,2026-09-27T20:34:21.470Z
DEMO-DEV-3262,110,2026-09-28T11:00:20.817Z
DEMO-DEV-3395,110,2026-09-21T14:48:02.352Z
DEMO-DEV-3419,110,2026-09-27T22:48:24.222Z
DEMO-DEV-3487,110,2026-09-21T09:02:58.648Z
DEMO-DEV-3545,110,2026-09-25T00:37:04.535Z
DEMO-DEV-3662,110,2026-09-08T16:24:07.974Z
DEMO-DEV-3717,110,2026-09-07T21:53:39.785Z
DEMO-DEV-3845,110,2026-09-28T06:50:20.524Z
DEMO-DEV-3889,110,2026-09-26T19:27:35.806Z
DEMO-DEV-3895,110,2026-09-15T05:54:57.307Z
DEMO-DEV-4068,110,2026-08-11T12:29:46.485Z
DEMO-DEV-4118,110,2026-09-22T06:03:03.037Z
DEMO-DEV-4163,110,2026-09-29T16:13:22.208Z
DEMO-DEV-4200,110,2026-09-24T09:57:16.607Z
DEMO-DEV-4214,110,2026-09-19T12:45:02.370Z
DEMO-DEV-4366,110,2026-09-14T21:27:52.319Z
DEMO-DEV-4428,110,2026-09-28T13:28:03.884Z
DEMO-DEV-4455,110,2026-09-23T12:19:18.038Z
DEMO-DEV-4496,110,2026-09-10T12:30:43.655Z
DEMO-DEV-4650,110,2026-09-18T06:26:52.926Z
DEMO-DEV-4651,110,2026-09-09T20:41:12.985Z
DEMO-DEV-4859,110,2026-09-26T06:23:35.446Z
DEMO-DEV-4882,110,2026-08-20T14:09:29.929Z
DEMO-DEV-4936,110,2026-08-23T14:03:35.917Z
DEMO-DEV-5006,110,2026-09-11T05:22:54.402Z
DEMO-DEV-5011,110,2026-09-16T05:32:38.192Z
DEMO-DEV-5159,110,2026-09-27T12:11:37.524Z
DEMO-DEV-5184,110,2026-09-29T03:50:37.368Z
DEMO-DEV-5193,110,2026-09-12T07:00:29.287Z
DEMO-DEV-5297,110,2026-09-29T18:28:33.068Z
DEMO-DEV-5306,110,2026-09-27T06:56:20.597Z
DEMO-DEV-5591,110,2026-09-29T16:40:28.250Z
DEMO-DEV-5714,110,2026-08-30T11:23:29.804Z
DEMO-DEV-5729,110,2026-09-28T16:37:09.738Z
DEMO-DEV-5746,110,2026-09-26T16:49:00.688Z
DEMO-DEV-5761,110,2026-09-25T02:57:01.926Z
DEMO-DEV-5863,110,2026-09-16T09:09:51.190Z
DEMO-DEV-6033,110,2026-09-24T13:31:01.879Z
DEMO-DEV-6070,110,2026-09-14T00:52:21.688Z
DEMO-DEV-6087,110,2026-09-01T04:43:35.513Z
DEMO-DEV-6315,110,2026-09-18T18:33:02.658Z
DEMO-DEV-6685,110,2026-09-20T03:35:01.992Z
DEMO-DEV-6735,110,2026-09-11T12:57:39.443Z
DEMO-DEV-6787,110,2026-08-27T01:32:43.839Z
DEMO-DEV-6830,110,2026-09-18T00:39:08.027Z
DEMO-DEV-6885,110,2026-09-16T01:34:03.319Z
DEMO-DEV-6903,110,2026-09-23T09:15:39.646Z
DEMO-DEV-6978,110,2026-09-28T02:36:35.139Z
DEMO-DEV-7004,110,2026-09-22T23:31:59.134Z
DEMO-DEV-7018,110,2026-09-28T13:55:16.462Z
DEMO-DEV-7164,110,2026-09-28T12:30:47.948Z
DEMO-DEV-7232,110,2026-09-14T15:13:16.648Z
DEMO-DEV-7286,110,2026-09-07T18:15:58.682Z
DEMO-DEV-7321,110,2026-09-20T08:32:08.578Z
DEMO-DEV-7322,110,2026-09-16T02:22:40.222Z
DEMO-DEV-7354,110,2026-08-15T23:33:42.221Z
DEMO-DEV-7451,110,2026-09-29T20:41:01.929Z
DEMO-DEV-7549,110,2026-09-15T03:16:21.535Z
DEMO-DEV-7585,110,2026-09-23T11:25:11.307Z
DEMO-DEV-7612,110,2026-09-11T16:43:38.390Z
DEMO-DEV-7669,110,2026-09-20T19:01:22.004Z
DEMO-DEV-7760,110,2026-08-16T05:46:29.415Z
DEMO-DEV-7846,110,2026-09-09T10:41:22.884Z
DEMO-DEV-7855,110,2026-09-29T14:03:52.648Z
DEMO-DEV-7998,110,2026-09-12T12:27:17.917Z
DEMO-DEV-8006,110,2026-09-02T04:58:03.859Z
DEMO-DEV-8129,110,2026-09-22T19:10:17.190Z
DEMO-DEV-8211,110,2026-09-24T06:37:55.692Z
DEMO-DEV-8276,110,2026-09-03T00:47:26.189Z
DEMO-DEV-8450,110,2026-09-26T16:17:55.403Z
DEMO-DEV-8494,110,2026-09-26T19:39:29.370Z
DEMO-DEV-8558,110,2026-09-29T20:08:32.926Z
DEMO-DEV-8731,110,2026-09-26T00:03:02.891Z
DEMO-DEV-8771,110,2026-09-24T17:44:25.851Z
DEMO-DEV-9057,110,2026-09-16T00:50:08.205Z
DEMO-DEV-9059,110,2026-09-03T12:21:08.226Z
DEMO-DEV-9067,110,2026-09-23T07:55:03.172Z
DEMO-DEV-9081,110,2026-09-03T02:09:41.014Z
DEMO-DEV-9122,110,2026-09-20T04:17:34.527Z
DEMO-DEV-9141,110,2026-09-19T17:20:09.466Z
DEMO-DEV-9221,110,2026-09-06T03:34:22.863Z
DEMO-DEV-9234,110,2026-09-28T19:52:07.192Z
DEMO-DEV-9340,110,2026-09-30T04:41:30.319Z
DEMO-DEV-9469,110,2026-09-20T01:03:31.472Z
DEMO-DEV-9483,110,2026-09-22T03:37:42.037Z
DEMO-DEV-9495,110,2026-09-21T22:57:57.161Z
DEMO-DEV-9524,110,2026-09-27T21:44:37.816Z
DEMO-DEV-9680,110,2026-09-23T01:40:03.246Z
DEMO-DEV-9717,110,2026-09-29T09:37:55.969Z
DEMO-DEV-9816,110,2026-09-15T11:44:09.795Z
DEMO-DEV-9951,110,2026-09-27T09:37:14.222Z
DEMO-DEV-0051,109,2026-09-22T22:48:29.345Z
DEMO-DEV-0081,109,2026-09-24T06:37:31.391Z
DEMO-DEV-0143,109,2026-09-12T05:15:43.442Z
DEMO-DEV-0214,109,2026-09-28T07:20:18.037Z
DEMO-DEV-0234,109,2026-09-28T04:56:04.969Z
DEMO-DEV-0270,109,2026-09-10T16:08:51.038Z
DEMO-DEV-0307,109,2026-09-14T08:48:59.584Z
DEMO-DEV-0424,109,2026-08-03T05:57:09.799Z
DEMO-DEV-0435,109,2026-09-27T07:57:26.442Z
DEMO-DEV-0466,109,2026-09-11T12:01:14.087Z
DEMO-DEV-0513,109,2026-09-17T14:40:18.090Z
DEMO-DEV-0563,109,2026-09-25T12:02:09.208Z
DEMO-DEV-0619,109,2026-09-10T09:05:04.289Z
DEMO-DEV-0699,109,2026-09-12T08:36:00.618Z
DEMO-DEV-0791,109,2026-08-28T18:55:21.799Z
DEMO-DEV-0792,109,2026-07-23T05:18:08.307Z
DEMO-DEV-0894,109,2026-08-19T07:28:18.307Z
DEMO-DEV-0917,109,2026-09-19T10:49:14.870Z
DEMO-DEV-0976,109,2026-09-29T09:22:12.795Z
DEMO-DEV-1019,109,2026-09-21T06:21:38.778Z
DEMO-DEV-1042,109,2026-09-06T07:48:54.004Z
DEMO-DEV-1090,109,2026-09-26T09:19:23.661Z
DEMO-DEV-1190,109,2026-09-19T02:00:26.397Z
DEMO-DEV-1227,109,2026-09-23T08:24:34.804Z
DEMO-DEV-1353,109,2026-09-21T01:54:47.470Z
DEMO-DEV-1357,109,2026-09-29T15:41:54.368Z
DEMO-DEV-1361,109,2026-09-30T07:22:10.462Z
DEMO-DEV-1367,109,2026-09-26T03:05:58.968Z
DEMO-DEV-1386,109,2026-09-29T02:41:40.976Z
DEMO-DEV-1412,109,2026-09-11T19:46:32.661Z
DEMO-DEV-1554,109,2026-09-15T05:14:44.319Z
DEMO-DEV-1567,109,2026-09-28T10:30:56.211Z
DEMO-DEV-1597,109,2026-09-09T20:32:43.846Z
DEMO-DEV-1718,109,2026-09-16T16:06:52.003Z
DEMO-DEV-1750,109,2026-09-24T16:55:20.190Z
DEMO-DEV-1767,109,2026-09-29T06:25:41.879Z
DEMO-DEV-1892,109,2026-09-21T17:07:19.222Z
DEMO-DEV-1963,109,2026-09-14T07:01:42.799Z
DEMO-DEV-2032,109,2026-09-25T21:15:12.134Z
DEMO-DEV-2054,109,2026-09-18T04:42:09.738Z
DEMO-DEV-2179,109,2026-09-17T00:46:44.161Z
DEMO-DEV-2244,109,2026-09-25T08:02:42.846Z
DEMO-DEV-2348,109,2026-09-16T23:56:24.307Z
DEMO-DEV-2377,109,2026-09-19T11:50:14.038Z
DEMO-DEV-2463,109,2026-09-30T00:58:25.864Z
DEMO-DEV-2513,109,2026-09-12T16:33:45.524Z
DEMO-DEV-2570,109,2026-09-30T04:10:15.068Z
DEMO-DEV-2634,109,2026-09-14T20:36:16.578Z
DEMO-DEV-2673,109,2026-09-27T20:05:40.308Z
DEMO-DEV-2804,109,2026-09-20T20:03:43.183Z
DEMO-DEV-2849,109,2026-09-10T05:08:25.692Z
DEMO-DEV-2915,109,2026-09-22T18:18:15.513Z
DEMO-DEV-3027,109,2026-08-06T21:24:08.527Z
DEMO-DEV-3035,109,2026-09-23T11:50:02.288Z
DEMO-DEV-3049,109,2026-09-07T06:56:44.505Z
DEMO-DEV-3156,109,2026-09-16T17:30:59.702Z
DEMO-DEV-3181,109,2026-09-14T01:37:58.080Z
DEMO-DEV-3186,109,2026-08-26T23:32:39.778Z
DEMO-DEV-3258,109,2026-08-17T00:51:40.203Z
DEMO-DEV-3303,109,2026-09-27T19:13:58.485Z
DEMO-DEV-3389,109,2026-09-14T03:23:38.460Z
DEMO-DEV-3405,109,2026-09-29T08:27:12.045Z
DEMO-DEV-3412,109,2026-09-23T05:21:09.646Z
DEMO-DEV-3422,109,2026-09-28T17:42:22.493Z
DEMO-DEV-3478,109,2026-09-30T01:53:03.666Z
DEMO-DEV-3668,109,2026-08-30T15:07:37.402Z
DEMO-DEV-3689,109,2026-09-10T16:12:43.442Z
DEMO-DEV-3740,109,2026-09-13T01:28:07.443Z
DEMO-DEV-3899,109,2026-08-31T20:39:36.040Z
DEMO-DEV-3900,109,2026-09-11T17:49:57.784Z
DEMO-DEV-3936,109,2026-09-20T05:11:30.352Z
DEMO-DEV-3956,109,2026-09-27T18:20:33.859Z
DEMO-DEV-3993,109,2026-08-17T18:29:00.232Z
DEMO-DEV-4002,109,2026-09-19T15:02:48.568Z
DEMO-DEV-4043,109,2026-09-23T17:21:58.537Z
DEMO-DEV-4119,109,2026-08-25T17:22:58.825Z
DEMO-DEV-4207,109,2026-09-18T14:41:14.288Z
DEMO-DEV-4280,109,2026-09-24T16:31:33.863Z
DEMO-DEV-4290,109,2026-09-30T07:03:42.735Z
DEMO-DEV-4304,109,2026-09-24T00:14:13.428Z
DEMO-DEV-4309,109,2026-09-27T12:03:05.466Z
DEMO-DEV-4318,109,2026-09-28T14:29:49.976Z
DEMO-DEV-4352,109,2026-09-24T17:20:57.442Z
DEMO-DEV-4382,109,2026-09-27T03:39:19.892Z
DEMO-DEV-4436,109,2026-09-26T17:07:43.989Z
DEMO-DEV-4506,109,2026-09-26T21:52:44.599Z
DEMO-DEV-4526,109,2026-09-11T05:13:27.004Z
DEMO-DEV-4535,109,2026-09-15T16:52:10.976Z
DEMO-DEV-4642,109,2026-09-12T20:14:05.460Z
DEMO-DEV-4702,109,2026-09-25T14:45:50.446Z
DEMO-DEV-4738,109,2026-09-11T21:27:43.189Z
DEMO-DEV-4749,109,2026-09-20T13:53:22.443Z
DEMO-DEV-4765,109,2026-09-17T03:10:30.138Z
DEMO-DEV-4795,109,2026-09-21T07:14:59.658Z
DEMO-DEV-4816,109,2026-07-26T05:17:44.120Z
DEMO-DEV-4818,109,2026-09-04T02:59:59.415Z
DEMO-DEV-4873,109,2026-09-15T20:50:17.160Z
DEMO-DEV-4877,109,2026-09-28T21:42:42.965Z
DEMO-DEV-4880,109,2026-09-23T08:43:36.466Z
DEMO-DEV-4977,109,2026-09-16T19:01:48.949Z
DEMO-DEV-5042,109,2026-09-27T18:43:15.839Z
DEMO-DEV-5083,109,2026-09-25T12:03:22.884Z
DEMO-DEV-5107,109,2026-09-27T05:58:10.867Z
DEMO-DEV-5120,109,2026-09-12T04:45:23.607Z
DEMO-DEV-5147,109,2026-08-26T09:04:48.508Z
DEMO-DEV-5150,109,2026-09-28T14:36:22.612Z
DEMO-DEV-5225,109,2026-09-27T01:14:04.965Z
DEMO-DEV-5271,109,2026-09-28T05:49:22.508Z
DEMO-DEV-5288,109,2026-09-24T19:12:53.618Z
DEMO-DEV-5389,109,2026-09-09T08:57:03.584Z
DEMO-DEV-5418,109,2026-08-16T23:59:47.225Z
DEMO-DEV-5458,109,2026-09-25T03:36:16.325Z
DEMO-DEV-5461,109,2026-09-26T16:22:53.352Z
DEMO-DEV-5478,109,2026-09-27T03:16:06.754Z
DEMO-DEV-5480,109,2026-09-28T08:22:46.167Z
DEMO-DEV-5503,109,2026-08-19T23:44:43.710Z
DEMO-DEV-5531,109,2026-09-28T19:12:07.965Z
DEMO-DEV-5555,109,2026-09-22T22:27:24.004Z
DEMO-DEV-5584,109,2026-09-21T07:16:43.368Z
DEMO-DEV-5590,109,2026-09-15T09:23:06.913Z
DEMO-DEV-5605,109,2026-09-20T03:43:55.442Z
DEMO-DEV-5680,109,2026-09-23T17:45:19.120Z
DEMO-DEV-5743,109,2026-09-29T20:52:09.073Z
DEMO-DEV-5798,109,2026-09-12T03:34:41.077Z
DEMO-DEV-5838,109,2026-09-03T16:50:08.493Z
DEMO-DEV-5876,109,2026-09-17T15:54:05.811Z
DEMO-DEV-5891,109,2026-09-18T05:05:53.357Z
DEMO-DEV-5893,109,2026-08-18T09:17:18.246Z
DEMO-DEV-5925,109,2026-09-18T19:14:20.846Z
DEMO-DEV-5977,109,2026-09-03T08:30:33.568Z
DEMO-DEV-5982,109,2026-09-16T08:30:37.618Z
DEMO-DEV-5989,109,2026-09-20T05:08:31.535Z
DEMO-DEV-5993,109,2026-09-26T03:32:32.264Z
DEMO-DEV-6270,109,2026-09-25T13:59:39.038Z
DEMO-DEV-6347,109,2026-09-07T04:27:11.524Z
DEMO-DEV-6414,109,2026-09-28T15:33:04.557Z
DEMO-DEV-6431,109,2026-09-15T13:07:58.087Z
DEMO-DEV-6451,109,2026-08-09T02:30:21.415Z
DEMO-DEV-6471,109,2026-09-05T22:46:15.966Z
DEMO-DEV-6561,109,2026-09-26T13:52:00.965Z
DEMO-DEV-6618,109,2026-09-22T03:16:10.391Z
DEMO-DEV-6697,109,2026-09-24T02:19:24.455Z
DEMO-DEV-6752,109,2026-09-20T14:47:42.795Z
DEMO-DEV-6861,109,2026-09-02T05:11:19.014Z
DEMO-DEV-6965,109,2026-09-17T22:30:38.120Z
DEMO-DEV-6989,109,2026-08-22T00:28:56.368Z
DEMO-DEV-7010,109,2026-09-25T09:31:23.799Z
DEMO-DEV-7072,109,2026-09-05T09:45:30.150Z
DEMO-DEV-7085,109,2026-09-16T16:35:01.884Z
DEMO-DEV-7134,109,2026-08-16T03:09:34.806Z
DEMO-DEV-7186,109,2026-09-27T04:22:13.442Z
DEMO-DEV-7214,109,2026-09-11T14:37:42.224Z
DEMO-DEV-7280,109,2026-09-30T04:50:10.027Z
DEMO-DEV-7441,109,2026-09-26T10:56:20.892Z
DEMO-DEV-7472,109,2026-09-14T17:14:32.873Z
DEMO-DEV-7527,109,2026-09-28T20:24:40.913Z
DEMO-DEV-7540,109,2026-09-30T00:50:40.189Z
DEMO-DEV-7598,109,2026-09-27T10:30:28.913Z
DEMO-DEV-7603,109,2026-08-01T10:48:16.236Z
DEMO-DEV-7619,109,2026-09-24T17:22:48.037Z
DEMO-DEV-7629,109,2026-09-24T11:56:57.443Z
DEMO-DEV-7776,109,2026-09-17T22:29:07.524Z
DEMO-DEV-7908,109,2026-09-30T04:23:20.666Z
DEMO-DEV-7916,109,2026-09-16T07:11:40.929Z
DEMO-DEV-7951,109,2026-08-20T23:47:16.639Z
DEMO-DEV-8004,109,2026-09-09T00:38:24.319Z
DEMO-DEV-8020,109,2026-08-18T11:03:55.968Z
DEMO-DEV-8120,109,2026-09-15T03:08:55.646Z
DEMO-DEV-8240,109,2026-09-27T00:08:21.485Z
DEMO-DEV-8391,109,2026-08-26T03:57:40.040Z
DEMO-DEV-8418,109,2026-09-17T00:25:55.183Z
DEMO-DEV-8446,109,2026-09-27T12:04:23.839Z
DEMO-DEV-8474,109,2026-09-16T22:41:34.337Z
DEMO-DEV-8481,109,2026-09-28T06:57:16.168Z
DEMO-DEV-8687,109,2026-08-21T21:31:39.368Z
DEMO-DEV-8735,109,2026-09-23T10:25:37.688Z
DEMO-DEV-8839,109,2026-09-21T04:28:12.870Z
DEMO-DEV-8842,109,2026-09-13T14:14:06.682Z
DEMO-DEV-9066,109,2026-09-15T04:00:49.027Z
DEMO-DEV-9186,109,2026-09-21T22:04:30.859Z
DEMO-DEV-9205,109,2026-09-25T13:28:22.824Z
DEMO-DEV-9255,109,2026-09-18T08:50:23.702Z
DEMO-DEV-9266,109,2026-09-26T02:15:55.846Z
DEMO-DEV-9313,109,2026-09-06T18:35:22.462Z
DEMO-DEV-9376,109,2026-09-28T06:04:09.004Z
DEMO-DEV-9429,109,2026-08-24T08:12:21.839Z
DEMO-DEV-9520,109,2026-09-13T09:32:58.666Z
DEMO-DEV-9550,109,2026-09-13T02:54:05.287Z
DEMO-DEV-9786,109,2026-09-25T12:25:33.782Z
DEMO-DEV-9836,109,2026-09-21T22:10:07.446Z
DEMO-DEV-0008,108,2026-09-26T17:42:58.639Z
DEMO-DEV-0074,108,2026-09-26T21:33:44.655Z
DEMO-DEV-0106,108,2026-09-19T22:55:49.842Z
DEMO-DEV-0141,108,2026-08-25T18:36:18.778Z
DEMO-DEV-0248,108,2026-09-17T03:31:44.192Z
DEMO-DEV-0356,108,2026-09-24T23:35:08.975Z
DEMO-DEV-0390,108,2026-09-10T18:58:08.165Z
DEMO-DEV-0459,108,2026-09-27T22:41:55.545Z
DEMO-DEV-0608,108,2026-09-19T20:55:35.655Z
DEMO-DEV-0645,108,2026-09-25T14:56:59.428Z
DEMO-DEV-0656,108,2026-09-17T15:54:12.024Z
DEMO-DEV-0855,108,2026-08-26T02:54:48.505Z
DEMO-DEV-0912,108,2026-08-30T13:14:25.370Z
DEMO-DEV-0951,108,2026-09-10T19:21:48.917Z
DEMO-DEV-1273,108,2026-08-24T16:27:28.236Z
DEMO-DEV-1319,108,2026-09-18T21:56:06.190Z
DEMO-DEV-1375,108,2026-07-07T08:52:18.839Z
DEMO-DEV-1416,108,2026-09-03T10:26:59.288Z
DEMO-DEV-1488,108,2026-09-21T08:10:05.839Z
DEMO-DEV-1587,108,2026-09-25T05:20:57.985Z
DEMO-DEV-1604,108,2026-09-28T11:19:19.172Z
DEMO-DEV-1625,108,2026-09-21T03:15:54.298Z
DEMO-DEV-1676,108,2026-09-13T02:01:28.172Z
DEMO-DEV-1691,108,2026-09-21T02:40:33.172Z
DEMO-DEV-1693,108,2026-09-05T00:52:25.239Z
DEMO-DEV-1833,108,2026-09-28T09:50:59.885Z
DEMO-DEV-1835,108,2026-09-26T21:03:43.021Z
DEMO-DEV-1851,108,2026-09-29T00:26:12.612Z
DEMO-DEV-1886,108,2026-09-17T19:45:31.402Z
DEMO-DEV-1922,108,2026-08-28T21:24:32.505Z
DEMO-DEV-1946,108,2026-09-28T16:49:08.929Z
DEMO-DEV-1954,108,2026-09-25T10:07:22.929Z
DEMO-DEV-2185,108,2026-09-13T11:43:28.442Z
DEMO-DEV-2299,108,2026-09-27T10:59:59.288Z
DEMO-DEV-2355,108,2026-09-28T04:33:08.969Z
DEMO-DEV-2360,108,2026-09-30T03:42:57.155Z
DEMO-DEV-2410,108,2026-09-22T18:03:03.254Z
DEMO-DEV-2426,108,2026-09-02T18:23:38.368Z
DEMO-DEV-2446,108,2026-09-11T08:20:21.167Z
DEMO-DEV-2454,108,2026-09-09T19:48:17.205Z
DEMO-DEV-2508,108,2026-09-20T17:16:53.236Z
DEMO-DEV-2511,108,2026-09-26T15:28:10.307Z
DEMO-DEV-2585,108,2026-09-24T15:27:52.799Z
DEMO-DEV-2629,108,2026-08-23T11:16:42.307Z
DEMO-DEV-2704,108,2026-09-02T13:22:29.785Z
DEMO-DEV-2845,108,2026-08-26T13:58:48.203Z
DEMO-DEV-2863,108,2026-09-22T03:04:29.253Z
DEMO-DEV-3067,108,2026-09-28T09:10:56.738Z
DEMO-DEV-3099,108,2026-09-21T05:34:57.974Z
DEMO-DEV-3217,108,2026-09-07T01:14:39.817Z
DEMO-DEV-3274,108,2026-09-16T06:28:07.302Z
DEMO-DEV-3285,108,2026-09-12T22:23:46.968Z
DEMO-DEV-3287,108,2026-09-25T20:17:51.584Z
DEMO-DEV-3300,108,2026-09-28T04:31:33.219Z
DEMO-DEV-3410,108,2026-09-20T20:10:05.806Z
DEMO-DEV-3468,108,2026-09-01T13:56:49.038Z
DEMO-DEV-3475,108,2026-09-01T00:29:41.015Z
DEMO-DEV-3516,108,2026-09-18T16:34:27.319Z
DEMO-DEV-3569,108,2026-09-26T11:44:17.268Z
DEMO-DEV-3600,108,2026-09-02T08:21:36.497Z
DEMO-DEV-3729,108,2026-09-28T22:13:24.719Z
DEMO-DEV-3732,108,2026-09-07T21:48:14.605Z
DEMO-DEV-3847,108,2026-09-10T07:27:15.394Z
DEMO-DEV-3868,108,2026-09-21T12:43:05.929Z
DEMO-DEV-3938,108,2026-09-28T03:56:35.345Z
DEMO-DEV-3974,108,2026-09-22T08:30:04.591Z
DEMO-DEV-4029,108,2026-09-29T16:24:14.138Z
DEMO-DEV-4279,108,2026-08-25T19:30:41.345Z
DEMO-DEV-4286,108,2026-09-26T04:53:40.949Z
DEMO-DEV-4292,108,2026-08-07T22:45:05.511Z
DEMO-DEV-4295,108,2026-09-16T02:37:55.087Z
DEMO-DEV-4299,108,2026-09-28T00:19:41.234Z
DEMO-DEV-4302,108,2026-09-15T21:31:15.513Z
DEMO-DEV-4370,108,2026-09-25T03:03:42.605Z
DEMO-DEV-4512,108,2026-09-15T13:30:35.786Z
DEMO-DEV-4552,108,2026-09-25T02:03:54.264Z
DEMO-DEV-4578,108,2026-09-03T19:41:38.077Z
DEMO-DEV-4613,108,2026-09-22T11:42:56.793Z
DEMO-DEV-4647,108,2026-09-19T13:53:28.824Z
DEMO-DEV-4725,108,2026-09-16T18:09:23.987Z
DEMO-DEV-4734,108,2026-09-11T09:01:46.557Z
DEMO-DEV-4735,108,2026-09-18T00:02:54.752Z
DEMO-DEV-4767,108,2026-09-09T17:32:38.472Z
DEMO-DEV-4770,108,2026-09-17T18:03:52.337Z
DEMO-DEV-4840,108,2026-09-21T04:58:30.692Z
DEMO-DEV-4845,108,2026-09-25T00:47:30.785Z
DEMO-DEV-4912,108,2026-09-27T00:47:16.842Z
DEMO-DEV-4983,108,2026-09-27T16:16:11.230Z
DEMO-DEV-5001,108,2026-09-02T07:58:41.524Z
DEMO-DEV-5014,108,2026-09-17T10:33:13.655Z
DEMO-DEV-5041,108,2026-09-24T16:51:36.428Z
DEMO-DEV-5061,108,2026-09-02T15:24:13.989Z
DEMO-DEV-5098,108,2026-09-29T10:57:27.037Z
DEMO-DEV-5100,108,2026-09-27T01:18:54.397Z
DEMO-DEV-5112,108,2026-09-05T08:18:16.591Z
DEMO-DEV-5122,108,2026-09-11T06:39:10.080Z
DEMO-DEV-5137,108,2026-09-26T12:48:53.682Z
DEMO-DEV-5185,108,2026-09-23T03:50:44.969Z
DEMO-DEV-5239,108,2026-09-21T14:57:50.208Z
DEMO-DEV-5331,108,2026-08-23T05:43:19.792Z
DEMO-DEV-5341,108,2026-09-11T02:38:37.735Z
DEMO-DEV-5379,108,2026-09-09T15:39:20.368Z
DEMO-DEV-5444,108,2026-09-04T11:56:57.816Z
DEMO-DEV-5469,108,2026-09-25T06:00:52.839Z
DEMO-DEV-5471,108,2026-09-15T00:50:47.527Z
DEMO-DEV-5541,108,2026-09-25T10:31:42.155Z
DEMO-DEV-5595,108,2026-09-17T04:05:24.402Z
DEMO-DEV-5679,108,2026-09-23T01:27:50.134Z
DEMO-DEV-5722,108,2026-09-28T03:46:59.968Z
DEMO-DEV-5738,108,2026-09-25T16:11:29.308Z
DEMO-DEV-5741,108,2026-09-26T05:55:19.015Z
DEMO-DEV-5805,108,2026-09-29T16:52:25.120Z
DEMO-DEV-5810,108,2026-09-19T05:35:37.291Z
DEMO-DEV-5954,108,2026-09-25T00:55:59.968Z
DEMO-DEV-5984,108,2026-09-15T10:32:51.870Z
DEMO-DEV-6048,108,2026-09-18T10:20:28.370Z
DEMO-DEV-6126,108,2026-09-28T22:37:34.462Z
DEMO-DEV-6132,108,2026-09-16T01:43:51.460Z
DEMO-DEV-6365,108,2026-09-22T00:24:55.859Z
DEMO-DEV-6416,108,2026-09-11T23:47:46.409Z
DEMO-DEV-6428,108,2026-09-28T18:02:12.167Z
DEMO-DEV-6453,108,2026-09-29T22:33:54.785Z
DEMO-DEV-6456,108,2026-09-26T05:52:04.161Z
DEMO-DEV-6457,108,2026-09-12T15:50:36.817Z
DEMO-DEV-6492,108,2026-09-20T10:53:05.024Z
DEMO-DEV-6571,108,2026-08-21T12:37:35.218Z
DEMO-DEV-6584,108,2026-08-28T12:50:32.203Z
DEMO-DEV-6596,108,2026-09-21T01:33:54.192Z
DEMO-DEV-6690,108,2026-09-27T08:01:26.966Z
DEMO-DEV-6724,108,2026-09-24T19:23:56.841Z
DEMO-DEV-6750,108,2026-09-22T01:58:43.926Z
DEMO-DEV-6785,108,2026-09-28T02:09:30.865Z
DEMO-DEV-6875,108,2026-09-20T15:59:49.877Z
DEMO-DEV-6894,108,2026-09-21T01:18:45.021Z
DEMO-DEV-6961,108,2026-09-12T05:42:08.804Z
DEMO-DEV-7012,108,2026-09-27T03:38:40.345Z
DEMO-DEV-7020,108,2026-09-10T19:05:50.298Z
DEMO-DEV-7056,108,2026-09-26T17:43:20.524Z
DEMO-DEV-7065,108,2026-09-24T22:55:40.485Z
DEMO-DEV-7106,108,2026-09-28T04:12:13.851Z
DEMO-DEV-7141,108,2026-09-29T23:50:58.618Z
DEMO-DEV-7154,108,2026-09-19T07:19:48.636Z
DEMO-DEV-7171,108,2026-08-10T02:14:52.653Z
DEMO-DEV-7203,108,2026-09-29T00:51:22.057Z
DEMO-DEV-7222,108,2026-09-22T02:55:09.073Z
DEMO-DEV-7239,108,2026-09-02T10:27:09.403Z
DEMO-DEV-7315,108,2026-09-26T15:43:30.460Z
DEMO-DEV-7324,108,2026-09-19T18:26:22.710Z
DEMO-DEV-7355,108,2026-09-23T01:08:00.460Z
DEMO-DEV-7364,108,2026-09-24T16:12:47.172Z
DEMO-DEV-7490,108,2026-09-15T08:03:13.391Z
DEMO-DEV-7611,108,2026-09-25T22:17:25.068Z
DEMO-DEV-7623,108,2026-09-23T02:58:43.584Z
DEMO-DEV-7742,108,2026-09-25T17:19:28.252Z
DEMO-DEV-7818,108,2026-09-15T21:10:27.513Z
DEMO-DEV-7868,108,2026-09-22T19:28:07.676Z
DEMO-DEV-7892,108,2026-08-08T11:10:55.368Z
DEMO-DEV-8036,108,2026-09-13T05:16:50.851Z
DEMO-DEV-8039,108,2026-08-24T15:02:59.225Z
DEMO-DEV-8145,108,2026-09-28T02:01:26.523Z
DEMO-DEV-8146,108,2026-09-27T18:11:35.863Z
DEMO-DEV-8308,108,2026-09-13T11:49:00.298Z
DEMO-DEV-8386,108,2026-09-18T06:20:26.655Z
DEMO-DEV-8402,108,2026-09-13T22:52:26.337Z
DEMO-DEV-8421,108,2026-08-27T07:31:33.555Z
DEMO-DEV-8485,108,2026-09-17T23:45:27.239Z
DEMO-DEV-8534,108,2026-09-20T13:15:07.929Z
DEMO-DEV-8535,108,2026-09-18T08:19:50.599Z
DEMO-DEV-8569,108,2026-09-26T15:00:34.873Z
DEMO-DEV-8600,108,2026-09-20T04:14:44.205Z
DEMO-DEV-8611,108,2026-09-21T20:29:48.505Z
DEMO-DEV-8670,108,2026-09-02T10:06:44.204Z
DEMO-DEV-8730,108,2026-09-22T00:17:36.976Z
DEMO-DEV-8749,108,2026-09-27T21:51:53.846Z
DEMO-DEV-8782,108,2026-09-16T13:30:26.784Z
DEMO-DEV-8833,108,2026-09-28T01:36:29.646Z
DEMO-DEV-8837,108,2026-09-07T19:28:41.505Z
DEMO-DEV-8873,108,2026-07-21T01:49:35.120Z
DEMO-DEV-8879,108,2026-09-26T15:53:06.428Z
DEMO-DEV-8897,108,2026-09-08T23:09:40.208Z
DEMO-DEV-9026,108,2026-09-09T21:26:15.727Z
DEMO-DEV-9045,108,2026-09-07T08:02:35.446Z
DEMO-DEV-9064,108,2026-09-23T23:30:29.868Z
DEMO-DEV-9091,108,2026-09-23T22:06:32.839Z
DEMO-DEV-9155,108,2026-09-06T05:08:08.636Z
DEMO-DEV-9156,108,2026-09-10T06:48:09.843Z
DEMO-DEV-9273,108,2026-09-14T23:21:56.778Z
DEMO-DEV-9328,108,2026-09-21T17:29:29.555Z
DEMO-DEV-9392,108,2026-09-23T20:50:06.568Z
DEMO-DEV-9471,108,2026-09-25T01:25:15.519Z
DEMO-DEV-9564,108,2026-09-23T09:31:59.765Z
DEMO-DEV-9630,108,2026-09-25T11:56:14.325Z
DEMO-DEV-9654,108,2026-09-26T11:45:49.236Z
DEMO-DEV-9705,108,2026-09-22T11:16:34.409Z
DEMO-DEV-9718,108,2026-09-21T22:32:43.784Z
DEMO-DEV-9720,108,2026-09-28T21:07:38.387Z
DEMO-DEV-9732,108,2026-09-22T13:35:43.702Z
DEMO-DEV-9835,108,2026-09-23T21:29:49.192Z
DEMO-DEV-0004,107,2026-09-25T22:54:37.666Z
DEMO-DEV-0086,107,2026-09-01T23:03:19.578Z
DEMO-DEV-0104,107,2026-09-23T01:58:52.493Z
DEMO-DEV-0116,107,2026-09-25T14:11:02.556Z
DEMO-DEV-0291,107,2026-09-17T09:20:24.825Z
DEMO-DEV-0293,107,2026-08-06T05:26:29.390Z
DEMO-DEV-0299,107,2026-09-12T07:46:51.470Z
DEMO-DEV-0403,107,2026-09-18T02:41:35.045Z
DEMO-DEV-0430,107,2026-08-21T18:00:41.485Z
DEMO-DEV-0477,107,2026-09-07T01:12:57.325Z
DEMO-DEV-0488,107,2026-09-10T18:27:25.319Z
DEMO-DEV-0556,107,2026-09-01T09:39:31.165Z
DEMO-DEV-0626,107,2026-09-27T23:18:10.968Z
DEMO-DEV-0705,107,2026-09-08T12:22:55.614Z
DEMO-DEV-0728,107,2026-09-27T09:17:55.272Z
DEMO-DEV-0803,107,2026-09-29T22:16:16.298Z
DEMO-DEV-0860,107,2026-09-29T03:54:23.120Z
DEMO-DEV-0898,107,2026-09-25T00:00:24.239Z
DEMO-DEV-0945,107,2026-09-24T11:25:09.738Z
DEMO-DEV-0959,107,2026-09-27T23:07:54.466Z
DEMO-DEV-0974,107,2026-09-20T21:18:51.298Z
DEMO-DEV-1027,107,2026-09-25T21:39:09.442Z
DEMO-DEV-1091,107,2026-09-29T21:12:24.173Z
DEMO-DEV-1115,107,2026-08-29T00:10:14.172Z
DEMO-DEV-1147,107,2026-09-27T20:05:22.225Z
DEMO-DEV-1183,107,2026-09-27T03:30:58.784Z
DEMO-DEV-1249,107,2026-09-29T02:58:33.754Z
DEMO-DEV-1376,107,2026-09-20T22:23:40.428Z
DEMO-DEV-1388,107,2026-09-22T07:11:58.021Z
DEMO-DEV-1483,107,2026-09-14T08:03:38.976Z
DEMO-DEV-1487,107,2026-09-20T11:11:01.969Z
DEMO-DEV-1513,107,2026-09-05T00:45:46.868Z
DEMO-DEV-1521,107,2026-09-11T02:03:42.368Z
DEMO-DEV-1620,107,2026-09-07T08:41:03.524Z
DEMO-DEV-1658,107,2026-09-03T02:29:20.068Z
DEMO-DEV-1729,107,2026-08-23T05:51:25.765Z
DEMO-DEV-1738,107,2026-08-11T19:59:32.370Z
DEMO-DEV-1896,107,2026-09-23T06:56:55.189Z
DEMO-DEV-1972,107,2026-09-30T07:10:12.139Z
DEMO-DEV-1984,107,2026-09-24T22:52:23.315Z
DEMO-DEV-2024,107,2026-09-25T14:11:36.211Z
DEMO-DEV-2073,107,2026-09-24T11:30:51.804Z
DEMO-DEV-2196,107,2026-09-15T00:18:19.222Z
DEMO-DEV-2213,107,2026-09-03T21:51:48.851Z
DEMO-DEV-2217,107,2026-09-22T21:01:39.239Z
DEMO-DEV-2235,107,2026-09-17T14:53:30.568Z
DEMO-DEV-2282,107,2026-09-25T21:59:49.646Z
DEMO-DEV-2287,107,2026-09-25T16:04:04.325Z
DEMO-DEV-2296,107,2026-09-25T13:50:49.914Z
DEMO-DEV-2389,107,2026-09-22T00:29:13.239Z
DEMO-DEV-2593,107,2026-09-24T09:36:54.015Z
DEMO-DEV-2612,107,2026-09-19T05:05:49.302Z
DEMO-DEV-2615,107,2026-09-20T00:09:22.846Z
DEMO-DEV-2619,107,2026-09-07T03:54:10.004Z
DEMO-DEV-2630,107,2026-09-29T10:31:26.455Z
DEMO-DEV-2759,107,2026-09-23T00:51:27.302Z
DEMO-DEV-2967,107,2026-09-27T20:37:56.929Z
DEMO-DEV-3009,107,2026-09-21T03:35:57.612Z
DEMO-DEV-3089,107,2026-09-27T19:46:40.948Z
DEMO-DEV-3093,107,2026-09-21T00:04:16.519Z
DEMO-DEV-3146,107,2026-09-23T07:05:32.892Z
DEMO-DEV-3202,107,2026-09-28T16:46:47.524Z
DEMO-DEV-3213,107,2026-09-13T00:03:07.023Z
DEMO-DEV-3219,107,2026-09-29T22:15:58.513Z
DEMO-DEV-3350,107,2026-09-22T21:06:30.557Z
DEMO-DEV-3356,107,2026-09-26T01:16:32.080Z
DEMO-DEV-3373,107,2026-09-19T13:40:43.778Z
DEMO-DEV-3411,107,2026-09-26T18:52:12.075Z
DEMO-DEV-3417,107,2026-08-29T12:53:57.639Z
DEMO-DEV-3482,107,2026-09-30T00:37:46.868Z
DEMO-DEV-3587,107,2026-09-24T02:45:28.219Z
DEMO-DEV-3657,107,2026-09-04T14:19:12.668Z
DEMO-DEV-3733,107,2026-09-16T00:43:48.519Z
DEMO-DEV-3754,107,2026-09-26T18:01:57.023Z
DEMO-DEV-3760,107,2026-09-26T05:30:19.368Z
DEMO-DEV-3859,107,2026-09-28T10:21:00.792Z
DEMO-DEV-3906,107,2026-09-08T07:21:09.325Z
DEMO-DEV-4050,107,2026-09-09T07:39:33.710Z
DEMO-DEV-4090,107,2026-09-30T06:53:29.785Z
DEMO-DEV-4117,107,2026-09-17T01:42:44.989Z
DEMO-DEV-4167,107,2026-09-27T15:41:12.556Z
DEMO-DEV-4217,107,2026-09-23T15:24:53.950Z
DEMO-DEV-4242,107,2026-09-27T20:22:44.839Z
DEMO-DEV-4348,107,2026-09-18T05:55:47.246Z
DEMO-DEV-4391,107,2026-08-15T23:18:24.004Z
DEMO-DEV-4395,107,2026-09-11T06:40:55.387Z
DEMO-DEV-4543,107,2026-09-28T23:15:38.390Z
DEMO-DEV-4568,107,2026-09-08T03:31:26.682Z
DEMO-DEV-4598,107,2026-09-01T14:26:56.754Z
DEMO-DEV-4630,107,2026-09-24T06:05:48.345Z
DEMO-DEV-4636,107,2026-09-27T12:22:09.224Z
DEMO-DEV-4670,107,2026-09-12T01:56:50.843Z
DEMO-DEV-4755,107,2026-09-19T21:47:35.222Z
DEMO-DEV-4825,107,2026-09-27T05:02:52.968Z
DEMO-DEV-4835,107,2026-09-26T15:32:58.568Z
DEMO-DEV-4846,107,2026-09-23T20:28:26.155Z
DEMO-DEV-4865,107,2026-09-04T04:25:30.470Z
DEMO-DEV-4901,107,2026-09-18T07:14:22.917Z
DEMO-DEV-4902,107,2026-09-24T06:02:48.851Z
DEMO-DEV-4913,107,2026-09-01T16:02:17.605Z
DEMO-DEV-5068,107,2026-09-16T22:15:41.160Z
DEMO-DEV-5135,107,2026-09-06T00:46:15.470Z
DEMO-DEV-5274,107,2026-09-24T21:06:30.915Z
DEMO-DEV-5302,107,2026-09-11T05:03:08.246Z
DEMO-DEV-5333,107,2026-09-20T23:52:59.190Z
DEMO-DEV-5370,107,2026-09-21T05:24:26.710Z
DEMO-DEV-5372,107,2026-09-28T15:18:46.253Z
DEMO-DEV-5383,107,2026-09-28T22:45:30.692Z
DEMO-DEV-5408,107,2026-09-24T23:57:12.211Z
DEMO-DEV-5515,107,2026-09-14T09:11:42.190Z
DEMO-DEV-5561,107,2026-09-13T08:28:34.511Z
DEMO-DEV-5573,107,2026-09-29T07:22:03.968Z
DEMO-DEV-5586,107,2026-09-26T01:36:48.298Z
DEMO-DEV-5677,107,2026-09-29T01:44:49.485Z
DEMO-DEV-5688,107,2026-09-07T20:36:20.668Z
DEMO-DEV-5778,107,2026-08-29T21:55:32.264Z
DEMO-DEV-5912,107,2026-09-23T07:29:47.948Z
DEMO-DEV-5932,107,2026-09-16T17:49:30.415Z
DEMO-DEV-5946,107,2026-09-14T07:06:12.352Z
DEMO-DEV-5960,107,2026-09-20T11:20:14.568Z
DEMO-DEV-5970,107,2026-09-27T11:17:47.239Z
DEMO-DEV-6028,107,2026-09-23T15:27:37.795Z
DEMO-DEV-6053,107,2026-09-12T19:29:23.038Z
DEMO-DEV-6058,107,2026-09-01T06:51:20.057Z
DEMO-DEV-6097,107,2026-09-22T17:01:27.337Z
DEMO-DEV-6115,107,2026-09-17T11:29:45.403Z
DEMO-DEV-6213,107,2026-09-22T18:59:37.879Z
DEMO-DEV-6219,107,2026-07-07T20:36:35.892Z
DEMO-DEV-6231,107,2026-09-23T15:53:44.045Z
DEMO-DEV-6439,107,2026-09-22T22:58:01.636Z
DEMO-DEV-6520,107,2026-09-13T09:06:43.120Z
DEMO-DEV-6539,107,2026-09-23T21:31:53.527Z
DEMO-DEV-6578,107,2026-08-18T01:17:02.239Z
DEMO-DEV-6589,107,2026-09-16T00:27:36.513Z
DEMO-DEV-6595,107,2026-09-25T01:28:21.816Z
DEMO-DEV-6760,107,2026-09-10T05:10:57.397Z
DEMO-DEV-6897,107,2026-09-23T00:40:42.485Z
DEMO-DEV-7008,107,2026-09-27T21:46:56.917Z
DEMO-DEV-7097,107,2026-09-17T18:43:54.253Z
DEMO-DEV-7136,107,2026-09-21T23:13:46.027Z
DEMO-DEV-7174,107,2026-09-22T06:55:36.785Z
DEMO-DEV-7176,107,2026-09-11T04:07:00.795Z
DEMO-DEV-7204,107,2026-09-13T23:17:00.545Z
DEMO-DEV-7307,107,2026-09-27T15:17:33.975Z
DEMO-DEV-7347,107,2026-09-20T17:47:52.026Z
DEMO-DEV-7396,107,2026-09-24T02:01:50.462Z
DEMO-DEV-7424,107,2026-09-04T01:16:12.289Z
DEMO-DEV-7458,107,2026-09-20T02:47:17.307Z
DEMO-DEV-7460,107,2026-09-08T03:21:28.218Z
DEMO-DEV-7503,107,2026-09-10T01:57:19.985Z
DEMO-DEV-7559,107,2026-09-16T22:08:48.138Z
DEMO-DEV-7573,107,2026-09-26T21:23:57.555Z
DEMO-DEV-7597,107,2026-09-30T04:06:08.865Z
DEMO-DEV-7640,107,2026-09-28T20:10:56.765Z
DEMO-DEV-7649,107,2026-09-04T07:23:06.976Z
DEMO-DEV-7667,107,2026-09-13T13:52:29.387Z
DEMO-DEV-7774,107,2026-09-24T18:37:12.969Z
DEMO-DEV-7799,107,2026-09-02T10:35:02.219Z
DEMO-DEV-7860,107,2026-08-23T16:21:06.472Z
DEMO-DEV-7863,107,2026-09-18T03:35:20.470Z
DEMO-DEV-7879,107,2026-09-29T15:16:26.841Z
DEMO-DEV-7971,107,2026-09-15T10:25:15.319Z
DEMO-DEV-8009,107,2026-09-22T05:08:12.403Z
DEMO-DEV-8032,107,2026-09-07T00:36:28.877Z
DEMO-DEV-8083,107,2026-09-22T00:42:21.165Z
DEMO-DEV-8105,107,2026-09-15T18:42:40.915Z
DEMO-DEV-8121,107,2026-09-20T04:34:44.003Z
DEMO-DEV-8150,107,2026-09-22T00:57:28.167Z
DEMO-DEV-8222,107,2026-09-24T23:41:45.239Z
DEMO-DEV-8340,107,2026-09-16T23:50:55.913Z
DEMO-DEV-8366,107,2026-09-02T14:06:42.891Z
DEMO-DEV-8367,107,2026-09-15T19:51:21.754Z
DEMO-DEV-8399,107,2026-09-04T21:04:14.027Z
DEMO-DEV-8468,107,2026-09-10T23:42:02.614Z
DEMO-DEV-8489,107,2026-09-15T04:34:52.068Z
DEMO-DEV-8513,107,2026-09-21T22:44:15.272Z
DEMO-DEV-8559,107,2026-09-11T14:16:46.365Z
DEMO-DEV-8598,107,2026-09-27T14:38:28.075Z
DEMO-DEV-8634,107,2026-09-17T22:06:16.989Z
DEMO-DEV-8700,107,2026-09-26T05:19:00.655Z
DEMO-DEV-8738,107,2026-09-29T23:39:37.150Z
DEMO-DEV-8780,107,2026-09-27T22:10:17.161Z
DEMO-DEV-8814,107,2026-09-30T03:06:51.859Z
DEMO-DEV-8872,107,2026-09-24T16:52:13.230Z
DEMO-DEV-8912,107,2026-09-12T04:41:46.636Z
DEMO-DEV-8949,107,2026-09-28T08:38:23.205Z
DEMO-DEV-9024,107,2026-09-05T13:19:37.040Z
DEMO-DEV-9202,107,2026-08-31T02:36:50.403Z
DEMO-DEV-9203,107,2026-09-26T13:57:09.666Z
DEMO-DEV-9254,107,2026-09-16T21:17:25.139Z
DEMO-DEV-9257,107,2026-09-26T14:53:05.460Z
DEMO-DEV-9298,107,2026-09-28T00:46:59.462Z
DEMO-DEV-9368,107,2026-09-29T19:08:08.345Z
DEMO-DEV-9464,107,2026-09-27T08:56:47.976Z
DEMO-DEV-9513,107,2026-08-22T14:10:19.989Z
DEMO-DEV-9537,107,2026-09-24T12:28:19.688Z
DEMO-DEV-9624,107,2026-09-12T02:36:01.811Z
DEMO-DEV-9635,107,2026-09-26T14:48:18.914Z
DEMO-DEV-9652,107,2026-09-16T22:43:37.557Z
DEMO-DEV-9793,107,2026-09-27T19:00:51.354Z
DEMO-DEV-9901,107,2026-09-18T12:08:33.023Z
DEMO-DEV-9950,107,2026-09-27T14:15:54.877Z
DEMO-DEV-9953,107,2026-09-18T21:36:51.535Z
DEMO-DEV-9986,107,2026-08-31T14:44:38.219Z
DEMO-DEV-9997,107,2026-09-29T04:24:55.370Z
DEMO-DEV-0098,106,2026-09-19T10:21:43.307Z
DEMO-DEV-0213,106,2026-09-28T17:33:10.765Z
DEMO-DEV-0246,106,2026-09-03T19:01:05.929Z
DEMO-DEV-0249,106,2026-09-27T03:56:20.784Z
DEMO-DEV-0257,106,2026-09-16T00:48:00.357Z
DEMO-DEV-0259,106,2026-09-22T05:39:22.391Z
DEMO-DEV-0321,106,2026-09-25T01:40:39.403Z
DEMO-DEV-0348,106,2026-09-27T01:35:42.268Z
DEMO-DEV-0354,106,2026-09-15T00:58:05.658Z
DEMO-DEV-0378,106,2026-09-23T17:57:31.236Z
DEMO-DEV-0385,106,2026-08-22T12:31:29.172Z
DEMO-DEV-0404,106,2026-09-25T09:25:34.784Z
DEMO-DEV-0502,106,2026-09-20T13:47:01.472Z
DEMO-DEV-0573,106,2026-09-29T23:41:32.846Z
DEMO-DEV-0574,106,2026-09-12T15:36:22.867Z
DEMO-DEV-0674,106,2026-09-02T09:08:39.891Z
DEMO-DEV-0707,106,2026-09-03T03:59:09.003Z
DEMO-DEV-0736,106,2026-09-20T11:37:24.873Z
DEMO-DEV-0796,106,2026-09-21T09:40:21.727Z
DEMO-DEV-0802,106,2026-08-30T23:03:04.870Z
DEMO-DEV-0845,106,2026-09-26T22:37:29.968Z
DEMO-DEV-0870,106,2026-09-28T12:12:12.843Z
DEMO-DEV-0883,106,2026-09-29T07:48:53.926Z
DEMO-DEV-0915,106,2026-09-10T22:15:57.868Z
DEMO-DEV-1008,106,2026-09-23T17:43:49.239Z
DEMO-DEV-1010,106,2026-09-27T01:18:06.735Z
DEMO-DEV-1071,106,2026-09-29T23:03:07.391Z
DEMO-DEV-1120,106,2026-08-24T14:00:00.765Z
DEMO-DEV-1210,106,2026-09-28T11:57:29.068Z
DEMO-DEV-1221,106,2026-09-23T14:53:08.337Z
DEMO-DEV-1266,106,2026-09-01T15:13:19.804Z
DEMO-DEV-1304,106,2026-08-31T23:49:20.075Z
DEMO-DEV-1305,106,2026-09-27T06:01:10.989Z
DEMO-DEV-1321,106,2026-09-22T09:06:37.150Z
DEMO-DEV-1362,106,2026-09-07T17:59:11.511Z
DEMO-DEV-1392,106,2026-09-25T09:56:47.409Z
DEMO-DEV-1402,106,2026-09-21T12:40:42.968Z
DEMO-DEV-1619,106,2026-09-18T14:18:27.873Z
DEMO-DEV-1650,106,2026-09-25T11:29:33.415Z
DEMO-DEV-1657,106,2026-09-05T07:36:48.250Z
DEMO-DEV-1706,106,2026-08-29T06:26:25.428Z
DEMO-DEV-1731,106,2026-09-24T07:46:14.692Z
DEMO-DEV-1734,106,2026-09-19T12:30:26.969Z
DEMO-DEV-1737,106,2026-09-20T22:47:02.719Z
DEMO-DEV-1793,106,2026-09-29T12:48:57.366Z
DEMO-DEV-1802,106,2026-09-09T08:03:37.727Z
DEMO-DEV-1841,106,2026-09-16T22:20:21.851Z
DEMO-DEV-1882,106,2026-09-16T09:08:57.315Z
DEMO-DEV-1916,106,2026-09-06T18:14:56.208Z
DEMO-DEV-1934,106,2026-09-25T13:04:59.692Z
DEMO-DEV-1939,106,2026-09-15T13:58:46.211Z
DEMO-DEV-1955,106,2026-09-25T10:53:46.778Z
DEMO-DEV-1960,106,2026-09-19T01:24:54.123Z
DEMO-DEV-1991,106,2026-08-13T04:24:38.460Z
DEMO-DEV-2016,106,2026-09-02T02:27:34.038Z
DEMO-DEV-2027,106,2026-09-03T20:56:09.511Z
DEMO-DEV-2030,106,2026-08-25T09:35:16.077Z
DEMO-DEV-2044,106,2026-08-18T16:01:40.161Z
DEMO-DEV-2169,106,2026-09-27T11:59:52.075Z
DEMO-DEV-2249,106,2026-09-21T12:34:46.846Z
DEMO-DEV-2291,106,2026-09-26T19:23:22.913Z
DEMO-DEV-2378,106,2026-09-26T17:13:11.668Z
DEMO-DEV-2448,106,2026-09-27T12:57:48.221Z
DEMO-DEV-2449,106,2026-09-27T06:43:41.817Z
DEMO-DEV-2487,106,2026-09-16T06:07:58.014Z
DEMO-DEV-2555,106,2026-09-29T00:22:34.524Z
DEMO-DEV-2607,106,2026-08-06T11:10:32.885Z
DEMO-DEV-2644,106,2026-08-28T15:01:17.460Z
DEMO-DEV-2669,106,2026-08-21T13:36:40.864Z
DEMO-DEV-2791,106,2026-09-24T07:06:07.460Z
DEMO-DEV-2869,106,2026-09-25T10:53:37.403Z
DEMO-DEV-2882,106,2026-09-13T16:29:02.470Z
DEMO-DEV-2943,106,2026-09-29T16:44:17.778Z
DEMO-DEV-3034,106,2026-09-18T16:12:40.524Z
DEMO-DEV-3052,106,2026-09-12T11:35:23.315Z
DEMO-DEV-3077,106,2026-09-26T20:07:52.949Z
DEMO-DEV-3182,106,2026-09-03T03:06:19.639Z
DEMO-DEV-3198,106,2026-09-28T10:29:51.370Z
DEMO-DEV-3234,106,2026-09-17T21:18:48.455Z
DEMO-DEV-3245,106,2026-09-29T10:30:43.298Z
DEMO-DEV-3280,106,2026-09-27T06:52:49.503Z
DEMO-DEV-3282,106,2026-09-12T10:07:18.524Z
DEMO-DEV-3292,106,2026-09-27T13:38:05.618Z
DEMO-DEV-3295,106,2026-09-16T04:32:50.877Z
DEMO-DEV-3305,106,2026-09-15T15:59:00.446Z
DEMO-DEV-3368,106,2026-09-28T19:51:20.824Z
DEMO-DEV-3375,106,2026-09-28T23:13:21.646Z
DEMO-DEV-3451,106,2026-09-25T22:32:59.556Z
DEMO-DEV-3470,106,2026-09-16T12:03:23.168Z
DEMO-DEV-3527,106,2026-09-12T00:10:42.795Z
DEMO-DEV-3626,106,2026-09-16T17:45:46.300Z
DEMO-DEV-3734,106,2026-09-28T06:13:26.599Z
DEMO-DEV-3735,106,2026-09-27T01:25:48.752Z
DEMO-DEV-3739,106,2026-08-25T15:33:02.390Z
DEMO-DEV-3743,106,2026-09-27T06:11:28.368Z
DEMO-DEV-3745,106,2026-09-26T19:42:26.511Z
DEMO-DEV-3820,106,2026-09-18T15:16:56.505Z
DEMO-DEV-3949,106,2026-09-29T00:48:20.965Z
DEMO-DEV-3995,106,2026-09-20T10:34:50.224Z
DEMO-DEV-4022,106,2026-09-20T20:04:38.867Z
DEMO-DEV-4062,106,2026-09-17T13:52:59.167Z
DEMO-DEV-4136,106,2026-08-24T23:09:10.806Z
DEMO-DEV-4162,106,2026-09-08T04:16:38.160Z
DEMO-DEV-4169,106,2026-08-03T07:08:08.268Z
DEMO-DEV-4171,106,2026-09-18T15:07:37.614Z
DEMO-DEV-4179,106,2026-09-04T09:49:24.403Z
DEMO-DEV-4215,106,2026-09-18T16:30:57.040Z
DEMO-DEV-4229,106,2026-09-15T18:23:50.224Z
DEMO-DEV-4282,106,2026-09-26T23:52:29.246Z
DEMO-DEV-4301,106,2026-09-23T20:58:22.989Z
DEMO-DEV-4365,106,2026-07-10T15:10:31.462Z
DEMO-DEV-4425,106,2026-09-23T15:22:12.676Z
DEMO-DEV-4480,106,2026-09-28T19:28:46.926Z
DEMO-DEV-4515,106,2026-09-15T22:49:24.793Z
DEMO-DEV-4547,106,2026-09-10T17:31:43.865Z
DEMO-DEV-4653,106,2026-09-27T01:34:29.003Z
DEMO-DEV-4687,106,2026-09-13T09:07:49.397Z
DEMO-DEV-4697,106,2026-09-01T06:04:06.846Z
DEMO-DEV-4739,106,2026-09-25T19:26:41.877Z
DEMO-DEV-4817,106,2026-08-29T13:39:53.965Z
DEMO-DEV-4826,106,2026-09-12T19:01:43.950Z
DEMO-DEV-4863,106,2026-09-28T23:14:12.038Z
DEMO-DEV-4895,106,2026-09-18T06:37:09.354Z
DEMO-DEV-4951,106,2026-09-14T23:13:14.390Z
DEMO-DEV-4973,106,2026-09-25T09:27:27.183Z
DEMO-DEV-4988,106,2026-09-16T20:57:37.080Z
DEMO-DEV-5000,106,2026-09-29T23:59:39.134Z
DEMO-DEV-5023,106,2026-09-27T20:34:09.884Z
DEMO-DEV-5157,106,2026-09-24T03:34:59.992Z
DEMO-DEV-5166,106,2026-09-20T20:24:40.545Z
DEMO-DEV-5199,106,2026-09-04T12:28:35.752Z
DEMO-DEV-5251,106,2026-09-27T11:15:51.370Z
DEMO-DEV-5267,106,2026-08-27T22:10:10.929Z
DEMO-DEV-5285,106,2026-09-07T02:55:14.527Z
DEMO-DEV-5309,106,2026-09-27T21:46:03.352Z
DEMO-DEV-5312,106,2026-08-23T10:29:19.824Z
DEMO-DEV-5363,106,2026-09-27T02:11:16.298Z
DEMO-DEV-5406,106,2026-09-26T01:06:11.165Z
DEMO-DEV-5428,106,2026-09-06T00:41:40.537Z
DEMO-DEV-5465,106,2026-09-05T19:39:57.661Z
DEMO-DEV-5523,106,2026-09-25T19:46:38.203Z
DEMO-DEV-5593,106,2026-09-29T00:34:54.710Z
DEMO-DEV-5613,106,2026-09-21T15:08:30.024Z
DEMO-DEV-5652,106,2026-09-19T21:26:02.409Z
DEMO-DEV-5675,106,2026-09-25T04:35:26.204Z
DEMO-DEV-5730,106,2026-09-17T08:39:17.842Z
DEMO-DEV-5793,106,2026-09-20T16:42:26.155Z
DEMO-DEV-5828,106,2026-09-24T16:32:27.636Z
DEMO-DEV-5840,106,2026-09-22T13:28:38.843Z
DEMO-DEV-5842,106,2026-07-28T05:34:49.470Z
DEMO-DEV-5845,106,2026-09-19T05:43:24.989Z
DEMO-DEV-5866,106,2026-09-18T01:45:11.513Z
DEMO-DEV-5913,106,2026-09-27T12:15:33.778Z
DEMO-DEV-5921,106,2026-09-29T22:30:21.811Z
DEMO-DEV-5949,106,2026-06-14T18:26:39.288Z
DEMO-DEV-6051,106,2026-09-29T01:41:00.172Z
DEMO-DEV-6127,106,2026-09-03T05:50:35.873Z
DEMO-DEV-6145,106,2026-08-26T16:12:06.057Z
DEMO-DEV-6178,106,2026-09-25T22:10:09.859Z
DEMO-DEV-6229,106,2026-08-11T16:23:47.966Z
DEMO-DEV-6293,106,2026-09-14T16:48:41.612Z
DEMO-DEV-6314,106,2026-09-16T23:48:39.442Z
DEMO-DEV-6340,106,2026-09-24T08:02:32.688Z
DEMO-DEV-6342,106,2026-09-22T10:43:43.403Z
DEMO-DEV-6426,106,2026-09-07T10:05:54.239Z
DEMO-DEV-6495,106,2026-08-13T04:34:11.784Z
DEMO-DEV-6682,106,2026-09-29T08:38:04.851Z
DEMO-DEV-6704,106,2026-09-26T13:45:38.253Z
DEMO-DEV-6746,106,2026-09-23T00:00:33.668Z
DEMO-DEV-6766,106,2026-09-29T01:31:39.738Z
DEMO-DEV-6781,106,2026-09-01T14:58:46.597Z
DEMO-DEV-6808,106,2026-09-28T18:38:42.123Z
DEMO-DEV-6825,106,2026-09-17T10:15:08.357Z
DEMO-DEV-6905,106,2026-09-06T17:37:33.989Z
DEMO-DEV-6929,106,2026-09-28T13:16:11.234Z
DEMO-DEV-6968,106,2026-09-27T02:30:16.892Z
DEMO-DEV-7019,106,2026-09-09T11:30:35.409Z
DEMO-DEV-7139,106,2026-09-25T14:35:29.584Z
DEMO-DEV-7183,106,2026-09-22T05:47:44.738Z
DEMO-DEV-7197,106,2026-09-22T06:29:08.891Z
DEMO-DEV-7272,106,2026-09-09T15:01:28.503Z
DEMO-DEV-7350,106,2026-09-29T13:14:11.165Z
DEMO-DEV-7358,106,2026-09-25T13:28:59.024Z
DEMO-DEV-7372,106,2026-09-19T21:03:47.221Z
DEMO-DEV-7437,106,2026-09-25T05:24:05.003Z
DEMO-DEV-7476,106,2026-09-09T11:59:07.864Z
DEMO-DEV-7555,106,2026-09-15T22:33:21.597Z
DEMO-DEV-7575,106,2026-09-19T07:44:20.075Z
DEMO-DEV-7593,106,2026-09-03T02:44:49.298Z
DEMO-DEV-7646,106,2026-09-12T12:49:57.168Z
DEMO-DEV-7769,106,2026-09-29T17:42:46.692Z
DEMO-DEV-7807,106,2026-08-31T22:56:44.612Z
DEMO-DEV-7896,106,2026-09-20T00:19:11.173Z
DEMO-DEV-7940,106,2026-09-14T23:25:53.987Z
DEMO-DEV-7979,106,2026-09-12T00:06:16.165Z
DEMO-DEV-7989,106,2026-09-21T06:24:43.239Z
DEMO-DEV-8010,106,2026-09-22T19:39:03.272Z
DEMO-DEV-8011,106,2026-09-29T15:49:38.692Z
DEMO-DEV-8018,106,2026-09-26T19:14:15.682Z
DEMO-DEV-8089,106,2026-09-14T20:57:00.735Z
DEMO-DEV-8134,106,2026-09-26T05:47:56.710Z
DEMO-DEV-8157,106,2026-09-26T10:15:10.950Z
DEMO-DEV-8266,106,2026-09-22T14:55:52.403Z
DEMO-DEV-8295,106,2026-09-17T17:42:59.778Z
DEMO-DEV-8296,106,2026-09-21T05:48:03.023Z
DEMO-DEV-8297,106,2026-09-13T18:58:59.836Z
DEMO-DEV-8299,106,2026-09-19T08:38:24.968Z
DEMO-DEV-8325,106,2026-09-17T19:34:23.428Z
DEMO-DEV-8330,106,2026-09-17T19:13:14.863Z
DEMO-DEV-8431,106,2026-09-24T07:37:43.535Z
DEMO-DEV-8469,106,2026-09-23T02:33:02.993Z
DEMO-DEV-8523,106,2026-09-18T00:42:32.345Z
DEMO-DEV-8553,106,2026-09-24T02:55:43.073Z
DEMO-DEV-8607,106,2026-07-27T00:50:08.584Z
DEMO-DEV-8664,106,2026-08-07T14:05:18.218Z
DEMO-DEV-8689,106,2026-08-27T05:42:58.646Z
DEMO-DEV-8699,106,2026-09-20T04:04:40.075Z
DEMO-DEV-8750,106,2026-09-21T21:13:13.719Z
DEMO-DEV-8772,106,2026-09-20T12:07:30.965Z
DEMO-DEV-8785,106,2026-09-28T19:07:16.073Z
DEMO-DEV-8807,106,2026-09-16T01:02:29.738Z
DEMO-DEV-8847,106,2026-09-30T05:16:39.319Z
DEMO-DEV-8848,106,2026-09-06T05:26:11.648Z
DEMO-DEV-8904,106,2026-09-15T20:43:58.087Z
DEMO-DEV-8907,106,2026-09-15T20:34:21.885Z
DEMO-DEV-8971,106,2026-09-17T21:18:07.557Z
DEMO-DEV-8984,106,2026-09-29T06:44:27.368Z
DEMO-DEV-9006,106,2026-09-24T00:05:34.403Z
DEMO-DEV-9072,106,2026-09-21T14:13:59.795Z
DEMO-DEV-9114,106,2026-09-28T05:09:53.014Z
DEMO-DEV-9132,106,2026-09-24T12:38:52.710Z
DEMO-DEV-9136,106,2026-09-09T02:26:00.226Z
DEMO-DEV-9177,106,2026-09-24T03:06:45.568Z
DEMO-DEV-9197,106,2026-09-22T16:21:45.612Z
DEMO-DEV-9243,106,2026-08-26T14:14:04.555Z
DEMO-DEV-9253,106,2026-09-05T10:10:02.803Z
DEMO-DEV-9265,106,2026-09-29T20:55:49.969Z
DEMO-DEV-9349,106,2026-09-26T21:39:33.308Z
DEMO-DEV-9380,106,2026-09-20T04:32:20.230Z
DEMO-DEV-9394,106,2026-09-29T19:55:14.513Z
DEMO-DEV-9413,106,2026-08-20T03:50:49.785Z
DEMO-DEV-9491,106,2026-09-27T02:04:57.150Z
DEMO-DEV-9566,106,2026-09-16T07:50:44.289Z
DEMO-DEV-9698,106,2026-09-22T00:55:36.470Z
DEMO-DEV-9740,106,2026-09-27T01:22:19.738Z
DEMO-DEV-9792,106,2026-09-23T16:27:19.068Z
DEMO-DEV-9862,106,2026-09-24T16:46:54.913Z
DEMO-DEV-9886,106,2026-09-21T21:14:33.014Z
DEMO-DEV-9915,106,2026-09-22T09:18:10.614Z
DEMO-DEV-9927,106,2026-09-22T00:18:38.403Z
DEMO-DEV-9984,106,2026-09-14T05:03:39.966Z
DEMO-DEV-0046,105,2026-09-28T12:30:19.824Z
DEMO-DEV-0083,105,2026-09-22T03:17:09.676Z
DEMO-DEV-0091,105,2026-09-22T21:04:34.370Z
DEMO-DEV-0111,105,2026-09-10T06:35:59.782Z
DEMO-DEV-0150,105,2026-08-22T00:34:48.929Z
DEMO-DEV-0202,105,2026-09-11T07:55:00.765Z
DEMO-DEV-0297,105,2026-09-26T08:05:51.597Z
DEMO-DEV-0301,105,2026-09-22T15:41:38.842Z
DEMO-DEV-0335,105,2026-09-14T15:44:52.782Z
DEMO-DEV-0397,105,2026-09-14T23:26:12.497Z
DEMO-DEV-0431,105,2026-09-22T23:24:58.806Z
DEMO-DEV-0432,105,2026-08-03T05:38:42.702Z
DEMO-DEV-0497,105,2026-09-06T10:29:09.950Z
DEMO-DEV-0515,105,2026-09-08T19:44:50.443Z
DEMO-DEV-0535,105,2026-09-28T18:16:53.778Z
DEMO-DEV-0593,105,2026-09-02T05:17:28.511Z
DEMO-DEV-0675,105,2026-09-17T12:38:21.139Z
DEMO-DEV-0695,105,2026-09-23T06:17:37.867Z
DEMO-DEV-0767,105,2026-09-26T00:55:42.205Z
DEMO-DEV-0783,105,2026-09-30T08:15:35.165Z
DEMO-DEV-0835,105,2026-09-24T09:26:34.003Z
DEMO-DEV-0836,105,2026-09-15T09:32:58.155Z
DEMO-DEV-0899,105,2026-09-26T00:21:15.612Z
DEMO-DEV-0953,105,2026-09-23T16:53:02.824Z
DEMO-DEV-0957,105,2026-09-04T17:24:02.325Z
DEMO-DEV-1075,105,2026-08-30T08:50:59.075Z
DEMO-DEV-1078,105,2026-08-11T21:24:27.357Z
DEMO-DEV-1100,105,2026-09-26T05:52:22.949Z
DEMO-DEV-1118,105,2026-09-25T05:03:06.172Z
DEMO-DEV-1119,105,2026-09-15T00:22:16.040Z
DEMO-DEV-1121,105,2026-09-16T16:48:50.139Z
DEMO-DEV-1155,105,2026-08-16T08:37:11.527Z
DEMO-DEV-1175,105,2026-09-16T09:03:43.513Z
DEMO-DEV-1208,105,2026-08-22T10:11:03.462Z
DEMO-DEV-1277,105,2026-09-25T16:57:51.307Z
DEMO-DEV-1280,105,2026-08-23T00:19:22.352Z
DEMO-DEV-1336,105,2026-09-28T11:39:54.325Z
DEMO-DEV-1381,105,2026-09-24T01:22:31.203Z
DEMO-DEV-1384,105,2026-07-06T08:23:56.524Z
DEMO-DEV-1423,105,2026-09-24T22:42:35.291Z
DEMO-DEV-1564,105,2026-09-01T01:51:49.523Z
DEMO-DEV-1665,105,2026-08-20T02:15:55.161Z
DEMO-DEV-1726,105,2026-09-16T05:22:12.138Z
DEMO-DEV-1743,105,2026-09-05T16:40:49.989Z
DEMO-DEV-1770,105,2026-09-09T22:26:34.692Z
DEMO-DEV-1965,105,2026-09-23T02:21:11.391Z
DEMO-DEV-2010,105,2026-09-21T14:54:35.666Z
DEMO-DEV-2061,105,2026-08-29T17:38:46.272Z
DEMO-DEV-2130,105,2026-08-27T10:24:30.045Z
DEMO-DEV-2147,105,2026-09-30T03:11:32.754Z
DEMO-DEV-2162,105,2026-09-25T22:58:07.639Z
DEMO-DEV-2164,105,2026-09-25T03:43:09.252Z
DEMO-DEV-2214,105,2026-09-29T23:50:59.948Z
DEMO-DEV-2327,105,2026-09-06T01:48:59.969Z
DEMO-DEV-2349,105,2026-09-18T16:01:56.357Z
DEMO-DEV-2386,105,2026-09-11T03:29:20.950Z
DEMO-DEV-2420,105,2026-09-29T18:18:40.668Z
DEMO-DEV-2429,105,2026-09-14T09:42:11.752Z
DEMO-DEV-2527,105,2026-09-20T17:58:40.511Z
DEMO-DEV-2529,105,2026-09-20T13:53:05.368Z
DEMO-DEV-2537,105,2026-09-11T08:55:16.975Z
DEMO-DEV-2549,105,2026-09-17T16:25:56.345Z
DEMO-DEV-2563,105,2026-09-18T22:02:22.846Z
DEMO-DEV-2565,105,2026-09-16T01:12:06.612Z
DEMO-DEV-2579,105,2026-09-10T20:02:11.068Z
DEMO-DEV-2661,105,2026-09-05T11:56:55.352Z
DEMO-DEV-2663,105,2026-09-21T09:12:14.614Z
DEMO-DEV-2677,105,2026-09-28T00:07:06.485Z
DEMO-DEV-2698,105,2026-09-28T16:04:25.160Z
DEMO-DEV-2750,105,2026-08-26T22:14:23.917Z
DEMO-DEV-2755,105,2026-09-21T16:10:31.836Z
DEMO-DEV-2762,105,2026-09-21T21:27:05.793Z
DEMO-DEV-2792,105,2026-09-20T02:26:21.614Z
DEMO-DEV-2859,105,2026-09-29T03:46:06.224Z
DEMO-DEV-2895,105,2026-09-25T10:54:04.460Z
DEMO-DEV-2948,105,2026-09-06T22:38:49.612Z
DEMO-DEV-2978,105,2026-09-22T13:23:22.087Z
DEMO-DEV-3010,105,2026-09-27T15:58:59.307Z
DEMO-DEV-3184,105,2026-09-29T05:47:29.714Z
DEMO-DEV-3229,105,2026-09-18T21:39:59.455Z
DEMO-DEV-3298,105,2026-09-27T13:51:16.785Z
DEMO-DEV-3334,105,2026-09-29T01:43:33.068Z
DEMO-DEV-3360,105,2026-09-29T17:45:07.272Z
DEMO-DEV-3466,105,2026-09-23T14:18:06.205Z
DEMO-DEV-3472,105,2026-09-14T03:52:15.614Z
DEMO-DEV-3533,105,2026-09-19T18:02:49.173Z
DEMO-DEV-3597,105,2026-09-29T10:45:06.612Z
DEMO-DEV-3692,105,2026-09-14T07:19:32.505Z
DEMO-DEV-3696,105,2026-09-29T01:54:40.370Z
DEMO-DEV-3716,105,2026-09-22T13:15:34.222Z
DEMO-DEV-3781,105,2026-07-23T05:29:47.884Z
DEMO-DEV-3827,105,2026-08-31T12:32:14.648Z
DEMO-DEV-3875,105,2026-09-22T14:56:48.612Z
DEMO-DEV-3903,105,2026-09-29T04:06:23.368Z
DEMO-DEV-3928,105,2026-09-03T11:27:05.120Z
DEMO-DEV-3935,105,2026-09-27T01:43:27.203Z
DEMO-DEV-3966,105,2026-09-19T14:47:34.272Z
DEMO-DEV-4059,105,2026-09-26T19:31:31.702Z
DEMO-DEV-4080,105,2026-09-27T21:48:17.719Z
DEMO-DEV-4095,105,2026-09-26T06:45:06.366Z
DEMO-DEV-4101,105,2026-09-21T23:30:46.524Z
DEMO-DEV-4129,105,2026-09-21T22:22:10.870Z
DEMO-DEV-4151,105,2026-09-02T05:15:31.014Z
DEMO-DEV-4190,105,2026-09-07T02:59:25.578Z
DEMO-DEV-4222,105,2026-09-26T00:11:59.391Z
DEMO-DEV-4255,105,2026-09-17T21:19:31.666Z
DEMO-DEV-4260,105,2026-09-27T17:56:58.811Z
DEMO-DEV-4284,105,2026-09-29T20:33:32.738Z
DEMO-DEV-4316,105,2026-09-03T21:40:13.403Z
DEMO-DEV-4319,105,2026-09-28T22:11:19.493Z
DEMO-DEV-4413,105,2026-09-24T23:59:19.003Z
DEMO-DEV-4417,105,2026-09-22T04:38:04.519Z
DEMO-DEV-4437,105,2026-09-13T16:13:38.365Z
DEMO-DEV-4513,105,2026-08-30T08:20:36.460Z
DEMO-DEV-4520,105,2026-09-18T07:48:52.045Z
DEMO-DEV-4527,105,2026-07-17T00:55:43.863Z
DEMO-DEV-4573,105,2026-09-19T22:03:33.914Z
DEMO-DEV-4575,105,2026-09-25T16:45:55.250Z
DEMO-DEV-4644,105,2026-09-30T07:22:18.868Z
DEMO-DEV-4743,105,2026-08-28T09:22:57.443Z
DEMO-DEV-4760,105,2026-09-19T07:51:56.204Z
DEMO-DEV-4814,105,2026-09-22T02:07:50.264Z
DEMO-DEV-4832,105,2026-09-15T20:21:22.752Z
DEMO-DEV-4884,105,2026-09-23T16:12:59.370Z
DEMO-DEV-4962,105,2026-08-06T16:11:27.949Z
DEMO-DEV-5002,105,2026-08-20T21:37:51.841Z
DEMO-DEV-5047,105,2026-09-22T01:31:31.929Z
DEMO-DEV-5085,105,2026-09-22T04:05:33.173Z
DEMO-DEV-5108,105,2026-08-29T03:55:55.472Z
DEMO-DEV-5109,105,2026-08-18T12:00:50.950Z
DEMO-DEV-5114,105,2026-09-19T05:12:43.618Z
DEMO-DEV-5115,105,2026-09-17T12:15:16.390Z
DEMO-DEV-5214,105,2026-08-27T20:17:10.409Z
DEMO-DEV-5268,105,2026-09-25T20:23:02.692Z
DEMO-DEV-5291,105,2026-09-09T01:02:46.976Z
DEMO-DEV-5325,105,2026-09-28T15:55:26.250Z
DEMO-DEV-5373,105,2026-08-18T01:37:21.505Z
DEMO-DEV-5387,105,2026-09-20T13:47:34.015Z
DEMO-DEV-5496,105,2026-09-27T11:02:42.500Z
DEMO-DEV-5500,105,2026-09-24T06:42:38.211Z
DEMO-DEV-5516,105,2026-09-03T23:14:00.949Z
DEMO-DEV-5538,105,2026-09-28T14:22:25.493Z
DEMO-DEV-5539,105,2026-09-24T19:57:05.505Z
DEMO-DEV-5635,105,2026-09-28T20:27:07.493Z
DEMO-DEV-5661,105,2026-09-27T15:35:08.428Z
DEMO-DEV-5668,105,2026-09-16T04:57:41.817Z
DEMO-DEV-5676,105,2026-08-14T03:36:25.167Z
DEMO-DEV-5706,105,2026-09-17T17:28:30.885Z
DEMO-DEV-5740,105,2026-09-24T10:14:12.004Z
DEMO-DEV-5883,105,2026-09-29T11:26:20.784Z
DEMO-DEV-5897,105,2026-09-26T20:45:10.568Z
DEMO-DEV-6024,105,2026-09-23T21:13:18.337Z
DEMO-DEV-6046,105,2026-08-06T04:15:31.155Z
DEMO-DEV-6047,105,2026-09-26T22:59:05.948Z
DEMO-DEV-6050,105,2026-09-29T04:34:57.289Z
DEMO-DEV-6084,105,2026-08-04T14:04:08.203Z
DEMO-DEV-6085,105,2026-09-13T18:57:32.500Z
DEMO-DEV-6091,105,2026-09-06T09:50:29.989Z
DEMO-DEV-6101,105,2026-09-20T18:41:50.786Z
DEMO-DEV-6112,105,2026-09-22T15:53:54.455Z
DEMO-DEV-6168,105,2026-09-29T00:50:08.612Z
DEMO-DEV-6170,105,2026-09-10T07:31:12.591Z
DEMO-DEV-6176,105,2026-09-20T10:24:09.513Z
DEMO-DEV-6218,105,2026-09-08T23:42:13.578Z
DEMO-DEV-6236,105,2026-09-27T13:31:58.653Z
DEMO-DEV-6274,105,2026-09-29T11:44:09.387Z
DEMO-DEV-6317,105,2026-09-09T13:58:22.784Z
DEMO-DEV-6318,105,2026-09-24T22:30:56.428Z
DEMO-DEV-6375,105,2026-09-28T19:03:57.666Z
DEMO-DEV-6402,105,2026-09-13T07:14:52.949Z
DEMO-DEV-6415,105,2026-09-21T10:22:25.288Z
DEMO-DEV-6477,105,2026-09-03T09:26:16.300Z
DEMO-DEV-6480,105,2026-09-05T15:28:45.190Z
DEMO-DEV-6496,105,2026-08-09T16:24:47.075Z
DEMO-DEV-6514,105,2026-09-01T06:57:42.027Z
DEMO-DEV-6543,105,2026-08-30T12:38:07.968Z
DEMO-DEV-6607,105,2026-09-13T16:57:18.319Z
DEMO-DEV-6636,105,2026-09-26T08:54:47.221Z
DEMO-DEV-6652,105,2026-09-27T17:01:21.319Z
DEMO-DEV-6670,105,2026-09-21T07:30:47.891Z
DEMO-DEV-6692,105,2026-09-16T08:54:05.368Z
DEMO-DEV-6693,105,2026-09-23T19:28:29.646Z
DEMO-DEV-6745,105,2026-09-26T04:37:17.291Z
DEMO-DEV-6767,105,2026-09-15T05:43:38.354Z
DEMO-DEV-6841,105,2026-09-25T12:38:55.026Z
DEMO-DEV-6847,105,2026-09-18T09:42:30.873Z
DEMO-DEV-6872,105,2026-09-27T16:53:25.352Z
DEMO-DEV-6922,105,2026-09-28T18:29:29.612Z
DEMO-DEV-6959,105,2026-09-28T00:24:37.870Z
DEMO-DEV-6975,105,2026-09-25T23:10:28.795Z
DEMO-DEV-6985,105,2026-09-24T02:52:12.524Z
DEMO-DEV-7017,105,2026-09-15T08:31:05.661Z
DEMO-DEV-7057,105,2026-09-29T16:34:28.037Z
DEMO-DEV-7088,105,2026-09-19T05:41:14.308Z
DEMO-DEV-7165,105,2026-09-26T20:04:08.068Z
DEMO-DEV-7191,105,2026-09-27T00:38:54.298Z
DEMO-DEV-7200,105,2026-09-05T15:45:17.252Z
DEMO-DEV-7276,105,2026-09-29T20:41:00.597Z
DEMO-DEV-7320,105,2026-09-23T10:47:12.524Z
DEMO-DEV-7325,105,2026-08-30T09:04:48.264Z
DEMO-DEV-7342,105,2026-09-20T02:35:25.765Z
DEMO-DEV-7401,105,2026-09-28T08:32:27.612Z
DEMO-DEV-7444,105,2026-09-19T10:47:07.325Z
DEMO-DEV-7525,105,2026-09-23T21:28:08.846Z
DEMO-DEV-7529,105,2026-09-29T03:35:12.370Z
DEMO-DEV-7770,105,2026-09-26T17:03:30.879Z
DEMO-DEV-7834,105,2026-09-28T22:18:12.234Z
DEMO-DEV-7839,105,2026-09-27T07:48:44.653Z
DEMO-DEV-7990,105,2026-08-28T04:53:19.884Z
DEMO-DEV-7993,105,2026-08-25T17:22:03.511Z
DEMO-DEV-8014,105,2026-09-12T07:08:37.524Z
DEMO-DEV-8023,105,2026-09-07T06:20:46.165Z
DEMO-DEV-8045,105,2026-09-30T00:40:22.719Z
DEMO-DEV-8046,105,2026-09-01T10:51:26.394Z
DEMO-DEV-8055,105,2026-08-30T05:07:19.428Z
DEMO-DEV-8063,105,2026-09-10T08:32:43.168Z
DEMO-DEV-8065,105,2026-08-25T03:37:50.308Z
DEMO-DEV-8097,105,2026-09-29T00:41:18.803Z
DEMO-DEV-8103,105,2026-09-18T08:01:05.870Z
DEMO-DEV-8165,105,2026-08-03T03:25:08.120Z
DEMO-DEV-8195,105,2026-09-10T10:34:08.455Z
DEMO-DEV-8204,105,2026-09-14T00:38:43.879Z
DEMO-DEV-8232,105,2026-09-27T19:46:10.702Z
DEMO-DEV-8244,105,2026-09-25T13:38:09.843Z
DEMO-DEV-8250,105,2026-09-21T08:05:42.929Z
DEMO-DEV-8258,105,2026-09-24T15:00:37.173Z
DEMO-DEV-8313,105,2026-09-13T13:55:41.077Z
DEMO-DEV-8324,105,2026-09-24T05:54:28.646Z
DEMO-DEV-8376,105,2026-09-29T08:55:27.648Z
DEMO-DEV-8417,105,2026-09-12T19:52:52.497Z
DEMO-DEV-8424,105,2026-09-24T09:40:04.885Z
DEMO-DEV-8433,105,2026-09-23T20:20:23.661Z
DEMO-DEV-8447,105,2026-09-25T02:41:19.470Z
DEMO-DEV-8487,105,2026-09-26T05:39:38.692Z
DEMO-DEV-8493,105,2026-09-23T22:37:57.806Z
DEMO-DEV-8512,105,2026-09-27T01:12:03.165Z
DEMO-DEV-8581,105,2026-08-27T01:41:09.612Z
DEMO-DEV-8603,105,2026-09-14T11:15:30.325Z
DEMO-DEV-8626,105,2026-08-07T05:33:43.003Z
DEMO-DEV-8681,105,2026-09-26T00:46:25.123Z
DEMO-DEV-8941,105,2026-09-21T20:08:13.368Z
DEMO-DEV-8980,105,2026-09-19T10:19:58.676Z
DEMO-DEV-9060,105,2026-09-25T21:28:18.658Z
DEMO-DEV-9105,105,2026-09-20T10:50:22.666Z
DEMO-DEV-9107,105,2026-09-25T16:47:24.989Z
DEMO-DEV-9124,105,2026-09-18T15:36:44.735Z
DEMO-DEV-9135,105,2026-09-17T14:04:42.189Z
DEMO-DEV-9143,105,2026-09-14T05:12:04.661Z
DEMO-DEV-9153,105,2026-09-19T16:55:14.868Z
DEMO-DEV-9159,105,2026-09-21T22:42:27.865Z
DEMO-DEV-9176,105,2026-09-21T08:53:55.003Z
DEMO-DEV-9227,105,2026-09-17T00:28:03.390Z
DEMO-DEV-9245,105,2026-09-06T15:21:43.302Z
DEMO-DEV-9270,105,2026-09-04T06:17:19.864Z
DEMO-DEV-9327,105,2026-09-21T21:22:07.428Z
DEMO-DEV-9432,105,2026-09-27T19:05:20.134Z
DEMO-DEV-9436,105,2026-08-24T08:18:45.584Z
DEMO-DEV-9439,105,2026-09-25T10:19:15.839Z
DEMO-DEV-9451,105,2026-09-29T15:34:25.778Z
DEMO-DEV-9462,105,2026-09-01T21:43:20.073Z
DEMO-DEV-9589,105,2026-09-28T12:47:13.298Z
DEMO-DEV-9611,105,2026-09-27T02:53:56.778Z
DEMO-DEV-9633,105,2026-09-26T19:04:39.948Z
DEMO-DEV-9716,105,2026-09-29T01:08:14.527Z
DEMO-DEV-9795,105,2026-09-16T02:05:54.817Z
DEMO-DEV-9871,105,2026-09-13T19:47:42.692Z
DEMO-DEV-9931,105,2026-09-17T06:04:40.688Z
DEMO-DEV-9955,105,2026-09-29T16:26:34.605Z
DEMO-DEV-9969,105,2026-09-22T22:03:45.803Z
DEMO-DEV-9987,105,2026-09-24T14:58:51.584Z
DEMO-DEV-0001,104,2026-09-29T05:43:09.272Z
DEMO-DEV-0026,104,2026-09-29T22:39:21.803Z
DEMO-DEV-0069,104,2026-09-24T04:10:05.792Z
DEMO-DEV-0070,104,2026-09-23T05:19:50.239Z
DEMO-DEV-0162,104,2026-09-02T11:22:14.676Z
DEMO-DEV-0169,104,2026-09-14T17:05:29.288Z
DEMO-DEV-0206,104,2026-09-30T05:57:32.415Z
DEMO-DEV-0326,104,2026-08-22T06:54:57.864Z
DEMO-DEV-0395,104,2026-09-20T23:37:27.793Z
DEMO-DEV-0409,104,2026-09-13T07:47:49.803Z
DEMO-DEV-0415,104,2026-09-30T01:46:19.870Z
DEMO-DEV-0634,104,2026-09-22T21:53:01.859Z
DEMO-DEV-0660,104,2026-09-23T08:48:33.252Z
DEMO-DEV-0670,104,2026-09-30T02:41:06.804Z
DEMO-DEV-0696,104,2026-09-28T21:46:37.120Z
DEMO-DEV-0749,104,2026-09-06T15:13:10.287Z
DEMO-DEV-0751,104,2026-09-16T13:46:00.658Z
DEMO-DEV-0764,104,2026-09-11T11:48:10.841Z
DEMO-DEV-0842,104,2026-09-27T07:46:05.752Z
DEMO-DEV-0885,104,2026-09-13T20:16:36.161Z
DEMO-DEV-0926,104,2026-08-31T08:12:20.816Z
DEMO-DEV-0986,104,2026-09-29T16:24:23.230Z
DEMO-DEV-0987,104,2026-08-31T12:45:46.134Z
DEMO-DEV-0991,104,2026-09-20T08:13:48.298Z
DEMO-DEV-0993,104,2026-09-29T19:35:28.846Z
DEMO-DEV-1070,104,2026-09-25T21:26:37.226Z
DEMO-DEV-1081,104,2026-09-02T05:47:16.892Z
DEMO-DEV-1099,104,2026-09-25T11:02:23.863Z
DEMO-DEV-1102,104,2026-09-24T23:58:37.172Z
DEMO-DEV-1105,104,2026-09-27T19:13:50.568Z
DEMO-DEV-1113,104,2026-09-27T07:59:08.298Z
DEMO-DEV-1125,104,2026-08-25T07:56:38.221Z
DEMO-DEV-1151,104,2026-09-28T01:18:30.357Z
DEMO-DEV-1213,104,2026-09-19T05:46:23.190Z
DEMO-DEV-1284,104,2026-09-27T09:11:41.859Z
DEMO-DEV-1358,104,2026-08-27T19:32:48.155Z
DEMO-DEV-1394,104,2026-09-21T22:52:37.778Z
DEMO-DEV-1502,104,2026-09-29T15:12:54.390Z
DEMO-DEV-1516,104,2026-09-06T19:53:36.778Z
DEMO-DEV-1536,104,2026-08-30T19:47:57.246Z
DEMO-DEV-1552,104,2026-09-17T11:23:05.727Z
DEMO-DEV-1553,104,2026-09-24T20:57:26.302Z
DEMO-DEV-1561,104,2026-09-16T13:16:26.765Z
DEMO-DEV-1607,104,2026-08-28T19:27:18.307Z
DEMO-DEV-1654,104,2026-09-01T18:18:05.754Z
DEMO-DEV-1667,104,2026-09-18T02:11:00.793Z
DEMO-DEV-1679,104,2026-09-14T18:21:32.803Z
DEMO-DEV-1699,104,2026-09-21T12:56:15.442Z
DEMO-DEV-1716,104,2026-09-29T22:30:41.138Z
DEMO-DEV-1717,104,2026-09-25T09:36:53.817Z
DEMO-DEV-1755,104,2026-07-16T12:23:38.415Z
DEMO-DEV-1760,104,2026-09-25T07:12:17.985Z
DEMO-DEV-1771,104,2026-09-01T21:18:15.523Z
DEMO-DEV-1843,104,2026-09-21T02:52:05.870Z
DEMO-DEV-1845,104,2026-08-23T18:54:07.370Z
DEMO-DEV-1915,104,2026-09-24T06:17:18.161Z
DEMO-DEV-1952,104,2026-09-28T11:33:56.987Z
DEMO-DEV-2000,104,2026-09-09T03:36:45.968Z
DEMO-DEV-2045,104,2026-09-01T09:46:17.503Z
DEMO-DEV-2063,104,2026-09-11T21:59:02.352Z
DEMO-DEV-2105,104,2026-09-21T06:04:05.236Z
DEMO-DEV-2129,104,2026-09-11T07:27:46.754Z
DEMO-DEV-2143,104,2026-09-17T05:20:36.004Z
DEMO-DEV-2165,104,2026-09-12T00:31:47.885Z
DEMO-DEV-2171,104,2026-09-28T15:27:47.666Z
DEMO-DEV-2184,104,2026-09-02T04:43:53.183Z
DEMO-DEV-2242,104,2026-09-15T15:46:43.139Z
DEMO-DEV-2253,104,2026-09-15T16:21:07.226Z
DEMO-DEV-2331,104,2026-09-11T17:14:01.817Z
DEMO-DEV-2433,104,2026-09-21T11:39:53.511Z
DEMO-DEV-2515,104,2026-09-18T13:02:37.120Z
DEMO-DEV-2547,104,2026-09-19T09:07:59.307Z
DEMO-DEV-2605,104,2026-09-13T05:49:14.203Z
DEMO-DEV-2624,104,2026-09-28T07:30:09.989Z
DEMO-DEV-2649,104,2026-09-05T22:56:48.523Z
DEMO-DEV-2658,104,2026-09-14T02:33:26.714Z
DEMO-DEV-2709,104,2026-09-29T10:17:18.591Z
DEMO-DEV-2715,104,2026-09-09T00:28:04.646Z
DEMO-DEV-2730,104,2026-09-20T21:33:52.843Z
DEMO-DEV-2807,104,2026-09-23T23:39:53.155Z
DEMO-DEV-2860,104,2026-09-17T07:45:52.817Z
DEMO-DEV-3005,104,2026-08-27T05:21:38.666Z
DEMO-DEV-3008,104,2026-09-13T10:58:52.975Z
DEMO-DEV-3020,104,2026-09-14T21:19:28.508Z
DEMO-DEV-3058,104,2026-09-19T21:22:12.975Z
DEMO-DEV-3084,104,2026-09-18T21:48:21.024Z
DEMO-DEV-3097,104,2026-09-22T13:31:36.710Z
DEMO-DEV-3098,104,2026-09-08T15:09:37.337Z
DEMO-DEV-3238,104,2026-09-19T01:52:08.917Z
DEMO-DEV-3290,104,2026-09-16T17:38:56.655Z
DEMO-DEV-3332,104,2026-08-18T03:14:30.409Z
DEMO-DEV-3450,104,2026-09-28T02:26:23.985Z
DEMO-DEV-3502,104,2026-09-15T19:03:13.523Z
DEMO-DEV-3536,104,2026-08-30T08:42:40.682Z
DEMO-DEV-3564,104,2026-09-26T20:36:22.646Z
DEMO-DEV-3567,104,2026-08-09T08:49:28.204Z
DEMO-DEV-3595,104,2026-09-18T08:18:28.914Z
DEMO-DEV-3635,104,2026-09-12T08:40:44.676Z
DEMO-DEV-3679,104,2026-09-21T06:29:04.015Z
DEMO-DEV-3731,104,2026-09-26T19:44:50.692Z
DEMO-DEV-3764,104,2026-09-07T18:34:20.524Z
DEMO-DEV-3765,104,2026-09-19T09:05:07.325Z
DEMO-DEV-3850,104,2026-09-22T04:44:53.415Z
DEMO-DEV-3863,104,2026-09-28T21:08:53.969Z
DEMO-DEV-3882,104,2026-09-20T04:32:29.639Z
DEMO-DEV-3883,104,2026-09-19T14:54:50.319Z
DEMO-DEV-3947,104,2026-09-18T15:36:48.524Z
DEMO-DEV-3987,104,2026-09-21T19:20:59.354Z
DEMO-DEV-4008,104,2026-09-23T20:31:18.658Z
DEMO-DEV-4013,104,2026-08-23T17:46:07.352Z
DEMO-DEV-4017,104,2026-09-02T15:27:51.765Z
DEMO-DEV-4031,104,2026-09-13T08:23:52.415Z
DEMO-DEV-4036,104,2026-09-23T00:28:27.394Z
DEMO-DEV-4060,104,2026-07-29T03:42:55.511Z
DEMO-DEV-4126,104,2026-09-23T23:31:21.160Z
DEMO-DEV-4141,104,2026-09-26T14:23:00.646Z
DEMO-DEV-4359,104,2026-09-03T02:57:08.155Z
DEMO-DEV-4369,104,2026-09-26T11:53:27.138Z
DEMO-DEV-4374,104,2026-09-21T16:23:07.648Z
DEMO-DEV-4407,104,2026-09-25T21:15:28.192Z
DEMO-DEV-4443,104,2026-09-28T19:14:37.075Z
DEMO-DEV-4453,104,2026-09-30T08:13:02.668Z
DEMO-DEV-4460,104,2026-09-29T14:14:27.568Z
DEMO-DEV-4473,104,2026-09-27T20:38:46.537Z
DEMO-DEV-4499,104,2026-09-17T20:52:35.719Z
DEMO-DEV-4614,104,2026-09-21T20:58:16.308Z
DEMO-DEV-4668,104,2026-09-29T03:19:35.057Z
DEMO-DEV-4673,104,2026-09-26T19:35:31.969Z
DEMO-DEV-4674,104,2026-09-26T05:19:29.080Z
DEMO-DEV-4675,104,2026-09-04T10:06:26.057Z
DEMO-DEV-4693,104,2026-09-21T13:45:21.841Z
DEMO-DEV-4726,104,2026-09-23T16:27:02.804Z
DEMO-DEV-4752,104,2026-09-23T05:38:53.387Z
DEMO-DEV-4807,104,2026-09-06T10:56:42.123Z
DEMO-DEV-4813,104,2026-09-26T12:21:16.867Z
DEMO-DEV-4822,104,2026-09-13T06:28:09.524Z
DEMO-DEV-4828,104,2026-09-11T07:57:06.352Z
DEMO-DEV-4831,104,2026-09-23T17:38:14.968Z
DEMO-DEV-4837,104,2026-09-29T07:55:44.985Z
DEMO-DEV-4881,104,2026-09-10T05:48:57.965Z
DEMO-DEV-4890,104,2026-07-10T23:17:30.710Z
DEMO-DEV-4891,104,2026-09-22T16:08:03.460Z
DEMO-DEV-4911,104,2026-09-26T03:52:09.765Z
DEMO-DEV-4945,104,2026-09-15T21:20:05.204Z
DEMO-DEV-4946,104,2026-09-15T02:27:02.555Z
DEMO-DEV-4993,104,2026-09-23T05:06:48.735Z
DEMO-DEV-5050,104,2026-08-29T04:51:44.524Z
DEMO-DEV-5066,104,2026-09-27T11:12:25.913Z
DEMO-DEV-5138,104,2026-08-22T18:13:26.172Z
DEMO-DEV-5144,104,2026-09-25T22:16:46.607Z
DEMO-DEV-5213,104,2026-09-14T18:56:46.390Z
DEMO-DEV-5238,104,2026-09-26T11:33:04.892Z
DEMO-DEV-5275,104,2026-09-28T14:17:53.037Z
DEMO-DEV-5316,104,2026-09-28T11:59:18.239Z
DEMO-DEV-5334,104,2026-09-19T20:17:26.836Z
DEMO-DEV-5346,104,2026-09-25T08:21:15.676Z
DEMO-DEV-5413,104,2026-09-19T06:30:42.612Z
DEMO-DEV-5417,104,2026-09-16T11:06:04.969Z
DEMO-DEV-5445,104,2026-09-27T07:34:59.786Z
DEMO-DEV-5475,104,2026-09-29T23:21:43.948Z
DEMO-DEV-5494,104,2026-08-23T12:47:40.870Z
DEMO-DEV-5529,104,2026-09-12T16:45:52.824Z
DEMO-DEV-5537,104,2026-09-28T02:03:07.605Z
DEMO-DEV-5597,104,2026-09-06T01:10:45.795Z
DEMO-DEV-5618,104,2026-09-27T19:14:13.234Z
DEMO-DEV-5622,104,2026-08-26T06:01:06.134Z
DEMO-DEV-5650,104,2026-08-27T09:19:41.183Z
DEMO-DEV-5674,104,2026-08-26T03:37:09.806Z
DEMO-DEV-5716,104,2026-08-22T09:31:49.345Z
DEMO-DEV-5747,104,2026-09-20T13:00:55.618Z
DEMO-DEV-5898,104,2026-08-02T16:12:24.415Z
DEMO-DEV-5908,104,2026-09-26T16:11:24.519Z
DEMO-DEV-5936,104,2026-09-13T23:36:32.123Z
DEMO-DEV-6027,104,2026-09-27T05:36:02.352Z
DEMO-DEV-6045,104,2026-09-17T20:41:16.455Z
DEMO-DEV-6117,104,2026-09-23T23:18:07.782Z
DEMO-DEV-6174,104,2026-09-20T12:40:19.037Z
DEMO-DEV-6184,104,2026-08-17T12:16:46.792Z
DEMO-DEV-6209,104,2026-09-27T17:44:46.325Z
DEMO-DEV-6228,104,2026-09-25T05:06:10.702Z
DEMO-DEV-6283,104,2026-09-15T10:24:56.782Z
DEMO-DEV-6286,104,2026-08-20T21:43:39.917Z
DEMO-DEV-6288,104,2026-09-28T15:19:46.682Z
DEMO-DEV-6320,104,2026-08-30T11:52:12.949Z
DEMO-DEV-6341,104,2026-09-28T11:17:53.682Z
DEMO-DEV-6349,104,2026-09-26T02:08:46.752Z
DEMO-DEV-6368,104,2026-09-27T02:07:09.873Z
DEMO-DEV-6382,104,2026-09-11T01:32:57.727Z
DEMO-DEV-6399,104,2026-09-29T02:06:14.254Z
DEMO-DEV-6530,104,2026-07-24T23:51:52.446Z
DEMO-DEV-6623,104,2026-09-28T00:45:35.272Z
DEMO-DEV-6625,104,2026-09-30T04:23:08.189Z
DEMO-DEV-6641,104,2026-09-17T05:00:10.368Z
DEMO-DEV-6701,104,2026-09-04T01:53:52.710Z
DEMO-DEV-6729,104,2026-09-08T22:14:27.879Z
DEMO-DEV-6786,104,2026-09-28T09:30:01.976Z
DEMO-DEV-6849,104,2026-08-04T18:46:12.584Z
DEMO-DEV-6865,104,2026-09-26T22:08:47.666Z
DEMO-DEV-6877,104,2026-09-03T19:42:36.948Z
DEMO-DEV-6923,104,2026-09-28T15:43:51.287Z
DEMO-DEV-6943,104,2026-09-27T23:29:57.639Z
DEMO-DEV-7016,104,2026-09-06T08:45:49.455Z
DEMO-DEV-7076,104,2026-08-31T02:23:27.232Z
DEMO-DEV-7107,104,2026-09-25T06:21:03.668Z
DEMO-DEV-7122,104,2026-09-06T08:58:46.792Z
DEMO-DEV-7131,104,2026-09-22T17:45:05.885Z
DEMO-DEV-7192,104,2026-09-29T13:14:43.211Z
DEMO-DEV-7241,104,2026-09-28T17:06:12.239Z
DEMO-DEV-7353,104,2026-09-19T07:55:50.003Z
DEMO-DEV-7365,104,2026-09-28T06:34:35.985Z
DEMO-DEV-7413,104,2026-09-14T11:16:09.989Z
DEMO-DEV-7419,104,2026-09-10T01:25:08.950Z
DEMO-DEV-7431,104,2026-09-18T12:21:06.222Z
DEMO-DEV-7483,104,2026-09-23T03:01:08.811Z
DEMO-DEV-7487,104,2026-09-29T00:42:14.513Z
DEMO-DEV-7510,104,2026-09-12T14:28:53.219Z
DEMO-DEV-7517,104,2026-09-23T10:25:48.795Z
DEMO-DEV-7520,104,2026-09-25T14:01:35.063Z
DEMO-DEV-7581,104,2026-09-17T02:28:10.460Z
DEMO-DEV-7675,104,2026-09-28T02:14:42.778Z
DEMO-DEV-7702,104,2026-09-24T20:06:28.839Z
DEMO-DEV-7750,104,2026-08-31T13:46:16.004Z
DEMO-DEV-7796,104,2026-09-14T09:55:52.824Z
DEMO-DEV-7857,104,2026-09-08T06:50:06.658Z
DEMO-DEV-7898,104,2026-09-30T04:03:06.992Z
DEMO-DEV-7943,104,2026-09-27T07:14:43.160Z
DEMO-DEV-7960,104,2026-09-10T09:27:10.455Z
DEMO-DEV-7987,104,2026-08-13T14:58:20.138Z
DEMO-DEV-8078,104,2026-09-27T05:21:47.692Z
DEMO-DEV-8087,104,2026-09-23T00:11:08.134Z
DEMO-DEV-8116,104,2026-09-25T09:29:18.989Z
DEMO-DEV-8127,104,2026-08-25T17:18:58.795Z
DEMO-DEV-8163,104,2026-09-06T18:22:52.298Z
DEMO-DEV-8167,104,2026-09-26T10:16:15.090Z
DEMO-DEV-8224,104,2026-09-29T10:52:02.014Z
DEMO-DEV-8280,104,2026-09-27T14:28:40.817Z
DEMO-DEV-8300,104,2026-09-11T22:49:22.618Z
DEMO-DEV-8320,104,2026-08-10T02:36:53.160Z
DEMO-DEV-8358,104,2026-09-11T07:31:10.816Z
DEMO-DEV-8411,104,2026-09-22T19:46:21.370Z
DEMO-DEV-8437,104,2026-08-08T19:09:44.415Z
DEMO-DEV-8465,104,2026-09-15T02:30:50.057Z
DEMO-DEV-8470,104,2026-09-29T12:28:53.555Z
DEMO-DEV-8490,104,2026-09-28T11:54:29.370Z
DEMO-DEV-8579,104,2026-09-10T01:37:18.778Z
DEMO-DEV-8596,104,2026-09-22T23:46:19.302Z
DEMO-DEV-8659,104,2026-09-28T12:53:29.714Z
DEMO-DEV-8691,104,2026-09-25T01:17:49.989Z
DEMO-DEV-8695,104,2026-09-25T03:09:14.120Z
DEMO-DEV-8704,104,2026-08-12T16:25:26.300Z
DEMO-DEV-8710,104,2026-09-25T03:05:04.976Z
DEMO-DEV-8732,104,2026-09-26T03:32:36.851Z
DEMO-DEV-8791,104,2026-09-08T04:47:48.545Z
DEMO-DEV-8841,104,2026-09-29T11:50:09.692Z
DEMO-DEV-8870,104,2026-09-25T21:11:50.472Z
DEMO-DEV-8894,104,2026-09-26T09:44:53.219Z
DEMO-DEV-8901,104,2026-09-26T17:29:27.508Z
DEMO-DEV-8938,104,2026-09-27T22:54:37.782Z
DEMO-DEV-8956,104,2026-09-12T06:57:56.075Z
DEMO-DEV-8962,104,2026-09-22T17:30:20.470Z
DEMO-DEV-8979,104,2026-09-14T04:25:43.948Z
DEMO-DEV-8993,104,2026-09-25T09:19:52.648Z
DEMO-DEV-9027,104,2026-09-03T23:17:34.511Z
DEMO-DEV-9098,104,2026-08-31T19:38:47.949Z
DEMO-DEV-9123,104,2026-09-28T11:04:17.319Z
DEMO-DEV-9173,104,2026-08-29T12:16:06.817Z
DEMO-DEV-9274,104,2026-09-13T02:34:03.026Z
DEMO-DEV-9370,104,2026-09-29T10:21:09.578Z
DEMO-DEV-9402,104,2026-08-12T16:24:04.824Z
DEMO-DEV-9412,104,2026-09-30T05:01:16.080Z
DEMO-DEV-9419,104,2026-09-29T12:10:12.646Z
DEMO-DEV-9443,104,2026-09-28T11:25:46.824Z
DEMO-DEV-9449,104,2026-09-03T12:54:55.913Z
DEMO-DEV-9481,104,2026-09-11T06:10:03.403Z
DEMO-DEV-9485,104,2026-09-26T04:36:18.325Z
DEMO-DEV-9528,104,2026-09-08T21:18:15.387Z
DEMO-DEV-9530,104,2026-09-24T00:23:57.738Z
DEMO-DEV-9570,104,2026-09-28T13:16:28.867Z
DEMO-DEV-9614,104,2026-09-29T02:07:19.966Z
DEMO-DEV-9616,104,2026-09-12T01:56:01.325Z
DEMO-DEV-9617,104,2026-09-28T20:28:23.460Z
DEMO-DEV-9632,104,2026-09-21T12:58:49.913Z
DEMO-DEV-9663,104,2026-09-15T07:36:25.676Z
DEMO-DEV-9671,104,2026-09-20T21:50:39.839Z
DEMO-DEV-9727,104,2026-09-19T05:16:06.234Z
DEMO-DEV-9736,104,2026-09-18T21:22:17.500Z
DEMO-DEV-9809,104,2026-09-24T23:16:03.234Z
DEMO-DEV-9812,104,2026-09-27T20:28:30.785Z
DEMO-DEV-9824,104,2026-09-21T02:05:00.884Z
DEMO-DEV-9882,104,2026-08-12T19:00:11.027Z
DEMO-DEV-9890,104,2026-09-05T08:13:26.023Z
DEMO-DEV-9949,104,2026-08-31T05:23:16.230Z
DEMO-DEV-9983,104,2026-09-30T03:43:45.183Z
DEMO-DEV-9991,104,2026-09-26T12:11:13.246Z
DEMO-DEV-0003,103,2026-09-21T03:01:24.026Z
DEMO-DEV-0011,103,2026-09-22T14:03:07.692Z
DEMO-DEV-0025,103,2026-09-20T02:19:00.816Z
DEMO-DEV-0063,103,2026-09-28T12:27:43.816Z
DEMO-DEV-0076,103,2026-09-25T05:19:48.612Z
DEMO-DEV-0103,103,2026-09-30T03:47:14.864Z
DEMO-DEV-0130,103,2026-09-24T08:52:30.891Z
DEMO-DEV-0178,103,2026-09-20T05:02:54.038Z
DEMO-DEV-0204,103,2026-08-31T17:05:33.226Z
DEMO-DEV-0227,103,2026-09-24T13:05:03.965Z
DEMO-DEV-0239,103,2026-09-19T15:05:14.519Z
DEMO-DEV-0253,103,2026-08-27T12:51:37.225Z
DEMO-DEV-0267,103,2026-07-08T09:11:20.842Z
DEMO-DEV-0285,103,2026-08-25T20:42:41.239Z
DEMO-DEV-0318,103,2026-09-25T21:47:05.843Z
DEMO-DEV-0331,103,2026-09-25T23:19:30.500Z
DEMO-DEV-0344,103,2026-09-12T17:29:47.842Z
DEMO-DEV-0367,103,2026-09-21T12:19:27.537Z
DEMO-DEV-0380,103,2026-09-12T00:44:03.120Z
DEMO-DEV-0401,103,2026-08-22T22:22:51.370Z
DEMO-DEV-0406,103,2026-09-27T15:27:54.646Z
DEMO-DEV-0457,103,2026-09-29T05:11:52.702Z
DEMO-DEV-0474,103,2026-09-11T11:24:56.914Z
DEMO-DEV-0543,103,2026-09-19T06:09:49.987Z
DEMO-DEV-0557,103,2026-09-28T01:48:36.873Z
DEMO-DEV-0575,103,2026-09-10T04:20:11.345Z
DEMO-DEV-0580,103,2026-09-20T02:11:13.390Z
DEMO-DEV-0643,103,2026-09-17T02:32:17.470Z
DEMO-DEV-0646,103,2026-08-24T20:13:35.134Z
DEMO-DEV-0708,103,2026-09-22T19:24:23.415Z
DEMO-DEV-0726,103,2026-09-20T02:29:49.765Z
DEMO-DEV-0760,103,2026-09-21T14:28:00.026Z
DEMO-DEV-0763,103,2026-09-12T16:19:03.846Z
DEMO-DEV-0787,103,2026-09-28T07:40:36.524Z
DEMO-DEV-0806,103,2026-09-17T02:06:34.974Z
DEMO-DEV-0882,103,2026-09-21T14:52:59.123Z
DEMO-DEV-0939,103,2026-09-13T23:14:22.015Z
DEMO-DEV-0961,103,2026-09-09T02:37:59.230Z
DEMO-DEV-0998,103,2026-08-22T07:07:53.409Z
DEMO-DEV-1006,103,2026-09-20T14:27:27.172Z
DEMO-DEV-1041,103,2026-09-30T02:28:39.738Z
DEMO-DEV-1046,103,2026-08-11T02:23:32.785Z
DEMO-DEV-1062,103,2026-09-19T10:19:15.738Z
DEMO-DEV-1065,103,2026-09-24T14:25:05.428Z
DEMO-DEV-1083,103,2026-08-16T10:21:32.442Z
DEMO-DEV-1087,103,2026-09-20T03:06:27.500Z
DEMO-DEV-1103,103,2026-09-24T10:11:48.985Z
DEMO-DEV-1150,103,2026-09-02T14:38:54.884Z
DEMO-DEV-1160,103,2026-09-15T05:06:24.974Z
DEMO-DEV-1165,103,2026-09-16T02:58:09.825Z
DEMO-DEV-1167,103,2026-09-29T12:16:17.785Z
DEMO-DEV-1180,103,2026-09-06T08:22:07.409Z
DEMO-DEV-1186,103,2026-09-18T14:32:02.026Z
DEMO-DEV-1202,103,2026-09-17T19:04:28.120Z
DEMO-DEV-1217,103,2026-09-25T07:14:32.226Z
DEMO-DEV-1228,103,2026-09-28T16:46:13.975Z
DEMO-DEV-1230,103,2026-09-05T09:12:13.884Z
DEMO-DEV-1324,103,2026-07-28T05:42:43.508Z
DEMO-DEV-1443,103,2026-09-23T22:19:37.205Z
DEMO-DEV-1448,103,2026-09-13T23:49:20.354Z
DEMO-DEV-1504,103,2026-09-29T05:47:44.298Z
DEMO-DEV-1512,103,2026-09-25T16:12:51.222Z
DEMO-DEV-1514,103,2026-09-26T17:09:47.026Z
DEMO-DEV-1520,103,2026-09-29T14:57:29.568Z
DEMO-DEV-1550,103,2026-09-02T11:03:02.614Z
DEMO-DEV-1573,103,2026-09-24T12:15:56.524Z
DEMO-DEV-1575,103,2026-08-28T11:51:55.639Z
DEMO-DEV-1590,103,2026-09-29T09:11:28.037Z
DEMO-DEV-1610,103,2026-08-26T02:02:07.752Z
DEMO-DEV-1662,103,2026-09-16T15:00:09.968Z
DEMO-DEV-1695,103,2026-09-03T00:13:03.607Z
DEMO-DEV-1842,103,2026-09-28T12:25:40.803Z
DEMO-DEV-1850,103,2026-08-24T22:27:43.466Z
DEMO-DEV-1852,103,2026-09-24T17:23:00.965Z
DEMO-DEV-1888,103,2026-09-21T12:03:58.612Z
DEMO-DEV-1928,103,2026-09-22T10:16:17.040Z
DEMO-DEV-1974,103,2026-09-11T16:49:02.524Z
DEMO-DEV-2019,103,2026-09-28T23:07:46.870Z
DEMO-DEV-2097,103,2026-09-24T08:43:07.234Z
DEMO-DEV-2098,103,2026-09-12T07:19:40.843Z
DEMO-DEV-2123,103,2026-09-24T21:17:56.272Z
DEMO-DEV-2124,103,2026-09-15T12:00:36.264Z
DEMO-DEV-2303,103,2026-09-21T11:35:02.455Z
DEMO-DEV-2319,103,2026-09-01T05:18:41.045Z
DEMO-DEV-2371,103,2026-07-05T12:19:32.037Z
DEMO-DEV-2376,103,2026-09-14T22:26:18.365Z
DEMO-DEV-2436,103,2026-09-04T07:49:04.203Z
DEMO-DEV-2489,103,2026-09-24T14:06:33.308Z
DEMO-DEV-2544,103,2026-09-18T05:12:26.523Z
DEMO-DEV-2554,103,2026-09-26T05:11:39.646Z
DEMO-DEV-2559,103,2026-09-02T13:00:24.460Z
DEMO-DEV-2567,103,2026-09-27T08:24:17.090Z
DEMO-DEV-2591,103,2026-09-25T05:05:42.390Z
DEMO-DEV-2637,103,2026-09-11T03:42:27.446Z
DEMO-DEV-2687,103,2026-09-23T10:29:08.519Z
DEMO-DEV-2721,103,2026-09-29T20:54:51.173Z
DEMO-DEV-2785,103,2026-09-24T04:44:12.682Z
DEMO-DEV-2873,103,2026-09-17T18:46:03.368Z
DEMO-DEV-2888,103,2026-09-07T20:28:58.319Z
DEMO-DEV-2903,103,2026-09-29T07:08:42.390Z
DEMO-DEV-3013,103,2026-09-21T06:41:06.428Z
DEMO-DEV-3061,103,2026-09-27T15:03:43.253Z
DEMO-DEV-3074,103,2026-09-17T00:44:29.138Z
DEMO-DEV-3076,103,2026-09-05T04:00:08.219Z
DEMO-DEV-3088,103,2026-08-27T15:17:17.173Z
DEMO-DEV-3100,103,2026-09-04T08:23:45.784Z
DEMO-DEV-3126,103,2026-09-17T21:58:34.289Z
DEMO-DEV-3171,103,2026-09-21T05:44:21.087Z
DEMO-DEV-3173,103,2026-09-20T11:27:38.289Z
DEMO-DEV-3188,103,2026-09-29T23:23:41.719Z
DEMO-DEV-3281,103,2026-09-19T12:06:20.165Z
DEMO-DEV-3322,103,2026-09-25T17:52:23.014Z
DEMO-DEV-3324,103,2026-09-16T17:43:42.203Z
DEMO-DEV-3361,103,2026-09-19T05:50:28.892Z
DEMO-DEV-3367,103,2026-09-19T01:56:29.246Z
DEMO-DEV-3397,103,2026-09-09T14:30:16.026Z
DEMO-DEV-3409,103,2026-09-12T10:52:03.688Z
DEMO-DEV-3424,103,2026-09-27T08:50:20.513Z
DEMO-DEV-3463,103,2026-09-25T00:00:28.842Z
DEMO-DEV-3465,103,2026-09-22T04:20:19.974Z
DEMO-DEV-3507,103,2026-09-15T07:31:25.218Z
DEMO-DEV-3558,103,2026-09-27T18:13:01.221Z
DEMO-DEV-3566,103,2026-09-20T09:56:12.804Z
DEMO-DEV-3570,103,2026-09-22T12:36:51.219Z
DEMO-DEV-3638,103,2026-09-20T16:40:05.785Z
DEMO-DEV-3641,103,2026-09-12T17:44:43.692Z
DEMO-DEV-3665,103,2026-09-20T08:26:56.752Z
DEMO-DEV-3772,103,2026-09-18T15:03:06.134Z
DEMO-DEV-3805,103,2026-09-24T01:48:26.003Z
DEMO-DEV-3865,103,2026-09-18T01:35:48.926Z
DEMO-DEV-3918,103,2026-09-13T22:45:03.754Z
DEMO-DEV-3941,103,2026-09-25T09:41:52.155Z
DEMO-DEV-4009,103,2026-09-22T03:58:27.966Z
DEMO-DEV-4035,103,2026-07-24T21:14:54.038Z
DEMO-DEV-4037,103,2026-09-13T12:50:26.926Z
DEMO-DEV-4038,103,2026-09-28T04:35:08.795Z
DEMO-DEV-4091,103,2026-09-06T02:09:38.428Z
DEMO-DEV-4105,103,2026-09-23T13:08:48.879Z
DEMO-DEV-4120,103,2026-09-25T00:53:23.792Z
DEMO-DEV-4130,103,2026-09-10T15:11:47.183Z
DEMO-DEV-4173,103,2026-08-04T09:21:52.015Z
DEMO-DEV-4212,103,2026-09-26T10:38:45.974Z
DEMO-DEV-4233,103,2026-09-11T20:02:55.568Z
DEMO-DEV-4234,103,2026-09-27T00:28:46.370Z
DEMO-DEV-4241,103,2026-09-21T21:07:29.493Z
DEMO-DEV-4269,103,2026-09-15T03:58:12.225Z
DEMO-DEV-4320,103,2026-09-20T18:51:04.368Z
DEMO-DEV-4326,103,2026-09-25T22:00:38.173Z
DEMO-DEV-4358,103,2026-09-08T23:13:35.211Z
DEMO-DEV-4368,103,2026-09-19T18:24:36.300Z
DEMO-DEV-4380,103,2026-09-03T11:43:35.537Z
DEMO-DEV-4400,103,2026-09-11T02:09:40.636Z
DEMO-DEV-4414,103,2026-09-28T13:40:33.825Z
DEMO-DEV-4468,103,2026-09-27T08:12:35.442Z
DEMO-DEV-4529,103,2026-09-26T06:36:42.366Z
DEMO-DEV-4593,103,2026-08-29T10:45:29.879Z
DEMO-DEV-4601,103,2026-09-19T04:31:40.864Z
DEMO-DEV-4621,103,2026-09-28T13:28:17.557Z
DEMO-DEV-4715,103,2026-09-13T19:15:43.519Z
DEMO-DEV-4730,103,2026-09-27T16:22:46.057Z
DEMO-DEV-4794,103,2026-09-22T06:08:43.799Z
DEMO-DEV-4797,103,2026-09-28T02:39:02.289Z
DEMO-DEV-4847,103,2026-08-29T01:46:15.021Z
DEMO-DEV-4874,103,2026-08-21T12:11:48.232Z
DEMO-DEV-4910,103,2026-09-18T05:38:21.804Z
DEMO-DEV-4917,103,2026-09-22T03:54:41.524Z
DEMO-DEV-4970,103,2026-09-25T02:03:54.226Z
DEMO-DEV-5022,103,2026-09-29T09:09:28.264Z
DEMO-DEV-5051,103,2026-09-05T15:26:55.863Z
DEMO-DEV-5082,103,2026-09-29T04:20:02.397Z
DEMO-DEV-5088,103,2026-09-26T13:08:20.975Z
DEMO-DEV-5103,103,2026-09-26T10:45:59.288Z
DEMO-DEV-5129,103,2026-09-11T22:57:09.597Z
DEMO-DEV-5178,103,2026-09-29T00:17:40.879Z
DEMO-DEV-5181,103,2026-09-27T02:57:14.785Z
DEMO-DEV-5187,103,2026-09-29T16:05:06.368Z
DEMO-DEV-5188,103,2026-09-27T10:53:31.692Z
DEMO-DEV-5212,103,2026-09-21T11:48:22.337Z
DEMO-DEV-5262,103,2026-09-24T00:23:41.523Z
DEMO-DEV-5323,103,2026-09-30T06:00:52.352Z
DEMO-DEV-5371,103,2026-09-15T13:58:10.752Z
DEMO-DEV-5399,103,2026-09-04T08:57:42.653Z
DEMO-DEV-5411,103,2026-09-28T07:37:01.584Z
DEMO-DEV-5420,103,2026-09-05T02:35:53.523Z
DEMO-DEV-5454,103,2026-08-07T21:44:11.236Z
DEMO-DEV-5560,103,2026-09-30T07:22:06.612Z
DEMO-DEV-5571,103,2026-09-21T19:53:55.246Z
DEMO-DEV-5587,103,2026-09-26T12:53:35.236Z
DEMO-DEV-5596,103,2026-09-11T19:23:11.470Z
DEMO-DEV-5601,103,2026-09-27T17:25:31.023Z
DEMO-DEV-5617,103,2026-09-29T14:24:48.929Z
DEMO-DEV-5631,103,2026-09-05T22:26:30.443Z
DEMO-DEV-5651,103,2026-09-27T16:01:54.307Z
DEMO-DEV-5678,103,2026-08-03T18:02:55.948Z
DEMO-DEV-5694,103,2026-09-07T02:06:26.015Z
DEMO-DEV-5719,103,2026-09-26T22:42:54.027Z
DEMO-DEV-5725,103,2026-09-16T22:54:57.965Z
DEMO-DEV-5744,103,2026-09-24T20:45:41.950Z
DEMO-DEV-5806,103,2026-09-21T14:20:00.646Z
DEMO-DEV-5858,103,2026-09-26T08:51:50.985Z
DEMO-DEV-5902,103,2026-09-28T04:58:04.319Z
DEMO-DEV-5965,103,2026-09-26T17:30:40.505Z
DEMO-DEV-5987,103,2026-09-30T06:22:05.485Z
DEMO-DEV-5990,103,2026-09-17T22:52:48.618Z
DEMO-DEV-6081,103,2026-09-24T04:44:36.172Z
DEMO-DEV-6102,103,2026-09-18T21:12:50.782Z
DEMO-DEV-6203,103,2026-08-30T06:54:13.368Z
DEMO-DEV-6249,103,2026-09-10T08:46:18.992Z
DEMO-DEV-6319,103,2026-09-25T14:37:52.648Z
DEMO-DEV-6326,103,2026-09-02T16:47:46.138Z
DEMO-DEV-6335,103,2026-09-26T09:54:43.287Z
DEMO-DEV-6338,103,2026-09-29T05:11:47.811Z
DEMO-DEV-6346,103,2026-09-20T20:26:42.063Z
DEMO-DEV-6350,103,2026-09-28T03:08:02.087Z
DEMO-DEV-6354,103,2026-09-29T17:37:32.225Z
DEMO-DEV-6362,103,2026-09-26T16:52:16.225Z
DEMO-DEV-6407,103,2026-09-14T22:41:42.288Z
DEMO-DEV-6459,103,2026-09-28T03:50:40.403Z
DEMO-DEV-6461,103,2026-09-19T02:37:47.315Z
DEMO-DEV-6518,103,2026-09-28T17:07:52.063Z
DEMO-DEV-6582,103,2026-09-01T02:12:38.120Z
DEMO-DEV-6586,103,2026-09-20T21:51:36.428Z
DEMO-DEV-6591,103,2026-09-28T11:42:31.230Z
DEMO-DEV-6597,103,2026-09-27T11:44:12.239Z
DEMO-DEV-6702,103,2026-09-02T11:36:05.892Z
DEMO-DEV-6728,103,2026-09-29T01:24:52.226Z
DEMO-DEV-6778,103,2026-09-14T11:39:21.864Z
DEMO-DEV-6831,103,2026-09-17T21:10:04.841Z
DEMO-DEV-6890,103,2026-09-27T12:16:22.446Z
DEMO-DEV-7033,103,2026-09-23T04:20:22.929Z
DEMO-DEV-7115,103,2026-09-27T01:06:56.985Z
DEMO-DEV-7175,103,2026-09-20T06:57:27.189Z
DEMO-DEV-7213,103,2026-09-25T15:27:41.460Z
DEMO-DEV-7233,103,2026-09-26T21:55:48.234Z
DEMO-DEV-7271,103,2026-09-19T13:28:30.390Z
DEMO-DEV-7281,103,2026-09-25T17:56:19.752Z
DEMO-DEV-7282,103,2026-09-26T23:56:15.913Z
DEMO-DEV-7319,103,2026-09-22T17:28:02.224Z
DEMO-DEV-7362,103,2026-09-26T14:13:50.974Z
DEMO-DEV-7377,103,2026-09-22T09:01:15.403Z
DEMO-DEV-7405,103,2026-08-15T09:45:52.203Z
DEMO-DEV-7427,103,2026-09-23T04:55:24.150Z
DEMO-DEV-7454,103,2026-09-04T08:08:17.793Z
DEMO-DEV-7534,103,2026-09-22T09:39:16.806Z
DEMO-DEV-7582,103,2026-09-27T06:44:55.867Z
DEMO-DEV-7590,103,2026-09-14T13:58:00.864Z
DEMO-DEV-7600,103,2026-09-30T07:13:12.974Z
DEMO-DEV-7622,103,2026-09-30T00:48:04.841Z
DEMO-DEV-7636,103,2026-09-05T05:59:30.307Z
DEMO-DEV-7672,103,2026-09-25T09:14:53.325Z
DEMO-DEV-7747,103,2026-09-01T04:27:22.120Z
DEMO-DEV-7781,103,2026-09-26T04:19:41.288Z
DEMO-DEV-7811,103,2026-09-29T15:20:19.319Z
DEMO-DEV-7829,103,2026-08-22T02:14:13.926Z
DEMO-DEV-7837,103,2026-08-08T14:57:34.666Z
DEMO-DEV-7843,103,2026-09-22T03:27:59.045Z
DEMO-DEV-7875,103,2026-09-25T14:43:34.975Z
DEMO-DEV-7921,103,2026-09-26T08:25:30.409Z
DEMO-DEV-7948,103,2026-08-23T19:55:14.057Z
DEMO-DEV-7967,103,2026-09-29T19:55:44.173Z
DEMO-DEV-7977,103,2026-08-29T13:01:40.648Z
DEMO-DEV-7996,103,2026-09-28T12:11:51.352Z
DEMO-DEV-8008,103,2026-09-08T02:03:42.765Z
DEMO-DEV-8033,103,2026-09-28T23:37:47.221Z
DEMO-DEV-8050,103,2026-09-09T16:13:37.252Z
DEMO-DEV-8091,103,2026-09-25T14:50:28.428Z
DEMO-DEV-8095,103,2026-09-11T12:33:13.325Z
DEMO-DEV-8156,103,2026-09-12T17:54:05.222Z
DEMO-DEV-8190,103,2026-09-15T20:24:03.646Z
DEMO-DEV-8257,103,2026-09-19T04:02:55.250Z
DEMO-DEV-8304,103,2026-08-24T19:11:05.037Z
DEMO-DEV-8333,103,2026-09-10T03:15:49.026Z
DEMO-DEV-8374,103,2026-09-02T11:22:09.989Z
DEMO-DEV-8406,103,2026-09-23T05:25:23.226Z
DEMO-DEV-8427,103,2026-09-26T02:33:51.804Z
DEMO-DEV-8458,103,2026-09-26T10:17:33.239Z
DEMO-DEV-8491,103,2026-08-04T13:22:11.442Z
DEMO-DEV-8516,103,2026-09-16T18:30:57.508Z
DEMO-DEV-8554,103,2026-09-07T21:20:48.470Z
DEMO-DEV-8561,103,2026-09-20T02:44:31.714Z
DEMO-DEV-8582,103,2026-09-12T00:33:44.370Z
DEMO-DEV-8594,103,2026-09-18T18:33:43.618Z
DEMO-DEV-8616,103,2026-09-04T23:24:24.524Z
DEMO-DEV-8648,103,2026-09-10T04:43:09.778Z
DEMO-DEV-8675,103,2026-09-14T03:52:02.302Z
DEMO-DEV-8682,103,2026-09-25T02:52:30.391Z
DEMO-DEV-8707,103,2026-08-31T14:21:26.975Z
DEMO-DEV-8753,103,2026-09-29T21:21:19.839Z
DEMO-DEV-8758,103,2026-08-06T03:00:22.915Z
DEMO-DEV-8778,103,2026-09-29T02:28:56.727Z
DEMO-DEV-8784,103,2026-09-17T22:22:59.138Z
DEMO-DEV-8789,103,2026-09-24T22:27:54.134Z
DEMO-DEV-8803,103,2026-09-12T12:29:08.792Z
DEMO-DEV-8889,103,2026-09-27T15:28:47.138Z
DEMO-DEV-8931,103,2026-09-16T11:00:11.300Z
DEMO-DEV-8977,103,2026-09-15T18:56:59.252Z
DEMO-DEV-8982,103,2026-09-24T12:04:50.038Z
DEMO-DEV-9036,103,2026-08-28T17:16:49.402Z
DEMO-DEV-9058,103,2026-09-17T13:01:33.150Z
DEMO-DEV-9074,103,2026-08-12T16:56:19.965Z
DEMO-DEV-9149,103,2026-09-17T00:11:52.842Z
DEMO-DEV-9179,103,2026-08-27T19:20:32.738Z
DEMO-DEV-9193,103,2026-09-20T14:43:40.298Z
DEMO-DEV-9248,103,2026-08-28T22:54:45.165Z
DEMO-DEV-9336,103,2026-09-15T03:07:15.612Z
DEMO-DEV-9351,103,2026-09-09T02:59:11.688Z
DEMO-DEV-9358,103,2026-09-18T23:20:14.040Z
DEMO-DEV-9393,103,2026-09-04T04:27:40.455Z
DEMO-DEV-9455,103,2026-09-23T16:16:03.719Z
DEMO-DEV-9553,103,2026-09-27T03:51:44.139Z
DEMO-DEV-9583,103,2026-09-30T07:01:08.968Z
DEMO-DEV-9587,103,2026-09-18T23:01:33.527Z
DEMO-DEV-9613,103,2026-09-16T12:14:43.556Z
DEMO-DEV-9628,103,2026-09-30T00:15:15.462Z
DEMO-DEV-9693,103,2026-08-20T21:04:49.646Z
DEMO-DEV-9743,103,2026-09-22T00:13:16.138Z
DEMO-DEV-9751,103,2026-09-26T17:31:50.387Z
DEMO-DEV-9762,103,2026-08-30T00:34:56.865Z
DEMO-DEV-9766,103,2026-09-23T15:40:07.428Z
DEMO-DEV-9772,103,2026-09-20T23:03:35.949Z
DEMO-DEV-9778,103,2026-09-12T22:59:06.160Z
DEMO-DEV-9857,103,2026-09-01T19:55:32.021Z
DEMO-DEV-9919,103,2026-09-25T05:31:14.123Z
DEMO-DEV-9937,103,2026-09-02T21:51:41.989Z
DEMO-DEV-9959,103,2026-09-25T06:01:09.966Z
DEMO-DEV-0019,102,2026-09-27T02:53:32.403Z
DEMO-DEV-0057,102,2026-09-28T07:07:32.926Z
DEMO-DEV-0071,102,2026-09-04T12:18:46.023Z
DEMO-DEV-0096,102,2026-09-10T02:01:07.668Z
DEMO-DEV-0108,102,2026-08-17T06:32:12.816Z
DEMO-DEV-0114,102,2026-09-17T00:02:25.302Z
DEMO-DEV-0145,102,2026-09-28T07:42:45.702Z
DEMO-DEV-0172,102,2026-09-28T21:53:46.555Z
DEMO-DEV-0173,102,2026-09-10T11:58:26.817Z
DEMO-DEV-0226,102,2026-09-25T07:48:58.885Z
DEMO-DEV-0269,102,2026-09-19T18:16:39.692Z
DEMO-DEV-0272,102,2026-08-22T18:25:10.929Z
DEMO-DEV-0316,102,2026-08-06T10:06:34.795Z
DEMO-DEV-0372,102,2026-09-09T07:48:31.224Z
DEMO-DEV-0388,102,2026-09-22T14:21:11.308Z
DEMO-DEV-0402,102,2026-09-21T16:20:08.428Z
DEMO-DEV-0422,102,2026-09-20T18:47:25.817Z
DEMO-DEV-0427,102,2026-09-28T15:11:17.793Z
DEMO-DEV-0463,102,2026-09-28T17:43:59.817Z
DEMO-DEV-0476,102,2026-09-22T09:02:17.556Z
DEMO-DEV-0485,102,2026-09-11T10:27:36.443Z
DEMO-DEV-0525,102,2026-09-03T21:54:13.211Z
DEMO-DEV-0617,102,2026-09-24T18:31:18.315Z
DEMO-DEV-0640,102,2026-09-26T22:36:33.985Z
DEMO-DEV-0678,102,2026-09-17T01:00:54.291Z
DEMO-DEV-0765,102,2026-09-16T17:02:44.365Z
DEMO-DEV-0770,102,2026-09-26T22:34:22.950Z
DEMO-DEV-0790,102,2026-09-24T20:14:05.224Z
DEMO-DEV-0809,102,2026-09-13T07:51:26.950Z
DEMO-DEV-0831,102,2026-09-17T19:11:50.222Z
DEMO-DEV-0929,102,2026-09-17T02:56:28.037Z
DEMO-DEV-1000,102,2026-09-29T19:20:12.160Z
DEMO-DEV-1009,102,2026-08-31T12:36:26.466Z
DEMO-DEV-1034,102,2026-09-19T17:50:28.867Z
DEMO-DEV-1066,102,2026-09-28T11:08:16.443Z
DEMO-DEV-1098,102,2026-09-18T19:51:24.172Z
DEMO-DEV-1137,102,2026-09-29T13:28:24.503Z
DEMO-DEV-1188,102,2026-09-06T10:31:13.816Z
DEMO-DEV-1198,102,2026-08-30T17:56:09.038Z
DEMO-DEV-1369,102,2026-09-14T01:53:43.885Z
DEMO-DEV-1377,102,2026-08-16T17:30:40.264Z
DEMO-DEV-1410,102,2026-08-28T05:25:05.555Z
DEMO-DEV-1411,102,2026-09-29T13:20:40.027Z
DEMO-DEV-1418,102,2026-09-30T01:30:04.816Z
DEMO-DEV-1446,102,2026-09-19T20:41:00.219Z
DEMO-DEV-1457,102,2026-09-30T07:02:35.784Z
DEMO-DEV-1493,102,2026-09-16T05:36:45.134Z
DEMO-DEV-1556,102,2026-09-25T00:08:18.192Z
DEMO-DEV-1589,102,2026-08-24T21:59:35.470Z
DEMO-DEV-1618,102,2026-08-24T03:37:22.470Z
DEMO-DEV-1671,102,2026-09-24T17:04:39.892Z
DEMO-DEV-1681,102,2026-09-27T23:57:00.584Z
DEMO-DEV-1713,102,2026-09-20T03:28:05.291Z
DEMO-DEV-1715,102,2026-09-28T21:36:35.368Z
DEMO-DEV-1748,102,2026-09-22T01:40:30.370Z
DEMO-DEV-1759,102,2026-09-25T16:36:13.004Z
DEMO-DEV-1774,102,2026-09-14T22:21:58.428Z
DEMO-DEV-1788,102,2026-09-30T07:23:06.308Z
DEMO-DEV-1861,102,2026-09-27T08:04:06.365Z
DEMO-DEV-1864,102,2026-09-01T01:47:33.172Z
DEMO-DEV-1878,102,2026-08-25T17:24:31.692Z
DEMO-DEV-1964,102,2026-09-13T01:45:49.168Z
DEMO-DEV-1986,102,2026-09-17T12:21:09.535Z
DEMO-DEV-2029,102,2026-09-28T08:57:02.738Z
DEMO-DEV-2037,102,2026-08-10T09:14:42.784Z
DEMO-DEV-2041,102,2026-09-09T15:52:01.254Z
DEMO-DEV-2076,102,2026-09-26T16:51:32.366Z
DEMO-DEV-2115,102,2026-08-29T01:36:57.914Z
DEMO-DEV-2127,102,2026-09-14T15:04:24.688Z
DEMO-DEV-2144,102,2026-09-30T05:59:37.302Z
DEMO-DEV-2160,102,2026-09-27T01:32:33.208Z
DEMO-DEV-2209,102,2026-09-16T09:06:59.302Z
DEMO-DEV-2248,102,2026-09-29T20:31:48.150Z
DEMO-DEV-2259,102,2026-09-22T21:15:13.455Z
DEMO-DEV-2313,102,2026-07-24T03:38:43.397Z
DEMO-DEV-2320,102,2026-09-29T02:04:10.843Z
DEMO-DEV-2401,102,2026-09-22T15:01:55.607Z
DEMO-DEV-2416,102,2026-08-26T05:36:38.851Z
DEMO-DEV-2424,102,2026-09-01T18:05:26.442Z
DEMO-DEV-2427,102,2026-09-24T02:46:19.785Z
DEMO-DEV-2447,102,2026-08-16T07:33:41.224Z
DEMO-DEV-2458,102,2026-09-25T18:16:36.859Z
DEMO-DEV-2461,102,2026-09-24T21:05:31.519Z
DEMO-DEV-2491,102,2026-09-29T11:19:25.668Z
DEMO-DEV-2494,102,2026-09-22T06:09:23.226Z
DEMO-DEV-2498,102,2026-08-28T14:49:46.077Z
DEMO-DEV-2526,102,2026-09-20T07:47:18.302Z
DEMO-DEV-2532,102,2026-09-09T19:58:24.523Z
DEMO-DEV-2535,102,2026-09-20T11:52:25.221Z
DEMO-DEV-2574,102,2026-09-24T02:56:50.867Z
DEMO-DEV-2575,102,2026-09-22T18:52:21.352Z
DEMO-DEV-2584,102,2026-09-08T16:02:39.735Z
DEMO-DEV-2601,102,2026-09-29T01:50:20.950Z
DEMO-DEV-2769,102,2026-08-24T18:30:03.325Z
DEMO-DEV-2778,102,2026-09-26T12:24:16.859Z
DEMO-DEV-2789,102,2026-09-29T19:16:01.254Z
DEMO-DEV-2814,102,2026-09-26T15:15:34.287Z
DEMO-DEV-2816,102,2026-09-26T21:26:18.497Z
DEMO-DEV-2913,102,2026-09-29T08:16:34.993Z
DEMO-DEV-2916,102,2026-09-07T20:12:34.139Z
DEMO-DEV-2932,102,2026-09-25T16:29:36.203Z
DEMO-DEV-2933,102,2026-09-23T00:42:49.289Z
DEMO-DEV-2965,102,2026-09-18T03:43:11.225Z
DEMO-DEV-2985,102,2026-08-28T02:02:55.892Z
DEMO-DEV-2991,102,2026-09-08T06:41:35.727Z
DEMO-DEV-2993,102,2026-09-28T01:04:53.785Z
DEMO-DEV-3014,102,2026-09-22T12:48:19.080Z
DEMO-DEV-3094,102,2026-09-29T16:49:43.682Z
DEMO-DEV-3132,102,2026-09-29T05:22:43.556Z
DEMO-DEV-3142,102,2026-09-13T08:13:05.508Z
DEMO-DEV-3153,102,2026-09-17T09:11:31.605Z
DEMO-DEV-3206,102,2026-09-26T04:54:14.319Z
DEMO-DEV-3241,102,2026-09-27T17:02:31.455Z
DEMO-DEV-3308,102,2026-09-23T07:04:09.026Z
DEMO-DEV-3325,102,2026-08-25T11:27:12.785Z
DEMO-DEV-3331,102,2026-09-24T19:35:51.203Z
DEMO-DEV-3396,102,2026-09-27T17:08:16.208Z
DEMO-DEV-3510,102,2026-09-20T17:18:47.218Z
DEMO-DEV-3530,102,2026-09-09T12:22:41.658Z
DEMO-DEV-3577,102,2026-09-22T09:02:28.976Z
DEMO-DEV-3593,102,2026-09-16T19:44:05.120Z
DEMO-DEV-3617,102,2026-09-10T16:52:49.289Z
DEMO-DEV-3673,102,2026-09-28T09:33:41.208Z
DEMO-DEV-3702,102,2026-09-26T17:03:44.455Z
DEMO-DEV-3806,102,2026-09-30T06:52:10.150Z
DEMO-DEV-3828,102,2026-09-27T19:13:36.460Z
DEMO-DEV-3881,102,2026-08-01T19:15:03.493Z
DEMO-DEV-3922,102,2026-09-21T01:15:16.605Z
DEMO-DEV-3952,102,2026-09-07T20:39:42.865Z
DEMO-DEV-3983,102,2026-09-17T10:24:27.038Z
DEMO-DEV-3988,102,2026-09-24T20:57:44.300Z
DEMO-DEV-4053,102,2026-07-09T21:50:13.403Z
DEMO-DEV-4100,102,2026-08-20T21:54:49.614Z
DEMO-DEV-4135,102,2026-08-27T23:35:29.527Z
DEMO-DEV-4168,102,2026-09-04T15:54:12.817Z
DEMO-DEV-4176,102,2026-09-23T19:51:59.080Z
DEMO-DEV-4180,102,2026-09-20T22:39:08.226Z
DEMO-DEV-4253,102,2026-09-11T02:36:22.446Z
DEMO-DEV-4337,102,2026-09-25T18:19:40.238Z
DEMO-DEV-4376,102,2026-09-09T06:39:28.239Z
DEMO-DEV-4386,102,2026-09-25T23:53:29.446Z
DEMO-DEV-4418,102,2026-09-26T02:58:13.795Z
DEMO-DEV-4523,102,2026-09-29T19:10:11.205Z
DEMO-DEV-4538,102,2026-09-12T23:01:04.879Z
DEMO-DEV-4546,102,2026-09-24T06:14:51.976Z
DEMO-DEV-4565,102,2026-09-03T04:00:08.239Z
DEMO-DEV-4580,102,2026-08-20T16:47:51.816Z
DEMO-DEV-4619,102,2026-09-05T19:33:33.782Z
DEMO-DEV-4626,102,2026-09-15T12:16:36.037Z
DEMO-DEV-4629,102,2026-09-02T02:01:29.816Z
DEMO-DEV-4680,102,2026-09-02T04:43:57.027Z
DEMO-DEV-4721,102,2026-09-22T19:26:55.302Z
DEMO-DEV-4724,102,2026-09-12T11:22:25.470Z
DEMO-DEV-4746,102,2026-08-26T23:11:53.077Z
DEMO-DEV-4759,102,2026-09-21T16:18:48.183Z
DEMO-DEV-4761,102,2026-09-29T11:45:53.816Z
DEMO-DEV-4823,102,2026-09-29T13:09:33.976Z
DEMO-DEV-4856,102,2026-09-09T22:53:18.234Z
DEMO-DEV-4923,102,2026-09-17T20:03:26.891Z
DEMO-DEV-4937,102,2026-09-24T01:01:35.239Z
DEMO-DEV-4942,102,2026-09-29T23:11:03.300Z
DEMO-DEV-5019,102,2026-08-27T13:19:53.205Z
DEMO-DEV-5025,102,2026-09-08T14:49:05.614Z
DEMO-DEV-5027,102,2026-09-29T10:51:43.614Z
DEMO-DEV-5038,102,2026-09-23T15:03:42.913Z
DEMO-DEV-5091,102,2026-09-29T05:38:57.816Z
DEMO-DEV-5102,102,2026-09-07T09:31:36.864Z
DEMO-DEV-5116,102,2026-09-07T17:15:07.976Z
DEMO-DEV-5210,102,2026-09-27T17:31:54.057Z
DEMO-DEV-5224,102,2026-09-28T03:39:18.218Z
DEMO-DEV-5256,102,2026-08-15T17:20:54.037Z
DEMO-DEV-5289,102,2026-09-01T02:22:14.985Z
DEMO-DEV-5305,102,2026-09-15T07:42:59.325Z
DEMO-DEV-5481,102,2026-09-29T08:26:41.497Z
DEMO-DEV-5483,102,2026-09-23T12:02:01.138Z
DEMO-DEV-5504,102,2026-09-20T03:58:27.003Z
DEMO-DEV-5513,102,2026-08-31T00:58:44.026Z
DEMO-DEV-5600,102,2026-09-22T01:42:55.003Z
DEMO-DEV-5672,102,2026-09-28T18:07:36.676Z
DEMO-DEV-5718,102,2026-09-24T13:18:59.026Z
DEMO-DEV-5721,102,2026-09-29T12:07:09.655Z
DEMO-DEV-5757,102,2026-09-17T13:26:53.785Z
DEMO-DEV-5767,102,2026-09-28T17:25:28.337Z
DEMO-DEV-5874,102,2026-09-29T02:26:26.500Z
DEMO-DEV-5900,102,2026-08-29T07:08:19.682Z
DEMO-DEV-5914,102,2026-09-20T03:07:51.352Z
DEMO-DEV-5935,102,2026-09-21T11:24:58.503Z
DEMO-DEV-5945,102,2026-07-02T12:28:57.841Z
DEMO-DEV-5958,102,2026-09-07T01:54:00.915Z
DEMO-DEV-6001,102,2026-09-27T01:01:46.527Z
DEMO-DEV-6015,102,2026-09-17T07:03:45.470Z
DEMO-DEV-6018,102,2026-09-26T22:42:17.466Z
DEMO-DEV-6023,102,2026-09-26T13:07:47.057Z
DEMO-DEV-6063,102,2026-09-24T08:29:35.885Z
DEMO-DEV-6120,102,2026-09-23T02:37:14.219Z
DEMO-DEV-6153,102,2026-08-18T10:42:53.839Z
DEMO-DEV-6189,102,2026-09-21T03:33:48.289Z
DEMO-DEV-6199,102,2026-09-19T13:49:10.003Z
DEMO-DEV-6252,102,2026-09-15T17:22:24.503Z
DEMO-DEV-6262,102,2026-09-27T12:14:44.466Z
DEMO-DEV-6296,102,2026-09-13T12:24:29.537Z
DEMO-DEV-6310,102,2026-09-07T13:26:16.345Z
DEMO-DEV-6323,102,2026-09-19T02:14:26.785Z
DEMO-DEV-6343,102,2026-09-01T00:14:03.003Z
DEMO-DEV-6344,102,2026-09-29T17:40:19.816Z
DEMO-DEV-6364,102,2026-09-22T03:31:42.969Z
DEMO-DEV-6388,102,2026-09-15T21:59:34.172Z
DEMO-DEV-6392,102,2026-08-28T10:27:57.428Z
DEMO-DEV-6394,102,2026-09-29T08:44:10.841Z
DEMO-DEV-6395,102,2026-09-20T11:46:28.298Z
DEMO-DEV-6440,102,2026-09-19T20:50:52.226Z
DEMO-DEV-6448,102,2026-09-26T09:41:11.462Z
DEMO-DEV-6470,102,2026-09-06T00:22:39.524Z
DEMO-DEV-6521,102,2026-09-26T03:03:17.950Z
DEMO-DEV-6548,102,2026-09-29T03:35:53.428Z
DEMO-DEV-6554,102,2026-09-26T06:06:21.319Z
DEMO-DEV-6556,102,2026-09-10T17:40:25.786Z
DEMO-DEV-6643,102,2026-09-30T04:40:09.234Z
DEMO-DEV-6662,102,2026-09-11T03:12:16.804Z
DEMO-DEV-6686,102,2026-08-20T19:19:35.472Z
DEMO-DEV-6703,102,2026-09-24T14:28:28.817Z
DEMO-DEV-6736,102,2026-09-27T07:05:46.403Z
DEMO-DEV-6772,102,2026-09-13T11:47:33.655Z
DEMO-DEV-6840,102,2026-09-13T18:00:37.352Z
DEMO-DEV-6876,102,2026-08-28T02:38:06.692Z
DEMO-DEV-6884,102,2026-09-24T23:34:21.225Z
DEMO-DEV-6899,102,2026-09-15T06:24:55.160Z
DEMO-DEV-6913,102,2026-09-05T12:27:25.537Z
DEMO-DEV-6918,102,2026-09-26T09:39:21.391Z
DEMO-DEV-7045,102,2026-09-19T21:13:06.204Z
DEMO-DEV-7054,102,2026-09-24T13:23:14.391Z
DEMO-DEV-7058,102,2026-09-24T06:45:55.646Z
DEMO-DEV-7080,102,2026-09-25T00:51:16.063Z
DEMO-DEV-7092,102,2026-09-29T11:33:00.172Z
DEMO-DEV-7121,102,2026-09-23T18:34:25.646Z
DEMO-DEV-7143,102,2026-09-22T13:57:10.792Z
DEMO-DEV-7193,102,2026-09-26T03:15:12.068Z
DEMO-DEV-7226,102,2026-09-19T07:07:50.612Z
DEMO-DEV-7256,102,2026-09-21T05:45:45.556Z
DEMO-DEV-7273,102,2026-09-27T01:41:52.442Z
DEMO-DEV-7275,102,2026-09-23T18:21:42.038Z
DEMO-DEV-7288,102,2026-09-20T23:29:05.556Z
DEMO-DEV-7346,102,2026-09-26T12:41:19.929Z
DEMO-DEV-7356,102,2026-08-30T11:46:16.892Z
DEMO-DEV-7370,102,2026-07-29T22:56:00.949Z
DEMO-DEV-7406,102,2026-08-31T08:04:49.556Z
DEMO-DEV-7449,102,2026-09-28T19:46:35.870Z
DEMO-DEV-7462,102,2026-09-27T04:43:30.992Z
DEMO-DEV-7535,102,2026-09-20T01:43:08.289Z
DEMO-DEV-7601,102,2026-09-02T22:58:32.793Z
DEMO-DEV-7624,102,2026-09-26T05:47:01.735Z
DEMO-DEV-7628,102,2026-08-27T22:23:51.232Z
DEMO-DEV-7635,102,2026-09-17T18:33:44.727Z
DEMO-DEV-7654,102,2026-09-27T11:24:17.139Z
DEMO-DEV-7662,102,2026-09-30T06:24:36.264Z
DEMO-DEV-7680,102,2026-08-03T21:04:35.885Z
DEMO-DEV-7726,102,2026-09-14T10:10:00.357Z
DEMO-DEV-7779,102,2026-09-21T17:00:24.975Z
DEMO-DEV-7840,102,2026-08-27T06:37:42.688Z
DEMO-DEV-7851,102,2026-09-30T04:48:03.786Z
DEMO-DEV-7945,102,2026-09-15T19:05:26.165Z
DEMO-DEV-7974,102,2026-09-27T12:07:04.537Z
DEMO-DEV-7992,102,2026-09-25T23:45:13.226Z
DEMO-DEV-8053,102,2026-09-01T20:00:36.754Z
DEMO-DEV-8058,102,2026-09-29T07:43:57.782Z
DEMO-DEV-8081,102,2026-09-13T16:55:32.863Z
DEMO-DEV-8100,102,2026-09-28T04:28:26.795Z
DEMO-DEV-8110,102,2026-09-18T16:07:17.568Z
DEMO-DEV-8228,102,2026-09-26T02:07:40.428Z
DEMO-DEV-8372,102,2026-09-13T05:01:00.366Z
DEMO-DEV-8498,102,2026-09-08T22:15:04.204Z
DEMO-DEV-8578,102,2026-09-26T10:47:27.466Z
DEMO-DEV-8630,102,2026-09-25T19:33:25.793Z
DEMO-DEV-8655,102,2026-08-20T17:59:02.913Z
DEMO-DEV-8711,102,2026-09-30T00:31:50.846Z
DEMO-DEV-8769,102,2026-09-20T23:21:20.394Z
DEMO-DEV-8774,102,2026-09-17T01:58:21.226Z
DEMO-DEV-8829,102,2026-09-15T18:58:13.120Z
DEMO-DEV-8846,102,2026-09-18T14:31:03.307Z
DEMO-DEV-8908,102,2026-08-31T21:08:30.038Z
DEMO-DEV-8932,102,2026-09-02T16:25:22.204Z
DEMO-DEV-8981,102,2026-08-30T09:44:11.442Z
DEMO-DEV-9009,102,2026-09-03T00:08:42.765Z
DEMO-DEV-9028,102,2026-09-14T08:22:51.462Z
DEMO-DEV-9077,102,2026-09-12T05:06:03.804Z
DEMO-DEV-9084,102,2026-09-05T03:56:36.605Z
DEMO-DEV-9131,102,2026-09-27T12:31:47.428Z
DEMO-DEV-9147,102,2026-09-12T23:03:42.870Z
DEMO-DEV-9172,102,2026-08-23T16:31:30.319Z
DEMO-DEV-9196,102,2026-09-16T11:12:52.183Z
DEMO-DEV-9230,102,2026-08-30T14:32:16.524Z
DEMO-DEV-9241,102,2026-09-22T03:39:24.428Z
DEMO-DEV-9263,102,2026-09-01T20:27:04.949Z
DEMO-DEV-9278,102,2026-09-19T01:59:58.470Z
DEMO-DEV-9316,102,2026-09-20T02:28:57.134Z
DEMO-DEV-9333,102,2026-09-02T09:04:56.057Z
DEMO-DEV-9342,102,2026-08-30T09:26:21.368Z
DEMO-DEV-9359,102,2026-09-28T07:23:58.203Z
DEMO-DEV-9374,102,2026-09-05T09:07:35.668Z
DEMO-DEV-9405,102,2026-09-28T19:08:58.234Z
DEMO-DEV-9426,102,2026-08-24T00:35:10.969Z
DEMO-DEV-9447,102,2026-09-23T17:05:09.470Z
DEMO-DEV-9463,102,2026-09-29T13:48:33.211Z
DEMO-DEV-9545,102,2026-09-25T19:17:07.989Z
DEMO-DEV-9561,102,2026-09-23T20:42:36.804Z
DEMO-DEV-9562,102,2026-09-20T20:42:09.120Z
DEMO-DEV-9597,102,2026-09-08T16:13:55.470Z
DEMO-DEV-9703,102,2026-09-08T14:25:24.189Z
DEMO-DEV-9737,102,2026-09-09T14:03:36.885Z
DEMO-DEV-9747,102,2026-09-11T15:08:09.073Z
DEMO-DEV-9761,102,2026-09-26T04:57:49.612Z
DEMO-DEV-9789,102,2026-09-22T13:58:27.676Z
DEMO-DEV-9898,102,2026-09-21T20:53:45.929Z
DEMO-DEV-9909,102,2026-09-26T19:43:06.545Z
DEMO-DEV-9947,102,2026-09-20T13:21:12.409Z
DEMO-DEV-9967,102,2026-08-27T15:28:29.646Z
DEMO-DEV-9976,102,2026-09-10T03:06:32.123Z
DEMO-DEV-9978,102,2026-09-22T11:09:22.825Z
DEMO-DEV-9979,102,2026-09-27T14:23:15.319Z
DEMO-DEV-9985,102,2026-09-21T03:52:31.646Z
DEMO-DEV-9990,102,2026-09-19T23:03:35.155Z
DEMO-DEV-0044,101,2026-09-18T13:17:07.254Z
DEMO-DEV-0146,101,2026-08-26T00:51:22.765Z
DEMO-DEV-0175,101,2026-09-21T15:16:09.524Z
DEMO-DEV-0218,101,2026-09-26T16:15:45.219Z
DEMO-DEV-0266,101,2026-09-12T14:45:21.873Z
DEMO-DEV-0289,101,2026-09-27T11:46:47.068Z
DEMO-DEV-0330,101,2026-09-04T18:17:58.073Z
DEMO-DEV-0399,101,2026-09-25T14:41:38.068Z
DEMO-DEV-0418,101,2026-08-24T15:55:11.302Z
DEMO-DEV-0419,101,2026-09-19T10:25:57.239Z
DEMO-DEV-0423,101,2026-09-26T03:22:19.591Z
DEMO-DEV-0429,101,2026-09-11T19:27:13.505Z
DEMO-DEV-0433,101,2026-09-30T08:13:04.599Z
DEMO-DEV-0491,101,2026-09-26T00:50:00.985Z
DEMO-DEV-0512,101,2026-09-13T11:18:22.843Z
DEMO-DEV-0532,101,2026-09-04T03:46:36.161Z
DEMO-DEV-0564,101,2026-09-28T23:15:31.455Z
DEMO-DEV-0568,101,2026-09-18T15:36:23.949Z
DEMO-DEV-0585,101,2026-09-25T12:36:20.190Z
DEMO-DEV-0664,101,2026-09-26T23:36:46.219Z
DEMO-DEV-0693,101,2026-09-28T15:01:16.302Z
DEMO-DEV-0740,101,2026-09-28T18:41:44.211Z
DEMO-DEV-0844,101,2026-09-12T10:01:19.315Z
DEMO-DEV-0856,101,2026-09-24T23:22:43.653Z
DEMO-DEV-0868,101,2026-09-29T02:34:45.578Z
DEMO-DEV-0872,101,2026-09-20T01:40:13.460Z
DEMO-DEV-0901,101,2026-08-25T06:48:13.555Z
DEMO-DEV-0908,101,2026-09-15T21:06:12.612Z
DEMO-DEV-0983,101,2026-08-29T03:33:43.863Z
DEMO-DEV-1013,101,2026-09-14T04:06:34.272Z
DEMO-DEV-1085,101,2026-09-21T16:29:18.537Z
DEMO-DEV-1089,101,2026-09-26T06:38:41.989Z
DEMO-DEV-1141,101,2026-09-22T12:39:14.080Z
DEMO-DEV-1157,101,2026-09-29T03:50:42.493Z
DEMO-DEV-1177,101,2026-09-08T17:34:46.302Z
DEMO-DEV-1195,101,2026-09-23T19:46:00.968Z
DEMO-DEV-1196,101,2026-09-17T18:45:49.204Z
DEMO-DEV-1240,101,2026-09-28T08:25:29.795Z
DEMO-DEV-1296,101,2026-09-25T16:54:35.511Z
DEMO-DEV-1311,101,2026-09-28T00:54:12.646Z
DEMO-DEV-1325,101,2026-09-26T01:33:52.300Z
DEMO-DEV-1341,101,2026-09-25T00:03:20.442Z
DEMO-DEV-1425,101,2026-09-14T14:24:38.250Z
DEMO-DEV-1505,101,2026-09-26T12:04:14.892Z
DEMO-DEV-1525,101,2026-09-28T19:33:22.824Z
DEMO-DEV-1528,101,2026-09-26T10:15:30.040Z
DEMO-DEV-1585,101,2026-08-25T12:21:40.234Z
DEMO-DEV-1630,101,2026-09-17T10:25:38.357Z
DEMO-DEV-1674,101,2026-09-19T00:57:15.289Z
DEMO-DEV-1678,101,2026-09-14T20:02:48.238Z
DEMO-DEV-1697,101,2026-09-09T06:08:09.134Z
DEMO-DEV-1701,101,2026-09-27T18:08:40.397Z
DEMO-DEV-1705,101,2026-09-02T08:27:45.352Z
DEMO-DEV-1784,101,2026-09-25T08:03:25.308Z
DEMO-DEV-1790,101,2026-09-18T10:00:54.387Z
DEMO-DEV-1794,101,2026-09-29T16:57:33.795Z
DEMO-DEV-1805,101,2026-09-10T16:23:23.557Z
DEMO-DEV-1826,101,2026-08-28T15:12:50.123Z
DEMO-DEV-1872,101,2026-09-26T11:57:33.537Z
DEMO-DEV-1898,101,2026-09-22T05:03:12.172Z
DEMO-DEV-1903,101,2026-09-26T13:32:33.524Z
DEMO-DEV-1911,101,2026-09-27T19:49:40.584Z
DEMO-DEV-1920,101,2026-09-20T09:31:49.692Z
DEMO-DEV-1941,101,2026-09-26T10:18:56.087Z
DEMO-DEV-1970,101,2026-09-09T13:01:16.618Z
DEMO-DEV-2021,101,2026-09-13T14:31:31.811Z
DEMO-DEV-2022,101,2026-09-20T05:21:38.523Z
DEMO-DEV-2102,101,2026-08-20T04:57:03.077Z
DEMO-DEV-2170,101,2026-09-09T03:44:55.014Z
DEMO-DEV-2252,101,2026-08-30T18:16:21.161Z
DEMO-DEV-2262,101,2026-08-07T05:44:15.387Z
DEMO-DEV-2271,101,2026-09-24T13:45:26.765Z
DEMO-DEV-2300,101,2026-09-22T16:38:54.778Z
DEMO-DEV-2314,101,2026-08-15T20:45:22.752Z
DEMO-DEV-2330,101,2026-09-24T07:31:18.208Z
DEMO-DEV-2452,101,2026-09-06T21:34:22.189Z
DEMO-DEV-2488,101,2026-09-12T18:11:23.682Z
DEMO-DEV-2500,101,2026-09-26T17:05:21.155Z
DEMO-DEV-2522,101,2026-09-02T14:44:18.841Z
DEMO-DEV-2531,101,2026-09-14T00:01:09.288Z
DEMO-DEV-2533,101,2026-09-28T11:52:23.824Z
DEMO-DEV-2546,101,2026-09-22T16:05:53.929Z
DEMO-DEV-2557,101,2026-09-21T14:31:03.037Z
DEMO-DEV-2580,101,2026-09-20T17:40:16.727Z
DEMO-DEV-2610,101,2026-09-28T18:31:53.537Z
DEMO-DEV-2617,101,2026-09-02T04:01:48.289Z
DEMO-DEV-2625,101,2026-09-12T07:24:55.357Z
DEMO-DEV-2691,101,2026-09-16T01:20:11.345Z
DEMO-DEV-2692,101,2026-09-16T05:34:21.824Z
DEMO-DEV-2695,101,2026-09-06T20:29:57.597Z
DEMO-DEV-2696,101,2026-09-18T11:40:03.500Z
DEMO-DEV-2703,101,2026-09-28T22:43:29.352Z
DEMO-DEV-2719,101,2026-08-27T23:03:58.839Z
DEMO-DEV-2724,101,2026-09-16T11:47:27.172Z
DEMO-DEV-2738,101,2026-09-24T14:37:38.653Z
DEMO-DEV-2781,101,2026-09-19T11:58:04.183Z
DEMO-DEV-2836,101,2026-08-21T09:28:31.222Z
DEMO-DEV-2838,101,2026-09-10T00:18:06.653Z
DEMO-DEV-2852,101,2026-08-27T09:20:47.190Z
DEMO-DEV-2862,101,2026-09-20T10:42:47.804Z
DEMO-DEV-2868,101,2026-09-28T12:16:16.291Z
DEMO-DEV-2902,101,2026-09-27T07:26:58.639Z
DEMO-DEV-2951,101,2026-09-15T12:36:16.236Z
DEMO-DEV-2962,101,2026-09-25T10:07:06.785Z
DEMO-DEV-3012,101,2026-09-29T04:35:10.969Z
DEMO-DEV-3081,101,2026-09-25T17:48:40.555Z
DEMO-DEV-3152,101,2026-09-28T22:15:56.968Z
DEMO-DEV-3166,101,2026-09-05T22:44:40.639Z
DEMO-DEV-3193,101,2026-09-23T02:27:23.863Z
DEMO-DEV-3283,101,2026-09-28T05:11:04.974Z
DEMO-DEV-3289,101,2026-09-13T04:42:50.555Z
DEMO-DEV-3348,101,2026-09-22T23:47:37.618Z
DEMO-DEV-3352,101,2026-09-25T14:57:32.976Z
DEMO-DEV-3365,101,2026-08-30T16:02:41.804Z
DEMO-DEV-3415,101,2026-09-29T17:42:07.485Z
DEMO-DEV-3430,101,2026-09-22T19:38:00.738Z
DEMO-DEV-3437,101,2026-09-11T21:57:51.183Z
DEMO-DEV-3454,101,2026-09-10T16:26:34.841Z
DEMO-DEV-3460,101,2026-09-12T19:33:34.428Z
DEMO-DEV-3494,101,2026-09-29T11:42:59.123Z
DEMO-DEV-3495,101,2026-09-18T19:03:37.004Z
DEMO-DEV-3506,101,2026-09-21T17:33:35.714Z
DEMO-DEV-3520,101,2026-09-13T19:37:58.368Z
DEMO-DEV-3521,101,2026-09-29T22:27:48.719Z
DEMO-DEV-3541,101,2026-09-19T16:31:14.298Z
DEMO-DEV-3579,101,2026-08-23T05:01:16.949Z
DEMO-DEV-3583,101,2026-09-24T21:27:26.806Z
DEMO-DEV-3590,101,2026-09-08T08:57:52.505Z
DEMO-DEV-3591,101,2026-09-24T20:29:40.655Z
DEMO-DEV-3632,101,2026-09-22T10:15:45.892Z
DEMO-DEV-3646,101,2026-09-29T05:54:32.968Z
DEMO-DEV-3663,101,2026-09-18T19:43:22.503Z
DEMO-DEV-3667,101,2026-08-26T12:15:57.254Z
DEMO-DEV-3684,101,2026-09-18T10:09:43.974Z
DEMO-DEV-3707,101,2026-09-20T04:55:38.366Z
DEMO-DEV-3753,101,2026-08-13T21:29:26.211Z
DEMO-DEV-3768,101,2026-09-26T11:20:53.090Z
DEMO-DEV-3776,101,2026-09-20T09:54:52.545Z
DEMO-DEV-3814,101,2026-09-11T23:41:23.024Z
DEMO-DEV-3818,101,2026-09-29T01:23:46.337Z
DEMO-DEV-3831,101,2026-09-25T16:08:35.545Z
DEMO-DEV-3860,101,2026-09-24T01:48:57.300Z
DEMO-DEV-3880,101,2026-09-08T18:27:03.969Z
DEMO-DEV-3898,101,2026-09-12T18:37:59.161Z
DEMO-DEV-3914,101,2026-09-27T03:15:13.842Z
DEMO-DEV-3915,101,2026-09-21T08:57:45.139Z
DEMO-DEV-3930,101,2026-09-24T18:27:02.987Z
DEMO-DEV-3937,101,2026-09-05T07:41:08.612Z
DEMO-DEV-3968,101,2026-08-30T03:05:15.846Z
DEMO-DEV-3978,101,2026-09-27T01:22:50.584Z
DEMO-DEV-3981,101,2026-08-24T15:30:39.527Z
DEMO-DEV-4133,101,2026-09-18T07:26:36.387Z
DEMO-DEV-4159,101,2026-09-23T07:16:23.080Z
DEMO-DEV-4210,101,2026-08-22T09:51:35.799Z
DEMO-DEV-4262,101,2026-08-07T02:27:17.868Z
DEMO-DEV-4293,101,2026-09-23T01:23:12.003Z
DEMO-DEV-4314,101,2026-09-21T19:33:46.239Z
DEMO-DEV-4338,101,2026-09-29T17:03:40.288Z
DEMO-DEV-4349,101,2026-09-21T06:48:24.183Z
DEMO-DEV-4371,101,2026-09-26T00:38:52.073Z
DEMO-DEV-4441,101,2026-09-28T11:58:15.754Z
DEMO-DEV-4457,101,2026-09-16T20:36:47.021Z
DEMO-DEV-4534,101,2026-09-27T19:49:04.443Z
DEMO-DEV-4628,101,2026-09-15T12:07:15.026Z
DEMO-DEV-4637,101,2026-09-03T13:47:56.816Z
DEMO-DEV-4700,101,2026-09-30T06:44:05.727Z
DEMO-DEV-4736,101,2026-09-14T03:19:31.172Z
DEMO-DEV-4757,101,2026-09-28T13:43:34.415Z
DEMO-DEV-4793,101,2026-09-29T06:50:19.155Z
DEMO-DEV-4799,101,2026-09-29T19:09:58.250Z
DEMO-DEV-4850,101,2026-09-25T14:43:52.190Z
DEMO-DEV-4869,101,2026-09-19T08:53:13.470Z
DEMO-DEV-4920,101,2026-09-16T15:36:18.993Z
DEMO-DEV-4958,101,2026-09-26T16:25:29.843Z
DEMO-DEV-5034,101,2026-09-27T04:50:23.218Z
DEMO-DEV-5040,101,2026-09-01T18:32:26.556Z
DEMO-DEV-5074,101,2026-09-19T04:02:42.793Z
DEMO-DEV-5104,101,2026-09-16T12:44:42.168Z
DEMO-DEV-5124,101,2026-09-20T19:21:21.325Z
DEMO-DEV-5139,101,2026-09-26T21:27:01.466Z
DEMO-DEV-5156,101,2026-08-23T06:00:51.120Z
DEMO-DEV-5191,101,2026-09-24T22:55:36.966Z
DEMO-DEV-5237,101,2026-09-24T23:47:55.337Z
DEMO-DEV-5292,101,2026-09-16T00:51:45.658Z
DEMO-DEV-5299,101,2026-07-07T07:17:40.345Z
DEMO-DEV-5300,101,2026-09-22T15:10:24.027Z
DEMO-DEV-5350,101,2026-08-24T02:17:08.168Z
DEMO-DEV-5374,101,2026-08-15T20:57:38.913Z
DEMO-DEV-5384,101,2026-09-13T09:21:58.968Z
DEMO-DEV-5442,101,2026-08-24T22:13:01.203Z
DEMO-DEV-5451,101,2026-09-13T01:04:39.319Z
DEMO-DEV-5498,101,2026-09-23T16:52:45.500Z
DEMO-DEV-5499,101,2026-09-29T21:20:42.319Z
DEMO-DEV-5580,101,2026-09-22T19:34:30.252Z
DEMO-DEV-5581,101,2026-09-28T16:42:42.155Z
DEMO-DEV-5636,101,2026-09-12T00:51:39.014Z
DEMO-DEV-5809,101,2026-09-29T10:10:42.403Z
DEMO-DEV-5831,101,2026-09-28T03:45:28.877Z
DEMO-DEV-5854,101,2026-09-29T15:11:08.466Z
DEMO-DEV-5870,101,2026-09-11T10:54:30.864Z
DEMO-DEV-5877,101,2026-09-21T21:59:34.836Z
DEMO-DEV-5907,101,2026-09-19T10:58:47.470Z
DEMO-DEV-5911,101,2026-09-19T20:36:15.870Z
DEMO-DEV-5917,101,2026-09-05T18:00:31.026Z
DEMO-DEV-5923,101,2026-09-02T13:40:36.966Z
DEMO-DEV-5924,101,2026-09-11T00:58:02.785Z
DEMO-DEV-6062,101,2026-09-23T17:40:22.976Z
DEMO-DEV-6092,101,2026-09-15T17:05:35.824Z
DEMO-DEV-6096,101,2026-09-24T23:37:45.357Z
DEMO-DEV-6121,101,2026-08-06T12:56:25.236Z
DEMO-DEV-6171,101,2026-09-26T10:30:15.173Z
DEMO-DEV-6173,101,2026-09-09T12:53:57.138Z
DEMO-DEV-6205,101,2026-09-13T15:28:41.183Z
DEMO-DEV-6210,101,2026-09-08T07:10:00.974Z
DEMO-DEV-6223,101,2026-09-24T01:52:44.208Z
DEMO-DEV-6290,101,2026-09-28T18:20:29.870Z
DEMO-DEV-6328,101,2026-09-29T12:34:48.160Z
DEMO-DEV-6370,101,2026-09-17T11:29:06.218Z
DEMO-DEV-6371,101,2026-09-21T01:17:35.524Z
DEMO-DEV-6387,101,2026-09-21T09:58:11.885Z
DEMO-DEV-6408,101,2026-09-23T02:51:10.668Z
DEMO-DEV-6437,101,2026-09-13T02:08:10.545Z
DEMO-DEV-6462,101,2026-09-28T19:42:48.851Z
DEMO-DEV-6484,101,2026-09-29T10:27:55.225Z
DEMO-DEV-6507,101,2026-09-25T19:56:15.226Z
DEMO-DEV-6510,101,2026-09-07T20:02:06.352Z
DEMO-DEV-6515,101,2026-09-03T19:47:17.688Z
DEMO-DEV-6519,101,2026-09-17T12:20:13.307Z
DEMO-DEV-6524,101,2026-09-12T14:18:04.661Z
DEMO-DEV-6542,101,2026-09-20T23:10:57.040Z
DEMO-DEV-6628,101,2026-09-14T16:13:57.063Z
DEMO-DEV-6629,101,2026-09-04T05:20:09.403Z
DEMO-DEV-6648,101,2026-08-28T21:16:10.653Z
DEMO-DEV-6649,101,2026-08-22T11:31:37.298Z
DEMO-DEV-6651,101,2026-09-22T20:59:50.738Z
DEMO-DEV-6683,101,2026-09-22T03:42:20.646Z
DEMO-DEV-6717,101,2026-09-26T21:04:17.302Z
DEMO-DEV-6740,101,2026-09-15T10:07:54.287Z
DEMO-DEV-6744,101,2026-09-27T12:47:18.232Z
DEMO-DEV-6753,101,2026-09-29T03:57:30.390Z
DEMO-DEV-6795,101,2026-09-17T01:00:49.599Z
DEMO-DEV-6809,101,2026-09-21T19:19:31.985Z
DEMO-DEV-6874,101,2026-09-01T02:53:07.365Z
DEMO-DEV-6896,101,2026-09-27T04:51:44.325Z
DEMO-DEV-6898,101,2026-08-17T15:06:38.682Z
DEMO-DEV-6909,101,2026-09-28T17:29:35.139Z
DEMO-DEV-6927,101,2026-09-28T19:30:26.949Z
DEMO-DEV-6969,101,2026-09-18T04:03:07.989Z
DEMO-DEV-6974,101,2026-09-20T17:35:26.839Z
DEMO-DEV-7007,101,2026-09-28T01:15:18.688Z
DEMO-DEV-7022,101,2026-09-23T02:09:58.816Z
DEMO-DEV-7037,101,2026-07-25T10:34:02.224Z
DEMO-DEV-7043,101,2026-09-15T07:41:31.926Z
DEMO-DEV-7055,101,2026-09-16T10:33:56.879Z
DEMO-DEV-7202,101,2026-07-28T07:18:41.793Z
DEMO-DEV-7212,101,2026-09-08T22:29:52.545Z
DEMO-DEV-7227,101,2026-09-29T02:02:15.368Z
DEMO-DEV-7229,101,2026-09-28T21:19:33.234Z
DEMO-DEV-7287,101,2026-09-10T15:36:33.038Z
DEMO-DEV-7433,101,2026-09-09T23:28:43.892Z
DEMO-DEV-7505,101,2026-09-24T15:44:04.976Z
DEMO-DEV-7515,101,2026-09-30T07:32:20.337Z
DEMO-DEV-7627,101,2026-09-11T09:36:32.493Z
DEMO-DEV-7634,101,2026-09-20T15:08:33.239Z
DEMO-DEV-7709,101,2026-08-20T19:15:21.511Z
DEMO-DEV-7735,101,2026-09-23T03:08:54.816Z
DEMO-DEV-7765,101,2026-08-29T10:43:14.913Z
DEMO-DEV-7809,101,2026-09-30T08:13:15.370Z
DEMO-DEV-7816,101,2026-09-29T23:36:46.524Z
DEMO-DEV-7841,101,2026-09-27T08:03:08.300Z
DEMO-DEV-7845,101,2026-08-19T02:19:24.415Z
DEMO-DEV-7876,101,2026-09-21T02:01:45.037Z
DEMO-DEV-7887,101,2026-08-29T06:34:30.917Z
DEMO-DEV-7891,101,2026-08-05T03:37:01.639Z
DEMO-DEV-7904,101,2026-09-04T18:28:58.863Z
DEMO-DEV-7927,101,2026-08-17T19:48:39.234Z
DEMO-DEV-7952,101,2026-09-29T02:08:52.584Z
DEMO-DEV-7956,101,2026-09-30T00:15:04.782Z
DEMO-DEV-8028,101,2026-09-18T01:33:41.839Z
DEMO-DEV-8037,101,2026-09-28T20:56:57.021Z
DEMO-DEV-8072,101,2026-09-24T08:09:23.173Z
DEMO-DEV-8090,101,2026-09-23T20:43:59.914Z
DEMO-DEV-8119,101,2026-08-31T01:24:42.325Z
DEMO-DEV-8182,101,2026-08-21T11:25:09.556Z
DEMO-DEV-8207,101,2026-09-07T18:25:30.063Z
DEMO-DEV-8216,101,2026-09-20T00:40:48.568Z
DEMO-DEV-8247,101,2026-09-12T23:49:31.264Z
DEMO-DEV-8256,101,2026-09-24T14:40:39.443Z
DEMO-DEV-8284,101,2026-09-11T23:06:26.868Z
DEMO-DEV-8334,101,2026-09-21T22:35:35.884Z
DEMO-DEV-8356,101,2026-09-12T17:20:37.288Z
DEMO-DEV-8364,101,2026-09-10T06:16:56.867Z
DEMO-DEV-8365,101,2026-09-10T22:11:39.068Z
DEMO-DEV-8425,101,2026-09-30T07:49:49.825Z
DEMO-DEV-8430,101,2026-09-05T15:56:20.462Z
DEMO-DEV-8459,101,2026-09-15T22:51:47.913Z
DEMO-DEV-8464,101,2026-09-17T02:09:30.442Z
DEMO-DEV-8497,101,2026-09-21T23:48:22.027Z
DEMO-DEV-8518,101,2026-09-21T04:23:38.503Z
DEMO-DEV-8520,101,2026-09-05T10:46:58.846Z
DEMO-DEV-8542,101,2026-09-29T09:39:04.914Z
DEMO-DEV-8671,101,2026-09-29T10:09:53.568Z
DEMO-DEV-8674,101,2026-09-29T16:33:36.472Z
DEMO-DEV-8756,101,2026-09-26T18:25:47.402Z
DEMO-DEV-8764,101,2026-09-25T23:52:35.765Z
DEMO-DEV-8779,101,2026-09-16T21:05:41.992Z
DEMO-DEV-8781,101,2026-09-13T10:36:11.307Z
DEMO-DEV-8788,101,2026-09-06T17:29:12.863Z
DEMO-DEV-8796,101,2026-09-11T08:41:41.160Z
DEMO-DEV-8844,101,2026-09-09T14:03:30.230Z
DEMO-DEV-8851,101,2026-09-16T01:12:50.846Z
DEMO-DEV-8857,101,2026-09-06T05:57:45.865Z
DEMO-DEV-8973,101,2026-09-29T01:59:45.992Z
DEMO-DEV-8999,101,2026-09-19T20:32:34.503Z
DEMO-DEV-9004,101,2026-09-25T21:14:32.513Z
DEMO-DEV-9065,101,2026-09-19T16:35:27.246Z
DEMO-DEV-9092,101,2026-09-30T00:30:59.224Z
DEMO-DEV-9106,101,2026-09-17T03:10:59.503Z
DEMO-DEV-9139,101,2026-08-24T15:23:04.992Z
DEMO-DEV-9145,101,2026-09-26T01:51:31.037Z
DEMO-DEV-9181,101,2026-09-15T19:09:55.527Z
DEMO-DEV-9199,101,2026-09-22T08:33:36.415Z
DEMO-DEV-9329,101,2026-08-30T05:05:27.224Z
DEMO-DEV-9353,101,2026-09-04T22:39:20.655Z
DEMO-DEV-9366,101,2026-09-21T06:13:44.816Z
DEMO-DEV-9377,101,2026-09-26T10:20:07.648Z
DEMO-DEV-9382,101,2026-08-31T02:23:39.949Z
DEMO-DEV-9431,101,2026-09-08T17:38:34.037Z
DEMO-DEV-9499,101,2026-09-13T03:29:46.073Z
DEMO-DEV-9500,101,2026-09-29T11:44:45.365Z
DEMO-DEV-9519,101,2026-09-03T11:54:28.568Z
DEMO-DEV-9529,101,2026-09-08T14:18:36.557Z
DEMO-DEV-9546,101,2026-08-11T19:48:38.738Z
DEMO-DEV-9582,101,2026-09-20T04:25:03.885Z
DEMO-DEV-9602,101,2026-09-29T21:57:51.666Z
DEMO-DEV-9603,101,2026-09-19T11:26:07.738Z
DEMO-DEV-9647,101,2026-09-21T02:36:45.752Z
DEMO-DEV-9650,101,2026-09-28T12:42:58.891Z
DEMO-DEV-9700,101,2026-09-23T17:02:27.795Z
DEMO-DEV-9706,101,2026-09-24T16:30:26.992Z
DEMO-DEV-9784,101,2026-09-28T18:16:04.390Z
DEMO-DEV-9797,101,2026-09-24T02:24:33.224Z
DEMO-DEV-9805,101,2026-09-22T21:10:45.612Z
DEMO-DEV-9837,101,2026-09-29T21:50:57.497Z
DEMO-DEV-9905,101,2026-09-13T18:51:35.795Z
DEMO-DEV-9933,101,2026-09-29T03:01:04.236Z
DEMO-DEV-9971,101,2026-09-26T23:16:26.839Z
DEMO-DEV-9975,101,2026-09-26T11:50:28.150Z
DEMO-DEV-0043,100,2026-09-19T10:45:11.505Z
DEMO-DEV-0050,100,2026-08-26T07:11:35.636Z
DEMO-DEV-0148,100,2026-09-04T07:32:24.497Z
DEMO-DEV-0183,100,2026-09-29T11:44:09.319Z
DEMO-DEV-0191,100,2026-09-29T12:19:31.639Z
DEMO-DEV-0197,100,2026-09-29T17:30:24.836Z
DEMO-DEV-0207,100,2026-09-20T09:53:33.325Z
DEMO-DEV-0217,100,2026-07-27T18:46:38.511Z
DEMO-DEV-0250,100,2026-09-27T10:19:51.646Z
DEMO-DEV-0265,100,2026-09-24T13:55:54.646Z
DEMO-DEV-0292,100,2026-08-25T23:19:30.075Z
DEMO-DEV-0308,100,2026-09-17T21:24:45.415Z
DEMO-DEV-0322,100,2026-09-08T09:26:19.446Z
DEMO-DEV-0336,100,2026-09-29T16:41:51.190Z
DEMO-DEV-0349,100,2026-09-23T13:53:19.778Z
DEMO-DEV-0361,100,2026-09-08T23:07:46.786Z
DEMO-DEV-0371,100,2026-09-17T21:08:33.914Z
DEMO-DEV-0384,100,2026-09-02T12:27:11.252Z
DEMO-DEV-0394,100,2026-09-24T18:51:05.246Z
DEMO-DEV-0420,100,2026-08-25T10:09:47.230Z
DEMO-DEV-0425,100,2026-09-26T15:43:57.165Z
DEMO-DEV-0437,100,2026-09-29T18:23:25.584Z
DEMO-DEV-0492,100,2026-09-16T11:28:44.120Z
DEMO-DEV-0503,100,2026-09-28T11:29:34.793Z
DEMO-DEV-0526,100,2026-08-29T07:57:27.315Z
DEMO-DEV-0527,100,2026-09-09T09:50:20.505Z
DEMO-DEV-0602,100,2026-08-25T10:53:24.015Z
DEMO-DEV-0612,100,2026-09-26T07:51:23.394Z
DEMO-DEV-0623,100,2026-09-17T18:25:24.155Z
DEMO-DEV-0639,100,2026-08-10T08:02:01.950Z
DEMO-DEV-0641,100,2026-08-01T16:56:37.523Z
DEMO-DEV-0662,100,2026-09-15T08:55:42.394Z
DEMO-DEV-0663,100,2026-08-26T16:01:40.415Z
DEMO-DEV-0671,100,2026-09-07T07:53:07.719Z
DEMO-DEV-0685,100,2026-09-29T07:23:02.403Z
DEMO-DEV-0722,100,2026-09-10T18:50:33.618Z
DEMO-DEV-0741,100,2026-09-30T05:53:51.792Z
DEMO-DEV-0771,100,2026-09-24T19:42:55.428Z
DEMO-DEV-0778,100,2026-09-20T06:27:42.873Z
DEMO-DEV-0795,100,2026-07-25T03:18:54.246Z
DEMO-DEV-0798,100,2026-09-15T06:04:21.786Z
DEMO-DEV-0808,100,2026-08-22T19:30:54.139Z
DEMO-DEV-0821,100,2026-09-27T11:32:08.250Z
DEMO-DEV-0861,100,2026-09-15T04:52:21.891Z
DEMO-DEV-0910,100,2026-09-23T15:58:58.702Z
DEMO-DEV-0932,100,2026-09-27T18:30:26.003Z
DEMO-DEV-0963,100,2026-09-25T03:05:04.513Z
DEMO-DEV-1074,100,2026-09-27T22:02:47.080Z
DEMO-DEV-1076,100,2026-09-26T17:08:15.527Z
DEMO-DEV-1104,100,2026-09-25T05:35:09.315Z
DEMO-DEV-1171,100,2026-09-26T21:45:40.778Z
DEMO-DEV-1226,100,2026-09-22T18:21:53.204Z
DEMO-DEV-1245,100,2026-09-18T02:18:12.676Z
DEMO-DEV-1281,100,2026-09-13T03:01:45.204Z
DEMO-DEV-1291,100,2026-09-28T14:33:59.345Z
DEMO-DEV-1344,100,2026-09-20T10:21:05.409Z
DEMO-DEV-1349,100,2026-09-17T16:15:25.817Z
DEMO-DEV-1379,100,2026-09-19T01:14:40.172Z
DEMO-DEV-1409,100,2026-09-25T00:55:30.352Z
DEMO-DEV-1434,100,2026-09-13T23:52:56.037Z
DEMO-DEV-1466,100,2026-09-20T07:20:46.842Z
DEMO-DEV-1494,100,2026-09-17T00:36:55.236Z
DEMO-DEV-1495,100,2026-09-08T04:00:56.319Z
DEMO-DEV-1497,100,2026-09-09T12:44:37.150Z
DEMO-DEV-1508,100,2026-09-26T11:42:11.319Z
DEMO-DEV-1551,100,2026-08-26T09:53:11.556Z
DEMO-DEV-1562,100,2026-09-23T14:58:10.836Z
DEMO-DEV-1565,100,2026-09-20T23:03:20.226Z
DEMO-DEV-1580,100,2026-09-05T04:09:27.288Z
DEMO-DEV-1594,100,2026-09-26T08:54:43.254Z
DEMO-DEV-1645,100,2026-07-31T15:47:41.394Z
DEMO-DEV-1648,100,2026-08-23T18:23:47.289Z
DEMO-DEV-1651,100,2026-09-14T15:04:52.653Z
DEMO-DEV-1700,100,2026-08-15T22:23:19.926Z
DEMO-DEV-1753,100,2026-09-21T00:03:36.189Z
DEMO-DEV-1757,100,2026-09-25T04:36:15.004Z
DEMO-DEV-1773,100,2026-09-19T23:29:46.989Z
DEMO-DEV-1776,100,2026-09-14T21:09:43.668Z
DEMO-DEV-1777,100,2026-09-21T14:40:40.993Z
DEMO-DEV-1789,100,2026-09-28T04:39:48.211Z
DEMO-DEV-1791,100,2026-09-20T23:43:19.782Z
DEMO-DEV-1815,100,2026-09-28T15:04:40.503Z
DEMO-DEV-1839,100,2026-09-29T10:55:57.976Z
DEMO-DEV-1866,100,2026-09-26T08:52:31.639Z
DEMO-DEV-1950,100,2026-09-27T08:30:50.948Z
DEMO-DEV-1969,100,2026-09-24T03:22:42.352Z
DEMO-DEV-1999,100,2026-09-13T02:03:50.063Z
DEMO-DEV-2004,100,2026-09-11T05:02:15.428Z
DEMO-DEV-2052,100,2026-09-12T10:30:27.134Z
DEMO-DEV-2081,100,2026-09-18T02:20:51.026Z
DEMO-DEV-2086,100,2026-09-06T20:03:13.824Z
DEMO-DEV-2109,100,2026-09-09T21:34:09.873Z
DEMO-DEV-2139,100,2026-09-26T02:10:14.591Z
DEMO-DEV-2166,100,2026-09-23T23:34:33.368Z
DEMO-DEV-2224,100,2026-08-26T21:58:40.254Z
DEMO-DEV-2238,100,2026-08-17T09:33:24.472Z
DEMO-DEV-2258,100,2026-09-10T08:47:00.443Z
DEMO-DEV-2266,100,2026-09-26T19:10:10.308Z
DEMO-DEV-2286,100,2026-09-29T01:00:00.370Z
DEMO-DEV-2324,100,2026-09-06T23:06:10.397Z
DEMO-DEV-2329,100,2026-09-27T06:47:31.272Z
DEMO-DEV-2369,100,2026-09-11T10:42:30.929Z
DEMO-DEV-2395,100,2026-08-03T09:18:48.527Z
DEMO-DEV-2402,100,2026-09-27T06:05:35.607Z
DEMO-DEV-2411,100,2026-09-27T06:03:47.208Z
DEMO-DEV-2455,100,2026-06-28T17:50:29.208Z
DEMO-DEV-2524,100,2026-09-04T16:03:38.599Z
DEMO-DEV-2548,100,2026-09-18T09:59:36.442Z
DEMO-DEV-2597,100,2026-08-04T14:17:36.057Z
DEMO-DEV-2702,100,2026-09-27T20:21:38.460Z
DEMO-DEV-2722,100,2026-09-25T17:31:06.211Z
DEMO-DEV-2725,100,2026-09-26T10:02:07.612Z
DEMO-DEV-2726,100,2026-09-27T06:30:47.057Z
DEMO-DEV-2743,100,2026-09-03T05:53:52.462Z
DEMO-DEV-2753,100,2026-09-28T05:13:56.211Z
DEMO-DEV-2774,100,2026-08-22T14:19:52.307Z
DEMO-DEV-2823,100,2026-09-25T06:14:02.987Z
DEMO-DEV-2830,100,2026-09-16T23:08:06.778Z
DEMO-DEV-2837,100,2026-09-12T03:31:41.298Z
DEMO-DEV-2840,100,2026-09-29T06:42:55.139Z
DEMO-DEV-2867,100,2026-09-27T21:06:47.993Z
DEMO-DEV-2884,100,2026-09-02T21:29:01.870Z
DEMO-DEV-2885,100,2026-09-21T22:22:13.714Z
DEMO-DEV-2960,100,2026-09-20T23:31:36.466Z
DEMO-DEV-2971,100,2026-09-18T02:53:40.688Z
DEMO-DEV-3022,100,2026-09-24T02:18:45.218Z
DEMO-DEV-3045,100,2026-08-14T12:03:05.493Z
DEMO-DEV-3063,100,2026-09-29T12:12:32.682Z
DEMO-DEV-3066,100,2026-09-29T01:16:40.817Z
DEMO-DEV-3195,100,2026-09-16T02:14:09.523Z
DEMO-DEV-3225,100,2026-09-15T19:19:35.238Z
DEMO-DEV-3251,100,2026-09-09T11:25:37.968Z
DEMO-DEV-3259,100,2026-09-18T03:18:40.289Z
DEMO-DEV-3269,100,2026-08-30T18:49:27.578Z
DEMO-DEV-3273,100,2026-09-15T02:32:44.287Z
DEMO-DEV-3291,100,2026-09-14T05:06:13.446Z
DEMO-DEV-3311,100,2026-09-19T22:52:51.075Z
DEMO-DEV-3330,100,2026-09-24T01:47:57.599Z
DEMO-DEV-3351,100,2026-09-25T11:11:22.618Z
DEMO-DEV-3370,100,2026-09-24T20:54:37.870Z
DEMO-DEV-3372,100,2026-09-11T11:25:45.584Z
DEMO-DEV-3377,100,2026-08-28T17:18:29.211Z
DEMO-DEV-3378,100,2026-08-27T19:49:26.948Z
DEMO-DEV-3393,100,2026-09-28T13:43:18.864Z
DEMO-DEV-3438,100,2026-09-18T09:43:28.021Z
DEMO-DEV-3443,100,2026-09-24T16:22:59.786Z
DEMO-DEV-3480,100,2026-09-24T01:43:56.080Z
DEMO-DEV-3481,100,2026-09-26T06:38:34.428Z
DEMO-DEV-3496,100,2026-09-29T09:05:09.989Z
DEMO-DEV-3518,100,2026-09-24T18:11:48.204Z
DEMO-DEV-3525,100,2026-09-29T10:38:22.557Z
DEMO-DEV-3573,100,2026-09-23T21:03:50.024Z
DEMO-DEV-3584,100,2026-09-03T12:45:22.864Z
DEMO-DEV-3596,100,2026-08-09T01:54:15.948Z
DEMO-DEV-3606,100,2026-09-04T13:41:18.682Z
DEMO-DEV-3640,100,2026-06-19T17:23:52.859Z
DEMO-DEV-3659,100,2026-09-16T09:30:20.668Z
DEMO-DEV-3660,100,2026-09-23T20:24:48.027Z
DEMO-DEV-3670,100,2026-09-16T04:19:17.765Z
DEMO-DEV-3719,100,2026-09-20T22:43:56.307Z
DEMO-DEV-3741,100,2026-09-27T04:34:06.224Z
DEMO-DEV-3748,100,2026-09-18T05:21:13.836Z
DEMO-DEV-3778,100,2026-09-25T07:45:51.892Z
DEMO-DEV-3832,100,2026-09-27T23:48:00.784Z
DEMO-DEV-3838,100,2026-09-10T22:40:40.914Z
DEMO-DEV-3851,100,2026-09-24T10:41:54.003Z
DEMO-DEV-3852,100,2026-08-30T17:43:31.003Z
DEMO-DEV-3873,100,2026-09-27T20:13:04.503Z
DEMO-DEV-3879,100,2026-09-29T21:59:56.023Z
DEMO-DEV-3927,100,2026-09-26T19:46:39.987Z
DEMO-DEV-3946,100,2026-09-26T10:17:08.485Z
DEMO-DEV-3961,100,2026-09-30T01:57:11.597Z
DEMO-DEV-4015,100,2026-09-26T18:03:00.224Z
DEMO-DEV-4042,100,2026-09-18T12:57:31.287Z
DEMO-DEV-4108,100,2026-09-28T06:37:55.442Z
DEMO-DEV-4110,100,2026-07-26T13:46:48.537Z
DEMO-DEV-4153,100,2026-09-26T00:59:04.068Z
DEMO-DEV-4160,100,2026-09-07T16:11:32.710Z
DEMO-DEV-4172,100,2026-09-27T15:16:32.370Z
DEMO-DEV-4203,100,2026-09-28T07:01:38.442Z
DEMO-DEV-4208,100,2026-09-28T11:10:57.926Z
DEMO-DEV-4264,100,2026-09-01T21:17:22.508Z
DEMO-DEV-4287,100,2026-09-20T05:25:31.877Z
DEMO-DEV-4300,100,2026-09-23T08:08:29.288Z
DEMO-DEV-4323,100,2026-09-17T03:09:26.987Z
DEMO-DEV-4383,100,2026-09-29T21:49:24.077Z
DEMO-DEV-4396,100,2026-09-27T11:07:04.428Z
DEMO-DEV-4449,100,2026-09-21T21:54:35.607Z
DEMO-DEV-4461,100,2026-09-27T02:06:36.224Z
DEMO-DEV-4500,100,2026-09-30T01:52:05.403Z
DEMO-DEV-4521,100,2026-09-08T00:02:50.024Z
DEMO-DEV-4577,100,2026-09-26T13:48:21.485Z
DEMO-DEV-4654,100,2026-09-23T01:06:09.863Z
DEMO-DEV-4708,100,2026-09-30T08:18:00.676Z
DEMO-DEV-4773,100,2026-09-09T22:40:47.226Z
DEMO-DEV-4776,100,2026-09-07T17:54:40.014Z
DEMO-DEV-4820,100,2026-08-18T15:51:59.345Z
DEMO-DEV-4838,100,2026-09-19T18:18:16.073Z
DEMO-DEV-4855,100,2026-09-24T04:04:32.246Z
DEMO-DEV-4861,100,2026-09-24T19:41:26.226Z
DEMO-DEV-4900,100,2026-09-19T16:11:50.038Z
DEMO-DEV-4915,100,2026-09-22T16:43:43.618Z
DEMO-DEV-4966,100,2026-08-17T19:46:46.915Z
DEMO-DEV-5052,100,2026-09-06T14:28:01.460Z
DEMO-DEV-5070,100,2026-08-18T14:29:22.409Z
DEMO-DEV-5075,100,2026-09-25T15:13:03.784Z
DEMO-DEV-5090,100,2026-09-16T22:40:52.976Z
DEMO-DEV-5161,100,2026-09-15T09:06:32.825Z
DEMO-DEV-5168,100,2026-09-06T00:21:31.682Z
DEMO-DEV-5169,100,2026-09-07T13:14:52.870Z
DEMO-DEV-5190,100,2026-09-25T13:46:38.120Z
DEMO-DEV-5204,100,2026-09-10T00:36:28.793Z
DEMO-DEV-5230,100,2026-09-13T09:02:17.300Z
DEMO-DEV-5345,100,2026-09-25T10:24:20.204Z
DEMO-DEV-5366,100,2026-09-27T14:08:32.754Z
DEMO-DEV-5403,100,2026-09-25T10:33:20.806Z
DEMO-DEV-5486,100,2026-09-24T14:20:15.172Z
DEMO-DEV-5512,100,2026-09-08T22:45:48.221Z
DEMO-DEV-5525,100,2026-09-22T10:01:23.658Z
DEMO-DEV-5530,100,2026-09-19T16:36:13.839Z
DEMO-DEV-5551,100,2026-09-12T03:08:33.666Z
DEMO-DEV-5559,100,2026-09-22T11:45:48.428Z
DEMO-DEV-5574,100,2026-09-14T10:54:39.337Z
DEMO-DEV-5592,100,2026-09-11T20:08:41.250Z
DEMO-DEV-5630,100,2026-09-15T21:52:24.208Z
DEMO-DEV-5638,100,2026-09-23T19:31:42.891Z
DEMO-DEV-5709,100,2026-09-28T04:11:47.307Z
DEMO-DEV-5720,100,2026-09-20T03:01:30.692Z
DEMO-DEV-5760,100,2026-09-12T07:37:29.511Z
DEMO-DEV-5765,100,2026-09-24T14:02:29.989Z
DEMO-DEV-5770,100,2026-09-16T14:27:59.366Z
DEMO-DEV-5774,100,2026-09-10T18:13:27.817Z
DEMO-DEV-5780,100,2026-09-15T16:27:46.287Z
DEMO-DEV-5811,100,2026-09-13T17:41:42.493Z
DEMO-DEV-5816,100,2026-09-29T16:01:01.308Z
DEMO-DEV-5819,100,2026-09-25T17:10:19.272Z
DEMO-DEV-5823,100,2026-09-22T13:59:45.752Z
DEMO-DEV-5871,100,2026-09-30T01:47:47.917Z
DEMO-DEV-5887,100,2026-09-21T17:56:41.370Z
DEMO-DEV-5926,100,2026-08-25T17:40:24.784Z
DEMO-DEV-5952,100,2026-09-16T19:03:22.682Z
DEMO-DEV-5986,100,2026-09-26T11:47:46.524Z
DEMO-DEV-6013,100,2026-09-28T21:48:56.021Z
DEMO-DEV-6040,100,2026-08-08T10:14:18.234Z
DEMO-DEV-6074,100,2026-09-20T03:29:01.863Z
DEMO-DEV-6077,100,2026-09-26T14:55:37.710Z
DEMO-DEV-6124,100,2026-09-26T20:00:22.863Z
DEMO-DEV-6125,100,2026-09-12T08:05:44.841Z
DEMO-DEV-6163,100,2026-09-27T13:41:38.842Z
DEMO-DEV-6180,100,2026-09-14T00:49:22.394Z
DEMO-DEV-6201,100,2026-09-26T17:57:08.661Z
DEMO-DEV-6220,100,2026-09-28T00:02:08.503Z
DEMO-DEV-6245,100,2026-09-29T02:49:46.485Z
DEMO-DEV-6259,100,2026-09-16T04:22:57.913Z
DEMO-DEV-6312,100,2026-09-12T08:58:52.557Z
DEMO-DEV-6358,100,2026-09-23T20:27:18.027Z
DEMO-DEV-6393,100,2026-09-23T16:28:19.868Z
DEMO-DEV-6398,100,2026-08-12T04:33:57.816Z
DEMO-DEV-6411,100,2026-08-08T11:12:19.442Z
DEMO-DEV-6419,100,2026-08-16T03:19:49.976Z
DEMO-DEV-6467,100,2026-08-05T17:57:38.403Z
DEMO-DEV-6473,100,2026-09-29T22:22:01.859Z
DEMO-DEV-6540,100,2026-08-01T03:54:43.868Z
DEMO-DEV-6600,100,2026-09-22T17:16:41.403Z
DEMO-DEV-6601,100,2026-08-06T01:22:57.225Z
DEMO-DEV-6675,100,2026-09-29T01:14:58.352Z
DEMO-DEV-6723,100,2026-09-15T01:28:41.225Z
DEMO-DEV-6732,100,2026-09-02T07:36:27.302Z
DEMO-DEV-6734,100,2026-09-19T16:18:38.646Z
DEMO-DEV-6748,100,2026-08-21T05:36:06.752Z
DEMO-DEV-6802,100,2026-09-04T03:27:40.226Z
DEMO-DEV-6827,100,2026-09-25T08:47:09.646Z
DEMO-DEV-6854,100,2026-09-27T01:06:00.555Z
DEMO-DEV-7000,100,2026-09-23T23:58:07.646Z
DEMO-DEV-7027,100,2026-09-11T13:51:37.298Z
DEMO-DEV-7044,100,2026-08-30T18:08:21.172Z
DEMO-DEV-7052,100,2026-09-17T15:45:24.785Z
DEMO-DEV-7066,100,2026-09-20T07:31:34.793Z
DEMO-DEV-7144,100,2026-09-21T22:13:16.120Z
DEMO-DEV-7160,100,2026-09-28T17:44:31.150Z
DEMO-DEV-7170,100,2026-09-20T10:51:46.232Z
DEMO-DEV-7178,100,2026-09-11T20:47:11.992Z
DEMO-DEV-7187,100,2026-09-13T04:31:45.653Z
DEMO-DEV-7188,100,2026-09-30T01:03:54.222Z
DEMO-DEV-7199,100,2026-09-27T21:58:59.839Z
DEMO-DEV-7208,100,2026-09-27T19:48:02.555Z
DEMO-DEV-7255,100,2026-09-25T17:55:33.289Z
DEMO-DEV-7268,100,2026-07-24T08:13:13.291Z
DEMO-DEV-7295,100,2026-09-23T01:54:25.307Z
DEMO-DEV-7299,100,2026-09-17T03:41:27.037Z
DEMO-DEV-7328,100,2026-09-30T03:57:39.077Z
DEMO-DEV-7329,100,2026-09-11T06:27:55.738Z
DEMO-DEV-7331,100,2026-09-23T18:09:36.325Z
DEMO-DEV-7367,100,2026-09-30T02:46:05.014Z
DEMO-DEV-7388,100,2026-08-21T10:13:21.618Z
DEMO-DEV-7403,100,2026-09-21T11:46:03.192Z
DEMO-DEV-7436,100,2026-09-12T01:42:10.873Z
DEMO-DEV-7440,100,2026-09-25T17:58:28.208Z
DEMO-DEV-7453,100,2026-09-26T20:22:07.026Z
DEMO-DEV-7560,100,2026-09-27T05:59:20.843Z
DEMO-DEV-7594,100,2026-09-17T08:58:55.037Z
DEMO-DEV-7653,100,2026-09-26T23:54:32.914Z
DEMO-DEV-7659,100,2026-09-21T03:33:15.394Z
DEMO-DEV-7679,100,2026-08-09T05:35:29.224Z
DEMO-DEV-7740,100,2026-09-17T03:51:19.884Z
DEMO-DEV-7786,100,2026-09-28T10:08:37.914Z
DEMO-DEV-7849,100,2026-09-05T17:35:01.264Z
DEMO-DEV-7856,100,2026-09-16T16:12:38.917Z
DEMO-DEV-7878,100,2026-09-27T12:20:56.702Z
DEMO-DEV-7922,100,2026-09-08T10:43:12.428Z
DEMO-DEV-7931,100,2026-09-27T22:42:51.040Z
DEMO-DEV-7954,100,2026-09-16T13:00:45.863Z
DEMO-DEV-7994,100,2026-09-21T17:20:35.455Z
DEMO-DEV-8022,100,2026-09-29T13:18:41.037Z
DEMO-DEV-8025,100,2026-08-22T14:02:03.394Z
DEMO-DEV-8057,100,2026-08-18T23:00:52.864Z
DEMO-DEV-8074,100,2026-09-13T02:52:13.291Z
DEMO-DEV-8075,100,2026-09-04T21:42:55.949Z
DEMO-DEV-8143,100,2026-09-25T12:26:14.446Z
DEMO-DEV-8160,100,2026-08-25T21:29:12.867Z
DEMO-DEV-8229,100,2026-09-25T03:58:04.599Z
DEMO-DEV-8239,100,2026-09-23T12:40:39.394Z
DEMO-DEV-8319,100,2026-09-21T09:49:28.168Z
DEMO-DEV-8375,100,2026-09-28T14:50:13.138Z
DEMO-DEV-8455,100,2026-09-22T14:00:47.221Z
DEMO-DEV-8492,100,2026-09-28T11:38:18.965Z
DEMO-DEV-8505,100,2026-09-15T10:16:02.965Z
DEMO-DEV-8514,100,2026-09-26T14:57:54.442Z
DEMO-DEV-8525,100,2026-09-14T04:01:25.846Z
DEMO-DEV-8531,100,2026-09-23T05:36:47.021Z
DEMO-DEV-8543,100,2026-09-20T11:48:29.702Z
DEMO-DEV-8588,100,2026-09-22T19:10:24.470Z
DEMO-DEV-8590,100,2026-09-23T06:31:09.024Z
DEMO-DEV-8606,100,2026-09-05T09:32:35.003Z
DEMO-DEV-8696,100,2026-08-25T00:38:05.842Z
DEMO-DEV-8716,100,2026-09-19T10:48:02.155Z
DEMO-DEV-8721,100,2026-08-19T23:59:48.337Z
DEMO-DEV-8723,100,2026-09-28T20:40:51.150Z
DEMO-DEV-8805,100,2026-09-27T16:47:39.914Z
DEMO-DEV-8859,100,2026-09-27T09:51:47.073Z
DEMO-DEV-8864,100,2026-07-28T04:16:18.428Z
DEMO-DEV-8882,100,2026-09-14T02:15:50.842Z
DEMO-DEV-8896,100,2026-08-25T04:55:37.397Z
DEMO-DEV-8898,100,2026-09-16T17:27:28.302Z
DEMO-DEV-9011,100,2026-09-28T01:48:25.298Z
DEMO-DEV-9012,100,2026-08-27T13:27:41.087Z
DEMO-DEV-9034,100,2026-09-25T20:21:07.976Z
DEMO-DEV-9080,100,2026-09-26T11:49:08.976Z
DEMO-DEV-9113,100,2026-09-27T09:10:16.597Z
DEMO-DEV-9117,100,2026-09-16T20:13:25.253Z
DEMO-DEV-9160,100,2026-09-11T15:14:25.075Z
DEMO-DEV-9174,100,2026-09-17T02:53:35.234Z
DEMO-DEV-9180,100,2026-09-29T04:09:38.366Z
DEMO-DEV-9195,100,2026-09-23T05:02:38.795Z
DEMO-DEV-9213,100,2026-09-23T22:30:39.354Z
DEMO-DEV-9223,100,2026-09-22T13:50:51.319Z
DEMO-DEV-9249,100,2026-09-05T18:51:28.913Z
DEMO-DEV-9256,100,2026-09-29T09:03:12.302Z
DEMO-DEV-9275,100,2026-09-20T19:42:22.004Z
DEMO-DEV-9301,100,2026-09-20T14:32:14.966Z
DEMO-DEV-9331,100,2026-09-25T09:25:55.428Z
DEMO-DEV-9375,100,2026-09-18T13:33:53.120Z
DEMO-DEV-9438,100,2026-09-19T06:08:05.234Z
DEMO-DEV-9441,100,2026-09-24T18:59:40.192Z
DEMO-DEV-9461,100,2026-08-29T21:36:28.354Z
DEMO-DEV-9479,100,2026-09-03T19:21:48.646Z
DEMO-DEV-9494,100,2026-09-28T00:07:32.500Z
DEMO-DEV-9501,100,2026-09-25T13:43:03.366Z
DEMO-DEV-9507,100,2026-09-28T11:11:15.409Z
DEMO-DEV-9514,100,2026-09-26T04:30:45.846Z
DEMO-DEV-9517,100,2026-09-23T06:04:17.455Z
DEMO-DEV-9534,100,2026-09-13T22:13:46.300Z
DEMO-DEV-9538,100,2026-09-06T08:19:27.014Z
DEMO-DEV-9596,100,2026-09-09T05:23:39.409Z
DEMO-DEV-9642,100,2026-08-11T01:27:43.402Z
DEMO-DEV-9684,100,2026-09-20T14:40:02.816Z
DEMO-DEV-9689,100,2026-09-21T02:32:27.785Z
DEMO-DEV-9695,100,2026-09-26T20:42:31.443Z
DEMO-DEV-9733,100,2026-09-28T22:10:18.337Z
DEMO-DEV-9764,100,2026-09-27T17:34:45.023Z
DEMO-DEV-9785,100,2026-09-21T16:29:58.409Z
DEMO-DEV-9855,100,2026-09-15T22:42:56.337Z
DEMO-DEV-9864,100,2026-09-13T12:26:11.851Z
DEMO-DEV-9873,100,2026-09-24T20:41:17.139Z
DEMO-DEV-9908,100,2026-09-16T11:51:01.004Z
DEMO-DEV-9916,100,2026-09-18T02:29:51.989Z
DEMO-DEV-9948,100,2026-08-09T01:21:05.134Z
DEMO-DEV-9958,100,2026-09-09T15:42:41.307Z
DEMO-DEV-9963,100,2026-09-24T22:16:21.370Z
DEMO-DEV-9993,100,2026-08-14T22:05:18.975Z
DEMO-DEV-0005,99,2026-09-28T19:10:06.868Z
DEMO-DEV-0033,99,2026-09-28T02:47:48.357Z
DEMO-DEV-0062,99,2026-08-24T03:35:41.839Z
DEMO-DEV-0075,99,2026-09-29T21:53:40.139Z
DEMO-DEV-0085,99,2026-09-11T07:52:34.557Z
DEMO-DEV-0100,99,2026-09-29T07:13:48.470Z
DEMO-DEV-0132,99,2026-09-26T19:18:00.402Z
DEMO-DEV-0186,99,2026-09-02T10:42:23.460Z
DEMO-DEV-0187,99,2026-09-05T21:34:54.782Z
DEMO-DEV-0225,99,2026-08-31T05:35:23.120Z
DEMO-DEV-0233,99,2026-09-09T17:45:00.646Z
DEMO-DEV-0241,99,2026-09-14T23:30:13.138Z
DEMO-DEV-0252,99,2026-09-30T05:15:45.778Z
DEMO-DEV-0305,99,2026-09-08T18:13:25.390Z
DEMO-DEV-0352,99,2026-09-21T14:44:27.462Z
DEMO-DEV-0363,99,2026-09-17T19:54:09.668Z
DEMO-DEV-0365,99,2026-09-21T03:57:10.668Z
DEMO-DEV-0393,99,2026-09-26T04:35:49.352Z
DEMO-DEV-0439,99,2026-09-16T22:35:28.917Z
DEMO-DEV-0447,99,2026-09-28T08:09:42.785Z
DEMO-DEV-0483,99,2026-09-11T19:52:19.535Z
DEMO-DEV-0508,99,2026-09-28T01:10:42.172Z
DEMO-DEV-0518,99,2026-09-14T02:01:12.864Z
DEMO-DEV-0553,99,2026-09-23T10:57:51.885Z
DEMO-DEV-0572,99,2026-09-10T21:32:17.472Z
DEMO-DEV-0604,99,2026-09-26T20:51:42.225Z
DEMO-DEV-0613,99,2026-09-16T00:04:00.811Z
DEMO-DEV-0616,99,2026-09-26T15:34:32.668Z
DEMO-DEV-0629,99,2026-09-22T08:22:59.226Z
DEMO-DEV-0636,99,2026-07-17T06:21:34.786Z
DEMO-DEV-0665,99,2026-09-28T10:20:20.824Z
DEMO-DEV-0668,99,2026-08-09T22:28:10.493Z
DEMO-DEV-0673,99,2026-09-28T00:54:14.224Z
DEMO-DEV-0690,99,2026-09-27T05:13:38.987Z
DEMO-DEV-0697,99,2026-09-17T14:43:16.352Z
DEMO-DEV-0727,99,2026-09-11T01:43:54.291Z
DEMO-DEV-0733,99,2026-08-18T23:08:28.466Z
DEMO-DEV-0742,99,2026-09-23T13:24:23.842Z
DEMO-DEV-0745,99,2026-09-01T03:27:22.926Z
DEMO-DEV-0755,99,2026-08-28T05:08:39.668Z
DEMO-DEV-0774,99,2026-09-29T05:12:17.307Z
DEMO-DEV-0784,99,2026-09-21T01:48:19.004Z
DEMO-DEV-0896,99,2026-09-12T16:26:15.870Z
DEMO-DEV-0950,99,2026-09-01T02:23:48.929Z
DEMO-DEV-0954,99,2026-09-20T05:43:22.513Z
DEMO-DEV-0982,99,2026-09-05T00:42:09.134Z
DEMO-DEV-1023,99,2026-09-17T06:50:04.702Z
DEMO-DEV-1073,99,2026-09-27T14:21:37.264Z
DEMO-DEV-1112,99,2026-09-28T08:20:13.224Z
DEMO-DEV-1134,99,2026-09-21T22:08:59.527Z
DEMO-DEV-1159,99,2026-09-30T03:25:31.914Z
DEMO-DEV-1163,99,2026-09-29T06:27:26.976Z
DEMO-DEV-1194,99,2026-09-25T23:55:01.692Z
DEMO-DEV-1205,99,2026-09-24T19:05:36.004Z
DEMO-DEV-1223,99,2026-09-25T00:25:45.661Z
DEMO-DEV-1224,99,2026-09-25T16:18:58.234Z
DEMO-DEV-1252,99,2026-09-28T23:30:38.537Z
DEMO-DEV-1272,99,2026-09-19T03:02:46.160Z
DEMO-DEV-1278,99,2026-09-20T20:22:04.778Z
DEMO-DEV-1279,99,2026-09-08T09:04:39.784Z
DEMO-DEV-1283,99,2026-09-25T17:32:25.027Z
DEMO-DEV-1352,99,2026-09-17T02:16:53.319Z
DEMO-DEV-1383,99,2026-09-24T02:10:36.568Z
DEMO-DEV-1395,99,2026-09-13T01:53:02.003Z
DEMO-DEV-1400,99,2026-08-22T23:09:19.150Z
DEMO-DEV-1478,99,2026-09-25T12:23:42.949Z
DEMO-DEV-1484,99,2026-09-12T23:19:55.989Z
DEMO-DEV-1533,99,2026-09-24T22:17:22.403Z
DEMO-DEV-1548,99,2026-09-04T16:22:29.513Z
DEMO-DEV-1557,99,2026-09-21T00:56:41.173Z
DEMO-DEV-1578,99,2026-09-27T14:03:36.337Z
DEMO-DEV-1588,99,2026-09-13T08:52:06.795Z
DEMO-DEV-1613,99,2026-08-26T10:21:54.239Z
DEMO-DEV-1614,99,2026-09-09T23:32:16.992Z
DEMO-DEV-1672,99,2026-09-24T08:18:01.080Z
DEMO-DEV-1688,99,2026-09-26T00:54:25.976Z
DEMO-DEV-1739,99,2026-09-14T06:35:53.639Z
DEMO-DEV-1744,99,2026-09-24T10:16:24.784Z
DEMO-DEV-1795,99,2026-09-15T17:47:18.795Z
DEMO-DEV-1796,99,2026-09-21T05:53:17.026Z
DEMO-DEV-1811,99,2026-09-20T14:20:34.497Z
DEMO-DEV-1834,99,2026-09-28T13:11:39.272Z
DEMO-DEV-1868,99,2026-09-29T07:26:49.173Z
DEMO-DEV-1873,99,2026-09-22T11:22:17.403Z
DEMO-DEV-1894,99,2026-09-27T06:07:16.545Z
DEMO-DEV-1930,99,2026-09-24T03:39:28.302Z
DEMO-DEV-1961,99,2026-09-14T00:04:15.915Z
DEMO-DEV-1967,99,2026-09-27T08:07:18.503Z
DEMO-DEV-1981,99,2026-09-18T05:47:07.537Z
DEMO-DEV-2018,99,2026-09-16T07:57:50.817Z
DEMO-DEV-2035,99,2026-09-14T04:34:55.167Z
DEMO-DEV-2053,99,2026-08-22T22:16:22.974Z
DEMO-DEV-2156,99,2026-09-12T23:56:37.545Z
DEMO-DEV-2205,99,2026-08-30T16:06:58.556Z
DEMO-DEV-2221,99,2026-09-03T12:42:14.817Z
DEMO-DEV-2236,99,2026-09-03T00:55:24.795Z
DEMO-DEV-2267,99,2026-09-12T17:46:17.682Z
DEMO-DEV-2289,99,2026-09-19T06:27:45.605Z
DEMO-DEV-2294,99,2026-09-08T19:19:24.846Z
DEMO-DEV-2295,99,2026-09-24T03:35:08.929Z
DEMO-DEV-2334,99,2026-09-13T09:12:16.597Z
DEMO-DEV-2346,99,2026-09-23T11:05:11.080Z
DEMO-DEV-2357,99,2026-09-30T06:38:49.120Z
DEMO-DEV-2366,99,2026-09-18T20:57:32.352Z
DEMO-DEV-2368,99,2026-09-23T05:39:54.841Z
DEMO-DEV-2373,99,2026-09-25T20:36:41.224Z
DEMO-DEV-2374,99,2026-09-01T15:35:28.014Z
DEMO-DEV-2379,99,2026-09-19T14:47:35.523Z
DEMO-DEV-2397,99,2026-08-29T02:12:41.892Z
DEMO-DEV-2400,99,2026-09-19T01:43:24.224Z
DEMO-DEV-2439,99,2026-09-22T03:20:57.926Z
DEMO-DEV-2496,99,2026-09-09T09:33:15.948Z
DEMO-DEV-2499,99,2026-09-24T16:08:53.778Z
DEMO-DEV-2561,99,2026-09-30T00:12:40.239Z
DEMO-DEV-2583,99,2026-09-26T08:03:35.913Z
DEMO-DEV-2590,99,2026-09-29T22:51:29.246Z
DEMO-DEV-2596,99,2026-09-17T03:45:48.976Z
DEMO-DEV-2611,99,2026-09-14T08:50:40.864Z
DEMO-DEV-2618,99,2026-09-20T02:02:40.873Z
DEMO-DEV-2645,99,2026-09-03T09:33:49.799Z
DEMO-DEV-2674,99,2026-08-26T10:08:54.239Z
DEMO-DEV-2706,99,2026-09-03T18:49:31.618Z
DEMO-DEV-2751,99,2026-09-23T15:29:28.167Z
DEMO-DEV-2765,99,2026-09-14T19:55:04.370Z
DEMO-DEV-2779,99,2026-09-08T14:47:46.390Z
DEMO-DEV-2783,99,2026-09-24T16:34:43.253Z
DEMO-DEV-2787,99,2026-09-26T03:04:40.254Z
DEMO-DEV-2820,99,2026-09-10T21:49:49.462Z
DEMO-DEV-2848,99,2026-09-02T06:22:14.298Z
DEMO-DEV-2939,99,2026-09-28T21:53:01.226Z
DEMO-DEV-2952,99,2026-09-18T18:36:53.710Z
DEMO-DEV-2969,99,2026-09-16T18:55:50.225Z
DEMO-DEV-2983,99,2026-09-23T12:50:48.836Z
DEMO-DEV-3038,99,2026-09-14T12:22:23.345Z
DEMO-DEV-3108,99,2026-09-25T16:20:09.537Z
DEMO-DEV-3135,99,2026-08-08T01:29:23.409Z
DEMO-DEV-3143,99,2026-09-28T02:38:06.391Z
DEMO-DEV-3148,99,2026-09-06T08:09:39.867Z
DEMO-DEV-3200,99,2026-09-24T06:29:23.950Z
DEMO-DEV-3214,99,2026-09-25T08:05:51.368Z
DEMO-DEV-3249,99,2026-09-16T01:04:17.298Z
DEMO-DEV-3264,99,2026-08-27T10:37:27.816Z
DEMO-DEV-3414,99,2026-09-16T17:15:07.211Z
DEMO-DEV-3441,99,2026-09-30T06:34:58.949Z
DEMO-DEV-3500,99,2026-08-13T04:15:55.842Z
DEMO-DEV-3505,99,2026-09-28T04:56:00.225Z
DEMO-DEV-3512,99,2026-09-21T10:47:41.873Z
DEMO-DEV-3531,99,2026-09-21T16:00:30.264Z
DEMO-DEV-3610,99,2026-09-12T10:02:08.040Z
DEMO-DEV-3645,99,2026-09-22T16:22:53.584Z
DEMO-DEV-3650,99,2026-09-26T21:20:13.365Z
DEMO-DEV-3664,99,2026-09-21T21:57:22.077Z
DEMO-DEV-3666,99,2026-09-28T05:53:12.226Z
DEMO-DEV-3678,99,2026-09-07T01:37:33.851Z
DEMO-DEV-3688,99,2026-09-28T08:54:58.702Z
DEMO-DEV-3698,99,2026-09-29T13:32:49.120Z
DEMO-DEV-3771,99,2026-09-29T04:03:19.462Z
DEMO-DEV-3775,99,2026-09-28T11:12:33.225Z
DEMO-DEV-3822,99,2026-09-14T10:29:14.403Z
DEMO-DEV-3934,99,2026-09-23T23:52:34.612Z
DEMO-DEV-3990,99,2026-08-30T04:51:54.884Z
DEMO-DEV-3998,99,2026-09-21T09:57:50.189Z
DEMO-DEV-4011,99,2026-09-22T14:08:03.138Z
DEMO-DEV-4039,99,2026-09-22T17:31:17.851Z
DEMO-DEV-4081,99,2026-09-15T06:27:18.040Z
DEMO-DEV-4093,99,2026-09-28T01:15:58.287Z
DEMO-DEV-4104,99,2026-09-22T05:07:34.915Z
DEMO-DEV-4125,99,2026-09-08T14:08:45.073Z
DEMO-DEV-4128,99,2026-09-15T06:49:41.192Z
DEMO-DEV-4155,99,2026-09-28T17:40:00.597Z
DEMO-DEV-4204,99,2026-09-30T01:44:27.867Z
DEMO-DEV-4224,99,2026-09-27T14:13:04.865Z
DEMO-DEV-4257,99,2026-09-29T10:21:50.989Z
DEMO-DEV-4273,99,2026-08-31T03:13:06.219Z
DEMO-DEV-4305,99,2026-09-26T08:37:17.165Z
DEMO-DEV-4357,99,2026-09-24T14:13:46.352Z
DEMO-DEV-4375,99,2026-09-28T21:39:50.289Z
DEMO-DEV-4405,99,2026-09-28T08:49:56.221Z
DEMO-DEV-4411,99,2026-09-11T02:33:01.511Z
DEMO-DEV-4463,99,2026-09-27T14:13:02.003Z
DEMO-DEV-4481,99,2026-09-07T05:42:06.702Z
DEMO-DEV-4489,99,2026-09-30T07:53:58.167Z
DEMO-DEV-4510,99,2026-09-11T08:38:58.190Z
DEMO-DEV-4570,99,2026-09-15T17:43:10.470Z
DEMO-DEV-4574,99,2026-09-28T02:22:37.682Z
DEMO-DEV-4602,99,2026-08-23T06:56:31.816Z
DEMO-DEV-4606,99,2026-09-22T22:17:37.057Z
DEMO-DEV-4796,99,2026-09-26T07:18:31.068Z
DEMO-DEV-4801,99,2026-09-22T01:28:55.648Z
DEMO-DEV-4805,99,2026-09-24T09:16:27.319Z
DEMO-DEV-4857,99,2026-09-29T00:08:40.003Z
DEMO-DEV-4896,99,2026-09-25T18:44:07.500Z
DEMO-DEV-4926,99,2026-09-28T18:11:36.291Z
DEMO-DEV-4960,99,2026-09-23T23:37:45.038Z
DEMO-DEV-5015,99,2026-08-23T19:26:17.784Z
DEMO-DEV-5087,99,2026-09-20T14:17:27.864Z
DEMO-DEV-5209,99,2026-09-27T14:29:36.208Z
DEMO-DEV-5264,99,2026-09-21T06:00:06.607Z
DEMO-DEV-5308,99,2026-09-12T05:53:33.710Z
DEMO-DEV-5327,99,2026-09-28T22:22:21.636Z
DEMO-DEV-5359,99,2026-09-05T06:52:54.795Z
DEMO-DEV-5364,99,2026-09-07T13:30:55.073Z
DEMO-DEV-5380,99,2026-09-19T17:06:13.836Z
DEMO-DEV-5422,99,2026-09-24T01:43:52.415Z
DEMO-DEV-5476,99,2026-09-25T02:37:22.045Z
DEMO-DEV-5485,99,2026-08-26T06:21:40.397Z
DEMO-DEV-5518,99,2026-08-11T17:32:48.870Z
DEMO-DEV-5545,99,2026-09-21T11:19:39.891Z
DEMO-DEV-5548,99,2026-09-23T21:24:35.189Z
DEMO-DEV-5633,99,2026-09-23T10:06:17.090Z
DEMO-DEV-5710,99,2026-09-29T07:38:04.239Z
DEMO-DEV-5726,99,2026-09-05T18:49:47.841Z
DEMO-DEV-5750,99,2026-09-25T03:42:36.370Z
DEMO-DEV-5759,99,2026-09-02T21:05:29.402Z
DEMO-DEV-5777,99,2026-09-14T22:15:58.123Z
DEMO-DEV-5795,99,2026-09-09T07:58:06.168Z
DEMO-DEV-5799,99,2026-09-28T11:31:04.778Z
DEMO-DEV-5837,99,2026-09-25T00:15:58.597Z
DEMO-DEV-5899,99,2026-09-04T17:21:50.648Z
DEMO-DEV-5930,99,2026-09-20T16:46:17.658Z
DEMO-DEV-5933,99,2026-09-27T05:05:45.203Z
DEMO-DEV-5947,99,2026-08-16T07:31:06.139Z
DEMO-DEV-5979,99,2026-09-29T10:29:04.836Z
DEMO-DEV-6008,99,2026-09-17T00:36:59.738Z
DEMO-DEV-6019,99,2026-09-14T10:57:33.239Z
DEMO-DEV-6068,99,2026-09-19T04:59:46.120Z
DEMO-DEV-6110,99,2026-09-19T01:37:34.676Z
DEMO-DEV-6146,99,2026-09-08T21:50:46.804Z
DEMO-DEV-6147,99,2026-09-15T01:55:09.402Z
DEMO-DEV-6196,99,2026-09-26T00:39:33.090Z
DEMO-DEV-6268,99,2026-09-29T10:43:38.307Z
DEMO-DEV-6303,99,2026-09-30T06:14:56.786Z
DEMO-DEV-6333,99,2026-09-21T05:49:20.315Z
DEMO-DEV-6386,99,2026-09-28T16:07:42.513Z
DEMO-DEV-6479,99,2026-09-29T22:48:10.004Z
DEMO-DEV-6490,99,2026-09-30T04:18:04.298Z
DEMO-DEV-6549,99,2026-09-29T04:43:05.537Z
DEMO-DEV-6621,99,2026-09-25T10:58:55.523Z
DEMO-DEV-6626,99,2026-09-15T21:44:49.472Z
DEMO-DEV-6653,99,2026-09-22T14:29:30.523Z
DEMO-DEV-6666,99,2026-09-19T23:54:15.246Z
DEMO-DEV-6689,99,2026-08-30T09:39:47.843Z
DEMO-DEV-6709,99,2026-09-23T15:28:34.428Z
DEMO-DEV-6774,99,2026-09-13T19:11:36.387Z
DEMO-DEV-6794,99,2026-09-28T21:49:06.867Z
DEMO-DEV-6826,99,2026-08-22T23:51:54.511Z
DEMO-DEV-6836,99,2026-09-03T01:02:20.578Z
DEMO-DEV-6842,99,2026-09-25T14:45:45.843Z
DEMO-DEV-6856,99,2026-09-24T04:27:33.298Z
DEMO-DEV-6892,99,2026-09-20T04:42:01.472Z
DEMO-DEV-6934,99,2026-08-08T06:11:28.913Z
DEMO-DEV-6940,99,2026-09-27T22:26:24.508Z
DEMO-DEV-6955,99,2026-09-06T21:14:43.218Z
DEMO-DEV-6984,99,2026-09-19T20:43:23.192Z
DEMO-DEV-6990,99,2026-09-16T00:55:18.817Z
DEMO-DEV-7023,99,2026-09-26T17:47:22.161Z
DEMO-DEV-7029,99,2026-09-27T00:12:57.120Z
DEMO-DEV-7071,99,2026-08-02T01:14:26.968Z
DEMO-DEV-7090,99,2026-09-29T02:06:40.864Z
DEMO-DEV-7118,99,2026-09-26T06:14:31.618Z
DEMO-DEV-7173,99,2026-09-19T12:51:09.204Z
DEMO-DEV-7263,99,2026-09-11T18:31:30.455Z
DEMO-DEV-7278,99,2026-08-25T00:50:52.735Z
DEMO-DEV-7291,99,2026-09-18T18:23:17.804Z
DEMO-DEV-7327,99,2026-09-06T18:43:41.298Z
DEMO-DEV-7337,99,2026-09-11T14:41:58.234Z
DEMO-DEV-7502,99,2026-09-02T02:27:07.976Z
DEMO-DEV-7523,99,2026-09-20T13:56:36.291Z
DEMO-DEV-7533,99,2026-09-04T08:00:07.024Z
DEMO-DEV-7557,99,2026-09-16T03:23:15.218Z
DEMO-DEV-7564,99,2026-09-28T23:44:19.974Z
DEMO-DEV-7570,99,2026-09-16T22:24:19.172Z
DEMO-DEV-7668,99,2026-09-08T09:01:35.987Z
DEMO-DEV-7721,99,2026-09-28T04:22:31.442Z
DEMO-DEV-7731,99,2026-09-13T23:43:43.080Z
DEMO-DEV-7749,99,2026-08-29T05:00:09.535Z
DEMO-DEV-7767,99,2026-09-25T21:34:11.168Z
DEMO-DEV-7821,99,2026-09-23T09:14:15.839Z
DEMO-DEV-7859,99,2026-09-11T12:32:13.817Z
DEMO-DEV-7864,99,2026-08-29T13:42:29.792Z
DEMO-DEV-7909,99,2026-09-21T16:59:12.825Z
DEMO-DEV-7953,99,2026-09-22T07:27:19.915Z
DEMO-DEV-7964,99,2026-09-19T01:32:32.505Z
DEMO-DEV-8015,99,2026-09-20T21:56:25.948Z
DEMO-DEV-8070,99,2026-09-25T10:29:17.968Z
DEMO-DEV-8166,99,2026-09-21T08:12:12.090Z
DEMO-DEV-8202,99,2026-09-05T12:45:49.676Z
DEMO-DEV-8213,99,2026-09-18T23:00:32.612Z
DEMO-DEV-8252,99,2026-09-29T03:56:11.075Z
DEMO-DEV-8260,99,2026-09-24T11:00:00.618Z
DEMO-DEV-8264,99,2026-09-12T13:45:49.239Z
DEMO-DEV-8269,99,2026-09-26T16:56:31.836Z
DEMO-DEV-8303,99,2026-09-26T08:38:28.455Z
DEMO-DEV-8329,99,2026-09-27T20:12:58.165Z
DEMO-DEV-8380,99,2026-09-20T03:06:06.710Z
DEMO-DEV-8440,99,2026-09-25T11:51:58.397Z
DEMO-DEV-8444,99,2026-08-11T06:00:11.513Z
DEMO-DEV-8495,99,2026-09-08T03:16:41.224Z
DEMO-DEV-8530,99,2026-09-28T14:08:50.172Z
DEMO-DEV-8537,99,2026-09-20T20:46:37.268Z
DEMO-DEV-8570,99,2026-09-29T04:25:09.568Z
DEMO-DEV-8576,99,2026-09-30T01:05:35.989Z
DEMO-DEV-8599,99,2026-09-29T05:44:54.859Z
DEMO-DEV-8601,99,2026-09-15T03:18:05.929Z
DEMO-DEV-8602,99,2026-09-29T00:15:46.345Z
DEMO-DEV-8714,99,2026-09-26T14:08:35.485Z
DEMO-DEV-8717,99,2026-09-21T16:53:36.208Z
DEMO-DEV-8728,99,2026-09-04T02:04:57.795Z
DEMO-DEV-8763,99,2026-09-04T16:13:42.806Z
DEMO-DEV-8765,99,2026-09-21T22:11:29.470Z
DEMO-DEV-8773,99,2026-09-12T23:16:52.987Z
DEMO-DEV-8794,99,2026-09-16T06:42:36.727Z
DEMO-DEV-8816,99,2026-08-13T10:07:37.026Z
DEMO-DEV-8866,99,2026-09-13T02:43:52.466Z
DEMO-DEV-8880,99,2026-09-28T14:15:23.173Z
DEMO-DEV-8892,99,2026-09-22T15:32:37.264Z
DEMO-DEV-8927,99,2026-09-15T01:29:11.370Z
DEMO-DEV-8969,99,2026-09-22T07:55:38.366Z
DEMO-DEV-9023,99,2026-09-11T13:00:07.597Z
DEMO-DEV-9032,99,2026-09-22T17:00:22.027Z
DEMO-DEV-9062,99,2026-09-13T16:21:39.885Z
DEMO-DEV-9068,99,2026-09-29T17:57:44.428Z
DEMO-DEV-9095,99,2026-09-12T13:11:02.090Z
DEMO-DEV-9099,99,2026-09-29T02:48:22.702Z
DEMO-DEV-9200,99,2026-09-17T12:35:34.246Z
DEMO-DEV-9271,99,2026-09-21T21:45:51.804Z
DEMO-DEV-9285,99,2026-09-17T20:40:06.537Z
DEMO-DEV-9297,99,2026-09-26T19:48:58.692Z
DEMO-DEV-9299,99,2026-09-04T13:50:53.965Z
DEMO-DEV-9338,99,2026-06-19T03:02:04.682Z
DEMO-DEV-9357,99,2026-09-10T00:32:13.519Z
DEMO-DEV-9361,99,2026-09-06T22:05:57.500Z
DEMO-DEV-9430,99,2026-09-17T13:29:46.792Z
DEMO-DEV-9470,99,2026-09-29T15:59:46.824Z
DEMO-DEV-9488,99,2026-09-28T08:58:42.795Z
DEMO-DEV-9511,99,2026-09-20T18:59:53.846Z
DEMO-DEV-9526,99,2026-09-26T05:15:19.239Z
DEMO-DEV-9556,99,2026-09-05T01:17:55.357Z
DEMO-DEV-9559,99,2026-09-20T17:50:28.120Z
DEMO-DEV-9599,99,2026-09-24T20:04:45.302Z
DEMO-DEV-9634,99,2026-08-19T00:06:14.864Z
DEMO-DEV-9645,99,2026-09-29T16:51:44.917Z
DEMO-DEV-9679,99,2026-09-25T17:57:20.948Z
DEMO-DEV-9769,99,2026-09-12T09:29:55.752Z
DEMO-DEV-9796,99,2026-09-29T21:04:42.965Z
DEMO-DEV-9799,99,2026-09-29T21:23:31.289Z
DEMO-DEV-9810,99,2026-09-25T14:26:46.172Z
DEMO-DEV-9832,99,2026-08-13T12:37:54.913Z
DEMO-DEV-9858,99,2026-09-25T03:31:42.063Z
DEMO-DEV-9893,99,2026-09-22T20:42:25.537Z
DEMO-DEV-9911,99,2026-09-27T03:36:46.038Z
DEMO-DEV-9952,99,2026-08-05T03:05:42.870Z
DEMO-DEV-9992,99,2026-09-23T14:53:29.252Z
DEMO-DEV-0016,98,2026-09-20T22:33:44.851Z
DEMO-DEV-0017,98,2026-09-28T03:31:42.357Z
DEMO-DEV-0029,98,2026-09-08T06:55:36.568Z
DEMO-DEV-0032,98,2026-09-28T02:20:52.968Z
DEMO-DEV-0048,98,2026-08-20T22:17:59.877Z
DEMO-DEV-0067,98,2026-09-10T08:14:15.646Z
DEMO-DEV-0078,98,2026-09-15T23:18:09.975Z
DEMO-DEV-0099,98,2026-09-26T11:39:37.738Z
DEMO-DEV-0147,98,2026-09-16T07:05:41.291Z
DEMO-DEV-0158,98,2026-09-24T02:44:26.139Z
DEMO-DEV-0163,98,2026-09-20T16:30:55.618Z
DEMO-DEV-0220,98,2026-09-22T16:26:35.524Z
DEMO-DEV-0244,98,2026-08-30T09:10:22.914Z
DEMO-DEV-0254,98,2026-09-21T14:08:00.825Z
DEMO-DEV-0258,98,2026-09-06T20:00:23.524Z
DEMO-DEV-0368,98,2026-09-14T15:07:50.068Z
DEMO-DEV-0386,98,2026-09-22T16:37:49.090Z
DEMO-DEV-0416,98,2026-09-24T03:27:08.246Z
DEMO-DEV-0440,98,2026-09-21T22:50:14.472Z
DEMO-DEV-0443,98,2026-09-06T08:43:03.068Z
DEMO-DEV-0444,98,2026-09-24T23:11:03.817Z
DEMO-DEV-0445,98,2026-09-27T18:46:14.493Z
DEMO-DEV-0461,98,2026-09-29T21:08:52.612Z
DEMO-DEV-0470,98,2026-09-09T06:13:56.811Z
DEMO-DEV-0542,98,2026-09-28T03:19:19.607Z
DEMO-DEV-0549,98,2026-09-01T11:12:50.218Z
DEMO-DEV-0562,98,2026-09-11T15:21:54.868Z
DEMO-DEV-0595,98,2026-09-30T03:12:28.646Z
DEMO-DEV-0637,98,2026-09-27T11:50:45.161Z
DEMO-DEV-0703,98,2026-08-20T10:51:22.519Z
DEMO-DEV-0725,98,2026-09-15T15:37:42.366Z
DEMO-DEV-0734,98,2026-08-30T06:06:16.618Z
DEMO-DEV-0799,98,2026-09-25T21:43:09.710Z
DEMO-DEV-0833,98,2026-09-21T20:22:18.968Z
DEMO-DEV-0925,98,2026-09-19T00:49:00.021Z
DEMO-DEV-0943,98,2026-09-17T06:57:04.653Z
DEMO-DEV-0967,98,2026-09-22T18:10:18.080Z
DEMO-DEV-0981,98,2026-09-28T15:35:15.976Z
DEMO-DEV-1001,98,2026-09-27T20:09:22.612Z
DEMO-DEV-1005,98,2026-09-29T07:24:50.352Z
DEMO-DEV-1012,98,2026-09-22T00:02:56.402Z
DEMO-DEV-1064,98,2026-09-23T08:34:37.302Z
DEMO-DEV-1080,98,2026-09-26T01:32:28.646Z
DEMO-DEV-1142,98,2026-08-28T11:07:37.785Z
DEMO-DEV-1146,98,2026-09-17T16:03:43.974Z
DEMO-DEV-1158,98,2026-09-19T02:35:26.792Z
DEMO-DEV-1189,98,2026-08-28T05:11:41.225Z
DEMO-DEV-1211,98,2026-09-01T03:37:09.134Z
DEMO-DEV-1298,98,2026-08-23T20:42:18.658Z
DEMO-DEV-1306,98,2026-09-22T03:01:20.841Z
DEMO-DEV-1310,98,2026-08-24T10:03:46.470Z
DEMO-DEV-1326,98,2026-09-27T12:46:41.253Z
DEMO-DEV-1335,98,2026-09-11T17:57:29.799Z
DEMO-DEV-1338,98,2026-09-17T01:20:17.865Z
DEMO-DEV-1342,98,2026-09-24T07:59:18.063Z
DEMO-DEV-1368,98,2026-09-24T01:44:06.719Z
DEMO-DEV-1385,98,2026-09-21T02:53:07.692Z
DEMO-DEV-1391,98,2026-07-19T17:08:12.298Z
DEMO-DEV-1413,98,2026-09-24T01:26:30.370Z
DEMO-DEV-1417,98,2026-09-25T14:49:25.192Z
DEMO-DEV-1444,98,2026-09-15T11:29:02.915Z
DEMO-DEV-1464,98,2026-09-26T19:21:29.319Z
DEMO-DEV-1475,98,2026-09-07T17:45:06.167Z
DEMO-DEV-1492,98,2026-09-06T22:56:01.183Z
DEMO-DEV-1506,98,2026-09-01T14:51:51.949Z
DEMO-DEV-1555,98,2026-09-16T18:22:40.134Z
DEMO-DEV-1568,98,2026-09-21T11:08:43.513Z
DEMO-DEV-1571,98,2026-08-30T11:07:08.863Z
DEMO-DEV-1660,98,2026-09-04T23:05:56.992Z
DEMO-DEV-1663,98,2026-09-23T07:04:11.784Z
DEMO-DEV-1680,98,2026-09-21T12:18:28.793Z
DEMO-DEV-1711,98,2026-09-12T00:15:54.655Z
DEMO-DEV-1762,98,2026-09-24T20:17:58.183Z
DEMO-DEV-1877,98,2026-09-21T11:44:33.003Z
DEMO-DEV-1958,98,2026-08-25T23:13:23.173Z
DEMO-DEV-1996,98,2026-09-28T12:35:55.682Z
DEMO-DEV-2057,98,2026-09-21T11:43:32.778Z
DEMO-DEV-2066,98,2026-09-20T00:51:22.253Z
DEMO-DEV-2101,98,2026-08-24T08:50:10.226Z
DEMO-DEV-2141,98,2026-09-10T00:12:25.232Z
DEMO-DEV-2153,98,2026-09-28T19:42:41.873Z
DEMO-DEV-2201,98,2026-09-19T05:53:34.045Z
DEMO-DEV-2254,98,2026-09-24T13:08:12.023Z
DEMO-DEV-2261,98,2026-09-25T12:17:44.508Z
DEMO-DEV-2268,98,2026-09-13T22:00:53.836Z
DEMO-DEV-2336,98,2026-08-26T08:24:34.222Z
DEMO-DEV-2391,98,2026-09-15T09:53:10.409Z
DEMO-DEV-2396,98,2026-09-27T10:59:25.455Z
DEMO-DEV-2399,98,2026-09-06T10:18:19.203Z
DEMO-DEV-2406,98,2026-09-29T17:28:46.160Z
DEMO-DEV-2468,98,2026-08-30T16:55:03.966Z
DEMO-DEV-2520,98,2026-09-27T22:37:05.238Z
DEMO-DEV-2540,98,2026-09-15T03:55:36.885Z
DEMO-DEV-2543,98,2026-09-06T17:36:35.968Z
DEMO-DEV-2664,98,2026-09-11T05:03:18.015Z
DEMO-DEV-2723,98,2026-09-14T10:04:13.817Z
DEMO-DEV-2735,98,2026-09-25T04:45:43.003Z
DEMO-DEV-2745,98,2026-09-18T03:09:51.523Z
DEMO-DEV-2764,98,2026-09-23T09:58:52.173Z
DEMO-DEV-2809,98,2026-09-26T23:50:36.123Z
DEMO-DEV-2878,98,2026-09-25T19:16:07.841Z
DEMO-DEV-2886,98,2026-09-14T13:42:27.993Z
DEMO-DEV-2911,98,2026-09-27T09:14:03.661Z
DEMO-DEV-2923,98,2026-09-10T20:05:00.646Z
DEMO-DEV-2941,98,2026-09-16T00:50:31.682Z
DEMO-DEV-2949,98,2026-09-19T16:22:58.232Z
DEMO-DEV-2957,98,2026-09-24T15:43:22.462Z
DEMO-DEV-2959,98,2026-09-26T10:16:06.160Z
DEMO-DEV-3032,98,2026-09-27T17:01:43.090Z
DEMO-DEV-3048,98,2026-09-21T08:28:38.160Z
DEMO-DEV-3055,98,2026-09-17T19:49:05.287Z
DEMO-DEV-3192,98,2026-09-29T07:51:10.841Z
DEMO-DEV-3197,98,2026-09-13T14:55:39.221Z
DEMO-DEV-3272,98,2026-09-15T15:54:21.219Z
DEMO-DEV-3302,98,2026-07-19T03:54:59.851Z
DEMO-DEV-3304,98,2026-09-24T11:20:55.023Z
DEMO-DEV-3307,98,2026-09-22T06:12:40.368Z
DEMO-DEV-3333,98,2026-09-07T20:35:57.428Z
DEMO-DEV-3345,98,2026-09-07T19:10:05.300Z
DEMO-DEV-3501,98,2026-08-27T05:18:37.917Z
DEMO-DEV-3514,98,2026-09-05T18:07:48.926Z
DEMO-DEV-3538,98,2026-09-20T10:36:16.892Z
DEMO-DEV-3543,98,2026-09-20T08:19:54.325Z
DEMO-DEV-3553,98,2026-09-14T17:59:34.500Z
DEMO-DEV-3576,98,2026-09-26T02:31:11.646Z
DEMO-DEV-3578,98,2026-09-04T21:23:42.466Z
DEMO-DEV-3585,98,2026-09-28T14:12:57.387Z
DEMO-DEV-3620,98,2026-09-19T12:05:22.387Z
DEMO-DEV-3629,98,2026-09-23T01:21:03.846Z
DEMO-DEV-3630,98,2026-09-19T18:52:35.134Z
DEMO-DEV-3661,98,2026-09-17T05:25:49.394Z
DEMO-DEV-3730,98,2026-08-17T17:39:27.315Z
DEMO-DEV-3746,98,2026-09-28T01:06:45.167Z
DEMO-DEV-3749,98,2026-09-28T17:46:49.765Z
DEMO-DEV-3757,98,2026-09-22T22:48:31.139Z
DEMO-DEV-3777,98,2026-09-10T14:54:46.120Z
DEMO-DEV-3784,98,2026-09-02T13:10:42.727Z
DEMO-DEV-3790,98,2026-09-21T18:44:56.692Z
DEMO-DEV-3813,98,2026-09-10T06:43:36.357Z
DEMO-DEV-3817,98,2026-09-12T23:08:08.370Z
DEMO-DEV-3837,98,2026-09-18T14:42:49.308Z
DEMO-DEV-3854,98,2026-09-12T20:09:54.138Z
DEMO-DEV-3867,98,2026-09-26T13:48:31.493Z
DEMO-DEV-3916,98,2026-09-29T07:13:10.803Z
DEMO-DEV-3940,98,2026-09-14T09:30:07.466Z
DEMO-DEV-4012,98,2026-09-25T16:46:26.968Z
DEMO-DEV-4026,98,2026-08-24T12:10:36.075Z
DEMO-DEV-4034,98,2026-09-29T12:57:56.851Z
DEMO-DEV-4055,98,2026-09-28T22:51:26.993Z
DEMO-DEV-4056,98,2026-09-25T13:01:02.208Z
DEMO-DEV-4079,98,2026-09-23T11:30:04.653Z
DEMO-DEV-4089,98,2026-09-29T10:51:47.298Z
DEMO-DEV-4139,98,2026-09-17T21:08:48.068Z
DEMO-DEV-4147,98,2026-09-10T07:23:54.752Z
DEMO-DEV-4199,98,2026-09-25T01:41:39.873Z
DEMO-DEV-4246,98,2026-09-03T16:15:53.859Z
DEMO-DEV-4289,98,2026-09-17T22:47:33.291Z
DEMO-DEV-4311,98,2026-09-25T11:33:59.913Z
DEMO-DEV-4312,98,2026-09-23T10:04:39.442Z
DEMO-DEV-4324,98,2026-09-28T01:48:37.291Z
DEMO-DEV-4388,98,2026-08-15T02:53:58.702Z
DEMO-DEV-4408,98,2026-09-22T13:52:08.655Z
DEMO-DEV-4454,98,2026-09-06T15:59:44.949Z
DEMO-DEV-4475,98,2026-09-20T14:43:04.470Z
DEMO-DEV-4507,98,2026-09-27T12:26:58.063Z
DEMO-DEV-4592,98,2026-09-23T09:40:03.264Z
DEMO-DEV-4615,98,2026-09-02T00:49:51.969Z
DEMO-DEV-4635,98,2026-09-26T07:03:46.387Z
DEMO-DEV-4649,98,2026-09-14T05:53:56.300Z
DEMO-DEV-4701,98,2026-09-18T11:35:24.917Z
DEMO-DEV-4751,98,2026-09-07T22:24:24.040Z
DEMO-DEV-4778,98,2026-09-17T09:55:40.993Z
DEMO-DEV-4812,98,2026-09-02T11:36:12.472Z
DEMO-DEV-4830,98,2026-09-28T21:14:33.519Z
DEMO-DEV-4888,98,2026-09-16T08:32:28.985Z
DEMO-DEV-4894,98,2026-09-09T14:18:40.804Z
DEMO-DEV-4908,98,2026-08-26T08:37:50.950Z
DEMO-DEV-4940,98,2026-09-26T02:47:06.974Z
DEMO-DEV-5013,98,2026-09-19T18:30:42.205Z
DEMO-DEV-5029,98,2026-08-23T23:12:07.985Z
DEMO-DEV-5035,98,2026-09-18T05:07:56.735Z
DEMO-DEV-5037,98,2026-09-08T10:15:11.782Z
DEMO-DEV-5076,98,2026-09-21T07:28:04.811Z
DEMO-DEV-5078,98,2026-09-24T19:07:28.556Z
DEMO-DEV-5113,98,2026-09-26T12:40:43.500Z
DEMO-DEV-5128,98,2026-09-26T17:59:03.646Z
DEMO-DEV-5152,98,2026-09-26T08:45:24.120Z
DEMO-DEV-5154,98,2026-09-26T12:08:56.524Z
DEMO-DEV-5170,98,2026-09-25T22:15:42.653Z
DEMO-DEV-5177,98,2026-09-28T19:50:17.666Z
DEMO-DEV-5201,98,2026-09-25T19:07:07.470Z
DEMO-DEV-5226,98,2026-09-13T15:18:28.793Z
DEMO-DEV-5242,98,2026-09-22T10:49:57.073Z
DEMO-DEV-5304,98,2026-08-30T03:29:57.727Z
DEMO-DEV-5365,98,2026-08-30T21:00:34.239Z
DEMO-DEV-5367,98,2026-09-26T07:30:58.846Z
DEMO-DEV-5376,98,2026-09-30T02:12:18.045Z
DEMO-DEV-5436,98,2026-09-29T10:17:03.511Z
DEMO-DEV-5437,98,2026-09-11T07:02:00.969Z
DEMO-DEV-5450,98,2026-09-24T13:52:40.950Z
DEMO-DEV-5520,98,2026-07-29T21:32:06.015Z
DEMO-DEV-5524,98,2026-09-14T09:13:51.183Z
DEMO-DEV-5532,98,2026-09-10T20:01:30.308Z
DEMO-DEV-5536,98,2026-09-15T23:45:20.639Z
DEMO-DEV-5564,98,2026-09-01T10:39:52.253Z
DEMO-DEV-5578,98,2026-09-27T05:57:32.817Z
DEMO-DEV-5646,98,2026-09-05T04:00:22.873Z
DEMO-DEV-5648,98,2026-09-05T07:27:25.165Z
DEMO-DEV-5671,98,2026-08-29T21:07:46.428Z
DEMO-DEV-5685,98,2026-09-17T05:41:33.917Z
DEMO-DEV-5689,98,2026-09-14T22:51:38.004Z
DEMO-DEV-5728,98,2026-08-28T16:35:17.612Z
DEMO-DEV-5781,98,2026-09-29T19:09:45.291Z
DEMO-DEV-5822,98,2026-09-28T01:37:43.513Z
DEMO-DEV-5850,98,2026-09-26T11:21:57.460Z
DEMO-DEV-5872,98,2026-08-01T22:12:58.661Z
DEMO-DEV-5906,98,2026-09-18T10:46:42.792Z
DEMO-DEV-5929,98,2026-09-12T23:39:42.230Z
DEMO-DEV-5953,98,2026-08-18T12:52:52.446Z
DEMO-DEV-6031,98,2026-09-23T15:57:00.063Z
DEMO-DEV-6100,98,2026-08-25T10:19:01.842Z
DEMO-DEV-6116,98,2026-09-03T05:32:51.291Z
DEMO-DEV-6131,98,2026-07-28T19:47:33.926Z
DEMO-DEV-6162,98,2026-09-19T13:01:44.524Z
DEMO-DEV-6224,98,2026-09-21T03:19:48.219Z
DEMO-DEV-6273,98,2026-09-25T04:58:55.639Z
DEMO-DEV-6321,98,2026-09-11T13:08:50.319Z
DEMO-DEV-6360,98,2026-07-19T12:46:50.968Z
DEMO-DEV-6396,98,2026-09-19T14:34:32.087Z
DEMO-DEV-6405,98,2026-08-17T19:04:25.167Z
DEMO-DEV-6406,98,2026-09-26T05:10:59.319Z
DEMO-DEV-6425,98,2026-09-18T13:21:56.803Z
DEMO-DEV-6436,98,2026-09-14T18:29:13.653Z
DEMO-DEV-6497,98,2026-08-14T00:39:19.989Z
DEMO-DEV-6500,98,2026-09-18T21:13:17.234Z
DEMO-DEV-6502,98,2026-09-28T12:02:16.252Z
DEMO-DEV-6503,98,2026-08-31T05:12:49.975Z
DEMO-DEV-6531,98,2026-09-23T12:22:12.370Z
DEMO-DEV-6544,98,2026-09-02T08:33:40.357Z
DEMO-DEV-6587,98,2026-09-27T16:30:29.793Z
DEMO-DEV-6592,98,2026-09-09T12:50:07.024Z
DEMO-DEV-6613,98,2026-09-14T12:12:05.799Z
DEMO-DEV-6654,98,2026-09-22T20:15:01.428Z
DEMO-DEV-6656,98,2026-09-22T17:19:27.354Z
DEMO-DEV-6677,98,2026-09-12T22:34:04.868Z
DEMO-DEV-6694,98,2026-09-20T20:09:23.037Z
DEMO-DEV-6726,98,2026-09-07T01:49:59.253Z
DEMO-DEV-6738,98,2026-09-01T07:15:13.222Z
DEMO-DEV-6764,98,2026-09-07T05:48:55.892Z
DEMO-DEV-6784,98,2026-08-19T14:35:13.792Z
DEMO-DEV-6838,98,2026-09-15T21:20:43.884Z
DEMO-DEV-6850,98,2026-09-08T07:53:49.727Z
DEMO-DEV-6868,98,2026-09-25T13:40:06.676Z
DEMO-DEV-6928,98,2026-09-23T08:58:31.368Z
DEMO-DEV-6945,98,2026-08-31T02:20:04.403Z
DEMO-DEV-6977,98,2026-09-04T05:32:45.134Z
DEMO-DEV-6979,98,2026-09-28T16:08:34.597Z
DEMO-DEV-7036,98,2026-08-20T16:16:06.219Z
DEMO-DEV-7101,98,2026-09-01T13:19:26.658Z
DEMO-DEV-7116,98,2026-09-18T12:38:55.038Z
DEMO-DEV-7117,98,2026-09-25T23:00:47.877Z
DEMO-DEV-7119,98,2026-09-23T15:18:35.519Z
DEMO-DEV-7149,98,2026-08-08T23:56:30.976Z
DEMO-DEV-7151,98,2026-09-23T21:51:40.014Z
DEMO-DEV-7243,98,2026-09-23T08:58:07.754Z
DEMO-DEV-7260,98,2026-09-29T13:16:38.817Z
DEMO-DEV-7344,98,2026-09-29T21:31:20.300Z
DEMO-DEV-7412,98,2026-09-24T13:51:56.702Z
DEMO-DEV-7430,98,2026-09-20T05:01:44.537Z
DEMO-DEV-7434,98,2026-09-29T08:07:43.817Z
DEMO-DEV-7457,98,2026-09-11T17:27:48.087Z
DEMO-DEV-7479,98,2026-09-22T18:55:30.929Z
DEMO-DEV-7481,98,2026-08-29T03:07:08.666Z
DEMO-DEV-7501,98,2026-09-26T14:21:37.597Z
DEMO-DEV-7670,98,2026-09-05T14:32:17.004Z
DEMO-DEV-7677,98,2026-09-24T19:17:15.023Z
DEMO-DEV-7693,98,2026-09-16T02:55:21.038Z
DEMO-DEV-7720,98,2026-09-25T23:32:53.842Z
DEMO-DEV-7730,98,2026-09-28T11:27:01.926Z
DEMO-DEV-7732,98,2026-09-01T02:30:48.503Z
DEMO-DEV-7748,98,2026-08-25T13:43:06.511Z
DEMO-DEV-7789,98,2026-09-27T19:03:29.288Z
DEMO-DEV-7802,98,2026-09-14T12:50:20.605Z
DEMO-DEV-7895,98,2026-09-05T11:59:16.160Z
DEMO-DEV-7902,98,2026-08-25T13:30:56.493Z
DEMO-DEV-7905,98,2026-09-14T01:18:33.968Z
DEMO-DEV-7912,98,2026-09-18T19:49:08.462Z
DEMO-DEV-7936,98,2026-09-23T09:32:11.057Z
DEMO-DEV-8019,98,2026-09-25T03:05:43.682Z
DEMO-DEV-8024,98,2026-09-16T06:13:26.864Z
DEMO-DEV-8026,98,2026-08-29T19:35:14.366Z
DEMO-DEV-8038,98,2026-08-21T09:54:00.614Z
DEMO-DEV-8041,98,2026-09-04T04:08:59.676Z
DEMO-DEV-8052,98,2026-09-25T12:15:55.636Z
DEMO-DEV-8068,98,2026-09-25T12:34:23.511Z
DEMO-DEV-8092,98,2026-09-12T07:21:10.508Z
DEMO-DEV-8118,98,2026-09-03T10:29:24.584Z
DEMO-DEV-8136,98,2026-07-13T02:27:19.989Z
DEMO-DEV-8139,98,2026-09-23T13:39:31.391Z
DEMO-DEV-8175,98,2026-09-14T05:13:54.460Z
DEMO-DEV-8189,98,2026-09-04T07:29:48.913Z
DEMO-DEV-8215,98,2026-09-25T22:28:12.966Z
DEMO-DEV-8274,98,2026-09-20T22:53:02.682Z
DEMO-DEV-8279,98,2026-09-30T08:15:03.793Z
DEMO-DEV-8286,98,2026-09-23T12:55:24.023Z
DEMO-DEV-8291,98,2026-09-15T07:47:43.877Z
DEMO-DEV-8307,98,2026-09-27T01:33:34.786Z
DEMO-DEV-8315,98,2026-09-17T05:50:32.948Z
DEMO-DEV-8317,98,2026-09-16T08:11:13.208Z
DEMO-DEV-8332,98,2026-09-13T08:58:12.370Z
DEMO-DEV-8348,98,2026-09-28T00:56:03.702Z
DEMO-DEV-8403,98,2026-09-23T23:36:30.992Z
DEMO-DEV-8415,98,2026-08-05T07:19:39.337Z
DEMO-DEV-8435,98,2026-09-22T22:32:35.879Z
DEMO-DEV-8466,98,2026-09-17T00:58:26.230Z
DEMO-DEV-8467,98,2026-09-28T12:31:20.816Z
DEMO-DEV-8503,98,2026-09-16T15:09:47.155Z
DEMO-DEV-8507,98,2026-09-29T00:30:00.992Z
DEMO-DEV-8526,98,2026-09-29T19:02:29.004Z
DEMO-DEV-8546,98,2026-09-10T12:42:32.524Z
DEMO-DEV-8548,98,2026-09-21T21:08:32.368Z
DEMO-DEV-8564,98,2026-09-19T04:34:43.205Z
DEMO-DEV-8573,98,2026-09-28T14:39:13.786Z
DEMO-DEV-8580,98,2026-09-28T21:36:17.795Z
DEMO-DEV-8613,98,2026-09-28T23:49:45.014Z
DEMO-DEV-8651,98,2026-09-27T11:41:46.289Z
DEMO-DEV-8693,98,2026-08-10T02:36:30.863Z
DEMO-DEV-8706,98,2026-09-24T03:38:34.735Z
DEMO-DEV-8743,98,2026-08-30T18:21:49.288Z
DEMO-DEV-8754,98,2026-09-27T21:53:09.428Z
DEMO-DEV-8853,98,2026-09-27T23:21:29.666Z
DEMO-DEV-8862,98,2026-08-17T15:12:49.045Z
DEMO-DEV-8910,98,2026-09-25T09:29:08.272Z
DEMO-DEV-8944,98,2026-09-18T18:29:27.090Z
DEMO-DEV-8974,98,2026-09-03T21:56:22.597Z
DEMO-DEV-8983,98,2026-09-16T02:33:41.535Z
DEMO-DEV-9010,98,2026-09-23T01:56:30.211Z
DEMO-DEV-9052,98,2026-09-20T21:21:02.785Z
DEMO-DEV-9069,98,2026-08-20T22:56:18.123Z
DEMO-DEV-9070,98,2026-09-17T03:38:48.786Z
DEMO-DEV-9079,98,2026-09-27T23:33:53.591Z
DEMO-DEV-9115,98,2026-09-13T08:47:04.658Z
DEMO-DEV-9119,98,2026-09-19T03:49:31.929Z
DEMO-DEV-9137,98,2026-09-13T16:08:28.493Z
DEMO-DEV-9158,98,2026-09-23T12:55:42.618Z
DEMO-DEV-9171,98,2026-09-26T08:13:43.646Z
DEMO-DEV-9226,98,2026-09-18T10:09:16.190Z
DEMO-DEV-9282,98,2026-08-23T17:50:08.949Z
DEMO-DEV-9303,98,2026-09-28T10:34:22.842Z
DEMO-DEV-9304,98,2026-09-10T10:14:03.653Z
DEMO-DEV-9312,98,2026-09-25T07:16:56.843Z
DEMO-DEV-9321,98,2026-09-05T08:01:46.948Z
DEMO-DEV-9363,98,2026-09-21T03:31:33.014Z
DEMO-DEV-9367,98,2026-09-30T06:15:33.950Z
DEMO-DEV-9425,98,2026-09-28T07:47:23.785Z
DEMO-DEV-9454,98,2026-09-12T01:22:11.403Z
DEMO-DEV-9496,98,2026-09-05T01:32:59.754Z
DEMO-DEV-9510,98,2026-09-20T00:38:14.868Z
DEMO-DEV-9533,98,2026-09-18T10:04:28.710Z
DEMO-DEV-9547,98,2026-09-11T06:53:32.661Z
DEMO-DEV-9572,98,2026-09-28T06:39:38.442Z
DEMO-DEV-9576,98,2026-09-14T14:04:00.120Z
DEMO-DEV-9637,98,2026-09-19T09:13:05.063Z
DEMO-DEV-9683,98,2026-09-28T21:55:29.578Z
DEMO-DEV-9692,98,2026-08-27T12:06:54.591Z
DEMO-DEV-9702,98,2026-09-10T08:58:35.646Z
DEMO-DEV-9757,98,2026-08-15T05:30:59.778Z
DEMO-DEV-9767,98,2026-08-15T12:10:29.203Z
DEMO-DEV-9775,98,2026-09-28T05:54:17.272Z
DEMO-DEV-9788,98,2026-09-19T04:53:56.087Z
DEMO-DEV-9794,98,2026-08-17T03:37:07.503Z
DEMO-DEV-9818,98,2026-08-27T18:17:38.527Z
DEMO-DEV-9827,98,2026-09-02T19:33:00.268Z
DEMO-DEV-9834,98,2026-09-21T12:10:28.545Z
DEMO-DEV-9885,98,2026-09-08T06:55:38.843Z
DEMO-DEV-9896,98,2026-09-07T07:58:55.370Z
DEMO-DEV-9941,98,2026-09-24T10:30:14.824Z
DEMO-DEV-0034,97,2026-09-28T22:15:47.232Z
DEMO-DEV-0068,97,2026-09-25T04:40:52.208Z
DEMO-DEV-0113,97,2026-09-19T05:50:07.786Z
DEMO-DEV-0133,97,2026-09-15T04:39:27.508Z
DEMO-DEV-0138,97,2026-09-28T09:56:36.442Z
DEMO-DEV-0149,97,2026-09-16T10:27:18.063Z
DEMO-DEV-0159,97,2026-09-15T03:17:50.511Z
DEMO-DEV-0195,97,2026-09-14T01:22:26.236Z
DEMO-DEV-0211,97,2026-09-26T14:49:48.873Z
DEMO-DEV-0228,97,2026-09-18T17:40:54.428Z
DEMO-DEV-0347,97,2026-09-13T01:30:19.884Z
DEMO-DEV-0373,97,2026-09-27T00:02:32.038Z
DEMO-DEV-0387,97,2026-09-27T05:51:28.190Z
DEMO-DEV-0426,97,2026-09-03T00:41:17.870Z
DEMO-DEV-0499,97,2026-09-18T21:50:59.402Z
DEMO-DEV-0509,97,2026-09-08T08:00:51.218Z
DEMO-DEV-0511,97,2026-09-25T17:48:08.892Z
DEMO-DEV-0537,97,2026-09-02T07:28:32.075Z
DEMO-DEV-0540,97,2026-09-22T22:12:05.545Z
DEMO-DEV-0587,97,2026-09-30T05:22:40.989Z
DEMO-DEV-0652,97,2026-09-25T20:56:51.804Z
DEMO-DEV-0661,97,2026-09-23T06:21:55.415Z
DEMO-DEV-0672,97,2026-09-29T20:06:58.806Z
DEMO-DEV-0701,97,2026-09-15T20:50:02.851Z
DEMO-DEV-0729,97,2026-08-26T01:04:31.403Z
DEMO-DEV-0731,97,2026-08-25T11:21:56.555Z
DEMO-DEV-0735,97,2026-09-23T05:47:44.884Z
DEMO-DEV-0780,97,2026-09-18T03:33:47.021Z
DEMO-DEV-0789,97,2026-09-17T23:07:20.298Z
DEMO-DEV-0801,97,2026-09-28T13:55:58.816Z
DEMO-DEV-0824,97,2026-09-17T20:26:19.676Z
DEMO-DEV-0838,97,2026-09-18T07:41:26.692Z
DEMO-DEV-0850,97,2026-09-02T20:35:03.989Z
DEMO-DEV-0854,97,2026-09-12T13:52:31.811Z
DEMO-DEV-0902,97,2026-09-24T21:14:17.470Z
DEMO-DEV-0956,97,2026-09-06T16:57:45.778Z
DEMO-DEV-0992,97,2026-09-24T03:08:02.653Z
DEMO-DEV-10000,97,2026-09-18T15:12:49.692Z
DEMO-DEV-1017,97,2026-09-20T22:37:35.165Z
DEMO-DEV-1044,97,2026-09-26T01:02:59.524Z
DEMO-DEV-1051,97,2026-09-27T18:39:34.974Z
DEMO-DEV-1059,97,2026-09-10T10:03:37.446Z
DEMO-DEV-1079,97,2026-09-26T00:22:31.607Z
DEMO-DEV-1108,97,2026-09-26T11:43:53.462Z
DEMO-DEV-1109,97,2026-09-12T14:31:15.460Z
DEMO-DEV-1201,97,2026-09-28T10:47:47.319Z
DEMO-DEV-1231,97,2026-08-31T10:06:15.824Z
DEMO-DEV-1244,97,2026-09-29T08:09:56.846Z
DEMO-DEV-1246,97,2026-07-24T21:29:01.225Z
DEMO-DEV-1265,97,2026-09-23T14:02:32.795Z
DEMO-DEV-1290,97,2026-08-30T12:17:59.612Z
DEMO-DEV-1294,97,2026-09-24T05:02:11.556Z
DEMO-DEV-1365,97,2026-09-23T21:30:50.661Z
DEMO-DEV-1393,97,2026-09-29T14:02:50.873Z
DEMO-DEV-1396,97,2026-08-21T13:41:45.354Z
DEMO-DEV-1414,97,2026-09-28T17:19:03.160Z
DEMO-DEV-1439,97,2026-09-18T12:54:54.950Z
DEMO-DEV-1455,97,2026-08-23T06:45:37.325Z
DEMO-DEV-1468,97,2026-09-22T22:26:16.225Z
DEMO-DEV-1469,97,2026-09-16T05:58:54.123Z
DEMO-DEV-1480,97,2026-08-30T10:19:41.884Z
DEMO-DEV-1481,97,2026-09-19T21:04:50.682Z
DEMO-DEV-1498,97,2026-08-04T16:41:39.599Z
DEMO-DEV-1518,97,2026-09-28T08:22:09.511Z
DEMO-DEV-1634,97,2026-09-25T08:35:24.879Z
DEMO-DEV-1659,97,2026-09-27T18:05:05.500Z
DEMO-DEV-1686,97,2026-07-27T10:12:56.230Z
DEMO-DEV-1687,97,2026-09-13T11:27:41.192Z
DEMO-DEV-1732,97,2026-09-05T03:54:35.591Z
DEMO-DEV-1735,97,2026-09-20T01:57:20.636Z
DEMO-DEV-1783,97,2026-09-15T08:04:43.870Z
DEMO-DEV-1804,97,2026-08-29T22:15:50.307Z
DEMO-DEV-1824,97,2026-09-28T16:30:09.870Z
DEMO-DEV-1855,97,2026-09-29T09:52:35.325Z
DEMO-DEV-1863,97,2026-09-16T10:09:00.892Z
DEMO-DEV-1883,97,2026-09-20T20:06:17.402Z
DEMO-DEV-1902,97,2026-09-29T11:25:36.948Z
DEMO-DEV-1904,97,2026-09-14T14:50:11.870Z
DEMO-DEV-1925,97,2026-09-29T14:11:27.591Z
DEMO-DEV-1936,97,2026-08-25T23:43:59.929Z
DEMO-DEV-1945,97,2026-07-26T21:39:05.239Z
DEMO-DEV-1993,97,2026-09-14T11:17:28.470Z
DEMO-DEV-2003,97,2026-09-16T13:51:55.735Z
DEMO-DEV-2005,97,2026-09-20T23:05:30.352Z
DEMO-DEV-2011,97,2026-09-18T10:44:00.370Z
DEMO-DEV-2028,97,2026-09-08T10:26:06.668Z
DEMO-DEV-2033,97,2026-09-24T22:53:12.238Z
DEMO-DEV-2042,97,2026-09-18T17:10:53.337Z
DEMO-DEV-2071,97,2026-09-17T21:09:28.867Z
DEMO-DEV-2112,97,2026-09-28T01:36:03.037Z
DEMO-DEV-2137,97,2026-09-20T04:28:42.803Z
DEMO-DEV-2157,97,2026-08-21T22:06:26.692Z
DEMO-DEV-2159,97,2026-08-16T11:53:57.138Z
DEMO-DEV-2174,97,2026-09-28T13:53:11.139Z
DEMO-DEV-2191,97,2026-09-10T18:48:51.402Z
DEMO-DEV-2199,97,2026-09-29T21:19:04.150Z
DEMO-DEV-2210,97,2026-09-11T10:55:17.172Z
DEMO-DEV-2284,97,2026-09-29T16:31:34.976Z
DEMO-DEV-2301,97,2026-09-21T05:37:32.150Z
DEMO-DEV-2321,97,2026-09-29T08:43:06.232Z
DEMO-DEV-2322,97,2026-09-12T08:48:50.989Z
DEMO-DEV-2367,97,2026-09-24T09:53:18.077Z
DEMO-DEV-2370,97,2026-09-05T22:35:09.950Z
DEMO-DEV-2375,97,2026-09-29T21:38:04.917Z
DEMO-DEV-2390,97,2026-09-27T17:13:11.120Z
DEMO-DEV-2470,97,2026-09-24T15:47:58.976Z
DEMO-DEV-2501,97,2026-09-25T17:33:00.403Z
DEMO-DEV-2525,97,2026-08-25T07:05:10.965Z
DEMO-DEV-2536,97,2026-08-11T02:23:53.863Z
DEMO-DEV-2538,97,2026-07-10T00:34:18.793Z
DEMO-DEV-2550,97,2026-09-22T12:07:57.068Z
DEMO-DEV-2551,97,2026-09-29T01:11:41.165Z
DEMO-DEV-2589,97,2026-09-20T04:53:57.868Z
DEMO-DEV-2598,97,2026-09-28T22:57:03.172Z
DEMO-DEV-2718,97,2026-09-13T05:18:04.915Z
DEMO-DEV-2742,97,2026-09-06T07:31:52.969Z
DEMO-DEV-2800,97,2026-09-23T20:06:11.189Z
DEMO-DEV-2817,97,2026-09-27T13:57:27.752Z
DEMO-DEV-2833,97,2026-09-19T04:52:01.792Z
DEMO-DEV-2979,97,2026-09-14T09:48:45.841Z
DEMO-DEV-2995,97,2026-08-26T16:21:42.806Z
DEMO-DEV-3030,97,2026-09-21T09:04:48.714Z
DEMO-DEV-3072,97,2026-09-24T21:56:31.403Z
DEMO-DEV-3090,97,2026-09-21T19:11:00.003Z
DEMO-DEV-3118,97,2026-09-05T07:24:52.397Z
DEMO-DEV-3170,97,2026-09-28T20:45:26.387Z
DEMO-DEV-3179,97,2026-09-25T02:06:34.325Z
DEMO-DEV-3180,97,2026-09-11T11:22:47.183Z
DEMO-DEV-3199,97,2026-09-24T19:05:35.472Z
DEMO-DEV-3208,97,2026-09-05T20:24:05.825Z
DEMO-DEV-3210,97,2026-09-12T03:58:32.015Z
DEMO-DEV-3231,97,2026-09-14T06:13:23.851Z
DEMO-DEV-3277,97,2026-09-23T08:26:29.253Z
DEMO-DEV-3296,97,2026-09-29T05:49:33.682Z
DEMO-DEV-3421,97,2026-09-25T15:47:24.428Z
DEMO-DEV-3491,97,2026-09-10T18:39:15.120Z
DEMO-DEV-3509,97,2026-09-20T05:59:56.557Z
DEMO-DEV-3519,97,2026-09-25T20:06:09.302Z
DEMO-DEV-3539,97,2026-09-24T15:16:15.252Z
DEMO-DEV-3542,97,2026-09-27T15:59:59.612Z
DEMO-DEV-3552,97,2026-09-21T04:30:28.391Z
DEMO-DEV-3560,97,2026-09-11T00:07:11.123Z
DEMO-DEV-3581,97,2026-09-28T03:26:18.352Z
DEMO-DEV-3598,97,2026-09-24T05:32:38.816Z
DEMO-DEV-3605,97,2026-09-04T02:29:24.975Z
DEMO-DEV-3631,97,2026-09-11T19:29:15.784Z
DEMO-DEV-3647,97,2026-09-01T21:57:31.692Z
DEMO-DEV-3687,97,2026-09-16T09:23:31.535Z
DEMO-DEV-3697,97,2026-09-13T21:52:10.915Z
DEMO-DEV-3728,97,2026-09-29T19:27:49.037Z
DEMO-DEV-3736,97,2026-08-09T22:49:10.811Z
DEMO-DEV-3769,97,2026-09-26T17:18:31.315Z
DEMO-DEV-3799,97,2026-09-30T04:43:40.799Z
DEMO-DEV-3801,97,2026-09-15T10:54:27.811Z
DEMO-DEV-3841,97,2026-09-04T00:45:30.246Z
DEMO-DEV-3848,97,2026-09-07T03:16:19.409Z
DEMO-DEV-3923,97,2026-09-27T19:26:19.523Z
DEMO-DEV-3932,97,2026-09-14T01:49:34.208Z
DEMO-DEV-3948,97,2026-09-30T06:42:55.024Z
DEMO-DEV-3964,97,2026-09-17T00:13:52.068Z
DEMO-DEV-3970,97,2026-09-15T10:36:26.470Z
DEMO-DEV-3976,97,2026-09-01T15:42:45.735Z
DEMO-DEV-4040,97,2026-09-24T16:06:35.368Z
DEMO-DEV-4049,97,2026-09-27T15:39:58.272Z
DEMO-DEV-4063,97,2026-09-27T22:00:26.470Z
DEMO-DEV-4076,97,2026-09-04T18:06:48.155Z
DEMO-DEV-4107,97,2026-08-28T03:22:57.218Z
DEMO-DEV-4114,97,2026-09-23T21:38:44.472Z
DEMO-DEV-4219,97,2026-09-23T23:07:46.222Z
DEMO-DEV-4256,97,2026-09-28T09:30:11.161Z
DEMO-DEV-4265,97,2026-09-24T11:39:19.655Z
DEMO-DEV-4270,97,2026-09-27T05:23:38.150Z
DEMO-DEV-4303,97,2026-09-29T02:17:18.254Z
DEMO-DEV-4308,97,2026-09-03T21:01:27.139Z
DEMO-DEV-4397,97,2026-09-08T00:25:23.666Z
DEMO-DEV-4422,97,2026-08-31T18:36:33.646Z
DEMO-DEV-4438,97,2026-09-19T00:12:48.307Z
DEMO-DEV-4465,97,2026-09-21T08:31:45.298Z
DEMO-DEV-4483,97,2026-09-19T18:21:20.003Z
DEMO-DEV-4485,97,2026-09-15T15:21:10.015Z
DEMO-DEV-4553,97,2026-09-21T14:41:24.428Z
DEMO-DEV-4610,97,2026-09-28T11:00:54.155Z
DEMO-DEV-4617,97,2026-09-28T08:23:00.511Z
DEMO-DEV-4631,97,2026-09-13T13:38:52.428Z
DEMO-DEV-4648,97,2026-09-27T03:36:50.870Z
DEMO-DEV-4662,97,2026-09-08T02:00:20.754Z
DEMO-DEV-4684,97,2026-08-26T19:38:36.714Z
DEMO-DEV-4706,97,2026-08-16T09:38:24.428Z
DEMO-DEV-4729,97,2026-09-27T09:57:12.524Z
DEMO-DEV-4733,97,2026-08-23T10:40:39.428Z
DEMO-DEV-4785,97,2026-09-29T21:16:10.688Z
DEMO-DEV-4843,97,2026-09-29T10:23:24.859Z
DEMO-DEV-4879,97,2026-09-23T13:23:19.298Z
DEMO-DEV-4885,97,2026-09-12T23:09:21.846Z
DEMO-DEV-4906,97,2026-08-15T13:06:43.989Z
DEMO-DEV-4924,97,2026-09-24T06:59:24.443Z
DEMO-DEV-4952,97,2026-09-16T12:13:42.612Z
DEMO-DEV-4964,97,2026-09-06T03:45:50.976Z
DEMO-DEV-4967,97,2026-09-22T01:26:47.315Z
DEMO-DEV-5005,97,2026-09-14T21:03:08.914Z
DEMO-DEV-5020,97,2026-09-06T17:46:30.950Z
DEMO-DEV-5055,97,2026-09-26T04:38:01.804Z
DEMO-DEV-5067,97,2026-09-19T02:07:11.308Z
DEMO-DEV-5080,97,2026-08-29T19:06:26.557Z
DEMO-DEV-5146,97,2026-09-26T17:38:57.021Z
DEMO-DEV-5149,97,2026-09-26T08:30:51.190Z
DEMO-DEV-5221,97,2026-09-25T01:06:24.221Z
DEMO-DEV-5257,97,2026-09-25T09:23:41.859Z
DEMO-DEV-5281,97,2026-08-07T00:52:16.325Z
DEMO-DEV-5287,97,2026-09-16T17:09:52.864Z
DEMO-DEV-5315,97,2026-08-26T09:53:15.391Z
DEMO-DEV-5326,97,2026-09-07T23:39:07.511Z
DEMO-DEV-5369,97,2026-09-28T21:54:48.806Z
DEMO-DEV-5419,97,2026-09-26T21:53:21.238Z
DEMO-DEV-5434,97,2026-09-18T01:17:25.803Z
DEMO-DEV-5439,97,2026-09-05T15:16:25.264Z
DEMO-DEV-5467,97,2026-09-24T18:44:52.676Z
DEMO-DEV-5501,97,2026-09-16T20:19:47.027Z
DEMO-DEV-5534,97,2026-09-19T18:45:21.234Z
DEMO-DEV-5583,97,2026-09-29T12:31:50.222Z
DEMO-DEV-5696,97,2026-08-06T16:34:52.168Z
DEMO-DEV-5749,97,2026-08-15T16:41:46.307Z
DEMO-DEV-5833,97,2026-09-04T22:22:11.370Z
DEMO-DEV-5841,97,2026-09-06T10:31:41.120Z
DEMO-DEV-5879,97,2026-09-16T09:05:39.068Z
DEMO-DEV-5922,97,2026-08-30T16:42:47.462Z
DEMO-DEV-5959,97,2026-09-21T00:09:46.224Z
DEMO-DEV-5980,97,2026-09-22T22:17:32.063Z
DEMO-DEV-5983,97,2026-09-21T15:43:29.204Z
DEMO-DEV-6030,97,2026-09-01T18:29:53.225Z
DEMO-DEV-6039,97,2026-09-21T05:41:03.139Z
DEMO-DEV-6098,97,2026-09-18T15:37:42.391Z
DEMO-DEV-6104,97,2026-09-28T22:46:58.352Z
DEMO-DEV-6122,97,2026-08-18T07:18:24.985Z
DEMO-DEV-6129,97,2026-09-24T21:10:55.208Z
DEMO-DEV-6144,97,2026-09-13T21:56:20.974Z
DEMO-DEV-6148,97,2026-09-30T03:27:02.987Z
DEMO-DEV-6291,97,2026-09-19T12:38:41.537Z
DEMO-DEV-6331,97,2026-09-14T11:48:50.636Z
DEMO-DEV-6374,97,2026-09-15T11:17:17.090Z
DEMO-DEV-6410,97,2026-08-31T02:57:56.974Z
DEMO-DEV-6412,97,2026-09-06T01:46:32.319Z
DEMO-DEV-6418,97,2026-09-30T04:02:22.929Z
DEMO-DEV-6434,97,2026-09-14T22:42:30.120Z
DEMO-DEV-6438,97,2026-09-18T06:53:32.989Z
DEMO-DEV-6494,97,2026-09-10T08:44:57.803Z
DEMO-DEV-6523,97,2026-09-15T22:11:19.817Z
DEMO-DEV-6526,97,2026-09-29T08:52:50.073Z
DEMO-DEV-6538,97,2026-09-29T17:58:08.428Z
DEMO-DEV-6566,97,2026-08-19T04:14:13.168Z
DEMO-DEV-6577,97,2026-09-15T04:41:49.535Z
DEMO-DEV-6606,97,2026-09-27T20:56:06.511Z
DEMO-DEV-6622,97,2026-08-09T12:01:22.873Z
DEMO-DEV-6644,97,2026-09-25T17:48:58.370Z
DEMO-DEV-6681,97,2026-09-19T07:25:26.272Z
DEMO-DEV-6691,97,2026-09-23T02:58:25.221Z
DEMO-DEV-6713,97,2026-09-29T21:26:21.354Z
DEMO-DEV-6714,97,2026-09-03T21:05:58.040Z
DEMO-DEV-6731,97,2026-09-26T06:35:46.614Z
DEMO-DEV-6777,97,2026-09-30T02:20:17.291Z
DEMO-DEV-6845,97,2026-08-17T14:18:43.003Z
DEMO-DEV-6904,97,2026-09-19T20:45:03.799Z
DEMO-DEV-7032,97,2026-09-19T18:48:31.203Z
DEMO-DEV-7042,97,2026-09-28T17:36:54.612Z
DEMO-DEV-7068,97,2026-09-30T06:26:16.719Z
DEMO-DEV-7081,97,2026-09-02T02:05:53.442Z
DEMO-DEV-7103,97,2026-09-23T08:32:58.786Z
DEMO-DEV-7138,97,2026-09-26T17:41:55.803Z
DEMO-DEV-7146,97,2026-09-23T11:51:04.073Z
DEMO-DEV-7150,97,2026-09-08T18:57:16.139Z
DEMO-DEV-7156,97,2026-09-20T21:30:35.023Z
DEMO-DEV-7163,97,2026-09-23T23:58:51.024Z
DEMO-DEV-7189,97,2026-07-03T01:35:39.591Z
DEMO-DEV-7228,97,2026-09-20T05:35:05.511Z
DEMO-DEV-7253,97,2026-09-27T20:09:59.120Z
DEMO-DEV-7254,97,2026-09-15T06:28:17.966Z
DEMO-DEV-7257,97,2026-09-27T10:05:08.080Z
DEMO-DEV-7266,97,2026-09-08T22:22:46.221Z
DEMO-DEV-7267,97,2026-09-28T10:03:21.612Z
DEMO-DEV-7274,97,2026-09-17T13:22:40.836Z
DEMO-DEV-7305,97,2026-09-25T02:18:30.646Z
DEMO-DEV-7334,97,2026-09-23T16:30:24.618Z
DEMO-DEV-7335,97,2026-09-17T06:09:08.204Z
DEMO-DEV-7360,97,2026-09-15T21:21:38.993Z
DEMO-DEV-7361,97,2026-09-22T03:12:29.825Z
DEMO-DEV-7373,97,2026-09-30T01:35:03.948Z
DEMO-DEV-7383,97,2026-09-05T12:06:29.949Z
DEMO-DEV-7384,97,2026-09-22T06:59:21.975Z
DEMO-DEV-7450,97,2026-09-05T07:24:21.877Z
DEMO-DEV-7528,97,2026-09-26T19:54:34.816Z
DEMO-DEV-7532,97,2026-08-19T06:43:18.460Z
DEMO-DEV-7545,97,2026-09-22T10:58:09.966Z
DEMO-DEV-7547,97,2026-09-28T05:12:06.537Z
DEMO-DEV-7558,97,2026-09-29T21:24:20.077Z
DEMO-DEV-7661,97,2026-09-23T16:26:55.497Z
DEMO-DEV-7663,97,2026-09-25T04:03:47.203Z
DEMO-DEV-7671,97,2026-09-14T18:08:01.460Z
DEMO-DEV-7691,97,2026-08-25T23:59:48.537Z
DEMO-DEV-7710,97,2026-09-28T08:36:08.192Z
DEMO-DEV-7718,97,2026-09-19T14:29:08.173Z
DEMO-DEV-7724,97,2026-09-03T05:11:36.155Z
DEMO-DEV-7755,97,2026-09-02T18:05:24.211Z
DEMO-DEV-7793,97,2026-09-27T05:32:05.648Z
DEMO-DEV-7838,97,2026-07-30T03:40:10.325Z
DEMO-DEV-7881,97,2026-09-18T23:34:00.268Z
DEMO-DEV-7882,97,2026-09-18T21:47:46.929Z
DEMO-DEV-7941,97,2026-09-29T15:56:59.446Z
DEMO-DEV-7972,97,2026-09-07T05:07:35.397Z
DEMO-DEV-8013,97,2026-09-25T13:38:21.519Z
DEMO-DEV-8131,97,2026-09-26T10:14:14.639Z
DEMO-DEV-8161,97,2026-09-28T11:02:37.992Z
DEMO-DEV-8178,97,2026-09-23T15:54:40.203Z
DEMO-DEV-8212,97,2026-09-08T04:27:56.402Z
DEMO-DEV-8235,97,2026-08-28T19:12:01.870Z
DEMO-DEV-8248,97,2026-09-20T18:34:33.816Z
DEMO-DEV-8249,97,2026-09-22T21:40:51.578Z
DEMO-DEV-8321,97,2026-09-13T14:17:52.661Z
DEMO-DEV-8339,97,2026-09-02T11:19:42.037Z
DEMO-DEV-8346,97,2026-09-14T19:10:26.825Z
DEMO-DEV-8352,97,2026-09-28T23:21:23.250Z
DEMO-DEV-8382,97,2026-09-10T05:01:32.692Z
DEMO-DEV-8387,97,2026-09-27T20:38:48.160Z
DEMO-DEV-8388,97,2026-09-24T15:40:04.597Z
DEMO-DEV-8407,97,2026-08-13T00:09:08.682Z
DEMO-DEV-8484,97,2026-09-21T00:38:51.811Z
DEMO-DEV-8496,97,2026-09-28T03:46:08.599Z
DEMO-DEV-8506,97,2026-08-29T04:43:12.816Z
DEMO-DEV-8529,97,2026-08-31T22:11:37.618Z
DEMO-DEV-8540,97,2026-09-28T19:13:58.234Z
DEMO-DEV-8551,97,2026-09-16T08:40:46.676Z
DEMO-DEV-8567,97,2026-08-31T07:04:02.472Z
DEMO-DEV-8591,97,2026-09-11T14:47:10.692Z
DEMO-DEV-8615,97,2026-09-29T01:55:29.778Z
DEMO-DEV-8621,97,2026-09-04T00:09:06.917Z
DEMO-DEV-8625,97,2026-09-22T18:59:30.578Z
DEMO-DEV-8647,97,2026-09-22T20:12:40.225Z
DEMO-DEV-8654,97,2026-09-20T21:31:45.063Z
DEMO-DEV-8662,97,2026-09-22T20:39:16.165Z
DEMO-DEV-8668,97,2026-09-27T13:50:13.806Z
DEMO-DEV-8685,97,2026-09-28T07:09:24.727Z
DEMO-DEV-8715,97,2026-08-17T08:20:26.738Z
DEMO-DEV-8719,97,2026-09-17T21:51:40.160Z
DEMO-DEV-8729,97,2026-09-17T18:21:26.221Z
DEMO-DEV-8810,97,2026-09-02T22:39:59.578Z
DEMO-DEV-8818,97,2026-09-10T07:51:11.817Z
DEMO-DEV-8913,97,2026-09-01T02:49:39.968Z
DEMO-DEV-8922,97,2026-09-23T18:36:04.337Z
DEMO-DEV-8929,97,2026-06-22T09:36:16.658Z
DEMO-DEV-8942,97,2026-09-27T13:30:46.221Z
DEMO-DEV-9007,97,2026-09-05T11:22:13.045Z
DEMO-DEV-9035,97,2026-09-22T10:12:33.597Z
DEMO-DEV-9037,97,2026-09-03T16:02:02.239Z
DEMO-DEV-9042,97,2026-09-26T20:52:49.289Z
DEMO-DEV-9055,97,2026-09-26T00:25:21.307Z
DEMO-DEV-9102,97,2026-09-27T05:39:33.864Z
DEMO-DEV-9110,97,2026-09-25T02:56:49.307Z
DEMO-DEV-9112,97,2026-09-21T09:15:27.015Z
DEMO-DEV-9125,97,2026-08-31T23:39:07.612Z
DEMO-DEV-9138,97,2026-09-03T22:43:27.607Z
DEMO-DEV-9154,97,2026-08-22T00:17:58.134Z
DEMO-DEV-9161,97,2026-08-30T05:45:18.224Z
DEMO-DEV-9165,97,2026-09-13T17:39:17.014Z
DEMO-DEV-9167,97,2026-09-27T08:05:09.666Z
DEMO-DEV-9189,97,2026-09-20T01:18:30.870Z
DEMO-DEV-9208,97,2026-09-09T18:55:18.190Z
DEMO-DEV-9217,97,2026-09-25T11:01:11.527Z
DEMO-DEV-9250,97,2026-09-08T19:31:37.804Z
DEMO-DEV-9260,97,2026-09-13T20:31:42.319Z
DEMO-DEV-9302,97,2026-09-24T19:40:52.254Z
DEMO-DEV-9311,97,2026-09-24T08:24:55.203Z
DEMO-DEV-9315,97,2026-09-22T22:40:02.975Z
DEMO-DEV-9323,97,2026-08-28T11:32:09.068Z
DEMO-DEV-9416,97,2026-09-22T07:36:52.668Z
DEMO-DEV-9421,97,2026-09-25T08:47:57.719Z
DEMO-DEV-9467,97,2026-08-30T10:00:47.226Z
DEMO-DEV-9535,97,2026-08-27T07:57:31.950Z
DEMO-DEV-9569,97,2026-09-04T23:32:53.397Z
DEMO-DEV-9606,97,2026-09-25T17:28:17.232Z
DEMO-DEV-9623,97,2026-09-18T19:42:30.120Z
DEMO-DEV-9646,97,2026-09-10T06:05:17.189Z
DEMO-DEV-9651,97,2026-09-24T12:02:40.493Z
DEMO-DEV-9658,97,2026-09-28T18:09:57.370Z
DEMO-DEV-9669,97,2026-09-29T00:42:31.727Z
DEMO-DEV-9685,97,2026-09-21T18:07:33.778Z
DEMO-DEV-9687,97,2026-09-21T14:49:20.470Z
DEMO-DEV-9691,97,2026-09-26T12:39:58.073Z
DEMO-DEV-9697,97,2026-09-29T08:39:27.816Z
DEMO-DEV-9709,97,2026-09-21T05:46:30.352Z
DEMO-DEV-9714,97,2026-09-17T21:14:55.965Z
DEMO-DEV-9738,97,2026-09-27T01:02:12.230Z
DEMO-DEV-9754,97,2026-09-28T23:56:24.026Z
DEMO-DEV-9756,97,2026-09-19T02:59:30.442Z
DEMO-DEV-9770,97,2026-08-30T15:25:38.864Z
DEMO-DEV-9800,97,2026-09-09T07:21:16.682Z
DEMO-DEV-9852,97,2026-09-21T13:32:47.298Z
DEMO-DEV-9900,97,2026-09-26T02:21:28.597Z
DEMO-DEV-9904,97,2026-09-18T18:49:33.300Z
DEMO-DEV-9918,97,2026-09-20T02:15:34.077Z
DEMO-DEV-9928,97,2026-08-25T11:57:02.966Z
DEMO-DEV-0007,96,2026-08-27T09:04:55.370Z
DEMO-DEV-0035,96,2026-09-25T20:03:45.612Z
DEMO-DEV-0041,96,2026-09-25T05:34:45.505Z
DEMO-DEV-0055,96,2026-09-18T22:39:24.253Z
DEMO-DEV-0059,96,2026-09-24T21:40:39.817Z
DEMO-DEV-0060,96,2026-09-23T08:42:41.778Z
DEMO-DEV-0080,96,2026-08-16T10:36:19.727Z
DEMO-DEV-0082,96,2026-09-12T15:38:01.976Z
DEMO-DEV-0109,96,2026-08-21T03:39:24.607Z
DEMO-DEV-0117,96,2026-09-24T22:17:11.428Z
DEMO-DEV-0189,96,2026-09-13T23:00:35.976Z
DEMO-DEV-0194,96,2026-09-11T05:49:39.123Z
DEMO-DEV-0199,96,2026-07-30T02:18:39.120Z
DEMO-DEV-0255,96,2026-08-14T21:58:06.877Z
DEMO-DEV-0261,96,2026-09-09T16:06:04.023Z
DEMO-DEV-0284,96,2026-09-15T07:14:38.666Z
DEMO-DEV-0303,96,2026-09-19T23:20:13.232Z
DEMO-DEV-0304,96,2026-07-21T18:02:33.123Z
DEMO-DEV-0310,96,2026-08-06T14:39:00.239Z
DEMO-DEV-0369,96,2026-09-07T17:06:49.357Z
DEMO-DEV-0400,96,2026-09-25T10:30:31.804Z
DEMO-DEV-0408,96,2026-09-10T03:28:09.754Z
DEMO-DEV-0464,96,2026-09-28T14:52:17.253Z
DEMO-DEV-0471,96,2026-09-15T14:11:15.816Z
DEMO-DEV-0486,96,2026-07-05T03:55:27.646Z
DEMO-DEV-0487,96,2026-09-17T13:52:32.974Z
DEMO-DEV-0522,96,2026-09-16T23:29:23.661Z
DEMO-DEV-0529,96,2026-08-14T07:35:37.524Z
DEMO-DEV-0552,96,2026-09-07T23:05:44.914Z
DEMO-DEV-0554,96,2026-09-30T03:20:14.825Z
DEMO-DEV-0588,96,2026-09-23T04:35:10.232Z
DEMO-DEV-0590,96,2026-09-21T08:10:59.443Z
DEMO-DEV-0605,96,2026-09-14T14:50:42.300Z
DEMO-DEV-0635,96,2026-09-15T21:41:33.993Z
DEMO-DEV-0684,96,2026-09-15T21:17:31.077Z
DEMO-DEV-0694,96,2026-09-30T01:58:19.816Z
DEMO-DEV-0712,96,2026-09-21T02:18:03.752Z
DEMO-DEV-0737,96,2026-09-14T15:28:54.735Z
DEMO-DEV-0748,96,2026-08-27T11:39:23.370Z
DEMO-DEV-0756,96,2026-09-20T05:31:37.239Z
DEMO-DEV-0776,96,2026-09-29T04:52:42.068Z
DEMO-DEV-0785,96,2026-09-24T22:05:28.370Z
DEMO-DEV-0804,96,2026-09-17T00:57:05.792Z
DEMO-DEV-0810,96,2026-09-24T06:33:53.839Z
DEMO-DEV-0813,96,2026-09-29T15:00:37.992Z
DEMO-DEV-0829,96,2026-09-25T22:04:43.460Z
DEMO-DEV-0849,96,2026-09-27T23:09:46.974Z
DEMO-DEV-0859,96,2026-09-28T06:10:04.397Z
DEMO-DEV-0881,96,2026-09-18T14:13:30.063Z
DEMO-DEV-0889,96,2026-08-10T02:40:03.366Z
DEMO-DEV-0895,96,2026-09-28T01:16:47.319Z
DEMO-DEV-0903,96,2026-09-29T02:51:34.167Z
DEMO-DEV-0911,96,2026-09-16T14:06:47.173Z
DEMO-DEV-0919,96,2026-09-24T08:05:44.239Z
DEMO-DEV-0999,96,2026-09-24T00:12:00.842Z
DEMO-DEV-1011,96,2026-09-10T16:18:03.851Z
DEMO-DEV-1035,96,2026-09-17T00:59:46.442Z
DEMO-DEV-1050,96,2026-09-14T06:33:07.160Z
DEMO-DEV-1067,96,2026-09-27T05:47:39.841Z
DEMO-DEV-1092,96,2026-09-07T05:30:33.926Z
DEMO-DEV-1107,96,2026-09-04T07:30:28.599Z
DEMO-DEV-1140,96,2026-09-02T13:09:15.778Z
DEMO-DEV-1152,96,2026-08-05T11:19:49.138Z
DEMO-DEV-1181,96,2026-09-23T13:54:07.226Z
DEMO-DEV-1184,96,2026-09-30T06:22:25.877Z
DEMO-DEV-1241,96,2026-08-24T14:06:31.803Z
DEMO-DEV-1250,96,2026-09-29T21:43:58.168Z
DEMO-DEV-1299,96,2026-09-24T22:17:40.366Z
DEMO-DEV-1314,96,2026-09-26T00:13:56.710Z
DEMO-DEV-1330,96,2026-09-14T01:34:20.929Z
DEMO-DEV-1332,96,2026-09-21T18:38:11.792Z
DEMO-DEV-1333,96,2026-09-24T17:16:33.460Z
DEMO-DEV-1345,96,2026-09-07T11:25:06.090Z
DEMO-DEV-1355,96,2026-09-12T17:32:47.026Z
DEMO-DEV-1405,96,2026-09-10T22:51:00.523Z
DEMO-DEV-1467,96,2026-09-16T16:39:28.966Z
DEMO-DEV-1538,96,2026-09-09T22:06:31.493Z
DEMO-DEV-1545,96,2026-09-28T07:07:21.289Z
DEMO-DEV-1606,96,2026-09-30T06:23:35.738Z
DEMO-DEV-1633,96,2026-09-13T01:11:18.614Z
DEMO-DEV-1641,96,2026-09-30T06:13:41.038Z
DEMO-DEV-1670,96,2026-09-28T19:35:58.203Z
DEMO-DEV-1677,96,2026-09-30T04:53:46.524Z
DEMO-DEV-1722,96,2026-09-11T07:36:03.949Z
DEMO-DEV-1727,96,2026-09-22T06:49:28.192Z
DEMO-DEV-1730,96,2026-09-11T07:40:33.225Z
DEMO-DEV-1769,96,2026-09-27T08:44:39.524Z
DEMO-DEV-1797,96,2026-09-29T21:10:51.568Z
DEMO-DEV-1819,96,2026-09-18T10:48:12.470Z
DEMO-DEV-1820,96,2026-08-15T11:39:48.688Z
DEMO-DEV-1838,96,2026-09-25T23:37:53.545Z
DEMO-DEV-1862,96,2026-09-27T14:26:46.189Z
DEMO-DEV-1885,96,2026-09-21T11:01:44.846Z
DEMO-DEV-1910,96,2026-09-27T15:17:25.390Z
DEMO-DEV-1933,96,2026-09-21T20:32:33.949Z
DEMO-DEV-2050,96,2026-09-06T02:50:43.287Z
DEMO-DEV-2088,96,2026-08-31T03:54:52.403Z
DEMO-DEV-2089,96,2026-09-29T22:32:00.806Z
DEMO-DEV-2094,96,2026-09-19T04:54:30.607Z
DEMO-DEV-2150,96,2026-09-24T06:42:25.120Z
DEMO-DEV-2178,96,2026-09-17T12:46:55.357Z
DEMO-DEV-2202,96,2026-08-29T15:08:24.345Z
DEMO-DEV-2204,96,2026-09-16T04:08:55.885Z
DEMO-DEV-2229,96,2026-09-22T18:21:04.455Z
DEMO-DEV-2230,96,2026-09-23T19:56:27.190Z
DEMO-DEV-2272,96,2026-08-02T10:06:20.409Z
DEMO-DEV-2274,96,2026-09-03T05:12:01.913Z
DEMO-DEV-2278,96,2026-09-25T03:39:09.917Z
DEMO-DEV-2328,96,2026-09-21T11:04:15.415Z
DEMO-DEV-2359,96,2026-09-16T09:15:03.639Z
DEMO-DEV-2365,96,2026-09-23T12:46:15.863Z
DEMO-DEV-2384,96,2026-09-08T15:29:16.917Z
DEMO-DEV-2404,96,2026-07-19T14:44:31.365Z
DEMO-DEV-2445,96,2026-09-25T20:51:29.038Z
DEMO-DEV-2450,96,2026-08-30T05:47:51.236Z
DEMO-DEV-2453,96,2026-09-26T09:14:13.842Z
DEMO-DEV-2460,96,2026-09-21T23:09:11.370Z
DEMO-DEV-2462,96,2026-09-16T11:29:08.250Z
DEMO-DEV-2464,96,2026-08-11T18:13:32.230Z
DEMO-DEV-2477,96,2026-09-12T12:07:16.225Z
DEMO-DEV-2528,96,2026-09-04T19:07:53.365Z
DEMO-DEV-2651,96,2026-09-14T16:53:11.222Z
DEMO-DEV-2657,96,2026-09-27T14:20:52.817Z
DEMO-DEV-2666,96,2026-08-03T15:16:58.661Z
DEMO-DEV-2731,96,2026-08-20T08:32:04.225Z
DEMO-DEV-2749,96,2026-09-22T15:01:12.508Z
DEMO-DEV-2775,96,2026-08-28T06:08:21.658Z
DEMO-DEV-2776,96,2026-06-19T08:11:06.075Z
DEMO-DEV-2782,96,2026-09-05T01:52:04.302Z
DEMO-DEV-2808,96,2026-06-23T12:50:32.402Z
DEMO-DEV-2826,96,2026-09-14T09:27:40.428Z
DEMO-DEV-2832,96,2026-09-08T00:04:32.784Z
DEMO-DEV-2834,96,2026-09-02T00:12:02.655Z
DEMO-DEV-2865,96,2026-09-10T01:54:31.225Z
DEMO-DEV-2870,96,2026-09-14T05:13:09.968Z
DEMO-DEV-2892,96,2026-09-16T14:28:24.004Z
DEMO-DEV-2893,96,2026-09-23T06:12:31.239Z
DEMO-DEV-2914,96,2026-09-14T06:14:09.120Z
DEMO-DEV-2919,96,2026-09-23T12:26:44.368Z
DEMO-DEV-2950,96,2026-09-28T18:30:30.843Z
DEMO-DEV-2956,96,2026-09-24T13:38:23.614Z
DEMO-DEV-2977,96,2026-08-26T15:34:00.224Z
DEMO-DEV-2980,96,2026-09-26T09:38:32.204Z
DEMO-DEV-2986,96,2026-09-01T13:30:20.591Z
DEMO-DEV-2992,96,2026-09-22T18:39:52.782Z
DEMO-DEV-2997,96,2026-09-14T13:08:22.839Z
DEMO-DEV-3002,96,2026-09-25T00:14:37.239Z
DEMO-DEV-3029,96,2026-09-23T08:52:43.014Z
DEMO-DEV-3040,96,2026-08-25T19:15:52.568Z
DEMO-DEV-3087,96,2026-09-16T22:32:35.839Z
DEMO-DEV-3123,96,2026-09-13T01:07:19.865Z
DEMO-DEV-3137,96,2026-09-25T10:21:24.037Z
DEMO-DEV-3149,96,2026-09-13T06:28:26.989Z
DEMO-DEV-3270,96,2026-09-29T22:16:14.023Z
DEMO-DEV-3364,96,2026-08-21T07:49:09.442Z
DEMO-DEV-3376,96,2026-08-25T18:27:12.004Z
DEMO-DEV-3394,96,2026-08-22T23:57:03.003Z
DEMO-DEV-3403,96,2026-09-13T15:24:21.366Z
DEMO-DEV-3453,96,2026-09-18T22:46:34.646Z
DEMO-DEV-3458,96,2026-09-29T02:33:42.203Z
DEMO-DEV-3540,96,2026-09-28T08:13:29.545Z
DEMO-DEV-3551,96,2026-09-08T06:55:13.914Z
DEMO-DEV-3562,96,2026-09-25T17:42:01.795Z
DEMO-DEV-3682,96,2026-09-22T10:35:47.864Z
DEMO-DEV-3693,96,2026-08-25T10:36:17.863Z
DEMO-DEV-3699,96,2026-09-27T13:53:46.929Z
DEMO-DEV-3761,96,2026-09-28T20:16:47.203Z
DEMO-DEV-3795,96,2026-08-23T13:17:11.253Z
DEMO-DEV-3810,96,2026-09-04T14:41:48.949Z
DEMO-DEV-3823,96,2026-09-27T08:30:02.976Z
DEMO-DEV-3846,96,2026-08-08T16:11:27.004Z
DEMO-DEV-3862,96,2026-09-09T11:32:03.636Z
DEMO-DEV-3905,96,2026-09-30T01:30:31.087Z
DEMO-DEV-3931,96,2026-09-29T10:16:15.839Z
DEMO-DEV-3958,96,2026-08-31T20:26:35.226Z
DEMO-DEV-3967,96,2026-09-22T08:23:58.535Z
DEMO-DEV-3989,96,2026-09-29T06:48:58.784Z
DEMO-DEV-3997,96,2026-09-04T00:38:06.816Z
DEMO-DEV-4041,96,2026-09-14T17:09:00.172Z
DEMO-DEV-4097,96,2026-09-27T19:58:59.985Z
DEMO-DEV-4174,96,2026-09-28T00:44:21.993Z
DEMO-DEV-4195,96,2026-09-25T01:33:55.470Z
DEMO-DEV-4228,96,2026-09-20T09:31:39.354Z
DEMO-DEV-4236,96,2026-09-22T09:16:53.658Z
DEMO-DEV-4310,96,2026-09-28T06:19:00.238Z
DEMO-DEV-4313,96,2026-09-25T12:05:38.948Z
DEMO-DEV-4362,96,2026-09-26T07:45:33.519Z
DEMO-DEV-4399,96,2026-08-30T02:26:22.004Z
DEMO-DEV-4402,96,2026-09-16T23:58:52.428Z
DEMO-DEV-4420,96,2026-09-16T19:41:32.120Z
DEMO-DEV-4452,96,2026-09-27T23:03:42.688Z
DEMO-DEV-4490,96,2026-09-21T07:55:23.120Z
DEMO-DEV-4542,96,2026-09-18T15:13:38.884Z
DEMO-DEV-4556,96,2026-09-24T10:07:53.505Z
DEMO-DEV-4581,96,2026-08-24T15:12:03.661Z
DEMO-DEV-4590,96,2026-09-29T05:31:00.948Z
DEMO-DEV-4695,96,2026-09-26T04:07:37.692Z
DEMO-DEV-4699,96,2026-09-23T14:25:20.073Z
DEMO-DEV-4703,96,2026-09-21T14:39:52.090Z
DEMO-DEV-4710,96,2026-08-30T16:51:14.394Z
DEMO-DEV-4712,96,2026-09-27T11:15:07.021Z
DEMO-DEV-4750,96,2026-09-07T19:13:26.238Z
DEMO-DEV-4780,96,2026-09-23T12:24:47.415Z
DEMO-DEV-4782,96,2026-09-19T20:58:06.792Z
DEMO-DEV-4806,96,2026-09-28T19:33:31.168Z
DEMO-DEV-4841,96,2026-09-21T22:34:35.225Z
DEMO-DEV-4851,96,2026-09-10T15:31:47.646Z
DEMO-DEV-4886,96,2026-08-23T14:41:27.646Z
DEMO-DEV-4889,96,2026-09-16T17:29:41.511Z
DEMO-DEV-4899,96,2026-09-27T20:18:34.120Z
DEMO-DEV-4907,96,2026-09-29T19:52:04.864Z
DEMO-DEV-4925,96,2026-09-26T14:26:01.824Z
DEMO-DEV-4954,96,2026-09-25T15:46:29.612Z
DEMO-DEV-4972,96,2026-09-29T13:36:12.987Z
DEMO-DEV-4986,96,2026-09-04T02:35:57.839Z
DEMO-DEV-5049,96,2026-09-20T05:28:19.597Z
DEMO-DEV-5058,96,2026-09-28T01:29:57.442Z
DEMO-DEV-5099,96,2026-09-27T16:16:24.817Z
DEMO-DEV-5123,96,2026-09-14T23:42:59.253Z
DEMO-DEV-5160,96,2026-09-11T22:57:51.873Z
DEMO-DEV-5206,96,2026-09-12T13:13:50.555Z
DEMO-DEV-5222,96,2026-09-30T06:10:14.298Z
DEMO-DEV-5223,96,2026-09-19T01:09:16.203Z
DEMO-DEV-5249,96,2026-08-19T19:49:31.442Z
DEMO-DEV-5286,96,2026-09-29T06:24:11.816Z
DEMO-DEV-5313,96,2026-09-26T10:47:07.120Z
DEMO-DEV-5317,96,2026-09-01T16:23:47.868Z
DEMO-DEV-5320,96,2026-09-26T01:02:28.120Z
DEMO-DEV-5339,96,2026-08-30T05:52:12.120Z
DEMO-DEV-5353,96,2026-09-26T13:37:45.658Z
DEMO-DEV-5362,96,2026-09-15T16:14:14.455Z
DEMO-DEV-5385,96,2026-09-23T17:15:00.836Z
DEMO-DEV-5394,96,2026-09-13T01:56:36.719Z
DEMO-DEV-5455,96,2026-09-22T04:11:29.221Z
DEMO-DEV-5470,96,2026-09-30T07:48:15.676Z
DEMO-DEV-5508,96,2026-09-24T00:40:36.466Z
DEMO-DEV-5521,96,2026-09-03T16:05:09.948Z
DEMO-DEV-5522,96,2026-09-06T13:23:00.218Z
DEMO-DEV-5563,96,2026-09-20T10:31:08.535Z
DEMO-DEV-5599,96,2026-09-23T10:04:55.246Z
DEMO-DEV-5602,96,2026-09-20T12:01:50.308Z
DEMO-DEV-5621,96,2026-09-26T14:13:46.370Z
DEMO-DEV-5641,96,2026-08-23T00:39:31.914Z
DEMO-DEV-5665,96,2026-09-20T17:39:47.080Z
DEMO-DEV-5673,96,2026-09-27T22:50:27.183Z
DEMO-DEV-5751,96,2026-09-09T21:10:12.298Z
DEMO-DEV-5802,96,2026-09-16T23:49:41.203Z
DEMO-DEV-5813,96,2026-08-30T11:42:58.123Z
DEMO-DEV-5820,96,2026-08-03T23:56:12.138Z
DEMO-DEV-5844,96,2026-09-28T18:55:56.493Z
DEMO-DEV-5846,96,2026-08-19T14:54:17.985Z
DEMO-DEV-5853,96,2026-09-29T14:41:53.026Z
DEMO-DEV-5919,96,2026-09-14T10:02:40.865Z
DEMO-DEV-5931,96,2026-09-27T16:56:44.027Z
DEMO-DEV-5944,96,2026-09-09T20:44:25.024Z
DEMO-DEV-5957,96,2026-09-24T18:56:24.926Z
DEMO-DEV-5994,96,2026-09-26T04:08:19.646Z
DEMO-DEV-5996,96,2026-09-25T20:02:04.754Z
DEMO-DEV-6026,96,2026-09-23T22:56:27.037Z
DEMO-DEV-6035,96,2026-09-24T12:53:40.584Z
DEMO-DEV-6043,96,2026-09-06T00:31:09.917Z
DEMO-DEV-6057,96,2026-09-29T08:21:38.519Z
DEMO-DEV-6061,96,2026-09-27T03:58:51.612Z
DEMO-DEV-6079,96,2026-09-19T01:26:56.714Z
DEMO-DEV-6094,96,2026-09-03T18:46:56.225Z
DEMO-DEV-6103,96,2026-09-16T22:39:36.688Z
DEMO-DEV-6141,96,2026-08-27T01:38:55.841Z
DEMO-DEV-6149,96,2026-09-17T21:55:21.150Z
DEMO-DEV-6157,96,2026-08-04T17:09:36.497Z
DEMO-DEV-6172,96,2026-09-16T21:21:03.063Z
DEMO-DEV-6177,96,2026-09-26T17:36:06.080Z
DEMO-DEV-6194,96,2026-09-27T16:41:27.298Z
DEMO-DEV-6234,96,2026-09-07T02:56:59.500Z
DEMO-DEV-6267,96,2026-09-27T04:49:34.752Z
DEMO-DEV-6316,96,2026-09-20T05:44:58.692Z
DEMO-DEV-6325,96,2026-09-29T09:41:02.497Z
DEMO-DEV-6363,96,2026-09-15T02:50:46.605Z
DEMO-DEV-6378,96,2026-08-17T16:22:45.682Z
DEMO-DEV-6446,96,2026-09-07T04:36:03.167Z
DEMO-DEV-6449,96,2026-09-24T12:06:34.965Z
DEMO-DEV-6464,96,2026-09-21T00:17:48.864Z
DEMO-DEV-6469,96,2026-09-23T16:18:31.472Z
DEMO-DEV-6487,96,2026-09-16T10:35:32.442Z
DEMO-DEV-6516,96,2026-09-18T06:47:07.843Z
DEMO-DEV-6567,96,2026-08-24T19:51:45.524Z
DEMO-DEV-6568,96,2026-09-27T11:53:29.497Z
DEMO-DEV-6603,96,2026-09-13T22:51:42.485Z
DEMO-DEV-6609,96,2026-09-24T12:41:54.811Z
DEMO-DEV-6638,96,2026-09-19T21:27:17.239Z
DEMO-DEV-6721,96,2026-09-18T14:54:29.639Z
DEMO-DEV-6725,96,2026-09-29T10:35:32.676Z
DEMO-DEV-6757,96,2026-09-24T06:19:38.508Z
DEMO-DEV-6801,96,2026-09-26T22:41:23.409Z
DEMO-DEV-6819,96,2026-09-25T04:27:18.929Z
DEMO-DEV-6823,96,2026-08-30T17:44:02.843Z
DEMO-DEV-6832,96,2026-09-25T12:25:16.688Z
DEMO-DEV-6837,96,2026-08-16T04:48:03.692Z
DEMO-DEV-6843,96,2026-09-23T14:49:40.015Z
DEMO-DEV-6857,96,2026-09-24T02:58:50.782Z
DEMO-DEV-6873,96,2026-09-02T03:29:44.614Z
DEMO-DEV-6891,96,2026-09-23T07:11:40.817Z
DEMO-DEV-6937,96,2026-09-08T07:18:55.817Z
DEMO-DEV-6950,96,2026-09-15T19:41:10.015Z
DEMO-DEV-6954,96,2026-09-12T21:03:53.239Z
DEMO-DEV-6966,96,2026-08-28T14:20:16.865Z
DEMO-DEV-6967,96,2026-09-12T00:50:25.232Z
DEMO-DEV-6976,96,2026-09-09T14:45:36.976Z
DEMO-DEV-6994,96,2026-09-12T18:07:45.403Z
DEMO-DEV-7013,96,2026-09-26T05:55:24.884Z
DEMO-DEV-7096,96,2026-09-11T23:07:17.864Z
DEMO-DEV-7104,96,2026-09-09T07:05:08.075Z
DEMO-DEV-7110,96,2026-09-29T15:40:28.189Z
DEMO-DEV-7153,96,2026-09-25T08:16:21.189Z
DEMO-DEV-7158,96,2026-09-21T19:00:53.503Z
DEMO-DEV-7210,96,2026-09-24T04:22:15.307Z
DEMO-DEV-7219,96,2026-09-18T01:31:08.289Z
DEMO-DEV-7231,96,2026-09-13T05:14:45.203Z
DEMO-DEV-7238,96,2026-09-20T22:52:04.253Z
DEMO-DEV-7250,96,2026-09-29T04:10:09.203Z
DEMO-DEV-7279,96,2026-09-30T04:44:45.246Z
DEMO-DEV-7343,96,2026-09-20T09:37:12.992Z
DEMO-DEV-7410,96,2026-09-28T09:48:57.485Z
DEMO-DEV-7445,96,2026-09-03T22:42:16.804Z
DEMO-DEV-7459,96,2026-07-26T22:14:04.024Z
DEMO-DEV-7466,96,2026-09-21T09:06:13.402Z
DEMO-DEV-7468,96,2026-09-12T04:15:38.949Z
DEMO-DEV-7491,96,2026-08-10T21:58:43.415Z
DEMO-DEV-7493,96,2026-09-17T19:18:21.232Z
DEMO-DEV-7494,96,2026-09-01T18:29:35.298Z
DEMO-DEV-7521,96,2026-09-02T20:03:08.370Z
DEMO-DEV-7524,96,2026-09-23T08:10:20.391Z
DEMO-DEV-7536,96,2026-09-28T13:09:06.682Z
DEMO-DEV-7568,96,2026-09-25T11:43:28.203Z
DEMO-DEV-7578,96,2026-09-26T12:35:18.688Z
DEMO-DEV-7589,96,2026-09-19T09:37:31.234Z
DEMO-DEV-7591,96,2026-09-17T07:31:51.646Z
DEMO-DEV-7604,96,2026-08-23T19:31:47.974Z
DEMO-DEV-7606,96,2026-09-26T05:30:43.778Z
DEMO-DEV-7608,96,2026-09-29T20:39:33.415Z
DEMO-DEV-7621,96,2026-09-19T14:22:15.578Z
DEMO-DEV-7647,96,2026-09-19T01:36:43.253Z
DEMO-DEV-7648,96,2026-09-27T20:04:09.682Z
DEMO-DEV-7673,96,2026-09-28T20:40:31.523Z
DEMO-DEV-7678,96,2026-09-29T12:50:02.666Z
DEMO-DEV-7695,96,2026-09-11T04:31:32.975Z
DEMO-DEV-7701,96,2026-09-27T01:52:44.782Z
DEMO-DEV-7708,96,2026-09-22T21:22:54.302Z
DEMO-DEV-7712,96,2026-09-29T00:39:51.863Z
DEMO-DEV-7733,96,2026-08-06T23:51:53.225Z
DEMO-DEV-7734,96,2026-09-27T12:04:17.172Z
DEMO-DEV-7753,96,2026-08-23T19:24:59.508Z
DEMO-DEV-7820,96,2026-09-19T06:05:37.014Z
DEMO-DEV-7836,96,2026-09-26T02:45:42.688Z
DEMO-DEV-7853,96,2026-09-28T09:49:17.004Z
DEMO-DEV-7862,96,2026-09-28T01:02:04.949Z
DEMO-DEV-7865,96,2026-09-11T11:25:02.319Z
DEMO-DEV-7872,96,2026-09-16T06:39:58.524Z
DEMO-DEV-7877,96,2026-09-06T18:31:55.784Z
DEMO-DEV-7883,96,2026-09-26T21:37:48.803Z
DEMO-DEV-7899,96,2026-08-22T21:44:42.913Z
DEMO-DEV-7906,96,2026-09-30T06:22:10.682Z
DEMO-DEV-7976,96,2026-09-16T12:42:46.989Z
DEMO-DEV-8035,96,2026-08-09T15:53:41.462Z
DEMO-DEV-8099,96,2026-09-29T18:20:26.123Z
DEMO-DEV-8122,96,2026-09-27T13:29:17.692Z
DEMO-DEV-8133,96,2026-08-25T19:14:57.289Z
DEMO-DEV-8144,96,2026-08-12T12:10:26.077Z
DEMO-DEV-8155,96,2026-08-30T18:01:15.511Z
DEMO-DEV-8220,96,2026-09-14T20:57:23.203Z
DEMO-DEV-8223,96,2026-09-21T06:47:19.365Z
DEMO-DEV-8236,96,2026-09-26T21:49:07.556Z
DEMO-DEV-8265,96,2026-08-13T11:13:00.778Z
DEMO-DEV-8285,96,2026-09-24T02:32:52.208Z
DEMO-DEV-8354,96,2026-08-05T06:47:53.026Z
DEMO-DEV-8369,96,2026-09-27T06:04:04.291Z
DEMO-DEV-8442,96,2026-09-17T08:34:01.513Z
DEMO-DEV-8443,96,2026-09-05T14:35:43.785Z
DEMO-DEV-8478,96,2026-09-24T01:33:38.851Z
DEMO-DEV-8480,96,2026-09-22T06:04:21.497Z
DEMO-DEV-8482,96,2026-09-28T09:58:06.368Z
DEMO-DEV-8504,96,2026-09-28T04:34:11.139Z
DEMO-DEV-8541,96,2026-09-29T07:06:00.352Z
DEMO-DEV-8550,96,2026-09-11T01:53:20.556Z
DEMO-DEV-8563,96,2026-09-24T11:06:13.470Z
DEMO-DEV-8572,96,2026-09-25T17:39:04.038Z
DEMO-DEV-8574,96,2026-09-10T20:56:54.493Z
DEMO-DEV-8597,96,2026-08-31T20:11:38.120Z
DEMO-DEV-8610,96,2026-09-15T07:40:45.870Z
DEMO-DEV-8624,96,2026-09-05T09:37:32.027Z
DEMO-DEV-8627,96,2026-09-27T01:06:10.841Z
DEMO-DEV-8657,96,2026-09-22T06:02:29.950Z
DEMO-DEV-8702,96,2026-08-19T11:09:17.236Z
DEMO-DEV-8734,96,2026-09-19T01:21:47.636Z
DEMO-DEV-8745,96,2026-09-19T15:46:34.230Z
DEMO-DEV-8812,96,2026-09-27T10:26:51.969Z
DEMO-DEV-8831,96,2026-09-12T00:50:28.442Z
DEMO-DEV-8836,96,2026-09-27T21:31:25.208Z
DEMO-DEV-8867,96,2026-09-29T00:25:20.987Z
DEMO-DEV-8871,96,2026-09-19T15:22:41.843Z
DEMO-DEV-8911,96,2026-09-14T16:30:10.155Z
DEMO-DEV-8930,96,2026-09-14T09:09:38.976Z
DEMO-DEV-8935,96,2026-08-16T08:00:55.682Z
DEMO-DEV-8945,96,2026-09-16T04:07:45.252Z
DEMO-DEV-8946,96,2026-09-28T18:07:25.397Z
DEMO-DEV-8951,96,2026-08-30T11:39:30.523Z
DEMO-DEV-8992,96,2026-09-13T18:28:33.357Z
DEMO-DEV-9003,96,2026-09-25T07:22:27.795Z
DEMO-DEV-9018,96,2026-09-23T16:02:56.799Z
DEMO-DEV-9021,96,2026-09-27T22:42:31.682Z
DEMO-DEV-9087,96,2026-09-22T03:34:27.523Z
DEMO-DEV-9096,96,2026-09-11T02:01:21.203Z
DEMO-DEV-9151,96,2026-08-14T03:11:08.183Z
DEMO-DEV-9164,96,2026-09-10T01:30:53.668Z
DEMO-DEV-9185,96,2026-09-23T12:57:04.636Z
DEMO-DEV-9191,96,2026-09-26T10:37:22.765Z
DEMO-DEV-9222,96,2026-09-20T00:53:03.315Z
DEMO-DEV-9229,96,2026-09-29T19:40:42.636Z
DEMO-DEV-9231,96,2026-09-28T14:31:00.319Z
DEMO-DEV-9247,96,2026-09-27T23:08:22.466Z
DEMO-DEV-9259,96,2026-09-30T01:37:28.618Z
DEMO-DEV-9262,96,2026-09-28T19:25:09.308Z
DEMO-DEV-9290,96,2026-09-26T17:16:44.817Z
DEMO-DEV-9295,96,2026-09-30T01:09:38.325Z
DEMO-DEV-9325,96,2026-09-18T19:07:59.976Z
DEMO-DEV-9330,96,2026-09-25T21:26:57.568Z
DEMO-DEV-9389,96,2026-09-22T14:39:29.618Z
DEMO-DEV-9403,96,2026-08-18T13:54:16.612Z
DEMO-DEV-9404,96,2026-08-31T05:39:34.161Z
DEMO-DEV-9420,96,2026-09-23T02:02:05.155Z
DEMO-DEV-9442,96,2026-09-27T18:41:29.315Z
DEMO-DEV-9475,96,2026-09-24T14:07:05.765Z
DEMO-DEV-9568,96,2026-09-11T02:20:18.224Z
DEMO-DEV-9571,96,2026-08-19T20:02:22.192Z
DEMO-DEV-9575,96,2026-09-26T16:27:57.618Z
DEMO-DEV-9588,96,2026-09-09T01:14:53.370Z
DEMO-DEV-9600,96,2026-09-25T08:31:19.040Z
DEMO-DEV-9604,96,2026-09-27T05:56:15.370Z
DEMO-DEV-9622,96,2026-09-27T20:22:46.390Z
DEMO-DEV-9629,96,2026-09-29T17:23:40.799Z
DEMO-DEV-9673,96,2026-09-24T09:53:23.394Z
DEMO-DEV-9728,96,2026-09-29T15:05:36.123Z
DEMO-DEV-9735,96,2026-09-08T21:09:51.778Z
DEMO-DEV-9744,96,2026-09-18T02:06:30.524Z
DEMO-DEV-9755,96,2026-09-27T23:43:48.024Z
DEMO-DEV-9854,96,2026-09-22T21:58:30.752Z
DEMO-DEV-9863,96,2026-09-01T08:17:01.298Z
DEMO-DEV-9872,96,2026-09-28T22:15:58.300Z
DEMO-DEV-9884,96,2026-09-24T06:07:13.221Z
DEMO-DEV-9907,96,2026-09-25T07:58:07.230Z
DEMO-DEV-9932,96,2026-09-27T10:26:42.298Z
DEMO-DEV-9935,96,2026-09-11T17:17:15.803Z
DEMO-DEV-9945,96,2026-09-05T15:33:31.024Z
DEMO-DEV-9968,96,2026-09-11T02:49:26.618Z
DEMO-DEV-9982,96,2026-08-13T16:50:39.948Z
DEMO-DEV-0110,95,2026-09-16T01:56:04.913Z
DEMO-DEV-0118,95,2026-09-01T21:27:07.639Z
DEMO-DEV-0121,95,2026-08-07T09:18:29.992Z
DEMO-DEV-0128,95,2026-09-24T10:25:44.161Z
DEMO-DEV-0136,95,2026-08-23T06:16:21.710Z
DEMO-DEV-0185,95,2026-09-19T06:55:19.524Z
DEMO-DEV-0203,95,2026-09-19T01:54:24.023Z
DEMO-DEV-0219,95,2026-09-18T06:07:32.161Z
DEMO-DEV-0243,95,2026-09-24T15:57:32.139Z
DEMO-DEV-0286,95,2026-09-29T13:52:43.073Z
DEMO-DEV-0290,95,2026-09-28T06:37:07.287Z
DEMO-DEV-0296,95,2026-08-25T20:49:21.268Z
DEMO-DEV-0355,95,2026-09-18T11:55:00.443Z
DEMO-DEV-0374,95,2026-09-18T21:08:47.545Z
DEMO-DEV-0472,95,2026-09-17T20:24:44.073Z
DEMO-DEV-0478,95,2026-09-01T05:22:48.816Z
DEMO-DEV-0576,95,2026-09-24T10:51:28.075Z
DEMO-DEV-0577,95,2026-08-16T02:15:36.503Z
DEMO-DEV-0584,95,2026-09-28T13:20:29.298Z
DEMO-DEV-0621,95,2026-09-26T17:19:30.319Z
DEMO-DEV-0622,95,2026-08-02T11:21:19.172Z
DEMO-DEV-0627,95,2026-09-30T00:04:57.253Z
DEMO-DEV-0649,95,2026-09-17T02:41:12.090Z
DEMO-DEV-0698,95,2026-08-20T05:39:51.646Z
DEMO-DEV-0822,95,2026-08-23T23:39:07.165Z
DEMO-DEV-0827,95,2026-09-26T05:32:16.288Z
DEMO-DEV-0851,95,2026-09-25T05:11:29.785Z
DEMO-DEV-0858,95,2026-09-28T15:47:52.224Z
DEMO-DEV-0863,95,2026-09-16T03:18:44.443Z
DEMO-DEV-0865,95,2026-09-21T09:06:11.535Z
DEMO-DEV-0936,95,2026-09-22T18:53:36.985Z
DEMO-DEV-0958,95,2026-09-08T16:07:54.026Z
DEMO-DEV-0964,95,2026-09-26T12:13:11.926Z
DEMO-DEV-1002,95,2026-08-13T01:18:28.366Z
DEMO-DEV-1031,95,2026-09-08T22:11:14.211Z
DEMO-DEV-1049,95,2026-09-24T23:31:14.639Z
DEMO-DEV-1116,95,2026-09-22T05:28:52.134Z
DEMO-DEV-1126,95,2026-09-24T01:00:16.929Z
DEMO-DEV-1138,95,2026-09-15T15:51:16.057Z
DEMO-DEV-1148,95,2026-08-09T15:59:49.727Z
DEMO-DEV-1234,95,2026-09-15T06:33:32.682Z
DEMO-DEV-1238,95,2026-09-01T21:28:40.370Z
DEMO-DEV-1254,95,2026-09-02T06:00:12.403Z
DEMO-DEV-1260,95,2026-09-24T14:45:42.397Z
DEMO-DEV-1264,95,2026-09-12T09:17:39.027Z
DEMO-DEV-1308,95,2026-09-07T00:57:44.636Z
DEMO-DEV-1364,95,2026-09-28T08:12:03.578Z
DEMO-DEV-1389,95,2026-09-14T21:45:58.075Z
DEMO-DEV-1431,95,2026-08-10T16:22:24.877Z
DEMO-DEV-1558,95,2026-09-26T01:22:38.087Z
DEMO-DEV-1566,95,2026-09-15T06:41:33.738Z
DEMO-DEV-1569,95,2026-09-26T22:31:36.403Z
DEMO-DEV-1609,95,2026-09-14T00:14:10.287Z
DEMO-DEV-1612,95,2026-09-28T05:53:14.545Z
DEMO-DEV-1622,95,2026-09-28T17:23:32.578Z
DEMO-DEV-1628,95,2026-09-23T01:49:05.057Z
DEMO-DEV-1647,95,2026-09-24T03:31:22.785Z
DEMO-DEV-1698,95,2026-08-05T03:01:28.203Z
DEMO-DEV-1779,95,2026-08-17T03:00:54.470Z
DEMO-DEV-1787,95,2026-09-27T10:59:11.839Z
DEMO-DEV-1860,95,2026-09-09T21:07:51.597Z
DEMO-DEV-1871,95,2026-09-24T17:44:36.003Z
DEMO-DEV-1926,95,2026-09-02T12:08:14.519Z
DEMO-DEV-1957,95,2026-09-27T22:11:22.692Z
DEMO-DEV-1976,95,2026-09-24T08:17:34.024Z
DEMO-DEV-1977,95,2026-09-29T11:09:51.975Z
DEMO-DEV-1992,95,2026-09-27T18:46:54.786Z
DEMO-DEV-1994,95,2026-09-30T03:44:12.987Z
DEMO-DEV-2038,95,2026-09-14T11:06:36.391Z
DEMO-DEV-2085,95,2026-09-11T13:48:08.138Z
DEMO-DEV-2104,95,2026-09-22T20:26:30.045Z
DEMO-DEV-2121,95,2026-09-27T16:57:23.503Z
DEMO-DEV-2132,95,2026-09-27T09:04:53.211Z
DEMO-DEV-2149,95,2026-09-29T10:28:32.605Z
DEMO-DEV-2152,95,2026-09-30T06:46:46.865Z
DEMO-DEV-2161,95,2026-09-29T05:35:13.038Z
DEMO-DEV-2163,95,2026-09-29T10:45:56.816Z
DEMO-DEV-2192,95,2026-08-30T23:18:43.865Z
DEMO-DEV-2246,95,2026-09-25T20:08:42.568Z
DEMO-DEV-2302,95,2026-08-31T04:58:45.966Z
DEMO-DEV-2308,95,2026-09-29T00:49:29.190Z
DEMO-DEV-2316,95,2026-09-06T08:33:09.817Z
DEMO-DEV-2317,95,2026-09-01T15:51:47.948Z
DEMO-DEV-2333,95,2026-09-01T20:36:09.817Z
DEMO-DEV-2339,95,2026-09-13T17:01:58.524Z
DEMO-DEV-2358,95,2026-09-16T19:05:34.190Z
DEMO-DEV-2363,95,2026-08-28T19:18:58.368Z
DEMO-DEV-2381,95,2026-09-16T21:44:12.719Z
DEMO-DEV-2417,95,2026-09-21T12:40:26.511Z
DEMO-DEV-2457,95,2026-08-27T15:13:18.173Z
DEMO-DEV-2459,95,2026-09-20T00:08:47.646Z
DEMO-DEV-2465,95,2026-09-23T21:38:59.738Z
DEMO-DEV-2478,95,2026-09-29T09:24:44.123Z
DEMO-DEV-2534,95,2026-09-16T12:56:21.658Z
DEMO-DEV-2588,95,2026-09-27T09:47:32.976Z
DEMO-DEV-2602,95,2026-09-23T15:33:47.666Z
DEMO-DEV-2648,95,2026-09-27T01:32:29.357Z
DEMO-DEV-2680,95,2026-09-17T03:22:57.646Z
DEMO-DEV-2690,95,2026-09-28T03:57:50.073Z
DEMO-DEV-2701,95,2026-09-13T21:44:02.568Z
DEMO-DEV-2710,95,2026-09-18T09:04:30.015Z
DEMO-DEV-2711,95,2026-09-26T00:28:28.134Z
DEMO-DEV-2733,95,2026-09-25T09:41:20.460Z
DEMO-DEV-2739,95,2026-09-14T07:01:57.021Z
DEMO-DEV-2788,95,2026-09-28T05:29:10.345Z
DEMO-DEV-2798,95,2026-09-21T17:02:39.508Z
DEMO-DEV-2818,95,2026-09-03T07:19:47.455Z
DEMO-DEV-2819,95,2026-09-02T22:06:42.785Z
DEMO-DEV-2874,95,2026-09-25T17:51:32.513Z
DEMO-DEV-2897,95,2026-09-10T15:28:47.057Z
DEMO-DEV-2901,95,2026-08-28T09:11:39.527Z
DEMO-DEV-2918,95,2026-09-27T14:40:46.863Z
DEMO-DEV-2938,95,2026-09-23T22:37:20.208Z
DEMO-DEV-2942,95,2026-09-29T17:57:22.211Z
DEMO-DEV-2947,95,2026-09-14T22:16:06.841Z
DEMO-DEV-3036,95,2026-09-20T00:40:35.913Z
DEMO-DEV-3044,95,2026-09-18T07:06:14.315Z
DEMO-DEV-3095,95,2026-09-25T08:01:38.877Z
DEMO-DEV-3157,95,2026-09-28T10:46:41.702Z
DEMO-DEV-3161,95,2026-09-28T10:40:59.226Z
DEMO-DEV-3183,95,2026-09-27T12:54:28.040Z
DEMO-DEV-3189,95,2026-08-05T07:04:14.264Z
DEMO-DEV-3196,95,2026-09-15T21:10:33.568Z
DEMO-DEV-3201,95,2026-09-29T03:53:39.605Z
DEMO-DEV-3228,95,2026-09-19T15:48:54.230Z
DEMO-DEV-3235,95,2026-08-21T02:35:18.080Z
DEMO-DEV-3242,95,2026-09-11T14:29:07.535Z
DEMO-DEV-3256,95,2026-09-28T13:32:11.485Z
DEMO-DEV-3284,95,2026-09-28T21:53:43.519Z
DEMO-DEV-3293,95,2026-09-09T20:22:34.390Z
DEMO-DEV-3339,95,2026-09-09T18:10:48.646Z
DEMO-DEV-3379,95,2026-09-15T15:30:16.470Z
DEMO-DEV-3398,95,2026-09-29T19:40:15.692Z
DEMO-DEV-3400,95,2026-09-17T09:32:07.702Z
DEMO-DEV-3452,95,2026-09-22T12:21:14.799Z
DEMO-DEV-3457,95,2026-09-26T13:24:10.785Z
DEMO-DEV-3462,95,2026-09-16T23:13:16.120Z
DEMO-DEV-3498,95,2026-09-09T08:18:23.040Z
DEMO-DEV-3504,95,2026-09-28T17:24:41.816Z
DEMO-DEV-3554,95,2026-09-03T19:34:24.702Z
DEMO-DEV-3634,95,2026-09-23T15:42:36.523Z
DEMO-DEV-3700,95,2026-09-19T08:31:24.824Z
DEMO-DEV-3712,95,2026-09-21T02:21:13.974Z
DEMO-DEV-3756,95,2026-08-21T14:48:14.021Z
DEMO-DEV-3773,95,2026-09-15T23:35:16.612Z
DEMO-DEV-3780,95,2026-09-29T00:48:14.167Z
DEMO-DEV-3794,95,2026-09-21T01:48:37.161Z
DEMO-DEV-3798,95,2026-09-28T05:41:06.926Z
DEMO-DEV-3803,95,2026-09-27T19:50:33.975Z
DEMO-DEV-3826,95,2026-09-13T10:33:54.077Z
DEMO-DEV-3864,95,2026-09-23T22:06:17.702Z
DEMO-DEV-3878,95,2026-09-25T02:50:06.015Z
DEMO-DEV-3894,95,2026-09-25T10:05:50.026Z
DEMO-DEV-3904,95,2026-09-15T22:13:52.535Z
DEMO-DEV-3909,95,2026-09-23T14:11:45.368Z
DEMO-DEV-3921,95,2026-09-14T13:30:07.778Z
DEMO-DEV-3925,95,2026-09-28T11:29:19.189Z
DEMO-DEV-3953,95,2026-09-11T13:27:14.300Z
DEMO-DEV-3963,95,2026-09-29T08:27:48.409Z
DEMO-DEV-4018,95,2026-08-29T13:16:45.057Z
DEMO-DEV-4028,95,2026-09-19T10:28:27.785Z
DEMO-DEV-4137,95,2026-09-22T11:33:20.578Z
DEMO-DEV-4138,95,2026-09-15T03:46:45.075Z
DEMO-DEV-4148,95,2026-09-25T21:50:11.599Z
DEMO-DEV-4149,95,2026-08-30T02:01:28.719Z
DEMO-DEV-4157,95,2026-08-19T08:41:31.057Z
DEMO-DEV-4161,95,2026-09-19T15:13:17.268Z
DEMO-DEV-4185,95,2026-09-16T06:22:53.584Z
DEMO-DEV-4192,95,2026-09-11T11:18:58.368Z
DEMO-DEV-4196,95,2026-08-27T13:00:02.646Z
DEMO-DEV-4211,95,2026-09-25T12:51:27.870Z
DEMO-DEV-4235,95,2026-09-21T14:47:08.527Z
DEMO-DEV-4322,95,2026-09-21T07:46:47.040Z
DEMO-DEV-4361,95,2026-09-08T06:43:32.014Z
DEMO-DEV-4377,95,2026-09-25T16:45:58.021Z
DEMO-DEV-4403,95,2026-09-14T23:21:48.591Z
DEMO-DEV-4421,95,2026-09-13T03:45:01.307Z
DEMO-DEV-4447,95,2026-09-12T21:59:20.403Z
DEMO-DEV-4448,95,2026-08-30T11:01:31.500Z
DEMO-DEV-4472,95,2026-09-14T17:20:52.877Z
DEMO-DEV-4474,95,2026-09-01T13:07:16.816Z
DEMO-DEV-4486,95,2026-09-19T23:42:37.023Z
DEMO-DEV-4514,95,2026-09-23T03:02:17.917Z
DEMO-DEV-4544,95,2026-09-25T20:40:06.653Z
DEMO-DEV-4583,95,2026-09-29T17:19:28.668Z
DEMO-DEV-4585,95,2026-09-11T08:58:49.806Z
DEMO-DEV-4658,95,2026-09-21T05:18:47.859Z
DEMO-DEV-4686,95,2026-09-22T23:56:59.752Z
DEMO-DEV-4690,95,2026-08-27T07:54:48.929Z
DEMO-DEV-4727,95,2026-09-19T12:50:10.302Z
DEMO-DEV-4747,95,2026-09-29T07:44:43.203Z
DEMO-DEV-4754,95,2026-09-20T02:08:21.204Z
DEMO-DEV-4766,95,2026-09-15T18:42:00.038Z
DEMO-DEV-4833,95,2026-09-27T20:16:40.511Z
DEMO-DEV-4858,95,2026-09-29T10:31:02.045Z
DEMO-DEV-4868,95,2026-09-27T23:49:04.851Z
DEMO-DEV-4875,95,2026-08-29T02:03:22.658Z
DEMO-DEV-4916,95,2026-09-02T03:35:07.877Z
DEMO-DEV-4965,95,2026-08-17T04:33:01.950Z
DEMO-DEV-4982,95,2026-09-24T15:27:09.120Z
DEMO-DEV-5054,95,2026-09-14T05:01:39.120Z
DEMO-DEV-5079,95,2026-09-21T18:30:40.976Z
DEMO-DEV-5092,95,2026-09-25T00:43:41.842Z
DEMO-DEV-5126,95,2026-09-22T13:02:35.605Z
DEMO-DEV-5132,95,2026-09-21T20:29:25.511Z
DEMO-DEV-5134,95,2026-09-29T16:29:01.394Z
DEMO-DEV-5158,95,2026-08-27T10:47:42.485Z
DEMO-DEV-5173,95,2026-09-28T15:24:04.354Z
DEMO-DEV-5205,95,2026-09-28T02:44:24.298Z
DEMO-DEV-5240,95,2026-09-24T01:32:34.949Z
DEMO-DEV-5255,95,2026-08-23T15:21:36.607Z
DEMO-DEV-5273,95,2026-09-15T21:04:20.503Z
DEMO-DEV-5295,95,2026-09-30T03:37:17.816Z
DEMO-DEV-5321,95,2026-09-13T20:29:18.390Z
DEMO-DEV-5330,95,2026-09-19T23:56:48.366Z
DEMO-DEV-5358,95,2026-09-18T15:57:30.370Z
DEMO-DEV-5392,95,2026-09-26T05:36:13.238Z
DEMO-DEV-5396,95,2026-09-29T02:10:50.239Z
DEMO-DEV-5400,95,2026-09-13T23:27:57.288Z
DEMO-DEV-5401,95,2026-09-13T23:37:04.038Z
DEMO-DEV-5424,95,2026-09-08T23:25:03.004Z
DEMO-DEV-5431,95,2026-09-23T09:02:11.403Z
DEMO-DEV-5435,95,2026-09-11T18:30:05.460Z
DEMO-DEV-5457,95,2026-09-20T08:30:09.556Z
DEMO-DEV-5459,95,2026-09-24T19:36:49.714Z
DEMO-DEV-5656,95,2026-08-20T02:50:12.976Z
DEMO-DEV-5702,95,2026-09-25T09:13:09.291Z
DEMO-DEV-5766,95,2026-07-16T09:49:10.272Z
DEMO-DEV-5768,95,2026-09-27T03:23:51.272Z
DEMO-DEV-5783,95,2026-09-05T20:35:59.676Z
DEMO-DEV-5787,95,2026-09-10T04:50:56.535Z
DEMO-DEV-5794,95,2026-09-28T12:23:12.090Z
DEMO-DEV-5815,95,2026-09-29T12:27:59.352Z
DEMO-DEV-5834,95,2026-09-13T19:50:30.366Z
DEMO-DEV-5869,95,2026-09-27T06:42:08.618Z
DEMO-DEV-5895,95,2026-09-18T13:19:10.839Z
DEMO-DEV-5940,95,2026-09-21T09:20:34.221Z
DEMO-DEV-5948,95,2026-09-15T19:00:55.222Z
DEMO-DEV-5964,95,2026-09-02T18:55:59.692Z
DEMO-DEV-6003,95,2026-09-05T17:39:10.811Z
DEMO-DEV-6049,95,2026-09-26T09:44:50.682Z
DEMO-DEV-6054,95,2026-09-28T14:42:28.655Z
DEMO-DEV-6088,95,2026-09-17T15:57:38.568Z
DEMO-DEV-6155,95,2026-09-23T11:06:46.839Z
DEMO-DEV-6156,95,2026-09-17T19:17:17.892Z
DEMO-DEV-6158,95,2026-07-26T10:12:54.307Z
DEMO-DEV-6190,95,2026-09-29T21:43:37.605Z
DEMO-DEV-6200,95,2026-09-28T02:08:40.646Z
DEMO-DEV-6206,95,2026-09-23T12:47:39.892Z
DEMO-DEV-6235,95,2026-09-05T04:04:43.038Z
DEMO-DEV-6264,95,2026-09-10T20:47:12.298Z
DEMO-DEV-6271,95,2026-08-18T06:54:05.057Z
DEMO-DEV-6278,95,2026-09-23T19:58:32.045Z
DEMO-DEV-6280,95,2026-09-30T05:21:45.238Z
DEMO-DEV-6300,95,2026-09-26T10:55:37.804Z
DEMO-DEV-6337,95,2026-09-17T21:39:20.460Z
DEMO-DEV-6376,95,2026-09-23T02:06:19.817Z
DEMO-DEV-6389,95,2026-09-24T21:37:05.948Z
DEMO-DEV-6409,95,2026-09-16T00:17:28.817Z
DEMO-DEV-6465,95,2026-09-08T06:44:48.841Z
DEMO-DEV-6478,95,2026-09-03T11:38:17.851Z
DEMO-DEV-6509,95,2026-09-21T04:29:06.803Z
DEMO-DEV-6528,95,2026-09-13T17:43:57.584Z
DEMO-DEV-6546,95,2026-09-16T15:27:09.397Z
DEMO-DEV-6557,95,2026-09-22T17:37:55.618Z
DEMO-DEV-6572,95,2026-09-22T19:45:29.519Z
DEMO-DEV-6594,95,2026-09-15T10:23:35.968Z
DEMO-DEV-6620,95,2026-08-18T23:16:43.172Z
DEMO-DEV-6645,95,2026-09-28T14:29:55.992Z
DEMO-DEV-6665,95,2026-09-28T09:17:37.038Z
DEMO-DEV-6671,95,2026-08-24T10:22:53.868Z
DEMO-DEV-6673,95,2026-09-22T20:42:39.836Z
DEMO-DEV-6687,95,2026-09-26T14:48:07.688Z
DEMO-DEV-6715,95,2026-09-18T11:07:51.666Z
DEMO-DEV-6765,95,2026-09-19T00:51:10.804Z
DEMO-DEV-6769,95,2026-09-06T02:28:24.368Z
DEMO-DEV-6771,95,2026-09-24T09:46:10.315Z
DEMO-DEV-6775,95,2026-09-22T06:24:07.612Z
DEMO-DEV-6779,95,2026-09-23T06:25:12.298Z
DEMO-DEV-6791,95,2026-09-20T03:02:28.975Z
DEMO-DEV-6798,95,2026-09-20T07:11:43.183Z
DEMO-DEV-6889,95,2026-09-30T02:26:02.155Z
DEMO-DEV-6926,95,2026-08-14T16:19:46.040Z
DEMO-DEV-6938,95,2026-09-22T04:06:50.836Z
DEMO-DEV-6946,95,2026-09-26T01:03:11.024Z
DEMO-DEV-6951,95,2026-09-24T21:58:17.365Z
DEMO-DEV-6996,95,2026-09-22T18:39:10.264Z
DEMO-DEV-7064,95,2026-09-16T17:54:40.325Z
DEMO-DEV-7133,95,2026-08-28T08:02:48.037Z
DEMO-DEV-7137,95,2026-09-17T11:33:45.298Z
DEMO-DEV-7185,95,2026-09-14T12:35:04.950Z
DEMO-DEV-7292,95,2026-09-24T12:53:03.868Z
DEMO-DEV-7311,95,2026-09-15T20:06:37.203Z
DEMO-DEV-7316,95,2026-09-24T13:53:44.038Z
DEMO-DEV-7323,95,2026-09-15T13:22:06.462Z
DEMO-DEV-7375,95,2026-09-21T09:32:33.877Z
DEMO-DEV-7378,95,2026-09-24T21:07:10.368Z
DEMO-DEV-7380,95,2026-08-29T05:26:05.985Z
DEMO-DEV-7390,95,2026-09-30T08:00:38.222Z
DEMO-DEV-7397,95,2026-09-24T05:53:18.264Z
DEMO-DEV-7411,95,2026-09-13T02:45:43.222Z
DEMO-DEV-7420,95,2026-09-28T02:43:51.155Z
DEMO-DEV-7421,95,2026-08-28T05:16:08.765Z
DEMO-DEV-7443,95,2026-09-19T13:54:55.513Z
DEMO-DEV-7477,95,2026-08-30T16:05:18.591Z
DEMO-DEV-7511,95,2026-09-17T10:47:39.989Z
DEMO-DEV-7516,95,2026-09-23T05:25:27.370Z
DEMO-DEV-7553,95,2026-09-19T18:34:44.226Z
DEMO-DEV-7572,95,2026-09-20T07:52:19.692Z
DEMO-DEV-7613,95,2026-08-04T08:11:41.929Z
DEMO-DEV-7625,95,2026-09-29T22:26:31.618Z
DEMO-DEV-7681,95,2026-09-11T17:42:01.653Z
DEMO-DEV-7697,95,2026-09-21T04:26:53.004Z
DEMO-DEV-7698,95,2026-09-08T03:20:44.612Z
DEMO-DEV-7704,95,2026-09-24T07:38:24.873Z
DEMO-DEV-7713,95,2026-09-13T03:39:23.205Z
DEMO-DEV-7778,95,2026-09-23T16:11:06.524Z
DEMO-DEV-7798,95,2026-09-28T14:30:41.804Z
DEMO-DEV-7804,95,2026-09-21T03:47:53.976Z
DEMO-DEV-7847,95,2026-09-15T15:09:58.817Z
DEMO-DEV-7848,95,2026-09-18T08:19:17.648Z
DEMO-DEV-7925,95,2026-08-23T08:32:11.765Z
DEMO-DEV-7966,95,2026-08-28T06:20:32.205Z
DEMO-DEV-7968,95,2026-09-15T16:34:26.319Z
DEMO-DEV-7981,95,2026-09-17T01:22:12.824Z
DEMO-DEV-7986,95,2026-09-29T19:26:51.661Z
DEMO-DEV-8031,95,2026-09-28T15:19:50.493Z
DEMO-DEV-8034,95,2026-09-26T09:15:11.090Z
DEMO-DEV-8085,95,2026-09-27T19:16:36.161Z
DEMO-DEV-8113,95,2026-09-23T20:03:51.287Z
DEMO-DEV-8117,95,2026-09-15T22:49:44.077Z
DEMO-DEV-8124,95,2026-09-03T14:27:34.366Z
DEMO-DEV-8169,95,2026-09-30T06:26:28.884Z
DEMO-DEV-8180,95,2026-08-14T15:38:28.442Z
DEMO-DEV-8181,95,2026-09-21T08:22:03.004Z
DEMO-DEV-8196,95,2026-09-19T20:36:37.080Z
DEMO-DEV-8261,95,2026-09-27T18:35:13.836Z
DEMO-DEV-8262,95,2026-09-26T20:46:32.040Z
DEMO-DEV-8314,95,2026-08-09T10:52:10.578Z
DEMO-DEV-8327,95,2026-08-25T07:23:54.470Z
DEMO-DEV-8336,95,2026-09-23T13:29:59.873Z
DEMO-DEV-8362,95,2026-09-21T16:01:26.817Z
DEMO-DEV-8404,95,2026-09-26T02:20:49.989Z
DEMO-DEV-8408,95,2026-09-29T06:06:07.976Z
DEMO-DEV-8434,95,2026-09-14T18:21:52.224Z
DEMO-DEV-8486,95,2026-08-06T16:35:27.090Z
DEMO-DEV-8589,95,2026-08-27T20:54:20.208Z
DEMO-DEV-8639,95,2026-09-24T11:52:08.368Z
DEMO-DEV-8663,95,2026-08-15T05:39:03.167Z
DEMO-DEV-8720,95,2026-09-24T10:08:05.394Z
DEMO-DEV-8739,95,2026-09-27T14:53:04.090Z
DEMO-DEV-8742,95,2026-09-15T14:24:04.661Z
DEMO-DEV-8760,95,2026-09-16T02:22:35.352Z
DEMO-DEV-8770,95,2026-08-13T02:17:45.523Z
DEMO-DEV-8798,95,2026-08-24T21:24:04.120Z
DEMO-DEV-8809,95,2026-09-17T09:41:55.120Z
DEMO-DEV-8823,95,2026-09-21T00:48:56.236Z
DEMO-DEV-8843,95,2026-09-06T12:37:12.653Z
DEMO-DEV-8876,95,2026-09-29T02:33:33.183Z
DEMO-DEV-8895,95,2026-07-30T17:33:48.352Z
DEMO-DEV-8954,95,2026-08-21T09:53:15.556Z
DEMO-DEV-8959,95,2026-09-24T02:06:57.948Z
DEMO-DEV-8989,95,2026-09-29T15:04:22.236Z
DEMO-DEV-8990,95,2026-09-15T01:33:14.778Z
DEMO-DEV-9033,95,2026-09-24T13:19:02.976Z
DEMO-DEV-9046,95,2026-09-24T00:42:37.239Z
DEMO-DEV-9051,95,2026-08-29T22:49:31.524Z
DEMO-DEV-9094,95,2026-09-20T02:25:45.648Z
DEMO-DEV-9128,95,2026-09-15T06:47:31.782Z
DEMO-DEV-9152,95,2026-08-18T16:21:01.692Z
DEMO-DEV-9182,95,2026-09-27T02:30:27.365Z
DEMO-DEV-9192,95,2026-09-16T22:21:57.537Z
DEMO-DEV-9198,95,2026-09-07T04:34:40.246Z
DEMO-DEV-9206,95,2026-09-26T20:02:33.842Z
DEMO-DEV-9214,95,2026-09-24T23:37:10.390Z
DEMO-DEV-9228,95,2026-09-27T00:56:03.639Z
DEMO-DEV-9233,95,2026-09-29T22:25:48.403Z
DEMO-DEV-9252,95,2026-08-30T07:53:16.368Z
DEMO-DEV-9280,95,2026-09-29T18:11:48.864Z
DEMO-DEV-9296,95,2026-09-15T23:40:43.692Z
DEMO-DEV-9322,95,2026-09-25T14:58:16.661Z
DEMO-DEV-9345,95,2026-09-19T15:21:26.150Z
DEMO-DEV-9355,95,2026-08-26T16:09:36.545Z
DEMO-DEV-9384,95,2026-09-10T09:48:10.080Z
DEMO-DEV-9423,95,2026-09-10T05:12:11.497Z
DEMO-DEV-9435,95,2026-09-26T16:29:41.782Z
DEMO-DEV-9457,95,2026-09-16T19:21:22.057Z
DEMO-DEV-9472,95,2026-09-03T00:16:29.160Z
DEMO-DEV-9482,95,2026-09-18T13:30:46.354Z
DEMO-DEV-9527,95,2026-09-04T20:44:38.493Z
DEMO-DEV-9531,95,2026-09-18T19:31:44.315Z
DEMO-DEV-9536,95,2026-09-07T00:45:01.817Z
DEMO-DEV-9539,95,2026-09-26T23:49:29.045Z
DEMO-DEV-9549,95,2026-09-16T10:45:10.688Z
DEMO-DEV-9573,95,2026-09-29T02:47:15.666Z
DEMO-DEV-9601,95,2026-09-23T07:08:41.612Z
DEMO-DEV-9620,95,2026-09-13T11:13:20.519Z
DEMO-DEV-9626,95,2026-09-26T14:42:30.250Z
DEMO-DEV-9721,95,2026-09-13T09:01:28.993Z
DEMO-DEV-9745,95,2026-09-22T16:11:51.057Z
DEMO-DEV-9760,95,2026-09-28T20:22:29.519Z
DEMO-DEV-9787,95,2026-09-22T02:25:35.917Z
DEMO-DEV-9803,95,2026-09-25T06:36:26.120Z
DEMO-DEV-9831,95,2026-09-20T14:36:12.040Z
DEMO-DEV-9839,95,2026-09-21T18:52:36.003Z
DEMO-DEV-9851,95,2026-07-15T05:01:44.926Z
DEMO-DEV-9853,95,2026-09-01T20:31:00.557Z
DEMO-DEV-9861,95,2026-09-25T16:24:29.428Z
DEMO-DEV-9865,95,2026-08-18T22:59:40.289Z
DEMO-DEV-9878,95,2026-08-29T05:50:54.949Z
DEMO-DEV-9924,95,2026-09-21T10:43:42.428Z
DEMO-DEV-9940,95,2026-09-20T20:39:27.792Z
DEMO-DEV-9946,95,2026-09-15T05:33:22.352Z
DEMO-DEV-9974,95,2026-08-28T05:40:12.160Z
DEMO-DEV-0031,94,2026-09-26T23:54:45.578Z
DEMO-DEV-0039,94,2026-09-20T03:35:13.969Z
DEMO-DEV-0077,94,2026-09-20T23:49:27.658Z
DEMO-DEV-0105,94,2026-09-21T03:17:32.040Z
DEMO-DEV-0179,94,2026-09-29T05:21:45.183Z
DEMO-DEV-0279,94,2026-09-14T01:29:01.682Z
DEMO-DEV-0294,94,2026-08-27T12:32:52.578Z
DEMO-DEV-0357,94,2026-09-28T14:27:37.556Z
DEMO-DEV-0484,94,2026-09-19T03:41:04.238Z
DEMO-DEV-0489,94,2026-08-20T11:14:13.523Z
DEMO-DEV-0507,94,2026-09-30T00:45:05.409Z
DEMO-DEV-0521,94,2026-09-23T15:28:29.203Z
DEMO-DEV-0547,94,2026-09-20T09:10:54.535Z
DEMO-DEV-0559,94,2026-09-29T08:20:44.442Z
DEMO-DEV-0586,94,2026-09-11T00:36:51.811Z
DEMO-DEV-0610,94,2026-09-28T10:36:06.287Z
DEMO-DEV-0624,94,2026-07-20T12:31:53.470Z
DEMO-DEV-0688,94,2026-09-17T06:48:39.843Z
DEMO-DEV-0743,94,2026-09-25T00:35:51.614Z
DEMO-DEV-0807,94,2026-09-16T03:12:10.795Z
DEMO-DEV-0814,94,2026-09-21T21:26:16.027Z
DEMO-DEV-0815,94,2026-09-11T06:51:00.063Z
DEMO-DEV-0828,94,2026-08-25T10:17:38.836Z
DEMO-DEV-0837,94,2026-09-28T15:11:08.138Z
DEMO-DEV-0941,94,2026-09-27T22:32:40.415Z
DEMO-DEV-1088,94,2026-08-12T00:02:05.676Z
DEMO-DEV-1106,94,2026-09-27T12:59:10.288Z
DEMO-DEV-1124,94,2026-09-30T03:20:34.073Z
DEMO-DEV-1128,94,2026-09-22T03:39:18.508Z
DEMO-DEV-1131,94,2026-09-24T07:27:17.172Z
DEMO-DEV-1135,94,2026-09-25T10:39:10.859Z
DEMO-DEV-1169,94,2026-08-19T12:31:55.272Z
DEMO-DEV-1174,94,2026-09-12T04:51:36.825Z
DEMO-DEV-1176,94,2026-09-26T05:26:16.591Z
DEMO-DEV-1192,94,2026-09-14T14:22:50.254Z
DEMO-DEV-1193,94,2026-09-20T17:28:00.134Z
DEMO-DEV-1212,94,2026-09-29T03:14:54.298Z
DEMO-DEV-1222,94,2026-09-30T05:09:42.799Z
DEMO-DEV-1225,94,2026-09-22T07:11:27.045Z
DEMO-DEV-1270,94,2026-09-29T14:30:44.298Z
DEMO-DEV-1293,94,2026-08-25T23:25:13.466Z
DEMO-DEV-1300,94,2026-09-22T23:58:14.778Z
DEMO-DEV-1323,94,2026-09-27T14:40:02.387Z
DEMO-DEV-1348,94,2026-09-22T04:40:12.394Z
DEMO-DEV-1428,94,2026-08-21T11:10:53.455Z
DEMO-DEV-1432,94,2026-09-23T21:40:34.863Z
DEMO-DEV-1452,94,2026-09-26T12:57:12.710Z
DEMO-DEV-1462,94,2026-09-14T10:38:59.519Z
DEMO-DEV-1527,94,2026-09-18T17:32:57.466Z
DEMO-DEV-1537,94,2026-09-26T00:27:49.523Z
DEMO-DEV-1559,94,2026-09-29T13:06:52.004Z
DEMO-DEV-1576,94,2026-09-16T18:47:54.252Z
DEMO-DEV-1591,94,2026-08-31T10:22:13.557Z
DEMO-DEV-1642,94,2026-09-24T07:57:24.308Z
DEMO-DEV-1704,94,2026-08-29T22:31:02.337Z
DEMO-DEV-1736,94,2026-09-18T07:22:26.599Z
DEMO-DEV-1752,94,2026-09-03T10:07:00.727Z
DEMO-DEV-1775,94,2026-09-09T13:07:32.442Z
DEMO-DEV-1817,94,2026-09-09T00:31:58.470Z
DEMO-DEV-1889,94,2026-09-30T06:30:22.246Z
DEMO-DEV-1918,94,2026-09-03T06:56:27.155Z
DEMO-DEV-1943,94,2026-09-28T11:52:22.298Z
DEMO-DEV-1944,94,2026-08-23T20:43:07.839Z
DEMO-DEV-1948,94,2026-09-26T21:13:16.026Z
DEMO-DEV-1985,94,2026-09-20T16:22:07.913Z
DEMO-DEV-2001,94,2026-09-21T14:51:24.870Z
DEMO-DEV-2055,94,2026-09-25T00:36:52.300Z
DEMO-DEV-2060,94,2026-09-23T03:36:48.688Z
DEMO-DEV-2068,94,2026-09-24T00:40:18.803Z
DEMO-DEV-2080,94,2026-09-29T12:24:09.692Z
DEMO-DEV-2095,94,2026-09-22T14:41:11.415Z
DEMO-DEV-2108,94,2026-09-18T09:17:57.727Z
DEMO-DEV-2142,94,2026-09-17T14:53:57.816Z
DEMO-DEV-2146,94,2026-09-28T17:52:40.218Z
DEMO-DEV-2188,94,2026-09-24T19:36:24.584Z
DEMO-DEV-2216,94,2026-07-19T18:34:01.851Z
DEMO-DEV-2227,94,2026-09-21T17:35:04.208Z
DEMO-DEV-2232,94,2026-08-19T01:22:51.226Z
DEMO-DEV-2273,94,2026-08-26T11:08:41.992Z
DEMO-DEV-2281,94,2026-09-29T09:22:52.298Z
DEMO-DEV-2293,94,2026-09-12T06:44:19.080Z
DEMO-DEV-2307,94,2026-09-18T14:30:01.929Z
DEMO-DEV-2351,94,2026-08-31T07:04:52.493Z
DEMO-DEV-2422,94,2026-09-28T12:28:13.038Z
DEMO-DEV-2423,94,2026-08-29T03:04:12.535Z
DEMO-DEV-2451,94,2026-09-10T11:01:12.024Z
DEMO-DEV-2481,94,2026-09-13T15:21:13.989Z
DEMO-DEV-2573,94,2026-09-18T20:47:38.472Z
DEMO-DEV-2582,94,2026-08-29T01:28:33.172Z
DEMO-DEV-2586,94,2026-08-23T01:58:38.370Z
DEMO-DEV-2616,94,2026-09-07T00:36:12.460Z
DEMO-DEV-2636,94,2026-09-11T04:52:45.368Z
DEMO-DEV-2650,94,2026-08-19T01:29:54.315Z
DEMO-DEV-2707,94,2026-08-22T00:42:39.993Z
DEMO-DEV-2716,94,2026-08-28T14:45:03.519Z
DEMO-DEV-2736,94,2026-09-28T20:40:23.230Z
DEMO-DEV-2747,94,2026-09-24T21:30:59.462Z
DEMO-DEV-2760,94,2026-09-19T18:48:11.139Z
DEMO-DEV-2772,94,2026-09-25T22:05:33.155Z
DEMO-DEV-2786,94,2026-09-19T04:30:18.537Z
DEMO-DEV-2827,94,2026-09-18T08:05:30.825Z
DEMO-DEV-2842,94,2026-05-27T01:45:38.692Z
DEMO-DEV-2855,94,2026-09-26T03:30:25.668Z
DEMO-DEV-2875,94,2026-09-05T22:27:31.160Z
DEMO-DEV-2877,94,2026-09-21T12:29:35.073Z
DEMO-DEV-2921,94,2026-09-09T11:21:15.211Z
DEMO-DEV-2926,94,2026-09-15T19:07:03.038Z
DEMO-DEV-2931,94,2026-09-19T01:42:28.443Z
DEMO-DEV-2946,94,2026-09-29T18:54:05.470Z
DEMO-DEV-2963,94,2026-09-19T18:16:43.138Z
DEMO-DEV-3004,94,2026-08-12T03:22:08.038Z
DEMO-DEV-3015,94,2026-09-26T07:23:15.138Z
DEMO-DEV-3096,94,2026-09-24T14:23:15.607Z
DEMO-DEV-3115,94,2026-09-17T20:41:39.470Z
DEMO-DEV-3133,94,2026-09-21T23:40:34.989Z
DEMO-DEV-3154,94,2026-08-30T09:10:47.867Z
DEMO-DEV-3159,94,2026-09-21T08:59:44.666Z
DEMO-DEV-3205,94,2026-09-10T12:53:09.402Z
DEMO-DEV-3306,94,2026-09-24T01:09:56.816Z
DEMO-DEV-3338,94,2026-09-18T10:32:03.390Z
DEMO-DEV-3343,94,2026-09-03T08:26:46.497Z
DEMO-DEV-3358,94,2026-09-26T00:20:47.470Z
DEMO-DEV-3426,94,2026-08-21T01:22:31.172Z
DEMO-DEV-3431,94,2026-09-29T23:55:24.795Z
DEMO-DEV-3488,94,2026-09-24T16:39:59.989Z
DEMO-DEV-3490,94,2026-09-25T01:39:45.785Z
DEMO-DEV-3511,94,2026-09-23T15:24:45.873Z
DEMO-DEV-3517,94,2026-08-14T05:20:26.839Z
DEMO-DEV-3547,94,2026-09-23T12:00:21.160Z
DEMO-DEV-3563,94,2026-07-21T11:51:01.658Z
DEMO-DEV-3589,94,2026-09-16T22:28:28.658Z
DEMO-DEV-3627,94,2026-09-24T03:39:15.077Z
DEMO-DEV-3705,94,2026-08-21T01:49:56.246Z
DEMO-DEV-3751,94,2026-09-29T20:18:06.443Z
DEMO-DEV-3796,94,2026-09-18T17:08:52.352Z
DEMO-DEV-3808,94,2026-08-31T07:06:32.472Z
DEMO-DEV-3812,94,2026-09-20T20:57:03.172Z
DEMO-DEV-3833,94,2026-09-17T20:00:28.485Z
DEMO-DEV-3842,94,2026-09-24T04:05:58.211Z
DEMO-DEV-3944,94,2026-08-31T01:28:50.868Z
DEMO-DEV-3977,94,2026-09-23T14:14:41.077Z
DEMO-DEV-3980,94,2026-09-28T14:55:10.865Z
DEMO-DEV-3996,94,2026-09-07T10:56:33.913Z
DEMO-DEV-4016,94,2026-09-05T07:39:20.503Z
DEMO-DEV-4030,94,2026-09-12T17:34:43.719Z
DEMO-DEV-4072,94,2026-09-22T20:43:11.607Z
DEMO-DEV-4096,94,2026-09-24T17:04:11.073Z
DEMO-DEV-4143,94,2026-09-11T05:22:16.799Z
DEMO-DEV-4170,94,2026-09-28T12:56:53.727Z
DEMO-DEV-4194,94,2026-09-10T08:18:34.040Z
DEMO-DEV-4213,94,2026-09-17T11:51:45.968Z
DEMO-DEV-4258,94,2026-08-30T07:59:19.816Z
DEMO-DEV-4277,94,2026-09-14T05:45:41.250Z
DEMO-DEV-4347,94,2026-09-23T20:42:20.150Z
DEMO-DEV-4351,94,2026-09-18T14:29:50.784Z
DEMO-DEV-4360,94,2026-09-26T22:31:48.226Z
DEMO-DEV-4389,94,2026-08-31T22:17:42.535Z
DEMO-DEV-4406,94,2026-09-08T08:05:21.470Z
DEMO-DEV-4432,94,2026-09-25T05:17:11.976Z
DEMO-DEV-4456,94,2026-08-21T03:07:34.224Z
DEMO-DEV-4467,94,2026-08-26T18:37:13.597Z
DEMO-DEV-4491,94,2026-09-29T20:20:38.816Z
DEMO-DEV-4492,94,2026-09-29T09:51:11.914Z
DEMO-DEV-4519,94,2026-09-14T18:01:11.842Z
DEMO-DEV-4522,94,2026-09-29T23:11:54.974Z
DEMO-DEV-4622,94,2026-09-10T17:26:14.816Z
DEMO-DEV-4671,94,2026-09-21T05:35:44.503Z
DEMO-DEV-4681,94,2026-09-17T16:12:57.653Z
DEMO-DEV-4698,94,2026-09-24T20:36:58.607Z
DEMO-DEV-4709,94,2026-07-28T10:34:13.842Z
DEMO-DEV-4716,94,2026-09-24T01:53:54.535Z
DEMO-DEV-4719,94,2026-09-11T15:49:19.192Z
DEMO-DEV-4745,94,2026-08-28T22:49:42.873Z
DEMO-DEV-4853,94,2026-09-20T23:46:51.989Z
DEMO-DEV-4892,94,2026-09-08T06:33:01.676Z
DEMO-DEV-4968,94,2026-09-29T23:10:23.816Z
DEMO-DEV-4980,94,2026-09-10T22:20:12.816Z
DEMO-DEV-4981,94,2026-09-03T18:10:34.063Z
DEMO-DEV-5009,94,2026-09-23T11:28:55.300Z
DEMO-DEV-5012,94,2026-09-11T22:27:01.976Z
DEMO-DEV-5033,94,2026-09-19T18:49:49.535Z
DEMO-DEV-5048,94,2026-09-05T02:50:17.288Z
DEMO-DEV-5062,94,2026-09-25T08:23:20.786Z
DEMO-DEV-5106,94,2026-09-16T00:12:51.926Z
DEMO-DEV-5117,94,2026-09-28T08:00:17.462Z
DEMO-DEV-5119,94,2026-09-25T21:53:25.397Z
DEMO-DEV-5125,94,2026-09-21T02:27:41.236Z
DEMO-DEV-5127,94,2026-09-13T01:38:35.368Z
DEMO-DEV-5186,94,2026-09-18T06:21:25.682Z
DEMO-DEV-5203,94,2026-08-19T19:20:03.968Z
DEMO-DEV-5328,94,2026-09-26T20:04:51.139Z
DEMO-DEV-5351,94,2026-09-11T23:25:46.842Z
DEMO-DEV-5357,94,2026-09-27T04:04:39.024Z
DEMO-DEV-5375,94,2026-09-14T21:03:21.511Z
DEMO-DEV-5390,94,2026-09-29T12:15:49.646Z
DEMO-DEV-5414,94,2026-07-10T15:34:23.523Z
DEMO-DEV-5425,94,2026-08-30T16:56:49.825Z
DEMO-DEV-5433,94,2026-09-14T09:14:10.045Z
DEMO-DEV-5441,94,2026-09-19T03:50:08.205Z
DEMO-DEV-5449,94,2026-09-07T16:47:55.183Z
DEMO-DEV-5453,94,2026-09-29T19:07:29.077Z
DEMO-DEV-5472,94,2026-08-18T01:27:55.409Z
DEMO-DEV-5497,94,2026-09-27T04:51:08.825Z
DEMO-DEV-5505,94,2026-09-26T10:16:46.357Z
DEMO-DEV-5550,94,2026-07-29T00:17:44.368Z
DEMO-DEV-5553,94,2026-09-19T05:18:10.462Z
DEMO-DEV-5582,94,2026-09-28T02:22:55.500Z
DEMO-DEV-5598,94,2026-09-22T20:43:47.003Z
DEMO-DEV-5614,94,2026-09-13T15:59:33.842Z
DEMO-DEV-5620,94,2026-09-19T19:29:08.403Z
DEMO-DEV-5639,94,2026-09-30T00:03:56.485Z
DEMO-DEV-5657,94,2026-09-28T17:16:23.211Z
DEMO-DEV-5662,94,2026-09-16T19:16:45.150Z
DEMO-DEV-5682,94,2026-09-14T01:21:55.950Z
DEMO-DEV-5693,94,2026-09-10T07:13:44.969Z
DEMO-DEV-5703,94,2026-08-19T02:49:04.868Z
DEMO-DEV-5731,94,2026-08-31T01:07:33.584Z
DEMO-DEV-5756,94,2026-09-26T01:54:58.387Z
DEMO-DEV-5826,94,2026-09-16T01:34:15.024Z
DEMO-DEV-5856,94,2026-07-25T07:04:03.508Z
DEMO-DEV-5886,94,2026-09-22T02:14:05.219Z
DEMO-DEV-5888,94,2026-09-15T22:47:14.161Z
DEMO-DEV-5889,94,2026-09-17T14:27:23.462Z
DEMO-DEV-5967,94,2026-09-11T07:00:38.785Z
DEMO-DEV-5971,94,2026-09-03T08:15:12.968Z
DEMO-DEV-5974,94,2026-09-24T20:36:36.172Z
DEMO-DEV-5975,94,2026-09-06T13:07:27.535Z
DEMO-DEV-6022,94,2026-09-10T19:48:40.618Z
DEMO-DEV-6044,94,2026-09-14T02:11:41.793Z
DEMO-DEV-6095,94,2026-09-19T03:21:28.087Z
DEMO-DEV-6137,94,2026-09-28T01:53:01.455Z
DEMO-DEV-6152,94,2026-09-21T08:36:45.368Z
DEMO-DEV-6165,94,2026-09-26T06:53:53.403Z
DEMO-DEV-6181,94,2026-08-14T05:49:12.914Z
DEMO-DEV-6216,94,2026-09-24T21:57:21.968Z
DEMO-DEV-6247,94,2026-09-27T01:58:49.555Z
DEMO-DEV-6250,94,2026-09-10T23:02:14.863Z
DEMO-DEV-6266,94,2026-07-22T07:24:08.719Z
DEMO-DEV-6297,94,2026-09-25T03:33:22.655Z
DEMO-DEV-6330,94,2026-09-02T07:50:25.682Z
DEMO-DEV-6380,94,2026-09-28T17:41:41.402Z
DEMO-DEV-6397,94,2026-09-16T20:38:40.891Z
DEMO-DEV-6401,94,2026-09-23T03:01:19.851Z
DEMO-DEV-6430,94,2026-09-26T13:11:50.989Z
DEMO-DEV-6433,94,2026-07-24T04:33:17.863Z
DEMO-DEV-6455,94,2026-09-06T03:23:57.325Z
DEMO-DEV-6476,94,2026-09-25T14:47:20.891Z
DEMO-DEV-6499,94,2026-09-02T16:06:04.472Z
DEMO-DEV-6504,94,2026-09-19T01:03:10.778Z
DEMO-DEV-6508,94,2026-08-17T00:04:49.511Z
DEMO-DEV-6511,94,2026-09-29T16:17:34.702Z
DEMO-DEV-6529,94,2026-09-28T01:19:13.415Z
DEMO-DEV-6576,94,2026-08-29T09:03:20.232Z
DEMO-DEV-6660,94,2026-09-11T03:24:11.287Z
DEMO-DEV-6664,94,2026-09-24T05:10:01.368Z
DEMO-DEV-6672,94,2026-09-14T13:56:15.014Z
DEMO-DEV-6674,94,2026-09-21T00:01:31.238Z
DEMO-DEV-6679,94,2026-09-27T17:01:34.607Z
DEMO-DEV-6699,94,2026-09-29T10:25:25.839Z
DEMO-DEV-6700,94,2026-07-17T05:44:08.784Z
DEMO-DEV-6733,94,2026-09-25T21:37:52.865Z
DEMO-DEV-6755,94,2026-09-30T00:51:42.556Z
DEMO-DEV-6773,94,2026-09-23T10:56:20.308Z
DEMO-DEV-6782,94,2026-09-26T19:11:02.442Z
DEMO-DEV-6783,94,2026-08-16T02:15:51.974Z
DEMO-DEV-6788,94,2026-09-18T01:50:52.966Z
DEMO-DEV-6797,94,2026-08-01T14:00:53.403Z
DEMO-DEV-6820,94,2026-09-14T04:03:25.307Z
DEMO-DEV-6871,94,2026-09-27T23:43:57.523Z
DEMO-DEV-6879,94,2026-09-06T06:37:52.442Z
DEMO-DEV-6900,94,2026-09-16T00:51:57.926Z
DEMO-DEV-6901,94,2026-09-20T19:32:30.556Z
DEMO-DEV-6902,94,2026-09-26T17:16:53.839Z
DEMO-DEV-6936,94,2026-09-16T17:48:31.524Z
DEMO-DEV-6942,94,2026-09-29T20:19:47.537Z
DEMO-DEV-6958,94,2026-09-23T14:12:51.077Z
DEMO-DEV-7024,94,2026-09-14T02:16:31.394Z
DEMO-DEV-7060,94,2026-09-17T00:18:40.246Z
DEMO-DEV-7067,94,2026-09-29T10:22:11.752Z
DEMO-DEV-7069,94,2026-09-23T08:58:29.236Z
DEMO-DEV-7089,94,2026-09-21T17:48:49.250Z
DEMO-DEV-7140,94,2026-09-13T19:09:18.714Z
DEMO-DEV-7218,94,2026-09-25T17:53:29.160Z
DEMO-DEV-7225,94,2026-07-16T19:31:04.485Z
DEMO-DEV-7290,94,2026-09-24T06:18:58.968Z
DEMO-DEV-7312,94,2026-08-24T16:56:59.836Z
DEMO-DEV-7345,94,2026-09-10T16:51:08.080Z
DEMO-DEV-7351,94,2026-09-02T01:59:13.080Z
DEMO-DEV-7368,94,2026-09-14T16:54:46.446Z
DEMO-DEV-7374,94,2026-09-01T23:30:13.268Z
DEMO-DEV-7404,94,2026-09-25T23:45:03.658Z
DEMO-DEV-7422,94,2026-09-19T11:40:08.272Z
DEMO-DEV-7439,94,2026-09-29T10:02:02.727Z
DEMO-DEV-7504,94,2026-09-22T20:31:00.688Z
DEMO-DEV-7543,94,2026-08-21T07:10:29.428Z
DEMO-DEV-7544,94,2026-09-28T09:13:02.168Z
DEMO-DEV-7588,94,2026-09-27T09:49:08.682Z
DEMO-DEV-7592,94,2026-09-27T18:42:51.204Z
DEMO-DEV-7664,94,2026-09-16T17:22:50.851Z
DEMO-DEV-7666,94,2026-08-21T02:44:16.138Z
DEMO-DEV-7684,94,2026-09-08T08:54:04.513Z
DEMO-DEV-7705,94,2026-09-24T04:07:47.545Z
DEMO-DEV-7746,94,2026-09-20T00:53:33.391Z
DEMO-DEV-7768,94,2026-09-12T08:42:43.038Z
DEMO-DEV-7771,94,2026-09-15T11:48:35.063Z
DEMO-DEV-7785,94,2026-09-05T10:20:36.524Z
DEMO-DEV-7801,94,2026-09-19T10:13:59.168Z
DEMO-DEV-7803,94,2026-09-24T13:06:30.913Z
DEMO-DEV-7939,94,2026-09-08T01:24:33.038Z
DEMO-DEV-7958,94,2026-09-29T15:47:10.867Z
DEMO-DEV-7983,94,2026-09-06T23:35:43.442Z
DEMO-DEV-8003,94,2026-09-08T04:13:48.976Z
DEMO-DEV-8017,94,2026-09-26T01:39:03.139Z
DEMO-DEV-8040,94,2026-09-24T19:35:43.661Z
DEMO-DEV-8044,94,2026-08-25T04:55:19.087Z
DEMO-DEV-8073,94,2026-09-18T15:52:27.446Z
DEMO-DEV-8106,94,2026-09-27T19:39:36.795Z
DEMO-DEV-8138,94,2026-09-17T20:54:16.784Z
DEMO-DEV-8149,94,2026-09-14T03:07:44.289Z
DEMO-DEV-8159,94,2026-08-30T21:58:24.917Z
DEMO-DEV-8198,94,2026-09-28T11:39:01.189Z
DEMO-DEV-8343,94,2026-09-28T14:39:59.778Z
DEMO-DEV-8383,94,2026-09-16T13:17:00.038Z
DEMO-DEV-8397,94,2026-09-23T14:30:04.884Z
DEMO-DEV-8409,94,2026-09-15T13:40:50.682Z
DEMO-DEV-8416,94,2026-09-17T19:30:33.836Z
DEMO-DEV-8428,94,2026-09-29T05:23:33.668Z
DEMO-DEV-8461,94,2026-09-26T11:43:06.500Z
DEMO-DEV-8517,94,2026-09-07T16:00:54.885Z
DEMO-DEV-8521,94,2026-09-23T09:00:09.505Z
DEMO-DEV-8585,94,2026-09-28T12:49:31.859Z
DEMO-DEV-8604,94,2026-09-29T21:15:54.682Z
DEMO-DEV-8620,94,2026-09-20T18:46:56.682Z
DEMO-DEV-8633,94,2026-09-02T16:50:27.090Z
DEMO-DEV-8638,94,2026-09-12T07:45:09.646Z
DEMO-DEV-8640,94,2026-09-21T00:14:52.636Z
DEMO-DEV-8646,94,2026-09-24T12:36:06.298Z
DEMO-DEV-8667,94,2026-08-30T22:57:21.354Z
DEMO-DEV-8678,94,2026-09-17T21:29:22.658Z
DEMO-DEV-8680,94,2026-09-26T17:45:54.555Z
DEMO-DEV-8701,94,2026-09-24T17:28:45.863Z
DEMO-DEV-8709,94,2026-09-18T19:17:06.851Z
DEMO-DEV-8783,94,2026-09-13T23:03:39.250Z
DEMO-DEV-8786,94,2026-09-26T09:34:29.799Z
DEMO-DEV-8787,94,2026-09-18T00:30:32.785Z
DEMO-DEV-8824,94,2026-09-23T16:51:46.218Z
DEMO-DEV-8825,94,2026-08-21T04:28:58.470Z
DEMO-DEV-8878,94,2026-08-18T14:24:41.236Z
DEMO-DEV-8916,94,2026-09-27T21:04:25.976Z
DEMO-DEV-8940,94,2026-09-11T21:33:52.402Z
DEMO-DEV-8955,94,2026-09-29T20:13:43.470Z
DEMO-DEV-9090,94,2026-08-28T22:11:59.778Z
DEMO-DEV-9108,94,2026-09-27T17:54:31.969Z
DEMO-DEV-9140,94,2026-08-28T02:08:51.969Z
DEMO-DEV-9225,94,2026-09-12T16:01:37.578Z
DEMO-DEV-9232,94,2026-09-16T17:16:11.026Z
DEMO-DEV-9238,94,2026-08-05T15:44:03.409Z
DEMO-DEV-9240,94,2026-09-20T01:06:01.190Z
DEMO-DEV-9310,94,2026-09-18T21:02:41.442Z
DEMO-DEV-9411,94,2026-09-27T04:58:01.618Z
DEMO-DEV-9434,94,2026-08-31T14:51:49.288Z
DEMO-DEV-9487,94,2026-09-18T04:29:21.658Z
DEMO-DEV-9505,94,2026-09-03T03:01:15.839Z
DEMO-DEV-9522,94,2026-09-20T17:24:54.003Z
DEMO-DEV-9548,94,2026-08-20T20:26:38.926Z
DEMO-DEV-9565,94,2026-09-20T00:28:37.087Z
DEMO-DEV-9608,94,2026-09-13T01:24:38.003Z
DEMO-DEV-9648,94,2026-09-28T08:49:33.714Z
DEMO-DEV-9676,94,2026-09-27T22:15:45.778Z
DEMO-DEV-9682,94,2026-09-14T05:13:18.666Z
DEMO-DEV-9686,94,2026-09-10T23:27:12.172Z
DEMO-DEV-9699,94,2026-09-24T22:20:44.519Z
DEMO-DEV-9734,94,2026-09-23T22:55:36.816Z
DEMO-DEV-9759,94,2026-09-26T09:13:24.817Z
DEMO-DEV-9841,94,2026-09-25T18:33:43.203Z
DEMO-DEV-9869,94,2026-09-25T07:08:43.873Z
DEMO-DEV-0097,93,2026-08-31T10:17:23.057Z
DEMO-DEV-0107,93,2026-08-23T18:11:02.618Z
DEMO-DEV-0112,93,2026-09-24T04:59:58.442Z
DEMO-DEV-0177,93,2026-08-14T02:29:13.218Z
DEMO-DEV-0210,93,2026-09-26T10:04:14.300Z
DEMO-DEV-0212,93,2026-09-08T00:35:57.966Z
DEMO-DEV-0263,93,2026-07-28T02:55:34.682Z
DEMO-DEV-0315,93,2026-09-24T23:54:31.428Z
DEMO-DEV-0329,93,2026-09-23T06:34:12.189Z
DEMO-DEV-0342,93,2026-09-19T13:13:34.599Z
DEMO-DEV-0360,93,2026-09-22T09:44:22.666Z
DEMO-DEV-0375,93,2026-09-29T22:18:02.877Z
DEMO-DEV-0391,93,2026-09-14T18:38:35.403Z
DEMO-DEV-0407,93,2026-09-26T22:30:41.428Z
DEMO-DEV-0606,93,2026-09-07T00:04:43.168Z
DEMO-DEV-0650,93,2026-08-19T06:46:08.915Z
DEMO-DEV-0658,93,2026-09-24T11:50:49.618Z
DEMO-DEV-0669,93,2026-09-28T01:15:32.816Z
DEMO-DEV-0714,93,2026-08-06T13:52:27.735Z
DEMO-DEV-0719,93,2026-09-18T21:15:18.161Z
DEMO-DEV-0720,93,2026-08-29T11:46:03.584Z
DEMO-DEV-0738,93,2026-09-30T07:35:57.003Z
DEMO-DEV-0793,93,2026-09-19T03:55:38.825Z
DEMO-DEV-0826,93,2026-09-21T00:12:07.584Z
DEMO-DEV-0871,93,2026-09-22T17:51:34.287Z
DEMO-DEV-0900,93,2026-09-12T06:26:25.710Z
DEMO-DEV-0909,93,2026-08-23T09:44:04.239Z
DEMO-DEV-0916,93,2026-09-26T17:07:33.073Z
DEMO-DEV-0923,93,2026-09-20T01:09:32.205Z
DEMO-DEV-0935,93,2026-09-14T01:25:38.614Z
DEMO-DEV-0949,93,2026-08-25T03:18:48.230Z
DEMO-DEV-0960,93,2026-09-12T04:56:12.087Z
DEMO-DEV-0962,93,2026-08-28T06:57:26.368Z
DEMO-DEV-0985,93,2026-09-23T17:06:44.661Z
DEMO-DEV-1040,93,2026-09-14T14:59:25.250Z
DEMO-DEV-1053,93,2026-09-09T04:53:05.134Z
DEMO-DEV-1060,93,2026-09-26T03:53:42.885Z
DEMO-DEV-1082,93,2026-08-26T16:16:40.950Z
DEMO-DEV-1130,93,2026-09-29T09:50:04.409Z
DEMO-DEV-1170,93,2026-09-17T07:20:42.150Z
DEMO-DEV-1200,93,2026-09-28T18:53:03.004Z
DEMO-DEV-1233,93,2026-09-14T21:40:19.225Z
DEMO-DEV-1237,93,2026-08-27T22:09:04.470Z
DEMO-DEV-1328,93,2026-09-26T20:15:28.614Z
DEMO-DEV-1337,93,2026-08-06T04:21:46.519Z
DEMO-DEV-1339,93,2026-09-24T22:41:15.337Z
DEMO-DEV-1370,93,2026-09-28T16:45:43.057Z
DEMO-DEV-1398,93,2026-09-09T03:05:47.873Z
DEMO-DEV-1435,93,2026-09-29T22:45:38.639Z
DEMO-DEV-1440,93,2026-09-01T08:11:49.607Z
DEMO-DEV-1453,93,2026-09-08T10:07:39.239Z
DEMO-DEV-1458,93,2026-09-17T10:57:38.688Z
DEMO-DEV-1486,93,2026-08-27T06:43:51.527Z
DEMO-DEV-1519,93,2026-09-14T18:21:17.816Z
DEMO-DEV-1526,93,2026-09-30T06:58:23.239Z
DEMO-DEV-1546,93,2026-09-28T06:28:51.493Z
DEMO-DEV-1570,93,2026-07-20T02:25:53.004Z
DEMO-DEV-1579,93,2026-09-21T02:58:02.370Z
DEMO-DEV-1626,93,2026-09-29T03:42:38.612Z
DEMO-DEV-1643,93,2026-09-18T02:15:56.556Z
DEMO-DEV-1669,93,2026-09-24T05:47:11.470Z
DEMO-DEV-1689,93,2026-09-30T00:24:23.168Z
DEMO-DEV-1702,93,2026-07-21T11:35:29.298Z
DEMO-DEV-1712,93,2026-09-23T21:52:19.397Z
DEMO-DEV-1747,93,2026-09-23T09:54:42.485Z
DEMO-DEV-1810,93,2026-08-04T14:57:12.648Z
DEMO-DEV-1821,93,2026-09-23T11:37:05.368Z
DEMO-DEV-1822,93,2026-09-17T23:16:11.692Z
DEMO-DEV-1828,93,2026-09-22T10:02:09.226Z
DEMO-DEV-1844,93,2026-08-26T20:56:35.161Z
DEMO-DEV-1849,93,2026-09-08T22:12:18.288Z
DEMO-DEV-1900,93,2026-09-28T04:01:25.015Z
DEMO-DEV-1906,93,2026-08-31T21:04:08.867Z
DEMO-DEV-1951,93,2026-09-25T15:28:31.250Z
DEMO-DEV-1956,93,2026-09-16T19:52:52.155Z
DEMO-DEV-1975,93,2026-09-24T16:39:00.785Z
DEMO-DEV-1980,93,2026-09-02T04:44:28.727Z
DEMO-DEV-2002,93,2026-09-27T16:40:22.873Z
DEMO-DEV-2065,93,2026-09-17T14:46:38.352Z
DEMO-DEV-2069,93,2026-08-07T16:47:35.968Z
DEMO-DEV-2093,93,2026-09-25T15:21:52.523Z
DEMO-DEV-2110,93,2026-09-18T08:12:49.466Z
DEMO-DEV-2172,93,2026-09-16T00:25:59.403Z
DEMO-DEV-2212,93,2026-09-20T23:08:45.315Z
DEMO-DEV-2245,93,2026-09-19T15:05:47.139Z
DEMO-DEV-2283,93,2026-08-31T10:37:39.234Z
DEMO-DEV-2304,93,2026-09-23T15:06:18.087Z
DEMO-DEV-2305,93,2026-09-29T02:21:08.804Z
DEMO-DEV-2350,93,2026-08-18T09:13:37.864Z
DEMO-DEV-2394,93,2026-09-09T10:28:24.719Z
DEMO-DEV-2428,93,2026-09-27T22:47:03.926Z
DEMO-DEV-2456,93,2026-09-21T07:18:13.446Z
DEMO-DEV-2518,93,2026-09-05T01:48:56.969Z
DEMO-DEV-2578,93,2026-09-25T08:21:41.969Z
DEMO-DEV-2603,93,2026-09-15T08:13:47.949Z
DEMO-DEV-2606,93,2026-09-14T09:35:34.948Z
DEMO-DEV-2627,93,2026-09-13T21:47:55.868Z
DEMO-DEV-2633,93,2026-09-20T01:58:42.319Z
DEMO-DEV-2697,93,2026-09-12T03:00:34.288Z
DEMO-DEV-2728,93,2026-09-03T23:37:32.370Z
DEMO-DEV-2744,93,2026-09-26T14:33:26.167Z
DEMO-DEV-2761,93,2026-09-27T10:52:02.992Z
DEMO-DEV-2773,93,2026-09-25T14:21:15.442Z
DEMO-DEV-2790,93,2026-09-27T14:49:54.646Z
DEMO-DEV-2796,93,2026-09-02T06:23:45.503Z
DEMO-DEV-2825,93,2026-09-17T20:02:03.252Z
DEMO-DEV-2853,93,2026-09-20T13:22:45.222Z
DEMO-DEV-2872,93,2026-09-16T05:58:37.975Z
DEMO-DEV-2907,93,2026-09-25T11:25:22.825Z
DEMO-DEV-2920,93,2026-09-24T00:57:45.075Z
DEMO-DEV-2924,93,2026-09-20T02:35:09.366Z
DEMO-DEV-2955,93,2026-09-21T22:41:40.038Z
DEMO-DEV-3033,93,2026-08-14T07:57:33.653Z
DEMO-DEV-3111,93,2026-09-24T06:25:34.037Z
DEMO-DEV-3162,93,2026-09-26T06:10:41.646Z
DEMO-DEV-3164,93,2026-09-15T13:37:19.352Z
DEMO-DEV-3187,93,2026-09-28T17:44:38.150Z
DEMO-DEV-3203,93,2026-09-04T01:32:47.308Z
DEMO-DEV-3218,93,2026-09-25T01:02:28.026Z
DEMO-DEV-3227,93,2026-09-24T02:48:06.836Z
DEMO-DEV-3236,93,2026-09-29T10:26:37.668Z
DEMO-DEV-3267,93,2026-09-20T23:01:35.192Z
DEMO-DEV-3318,93,2026-08-28T00:36:55.472Z
DEMO-DEV-3326,93,2026-09-11T03:47:39.391Z
DEMO-DEV-3337,93,2026-09-29T03:36:47.090Z
DEMO-DEV-3399,93,2026-09-19T08:22:54.867Z
DEMO-DEV-3407,93,2026-09-24T11:47:08.254Z
DEMO-DEV-3432,93,2026-09-10T01:08:37.352Z
DEMO-DEV-3461,93,2026-09-24T04:23:51.950Z
DEMO-DEV-3523,93,2026-09-22T13:57:11.806Z
DEMO-DEV-3535,93,2026-09-18T17:48:41.352Z
DEMO-DEV-3625,93,2026-09-17T03:30:54.892Z
DEMO-DEV-3648,93,2026-08-31T18:54:39.003Z
DEMO-DEV-3708,93,2026-09-29T20:31:53.123Z
DEMO-DEV-3725,93,2026-09-24T10:03:59.817Z
DEMO-DEV-3726,93,2026-09-11T21:30:32.843Z
DEMO-DEV-3783,93,2026-09-10T07:39:43.782Z
DEMO-DEV-3800,93,2026-09-29T13:46:44.914Z
DEMO-DEV-3809,93,2026-08-18T00:00:19.460Z
DEMO-DEV-3834,93,2026-09-15T06:18:37.524Z
DEMO-DEV-3839,93,2026-09-23T06:19:36.968Z
DEMO-DEV-3872,93,2026-09-08T19:26:25.221Z
DEMO-DEV-3887,93,2026-09-11T08:16:29.168Z
DEMO-DEV-3892,93,2026-08-27T19:40:04.926Z
DEMO-DEV-3902,93,2026-08-31T00:38:34.636Z
DEMO-DEV-3929,93,2026-08-30T20:32:14.782Z
DEMO-DEV-4007,93,2026-09-13T18:04:02.224Z
DEMO-DEV-4098,93,2026-09-12T10:36:05.929Z
DEMO-DEV-4115,93,2026-09-14T00:41:02.527Z
DEMO-DEV-4116,93,2026-09-17T18:17:06.873Z
DEMO-DEV-4175,93,2026-09-29T15:33:25.352Z
DEMO-DEV-4189,93,2026-09-10T02:39:11.727Z
DEMO-DEV-4201,93,2026-07-24T12:23:39.224Z
DEMO-DEV-4206,93,2026-09-26T19:53:44.428Z
DEMO-DEV-4240,93,2026-09-28T17:42:07.527Z
DEMO-DEV-4263,93,2026-09-11T05:53:37.727Z
DEMO-DEV-4272,93,2026-09-24T10:10:45.784Z
DEMO-DEV-4335,93,2026-09-24T09:20:27.658Z
DEMO-DEV-4393,93,2026-09-13T19:13:13.646Z
DEMO-DEV-4409,93,2026-09-19T00:15:14.409Z
DEMO-DEV-4430,93,2026-09-16T18:16:38.714Z
DEMO-DEV-4469,93,2026-08-19T02:43:02.612Z
DEMO-DEV-4508,93,2026-09-27T06:32:42.646Z
DEMO-DEV-4586,93,2026-08-28T01:02:00.836Z
DEMO-DEV-4605,93,2026-09-02T20:47:41.868Z
DEMO-DEV-4609,93,2026-09-25T21:43:22.211Z
DEMO-DEV-4640,93,2026-09-20T11:54:35.841Z
DEMO-DEV-4656,93,2026-09-24T14:48:43.843Z
DEMO-DEV-4659,93,2026-09-01T14:14:31.394Z
DEMO-DEV-4731,93,2026-07-25T14:13:28.676Z
DEMO-DEV-4737,93,2026-09-25T09:25:01.165Z
DEMO-DEV-4762,93,2026-09-02T06:55:27.948Z
DEMO-DEV-4804,93,2026-09-16T07:11:58.870Z
DEMO-DEV-4844,93,2026-09-20T20:19:10.026Z
DEMO-DEV-4872,93,2026-09-23T22:34:44.824Z
DEMO-DEV-4887,93,2026-09-20T15:53:26.976Z
DEMO-DEV-4893,93,2026-08-25T09:49:44.443Z
DEMO-DEV-4933,93,2026-09-16T20:21:35.556Z
DEMO-DEV-4975,93,2026-08-21T15:00:37.803Z
DEMO-DEV-5004,93,2026-09-22T09:05:21.252Z
DEMO-DEV-5030,93,2026-09-15T04:19:34.211Z
DEMO-DEV-5044,93,2026-09-27T15:35:34.264Z
DEMO-DEV-5145,93,2026-09-22T16:07:12.040Z
DEMO-DEV-5175,93,2026-09-30T05:07:18.545Z
DEMO-DEV-5202,93,2026-08-26T06:51:04.026Z
DEMO-DEV-5236,93,2026-09-24T08:13:28.226Z
DEMO-DEV-5261,93,2026-09-27T12:58:57.288Z
DEMO-DEV-5278,93,2026-09-27T08:59:20.710Z
DEMO-DEV-5318,93,2026-09-12T06:10:19.817Z
DEMO-DEV-5407,93,2026-09-08T14:47:35.472Z
DEMO-DEV-5438,93,2026-09-25T15:02:01.825Z
DEMO-DEV-5447,93,2026-07-23T01:33:18.786Z
DEMO-DEV-5507,93,2026-09-06T15:34:08.218Z
DEMO-DEV-5528,93,2026-09-11T15:15:38.676Z
DEMO-DEV-5540,93,2026-08-23T13:37:26.846Z
DEMO-DEV-5612,93,2026-09-09T02:55:09.806Z
DEMO-DEV-5615,93,2026-09-25T20:50:31.190Z
DEMO-DEV-5645,93,2026-09-09T09:10:40.246Z
DEMO-DEV-5701,93,2026-09-28T15:38:30.239Z
DEMO-DEV-5715,93,2026-09-28T05:14:08.765Z
DEMO-DEV-5733,93,2026-09-19T10:36:40.325Z
DEMO-DEV-5735,93,2026-09-19T06:43:24.040Z
DEMO-DEV-5784,93,2026-09-25T06:21:04.555Z
DEMO-DEV-5800,93,2026-09-13T08:51:20.337Z
DEMO-DEV-5836,93,2026-08-21T14:49:56.612Z
DEMO-DEV-5847,93,2026-09-15T11:07:24.391Z
DEMO-DEV-5875,93,2026-09-23T05:47:59.302Z
DEMO-DEV-5885,93,2026-09-25T03:49:52.653Z
DEMO-DEV-5901,93,2026-09-24T04:38:42.824Z
DEMO-DEV-5909,93,2026-09-29T21:56:43.139Z
DEMO-DEV-5937,93,2026-09-18T08:24:48.836Z
DEMO-DEV-5941,93,2026-09-19T01:27:02.535Z
DEMO-DEV-5943,93,2026-09-29T18:19:20.523Z
DEMO-DEV-5992,93,2026-08-21T16:00:38.676Z
DEMO-DEV-6009,93,2026-09-27T11:07:15.877Z
DEMO-DEV-6034,93,2026-09-23T11:50:50.462Z
DEMO-DEV-6052,93,2026-08-07T22:03:31.172Z
DEMO-DEV-6072,93,2026-09-27T09:53:56.842Z
DEMO-DEV-6080,93,2026-09-11T08:45:43.505Z
DEMO-DEV-6090,93,2026-09-27T16:19:50.040Z
DEMO-DEV-6136,93,2026-08-11T01:38:39.167Z
DEMO-DEV-6154,93,2026-09-15T06:37:37.003Z
DEMO-DEV-6187,93,2026-09-20T03:12:26.735Z
DEMO-DEV-6242,93,2026-09-02T01:09:32.014Z
DEMO-DEV-6248,93,2026-09-05T10:28:10.754Z
DEMO-DEV-6257,93,2026-09-28T02:58:29.366Z
DEMO-DEV-6282,93,2026-09-24T11:08:53.446Z
DEMO-DEV-6287,93,2026-09-24T14:15:06.799Z
DEMO-DEV-6299,93,2026-09-15T10:46:20.442Z
DEMO-DEV-6309,93,2026-08-23T06:41:36.222Z
DEMO-DEV-6377,93,2026-09-10T01:05:03.077Z
DEMO-DEV-6379,93,2026-09-29T16:34:52.568Z
DEMO-DEV-6385,93,2026-09-21T05:35:59.803Z
DEMO-DEV-6404,93,2026-09-14T18:50:06.221Z
DEMO-DEV-6413,93,2026-09-25T16:51:16.057Z
DEMO-DEV-6421,93,2026-09-26T01:17:41.192Z
DEMO-DEV-6527,93,2026-09-27T10:54:54.315Z
DEMO-DEV-6534,93,2026-09-19T13:16:43.727Z
DEMO-DEV-6537,93,2026-09-14T22:19:14.846Z
DEMO-DEV-6563,93,2026-09-13T18:39:04.190Z
DEMO-DEV-6583,93,2026-09-26T08:09:34.846Z
DEMO-DEV-6588,93,2026-09-28T22:04:38.155Z
DEMO-DEV-6599,93,2026-08-28T06:30:55.817Z
DEMO-DEV-6615,93,2026-09-30T02:19:27.288Z
DEMO-DEV-6627,93,2026-09-27T03:43:54.024Z
DEMO-DEV-6754,93,2026-09-03T19:41:31.969Z
DEMO-DEV-6756,93,2026-09-11T07:46:18.289Z
DEMO-DEV-6761,93,2026-09-27T10:01:35.302Z
DEMO-DEV-6789,93,2026-09-15T08:29:23.968Z
DEMO-DEV-6799,93,2026-09-20T04:24:45.557Z
DEMO-DEV-6812,93,2026-06-16T06:16:04.234Z
DEMO-DEV-6815,93,2026-09-30T07:42:36.345Z
DEMO-DEV-6828,93,2026-09-26T09:22:33.307Z
DEMO-DEV-6864,93,2026-08-04T05:07:38.786Z
DEMO-DEV-6895,93,2026-09-23T13:22:13.391Z
DEMO-DEV-6907,93,2026-08-21T02:35:29.403Z
DEMO-DEV-6981,93,2026-09-07T21:35:38.352Z
DEMO-DEV-6988,93,2026-08-22T01:17:08.165Z
DEMO-DEV-7015,93,2026-09-28T22:40:58.877Z
DEMO-DEV-7021,93,2026-09-23T21:05:54.785Z
DEMO-DEV-7053,93,2026-09-24T22:18:04.289Z
DEMO-DEV-7099,93,2026-09-13T05:47:47.839Z
DEMO-DEV-7113,93,2026-09-23T17:50:03.765Z
DEMO-DEV-7128,93,2026-09-29T03:06:01.505Z
DEMO-DEV-7132,93,2026-09-16T15:02:35.785Z
DEMO-DEV-7172,93,2026-09-26T21:20:24.666Z
DEMO-DEV-7177,93,2026-09-29T20:39:01.268Z
DEMO-DEV-7179,93,2026-09-14T10:28:00.799Z
DEMO-DEV-7247,93,2026-09-21T19:20:27.254Z
DEMO-DEV-7248,93,2026-07-08T12:13:07.402Z
DEMO-DEV-7294,93,2026-09-26T23:45:49.246Z
DEMO-DEV-7298,93,2026-09-13T18:26:33.236Z
DEMO-DEV-7398,93,2026-09-09T16:56:06.403Z
DEMO-DEV-7423,93,2026-09-06T13:01:46.784Z
DEMO-DEV-7429,93,2026-09-17T12:15:40.816Z
DEMO-DEV-7489,93,2026-09-13T15:39:59.892Z
DEMO-DEV-7499,93,2026-09-29T18:16:28.239Z
DEMO-DEV-7690,93,2026-09-21T01:10:17.470Z
DEMO-DEV-7723,93,2026-08-24T19:01:26.368Z
DEMO-DEV-7728,93,2026-09-25T15:18:32.557Z
DEMO-DEV-7791,93,2026-09-28T13:41:33.914Z
DEMO-DEV-7792,93,2026-09-27T17:38:15.863Z
DEMO-DEV-7808,93,2026-09-30T01:08:12.232Z
DEMO-DEV-7822,93,2026-09-27T06:11:00.015Z
DEMO-DEV-7826,93,2026-09-15T16:28:27.846Z
DEMO-DEV-7858,93,2026-08-27T16:04:27.204Z
DEMO-DEV-7886,93,2026-09-20T02:30:48.045Z
DEMO-DEV-7889,93,2026-09-19T12:28:12.836Z
DEMO-DEV-7915,93,2026-09-17T01:34:34.682Z
DEMO-DEV-7920,93,2026-08-26T17:02:41.968Z
DEMO-DEV-7944,93,2026-09-13T21:02:24.727Z
DEMO-DEV-7975,93,2026-09-29T13:20:34.203Z
DEMO-DEV-8141,93,2026-09-20T03:37:56.926Z
DEMO-DEV-8164,93,2026-09-03T13:23:59.618Z
DEMO-DEV-8171,93,2026-08-16T20:35:55.892Z
DEMO-DEV-8185,93,2026-09-17T08:16:54.513Z
DEMO-DEV-8201,93,2026-09-12T11:53:42.232Z
DEMO-DEV-8234,93,2026-09-14T19:59:04.816Z
DEMO-DEV-8267,93,2026-09-14T16:09:06.859Z
DEMO-DEV-8268,93,2026-09-24T07:55:04.555Z
DEMO-DEV-8287,93,2026-09-28T02:13:59.403Z
DEMO-DEV-8288,93,2026-09-06T20:14:12.246Z
DEMO-DEV-8293,93,2026-09-29T15:59:43.300Z
DEMO-DEV-8335,93,2026-09-17T11:52:18.948Z
DEMO-DEV-8377,93,2026-09-28T14:47:27.203Z
DEMO-DEV-8473,93,2026-09-27T16:48:22.205Z
DEMO-DEV-8560,93,2026-09-26T05:59:00.646Z
DEMO-DEV-8575,93,2026-09-22T13:38:21.976Z
DEMO-DEV-8623,93,2026-09-27T18:03:05.885Z
DEMO-DEV-8632,93,2026-09-17T17:07:27.063Z
DEMO-DEV-8669,93,2026-09-20T00:28:45.354Z
DEMO-DEV-8697,93,2026-08-25T11:16:18.607Z
DEMO-DEV-8777,93,2026-09-23T18:24:25.676Z
DEMO-DEV-8813,93,2026-09-24T13:55:00.949Z
DEMO-DEV-8830,93,2026-09-20T17:40:15.225Z
DEMO-DEV-8900,93,2026-07-23T14:29:09.778Z
DEMO-DEV-8906,93,2026-09-18T23:12:26.879Z
DEMO-DEV-8933,93,2026-08-30T14:09:34.851Z
DEMO-DEV-8964,93,2026-09-23T17:11:14.068Z
DEMO-DEV-8975,93,2026-08-19T13:43:13.584Z
DEMO-DEV-8976,93,2026-09-14T13:54:27.793Z
DEMO-DEV-8985,93,2026-09-24T18:09:53.391Z
DEMO-DEV-9016,93,2026-09-12T04:40:48.203Z
DEMO-DEV-9104,93,2026-09-27T08:22:48.015Z
DEMO-DEV-9109,93,2026-09-16T03:12:48.354Z
DEMO-DEV-9130,93,2026-09-23T11:02:55.524Z
DEMO-DEV-9175,93,2026-08-30T07:51:13.913Z
DEMO-DEV-9187,93,2026-09-26T16:07:05.239Z
DEMO-DEV-9210,93,2026-09-26T00:36:51.785Z
DEMO-DEV-9300,93,2026-09-21T12:54:26.842Z
DEMO-DEV-9320,93,2026-08-25T06:56:28.836Z
DEMO-DEV-9326,93,2026-08-24T18:58:18.442Z
DEMO-DEV-9332,93,2026-09-21T15:54:29.648Z
DEMO-DEV-9350,93,2026-08-30T22:29:55.605Z
DEMO-DEV-9369,93,2026-09-16T14:22:11.315Z
DEMO-DEV-9371,93,2026-09-29T22:27:35.368Z
DEMO-DEV-9387,93,2026-09-20T02:40:51.785Z
DEMO-DEV-9414,93,2026-09-25T13:21:49.134Z
DEMO-DEV-9433,93,2026-09-26T18:52:16.172Z
DEMO-DEV-9476,93,2026-08-20T21:31:48.804Z
DEMO-DEV-9643,93,2026-09-01T16:20:17.138Z
DEMO-DEV-9649,93,2026-09-29T17:17:38.168Z
DEMO-DEV-9657,93,2026-09-04T16:04:25.264Z
DEMO-DEV-9725,93,2026-08-29T17:42:31.682Z
DEMO-DEV-9752,93,2026-09-06T20:04:55.793Z
DEMO-DEV-9783,93,2026-08-27T14:46:35.646Z
DEMO-DEV-9811,93,2026-09-17T10:24:39.556Z
DEMO-DEV-9833,93,2026-09-21T10:02:50.027Z
DEMO-DEV-9866,93,2026-09-09T06:46:34.914Z
DEMO-DEV-9889,93,2026-09-30T01:00:32.014Z
DEMO-DEV-9903,93,2026-08-29T11:28:47.786Z
DEMO-DEV-9922,93,2026-07-22T00:25:02.472Z
DEMO-DEV-9939,93,2026-08-29T16:48:04.778Z
DEMO-DEV-0010,92,2026-09-03T19:10:42.345Z
DEMO-DEV-0020,92,2026-07-26T15:35:12.370Z
DEMO-DEV-0023,92,2026-08-30T22:12:35.505Z
DEMO-DEV-0024,92,2026-09-18T01:22:05.873Z
DEMO-DEV-0030,92,2026-09-19T14:32:47.710Z
DEMO-DEV-0049,92,2026-09-23T11:37:31.511Z
DEMO-DEV-0129,92,2026-09-22T07:17:46.811Z
DEMO-DEV-0170,92,2026-09-02T00:48:25.842Z
DEMO-DEV-0176,92,2026-09-10T12:35:38.087Z
DEMO-DEV-0190,92,2026-09-03T18:56:26.428Z
DEMO-DEV-0229,92,2026-09-16T12:02:13.352Z
DEMO-DEV-0268,92,2026-08-24T03:09:18.782Z
DEMO-DEV-0280,92,2026-09-09T09:04:02.172Z
DEMO-DEV-0281,92,2026-09-03T03:16:11.253Z
DEMO-DEV-0350,92,2026-09-20T06:29:17.063Z
DEMO-DEV-0353,92,2026-09-26T07:58:31.015Z
DEMO-DEV-0362,92,2026-09-29T22:15:33.497Z
DEMO-DEV-0396,92,2026-09-24T23:51:33.607Z
DEMO-DEV-0454,92,2026-09-28T00:25:15.161Z
DEMO-DEV-0480,92,2026-09-16T17:06:01.841Z
DEMO-DEV-0504,92,2026-09-22T10:59:36.824Z
DEMO-DEV-0510,92,2026-09-24T02:18:57.073Z
DEMO-DEV-0534,92,2026-09-23T19:27:32.077Z
DEMO-DEV-0550,92,2026-09-19T07:52:29.368Z
DEMO-DEV-0567,92,2026-09-04T22:03:14.639Z
DEMO-DEV-0569,92,2026-08-29T19:11:05.077Z
DEMO-DEV-0578,92,2026-09-16T16:51:26.063Z
DEMO-DEV-0599,92,2026-09-27T05:28:07.366Z
DEMO-DEV-0628,92,2026-08-29T23:09:32.612Z
DEMO-DEV-0631,92,2026-09-29T16:58:08.021Z
DEMO-DEV-0717,92,2026-09-25T22:54:57.612Z
DEMO-DEV-0781,92,2026-09-19T22:34:25.965Z
DEMO-DEV-0820,92,2026-09-28T20:13:05.134Z
DEMO-DEV-0823,92,2026-09-10T05:49:09.784Z
DEMO-DEV-0848,92,2026-09-30T07:15:13.949Z
DEMO-DEV-0887,92,2026-09-08T03:33:17.511Z
DEMO-DEV-0904,92,2026-09-01T17:41:20.714Z
DEMO-DEV-0930,92,2026-09-28T11:20:35.232Z
DEMO-DEV-0946,92,2026-09-08T12:45:06.976Z
DEMO-DEV-0966,92,2026-09-30T00:18:50.319Z
DEMO-DEV-1016,92,2026-09-29T00:37:29.879Z
DEMO-DEV-1022,92,2026-09-28T06:42:30.646Z
DEMO-DEV-1038,92,2026-09-27T17:51:52.884Z
DEMO-DEV-1052,92,2026-09-20T07:26:47.519Z
DEMO-DEV-1110,92,2026-09-25T02:25:21.387Z
DEMO-DEV-1123,92,2026-09-25T08:13:47.841Z
DEMO-DEV-1127,92,2026-09-25T19:27:47.688Z
DEMO-DEV-1145,92,2026-09-18T04:08:00.870Z
DEMO-DEV-1204,92,2026-09-21T19:18:14.523Z
DEMO-DEV-1274,92,2026-09-29T11:12:16.989Z
DEMO-DEV-1275,92,2026-08-25T04:43:43.784Z
DEMO-DEV-1285,92,2026-09-24T11:10:13.161Z
DEMO-DEV-1312,92,2026-09-12T09:01:38.915Z
DEMO-DEV-1334,92,2026-08-19T07:29:51.508Z
DEMO-DEV-1343,92,2026-09-28T15:45:16.865Z
DEMO-DEV-1404,92,2026-09-22T12:28:00.015Z
DEMO-DEV-1420,92,2026-09-10T18:46:42.250Z
DEMO-DEV-1465,92,2026-09-04T01:51:11.714Z
DEMO-DEV-1522,92,2026-09-30T07:49:15.714Z
DEMO-DEV-1539,92,2026-08-30T12:55:59.948Z
DEMO-DEV-1584,92,2026-09-24T13:01:43.735Z
DEMO-DEV-1592,92,2026-09-07T19:35:21.985Z
DEMO-DEV-1611,92,2026-09-14T12:28:33.555Z
DEMO-DEV-1617,92,2026-09-15T17:18:49.172Z
DEMO-DEV-1623,92,2026-09-27T10:04:45.315Z
DEMO-DEV-1629,92,2026-09-26T14:38:04.402Z
DEMO-DEV-1638,92,2026-08-02T16:54:51.264Z
DEMO-DEV-1724,92,2026-09-26T07:15:07.846Z
DEMO-DEV-1798,92,2026-08-25T10:38:07.511Z
DEMO-DEV-1801,92,2026-09-19T21:17:44.658Z
DEMO-DEV-1831,92,2026-08-31T05:51:25.337Z
DEMO-DEV-1847,92,2026-09-09T23:53:33.926Z
DEMO-DEV-1853,92,2026-09-18T00:35:03.287Z
DEMO-DEV-1876,92,2026-09-08T10:08:05.648Z
DEMO-DEV-1893,92,2026-09-20T04:52:17.859Z
DEMO-DEV-1917,92,2026-08-20T13:20:50.300Z
DEMO-DEV-1947,92,2026-08-16T22:36:49.189Z
DEMO-DEV-1968,92,2026-09-26T06:42:16.511Z
DEMO-DEV-2020,92,2026-09-24T09:00:02.455Z
DEMO-DEV-2075,92,2026-09-24T08:47:04.446Z
DEMO-DEV-2087,92,2026-09-14T16:48:10.727Z
DEMO-DEV-2092,92,2026-08-27T18:03:43.793Z
DEMO-DEV-2116,92,2026-09-28T06:16:48.778Z
DEMO-DEV-2119,92,2026-09-26T19:45:57.714Z
DEMO-DEV-2155,92,2026-07-15T06:57:31.134Z
DEMO-DEV-2194,92,2026-09-20T14:16:13.368Z
DEMO-DEV-2203,92,2026-09-23T03:03:13.222Z
DEMO-DEV-2222,92,2026-09-19T00:33:18.493Z
DEMO-DEV-2228,92,2026-09-17T07:49:19.460Z
DEMO-DEV-2234,92,2026-09-28T21:52:37.867Z
DEMO-DEV-2270,92,2026-08-19T21:30:31.287Z
DEMO-DEV-2285,92,2026-08-10T07:20:25.319Z
DEMO-DEV-2383,92,2026-09-17T21:45:35.966Z
DEMO-DEV-2385,92,2026-09-21T17:01:46.655Z
DEMO-DEV-2407,92,2026-09-08T10:27:32.692Z
DEMO-DEV-2440,92,2026-09-03T05:06:45.300Z
DEMO-DEV-2473,92,2026-09-30T05:48:11.985Z
DEMO-DEV-2560,92,2026-09-21T11:20:01.865Z
DEMO-DEV-2576,92,2026-09-01T01:05:31.584Z
DEMO-DEV-2599,92,2026-07-27T14:38:09.682Z
DEMO-DEV-2614,92,2026-09-21T11:46:57.073Z
DEMO-DEV-2643,92,2026-09-24T14:19:05.319Z
DEMO-DEV-2685,92,2026-08-27T00:11:57.307Z
DEMO-DEV-2717,92,2026-09-15T14:22:23.455Z
DEMO-DEV-2740,92,2026-09-20T03:38:30.950Z
DEMO-DEV-2770,92,2026-08-08T05:57:28.365Z
DEMO-DEV-2846,92,2026-09-06T10:31:09.205Z
DEMO-DEV-2850,92,2026-07-23T14:50:24.205Z
DEMO-DEV-2972,92,2026-09-17T01:07:03.298Z
DEMO-DEV-2982,92,2026-08-04T20:42:14.714Z
DEMO-DEV-3007,92,2026-09-18T06:51:39.527Z
DEMO-DEV-3043,92,2026-09-27T13:01:59.811Z
DEMO-DEV-3078,92,2026-08-16T10:59:27.505Z
DEMO-DEV-3091,92,2026-09-26T08:39:35.865Z
DEMO-DEV-3110,92,2026-09-29T09:44:17.087Z
DEMO-DEV-3134,92,2026-09-26T12:56:13.308Z
DEMO-DEV-3138,92,2026-08-04T00:38:49.077Z
DEMO-DEV-3194,92,2026-09-13T03:38:54.666Z
DEMO-DEV-3221,92,2026-09-18T06:54:42.505Z
DEMO-DEV-3230,92,2026-09-27T12:21:47.446Z
DEMO-DEV-3244,92,2026-09-13T17:55:42.253Z
DEMO-DEV-3254,92,2026-09-15T10:25:16.226Z
DEMO-DEV-3288,92,2026-09-15T07:15:46.568Z
DEMO-DEV-3316,92,2026-09-18T20:51:10.989Z
DEMO-DEV-3335,92,2026-09-16T03:30:40.443Z
DEMO-DEV-3336,92,2026-09-19T19:14:15.556Z
DEMO-DEV-3340,92,2026-08-26T13:28:00.688Z
DEMO-DEV-3359,92,2026-09-22T10:38:30.503Z
DEMO-DEV-3385,92,2026-09-18T09:07:09.222Z
DEMO-DEV-3390,92,2026-09-23T19:25:48.219Z
DEMO-DEV-3416,92,2026-08-20T16:48:35.913Z
DEMO-DEV-3436,92,2026-09-22T21:58:30.160Z
DEMO-DEV-3484,92,2026-09-28T00:49:16.692Z
DEMO-DEV-3534,92,2026-07-27T09:23:03.003Z
DEMO-DEV-3557,92,2026-09-04T04:24:18.319Z
DEMO-DEV-3592,92,2026-09-19T14:03:46.442Z
DEMO-DEV-3613,92,2026-09-09T11:45:49.368Z
DEMO-DEV-3623,92,2026-09-19T07:16:29.714Z
DEMO-DEV-3658,92,2026-09-28T09:49:51.443Z
DEMO-DEV-3671,92,2026-09-24T13:17:39.527Z
DEMO-DEV-3695,92,2026-09-22T03:08:38.666Z
DEMO-DEV-3703,92,2026-09-29T04:54:57.676Z
DEMO-DEV-3704,92,2026-09-20T18:42:04.138Z
DEMO-DEV-3767,92,2026-09-24T23:13:51.661Z
DEMO-DEV-3791,92,2026-09-19T01:31:47.688Z
DEMO-DEV-3855,92,2026-09-26T15:10:14.825Z
DEMO-DEV-3856,92,2026-09-25T17:06:47.190Z
DEMO-DEV-3912,92,2026-08-27T03:36:34.211Z
DEMO-DEV-3913,92,2026-08-23T18:25:25.873Z
DEMO-DEV-3939,92,2026-08-25T17:39:40.250Z
DEMO-DEV-3955,92,2026-09-21T10:49:58.189Z
DEMO-DEV-4027,92,2026-09-29T15:01:54.535Z
DEMO-DEV-4112,92,2026-09-23T05:36:25.021Z
DEMO-DEV-4122,92,2026-09-28T23:27:15.948Z
DEMO-DEV-4132,92,2026-09-29T15:43:11.272Z
DEMO-DEV-4218,92,2026-09-30T01:35:44.965Z
DEMO-DEV-4223,92,2026-09-22T09:47:16.234Z
DEMO-DEV-4248,92,2026-09-06T23:30:39.160Z
DEMO-DEV-4271,92,2026-09-13T17:35:11.989Z
DEMO-DEV-4281,92,2026-09-12T11:26:21.165Z
DEMO-DEV-4367,92,2026-09-20T05:49:02.950Z
DEMO-DEV-4392,92,2026-08-25T11:36:18.442Z
DEMO-DEV-4435,92,2026-09-28T23:35:04.879Z
DEMO-DEV-4440,92,2026-09-29T07:15:50.948Z
DEMO-DEV-4445,92,2026-08-19T15:24:05.222Z
DEMO-DEV-4458,92,2026-09-03T12:47:05.204Z
DEMO-DEV-4477,92,2026-09-26T03:07:51.926Z
DEMO-DEV-4505,92,2026-09-27T00:28:58.648Z
DEMO-DEV-4537,92,2026-09-16T11:12:18.224Z
DEMO-DEV-4550,92,2026-09-15T07:02:43.658Z
DEMO-DEV-4554,92,2026-09-12T23:24:41.975Z
DEMO-DEV-4563,92,2026-09-15T15:27:24.843Z
DEMO-DEV-4632,92,2026-09-21T22:24:42.738Z
DEMO-DEV-4696,92,2026-08-07T08:38:30.785Z
DEMO-DEV-4722,92,2026-09-03T02:18:51.442Z
DEMO-DEV-4771,92,2026-09-29T16:58:57.205Z
DEMO-DEV-4791,92,2026-09-08T06:27:47.038Z
DEMO-DEV-4809,92,2026-09-15T12:29:41.793Z
DEMO-DEV-4834,92,2026-09-25T19:35:06.714Z
DEMO-DEV-4871,92,2026-08-31T17:11:08.345Z
DEMO-DEV-4878,92,2026-09-16T10:51:30.254Z
DEMO-DEV-4905,92,2026-09-24T15:12:06.806Z
DEMO-DEV-4919,92,2026-09-12T02:58:06.976Z
DEMO-DEV-4921,92,2026-08-09T17:30:16.646Z
DEMO-DEV-4930,92,2026-09-14T19:53:00.204Z
DEMO-DEV-4947,92,2026-09-22T21:21:58.987Z
DEMO-DEV-4948,92,2026-09-18T04:14:45.799Z
DEMO-DEV-4999,92,2026-09-28T20:57:30.391Z
DEMO-DEV-5016,92,2026-09-07T05:35:52.926Z
DEMO-DEV-5130,92,2026-09-21T02:52:12.867Z
DEMO-DEV-5131,92,2026-09-19T05:07:07.442Z
DEMO-DEV-5195,92,2026-09-21T05:32:27.639Z
DEMO-DEV-5228,92,2026-08-27T08:09:50.661Z
DEMO-DEV-5229,92,2026-09-17T16:31:44.026Z
DEMO-DEV-5248,92,2026-09-06T14:45:27.234Z
DEMO-DEV-5336,92,2026-09-13T21:57:33.752Z
DEMO-DEV-5347,92,2026-08-23T02:51:28.160Z
DEMO-DEV-5386,92,2026-09-28T22:12:49.803Z
DEMO-DEV-5549,92,2026-09-25T00:55:43.799Z
DEMO-DEV-5628,92,2026-09-08T05:31:00.993Z
DEMO-DEV-5658,92,2026-09-20T22:57:40.211Z
DEMO-DEV-5667,92,2026-09-30T00:33:09.719Z
DEMO-DEV-5683,92,2026-09-19T17:47:08.345Z
DEMO-DEV-5687,92,2026-09-14T15:57:31.738Z
DEMO-DEV-5705,92,2026-09-17T12:04:24.968Z
DEMO-DEV-5713,92,2026-09-20T12:07:38.219Z
DEMO-DEV-5723,92,2026-09-25T09:16:33.993Z
DEMO-DEV-5742,92,2026-09-10T23:21:33.503Z
DEMO-DEV-5808,92,2026-09-23T04:29:39.272Z
DEMO-DEV-5814,92,2026-09-16T13:40:29.702Z
DEMO-DEV-5817,92,2026-08-20T18:21:43.792Z
DEMO-DEV-5832,92,2026-09-21T04:35:06.224Z
DEMO-DEV-5835,92,2026-09-25T13:14:36.038Z
DEMO-DEV-5903,92,2026-09-25T21:51:37.568Z
DEMO-DEV-5905,92,2026-09-25T06:22:53.965Z
DEMO-DEV-5934,92,2026-09-19T03:44:51.365Z
DEMO-DEV-5988,92,2026-08-27T23:44:53.120Z
DEMO-DEV-6007,92,2026-09-26T11:53:15.884Z
DEMO-DEV-6025,92,2026-08-04T12:40:13.843Z
DEMO-DEV-6099,92,2026-09-29T09:55:36.319Z
DEMO-DEV-6106,92,2026-09-09T12:39:30.189Z
DEMO-DEV-6133,92,2026-09-20T17:04:06.836Z
DEMO-DEV-6134,92,2026-09-11T19:42:53.460Z
DEMO-DEV-6159,92,2026-09-04T15:20:45.710Z
DEMO-DEV-6166,92,2026-09-23T14:09:32.455Z
DEMO-DEV-6167,92,2026-09-30T07:38:00.503Z
DEMO-DEV-6175,92,2026-09-08T23:28:27.307Z
DEMO-DEV-6202,92,2026-08-12T17:05:54.298Z
DEMO-DEV-6239,92,2026-09-25T12:21:21.646Z
DEMO-DEV-6275,92,2026-09-26T09:00:48.692Z
DEMO-DEV-6284,92,2026-09-15T00:26:59.714Z
DEMO-DEV-6307,92,2026-08-19T00:35:16.974Z
DEMO-DEV-6366,92,2026-09-09T14:13:23.470Z
DEMO-DEV-6422,92,2026-08-22T07:14:58.786Z
DEMO-DEV-6460,92,2026-09-23T23:38:25.428Z
DEMO-DEV-6475,92,2026-09-26T08:46:43.428Z
DEMO-DEV-6522,92,2026-09-29T22:17:52.545Z
DEMO-DEV-6525,92,2026-09-15T16:40:30.289Z
DEMO-DEV-6562,92,2026-08-14T02:50:38.021Z
DEMO-DEV-6634,92,2026-09-23T14:55:09.537Z
DEMO-DEV-6640,92,2026-08-21T00:06:36.661Z
DEMO-DEV-6650,92,2026-09-21T12:05:04.993Z
DEMO-DEV-6680,92,2026-09-06T05:18:19.040Z
DEMO-DEV-6698,92,2026-09-14T21:50:31.851Z
DEMO-DEV-6708,92,2026-09-20T20:03:46.555Z
DEMO-DEV-6741,92,2026-08-18T22:27:43.387Z
DEMO-DEV-6747,92,2026-09-15T01:40:39.138Z
DEMO-DEV-6800,92,2026-08-04T02:33:13.365Z
DEMO-DEV-6811,92,2026-09-25T20:51:31.646Z
DEMO-DEV-6858,92,2026-08-25T11:29:18.803Z
DEMO-DEV-6867,92,2026-09-17T05:02:34.470Z
DEMO-DEV-6912,92,2026-09-29T03:12:01.289Z
DEMO-DEV-6933,92,2026-08-20T12:22:59.302Z
DEMO-DEV-6944,92,2026-09-13T14:36:50.535Z
DEMO-DEV-6957,92,2026-09-24T03:27:35.123Z
DEMO-DEV-6963,92,2026-09-21T13:28:04.307Z
DEMO-DEV-6997,92,2026-09-05T01:52:19.319Z
DEMO-DEV-7034,92,2026-09-11T08:52:45.298Z
DEMO-DEV-7039,92,2026-09-28T07:14:52.710Z
DEMO-DEV-7047,92,2026-09-12T07:37:03.087Z
DEMO-DEV-7077,92,2026-09-21T14:55:59.409Z
DEMO-DEV-7145,92,2026-08-23T18:56:34.390Z
DEMO-DEV-7217,92,2026-09-29T15:26:41.446Z
DEMO-DEV-7230,92,2026-09-23T05:21:30.702Z
DEMO-DEV-7240,92,2026-09-25T21:15:41.337Z
DEMO-DEV-7297,92,2026-09-18T03:17:28.120Z
DEMO-DEV-7303,92,2026-09-15T03:01:25.172Z
DEMO-DEV-7310,92,2026-08-27T17:02:31.992Z
DEMO-DEV-7366,92,2026-08-26T08:00:23.646Z
DEMO-DEV-7382,92,2026-09-25T21:19:24.226Z
DEMO-DEV-7425,92,2026-09-14T15:52:21.950Z
DEMO-DEV-7428,92,2026-09-14T00:22:01.497Z
DEMO-DEV-7474,92,2026-09-21T02:04:23.682Z
DEMO-DEV-7480,92,2026-09-03T12:51:56.232Z
DEMO-DEV-7482,92,2026-09-02T05:57:02.391Z
DEMO-DEV-7485,92,2026-09-24T13:17:27.719Z
DEMO-DEV-7506,92,2026-09-24T18:57:12.428Z
DEMO-DEV-7509,92,2026-09-19T09:21:36.653Z
DEMO-DEV-7519,92,2026-09-22T00:05:04.224Z
DEMO-DEV-7530,92,2026-09-21T13:46:13.172Z
DEMO-DEV-7550,92,2026-08-21T08:48:46.205Z
DEMO-DEV-7563,92,2026-09-22T23:35:01.535Z
DEMO-DEV-7569,92,2026-08-29T21:26:50.859Z
DEMO-DEV-7609,92,2026-09-19T11:35:52.394Z
DEMO-DEV-7655,92,2026-09-17T09:29:01.817Z
DEMO-DEV-7683,92,2026-08-18T04:59:58.298Z
DEMO-DEV-7686,92,2026-09-08T10:31:52.080Z
DEMO-DEV-7738,92,2026-09-10T19:18:55.219Z
DEMO-DEV-7743,92,2026-08-11T18:53:41.442Z
DEMO-DEV-7800,92,2026-09-21T04:50:04.236Z
DEMO-DEV-7806,92,2026-09-29T09:38:06.403Z
DEMO-DEV-7824,92,2026-08-24T19:54:41.646Z
DEMO-DEV-7870,92,2026-08-12T05:52:52.503Z
DEMO-DEV-7871,92,2026-09-08T03:46:31.646Z
DEMO-DEV-7884,92,2026-09-27T00:44:14.289Z
DEMO-DEV-7919,92,2026-08-28T19:46:11.264Z
DEMO-DEV-7923,92,2026-09-14T13:40:23.357Z
DEMO-DEV-7933,92,2026-09-22T06:40:41.134Z
DEMO-DEV-7985,92,2026-09-25T07:39:53.068Z
DEMO-DEV-7991,92,2026-09-30T05:55:11.120Z
DEMO-DEV-8021,92,2026-09-29T23:08:59.218Z
DEMO-DEV-8027,92,2026-09-21T21:38:30.288Z
DEMO-DEV-8049,92,2026-08-31T22:15:28.165Z
DEMO-DEV-8108,92,2026-09-03T02:57:07.806Z
DEMO-DEV-8140,92,2026-09-26T02:18:24.189Z
DEMO-DEV-8179,92,2026-08-29T02:45:16.578Z
DEMO-DEV-8183,92,2026-09-29T13:20:37.795Z
DEMO-DEV-8186,92,2026-09-27T11:01:54.315Z
DEMO-DEV-8209,92,2026-09-28T03:36:18.302Z
DEMO-DEV-8219,92,2026-09-13T09:37:57.057Z
DEMO-DEV-8338,92,2026-09-12T17:34:01.792Z
DEMO-DEV-8363,92,2026-09-14T20:53:04.038Z
DEMO-DEV-8471,92,2026-09-14T03:52:53.189Z
DEMO-DEV-8479,92,2026-09-30T08:18:46.816Z
DEMO-DEV-8501,92,2026-09-19T21:57:08.236Z
DEMO-DEV-8524,92,2026-09-19T11:15:27.057Z
DEMO-DEV-8583,92,2026-08-08T08:38:49.968Z
DEMO-DEV-8658,92,2026-09-29T09:18:59.352Z
DEMO-DEV-8684,92,2026-08-26T03:21:13.969Z
DEMO-DEV-8766,92,2026-09-19T00:33:42.068Z
DEMO-DEV-8776,92,2026-09-23T17:52:42.120Z
DEMO-DEV-8817,92,2026-09-26T16:46:59.765Z
DEMO-DEV-8820,92,2026-09-29T21:27:39.120Z
DEMO-DEV-8821,92,2026-09-22T12:23:56.190Z
DEMO-DEV-8822,92,2026-09-23T10:51:49.839Z
DEMO-DEV-8852,92,2026-09-28T07:35:12.555Z
DEMO-DEV-8863,92,2026-09-26T14:59:15.120Z
DEMO-DEV-8869,92,2026-09-25T21:38:01.225Z
DEMO-DEV-8886,92,2026-09-24T14:52:51.068Z
DEMO-DEV-8902,92,2026-09-11T17:42:58.885Z
DEMO-DEV-8965,92,2026-09-19T16:19:52.167Z
DEMO-DEV-8970,92,2026-09-25T06:17:12.865Z
DEMO-DEV-9001,92,2026-09-19T11:53:17.702Z
DEMO-DEV-9056,92,2026-08-26T13:39:27.493Z
DEMO-DEV-9061,92,2026-09-17T10:17:31.578Z
DEMO-DEV-9076,92,2026-09-25T20:15:49.302Z
DEMO-DEV-9083,92,2026-09-28T20:48:22.252Z
DEMO-DEV-9088,92,2026-08-24T03:53:10.614Z
DEMO-DEV-9089,92,2026-09-15T14:48:53.192Z
DEMO-DEV-9093,92,2026-09-25T20:35:40.870Z
DEMO-DEV-9103,92,2026-09-21T21:55:19.189Z
DEMO-DEV-9118,92,2026-07-29T20:10:41.172Z
DEMO-DEV-9183,92,2026-09-26T14:23:08.391Z
DEMO-DEV-9194,92,2026-09-25T21:40:22.917Z
DEMO-DEV-9212,92,2026-09-19T19:09:48.524Z
DEMO-DEV-9239,92,2026-09-12T04:49:37.236Z
DEMO-DEV-9294,92,2026-08-31T02:55:13.811Z
DEMO-DEV-9305,92,2026-09-21T04:12:30.793Z
DEMO-DEV-9398,92,2026-09-25T11:18:43.948Z
DEMO-DEV-9409,92,2026-09-01T16:41:56.666Z
DEMO-DEV-9440,92,2026-09-19T18:21:34.968Z
DEMO-DEV-9452,92,2026-08-06T17:50:38.015Z
DEMO-DEV-9458,92,2026-09-29T05:31:37.975Z
DEMO-DEV-9512,92,2026-09-08T23:22:28.778Z
DEMO-DEV-9523,92,2026-09-24T12:24:08.612Z
DEMO-DEV-9621,92,2026-08-22T12:33:03.183Z
DEMO-DEV-9655,92,2026-09-26T05:45:21.646Z
DEMO-DEV-9694,92,2026-06-17T23:19:05.387Z
DEMO-DEV-9748,92,2026-09-25T10:58:45.950Z
DEMO-DEV-9749,92,2026-09-23T02:07:57.682Z
DEMO-DEV-9771,92,2026-09-22T19:33:38.234Z
DEMO-DEV-9791,92,2026-09-22T07:30:57.836Z
DEMO-DEV-9817,92,2026-09-20T16:54:34.354Z
DEMO-DEV-9821,92,2026-09-28T16:46:10.253Z
DEMO-DEV-9823,92,2026-09-09T13:07:24.024Z
DEMO-DEV-9849,92,2026-09-25T11:23:32.173Z
DEMO-DEV-9875,92,2026-09-28T15:47:45.591Z
DEMO-DEV-9930,92,2026-08-28T06:16:20.428Z
DEMO-DEV-9934,92,2026-09-15T17:04:00.976Z
DEMO-DEV-9938,92,2026-09-14T17:19:21.765Z
DEMO-DEV-9943,92,2026-09-03T09:50:57.239Z
DEMO-DEV-9957,92,2026-09-22T07:26:54.688Z
DEMO-DEV-9961,92,2026-09-29T18:31:05.446Z
DEMO-DEV-9980,92,2026-09-07T19:50:24.851Z
DEMO-DEV-0095,91,2026-09-17T14:10:37.968Z
DEMO-DEV-0102,91,2026-09-25T06:45:07.139Z
DEMO-DEV-0120,91,2026-09-18T06:32:06.409Z
DEMO-DEV-0142,91,2026-09-30T05:30:13.816Z
DEMO-DEV-0165,91,2026-09-28T20:56:16.472Z
DEMO-DEV-0174,91,2026-08-17T12:15:34.470Z
DEMO-DEV-0188,91,2026-09-17T02:43:26.738Z
DEMO-DEV-0208,91,2026-09-13T19:05:55.976Z
DEMO-DEV-0237,91,2026-09-22T19:10:17.929Z
DEMO-DEV-0273,91,2026-09-24T13:23:53.090Z
DEMO-DEV-0278,91,2026-09-21T12:36:09.738Z
DEMO-DEV-0295,91,2026-09-20T04:07:14.655Z
DEMO-DEV-0306,91,2026-09-28T12:37:25.873Z
DEMO-DEV-0364,91,2026-09-27T16:03:47.879Z
DEMO-DEV-0412,91,2026-09-11T09:26:47.466Z
DEMO-DEV-0467,91,2026-09-09T09:00:36.727Z
DEMO-DEV-0469,91,2026-09-24T05:25:01.508Z
DEMO-DEV-0500,91,2026-09-13T10:31:41.172Z
DEMO-DEV-0506,91,2026-09-25T19:07:42.710Z
DEMO-DEV-0544,91,2026-09-29T22:13:24.735Z
DEMO-DEV-0548,91,2026-09-24T01:13:31.315Z
DEMO-DEV-0598,91,2026-09-21T03:05:01.537Z
DEMO-DEV-0625,91,2026-08-27T14:49:54.513Z
DEMO-DEV-0632,91,2026-09-21T18:31:17.139Z
DEMO-DEV-0700,91,2026-09-27T13:02:58.811Z
DEMO-DEV-0709,91,2026-09-08T15:34:27.556Z
DEMO-DEV-0713,91,2026-09-27T02:57:15.974Z
DEMO-DEV-0786,91,2026-09-20T12:15:21.307Z
DEMO-DEV-0788,91,2026-09-18T06:26:50.793Z
DEMO-DEV-0800,91,2026-09-13T22:32:18.778Z
DEMO-DEV-0816,91,2026-08-13T01:02:23.688Z
DEMO-DEV-0857,91,2026-09-07T16:47:20.226Z
DEMO-DEV-0873,91,2026-09-29T16:06:06.021Z
DEMO-DEV-0878,91,2026-09-02T00:36:36.948Z
DEMO-DEV-0880,91,2026-09-06T15:59:19.523Z
DEMO-DEV-0888,91,2026-09-27T02:25:10.863Z
DEMO-DEV-0928,91,2026-09-28T14:15:16.873Z
DEMO-DEV-0947,91,2026-09-16T06:21:58.508Z
DEMO-DEV-0988,91,2026-09-11T01:10:47.806Z
DEMO-DEV-0997,91,2026-09-29T11:17:35.172Z
DEMO-DEV-1018,91,2026-09-08T01:44:14.415Z
DEMO-DEV-1020,91,2026-09-06T16:38:50.040Z
DEMO-DEV-1029,91,2026-08-23T07:58:03.415Z
DEMO-DEV-1030,91,2026-08-12T08:47:54.824Z
DEMO-DEV-1166,91,2026-09-28T20:05:26.817Z
DEMO-DEV-1214,91,2026-09-22T07:28:07.402Z
DEMO-DEV-1218,91,2026-09-13T12:53:58.646Z
DEMO-DEV-1259,91,2026-09-03T20:51:52.370Z
DEMO-DEV-1269,91,2026-09-28T11:46:32.366Z
DEMO-DEV-1286,91,2026-09-20T19:44:34.527Z
DEMO-DEV-1307,91,2026-09-30T07:10:40.803Z
DEMO-DEV-1309,91,2026-09-06T09:33:33.390Z
DEMO-DEV-1408,91,2026-09-12T14:55:48.394Z
DEMO-DEV-1430,91,2026-09-24T16:52:09.315Z
DEMO-DEV-1436,91,2026-09-26T00:02:32.864Z
DEMO-DEV-1476,91,2026-07-20T09:37:10.892Z
DEMO-DEV-1490,91,2026-09-13T16:52:08.537Z
DEMO-DEV-1517,91,2026-08-21T03:16:04.639Z
DEMO-DEV-1598,91,2026-09-25T18:43:37.204Z
DEMO-DEV-1605,91,2026-09-10T09:45:38.287Z
DEMO-DEV-1661,91,2026-09-02T07:30:35.612Z
DEMO-DEV-1673,91,2026-07-10T08:21:08.203Z
DEMO-DEV-1719,91,2026-09-07T15:07:27.172Z
DEMO-DEV-1816,91,2026-08-14T14:46:33.824Z
DEMO-DEV-1827,91,2026-09-10T04:00:25.511Z
DEMO-DEV-1830,91,2026-09-15T23:22:33.557Z
DEMO-DEV-1857,91,2026-09-25T08:25:03.612Z
DEMO-DEV-1995,91,2026-09-07T07:10:47.710Z
DEMO-DEV-2007,91,2026-09-24T23:40:10.584Z
DEMO-DEV-2017,91,2026-08-24T17:13:22.315Z
DEMO-DEV-2047,91,2026-09-16T17:00:45.472Z
DEMO-DEV-2090,91,2026-09-08T02:39:54.190Z
DEMO-DEV-2096,91,2026-08-23T08:47:07.368Z
DEMO-DEV-2099,91,2026-09-29T13:18:12.793Z
DEMO-DEV-2122,91,2026-09-21T09:31:28.370Z
DEMO-DEV-2151,91,2026-08-15T07:53:43.040Z
DEMO-DEV-2195,91,2026-07-23T20:34:30.368Z
DEMO-DEV-2197,91,2026-07-21T02:41:33.545Z
DEMO-DEV-2198,91,2026-08-22T07:53:23.172Z
DEMO-DEV-2345,91,2026-09-10T07:48:22.232Z
DEMO-DEV-2364,91,2026-09-21T07:19:59.253Z
DEMO-DEV-2392,91,2026-09-30T05:46:23.370Z
DEMO-DEV-2405,91,2026-09-18T09:05:56.949Z
DEMO-DEV-2434,91,2026-09-12T10:09:45.073Z
DEMO-DEV-2466,91,2026-09-29T21:42:49.867Z
DEMO-DEV-2467,91,2026-09-26T20:12:24.614Z
DEMO-DEV-2512,91,2026-09-29T07:02:29.688Z
DEMO-DEV-2539,91,2026-09-17T11:30:57.345Z
DEMO-DEV-2542,91,2026-09-12T07:58:30.225Z
DEMO-DEV-2626,91,2026-09-12T03:27:49.080Z
DEMO-DEV-2659,91,2026-09-18T09:44:02.929Z
DEMO-DEV-2689,91,2026-09-22T20:48:38.992Z
DEMO-DEV-2700,91,2026-09-17T03:29:42.557Z
DEMO-DEV-2763,91,2026-09-19T09:07:32.246Z
DEMO-DEV-2771,91,2026-09-24T02:42:33.614Z
DEMO-DEV-2777,91,2026-09-09T15:52:39.168Z
DEMO-DEV-2812,91,2026-08-11T05:36:41.302Z
DEMO-DEV-2857,91,2026-09-02T13:29:38.614Z
DEMO-DEV-2866,91,2026-09-28T16:53:24.891Z
DEMO-DEV-2896,91,2026-09-08T18:54:51.555Z
DEMO-DEV-2899,91,2026-08-28T01:17:35.211Z
DEMO-DEV-2905,91,2026-09-05T19:08:48.646Z
DEMO-DEV-2917,91,2026-09-30T06:07:00.470Z
DEMO-DEV-2984,91,2026-08-16T12:15:48.004Z
DEMO-DEV-2990,91,2026-09-29T02:03:10.068Z
DEMO-DEV-3046,91,2026-09-15T18:10:00.287Z
DEMO-DEV-3053,91,2026-09-03T09:46:41.519Z
DEMO-DEV-3056,91,2026-08-22T05:53:52.264Z
DEMO-DEV-3060,91,2026-06-08T18:12:19.203Z
DEMO-DEV-3064,91,2026-09-12T08:03:39.205Z
DEMO-DEV-3068,91,2026-09-17T18:37:26.692Z
DEMO-DEV-3075,91,2026-09-26T20:50:41.782Z
DEMO-DEV-3120,91,2026-09-18T10:36:04.578Z
DEMO-DEV-3122,91,2026-09-05T03:04:26.446Z
DEMO-DEV-3323,91,2026-09-15T10:18:53.352Z
DEMO-DEV-3349,91,2026-09-24T19:22:52.183Z
DEMO-DEV-3354,91,2026-09-14T11:45:08.639Z
DEMO-DEV-3374,91,2026-09-03T18:51:04.614Z
DEMO-DEV-3384,91,2026-09-21T14:42:15.710Z
DEMO-DEV-3391,91,2026-09-25T15:05:50.370Z
DEMO-DEV-3427,91,2026-09-27T07:30:11.390Z
DEMO-DEV-3447,91,2026-09-26T08:40:48.466Z
DEMO-DEV-3469,91,2026-08-28T21:13:52.913Z
DEMO-DEV-3471,91,2026-09-10T00:04:58.073Z
DEMO-DEV-3473,91,2026-09-12T08:02:33.225Z
DEMO-DEV-3474,91,2026-09-24T11:04:33.556Z
DEMO-DEV-3550,91,2026-09-17T01:04:43.795Z
DEMO-DEV-3565,91,2026-09-21T22:01:15.688Z
DEMO-DEV-3572,91,2026-08-08T04:49:26.804Z
DEMO-DEV-3594,91,2026-09-29T23:39:11.863Z
DEMO-DEV-3602,91,2026-09-04T23:37:25.846Z
DEMO-DEV-3612,91,2026-09-09T02:44:22.075Z
DEMO-DEV-3643,91,2026-09-28T08:08:36.307Z
DEMO-DEV-3651,91,2026-09-21T01:21:56.443Z
DEMO-DEV-3691,91,2026-09-12T23:08:36.885Z
DEMO-DEV-3763,91,2026-09-19T03:36:31.816Z
DEMO-DEV-3861,91,2026-09-23T13:42:02.138Z
DEMO-DEV-3885,91,2026-08-31T16:38:31.646Z
DEMO-DEV-3920,91,2026-09-23T21:47:30.172Z
DEMO-DEV-3986,91,2026-09-29T21:27:41.319Z
DEMO-DEV-3999,91,2026-09-24T21:23:04.795Z
DEMO-DEV-4004,91,2026-09-03T11:04:55.080Z
DEMO-DEV-4045,91,2026-09-26T15:37:03.795Z
DEMO-DEV-4054,91,2026-09-12T08:39:42.239Z
DEMO-DEV-4065,91,2026-09-27T16:23:48.366Z
DEMO-DEV-4087,91,2026-09-29T07:41:49.173Z
DEMO-DEV-4131,91,2026-09-18T07:32:43.714Z
DEMO-DEV-4142,91,2026-08-30T19:53:18.460Z
DEMO-DEV-4166,91,2026-09-17T14:41:59.172Z
DEMO-DEV-4187,91,2026-09-20T02:56:14.824Z
DEMO-DEV-4216,91,2026-09-21T22:10:55.370Z
DEMO-DEV-4225,91,2026-09-30T02:10:56.710Z
DEMO-DEV-4230,91,2026-09-13T12:16:17.352Z
DEMO-DEV-4244,91,2026-09-25T22:31:05.965Z
DEMO-DEV-4245,91,2026-09-18T22:50:29.993Z
DEMO-DEV-4283,91,2026-08-22T20:05:03.387Z
DEMO-DEV-4317,91,2026-09-24T05:54:52.914Z
DEMO-DEV-4333,91,2026-08-30T09:44:06.189Z
DEMO-DEV-4343,91,2026-09-19T13:41:26.397Z
DEMO-DEV-4363,91,2026-09-27T02:34:39.272Z
DEMO-DEV-4424,91,2026-09-20T00:31:25.205Z
DEMO-DEV-4444,91,2026-09-06T03:25:29.867Z
DEMO-DEV-4484,91,2026-09-27T16:10:20.208Z
DEMO-DEV-4518,91,2026-09-23T10:59:48.816Z
DEMO-DEV-4530,91,2026-09-12T23:24:05.653Z
DEMO-DEV-4531,91,2026-09-08T16:58:40.545Z
DEMO-DEV-4559,91,2026-09-28T19:36:28.842Z
DEMO-DEV-4569,91,2026-09-23T00:53:15.785Z
DEMO-DEV-4597,91,2026-08-13T12:15:57.661Z
DEMO-DEV-4623,91,2026-09-22T22:55:22.234Z
DEMO-DEV-4643,91,2026-09-17T17:16:13.865Z
DEMO-DEV-4661,91,2026-09-19T21:49:40.523Z
DEMO-DEV-4666,91,2026-09-13T01:41:46.870Z
DEMO-DEV-4677,91,2026-09-24T15:17:33.203Z
DEMO-DEV-4694,91,2026-05-28T15:01:38.173Z
DEMO-DEV-4741,91,2026-09-13T12:47:24.352Z
DEMO-DEV-4744,91,2026-09-14T02:04:22.948Z
DEMO-DEV-4758,91,2026-08-18T19:35:57.218Z
DEMO-DEV-4775,91,2026-09-17T13:06:55.455Z
DEMO-DEV-4798,91,2026-09-25T11:07:03.300Z
DEMO-DEV-4827,91,2026-09-16T05:56:53.524Z
DEMO-DEV-4848,91,2026-08-27T17:09:26.513Z
DEMO-DEV-4849,91,2026-08-14T04:29:17.080Z
DEMO-DEV-4867,91,2026-08-20T04:43:58.252Z
DEMO-DEV-4914,91,2026-09-29T05:55:00.319Z
DEMO-DEV-4985,91,2026-09-29T01:35:51.391Z
DEMO-DEV-4987,91,2026-09-17T07:38:31.738Z
DEMO-DEV-4992,91,2026-09-19T20:55:28.500Z
DEMO-DEV-4996,91,2026-09-25T09:47:28.523Z
DEMO-DEV-5008,91,2026-09-21T15:08:08.219Z
DEMO-DEV-5057,91,2026-09-29T09:48:35.037Z
DEMO-DEV-5065,91,2026-09-27T14:31:59.040Z
DEMO-DEV-5141,91,2026-09-23T17:30:52.409Z
DEMO-DEV-5142,91,2026-09-25T18:00:13.120Z
DEMO-DEV-5189,91,2026-08-20T16:52:19.754Z
DEMO-DEV-5217,91,2026-09-27T11:55:00.806Z
DEMO-DEV-5220,91,2026-09-03T05:44:48.138Z
DEMO-DEV-5233,91,2026-09-26T09:07:00.428Z
DEMO-DEV-5269,91,2026-09-22T13:59:40.692Z
DEMO-DEV-5319,91,2026-09-11T17:25:38.646Z
DEMO-DEV-5348,91,2026-09-28T05:59:36.639Z
DEMO-DEV-5415,91,2026-09-29T10:58:53.511Z
DEMO-DEV-5482,91,2026-09-22T23:54:30.225Z
DEMO-DEV-5490,91,2026-09-29T23:01:27.189Z
DEMO-DEV-5493,91,2026-09-23T11:35:48.799Z
DEMO-DEV-5495,91,2026-08-25T20:44:19.870Z
DEMO-DEV-5535,91,2026-09-12T17:49:17.682Z
DEMO-DEV-5562,91,2026-09-06T16:14:05.236Z
DEMO-DEV-5566,91,2026-09-22T15:42:14.692Z
DEMO-DEV-5568,91,2026-09-30T01:16:18.965Z
DEMO-DEV-5577,91,2026-09-23T05:00:56.138Z
DEMO-DEV-5664,91,2026-09-26T17:31:37.370Z
DEMO-DEV-5704,91,2026-09-25T06:44:52.288Z
DEMO-DEV-5707,91,2026-09-11T14:38:09.537Z
DEMO-DEV-5748,91,2026-09-06T06:52:00.300Z
DEMO-DEV-5755,91,2026-09-25T13:56:07.867Z
DEMO-DEV-5804,91,2026-09-03T15:34:59.160Z
DEMO-DEV-5848,91,2026-08-01T15:56:30.913Z
DEMO-DEV-5859,91,2026-09-27T05:13:15.557Z
DEMO-DEV-5882,91,2026-09-17T09:05:59.873Z
DEMO-DEV-5884,91,2026-09-27T09:33:30.057Z
DEMO-DEV-5890,91,2026-09-20T14:55:44.289Z
DEMO-DEV-5920,91,2026-09-19T15:29:57.557Z
DEMO-DEV-5972,91,2026-09-13T08:41:07.799Z
DEMO-DEV-5973,91,2026-08-29T14:54:19.004Z
DEMO-DEV-5985,91,2026-09-15T20:09:24.851Z
DEMO-DEV-6021,91,2026-09-26T08:31:32.795Z
DEMO-DEV-6185,91,2026-09-14T06:54:31.914Z
DEMO-DEV-6214,91,2026-09-12T08:02:43.291Z
DEMO-DEV-6215,91,2026-09-22T00:45:21.442Z
DEMO-DEV-6243,91,2026-08-17T04:21:18.799Z
DEMO-DEV-6263,91,2026-09-28T22:23:42.370Z
DEMO-DEV-6302,91,2026-09-27T10:06:39.120Z
DEMO-DEV-6348,91,2026-09-18T13:01:02.816Z
DEMO-DEV-6352,91,2026-09-26T20:58:03.817Z
DEMO-DEV-6474,91,2026-09-26T13:59:51.442Z
DEMO-DEV-6493,91,2026-09-21T20:51:27.307Z
DEMO-DEV-6532,91,2026-09-29T12:41:40.976Z
DEMO-DEV-6564,91,2026-09-29T12:39:58.352Z
DEMO-DEV-6579,91,2026-09-26T11:09:39.397Z
DEMO-DEV-6593,91,2026-09-24T20:49:45.352Z
DEMO-DEV-6612,91,2026-09-15T03:26:49.639Z
DEMO-DEV-6655,91,2026-09-23T12:41:33.057Z
DEMO-DEV-6668,91,2026-09-12T06:38:13.870Z
DEMO-DEV-6695,91,2026-09-20T15:31:02.315Z
DEMO-DEV-6768,91,2026-09-28T06:18:26.040Z
DEMO-DEV-6818,91,2026-09-19T11:37:16.462Z
DEMO-DEV-6860,91,2026-09-22T17:32:28.846Z
DEMO-DEV-6880,91,2026-09-21T19:18:00.877Z
DEMO-DEV-6887,91,2026-09-14T10:46:38.205Z
DEMO-DEV-6919,91,2026-09-29T00:33:08.929Z
DEMO-DEV-6921,91,2026-09-10T10:30:17.692Z
DEMO-DEV-6982,91,2026-09-29T06:38:38.782Z
DEMO-DEV-6992,91,2026-09-29T06:14:35.238Z
DEMO-DEV-7009,91,2026-07-08T12:47:03.614Z
DEMO-DEV-7011,91,2026-09-24T15:26:31.658Z
DEMO-DEV-7026,91,2026-08-25T12:48:11.524Z
DEMO-DEV-7078,91,2026-08-05T04:00:19.221Z
DEMO-DEV-7102,91,2026-07-23T09:15:00.987Z
DEMO-DEV-7152,91,2026-09-14T11:55:35.225Z
DEMO-DEV-7166,91,2026-09-28T07:01:49.319Z
DEMO-DEV-7168,91,2026-09-12T16:43:26.038Z
DEMO-DEV-7235,91,2026-09-13T21:18:12.442Z
DEMO-DEV-7326,91,2026-09-12T21:07:12.989Z
DEMO-DEV-7338,91,2026-09-05T14:05:44.653Z
DEMO-DEV-7357,91,2026-09-23T23:56:22.676Z
DEMO-DEV-7363,91,2026-08-29T18:51:56.221Z
DEMO-DEV-7381,91,2026-09-26T16:16:23.803Z
DEMO-DEV-7442,91,2026-09-23T18:54:32.428Z
DEMO-DEV-7447,91,2026-09-25T06:31:34.063Z
DEMO-DEV-7464,91,2026-09-06T12:26:35.014Z
DEMO-DEV-7467,91,2026-09-20T08:41:57.497Z
DEMO-DEV-7518,91,2026-09-19T04:14:50.319Z
DEMO-DEV-7539,91,2026-09-20T16:49:44.368Z
DEMO-DEV-7630,91,2026-09-19T14:21:52.682Z
DEMO-DEV-7715,91,2026-09-03T01:04:07.120Z
DEMO-DEV-7729,91,2026-09-24T03:16:34.965Z
DEMO-DEV-7762,91,2026-09-29T07:23:24.658Z
DEMO-DEV-7772,91,2026-08-29T04:16:35.357Z
DEMO-DEV-7814,91,2026-09-25T13:26:01.864Z
DEMO-DEV-7827,91,2026-09-29T17:13:51.015Z
DEMO-DEV-7901,91,2026-09-15T08:22:32.134Z
DEMO-DEV-7924,91,2026-09-09T21:17:33.298Z
DEMO-DEV-7926,91,2026-09-13T13:04:17.470Z
DEMO-DEV-8042,91,2026-09-11T09:22:20.556Z
DEMO-DEV-8084,91,2026-09-15T03:33:01.784Z
DEMO-DEV-8104,91,2026-09-19T03:07:54.555Z
DEMO-DEV-8107,91,2026-08-31T08:18:06.578Z
DEMO-DEV-8112,91,2026-09-07T23:03:09.428Z
DEMO-DEV-8152,91,2026-09-18T11:50:58.658Z
DEMO-DEV-8168,91,2026-09-26T03:20:18.003Z
DEMO-DEV-8206,91,2026-09-18T07:22:32.653Z
DEMO-DEV-8277,91,2026-09-06T01:55:43.120Z
DEMO-DEV-8289,91,2026-09-29T05:21:08.287Z
DEMO-DEV-8298,91,2026-09-23T18:34:45.503Z
DEMO-DEV-8393,91,2026-09-28T12:27:20.811Z
DEMO-DEV-8394,91,2026-09-14T06:57:11.727Z
DEMO-DEV-8426,91,2026-09-27T22:50:46.208Z
DEMO-DEV-8453,91,2026-09-27T17:08:07.968Z
DEMO-DEV-8508,91,2026-09-19T20:03:16.302Z
DEMO-DEV-8528,91,2026-09-06T18:01:14.859Z
DEMO-DEV-8584,91,2026-09-14T02:51:36.203Z
DEMO-DEV-8586,91,2026-08-19T08:07:53.268Z
DEMO-DEV-8617,91,2026-09-10T13:33:03.497Z
DEMO-DEV-8641,91,2026-08-29T05:12:08.302Z
DEMO-DEV-8649,91,2026-09-27T19:56:48.754Z
DEMO-DEV-8665,91,2026-09-17T11:29:12.466Z
DEMO-DEV-8726,91,2026-09-27T13:23:45.225Z
DEMO-DEV-8733,91,2026-09-13T07:49:26.165Z
DEMO-DEV-8740,91,2026-09-13T23:40:23.975Z
DEMO-DEV-8747,91,2026-08-29T04:34:44.859Z
DEMO-DEV-8748,91,2026-09-25T03:29:56.816Z
DEMO-DEV-8755,91,2026-08-18T17:34:00.949Z
DEMO-DEV-8761,91,2026-08-03T23:01:03.914Z
DEMO-DEV-8834,91,2026-09-29T23:59:40.442Z
DEMO-DEV-8854,91,2026-09-08T06:35:43.391Z
DEMO-DEV-8887,91,2026-09-04T22:19:59.402Z
DEMO-DEV-8888,91,2026-09-21T19:16:59.992Z
DEMO-DEV-8936,91,2026-09-23T12:17:10.851Z
DEMO-DEV-8987,91,2026-09-30T06:11:40.870Z
DEMO-DEV-8994,91,2026-09-16T02:50:33.500Z
DEMO-DEV-8997,91,2026-09-11T18:55:20.090Z
DEMO-DEV-9015,91,2026-09-29T07:01:15.836Z
DEMO-DEV-9030,91,2026-09-27T03:55:38.168Z
DEMO-DEV-9049,91,2026-07-21T16:40:03.653Z
DEMO-DEV-9053,91,2026-09-26T21:24:37.839Z
DEMO-DEV-9168,91,2026-07-20T15:25:38.653Z
DEMO-DEV-9178,91,2026-09-11T15:08:18.719Z
DEMO-DEV-9267,91,2026-09-19T14:26:13.879Z
DEMO-DEV-9269,91,2026-08-23T22:58:31.614Z
DEMO-DEV-9343,91,2026-09-14T03:18:25.134Z
DEMO-DEV-9386,91,2026-09-17T23:11:04.466Z
DEMO-DEV-9400,91,2026-09-29T02:58:51.524Z
DEMO-DEV-9415,91,2026-09-12T22:17:01.913Z
DEMO-DEV-9445,91,2026-09-25T20:40:12.976Z
DEMO-DEV-9478,91,2026-08-31T16:38:07.612Z
DEMO-DEV-9486,91,2026-09-12T09:55:14.319Z
DEMO-DEV-9518,91,2026-09-25T02:16:29.870Z
DEMO-DEV-9544,91,2026-09-06T22:31:24.948Z
DEMO-DEV-9551,91,2026-09-15T18:02:33.446Z
DEMO-DEV-9554,91,2026-08-17T06:03:55.254Z
DEMO-DEV-9593,91,2026-09-20T22:41:29.795Z
DEMO-DEV-9595,91,2026-09-17T08:05:16.219Z
DEMO-DEV-9625,91,2026-09-25T01:32:06.839Z
DEMO-DEV-9656,91,2026-09-20T08:54:20.315Z
DEMO-DEV-9674,91,2026-09-23T07:21:13.160Z
DEMO-DEV-9681,91,2026-08-30T20:38:17.710Z
DEMO-DEV-9711,91,2026-09-27T22:58:10.442Z
DEMO-DEV-9719,91,2026-09-16T11:39:11.816Z
DEMO-DEV-9826,91,2026-09-08T18:22:06.073Z
DEMO-DEV-9856,91,2026-09-28T01:56:14.682Z
DEMO-DEV-9867,91,2026-09-25T21:44:38.038Z
DEMO-DEV-9880,91,2026-08-29T12:59:34.778Z
DEMO-DEV-9999,91,2026-09-20T00:57:33.287Z
DEMO-DEV-0006,90,2026-09-21T08:43:50.727Z
DEMO-DEV-0021,90,2026-09-19T13:38:29.714Z
DEMO-DEV-0045,90,2026-09-16T21:03:31.892Z
DEMO-DEV-0058,90,2026-09-28T21:13:44.015Z
DEMO-DEV-0089,90,2026-08-11T11:22:08.792Z
DEMO-DEV-0127,90,2026-09-26T01:09:18.785Z
DEMO-DEV-0153,90,2026-09-19T10:18:03.205Z
DEMO-DEV-0232,90,2026-08-29T21:19:10.298Z
DEMO-DEV-0240,90,2026-09-06T19:59:20.795Z
DEMO-DEV-0256,90,2026-09-08T07:48:51.968Z
DEMO-DEV-0277,90,2026-09-21T18:52:07.307Z
DEMO-DEV-0359,90,2026-09-28T11:18:19.466Z
DEMO-DEV-0379,90,2026-09-27T07:43:37.976Z
DEMO-DEV-0436,90,2026-09-29T04:07:53.884Z
DEMO-DEV-0438,90,2026-09-27T14:44:47.134Z
DEMO-DEV-0452,90,2026-09-27T20:06:07.778Z
DEMO-DEV-0468,90,2026-09-21T03:24:12.298Z
DEMO-DEV-0528,90,2026-09-29T03:27:03.811Z
DEMO-DEV-0545,90,2026-09-21T22:37:44.015Z
DEMO-DEV-0546,90,2026-09-16T10:16:38.120Z
DEMO-DEV-0620,90,2026-09-24T01:14:12.816Z
DEMO-DEV-0653,90,2026-09-23T21:38:50.470Z
DEMO-DEV-0721,90,2026-09-20T04:11:42.605Z
DEMO-DEV-0758,90,2026-09-02T12:25:45.778Z
DEMO-DEV-0866,90,2026-09-22T13:57:54.161Z
DEMO-DEV-0874,90,2026-09-29T18:31:13.948Z
DEMO-DEV-0879,90,2026-09-25T00:32:39.500Z
DEMO-DEV-0892,90,2026-09-28T08:52:59.254Z
DEMO-DEV-0906,90,2026-09-18T11:10:08.989Z
DEMO-DEV-0937,90,2026-08-24T13:43:17.646Z
DEMO-DEV-0978,90,2026-09-13T20:46:01.403Z
DEMO-DEV-0984,90,2026-08-25T01:36:17.443Z
DEMO-DEV-0996,90,2026-08-16T14:28:03.792Z
DEMO-DEV-1039,90,2026-09-10T15:11:55.648Z
DEMO-DEV-1209,90,2026-09-26T05:15:22.949Z
DEMO-DEV-1229,90,2026-09-29T01:25:33.778Z
DEMO-DEV-1256,90,2026-09-26T08:34:43.811Z
DEMO-DEV-1261,90,2026-09-27T00:35:07.252Z
DEMO-DEV-1276,90,2026-08-03T04:33:58.989Z
DEMO-DEV-1287,90,2026-07-12T02:33:56.325Z
DEMO-DEV-1297,90,2026-08-10T16:27:16.268Z
DEMO-DEV-1346,90,2026-09-12T15:03:10.003Z
DEMO-DEV-1360,90,2026-09-29T10:41:48.218Z
DEMO-DEV-1461,90,2026-09-27T19:57:32.027Z
DEMO-DEV-1531,90,2026-09-28T05:00:14.851Z
DEMO-DEV-1560,90,2026-09-16T14:48:36.208Z
DEMO-DEV-1583,90,2026-09-20T03:29:59.038Z
DEMO-DEV-1596,90,2026-09-29T11:40:56.038Z
DEMO-DEV-1600,90,2026-09-27T01:08:01.168Z
DEMO-DEV-1636,90,2026-08-26T19:19:02.817Z
DEMO-DEV-1652,90,2026-09-12T13:20:48.841Z
DEMO-DEV-1714,90,2026-09-25T02:39:35.778Z
DEMO-DEV-1733,90,2026-09-28T11:28:05.003Z
DEMO-DEV-1746,90,2026-09-29T10:14:43.239Z
DEMO-DEV-1765,90,2026-09-29T09:38:59.319Z
DEMO-DEV-1792,90,2026-09-19T10:13:54.239Z
DEMO-DEV-1800,90,2026-09-17T19:54:15.204Z
DEMO-DEV-1803,90,2026-09-02T22:27:58.183Z
DEMO-DEV-1823,90,2026-09-26T05:44:05.915Z
DEMO-DEV-1905,90,2026-09-16T23:37:00.843Z
DEMO-DEV-1979,90,2026-09-28T14:50:16.993Z
DEMO-DEV-1998,90,2026-07-09T06:13:31.172Z
DEMO-DEV-2059,90,2026-09-30T04:49:27.155Z
DEMO-DEV-2064,90,2026-09-17T04:10:11.160Z
DEMO-DEV-2077,90,2026-08-26T19:31:09.505Z
DEMO-DEV-2175,90,2026-09-29T04:29:09.073Z
DEMO-DEV-2239,90,2026-09-23T20:55:05.442Z
DEMO-DEV-2247,90,2026-08-26T17:51:21.511Z
DEMO-DEV-2279,90,2026-09-20T21:36:35.368Z
DEMO-DEV-2297,90,2026-09-02T08:00:58.868Z
DEMO-DEV-2323,90,2026-09-13T11:35:35.969Z
DEMO-DEV-2332,90,2026-08-25T08:56:00.139Z
DEMO-DEV-2347,90,2026-09-19T18:07:36.218Z
DEMO-DEV-2435,90,2026-09-11T15:44:25.155Z
DEMO-DEV-2483,90,2026-09-29T13:07:43.824Z
DEMO-DEV-2541,90,2026-09-19T11:41:07.352Z
DEMO-DEV-2552,90,2026-09-20T04:53:12.211Z
DEMO-DEV-2556,90,2026-09-18T08:26:27.782Z
DEMO-DEV-2631,90,2026-09-30T05:37:33.825Z
DEMO-DEV-2656,90,2026-09-18T11:05:49.527Z
DEMO-DEV-2662,90,2026-09-16T17:15:50.658Z
DEMO-DEV-2682,90,2026-09-30T07:36:38.150Z
DEMO-DEV-2712,90,2026-09-26T17:20:59.727Z
DEMO-DEV-2797,90,2026-08-31T19:02:51.225Z
DEMO-DEV-2805,90,2026-09-25T15:44:12.803Z
DEMO-DEV-2879,90,2026-09-11T03:12:27.735Z
DEMO-DEV-2883,90,2026-09-14T19:40:38.470Z
DEMO-DEV-2906,90,2026-09-22T07:02:03.155Z
DEMO-DEV-2908,90,2026-09-27T17:30:59.462Z
DEMO-DEV-2930,90,2026-09-22T19:36:49.315Z
DEMO-DEV-2935,90,2026-08-15T00:59:40.975Z
DEMO-DEV-2961,90,2026-09-23T14:03:53.123Z
DEMO-DEV-2994,90,2026-09-17T14:05:44.913Z
DEMO-DEV-3051,90,2026-09-18T11:20:42.841Z
DEMO-DEV-3073,90,2026-09-24T09:01:22.300Z
DEMO-DEV-3117,90,2026-09-04T22:59:16.524Z
DEMO-DEV-3124,90,2026-09-21T11:57:28.735Z
DEMO-DEV-3176,90,2026-09-17T01:41:00.785Z
DEMO-DEV-3191,90,2026-08-08T01:56:31.120Z
DEMO-DEV-3204,90,2026-09-30T00:04:30.793Z
DEMO-DEV-3220,90,2026-09-26T20:11:53.027Z
DEMO-DEV-3341,90,2026-08-27T18:26:57.873Z
DEMO-DEV-3357,90,2026-09-20T00:28:19.023Z
DEMO-DEV-3362,90,2026-09-28T00:45:10.234Z
DEMO-DEV-3383,90,2026-07-30T16:04:13.370Z
DEMO-DEV-3402,90,2026-09-17T11:12:11.879Z
DEMO-DEV-3532,90,2026-09-08T15:25:39.989Z
DEMO-DEV-3549,90,2026-09-15T22:47:05.192Z
DEMO-DEV-3555,90,2026-08-14T02:26:35.975Z
DEMO-DEV-3556,90,2026-09-04T19:45:50.246Z
DEMO-DEV-3571,90,2026-09-13T18:13:20.785Z
DEMO-DEV-3599,90,2026-09-17T01:33:34.785Z
DEMO-DEV-3608,90,2026-09-21T04:45:18.298Z
DEMO-DEV-3694,90,2026-09-07T21:49:07.300Z
DEMO-DEV-3701,90,2026-09-22T09:22:02.806Z
DEMO-DEV-3709,90,2026-09-23T01:30:59.879Z
DEMO-DEV-3710,90,2026-07-24T13:38:18.302Z
DEMO-DEV-3724,90,2026-09-04T05:22:47.183Z
DEMO-DEV-3727,90,2026-09-28T12:03:43.846Z
DEMO-DEV-3744,90,2026-09-27T08:17:17.974Z
DEMO-DEV-3802,90,2026-09-07T20:39:40.466Z
DEMO-DEV-3843,90,2026-09-03T03:47:02.646Z
DEMO-DEV-3858,90,2026-08-22T09:40:32.985Z
DEMO-DEV-3886,90,2026-09-24T18:30:11.503Z
DEMO-DEV-3897,90,2026-09-14T12:10:40.239Z
DEMO-DEV-3917,90,2026-09-20T03:57:00.612Z
DEMO-DEV-3965,90,2026-09-26T06:33:50.068Z
DEMO-DEV-4000,90,2026-09-22T03:05:14.252Z
DEMO-DEV-4023,90,2026-09-27T09:38:18.877Z
DEMO-DEV-4052,90,2026-08-23T00:29:39.390Z
DEMO-DEV-4057,90,2026-09-27T02:19:08.075Z
DEMO-DEV-4069,90,2026-09-28T02:29:39.027Z
DEMO-DEV-4121,90,2026-09-19T15:13:17.987Z
DEMO-DEV-4134,90,2026-09-22T03:33:18.203Z
DEMO-DEV-4188,90,2026-09-15T15:45:23.460Z
DEMO-DEV-4202,90,2026-09-19T00:57:41.239Z
DEMO-DEV-4237,90,2026-09-29T03:23:16.497Z
DEMO-DEV-4254,90,2026-08-21T05:06:16.765Z
DEMO-DEV-4274,90,2026-09-10T17:59:40.402Z
DEMO-DEV-4306,90,2026-09-19T09:22:07.253Z
DEMO-DEV-4321,90,2026-08-30T03:19:08.219Z
DEMO-DEV-4340,90,2026-09-27T04:28:18.443Z
DEMO-DEV-4344,90,2026-09-19T17:27:19.037Z
DEMO-DEV-4356,90,2026-09-10T21:02:03.239Z
DEMO-DEV-4372,90,2026-08-23T06:40:17.250Z
DEMO-DEV-4398,90,2026-09-06T06:59:21.612Z
DEMO-DEV-4427,90,2026-09-30T05:48:08.710Z
DEMO-DEV-4459,90,2026-09-29T16:58:58.839Z
DEMO-DEV-4525,90,2026-09-28T16:01:19.472Z
DEMO-DEV-4587,90,2026-09-21T12:23:27.727Z
DEMO-DEV-4611,90,2026-09-13T22:28:55.817Z
DEMO-DEV-4638,90,2026-09-20T02:41:34.785Z
DEMO-DEV-4652,90,2026-09-28T15:04:21.319Z
DEMO-DEV-4655,90,2026-07-31T15:18:02.803Z
DEMO-DEV-4672,90,2026-06-28T07:14:35.466Z
DEMO-DEV-4678,90,2026-07-26T21:48:40.836Z
DEMO-DEV-4691,90,2026-09-29T20:35:41.985Z
DEMO-DEV-4783,90,2026-09-28T18:03:24.409Z
DEMO-DEV-4784,90,2026-09-25T12:17:05.189Z
DEMO-DEV-4789,90,2026-08-30T18:43:42.503Z
DEMO-DEV-4815,90,2026-08-23T13:51:26.948Z
DEMO-DEV-4829,90,2026-09-21T00:49:13.272Z
DEMO-DEV-4852,90,2026-07-09T03:47:32.846Z
DEMO-DEV-4860,90,2026-09-25T01:42:03.668Z
DEMO-DEV-4931,90,2026-09-06T13:01:33.508Z
DEMO-DEV-4943,90,2026-09-22T23:03:06.607Z
DEMO-DEV-4961,90,2026-09-19T19:53:23.239Z
DEMO-DEV-4974,90,2026-09-26T09:49:38.253Z
DEMO-DEV-5043,90,2026-09-14T00:36:10.428Z
DEMO-DEV-5056,90,2026-09-23T13:14:35.337Z
DEMO-DEV-5133,90,2026-09-25T09:39:32.793Z
DEMO-DEV-5143,90,2026-09-02T03:12:24.026Z
DEMO-DEV-5151,90,2026-09-26T00:35:20.843Z
DEMO-DEV-5172,90,2026-09-27T16:36:03.614Z
DEMO-DEV-5260,90,2026-09-12T12:58:16.352Z
DEMO-DEV-5294,90,2026-09-03T07:46:49.867Z
DEMO-DEV-5298,90,2026-09-15T04:12:38.134Z
DEMO-DEV-5329,90,2026-09-24T23:06:58.913Z
DEMO-DEV-5340,90,2026-09-19T16:55:26.639Z
DEMO-DEV-5405,90,2026-09-16T16:27:36.172Z
DEMO-DEV-5409,90,2026-09-24T22:21:56.778Z
DEMO-DEV-5446,90,2026-09-09T04:17:23.785Z
DEMO-DEV-5456,90,2026-09-29T19:12:13.289Z
DEMO-DEV-5527,90,2026-09-13T23:22:57.511Z
DEMO-DEV-5556,90,2026-09-23T23:33:22.239Z
DEMO-DEV-5629,90,2026-09-29T03:15:56.272Z
DEMO-DEV-5632,90,2026-09-29T13:44:04.639Z
DEMO-DEV-5647,90,2026-07-04T16:39:48.969Z
DEMO-DEV-5666,90,2026-09-15T17:24:27.989Z
DEMO-DEV-5737,90,2026-09-04T19:10:42.799Z
DEMO-DEV-5772,90,2026-08-27T19:22:08.867Z
DEMO-DEV-5786,90,2026-09-25T17:17:06.308Z
DEMO-DEV-5790,90,2026-09-16T03:24:46.795Z
DEMO-DEV-5797,90,2026-09-25T20:44:02.442Z
DEMO-DEV-5803,90,2026-09-06T01:37:33.345Z
DEMO-DEV-5825,90,2026-09-13T14:20:13.817Z
DEMO-DEV-5839,90,2026-09-05T22:20:09.985Z
DEMO-DEV-5849,90,2026-09-30T02:44:39.785Z
DEMO-DEV-6000,90,2026-09-13T06:10:16.846Z
DEMO-DEV-6055,90,2026-09-26T05:23:00.134Z
DEMO-DEV-6060,90,2026-09-09T23:11:12.470Z
DEMO-DEV-6066,90,2026-09-07T15:08:12.841Z
DEMO-DEV-6076,90,2026-09-03T05:52:02.989Z
DEMO-DEV-6083,90,2026-09-01T23:01:58.345Z
DEMO-DEV-6086,90,2026-09-06T17:11:00.636Z
DEMO-DEV-6089,90,2026-09-22T17:55:31.308Z
DEMO-DEV-6113,90,2026-09-07T18:00:06.949Z
DEMO-DEV-6118,90,2026-09-24T22:06:00.272Z
DEMO-DEV-6123,90,2026-09-18T20:49:02.863Z
DEMO-DEV-6143,90,2026-09-29T21:11:36.976Z
DEMO-DEV-6208,90,2026-09-25T11:39:53.222Z
DEMO-DEV-6211,90,2026-09-22T13:59:50.676Z
DEMO-DEV-6225,90,2026-08-08T02:56:35.870Z
DEMO-DEV-6226,90,2026-09-11T19:17:00.357Z
DEMO-DEV-6241,90,2026-08-05T16:45:27.891Z
DEMO-DEV-6253,90,2026-09-27T16:35:18.786Z
DEMO-DEV-6269,90,2026-09-24T23:31:08.816Z
DEMO-DEV-6272,90,2026-09-13T13:19:28.537Z
DEMO-DEV-6289,90,2026-09-26T15:42:13.578Z
DEMO-DEV-6292,90,2026-08-31T17:42:21.865Z
DEMO-DEV-6332,90,2026-09-27T02:45:02.357Z
DEMO-DEV-6345,90,2026-09-25T13:38:36.966Z
DEMO-DEV-6391,90,2026-09-07T01:45:39.846Z
DEMO-DEV-6420,90,2026-09-17T00:09:31.917Z
DEMO-DEV-6427,90,2026-09-20T03:43:51.268Z
DEMO-DEV-6442,90,2026-09-20T08:11:02.948Z
DEMO-DEV-6454,90,2026-09-06T09:17:23.134Z
DEMO-DEV-6483,90,2026-09-20T11:14:57.397Z
DEMO-DEV-6488,90,2026-09-28T13:17:43.523Z
DEMO-DEV-6505,90,2026-09-22T21:33:59.653Z
DEMO-DEV-6512,90,2026-09-26T16:27:54.682Z
DEMO-DEV-6552,90,2026-08-08T00:47:10.250Z
DEMO-DEV-6604,90,2026-09-16T14:00:10.816Z
DEMO-DEV-6605,90,2026-09-28T14:19:55.795Z
DEMO-DEV-6617,90,2026-09-22T07:38:45.354Z
DEMO-DEV-6706,90,2026-09-23T15:58:02.993Z
DEMO-DEV-6720,90,2026-08-21T05:26:52.870Z
DEMO-DEV-6737,90,2026-09-18T07:10:34.014Z
DEMO-DEV-6749,90,2026-09-07T04:07:46.803Z
DEMO-DEV-6770,90,2026-09-20T13:27:25.004Z
DEMO-DEV-6780,90,2026-08-06T23:43:22.004Z
DEMO-DEV-6824,90,2026-09-25T17:25:00.160Z
DEMO-DEV-6829,90,2026-08-29T07:42:16.545Z
DEMO-DEV-6859,90,2026-09-15T01:50:35.208Z
DEMO-DEV-6962,90,2026-09-25T19:35:49.816Z
DEMO-DEV-6986,90,2026-08-26T03:39:57.167Z
DEMO-DEV-6995,90,2026-09-29T03:02:28.867Z
DEMO-DEV-7035,90,2026-09-23T13:06:03.443Z
DEMO-DEV-7040,90,2026-09-22T03:33:15.917Z
DEMO-DEV-7062,90,2026-09-05T01:59:23.287Z
DEMO-DEV-7079,90,2026-09-09T14:03:27.272Z
DEMO-DEV-7091,90,2026-09-27T14:18:22.948Z
DEMO-DEV-7130,90,2026-09-09T20:20:50.442Z
DEMO-DEV-7147,90,2026-08-16T15:40:24.225Z
DEMO-DEV-7182,90,2026-09-04T03:28:09.365Z
DEMO-DEV-7201,90,2026-09-28T21:57:01.238Z
DEMO-DEV-7293,90,2026-09-16T12:51:45.668Z
DEMO-DEV-7318,90,2026-09-29T18:53:52.409Z
DEMO-DEV-7359,90,2026-09-10T00:17:41.015Z
DEMO-DEV-7392,90,2026-09-24T05:15:14.987Z
DEMO-DEV-7417,90,2026-09-06T22:41:02.792Z
DEMO-DEV-7438,90,2026-09-17T06:02:34.891Z
DEMO-DEV-7471,90,2026-09-23T13:16:18.568Z
DEMO-DEV-7488,90,2026-09-26T07:17:17.825Z
DEMO-DEV-7552,90,2026-09-17T12:38:19.658Z
DEMO-DEV-7587,90,2026-09-25T11:14:51.493Z
DEMO-DEV-7599,90,2026-09-18T20:15:24.238Z
DEMO-DEV-7631,90,2026-09-06T19:16:14.824Z
DEMO-DEV-7699,90,2026-09-05T17:27:48.077Z
DEMO-DEV-7745,90,2026-08-16T04:57:09.160Z
DEMO-DEV-7754,90,2026-09-18T10:52:34.765Z
DEMO-DEV-7756,90,2026-09-29T04:37:34.556Z
DEMO-DEV-7761,90,2026-09-13T21:52:54.208Z
DEMO-DEV-7780,90,2026-09-11T03:35:55.648Z
DEMO-DEV-7794,90,2026-08-13T15:27:19.676Z
DEMO-DEV-7815,90,2026-09-18T16:48:47.969Z
DEMO-DEV-7867,90,2026-09-29T13:28:44.992Z
DEMO-DEV-7894,90,2026-09-28T17:39:51.045Z
DEMO-DEV-7957,90,2026-09-19T23:34:47.397Z
DEMO-DEV-8069,90,2026-09-16T21:38:50.443Z
DEMO-DEV-8071,90,2026-08-25T07:36:02.319Z
DEMO-DEV-8077,90,2026-09-20T06:39:00.524Z
DEMO-DEV-8088,90,2026-09-27T13:15:39.068Z
DEMO-DEV-8115,90,2026-09-13T03:28:01.291Z
DEMO-DEV-8125,90,2026-09-18T04:56:14.702Z
DEMO-DEV-8137,90,2026-09-23T19:08:49.319Z
DEMO-DEV-8170,90,2026-09-17T11:35:23.870Z
DEMO-DEV-8176,90,2026-09-05T08:26:00.839Z
DEMO-DEV-8237,90,2026-09-26T16:16:31.080Z
DEMO-DEV-8302,90,2026-09-14T11:28:53.470Z
DEMO-DEV-8312,90,2026-09-02T19:41:02.682Z
DEMO-DEV-8322,90,2026-09-21T06:38:27.080Z
DEMO-DEV-8351,90,2026-09-19T07:36:50.949Z
DEMO-DEV-8353,90,2026-08-07T12:16:28.714Z
DEMO-DEV-8390,90,2026-09-23T15:39:55.859Z
DEMO-DEV-8420,90,2026-09-13T23:49:26.618Z
DEMO-DEV-8536,90,2026-09-05T00:58:22.816Z
DEMO-DEV-8545,90,2026-09-02T23:32:19.859Z
DEMO-DEV-8566,90,2026-09-01T15:38:22.254Z
DEMO-DEV-8568,90,2026-09-26T01:28:28.366Z
DEMO-DEV-8635,90,2026-06-18T20:22:03.173Z
DEMO-DEV-8642,90,2026-09-29T21:41:06.500Z
DEMO-DEV-8650,90,2026-09-26T17:15:14.172Z
DEMO-DEV-8652,90,2026-09-28T23:55:26.120Z
DEMO-DEV-8676,90,2026-09-23T01:21:04.045Z
DEMO-DEV-8679,90,2026-09-19T01:45:13.239Z
DEMO-DEV-8703,90,2026-09-20T00:59:27.298Z
DEMO-DEV-8790,90,2026-09-15T13:24:46.080Z
DEMO-DEV-8795,90,2026-09-16T12:30:53.839Z
DEMO-DEV-8797,90,2026-09-18T21:15:22.710Z
DEMO-DEV-8815,90,2026-09-02T15:31:14.300Z
DEMO-DEV-8868,90,2026-09-29T04:45:00.462Z
DEMO-DEV-8950,90,2026-09-24T13:14:40.428Z
DEMO-DEV-8972,90,2026-08-27T09:24:39.068Z
DEMO-DEV-9022,90,2026-09-29T23:45:06.873Z
DEMO-DEV-9071,90,2026-09-24T00:29:18.172Z
DEMO-DEV-9073,90,2026-09-09T21:06:16.795Z
DEMO-DEV-9111,90,2026-09-24T00:29:03.891Z
DEMO-DEV-9134,90,2026-09-16T07:46:47.913Z
DEMO-DEV-9157,90,2026-09-14T03:54:21.045Z
DEMO-DEV-9166,90,2026-08-31T12:57:27.462Z
DEMO-DEV-9211,90,2026-09-17T06:12:37.268Z
DEMO-DEV-9261,90,2026-09-27T19:03:01.288Z
DEMO-DEV-9268,90,2026-09-11T16:53:59.391Z
DEMO-DEV-9272,90,2026-09-24T03:50:11.568Z
DEMO-DEV-9286,90,2026-09-22T00:09:32.639Z
DEMO-DEV-9335,90,2026-09-11T07:58:16.026Z
DEMO-DEV-9344,90,2026-09-06T03:51:41.867Z
DEMO-DEV-9388,90,2026-09-23T08:42:13.238Z
DEMO-DEV-9418,90,2026-09-16T23:23:28.428Z
DEMO-DEV-9424,90,2026-09-14T16:15:50.172Z
DEMO-DEV-9498,90,2026-09-18T18:04:10.599Z
DEMO-DEV-9516,90,2026-09-28T04:20:01.966Z
DEMO-DEV-9521,90,2026-09-06T22:15:18.968Z
DEMO-DEV-9540,90,2026-09-29T07:46:49.165Z
DEMO-DEV-9541,90,2026-09-04T20:08:26.557Z
DEMO-DEV-9542,90,2026-09-16T03:29:23.203Z
DEMO-DEV-9607,90,2026-09-21T04:13:48.466Z
DEMO-DEV-9610,90,2026-09-25T16:16:06.397Z
DEMO-DEV-9641,90,2026-09-23T21:07:43.173Z
DEMO-DEV-9758,90,2026-09-21T03:56:07.023Z
DEMO-DEV-9768,90,2026-09-30T04:09:30.211Z
DEMO-DEV-9777,90,2026-09-20T08:18:07.985Z
DEMO-DEV-9838,90,2026-09-01T08:41:32.584Z
DEMO-DEV-9846,90,2026-09-23T23:37:29.442Z
DEMO-DEV-9860,90,2026-09-17T20:37:23.014Z
DEMO-DEV-9870,90,2026-08-04T15:21:33.792Z
DEMO-DEV-9879,90,2026-08-29T23:30:30.155Z
DEMO-DEV-9894,90,2026-09-01T20:23:08.639Z
DEMO-DEV-9897,90,2026-09-18T18:25:20.134Z
DEMO-DEV-9923,90,2026-09-26T07:00:51.778Z
DEMO-DEV-9972,90,2026-09-17T05:22:23.974Z
DEMO-DEV-9989,90,2026-09-21T00:41:08.442Z
DEMO-DEV-0036,89,2026-09-22T10:15:36.038Z
DEMO-DEV-0037,89,2026-08-26T09:11:03.648Z
DEMO-DEV-0053,89,2026-09-19T10:07:31.782Z
DEMO-DEV-0061,89,2026-09-24T08:40:37.234Z
DEMO-DEV-0066,89,2026-09-09T07:06:06.778Z
DEMO-DEV-0092,89,2026-09-12T01:51:34.989Z
DEMO-DEV-0131,89,2026-08-27T05:40:57.527Z
DEMO-DEV-0184,89,2026-09-28T17:58:45.298Z
DEMO-DEV-0216,89,2026-09-15T18:57:17.208Z
DEMO-DEV-0223,89,2026-08-29T21:34:06.246Z
DEMO-DEV-0224,89,2026-09-20T07:50:57.165Z
DEMO-DEV-0262,89,2026-09-16T10:25:10.357Z
DEMO-DEV-0275,89,2026-09-21T10:10:16.754Z
DEMO-DEV-0298,89,2026-08-30T21:31:33.254Z
DEMO-DEV-0314,89,2026-09-06T10:24:35.870Z
DEMO-DEV-0327,89,2026-08-16T12:14:39.803Z
DEMO-DEV-0334,89,2026-09-25T12:58:12.754Z
DEMO-DEV-0340,89,2026-09-19T04:27:03.639Z
DEMO-DEV-0346,89,2026-09-26T15:44:47.612Z
DEMO-DEV-0370,89,2026-08-25T06:45:18.345Z
DEMO-DEV-0413,89,2026-09-23T12:10:51.403Z
DEMO-DEV-0453,89,2026-09-27T16:19:03.836Z
DEMO-DEV-0455,89,2026-08-16T10:19:16.370Z
DEMO-DEV-0505,89,2026-09-30T03:28:03.537Z
DEMO-DEV-0533,89,2026-08-30T22:13:46.884Z
DEMO-DEV-0555,89,2026-09-19T15:47:57.024Z
DEMO-DEV-0607,89,2026-09-14T06:42:48.792Z
DEMO-DEV-0614,89,2026-09-04T00:56:22.246Z
DEMO-DEV-0654,89,2026-09-29T16:58:20.319Z
DEMO-DEV-0659,89,2026-09-10T13:13:52.799Z
DEMO-DEV-0681,89,2026-08-18T10:15:02.843Z
DEMO-DEV-0702,89,2026-09-20T14:53:11.068Z
DEMO-DEV-0732,89,2026-07-06T19:54:50.989Z
DEMO-DEV-0757,89,2026-09-01T19:13:02.799Z
DEMO-DEV-0782,89,2026-09-19T20:50:52.975Z
DEMO-DEV-0825,89,2026-09-08T12:25:57.523Z
DEMO-DEV-0839,89,2026-08-27T22:56:22.325Z
DEMO-DEV-0913,89,2026-09-16T21:33:34.026Z
DEMO-DEV-0938,89,2026-09-21T08:53:55.428Z
DEMO-DEV-0971,89,2026-09-25T23:56:41.403Z
DEMO-DEV-0980,89,2026-09-21T22:12:26.639Z
DEMO-DEV-1004,89,2026-09-27T18:00:00.442Z
DEMO-DEV-1068,89,2026-09-22T21:42:33.868Z
DEMO-DEV-1086,89,2026-09-23T15:06:28.851Z
DEMO-DEV-1094,89,2026-09-27T17:50:13.793Z
DEMO-DEV-1164,89,2026-07-07T19:34:43.485Z
DEMO-DEV-1206,89,2026-09-14T07:12:03.038Z
DEMO-DEV-1235,89,2026-09-23T09:10:51.057Z
DEMO-DEV-1267,89,2026-09-14T14:00:30.786Z
DEMO-DEV-1271,89,2026-09-30T07:44:44.443Z
DEMO-DEV-1292,89,2026-09-16T13:57:29.655Z
DEMO-DEV-1318,89,2026-09-20T20:27:19.646Z
DEMO-DEV-1322,89,2026-09-25T14:07:33.992Z
DEMO-DEV-1327,89,2026-09-21T20:12:24.172Z
DEMO-DEV-1351,89,2026-09-13T05:42:12.966Z
DEMO-DEV-1426,89,2026-09-23T22:16:23.682Z
DEMO-DEV-1449,89,2026-08-23T08:52:00.366Z
DEMO-DEV-1471,89,2026-09-10T04:31:17.087Z
DEMO-DEV-1474,89,2026-09-25T07:21:21.368Z
DEMO-DEV-1496,89,2026-09-03T03:37:30.839Z
DEMO-DEV-1544,89,2026-09-09T17:52:07.354Z
DEMO-DEV-1547,89,2026-09-20T12:53:33.455Z
DEMO-DEV-1586,89,2026-09-15T02:21:28.075Z
DEMO-DEV-1603,89,2026-09-23T01:35:59.666Z
DEMO-DEV-1631,89,2026-09-24T06:38:50.218Z
DEMO-DEV-1632,89,2026-07-25T05:45:22.646Z
DEMO-DEV-1656,89,2026-09-24T02:41:46.865Z
DEMO-DEV-1728,89,2026-09-27T09:03:45.460Z
DEMO-DEV-1859,89,2026-09-18T12:55:53.497Z
DEMO-DEV-1867,89,2026-09-18T12:33:40.868Z
DEMO-DEV-1879,89,2026-09-26T18:17:33.738Z
DEMO-DEV-1908,89,2026-08-01T05:08:04.636Z
DEMO-DEV-1938,89,2026-09-24T11:11:32.867Z
DEMO-DEV-2012,89,2026-07-23T03:17:33.442Z
DEMO-DEV-2036,89,2026-09-23T18:23:57.841Z
DEMO-DEV-2133,89,2026-08-17T10:39:07.366Z
DEMO-DEV-2173,89,2026-09-28T12:55:58.288Z
DEMO-DEV-2181,89,2026-09-02T10:41:17.782Z
DEMO-DEV-2189,89,2026-09-16T21:49:18.795Z
DEMO-DEV-2260,89,2026-09-12T03:28:15.976Z
DEMO-DEV-2276,89,2026-09-21T07:10:19.891Z
DEMO-DEV-2280,89,2026-09-24T01:01:32.778Z
DEMO-DEV-2505,89,2026-08-30T18:25:40.308Z
DEMO-DEV-2519,89,2026-09-20T12:14:55.702Z
DEMO-DEV-2521,89,2026-09-01T23:59:21.714Z
DEMO-DEV-2577,89,2026-09-27T14:45:09.884Z
DEMO-DEV-2609,89,2026-09-15T16:46:24.969Z
DEMO-DEV-2628,89,2026-08-26T00:49:45.319Z
DEMO-DEV-2640,89,2026-07-16T03:58:39.867Z
DEMO-DEV-2655,89,2026-09-11T17:54:31.354Z
DEMO-DEV-2665,89,2026-09-27T02:38:45.226Z
DEMO-DEV-2675,89,2026-09-27T07:53:56.470Z
DEMO-DEV-2732,89,2026-08-30T21:32:59.778Z
DEMO-DEV-2752,89,2026-06-29T20:54:10.646Z
DEMO-DEV-2754,89,2026-09-02T09:13:13.308Z
DEMO-DEV-2780,89,2026-09-29T11:14:27.868Z
DEMO-DEV-2843,89,2026-09-28T01:40:45.123Z
DEMO-DEV-2881,89,2026-09-22T15:00:12.409Z
DEMO-DEV-2988,89,2026-09-07T03:15:10.975Z
DEMO-DEV-3021,89,2026-09-28T13:56:47.021Z
DEMO-DEV-3028,89,2026-09-03T05:00:11.545Z
DEMO-DEV-3037,89,2026-09-21T03:28:09.914Z
DEMO-DEV-3054,89,2026-09-24T03:56:59.189Z
DEMO-DEV-3105,89,2026-09-14T20:19:05.208Z
DEMO-DEV-3121,89,2026-09-04T01:11:46.817Z
DEMO-DEV-3168,89,2026-08-26T06:45:41.073Z
DEMO-DEV-3237,89,2026-08-04T18:34:12.442Z
DEMO-DEV-3239,89,2026-09-10T17:08:34.985Z
DEMO-DEV-3247,89,2026-09-28T20:37:15.884Z
DEMO-DEV-3253,89,2026-08-30T10:39:33.409Z
DEMO-DEV-3275,89,2026-08-28T13:12:46.917Z
DEMO-DEV-3294,89,2026-09-20T13:19:14.203Z
DEMO-DEV-3301,89,2026-09-28T23:40:40.268Z
DEMO-DEV-3320,89,2026-09-02T13:38:00.203Z
DEMO-DEV-3382,89,2026-07-27T06:24:27.786Z
DEMO-DEV-3408,89,2026-09-25T22:01:14.806Z
DEMO-DEV-3433,89,2026-09-06T12:47:47.873Z
DEMO-DEV-3446,89,2026-09-21T18:50:30.189Z
DEMO-DEV-3455,89,2026-09-25T04:52:31.870Z
DEMO-DEV-3489,89,2026-09-27T23:30:36.004Z
DEMO-DEV-3524,89,2026-09-27T07:42:52.298Z
DEMO-DEV-3720,89,2026-09-04T12:12:00.839Z
DEMO-DEV-3787,89,2026-09-01T13:04:37.636Z
DEMO-DEV-3979,89,2026-08-01T04:42:50.120Z
DEMO-DEV-4020,89,2026-09-10T19:42:58.167Z
DEMO-DEV-4033,89,2026-09-05T07:27:15.843Z
DEMO-DEV-4047,89,2026-09-19T21:18:01.139Z
DEMO-DEV-4078,89,2026-09-18T12:39:48.842Z
DEMO-DEV-4150,89,2026-09-09T22:18:32.868Z
DEMO-DEV-4182,89,2026-09-25T03:19:56.337Z
DEMO-DEV-4221,89,2026-09-30T07:50:54.792Z
DEMO-DEV-4226,89,2026-08-27T12:08:38.391Z
DEMO-DEV-4238,89,2026-09-28T16:43:06.368Z
DEMO-DEV-4249,89,2026-08-08T00:03:33.250Z
DEMO-DEV-4251,89,2026-09-25T14:13:16.250Z
DEMO-DEV-4327,89,2026-09-29T17:56:09.204Z
DEMO-DEV-4342,89,2026-09-30T00:59:02.646Z
DEMO-DEV-4364,89,2026-09-16T03:21:54.090Z
DEMO-DEV-4378,89,2026-09-30T03:21:32.891Z
DEMO-DEV-4385,89,2026-09-27T00:27:06.205Z
DEMO-DEV-4390,89,2026-09-16T11:38:37.038Z
DEMO-DEV-4431,89,2026-09-16T11:11:20.219Z
DEMO-DEV-4439,89,2026-09-17T09:55:58.024Z
DEMO-DEV-4442,89,2026-09-02T12:27:08.189Z
DEMO-DEV-4479,89,2026-09-08T09:05:13.289Z
DEMO-DEV-4509,89,2026-08-18T19:47:39.134Z
DEMO-DEV-4517,89,2026-09-11T04:54:01.614Z
DEMO-DEV-4561,89,2026-09-23T10:47:15.302Z
DEMO-DEV-4596,89,2026-09-16T04:23:33.302Z
DEMO-DEV-4669,89,2026-09-30T06:12:50.591Z
DEMO-DEV-4679,89,2026-09-12T22:20:26.879Z
DEMO-DEV-4685,89,2026-09-04T16:52:12.080Z
DEMO-DEV-4705,89,2026-09-22T23:37:32.879Z
DEMO-DEV-4787,89,2026-08-30T14:37:53.068Z
DEMO-DEV-4839,89,2026-09-09T03:23:20.892Z
DEMO-DEV-4904,89,2026-09-20T06:32:25.403Z
DEMO-DEV-4939,89,2026-09-08T06:56:21.203Z
DEMO-DEV-4955,89,2026-09-26T08:55:05.778Z
DEMO-DEV-4959,89,2026-09-24T02:54:11.027Z
DEMO-DEV-4969,89,2026-09-19T08:48:03.024Z
DEMO-DEV-4979,89,2026-09-29T10:35:06.368Z
DEMO-DEV-4991,89,2026-09-08T11:46:26.591Z
DEMO-DEV-5024,89,2026-09-18T10:59:32.892Z
DEMO-DEV-5026,89,2026-09-27T10:47:41.885Z
DEMO-DEV-5028,89,2026-08-27T10:37:15.004Z
DEMO-DEV-5045,89,2026-09-29T01:52:28.974Z
DEMO-DEV-5059,89,2026-09-15T22:57:45.224Z
DEMO-DEV-5064,89,2026-09-24T08:25:00.676Z
DEMO-DEV-5073,89,2026-08-23T23:58:42.387Z
DEMO-DEV-5089,89,2026-09-19T03:12:06.668Z
DEMO-DEV-5093,89,2026-08-13T03:38:56.123Z
DEMO-DEV-5182,89,2026-09-22T10:14:29.387Z
DEMO-DEV-5211,89,2026-09-11T02:59:36.024Z
DEMO-DEV-5216,89,2026-09-26T08:09:45.037Z
DEMO-DEV-5218,89,2026-09-23T21:59:20.864Z
DEMO-DEV-5252,89,2026-09-17T20:24:12.816Z
DEMO-DEV-5282,89,2026-09-14T16:33:43.524Z
DEMO-DEV-5310,89,2026-09-18T09:14:53.246Z
DEMO-DEV-5314,89,2026-09-17T22:41:58.183Z
DEMO-DEV-5355,89,2026-07-22T12:33:45.948Z
DEMO-DEV-5402,89,2026-09-02T17:19:10.811Z
DEMO-DEV-5484,89,2026-09-01T09:46:36.519Z
DEMO-DEV-5489,89,2026-09-18T23:43:42.524Z
DEMO-DEV-5502,89,2026-08-23T04:50:28.319Z
DEMO-DEV-5509,89,2026-09-15T20:43:03.793Z
DEMO-DEV-5510,89,2026-09-12T23:42:38.976Z
DEMO-DEV-5544,89,2026-09-04T14:43:56.765Z
DEMO-DEV-5557,89,2026-09-14T00:47:16.682Z
DEMO-DEV-5637,89,2026-09-14T06:54:06.155Z
DEMO-DEV-5660,89,2026-09-30T00:33:40.155Z
DEMO-DEV-5669,89,2026-09-05T20:48:14.204Z
DEMO-DEV-5670,89,2026-08-13T14:18:36.870Z
DEMO-DEV-5708,89,2026-08-20T06:48:59.503Z
DEMO-DEV-5762,89,2026-09-02T19:16:03.045Z
DEMO-DEV-5769,89,2026-09-30T07:29:37.352Z
DEMO-DEV-5775,89,2026-09-22T18:10:16.989Z
DEMO-DEV-5851,89,2026-09-23T02:16:36.394Z
DEMO-DEV-5892,89,2026-09-12T11:59:12.841Z
DEMO-DEV-5956,89,2026-09-24T15:41:17.578Z
DEMO-DEV-5961,89,2026-09-28T00:40:56.368Z
DEMO-DEV-5962,89,2026-09-09T07:26:04.702Z
DEMO-DEV-5991,89,2026-09-19T01:23:40.804Z
DEMO-DEV-6005,89,2026-09-29T20:50:59.879Z
DEMO-DEV-6012,89,2026-09-16T03:22:30.394Z
DEMO-DEV-6037,89,2026-09-24T17:33:13.253Z
DEMO-DEV-6160,89,2026-09-26T02:50:27.974Z
DEMO-DEV-6169,89,2026-09-22T18:30:01.397Z
DEMO-DEV-6186,89,2026-09-26T18:23:44.870Z
DEMO-DEV-6217,89,2026-09-19T06:31:24.472Z
DEMO-DEV-6221,89,2026-09-19T07:55:26.307Z
DEMO-DEV-6261,89,2026-09-13T00:08:56.842Z
DEMO-DEV-6324,89,2026-09-16T00:24:44.315Z
DEMO-DEV-6356,89,2026-09-28T09:17:36.969Z
DEMO-DEV-6445,89,2026-08-26T03:02:21.226Z
DEMO-DEV-6450,89,2026-09-18T04:39:13.080Z
DEMO-DEV-6486,89,2026-09-15T00:53:58.508Z
DEMO-DEV-6574,89,2026-09-28T23:48:58.929Z
DEMO-DEV-6581,89,2026-09-06T20:22:01.545Z
DEMO-DEV-6659,89,2026-09-28T06:41:22.817Z
DEMO-DEV-6705,89,2026-09-05T22:42:21.120Z
DEMO-DEV-6707,89,2026-09-20T16:16:40.004Z
DEMO-DEV-6710,89,2026-09-19T16:51:45.778Z
DEMO-DEV-6716,89,2026-09-07T09:36:40.415Z
DEMO-DEV-6739,89,2026-09-09T14:26:02.500Z
DEMO-DEV-6792,89,2026-09-03T12:39:29.236Z
DEMO-DEV-6804,89,2026-09-26T01:28:35.308Z
DEMO-DEV-6807,89,2026-09-16T14:09:31.087Z
DEMO-DEV-6855,89,2026-07-30T12:17:37.568Z
DEMO-DEV-6862,89,2026-09-11T08:13:11.605Z
DEMO-DEV-6870,89,2026-09-17T09:03:28.795Z
DEMO-DEV-6883,89,2026-09-03T23:38:28.993Z
DEMO-DEV-6947,89,2026-09-02T18:18:33.027Z
DEMO-DEV-6970,89,2026-09-29T07:56:28.636Z
DEMO-DEV-7001,89,2026-08-22T00:11:49.607Z
DEMO-DEV-7028,89,2026-09-19T11:37:55.192Z
DEMO-DEV-7041,89,2026-09-16T17:24:07.793Z
DEMO-DEV-7046,89,2026-09-04T16:14:55.503Z
DEMO-DEV-7095,89,2026-08-14T04:30:22.557Z
DEMO-DEV-7142,89,2026-09-13T08:04:26.024Z
DEMO-DEV-7157,89,2026-09-29T00:45:06.607Z
DEMO-DEV-7167,89,2026-09-06T07:17:32.428Z
DEMO-DEV-7180,89,2026-09-29T00:04:27.173Z
DEMO-DEV-7221,89,2026-09-25T16:26:05.442Z
DEMO-DEV-7234,89,2026-09-21T15:12:35.172Z
DEMO-DEV-7252,89,2026-09-26T12:35:53.811Z
DEMO-DEV-7265,89,2026-09-05T04:27:02.976Z
DEMO-DEV-7285,89,2026-08-28T15:38:53.692Z
DEMO-DEV-7386,89,2026-09-28T14:33:08.443Z
DEMO-DEV-7387,89,2026-09-09T01:57:37.497Z
DEMO-DEV-7389,89,2026-08-03T06:51:36.597Z
DEMO-DEV-7391,89,2026-09-04T05:17:36.252Z
DEMO-DEV-7409,89,2026-08-05T23:01:10.365Z
DEMO-DEV-7463,89,2026-08-28T11:05:04.578Z
DEMO-DEV-7542,89,2026-08-23T03:10:25.719Z
DEMO-DEV-7576,89,2026-09-26T08:53:03.466Z
DEMO-DEV-7616,89,2026-09-27T03:14:44.646Z
DEMO-DEV-7632,89,2026-09-28T22:18:08.950Z
DEMO-DEV-7652,89,2026-08-18T17:21:39.784Z
DEMO-DEV-7682,89,2026-09-21T23:00:01.365Z
DEMO-DEV-7737,89,2026-09-18T02:49:30.524Z
DEMO-DEV-7739,89,2026-09-23T15:26:43.315Z
DEMO-DEV-7758,89,2026-09-09T00:50:44.415Z
DEMO-DEV-7787,89,2026-09-29T13:52:50.816Z
DEMO-DEV-7805,89,2026-09-19T18:03:54.370Z
DEMO-DEV-7819,89,2026-09-07T13:02:14.014Z
DEMO-DEV-7830,89,2026-09-27T19:32:07.648Z
DEMO-DEV-7866,89,2026-09-15T03:17:50.799Z
DEMO-DEV-7880,89,2026-09-08T22:33:25.415Z
DEMO-DEV-7930,89,2026-08-23T21:28:29.134Z
DEMO-DEV-8000,89,2026-09-22T08:46:16.782Z
DEMO-DEV-8030,89,2026-09-25T18:08:19.015Z
DEMO-DEV-8043,89,2026-09-15T06:29:46.403Z
DEMO-DEV-8051,89,2026-09-26T22:55:14.250Z
DEMO-DEV-8096,89,2026-09-02T20:03:44.300Z
DEMO-DEV-8114,89,2026-09-02T13:53:08.253Z
DEMO-DEV-8126,89,2026-09-19T17:56:26.976Z
DEMO-DEV-8128,89,2026-09-20T20:55:34.390Z
DEMO-DEV-8174,89,2026-09-15T04:28:05.658Z
DEMO-DEV-8193,89,2026-09-11T15:10:11.352Z
DEMO-DEV-8194,89,2026-09-29T10:45:46.208Z
DEMO-DEV-8205,89,2026-09-14T20:17:37.864Z
DEMO-DEV-8241,89,2026-09-06T02:56:31.884Z
DEMO-DEV-8243,89,2026-08-06T18:00:06.865Z
DEMO-DEV-8282,89,2026-09-19T05:54:33.307Z
DEMO-DEV-8301,89,2026-09-15T15:35:29.989Z
DEMO-DEV-8306,89,2026-08-28T14:30:28.015Z
DEMO-DEV-8345,89,2026-08-22T19:33:16.073Z
DEMO-DEV-8357,89,2026-09-25T20:49:55.080Z
DEMO-DEV-8396,89,2026-09-04T06:47:55.836Z
DEMO-DEV-8405,89,2026-09-25T09:35:32.024Z
DEMO-DEV-8423,89,2026-09-30T01:11:19.264Z
DEMO-DEV-8445,89,2026-09-27T23:38:12.556Z
DEMO-DEV-8448,89,2026-09-04T08:01:38.778Z
DEMO-DEV-8456,89,2026-08-20T11:55:14.555Z
DEMO-DEV-8472,89,2026-09-29T23:17:58.038Z
DEMO-DEV-8476,89,2026-09-29T01:16:53.442Z
DEMO-DEV-8483,89,2026-09-17T04:20:46.415Z
DEMO-DEV-8527,89,2026-08-18T16:20:42.782Z
DEMO-DEV-8592,89,2026-09-16T15:15:32.354Z
DEMO-DEV-8643,89,2026-08-29T01:02:50.302Z
DEMO-DEV-8644,89,2026-09-26T14:20:50.989Z
DEMO-DEV-8698,89,2026-09-25T08:59:47.485Z
DEMO-DEV-8725,89,2026-09-28T20:52:21.038Z
DEMO-DEV-8727,89,2026-09-15T06:19:04.493Z
DEMO-DEV-8752,89,2026-09-28T03:04:33.688Z
DEMO-DEV-8757,89,2026-09-18T03:36:33.666Z
DEMO-DEV-8840,89,2026-09-12T02:59:45.778Z
DEMO-DEV-8845,89,2026-09-29T12:47:29.966Z
DEMO-DEV-8874,89,2026-09-08T11:50:43.666Z
DEMO-DEV-8891,89,2026-09-28T07:34:57.804Z
DEMO-DEV-8893,89,2026-09-21T02:48:41.851Z
DEMO-DEV-8914,89,2026-08-29T16:31:36.784Z
DEMO-DEV-8918,89,2026-09-15T03:54:21.843Z
DEMO-DEV-8925,89,2026-08-28T01:44:19.692Z
DEMO-DEV-8939,89,2026-09-25T17:53:06.460Z
DEMO-DEV-8996,89,2026-09-21T00:40:53.307Z
DEMO-DEV-9050,89,2026-09-27T18:53:21.352Z
DEMO-DEV-9127,89,2026-09-21T06:22:00.524Z
DEMO-DEV-9163,89,2026-09-24T18:14:30.816Z
DEMO-DEV-9207,89,2026-09-04T17:59:30.172Z
DEMO-DEV-9209,89,2026-09-14T04:08:44.077Z
DEMO-DEV-9237,89,2026-09-26T17:13:54.023Z
DEMO-DEV-9317,89,2026-09-17T18:19:34.211Z
DEMO-DEV-9319,89,2026-09-25T17:24:18.692Z
DEMO-DEV-9334,89,2026-09-29T03:54:01.892Z
DEMO-DEV-9346,89,2026-09-24T18:23:54.319Z
DEMO-DEV-9379,89,2026-08-31T21:19:09.315Z
DEMO-DEV-9397,89,2026-09-27T00:28:17.090Z
DEMO-DEV-9484,89,2026-09-28T10:23:13.519Z
DEMO-DEV-9552,89,2026-08-15T09:31:34.225Z
DEMO-DEV-9555,89,2026-09-28T07:00:58.735Z
DEMO-DEV-9631,89,2026-09-29T12:36:14.493Z
DEMO-DEV-9664,89,2026-09-03T12:46:46.391Z
DEMO-DEV-9715,89,2026-09-04T21:41:16.352Z
DEMO-DEV-9723,89,2026-09-27T23:34:44.692Z
DEMO-DEV-9739,89,2026-09-04T23:40:06.307Z
DEMO-DEV-9773,89,2026-09-08T17:12:19.879Z
DEMO-DEV-9779,89,2026-08-20T13:12:26.599Z
DEMO-DEV-9806,89,2026-09-19T12:34:29.172Z
DEMO-DEV-9840,89,2026-09-24T00:23:59.218Z
DEMO-DEV-9850,89,2026-09-02T16:00:24.806Z
DEMO-DEV-9917,89,2026-08-13T05:45:57.004Z
DEMO-DEV-9954,89,2026-08-22T03:54:31.397Z
DEMO-DEV-9962,89,2026-08-25T22:14:08.027Z
DEMO-DEV-0012,88,2026-09-21T10:56:48.817Z
DEMO-DEV-0042,88,2026-09-12T19:50:48.503Z
DEMO-DEV-0054,88,2026-09-29T09:57:10.884Z
DEMO-DEV-0065,88,2026-09-29T18:28:59.915Z
DEMO-DEV-0125,88,2026-09-25T05:15:49.646Z
DEMO-DEV-0135,88,2026-09-23T05:39:34.535Z
DEMO-DEV-0154,88,2026-09-27T07:43:21.221Z
DEMO-DEV-0160,88,2026-08-28T13:47:32.511Z
DEMO-DEV-0215,88,2026-08-26T03:23:58.500Z
DEMO-DEV-0221,88,2026-09-15T09:12:12.914Z
DEMO-DEV-0231,88,2026-08-17T02:44:49.230Z
DEMO-DEV-0271,88,2026-09-29T23:05:42.692Z
DEMO-DEV-0287,88,2026-09-04T13:01:40.246Z
DEMO-DEV-0319,88,2026-09-15T05:21:54.075Z
DEMO-DEV-0324,88,2026-09-27T19:53:06.204Z
DEMO-DEV-0332,88,2026-09-11T18:07:22.612Z
DEMO-DEV-0366,88,2026-09-12T22:37:27.472Z
DEMO-DEV-0405,88,2026-08-21T17:31:27.337Z
DEMO-DEV-0411,88,2026-09-17T02:03:48.155Z
DEMO-DEV-0442,88,2026-09-11T18:50:20.816Z
DEMO-DEV-0465,88,2026-09-22T03:04:23.688Z
DEMO-DEV-0514,88,2026-09-25T07:20:50.173Z
DEMO-DEV-0523,88,2026-09-27T06:53:41.545Z
DEMO-DEV-0589,88,2026-09-15T09:45:58.785Z
DEMO-DEV-0647,88,2026-08-16T12:30:23.950Z
DEMO-DEV-0667,88,2026-09-23T17:05:49.682Z
DEMO-DEV-0676,88,2026-09-13T17:07:58.666Z
DEMO-DEV-0750,88,2026-09-23T16:15:22.503Z
DEMO-DEV-0818,88,2026-09-17T16:59:28.172Z
DEMO-DEV-0819,88,2026-09-20T05:26:08.352Z
DEMO-DEV-0834,88,2026-09-26T05:35:52.865Z
DEMO-DEV-0840,88,2026-09-03T15:35:50.134Z
DEMO-DEV-0886,88,2026-09-27T04:18:53.150Z
DEMO-DEV-0975,88,2026-09-10T21:52:18.969Z
DEMO-DEV-1048,88,2026-09-18T18:50:59.793Z
DEMO-DEV-1095,88,2026-09-18T08:29:45.354Z
DEMO-DEV-1101,88,2026-09-10T17:34:21.442Z
DEMO-DEV-1154,88,2026-09-19T22:01:13.636Z
DEMO-DEV-1156,88,2026-08-20T18:32:58.666Z
DEMO-DEV-1182,88,2026-08-25T13:48:54.891Z
DEMO-DEV-1251,88,2026-09-17T13:35:20.806Z
DEMO-DEV-1253,88,2026-09-25T21:39:48.470Z
DEMO-DEV-1257,88,2026-09-29T22:59:06.524Z
DEMO-DEV-1295,88,2026-07-05T19:16:04.714Z
DEMO-DEV-1387,88,2026-09-27T06:06:45.014Z
DEMO-DEV-1407,88,2026-09-16T02:36:22.307Z
DEMO-DEV-1460,88,2026-09-17T22:39:05.300Z
DEMO-DEV-1524,88,2026-09-03T23:56:23.885Z
DEMO-DEV-1543,88,2026-08-26T21:42:21.870Z
DEMO-DEV-1581,88,2026-08-23T15:54:13.785Z
DEMO-DEV-1601,88,2026-07-11T22:20:23.222Z
DEMO-DEV-1602,88,2026-09-15T15:06:20.455Z
DEMO-DEV-1668,88,2026-08-21T07:43:19.161Z
DEMO-DEV-1685,88,2026-09-09T03:18:22.989Z
DEMO-DEV-1720,88,2026-09-23T22:07:15.403Z
DEMO-DEV-1741,88,2026-09-20T01:05:16.289Z
DEMO-DEV-1756,88,2026-09-05T06:42:25.254Z
DEMO-DEV-1772,88,2026-09-08T02:34:08.287Z
DEMO-DEV-1799,88,2026-08-23T01:40:53.915Z
DEMO-DEV-1854,88,2026-09-29T04:45:14.239Z
DEMO-DEV-1949,88,2026-09-28T20:45:12.354Z
DEMO-DEV-2023,88,2026-09-16T03:22:30.968Z
DEMO-DEV-2072,88,2026-09-16T04:51:58.568Z
DEMO-DEV-2084,88,2026-09-18T21:27:54.189Z
DEMO-DEV-2225,88,2026-09-13T09:37:39.636Z
DEMO-DEV-2257,88,2026-09-09T06:29:53.497Z
DEMO-DEV-2290,88,2026-08-15T13:17:22.080Z
DEMO-DEV-2312,88,2026-09-18T07:11:58.989Z
DEMO-DEV-2353,88,2026-09-08T09:32:55.250Z
DEMO-DEV-2442,88,2026-09-26T03:12:38.806Z
DEMO-DEV-2502,88,2026-09-09T17:59:30.236Z
DEMO-DEV-2564,88,2026-09-17T09:26:53.315Z
DEMO-DEV-2571,88,2026-09-25T13:20:34.090Z
DEMO-DEV-2592,88,2026-09-26T14:30:59.138Z
DEMO-DEV-2671,88,2026-09-20T10:04:53.026Z
DEMO-DEV-2678,88,2026-09-19T18:51:22.302Z
DEMO-DEV-2683,88,2026-08-19T12:34:52.738Z
DEMO-DEV-2713,88,2026-08-15T21:43:08.222Z
DEMO-DEV-2720,88,2026-09-10T08:46:29.873Z
DEMO-DEV-2795,88,2026-09-24T19:43:39.026Z
DEMO-DEV-2813,88,2026-09-16T14:40:47.785Z
DEMO-DEV-2824,88,2026-09-16T22:36:43.189Z
DEMO-DEV-2929,88,2026-09-23T20:15:18.165Z
DEMO-DEV-2934,88,2026-09-17T03:05:02.254Z
DEMO-DEV-2936,88,2026-09-28T02:55:40.167Z
DEMO-DEV-2953,88,2026-09-11T12:39:13.308Z
DEMO-DEV-2975,88,2026-09-23T18:26:59.368Z
DEMO-DEV-3031,88,2026-09-04T04:33:55.139Z
DEMO-DEV-3041,88,2026-09-30T05:54:45.189Z
DEMO-DEV-3042,88,2026-09-22T21:07:37.692Z
DEMO-DEV-3062,88,2026-08-18T12:07:01.754Z
DEMO-DEV-3147,88,2026-09-26T04:24:22.403Z
DEMO-DEV-3151,88,2026-09-12T10:03:42.503Z
DEMO-DEV-3172,88,2026-09-26T16:17:28.804Z
DEMO-DEV-3177,88,2026-09-19T22:23:00.599Z
DEMO-DEV-3243,88,2026-09-22T03:32:47.390Z
DEMO-DEV-3266,88,2026-09-28T01:30:31.738Z
DEMO-DEV-3309,88,2026-08-09T22:33:53.003Z
DEMO-DEV-3312,88,2026-09-26T06:42:35.428Z
DEMO-DEV-3401,88,2026-09-20T18:41:18.785Z
DEMO-DEV-3513,88,2026-09-29T20:10:09.252Z
DEMO-DEV-3544,88,2026-09-11T12:39:38.778Z
DEMO-DEV-3548,88,2026-09-26T15:57:31.370Z
DEMO-DEV-3604,88,2026-09-14T21:32:43.865Z
DEMO-DEV-3607,88,2026-09-08T23:55:24.466Z
DEMO-DEV-3614,88,2026-09-16T05:39:54.394Z
DEMO-DEV-3616,88,2026-09-10T08:11:55.618Z
DEMO-DEV-3737,88,2026-08-10T19:15:41.682Z
DEMO-DEV-3758,88,2026-09-12T19:15:31.402Z
DEMO-DEV-3782,88,2026-08-31T04:19:43.784Z
DEMO-DEV-3786,88,2026-09-30T04:51:34.965Z
DEMO-DEV-3804,88,2026-08-09T19:28:06.192Z
DEMO-DEV-3877,88,2026-09-18T11:50:02.173Z
DEMO-DEV-3888,88,2026-08-07T03:22:01.537Z
DEMO-DEV-3959,88,2026-09-02T21:30:31.799Z
DEMO-DEV-4024,88,2026-09-10T13:38:28.666Z
DEMO-DEV-4046,88,2026-09-22T15:35:09.289Z
DEMO-DEV-4058,88,2026-09-17T05:49:39.782Z
DEMO-DEV-4066,88,2026-09-25T00:45:35.288Z
DEMO-DEV-4075,88,2026-09-24T18:20:20.319Z
DEMO-DEV-4077,88,2026-09-23T06:22:40.584Z
DEMO-DEV-4113,88,2026-09-19T19:52:30.068Z
DEMO-DEV-4145,88,2026-09-22T01:32:51.190Z
DEMO-DEV-4291,88,2026-09-27T16:50:16.021Z
DEMO-DEV-4328,88,2026-09-29T18:55:55.785Z
DEMO-DEV-4345,88,2026-09-27T23:44:50.591Z
DEMO-DEV-4394,88,2026-09-18T20:02:16.917Z
DEMO-DEV-4410,88,2026-09-17T04:59:05.168Z
DEMO-DEV-4451,88,2026-09-23T09:40:04.168Z
DEMO-DEV-4466,88,2026-08-11T02:28:26.976Z
DEMO-DEV-4495,88,2026-09-26T06:39:24.793Z
DEMO-DEV-4497,88,2026-08-14T19:14:41.073Z
DEMO-DEV-4524,88,2026-09-17T16:19:49.524Z
DEMO-DEV-4533,88,2026-09-21T04:21:40.688Z
DEMO-DEV-4557,88,2026-09-08T13:06:16.948Z
DEMO-DEV-4582,88,2026-09-15T21:31:54.817Z
DEMO-DEV-4589,88,2026-09-17T10:15:55.824Z
DEMO-DEV-4607,88,2026-09-13T17:15:19.189Z
DEMO-DEV-4627,88,2026-09-26T17:48:27.523Z
DEMO-DEV-4633,88,2026-09-18T17:43:33.614Z
DEMO-DEV-4634,88,2026-09-03T02:40:35.075Z
DEMO-DEV-4704,88,2026-09-22T18:35:30.354Z
DEMO-DEV-4742,88,2026-09-13T17:32:17.325Z
DEMO-DEV-4756,88,2026-09-28T07:48:31.120Z
DEMO-DEV-4774,88,2026-09-21T20:26:21.879Z
DEMO-DEV-4876,88,2026-08-27T00:48:48.568Z
DEMO-DEV-4938,88,2026-09-10T16:36:02.975Z
DEMO-DEV-4949,88,2026-09-05T19:31:44.524Z
DEMO-DEV-5084,88,2026-09-18T05:42:21.863Z
DEMO-DEV-5164,88,2026-09-25T14:34:53.446Z
DEMO-DEV-5197,88,2026-09-23T22:04:26.337Z
DEMO-DEV-5246,88,2026-09-03T17:40:56.224Z
DEMO-DEV-5253,88,2026-09-27T21:21:32.068Z
DEMO-DEV-5335,88,2026-07-19T13:33:58.409Z
DEMO-DEV-5378,88,2026-09-13T04:36:23.246Z
DEMO-DEV-5381,88,2026-09-09T20:00:58.366Z
DEMO-DEV-5473,88,2026-09-15T02:14:56.253Z
DEMO-DEV-5542,88,2026-09-29T21:11:10.352Z
DEMO-DEV-5552,88,2026-09-02T21:17:00.865Z
DEMO-DEV-5565,88,2026-09-21T21:41:30.584Z
DEMO-DEV-5619,88,2026-09-23T15:20:14.409Z
DEMO-DEV-5686,88,2026-09-15T02:20:16.409Z
DEMO-DEV-5692,88,2026-09-11T17:10:33.073Z
DEMO-DEV-5732,88,2026-09-24T05:01:18.080Z
DEMO-DEV-5773,88,2026-09-23T11:30:16.203Z
DEMO-DEV-5789,88,2026-09-14T09:58:47.792Z
DEMO-DEV-5818,88,2026-09-29T15:32:47.727Z
DEMO-DEV-5843,88,2026-09-26T19:44:23.040Z
DEMO-DEV-5852,88,2026-09-25T20:02:29.390Z
DEMO-DEV-5915,88,2026-09-16T19:47:41.527Z
DEMO-DEV-5939,88,2026-09-28T16:18:49.024Z
DEMO-DEV-5998,88,2026-09-25T22:38:02.319Z
DEMO-DEV-6032,88,2026-09-03T13:49:51.139Z
DEMO-DEV-6111,88,2026-08-31T06:16:19.873Z
DEMO-DEV-6140,88,2026-08-21T01:52:54.165Z
DEMO-DEV-6183,88,2026-09-20T11:34:55.224Z
DEMO-DEV-6227,88,2026-09-26T04:51:53.470Z
DEMO-DEV-6238,88,2026-09-15T00:03:20.221Z
DEMO-DEV-6305,88,2026-09-27T07:07:20.472Z
DEMO-DEV-6327,88,2026-09-14T09:42:15.682Z
DEMO-DEV-6383,88,2026-08-18T11:22:34.891Z
DEMO-DEV-6435,88,2026-09-01T12:16:33.390Z
DEMO-DEV-6482,88,2026-09-26T01:08:28.250Z
DEMO-DEV-6491,88,2026-09-02T02:47:28.272Z
DEMO-DEV-6498,88,2026-09-26T09:00:00.976Z
DEMO-DEV-6558,88,2026-09-24T16:32:44.415Z
DEMO-DEV-6602,88,2026-09-09T21:49:04.992Z
DEMO-DEV-6639,88,2026-09-26T15:45:50.612Z
DEMO-DEV-6647,88,2026-09-25T08:21:55.989Z
DEMO-DEV-6661,88,2026-09-27T03:11:57.203Z
DEMO-DEV-6688,88,2026-09-24T10:27:06.668Z
DEMO-DEV-6759,88,2026-06-29T00:22:38.221Z
DEMO-DEV-6813,88,2026-09-25T03:22:10.612Z
DEMO-DEV-6851,88,2026-09-28T05:24:45.868Z
DEMO-DEV-6911,88,2026-09-25T13:19:47.639Z
DEMO-DEV-6987,88,2026-09-13T20:01:29.782Z
DEMO-DEV-7006,88,2026-09-28T19:57:29.778Z
DEMO-DEV-7049,88,2026-09-19T11:46:24.785Z
DEMO-DEV-7050,88,2026-08-16T07:19:55.868Z
DEMO-DEV-7087,88,2026-09-27T21:24:18.817Z
DEMO-DEV-7094,88,2026-09-23T15:14:49.300Z
DEMO-DEV-7120,88,2026-08-02T17:42:31.264Z
DEMO-DEV-7124,88,2026-08-12T16:50:17.239Z
DEMO-DEV-7126,88,2026-09-04T18:59:47.513Z
DEMO-DEV-7127,88,2026-08-23T09:30:48.599Z
DEMO-DEV-7205,88,2026-08-09T18:36:06.455Z
DEMO-DEV-7211,88,2026-08-16T20:20:04.658Z
DEMO-DEV-7216,88,2026-08-27T12:24:44.785Z
DEMO-DEV-7220,88,2026-08-19T10:43:31.365Z
DEMO-DEV-7223,88,2026-09-22T22:21:49.150Z
DEMO-DEV-7245,88,2026-09-25T21:02:51.682Z
DEMO-DEV-7251,88,2026-09-30T03:17:22.287Z
DEMO-DEV-7301,88,2026-09-15T16:24:08.068Z
DEMO-DEV-7309,88,2026-09-16T17:07:05.754Z
DEMO-DEV-7399,88,2026-09-15T17:01:12.795Z
DEMO-DEV-7416,88,2026-09-20T01:09:42.357Z
DEMO-DEV-7435,88,2026-09-16T10:15:35.190Z
DEMO-DEV-7526,88,2026-09-20T19:44:26.795Z
DEMO-DEV-7548,88,2026-09-04T22:57:04.307Z
DEMO-DEV-7605,88,2026-09-29T00:16:32.394Z
DEMO-DEV-7610,88,2026-09-02T01:22:13.246Z
DEMO-DEV-7644,88,2026-09-23T23:12:01.785Z
DEMO-DEV-7700,88,2026-08-01T09:35:04.288Z
DEMO-DEV-7783,88,2026-08-24T03:17:51.307Z
DEMO-DEV-7784,88,2026-09-28T11:29:35.307Z
DEMO-DEV-7873,88,2026-09-16T02:51:55.024Z
DEMO-DEV-7932,88,2026-09-28T22:41:28.063Z
DEMO-DEV-7955,88,2026-09-14T12:45:37.817Z
DEMO-DEV-7999,88,2026-09-26T10:14:35.205Z
DEMO-DEV-8001,88,2026-09-19T03:40:36.968Z
DEMO-DEV-8080,88,2026-09-26T15:35:07.021Z
DEMO-DEV-8093,88,2026-09-14T07:58:04.929Z
DEMO-DEV-8109,88,2026-09-19T18:42:57.155Z
DEMO-DEV-8123,88,2026-09-29T09:58:39.851Z
DEMO-DEV-8184,88,2026-09-13T22:41:04.511Z
DEMO-DEV-8192,88,2026-09-17T16:04:27.965Z
DEMO-DEV-8231,88,2026-09-24T11:46:37.824Z
DEMO-DEV-8233,88,2026-09-24T05:30:37.390Z
DEMO-DEV-8305,88,2026-08-30T18:16:57.234Z
DEMO-DEV-8310,88,2026-09-28T12:51:54.597Z
DEMO-DEV-8316,88,2026-09-28T01:06:26.203Z
DEMO-DEV-8328,88,2026-09-30T01:25:13.204Z
DEMO-DEV-8384,88,2026-09-28T10:19:30.692Z
DEMO-DEV-8392,88,2026-09-14T10:23:15.653Z
DEMO-DEV-8412,88,2026-09-12T22:10:02.168Z
DEMO-DEV-8438,88,2026-09-24T08:51:26.864Z
DEMO-DEV-8449,88,2026-08-08T05:52:53.172Z
DEMO-DEV-8462,88,2026-09-26T22:36:48.661Z
DEMO-DEV-8488,88,2026-08-22T10:05:37.238Z
DEMO-DEV-8656,88,2026-09-24T15:00:04.867Z
DEMO-DEV-8692,88,2026-09-20T03:59:05.682Z
DEMO-DEV-8694,88,2026-09-09T09:36:51.291Z
DEMO-DEV-8713,88,2026-09-28T04:11:12.992Z
DEMO-DEV-8858,88,2026-08-23T21:29:27.803Z
DEMO-DEV-8877,88,2026-08-29T07:36:26.966Z
DEMO-DEV-8921,88,2026-09-29T19:53:27.917Z
DEMO-DEV-8926,88,2026-09-23T09:55:06.537Z
DEMO-DEV-8934,88,2026-09-04T15:54:29.226Z
DEMO-DEV-8937,88,2026-08-02T14:29:53.968Z
DEMO-DEV-8947,88,2026-09-07T12:11:48.803Z
DEMO-DEV-8961,88,2026-09-28T12:19:25.077Z
DEMO-DEV-9005,88,2026-09-17T15:13:40.443Z
DEMO-DEV-9101,88,2026-09-26T20:26:39.817Z
DEMO-DEV-9133,88,2026-09-16T19:21:39.738Z
DEMO-DEV-9146,88,2026-09-29T02:03:33.636Z
DEMO-DEV-9150,88,2026-09-27T16:59:07.470Z
DEMO-DEV-9216,88,2026-09-14T15:58:39.045Z
DEMO-DEV-9219,88,2026-09-15T04:21:02.024Z
DEMO-DEV-9246,88,2026-09-27T00:30:19.391Z
DEMO-DEV-9309,88,2026-09-15T00:31:37.836Z
DEMO-DEV-9324,88,2026-09-25T05:29:14.027Z
DEMO-DEV-9378,88,2026-09-17T01:49:30.636Z
DEMO-DEV-9422,88,2026-09-14T15:55:26.824Z
DEMO-DEV-9427,88,2026-08-31T01:44:40.865Z
DEMO-DEV-9456,88,2026-09-04T21:50:53.138Z
DEMO-DEV-9474,88,2026-09-06T09:53:46.877Z
DEMO-DEV-9580,88,2026-09-28T05:28:25.825Z
DEMO-DEV-9581,88,2026-09-14T11:23:44.639Z
DEMO-DEV-9776,88,2026-08-30T00:28:19.183Z
DEMO-DEV-9801,88,2026-09-13T14:10:25.150Z
DEMO-DEV-9843,88,2026-09-24T10:08:54.402Z
DEMO-DEV-9848,88,2026-09-18T23:52:47.752Z
DEMO-DEV-9899,88,2026-09-24T13:29:16.319Z
DEMO-DEV-9906,88,2026-09-29T14:35:15.688Z
DEMO-DEV-9912,88,2026-09-27T18:59:16.224Z
DEMO-DEV-9913,88,2026-08-17T09:25:26.232Z
DEMO-DEV-0014,87,2026-09-21T09:38:32.368Z
DEMO-DEV-0027,87,2026-09-19T19:26:44.161Z
DEMO-DEV-0047,87,2026-08-27T08:11:48.021Z
DEMO-DEV-0056,87,2026-09-18T13:00:51.168Z
DEMO-DEV-0140,87,2026-09-12T22:58:11.403Z
DEMO-DEV-0167,87,2026-09-14T22:34:43.841Z
DEMO-DEV-0182,87,2026-09-11T01:06:19.368Z
DEMO-DEV-0209,87,2026-09-03T08:01:38.885Z
DEMO-DEV-0282,87,2026-09-01T14:08:05.508Z
DEMO-DEV-0325,87,2026-08-12T11:10:25.173Z
DEMO-DEV-0351,87,2026-09-01T02:20:05.877Z
DEMO-DEV-0417,87,2026-09-05T16:06:24.150Z
DEMO-DEV-0450,87,2026-09-10T14:44:02.968Z
DEMO-DEV-0501,87,2026-09-11T22:46:42.511Z
DEMO-DEV-0541,87,2026-09-23T23:50:28.183Z
DEMO-DEV-0583,87,2026-09-07T14:27:33.023Z
DEMO-DEV-0594,87,2026-09-30T07:09:49.503Z
DEMO-DEV-0680,87,2026-09-20T15:23:14.929Z
DEMO-DEV-0691,87,2026-09-20T17:08:37.676Z
DEMO-DEV-0706,87,2026-09-26T02:01:47.155Z
DEMO-DEV-0710,87,2026-09-28T07:18:40.027Z
DEMO-DEV-0711,87,2026-09-27T05:34:48.612Z
DEMO-DEV-0730,87,2026-09-22T09:04:07.661Z
DEMO-DEV-0746,87,2026-09-09T12:33:48.150Z
DEMO-DEV-0773,87,2026-08-20T15:59:35.298Z
DEMO-DEV-0779,87,2026-09-08T14:26:43.519Z
DEMO-DEV-0869,87,2026-08-31T01:06:57.443Z
DEMO-DEV-0905,87,2026-09-25T05:55:20.851Z
DEMO-DEV-0924,87,2026-09-11T00:35:27.785Z
DEMO-DEV-0933,87,2026-09-30T07:05:36.183Z
DEMO-DEV-0940,87,2026-09-23T07:16:33.004Z
DEMO-DEV-0994,87,2026-09-30T01:16:35.397Z
DEMO-DEV-1043,87,2026-09-28T00:12:03.138Z
DEMO-DEV-1069,87,2026-09-03T12:14:54.345Z
DEMO-DEV-1139,87,2026-08-22T18:01:51.786Z
DEMO-DEV-1149,87,2026-09-15T08:22:47.816Z
DEMO-DEV-1161,87,2026-09-27T09:35:43.884Z
DEMO-DEV-1263,87,2026-09-23T06:35:12.653Z
DEMO-DEV-1329,87,2026-09-28T13:48:36.325Z
DEMO-DEV-1356,87,2026-09-19T16:46:46.387Z
DEMO-DEV-1378,87,2026-09-29T00:52:11.811Z
DEMO-DEV-1403,87,2026-08-19T06:14:55.557Z
DEMO-DEV-1447,87,2026-09-06T01:04:42.497Z
DEMO-DEV-1450,87,2026-09-14T04:15:26.077Z
DEMO-DEV-1472,87,2026-09-19T09:21:34.211Z
DEMO-DEV-1473,87,2026-09-28T21:59:19.682Z
DEMO-DEV-1501,87,2026-09-27T00:44:51.087Z
DEMO-DEV-1511,87,2026-09-26T23:21:01.784Z
DEMO-DEV-1534,87,2026-09-26T07:13:13.485Z
DEMO-DEV-1563,87,2026-09-26T05:17:57.370Z
DEMO-DEV-1637,87,2026-09-08T15:47:54.003Z
DEMO-DEV-1675,87,2026-08-21T23:37:27.203Z
DEMO-DEV-1809,87,2026-09-23T19:01:05.817Z
DEMO-DEV-1836,87,2026-08-15T17:58:25.537Z
DEMO-DEV-1869,87,2026-08-15T05:54:18.803Z
DEMO-DEV-1899,87,2026-09-27T01:28:07.682Z
DEMO-DEV-1913,87,2026-09-24T17:38:51.719Z
DEMO-DEV-1942,87,2026-09-28T14:13:36.080Z
DEMO-DEV-1987,87,2026-09-20T23:28:16.287Z
DEMO-DEV-2046,87,2026-09-25T23:37:02.702Z
DEMO-DEV-2048,87,2026-09-24T12:50:08.599Z
DEMO-DEV-2079,87,2026-09-09T09:50:55.370Z
DEMO-DEV-2083,87,2026-09-25T03:27:35.614Z
DEMO-DEV-2111,87,2026-09-29T15:00:29.976Z
DEMO-DEV-2131,87,2026-09-29T18:31:15.168Z
DEMO-DEV-2168,87,2026-09-18T10:52:23.682Z
DEMO-DEV-2206,87,2026-09-26T14:08:30.846Z
DEMO-DEV-2219,87,2026-09-20T01:43:40.727Z
DEMO-DEV-2264,87,2026-09-22T01:22:08.778Z
DEMO-DEV-2298,87,2026-09-22T04:33:43.289Z
DEMO-DEV-2310,87,2026-07-29T04:26:12.668Z
DEMO-DEV-2341,87,2026-09-15T09:54:19.015Z
DEMO-DEV-2361,87,2026-08-27T08:02:50.842Z
DEMO-DEV-2412,87,2026-09-27T18:43:45.370Z
DEMO-DEV-2418,87,2026-09-11T19:27:34.917Z
DEMO-DEV-2437,87,2026-09-13T06:55:34.298Z
DEMO-DEV-2444,87,2026-09-03T22:02:06.232Z
DEMO-DEV-2469,87,2026-09-11T11:17:07.811Z
DEMO-DEV-2480,87,2026-09-16T11:30:52.415Z
DEMO-DEV-2482,87,2026-09-23T06:10:37.026Z
DEMO-DEV-2484,87,2026-09-27T10:26:22.168Z
DEMO-DEV-2530,87,2026-09-02T07:20:12.203Z
DEMO-DEV-2613,87,2026-09-20T22:36:18.087Z
DEMO-DEV-2620,87,2026-08-23T15:19:12.727Z
DEMO-DEV-2672,87,2026-09-04T12:24:18.974Z
DEMO-DEV-2729,87,2026-09-15T11:03:35.004Z
DEMO-DEV-2757,87,2026-09-17T07:01:27.917Z
DEMO-DEV-2793,87,2026-09-16T13:58:14.612Z
DEMO-DEV-2922,87,2026-09-21T19:37:18.568Z
DEMO-DEV-2928,87,2026-09-20T23:20:49.839Z
DEMO-DEV-2945,87,2026-09-22T03:12:48.268Z
DEMO-DEV-2964,87,2026-09-29T14:35:27.714Z
DEMO-DEV-2976,87,2026-09-26T09:18:26.352Z
DEMO-DEV-2987,87,2026-09-06T03:52:49.817Z
DEMO-DEV-3006,87,2026-09-23T00:27:00.167Z
DEMO-DEV-3016,87,2026-09-29T19:55:07.668Z
DEMO-DEV-3017,87,2026-09-14T03:39:44.123Z
DEMO-DEV-3047,87,2026-08-05T23:16:44.288Z
DEMO-DEV-3065,87,2026-08-26T22:57:12.676Z
DEMO-DEV-3102,87,2026-09-23T18:53:36.221Z
DEMO-DEV-3125,87,2026-09-30T06:37:48.289Z
DEMO-DEV-3160,87,2026-09-19T03:07:13.692Z
DEMO-DEV-3169,87,2026-09-23T02:26:29.225Z
DEMO-DEV-3190,87,2026-09-07T08:03:33.038Z
DEMO-DEV-3216,87,2026-09-07T03:38:44.661Z
DEMO-DEV-3257,87,2026-09-16T22:13:36.974Z
DEMO-DEV-3276,87,2026-09-19T05:34:08.038Z
DEMO-DEV-3317,87,2026-09-17T10:56:15.523Z
DEMO-DEV-3342,87,2026-09-11T01:01:35.692Z
DEMO-DEV-3387,87,2026-09-22T08:52:20.661Z
DEMO-DEV-3528,87,2026-09-24T14:52:42.599Z
DEMO-DEV-3686,87,2026-09-14T22:42:52.138Z
DEMO-DEV-3785,87,2026-09-25T23:09:52.221Z
DEMO-DEV-3819,87,2026-09-09T22:31:43.985Z
DEMO-DEV-3825,87,2026-09-22T12:30:52.189Z
DEMO-DEV-3835,87,2026-08-22T19:18:52.403Z
DEMO-DEV-3869,87,2026-09-25T11:56:11.976Z
DEMO-DEV-3908,87,2026-09-19T01:59:52.519Z
DEMO-DEV-3985,87,2026-09-11T05:45:28.992Z
DEMO-DEV-4048,87,2026-09-21T11:54:59.948Z
DEMO-DEV-4051,87,2026-07-22T17:56:59.345Z
DEMO-DEV-4127,87,2026-09-24T17:03:20.975Z
DEMO-DEV-4144,87,2026-09-25T13:18:08.948Z
DEMO-DEV-4278,87,2026-08-02T16:48:02.969Z
DEMO-DEV-4297,87,2026-07-19T13:33:59.038Z
DEMO-DEV-4330,87,2026-09-21T01:49:07.063Z
DEMO-DEV-4355,87,2026-09-29T01:56:47.891Z
DEMO-DEV-4401,87,2026-09-20T01:05:28.993Z
DEMO-DEV-4470,87,2026-09-14T16:19:18.816Z
DEMO-DEV-4476,87,2026-09-26T23:58:40.138Z
DEMO-DEV-4501,87,2026-09-28T23:48:46.165Z
DEMO-DEV-4540,87,2026-08-31T00:50:26.134Z
DEMO-DEV-4548,87,2026-08-24T04:21:35.123Z
DEMO-DEV-4562,87,2026-09-13T00:42:48.503Z
DEMO-DEV-4564,87,2026-09-28T12:31:02.300Z
DEMO-DEV-4584,87,2026-09-23T08:12:58.591Z
DEMO-DEV-4588,87,2026-09-12T09:51:00.702Z
DEMO-DEV-4683,87,2026-09-03T00:22:38.710Z
DEMO-DEV-4720,87,2026-09-21T01:09:25.891Z
DEMO-DEV-4768,87,2026-09-27T13:18:44.519Z
DEMO-DEV-4779,87,2026-09-12T19:05:33.040Z
DEMO-DEV-4788,87,2026-09-25T14:45:49.040Z
DEMO-DEV-4811,87,2026-09-28T00:44:08.508Z
DEMO-DEV-4854,87,2026-09-08T00:29:56.612Z
DEMO-DEV-4927,87,2026-08-29T20:53:44.390Z
DEMO-DEV-4934,87,2026-09-06T04:59:01.226Z
DEMO-DEV-4941,87,2026-09-21T17:11:24.682Z
DEMO-DEV-4990,87,2026-09-25T02:28:43.839Z
DEMO-DEV-4995,87,2026-09-08T16:54:39.653Z
DEMO-DEV-4998,87,2026-09-13T09:44:19.150Z
DEMO-DEV-5031,87,2026-09-29T04:31:13.752Z
DEMO-DEV-5101,87,2026-08-29T16:55:46.370Z
DEMO-DEV-5183,87,2026-09-11T06:38:18.527Z
DEMO-DEV-5227,87,2026-09-28T08:31:33.785Z
DEMO-DEV-5241,87,2026-09-15T23:50:11.877Z
DEMO-DEV-5258,87,2026-09-17T22:51:38.993Z
DEMO-DEV-5277,87,2026-09-25T19:10:13.397Z
DEMO-DEV-5311,87,2026-09-06T23:39:20.165Z
DEMO-DEV-5324,87,2026-09-28T13:18:42.555Z
DEMO-DEV-5356,87,2026-09-30T07:36:45.218Z
DEMO-DEV-5492,87,2026-09-14T20:26:00.965Z
DEMO-DEV-5567,87,2026-09-03T14:03:27.232Z
DEMO-DEV-5570,87,2026-09-22T00:41:11.879Z
DEMO-DEV-5575,87,2026-09-26T21:55:47.225Z
DEMO-DEV-5585,87,2026-09-20T07:10:56.646Z
DEMO-DEV-5609,87,2026-09-23T21:28:32.727Z
DEMO-DEV-5624,87,2026-09-13T14:48:50.735Z
DEMO-DEV-5627,87,2026-08-30T12:22:09.727Z
DEMO-DEV-5690,87,2026-07-20T23:08:26.864Z
DEMO-DEV-5727,87,2026-09-16T14:49:12.597Z
DEMO-DEV-5785,87,2026-09-12T23:46:58.236Z
DEMO-DEV-5860,87,2026-08-13T13:33:47.841Z
DEMO-DEV-5867,87,2026-09-20T01:29:12.080Z
DEMO-DEV-5878,87,2026-09-04T20:48:18.352Z
DEMO-DEV-5928,87,2026-08-29T20:30:44.203Z
DEMO-DEV-5955,87,2026-09-30T06:31:01.307Z
DEMO-DEV-5969,87,2026-08-06T20:12:35.077Z
DEMO-DEV-6014,87,2026-09-05T21:18:13.462Z
DEMO-DEV-6036,87,2026-09-23T17:15:57.989Z
DEMO-DEV-6078,87,2026-08-07T18:56:29.682Z
DEMO-DEV-6109,87,2026-07-26T03:02:59.785Z
DEMO-DEV-6142,87,2026-09-20T20:12:37.841Z
DEMO-DEV-6150,87,2026-09-28T22:37:13.397Z
DEMO-DEV-6232,87,2026-09-22T12:39:26.618Z
DEMO-DEV-6298,87,2026-09-26T03:24:31.682Z
DEMO-DEV-6353,87,2026-09-07T20:04:07.387Z
DEMO-DEV-6355,87,2026-09-08T15:46:25.948Z
DEMO-DEV-6432,87,2026-09-25T21:09:07.023Z
DEMO-DEV-6452,87,2026-09-26T01:41:04.692Z
DEMO-DEV-6466,87,2026-06-23T07:49:31.870Z
DEMO-DEV-6547,87,2026-09-19T13:21:37.234Z
DEMO-DEV-6555,87,2026-09-02T06:21:03.205Z
DEMO-DEV-6573,87,2026-08-21T07:15:57.987Z
DEMO-DEV-6585,87,2026-09-27T00:57:05.666Z
DEMO-DEV-6642,87,2026-09-22T08:34:54.443Z
DEMO-DEV-6669,87,2026-09-27T11:21:52.692Z
DEMO-DEV-6722,87,2026-09-29T01:23:20.843Z
DEMO-DEV-6776,87,2026-09-21T11:49:01.976Z
DEMO-DEV-6805,87,2026-09-29T02:08:54.870Z
DEMO-DEV-6821,87,2026-09-05T17:46:24.192Z
DEMO-DEV-6878,87,2026-09-14T20:03:35.253Z
DEMO-DEV-6888,87,2026-09-23T07:17:20.302Z
DEMO-DEV-6893,87,2026-08-08T04:00:07.167Z
DEMO-DEV-6917,87,2026-08-21T06:34:02.027Z
DEMO-DEV-6925,87,2026-07-30T05:07:58.816Z
DEMO-DEV-6935,87,2026-09-28T09:54:57.557Z
DEMO-DEV-6949,87,2026-09-24T15:59:49.160Z
DEMO-DEV-6953,87,2026-09-29T16:34:55.867Z
DEMO-DEV-6998,87,2026-09-14T11:34:36.836Z
DEMO-DEV-7005,87,2026-09-15T02:22:42.785Z
DEMO-DEV-7030,87,2026-09-14T13:20:05.799Z
DEMO-DEV-7051,87,2026-09-27T03:14:18.714Z
DEMO-DEV-7109,87,2026-09-13T15:05:08.913Z
DEMO-DEV-7123,87,2026-09-29T20:37:30.738Z
DEMO-DEV-7125,87,2026-07-04T03:10:14.370Z
DEMO-DEV-7184,87,2026-09-24T19:25:27.646Z
DEMO-DEV-7206,87,2026-09-10T07:49:32.816Z
DEMO-DEV-7242,87,2026-09-21T09:09:27.415Z
DEMO-DEV-7300,87,2026-09-15T09:28:06.298Z
DEMO-DEV-7317,87,2026-08-28T22:40:56.221Z
DEMO-DEV-7340,87,2026-09-22T06:30:55.023Z
DEMO-DEV-7456,87,2026-09-24T13:57:50.655Z
DEMO-DEV-7507,87,2026-08-24T11:22:14.825Z
DEMO-DEV-7551,87,2026-09-29T22:15:16.268Z
DEMO-DEV-7580,87,2026-09-13T15:01:02.618Z
DEMO-DEV-7656,87,2026-08-31T21:28:14.138Z
DEMO-DEV-7665,87,2026-09-04T21:37:05.584Z
DEMO-DEV-7688,87,2026-08-30T07:12:04.793Z
DEMO-DEV-7689,87,2026-09-15T06:02:25.397Z
DEMO-DEV-7706,87,2026-09-09T17:58:43.300Z
DEMO-DEV-7777,87,2026-08-17T05:03:06.203Z
DEMO-DEV-7812,87,2026-09-18T12:01:03.442Z
DEMO-DEV-7852,87,2026-09-25T21:02:40.394Z
DEMO-DEV-7900,87,2026-09-21T17:20:53.612Z
DEMO-DEV-7907,87,2026-08-13T07:13:20.254Z
DEMO-DEV-7910,87,2026-09-21T08:16:40.646Z
DEMO-DEV-7911,87,2026-09-28T01:06:26.784Z
DEMO-DEV-8111,87,2026-09-21T00:49:26.443Z
DEMO-DEV-8130,87,2026-08-30T18:22:46.692Z
DEMO-DEV-8151,87,2026-09-25T14:01:18.302Z
DEMO-DEV-8158,87,2026-09-20T10:18:23.253Z
DEMO-DEV-8197,87,2026-08-30T18:15:21.885Z
DEMO-DEV-8254,87,2026-09-30T05:56:44.268Z
DEMO-DEV-8275,87,2026-09-14T13:22:27.391Z
DEMO-DEV-8318,87,2026-08-18T15:13:49.236Z
DEMO-DEV-8379,87,2026-09-16T07:03:34.045Z
DEMO-DEV-8414,87,2026-07-31T13:49:51.287Z
DEMO-DEV-8441,87,2026-09-01T05:45:42.929Z
DEMO-DEV-8499,87,2026-07-22T03:09:01.123Z
DEMO-DEV-8533,87,2026-08-23T17:28:46.537Z
DEMO-DEV-8571,87,2026-09-14T21:28:23.976Z
DEMO-DEV-8577,87,2026-08-29T05:33:17.968Z
DEMO-DEV-8595,87,2026-09-23T12:00:40.027Z
DEMO-DEV-8631,87,2026-09-30T07:18:08.950Z
DEMO-DEV-8672,87,2026-09-22T18:14:49.865Z
DEMO-DEV-8708,87,2026-08-13T17:00:58.024Z
DEMO-DEV-8793,87,2026-09-27T06:32:00.368Z
DEMO-DEV-8806,87,2026-09-18T17:27:05.752Z
DEMO-DEV-8828,87,2026-09-25T23:35:32.993Z
DEMO-DEV-8865,87,2026-09-17T09:29:38.859Z
DEMO-DEV-8924,87,2026-09-18T21:02:59.390Z
DEMO-DEV-8957,87,2026-09-28T10:29:13.968Z
DEMO-DEV-8958,87,2026-09-27T02:42:18.868Z
DEMO-DEV-8978,87,2026-09-23T20:48:28.315Z
DEMO-DEV-9031,87,2026-09-28T15:30:52.668Z
DEMO-DEV-9043,87,2026-08-26T00:55:21.754Z
DEMO-DEV-9085,87,2026-09-30T00:29:52.370Z
DEMO-DEV-9116,87,2026-09-29T19:48:22.183Z
DEMO-DEV-9126,87,2026-09-27T19:28:29.090Z
DEMO-DEV-9276,87,2026-09-23T16:43:49.795Z
DEMO-DEV-9354,87,2026-09-26T10:25:54.915Z
DEMO-DEV-9406,87,2026-09-19T02:40:54.172Z
DEMO-DEV-9408,87,2026-09-01T17:52:16.172Z
DEMO-DEV-9448,87,2026-09-20T10:33:54.867Z
DEMO-DEV-9473,87,2026-09-26T11:43:45.804Z
DEMO-DEV-9525,87,2026-09-28T17:27:20.824Z
DEMO-DEV-9557,87,2026-09-15T00:55:36.929Z
DEMO-DEV-9560,87,2026-09-14T16:24:11.368Z
DEMO-DEV-9609,87,2026-09-29T14:03:54.873Z
DEMO-DEV-9612,87,2026-09-25T06:17:47.816Z
DEMO-DEV-9677,87,2026-09-20T18:44:37.226Z
DEMO-DEV-9710,87,2026-09-26T21:57:22.851Z
DEMO-DEV-9729,87,2026-09-30T04:41:56.682Z
DEMO-DEV-9763,87,2026-08-11T11:57:54.969Z
DEMO-DEV-9804,87,2026-08-17T09:55:05.236Z
DEMO-DEV-9868,87,2026-09-24T04:23:16.003Z
DEMO-DEV-0013,86,2026-09-30T13:48:52.717Z
DEMO-DEV-0052,86,2026-09-05T09:16:32.225Z
DEMO-DEV-0119,86,2026-09-11T15:00:23.503Z
DEMO-DEV-0311,86,2026-09-26T13:43:58.236Z
DEMO-DEV-0358,86,2026-08-28T04:51:09.183Z
DEMO-DEV-0410,86,2026-09-21T14:04:05.987Z
DEMO-DEV-0449,86,2026-09-22T17:52:44.470Z
DEMO-DEV-0519,86,2026-08-24T05:31:36.470Z
DEMO-DEV-0536,86,2026-09-25T16:11:08.792Z
DEMO-DEV-0570,86,2026-09-26T04:25:41.352Z
DEMO-DEV-0596,86,2026-09-14T05:20:58.232Z
DEMO-DEV-0600,86,2026-09-29T23:11:17.568Z
DEMO-DEV-0648,86,2026-09-21T06:15:32.836Z
DEMO-DEV-0797,86,2026-09-20T11:48:59.653Z
DEMO-DEV-0805,86,2026-09-19T01:36:29.786Z
DEMO-DEV-0876,86,2026-08-10T08:36:28.287Z
DEMO-DEV-0927,86,2026-08-22T14:05:07.727Z
DEMO-DEV-0942,86,2026-09-28T04:08:27.120Z
DEMO-DEV-0968,86,2026-09-16T08:13:52.087Z
DEMO-DEV-1028,86,2026-09-26T03:39:28.167Z
DEMO-DEV-1063,86,2026-09-25T22:39:30.607Z
DEMO-DEV-1133,86,2026-09-17T14:23:19.646Z
DEMO-DEV-1203,86,2026-09-19T07:58:42.238Z
DEMO-DEV-1216,86,2026-09-23T10:10:20.682Z
DEMO-DEV-1255,86,2026-09-29T12:16:40.511Z
DEMO-DEV-1372,86,2026-09-09T00:26:45.073Z
DEMO-DEV-1373,86,2026-09-06T19:17:45.639Z
DEMO-DEV-1380,86,2026-09-26T21:07:17.167Z
DEMO-DEV-1427,86,2026-09-25T06:58:29.300Z
DEMO-DEV-1509,86,2026-08-22T14:32:21.929Z
DEMO-DEV-1529,86,2026-09-26T09:15:46.222Z
DEMO-DEV-1635,86,2026-09-22T20:26:12.865Z
DEMO-DEV-1639,86,2026-08-04T16:07:23.976Z
DEMO-DEV-1649,86,2026-09-18T20:21:27.682Z
DEMO-DEV-1708,86,2026-09-03T01:23:14.308Z
DEMO-DEV-1742,86,2026-09-27T17:02:21.915Z
DEMO-DEV-1865,86,2026-09-29T12:05:54.120Z
DEMO-DEV-1990,86,2026-09-01T21:59:55.319Z
DEMO-DEV-2207,86,2026-07-31T08:50:48.877Z
DEMO-DEV-2251,86,2026-09-24T10:34:00.015Z
DEMO-DEV-2288,86,2026-09-20T16:06:39.302Z
DEMO-DEV-2398,86,2026-08-20T23:43:58.842Z
DEMO-DEV-2419,86,2026-09-22T00:52:17.337Z
DEMO-DEV-2474,86,2026-09-28T23:32:01.205Z
DEMO-DEV-2485,86,2026-09-25T05:39:46.503Z
DEMO-DEV-2495,86,2026-09-26T08:54:40.087Z
DEMO-DEV-2608,86,2026-09-17T00:42:07.868Z
DEMO-DEV-2623,86,2026-09-28T15:30:51.839Z
DEMO-DEV-2639,86,2026-09-20T22:11:10.841Z
DEMO-DEV-2647,86,2026-09-11T08:10:29.816Z
DEMO-DEV-2676,86,2026-09-18T16:54:02.319Z
DEMO-DEV-2684,86,2026-09-29T05:43:21.974Z
DEMO-DEV-2693,86,2026-09-28T19:05:07.080Z
DEMO-DEV-2756,86,2026-09-19T05:56:30.443Z
DEMO-DEV-2794,86,2026-08-20T17:45:51.653Z
DEMO-DEV-2856,86,2026-08-26T00:46:50.455Z
DEMO-DEV-2858,86,2026-09-23T10:55:15.738Z
DEMO-DEV-2900,86,2026-09-26T18:18:28.218Z
DEMO-DEV-2910,86,2026-09-20T13:10:45.123Z
DEMO-DEV-3114,86,2026-09-23T15:50:20.646Z
DEMO-DEV-3150,86,2026-08-27T03:19:25.523Z
DEMO-DEV-3167,86,2026-09-22T20:26:35.993Z
DEMO-DEV-3212,86,2026-09-11T01:08:05.302Z
DEMO-DEV-3233,86,2026-09-18T10:07:31.165Z
DEMO-DEV-3260,86,2026-09-14T18:38:38.537Z
DEMO-DEV-3265,86,2026-09-27T06:40:41.792Z
DEMO-DEV-3268,86,2026-08-31T18:58:55.765Z
DEMO-DEV-3321,86,2026-09-14T13:45:56.555Z
DEMO-DEV-3428,86,2026-09-06T01:37:23.190Z
DEMO-DEV-3435,86,2026-09-01T17:53:57.308Z
DEMO-DEV-3444,86,2026-09-29T11:03:38.370Z
DEMO-DEV-3479,86,2026-09-27T03:11:07.442Z
DEMO-DEV-3559,86,2026-09-11T17:36:38.254Z
DEMO-DEV-3574,86,2026-09-18T02:24:08.003Z
DEMO-DEV-3621,86,2026-09-02T08:12:37.948Z
DEMO-DEV-3633,86,2026-08-28T18:34:32.298Z
DEMO-DEV-3639,86,2026-09-15T13:49:13.714Z
DEMO-DEV-3690,86,2026-09-08T15:20:46.308Z
DEMO-DEV-3774,86,2026-09-12T05:51:13.879Z
DEMO-DEV-3792,86,2026-09-18T05:13:30.238Z
DEMO-DEV-3811,86,2026-08-08T03:15:17.710Z
DEMO-DEV-3824,86,2026-08-30T16:32:57.500Z
DEMO-DEV-3874,86,2026-09-27T09:01:21.765Z
DEMO-DEV-3876,86,2026-09-18T23:48:35.599Z
DEMO-DEV-3893,86,2026-08-25T10:37:56.208Z
DEMO-DEV-3911,86,2026-09-16T20:28:07.161Z
DEMO-DEV-3924,86,2026-09-25T14:39:36.864Z
DEMO-DEV-3971,86,2026-09-22T22:32:37.352Z
DEMO-DEV-4003,86,2026-09-17T20:00:28.612Z
DEMO-DEV-4021,86,2026-09-17T02:50:47.500Z
DEMO-DEV-4086,86,2026-08-28T15:45:04.397Z
DEMO-DEV-4178,86,2026-09-23T15:49:52.985Z
DEMO-DEV-4186,86,2026-09-19T20:51:42.026Z
DEMO-DEV-4266,86,2026-09-25T22:15:02.974Z
DEMO-DEV-4288,86,2026-09-03T16:42:47.337Z
DEMO-DEV-4354,86,2026-09-22T06:50:29.190Z
DEMO-DEV-4373,86,2026-09-23T05:10:52.291Z
DEMO-DEV-4423,86,2026-08-26T14:40:44.785Z
DEMO-DEV-4450,86,2026-08-18T09:15:25.865Z
DEMO-DEV-4488,86,2026-09-22T05:54:12.661Z
DEMO-DEV-4494,86,2026-09-05T05:19:29.816Z
DEMO-DEV-4498,86,2026-09-21T09:08:27.246Z
DEMO-DEV-4541,86,2026-09-15T07:04:34.519Z
DEMO-DEV-4545,86,2026-09-28T10:19:12.224Z
DEMO-DEV-4571,86,2026-08-29T23:40:24.658Z
DEMO-DEV-4667,86,2026-09-29T05:06:23.851Z
DEMO-DEV-4769,86,2026-09-25T06:03:40.557Z
DEMO-DEV-4800,86,2026-09-28T00:23:05.605Z
DEMO-DEV-4810,86,2026-09-27T12:32:51.867Z
DEMO-DEV-4821,86,2026-09-25T04:38:11.987Z
DEMO-DEV-4824,86,2026-09-29T00:44:01.653Z
DEMO-DEV-4897,86,2026-09-25T22:42:43.817Z
DEMO-DEV-4944,86,2026-09-20T20:29:14.607Z
DEMO-DEV-4953,86,2026-09-23T03:35:30.965Z
DEMO-DEV-4957,86,2026-09-13T12:54:29.591Z
DEMO-DEV-4971,86,2026-09-22T02:25:30.365Z
DEMO-DEV-5021,86,2026-09-22T23:10:29.948Z
DEMO-DEV-5081,86,2026-09-23T05:43:36.319Z
DEMO-DEV-5200,86,2026-09-13T14:20:58.045Z
DEMO-DEV-5232,86,2026-09-19T05:32:16.443Z
DEMO-DEV-5247,86,2026-09-28T15:52:00.497Z
DEMO-DEV-5293,86,2026-09-18T01:18:40.415Z
DEMO-DEV-5388,86,2026-09-22T21:18:56.799Z
DEMO-DEV-5395,86,2026-09-04T15:46:10.087Z
DEMO-DEV-5443,86,2026-08-31T21:58:57.524Z
DEMO-DEV-5448,86,2026-09-20T06:59:18.442Z
DEMO-DEV-5452,86,2026-08-26T00:35:53.692Z
DEMO-DEV-5543,86,2026-09-26T10:15:41.325Z
DEMO-DEV-5547,86,2026-09-05T02:53:02.841Z
DEMO-DEV-5588,86,2026-09-24T06:15:00.535Z
DEMO-DEV-5608,86,2026-09-23T06:20:12.646Z
DEMO-DEV-5659,86,2026-09-22T14:14:23.219Z
DEMO-DEV-5712,86,2026-09-29T06:30:19.354Z
DEMO-DEV-5753,86,2026-09-24T10:36:00.068Z
DEMO-DEV-5801,86,2026-09-21T23:59:52.037Z
DEMO-DEV-5812,86,2026-09-08T18:39:18.929Z
DEMO-DEV-5864,86,2026-09-26T00:12:05.252Z
DEMO-DEV-5978,86,2026-08-30T18:19:17.315Z
DEMO-DEV-6004,86,2026-09-28T07:32:52.639Z
DEMO-DEV-6029,86,2026-09-26T19:36:44.368Z
DEMO-DEV-6038,86,2026-09-25T22:07:28.021Z
DEMO-DEV-6041,86,2026-09-25T09:26:24.211Z
DEMO-DEV-6093,86,2026-09-15T10:38:15.397Z
DEMO-DEV-6108,86,2026-08-15T10:11:39.966Z
DEMO-DEV-6139,86,2026-09-29T11:34:02.455Z
DEMO-DEV-6151,86,2026-09-27T10:08:26.524Z
DEMO-DEV-6193,86,2026-09-20T11:33:13.735Z
DEMO-DEV-6255,86,2026-09-16T19:20:09.987Z
DEMO-DEV-6329,86,2026-09-25T11:52:54.668Z
DEMO-DEV-6367,86,2026-09-21T06:17:07.192Z
DEMO-DEV-6384,86,2026-09-26T14:38:00.639Z
DEMO-DEV-6424,86,2026-09-17T15:03:49.221Z
DEMO-DEV-6489,86,2026-09-28T23:12:52.204Z
DEMO-DEV-6533,86,2026-09-18T08:52:10.315Z
DEMO-DEV-6553,86,2026-09-22T03:13:16.415Z
DEMO-DEV-6560,86,2026-09-15T04:43:01.120Z
DEMO-DEV-6633,86,2026-09-28T08:51:54.238Z
DEMO-DEV-6684,86,2026-08-30T04:44:28.226Z
DEMO-DEV-6751,86,2026-08-31T11:28:00.778Z
DEMO-DEV-7003,86,2026-09-13T21:46:15.765Z
DEMO-DEV-7025,86,2026-09-24T11:50:35.123Z
DEMO-DEV-7082,86,2026-09-26T05:00:30.354Z
DEMO-DEV-7114,86,2026-09-26T22:10:05.974Z
DEMO-DEV-7148,86,2026-09-14T14:14:55.288Z
DEMO-DEV-7195,86,2026-09-07T06:00:09.352Z
DEMO-DEV-7348,86,2026-09-28T00:18:41.803Z
DEMO-DEV-7407,86,2026-09-16T08:11:00.027Z
DEMO-DEV-7418,86,2026-09-01T09:54:50.607Z
DEMO-DEV-7432,86,2026-09-26T19:42:37.607Z
DEMO-DEV-7461,86,2026-08-09T05:30:41.785Z
DEMO-DEV-7478,86,2026-09-17T10:35:21.915Z
DEMO-DEV-7541,86,2026-07-06T21:19:36.968Z
DEMO-DEV-7556,86,2026-09-29T01:30:10.190Z
DEMO-DEV-7583,86,2026-09-19T22:53:01.597Z
DEMO-DEV-7584,86,2026-08-29T17:34:08.597Z
DEMO-DEV-7639,86,2026-08-30T20:59:34.555Z
DEMO-DEV-7687,86,2026-09-07T08:19:45.391Z
DEMO-DEV-7717,86,2026-09-14T19:04:07.211Z
DEMO-DEV-7741,86,2026-08-26T21:49:02.337Z
DEMO-DEV-7757,86,2026-08-27T17:25:54.234Z
DEMO-DEV-7832,86,2026-09-21T09:13:18.993Z
DEMO-DEV-7893,86,2026-09-15T04:15:39.232Z
DEMO-DEV-7978,86,2026-09-18T09:03:04.319Z
DEMO-DEV-8007,86,2026-09-28T00:45:44.038Z
DEMO-DEV-8012,86,2026-09-21T11:59:44.688Z
DEMO-DEV-8101,86,2026-09-22T00:12:38.968Z
DEMO-DEV-8251,86,2026-09-15T14:26:52.239Z
DEMO-DEV-8283,86,2026-09-30T01:21:23.612Z
DEMO-DEV-8349,86,2026-09-14T05:19:26.211Z
DEMO-DEV-8422,86,2026-09-25T18:54:44.354Z
DEMO-DEV-8557,86,2026-09-17T00:16:29.825Z
DEMO-DEV-8619,86,2026-09-12T21:25:54.599Z
DEMO-DEV-8746,86,2026-08-27T05:40:06.004Z
DEMO-DEV-8838,86,2026-09-28T04:12:28.219Z
DEMO-DEV-8855,86,2026-09-27T07:12:48.352Z
DEMO-DEV-8885,86,2026-08-27T04:05:17.868Z
DEMO-DEV-8967,86,2026-09-24T21:26:14.884Z
DEMO-DEV-9014,86,2026-09-03T19:59:33.778Z
DEMO-DEV-9029,86,2026-09-25T06:23:20.754Z
DEMO-DEV-9170,86,2026-09-07T01:38:36.365Z
DEMO-DEV-9277,86,2026-09-23T06:08:30.992Z
DEMO-DEV-9293,86,2026-08-26T16:15:26.816Z
DEMO-DEV-9385,86,2026-09-13T16:33:54.315Z
DEMO-DEV-9490,86,2026-09-29T14:11:25.370Z
DEMO-DEV-9590,86,2026-09-27T05:17:56.782Z
DEMO-DEV-9636,86,2026-09-17T00:27:39.073Z
DEMO-DEV-9653,86,2026-09-14T19:10:31.470Z
DEMO-DEV-9724,86,2026-09-25T07:59:58.974Z
DEMO-DEV-9798,86,2026-09-05T18:50:45.161Z
DEMO-DEV-9813,86,2026-09-30T05:49:32.505Z
DEMO-DEV-9944,86,2026-09-29T11:38:56.075Z
DEMO-DEV-9964,86,2026-09-28T01:27:36.605Z
DEMO-DEV-9981,86,2026-09-25T12:53:54.867Z
DEMO-DEV-0152,85,2026-09-23T04:19:25.714Z
DEMO-DEV-0180,85,2026-09-24T04:00:28.817Z
DEMO-DEV-0251,85,2026-09-01T11:41:49.969Z
DEMO-DEV-0377,85,2026-09-25T13:32:39.891Z
DEMO-DEV-0630,85,2026-09-10T03:12:49.352Z
DEMO-DEV-0687,85,2026-09-09T11:09:12.402Z
DEMO-DEV-0716,85,2026-09-29T13:03:41.455Z
DEMO-DEV-0768,85,2026-09-04T05:24:06.989Z
DEMO-DEV-0775,85,2026-09-09T11:40:04.428Z
DEMO-DEV-0843,85,2026-09-17T12:13:15.752Z
DEMO-DEV-0867,85,2026-09-20T21:00:14.735Z
DEMO-DEV-0877,85,2026-09-26T11:59:04.211Z
DEMO-DEV-0952,85,2026-09-29T10:22:46.203Z
DEMO-DEV-1054,85,2026-09-28T22:26:19.239Z
DEMO-DEV-1096,85,2026-09-09T21:27:45.226Z
DEMO-DEV-1117,85,2026-09-17T20:23:18.319Z
DEMO-DEV-1168,85,2026-09-01T20:43:37.352Z
DEMO-DEV-1173,85,2026-09-29T00:56:19.865Z
DEMO-DEV-1199,85,2026-09-08T18:58:57.325Z
DEMO-DEV-1247,85,2026-09-15T02:03:21.366Z
DEMO-DEV-1316,85,2026-09-30T01:40:50.676Z
DEMO-DEV-1354,85,2026-09-12T21:49:04.824Z
DEMO-DEV-1477,85,2026-09-27T10:01:39.597Z
DEMO-DEV-1482,85,2026-09-27T22:32:41.584Z
DEMO-DEV-1489,85,2026-09-28T22:13:53.752Z
DEMO-DEV-1503,85,2026-09-26T06:28:56.556Z
DEMO-DEV-1608,85,2026-08-03T17:58:23.735Z
DEMO-DEV-1768,85,2026-08-08T04:20:23.985Z
DEMO-DEV-1806,85,2026-09-23T21:10:22.366Z
DEMO-DEV-1808,85,2026-09-14T04:12:06.289Z
DEMO-DEV-1901,85,2026-09-21T19:56:32.470Z
DEMO-DEV-1914,85,2026-09-28T17:27:31.727Z
DEMO-DEV-1919,85,2026-09-20T20:14:11.646Z
DEMO-DEV-1929,85,2026-09-23T12:39:04.519Z
DEMO-DEV-1953,85,2026-09-14T04:57:37.090Z
DEMO-DEV-1997,85,2026-09-28T04:19:50.702Z
DEMO-DEV-2009,85,2026-09-15T06:30:50.793Z
DEMO-DEV-2015,85,2026-09-24T03:47:33.160Z
DEMO-DEV-2113,85,2026-09-18T14:38:38.063Z
DEMO-DEV-2148,85,2026-09-22T00:22:14.682Z
DEMO-DEV-2215,85,2026-09-05T20:00:47.863Z
DEMO-DEV-2231,85,2026-09-19T18:39:51.666Z
DEMO-DEV-2256,85,2026-09-27T09:44:43.892Z
DEMO-DEV-2306,85,2026-08-27T12:21:17.442Z
DEMO-DEV-2338,85,2026-09-26T10:23:22.785Z
DEMO-DEV-2362,85,2026-09-28T20:17:23.513Z
DEMO-DEV-2380,85,2026-09-29T08:46:18.976Z
DEMO-DEV-2425,85,2026-09-23T16:00:01.799Z
DEMO-DEV-2441,85,2026-09-25T17:26:35.719Z
DEMO-DEV-2443,85,2026-09-09T06:07:21.605Z
DEMO-DEV-2471,85,2026-09-24T11:20:38.026Z
DEMO-DEV-2472,85,2026-09-18T06:07:38.004Z
DEMO-DEV-2514,85,2026-09-15T08:20:37.891Z
DEMO-DEV-2811,85,2026-09-22T10:29:58.190Z
DEMO-DEV-2889,85,2026-09-28T00:53:08.225Z
DEMO-DEV-3050,85,2026-09-25T20:45:06.618Z
DEMO-DEV-3103,85,2026-09-05T22:25:27.120Z
DEMO-DEV-3128,85,2026-09-08T20:46:45.682Z
DEMO-DEV-3129,85,2026-09-28T23:57:55.239Z
DEMO-DEV-3141,85,2026-09-18T07:41:30.208Z
DEMO-DEV-3145,85,2026-09-28T21:44:19.402Z
DEMO-DEV-3223,85,2026-09-12T03:48:16.325Z
DEMO-DEV-3224,85,2026-09-23T14:17:23.892Z
DEMO-DEV-3232,85,2026-09-13T07:12:45.302Z
DEMO-DEV-3261,85,2026-09-28T06:43:31.428Z
DEMO-DEV-3278,85,2026-09-12T15:11:04.968Z
DEMO-DEV-3297,85,2026-09-27T11:46:50.167Z
DEMO-DEV-3319,85,2026-09-27T15:28:08.224Z
DEMO-DEV-3392,85,2026-08-23T22:26:46.639Z
DEMO-DEV-3464,85,2026-09-21T14:08:40.462Z
DEMO-DEV-3522,85,2026-07-27T03:29:28.557Z
DEMO-DEV-3526,85,2026-09-24T03:10:01.045Z
DEMO-DEV-3537,85,2026-09-27T10:30:42.885Z
DEMO-DEV-3546,85,2026-09-24T03:21:53.989Z
DEMO-DEV-3561,85,2026-09-28T01:41:13.851Z
DEMO-DEV-3636,85,2026-09-13T12:36:16.646Z
DEMO-DEV-3637,85,2026-09-27T17:29:13.661Z
DEMO-DEV-3652,85,2026-08-31T16:56:30.238Z
DEMO-DEV-3672,85,2026-09-25T02:43:30.165Z
DEMO-DEV-3738,85,2026-09-28T18:06:54.655Z
DEMO-DEV-3742,85,2026-09-16T18:21:35.415Z
DEMO-DEV-3830,85,2026-08-28T06:41:59.993Z
DEMO-DEV-3844,85,2026-09-27T19:48:19.315Z
DEMO-DEV-3954,85,2026-09-21T05:41:54.765Z
DEMO-DEV-3962,85,2026-09-19T16:38:33.023Z
DEMO-DEV-3984,85,2026-09-05T21:57:35.319Z
DEMO-DEV-4001,85,2026-08-24T21:20:20.466Z
DEMO-DEV-4083,85,2026-09-22T03:34:07.612Z
DEMO-DEV-4183,85,2026-09-27T08:47:52.661Z
DEMO-DEV-4220,85,2026-09-19T12:39:18.315Z
DEMO-DEV-4307,85,2026-09-23T02:03:05.394Z
DEMO-DEV-4329,85,2026-09-24T14:55:26.394Z
DEMO-DEV-4379,85,2026-09-27T10:42:31.026Z
DEMO-DEV-4434,85,2026-09-22T23:55:46.719Z
DEMO-DEV-4478,85,2026-09-16T18:18:43.080Z
DEMO-DEV-4536,85,2026-09-12T05:27:26.063Z
DEMO-DEV-4560,85,2026-09-29T03:50:52.614Z
DEMO-DEV-4604,85,2026-09-13T12:13:34.063Z
DEMO-DEV-4645,85,2026-09-21T23:51:21.885Z
DEMO-DEV-4786,85,2026-09-22T21:25:49.584Z
DEMO-DEV-4819,85,2026-09-29T22:27:44.985Z
DEMO-DEV-4862,85,2026-08-20T04:33:44.455Z
DEMO-DEV-5010,85,2026-08-03T09:13:24.337Z
DEMO-DEV-5072,85,2026-08-08T19:20:52.319Z
DEMO-DEV-5097,85,2026-09-29T06:58:51.172Z
DEMO-DEV-5111,85,2026-09-17T13:55:49.428Z
DEMO-DEV-5234,85,2026-09-26T16:45:47.799Z
DEMO-DEV-5235,85,2026-09-26T22:34:25.782Z
DEMO-DEV-5266,85,2026-09-24T09:01:11.460Z
DEMO-DEV-5276,85,2026-08-27T21:35:53.612Z
DEMO-DEV-5360,85,2026-09-26T14:15:50.976Z
DEMO-DEV-5377,85,2026-09-29T00:02:21.568Z
DEMO-DEV-5479,85,2026-09-25T21:53:37.666Z
DEMO-DEV-5517,85,2026-08-27T03:54:22.793Z
DEMO-DEV-5558,85,2026-09-26T01:52:57.319Z
DEMO-DEV-5654,85,2026-09-25T21:07:42.891Z
DEMO-DEV-5684,85,2026-09-25T03:43:18.527Z
DEMO-DEV-5734,85,2026-09-28T01:22:59.676Z
DEMO-DEV-5736,85,2026-09-03T16:25:40.230Z
DEMO-DEV-5771,85,2026-08-23T04:18:24.929Z
DEMO-DEV-5796,85,2026-09-06T23:46:05.843Z
DEMO-DEV-5829,85,2026-06-25T14:15:30.639Z
DEMO-DEV-5855,85,2026-09-30T05:47:17.455Z
DEMO-DEV-5861,85,2026-09-11T07:51:48.527Z
DEMO-DEV-5881,85,2026-09-24T20:27:47.308Z
DEMO-DEV-6071,85,2026-08-30T15:35:47.172Z
DEMO-DEV-6073,85,2026-09-28T22:10:25.863Z
DEMO-DEV-6082,85,2026-09-19T19:24:20.403Z
DEMO-DEV-6207,85,2026-09-27T03:32:11.493Z
DEMO-DEV-6237,85,2026-09-26T12:26:07.068Z
DEMO-DEV-6304,85,2026-09-02T03:35:58.354Z
DEMO-DEV-6336,85,2026-09-29T00:21:46.165Z
DEMO-DEV-6361,85,2026-09-16T22:55:47.868Z
DEMO-DEV-6485,85,2026-09-17T03:43:09.472Z
DEMO-DEV-6610,85,2026-09-22T17:21:46.230Z
DEMO-DEV-6631,85,2026-07-22T16:51:36.816Z
DEMO-DEV-6657,85,2026-09-18T19:49:17.354Z
DEMO-DEV-6658,85,2026-09-27T06:20:41.864Z
DEMO-DEV-6663,85,2026-09-29T01:28:10.778Z
DEMO-DEV-6676,85,2026-09-12T20:20:05.500Z
DEMO-DEV-6711,85,2026-09-25T13:19:57.357Z
DEMO-DEV-6790,85,2026-09-08T10:12:51.442Z
DEMO-DEV-6793,85,2026-08-19T15:07:16.150Z
DEMO-DEV-6796,85,2026-09-18T17:24:18.021Z
DEMO-DEV-6822,85,2026-09-10T22:16:17.557Z
DEMO-DEV-6886,85,2026-09-29T09:28:43.870Z
DEMO-DEV-6910,85,2026-09-10T21:41:10.556Z
DEMO-DEV-6920,85,2026-09-14T03:23:33.354Z
DEMO-DEV-6956,85,2026-09-25T05:24:55.123Z
DEMO-DEV-7014,85,2026-09-26T05:41:26.765Z
DEMO-DEV-7063,85,2026-09-07T17:13:29.203Z
DEMO-DEV-7084,85,2026-09-26T11:43:35.778Z
DEMO-DEV-7093,85,2026-09-12T08:21:31.366Z
DEMO-DEV-7108,85,2026-09-29T04:49:47.793Z
DEMO-DEV-7112,85,2026-09-27T15:59:30.817Z
DEMO-DEV-7244,85,2026-09-14T12:08:25.003Z
DEMO-DEV-7246,85,2026-09-11T03:22:29.063Z
DEMO-DEV-7349,85,2026-09-22T18:22:43.727Z
DEMO-DEV-7393,85,2026-08-08T16:36:10.004Z
DEMO-DEV-7402,85,2026-09-28T19:34:43.250Z
DEMO-DEV-7484,85,2026-09-29T15:48:04.230Z
DEMO-DEV-7492,85,2026-09-29T19:13:59.003Z
DEMO-DEV-7607,85,2026-09-09T21:40:16.466Z
DEMO-DEV-7614,85,2026-09-19T11:32:29.370Z
DEMO-DEV-7725,85,2026-09-28T08:47:09.246Z
DEMO-DEV-7813,85,2026-09-19T13:38:07.816Z
DEMO-DEV-7854,85,2026-09-26T17:51:31.015Z
DEMO-DEV-7861,85,2026-08-13T22:40:47.168Z
DEMO-DEV-7950,85,2026-09-29T07:31:50.597Z
DEMO-DEV-7963,85,2026-09-16T00:38:12.337Z
DEMO-DEV-8172,85,2026-09-08T19:57:34.365Z
DEMO-DEV-8188,85,2026-09-19T10:54:18.004Z
DEMO-DEV-8203,85,2026-09-08T01:49:59.203Z
DEMO-DEV-8238,85,2026-09-23T19:06:19.204Z
DEMO-DEV-8272,85,2026-08-15T02:28:51.038Z
DEMO-DEV-8281,85,2026-09-30T04:32:25.239Z
DEMO-DEV-8290,85,2026-09-25T08:07:15.948Z
DEMO-DEV-8311,85,2026-09-26T11:51:37.226Z
DEMO-DEV-8326,85,2026-09-28T12:20:23.455Z
DEMO-DEV-8395,85,2026-09-04T19:50:29.428Z
DEMO-DEV-8436,85,2026-09-27T09:17:09.354Z
DEMO-DEV-8519,85,2026-09-26T19:29:20.811Z
DEMO-DEV-8555,85,2026-08-11T07:30:49.557Z
DEMO-DEV-8565,85,2026-09-11T02:44:03.793Z
DEMO-DEV-8744,85,2026-09-26T18:09:05.993Z
DEMO-DEV-8762,85,2026-09-23T06:20:39.023Z
DEMO-DEV-8832,85,2026-09-16T01:35:45.811Z
DEMO-DEV-8903,85,2026-09-07T04:54:11.225Z
DEMO-DEV-8943,85,2026-09-09T09:44:29.403Z
DEMO-DEV-8952,85,2026-09-09T11:37:01.446Z
DEMO-DEV-9148,85,2026-09-29T17:46:37.867Z
DEMO-DEV-9201,85,2026-09-22T20:24:07.120Z
DEMO-DEV-9308,85,2026-09-23T19:53:11.992Z
DEMO-DEV-9314,85,2026-09-23T16:34:26.026Z
DEMO-DEV-9395,85,2026-09-05T05:32:17.879Z
DEMO-DEV-9396,85,2026-09-22T04:27:34.513Z
DEMO-DEV-9428,85,2026-09-01T17:07:52.172Z
DEMO-DEV-9492,85,2026-08-12T13:11:25.873Z
DEMO-DEV-9618,85,2026-09-22T13:52:15.428Z
DEMO-DEV-9662,85,2026-09-18T10:14:49.738Z
DEMO-DEV-9665,85,2026-09-27T01:15:42.636Z
DEMO-DEV-9666,85,2026-09-08T01:10:44.183Z
DEMO-DEV-9672,85,2026-09-26T01:57:17.298Z
DEMO-DEV-9688,85,2026-09-26T00:24:39.648Z
DEMO-DEV-9704,85,2026-09-29T05:13:39.073Z
DEMO-DEV-9713,85,2026-09-29T13:16:09.811Z
DEMO-DEV-9750,85,2026-09-19T07:14:49.391Z
DEMO-DEV-9753,85,2026-09-14T14:13:14.455Z
DEMO-DEV-9802,85,2026-08-30T14:21:46.045Z
DEMO-DEV-9807,85,2026-09-17T10:06:12.442Z
DEMO-DEV-9847,85,2026-09-17T15:09:19.966Z
DEMO-DEV-9877,85,2026-09-29T20:24:25.370Z
DEMO-DEV-9895,85,2026-09-03T06:35:41.246Z
DEMO-DEV-9914,85,2026-09-24T21:29:46.075Z
DEMO-DEV-9942,85,2026-09-26T12:25:36.040Z
DEMO-DEV-9998,85,2026-08-29T01:19:20.057Z
DEMO-DEV-0028,84,2026-09-22T07:19:20.167Z
DEMO-DEV-0040,84,2026-09-09T09:24:10.816Z
DEMO-DEV-0115,84,2026-09-21T06:06:56.120Z
DEMO-DEV-0122,84,2026-09-09T15:08:17.537Z
DEMO-DEV-0192,84,2026-09-23T09:37:32.692Z
DEMO-DEV-0200,84,2026-09-19T18:55:30.688Z
DEMO-DEV-0264,84,2026-09-10T21:32:49.508Z
DEMO-DEV-0302,84,2026-09-27T22:58:32.851Z
DEMO-DEV-0561,84,2026-09-19T06:54:26.075Z
DEMO-DEV-0571,84,2026-09-15T04:54:20.428Z
DEMO-DEV-0615,84,2026-09-25T12:29:03.366Z
DEMO-DEV-0679,84,2026-08-31T10:05:45.817Z
DEMO-DEV-0704,84,2026-09-28T01:04:12.205Z
DEMO-DEV-0715,84,2026-09-22T01:45:43.208Z
DEMO-DEV-0752,84,2026-09-03T05:37:59.168Z
DEMO-DEV-0772,84,2026-09-30T02:22:54.535Z
DEMO-DEV-0832,84,2026-09-27T08:13:48.466Z
DEMO-DEV-0920,84,2026-09-25T17:53:50.806Z
DEMO-DEV-0931,84,2026-09-23T09:20:37.555Z
DEMO-DEV-1026,84,2026-09-12T22:39:53.949Z
DEMO-DEV-1033,84,2026-09-14T15:12:28.892Z
DEMO-DEV-1057,84,2026-09-16T15:08:40.040Z
DEMO-DEV-1097,84,2026-09-25T08:46:34.387Z
DEMO-DEV-1129,84,2026-09-17T19:02:57.926Z
DEMO-DEV-1132,84,2026-09-29T01:56:24.173Z
DEMO-DEV-1136,84,2026-09-24T11:39:43.727Z
DEMO-DEV-1248,84,2026-09-11T23:29:18.655Z
DEMO-DEV-1258,84,2026-05-31T10:30:29.505Z
DEMO-DEV-1340,84,2026-09-15T02:04:56.040Z
DEMO-DEV-1347,84,2026-09-28T11:24:06.785Z
DEMO-DEV-1438,84,2026-09-28T05:41:47.291Z
DEMO-DEV-1451,84,2026-09-26T04:03:50.803Z
DEMO-DEV-1582,84,2026-09-01T04:50:30.676Z
DEMO-DEV-1664,84,2026-09-21T12:56:43.057Z
DEMO-DEV-1723,84,2026-09-12T19:49:40.584Z
DEMO-DEV-1751,84,2026-06-27T21:50:32.948Z
DEMO-DEV-1758,84,2026-09-11T17:25:26.966Z
DEMO-DEV-1856,84,2026-09-18T03:12:32.782Z
DEMO-DEV-1895,84,2026-09-15T20:55:50.497Z
DEMO-DEV-1927,84,2026-09-13T21:47:06.913Z
DEMO-DEV-1931,84,2026-09-05T15:26:48.710Z
DEMO-DEV-2056,84,2026-09-27T07:23:09.352Z
DEMO-DEV-2062,84,2026-09-29T09:16:45.836Z
DEMO-DEV-2100,84,2026-09-26T06:51:27.165Z
DEMO-DEV-2128,84,2026-09-18T21:59:11.527Z
DEMO-DEV-2187,84,2026-09-15T02:27:26.892Z
DEMO-DEV-2208,84,2026-09-27T08:02:41.568Z
DEMO-DEV-2223,84,2026-09-22T19:56:57.397Z
DEMO-DEV-2233,84,2026-09-24T16:35:12.080Z
DEMO-DEV-2475,84,2026-09-29T07:08:42.870Z
DEMO-DEV-2497,84,2026-09-25T22:43:00.668Z
DEMO-DEV-2507,84,2026-08-18T00:52:33.989Z
DEMO-DEV-2558,84,2026-09-09T19:20:32.719Z
DEMO-DEV-2568,84,2026-09-20T07:46:28.038Z
DEMO-DEV-2569,84,2026-09-29T23:07:45.668Z
DEMO-DEV-2632,84,2026-09-25T02:12:30.221Z
DEMO-DEV-2641,84,2026-09-24T23:35:50.045Z
DEMO-DEV-2652,84,2026-09-21T12:29:01.793Z
DEMO-DEV-2727,84,2026-08-24T15:22:02.345Z
DEMO-DEV-2864,84,2026-08-13T01:50:16.211Z
DEMO-DEV-2927,84,2026-09-28T04:38:21.298Z
DEMO-DEV-2940,84,2026-09-14T18:31:54.391Z
DEMO-DEV-2966,84,2026-08-06T02:00:30.974Z
DEMO-DEV-3003,84,2026-09-21T14:16:31.090Z
DEMO-DEV-3019,84,2026-09-22T07:49:09.068Z
DEMO-DEV-3026,84,2026-09-29T23:17:32.754Z
DEMO-DEV-3092,84,2026-09-22T18:41:17.462Z
DEMO-DEV-3101,84,2026-09-13T19:33:53.523Z
DEMO-DEV-3211,84,2026-09-25T18:58:23.319Z
DEMO-DEV-3328,84,2026-09-19T23:24:16.021Z
DEMO-DEV-3406,84,2026-09-25T20:31:49.816Z
DEMO-DEV-3425,84,2026-09-19T16:09:28.037Z
DEMO-DEV-3440,84,2026-09-17T14:55:12.470Z
DEMO-DEV-3448,84,2026-09-20T00:35:41.307Z
DEMO-DEV-3483,84,2026-08-30T13:49:58.075Z
DEMO-DEV-3492,84,2026-09-19T13:33:24.254Z
DEMO-DEV-3508,84,2026-09-09T18:53:50.839Z
DEMO-DEV-3568,84,2026-08-17T15:39:18.688Z
DEMO-DEV-3575,84,2026-09-19T16:32:28.370Z
DEMO-DEV-3611,84,2026-09-14T13:51:37.710Z
DEMO-DEV-3655,84,2026-09-29T05:45:50.950Z
DEMO-DEV-3681,84,2026-09-15T18:22:14.676Z
DEMO-DEV-3755,84,2026-09-15T12:59:57.948Z
DEMO-DEV-3766,84,2026-09-09T04:58:49.968Z
DEMO-DEV-3788,84,2026-09-13T07:37:42.992Z
DEMO-DEV-3815,84,2026-09-20T23:50:30.877Z
DEMO-DEV-3943,84,2026-09-22T12:11:36.415Z
DEMO-DEV-3973,84,2026-09-14T02:52:38.524Z
DEMO-DEV-4084,84,2026-09-21T00:57:58.403Z
DEMO-DEV-4088,84,2026-09-29T08:40:39.735Z
DEMO-DEV-4106,84,2026-08-27T02:33:09.867Z
DEMO-DEV-4109,84,2026-09-27T08:54:13.806Z
DEMO-DEV-4154,84,2026-09-26T10:35:28.038Z
DEMO-DEV-4156,84,2026-09-30T05:07:31.658Z
DEMO-DEV-4250,84,2026-09-01T16:07:58.302Z
DEMO-DEV-4353,84,2026-08-19T11:07:39.221Z
DEMO-DEV-4381,84,2026-09-25T16:51:57.714Z
DEMO-DEV-4429,84,2026-09-30T08:24:23.205Z
DEMO-DEV-4624,84,2026-09-10T14:00:00.648Z
DEMO-DEV-4688,84,2026-09-14T14:56:04.415Z
DEMO-DEV-4723,84,2026-09-13T15:14:38.804Z
DEMO-DEV-4748,84,2026-09-12T13:29:46.868Z
DEMO-DEV-4753,84,2026-08-30T16:01:36.555Z
DEMO-DEV-4763,84,2026-09-28T22:38:43.155Z
DEMO-DEV-4777,84,2026-09-25T04:39:35.397Z
DEMO-DEV-4792,84,2026-09-15T11:26:36.068Z
DEMO-DEV-4802,84,2026-08-27T21:37:27.397Z
DEMO-DEV-4883,84,2026-09-19T23:04:49.315Z
DEMO-DEV-4950,84,2026-09-24T21:30:32.915Z
DEMO-DEV-4963,84,2026-09-30T00:00:33.863Z
DEMO-DEV-4989,84,2026-09-22T16:40:38.246Z
DEMO-DEV-5003,84,2026-09-15T06:01:30.472Z
DEMO-DEV-5060,84,2026-09-06T13:02:09.239Z
DEMO-DEV-5165,84,2026-09-12T09:01:00.366Z
DEMO-DEV-5167,84,2026-09-14T05:34:53.291Z
DEMO-DEV-5194,84,2026-09-27T04:30:59.460Z
DEMO-DEV-5215,84,2026-09-27T07:12:18.161Z
DEMO-DEV-5231,84,2026-07-25T12:06:19.523Z
DEMO-DEV-5259,84,2026-08-25T04:51:23.264Z
DEMO-DEV-5263,84,2026-09-29T22:18:59.891Z
DEMO-DEV-5338,84,2026-09-27T19:10:26.655Z
DEMO-DEV-5382,84,2026-09-05T18:57:10.646Z
DEMO-DEV-5430,84,2026-09-26T17:14:21.503Z
DEMO-DEV-5460,84,2026-09-19T13:43:48.976Z
DEMO-DEV-5464,84,2026-09-12T22:45:46.692Z
DEMO-DEV-5519,84,2026-09-07T04:37:29.738Z
DEMO-DEV-5589,84,2026-09-26T15:27:32.885Z
DEMO-DEV-5711,84,2026-09-25T18:53:50.676Z
DEMO-DEV-5830,84,2026-09-29T19:07:34.068Z
DEMO-DEV-5896,84,2026-09-20T20:40:52.161Z
DEMO-DEV-5918,84,2026-09-14T01:36:07.846Z
DEMO-DEV-6107,84,2026-09-19T11:06:27.591Z
DEMO-DEV-6258,84,2026-09-27T15:15:12.976Z
DEMO-DEV-6311,84,2026-09-20T11:49:18.648Z
DEMO-DEV-6351,84,2026-08-30T01:54:32.460Z
DEMO-DEV-6357,84,2026-09-27T08:40:20.415Z
DEMO-DEV-6372,84,2026-09-17T10:55:29.868Z
DEMO-DEV-6441,84,2026-09-29T18:45:29.172Z
DEMO-DEV-6501,84,2026-09-12T04:43:53.885Z
DEMO-DEV-6608,84,2026-09-22T04:51:15.208Z
DEMO-DEV-6619,84,2026-09-16T00:25:16.948Z
DEMO-DEV-6637,84,2026-08-30T03:40:45.189Z
DEMO-DEV-6730,84,2026-07-31T14:17:23.738Z
DEMO-DEV-6758,84,2026-09-01T13:03:53.485Z
DEMO-DEV-6806,84,2026-09-18T02:55:16.719Z
DEMO-DEV-6866,84,2026-09-22T10:22:28.485Z
DEMO-DEV-6960,84,2026-09-21T06:01:51.370Z
DEMO-DEV-6964,84,2026-09-26T04:11:21.173Z
DEMO-DEV-7031,84,2026-09-21T06:42:42.870Z
DEMO-DEV-7074,84,2026-09-29T23:40:23.387Z
DEMO-DEV-7100,84,2026-07-24T03:08:42.415Z
DEMO-DEV-7111,84,2026-09-16T08:18:33.519Z
DEMO-DEV-7135,84,2026-09-07T07:04:13.597Z
DEMO-DEV-7155,84,2026-09-27T04:04:53.806Z
DEMO-DEV-7196,84,2026-08-09T12:15:53.037Z
DEMO-DEV-7289,84,2026-09-27T03:53:09.914Z
DEMO-DEV-7304,84,2026-09-14T15:36:25.929Z
DEMO-DEV-7341,84,2026-09-26T09:51:48.190Z
DEMO-DEV-7446,84,2026-08-27T12:47:27.692Z
DEMO-DEV-7470,84,2026-09-25T06:03:29.370Z
DEMO-DEV-7711,84,2026-09-18T08:32:15.403Z
DEMO-DEV-7727,84,2026-09-24T09:35:16.535Z
DEMO-DEV-7764,84,2026-09-06T11:04:23.027Z
DEMO-DEV-7795,84,2026-08-19T04:58:45.836Z
DEMO-DEV-7831,84,2026-09-15T11:38:01.415Z
DEMO-DEV-7929,84,2026-09-26T14:12:54.472Z
DEMO-DEV-7961,84,2026-09-15T01:19:02.403Z
DEMO-DEV-7962,84,2026-07-05T19:39:21.948Z
DEMO-DEV-7980,84,2026-09-22T02:49:17.442Z
DEMO-DEV-8047,84,2026-09-14T09:33:52.403Z
DEMO-DEV-8132,84,2026-09-20T19:46:31.950Z
DEMO-DEV-8153,84,2026-09-30T08:09:20.003Z
DEMO-DEV-8187,84,2026-09-17T08:57:10.391Z
DEMO-DEV-8191,84,2026-08-31T23:13:30.315Z
DEMO-DEV-8246,84,2026-09-14T04:28:17.879Z
DEMO-DEV-8271,84,2026-09-23T14:48:37.885Z
DEMO-DEV-8360,84,2026-09-21T18:57:52.591Z
DEMO-DEV-8454,84,2026-09-13T20:13:36.505Z
DEMO-DEV-8477,84,2026-09-07T06:24:40.793Z
DEMO-DEV-8509,84,2026-08-25T21:08:29.892Z
DEMO-DEV-8515,84,2026-09-30T04:42:25.298Z
DEMO-DEV-8544,84,2026-09-22T21:51:28.648Z
DEMO-DEV-8587,84,2026-09-25T01:41:15.578Z
DEMO-DEV-8683,84,2026-09-29T04:47:05.992Z
DEMO-DEV-8767,84,2026-09-12T12:04:57.057Z
DEMO-DEV-8801,84,2026-09-18T03:54:56.391Z
DEMO-DEV-8802,84,2026-09-17T11:08:47.966Z
DEMO-DEV-8826,84,2026-09-21T17:16:48.653Z
DEMO-DEV-8861,84,2026-09-29T09:49:29.879Z
DEMO-DEV-8905,84,2026-09-29T02:32:14.792Z
DEMO-DEV-8923,84,2026-09-04T23:36:32.168Z
DEMO-DEV-8948,84,2026-09-24T16:13:01.357Z
DEMO-DEV-9044,84,2026-09-27T12:48:27.511Z
DEMO-DEV-9054,84,2026-09-21T18:54:40.914Z
DEMO-DEV-9097,84,2026-06-14T15:32:06.264Z
DEMO-DEV-9144,84,2026-08-04T15:30:24.397Z
DEMO-DEV-9264,84,2026-09-22T19:08:46.676Z
DEMO-DEV-9284,84,2026-09-22T06:59:28.948Z
DEMO-DEV-9318,84,2026-09-21T18:32:54.785Z
DEMO-DEV-9468,84,2026-08-14T21:24:09.989Z
DEMO-DEV-9502,84,2026-08-25T23:48:08.239Z
DEMO-DEV-9504,84,2026-09-22T14:54:05.824Z
DEMO-DEV-9567,84,2026-09-17T01:19:18.045Z
DEMO-DEV-9578,84,2026-09-30T04:49:42.873Z
DEMO-DEV-9591,84,2026-09-30T03:08:37.648Z
DEMO-DEV-9615,84,2026-09-29T11:23:23.892Z
DEMO-DEV-9661,84,2026-09-13T08:38:46.778Z
DEMO-DEV-9696,84,2026-09-15T14:19:23.873Z
DEMO-DEV-9708,84,2026-09-12T21:02:34.252Z
DEMO-DEV-9782,84,2026-08-25T05:24:34.224Z
DEMO-DEV-9815,84,2026-09-26T22:08:04.264Z
DEMO-DEV-9828,84,2026-09-19T00:09:41.493Z
DEMO-DEV-9892,84,2026-09-29T06:51:31.817Z
DEMO-DEV-9960,84,2026-09-20T00:10:56.811Z
DEMO-DEV-9994,84,2026-07-18T16:25:16.824Z
DEMO-DEV-0123,83,2026-09-25T15:23:31.661Z
DEMO-DEV-0137,83,2026-09-27T23:08:29.352Z
DEMO-DEV-0151,83,2026-07-25T18:06:50.442Z
DEMO-DEV-0181,83,2026-09-29T22:13:09.238Z
DEMO-DEV-0201,83,2026-09-11T21:40:44.287Z
DEMO-DEV-0274,83,2026-09-02T01:22:53.246Z
DEMO-DEV-0458,83,2026-09-29T15:11:50.354Z
DEMO-DEV-0618,83,2026-09-30T00:53:24.252Z
DEMO-DEV-0692,83,2026-09-25T14:23:03.870Z
DEMO-DEV-0948,83,2026-09-13T07:48:34.584Z
DEMO-DEV-0969,83,2026-09-24T01:53:04.038Z
DEMO-DEV-1058,83,2026-09-01T06:33:27.428Z
DEMO-DEV-1093,83,2026-09-25T15:32:52.524Z
DEMO-DEV-1111,83,2026-09-27T20:12:35.024Z
DEMO-DEV-1268,83,2026-09-15T18:04:33.786Z
DEMO-DEV-1331,83,2026-08-10T05:20:10.863Z
DEMO-DEV-1371,83,2026-09-30T06:11:19.302Z
DEMO-DEV-1401,83,2026-09-01T07:16:45.702Z
DEMO-DEV-1419,83,2026-09-19T08:08:23.513Z
DEMO-DEV-1442,83,2026-07-17T08:38:02.183Z
DEMO-DEV-1463,83,2026-09-30T03:19:07.246Z
DEMO-DEV-1615,83,2026-09-20T22:19:49.415Z
DEMO-DEV-1646,83,2026-09-07T20:27:57.926Z
DEMO-DEV-1832,83,2026-09-13T09:33:17.513Z
DEMO-DEV-1858,83,2026-09-16T14:48:24.987Z
DEMO-DEV-1890,83,2026-09-21T11:48:08.646Z
DEMO-DEV-1897,83,2026-09-20T15:08:58.189Z
DEMO-DEV-1932,83,2026-08-07T09:49:18.442Z
DEMO-DEV-1940,83,2026-08-31T04:29:50.523Z
DEMO-DEV-2125,83,2026-09-01T03:45:38.682Z
DEMO-DEV-2269,83,2026-07-17T13:34:10.172Z
DEMO-DEV-2393,83,2026-09-20T20:07:24.792Z
DEMO-DEV-2413,83,2026-08-28T17:11:48.870Z
DEMO-DEV-2653,83,2026-08-16T11:10:04.648Z
DEMO-DEV-2668,83,2026-09-26T05:52:59.253Z
DEMO-DEV-2799,83,2026-09-25T08:08:19.027Z
DEMO-DEV-2806,83,2026-09-04T04:16:46.352Z
DEMO-DEV-2871,83,2026-09-29T00:53:53.208Z
DEMO-DEV-2944,83,2026-09-29T15:04:02.668Z
DEMO-DEV-2974,83,2026-08-27T15:15:29.879Z
DEMO-DEV-3018,83,2026-09-28T15:07:19.319Z
DEMO-DEV-3080,83,2026-09-25T18:03:43.370Z
DEMO-DEV-3104,83,2026-09-26T18:26:36.236Z
DEMO-DEV-3158,83,2026-09-27T11:39:55.075Z
DEMO-DEV-3353,83,2026-08-26T08:02:15.023Z
DEMO-DEV-3429,83,2026-08-29T14:58:06.302Z
DEMO-DEV-3449,83,2026-09-16T07:24:02.224Z
DEMO-DEV-3486,83,2026-09-21T17:16:14.138Z
DEMO-DEV-3503,83,2026-08-29T11:00:50.738Z
DEMO-DEV-3586,83,2026-09-01T05:05:33.702Z
DEMO-DEV-3603,83,2026-07-07T19:03:46.300Z
DEMO-DEV-3676,83,2026-09-16T18:22:02.443Z
DEMO-DEV-3711,83,2026-07-17T00:01:07.232Z
DEMO-DEV-3713,83,2026-09-23T01:25:20.735Z
DEMO-DEV-3821,83,2026-08-28T22:13:35.218Z
DEMO-DEV-3871,83,2026-09-08T07:21:41.205Z
DEMO-DEV-3891,83,2026-09-29T10:10:26.443Z
DEMO-DEV-3933,83,2026-08-08T09:29:59.868Z
DEMO-DEV-3991,83,2026-09-24T21:31:58.139Z
DEMO-DEV-3992,83,2026-09-20T19:56:52.394Z
DEMO-DEV-4082,83,2026-09-13T11:40:09.989Z
DEMO-DEV-4094,83,2026-09-15T19:57:28.636Z
DEMO-DEV-4152,83,2026-09-30T05:45:30.391Z
DEMO-DEV-4165,83,2026-09-28T18:57:47.839Z
DEMO-DEV-4193,83,2026-09-25T00:40:13.786Z
DEMO-DEV-4239,83,2026-09-18T22:04:28.816Z
DEMO-DEV-4243,83,2026-08-21T00:54:38.503Z
DEMO-DEV-4276,83,2026-09-24T02:48:34.315Z
DEMO-DEV-4482,83,2026-09-19T01:07:46.784Z
DEMO-DEV-4579,83,2026-09-18T11:01:03.545Z
DEMO-DEV-4707,83,2026-09-19T13:51:55.661Z
DEMO-DEV-4717,83,2026-09-13T06:57:34.578Z
DEMO-DEV-4866,83,2026-08-31T14:55:30.368Z
DEMO-DEV-4903,83,2026-09-21T13:06:37.307Z
DEMO-DEV-4976,83,2026-09-21T00:23:39.345Z
DEMO-DEV-4978,83,2026-09-29T02:33:18.015Z
DEMO-DEV-5198,83,2026-09-13T22:48:19.676Z
DEMO-DEV-5243,83,2026-09-28T00:34:55.505Z
DEMO-DEV-5245,83,2026-09-17T13:39:26.914Z
DEMO-DEV-5270,83,2026-09-27T13:37:37.038Z
DEMO-DEV-5272,83,2026-09-26T02:09:12.975Z
DEMO-DEV-5279,83,2026-09-24T16:34:34.325Z
DEMO-DEV-5332,83,2026-09-29T16:46:31.315Z
DEMO-DEV-5546,83,2026-09-14T13:20:23.264Z
DEMO-DEV-5626,83,2026-09-25T00:54:20.639Z
DEMO-DEV-5655,83,2026-09-29T02:15:30.027Z
DEMO-DEV-5745,83,2026-09-30T04:41:00.160Z
DEMO-DEV-5758,83,2026-07-17T16:00:26.727Z
DEMO-DEV-5764,83,2026-09-24T04:38:39.799Z
DEMO-DEV-5827,83,2026-09-24T21:16:08.989Z
DEMO-DEV-5894,83,2026-09-10T18:10:33.173Z
DEMO-DEV-5916,83,2026-08-17T20:09:09.123Z
DEMO-DEV-5938,83,2026-08-22T12:51:25.692Z
DEMO-DEV-5968,83,2026-08-27T19:11:54.668Z
DEMO-DEV-6006,83,2026-09-29T10:23:39.236Z
DEMO-DEV-6017,83,2026-09-07T03:20:07.839Z
DEMO-DEV-6020,83,2026-09-27T00:56:04.618Z
DEMO-DEV-6182,83,2026-08-15T16:13:32.653Z
DEMO-DEV-6222,83,2026-09-05T23:18:15.354Z
DEMO-DEV-6334,83,2026-09-28T14:21:09.607Z
DEMO-DEV-6381,83,2026-09-19T22:28:30.969Z
DEMO-DEV-6390,83,2026-09-12T15:56:49.841Z
DEMO-DEV-6468,83,2026-08-31T09:36:49.816Z
DEMO-DEV-6506,83,2026-09-20T10:55:33.915Z
DEMO-DEV-6513,83,2026-09-23T07:16:48.891Z
DEMO-DEV-6590,83,2026-08-29T07:29:52.786Z
DEMO-DEV-6667,83,2026-09-19T12:12:21.884Z
DEMO-DEV-6719,83,2026-09-28T23:30:11.192Z
DEMO-DEV-6971,83,2026-09-27T17:32:31.811Z
DEMO-DEV-6991,83,2026-09-07T02:48:44.250Z
DEMO-DEV-7086,83,2026-08-22T03:40:31.976Z
DEMO-DEV-7190,83,2026-09-10T06:48:54.842Z
DEMO-DEV-7270,83,2026-09-20T10:58:48.839Z
DEMO-DEV-7296,83,2026-08-22T00:53:29.357Z
DEMO-DEV-7330,83,2026-08-23T00:03:41.026Z
DEMO-DEV-7473,83,2026-08-01T02:43:45.068Z
DEMO-DEV-7498,83,2026-09-28T01:32:26.803Z
DEMO-DEV-7538,83,2026-08-29T19:45:41.599Z
DEMO-DEV-7615,83,2026-07-29T11:35:38.208Z
DEMO-DEV-7617,83,2026-09-03T16:17:43.120Z
DEMO-DEV-7643,83,2026-09-16T11:44:16.913Z
DEMO-DEV-7645,83,2026-09-20T20:11:41.714Z
DEMO-DEV-7658,83,2026-09-18T19:45:57.230Z
DEMO-DEV-7660,83,2026-08-28T02:02:37.403Z
DEMO-DEV-7714,83,2026-09-01T09:21:49.370Z
DEMO-DEV-7719,83,2026-08-26T20:41:05.298Z
DEMO-DEV-7736,83,2026-09-26T10:09:23.397Z
DEMO-DEV-7744,83,2026-09-26T03:00:59.618Z
DEMO-DEV-7752,83,2026-08-22T14:18:34.138Z
DEMO-DEV-7797,83,2026-09-25T21:49:41.077Z
DEMO-DEV-7842,83,2026-09-11T21:33:27.839Z
DEMO-DEV-7869,83,2026-09-09T16:43:17.024Z
DEMO-DEV-7914,83,2026-09-24T14:28:12.811Z
DEMO-DEV-8059,83,2026-09-02T06:33:46.387Z
DEMO-DEV-8086,83,2026-09-16T18:31:15.225Z
DEMO-DEV-8259,83,2026-09-26T07:31:35.702Z
DEMO-DEV-8292,83,2026-09-01T10:29:00.315Z
DEMO-DEV-8323,83,2026-09-30T01:21:29.926Z
DEMO-DEV-8344,83,2026-09-21T02:57:20.298Z
DEMO-DEV-8605,83,2026-09-13T04:23:45.026Z
DEMO-DEV-8612,83,2026-08-20T09:12:15.272Z
DEMO-DEV-8666,83,2026-09-26T00:36:39.218Z
DEMO-DEV-8673,83,2026-09-20T14:57:39.965Z
DEMO-DEV-8804,83,2026-09-19T08:19:32.974Z
DEMO-DEV-8811,83,2026-09-28T06:33:24.584Z
DEMO-DEV-8849,83,2026-09-27T17:36:59.466Z
DEMO-DEV-8856,83,2026-08-30T23:49:19.917Z
DEMO-DEV-8875,83,2026-09-14T18:23:21.120Z
DEMO-DEV-8909,83,2026-09-25T10:13:09.173Z
DEMO-DEV-8917,83,2026-09-11T02:38:39.027Z
DEMO-DEV-8920,83,2026-09-13T21:44:26.397Z
DEMO-DEV-8963,83,2026-09-04T14:44:20.090Z
DEMO-DEV-9258,83,2026-09-05T09:04:28.989Z
DEMO-DEV-9281,83,2026-09-24T04:35:08.038Z
DEMO-DEV-9307,83,2026-09-05T07:41:56.442Z
DEMO-DEV-9347,83,2026-09-19T07:30:50.545Z
DEMO-DEV-9352,83,2026-09-25T15:06:39.612Z
DEMO-DEV-9453,83,2026-09-14T17:43:24.168Z
DEMO-DEV-9459,83,2026-09-21T08:23:53.307Z
DEMO-DEV-9477,83,2026-09-15T01:42:18.068Z
DEMO-DEV-9503,83,2026-09-28T06:48:31.397Z
DEMO-DEV-9506,83,2026-09-25T07:09:14.120Z
DEMO-DEV-9586,83,2026-09-14T01:36:16.455Z
DEMO-DEV-9592,83,2026-07-27T22:09:22.415Z
DEMO-DEV-9746,83,2026-09-29T01:05:40.646Z
DEMO-DEV-9774,83,2026-09-30T04:41:43.123Z
DEMO-DEV-9808,83,2026-09-26T04:07:43.949Z
DEMO-DEV-9819,83,2026-09-29T07:05:47.891Z
DEMO-DEV-9820,83,2026-09-26T11:10:34.727Z
DEMO-DEV-9830,83,2026-09-28T12:56:45.752Z
DEMO-DEV-9881,83,2026-09-29T17:00:00.289Z
DEMO-DEV-9965,83,2026-09-29T16:45:38.503Z
DEMO-DEV-9966,83,2026-09-23T08:14:15.841Z
DEMO-DEV-0064,82,2026-09-11T20:33:54.289Z
DEMO-DEV-0101,82,2026-08-13T17:29:06.068Z
DEMO-DEV-0124,82,2026-09-22T21:28:25.387Z
DEMO-DEV-0238,82,2026-09-25T02:55:49.864Z
DEMO-DEV-0328,82,2026-09-21T02:43:28.472Z
DEMO-DEV-0446,82,2026-09-29T17:39:42.929Z
DEMO-DEV-0451,82,2026-09-11T16:01:40.219Z
DEMO-DEV-0611,82,2026-09-22T22:11:56.080Z
DEMO-DEV-0657,82,2026-09-29T19:06:31.189Z
DEMO-DEV-0686,82,2026-08-26T04:11:36.446Z
DEMO-DEV-0747,82,2026-09-10T22:03:22.661Z
DEMO-DEV-0890,82,2026-08-19T02:28:39.765Z
DEMO-DEV-0918,82,2026-07-14T18:57:05.646Z
DEMO-DEV-1024,82,2026-09-08T13:13:29.298Z
DEMO-DEV-1037,82,2026-08-16T13:37:33.799Z
DEMO-DEV-1179,82,2026-09-30T01:24:01.485Z
DEMO-DEV-1315,82,2026-09-28T04:09:24.357Z
DEMO-DEV-1415,82,2026-09-19T21:52:31.965Z
DEMO-DEV-1429,82,2026-09-22T09:20:07.485Z
DEMO-DEV-1510,82,2026-09-08T17:03:56.254Z
DEMO-DEV-1721,82,2026-09-21T22:08:39.661Z
DEMO-DEV-1763,82,2026-09-27T05:53:02.470Z
DEMO-DEV-1813,82,2026-09-25T07:17:58.877Z
DEMO-DEV-1846,82,2026-09-19T04:17:12.676Z
DEMO-DEV-1848,82,2026-09-13T23:13:33.037Z
DEMO-DEV-1870,82,2026-09-27T12:06:07.727Z
DEMO-DEV-1937,82,2026-08-16T17:49:43.719Z
DEMO-DEV-1966,82,2026-09-16T23:44:06.778Z
DEMO-DEV-1983,82,2026-09-06T11:34:37.167Z
DEMO-DEV-2013,82,2026-08-24T07:41:36.735Z
DEMO-DEV-2049,82,2026-09-29T15:29:50.782Z
DEMO-DEV-2058,82,2026-08-30T12:05:21.519Z
DEMO-DEV-2082,82,2026-09-13T07:01:51.646Z
DEMO-DEV-2117,82,2026-08-16T10:42:35.795Z
DEMO-DEV-2126,82,2026-09-01T22:13:15.612Z
DEMO-DEV-2140,82,2026-08-21T03:52:05.470Z
DEMO-DEV-2145,82,2026-08-23T18:28:31.702Z
DEMO-DEV-2237,82,2026-08-31T21:49:49.268Z
DEMO-DEV-2241,82,2026-09-19T00:37:18.639Z
DEMO-DEV-2340,82,2026-09-12T07:11:42.735Z
DEMO-DEV-2504,82,2026-08-29T17:12:09.666Z
DEMO-DEV-2562,82,2026-09-17T08:19:44.287Z
DEMO-DEV-2572,82,2026-09-23T15:29:17.470Z
DEMO-DEV-2581,82,2026-09-17T19:44:56.950Z
DEMO-DEV-2622,82,2026-09-29T03:50:32.607Z
DEMO-DEV-2679,82,2026-09-29T01:28:00.557Z
DEMO-DEV-2768,82,2026-07-18T06:01:20.966Z
DEMO-DEV-3079,82,2026-08-08T11:32:37.337Z
DEMO-DEV-3106,82,2026-09-13T22:35:26.989Z
DEMO-DEV-3109,82,2026-09-04T05:02:05.040Z
DEMO-DEV-3116,82,2026-09-01T19:35:41.391Z
DEMO-DEV-3286,82,2026-09-10T10:26:07.300Z
DEMO-DEV-3313,82,2026-09-16T15:41:20.782Z
DEMO-DEV-3418,82,2026-09-24T09:06:48.917Z
DEMO-DEV-3445,82,2026-09-27T19:51:35.618Z
DEMO-DEV-3715,82,2026-09-25T05:52:32.795Z
DEMO-DEV-3750,82,2026-09-16T22:25:42.646Z
DEMO-DEV-3762,82,2026-09-28T01:28:42.914Z
DEMO-DEV-3779,82,2026-08-20T07:43:32.026Z
DEMO-DEV-3807,82,2026-09-29T12:14:21.442Z
DEMO-DEV-3840,82,2026-09-30T06:22:48.230Z
DEMO-DEV-3907,82,2026-09-22T22:33:04.519Z
DEMO-DEV-4064,82,2026-08-27T13:18:46.024Z
DEMO-DEV-4177,82,2026-08-16T17:33:53.026Z
DEMO-DEV-4197,82,2026-09-18T21:57:09.090Z
DEMO-DEV-4205,82,2026-09-27T15:11:34.239Z
DEMO-DEV-4334,82,2026-09-03T07:28:19.785Z
DEMO-DEV-4346,82,2026-08-23T19:26:38.719Z
DEMO-DEV-4387,82,2026-09-28T14:32:14.804Z
DEMO-DEV-4416,82,2026-09-27T18:36:07.394Z
DEMO-DEV-4419,82,2026-09-22T07:41:19.446Z
DEMO-DEV-4462,82,2026-09-16T05:40:12.232Z
DEMO-DEV-4471,82,2026-09-07T00:17:11.139Z
DEMO-DEV-4603,82,2026-09-25T14:48:44.246Z
DEMO-DEV-4689,82,2026-09-19T12:19:10.785Z
DEMO-DEV-4922,82,2026-09-26T12:40:00.168Z
DEMO-DEV-5017,82,2026-08-24T06:14:25.236Z
DEMO-DEV-5176,82,2026-08-15T20:12:11.268Z
DEMO-DEV-5219,82,2026-09-29T17:18:38.879Z
DEMO-DEV-5283,82,2026-08-27T16:07:18.915Z
DEMO-DEV-5337,82,2026-09-24T02:05:22.948Z
DEMO-DEV-5398,82,2026-09-25T00:32:59.892Z
DEMO-DEV-5554,82,2026-09-19T07:39:51.557Z
DEMO-DEV-5611,82,2026-08-12T21:00:11.591Z
DEMO-DEV-5625,82,2026-09-17T12:06:35.863Z
DEMO-DEV-5663,82,2026-09-22T01:33:53.003Z
DEMO-DEV-5752,82,2026-07-23T09:22:22.167Z
DEMO-DEV-5821,82,2026-09-23T18:30:14.368Z
DEMO-DEV-5865,82,2026-09-23T09:01:39.993Z
DEMO-DEV-5868,82,2026-09-23T04:11:38.219Z
DEMO-DEV-6105,82,2026-09-07T12:44:36.428Z
DEMO-DEV-6114,82,2026-09-08T18:06:36.291Z
DEMO-DEV-6135,82,2026-09-27T12:46:03.232Z
DEMO-DEV-6164,82,2026-09-27T06:12:13.370Z
DEMO-DEV-6204,82,2026-09-07T13:08:21.253Z
DEMO-DEV-6301,82,2026-09-30T03:53:35.026Z
DEMO-DEV-6580,82,2026-09-16T07:35:10.250Z
DEMO-DEV-6611,82,2026-09-27T10:40:15.785Z
DEMO-DEV-6632,82,2026-09-14T22:58:48.068Z
DEMO-DEV-6696,82,2026-07-23T15:45:48.493Z
DEMO-DEV-6712,82,2026-09-24T16:34:41.950Z
DEMO-DEV-6718,82,2026-09-29T08:34:30.155Z
DEMO-DEV-6882,82,2026-09-09T21:43:02.778Z
DEMO-DEV-6931,82,2026-09-04T04:31:03.727Z
DEMO-DEV-6932,82,2026-09-25T19:46:46.513Z
DEMO-DEV-7002,82,2026-08-30T06:23:15.460Z
DEMO-DEV-7070,82,2026-09-19T05:18:59.190Z
DEMO-DEV-7098,82,2026-09-30T03:16:23.390Z
DEMO-DEV-7314,82,2026-09-12T23:47:32.368Z
DEMO-DEV-7339,82,2026-09-28T15:36:11.816Z
DEMO-DEV-7395,82,2026-09-17T15:13:16.511Z
DEMO-DEV-7408,82,2026-09-28T18:45:30.614Z
DEMO-DEV-7448,82,2026-09-01T04:48:34.345Z
DEMO-DEV-7546,82,2026-09-29T20:19:00.555Z
DEMO-DEV-7554,82,2026-09-28T09:02:53.024Z
DEMO-DEV-7638,82,2026-09-13T04:03:52.287Z
DEMO-DEV-7722,82,2026-09-19T10:30:36.661Z
DEMO-DEV-7751,82,2026-08-29T13:46:19.503Z
DEMO-DEV-7888,82,2026-09-09T21:28:04.993Z
DEMO-DEV-8076,82,2026-09-09T22:31:26.300Z
DEMO-DEV-8079,82,2026-09-10T10:05:36.727Z
DEMO-DEV-8177,82,2026-09-20T10:08:05.948Z
DEMO-DEV-8210,82,2026-09-10T13:36:53.168Z
DEMO-DEV-8227,82,2026-09-27T00:14:47.524Z
DEMO-DEV-8253,82,2026-09-28T08:37:11.442Z
DEMO-DEV-8378,82,2026-09-24T23:41:52.264Z
DEMO-DEV-8410,82,2026-09-29T11:52:20.352Z
DEMO-DEV-8432,82,2026-08-31T17:27:02.537Z
DEMO-DEV-8539,82,2026-09-29T21:52:40.612Z
DEMO-DEV-8775,82,2026-08-28T08:56:40.555Z
DEMO-DEV-9235,82,2026-07-09T18:35:39.846Z
DEMO-DEV-9244,82,2026-07-14T17:08:23.851Z
DEMO-DEV-9339,82,2026-09-12T13:49:20.993Z
DEMO-DEV-9401,82,2026-09-18T15:55:45.272Z
DEMO-DEV-9417,82,2026-09-21T19:59:55.655Z
DEMO-DEV-9515,82,2026-08-26T08:37:12.692Z
DEMO-DEV-9973,82,2026-09-24T17:40:58.368Z
DEMO-DEV-0196,81,2026-09-08T10:44:19.793Z
DEMO-DEV-0235,81,2026-09-23T14:30:16.778Z
DEMO-DEV-0333,81,2026-09-12T02:19:43.291Z
DEMO-DEV-0376,81,2026-09-26T21:37:10.535Z
DEMO-DEV-0441,81,2026-09-23T06:59:03.719Z
DEMO-DEV-0460,81,2026-09-20T01:16:16.535Z
DEMO-DEV-0473,81,2026-09-13T05:07:53.077Z
DEMO-DEV-0475,81,2026-09-15T04:55:07.648Z
DEMO-DEV-0498,81,2026-08-17T12:45:48.555Z
DEMO-DEV-0517,81,2026-07-26T02:53:21.225Z
DEMO-DEV-0551,81,2026-09-18T12:57:53.929Z
DEMO-DEV-0558,81,2026-09-25T02:22:54.503Z
DEMO-DEV-0601,81,2026-09-10T01:10:47.027Z
DEMO-DEV-0633,81,2026-09-23T02:47:40.599Z
DEMO-DEV-0682,81,2026-08-25T01:06:27.948Z
DEMO-DEV-0769,81,2026-07-12T14:55:19.948Z
DEMO-DEV-0897,81,2026-08-31T15:20:20.462Z
DEMO-DEV-0944,81,2026-09-14T23:29:30.639Z
DEMO-DEV-0977,81,2026-09-19T10:01:01.784Z
DEMO-DEV-1036,81,2026-09-04T06:17:27.302Z
DEMO-DEV-1236,81,2026-09-15T11:02:12.203Z
DEMO-DEV-1303,81,2026-09-28T19:28:19.090Z
DEMO-DEV-1363,81,2026-08-15T18:49:35.368Z
DEMO-DEV-1523,81,2026-09-27T16:52:03.120Z
DEMO-DEV-1532,81,2026-09-23T09:28:15.063Z
DEMO-DEV-1540,81,2026-09-10T02:52:40.442Z
DEMO-DEV-1595,81,2026-09-18T13:22:59.658Z
DEMO-DEV-1684,81,2026-09-20T15:01:56.015Z
DEMO-DEV-1707,81,2026-09-27T10:32:35.811Z
DEMO-DEV-1745,81,2026-09-13T12:04:43.784Z
DEMO-DEV-1749,81,2026-09-23T07:39:12.692Z
DEMO-DEV-1837,81,2026-09-08T04:27:35.929Z
DEMO-DEV-1874,81,2026-09-12T21:33:06.778Z
DEMO-DEV-1921,81,2026-09-25T14:57:45.765Z
DEMO-DEV-1989,81,2026-09-16T11:54:14.863Z
DEMO-DEV-2025,81,2026-09-27T00:38:08.555Z
DEMO-DEV-2026,81,2026-09-22T15:26:46.298Z
DEMO-DEV-2043,81,2026-09-16T08:52:05.799Z
DEMO-DEV-2103,81,2026-07-17T07:21:49.057Z
DEMO-DEV-2186,81,2026-09-27T19:11:52.234Z
DEMO-DEV-2318,81,2026-09-07T17:20:32.004Z
DEMO-DEV-2408,81,2026-09-16T04:38:48.666Z
DEMO-DEV-2414,81,2026-09-12T10:52:07.824Z
DEMO-DEV-2767,81,2026-09-28T14:43:06.976Z
DEMO-DEV-2815,81,2026-09-27T18:19:42.045Z
DEMO-DEV-2841,81,2026-09-21T16:36:36.873Z
DEMO-DEV-2887,81,2026-09-10T04:55:04.868Z
DEMO-DEV-3071,81,2026-09-13T07:03:44.976Z
DEMO-DEV-3082,81,2026-09-15T14:36:10.578Z
DEMO-DEV-3250,81,2026-09-23T12:31:17.929Z
DEMO-DEV-3582,81,2026-09-27T23:26:31.950Z
DEMO-DEV-3622,81,2026-09-26T13:11:49.738Z
DEMO-DEV-3677,81,2026-09-20T16:02:02.493Z
DEMO-DEV-3683,81,2026-09-29T19:10:38.555Z
DEMO-DEV-3714,81,2026-09-16T09:48:30.682Z
DEMO-DEV-3722,81,2026-09-12T11:36:03.160Z
DEMO-DEV-3723,81,2026-07-28T07:38:38.975Z
DEMO-DEV-4146,81,2026-09-22T10:10:44.785Z
DEMO-DEV-4198,81,2026-09-27T11:46:12.446Z
DEMO-DEV-4232,81,2026-09-27T07:45:17.003Z
DEMO-DEV-4268,81,2026-09-09T14:12:47.719Z
DEMO-DEV-4296,81,2026-08-03T10:10:20.817Z
DEMO-DEV-4558,81,2026-09-28T05:46:07.843Z
DEMO-DEV-4566,81,2026-09-28T02:45:02.825Z
DEMO-DEV-4660,81,2026-09-06T16:52:13.368Z
DEMO-DEV-4663,81,2026-09-25T11:40:55.987Z
DEMO-DEV-4932,81,2026-09-06T16:05:11.189Z
DEMO-DEV-5018,81,2026-08-26T23:39:29.974Z
DEMO-DEV-5174,81,2026-08-22T16:54:12.370Z
DEMO-DEV-5192,81,2026-09-29T01:49:25.537Z
DEMO-DEV-5280,81,2026-08-01T03:27:05.443Z
DEMO-DEV-5344,81,2026-09-16T18:26:41.218Z
DEMO-DEV-5429,81,2026-09-14T13:23:14.524Z
DEMO-DEV-5466,81,2026-09-02T05:50:34.782Z
DEMO-DEV-5506,81,2026-08-08T06:34:16.682Z
DEMO-DEV-5572,81,2026-09-10T22:58:48.508Z
DEMO-DEV-5610,81,2026-09-15T05:17:49.225Z
DEMO-DEV-5642,81,2026-09-29T22:19:27.841Z
DEMO-DEV-5691,81,2026-09-29T07:51:58.727Z
DEMO-DEV-6064,81,2026-09-19T16:37:41.605Z
DEMO-DEV-6138,81,2026-09-24T23:58:36.557Z
DEMO-DEV-6191,81,2026-08-29T05:53:35.289Z
DEMO-DEV-6192,81,2026-09-29T13:24:50.702Z
DEMO-DEV-6233,81,2026-09-15T12:41:48.614Z
DEMO-DEV-6277,81,2026-08-19T13:37:56.219Z
DEMO-DEV-6295,81,2026-09-26T00:17:17.288Z
DEMO-DEV-6400,81,2026-08-28T03:15:28.365Z
DEMO-DEV-6444,81,2026-09-17T02:47:35.505Z
DEMO-DEV-6565,81,2026-09-07T06:51:51.778Z
DEMO-DEV-6569,81,2026-08-24T01:16:11.505Z
DEMO-DEV-6834,81,2026-09-23T02:09:48.877Z
DEMO-DEV-6844,81,2026-09-27T17:22:42.155Z
DEMO-DEV-7198,81,2026-09-29T02:40:04.460Z
DEMO-DEV-7565,81,2026-09-20T17:08:42.976Z
DEMO-DEV-7579,81,2026-09-28T11:44:18.974Z
DEMO-DEV-7657,81,2026-09-18T16:06:34.817Z
DEMO-DEV-7674,81,2026-09-28T01:22:19.203Z
DEMO-DEV-7685,81,2026-09-29T00:18:14.965Z
DEMO-DEV-7828,81,2026-09-02T09:46:48.014Z
DEMO-DEV-7833,81,2026-09-18T12:21:49.168Z
DEMO-DEV-7850,81,2026-09-21T13:31:47.205Z
DEMO-DEV-7937,81,2026-09-26T13:37:56.165Z
DEMO-DEV-7947,81,2026-09-09T04:45:29.232Z
DEMO-DEV-7969,81,2026-09-19T02:10:43.254Z
DEMO-DEV-7984,81,2026-09-29T05:58:25.203Z
DEMO-DEV-8242,81,2026-09-12T23:19:42.989Z
DEMO-DEV-8331,81,2026-09-05T10:13:39.068Z
DEMO-DEV-8359,81,2026-09-04T04:17:45.337Z
DEMO-DEV-8370,81,2026-09-26T01:39:36.804Z
DEMO-DEV-8439,81,2026-09-16T15:50:38.851Z
DEMO-DEV-8500,81,2026-09-23T07:00:21.646Z
DEMO-DEV-8522,81,2026-07-30T00:33:25.524Z
DEMO-DEV-8538,81,2026-09-06T22:09:38.466Z
DEMO-DEV-8556,81,2026-09-25T06:36:10.003Z
DEMO-DEV-8593,81,2026-08-30T03:10:17.190Z
DEMO-DEV-8718,81,2026-09-28T09:31:58.556Z
DEMO-DEV-8953,81,2026-09-17T16:50:17.470Z
DEMO-DEV-8960,81,2026-09-05T23:19:43.165Z
DEMO-DEV-8968,81,2026-09-25T07:22:26.236Z
DEMO-DEV-9039,81,2026-09-12T16:07:42.205Z
DEMO-DEV-9041,81,2026-09-29T07:14:18.976Z
DEMO-DEV-9086,81,2026-09-12T11:34:18.992Z
DEMO-DEV-9215,81,2026-09-27T22:24:00.040Z
DEMO-DEV-9390,81,2026-09-29T09:38:03.618Z
DEMO-DEV-9450,81,2026-09-18T07:57:49.948Z
DEMO-DEV-9822,81,2026-09-02T16:38:22.218Z
DEMO-DEV-9859,81,2026-09-07T18:48:11.658Z
DEMO-DEV-9874,81,2026-08-14T22:10:58.428Z
DEMO-DEV-9970,81,2026-09-17T06:49:17.246Z
DEMO-DEV-0022,80,2026-09-10T12:31:37.315Z
DEMO-DEV-0126,80,2026-08-16T03:10:54.023Z
DEMO-DEV-0161,80,2026-07-04T04:56:44.778Z
DEMO-DEV-0164,80,2026-09-25T17:57:36.873Z
DEMO-DEV-0317,80,2026-09-29T14:54:22.735Z
DEMO-DEV-0666,80,2026-08-22T11:10:03.913Z
DEMO-DEV-0723,80,2026-09-23T21:03:21.885Z
DEMO-DEV-0979,80,2026-09-20T15:46:44.682Z
DEMO-DEV-1015,80,2026-09-10T10:06:54.968Z
DEMO-DEV-1077,80,2026-09-05T21:18:10.966Z
DEMO-DEV-1207,80,2026-09-23T01:21:47.038Z
DEMO-DEV-1243,80,2026-09-26T16:01:13.485Z
DEMO-DEV-1313,80,2026-09-26T05:17:41.842Z
DEMO-DEV-1390,80,2026-09-28T12:16:45.658Z
DEMO-DEV-1422,80,2026-09-23T22:48:32.236Z
DEMO-DEV-1485,80,2026-08-20T22:01:41.015Z
DEMO-DEV-1535,80,2026-09-29T05:58:55.778Z
DEMO-DEV-1572,80,2026-09-02T15:54:08.254Z
DEMO-DEV-1574,80,2026-08-24T14:33:40.493Z
DEMO-DEV-1709,80,2026-09-21T15:20:05.992Z
DEMO-DEV-1840,80,2026-08-31T02:39:02.219Z
DEMO-DEV-1962,80,2026-09-24T21:24:16.537Z
DEMO-DEV-2211,80,2026-08-27T20:05:14.080Z
DEMO-DEV-2335,80,2026-09-26T10:45:21.073Z
DEMO-DEV-2343,80,2026-09-19T02:51:57.557Z
DEMO-DEV-2352,80,2026-09-08T21:50:56.497Z
DEMO-DEV-2431,80,2026-09-11T02:53:18.307Z
DEMO-DEV-2523,80,2026-09-20T05:13:56.224Z
DEMO-DEV-2595,80,2026-09-20T22:33:49.843Z
DEMO-DEV-2667,80,2026-09-08T00:58:20.811Z
DEMO-DEV-2694,80,2026-08-19T14:41:11.485Z
DEMO-DEV-2803,80,2026-08-21T13:06:37.208Z
DEMO-DEV-2851,80,2026-09-28T23:30:54.045Z
DEMO-DEV-2996,80,2026-08-31T13:25:53.165Z
DEMO-DEV-3039,80,2026-09-30T05:25:00.668Z
DEMO-DEV-3070,80,2026-09-22T22:39:04.692Z
DEMO-DEV-3083,80,2026-09-21T22:14:39.415Z
DEMO-DEV-3086,80,2026-09-16T05:49:09.087Z
DEMO-DEV-3207,80,2026-07-26T06:21:48.950Z
DEMO-DEV-3327,80,2026-09-18T00:03:42.287Z
DEMO-DEV-3347,80,2026-09-22T08:39:22.239Z
DEMO-DEV-3369,80,2026-09-22T23:59:32.926Z
DEMO-DEV-3618,80,2026-08-25T15:01:49.836Z
DEMO-DEV-3624,80,2026-09-09T17:04:21.926Z
DEMO-DEV-3706,80,2026-07-24T20:11:39.466Z
DEMO-DEV-3890,80,2026-07-29T13:50:07.578Z
DEMO-DEV-3901,80,2026-08-19T17:50:07.024Z
DEMO-DEV-3919,80,2026-09-16T15:25:58.289Z
DEMO-DEV-3926,80,2026-08-27T10:48:31.239Z
DEMO-DEV-4070,80,2026-09-25T08:26:44.803Z
DEMO-DEV-4184,80,2026-09-16T03:45:56.221Z
DEMO-DEV-4247,80,2026-09-15T13:51:31.612Z
DEMO-DEV-4332,80,2026-09-24T18:54:36.513Z
DEMO-DEV-4487,80,2026-09-06T06:17:04.192Z
DEMO-DEV-4842,80,2026-08-18T15:27:20.688Z
DEMO-DEV-5343,80,2026-09-20T08:09:19.975Z
DEMO-DEV-5423,80,2026-09-24T18:28:04.155Z
DEMO-DEV-5432,80,2026-09-28T18:57:30.357Z
DEMO-DEV-5463,80,2026-09-26T06:47:23.370Z
DEMO-DEV-5491,80,2026-07-20T06:59:01.352Z
DEMO-DEV-5643,80,2026-09-23T14:55:00.618Z
DEMO-DEV-5788,80,2026-09-15T19:51:32.735Z
DEMO-DEV-6069,80,2026-09-18T08:36:46.846Z
DEMO-DEV-6294,80,2026-09-20T15:41:21.319Z
DEMO-DEV-6614,80,2026-09-06T21:47:52.714Z
DEMO-DEV-6742,80,2026-07-01T12:50:41.221Z
DEMO-DEV-6835,80,2026-09-28T00:55:04.403Z
DEMO-DEV-6881,80,2026-09-17T01:14:43.537Z
DEMO-DEV-7083,80,2026-09-11T08:23:46.754Z
DEMO-DEV-7376,80,2026-09-13T08:07:24.877Z
DEMO-DEV-7452,80,2026-09-14T14:08:13.442Z
DEMO-DEV-7567,80,2026-09-19T15:17:20.368Z
DEMO-DEV-7618,80,2026-08-16T21:07:51.024Z
DEMO-DEV-7773,80,2026-09-22T07:42:21.825Z
DEMO-DEV-7942,80,2026-09-19T11:48:19.015Z
DEMO-DEV-7970,80,2026-09-29T17:48:52.370Z
DEMO-DEV-8029,80,2026-09-29T03:00:00.915Z
DEMO-DEV-8148,80,2026-09-16T20:35:48.843Z
DEMO-DEV-8217,80,2026-08-23T03:26:59.234Z
DEMO-DEV-8401,80,2026-09-19T20:16:09.370Z
DEMO-DEV-8475,80,2026-09-24T03:40:51.612Z
DEMO-DEV-8547,80,2026-09-12T08:54:18.189Z
DEMO-DEV-8998,80,2026-08-04T00:36:19.234Z
DEMO-DEV-9017,80,2026-09-29T02:15:22.387Z
DEMO-DEV-9188,80,2026-09-09T09:12:13.892Z
DEMO-DEV-9306,80,2026-08-16T06:37:17.352Z
DEMO-DEV-9446,80,2026-09-02T20:38:16.173Z
DEMO-DEV-9532,80,2026-09-09T19:13:03.026Z
DEMO-DEV-9584,80,2026-09-28T23:13:55.325Z
DEMO-DEV-9670,80,2026-09-18T15:30:22.752Z
DEMO-DEV-9678,80,2026-09-21T11:07:05.591Z
DEMO-DEV-9730,80,2026-09-28T21:12:46.863Z
DEMO-DEV-9956,80,2026-09-23T04:00:10.842Z
DEMO-DEV-0276,79,2026-08-23T15:24:14.123Z
DEMO-DEV-0300,79,2026-09-26T20:57:34.568Z
DEMO-DEV-0339,79,2026-09-05T04:11:52.859Z
DEMO-DEV-0383,79,2026-09-28T07:00:42.556Z
DEMO-DEV-0490,79,2026-09-14T20:19:27.985Z
DEMO-DEV-0852,79,2026-09-14T21:41:02.139Z
DEMO-DEV-1061,79,2026-09-20T03:56:42.204Z
DEMO-DEV-1302,79,2026-09-15T04:45:30.402Z
DEMO-DEV-1350,79,2026-09-25T02:38:40.851Z
DEMO-DEV-1437,79,2026-09-03T07:19:21.618Z
DEMO-DEV-1456,79,2026-08-11T20:32:13.851Z
DEMO-DEV-1515,79,2026-09-20T16:45:30.778Z
DEMO-DEV-1692,79,2026-09-15T18:11:49.264Z
DEMO-DEV-1761,79,2026-08-22T07:36:07.870Z
DEMO-DEV-1781,79,2026-07-30T16:27:45.183Z
DEMO-DEV-1786,79,2026-08-16T19:25:18.298Z
DEMO-DEV-1880,79,2026-09-24T10:41:30.308Z
DEMO-DEV-1887,79,2026-09-13T01:17:15.246Z
DEMO-DEV-2067,79,2026-08-21T00:52:00.068Z
DEMO-DEV-2078,79,2026-09-09T13:51:34.865Z
DEMO-DEV-2118,79,2026-08-13T20:13:54.811Z
DEMO-DEV-2240,79,2026-09-11T01:06:09.080Z
DEMO-DEV-2309,79,2026-09-13T17:31:31.578Z
DEMO-DEV-2432,79,2026-09-22T11:50:52.803Z
DEMO-DEV-2486,79,2026-09-29T16:06:15.913Z
DEMO-DEV-2587,79,2026-09-24T09:22:03.472Z
DEMO-DEV-2604,79,2026-09-17T03:00:52.505Z
DEMO-DEV-2670,79,2026-09-27T07:48:48.023Z
DEMO-DEV-2708,79,2026-09-28T15:38:43.795Z
DEMO-DEV-2801,79,2026-09-30T06:55:43.239Z
DEMO-DEV-3085,79,2026-09-27T11:46:50.710Z
DEMO-DEV-3248,79,2026-09-25T03:27:16.607Z
DEMO-DEV-3279,79,2026-08-27T16:51:18.403Z
DEMO-DEV-3315,79,2026-09-25T23:26:41.535Z
DEMO-DEV-3344,79,2026-09-10T03:34:40.752Z
DEMO-DEV-3404,79,2026-09-27T08:12:22.455Z
DEMO-DEV-3420,79,2026-09-17T16:58:23.989Z
DEMO-DEV-3674,79,2026-07-08T20:57:07.597Z
DEMO-DEV-3770,79,2026-09-25T13:47:32.442Z
DEMO-DEV-3797,79,2026-09-21T11:58:02.221Z
DEMO-DEV-3849,79,2026-08-22T13:37:41.811Z
DEMO-DEV-3942,79,2026-09-06T07:10:11.090Z
DEMO-DEV-3950,79,2026-08-06T04:23:52.352Z
DEMO-DEV-4285,79,2026-09-29T01:21:33.614Z
DEMO-DEV-4336,79,2026-09-11T22:49:05.914Z
DEMO-DEV-4384,79,2026-09-13T17:32:50.391Z
DEMO-DEV-4572,79,2026-09-29T18:28:18.519Z
DEMO-DEV-4600,79,2026-09-05T07:11:24.839Z
DEMO-DEV-4665,79,2026-09-26T05:31:08.870Z
DEMO-DEV-4781,79,2026-09-09T14:12:30.597Z
DEMO-DEV-5179,79,2026-09-14T13:57:52.503Z
DEMO-DEV-5208,79,2026-08-20T03:56:54.754Z
DEMO-DEV-5250,79,2026-09-23T08:09:35.192Z
DEMO-DEV-5301,79,2026-09-16T09:10:33.250Z
DEMO-DEV-5410,79,2026-09-16T16:40:12.778Z
DEMO-DEV-5487,79,2026-09-25T01:23:54.226Z
DEMO-DEV-5576,79,2026-09-19T21:52:43.653Z
DEMO-DEV-5604,79,2026-06-29T18:42:45.232Z
DEMO-DEV-5700,79,2026-09-03T04:11:53.618Z
DEMO-DEV-6065,79,2026-09-29T04:48:08.308Z
DEMO-DEV-6240,79,2026-08-14T22:42:24.639Z
DEMO-DEV-6244,79,2026-09-26T04:28:09.368Z
DEMO-DEV-6429,79,2026-08-20T12:11:38.302Z
DEMO-DEV-6545,79,2026-09-28T13:52:11.428Z
DEMO-DEV-6624,79,2026-09-21T14:58:24.639Z
DEMO-DEV-6906,79,2026-09-02T11:07:53.357Z
DEMO-DEV-7249,79,2026-08-03T13:38:32.023Z
DEMO-DEV-7277,79,2026-09-25T00:34:26.993Z
DEMO-DEV-7394,79,2026-09-15T23:05:38.365Z
DEMO-DEV-7508,79,2026-09-19T10:31:48.786Z
DEMO-DEV-7707,79,2026-09-09T03:18:44.868Z
DEMO-DEV-7759,79,2026-08-11T22:20:00.203Z
DEMO-DEV-7844,79,2026-09-23T04:45:30.300Z
DEMO-DEV-7897,79,2026-09-29T01:58:14.027Z
DEMO-DEV-7965,79,2026-07-16T20:35:57.975Z
DEMO-DEV-8082,79,2026-09-14T09:40:40.843Z
DEMO-DEV-8221,79,2026-09-29T12:17:09.090Z
DEMO-DEV-8226,79,2026-09-27T07:31:01.203Z
DEMO-DEV-8255,79,2026-09-13T06:23:59.221Z
DEMO-DEV-8398,79,2026-09-16T13:17:40.785Z
DEMO-DEV-8457,79,2026-08-22T00:57:55.782Z
DEMO-DEV-8511,79,2026-09-19T19:38:00.917Z
DEMO-DEV-8552,79,2026-07-26T13:22:28.024Z
DEMO-DEV-8608,79,2026-08-28T03:25:26.298Z
DEMO-DEV-8759,79,2026-09-19T07:08:59.307Z
DEMO-DEV-8899,79,2026-09-25T15:37:52.599Z
DEMO-DEV-9000,79,2026-08-31T07:49:33.057Z
DEMO-DEV-9008,79,2026-09-09T04:54:02.446Z
DEMO-DEV-9013,79,2026-09-06T19:47:57.785Z
DEMO-DEV-9025,79,2026-09-13T06:14:46.646Z
DEMO-DEV-9047,79,2026-07-25T14:05:30.524Z
DEMO-DEV-9169,79,2026-09-20T09:04:10.682Z
DEMO-DEV-9190,79,2026-09-30T01:50:06.165Z
DEMO-DEV-9242,79,2026-08-23T09:24:29.778Z
DEMO-DEV-9341,79,2026-09-28T13:53:25.015Z
DEMO-DEV-9373,79,2026-09-18T17:23:33.646Z
DEMO-DEV-9639,79,2026-09-19T04:44:16.727Z
DEMO-DEV-9921,79,2026-09-18T15:02:41.556Z
DEMO-DEV-0038,78,2026-08-18T08:40:26.965Z
DEMO-DEV-0222,78,2026-09-17T02:57:00.409Z
DEMO-DEV-0312,78,2026-08-22T11:08:44.446Z
DEMO-DEV-0428,78,2026-09-01T18:07:39.816Z
DEMO-DEV-0538,78,2026-08-18T07:03:17.969Z
DEMO-DEV-0591,78,2026-09-17T18:58:18.859Z
DEMO-DEV-0603,78,2026-09-23T12:46:39.370Z
DEMO-DEV-0777,78,2026-09-05T15:34:18.786Z
DEMO-DEV-0922,78,2026-08-29T16:25:50.015Z
DEMO-DEV-0989,78,2026-09-28T02:49:57.500Z
DEMO-DEV-0990,78,2026-09-21T10:18:35.987Z
DEMO-DEV-1143,78,2026-08-22T03:53:32.859Z
DEMO-DEV-1191,78,2026-09-02T23:19:14.636Z
DEMO-DEV-1220,78,2026-09-16T07:21:23.446Z
DEMO-DEV-1454,78,2026-09-28T00:24:43.204Z
DEMO-DEV-1470,78,2026-09-25T10:01:26.719Z
DEMO-DEV-1875,78,2026-09-17T11:00:05.403Z
DEMO-DEV-2091,78,2026-09-07T14:47:22.545Z
DEMO-DEV-2167,78,2026-09-29T06:33:31.885Z
DEMO-DEV-2566,78,2026-09-17T19:07:24.289Z
DEMO-DEV-2594,78,2026-09-18T13:18:38.738Z
DEMO-DEV-2835,78,2026-09-25T18:19:29.352Z
DEMO-DEV-3057,78,2026-06-15T22:13:47.120Z
DEMO-DEV-3131,78,2026-09-25T19:35:35.655Z
DEMO-DEV-3329,78,2026-08-29T20:58:25.867Z
DEMO-DEV-3752,78,2026-09-21T06:34:40.057Z
DEMO-DEV-3829,78,2026-09-18T08:54:01.337Z
DEMO-DEV-4071,78,2026-09-09T22:32:47.150Z
DEMO-DEV-4099,78,2026-08-24T01:36:24.172Z
DEMO-DEV-4446,78,2026-09-28T20:29:46.139Z
DEMO-DEV-4502,78,2026-08-16T12:15:59.816Z
DEMO-DEV-4728,78,2026-09-24T17:27:08.661Z
DEMO-DEV-4909,78,2026-09-28T05:46:14.870Z
DEMO-DEV-5136,78,2026-09-11T14:31:00.968Z
DEMO-DEV-5180,78,2026-07-28T13:18:25.472Z
DEMO-DEV-5533,78,2026-09-23T05:08:17.345Z
DEMO-DEV-5779,78,2026-09-06T04:16:45.877Z
DEMO-DEV-6056,78,2026-08-30T07:48:24.926Z
DEMO-DEV-6161,78,2026-09-23T11:00:24.315Z
DEMO-DEV-6463,78,2026-09-18T17:35:04.337Z
DEMO-DEV-6575,78,2026-09-27T19:19:13.268Z
DEMO-DEV-6763,78,2026-09-26T12:24:05.727Z
DEMO-DEV-6930,78,2026-09-18T23:27:51.868Z
DEMO-DEV-6952,78,2026-09-19T21:25:54.879Z
DEMO-DEV-6972,78,2026-09-08T07:14:29.974Z
DEMO-DEV-7262,78,2026-09-18T23:46:22.298Z
DEMO-DEV-7415,78,2026-09-20T07:56:12.325Z
DEMO-DEV-7465,78,2026-09-11T06:42:29.165Z
DEMO-DEV-7537,78,2026-09-09T08:28:25.816Z
DEMO-DEV-7577,78,2026-09-19T08:46:50.841Z
DEMO-DEV-7626,78,2026-09-29T21:00:23.537Z
DEMO-DEV-7890,78,2026-09-15T23:28:00.877Z
DEMO-DEV-7918,78,2026-09-21T04:50:14.975Z
DEMO-DEV-8342,78,2026-09-21T12:53:45.648Z
DEMO-DEV-8385,78,2026-09-09T02:36:45.915Z
DEMO-DEV-8636,78,2026-09-26T22:19:57.239Z
DEMO-DEV-8637,78,2026-09-28T17:31:46.524Z
DEMO-DEV-8653,78,2026-09-24T18:54:56.165Z
DEMO-DEV-8986,78,2026-09-24T05:02:25.254Z
DEMO-DEV-9142,78,2026-09-24T16:27:31.403Z
DEMO-DEV-9466,78,2026-09-25T14:25:19.926Z
DEMO-DEV-9497,78,2026-09-23T18:01:45.993Z
DEMO-DEV-9543,78,2026-08-31T19:09:13.785Z
DEMO-DEV-9574,78,2026-09-15T05:04:43.264Z
DEMO-DEV-9667,78,2026-09-20T16:11:07.138Z
DEMO-DEV-9675,78,2026-09-02T03:17:49.917Z
DEMO-DEV-9741,78,2026-09-23T15:59:01.253Z
DEMO-DEV-0448,77,2026-09-29T21:40:05.817Z
DEMO-DEV-0539,77,2026-08-29T13:06:03.976Z
DEMO-DEV-0718,77,2026-09-28T19:10:32.003Z
DEMO-DEV-1025,77,2026-09-27T10:46:21.786Z
DEMO-DEV-1219,77,2026-09-29T11:13:14.505Z
DEMO-DEV-1479,77,2026-09-25T12:28:16.090Z
DEMO-DEV-1694,77,2026-07-30T05:49:55.387Z
DEMO-DEV-1725,77,2026-09-08T04:17:23.253Z
DEMO-DEV-2040,77,2026-09-26T13:06:58.795Z
DEMO-DEV-2277,77,2026-09-08T11:59:07.778Z
DEMO-DEV-2325,77,2026-08-17T07:30:20.666Z
DEMO-DEV-2342,77,2026-09-25T20:39:31.368Z
DEMO-DEV-2493,77,2026-08-01T01:39:14.246Z
DEMO-DEV-2621,77,2026-09-26T15:37:13.037Z
DEMO-DEV-3001,77,2026-09-27T00:14:18.839Z
DEMO-DEV-3069,77,2026-09-30T01:25:59.161Z
DEMO-DEV-3163,77,2026-09-01T04:54:49.646Z
DEMO-DEV-3381,77,2026-09-16T02:23:02.948Z
DEMO-DEV-3497,77,2026-09-27T16:36:02.653Z
DEMO-DEV-3580,77,2026-09-17T16:22:03.493Z
DEMO-DEV-3615,77,2026-08-02T22:04:33.877Z
DEMO-DEV-3619,77,2026-09-26T19:12:35.719Z
DEMO-DEV-4032,77,2026-08-25T11:41:39.605Z
DEMO-DEV-4085,77,2026-09-26T08:11:04.966Z
DEMO-DEV-4103,77,2026-09-18T15:41:09.264Z
DEMO-DEV-4261,77,2026-09-21T11:15:11.719Z
DEMO-DEV-4528,77,2026-09-29T13:55:13.038Z
DEMO-DEV-4898,77,2026-09-10T15:52:36.735Z
DEMO-DEV-4956,77,2026-09-12T02:35:00.038Z
DEMO-DEV-4997,77,2026-09-15T18:29:05.892Z
DEMO-DEV-5296,77,2026-09-15T23:19:58.337Z
DEMO-DEV-5695,77,2026-09-29T04:45:27.307Z
DEMO-DEV-5997,77,2026-09-22T22:17:43.466Z
DEMO-DEV-6598,77,2026-09-17T23:00:32.966Z
DEMO-DEV-6743,77,2026-09-24T05:38:26.460Z
DEMO-DEV-6853,77,2026-09-03T10:07:52.168Z
DEMO-DEV-7497,77,2026-09-21T13:15:18.535Z
DEMO-DEV-7620,77,2026-09-12T02:07:51.003Z
DEMO-DEV-8064,77,2026-08-29T03:11:07.692Z
DEMO-DEV-8142,77,2026-08-29T06:17:47.804Z
DEMO-DEV-8173,77,2026-08-30T04:28:35.063Z
DEMO-DEV-8263,77,2026-09-25T05:48:49.661Z
DEMO-DEV-8381,77,2026-09-29T18:02:03.402Z
DEMO-DEV-8532,77,2026-09-22T18:17:34.485Z
DEMO-DEV-8628,77,2026-09-12T20:34:01.989Z
DEMO-DEV-8688,77,2026-09-29T07:18:24.172Z
DEMO-DEV-8741,77,2026-09-27T00:19:29.782Z
DEMO-DEV-8835,77,2026-09-24T05:02:27.527Z
DEMO-DEV-8966,77,2026-09-28T03:07:20.557Z
DEMO-DEV-9020,77,2026-09-22T05:03:38.246Z
DEMO-DEV-9251,77,2026-09-29T05:13:01.189Z
DEMO-DEV-9480,77,2026-09-24T06:39:19.160Z
DEMO-DEV-9707,77,2026-09-23T04:09:54.578Z
DEMO-DEV-9731,77,2026-09-01T09:08:45.727Z
DEMO-DEV-9780,77,2026-09-15T01:20:18.754Z
DEMO-DEV-9887,77,2026-09-06T17:55:34.989Z
DEMO-DEV-9977,77,2026-09-09T09:30:46.778Z
DEMO-DEV-0157,76,2026-09-23T14:09:44.817Z
DEMO-DEV-0345,76,2026-08-21T19:05:39.965Z
DEMO-DEV-0496,76,2026-09-23T15:30:24.253Z
DEMO-DEV-0560,76,2026-09-27T22:19:37.485Z
DEMO-DEV-0644,76,2026-09-20T14:38:59.727Z
DEMO-DEV-0761,76,2026-09-01T02:21:07.183Z
DEMO-DEV-0973,76,2026-08-28T13:08:25.817Z
DEMO-DEV-0995,76,2026-09-27T05:43:14.221Z
DEMO-DEV-1153,76,2026-09-23T19:09:01.155Z
DEMO-DEV-1366,76,2026-09-08T13:52:02.885Z
DEMO-DEV-1399,76,2026-09-09T17:35:22.508Z
DEMO-DEV-1541,76,2026-08-11T07:30:23.352Z
DEMO-DEV-1666,76,2026-09-28T09:30:46.968Z
DEMO-DEV-1710,76,2026-08-29T18:17:24.289Z
DEMO-DEV-2263,76,2026-09-26T04:36:54.661Z
DEMO-DEV-2387,76,2026-09-17T02:15:10.786Z
DEMO-DEV-2516,76,2026-09-05T00:28:51.455Z
DEMO-DEV-2831,76,2026-08-17T16:31:02.004Z
DEMO-DEV-3023,76,2026-09-29T07:59:56.470Z
DEMO-DEV-3025,76,2026-09-16T11:36:06.989Z
DEMO-DEV-3346,76,2026-09-11T20:48:22.246Z
DEMO-DEV-3355,76,2026-09-27T07:06:49.189Z
DEMO-DEV-3945,76,2026-08-29T10:06:36.352Z
DEMO-DEV-4074,76,2026-09-18T02:48:33.387Z
DEMO-DEV-4092,76,2026-09-23T17:52:42.026Z
DEMO-DEV-4164,76,2026-09-16T05:17:04.929Z
DEMO-DEV-4682,76,2026-09-27T18:23:16.879Z
DEMO-DEV-4984,76,2026-09-24T08:57:10.302Z
DEMO-DEV-5032,76,2026-09-27T19:18:46.811Z
DEMO-DEV-5036,76,2026-09-25T07:05:10.319Z
DEMO-DEV-5077,76,2026-09-22T14:57:10.676Z
DEMO-DEV-5153,76,2026-09-27T10:53:11.172Z
DEMO-DEV-5963,76,2026-09-05T09:18:49.045Z
DEMO-DEV-6119,76,2026-09-02T09:25:59.950Z
DEMO-DEV-6128,76,2026-09-28T19:41:45.428Z
DEMO-DEV-6417,76,2026-09-23T10:22:56.692Z
DEMO-DEV-6980,76,2026-08-27T02:15:05.307Z
DEMO-DEV-7352,76,2026-09-17T02:44:18.987Z
DEMO-DEV-7566,76,2026-09-29T01:06:59.799Z
DEMO-DEV-7571,76,2026-08-10T06:27:36.138Z
DEMO-DEV-7835,76,2026-09-08T21:56:07.087Z
DEMO-DEV-8060,76,2026-09-19T18:25:30.308Z
DEMO-DEV-8098,76,2026-09-27T13:17:59.167Z
DEMO-DEV-8102,76,2026-09-29T18:20:33.863Z
DEMO-DEV-8660,76,2026-08-30T22:58:12.792Z
DEMO-DEV-8724,76,2026-09-26T11:31:36.057Z
DEMO-DEV-8995,76,2026-09-28T03:06:20.913Z
DEMO-DEV-9509,76,2026-07-14T23:04:07.597Z
DEMO-DEV-9790,76,2026-09-15T12:30:11.298Z
DEMO-DEV-9844,76,2026-09-21T14:41:17.752Z
DEMO-DEV-9891,76,2026-09-11T04:00:41.250Z
DEMO-DEV-9936,76,2026-09-13T02:23:23.004Z
DEMO-DEV-0853,75,2026-09-03T08:03:02.519Z
DEMO-DEV-0891,75,2026-08-18T19:31:44.639Z
DEMO-DEV-1162,75,2026-09-15T15:45:52.605Z
DEMO-DEV-1262,75,2026-09-06T22:41:49.817Z
DEMO-DEV-1627,75,2026-09-11T01:12:28.172Z
DEMO-DEV-2034,75,2026-09-25T08:44:51.090Z
DEMO-DEV-2180,75,2026-09-02T05:05:11.524Z
DEMO-DEV-2265,75,2026-08-30T04:18:16.015Z
DEMO-DEV-2681,75,2026-08-27T10:23:27.639Z
DEMO-DEV-2802,75,2026-09-23T08:50:40.969Z
DEMO-DEV-3127,75,2026-09-14T17:55:36.023Z
DEMO-DEV-3656,75,2026-09-30T00:56:54.390Z
DEMO-DEV-3721,75,2026-08-10T21:11:14.003Z
DEMO-DEV-4929,75,2026-09-29T19:22:24.253Z
DEMO-DEV-5171,75,2026-09-28T00:38:07.183Z
DEMO-DEV-5307,75,2026-09-26T07:39:46.806Z
DEMO-DEV-5416,75,2026-09-17T00:08:26.811Z
DEMO-DEV-5474,75,2026-09-12T14:04:45.253Z
DEMO-DEV-5698,75,2026-09-11T19:48:56.568Z
DEMO-DEV-5782,75,2026-08-29T01:11:32.639Z
DEMO-DEV-5942,75,2026-09-12T20:13:36.208Z
DEMO-DEV-6002,75,2026-08-30T06:44:54.735Z
DEMO-DEV-6246,75,2026-09-17T07:28:31.391Z
DEMO-DEV-7650,75,2026-09-02T03:29:00.250Z
DEMO-DEV-7885,75,2026-08-27T14:49:41.246Z
DEMO-DEV-8278,75,2026-09-09T22:58:19.239Z
DEMO-DEV-8368,75,2026-09-25T22:35:52.989Z
DEMO-DEV-8419,75,2026-09-07T18:23:00.173Z
DEMO-DEV-8800,75,2026-08-30T07:10:19.785Z
DEMO-DEV-9291,75,2026-09-12T12:38:23.298Z
DEMO-DEV-9337,75,2026-08-30T17:55:45.462Z
DEMO-DEV-9356,75,2026-08-14T14:10:00.738Z
DEMO-DEV-9579,75,2026-09-19T10:17:28.914Z
DEMO-DEV-9712,75,2026-09-01T13:30:55.354Z
DEMO-DEV-9814,75,2026-09-20T13:08:11.014Z
DEMO-DEV-0009,74,2026-08-07T23:05:58.666Z
DEMO-DEV-0094,74,2026-09-29T04:02:47.949Z
DEMO-DEV-0155,74,2026-09-10T21:48:02.302Z
DEMO-DEV-0171,74,2026-08-29T04:10:41.658Z
DEMO-DEV-0531,74,2026-09-29T14:51:19.870Z
DEMO-DEV-0651,74,2026-09-19T02:27:56.915Z
DEMO-DEV-0655,74,2026-09-22T06:31:43.462Z
DEMO-DEV-0724,74,2026-09-26T08:19:44.168Z
DEMO-DEV-0811,74,2026-09-03T01:43:23.387Z
DEMO-DEV-0812,74,2026-08-20T20:03:00.300Z
DEMO-DEV-2039,74,2026-07-26T02:00:25.655Z
DEMO-DEV-2220,74,2026-09-26T00:11:31.173Z
DEMO-DEV-2517,74,2026-09-27T16:08:37.527Z
DEMO-DEV-2746,74,2026-09-17T21:50:01.080Z
DEMO-DEV-2912,74,2026-08-24T15:27:37.298Z
DEMO-DEV-3113,74,2026-09-09T23:34:34.203Z
DEMO-DEV-3975,74,2026-09-03T10:02:23.974Z
DEMO-DEV-4073,74,2026-09-26T23:44:46.867Z
DEMO-DEV-4111,74,2026-08-31T10:53:59.879Z
DEMO-DEV-4259,74,2026-09-19T08:27:23.218Z
DEMO-DEV-4294,74,2026-09-26T11:00:40.139Z
DEMO-DEV-4620,74,2026-09-16T05:49:26.646Z
DEMO-DEV-4676,74,2026-09-16T04:50:36.825Z
DEMO-DEV-4713,74,2026-09-21T08:00:48.264Z
DEMO-DEV-5039,74,2026-09-19T13:34:20.989Z
DEMO-DEV-5290,74,2026-09-29T22:12:51.397Z
DEMO-DEV-5303,74,2026-09-23T09:29:34.917Z
DEMO-DEV-5440,74,2026-08-06T11:55:34.443Z
DEMO-DEV-6042,74,2026-09-26T10:01:40.607Z
DEMO-DEV-6616,74,2026-09-11T14:13:06.026Z
DEMO-DEV-7332,74,2026-08-29T02:23:25.891Z
DEMO-DEV-7385,74,2026-09-28T13:22:48.646Z
DEMO-DEV-7400,74,2026-08-17T18:46:40.597Z
DEMO-DEV-7475,74,2026-09-27T03:11:34.666Z
DEMO-DEV-8245,74,2026-09-22T07:25:42.472Z
DEMO-DEV-8850,74,2026-07-19T15:51:50.524Z
DEMO-DEV-9048,74,2026-07-29T07:14:50.735Z
DEMO-DEV-9129,74,2026-09-19T16:22:47.969Z
DEMO-DEV-9410,74,2026-09-26T16:23:21.885Z
DEMO-DEV-9638,74,2026-09-23T16:08:12.234Z
DEMO-DEV-9659,74,2026-09-25T19:49:16.948Z
DEMO-DEV-9668,74,2026-09-12T09:54:17.605Z
DEMO-DEV-9742,74,2026-09-23T01:20:35.246Z
DEMO-DEV-0242,73,2026-09-05T00:26:45.557Z
DEMO-DEV-0392,73,2026-09-24T15:08:20.493Z
DEMO-DEV-1197,73,2026-07-11T01:14:52.354Z
DEMO-DEV-1397,73,2026-09-18T16:26:15.646Z
DEMO-DEV-1764,73,2026-07-16T18:56:49.612Z
DEMO-DEV-2134,73,2026-09-10T03:47:01.976Z
DEMO-DEV-2403,73,2026-09-27T19:37:40.666Z
DEMO-DEV-2421,73,2026-07-12T20:39:56.992Z
DEMO-DEV-4158,73,2026-09-25T04:44:27.068Z
DEMO-DEV-5207,73,2026-08-10T00:38:41.003Z
DEMO-DEV-5807,73,2026-08-16T19:12:39.073Z
DEMO-DEV-6472,73,2026-09-21T20:25:46.799Z
DEMO-DEV-7333,73,2026-09-05T17:05:44.037Z
DEMO-DEV-7973,73,2026-09-29T21:11:02.702Z
DEMO-DEV-0193,72,2026-09-16T03:36:47.150Z
DEMO-DEV-0934,72,2026-09-30T02:52:59.026Z
DEMO-DEV-2476,72,2026-09-04T18:04:44.246Z
DEMO-DEV-2822,72,2026-07-29T13:17:08.929Z
DEMO-DEV-3174,72,2026-09-13T17:35:22.719Z
DEMO-DEV-4014,72,2026-09-18T08:25:40.026Z
DEMO-DEV-4061,72,2026-08-27T13:10:55.443Z
DEMO-DEV-4595,72,2026-09-05T09:05:20.803Z
DEMO-DEV-5404,72,2026-09-01T17:20:51.568Z
DEMO-DEV-7237,72,2026-09-10T19:36:16.688Z
DEMO-DEV-7269,72,2026-09-25T05:22:14.015Z
DEMO-DEV-7369,72,2026-09-15T03:51:56.443Z
DEMO-DEV-7703,72,2026-09-12T15:24:13.863Z
DEMO-DEV-8618,72,2026-09-11T03:09:54.646Z
DEMO-DEV-8661,72,2026-09-10T02:32:20.090Z
DEMO-DEV-9365,72,2026-09-08T06:10:55.394Z
DEMO-DEV-9690,72,2026-09-24T15:25:54.325Z
DEMO-DEV-0341,71,2026-09-26T07:08:20.859Z
DEMO-DEV-0846,71,2026-09-29T20:05:52.778Z
DEMO-DEV-1242,71,2026-09-20T06:39:32.806Z
DEMO-DEV-1814,71,2026-09-27T03:11:23.203Z
DEMO-DEV-4551,71,2026-08-29T02:46:32.167Z
DEMO-DEV-5412,71,2026-09-10T19:39:09.075Z
DEMO-DEV-6369,71,2026-09-12T17:51:46.535Z
DEMO-DEV-6423,71,2026-09-17T00:47:43.307Z
DEMO-DEV-7129,71,2026-08-29T09:56:21.816Z
DEMO-DEV-7486,71,2026-09-21T21:12:15.754Z
DEMO-DEV-0494,70,2026-07-30T22:57:33.366Z
DEMO-DEV-3136,70,2026-09-01T15:37:58.653Z
DEMO-DEV-4191,70,2026-09-11T20:48:51.015Z
DEMO-DEV-6458,70,2026-09-23T15:26:21.252Z
DEMO-DEV-8792,70,2026-08-30T21:46:20.024Z
DEMO-DEV-3388,69,2026-09-26T00:40:12.027Z
DEMO-DEV-8686,69,2026-08-27T22:57:08.337Z
DEMO-DEV-3165,68,2026-06-15T09:09:53.646Z
DEMO-DEV-3653,68,2026-09-25T20:54:59.038Z
DEMO-DEV-6212,68,2026-09-15T14:28:05.824Z
DEMO-DEV-2999,67,2026-09-12T05:39:01.989Z
DEMO-DEV-3459,67,2026-09-27T14:25:48.470Z
DEMO-DEV-5640,67,2026-09-24T17:30:08.288Z
DEMO-DEV-4608,66,2026-08-19T05:17:57.523Z
DEMO-DEV-0597,65,2026-09-29T11:56:16.173Z
DEMO-DEV-2177,65,2026-09-28T01:24:19.612Z
DEMO-DEV-8337,65,2026-08-15T07:23:09.307Z
DEMO-DEV-3866,63,2026-09-21T16:14:37.120Z
DEMO-DEV-2243,60,2026-07-28T15:30:04.472Z
