device_id,repair_count,device_code,device_name,department_id
DEMO-DEV-4560,8,DEMO-4560,ECG Machine,42ee3277-2e48-431d-b386-6ea209c2fcab
DEMO-DEV-0602,8,DEMO-0602,Autoclave,e19c99a4-ade8-4c7f-a494-8746650c680c
DEMO-DEV-2765,8,DEMO-2765,Ultrasound System,f1bd3fb4-d29a-4a49-a73f-fcb9d140af66
DEMO-DEV-3024,8,DEMO-3024,Anesthesia Machine,35abc5ec-fbe4-40a6-8752-2cba3fb328ba
DEMO-DEV-8252,8,DEMO-8252,Autoclave,7fa95649-4f83-4422-99e3-aecc70af8737
DEMO-DEV-8756,8,DEMO-8756,Patient Monitor,02e6a10b-282c-4bf5-a61a-547e12683222
DEMO-DEV-0775,8,DEMO-0775,Ultrasound System,de1fc8ff-31ca-453a-8e05-4ef6f6344a89
DEMO-DEV-1155,8,DEMO-1155,Infusion Pump,5e9a7ead-ebbc-4d90-9dfa-960b95ff7c32
DEMO-DEV-1840,8,DEMO-1840,Infusion Pump,5221b7d8-06db-4aae-aaff-9bb16ecffd99
DEMO-DEV-2111,8,DEMO-2111,X-Ray System,fb688ffc-1b11-4eff-98f2-9ddc42bee05d
DEMO-DEV-2392,8,DEMO-2392,Ventilator,fb688ffc-1b11-4eff-98f2-9ddc42bee05d
DEMO-DEV-2717,8,DEMO-2717,ECG Machine,d5382c80-abaa-4a87-b4a1-cb76fb0f264c
DEMO-DEV-3176,8,DEMO-3176,Pulse Oximeter,dbf5de02-231e-458c-9575-ad273ed5f5b8
DEMO-DEV-3701,8,DEMO-3701,Ventilator,dbf5de02-231e-458c-9575-ad273ed5f5b8
DEMO-DEV-4536,8,DEMO-4536,Ultrasound System,f1bd3fb4-d29a-4a49-a73f-fcb9d140af66
DEMO-DEV-5600,8,DEMO-5600,Autoclave,7fa95649-4f83-4422-99e3-aecc70af8737
DEMO-DEV-6439,8,DEMO-6439,Ventilator,dbf5de02-231e-458c-9575-ad273ed5f5b8
DEMO-DEV-7927,8,DEMO-7927,Defibrillator,fb688ffc-1b11-4eff-98f2-9ddc42bee05d
DEMO-DEV-8257,8,DEMO-8257,Autoclave,e19c99a4-ade8-4c7f-a494-8746650c680c
DEMO-DEV-8671,8,DEMO-8671,ECG Machine,d5382c80-abaa-4a87-b4a1-cb76fb0f264c
DEMO-DEV-8895,8,DEMO-8895,Anesthesia Machine,3063f084-58b4-4185-9334-5219ca4fd060
DEMO-DEV-9278,8,DEMO-9278,Autoclave,e19c99a4-ade8-4c7f-a494-8746650c680c
DEMO-DEV-0062,8,DEMO-0062,Electrosurgical Unit,02e6a10b-282c-4bf5-a61a-547e12683222
DEMO-DEV-0116,8,DEMO-0116,Infusion Pump,fb688ffc-1b11-4eff-98f2-9ddc42bee05d
DEMO-DEV-0118,8,DEMO-0118,Ventilator,dbf5de02-231e-458c-9575-ad273ed5f5b8
DEMO-DEV-0210,8,DEMO-0210,Autoclave,087cb0cc-f07b-4d69-aa97-f0fb17ac6bf5
DEMO-DEV-0215,8,DEMO-0215,Autoclave,e19c99a4-ade8-4c7f-a494-8746650c680c
DEMO-DEV-0267,8,DEMO-0267,Defibrillator,fb688ffc-1b11-4eff-98f2-9ddc42bee05d
DEMO-DEV-0339,8,DEMO-0339,Ultrasound System,f1bd3fb4-d29a-4a49-a73f-fcb9d140af66
DEMO-DEV-0364,8,DEMO-0364,Autoclave,7fa95649-4f83-4422-99e3-aecc70af8737
DEMO-DEV-0540,8,DEMO-0540,Defibrillator,fb688ffc-1b11-4eff-98f2-9ddc42bee05d
DEMO-DEV-0545,8,DEMO-0545,Electrosurgical Unit,7fa95649-4f83-4422-99e3-aecc70af8737
DEMO-DEV-0565,8,DEMO-0565,Ventilator,dbf5de02-231e-458c-9575-ad273ed5f5b8
DEMO-DEV-0576,8,DEMO-0576,Ventilator,fb688ffc-1b11-4eff-98f2-9ddc42bee05d
DEMO-DEV-0755,8,DEMO-0755,Ultrasound System,42ee3277-2e48-431d-b386-6ea209c2fcab
DEMO-DEV-0791,8,DEMO-0791,Infusion Pump,02e6a10b-282c-4bf5-a61a-547e12683222
DEMO-DEV-0817,8,DEMO-0817,X-Ray System,fb688ffc-1b11-4eff-98f2-9ddc42bee05d
DEMO-DEV-0840,8,DEMO-0840,Electrosurgical Unit,7fa95649-4f83-4422-99e3-aecc70af8737
DEMO-DEV-0857,8,DEMO-0857,Autoclave,e19c99a4-ade8-4c7f-a494-8746650c680c
DEMO-DEV-0875,8,DEMO-0875,Defibrillator,fb688ffc-1b11-4eff-98f2-9ddc42bee05d
DEMO-DEV-0998,8,DEMO-0998,Defibrillator,fb688ffc-1b11-4eff-98f2-9ddc42bee05d
DEMO-DEV-1011,8,DEMO-1011,Infusion Pump,5e9a7ead-ebbc-4d90-9dfa-960b95ff7c32
DEMO-DEV-1059,8,DEMO-1059,X-Ray System,f1bd3fb4-d29a-4a49-a73f-fcb9d140af66
DEMO-DEV-1113,8,DEMO-1113,Syringe Pump,d5382c80-abaa-4a87-b4a1-cb76fb0f264c
DEMO-DEV-1115,8,DEMO-1115,Anesthesia Machine,4aa84ab5-5871-45cf-84b9-0fff65358075
DEMO-DEV-1131,8,DEMO-1131,Ultrasound System,f1bd3fb4-d29a-4a49-a73f-fcb9d140af66
DEMO-DEV-1202,8,DEMO-1202,Defibrillator,fb688ffc-1b11-4eff-98f2-9ddc42bee05d
DEMO-DEV-1218,8,DEMO-1218,Electrosurgical Unit,053d4a00-e594-4305-ae71-a96c95a13530
DEMO-DEV-1221,8,DEMO-1221,X-Ray System,fb688ffc-1b11-4eff-98f2-9ddc42bee05d
DEMO-DEV-1240,8,DEMO-1240,Anesthesia Machine,5cbbfa1e-37f3-448b-a3bd-d3f30054ca16
DEMO-DEV-1276,8,DEMO-1276,ECG Machine,fb688ffc-1b11-4eff-98f2-9ddc42bee05d
DEMO-DEV-1285,8,DEMO-1285,ECG Machine,42ee3277-2e48-431d-b386-6ea209c2fcab
DEMO-DEV-1320,8,DEMO-1320,Infusion Pump,3063f084-58b4-4185-9334-5219ca4fd060
DEMO-DEV-1345,8,DEMO-1345,Patient Monitor,fb688ffc-1b11-4eff-98f2-9ddc42bee05d
DEMO-DEV-1365,8,DEMO-1365,ECG Machine,fb688ffc-1b11-4eff-98f2-9ddc42bee05d
DEMO-DEV-1551,8,DEMO-1551,Patient Monitor,fb688ffc-1b11-4eff-98f2-9ddc42bee05d
DEMO-DEV-1584,8,DEMO-1584,Pulse Oximeter,3063f084-58b4-4185-9334-5219ca4fd060
DEMO-DEV-1609,8,DEMO-1609,Anesthesia Machine,e19c99a4-ade8-4c7f-a494-8746650c680c
DEMO-DEV-1683,8,DEMO-1683,Infusion Pump,3abaabf6-cb3c-4665-9bf7-51e15d6b83a6
DEMO-DEV-1746,8,DEMO-1746,X-Ray System,f1bd3fb4-d29a-4a49-a73f-fcb9d140af66
DEMO-DEV-1889,8,DEMO-1889,Electrosurgical Unit,5221b7d8-06db-4aae-aaff-9bb16ecffd99
DEMO-DEV-1906,8,DEMO-1906,Autoclave,e19c99a4-ade8-4c7f-a494-8746650c680c
DEMO-DEV-2215,8,DEMO-2215,Defibrillator,fb688ffc-1b11-4eff-98f2-9ddc42bee05d
DEMO-DEV-2264,8,DEMO-2264,Autoclave,e19c99a4-ade8-4c7f-a494-8746650c680c
DEMO-DEV-2364,8,DEMO-2364,Infusion Pump,dbf5de02-231e-458c-9575-ad273ed5f5b8
DEMO-DEV-2466,8,DEMO-2466,Syringe Pump,5e9a7ead-ebbc-4d90-9dfa-960b95ff7c32
DEMO-DEV-2589,8,DEMO-2589,Ventilator,fb688ffc-1b11-4eff-98f2-9ddc42bee05d
DEMO-DEV-2633,8,DEMO-2633,X-Ray System,f1bd3fb4-d29a-4a49-a73f-fcb9d140af66
DEMO-DEV-2670,8,DEMO-2670,Infusion Pump,dbf5de02-231e-458c-9575-ad273ed5f5b8
DEMO-DEV-2674,8,DEMO-2674,Patient Monitor,02e6a10b-282c-4bf5-a61a-547e12683222
DEMO-DEV-3056,8,DEMO-3056,Patient Monitor,d5382c80-abaa-4a87-b4a1-cb76fb0f264c
DEMO-DEV-3059,8,DEMO-3059,Infusion Pump,5221b7d8-06db-4aae-aaff-9bb16ecffd99
DEMO-DEV-3073,8,DEMO-3073,Electrosurgical Unit,de1fc8ff-31ca-453a-8e05-4ef6f6344a89
DEMO-DEV-3131,8,DEMO-3131,Infusion Pump,8e27f500-7d94-4ee5-be36-9f990b34e092
DEMO-DEV-3161,8,DEMO-3161,Patient Monitor,d5382c80-abaa-4a87-b4a1-cb76fb0f264c
DEMO-DEV-3200,8,DEMO-3200,Infusion Pump,3063f084-58b4-4185-9334-5219ca4fd060
DEMO-DEV-3211,8,DEMO-3211,Syringe Pump,3063f084-58b4-4185-9334-5219ca4fd060
DEMO-DEV-3286,8,DEMO-3286,Pulse Oximeter,5e9a7ead-ebbc-4d90-9dfa-960b95ff7c32
DEMO-DEV-3352,8,DEMO-3352,Patient Monitor,fb688ffc-1b11-4eff-98f2-9ddc42bee05d
DEMO-DEV-3356,8,DEMO-3356,Patient Monitor,3063f084-58b4-4185-9334-5219ca4fd060
DEMO-DEV-3393,8,DEMO-3393,X-Ray System,f1bd3fb4-d29a-4a49-a73f-fcb9d140af66
DEMO-DEV-3399,8,DEMO-3399,Ultrasound System,42ee3277-2e48-431d-b386-6ea209c2fcab
DEMO-DEV-3487,8,DEMO-3487,Infusion Pump,5e9a7ead-ebbc-4d90-9dfa-960b95ff7c32
DEMO-DEV-3662,8,DEMO-3662,Ultrasound System,de1fc8ff-31ca-453a-8e05-4ef6f6344a89
DEMO-DEV-3676,8,DEMO-3676,Autoclave,7fa95649-4f83-4422-99e3-aecc70af8737
DEMO-DEV-3699,8,DEMO-3699,Autoclave,7fa95649-4f83-4422-99e3-aecc70af8737
DEMO-DEV-3745,8,DEMO-3745,ECG Machine,5e9a7ead-ebbc-4d90-9dfa-960b95ff7c32
DEMO-DEV-3761,8,DEMO-3761,Electrosurgical Unit,7fa95649-4f83-4422-99e3-aecc70af8737
DEMO-DEV-3815,8,DEMO-3815,Infusion Pump,5221b7d8-06db-4aae-aaff-9bb16ecffd99
DEMO-DEV-3819,8,DEMO-3819,Syringe Pump,5e9a7ead-ebbc-4d90-9dfa-960b95ff7c32
DEMO-DEV-3894,8,DEMO-3894,Pulse Oximeter,fb688ffc-1b11-4eff-98f2-9ddc42bee05d
DEMO-DEV-3919,8,DEMO-3919,Infusion Pump,5e9a7ead-ebbc-4d90-9dfa-960b95ff7c32
DEMO-DEV-3950,8,DEMO-3950,Anesthesia Machine,4aa84ab5-5871-45cf-84b9-0fff65358075
DEMO-DEV-4236,8,DEMO-4236,Patient Monitor,02e6a10b-282c-4bf5-a61a-547e12683222
DEMO-DEV-4282,8,DEMO-4282,Syringe Pump,3abaabf6-cb3c-4665-9bf7-51e15d6b83a6
DEMO-DEV-4345,8,DEMO-4345,Anesthesia Machine,f75d2bae-4cbf-4736-ae9b-4da7cbd1dada
DEMO-DEV-4393,8,DEMO-4393,Ventilator,fb688ffc-1b11-4eff-98f2-9ddc42bee05d
DEMO-DEV-4405,8,DEMO-4405,Anesthesia Machine,4aa84ab5-5871-45cf-84b9-0fff65358075
DEMO-DEV-4691,8,DEMO-4691,Syringe Pump,3abaabf6-cb3c-4665-9bf7-51e15d6b83a6
DEMO-DEV-4711,8,DEMO-4711,Pulse Oximeter,d5382c80-abaa-4a87-b4a1-cb76fb0f264c
DEMO-DEV-4746,8,DEMO-4746,ECG Machine,5e9a7ead-ebbc-4d90-9dfa-960b95ff7c32
DEMO-DEV-4760,8,DEMO-4760,ECG Machine,3063f084-58b4-4185-9334-5219ca4fd060
DEMO-DEV-4909,8,DEMO-4909,Defibrillator,fb688ffc-1b11-4eff-98f2-9ddc42bee05d
DEMO-DEV-4938,8,DEMO-4938,Patient Monitor,fb688ffc-1b11-4eff-98f2-9ddc42bee05d
DEMO-DEV-5041,8,DEMO-5041,Patient Monitor,8e27f500-7d94-4ee5-be36-9f990b34e092
DEMO-DEV-5077,8,DEMO-5077,Ventilator,fb688ffc-1b11-4eff-98f2-9ddc42bee05d
DEMO-DEV-5295,8,DEMO-5295,Electrosurgical Unit,5221b7d8-06db-4aae-aaff-9bb16ecffd99
DEMO-DEV-5309,8,DEMO-5309,Patient Monitor,3063f084-58b4-4185-9334-5219ca4fd060
DEMO-DEV-5435,8,DEMO-5435,Ultrasound System,42ee3277-2e48-431d-b386-6ea209c2fcab
DEMO-DEV-5492,8,DEMO-5492,Autoclave,e19c99a4-ade8-4c7f-a494-8746650c680c
DEMO-DEV-5620,8,DEMO-5620,Pulse Oximeter,dbf5de02-231e-458c-9575-ad273ed5f5b8
DEMO-DEV-5731,8,DEMO-5731,Autoclave,e19c99a4-ade8-4c7f-a494-8746650c680c
DEMO-DEV-5836,8,DEMO-5836,Ultrasound System,f1bd3fb4-d29a-4a49-a73f-fcb9d140af66
DEMO-DEV-5853,8,DEMO-5853,Anesthesia Machine,5efa96ef-94e4-475f-ab85-574e4e8366bd
DEMO-DEV-5861,8,DEMO-5861,Infusion Pump,3abaabf6-cb3c-4665-9bf7-51e15d6b83a6
DEMO-DEV-5908,8,DEMO-5908,Pulse Oximeter,42ee3277-2e48-431d-b386-6ea209c2fcab
DEMO-DEV-5987,8,DEMO-5987,Anesthesia Machine,42ee3277-2e48-431d-b386-6ea209c2fcab
DEMO-DEV-5998,8,DEMO-5998,Ultrasound System,f1bd3fb4-d29a-4a49-a73f-fcb9d140af66
DEMO-DEV-6014,8,DEMO-6014,Pulse Oximeter,42ee3277-2e48-431d-b386-6ea209c2fcab
DEMO-DEV-6025,8,DEMO-6025,Ultrasound System,f1bd3fb4-d29a-4a49-a73f-fcb9d140af66
DEMO-DEV-6028,8,DEMO-6028,Syringe Pump,dbf5de02-231e-458c-9575-ad273ed5f5b8
DEMO-DEV-6142,8,DEMO-6142,Pulse Oximeter,42ee3277-2e48-431d-b386-6ea209c2fcab
DEMO-DEV-6195,8,DEMO-6195,Ultrasound System,42ee3277-2e48-431d-b386-6ea209c2fcab
DEMO-DEV-6234,8,DEMO-6234,Ventilator,dbf5de02-231e-458c-9575-ad273ed5f5b8
DEMO-DEV-6269,8,DEMO-6269,Electrosurgical Unit,053d4a00-e594-4305-ae71-a96c95a13530
DEMO-DEV-6290,8,DEMO-6290,X-Ray System,f1bd3fb4-d29a-4a49-a73f-fcb9d140af66
DEMO-DEV-6318,8,DEMO-6318,Patient Monitor,d5382c80-abaa-4a87-b4a1-cb76fb0f264c
DEMO-DEV-6344,8,DEMO-6344,Patient Monitor,5e9a7ead-ebbc-4d90-9dfa-960b95ff7c32
DEMO-DEV-6420,8,DEMO-6420,Electrosurgical Unit,7fa95649-4f83-4422-99e3-aecc70af8737
DEMO-DEV-6511,8,DEMO-6511,ECG Machine,3063f084-58b4-4185-9334-5219ca4fd060
DEMO-DEV-6557,8,DEMO-6557,Anesthesia Machine,087cb0cc-f07b-4d69-aa97-f0fb17ac6bf5
DEMO-DEV-6577,8,DEMO-6577,Electrosurgical Unit,02e6a10b-282c-4bf5-a61a-547e12683222
DEMO-DEV-6606,8,DEMO-6606,Autoclave,7fa95649-4f83-4422-99e3-aecc70af8737
DEMO-DEV-6623,8,DEMO-6623,Patient Monitor,02e6a10b-282c-4bf5-a61a-547e12683222
DEMO-DEV-6710,8,DEMO-6710,Electrosurgical Unit,7fa95649-4f83-4422-99e3-aecc70af8737
DEMO-DEV-6774,8,DEMO-6774,Infusion Pump,d5382c80-abaa-4a87-b4a1-cb76fb0f264c
DEMO-DEV-6796,8,DEMO-6796,Patient Monitor,02e6a10b-282c-4bf5-a61a-547e12683222
DEMO-DEV-6858,8,DEMO-6858,Infusion Pump,dbf5de02-231e-458c-9575-ad273ed5f5b8
DEMO-DEV-6868,8,DEMO-6868,X-Ray System,f1bd3fb4-d29a-4a49-a73f-fcb9d140af66
DEMO-DEV-6985,8,DEMO-6985,ECG Machine,5e9a7ead-ebbc-4d90-9dfa-960b95ff7c32
DEMO-DEV-7139,8,DEMO-7139,Anesthesia Machine,c4906dc0-8389-4c68-bf7d-24e6b583a877
DEMO-DEV-7260,8,DEMO-7260,Autoclave,7fa95649-4f83-4422-99e3-aecc70af8737
DEMO-DEV-7352,8,DEMO-7352,Infusion Pump,5221b7d8-06db-4aae-aaff-9bb16ecffd99
DEMO-DEV-7365,8,DEMO-7365,Pulse Oximeter,5e9a7ead-ebbc-4d90-9dfa-960b95ff7c32
DEMO-DEV-7379,8,DEMO-7379,X-Ray System,fb688ffc-1b11-4eff-98f2-9ddc42bee05d
DEMO-DEV-7457,8,DEMO-7457,Defibrillator,fb688ffc-1b11-4eff-98f2-9ddc42bee05d
DEMO-DEV-7524,8,DEMO-7524,Electrosurgical Unit,de1fc8ff-31ca-453a-8e05-4ef6f6344a89
DEMO-DEV-7556,8,DEMO-7556,Patient Monitor,d5382c80-abaa-4a87-b4a1-cb76fb0f264c
DEMO-DEV-7642,8,DEMO-7642,Patient Monitor,02e6a10b-282c-4bf5-a61a-547e12683222
DEMO-DEV-7709,8,DEMO-7709,Syringe Pump,dbf5de02-231e-458c-9575-ad273ed5f5b8
DEMO-DEV-7740,8,DEMO-7740,Pulse Oximeter,3063f084-58b4-4185-9334-5219ca4fd060
DEMO-DEV-7814,8,DEMO-7814,ECG Machine,42ee3277-2e48-431d-b386-6ea209c2fcab
DEMO-DEV-7828,8,DEMO-7828,Pulse Oximeter,fb688ffc-1b11-4eff-98f2-9ddc42bee05d
DEMO-DEV-8013,8,DEMO-8013,Anesthesia Machine,d5382c80-abaa-4a87-b4a1-cb76fb0f264c
DEMO-DEV-8017,8,DEMO-8017,ECG Machine,d5382c80-abaa-4a87-b4a1-cb76fb0f264c
DEMO-DEV-8155,8,DEMO-8155,Pulse Oximeter,3063f084-58b4-4185-9334-5219ca4fd060
DEMO-DEV-8171,8,DEMO-8171,Electrosurgical Unit,7fa95649-4f83-4422-99e3-aecc70af8737
DEMO-DEV-8289,8,DEMO-8289,Autoclave,087cb0cc-f07b-4d69-aa97-f0fb17ac6bf5
DEMO-DEV-8297,8,DEMO-8297,Electrosurgical Unit,de1fc8ff-31ca-453a-8e05-4ef6f6344a89
DEMO-DEV-8359,8,DEMO-8359,Autoclave,e19c99a4-ade8-4c7f-a494-8746650c680c
DEMO-DEV-8387,8,DEMO-8387,Infusion Pump,fb688ffc-1b11-4eff-98f2-9ddc42bee05d
DEMO-DEV-8403,8,DEMO-8403,X-Ray System,fb688ffc-1b11-4eff-98f2-9ddc42bee05d
DEMO-DEV-8663,8,DEMO-8663,Patient Monitor,5221b7d8-06db-4aae-aaff-9bb16ecffd99
DEMO-DEV-8730,8,DEMO-8730,Infusion Pump,5221b7d8-06db-4aae-aaff-9bb16ecffd99
DEMO-DEV-8802,8,DEMO-8802,Infusion Pump,5e9a7ead-ebbc-4d90-9dfa-960b95ff7c32
DEMO-DEV-8905,8,DEMO-8905,Ventilator,dbf5de02-231e-458c-9575-ad273ed5f5b8
DEMO-DEV-8941,8,DEMO-8941,Electrosurgical Unit,8e27f500-7d94-4ee5-be36-9f990b34e092
DEMO-DEV-8989,8,DEMO-8989,Autoclave,7fa95649-4f83-4422-99e3-aecc70af8737
DEMO-DEV-9031,8,DEMO-9031,Defibrillator,fb688ffc-1b11-4eff-98f2-9ddc42bee05d
DEMO-DEV-9064,8,DEMO-9064,Syringe Pump,d5382c80-abaa-4a87-b4a1-cb76fb0f264c
DEMO-DEV-9076,8,DEMO-9076,Ventilator,fb688ffc-1b11-4eff-98f2-9ddc42bee05d
DEMO-DEV-9077,8,DEMO-9077,Defibrillator,fb688ffc-1b11-4eff-98f2-9ddc42bee05d
DEMO-DEV-9098,8,DEMO-9098,Autoclave,7fa95649-4f83-4422-99e3-aecc70af8737
DEMO-DEV-9152,8,DEMO-9152,Anesthesia Machine,35abc5ec-fbe4-40a6-8752-2cba3fb328ba
DEMO-DEV-9199,8,DEMO-9199,Syringe Pump,fb688ffc-1b11-4eff-98f2-9ddc42bee05d
DEMO-DEV-9242,8,DEMO-9242,Ultrasound System,de1fc8ff-31ca-453a-8e05-4ef6f6344a89
DEMO-DEV-9308,8,DEMO-9308,Pulse Oximeter,d5382c80-abaa-4a87-b4a1-cb76fb0f264c
DEMO-DEV-9363,8,DEMO-9363,Infusion Pump,02e6a10b-282c-4bf5-a61a-547e12683222
DEMO-DEV-9373,8,DEMO-9373,Autoclave,e19c99a4-ade8-4c7f-a494-8746650c680c
DEMO-DEV-9411,8,DEMO-9411,ECG Machine,fb688ffc-1b11-4eff-98f2-9ddc42bee05d
DEMO-DEV-9427,8,DEMO-9427,Anesthesia Machine,f1bd3fb4-d29a-4a49-a73f-fcb9d140af66
DEMO-DEV-9519,8,DEMO-9519,Syringe Pump,3abaabf6-cb3c-4665-9bf7-51e15d6b83a6
DEMO-DEV-9534,8,DEMO-9534,ECG Machine,42ee3277-2e48-431d-b386-6ea209c2fcab
DEMO-DEV-9571,8,DEMO-9571,Pulse Oximeter,42ee3277-2e48-431d-b386-6ea209c2fcab
DEMO-DEV-9585,8,DEMO-9585,Electrosurgical Unit,8e27f500-7d94-4ee5-be36-9f990b34e092
DEMO-DEV-9611,8,DEMO-9611,ECG Machine,3063f084-58b4-4185-9334-5219ca4fd060
DEMO-DEV-9716,8,DEMO-9716,Pulse Oximeter,5e9a7ead-ebbc-4d90-9dfa-960b95ff7c32
DEMO-DEV-9799,8,DEMO-9799,Autoclave,e19c99a4-ade8-4c7f-a494-8746650c680c
DEMO-DEV-9851,8,DEMO-9851,Patient Monitor,5221b7d8-06db-4aae-aaff-9bb16ecffd99
DEMO-DEV-0087,7,DEMO-0087,Patient Monitor,5e9a7ead-ebbc-4d90-9dfa-960b95ff7c32
DEMO-DEV-6771,7,DEMO-6771,Infusion Pump,3063f084-58b4-4185-9334-5219ca4fd060
DEMO-DEV-0204,7,DEMO-0204,Ultrasound System,de1fc8ff-31ca-453a-8e05-4ef6f6344a89
DEMO-DEV-0566,7,DEMO-0566,Electrosurgical Unit,02e6a10b-282c-4bf5-a61a-547e12683222
DEMO-DEV-0924,7,DEMO-0924,Ultrasound System,42ee3277-2e48-431d-b386-6ea209c2fcab
DEMO-DEV-1713,7,DEMO-1713,Anesthesia Machine,52802a7b-96a8-41fd-8129-b93e575505fd
DEMO-DEV-2619,7,DEMO-2619,Anesthesia Machine,7fa95649-4f83-4422-99e3-aecc70af8737
DEMO-DEV-2789,7,DEMO-2789,Autoclave,087cb0cc-f07b-4d69-aa97-f0fb17ac6bf5
DEMO-DEV-3133,7,DEMO-3133,Ultrasound System,42ee3277-2e48-431d-b386-6ea209c2fcab
DEMO-DEV-3463,7,DEMO-3463,Electrosurgical Unit,02e6a10b-282c-4bf5-a61a-547e12683222
DEMO-DEV-3547,7,DEMO-3547,Autoclave,e19c99a4-ade8-4c7f-a494-8746650c680c
DEMO-DEV-4911,7,DEMO-4911,ECG Machine,5e9a7ead-ebbc-4d90-9dfa-960b95ff7c32
DEMO-DEV-5244,7,DEMO-5244,Ultrasound System,de1fc8ff-31ca-453a-8e05-4ef6f6344a89
DEMO-DEV-8286,7,DEMO-8286,Defibrillator,fb688ffc-1b11-4eff-98f2-9ddc42bee05d
DEMO-DEV-0018,7,DEMO-0018,Anesthesia Machine,dbf5de02-231e-458c-9575-ad273ed5f5b8
DEMO-DEV-0131,7,DEMO-0131,Ultrasound System,f1bd3fb4-d29a-4a49-a73f-fcb9d140af66
DEMO-DEV-0398,7,DEMO-0398,Ventilator,fb688ffc-1b11-4eff-98f2-9ddc42bee05d
DEMO-DEV-0440,7,DEMO-0440,Autoclave,087cb0cc-f07b-4d69-aa97-f0fb17ac6bf5
DEMO-DEV-0470,7,DEMO-0470,Ventilator,dbf5de02-231e-458c-9575-ad273ed5f5b8
DEMO-DEV-0562,7,DEMO-0562,Pulse Oximeter,3063f084-58b4-4185-9334-5219ca4fd060
DEMO-DEV-0651,7,DEMO-0651,ECG Machine,d5382c80-abaa-4a87-b4a1-cb76fb0f264c
DEMO-DEV-0889,7,DEMO-0889,Anesthesia Machine,7fa95649-4f83-4422-99e3-aecc70af8737
DEMO-DEV-0932,7,DEMO-0932,Infusion Pump,d5382c80-abaa-4a87-b4a1-cb76fb0f264c
DEMO-DEV-0993,7,DEMO-0993,ECG Machine,fb688ffc-1b11-4eff-98f2-9ddc42bee05d
DEMO-DEV-1056,7,DEMO-1056,ECG Machine,42ee3277-2e48-431d-b386-6ea209c2fcab
DEMO-DEV-1242,7,DEMO-1242,Ultrasound System,de1fc8ff-31ca-453a-8e05-4ef6f6344a89
DEMO-DEV-1270,7,DEMO-1270,Anesthesia Machine,087cb0cc-f07b-4d69-aa97-f0fb17ac6bf5
DEMO-DEV-1326,7,DEMO-1326,Syringe Pump,5e9a7ead-ebbc-4d90-9dfa-960b95ff7c32
DEMO-DEV-1404,7,DEMO-1404,Pulse Oximeter,dbf5de02-231e-458c-9575-ad273ed5f5b8
DEMO-DEV-1441,7,DEMO-1441,Autoclave,7fa95649-4f83-4422-99e3-aecc70af8737
DEMO-DEV-1563,7,DEMO-1563,Ventilator,fb688ffc-1b11-4eff-98f2-9ddc42bee05d
DEMO-DEV-1570,7,DEMO-1570,Patient Monitor,fb688ffc-1b11-4eff-98f2-9ddc42bee05d
DEMO-DEV-1576,7,DEMO-1576,Pulse Oximeter,42ee3277-2e48-431d-b386-6ea209c2fcab
DEMO-DEV-1751,7,DEMO-1751,Pulse Oximeter,dbf5de02-231e-458c-9575-ad273ed5f5b8
DEMO-DEV-1770,7,DEMO-1770,Ultrasound System,de1fc8ff-31ca-453a-8e05-4ef6f6344a89
DEMO-DEV-1803,7,DEMO-1803,Syringe Pump,3abaabf6-cb3c-4665-9bf7-51e15d6b83a6
DEMO-DEV-1909,7,DEMO-1909,Electrosurgical Unit,053d4a00-e594-4305-ae71-a96c95a13530
DEMO-DEV-1970,7,DEMO-1970,Patient Monitor,d5382c80-abaa-4a87-b4a1-cb76fb0f264c
DEMO-DEV-1981,7,DEMO-1981,Patient Monitor,5221b7d8-06db-4aae-aaff-9bb16ecffd99
DEMO-DEV-1997,7,DEMO-1997,Infusion Pump,d5382c80-abaa-4a87-b4a1-cb76fb0f264c
DEMO-DEV-2063,7,DEMO-2063,Autoclave,e19c99a4-ade8-4c7f-a494-8746650c680c
DEMO-DEV-2109,7,DEMO-2109,Defibrillator,fb688ffc-1b11-4eff-98f2-9ddc42bee05d
DEMO-DEV-2110,7,DEMO-2110,Anesthesia Machine,5e9a7ead-ebbc-4d90-9dfa-960b95ff7c32
DEMO-DEV-2141,7,DEMO-2141,ECG Machine,5e9a7ead-ebbc-4d90-9dfa-960b95ff7c32
DEMO-DEV-2194,7,DEMO-2194,Ultrasound System,de1fc8ff-31ca-453a-8e05-4ef6f6344a89
DEMO-DEV-2318,7,DEMO-2318,Ventilator,dbf5de02-231e-458c-9575-ad273ed5f5b8
DEMO-DEV-2367,7,DEMO-2367,Pulse Oximeter,5e9a7ead-ebbc-4d90-9dfa-960b95ff7c32
DEMO-DEV-2632,7,DEMO-2632,Pulse Oximeter,5e9a7ead-ebbc-4d90-9dfa-960b95ff7c32
DEMO-DEV-2641,7,DEMO-2641,ECG Machine,d5382c80-abaa-4a87-b4a1-cb76fb0f264c
DEMO-DEV-2658,7,DEMO-2658,Ultrasound System,de1fc8ff-31ca-453a-8e05-4ef6f6344a89
DEMO-DEV-2671,7,DEMO-2671,Electrosurgical Unit,7fa95649-4f83-4422-99e3-aecc70af8737
DEMO-DEV-2835,7,DEMO-2835,Pulse Oximeter,d5382c80-abaa-4a87-b4a1-cb76fb0f264c
DEMO-DEV-2883,7,DEMO-2883,Ventilator,dbf5de02-231e-458c-9575-ad273ed5f5b8
DEMO-DEV-3142,7,DEMO-3142,X-Ray System,fb688ffc-1b11-4eff-98f2-9ddc42bee05d
DEMO-DEV-3274,7,DEMO-3274,Ventilator,dbf5de02-231e-458c-9575-ad273ed5f5b8
DEMO-DEV-3320,7,DEMO-3320,ECG Machine,3063f084-58b4-4185-9334-5219ca4fd060
DEMO-DEV-3446,7,DEMO-3446,Anesthesia Machine,7fa95649-4f83-4422-99e3-aecc70af8737
DEMO-DEV-3469,7,DEMO-3469,Ventilator,dbf5de02-231e-458c-9575-ad273ed5f5b8
DEMO-DEV-3541,7,DEMO-3541,Ultrasound System,de1fc8ff-31ca-453a-8e05-4ef6f6344a89
DEMO-DEV-3668,7,DEMO-3668,Ultrasound System,f1bd3fb4-d29a-4a49-a73f-fcb9d140af66
DEMO-DEV-3785,7,DEMO-3785,ECG Machine,42ee3277-2e48-431d-b386-6ea209c2fcab
DEMO-DEV-3962,7,DEMO-3962,Defibrillator,fb688ffc-1b11-4eff-98f2-9ddc42bee05d
DEMO-DEV-4068,7,DEMO-4068,Ultrasound System,de1fc8ff-31ca-453a-8e05-4ef6f6344a89
DEMO-DEV-4082,7,DEMO-4082,Anesthesia Machine,02e6a10b-282c-4bf5-a61a-547e12683222
DEMO-DEV-4150,7,DEMO-4150,Patient Monitor,3063f084-58b4-4185-9334-5219ca4fd060
DEMO-DEV-4180,7,DEMO-4180,Infusion Pump,3abaabf6-cb3c-4665-9bf7-51e15d6b83a6
DEMO-DEV-4242,7,DEMO-4242,Syringe Pump,3abaabf6-cb3c-4665-9bf7-51e15d6b83a6
DEMO-DEV-4279,7,DEMO-4279,Ventilator,fb688ffc-1b11-4eff-98f2-9ddc42bee05d
DEMO-DEV-4466,7,DEMO-4466,Patient Monitor,fb688ffc-1b11-4eff-98f2-9ddc42bee05d
DEMO-DEV-4522,7,DEMO-4522,ECG Machine,42ee3277-2e48-431d-b386-6ea209c2fcab
DEMO-DEV-4552,7,DEMO-4552,Anesthesia Machine,de1fc8ff-31ca-453a-8e05-4ef6f6344a89
DEMO-DEV-4627,7,DEMO-4627,ECG Machine,42ee3277-2e48-431d-b386-6ea209c2fcab
DEMO-DEV-4684,7,DEMO-4684,Autoclave,e19c99a4-ade8-4c7f-a494-8746650c680c
DEMO-DEV-4736,7,DEMO-4736,Syringe Pump,fb688ffc-1b11-4eff-98f2-9ddc42bee05d
DEMO-DEV-4821,7,DEMO-4821,Anesthesia Machine,5efa96ef-94e4-475f-ab85-574e4e8366bd
DEMO-DEV-4852,7,DEMO-4852,Defibrillator,fb688ffc-1b11-4eff-98f2-9ddc42bee05d
DEMO-DEV-4859,7,DEMO-4859,Electrosurgical Unit,02e6a10b-282c-4bf5-a61a-547e12683222
DEMO-DEV-4865,7,DEMO-4865,Autoclave,e19c99a4-ade8-4c7f-a494-8746650c680c
DEMO-DEV-4894,7,DEMO-4894,ECG Machine,42ee3277-2e48-431d-b386-6ea209c2fcab
DEMO-DEV-4994,7,DEMO-4994,Autoclave,e19c99a4-ade8-4c7f-a494-8746650c680c
DEMO-DEV-5072,7,DEMO-5072,X-Ray System,fb688ffc-1b11-4eff-98f2-9ddc42bee05d
DEMO-DEV-5111,7,DEMO-5111,Autoclave,e19c99a4-ade8-4c7f-a494-8746650c680c
DEMO-DEV-5168,7,DEMO-5168,X-Ray System,fb688ffc-1b11-4eff-98f2-9ddc42bee05d
DEMO-DEV-5213,7,DEMO-5213,Defibrillator,fb688ffc-1b11-4eff-98f2-9ddc42bee05d
DEMO-DEV-5228,7,DEMO-5228,Pulse Oximeter,42ee3277-2e48-431d-b386-6ea209c2fcab
DEMO-DEV-5245,7,DEMO-5245,Syringe Pump,3abaabf6-cb3c-4665-9bf7-51e15d6b83a6
DEMO-DEV-5316,7,DEMO-5316,Ventilator,dbf5de02-231e-458c-9575-ad273ed5f5b8
DEMO-DEV-5322,7,DEMO-5322,Syringe Pump,dbf5de02-231e-458c-9575-ad273ed5f5b8
DEMO-DEV-5362,7,DEMO-5362,Autoclave,e19c99a4-ade8-4c7f-a494-8746650c680c
DEMO-DEV-5399,7,DEMO-5399,Infusion Pump,dbf5de02-231e-458c-9575-ad273ed5f5b8
DEMO-DEV-5404,7,DEMO-5404,Pulse Oximeter,5e9a7ead-ebbc-4d90-9dfa-960b95ff7c32
DEMO-DEV-5588,7,DEMO-5588,Syringe Pump,5e9a7ead-ebbc-4d90-9dfa-960b95ff7c32
DEMO-DEV-5714,7,DEMO-5714,Autoclave,087cb0cc-f07b-4d69-aa97-f0fb17ac6bf5
DEMO-DEV-5772,7,DEMO-5772,Infusion Pump,dbf5de02-231e-458c-9575-ad273ed5f5b8
DEMO-DEV-5954,7,DEMO-5954,Pulse Oximeter,42ee3277-2e48-431d-b386-6ea209c2fcab
DEMO-DEV-6126,7,DEMO-6126,Anesthesia Machine,f1bd3fb4-d29a-4a49-a73f-fcb9d140af66
DEMO-DEV-6144,7,DEMO-6144,X-Ray System,f1bd3fb4-d29a-4a49-a73f-fcb9d140af66
DEMO-DEV-6186,7,DEMO-6186,Electrosurgical Unit,de1fc8ff-31ca-453a-8e05-4ef6f6344a89
DEMO-DEV-6328,7,DEMO-6328,Defibrillator,fb688ffc-1b11-4eff-98f2-9ddc42bee05d
DEMO-DEV-6329,7,DEMO-6329,Autoclave,e19c99a4-ade8-4c7f-a494-8746650c680c
DEMO-DEV-6445,7,DEMO-6445,Ventilator,dbf5de02-231e-458c-9575-ad273ed5f5b8
DEMO-DEV-6455,7,DEMO-6455,Electrosurgical Unit,053d4a00-e594-4305-ae71-a96c95a13530
DEMO-DEV-6721,7,DEMO-6721,Infusion Pump,5221b7d8-06db-4aae-aaff-9bb16ecffd99
DEMO-DEV-6772,7,DEMO-6772,Autoclave,087cb0cc-f07b-4d69-aa97-f0fb17ac6bf5
DEMO-DEV-6810,7,DEMO-6810,Ventilator,fb688ffc-1b11-4eff-98f2-9ddc42bee05d
DEMO-DEV-6821,7,DEMO-6821,Patient Monitor,d5382c80-abaa-4a87-b4a1-cb76fb0f264c
DEMO-DEV-6841,7,DEMO-6841,Ultrasound System,de1fc8ff-31ca-453a-8e05-4ef6f6344a89
DEMO-DEV-6851,7,DEMO-6851,Infusion Pump,dbf5de02-231e-458c-9575-ad273ed5f5b8
DEMO-DEV-6897,7,DEMO-6897,Infusion Pump,8e27f500-7d94-4ee5-be36-9f990b34e092
DEMO-DEV-6922,7,DEMO-6922,Infusion Pump,dbf5de02-231e-458c-9575-ad273ed5f5b8
DEMO-DEV-6929,7,DEMO-6929,ECG Machine,3063f084-58b4-4185-9334-5219ca4fd060
DEMO-DEV-6978,7,DEMO-6978,Ventilator,dbf5de02-231e-458c-9575-ad273ed5f5b8
DEMO-DEV-7143,7,DEMO-7143,Anesthesia Machine,7fa95649-4f83-4422-99e3-aecc70af8737
DEMO-DEV-7161,7,DEMO-7161,X-Ray System,fb688ffc-1b11-4eff-98f2-9ddc42bee05d
DEMO-DEV-7287,7,DEMO-7287,Patient Monitor,8e27f500-7d94-4ee5-be36-9f990b34e092
DEMO-DEV-7426,7,DEMO-7426,Infusion Pump,d5382c80-abaa-4a87-b4a1-cb76fb0f264c
DEMO-DEV-7451,7,DEMO-7451,Ultrasound System,42ee3277-2e48-431d-b386-6ea209c2fcab
DEMO-DEV-7493,7,DEMO-7493,ECG Machine,3063f084-58b4-4185-9334-5219ca4fd060
DEMO-DEV-7646,7,DEMO-7646,ECG Machine,d5382c80-abaa-4a87-b4a1-cb76fb0f264c
DEMO-DEV-7651,7,DEMO-7651,X-Ray System,f1bd3fb4-d29a-4a49-a73f-fcb9d140af66
DEMO-DEV-7925,7,DEMO-7925,X-Ray System,fb688ffc-1b11-4eff-98f2-9ddc42bee05d
DEMO-DEV-7932,7,DEMO-7932,Infusion Pump,fb688ffc-1b11-4eff-98f2-9ddc42bee05d
DEMO-DEV-8018,7,DEMO-8018,Syringe Pump,d5382c80-abaa-4a87-b4a1-cb76fb0f264c
DEMO-DEV-8096,7,DEMO-8096,Ultrasound System,42ee3277-2e48-431d-b386-6ea209c2fcab
DEMO-DEV-8168,7,DEMO-8168,Infusion Pump,d5382c80-abaa-4a87-b4a1-cb76fb0f264c
DEMO-DEV-8176,7,DEMO-8176,Ultrasound System,f1bd3fb4-d29a-4a49-a73f-fcb9d140af66
DEMO-DEV-8210,7,DEMO-8210,Defibrillator,fb688ffc-1b11-4eff-98f2-9ddc42bee05d
DEMO-DEV-8253,7,DEMO-8253,Pulse Oximeter,3063f084-58b4-4185-9334-5219ca4fd060
DEMO-DEV-8295,7,DEMO-8295,Autoclave,e19c99a4-ade8-4c7f-a494-8746650c680c
DEMO-DEV-8493,7,DEMO-8493,Infusion Pump,02e6a10b-282c-4bf5-a61a-547e12683222
DEMO-DEV-8504,7,DEMO-8504,Syringe Pump,dbf5de02-231e-458c-9575-ad273ed5f5b8
DEMO-DEV-8577,7,DEMO-8577,Ventilator,dbf5de02-231e-458c-9575-ad273ed5f5b8
DEMO-DEV-8630,7,DEMO-8630,Syringe Pump,3063f084-58b4-4185-9334-5219ca4fd060
DEMO-DEV-8673,7,DEMO-8673,Patient Monitor,3063f084-58b4-4185-9334-5219ca4fd060
DEMO-DEV-8682,7,DEMO-8682,ECG Machine,3063f084-58b4-4185-9334-5219ca4fd060
DEMO-DEV-8737,7,DEMO-8737,X-Ray System,fb688ffc-1b11-4eff-98f2-9ddc42bee05d
DEMO-DEV-8943,7,DEMO-8943,Infusion Pump,3abaabf6-cb3c-4665-9bf7-51e15d6b83a6
DEMO-DEV-8960,7,DEMO-8960,Syringe Pump,5e9a7ead-ebbc-4d90-9dfa-960b95ff7c32
DEMO-DEV-9138,7,DEMO-9138,Defibrillator,fb688ffc-1b11-4eff-98f2-9ddc42bee05d
DEMO-DEV-9202,7,DEMO-9202,Autoclave,7fa95649-4f83-4422-99e3-aecc70af8737
DEMO-DEV-9218,7,DEMO-9218,Ultrasound System,f1bd3fb4-d29a-4a49-a73f-fcb9d140af66
DEMO-DEV-9222,7,DEMO-9222,Infusion Pump,5e9a7ead-ebbc-4d90-9dfa-960b95ff7c32
DEMO-DEV-9236,7,DEMO-9236,Anesthesia Machine,5221b7d8-06db-4aae-aaff-9bb16ecffd99
DEMO-DEV-9318,7,DEMO-9318,X-Ray System,fb688ffc-1b11-4eff-98f2-9ddc42bee05d
DEMO-DEV-9474,7,DEMO-9474,X-Ray System,fb688ffc-1b11-4eff-98f2-9ddc42bee05d
DEMO-DEV-9495,7,DEMO-9495,Syringe Pump,d5382c80-abaa-4a87-b4a1-cb76fb0f264c
DEMO-DEV-9545,7,DEMO-9545,Pulse Oximeter,d5382c80-abaa-4a87-b4a1-cb76fb0f264c
DEMO-DEV-9548,7,DEMO-9548,Defibrillator,fb688ffc-1b11-4eff-98f2-9ddc42bee05d
DEMO-DEV-9583,7,DEMO-9583,Defibrillator,fb688ffc-1b11-4eff-98f2-9ddc42bee05d
DEMO-DEV-9850,7,DEMO-9850,Anesthesia Machine,d5382c80-abaa-4a87-b4a1-cb76fb0f264c
DEMO-DEV-9852,7,DEMO-9852,Ultrasound System,42ee3277-2e48-431d-b386-6ea209c2fcab
DEMO-DEV-9873,7,DEMO-9873,Syringe Pump,fb688ffc-1b11-4eff-98f2-9ddc42bee05d
DEMO-DEV-9928,7,DEMO-9928,Defibrillator,fb688ffc-1b11-4eff-98f2-9ddc42bee05d
DEMO-DEV-9959,7,DEMO-9959,Defibrillator,fb688ffc-1b11-4eff-98f2-9ddc42bee05d
DEMO-DEV-3656,6,DEMO-3656,ECG Machine,3063f084-58b4-4185-9334-5219ca4fd060
DEMO-DEV-0184,6,DEMO-0184,Infusion Pump,d5382c80-abaa-4a87-b4a1-cb76fb0f264c
DEMO-DEV-1489,6,DEMO-1489,Anesthesia Machine,d5382c80-abaa-4a87-b4a1-cb76fb0f264c
DEMO-DEV-1828,6,DEMO-1828,Infusion Pump,fb688ffc-1b11-4eff-98f2-9ddc42bee05d
DEMO-DEV-2332,6,DEMO-2332,Ventilator,dbf5de02-231e-458c-9575-ad273ed5f5b8
DEMO-DEV-5449,6,DEMO-5449,Defibrillator,fb688ffc-1b11-4eff-98f2-9ddc42bee05d
DEMO-DEV-6786,6,DEMO-6786,Ultrasound System,42ee3277-2e48-431d-b386-6ea209c2fcab
DEMO-DEV-9132,6,DEMO-9132,Syringe Pump,d5382c80-abaa-4a87-b4a1-cb76fb0f264c
DEMO-DEV-9842,6,DEMO-9842,Syringe Pump,3abaabf6-cb3c-4665-9bf7-51e15d6b83a6
DEMO-DEV-4564,6,DEMO-4564,Electrosurgical Unit,053d4a00-e594-4305-ae71-a96c95a13530
DEMO-DEV-8333,6,DEMO-8333,Syringe Pump,3abaabf6-cb3c-4665-9bf7-51e15d6b83a6
DEMO-DEV-0164,6,DEMO-0164,Patient Monitor,02e6a10b-282c-4bf5-a61a-547e12683222
DEMO-DEV-1881,6,DEMO-1881,Electrosurgical Unit,087cb0cc-f07b-4d69-aa97-f0fb17ac6bf5
DEMO-DEV-2289,6,DEMO-2289,Ventilator,dbf5de02-231e-458c-9575-ad273ed5f5b8
DEMO-DEV-2925,6,DEMO-2925,Ultrasound System,f1bd3fb4-d29a-4a49-a73f-fcb9d140af66
DEMO-DEV-3495,6,DEMO-3495,X-Ray System,fb688ffc-1b11-4eff-98f2-9ddc42bee05d
DEMO-DEV-4860,6,DEMO-4860,Electrosurgical Unit,02e6a10b-282c-4bf5-a61a-547e12683222
DEMO-DEV-5880,6,DEMO-5880,Patient Monitor,02e6a10b-282c-4bf5-a61a-547e12683222
DEMO-DEV-6466,6,DEMO-6466,Defibrillator,fb688ffc-1b11-4eff-98f2-9ddc42bee05d
DEMO-DEV-7361,6,DEMO-7361,Anesthesia Machine,3abaabf6-cb3c-4665-9bf7-51e15d6b83a6
DEMO-DEV-8342,6,DEMO-8342,ECG Machine,fb688ffc-1b11-4eff-98f2-9ddc42bee05d
DEMO-DEV-8508,6,DEMO-8508,Ultrasound System,42ee3277-2e48-431d-b386-6ea209c2fcab
DEMO-DEV-0054,6,DEMO-0054,Ultrasound System,f1bd3fb4-d29a-4a49-a73f-fcb9d140af66
DEMO-DEV-0113,6,DEMO-0113,Ultrasound System,f1bd3fb4-d29a-4a49-a73f-fcb9d140af66
DEMO-DEV-0249,6,DEMO-0249,Ultrasound System,42ee3277-2e48-431d-b386-6ea209c2fcab
DEMO-DEV-0380,6,DEMO-0380,Defibrillator,fb688ffc-1b11-4eff-98f2-9ddc42bee05d
DEMO-DEV-0446,6,DEMO-0446,Pulse Oximeter,5e9a7ead-ebbc-4d90-9dfa-960b95ff7c32
DEMO-DEV-0508,6,DEMO-0508,Syringe Pump,5e9a7ead-ebbc-4d90-9dfa-960b95ff7c32
DEMO-DEV-0667,6,DEMO-0667,Infusion Pump,5221b7d8-06db-4aae-aaff-9bb16ecffd99
DEMO-DEV-0732,6,DEMO-0732,Infusion Pump,d5382c80-abaa-4a87-b4a1-cb76fb0f264c
DEMO-DEV-0753,6,DEMO-0753,X-Ray System,fb688ffc-1b11-4eff-98f2-9ddc42bee05d
DEMO-DEV-0821,6,DEMO-0821,Pulse Oximeter,fb688ffc-1b11-4eff-98f2-9ddc42bee05d
DEMO-DEV-1084,6,DEMO-1084,Defibrillator,fb688ffc-1b11-4eff-98f2-9ddc42bee05d
DEMO-DEV-1123,6,DEMO-1123,Electrosurgical Unit,7fa95649-4f83-4422-99e3-aecc70af8737
DEMO-DEV-1209,6,DEMO-1209,X-Ray System,fb688ffc-1b11-4eff-98f2-9ddc42bee05d
DEMO-DEV-1247,6,DEMO-1247,Syringe Pump,fb688ffc-1b11-4eff-98f2-9ddc42bee05d
DEMO-DEV-1452,6,DEMO-1452,Syringe Pump,3abaabf6-cb3c-4665-9bf7-51e15d6b83a6
DEMO-DEV-1482,6,DEMO-1482,Infusion Pump,3063f084-58b4-4185-9334-5219ca4fd060
DEMO-DEV-1538,6,DEMO-1538,Anesthesia Machine,5e9a7ead-ebbc-4d90-9dfa-960b95ff7c32
DEMO-DEV-1545,6,DEMO-1545,Infusion Pump,02e6a10b-282c-4bf5-a61a-547e12683222
DEMO-DEV-1561,6,DEMO-1561,X-Ray System,f1bd3fb4-d29a-4a49-a73f-fcb9d140af66
DEMO-DEV-1598,6,DEMO-1598,Syringe Pump,3063f084-58b4-4185-9334-5219ca4fd060
DEMO-DEV-1607,6,DEMO-1607,Pulse Oximeter,42ee3277-2e48-431d-b386-6ea209c2fcab
DEMO-DEV-1648,6,DEMO-1648,Ultrasound System,f1bd3fb4-d29a-4a49-a73f-fcb9d140af66
DEMO-DEV-1654,6,DEMO-1654,Defibrillator,fb688ffc-1b11-4eff-98f2-9ddc42bee05d
DEMO-DEV-1676,6,DEMO-1676,Patient Monitor,5e9a7ead-ebbc-4d90-9dfa-960b95ff7c32
DEMO-DEV-1688,6,DEMO-1688,Ultrasound System,42ee3277-2e48-431d-b386-6ea209c2fcab
DEMO-DEV-1861,6,DEMO-1861,Patient Monitor,5e9a7ead-ebbc-4d90-9dfa-960b95ff7c32
DEMO-DEV-1871,6,DEMO-1871,Syringe Pump,5e9a7ead-ebbc-4d90-9dfa-960b95ff7c32
DEMO-DEV-1922,6,DEMO-1922,Patient Monitor,5e9a7ead-ebbc-4d90-9dfa-960b95ff7c32
DEMO-DEV-1955,6,DEMO-1955,Infusion Pump,5221b7d8-06db-4aae-aaff-9bb16ecffd99
DEMO-DEV-1972,6,DEMO-1972,Ventilator,dbf5de02-231e-458c-9575-ad273ed5f5b8
DEMO-DEV-2096,6,DEMO-2096,Ultrasound System,f1bd3fb4-d29a-4a49-a73f-fcb9d140af66
DEMO-DEV-2180,6,DEMO-2180,Pulse Oximeter,fb688ffc-1b11-4eff-98f2-9ddc42bee05d
DEMO-DEV-2243,6,DEMO-2243,Ultrasound System,f1bd3fb4-d29a-4a49-a73f-fcb9d140af66
DEMO-DEV-2271,6,DEMO-2271,Electrosurgical Unit,8e27f500-7d94-4ee5-be36-9f990b34e092
DEMO-DEV-2393,6,DEMO-2393,Autoclave,087cb0cc-f07b-4d69-aa97-f0fb17ac6bf5
DEMO-DEV-2729,6,DEMO-2729,Defibrillator,fb688ffc-1b11-4eff-98f2-9ddc42bee05d
DEMO-DEV-2751,6,DEMO-2751,Syringe Pump,fb688ffc-1b11-4eff-98f2-9ddc42bee05d
DEMO-DEV-2827,6,DEMO-2827,Infusion Pump,5e9a7ead-ebbc-4d90-9dfa-960b95ff7c32
DEMO-DEV-2938,6,DEMO-2938,Autoclave,087cb0cc-f07b-4d69-aa97-f0fb17ac6bf5
DEMO-DEV-2951,6,DEMO-2951,Patient Monitor,02e6a10b-282c-4bf5-a61a-547e12683222
DEMO-DEV-3012,6,DEMO-3012,X-Ray System,fb688ffc-1b11-4eff-98f2-9ddc42bee05d
DEMO-DEV-3206,6,DEMO-3206,Syringe Pump,3063f084-58b4-4185-9334-5219ca4fd060
DEMO-DEV-3217,6,DEMO-3217,Autoclave,087cb0cc-f07b-4d69-aa97-f0fb17ac6bf5
DEMO-DEV-3242,6,DEMO-3242,Syringe Pump,5e9a7ead-ebbc-4d90-9dfa-960b95ff7c32
DEMO-DEV-3309,6,DEMO-3309,Ultrasound System,42ee3277-2e48-431d-b386-6ea209c2fcab
DEMO-DEV-3383,6,DEMO-3383,Pulse Oximeter,fb688ffc-1b11-4eff-98f2-9ddc42bee05d
DEMO-DEV-3702,6,DEMO-3702,Pulse Oximeter,d5382c80-abaa-4a87-b4a1-cb76fb0f264c
DEMO-DEV-3825,6,DEMO-3825,Autoclave,7fa95649-4f83-4422-99e3-aecc70af8737
DEMO-DEV-4007,6,DEMO-4007,Patient Monitor,5e9a7ead-ebbc-4d90-9dfa-960b95ff7c32
DEMO-DEV-4030,6,DEMO-4030,Ultrasound System,f1bd3fb4-d29a-4a49-a73f-fcb9d140af66
DEMO-DEV-4088,6,DEMO-4088,Pulse Oximeter,dbf5de02-231e-458c-9575-ad273ed5f5b8
DEMO-DEV-4121,6,DEMO-4121,Infusion Pump,5221b7d8-06db-4aae-aaff-9bb16ecffd99
DEMO-DEV-4359,6,DEMO-4359,Defibrillator,fb688ffc-1b11-4eff-98f2-9ddc42bee05d
DEMO-DEV-4395,6,DEMO-4395,Ultrasound System,f1bd3fb4-d29a-4a49-a73f-fcb9d140af66
DEMO-DEV-4404,6,DEMO-4404,Infusion Pump,3063f084-58b4-4185-9334-5219ca4fd060
DEMO-DEV-4430,6,DEMO-4430,Syringe Pump,5e9a7ead-ebbc-4d90-9dfa-960b95ff7c32
DEMO-DEV-4470,6,DEMO-4470,Ultrasound System,de1fc8ff-31ca-453a-8e05-4ef6f6344a89
DEMO-DEV-4472,6,DEMO-4472,Pulse Oximeter,fb688ffc-1b11-4eff-98f2-9ddc42bee05d
DEMO-DEV-4511,6,DEMO-4511,Patient Monitor,3063f084-58b4-4185-9334-5219ca4fd060
DEMO-DEV-4538,6,DEMO-4538,Ultrasound System,f1bd3fb4-d29a-4a49-a73f-fcb9d140af66
DEMO-DEV-4561,6,DEMO-4561,Ultrasound System,f1bd3fb4-d29a-4a49-a73f-fcb9d140af66
DEMO-DEV-4678,6,DEMO-4678,Anesthesia Machine,087cb0cc-f07b-4d69-aa97-f0fb17ac6bf5
DEMO-DEV-4893,6,DEMO-4893,Ventilator,fb688ffc-1b11-4eff-98f2-9ddc42bee05d
DEMO-DEV-4901,6,DEMO-4901,Electrosurgical Unit,de1fc8ff-31ca-453a-8e05-4ef6f6344a89
DEMO-DEV-5085,6,DEMO-5085,Pulse Oximeter,3063f084-58b4-4185-9334-5219ca4fd060
DEMO-DEV-5223,6,DEMO-5223,Anesthesia Machine,f75d2bae-4cbf-4736-ae9b-4da7cbd1dada
DEMO-DEV-5241,6,DEMO-5241,Ultrasound System,f1bd3fb4-d29a-4a49-a73f-fcb9d140af66
DEMO-DEV-5410,6,DEMO-5410,Ultrasound System,f1bd3fb4-d29a-4a49-a73f-fcb9d140af66
DEMO-DEV-5420,6,DEMO-5420,Ultrasound System,f1bd3fb4-d29a-4a49-a73f-fcb9d140af66
DEMO-DEV-5487,6,DEMO-5487,Ultrasound System,f1bd3fb4-d29a-4a49-a73f-fcb9d140af66
DEMO-DEV-5499,6,DEMO-5499,Patient Monitor,8e27f500-7d94-4ee5-be36-9f990b34e092
DEMO-DEV-5605,6,DEMO-5605,Electrosurgical Unit,053d4a00-e594-4305-ae71-a96c95a13530
DEMO-DEV-5617,6,DEMO-5617,Pulse Oximeter,dbf5de02-231e-458c-9575-ad273ed5f5b8
DEMO-DEV-5820,6,DEMO-5820,Ultrasound System,42ee3277-2e48-431d-b386-6ea209c2fcab
DEMO-DEV-5870,6,DEMO-5870,Electrosurgical Unit,02e6a10b-282c-4bf5-a61a-547e12683222
DEMO-DEV-5900,6,DEMO-5900,Anesthesia Machine,38a452c4-a457-49c8-b4e7-5a9dfefbf45a
DEMO-DEV-5943,6,DEMO-5943,Anesthesia Machine,e19c99a4-ade8-4c7f-a494-8746650c680c
DEMO-DEV-5958,6,DEMO-5958,ECG Machine,42ee3277-2e48-431d-b386-6ea209c2fcab
DEMO-DEV-5962,6,DEMO-5962,Infusion Pump,8e27f500-7d94-4ee5-be36-9f990b34e092
DEMO-DEV-6165,6,DEMO-6165,Autoclave,7fa95649-4f83-4422-99e3-aecc70af8737
DEMO-DEV-6174,6,DEMO-6174,Ventilator,dbf5de02-231e-458c-9575-ad273ed5f5b8
DEMO-DEV-6355,6,DEMO-6355,Defibrillator,fb688ffc-1b11-4eff-98f2-9ddc42bee05d
DEMO-DEV-6400,6,DEMO-6400,Ultrasound System,f1bd3fb4-d29a-4a49-a73f-fcb9d140af66
DEMO-DEV-6498,6,DEMO-6498,Autoclave,087cb0cc-f07b-4d69-aa97-f0fb17ac6bf5
DEMO-DEV-6644,6,DEMO-6644,Defibrillator,fb688ffc-1b11-4eff-98f2-9ddc42bee05d
DEMO-DEV-6650,6,DEMO-6650,Electrosurgical Unit,7fa95649-4f83-4422-99e3-aecc70af8737
DEMO-DEV-6666,6,DEMO-6666,Anesthesia Machine,7fa95649-4f83-4422-99e3-aecc70af8737
DEMO-DEV-6676,6,DEMO-6676,Ventilator,dbf5de02-231e-458c-9575-ad273ed5f5b8
DEMO-DEV-6759,6,DEMO-6759,Anesthesia Machine,e19c99a4-ade8-4c7f-a494-8746650c680c
DEMO-DEV-6760,6,DEMO-6760,X-Ray System,fb688ffc-1b11-4eff-98f2-9ddc42bee05d
DEMO-DEV-6809,6,DEMO-6809,ECG Machine,42ee3277-2e48-431d-b386-6ea209c2fcab
DEMO-DEV-6901,6,DEMO-6901,Autoclave,e19c99a4-ade8-4c7f-a494-8746650c680c
DEMO-DEV-6959,6,DEMO-6959,Ventilator,fb688ffc-1b11-4eff-98f2-9ddc42bee05d
DEMO-DEV-7007,6,DEMO-7007,Defibrillator,fb688ffc-1b11-4eff-98f2-9ddc42bee05d
DEMO-DEV-7051,6,DEMO-7051,Defibrillator,fb688ffc-1b11-4eff-98f2-9ddc42bee05d
DEMO-DEV-7068,6,DEMO-7068,Pulse Oximeter,3063f084-58b4-4185-9334-5219ca4fd060
DEMO-DEV-7236,6,DEMO-7236,Patient Monitor,fb688ffc-1b11-4eff-98f2-9ddc42bee05d
DEMO-DEV-7273,6,DEMO-7273,Anesthesia Machine,3abaabf6-cb3c-4665-9bf7-51e15d6b83a6
DEMO-DEV-7302,6,DEMO-7302,Autoclave,087cb0cc-f07b-4d69-aa97-f0fb17ac6bf5
DEMO-DEV-7390,6,DEMO-7390,Patient Monitor,5221b7d8-06db-4aae-aaff-9bb16ecffd99
DEMO-DEV-7583,6,DEMO-7583,Autoclave,087cb0cc-f07b-4d69-aa97-f0fb17ac6bf5
DEMO-DEV-7683,6,DEMO-7683,Electrosurgical Unit,8e27f500-7d94-4ee5-be36-9f990b34e092
DEMO-DEV-7840,6,DEMO-7840,Syringe Pump,5e9a7ead-ebbc-4d90-9dfa-960b95ff7c32
DEMO-DEV-7862,6,DEMO-7862,X-Ray System,fb688ffc-1b11-4eff-98f2-9ddc42bee05d
DEMO-DEV-7893,6,DEMO-7893,Infusion Pump,5e9a7ead-ebbc-4d90-9dfa-960b95ff7c32
DEMO-DEV-7936,6,DEMO-7936,Defibrillator,fb688ffc-1b11-4eff-98f2-9ddc42bee05d
DEMO-DEV-7986,6,DEMO-7986,X-Ray System,f1bd3fb4-d29a-4a49-a73f-fcb9d140af66
DEMO-DEV-8074,6,DEMO-8074,Defibrillator,fb688ffc-1b11-4eff-98f2-9ddc42bee05d
DEMO-DEV-8095,6,DEMO-8095,X-Ray System,f1bd3fb4-d29a-4a49-a73f-fcb9d140af66
DEMO-DEV-8098,6,DEMO-8098,Autoclave,e19c99a4-ade8-4c7f-a494-8746650c680c
DEMO-DEV-8149,6,DEMO-8149,Ventilator,fb688ffc-1b11-4eff-98f2-9ddc42bee05d
DEMO-DEV-8158,6,DEMO-8158,Patient Monitor,8e27f500-7d94-4ee5-be36-9f990b34e092
DEMO-DEV-8198,6,DEMO-8198,ECG Machine,fb688ffc-1b11-4eff-98f2-9ddc42bee05d
DEMO-DEV-8202,6,DEMO-8202,Electrosurgical Unit,053d4a00-e594-4305-ae71-a96c95a13530
DEMO-DEV-8209,6,DEMO-8209,Electrosurgical Unit,053d4a00-e594-4305-ae71-a96c95a13530
DEMO-DEV-8224,6,DEMO-8224,Electrosurgical Unit,053d4a00-e594-4305-ae71-a96c95a13530
DEMO-DEV-8225,6,DEMO-8225,Ultrasound System,f1bd3fb4-d29a-4a49-a73f-fcb9d140af66
DEMO-DEV-8347,6,DEMO-8347,Defibrillator,fb688ffc-1b11-4eff-98f2-9ddc42bee05d
DEMO-DEV-8379,6,DEMO-8379,X-Ray System,f1bd3fb4-d29a-4a49-a73f-fcb9d140af66
DEMO-DEV-8386,6,DEMO-8386,Defibrillator,fb688ffc-1b11-4eff-98f2-9ddc42bee05d
DEMO-DEV-8473,6,DEMO-8473,Ventilator,dbf5de02-231e-458c-9575-ad273ed5f5b8
DEMO-DEV-8491,6,DEMO-8491,Anesthesia Machine,cfeb1a0b-e69b-4ef5-b5ef-3431f0ad201c
DEMO-DEV-8507,6,DEMO-8507,Syringe Pump,dbf5de02-231e-458c-9575-ad273ed5f5b8
DEMO-DEV-8527,6,DEMO-8527,Ventilator,fb688ffc-1b11-4eff-98f2-9ddc42bee05d
DEMO-DEV-8541,6,DEMO-8541,Pulse Oximeter,fb688ffc-1b11-4eff-98f2-9ddc42bee05d
DEMO-DEV-8637,6,DEMO-8637,Infusion Pump,dbf5de02-231e-458c-9575-ad273ed5f5b8
DEMO-DEV-8687,6,DEMO-8687,Ventilator,dbf5de02-231e-458c-9575-ad273ed5f5b8
DEMO-DEV-8736,6,DEMO-8736,Ventilator,dbf5de02-231e-458c-9575-ad273ed5f5b8
DEMO-DEV-8739,6,DEMO-8739,Autoclave,7fa95649-4f83-4422-99e3-aecc70af8737
DEMO-DEV-8857,6,DEMO-8857,ECG Machine,d5382c80-abaa-4a87-b4a1-cb76fb0f264c
DEMO-DEV-8948,6,DEMO-8948,Ultrasound System,de1fc8ff-31ca-453a-8e05-4ef6f6344a89
DEMO-DEV-9016,6,DEMO-9016,Ultrasound System,f1bd3fb4-d29a-4a49-a73f-fcb9d140af66
DEMO-DEV-9161,6,DEMO-9161,Ventilator,fb688ffc-1b11-4eff-98f2-9ddc42bee05d
DEMO-DEV-9225,6,DEMO-9225,Pulse Oximeter,dbf5de02-231e-458c-9575-ad273ed5f5b8
DEMO-DEV-9245,6,DEMO-9245,Autoclave,e19c99a4-ade8-4c7f-a494-8746650c680c
DEMO-DEV-9321,6,DEMO-9321,ECG Machine,fb688ffc-1b11-4eff-98f2-9ddc42bee05d
DEMO-DEV-9355,6,DEMO-9355,Electrosurgical Unit,02e6a10b-282c-4bf5-a61a-547e12683222
DEMO-DEV-9389,6,DEMO-9389,Electrosurgical Unit,087cb0cc-f07b-4d69-aa97-f0fb17ac6bf5
DEMO-DEV-9415,6,DEMO-9415,Anesthesia Machine,c4906dc0-8389-4c68-bf7d-24e6b583a877
DEMO-DEV-9422,6,DEMO-9422,Infusion Pump,5221b7d8-06db-4aae-aaff-9bb16ecffd99
DEMO-DEV-9451,6,DEMO-9451,Electrosurgical Unit,8e27f500-7d94-4ee5-be36-9f990b34e092
DEMO-DEV-9472,6,DEMO-9472,Ventilator,dbf5de02-231e-458c-9575-ad273ed5f5b8
DEMO-DEV-9508,6,DEMO-9508,Autoclave,e19c99a4-ade8-4c7f-a494-8746650c680c
DEMO-DEV-9509,6,DEMO-9509,ECG Machine,fb688ffc-1b11-4eff-98f2-9ddc42bee05d
DEMO-DEV-9623,6,DEMO-9623,Ventilator,dbf5de02-231e-458c-9575-ad273ed5f5b8
DEMO-DEV-9664,6,DEMO-9664,Syringe Pump,5e9a7ead-ebbc-4d90-9dfa-960b95ff7c32
DEMO-DEV-9768,6,DEMO-9768,Anesthesia Machine,38a452c4-a457-49c8-b4e7-5a9dfefbf45a
DEMO-DEV-9787,6,DEMO-9787,Patient Monitor,8e27f500-7d94-4ee5-be36-9f990b34e092
DEMO-DEV-9805,6,DEMO-9805,X-Ray System,fb688ffc-1b11-4eff-98f2-9ddc42bee05d
DEMO-DEV-9962,6,DEMO-9962,ECG Machine,42ee3277-2e48-431d-b386-6ea209c2fcab
DEMO-DEV-2806,5,DEMO-2806,Infusion Pump,3063f084-58b4-4185-9334-5219ca4fd060
DEMO-DEV-3521,5,DEMO-3521,Infusion Pump,5221b7d8-06db-4aae-aaff-9bb16ecffd99
DEMO-DEV-0752,5,DEMO-0752,Electrosurgical Unit,7fa95649-4f83-4422-99e3-aecc70af8737
DEMO-DEV-4235,5,DEMO-4235,X-Ray System,f1bd3fb4-d29a-4a49-a73f-fcb9d140af66
DEMO-DEV-7544,5,DEMO-7544,Patient Monitor,fb688ffc-1b11-4eff-98f2-9ddc42bee05d
DEMO-DEV-7923,5,DEMO-7923,Infusion Pump,5221b7d8-06db-4aae-aaff-9bb16ecffd99
DEMO-DEV-9612,5,DEMO-9612,ECG Machine,fb688ffc-1b11-4eff-98f2-9ddc42bee05d
DEMO-DEV-0640,5,DEMO-0640,Defibrillator,fb688ffc-1b11-4eff-98f2-9ddc42bee05d
DEMO-DEV-3698,5,DEMO-3698,ECG Machine,fb688ffc-1b11-4eff-98f2-9ddc42bee05d
DEMO-DEV-4496,5,DEMO-4496,Autoclave,7fa95649-4f83-4422-99e3-aecc70af8737
DEMO-DEV-5670,5,DEMO-5670,X-Ray System,f1bd3fb4-d29a-4a49-a73f-fcb9d140af66
DEMO-DEV-5863,5,DEMO-5863,Ventilator,dbf5de02-231e-458c-9575-ad273ed5f5b8
DEMO-DEV-6276,5,DEMO-6276,ECG Machine,3063f084-58b4-4185-9334-5219ca4fd060
DEMO-DEV-6726,5,DEMO-6726,Anesthesia Machine,02e6a10b-282c-4bf5-a61a-547e12683222
DEMO-DEV-9073,5,DEMO-9073,Infusion Pump,dbf5de02-231e-458c-9575-ad273ed5f5b8
DEMO-DEV-9364,5,DEMO-9364,Pulse Oximeter,3063f084-58b4-4185-9334-5219ca4fd060
DEMO-DEV-9943,5,DEMO-9943,ECG Machine,d5382c80-abaa-4a87-b4a1-cb76fb0f264c
DEMO-DEV-0226,5,DEMO-0226,Autoclave,087cb0cc-f07b-4d69-aa97-f0fb17ac6bf5
DEMO-DEV-0475,5,DEMO-0475,Ventilator,dbf5de02-231e-458c-9575-ad273ed5f5b8
DEMO-DEV-0564,5,DEMO-0564,Defibrillator,fb688ffc-1b11-4eff-98f2-9ddc42bee05d
DEMO-DEV-0593,5,DEMO-0593,Syringe Pump,3063f084-58b4-4185-9334-5219ca4fd060
DEMO-DEV-0632,5,DEMO-0632,Anesthesia Machine,38a452c4-a457-49c8-b4e7-5a9dfefbf45a
DEMO-DEV-0710,5,DEMO-0710,Anesthesia Machine,f1bd3fb4-d29a-4a49-a73f-fcb9d140af66
DEMO-DEV-0728,5,DEMO-0728,Electrosurgical Unit,053d4a00-e594-4305-ae71-a96c95a13530
DEMO-DEV-0905,5,DEMO-0905,ECG Machine,d5382c80-abaa-4a87-b4a1-cb76fb0f264c
DEMO-DEV-0923,5,DEMO-0923,X-Ray System,f1bd3fb4-d29a-4a49-a73f-fcb9d140af66
DEMO-DEV-0987,5,DEMO-0987,Ultrasound System,42ee3277-2e48-431d-b386-6ea209c2fcab
DEMO-DEV-0989,5,DEMO-0989,Electrosurgical Unit,de1fc8ff-31ca-453a-8e05-4ef6f6344a89
DEMO-DEV-1009,5,DEMO-1009,Anesthesia Machine,dbf5de02-231e-458c-9575-ad273ed5f5b8
DEMO-DEV-1073,5,DEMO-1073,Autoclave,087cb0cc-f07b-4d69-aa97-f0fb17ac6bf5
DEMO-DEV-1090,5,DEMO-1090,Syringe Pump,3abaabf6-cb3c-4665-9bf7-51e15d6b83a6
DEMO-DEV-1171,5,DEMO-1171,Pulse Oximeter,5e9a7ead-ebbc-4d90-9dfa-960b95ff7c32
DEMO-DEV-1259,5,DEMO-1259,Infusion Pump,3abaabf6-cb3c-4665-9bf7-51e15d6b83a6
DEMO-DEV-1418,5,DEMO-1418,Syringe Pump,3063f084-58b4-4185-9334-5219ca4fd060
DEMO-DEV-1431,5,DEMO-1431,Patient Monitor,02e6a10b-282c-4bf5-a61a-547e12683222
DEMO-DEV-1436,5,DEMO-1436,Syringe Pump,d5382c80-abaa-4a87-b4a1-cb76fb0f264c
DEMO-DEV-1535,5,DEMO-1535,Defibrillator,fb688ffc-1b11-4eff-98f2-9ddc42bee05d
DEMO-DEV-1554,5,DEMO-1554,ECG Machine,d5382c80-abaa-4a87-b4a1-cb76fb0f264c
DEMO-DEV-1619,5,DEMO-1619,X-Ray System,fb688ffc-1b11-4eff-98f2-9ddc42bee05d
DEMO-DEV-1649,5,DEMO-1649,X-Ray System,f1bd3fb4-d29a-4a49-a73f-fcb9d140af66
DEMO-DEV-1806,5,DEMO-1806,Electrosurgical Unit,5221b7d8-06db-4aae-aaff-9bb16ecffd99
DEMO-DEV-1820,5,DEMO-1820,Syringe Pump,3abaabf6-cb3c-4665-9bf7-51e15d6b83a6
DEMO-DEV-1856,5,DEMO-1856,Defibrillator,fb688ffc-1b11-4eff-98f2-9ddc42bee05d
DEMO-DEV-1857,5,DEMO-1857,Autoclave,087cb0cc-f07b-4d69-aa97-f0fb17ac6bf5
DEMO-DEV-1894,5,DEMO-1894,Infusion Pump,fb688ffc-1b11-4eff-98f2-9ddc42bee05d
DEMO-DEV-2142,5,DEMO-2142,Pulse Oximeter,42ee3277-2e48-431d-b386-6ea209c2fcab
DEMO-DEV-2237,5,DEMO-2237,Defibrillator,fb688ffc-1b11-4eff-98f2-9ddc42bee05d
DEMO-DEV-2398,5,DEMO-2398,Electrosurgical Unit,de1fc8ff-31ca-453a-8e05-4ef6f6344a89
DEMO-DEV-2408,5,DEMO-2408,Defibrillator,fb688ffc-1b11-4eff-98f2-9ddc42bee05d
DEMO-DEV-2519,5,DEMO-2519,Defibrillator,fb688ffc-1b11-4eff-98f2-9ddc42bee05d
DEMO-DEV-2595,5,DEMO-2595,X-Ray System,fb688ffc-1b11-4eff-98f2-9ddc42bee05d
DEMO-DEV-2600,5,DEMO-2600,Infusion Pump,5e9a7ead-ebbc-4d90-9dfa-960b95ff7c32
DEMO-DEV-2695,5,DEMO-2695,Defibrillator,fb688ffc-1b11-4eff-98f2-9ddc42bee05d
DEMO-DEV-2704,5,DEMO-2704,Defibrillator,fb688ffc-1b11-4eff-98f2-9ddc42bee05d
DEMO-DEV-2719,5,DEMO-2719,X-Ray System,fb688ffc-1b11-4eff-98f2-9ddc42bee05d
DEMO-DEV-2782,5,DEMO-2782,Ultrasound System,de1fc8ff-31ca-453a-8e05-4ef6f6344a89
DEMO-DEV-2796,5,DEMO-2796,Ventilator,fb688ffc-1b11-4eff-98f2-9ddc42bee05d
DEMO-DEV-2828,5,DEMO-2828,Patient Monitor,d5382c80-abaa-4a87-b4a1-cb76fb0f264c
DEMO-DEV-2926,5,DEMO-2926,Autoclave,e19c99a4-ade8-4c7f-a494-8746650c680c
DEMO-DEV-3183,5,DEMO-3183,Ventilator,dbf5de02-231e-458c-9575-ad273ed5f5b8
DEMO-DEV-3190,5,DEMO-3190,Autoclave,087cb0cc-f07b-4d69-aa97-f0fb17ac6bf5
DEMO-DEV-3530,5,DEMO-3530,Pulse Oximeter,fb688ffc-1b11-4eff-98f2-9ddc42bee05d
DEMO-DEV-3643,5,DEMO-3643,X-Ray System,f1bd3fb4-d29a-4a49-a73f-fcb9d140af66
DEMO-DEV-3718,5,DEMO-3718,Electrosurgical Unit,7fa95649-4f83-4422-99e3-aecc70af8737
DEMO-DEV-3817,5,DEMO-3817,Autoclave,087cb0cc-f07b-4d69-aa97-f0fb17ac6bf5
DEMO-DEV-3865,5,DEMO-3865,Syringe Pump,3abaabf6-cb3c-4665-9bf7-51e15d6b83a6
DEMO-DEV-3867,5,DEMO-3867,Ultrasound System,de1fc8ff-31ca-453a-8e05-4ef6f6344a89
DEMO-DEV-3942,5,DEMO-3942,Ventilator,dbf5de02-231e-458c-9575-ad273ed5f5b8
DEMO-DEV-3945,5,DEMO-3945,Ultrasound System,f1bd3fb4-d29a-4a49-a73f-fcb9d140af66
DEMO-DEV-3975,5,DEMO-3975,Defibrillator,fb688ffc-1b11-4eff-98f2-9ddc42bee05d
DEMO-DEV-3983,5,DEMO-3983,Anesthesia Machine,f75d2bae-4cbf-4736-ae9b-4da7cbd1dada
DEMO-DEV-4198,5,DEMO-4198,Infusion Pump,fb688ffc-1b11-4eff-98f2-9ddc42bee05d
DEMO-DEV-4291,5,DEMO-4291,X-Ray System,f1bd3fb4-d29a-4a49-a73f-fcb9d140af66
DEMO-DEV-4314,5,DEMO-4314,Infusion Pump,5e9a7ead-ebbc-4d90-9dfa-960b95ff7c32
DEMO-DEV-4319,5,DEMO-4319,ECG Machine,42ee3277-2e48-431d-b386-6ea209c2fcab
DEMO-DEV-4330,5,DEMO-4330,Syringe Pump,5e9a7ead-ebbc-4d90-9dfa-960b95ff7c32
DEMO-DEV-4352,5,DEMO-4352,Electrosurgical Unit,8e27f500-7d94-4ee5-be36-9f990b34e092
DEMO-DEV-4450,5,DEMO-4450,Patient Monitor,5e9a7ead-ebbc-4d90-9dfa-960b95ff7c32
DEMO-DEV-4545,5,DEMO-4545,Infusion Pump,02e6a10b-282c-4bf5-a61a-547e12683222
DEMO-DEV-4683,5,DEMO-4683,ECG Machine,3063f084-58b4-4185-9334-5219ca4fd060
DEMO-DEV-4869,5,DEMO-4869,Syringe Pump,d5382c80-abaa-4a87-b4a1-cb76fb0f264c
DEMO-DEV-4996,5,DEMO-4996,Patient Monitor,5221b7d8-06db-4aae-aaff-9bb16ecffd99
DEMO-DEV-5163,5,DEMO-5163,Autoclave,087cb0cc-f07b-4d69-aa97-f0fb17ac6bf5
DEMO-DEV-5188,5,DEMO-5188,Infusion Pump,d5382c80-abaa-4a87-b4a1-cb76fb0f264c
DEMO-DEV-5205,5,DEMO-5205,Ultrasound System,de1fc8ff-31ca-453a-8e05-4ef6f6344a89
DEMO-DEV-5280,5,DEMO-5280,Infusion Pump,3063f084-58b4-4185-9334-5219ca4fd060
DEMO-DEV-5306,5,DEMO-5306,Ventilator,dbf5de02-231e-458c-9575-ad273ed5f5b8
DEMO-DEV-5321,5,DEMO-5321,Ultrasound System,42ee3277-2e48-431d-b386-6ea209c2fcab
DEMO-DEV-5691,5,DEMO-5691,Infusion Pump,dbf5de02-231e-458c-9575-ad273ed5f5b8
DEMO-DEV-5726,5,DEMO-5726,Anesthesia Machine,fb688ffc-1b11-4eff-98f2-9ddc42bee05d
DEMO-DEV-5793,5,DEMO-5793,Pulse Oximeter,5e9a7ead-ebbc-4d90-9dfa-960b95ff7c32
DEMO-DEV-5930,5,DEMO-5930,Defibrillator,fb688ffc-1b11-4eff-98f2-9ddc42bee05d
DEMO-DEV-6049,5,DEMO-6049,Pulse Oximeter,dbf5de02-231e-458c-9575-ad273ed5f5b8
DEMO-DEV-6070,5,DEMO-6070,Syringe Pump,d5382c80-abaa-4a87-b4a1-cb76fb0f264c
DEMO-DEV-6156,5,DEMO-6156,Ultrasound System,de1fc8ff-31ca-453a-8e05-4ef6f6344a89
DEMO-DEV-6157,5,DEMO-6157,Infusion Pump,5221b7d8-06db-4aae-aaff-9bb16ecffd99
DEMO-DEV-6237,5,DEMO-6237,Defibrillator,fb688ffc-1b11-4eff-98f2-9ddc42bee05d
DEMO-DEV-6286,5,DEMO-6286,Patient Monitor,fb688ffc-1b11-4eff-98f2-9ddc42bee05d
DEMO-DEV-6322,5,DEMO-6322,Syringe Pump,d5382c80-abaa-4a87-b4a1-cb76fb0f264c
DEMO-DEV-6461,5,DEMO-6461,ECG Machine,3063f084-58b4-4185-9334-5219ca4fd060
DEMO-DEV-6607,5,DEMO-6607,Autoclave,e19c99a4-ade8-4c7f-a494-8746650c680c
DEMO-DEV-6639,5,DEMO-6639,Defibrillator,fb688ffc-1b11-4eff-98f2-9ddc42bee05d
DEMO-DEV-6664,5,DEMO-6664,Anesthesia Machine,d5382c80-abaa-4a87-b4a1-cb76fb0f264c
DEMO-DEV-6716,5,DEMO-6716,Patient Monitor,02e6a10b-282c-4bf5-a61a-547e12683222
DEMO-DEV-6719,5,DEMO-6719,Ultrasound System,f1bd3fb4-d29a-4a49-a73f-fcb9d140af66
DEMO-DEV-6842,5,DEMO-6842,Patient Monitor,fb688ffc-1b11-4eff-98f2-9ddc42bee05d
DEMO-DEV-6860,5,DEMO-6860,ECG Machine,3063f084-58b4-4185-9334-5219ca4fd060
DEMO-DEV-6871,5,DEMO-6871,X-Ray System,f1bd3fb4-d29a-4a49-a73f-fcb9d140af66
DEMO-DEV-6882,5,DEMO-6882,Ultrasound System,de1fc8ff-31ca-453a-8e05-4ef6f6344a89
DEMO-DEV-6903,5,DEMO-6903,Defibrillator,fb688ffc-1b11-4eff-98f2-9ddc42bee05d
DEMO-DEV-6980,5,DEMO-6980,Autoclave,087cb0cc-f07b-4d69-aa97-f0fb17ac6bf5
DEMO-DEV-7010,5,DEMO-7010,Ultrasound System,f1bd3fb4-d29a-4a49-a73f-fcb9d140af66
DEMO-DEV-7088,5,DEMO-7088,ECG Machine,fb688ffc-1b11-4eff-98f2-9ddc42bee05d
DEMO-DEV-7420,5,DEMO-7420,Infusion Pump,5221b7d8-06db-4aae-aaff-9bb16ecffd99
DEMO-DEV-7504,5,DEMO-7504,Pulse Oximeter,5e9a7ead-ebbc-4d90-9dfa-960b95ff7c32
DEMO-DEV-7618,5,DEMO-7618,Electrosurgical Unit,5221b7d8-06db-4aae-aaff-9bb16ecffd99
DEMO-DEV-7621,5,DEMO-7621,Pulse Oximeter,5e9a7ead-ebbc-4d90-9dfa-960b95ff7c32
DEMO-DEV-7704,5,DEMO-7704,Defibrillator,fb688ffc-1b11-4eff-98f2-9ddc42bee05d
DEMO-DEV-7751,5,DEMO-7751,Ventilator,fb688ffc-1b11-4eff-98f2-9ddc42bee05d
DEMO-DEV-7757,5,DEMO-7757,Infusion Pump,5e9a7ead-ebbc-4d90-9dfa-960b95ff7c32
DEMO-DEV-7803,5,DEMO-7803,Ultrasound System,42ee3277-2e48-431d-b386-6ea209c2fcab
DEMO-DEV-7875,5,DEMO-7875,Patient Monitor,5e9a7ead-ebbc-4d90-9dfa-960b95ff7c32
DEMO-DEV-7901,5,DEMO-7901,Pulse Oximeter,dbf5de02-231e-458c-9575-ad273ed5f5b8
DEMO-DEV-8029,5,DEMO-8029,X-Ray System,fb688ffc-1b11-4eff-98f2-9ddc42bee05d
DEMO-DEV-8033,5,DEMO-8033,Syringe Pump,dbf5de02-231e-458c-9575-ad273ed5f5b8
DEMO-DEV-8047,5,DEMO-8047,Syringe Pump,5e9a7ead-ebbc-4d90-9dfa-960b95ff7c32
DEMO-DEV-8082,5,DEMO-8082,Patient Monitor,fb688ffc-1b11-4eff-98f2-9ddc42bee05d
DEMO-DEV-8130,5,DEMO-8130,Pulse Oximeter,fb688ffc-1b11-4eff-98f2-9ddc42bee05d
DEMO-DEV-8183,5,DEMO-8183,Anesthesia Machine,8ccc225a-74c4-4260-86d3-0ca2b2f49602
DEMO-DEV-8185,5,DEMO-8185,ECG Machine,d5382c80-abaa-4a87-b4a1-cb76fb0f264c
DEMO-DEV-8260,5,DEMO-8260,Syringe Pump,d5382c80-abaa-4a87-b4a1-cb76fb0f264c
DEMO-DEV-8265,5,DEMO-8265,Defibrillator,fb688ffc-1b11-4eff-98f2-9ddc42bee05d
DEMO-DEV-8384,5,DEMO-8384,Anesthesia Machine,5221b7d8-06db-4aae-aaff-9bb16ecffd99
DEMO-DEV-8398,5,DEMO-8398,Syringe Pump,dbf5de02-231e-458c-9575-ad273ed5f5b8
DEMO-DEV-8451,5,DEMO-8451,Defibrillator,fb688ffc-1b11-4eff-98f2-9ddc42bee05d
DEMO-DEV-8524,5,DEMO-8524,Pulse Oximeter,5e9a7ead-ebbc-4d90-9dfa-960b95ff7c32
DEMO-DEV-8578,5,DEMO-8578,Ultrasound System,42ee3277-2e48-431d-b386-6ea209c2fcab
DEMO-DEV-8731,5,DEMO-8731,Electrosurgical Unit,5221b7d8-06db-4aae-aaff-9bb16ecffd99
DEMO-DEV-8732,5,DEMO-8732,Ultrasound System,42ee3277-2e48-431d-b386-6ea209c2fcab
DEMO-DEV-8773,5,DEMO-8773,Patient Monitor,d5382c80-abaa-4a87-b4a1-cb76fb0f264c
DEMO-DEV-8846,5,DEMO-8846,ECG Machine,3063f084-58b4-4185-9334-5219ca4fd060
DEMO-DEV-8946,5,DEMO-8946,X-Ray System,f1bd3fb4-d29a-4a49-a73f-fcb9d140af66
DEMO-DEV-9092,5,DEMO-9092,Ventilator,dbf5de02-231e-458c-9575-ad273ed5f5b8
DEMO-DEV-9254,5,DEMO-9254,X-Ray System,f1bd3fb4-d29a-4a49-a73f-fcb9d140af66
DEMO-DEV-9259,5,DEMO-9259,Electrosurgical Unit,053d4a00-e594-4305-ae71-a96c95a13530
DEMO-DEV-9345,5,DEMO-9345,ECG Machine,fb688ffc-1b11-4eff-98f2-9ddc42bee05d
DEMO-DEV-9429,5,DEMO-9429,Electrosurgical Unit,de1fc8ff-31ca-453a-8e05-4ef6f6344a89
DEMO-DEV-9518,5,DEMO-9518,Autoclave,7fa95649-4f83-4422-99e3-aecc70af8737
DEMO-DEV-9573,5,DEMO-9573,Infusion Pump,dbf5de02-231e-458c-9575-ad273ed5f5b8
DEMO-DEV-9595,5,DEMO-9595,Infusion Pump,3063f084-58b4-4185-9334-5219ca4fd060
DEMO-DEV-9632,5,DEMO-9632,Electrosurgical Unit,5221b7d8-06db-4aae-aaff-9bb16ecffd99
DEMO-DEV-9682,5,DEMO-9682,Pulse Oximeter,3063f084-58b4-4185-9334-5219ca4fd060
DEMO-DEV-9938,5,DEMO-9938,Electrosurgical Unit,087cb0cc-f07b-4d69-aa97-f0fb17ac6bf5
DEMO-DEV-0140,4,DEMO-0140,Anesthesia Machine,5cbbfa1e-37f3-448b-a3bd-d3f30054ca16
DEMO-DEV-2232,4,DEMO-2232,ECG Machine,3063f084-58b4-4185-9334-5219ca4fd060
DEMO-DEV-5686,4,DEMO-5686,Autoclave,087cb0cc-f07b-4d69-aa97-f0fb17ac6bf5
DEMO-DEV-7839,4,DEMO-7839,Ultrasound System,de1fc8ff-31ca-453a-8e05-4ef6f6344a89
DEMO-DEV-7916,4,DEMO-7916,Ventilator,fb688ffc-1b11-4eff-98f2-9ddc42bee05d
DEMO-DEV-9797,4,DEMO-9797,Ultrasound System,42ee3277-2e48-431d-b386-6ea209c2fcab
DEMO-DEV-8311,4,DEMO-8311,Anesthesia Machine,e19c99a4-ade8-4c7f-a494-8746650c680c
DEMO-DEV-0011,4,DEMO-0011,Autoclave,087cb0cc-f07b-4d69-aa97-f0fb17ac6bf5
DEMO-DEV-0356,4,DEMO-0356,Syringe Pump,dbf5de02-231e-458c-9575-ad273ed5f5b8
DEMO-DEV-4468,4,DEMO-4468,Ventilator,dbf5de02-231e-458c-9575-ad273ed5f5b8
DEMO-DEV-5935,4,DEMO-5935,Anesthesia Machine,7fa95649-4f83-4422-99e3-aecc70af8737
DEMO-DEV-5946,4,DEMO-5946,Patient Monitor,8e27f500-7d94-4ee5-be36-9f990b34e092
DEMO-DEV-6341,4,DEMO-6341,X-Ray System,f1bd3fb4-d29a-4a49-a73f-fcb9d140af66
DEMO-DEV-6686,4,DEMO-6686,Ventilator,dbf5de02-231e-458c-9575-ad273ed5f5b8
DEMO-DEV-8109,4,DEMO-8109,Syringe Pump,dbf5de02-231e-458c-9575-ad273ed5f5b8
DEMO-DEV-9005,4,DEMO-9005,Autoclave,7fa95649-4f83-4422-99e3-aecc70af8737
DEMO-DEV-9498,4,DEMO-9498,ECG Machine,fb688ffc-1b11-4eff-98f2-9ddc42bee05d
DEMO-DEV-9540,4,DEMO-9540,Ventilator,dbf5de02-231e-458c-9575-ad273ed5f5b8
DEMO-DEV-9556,4,DEMO-9556,Autoclave,087cb0cc-f07b-4d69-aa97-f0fb17ac6bf5
DEMO-DEV-9766,4,DEMO-9766,Anesthesia Machine,dbf5de02-231e-458c-9575-ad273ed5f5b8
DEMO-DEV-0055,4,DEMO-0055,X-Ray System,f1bd3fb4-d29a-4a49-a73f-fcb9d140af66
DEMO-DEV-0179,4,DEMO-0179,Ultrasound System,f1bd3fb4-d29a-4a49-a73f-fcb9d140af66
DEMO-DEV-0304,4,DEMO-0304,Defibrillator,fb688ffc-1b11-4eff-98f2-9ddc42bee05d
DEMO-DEV-0653,4,DEMO-0653,Autoclave,087cb0cc-f07b-4d69-aa97-f0fb17ac6bf5
DEMO-DEV-0658,4,DEMO-0658,X-Ray System,fb688ffc-1b11-4eff-98f2-9ddc42bee05d
DEMO-DEV-0726,4,DEMO-0726,Ultrasound System,f1bd3fb4-d29a-4a49-a73f-fcb9d140af66
DEMO-DEV-0734,4,DEMO-0734,Syringe Pump,dbf5de02-231e-458c-9575-ad273ed5f5b8
DEMO-DEV-0749,4,DEMO-0749,Infusion Pump,02e6a10b-282c-4bf5-a61a-547e12683222
DEMO-DEV-0758,4,DEMO-0758,Pulse Oximeter,dbf5de02-231e-458c-9575-ad273ed5f5b8
DEMO-DEV-0811,4,DEMO-0811,Pulse Oximeter,3063f084-58b4-4185-9334-5219ca4fd060
DEMO-DEV-0854,4,DEMO-0854,Ultrasound System,de1fc8ff-31ca-453a-8e05-4ef6f6344a89
DEMO-DEV-1027,4,DEMO-1027,Electrosurgical Unit,053d4a00-e594-4305-ae71-a96c95a13530
DEMO-DEV-1037,4,DEMO-1037,Electrosurgical Unit,5221b7d8-06db-4aae-aaff-9bb16ecffd99
DEMO-DEV-1048,4,DEMO-1048,Patient Monitor,d5382c80-abaa-4a87-b4a1-cb76fb0f264c
DEMO-DEV-1079,4,DEMO-1079,Autoclave,7fa95649-4f83-4422-99e3-aecc70af8737
DEMO-DEV-1094,4,DEMO-1094,X-Ray System,f1bd3fb4-d29a-4a49-a73f-fcb9d140af66
DEMO-DEV-1118,4,DEMO-1118,Defibrillator,fb688ffc-1b11-4eff-98f2-9ddc42bee05d
DEMO-DEV-1125,4,DEMO-1125,Ventilator,dbf5de02-231e-458c-9575-ad273ed5f5b8
DEMO-DEV-1152,4,DEMO-1152,Autoclave,e19c99a4-ade8-4c7f-a494-8746650c680c
DEMO-DEV-1257,4,DEMO-1257,Defibrillator,fb688ffc-1b11-4eff-98f2-9ddc42bee05d
DEMO-DEV-1313,4,DEMO-1313,Syringe Pump,fb688ffc-1b11-4eff-98f2-9ddc42bee05d
DEMO-DEV-1385,4,DEMO-1385,Electrosurgical Unit,053d4a00-e594-4305-ae71-a96c95a13530
DEMO-DEV-1468,4,DEMO-1468,Anesthesia Machine,35abc5ec-fbe4-40a6-8752-2cba3fb328ba
DEMO-DEV-1529,4,DEMO-1529,Infusion Pump,dbf5de02-231e-458c-9575-ad273ed5f5b8
DEMO-DEV-1560,4,DEMO-1560,Anesthesia Machine,3063f084-58b4-4185-9334-5219ca4fd060
DEMO-DEV-1624,4,DEMO-1624,Syringe Pump,fb688ffc-1b11-4eff-98f2-9ddc42bee05d
DEMO-DEV-1725,4,DEMO-1725,Electrosurgical Unit,8e27f500-7d94-4ee5-be36-9f990b34e092
DEMO-DEV-1738,4,DEMO-1738,Infusion Pump,dbf5de02-231e-458c-9575-ad273ed5f5b8
DEMO-DEV-1763,4,DEMO-1763,Electrosurgical Unit,de1fc8ff-31ca-453a-8e05-4ef6f6344a89
DEMO-DEV-1887,4,DEMO-1887,Pulse Oximeter,3063f084-58b4-4185-9334-5219ca4fd060
DEMO-DEV-2011,4,DEMO-2011,Ultrasound System,de1fc8ff-31ca-453a-8e05-4ef6f6344a89
DEMO-DEV-2134,4,DEMO-2134,Autoclave,e19c99a4-ade8-4c7f-a494-8746650c680c
DEMO-DEV-2190,4,DEMO-2190,X-Ray System,f1bd3fb4-d29a-4a49-a73f-fcb9d140af66
DEMO-DEV-2249,4,DEMO-2249,Pulse Oximeter,d5382c80-abaa-4a87-b4a1-cb76fb0f264c
DEMO-DEV-2257,4,DEMO-2257,Syringe Pump,d5382c80-abaa-4a87-b4a1-cb76fb0f264c
DEMO-DEV-2334,4,DEMO-2334,Pulse Oximeter,5e9a7ead-ebbc-4d90-9dfa-960b95ff7c32
DEMO-DEV-2453,4,DEMO-2453,Ultrasound System,f1bd3fb4-d29a-4a49-a73f-fcb9d140af66
DEMO-DEV-2554,4,DEMO-2554,Ventilator,fb688ffc-1b11-4eff-98f2-9ddc42bee05d
DEMO-DEV-2618,4,DEMO-2618,Ultrasound System,f1bd3fb4-d29a-4a49-a73f-fcb9d140af66
DEMO-DEV-2638,4,DEMO-2638,Defibrillator,fb688ffc-1b11-4eff-98f2-9ddc42bee05d
DEMO-DEV-2646,4,DEMO-2646,Anesthesia Machine,5cbbfa1e-37f3-448b-a3bd-d3f30054ca16
DEMO-DEV-2793,4,DEMO-2793,ECG Machine,3063f084-58b4-4185-9334-5219ca4fd060
DEMO-DEV-2850,4,DEMO-2850,Electrosurgical Unit,7fa95649-4f83-4422-99e3-aecc70af8737
DEMO-DEV-2864,4,DEMO-2864,ECG Machine,fb688ffc-1b11-4eff-98f2-9ddc42bee05d
DEMO-DEV-2903,4,DEMO-2903,Electrosurgical Unit,087cb0cc-f07b-4d69-aa97-f0fb17ac6bf5
DEMO-DEV-2906,4,DEMO-2906,Anesthesia Machine,3063f084-58b4-4185-9334-5219ca4fd060
DEMO-DEV-2937,4,DEMO-2937,X-Ray System,fb688ffc-1b11-4eff-98f2-9ddc42bee05d
DEMO-DEV-2953,4,DEMO-2953,Syringe Pump,dbf5de02-231e-458c-9575-ad273ed5f5b8
DEMO-DEV-2957,4,DEMO-2957,Infusion Pump,3063f084-58b4-4185-9334-5219ca4fd060
DEMO-DEV-3208,4,DEMO-3208,Ultrasound System,f1bd3fb4-d29a-4a49-a73f-fcb9d140af66
DEMO-DEV-3226,4,DEMO-3226,ECG Machine,d5382c80-abaa-4a87-b4a1-cb76fb0f264c
DEMO-DEV-3300,4,DEMO-3300,Anesthesia Machine,8e27f500-7d94-4ee5-be36-9f990b34e092
DEMO-DEV-3322,4,DEMO-3322,X-Ray System,fb688ffc-1b11-4eff-98f2-9ddc42bee05d
DEMO-DEV-3329,4,DEMO-3329,Defibrillator,fb688ffc-1b11-4eff-98f2-9ddc42bee05d
DEMO-DEV-3473,4,DEMO-3473,ECG Machine,5e9a7ead-ebbc-4d90-9dfa-960b95ff7c32
DEMO-DEV-3480,4,DEMO-3480,Ultrasound System,de1fc8ff-31ca-453a-8e05-4ef6f6344a89
DEMO-DEV-3517,4,DEMO-3517,Anesthesia Machine,35abc5ec-fbe4-40a6-8752-2cba3fb328ba
DEMO-DEV-3570,4,DEMO-3570,Ventilator,fb688ffc-1b11-4eff-98f2-9ddc42bee05d
DEMO-DEV-3614,4,DEMO-3614,X-Ray System,fb688ffc-1b11-4eff-98f2-9ddc42bee05d
DEMO-DEV-3708,4,DEMO-3708,Autoclave,e19c99a4-ade8-4c7f-a494-8746650c680c
DEMO-DEV-3826,4,DEMO-3826,Autoclave,e19c99a4-ade8-4c7f-a494-8746650c680c
DEMO-DEV-3843,4,DEMO-3843,Defibrillator,fb688ffc-1b11-4eff-98f2-9ddc42bee05d
DEMO-DEV-3918,4,DEMO-3918,Patient Monitor,5221b7d8-06db-4aae-aaff-9bb16ecffd99
DEMO-DEV-3994,4,DEMO-3994,ECG Machine,3063f084-58b4-4185-9334-5219ca4fd060
DEMO-DEV-4135,4,DEMO-4135,Patient Monitor,fb688ffc-1b11-4eff-98f2-9ddc42bee05d
DEMO-DEV-4158,4,DEMO-4158,Syringe Pump,d5382c80-abaa-4a87-b4a1-cb76fb0f264c
DEMO-DEV-4181,4,DEMO-4181,Anesthesia Machine,8e27f500-7d94-4ee5-be36-9f990b34e092
DEMO-DEV-4212,4,DEMO-4212,X-Ray System,f1bd3fb4-d29a-4a49-a73f-fcb9d140af66
DEMO-DEV-4249,4,DEMO-4249,Infusion Pump,3abaabf6-cb3c-4665-9bf7-51e15d6b83a6
DEMO-DEV-4293,4,DEMO-4293,Pulse Oximeter,dbf5de02-231e-458c-9575-ad273ed5f5b8
DEMO-DEV-4398,4,DEMO-4398,Patient Monitor,02e6a10b-282c-4bf5-a61a-547e12683222
DEMO-DEV-4485,4,DEMO-4485,Anesthesia Machine,cfeb1a0b-e69b-4ef5-b5ef-3431f0ad201c
DEMO-DEV-4648,4,DEMO-4648,X-Ray System,f1bd3fb4-d29a-4a49-a73f-fcb9d140af66
DEMO-DEV-4688,4,DEMO-4688,X-Ray System,fb688ffc-1b11-4eff-98f2-9ddc42bee05d
DEMO-DEV-4734,4,DEMO-4734,Autoclave,e19c99a4-ade8-4c7f-a494-8746650c680c
DEMO-DEV-4871,4,DEMO-4871,Syringe Pump,fb688ffc-1b11-4eff-98f2-9ddc42bee05d
DEMO-DEV-4952,4,DEMO-4952,Pulse Oximeter,5e9a7ead-ebbc-4d90-9dfa-960b95ff7c32
DEMO-DEV-5037,4,DEMO-5037,Anesthesia Machine,5cbbfa1e-37f3-448b-a3bd-d3f30054ca16
DEMO-DEV-5052,4,DEMO-5052,Anesthesia Machine,f1bd3fb4-d29a-4a49-a73f-fcb9d140af66
DEMO-DEV-5180,4,DEMO-5180,ECG Machine,d5382c80-abaa-4a87-b4a1-cb76fb0f264c
DEMO-DEV-5358,4,DEMO-5358,Ultrasound System,42ee3277-2e48-431d-b386-6ea209c2fcab
DEMO-DEV-5442,4,DEMO-5442,Syringe Pump,5e9a7ead-ebbc-4d90-9dfa-960b95ff7c32
DEMO-DEV-5479,4,DEMO-5479,Patient Monitor,d5382c80-abaa-4a87-b4a1-cb76fb0f264c
DEMO-DEV-5483,4,DEMO-5483,Ventilator,dbf5de02-231e-458c-9575-ad273ed5f5b8
DEMO-DEV-5584,4,DEMO-5584,Autoclave,087cb0cc-f07b-4d69-aa97-f0fb17ac6bf5
DEMO-DEV-5722,4,DEMO-5722,ECG Machine,3063f084-58b4-4185-9334-5219ca4fd060
DEMO-DEV-5740,4,DEMO-5740,Anesthesia Machine,cfeb1a0b-e69b-4ef5-b5ef-3431f0ad201c
DEMO-DEV-5777,4,DEMO-5777,Ventilator,dbf5de02-231e-458c-9575-ad273ed5f5b8
DEMO-DEV-6008,4,DEMO-6008,Ventilator,dbf5de02-231e-458c-9575-ad273ed5f5b8
DEMO-DEV-6180,4,DEMO-6180,Infusion Pump,3063f084-58b4-4185-9334-5219ca4fd060
DEMO-DEV-6243,4,DEMO-6243,Infusion Pump,5e9a7ead-ebbc-4d90-9dfa-960b95ff7c32
DEMO-DEV-6362,4,DEMO-6362,Patient Monitor,5221b7d8-06db-4aae-aaff-9bb16ecffd99
DEMO-DEV-6462,4,DEMO-6462,Electrosurgical Unit,5221b7d8-06db-4aae-aaff-9bb16ecffd99
DEMO-DEV-6496,4,DEMO-6496,Autoclave,7fa95649-4f83-4422-99e3-aecc70af8737
DEMO-DEV-6548,4,DEMO-6548,Electrosurgical Unit,8e27f500-7d94-4ee5-be36-9f990b34e092
DEMO-DEV-6690,4,DEMO-6690,Infusion Pump,fb688ffc-1b11-4eff-98f2-9ddc42bee05d
DEMO-DEV-6788,4,DEMO-6788,Electrosurgical Unit,7fa95649-4f83-4422-99e3-aecc70af8737
DEMO-DEV-6808,4,DEMO-6808,Autoclave,087cb0cc-f07b-4d69-aa97-f0fb17ac6bf5
DEMO-DEV-6859,4,DEMO-6859,Electrosurgical Unit,5221b7d8-06db-4aae-aaff-9bb16ecffd99
DEMO-DEV-6945,4,DEMO-6945,Anesthesia Machine,f75d2bae-4cbf-4736-ae9b-4da7cbd1dada
DEMO-DEV-6949,4,DEMO-6949,Syringe Pump,d5382c80-abaa-4a87-b4a1-cb76fb0f264c
DEMO-DEV-6957,4,DEMO-6957,ECG Machine,5e9a7ead-ebbc-4d90-9dfa-960b95ff7c32
DEMO-DEV-6997,4,DEMO-6997,Infusion Pump,d5382c80-abaa-4a87-b4a1-cb76fb0f264c
DEMO-DEV-7009,4,DEMO-7009,Ventilator,fb688ffc-1b11-4eff-98f2-9ddc42bee05d
DEMO-DEV-7027,4,DEMO-7027,ECG Machine,42ee3277-2e48-431d-b386-6ea209c2fcab
DEMO-DEV-7042,4,DEMO-7042,Pulse Oximeter,3063f084-58b4-4185-9334-5219ca4fd060
DEMO-DEV-7175,4,DEMO-7175,Pulse Oximeter,42ee3277-2e48-431d-b386-6ea209c2fcab
DEMO-DEV-7210,4,DEMO-7210,Electrosurgical Unit,02e6a10b-282c-4bf5-a61a-547e12683222
DEMO-DEV-7274,4,DEMO-7274,Autoclave,087cb0cc-f07b-4d69-aa97-f0fb17ac6bf5
DEMO-DEV-7310,4,DEMO-7310,Electrosurgical Unit,5221b7d8-06db-4aae-aaff-9bb16ecffd99
DEMO-DEV-7446,4,DEMO-7446,X-Ray System,f1bd3fb4-d29a-4a49-a73f-fcb9d140af66
DEMO-DEV-7542,4,DEMO-7542,Ultrasound System,f1bd3fb4-d29a-4a49-a73f-fcb9d140af66
DEMO-DEV-7546,4,DEMO-7546,Ultrasound System,f1bd3fb4-d29a-4a49-a73f-fcb9d140af66
DEMO-DEV-7600,4,DEMO-7600,Autoclave,087cb0cc-f07b-4d69-aa97-f0fb17ac6bf5
DEMO-DEV-7745,4,DEMO-7745,Ultrasound System,de1fc8ff-31ca-453a-8e05-4ef6f6344a89
DEMO-DEV-7770,4,DEMO-7770,Autoclave,e19c99a4-ade8-4c7f-a494-8746650c680c
DEMO-DEV-7969,4,DEMO-7969,X-Ray System,fb688ffc-1b11-4eff-98f2-9ddc42bee05d
DEMO-DEV-8148,4,DEMO-8148,Ventilator,dbf5de02-231e-458c-9575-ad273ed5f5b8
DEMO-DEV-8350,4,DEMO-8350,Patient Monitor,02e6a10b-282c-4bf5-a61a-547e12683222
DEMO-DEV-8353,4,DEMO-8353,ECG Machine,fb688ffc-1b11-4eff-98f2-9ddc42bee05d
DEMO-DEV-8388,4,DEMO-8388,Autoclave,7fa95649-4f83-4422-99e3-aecc70af8737
DEMO-DEV-8412,4,DEMO-8412,X-Ray System,f1bd3fb4-d29a-4a49-a73f-fcb9d140af66
DEMO-DEV-8474,4,DEMO-8474,Autoclave,e19c99a4-ade8-4c7f-a494-8746650c680c
DEMO-DEV-8552,4,DEMO-8552,Autoclave,087cb0cc-f07b-4d69-aa97-f0fb17ac6bf5
DEMO-DEV-8625,4,DEMO-8625,ECG Machine,fb688ffc-1b11-4eff-98f2-9ddc42bee05d
DEMO-DEV-8656,4,DEMO-8656,Ultrasound System,42ee3277-2e48-431d-b386-6ea209c2fcab
DEMO-DEV-8675,4,DEMO-8675,Patient Monitor,8e27f500-7d94-4ee5-be36-9f990b34e092
DEMO-DEV-8719,4,DEMO-8719,Patient Monitor,8e27f500-7d94-4ee5-be36-9f990b34e092
DEMO-DEV-8772,4,DEMO-8772,X-Ray System,fb688ffc-1b11-4eff-98f2-9ddc42bee05d
DEMO-DEV-8928,4,DEMO-8928,X-Ray System,f1bd3fb4-d29a-4a49-a73f-fcb9d140af66
DEMO-DEV-8950,4,DEMO-8950,X-Ray System,fb688ffc-1b11-4eff-98f2-9ddc42bee05d
DEMO-DEV-8951,4,DEMO-8951,Autoclave,7fa95649-4f83-4422-99e3-aecc70af8737
DEMO-DEV-8979,4,DEMO-8979,Autoclave,087cb0cc-f07b-4d69-aa97-f0fb17ac6bf5
DEMO-DEV-9283,4,DEMO-9283,Anesthesia Machine,5cbbfa1e-37f3-448b-a3bd-d3f30054ca16
DEMO-DEV-9316,4,DEMO-9316,Syringe Pump,3063f084-58b4-4185-9334-5219ca4fd060
DEMO-DEV-9320,4,DEMO-9320,Anesthesia Machine,f1bd3fb4-d29a-4a49-a73f-fcb9d140af66
DEMO-DEV-9531,4,DEMO-9531,X-Ray System,f1bd3fb4-d29a-4a49-a73f-fcb9d140af66
DEMO-DEV-9563,4,DEMO-9563,Autoclave,e19c99a4-ade8-4c7f-a494-8746650c680c
DEMO-DEV-9606,4,DEMO-9606,Ventilator,fb688ffc-1b11-4eff-98f2-9ddc42bee05d
DEMO-DEV-9649,4,DEMO-9649,Pulse Oximeter,3063f084-58b4-4185-9334-5219ca4fd060
DEMO-DEV-9694,4,DEMO-9694,Autoclave,e19c99a4-ade8-4c7f-a494-8746650c680c
DEMO-DEV-9705,4,DEMO-9705,X-Ray System,f1bd3fb4-d29a-4a49-a73f-fcb9d140af66
DEMO-DEV-9801,4,DEMO-9801,Electrosurgical Unit,de1fc8ff-31ca-453a-8e05-4ef6f6344a89
DEMO-DEV-9876,4,DEMO-9876,Pulse Oximeter,42ee3277-2e48-431d-b386-6ea209c2fcab
DEMO-DEV-9933,4,DEMO-9933,X-Ray System,fb688ffc-1b11-4eff-98f2-9ddc42bee05d
DEMO-DEV-3071,2,DEMO-3071,Electrosurgical Unit,053d4a00-e594-4305-ae71-a96c95a13530
DEMO-DEV-3522,2,DEMO-3522,Defibrillator,fb688ffc-1b11-4eff-98f2-9ddc42bee05d
DEMO-DEV-3653,2,DEMO-3653,Autoclave,087cb0cc-f07b-4d69-aa97-f0fb17ac6bf5
DEMO-DEV-3654,2,DEMO-3654,Defibrillator,fb688ffc-1b11-4eff-98f2-9ddc42bee05d
DEMO-DEV-4556,2,DEMO-4556,Electrosurgical Unit,8e27f500-7d94-4ee5-be36-9f990b34e092
DEMO-DEV-4558,2,DEMO-4558,Syringe Pump,fb688ffc-1b11-4eff-98f2-9ddc42bee05d
DEMO-DEV-0056,2,DEMO-0056,Autoclave,087cb0cc-f07b-4d69-aa97-f0fb17ac6bf5
DEMO-DEV-0214,2,DEMO-0214,Anesthesia Machine,087cb0cc-f07b-4d69-aa97-f0fb17ac6bf5
DEMO-DEV-0420,2,DEMO-0420,Defibrillator,fb688ffc-1b11-4eff-98f2-9ddc42bee05d
DEMO-DEV-0892,2,DEMO-0892,X-Ray System,fb688ffc-1b11-4eff-98f2-9ddc42bee05d
DEMO-DEV-0991,2,DEMO-0991,Patient Monitor,fb688ffc-1b11-4eff-98f2-9ddc42bee05d
DEMO-DEV-1034,2,DEMO-1034,Infusion Pump,5221b7d8-06db-4aae-aaff-9bb16ecffd99
DEMO-DEV-1903,2,DEMO-1903,Pulse Oximeter,5e9a7ead-ebbc-4d90-9dfa-960b95ff7c32
DEMO-DEV-2034,2,DEMO-2034,Infusion Pump,02e6a10b-282c-4bf5-a61a-547e12683222
DEMO-DEV-2106,2,DEMO-2106,Defibrillator,fb688ffc-1b11-4eff-98f2-9ddc42bee05d
DEMO-DEV-2612,2,DEMO-2612,Anesthesia Machine,7fa95649-4f83-4422-99e3-aecc70af8737
DEMO-DEV-2990,2,DEMO-2990,Defibrillator,fb688ffc-1b11-4eff-98f2-9ddc42bee05d
DEMO-DEV-4460,2,DEMO-4460,Ventilator,dbf5de02-231e-458c-9575-ad273ed5f5b8
DEMO-DEV-4498,2,DEMO-4498,Patient Monitor,fb688ffc-1b11-4eff-98f2-9ddc42bee05d
DEMO-DEV-4585,2,DEMO-4585,Autoclave,087cb0cc-f07b-4d69-aa97-f0fb17ac6bf5
DEMO-DEV-4706,2,DEMO-4706,Ultrasound System,42ee3277-2e48-431d-b386-6ea209c2fcab
DEMO-DEV-4797,2,DEMO-4797,Anesthesia Machine,087cb0cc-f07b-4d69-aa97-f0fb17ac6bf5
DEMO-DEV-5010,2,DEMO-5010,Ultrasound System,de1fc8ff-31ca-453a-8e05-4ef6f6344a89
DEMO-DEV-5106,2,DEMO-5106,ECG Machine,d5382c80-abaa-4a87-b4a1-cb76fb0f264c
DEMO-DEV-5139,2,DEMO-5139,Pulse Oximeter,fb688ffc-1b11-4eff-98f2-9ddc42bee05d
DEMO-DEV-5345,2,DEMO-5345,Pulse Oximeter,5e9a7ead-ebbc-4d90-9dfa-960b95ff7c32
DEMO-DEV-5851,2,DEMO-5851,Ultrasound System,f1bd3fb4-d29a-4a49-a73f-fcb9d140af66
DEMO-DEV-6192,2,DEMO-6192,Defibrillator,fb688ffc-1b11-4eff-98f2-9ddc42bee05d
DEMO-DEV-6250,2,DEMO-6250,Anesthesia Machine,7fa95649-4f83-4422-99e3-aecc70af8737
DEMO-DEV-6376,2,DEMO-6376,Electrosurgical Unit,02e6a10b-282c-4bf5-a61a-547e12683222
DEMO-DEV-6519,2,DEMO-6519,Autoclave,7fa95649-4f83-4422-99e3-aecc70af8737
DEMO-DEV-6580,2,DEMO-6580,X-Ray System,fb688ffc-1b11-4eff-98f2-9ddc42bee05d
DEMO-DEV-6640,2,DEMO-6640,Electrosurgical Unit,de1fc8ff-31ca-453a-8e05-4ef6f6344a89
DEMO-DEV-6653,2,DEMO-6653,Infusion Pump,d5382c80-abaa-4a87-b4a1-cb76fb0f264c
DEMO-DEV-6888,2,DEMO-6888,ECG Machine,fb688ffc-1b11-4eff-98f2-9ddc42bee05d
DEMO-DEV-6900,2,DEMO-6900,Ultrasound System,42ee3277-2e48-431d-b386-6ea209c2fcab
DEMO-DEV-7243,2,DEMO-7243,Autoclave,7fa95649-4f83-4422-99e3-aecc70af8737
DEMO-DEV-7697,2,DEMO-7697,Autoclave,087cb0cc-f07b-4d69-aa97-f0fb17ac6bf5
DEMO-DEV-8227,2,DEMO-8227,Defibrillator,fb688ffc-1b11-4eff-98f2-9ddc42bee05d
DEMO-DEV-8488,2,DEMO-8488,Patient Monitor,5221b7d8-06db-4aae-aaff-9bb16ecffd99
DEMO-DEV-8716,2,DEMO-8716,Ventilator,dbf5de02-231e-458c-9575-ad273ed5f5b8
DEMO-DEV-9051,2,DEMO-9051,Autoclave,e19c99a4-ade8-4c7f-a494-8746650c680c
DEMO-DEV-9070,2,DEMO-9070,Patient Monitor,8e27f500-7d94-4ee5-be36-9f990b34e092
DEMO-DEV-9163,2,DEMO-9163,Ultrasound System,de1fc8ff-31ca-453a-8e05-4ef6f6344a89
DEMO-DEV-9533,2,DEMO-9533,Patient Monitor,5e9a7ead-ebbc-4d90-9dfa-960b95ff7c32
DEMO-DEV-9776,2,DEMO-9776,Infusion Pump,d5382c80-abaa-4a87-b4a1-cb76fb0f264c
DEMO-DEV-8318,2,DEMO-8318,Infusion Pump,3abaabf6-cb3c-4665-9bf7-51e15d6b83a6
DEMO-DEV-8324,2,DEMO-8324,Syringe Pump,3abaabf6-cb3c-4665-9bf7-51e15d6b83a6
DEMO-DEV-8325,2,DEMO-8325,Ventilator,dbf5de02-231e-458c-9575-ad273ed5f5b8
DEMO-DEV-0002,2,DEMO-0002,Pulse Oximeter,dbf5de02-231e-458c-9575-ad273ed5f5b8
DEMO-DEV-0050,2,DEMO-0050,Syringe Pump,d5382c80-abaa-4a87-b4a1-cb76fb0f264c
DEMO-DEV-0053,2,DEMO-0053,Electrosurgical Unit,7fa95649-4f83-4422-99e3-aecc70af8737
DEMO-DEV-0078,2,DEMO-0078,Syringe Pump,d5382c80-abaa-4a87-b4a1-cb76fb0f264c
DEMO-DEV-0105,2,DEMO-0105,Pulse Oximeter,dbf5de02-231e-458c-9575-ad273ed5f5b8
DEMO-DEV-0163,2,DEMO-0163,Patient Monitor,02e6a10b-282c-4bf5-a61a-547e12683222
DEMO-DEV-0219,2,DEMO-0219,X-Ray System,f1bd3fb4-d29a-4a49-a73f-fcb9d140af66
DEMO-DEV-0274,2,DEMO-0274,Defibrillator,fb688ffc-1b11-4eff-98f2-9ddc42bee05d
DEMO-DEV-0318,2,DEMO-0318,Anesthesia Machine,053d4a00-e594-4305-ae71-a96c95a13530
DEMO-DEV-0342,2,DEMO-0342,Infusion Pump,8e27f500-7d94-4ee5-be36-9f990b34e092
DEMO-DEV-0357,2,DEMO-0357,ECG Machine,3063f084-58b4-4185-9334-5219ca4fd060
DEMO-DEV-0510,2,DEMO-0510,Infusion Pump,8e27f500-7d94-4ee5-be36-9f990b34e092
DEMO-DEV-0563,2,DEMO-0563,ECG Machine,42ee3277-2e48-431d-b386-6ea209c2fcab
DEMO-DEV-0605,2,DEMO-0605,Anesthesia Machine,5cbbfa1e-37f3-448b-a3bd-d3f30054ca16
DEMO-DEV-0620,2,DEMO-0620,Ultrasound System,42ee3277-2e48-431d-b386-6ea209c2fcab
DEMO-DEV-0661,2,DEMO-0661,Electrosurgical Unit,053d4a00-e594-4305-ae71-a96c95a13530
DEMO-DEV-0718,2,DEMO-0718,Pulse Oximeter,dbf5de02-231e-458c-9575-ad273ed5f5b8
DEMO-DEV-0731,2,DEMO-0731,ECG Machine,5e9a7ead-ebbc-4d90-9dfa-960b95ff7c32
DEMO-DEV-0733,2,DEMO-0733,Pulse Oximeter,3063f084-58b4-4185-9334-5219ca4fd060
DEMO-DEV-0736,2,DEMO-0736,Syringe Pump,5e9a7ead-ebbc-4d90-9dfa-960b95ff7c32
DEMO-DEV-0747,2,DEMO-0747,Electrosurgical Unit,087cb0cc-f07b-4d69-aa97-f0fb17ac6bf5
DEMO-DEV-0750,2,DEMO-0750,ECG Machine,5e9a7ead-ebbc-4d90-9dfa-960b95ff7c32
DEMO-DEV-0754,2,DEMO-0754,Anesthesia Machine,5e9a7ead-ebbc-4d90-9dfa-960b95ff7c32
DEMO-DEV-0759,2,DEMO-0759,Electrosurgical Unit,8e27f500-7d94-4ee5-be36-9f990b34e092
DEMO-DEV-0760,2,DEMO-0760,Autoclave,7fa95649-4f83-4422-99e3-aecc70af8737
DEMO-DEV-0859,2,DEMO-0859,Infusion Pump,3abaabf6-cb3c-4665-9bf7-51e15d6b83a6
DEMO-DEV-0882,2,DEMO-0882,Patient Monitor,3063f084-58b4-4185-9334-5219ca4fd060
DEMO-DEV-0911,2,DEMO-0911,Ultrasound System,42ee3277-2e48-431d-b386-6ea209c2fcab
DEMO-DEV-0952,2,DEMO-0952,Pulse Oximeter,dbf5de02-231e-458c-9575-ad273ed5f5b8
DEMO-DEV-0985,2,DEMO-0985,Infusion Pump,dbf5de02-231e-458c-9575-ad273ed5f5b8
DEMO-DEV-1038,2,DEMO-1038,Anesthesia Machine,8e27f500-7d94-4ee5-be36-9f990b34e092
DEMO-DEV-1040,2,DEMO-1040,Defibrillator,fb688ffc-1b11-4eff-98f2-9ddc42bee05d
DEMO-DEV-1049,2,DEMO-1049,Electrosurgical Unit,8e27f500-7d94-4ee5-be36-9f990b34e092
DEMO-DEV-1050,2,DEMO-1050,Anesthesia Machine,7fa95649-4f83-4422-99e3-aecc70af8737
DEMO-DEV-1127,2,DEMO-1127,X-Ray System,fb688ffc-1b11-4eff-98f2-9ddc42bee05d
DEMO-DEV-1148,2,DEMO-1148,Defibrillator,fb688ffc-1b11-4eff-98f2-9ddc42bee05d
DEMO-DEV-1150,2,DEMO-1150,X-Ray System,f1bd3fb4-d29a-4a49-a73f-fcb9d140af66
DEMO-DEV-1174,2,DEMO-1174,Ultrasound System,f1bd3fb4-d29a-4a49-a73f-fcb9d140af66
DEMO-DEV-1229,2,DEMO-1229,Pulse Oximeter,42ee3277-2e48-431d-b386-6ea209c2fcab
DEMO-DEV-1243,2,DEMO-1243,Anesthesia Machine,8e27f500-7d94-4ee5-be36-9f990b34e092
DEMO-DEV-1260,2,DEMO-1260,Autoclave,7fa95649-4f83-4422-99e3-aecc70af8737
DEMO-DEV-1262,2,DEMO-1262,Ultrasound System,42ee3277-2e48-431d-b386-6ea209c2fcab
DEMO-DEV-1286,2,DEMO-1286,Autoclave,087cb0cc-f07b-4d69-aa97-f0fb17ac6bf5
DEMO-DEV-1300,2,DEMO-1300,Electrosurgical Unit,087cb0cc-f07b-4d69-aa97-f0fb17ac6bf5
DEMO-DEV-1383,2,DEMO-1383,Syringe Pump,3abaabf6-cb3c-4665-9bf7-51e15d6b83a6
DEMO-DEV-1386,2,DEMO-1386,X-Ray System,fb688ffc-1b11-4eff-98f2-9ddc42bee05d
DEMO-DEV-1397,2,DEMO-1397,Pulse Oximeter,fb688ffc-1b11-4eff-98f2-9ddc42bee05d
DEMO-DEV-1398,2,DEMO-1398,Anesthesia Machine,f1bd3fb4-d29a-4a49-a73f-fcb9d140af66
DEMO-DEV-1413,2,DEMO-1413,X-Ray System,f1bd3fb4-d29a-4a49-a73f-fcb9d140af66
DEMO-DEV-1416,2,DEMO-1416,Infusion Pump,fb688ffc-1b11-4eff-98f2-9ddc42bee05d
DEMO-DEV-1426,2,DEMO-1426,Ventilator,fb688ffc-1b11-4eff-98f2-9ddc42bee05d
DEMO-DEV-1455,2,DEMO-1455,Ventilator,dbf5de02-231e-458c-9575-ad273ed5f5b8
DEMO-DEV-1466,2,DEMO-1466,Anesthesia Machine,52802a7b-96a8-41fd-8129-b93e575505fd
DEMO-DEV-1469,2,DEMO-1469,Autoclave,087cb0cc-f07b-4d69-aa97-f0fb17ac6bf5
DEMO-DEV-1506,2,DEMO-1506,Electrosurgical Unit,de1fc8ff-31ca-453a-8e05-4ef6f6344a89
DEMO-DEV-1521,2,DEMO-1521,Defibrillator,fb688ffc-1b11-4eff-98f2-9ddc42bee05d
DEMO-DEV-1552,2,DEMO-1552,Anesthesia Machine,02e6a10b-282c-4bf5-a61a-547e12683222
DEMO-DEV-1562,2,DEMO-1562,Anesthesia Machine,de1fc8ff-31ca-453a-8e05-4ef6f6344a89
DEMO-DEV-1565,2,DEMO-1565,Autoclave,087cb0cc-f07b-4d69-aa97-f0fb17ac6bf5
DEMO-DEV-1575,2,DEMO-1575,Infusion Pump,5e9a7ead-ebbc-4d90-9dfa-960b95ff7c32
DEMO-DEV-1618,2,DEMO-1618,Pulse Oximeter,3063f084-58b4-4185-9334-5219ca4fd060
DEMO-DEV-1620,2,DEMO-1620,Electrosurgical Unit,7fa95649-4f83-4422-99e3-aecc70af8737
DEMO-DEV-1628,2,DEMO-1628,Electrosurgical Unit,02e6a10b-282c-4bf5-a61a-547e12683222
DEMO-DEV-1643,2,DEMO-1643,Infusion Pump,fb688ffc-1b11-4eff-98f2-9ddc42bee05d
DEMO-DEV-1659,2,DEMO-1659,Ventilator,dbf5de02-231e-458c-9575-ad273ed5f5b8
DEMO-DEV-1660,2,DEMO-1660,Defibrillator,fb688ffc-1b11-4eff-98f2-9ddc42bee05d
DEMO-DEV-1755,2,DEMO-1755,Ventilator,fb688ffc-1b11-4eff-98f2-9ddc42bee05d
DEMO-DEV-1771,2,DEMO-1771,X-Ray System,fb688ffc-1b11-4eff-98f2-9ddc42bee05d
DEMO-DEV-1780,2,DEMO-1780,Defibrillator,fb688ffc-1b11-4eff-98f2-9ddc42bee05d
DEMO-DEV-1855,2,DEMO-1855,Autoclave,087cb0cc-f07b-4d69-aa97-f0fb17ac6bf5
DEMO-DEV-1911,2,DEMO-1911,Electrosurgical Unit,02e6a10b-282c-4bf5-a61a-547e12683222
DEMO-DEV-1948,2,DEMO-1948,ECG Machine,d5382c80-abaa-4a87-b4a1-cb76fb0f264c
DEMO-DEV-1992,2,DEMO-1992,Infusion Pump,fb688ffc-1b11-4eff-98f2-9ddc42bee05d
DEMO-DEV-2043,2,DEMO-2043,Infusion Pump,5e9a7ead-ebbc-4d90-9dfa-960b95ff7c32
DEMO-DEV-2055,2,DEMO-2055,Electrosurgical Unit,053d4a00-e594-4305-ae71-a96c95a13530
DEMO-DEV-2068,2,DEMO-2068,Autoclave,7fa95649-4f83-4422-99e3-aecc70af8737
DEMO-DEV-2084,2,DEMO-2084,Pulse Oximeter,fb688ffc-1b11-4eff-98f2-9ddc42bee05d
DEMO-DEV-2085,2,DEMO-2085,X-Ray System,fb688ffc-1b11-4eff-98f2-9ddc42bee05d
DEMO-DEV-2164,2,DEMO-2164,Patient Monitor,5e9a7ead-ebbc-4d90-9dfa-960b95ff7c32
DEMO-DEV-2179,2,DEMO-2179,Pulse Oximeter,dbf5de02-231e-458c-9575-ad273ed5f5b8
DEMO-DEV-2192,2,DEMO-2192,Patient Monitor,3063f084-58b4-4185-9334-5219ca4fd060
DEMO-DEV-2206,2,DEMO-2206,ECG Machine,3063f084-58b4-4185-9334-5219ca4fd060
DEMO-DEV-2239,2,DEMO-2239,Pulse Oximeter,42ee3277-2e48-431d-b386-6ea209c2fcab
DEMO-DEV-2276,2,DEMO-2276,X-Ray System,fb688ffc-1b11-4eff-98f2-9ddc42bee05d
DEMO-DEV-2277,2,DEMO-2277,Defibrillator,fb688ffc-1b11-4eff-98f2-9ddc42bee05d
DEMO-DEV-2308,2,DEMO-2308,Syringe Pump,5e9a7ead-ebbc-4d90-9dfa-960b95ff7c32
DEMO-DEV-2322,2,DEMO-2322,Patient Monitor,02e6a10b-282c-4bf5-a61a-547e12683222
DEMO-DEV-2336,2,DEMO-2336,Patient Monitor,8e27f500-7d94-4ee5-be36-9f990b34e092
DEMO-DEV-2391,2,DEMO-2391,Ultrasound System,42ee3277-2e48-431d-b386-6ea209c2fcab
DEMO-DEV-2414,2,DEMO-2414,Electrosurgical Unit,7fa95649-4f83-4422-99e3-aecc70af8737
DEMO-DEV-2427,2,DEMO-2427,Ultrasound System,de1fc8ff-31ca-453a-8e05-4ef6f6344a89
DEMO-DEV-2443,2,DEMO-2443,Anesthesia Machine,fb688ffc-1b11-4eff-98f2-9ddc42bee05d
DEMO-DEV-2457,2,DEMO-2457,ECG Machine,fb688ffc-1b11-4eff-98f2-9ddc42bee05d
DEMO-DEV-2551,2,DEMO-2551,Infusion Pump,5e9a7ead-ebbc-4d90-9dfa-960b95ff7c32
DEMO-DEV-2550,2,DEMO-2550,Electrosurgical Unit,053d4a00-e594-4305-ae71-a96c95a13530
DEMO-DEV-2592,2,DEMO-2592,Ultrasound System,de1fc8ff-31ca-453a-8e05-4ef6f6344a89
DEMO-DEV-2593,2,DEMO-2593,Ultrasound System,42ee3277-2e48-431d-b386-6ea209c2fcab
DEMO-DEV-2596,2,DEMO-2596,Pulse Oximeter,3063f084-58b4-4185-9334-5219ca4fd060
DEMO-DEV-2597,2,DEMO-2597,Electrosurgical Unit,053d4a00-e594-4305-ae71-a96c95a13530
DEMO-DEV-2605,2,DEMO-2605,Pulse Oximeter,dbf5de02-231e-458c-9575-ad273ed5f5b8
DEMO-DEV-2650,2,DEMO-2650,Syringe Pump,5e9a7ead-ebbc-4d90-9dfa-960b95ff7c32
DEMO-DEV-2661,2,DEMO-2661,X-Ray System,fb688ffc-1b11-4eff-98f2-9ddc42bee05d
DEMO-DEV-2675,2,DEMO-2675,Defibrillator,fb688ffc-1b11-4eff-98f2-9ddc42bee05d
DEMO-DEV-2689,2,DEMO-2689,Defibrillator,fb688ffc-1b11-4eff-98f2-9ddc42bee05d
DEMO-DEV-2703,2,DEMO-2703,Ultrasound System,de1fc8ff-31ca-453a-8e05-4ef6f6344a89
DEMO-DEV-2724,2,DEMO-2724,Ventilator,dbf5de02-231e-458c-9575-ad273ed5f5b8
DEMO-DEV-2747,2,DEMO-2747,ECG Machine,3063f084-58b4-4185-9334-5219ca4fd060
DEMO-DEV-2750,2,DEMO-2750,X-Ray System,f1bd3fb4-d29a-4a49-a73f-fcb9d140af66
DEMO-DEV-2790,2,DEMO-2790,Autoclave,7fa95649-4f83-4422-99e3-aecc70af8737
DEMO-DEV-2815,2,DEMO-2815,Defibrillator,fb688ffc-1b11-4eff-98f2-9ddc42bee05d
DEMO-DEV-2884,2,DEMO-2884,Syringe Pump,fb688ffc-1b11-4eff-98f2-9ddc42bee05d
DEMO-DEV-2888,2,DEMO-2888,Pulse Oximeter,42ee3277-2e48-431d-b386-6ea209c2fcab
DEMO-DEV-2927,2,DEMO-2927,Patient Monitor,02e6a10b-282c-4bf5-a61a-547e12683222
DEMO-DEV-3009,2,DEMO-3009,X-Ray System,f1bd3fb4-d29a-4a49-a73f-fcb9d140af66
DEMO-DEV-3064,2,DEMO-3064,Pulse Oximeter,d5382c80-abaa-4a87-b4a1-cb76fb0f264c
DEMO-DEV-3091,2,DEMO-3091,Syringe Pump,5e9a7ead-ebbc-4d90-9dfa-960b95ff7c32
DEMO-DEV-3118,2,DEMO-3118,Patient Monitor,8e27f500-7d94-4ee5-be36-9f990b34e092
DEMO-DEV-3178,2,DEMO-3178,Infusion Pump,5221b7d8-06db-4aae-aaff-9bb16ecffd99
DEMO-DEV-3210,2,DEMO-3210,Ventilator,dbf5de02-231e-458c-9575-ad273ed5f5b8
DEMO-DEV-3215,2,DEMO-3215,Pulse Oximeter,3063f084-58b4-4185-9334-5219ca4fd060
DEMO-DEV-3270,2,DEMO-3270,X-Ray System,fb688ffc-1b11-4eff-98f2-9ddc42bee05d
DEMO-DEV-3341,2,DEMO-3341,Defibrillator,fb688ffc-1b11-4eff-98f2-9ddc42bee05d
DEMO-DEV-3358,2,DEMO-3358,Patient Monitor,d5382c80-abaa-4a87-b4a1-cb76fb0f264c
DEMO-DEV-3359,2,DEMO-3359,X-Ray System,fb688ffc-1b11-4eff-98f2-9ddc42bee05d
DEMO-DEV-3384,2,DEMO-3384,Autoclave,e19c99a4-ade8-4c7f-a494-8746650c680c
DEMO-DEV-3423,2,DEMO-3423,Ventilator,fb688ffc-1b11-4eff-98f2-9ddc42bee05d
DEMO-DEV-3464,2,DEMO-3464,Pulse Oximeter,3063f084-58b4-4185-9334-5219ca4fd060
DEMO-DEV-3505,2,DEMO-3505,ECG Machine,d5382c80-abaa-4a87-b4a1-cb76fb0f264c
DEMO-DEV-3523,2,DEMO-3523,X-Ray System,fb688ffc-1b11-4eff-98f2-9ddc42bee05d
DEMO-DEV-3645,2,DEMO-3645,Infusion Pump,d5382c80-abaa-4a87-b4a1-cb76fb0f264c
DEMO-DEV-3658,2,DEMO-3658,Ultrasound System,f1bd3fb4-d29a-4a49-a73f-fcb9d140af66
DEMO-DEV-3659,2,DEMO-3659,Syringe Pump,3063f084-58b4-4185-9334-5219ca4fd060
DEMO-DEV-3685,2,DEMO-3685,Pulse Oximeter,fb688ffc-1b11-4eff-98f2-9ddc42bee05d
DEMO-DEV-3713,2,DEMO-3713,Defibrillator,fb688ffc-1b11-4eff-98f2-9ddc42bee05d
DEMO-DEV-3738,2,DEMO-3738,Autoclave,087cb0cc-f07b-4d69-aa97-f0fb17ac6bf5
DEMO-DEV-3770,2,DEMO-3770,Infusion Pump,3abaabf6-cb3c-4665-9bf7-51e15d6b83a6
DEMO-DEV-3780,2,DEMO-3780,Pulse Oximeter,3063f084-58b4-4185-9334-5219ca4fd060
DEMO-DEV-3793,2,DEMO-3793,Defibrillator,fb688ffc-1b11-4eff-98f2-9ddc42bee05d
DEMO-DEV-3795,2,DEMO-3795,Pulse Oximeter,dbf5de02-231e-458c-9575-ad273ed5f5b8
DEMO-DEV-3823,2,DEMO-3823,Electrosurgical Unit,de1fc8ff-31ca-453a-8e05-4ef6f6344a89
DEMO-DEV-3850,2,DEMO-3850,Autoclave,e19c99a4-ade8-4c7f-a494-8746650c680c
DEMO-DEV-3891,2,DEMO-3891,Pulse Oximeter,5e9a7ead-ebbc-4d90-9dfa-960b95ff7c32
DEMO-DEV-3922,2,DEMO-3922,Anesthesia Machine,dbf5de02-231e-458c-9575-ad273ed5f5b8
DEMO-DEV-3932,2,DEMO-3932,Electrosurgical Unit,053d4a00-e594-4305-ae71-a96c95a13530
DEMO-DEV-3935,2,DEMO-3935,Anesthesia Machine,35abc5ec-fbe4-40a6-8752-2cba3fb328ba
DEMO-DEV-3964,2,DEMO-3964,Infusion Pump,5e9a7ead-ebbc-4d90-9dfa-960b95ff7c32
DEMO-DEV-3973,2,DEMO-3973,Infusion Pump,02e6a10b-282c-4bf5-a61a-547e12683222
DEMO-DEV-4014,2,DEMO-4014,Patient Monitor,5e9a7ead-ebbc-4d90-9dfa-960b95ff7c32
DEMO-DEV-4044,2,DEMO-4044,Anesthesia Machine,d5382c80-abaa-4a87-b4a1-cb76fb0f264c
DEMO-DEV-4071,2,DEMO-4071,Syringe Pump,d5382c80-abaa-4a87-b4a1-cb76fb0f264c
DEMO-DEV-4083,2,DEMO-4083,Ultrasound System,de1fc8ff-31ca-453a-8e05-4ef6f6344a89
DEMO-DEV-4096,2,DEMO-4096,Defibrillator,fb688ffc-1b11-4eff-98f2-9ddc42bee05d
DEMO-DEV-4111,2,DEMO-4111,Electrosurgical Unit,02e6a10b-282c-4bf5-a61a-547e12683222
DEMO-DEV-4177,2,DEMO-4177,ECG Machine,d5382c80-abaa-4a87-b4a1-cb76fb0f264c
DEMO-DEV-4178,2,DEMO-4178,Pulse Oximeter,fb688ffc-1b11-4eff-98f2-9ddc42bee05d
DEMO-DEV-4182,2,DEMO-4182,Autoclave,087cb0cc-f07b-4d69-aa97-f0fb17ac6bf5
DEMO-DEV-4191,2,DEMO-4191,Pulse Oximeter,3063f084-58b4-4185-9334-5219ca4fd060
DEMO-DEV-4211,2,DEMO-4211,Ultrasound System,f1bd3fb4-d29a-4a49-a73f-fcb9d140af66
DEMO-DEV-4264,2,DEMO-4264,Electrosurgical Unit,087cb0cc-f07b-4d69-aa97-f0fb17ac6bf5
DEMO-DEV-4278,2,DEMO-4278,Autoclave,e19c99a4-ade8-4c7f-a494-8746650c680c
DEMO-DEV-4301,2,DEMO-4301,Syringe Pump,3abaabf6-cb3c-4665-9bf7-51e15d6b83a6
DEMO-DEV-4303,2,DEMO-4303,Autoclave,e19c99a4-ade8-4c7f-a494-8746650c680c
DEMO-DEV-4334,2,DEMO-4334,Syringe Pump,3abaabf6-cb3c-4665-9bf7-51e15d6b83a6
DEMO-DEV-4355,2,DEMO-4355,Ultrasound System,42ee3277-2e48-431d-b386-6ea209c2fcab
DEMO-DEV-4410,2,DEMO-4410,Anesthesia Machine,cfeb1a0b-e69b-4ef5-b5ef-3431f0ad201c
DEMO-DEV-4443,2,DEMO-4443,Anesthesia Machine,42ee3277-2e48-431d-b386-6ea209c2fcab
DEMO-DEV-4481,2,DEMO-4481,ECG Machine,5e9a7ead-ebbc-4d90-9dfa-960b95ff7c32
DEMO-DEV-4527,2,DEMO-4527,Patient Monitor,5221b7d8-06db-4aae-aaff-9bb16ecffd99
DEMO-DEV-4529,2,DEMO-4529,Defibrillator,fb688ffc-1b11-4eff-98f2-9ddc42bee05d
DEMO-DEV-4569,2,DEMO-4569,Anesthesia Machine,5efa96ef-94e4-475f-ab85-574e4e8366bd
DEMO-DEV-4590,2,DEMO-4590,Ventilator,dbf5de02-231e-458c-9575-ad273ed5f5b8
DEMO-DEV-4604,2,DEMO-4604,Anesthesia Machine,4aa84ab5-5871-45cf-84b9-0fff65358075
DEMO-DEV-4634,2,DEMO-4634,Ultrasound System,f1bd3fb4-d29a-4a49-a73f-fcb9d140af66
DEMO-DEV-4645,2,DEMO-4645,Autoclave,e19c99a4-ade8-4c7f-a494-8746650c680c
DEMO-DEV-4673,2,DEMO-4673,Syringe Pump,5e9a7ead-ebbc-4d90-9dfa-960b95ff7c32
DEMO-DEV-4687,2,DEMO-4687,Electrosurgical Unit,7fa95649-4f83-4422-99e3-aecc70af8737
DEMO-DEV-4742,2,DEMO-4742,Infusion Pump,5e9a7ead-ebbc-4d90-9dfa-960b95ff7c32
DEMO-DEV-4771,2,DEMO-4771,Syringe Pump,5e9a7ead-ebbc-4d90-9dfa-960b95ff7c32
DEMO-DEV-4843,2,DEMO-4843,Pulse Oximeter,d5382c80-abaa-4a87-b4a1-cb76fb0f264c
DEMO-DEV-4844,2,DEMO-4844,Syringe Pump,dbf5de02-231e-458c-9575-ad273ed5f5b8
DEMO-DEV-4861,2,DEMO-4861,Anesthesia Machine,5cbbfa1e-37f3-448b-a3bd-d3f30054ca16
DEMO-DEV-4908,2,DEMO-4908,Ultrasound System,42ee3277-2e48-431d-b386-6ea209c2fcab
DEMO-DEV-4936,2,DEMO-4936,Ultrasound System,42ee3277-2e48-431d-b386-6ea209c2fcab
DEMO-DEV-4963,2,DEMO-4963,Anesthesia Machine,f1bd3fb4-d29a-4a49-a73f-fcb9d140af66
DEMO-DEV-4991,2,DEMO-4991,Defibrillator,fb688ffc-1b11-4eff-98f2-9ddc42bee05d
DEMO-DEV-5019,2,DEMO-5019,Ultrasound System,42ee3277-2e48-431d-b386-6ea209c2fcab
DEMO-DEV-5036,2,DEMO-5036,Infusion Pump,02e6a10b-282c-4bf5-a61a-547e12683222
DEMO-DEV-5049,2,DEMO-5049,Defibrillator,fb688ffc-1b11-4eff-98f2-9ddc42bee05d
DEMO-DEV-5061,2,DEMO-5061,Infusion Pump,02e6a10b-282c-4bf5-a61a-547e12683222
DEMO-DEV-5093,2,DEMO-5093,Syringe Pump,3063f084-58b4-4185-9334-5219ca4fd060
DEMO-DEV-5103,2,DEMO-5103,Infusion Pump,fb688ffc-1b11-4eff-98f2-9ddc42bee05d
DEMO-DEV-5215,2,DEMO-5215,Electrosurgical Unit,de1fc8ff-31ca-453a-8e05-4ef6f6344a89
DEMO-DEV-5255,2,DEMO-5255,Autoclave,087cb0cc-f07b-4d69-aa97-f0fb17ac6bf5
DEMO-DEV-5270,2,DEMO-5270,Pulse Oximeter,3063f084-58b4-4185-9334-5219ca4fd060
DEMO-DEV-5297,2,DEMO-5297,Infusion Pump,02e6a10b-282c-4bf5-a61a-547e12683222
DEMO-DEV-5298,2,DEMO-5298,Ultrasound System,42ee3277-2e48-431d-b386-6ea209c2fcab
DEMO-DEV-5302,2,DEMO-5302,Patient Monitor,8e27f500-7d94-4ee5-be36-9f990b34e092
DEMO-DEV-5327,2,DEMO-5327,Infusion Pump,5221b7d8-06db-4aae-aaff-9bb16ecffd99
DEMO-DEV-5328,2,DEMO-5328,Ventilator,fb688ffc-1b11-4eff-98f2-9ddc42bee05d
DEMO-DEV-5353,2,DEMO-5353,Ultrasound System,de1fc8ff-31ca-453a-8e05-4ef6f6344a89
DEMO-DEV-5354,2,DEMO-5354,X-Ray System,fb688ffc-1b11-4eff-98f2-9ddc42bee05d
DEMO-DEV-5369,2,DEMO-5369,Autoclave,7fa95649-4f83-4422-99e3-aecc70af8737
DEMO-DEV-5372,2,DEMO-5372,Electrosurgical Unit,7fa95649-4f83-4422-99e3-aecc70af8737
DEMO-DEV-5408,2,DEMO-5408,Ultrasound System,42ee3277-2e48-431d-b386-6ea209c2fcab
DEMO-DEV-5438,2,DEMO-5438,Ventilator,dbf5de02-231e-458c-9575-ad273ed5f5b8
DEMO-DEV-5551,2,DEMO-5551,Anesthesia Machine,087cb0cc-f07b-4d69-aa97-f0fb17ac6bf5
DEMO-DEV-5586,2,DEMO-5586,Ultrasound System,de1fc8ff-31ca-453a-8e05-4ef6f6344a89
DEMO-DEV-5601,2,DEMO-5601,X-Ray System,f1bd3fb4-d29a-4a49-a73f-fcb9d140af66
DEMO-DEV-5672,2,DEMO-5672,Autoclave,e19c99a4-ade8-4c7f-a494-8746650c680c
DEMO-DEV-5674,2,DEMO-5674,X-Ray System,f1bd3fb4-d29a-4a49-a73f-fcb9d140af66
DEMO-DEV-5683,2,DEMO-5683,Infusion Pump,8e27f500-7d94-4ee5-be36-9f990b34e092
DEMO-DEV-5713,2,DEMO-5713,Ultrasound System,f1bd3fb4-d29a-4a49-a73f-fcb9d140af66
DEMO-DEV-5778,2,DEMO-5778,Autoclave,e19c99a4-ade8-4c7f-a494-8746650c680c
DEMO-DEV-5780,2,DEMO-5780,X-Ray System,f1bd3fb4-d29a-4a49-a73f-fcb9d140af66
DEMO-DEV-5821,2,DEMO-5821,ECG Machine,d5382c80-abaa-4a87-b4a1-cb76fb0f264c
DEMO-DEV-5823,2,DEMO-5823,Patient Monitor,3063f084-58b4-4185-9334-5219ca4fd060
DEMO-DEV-5837,2,DEMO-5837,Infusion Pump,fb688ffc-1b11-4eff-98f2-9ddc42bee05d
DEMO-DEV-5878,2,DEMO-5878,Ventilator,dbf5de02-231e-458c-9575-ad273ed5f5b8
DEMO-DEV-5932,2,DEMO-5932,Anesthesia Machine,5221b7d8-06db-4aae-aaff-9bb16ecffd99
DEMO-DEV-5988,2,DEMO-5988,Defibrillator,fb688ffc-1b11-4eff-98f2-9ddc42bee05d
DEMO-DEV-5990,2,DEMO-5990,X-Ray System,fb688ffc-1b11-4eff-98f2-9ddc42bee05d
DEMO-DEV-6018,2,DEMO-6018,Pulse Oximeter,fb688ffc-1b11-4eff-98f2-9ddc42bee05d
DEMO-DEV-6047,2,DEMO-6047,Patient Monitor,d5382c80-abaa-4a87-b4a1-cb76fb0f264c
DEMO-DEV-6061,2,DEMO-6061,Defibrillator,fb688ffc-1b11-4eff-98f2-9ddc42bee05d
DEMO-DEV-6062,2,DEMO-6062,Anesthesia Machine,5efa96ef-94e4-475f-ab85-574e4e8366bd
DEMO-DEV-6101,2,DEMO-6101,Autoclave,e19c99a4-ade8-4c7f-a494-8746650c680c
DEMO-DEV-6114,2,DEMO-6114,Syringe Pump,5e9a7ead-ebbc-4d90-9dfa-960b95ff7c32
DEMO-DEV-6169,2,DEMO-6169,X-Ray System,fb688ffc-1b11-4eff-98f2-9ddc42bee05d
DEMO-DEV-6177,2,DEMO-6177,Autoclave,e19c99a4-ade8-4c7f-a494-8746650c680c
DEMO-DEV-6197,2,DEMO-6197,Patient Monitor,5221b7d8-06db-4aae-aaff-9bb16ecffd99
DEMO-DEV-6267,2,DEMO-6267,Ultrasound System,f1bd3fb4-d29a-4a49-a73f-fcb9d140af66
DEMO-DEV-6278,2,DEMO-6278,Defibrillator,fb688ffc-1b11-4eff-98f2-9ddc42bee05d
DEMO-DEV-6310,2,DEMO-6310,Electrosurgical Unit,8e27f500-7d94-4ee5-be36-9f990b34e092
DEMO-DEV-6351,2,DEMO-6351,Syringe Pump,dbf5de02-231e-458c-9575-ad273ed5f5b8
DEMO-DEV-6352,2,DEMO-6352,Patient Monitor,fb688ffc-1b11-4eff-98f2-9ddc42bee05d
DEMO-DEV-6419,2,DEMO-6419,X-Ray System,f1bd3fb4-d29a-4a49-a73f-fcb9d140af66
DEMO-DEV-6434,2,DEMO-6434,Pulse Oximeter,42ee3277-2e48-431d-b386-6ea209c2fcab
DEMO-DEV-6475,2,DEMO-6475,ECG Machine,5e9a7ead-ebbc-4d90-9dfa-960b95ff7c32
DEMO-DEV-6534,2,DEMO-6534,Ventilator,fb688ffc-1b11-4eff-98f2-9ddc42bee05d
DEMO-DEV-6572,2,DEMO-6572,Syringe Pump,3abaabf6-cb3c-4665-9bf7-51e15d6b83a6
DEMO-DEV-6615,2,DEMO-6615,Ultrasound System,f1bd3fb4-d29a-4a49-a73f-fcb9d140af66
DEMO-DEV-6641,2,DEMO-6641,Defibrillator,fb688ffc-1b11-4eff-98f2-9ddc42bee05d
DEMO-DEV-6669,2,DEMO-6669,Infusion Pump,8e27f500-7d94-4ee5-be36-9f990b34e092
DEMO-DEV-6671,2,DEMO-6671,Ultrasound System,42ee3277-2e48-431d-b386-6ea209c2fcab
DEMO-DEV-6717,2,DEMO-6717,Infusion Pump,3abaabf6-cb3c-4665-9bf7-51e15d6b83a6
DEMO-DEV-6723,2,DEMO-6723,Syringe Pump,3063f084-58b4-4185-9334-5219ca4fd060
DEMO-DEV-6836,2,DEMO-6836,Defibrillator,fb688ffc-1b11-4eff-98f2-9ddc42bee05d
DEMO-DEV-6848,2,DEMO-6848,Infusion Pump,dbf5de02-231e-458c-9575-ad273ed5f5b8
DEMO-DEV-6850,2,DEMO-6850,X-Ray System,fb688ffc-1b11-4eff-98f2-9ddc42bee05d
DEMO-DEV-6862,2,DEMO-6862,Patient Monitor,fb688ffc-1b11-4eff-98f2-9ddc42bee05d
DEMO-DEV-6890,2,DEMO-6890,Infusion Pump,3abaabf6-cb3c-4665-9bf7-51e15d6b83a6
DEMO-DEV-6892,2,DEMO-6892,Patient Monitor,02e6a10b-282c-4bf5-a61a-547e12683222
DEMO-DEV-6905,2,DEMO-6905,Ultrasound System,f1bd3fb4-d29a-4a49-a73f-fcb9d140af66
DEMO-DEV-6934,2,DEMO-6934,X-Ray System,fb688ffc-1b11-4eff-98f2-9ddc42bee05d
DEMO-DEV-6960,2,DEMO-6960,Ventilator,fb688ffc-1b11-4eff-98f2-9ddc42bee05d
DEMO-DEV-6976,2,DEMO-6976,Defibrillator,fb688ffc-1b11-4eff-98f2-9ddc42bee05d
DEMO-DEV-7085,2,DEMO-7085,Ultrasound System,f1bd3fb4-d29a-4a49-a73f-fcb9d140af66
DEMO-DEV-7087,2,DEMO-7087,X-Ray System,f1bd3fb4-d29a-4a49-a73f-fcb9d140af66
DEMO-DEV-7154,2,DEMO-7154,Infusion Pump,8e27f500-7d94-4ee5-be36-9f990b34e092
DEMO-DEV-7171,2,DEMO-7171,Infusion Pump,5e9a7ead-ebbc-4d90-9dfa-960b95ff7c32
DEMO-DEV-7213,2,DEMO-7213,Patient Monitor,fb688ffc-1b11-4eff-98f2-9ddc42bee05d
DEMO-DEV-7214,2,DEMO-7214,Autoclave,7fa95649-4f83-4422-99e3-aecc70af8737
DEMO-DEV-7267,2,DEMO-7267,Ventilator,fb688ffc-1b11-4eff-98f2-9ddc42bee05d
DEMO-DEV-7305,2,DEMO-7305,Ventilator,dbf5de02-231e-458c-9575-ad273ed5f5b8
DEMO-DEV-7333,2,DEMO-7333,Ultrasound System,de1fc8ff-31ca-453a-8e05-4ef6f6344a89
DEMO-DEV-7359,2,DEMO-7359,Pulse Oximeter,42ee3277-2e48-431d-b386-6ea209c2fcab
DEMO-DEV-7389,2,DEMO-7389,Patient Monitor,8e27f500-7d94-4ee5-be36-9f990b34e092
DEMO-DEV-7395,2,DEMO-7395,Defibrillator,fb688ffc-1b11-4eff-98f2-9ddc42bee05d
DEMO-DEV-7416,2,DEMO-7416,Defibrillator,fb688ffc-1b11-4eff-98f2-9ddc42bee05d
DEMO-DEV-7417,2,DEMO-7417,Patient Monitor,5e9a7ead-ebbc-4d90-9dfa-960b95ff7c32
DEMO-DEV-7487,2,DEMO-7487,Pulse Oximeter,dbf5de02-231e-458c-9575-ad273ed5f5b8
DEMO-DEV-7498,2,DEMO-7498,Syringe Pump,fb688ffc-1b11-4eff-98f2-9ddc42bee05d
DEMO-DEV-7525,2,DEMO-7525,ECG Machine,fb688ffc-1b11-4eff-98f2-9ddc42bee05d
DEMO-DEV-7567,2,DEMO-7567,Ultrasound System,de1fc8ff-31ca-453a-8e05-4ef6f6344a89
DEMO-DEV-7581,2,DEMO-7581,Syringe Pump,dbf5de02-231e-458c-9575-ad273ed5f5b8
DEMO-DEV-7594,2,DEMO-7594,Pulse Oximeter,5e9a7ead-ebbc-4d90-9dfa-960b95ff7c32
DEMO-DEV-7610,2,DEMO-7610,Anesthesia Machine,d5382c80-abaa-4a87-b4a1-cb76fb0f264c
DEMO-DEV-7622,2,DEMO-7622,Patient Monitor,8e27f500-7d94-4ee5-be36-9f990b34e092
DEMO-DEV-7690,2,DEMO-7690,Autoclave,7fa95649-4f83-4422-99e3-aecc70af8737
DEMO-DEV-7705,2,DEMO-7705,Anesthesia Machine,c4906dc0-8389-4c68-bf7d-24e6b583a877
DEMO-DEV-7753,2,DEMO-7753,Autoclave,087cb0cc-f07b-4d69-aa97-f0fb17ac6bf5
DEMO-DEV-7756,2,DEMO-7756,ECG Machine,5e9a7ead-ebbc-4d90-9dfa-960b95ff7c32
DEMO-DEV-7804,2,DEMO-7804,Pulse Oximeter,42ee3277-2e48-431d-b386-6ea209c2fcab
DEMO-DEV-7805,2,DEMO-7805,ECG Machine,5e9a7ead-ebbc-4d90-9dfa-960b95ff7c32
DEMO-DEV-7843,2,DEMO-7843,X-Ray System,fb688ffc-1b11-4eff-98f2-9ddc42bee05d
DEMO-DEV-7870,2,DEMO-7870,Defibrillator,fb688ffc-1b11-4eff-98f2-9ddc42bee05d
DEMO-DEV-7897,2,DEMO-7897,X-Ray System,f1bd3fb4-d29a-4a49-a73f-fcb9d140af66
DEMO-DEV-7898,2,DEMO-7898,Autoclave,087cb0cc-f07b-4d69-aa97-f0fb17ac6bf5
DEMO-DEV-7910,2,DEMO-7910,Ultrasound System,f1bd3fb4-d29a-4a49-a73f-fcb9d140af66
DEMO-DEV-7939,2,DEMO-7939,Syringe Pump,dbf5de02-231e-458c-9575-ad273ed5f5b8
DEMO-DEV-7953,2,DEMO-7953,ECG Machine,3063f084-58b4-4185-9334-5219ca4fd060
DEMO-DEV-8010,2,DEMO-8010,Ventilator,dbf5de02-231e-458c-9575-ad273ed5f5b8
DEMO-DEV-8036,2,DEMO-8036,Infusion Pump,5221b7d8-06db-4aae-aaff-9bb16ecffd99
DEMO-DEV-8064,2,DEMO-8064,Syringe Pump,5e9a7ead-ebbc-4d90-9dfa-960b95ff7c32
DEMO-DEV-8119,2,DEMO-8119,Patient Monitor,d5382c80-abaa-4a87-b4a1-cb76fb0f264c
DEMO-DEV-8161,2,DEMO-8161,Anesthesia Machine,5efa96ef-94e4-475f-ab85-574e4e8366bd
DEMO-DEV-8299,2,DEMO-8299,Anesthesia Machine,8e27f500-7d94-4ee5-be36-9f990b34e092
DEMO-DEV-8341,2,DEMO-8341,Autoclave,087cb0cc-f07b-4d69-aa97-f0fb17ac6bf5
DEMO-DEV-8368,2,DEMO-8368,Infusion Pump,02e6a10b-282c-4bf5-a61a-547e12683222
DEMO-DEV-8383,2,DEMO-8383,Autoclave,7fa95649-4f83-4422-99e3-aecc70af8737
DEMO-DEV-8389,2,DEMO-8389,Ultrasound System,de1fc8ff-31ca-453a-8e05-4ef6f6344a89
DEMO-DEV-8422,2,DEMO-8422,Autoclave,e19c99a4-ade8-4c7f-a494-8746650c680c
DEMO-DEV-8424,2,DEMO-8424,Defibrillator,fb688ffc-1b11-4eff-98f2-9ddc42bee05d
DEMO-DEV-8494,2,DEMO-8494,Syringe Pump,5e9a7ead-ebbc-4d90-9dfa-960b95ff7c32
DEMO-DEV-8496,2,DEMO-8496,Defibrillator,fb688ffc-1b11-4eff-98f2-9ddc42bee05d
DEMO-DEV-8518,2,DEMO-8518,Ultrasound System,f1bd3fb4-d29a-4a49-a73f-fcb9d140af66
DEMO-DEV-8521,2,DEMO-8521,Defibrillator,fb688ffc-1b11-4eff-98f2-9ddc42bee05d
DEMO-DEV-8526,2,DEMO-8526,Infusion Pump,8e27f500-7d94-4ee5-be36-9f990b34e092
DEMO-DEV-8535,2,DEMO-8535,Defibrillator,fb688ffc-1b11-4eff-98f2-9ddc42bee05d
DEMO-DEV-8547,2,DEMO-8547,Infusion Pump,3abaabf6-cb3c-4665-9bf7-51e15d6b83a6
DEMO-DEV-8548,2,DEMO-8548,Syringe Pump,dbf5de02-231e-458c-9575-ad273ed5f5b8
DEMO-DEV-8574,2,DEMO-8574,Autoclave,e19c99a4-ade8-4c7f-a494-8746650c680c
DEMO-DEV-8603,2,DEMO-8603,Ventilator,dbf5de02-231e-458c-9575-ad273ed5f5b8
DEMO-DEV-8607,2,DEMO-8607,Ultrasound System,f1bd3fb4-d29a-4a49-a73f-fcb9d140af66
DEMO-DEV-8616,2,DEMO-8616,X-Ray System,fb688ffc-1b11-4eff-98f2-9ddc42bee05d
DEMO-DEV-8629,2,DEMO-8629,Electrosurgical Unit,053d4a00-e594-4305-ae71-a96c95a13530
DEMO-DEV-8632,2,DEMO-8632,Patient Monitor,02e6a10b-282c-4bf5-a61a-547e12683222
DEMO-DEV-8634,2,DEMO-8634,Defibrillator,fb688ffc-1b11-4eff-98f2-9ddc42bee05d
DEMO-DEV-8658,2,DEMO-8658,Ventilator,fb688ffc-1b11-4eff-98f2-9ddc42bee05d
DEMO-DEV-8733,2,DEMO-8733,X-Ray System,fb688ffc-1b11-4eff-98f2-9ddc42bee05d
DEMO-DEV-8740,2,DEMO-8740,Pulse Oximeter,dbf5de02-231e-458c-9575-ad273ed5f5b8
DEMO-DEV-8782,2,DEMO-8782,Ultrasound System,de1fc8ff-31ca-453a-8e05-4ef6f6344a89
DEMO-DEV-8784,2,DEMO-8784,Patient Monitor,8e27f500-7d94-4ee5-be36-9f990b34e092
DEMO-DEV-8813,2,DEMO-8813,ECG Machine,d5382c80-abaa-4a87-b4a1-cb76fb0f264c
DEMO-DEV-8920,2,DEMO-8920,ECG Machine,d5382c80-abaa-4a87-b4a1-cb76fb0f264c
DEMO-DEV-8922,2,DEMO-8922,Infusion Pump,02e6a10b-282c-4bf5-a61a-547e12683222
DEMO-DEV-8949,2,DEMO-8949,Anesthesia Machine,5efa96ef-94e4-475f-ab85-574e4e8366bd
DEMO-DEV-8952,2,DEMO-8952,Defibrillator,fb688ffc-1b11-4eff-98f2-9ddc42bee05d
DEMO-DEV-8953,2,DEMO-8953,Pulse Oximeter,3063f084-58b4-4185-9334-5219ca4fd060
DEMO-DEV-8991,2,DEMO-8991,Patient Monitor,fb688ffc-1b11-4eff-98f2-9ddc42bee05d
DEMO-DEV-9074,2,DEMO-9074,Ultrasound System,42ee3277-2e48-431d-b386-6ea209c2fcab
DEMO-DEV-9086,2,DEMO-9086,Infusion Pump,02e6a10b-282c-4bf5-a61a-547e12683222
DEMO-DEV-9101,2,DEMO-9101,Pulse Oximeter,fb688ffc-1b11-4eff-98f2-9ddc42bee05d
DEMO-DEV-9117,2,DEMO-9117,Pulse Oximeter,d5382c80-abaa-4a87-b4a1-cb76fb0f264c
DEMO-DEV-9127,2,DEMO-9127,Electrosurgical Unit,02e6a10b-282c-4bf5-a61a-547e12683222
DEMO-DEV-9223,2,DEMO-9223,Anesthesia Machine,5cbbfa1e-37f3-448b-a3bd-d3f30054ca16
DEMO-DEV-9239,2,DEMO-9239,Ventilator,dbf5de02-231e-458c-9575-ad273ed5f5b8
DEMO-DEV-9253,2,DEMO-9253,Pulse Oximeter,3063f084-58b4-4185-9334-5219ca4fd060
DEMO-DEV-9270,2,DEMO-9270,X-Ray System,fb688ffc-1b11-4eff-98f2-9ddc42bee05d
DEMO-DEV-9279,2,DEMO-9279,X-Ray System,fb688ffc-1b11-4eff-98f2-9ddc42bee05d
DEMO-DEV-9309,2,DEMO-9309,Pulse Oximeter,5e9a7ead-ebbc-4d90-9dfa-960b95ff7c32
DEMO-DEV-9315,2,DEMO-9315,Electrosurgical Unit,8e27f500-7d94-4ee5-be36-9f990b34e092
DEMO-DEV-9351,2,DEMO-9351,Electrosurgical Unit,8e27f500-7d94-4ee5-be36-9f990b34e092
DEMO-DEV-9360,2,DEMO-9360,Pulse Oximeter,d5382c80-abaa-4a87-b4a1-cb76fb0f264c
DEMO-DEV-9418,2,DEMO-9418,Ventilator,dbf5de02-231e-458c-9575-ad273ed5f5b8
DEMO-DEV-9471,2,DEMO-9471,Defibrillator,fb688ffc-1b11-4eff-98f2-9ddc42bee05d
DEMO-DEV-9487,2,DEMO-9487,Infusion Pump,3063f084-58b4-4185-9334-5219ca4fd060
DEMO-DEV-9512,2,DEMO-9512,Defibrillator,fb688ffc-1b11-4eff-98f2-9ddc42bee05d
DEMO-DEV-9529,2,DEMO-9529,Patient Monitor,3063f084-58b4-4185-9334-5219ca4fd060
DEMO-DEV-9598,2,DEMO-9598,Autoclave,087cb0cc-f07b-4d69-aa97-f0fb17ac6bf5
DEMO-DEV-9622,2,DEMO-9622,Pulse Oximeter,5e9a7ead-ebbc-4d90-9dfa-960b95ff7c32
DEMO-DEV-9644,2,DEMO-9644,Syringe Pump,d5382c80-abaa-4a87-b4a1-cb76fb0f264c
DEMO-DEV-9683,2,DEMO-9683,X-Ray System,f1bd3fb4-d29a-4a49-a73f-fcb9d140af66
DEMO-DEV-9707,2,DEMO-9707,Defibrillator,fb688ffc-1b11-4eff-98f2-9ddc42bee05d
DEMO-DEV-9763,2,DEMO-9763,Ventilator,fb688ffc-1b11-4eff-98f2-9ddc42bee05d
DEMO-DEV-9779,2,DEMO-9779,Ventilator,fb688ffc-1b11-4eff-98f2-9ddc42bee05d
DEMO-DEV-9862,2,DEMO-9862,Electrosurgical Unit,02e6a10b-282c-4bf5-a61a-547e12683222
DEMO-DEV-9900,2,DEMO-9900,Autoclave,7fa95649-4f83-4422-99e3-aecc70af8737
DEMO-DEV-9974,2,DEMO-9974,Autoclave,e19c99a4-ade8-4c7f-a494-8746650c680c
DEMO-DEV-0001,2,DEMO-0001,Anesthesia Machine,cfeb1a0b-e69b-4ef5-b5ef-3431f0ad201c
DEMO-DEV-0007,2,DEMO-0007,ECG Machine,5e9a7ead-ebbc-4d90-9dfa-960b95ff7c32
DEMO-DEV-0020,2,DEMO-0020,Ultrasound System,f1bd3fb4-d29a-4a49-a73f-fcb9d140af66
DEMO-DEV-0036,2,DEMO-0036,Infusion Pump,dbf5de02-231e-458c-9575-ad273ed5f5b8
DEMO-DEV-0044,2,DEMO-0044,Ventilator,fb688ffc-1b11-4eff-98f2-9ddc42bee05d
DEMO-DEV-0065,2,DEMO-0065,ECG Machine,d5382c80-abaa-4a87-b4a1-cb76fb0f264c
DEMO-DEV-0067,2,DEMO-0067,Defibrillator,fb688ffc-1b11-4eff-98f2-9ddc42bee05d
DEMO-DEV-0073,2,DEMO-0073,Electrosurgical Unit,5221b7d8-06db-4aae-aaff-9bb16ecffd99
DEMO-DEV-0076,2,DEMO-0076,Autoclave,7fa95649-4f83-4422-99e3-aecc70af8737
DEMO-DEV-0084,2,DEMO-0084,ECG Machine,fb688ffc-1b11-4eff-98f2-9ddc42bee05d
DEMO-DEV-0091,2,DEMO-0091,Ventilator,fb688ffc-1b11-4eff-98f2-9ddc42bee05d
DEMO-DEV-0094,2,DEMO-0094,ECG Machine,fb688ffc-1b11-4eff-98f2-9ddc42bee05d
DEMO-DEV-0096,2,DEMO-0096,X-Ray System,fb688ffc-1b11-4eff-98f2-9ddc42bee05d
DEMO-DEV-0097,2,DEMO-0097,Syringe Pump,5e9a7ead-ebbc-4d90-9dfa-960b95ff7c32
DEMO-DEV-0100,2,DEMO-0100,Autoclave,e19c99a4-ade8-4c7f-a494-8746650c680c
DEMO-DEV-0103,2,DEMO-0103,Ultrasound System,42ee3277-2e48-431d-b386-6ea209c2fcab
DEMO-DEV-0104,2,DEMO-0104,ECG Machine,42ee3277-2e48-431d-b386-6ea209c2fcab
DEMO-DEV-0108,2,DEMO-0108,Infusion Pump,3063f084-58b4-4185-9334-5219ca4fd060
DEMO-DEV-0109,2,DEMO-0109,Pulse Oximeter,42ee3277-2e48-431d-b386-6ea209c2fcab
DEMO-DEV-0117,2,DEMO-0117,Pulse Oximeter,fb688ffc-1b11-4eff-98f2-9ddc42bee05d
DEMO-DEV-0124,2,DEMO-0124,Ventilator,fb688ffc-1b11-4eff-98f2-9ddc42bee05d
DEMO-DEV-0133,2,DEMO-0133,Ventilator,dbf5de02-231e-458c-9575-ad273ed5f5b8
DEMO-DEV-0150,2,DEMO-0150,Infusion Pump,8e27f500-7d94-4ee5-be36-9f990b34e092
DEMO-DEV-0152,2,DEMO-0152,Defibrillator,fb688ffc-1b11-4eff-98f2-9ddc42bee05d
DEMO-DEV-0160,2,DEMO-0160,Pulse Oximeter,dbf5de02-231e-458c-9575-ad273ed5f5b8
DEMO-DEV-0161,2,DEMO-0161,Defibrillator,fb688ffc-1b11-4eff-98f2-9ddc42bee05d
DEMO-DEV-0172,2,DEMO-0172,Autoclave,087cb0cc-f07b-4d69-aa97-f0fb17ac6bf5
DEMO-DEV-0173,2,DEMO-0173,Anesthesia Machine,cfeb1a0b-e69b-4ef5-b5ef-3431f0ad201c
DEMO-DEV-0177,2,DEMO-0177,Defibrillator,fb688ffc-1b11-4eff-98f2-9ddc42bee05d
DEMO-DEV-0178,2,DEMO-0178,Syringe Pump,5e9a7ead-ebbc-4d90-9dfa-960b95ff7c32
DEMO-DEV-0183,2,DEMO-0183,X-Ray System,fb688ffc-1b11-4eff-98f2-9ddc42bee05d
DEMO-DEV-0199,2,DEMO-0199,Pulse Oximeter,d5382c80-abaa-4a87-b4a1-cb76fb0f264c
DEMO-DEV-0206,2,DEMO-0206,Pulse Oximeter,fb688ffc-1b11-4eff-98f2-9ddc42bee05d
DEMO-DEV-0212,2,DEMO-0212,Patient Monitor,d5382c80-abaa-4a87-b4a1-cb76fb0f264c
DEMO-DEV-0217,2,DEMO-0217,Patient Monitor,8e27f500-7d94-4ee5-be36-9f990b34e092
DEMO-DEV-0220,2,DEMO-0220,ECG Machine,fb688ffc-1b11-4eff-98f2-9ddc42bee05d
DEMO-DEV-0229,2,DEMO-0229,Syringe Pump,5e9a7ead-ebbc-4d90-9dfa-960b95ff7c32
DEMO-DEV-0232,2,DEMO-0232,Syringe Pump,5e9a7ead-ebbc-4d90-9dfa-960b95ff7c32
DEMO-DEV-0236,2,DEMO-0236,Ultrasound System,42ee3277-2e48-431d-b386-6ea209c2fcab
DEMO-DEV-0241,2,DEMO-0241,X-Ray System,f1bd3fb4-d29a-4a49-a73f-fcb9d140af66
DEMO-DEV-0243,2,DEMO-0243,Patient Monitor,fb688ffc-1b11-4eff-98f2-9ddc42bee05d
DEMO-DEV-0251,2,DEMO-0251,Autoclave,087cb0cc-f07b-4d69-aa97-f0fb17ac6bf5
DEMO-DEV-0257,2,DEMO-0257,Anesthesia Machine,8e27f500-7d94-4ee5-be36-9f990b34e092
DEMO-DEV-0262,2,DEMO-0262,Electrosurgical Unit,5221b7d8-06db-4aae-aaff-9bb16ecffd99
DEMO-DEV-0266,2,DEMO-0266,Pulse Oximeter,fb688ffc-1b11-4eff-98f2-9ddc42bee05d
DEMO-DEV-0270,2,DEMO-0270,Pulse Oximeter,dbf5de02-231e-458c-9575-ad273ed5f5b8
DEMO-DEV-0276,2,DEMO-0276,Ultrasound System,f1bd3fb4-d29a-4a49-a73f-fcb9d140af66
DEMO-DEV-0278,2,DEMO-0278,Infusion Pump,3063f084-58b4-4185-9334-5219ca4fd060
DEMO-DEV-0282,2,DEMO-0282,Syringe Pump,d5382c80-abaa-4a87-b4a1-cb76fb0f264c
DEMO-DEV-0284,2,DEMO-0284,Ventilator,fb688ffc-1b11-4eff-98f2-9ddc42bee05d
DEMO-DEV-0296,2,DEMO-0296,Anesthesia Machine,087cb0cc-f07b-4d69-aa97-f0fb17ac6bf5
DEMO-DEV-0301,2,DEMO-0301,Ventilator,dbf5de02-231e-458c-9575-ad273ed5f5b8
DEMO-DEV-0309,2,DEMO-0309,Syringe Pump,d5382c80-abaa-4a87-b4a1-cb76fb0f264c
DEMO-DEV-0310,2,DEMO-0310,Ventilator,fb688ffc-1b11-4eff-98f2-9ddc42bee05d
DEMO-DEV-0313,2,DEMO-0313,Infusion Pump,5221b7d8-06db-4aae-aaff-9bb16ecffd99
DEMO-DEV-0321,2,DEMO-0321,Ventilator,fb688ffc-1b11-4eff-98f2-9ddc42bee05d
DEMO-DEV-0329,2,DEMO-0329,Ventilator,fb688ffc-1b11-4eff-98f2-9ddc42bee05d
DEMO-DEV-0330,2,DEMO-0330,Infusion Pump,5221b7d8-06db-4aae-aaff-9bb16ecffd99
DEMO-DEV-0331,2,DEMO-0331,Infusion Pump,02e6a10b-282c-4bf5-a61a-547e12683222
DEMO-DEV-0352,2,DEMO-0352,Syringe Pump,3063f084-58b4-4185-9334-5219ca4fd060
DEMO-DEV-0353,2,DEMO-0353,Anesthesia Machine,8e27f500-7d94-4ee5-be36-9f990b34e092
DEMO-DEV-0383,2,DEMO-0383,Electrosurgical Unit,053d4a00-e594-4305-ae71-a96c95a13530
DEMO-DEV-0385,2,DEMO-0385,Ultrasound System,f1bd3fb4-d29a-4a49-a73f-fcb9d140af66
DEMO-DEV-0390,2,DEMO-0390,Anesthesia Machine,4aa84ab5-5871-45cf-84b9-0fff65358075
DEMO-DEV-0402,2,DEMO-0402,Electrosurgical Unit,5221b7d8-06db-4aae-aaff-9bb16ecffd99
DEMO-DEV-0403,2,DEMO-0403,Ventilator,dbf5de02-231e-458c-9575-ad273ed5f5b8
DEMO-DEV-0424,2,DEMO-0424,Syringe Pump,3063f084-58b4-4185-9334-5219ca4fd060
DEMO-DEV-0425,2,DEMO-0425,Syringe Pump,d5382c80-abaa-4a87-b4a1-cb76fb0f264c
DEMO-DEV-0441,2,DEMO-0441,Syringe Pump,d5382c80-abaa-4a87-b4a1-cb76fb0f264c
DEMO-DEV-0442,2,DEMO-0442,Syringe Pump,d5382c80-abaa-4a87-b4a1-cb76fb0f264c
DEMO-DEV-0448,2,DEMO-0448,Pulse Oximeter,fb688ffc-1b11-4eff-98f2-9ddc42bee05d
DEMO-DEV-0451,2,DEMO-0451,Defibrillator,fb688ffc-1b11-4eff-98f2-9ddc42bee05d
DEMO-DEV-0457,2,DEMO-0457,Infusion Pump,5221b7d8-06db-4aae-aaff-9bb16ecffd99
DEMO-DEV-0460,2,DEMO-0460,Ventilator,dbf5de02-231e-458c-9575-ad273ed5f5b8
DEMO-DEV-0461,2,DEMO-0461,X-Ray System,fb688ffc-1b11-4eff-98f2-9ddc42bee05d
DEMO-DEV-0471,2,DEMO-0471,X-Ray System,fb688ffc-1b11-4eff-98f2-9ddc42bee05d
DEMO-DEV-0476,2,DEMO-0476,X-Ray System,fb688ffc-1b11-4eff-98f2-9ddc42bee05d
DEMO-DEV-0477,2,DEMO-0477,Anesthesia Machine,f1bd3fb4-d29a-4a49-a73f-fcb9d140af66
DEMO-DEV-0482,2,DEMO-0482,Patient Monitor,02e6a10b-282c-4bf5-a61a-547e12683222
DEMO-DEV-0483,2,DEMO-0483,Pulse Oximeter,3063f084-58b4-4185-9334-5219ca4fd060
DEMO-DEV-0484,2,DEMO-0484,Autoclave,e19c99a4-ade8-4c7f-a494-8746650c680c
DEMO-DEV-0502,2,DEMO-0502,X-Ray System,f1bd3fb4-d29a-4a49-a73f-fcb9d140af66
DEMO-DEV-0506,2,DEMO-0506,Ultrasound System,f1bd3fb4-d29a-4a49-a73f-fcb9d140af66
DEMO-DEV-0515,2,DEMO-0515,ECG Machine,5e9a7ead-ebbc-4d90-9dfa-960b95ff7c32
DEMO-DEV-0518,2,DEMO-0518,Autoclave,e19c99a4-ade8-4c7f-a494-8746650c680c
DEMO-DEV-0527,2,DEMO-0527,Anesthesia Machine,fb688ffc-1b11-4eff-98f2-9ddc42bee05d
DEMO-DEV-0530,2,DEMO-0530,Autoclave,e19c99a4-ade8-4c7f-a494-8746650c680c
DEMO-DEV-0544,2,DEMO-0544,Syringe Pump,3abaabf6-cb3c-4665-9bf7-51e15d6b83a6
DEMO-DEV-0556,2,DEMO-0556,Patient Monitor,d5382c80-abaa-4a87-b4a1-cb76fb0f264c
DEMO-DEV-0560,2,DEMO-0560,Defibrillator,fb688ffc-1b11-4eff-98f2-9ddc42bee05d
DEMO-DEV-0561,2,DEMO-0561,Ventilator,fb688ffc-1b11-4eff-98f2-9ddc42bee05d
DEMO-DEV-0571,2,DEMO-0571,ECG Machine,fb688ffc-1b11-4eff-98f2-9ddc42bee05d
DEMO-DEV-0574,2,DEMO-0574,Ventilator,fb688ffc-1b11-4eff-98f2-9ddc42bee05d
DEMO-DEV-0575,2,DEMO-0575,Anesthesia Machine,02e6a10b-282c-4bf5-a61a-547e12683222
DEMO-DEV-0588,2,DEMO-0588,Patient Monitor,5e9a7ead-ebbc-4d90-9dfa-960b95ff7c32
DEMO-DEV-0603,2,DEMO-0603,X-Ray System,f1bd3fb4-d29a-4a49-a73f-fcb9d140af66
DEMO-DEV-0607,2,DEMO-0607,Anesthesia Machine,f1bd3fb4-d29a-4a49-a73f-fcb9d140af66
DEMO-DEV-0615,2,DEMO-0615,Autoclave,e19c99a4-ade8-4c7f-a494-8746650c680c
DEMO-DEV-0617,2,DEMO-0617,Pulse Oximeter,3063f084-58b4-4185-9334-5219ca4fd060
DEMO-DEV-0636,2,DEMO-0636,Autoclave,e19c99a4-ade8-4c7f-a494-8746650c680c
DEMO-DEV-0656,2,DEMO-0656,ECG Machine,5e9a7ead-ebbc-4d90-9dfa-960b95ff7c32
DEMO-DEV-0662,2,DEMO-0662,Ultrasound System,de1fc8ff-31ca-453a-8e05-4ef6f6344a89
DEMO-DEV-0669,2,DEMO-0669,Ultrasound System,f1bd3fb4-d29a-4a49-a73f-fcb9d140af66
DEMO-DEV-0670,2,DEMO-0670,Ultrasound System,de1fc8ff-31ca-453a-8e05-4ef6f6344a89
DEMO-DEV-0677,2,DEMO-0677,Ultrasound System,42ee3277-2e48-431d-b386-6ea209c2fcab
DEMO-DEV-0680,2,DEMO-0680,Autoclave,7fa95649-4f83-4422-99e3-aecc70af8737
DEMO-DEV-0684,2,DEMO-0684,X-Ray System,fb688ffc-1b11-4eff-98f2-9ddc42bee05d
DEMO-DEV-0691,2,DEMO-0691,X-Ray System,f1bd3fb4-d29a-4a49-a73f-fcb9d140af66
DEMO-DEV-0698,2,DEMO-0698,Syringe Pump,d5382c80-abaa-4a87-b4a1-cb76fb0f264c
DEMO-DEV-0700,2,DEMO-0700,Defibrillator,fb688ffc-1b11-4eff-98f2-9ddc42bee05d
DEMO-DEV-0720,2,DEMO-0720,Syringe Pump,fb688ffc-1b11-4eff-98f2-9ddc42bee05d
DEMO-DEV-0768,2,DEMO-0768,Electrosurgical Unit,de1fc8ff-31ca-453a-8e05-4ef6f6344a89
DEMO-DEV-0771,2,DEMO-0771,Pulse Oximeter,fb688ffc-1b11-4eff-98f2-9ddc42bee05d
DEMO-DEV-0776,2,DEMO-0776,Ultrasound System,42ee3277-2e48-431d-b386-6ea209c2fcab
DEMO-DEV-0784,2,DEMO-0784,Autoclave,7fa95649-4f83-4422-99e3-aecc70af8737
DEMO-DEV-0794,2,DEMO-0794,Anesthesia Machine,02e6a10b-282c-4bf5-a61a-547e12683222
DEMO-DEV-0795,2,DEMO-0795,Syringe Pump,3abaabf6-cb3c-4665-9bf7-51e15d6b83a6
DEMO-DEV-0809,2,DEMO-0809,Anesthesia Machine,cfeb1a0b-e69b-4ef5-b5ef-3431f0ad201c
DEMO-DEV-0812,2,DEMO-0812,Syringe Pump,dbf5de02-231e-458c-9575-ad273ed5f5b8
DEMO-DEV-0819,2,DEMO-0819,Anesthesia Machine,cfeb1a0b-e69b-4ef5-b5ef-3431f0ad201c
DEMO-DEV-0823,2,DEMO-0823,Autoclave,e19c99a4-ade8-4c7f-a494-8746650c680c
DEMO-DEV-0831,2,DEMO-0831,Infusion Pump,3abaabf6-cb3c-4665-9bf7-51e15d6b83a6
DEMO-DEV-0839,2,DEMO-0839,Ventilator,dbf5de02-231e-458c-9575-ad273ed5f5b8
DEMO-DEV-0847,2,DEMO-0847,X-Ray System,fb688ffc-1b11-4eff-98f2-9ddc42bee05d
DEMO-DEV-0849,2,DEMO-0849,Syringe Pump,d5382c80-abaa-4a87-b4a1-cb76fb0f264c
DEMO-DEV-0853,2,DEMO-0853,Anesthesia Machine,8e27f500-7d94-4ee5-be36-9f990b34e092
DEMO-DEV-0855,2,DEMO-0855,Infusion Pump,5221b7d8-06db-4aae-aaff-9bb16ecffd99
DEMO-DEV-0862,2,DEMO-0862,ECG Machine,42ee3277-2e48-431d-b386-6ea209c2fcab
DEMO-DEV-0865,2,DEMO-0865,Patient Monitor,5221b7d8-06db-4aae-aaff-9bb16ecffd99
DEMO-DEV-0876,2,DEMO-0876,Ultrasound System,de1fc8ff-31ca-453a-8e05-4ef6f6344a89
DEMO-DEV-0884,2,DEMO-0884,Ultrasound System,f1bd3fb4-d29a-4a49-a73f-fcb9d140af66
DEMO-DEV-0894,2,DEMO-0894,ECG Machine,3063f084-58b4-4185-9334-5219ca4fd060
DEMO-DEV-0895,2,DEMO-0895,Anesthesia Machine,5221b7d8-06db-4aae-aaff-9bb16ecffd99
DEMO-DEV-0904,2,DEMO-0904,ECG Machine,d5382c80-abaa-4a87-b4a1-cb76fb0f264c
DEMO-DEV-0908,2,DEMO-0908,Syringe Pump,3abaabf6-cb3c-4665-9bf7-51e15d6b83a6
DEMO-DEV-0917,2,DEMO-0917,Syringe Pump,3abaabf6-cb3c-4665-9bf7-51e15d6b83a6
DEMO-DEV-0918,2,DEMO-0918,Pulse Oximeter,5e9a7ead-ebbc-4d90-9dfa-960b95ff7c32
DEMO-DEV-0930,2,DEMO-0930,Infusion Pump,d5382c80-abaa-4a87-b4a1-cb76fb0f264c
DEMO-DEV-0942,2,DEMO-0942,Defibrillator,fb688ffc-1b11-4eff-98f2-9ddc42bee05d
DEMO-DEV-0956,2,DEMO-0956,Patient Monitor,3063f084-58b4-4185-9334-5219ca4fd060
DEMO-DEV-0963,2,DEMO-0963,Defibrillator,fb688ffc-1b11-4eff-98f2-9ddc42bee05d
DEMO-DEV-0965,2,DEMO-0965,Infusion Pump,fb688ffc-1b11-4eff-98f2-9ddc42bee05d
DEMO-DEV-0976,2,DEMO-0976,Infusion Pump,d5382c80-abaa-4a87-b4a1-cb76fb0f264c
DEMO-DEV-0980,2,DEMO-0980,Ultrasound System,42ee3277-2e48-431d-b386-6ea209c2fcab
DEMO-DEV-0986,2,DEMO-0986,Syringe Pump,d5382c80-abaa-4a87-b4a1-cb76fb0f264c
DEMO-DEV-0992,2,DEMO-0992,Pulse Oximeter,42ee3277-2e48-431d-b386-6ea209c2fcab
DEMO-DEV-1001,2,DEMO-1001,Electrosurgical Unit,5221b7d8-06db-4aae-aaff-9bb16ecffd99
DEMO-DEV-1002,2,DEMO-1002,Ventilator,dbf5de02-231e-458c-9575-ad273ed5f5b8
DEMO-DEV-1014,2,DEMO-1014,Anesthesia Machine,5e9a7ead-ebbc-4d90-9dfa-960b95ff7c32
DEMO-DEV-1015,2,DEMO-1015,Infusion Pump,3063f084-58b4-4185-9334-5219ca4fd060
DEMO-DEV-1029,2,DEMO-1029,Anesthesia Machine,02e6a10b-282c-4bf5-a61a-547e12683222
DEMO-DEV-1031,2,DEMO-1031,Autoclave,7fa95649-4f83-4422-99e3-aecc70af8737
DEMO-DEV-1042,2,DEMO-1042,Patient Monitor,02e6a10b-282c-4bf5-a61a-547e12683222
DEMO-DEV-1051,2,DEMO-1051,Patient Monitor,3063f084-58b4-4185-9334-5219ca4fd060
DEMO-DEV-1061,2,DEMO-1061,Anesthesia Machine,35abc5ec-fbe4-40a6-8752-2cba3fb328ba
DEMO-DEV-1062,2,DEMO-1062,Infusion Pump,02e6a10b-282c-4bf5-a61a-547e12683222
DEMO-DEV-1069,2,DEMO-1069,X-Ray System,fb688ffc-1b11-4eff-98f2-9ddc42bee05d
DEMO-DEV-1072,2,DEMO-1072,X-Ray System,fb688ffc-1b11-4eff-98f2-9ddc42bee05d
DEMO-DEV-1074,2,DEMO-1074,Defibrillator,fb688ffc-1b11-4eff-98f2-9ddc42bee05d
DEMO-DEV-1075,2,DEMO-1075,X-Ray System,f1bd3fb4-d29a-4a49-a73f-fcb9d140af66
DEMO-DEV-1086,2,DEMO-1086,Syringe Pump,dbf5de02-231e-458c-9575-ad273ed5f5b8
DEMO-DEV-1093,2,DEMO-1093,Syringe Pump,5e9a7ead-ebbc-4d90-9dfa-960b95ff7c32
DEMO-DEV-1100,2,DEMO-1100,Pulse Oximeter,3063f084-58b4-4185-9334-5219ca4fd060
DEMO-DEV-1104,2,DEMO-1104,X-Ray System,f1bd3fb4-d29a-4a49-a73f-fcb9d140af66
DEMO-DEV-1130,2,DEMO-1130,Ultrasound System,42ee3277-2e48-431d-b386-6ea209c2fcab
DEMO-DEV-1132,2,DEMO-1132,Ventilator,fb688ffc-1b11-4eff-98f2-9ddc42bee05d
DEMO-DEV-1135,2,DEMO-1135,X-Ray System,fb688ffc-1b11-4eff-98f2-9ddc42bee05d
DEMO-DEV-1144,2,DEMO-1144,Syringe Pump,3063f084-58b4-4185-9334-5219ca4fd060
DEMO-DEV-1146,2,DEMO-1146,Anesthesia Machine,52802a7b-96a8-41fd-8129-b93e575505fd
DEMO-DEV-1154,2,DEMO-1154,Ultrasound System,42ee3277-2e48-431d-b386-6ea209c2fcab
DEMO-DEV-1157,2,DEMO-1157,Defibrillator,fb688ffc-1b11-4eff-98f2-9ddc42bee05d
DEMO-DEV-1158,2,DEMO-1158,Ultrasound System,f1bd3fb4-d29a-4a49-a73f-fcb9d140af66
DEMO-DEV-1159,2,DEMO-1159,Ventilator,dbf5de02-231e-458c-9575-ad273ed5f5b8
DEMO-DEV-1165,2,DEMO-1165,Electrosurgical Unit,02e6a10b-282c-4bf5-a61a-547e12683222
DEMO-DEV-1168,2,DEMO-1168,ECG Machine,fb688ffc-1b11-4eff-98f2-9ddc42bee05d
DEMO-DEV-1172,2,DEMO-1172,Patient Monitor,8e27f500-7d94-4ee5-be36-9f990b34e092
DEMO-DEV-1183,2,DEMO-1183,Pulse Oximeter,dbf5de02-231e-458c-9575-ad273ed5f5b8
DEMO-DEV-1195,2,DEMO-1195,Syringe Pump,d5382c80-abaa-4a87-b4a1-cb76fb0f264c
DEMO-DEV-1196,2,DEMO-1196,Electrosurgical Unit,7fa95649-4f83-4422-99e3-aecc70af8737
DEMO-DEV-1200,2,DEMO-1200,Anesthesia Machine,42ee3277-2e48-431d-b386-6ea209c2fcab
DEMO-DEV-1205,2,DEMO-1205,Anesthesia Machine,7fa95649-4f83-4422-99e3-aecc70af8737
DEMO-DEV-1214,2,DEMO-1214,Autoclave,087cb0cc-f07b-4d69-aa97-f0fb17ac6bf5
DEMO-DEV-1216,2,DEMO-1216,Defibrillator,fb688ffc-1b11-4eff-98f2-9ddc42bee05d
DEMO-DEV-1227,2,DEMO-1227,Syringe Pump,dbf5de02-231e-458c-9575-ad273ed5f5b8
DEMO-DEV-1235,2,DEMO-1235,X-Ray System,fb688ffc-1b11-4eff-98f2-9ddc42bee05d
DEMO-DEV-1238,2,DEMO-1238,Pulse Oximeter,42ee3277-2e48-431d-b386-6ea209c2fcab
DEMO-DEV-1252,2,DEMO-1252,Autoclave,087cb0cc-f07b-4d69-aa97-f0fb17ac6bf5
DEMO-DEV-1255,2,DEMO-1255,Infusion Pump,fb688ffc-1b11-4eff-98f2-9ddc42bee05d
DEMO-DEV-1265,2,DEMO-1265,Autoclave,e19c99a4-ade8-4c7f-a494-8746650c680c
DEMO-DEV-1269,2,DEMO-1269,Defibrillator,fb688ffc-1b11-4eff-98f2-9ddc42bee05d
DEMO-DEV-1278,2,DEMO-1278,Ventilator,dbf5de02-231e-458c-9575-ad273ed5f5b8
DEMO-DEV-1290,2,DEMO-1290,Anesthesia Machine,087cb0cc-f07b-4d69-aa97-f0fb17ac6bf5
DEMO-DEV-1295,2,DEMO-1295,Infusion Pump,5221b7d8-06db-4aae-aaff-9bb16ecffd99
DEMO-DEV-1302,2,DEMO-1302,Autoclave,e19c99a4-ade8-4c7f-a494-8746650c680c
DEMO-DEV-1306,2,DEMO-1306,Infusion Pump,3abaabf6-cb3c-4665-9bf7-51e15d6b83a6
DEMO-DEV-1307,2,DEMO-1307,Patient Monitor,5221b7d8-06db-4aae-aaff-9bb16ecffd99
DEMO-DEV-1315,2,DEMO-1315,Defibrillator,fb688ffc-1b11-4eff-98f2-9ddc42bee05d
DEMO-DEV-1339,2,DEMO-1339,Patient Monitor,3063f084-58b4-4185-9334-5219ca4fd060
DEMO-DEV-1340,2,DEMO-1340,ECG Machine,d5382c80-abaa-4a87-b4a1-cb76fb0f264c
DEMO-DEV-1343,2,DEMO-1343,Pulse Oximeter,d5382c80-abaa-4a87-b4a1-cb76fb0f264c
DEMO-DEV-1344,2,DEMO-1344,ECG Machine,d5382c80-abaa-4a87-b4a1-cb76fb0f264c
DEMO-DEV-1352,2,DEMO-1352,Ultrasound System,de1fc8ff-31ca-453a-8e05-4ef6f6344a89
DEMO-DEV-1357,2,DEMO-1357,Ventilator,fb688ffc-1b11-4eff-98f2-9ddc42bee05d
DEMO-DEV-1358,2,DEMO-1358,Electrosurgical Unit,8e27f500-7d94-4ee5-be36-9f990b34e092
DEMO-DEV-1378,2,DEMO-1378,X-Ray System,fb688ffc-1b11-4eff-98f2-9ddc42bee05d
DEMO-DEV-1390,2,DEMO-1390,Infusion Pump,d5382c80-abaa-4a87-b4a1-cb76fb0f264c
DEMO-DEV-1402,2,DEMO-1402,Syringe Pump,5e9a7ead-ebbc-4d90-9dfa-960b95ff7c32
DEMO-DEV-1424,2,DEMO-1424,Autoclave,e19c99a4-ade8-4c7f-a494-8746650c680c
DEMO-DEV-1432,2,DEMO-1432,Ventilator,fb688ffc-1b11-4eff-98f2-9ddc42bee05d
DEMO-DEV-1435,2,DEMO-1435,Patient Monitor,02e6a10b-282c-4bf5-a61a-547e12683222
DEMO-DEV-1437,2,DEMO-1437,ECG Machine,d5382c80-abaa-4a87-b4a1-cb76fb0f264c
DEMO-DEV-1439,2,DEMO-1439,Infusion Pump,fb688ffc-1b11-4eff-98f2-9ddc42bee05d
DEMO-DEV-1442,2,DEMO-1442,Defibrillator,fb688ffc-1b11-4eff-98f2-9ddc42bee05d
DEMO-DEV-1446,2,DEMO-1446,ECG Machine,fb688ffc-1b11-4eff-98f2-9ddc42bee05d
DEMO-DEV-1458,2,DEMO-1458,Ultrasound System,f1bd3fb4-d29a-4a49-a73f-fcb9d140af66
DEMO-DEV-1459,2,DEMO-1459,X-Ray System,f1bd3fb4-d29a-4a49-a73f-fcb9d140af66
DEMO-DEV-1464,2,DEMO-1464,Anesthesia Machine,5cbbfa1e-37f3-448b-a3bd-d3f30054ca16
DEMO-DEV-1465,2,DEMO-1465,Infusion Pump,dbf5de02-231e-458c-9575-ad273ed5f5b8
DEMO-DEV-1467,2,DEMO-1467,Pulse Oximeter,3063f084-58b4-4185-9334-5219ca4fd060
DEMO-DEV-1471,2,DEMO-1471,Ultrasound System,de1fc8ff-31ca-453a-8e05-4ef6f6344a89
DEMO-DEV-1477,2,DEMO-1477,Ultrasound System,de1fc8ff-31ca-453a-8e05-4ef6f6344a89
DEMO-DEV-1478,2,DEMO-1478,Defibrillator,fb688ffc-1b11-4eff-98f2-9ddc42bee05d
DEMO-DEV-1481,2,DEMO-1481,Syringe Pump,5e9a7ead-ebbc-4d90-9dfa-960b95ff7c32
DEMO-DEV-1485,2,DEMO-1485,ECG Machine,3063f084-58b4-4185-9334-5219ca4fd060
DEMO-DEV-1495,2,DEMO-1495,Electrosurgical Unit,02e6a10b-282c-4bf5-a61a-547e12683222
DEMO-DEV-1498,2,DEMO-1498,Pulse Oximeter,5e9a7ead-ebbc-4d90-9dfa-960b95ff7c32
DEMO-DEV-1501,2,DEMO-1501,ECG Machine,3063f084-58b4-4185-9334-5219ca4fd060
DEMO-DEV-1513,2,DEMO-1513,Infusion Pump,3063f084-58b4-4185-9334-5219ca4fd060
DEMO-DEV-1516,2,DEMO-1516,Patient Monitor,3063f084-58b4-4185-9334-5219ca4fd060
DEMO-DEV-1518,2,DEMO-1518,Autoclave,087cb0cc-f07b-4d69-aa97-f0fb17ac6bf5
DEMO-DEV-1523,2,DEMO-1523,Ultrasound System,de1fc8ff-31ca-453a-8e05-4ef6f6344a89
DEMO-DEV-1527,2,DEMO-1527,Patient Monitor,5221b7d8-06db-4aae-aaff-9bb16ecffd99
DEMO-DEV-1542,2,DEMO-1542,Syringe Pump,dbf5de02-231e-458c-9575-ad273ed5f5b8
DEMO-DEV-1544,2,DEMO-1544,ECG Machine,fb688ffc-1b11-4eff-98f2-9ddc42bee05d
DEMO-DEV-1553,2,DEMO-1553,Patient Monitor,fb688ffc-1b11-4eff-98f2-9ddc42bee05d
DEMO-DEV-1571,2,DEMO-1571,Defibrillator,fb688ffc-1b11-4eff-98f2-9ddc42bee05d
DEMO-DEV-1577,2,DEMO-1577,Defibrillator,fb688ffc-1b11-4eff-98f2-9ddc42bee05d
DEMO-DEV-1587,2,DEMO-1587,Infusion Pump,dbf5de02-231e-458c-9575-ad273ed5f5b8
DEMO-DEV-1596,2,DEMO-1596,Patient Monitor,3063f084-58b4-4185-9334-5219ca4fd060
DEMO-DEV-1604,2,DEMO-1604,Electrosurgical Unit,087cb0cc-f07b-4d69-aa97-f0fb17ac6bf5
DEMO-DEV-1605,2,DEMO-1605,Ventilator,fb688ffc-1b11-4eff-98f2-9ddc42bee05d
DEMO-DEV-1606,2,DEMO-1606,ECG Machine,fb688ffc-1b11-4eff-98f2-9ddc42bee05d
DEMO-DEV-1610,2,DEMO-1610,Patient Monitor,8e27f500-7d94-4ee5-be36-9f990b34e092
DEMO-DEV-1617,2,DEMO-1617,Electrosurgical Unit,8e27f500-7d94-4ee5-be36-9f990b34e092
DEMO-DEV-1638,2,DEMO-1638,Autoclave,7fa95649-4f83-4422-99e3-aecc70af8737
DEMO-DEV-1642,2,DEMO-1642,Patient Monitor,d5382c80-abaa-4a87-b4a1-cb76fb0f264c
DEMO-DEV-1647,2,DEMO-1647,ECG Machine,3063f084-58b4-4185-9334-5219ca4fd060
DEMO-DEV-1650,2,DEMO-1650,Syringe Pump,3063f084-58b4-4185-9334-5219ca4fd060
DEMO-DEV-1651,2,DEMO-1651,Autoclave,087cb0cc-f07b-4d69-aa97-f0fb17ac6bf5
DEMO-DEV-1664,2,DEMO-1664,Syringe Pump,5e9a7ead-ebbc-4d90-9dfa-960b95ff7c32
DEMO-DEV-1672,2,DEMO-1672,Syringe Pump,3abaabf6-cb3c-4665-9bf7-51e15d6b83a6
DEMO-DEV-1678,2,DEMO-1678,X-Ray System,fb688ffc-1b11-4eff-98f2-9ddc42bee05d
DEMO-DEV-1681,2,DEMO-1681,X-Ray System,f1bd3fb4-d29a-4a49-a73f-fcb9d140af66
DEMO-DEV-1682,2,DEMO-1682,Patient Monitor,3063f084-58b4-4185-9334-5219ca4fd060
DEMO-DEV-1685,2,DEMO-1685,Anesthesia Machine,d5382c80-abaa-4a87-b4a1-cb76fb0f264c
DEMO-DEV-1706,2,DEMO-1706,Electrosurgical Unit,5221b7d8-06db-4aae-aaff-9bb16ecffd99
DEMO-DEV-1710,2,DEMO-1710,ECG Machine,fb688ffc-1b11-4eff-98f2-9ddc42bee05d
DEMO-DEV-1712,2,DEMO-1712,Syringe Pump,3063f084-58b4-4185-9334-5219ca4fd060
DEMO-DEV-1716,2,DEMO-1716,Electrosurgical Unit,053d4a00-e594-4305-ae71-a96c95a13530
DEMO-DEV-1719,2,DEMO-1719,Ventilator,fb688ffc-1b11-4eff-98f2-9ddc42bee05d
DEMO-DEV-1720,2,DEMO-1720,Pulse Oximeter,fb688ffc-1b11-4eff-98f2-9ddc42bee05d
DEMO-DEV-1722,2,DEMO-1722,Ventilator,fb688ffc-1b11-4eff-98f2-9ddc42bee05d
DEMO-DEV-1728,2,DEMO-1728,Pulse Oximeter,5e9a7ead-ebbc-4d90-9dfa-960b95ff7c32
DEMO-DEV-1732,2,DEMO-1732,Defibrillator,fb688ffc-1b11-4eff-98f2-9ddc42bee05d
DEMO-DEV-1734,2,DEMO-1734,Ventilator,fb688ffc-1b11-4eff-98f2-9ddc42bee05d
DEMO-DEV-1743,2,DEMO-1743,Anesthesia Machine,38a452c4-a457-49c8-b4e7-5a9dfefbf45a
DEMO-DEV-1758,2,DEMO-1758,X-Ray System,fb688ffc-1b11-4eff-98f2-9ddc42bee05d
DEMO-DEV-1760,2,DEMO-1760,Pulse Oximeter,d5382c80-abaa-4a87-b4a1-cb76fb0f264c
DEMO-DEV-1765,2,DEMO-1765,ECG Machine,42ee3277-2e48-431d-b386-6ea209c2fcab
DEMO-DEV-1766,2,DEMO-1766,Infusion Pump,dbf5de02-231e-458c-9575-ad273ed5f5b8
DEMO-DEV-1781,2,DEMO-1781,Defibrillator,fb688ffc-1b11-4eff-98f2-9ddc42bee05d
DEMO-DEV-1782,2,DEMO-1782,Anesthesia Machine,3abaabf6-cb3c-4665-9bf7-51e15d6b83a6
DEMO-DEV-1787,2,DEMO-1787,Ventilator,dbf5de02-231e-458c-9575-ad273ed5f5b8
DEMO-DEV-1800,2,DEMO-1800,Defibrillator,fb688ffc-1b11-4eff-98f2-9ddc42bee05d
DEMO-DEV-1801,2,DEMO-1801,Pulse Oximeter,42ee3277-2e48-431d-b386-6ea209c2fcab
DEMO-DEV-1810,2,DEMO-1810,Patient Monitor,5221b7d8-06db-4aae-aaff-9bb16ecffd99
DEMO-DEV-1818,2,DEMO-1818,Syringe Pump,3abaabf6-cb3c-4665-9bf7-51e15d6b83a6
DEMO-DEV-1822,2,DEMO-1822,ECG Machine,d5382c80-abaa-4a87-b4a1-cb76fb0f264c
DEMO-DEV-1823,2,DEMO-1823,Ventilator,fb688ffc-1b11-4eff-98f2-9ddc42bee05d
DEMO-DEV-1829,2,DEMO-1829,Ventilator,fb688ffc-1b11-4eff-98f2-9ddc42bee05d
DEMO-DEV-1830,2,DEMO-1830,Patient Monitor,02e6a10b-282c-4bf5-a61a-547e12683222
DEMO-DEV-1852,2,DEMO-1852,Defibrillator,fb688ffc-1b11-4eff-98f2-9ddc42bee05d
DEMO-DEV-1859,2,DEMO-1859,X-Ray System,fb688ffc-1b11-4eff-98f2-9ddc42bee05d
DEMO-DEV-1865,2,DEMO-1865,ECG Machine,fb688ffc-1b11-4eff-98f2-9ddc42bee05d
DEMO-DEV-1867,2,DEMO-1867,Autoclave,087cb0cc-f07b-4d69-aa97-f0fb17ac6bf5
DEMO-DEV-1870,2,DEMO-1870,Pulse Oximeter,3063f084-58b4-4185-9334-5219ca4fd060
DEMO-DEV-1878,2,DEMO-1878,Autoclave,e19c99a4-ade8-4c7f-a494-8746650c680c
DEMO-DEV-1879,2,DEMO-1879,X-Ray System,fb688ffc-1b11-4eff-98f2-9ddc42bee05d
DEMO-DEV-1901,2,DEMO-1901,Infusion Pump,3abaabf6-cb3c-4665-9bf7-51e15d6b83a6
DEMO-DEV-1910,2,DEMO-1910,Syringe Pump,fb688ffc-1b11-4eff-98f2-9ddc42bee05d
DEMO-DEV-1919,2,DEMO-1919,Pulse Oximeter,42ee3277-2e48-431d-b386-6ea209c2fcab
DEMO-DEV-1930,2,DEMO-1930,Electrosurgical Unit,02e6a10b-282c-4bf5-a61a-547e12683222
DEMO-DEV-1941,2,DEMO-1941,Electrosurgical Unit,de1fc8ff-31ca-453a-8e05-4ef6f6344a89
DEMO-DEV-1954,2,DEMO-1954,Pulse Oximeter,fb688ffc-1b11-4eff-98f2-9ddc42bee05d
DEMO-DEV-1969,2,DEMO-1969,Syringe Pump,3abaabf6-cb3c-4665-9bf7-51e15d6b83a6
DEMO-DEV-1986,2,DEMO-1986,Defibrillator,fb688ffc-1b11-4eff-98f2-9ddc42bee05d
DEMO-DEV-1987,2,DEMO-1987,Syringe Pump,dbf5de02-231e-458c-9575-ad273ed5f5b8
DEMO-DEV-2000,2,DEMO-2000,Ventilator,fb688ffc-1b11-4eff-98f2-9ddc42bee05d
DEMO-DEV-2008,2,DEMO-2008,Pulse Oximeter,3063f084-58b4-4185-9334-5219ca4fd060
DEMO-DEV-2022,2,DEMO-2022,X-Ray System,f1bd3fb4-d29a-4a49-a73f-fcb9d140af66
DEMO-DEV-2036,2,DEMO-2036,Autoclave,e19c99a4-ade8-4c7f-a494-8746650c680c
DEMO-DEV-2040,2,DEMO-2040,Electrosurgical Unit,053d4a00-e594-4305-ae71-a96c95a13530
DEMO-DEV-2050,2,DEMO-2050,Patient Monitor,5221b7d8-06db-4aae-aaff-9bb16ecffd99
DEMO-DEV-2060,2,DEMO-2060,Defibrillator,fb688ffc-1b11-4eff-98f2-9ddc42bee05d
DEMO-DEV-2067,2,DEMO-2067,X-Ray System,fb688ffc-1b11-4eff-98f2-9ddc42bee05d
DEMO-DEV-2073,2,DEMO-2073,Pulse Oximeter,5e9a7ead-ebbc-4d90-9dfa-960b95ff7c32
DEMO-DEV-2074,2,DEMO-2074,Syringe Pump,d5382c80-abaa-4a87-b4a1-cb76fb0f264c
DEMO-DEV-2086,2,DEMO-2086,ECG Machine,3063f084-58b4-4185-9334-5219ca4fd060
DEMO-DEV-2093,2,DEMO-2093,Syringe Pump,3abaabf6-cb3c-4665-9bf7-51e15d6b83a6
DEMO-DEV-2098,2,DEMO-2098,Syringe Pump,5e9a7ead-ebbc-4d90-9dfa-960b95ff7c32
DEMO-DEV-2099,2,DEMO-2099,Defibrillator,fb688ffc-1b11-4eff-98f2-9ddc42bee05d
DEMO-DEV-2117,2,DEMO-2117,Autoclave,7fa95649-4f83-4422-99e3-aecc70af8737
DEMO-DEV-2123,2,DEMO-2123,Defibrillator,fb688ffc-1b11-4eff-98f2-9ddc42bee05d
DEMO-DEV-2132,2,DEMO-2132,Anesthesia Machine,f75d2bae-4cbf-4736-ae9b-4da7cbd1dada
DEMO-DEV-2144,2,DEMO-2144,Anesthesia Machine,de1fc8ff-31ca-453a-8e05-4ef6f6344a89
DEMO-DEV-2152,2,DEMO-2152,ECG Machine,3063f084-58b4-4185-9334-5219ca4fd060
DEMO-DEV-2159,2,DEMO-2159,Defibrillator,fb688ffc-1b11-4eff-98f2-9ddc42bee05d
DEMO-DEV-2163,2,DEMO-2163,Ultrasound System,f1bd3fb4-d29a-4a49-a73f-fcb9d140af66
DEMO-DEV-2169,2,DEMO-2169,Autoclave,7fa95649-4f83-4422-99e3-aecc70af8737
DEMO-DEV-2193,2,DEMO-2193,Anesthesia Machine,4aa84ab5-5871-45cf-84b9-0fff65358075
DEMO-DEV-2199,2,DEMO-2199,Autoclave,e19c99a4-ade8-4c7f-a494-8746650c680c
DEMO-DEV-2202,2,DEMO-2202,Defibrillator,fb688ffc-1b11-4eff-98f2-9ddc42bee05d
DEMO-DEV-2208,2,DEMO-2208,X-Ray System,fb688ffc-1b11-4eff-98f2-9ddc42bee05d
DEMO-DEV-2210,2,DEMO-2210,Infusion Pump,02e6a10b-282c-4bf5-a61a-547e12683222
DEMO-DEV-2224,2,DEMO-2224,X-Ray System,fb688ffc-1b11-4eff-98f2-9ddc42bee05d
DEMO-DEV-2233,2,DEMO-2233,ECG Machine,5e9a7ead-ebbc-4d90-9dfa-960b95ff7c32
DEMO-DEV-2236,2,DEMO-2236,X-Ray System,f1bd3fb4-d29a-4a49-a73f-fcb9d140af66
DEMO-DEV-2246,2,DEMO-2246,Syringe Pump,dbf5de02-231e-458c-9575-ad273ed5f5b8
DEMO-DEV-2251,2,DEMO-2251,Patient Monitor,d5382c80-abaa-4a87-b4a1-cb76fb0f264c
DEMO-DEV-2252,2,DEMO-2252,Pulse Oximeter,fb688ffc-1b11-4eff-98f2-9ddc42bee05d
DEMO-DEV-2253,2,DEMO-2253,Anesthesia Machine,5221b7d8-06db-4aae-aaff-9bb16ecffd99
DEMO-DEV-2260,2,DEMO-2260,Patient Monitor,02e6a10b-282c-4bf5-a61a-547e12683222
DEMO-DEV-2269,2,DEMO-2269,Anesthesia Machine,7fa95649-4f83-4422-99e3-aecc70af8737
DEMO-DEV-2274,2,DEMO-2274,X-Ray System,f1bd3fb4-d29a-4a49-a73f-fcb9d140af66
DEMO-DEV-2281,2,DEMO-2281,Ventilator,dbf5de02-231e-458c-9575-ad273ed5f5b8
DEMO-DEV-2291,2,DEMO-2291,Ventilator,fb688ffc-1b11-4eff-98f2-9ddc42bee05d
DEMO-DEV-2296,2,DEMO-2296,Autoclave,087cb0cc-f07b-4d69-aa97-f0fb17ac6bf5
DEMO-DEV-2310,2,DEMO-2310,ECG Machine,fb688ffc-1b11-4eff-98f2-9ddc42bee05d
DEMO-DEV-2312,2,DEMO-2312,Autoclave,e19c99a4-ade8-4c7f-a494-8746650c680c
DEMO-DEV-2315,2,DEMO-2315,Ventilator,fb688ffc-1b11-4eff-98f2-9ddc42bee05d
DEMO-DEV-2319,2,DEMO-2319,Ultrasound System,de1fc8ff-31ca-453a-8e05-4ef6f6344a89
DEMO-DEV-2325,2,DEMO-2325,Ventilator,fb688ffc-1b11-4eff-98f2-9ddc42bee05d
DEMO-DEV-2328,2,DEMO-2328,X-Ray System,fb688ffc-1b11-4eff-98f2-9ddc42bee05d
DEMO-DEV-2329,2,DEMO-2329,Anesthesia Machine,02e6a10b-282c-4bf5-a61a-547e12683222
DEMO-DEV-2339,2,DEMO-2339,Autoclave,087cb0cc-f07b-4d69-aa97-f0fb17ac6bf5
DEMO-DEV-2342,2,DEMO-2342,X-Ray System,fb688ffc-1b11-4eff-98f2-9ddc42bee05d
DEMO-DEV-2346,2,DEMO-2346,Syringe Pump,5e9a7ead-ebbc-4d90-9dfa-960b95ff7c32
DEMO-DEV-2351,2,DEMO-2351,Autoclave,e19c99a4-ade8-4c7f-a494-8746650c680c
DEMO-DEV-2356,2,DEMO-2356,Defibrillator,fb688ffc-1b11-4eff-98f2-9ddc42bee05d
DEMO-DEV-2358,2,DEMO-2358,Autoclave,087cb0cc-f07b-4d69-aa97-f0fb17ac6bf5
DEMO-DEV-2359,2,DEMO-2359,ECG Machine,42ee3277-2e48-431d-b386-6ea209c2fcab
DEMO-DEV-2372,2,DEMO-2372,X-Ray System,fb688ffc-1b11-4eff-98f2-9ddc42bee05d
DEMO-DEV-2378,2,DEMO-2378,Ultrasound System,de1fc8ff-31ca-453a-8e05-4ef6f6344a89
DEMO-DEV-2382,2,DEMO-2382,Syringe Pump,d5382c80-abaa-4a87-b4a1-cb76fb0f264c
DEMO-DEV-2385,2,DEMO-2385,Defibrillator,fb688ffc-1b11-4eff-98f2-9ddc42bee05d
DEMO-DEV-2409,2,DEMO-2409,Autoclave,7fa95649-4f83-4422-99e3-aecc70af8737
DEMO-DEV-2420,2,DEMO-2420,Defibrillator,fb688ffc-1b11-4eff-98f2-9ddc42bee05d
DEMO-DEV-2426,2,DEMO-2426,Defibrillator,fb688ffc-1b11-4eff-98f2-9ddc42bee05d
DEMO-DEV-2428,2,DEMO-2428,Patient Monitor,d5382c80-abaa-4a87-b4a1-cb76fb0f264c
DEMO-DEV-2436,2,DEMO-2436,Ventilator,dbf5de02-231e-458c-9575-ad273ed5f5b8
DEMO-DEV-2451,2,DEMO-2451,Patient Monitor,5e9a7ead-ebbc-4d90-9dfa-960b95ff7c32
DEMO-DEV-2459,2,DEMO-2459,Syringe Pump,d5382c80-abaa-4a87-b4a1-cb76fb0f264c
DEMO-DEV-2464,2,DEMO-2464,X-Ray System,fb688ffc-1b11-4eff-98f2-9ddc42bee05d
DEMO-DEV-2478,2,DEMO-2478,Infusion Pump,8e27f500-7d94-4ee5-be36-9f990b34e092
DEMO-DEV-2482,2,DEMO-2482,X-Ray System,f1bd3fb4-d29a-4a49-a73f-fcb9d140af66
DEMO-DEV-2485,2,DEMO-2485,X-Ray System,fb688ffc-1b11-4eff-98f2-9ddc42bee05d
DEMO-DEV-2487,2,DEMO-2487,Autoclave,087cb0cc-f07b-4d69-aa97-f0fb17ac6bf5
DEMO-DEV-2494,2,DEMO-2494,Patient Monitor,5e9a7ead-ebbc-4d90-9dfa-960b95ff7c32
DEMO-DEV-2500,2,DEMO-2500,Pulse Oximeter,3063f084-58b4-4185-9334-5219ca4fd060
DEMO-DEV-2501,2,DEMO-2501,Ventilator,fb688ffc-1b11-4eff-98f2-9ddc42bee05d
DEMO-DEV-2502,2,DEMO-2502,Defibrillator,fb688ffc-1b11-4eff-98f2-9ddc42bee05d
DEMO-DEV-2506,2,DEMO-2506,X-Ray System,fb688ffc-1b11-4eff-98f2-9ddc42bee05d
DEMO-DEV-2537,2,DEMO-2537,Autoclave,087cb0cc-f07b-4d69-aa97-f0fb17ac6bf5
DEMO-DEV-2541,2,DEMO-2541,X-Ray System,f1bd3fb4-d29a-4a49-a73f-fcb9d140af66
DEMO-DEV-2543,2,DEMO-2543,ECG Machine,d5382c80-abaa-4a87-b4a1-cb76fb0f264c
DEMO-DEV-2552,2,DEMO-2552,ECG Machine,5e9a7ead-ebbc-4d90-9dfa-960b95ff7c32
DEMO-DEV-2566,2,DEMO-2566,Ventilator,fb688ffc-1b11-4eff-98f2-9ddc42bee05d
DEMO-DEV-2579,2,DEMO-2579,Ultrasound System,42ee3277-2e48-431d-b386-6ea209c2fcab
DEMO-DEV-2584,2,DEMO-2584,Pulse Oximeter,5e9a7ead-ebbc-4d90-9dfa-960b95ff7c32
DEMO-DEV-2587,2,DEMO-2587,Infusion Pump,5221b7d8-06db-4aae-aaff-9bb16ecffd99
DEMO-DEV-2598,2,DEMO-2598,Infusion Pump,5e9a7ead-ebbc-4d90-9dfa-960b95ff7c32
DEMO-DEV-2599,2,DEMO-2599,Pulse Oximeter,fb688ffc-1b11-4eff-98f2-9ddc42bee05d
DEMO-DEV-2604,2,DEMO-2604,Pulse Oximeter,d5382c80-abaa-4a87-b4a1-cb76fb0f264c
DEMO-DEV-2606,2,DEMO-2606,ECG Machine,d5382c80-abaa-4a87-b4a1-cb76fb0f264c
DEMO-DEV-2608,2,DEMO-2608,Electrosurgical Unit,de1fc8ff-31ca-453a-8e05-4ef6f6344a89
DEMO-DEV-2624,2,DEMO-2624,Ventilator,fb688ffc-1b11-4eff-98f2-9ddc42bee05d
DEMO-DEV-2629,2,DEMO-2629,Electrosurgical Unit,5221b7d8-06db-4aae-aaff-9bb16ecffd99
DEMO-DEV-2653,2,DEMO-2653,Pulse Oximeter,fb688ffc-1b11-4eff-98f2-9ddc42bee05d
DEMO-DEV-2655,2,DEMO-2655,Ventilator,dbf5de02-231e-458c-9575-ad273ed5f5b8
DEMO-DEV-2669,2,DEMO-2669,Anesthesia Machine,f1bd3fb4-d29a-4a49-a73f-fcb9d140af66
DEMO-DEV-2678,2,DEMO-2678,Autoclave,7fa95649-4f83-4422-99e3-aecc70af8737
DEMO-DEV-2679,2,DEMO-2679,Anesthesia Machine,dbf5de02-231e-458c-9575-ad273ed5f5b8
DEMO-DEV-2687,2,DEMO-2687,X-Ray System,fb688ffc-1b11-4eff-98f2-9ddc42bee05d
DEMO-DEV-2696,2,DEMO-2696,ECG Machine,3063f084-58b4-4185-9334-5219ca4fd060
DEMO-DEV-2698,2,DEMO-2698,ECG Machine,42ee3277-2e48-431d-b386-6ea209c2fcab
DEMO-DEV-2699,2,DEMO-2699,Pulse Oximeter,42ee3277-2e48-431d-b386-6ea209c2fcab
DEMO-DEV-2701,2,DEMO-2701,Ultrasound System,f1bd3fb4-d29a-4a49-a73f-fcb9d140af66
DEMO-DEV-2702,2,DEMO-2702,ECG Machine,42ee3277-2e48-431d-b386-6ea209c2fcab
DEMO-DEV-2709,2,DEMO-2709,Patient Monitor,5e9a7ead-ebbc-4d90-9dfa-960b95ff7c32
DEMO-DEV-2711,2,DEMO-2711,X-Ray System,fb688ffc-1b11-4eff-98f2-9ddc42bee05d
DEMO-DEV-2718,2,DEMO-2718,ECG Machine,d5382c80-abaa-4a87-b4a1-cb76fb0f264c
DEMO-DEV-2722,2,DEMO-2722,Infusion Pump,8e27f500-7d94-4ee5-be36-9f990b34e092
DEMO-DEV-2736,2,DEMO-2736,Electrosurgical Unit,02e6a10b-282c-4bf5-a61a-547e12683222
DEMO-DEV-2737,2,DEMO-2737,Syringe Pump,3063f084-58b4-4185-9334-5219ca4fd060
DEMO-DEV-2746,2,DEMO-2746,ECG Machine,fb688ffc-1b11-4eff-98f2-9ddc42bee05d
DEMO-DEV-2753,2,DEMO-2753,Anesthesia Machine,d5382c80-abaa-4a87-b4a1-cb76fb0f264c
DEMO-DEV-2754,2,DEMO-2754,Pulse Oximeter,5e9a7ead-ebbc-4d90-9dfa-960b95ff7c32
DEMO-DEV-2758,2,DEMO-2758,Autoclave,e19c99a4-ade8-4c7f-a494-8746650c680c
DEMO-DEV-2766,2,DEMO-2766,Ventilator,fb688ffc-1b11-4eff-98f2-9ddc42bee05d
DEMO-DEV-2771,2,DEMO-2771,Ultrasound System,de1fc8ff-31ca-453a-8e05-4ef6f6344a89
DEMO-DEV-2778,2,DEMO-2778,Pulse Oximeter,5e9a7ead-ebbc-4d90-9dfa-960b95ff7c32
DEMO-DEV-2809,2,DEMO-2809,Patient Monitor,d5382c80-abaa-4a87-b4a1-cb76fb0f264c
DEMO-DEV-2832,2,DEMO-2832,Autoclave,7fa95649-4f83-4422-99e3-aecc70af8737
DEMO-DEV-2834,2,DEMO-2834,Defibrillator,fb688ffc-1b11-4eff-98f2-9ddc42bee05d
DEMO-DEV-2846,2,DEMO-2846,Electrosurgical Unit,053d4a00-e594-4305-ae71-a96c95a13530
DEMO-DEV-2848,2,DEMO-2848,Autoclave,7fa95649-4f83-4422-99e3-aecc70af8737
DEMO-DEV-2872,2,DEMO-2872,Syringe Pump,3abaabf6-cb3c-4665-9bf7-51e15d6b83a6
DEMO-DEV-2878,2,DEMO-2878,Autoclave,e19c99a4-ade8-4c7f-a494-8746650c680c
DEMO-DEV-2894,2,DEMO-2894,Autoclave,7fa95649-4f83-4422-99e3-aecc70af8737
DEMO-DEV-2898,2,DEMO-2898,Autoclave,087cb0cc-f07b-4d69-aa97-f0fb17ac6bf5
DEMO-DEV-2912,2,DEMO-2912,Pulse Oximeter,5e9a7ead-ebbc-4d90-9dfa-960b95ff7c32
DEMO-DEV-2916,2,DEMO-2916,Infusion Pump,02e6a10b-282c-4bf5-a61a-547e12683222
DEMO-DEV-2920,2,DEMO-2920,Infusion Pump,d5382c80-abaa-4a87-b4a1-cb76fb0f264c
DEMO-DEV-2922,2,DEMO-2922,X-Ray System,f1bd3fb4-d29a-4a49-a73f-fcb9d140af66
DEMO-DEV-2933,2,DEMO-2933,Autoclave,7fa95649-4f83-4422-99e3-aecc70af8737
DEMO-DEV-2935,2,DEMO-2935,Anesthesia Machine,f1bd3fb4-d29a-4a49-a73f-fcb9d140af66
DEMO-DEV-2941,2,DEMO-2941,Patient Monitor,fb688ffc-1b11-4eff-98f2-9ddc42bee05d
DEMO-DEV-2952,2,DEMO-2952,ECG Machine,5e9a7ead-ebbc-4d90-9dfa-960b95ff7c32
DEMO-DEV-2954,2,DEMO-2954,X-Ray System,fb688ffc-1b11-4eff-98f2-9ddc42bee05d
DEMO-DEV-2964,2,DEMO-2964,Ultrasound System,f1bd3fb4-d29a-4a49-a73f-fcb9d140af66
DEMO-DEV-2968,2,DEMO-2968,ECG Machine,5e9a7ead-ebbc-4d90-9dfa-960b95ff7c32
DEMO-DEV-2975,2,DEMO-2975,Patient Monitor,d5382c80-abaa-4a87-b4a1-cb76fb0f264c
DEMO-DEV-2988,2,DEMO-2988,Electrosurgical Unit,7fa95649-4f83-4422-99e3-aecc70af8737
DEMO-DEV-2989,2,DEMO-2989,Autoclave,e19c99a4-ade8-4c7f-a494-8746650c680c
DEMO-DEV-2997,2,DEMO-2997,Ultrasound System,42ee3277-2e48-431d-b386-6ea209c2fcab
DEMO-DEV-3002,2,DEMO-3002,X-Ray System,fb688ffc-1b11-4eff-98f2-9ddc42bee05d
DEMO-DEV-3003,2,DEMO-3003,Defibrillator,fb688ffc-1b11-4eff-98f2-9ddc42bee05d
DEMO-DEV-3023,2,DEMO-3023,Patient Monitor,fb688ffc-1b11-4eff-98f2-9ddc42bee05d
DEMO-DEV-3027,2,DEMO-3027,Syringe Pump,dbf5de02-231e-458c-9575-ad273ed5f5b8
DEMO-DEV-3030,2,DEMO-3030,Defibrillator,fb688ffc-1b11-4eff-98f2-9ddc42bee05d
DEMO-DEV-3040,2,DEMO-3040,Anesthesia Machine,3abaabf6-cb3c-4665-9bf7-51e15d6b83a6
DEMO-DEV-3042,2,DEMO-3042,Infusion Pump,5e9a7ead-ebbc-4d90-9dfa-960b95ff7c32
DEMO-DEV-3043,2,DEMO-3043,Defibrillator,fb688ffc-1b11-4eff-98f2-9ddc42bee05d
DEMO-DEV-3047,2,DEMO-3047,Syringe Pump,fb688ffc-1b11-4eff-98f2-9ddc42bee05d
DEMO-DEV-3058,2,DEMO-3058,Ventilator,fb688ffc-1b11-4eff-98f2-9ddc42bee05d
DEMO-DEV-3060,2,DEMO-3060,Ventilator,dbf5de02-231e-458c-9575-ad273ed5f5b8
DEMO-DEV-3061,2,DEMO-3061,Syringe Pump,d5382c80-abaa-4a87-b4a1-cb76fb0f264c
DEMO-DEV-3068,2,DEMO-3068,Electrosurgical Unit,7fa95649-4f83-4422-99e3-aecc70af8737
DEMO-DEV-3083,2,DEMO-3083,Infusion Pump,3abaabf6-cb3c-4665-9bf7-51e15d6b83a6
DEMO-DEV-3087,2,DEMO-3087,Patient Monitor,5221b7d8-06db-4aae-aaff-9bb16ecffd99
DEMO-DEV-3089,2,DEMO-3089,Ultrasound System,f1bd3fb4-d29a-4a49-a73f-fcb9d140af66
DEMO-DEV-3097,2,DEMO-3097,Autoclave,087cb0cc-f07b-4d69-aa97-f0fb17ac6bf5
DEMO-DEV-3116,2,DEMO-3116,Ultrasound System,f1bd3fb4-d29a-4a49-a73f-fcb9d140af66
DEMO-DEV-3124,2,DEMO-3124,Ventilator,fb688ffc-1b11-4eff-98f2-9ddc42bee05d
DEMO-DEV-3136,2,DEMO-3136,Electrosurgical Unit,8e27f500-7d94-4ee5-be36-9f990b34e092
DEMO-DEV-3144,2,DEMO-3144,Infusion Pump,02e6a10b-282c-4bf5-a61a-547e12683222
DEMO-DEV-3153,2,DEMO-3153,Anesthesia Machine,4aa84ab5-5871-45cf-84b9-0fff65358075
DEMO-DEV-3165,2,DEMO-3165,Pulse Oximeter,3063f084-58b4-4185-9334-5219ca4fd060
DEMO-DEV-3180,2,DEMO-3180,Pulse Oximeter,5e9a7ead-ebbc-4d90-9dfa-960b95ff7c32
DEMO-DEV-3199,2,DEMO-3199,Anesthesia Machine,d5382c80-abaa-4a87-b4a1-cb76fb0f264c
DEMO-DEV-3213,2,DEMO-3213,Patient Monitor,3063f084-58b4-4185-9334-5219ca4fd060
DEMO-DEV-3214,2,DEMO-3214,ECG Machine,fb688ffc-1b11-4eff-98f2-9ddc42bee05d
DEMO-DEV-3224,2,DEMO-3224,ECG Machine,5e9a7ead-ebbc-4d90-9dfa-960b95ff7c32
DEMO-DEV-3232,2,DEMO-3232,Pulse Oximeter,fb688ffc-1b11-4eff-98f2-9ddc42bee05d
DEMO-DEV-3235,2,DEMO-3235,Autoclave,087cb0cc-f07b-4d69-aa97-f0fb17ac6bf5
DEMO-DEV-3252,2,DEMO-3252,Electrosurgical Unit,02e6a10b-282c-4bf5-a61a-547e12683222
DEMO-DEV-3255,2,DEMO-3255,Ultrasound System,42ee3277-2e48-431d-b386-6ea209c2fcab
DEMO-DEV-3256,2,DEMO-3256,ECG Machine,42ee3277-2e48-431d-b386-6ea209c2fcab
DEMO-DEV-3259,2,DEMO-3259,X-Ray System,f1bd3fb4-d29a-4a49-a73f-fcb9d140af66
DEMO-DEV-3260,2,DEMO-3260,Defibrillator,fb688ffc-1b11-4eff-98f2-9ddc42bee05d
DEMO-DEV-3263,2,DEMO-3263,ECG Machine,d5382c80-abaa-4a87-b4a1-cb76fb0f264c
DEMO-DEV-3279,2,DEMO-3279,Autoclave,087cb0cc-f07b-4d69-aa97-f0fb17ac6bf5
DEMO-DEV-3289,2,DEMO-3289,Syringe Pump,fb688ffc-1b11-4eff-98f2-9ddc42bee05d
DEMO-DEV-3292,2,DEMO-3292,Pulse Oximeter,fb688ffc-1b11-4eff-98f2-9ddc42bee05d
DEMO-DEV-3297,2,DEMO-3297,Patient Monitor,02e6a10b-282c-4bf5-a61a-547e12683222
DEMO-DEV-3307,2,DEMO-3307,X-Ray System,f1bd3fb4-d29a-4a49-a73f-fcb9d140af66
DEMO-DEV-3311,2,DEMO-3311,Ultrasound System,de1fc8ff-31ca-453a-8e05-4ef6f6344a89
DEMO-DEV-3323,2,DEMO-3323,Patient Monitor,5e9a7ead-ebbc-4d90-9dfa-960b95ff7c32
DEMO-DEV-3324,2,DEMO-3324,Syringe Pump,dbf5de02-231e-458c-9575-ad273ed5f5b8
DEMO-DEV-3334,2,DEMO-3334,ECG Machine,d5382c80-abaa-4a87-b4a1-cb76fb0f264c
DEMO-DEV-3337,2,DEMO-3337,X-Ray System,fb688ffc-1b11-4eff-98f2-9ddc42bee05d
DEMO-DEV-3355,2,DEMO-3355,Defibrillator,fb688ffc-1b11-4eff-98f2-9ddc42bee05d
DEMO-DEV-3357,2,DEMO-3357,Electrosurgical Unit,5221b7d8-06db-4aae-aaff-9bb16ecffd99
DEMO-DEV-3378,2,DEMO-3378,Electrosurgical Unit,7fa95649-4f83-4422-99e3-aecc70af8737
DEMO-DEV-3385,2,DEMO-3385,Electrosurgical Unit,de1fc8ff-31ca-453a-8e05-4ef6f6344a89
DEMO-DEV-3390,2,DEMO-3390,Pulse Oximeter,dbf5de02-231e-458c-9575-ad273ed5f5b8
DEMO-DEV-3394,2,DEMO-3394,X-Ray System,fb688ffc-1b11-4eff-98f2-9ddc42bee05d
DEMO-DEV-3397,2,DEMO-3397,Pulse Oximeter,42ee3277-2e48-431d-b386-6ea209c2fcab
DEMO-DEV-3405,2,DEMO-3405,Anesthesia Machine,3063f084-58b4-4185-9334-5219ca4fd060
DEMO-DEV-3414,2,DEMO-3414,Defibrillator,fb688ffc-1b11-4eff-98f2-9ddc42bee05d
DEMO-DEV-3425,2,DEMO-3425,Pulse Oximeter,42ee3277-2e48-431d-b386-6ea209c2fcab
DEMO-DEV-3430,2,DEMO-3430,Autoclave,7fa95649-4f83-4422-99e3-aecc70af8737
DEMO-DEV-3439,2,DEMO-3439,ECG Machine,3063f084-58b4-4185-9334-5219ca4fd060
DEMO-DEV-3443,2,DEMO-3443,Anesthesia Machine,fb688ffc-1b11-4eff-98f2-9ddc42bee05d
DEMO-DEV-3470,2,DEMO-3470,X-Ray System,f1bd3fb4-d29a-4a49-a73f-fcb9d140af66
DEMO-DEV-3492,2,DEMO-3492,Defibrillator,fb688ffc-1b11-4eff-98f2-9ddc42bee05d
DEMO-DEV-3496,2,DEMO-3496,Autoclave,e19c99a4-ade8-4c7f-a494-8746650c680c
DEMO-DEV-3497,2,DEMO-3497,Infusion Pump,5e9a7ead-ebbc-4d90-9dfa-960b95ff7c32
DEMO-DEV-3501,2,DEMO-3501,Pulse Oximeter,fb688ffc-1b11-4eff-98f2-9ddc42bee05d
DEMO-DEV-3509,2,DEMO-3509,Ultrasound System,de1fc8ff-31ca-453a-8e05-4ef6f6344a89
DEMO-DEV-3510,2,DEMO-3510,Infusion Pump,02e6a10b-282c-4bf5-a61a-547e12683222
DEMO-DEV-3511,2,DEMO-3511,Ventilator,fb688ffc-1b11-4eff-98f2-9ddc42bee05d
DEMO-DEV-3535,2,DEMO-3535,Patient Monitor,3063f084-58b4-4185-9334-5219ca4fd060
DEMO-DEV-3537,2,DEMO-3537,Electrosurgical Unit,7fa95649-4f83-4422-99e3-aecc70af8737
DEMO-DEV-3545,2,DEMO-3545,Autoclave,7fa95649-4f83-4422-99e3-aecc70af8737
DEMO-DEV-3555,2,DEMO-3555,X-Ray System,fb688ffc-1b11-4eff-98f2-9ddc42bee05d
DEMO-DEV-3557,2,DEMO-3557,Ventilator,fb688ffc-1b11-4eff-98f2-9ddc42bee05d
DEMO-DEV-3558,2,DEMO-3558,Ultrasound System,42ee3277-2e48-431d-b386-6ea209c2fcab
DEMO-DEV-3560,2,DEMO-3560,Ventilator,fb688ffc-1b11-4eff-98f2-9ddc42bee05d
DEMO-DEV-3561,2,DEMO-3561,Autoclave,7fa95649-4f83-4422-99e3-aecc70af8737
DEMO-DEV-3562,2,DEMO-3562,Pulse Oximeter,3063f084-58b4-4185-9334-5219ca4fd060
DEMO-DEV-3571,2,DEMO-3571,Pulse Oximeter,42ee3277-2e48-431d-b386-6ea209c2fcab
DEMO-DEV-3572,2,DEMO-3572,Pulse Oximeter,42ee3277-2e48-431d-b386-6ea209c2fcab
DEMO-DEV-3586,2,DEMO-3586,Autoclave,7fa95649-4f83-4422-99e3-aecc70af8737
DEMO-DEV-3602,2,DEMO-3602,Anesthesia Machine,8e27f500-7d94-4ee5-be36-9f990b34e092
DEMO-DEV-3604,2,DEMO-3604,Patient Monitor,fb688ffc-1b11-4eff-98f2-9ddc42bee05d
DEMO-DEV-3606,2,DEMO-3606,Electrosurgical Unit,02e6a10b-282c-4bf5-a61a-547e12683222
DEMO-DEV-3619,2,DEMO-3619,Electrosurgical Unit,8e27f500-7d94-4ee5-be36-9f990b34e092
DEMO-DEV-3626,2,DEMO-3626,X-Ray System,fb688ffc-1b11-4eff-98f2-9ddc42bee05d
DEMO-DEV-3632,2,DEMO-3632,Electrosurgical Unit,053d4a00-e594-4305-ae71-a96c95a13530
DEMO-DEV-3639,2,DEMO-3639,Pulse Oximeter,fb688ffc-1b11-4eff-98f2-9ddc42bee05d
DEMO-DEV-3679,2,DEMO-3679,ECG Machine,d5382c80-abaa-4a87-b4a1-cb76fb0f264c
DEMO-DEV-3683,2,DEMO-3683,Defibrillator,fb688ffc-1b11-4eff-98f2-9ddc42bee05d
DEMO-DEV-3689,2,DEMO-3689,Electrosurgical Unit,7fa95649-4f83-4422-99e3-aecc70af8737
DEMO-DEV-3731,2,DEMO-3731,X-Ray System,f1bd3fb4-d29a-4a49-a73f-fcb9d140af66
DEMO-DEV-3734,2,DEMO-3734,Electrosurgical Unit,7fa95649-4f83-4422-99e3-aecc70af8737
DEMO-DEV-3735,2,DEMO-3735,Syringe Pump,d5382c80-abaa-4a87-b4a1-cb76fb0f264c
DEMO-DEV-3736,2,DEMO-3736,Anesthesia Machine,8ccc225a-74c4-4260-86d3-0ca2b2f49602
DEMO-DEV-3742,2,DEMO-3742,ECG Machine,fb688ffc-1b11-4eff-98f2-9ddc42bee05d
DEMO-DEV-3771,2,DEMO-3771,Patient Monitor,02e6a10b-282c-4bf5-a61a-547e12683222
DEMO-DEV-3774,2,DEMO-3774,Syringe Pump,3abaabf6-cb3c-4665-9bf7-51e15d6b83a6
DEMO-DEV-3776,2,DEMO-3776,Autoclave,e19c99a4-ade8-4c7f-a494-8746650c680c
DEMO-DEV-3778,2,DEMO-3778,ECG Machine,5e9a7ead-ebbc-4d90-9dfa-960b95ff7c32
DEMO-DEV-3787,2,DEMO-3787,Ventilator,fb688ffc-1b11-4eff-98f2-9ddc42bee05d
DEMO-DEV-3790,2,DEMO-3790,Syringe Pump,5e9a7ead-ebbc-4d90-9dfa-960b95ff7c32
DEMO-DEV-3798,2,DEMO-3798,Ventilator,fb688ffc-1b11-4eff-98f2-9ddc42bee05d
DEMO-DEV-3803,2,DEMO-3803,X-Ray System,fb688ffc-1b11-4eff-98f2-9ddc42bee05d
DEMO-DEV-3818,2,DEMO-3818,Patient Monitor,02e6a10b-282c-4bf5-a61a-547e12683222
DEMO-DEV-3824,2,DEMO-3824,Ultrasound System,42ee3277-2e48-431d-b386-6ea209c2fcab
DEMO-DEV-3827,2,DEMO-3827,Defibrillator,fb688ffc-1b11-4eff-98f2-9ddc42bee05d
DEMO-DEV-3832,2,DEMO-3832,Autoclave,087cb0cc-f07b-4d69-aa97-f0fb17ac6bf5
DEMO-DEV-3836,2,DEMO-3836,Defibrillator,fb688ffc-1b11-4eff-98f2-9ddc42bee05d
DEMO-DEV-3842,2,DEMO-3842,Patient Monitor,02e6a10b-282c-4bf5-a61a-547e12683222
DEMO-DEV-3852,2,DEMO-3852,Defibrillator,fb688ffc-1b11-4eff-98f2-9ddc42bee05d
DEMO-DEV-3858,2,DEMO-3858,Ultrasound System,42ee3277-2e48-431d-b386-6ea209c2fcab
DEMO-DEV-3869,2,DEMO-3869,Autoclave,087cb0cc-f07b-4d69-aa97-f0fb17ac6bf5
DEMO-DEV-3874,2,DEMO-3874,Infusion Pump,3abaabf6-cb3c-4665-9bf7-51e15d6b83a6
DEMO-DEV-3875,2,DEMO-3875,ECG Machine,5e9a7ead-ebbc-4d90-9dfa-960b95ff7c32
DEMO-DEV-3876,2,DEMO-3876,ECG Machine,d5382c80-abaa-4a87-b4a1-cb76fb0f264c
DEMO-DEV-3879,2,DEMO-3879,Autoclave,087cb0cc-f07b-4d69-aa97-f0fb17ac6bf5
DEMO-DEV-3889,2,DEMO-3889,Pulse Oximeter,d5382c80-abaa-4a87-b4a1-cb76fb0f264c
DEMO-DEV-3890,2,DEMO-3890,Patient Monitor,5221b7d8-06db-4aae-aaff-9bb16ecffd99
DEMO-DEV-3893,2,DEMO-3893,Autoclave,e19c99a4-ade8-4c7f-a494-8746650c680c
DEMO-DEV-3901,2,DEMO-3901,ECG Machine,fb688ffc-1b11-4eff-98f2-9ddc42bee05d
DEMO-DEV-3903,2,DEMO-3903,Syringe Pump,dbf5de02-231e-458c-9575-ad273ed5f5b8
DEMO-DEV-3911,2,DEMO-3911,ECG Machine,5e9a7ead-ebbc-4d90-9dfa-960b95ff7c32
DEMO-DEV-3914,2,DEMO-3914,Ventilator,dbf5de02-231e-458c-9575-ad273ed5f5b8
DEMO-DEV-3917,2,DEMO-3917,Patient Monitor,5e9a7ead-ebbc-4d90-9dfa-960b95ff7c32
DEMO-DEV-3921,2,DEMO-3921,Syringe Pump,dbf5de02-231e-458c-9575-ad273ed5f5b8
DEMO-DEV-3944,2,DEMO-3944,Defibrillator,fb688ffc-1b11-4eff-98f2-9ddc42bee05d
DEMO-DEV-3958,2,DEMO-3958,Ventilator,fb688ffc-1b11-4eff-98f2-9ddc42bee05d
DEMO-DEV-3959,2,DEMO-3959,X-Ray System,f1bd3fb4-d29a-4a49-a73f-fcb9d140af66
DEMO-DEV-3968,2,DEMO-3968,Pulse Oximeter,3063f084-58b4-4185-9334-5219ca4fd060
DEMO-DEV-4016,2,DEMO-4016,ECG Machine,5e9a7ead-ebbc-4d90-9dfa-960b95ff7c32
DEMO-DEV-4018,2,DEMO-4018,Electrosurgical Unit,087cb0cc-f07b-4d69-aa97-f0fb17ac6bf5
DEMO-DEV-4024,2,DEMO-4024,X-Ray System,f1bd3fb4-d29a-4a49-a73f-fcb9d140af66
DEMO-DEV-4025,2,DEMO-4025,Syringe Pump,5e9a7ead-ebbc-4d90-9dfa-960b95ff7c32
DEMO-DEV-4032,2,DEMO-4032,Infusion Pump,02e6a10b-282c-4bf5-a61a-547e12683222
DEMO-DEV-4045,2,DEMO-4045,ECG Machine,d5382c80-abaa-4a87-b4a1-cb76fb0f264c
DEMO-DEV-4049,2,DEMO-4049,Ventilator,dbf5de02-231e-458c-9575-ad273ed5f5b8
DEMO-DEV-4067,2,DEMO-4067,Autoclave,087cb0cc-f07b-4d69-aa97-f0fb17ac6bf5
DEMO-DEV-4073,2,DEMO-4073,Ventilator,fb688ffc-1b11-4eff-98f2-9ddc42bee05d
DEMO-DEV-4102,2,DEMO-4102,Ventilator,dbf5de02-231e-458c-9575-ad273ed5f5b8
DEMO-DEV-4120,2,DEMO-4120,Electrosurgical Unit,7fa95649-4f83-4422-99e3-aecc70af8737
DEMO-DEV-4128,2,DEMO-4128,Ventilator,dbf5de02-231e-458c-9575-ad273ed5f5b8
DEMO-DEV-4140,2,DEMO-4140,Syringe Pump,dbf5de02-231e-458c-9575-ad273ed5f5b8
DEMO-DEV-4144,2,DEMO-4144,Patient Monitor,fb688ffc-1b11-4eff-98f2-9ddc42bee05d
DEMO-DEV-4146,2,DEMO-4146,Infusion Pump,02e6a10b-282c-4bf5-a61a-547e12683222
DEMO-DEV-4147,2,DEMO-4147,X-Ray System,fb688ffc-1b11-4eff-98f2-9ddc42bee05d
DEMO-DEV-4165,2,DEMO-4165,X-Ray System,fb688ffc-1b11-4eff-98f2-9ddc42bee05d
DEMO-DEV-4168,2,DEMO-4168,X-Ray System,f1bd3fb4-d29a-4a49-a73f-fcb9d140af66
DEMO-DEV-4171,2,DEMO-4171,Anesthesia Machine,f75d2bae-4cbf-4736-ae9b-4da7cbd1dada
DEMO-DEV-4176,2,DEMO-4176,ECG Machine,fb688ffc-1b11-4eff-98f2-9ddc42bee05d
DEMO-DEV-4185,2,DEMO-4185,Infusion Pump,3abaabf6-cb3c-4665-9bf7-51e15d6b83a6
DEMO-DEV-4193,2,DEMO-4193,Ventilator,dbf5de02-231e-458c-9575-ad273ed5f5b8
DEMO-DEV-4204,2,DEMO-4204,Ultrasound System,f1bd3fb4-d29a-4a49-a73f-fcb9d140af66
DEMO-DEV-4225,2,DEMO-4225,ECG Machine,3063f084-58b4-4185-9334-5219ca4fd060
DEMO-DEV-4227,2,DEMO-4227,Anesthesia Machine,5221b7d8-06db-4aae-aaff-9bb16ecffd99
DEMO-DEV-4234,2,DEMO-4234,ECG Machine,3063f084-58b4-4185-9334-5219ca4fd060
DEMO-DEV-4280,2,DEMO-4280,Ultrasound System,42ee3277-2e48-431d-b386-6ea209c2fcab
DEMO-DEV-4284,2,DEMO-4284,Patient Monitor,3063f084-58b4-4185-9334-5219ca4fd060
DEMO-DEV-4290,2,DEMO-4290,Anesthesia Machine,e19c99a4-ade8-4c7f-a494-8746650c680c
DEMO-DEV-4296,2,DEMO-4296,ECG Machine,5e9a7ead-ebbc-4d90-9dfa-960b95ff7c32
DEMO-DEV-4300,2,DEMO-4300,Pulse Oximeter,dbf5de02-231e-458c-9575-ad273ed5f5b8
DEMO-DEV-4302,2,DEMO-4302,Ultrasound System,42ee3277-2e48-431d-b386-6ea209c2fcab
DEMO-DEV-4307,2,DEMO-4307,Anesthesia Machine,3063f084-58b4-4185-9334-5219ca4fd060
DEMO-DEV-4308,2,DEMO-4308,Autoclave,087cb0cc-f07b-4d69-aa97-f0fb17ac6bf5
DEMO-DEV-4318,2,DEMO-4318,Patient Monitor,fb688ffc-1b11-4eff-98f2-9ddc42bee05d
DEMO-DEV-4326,2,DEMO-4326,Infusion Pump,3abaabf6-cb3c-4665-9bf7-51e15d6b83a6
DEMO-DEV-4327,2,DEMO-4327,Ultrasound System,de1fc8ff-31ca-453a-8e05-4ef6f6344a89
DEMO-DEV-4340,2,DEMO-4340,X-Ray System,fb688ffc-1b11-4eff-98f2-9ddc42bee05d
DEMO-DEV-4343,2,DEMO-4343,Autoclave,087cb0cc-f07b-4d69-aa97-f0fb17ac6bf5
DEMO-DEV-4344,2,DEMO-4344,Anesthesia Machine,de1fc8ff-31ca-453a-8e05-4ef6f6344a89
DEMO-DEV-4346,2,DEMO-4346,Syringe Pump,fb688ffc-1b11-4eff-98f2-9ddc42bee05d
DEMO-DEV-4356,2,DEMO-4356,Ultrasound System,de1fc8ff-31ca-453a-8e05-4ef6f6344a89
DEMO-DEV-4357,2,DEMO-4357,Autoclave,e19c99a4-ade8-4c7f-a494-8746650c680c
DEMO-DEV-4360,2,DEMO-4360,Patient Monitor,5221b7d8-06db-4aae-aaff-9bb16ecffd99
DEMO-DEV-4373,2,DEMO-4373,Anesthesia Machine,dbf5de02-231e-458c-9575-ad273ed5f5b8
DEMO-DEV-4382,2,DEMO-4382,Electrosurgical Unit,02e6a10b-282c-4bf5-a61a-547e12683222
DEMO-DEV-4401,2,DEMO-4401,Anesthesia Machine,5221b7d8-06db-4aae-aaff-9bb16ecffd99
DEMO-DEV-4413,2,DEMO-4413,X-Ray System,f1bd3fb4-d29a-4a49-a73f-fcb9d140af66
DEMO-DEV-4417,2,DEMO-4417,Defibrillator,fb688ffc-1b11-4eff-98f2-9ddc42bee05d
DEMO-DEV-4432,2,DEMO-4432,Patient Monitor,02e6a10b-282c-4bf5-a61a-547e12683222
DEMO-DEV-4445,2,DEMO-4445,Ultrasound System,f1bd3fb4-d29a-4a49-a73f-fcb9d140af66
DEMO-DEV-4449,2,DEMO-4449,Anesthesia Machine,cfeb1a0b-e69b-4ef5-b5ef-3431f0ad201c
DEMO-DEV-4452,2,DEMO-4452,Ventilator,dbf5de02-231e-458c-9575-ad273ed5f5b8
DEMO-DEV-4456,2,DEMO-4456,Ventilator,fb688ffc-1b11-4eff-98f2-9ddc42bee05d
DEMO-DEV-4457,2,DEMO-4457,Syringe Pump,fb688ffc-1b11-4eff-98f2-9ddc42bee05d
DEMO-DEV-4459,2,DEMO-4459,Ultrasound System,de1fc8ff-31ca-453a-8e05-4ef6f6344a89
DEMO-DEV-4462,2,DEMO-4462,Defibrillator,fb688ffc-1b11-4eff-98f2-9ddc42bee05d
DEMO-DEV-4467,2,DEMO-4467,X-Ray System,f1bd3fb4-d29a-4a49-a73f-fcb9d140af66
DEMO-DEV-4474,2,DEMO-4474,Pulse Oximeter,d5382c80-abaa-4a87-b4a1-cb76fb0f264c
DEMO-DEV-4475,2,DEMO-4475,X-Ray System,f1bd3fb4-d29a-4a49-a73f-fcb9d140af66
DEMO-DEV-4482,2,DEMO-4482,Infusion Pump,02e6a10b-282c-4bf5-a61a-547e12683222
DEMO-DEV-4484,2,DEMO-4484,Anesthesia Machine,5cbbfa1e-37f3-448b-a3bd-d3f30054ca16
DEMO-DEV-4491,2,DEMO-4491,Pulse Oximeter,fb688ffc-1b11-4eff-98f2-9ddc42bee05d
DEMO-DEV-4505,2,DEMO-4505,Ventilator,fb688ffc-1b11-4eff-98f2-9ddc42bee05d
DEMO-DEV-4507,2,DEMO-4507,X-Ray System,fb688ffc-1b11-4eff-98f2-9ddc42bee05d
DEMO-DEV-4512,2,DEMO-4512,Anesthesia Machine,35abc5ec-fbe4-40a6-8752-2cba3fb328ba
DEMO-DEV-4515,2,DEMO-4515,Electrosurgical Unit,053d4a00-e594-4305-ae71-a96c95a13530
DEMO-DEV-4518,2,DEMO-4518,Defibrillator,fb688ffc-1b11-4eff-98f2-9ddc42bee05d
DEMO-DEV-4531,2,DEMO-4531,Autoclave,e19c99a4-ade8-4c7f-a494-8746650c680c
DEMO-DEV-4544,2,DEMO-4544,Defibrillator,fb688ffc-1b11-4eff-98f2-9ddc42bee05d
DEMO-DEV-4574,2,DEMO-4574,Patient Monitor,d5382c80-abaa-4a87-b4a1-cb76fb0f264c
DEMO-DEV-4577,2,DEMO-4577,Autoclave,e19c99a4-ade8-4c7f-a494-8746650c680c
DEMO-DEV-4579,2,DEMO-4579,Defibrillator,fb688ffc-1b11-4eff-98f2-9ddc42bee05d
DEMO-DEV-4582,2,DEMO-4582,Patient Monitor,fb688ffc-1b11-4eff-98f2-9ddc42bee05d
DEMO-DEV-4592,2,DEMO-4592,Anesthesia Machine,5221b7d8-06db-4aae-aaff-9bb16ecffd99
DEMO-DEV-4596,2,DEMO-4596,Infusion Pump,d5382c80-abaa-4a87-b4a1-cb76fb0f264c
DEMO-DEV-4597,2,DEMO-4597,Ultrasound System,de1fc8ff-31ca-453a-8e05-4ef6f6344a89
DEMO-DEV-4608,2,DEMO-4608,Ultrasound System,f1bd3fb4-d29a-4a49-a73f-fcb9d140af66
DEMO-DEV-4611,2,DEMO-4611,Defibrillator,fb688ffc-1b11-4eff-98f2-9ddc42bee05d
DEMO-DEV-4618,2,DEMO-4618,Syringe Pump,dbf5de02-231e-458c-9575-ad273ed5f5b8
DEMO-DEV-4619,2,DEMO-4619,ECG Machine,5e9a7ead-ebbc-4d90-9dfa-960b95ff7c32
DEMO-DEV-4635,2,DEMO-4635,Anesthesia Machine,02e6a10b-282c-4bf5-a61a-547e12683222
DEMO-DEV-4653,2,DEMO-4653,Ventilator,dbf5de02-231e-458c-9575-ad273ed5f5b8
DEMO-DEV-4665,2,DEMO-4665,X-Ray System,f1bd3fb4-d29a-4a49-a73f-fcb9d140af66
DEMO-DEV-4669,2,DEMO-4669,Defibrillator,fb688ffc-1b11-4eff-98f2-9ddc42bee05d
DEMO-DEV-4671,2,DEMO-4671,Syringe Pump,d5382c80-abaa-4a87-b4a1-cb76fb0f264c
DEMO-DEV-4677,2,DEMO-4677,Autoclave,7fa95649-4f83-4422-99e3-aecc70af8737
DEMO-DEV-4694,2,DEMO-4694,Ultrasound System,de1fc8ff-31ca-453a-8e05-4ef6f6344a89
DEMO-DEV-4698,2,DEMO-4698,Electrosurgical Unit,02e6a10b-282c-4bf5-a61a-547e12683222
DEMO-DEV-4712,2,DEMO-4712,Anesthesia Machine,5221b7d8-06db-4aae-aaff-9bb16ecffd99
DEMO-DEV-4720,2,DEMO-4720,ECG Machine,5e9a7ead-ebbc-4d90-9dfa-960b95ff7c32
DEMO-DEV-4725,2,DEMO-4725,Anesthesia Machine,dbf5de02-231e-458c-9575-ad273ed5f5b8
DEMO-DEV-4726,2,DEMO-4726,Autoclave,087cb0cc-f07b-4d69-aa97-f0fb17ac6bf5
DEMO-DEV-4747,2,DEMO-4747,Ventilator,dbf5de02-231e-458c-9575-ad273ed5f5b8
DEMO-DEV-4749,2,DEMO-4749,Patient Monitor,d5382c80-abaa-4a87-b4a1-cb76fb0f264c
DEMO-DEV-4752,2,DEMO-4752,ECG Machine,42ee3277-2e48-431d-b386-6ea209c2fcab
DEMO-DEV-4758,2,DEMO-4758,X-Ray System,fb688ffc-1b11-4eff-98f2-9ddc42bee05d
DEMO-DEV-4778,2,DEMO-4778,ECG Machine,5e9a7ead-ebbc-4d90-9dfa-960b95ff7c32
DEMO-DEV-4781,2,DEMO-4781,Syringe Pump,3063f084-58b4-4185-9334-5219ca4fd060
DEMO-DEV-4793,2,DEMO-4793,ECG Machine,3063f084-58b4-4185-9334-5219ca4fd060
DEMO-DEV-4795,2,DEMO-4795,Patient Monitor,02e6a10b-282c-4bf5-a61a-547e12683222
DEMO-DEV-4801,2,DEMO-4801,ECG Machine,5e9a7ead-ebbc-4d90-9dfa-960b95ff7c32
DEMO-DEV-4805,2,DEMO-4805,Infusion Pump,fb688ffc-1b11-4eff-98f2-9ddc42bee05d
DEMO-DEV-4807,2,DEMO-4807,X-Ray System,f1bd3fb4-d29a-4a49-a73f-fcb9d140af66
DEMO-DEV-4808,2,DEMO-4808,Ultrasound System,de1fc8ff-31ca-453a-8e05-4ef6f6344a89
DEMO-DEV-4827,2,DEMO-4827,Electrosurgical Unit,8e27f500-7d94-4ee5-be36-9f990b34e092
DEMO-DEV-4828,2,DEMO-4828,Patient Monitor,02e6a10b-282c-4bf5-a61a-547e12683222
DEMO-DEV-4830,2,DEMO-4830,Autoclave,7fa95649-4f83-4422-99e3-aecc70af8737
DEMO-DEV-4839,2,DEMO-4839,Defibrillator,fb688ffc-1b11-4eff-98f2-9ddc42bee05d
DEMO-DEV-4845,2,DEMO-4845,Ventilator,fb688ffc-1b11-4eff-98f2-9ddc42bee05d
DEMO-DEV-4849,2,DEMO-4849,Autoclave,087cb0cc-f07b-4d69-aa97-f0fb17ac6bf5
DEMO-DEV-4854,2,DEMO-4854,Electrosurgical Unit,053d4a00-e594-4305-ae71-a96c95a13530
DEMO-DEV-4858,2,DEMO-4858,Electrosurgical Unit,087cb0cc-f07b-4d69-aa97-f0fb17ac6bf5
DEMO-DEV-4866,2,DEMO-4866,Patient Monitor,fb688ffc-1b11-4eff-98f2-9ddc42bee05d
DEMO-DEV-4873,2,DEMO-4873,ECG Machine,3063f084-58b4-4185-9334-5219ca4fd060
DEMO-DEV-4875,2,DEMO-4875,Anesthesia Machine,5efa96ef-94e4-475f-ab85-574e4e8366bd
DEMO-DEV-4882,2,DEMO-4882,Ultrasound System,f1bd3fb4-d29a-4a49-a73f-fcb9d140af66
DEMO-DEV-4890,2,DEMO-4890,ECG Machine,fb688ffc-1b11-4eff-98f2-9ddc42bee05d
DEMO-DEV-4902,2,DEMO-4902,ECG Machine,5e9a7ead-ebbc-4d90-9dfa-960b95ff7c32
DEMO-DEV-4905,2,DEMO-4905,X-Ray System,f1bd3fb4-d29a-4a49-a73f-fcb9d140af66
DEMO-DEV-4912,2,DEMO-4912,Defibrillator,fb688ffc-1b11-4eff-98f2-9ddc42bee05d
DEMO-DEV-4927,2,DEMO-4927,Defibrillator,fb688ffc-1b11-4eff-98f2-9ddc42bee05d
DEMO-DEV-4928,2,DEMO-4928,Electrosurgical Unit,8e27f500-7d94-4ee5-be36-9f990b34e092
DEMO-DEV-4940,2,DEMO-4940,Anesthesia Machine,5221b7d8-06db-4aae-aaff-9bb16ecffd99
DEMO-DEV-4943,2,DEMO-4943,Syringe Pump,dbf5de02-231e-458c-9575-ad273ed5f5b8
DEMO-DEV-4967,2,DEMO-4967,Infusion Pump,3abaabf6-cb3c-4665-9bf7-51e15d6b83a6
DEMO-DEV-4973,2,DEMO-4973,Electrosurgical Unit,5221b7d8-06db-4aae-aaff-9bb16ecffd99
DEMO-DEV-4975,2,DEMO-4975,Anesthesia Machine,f1bd3fb4-d29a-4a49-a73f-fcb9d140af66
DEMO-DEV-4976,2,DEMO-4976,Defibrillator,fb688ffc-1b11-4eff-98f2-9ddc42bee05d
DEMO-DEV-4979,2,DEMO-4979,Autoclave,e19c99a4-ade8-4c7f-a494-8746650c680c
DEMO-DEV-4984,2,DEMO-4984,Electrosurgical Unit,5221b7d8-06db-4aae-aaff-9bb16ecffd99
DEMO-DEV-4995,2,DEMO-4995,Electrosurgical Unit,5221b7d8-06db-4aae-aaff-9bb16ecffd99
DEMO-DEV-5014,2,DEMO-5014,Defibrillator,fb688ffc-1b11-4eff-98f2-9ddc42bee05d
DEMO-DEV-5018,2,DEMO-5018,Ventilator,fb688ffc-1b11-4eff-98f2-9ddc42bee05d
DEMO-DEV-5032,2,DEMO-5032,Patient Monitor,fb688ffc-1b11-4eff-98f2-9ddc42bee05d
DEMO-DEV-5035,2,DEMO-5035,X-Ray System,fb688ffc-1b11-4eff-98f2-9ddc42bee05d
DEMO-DEV-5040,2,DEMO-5040,Infusion Pump,8e27f500-7d94-4ee5-be36-9f990b34e092
DEMO-DEV-5042,2,DEMO-5042,Defibrillator,fb688ffc-1b11-4eff-98f2-9ddc42bee05d
DEMO-DEV-5043,2,DEMO-5043,Ventilator,fb688ffc-1b11-4eff-98f2-9ddc42bee05d
DEMO-DEV-5058,2,DEMO-5058,Ultrasound System,de1fc8ff-31ca-453a-8e05-4ef6f6344a89
DEMO-DEV-5067,2,DEMO-5067,Pulse Oximeter,fb688ffc-1b11-4eff-98f2-9ddc42bee05d
DEMO-DEV-5073,2,DEMO-5073,Infusion Pump,fb688ffc-1b11-4eff-98f2-9ddc42bee05d
DEMO-DEV-5084,2,DEMO-5084,Ventilator,dbf5de02-231e-458c-9575-ad273ed5f5b8
DEMO-DEV-5087,2,DEMO-5087,X-Ray System,fb688ffc-1b11-4eff-98f2-9ddc42bee05d
DEMO-DEV-5088,2,DEMO-5088,ECG Machine,3063f084-58b4-4185-9334-5219ca4fd060
DEMO-DEV-5091,2,DEMO-5091,Pulse Oximeter,3063f084-58b4-4185-9334-5219ca4fd060
DEMO-DEV-5105,2,DEMO-5105,X-Ray System,fb688ffc-1b11-4eff-98f2-9ddc42bee05d
DEMO-DEV-5108,2,DEMO-5108,ECG Machine,fb688ffc-1b11-4eff-98f2-9ddc42bee05d
DEMO-DEV-5114,2,DEMO-5114,X-Ray System,f1bd3fb4-d29a-4a49-a73f-fcb9d140af66
DEMO-DEV-5119,2,DEMO-5119,Syringe Pump,d5382c80-abaa-4a87-b4a1-cb76fb0f264c
DEMO-DEV-5127,2,DEMO-5127,X-Ray System,f1bd3fb4-d29a-4a49-a73f-fcb9d140af66
DEMO-DEV-5130,2,DEMO-5130,Anesthesia Machine,4aa84ab5-5871-45cf-84b9-0fff65358075
DEMO-DEV-5135,2,DEMO-5135,ECG Machine,fb688ffc-1b11-4eff-98f2-9ddc42bee05d
DEMO-DEV-5140,2,DEMO-5140,Syringe Pump,3063f084-58b4-4185-9334-5219ca4fd060
DEMO-DEV-5142,2,DEMO-5142,Patient Monitor,fb688ffc-1b11-4eff-98f2-9ddc42bee05d
DEMO-DEV-5157,2,DEMO-5157,Ventilator,fb688ffc-1b11-4eff-98f2-9ddc42bee05d
DEMO-DEV-5160,2,DEMO-5160,Syringe Pump,dbf5de02-231e-458c-9575-ad273ed5f5b8
DEMO-DEV-5171,2,DEMO-5171,Autoclave,7fa95649-4f83-4422-99e3-aecc70af8737
DEMO-DEV-5172,2,DEMO-5172,Infusion Pump,d5382c80-abaa-4a87-b4a1-cb76fb0f264c
DEMO-DEV-5184,2,DEMO-5184,Ultrasound System,42ee3277-2e48-431d-b386-6ea209c2fcab
DEMO-DEV-5189,2,DEMO-5189,Defibrillator,fb688ffc-1b11-4eff-98f2-9ddc42bee05d
DEMO-DEV-5191,2,DEMO-5191,Infusion Pump,3abaabf6-cb3c-4665-9bf7-51e15d6b83a6
DEMO-DEV-5206,2,DEMO-5206,ECG Machine,42ee3277-2e48-431d-b386-6ea209c2fcab
DEMO-DEV-5210,2,DEMO-5210,Ultrasound System,f1bd3fb4-d29a-4a49-a73f-fcb9d140af66
DEMO-DEV-5222,2,DEMO-5222,Infusion Pump,fb688ffc-1b11-4eff-98f2-9ddc42bee05d
DEMO-DEV-5227,2,DEMO-5227,Syringe Pump,d5382c80-abaa-4a87-b4a1-cb76fb0f264c
DEMO-DEV-5236,2,DEMO-5236,Defibrillator,fb688ffc-1b11-4eff-98f2-9ddc42bee05d
DEMO-DEV-5237,2,DEMO-5237,Syringe Pump,d5382c80-abaa-4a87-b4a1-cb76fb0f264c
DEMO-DEV-5243,2,DEMO-5243,ECG Machine,5e9a7ead-ebbc-4d90-9dfa-960b95ff7c32
DEMO-DEV-5250,2,DEMO-5250,Anesthesia Machine,3063f084-58b4-4185-9334-5219ca4fd060
DEMO-DEV-5253,2,DEMO-5253,Pulse Oximeter,3063f084-58b4-4185-9334-5219ca4fd060
DEMO-DEV-5256,2,DEMO-5256,ECG Machine,42ee3277-2e48-431d-b386-6ea209c2fcab
DEMO-DEV-5262,2,DEMO-5262,Patient Monitor,3063f084-58b4-4185-9334-5219ca4fd060
DEMO-DEV-5264,2,DEMO-5264,Defibrillator,fb688ffc-1b11-4eff-98f2-9ddc42bee05d
DEMO-DEV-5268,2,DEMO-5268,ECG Machine,fb688ffc-1b11-4eff-98f2-9ddc42bee05d
DEMO-DEV-5273,2,DEMO-5273,Autoclave,087cb0cc-f07b-4d69-aa97-f0fb17ac6bf5
DEMO-DEV-5274,2,DEMO-5274,ECG Machine,d5382c80-abaa-4a87-b4a1-cb76fb0f264c
DEMO-DEV-5277,2,DEMO-5277,X-Ray System,fb688ffc-1b11-4eff-98f2-9ddc42bee05d
DEMO-DEV-5279,2,DEMO-5279,Electrosurgical Unit,8e27f500-7d94-4ee5-be36-9f990b34e092
DEMO-DEV-5318,2,DEMO-5318,Autoclave,7fa95649-4f83-4422-99e3-aecc70af8737
DEMO-DEV-5320,2,DEMO-5320,Ventilator,dbf5de02-231e-458c-9575-ad273ed5f5b8
DEMO-DEV-5323,2,DEMO-5323,Patient Monitor,8e27f500-7d94-4ee5-be36-9f990b34e092
DEMO-DEV-5336,2,DEMO-5336,Infusion Pump,02e6a10b-282c-4bf5-a61a-547e12683222
DEMO-DEV-5338,2,DEMO-5338,ECG Machine,3063f084-58b4-4185-9334-5219ca4fd060
DEMO-DEV-5348,2,DEMO-5348,ECG Machine,5e9a7ead-ebbc-4d90-9dfa-960b95ff7c32
DEMO-DEV-5377,2,DEMO-5377,Anesthesia Machine,e19c99a4-ade8-4c7f-a494-8746650c680c
DEMO-DEV-5392,2,DEMO-5392,Ultrasound System,f1bd3fb4-d29a-4a49-a73f-fcb9d140af66
DEMO-DEV-5393,2,DEMO-5393,Ventilator,fb688ffc-1b11-4eff-98f2-9ddc42bee05d
DEMO-DEV-5398,2,DEMO-5398,Ultrasound System,42ee3277-2e48-431d-b386-6ea209c2fcab
DEMO-DEV-5401,2,DEMO-5401,Ventilator,dbf5de02-231e-458c-9575-ad273ed5f5b8
DEMO-DEV-5405,2,DEMO-5405,Syringe Pump,3063f084-58b4-4185-9334-5219ca4fd060
DEMO-DEV-5412,2,DEMO-5412,Autoclave,e19c99a4-ade8-4c7f-a494-8746650c680c
DEMO-DEV-5430,2,DEMO-5430,Anesthesia Machine,42ee3277-2e48-431d-b386-6ea209c2fcab
DEMO-DEV-5468,2,DEMO-5468,Defibrillator,fb688ffc-1b11-4eff-98f2-9ddc42bee05d
DEMO-DEV-5478,2,DEMO-5478,Patient Monitor,fb688ffc-1b11-4eff-98f2-9ddc42bee05d
DEMO-DEV-5486,2,DEMO-5486,Patient Monitor,d5382c80-abaa-4a87-b4a1-cb76fb0f264c
DEMO-DEV-5503,2,DEMO-5503,Infusion Pump,3abaabf6-cb3c-4665-9bf7-51e15d6b83a6
DEMO-DEV-5510,2,DEMO-5510,Syringe Pump,3abaabf6-cb3c-4665-9bf7-51e15d6b83a6
DEMO-DEV-5516,2,DEMO-5516,Anesthesia Machine,35abc5ec-fbe4-40a6-8752-2cba3fb328ba
DEMO-DEV-5526,2,DEMO-5526,Infusion Pump,dbf5de02-231e-458c-9575-ad273ed5f5b8
DEMO-DEV-5530,2,DEMO-5530,Electrosurgical Unit,7fa95649-4f83-4422-99e3-aecc70af8737
DEMO-DEV-5533,2,DEMO-5533,Patient Monitor,5221b7d8-06db-4aae-aaff-9bb16ecffd99
DEMO-DEV-5535,2,DEMO-5535,Pulse Oximeter,dbf5de02-231e-458c-9575-ad273ed5f5b8
DEMO-DEV-5538,2,DEMO-5538,Patient Monitor,3063f084-58b4-4185-9334-5219ca4fd060
DEMO-DEV-5545,2,DEMO-5545,Syringe Pump,3063f084-58b4-4185-9334-5219ca4fd060
DEMO-DEV-5546,2,DEMO-5546,Anesthesia Machine,7fa95649-4f83-4422-99e3-aecc70af8737
DEMO-DEV-5561,2,DEMO-5561,Pulse Oximeter,3063f084-58b4-4185-9334-5219ca4fd060
DEMO-DEV-5570,2,DEMO-5570,Syringe Pump,d5382c80-abaa-4a87-b4a1-cb76fb0f264c
DEMO-DEV-5576,2,DEMO-5576,Pulse Oximeter,d5382c80-abaa-4a87-b4a1-cb76fb0f264c
DEMO-DEV-5577,2,DEMO-5577,Infusion Pump,d5382c80-abaa-4a87-b4a1-cb76fb0f264c
DEMO-DEV-5579,2,DEMO-5579,Defibrillator,fb688ffc-1b11-4eff-98f2-9ddc42bee05d
DEMO-DEV-5582,2,DEMO-5582,Patient Monitor,3063f084-58b4-4185-9334-5219ca4fd060
DEMO-DEV-5589,2,DEMO-5589,Ventilator,fb688ffc-1b11-4eff-98f2-9ddc42bee05d
DEMO-DEV-5596,2,DEMO-5596,Ultrasound System,de1fc8ff-31ca-453a-8e05-4ef6f6344a89
DEMO-DEV-5606,2,DEMO-5606,Anesthesia Machine,4aa84ab5-5871-45cf-84b9-0fff65358075
DEMO-DEV-5607,2,DEMO-5607,Ultrasound System,de1fc8ff-31ca-453a-8e05-4ef6f6344a89
DEMO-DEV-5621,2,DEMO-5621,Ultrasound System,de1fc8ff-31ca-453a-8e05-4ef6f6344a89
DEMO-DEV-5626,2,DEMO-5626,Pulse Oximeter,dbf5de02-231e-458c-9575-ad273ed5f5b8
DEMO-DEV-5635,2,DEMO-5635,Syringe Pump,5e9a7ead-ebbc-4d90-9dfa-960b95ff7c32
DEMO-DEV-5639,2,DEMO-5639,Autoclave,7fa95649-4f83-4422-99e3-aecc70af8737
DEMO-DEV-5641,2,DEMO-5641,Electrosurgical Unit,02e6a10b-282c-4bf5-a61a-547e12683222
DEMO-DEV-5650,2,DEMO-5650,Ventilator,fb688ffc-1b11-4eff-98f2-9ddc42bee05d
DEMO-DEV-5660,2,DEMO-5660,Electrosurgical Unit,5221b7d8-06db-4aae-aaff-9bb16ecffd99
DEMO-DEV-5663,2,DEMO-5663,Defibrillator,fb688ffc-1b11-4eff-98f2-9ddc42bee05d
DEMO-DEV-5667,2,DEMO-5667,Pulse Oximeter,d5382c80-abaa-4a87-b4a1-cb76fb0f264c
DEMO-DEV-5673,2,DEMO-5673,Ultrasound System,f1bd3fb4-d29a-4a49-a73f-fcb9d140af66
DEMO-DEV-5680,2,DEMO-5680,Electrosurgical Unit,5221b7d8-06db-4aae-aaff-9bb16ecffd99
DEMO-DEV-5693,2,DEMO-5693,Defibrillator,fb688ffc-1b11-4eff-98f2-9ddc42bee05d
DEMO-DEV-5695,2,DEMO-5695,Syringe Pump,3abaabf6-cb3c-4665-9bf7-51e15d6b83a6
DEMO-DEV-5697,2,DEMO-5697,Infusion Pump,d5382c80-abaa-4a87-b4a1-cb76fb0f264c
DEMO-DEV-5698,2,DEMO-5698,ECG Machine,42ee3277-2e48-431d-b386-6ea209c2fcab
DEMO-DEV-5699,2,DEMO-5699,Infusion Pump,5e9a7ead-ebbc-4d90-9dfa-960b95ff7c32
DEMO-DEV-5705,2,DEMO-5705,ECG Machine,5e9a7ead-ebbc-4d90-9dfa-960b95ff7c32
DEMO-DEV-5733,2,DEMO-5733,Autoclave,087cb0cc-f07b-4d69-aa97-f0fb17ac6bf5
DEMO-DEV-5737,2,DEMO-5737,Autoclave,e19c99a4-ade8-4c7f-a494-8746650c680c
DEMO-DEV-5742,2,DEMO-5742,Anesthesia Machine,5221b7d8-06db-4aae-aaff-9bb16ecffd99
DEMO-DEV-5757,2,DEMO-5757,Defibrillator,fb688ffc-1b11-4eff-98f2-9ddc42bee05d
DEMO-DEV-5760,2,DEMO-5760,Syringe Pump,5e9a7ead-ebbc-4d90-9dfa-960b95ff7c32
DEMO-DEV-5762,2,DEMO-5762,Patient Monitor,3063f084-58b4-4185-9334-5219ca4fd060
DEMO-DEV-5764,2,DEMO-5764,Syringe Pump,3abaabf6-cb3c-4665-9bf7-51e15d6b83a6
DEMO-DEV-5765,2,DEMO-5765,Autoclave,7fa95649-4f83-4422-99e3-aecc70af8737
DEMO-DEV-5767,2,DEMO-5767,Electrosurgical Unit,053d4a00-e594-4305-ae71-a96c95a13530
DEMO-DEV-5770,2,DEMO-5770,X-Ray System,fb688ffc-1b11-4eff-98f2-9ddc42bee05d
DEMO-DEV-5790,2,DEMO-5790,Patient Monitor,8e27f500-7d94-4ee5-be36-9f990b34e092
DEMO-DEV-5792,2,DEMO-5792,Electrosurgical Unit,02e6a10b-282c-4bf5-a61a-547e12683222
DEMO-DEV-5803,2,DEMO-5803,Syringe Pump,3063f084-58b4-4185-9334-5219ca4fd060
DEMO-DEV-5805,2,DEMO-5805,Infusion Pump,5221b7d8-06db-4aae-aaff-9bb16ecffd99
DEMO-DEV-5806,2,DEMO-5806,X-Ray System,fb688ffc-1b11-4eff-98f2-9ddc42bee05d
DEMO-DEV-5826,2,DEMO-5826,Autoclave,087cb0cc-f07b-4d69-aa97-f0fb17ac6bf5
DEMO-DEV-5827,2,DEMO-5827,Patient Monitor,5e9a7ead-ebbc-4d90-9dfa-960b95ff7c32
DEMO-DEV-5830,2,DEMO-5830,Patient Monitor,5221b7d8-06db-4aae-aaff-9bb16ecffd99
DEMO-DEV-5831,2,DEMO-5831,Pulse Oximeter,d5382c80-abaa-4a87-b4a1-cb76fb0f264c
DEMO-DEV-5834,2,DEMO-5834,Syringe Pump,5e9a7ead-ebbc-4d90-9dfa-960b95ff7c32
DEMO-DEV-5838,2,DEMO-5838,Pulse Oximeter,fb688ffc-1b11-4eff-98f2-9ddc42bee05d
DEMO-DEV-5852,2,DEMO-5852,Pulse Oximeter,42ee3277-2e48-431d-b386-6ea209c2fcab
DEMO-DEV-5855,2,DEMO-5855,Ultrasound System,42ee3277-2e48-431d-b386-6ea209c2fcab
DEMO-DEV-5866,2,DEMO-5866,Ventilator,dbf5de02-231e-458c-9575-ad273ed5f5b8
DEMO-DEV-5869,2,DEMO-5869,Patient Monitor,02e6a10b-282c-4bf5-a61a-547e12683222
DEMO-DEV-5876,2,DEMO-5876,Syringe Pump,dbf5de02-231e-458c-9575-ad273ed5f5b8
DEMO-DEV-5877,2,DEMO-5877,X-Ray System,fb688ffc-1b11-4eff-98f2-9ddc42bee05d
DEMO-DEV-5885,2,DEMO-5885,Patient Monitor,fb688ffc-1b11-4eff-98f2-9ddc42bee05d
DEMO-DEV-5888,2,DEMO-5888,ECG Machine,d5382c80-abaa-4a87-b4a1-cb76fb0f264c
DEMO-DEV-5895,2,DEMO-5895,Autoclave,087cb0cc-f07b-4d69-aa97-f0fb17ac6bf5
DEMO-DEV-5901,2,DEMO-5901,Infusion Pump,3063f084-58b4-4185-9334-5219ca4fd060
DEMO-DEV-5910,2,DEMO-5910,Ultrasound System,de1fc8ff-31ca-453a-8e05-4ef6f6344a89
DEMO-DEV-5911,2,DEMO-5911,X-Ray System,f1bd3fb4-d29a-4a49-a73f-fcb9d140af66
DEMO-DEV-5922,2,DEMO-5922,Ultrasound System,f1bd3fb4-d29a-4a49-a73f-fcb9d140af66
DEMO-DEV-5924,2,DEMO-5924,Ultrasound System,f1bd3fb4-d29a-4a49-a73f-fcb9d140af66
DEMO-DEV-5927,2,DEMO-5927,Syringe Pump,3063f084-58b4-4185-9334-5219ca4fd060
DEMO-DEV-5928,2,DEMO-5928,Patient Monitor,3063f084-58b4-4185-9334-5219ca4fd060
DEMO-DEV-5938,2,DEMO-5938,Patient Monitor,fb688ffc-1b11-4eff-98f2-9ddc42bee05d
DEMO-DEV-5940,2,DEMO-5940,Patient Monitor,5e9a7ead-ebbc-4d90-9dfa-960b95ff7c32
DEMO-DEV-5941,2,DEMO-5941,Anesthesia Machine,fb688ffc-1b11-4eff-98f2-9ddc42bee05d
DEMO-DEV-5944,2,DEMO-5944,X-Ray System,fb688ffc-1b11-4eff-98f2-9ddc42bee05d
DEMO-DEV-5955,2,DEMO-5955,Infusion Pump,02e6a10b-282c-4bf5-a61a-547e12683222
DEMO-DEV-5957,2,DEMO-5957,Patient Monitor,fb688ffc-1b11-4eff-98f2-9ddc42bee05d
DEMO-DEV-5959,2,DEMO-5959,Pulse Oximeter,dbf5de02-231e-458c-9575-ad273ed5f5b8
DEMO-DEV-5961,2,DEMO-5961,Ventilator,dbf5de02-231e-458c-9575-ad273ed5f5b8
DEMO-DEV-5966,2,DEMO-5966,ECG Machine,5e9a7ead-ebbc-4d90-9dfa-960b95ff7c32
DEMO-DEV-5967,2,DEMO-5967,Ventilator,dbf5de02-231e-458c-9575-ad273ed5f5b8
DEMO-DEV-5978,2,DEMO-5978,Electrosurgical Unit,053d4a00-e594-4305-ae71-a96c95a13530
DEMO-DEV-5979,2,DEMO-5979,Infusion Pump,d5382c80-abaa-4a87-b4a1-cb76fb0f264c
DEMO-DEV-5985,2,DEMO-5985,Patient Monitor,fb688ffc-1b11-4eff-98f2-9ddc42bee05d
DEMO-DEV-5992,2,DEMO-5992,ECG Machine,3063f084-58b4-4185-9334-5219ca4fd060
DEMO-DEV-5996,2,DEMO-5996,Patient Monitor,fb688ffc-1b11-4eff-98f2-9ddc42bee05d
DEMO-DEV-5997,2,DEMO-5997,Defibrillator,fb688ffc-1b11-4eff-98f2-9ddc42bee05d
DEMO-DEV-6009,2,DEMO-6009,Infusion Pump,5221b7d8-06db-4aae-aaff-9bb16ecffd99
DEMO-DEV-6010,2,DEMO-6010,Syringe Pump,3abaabf6-cb3c-4665-9bf7-51e15d6b83a6
DEMO-DEV-6011,2,DEMO-6011,Defibrillator,fb688ffc-1b11-4eff-98f2-9ddc42bee05d
DEMO-DEV-6021,2,DEMO-6021,Pulse Oximeter,d5382c80-abaa-4a87-b4a1-cb76fb0f264c
DEMO-DEV-6032,2,DEMO-6032,Ultrasound System,42ee3277-2e48-431d-b386-6ea209c2fcab
DEMO-DEV-6048,2,DEMO-6048,ECG Machine,5e9a7ead-ebbc-4d90-9dfa-960b95ff7c32
DEMO-DEV-6051,2,DEMO-6051,ECG Machine,42ee3277-2e48-431d-b386-6ea209c2fcab
DEMO-DEV-6059,2,DEMO-6059,Electrosurgical Unit,de1fc8ff-31ca-453a-8e05-4ef6f6344a89
DEMO-DEV-6063,2,DEMO-6063,Autoclave,e19c99a4-ade8-4c7f-a494-8746650c680c
DEMO-DEV-6067,2,DEMO-6067,Anesthesia Machine,e19c99a4-ade8-4c7f-a494-8746650c680c
DEMO-DEV-6069,2,DEMO-6069,X-Ray System,f1bd3fb4-d29a-4a49-a73f-fcb9d140af66
DEMO-DEV-6076,2,DEMO-6076,Pulse Oximeter,42ee3277-2e48-431d-b386-6ea209c2fcab
DEMO-DEV-6080,2,DEMO-6080,Patient Monitor,5e9a7ead-ebbc-4d90-9dfa-960b95ff7c32
DEMO-DEV-6082,2,DEMO-6082,Ultrasound System,f1bd3fb4-d29a-4a49-a73f-fcb9d140af66
DEMO-DEV-6088,2,DEMO-6088,Autoclave,e19c99a4-ade8-4c7f-a494-8746650c680c
DEMO-DEV-6096,2,DEMO-6096,Autoclave,087cb0cc-f07b-4d69-aa97-f0fb17ac6bf5
DEMO-DEV-6097,2,DEMO-6097,Anesthesia Machine,8e27f500-7d94-4ee5-be36-9f990b34e092
DEMO-DEV-6112,2,DEMO-6112,ECG Machine,fb688ffc-1b11-4eff-98f2-9ddc42bee05d
DEMO-DEV-6119,2,DEMO-6119,Syringe Pump,dbf5de02-231e-458c-9575-ad273ed5f5b8
DEMO-DEV-6121,2,DEMO-6121,Pulse Oximeter,42ee3277-2e48-431d-b386-6ea209c2fcab
DEMO-DEV-6123,2,DEMO-6123,Patient Monitor,5e9a7ead-ebbc-4d90-9dfa-960b95ff7c32
DEMO-DEV-6129,2,DEMO-6129,ECG Machine,d5382c80-abaa-4a87-b4a1-cb76fb0f264c
DEMO-DEV-6131,2,DEMO-6131,Ultrasound System,de1fc8ff-31ca-453a-8e05-4ef6f6344a89
DEMO-DEV-6139,2,DEMO-6139,Anesthesia Machine,5cbbfa1e-37f3-448b-a3bd-d3f30054ca16
DEMO-DEV-6151,2,DEMO-6151,Autoclave,7fa95649-4f83-4422-99e3-aecc70af8737
DEMO-DEV-6152,2,DEMO-6152,Ventilator,fb688ffc-1b11-4eff-98f2-9ddc42bee05d
DEMO-DEV-6160,2,DEMO-6160,Anesthesia Machine,5e9a7ead-ebbc-4d90-9dfa-960b95ff7c32
DEMO-DEV-6167,2,DEMO-6167,Autoclave,e19c99a4-ade8-4c7f-a494-8746650c680c
DEMO-DEV-6170,2,DEMO-6170,ECG Machine,d5382c80-abaa-4a87-b4a1-cb76fb0f264c
DEMO-DEV-6194,2,DEMO-6194,Pulse Oximeter,42ee3277-2e48-431d-b386-6ea209c2fcab
DEMO-DEV-6201,2,DEMO-6201,Anesthesia Machine,8e27f500-7d94-4ee5-be36-9f990b34e092
DEMO-DEV-6202,2,DEMO-6202,Syringe Pump,fb688ffc-1b11-4eff-98f2-9ddc42bee05d
DEMO-DEV-6204,2,DEMO-6204,ECG Machine,42ee3277-2e48-431d-b386-6ea209c2fcab
DEMO-DEV-6205,2,DEMO-6205,X-Ray System,fb688ffc-1b11-4eff-98f2-9ddc42bee05d
DEMO-DEV-6206,2,DEMO-6206,Syringe Pump,dbf5de02-231e-458c-9575-ad273ed5f5b8
DEMO-DEV-6223,2,DEMO-6223,Autoclave,7fa95649-4f83-4422-99e3-aecc70af8737
DEMO-DEV-6224,2,DEMO-6224,ECG Machine,5e9a7ead-ebbc-4d90-9dfa-960b95ff7c32
DEMO-DEV-6232,2,DEMO-6232,Infusion Pump,fb688ffc-1b11-4eff-98f2-9ddc42bee05d
DEMO-DEV-6233,2,DEMO-6233,Defibrillator,fb688ffc-1b11-4eff-98f2-9ddc42bee05d
DEMO-DEV-6244,2,DEMO-6244,Autoclave,e19c99a4-ade8-4c7f-a494-8746650c680c
DEMO-DEV-6255,2,DEMO-6255,Ventilator,fb688ffc-1b11-4eff-98f2-9ddc42bee05d
DEMO-DEV-6257,2,DEMO-6257,ECG Machine,d5382c80-abaa-4a87-b4a1-cb76fb0f264c
DEMO-DEV-6260,2,DEMO-6260,ECG Machine,d5382c80-abaa-4a87-b4a1-cb76fb0f264c
DEMO-DEV-6263,2,DEMO-6263,Ultrasound System,de1fc8ff-31ca-453a-8e05-4ef6f6344a89
DEMO-DEV-6265,2,DEMO-6265,Ultrasound System,f1bd3fb4-d29a-4a49-a73f-fcb9d140af66
DEMO-DEV-6270,2,DEMO-6270,Pulse Oximeter,3063f084-58b4-4185-9334-5219ca4fd060
DEMO-DEV-6280,2,DEMO-6280,Pulse Oximeter,5e9a7ead-ebbc-4d90-9dfa-960b95ff7c32
DEMO-DEV-6288,2,DEMO-6288,Infusion Pump,02e6a10b-282c-4bf5-a61a-547e12683222
DEMO-DEV-6293,2,DEMO-6293,Syringe Pump,3063f084-58b4-4185-9334-5219ca4fd060
DEMO-DEV-6300,2,DEMO-6300,X-Ray System,f1bd3fb4-d29a-4a49-a73f-fcb9d140af66
DEMO-DEV-6301,2,DEMO-6301,Pulse Oximeter,dbf5de02-231e-458c-9575-ad273ed5f5b8
DEMO-DEV-6302,2,DEMO-6302,X-Ray System,fb688ffc-1b11-4eff-98f2-9ddc42bee05d
DEMO-DEV-6320,2,DEMO-6320,Patient Monitor,fb688ffc-1b11-4eff-98f2-9ddc42bee05d
DEMO-DEV-6325,2,DEMO-6325,Defibrillator,fb688ffc-1b11-4eff-98f2-9ddc42bee05d
DEMO-DEV-6345,2,DEMO-6345,Pulse Oximeter,3063f084-58b4-4185-9334-5219ca4fd060
DEMO-DEV-6354,2,DEMO-6354,Anesthesia Machine,5efa96ef-94e4-475f-ab85-574e4e8366bd
DEMO-DEV-6358,2,DEMO-6358,X-Ray System,fb688ffc-1b11-4eff-98f2-9ddc42bee05d
DEMO-DEV-6366,2,DEMO-6366,Ventilator,fb688ffc-1b11-4eff-98f2-9ddc42bee05d
DEMO-DEV-6367,2,DEMO-6367,Anesthesia Machine,7fa95649-4f83-4422-99e3-aecc70af8737
DEMO-DEV-6368,2,DEMO-6368,Pulse Oximeter,fb688ffc-1b11-4eff-98f2-9ddc42bee05d
DEMO-DEV-6374,2,DEMO-6374,Autoclave,e19c99a4-ade8-4c7f-a494-8746650c680c
DEMO-DEV-6377,2,DEMO-6377,Electrosurgical Unit,02e6a10b-282c-4bf5-a61a-547e12683222
DEMO-DEV-6383,2,DEMO-6383,X-Ray System,f1bd3fb4-d29a-4a49-a73f-fcb9d140af66
DEMO-DEV-6389,2,DEMO-6389,Defibrillator,fb688ffc-1b11-4eff-98f2-9ddc42bee05d
DEMO-DEV-6402,2,DEMO-6402,Autoclave,087cb0cc-f07b-4d69-aa97-f0fb17ac6bf5
DEMO-DEV-6410,2,DEMO-6410,Anesthesia Machine,fb688ffc-1b11-4eff-98f2-9ddc42bee05d
DEMO-DEV-6413,2,DEMO-6413,Autoclave,e19c99a4-ade8-4c7f-a494-8746650c680c
DEMO-DEV-6422,2,DEMO-6422,Electrosurgical Unit,087cb0cc-f07b-4d69-aa97-f0fb17ac6bf5
DEMO-DEV-6423,2,DEMO-6423,Anesthesia Machine,e19c99a4-ade8-4c7f-a494-8746650c680c
DEMO-DEV-6424,2,DEMO-6424,Ultrasound System,42ee3277-2e48-431d-b386-6ea209c2fcab
DEMO-DEV-6426,2,DEMO-6426,Autoclave,7fa95649-4f83-4422-99e3-aecc70af8737
DEMO-DEV-6431,2,DEMO-6431,Pulse Oximeter,dbf5de02-231e-458c-9575-ad273ed5f5b8
DEMO-DEV-6454,2,DEMO-6454,X-Ray System,f1bd3fb4-d29a-4a49-a73f-fcb9d140af66
DEMO-DEV-6464,2,DEMO-6464,Syringe Pump,dbf5de02-231e-458c-9575-ad273ed5f5b8
DEMO-DEV-6472,2,DEMO-6472,Ultrasound System,f1bd3fb4-d29a-4a49-a73f-fcb9d140af66
DEMO-DEV-6485,2,DEMO-6485,Autoclave,087cb0cc-f07b-4d69-aa97-f0fb17ac6bf5
DEMO-DEV-6486,2,DEMO-6486,Patient Monitor,3063f084-58b4-4185-9334-5219ca4fd060
DEMO-DEV-6488,2,DEMO-6488,Defibrillator,fb688ffc-1b11-4eff-98f2-9ddc42bee05d
DEMO-DEV-6490,2,DEMO-6490,Ventilator,fb688ffc-1b11-4eff-98f2-9ddc42bee05d
DEMO-DEV-6493,2,DEMO-6493,Autoclave,7fa95649-4f83-4422-99e3-aecc70af8737
DEMO-DEV-6505,2,DEMO-6505,Defibrillator,fb688ffc-1b11-4eff-98f2-9ddc42bee05d
DEMO-DEV-6524,2,DEMO-6524,Electrosurgical Unit,5221b7d8-06db-4aae-aaff-9bb16ecffd99
DEMO-DEV-6525,2,DEMO-6525,Electrosurgical Unit,02e6a10b-282c-4bf5-a61a-547e12683222
DEMO-DEV-6552,2,DEMO-6552,Ultrasound System,de1fc8ff-31ca-453a-8e05-4ef6f6344a89
DEMO-DEV-6558,2,DEMO-6558,X-Ray System,f1bd3fb4-d29a-4a49-a73f-fcb9d140af66
DEMO-DEV-6560,2,DEMO-6560,Infusion Pump,3063f084-58b4-4185-9334-5219ca4fd060
DEMO-DEV-6562,2,DEMO-6562,Autoclave,e19c99a4-ade8-4c7f-a494-8746650c680c
DEMO-DEV-6573,2,DEMO-6573,Electrosurgical Unit,5221b7d8-06db-4aae-aaff-9bb16ecffd99
DEMO-DEV-6575,2,DEMO-6575,Ventilator,dbf5de02-231e-458c-9575-ad273ed5f5b8
DEMO-DEV-6582,2,DEMO-6582,Patient Monitor,5e9a7ead-ebbc-4d90-9dfa-960b95ff7c32
DEMO-DEV-6584,2,DEMO-6584,ECG Machine,42ee3277-2e48-431d-b386-6ea209c2fcab
DEMO-DEV-6587,2,DEMO-6587,Pulse Oximeter,42ee3277-2e48-431d-b386-6ea209c2fcab
DEMO-DEV-6592,2,DEMO-6592,Syringe Pump,fb688ffc-1b11-4eff-98f2-9ddc42bee05d
DEMO-DEV-6600,2,DEMO-6600,Syringe Pump,3063f084-58b4-4185-9334-5219ca4fd060
DEMO-DEV-6608,2,DEMO-6608,Ultrasound System,f1bd3fb4-d29a-4a49-a73f-fcb9d140af66
DEMO-DEV-6630,2,DEMO-6630,ECG Machine,3063f084-58b4-4185-9334-5219ca4fd060
DEMO-DEV-6634,2,DEMO-6634,X-Ray System,fb688ffc-1b11-4eff-98f2-9ddc42bee05d
DEMO-DEV-6636,2,DEMO-6636,Electrosurgical Unit,8e27f500-7d94-4ee5-be36-9f990b34e092
DEMO-DEV-6638,2,DEMO-6638,Electrosurgical Unit,8e27f500-7d94-4ee5-be36-9f990b34e092
DEMO-DEV-6643,2,DEMO-6643,Anesthesia Machine,5efa96ef-94e4-475f-ab85-574e4e8366bd
DEMO-DEV-6670,2,DEMO-6670,ECG Machine,42ee3277-2e48-431d-b386-6ea209c2fcab
DEMO-DEV-6673,2,DEMO-6673,Defibrillator,fb688ffc-1b11-4eff-98f2-9ddc42bee05d
DEMO-DEV-6680,2,DEMO-6680,Infusion Pump,dbf5de02-231e-458c-9575-ad273ed5f5b8
DEMO-DEV-6681,2,DEMO-6681,Infusion Pump,8e27f500-7d94-4ee5-be36-9f990b34e092
DEMO-DEV-6684,2,DEMO-6684,Defibrillator,fb688ffc-1b11-4eff-98f2-9ddc42bee05d
DEMO-DEV-6689,2,DEMO-6689,Syringe Pump,d5382c80-abaa-4a87-b4a1-cb76fb0f264c
DEMO-DEV-6695,2,DEMO-6695,Autoclave,e19c99a4-ade8-4c7f-a494-8746650c680c
DEMO-DEV-6706,2,DEMO-6706,Patient Monitor,5221b7d8-06db-4aae-aaff-9bb16ecffd99
DEMO-DEV-6720,2,DEMO-6720,Anesthesia Machine,f75d2bae-4cbf-4736-ae9b-4da7cbd1dada
DEMO-DEV-6729,2,DEMO-6729,X-Ray System,fb688ffc-1b11-4eff-98f2-9ddc42bee05d
DEMO-DEV-6731,2,DEMO-6731,Syringe Pump,dbf5de02-231e-458c-9575-ad273ed5f5b8
DEMO-DEV-6736,2,DEMO-6736,Anesthesia Machine,5e9a7ead-ebbc-4d90-9dfa-960b95ff7c32
DEMO-DEV-6741,2,DEMO-6741,Defibrillator,fb688ffc-1b11-4eff-98f2-9ddc42bee05d
DEMO-DEV-6743,2,DEMO-6743,Defibrillator,fb688ffc-1b11-4eff-98f2-9ddc42bee05d
DEMO-DEV-6744,2,DEMO-6744,Anesthesia Machine,8e27f500-7d94-4ee5-be36-9f990b34e092
DEMO-DEV-6754,2,DEMO-6754,Patient Monitor,02e6a10b-282c-4bf5-a61a-547e12683222
DEMO-DEV-6770,2,DEMO-6770,Ultrasound System,42ee3277-2e48-431d-b386-6ea209c2fcab
DEMO-DEV-6776,2,DEMO-6776,Electrosurgical Unit,7fa95649-4f83-4422-99e3-aecc70af8737
DEMO-DEV-6780,2,DEMO-6780,Anesthesia Machine,de1fc8ff-31ca-453a-8e05-4ef6f6344a89
DEMO-DEV-6784,2,DEMO-6784,Electrosurgical Unit,02e6a10b-282c-4bf5-a61a-547e12683222
DEMO-DEV-6789,2,DEMO-6789,Syringe Pump,3abaabf6-cb3c-4665-9bf7-51e15d6b83a6
DEMO-DEV-6794,2,DEMO-6794,Syringe Pump,dbf5de02-231e-458c-9575-ad273ed5f5b8
DEMO-DEV-6829,2,DEMO-6829,Syringe Pump,3abaabf6-cb3c-4665-9bf7-51e15d6b83a6
DEMO-DEV-6830,2,DEMO-6830,Ventilator,fb688ffc-1b11-4eff-98f2-9ddc42bee05d
DEMO-DEV-6831,2,DEMO-6831,Infusion Pump,dbf5de02-231e-458c-9575-ad273ed5f5b8
DEMO-DEV-6837,2,DEMO-6837,Syringe Pump,3063f084-58b4-4185-9334-5219ca4fd060
DEMO-DEV-6838,2,DEMO-6838,Infusion Pump,fb688ffc-1b11-4eff-98f2-9ddc42bee05d
DEMO-DEV-6849,2,DEMO-6849,ECG Machine,42ee3277-2e48-431d-b386-6ea209c2fcab
DEMO-DEV-6867,2,DEMO-6867,ECG Machine,5e9a7ead-ebbc-4d90-9dfa-960b95ff7c32
DEMO-DEV-6874,2,DEMO-6874,Anesthesia Machine,d5382c80-abaa-4a87-b4a1-cb76fb0f264c
DEMO-DEV-6891,2,DEMO-6891,Infusion Pump,5e9a7ead-ebbc-4d90-9dfa-960b95ff7c32
DEMO-DEV-6895,2,DEMO-6895,ECG Machine,42ee3277-2e48-431d-b386-6ea209c2fcab
DEMO-DEV-6896,2,DEMO-6896,ECG Machine,42ee3277-2e48-431d-b386-6ea209c2fcab
DEMO-DEV-6913,2,DEMO-6913,Defibrillator,fb688ffc-1b11-4eff-98f2-9ddc42bee05d
DEMO-DEV-6914,2,DEMO-6914,Patient Monitor,8e27f500-7d94-4ee5-be36-9f990b34e092
DEMO-DEV-6923,2,DEMO-6923,Pulse Oximeter,42ee3277-2e48-431d-b386-6ea209c2fcab
DEMO-DEV-6925,2,DEMO-6925,Defibrillator,fb688ffc-1b11-4eff-98f2-9ddc42bee05d
DEMO-DEV-6939,2,DEMO-6939,Electrosurgical Unit,5221b7d8-06db-4aae-aaff-9bb16ecffd99
DEMO-DEV-6941,2,DEMO-6941,Defibrillator,fb688ffc-1b11-4eff-98f2-9ddc42bee05d
DEMO-DEV-6956,2,DEMO-6956,Anesthesia Machine,42ee3277-2e48-431d-b386-6ea209c2fcab
DEMO-DEV-6963,2,DEMO-6963,ECG Machine,42ee3277-2e48-431d-b386-6ea209c2fcab
DEMO-DEV-6971,2,DEMO-6971,Electrosurgical Unit,02e6a10b-282c-4bf5-a61a-547e12683222
DEMO-DEV-6979,2,DEMO-6979,Defibrillator,fb688ffc-1b11-4eff-98f2-9ddc42bee05d
DEMO-DEV-6982,2,DEMO-6982,Autoclave,7fa95649-4f83-4422-99e3-aecc70af8737
DEMO-DEV-6990,2,DEMO-6990,Autoclave,7fa95649-4f83-4422-99e3-aecc70af8737
DEMO-DEV-6991,2,DEMO-6991,Autoclave,7fa95649-4f83-4422-99e3-aecc70af8737
DEMO-DEV-6992,2,DEMO-6992,Patient Monitor,5221b7d8-06db-4aae-aaff-9bb16ecffd99
DEMO-DEV-6994,2,DEMO-6994,Pulse Oximeter,42ee3277-2e48-431d-b386-6ea209c2fcab
DEMO-DEV-7018,2,DEMO-7018,Syringe Pump,3063f084-58b4-4185-9334-5219ca4fd060
DEMO-DEV-7020,2,DEMO-7020,Electrosurgical Unit,7fa95649-4f83-4422-99e3-aecc70af8737
DEMO-DEV-7022,2,DEMO-7022,Ventilator,fb688ffc-1b11-4eff-98f2-9ddc42bee05d
DEMO-DEV-7052,2,DEMO-7052,Pulse Oximeter,42ee3277-2e48-431d-b386-6ea209c2fcab
DEMO-DEV-7053,2,DEMO-7053,Defibrillator,fb688ffc-1b11-4eff-98f2-9ddc42bee05d
DEMO-DEV-7054,2,DEMO-7054,Syringe Pump,dbf5de02-231e-458c-9575-ad273ed5f5b8
DEMO-DEV-7063,2,DEMO-7063,Autoclave,087cb0cc-f07b-4d69-aa97-f0fb17ac6bf5
DEMO-DEV-7067,2,DEMO-7067,Autoclave,7fa95649-4f83-4422-99e3-aecc70af8737
DEMO-DEV-7073,2,DEMO-7073,Patient Monitor,02e6a10b-282c-4bf5-a61a-547e12683222
DEMO-DEV-7077,2,DEMO-7077,Patient Monitor,d5382c80-abaa-4a87-b4a1-cb76fb0f264c
DEMO-DEV-7079,2,DEMO-7079,Infusion Pump,3abaabf6-cb3c-4665-9bf7-51e15d6b83a6
DEMO-DEV-7082,2,DEMO-7082,Anesthesia Machine,087cb0cc-f07b-4d69-aa97-f0fb17ac6bf5
DEMO-DEV-7084,2,DEMO-7084,Pulse Oximeter,42ee3277-2e48-431d-b386-6ea209c2fcab
DEMO-DEV-7086,2,DEMO-7086,Syringe Pump,d5382c80-abaa-4a87-b4a1-cb76fb0f264c
DEMO-DEV-7093,2,DEMO-7093,Ventilator,dbf5de02-231e-458c-9575-ad273ed5f5b8
DEMO-DEV-7094,2,DEMO-7094,Ventilator,fb688ffc-1b11-4eff-98f2-9ddc42bee05d
DEMO-DEV-7099,2,DEMO-7099,Syringe Pump,fb688ffc-1b11-4eff-98f2-9ddc42bee05d
DEMO-DEV-7109,2,DEMO-7109,Autoclave,087cb0cc-f07b-4d69-aa97-f0fb17ac6bf5
DEMO-DEV-7115,2,DEMO-7115,Electrosurgical Unit,de1fc8ff-31ca-453a-8e05-4ef6f6344a89
DEMO-DEV-7129,2,DEMO-7129,Pulse Oximeter,d5382c80-abaa-4a87-b4a1-cb76fb0f264c
DEMO-DEV-7141,2,DEMO-7141,Autoclave,7fa95649-4f83-4422-99e3-aecc70af8737
DEMO-DEV-7142,2,DEMO-7142,ECG Machine,3063f084-58b4-4185-9334-5219ca4fd060
DEMO-DEV-7147,2,DEMO-7147,Autoclave,087cb0cc-f07b-4d69-aa97-f0fb17ac6bf5
DEMO-DEV-7149,2,DEMO-7149,Electrosurgical Unit,7fa95649-4f83-4422-99e3-aecc70af8737
DEMO-DEV-7156,2,DEMO-7156,Patient Monitor,5221b7d8-06db-4aae-aaff-9bb16ecffd99
DEMO-DEV-7168,2,DEMO-7168,Syringe Pump,3abaabf6-cb3c-4665-9bf7-51e15d6b83a6
DEMO-DEV-7177,2,DEMO-7177,ECG Machine,fb688ffc-1b11-4eff-98f2-9ddc42bee05d
DEMO-DEV-7183,2,DEMO-7183,Ultrasound System,de1fc8ff-31ca-453a-8e05-4ef6f6344a89
DEMO-DEV-7188,2,DEMO-7188,Patient Monitor,02e6a10b-282c-4bf5-a61a-547e12683222
DEMO-DEV-7190,2,DEMO-7190,Autoclave,7fa95649-4f83-4422-99e3-aecc70af8737
DEMO-DEV-7199,2,DEMO-7199,Pulse Oximeter,42ee3277-2e48-431d-b386-6ea209c2fcab
DEMO-DEV-7202,2,DEMO-7202,X-Ray System,f1bd3fb4-d29a-4a49-a73f-fcb9d140af66
DEMO-DEV-7206,2,DEMO-7206,Infusion Pump,3abaabf6-cb3c-4665-9bf7-51e15d6b83a6
DEMO-DEV-7221,2,DEMO-7221,Electrosurgical Unit,7fa95649-4f83-4422-99e3-aecc70af8737
DEMO-DEV-7222,2,DEMO-7222,ECG Machine,fb688ffc-1b11-4eff-98f2-9ddc42bee05d
DEMO-DEV-7223,2,DEMO-7223,Syringe Pump,d5382c80-abaa-4a87-b4a1-cb76fb0f264c
DEMO-DEV-7230,2,DEMO-7230,Pulse Oximeter,dbf5de02-231e-458c-9575-ad273ed5f5b8
DEMO-DEV-7237,2,DEMO-7237,Patient Monitor,8e27f500-7d94-4ee5-be36-9f990b34e092
DEMO-DEV-7245,2,DEMO-7245,Infusion Pump,d5382c80-abaa-4a87-b4a1-cb76fb0f264c
DEMO-DEV-7249,2,DEMO-7249,Infusion Pump,d5382c80-abaa-4a87-b4a1-cb76fb0f264c
DEMO-DEV-7253,2,DEMO-7253,Infusion Pump,02e6a10b-282c-4bf5-a61a-547e12683222
DEMO-DEV-7255,2,DEMO-7255,X-Ray System,fb688ffc-1b11-4eff-98f2-9ddc42bee05d
DEMO-DEV-7256,2,DEMO-7256,ECG Machine,fb688ffc-1b11-4eff-98f2-9ddc42bee05d
DEMO-DEV-7258,2,DEMO-7258,Autoclave,7fa95649-4f83-4422-99e3-aecc70af8737
DEMO-DEV-7262,2,DEMO-7262,Syringe Pump,3abaabf6-cb3c-4665-9bf7-51e15d6b83a6
DEMO-DEV-7275,2,DEMO-7275,Infusion Pump,dbf5de02-231e-458c-9575-ad273ed5f5b8
DEMO-DEV-7283,2,DEMO-7283,Ventilator,dbf5de02-231e-458c-9575-ad273ed5f5b8
DEMO-DEV-7284,2,DEMO-7284,Electrosurgical Unit,de1fc8ff-31ca-453a-8e05-4ef6f6344a89
DEMO-DEV-7290,2,DEMO-7290,Electrosurgical Unit,087cb0cc-f07b-4d69-aa97-f0fb17ac6bf5
DEMO-DEV-7298,2,DEMO-7298,Patient Monitor,02e6a10b-282c-4bf5-a61a-547e12683222
DEMO-DEV-7313,2,DEMO-7313,X-Ray System,f1bd3fb4-d29a-4a49-a73f-fcb9d140af66
DEMO-DEV-7314,2,DEMO-7314,Anesthesia Machine,8ccc225a-74c4-4260-86d3-0ca2b2f49602
DEMO-DEV-7318,2,DEMO-7318,Patient Monitor,3063f084-58b4-4185-9334-5219ca4fd060
DEMO-DEV-7325,2,DEMO-7325,X-Ray System,f1bd3fb4-d29a-4a49-a73f-fcb9d140af66
DEMO-DEV-7326,2,DEMO-7326,Ultrasound System,42ee3277-2e48-431d-b386-6ea209c2fcab
DEMO-DEV-7328,2,DEMO-7328,Defibrillator,fb688ffc-1b11-4eff-98f2-9ddc42bee05d
DEMO-DEV-7348,2,DEMO-7348,Defibrillator,fb688ffc-1b11-4eff-98f2-9ddc42bee05d
DEMO-DEV-7381,2,DEMO-7381,Syringe Pump,3063f084-58b4-4185-9334-5219ca4fd060
DEMO-DEV-7382,2,DEMO-7382,Pulse Oximeter,dbf5de02-231e-458c-9575-ad273ed5f5b8
DEMO-DEV-7384,2,DEMO-7384,Patient Monitor,5e9a7ead-ebbc-4d90-9dfa-960b95ff7c32
DEMO-DEV-7398,2,DEMO-7398,Defibrillator,fb688ffc-1b11-4eff-98f2-9ddc42bee05d
DEMO-DEV-7399,2,DEMO-7399,Infusion Pump,3abaabf6-cb3c-4665-9bf7-51e15d6b83a6
DEMO-DEV-7406,2,DEMO-7406,Autoclave,087cb0cc-f07b-4d69-aa97-f0fb17ac6bf5
DEMO-DEV-7423,2,DEMO-7423,Autoclave,087cb0cc-f07b-4d69-aa97-f0fb17ac6bf5
DEMO-DEV-7433,2,DEMO-7433,X-Ray System,f1bd3fb4-d29a-4a49-a73f-fcb9d140af66
DEMO-DEV-7436,2,DEMO-7436,Ultrasound System,f1bd3fb4-d29a-4a49-a73f-fcb9d140af66
DEMO-DEV-7452,2,DEMO-7452,Pulse Oximeter,d5382c80-abaa-4a87-b4a1-cb76fb0f264c
DEMO-DEV-7455,2,DEMO-7455,X-Ray System,f1bd3fb4-d29a-4a49-a73f-fcb9d140af66
DEMO-DEV-7460,2,DEMO-7460,Electrosurgical Unit,087cb0cc-f07b-4d69-aa97-f0fb17ac6bf5
DEMO-DEV-7464,2,DEMO-7464,Defibrillator,fb688ffc-1b11-4eff-98f2-9ddc42bee05d
DEMO-DEV-7468,2,DEMO-7468,Autoclave,087cb0cc-f07b-4d69-aa97-f0fb17ac6bf5
DEMO-DEV-7469,2,DEMO-7469,Infusion Pump,d5382c80-abaa-4a87-b4a1-cb76fb0f264c
DEMO-DEV-7472,2,DEMO-7472,Defibrillator,fb688ffc-1b11-4eff-98f2-9ddc42bee05d
DEMO-DEV-7478,2,DEMO-7478,Autoclave,7fa95649-4f83-4422-99e3-aecc70af8737
DEMO-DEV-7479,2,DEMO-7479,Electrosurgical Unit,087cb0cc-f07b-4d69-aa97-f0fb17ac6bf5
DEMO-DEV-7486,2,DEMO-7486,Ventilator,dbf5de02-231e-458c-9575-ad273ed5f5b8
DEMO-DEV-7495,2,DEMO-7495,X-Ray System,fb688ffc-1b11-4eff-98f2-9ddc42bee05d
DEMO-DEV-7512,2,DEMO-7512,Ventilator,dbf5de02-231e-458c-9575-ad273ed5f5b8
DEMO-DEV-7528,2,DEMO-7528,Infusion Pump,02e6a10b-282c-4bf5-a61a-547e12683222
DEMO-DEV-7537,2,DEMO-7537,Anesthesia Machine,3abaabf6-cb3c-4665-9bf7-51e15d6b83a6
DEMO-DEV-7550,2,DEMO-7550,Defibrillator,fb688ffc-1b11-4eff-98f2-9ddc42bee05d
DEMO-DEV-7560,2,DEMO-7560,Autoclave,7fa95649-4f83-4422-99e3-aecc70af8737
DEMO-DEV-7564,2,DEMO-7564,Syringe Pump,3063f084-58b4-4185-9334-5219ca4fd060
DEMO-DEV-7565,2,DEMO-7565,Electrosurgical Unit,8e27f500-7d94-4ee5-be36-9f990b34e092
DEMO-DEV-7573,2,DEMO-7573,X-Ray System,f1bd3fb4-d29a-4a49-a73f-fcb9d140af66
DEMO-DEV-7590,2,DEMO-7590,X-Ray System,fb688ffc-1b11-4eff-98f2-9ddc42bee05d
DEMO-DEV-7601,2,DEMO-7601,Syringe Pump,3abaabf6-cb3c-4665-9bf7-51e15d6b83a6
DEMO-DEV-7604,2,DEMO-7604,Autoclave,087cb0cc-f07b-4d69-aa97-f0fb17ac6bf5
DEMO-DEV-7614,2,DEMO-7614,Pulse Oximeter,3063f084-58b4-4185-9334-5219ca4fd060
DEMO-DEV-7620,2,DEMO-7620,Syringe Pump,d5382c80-abaa-4a87-b4a1-cb76fb0f264c
DEMO-DEV-7627,2,DEMO-7627,Anesthesia Machine,5efa96ef-94e4-475f-ab85-574e4e8366bd
DEMO-DEV-7632,2,DEMO-7632,Electrosurgical Unit,7fa95649-4f83-4422-99e3-aecc70af8737
DEMO-DEV-7645,2,DEMO-7645,Anesthesia Machine,053d4a00-e594-4305-ae71-a96c95a13530
DEMO-DEV-7652,2,DEMO-7652,Ventilator,dbf5de02-231e-458c-9575-ad273ed5f5b8
DEMO-DEV-7655,2,DEMO-7655,Electrosurgical Unit,7fa95649-4f83-4422-99e3-aecc70af8737
DEMO-DEV-7658,2,DEMO-7658,Patient Monitor,5e9a7ead-ebbc-4d90-9dfa-960b95ff7c32
DEMO-DEV-7681,2,DEMO-7681,Ultrasound System,f1bd3fb4-d29a-4a49-a73f-fcb9d140af66
DEMO-DEV-7685,2,DEMO-7685,Anesthesia Machine,8ccc225a-74c4-4260-86d3-0ca2b2f49602
DEMO-DEV-7692,2,DEMO-7692,Patient Monitor,5221b7d8-06db-4aae-aaff-9bb16ecffd99
DEMO-DEV-7695,2,DEMO-7695,Defibrillator,fb688ffc-1b11-4eff-98f2-9ddc42bee05d
DEMO-DEV-7696,2,DEMO-7696,Defibrillator,fb688ffc-1b11-4eff-98f2-9ddc42bee05d
DEMO-DEV-7698,2,DEMO-7698,Defibrillator,fb688ffc-1b11-4eff-98f2-9ddc42bee05d
DEMO-DEV-7702,2,DEMO-7702,Anesthesia Machine,42ee3277-2e48-431d-b386-6ea209c2fcab
DEMO-DEV-7710,2,DEMO-7710,Defibrillator,fb688ffc-1b11-4eff-98f2-9ddc42bee05d
DEMO-DEV-7712,2,DEMO-7712,Ventilator,fb688ffc-1b11-4eff-98f2-9ddc42bee05d
DEMO-DEV-7722,2,DEMO-7722,ECG Machine,3063f084-58b4-4185-9334-5219ca4fd060
DEMO-DEV-7728,2,DEMO-7728,Pulse Oximeter,dbf5de02-231e-458c-9575-ad273ed5f5b8
DEMO-DEV-7731,2,DEMO-7731,Electrosurgical Unit,5221b7d8-06db-4aae-aaff-9bb16ecffd99
DEMO-DEV-7734,2,DEMO-7734,Infusion Pump,3abaabf6-cb3c-4665-9bf7-51e15d6b83a6
DEMO-DEV-7748,2,DEMO-7748,Syringe Pump,5e9a7ead-ebbc-4d90-9dfa-960b95ff7c32
DEMO-DEV-7758,2,DEMO-7758,Patient Monitor,02e6a10b-282c-4bf5-a61a-547e12683222
DEMO-DEV-7765,2,DEMO-7765,ECG Machine,42ee3277-2e48-431d-b386-6ea209c2fcab
DEMO-DEV-7771,2,DEMO-7771,Infusion Pump,5221b7d8-06db-4aae-aaff-9bb16ecffd99
DEMO-DEV-7776,2,DEMO-7776,Electrosurgical Unit,087cb0cc-f07b-4d69-aa97-f0fb17ac6bf5
DEMO-DEV-7780,2,DEMO-7780,Infusion Pump,3abaabf6-cb3c-4665-9bf7-51e15d6b83a6
DEMO-DEV-7791,2,DEMO-7791,Defibrillator,fb688ffc-1b11-4eff-98f2-9ddc42bee05d
DEMO-DEV-7793,2,DEMO-7793,Pulse Oximeter,3063f084-58b4-4185-9334-5219ca4fd060
DEMO-DEV-7795,2,DEMO-7795,Patient Monitor,3063f084-58b4-4185-9334-5219ca4fd060
DEMO-DEV-7797,2,DEMO-7797,Patient Monitor,8e27f500-7d94-4ee5-be36-9f990b34e092
DEMO-DEV-7798,2,DEMO-7798,Ultrasound System,f1bd3fb4-d29a-4a49-a73f-fcb9d140af66
DEMO-DEV-7811,2,DEMO-7811,Infusion Pump,fb688ffc-1b11-4eff-98f2-9ddc42bee05d
DEMO-DEV-7815,2,DEMO-7815,Pulse Oximeter,3063f084-58b4-4185-9334-5219ca4fd060
DEMO-DEV-7832,2,DEMO-7832,ECG Machine,d5382c80-abaa-4a87-b4a1-cb76fb0f264c
DEMO-DEV-7833,2,DEMO-7833,X-Ray System,fb688ffc-1b11-4eff-98f2-9ddc42bee05d
DEMO-DEV-7842,2,DEMO-7842,X-Ray System,fb688ffc-1b11-4eff-98f2-9ddc42bee05d
DEMO-DEV-7849,2,DEMO-7849,Infusion Pump,dbf5de02-231e-458c-9575-ad273ed5f5b8
DEMO-DEV-7852,2,DEMO-7852,Defibrillator,fb688ffc-1b11-4eff-98f2-9ddc42bee05d
DEMO-DEV-7861,2,DEMO-7861,Autoclave,7fa95649-4f83-4422-99e3-aecc70af8737
DEMO-DEV-7866,2,DEMO-7866,Electrosurgical Unit,087cb0cc-f07b-4d69-aa97-f0fb17ac6bf5
DEMO-DEV-7869,2,DEMO-7869,Ventilator,fb688ffc-1b11-4eff-98f2-9ddc42bee05d
DEMO-DEV-7871,2,DEMO-7871,X-Ray System,fb688ffc-1b11-4eff-98f2-9ddc42bee05d
DEMO-DEV-7872,2,DEMO-7872,Ventilator,fb688ffc-1b11-4eff-98f2-9ddc42bee05d
DEMO-DEV-7878,2,DEMO-7878,Ventilator,fb688ffc-1b11-4eff-98f2-9ddc42bee05d
DEMO-DEV-7879,2,DEMO-7879,Electrosurgical Unit,7fa95649-4f83-4422-99e3-aecc70af8737
DEMO-DEV-7884,2,DEMO-7884,Autoclave,7fa95649-4f83-4422-99e3-aecc70af8737
DEMO-DEV-7886,2,DEMO-7886,Defibrillator,fb688ffc-1b11-4eff-98f2-9ddc42bee05d
DEMO-DEV-7892,2,DEMO-7892,Ultrasound System,de1fc8ff-31ca-453a-8e05-4ef6f6344a89
DEMO-DEV-7894,2,DEMO-7894,Patient Monitor,5e9a7ead-ebbc-4d90-9dfa-960b95ff7c32
DEMO-DEV-7907,2,DEMO-7907,Autoclave,e19c99a4-ade8-4c7f-a494-8746650c680c
DEMO-DEV-7908,2,DEMO-7908,Ventilator,dbf5de02-231e-458c-9575-ad273ed5f5b8
DEMO-DEV-7930,2,DEMO-7930,Infusion Pump,d5382c80-abaa-4a87-b4a1-cb76fb0f264c
DEMO-DEV-7949,2,DEMO-7949,Syringe Pump,dbf5de02-231e-458c-9575-ad273ed5f5b8
DEMO-DEV-7960,2,DEMO-7960,X-Ray System,f1bd3fb4-d29a-4a49-a73f-fcb9d140af66
DEMO-DEV-7970,2,DEMO-7970,ECG Machine,3063f084-58b4-4185-9334-5219ca4fd060
DEMO-DEV-7979,2,DEMO-7979,Autoclave,e19c99a4-ade8-4c7f-a494-8746650c680c
DEMO-DEV-7991,2,DEMO-7991,Ultrasound System,de1fc8ff-31ca-453a-8e05-4ef6f6344a89
DEMO-DEV-7999,2,DEMO-7999,Ventilator,dbf5de02-231e-458c-9575-ad273ed5f5b8
DEMO-DEV-8005,2,DEMO-8005,Pulse Oximeter,3063f084-58b4-4185-9334-5219ca4fd060
DEMO-DEV-8006,2,DEMO-8006,ECG Machine,5e9a7ead-ebbc-4d90-9dfa-960b95ff7c32
DEMO-DEV-8012,2,DEMO-8012,Pulse Oximeter,dbf5de02-231e-458c-9575-ad273ed5f5b8
DEMO-DEV-8019,2,DEMO-8019,Pulse Oximeter,3063f084-58b4-4185-9334-5219ca4fd060
DEMO-DEV-8034,2,DEMO-8034,Patient Monitor,3063f084-58b4-4185-9334-5219ca4fd060
DEMO-DEV-8035,2,DEMO-8035,Autoclave,087cb0cc-f07b-4d69-aa97-f0fb17ac6bf5
DEMO-DEV-8040,2,DEMO-8040,X-Ray System,f1bd3fb4-d29a-4a49-a73f-fcb9d140af66
DEMO-DEV-8056,2,DEMO-8056,ECG Machine,42ee3277-2e48-431d-b386-6ea209c2fcab
DEMO-DEV-8060,2,DEMO-8060,Patient Monitor,8e27f500-7d94-4ee5-be36-9f990b34e092
DEMO-DEV-8070,2,DEMO-8070,Infusion Pump,8e27f500-7d94-4ee5-be36-9f990b34e092
DEMO-DEV-8079,2,DEMO-8079,Ultrasound System,42ee3277-2e48-431d-b386-6ea209c2fcab
DEMO-DEV-8090,2,DEMO-8090,Anesthesia Machine,38a452c4-a457-49c8-b4e7-5a9dfefbf45a
DEMO-DEV-8093,2,DEMO-8093,Defibrillator,fb688ffc-1b11-4eff-98f2-9ddc42bee05d
DEMO-DEV-8099,2,DEMO-8099,Anesthesia Machine,3063f084-58b4-4185-9334-5219ca4fd060
DEMO-DEV-8113,2,DEMO-8113,Anesthesia Machine,5e9a7ead-ebbc-4d90-9dfa-960b95ff7c32
DEMO-DEV-8125,2,DEMO-8125,Ultrasound System,de1fc8ff-31ca-453a-8e05-4ef6f6344a89
DEMO-DEV-8136,2,DEMO-8136,X-Ray System,fb688ffc-1b11-4eff-98f2-9ddc42bee05d
DEMO-DEV-8139,2,DEMO-8139,Ventilator,dbf5de02-231e-458c-9575-ad273ed5f5b8
DEMO-DEV-8179,2,DEMO-8179,Patient Monitor,3063f084-58b4-4185-9334-5219ca4fd060
DEMO-DEV-8196,2,DEMO-8196,Defibrillator,fb688ffc-1b11-4eff-98f2-9ddc42bee05d
DEMO-DEV-8199,2,DEMO-8199,Ventilator,fb688ffc-1b11-4eff-98f2-9ddc42bee05d
DEMO-DEV-8216,2,DEMO-8216,X-Ray System,fb688ffc-1b11-4eff-98f2-9ddc42bee05d
DEMO-DEV-8226,2,DEMO-8226,Infusion Pump,fb688ffc-1b11-4eff-98f2-9ddc42bee05d
DEMO-DEV-8228,2,DEMO-8228,Ultrasound System,42ee3277-2e48-431d-b386-6ea209c2fcab
DEMO-DEV-8238,2,DEMO-8238,Syringe Pump,fb688ffc-1b11-4eff-98f2-9ddc42bee05d
DEMO-DEV-8247,2,DEMO-8247,Ultrasound System,f1bd3fb4-d29a-4a49-a73f-fcb9d140af66
DEMO-DEV-8251,2,DEMO-8251,Ventilator,fb688ffc-1b11-4eff-98f2-9ddc42bee05d
DEMO-DEV-8254,2,DEMO-8254,Electrosurgical Unit,5221b7d8-06db-4aae-aaff-9bb16ecffd99
DEMO-DEV-8261,2,DEMO-8261,Infusion Pump,d5382c80-abaa-4a87-b4a1-cb76fb0f264c
DEMO-DEV-8274,2,DEMO-8274,Patient Monitor,8e27f500-7d94-4ee5-be36-9f990b34e092
DEMO-DEV-8277,2,DEMO-8277,Infusion Pump,02e6a10b-282c-4bf5-a61a-547e12683222
DEMO-DEV-8279,2,DEMO-8279,Pulse Oximeter,5e9a7ead-ebbc-4d90-9dfa-960b95ff7c32
DEMO-DEV-8288,2,DEMO-8288,Syringe Pump,fb688ffc-1b11-4eff-98f2-9ddc42bee05d
DEMO-DEV-8309,2,DEMO-8309,X-Ray System,f1bd3fb4-d29a-4a49-a73f-fcb9d140af66
DEMO-DEV-8319,2,DEMO-8319,Electrosurgical Unit,8e27f500-7d94-4ee5-be36-9f990b34e092
DEMO-DEV-8343,2,DEMO-8343,Patient Monitor,5e9a7ead-ebbc-4d90-9dfa-960b95ff7c32
DEMO-DEV-8345,2,DEMO-8345,Pulse Oximeter,5e9a7ead-ebbc-4d90-9dfa-960b95ff7c32
DEMO-DEV-8348,2,DEMO-8348,Ultrasound System,42ee3277-2e48-431d-b386-6ea209c2fcab
DEMO-DEV-8352,2,DEMO-8352,Autoclave,087cb0cc-f07b-4d69-aa97-f0fb17ac6bf5
DEMO-DEV-8354,2,DEMO-8354,X-Ray System,fb688ffc-1b11-4eff-98f2-9ddc42bee05d
DEMO-DEV-8356,2,DEMO-8356,Patient Monitor,fb688ffc-1b11-4eff-98f2-9ddc42bee05d
DEMO-DEV-8360,2,DEMO-8360,Patient Monitor,5e9a7ead-ebbc-4d90-9dfa-960b95ff7c32
DEMO-DEV-8365,2,DEMO-8365,Electrosurgical Unit,5221b7d8-06db-4aae-aaff-9bb16ecffd99
DEMO-DEV-8370,2,DEMO-8370,Pulse Oximeter,5e9a7ead-ebbc-4d90-9dfa-960b95ff7c32
DEMO-DEV-8372,2,DEMO-8372,Anesthesia Machine,f75d2bae-4cbf-4736-ae9b-4da7cbd1dada
DEMO-DEV-8374,2,DEMO-8374,Infusion Pump,5e9a7ead-ebbc-4d90-9dfa-960b95ff7c32
DEMO-DEV-8381,2,DEMO-8381,Defibrillator,fb688ffc-1b11-4eff-98f2-9ddc42bee05d
DEMO-DEV-8393,2,DEMO-8393,Pulse Oximeter,dbf5de02-231e-458c-9575-ad273ed5f5b8
DEMO-DEV-8407,2,DEMO-8407,Autoclave,087cb0cc-f07b-4d69-aa97-f0fb17ac6bf5
DEMO-DEV-8414,2,DEMO-8414,Infusion Pump,5e9a7ead-ebbc-4d90-9dfa-960b95ff7c32
DEMO-DEV-8415,2,DEMO-8415,ECG Machine,42ee3277-2e48-431d-b386-6ea209c2fcab
DEMO-DEV-8417,2,DEMO-8417,Pulse Oximeter,42ee3277-2e48-431d-b386-6ea209c2fcab
DEMO-DEV-8421,2,DEMO-8421,Patient Monitor,3063f084-58b4-4185-9334-5219ca4fd060
DEMO-DEV-8430,2,DEMO-8430,Ventilator,fb688ffc-1b11-4eff-98f2-9ddc42bee05d
DEMO-DEV-8434,2,DEMO-8434,Autoclave,7fa95649-4f83-4422-99e3-aecc70af8737
DEMO-DEV-8445,2,DEMO-8445,Defibrillator,fb688ffc-1b11-4eff-98f2-9ddc42bee05d
DEMO-DEV-8446,2,DEMO-8446,X-Ray System,fb688ffc-1b11-4eff-98f2-9ddc42bee05d
DEMO-DEV-8453,2,DEMO-8453,Electrosurgical Unit,087cb0cc-f07b-4d69-aa97-f0fb17ac6bf5
DEMO-DEV-8455,2,DEMO-8455,Ultrasound System,42ee3277-2e48-431d-b386-6ea209c2fcab
DEMO-DEV-8458,2,DEMO-8458,Ultrasound System,de1fc8ff-31ca-453a-8e05-4ef6f6344a89
DEMO-DEV-8468,2,DEMO-8468,Electrosurgical Unit,7fa95649-4f83-4422-99e3-aecc70af8737
DEMO-DEV-8486,2,DEMO-8486,Infusion Pump,5221b7d8-06db-4aae-aaff-9bb16ecffd99
DEMO-DEV-8501,2,DEMO-8501,Ultrasound System,42ee3277-2e48-431d-b386-6ea209c2fcab
DEMO-DEV-8513,2,DEMO-8513,Defibrillator,fb688ffc-1b11-4eff-98f2-9ddc42bee05d
DEMO-DEV-8522,2,DEMO-8522,Pulse Oximeter,5e9a7ead-ebbc-4d90-9dfa-960b95ff7c32
DEMO-DEV-8531,2,DEMO-8531,Ventilator,dbf5de02-231e-458c-9575-ad273ed5f5b8
DEMO-DEV-8533,2,DEMO-8533,Ultrasound System,42ee3277-2e48-431d-b386-6ea209c2fcab
DEMO-DEV-8543,2,DEMO-8543,X-Ray System,fb688ffc-1b11-4eff-98f2-9ddc42bee05d
DEMO-DEV-8544,2,DEMO-8544,Pulse Oximeter,d5382c80-abaa-4a87-b4a1-cb76fb0f264c
DEMO-DEV-8551,2,DEMO-8551,Pulse Oximeter,42ee3277-2e48-431d-b386-6ea209c2fcab
DEMO-DEV-8553,2,DEMO-8553,Autoclave,087cb0cc-f07b-4d69-aa97-f0fb17ac6bf5
DEMO-DEV-8554,2,DEMO-8554,ECG Machine,d5382c80-abaa-4a87-b4a1-cb76fb0f264c
DEMO-DEV-8555,2,DEMO-8555,Autoclave,087cb0cc-f07b-4d69-aa97-f0fb17ac6bf5
DEMO-DEV-8556,2,DEMO-8556,Infusion Pump,5e9a7ead-ebbc-4d90-9dfa-960b95ff7c32
DEMO-DEV-8585,2,DEMO-8585,Ventilator,fb688ffc-1b11-4eff-98f2-9ddc42bee05d
DEMO-DEV-8598,2,DEMO-8598,Ultrasound System,f1bd3fb4-d29a-4a49-a73f-fcb9d140af66
DEMO-DEV-8612,2,DEMO-8612,X-Ray System,fb688ffc-1b11-4eff-98f2-9ddc42bee05d
DEMO-DEV-8614,2,DEMO-8614,Ultrasound System,f1bd3fb4-d29a-4a49-a73f-fcb9d140af66
DEMO-DEV-8623,2,DEMO-8623,Ventilator,dbf5de02-231e-458c-9575-ad273ed5f5b8
DEMO-DEV-8628,2,DEMO-8628,Pulse Oximeter,5e9a7ead-ebbc-4d90-9dfa-960b95ff7c32
DEMO-DEV-8642,2,DEMO-8642,Ultrasound System,42ee3277-2e48-431d-b386-6ea209c2fcab
DEMO-DEV-8645,2,DEMO-8645,Pulse Oximeter,dbf5de02-231e-458c-9575-ad273ed5f5b8
DEMO-DEV-8661,2,DEMO-8661,Syringe Pump,dbf5de02-231e-458c-9575-ad273ed5f5b8
DEMO-DEV-8662,2,DEMO-8662,Autoclave,087cb0cc-f07b-4d69-aa97-f0fb17ac6bf5
DEMO-DEV-8664,2,DEMO-8664,Ultrasound System,42ee3277-2e48-431d-b386-6ea209c2fcab
DEMO-DEV-8666,2,DEMO-8666,ECG Machine,fb688ffc-1b11-4eff-98f2-9ddc42bee05d
DEMO-DEV-8676,2,DEMO-8676,Defibrillator,fb688ffc-1b11-4eff-98f2-9ddc42bee05d
DEMO-DEV-8678,2,DEMO-8678,Defibrillator,fb688ffc-1b11-4eff-98f2-9ddc42bee05d
DEMO-DEV-8679,2,DEMO-8679,Pulse Oximeter,fb688ffc-1b11-4eff-98f2-9ddc42bee05d
DEMO-DEV-8688,2,DEMO-8688,Ultrasound System,f1bd3fb4-d29a-4a49-a73f-fcb9d140af66
DEMO-DEV-8696,2,DEMO-8696,Defibrillator,fb688ffc-1b11-4eff-98f2-9ddc42bee05d
DEMO-DEV-8704,2,DEMO-8704,Patient Monitor,3063f084-58b4-4185-9334-5219ca4fd060
DEMO-DEV-8714,2,DEMO-8714,Ventilator,fb688ffc-1b11-4eff-98f2-9ddc42bee05d
DEMO-DEV-8722,2,DEMO-8722,Syringe Pump,dbf5de02-231e-458c-9575-ad273ed5f5b8
DEMO-DEV-8723,2,DEMO-8723,Infusion Pump,d5382c80-abaa-4a87-b4a1-cb76fb0f264c
DEMO-DEV-8724,2,DEMO-8724,Ultrasound System,42ee3277-2e48-431d-b386-6ea209c2fcab
DEMO-DEV-8729,2,DEMO-8729,Pulse Oximeter,d5382c80-abaa-4a87-b4a1-cb76fb0f264c
DEMO-DEV-8738,2,DEMO-8738,Defibrillator,fb688ffc-1b11-4eff-98f2-9ddc42bee05d
DEMO-DEV-8752,2,DEMO-8752,Electrosurgical Unit,de1fc8ff-31ca-453a-8e05-4ef6f6344a89
DEMO-DEV-8758,2,DEMO-8758,Electrosurgical Unit,053d4a00-e594-4305-ae71-a96c95a13530
DEMO-DEV-8763,2,DEMO-8763,Infusion Pump,5221b7d8-06db-4aae-aaff-9bb16ecffd99
DEMO-DEV-8769,2,DEMO-8769,ECG Machine,fb688ffc-1b11-4eff-98f2-9ddc42bee05d
DEMO-DEV-8776,2,DEMO-8776,X-Ray System,fb688ffc-1b11-4eff-98f2-9ddc42bee05d
DEMO-DEV-8777,2,DEMO-8777,Anesthesia Machine,5cbbfa1e-37f3-448b-a3bd-d3f30054ca16
DEMO-DEV-8779,2,DEMO-8779,Ventilator,fb688ffc-1b11-4eff-98f2-9ddc42bee05d
DEMO-DEV-8792,2,DEMO-8792,Anesthesia Machine,e19c99a4-ade8-4c7f-a494-8746650c680c
DEMO-DEV-8799,2,DEMO-8799,Ventilator,dbf5de02-231e-458c-9575-ad273ed5f5b8
DEMO-DEV-8806,2,DEMO-8806,Anesthesia Machine,42ee3277-2e48-431d-b386-6ea209c2fcab
DEMO-DEV-8807,2,DEMO-8807,X-Ray System,fb688ffc-1b11-4eff-98f2-9ddc42bee05d
DEMO-DEV-8817,2,DEMO-8817,ECG Machine,d5382c80-abaa-4a87-b4a1-cb76fb0f264c
DEMO-DEV-8822,2,DEMO-8822,X-Ray System,f1bd3fb4-d29a-4a49-a73f-fcb9d140af66
DEMO-DEV-8830,2,DEMO-8830,Anesthesia Machine,52802a7b-96a8-41fd-8129-b93e575505fd
DEMO-DEV-8832,2,DEMO-8832,ECG Machine,d5382c80-abaa-4a87-b4a1-cb76fb0f264c
DEMO-DEV-8835,2,DEMO-8835,Anesthesia Machine,3abaabf6-cb3c-4665-9bf7-51e15d6b83a6
DEMO-DEV-8854,2,DEMO-8854,Ventilator,dbf5de02-231e-458c-9575-ad273ed5f5b8
DEMO-DEV-8855,2,DEMO-8855,Electrosurgical Unit,5221b7d8-06db-4aae-aaff-9bb16ecffd99
DEMO-DEV-8873,2,DEMO-8873,Pulse Oximeter,42ee3277-2e48-431d-b386-6ea209c2fcab
DEMO-DEV-8874,2,DEMO-8874,ECG Machine,fb688ffc-1b11-4eff-98f2-9ddc42bee05d
DEMO-DEV-8876,2,DEMO-8876,X-Ray System,f1bd3fb4-d29a-4a49-a73f-fcb9d140af66
DEMO-DEV-8880,2,DEMO-8880,X-Ray System,fb688ffc-1b11-4eff-98f2-9ddc42bee05d
DEMO-DEV-8888,2,DEMO-8888,Electrosurgical Unit,02e6a10b-282c-4bf5-a61a-547e12683222
DEMO-DEV-8896,2,DEMO-8896,Ventilator,fb688ffc-1b11-4eff-98f2-9ddc42bee05d
DEMO-DEV-8900,2,DEMO-8900,Ventilator,fb688ffc-1b11-4eff-98f2-9ddc42bee05d
DEMO-DEV-8902,2,DEMO-8902,Syringe Pump,fb688ffc-1b11-4eff-98f2-9ddc42bee05d
DEMO-DEV-8903,2,DEMO-8903,Pulse Oximeter,d5382c80-abaa-4a87-b4a1-cb76fb0f264c
DEMO-DEV-8909,2,DEMO-8909,Electrosurgical Unit,02e6a10b-282c-4bf5-a61a-547e12683222
DEMO-DEV-8923,2,DEMO-8923,Patient Monitor,3063f084-58b4-4185-9334-5219ca4fd060
DEMO-DEV-8958,2,DEMO-8958,X-Ray System,f1bd3fb4-d29a-4a49-a73f-fcb9d140af66
DEMO-DEV-8965,2,DEMO-8965,ECG Machine,3063f084-58b4-4185-9334-5219ca4fd060
DEMO-DEV-8966,2,DEMO-8966,X-Ray System,f1bd3fb4-d29a-4a49-a73f-fcb9d140af66
DEMO-DEV-8978,2,DEMO-8978,Ultrasound System,f1bd3fb4-d29a-4a49-a73f-fcb9d140af66
DEMO-DEV-8987,2,DEMO-8987,Infusion Pump,fb688ffc-1b11-4eff-98f2-9ddc42bee05d
DEMO-DEV-8993,2,DEMO-8993,Electrosurgical Unit,087cb0cc-f07b-4d69-aa97-f0fb17ac6bf5
DEMO-DEV-9007,2,DEMO-9007,Syringe Pump,fb688ffc-1b11-4eff-98f2-9ddc42bee05d
DEMO-DEV-9015,2,DEMO-9015,Ventilator,fb688ffc-1b11-4eff-98f2-9ddc42bee05d
DEMO-DEV-9018,2,DEMO-9018,Electrosurgical Unit,7fa95649-4f83-4422-99e3-aecc70af8737
DEMO-DEV-9021,2,DEMO-9021,Anesthesia Machine,f1bd3fb4-d29a-4a49-a73f-fcb9d140af66
DEMO-DEV-9023,2,DEMO-9023,Pulse Oximeter,dbf5de02-231e-458c-9575-ad273ed5f5b8
DEMO-DEV-9028,2,DEMO-9028,Pulse Oximeter,5e9a7ead-ebbc-4d90-9dfa-960b95ff7c32
DEMO-DEV-9037,2,DEMO-9037,Infusion Pump,dbf5de02-231e-458c-9575-ad273ed5f5b8
DEMO-DEV-9038,2,DEMO-9038,Patient Monitor,5221b7d8-06db-4aae-aaff-9bb16ecffd99
DEMO-DEV-9049,2,DEMO-9049,Infusion Pump,3063f084-58b4-4185-9334-5219ca4fd060
DEMO-DEV-9083,2,DEMO-9083,Anesthesia Machine,087cb0cc-f07b-4d69-aa97-f0fb17ac6bf5
DEMO-DEV-9085,2,DEMO-9085,Anesthesia Machine,5221b7d8-06db-4aae-aaff-9bb16ecffd99
DEMO-DEV-9093,2,DEMO-9093,ECG Machine,3063f084-58b4-4185-9334-5219ca4fd060
DEMO-DEV-9094,2,DEMO-9094,Defibrillator,fb688ffc-1b11-4eff-98f2-9ddc42bee05d
DEMO-DEV-9095,2,DEMO-9095,Ventilator,dbf5de02-231e-458c-9575-ad273ed5f5b8
DEMO-DEV-9100,2,DEMO-9100,Autoclave,087cb0cc-f07b-4d69-aa97-f0fb17ac6bf5
DEMO-DEV-9107,2,DEMO-9107,Defibrillator,fb688ffc-1b11-4eff-98f2-9ddc42bee05d
DEMO-DEV-9109,2,DEMO-9109,Patient Monitor,02e6a10b-282c-4bf5-a61a-547e12683222
DEMO-DEV-9110,2,DEMO-9110,Syringe Pump,3063f084-58b4-4185-9334-5219ca4fd060
DEMO-DEV-9111,2,DEMO-9111,Electrosurgical Unit,de1fc8ff-31ca-453a-8e05-4ef6f6344a89
DEMO-DEV-9114,2,DEMO-9114,Defibrillator,fb688ffc-1b11-4eff-98f2-9ddc42bee05d
DEMO-DEV-9121,2,DEMO-9121,Patient Monitor,3063f084-58b4-4185-9334-5219ca4fd060
DEMO-DEV-9122,2,DEMO-9122,X-Ray System,fb688ffc-1b11-4eff-98f2-9ddc42bee05d
DEMO-DEV-9139,2,DEMO-9139,Ultrasound System,f1bd3fb4-d29a-4a49-a73f-fcb9d140af66
DEMO-DEV-9145,2,DEMO-9145,Defibrillator,fb688ffc-1b11-4eff-98f2-9ddc42bee05d
DEMO-DEV-9147,2,DEMO-9147,Pulse Oximeter,d5382c80-abaa-4a87-b4a1-cb76fb0f264c
DEMO-DEV-9149,2,DEMO-9149,Ventilator,dbf5de02-231e-458c-9575-ad273ed5f5b8
DEMO-DEV-9151,2,DEMO-9151,Ventilator,dbf5de02-231e-458c-9575-ad273ed5f5b8
DEMO-DEV-9154,2,DEMO-9154,Syringe Pump,5e9a7ead-ebbc-4d90-9dfa-960b95ff7c32
DEMO-DEV-9162,2,DEMO-9162,ECG Machine,fb688ffc-1b11-4eff-98f2-9ddc42bee05d
DEMO-DEV-9164,2,DEMO-9164,X-Ray System,fb688ffc-1b11-4eff-98f2-9ddc42bee05d
DEMO-DEV-9169,2,DEMO-9169,Anesthesia Machine,087cb0cc-f07b-4d69-aa97-f0fb17ac6bf5
DEMO-DEV-9171,2,DEMO-9171,Pulse Oximeter,3063f084-58b4-4185-9334-5219ca4fd060
DEMO-DEV-9179,2,DEMO-9179,Syringe Pump,d5382c80-abaa-4a87-b4a1-cb76fb0f264c
DEMO-DEV-9191,2,DEMO-9191,Defibrillator,fb688ffc-1b11-4eff-98f2-9ddc42bee05d
DEMO-DEV-9192,2,DEMO-9192,Patient Monitor,3063f084-58b4-4185-9334-5219ca4fd060
DEMO-DEV-9195,2,DEMO-9195,Autoclave,7fa95649-4f83-4422-99e3-aecc70af8737
DEMO-DEV-9211,2,DEMO-9211,Infusion Pump,3063f084-58b4-4185-9334-5219ca4fd060
DEMO-DEV-9213,2,DEMO-9213,Patient Monitor,5e9a7ead-ebbc-4d90-9dfa-960b95ff7c32
DEMO-DEV-9215,2,DEMO-9215,Infusion Pump,fb688ffc-1b11-4eff-98f2-9ddc42bee05d
DEMO-DEV-9219,2,DEMO-9219,Autoclave,e19c99a4-ade8-4c7f-a494-8746650c680c
DEMO-DEV-9220,2,DEMO-9220,Defibrillator,fb688ffc-1b11-4eff-98f2-9ddc42bee05d
DEMO-DEV-9221,2,DEMO-9221,X-Ray System,fb688ffc-1b11-4eff-98f2-9ddc42bee05d
DEMO-DEV-9230,2,DEMO-9230,Defibrillator,fb688ffc-1b11-4eff-98f2-9ddc42bee05d
DEMO-DEV-9234,2,DEMO-9234,ECG Machine,5e9a7ead-ebbc-4d90-9dfa-960b95ff7c32
DEMO-DEV-9240,2,DEMO-9240,X-Ray System,f1bd3fb4-d29a-4a49-a73f-fcb9d140af66
DEMO-DEV-9243,2,DEMO-9243,Ventilator,fb688ffc-1b11-4eff-98f2-9ddc42bee05d
DEMO-DEV-9264,2,DEMO-9264,Pulse Oximeter,42ee3277-2e48-431d-b386-6ea209c2fcab
DEMO-DEV-9275,2,DEMO-9275,Electrosurgical Unit,087cb0cc-f07b-4d69-aa97-f0fb17ac6bf5
DEMO-DEV-9286,2,DEMO-9286,Electrosurgical Unit,de1fc8ff-31ca-453a-8e05-4ef6f6344a89
DEMO-DEV-9290,2,DEMO-9290,ECG Machine,3063f084-58b4-4185-9334-5219ca4fd060
DEMO-DEV-9293,2,DEMO-9293,Ventilator,dbf5de02-231e-458c-9575-ad273ed5f5b8
DEMO-DEV-9299,2,DEMO-9299,Defibrillator,fb688ffc-1b11-4eff-98f2-9ddc42bee05d
DEMO-DEV-9317,2,DEMO-9317,Anesthesia Machine,8e27f500-7d94-4ee5-be36-9f990b34e092
DEMO-DEV-9322,2,DEMO-9322,ECG Machine,d5382c80-abaa-4a87-b4a1-cb76fb0f264c
DEMO-DEV-9340,2,DEMO-9340,Infusion Pump,02e6a10b-282c-4bf5-a61a-547e12683222
DEMO-DEV-9341,2,DEMO-9341,Patient Monitor,3063f084-58b4-4185-9334-5219ca4fd060
DEMO-DEV-9368,2,DEMO-9368,Infusion Pump,8e27f500-7d94-4ee5-be36-9f990b34e092
DEMO-DEV-9369,2,DEMO-9369,X-Ray System,fb688ffc-1b11-4eff-98f2-9ddc42bee05d
DEMO-DEV-9380,2,DEMO-9380,X-Ray System,fb688ffc-1b11-4eff-98f2-9ddc42bee05d
DEMO-DEV-9381,2,DEMO-9381,Pulse Oximeter,5e9a7ead-ebbc-4d90-9dfa-960b95ff7c32
DEMO-DEV-9382,2,DEMO-9382,Pulse Oximeter,3063f084-58b4-4185-9334-5219ca4fd060
DEMO-DEV-9386,2,DEMO-9386,Autoclave,087cb0cc-f07b-4d69-aa97-f0fb17ac6bf5
DEMO-DEV-9388,2,DEMO-9388,Defibrillator,fb688ffc-1b11-4eff-98f2-9ddc42bee05d
DEMO-DEV-9393,2,DEMO-9393,Infusion Pump,d5382c80-abaa-4a87-b4a1-cb76fb0f264c
DEMO-DEV-9395,2,DEMO-9395,Autoclave,087cb0cc-f07b-4d69-aa97-f0fb17ac6bf5
DEMO-DEV-9397,2,DEMO-9397,Patient Monitor,3063f084-58b4-4185-9334-5219ca4fd060
DEMO-DEV-9402,2,DEMO-9402,X-Ray System,f1bd3fb4-d29a-4a49-a73f-fcb9d140af66
DEMO-DEV-9403,2,DEMO-9403,Infusion Pump,8e27f500-7d94-4ee5-be36-9f990b34e092
DEMO-DEV-9419,2,DEMO-9419,ECG Machine,d5382c80-abaa-4a87-b4a1-cb76fb0f264c
DEMO-DEV-9435,2,DEMO-9435,Patient Monitor,fb688ffc-1b11-4eff-98f2-9ddc42bee05d
DEMO-DEV-9438,2,DEMO-9438,Pulse Oximeter,5e9a7ead-ebbc-4d90-9dfa-960b95ff7c32
DEMO-DEV-9447,2,DEMO-9447,Infusion Pump,5221b7d8-06db-4aae-aaff-9bb16ecffd99
DEMO-DEV-9454,2,DEMO-9454,Autoclave,087cb0cc-f07b-4d69-aa97-f0fb17ac6bf5
DEMO-DEV-9456,2,DEMO-9456,Ultrasound System,f1bd3fb4-d29a-4a49-a73f-fcb9d140af66
DEMO-DEV-9459,2,DEMO-9459,Infusion Pump,dbf5de02-231e-458c-9575-ad273ed5f5b8
DEMO-DEV-9461,2,DEMO-9461,Electrosurgical Unit,087cb0cc-f07b-4d69-aa97-f0fb17ac6bf5
DEMO-DEV-9465,2,DEMO-9465,Defibrillator,fb688ffc-1b11-4eff-98f2-9ddc42bee05d
DEMO-DEV-9466,2,DEMO-9466,Anesthesia Machine,4aa84ab5-5871-45cf-84b9-0fff65358075
DEMO-DEV-9469,2,DEMO-9469,Infusion Pump,3abaabf6-cb3c-4665-9bf7-51e15d6b83a6
DEMO-DEV-9477,2,DEMO-9477,Syringe Pump,dbf5de02-231e-458c-9575-ad273ed5f5b8
DEMO-DEV-9478,2,DEMO-9478,Autoclave,7fa95649-4f83-4422-99e3-aecc70af8737
DEMO-DEV-9480,2,DEMO-9480,Electrosurgical Unit,7fa95649-4f83-4422-99e3-aecc70af8737
DEMO-DEV-9481,2,DEMO-9481,Infusion Pump,5221b7d8-06db-4aae-aaff-9bb16ecffd99
DEMO-DEV-9522,2,DEMO-9522,Autoclave,7fa95649-4f83-4422-99e3-aecc70af8737
DEMO-DEV-9524,2,DEMO-9524,Patient Monitor,5221b7d8-06db-4aae-aaff-9bb16ecffd99
DEMO-DEV-9527,2,DEMO-9527,Electrosurgical Unit,5221b7d8-06db-4aae-aaff-9bb16ecffd99
DEMO-DEV-9554,2,DEMO-9554,Ultrasound System,de1fc8ff-31ca-453a-8e05-4ef6f6344a89
DEMO-DEV-9555,2,DEMO-9555,Infusion Pump,d5382c80-abaa-4a87-b4a1-cb76fb0f264c
DEMO-DEV-9559,2,DEMO-9559,Anesthesia Machine,087cb0cc-f07b-4d69-aa97-f0fb17ac6bf5
DEMO-DEV-9562,2,DEMO-9562,Ventilator,fb688ffc-1b11-4eff-98f2-9ddc42bee05d
DEMO-DEV-9567,2,DEMO-9567,Defibrillator,fb688ffc-1b11-4eff-98f2-9ddc42bee05d
DEMO-DEV-9592,2,DEMO-9592,Patient Monitor,8e27f500-7d94-4ee5-be36-9f990b34e092
DEMO-DEV-9604,2,DEMO-9604,Infusion Pump,5221b7d8-06db-4aae-aaff-9bb16ecffd99
DEMO-DEV-9619,2,DEMO-9619,Anesthesia Machine,dbf5de02-231e-458c-9575-ad273ed5f5b8
DEMO-DEV-9628,2,DEMO-9628,ECG Machine,5e9a7ead-ebbc-4d90-9dfa-960b95ff7c32
DEMO-DEV-9630,2,DEMO-9630,Ventilator,fb688ffc-1b11-4eff-98f2-9ddc42bee05d
DEMO-DEV-9633,2,DEMO-9633,Defibrillator,fb688ffc-1b11-4eff-98f2-9ddc42bee05d
DEMO-DEV-9642,2,DEMO-9642,Patient Monitor,02e6a10b-282c-4bf5-a61a-547e12683222
DEMO-DEV-9654,2,DEMO-9654,Ventilator,dbf5de02-231e-458c-9575-ad273ed5f5b8
DEMO-DEV-9667,2,DEMO-9667,Ventilator,dbf5de02-231e-458c-9575-ad273ed5f5b8
DEMO-DEV-9668,2,DEMO-9668,Patient Monitor,d5382c80-abaa-4a87-b4a1-cb76fb0f264c
DEMO-DEV-9695,2,DEMO-9695,Electrosurgical Unit,02e6a10b-282c-4bf5-a61a-547e12683222
DEMO-DEV-9712,2,DEMO-9712,Infusion Pump,5221b7d8-06db-4aae-aaff-9bb16ecffd99
DEMO-DEV-9713,2,DEMO-9713,Pulse Oximeter,dbf5de02-231e-458c-9575-ad273ed5f5b8
DEMO-DEV-9722,2,DEMO-9722,Autoclave,087cb0cc-f07b-4d69-aa97-f0fb17ac6bf5
DEMO-DEV-9731,2,DEMO-9731,X-Ray System,fb688ffc-1b11-4eff-98f2-9ddc42bee05d
DEMO-DEV-9750,2,DEMO-9750,Infusion Pump,02e6a10b-282c-4bf5-a61a-547e12683222
DEMO-DEV-9752,2,DEMO-9752,Pulse Oximeter,3063f084-58b4-4185-9334-5219ca4fd060
DEMO-DEV-9753,2,DEMO-9753,Syringe Pump,3abaabf6-cb3c-4665-9bf7-51e15d6b83a6
DEMO-DEV-9757,2,DEMO-9757,Infusion Pump,d5382c80-abaa-4a87-b4a1-cb76fb0f264c
DEMO-DEV-9770,2,DEMO-9770,Ultrasound System,42ee3277-2e48-431d-b386-6ea209c2fcab
DEMO-DEV-9784,2,DEMO-9784,X-Ray System,f1bd3fb4-d29a-4a49-a73f-fcb9d140af66
DEMO-DEV-9794,2,DEMO-9794,Autoclave,e19c99a4-ade8-4c7f-a494-8746650c680c
DEMO-DEV-9795,2,DEMO-9795,Ultrasound System,42ee3277-2e48-431d-b386-6ea209c2fcab
DEMO-DEV-9796,2,DEMO-9796,Defibrillator,fb688ffc-1b11-4eff-98f2-9ddc42bee05d
DEMO-DEV-9824,2,DEMO-9824,Ventilator,fb688ffc-1b11-4eff-98f2-9ddc42bee05d
DEMO-DEV-9830,2,DEMO-9830,Patient Monitor,02e6a10b-282c-4bf5-a61a-547e12683222
DEMO-DEV-9832,2,DEMO-9832,ECG Machine,fb688ffc-1b11-4eff-98f2-9ddc42bee05d
DEMO-DEV-9848,2,DEMO-9848,Electrosurgical Unit,7fa95649-4f83-4422-99e3-aecc70af8737
DEMO-DEV-9857,2,DEMO-9857,Infusion Pump,5221b7d8-06db-4aae-aaff-9bb16ecffd99
DEMO-DEV-9861,2,DEMO-9861,Autoclave,7fa95649-4f83-4422-99e3-aecc70af8737
DEMO-DEV-9880,2,DEMO-9880,Syringe Pump,3abaabf6-cb3c-4665-9bf7-51e15d6b83a6
DEMO-DEV-9885,2,DEMO-9885,Anesthesia Machine,52802a7b-96a8-41fd-8129-b93e575505fd
DEMO-DEV-9886,2,DEMO-9886,Ventilator,fb688ffc-1b11-4eff-98f2-9ddc42bee05d
DEMO-DEV-9887,2,DEMO-9887,ECG Machine,42ee3277-2e48-431d-b386-6ea209c2fcab
DEMO-DEV-9902,2,DEMO-9902,X-Ray System,fb688ffc-1b11-4eff-98f2-9ddc42bee05d
DEMO-DEV-9904,2,DEMO-9904,Ventilator,fb688ffc-1b11-4eff-98f2-9ddc42bee05d
DEMO-DEV-9919,2,DEMO-9919,Ultrasound System,f1bd3fb4-d29a-4a49-a73f-fcb9d140af66
DEMO-DEV-9922,2,DEMO-9922,Syringe Pump,3063f084-58b4-4185-9334-5219ca4fd060
DEMO-DEV-9924,2,DEMO-9924,Defibrillator,fb688ffc-1b11-4eff-98f2-9ddc42bee05d
DEMO-DEV-9925,2,DEMO-9925,ECG Machine,5e9a7ead-ebbc-4d90-9dfa-960b95ff7c32
DEMO-DEV-9926,2,DEMO-9926,Pulse Oximeter,dbf5de02-231e-458c-9575-ad273ed5f5b8
DEMO-DEV-9934,2,DEMO-9934,ECG Machine,fb688ffc-1b11-4eff-98f2-9ddc42bee05d
DEMO-DEV-9940,2,DEMO-9940,Anesthesia Machine,35abc5ec-fbe4-40a6-8752-2cba3fb328ba
DEMO-DEV-9947,2,DEMO-9947,Infusion Pump,d5382c80-abaa-4a87-b4a1-cb76fb0f264c
DEMO-DEV-9949,2,DEMO-9949,ECG Machine,fb688ffc-1b11-4eff-98f2-9ddc42bee05d
DEMO-DEV-9952,2,DEMO-9952,Infusion Pump,5221b7d8-06db-4aae-aaff-9bb16ecffd99
DEMO-DEV-9965,2,DEMO-9965,Syringe Pump,fb688ffc-1b11-4eff-98f2-9ddc42bee05d
DEMO-DEV-9967,2,DEMO-9967,X-Ray System,f1bd3fb4-d29a-4a49-a73f-fcb9d140af66
DEMO-DEV-9968,2,DEMO-9968,Electrosurgical Unit,7fa95649-4f83-4422-99e3-aecc70af8737
DEMO-DEV-9975,2,DEMO-9975,Defibrillator,fb688ffc-1b11-4eff-98f2-9ddc42bee05d
DEMO-DEV-9976,2,DEMO-9976,Syringe Pump,dbf5de02-231e-458c-9575-ad273ed5f5b8
DEMO-DEV-9978,2,DEMO-9978,Syringe Pump,3063f084-58b4-4185-9334-5219ca4fd060
DEMO-DEV-9979,2,DEMO-9979,Ventilator,fb688ffc-1b11-4eff-98f2-9ddc42bee05d
DEMO-DEV-9988,2,DEMO-9988,Anesthesia Machine,5221b7d8-06db-4aae-aaff-9bb16ecffd99
DEMO-DEV-9993,2,DEMO-9993,Autoclave,087cb0cc-f07b-4d69-aa97-f0fb17ac6bf5
DEMO-DEV-9998,2,DEMO-9998,Ventilator,fb688ffc-1b11-4eff-98f2-9ddc42bee05d
DEMO-DEV-1626,1,DEMO-1626,X-Ray System,fb688ffc-1b11-4eff-98f2-9ddc42bee05d
DEMO-DEV-1836,1,DEMO-1836,Patient Monitor,5e9a7ead-ebbc-4d90-9dfa-960b95ff7c32
DEMO-DEV-3520,1,DEMO-3520,Autoclave,7fa95649-4f83-4422-99e3-aecc70af8737
DEMO-DEV-0046,1,DEMO-0046,Ultrasound System,f1bd3fb4-d29a-4a49-a73f-fcb9d140af66
DEMO-DEV-0089,1,DEMO-0089,Syringe Pump,3063f084-58b4-4185-9334-5219ca4fd060
DEMO-DEV-0435,1,DEMO-0435,Syringe Pump,3063f084-58b4-4185-9334-5219ca4fd060
DEMO-DEV-0597,1,DEMO-0597,Pulse Oximeter,d5382c80-abaa-4a87-b4a1-cb76fb0f264c
DEMO-DEV-0625,1,DEMO-0625,Patient Monitor,8e27f500-7d94-4ee5-be36-9f990b34e092
DEMO-DEV-0696,1,DEMO-0696,X-Ray System,fb688ffc-1b11-4eff-98f2-9ddc42bee05d
DEMO-DEV-0975,1,DEMO-0975,ECG Machine,3063f084-58b4-4185-9334-5219ca4fd060
DEMO-DEV-1003,1,DEMO-1003,Defibrillator,fb688ffc-1b11-4eff-98f2-9ddc42bee05d
DEMO-DEV-1043,1,DEMO-1043,Pulse Oximeter,3063f084-58b4-4185-9334-5219ca4fd060
DEMO-DEV-1211,1,DEMO-1211,Anesthesia Machine,f75d2bae-4cbf-4736-ae9b-4da7cbd1dada
DEMO-DEV-1288,1,DEMO-1288,Autoclave,087cb0cc-f07b-4d69-aa97-f0fb17ac6bf5
DEMO-DEV-1373,1,DEMO-1373,Electrosurgical Unit,8e27f500-7d94-4ee5-be36-9f990b34e092
DEMO-DEV-1524,1,DEMO-1524,Pulse Oximeter,5e9a7ead-ebbc-4d90-9dfa-960b95ff7c32
DEMO-DEV-1546,1,DEMO-1546,Patient Monitor,5e9a7ead-ebbc-4d90-9dfa-960b95ff7c32
DEMO-DEV-1585,1,DEMO-1585,Defibrillator,fb688ffc-1b11-4eff-98f2-9ddc42bee05d
DEMO-DEV-1974,1,DEMO-1974,ECG Machine,3063f084-58b4-4185-9334-5219ca4fd060
DEMO-DEV-2171,1,DEMO-2171,X-Ray System,fb688ffc-1b11-4eff-98f2-9ddc42bee05d
DEMO-DEV-2548,1,DEMO-2548,Ultrasound System,f1bd3fb4-d29a-4a49-a73f-fcb9d140af66
DEMO-DEV-2572,1,DEMO-2572,Electrosurgical Unit,de1fc8ff-31ca-453a-8e05-4ef6f6344a89
DEMO-DEV-2840,1,DEMO-2840,Ultrasound System,f1bd3fb4-d29a-4a49-a73f-fcb9d140af66
DEMO-DEV-2946,1,DEMO-2946,Syringe Pump,5e9a7ead-ebbc-4d90-9dfa-960b95ff7c32
DEMO-DEV-2970,1,DEMO-2970,Ultrasound System,f1bd3fb4-d29a-4a49-a73f-fcb9d140af66
DEMO-DEV-3020,1,DEMO-3020,Anesthesia Machine,02e6a10b-282c-4bf5-a61a-547e12683222
DEMO-DEV-3220,1,DEMO-3220,Patient Monitor,02e6a10b-282c-4bf5-a61a-547e12683222
DEMO-DEV-3330,1,DEMO-3330,Patient Monitor,8e27f500-7d94-4ee5-be36-9f990b34e092
DEMO-DEV-3500,1,DEMO-3500,Ultrasound System,de1fc8ff-31ca-453a-8e05-4ef6f6344a89
DEMO-DEV-3565,1,DEMO-3565,Patient Monitor,d5382c80-abaa-4a87-b4a1-cb76fb0f264c
DEMO-DEV-3634,1,DEMO-3634,Patient Monitor,3063f084-58b4-4185-9334-5219ca4fd060
DEMO-DEV-3650,1,DEMO-3650,Ventilator,dbf5de02-231e-458c-9575-ad273ed5f5b8
DEMO-DEV-3985,1,DEMO-3985,Anesthesia Machine,dbf5de02-231e-458c-9575-ad273ed5f5b8
DEMO-DEV-4054,1,DEMO-4054,Defibrillator,fb688ffc-1b11-4eff-98f2-9ddc42bee05d
DEMO-DEV-4201,1,DEMO-4201,Ultrasound System,de1fc8ff-31ca-453a-8e05-4ef6f6344a89
DEMO-DEV-4244,1,DEMO-4244,X-Ray System,f1bd3fb4-d29a-4a49-a73f-fcb9d140af66
DEMO-DEV-4329,1,DEMO-4329,Pulse Oximeter,fb688ffc-1b11-4eff-98f2-9ddc42bee05d
DEMO-DEV-4553,1,DEMO-4553,Electrosurgical Unit,053d4a00-e594-4305-ae71-a96c95a13530
DEMO-DEV-4587,1,DEMO-4587,ECG Machine,fb688ffc-1b11-4eff-98f2-9ddc42bee05d
DEMO-DEV-4643,1,DEMO-4643,Syringe Pump,3063f084-58b4-4185-9334-5219ca4fd060
DEMO-DEV-4696,1,DEMO-4696,Electrosurgical Unit,de1fc8ff-31ca-453a-8e05-4ef6f6344a89
DEMO-DEV-4737,1,DEMO-4737,Ventilator,dbf5de02-231e-458c-9575-ad273ed5f5b8
DEMO-DEV-4877,1,DEMO-4877,Patient Monitor,5221b7d8-06db-4aae-aaff-9bb16ecffd99
DEMO-DEV-4907,1,DEMO-4907,Anesthesia Machine,d5382c80-abaa-4a87-b4a1-cb76fb0f264c
DEMO-DEV-5527,1,DEMO-5527,Autoclave,e19c99a4-ade8-4c7f-a494-8746650c680c
DEMO-DEV-5611,1,DEMO-5611,Ventilator,fb688ffc-1b11-4eff-98f2-9ddc42bee05d
DEMO-DEV-5749,1,DEMO-5749,X-Ray System,f1bd3fb4-d29a-4a49-a73f-fcb9d140af66
DEMO-DEV-5921,1,DEMO-5921,Infusion Pump,3063f084-58b4-4185-9334-5219ca4fd060
DEMO-DEV-5933,1,DEMO-5933,Autoclave,e19c99a4-ade8-4c7f-a494-8746650c680c
DEMO-DEV-5956,1,DEMO-5956,Patient Monitor,fb688ffc-1b11-4eff-98f2-9ddc42bee05d
DEMO-DEV-5965,1,DEMO-5965,Autoclave,e19c99a4-ade8-4c7f-a494-8746650c680c
DEMO-DEV-6103,1,DEMO-6103,Electrosurgical Unit,5221b7d8-06db-4aae-aaff-9bb16ecffd99
DEMO-DEV-6394,1,DEMO-6394,Ventilator,dbf5de02-231e-458c-9575-ad273ed5f5b8
DEMO-DEV-6533,1,DEMO-6533,Autoclave,087cb0cc-f07b-4d69-aa97-f0fb17ac6bf5
DEMO-DEV-6604,1,DEMO-6604,Pulse Oximeter,d5382c80-abaa-4a87-b4a1-cb76fb0f264c
DEMO-DEV-6708,1,DEMO-6708,Pulse Oximeter,5e9a7ead-ebbc-4d90-9dfa-960b95ff7c32
DEMO-DEV-6856,1,DEMO-6856,ECG Machine,5e9a7ead-ebbc-4d90-9dfa-960b95ff7c32
DEMO-DEV-6983,1,DEMO-6983,Pulse Oximeter,dbf5de02-231e-458c-9575-ad273ed5f5b8
DEMO-DEV-7501,1,DEMO-7501,ECG Machine,fb688ffc-1b11-4eff-98f2-9ddc42bee05d
DEMO-DEV-7644,1,DEMO-7644,ECG Machine,42ee3277-2e48-431d-b386-6ea209c2fcab
DEMO-DEV-7670,1,DEMO-7670,X-Ray System,fb688ffc-1b11-4eff-98f2-9ddc42bee05d
DEMO-DEV-7755,1,DEMO-7755,Infusion Pump,d5382c80-abaa-4a87-b4a1-cb76fb0f264c
DEMO-DEV-7941,1,DEMO-7941,Ventilator,fb688ffc-1b11-4eff-98f2-9ddc42bee05d
DEMO-DEV-8129,1,DEMO-8129,Ventilator,fb688ffc-1b11-4eff-98f2-9ddc42bee05d
DEMO-DEV-8157,1,DEMO-8157,Syringe Pump,d5382c80-abaa-4a87-b4a1-cb76fb0f264c
DEMO-DEV-8239,1,DEMO-8239,Ultrasound System,f1bd3fb4-d29a-4a49-a73f-fcb9d140af66
DEMO-DEV-8268,1,DEMO-8268,Pulse Oximeter,dbf5de02-231e-458c-9575-ad273ed5f5b8
DEMO-DEV-8302,1,DEMO-8302,Ventilator,fb688ffc-1b11-4eff-98f2-9ddc42bee05d
DEMO-DEV-8423,1,DEMO-8423,Autoclave,087cb0cc-f07b-4d69-aa97-f0fb17ac6bf5
DEMO-DEV-8448,1,DEMO-8448,Patient Monitor,5e9a7ead-ebbc-4d90-9dfa-960b95ff7c32
DEMO-DEV-8611,1,DEMO-8611,Syringe Pump,dbf5de02-231e-458c-9575-ad273ed5f5b8
DEMO-DEV-8635,1,DEMO-8635,Electrosurgical Unit,7fa95649-4f83-4422-99e3-aecc70af8737
DEMO-DEV-8743,1,DEMO-8743,ECG Machine,5e9a7ead-ebbc-4d90-9dfa-960b95ff7c32
DEMO-DEV-8824,1,DEMO-8824,Anesthesia Machine,f75d2bae-4cbf-4736-ae9b-4da7cbd1dada
DEMO-DEV-8849,1,DEMO-8849,Autoclave,087cb0cc-f07b-4d69-aa97-f0fb17ac6bf5
DEMO-DEV-9062,1,DEMO-9062,X-Ray System,fb688ffc-1b11-4eff-98f2-9ddc42bee05d
DEMO-DEV-9268,1,DEMO-9268,Anesthesia Machine,5cbbfa1e-37f3-448b-a3bd-d3f30054ca16
DEMO-DEV-9359,1,DEMO-9359,X-Ray System,f1bd3fb4-d29a-4a49-a73f-fcb9d140af66
DEMO-DEV-9391,1,DEMO-9391,Ultrasound System,42ee3277-2e48-431d-b386-6ea209c2fcab
DEMO-DEV-9561,1,DEMO-9561,Electrosurgical Unit,087cb0cc-f07b-4d69-aa97-f0fb17ac6bf5
DEMO-DEV-9639,1,DEMO-9639,Infusion Pump,02e6a10b-282c-4bf5-a61a-547e12683222
DEMO-DEV-9728,1,DEMO-9728,Pulse Oximeter,5e9a7ead-ebbc-4d90-9dfa-960b95ff7c32
DEMO-DEV-4566,1,DEMO-4566,ECG Machine,3063f084-58b4-4185-9334-5219ca4fd060
DEMO-DEV-4567,1,DEMO-4567,Pulse Oximeter,5e9a7ead-ebbc-4d90-9dfa-960b95ff7c32
DEMO-DEV-0022,1,DEMO-0022,Syringe Pump,5e9a7ead-ebbc-4d90-9dfa-960b95ff7c32
DEMO-DEV-0023,1,DEMO-0023,Patient Monitor,5e9a7ead-ebbc-4d90-9dfa-960b95ff7c32
DEMO-DEV-0035,1,DEMO-0035,Ultrasound System,f1bd3fb4-d29a-4a49-a73f-fcb9d140af66
DEMO-DEV-0064,1,DEMO-0064,Electrosurgical Unit,053d4a00-e594-4305-ae71-a96c95a13530
DEMO-DEV-0079,1,DEMO-0079,Ultrasound System,42ee3277-2e48-431d-b386-6ea209c2fcab
DEMO-DEV-0092,1,DEMO-0092,Patient Monitor,5221b7d8-06db-4aae-aaff-9bb16ecffd99
DEMO-DEV-0107,1,DEMO-0107,Defibrillator,fb688ffc-1b11-4eff-98f2-9ddc42bee05d
DEMO-DEV-0119,1,DEMO-0119,Ultrasound System,f1bd3fb4-d29a-4a49-a73f-fcb9d140af66
DEMO-DEV-0120,1,DEMO-0120,Electrosurgical Unit,087cb0cc-f07b-4d69-aa97-f0fb17ac6bf5
DEMO-DEV-0134,1,DEMO-0134,Syringe Pump,3063f084-58b4-4185-9334-5219ca4fd060
DEMO-DEV-0135,1,DEMO-0135,ECG Machine,fb688ffc-1b11-4eff-98f2-9ddc42bee05d
DEMO-DEV-0162,1,DEMO-0162,Ultrasound System,de1fc8ff-31ca-453a-8e05-4ef6f6344a89
DEMO-DEV-0176,1,DEMO-0176,Ultrasound System,de1fc8ff-31ca-453a-8e05-4ef6f6344a89
DEMO-DEV-0189,1,DEMO-0189,Defibrillator,fb688ffc-1b11-4eff-98f2-9ddc42bee05d
DEMO-DEV-0203,1,DEMO-0203,Syringe Pump,fb688ffc-1b11-4eff-98f2-9ddc42bee05d
DEMO-DEV-0222,1,DEMO-0222,Pulse Oximeter,42ee3277-2e48-431d-b386-6ea209c2fcab
DEMO-DEV-0223,1,DEMO-0223,Patient Monitor,3063f084-58b4-4185-9334-5219ca4fd060
DEMO-DEV-0233,1,DEMO-0233,Defibrillator,fb688ffc-1b11-4eff-98f2-9ddc42bee05d
DEMO-DEV-0244,1,DEMO-0244,Electrosurgical Unit,053d4a00-e594-4305-ae71-a96c95a13530
DEMO-DEV-0245,1,DEMO-0245,Anesthesia Machine,02e6a10b-282c-4bf5-a61a-547e12683222
DEMO-DEV-0273,1,DEMO-0273,ECG Machine,d5382c80-abaa-4a87-b4a1-cb76fb0f264c
DEMO-DEV-0288,1,DEMO-0288,Syringe Pump,5e9a7ead-ebbc-4d90-9dfa-960b95ff7c32
DEMO-DEV-0300,1,DEMO-0300,Ventilator,fb688ffc-1b11-4eff-98f2-9ddc42bee05d
DEMO-DEV-0314,1,DEMO-0314,Defibrillator,fb688ffc-1b11-4eff-98f2-9ddc42bee05d
DEMO-DEV-0358,1,DEMO-0358,ECG Machine,42ee3277-2e48-431d-b386-6ea209c2fcab
DEMO-DEV-0373,1,DEMO-0373,Patient Monitor,d5382c80-abaa-4a87-b4a1-cb76fb0f264c
DEMO-DEV-0374,1,DEMO-0374,X-Ray System,fb688ffc-1b11-4eff-98f2-9ddc42bee05d
DEMO-DEV-0412,1,DEMO-0412,X-Ray System,f1bd3fb4-d29a-4a49-a73f-fcb9d140af66
DEMO-DEV-0413,1,DEMO-0413,Pulse Oximeter,d5382c80-abaa-4a87-b4a1-cb76fb0f264c
DEMO-DEV-0426,1,DEMO-0426,Autoclave,e19c99a4-ade8-4c7f-a494-8746650c680c
DEMO-DEV-0428,1,DEMO-0428,Electrosurgical Unit,087cb0cc-f07b-4d69-aa97-f0fb17ac6bf5
DEMO-DEV-0429,1,DEMO-0429,Ultrasound System,f1bd3fb4-d29a-4a49-a73f-fcb9d140af66
DEMO-DEV-0466,1,DEMO-0466,Autoclave,e19c99a4-ade8-4c7f-a494-8746650c680c
DEMO-DEV-0479,1,DEMO-0479,Autoclave,7fa95649-4f83-4422-99e3-aecc70af8737
DEMO-DEV-0536,1,DEMO-0536,Ultrasound System,42ee3277-2e48-431d-b386-6ea209c2fcab
DEMO-DEV-0537,1,DEMO-0537,Anesthesia Machine,e19c99a4-ade8-4c7f-a494-8746650c680c
DEMO-DEV-0550,1,DEMO-0550,Ventilator,fb688ffc-1b11-4eff-98f2-9ddc42bee05d
DEMO-DEV-0553,1,DEMO-0553,Defibrillator,fb688ffc-1b11-4eff-98f2-9ddc42bee05d
DEMO-DEV-0637,1,DEMO-0637,Infusion Pump,3abaabf6-cb3c-4665-9bf7-51e15d6b83a6
DEMO-DEV-0638,1,DEMO-0638,Autoclave,7fa95649-4f83-4422-99e3-aecc70af8737
DEMO-DEV-0641,1,DEMO-0641,Anesthesia Machine,5221b7d8-06db-4aae-aaff-9bb16ecffd99
DEMO-DEV-0646,1,DEMO-0646,Anesthesia Machine,5efa96ef-94e4-475f-ab85-574e4e8366bd
DEMO-DEV-0647,1,DEMO-0647,Patient Monitor,3063f084-58b4-4185-9334-5219ca4fd060
DEMO-DEV-0648,1,DEMO-0648,Autoclave,7fa95649-4f83-4422-99e3-aecc70af8737
DEMO-DEV-0665,1,DEMO-0665,Patient Monitor,5221b7d8-06db-4aae-aaff-9bb16ecffd99
DEMO-DEV-0690,1,DEMO-0690,Anesthesia Machine,dbf5de02-231e-458c-9575-ad273ed5f5b8
DEMO-DEV-0703,1,DEMO-0703,Infusion Pump,5221b7d8-06db-4aae-aaff-9bb16ecffd99
DEMO-DEV-0719,1,DEMO-0719,Patient Monitor,d5382c80-abaa-4a87-b4a1-cb76fb0f264c
DEMO-DEV-0730,1,DEMO-0730,Anesthesia Machine,cfeb1a0b-e69b-4ef5-b5ef-3431f0ad201c
DEMO-DEV-0748,1,DEMO-0748,Infusion Pump,02e6a10b-282c-4bf5-a61a-547e12683222
DEMO-DEV-0773,1,DEMO-0773,Ventilator,fb688ffc-1b11-4eff-98f2-9ddc42bee05d
DEMO-DEV-0786,1,DEMO-0786,Infusion Pump,8e27f500-7d94-4ee5-be36-9f990b34e092
DEMO-DEV-0800,1,DEMO-0800,Ultrasound System,f1bd3fb4-d29a-4a49-a73f-fcb9d140af66
DEMO-DEV-0814,1,DEMO-0814,Patient Monitor,d5382c80-abaa-4a87-b4a1-cb76fb0f264c
DEMO-DEV-0827,1,DEMO-0827,Syringe Pump,fb688ffc-1b11-4eff-98f2-9ddc42bee05d
DEMO-DEV-0828,1,DEMO-0828,Defibrillator,fb688ffc-1b11-4eff-98f2-9ddc42bee05d
DEMO-DEV-0830,1,DEMO-0830,Autoclave,087cb0cc-f07b-4d69-aa97-f0fb17ac6bf5
DEMO-DEV-0858,1,DEMO-0858,Electrosurgical Unit,02e6a10b-282c-4bf5-a61a-547e12683222
DEMO-DEV-0864,1,DEMO-0864,Pulse Oximeter,3063f084-58b4-4185-9334-5219ca4fd060
DEMO-DEV-0868,1,DEMO-0868,X-Ray System,fb688ffc-1b11-4eff-98f2-9ddc42bee05d
DEMO-DEV-0870,1,DEMO-0870,Anesthesia Machine,7fa95649-4f83-4422-99e3-aecc70af8737
DEMO-DEV-0897,1,DEMO-0897,Defibrillator,fb688ffc-1b11-4eff-98f2-9ddc42bee05d
DEMO-DEV-0899,1,DEMO-0899,Syringe Pump,3abaabf6-cb3c-4665-9bf7-51e15d6b83a6
DEMO-DEV-0910,1,DEMO-0910,Ventilator,dbf5de02-231e-458c-9575-ad273ed5f5b8
DEMO-DEV-0912,1,DEMO-0912,X-Ray System,f1bd3fb4-d29a-4a49-a73f-fcb9d140af66
DEMO-DEV-0926,1,DEMO-0926,Anesthesia Machine,087cb0cc-f07b-4d69-aa97-f0fb17ac6bf5
DEMO-DEV-0954,1,DEMO-0954,Syringe Pump,dbf5de02-231e-458c-9575-ad273ed5f5b8
DEMO-DEV-0966,1,DEMO-0966,Ultrasound System,de1fc8ff-31ca-453a-8e05-4ef6f6344a89
DEMO-DEV-0972,1,DEMO-0972,Infusion Pump,5e9a7ead-ebbc-4d90-9dfa-960b95ff7c32
DEMO-DEV-0982,1,DEMO-0982,Syringe Pump,5e9a7ead-ebbc-4d90-9dfa-960b95ff7c32
DEMO-DEV-1007,1,DEMO-1007,Ventilator,dbf5de02-231e-458c-9575-ad273ed5f5b8
DEMO-DEV-1008,1,DEMO-1008,Patient Monitor,d5382c80-abaa-4a87-b4a1-cb76fb0f264c
DEMO-DEV-1021,1,DEMO-1021,Defibrillator,fb688ffc-1b11-4eff-98f2-9ddc42bee05d
DEMO-DEV-1023,1,DEMO-1023,Defibrillator,fb688ffc-1b11-4eff-98f2-9ddc42bee05d
DEMO-DEV-1035,1,DEMO-1035,X-Ray System,fb688ffc-1b11-4eff-98f2-9ddc42bee05d
DEMO-DEV-1039,1,DEMO-1039,Pulse Oximeter,d5382c80-abaa-4a87-b4a1-cb76fb0f264c
DEMO-DEV-1077,1,DEMO-1077,Autoclave,7fa95649-4f83-4422-99e3-aecc70af8737
DEMO-DEV-1080,1,DEMO-1080,Patient Monitor,8e27f500-7d94-4ee5-be36-9f990b34e092
DEMO-DEV-1082,1,DEMO-1082,X-Ray System,fb688ffc-1b11-4eff-98f2-9ddc42bee05d
DEMO-DEV-1106,1,DEMO-1106,Infusion Pump,3063f084-58b4-4185-9334-5219ca4fd060
DEMO-DEV-1108,1,DEMO-1108,X-Ray System,f1bd3fb4-d29a-4a49-a73f-fcb9d140af66
DEMO-DEV-1110,1,DEMO-1110,Patient Monitor,3063f084-58b4-4185-9334-5219ca4fd060
DEMO-DEV-1124,1,DEMO-1124,Syringe Pump,fb688ffc-1b11-4eff-98f2-9ddc42bee05d
DEMO-DEV-1126,1,DEMO-1126,Electrosurgical Unit,087cb0cc-f07b-4d69-aa97-f0fb17ac6bf5
DEMO-DEV-1147,1,DEMO-1147,Patient Monitor,02e6a10b-282c-4bf5-a61a-547e12683222
DEMO-DEV-1161,1,DEMO-1161,Ventilator,dbf5de02-231e-458c-9575-ad273ed5f5b8
DEMO-DEV-1163,1,DEMO-1163,Electrosurgical Unit,053d4a00-e594-4305-ae71-a96c95a13530
DEMO-DEV-1175,1,DEMO-1175,X-Ray System,fb688ffc-1b11-4eff-98f2-9ddc42bee05d
DEMO-DEV-1177,1,DEMO-1177,X-Ray System,fb688ffc-1b11-4eff-98f2-9ddc42bee05d
DEMO-DEV-1190,1,DEMO-1190,Defibrillator,fb688ffc-1b11-4eff-98f2-9ddc42bee05d
DEMO-DEV-1191,1,DEMO-1191,Ultrasound System,42ee3277-2e48-431d-b386-6ea209c2fcab
DEMO-DEV-1201,1,DEMO-1201,Electrosurgical Unit,053d4a00-e594-4305-ae71-a96c95a13530
DEMO-DEV-1203,1,DEMO-1203,ECG Machine,42ee3277-2e48-431d-b386-6ea209c2fcab
DEMO-DEV-1219,1,DEMO-1219,ECG Machine,42ee3277-2e48-431d-b386-6ea209c2fcab
DEMO-DEV-1222,1,DEMO-1222,Ventilator,dbf5de02-231e-458c-9575-ad273ed5f5b8
DEMO-DEV-1223,1,DEMO-1223,Ultrasound System,de1fc8ff-31ca-453a-8e05-4ef6f6344a89
DEMO-DEV-1230,1,DEMO-1230,Electrosurgical Unit,8e27f500-7d94-4ee5-be36-9f990b34e092
DEMO-DEV-1264,1,DEMO-1264,Infusion Pump,5e9a7ead-ebbc-4d90-9dfa-960b95ff7c32
DEMO-DEV-1271,1,DEMO-1271,X-Ray System,fb688ffc-1b11-4eff-98f2-9ddc42bee05d
DEMO-DEV-1316,1,DEMO-1316,Ventilator,dbf5de02-231e-458c-9575-ad273ed5f5b8
DEMO-DEV-1355,1,DEMO-1355,X-Ray System,fb688ffc-1b11-4eff-98f2-9ddc42bee05d
DEMO-DEV-1370,1,DEMO-1370,ECG Machine,42ee3277-2e48-431d-b386-6ea209c2fcab
DEMO-DEV-1387,1,DEMO-1387,Infusion Pump,dbf5de02-231e-458c-9575-ad273ed5f5b8
DEMO-DEV-1403,1,DEMO-1403,Ventilator,fb688ffc-1b11-4eff-98f2-9ddc42bee05d
DEMO-DEV-1414,1,DEMO-1414,Electrosurgical Unit,8e27f500-7d94-4ee5-be36-9f990b34e092
DEMO-DEV-1438,1,DEMO-1438,Anesthesia Machine,52802a7b-96a8-41fd-8129-b93e575505fd
DEMO-DEV-1440,1,DEMO-1440,Ultrasound System,42ee3277-2e48-431d-b386-6ea209c2fcab
DEMO-DEV-1453,1,DEMO-1453,Patient Monitor,3063f084-58b4-4185-9334-5219ca4fd060
DEMO-DEV-1454,1,DEMO-1454,Defibrillator,fb688ffc-1b11-4eff-98f2-9ddc42bee05d
DEMO-DEV-1470,1,DEMO-1470,Ultrasound System,42ee3277-2e48-431d-b386-6ea209c2fcab
DEMO-DEV-1479,1,DEMO-1479,Defibrillator,fb688ffc-1b11-4eff-98f2-9ddc42bee05d
DEMO-DEV-1480,1,DEMO-1480,Infusion Pump,dbf5de02-231e-458c-9575-ad273ed5f5b8
DEMO-DEV-1493,1,DEMO-1493,X-Ray System,fb688ffc-1b11-4eff-98f2-9ddc42bee05d
DEMO-DEV-1496,1,DEMO-1496,Anesthesia Machine,8e27f500-7d94-4ee5-be36-9f990b34e092
DEMO-DEV-1508,1,DEMO-1508,Defibrillator,fb688ffc-1b11-4eff-98f2-9ddc42bee05d
DEMO-DEV-1511,1,DEMO-1511,Syringe Pump,3063f084-58b4-4185-9334-5219ca4fd060
DEMO-DEV-1520,1,DEMO-1520,Infusion Pump,fb688ffc-1b11-4eff-98f2-9ddc42bee05d
DEMO-DEV-1522,1,DEMO-1522,Autoclave,e19c99a4-ade8-4c7f-a494-8746650c680c
DEMO-DEV-1537,1,DEMO-1537,Pulse Oximeter,42ee3277-2e48-431d-b386-6ea209c2fcab
DEMO-DEV-1548,1,DEMO-1548,Pulse Oximeter,dbf5de02-231e-458c-9575-ad273ed5f5b8
DEMO-DEV-1564,1,DEMO-1564,Ultrasound System,f1bd3fb4-d29a-4a49-a73f-fcb9d140af66
DEMO-DEV-1567,1,DEMO-1567,Ultrasound System,f1bd3fb4-d29a-4a49-a73f-fcb9d140af66
DEMO-DEV-1578,1,DEMO-1578,Ventilator,fb688ffc-1b11-4eff-98f2-9ddc42bee05d
DEMO-DEV-1588,1,DEMO-1588,Pulse Oximeter,fb688ffc-1b11-4eff-98f2-9ddc42bee05d
DEMO-DEV-1589,1,DEMO-1589,Infusion Pump,dbf5de02-231e-458c-9575-ad273ed5f5b8
DEMO-DEV-1602,1,DEMO-1602,Defibrillator,fb688ffc-1b11-4eff-98f2-9ddc42bee05d
DEMO-DEV-1615,1,DEMO-1615,Ultrasound System,de1fc8ff-31ca-453a-8e05-4ef6f6344a89
DEMO-DEV-1625,1,DEMO-1625,Ventilator,dbf5de02-231e-458c-9575-ad273ed5f5b8
DEMO-DEV-1627,1,DEMO-1627,ECG Machine,42ee3277-2e48-431d-b386-6ea209c2fcab
DEMO-DEV-1629,1,DEMO-1629,Patient Monitor,5221b7d8-06db-4aae-aaff-9bb16ecffd99
DEMO-DEV-1661,1,DEMO-1661,Autoclave,e19c99a4-ade8-4c7f-a494-8746650c680c
DEMO-DEV-1673,1,DEMO-1673,Syringe Pump,fb688ffc-1b11-4eff-98f2-9ddc42bee05d
DEMO-DEV-1675,1,DEMO-1675,Infusion Pump,5221b7d8-06db-4aae-aaff-9bb16ecffd99
DEMO-DEV-1699,1,DEMO-1699,Syringe Pump,dbf5de02-231e-458c-9575-ad273ed5f5b8
DEMO-DEV-1714,1,DEMO-1714,Syringe Pump,5e9a7ead-ebbc-4d90-9dfa-960b95ff7c32
DEMO-DEV-1727,1,DEMO-1727,Anesthesia Machine,053d4a00-e594-4305-ae71-a96c95a13530
DEMO-DEV-1744,1,DEMO-1744,Infusion Pump,fb688ffc-1b11-4eff-98f2-9ddc42bee05d
DEMO-DEV-1772,1,DEMO-1772,Electrosurgical Unit,7fa95649-4f83-4422-99e3-aecc70af8737
DEMO-DEV-1783,1,DEMO-1783,Patient Monitor,02e6a10b-282c-4bf5-a61a-547e12683222
DEMO-DEV-1786,1,DEMO-1786,Patient Monitor,02e6a10b-282c-4bf5-a61a-547e12683222
DEMO-DEV-1799,1,DEMO-1799,X-Ray System,fb688ffc-1b11-4eff-98f2-9ddc42bee05d
DEMO-DEV-1868,1,DEMO-1868,X-Ray System,f1bd3fb4-d29a-4a49-a73f-fcb9d140af66
DEMO-DEV-1874,1,DEMO-1874,Electrosurgical Unit,7fa95649-4f83-4422-99e3-aecc70af8737
DEMO-DEV-1883,1,DEMO-1883,Defibrillator,fb688ffc-1b11-4eff-98f2-9ddc42bee05d
DEMO-DEV-1893,1,DEMO-1893,ECG Machine,d5382c80-abaa-4a87-b4a1-cb76fb0f264c
DEMO-DEV-1897,1,DEMO-1897,Ventilator,dbf5de02-231e-458c-9575-ad273ed5f5b8
DEMO-DEV-1912,1,DEMO-1912,ECG Machine,3063f084-58b4-4185-9334-5219ca4fd060
DEMO-DEV-1934,1,DEMO-1934,X-Ray System,f1bd3fb4-d29a-4a49-a73f-fcb9d140af66
DEMO-DEV-1949,1,DEMO-1949,ECG Machine,42ee3277-2e48-431d-b386-6ea209c2fcab
DEMO-DEV-1963,1,DEMO-1963,Anesthesia Machine,3063f084-58b4-4185-9334-5219ca4fd060
DEMO-DEV-1976,1,DEMO-1976,Pulse Oximeter,dbf5de02-231e-458c-9575-ad273ed5f5b8
DEMO-DEV-1989,1,DEMO-1989,Electrosurgical Unit,02e6a10b-282c-4bf5-a61a-547e12683222
DEMO-DEV-1990,1,DEMO-1990,Autoclave,087cb0cc-f07b-4d69-aa97-f0fb17ac6bf5
DEMO-DEV-1991,1,DEMO-1991,Patient Monitor,5221b7d8-06db-4aae-aaff-9bb16ecffd99
DEMO-DEV-2017,1,DEMO-2017,Electrosurgical Unit,053d4a00-e594-4305-ae71-a96c95a13530
DEMO-DEV-2018,1,DEMO-2018,ECG Machine,3063f084-58b4-4185-9334-5219ca4fd060
DEMO-DEV-2029,1,DEMO-2029,Patient Monitor,8e27f500-7d94-4ee5-be36-9f990b34e092
DEMO-DEV-2125,1,DEMO-2125,Electrosurgical Unit,5221b7d8-06db-4aae-aaff-9bb16ecffd99
DEMO-DEV-2127,1,DEMO-2127,X-Ray System,f1bd3fb4-d29a-4a49-a73f-fcb9d140af66
DEMO-DEV-2150,1,DEMO-2150,Ventilator,fb688ffc-1b11-4eff-98f2-9ddc42bee05d
DEMO-DEV-2151,1,DEMO-2151,Electrosurgical Unit,7fa95649-4f83-4422-99e3-aecc70af8737
DEMO-DEV-2165,1,DEMO-2165,Pulse Oximeter,3063f084-58b4-4185-9334-5219ca4fd060
DEMO-DEV-2178,1,DEMO-2178,Pulse Oximeter,5e9a7ead-ebbc-4d90-9dfa-960b95ff7c32
DEMO-DEV-2181,1,DEMO-2181,Defibrillator,fb688ffc-1b11-4eff-98f2-9ddc42bee05d
DEMO-DEV-2207,1,DEMO-2207,ECG Machine,3063f084-58b4-4185-9334-5219ca4fd060
DEMO-DEV-2240,1,DEMO-2240,X-Ray System,fb688ffc-1b11-4eff-98f2-9ddc42bee05d
DEMO-DEV-2247,1,DEMO-2247,Patient Monitor,02e6a10b-282c-4bf5-a61a-547e12683222
DEMO-DEV-2275,1,DEMO-2275,Pulse Oximeter,42ee3277-2e48-431d-b386-6ea209c2fcab
DEMO-DEV-2294,1,DEMO-2294,Pulse Oximeter,fb688ffc-1b11-4eff-98f2-9ddc42bee05d
DEMO-DEV-2306,1,DEMO-2306,Electrosurgical Unit,087cb0cc-f07b-4d69-aa97-f0fb17ac6bf5
DEMO-DEV-2307,1,DEMO-2307,Pulse Oximeter,d5382c80-abaa-4a87-b4a1-cb76fb0f264c
DEMO-DEV-2335,1,DEMO-2335,Patient Monitor,3063f084-58b4-4185-9334-5219ca4fd060
DEMO-DEV-2341,1,DEMO-2341,Syringe Pump,d5382c80-abaa-4a87-b4a1-cb76fb0f264c
DEMO-DEV-2345,1,DEMO-2345,Infusion Pump,02e6a10b-282c-4bf5-a61a-547e12683222
DEMO-DEV-2368,1,DEMO-2368,Electrosurgical Unit,8e27f500-7d94-4ee5-be36-9f990b34e092
DEMO-DEV-2390,1,DEMO-2390,Electrosurgical Unit,053d4a00-e594-4305-ae71-a96c95a13530
DEMO-DEV-2401,1,DEMO-2401,Pulse Oximeter,42ee3277-2e48-431d-b386-6ea209c2fcab
DEMO-DEV-2402,1,DEMO-2402,Syringe Pump,3abaabf6-cb3c-4665-9bf7-51e15d6b83a6
DEMO-DEV-2441,1,DEMO-2441,Anesthesia Machine,5221b7d8-06db-4aae-aaff-9bb16ecffd99
DEMO-DEV-2456,1,DEMO-2456,X-Ray System,f1bd3fb4-d29a-4a49-a73f-fcb9d140af66
DEMO-DEV-2470,1,DEMO-2470,Ultrasound System,de1fc8ff-31ca-453a-8e05-4ef6f6344a89
DEMO-DEV-2472,1,DEMO-2472,Syringe Pump,dbf5de02-231e-458c-9575-ad273ed5f5b8
DEMO-DEV-2496,1,DEMO-2496,Anesthesia Machine,8e27f500-7d94-4ee5-be36-9f990b34e092
DEMO-DEV-2510,1,DEMO-2510,Autoclave,e19c99a4-ade8-4c7f-a494-8746650c680c
DEMO-DEV-2511,1,DEMO-2511,Syringe Pump,dbf5de02-231e-458c-9575-ad273ed5f5b8
DEMO-DEV-2526,1,DEMO-2526,Infusion Pump,dbf5de02-231e-458c-9575-ad273ed5f5b8
DEMO-DEV-2555,1,DEMO-2555,Pulse Oximeter,fb688ffc-1b11-4eff-98f2-9ddc42bee05d
DEMO-DEV-2567,1,DEMO-2567,Pulse Oximeter,dbf5de02-231e-458c-9575-ad273ed5f5b8
DEMO-DEV-2568,1,DEMO-2568,Autoclave,7fa95649-4f83-4422-99e3-aecc70af8737
DEMO-DEV-2591,1,DEMO-2591,X-Ray System,fb688ffc-1b11-4eff-98f2-9ddc42bee05d
DEMO-DEV-2620,1,DEMO-2620,X-Ray System,f1bd3fb4-d29a-4a49-a73f-fcb9d140af66
DEMO-DEV-2635,1,DEMO-2635,Patient Monitor,d5382c80-abaa-4a87-b4a1-cb76fb0f264c
DEMO-DEV-2648,1,DEMO-2648,Infusion Pump,3abaabf6-cb3c-4665-9bf7-51e15d6b83a6
DEMO-DEV-2649,1,DEMO-2649,Ultrasound System,42ee3277-2e48-431d-b386-6ea209c2fcab
DEMO-DEV-2662,1,DEMO-2662,Defibrillator,fb688ffc-1b11-4eff-98f2-9ddc42bee05d
DEMO-DEV-2667,1,DEMO-2667,Electrosurgical Unit,087cb0cc-f07b-4d69-aa97-f0fb17ac6bf5
DEMO-DEV-2690,1,DEMO-2690,Electrosurgical Unit,8e27f500-7d94-4ee5-be36-9f990b34e092
DEMO-DEV-2693,1,DEMO-2693,Electrosurgical Unit,5221b7d8-06db-4aae-aaff-9bb16ecffd99
DEMO-DEV-2707,1,DEMO-2707,Anesthesia Machine,8e27f500-7d94-4ee5-be36-9f990b34e092
DEMO-DEV-2723,1,DEMO-2723,Patient Monitor,3063f084-58b4-4185-9334-5219ca4fd060
DEMO-DEV-2745,1,DEMO-2745,Patient Monitor,5221b7d8-06db-4aae-aaff-9bb16ecffd99
DEMO-DEV-2788,1,DEMO-2788,Electrosurgical Unit,5221b7d8-06db-4aae-aaff-9bb16ecffd99
DEMO-DEV-2801,1,DEMO-2801,Infusion Pump,5221b7d8-06db-4aae-aaff-9bb16ecffd99
DEMO-DEV-2803,1,DEMO-2803,Infusion Pump,d5382c80-abaa-4a87-b4a1-cb76fb0f264c
DEMO-DEV-2845,1,DEMO-2845,Electrosurgical Unit,087cb0cc-f07b-4d69-aa97-f0fb17ac6bf5
DEMO-DEV-2857,1,DEMO-2857,Patient Monitor,5221b7d8-06db-4aae-aaff-9bb16ecffd99
DEMO-DEV-2885,1,DEMO-2885,Syringe Pump,5e9a7ead-ebbc-4d90-9dfa-960b95ff7c32
DEMO-DEV-2886,1,DEMO-2886,Ultrasound System,42ee3277-2e48-431d-b386-6ea209c2fcab
DEMO-DEV-2897,1,DEMO-2897,Anesthesia Machine,d5382c80-abaa-4a87-b4a1-cb76fb0f264c
DEMO-DEV-2928,1,DEMO-2928,X-Ray System,fb688ffc-1b11-4eff-98f2-9ddc42bee05d
DEMO-DEV-2967,1,DEMO-2967,Pulse Oximeter,fb688ffc-1b11-4eff-98f2-9ddc42bee05d
DEMO-DEV-2982,1,DEMO-2982,Anesthesia Machine,de1fc8ff-31ca-453a-8e05-4ef6f6344a89
DEMO-DEV-3025,1,DEMO-3025,Ultrasound System,f1bd3fb4-d29a-4a49-a73f-fcb9d140af66
DEMO-DEV-3063,1,DEMO-3063,Syringe Pump,d5382c80-abaa-4a87-b4a1-cb76fb0f264c
DEMO-DEV-3065,1,DEMO-3065,Autoclave,7fa95649-4f83-4422-99e3-aecc70af8737
DEMO-DEV-3078,1,DEMO-3078,Syringe Pump,3abaabf6-cb3c-4665-9bf7-51e15d6b83a6
DEMO-DEV-3107,1,DEMO-3107,Patient Monitor,02e6a10b-282c-4bf5-a61a-547e12683222
DEMO-DEV-3121,1,DEMO-3121,Patient Monitor,8e27f500-7d94-4ee5-be36-9f990b34e092
DEMO-DEV-3125,1,DEMO-3125,Electrosurgical Unit,5221b7d8-06db-4aae-aaff-9bb16ecffd99
DEMO-DEV-3146,1,DEMO-3146,Syringe Pump,fb688ffc-1b11-4eff-98f2-9ddc42bee05d
DEMO-DEV-3151,1,DEMO-3151,Electrosurgical Unit,087cb0cc-f07b-4d69-aa97-f0fb17ac6bf5
DEMO-DEV-3159,1,DEMO-3159,Infusion Pump,d5382c80-abaa-4a87-b4a1-cb76fb0f264c
DEMO-DEV-3173,1,DEMO-3173,Pulse Oximeter,fb688ffc-1b11-4eff-98f2-9ddc42bee05d
DEMO-DEV-3174,1,DEMO-3174,Syringe Pump,fb688ffc-1b11-4eff-98f2-9ddc42bee05d
DEMO-DEV-3177,1,DEMO-3177,Ventilator,dbf5de02-231e-458c-9575-ad273ed5f5b8
DEMO-DEV-3204,1,DEMO-3204,Ventilator,dbf5de02-231e-458c-9575-ad273ed5f5b8
DEMO-DEV-3205,1,DEMO-3205,ECG Machine,42ee3277-2e48-431d-b386-6ea209c2fcab
DEMO-DEV-3216,1,DEMO-3216,Ventilator,fb688ffc-1b11-4eff-98f2-9ddc42bee05d
DEMO-DEV-3229,1,DEMO-3229,X-Ray System,f1bd3fb4-d29a-4a49-a73f-fcb9d140af66
DEMO-DEV-3244,1,DEMO-3244,Infusion Pump,3abaabf6-cb3c-4665-9bf7-51e15d6b83a6
DEMO-DEV-3271,1,DEMO-3271,Infusion Pump,fb688ffc-1b11-4eff-98f2-9ddc42bee05d
DEMO-DEV-3284,1,DEMO-3284,Ventilator,fb688ffc-1b11-4eff-98f2-9ddc42bee05d
DEMO-DEV-3298,1,DEMO-3298,ECG Machine,d5382c80-abaa-4a87-b4a1-cb76fb0f264c
DEMO-DEV-3299,1,DEMO-3299,Pulse Oximeter,3063f084-58b4-4185-9334-5219ca4fd060
DEMO-DEV-3313,1,DEMO-3313,Ventilator,dbf5de02-231e-458c-9575-ad273ed5f5b8
DEMO-DEV-3314,1,DEMO-3314,Anesthesia Machine,3063f084-58b4-4185-9334-5219ca4fd060
DEMO-DEV-3326,1,DEMO-3326,Anesthesia Machine,38a452c4-a457-49c8-b4e7-5a9dfefbf45a
DEMO-DEV-3327,1,DEMO-3327,Anesthesia Machine,de1fc8ff-31ca-453a-8e05-4ef6f6344a89
DEMO-DEV-3381,1,DEMO-3381,Ventilator,fb688ffc-1b11-4eff-98f2-9ddc42bee05d
DEMO-DEV-3382,1,DEMO-3382,Electrosurgical Unit,053d4a00-e594-4305-ae71-a96c95a13530
DEMO-DEV-3409,1,DEMO-3409,Defibrillator,fb688ffc-1b11-4eff-98f2-9ddc42bee05d
DEMO-DEV-3410,1,DEMO-3410,Electrosurgical Unit,8e27f500-7d94-4ee5-be36-9f990b34e092
DEMO-DEV-3411,1,DEMO-3411,Pulse Oximeter,3063f084-58b4-4185-9334-5219ca4fd060
DEMO-DEV-3449,1,DEMO-3449,ECG Machine,42ee3277-2e48-431d-b386-6ea209c2fcab
DEMO-DEV-3452,1,DEMO-3452,Autoclave,087cb0cc-f07b-4d69-aa97-f0fb17ac6bf5
DEMO-DEV-3462,1,DEMO-3462,ECG Machine,fb688ffc-1b11-4eff-98f2-9ddc42bee05d
DEMO-DEV-3476,1,DEMO-3476,Infusion Pump,d5382c80-abaa-4a87-b4a1-cb76fb0f264c
DEMO-DEV-3477,1,DEMO-3477,Ultrasound System,de1fc8ff-31ca-453a-8e05-4ef6f6344a89
DEMO-DEV-3491,1,DEMO-3491,Pulse Oximeter,42ee3277-2e48-431d-b386-6ea209c2fcab
DEMO-DEV-3519,1,DEMO-3519,Ventilator,dbf5de02-231e-458c-9575-ad273ed5f5b8
DEMO-DEV-3532,1,DEMO-3532,Ventilator,fb688ffc-1b11-4eff-98f2-9ddc42bee05d
DEMO-DEV-3573,1,DEMO-3573,Ventilator,dbf5de02-231e-458c-9575-ad273ed5f5b8
DEMO-DEV-3576,1,DEMO-3576,Defibrillator,fb688ffc-1b11-4eff-98f2-9ddc42bee05d
DEMO-DEV-3590,1,DEMO-3590,Ultrasound System,f1bd3fb4-d29a-4a49-a73f-fcb9d140af66
DEMO-DEV-3591,1,DEMO-3591,Autoclave,e19c99a4-ade8-4c7f-a494-8746650c680c
DEMO-DEV-3594,1,DEMO-3594,Ventilator,fb688ffc-1b11-4eff-98f2-9ddc42bee05d
DEMO-DEV-3647,1,DEMO-3647,Defibrillator,fb688ffc-1b11-4eff-98f2-9ddc42bee05d
DEMO-DEV-3657,1,DEMO-3657,Pulse Oximeter,dbf5de02-231e-458c-9575-ad273ed5f5b8
DEMO-DEV-3687,1,DEMO-3687,Infusion Pump,8e27f500-7d94-4ee5-be36-9f990b34e092
DEMO-DEV-3703,1,DEMO-3703,Infusion Pump,02e6a10b-282c-4bf5-a61a-547e12683222
DEMO-DEV-3711,1,DEMO-3711,Patient Monitor,8e27f500-7d94-4ee5-be36-9f990b34e092
DEMO-DEV-3715,1,DEMO-3715,Patient Monitor,3063f084-58b4-4185-9334-5219ca4fd060
DEMO-DEV-3724,1,DEMO-3724,Pulse Oximeter,5e9a7ead-ebbc-4d90-9dfa-960b95ff7c32
DEMO-DEV-3729,1,DEMO-3729,Ventilator,dbf5de02-231e-458c-9575-ad273ed5f5b8
DEMO-DEV-3753,1,DEMO-3753,Ventilator,dbf5de02-231e-458c-9575-ad273ed5f5b8
DEMO-DEV-3756,1,DEMO-3756,Ventilator,fb688ffc-1b11-4eff-98f2-9ddc42bee05d
DEMO-DEV-3762,1,DEMO-3762,Ventilator,dbf5de02-231e-458c-9575-ad273ed5f5b8
DEMO-DEV-3768,1,DEMO-3768,Infusion Pump,5221b7d8-06db-4aae-aaff-9bb16ecffd99
DEMO-DEV-3807,1,DEMO-3807,ECG Machine,d5382c80-abaa-4a87-b4a1-cb76fb0f264c
DEMO-DEV-3821,1,DEMO-3821,ECG Machine,5e9a7ead-ebbc-4d90-9dfa-960b95ff7c32
DEMO-DEV-3834,1,DEMO-3834,X-Ray System,f1bd3fb4-d29a-4a49-a73f-fcb9d140af66
DEMO-DEV-3837,1,DEMO-3837,Autoclave,e19c99a4-ade8-4c7f-a494-8746650c680c
DEMO-DEV-3848,1,DEMO-3848,Defibrillator,fb688ffc-1b11-4eff-98f2-9ddc42bee05d
DEMO-DEV-3877,1,DEMO-3877,Ventilator,dbf5de02-231e-458c-9575-ad273ed5f5b8
DEMO-DEV-3904,1,DEMO-3904,Anesthesia Machine,e19c99a4-ade8-4c7f-a494-8746650c680c
DEMO-DEV-3925,1,DEMO-3925,Electrosurgical Unit,7fa95649-4f83-4422-99e3-aecc70af8737
DEMO-DEV-3933,1,DEMO-3933,Ultrasound System,de1fc8ff-31ca-453a-8e05-4ef6f6344a89
DEMO-DEV-3936,1,DEMO-3936,Ultrasound System,42ee3277-2e48-431d-b386-6ea209c2fcab
DEMO-DEV-3960,1,DEMO-3960,Ultrasound System,de1fc8ff-31ca-453a-8e05-4ef6f6344a89
DEMO-DEV-3963,1,DEMO-3963,Syringe Pump,3abaabf6-cb3c-4665-9bf7-51e15d6b83a6
DEMO-DEV-3987,1,DEMO-3987,Autoclave,087cb0cc-f07b-4d69-aa97-f0fb17ac6bf5
DEMO-DEV-3989,1,DEMO-3989,Ventilator,fb688ffc-1b11-4eff-98f2-9ddc42bee05d
DEMO-DEV-4003,1,DEMO-4003,Anesthesia Machine,fb688ffc-1b11-4eff-98f2-9ddc42bee05d
DEMO-DEV-4010,1,DEMO-4010,Ultrasound System,42ee3277-2e48-431d-b386-6ea209c2fcab
DEMO-DEV-4015,1,DEMO-4015,Defibrillator,fb688ffc-1b11-4eff-98f2-9ddc42bee05d
DEMO-DEV-4017,1,DEMO-4017,Ventilator,fb688ffc-1b11-4eff-98f2-9ddc42bee05d
DEMO-DEV-4028,1,DEMO-4028,Ultrasound System,42ee3277-2e48-431d-b386-6ea209c2fcab
DEMO-DEV-4029,1,DEMO-4029,X-Ray System,f1bd3fb4-d29a-4a49-a73f-fcb9d140af66
DEMO-DEV-4055,1,DEMO-4055,Pulse Oximeter,5e9a7ead-ebbc-4d90-9dfa-960b95ff7c32
DEMO-DEV-4058,1,DEMO-4058,X-Ray System,fb688ffc-1b11-4eff-98f2-9ddc42bee05d
DEMO-DEV-4069,1,DEMO-4069,Ventilator,dbf5de02-231e-458c-9575-ad273ed5f5b8
DEMO-DEV-4072,1,DEMO-4072,Autoclave,087cb0cc-f07b-4d69-aa97-f0fb17ac6bf5
DEMO-DEV-4110,1,DEMO-4110,Autoclave,7fa95649-4f83-4422-99e3-aecc70af8737
DEMO-DEV-4118,1,DEMO-4118,Syringe Pump,fb688ffc-1b11-4eff-98f2-9ddc42bee05d
DEMO-DEV-4119,1,DEMO-4119,Ventilator,fb688ffc-1b11-4eff-98f2-9ddc42bee05d
DEMO-DEV-4122,1,DEMO-4122,Defibrillator,fb688ffc-1b11-4eff-98f2-9ddc42bee05d
DEMO-DEV-4151,1,DEMO-4151,Defibrillator,fb688ffc-1b11-4eff-98f2-9ddc42bee05d
DEMO-DEV-4152,1,DEMO-4152,Patient Monitor,3063f084-58b4-4185-9334-5219ca4fd060
DEMO-DEV-4179,1,DEMO-4179,Syringe Pump,5e9a7ead-ebbc-4d90-9dfa-960b95ff7c32
DEMO-DEV-4194,1,DEMO-4194,X-Ray System,f1bd3fb4-d29a-4a49-a73f-fcb9d140af66
DEMO-DEV-4210,1,DEMO-4210,Ventilator,dbf5de02-231e-458c-9575-ad273ed5f5b8
DEMO-DEV-4218,1,DEMO-4218,Ventilator,fb688ffc-1b11-4eff-98f2-9ddc42bee05d
DEMO-DEV-4232,1,DEMO-4232,Ultrasound System,de1fc8ff-31ca-453a-8e05-4ef6f6344a89
DEMO-DEV-4274,1,DEMO-4274,Anesthesia Machine,8ccc225a-74c4-4260-86d3-0ca2b2f49602
DEMO-DEV-4277,1,DEMO-4277,X-Ray System,f1bd3fb4-d29a-4a49-a73f-fcb9d140af66
DEMO-DEV-4304,1,DEMO-4304,Patient Monitor,02e6a10b-282c-4bf5-a61a-547e12683222
DEMO-DEV-4316,1,DEMO-4316,Infusion Pump,5e9a7ead-ebbc-4d90-9dfa-960b95ff7c32
DEMO-DEV-4332,1,DEMO-4332,Pulse Oximeter,42ee3277-2e48-431d-b386-6ea209c2fcab
DEMO-DEV-4371,1,DEMO-4371,Syringe Pump,3063f084-58b4-4185-9334-5219ca4fd060
DEMO-DEV-4385,1,DEMO-4385,X-Ray System,fb688ffc-1b11-4eff-98f2-9ddc42bee05d
DEMO-DEV-4396,1,DEMO-4396,Ventilator,fb688ffc-1b11-4eff-98f2-9ddc42bee05d
DEMO-DEV-4397,1,DEMO-4397,X-Ray System,fb688ffc-1b11-4eff-98f2-9ddc42bee05d
DEMO-DEV-4399,1,DEMO-4399,Pulse Oximeter,5e9a7ead-ebbc-4d90-9dfa-960b95ff7c32
DEMO-DEV-4428,1,DEMO-4428,Patient Monitor,8e27f500-7d94-4ee5-be36-9f990b34e092
DEMO-DEV-4440,1,DEMO-4440,Ultrasound System,42ee3277-2e48-431d-b386-6ea209c2fcab
DEMO-DEV-4441,1,DEMO-4441,Infusion Pump,8e27f500-7d94-4ee5-be36-9f990b34e092
DEMO-DEV-4454,1,DEMO-4454,Pulse Oximeter,d5382c80-abaa-4a87-b4a1-cb76fb0f264c
DEMO-DEV-4455,1,DEMO-4455,Patient Monitor,5221b7d8-06db-4aae-aaff-9bb16ecffd99
DEMO-DEV-4469,1,DEMO-4469,Autoclave,7fa95649-4f83-4422-99e3-aecc70af8737
DEMO-DEV-4483,1,DEMO-4483,Infusion Pump,fb688ffc-1b11-4eff-98f2-9ddc42bee05d
DEMO-DEV-4495,1,DEMO-4495,Syringe Pump,d5382c80-abaa-4a87-b4a1-cb76fb0f264c
DEMO-DEV-4500,1,DEMO-4500,Syringe Pump,5e9a7ead-ebbc-4d90-9dfa-960b95ff7c32
DEMO-DEV-4501,1,DEMO-4501,Ventilator,dbf5de02-231e-458c-9575-ad273ed5f5b8
DEMO-DEV-4509,1,DEMO-4509,Anesthesia Machine,5e9a7ead-ebbc-4d90-9dfa-960b95ff7c32
DEMO-DEV-4523,1,DEMO-4523,Electrosurgical Unit,7fa95649-4f83-4422-99e3-aecc70af8737
DEMO-DEV-4524,1,DEMO-4524,X-Ray System,f1bd3fb4-d29a-4a49-a73f-fcb9d140af66
DEMO-DEV-4539,1,DEMO-4539,Syringe Pump,dbf5de02-231e-458c-9575-ad273ed5f5b8
DEMO-DEV-4559,1,DEMO-4559,Syringe Pump,fb688ffc-1b11-4eff-98f2-9ddc42bee05d
DEMO-DEV-4550,1,DEMO-4550,Anesthesia Machine,e19c99a4-ade8-4c7f-a494-8746650c680c
DEMO-DEV-4551,1,DEMO-4551,Anesthesia Machine,52802a7b-96a8-41fd-8129-b93e575505fd
DEMO-DEV-4555,1,DEMO-4555,Infusion Pump,02e6a10b-282c-4bf5-a61a-547e12683222
DEMO-DEV-4570,1,DEMO-4570,Defibrillator,fb688ffc-1b11-4eff-98f2-9ddc42bee05d
DEMO-DEV-4617,1,DEMO-4617,ECG Machine,5e9a7ead-ebbc-4d90-9dfa-960b95ff7c32
DEMO-DEV-4637,1,DEMO-4637,Anesthesia Machine,7fa95649-4f83-4422-99e3-aecc70af8737
DEMO-DEV-4640,1,DEMO-4640,Anesthesia Machine,8ccc225a-74c4-4260-86d3-0ca2b2f49602
DEMO-DEV-4649,1,DEMO-4649,Syringe Pump,fb688ffc-1b11-4eff-98f2-9ddc42bee05d
DEMO-DEV-4659,1,DEMO-4659,Ultrasound System,f1bd3fb4-d29a-4a49-a73f-fcb9d140af66
DEMO-DEV-4674,1,DEMO-4674,Ultrasound System,42ee3277-2e48-431d-b386-6ea209c2fcab
DEMO-DEV-4701,1,DEMO-4701,ECG Machine,5e9a7ead-ebbc-4d90-9dfa-960b95ff7c32
DEMO-DEV-4715,1,DEMO-4715,X-Ray System,fb688ffc-1b11-4eff-98f2-9ddc42bee05d
DEMO-DEV-4716,1,DEMO-4716,Autoclave,7fa95649-4f83-4422-99e3-aecc70af8737
DEMO-DEV-4757,1,DEMO-4757,Electrosurgical Unit,de1fc8ff-31ca-453a-8e05-4ef6f6344a89
DEMO-DEV-4785,1,DEMO-4785,ECG Machine,fb688ffc-1b11-4eff-98f2-9ddc42bee05d
DEMO-DEV-4798,1,DEMO-4798,Pulse Oximeter,dbf5de02-231e-458c-9575-ad273ed5f5b8
DEMO-DEV-4812,1,DEMO-4812,Defibrillator,fb688ffc-1b11-4eff-98f2-9ddc42bee05d
DEMO-DEV-4815,1,DEMO-4815,Pulse Oximeter,42ee3277-2e48-431d-b386-6ea209c2fcab
DEMO-DEV-4816,1,DEMO-4816,Pulse Oximeter,fb688ffc-1b11-4eff-98f2-9ddc42bee05d
DEMO-DEV-4855,1,DEMO-4855,Syringe Pump,5e9a7ead-ebbc-4d90-9dfa-960b95ff7c32
DEMO-DEV-4856,1,DEMO-4856,ECG Machine,5e9a7ead-ebbc-4d90-9dfa-960b95ff7c32
DEMO-DEV-4867,1,DEMO-4867,Ultrasound System,42ee3277-2e48-431d-b386-6ea209c2fcab
DEMO-DEV-4898,1,DEMO-4898,Ultrasound System,de1fc8ff-31ca-453a-8e05-4ef6f6344a89
DEMO-DEV-4895,1,DEMO-4895,Infusion Pump,3063f084-58b4-4185-9334-5219ca4fd060
DEMO-DEV-4897,1,DEMO-4897,Anesthesia Machine,42ee3277-2e48-431d-b386-6ea209c2fcab
DEMO-DEV-4925,1,DEMO-4925,ECG Machine,42ee3277-2e48-431d-b386-6ea209c2fcab
DEMO-DEV-4937,1,DEMO-4937,Electrosurgical Unit,02e6a10b-282c-4bf5-a61a-547e12683222
DEMO-DEV-4939,1,DEMO-4939,Ultrasound System,de1fc8ff-31ca-453a-8e05-4ef6f6344a89
DEMO-DEV-4953,1,DEMO-4953,Defibrillator,fb688ffc-1b11-4eff-98f2-9ddc42bee05d
DEMO-DEV-5034,1,DEMO-5034,ECG Machine,42ee3277-2e48-431d-b386-6ea209c2fcab
DEMO-DEV-5039,1,DEMO-5039,Ventilator,dbf5de02-231e-458c-9575-ad273ed5f5b8
DEMO-DEV-5075,1,DEMO-5075,Autoclave,e19c99a4-ade8-4c7f-a494-8746650c680c
DEMO-DEV-5078,1,DEMO-5078,Infusion Pump,3063f084-58b4-4185-9334-5219ca4fd060
DEMO-DEV-5081,1,DEMO-5081,X-Ray System,f1bd3fb4-d29a-4a49-a73f-fcb9d140af66
DEMO-DEV-5089,1,DEMO-5089,Infusion Pump,3063f084-58b4-4185-9334-5219ca4fd060
DEMO-DEV-5094,1,DEMO-5094,Ultrasound System,de1fc8ff-31ca-453a-8e05-4ef6f6344a89
DEMO-DEV-5104,1,DEMO-5104,Ultrasound System,de1fc8ff-31ca-453a-8e05-4ef6f6344a89
DEMO-DEV-5117,1,DEMO-5117,Anesthesia Machine,087cb0cc-f07b-4d69-aa97-f0fb17ac6bf5
DEMO-DEV-5147,1,DEMO-5147,Infusion Pump,5221b7d8-06db-4aae-aaff-9bb16ecffd99
DEMO-DEV-5159,1,DEMO-5159,X-Ray System,f1bd3fb4-d29a-4a49-a73f-fcb9d140af66
DEMO-DEV-5201,1,DEMO-5201,Ventilator,fb688ffc-1b11-4eff-98f2-9ddc42bee05d
DEMO-DEV-5229,1,DEMO-5229,Ultrasound System,42ee3277-2e48-431d-b386-6ea209c2fcab
DEMO-DEV-5231,1,DEMO-5231,Ventilator,dbf5de02-231e-458c-9575-ad273ed5f5b8
DEMO-DEV-5232,1,DEMO-5232,Patient Monitor,5e9a7ead-ebbc-4d90-9dfa-960b95ff7c32
DEMO-DEV-5233,1,DEMO-5233,Autoclave,e19c99a4-ade8-4c7f-a494-8746650c680c
DEMO-DEV-5246,1,DEMO-5246,Patient Monitor,5221b7d8-06db-4aae-aaff-9bb16ecffd99
DEMO-DEV-5248,1,DEMO-5248,Ventilator,fb688ffc-1b11-4eff-98f2-9ddc42bee05d
DEMO-DEV-5283,1,DEMO-5283,Anesthesia Machine,02e6a10b-282c-4bf5-a61a-547e12683222
DEMO-DEV-5285,1,DEMO-5285,Ultrasound System,42ee3277-2e48-431d-b386-6ea209c2fcab
DEMO-DEV-5299,1,DEMO-5299,Ultrasound System,de1fc8ff-31ca-453a-8e05-4ef6f6344a89
DEMO-DEV-5301,1,DEMO-5301,Syringe Pump,dbf5de02-231e-458c-9575-ad273ed5f5b8
DEMO-DEV-5311,1,DEMO-5311,Ventilator,fb688ffc-1b11-4eff-98f2-9ddc42bee05d
DEMO-DEV-5325,1,DEMO-5325,Infusion Pump,dbf5de02-231e-458c-9575-ad273ed5f5b8
DEMO-DEV-5339,1,DEMO-5339,X-Ray System,fb688ffc-1b11-4eff-98f2-9ddc42bee05d
DEMO-DEV-5340,1,DEMO-5340,Electrosurgical Unit,de1fc8ff-31ca-453a-8e05-4ef6f6344a89
DEMO-DEV-5352,1,DEMO-5352,Defibrillator,fb688ffc-1b11-4eff-98f2-9ddc42bee05d
DEMO-DEV-5359,1,DEMO-5359,X-Ray System,fb688ffc-1b11-4eff-98f2-9ddc42bee05d
DEMO-DEV-5375,1,DEMO-5375,X-Ray System,fb688ffc-1b11-4eff-98f2-9ddc42bee05d
DEMO-DEV-5381,1,DEMO-5381,Electrosurgical Unit,053d4a00-e594-4305-ae71-a96c95a13530
DEMO-DEV-5383,1,DEMO-5383,Infusion Pump,5e9a7ead-ebbc-4d90-9dfa-960b95ff7c32
DEMO-DEV-5384,1,DEMO-5384,Ultrasound System,42ee3277-2e48-431d-b386-6ea209c2fcab
DEMO-DEV-5425,1,DEMO-5425,Infusion Pump,3abaabf6-cb3c-4665-9bf7-51e15d6b83a6
DEMO-DEV-5427,1,DEMO-5427,Syringe Pump,3abaabf6-cb3c-4665-9bf7-51e15d6b83a6
DEMO-DEV-5440,1,DEMO-5440,Patient Monitor,fb688ffc-1b11-4eff-98f2-9ddc42bee05d
DEMO-DEV-5441,1,DEMO-5441,Electrosurgical Unit,de1fc8ff-31ca-453a-8e05-4ef6f6344a89
DEMO-DEV-5443,1,DEMO-5443,Patient Monitor,02e6a10b-282c-4bf5-a61a-547e12683222
DEMO-DEV-5444,1,DEMO-5444,Electrosurgical Unit,053d4a00-e594-4305-ae71-a96c95a13530
DEMO-DEV-5448,1,DEMO-5448,Pulse Oximeter,dbf5de02-231e-458c-9575-ad273ed5f5b8
DEMO-DEV-5451,1,DEMO-5451,Anesthesia Machine,02e6a10b-282c-4bf5-a61a-547e12683222
DEMO-DEV-5476,1,DEMO-5476,ECG Machine,d5382c80-abaa-4a87-b4a1-cb76fb0f264c
DEMO-DEV-5489,1,DEMO-5489,ECG Machine,3063f084-58b4-4185-9334-5219ca4fd060
DEMO-DEV-5491,1,DEMO-5491,Pulse Oximeter,fb688ffc-1b11-4eff-98f2-9ddc42bee05d
DEMO-DEV-5493,1,DEMO-5493,X-Ray System,f1bd3fb4-d29a-4a49-a73f-fcb9d140af66
DEMO-DEV-5517,1,DEMO-5517,Patient Monitor,3063f084-58b4-4185-9334-5219ca4fd060
DEMO-DEV-5518,1,DEMO-5518,ECG Machine,fb688ffc-1b11-4eff-98f2-9ddc42bee05d
DEMO-DEV-5519,1,DEMO-5519,Syringe Pump,fb688ffc-1b11-4eff-98f2-9ddc42bee05d
DEMO-DEV-5544,1,DEMO-5544,Ultrasound System,f1bd3fb4-d29a-4a49-a73f-fcb9d140af66
DEMO-DEV-5550,1,DEMO-5550,Autoclave,7fa95649-4f83-4422-99e3-aecc70af8737
DEMO-DEV-5552,1,DEMO-5552,Syringe Pump,3063f084-58b4-4185-9334-5219ca4fd060
DEMO-DEV-5603,1,DEMO-5603,X-Ray System,f1bd3fb4-d29a-4a49-a73f-fcb9d140af66
DEMO-DEV-5614,1,DEMO-5614,Pulse Oximeter,d5382c80-abaa-4a87-b4a1-cb76fb0f264c
DEMO-DEV-5657,1,DEMO-5657,X-Ray System,f1bd3fb4-d29a-4a49-a73f-fcb9d140af66
DEMO-DEV-5658,1,DEMO-5658,Anesthesia Machine,38a452c4-a457-49c8-b4e7-5a9dfefbf45a
DEMO-DEV-5676,1,DEMO-5676,Patient Monitor,5221b7d8-06db-4aae-aaff-9bb16ecffd99
DEMO-DEV-5677,1,DEMO-5677,ECG Machine,3063f084-58b4-4185-9334-5219ca4fd060
DEMO-DEV-5684,1,DEMO-5684,Electrosurgical Unit,8e27f500-7d94-4ee5-be36-9f990b34e092
DEMO-DEV-5716,1,DEMO-5716,Electrosurgical Unit,02e6a10b-282c-4bf5-a61a-547e12683222
DEMO-DEV-5717,1,DEMO-5717,X-Ray System,fb688ffc-1b11-4eff-98f2-9ddc42bee05d
DEMO-DEV-5718,1,DEMO-5718,Infusion Pump,3abaabf6-cb3c-4665-9bf7-51e15d6b83a6
DEMO-DEV-5724,1,DEMO-5724,Autoclave,087cb0cc-f07b-4d69-aa97-f0fb17ac6bf5
DEMO-DEV-5725,1,DEMO-5725,Infusion Pump,3063f084-58b4-4185-9334-5219ca4fd060
DEMO-DEV-5727,1,DEMO-5727,Infusion Pump,fb688ffc-1b11-4eff-98f2-9ddc42bee05d
DEMO-DEV-5739,1,DEMO-5739,Patient Monitor,8e27f500-7d94-4ee5-be36-9f990b34e092
DEMO-DEV-5741,1,DEMO-5741,Patient Monitor,fb688ffc-1b11-4eff-98f2-9ddc42bee05d
DEMO-DEV-5743,1,DEMO-5743,Anesthesia Machine,8ccc225a-74c4-4260-86d3-0ca2b2f49602
DEMO-DEV-5753,1,DEMO-5753,Infusion Pump,dbf5de02-231e-458c-9575-ad273ed5f5b8
DEMO-DEV-5766,1,DEMO-5766,Patient Monitor,02e6a10b-282c-4bf5-a61a-547e12683222
DEMO-DEV-5769,1,DEMO-5769,ECG Machine,3063f084-58b4-4185-9334-5219ca4fd060
DEMO-DEV-5775,1,DEMO-5775,Infusion Pump,dbf5de02-231e-458c-9575-ad273ed5f5b8
DEMO-DEV-5808,1,DEMO-5808,Ventilator,dbf5de02-231e-458c-9575-ad273ed5f5b8
DEMO-DEV-5810,1,DEMO-5810,Infusion Pump,fb688ffc-1b11-4eff-98f2-9ddc42bee05d
DEMO-DEV-5835,1,DEMO-5835,Pulse Oximeter,dbf5de02-231e-458c-9575-ad273ed5f5b8
DEMO-DEV-5864,1,DEMO-5864,Ventilator,dbf5de02-231e-458c-9575-ad273ed5f5b8
DEMO-DEV-5891,1,DEMO-5891,Ultrasound System,42ee3277-2e48-431d-b386-6ea209c2fcab
DEMO-DEV-5905,1,DEMO-5905,Patient Monitor,8e27f500-7d94-4ee5-be36-9f990b34e092
DEMO-DEV-5934,1,DEMO-5934,Infusion Pump,5e9a7ead-ebbc-4d90-9dfa-960b95ff7c32
DEMO-DEV-5936,1,DEMO-5936,Defibrillator,fb688ffc-1b11-4eff-98f2-9ddc42bee05d
DEMO-DEV-5945,1,DEMO-5945,Ultrasound System,de1fc8ff-31ca-453a-8e05-4ef6f6344a89
DEMO-DEV-5948,1,DEMO-5948,Patient Monitor,02e6a10b-282c-4bf5-a61a-547e12683222
DEMO-DEV-5949,1,DEMO-5949,Ultrasound System,f1bd3fb4-d29a-4a49-a73f-fcb9d140af66
DEMO-DEV-6003,1,DEMO-6003,Electrosurgical Unit,087cb0cc-f07b-4d69-aa97-f0fb17ac6bf5
DEMO-DEV-6004,1,DEMO-6004,Autoclave,7fa95649-4f83-4422-99e3-aecc70af8737
DEMO-DEV-6016,1,DEMO-6016,Syringe Pump,5e9a7ead-ebbc-4d90-9dfa-960b95ff7c32
DEMO-DEV-6030,1,DEMO-6030,Patient Monitor,8e27f500-7d94-4ee5-be36-9f990b34e092
DEMO-DEV-6031,1,DEMO-6031,Patient Monitor,02e6a10b-282c-4bf5-a61a-547e12683222
DEMO-DEV-6035,1,DEMO-6035,Infusion Pump,02e6a10b-282c-4bf5-a61a-547e12683222
DEMO-DEV-6042,1,DEMO-6042,Defibrillator,fb688ffc-1b11-4eff-98f2-9ddc42bee05d
DEMO-DEV-6044,1,DEMO-6044,Syringe Pump,d5382c80-abaa-4a87-b4a1-cb76fb0f264c
DEMO-DEV-6060,1,DEMO-6060,Defibrillator,fb688ffc-1b11-4eff-98f2-9ddc42bee05d
DEMO-DEV-6085,1,DEMO-6085,Patient Monitor,02e6a10b-282c-4bf5-a61a-547e12683222
DEMO-DEV-6090,1,DEMO-6090,Ventilator,dbf5de02-231e-458c-9575-ad273ed5f5b8
DEMO-DEV-6100,1,DEMO-6100,Pulse Oximeter,5e9a7ead-ebbc-4d90-9dfa-960b95ff7c32
DEMO-DEV-6127,1,DEMO-6127,Syringe Pump,dbf5de02-231e-458c-9575-ad273ed5f5b8
DEMO-DEV-6141,1,DEMO-6141,Ventilator,dbf5de02-231e-458c-9575-ad273ed5f5b8
DEMO-DEV-6155,1,DEMO-6155,Ultrasound System,f1bd3fb4-d29a-4a49-a73f-fcb9d140af66
DEMO-DEV-6158,1,DEMO-6158,Ventilator,dbf5de02-231e-458c-9575-ad273ed5f5b8
DEMO-DEV-6172,1,DEMO-6172,Anesthesia Machine,5cbbfa1e-37f3-448b-a3bd-d3f30054ca16
DEMO-DEV-6173,1,DEMO-6173,Defibrillator,fb688ffc-1b11-4eff-98f2-9ddc42bee05d
DEMO-DEV-6176,1,DEMO-6176,Infusion Pump,8e27f500-7d94-4ee5-be36-9f990b34e092
DEMO-DEV-6183,1,DEMO-6183,Syringe Pump,3abaabf6-cb3c-4665-9bf7-51e15d6b83a6
DEMO-DEV-6211,1,DEMO-6211,Infusion Pump,5e9a7ead-ebbc-4d90-9dfa-960b95ff7c32
DEMO-DEV-6214,1,DEMO-6214,Patient Monitor,02e6a10b-282c-4bf5-a61a-547e12683222
DEMO-DEV-6273,1,DEMO-6273,Anesthesia Machine,dbf5de02-231e-458c-9575-ad273ed5f5b8
DEMO-DEV-6295,1,DEMO-6295,Anesthesia Machine,5221b7d8-06db-4aae-aaff-9bb16ecffd99
DEMO-DEV-6309,1,DEMO-6309,ECG Machine,d5382c80-abaa-4a87-b4a1-cb76fb0f264c
DEMO-DEV-6323,1,DEMO-6323,ECG Machine,3063f084-58b4-4185-9334-5219ca4fd060
DEMO-DEV-6336,1,DEMO-6336,Anesthesia Machine,8ccc225a-74c4-4260-86d3-0ca2b2f49602
DEMO-DEV-6337,1,DEMO-6337,Electrosurgical Unit,8e27f500-7d94-4ee5-be36-9f990b34e092
DEMO-DEV-6364,1,DEMO-6364,Syringe Pump,5e9a7ead-ebbc-4d90-9dfa-960b95ff7c32
DEMO-DEV-6365,1,DEMO-6365,ECG Machine,5e9a7ead-ebbc-4d90-9dfa-960b95ff7c32
DEMO-DEV-6435,1,DEMO-6435,Pulse Oximeter,42ee3277-2e48-431d-b386-6ea209c2fcab
DEMO-DEV-6438,1,DEMO-6438,Defibrillator,fb688ffc-1b11-4eff-98f2-9ddc42bee05d
DEMO-DEV-6442,1,DEMO-6442,Autoclave,e19c99a4-ade8-4c7f-a494-8746650c680c
DEMO-DEV-6447,1,DEMO-6447,ECG Machine,42ee3277-2e48-431d-b386-6ea209c2fcab
DEMO-DEV-6449,1,DEMO-6449,Syringe Pump,5e9a7ead-ebbc-4d90-9dfa-960b95ff7c32
DEMO-DEV-6460,1,DEMO-6460,Anesthesia Machine,02e6a10b-282c-4bf5-a61a-547e12683222
DEMO-DEV-6463,1,DEMO-6463,ECG Machine,3063f084-58b4-4185-9334-5219ca4fd060
DEMO-DEV-6465,1,DEMO-6465,ECG Machine,42ee3277-2e48-431d-b386-6ea209c2fcab
DEMO-DEV-6471,1,DEMO-6471,Autoclave,7fa95649-4f83-4422-99e3-aecc70af8737
DEMO-DEV-6473,1,DEMO-6473,X-Ray System,f1bd3fb4-d29a-4a49-a73f-fcb9d140af66
DEMO-DEV-6477,1,DEMO-6477,Autoclave,087cb0cc-f07b-4d69-aa97-f0fb17ac6bf5
DEMO-DEV-6479,1,DEMO-6479,Infusion Pump,5e9a7ead-ebbc-4d90-9dfa-960b95ff7c32
DEMO-DEV-6489,1,DEMO-6489,ECG Machine,3063f084-58b4-4185-9334-5219ca4fd060
DEMO-DEV-6546,1,DEMO-6546,Syringe Pump,d5382c80-abaa-4a87-b4a1-cb76fb0f264c
DEMO-DEV-6547,1,DEMO-6547,X-Ray System,f1bd3fb4-d29a-4a49-a73f-fcb9d140af66
DEMO-DEV-6549,1,DEMO-6549,Infusion Pump,dbf5de02-231e-458c-9575-ad273ed5f5b8
DEMO-DEV-6571,1,DEMO-6571,Patient Monitor,02e6a10b-282c-4bf5-a61a-547e12683222
DEMO-DEV-6602,1,DEMO-6602,Ultrasound System,de1fc8ff-31ca-453a-8e05-4ef6f6344a89
DEMO-DEV-6613,1,DEMO-6613,Autoclave,e19c99a4-ade8-4c7f-a494-8746650c680c
DEMO-DEV-6614,1,DEMO-6614,Ventilator,dbf5de02-231e-458c-9575-ad273ed5f5b8
DEMO-DEV-6627,1,DEMO-6627,Syringe Pump,5e9a7ead-ebbc-4d90-9dfa-960b95ff7c32
DEMO-DEV-6656,1,DEMO-6656,Patient Monitor,5221b7d8-06db-4aae-aaff-9bb16ecffd99
DEMO-DEV-6683,1,DEMO-6683,ECG Machine,3063f084-58b4-4185-9334-5219ca4fd060
DEMO-DEV-6687,1,DEMO-6687,Syringe Pump,fb688ffc-1b11-4eff-98f2-9ddc42bee05d
DEMO-DEV-6692,1,DEMO-6692,Autoclave,087cb0cc-f07b-4d69-aa97-f0fb17ac6bf5
DEMO-DEV-6696,1,DEMO-6696,Ultrasound System,f1bd3fb4-d29a-4a49-a73f-fcb9d140af66
DEMO-DEV-6698,1,DEMO-6698,Pulse Oximeter,3063f084-58b4-4185-9334-5219ca4fd060
DEMO-DEV-6711,1,DEMO-6711,Defibrillator,fb688ffc-1b11-4eff-98f2-9ddc42bee05d
DEMO-DEV-6738,1,DEMO-6738,Ventilator,dbf5de02-231e-458c-9575-ad273ed5f5b8
DEMO-DEV-6752,1,DEMO-6752,Anesthesia Machine,e19c99a4-ade8-4c7f-a494-8746650c680c
DEMO-DEV-6766,1,DEMO-6766,Syringe Pump,fb688ffc-1b11-4eff-98f2-9ddc42bee05d
DEMO-DEV-6767,1,DEMO-6767,Electrosurgical Unit,087cb0cc-f07b-4d69-aa97-f0fb17ac6bf5
DEMO-DEV-6779,1,DEMO-6779,Ventilator,fb688ffc-1b11-4eff-98f2-9ddc42bee05d
DEMO-DEV-6781,1,DEMO-6781,Pulse Oximeter,d5382c80-abaa-4a87-b4a1-cb76fb0f264c
DEMO-DEV-6793,1,DEMO-6793,Defibrillator,fb688ffc-1b11-4eff-98f2-9ddc42bee05d
DEMO-DEV-6795,1,DEMO-6795,X-Ray System,f1bd3fb4-d29a-4a49-a73f-fcb9d140af66
DEMO-DEV-6797,1,DEMO-6797,Infusion Pump,5221b7d8-06db-4aae-aaff-9bb16ecffd99
DEMO-DEV-6807,1,DEMO-6807,Infusion Pump,5e9a7ead-ebbc-4d90-9dfa-960b95ff7c32
DEMO-DEV-6812,1,DEMO-6812,ECG Machine,3063f084-58b4-4185-9334-5219ca4fd060
DEMO-DEV-6813,1,DEMO-6813,Patient Monitor,fb688ffc-1b11-4eff-98f2-9ddc42bee05d
DEMO-DEV-6834,1,DEMO-6834,Anesthesia Machine,dbf5de02-231e-458c-9575-ad273ed5f5b8
DEMO-DEV-6839,1,DEMO-6839,ECG Machine,42ee3277-2e48-431d-b386-6ea209c2fcab
DEMO-DEV-6843,1,DEMO-6843,ECG Machine,5e9a7ead-ebbc-4d90-9dfa-960b95ff7c32
DEMO-DEV-6863,1,DEMO-6863,ECG Machine,42ee3277-2e48-431d-b386-6ea209c2fcab
DEMO-DEV-6878,1,DEMO-6878,X-Ray System,fb688ffc-1b11-4eff-98f2-9ddc42bee05d
DEMO-DEV-6876,1,DEMO-6876,Autoclave,7fa95649-4f83-4422-99e3-aecc70af8737
DEMO-DEV-6904,1,DEMO-6904,Syringe Pump,d5382c80-abaa-4a87-b4a1-cb76fb0f264c
DEMO-DEV-6932,1,DEMO-6932,Pulse Oximeter,fb688ffc-1b11-4eff-98f2-9ddc42bee05d
DEMO-DEV-6946,1,DEMO-6946,Patient Monitor,8e27f500-7d94-4ee5-be36-9f990b34e092
DEMO-DEV-6947,1,DEMO-6947,Anesthesia Machine,5e9a7ead-ebbc-4d90-9dfa-960b95ff7c32
DEMO-DEV-6973,1,DEMO-6973,Syringe Pump,fb688ffc-1b11-4eff-98f2-9ddc42bee05d
DEMO-DEV-6974,1,DEMO-6974,Defibrillator,fb688ffc-1b11-4eff-98f2-9ddc42bee05d
DEMO-DEV-7002,1,DEMO-7002,ECG Machine,42ee3277-2e48-431d-b386-6ea209c2fcab
DEMO-DEV-7003,1,DEMO-7003,Pulse Oximeter,dbf5de02-231e-458c-9575-ad273ed5f5b8
DEMO-DEV-7034,1,DEMO-7034,Defibrillator,fb688ffc-1b11-4eff-98f2-9ddc42bee05d
DEMO-DEV-7031,1,DEMO-7031,Electrosurgical Unit,de1fc8ff-31ca-453a-8e05-4ef6f6344a89
DEMO-DEV-7059,1,DEMO-7059,Ventilator,dbf5de02-231e-458c-9575-ad273ed5f5b8
DEMO-DEV-7060,1,DEMO-7060,Defibrillator,fb688ffc-1b11-4eff-98f2-9ddc42bee05d
DEMO-DEV-7114,1,DEMO-7114,Defibrillator,fb688ffc-1b11-4eff-98f2-9ddc42bee05d
DEMO-DEV-7127,1,DEMO-7127,Defibrillator,fb688ffc-1b11-4eff-98f2-9ddc42bee05d
DEMO-DEV-7157,1,DEMO-7157,Electrosurgical Unit,02e6a10b-282c-4bf5-a61a-547e12683222
DEMO-DEV-7172,1,DEMO-7172,Ventilator,fb688ffc-1b11-4eff-98f2-9ddc42bee05d
DEMO-DEV-7215,1,DEMO-7215,Pulse Oximeter,d5382c80-abaa-4a87-b4a1-cb76fb0f264c
DEMO-DEV-7225,1,DEMO-7225,Autoclave,087cb0cc-f07b-4d69-aa97-f0fb17ac6bf5
DEMO-DEV-7226,1,DEMO-7226,Autoclave,087cb0cc-f07b-4d69-aa97-f0fb17ac6bf5
DEMO-DEV-7238,1,DEMO-7238,Anesthesia Machine,3063f084-58b4-4185-9334-5219ca4fd060
DEMO-DEV-7239,1,DEMO-7239,Anesthesia Machine,dbf5de02-231e-458c-9575-ad273ed5f5b8
DEMO-DEV-7278,1,DEMO-7278,Electrosurgical Unit,de1fc8ff-31ca-453a-8e05-4ef6f6344a89
DEMO-DEV-7306,1,DEMO-7306,Infusion Pump,fb688ffc-1b11-4eff-98f2-9ddc42bee05d
DEMO-DEV-7308,1,DEMO-7308,Pulse Oximeter,dbf5de02-231e-458c-9575-ad273ed5f5b8
DEMO-DEV-7311,1,DEMO-7311,Ultrasound System,de1fc8ff-31ca-453a-8e05-4ef6f6344a89
DEMO-DEV-7320,1,DEMO-7320,Syringe Pump,fb688ffc-1b11-4eff-98f2-9ddc42bee05d
DEMO-DEV-7332,1,DEMO-7332,Anesthesia Machine,053d4a00-e594-4305-ae71-a96c95a13530
DEMO-DEV-7334,1,DEMO-7334,Defibrillator,fb688ffc-1b11-4eff-98f2-9ddc42bee05d
DEMO-DEV-7347,1,DEMO-7347,X-Ray System,f1bd3fb4-d29a-4a49-a73f-fcb9d140af66
DEMO-DEV-7360,1,DEMO-7360,Ventilator,fb688ffc-1b11-4eff-98f2-9ddc42bee05d
DEMO-DEV-7372,1,DEMO-7372,Pulse Oximeter,fb688ffc-1b11-4eff-98f2-9ddc42bee05d
DEMO-DEV-7375,1,DEMO-7375,Infusion Pump,5221b7d8-06db-4aae-aaff-9bb16ecffd99
DEMO-DEV-7376,1,DEMO-7376,X-Ray System,f1bd3fb4-d29a-4a49-a73f-fcb9d140af66
DEMO-DEV-7377,1,DEMO-7377,Anesthesia Machine,087cb0cc-f07b-4d69-aa97-f0fb17ac6bf5
DEMO-DEV-7391,1,DEMO-7391,X-Ray System,fb688ffc-1b11-4eff-98f2-9ddc42bee05d
DEMO-DEV-7400,1,DEMO-7400,ECG Machine,5e9a7ead-ebbc-4d90-9dfa-960b95ff7c32
DEMO-DEV-7418,1,DEMO-7418,Ultrasound System,42ee3277-2e48-431d-b386-6ea209c2fcab
DEMO-DEV-7428,1,DEMO-7428,ECG Machine,42ee3277-2e48-431d-b386-6ea209c2fcab
DEMO-DEV-7432,1,DEMO-7432,X-Ray System,f1bd3fb4-d29a-4a49-a73f-fcb9d140af66
DEMO-DEV-7470,1,DEMO-7470,Ultrasound System,de1fc8ff-31ca-453a-8e05-4ef6f6344a89
DEMO-DEV-7471,1,DEMO-7471,Defibrillator,fb688ffc-1b11-4eff-98f2-9ddc42bee05d
DEMO-DEV-7484,1,DEMO-7484,Infusion Pump,fb688ffc-1b11-4eff-98f2-9ddc42bee05d
DEMO-DEV-7485,1,DEMO-7485,Defibrillator,fb688ffc-1b11-4eff-98f2-9ddc42bee05d
DEMO-DEV-7488,1,DEMO-7488,Autoclave,087cb0cc-f07b-4d69-aa97-f0fb17ac6bf5
DEMO-DEV-7500,1,DEMO-7500,Anesthesia Machine,3abaabf6-cb3c-4665-9bf7-51e15d6b83a6
DEMO-DEV-7553,1,DEMO-7553,Patient Monitor,d5382c80-abaa-4a87-b4a1-cb76fb0f264c
DEMO-DEV-7555,1,DEMO-7555,Ultrasound System,42ee3277-2e48-431d-b386-6ea209c2fcab
DEMO-DEV-7580,1,DEMO-7580,Ultrasound System,de1fc8ff-31ca-453a-8e05-4ef6f6344a89
DEMO-DEV-7595,1,DEMO-7595,Syringe Pump,5e9a7ead-ebbc-4d90-9dfa-960b95ff7c32
DEMO-DEV-7607,1,DEMO-7607,ECG Machine,fb688ffc-1b11-4eff-98f2-9ddc42bee05d
DEMO-DEV-7611,1,DEMO-7611,Patient Monitor,fb688ffc-1b11-4eff-98f2-9ddc42bee05d
DEMO-DEV-7634,1,DEMO-7634,Patient Monitor,d5382c80-abaa-4a87-b4a1-cb76fb0f264c
DEMO-DEV-7635,1,DEMO-7635,Defibrillator,fb688ffc-1b11-4eff-98f2-9ddc42bee05d
DEMO-DEV-7636,1,DEMO-7636,Pulse Oximeter,5e9a7ead-ebbc-4d90-9dfa-960b95ff7c32
DEMO-DEV-7637,1,DEMO-7637,Syringe Pump,d5382c80-abaa-4a87-b4a1-cb76fb0f264c
DEMO-DEV-7677,1,DEMO-7677,Syringe Pump,d5382c80-abaa-4a87-b4a1-cb76fb0f264c
DEMO-DEV-7680,1,DEMO-7680,Infusion Pump,5221b7d8-06db-4aae-aaff-9bb16ecffd99
DEMO-DEV-7691,1,DEMO-7691,Defibrillator,fb688ffc-1b11-4eff-98f2-9ddc42bee05d
DEMO-DEV-7708,1,DEMO-7708,Ultrasound System,de1fc8ff-31ca-453a-8e05-4ef6f6344a89
DEMO-DEV-7747,1,DEMO-7747,Anesthesia Machine,3abaabf6-cb3c-4665-9bf7-51e15d6b83a6
DEMO-DEV-7750,1,DEMO-7750,Syringe Pump,fb688ffc-1b11-4eff-98f2-9ddc42bee05d
DEMO-DEV-7754,1,DEMO-7754,Autoclave,7fa95649-4f83-4422-99e3-aecc70af8737
DEMO-DEV-7761,1,DEMO-7761,Autoclave,087cb0cc-f07b-4d69-aa97-f0fb17ac6bf5
DEMO-DEV-7787,1,DEMO-7787,Defibrillator,fb688ffc-1b11-4eff-98f2-9ddc42bee05d
DEMO-DEV-7806,1,DEMO-7806,Pulse Oximeter,5e9a7ead-ebbc-4d90-9dfa-960b95ff7c32
DEMO-DEV-7807,1,DEMO-7807,Electrosurgical Unit,7fa95649-4f83-4422-99e3-aecc70af8737
DEMO-DEV-7829,1,DEMO-7829,Autoclave,7fa95649-4f83-4422-99e3-aecc70af8737
DEMO-DEV-7857,1,DEMO-7857,Pulse Oximeter,3063f084-58b4-4185-9334-5219ca4fd060
DEMO-DEV-7873,1,DEMO-7873,Anesthesia Machine,38a452c4-a457-49c8-b4e7-5a9dfefbf45a
DEMO-DEV-7874,1,DEMO-7874,ECG Machine,d5382c80-abaa-4a87-b4a1-cb76fb0f264c
DEMO-DEV-7911,1,DEMO-7911,Patient Monitor,d5382c80-abaa-4a87-b4a1-cb76fb0f264c
DEMO-DEV-7912,1,DEMO-7912,Defibrillator,fb688ffc-1b11-4eff-98f2-9ddc42bee05d
DEMO-DEV-7926,1,DEMO-7926,Infusion Pump,8e27f500-7d94-4ee5-be36-9f990b34e092
DEMO-DEV-7928,1,DEMO-7928,X-Ray System,fb688ffc-1b11-4eff-98f2-9ddc42bee05d
DEMO-DEV-7966,1,DEMO-7966,X-Ray System,fb688ffc-1b11-4eff-98f2-9ddc42bee05d
DEMO-DEV-7980,1,DEMO-7980,Defibrillator,fb688ffc-1b11-4eff-98f2-9ddc42bee05d
DEMO-DEV-8008,1,DEMO-8008,Syringe Pump,d5382c80-abaa-4a87-b4a1-cb76fb0f264c
DEMO-DEV-8022,1,DEMO-8022,Electrosurgical Unit,087cb0cc-f07b-4d69-aa97-f0fb17ac6bf5
DEMO-DEV-8023,1,DEMO-8023,Ultrasound System,f1bd3fb4-d29a-4a49-a73f-fcb9d140af66
DEMO-DEV-8037,1,DEMO-8037,Defibrillator,fb688ffc-1b11-4eff-98f2-9ddc42bee05d
DEMO-DEV-8049,1,DEMO-8049,Electrosurgical Unit,053d4a00-e594-4305-ae71-a96c95a13530
DEMO-DEV-8052,1,DEMO-8052,Ultrasound System,42ee3277-2e48-431d-b386-6ea209c2fcab
DEMO-DEV-8105,1,DEMO-8105,Ultrasound System,f1bd3fb4-d29a-4a49-a73f-fcb9d140af66
DEMO-DEV-8106,1,DEMO-8106,X-Ray System,fb688ffc-1b11-4eff-98f2-9ddc42bee05d
DEMO-DEV-8111,1,DEMO-8111,ECG Machine,5e9a7ead-ebbc-4d90-9dfa-960b95ff7c32
DEMO-DEV-8120,1,DEMO-8120,Anesthesia Machine,3063f084-58b4-4185-9334-5219ca4fd060
DEMO-DEV-8121,1,DEMO-8121,Electrosurgical Unit,02e6a10b-282c-4bf5-a61a-547e12683222
DEMO-DEV-8133,1,DEMO-8133,Ultrasound System,f1bd3fb4-d29a-4a49-a73f-fcb9d140af66
DEMO-DEV-8146,1,DEMO-8146,Defibrillator,fb688ffc-1b11-4eff-98f2-9ddc42bee05d
DEMO-DEV-8147,1,DEMO-8147,Defibrillator,fb688ffc-1b11-4eff-98f2-9ddc42bee05d
DEMO-DEV-8159,1,DEMO-8159,Electrosurgical Unit,02e6a10b-282c-4bf5-a61a-547e12683222
DEMO-DEV-8204,1,DEMO-8204,Ultrasound System,f1bd3fb4-d29a-4a49-a73f-fcb9d140af66
DEMO-DEV-8219,1,DEMO-8219,Anesthesia Machine,5cbbfa1e-37f3-448b-a3bd-d3f30054ca16
DEMO-DEV-8229,1,DEMO-8229,Pulse Oximeter,d5382c80-abaa-4a87-b4a1-cb76fb0f264c
DEMO-DEV-8237,1,DEMO-8237,ECG Machine,fb688ffc-1b11-4eff-98f2-9ddc42bee05d
DEMO-DEV-8258,1,DEMO-8258,Pulse Oximeter,3063f084-58b4-4185-9334-5219ca4fd060
DEMO-DEV-8316,1,DEMO-8316,Infusion Pump,3abaabf6-cb3c-4665-9bf7-51e15d6b83a6
DEMO-DEV-8317,1,DEMO-8317,X-Ray System,fb688ffc-1b11-4eff-98f2-9ddc42bee05d
DEMO-DEV-8326,1,DEMO-8326,Syringe Pump,3063f084-58b4-4185-9334-5219ca4fd060
DEMO-DEV-8357,1,DEMO-8357,Ultrasound System,de1fc8ff-31ca-453a-8e05-4ef6f6344a89
DEMO-DEV-8369,1,DEMO-8369,Electrosurgical Unit,053d4a00-e594-4305-ae71-a96c95a13530
DEMO-DEV-8385,1,DEMO-8385,Defibrillator,fb688ffc-1b11-4eff-98f2-9ddc42bee05d
DEMO-DEV-8397,1,DEMO-8397,Patient Monitor,d5382c80-abaa-4a87-b4a1-cb76fb0f264c
DEMO-DEV-8408,1,DEMO-8408,ECG Machine,5e9a7ead-ebbc-4d90-9dfa-960b95ff7c32
DEMO-DEV-8409,1,DEMO-8409,Defibrillator,fb688ffc-1b11-4eff-98f2-9ddc42bee05d
DEMO-DEV-8425,1,DEMO-8425,ECG Machine,fb688ffc-1b11-4eff-98f2-9ddc42bee05d
DEMO-DEV-8436,1,DEMO-8436,Syringe Pump,3063f084-58b4-4185-9334-5219ca4fd060
DEMO-DEV-8463,1,DEMO-8463,Ventilator,fb688ffc-1b11-4eff-98f2-9ddc42bee05d
DEMO-DEV-8464,1,DEMO-8464,Autoclave,7fa95649-4f83-4422-99e3-aecc70af8737
DEMO-DEV-8477,1,DEMO-8477,Electrosurgical Unit,053d4a00-e594-4305-ae71-a96c95a13530
DEMO-DEV-8505,1,DEMO-8505,Ultrasound System,de1fc8ff-31ca-453a-8e05-4ef6f6344a89
DEMO-DEV-8523,1,DEMO-8523,Syringe Pump,3abaabf6-cb3c-4665-9bf7-51e15d6b83a6
DEMO-DEV-8528,1,DEMO-8528,Electrosurgical Unit,de1fc8ff-31ca-453a-8e05-4ef6f6344a89
DEMO-DEV-8534,1,DEMO-8534,ECG Machine,42ee3277-2e48-431d-b386-6ea209c2fcab
DEMO-DEV-8549,1,DEMO-8549,Syringe Pump,d5382c80-abaa-4a87-b4a1-cb76fb0f264c
DEMO-DEV-8573,1,DEMO-8573,X-Ray System,f1bd3fb4-d29a-4a49-a73f-fcb9d140af66
DEMO-DEV-8576,1,DEMO-8576,Pulse Oximeter,42ee3277-2e48-431d-b386-6ea209c2fcab
DEMO-DEV-8590,1,DEMO-8590,Patient Monitor,02e6a10b-282c-4bf5-a61a-547e12683222
DEMO-DEV-8592,1,DEMO-8592,Ventilator,dbf5de02-231e-458c-9575-ad273ed5f5b8
DEMO-DEV-8593,1,DEMO-8593,Defibrillator,fb688ffc-1b11-4eff-98f2-9ddc42bee05d
DEMO-DEV-8595,1,DEMO-8595,Pulse Oximeter,42ee3277-2e48-431d-b386-6ea209c2fcab
DEMO-DEV-8618,1,DEMO-8618,X-Ray System,fb688ffc-1b11-4eff-98f2-9ddc42bee05d
DEMO-DEV-8619,1,DEMO-8619,Ventilator,fb688ffc-1b11-4eff-98f2-9ddc42bee05d
DEMO-DEV-8620,1,DEMO-8620,Ventilator,dbf5de02-231e-458c-9575-ad273ed5f5b8
DEMO-DEV-8646,1,DEMO-8646,Syringe Pump,fb688ffc-1b11-4eff-98f2-9ddc42bee05d
DEMO-DEV-8657,1,DEMO-8657,Infusion Pump,fb688ffc-1b11-4eff-98f2-9ddc42bee05d
DEMO-DEV-8659,1,DEMO-8659,Syringe Pump,5e9a7ead-ebbc-4d90-9dfa-960b95ff7c32
DEMO-DEV-8698,1,DEMO-8698,Electrosurgical Unit,5221b7d8-06db-4aae-aaff-9bb16ecffd99
DEMO-DEV-8726,1,DEMO-8726,Syringe Pump,3063f084-58b4-4185-9334-5219ca4fd060
DEMO-DEV-8727,1,DEMO-8727,Patient Monitor,5221b7d8-06db-4aae-aaff-9bb16ecffd99
DEMO-DEV-8728,1,DEMO-8728,Autoclave,087cb0cc-f07b-4d69-aa97-f0fb17ac6bf5
DEMO-DEV-8741,1,DEMO-8741,Electrosurgical Unit,02e6a10b-282c-4bf5-a61a-547e12683222
DEMO-DEV-8742,1,DEMO-8742,Anesthesia Machine,dbf5de02-231e-458c-9575-ad273ed5f5b8
DEMO-DEV-8748,1,DEMO-8748,Ventilator,fb688ffc-1b11-4eff-98f2-9ddc42bee05d
DEMO-DEV-8751,1,DEMO-8751,Ventilator,fb688ffc-1b11-4eff-98f2-9ddc42bee05d
DEMO-DEV-8759,1,DEMO-8759,Defibrillator,fb688ffc-1b11-4eff-98f2-9ddc42bee05d
DEMO-DEV-8760,1,DEMO-8760,Syringe Pump,3abaabf6-cb3c-4665-9bf7-51e15d6b83a6
DEMO-DEV-8761,1,DEMO-8761,X-Ray System,f1bd3fb4-d29a-4a49-a73f-fcb9d140af66
DEMO-DEV-8785,1,DEMO-8785,Autoclave,e19c99a4-ade8-4c7f-a494-8746650c680c
DEMO-DEV-8795,1,DEMO-8795,X-Ray System,fb688ffc-1b11-4eff-98f2-9ddc42bee05d
DEMO-DEV-8811,1,DEMO-8811,Syringe Pump,5e9a7ead-ebbc-4d90-9dfa-960b95ff7c32
DEMO-DEV-8837,1,DEMO-8837,Pulse Oximeter,5e9a7ead-ebbc-4d90-9dfa-960b95ff7c32
DEMO-DEV-8839,1,DEMO-8839,Defibrillator,fb688ffc-1b11-4eff-98f2-9ddc42bee05d
DEMO-DEV-8840,1,DEMO-8840,Electrosurgical Unit,053d4a00-e594-4305-ae71-a96c95a13530
DEMO-DEV-8894,1,DEMO-8894,Autoclave,e19c99a4-ade8-4c7f-a494-8746650c680c
DEMO-DEV-8921,1,DEMO-8921,Patient Monitor,8e27f500-7d94-4ee5-be36-9f990b34e092
DEMO-DEV-8924,1,DEMO-8924,Infusion Pump,d5382c80-abaa-4a87-b4a1-cb76fb0f264c
DEMO-DEV-8934,1,DEMO-8934,Defibrillator,fb688ffc-1b11-4eff-98f2-9ddc42bee05d
DEMO-DEV-8954,1,DEMO-8954,X-Ray System,f1bd3fb4-d29a-4a49-a73f-fcb9d140af66
DEMO-DEV-8990,1,DEMO-8990,Ultrasound System,42ee3277-2e48-431d-b386-6ea209c2fcab
DEMO-DEV-9032,1,DEMO-9032,Autoclave,087cb0cc-f07b-4d69-aa97-f0fb17ac6bf5
DEMO-DEV-9033,1,DEMO-9033,Pulse Oximeter,42ee3277-2e48-431d-b386-6ea209c2fcab
DEMO-DEV-9047,1,DEMO-9047,Patient Monitor,3063f084-58b4-4185-9334-5219ca4fd060
DEMO-DEV-9059,1,DEMO-9059,X-Ray System,fb688ffc-1b11-4eff-98f2-9ddc42bee05d
DEMO-DEV-9099,1,DEMO-9099,Electrosurgical Unit,8e27f500-7d94-4ee5-be36-9f990b34e092
DEMO-DEV-9113,1,DEMO-9113,Anesthesia Machine,053d4a00-e594-4305-ae71-a96c95a13530
DEMO-DEV-9129,1,DEMO-9129,Anesthesia Machine,42ee3277-2e48-431d-b386-6ea209c2fcab
DEMO-DEV-9141,1,DEMO-9141,Autoclave,7fa95649-4f83-4422-99e3-aecc70af8737
DEMO-DEV-9143,1,DEMO-9143,Autoclave,7fa95649-4f83-4422-99e3-aecc70af8737
DEMO-DEV-9144,1,DEMO-9144,X-Ray System,f1bd3fb4-d29a-4a49-a73f-fcb9d140af66
DEMO-DEV-9155,1,DEMO-9155,Electrosurgical Unit,8e27f500-7d94-4ee5-be36-9f990b34e092
DEMO-DEV-9168,1,DEMO-9168,Pulse Oximeter,dbf5de02-231e-458c-9575-ad273ed5f5b8
DEMO-DEV-9197,1,DEMO-9197,Patient Monitor,5e9a7ead-ebbc-4d90-9dfa-960b95ff7c32
DEMO-DEV-9200,1,DEMO-9200,Defibrillator,fb688ffc-1b11-4eff-98f2-9ddc42bee05d
DEMO-DEV-9209,1,DEMO-9209,Electrosurgical Unit,8e27f500-7d94-4ee5-be36-9f990b34e092
DEMO-DEV-9224,1,DEMO-9224,Autoclave,e19c99a4-ade8-4c7f-a494-8746650c680c
DEMO-DEV-9238,1,DEMO-9238,ECG Machine,d5382c80-abaa-4a87-b4a1-cb76fb0f264c
DEMO-DEV-9251,1,DEMO-9251,Infusion Pump,3abaabf6-cb3c-4665-9bf7-51e15d6b83a6
DEMO-DEV-9252,1,DEMO-9252,Autoclave,087cb0cc-f07b-4d69-aa97-f0fb17ac6bf5
DEMO-DEV-9269,1,DEMO-9269,Electrosurgical Unit,02e6a10b-282c-4bf5-a61a-547e12683222
DEMO-DEV-9295,1,DEMO-9295,Patient Monitor,5221b7d8-06db-4aae-aaff-9bb16ecffd99
DEMO-DEV-9306,1,DEMO-9306,Autoclave,e19c99a4-ade8-4c7f-a494-8746650c680c
DEMO-DEV-9313,1,DEMO-9313,Anesthesia Machine,5cbbfa1e-37f3-448b-a3bd-d3f30054ca16
DEMO-DEV-9325,1,DEMO-9325,Patient Monitor,5221b7d8-06db-4aae-aaff-9bb16ecffd99
DEMO-DEV-9326,1,DEMO-9326,Pulse Oximeter,fb688ffc-1b11-4eff-98f2-9ddc42bee05d
DEMO-DEV-9329,1,DEMO-9329,ECG Machine,5e9a7ead-ebbc-4d90-9dfa-960b95ff7c32
DEMO-DEV-9330,1,DEMO-9330,Pulse Oximeter,42ee3277-2e48-431d-b386-6ea209c2fcab
DEMO-DEV-9331,1,DEMO-9331,Ultrasound System,42ee3277-2e48-431d-b386-6ea209c2fcab
DEMO-DEV-9336,1,DEMO-9336,ECG Machine,42ee3277-2e48-431d-b386-6ea209c2fcab
DEMO-DEV-9352,1,DEMO-9352,Ultrasound System,42ee3277-2e48-431d-b386-6ea209c2fcab
DEMO-DEV-9353,1,DEMO-9353,Autoclave,087cb0cc-f07b-4d69-aa97-f0fb17ac6bf5
DEMO-DEV-9354,1,DEMO-9354,X-Ray System,f1bd3fb4-d29a-4a49-a73f-fcb9d140af66
DEMO-DEV-9358,1,DEMO-9358,Syringe Pump,5e9a7ead-ebbc-4d90-9dfa-960b95ff7c32
DEMO-DEV-9406,1,DEMO-9406,Pulse Oximeter,dbf5de02-231e-458c-9575-ad273ed5f5b8
DEMO-DEV-9407,1,DEMO-9407,Defibrillator,fb688ffc-1b11-4eff-98f2-9ddc42bee05d
DEMO-DEV-9409,1,DEMO-9409,Ventilator,dbf5de02-231e-458c-9575-ad273ed5f5b8
DEMO-DEV-9410,1,DEMO-9410,Autoclave,e19c99a4-ade8-4c7f-a494-8746650c680c
DEMO-DEV-9423,1,DEMO-9423,X-Ray System,f1bd3fb4-d29a-4a49-a73f-fcb9d140af66
DEMO-DEV-9425,1,DEMO-9425,X-Ray System,fb688ffc-1b11-4eff-98f2-9ddc42bee05d
DEMO-DEV-9432,1,DEMO-9432,Infusion Pump,fb688ffc-1b11-4eff-98f2-9ddc42bee05d
DEMO-DEV-9433,1,DEMO-9433,Electrosurgical Unit,087cb0cc-f07b-4d69-aa97-f0fb17ac6bf5
DEMO-DEV-9444,1,DEMO-9444,ECG Machine,42ee3277-2e48-431d-b386-6ea209c2fcab
DEMO-DEV-9485,1,DEMO-9485,Defibrillator,fb688ffc-1b11-4eff-98f2-9ddc42bee05d
DEMO-DEV-9502,1,DEMO-9502,Pulse Oximeter,dbf5de02-231e-458c-9575-ad273ed5f5b8
DEMO-DEV-9499,1,DEMO-9499,Infusion Pump,02e6a10b-282c-4bf5-a61a-547e12683222
DEMO-DEV-9514,1,DEMO-9514,Anesthesia Machine,02e6a10b-282c-4bf5-a61a-547e12683222
DEMO-DEV-9530,1,DEMO-9530,Ventilator,fb688ffc-1b11-4eff-98f2-9ddc42bee05d
DEMO-DEV-9570,1,DEMO-9570,Patient Monitor,5e9a7ead-ebbc-4d90-9dfa-960b95ff7c32
DEMO-DEV-9613,1,DEMO-9613,Syringe Pump,d5382c80-abaa-4a87-b4a1-cb76fb0f264c
DEMO-DEV-9615,1,DEMO-9615,Defibrillator,fb688ffc-1b11-4eff-98f2-9ddc42bee05d
DEMO-DEV-9620,1,DEMO-9620,Patient Monitor,02e6a10b-282c-4bf5-a61a-547e12683222
DEMO-DEV-9624,1,DEMO-9624,Anesthesia Machine,f1bd3fb4-d29a-4a49-a73f-fcb9d140af66
DEMO-DEV-9631,1,DEMO-9631,ECG Machine,fb688ffc-1b11-4eff-98f2-9ddc42bee05d
DEMO-DEV-9641,1,DEMO-9641,Ultrasound System,de1fc8ff-31ca-453a-8e05-4ef6f6344a89
DEMO-DEV-9651,1,DEMO-9651,Defibrillator,fb688ffc-1b11-4eff-98f2-9ddc42bee05d
DEMO-DEV-9665,1,DEMO-9665,Ventilator,fb688ffc-1b11-4eff-98f2-9ddc42bee05d
DEMO-DEV-9680,1,DEMO-9680,Autoclave,087cb0cc-f07b-4d69-aa97-f0fb17ac6bf5
DEMO-DEV-9693,1,DEMO-9693,Ultrasound System,f1bd3fb4-d29a-4a49-a73f-fcb9d140af66
DEMO-DEV-9747,1,DEMO-9747,Ultrasound System,42ee3277-2e48-431d-b386-6ea209c2fcab
DEMO-DEV-9775,1,DEMO-9775,Syringe Pump,dbf5de02-231e-458c-9575-ad273ed5f5b8
DEMO-DEV-9791,1,DEMO-9791,Patient Monitor,d5382c80-abaa-4a87-b4a1-cb76fb0f264c
DEMO-DEV-9806,1,DEMO-9806,Syringe Pump,3063f084-58b4-4185-9334-5219ca4fd060
DEMO-DEV-9807,1,DEMO-9807,Patient Monitor,5221b7d8-06db-4aae-aaff-9bb16ecffd99
DEMO-DEV-9818,1,DEMO-9818,Autoclave,087cb0cc-f07b-4d69-aa97-f0fb17ac6bf5
DEMO-DEV-9831,1,DEMO-9831,Syringe Pump,dbf5de02-231e-458c-9575-ad273ed5f5b8
DEMO-DEV-9834,1,DEMO-9834,Pulse Oximeter,d5382c80-abaa-4a87-b4a1-cb76fb0f264c
DEMO-DEV-9840,1,DEMO-9840,X-Ray System,fb688ffc-1b11-4eff-98f2-9ddc42bee05d
DEMO-DEV-9841,1,DEMO-9841,ECG Machine,3063f084-58b4-4185-9334-5219ca4fd060
DEMO-DEV-9849,1,DEMO-9849,Autoclave,7fa95649-4f83-4422-99e3-aecc70af8737
DEMO-DEV-9853,1,DEMO-9853,Defibrillator,fb688ffc-1b11-4eff-98f2-9ddc42bee05d
DEMO-DEV-9860,1,DEMO-9860,Anesthesia Machine,fb688ffc-1b11-4eff-98f2-9ddc42bee05d
DEMO-DEV-9863,1,DEMO-9863,Defibrillator,fb688ffc-1b11-4eff-98f2-9ddc42bee05d
DEMO-DEV-9872,1,DEMO-9872,Electrosurgical Unit,053d4a00-e594-4305-ae71-a96c95a13530
DEMO-DEV-9874,1,DEMO-9874,ECG Machine,fb688ffc-1b11-4eff-98f2-9ddc42bee05d
DEMO-DEV-9879,1,DEMO-9879,Electrosurgical Unit,8e27f500-7d94-4ee5-be36-9f990b34e092
DEMO-DEV-9927,1,DEMO-9927,Syringe Pump,5e9a7ead-ebbc-4d90-9dfa-960b95ff7c32
DEMO-DEV-9930,1,DEMO-9930,Pulse Oximeter,3063f084-58b4-4185-9334-5219ca4fd060
DEMO-DEV-9942,1,DEMO-9942,Electrosurgical Unit,087cb0cc-f07b-4d69-aa97-f0fb17ac6bf5
DEMO-DEV-9944,1,DEMO-9944,Electrosurgical Unit,de1fc8ff-31ca-453a-8e05-4ef6f6344a89
DEMO-DEV-9972,1,DEMO-9972,ECG Machine,3063f084-58b4-4185-9334-5219ca4fd060
DEMO-DEV-9973,1,DEMO-9973,Defibrillator,fb688ffc-1b11-4eff-98f2-9ddc42bee05d
DEMO-DEV-9981,1,DEMO-9981,Defibrillator,fb688ffc-1b11-4eff-98f2-9ddc42bee05d
DEMO-DEV-0015,1,DEMO-0015,Patient Monitor,5e9a7ead-ebbc-4d90-9dfa-960b95ff7c32
DEMO-DEV-0016,1,DEMO-0016,Patient Monitor,5221b7d8-06db-4aae-aaff-9bb16ecffd99
DEMO-DEV-0019,1,DEMO-0019,Ultrasound System,42ee3277-2e48-431d-b386-6ea209c2fcab
DEMO-DEV-0021,1,DEMO-0021,Ventilator,fb688ffc-1b11-4eff-98f2-9ddc42bee05d
DEMO-DEV-0027,1,DEMO-0027,Patient Monitor,fb688ffc-1b11-4eff-98f2-9ddc42bee05d
DEMO-DEV-0028,1,DEMO-0028,Ultrasound System,42ee3277-2e48-431d-b386-6ea209c2fcab
DEMO-DEV-0029,1,DEMO-0029,Anesthesia Machine,087cb0cc-f07b-4d69-aa97-f0fb17ac6bf5
DEMO-DEV-0030,1,DEMO-0030,Defibrillator,fb688ffc-1b11-4eff-98f2-9ddc42bee05d
DEMO-DEV-0031,1,DEMO-0031,Pulse Oximeter,d5382c80-abaa-4a87-b4a1-cb76fb0f264c
DEMO-DEV-0032,1,DEMO-0032,Syringe Pump,dbf5de02-231e-458c-9575-ad273ed5f5b8
DEMO-DEV-0033,1,DEMO-0033,Defibrillator,fb688ffc-1b11-4eff-98f2-9ddc42bee05d
DEMO-DEV-0037,1,DEMO-0037,X-Ray System,fb688ffc-1b11-4eff-98f2-9ddc42bee05d
DEMO-DEV-0038,1,DEMO-0038,Patient Monitor,02e6a10b-282c-4bf5-a61a-547e12683222
DEMO-DEV-0040,1,DEMO-0040,ECG Machine,42ee3277-2e48-431d-b386-6ea209c2fcab
DEMO-DEV-0041,1,DEMO-0041,Patient Monitor,5221b7d8-06db-4aae-aaff-9bb16ecffd99
DEMO-DEV-0043,1,DEMO-0043,Defibrillator,fb688ffc-1b11-4eff-98f2-9ddc42bee05d
DEMO-DEV-0048,1,DEMO-0048,Anesthesia Machine,7fa95649-4f83-4422-99e3-aecc70af8737
DEMO-DEV-0059,1,DEMO-0059,Defibrillator,fb688ffc-1b11-4eff-98f2-9ddc42bee05d
DEMO-DEV-0060,1,DEMO-0060,ECG Machine,5e9a7ead-ebbc-4d90-9dfa-960b95ff7c32
DEMO-DEV-0061,1,DEMO-0061,Patient Monitor,fb688ffc-1b11-4eff-98f2-9ddc42bee05d
DEMO-DEV-0068,1,DEMO-0068,Anesthesia Machine,8e27f500-7d94-4ee5-be36-9f990b34e092
DEMO-DEV-0070,1,DEMO-0070,Infusion Pump,d5382c80-abaa-4a87-b4a1-cb76fb0f264c
DEMO-DEV-0074,1,DEMO-0074,Anesthesia Machine,f75d2bae-4cbf-4736-ae9b-4da7cbd1dada
DEMO-DEV-0075,1,DEMO-0075,Defibrillator,fb688ffc-1b11-4eff-98f2-9ddc42bee05d
DEMO-DEV-0083,1,DEMO-0083,Ventilator,fb688ffc-1b11-4eff-98f2-9ddc42bee05d
DEMO-DEV-0085,1,DEMO-0085,Defibrillator,fb688ffc-1b11-4eff-98f2-9ddc42bee05d
DEMO-DEV-0088,1,DEMO-0088,Anesthesia Machine,dbf5de02-231e-458c-9575-ad273ed5f5b8
DEMO-DEV-0090,1,DEMO-0090,Pulse Oximeter,fb688ffc-1b11-4eff-98f2-9ddc42bee05d
DEMO-DEV-0093,1,DEMO-0093,Electrosurgical Unit,de1fc8ff-31ca-453a-8e05-4ef6f6344a89
DEMO-DEV-0110,1,DEMO-0110,Autoclave,7fa95649-4f83-4422-99e3-aecc70af8737
DEMO-DEV-0111,1,DEMO-0111,Syringe Pump,fb688ffc-1b11-4eff-98f2-9ddc42bee05d
DEMO-DEV-0112,1,DEMO-0112,Patient Monitor,5221b7d8-06db-4aae-aaff-9bb16ecffd99
DEMO-DEV-0114,1,DEMO-0114,Autoclave,087cb0cc-f07b-4d69-aa97-f0fb17ac6bf5
DEMO-DEV-0121,1,DEMO-0121,Anesthesia Machine,4aa84ab5-5871-45cf-84b9-0fff65358075
DEMO-DEV-0123,1,DEMO-0123,Syringe Pump,fb688ffc-1b11-4eff-98f2-9ddc42bee05d
DEMO-DEV-0125,1,DEMO-0125,Ultrasound System,de1fc8ff-31ca-453a-8e05-4ef6f6344a89
DEMO-DEV-0127,1,DEMO-0127,ECG Machine,5e9a7ead-ebbc-4d90-9dfa-960b95ff7c32
DEMO-DEV-0128,1,DEMO-0128,Infusion Pump,8e27f500-7d94-4ee5-be36-9f990b34e092
DEMO-DEV-0132,1,DEMO-0132,Anesthesia Machine,dbf5de02-231e-458c-9575-ad273ed5f5b8
DEMO-DEV-0136,1,DEMO-0136,Autoclave,7fa95649-4f83-4422-99e3-aecc70af8737
DEMO-DEV-0144,1,DEMO-0144,ECG Machine,3063f084-58b4-4185-9334-5219ca4fd060
DEMO-DEV-0147,1,DEMO-0147,Infusion Pump,3abaabf6-cb3c-4665-9bf7-51e15d6b83a6
DEMO-DEV-0153,1,DEMO-0153,Electrosurgical Unit,7fa95649-4f83-4422-99e3-aecc70af8737
DEMO-DEV-0154,1,DEMO-0154,Electrosurgical Unit,de1fc8ff-31ca-453a-8e05-4ef6f6344a89
DEMO-DEV-0156,1,DEMO-0156,Electrosurgical Unit,8e27f500-7d94-4ee5-be36-9f990b34e092
DEMO-DEV-0167,1,DEMO-0167,Pulse Oximeter,5e9a7ead-ebbc-4d90-9dfa-960b95ff7c32
DEMO-DEV-0169,1,DEMO-0169,Defibrillator,fb688ffc-1b11-4eff-98f2-9ddc42bee05d
DEMO-DEV-0174,1,DEMO-0174,Electrosurgical Unit,5221b7d8-06db-4aae-aaff-9bb16ecffd99
DEMO-DEV-0180,1,DEMO-0180,Syringe Pump,dbf5de02-231e-458c-9575-ad273ed5f5b8
DEMO-DEV-0182,1,DEMO-0182,X-Ray System,f1bd3fb4-d29a-4a49-a73f-fcb9d140af66
DEMO-DEV-0185,1,DEMO-0185,Syringe Pump,dbf5de02-231e-458c-9575-ad273ed5f5b8
DEMO-DEV-0188,1,DEMO-0188,Infusion Pump,8e27f500-7d94-4ee5-be36-9f990b34e092
DEMO-DEV-0191,1,DEMO-0191,Defibrillator,fb688ffc-1b11-4eff-98f2-9ddc42bee05d
DEMO-DEV-0192,1,DEMO-0192,Autoclave,7fa95649-4f83-4422-99e3-aecc70af8737
DEMO-DEV-0194,1,DEMO-0194,Autoclave,087cb0cc-f07b-4d69-aa97-f0fb17ac6bf5
DEMO-DEV-0196,1,DEMO-0196,Electrosurgical Unit,5221b7d8-06db-4aae-aaff-9bb16ecffd99
DEMO-DEV-0197,1,DEMO-0197,Syringe Pump,dbf5de02-231e-458c-9575-ad273ed5f5b8
DEMO-DEV-0202,1,DEMO-0202,Autoclave,7fa95649-4f83-4422-99e3-aecc70af8737
DEMO-DEV-0207,1,DEMO-0207,Electrosurgical Unit,5221b7d8-06db-4aae-aaff-9bb16ecffd99
DEMO-DEV-0208,1,DEMO-0208,Syringe Pump,dbf5de02-231e-458c-9575-ad273ed5f5b8
DEMO-DEV-0209,1,DEMO-0209,X-Ray System,fb688ffc-1b11-4eff-98f2-9ddc42bee05d
DEMO-DEV-0211,1,DEMO-0211,Electrosurgical Unit,5221b7d8-06db-4aae-aaff-9bb16ecffd99
DEMO-DEV-0213,1,DEMO-0213,X-Ray System,f1bd3fb4-d29a-4a49-a73f-fcb9d140af66
DEMO-DEV-0216,1,DEMO-0216,Pulse Oximeter,42ee3277-2e48-431d-b386-6ea209c2fcab
DEMO-DEV-0224,1,DEMO-0224,Pulse Oximeter,fb688ffc-1b11-4eff-98f2-9ddc42bee05d
DEMO-DEV-0225,1,DEMO-0225,Defibrillator,fb688ffc-1b11-4eff-98f2-9ddc42bee05d
DEMO-DEV-0227,1,DEMO-0227,Patient Monitor,d5382c80-abaa-4a87-b4a1-cb76fb0f264c
DEMO-DEV-0228,1,DEMO-0228,Ultrasound System,42ee3277-2e48-431d-b386-6ea209c2fcab
DEMO-DEV-0238,1,DEMO-0238,Anesthesia Machine,de1fc8ff-31ca-453a-8e05-4ef6f6344a89
DEMO-DEV-0240,1,DEMO-0240,Infusion Pump,02e6a10b-282c-4bf5-a61a-547e12683222
DEMO-DEV-0246,1,DEMO-0246,Pulse Oximeter,d5382c80-abaa-4a87-b4a1-cb76fb0f264c
DEMO-DEV-0253,1,DEMO-0253,Anesthesia Machine,f1bd3fb4-d29a-4a49-a73f-fcb9d140af66
DEMO-DEV-0255,1,DEMO-0255,Autoclave,e19c99a4-ade8-4c7f-a494-8746650c680c
DEMO-DEV-0256,1,DEMO-0256,Pulse Oximeter,dbf5de02-231e-458c-9575-ad273ed5f5b8
DEMO-DEV-0261,1,DEMO-0261,Ventilator,dbf5de02-231e-458c-9575-ad273ed5f5b8
DEMO-DEV-0263,1,DEMO-0263,Pulse Oximeter,42ee3277-2e48-431d-b386-6ea209c2fcab
DEMO-DEV-0265,1,DEMO-0265,Pulse Oximeter,42ee3277-2e48-431d-b386-6ea209c2fcab
DEMO-DEV-0269,1,DEMO-0269,Ultrasound System,f1bd3fb4-d29a-4a49-a73f-fcb9d140af66
DEMO-DEV-0277,1,DEMO-0277,Electrosurgical Unit,087cb0cc-f07b-4d69-aa97-f0fb17ac6bf5
DEMO-DEV-0279,1,DEMO-0279,Defibrillator,fb688ffc-1b11-4eff-98f2-9ddc42bee05d
DEMO-DEV-0281,1,DEMO-0281,Ventilator,fb688ffc-1b11-4eff-98f2-9ddc42bee05d
DEMO-DEV-0285,1,DEMO-0285,Syringe Pump,3063f084-58b4-4185-9334-5219ca4fd060
DEMO-DEV-0287,1,DEMO-0287,Electrosurgical Unit,7fa95649-4f83-4422-99e3-aecc70af8737
DEMO-DEV-0289,1,DEMO-0289,Ultrasound System,42ee3277-2e48-431d-b386-6ea209c2fcab
DEMO-DEV-0292,1,DEMO-0292,Defibrillator,fb688ffc-1b11-4eff-98f2-9ddc42bee05d
DEMO-DEV-0298,1,DEMO-0298,Infusion Pump,3063f084-58b4-4185-9334-5219ca4fd060
DEMO-DEV-0299,1,DEMO-0299,Defibrillator,fb688ffc-1b11-4eff-98f2-9ddc42bee05d
DEMO-DEV-0302,1,DEMO-0302,Infusion Pump,d5382c80-abaa-4a87-b4a1-cb76fb0f264c
DEMO-DEV-0306,1,DEMO-0306,Autoclave,7fa95649-4f83-4422-99e3-aecc70af8737
DEMO-DEV-0307,1,DEMO-0307,ECG Machine,d5382c80-abaa-4a87-b4a1-cb76fb0f264c
DEMO-DEV-0308,1,DEMO-0308,Anesthesia Machine,35abc5ec-fbe4-40a6-8752-2cba3fb328ba
DEMO-DEV-0311,1,DEMO-0311,Ventilator,fb688ffc-1b11-4eff-98f2-9ddc42bee05d
DEMO-DEV-0312,1,DEMO-0312,Infusion Pump,02e6a10b-282c-4bf5-a61a-547e12683222
DEMO-DEV-0316,1,DEMO-0316,ECG Machine,d5382c80-abaa-4a87-b4a1-cb76fb0f264c
DEMO-DEV-0317,1,DEMO-0317,Syringe Pump,fb688ffc-1b11-4eff-98f2-9ddc42bee05d
DEMO-DEV-0320,1,DEMO-0320,Ventilator,dbf5de02-231e-458c-9575-ad273ed5f5b8
DEMO-DEV-0324,1,DEMO-0324,Patient Monitor,3063f084-58b4-4185-9334-5219ca4fd060
DEMO-DEV-0325,1,DEMO-0325,Electrosurgical Unit,02e6a10b-282c-4bf5-a61a-547e12683222
DEMO-DEV-0326,1,DEMO-0326,Ultrasound System,de1fc8ff-31ca-453a-8e05-4ef6f6344a89
DEMO-DEV-0327,1,DEMO-0327,X-Ray System,f1bd3fb4-d29a-4a49-a73f-fcb9d140af66
DEMO-DEV-0332,1,DEMO-0332,Pulse Oximeter,dbf5de02-231e-458c-9575-ad273ed5f5b8
DEMO-DEV-0334,1,DEMO-0334,Autoclave,7fa95649-4f83-4422-99e3-aecc70af8737
DEMO-DEV-0335,1,DEMO-0335,Pulse Oximeter,d5382c80-abaa-4a87-b4a1-cb76fb0f264c
DEMO-DEV-0337,1,DEMO-0337,Syringe Pump,dbf5de02-231e-458c-9575-ad273ed5f5b8
DEMO-DEV-0338,1,DEMO-0338,Electrosurgical Unit,053d4a00-e594-4305-ae71-a96c95a13530
DEMO-DEV-0348,1,DEMO-0348,Ultrasound System,42ee3277-2e48-431d-b386-6ea209c2fcab
DEMO-DEV-0349,1,DEMO-0349,Pulse Oximeter,42ee3277-2e48-431d-b386-6ea209c2fcab
DEMO-DEV-0351,1,DEMO-0351,Ventilator,dbf5de02-231e-458c-9575-ad273ed5f5b8
DEMO-DEV-0359,1,DEMO-0359,Anesthesia Machine,f75d2bae-4cbf-4736-ae9b-4da7cbd1dada
DEMO-DEV-0362,1,DEMO-0362,Pulse Oximeter,5e9a7ead-ebbc-4d90-9dfa-960b95ff7c32
DEMO-DEV-0363,1,DEMO-0363,Electrosurgical Unit,8e27f500-7d94-4ee5-be36-9f990b34e092
DEMO-DEV-0365,1,DEMO-0365,Pulse Oximeter,fb688ffc-1b11-4eff-98f2-9ddc42bee05d
DEMO-DEV-0366,1,DEMO-0366,Autoclave,087cb0cc-f07b-4d69-aa97-f0fb17ac6bf5
DEMO-DEV-0368,1,DEMO-0368,Electrosurgical Unit,de1fc8ff-31ca-453a-8e05-4ef6f6344a89
DEMO-DEV-0371,1,DEMO-0371,Ventilator,fb688ffc-1b11-4eff-98f2-9ddc42bee05d
DEMO-DEV-0377,1,DEMO-0377,Ventilator,fb688ffc-1b11-4eff-98f2-9ddc42bee05d
DEMO-DEV-0379,1,DEMO-0379,Anesthesia Machine,c4906dc0-8389-4c68-bf7d-24e6b583a877
DEMO-DEV-0381,1,DEMO-0381,Ultrasound System,de1fc8ff-31ca-453a-8e05-4ef6f6344a89
DEMO-DEV-0386,1,DEMO-0386,Autoclave,e19c99a4-ade8-4c7f-a494-8746650c680c
DEMO-DEV-0387,1,DEMO-0387,Ventilator,fb688ffc-1b11-4eff-98f2-9ddc42bee05d
DEMO-DEV-0391,1,DEMO-0391,Ventilator,fb688ffc-1b11-4eff-98f2-9ddc42bee05d
DEMO-DEV-0406,1,DEMO-0406,Ultrasound System,f1bd3fb4-d29a-4a49-a73f-fcb9d140af66
DEMO-DEV-0409,1,DEMO-0409,Autoclave,e19c99a4-ade8-4c7f-a494-8746650c680c
DEMO-DEV-0414,1,DEMO-0414,Syringe Pump,3063f084-58b4-4185-9334-5219ca4fd060
DEMO-DEV-0415,1,DEMO-0415,Defibrillator,fb688ffc-1b11-4eff-98f2-9ddc42bee05d
DEMO-DEV-0416,1,DEMO-0416,Patient Monitor,8e27f500-7d94-4ee5-be36-9f990b34e092
DEMO-DEV-0419,1,DEMO-0419,Ultrasound System,42ee3277-2e48-431d-b386-6ea209c2fcab
DEMO-DEV-0421,1,DEMO-0421,Defibrillator,fb688ffc-1b11-4eff-98f2-9ddc42bee05d
DEMO-DEV-0423,1,DEMO-0423,ECG Machine,5e9a7ead-ebbc-4d90-9dfa-960b95ff7c32
DEMO-DEV-0427,1,DEMO-0427,ECG Machine,fb688ffc-1b11-4eff-98f2-9ddc42bee05d
DEMO-DEV-0433,1,DEMO-0433,Syringe Pump,dbf5de02-231e-458c-9575-ad273ed5f5b8
DEMO-DEV-0437,1,DEMO-0437,X-Ray System,f1bd3fb4-d29a-4a49-a73f-fcb9d140af66
DEMO-DEV-0443,1,DEMO-0443,Defibrillator,fb688ffc-1b11-4eff-98f2-9ddc42bee05d
DEMO-DEV-0444,1,DEMO-0444,Ultrasound System,de1fc8ff-31ca-453a-8e05-4ef6f6344a89
DEMO-DEV-0447,1,DEMO-0447,X-Ray System,f1bd3fb4-d29a-4a49-a73f-fcb9d140af66
DEMO-DEV-0449,1,DEMO-0449,X-Ray System,f1bd3fb4-d29a-4a49-a73f-fcb9d140af66
DEMO-DEV-0452,1,DEMO-0452,Ultrasound System,42ee3277-2e48-431d-b386-6ea209c2fcab
DEMO-DEV-0454,1,DEMO-0454,Syringe Pump,d5382c80-abaa-4a87-b4a1-cb76fb0f264c
DEMO-DEV-0456,1,DEMO-0456,Defibrillator,fb688ffc-1b11-4eff-98f2-9ddc42bee05d
DEMO-DEV-0458,1,DEMO-0458,Autoclave,e19c99a4-ade8-4c7f-a494-8746650c680c
DEMO-DEV-0464,1,DEMO-0464,Electrosurgical Unit,087cb0cc-f07b-4d69-aa97-f0fb17ac6bf5
DEMO-DEV-0472,1,DEMO-0472,Ultrasound System,42ee3277-2e48-431d-b386-6ea209c2fcab
DEMO-DEV-0473,1,DEMO-0473,Ultrasound System,f1bd3fb4-d29a-4a49-a73f-fcb9d140af66
DEMO-DEV-0478,1,DEMO-0478,Ultrasound System,42ee3277-2e48-431d-b386-6ea209c2fcab
DEMO-DEV-0480,1,DEMO-0480,ECG Machine,d5382c80-abaa-4a87-b4a1-cb76fb0f264c
DEMO-DEV-0481,1,DEMO-0481,Anesthesia Machine,02e6a10b-282c-4bf5-a61a-547e12683222
DEMO-DEV-0492,1,DEMO-0492,Patient Monitor,5221b7d8-06db-4aae-aaff-9bb16ecffd99
DEMO-DEV-0495,1,DEMO-0495,X-Ray System,f1bd3fb4-d29a-4a49-a73f-fcb9d140af66
DEMO-DEV-0496,1,DEMO-0496,Electrosurgical Unit,5221b7d8-06db-4aae-aaff-9bb16ecffd99
DEMO-DEV-0498,1,DEMO-0498,Infusion Pump,3abaabf6-cb3c-4665-9bf7-51e15d6b83a6
DEMO-DEV-0499,1,DEMO-0499,Electrosurgical Unit,087cb0cc-f07b-4d69-aa97-f0fb17ac6bf5
DEMO-DEV-0503,1,DEMO-0503,X-Ray System,fb688ffc-1b11-4eff-98f2-9ddc42bee05d
DEMO-DEV-0504,1,DEMO-0504,Defibrillator,fb688ffc-1b11-4eff-98f2-9ddc42bee05d
DEMO-DEV-0512,1,DEMO-0512,Pulse Oximeter,3063f084-58b4-4185-9334-5219ca4fd060
DEMO-DEV-0513,1,DEMO-0513,Ventilator,fb688ffc-1b11-4eff-98f2-9ddc42bee05d
DEMO-DEV-0514,1,DEMO-0514,Ultrasound System,42ee3277-2e48-431d-b386-6ea209c2fcab
DEMO-DEV-0516,1,DEMO-0516,Anesthesia Machine,f1bd3fb4-d29a-4a49-a73f-fcb9d140af66
DEMO-DEV-0517,1,DEMO-0517,Defibrillator,fb688ffc-1b11-4eff-98f2-9ddc42bee05d
DEMO-DEV-0519,1,DEMO-0519,Patient Monitor,5e9a7ead-ebbc-4d90-9dfa-960b95ff7c32
DEMO-DEV-0520,1,DEMO-0520,Ventilator,dbf5de02-231e-458c-9575-ad273ed5f5b8
DEMO-DEV-0524,1,DEMO-0524,Autoclave,087cb0cc-f07b-4d69-aa97-f0fb17ac6bf5
DEMO-DEV-0528,1,DEMO-0528,Autoclave,e19c99a4-ade8-4c7f-a494-8746650c680c
DEMO-DEV-0531,1,DEMO-0531,X-Ray System,fb688ffc-1b11-4eff-98f2-9ddc42bee05d
DEMO-DEV-0532,1,DEMO-0532,Pulse Oximeter,dbf5de02-231e-458c-9575-ad273ed5f5b8
DEMO-DEV-0533,1,DEMO-0533,Autoclave,7fa95649-4f83-4422-99e3-aecc70af8737
DEMO-DEV-0534,1,DEMO-0534,Defibrillator,fb688ffc-1b11-4eff-98f2-9ddc42bee05d
DEMO-DEV-0541,1,DEMO-0541,ECG Machine,d5382c80-abaa-4a87-b4a1-cb76fb0f264c
DEMO-DEV-0549,1,DEMO-0549,Pulse Oximeter,fb688ffc-1b11-4eff-98f2-9ddc42bee05d
DEMO-DEV-0555,1,DEMO-0555,Ultrasound System,de1fc8ff-31ca-453a-8e05-4ef6f6344a89
DEMO-DEV-0569,1,DEMO-0569,Pulse Oximeter,d5382c80-abaa-4a87-b4a1-cb76fb0f264c
DEMO-DEV-0570,1,DEMO-0570,Electrosurgical Unit,053d4a00-e594-4305-ae71-a96c95a13530
DEMO-DEV-0573,1,DEMO-0573,ECG Machine,42ee3277-2e48-431d-b386-6ea209c2fcab
DEMO-DEV-0578,1,DEMO-0578,Infusion Pump,5e9a7ead-ebbc-4d90-9dfa-960b95ff7c32
DEMO-DEV-0579,1,DEMO-0579,Anesthesia Machine,053d4a00-e594-4305-ae71-a96c95a13530
DEMO-DEV-0583,1,DEMO-0583,Autoclave,e19c99a4-ade8-4c7f-a494-8746650c680c
DEMO-DEV-0584,1,DEMO-0584,Patient Monitor,02e6a10b-282c-4bf5-a61a-547e12683222
DEMO-DEV-0592,1,DEMO-0592,ECG Machine,5e9a7ead-ebbc-4d90-9dfa-960b95ff7c32
DEMO-DEV-0594,1,DEMO-0594,Electrosurgical Unit,087cb0cc-f07b-4d69-aa97-f0fb17ac6bf5
DEMO-DEV-0596,1,DEMO-0596,Electrosurgical Unit,7fa95649-4f83-4422-99e3-aecc70af8737
DEMO-DEV-0608,1,DEMO-0608,Pulse Oximeter,42ee3277-2e48-431d-b386-6ea209c2fcab
DEMO-DEV-0609,1,DEMO-0609,Patient Monitor,fb688ffc-1b11-4eff-98f2-9ddc42bee05d
DEMO-DEV-0610,1,DEMO-0610,Autoclave,087cb0cc-f07b-4d69-aa97-f0fb17ac6bf5
DEMO-DEV-0611,1,DEMO-0611,ECG Machine,5e9a7ead-ebbc-4d90-9dfa-960b95ff7c32
DEMO-DEV-0622,1,DEMO-0622,Autoclave,7fa95649-4f83-4422-99e3-aecc70af8737
DEMO-DEV-0624,1,DEMO-0624,X-Ray System,fb688ffc-1b11-4eff-98f2-9ddc42bee05d
DEMO-DEV-0626,1,DEMO-0626,Ultrasound System,de1fc8ff-31ca-453a-8e05-4ef6f6344a89
DEMO-DEV-0627,1,DEMO-0627,X-Ray System,f1bd3fb4-d29a-4a49-a73f-fcb9d140af66
DEMO-DEV-0629,1,DEMO-0629,Autoclave,7fa95649-4f83-4422-99e3-aecc70af8737
DEMO-DEV-0631,1,DEMO-0631,Syringe Pump,d5382c80-abaa-4a87-b4a1-cb76fb0f264c
DEMO-DEV-0633,1,DEMO-0633,Defibrillator,fb688ffc-1b11-4eff-98f2-9ddc42bee05d
DEMO-DEV-0634,1,DEMO-0634,Anesthesia Machine,4aa84ab5-5871-45cf-84b9-0fff65358075
DEMO-DEV-0635,1,DEMO-0635,ECG Machine,5e9a7ead-ebbc-4d90-9dfa-960b95ff7c32
DEMO-DEV-0639,1,DEMO-0639,Syringe Pump,3063f084-58b4-4185-9334-5219ca4fd060
DEMO-DEV-0642,1,DEMO-0642,Infusion Pump,8e27f500-7d94-4ee5-be36-9f990b34e092
DEMO-DEV-0644,1,DEMO-0644,Patient Monitor,5e9a7ead-ebbc-4d90-9dfa-960b95ff7c32
DEMO-DEV-0645,1,DEMO-0645,Ventilator,dbf5de02-231e-458c-9575-ad273ed5f5b8
DEMO-DEV-0650,1,DEMO-0650,Pulse Oximeter,dbf5de02-231e-458c-9575-ad273ed5f5b8
DEMO-DEV-0652,1,DEMO-0652,Defibrillator,fb688ffc-1b11-4eff-98f2-9ddc42bee05d
DEMO-DEV-0654,1,DEMO-0654,X-Ray System,f1bd3fb4-d29a-4a49-a73f-fcb9d140af66
DEMO-DEV-0657,1,DEMO-0657,Ventilator,fb688ffc-1b11-4eff-98f2-9ddc42bee05d
DEMO-DEV-0668,1,DEMO-0668,Ultrasound System,f1bd3fb4-d29a-4a49-a73f-fcb9d140af66
DEMO-DEV-0672,1,DEMO-0672,ECG Machine,3063f084-58b4-4185-9334-5219ca4fd060
DEMO-DEV-0673,1,DEMO-0673,Infusion Pump,5221b7d8-06db-4aae-aaff-9bb16ecffd99
DEMO-DEV-0674,1,DEMO-0674,Defibrillator,fb688ffc-1b11-4eff-98f2-9ddc42bee05d
DEMO-DEV-0676,1,DEMO-0676,Pulse Oximeter,3063f084-58b4-4185-9334-5219ca4fd060
DEMO-DEV-0679,1,DEMO-0679,Anesthesia Machine,e19c99a4-ade8-4c7f-a494-8746650c680c
DEMO-DEV-0682,1,DEMO-0682,Pulse Oximeter,5e9a7ead-ebbc-4d90-9dfa-960b95ff7c32
DEMO-DEV-0692,1,DEMO-0692,Electrosurgical Unit,5221b7d8-06db-4aae-aaff-9bb16ecffd99
DEMO-DEV-0697,1,DEMO-0697,Infusion Pump,8e27f500-7d94-4ee5-be36-9f990b34e092
DEMO-DEV-0701,1,DEMO-0701,Electrosurgical Unit,02e6a10b-282c-4bf5-a61a-547e12683222
DEMO-DEV-0702,1,DEMO-0702,Defibrillator,fb688ffc-1b11-4eff-98f2-9ddc42bee05d
DEMO-DEV-0704,1,DEMO-0704,Syringe Pump,d5382c80-abaa-4a87-b4a1-cb76fb0f264c
DEMO-DEV-0705,1,DEMO-0705,Patient Monitor,3063f084-58b4-4185-9334-5219ca4fd060
DEMO-DEV-0706,1,DEMO-0706,Syringe Pump,3063f084-58b4-4185-9334-5219ca4fd060
DEMO-DEV-0707,1,DEMO-0707,Syringe Pump,5e9a7ead-ebbc-4d90-9dfa-960b95ff7c32
DEMO-DEV-0708,1,DEMO-0708,Infusion Pump,02e6a10b-282c-4bf5-a61a-547e12683222
DEMO-DEV-0709,1,DEMO-0709,Ventilator,dbf5de02-231e-458c-9575-ad273ed5f5b8
DEMO-DEV-0711,1,DEMO-0711,Patient Monitor,02e6a10b-282c-4bf5-a61a-547e12683222
DEMO-DEV-0713,1,DEMO-0713,ECG Machine,42ee3277-2e48-431d-b386-6ea209c2fcab
DEMO-DEV-0714,1,DEMO-0714,Syringe Pump,3063f084-58b4-4185-9334-5219ca4fd060
DEMO-DEV-0715,1,DEMO-0715,ECG Machine,3063f084-58b4-4185-9334-5219ca4fd060
DEMO-DEV-0716,1,DEMO-0716,Patient Monitor,d5382c80-abaa-4a87-b4a1-cb76fb0f264c
DEMO-DEV-0725,1,DEMO-0725,Autoclave,7fa95649-4f83-4422-99e3-aecc70af8737
DEMO-DEV-0727,1,DEMO-0727,ECG Machine,42ee3277-2e48-431d-b386-6ea209c2fcab
DEMO-DEV-0735,1,DEMO-0735,Autoclave,087cb0cc-f07b-4d69-aa97-f0fb17ac6bf5
DEMO-DEV-0738,1,DEMO-0738,Infusion Pump,3063f084-58b4-4185-9334-5219ca4fd060
DEMO-DEV-0739,1,DEMO-0739,ECG Machine,3063f084-58b4-4185-9334-5219ca4fd060
DEMO-DEV-0743,1,DEMO-0743,Syringe Pump,dbf5de02-231e-458c-9575-ad273ed5f5b8
DEMO-DEV-0751,1,DEMO-0751,Autoclave,087cb0cc-f07b-4d69-aa97-f0fb17ac6bf5
DEMO-DEV-0756,1,DEMO-0756,Autoclave,087cb0cc-f07b-4d69-aa97-f0fb17ac6bf5
DEMO-DEV-0761,1,DEMO-0761,ECG Machine,42ee3277-2e48-431d-b386-6ea209c2fcab
DEMO-DEV-0762,1,DEMO-0762,Ultrasound System,42ee3277-2e48-431d-b386-6ea209c2fcab
DEMO-DEV-0763,1,DEMO-0763,Patient Monitor,3063f084-58b4-4185-9334-5219ca4fd060
DEMO-DEV-0764,1,DEMO-0764,Defibrillator,fb688ffc-1b11-4eff-98f2-9ddc42bee05d
DEMO-DEV-0767,1,DEMO-0767,Ultrasound System,42ee3277-2e48-431d-b386-6ea209c2fcab
DEMO-DEV-0777,1,DEMO-0777,ECG Machine,fb688ffc-1b11-4eff-98f2-9ddc42bee05d
DEMO-DEV-0778,1,DEMO-0778,Syringe Pump,3063f084-58b4-4185-9334-5219ca4fd060
DEMO-DEV-0780,1,DEMO-0780,X-Ray System,f1bd3fb4-d29a-4a49-a73f-fcb9d140af66
DEMO-DEV-0788,1,DEMO-0788,Ventilator,fb688ffc-1b11-4eff-98f2-9ddc42bee05d
DEMO-DEV-0789,1,DEMO-0789,Defibrillator,fb688ffc-1b11-4eff-98f2-9ddc42bee05d
DEMO-DEV-0792,1,DEMO-0792,Ventilator,fb688ffc-1b11-4eff-98f2-9ddc42bee05d
DEMO-DEV-0793,1,DEMO-0793,X-Ray System,fb688ffc-1b11-4eff-98f2-9ddc42bee05d
DEMO-DEV-0796,1,DEMO-0796,Syringe Pump,fb688ffc-1b11-4eff-98f2-9ddc42bee05d
DEMO-DEV-0797,1,DEMO-0797,Syringe Pump,d5382c80-abaa-4a87-b4a1-cb76fb0f264c
DEMO-DEV-0798,1,DEMO-0798,Ventilator,fb688ffc-1b11-4eff-98f2-9ddc42bee05d
DEMO-DEV-0801,1,DEMO-0801,ECG Machine,3063f084-58b4-4185-9334-5219ca4fd060
DEMO-DEV-0805,1,DEMO-0805,Ventilator,dbf5de02-231e-458c-9575-ad273ed5f5b8
DEMO-DEV-0807,1,DEMO-0807,Defibrillator,fb688ffc-1b11-4eff-98f2-9ddc42bee05d
DEMO-DEV-0813,1,DEMO-0813,ECG Machine,3063f084-58b4-4185-9334-5219ca4fd060
DEMO-DEV-0820,1,DEMO-0820,Autoclave,e19c99a4-ade8-4c7f-a494-8746650c680c
DEMO-DEV-0824,1,DEMO-0824,Syringe Pump,fb688ffc-1b11-4eff-98f2-9ddc42bee05d
DEMO-DEV-0826,1,DEMO-0826,Anesthesia Machine,38a452c4-a457-49c8-b4e7-5a9dfefbf45a
DEMO-DEV-0838,1,DEMO-0838,Defibrillator,fb688ffc-1b11-4eff-98f2-9ddc42bee05d
DEMO-DEV-0845,1,DEMO-0845,Ventilator,dbf5de02-231e-458c-9575-ad273ed5f5b8
DEMO-DEV-0846,1,DEMO-0846,Ultrasound System,de1fc8ff-31ca-453a-8e05-4ef6f6344a89
DEMO-DEV-0848,1,DEMO-0848,X-Ray System,f1bd3fb4-d29a-4a49-a73f-fcb9d140af66
DEMO-DEV-0861,1,DEMO-0861,Syringe Pump,d5382c80-abaa-4a87-b4a1-cb76fb0f264c
DEMO-DEV-0866,1,DEMO-0866,Syringe Pump,3063f084-58b4-4185-9334-5219ca4fd060
DEMO-DEV-0867,1,DEMO-0867,ECG Machine,42ee3277-2e48-431d-b386-6ea209c2fcab
DEMO-DEV-0871,1,DEMO-0871,Autoclave,e19c99a4-ade8-4c7f-a494-8746650c680c
DEMO-DEV-0872,1,DEMO-0872,Pulse Oximeter,dbf5de02-231e-458c-9575-ad273ed5f5b8
DEMO-DEV-0878,1,DEMO-0878,Syringe Pump,3063f084-58b4-4185-9334-5219ca4fd060
DEMO-DEV-0880,1,DEMO-0880,Autoclave,7fa95649-4f83-4422-99e3-aecc70af8737
DEMO-DEV-0881,1,DEMO-0881,Ventilator,dbf5de02-231e-458c-9575-ad273ed5f5b8
DEMO-DEV-0886,1,DEMO-0886,X-Ray System,f1bd3fb4-d29a-4a49-a73f-fcb9d140af66
DEMO-DEV-0888,1,DEMO-0888,X-Ray System,fb688ffc-1b11-4eff-98f2-9ddc42bee05d
DEMO-DEV-0900,1,DEMO-0900,Patient Monitor,3063f084-58b4-4185-9334-5219ca4fd060
DEMO-DEV-0903,1,DEMO-0903,Anesthesia Machine,de1fc8ff-31ca-453a-8e05-4ef6f6344a89
DEMO-DEV-0906,1,DEMO-0906,Infusion Pump,5e9a7ead-ebbc-4d90-9dfa-960b95ff7c32
DEMO-DEV-0909,1,DEMO-0909,Defibrillator,fb688ffc-1b11-4eff-98f2-9ddc42bee05d
DEMO-DEV-0916,1,DEMO-0916,Defibrillator,fb688ffc-1b11-4eff-98f2-9ddc42bee05d
DEMO-DEV-0919,1,DEMO-0919,ECG Machine,3063f084-58b4-4185-9334-5219ca4fd060
DEMO-DEV-0922,1,DEMO-0922,X-Ray System,fb688ffc-1b11-4eff-98f2-9ddc42bee05d
DEMO-DEV-0928,1,DEMO-0928,Defibrillator,fb688ffc-1b11-4eff-98f2-9ddc42bee05d
DEMO-DEV-0929,1,DEMO-0929,X-Ray System,fb688ffc-1b11-4eff-98f2-9ddc42bee05d
DEMO-DEV-0931,1,DEMO-0931,ECG Machine,d5382c80-abaa-4a87-b4a1-cb76fb0f264c
DEMO-DEV-0936,1,DEMO-0936,Anesthesia Machine,4aa84ab5-5871-45cf-84b9-0fff65358075
DEMO-DEV-0937,1,DEMO-0937,Infusion Pump,3abaabf6-cb3c-4665-9bf7-51e15d6b83a6
DEMO-DEV-0943,1,DEMO-0943,Ventilator,dbf5de02-231e-458c-9575-ad273ed5f5b8
DEMO-DEV-0947,1,DEMO-0947,Ultrasound System,42ee3277-2e48-431d-b386-6ea209c2fcab
DEMO-DEV-0948,1,DEMO-0948,Ventilator,dbf5de02-231e-458c-9575-ad273ed5f5b8
DEMO-DEV-0950,1,DEMO-0950,Defibrillator,fb688ffc-1b11-4eff-98f2-9ddc42bee05d
DEMO-DEV-0951,1,DEMO-0951,Anesthesia Machine,52802a7b-96a8-41fd-8129-b93e575505fd
DEMO-DEV-0958,1,DEMO-0958,ECG Machine,3063f084-58b4-4185-9334-5219ca4fd060
DEMO-DEV-0959,1,DEMO-0959,Infusion Pump,8e27f500-7d94-4ee5-be36-9f990b34e092
DEMO-DEV-0960,1,DEMO-0960,Pulse Oximeter,d5382c80-abaa-4a87-b4a1-cb76fb0f264c
DEMO-DEV-0962,1,DEMO-0962,X-Ray System,f1bd3fb4-d29a-4a49-a73f-fcb9d140af66
DEMO-DEV-0964,1,DEMO-0964,Infusion Pump,5221b7d8-06db-4aae-aaff-9bb16ecffd99
DEMO-DEV-0967,1,DEMO-0967,Patient Monitor,fb688ffc-1b11-4eff-98f2-9ddc42bee05d
DEMO-DEV-0971,1,DEMO-0971,Patient Monitor,5e9a7ead-ebbc-4d90-9dfa-960b95ff7c32
DEMO-DEV-0973,1,DEMO-0973,Patient Monitor,3063f084-58b4-4185-9334-5219ca4fd060
DEMO-DEV-0974,1,DEMO-0974,ECG Machine,3063f084-58b4-4185-9334-5219ca4fd060
DEMO-DEV-0978,1,DEMO-0978,Patient Monitor,fb688ffc-1b11-4eff-98f2-9ddc42bee05d
DEMO-DEV-0979,1,DEMO-0979,Electrosurgical Unit,de1fc8ff-31ca-453a-8e05-4ef6f6344a89
DEMO-DEV-0999,1,DEMO-0999,Patient Monitor,3063f084-58b4-4185-9334-5219ca4fd060
DEMO-DEV-1000,1,DEMO-1000,Pulse Oximeter,3063f084-58b4-4185-9334-5219ca4fd060
DEMO-DEV-1004,1,DEMO-1004,Anesthesia Machine,c4906dc0-8389-4c68-bf7d-24e6b583a877
DEMO-DEV-1012,1,DEMO-1012,Ventilator,fb688ffc-1b11-4eff-98f2-9ddc42bee05d
DEMO-DEV-1013,1,DEMO-1013,Patient Monitor,d5382c80-abaa-4a87-b4a1-cb76fb0f264c
DEMO-DEV-1028,1,DEMO-1028,X-Ray System,fb688ffc-1b11-4eff-98f2-9ddc42bee05d
DEMO-DEV-1032,1,DEMO-1032,Syringe Pump,3063f084-58b4-4185-9334-5219ca4fd060
DEMO-DEV-1041,1,DEMO-1041,Anesthesia Machine,5cbbfa1e-37f3-448b-a3bd-d3f30054ca16
DEMO-DEV-1045,1,DEMO-1045,Electrosurgical Unit,02e6a10b-282c-4bf5-a61a-547e12683222
DEMO-DEV-1054,1,DEMO-1054,Autoclave,7fa95649-4f83-4422-99e3-aecc70af8737
DEMO-DEV-1055,1,DEMO-1055,Defibrillator,fb688ffc-1b11-4eff-98f2-9ddc42bee05d
DEMO-DEV-1057,1,DEMO-1057,Defibrillator,fb688ffc-1b11-4eff-98f2-9ddc42bee05d
DEMO-DEV-1058,1,DEMO-1058,Electrosurgical Unit,de1fc8ff-31ca-453a-8e05-4ef6f6344a89
DEMO-DEV-1060,1,DEMO-1060,Infusion Pump,02e6a10b-282c-4bf5-a61a-547e12683222
DEMO-DEV-1066,1,DEMO-1066,ECG Machine,fb688ffc-1b11-4eff-98f2-9ddc42bee05d
DEMO-DEV-1067,1,DEMO-1067,Syringe Pump,dbf5de02-231e-458c-9575-ad273ed5f5b8
DEMO-DEV-1070,1,DEMO-1070,Anesthesia Machine,de1fc8ff-31ca-453a-8e05-4ef6f6344a89
DEMO-DEV-1085,1,DEMO-1085,Autoclave,7fa95649-4f83-4422-99e3-aecc70af8737
DEMO-DEV-1087,1,DEMO-1087,Defibrillator,fb688ffc-1b11-4eff-98f2-9ddc42bee05d
DEMO-DEV-1088,1,DEMO-1088,Syringe Pump,5e9a7ead-ebbc-4d90-9dfa-960b95ff7c32
DEMO-DEV-1089,1,DEMO-1089,Pulse Oximeter,42ee3277-2e48-431d-b386-6ea209c2fcab
DEMO-DEV-1092,1,DEMO-1092,ECG Machine,fb688ffc-1b11-4eff-98f2-9ddc42bee05d
DEMO-DEV-1095,1,DEMO-1095,Ventilator,dbf5de02-231e-458c-9575-ad273ed5f5b8
DEMO-DEV-1096,1,DEMO-1096,ECG Machine,42ee3277-2e48-431d-b386-6ea209c2fcab
DEMO-DEV-1098,1,DEMO-1098,Ventilator,dbf5de02-231e-458c-9575-ad273ed5f5b8
DEMO-DEV-1099,1,DEMO-1099,ECG Machine,5e9a7ead-ebbc-4d90-9dfa-960b95ff7c32
DEMO-DEV-1102,1,DEMO-1102,Electrosurgical Unit,02e6a10b-282c-4bf5-a61a-547e12683222
DEMO-DEV-1105,1,DEMO-1105,Ventilator,dbf5de02-231e-458c-9575-ad273ed5f5b8
DEMO-DEV-1107,1,DEMO-1107,Defibrillator,fb688ffc-1b11-4eff-98f2-9ddc42bee05d
DEMO-DEV-1112,1,DEMO-1112,Ventilator,fb688ffc-1b11-4eff-98f2-9ddc42bee05d
DEMO-DEV-1116,1,DEMO-1116,Autoclave,7fa95649-4f83-4422-99e3-aecc70af8737
DEMO-DEV-1117,1,DEMO-1117,ECG Machine,fb688ffc-1b11-4eff-98f2-9ddc42bee05d
DEMO-DEV-1121,1,DEMO-1121,Anesthesia Machine,42ee3277-2e48-431d-b386-6ea209c2fcab
DEMO-DEV-1128,1,DEMO-1128,Autoclave,7fa95649-4f83-4422-99e3-aecc70af8737
DEMO-DEV-1129,1,DEMO-1129,Defibrillator,fb688ffc-1b11-4eff-98f2-9ddc42bee05d
DEMO-DEV-1134,1,DEMO-1134,Autoclave,e19c99a4-ade8-4c7f-a494-8746650c680c
DEMO-DEV-1136,1,DEMO-1136,Ultrasound System,f1bd3fb4-d29a-4a49-a73f-fcb9d140af66
DEMO-DEV-1139,1,DEMO-1139,Infusion Pump,dbf5de02-231e-458c-9575-ad273ed5f5b8
DEMO-DEV-1141,1,DEMO-1141,Electrosurgical Unit,8e27f500-7d94-4ee5-be36-9f990b34e092
DEMO-DEV-1143,1,DEMO-1143,Infusion Pump,d5382c80-abaa-4a87-b4a1-cb76fb0f264c
DEMO-DEV-1153,1,DEMO-1153,ECG Machine,5e9a7ead-ebbc-4d90-9dfa-960b95ff7c32
DEMO-DEV-1162,1,DEMO-1162,Defibrillator,fb688ffc-1b11-4eff-98f2-9ddc42bee05d
DEMO-DEV-1166,1,DEMO-1166,Infusion Pump,3abaabf6-cb3c-4665-9bf7-51e15d6b83a6
DEMO-DEV-1169,1,DEMO-1169,ECG Machine,fb688ffc-1b11-4eff-98f2-9ddc42bee05d
DEMO-DEV-1173,1,DEMO-1173,Ultrasound System,f1bd3fb4-d29a-4a49-a73f-fcb9d140af66
DEMO-DEV-1180,1,DEMO-1180,Defibrillator,fb688ffc-1b11-4eff-98f2-9ddc42bee05d
DEMO-DEV-1182,1,DEMO-1182,Autoclave,e19c99a4-ade8-4c7f-a494-8746650c680c
DEMO-DEV-1184,1,DEMO-1184,Ultrasound System,42ee3277-2e48-431d-b386-6ea209c2fcab
DEMO-DEV-1185,1,DEMO-1185,ECG Machine,d5382c80-abaa-4a87-b4a1-cb76fb0f264c
DEMO-DEV-1187,1,DEMO-1187,Syringe Pump,3abaabf6-cb3c-4665-9bf7-51e15d6b83a6
DEMO-DEV-1192,1,DEMO-1192,Ultrasound System,42ee3277-2e48-431d-b386-6ea209c2fcab
DEMO-DEV-1193,1,DEMO-1193,ECG Machine,42ee3277-2e48-431d-b386-6ea209c2fcab
DEMO-DEV-1194,1,DEMO-1194,Anesthesia Machine,42ee3277-2e48-431d-b386-6ea209c2fcab
DEMO-DEV-1208,1,DEMO-1208,Ventilator,dbf5de02-231e-458c-9575-ad273ed5f5b8
DEMO-DEV-1212,1,DEMO-1212,Pulse Oximeter,d5382c80-abaa-4a87-b4a1-cb76fb0f264c
DEMO-DEV-1213,1,DEMO-1213,Pulse Oximeter,42ee3277-2e48-431d-b386-6ea209c2fcab
DEMO-DEV-1217,1,DEMO-1217,Anesthesia Machine,35abc5ec-fbe4-40a6-8752-2cba3fb328ba
DEMO-DEV-1225,1,DEMO-1225,X-Ray System,fb688ffc-1b11-4eff-98f2-9ddc42bee05d
DEMO-DEV-1226,1,DEMO-1226,Ultrasound System,de1fc8ff-31ca-453a-8e05-4ef6f6344a89
DEMO-DEV-1228,1,DEMO-1228,Syringe Pump,5e9a7ead-ebbc-4d90-9dfa-960b95ff7c32
DEMO-DEV-1232,1,DEMO-1232,Patient Monitor,8e27f500-7d94-4ee5-be36-9f990b34e092
DEMO-DEV-1233,1,DEMO-1233,Syringe Pump,d5382c80-abaa-4a87-b4a1-cb76fb0f264c
DEMO-DEV-1234,1,DEMO-1234,Ultrasound System,f1bd3fb4-d29a-4a49-a73f-fcb9d140af66
DEMO-DEV-1245,1,DEMO-1245,Ventilator,dbf5de02-231e-458c-9575-ad273ed5f5b8
DEMO-DEV-1249,1,DEMO-1249,Patient Monitor,02e6a10b-282c-4bf5-a61a-547e12683222
DEMO-DEV-1253,1,DEMO-1253,ECG Machine,3063f084-58b4-4185-9334-5219ca4fd060
DEMO-DEV-1254,1,DEMO-1254,ECG Machine,d5382c80-abaa-4a87-b4a1-cb76fb0f264c
DEMO-DEV-1256,1,DEMO-1256,Defibrillator,fb688ffc-1b11-4eff-98f2-9ddc42bee05d
DEMO-DEV-1258,1,DEMO-1258,Defibrillator,fb688ffc-1b11-4eff-98f2-9ddc42bee05d
DEMO-DEV-1267,1,DEMO-1267,Patient Monitor,3063f084-58b4-4185-9334-5219ca4fd060
DEMO-DEV-1272,1,DEMO-1272,Syringe Pump,d5382c80-abaa-4a87-b4a1-cb76fb0f264c
DEMO-DEV-1275,1,DEMO-1275,X-Ray System,fb688ffc-1b11-4eff-98f2-9ddc42bee05d
DEMO-DEV-1279,1,DEMO-1279,Defibrillator,fb688ffc-1b11-4eff-98f2-9ddc42bee05d
DEMO-DEV-1281,1,DEMO-1281,Anesthesia Machine,5221b7d8-06db-4aae-aaff-9bb16ecffd99
DEMO-DEV-1283,1,DEMO-1283,X-Ray System,fb688ffc-1b11-4eff-98f2-9ddc42bee05d
DEMO-DEV-1284,1,DEMO-1284,Ventilator,dbf5de02-231e-458c-9575-ad273ed5f5b8
DEMO-DEV-1287,1,DEMO-1287,Pulse Oximeter,d5382c80-abaa-4a87-b4a1-cb76fb0f264c
DEMO-DEV-1291,1,DEMO-1291,Syringe Pump,d5382c80-abaa-4a87-b4a1-cb76fb0f264c
DEMO-DEV-1293,1,DEMO-1293,Pulse Oximeter,5e9a7ead-ebbc-4d90-9dfa-960b95ff7c32
DEMO-DEV-1294,1,DEMO-1294,Autoclave,087cb0cc-f07b-4d69-aa97-f0fb17ac6bf5
DEMO-DEV-1296,1,DEMO-1296,Patient Monitor,3063f084-58b4-4185-9334-5219ca4fd060
DEMO-DEV-1297,1,DEMO-1297,X-Ray System,fb688ffc-1b11-4eff-98f2-9ddc42bee05d
DEMO-DEV-1303,1,DEMO-1303,Autoclave,e19c99a4-ade8-4c7f-a494-8746650c680c
DEMO-DEV-1304,1,DEMO-1304,Ventilator,dbf5de02-231e-458c-9575-ad273ed5f5b8
DEMO-DEV-1308,1,DEMO-1308,Syringe Pump,d5382c80-abaa-4a87-b4a1-cb76fb0f264c
DEMO-DEV-1309,1,DEMO-1309,Ventilator,fb688ffc-1b11-4eff-98f2-9ddc42bee05d
DEMO-DEV-1310,1,DEMO-1310,Ultrasound System,42ee3277-2e48-431d-b386-6ea209c2fcab
DEMO-DEV-1311,1,DEMO-1311,Defibrillator,fb688ffc-1b11-4eff-98f2-9ddc42bee05d
DEMO-DEV-1312,1,DEMO-1312,Ultrasound System,de1fc8ff-31ca-453a-8e05-4ef6f6344a89
DEMO-DEV-1322,1,DEMO-1322,Anesthesia Machine,087cb0cc-f07b-4d69-aa97-f0fb17ac6bf5
DEMO-DEV-1328,1,DEMO-1328,Infusion Pump,dbf5de02-231e-458c-9575-ad273ed5f5b8
DEMO-DEV-1330,1,DEMO-1330,Infusion Pump,d5382c80-abaa-4a87-b4a1-cb76fb0f264c
DEMO-DEV-1331,1,DEMO-1331,Electrosurgical Unit,de1fc8ff-31ca-453a-8e05-4ef6f6344a89
DEMO-DEV-1332,1,DEMO-1332,Electrosurgical Unit,02e6a10b-282c-4bf5-a61a-547e12683222
DEMO-DEV-1333,1,DEMO-1333,Infusion Pump,5e9a7ead-ebbc-4d90-9dfa-960b95ff7c32
DEMO-DEV-1335,1,DEMO-1335,Electrosurgical Unit,8e27f500-7d94-4ee5-be36-9f990b34e092
DEMO-DEV-1338,1,DEMO-1338,Anesthesia Machine,053d4a00-e594-4305-ae71-a96c95a13530
DEMO-DEV-1347,1,DEMO-1347,ECG Machine,d5382c80-abaa-4a87-b4a1-cb76fb0f264c
DEMO-DEV-1353,1,DEMO-1353,X-Ray System,fb688ffc-1b11-4eff-98f2-9ddc42bee05d
DEMO-DEV-1356,1,DEMO-1356,X-Ray System,fb688ffc-1b11-4eff-98f2-9ddc42bee05d
DEMO-DEV-1359,1,DEMO-1359,Infusion Pump,3abaabf6-cb3c-4665-9bf7-51e15d6b83a6
DEMO-DEV-1361,1,DEMO-1361,Ultrasound System,42ee3277-2e48-431d-b386-6ea209c2fcab
DEMO-DEV-1362,1,DEMO-1362,Infusion Pump,d5382c80-abaa-4a87-b4a1-cb76fb0f264c
DEMO-DEV-1363,1,DEMO-1363,X-Ray System,fb688ffc-1b11-4eff-98f2-9ddc42bee05d
DEMO-DEV-1364,1,DEMO-1364,Pulse Oximeter,42ee3277-2e48-431d-b386-6ea209c2fcab
DEMO-DEV-1367,1,DEMO-1367,Patient Monitor,02e6a10b-282c-4bf5-a61a-547e12683222
DEMO-DEV-1369,1,DEMO-1369,Ventilator,dbf5de02-231e-458c-9575-ad273ed5f5b8
DEMO-DEV-1372,1,DEMO-1372,Electrosurgical Unit,de1fc8ff-31ca-453a-8e05-4ef6f6344a89
DEMO-DEV-1375,1,DEMO-1375,Infusion Pump,d5382c80-abaa-4a87-b4a1-cb76fb0f264c
DEMO-DEV-1376,1,DEMO-1376,ECG Machine,fb688ffc-1b11-4eff-98f2-9ddc42bee05d
DEMO-DEV-1379,1,DEMO-1379,Anesthesia Machine,38a452c4-a457-49c8-b4e7-5a9dfefbf45a
DEMO-DEV-1381,1,DEMO-1381,Anesthesia Machine,c4906dc0-8389-4c68-bf7d-24e6b583a877
DEMO-DEV-1382,1,DEMO-1382,Ultrasound System,de1fc8ff-31ca-453a-8e05-4ef6f6344a89
DEMO-DEV-1384,1,DEMO-1384,Patient Monitor,5221b7d8-06db-4aae-aaff-9bb16ecffd99
DEMO-DEV-1389,1,DEMO-1389,Electrosurgical Unit,8e27f500-7d94-4ee5-be36-9f990b34e092
DEMO-DEV-1391,1,DEMO-1391,Syringe Pump,dbf5de02-231e-458c-9575-ad273ed5f5b8
DEMO-DEV-1392,1,DEMO-1392,X-Ray System,fb688ffc-1b11-4eff-98f2-9ddc42bee05d
DEMO-DEV-1393,1,DEMO-1393,Syringe Pump,3063f084-58b4-4185-9334-5219ca4fd060
DEMO-DEV-1395,1,DEMO-1395,Anesthesia Machine,3abaabf6-cb3c-4665-9bf7-51e15d6b83a6
DEMO-DEV-1396,1,DEMO-1396,Defibrillator,fb688ffc-1b11-4eff-98f2-9ddc42bee05d
DEMO-DEV-1405,1,DEMO-1405,Autoclave,7fa95649-4f83-4422-99e3-aecc70af8737
DEMO-DEV-1406,1,DEMO-1406,Autoclave,087cb0cc-f07b-4d69-aa97-f0fb17ac6bf5
DEMO-DEV-1407,1,DEMO-1407,Anesthesia Machine,35abc5ec-fbe4-40a6-8752-2cba3fb328ba
DEMO-DEV-1408,1,DEMO-1408,Syringe Pump,3abaabf6-cb3c-4665-9bf7-51e15d6b83a6
DEMO-DEV-1412,1,DEMO-1412,Syringe Pump,fb688ffc-1b11-4eff-98f2-9ddc42bee05d
DEMO-DEV-1417,1,DEMO-1417,Patient Monitor,3063f084-58b4-4185-9334-5219ca4fd060
DEMO-DEV-1419,1,DEMO-1419,Defibrillator,fb688ffc-1b11-4eff-98f2-9ddc42bee05d
DEMO-DEV-1420,1,DEMO-1420,Syringe Pump,3063f084-58b4-4185-9334-5219ca4fd060
DEMO-DEV-1421,1,DEMO-1421,Defibrillator,fb688ffc-1b11-4eff-98f2-9ddc42bee05d
DEMO-DEV-1429,1,DEMO-1429,Ventilator,fb688ffc-1b11-4eff-98f2-9ddc42bee05d
DEMO-DEV-1430,1,DEMO-1430,Ultrasound System,f1bd3fb4-d29a-4a49-a73f-fcb9d140af66
DEMO-DEV-1433,1,DEMO-1433,Electrosurgical Unit,053d4a00-e594-4305-ae71-a96c95a13530
DEMO-DEV-1434,1,DEMO-1434,Electrosurgical Unit,087cb0cc-f07b-4d69-aa97-f0fb17ac6bf5
DEMO-DEV-1443,1,DEMO-1443,Infusion Pump,5e9a7ead-ebbc-4d90-9dfa-960b95ff7c32
DEMO-DEV-1444,1,DEMO-1444,Pulse Oximeter,fb688ffc-1b11-4eff-98f2-9ddc42bee05d
DEMO-DEV-1447,1,DEMO-1447,Infusion Pump,5e9a7ead-ebbc-4d90-9dfa-960b95ff7c32
DEMO-DEV-1449,1,DEMO-1449,Ultrasound System,f1bd3fb4-d29a-4a49-a73f-fcb9d140af66
DEMO-DEV-1450,1,DEMO-1450,Anesthesia Machine,dbf5de02-231e-458c-9575-ad273ed5f5b8
DEMO-DEV-1451,1,DEMO-1451,Autoclave,e19c99a4-ade8-4c7f-a494-8746650c680c
DEMO-DEV-1456,1,DEMO-1456,Ultrasound System,42ee3277-2e48-431d-b386-6ea209c2fcab
DEMO-DEV-1460,1,DEMO-1460,Ventilator,fb688ffc-1b11-4eff-98f2-9ddc42bee05d
DEMO-DEV-1472,1,DEMO-1472,Defibrillator,fb688ffc-1b11-4eff-98f2-9ddc42bee05d
DEMO-DEV-1473,1,DEMO-1473,Syringe Pump,3abaabf6-cb3c-4665-9bf7-51e15d6b83a6
DEMO-DEV-1474,1,DEMO-1474,Syringe Pump,3abaabf6-cb3c-4665-9bf7-51e15d6b83a6
DEMO-DEV-1475,1,DEMO-1475,Patient Monitor,5e9a7ead-ebbc-4d90-9dfa-960b95ff7c32
DEMO-DEV-1476,1,DEMO-1476,Autoclave,087cb0cc-f07b-4d69-aa97-f0fb17ac6bf5
DEMO-DEV-1484,1,DEMO-1484,Ultrasound System,de1fc8ff-31ca-453a-8e05-4ef6f6344a89
DEMO-DEV-1488,1,DEMO-1488,X-Ray System,f1bd3fb4-d29a-4a49-a73f-fcb9d140af66
DEMO-DEV-1491,1,DEMO-1491,Ultrasound System,de1fc8ff-31ca-453a-8e05-4ef6f6344a89
DEMO-DEV-1492,1,DEMO-1492,Autoclave,e19c99a4-ade8-4c7f-a494-8746650c680c
DEMO-DEV-1500,1,DEMO-1500,Autoclave,087cb0cc-f07b-4d69-aa97-f0fb17ac6bf5
DEMO-DEV-1503,1,DEMO-1503,Anesthesia Machine,f75d2bae-4cbf-4736-ae9b-4da7cbd1dada
DEMO-DEV-1504,1,DEMO-1504,Ultrasound System,de1fc8ff-31ca-453a-8e05-4ef6f6344a89
DEMO-DEV-1507,1,DEMO-1507,Ultrasound System,f1bd3fb4-d29a-4a49-a73f-fcb9d140af66
DEMO-DEV-1509,1,DEMO-1509,Pulse Oximeter,d5382c80-abaa-4a87-b4a1-cb76fb0f264c
DEMO-DEV-1510,1,DEMO-1510,Patient Monitor,d5382c80-abaa-4a87-b4a1-cb76fb0f264c
DEMO-DEV-1517,1,DEMO-1517,Ventilator,fb688ffc-1b11-4eff-98f2-9ddc42bee05d
DEMO-DEV-1525,1,DEMO-1525,Ultrasound System,de1fc8ff-31ca-453a-8e05-4ef6f6344a89
DEMO-DEV-1528,1,DEMO-1528,Syringe Pump,3abaabf6-cb3c-4665-9bf7-51e15d6b83a6
DEMO-DEV-1530,1,DEMO-1530,Ventilator,dbf5de02-231e-458c-9575-ad273ed5f5b8
DEMO-DEV-1531,1,DEMO-1531,Anesthesia Machine,4aa84ab5-5871-45cf-84b9-0fff65358075
DEMO-DEV-1532,1,DEMO-1532,ECG Machine,fb688ffc-1b11-4eff-98f2-9ddc42bee05d
DEMO-DEV-1533,1,DEMO-1533,Ultrasound System,f1bd3fb4-d29a-4a49-a73f-fcb9d140af66
DEMO-DEV-1536,1,DEMO-1536,Defibrillator,fb688ffc-1b11-4eff-98f2-9ddc42bee05d
DEMO-DEV-1549,1,DEMO-1549,X-Ray System,f1bd3fb4-d29a-4a49-a73f-fcb9d140af66
DEMO-DEV-1556,1,DEMO-1556,Electrosurgical Unit,8e27f500-7d94-4ee5-be36-9f990b34e092
DEMO-DEV-1559,1,DEMO-1559,X-Ray System,fb688ffc-1b11-4eff-98f2-9ddc42bee05d
DEMO-DEV-1568,1,DEMO-1568,X-Ray System,fb688ffc-1b11-4eff-98f2-9ddc42bee05d
DEMO-DEV-1574,1,DEMO-1574,Anesthesia Machine,8e27f500-7d94-4ee5-be36-9f990b34e092
DEMO-DEV-1579,1,DEMO-1579,Ultrasound System,42ee3277-2e48-431d-b386-6ea209c2fcab
DEMO-DEV-1580,1,DEMO-1580,Patient Monitor,5221b7d8-06db-4aae-aaff-9bb16ecffd99
DEMO-DEV-1581,1,DEMO-1581,Electrosurgical Unit,02e6a10b-282c-4bf5-a61a-547e12683222
DEMO-DEV-1586,1,DEMO-1586,Ventilator,dbf5de02-231e-458c-9575-ad273ed5f5b8
DEMO-DEV-1591,1,DEMO-1591,Ultrasound System,de1fc8ff-31ca-453a-8e05-4ef6f6344a89
DEMO-DEV-1592,1,DEMO-1592,ECG Machine,5e9a7ead-ebbc-4d90-9dfa-960b95ff7c32
DEMO-DEV-1594,1,DEMO-1594,Ventilator,dbf5de02-231e-458c-9575-ad273ed5f5b8
DEMO-DEV-1597,1,DEMO-1597,Ventilator,dbf5de02-231e-458c-9575-ad273ed5f5b8
DEMO-DEV-1600,1,DEMO-1600,X-Ray System,fb688ffc-1b11-4eff-98f2-9ddc42bee05d
DEMO-DEV-1608,1,DEMO-1608,Electrosurgical Unit,02e6a10b-282c-4bf5-a61a-547e12683222
DEMO-DEV-1613,1,DEMO-1613,Anesthesia Machine,3abaabf6-cb3c-4665-9bf7-51e15d6b83a6
DEMO-DEV-1630,1,DEMO-1630,Anesthesia Machine,3063f084-58b4-4185-9334-5219ca4fd060
DEMO-DEV-1631,1,DEMO-1631,Pulse Oximeter,5e9a7ead-ebbc-4d90-9dfa-960b95ff7c32
DEMO-DEV-1636,1,DEMO-1636,Autoclave,7fa95649-4f83-4422-99e3-aecc70af8737
DEMO-DEV-1641,1,DEMO-1641,Anesthesia Machine,fb688ffc-1b11-4eff-98f2-9ddc42bee05d
DEMO-DEV-1644,1,DEMO-1644,Syringe Pump,3abaabf6-cb3c-4665-9bf7-51e15d6b83a6
DEMO-DEV-1646,1,DEMO-1646,Defibrillator,fb688ffc-1b11-4eff-98f2-9ddc42bee05d
DEMO-DEV-1652,1,DEMO-1652,Anesthesia Machine,dbf5de02-231e-458c-9575-ad273ed5f5b8
DEMO-DEV-1655,1,DEMO-1655,Ultrasound System,f1bd3fb4-d29a-4a49-a73f-fcb9d140af66
DEMO-DEV-1666,1,DEMO-1666,Infusion Pump,5221b7d8-06db-4aae-aaff-9bb16ecffd99
DEMO-DEV-1669,1,DEMO-1669,Pulse Oximeter,5e9a7ead-ebbc-4d90-9dfa-960b95ff7c32
DEMO-DEV-1677,1,DEMO-1677,Syringe Pump,3abaabf6-cb3c-4665-9bf7-51e15d6b83a6
DEMO-DEV-1679,1,DEMO-1679,Ventilator,fb688ffc-1b11-4eff-98f2-9ddc42bee05d
DEMO-DEV-1684,1,DEMO-1684,Defibrillator,fb688ffc-1b11-4eff-98f2-9ddc42bee05d
DEMO-DEV-1686,1,DEMO-1686,Autoclave,7fa95649-4f83-4422-99e3-aecc70af8737
DEMO-DEV-1689,1,DEMO-1689,Patient Monitor,02e6a10b-282c-4bf5-a61a-547e12683222
DEMO-DEV-1691,1,DEMO-1691,Infusion Pump,fb688ffc-1b11-4eff-98f2-9ddc42bee05d
DEMO-DEV-1692,1,DEMO-1692,Syringe Pump,fb688ffc-1b11-4eff-98f2-9ddc42bee05d
DEMO-DEV-1694,1,DEMO-1694,Defibrillator,fb688ffc-1b11-4eff-98f2-9ddc42bee05d
DEMO-DEV-1695,1,DEMO-1695,Patient Monitor,5221b7d8-06db-4aae-aaff-9bb16ecffd99
DEMO-DEV-1696,1,DEMO-1696,Syringe Pump,dbf5de02-231e-458c-9575-ad273ed5f5b8
DEMO-DEV-1698,1,DEMO-1698,Ventilator,dbf5de02-231e-458c-9575-ad273ed5f5b8
DEMO-DEV-1703,1,DEMO-1703,Defibrillator,fb688ffc-1b11-4eff-98f2-9ddc42bee05d
DEMO-DEV-1705,1,DEMO-1705,Syringe Pump,fb688ffc-1b11-4eff-98f2-9ddc42bee05d
DEMO-DEV-1708,1,DEMO-1708,Patient Monitor,5e9a7ead-ebbc-4d90-9dfa-960b95ff7c32
DEMO-DEV-1709,1,DEMO-1709,X-Ray System,f1bd3fb4-d29a-4a49-a73f-fcb9d140af66
DEMO-DEV-1718,1,DEMO-1718,Pulse Oximeter,42ee3277-2e48-431d-b386-6ea209c2fcab
DEMO-DEV-1721,1,DEMO-1721,Syringe Pump,3063f084-58b4-4185-9334-5219ca4fd060
DEMO-DEV-1724,1,DEMO-1724,Patient Monitor,5221b7d8-06db-4aae-aaff-9bb16ecffd99
DEMO-DEV-1726,1,DEMO-1726,Anesthesia Machine,35abc5ec-fbe4-40a6-8752-2cba3fb328ba
DEMO-DEV-1730,1,DEMO-1730,Defibrillator,fb688ffc-1b11-4eff-98f2-9ddc42bee05d
DEMO-DEV-1735,1,DEMO-1735,ECG Machine,3063f084-58b4-4185-9334-5219ca4fd060
DEMO-DEV-1754,1,DEMO-1754,Anesthesia Machine,4aa84ab5-5871-45cf-84b9-0fff65358075
DEMO-DEV-1756,1,DEMO-1756,Ultrasound System,de1fc8ff-31ca-453a-8e05-4ef6f6344a89
DEMO-DEV-1761,1,DEMO-1761,Patient Monitor,02e6a10b-282c-4bf5-a61a-547e12683222
DEMO-DEV-1762,1,DEMO-1762,ECG Machine,42ee3277-2e48-431d-b386-6ea209c2fcab
DEMO-DEV-1767,1,DEMO-1767,Electrosurgical Unit,7fa95649-4f83-4422-99e3-aecc70af8737
DEMO-DEV-1768,1,DEMO-1768,Autoclave,087cb0cc-f07b-4d69-aa97-f0fb17ac6bf5
DEMO-DEV-1773,1,DEMO-1773,Ventilator,fb688ffc-1b11-4eff-98f2-9ddc42bee05d
DEMO-DEV-1776,1,DEMO-1776,Infusion Pump,5e9a7ead-ebbc-4d90-9dfa-960b95ff7c32
DEMO-DEV-1777,1,DEMO-1777,X-Ray System,fb688ffc-1b11-4eff-98f2-9ddc42bee05d
DEMO-DEV-1785,1,DEMO-1785,Patient Monitor,8e27f500-7d94-4ee5-be36-9f990b34e092
DEMO-DEV-1788,1,DEMO-1788,Defibrillator,fb688ffc-1b11-4eff-98f2-9ddc42bee05d
DEMO-DEV-1790,1,DEMO-1790,X-Ray System,fb688ffc-1b11-4eff-98f2-9ddc42bee05d
DEMO-DEV-1793,1,DEMO-1793,Ventilator,dbf5de02-231e-458c-9575-ad273ed5f5b8
DEMO-DEV-1796,1,DEMO-1796,Patient Monitor,5e9a7ead-ebbc-4d90-9dfa-960b95ff7c32
DEMO-DEV-1798,1,DEMO-1798,Electrosurgical Unit,053d4a00-e594-4305-ae71-a96c95a13530
DEMO-DEV-1802,1,DEMO-1802,Ultrasound System,f1bd3fb4-d29a-4a49-a73f-fcb9d140af66
DEMO-DEV-1805,1,DEMO-1805,Ventilator,dbf5de02-231e-458c-9575-ad273ed5f5b8
DEMO-DEV-1807,1,DEMO-1807,Defibrillator,fb688ffc-1b11-4eff-98f2-9ddc42bee05d
DEMO-DEV-1808,1,DEMO-1808,Ventilator,fb688ffc-1b11-4eff-98f2-9ddc42bee05d
DEMO-DEV-1809,1,DEMO-1809,X-Ray System,f1bd3fb4-d29a-4a49-a73f-fcb9d140af66
DEMO-DEV-1811,1,DEMO-1811,Syringe Pump,3063f084-58b4-4185-9334-5219ca4fd060
DEMO-DEV-1812,1,DEMO-1812,Pulse Oximeter,dbf5de02-231e-458c-9575-ad273ed5f5b8
DEMO-DEV-1815,1,DEMO-1815,Ultrasound System,f1bd3fb4-d29a-4a49-a73f-fcb9d140af66
DEMO-DEV-1816,1,DEMO-1816,Ultrasound System,42ee3277-2e48-431d-b386-6ea209c2fcab
DEMO-DEV-1817,1,DEMO-1817,ECG Machine,3063f084-58b4-4185-9334-5219ca4fd060
DEMO-DEV-1819,1,DEMO-1819,Defibrillator,fb688ffc-1b11-4eff-98f2-9ddc42bee05d
DEMO-DEV-1821,1,DEMO-1821,Infusion Pump,3063f084-58b4-4185-9334-5219ca4fd060
DEMO-DEV-1831,1,DEMO-1831,Syringe Pump,3063f084-58b4-4185-9334-5219ca4fd060
DEMO-DEV-1834,1,DEMO-1834,Electrosurgical Unit,de1fc8ff-31ca-453a-8e05-4ef6f6344a89
DEMO-DEV-1835,1,DEMO-1835,Patient Monitor,02e6a10b-282c-4bf5-a61a-547e12683222
DEMO-DEV-1841,1,DEMO-1841,Patient Monitor,5221b7d8-06db-4aae-aaff-9bb16ecffd99
DEMO-DEV-1842,1,DEMO-1842,X-Ray System,fb688ffc-1b11-4eff-98f2-9ddc42bee05d
DEMO-DEV-1844,1,DEMO-1844,Defibrillator,fb688ffc-1b11-4eff-98f2-9ddc42bee05d
DEMO-DEV-1845,1,DEMO-1845,Anesthesia Machine,7fa95649-4f83-4422-99e3-aecc70af8737
DEMO-DEV-1847,1,DEMO-1847,Ultrasound System,f1bd3fb4-d29a-4a49-a73f-fcb9d140af66
DEMO-DEV-1848,1,DEMO-1848,Ultrasound System,de1fc8ff-31ca-453a-8e05-4ef6f6344a89
DEMO-DEV-1849,1,DEMO-1849,Defibrillator,fb688ffc-1b11-4eff-98f2-9ddc42bee05d
DEMO-DEV-1853,1,DEMO-1853,Ultrasound System,42ee3277-2e48-431d-b386-6ea209c2fcab
DEMO-DEV-1858,1,DEMO-1858,Anesthesia Machine,7fa95649-4f83-4422-99e3-aecc70af8737
DEMO-DEV-1860,1,DEMO-1860,Defibrillator,fb688ffc-1b11-4eff-98f2-9ddc42bee05d
DEMO-DEV-1866,1,DEMO-1866,Syringe Pump,3abaabf6-cb3c-4665-9bf7-51e15d6b83a6
DEMO-DEV-1873,1,DEMO-1873,Autoclave,e19c99a4-ade8-4c7f-a494-8746650c680c
DEMO-DEV-1884,1,DEMO-1884,Defibrillator,fb688ffc-1b11-4eff-98f2-9ddc42bee05d
DEMO-DEV-1886,1,DEMO-1886,Anesthesia Machine,e19c99a4-ade8-4c7f-a494-8746650c680c
DEMO-DEV-1891,1,DEMO-1891,Autoclave,7fa95649-4f83-4422-99e3-aecc70af8737
DEMO-DEV-1896,1,DEMO-1896,Pulse Oximeter,3063f084-58b4-4185-9334-5219ca4fd060
DEMO-DEV-1902,1,DEMO-1902,Ultrasound System,de1fc8ff-31ca-453a-8e05-4ef6f6344a89
DEMO-DEV-1904,1,DEMO-1904,Defibrillator,fb688ffc-1b11-4eff-98f2-9ddc42bee05d
DEMO-DEV-1905,1,DEMO-1905,Patient Monitor,5e9a7ead-ebbc-4d90-9dfa-960b95ff7c32
DEMO-DEV-1913,1,DEMO-1913,ECG Machine,5e9a7ead-ebbc-4d90-9dfa-960b95ff7c32
DEMO-DEV-1917,1,DEMO-1917,Anesthesia Machine,5cbbfa1e-37f3-448b-a3bd-d3f30054ca16
DEMO-DEV-1925,1,DEMO-1925,Pulse Oximeter,dbf5de02-231e-458c-9575-ad273ed5f5b8
DEMO-DEV-1928,1,DEMO-1928,Ultrasound System,42ee3277-2e48-431d-b386-6ea209c2fcab
DEMO-DEV-1929,1,DEMO-1929,Electrosurgical Unit,087cb0cc-f07b-4d69-aa97-f0fb17ac6bf5
DEMO-DEV-1931,1,DEMO-1931,ECG Machine,3063f084-58b4-4185-9334-5219ca4fd060
DEMO-DEV-1935,1,DEMO-1935,Syringe Pump,dbf5de02-231e-458c-9575-ad273ed5f5b8
DEMO-DEV-1936,1,DEMO-1936,Syringe Pump,3063f084-58b4-4185-9334-5219ca4fd060
DEMO-DEV-1938,1,DEMO-1938,Infusion Pump,02e6a10b-282c-4bf5-a61a-547e12683222
DEMO-DEV-1939,1,DEMO-1939,Electrosurgical Unit,de1fc8ff-31ca-453a-8e05-4ef6f6344a89
DEMO-DEV-1940,1,DEMO-1940,Autoclave,7fa95649-4f83-4422-99e3-aecc70af8737
DEMO-DEV-1942,1,DEMO-1942,Autoclave,7fa95649-4f83-4422-99e3-aecc70af8737
DEMO-DEV-1944,1,DEMO-1944,Infusion Pump,dbf5de02-231e-458c-9575-ad273ed5f5b8
DEMO-DEV-1945,1,DEMO-1945,Patient Monitor,d5382c80-abaa-4a87-b4a1-cb76fb0f264c
DEMO-DEV-1950,1,DEMO-1950,Defibrillator,fb688ffc-1b11-4eff-98f2-9ddc42bee05d
DEMO-DEV-1960,1,DEMO-1960,ECG Machine,d5382c80-abaa-4a87-b4a1-cb76fb0f264c
DEMO-DEV-1961,1,DEMO-1961,Patient Monitor,5221b7d8-06db-4aae-aaff-9bb16ecffd99
DEMO-DEV-1965,1,DEMO-1965,Autoclave,7fa95649-4f83-4422-99e3-aecc70af8737
DEMO-DEV-1968,1,DEMO-1968,Infusion Pump,02e6a10b-282c-4bf5-a61a-547e12683222
DEMO-DEV-1975,1,DEMO-1975,X-Ray System,fb688ffc-1b11-4eff-98f2-9ddc42bee05d
DEMO-DEV-1977,1,DEMO-1977,Anesthesia Machine,4aa84ab5-5871-45cf-84b9-0fff65358075
DEMO-DEV-1978,1,DEMO-1978,Ultrasound System,42ee3277-2e48-431d-b386-6ea209c2fcab
DEMO-DEV-1983,1,DEMO-1983,Infusion Pump,8e27f500-7d94-4ee5-be36-9f990b34e092
DEMO-DEV-1984,1,DEMO-1984,Pulse Oximeter,fb688ffc-1b11-4eff-98f2-9ddc42bee05d
DEMO-DEV-1994,1,DEMO-1994,Patient Monitor,8e27f500-7d94-4ee5-be36-9f990b34e092
DEMO-DEV-1995,1,DEMO-1995,ECG Machine,5e9a7ead-ebbc-4d90-9dfa-960b95ff7c32
DEMO-DEV-2001,1,DEMO-2001,Defibrillator,fb688ffc-1b11-4eff-98f2-9ddc42bee05d
DEMO-DEV-2009,1,DEMO-2009,Patient Monitor,d5382c80-abaa-4a87-b4a1-cb76fb0f264c
DEMO-DEV-2010,1,DEMO-2010,X-Ray System,f1bd3fb4-d29a-4a49-a73f-fcb9d140af66
DEMO-DEV-2012,1,DEMO-2012,Patient Monitor,8e27f500-7d94-4ee5-be36-9f990b34e092
DEMO-DEV-2015,1,DEMO-2015,Defibrillator,fb688ffc-1b11-4eff-98f2-9ddc42bee05d
DEMO-DEV-2026,1,DEMO-2026,Syringe Pump,3abaabf6-cb3c-4665-9bf7-51e15d6b83a6
DEMO-DEV-2027,1,DEMO-2027,Defibrillator,fb688ffc-1b11-4eff-98f2-9ddc42bee05d
DEMO-DEV-2037,1,DEMO-2037,Electrosurgical Unit,5221b7d8-06db-4aae-aaff-9bb16ecffd99
DEMO-DEV-2038,1,DEMO-2038,Anesthesia Machine,d5382c80-abaa-4a87-b4a1-cb76fb0f264c
DEMO-DEV-2041,1,DEMO-2041,Patient Monitor,5e9a7ead-ebbc-4d90-9dfa-960b95ff7c32
DEMO-DEV-2042,1,DEMO-2042,Defibrillator,fb688ffc-1b11-4eff-98f2-9ddc42bee05d
DEMO-DEV-2046,1,DEMO-2046,Anesthesia Machine,c4906dc0-8389-4c68-bf7d-24e6b583a877
DEMO-DEV-2047,1,DEMO-2047,X-Ray System,f1bd3fb4-d29a-4a49-a73f-fcb9d140af66
DEMO-DEV-2049,1,DEMO-2049,Syringe Pump,fb688ffc-1b11-4eff-98f2-9ddc42bee05d
DEMO-DEV-2051,1,DEMO-2051,Pulse Oximeter,42ee3277-2e48-431d-b386-6ea209c2fcab
DEMO-DEV-2052,1,DEMO-2052,Infusion Pump,8e27f500-7d94-4ee5-be36-9f990b34e092
DEMO-DEV-2061,1,DEMO-2061,Electrosurgical Unit,02e6a10b-282c-4bf5-a61a-547e12683222
DEMO-DEV-2062,1,DEMO-2062,Patient Monitor,5221b7d8-06db-4aae-aaff-9bb16ecffd99
DEMO-DEV-2065,1,DEMO-2065,Patient Monitor,5e9a7ead-ebbc-4d90-9dfa-960b95ff7c32
DEMO-DEV-2069,1,DEMO-2069,X-Ray System,fb688ffc-1b11-4eff-98f2-9ddc42bee05d
DEMO-DEV-2071,1,DEMO-2071,Defibrillator,fb688ffc-1b11-4eff-98f2-9ddc42bee05d
DEMO-DEV-2072,1,DEMO-2072,Ultrasound System,42ee3277-2e48-431d-b386-6ea209c2fcab
DEMO-DEV-2076,1,DEMO-2076,Ultrasound System,f1bd3fb4-d29a-4a49-a73f-fcb9d140af66
DEMO-DEV-2079,1,DEMO-2079,Pulse Oximeter,5e9a7ead-ebbc-4d90-9dfa-960b95ff7c32
DEMO-DEV-2088,1,DEMO-2088,X-Ray System,fb688ffc-1b11-4eff-98f2-9ddc42bee05d
DEMO-DEV-2090,1,DEMO-2090,Ventilator,fb688ffc-1b11-4eff-98f2-9ddc42bee05d
DEMO-DEV-2091,1,DEMO-2091,Anesthesia Machine,8e27f500-7d94-4ee5-be36-9f990b34e092
DEMO-DEV-2095,1,DEMO-2095,Infusion Pump,d5382c80-abaa-4a87-b4a1-cb76fb0f264c
DEMO-DEV-2100,1,DEMO-2100,Ventilator,fb688ffc-1b11-4eff-98f2-9ddc42bee05d
DEMO-DEV-2102,1,DEMO-2102,Defibrillator,fb688ffc-1b11-4eff-98f2-9ddc42bee05d
DEMO-DEV-2103,1,DEMO-2103,Ultrasound System,42ee3277-2e48-431d-b386-6ea209c2fcab
DEMO-DEV-2105,1,DEMO-2105,Electrosurgical Unit,053d4a00-e594-4305-ae71-a96c95a13530
DEMO-DEV-2107,1,DEMO-2107,X-Ray System,f1bd3fb4-d29a-4a49-a73f-fcb9d140af66
DEMO-DEV-2113,1,DEMO-2113,Ultrasound System,de1fc8ff-31ca-453a-8e05-4ef6f6344a89
DEMO-DEV-2115,1,DEMO-2115,Patient Monitor,02e6a10b-282c-4bf5-a61a-547e12683222
DEMO-DEV-2116,1,DEMO-2116,Defibrillator,fb688ffc-1b11-4eff-98f2-9ddc42bee05d
DEMO-DEV-2119,1,DEMO-2119,Autoclave,7fa95649-4f83-4422-99e3-aecc70af8737
DEMO-DEV-2120,1,DEMO-2120,Ultrasound System,f1bd3fb4-d29a-4a49-a73f-fcb9d140af66
DEMO-DEV-2121,1,DEMO-2121,Ultrasound System,de1fc8ff-31ca-453a-8e05-4ef6f6344a89
DEMO-DEV-2129,1,DEMO-2129,Autoclave,087cb0cc-f07b-4d69-aa97-f0fb17ac6bf5
DEMO-DEV-2131,1,DEMO-2131,Electrosurgical Unit,de1fc8ff-31ca-453a-8e05-4ef6f6344a89
DEMO-DEV-2133,1,DEMO-2133,Patient Monitor,5e9a7ead-ebbc-4d90-9dfa-960b95ff7c32
DEMO-DEV-2137,1,DEMO-2137,Infusion Pump,fb688ffc-1b11-4eff-98f2-9ddc42bee05d
DEMO-DEV-2138,1,DEMO-2138,Defibrillator,fb688ffc-1b11-4eff-98f2-9ddc42bee05d
DEMO-DEV-2143,1,DEMO-2143,X-Ray System,fb688ffc-1b11-4eff-98f2-9ddc42bee05d
DEMO-DEV-2145,1,DEMO-2145,Patient Monitor,d5382c80-abaa-4a87-b4a1-cb76fb0f264c
DEMO-DEV-2146,1,DEMO-2146,Ventilator,dbf5de02-231e-458c-9575-ad273ed5f5b8
DEMO-DEV-2147,1,DEMO-2147,Pulse Oximeter,dbf5de02-231e-458c-9575-ad273ed5f5b8
DEMO-DEV-2154,1,DEMO-2154,Ventilator,dbf5de02-231e-458c-9575-ad273ed5f5b8
DEMO-DEV-2155,1,DEMO-2155,Ventilator,fb688ffc-1b11-4eff-98f2-9ddc42bee05d
DEMO-DEV-2160,1,DEMO-2160,Patient Monitor,5e9a7ead-ebbc-4d90-9dfa-960b95ff7c32
DEMO-DEV-2168,1,DEMO-2168,Ultrasound System,de1fc8ff-31ca-453a-8e05-4ef6f6344a89
DEMO-DEV-2170,1,DEMO-2170,Infusion Pump,3063f084-58b4-4185-9334-5219ca4fd060
DEMO-DEV-2174,1,DEMO-2174,Anesthesia Machine,e19c99a4-ade8-4c7f-a494-8746650c680c
DEMO-DEV-2176,1,DEMO-2176,X-Ray System,fb688ffc-1b11-4eff-98f2-9ddc42bee05d
DEMO-DEV-2177,1,DEMO-2177,X-Ray System,fb688ffc-1b11-4eff-98f2-9ddc42bee05d
DEMO-DEV-2182,1,DEMO-2182,X-Ray System,fb688ffc-1b11-4eff-98f2-9ddc42bee05d
DEMO-DEV-2183,1,DEMO-2183,Ultrasound System,f1bd3fb4-d29a-4a49-a73f-fcb9d140af66
DEMO-DEV-2186,1,DEMO-2186,X-Ray System,f1bd3fb4-d29a-4a49-a73f-fcb9d140af66
DEMO-DEV-2191,1,DEMO-2191,Patient Monitor,5221b7d8-06db-4aae-aaff-9bb16ecffd99
DEMO-DEV-2196,1,DEMO-2196,Patient Monitor,fb688ffc-1b11-4eff-98f2-9ddc42bee05d
DEMO-DEV-2203,1,DEMO-2203,ECG Machine,d5382c80-abaa-4a87-b4a1-cb76fb0f264c
DEMO-DEV-2205,1,DEMO-2205,Patient Monitor,d5382c80-abaa-4a87-b4a1-cb76fb0f264c
DEMO-DEV-2209,1,DEMO-2209,Defibrillator,fb688ffc-1b11-4eff-98f2-9ddc42bee05d
DEMO-DEV-2212,1,DEMO-2212,Anesthesia Machine,52802a7b-96a8-41fd-8129-b93e575505fd
DEMO-DEV-2213,1,DEMO-2213,X-Ray System,fb688ffc-1b11-4eff-98f2-9ddc42bee05d
DEMO-DEV-2214,1,DEMO-2214,Patient Monitor,8e27f500-7d94-4ee5-be36-9f990b34e092
DEMO-DEV-2217,1,DEMO-2217,Syringe Pump,dbf5de02-231e-458c-9575-ad273ed5f5b8
DEMO-DEV-2219,1,DEMO-2219,Pulse Oximeter,fb688ffc-1b11-4eff-98f2-9ddc42bee05d
DEMO-DEV-2222,1,DEMO-2222,Ultrasound System,de1fc8ff-31ca-453a-8e05-4ef6f6344a89
DEMO-DEV-2223,1,DEMO-2223,X-Ray System,fb688ffc-1b11-4eff-98f2-9ddc42bee05d
DEMO-DEV-2225,1,DEMO-2225,Defibrillator,fb688ffc-1b11-4eff-98f2-9ddc42bee05d
DEMO-DEV-2226,1,DEMO-2226,Ventilator,fb688ffc-1b11-4eff-98f2-9ddc42bee05d
DEMO-DEV-2227,1,DEMO-2227,Infusion Pump,8e27f500-7d94-4ee5-be36-9f990b34e092
DEMO-DEV-2228,1,DEMO-2228,Defibrillator,fb688ffc-1b11-4eff-98f2-9ddc42bee05d
DEMO-DEV-2229,1,DEMO-2229,ECG Machine,fb688ffc-1b11-4eff-98f2-9ddc42bee05d
DEMO-DEV-2231,1,DEMO-2231,Infusion Pump,fb688ffc-1b11-4eff-98f2-9ddc42bee05d
DEMO-DEV-2245,1,DEMO-2245,Anesthesia Machine,c4906dc0-8389-4c68-bf7d-24e6b583a877
DEMO-DEV-2258,1,DEMO-2258,Electrosurgical Unit,8e27f500-7d94-4ee5-be36-9f990b34e092
DEMO-DEV-2259,1,DEMO-2259,X-Ray System,fb688ffc-1b11-4eff-98f2-9ddc42bee05d
DEMO-DEV-2265,1,DEMO-2265,Pulse Oximeter,3063f084-58b4-4185-9334-5219ca4fd060
DEMO-DEV-2268,1,DEMO-2268,Pulse Oximeter,3063f084-58b4-4185-9334-5219ca4fd060
DEMO-DEV-2272,1,DEMO-2272,Autoclave,e19c99a4-ade8-4c7f-a494-8746650c680c
DEMO-DEV-2273,1,DEMO-2273,Syringe Pump,3abaabf6-cb3c-4665-9bf7-51e15d6b83a6
DEMO-DEV-2278,1,DEMO-2278,Pulse Oximeter,dbf5de02-231e-458c-9575-ad273ed5f5b8
DEMO-DEV-2279,1,DEMO-2279,Infusion Pump,fb688ffc-1b11-4eff-98f2-9ddc42bee05d
DEMO-DEV-2280,1,DEMO-2280,Ultrasound System,f1bd3fb4-d29a-4a49-a73f-fcb9d140af66
DEMO-DEV-2284,1,DEMO-2284,Anesthesia Machine,8ccc225a-74c4-4260-86d3-0ca2b2f49602
DEMO-DEV-2287,1,DEMO-2287,Electrosurgical Unit,087cb0cc-f07b-4d69-aa97-f0fb17ac6bf5
DEMO-DEV-2288,1,DEMO-2288,Defibrillator,fb688ffc-1b11-4eff-98f2-9ddc42bee05d
DEMO-DEV-2295,1,DEMO-2295,Defibrillator,fb688ffc-1b11-4eff-98f2-9ddc42bee05d
DEMO-DEV-2297,1,DEMO-2297,Ventilator,dbf5de02-231e-458c-9575-ad273ed5f5b8
DEMO-DEV-2298,1,DEMO-2298,Patient Monitor,02e6a10b-282c-4bf5-a61a-547e12683222
DEMO-DEV-2300,1,DEMO-2300,Ultrasound System,de1fc8ff-31ca-453a-8e05-4ef6f6344a89
DEMO-DEV-2301,1,DEMO-2301,Electrosurgical Unit,087cb0cc-f07b-4d69-aa97-f0fb17ac6bf5
DEMO-DEV-2302,1,DEMO-2302,Syringe Pump,dbf5de02-231e-458c-9575-ad273ed5f5b8
DEMO-DEV-2305,1,DEMO-2305,Patient Monitor,3063f084-58b4-4185-9334-5219ca4fd060
DEMO-DEV-2313,1,DEMO-2313,Syringe Pump,dbf5de02-231e-458c-9575-ad273ed5f5b8
DEMO-DEV-2316,1,DEMO-2316,Syringe Pump,d5382c80-abaa-4a87-b4a1-cb76fb0f264c
DEMO-DEV-2324,1,DEMO-2324,Patient Monitor,5e9a7ead-ebbc-4d90-9dfa-960b95ff7c32
DEMO-DEV-2326,1,DEMO-2326,Infusion Pump,8e27f500-7d94-4ee5-be36-9f990b34e092
DEMO-DEV-2337,1,DEMO-2337,Syringe Pump,dbf5de02-231e-458c-9575-ad273ed5f5b8
DEMO-DEV-2343,1,DEMO-2343,Electrosurgical Unit,8e27f500-7d94-4ee5-be36-9f990b34e092
DEMO-DEV-2349,1,DEMO-2349,Autoclave,087cb0cc-f07b-4d69-aa97-f0fb17ac6bf5
DEMO-DEV-2350,1,DEMO-2350,ECG Machine,fb688ffc-1b11-4eff-98f2-9ddc42bee05d
DEMO-DEV-2352,1,DEMO-2352,ECG Machine,3063f084-58b4-4185-9334-5219ca4fd060
DEMO-DEV-2355,1,DEMO-2355,X-Ray System,f1bd3fb4-d29a-4a49-a73f-fcb9d140af66
DEMO-DEV-2366,1,DEMO-2366,ECG Machine,5e9a7ead-ebbc-4d90-9dfa-960b95ff7c32
DEMO-DEV-2371,1,DEMO-2371,Syringe Pump,3063f084-58b4-4185-9334-5219ca4fd060
DEMO-DEV-2373,1,DEMO-2373,Defibrillator,fb688ffc-1b11-4eff-98f2-9ddc42bee05d
DEMO-DEV-2380,1,DEMO-2380,Ventilator,dbf5de02-231e-458c-9575-ad273ed5f5b8
DEMO-DEV-2383,1,DEMO-2383,Ultrasound System,f1bd3fb4-d29a-4a49-a73f-fcb9d140af66
DEMO-DEV-2384,1,DEMO-2384,Anesthesia Machine,f75d2bae-4cbf-4736-ae9b-4da7cbd1dada
DEMO-DEV-2386,1,DEMO-2386,Patient Monitor,fb688ffc-1b11-4eff-98f2-9ddc42bee05d
DEMO-DEV-2394,1,DEMO-2394,Electrosurgical Unit,de1fc8ff-31ca-453a-8e05-4ef6f6344a89
DEMO-DEV-2404,1,DEMO-2404,Anesthesia Machine,d5382c80-abaa-4a87-b4a1-cb76fb0f264c
DEMO-DEV-2406,1,DEMO-2406,X-Ray System,fb688ffc-1b11-4eff-98f2-9ddc42bee05d
DEMO-DEV-2413,1,DEMO-2413,Syringe Pump,fb688ffc-1b11-4eff-98f2-9ddc42bee05d
DEMO-DEV-2417,1,DEMO-2417,ECG Machine,5e9a7ead-ebbc-4d90-9dfa-960b95ff7c32
DEMO-DEV-2418,1,DEMO-2418,Electrosurgical Unit,053d4a00-e594-4305-ae71-a96c95a13530
DEMO-DEV-2423,1,DEMO-2423,Electrosurgical Unit,5221b7d8-06db-4aae-aaff-9bb16ecffd99
DEMO-DEV-2424,1,DEMO-2424,Autoclave,7fa95649-4f83-4422-99e3-aecc70af8737
DEMO-DEV-2425,1,DEMO-2425,Anesthesia Machine,42ee3277-2e48-431d-b386-6ea209c2fcab
DEMO-DEV-2429,1,DEMO-2429,X-Ray System,fb688ffc-1b11-4eff-98f2-9ddc42bee05d
DEMO-DEV-2431,1,DEMO-2431,Ventilator,dbf5de02-231e-458c-9575-ad273ed5f5b8
DEMO-DEV-2432,1,DEMO-2432,Infusion Pump,d5382c80-abaa-4a87-b4a1-cb76fb0f264c
DEMO-DEV-2433,1,DEMO-2433,Pulse Oximeter,5e9a7ead-ebbc-4d90-9dfa-960b95ff7c32
DEMO-DEV-2434,1,DEMO-2434,Patient Monitor,fb688ffc-1b11-4eff-98f2-9ddc42bee05d
DEMO-DEV-2438,1,DEMO-2438,Defibrillator,fb688ffc-1b11-4eff-98f2-9ddc42bee05d
DEMO-DEV-2439,1,DEMO-2439,ECG Machine,3063f084-58b4-4185-9334-5219ca4fd060
DEMO-DEV-2446,1,DEMO-2446,Defibrillator,fb688ffc-1b11-4eff-98f2-9ddc42bee05d
DEMO-DEV-2448,1,DEMO-2448,Pulse Oximeter,3063f084-58b4-4185-9334-5219ca4fd060
DEMO-DEV-2449,1,DEMO-2449,Infusion Pump,d5382c80-abaa-4a87-b4a1-cb76fb0f264c
DEMO-DEV-2454,1,DEMO-2454,Ventilator,dbf5de02-231e-458c-9575-ad273ed5f5b8
DEMO-DEV-2458,1,DEMO-2458,Electrosurgical Unit,02e6a10b-282c-4bf5-a61a-547e12683222
DEMO-DEV-2460,1,DEMO-2460,Ventilator,fb688ffc-1b11-4eff-98f2-9ddc42bee05d
DEMO-DEV-2463,1,DEMO-2463,Anesthesia Machine,4aa84ab5-5871-45cf-84b9-0fff65358075
DEMO-DEV-2465,1,DEMO-2465,Ventilator,fb688ffc-1b11-4eff-98f2-9ddc42bee05d
DEMO-DEV-2467,1,DEMO-2467,Infusion Pump,d5382c80-abaa-4a87-b4a1-cb76fb0f264c
DEMO-DEV-2469,1,DEMO-2469,Pulse Oximeter,d5382c80-abaa-4a87-b4a1-cb76fb0f264c
DEMO-DEV-2474,1,DEMO-2474,Defibrillator,fb688ffc-1b11-4eff-98f2-9ddc42bee05d
DEMO-DEV-2475,1,DEMO-2475,Electrosurgical Unit,02e6a10b-282c-4bf5-a61a-547e12683222
DEMO-DEV-2476,1,DEMO-2476,ECG Machine,fb688ffc-1b11-4eff-98f2-9ddc42bee05d
DEMO-DEV-2477,1,DEMO-2477,X-Ray System,fb688ffc-1b11-4eff-98f2-9ddc42bee05d
DEMO-DEV-2479,1,DEMO-2479,Pulse Oximeter,3063f084-58b4-4185-9334-5219ca4fd060
DEMO-DEV-2481,1,DEMO-2481,X-Ray System,f1bd3fb4-d29a-4a49-a73f-fcb9d140af66
DEMO-DEV-2484,1,DEMO-2484,Infusion Pump,5e9a7ead-ebbc-4d90-9dfa-960b95ff7c32
DEMO-DEV-2486,1,DEMO-2486,Ultrasound System,de1fc8ff-31ca-453a-8e05-4ef6f6344a89
DEMO-DEV-2488,1,DEMO-2488,Patient Monitor,5221b7d8-06db-4aae-aaff-9bb16ecffd99
DEMO-DEV-2489,1,DEMO-2489,Patient Monitor,3063f084-58b4-4185-9334-5219ca4fd060
DEMO-DEV-2495,1,DEMO-2495,Ventilator,dbf5de02-231e-458c-9575-ad273ed5f5b8
DEMO-DEV-2497,1,DEMO-2497,Syringe Pump,3063f084-58b4-4185-9334-5219ca4fd060
DEMO-DEV-2503,1,DEMO-2503,Syringe Pump,5e9a7ead-ebbc-4d90-9dfa-960b95ff7c32
DEMO-DEV-2504,1,DEMO-2504,Syringe Pump,5e9a7ead-ebbc-4d90-9dfa-960b95ff7c32
DEMO-DEV-2507,1,DEMO-2507,Ventilator,dbf5de02-231e-458c-9575-ad273ed5f5b8
DEMO-DEV-2509,1,DEMO-2509,Ultrasound System,de1fc8ff-31ca-453a-8e05-4ef6f6344a89
DEMO-DEV-2513,1,DEMO-2513,ECG Machine,5e9a7ead-ebbc-4d90-9dfa-960b95ff7c32
DEMO-DEV-2514,1,DEMO-2514,Ultrasound System,f1bd3fb4-d29a-4a49-a73f-fcb9d140af66
DEMO-DEV-2516,1,DEMO-2516,Electrosurgical Unit,087cb0cc-f07b-4d69-aa97-f0fb17ac6bf5
DEMO-DEV-2517,1,DEMO-2517,Defibrillator,fb688ffc-1b11-4eff-98f2-9ddc42bee05d
DEMO-DEV-2520,1,DEMO-2520,Electrosurgical Unit,7fa95649-4f83-4422-99e3-aecc70af8737
DEMO-DEV-2521,1,DEMO-2521,Syringe Pump,5e9a7ead-ebbc-4d90-9dfa-960b95ff7c32
DEMO-DEV-2522,1,DEMO-2522,Syringe Pump,d5382c80-abaa-4a87-b4a1-cb76fb0f264c
DEMO-DEV-2523,1,DEMO-2523,Anesthesia Machine,c4906dc0-8389-4c68-bf7d-24e6b583a877
DEMO-DEV-2525,1,DEMO-2525,Syringe Pump,dbf5de02-231e-458c-9575-ad273ed5f5b8
DEMO-DEV-2528,1,DEMO-2528,Anesthesia Machine,5cbbfa1e-37f3-448b-a3bd-d3f30054ca16
DEMO-DEV-2530,1,DEMO-2530,Ventilator,dbf5de02-231e-458c-9575-ad273ed5f5b8
DEMO-DEV-2531,1,DEMO-2531,Pulse Oximeter,3063f084-58b4-4185-9334-5219ca4fd060
DEMO-DEV-2534,1,DEMO-2534,Ventilator,dbf5de02-231e-458c-9575-ad273ed5f5b8
DEMO-DEV-2535,1,DEMO-2535,Pulse Oximeter,3063f084-58b4-4185-9334-5219ca4fd060
DEMO-DEV-2538,1,DEMO-2538,ECG Machine,3063f084-58b4-4185-9334-5219ca4fd060
DEMO-DEV-2539,1,DEMO-2539,Ultrasound System,de1fc8ff-31ca-453a-8e05-4ef6f6344a89
DEMO-DEV-2540,1,DEMO-2540,Electrosurgical Unit,8e27f500-7d94-4ee5-be36-9f990b34e092
DEMO-DEV-2542,1,DEMO-2542,X-Ray System,fb688ffc-1b11-4eff-98f2-9ddc42bee05d
DEMO-DEV-2545,1,DEMO-2545,Ventilator,dbf5de02-231e-458c-9575-ad273ed5f5b8
DEMO-DEV-2547,1,DEMO-2547,Ventilator,dbf5de02-231e-458c-9575-ad273ed5f5b8
DEMO-DEV-2558,1,DEMO-2558,Electrosurgical Unit,053d4a00-e594-4305-ae71-a96c95a13530
DEMO-DEV-2561,1,DEMO-2561,Pulse Oximeter,42ee3277-2e48-431d-b386-6ea209c2fcab
DEMO-DEV-2563,1,DEMO-2563,Ultrasound System,de1fc8ff-31ca-453a-8e05-4ef6f6344a89
DEMO-DEV-2564,1,DEMO-2564,Anesthesia Machine,3abaabf6-cb3c-4665-9bf7-51e15d6b83a6
DEMO-DEV-2570,1,DEMO-2570,Ultrasound System,de1fc8ff-31ca-453a-8e05-4ef6f6344a89
DEMO-DEV-2573,1,DEMO-2573,Electrosurgical Unit,087cb0cc-f07b-4d69-aa97-f0fb17ac6bf5
DEMO-DEV-2574,1,DEMO-2574,Ventilator,fb688ffc-1b11-4eff-98f2-9ddc42bee05d
DEMO-DEV-2576,1,DEMO-2576,Syringe Pump,dbf5de02-231e-458c-9575-ad273ed5f5b8
DEMO-DEV-2578,1,DEMO-2578,Pulse Oximeter,dbf5de02-231e-458c-9575-ad273ed5f5b8
DEMO-DEV-2582,1,DEMO-2582,Pulse Oximeter,fb688ffc-1b11-4eff-98f2-9ddc42bee05d
DEMO-DEV-2583,1,DEMO-2583,X-Ray System,f1bd3fb4-d29a-4a49-a73f-fcb9d140af66
DEMO-DEV-2594,1,DEMO-2594,Anesthesia Machine,cfeb1a0b-e69b-4ef5-b5ef-3431f0ad201c
DEMO-DEV-2611,1,DEMO-2611,Autoclave,e19c99a4-ade8-4c7f-a494-8746650c680c
DEMO-DEV-2615,1,DEMO-2615,Defibrillator,fb688ffc-1b11-4eff-98f2-9ddc42bee05d
DEMO-DEV-2622,1,DEMO-2622,Autoclave,087cb0cc-f07b-4d69-aa97-f0fb17ac6bf5
DEMO-DEV-2623,1,DEMO-2623,Infusion Pump,3abaabf6-cb3c-4665-9bf7-51e15d6b83a6
DEMO-DEV-2625,1,DEMO-2625,Defibrillator,fb688ffc-1b11-4eff-98f2-9ddc42bee05d
DEMO-DEV-2626,1,DEMO-2626,ECG Machine,5e9a7ead-ebbc-4d90-9dfa-960b95ff7c32
DEMO-DEV-2627,1,DEMO-2627,Patient Monitor,d5382c80-abaa-4a87-b4a1-cb76fb0f264c
DEMO-DEV-2630,1,DEMO-2630,Ventilator,fb688ffc-1b11-4eff-98f2-9ddc42bee05d
DEMO-DEV-2637,1,DEMO-2637,Infusion Pump,5221b7d8-06db-4aae-aaff-9bb16ecffd99
DEMO-DEV-2644,1,DEMO-2644,ECG Machine,fb688ffc-1b11-4eff-98f2-9ddc42bee05d
DEMO-DEV-2652,1,DEMO-2652,Autoclave,e19c99a4-ade8-4c7f-a494-8746650c680c
DEMO-DEV-2656,1,DEMO-2656,Ultrasound System,de1fc8ff-31ca-453a-8e05-4ef6f6344a89
DEMO-DEV-2660,1,DEMO-2660,ECG Machine,42ee3277-2e48-431d-b386-6ea209c2fcab
DEMO-DEV-2666,1,DEMO-2666,Ultrasound System,de1fc8ff-31ca-453a-8e05-4ef6f6344a89
DEMO-DEV-2673,1,DEMO-2673,Syringe Pump,dbf5de02-231e-458c-9575-ad273ed5f5b8
DEMO-DEV-2680,1,DEMO-2680,Pulse Oximeter,dbf5de02-231e-458c-9575-ad273ed5f5b8
DEMO-DEV-2681,1,DEMO-2681,Defibrillator,fb688ffc-1b11-4eff-98f2-9ddc42bee05d
DEMO-DEV-2683,1,DEMO-2683,Syringe Pump,5e9a7ead-ebbc-4d90-9dfa-960b95ff7c32
DEMO-DEV-2684,1,DEMO-2684,Autoclave,e19c99a4-ade8-4c7f-a494-8746650c680c
DEMO-DEV-2685,1,DEMO-2685,Ultrasound System,f1bd3fb4-d29a-4a49-a73f-fcb9d140af66
DEMO-DEV-2691,1,DEMO-2691,Patient Monitor,5e9a7ead-ebbc-4d90-9dfa-960b95ff7c32
DEMO-DEV-2692,1,DEMO-2692,Ventilator,fb688ffc-1b11-4eff-98f2-9ddc42bee05d
DEMO-DEV-2694,1,DEMO-2694,Patient Monitor,8e27f500-7d94-4ee5-be36-9f990b34e092
DEMO-DEV-2700,1,DEMO-2700,Ventilator,dbf5de02-231e-458c-9575-ad273ed5f5b8
DEMO-DEV-2710,1,DEMO-2710,Electrosurgical Unit,053d4a00-e594-4305-ae71-a96c95a13530
DEMO-DEV-2721,1,DEMO-2721,Electrosurgical Unit,de1fc8ff-31ca-453a-8e05-4ef6f6344a89
DEMO-DEV-2726,1,DEMO-2726,X-Ray System,fb688ffc-1b11-4eff-98f2-9ddc42bee05d
DEMO-DEV-2730,1,DEMO-2730,Ultrasound System,de1fc8ff-31ca-453a-8e05-4ef6f6344a89
DEMO-DEV-2733,1,DEMO-2733,Syringe Pump,d5382c80-abaa-4a87-b4a1-cb76fb0f264c
DEMO-DEV-2735,1,DEMO-2735,Syringe Pump,fb688ffc-1b11-4eff-98f2-9ddc42bee05d
DEMO-DEV-2738,1,DEMO-2738,Ventilator,dbf5de02-231e-458c-9575-ad273ed5f5b8
DEMO-DEV-2739,1,DEMO-2739,Patient Monitor,8e27f500-7d94-4ee5-be36-9f990b34e092
DEMO-DEV-2740,1,DEMO-2740,Defibrillator,fb688ffc-1b11-4eff-98f2-9ddc42bee05d
DEMO-DEV-2742,1,DEMO-2742,Pulse Oximeter,dbf5de02-231e-458c-9575-ad273ed5f5b8
DEMO-DEV-2752,1,DEMO-2752,Defibrillator,fb688ffc-1b11-4eff-98f2-9ddc42bee05d
DEMO-DEV-2756,1,DEMO-2756,Pulse Oximeter,3063f084-58b4-4185-9334-5219ca4fd060
DEMO-DEV-2757,1,DEMO-2757,Patient Monitor,8e27f500-7d94-4ee5-be36-9f990b34e092
DEMO-DEV-2762,1,DEMO-2762,Syringe Pump,5e9a7ead-ebbc-4d90-9dfa-960b95ff7c32
DEMO-DEV-2768,1,DEMO-2768,Infusion Pump,8e27f500-7d94-4ee5-be36-9f990b34e092
DEMO-DEV-2769,1,DEMO-2769,Syringe Pump,d5382c80-abaa-4a87-b4a1-cb76fb0f264c
DEMO-DEV-2770,1,DEMO-2770,Ventilator,dbf5de02-231e-458c-9575-ad273ed5f5b8
DEMO-DEV-2781,1,DEMO-2781,Ventilator,dbf5de02-231e-458c-9575-ad273ed5f5b8
DEMO-DEV-2785,1,DEMO-2785,Autoclave,e19c99a4-ade8-4c7f-a494-8746650c680c
DEMO-DEV-2786,1,DEMO-2786,X-Ray System,fb688ffc-1b11-4eff-98f2-9ddc42bee05d
DEMO-DEV-2787,1,DEMO-2787,X-Ray System,f1bd3fb4-d29a-4a49-a73f-fcb9d140af66
DEMO-DEV-2797,1,DEMO-2797,ECG Machine,d5382c80-abaa-4a87-b4a1-cb76fb0f264c
DEMO-DEV-2798,1,DEMO-2798,Autoclave,7fa95649-4f83-4422-99e3-aecc70af8737
DEMO-DEV-2799,1,DEMO-2799,Defibrillator,fb688ffc-1b11-4eff-98f2-9ddc42bee05d
DEMO-DEV-2800,1,DEMO-2800,Infusion Pump,3abaabf6-cb3c-4665-9bf7-51e15d6b83a6
DEMO-DEV-2805,1,DEMO-2805,Ventilator,fb688ffc-1b11-4eff-98f2-9ddc42bee05d
DEMO-DEV-2807,1,DEMO-2807,Patient Monitor,d5382c80-abaa-4a87-b4a1-cb76fb0f264c
DEMO-DEV-2808,1,DEMO-2808,Electrosurgical Unit,5221b7d8-06db-4aae-aaff-9bb16ecffd99
DEMO-DEV-2811,1,DEMO-2811,Ventilator,fb688ffc-1b11-4eff-98f2-9ddc42bee05d
DEMO-DEV-2816,1,DEMO-2816,Autoclave,7fa95649-4f83-4422-99e3-aecc70af8737
DEMO-DEV-2820,1,DEMO-2820,X-Ray System,f1bd3fb4-d29a-4a49-a73f-fcb9d140af66
DEMO-DEV-2822,1,DEMO-2822,Ventilator,dbf5de02-231e-458c-9575-ad273ed5f5b8
DEMO-DEV-2824,1,DEMO-2824,Patient Monitor,fb688ffc-1b11-4eff-98f2-9ddc42bee05d
DEMO-DEV-2825,1,DEMO-2825,Syringe Pump,d5382c80-abaa-4a87-b4a1-cb76fb0f264c
DEMO-DEV-2826,1,DEMO-2826,Defibrillator,fb688ffc-1b11-4eff-98f2-9ddc42bee05d
DEMO-DEV-2829,1,DEMO-2829,Anesthesia Machine,f1bd3fb4-d29a-4a49-a73f-fcb9d140af66
DEMO-DEV-2836,1,DEMO-2836,Ventilator,dbf5de02-231e-458c-9575-ad273ed5f5b8
DEMO-DEV-2838,1,DEMO-2838,Autoclave,087cb0cc-f07b-4d69-aa97-f0fb17ac6bf5
DEMO-DEV-2841,1,DEMO-2841,X-Ray System,fb688ffc-1b11-4eff-98f2-9ddc42bee05d
DEMO-DEV-2843,1,DEMO-2843,Ventilator,dbf5de02-231e-458c-9575-ad273ed5f5b8
DEMO-DEV-2847,1,DEMO-2847,ECG Machine,5e9a7ead-ebbc-4d90-9dfa-960b95ff7c32
DEMO-DEV-2849,1,DEMO-2849,Electrosurgical Unit,087cb0cc-f07b-4d69-aa97-f0fb17ac6bf5
DEMO-DEV-2851,1,DEMO-2851,Electrosurgical Unit,de1fc8ff-31ca-453a-8e05-4ef6f6344a89
DEMO-DEV-2863,1,DEMO-2863,Ventilator,fb688ffc-1b11-4eff-98f2-9ddc42bee05d
DEMO-DEV-2865,1,DEMO-2865,Defibrillator,fb688ffc-1b11-4eff-98f2-9ddc42bee05d
DEMO-DEV-2869,1,DEMO-2869,X-Ray System,fb688ffc-1b11-4eff-98f2-9ddc42bee05d
DEMO-DEV-2874,1,DEMO-2874,Electrosurgical Unit,053d4a00-e594-4305-ae71-a96c95a13530
DEMO-DEV-2876,1,DEMO-2876,Ultrasound System,42ee3277-2e48-431d-b386-6ea209c2fcab
DEMO-DEV-2879,1,DEMO-2879,Ventilator,dbf5de02-231e-458c-9575-ad273ed5f5b8
DEMO-DEV-2880,1,DEMO-2880,Infusion Pump,5e9a7ead-ebbc-4d90-9dfa-960b95ff7c32
DEMO-DEV-2881,1,DEMO-2881,ECG Machine,5e9a7ead-ebbc-4d90-9dfa-960b95ff7c32
DEMO-DEV-2882,1,DEMO-2882,ECG Machine,fb688ffc-1b11-4eff-98f2-9ddc42bee05d
DEMO-DEV-2887,1,DEMO-2887,Electrosurgical Unit,7fa95649-4f83-4422-99e3-aecc70af8737
DEMO-DEV-2889,1,DEMO-2889,ECG Machine,fb688ffc-1b11-4eff-98f2-9ddc42bee05d
DEMO-DEV-2890,1,DEMO-2890,Pulse Oximeter,5e9a7ead-ebbc-4d90-9dfa-960b95ff7c32
DEMO-DEV-2891,1,DEMO-2891,Ultrasound System,42ee3277-2e48-431d-b386-6ea209c2fcab
DEMO-DEV-2892,1,DEMO-2892,Anesthesia Machine,f1bd3fb4-d29a-4a49-a73f-fcb9d140af66
DEMO-DEV-2895,1,DEMO-2895,Patient Monitor,3063f084-58b4-4185-9334-5219ca4fd060
DEMO-DEV-2896,1,DEMO-2896,Electrosurgical Unit,7fa95649-4f83-4422-99e3-aecc70af8737
DEMO-DEV-2899,1,DEMO-2899,Patient Monitor,8e27f500-7d94-4ee5-be36-9f990b34e092
DEMO-DEV-2901,1,DEMO-2901,Electrosurgical Unit,02e6a10b-282c-4bf5-a61a-547e12683222
DEMO-DEV-2902,1,DEMO-2902,Syringe Pump,3abaabf6-cb3c-4665-9bf7-51e15d6b83a6
DEMO-DEV-2908,1,DEMO-2908,Infusion Pump,3063f084-58b4-4185-9334-5219ca4fd060
DEMO-DEV-2909,1,DEMO-2909,Pulse Oximeter,42ee3277-2e48-431d-b386-6ea209c2fcab
DEMO-DEV-2914,1,DEMO-2914,Patient Monitor,5e9a7ead-ebbc-4d90-9dfa-960b95ff7c32
DEMO-DEV-2915,1,DEMO-2915,Ventilator,fb688ffc-1b11-4eff-98f2-9ddc42bee05d
DEMO-DEV-2917,1,DEMO-2917,Anesthesia Machine,42ee3277-2e48-431d-b386-6ea209c2fcab
DEMO-DEV-2919,1,DEMO-2919,Pulse Oximeter,dbf5de02-231e-458c-9575-ad273ed5f5b8
DEMO-DEV-2921,1,DEMO-2921,Syringe Pump,3063f084-58b4-4185-9334-5219ca4fd060
DEMO-DEV-2923,1,DEMO-2923,ECG Machine,42ee3277-2e48-431d-b386-6ea209c2fcab
DEMO-DEV-2931,1,DEMO-2931,Electrosurgical Unit,053d4a00-e594-4305-ae71-a96c95a13530
DEMO-DEV-2939,1,DEMO-2939,X-Ray System,f1bd3fb4-d29a-4a49-a73f-fcb9d140af66
DEMO-DEV-2940,1,DEMO-2940,Infusion Pump,8e27f500-7d94-4ee5-be36-9f990b34e092
DEMO-DEV-2944,1,DEMO-2944,Ventilator,dbf5de02-231e-458c-9575-ad273ed5f5b8
DEMO-DEV-2945,1,DEMO-2945,Ultrasound System,de1fc8ff-31ca-453a-8e05-4ef6f6344a89
DEMO-DEV-2948,1,DEMO-2948,Defibrillator,fb688ffc-1b11-4eff-98f2-9ddc42bee05d
DEMO-DEV-2949,1,DEMO-2949,X-Ray System,fb688ffc-1b11-4eff-98f2-9ddc42bee05d
DEMO-DEV-2955,1,DEMO-2955,Patient Monitor,3063f084-58b4-4185-9334-5219ca4fd060
DEMO-DEV-2958,1,DEMO-2958,Infusion Pump,5221b7d8-06db-4aae-aaff-9bb16ecffd99
DEMO-DEV-2959,1,DEMO-2959,Patient Monitor,d5382c80-abaa-4a87-b4a1-cb76fb0f264c
DEMO-DEV-2961,1,DEMO-2961,Electrosurgical Unit,7fa95649-4f83-4422-99e3-aecc70af8737
DEMO-DEV-2973,1,DEMO-2973,X-Ray System,f1bd3fb4-d29a-4a49-a73f-fcb9d140af66
DEMO-DEV-2976,1,DEMO-2976,Ventilator,fb688ffc-1b11-4eff-98f2-9ddc42bee05d
DEMO-DEV-2980,1,DEMO-2980,ECG Machine,3063f084-58b4-4185-9334-5219ca4fd060
DEMO-DEV-2981,1,DEMO-2981,Autoclave,e19c99a4-ade8-4c7f-a494-8746650c680c
DEMO-DEV-2985,1,DEMO-2985,Anesthesia Machine,053d4a00-e594-4305-ae71-a96c95a13530
DEMO-DEV-2987,1,DEMO-2987,X-Ray System,fb688ffc-1b11-4eff-98f2-9ddc42bee05d
DEMO-DEV-2992,1,DEMO-2992,Anesthesia Machine,de1fc8ff-31ca-453a-8e05-4ef6f6344a89
DEMO-DEV-2993,1,DEMO-2993,Ultrasound System,de1fc8ff-31ca-453a-8e05-4ef6f6344a89
DEMO-DEV-2995,1,DEMO-2995,Pulse Oximeter,5e9a7ead-ebbc-4d90-9dfa-960b95ff7c32
DEMO-DEV-3001,1,DEMO-3001,ECG Machine,5e9a7ead-ebbc-4d90-9dfa-960b95ff7c32
DEMO-DEV-3004,1,DEMO-3004,Anesthesia Machine,5cbbfa1e-37f3-448b-a3bd-d3f30054ca16
DEMO-DEV-3005,1,DEMO-3005,X-Ray System,f1bd3fb4-d29a-4a49-a73f-fcb9d140af66
DEMO-DEV-3010,1,DEMO-3010,Defibrillator,fb688ffc-1b11-4eff-98f2-9ddc42bee05d
DEMO-DEV-3015,1,DEMO-3015,X-Ray System,fb688ffc-1b11-4eff-98f2-9ddc42bee05d
DEMO-DEV-3017,1,DEMO-3017,Autoclave,087cb0cc-f07b-4d69-aa97-f0fb17ac6bf5
DEMO-DEV-3018,1,DEMO-3018,ECG Machine,3063f084-58b4-4185-9334-5219ca4fd060
DEMO-DEV-3026,1,DEMO-3026,Infusion Pump,3063f084-58b4-4185-9334-5219ca4fd060
DEMO-DEV-3028,1,DEMO-3028,Patient Monitor,5e9a7ead-ebbc-4d90-9dfa-960b95ff7c32
DEMO-DEV-3031,1,DEMO-3031,Syringe Pump,5e9a7ead-ebbc-4d90-9dfa-960b95ff7c32
DEMO-DEV-3032,1,DEMO-3032,ECG Machine,d5382c80-abaa-4a87-b4a1-cb76fb0f264c
DEMO-DEV-3041,1,DEMO-3041,Syringe Pump,fb688ffc-1b11-4eff-98f2-9ddc42bee05d
DEMO-DEV-3044,1,DEMO-3044,Ultrasound System,42ee3277-2e48-431d-b386-6ea209c2fcab
DEMO-DEV-3048,1,DEMO-3048,X-Ray System,f1bd3fb4-d29a-4a49-a73f-fcb9d140af66
DEMO-DEV-3054,1,DEMO-3054,Pulse Oximeter,3063f084-58b4-4185-9334-5219ca4fd060
DEMO-DEV-3067,1,DEMO-3067,Syringe Pump,fb688ffc-1b11-4eff-98f2-9ddc42bee05d
DEMO-DEV-3069,1,DEMO-3069,Autoclave,e19c99a4-ade8-4c7f-a494-8746650c680c
DEMO-DEV-3074,1,DEMO-3074,Infusion Pump,02e6a10b-282c-4bf5-a61a-547e12683222
DEMO-DEV-3079,1,DEMO-3079,X-Ray System,f1bd3fb4-d29a-4a49-a73f-fcb9d140af66
DEMO-DEV-3081,1,DEMO-3081,X-Ray System,f1bd3fb4-d29a-4a49-a73f-fcb9d140af66
DEMO-DEV-3088,1,DEMO-3088,Patient Monitor,5e9a7ead-ebbc-4d90-9dfa-960b95ff7c32
DEMO-DEV-3094,1,DEMO-3094,Electrosurgical Unit,087cb0cc-f07b-4d69-aa97-f0fb17ac6bf5
DEMO-DEV-3096,1,DEMO-3096,Syringe Pump,3063f084-58b4-4185-9334-5219ca4fd060
DEMO-DEV-3098,1,DEMO-3098,Defibrillator,fb688ffc-1b11-4eff-98f2-9ddc42bee05d
DEMO-DEV-3101,1,DEMO-3101,Ultrasound System,de1fc8ff-31ca-453a-8e05-4ef6f6344a89
DEMO-DEV-3103,1,DEMO-3103,Pulse Oximeter,5e9a7ead-ebbc-4d90-9dfa-960b95ff7c32
DEMO-DEV-3105,1,DEMO-3105,X-Ray System,f1bd3fb4-d29a-4a49-a73f-fcb9d140af66
DEMO-DEV-3108,1,DEMO-3108,Pulse Oximeter,5e9a7ead-ebbc-4d90-9dfa-960b95ff7c32
DEMO-DEV-3113,1,DEMO-3113,Autoclave,7fa95649-4f83-4422-99e3-aecc70af8737
DEMO-DEV-3117,1,DEMO-3117,Pulse Oximeter,3063f084-58b4-4185-9334-5219ca4fd060
DEMO-DEV-3122,1,DEMO-3122,Defibrillator,fb688ffc-1b11-4eff-98f2-9ddc42bee05d
DEMO-DEV-3126,1,DEMO-3126,Electrosurgical Unit,5221b7d8-06db-4aae-aaff-9bb16ecffd99
DEMO-DEV-3141,1,DEMO-3141,ECG Machine,3063f084-58b4-4185-9334-5219ca4fd060
DEMO-DEV-3147,1,DEMO-3147,Ventilator,fb688ffc-1b11-4eff-98f2-9ddc42bee05d
DEMO-DEV-3154,1,DEMO-3154,Infusion Pump,d5382c80-abaa-4a87-b4a1-cb76fb0f264c
DEMO-DEV-3155,1,DEMO-3155,Electrosurgical Unit,8e27f500-7d94-4ee5-be36-9f990b34e092
DEMO-DEV-3158,1,DEMO-3158,Syringe Pump,dbf5de02-231e-458c-9575-ad273ed5f5b8
DEMO-DEV-3162,1,DEMO-3162,Ventilator,fb688ffc-1b11-4eff-98f2-9ddc42bee05d
DEMO-DEV-3163,1,DEMO-3163,X-Ray System,f1bd3fb4-d29a-4a49-a73f-fcb9d140af66
DEMO-DEV-3167,1,DEMO-3167,Pulse Oximeter,fb688ffc-1b11-4eff-98f2-9ddc42bee05d
DEMO-DEV-3168,1,DEMO-3168,Defibrillator,fb688ffc-1b11-4eff-98f2-9ddc42bee05d
DEMO-DEV-3171,1,DEMO-3171,Syringe Pump,d5382c80-abaa-4a87-b4a1-cb76fb0f264c
DEMO-DEV-3175,1,DEMO-3175,Autoclave,7fa95649-4f83-4422-99e3-aecc70af8737
DEMO-DEV-3181,1,DEMO-3181,Defibrillator,fb688ffc-1b11-4eff-98f2-9ddc42bee05d
DEMO-DEV-3184,1,DEMO-3184,Anesthesia Machine,35abc5ec-fbe4-40a6-8752-2cba3fb328ba
DEMO-DEV-3186,1,DEMO-3186,Syringe Pump,fb688ffc-1b11-4eff-98f2-9ddc42bee05d
DEMO-DEV-3194,1,DEMO-3194,Infusion Pump,02e6a10b-282c-4bf5-a61a-547e12683222
DEMO-DEV-3196,1,DEMO-3196,Infusion Pump,d5382c80-abaa-4a87-b4a1-cb76fb0f264c
DEMO-DEV-3222,1,DEMO-3222,ECG Machine,42ee3277-2e48-431d-b386-6ea209c2fcab
DEMO-DEV-3227,1,DEMO-3227,Syringe Pump,fb688ffc-1b11-4eff-98f2-9ddc42bee05d
DEMO-DEV-3231,1,DEMO-3231,Patient Monitor,d5382c80-abaa-4a87-b4a1-cb76fb0f264c
DEMO-DEV-3234,1,DEMO-3234,Anesthesia Machine,5221b7d8-06db-4aae-aaff-9bb16ecffd99
DEMO-DEV-3239,1,DEMO-3239,Infusion Pump,5e9a7ead-ebbc-4d90-9dfa-960b95ff7c32
DEMO-DEV-3241,1,DEMO-3241,Ultrasound System,f1bd3fb4-d29a-4a49-a73f-fcb9d140af66
DEMO-DEV-3243,1,DEMO-3243,Defibrillator,fb688ffc-1b11-4eff-98f2-9ddc42bee05d
DEMO-DEV-3245,1,DEMO-3245,Pulse Oximeter,3063f084-58b4-4185-9334-5219ca4fd060
DEMO-DEV-3247,1,DEMO-3247,Ultrasound System,42ee3277-2e48-431d-b386-6ea209c2fcab
DEMO-DEV-3249,1,DEMO-3249,Electrosurgical Unit,5221b7d8-06db-4aae-aaff-9bb16ecffd99
DEMO-DEV-3250,1,DEMO-3250,Ultrasound System,42ee3277-2e48-431d-b386-6ea209c2fcab
DEMO-DEV-3254,1,DEMO-3254,Electrosurgical Unit,de1fc8ff-31ca-453a-8e05-4ef6f6344a89
DEMO-DEV-3262,1,DEMO-3262,Autoclave,e19c99a4-ade8-4c7f-a494-8746650c680c
DEMO-DEV-3264,1,DEMO-3264,Electrosurgical Unit,02e6a10b-282c-4bf5-a61a-547e12683222
DEMO-DEV-3265,1,DEMO-3265,Electrosurgical Unit,5221b7d8-06db-4aae-aaff-9bb16ecffd99
DEMO-DEV-3266,1,DEMO-3266,X-Ray System,f1bd3fb4-d29a-4a49-a73f-fcb9d140af66
DEMO-DEV-3281,1,DEMO-3281,Autoclave,e19c99a4-ade8-4c7f-a494-8746650c680c
DEMO-DEV-3283,1,DEMO-3283,Pulse Oximeter,fb688ffc-1b11-4eff-98f2-9ddc42bee05d
DEMO-DEV-3290,1,DEMO-3290,Anesthesia Machine,42ee3277-2e48-431d-b386-6ea209c2fcab
DEMO-DEV-3294,1,DEMO-3294,Autoclave,087cb0cc-f07b-4d69-aa97-f0fb17ac6bf5
DEMO-DEV-3295,1,DEMO-3295,Anesthesia Machine,de1fc8ff-31ca-453a-8e05-4ef6f6344a89
DEMO-DEV-3296,1,DEMO-3296,Ventilator,fb688ffc-1b11-4eff-98f2-9ddc42bee05d
DEMO-DEV-3302,1,DEMO-3302,Autoclave,7fa95649-4f83-4422-99e3-aecc70af8737
DEMO-DEV-3303,1,DEMO-3303,Defibrillator,fb688ffc-1b11-4eff-98f2-9ddc42bee05d
DEMO-DEV-3306,1,DEMO-3306,Defibrillator,fb688ffc-1b11-4eff-98f2-9ddc42bee05d
DEMO-DEV-3312,1,DEMO-3312,Electrosurgical Unit,de1fc8ff-31ca-453a-8e05-4ef6f6344a89
DEMO-DEV-3316,1,DEMO-3316,Infusion Pump,3abaabf6-cb3c-4665-9bf7-51e15d6b83a6
DEMO-DEV-3318,1,DEMO-3318,Ultrasound System,f1bd3fb4-d29a-4a49-a73f-fcb9d140af66
DEMO-DEV-3319,1,DEMO-3319,Anesthesia Machine,d5382c80-abaa-4a87-b4a1-cb76fb0f264c
DEMO-DEV-3332,1,DEMO-3332,Ventilator,dbf5de02-231e-458c-9575-ad273ed5f5b8
DEMO-DEV-3336,1,DEMO-3336,Pulse Oximeter,d5382c80-abaa-4a87-b4a1-cb76fb0f264c
DEMO-DEV-3338,1,DEMO-3338,Pulse Oximeter,d5382c80-abaa-4a87-b4a1-cb76fb0f264c
DEMO-DEV-3339,1,DEMO-3339,ECG Machine,5e9a7ead-ebbc-4d90-9dfa-960b95ff7c32
DEMO-DEV-3340,1,DEMO-3340,Electrosurgical Unit,5221b7d8-06db-4aae-aaff-9bb16ecffd99
DEMO-DEV-3343,1,DEMO-3343,Syringe Pump,dbf5de02-231e-458c-9575-ad273ed5f5b8
DEMO-DEV-3344,1,DEMO-3344,Autoclave,087cb0cc-f07b-4d69-aa97-f0fb17ac6bf5
DEMO-DEV-3345,1,DEMO-3345,Ultrasound System,f1bd3fb4-d29a-4a49-a73f-fcb9d140af66
DEMO-DEV-3347,1,DEMO-3347,Defibrillator,fb688ffc-1b11-4eff-98f2-9ddc42bee05d
DEMO-DEV-3348,1,DEMO-3348,Pulse Oximeter,42ee3277-2e48-431d-b386-6ea209c2fcab
DEMO-DEV-3349,1,DEMO-3349,Infusion Pump,8e27f500-7d94-4ee5-be36-9f990b34e092
DEMO-DEV-3350,1,DEMO-3350,X-Ray System,fb688ffc-1b11-4eff-98f2-9ddc42bee05d
DEMO-DEV-3360,1,DEMO-3360,ECG Machine,3063f084-58b4-4185-9334-5219ca4fd060
DEMO-DEV-3361,1,DEMO-3361,X-Ray System,f1bd3fb4-d29a-4a49-a73f-fcb9d140af66
DEMO-DEV-3363,1,DEMO-3363,Pulse Oximeter,fb688ffc-1b11-4eff-98f2-9ddc42bee05d
DEMO-DEV-3364,1,DEMO-3364,Syringe Pump,dbf5de02-231e-458c-9575-ad273ed5f5b8
DEMO-DEV-3365,1,DEMO-3365,X-Ray System,f1bd3fb4-d29a-4a49-a73f-fcb9d140af66
DEMO-DEV-3366,1,DEMO-3366,Autoclave,087cb0cc-f07b-4d69-aa97-f0fb17ac6bf5
DEMO-DEV-3367,1,DEMO-3367,Syringe Pump,3abaabf6-cb3c-4665-9bf7-51e15d6b83a6
DEMO-DEV-3371,1,DEMO-3371,Ventilator,dbf5de02-231e-458c-9575-ad273ed5f5b8
DEMO-DEV-3372,1,DEMO-3372,Anesthesia Machine,087cb0cc-f07b-4d69-aa97-f0fb17ac6bf5
DEMO-DEV-3374,1,DEMO-3374,Anesthesia Machine,fb688ffc-1b11-4eff-98f2-9ddc42bee05d
DEMO-DEV-3375,1,DEMO-3375,X-Ray System,f1bd3fb4-d29a-4a49-a73f-fcb9d140af66
DEMO-DEV-3377,1,DEMO-3377,Electrosurgical Unit,087cb0cc-f07b-4d69-aa97-f0fb17ac6bf5
DEMO-DEV-3379,1,DEMO-3379,Ultrasound System,f1bd3fb4-d29a-4a49-a73f-fcb9d140af66
DEMO-DEV-3380,1,DEMO-3380,X-Ray System,f1bd3fb4-d29a-4a49-a73f-fcb9d140af66
DEMO-DEV-3387,1,DEMO-3387,Defibrillator,fb688ffc-1b11-4eff-98f2-9ddc42bee05d
DEMO-DEV-3388,1,DEMO-3388,ECG Machine,d5382c80-abaa-4a87-b4a1-cb76fb0f264c
DEMO-DEV-3398,1,DEMO-3398,Pulse Oximeter,42ee3277-2e48-431d-b386-6ea209c2fcab
DEMO-DEV-3401,1,DEMO-3401,Autoclave,7fa95649-4f83-4422-99e3-aecc70af8737
DEMO-DEV-3402,1,DEMO-3402,Ventilator,dbf5de02-231e-458c-9575-ad273ed5f5b8
DEMO-DEV-3403,1,DEMO-3403,ECG Machine,d5382c80-abaa-4a87-b4a1-cb76fb0f264c
DEMO-DEV-3404,1,DEMO-3404,Syringe Pump,d5382c80-abaa-4a87-b4a1-cb76fb0f264c
DEMO-DEV-3406,1,DEMO-3406,Pulse Oximeter,42ee3277-2e48-431d-b386-6ea209c2fcab
DEMO-DEV-3412,1,DEMO-3412,Anesthesia Machine,e19c99a4-ade8-4c7f-a494-8746650c680c
DEMO-DEV-3417,1,DEMO-3417,Electrosurgical Unit,5221b7d8-06db-4aae-aaff-9bb16ecffd99
DEMO-DEV-3418,1,DEMO-3418,X-Ray System,fb688ffc-1b11-4eff-98f2-9ddc42bee05d
DEMO-DEV-3421,1,DEMO-3421,Electrosurgical Unit,053d4a00-e594-4305-ae71-a96c95a13530
DEMO-DEV-3426,1,DEMO-3426,Defibrillator,fb688ffc-1b11-4eff-98f2-9ddc42bee05d
DEMO-DEV-3428,1,DEMO-3428,X-Ray System,f1bd3fb4-d29a-4a49-a73f-fcb9d140af66
DEMO-DEV-3433,1,DEMO-3433,Autoclave,087cb0cc-f07b-4d69-aa97-f0fb17ac6bf5
DEMO-DEV-3435,1,DEMO-3435,Autoclave,e19c99a4-ade8-4c7f-a494-8746650c680c
DEMO-DEV-3440,1,DEMO-3440,Syringe Pump,fb688ffc-1b11-4eff-98f2-9ddc42bee05d
DEMO-DEV-3442,1,DEMO-3442,Patient Monitor,8e27f500-7d94-4ee5-be36-9f990b34e092
DEMO-DEV-3454,1,DEMO-3454,X-Ray System,fb688ffc-1b11-4eff-98f2-9ddc42bee05d
DEMO-DEV-3455,1,DEMO-3455,Pulse Oximeter,3063f084-58b4-4185-9334-5219ca4fd060
DEMO-DEV-3458,1,DEMO-3458,Electrosurgical Unit,053d4a00-e594-4305-ae71-a96c95a13530
DEMO-DEV-3465,1,DEMO-3465,Anesthesia Machine,35abc5ec-fbe4-40a6-8752-2cba3fb328ba
DEMO-DEV-3467,1,DEMO-3467,Ventilator,fb688ffc-1b11-4eff-98f2-9ddc42bee05d
DEMO-DEV-3468,1,DEMO-3468,Ultrasound System,42ee3277-2e48-431d-b386-6ea209c2fcab
DEMO-DEV-3471,1,DEMO-3471,Electrosurgical Unit,02e6a10b-282c-4bf5-a61a-547e12683222
DEMO-DEV-3472,1,DEMO-3472,Ultrasound System,42ee3277-2e48-431d-b386-6ea209c2fcab
DEMO-DEV-3474,1,DEMO-3474,ECG Machine,fb688ffc-1b11-4eff-98f2-9ddc42bee05d
DEMO-DEV-3475,1,DEMO-3475,Ventilator,dbf5de02-231e-458c-9575-ad273ed5f5b8
DEMO-DEV-3479,1,DEMO-3479,Autoclave,087cb0cc-f07b-4d69-aa97-f0fb17ac6bf5
DEMO-DEV-3483,1,DEMO-3483,Pulse Oximeter,42ee3277-2e48-431d-b386-6ea209c2fcab
DEMO-DEV-3484,1,DEMO-3484,Anesthesia Machine,7fa95649-4f83-4422-99e3-aecc70af8737
DEMO-DEV-3488,1,DEMO-3488,Ventilator,fb688ffc-1b11-4eff-98f2-9ddc42bee05d
DEMO-DEV-3489,1,DEMO-3489,Ventilator,dbf5de02-231e-458c-9575-ad273ed5f5b8
DEMO-DEV-3498,1,DEMO-3498,Anesthesia Machine,f75d2bae-4cbf-4736-ae9b-4da7cbd1dada
DEMO-DEV-3499,1,DEMO-3499,Syringe Pump,3abaabf6-cb3c-4665-9bf7-51e15d6b83a6
DEMO-DEV-3502,1,DEMO-3502,Infusion Pump,8e27f500-7d94-4ee5-be36-9f990b34e092
DEMO-DEV-3515,1,DEMO-3515,Defibrillator,fb688ffc-1b11-4eff-98f2-9ddc42bee05d
DEMO-DEV-3516,1,DEMO-3516,Patient Monitor,3063f084-58b4-4185-9334-5219ca4fd060
DEMO-DEV-3524,1,DEMO-3524,Pulse Oximeter,3063f084-58b4-4185-9334-5219ca4fd060
DEMO-DEV-3527,1,DEMO-3527,ECG Machine,5e9a7ead-ebbc-4d90-9dfa-960b95ff7c32
DEMO-DEV-3528,1,DEMO-3528,ECG Machine,5e9a7ead-ebbc-4d90-9dfa-960b95ff7c32
DEMO-DEV-3531,1,DEMO-3531,ECG Machine,5e9a7ead-ebbc-4d90-9dfa-960b95ff7c32
DEMO-DEV-3536,1,DEMO-3536,Ventilator,fb688ffc-1b11-4eff-98f2-9ddc42bee05d
DEMO-DEV-3542,1,DEMO-3542,Pulse Oximeter,d5382c80-abaa-4a87-b4a1-cb76fb0f264c
DEMO-DEV-3548,1,DEMO-3548,Patient Monitor,02e6a10b-282c-4bf5-a61a-547e12683222
DEMO-DEV-3549,1,DEMO-3549,Ultrasound System,42ee3277-2e48-431d-b386-6ea209c2fcab
DEMO-DEV-3550,1,DEMO-3550,Ventilator,dbf5de02-231e-458c-9575-ad273ed5f5b8
DEMO-DEV-3552,1,DEMO-3552,Syringe Pump,fb688ffc-1b11-4eff-98f2-9ddc42bee05d
DEMO-DEV-3553,1,DEMO-3553,Ultrasound System,42ee3277-2e48-431d-b386-6ea209c2fcab
DEMO-DEV-3554,1,DEMO-3554,Syringe Pump,3abaabf6-cb3c-4665-9bf7-51e15d6b83a6
DEMO-DEV-3556,1,DEMO-3556,Autoclave,e19c99a4-ade8-4c7f-a494-8746650c680c
DEMO-DEV-3563,1,DEMO-3563,Electrosurgical Unit,02e6a10b-282c-4bf5-a61a-547e12683222
DEMO-DEV-3564,1,DEMO-3564,Syringe Pump,3063f084-58b4-4185-9334-5219ca4fd060
DEMO-DEV-3567,1,DEMO-3567,Pulse Oximeter,42ee3277-2e48-431d-b386-6ea209c2fcab
DEMO-DEV-3568,1,DEMO-3568,Patient Monitor,02e6a10b-282c-4bf5-a61a-547e12683222
DEMO-DEV-3569,1,DEMO-3569,X-Ray System,fb688ffc-1b11-4eff-98f2-9ddc42bee05d
DEMO-DEV-3574,1,DEMO-3574,Ventilator,fb688ffc-1b11-4eff-98f2-9ddc42bee05d
DEMO-DEV-3577,1,DEMO-3577,Defibrillator,fb688ffc-1b11-4eff-98f2-9ddc42bee05d
DEMO-DEV-3580,1,DEMO-3580,Syringe Pump,fb688ffc-1b11-4eff-98f2-9ddc42bee05d
DEMO-DEV-3582,1,DEMO-3582,Anesthesia Machine,053d4a00-e594-4305-ae71-a96c95a13530
DEMO-DEV-3587,1,DEMO-3587,Pulse Oximeter,d5382c80-abaa-4a87-b4a1-cb76fb0f264c
DEMO-DEV-3588,1,DEMO-3588,Pulse Oximeter,d5382c80-abaa-4a87-b4a1-cb76fb0f264c
DEMO-DEV-3589,1,DEMO-3589,Electrosurgical Unit,de1fc8ff-31ca-453a-8e05-4ef6f6344a89
DEMO-DEV-3595,1,DEMO-3595,Autoclave,7fa95649-4f83-4422-99e3-aecc70af8737
DEMO-DEV-3598,1,DEMO-3598,Anesthesia Machine,f75d2bae-4cbf-4736-ae9b-4da7cbd1dada
DEMO-DEV-3599,1,DEMO-3599,Infusion Pump,dbf5de02-231e-458c-9575-ad273ed5f5b8
DEMO-DEV-3601,1,DEMO-3601,Ventilator,fb688ffc-1b11-4eff-98f2-9ddc42bee05d
DEMO-DEV-3603,1,DEMO-3603,Infusion Pump,02e6a10b-282c-4bf5-a61a-547e12683222
DEMO-DEV-3605,1,DEMO-3605,ECG Machine,5e9a7ead-ebbc-4d90-9dfa-960b95ff7c32
DEMO-DEV-3607,1,DEMO-3607,Defibrillator,fb688ffc-1b11-4eff-98f2-9ddc42bee05d
DEMO-DEV-3613,1,DEMO-3613,Patient Monitor,3063f084-58b4-4185-9334-5219ca4fd060
DEMO-DEV-3617,1,DEMO-3617,Anesthesia Machine,053d4a00-e594-4305-ae71-a96c95a13530
DEMO-DEV-3621,1,DEMO-3621,Autoclave,e19c99a4-ade8-4c7f-a494-8746650c680c
DEMO-DEV-3622,1,DEMO-3622,Syringe Pump,d5382c80-abaa-4a87-b4a1-cb76fb0f264c
DEMO-DEV-3623,1,DEMO-3623,Anesthesia Machine,3063f084-58b4-4185-9334-5219ca4fd060
DEMO-DEV-3624,1,DEMO-3624,Ventilator,dbf5de02-231e-458c-9575-ad273ed5f5b8
DEMO-DEV-3625,1,DEMO-3625,Pulse Oximeter,5e9a7ead-ebbc-4d90-9dfa-960b95ff7c32
DEMO-DEV-3627,1,DEMO-3627,Syringe Pump,d5382c80-abaa-4a87-b4a1-cb76fb0f264c
DEMO-DEV-3628,1,DEMO-3628,Patient Monitor,3063f084-58b4-4185-9334-5219ca4fd060
DEMO-DEV-3630,1,DEMO-3630,Infusion Pump,dbf5de02-231e-458c-9575-ad273ed5f5b8
DEMO-DEV-3631,1,DEMO-3631,Electrosurgical Unit,8e27f500-7d94-4ee5-be36-9f990b34e092
DEMO-DEV-3636,1,DEMO-3636,Anesthesia Machine,35abc5ec-fbe4-40a6-8752-2cba3fb328ba
DEMO-DEV-3638,1,DEMO-3638,Defibrillator,fb688ffc-1b11-4eff-98f2-9ddc42bee05d
DEMO-DEV-3641,1,DEMO-3641,Ultrasound System,f1bd3fb4-d29a-4a49-a73f-fcb9d140af66
DEMO-DEV-3646,1,DEMO-3646,Infusion Pump,3063f084-58b4-4185-9334-5219ca4fd060
DEMO-DEV-3648,1,DEMO-3648,Syringe Pump,3abaabf6-cb3c-4665-9bf7-51e15d6b83a6
DEMO-DEV-3660,1,DEMO-3660,X-Ray System,f1bd3fb4-d29a-4a49-a73f-fcb9d140af66
DEMO-DEV-3664,1,DEMO-3664,Syringe Pump,fb688ffc-1b11-4eff-98f2-9ddc42bee05d
DEMO-DEV-3666,1,DEMO-3666,Patient Monitor,02e6a10b-282c-4bf5-a61a-547e12683222
DEMO-DEV-3669,1,DEMO-3669,Ultrasound System,f1bd3fb4-d29a-4a49-a73f-fcb9d140af66
DEMO-DEV-3672,1,DEMO-3672,Defibrillator,fb688ffc-1b11-4eff-98f2-9ddc42bee05d
DEMO-DEV-3674,1,DEMO-3674,Syringe Pump,dbf5de02-231e-458c-9575-ad273ed5f5b8
DEMO-DEV-3675,1,DEMO-3675,Infusion Pump,02e6a10b-282c-4bf5-a61a-547e12683222
DEMO-DEV-3677,1,DEMO-3677,Ultrasound System,f1bd3fb4-d29a-4a49-a73f-fcb9d140af66
DEMO-DEV-3682,1,DEMO-3682,Electrosurgical Unit,5221b7d8-06db-4aae-aaff-9bb16ecffd99
DEMO-DEV-3688,1,DEMO-3688,Syringe Pump,dbf5de02-231e-458c-9575-ad273ed5f5b8
DEMO-DEV-3690,1,DEMO-3690,Autoclave,087cb0cc-f07b-4d69-aa97-f0fb17ac6bf5
DEMO-DEV-3692,1,DEMO-3692,Electrosurgical Unit,053d4a00-e594-4305-ae71-a96c95a13530
DEMO-DEV-3693,1,DEMO-3693,ECG Machine,3063f084-58b4-4185-9334-5219ca4fd060
DEMO-DEV-3694,1,DEMO-3694,Defibrillator,fb688ffc-1b11-4eff-98f2-9ddc42bee05d
DEMO-DEV-3696,1,DEMO-3696,Autoclave,087cb0cc-f07b-4d69-aa97-f0fb17ac6bf5
DEMO-DEV-3704,1,DEMO-3704,Syringe Pump,3abaabf6-cb3c-4665-9bf7-51e15d6b83a6
DEMO-DEV-3705,1,DEMO-3705,Anesthesia Machine,cfeb1a0b-e69b-4ef5-b5ef-3431f0ad201c
DEMO-DEV-3706,1,DEMO-3706,Defibrillator,fb688ffc-1b11-4eff-98f2-9ddc42bee05d
DEMO-DEV-3707,1,DEMO-3707,Electrosurgical Unit,de1fc8ff-31ca-453a-8e05-4ef6f6344a89
DEMO-DEV-3709,1,DEMO-3709,Ventilator,fb688ffc-1b11-4eff-98f2-9ddc42bee05d
DEMO-DEV-3710,1,DEMO-3710,Ventilator,fb688ffc-1b11-4eff-98f2-9ddc42bee05d
DEMO-DEV-3716,1,DEMO-3716,Ventilator,dbf5de02-231e-458c-9575-ad273ed5f5b8
DEMO-DEV-3722,1,DEMO-3722,Electrosurgical Unit,de1fc8ff-31ca-453a-8e05-4ef6f6344a89
DEMO-DEV-3726,1,DEMO-3726,Autoclave,7fa95649-4f83-4422-99e3-aecc70af8737
DEMO-DEV-3728,1,DEMO-3728,Ultrasound System,f1bd3fb4-d29a-4a49-a73f-fcb9d140af66
DEMO-DEV-3732,1,DEMO-3732,ECG Machine,d5382c80-abaa-4a87-b4a1-cb76fb0f264c
DEMO-DEV-3733,1,DEMO-3733,Ventilator,dbf5de02-231e-458c-9575-ad273ed5f5b8
DEMO-DEV-3737,1,DEMO-3737,Ventilator,fb688ffc-1b11-4eff-98f2-9ddc42bee05d
DEMO-DEV-3744,1,DEMO-3744,Ultrasound System,f1bd3fb4-d29a-4a49-a73f-fcb9d140af66
DEMO-DEV-3746,1,DEMO-3746,X-Ray System,f1bd3fb4-d29a-4a49-a73f-fcb9d140af66
DEMO-DEV-3748,1,DEMO-3748,Patient Monitor,8e27f500-7d94-4ee5-be36-9f990b34e092
DEMO-DEV-3757,1,DEMO-3757,Ventilator,fb688ffc-1b11-4eff-98f2-9ddc42bee05d
DEMO-DEV-3764,1,DEMO-3764,Electrosurgical Unit,5221b7d8-06db-4aae-aaff-9bb16ecffd99
DEMO-DEV-3767,1,DEMO-3767,Pulse Oximeter,3063f084-58b4-4185-9334-5219ca4fd060
DEMO-DEV-3773,1,DEMO-3773,Defibrillator,fb688ffc-1b11-4eff-98f2-9ddc42bee05d
DEMO-DEV-3777,1,DEMO-3777,Infusion Pump,5221b7d8-06db-4aae-aaff-9bb16ecffd99
DEMO-DEV-3779,1,DEMO-3779,Autoclave,087cb0cc-f07b-4d69-aa97-f0fb17ac6bf5
DEMO-DEV-3786,1,DEMO-3786,Electrosurgical Unit,02e6a10b-282c-4bf5-a61a-547e12683222
DEMO-DEV-3788,1,DEMO-3788,Patient Monitor,5e9a7ead-ebbc-4d90-9dfa-960b95ff7c32
DEMO-DEV-3797,1,DEMO-3797,Ultrasound System,f1bd3fb4-d29a-4a49-a73f-fcb9d140af66
DEMO-DEV-3799,1,DEMO-3799,Patient Monitor,d5382c80-abaa-4a87-b4a1-cb76fb0f264c
DEMO-DEV-3800,1,DEMO-3800,Anesthesia Machine,c4906dc0-8389-4c68-bf7d-24e6b583a877
DEMO-DEV-3801,1,DEMO-3801,Anesthesia Machine,42ee3277-2e48-431d-b386-6ea209c2fcab
DEMO-DEV-3802,1,DEMO-3802,Autoclave,087cb0cc-f07b-4d69-aa97-f0fb17ac6bf5
DEMO-DEV-3804,1,DEMO-3804,Ventilator,dbf5de02-231e-458c-9575-ad273ed5f5b8
DEMO-DEV-3806,1,DEMO-3806,Defibrillator,fb688ffc-1b11-4eff-98f2-9ddc42bee05d
DEMO-DEV-3808,1,DEMO-3808,X-Ray System,f1bd3fb4-d29a-4a49-a73f-fcb9d140af66
DEMO-DEV-3809,1,DEMO-3809,ECG Machine,d5382c80-abaa-4a87-b4a1-cb76fb0f264c
DEMO-DEV-3813,1,DEMO-3813,Defibrillator,fb688ffc-1b11-4eff-98f2-9ddc42bee05d
DEMO-DEV-3820,1,DEMO-3820,Pulse Oximeter,dbf5de02-231e-458c-9575-ad273ed5f5b8
DEMO-DEV-3828,1,DEMO-3828,Autoclave,7fa95649-4f83-4422-99e3-aecc70af8737
DEMO-DEV-3830,1,DEMO-3830,X-Ray System,fb688ffc-1b11-4eff-98f2-9ddc42bee05d
DEMO-DEV-3833,1,DEMO-3833,Electrosurgical Unit,de1fc8ff-31ca-453a-8e05-4ef6f6344a89
DEMO-DEV-3838,1,DEMO-3838,Pulse Oximeter,dbf5de02-231e-458c-9575-ad273ed5f5b8
DEMO-DEV-3841,1,DEMO-3841,Patient Monitor,3063f084-58b4-4185-9334-5219ca4fd060
DEMO-DEV-3844,1,DEMO-3844,Defibrillator,fb688ffc-1b11-4eff-98f2-9ddc42bee05d
DEMO-DEV-3845,1,DEMO-3845,Syringe Pump,fb688ffc-1b11-4eff-98f2-9ddc42bee05d
DEMO-DEV-3849,1,DEMO-3849,Autoclave,087cb0cc-f07b-4d69-aa97-f0fb17ac6bf5
DEMO-DEV-3853,1,DEMO-3853,Ventilator,dbf5de02-231e-458c-9575-ad273ed5f5b8
DEMO-DEV-3854,1,DEMO-3854,Anesthesia Machine,8ccc225a-74c4-4260-86d3-0ca2b2f49602
DEMO-DEV-3856,1,DEMO-3856,Infusion Pump,3063f084-58b4-4185-9334-5219ca4fd060
DEMO-DEV-3857,1,DEMO-3857,ECG Machine,d5382c80-abaa-4a87-b4a1-cb76fb0f264c
DEMO-DEV-3860,1,DEMO-3860,X-Ray System,fb688ffc-1b11-4eff-98f2-9ddc42bee05d
DEMO-DEV-3864,1,DEMO-3864,ECG Machine,5e9a7ead-ebbc-4d90-9dfa-960b95ff7c32
DEMO-DEV-3866,1,DEMO-3866,Autoclave,7fa95649-4f83-4422-99e3-aecc70af8737
DEMO-DEV-3868,1,DEMO-3868,Defibrillator,fb688ffc-1b11-4eff-98f2-9ddc42bee05d
DEMO-DEV-3872,1,DEMO-3872,Anesthesia Machine,02e6a10b-282c-4bf5-a61a-547e12683222
DEMO-DEV-3886,1,DEMO-3886,Electrosurgical Unit,8e27f500-7d94-4ee5-be36-9f990b34e092
DEMO-DEV-3887,1,DEMO-3887,Ventilator,fb688ffc-1b11-4eff-98f2-9ddc42bee05d
DEMO-DEV-3888,1,DEMO-3888,Syringe Pump,3063f084-58b4-4185-9334-5219ca4fd060
DEMO-DEV-3896,1,DEMO-3896,Pulse Oximeter,dbf5de02-231e-458c-9575-ad273ed5f5b8
DEMO-DEV-3898,1,DEMO-3898,Autoclave,7fa95649-4f83-4422-99e3-aecc70af8737
DEMO-DEV-3899,1,DEMO-3899,Anesthesia Machine,d5382c80-abaa-4a87-b4a1-cb76fb0f264c
DEMO-DEV-3900,1,DEMO-3900,Patient Monitor,5e9a7ead-ebbc-4d90-9dfa-960b95ff7c32
DEMO-DEV-3902,1,DEMO-3902,Ultrasound System,f1bd3fb4-d29a-4a49-a73f-fcb9d140af66
DEMO-DEV-3909,1,DEMO-3909,Defibrillator,fb688ffc-1b11-4eff-98f2-9ddc42bee05d
DEMO-DEV-3912,1,DEMO-3912,Infusion Pump,d5382c80-abaa-4a87-b4a1-cb76fb0f264c
DEMO-DEV-3913,1,DEMO-3913,Syringe Pump,5e9a7ead-ebbc-4d90-9dfa-960b95ff7c32
DEMO-DEV-3927,1,DEMO-3927,Ventilator,fb688ffc-1b11-4eff-98f2-9ddc42bee05d
DEMO-DEV-3928,1,DEMO-3928,Ventilator,fb688ffc-1b11-4eff-98f2-9ddc42bee05d
DEMO-DEV-3934,1,DEMO-3934,Electrosurgical Unit,de1fc8ff-31ca-453a-8e05-4ef6f6344a89
DEMO-DEV-3937,1,DEMO-3937,Infusion Pump,fb688ffc-1b11-4eff-98f2-9ddc42bee05d
DEMO-DEV-3939,1,DEMO-3939,Infusion Pump,5e9a7ead-ebbc-4d90-9dfa-960b95ff7c32
DEMO-DEV-3940,1,DEMO-3940,Anesthesia Machine,52802a7b-96a8-41fd-8129-b93e575505fd
DEMO-DEV-3941,1,DEMO-3941,Infusion Pump,d5382c80-abaa-4a87-b4a1-cb76fb0f264c
DEMO-DEV-3943,1,DEMO-3943,Pulse Oximeter,d5382c80-abaa-4a87-b4a1-cb76fb0f264c
DEMO-DEV-3947,1,DEMO-3947,Autoclave,e19c99a4-ade8-4c7f-a494-8746650c680c
DEMO-DEV-3949,1,DEMO-3949,ECG Machine,5e9a7ead-ebbc-4d90-9dfa-960b95ff7c32
DEMO-DEV-3953,1,DEMO-3953,Infusion Pump,3abaabf6-cb3c-4665-9bf7-51e15d6b83a6
DEMO-DEV-3954,1,DEMO-3954,Pulse Oximeter,fb688ffc-1b11-4eff-98f2-9ddc42bee05d
DEMO-DEV-3957,1,DEMO-3957,X-Ray System,f1bd3fb4-d29a-4a49-a73f-fcb9d140af66
DEMO-DEV-3965,1,DEMO-3965,Anesthesia Machine,e19c99a4-ade8-4c7f-a494-8746650c680c
DEMO-DEV-3967,1,DEMO-3967,Pulse Oximeter,5e9a7ead-ebbc-4d90-9dfa-960b95ff7c32
DEMO-DEV-3969,1,DEMO-3969,Electrosurgical Unit,087cb0cc-f07b-4d69-aa97-f0fb17ac6bf5
DEMO-DEV-3977,1,DEMO-3977,Infusion Pump,02e6a10b-282c-4bf5-a61a-547e12683222
DEMO-DEV-3978,1,DEMO-3978,Electrosurgical Unit,5221b7d8-06db-4aae-aaff-9bb16ecffd99
DEMO-DEV-3979,1,DEMO-3979,X-Ray System,f1bd3fb4-d29a-4a49-a73f-fcb9d140af66
DEMO-DEV-3980,1,DEMO-3980,Ultrasound System,42ee3277-2e48-431d-b386-6ea209c2fcab
DEMO-DEV-3981,1,DEMO-3981,Autoclave,e19c99a4-ade8-4c7f-a494-8746650c680c
DEMO-DEV-3982,1,DEMO-3982,Electrosurgical Unit,02e6a10b-282c-4bf5-a61a-547e12683222
DEMO-DEV-3991,1,DEMO-3991,ECG Machine,d5382c80-abaa-4a87-b4a1-cb76fb0f264c
DEMO-DEV-3992,1,DEMO-3992,Infusion Pump,3abaabf6-cb3c-4665-9bf7-51e15d6b83a6
DEMO-DEV-3995,1,DEMO-3995,Infusion Pump,5e9a7ead-ebbc-4d90-9dfa-960b95ff7c32
DEMO-DEV-3997,1,DEMO-3997,ECG Machine,42ee3277-2e48-431d-b386-6ea209c2fcab
DEMO-DEV-3998,1,DEMO-3998,Pulse Oximeter,3063f084-58b4-4185-9334-5219ca4fd060
DEMO-DEV-3999,1,DEMO-3999,Syringe Pump,3abaabf6-cb3c-4665-9bf7-51e15d6b83a6
DEMO-DEV-4000,1,DEMO-4000,Ventilator,dbf5de02-231e-458c-9575-ad273ed5f5b8
DEMO-DEV-4001,1,DEMO-4001,Ultrasound System,42ee3277-2e48-431d-b386-6ea209c2fcab
DEMO-DEV-4008,1,DEMO-4008,Infusion Pump,3abaabf6-cb3c-4665-9bf7-51e15d6b83a6
DEMO-DEV-4020,1,DEMO-4020,Patient Monitor,5221b7d8-06db-4aae-aaff-9bb16ecffd99
DEMO-DEV-4021,1,DEMO-4021,Ventilator,fb688ffc-1b11-4eff-98f2-9ddc42bee05d
DEMO-DEV-4022,1,DEMO-4022,Pulse Oximeter,3063f084-58b4-4185-9334-5219ca4fd060
DEMO-DEV-4031,1,DEMO-4031,Defibrillator,fb688ffc-1b11-4eff-98f2-9ddc42bee05d
DEMO-DEV-4033,1,DEMO-4033,Anesthesia Machine,5e9a7ead-ebbc-4d90-9dfa-960b95ff7c32
DEMO-DEV-4034,1,DEMO-4034,Pulse Oximeter,dbf5de02-231e-458c-9575-ad273ed5f5b8
DEMO-DEV-4037,1,DEMO-4037,Electrosurgical Unit,087cb0cc-f07b-4d69-aa97-f0fb17ac6bf5
DEMO-DEV-4038,1,DEMO-4038,Ultrasound System,42ee3277-2e48-431d-b386-6ea209c2fcab
DEMO-DEV-4039,1,DEMO-4039,Autoclave,7fa95649-4f83-4422-99e3-aecc70af8737
DEMO-DEV-4041,1,DEMO-4041,Anesthesia Machine,fb688ffc-1b11-4eff-98f2-9ddc42bee05d
DEMO-DEV-4047,1,DEMO-4047,Syringe Pump,3abaabf6-cb3c-4665-9bf7-51e15d6b83a6
DEMO-DEV-4048,1,DEMO-4048,Electrosurgical Unit,5221b7d8-06db-4aae-aaff-9bb16ecffd99
DEMO-DEV-4050,1,DEMO-4050,Autoclave,087cb0cc-f07b-4d69-aa97-f0fb17ac6bf5
DEMO-DEV-4052,1,DEMO-4052,Autoclave,7fa95649-4f83-4422-99e3-aecc70af8737
DEMO-DEV-4060,1,DEMO-4060,Defibrillator,fb688ffc-1b11-4eff-98f2-9ddc42bee05d
DEMO-DEV-4062,1,DEMO-4062,Ventilator,dbf5de02-231e-458c-9575-ad273ed5f5b8
DEMO-DEV-4063,1,DEMO-4063,Electrosurgical Unit,053d4a00-e594-4305-ae71-a96c95a13530
DEMO-DEV-4064,1,DEMO-4064,Defibrillator,fb688ffc-1b11-4eff-98f2-9ddc42bee05d
DEMO-DEV-4066,1,DEMO-4066,Autoclave,7fa95649-4f83-4422-99e3-aecc70af8737
DEMO-DEV-4074,1,DEMO-4074,Defibrillator,fb688ffc-1b11-4eff-98f2-9ddc42bee05d
DEMO-DEV-4075,1,DEMO-4075,Pulse Oximeter,5e9a7ead-ebbc-4d90-9dfa-960b95ff7c32
DEMO-DEV-4077,1,DEMO-4077,Defibrillator,fb688ffc-1b11-4eff-98f2-9ddc42bee05d
DEMO-DEV-4086,1,DEMO-4086,Infusion Pump,5221b7d8-06db-4aae-aaff-9bb16ecffd99
DEMO-DEV-4093,1,DEMO-4093,Autoclave,7fa95649-4f83-4422-99e3-aecc70af8737
DEMO-DEV-4099,1,DEMO-4099,Autoclave,7fa95649-4f83-4422-99e3-aecc70af8737
DEMO-DEV-4100,1,DEMO-4100,Syringe Pump,d5382c80-abaa-4a87-b4a1-cb76fb0f264c
DEMO-DEV-4103,1,DEMO-4103,Defibrillator,fb688ffc-1b11-4eff-98f2-9ddc42bee05d
DEMO-DEV-4105,1,DEMO-4105,Syringe Pump,fb688ffc-1b11-4eff-98f2-9ddc42bee05d
DEMO-DEV-4106,1,DEMO-4106,Ultrasound System,42ee3277-2e48-431d-b386-6ea209c2fcab
DEMO-DEV-4108,1,DEMO-4108,Anesthesia Machine,f75d2bae-4cbf-4736-ae9b-4da7cbd1dada
DEMO-DEV-4113,1,DEMO-4113,Defibrillator,fb688ffc-1b11-4eff-98f2-9ddc42bee05d
DEMO-DEV-4116,1,DEMO-4116,ECG Machine,fb688ffc-1b11-4eff-98f2-9ddc42bee05d
DEMO-DEV-4125,1,DEMO-4125,Pulse Oximeter,d5382c80-abaa-4a87-b4a1-cb76fb0f264c
DEMO-DEV-4126,1,DEMO-4126,Pulse Oximeter,42ee3277-2e48-431d-b386-6ea209c2fcab
DEMO-DEV-4127,1,DEMO-4127,Infusion Pump,5221b7d8-06db-4aae-aaff-9bb16ecffd99
DEMO-DEV-4131,1,DEMO-4131,Infusion Pump,d5382c80-abaa-4a87-b4a1-cb76fb0f264c
DEMO-DEV-4132,1,DEMO-4132,Ultrasound System,de1fc8ff-31ca-453a-8e05-4ef6f6344a89
DEMO-DEV-4141,1,DEMO-4141,Electrosurgical Unit,8e27f500-7d94-4ee5-be36-9f990b34e092
DEMO-DEV-4143,1,DEMO-4143,Ventilator,fb688ffc-1b11-4eff-98f2-9ddc42bee05d
DEMO-DEV-4145,1,DEMO-4145,X-Ray System,fb688ffc-1b11-4eff-98f2-9ddc42bee05d
DEMO-DEV-4154,1,DEMO-4154,Infusion Pump,02e6a10b-282c-4bf5-a61a-547e12683222
DEMO-DEV-4159,1,DEMO-4159,Pulse Oximeter,3063f084-58b4-4185-9334-5219ca4fd060
DEMO-DEV-4160,1,DEMO-4160,Ventilator,dbf5de02-231e-458c-9575-ad273ed5f5b8
DEMO-DEV-4162,1,DEMO-4162,Syringe Pump,fb688ffc-1b11-4eff-98f2-9ddc42bee05d
DEMO-DEV-4163,1,DEMO-4163,Defibrillator,fb688ffc-1b11-4eff-98f2-9ddc42bee05d
DEMO-DEV-4166,1,DEMO-4166,Patient Monitor,02e6a10b-282c-4bf5-a61a-547e12683222
DEMO-DEV-4170,1,DEMO-4170,ECG Machine,d5382c80-abaa-4a87-b4a1-cb76fb0f264c
DEMO-DEV-4172,1,DEMO-4172,Ultrasound System,de1fc8ff-31ca-453a-8e05-4ef6f6344a89
DEMO-DEV-4186,1,DEMO-4186,Syringe Pump,dbf5de02-231e-458c-9575-ad273ed5f5b8
DEMO-DEV-4188,1,DEMO-4188,Anesthesia Machine,e19c99a4-ade8-4c7f-a494-8746650c680c
DEMO-DEV-4190,1,DEMO-4190,Defibrillator,fb688ffc-1b11-4eff-98f2-9ddc42bee05d
DEMO-DEV-4195,1,DEMO-4195,X-Ray System,fb688ffc-1b11-4eff-98f2-9ddc42bee05d
DEMO-DEV-4196,1,DEMO-4196,Anesthesia Machine,c4906dc0-8389-4c68-bf7d-24e6b583a877
DEMO-DEV-4197,1,DEMO-4197,Pulse Oximeter,5e9a7ead-ebbc-4d90-9dfa-960b95ff7c32
DEMO-DEV-4199,1,DEMO-4199,Pulse Oximeter,5e9a7ead-ebbc-4d90-9dfa-960b95ff7c32
DEMO-DEV-4214,1,DEMO-4214,Electrosurgical Unit,de1fc8ff-31ca-453a-8e05-4ef6f6344a89
DEMO-DEV-4221,1,DEMO-4221,Pulse Oximeter,42ee3277-2e48-431d-b386-6ea209c2fcab
DEMO-DEV-4224,1,DEMO-4224,Autoclave,e19c99a4-ade8-4c7f-a494-8746650c680c
DEMO-DEV-4226,1,DEMO-4226,Patient Monitor,d5382c80-abaa-4a87-b4a1-cb76fb0f264c
DEMO-DEV-4228,1,DEMO-4228,Ventilator,fb688ffc-1b11-4eff-98f2-9ddc42bee05d
DEMO-DEV-4239,1,DEMO-4239,Pulse Oximeter,fb688ffc-1b11-4eff-98f2-9ddc42bee05d
DEMO-DEV-4240,1,DEMO-4240,X-Ray System,fb688ffc-1b11-4eff-98f2-9ddc42bee05d
DEMO-DEV-4243,1,DEMO-4243,ECG Machine,d5382c80-abaa-4a87-b4a1-cb76fb0f264c
DEMO-DEV-4248,1,DEMO-4248,Infusion Pump,d5382c80-abaa-4a87-b4a1-cb76fb0f264c
DEMO-DEV-4250,1,DEMO-4250,Ventilator,dbf5de02-231e-458c-9575-ad273ed5f5b8
DEMO-DEV-4251,1,DEMO-4251,Autoclave,087cb0cc-f07b-4d69-aa97-f0fb17ac6bf5
DEMO-DEV-4252,1,DEMO-4252,Ventilator,dbf5de02-231e-458c-9575-ad273ed5f5b8
DEMO-DEV-4253,1,DEMO-4253,Defibrillator,fb688ffc-1b11-4eff-98f2-9ddc42bee05d
DEMO-DEV-4254,1,DEMO-4254,Anesthesia Machine,5cbbfa1e-37f3-448b-a3bd-d3f30054ca16
DEMO-DEV-4255,1,DEMO-4255,Infusion Pump,d5382c80-abaa-4a87-b4a1-cb76fb0f264c
DEMO-DEV-4258,1,DEMO-4258,Electrosurgical Unit,7fa95649-4f83-4422-99e3-aecc70af8737
DEMO-DEV-4259,1,DEMO-4259,Electrosurgical Unit,7fa95649-4f83-4422-99e3-aecc70af8737
DEMO-DEV-4260,1,DEMO-4260,Electrosurgical Unit,087cb0cc-f07b-4d69-aa97-f0fb17ac6bf5
DEMO-DEV-4269,1,DEMO-4269,Ventilator,dbf5de02-231e-458c-9575-ad273ed5f5b8
DEMO-DEV-4270,1,DEMO-4270,Electrosurgical Unit,087cb0cc-f07b-4d69-aa97-f0fb17ac6bf5
DEMO-DEV-4271,1,DEMO-4271,Patient Monitor,fb688ffc-1b11-4eff-98f2-9ddc42bee05d
DEMO-DEV-4272,1,DEMO-4272,Syringe Pump,dbf5de02-231e-458c-9575-ad273ed5f5b8
DEMO-DEV-4273,1,DEMO-4273,Infusion Pump,5e9a7ead-ebbc-4d90-9dfa-960b95ff7c32
DEMO-DEV-4276,1,DEMO-4276,Pulse Oximeter,5e9a7ead-ebbc-4d90-9dfa-960b95ff7c32
DEMO-DEV-4281,1,DEMO-4281,X-Ray System,fb688ffc-1b11-4eff-98f2-9ddc42bee05d
DEMO-DEV-4287,1,DEMO-4287,Electrosurgical Unit,de1fc8ff-31ca-453a-8e05-4ef6f6344a89
DEMO-DEV-4292,1,DEMO-4292,Defibrillator,fb688ffc-1b11-4eff-98f2-9ddc42bee05d
DEMO-DEV-4294,1,DEMO-4294,Anesthesia Machine,5221b7d8-06db-4aae-aaff-9bb16ecffd99
DEMO-DEV-4297,1,DEMO-4297,Infusion Pump,5221b7d8-06db-4aae-aaff-9bb16ecffd99
DEMO-DEV-4298,1,DEMO-4298,Syringe Pump,fb688ffc-1b11-4eff-98f2-9ddc42bee05d
DEMO-DEV-4305,1,DEMO-4305,Patient Monitor,8e27f500-7d94-4ee5-be36-9f990b34e092
DEMO-DEV-4309,1,DEMO-4309,Ultrasound System,42ee3277-2e48-431d-b386-6ea209c2fcab
DEMO-DEV-4310,1,DEMO-4310,Syringe Pump,3063f084-58b4-4185-9334-5219ca4fd060
DEMO-DEV-4311,1,DEMO-4311,Anesthesia Machine,f1bd3fb4-d29a-4a49-a73f-fcb9d140af66
DEMO-DEV-4313,1,DEMO-4313,Defibrillator,fb688ffc-1b11-4eff-98f2-9ddc42bee05d
DEMO-DEV-4317,1,DEMO-4317,ECG Machine,5e9a7ead-ebbc-4d90-9dfa-960b95ff7c32
DEMO-DEV-4320,1,DEMO-4320,Pulse Oximeter,42ee3277-2e48-431d-b386-6ea209c2fcab
DEMO-DEV-4321,1,DEMO-4321,Infusion Pump,3abaabf6-cb3c-4665-9bf7-51e15d6b83a6
DEMO-DEV-4325,1,DEMO-4325,Infusion Pump,02e6a10b-282c-4bf5-a61a-547e12683222
DEMO-DEV-4328,1,DEMO-4328,ECG Machine,d5382c80-abaa-4a87-b4a1-cb76fb0f264c
DEMO-DEV-4337,1,DEMO-4337,Anesthesia Machine,5cbbfa1e-37f3-448b-a3bd-d3f30054ca16
DEMO-DEV-4338,1,DEMO-4338,Anesthesia Machine,d5382c80-abaa-4a87-b4a1-cb76fb0f264c
DEMO-DEV-4341,1,DEMO-4341,Anesthesia Machine,5e9a7ead-ebbc-4d90-9dfa-960b95ff7c32
DEMO-DEV-4348,1,DEMO-4348,Ventilator,dbf5de02-231e-458c-9575-ad273ed5f5b8
DEMO-DEV-4351,1,DEMO-4351,Autoclave,7fa95649-4f83-4422-99e3-aecc70af8737
DEMO-DEV-4354,1,DEMO-4354,X-Ray System,f1bd3fb4-d29a-4a49-a73f-fcb9d140af66
DEMO-DEV-4358,1,DEMO-4358,Infusion Pump,02e6a10b-282c-4bf5-a61a-547e12683222
DEMO-DEV-4361,1,DEMO-4361,Syringe Pump,d5382c80-abaa-4a87-b4a1-cb76fb0f264c
DEMO-DEV-4362,1,DEMO-4362,ECG Machine,3063f084-58b4-4185-9334-5219ca4fd060
DEMO-DEV-4363,1,DEMO-4363,Infusion Pump,fb688ffc-1b11-4eff-98f2-9ddc42bee05d
DEMO-DEV-4365,1,DEMO-4365,Autoclave,e19c99a4-ade8-4c7f-a494-8746650c680c
DEMO-DEV-4368,1,DEMO-4368,Autoclave,087cb0cc-f07b-4d69-aa97-f0fb17ac6bf5
DEMO-DEV-4372,1,DEMO-4372,Ventilator,fb688ffc-1b11-4eff-98f2-9ddc42bee05d
DEMO-DEV-4374,1,DEMO-4374,Syringe Pump,3063f084-58b4-4185-9334-5219ca4fd060
DEMO-DEV-4375,1,DEMO-4375,Defibrillator,fb688ffc-1b11-4eff-98f2-9ddc42bee05d
DEMO-DEV-4377,1,DEMO-4377,Electrosurgical Unit,02e6a10b-282c-4bf5-a61a-547e12683222
DEMO-DEV-4379,1,DEMO-4379,X-Ray System,fb688ffc-1b11-4eff-98f2-9ddc42bee05d
DEMO-DEV-4380,1,DEMO-4380,Autoclave,e19c99a4-ade8-4c7f-a494-8746650c680c
DEMO-DEV-4381,1,DEMO-4381,Ventilator,dbf5de02-231e-458c-9575-ad273ed5f5b8
DEMO-DEV-4384,1,DEMO-4384,Syringe Pump,fb688ffc-1b11-4eff-98f2-9ddc42bee05d
DEMO-DEV-4386,1,DEMO-4386,Patient Monitor,5e9a7ead-ebbc-4d90-9dfa-960b95ff7c32
DEMO-DEV-4387,1,DEMO-4387,Syringe Pump,d5382c80-abaa-4a87-b4a1-cb76fb0f264c
DEMO-DEV-4389,1,DEMO-4389,Anesthesia Machine,dbf5de02-231e-458c-9575-ad273ed5f5b8
DEMO-DEV-4390,1,DEMO-4390,Ultrasound System,42ee3277-2e48-431d-b386-6ea209c2fcab
DEMO-DEV-4394,1,DEMO-4394,ECG Machine,42ee3277-2e48-431d-b386-6ea209c2fcab
DEMO-DEV-4403,1,DEMO-4403,Defibrillator,fb688ffc-1b11-4eff-98f2-9ddc42bee05d
DEMO-DEV-4406,1,DEMO-4406,Anesthesia Machine,de1fc8ff-31ca-453a-8e05-4ef6f6344a89
DEMO-DEV-4408,1,DEMO-4408,Ultrasound System,42ee3277-2e48-431d-b386-6ea209c2fcab
DEMO-DEV-4409,1,DEMO-4409,Patient Monitor,fb688ffc-1b11-4eff-98f2-9ddc42bee05d
DEMO-DEV-4414,1,DEMO-4414,X-Ray System,f1bd3fb4-d29a-4a49-a73f-fcb9d140af66
DEMO-DEV-4416,1,DEMO-4416,Patient Monitor,02e6a10b-282c-4bf5-a61a-547e12683222
DEMO-DEV-4418,1,DEMO-4418,Ventilator,dbf5de02-231e-458c-9575-ad273ed5f5b8
DEMO-DEV-4419,1,DEMO-4419,Pulse Oximeter,d5382c80-abaa-4a87-b4a1-cb76fb0f264c
DEMO-DEV-4421,1,DEMO-4421,Infusion Pump,5e9a7ead-ebbc-4d90-9dfa-960b95ff7c32
DEMO-DEV-4422,1,DEMO-4422,Infusion Pump,5221b7d8-06db-4aae-aaff-9bb16ecffd99
DEMO-DEV-4423,1,DEMO-4423,Patient Monitor,3063f084-58b4-4185-9334-5219ca4fd060
DEMO-DEV-4437,1,DEMO-4437,Electrosurgical Unit,02e6a10b-282c-4bf5-a61a-547e12683222
DEMO-DEV-4438,1,DEMO-4438,Patient Monitor,fb688ffc-1b11-4eff-98f2-9ddc42bee05d
DEMO-DEV-4442,1,DEMO-4442,Electrosurgical Unit,02e6a10b-282c-4bf5-a61a-547e12683222
DEMO-DEV-4446,1,DEMO-4446,Patient Monitor,d5382c80-abaa-4a87-b4a1-cb76fb0f264c
DEMO-DEV-4447,1,DEMO-4447,Autoclave,7fa95649-4f83-4422-99e3-aecc70af8737
DEMO-DEV-4448,1,DEMO-4448,Autoclave,087cb0cc-f07b-4d69-aa97-f0fb17ac6bf5
DEMO-DEV-4451,1,DEMO-4451,Pulse Oximeter,fb688ffc-1b11-4eff-98f2-9ddc42bee05d
DEMO-DEV-4458,1,DEMO-4458,Electrosurgical Unit,5221b7d8-06db-4aae-aaff-9bb16ecffd99
DEMO-DEV-4461,1,DEMO-4461,Patient Monitor,02e6a10b-282c-4bf5-a61a-547e12683222
DEMO-DEV-4463,1,DEMO-4463,Infusion Pump,3abaabf6-cb3c-4665-9bf7-51e15d6b83a6
DEMO-DEV-4464,1,DEMO-4464,Electrosurgical Unit,de1fc8ff-31ca-453a-8e05-4ef6f6344a89
DEMO-DEV-4465,1,DEMO-4465,Ultrasound System,de1fc8ff-31ca-453a-8e05-4ef6f6344a89
DEMO-DEV-4479,1,DEMO-4479,Autoclave,087cb0cc-f07b-4d69-aa97-f0fb17ac6bf5
DEMO-DEV-4480,1,DEMO-4480,Defibrillator,fb688ffc-1b11-4eff-98f2-9ddc42bee05d
DEMO-DEV-4489,1,DEMO-4489,X-Ray System,fb688ffc-1b11-4eff-98f2-9ddc42bee05d
DEMO-DEV-4490,1,DEMO-4490,ECG Machine,3063f084-58b4-4185-9334-5219ca4fd060
DEMO-DEV-4494,1,DEMO-4494,Patient Monitor,02e6a10b-282c-4bf5-a61a-547e12683222
DEMO-DEV-4502,1,DEMO-4502,Patient Monitor,02e6a10b-282c-4bf5-a61a-547e12683222
DEMO-DEV-4504,1,DEMO-4504,Ultrasound System,de1fc8ff-31ca-453a-8e05-4ef6f6344a89
DEMO-DEV-4506,1,DEMO-4506,Pulse Oximeter,fb688ffc-1b11-4eff-98f2-9ddc42bee05d
DEMO-DEV-4508,1,DEMO-4508,Syringe Pump,3063f084-58b4-4185-9334-5219ca4fd060
DEMO-DEV-4513,1,DEMO-4513,Anesthesia Machine,5221b7d8-06db-4aae-aaff-9bb16ecffd99
DEMO-DEV-4519,1,DEMO-4519,Autoclave,e19c99a4-ade8-4c7f-a494-8746650c680c
DEMO-DEV-4526,1,DEMO-4526,ECG Machine,d5382c80-abaa-4a87-b4a1-cb76fb0f264c
DEMO-DEV-4532,1,DEMO-4532,Infusion Pump,5e9a7ead-ebbc-4d90-9dfa-960b95ff7c32
DEMO-DEV-4533,1,DEMO-4533,Patient Monitor,3063f084-58b4-4185-9334-5219ca4fd060
DEMO-DEV-4542,1,DEMO-4542,Pulse Oximeter,5e9a7ead-ebbc-4d90-9dfa-960b95ff7c32
DEMO-DEV-4543,1,DEMO-4543,Patient Monitor,3063f084-58b4-4185-9334-5219ca4fd060
DEMO-DEV-4546,1,DEMO-4546,Defibrillator,fb688ffc-1b11-4eff-98f2-9ddc42bee05d
DEMO-DEV-4547,1,DEMO-4547,Ventilator,fb688ffc-1b11-4eff-98f2-9ddc42bee05d
DEMO-DEV-4549,1,DEMO-4549,Autoclave,e19c99a4-ade8-4c7f-a494-8746650c680c
DEMO-DEV-4562,1,DEMO-4562,Syringe Pump,d5382c80-abaa-4a87-b4a1-cb76fb0f264c
DEMO-DEV-4571,1,DEMO-4571,Electrosurgical Unit,5221b7d8-06db-4aae-aaff-9bb16ecffd99
DEMO-DEV-4572,1,DEMO-4572,Syringe Pump,d5382c80-abaa-4a87-b4a1-cb76fb0f264c
DEMO-DEV-4580,1,DEMO-4580,Patient Monitor,02e6a10b-282c-4bf5-a61a-547e12683222
DEMO-DEV-4581,1,DEMO-4581,Ultrasound System,42ee3277-2e48-431d-b386-6ea209c2fcab
DEMO-DEV-4584,1,DEMO-4584,Anesthesia Machine,de1fc8ff-31ca-453a-8e05-4ef6f6344a89
DEMO-DEV-4594,1,DEMO-4594,Ventilator,dbf5de02-231e-458c-9575-ad273ed5f5b8
DEMO-DEV-4595,1,DEMO-4595,ECG Machine,3063f084-58b4-4185-9334-5219ca4fd060
DEMO-DEV-4599,1,DEMO-4599,Pulse Oximeter,3063f084-58b4-4185-9334-5219ca4fd060
DEMO-DEV-4600,1,DEMO-4600,Syringe Pump,3abaabf6-cb3c-4665-9bf7-51e15d6b83a6
DEMO-DEV-4609,1,DEMO-4609,Pulse Oximeter,dbf5de02-231e-458c-9575-ad273ed5f5b8
DEMO-DEV-4610,1,DEMO-4610,Syringe Pump,d5382c80-abaa-4a87-b4a1-cb76fb0f264c
DEMO-DEV-4612,1,DEMO-4612,Defibrillator,fb688ffc-1b11-4eff-98f2-9ddc42bee05d
DEMO-DEV-4615,1,DEMO-4615,X-Ray System,fb688ffc-1b11-4eff-98f2-9ddc42bee05d
DEMO-DEV-4616,1,DEMO-4616,Autoclave,087cb0cc-f07b-4d69-aa97-f0fb17ac6bf5
DEMO-DEV-4623,1,DEMO-4623,Syringe Pump,d5382c80-abaa-4a87-b4a1-cb76fb0f264c
DEMO-DEV-4625,1,DEMO-4625,Anesthesia Machine,dbf5de02-231e-458c-9575-ad273ed5f5b8
DEMO-DEV-4626,1,DEMO-4626,Electrosurgical Unit,02e6a10b-282c-4bf5-a61a-547e12683222
DEMO-DEV-4628,1,DEMO-4628,Ventilator,fb688ffc-1b11-4eff-98f2-9ddc42bee05d
DEMO-DEV-4630,1,DEMO-4630,Ultrasound System,42ee3277-2e48-431d-b386-6ea209c2fcab
DEMO-DEV-4633,1,DEMO-4633,ECG Machine,fb688ffc-1b11-4eff-98f2-9ddc42bee05d
DEMO-DEV-4636,1,DEMO-4636,X-Ray System,f1bd3fb4-d29a-4a49-a73f-fcb9d140af66
DEMO-DEV-4646,1,DEMO-4646,Infusion Pump,5221b7d8-06db-4aae-aaff-9bb16ecffd99
DEMO-DEV-4652,1,DEMO-4652,Anesthesia Machine,de1fc8ff-31ca-453a-8e05-4ef6f6344a89
DEMO-DEV-4655,1,DEMO-4655,Ventilator,dbf5de02-231e-458c-9575-ad273ed5f5b8
DEMO-DEV-4657,1,DEMO-4657,Infusion Pump,dbf5de02-231e-458c-9575-ad273ed5f5b8
DEMO-DEV-4660,1,DEMO-4660,Electrosurgical Unit,087cb0cc-f07b-4d69-aa97-f0fb17ac6bf5
DEMO-DEV-4662,1,DEMO-4662,Defibrillator,fb688ffc-1b11-4eff-98f2-9ddc42bee05d
DEMO-DEV-4663,1,DEMO-4663,Defibrillator,fb688ffc-1b11-4eff-98f2-9ddc42bee05d
DEMO-DEV-4667,1,DEMO-4667,Defibrillator,fb688ffc-1b11-4eff-98f2-9ddc42bee05d
DEMO-DEV-4670,1,DEMO-4670,Ventilator,fb688ffc-1b11-4eff-98f2-9ddc42bee05d
DEMO-DEV-4672,1,DEMO-4672,ECG Machine,42ee3277-2e48-431d-b386-6ea209c2fcab
DEMO-DEV-4679,1,DEMO-4679,ECG Machine,fb688ffc-1b11-4eff-98f2-9ddc42bee05d
DEMO-DEV-4680,1,DEMO-4680,Autoclave,7fa95649-4f83-4422-99e3-aecc70af8737
DEMO-DEV-4682,1,DEMO-4682,Ultrasound System,42ee3277-2e48-431d-b386-6ea209c2fcab
DEMO-DEV-4685,1,DEMO-4685,Infusion Pump,dbf5de02-231e-458c-9575-ad273ed5f5b8
DEMO-DEV-4692,1,DEMO-4692,Electrosurgical Unit,8e27f500-7d94-4ee5-be36-9f990b34e092
DEMO-DEV-4693,1,DEMO-4693,Electrosurgical Unit,de1fc8ff-31ca-453a-8e05-4ef6f6344a89
DEMO-DEV-4695,1,DEMO-4695,Infusion Pump,5e9a7ead-ebbc-4d90-9dfa-960b95ff7c32
DEMO-DEV-4697,1,DEMO-4697,X-Ray System,fb688ffc-1b11-4eff-98f2-9ddc42bee05d
DEMO-DEV-4699,1,DEMO-4699,Electrosurgical Unit,8e27f500-7d94-4ee5-be36-9f990b34e092
DEMO-DEV-4700,1,DEMO-4700,Autoclave,e19c99a4-ade8-4c7f-a494-8746650c680c
DEMO-DEV-4703,1,DEMO-4703,Ultrasound System,f1bd3fb4-d29a-4a49-a73f-fcb9d140af66
DEMO-DEV-4704,1,DEMO-4704,Syringe Pump,3abaabf6-cb3c-4665-9bf7-51e15d6b83a6
DEMO-DEV-4707,1,DEMO-4707,X-Ray System,fb688ffc-1b11-4eff-98f2-9ddc42bee05d
DEMO-DEV-4709,1,DEMO-4709,Anesthesia Machine,3abaabf6-cb3c-4665-9bf7-51e15d6b83a6
DEMO-DEV-4710,1,DEMO-4710,Ultrasound System,f1bd3fb4-d29a-4a49-a73f-fcb9d140af66
DEMO-DEV-4713,1,DEMO-4713,Ultrasound System,42ee3277-2e48-431d-b386-6ea209c2fcab
DEMO-DEV-4714,1,DEMO-4714,Patient Monitor,3063f084-58b4-4185-9334-5219ca4fd060
DEMO-DEV-4717,1,DEMO-4717,Defibrillator,fb688ffc-1b11-4eff-98f2-9ddc42bee05d
DEMO-DEV-4721,1,DEMO-4721,Ultrasound System,f1bd3fb4-d29a-4a49-a73f-fcb9d140af66
DEMO-DEV-4722,1,DEMO-4722,Syringe Pump,5e9a7ead-ebbc-4d90-9dfa-960b95ff7c32
DEMO-DEV-4724,1,DEMO-4724,Defibrillator,fb688ffc-1b11-4eff-98f2-9ddc42bee05d
DEMO-DEV-4731,1,DEMO-4731,Ventilator,fb688ffc-1b11-4eff-98f2-9ddc42bee05d
DEMO-DEV-4732,1,DEMO-4732,Infusion Pump,8e27f500-7d94-4ee5-be36-9f990b34e092
DEMO-DEV-4735,1,DEMO-4735,Defibrillator,fb688ffc-1b11-4eff-98f2-9ddc42bee05d
DEMO-DEV-4739,1,DEMO-4739,Ultrasound System,f1bd3fb4-d29a-4a49-a73f-fcb9d140af66
DEMO-DEV-4741,1,DEMO-4741,Infusion Pump,02e6a10b-282c-4bf5-a61a-547e12683222
DEMO-DEV-4744,1,DEMO-4744,Pulse Oximeter,d5382c80-abaa-4a87-b4a1-cb76fb0f264c
DEMO-DEV-4745,1,DEMO-4745,Ultrasound System,de1fc8ff-31ca-453a-8e05-4ef6f6344a89
DEMO-DEV-4748,1,DEMO-4748,Pulse Oximeter,3063f084-58b4-4185-9334-5219ca4fd060
DEMO-DEV-4750,1,DEMO-4750,Infusion Pump,3063f084-58b4-4185-9334-5219ca4fd060
DEMO-DEV-4751,1,DEMO-4751,Ultrasound System,de1fc8ff-31ca-453a-8e05-4ef6f6344a89
DEMO-DEV-4753,1,DEMO-4753,Pulse Oximeter,d5382c80-abaa-4a87-b4a1-cb76fb0f264c
DEMO-DEV-4754,1,DEMO-4754,Defibrillator,fb688ffc-1b11-4eff-98f2-9ddc42bee05d
DEMO-DEV-4755,1,DEMO-4755,Infusion Pump,fb688ffc-1b11-4eff-98f2-9ddc42bee05d
DEMO-DEV-4759,1,DEMO-4759,Infusion Pump,5e9a7ead-ebbc-4d90-9dfa-960b95ff7c32
DEMO-DEV-4762,1,DEMO-4762,Ultrasound System,de1fc8ff-31ca-453a-8e05-4ef6f6344a89
DEMO-DEV-4764,1,DEMO-4764,ECG Machine,42ee3277-2e48-431d-b386-6ea209c2fcab
DEMO-DEV-4767,1,DEMO-4767,Ventilator,fb688ffc-1b11-4eff-98f2-9ddc42bee05d
DEMO-DEV-4770,1,DEMO-4770,Infusion Pump,02e6a10b-282c-4bf5-a61a-547e12683222
DEMO-DEV-4775,1,DEMO-4775,Pulse Oximeter,42ee3277-2e48-431d-b386-6ea209c2fcab
DEMO-DEV-4776,1,DEMO-4776,Electrosurgical Unit,087cb0cc-f07b-4d69-aa97-f0fb17ac6bf5
DEMO-DEV-4777,1,DEMO-4777,Infusion Pump,dbf5de02-231e-458c-9575-ad273ed5f5b8
DEMO-DEV-4779,1,DEMO-4779,X-Ray System,fb688ffc-1b11-4eff-98f2-9ddc42bee05d
DEMO-DEV-4783,1,DEMO-4783,Anesthesia Machine,52802a7b-96a8-41fd-8129-b93e575505fd
DEMO-DEV-4786,1,DEMO-4786,Anesthesia Machine,5cbbfa1e-37f3-448b-a3bd-d3f30054ca16
DEMO-DEV-4787,1,DEMO-4787,Ventilator,dbf5de02-231e-458c-9575-ad273ed5f5b8
DEMO-DEV-4788,1,DEMO-4788,Electrosurgical Unit,7fa95649-4f83-4422-99e3-aecc70af8737
DEMO-DEV-4790,1,DEMO-4790,Anesthesia Machine,7fa95649-4f83-4422-99e3-aecc70af8737
DEMO-DEV-4791,1,DEMO-4791,Infusion Pump,02e6a10b-282c-4bf5-a61a-547e12683222
DEMO-DEV-4794,1,DEMO-4794,Pulse Oximeter,fb688ffc-1b11-4eff-98f2-9ddc42bee05d
DEMO-DEV-4799,1,DEMO-4799,ECG Machine,fb688ffc-1b11-4eff-98f2-9ddc42bee05d
DEMO-DEV-4803,1,DEMO-4803,Ultrasound System,de1fc8ff-31ca-453a-8e05-4ef6f6344a89
DEMO-DEV-4804,1,DEMO-4804,X-Ray System,fb688ffc-1b11-4eff-98f2-9ddc42bee05d
DEMO-DEV-4806,1,DEMO-4806,Ultrasound System,f1bd3fb4-d29a-4a49-a73f-fcb9d140af66
DEMO-DEV-4809,1,DEMO-4809,Electrosurgical Unit,7fa95649-4f83-4422-99e3-aecc70af8737
DEMO-DEV-4810,1,DEMO-4810,Ultrasound System,42ee3277-2e48-431d-b386-6ea209c2fcab
DEMO-DEV-4819,1,DEMO-4819,Electrosurgical Unit,02e6a10b-282c-4bf5-a61a-547e12683222
DEMO-DEV-4822,1,DEMO-4822,ECG Machine,42ee3277-2e48-431d-b386-6ea209c2fcab
DEMO-DEV-4823,1,DEMO-4823,Ultrasound System,42ee3277-2e48-431d-b386-6ea209c2fcab
DEMO-DEV-4825,1,DEMO-4825,Autoclave,7fa95649-4f83-4422-99e3-aecc70af8737
DEMO-DEV-4835,1,DEMO-4835,Anesthesia Machine,8ccc225a-74c4-4260-86d3-0ca2b2f49602
DEMO-DEV-4837,1,DEMO-4837,Ventilator,fb688ffc-1b11-4eff-98f2-9ddc42bee05d
DEMO-DEV-4838,1,DEMO-4838,Ventilator,fb688ffc-1b11-4eff-98f2-9ddc42bee05d
DEMO-DEV-4842,1,DEMO-4842,ECG Machine,5e9a7ead-ebbc-4d90-9dfa-960b95ff7c32
DEMO-DEV-4850,1,DEMO-4850,Autoclave,087cb0cc-f07b-4d69-aa97-f0fb17ac6bf5
DEMO-DEV-4864,1,DEMO-4864,X-Ray System,f1bd3fb4-d29a-4a49-a73f-fcb9d140af66
DEMO-DEV-4868,1,DEMO-4868,Defibrillator,fb688ffc-1b11-4eff-98f2-9ddc42bee05d
DEMO-DEV-4870,1,DEMO-4870,Defibrillator,fb688ffc-1b11-4eff-98f2-9ddc42bee05d
DEMO-DEV-4879,1,DEMO-4879,Patient Monitor,8e27f500-7d94-4ee5-be36-9f990b34e092
DEMO-DEV-4885,1,DEMO-4885,ECG Machine,3063f084-58b4-4185-9334-5219ca4fd060
DEMO-DEV-4888,1,DEMO-4888,ECG Machine,fb688ffc-1b11-4eff-98f2-9ddc42bee05d
DEMO-DEV-4889,1,DEMO-4889,Infusion Pump,fb688ffc-1b11-4eff-98f2-9ddc42bee05d
DEMO-DEV-4891,1,DEMO-4891,Ultrasound System,f1bd3fb4-d29a-4a49-a73f-fcb9d140af66
DEMO-DEV-4892,1,DEMO-4892,Defibrillator,fb688ffc-1b11-4eff-98f2-9ddc42bee05d
DEMO-DEV-4899,1,DEMO-4899,X-Ray System,f1bd3fb4-d29a-4a49-a73f-fcb9d140af66
DEMO-DEV-4903,1,DEMO-4903,ECG Machine,3063f084-58b4-4185-9334-5219ca4fd060
DEMO-DEV-4904,1,DEMO-4904,Patient Monitor,02e6a10b-282c-4bf5-a61a-547e12683222
DEMO-DEV-4918,1,DEMO-4918,Defibrillator,fb688ffc-1b11-4eff-98f2-9ddc42bee05d
DEMO-DEV-4920,1,DEMO-4920,ECG Machine,5e9a7ead-ebbc-4d90-9dfa-960b95ff7c32
DEMO-DEV-4921,1,DEMO-4921,Ventilator,fb688ffc-1b11-4eff-98f2-9ddc42bee05d
DEMO-DEV-4926,1,DEMO-4926,Syringe Pump,3063f084-58b4-4185-9334-5219ca4fd060
DEMO-DEV-4932,1,DEMO-4932,X-Ray System,f1bd3fb4-d29a-4a49-a73f-fcb9d140af66
DEMO-DEV-4933,1,DEMO-4933,Defibrillator,fb688ffc-1b11-4eff-98f2-9ddc42bee05d
DEMO-DEV-4935,1,DEMO-4935,Syringe Pump,3abaabf6-cb3c-4665-9bf7-51e15d6b83a6
DEMO-DEV-4942,1,DEMO-4942,Ventilator,dbf5de02-231e-458c-9575-ad273ed5f5b8
DEMO-DEV-4945,1,DEMO-4945,Anesthesia Machine,38a452c4-a457-49c8-b4e7-5a9dfefbf45a
DEMO-DEV-4947,1,DEMO-4947,Syringe Pump,3063f084-58b4-4185-9334-5219ca4fd060
DEMO-DEV-4957,1,DEMO-4957,Electrosurgical Unit,087cb0cc-f07b-4d69-aa97-f0fb17ac6bf5
DEMO-DEV-4958,1,DEMO-4958,Anesthesia Machine,3063f084-58b4-4185-9334-5219ca4fd060
DEMO-DEV-4959,1,DEMO-4959,ECG Machine,3063f084-58b4-4185-9334-5219ca4fd060
DEMO-DEV-4965,1,DEMO-4965,Electrosurgical Unit,8e27f500-7d94-4ee5-be36-9f990b34e092
DEMO-DEV-4969,1,DEMO-4969,Defibrillator,fb688ffc-1b11-4eff-98f2-9ddc42bee05d
DEMO-DEV-4971,1,DEMO-4971,Electrosurgical Unit,053d4a00-e594-4305-ae71-a96c95a13530
DEMO-DEV-4974,1,DEMO-4974,Anesthesia Machine,42ee3277-2e48-431d-b386-6ea209c2fcab
DEMO-DEV-4982,1,DEMO-4982,Infusion Pump,d5382c80-abaa-4a87-b4a1-cb76fb0f264c
DEMO-DEV-4983,1,DEMO-4983,Ventilator,fb688ffc-1b11-4eff-98f2-9ddc42bee05d
DEMO-DEV-4986,1,DEMO-4986,Electrosurgical Unit,8e27f500-7d94-4ee5-be36-9f990b34e092
DEMO-DEV-4989,1,DEMO-4989,Pulse Oximeter,5e9a7ead-ebbc-4d90-9dfa-960b95ff7c32
DEMO-DEV-4997,1,DEMO-4997,ECG Machine,5e9a7ead-ebbc-4d90-9dfa-960b95ff7c32
DEMO-DEV-4998,1,DEMO-4998,Infusion Pump,dbf5de02-231e-458c-9575-ad273ed5f5b8
DEMO-DEV-4999,1,DEMO-4999,Syringe Pump,5e9a7ead-ebbc-4d90-9dfa-960b95ff7c32
DEMO-DEV-5000,1,DEMO-5000,Syringe Pump,d5382c80-abaa-4a87-b4a1-cb76fb0f264c
DEMO-DEV-5001,1,DEMO-5001,Anesthesia Machine,52802a7b-96a8-41fd-8129-b93e575505fd
DEMO-DEV-5002,1,DEMO-5002,Patient Monitor,fb688ffc-1b11-4eff-98f2-9ddc42bee05d
DEMO-DEV-5003,1,DEMO-5003,Syringe Pump,d5382c80-abaa-4a87-b4a1-cb76fb0f264c
DEMO-DEV-5011,1,DEMO-5011,Syringe Pump,fb688ffc-1b11-4eff-98f2-9ddc42bee05d
DEMO-DEV-5013,1,DEMO-5013,Infusion Pump,5221b7d8-06db-4aae-aaff-9bb16ecffd99
DEMO-DEV-5015,1,DEMO-5015,ECG Machine,fb688ffc-1b11-4eff-98f2-9ddc42bee05d
DEMO-DEV-5017,1,DEMO-5017,Defibrillator,fb688ffc-1b11-4eff-98f2-9ddc42bee05d
DEMO-DEV-5022,1,DEMO-5022,Autoclave,087cb0cc-f07b-4d69-aa97-f0fb17ac6bf5
DEMO-DEV-5024,1,DEMO-5024,Infusion Pump,02e6a10b-282c-4bf5-a61a-547e12683222
DEMO-DEV-5026,1,DEMO-5026,X-Ray System,f1bd3fb4-d29a-4a49-a73f-fcb9d140af66
DEMO-DEV-5027,1,DEMO-5027,Syringe Pump,5e9a7ead-ebbc-4d90-9dfa-960b95ff7c32
DEMO-DEV-5030,1,DEMO-5030,Electrosurgical Unit,8e27f500-7d94-4ee5-be36-9f990b34e092
DEMO-DEV-5044,1,DEMO-5044,Pulse Oximeter,3063f084-58b4-4185-9334-5219ca4fd060
DEMO-DEV-5045,1,DEMO-5045,Infusion Pump,5221b7d8-06db-4aae-aaff-9bb16ecffd99
DEMO-DEV-5047,1,DEMO-5047,Defibrillator,fb688ffc-1b11-4eff-98f2-9ddc42bee05d
DEMO-DEV-5048,1,DEMO-5048,Anesthesia Machine,5cbbfa1e-37f3-448b-a3bd-d3f30054ca16
DEMO-DEV-5056,1,DEMO-5056,Syringe Pump,dbf5de02-231e-458c-9575-ad273ed5f5b8
DEMO-DEV-5057,1,DEMO-5057,Electrosurgical Unit,7fa95649-4f83-4422-99e3-aecc70af8737
DEMO-DEV-5060,1,DEMO-5060,Infusion Pump,3063f084-58b4-4185-9334-5219ca4fd060
DEMO-DEV-5066,1,DEMO-5066,Electrosurgical Unit,02e6a10b-282c-4bf5-a61a-547e12683222
DEMO-DEV-5070,1,DEMO-5070,Anesthesia Machine,4aa84ab5-5871-45cf-84b9-0fff65358075
DEMO-DEV-5076,1,DEMO-5076,Defibrillator,fb688ffc-1b11-4eff-98f2-9ddc42bee05d
DEMO-DEV-5082,1,DEMO-5082,X-Ray System,f1bd3fb4-d29a-4a49-a73f-fcb9d140af66
DEMO-DEV-5086,1,DEMO-5086,Patient Monitor,d5382c80-abaa-4a87-b4a1-cb76fb0f264c
DEMO-DEV-5096,1,DEMO-5096,Anesthesia Machine,02e6a10b-282c-4bf5-a61a-547e12683222
DEMO-DEV-5098,1,DEMO-5098,Patient Monitor,5221b7d8-06db-4aae-aaff-9bb16ecffd99
DEMO-DEV-5099,1,DEMO-5099,Autoclave,087cb0cc-f07b-4d69-aa97-f0fb17ac6bf5
DEMO-DEV-5101,1,DEMO-5101,Patient Monitor,fb688ffc-1b11-4eff-98f2-9ddc42bee05d
DEMO-DEV-5102,1,DEMO-5102,Patient Monitor,d5382c80-abaa-4a87-b4a1-cb76fb0f264c
DEMO-DEV-5107,1,DEMO-5107,Ventilator,fb688ffc-1b11-4eff-98f2-9ddc42bee05d
DEMO-DEV-5110,1,DEMO-5110,X-Ray System,f1bd3fb4-d29a-4a49-a73f-fcb9d140af66
DEMO-DEV-5116,1,DEMO-5116,Autoclave,087cb0cc-f07b-4d69-aa97-f0fb17ac6bf5
DEMO-DEV-5118,1,DEMO-5118,Defibrillator,fb688ffc-1b11-4eff-98f2-9ddc42bee05d
DEMO-DEV-5121,1,DEMO-5121,Ultrasound System,de1fc8ff-31ca-453a-8e05-4ef6f6344a89
DEMO-DEV-5122,1,DEMO-5122,ECG Machine,5e9a7ead-ebbc-4d90-9dfa-960b95ff7c32
DEMO-DEV-5123,1,DEMO-5123,Anesthesia Machine,fb688ffc-1b11-4eff-98f2-9ddc42bee05d
DEMO-DEV-5124,1,DEMO-5124,Pulse Oximeter,dbf5de02-231e-458c-9575-ad273ed5f5b8
DEMO-DEV-5128,1,DEMO-5128,X-Ray System,fb688ffc-1b11-4eff-98f2-9ddc42bee05d
DEMO-DEV-5137,1,DEMO-5137,Syringe Pump,3abaabf6-cb3c-4665-9bf7-51e15d6b83a6
DEMO-DEV-5143,1,DEMO-5143,Autoclave,7fa95649-4f83-4422-99e3-aecc70af8737
DEMO-DEV-5144,1,DEMO-5144,Ventilator,fb688ffc-1b11-4eff-98f2-9ddc42bee05d
DEMO-DEV-5150,1,DEMO-5150,ECG Machine,fb688ffc-1b11-4eff-98f2-9ddc42bee05d
DEMO-DEV-5155,1,DEMO-5155,Infusion Pump,5221b7d8-06db-4aae-aaff-9bb16ecffd99
DEMO-DEV-5156,1,DEMO-5156,Autoclave,087cb0cc-f07b-4d69-aa97-f0fb17ac6bf5
DEMO-DEV-5170,1,DEMO-5170,Anesthesia Machine,38a452c4-a457-49c8-b4e7-5a9dfefbf45a
DEMO-DEV-5175,1,DEMO-5175,Syringe Pump,3abaabf6-cb3c-4665-9bf7-51e15d6b83a6
DEMO-DEV-5176,1,DEMO-5176,Syringe Pump,fb688ffc-1b11-4eff-98f2-9ddc42bee05d
DEMO-DEV-5177,1,DEMO-5177,Patient Monitor,02e6a10b-282c-4bf5-a61a-547e12683222
DEMO-DEV-5181,1,DEMO-5181,Electrosurgical Unit,02e6a10b-282c-4bf5-a61a-547e12683222
DEMO-DEV-5182,1,DEMO-5182,Pulse Oximeter,5e9a7ead-ebbc-4d90-9dfa-960b95ff7c32
DEMO-DEV-5183,1,DEMO-5183,Anesthesia Machine,5e9a7ead-ebbc-4d90-9dfa-960b95ff7c32
DEMO-DEV-5185,1,DEMO-5185,Defibrillator,fb688ffc-1b11-4eff-98f2-9ddc42bee05d
DEMO-DEV-5186,1,DEMO-5186,Syringe Pump,5e9a7ead-ebbc-4d90-9dfa-960b95ff7c32
DEMO-DEV-5187,1,DEMO-5187,Ultrasound System,de1fc8ff-31ca-453a-8e05-4ef6f6344a89
DEMO-DEV-5192,1,DEMO-5192,X-Ray System,f1bd3fb4-d29a-4a49-a73f-fcb9d140af66
DEMO-DEV-5194,1,DEMO-5194,ECG Machine,3063f084-58b4-4185-9334-5219ca4fd060
DEMO-DEV-5196,1,DEMO-5196,Patient Monitor,8e27f500-7d94-4ee5-be36-9f990b34e092
DEMO-DEV-5198,1,DEMO-5198,Patient Monitor,5e9a7ead-ebbc-4d90-9dfa-960b95ff7c32
DEMO-DEV-5199,1,DEMO-5199,Ventilator,fb688ffc-1b11-4eff-98f2-9ddc42bee05d
DEMO-DEV-5200,1,DEMO-5200,Electrosurgical Unit,5221b7d8-06db-4aae-aaff-9bb16ecffd99
DEMO-DEV-5203,1,DEMO-5203,Defibrillator,fb688ffc-1b11-4eff-98f2-9ddc42bee05d
DEMO-DEV-5209,1,DEMO-5209,Autoclave,7fa95649-4f83-4422-99e3-aecc70af8737
DEMO-DEV-5221,1,DEMO-5221,Electrosurgical Unit,5221b7d8-06db-4aae-aaff-9bb16ecffd99
DEMO-DEV-5225,1,DEMO-5225,Infusion Pump,fb688ffc-1b11-4eff-98f2-9ddc42bee05d
DEMO-DEV-5230,1,DEMO-5230,Defibrillator,fb688ffc-1b11-4eff-98f2-9ddc42bee05d
DEMO-DEV-5235,1,DEMO-5235,ECG Machine,5e9a7ead-ebbc-4d90-9dfa-960b95ff7c32
DEMO-DEV-5238,1,DEMO-5238,Patient Monitor,3063f084-58b4-4185-9334-5219ca4fd060
DEMO-DEV-5252,1,DEMO-5252,Ultrasound System,42ee3277-2e48-431d-b386-6ea209c2fcab
DEMO-DEV-5254,1,DEMO-5254,Infusion Pump,dbf5de02-231e-458c-9575-ad273ed5f5b8
DEMO-DEV-5258,1,DEMO-5258,Pulse Oximeter,5e9a7ead-ebbc-4d90-9dfa-960b95ff7c32
DEMO-DEV-5259,1,DEMO-5259,Electrosurgical Unit,de1fc8ff-31ca-453a-8e05-4ef6f6344a89
DEMO-DEV-5263,1,DEMO-5263,ECG Machine,5e9a7ead-ebbc-4d90-9dfa-960b95ff7c32
DEMO-DEV-5265,1,DEMO-5265,Ventilator,dbf5de02-231e-458c-9575-ad273ed5f5b8
DEMO-DEV-5266,1,DEMO-5266,Patient Monitor,fb688ffc-1b11-4eff-98f2-9ddc42bee05d
DEMO-DEV-5271,1,DEMO-5271,Ultrasound System,de1fc8ff-31ca-453a-8e05-4ef6f6344a89
DEMO-DEV-5276,1,DEMO-5276,Defibrillator,fb688ffc-1b11-4eff-98f2-9ddc42bee05d
DEMO-DEV-5278,1,DEMO-5278,Infusion Pump,fb688ffc-1b11-4eff-98f2-9ddc42bee05d
DEMO-DEV-5281,1,DEMO-5281,Syringe Pump,5e9a7ead-ebbc-4d90-9dfa-960b95ff7c32
DEMO-DEV-5284,1,DEMO-5284,X-Ray System,f1bd3fb4-d29a-4a49-a73f-fcb9d140af66
DEMO-DEV-5286,1,DEMO-5286,X-Ray System,fb688ffc-1b11-4eff-98f2-9ddc42bee05d
DEMO-DEV-5293,1,DEMO-5293,Infusion Pump,d5382c80-abaa-4a87-b4a1-cb76fb0f264c
DEMO-DEV-5294,1,DEMO-5294,Syringe Pump,3063f084-58b4-4185-9334-5219ca4fd060
DEMO-DEV-5300,1,DEMO-5300,Ventilator,dbf5de02-231e-458c-9575-ad273ed5f5b8
DEMO-DEV-5303,1,DEMO-5303,X-Ray System,fb688ffc-1b11-4eff-98f2-9ddc42bee05d
DEMO-DEV-5304,1,DEMO-5304,ECG Machine,d5382c80-abaa-4a87-b4a1-cb76fb0f264c
DEMO-DEV-5305,1,DEMO-5305,Pulse Oximeter,5e9a7ead-ebbc-4d90-9dfa-960b95ff7c32
DEMO-DEV-5307,1,DEMO-5307,X-Ray System,f1bd3fb4-d29a-4a49-a73f-fcb9d140af66
DEMO-DEV-5308,1,DEMO-5308,X-Ray System,f1bd3fb4-d29a-4a49-a73f-fcb9d140af66
DEMO-DEV-5310,1,DEMO-5310,Defibrillator,fb688ffc-1b11-4eff-98f2-9ddc42bee05d
DEMO-DEV-5312,1,DEMO-5312,Electrosurgical Unit,de1fc8ff-31ca-453a-8e05-4ef6f6344a89
DEMO-DEV-5314,1,DEMO-5314,Pulse Oximeter,dbf5de02-231e-458c-9575-ad273ed5f5b8
DEMO-DEV-5317,1,DEMO-5317,Anesthesia Machine,053d4a00-e594-4305-ae71-a96c95a13530
DEMO-DEV-5324,1,DEMO-5324,Anesthesia Machine,35abc5ec-fbe4-40a6-8752-2cba3fb328ba
DEMO-DEV-5329,1,DEMO-5329,Anesthesia Machine,8ccc225a-74c4-4260-86d3-0ca2b2f49602
DEMO-DEV-5331,1,DEMO-5331,Pulse Oximeter,3063f084-58b4-4185-9334-5219ca4fd060
DEMO-DEV-5332,1,DEMO-5332,Electrosurgical Unit,087cb0cc-f07b-4d69-aa97-f0fb17ac6bf5
DEMO-DEV-5337,1,DEMO-5337,Patient Monitor,3063f084-58b4-4185-9334-5219ca4fd060
DEMO-DEV-5341,1,DEMO-5341,Ventilator,dbf5de02-231e-458c-9575-ad273ed5f5b8
DEMO-DEV-5343,1,DEMO-5343,Defibrillator,fb688ffc-1b11-4eff-98f2-9ddc42bee05d
DEMO-DEV-5347,1,DEMO-5347,Autoclave,7fa95649-4f83-4422-99e3-aecc70af8737
DEMO-DEV-5349,1,DEMO-5349,Pulse Oximeter,d5382c80-abaa-4a87-b4a1-cb76fb0f264c
DEMO-DEV-5351,1,DEMO-5351,Pulse Oximeter,42ee3277-2e48-431d-b386-6ea209c2fcab
DEMO-DEV-5357,1,DEMO-5357,Infusion Pump,5221b7d8-06db-4aae-aaff-9bb16ecffd99
DEMO-DEV-5363,1,DEMO-5363,Pulse Oximeter,fb688ffc-1b11-4eff-98f2-9ddc42bee05d
DEMO-DEV-5364,1,DEMO-5364,Electrosurgical Unit,7fa95649-4f83-4422-99e3-aecc70af8737
DEMO-DEV-5365,1,DEMO-5365,Defibrillator,fb688ffc-1b11-4eff-98f2-9ddc42bee05d
DEMO-DEV-5370,1,DEMO-5370,X-Ray System,f1bd3fb4-d29a-4a49-a73f-fcb9d140af66
DEMO-DEV-5379,1,DEMO-5379,Patient Monitor,5e9a7ead-ebbc-4d90-9dfa-960b95ff7c32
DEMO-DEV-5380,1,DEMO-5380,Electrosurgical Unit,7fa95649-4f83-4422-99e3-aecc70af8737
DEMO-DEV-5388,1,DEMO-5388,Ventilator,dbf5de02-231e-458c-9575-ad273ed5f5b8
DEMO-DEV-5390,1,DEMO-5390,Pulse Oximeter,dbf5de02-231e-458c-9575-ad273ed5f5b8
DEMO-DEV-5391,1,DEMO-5391,X-Ray System,fb688ffc-1b11-4eff-98f2-9ddc42bee05d
DEMO-DEV-5395,1,DEMO-5395,Autoclave,087cb0cc-f07b-4d69-aa97-f0fb17ac6bf5
DEMO-DEV-5397,1,DEMO-5397,Pulse Oximeter,3063f084-58b4-4185-9334-5219ca4fd060
DEMO-DEV-5400,1,DEMO-5400,Anesthesia Machine,7fa95649-4f83-4422-99e3-aecc70af8737
DEMO-DEV-5411,1,DEMO-5411,ECG Machine,d5382c80-abaa-4a87-b4a1-cb76fb0f264c
DEMO-DEV-5413,1,DEMO-5413,Defibrillator,fb688ffc-1b11-4eff-98f2-9ddc42bee05d
DEMO-DEV-5414,1,DEMO-5414,Infusion Pump,fb688ffc-1b11-4eff-98f2-9ddc42bee05d
DEMO-DEV-5417,1,DEMO-5417,Patient Monitor,d5382c80-abaa-4a87-b4a1-cb76fb0f264c
DEMO-DEV-5424,1,DEMO-5424,Anesthesia Machine,52802a7b-96a8-41fd-8129-b93e575505fd
DEMO-DEV-5429,1,DEMO-5429,ECG Machine,5e9a7ead-ebbc-4d90-9dfa-960b95ff7c32
DEMO-DEV-5432,1,DEMO-5432,ECG Machine,d5382c80-abaa-4a87-b4a1-cb76fb0f264c
DEMO-DEV-5433,1,DEMO-5433,Pulse Oximeter,dbf5de02-231e-458c-9575-ad273ed5f5b8
DEMO-DEV-5437,1,DEMO-5437,Patient Monitor,fb688ffc-1b11-4eff-98f2-9ddc42bee05d
DEMO-DEV-5439,1,DEMO-5439,Infusion Pump,dbf5de02-231e-458c-9575-ad273ed5f5b8
DEMO-DEV-5445,1,DEMO-5445,Autoclave,e19c99a4-ade8-4c7f-a494-8746650c680c
DEMO-DEV-5447,1,DEMO-5447,X-Ray System,fb688ffc-1b11-4eff-98f2-9ddc42bee05d
DEMO-DEV-5453,1,DEMO-5453,Defibrillator,fb688ffc-1b11-4eff-98f2-9ddc42bee05d
DEMO-DEV-5454,1,DEMO-5454,Autoclave,e19c99a4-ade8-4c7f-a494-8746650c680c
DEMO-DEV-5461,1,DEMO-5461,Syringe Pump,3abaabf6-cb3c-4665-9bf7-51e15d6b83a6
DEMO-DEV-5464,1,DEMO-5464,Patient Monitor,d5382c80-abaa-4a87-b4a1-cb76fb0f264c
DEMO-DEV-5469,1,DEMO-5469,Anesthesia Machine,7fa95649-4f83-4422-99e3-aecc70af8737
DEMO-DEV-5470,1,DEMO-5470,Electrosurgical Unit,02e6a10b-282c-4bf5-a61a-547e12683222
DEMO-DEV-5471,1,DEMO-5471,Patient Monitor,d5382c80-abaa-4a87-b4a1-cb76fb0f264c
DEMO-DEV-5472,1,DEMO-5472,Defibrillator,fb688ffc-1b11-4eff-98f2-9ddc42bee05d
DEMO-DEV-5473,1,DEMO-5473,Syringe Pump,fb688ffc-1b11-4eff-98f2-9ddc42bee05d
DEMO-DEV-5474,1,DEMO-5474,Autoclave,e19c99a4-ade8-4c7f-a494-8746650c680c
DEMO-DEV-5481,1,DEMO-5481,X-Ray System,fb688ffc-1b11-4eff-98f2-9ddc42bee05d
DEMO-DEV-5482,1,DEMO-5482,Ultrasound System,de1fc8ff-31ca-453a-8e05-4ef6f6344a89
DEMO-DEV-5485,1,DEMO-5485,Pulse Oximeter,42ee3277-2e48-431d-b386-6ea209c2fcab
DEMO-DEV-5490,1,DEMO-5490,Defibrillator,fb688ffc-1b11-4eff-98f2-9ddc42bee05d
DEMO-DEV-5494,1,DEMO-5494,Autoclave,7fa95649-4f83-4422-99e3-aecc70af8737
DEMO-DEV-5495,1,DEMO-5495,Autoclave,087cb0cc-f07b-4d69-aa97-f0fb17ac6bf5
DEMO-DEV-5498,1,DEMO-5498,Patient Monitor,8e27f500-7d94-4ee5-be36-9f990b34e092
DEMO-DEV-5501,1,DEMO-5501,Infusion Pump,fb688ffc-1b11-4eff-98f2-9ddc42bee05d
DEMO-DEV-5505,1,DEMO-5505,X-Ray System,fb688ffc-1b11-4eff-98f2-9ddc42bee05d
DEMO-DEV-5509,1,DEMO-5509,Infusion Pump,5e9a7ead-ebbc-4d90-9dfa-960b95ff7c32
DEMO-DEV-5513,1,DEMO-5513,Autoclave,7fa95649-4f83-4422-99e3-aecc70af8737
DEMO-DEV-5515,1,DEMO-5515,Infusion Pump,3063f084-58b4-4185-9334-5219ca4fd060
DEMO-DEV-5520,1,DEMO-5520,Ultrasound System,de1fc8ff-31ca-453a-8e05-4ef6f6344a89
DEMO-DEV-5521,1,DEMO-5521,Ventilator,fb688ffc-1b11-4eff-98f2-9ddc42bee05d
DEMO-DEV-5525,1,DEMO-5525,Anesthesia Machine,42ee3277-2e48-431d-b386-6ea209c2fcab
DEMO-DEV-5528,1,DEMO-5528,Ventilator,dbf5de02-231e-458c-9575-ad273ed5f5b8
DEMO-DEV-5534,1,DEMO-5534,Anesthesia Machine,053d4a00-e594-4305-ae71-a96c95a13530
DEMO-DEV-5543,1,DEMO-5543,Infusion Pump,dbf5de02-231e-458c-9575-ad273ed5f5b8
DEMO-DEV-5547,1,DEMO-5547,Infusion Pump,dbf5de02-231e-458c-9575-ad273ed5f5b8
DEMO-DEV-5548,1,DEMO-5548,Syringe Pump,dbf5de02-231e-458c-9575-ad273ed5f5b8
DEMO-DEV-5558,1,DEMO-5558,Autoclave,7fa95649-4f83-4422-99e3-aecc70af8737
DEMO-DEV-5559,1,DEMO-5559,Anesthesia Machine,c4906dc0-8389-4c68-bf7d-24e6b583a877
DEMO-DEV-5560,1,DEMO-5560,ECG Machine,42ee3277-2e48-431d-b386-6ea209c2fcab
DEMO-DEV-5562,1,DEMO-5562,ECG Machine,d5382c80-abaa-4a87-b4a1-cb76fb0f264c
DEMO-DEV-5567,1,DEMO-5567,X-Ray System,fb688ffc-1b11-4eff-98f2-9ddc42bee05d
DEMO-DEV-5568,1,DEMO-5568,Electrosurgical Unit,02e6a10b-282c-4bf5-a61a-547e12683222
DEMO-DEV-5571,1,DEMO-5571,Pulse Oximeter,dbf5de02-231e-458c-9575-ad273ed5f5b8
DEMO-DEV-5574,1,DEMO-5574,Defibrillator,fb688ffc-1b11-4eff-98f2-9ddc42bee05d
DEMO-DEV-5575,1,DEMO-5575,Pulse Oximeter,3063f084-58b4-4185-9334-5219ca4fd060
DEMO-DEV-5580,1,DEMO-5580,Infusion Pump,d5382c80-abaa-4a87-b4a1-cb76fb0f264c
DEMO-DEV-5585,1,DEMO-5585,Patient Monitor,8e27f500-7d94-4ee5-be36-9f990b34e092
DEMO-DEV-5590,1,DEMO-5590,Infusion Pump,dbf5de02-231e-458c-9575-ad273ed5f5b8
DEMO-DEV-5594,1,DEMO-5594,Anesthesia Machine,52802a7b-96a8-41fd-8129-b93e575505fd
DEMO-DEV-5597,1,DEMO-5597,Ventilator,fb688ffc-1b11-4eff-98f2-9ddc42bee05d
DEMO-DEV-5599,1,DEMO-5599,ECG Machine,5e9a7ead-ebbc-4d90-9dfa-960b95ff7c32
DEMO-DEV-5608,1,DEMO-5608,Pulse Oximeter,5e9a7ead-ebbc-4d90-9dfa-960b95ff7c32
DEMO-DEV-5609,1,DEMO-5609,Pulse Oximeter,dbf5de02-231e-458c-9575-ad273ed5f5b8
DEMO-DEV-5610,1,DEMO-5610,Ultrasound System,42ee3277-2e48-431d-b386-6ea209c2fcab
DEMO-DEV-5612,1,DEMO-5612,Ventilator,fb688ffc-1b11-4eff-98f2-9ddc42bee05d
DEMO-DEV-5622,1,DEMO-5622,Ultrasound System,f1bd3fb4-d29a-4a49-a73f-fcb9d140af66
DEMO-DEV-5624,1,DEMO-5624,Electrosurgical Unit,5221b7d8-06db-4aae-aaff-9bb16ecffd99
DEMO-DEV-5627,1,DEMO-5627,Ventilator,fb688ffc-1b11-4eff-98f2-9ddc42bee05d
DEMO-DEV-5629,1,DEMO-5629,Patient Monitor,3063f084-58b4-4185-9334-5219ca4fd060
DEMO-DEV-5632,1,DEMO-5632,Syringe Pump,dbf5de02-231e-458c-9575-ad273ed5f5b8
DEMO-DEV-5640,1,DEMO-5640,Patient Monitor,5e9a7ead-ebbc-4d90-9dfa-960b95ff7c32
DEMO-DEV-5643,1,DEMO-5643,ECG Machine,3063f084-58b4-4185-9334-5219ca4fd060
DEMO-DEV-5644,1,DEMO-5644,X-Ray System,f1bd3fb4-d29a-4a49-a73f-fcb9d140af66
DEMO-DEV-5647,1,DEMO-5647,Pulse Oximeter,fb688ffc-1b11-4eff-98f2-9ddc42bee05d
DEMO-DEV-5649,1,DEMO-5649,X-Ray System,fb688ffc-1b11-4eff-98f2-9ddc42bee05d
DEMO-DEV-5654,1,DEMO-5654,Ultrasound System,42ee3277-2e48-431d-b386-6ea209c2fcab
DEMO-DEV-5656,1,DEMO-5656,Patient Monitor,5e9a7ead-ebbc-4d90-9dfa-960b95ff7c32
DEMO-DEV-5661,1,DEMO-5661,Autoclave,7fa95649-4f83-4422-99e3-aecc70af8737
DEMO-DEV-5664,1,DEMO-5664,X-Ray System,f1bd3fb4-d29a-4a49-a73f-fcb9d140af66
DEMO-DEV-5668,1,DEMO-5668,Autoclave,087cb0cc-f07b-4d69-aa97-f0fb17ac6bf5
DEMO-DEV-5669,1,DEMO-5669,Electrosurgical Unit,8e27f500-7d94-4ee5-be36-9f990b34e092
DEMO-DEV-5671,1,DEMO-5671,Pulse Oximeter,5e9a7ead-ebbc-4d90-9dfa-960b95ff7c32
DEMO-DEV-5678,1,DEMO-5678,Ultrasound System,42ee3277-2e48-431d-b386-6ea209c2fcab
DEMO-DEV-5679,1,DEMO-5679,X-Ray System,f1bd3fb4-d29a-4a49-a73f-fcb9d140af66
DEMO-DEV-5681,1,DEMO-5681,Defibrillator,fb688ffc-1b11-4eff-98f2-9ddc42bee05d
DEMO-DEV-5687,1,DEMO-5687,Patient Monitor,5221b7d8-06db-4aae-aaff-9bb16ecffd99
DEMO-DEV-5688,1,DEMO-5688,Electrosurgical Unit,5221b7d8-06db-4aae-aaff-9bb16ecffd99
DEMO-DEV-5689,1,DEMO-5689,Ventilator,dbf5de02-231e-458c-9575-ad273ed5f5b8
DEMO-DEV-5690,1,DEMO-5690,Defibrillator,fb688ffc-1b11-4eff-98f2-9ddc42bee05d
DEMO-DEV-5700,1,DEMO-5700,Defibrillator,fb688ffc-1b11-4eff-98f2-9ddc42bee05d
DEMO-DEV-5702,1,DEMO-5702,Infusion Pump,3abaabf6-cb3c-4665-9bf7-51e15d6b83a6
DEMO-DEV-5703,1,DEMO-5703,ECG Machine,d5382c80-abaa-4a87-b4a1-cb76fb0f264c
DEMO-DEV-5704,1,DEMO-5704,Anesthesia Machine,5221b7d8-06db-4aae-aaff-9bb16ecffd99
DEMO-DEV-5707,1,DEMO-5707,X-Ray System,f1bd3fb4-d29a-4a49-a73f-fcb9d140af66
DEMO-DEV-5715,1,DEMO-5715,Ultrasound System,42ee3277-2e48-431d-b386-6ea209c2fcab
DEMO-DEV-5721,1,DEMO-5721,X-Ray System,f1bd3fb4-d29a-4a49-a73f-fcb9d140af66
DEMO-DEV-5723,1,DEMO-5723,Ultrasound System,de1fc8ff-31ca-453a-8e05-4ef6f6344a89
DEMO-DEV-5728,1,DEMO-5728,Infusion Pump,3abaabf6-cb3c-4665-9bf7-51e15d6b83a6
DEMO-DEV-5730,1,DEMO-5730,X-Ray System,f1bd3fb4-d29a-4a49-a73f-fcb9d140af66
DEMO-DEV-5732,1,DEMO-5732,Patient Monitor,d5382c80-abaa-4a87-b4a1-cb76fb0f264c
DEMO-DEV-5736,1,DEMO-5736,Ventilator,fb688ffc-1b11-4eff-98f2-9ddc42bee05d
DEMO-DEV-5745,1,DEMO-5745,Electrosurgical Unit,02e6a10b-282c-4bf5-a61a-547e12683222
DEMO-DEV-5746,1,DEMO-5746,Electrosurgical Unit,5221b7d8-06db-4aae-aaff-9bb16ecffd99
DEMO-DEV-5752,1,DEMO-5752,Pulse Oximeter,d5382c80-abaa-4a87-b4a1-cb76fb0f264c
DEMO-DEV-5759,1,DEMO-5759,Pulse Oximeter,fb688ffc-1b11-4eff-98f2-9ddc42bee05d
DEMO-DEV-5763,1,DEMO-5763,Syringe Pump,fb688ffc-1b11-4eff-98f2-9ddc42bee05d
DEMO-DEV-5773,1,DEMO-5773,Autoclave,e19c99a4-ade8-4c7f-a494-8746650c680c
DEMO-DEV-5774,1,DEMO-5774,Syringe Pump,fb688ffc-1b11-4eff-98f2-9ddc42bee05d
DEMO-DEV-5784,1,DEMO-5784,Patient Monitor,d5382c80-abaa-4a87-b4a1-cb76fb0f264c
DEMO-DEV-5785,1,DEMO-5785,Ventilator,fb688ffc-1b11-4eff-98f2-9ddc42bee05d
DEMO-DEV-5786,1,DEMO-5786,Patient Monitor,5e9a7ead-ebbc-4d90-9dfa-960b95ff7c32
DEMO-DEV-5788,1,DEMO-5788,Pulse Oximeter,5e9a7ead-ebbc-4d90-9dfa-960b95ff7c32
DEMO-DEV-5789,1,DEMO-5789,Autoclave,e19c99a4-ade8-4c7f-a494-8746650c680c
DEMO-DEV-5797,1,DEMO-5797,Autoclave,7fa95649-4f83-4422-99e3-aecc70af8737
DEMO-DEV-5800,1,DEMO-5800,Autoclave,087cb0cc-f07b-4d69-aa97-f0fb17ac6bf5
DEMO-DEV-5802,1,DEMO-5802,Patient Monitor,02e6a10b-282c-4bf5-a61a-547e12683222
DEMO-DEV-5811,1,DEMO-5811,X-Ray System,f1bd3fb4-d29a-4a49-a73f-fcb9d140af66
DEMO-DEV-5812,1,DEMO-5812,Autoclave,7fa95649-4f83-4422-99e3-aecc70af8737
DEMO-DEV-5814,1,DEMO-5814,Anesthesia Machine,8ccc225a-74c4-4260-86d3-0ca2b2f49602
DEMO-DEV-5816,1,DEMO-5816,ECG Machine,d5382c80-abaa-4a87-b4a1-cb76fb0f264c
DEMO-DEV-5817,1,DEMO-5817,Anesthesia Machine,5e9a7ead-ebbc-4d90-9dfa-960b95ff7c32
DEMO-DEV-5825,1,DEMO-5825,Autoclave,7fa95649-4f83-4422-99e3-aecc70af8737
DEMO-DEV-5828,1,DEMO-5828,Ventilator,dbf5de02-231e-458c-9575-ad273ed5f5b8
DEMO-DEV-5832,1,DEMO-5832,Anesthesia Machine,087cb0cc-f07b-4d69-aa97-f0fb17ac6bf5
DEMO-DEV-5833,1,DEMO-5833,X-Ray System,f1bd3fb4-d29a-4a49-a73f-fcb9d140af66
DEMO-DEV-5839,1,DEMO-5839,Anesthesia Machine,cfeb1a0b-e69b-4ef5-b5ef-3431f0ad201c
DEMO-DEV-5840,1,DEMO-5840,ECG Machine,d5382c80-abaa-4a87-b4a1-cb76fb0f264c
DEMO-DEV-5841,1,DEMO-5841,Defibrillator,fb688ffc-1b11-4eff-98f2-9ddc42bee05d
DEMO-DEV-5845,1,DEMO-5845,Pulse Oximeter,42ee3277-2e48-431d-b386-6ea209c2fcab
DEMO-DEV-5847,1,DEMO-5847,Electrosurgical Unit,8e27f500-7d94-4ee5-be36-9f990b34e092
DEMO-DEV-5854,1,DEMO-5854,Infusion Pump,3abaabf6-cb3c-4665-9bf7-51e15d6b83a6
DEMO-DEV-5856,1,DEMO-5856,Autoclave,087cb0cc-f07b-4d69-aa97-f0fb17ac6bf5
DEMO-DEV-5860,1,DEMO-5860,Anesthesia Machine,fb688ffc-1b11-4eff-98f2-9ddc42bee05d
DEMO-DEV-5865,1,DEMO-5865,ECG Machine,d5382c80-abaa-4a87-b4a1-cb76fb0f264c
DEMO-DEV-5867,1,DEMO-5867,Autoclave,e19c99a4-ade8-4c7f-a494-8746650c680c
DEMO-DEV-5868,1,DEMO-5868,Electrosurgical Unit,053d4a00-e594-4305-ae71-a96c95a13530
DEMO-DEV-5871,1,DEMO-5871,Syringe Pump,dbf5de02-231e-458c-9575-ad273ed5f5b8
DEMO-DEV-5874,1,DEMO-5874,ECG Machine,d5382c80-abaa-4a87-b4a1-cb76fb0f264c
DEMO-DEV-5882,1,DEMO-5882,Defibrillator,fb688ffc-1b11-4eff-98f2-9ddc42bee05d
DEMO-DEV-5883,1,DEMO-5883,Infusion Pump,5221b7d8-06db-4aae-aaff-9bb16ecffd99
DEMO-DEV-5889,1,DEMO-5889,Defibrillator,fb688ffc-1b11-4eff-98f2-9ddc42bee05d
DEMO-DEV-5892,1,DEMO-5892,Patient Monitor,5221b7d8-06db-4aae-aaff-9bb16ecffd99
DEMO-DEV-5893,1,DEMO-5893,Electrosurgical Unit,5221b7d8-06db-4aae-aaff-9bb16ecffd99
DEMO-DEV-5894,1,DEMO-5894,ECG Machine,d5382c80-abaa-4a87-b4a1-cb76fb0f264c
DEMO-DEV-5896,1,DEMO-5896,Ventilator,dbf5de02-231e-458c-9575-ad273ed5f5b8
DEMO-DEV-5897,1,DEMO-5897,Electrosurgical Unit,de1fc8ff-31ca-453a-8e05-4ef6f6344a89
DEMO-DEV-5898,1,DEMO-5898,Ventilator,dbf5de02-231e-458c-9575-ad273ed5f5b8
DEMO-DEV-5899,1,DEMO-5899,Anesthesia Machine,5cbbfa1e-37f3-448b-a3bd-d3f30054ca16
DEMO-DEV-5906,1,DEMO-5906,Defibrillator,fb688ffc-1b11-4eff-98f2-9ddc42bee05d
DEMO-DEV-5907,1,DEMO-5907,Electrosurgical Unit,02e6a10b-282c-4bf5-a61a-547e12683222
DEMO-DEV-5912,1,DEMO-5912,ECG Machine,5e9a7ead-ebbc-4d90-9dfa-960b95ff7c32
DEMO-DEV-5913,1,DEMO-5913,Pulse Oximeter,5e9a7ead-ebbc-4d90-9dfa-960b95ff7c32
DEMO-DEV-5916,1,DEMO-5916,Electrosurgical Unit,02e6a10b-282c-4bf5-a61a-547e12683222
DEMO-DEV-5926,1,DEMO-5926,Patient Monitor,5221b7d8-06db-4aae-aaff-9bb16ecffd99
DEMO-DEV-5929,1,DEMO-5929,Anesthesia Machine,7fa95649-4f83-4422-99e3-aecc70af8737
DEMO-DEV-5939,1,DEMO-5939,Electrosurgical Unit,053d4a00-e594-4305-ae71-a96c95a13530
DEMO-DEV-5942,1,DEMO-5942,Anesthesia Machine,053d4a00-e594-4305-ae71-a96c95a13530
DEMO-DEV-5950,1,DEMO-5950,Pulse Oximeter,fb688ffc-1b11-4eff-98f2-9ddc42bee05d
DEMO-DEV-5951,1,DEMO-5951,X-Ray System,fb688ffc-1b11-4eff-98f2-9ddc42bee05d
DEMO-DEV-5952,1,DEMO-5952,Infusion Pump,d5382c80-abaa-4a87-b4a1-cb76fb0f264c
DEMO-DEV-5963,1,DEMO-5963,Syringe Pump,dbf5de02-231e-458c-9575-ad273ed5f5b8
DEMO-DEV-5970,1,DEMO-5970,Syringe Pump,5e9a7ead-ebbc-4d90-9dfa-960b95ff7c32
DEMO-DEV-5971,1,DEMO-5971,ECG Machine,fb688ffc-1b11-4eff-98f2-9ddc42bee05d
DEMO-DEV-5973,1,DEMO-5973,X-Ray System,fb688ffc-1b11-4eff-98f2-9ddc42bee05d
DEMO-DEV-5980,1,DEMO-5980,Ventilator,dbf5de02-231e-458c-9575-ad273ed5f5b8
DEMO-DEV-5981,1,DEMO-5981,Patient Monitor,3063f084-58b4-4185-9334-5219ca4fd060
DEMO-DEV-5982,1,DEMO-5982,Pulse Oximeter,fb688ffc-1b11-4eff-98f2-9ddc42bee05d
DEMO-DEV-5984,1,DEMO-5984,Electrosurgical Unit,8e27f500-7d94-4ee5-be36-9f990b34e092
DEMO-DEV-5993,1,DEMO-5993,X-Ray System,f1bd3fb4-d29a-4a49-a73f-fcb9d140af66
DEMO-DEV-5995,1,DEMO-5995,X-Ray System,fb688ffc-1b11-4eff-98f2-9ddc42bee05d
DEMO-DEV-5999,1,DEMO-5999,Pulse Oximeter,42ee3277-2e48-431d-b386-6ea209c2fcab
DEMO-DEV-6000,1,DEMO-6000,Infusion Pump,5221b7d8-06db-4aae-aaff-9bb16ecffd99
DEMO-DEV-6002,1,DEMO-6002,Pulse Oximeter,3063f084-58b4-4185-9334-5219ca4fd060
DEMO-DEV-6005,1,DEMO-6005,Defibrillator,fb688ffc-1b11-4eff-98f2-9ddc42bee05d
DEMO-DEV-6006,1,DEMO-6006,Syringe Pump,3063f084-58b4-4185-9334-5219ca4fd060
DEMO-DEV-6012,1,DEMO-6012,Defibrillator,fb688ffc-1b11-4eff-98f2-9ddc42bee05d
DEMO-DEV-6015,1,DEMO-6015,Ultrasound System,f1bd3fb4-d29a-4a49-a73f-fcb9d140af66
DEMO-DEV-6019,1,DEMO-6019,Infusion Pump,d5382c80-abaa-4a87-b4a1-cb76fb0f264c
DEMO-DEV-6023,1,DEMO-6023,Anesthesia Machine,5cbbfa1e-37f3-448b-a3bd-d3f30054ca16
DEMO-DEV-6024,1,DEMO-6024,Ventilator,dbf5de02-231e-458c-9575-ad273ed5f5b8
DEMO-DEV-6026,1,DEMO-6026,ECG Machine,fb688ffc-1b11-4eff-98f2-9ddc42bee05d
DEMO-DEV-6027,1,DEMO-6027,Electrosurgical Unit,053d4a00-e594-4305-ae71-a96c95a13530
DEMO-DEV-6029,1,DEMO-6029,Ventilator,fb688ffc-1b11-4eff-98f2-9ddc42bee05d
DEMO-DEV-6036,1,DEMO-6036,Syringe Pump,3063f084-58b4-4185-9334-5219ca4fd060
DEMO-DEV-6037,1,DEMO-6037,Defibrillator,fb688ffc-1b11-4eff-98f2-9ddc42bee05d
DEMO-DEV-6046,1,DEMO-6046,Ventilator,fb688ffc-1b11-4eff-98f2-9ddc42bee05d
DEMO-DEV-6050,1,DEMO-6050,Pulse Oximeter,dbf5de02-231e-458c-9575-ad273ed5f5b8
DEMO-DEV-6052,1,DEMO-6052,Defibrillator,fb688ffc-1b11-4eff-98f2-9ddc42bee05d
DEMO-DEV-6055,1,DEMO-6055,Electrosurgical Unit,5221b7d8-06db-4aae-aaff-9bb16ecffd99
DEMO-DEV-6058,1,DEMO-6058,Ventilator,dbf5de02-231e-458c-9575-ad273ed5f5b8
DEMO-DEV-6064,1,DEMO-6064,Autoclave,087cb0cc-f07b-4d69-aa97-f0fb17ac6bf5
DEMO-DEV-6068,1,DEMO-6068,Autoclave,087cb0cc-f07b-4d69-aa97-f0fb17ac6bf5
DEMO-DEV-6072,1,DEMO-6072,Ventilator,dbf5de02-231e-458c-9575-ad273ed5f5b8
DEMO-DEV-6075,1,DEMO-6075,Ultrasound System,42ee3277-2e48-431d-b386-6ea209c2fcab
DEMO-DEV-6077,1,DEMO-6077,Electrosurgical Unit,02e6a10b-282c-4bf5-a61a-547e12683222
DEMO-DEV-6078,1,DEMO-6078,ECG Machine,5e9a7ead-ebbc-4d90-9dfa-960b95ff7c32
DEMO-DEV-6086,1,DEMO-6086,Autoclave,087cb0cc-f07b-4d69-aa97-f0fb17ac6bf5
DEMO-DEV-6089,1,DEMO-6089,Ventilator,fb688ffc-1b11-4eff-98f2-9ddc42bee05d
DEMO-DEV-6094,1,DEMO-6094,ECG Machine,d5382c80-abaa-4a87-b4a1-cb76fb0f264c
DEMO-DEV-6098,1,DEMO-6098,ECG Machine,d5382c80-abaa-4a87-b4a1-cb76fb0f264c
DEMO-DEV-6102,1,DEMO-6102,Autoclave,e19c99a4-ade8-4c7f-a494-8746650c680c
DEMO-DEV-6104,1,DEMO-6104,Ventilator,dbf5de02-231e-458c-9575-ad273ed5f5b8
DEMO-DEV-6105,1,DEMO-6105,Anesthesia Machine,e19c99a4-ade8-4c7f-a494-8746650c680c
DEMO-DEV-6106,1,DEMO-6106,X-Ray System,f1bd3fb4-d29a-4a49-a73f-fcb9d140af66
DEMO-DEV-6107,1,DEMO-6107,Infusion Pump,5e9a7ead-ebbc-4d90-9dfa-960b95ff7c32
DEMO-DEV-6110,1,DEMO-6110,ECG Machine,5e9a7ead-ebbc-4d90-9dfa-960b95ff7c32
DEMO-DEV-6115,1,DEMO-6115,Infusion Pump,5e9a7ead-ebbc-4d90-9dfa-960b95ff7c32
DEMO-DEV-6116,1,DEMO-6116,X-Ray System,f1bd3fb4-d29a-4a49-a73f-fcb9d140af66
DEMO-DEV-6117,1,DEMO-6117,Infusion Pump,dbf5de02-231e-458c-9575-ad273ed5f5b8
DEMO-DEV-6124,1,DEMO-6124,Anesthesia Machine,3abaabf6-cb3c-4665-9bf7-51e15d6b83a6
DEMO-DEV-6132,1,DEMO-6132,Anesthesia Machine,35abc5ec-fbe4-40a6-8752-2cba3fb328ba
DEMO-DEV-6134,1,DEMO-6134,Defibrillator,fb688ffc-1b11-4eff-98f2-9ddc42bee05d
DEMO-DEV-6135,1,DEMO-6135,Infusion Pump,8e27f500-7d94-4ee5-be36-9f990b34e092
DEMO-DEV-6136,1,DEMO-6136,Ultrasound System,42ee3277-2e48-431d-b386-6ea209c2fcab
DEMO-DEV-6137,1,DEMO-6137,Ventilator,fb688ffc-1b11-4eff-98f2-9ddc42bee05d
DEMO-DEV-6140,1,DEMO-6140,Ultrasound System,42ee3277-2e48-431d-b386-6ea209c2fcab
DEMO-DEV-6153,1,DEMO-6153,Ventilator,dbf5de02-231e-458c-9575-ad273ed5f5b8
DEMO-DEV-6163,1,DEMO-6163,Ultrasound System,42ee3277-2e48-431d-b386-6ea209c2fcab
DEMO-DEV-6166,1,DEMO-6166,Infusion Pump,d5382c80-abaa-4a87-b4a1-cb76fb0f264c
DEMO-DEV-6171,1,DEMO-6171,Ultrasound System,42ee3277-2e48-431d-b386-6ea209c2fcab
DEMO-DEV-6175,1,DEMO-6175,Pulse Oximeter,dbf5de02-231e-458c-9575-ad273ed5f5b8
DEMO-DEV-6179,1,DEMO-6179,Ventilator,fb688ffc-1b11-4eff-98f2-9ddc42bee05d
DEMO-DEV-6187,1,DEMO-6187,Patient Monitor,fb688ffc-1b11-4eff-98f2-9ddc42bee05d
DEMO-DEV-6191,1,DEMO-6191,Electrosurgical Unit,053d4a00-e594-4305-ae71-a96c95a13530
DEMO-DEV-6199,1,DEMO-6199,Patient Monitor,fb688ffc-1b11-4eff-98f2-9ddc42bee05d
DEMO-DEV-6200,1,DEMO-6200,Electrosurgical Unit,7fa95649-4f83-4422-99e3-aecc70af8737
DEMO-DEV-6203,1,DEMO-6203,Syringe Pump,3abaabf6-cb3c-4665-9bf7-51e15d6b83a6
DEMO-DEV-6207,1,DEMO-6207,Syringe Pump,dbf5de02-231e-458c-9575-ad273ed5f5b8
DEMO-DEV-6209,1,DEMO-6209,Syringe Pump,d5382c80-abaa-4a87-b4a1-cb76fb0f264c
DEMO-DEV-6215,1,DEMO-6215,Ventilator,fb688ffc-1b11-4eff-98f2-9ddc42bee05d
DEMO-DEV-6219,1,DEMO-6219,Syringe Pump,fb688ffc-1b11-4eff-98f2-9ddc42bee05d
DEMO-DEV-6220,1,DEMO-6220,Infusion Pump,5e9a7ead-ebbc-4d90-9dfa-960b95ff7c32
DEMO-DEV-6222,1,DEMO-6222,ECG Machine,5e9a7ead-ebbc-4d90-9dfa-960b95ff7c32
DEMO-DEV-6225,1,DEMO-6225,Syringe Pump,fb688ffc-1b11-4eff-98f2-9ddc42bee05d
DEMO-DEV-6227,1,DEMO-6227,Syringe Pump,3063f084-58b4-4185-9334-5219ca4fd060
DEMO-DEV-6228,1,DEMO-6228,Patient Monitor,fb688ffc-1b11-4eff-98f2-9ddc42bee05d
DEMO-DEV-6229,1,DEMO-6229,Ultrasound System,f1bd3fb4-d29a-4a49-a73f-fcb9d140af66
DEMO-DEV-6235,1,DEMO-6235,X-Ray System,fb688ffc-1b11-4eff-98f2-9ddc42bee05d
DEMO-DEV-6240,1,DEMO-6240,Electrosurgical Unit,7fa95649-4f83-4422-99e3-aecc70af8737
DEMO-DEV-6241,1,DEMO-6241,X-Ray System,f1bd3fb4-d29a-4a49-a73f-fcb9d140af66
DEMO-DEV-6242,1,DEMO-6242,Pulse Oximeter,3063f084-58b4-4185-9334-5219ca4fd060
DEMO-DEV-6248,1,DEMO-6248,ECG Machine,fb688ffc-1b11-4eff-98f2-9ddc42bee05d
DEMO-DEV-6251,1,DEMO-6251,X-Ray System,f1bd3fb4-d29a-4a49-a73f-fcb9d140af66
DEMO-DEV-6252,1,DEMO-6252,Autoclave,7fa95649-4f83-4422-99e3-aecc70af8737
DEMO-DEV-6258,1,DEMO-6258,Electrosurgical Unit,7fa95649-4f83-4422-99e3-aecc70af8737
DEMO-DEV-6261,1,DEMO-6261,ECG Machine,d5382c80-abaa-4a87-b4a1-cb76fb0f264c
DEMO-DEV-6262,1,DEMO-6262,Anesthesia Machine,8e27f500-7d94-4ee5-be36-9f990b34e092
DEMO-DEV-6266,1,DEMO-6266,Autoclave,e19c99a4-ade8-4c7f-a494-8746650c680c
DEMO-DEV-6268,1,DEMO-6268,Defibrillator,fb688ffc-1b11-4eff-98f2-9ddc42bee05d
DEMO-DEV-6271,1,DEMO-6271,Syringe Pump,5e9a7ead-ebbc-4d90-9dfa-960b95ff7c32
DEMO-DEV-6274,1,DEMO-6274,Infusion Pump,3063f084-58b4-4185-9334-5219ca4fd060
DEMO-DEV-6275,1,DEMO-6275,Ultrasound System,de1fc8ff-31ca-453a-8e05-4ef6f6344a89
DEMO-DEV-6279,1,DEMO-6279,Electrosurgical Unit,02e6a10b-282c-4bf5-a61a-547e12683222
DEMO-DEV-6282,1,DEMO-6282,Autoclave,087cb0cc-f07b-4d69-aa97-f0fb17ac6bf5
DEMO-DEV-6289,1,DEMO-6289,X-Ray System,f1bd3fb4-d29a-4a49-a73f-fcb9d140af66
DEMO-DEV-6291,1,DEMO-6291,Autoclave,7fa95649-4f83-4422-99e3-aecc70af8737
DEMO-DEV-6294,1,DEMO-6294,Infusion Pump,5e9a7ead-ebbc-4d90-9dfa-960b95ff7c32
DEMO-DEV-6298,1,DEMO-6298,Infusion Pump,3063f084-58b4-4185-9334-5219ca4fd060
DEMO-DEV-6305,1,DEMO-6305,Electrosurgical Unit,053d4a00-e594-4305-ae71-a96c95a13530
DEMO-DEV-6306,1,DEMO-6306,Infusion Pump,02e6a10b-282c-4bf5-a61a-547e12683222
DEMO-DEV-6314,1,DEMO-6314,Defibrillator,fb688ffc-1b11-4eff-98f2-9ddc42bee05d
DEMO-DEV-6315,1,DEMO-6315,Ultrasound System,f1bd3fb4-d29a-4a49-a73f-fcb9d140af66
DEMO-DEV-6316,1,DEMO-6316,ECG Machine,3063f084-58b4-4185-9334-5219ca4fd060
DEMO-DEV-6327,1,DEMO-6327,Electrosurgical Unit,de1fc8ff-31ca-453a-8e05-4ef6f6344a89
DEMO-DEV-6339,1,DEMO-6339,ECG Machine,fb688ffc-1b11-4eff-98f2-9ddc42bee05d
DEMO-DEV-6347,1,DEMO-6347,Anesthesia Machine,087cb0cc-f07b-4d69-aa97-f0fb17ac6bf5
DEMO-DEV-6348,1,DEMO-6348,Pulse Oximeter,3063f084-58b4-4185-9334-5219ca4fd060
DEMO-DEV-6357,1,DEMO-6357,Ultrasound System,de1fc8ff-31ca-453a-8e05-4ef6f6344a89
DEMO-DEV-6360,1,DEMO-6360,Autoclave,7fa95649-4f83-4422-99e3-aecc70af8737
DEMO-DEV-6363,1,DEMO-6363,Anesthesia Machine,dbf5de02-231e-458c-9575-ad273ed5f5b8
DEMO-DEV-6369,1,DEMO-6369,Ultrasound System,f1bd3fb4-d29a-4a49-a73f-fcb9d140af66
DEMO-DEV-6370,1,DEMO-6370,Ventilator,dbf5de02-231e-458c-9575-ad273ed5f5b8
DEMO-DEV-6371,1,DEMO-6371,Autoclave,7fa95649-4f83-4422-99e3-aecc70af8737
DEMO-DEV-6373,1,DEMO-6373,X-Ray System,f1bd3fb4-d29a-4a49-a73f-fcb9d140af66
DEMO-DEV-6375,1,DEMO-6375,Syringe Pump,dbf5de02-231e-458c-9575-ad273ed5f5b8
DEMO-DEV-6378,1,DEMO-6378,Ventilator,fb688ffc-1b11-4eff-98f2-9ddc42bee05d
DEMO-DEV-6379,1,DEMO-6379,Ultrasound System,f1bd3fb4-d29a-4a49-a73f-fcb9d140af66
DEMO-DEV-6384,1,DEMO-6384,Autoclave,7fa95649-4f83-4422-99e3-aecc70af8737
DEMO-DEV-6385,1,DEMO-6385,Ultrasound System,f1bd3fb4-d29a-4a49-a73f-fcb9d140af66
DEMO-DEV-6386,1,DEMO-6386,ECG Machine,3063f084-58b4-4185-9334-5219ca4fd060
DEMO-DEV-6387,1,DEMO-6387,Infusion Pump,02e6a10b-282c-4bf5-a61a-547e12683222
DEMO-DEV-6391,1,DEMO-6391,Defibrillator,fb688ffc-1b11-4eff-98f2-9ddc42bee05d
DEMO-DEV-6392,1,DEMO-6392,Ultrasound System,42ee3277-2e48-431d-b386-6ea209c2fcab
DEMO-DEV-6397,1,DEMO-6397,X-Ray System,f1bd3fb4-d29a-4a49-a73f-fcb9d140af66
DEMO-DEV-6398,1,DEMO-6398,Syringe Pump,3abaabf6-cb3c-4665-9bf7-51e15d6b83a6
DEMO-DEV-6401,1,DEMO-6401,Electrosurgical Unit,053d4a00-e594-4305-ae71-a96c95a13530
DEMO-DEV-6403,1,DEMO-6403,Pulse Oximeter,dbf5de02-231e-458c-9575-ad273ed5f5b8
DEMO-DEV-6404,1,DEMO-6404,Ultrasound System,de1fc8ff-31ca-453a-8e05-4ef6f6344a89
DEMO-DEV-6405,1,DEMO-6405,Pulse Oximeter,3063f084-58b4-4185-9334-5219ca4fd060
DEMO-DEV-6406,1,DEMO-6406,Pulse Oximeter,5e9a7ead-ebbc-4d90-9dfa-960b95ff7c32
DEMO-DEV-6407,1,DEMO-6407,Pulse Oximeter,fb688ffc-1b11-4eff-98f2-9ddc42bee05d
DEMO-DEV-6415,1,DEMO-6415,Autoclave,e19c99a4-ade8-4c7f-a494-8746650c680c
DEMO-DEV-6427,1,DEMO-6427,Patient Monitor,fb688ffc-1b11-4eff-98f2-9ddc42bee05d
DEMO-DEV-6429,1,DEMO-6429,Ventilator,fb688ffc-1b11-4eff-98f2-9ddc42bee05d
DEMO-DEV-6432,1,DEMO-6432,X-Ray System,fb688ffc-1b11-4eff-98f2-9ddc42bee05d
DEMO-DEV-6433,1,DEMO-6433,Ventilator,fb688ffc-1b11-4eff-98f2-9ddc42bee05d
DEMO-DEV-6440,1,DEMO-6440,Infusion Pump,8e27f500-7d94-4ee5-be36-9f990b34e092
DEMO-DEV-6450,1,DEMO-6450,Ventilator,fb688ffc-1b11-4eff-98f2-9ddc42bee05d
DEMO-DEV-6456,1,DEMO-6456,Infusion Pump,fb688ffc-1b11-4eff-98f2-9ddc42bee05d
DEMO-DEV-6457,1,DEMO-6457,Defibrillator,fb688ffc-1b11-4eff-98f2-9ddc42bee05d
DEMO-DEV-6458,1,DEMO-6458,Infusion Pump,3abaabf6-cb3c-4665-9bf7-51e15d6b83a6
DEMO-DEV-6468,1,DEMO-6468,Infusion Pump,5e9a7ead-ebbc-4d90-9dfa-960b95ff7c32
DEMO-DEV-6469,1,DEMO-6469,X-Ray System,f1bd3fb4-d29a-4a49-a73f-fcb9d140af66
DEMO-DEV-6470,1,DEMO-6470,Ultrasound System,de1fc8ff-31ca-453a-8e05-4ef6f6344a89
DEMO-DEV-6474,1,DEMO-6474,Electrosurgical Unit,087cb0cc-f07b-4d69-aa97-f0fb17ac6bf5
DEMO-DEV-6480,1,DEMO-6480,Anesthesia Machine,de1fc8ff-31ca-453a-8e05-4ef6f6344a89
DEMO-DEV-6484,1,DEMO-6484,Autoclave,e19c99a4-ade8-4c7f-a494-8746650c680c
DEMO-DEV-6491,1,DEMO-6491,Patient Monitor,5e9a7ead-ebbc-4d90-9dfa-960b95ff7c32
DEMO-DEV-6492,1,DEMO-6492,ECG Machine,d5382c80-abaa-4a87-b4a1-cb76fb0f264c
DEMO-DEV-6495,1,DEMO-6495,Autoclave,7fa95649-4f83-4422-99e3-aecc70af8737
DEMO-DEV-6497,1,DEMO-6497,ECG Machine,fb688ffc-1b11-4eff-98f2-9ddc42bee05d
DEMO-DEV-6499,1,DEMO-6499,Electrosurgical Unit,02e6a10b-282c-4bf5-a61a-547e12683222
DEMO-DEV-6506,1,DEMO-6506,Defibrillator,fb688ffc-1b11-4eff-98f2-9ddc42bee05d
DEMO-DEV-6508,1,DEMO-6508,Ultrasound System,f1bd3fb4-d29a-4a49-a73f-fcb9d140af66
DEMO-DEV-6509,1,DEMO-6509,Electrosurgical Unit,5221b7d8-06db-4aae-aaff-9bb16ecffd99
DEMO-DEV-6510,1,DEMO-6510,ECG Machine,d5382c80-abaa-4a87-b4a1-cb76fb0f264c
DEMO-DEV-6515,1,DEMO-6515,Syringe Pump,d5382c80-abaa-4a87-b4a1-cb76fb0f264c
DEMO-DEV-6523,1,DEMO-6523,Patient Monitor,3063f084-58b4-4185-9334-5219ca4fd060
DEMO-DEV-6526,1,DEMO-6526,Anesthesia Machine,f1bd3fb4-d29a-4a49-a73f-fcb9d140af66
DEMO-DEV-6527,1,DEMO-6527,Defibrillator,fb688ffc-1b11-4eff-98f2-9ddc42bee05d
DEMO-DEV-6530,1,DEMO-6530,X-Ray System,f1bd3fb4-d29a-4a49-a73f-fcb9d140af66
DEMO-DEV-6540,1,DEMO-6540,Infusion Pump,d5382c80-abaa-4a87-b4a1-cb76fb0f264c
DEMO-DEV-6541,1,DEMO-6541,Syringe Pump,d5382c80-abaa-4a87-b4a1-cb76fb0f264c
DEMO-DEV-6542,1,DEMO-6542,Electrosurgical Unit,7fa95649-4f83-4422-99e3-aecc70af8737
DEMO-DEV-6543,1,DEMO-6543,Patient Monitor,d5382c80-abaa-4a87-b4a1-cb76fb0f264c
DEMO-DEV-6545,1,DEMO-6545,Autoclave,7fa95649-4f83-4422-99e3-aecc70af8737
DEMO-DEV-6550,1,DEMO-6550,Pulse Oximeter,dbf5de02-231e-458c-9575-ad273ed5f5b8
DEMO-DEV-6553,1,DEMO-6553,Patient Monitor,fb688ffc-1b11-4eff-98f2-9ddc42bee05d
DEMO-DEV-6556,1,DEMO-6556,Electrosurgical Unit,087cb0cc-f07b-4d69-aa97-f0fb17ac6bf5
DEMO-DEV-6559,1,DEMO-6559,ECG Machine,5e9a7ead-ebbc-4d90-9dfa-960b95ff7c32
DEMO-DEV-6561,1,DEMO-6561,Defibrillator,fb688ffc-1b11-4eff-98f2-9ddc42bee05d
DEMO-DEV-6563,1,DEMO-6563,Autoclave,087cb0cc-f07b-4d69-aa97-f0fb17ac6bf5
DEMO-DEV-6564,1,DEMO-6564,ECG Machine,42ee3277-2e48-431d-b386-6ea209c2fcab
DEMO-DEV-6566,1,DEMO-6566,Infusion Pump,fb688ffc-1b11-4eff-98f2-9ddc42bee05d
DEMO-DEV-6567,1,DEMO-6567,Anesthesia Machine,d5382c80-abaa-4a87-b4a1-cb76fb0f264c
DEMO-DEV-6568,1,DEMO-6568,Autoclave,e19c99a4-ade8-4c7f-a494-8746650c680c
DEMO-DEV-6570,1,DEMO-6570,ECG Machine,fb688ffc-1b11-4eff-98f2-9ddc42bee05d
DEMO-DEV-6583,1,DEMO-6583,Patient Monitor,8e27f500-7d94-4ee5-be36-9f990b34e092
DEMO-DEV-6586,1,DEMO-6586,X-Ray System,f1bd3fb4-d29a-4a49-a73f-fcb9d140af66
DEMO-DEV-6588,1,DEMO-6588,X-Ray System,f1bd3fb4-d29a-4a49-a73f-fcb9d140af66
DEMO-DEV-6590,1,DEMO-6590,Ultrasound System,de1fc8ff-31ca-453a-8e05-4ef6f6344a89
DEMO-DEV-6591,1,DEMO-6591,Syringe Pump,3abaabf6-cb3c-4665-9bf7-51e15d6b83a6
DEMO-DEV-6593,1,DEMO-6593,Defibrillator,fb688ffc-1b11-4eff-98f2-9ddc42bee05d
DEMO-DEV-6594,1,DEMO-6594,Patient Monitor,3063f084-58b4-4185-9334-5219ca4fd060
DEMO-DEV-6597,1,DEMO-6597,Patient Monitor,02e6a10b-282c-4bf5-a61a-547e12683222
DEMO-DEV-6598,1,DEMO-6598,Ventilator,dbf5de02-231e-458c-9575-ad273ed5f5b8
DEMO-DEV-6599,1,DEMO-6599,Syringe Pump,d5382c80-abaa-4a87-b4a1-cb76fb0f264c
DEMO-DEV-6611,1,DEMO-6611,Autoclave,e19c99a4-ade8-4c7f-a494-8746650c680c
DEMO-DEV-6617,1,DEMO-6617,Syringe Pump,dbf5de02-231e-458c-9575-ad273ed5f5b8
DEMO-DEV-6618,1,DEMO-6618,Autoclave,e19c99a4-ade8-4c7f-a494-8746650c680c
DEMO-DEV-6621,1,DEMO-6621,ECG Machine,d5382c80-abaa-4a87-b4a1-cb76fb0f264c
DEMO-DEV-6628,1,DEMO-6628,Infusion Pump,3063f084-58b4-4185-9334-5219ca4fd060
DEMO-DEV-6629,1,DEMO-6629,X-Ray System,f1bd3fb4-d29a-4a49-a73f-fcb9d140af66
DEMO-DEV-6631,1,DEMO-6631,Defibrillator,fb688ffc-1b11-4eff-98f2-9ddc42bee05d
DEMO-DEV-6635,1,DEMO-6635,Patient Monitor,d5382c80-abaa-4a87-b4a1-cb76fb0f264c
DEMO-DEV-6637,1,DEMO-6637,Patient Monitor,5221b7d8-06db-4aae-aaff-9bb16ecffd99
DEMO-DEV-6642,1,DEMO-6642,Infusion Pump,5e9a7ead-ebbc-4d90-9dfa-960b95ff7c32
DEMO-DEV-6645,1,DEMO-6645,Electrosurgical Unit,7fa95649-4f83-4422-99e3-aecc70af8737
DEMO-DEV-6646,1,DEMO-6646,Syringe Pump,3063f084-58b4-4185-9334-5219ca4fd060
DEMO-DEV-6648,1,DEMO-6648,X-Ray System,f1bd3fb4-d29a-4a49-a73f-fcb9d140af66
DEMO-DEV-6649,1,DEMO-6649,Patient Monitor,5e9a7ead-ebbc-4d90-9dfa-960b95ff7c32
DEMO-DEV-6651,1,DEMO-6651,Defibrillator,fb688ffc-1b11-4eff-98f2-9ddc42bee05d
DEMO-DEV-6655,1,DEMO-6655,Pulse Oximeter,42ee3277-2e48-431d-b386-6ea209c2fcab
DEMO-DEV-6658,1,DEMO-6658,Pulse Oximeter,d5382c80-abaa-4a87-b4a1-cb76fb0f264c
DEMO-DEV-6660,1,DEMO-6660,Pulse Oximeter,42ee3277-2e48-431d-b386-6ea209c2fcab
DEMO-DEV-6662,1,DEMO-6662,Defibrillator,fb688ffc-1b11-4eff-98f2-9ddc42bee05d
DEMO-DEV-6665,1,DEMO-6665,Infusion Pump,8e27f500-7d94-4ee5-be36-9f990b34e092
DEMO-DEV-6675,1,DEMO-6675,Syringe Pump,d5382c80-abaa-4a87-b4a1-cb76fb0f264c
DEMO-DEV-6678,1,DEMO-6678,Syringe Pump,fb688ffc-1b11-4eff-98f2-9ddc42bee05d
DEMO-DEV-6679,1,DEMO-6679,Ultrasound System,42ee3277-2e48-431d-b386-6ea209c2fcab
DEMO-DEV-6693,1,DEMO-6693,Ultrasound System,42ee3277-2e48-431d-b386-6ea209c2fcab
DEMO-DEV-6700,1,DEMO-6700,X-Ray System,fb688ffc-1b11-4eff-98f2-9ddc42bee05d
DEMO-DEV-6701,1,DEMO-6701,Ultrasound System,f1bd3fb4-d29a-4a49-a73f-fcb9d140af66
DEMO-DEV-6702,1,DEMO-6702,ECG Machine,fb688ffc-1b11-4eff-98f2-9ddc42bee05d
DEMO-DEV-6703,1,DEMO-6703,Infusion Pump,dbf5de02-231e-458c-9575-ad273ed5f5b8
DEMO-DEV-6704,1,DEMO-6704,Infusion Pump,3abaabf6-cb3c-4665-9bf7-51e15d6b83a6
DEMO-DEV-6705,1,DEMO-6705,Autoclave,7fa95649-4f83-4422-99e3-aecc70af8737
DEMO-DEV-6707,1,DEMO-6707,Electrosurgical Unit,087cb0cc-f07b-4d69-aa97-f0fb17ac6bf5
DEMO-DEV-6709,1,DEMO-6709,Anesthesia Machine,4aa84ab5-5871-45cf-84b9-0fff65358075
DEMO-DEV-6715,1,DEMO-6715,Electrosurgical Unit,087cb0cc-f07b-4d69-aa97-f0fb17ac6bf5
DEMO-DEV-6732,1,DEMO-6732,Patient Monitor,02e6a10b-282c-4bf5-a61a-547e12683222
DEMO-DEV-6733,1,DEMO-6733,Anesthesia Machine,f1bd3fb4-d29a-4a49-a73f-fcb9d140af66
DEMO-DEV-6734,1,DEMO-6734,Autoclave,087cb0cc-f07b-4d69-aa97-f0fb17ac6bf5
DEMO-DEV-6740,1,DEMO-6740,Syringe Pump,dbf5de02-231e-458c-9575-ad273ed5f5b8
DEMO-DEV-6746,1,DEMO-6746,Autoclave,087cb0cc-f07b-4d69-aa97-f0fb17ac6bf5
DEMO-DEV-6756,1,DEMO-6756,Patient Monitor,d5382c80-abaa-4a87-b4a1-cb76fb0f264c
DEMO-DEV-6761,1,DEMO-6761,Infusion Pump,8e27f500-7d94-4ee5-be36-9f990b34e092
DEMO-DEV-6762,1,DEMO-6762,Patient Monitor,02e6a10b-282c-4bf5-a61a-547e12683222
DEMO-DEV-6763,1,DEMO-6763,Ultrasound System,f1bd3fb4-d29a-4a49-a73f-fcb9d140af66
DEMO-DEV-6775,1,DEMO-6775,Pulse Oximeter,5e9a7ead-ebbc-4d90-9dfa-960b95ff7c32
DEMO-DEV-6778,1,DEMO-6778,Electrosurgical Unit,02e6a10b-282c-4bf5-a61a-547e12683222
DEMO-DEV-6783,1,DEMO-6783,Patient Monitor,3063f084-58b4-4185-9334-5219ca4fd060
DEMO-DEV-6785,1,DEMO-6785,Autoclave,e19c99a4-ade8-4c7f-a494-8746650c680c
DEMO-DEV-6790,1,DEMO-6790,Electrosurgical Unit,de1fc8ff-31ca-453a-8e05-4ef6f6344a89
DEMO-DEV-6791,1,DEMO-6791,Syringe Pump,d5382c80-abaa-4a87-b4a1-cb76fb0f264c
DEMO-DEV-6798,1,DEMO-6798,Electrosurgical Unit,087cb0cc-f07b-4d69-aa97-f0fb17ac6bf5
DEMO-DEV-6800,1,DEMO-6800,Syringe Pump,dbf5de02-231e-458c-9575-ad273ed5f5b8
DEMO-DEV-6814,1,DEMO-6814,Syringe Pump,3063f084-58b4-4185-9334-5219ca4fd060
DEMO-DEV-6824,1,DEMO-6824,Ventilator,dbf5de02-231e-458c-9575-ad273ed5f5b8
DEMO-DEV-6826,1,DEMO-6826,ECG Machine,d5382c80-abaa-4a87-b4a1-cb76fb0f264c
DEMO-DEV-6827,1,DEMO-6827,Anesthesia Machine,dbf5de02-231e-458c-9575-ad273ed5f5b8
DEMO-DEV-6832,1,DEMO-6832,Anesthesia Machine,52802a7b-96a8-41fd-8129-b93e575505fd
DEMO-DEV-6844,1,DEMO-6844,Defibrillator,fb688ffc-1b11-4eff-98f2-9ddc42bee05d
DEMO-DEV-6845,1,DEMO-6845,Autoclave,7fa95649-4f83-4422-99e3-aecc70af8737
DEMO-DEV-6852,1,DEMO-6852,ECG Machine,d5382c80-abaa-4a87-b4a1-cb76fb0f264c
DEMO-DEV-6853,1,DEMO-6853,Autoclave,e19c99a4-ade8-4c7f-a494-8746650c680c
DEMO-DEV-6854,1,DEMO-6854,Pulse Oximeter,dbf5de02-231e-458c-9575-ad273ed5f5b8
DEMO-DEV-6855,1,DEMO-6855,Autoclave,087cb0cc-f07b-4d69-aa97-f0fb17ac6bf5
DEMO-DEV-6861,1,DEMO-6861,Syringe Pump,5e9a7ead-ebbc-4d90-9dfa-960b95ff7c32
DEMO-DEV-6865,1,DEMO-6865,Ultrasound System,de1fc8ff-31ca-453a-8e05-4ef6f6344a89
DEMO-DEV-6869,1,DEMO-6869,Defibrillator,fb688ffc-1b11-4eff-98f2-9ddc42bee05d
DEMO-DEV-6870,1,DEMO-6870,Ultrasound System,42ee3277-2e48-431d-b386-6ea209c2fcab
DEMO-DEV-6872,1,DEMO-6872,Defibrillator,fb688ffc-1b11-4eff-98f2-9ddc42bee05d
DEMO-DEV-6875,1,DEMO-6875,ECG Machine,42ee3277-2e48-431d-b386-6ea209c2fcab
DEMO-DEV-6879,1,DEMO-6879,Electrosurgical Unit,8e27f500-7d94-4ee5-be36-9f990b34e092
DEMO-DEV-6881,1,DEMO-6881,Syringe Pump,d5382c80-abaa-4a87-b4a1-cb76fb0f264c
DEMO-DEV-6884,1,DEMO-6884,Ventilator,fb688ffc-1b11-4eff-98f2-9ddc42bee05d
DEMO-DEV-6886,1,DEMO-6886,Autoclave,e19c99a4-ade8-4c7f-a494-8746650c680c
DEMO-DEV-6887,1,DEMO-6887,ECG Machine,42ee3277-2e48-431d-b386-6ea209c2fcab
DEMO-DEV-6898,1,DEMO-6898,Pulse Oximeter,5e9a7ead-ebbc-4d90-9dfa-960b95ff7c32
DEMO-DEV-6899,1,DEMO-6899,Pulse Oximeter,dbf5de02-231e-458c-9575-ad273ed5f5b8
DEMO-DEV-6902,1,DEMO-6902,X-Ray System,fb688ffc-1b11-4eff-98f2-9ddc42bee05d
DEMO-DEV-6906,1,DEMO-6906,Autoclave,7fa95649-4f83-4422-99e3-aecc70af8737
DEMO-DEV-6907,1,DEMO-6907,Electrosurgical Unit,02e6a10b-282c-4bf5-a61a-547e12683222
DEMO-DEV-6908,1,DEMO-6908,Pulse Oximeter,3063f084-58b4-4185-9334-5219ca4fd060
DEMO-DEV-6912,1,DEMO-6912,ECG Machine,5e9a7ead-ebbc-4d90-9dfa-960b95ff7c32
DEMO-DEV-6915,1,DEMO-6915,Anesthesia Machine,42ee3277-2e48-431d-b386-6ea209c2fcab
DEMO-DEV-6917,1,DEMO-6917,X-Ray System,fb688ffc-1b11-4eff-98f2-9ddc42bee05d
DEMO-DEV-6919,1,DEMO-6919,Autoclave,7fa95649-4f83-4422-99e3-aecc70af8737
DEMO-DEV-6927,1,DEMO-6927,Autoclave,e19c99a4-ade8-4c7f-a494-8746650c680c
DEMO-DEV-6928,1,DEMO-6928,Infusion Pump,02e6a10b-282c-4bf5-a61a-547e12683222
DEMO-DEV-6931,1,DEMO-6931,Anesthesia Machine,087cb0cc-f07b-4d69-aa97-f0fb17ac6bf5
DEMO-DEV-6936,1,DEMO-6936,Ventilator,dbf5de02-231e-458c-9575-ad273ed5f5b8
DEMO-DEV-6937,1,DEMO-6937,Electrosurgical Unit,02e6a10b-282c-4bf5-a61a-547e12683222
DEMO-DEV-6938,1,DEMO-6938,Syringe Pump,3063f084-58b4-4185-9334-5219ca4fd060
DEMO-DEV-6942,1,DEMO-6942,Anesthesia Machine,8e27f500-7d94-4ee5-be36-9f990b34e092
DEMO-DEV-6952,1,DEMO-6952,Ventilator,dbf5de02-231e-458c-9575-ad273ed5f5b8
DEMO-DEV-6953,1,DEMO-6953,Infusion Pump,5221b7d8-06db-4aae-aaff-9bb16ecffd99
DEMO-DEV-6958,1,DEMO-6958,Pulse Oximeter,fb688ffc-1b11-4eff-98f2-9ddc42bee05d
DEMO-DEV-6967,1,DEMO-6967,Electrosurgical Unit,087cb0cc-f07b-4d69-aa97-f0fb17ac6bf5
DEMO-DEV-6970,1,DEMO-6970,Ultrasound System,42ee3277-2e48-431d-b386-6ea209c2fcab
DEMO-DEV-6977,1,DEMO-6977,ECG Machine,d5382c80-abaa-4a87-b4a1-cb76fb0f264c
DEMO-DEV-6981,1,DEMO-6981,ECG Machine,d5382c80-abaa-4a87-b4a1-cb76fb0f264c
DEMO-DEV-6984,1,DEMO-6984,Ultrasound System,42ee3277-2e48-431d-b386-6ea209c2fcab
DEMO-DEV-6986,1,DEMO-6986,Pulse Oximeter,dbf5de02-231e-458c-9575-ad273ed5f5b8
DEMO-DEV-6988,1,DEMO-6988,Pulse Oximeter,fb688ffc-1b11-4eff-98f2-9ddc42bee05d
DEMO-DEV-6989,1,DEMO-6989,Patient Monitor,5221b7d8-06db-4aae-aaff-9bb16ecffd99
DEMO-DEV-6995,1,DEMO-6995,Ultrasound System,de1fc8ff-31ca-453a-8e05-4ef6f6344a89
DEMO-DEV-6996,1,DEMO-6996,Electrosurgical Unit,053d4a00-e594-4305-ae71-a96c95a13530
DEMO-DEV-6998,1,DEMO-6998,Autoclave,7fa95649-4f83-4422-99e3-aecc70af8737
DEMO-DEV-6999,1,DEMO-6999,X-Ray System,fb688ffc-1b11-4eff-98f2-9ddc42bee05d
DEMO-DEV-7000,1,DEMO-7000,Pulse Oximeter,5e9a7ead-ebbc-4d90-9dfa-960b95ff7c32
DEMO-DEV-7001,1,DEMO-7001,Anesthesia Machine,c4906dc0-8389-4c68-bf7d-24e6b583a877
DEMO-DEV-7006,1,DEMO-7006,Ventilator,fb688ffc-1b11-4eff-98f2-9ddc42bee05d
DEMO-DEV-7011,1,DEMO-7011,Defibrillator,fb688ffc-1b11-4eff-98f2-9ddc42bee05d
DEMO-DEV-7015,1,DEMO-7015,Infusion Pump,d5382c80-abaa-4a87-b4a1-cb76fb0f264c
DEMO-DEV-7021,1,DEMO-7021,Syringe Pump,fb688ffc-1b11-4eff-98f2-9ddc42bee05d
DEMO-DEV-7025,1,DEMO-7025,Defibrillator,fb688ffc-1b11-4eff-98f2-9ddc42bee05d
DEMO-DEV-7030,1,DEMO-7030,Ultrasound System,42ee3277-2e48-431d-b386-6ea209c2fcab
DEMO-DEV-7032,1,DEMO-7032,Patient Monitor,5e9a7ead-ebbc-4d90-9dfa-960b95ff7c32
DEMO-DEV-7036,1,DEMO-7036,Autoclave,e19c99a4-ade8-4c7f-a494-8746650c680c
DEMO-DEV-7037,1,DEMO-7037,Patient Monitor,02e6a10b-282c-4bf5-a61a-547e12683222
DEMO-DEV-7039,1,DEMO-7039,Autoclave,7fa95649-4f83-4422-99e3-aecc70af8737
DEMO-DEV-7041,1,DEMO-7041,Pulse Oximeter,d5382c80-abaa-4a87-b4a1-cb76fb0f264c
DEMO-DEV-7044,1,DEMO-7044,X-Ray System,f1bd3fb4-d29a-4a49-a73f-fcb9d140af66
DEMO-DEV-7045,1,DEMO-7045,X-Ray System,fb688ffc-1b11-4eff-98f2-9ddc42bee05d
DEMO-DEV-7046,1,DEMO-7046,Infusion Pump,5e9a7ead-ebbc-4d90-9dfa-960b95ff7c32
DEMO-DEV-7048,1,DEMO-7048,Ultrasound System,de1fc8ff-31ca-453a-8e05-4ef6f6344a89
DEMO-DEV-7049,1,DEMO-7049,ECG Machine,d5382c80-abaa-4a87-b4a1-cb76fb0f264c
DEMO-DEV-7055,1,DEMO-7055,ECG Machine,5e9a7ead-ebbc-4d90-9dfa-960b95ff7c32
DEMO-DEV-7057,1,DEMO-7057,Anesthesia Machine,3063f084-58b4-4185-9334-5219ca4fd060
DEMO-DEV-7064,1,DEMO-7064,Patient Monitor,02e6a10b-282c-4bf5-a61a-547e12683222
DEMO-DEV-7065,1,DEMO-7065,Defibrillator,fb688ffc-1b11-4eff-98f2-9ddc42bee05d
DEMO-DEV-7072,1,DEMO-7072,Ultrasound System,42ee3277-2e48-431d-b386-6ea209c2fcab
DEMO-DEV-7074,1,DEMO-7074,Anesthesia Machine,fb688ffc-1b11-4eff-98f2-9ddc42bee05d
DEMO-DEV-7075,1,DEMO-7075,Patient Monitor,fb688ffc-1b11-4eff-98f2-9ddc42bee05d
DEMO-DEV-7076,1,DEMO-7076,Electrosurgical Unit,02e6a10b-282c-4bf5-a61a-547e12683222
DEMO-DEV-7080,1,DEMO-7080,Patient Monitor,5e9a7ead-ebbc-4d90-9dfa-960b95ff7c32
DEMO-DEV-7091,1,DEMO-7091,Patient Monitor,3063f084-58b4-4185-9334-5219ca4fd060
DEMO-DEV-7095,1,DEMO-7095,Ultrasound System,f1bd3fb4-d29a-4a49-a73f-fcb9d140af66
DEMO-DEV-7098,1,DEMO-7098,Patient Monitor,5221b7d8-06db-4aae-aaff-9bb16ecffd99
DEMO-DEV-7103,1,DEMO-7103,Pulse Oximeter,dbf5de02-231e-458c-9575-ad273ed5f5b8
DEMO-DEV-7104,1,DEMO-7104,Infusion Pump,fb688ffc-1b11-4eff-98f2-9ddc42bee05d
DEMO-DEV-7105,1,DEMO-7105,Ventilator,fb688ffc-1b11-4eff-98f2-9ddc42bee05d
DEMO-DEV-7106,1,DEMO-7106,Infusion Pump,8e27f500-7d94-4ee5-be36-9f990b34e092
DEMO-DEV-7107,1,DEMO-7107,ECG Machine,d5382c80-abaa-4a87-b4a1-cb76fb0f264c
DEMO-DEV-7110,1,DEMO-7110,Patient Monitor,02e6a10b-282c-4bf5-a61a-547e12683222
DEMO-DEV-7111,1,DEMO-7111,Syringe Pump,5e9a7ead-ebbc-4d90-9dfa-960b95ff7c32
DEMO-DEV-7112,1,DEMO-7112,Infusion Pump,5221b7d8-06db-4aae-aaff-9bb16ecffd99
DEMO-DEV-7117,1,DEMO-7117,Patient Monitor,3063f084-58b4-4185-9334-5219ca4fd060
DEMO-DEV-7119,1,DEMO-7119,Electrosurgical Unit,5221b7d8-06db-4aae-aaff-9bb16ecffd99
DEMO-DEV-7123,1,DEMO-7123,Pulse Oximeter,d5382c80-abaa-4a87-b4a1-cb76fb0f264c
DEMO-DEV-7125,1,DEMO-7125,Defibrillator,fb688ffc-1b11-4eff-98f2-9ddc42bee05d
DEMO-DEV-7128,1,DEMO-7128,Patient Monitor,d5382c80-abaa-4a87-b4a1-cb76fb0f264c
DEMO-DEV-7130,1,DEMO-7130,Ultrasound System,42ee3277-2e48-431d-b386-6ea209c2fcab
DEMO-DEV-7132,1,DEMO-7132,Patient Monitor,5221b7d8-06db-4aae-aaff-9bb16ecffd99
DEMO-DEV-7133,1,DEMO-7133,Anesthesia Machine,5cbbfa1e-37f3-448b-a3bd-d3f30054ca16
DEMO-DEV-7135,1,DEMO-7135,Autoclave,7fa95649-4f83-4422-99e3-aecc70af8737
DEMO-DEV-7137,1,DEMO-7137,Ventilator,fb688ffc-1b11-4eff-98f2-9ddc42bee05d
DEMO-DEV-7144,1,DEMO-7144,Ventilator,fb688ffc-1b11-4eff-98f2-9ddc42bee05d
DEMO-DEV-7145,1,DEMO-7145,Ultrasound System,f1bd3fb4-d29a-4a49-a73f-fcb9d140af66
DEMO-DEV-7150,1,DEMO-7150,Patient Monitor,d5382c80-abaa-4a87-b4a1-cb76fb0f264c
DEMO-DEV-7152,1,DEMO-7152,Pulse Oximeter,3063f084-58b4-4185-9334-5219ca4fd060
DEMO-DEV-7153,1,DEMO-7153,X-Ray System,f1bd3fb4-d29a-4a49-a73f-fcb9d140af66
DEMO-DEV-7160,1,DEMO-7160,X-Ray System,f1bd3fb4-d29a-4a49-a73f-fcb9d140af66
DEMO-DEV-7164,1,DEMO-7164,Defibrillator,fb688ffc-1b11-4eff-98f2-9ddc42bee05d
DEMO-DEV-7166,1,DEMO-7166,Defibrillator,fb688ffc-1b11-4eff-98f2-9ddc42bee05d
DEMO-DEV-7167,1,DEMO-7167,Syringe Pump,5e9a7ead-ebbc-4d90-9dfa-960b95ff7c32
DEMO-DEV-7174,1,DEMO-7174,Defibrillator,fb688ffc-1b11-4eff-98f2-9ddc42bee05d
DEMO-DEV-7176,1,DEMO-7176,Syringe Pump,5e9a7ead-ebbc-4d90-9dfa-960b95ff7c32
DEMO-DEV-7179,1,DEMO-7179,Electrosurgical Unit,de1fc8ff-31ca-453a-8e05-4ef6f6344a89
DEMO-DEV-7180,1,DEMO-7180,Ultrasound System,f1bd3fb4-d29a-4a49-a73f-fcb9d140af66
DEMO-DEV-7181,1,DEMO-7181,Ultrasound System,de1fc8ff-31ca-453a-8e05-4ef6f6344a89
DEMO-DEV-7184,1,DEMO-7184,Electrosurgical Unit,02e6a10b-282c-4bf5-a61a-547e12683222
DEMO-DEV-7185,1,DEMO-7185,Syringe Pump,fb688ffc-1b11-4eff-98f2-9ddc42bee05d
DEMO-DEV-7186,1,DEMO-7186,Pulse Oximeter,dbf5de02-231e-458c-9575-ad273ed5f5b8
DEMO-DEV-7189,1,DEMO-7189,Ventilator,fb688ffc-1b11-4eff-98f2-9ddc42bee05d
DEMO-DEV-7191,1,DEMO-7191,X-Ray System,fb688ffc-1b11-4eff-98f2-9ddc42bee05d
DEMO-DEV-7195,1,DEMO-7195,Syringe Pump,fb688ffc-1b11-4eff-98f2-9ddc42bee05d
DEMO-DEV-7198,1,DEMO-7198,Ventilator,dbf5de02-231e-458c-9575-ad273ed5f5b8
DEMO-DEV-7200,1,DEMO-7200,Autoclave,087cb0cc-f07b-4d69-aa97-f0fb17ac6bf5
DEMO-DEV-7201,1,DEMO-7201,Defibrillator,fb688ffc-1b11-4eff-98f2-9ddc42bee05d
DEMO-DEV-7211,1,DEMO-7211,Autoclave,e19c99a4-ade8-4c7f-a494-8746650c680c
DEMO-DEV-7216,1,DEMO-7216,Electrosurgical Unit,de1fc8ff-31ca-453a-8e05-4ef6f6344a89
DEMO-DEV-7217,1,DEMO-7217,Ultrasound System,42ee3277-2e48-431d-b386-6ea209c2fcab
DEMO-DEV-7219,1,DEMO-7219,Patient Monitor,3063f084-58b4-4185-9334-5219ca4fd060
DEMO-DEV-7224,1,DEMO-7224,Ventilator,dbf5de02-231e-458c-9575-ad273ed5f5b8
DEMO-DEV-7228,1,DEMO-7228,Anesthesia Machine,42ee3277-2e48-431d-b386-6ea209c2fcab
DEMO-DEV-7229,1,DEMO-7229,Anesthesia Machine,cfeb1a0b-e69b-4ef5-b5ef-3431f0ad201c
DEMO-DEV-7231,1,DEMO-7231,Pulse Oximeter,3063f084-58b4-4185-9334-5219ca4fd060
DEMO-DEV-7233,1,DEMO-7233,Patient Monitor,5e9a7ead-ebbc-4d90-9dfa-960b95ff7c32
DEMO-DEV-7234,1,DEMO-7234,X-Ray System,fb688ffc-1b11-4eff-98f2-9ddc42bee05d
DEMO-DEV-7242,1,DEMO-7242,X-Ray System,f1bd3fb4-d29a-4a49-a73f-fcb9d140af66
DEMO-DEV-7244,1,DEMO-7244,ECG Machine,d5382c80-abaa-4a87-b4a1-cb76fb0f264c
DEMO-DEV-7247,1,DEMO-7247,Defibrillator,fb688ffc-1b11-4eff-98f2-9ddc42bee05d
DEMO-DEV-7251,1,DEMO-7251,Syringe Pump,d5382c80-abaa-4a87-b4a1-cb76fb0f264c
DEMO-DEV-7252,1,DEMO-7252,Infusion Pump,8e27f500-7d94-4ee5-be36-9f990b34e092
DEMO-DEV-7254,1,DEMO-7254,Syringe Pump,3063f084-58b4-4185-9334-5219ca4fd060
DEMO-DEV-7257,1,DEMO-7257,Electrosurgical Unit,7fa95649-4f83-4422-99e3-aecc70af8737
DEMO-DEV-7263,1,DEMO-7263,Ventilator,dbf5de02-231e-458c-9575-ad273ed5f5b8
DEMO-DEV-7266,1,DEMO-7266,Ventilator,fb688ffc-1b11-4eff-98f2-9ddc42bee05d
DEMO-DEV-7271,1,DEMO-7271,Ultrasound System,42ee3277-2e48-431d-b386-6ea209c2fcab
DEMO-DEV-7272,1,DEMO-7272,Infusion Pump,8e27f500-7d94-4ee5-be36-9f990b34e092
DEMO-DEV-7276,1,DEMO-7276,Autoclave,087cb0cc-f07b-4d69-aa97-f0fb17ac6bf5
DEMO-DEV-7277,1,DEMO-7277,ECG Machine,d5382c80-abaa-4a87-b4a1-cb76fb0f264c
DEMO-DEV-7281,1,DEMO-7281,Defibrillator,fb688ffc-1b11-4eff-98f2-9ddc42bee05d
DEMO-DEV-7282,1,DEMO-7282,Syringe Pump,5e9a7ead-ebbc-4d90-9dfa-960b95ff7c32
DEMO-DEV-7285,1,DEMO-7285,Pulse Oximeter,5e9a7ead-ebbc-4d90-9dfa-960b95ff7c32
DEMO-DEV-7291,1,DEMO-7291,Ultrasound System,de1fc8ff-31ca-453a-8e05-4ef6f6344a89
DEMO-DEV-7292,1,DEMO-7292,X-Ray System,f1bd3fb4-d29a-4a49-a73f-fcb9d140af66
DEMO-DEV-7294,1,DEMO-7294,Electrosurgical Unit,de1fc8ff-31ca-453a-8e05-4ef6f6344a89
DEMO-DEV-7295,1,DEMO-7295,ECG Machine,5e9a7ead-ebbc-4d90-9dfa-960b95ff7c32
DEMO-DEV-7299,1,DEMO-7299,Autoclave,087cb0cc-f07b-4d69-aa97-f0fb17ac6bf5
DEMO-DEV-7303,1,DEMO-7303,Pulse Oximeter,fb688ffc-1b11-4eff-98f2-9ddc42bee05d
DEMO-DEV-7304,1,DEMO-7304,Electrosurgical Unit,8e27f500-7d94-4ee5-be36-9f990b34e092
DEMO-DEV-7307,1,DEMO-7307,Ultrasound System,42ee3277-2e48-431d-b386-6ea209c2fcab
DEMO-DEV-7315,1,DEMO-7315,Ventilator,fb688ffc-1b11-4eff-98f2-9ddc42bee05d
DEMO-DEV-7316,1,DEMO-7316,Anesthesia Machine,42ee3277-2e48-431d-b386-6ea209c2fcab
DEMO-DEV-7317,1,DEMO-7317,Autoclave,7fa95649-4f83-4422-99e3-aecc70af8737
DEMO-DEV-7319,1,DEMO-7319,Defibrillator,fb688ffc-1b11-4eff-98f2-9ddc42bee05d
DEMO-DEV-7321,1,DEMO-7321,Anesthesia Machine,5cbbfa1e-37f3-448b-a3bd-d3f30054ca16
DEMO-DEV-7327,1,DEMO-7327,Infusion Pump,dbf5de02-231e-458c-9575-ad273ed5f5b8
DEMO-DEV-7329,1,DEMO-7329,Electrosurgical Unit,087cb0cc-f07b-4d69-aa97-f0fb17ac6bf5
DEMO-DEV-7336,1,DEMO-7336,Ventilator,dbf5de02-231e-458c-9575-ad273ed5f5b8
DEMO-DEV-7339,1,DEMO-7339,Anesthesia Machine,3063f084-58b4-4185-9334-5219ca4fd060
DEMO-DEV-7340,1,DEMO-7340,Anesthesia Machine,38a452c4-a457-49c8-b4e7-5a9dfefbf45a
DEMO-DEV-7342,1,DEMO-7342,Autoclave,087cb0cc-f07b-4d69-aa97-f0fb17ac6bf5
DEMO-DEV-7349,1,DEMO-7349,Infusion Pump,5e9a7ead-ebbc-4d90-9dfa-960b95ff7c32
DEMO-DEV-7350,1,DEMO-7350,Ultrasound System,de1fc8ff-31ca-453a-8e05-4ef6f6344a89
DEMO-DEV-7351,1,DEMO-7351,Autoclave,087cb0cc-f07b-4d69-aa97-f0fb17ac6bf5
DEMO-DEV-7353,1,DEMO-7353,X-Ray System,f1bd3fb4-d29a-4a49-a73f-fcb9d140af66
DEMO-DEV-7355,1,DEMO-7355,Anesthesia Machine,42ee3277-2e48-431d-b386-6ea209c2fcab
DEMO-DEV-7356,1,DEMO-7356,Autoclave,e19c99a4-ade8-4c7f-a494-8746650c680c
DEMO-DEV-7358,1,DEMO-7358,Syringe Pump,5e9a7ead-ebbc-4d90-9dfa-960b95ff7c32
DEMO-DEV-7362,1,DEMO-7362,Electrosurgical Unit,02e6a10b-282c-4bf5-a61a-547e12683222
DEMO-DEV-7363,1,DEMO-7363,Ventilator,fb688ffc-1b11-4eff-98f2-9ddc42bee05d
DEMO-DEV-7364,1,DEMO-7364,Anesthesia Machine,8ccc225a-74c4-4260-86d3-0ca2b2f49602
DEMO-DEV-7368,1,DEMO-7368,Defibrillator,fb688ffc-1b11-4eff-98f2-9ddc42bee05d
DEMO-DEV-7369,1,DEMO-7369,Pulse Oximeter,dbf5de02-231e-458c-9575-ad273ed5f5b8
DEMO-DEV-7370,1,DEMO-7370,Autoclave,e19c99a4-ade8-4c7f-a494-8746650c680c
DEMO-DEV-7373,1,DEMO-7373,Syringe Pump,dbf5de02-231e-458c-9575-ad273ed5f5b8
DEMO-DEV-7380,1,DEMO-7380,Pulse Oximeter,d5382c80-abaa-4a87-b4a1-cb76fb0f264c
DEMO-DEV-7383,1,DEMO-7383,Defibrillator,fb688ffc-1b11-4eff-98f2-9ddc42bee05d
DEMO-DEV-7386,1,DEMO-7386,Ventilator,dbf5de02-231e-458c-9575-ad273ed5f5b8
DEMO-DEV-7388,1,DEMO-7388,Autoclave,7fa95649-4f83-4422-99e3-aecc70af8737
DEMO-DEV-7396,1,DEMO-7396,ECG Machine,d5382c80-abaa-4a87-b4a1-cb76fb0f264c
DEMO-DEV-7401,1,DEMO-7401,Defibrillator,fb688ffc-1b11-4eff-98f2-9ddc42bee05d
DEMO-DEV-7404,1,DEMO-7404,Anesthesia Machine,5221b7d8-06db-4aae-aaff-9bb16ecffd99
DEMO-DEV-7405,1,DEMO-7405,Autoclave,e19c99a4-ade8-4c7f-a494-8746650c680c
DEMO-DEV-7407,1,DEMO-7407,Anesthesia Machine,5efa96ef-94e4-475f-ab85-574e4e8366bd
DEMO-DEV-7409,1,DEMO-7409,Patient Monitor,5221b7d8-06db-4aae-aaff-9bb16ecffd99
DEMO-DEV-7410,1,DEMO-7410,Anesthesia Machine,e19c99a4-ade8-4c7f-a494-8746650c680c
DEMO-DEV-7412,1,DEMO-7412,Syringe Pump,fb688ffc-1b11-4eff-98f2-9ddc42bee05d
DEMO-DEV-7415,1,DEMO-7415,Syringe Pump,5e9a7ead-ebbc-4d90-9dfa-960b95ff7c32
DEMO-DEV-7419,1,DEMO-7419,Ventilator,dbf5de02-231e-458c-9575-ad273ed5f5b8
DEMO-DEV-7421,1,DEMO-7421,Ultrasound System,f1bd3fb4-d29a-4a49-a73f-fcb9d140af66
DEMO-DEV-7424,1,DEMO-7424,Syringe Pump,3abaabf6-cb3c-4665-9bf7-51e15d6b83a6
DEMO-DEV-7427,1,DEMO-7427,Infusion Pump,d5382c80-abaa-4a87-b4a1-cb76fb0f264c
DEMO-DEV-7435,1,DEMO-7435,Pulse Oximeter,dbf5de02-231e-458c-9575-ad273ed5f5b8
DEMO-DEV-7437,1,DEMO-7437,Anesthesia Machine,f75d2bae-4cbf-4736-ae9b-4da7cbd1dada
DEMO-DEV-7439,1,DEMO-7439,Ultrasound System,42ee3277-2e48-431d-b386-6ea209c2fcab
DEMO-DEV-7443,1,DEMO-7443,Infusion Pump,02e6a10b-282c-4bf5-a61a-547e12683222
DEMO-DEV-7445,1,DEMO-7445,ECG Machine,3063f084-58b4-4185-9334-5219ca4fd060
DEMO-DEV-7447,1,DEMO-7447,Pulse Oximeter,d5382c80-abaa-4a87-b4a1-cb76fb0f264c
DEMO-DEV-7448,1,DEMO-7448,Defibrillator,fb688ffc-1b11-4eff-98f2-9ddc42bee05d
DEMO-DEV-7450,1,DEMO-7450,Autoclave,7fa95649-4f83-4422-99e3-aecc70af8737
DEMO-DEV-7453,1,DEMO-7453,X-Ray System,fb688ffc-1b11-4eff-98f2-9ddc42bee05d
DEMO-DEV-7454,1,DEMO-7454,Ultrasound System,de1fc8ff-31ca-453a-8e05-4ef6f6344a89
DEMO-DEV-7459,1,DEMO-7459,Syringe Pump,5e9a7ead-ebbc-4d90-9dfa-960b95ff7c32
DEMO-DEV-7461,1,DEMO-7461,Electrosurgical Unit,7fa95649-4f83-4422-99e3-aecc70af8737
DEMO-DEV-7462,1,DEMO-7462,ECG Machine,42ee3277-2e48-431d-b386-6ea209c2fcab
DEMO-DEV-7463,1,DEMO-7463,Electrosurgical Unit,087cb0cc-f07b-4d69-aa97-f0fb17ac6bf5
DEMO-DEV-7466,1,DEMO-7466,Ventilator,dbf5de02-231e-458c-9575-ad273ed5f5b8
DEMO-DEV-7475,1,DEMO-7475,Electrosurgical Unit,de1fc8ff-31ca-453a-8e05-4ef6f6344a89
DEMO-DEV-7476,1,DEMO-7476,Electrosurgical Unit,8e27f500-7d94-4ee5-be36-9f990b34e092
DEMO-DEV-7483,1,DEMO-7483,Autoclave,7fa95649-4f83-4422-99e3-aecc70af8737
DEMO-DEV-7491,1,DEMO-7491,Electrosurgical Unit,5221b7d8-06db-4aae-aaff-9bb16ecffd99
DEMO-DEV-7492,1,DEMO-7492,X-Ray System,fb688ffc-1b11-4eff-98f2-9ddc42bee05d
DEMO-DEV-7494,1,DEMO-7494,Electrosurgical Unit,087cb0cc-f07b-4d69-aa97-f0fb17ac6bf5
DEMO-DEV-7496,1,DEMO-7496,Electrosurgical Unit,5221b7d8-06db-4aae-aaff-9bb16ecffd99
DEMO-DEV-7503,1,DEMO-7503,Ultrasound System,42ee3277-2e48-431d-b386-6ea209c2fcab
DEMO-DEV-7505,1,DEMO-7505,Syringe Pump,3abaabf6-cb3c-4665-9bf7-51e15d6b83a6
DEMO-DEV-7506,1,DEMO-7506,Patient Monitor,fb688ffc-1b11-4eff-98f2-9ddc42bee05d
DEMO-DEV-7507,1,DEMO-7507,Defibrillator,fb688ffc-1b11-4eff-98f2-9ddc42bee05d
DEMO-DEV-7508,1,DEMO-7508,X-Ray System,fb688ffc-1b11-4eff-98f2-9ddc42bee05d
DEMO-DEV-7509,1,DEMO-7509,Ventilator,fb688ffc-1b11-4eff-98f2-9ddc42bee05d
DEMO-DEV-7513,1,DEMO-7513,Syringe Pump,5e9a7ead-ebbc-4d90-9dfa-960b95ff7c32
DEMO-DEV-7518,1,DEMO-7518,Autoclave,087cb0cc-f07b-4d69-aa97-f0fb17ac6bf5
DEMO-DEV-7519,1,DEMO-7519,Ultrasound System,de1fc8ff-31ca-453a-8e05-4ef6f6344a89
DEMO-DEV-7521,1,DEMO-7521,Electrosurgical Unit,7fa95649-4f83-4422-99e3-aecc70af8737
DEMO-DEV-7522,1,DEMO-7522,Anesthesia Machine,5efa96ef-94e4-475f-ab85-574e4e8366bd
DEMO-DEV-7523,1,DEMO-7523,Ventilator,dbf5de02-231e-458c-9575-ad273ed5f5b8
DEMO-DEV-7529,1,DEMO-7529,Patient Monitor,02e6a10b-282c-4bf5-a61a-547e12683222
DEMO-DEV-7534,1,DEMO-7534,Ventilator,dbf5de02-231e-458c-9575-ad273ed5f5b8
DEMO-DEV-7540,1,DEMO-7540,Ultrasound System,f1bd3fb4-d29a-4a49-a73f-fcb9d140af66
DEMO-DEV-7541,1,DEMO-7541,Patient Monitor,fb688ffc-1b11-4eff-98f2-9ddc42bee05d
DEMO-DEV-7545,1,DEMO-7545,ECG Machine,d5382c80-abaa-4a87-b4a1-cb76fb0f264c
DEMO-DEV-7547,1,DEMO-7547,Patient Monitor,5e9a7ead-ebbc-4d90-9dfa-960b95ff7c32
DEMO-DEV-7548,1,DEMO-7548,Anesthesia Machine,3063f084-58b4-4185-9334-5219ca4fd060
DEMO-DEV-7554,1,DEMO-7554,X-Ray System,f1bd3fb4-d29a-4a49-a73f-fcb9d140af66
DEMO-DEV-7561,1,DEMO-7561,Pulse Oximeter,42ee3277-2e48-431d-b386-6ea209c2fcab
DEMO-DEV-7566,1,DEMO-7566,Infusion Pump,3063f084-58b4-4185-9334-5219ca4fd060
DEMO-DEV-7571,1,DEMO-7571,Ventilator,fb688ffc-1b11-4eff-98f2-9ddc42bee05d
DEMO-DEV-7574,1,DEMO-7574,Pulse Oximeter,dbf5de02-231e-458c-9575-ad273ed5f5b8
DEMO-DEV-7575,1,DEMO-7575,Syringe Pump,3063f084-58b4-4185-9334-5219ca4fd060
DEMO-DEV-7576,1,DEMO-7576,Syringe Pump,3063f084-58b4-4185-9334-5219ca4fd060
DEMO-DEV-7579,1,DEMO-7579,Pulse Oximeter,42ee3277-2e48-431d-b386-6ea209c2fcab
DEMO-DEV-7589,1,DEMO-7589,X-Ray System,f1bd3fb4-d29a-4a49-a73f-fcb9d140af66
DEMO-DEV-7592,1,DEMO-7592,Ventilator,fb688ffc-1b11-4eff-98f2-9ddc42bee05d
DEMO-DEV-7596,1,DEMO-7596,ECG Machine,fb688ffc-1b11-4eff-98f2-9ddc42bee05d
DEMO-DEV-7597,1,DEMO-7597,Anesthesia Machine,35abc5ec-fbe4-40a6-8752-2cba3fb328ba
DEMO-DEV-7602,1,DEMO-7602,Syringe Pump,d5382c80-abaa-4a87-b4a1-cb76fb0f264c
DEMO-DEV-7605,1,DEMO-7605,Infusion Pump,8e27f500-7d94-4ee5-be36-9f990b34e092
DEMO-DEV-7613,1,DEMO-7613,Electrosurgical Unit,8e27f500-7d94-4ee5-be36-9f990b34e092
DEMO-DEV-7615,1,DEMO-7615,Pulse Oximeter,dbf5de02-231e-458c-9575-ad273ed5f5b8
DEMO-DEV-7619,1,DEMO-7619,Defibrillator,fb688ffc-1b11-4eff-98f2-9ddc42bee05d
DEMO-DEV-7628,1,DEMO-7628,Autoclave,7fa95649-4f83-4422-99e3-aecc70af8737
DEMO-DEV-7629,1,DEMO-7629,Pulse Oximeter,42ee3277-2e48-431d-b386-6ea209c2fcab
DEMO-DEV-7638,1,DEMO-7638,Infusion Pump,fb688ffc-1b11-4eff-98f2-9ddc42bee05d
DEMO-DEV-7639,1,DEMO-7639,Autoclave,7fa95649-4f83-4422-99e3-aecc70af8737
DEMO-DEV-7640,1,DEMO-7640,ECG Machine,3063f084-58b4-4185-9334-5219ca4fd060
DEMO-DEV-7641,1,DEMO-7641,Defibrillator,fb688ffc-1b11-4eff-98f2-9ddc42bee05d
DEMO-DEV-7647,1,DEMO-7647,Autoclave,7fa95649-4f83-4422-99e3-aecc70af8737
DEMO-DEV-7654,1,DEMO-7654,Syringe Pump,5e9a7ead-ebbc-4d90-9dfa-960b95ff7c32
DEMO-DEV-7656,1,DEMO-7656,Syringe Pump,3063f084-58b4-4185-9334-5219ca4fd060
DEMO-DEV-7659,1,DEMO-7659,X-Ray System,f1bd3fb4-d29a-4a49-a73f-fcb9d140af66
DEMO-DEV-7660,1,DEMO-7660,Ventilator,dbf5de02-231e-458c-9575-ad273ed5f5b8
DEMO-DEV-7661,1,DEMO-7661,Anesthesia Machine,35abc5ec-fbe4-40a6-8752-2cba3fb328ba
DEMO-DEV-7665,1,DEMO-7665,Autoclave,7fa95649-4f83-4422-99e3-aecc70af8737
DEMO-DEV-7671,1,DEMO-7671,Defibrillator,fb688ffc-1b11-4eff-98f2-9ddc42bee05d
DEMO-DEV-7672,1,DEMO-7672,Ventilator,fb688ffc-1b11-4eff-98f2-9ddc42bee05d
DEMO-DEV-7673,1,DEMO-7673,Ultrasound System,de1fc8ff-31ca-453a-8e05-4ef6f6344a89
DEMO-DEV-7674,1,DEMO-7674,Patient Monitor,02e6a10b-282c-4bf5-a61a-547e12683222
DEMO-DEV-7682,1,DEMO-7682,Pulse Oximeter,3063f084-58b4-4185-9334-5219ca4fd060
DEMO-DEV-7700,1,DEMO-7700,Autoclave,087cb0cc-f07b-4d69-aa97-f0fb17ac6bf5
DEMO-DEV-7703,1,DEMO-7703,ECG Machine,42ee3277-2e48-431d-b386-6ea209c2fcab
DEMO-DEV-7713,1,DEMO-7713,Defibrillator,fb688ffc-1b11-4eff-98f2-9ddc42bee05d
DEMO-DEV-7714,1,DEMO-7714,ECG Machine,3063f084-58b4-4185-9334-5219ca4fd060
DEMO-DEV-7715,1,DEMO-7715,Syringe Pump,d5382c80-abaa-4a87-b4a1-cb76fb0f264c
DEMO-DEV-7717,1,DEMO-7717,ECG Machine,5e9a7ead-ebbc-4d90-9dfa-960b95ff7c32
DEMO-DEV-7719,1,DEMO-7719,ECG Machine,3063f084-58b4-4185-9334-5219ca4fd060
DEMO-DEV-7720,1,DEMO-7720,Defibrillator,fb688ffc-1b11-4eff-98f2-9ddc42bee05d
DEMO-DEV-7723,1,DEMO-7723,Ventilator,dbf5de02-231e-458c-9575-ad273ed5f5b8
DEMO-DEV-7724,1,DEMO-7724,Anesthesia Machine,dbf5de02-231e-458c-9575-ad273ed5f5b8
DEMO-DEV-7725,1,DEMO-7725,ECG Machine,3063f084-58b4-4185-9334-5219ca4fd060
DEMO-DEV-7729,1,DEMO-7729,Autoclave,087cb0cc-f07b-4d69-aa97-f0fb17ac6bf5
DEMO-DEV-7733,1,DEMO-7733,Ventilator,dbf5de02-231e-458c-9575-ad273ed5f5b8
DEMO-DEV-7735,1,DEMO-7735,Pulse Oximeter,d5382c80-abaa-4a87-b4a1-cb76fb0f264c
DEMO-DEV-7736,1,DEMO-7736,Infusion Pump,3abaabf6-cb3c-4665-9bf7-51e15d6b83a6
DEMO-DEV-7738,1,DEMO-7738,Ultrasound System,42ee3277-2e48-431d-b386-6ea209c2fcab
DEMO-DEV-7739,1,DEMO-7739,Autoclave,087cb0cc-f07b-4d69-aa97-f0fb17ac6bf5
DEMO-DEV-7744,1,DEMO-7744,Ultrasound System,de1fc8ff-31ca-453a-8e05-4ef6f6344a89
DEMO-DEV-7746,1,DEMO-7746,Electrosurgical Unit,5221b7d8-06db-4aae-aaff-9bb16ecffd99
DEMO-DEV-7749,1,DEMO-7749,Autoclave,7fa95649-4f83-4422-99e3-aecc70af8737
DEMO-DEV-7766,1,DEMO-7766,Patient Monitor,5e9a7ead-ebbc-4d90-9dfa-960b95ff7c32
DEMO-DEV-7767,1,DEMO-7767,Anesthesia Machine,4aa84ab5-5871-45cf-84b9-0fff65358075
DEMO-DEV-7773,1,DEMO-7773,Pulse Oximeter,42ee3277-2e48-431d-b386-6ea209c2fcab
DEMO-DEV-7784,1,DEMO-7784,Ultrasound System,f1bd3fb4-d29a-4a49-a73f-fcb9d140af66
DEMO-DEV-7785,1,DEMO-7785,Pulse Oximeter,42ee3277-2e48-431d-b386-6ea209c2fcab
DEMO-DEV-7792,1,DEMO-7792,Syringe Pump,5e9a7ead-ebbc-4d90-9dfa-960b95ff7c32
DEMO-DEV-7794,1,DEMO-7794,Anesthesia Machine,8e27f500-7d94-4ee5-be36-9f990b34e092
DEMO-DEV-7799,1,DEMO-7799,Ultrasound System,de1fc8ff-31ca-453a-8e05-4ef6f6344a89
DEMO-DEV-7801,1,DEMO-7801,ECG Machine,fb688ffc-1b11-4eff-98f2-9ddc42bee05d
DEMO-DEV-7808,1,DEMO-7808,Syringe Pump,3abaabf6-cb3c-4665-9bf7-51e15d6b83a6
DEMO-DEV-7813,1,DEMO-7813,X-Ray System,f1bd3fb4-d29a-4a49-a73f-fcb9d140af66
DEMO-DEV-7817,1,DEMO-7817,Ventilator,fb688ffc-1b11-4eff-98f2-9ddc42bee05d
DEMO-DEV-7823,1,DEMO-7823,Ultrasound System,f1bd3fb4-d29a-4a49-a73f-fcb9d140af66
DEMO-DEV-7824,1,DEMO-7824,Defibrillator,fb688ffc-1b11-4eff-98f2-9ddc42bee05d
DEMO-DEV-7835,1,DEMO-7835,Syringe Pump,d5382c80-abaa-4a87-b4a1-cb76fb0f264c
DEMO-DEV-7836,1,DEMO-7836,Syringe Pump,fb688ffc-1b11-4eff-98f2-9ddc42bee05d
DEMO-DEV-7837,1,DEMO-7837,X-Ray System,f1bd3fb4-d29a-4a49-a73f-fcb9d140af66
DEMO-DEV-7838,1,DEMO-7838,Infusion Pump,3abaabf6-cb3c-4665-9bf7-51e15d6b83a6
DEMO-DEV-7844,1,DEMO-7844,Ventilator,dbf5de02-231e-458c-9575-ad273ed5f5b8
DEMO-DEV-7845,1,DEMO-7845,Ultrasound System,f1bd3fb4-d29a-4a49-a73f-fcb9d140af66
DEMO-DEV-7848,1,DEMO-7848,Syringe Pump,fb688ffc-1b11-4eff-98f2-9ddc42bee05d
DEMO-DEV-7853,1,DEMO-7853,Infusion Pump,3abaabf6-cb3c-4665-9bf7-51e15d6b83a6
DEMO-DEV-7855,1,DEMO-7855,X-Ray System,f1bd3fb4-d29a-4a49-a73f-fcb9d140af66
DEMO-DEV-7860,1,DEMO-7860,Anesthesia Machine,5e9a7ead-ebbc-4d90-9dfa-960b95ff7c32
DEMO-DEV-7863,1,DEMO-7863,Anesthesia Machine,8e27f500-7d94-4ee5-be36-9f990b34e092
DEMO-DEV-7867,1,DEMO-7867,ECG Machine,42ee3277-2e48-431d-b386-6ea209c2fcab
DEMO-DEV-7880,1,DEMO-7880,Defibrillator,fb688ffc-1b11-4eff-98f2-9ddc42bee05d
DEMO-DEV-7881,1,DEMO-7881,Defibrillator,fb688ffc-1b11-4eff-98f2-9ddc42bee05d
DEMO-DEV-7882,1,DEMO-7882,Patient Monitor,5e9a7ead-ebbc-4d90-9dfa-960b95ff7c32
DEMO-DEV-7889,1,DEMO-7889,Syringe Pump,5e9a7ead-ebbc-4d90-9dfa-960b95ff7c32
DEMO-DEV-7890,1,DEMO-7890,Anesthesia Machine,fb688ffc-1b11-4eff-98f2-9ddc42bee05d
DEMO-DEV-7891,1,DEMO-7891,Ventilator,dbf5de02-231e-458c-9575-ad273ed5f5b8
DEMO-DEV-7899,1,DEMO-7899,Ultrasound System,42ee3277-2e48-431d-b386-6ea209c2fcab
DEMO-DEV-7902,1,DEMO-7902,Defibrillator,fb688ffc-1b11-4eff-98f2-9ddc42bee05d
DEMO-DEV-7904,1,DEMO-7904,ECG Machine,5e9a7ead-ebbc-4d90-9dfa-960b95ff7c32
DEMO-DEV-7905,1,DEMO-7905,Pulse Oximeter,3063f084-58b4-4185-9334-5219ca4fd060
DEMO-DEV-7906,1,DEMO-7906,Ultrasound System,de1fc8ff-31ca-453a-8e05-4ef6f6344a89
DEMO-DEV-7909,1,DEMO-7909,Pulse Oximeter,42ee3277-2e48-431d-b386-6ea209c2fcab
DEMO-DEV-7913,1,DEMO-7913,ECG Machine,5e9a7ead-ebbc-4d90-9dfa-960b95ff7c32
DEMO-DEV-7914,1,DEMO-7914,Infusion Pump,5221b7d8-06db-4aae-aaff-9bb16ecffd99
DEMO-DEV-7915,1,DEMO-7915,Syringe Pump,3063f084-58b4-4185-9334-5219ca4fd060
DEMO-DEV-7917,1,DEMO-7917,ECG Machine,5e9a7ead-ebbc-4d90-9dfa-960b95ff7c32
DEMO-DEV-7918,1,DEMO-7918,Defibrillator,fb688ffc-1b11-4eff-98f2-9ddc42bee05d
DEMO-DEV-7921,1,DEMO-7921,Defibrillator,fb688ffc-1b11-4eff-98f2-9ddc42bee05d
DEMO-DEV-7922,1,DEMO-7922,Syringe Pump,3abaabf6-cb3c-4665-9bf7-51e15d6b83a6
DEMO-DEV-7924,1,DEMO-7924,ECG Machine,fb688ffc-1b11-4eff-98f2-9ddc42bee05d
DEMO-DEV-7929,1,DEMO-7929,Anesthesia Machine,3063f084-58b4-4185-9334-5219ca4fd060
DEMO-DEV-7933,1,DEMO-7933,Infusion Pump,3063f084-58b4-4185-9334-5219ca4fd060
DEMO-DEV-7934,1,DEMO-7934,Ultrasound System,f1bd3fb4-d29a-4a49-a73f-fcb9d140af66
DEMO-DEV-7935,1,DEMO-7935,Patient Monitor,fb688ffc-1b11-4eff-98f2-9ddc42bee05d
DEMO-DEV-7938,1,DEMO-7938,Ultrasound System,de1fc8ff-31ca-453a-8e05-4ef6f6344a89
DEMO-DEV-7940,1,DEMO-7940,Autoclave,7fa95649-4f83-4422-99e3-aecc70af8737
DEMO-DEV-7942,1,DEMO-7942,Patient Monitor,fb688ffc-1b11-4eff-98f2-9ddc42bee05d
DEMO-DEV-7943,1,DEMO-7943,Ventilator,fb688ffc-1b11-4eff-98f2-9ddc42bee05d
DEMO-DEV-7945,1,DEMO-7945,Autoclave,7fa95649-4f83-4422-99e3-aecc70af8737
DEMO-DEV-7947,1,DEMO-7947,ECG Machine,3063f084-58b4-4185-9334-5219ca4fd060
DEMO-DEV-7958,1,DEMO-7958,Syringe Pump,fb688ffc-1b11-4eff-98f2-9ddc42bee05d
DEMO-DEV-7962,1,DEMO-7962,Pulse Oximeter,fb688ffc-1b11-4eff-98f2-9ddc42bee05d
DEMO-DEV-7965,1,DEMO-7965,Infusion Pump,fb688ffc-1b11-4eff-98f2-9ddc42bee05d
DEMO-DEV-7968,1,DEMO-7968,Patient Monitor,3063f084-58b4-4185-9334-5219ca4fd060
DEMO-DEV-7971,1,DEMO-7971,Electrosurgical Unit,087cb0cc-f07b-4d69-aa97-f0fb17ac6bf5
DEMO-DEV-7972,1,DEMO-7972,Pulse Oximeter,fb688ffc-1b11-4eff-98f2-9ddc42bee05d
DEMO-DEV-7974,1,DEMO-7974,Syringe Pump,5e9a7ead-ebbc-4d90-9dfa-960b95ff7c32
DEMO-DEV-7976,1,DEMO-7976,Infusion Pump,5221b7d8-06db-4aae-aaff-9bb16ecffd99
DEMO-DEV-7977,1,DEMO-7977,Infusion Pump,fb688ffc-1b11-4eff-98f2-9ddc42bee05d
DEMO-DEV-7978,1,DEMO-7978,Electrosurgical Unit,7fa95649-4f83-4422-99e3-aecc70af8737
DEMO-DEV-7984,1,DEMO-7984,ECG Machine,5e9a7ead-ebbc-4d90-9dfa-960b95ff7c32
DEMO-DEV-7988,1,DEMO-7988,Pulse Oximeter,3063f084-58b4-4185-9334-5219ca4fd060
DEMO-DEV-7989,1,DEMO-7989,Anesthesia Machine,5e9a7ead-ebbc-4d90-9dfa-960b95ff7c32
DEMO-DEV-7992,1,DEMO-7992,Autoclave,7fa95649-4f83-4422-99e3-aecc70af8737
DEMO-DEV-7993,1,DEMO-7993,Ventilator,dbf5de02-231e-458c-9575-ad273ed5f5b8
DEMO-DEV-7994,1,DEMO-7994,Patient Monitor,fb688ffc-1b11-4eff-98f2-9ddc42bee05d
DEMO-DEV-7997,1,DEMO-7997,Pulse Oximeter,fb688ffc-1b11-4eff-98f2-9ddc42bee05d
DEMO-DEV-7998,1,DEMO-7998,Pulse Oximeter,42ee3277-2e48-431d-b386-6ea209c2fcab
DEMO-DEV-8000,1,DEMO-8000,Ventilator,fb688ffc-1b11-4eff-98f2-9ddc42bee05d
DEMO-DEV-8002,1,DEMO-8002,Syringe Pump,3063f084-58b4-4185-9334-5219ca4fd060
DEMO-DEV-8003,1,DEMO-8003,Ultrasound System,de1fc8ff-31ca-453a-8e05-4ef6f6344a89
DEMO-DEV-8004,1,DEMO-8004,Defibrillator,fb688ffc-1b11-4eff-98f2-9ddc42bee05d
DEMO-DEV-8007,1,DEMO-8007,Infusion Pump,d5382c80-abaa-4a87-b4a1-cb76fb0f264c
DEMO-DEV-8014,1,DEMO-8014,Ultrasound System,de1fc8ff-31ca-453a-8e05-4ef6f6344a89
DEMO-DEV-8015,1,DEMO-8015,Infusion Pump,8e27f500-7d94-4ee5-be36-9f990b34e092
DEMO-DEV-8020,1,DEMO-8020,X-Ray System,fb688ffc-1b11-4eff-98f2-9ddc42bee05d
DEMO-DEV-8021,1,DEMO-8021,Electrosurgical Unit,053d4a00-e594-4305-ae71-a96c95a13530
DEMO-DEV-8024,1,DEMO-8024,Infusion Pump,8e27f500-7d94-4ee5-be36-9f990b34e092
DEMO-DEV-8027,1,DEMO-8027,Ultrasound System,de1fc8ff-31ca-453a-8e05-4ef6f6344a89
DEMO-DEV-8028,1,DEMO-8028,Autoclave,e19c99a4-ade8-4c7f-a494-8746650c680c
DEMO-DEV-8032,1,DEMO-8032,Pulse Oximeter,dbf5de02-231e-458c-9575-ad273ed5f5b8
DEMO-DEV-8039,1,DEMO-8039,Defibrillator,fb688ffc-1b11-4eff-98f2-9ddc42bee05d
DEMO-DEV-8041,1,DEMO-8041,Defibrillator,fb688ffc-1b11-4eff-98f2-9ddc42bee05d
DEMO-DEV-8043,1,DEMO-8043,Pulse Oximeter,dbf5de02-231e-458c-9575-ad273ed5f5b8
DEMO-DEV-8045,1,DEMO-8045,Ventilator,fb688ffc-1b11-4eff-98f2-9ddc42bee05d
DEMO-DEV-8046,1,DEMO-8046,Defibrillator,fb688ffc-1b11-4eff-98f2-9ddc42bee05d
DEMO-DEV-8048,1,DEMO-8048,Electrosurgical Unit,7fa95649-4f83-4422-99e3-aecc70af8737
DEMO-DEV-8051,1,DEMO-8051,Pulse Oximeter,5e9a7ead-ebbc-4d90-9dfa-960b95ff7c32
DEMO-DEV-8053,1,DEMO-8053,Ventilator,dbf5de02-231e-458c-9575-ad273ed5f5b8
DEMO-DEV-8054,1,DEMO-8054,Autoclave,e19c99a4-ade8-4c7f-a494-8746650c680c
DEMO-DEV-8057,1,DEMO-8057,Anesthesia Machine,38a452c4-a457-49c8-b4e7-5a9dfefbf45a
DEMO-DEV-8059,1,DEMO-8059,Autoclave,e19c99a4-ade8-4c7f-a494-8746650c680c
DEMO-DEV-8061,1,DEMO-8061,Autoclave,e19c99a4-ade8-4c7f-a494-8746650c680c
DEMO-DEV-8062,1,DEMO-8062,Patient Monitor,5221b7d8-06db-4aae-aaff-9bb16ecffd99
DEMO-DEV-8071,1,DEMO-8071,Syringe Pump,fb688ffc-1b11-4eff-98f2-9ddc42bee05d
DEMO-DEV-8076,1,DEMO-8076,Ventilator,fb688ffc-1b11-4eff-98f2-9ddc42bee05d
DEMO-DEV-8081,1,DEMO-8081,Ventilator,dbf5de02-231e-458c-9575-ad273ed5f5b8
DEMO-DEV-8084,1,DEMO-8084,Electrosurgical Unit,8e27f500-7d94-4ee5-be36-9f990b34e092
DEMO-DEV-8085,1,DEMO-8085,Autoclave,087cb0cc-f07b-4d69-aa97-f0fb17ac6bf5
DEMO-DEV-8097,1,DEMO-8097,Ultrasound System,42ee3277-2e48-431d-b386-6ea209c2fcab
DEMO-DEV-8100,1,DEMO-8100,Patient Monitor,5221b7d8-06db-4aae-aaff-9bb16ecffd99
DEMO-DEV-8103,1,DEMO-8103,Electrosurgical Unit,5221b7d8-06db-4aae-aaff-9bb16ecffd99
DEMO-DEV-8114,1,DEMO-8114,Anesthesia Machine,42ee3277-2e48-431d-b386-6ea209c2fcab
DEMO-DEV-8115,1,DEMO-8115,Anesthesia Machine,c4906dc0-8389-4c68-bf7d-24e6b583a877
DEMO-DEV-8116,1,DEMO-8116,Infusion Pump,02e6a10b-282c-4bf5-a61a-547e12683222
DEMO-DEV-8124,1,DEMO-8124,Infusion Pump,5221b7d8-06db-4aae-aaff-9bb16ecffd99
DEMO-DEV-8126,1,DEMO-8126,Patient Monitor,5e9a7ead-ebbc-4d90-9dfa-960b95ff7c32
DEMO-DEV-8127,1,DEMO-8127,Pulse Oximeter,5e9a7ead-ebbc-4d90-9dfa-960b95ff7c32
DEMO-DEV-8131,1,DEMO-8131,Ventilator,dbf5de02-231e-458c-9575-ad273ed5f5b8
DEMO-DEV-8134,1,DEMO-8134,X-Ray System,fb688ffc-1b11-4eff-98f2-9ddc42bee05d
DEMO-DEV-8137,1,DEMO-8137,Ventilator,dbf5de02-231e-458c-9575-ad273ed5f5b8
DEMO-DEV-8140,1,DEMO-8140,Patient Monitor,fb688ffc-1b11-4eff-98f2-9ddc42bee05d
DEMO-DEV-8142,1,DEMO-8142,Infusion Pump,dbf5de02-231e-458c-9575-ad273ed5f5b8
DEMO-DEV-8150,1,DEMO-8150,Electrosurgical Unit,8e27f500-7d94-4ee5-be36-9f990b34e092
DEMO-DEV-8151,1,DEMO-8151,Pulse Oximeter,d5382c80-abaa-4a87-b4a1-cb76fb0f264c
DEMO-DEV-8164,1,DEMO-8164,Defibrillator,fb688ffc-1b11-4eff-98f2-9ddc42bee05d
DEMO-DEV-8165,1,DEMO-8165,Pulse Oximeter,fb688ffc-1b11-4eff-98f2-9ddc42bee05d
DEMO-DEV-8170,1,DEMO-8170,Infusion Pump,02e6a10b-282c-4bf5-a61a-547e12683222
DEMO-DEV-8177,1,DEMO-8177,ECG Machine,42ee3277-2e48-431d-b386-6ea209c2fcab
DEMO-DEV-8180,1,DEMO-8180,Autoclave,e19c99a4-ade8-4c7f-a494-8746650c680c
DEMO-DEV-8181,1,DEMO-8181,Patient Monitor,d5382c80-abaa-4a87-b4a1-cb76fb0f264c
DEMO-DEV-8182,1,DEMO-8182,X-Ray System,f1bd3fb4-d29a-4a49-a73f-fcb9d140af66
DEMO-DEV-8188,1,DEMO-8188,Patient Monitor,8e27f500-7d94-4ee5-be36-9f990b34e092
DEMO-DEV-8190,1,DEMO-8190,Patient Monitor,5e9a7ead-ebbc-4d90-9dfa-960b95ff7c32
DEMO-DEV-8191,1,DEMO-8191,X-Ray System,f1bd3fb4-d29a-4a49-a73f-fcb9d140af66
DEMO-DEV-8194,1,DEMO-8194,Electrosurgical Unit,053d4a00-e594-4305-ae71-a96c95a13530
DEMO-DEV-8195,1,DEMO-8195,Electrosurgical Unit,053d4a00-e594-4305-ae71-a96c95a13530
DEMO-DEV-8197,1,DEMO-8197,Pulse Oximeter,fb688ffc-1b11-4eff-98f2-9ddc42bee05d
DEMO-DEV-8200,1,DEMO-8200,Infusion Pump,d5382c80-abaa-4a87-b4a1-cb76fb0f264c
DEMO-DEV-8201,1,DEMO-8201,Syringe Pump,3063f084-58b4-4185-9334-5219ca4fd060
DEMO-DEV-8211,1,DEMO-8211,Infusion Pump,02e6a10b-282c-4bf5-a61a-547e12683222
DEMO-DEV-8212,1,DEMO-8212,Syringe Pump,fb688ffc-1b11-4eff-98f2-9ddc42bee05d
DEMO-DEV-8223,1,DEMO-8223,Syringe Pump,3abaabf6-cb3c-4665-9bf7-51e15d6b83a6
DEMO-DEV-8234,1,DEMO-8234,Ventilator,dbf5de02-231e-458c-9575-ad273ed5f5b8
DEMO-DEV-8236,1,DEMO-8236,Electrosurgical Unit,de1fc8ff-31ca-453a-8e05-4ef6f6344a89
DEMO-DEV-8240,1,DEMO-8240,Pulse Oximeter,3063f084-58b4-4185-9334-5219ca4fd060
DEMO-DEV-8241,1,DEMO-8241,ECG Machine,42ee3277-2e48-431d-b386-6ea209c2fcab
DEMO-DEV-8244,1,DEMO-8244,X-Ray System,f1bd3fb4-d29a-4a49-a73f-fcb9d140af66
DEMO-DEV-8255,1,DEMO-8255,Ultrasound System,42ee3277-2e48-431d-b386-6ea209c2fcab
DEMO-DEV-8264,1,DEMO-8264,Defibrillator,fb688ffc-1b11-4eff-98f2-9ddc42bee05d
DEMO-DEV-8267,1,DEMO-8267,Defibrillator,fb688ffc-1b11-4eff-98f2-9ddc42bee05d
DEMO-DEV-8271,1,DEMO-8271,Anesthesia Machine,4aa84ab5-5871-45cf-84b9-0fff65358075
DEMO-DEV-8276,1,DEMO-8276,Ultrasound System,de1fc8ff-31ca-453a-8e05-4ef6f6344a89
DEMO-DEV-8278,1,DEMO-8278,Infusion Pump,5221b7d8-06db-4aae-aaff-9bb16ecffd99
DEMO-DEV-8280,1,DEMO-8280,Patient Monitor,5221b7d8-06db-4aae-aaff-9bb16ecffd99
DEMO-DEV-8281,1,DEMO-8281,ECG Machine,fb688ffc-1b11-4eff-98f2-9ddc42bee05d
DEMO-DEV-8283,1,DEMO-8283,Electrosurgical Unit,02e6a10b-282c-4bf5-a61a-547e12683222
DEMO-DEV-8290,1,DEMO-8290,Ultrasound System,f1bd3fb4-d29a-4a49-a73f-fcb9d140af66
DEMO-DEV-8301,1,DEMO-8301,Patient Monitor,5e9a7ead-ebbc-4d90-9dfa-960b95ff7c32
DEMO-DEV-8306,1,DEMO-8306,Patient Monitor,5e9a7ead-ebbc-4d90-9dfa-960b95ff7c32
DEMO-DEV-8307,1,DEMO-8307,Autoclave,087cb0cc-f07b-4d69-aa97-f0fb17ac6bf5
DEMO-DEV-8320,1,DEMO-8320,Ultrasound System,f1bd3fb4-d29a-4a49-a73f-fcb9d140af66
DEMO-DEV-8329,1,DEMO-8329,Pulse Oximeter,d5382c80-abaa-4a87-b4a1-cb76fb0f264c
DEMO-DEV-8332,1,DEMO-8332,X-Ray System,fb688ffc-1b11-4eff-98f2-9ddc42bee05d
DEMO-DEV-8334,1,DEMO-8334,Anesthesia Machine,f75d2bae-4cbf-4736-ae9b-4da7cbd1dada
DEMO-DEV-8335,1,DEMO-8335,Pulse Oximeter,5e9a7ead-ebbc-4d90-9dfa-960b95ff7c32
DEMO-DEV-8336,1,DEMO-8336,Defibrillator,fb688ffc-1b11-4eff-98f2-9ddc42bee05d
DEMO-DEV-8337,1,DEMO-8337,Anesthesia Machine,4aa84ab5-5871-45cf-84b9-0fff65358075
DEMO-DEV-8338,1,DEMO-8338,Electrosurgical Unit,7fa95649-4f83-4422-99e3-aecc70af8737
DEMO-DEV-8339,1,DEMO-8339,Patient Monitor,02e6a10b-282c-4bf5-a61a-547e12683222
DEMO-DEV-8346,1,DEMO-8346,Anesthesia Machine,e19c99a4-ade8-4c7f-a494-8746650c680c
DEMO-DEV-8349,1,DEMO-8349,Infusion Pump,d5382c80-abaa-4a87-b4a1-cb76fb0f264c
DEMO-DEV-8351,1,DEMO-8351,Ultrasound System,42ee3277-2e48-431d-b386-6ea209c2fcab
DEMO-DEV-8375,1,DEMO-8375,Syringe Pump,dbf5de02-231e-458c-9575-ad273ed5f5b8
DEMO-DEV-8378,1,DEMO-8378,Electrosurgical Unit,5221b7d8-06db-4aae-aaff-9bb16ecffd99
DEMO-DEV-8382,1,DEMO-8382,Infusion Pump,d5382c80-abaa-4a87-b4a1-cb76fb0f264c
DEMO-DEV-8392,1,DEMO-8392,ECG Machine,5e9a7ead-ebbc-4d90-9dfa-960b95ff7c32
DEMO-DEV-8400,1,DEMO-8400,Patient Monitor,5221b7d8-06db-4aae-aaff-9bb16ecffd99
DEMO-DEV-8401,1,DEMO-8401,Pulse Oximeter,42ee3277-2e48-431d-b386-6ea209c2fcab
DEMO-DEV-8404,1,DEMO-8404,Anesthesia Machine,42ee3277-2e48-431d-b386-6ea209c2fcab
DEMO-DEV-8405,1,DEMO-8405,Electrosurgical Unit,de1fc8ff-31ca-453a-8e05-4ef6f6344a89
DEMO-DEV-8406,1,DEMO-8406,Anesthesia Machine,f1bd3fb4-d29a-4a49-a73f-fcb9d140af66
DEMO-DEV-8411,1,DEMO-8411,X-Ray System,fb688ffc-1b11-4eff-98f2-9ddc42bee05d
DEMO-DEV-8413,1,DEMO-8413,Ultrasound System,42ee3277-2e48-431d-b386-6ea209c2fcab
DEMO-DEV-8416,1,DEMO-8416,Electrosurgical Unit,02e6a10b-282c-4bf5-a61a-547e12683222
DEMO-DEV-8419,1,DEMO-8419,Autoclave,7fa95649-4f83-4422-99e3-aecc70af8737
DEMO-DEV-8420,1,DEMO-8420,Anesthesia Machine,5cbbfa1e-37f3-448b-a3bd-d3f30054ca16
DEMO-DEV-8427,1,DEMO-8427,ECG Machine,3063f084-58b4-4185-9334-5219ca4fd060
DEMO-DEV-8428,1,DEMO-8428,Autoclave,e19c99a4-ade8-4c7f-a494-8746650c680c
DEMO-DEV-8429,1,DEMO-8429,ECG Machine,42ee3277-2e48-431d-b386-6ea209c2fcab
DEMO-DEV-8440,1,DEMO-8440,Patient Monitor,02e6a10b-282c-4bf5-a61a-547e12683222
DEMO-DEV-8441,1,DEMO-8441,Infusion Pump,8e27f500-7d94-4ee5-be36-9f990b34e092
DEMO-DEV-8443,1,DEMO-8443,Ventilator,fb688ffc-1b11-4eff-98f2-9ddc42bee05d
DEMO-DEV-8444,1,DEMO-8444,ECG Machine,42ee3277-2e48-431d-b386-6ea209c2fcab
DEMO-DEV-8454,1,DEMO-8454,Syringe Pump,dbf5de02-231e-458c-9575-ad273ed5f5b8
DEMO-DEV-8456,1,DEMO-8456,Ultrasound System,f1bd3fb4-d29a-4a49-a73f-fcb9d140af66
DEMO-DEV-8457,1,DEMO-8457,Electrosurgical Unit,087cb0cc-f07b-4d69-aa97-f0fb17ac6bf5
DEMO-DEV-8459,1,DEMO-8459,X-Ray System,fb688ffc-1b11-4eff-98f2-9ddc42bee05d
DEMO-DEV-8462,1,DEMO-8462,Syringe Pump,5e9a7ead-ebbc-4d90-9dfa-960b95ff7c32
DEMO-DEV-8465,1,DEMO-8465,Patient Monitor,3063f084-58b4-4185-9334-5219ca4fd060
DEMO-DEV-8467,1,DEMO-8467,Ultrasound System,f1bd3fb4-d29a-4a49-a73f-fcb9d140af66
DEMO-DEV-8470,1,DEMO-8470,Syringe Pump,3063f084-58b4-4185-9334-5219ca4fd060
DEMO-DEV-8471,1,DEMO-8471,Pulse Oximeter,d5382c80-abaa-4a87-b4a1-cb76fb0f264c
DEMO-DEV-8475,1,DEMO-8475,Defibrillator,fb688ffc-1b11-4eff-98f2-9ddc42bee05d
DEMO-DEV-8476,1,DEMO-8476,X-Ray System,f1bd3fb4-d29a-4a49-a73f-fcb9d140af66
DEMO-DEV-8478,1,DEMO-8478,Electrosurgical Unit,7fa95649-4f83-4422-99e3-aecc70af8737
DEMO-DEV-8482,1,DEMO-8482,Electrosurgical Unit,7fa95649-4f83-4422-99e3-aecc70af8737
DEMO-DEV-8483,1,DEMO-8483,Defibrillator,fb688ffc-1b11-4eff-98f2-9ddc42bee05d
DEMO-DEV-8484,1,DEMO-8484,Defibrillator,fb688ffc-1b11-4eff-98f2-9ddc42bee05d
DEMO-DEV-8485,1,DEMO-8485,Infusion Pump,d5382c80-abaa-4a87-b4a1-cb76fb0f264c
DEMO-DEV-8495,1,DEMO-8495,Infusion Pump,dbf5de02-231e-458c-9575-ad273ed5f5b8
DEMO-DEV-8500,1,DEMO-8500,ECG Machine,3063f084-58b4-4185-9334-5219ca4fd060
DEMO-DEV-8503,1,DEMO-8503,Anesthesia Machine,02e6a10b-282c-4bf5-a61a-547e12683222
DEMO-DEV-8506,1,DEMO-8506,ECG Machine,d5382c80-abaa-4a87-b4a1-cb76fb0f264c
DEMO-DEV-8509,1,DEMO-8509,Patient Monitor,fb688ffc-1b11-4eff-98f2-9ddc42bee05d
DEMO-DEV-8514,1,DEMO-8514,Autoclave,087cb0cc-f07b-4d69-aa97-f0fb17ac6bf5
DEMO-DEV-8515,1,DEMO-8515,Patient Monitor,3063f084-58b4-4185-9334-5219ca4fd060
DEMO-DEV-8516,1,DEMO-8516,Electrosurgical Unit,5221b7d8-06db-4aae-aaff-9bb16ecffd99
DEMO-DEV-8519,1,DEMO-8519,Pulse Oximeter,fb688ffc-1b11-4eff-98f2-9ddc42bee05d
DEMO-DEV-8520,1,DEMO-8520,Ventilator,fb688ffc-1b11-4eff-98f2-9ddc42bee05d
DEMO-DEV-8525,1,DEMO-8525,Autoclave,e19c99a4-ade8-4c7f-a494-8746650c680c
DEMO-DEV-8536,1,DEMO-8536,Ventilator,fb688ffc-1b11-4eff-98f2-9ddc42bee05d
DEMO-DEV-8546,1,DEMO-8546,Ultrasound System,f1bd3fb4-d29a-4a49-a73f-fcb9d140af66
DEMO-DEV-8550,1,DEMO-8550,Syringe Pump,fb688ffc-1b11-4eff-98f2-9ddc42bee05d
DEMO-DEV-8565,1,DEMO-8565,Electrosurgical Unit,087cb0cc-f07b-4d69-aa97-f0fb17ac6bf5
DEMO-DEV-8567,1,DEMO-8567,Anesthesia Machine,8e27f500-7d94-4ee5-be36-9f990b34e092
DEMO-DEV-8569,1,DEMO-8569,Pulse Oximeter,d5382c80-abaa-4a87-b4a1-cb76fb0f264c
DEMO-DEV-8570,1,DEMO-8570,Ultrasound System,f1bd3fb4-d29a-4a49-a73f-fcb9d140af66
DEMO-DEV-8581,1,DEMO-8581,Syringe Pump,5e9a7ead-ebbc-4d90-9dfa-960b95ff7c32
DEMO-DEV-8582,1,DEMO-8582,Pulse Oximeter,dbf5de02-231e-458c-9575-ad273ed5f5b8
DEMO-DEV-8584,1,DEMO-8584,ECG Machine,3063f084-58b4-4185-9334-5219ca4fd060
DEMO-DEV-8587,1,DEMO-8587,Patient Monitor,d5382c80-abaa-4a87-b4a1-cb76fb0f264c
DEMO-DEV-8591,1,DEMO-8591,Infusion Pump,fb688ffc-1b11-4eff-98f2-9ddc42bee05d
DEMO-DEV-8596,1,DEMO-8596,Autoclave,7fa95649-4f83-4422-99e3-aecc70af8737
DEMO-DEV-8600,1,DEMO-8600,Pulse Oximeter,fb688ffc-1b11-4eff-98f2-9ddc42bee05d
DEMO-DEV-8601,1,DEMO-8601,ECG Machine,fb688ffc-1b11-4eff-98f2-9ddc42bee05d
DEMO-DEV-8609,1,DEMO-8609,Ventilator,dbf5de02-231e-458c-9575-ad273ed5f5b8
DEMO-DEV-8610,1,DEMO-8610,Patient Monitor,8e27f500-7d94-4ee5-be36-9f990b34e092
DEMO-DEV-8621,1,DEMO-8621,X-Ray System,f1bd3fb4-d29a-4a49-a73f-fcb9d140af66
DEMO-DEV-8622,1,DEMO-8622,Electrosurgical Unit,5221b7d8-06db-4aae-aaff-9bb16ecffd99
DEMO-DEV-8624,1,DEMO-8624,ECG Machine,42ee3277-2e48-431d-b386-6ea209c2fcab
DEMO-DEV-8633,1,DEMO-8633,Pulse Oximeter,fb688ffc-1b11-4eff-98f2-9ddc42bee05d
DEMO-DEV-8638,1,DEMO-8638,Ultrasound System,f1bd3fb4-d29a-4a49-a73f-fcb9d140af66
DEMO-DEV-8641,1,DEMO-8641,Anesthesia Machine,4aa84ab5-5871-45cf-84b9-0fff65358075
DEMO-DEV-8647,1,DEMO-8647,Autoclave,e19c99a4-ade8-4c7f-a494-8746650c680c
DEMO-DEV-8650,1,DEMO-8650,ECG Machine,d5382c80-abaa-4a87-b4a1-cb76fb0f264c
DEMO-DEV-8651,1,DEMO-8651,Autoclave,087cb0cc-f07b-4d69-aa97-f0fb17ac6bf5
DEMO-DEV-8652,1,DEMO-8652,Defibrillator,fb688ffc-1b11-4eff-98f2-9ddc42bee05d
DEMO-DEV-8654,1,DEMO-8654,Autoclave,7fa95649-4f83-4422-99e3-aecc70af8737
DEMO-DEV-8665,1,DEMO-8665,Anesthesia Machine,52802a7b-96a8-41fd-8129-b93e575505fd
DEMO-DEV-8670,1,DEMO-8670,Electrosurgical Unit,087cb0cc-f07b-4d69-aa97-f0fb17ac6bf5
DEMO-DEV-8674,1,DEMO-8674,ECG Machine,3063f084-58b4-4185-9334-5219ca4fd060
DEMO-DEV-8680,1,DEMO-8680,Anesthesia Machine,02e6a10b-282c-4bf5-a61a-547e12683222
DEMO-DEV-8681,1,DEMO-8681,X-Ray System,fb688ffc-1b11-4eff-98f2-9ddc42bee05d
DEMO-DEV-8683,1,DEMO-8683,X-Ray System,f1bd3fb4-d29a-4a49-a73f-fcb9d140af66
DEMO-DEV-8686,1,DEMO-8686,Ultrasound System,42ee3277-2e48-431d-b386-6ea209c2fcab
DEMO-DEV-8690,1,DEMO-8690,Ultrasound System,de1fc8ff-31ca-453a-8e05-4ef6f6344a89
DEMO-DEV-8691,1,DEMO-8691,Infusion Pump,d5382c80-abaa-4a87-b4a1-cb76fb0f264c
DEMO-DEV-8692,1,DEMO-8692,X-Ray System,f1bd3fb4-d29a-4a49-a73f-fcb9d140af66
DEMO-DEV-8693,1,DEMO-8693,Patient Monitor,d5382c80-abaa-4a87-b4a1-cb76fb0f264c
DEMO-DEV-8695,1,DEMO-8695,Pulse Oximeter,d5382c80-abaa-4a87-b4a1-cb76fb0f264c
DEMO-DEV-8697,1,DEMO-8697,Pulse Oximeter,fb688ffc-1b11-4eff-98f2-9ddc42bee05d
DEMO-DEV-8700,1,DEMO-8700,Anesthesia Machine,7fa95649-4f83-4422-99e3-aecc70af8737
DEMO-DEV-8701,1,DEMO-8701,Anesthesia Machine,e19c99a4-ade8-4c7f-a494-8746650c680c
DEMO-DEV-8702,1,DEMO-8702,Ultrasound System,de1fc8ff-31ca-453a-8e05-4ef6f6344a89
DEMO-DEV-8703,1,DEMO-8703,Autoclave,7fa95649-4f83-4422-99e3-aecc70af8737
DEMO-DEV-8708,1,DEMO-8708,Ventilator,fb688ffc-1b11-4eff-98f2-9ddc42bee05d
DEMO-DEV-8712,1,DEMO-8712,Infusion Pump,fb688ffc-1b11-4eff-98f2-9ddc42bee05d
DEMO-DEV-8713,1,DEMO-8713,Ultrasound System,de1fc8ff-31ca-453a-8e05-4ef6f6344a89
DEMO-DEV-8715,1,DEMO-8715,Electrosurgical Unit,de1fc8ff-31ca-453a-8e05-4ef6f6344a89
DEMO-DEV-8718,1,DEMO-8718,Pulse Oximeter,42ee3277-2e48-431d-b386-6ea209c2fcab
DEMO-DEV-8721,1,DEMO-8721,Electrosurgical Unit,8e27f500-7d94-4ee5-be36-9f990b34e092
DEMO-DEV-8735,1,DEMO-8735,Patient Monitor,5e9a7ead-ebbc-4d90-9dfa-960b95ff7c32
DEMO-DEV-8745,1,DEMO-8745,ECG Machine,42ee3277-2e48-431d-b386-6ea209c2fcab
DEMO-DEV-8746,1,DEMO-8746,Ventilator,fb688ffc-1b11-4eff-98f2-9ddc42bee05d
DEMO-DEV-8762,1,DEMO-8762,Electrosurgical Unit,8e27f500-7d94-4ee5-be36-9f990b34e092
DEMO-DEV-8764,1,DEMO-8764,Ultrasound System,f1bd3fb4-d29a-4a49-a73f-fcb9d140af66
DEMO-DEV-8766,1,DEMO-8766,Patient Monitor,02e6a10b-282c-4bf5-a61a-547e12683222
DEMO-DEV-8778,1,DEMO-8778,Infusion Pump,5221b7d8-06db-4aae-aaff-9bb16ecffd99
DEMO-DEV-8781,1,DEMO-8781,X-Ray System,fb688ffc-1b11-4eff-98f2-9ddc42bee05d
DEMO-DEV-8786,1,DEMO-8786,ECG Machine,5e9a7ead-ebbc-4d90-9dfa-960b95ff7c32
DEMO-DEV-8788,1,DEMO-8788,Anesthesia Machine,f1bd3fb4-d29a-4a49-a73f-fcb9d140af66
DEMO-DEV-8793,1,DEMO-8793,Syringe Pump,dbf5de02-231e-458c-9575-ad273ed5f5b8
DEMO-DEV-8794,1,DEMO-8794,Pulse Oximeter,d5382c80-abaa-4a87-b4a1-cb76fb0f264c
DEMO-DEV-8800,1,DEMO-8800,Autoclave,087cb0cc-f07b-4d69-aa97-f0fb17ac6bf5
DEMO-DEV-8808,1,DEMO-8808,Patient Monitor,02e6a10b-282c-4bf5-a61a-547e12683222
DEMO-DEV-8815,1,DEMO-8815,Pulse Oximeter,3063f084-58b4-4185-9334-5219ca4fd060
DEMO-DEV-8816,1,DEMO-8816,ECG Machine,3063f084-58b4-4185-9334-5219ca4fd060
DEMO-DEV-8819,1,DEMO-8819,Anesthesia Machine,de1fc8ff-31ca-453a-8e05-4ef6f6344a89
DEMO-DEV-8825,1,DEMO-8825,Syringe Pump,dbf5de02-231e-458c-9575-ad273ed5f5b8
DEMO-DEV-8826,1,DEMO-8826,Infusion Pump,3063f084-58b4-4185-9334-5219ca4fd060
DEMO-DEV-8834,1,DEMO-8834,Infusion Pump,5e9a7ead-ebbc-4d90-9dfa-960b95ff7c32
DEMO-DEV-8843,1,DEMO-8843,Syringe Pump,3abaabf6-cb3c-4665-9bf7-51e15d6b83a6
DEMO-DEV-8844,1,DEMO-8844,ECG Machine,5e9a7ead-ebbc-4d90-9dfa-960b95ff7c32
DEMO-DEV-8850,1,DEMO-8850,Electrosurgical Unit,5221b7d8-06db-4aae-aaff-9bb16ecffd99
DEMO-DEV-8853,1,DEMO-8853,X-Ray System,f1bd3fb4-d29a-4a49-a73f-fcb9d140af66
DEMO-DEV-8856,1,DEMO-8856,Electrosurgical Unit,02e6a10b-282c-4bf5-a61a-547e12683222
DEMO-DEV-8861,1,DEMO-8861,Anesthesia Machine,3063f084-58b4-4185-9334-5219ca4fd060
DEMO-DEV-8862,1,DEMO-8862,X-Ray System,f1bd3fb4-d29a-4a49-a73f-fcb9d140af66
DEMO-DEV-8863,1,DEMO-8863,Infusion Pump,5e9a7ead-ebbc-4d90-9dfa-960b95ff7c32
DEMO-DEV-8870,1,DEMO-8870,Autoclave,e19c99a4-ade8-4c7f-a494-8746650c680c
DEMO-DEV-8872,1,DEMO-8872,Ventilator,dbf5de02-231e-458c-9575-ad273ed5f5b8
DEMO-DEV-8877,1,DEMO-8877,Defibrillator,fb688ffc-1b11-4eff-98f2-9ddc42bee05d
DEMO-DEV-8879,1,DEMO-8879,X-Ray System,fb688ffc-1b11-4eff-98f2-9ddc42bee05d
DEMO-DEV-8882,1,DEMO-8882,Infusion Pump,3063f084-58b4-4185-9334-5219ca4fd060
DEMO-DEV-8887,1,DEMO-8887,Autoclave,e19c99a4-ade8-4c7f-a494-8746650c680c
DEMO-DEV-8889,1,DEMO-8889,Pulse Oximeter,fb688ffc-1b11-4eff-98f2-9ddc42bee05d
DEMO-DEV-8890,1,DEMO-8890,Ultrasound System,42ee3277-2e48-431d-b386-6ea209c2fcab
DEMO-DEV-8891,1,DEMO-8891,Patient Monitor,5221b7d8-06db-4aae-aaff-9bb16ecffd99
DEMO-DEV-8892,1,DEMO-8892,Infusion Pump,5221b7d8-06db-4aae-aaff-9bb16ecffd99
DEMO-DEV-8893,1,DEMO-8893,Ventilator,dbf5de02-231e-458c-9575-ad273ed5f5b8
DEMO-DEV-8904,1,DEMO-8904,X-Ray System,f1bd3fb4-d29a-4a49-a73f-fcb9d140af66
DEMO-DEV-8910,1,DEMO-8910,X-Ray System,fb688ffc-1b11-4eff-98f2-9ddc42bee05d
DEMO-DEV-8911,1,DEMO-8911,X-Ray System,fb688ffc-1b11-4eff-98f2-9ddc42bee05d
DEMO-DEV-8914,1,DEMO-8914,Ventilator,dbf5de02-231e-458c-9575-ad273ed5f5b8
DEMO-DEV-8915,1,DEMO-8915,Infusion Pump,5221b7d8-06db-4aae-aaff-9bb16ecffd99
DEMO-DEV-8917,1,DEMO-8917,Autoclave,e19c99a4-ade8-4c7f-a494-8746650c680c
DEMO-DEV-8925,1,DEMO-8925,Electrosurgical Unit,7fa95649-4f83-4422-99e3-aecc70af8737
DEMO-DEV-8930,1,DEMO-8930,Pulse Oximeter,3063f084-58b4-4185-9334-5219ca4fd060
DEMO-DEV-8932,1,DEMO-8932,Pulse Oximeter,5e9a7ead-ebbc-4d90-9dfa-960b95ff7c32
DEMO-DEV-8933,1,DEMO-8933,Infusion Pump,5e9a7ead-ebbc-4d90-9dfa-960b95ff7c32
DEMO-DEV-8939,1,DEMO-8939,Anesthesia Machine,087cb0cc-f07b-4d69-aa97-f0fb17ac6bf5
DEMO-DEV-8940,1,DEMO-8940,Infusion Pump,3063f084-58b4-4185-9334-5219ca4fd060
DEMO-DEV-8944,1,DEMO-8944,Autoclave,e19c99a4-ade8-4c7f-a494-8746650c680c
DEMO-DEV-8945,1,DEMO-8945,Ultrasound System,f1bd3fb4-d29a-4a49-a73f-fcb9d140af66
DEMO-DEV-8955,1,DEMO-8955,Patient Monitor,fb688ffc-1b11-4eff-98f2-9ddc42bee05d
DEMO-DEV-8956,1,DEMO-8956,Defibrillator,fb688ffc-1b11-4eff-98f2-9ddc42bee05d
DEMO-DEV-8957,1,DEMO-8957,Pulse Oximeter,fb688ffc-1b11-4eff-98f2-9ddc42bee05d
DEMO-DEV-8962,1,DEMO-8962,Pulse Oximeter,d5382c80-abaa-4a87-b4a1-cb76fb0f264c
DEMO-DEV-8963,1,DEMO-8963,ECG Machine,42ee3277-2e48-431d-b386-6ea209c2fcab
DEMO-DEV-8967,1,DEMO-8967,Defibrillator,fb688ffc-1b11-4eff-98f2-9ddc42bee05d
DEMO-DEV-8969,1,DEMO-8969,Patient Monitor,5221b7d8-06db-4aae-aaff-9bb16ecffd99
DEMO-DEV-8970,1,DEMO-8970,Patient Monitor,5e9a7ead-ebbc-4d90-9dfa-960b95ff7c32
DEMO-DEV-8973,1,DEMO-8973,Pulse Oximeter,42ee3277-2e48-431d-b386-6ea209c2fcab
DEMO-DEV-8974,1,DEMO-8974,Anesthesia Machine,38a452c4-a457-49c8-b4e7-5a9dfefbf45a
DEMO-DEV-8975,1,DEMO-8975,Infusion Pump,3063f084-58b4-4185-9334-5219ca4fd060
DEMO-DEV-8980,1,DEMO-8980,Anesthesia Machine,fb688ffc-1b11-4eff-98f2-9ddc42bee05d
DEMO-DEV-8981,1,DEMO-8981,Infusion Pump,fb688ffc-1b11-4eff-98f2-9ddc42bee05d
DEMO-DEV-8982,1,DEMO-8982,Anesthesia Machine,7fa95649-4f83-4422-99e3-aecc70af8737
DEMO-DEV-8985,1,DEMO-8985,Syringe Pump,d5382c80-abaa-4a87-b4a1-cb76fb0f264c
DEMO-DEV-8988,1,DEMO-8988,Syringe Pump,dbf5de02-231e-458c-9575-ad273ed5f5b8
DEMO-DEV-8992,1,DEMO-8992,Ventilator,fb688ffc-1b11-4eff-98f2-9ddc42bee05d
DEMO-DEV-8994,1,DEMO-8994,Syringe Pump,3063f084-58b4-4185-9334-5219ca4fd060
DEMO-DEV-8995,1,DEMO-8995,Autoclave,e19c99a4-ade8-4c7f-a494-8746650c680c
DEMO-DEV-8996,1,DEMO-8996,Pulse Oximeter,fb688ffc-1b11-4eff-98f2-9ddc42bee05d
DEMO-DEV-8997,1,DEMO-8997,Syringe Pump,5e9a7ead-ebbc-4d90-9dfa-960b95ff7c32
DEMO-DEV-8998,1,DEMO-8998,Patient Monitor,5e9a7ead-ebbc-4d90-9dfa-960b95ff7c32
DEMO-DEV-8999,1,DEMO-8999,Autoclave,e19c99a4-ade8-4c7f-a494-8746650c680c
DEMO-DEV-9000,1,DEMO-9000,Ultrasound System,42ee3277-2e48-431d-b386-6ea209c2fcab
DEMO-DEV-9001,1,DEMO-9001,Autoclave,e19c99a4-ade8-4c7f-a494-8746650c680c
DEMO-DEV-9002,1,DEMO-9002,Defibrillator,fb688ffc-1b11-4eff-98f2-9ddc42bee05d
DEMO-DEV-9004,1,DEMO-9004,Syringe Pump,dbf5de02-231e-458c-9575-ad273ed5f5b8
DEMO-DEV-9013,1,DEMO-9013,Infusion Pump,dbf5de02-231e-458c-9575-ad273ed5f5b8
DEMO-DEV-9019,1,DEMO-9019,Syringe Pump,d5382c80-abaa-4a87-b4a1-cb76fb0f264c
DEMO-DEV-9020,1,DEMO-9020,Autoclave,7fa95649-4f83-4422-99e3-aecc70af8737
DEMO-DEV-9022,1,DEMO-9022,Syringe Pump,3063f084-58b4-4185-9334-5219ca4fd060
DEMO-DEV-9024,1,DEMO-9024,Pulse Oximeter,fb688ffc-1b11-4eff-98f2-9ddc42bee05d
DEMO-DEV-9025,1,DEMO-9025,Pulse Oximeter,42ee3277-2e48-431d-b386-6ea209c2fcab
DEMO-DEV-9026,1,DEMO-9026,Ultrasound System,42ee3277-2e48-431d-b386-6ea209c2fcab
DEMO-DEV-9029,1,DEMO-9029,Autoclave,7fa95649-4f83-4422-99e3-aecc70af8737
DEMO-DEV-9030,1,DEMO-9030,ECG Machine,42ee3277-2e48-431d-b386-6ea209c2fcab
DEMO-DEV-9035,1,DEMO-9035,Infusion Pump,dbf5de02-231e-458c-9575-ad273ed5f5b8
DEMO-DEV-9039,1,DEMO-9039,Pulse Oximeter,d5382c80-abaa-4a87-b4a1-cb76fb0f264c
DEMO-DEV-9040,1,DEMO-9040,Syringe Pump,3063f084-58b4-4185-9334-5219ca4fd060
DEMO-DEV-9042,1,DEMO-9042,Ultrasound System,f1bd3fb4-d29a-4a49-a73f-fcb9d140af66
DEMO-DEV-9043,1,DEMO-9043,Syringe Pump,fb688ffc-1b11-4eff-98f2-9ddc42bee05d
DEMO-DEV-9048,1,DEMO-9048,Syringe Pump,3abaabf6-cb3c-4665-9bf7-51e15d6b83a6
DEMO-DEV-9050,1,DEMO-9050,Ventilator,dbf5de02-231e-458c-9575-ad273ed5f5b8
DEMO-DEV-9054,1,DEMO-9054,Patient Monitor,8e27f500-7d94-4ee5-be36-9f990b34e092
DEMO-DEV-9056,1,DEMO-9056,Ultrasound System,42ee3277-2e48-431d-b386-6ea209c2fcab
DEMO-DEV-9057,1,DEMO-9057,Patient Monitor,5e9a7ead-ebbc-4d90-9dfa-960b95ff7c32
DEMO-DEV-9065,1,DEMO-9065,Pulse Oximeter,fb688ffc-1b11-4eff-98f2-9ddc42bee05d
DEMO-DEV-9067,1,DEMO-9067,Ultrasound System,42ee3277-2e48-431d-b386-6ea209c2fcab
DEMO-DEV-9071,1,DEMO-9071,Ventilator,fb688ffc-1b11-4eff-98f2-9ddc42bee05d
DEMO-DEV-9079,1,DEMO-9079,Anesthesia Machine,5221b7d8-06db-4aae-aaff-9bb16ecffd99
DEMO-DEV-9082,1,DEMO-9082,X-Ray System,f1bd3fb4-d29a-4a49-a73f-fcb9d140af66
DEMO-DEV-9087,1,DEMO-9087,Pulse Oximeter,d5382c80-abaa-4a87-b4a1-cb76fb0f264c
DEMO-DEV-9090,1,DEMO-9090,Pulse Oximeter,dbf5de02-231e-458c-9575-ad273ed5f5b8
DEMO-DEV-9091,1,DEMO-9091,Defibrillator,fb688ffc-1b11-4eff-98f2-9ddc42bee05d
DEMO-DEV-9096,1,DEMO-9096,Defibrillator,fb688ffc-1b11-4eff-98f2-9ddc42bee05d
DEMO-DEV-9097,1,DEMO-9097,Pulse Oximeter,dbf5de02-231e-458c-9575-ad273ed5f5b8
DEMO-DEV-9102,1,DEMO-9102,Ventilator,fb688ffc-1b11-4eff-98f2-9ddc42bee05d
DEMO-DEV-9105,1,DEMO-9105,X-Ray System,f1bd3fb4-d29a-4a49-a73f-fcb9d140af66
DEMO-DEV-9106,1,DEMO-9106,Defibrillator,fb688ffc-1b11-4eff-98f2-9ddc42bee05d
DEMO-DEV-9115,1,DEMO-9115,ECG Machine,42ee3277-2e48-431d-b386-6ea209c2fcab
DEMO-DEV-9119,1,DEMO-9119,Ventilator,fb688ffc-1b11-4eff-98f2-9ddc42bee05d
DEMO-DEV-9123,1,DEMO-9123,ECG Machine,d5382c80-abaa-4a87-b4a1-cb76fb0f264c
DEMO-DEV-9125,1,DEMO-9125,Ultrasound System,42ee3277-2e48-431d-b386-6ea209c2fcab
DEMO-DEV-9126,1,DEMO-9126,Ultrasound System,de1fc8ff-31ca-453a-8e05-4ef6f6344a89
DEMO-DEV-9130,1,DEMO-9130,Syringe Pump,fb688ffc-1b11-4eff-98f2-9ddc42bee05d
DEMO-DEV-9131,1,DEMO-9131,Ventilator,fb688ffc-1b11-4eff-98f2-9ddc42bee05d
DEMO-DEV-9133,1,DEMO-9133,Defibrillator,fb688ffc-1b11-4eff-98f2-9ddc42bee05d
DEMO-DEV-9136,1,DEMO-9136,Electrosurgical Unit,5221b7d8-06db-4aae-aaff-9bb16ecffd99
DEMO-DEV-9148,1,DEMO-9148,X-Ray System,fb688ffc-1b11-4eff-98f2-9ddc42bee05d
DEMO-DEV-9153,1,DEMO-9153,Electrosurgical Unit,8e27f500-7d94-4ee5-be36-9f990b34e092
DEMO-DEV-9158,1,DEMO-9158,Defibrillator,fb688ffc-1b11-4eff-98f2-9ddc42bee05d
DEMO-DEV-9170,1,DEMO-9170,Anesthesia Machine,e19c99a4-ade8-4c7f-a494-8746650c680c
DEMO-DEV-9173,1,DEMO-9173,X-Ray System,f1bd3fb4-d29a-4a49-a73f-fcb9d140af66
DEMO-DEV-9177,1,DEMO-9177,Ventilator,dbf5de02-231e-458c-9575-ad273ed5f5b8
DEMO-DEV-9178,1,DEMO-9178,Patient Monitor,02e6a10b-282c-4bf5-a61a-547e12683222
DEMO-DEV-9184,1,DEMO-9184,Anesthesia Machine,52802a7b-96a8-41fd-8129-b93e575505fd
DEMO-DEV-9187,1,DEMO-9187,Defibrillator,fb688ffc-1b11-4eff-98f2-9ddc42bee05d
DEMO-DEV-9189,1,DEMO-9189,Autoclave,e19c99a4-ade8-4c7f-a494-8746650c680c
DEMO-DEV-9193,1,DEMO-9193,Pulse Oximeter,fb688ffc-1b11-4eff-98f2-9ddc42bee05d
DEMO-DEV-9203,1,DEMO-9203,Ultrasound System,de1fc8ff-31ca-453a-8e05-4ef6f6344a89
DEMO-DEV-9205,1,DEMO-9205,Patient Monitor,02e6a10b-282c-4bf5-a61a-547e12683222
DEMO-DEV-9206,1,DEMO-9206,Syringe Pump,3abaabf6-cb3c-4665-9bf7-51e15d6b83a6
DEMO-DEV-9210,1,DEMO-9210,Patient Monitor,8e27f500-7d94-4ee5-be36-9f990b34e092
DEMO-DEV-9217,1,DEMO-9217,Pulse Oximeter,42ee3277-2e48-431d-b386-6ea209c2fcab
DEMO-DEV-9228,1,DEMO-9228,Ultrasound System,f1bd3fb4-d29a-4a49-a73f-fcb9d140af66
DEMO-DEV-9231,1,DEMO-9231,X-Ray System,f1bd3fb4-d29a-4a49-a73f-fcb9d140af66
DEMO-DEV-9235,1,DEMO-9235,Ultrasound System,42ee3277-2e48-431d-b386-6ea209c2fcab
DEMO-DEV-9241,1,DEMO-9241,Patient Monitor,5e9a7ead-ebbc-4d90-9dfa-960b95ff7c32
DEMO-DEV-9244,1,DEMO-9244,Defibrillator,fb688ffc-1b11-4eff-98f2-9ddc42bee05d
DEMO-DEV-9248,1,DEMO-9248,Pulse Oximeter,5e9a7ead-ebbc-4d90-9dfa-960b95ff7c32
DEMO-DEV-9256,1,DEMO-9256,ECG Machine,42ee3277-2e48-431d-b386-6ea209c2fcab
DEMO-DEV-9257,1,DEMO-9257,Defibrillator,fb688ffc-1b11-4eff-98f2-9ddc42bee05d
DEMO-DEV-9258,1,DEMO-9258,X-Ray System,fb688ffc-1b11-4eff-98f2-9ddc42bee05d
DEMO-DEV-9261,1,DEMO-9261,Infusion Pump,5e9a7ead-ebbc-4d90-9dfa-960b95ff7c32
DEMO-DEV-9262,1,DEMO-9262,ECG Machine,5e9a7ead-ebbc-4d90-9dfa-960b95ff7c32
DEMO-DEV-9263,1,DEMO-9263,X-Ray System,fb688ffc-1b11-4eff-98f2-9ddc42bee05d
DEMO-DEV-9265,1,DEMO-9265,Infusion Pump,5e9a7ead-ebbc-4d90-9dfa-960b95ff7c32
DEMO-DEV-9274,1,DEMO-9274,Electrosurgical Unit,8e27f500-7d94-4ee5-be36-9f990b34e092
DEMO-DEV-9281,1,DEMO-9281,Anesthesia Machine,5efa96ef-94e4-475f-ab85-574e4e8366bd
DEMO-DEV-9282,1,DEMO-9282,Patient Monitor,5221b7d8-06db-4aae-aaff-9bb16ecffd99
DEMO-DEV-9289,1,DEMO-9289,Syringe Pump,3063f084-58b4-4185-9334-5219ca4fd060
DEMO-DEV-9291,1,DEMO-9291,Autoclave,e19c99a4-ade8-4c7f-a494-8746650c680c
DEMO-DEV-9294,1,DEMO-9294,Infusion Pump,3063f084-58b4-4185-9334-5219ca4fd060
DEMO-DEV-9298,1,DEMO-9298,Syringe Pump,5e9a7ead-ebbc-4d90-9dfa-960b95ff7c32
DEMO-DEV-9300,1,DEMO-9300,Electrosurgical Unit,7fa95649-4f83-4422-99e3-aecc70af8737
DEMO-DEV-9302,1,DEMO-9302,Infusion Pump,dbf5de02-231e-458c-9575-ad273ed5f5b8
DEMO-DEV-9304,1,DEMO-9304,Ultrasound System,f1bd3fb4-d29a-4a49-a73f-fcb9d140af66
DEMO-DEV-9314,1,DEMO-9314,Pulse Oximeter,3063f084-58b4-4185-9334-5219ca4fd060
DEMO-DEV-9327,1,DEMO-9327,Ultrasound System,42ee3277-2e48-431d-b386-6ea209c2fcab
DEMO-DEV-9328,1,DEMO-9328,ECG Machine,fb688ffc-1b11-4eff-98f2-9ddc42bee05d
DEMO-DEV-9337,1,DEMO-9337,Ventilator,dbf5de02-231e-458c-9575-ad273ed5f5b8
DEMO-DEV-9338,1,DEMO-9338,Ultrasound System,f1bd3fb4-d29a-4a49-a73f-fcb9d140af66
DEMO-DEV-9342,1,DEMO-9342,X-Ray System,fb688ffc-1b11-4eff-98f2-9ddc42bee05d
DEMO-DEV-9344,1,DEMO-9344,Autoclave,7fa95649-4f83-4422-99e3-aecc70af8737
DEMO-DEV-9346,1,DEMO-9346,X-Ray System,f1bd3fb4-d29a-4a49-a73f-fcb9d140af66
DEMO-DEV-9348,1,DEMO-9348,Syringe Pump,3063f084-58b4-4185-9334-5219ca4fd060
DEMO-DEV-9349,1,DEMO-9349,Autoclave,e19c99a4-ade8-4c7f-a494-8746650c680c
DEMO-DEV-9356,1,DEMO-9356,Pulse Oximeter,d5382c80-abaa-4a87-b4a1-cb76fb0f264c
DEMO-DEV-9366,1,DEMO-9366,Anesthesia Machine,de1fc8ff-31ca-453a-8e05-4ef6f6344a89
DEMO-DEV-9367,1,DEMO-9367,Defibrillator,fb688ffc-1b11-4eff-98f2-9ddc42bee05d
DEMO-DEV-9370,1,DEMO-9370,Syringe Pump,fb688ffc-1b11-4eff-98f2-9ddc42bee05d
DEMO-DEV-9375,1,DEMO-9375,Patient Monitor,3063f084-58b4-4185-9334-5219ca4fd060
DEMO-DEV-9376,1,DEMO-9376,Ventilator,fb688ffc-1b11-4eff-98f2-9ddc42bee05d
DEMO-DEV-9379,1,DEMO-9379,Anesthesia Machine,5e9a7ead-ebbc-4d90-9dfa-960b95ff7c32
DEMO-DEV-9383,1,DEMO-9383,Infusion Pump,8e27f500-7d94-4ee5-be36-9f990b34e092
DEMO-DEV-9384,1,DEMO-9384,Ventilator,fb688ffc-1b11-4eff-98f2-9ddc42bee05d
DEMO-DEV-9385,1,DEMO-9385,Patient Monitor,5221b7d8-06db-4aae-aaff-9bb16ecffd99
DEMO-DEV-9387,1,DEMO-9387,Pulse Oximeter,5e9a7ead-ebbc-4d90-9dfa-960b95ff7c32
DEMO-DEV-9394,1,DEMO-9394,X-Ray System,fb688ffc-1b11-4eff-98f2-9ddc42bee05d
DEMO-DEV-9398,1,DEMO-9398,Anesthesia Machine,8e27f500-7d94-4ee5-be36-9f990b34e092
DEMO-DEV-9400,1,DEMO-9400,ECG Machine,d5382c80-abaa-4a87-b4a1-cb76fb0f264c
DEMO-DEV-9404,1,DEMO-9404,Infusion Pump,3abaabf6-cb3c-4665-9bf7-51e15d6b83a6
DEMO-DEV-9405,1,DEMO-9405,Ultrasound System,de1fc8ff-31ca-453a-8e05-4ef6f6344a89
DEMO-DEV-9413,1,DEMO-9413,Anesthesia Machine,35abc5ec-fbe4-40a6-8752-2cba3fb328ba
DEMO-DEV-9414,1,DEMO-9414,Autoclave,e19c99a4-ade8-4c7f-a494-8746650c680c
DEMO-DEV-9417,1,DEMO-9417,Electrosurgical Unit,8e27f500-7d94-4ee5-be36-9f990b34e092
DEMO-DEV-9421,1,DEMO-9421,Syringe Pump,3abaabf6-cb3c-4665-9bf7-51e15d6b83a6
DEMO-DEV-9426,1,DEMO-9426,Pulse Oximeter,fb688ffc-1b11-4eff-98f2-9ddc42bee05d
DEMO-DEV-9430,1,DEMO-9430,Anesthesia Machine,087cb0cc-f07b-4d69-aa97-f0fb17ac6bf5
DEMO-DEV-9434,1,DEMO-9434,Pulse Oximeter,dbf5de02-231e-458c-9575-ad273ed5f5b8
DEMO-DEV-9436,1,DEMO-9436,Anesthesia Machine,7fa95649-4f83-4422-99e3-aecc70af8737
DEMO-DEV-9437,1,DEMO-9437,Ultrasound System,42ee3277-2e48-431d-b386-6ea209c2fcab
DEMO-DEV-9440,1,DEMO-9440,Infusion Pump,3abaabf6-cb3c-4665-9bf7-51e15d6b83a6
DEMO-DEV-9443,1,DEMO-9443,Electrosurgical Unit,053d4a00-e594-4305-ae71-a96c95a13530
DEMO-DEV-9449,1,DEMO-9449,Autoclave,7fa95649-4f83-4422-99e3-aecc70af8737
DEMO-DEV-9452,1,DEMO-9452,Anesthesia Machine,8e27f500-7d94-4ee5-be36-9f990b34e092
DEMO-DEV-9455,1,DEMO-9455,Patient Monitor,02e6a10b-282c-4bf5-a61a-547e12683222
DEMO-DEV-9457,1,DEMO-9457,ECG Machine,5e9a7ead-ebbc-4d90-9dfa-960b95ff7c32
DEMO-DEV-9460,1,DEMO-9460,X-Ray System,f1bd3fb4-d29a-4a49-a73f-fcb9d140af66
DEMO-DEV-9463,1,DEMO-9463,Electrosurgical Unit,053d4a00-e594-4305-ae71-a96c95a13530
DEMO-DEV-9467,1,DEMO-9467,X-Ray System,f1bd3fb4-d29a-4a49-a73f-fcb9d140af66
DEMO-DEV-9468,1,DEMO-9468,Infusion Pump,5e9a7ead-ebbc-4d90-9dfa-960b95ff7c32
DEMO-DEV-9470,1,DEMO-9470,Electrosurgical Unit,5221b7d8-06db-4aae-aaff-9bb16ecffd99
DEMO-DEV-9473,1,DEMO-9473,Defibrillator,fb688ffc-1b11-4eff-98f2-9ddc42bee05d
DEMO-DEV-9479,1,DEMO-9479,Infusion Pump,5221b7d8-06db-4aae-aaff-9bb16ecffd99
DEMO-DEV-9482,1,DEMO-9482,Defibrillator,fb688ffc-1b11-4eff-98f2-9ddc42bee05d
DEMO-DEV-9484,1,DEMO-9484,X-Ray System,fb688ffc-1b11-4eff-98f2-9ddc42bee05d
DEMO-DEV-9486,1,DEMO-9486,Ventilator,dbf5de02-231e-458c-9575-ad273ed5f5b8
DEMO-DEV-9488,1,DEMO-9488,Anesthesia Machine,02e6a10b-282c-4bf5-a61a-547e12683222
DEMO-DEV-9490,1,DEMO-9490,Anesthesia Machine,35abc5ec-fbe4-40a6-8752-2cba3fb328ba
DEMO-DEV-9492,1,DEMO-9492,Syringe Pump,dbf5de02-231e-458c-9575-ad273ed5f5b8
DEMO-DEV-9493,1,DEMO-9493,Ventilator,fb688ffc-1b11-4eff-98f2-9ddc42bee05d
DEMO-DEV-9494,1,DEMO-9494,Ultrasound System,de1fc8ff-31ca-453a-8e05-4ef6f6344a89
DEMO-DEV-9503,1,DEMO-9503,Anesthesia Machine,3abaabf6-cb3c-4665-9bf7-51e15d6b83a6
DEMO-DEV-9504,1,DEMO-9504,Ventilator,fb688ffc-1b11-4eff-98f2-9ddc42bee05d
DEMO-DEV-9506,1,DEMO-9506,Patient Monitor,5221b7d8-06db-4aae-aaff-9bb16ecffd99
DEMO-DEV-9507,1,DEMO-9507,Pulse Oximeter,5e9a7ead-ebbc-4d90-9dfa-960b95ff7c32
DEMO-DEV-9510,1,DEMO-9510,X-Ray System,fb688ffc-1b11-4eff-98f2-9ddc42bee05d
DEMO-DEV-9511,1,DEMO-9511,ECG Machine,5e9a7ead-ebbc-4d90-9dfa-960b95ff7c32
DEMO-DEV-9516,1,DEMO-9516,Ultrasound System,42ee3277-2e48-431d-b386-6ea209c2fcab
DEMO-DEV-9517,1,DEMO-9517,Ventilator,dbf5de02-231e-458c-9575-ad273ed5f5b8
DEMO-DEV-9523,1,DEMO-9523,Ventilator,fb688ffc-1b11-4eff-98f2-9ddc42bee05d
DEMO-DEV-9535,1,DEMO-9535,Syringe Pump,fb688ffc-1b11-4eff-98f2-9ddc42bee05d
DEMO-DEV-9537,1,DEMO-9537,X-Ray System,fb688ffc-1b11-4eff-98f2-9ddc42bee05d
DEMO-DEV-9539,1,DEMO-9539,Ventilator,dbf5de02-231e-458c-9575-ad273ed5f5b8
DEMO-DEV-9541,1,DEMO-9541,Patient Monitor,5221b7d8-06db-4aae-aaff-9bb16ecffd99
DEMO-DEV-9543,1,DEMO-9543,Syringe Pump,d5382c80-abaa-4a87-b4a1-cb76fb0f264c
DEMO-DEV-9546,1,DEMO-9546,Infusion Pump,5221b7d8-06db-4aae-aaff-9bb16ecffd99
DEMO-DEV-9547,1,DEMO-9547,ECG Machine,d5382c80-abaa-4a87-b4a1-cb76fb0f264c
DEMO-DEV-9549,1,DEMO-9549,Defibrillator,fb688ffc-1b11-4eff-98f2-9ddc42bee05d
DEMO-DEV-9550,1,DEMO-9550,Defibrillator,fb688ffc-1b11-4eff-98f2-9ddc42bee05d
DEMO-DEV-9551,1,DEMO-9551,Ultrasound System,42ee3277-2e48-431d-b386-6ea209c2fcab
DEMO-DEV-9552,1,DEMO-9552,Autoclave,7fa95649-4f83-4422-99e3-aecc70af8737
DEMO-DEV-9560,1,DEMO-9560,Defibrillator,fb688ffc-1b11-4eff-98f2-9ddc42bee05d
DEMO-DEV-9566,1,DEMO-9566,Patient Monitor,8e27f500-7d94-4ee5-be36-9f990b34e092
DEMO-DEV-9569,1,DEMO-9569,Infusion Pump,3abaabf6-cb3c-4665-9bf7-51e15d6b83a6
DEMO-DEV-9574,1,DEMO-9574,ECG Machine,5e9a7ead-ebbc-4d90-9dfa-960b95ff7c32
DEMO-DEV-9576,1,DEMO-9576,Ventilator,fb688ffc-1b11-4eff-98f2-9ddc42bee05d
DEMO-DEV-9580,1,DEMO-9580,Electrosurgical Unit,087cb0cc-f07b-4d69-aa97-f0fb17ac6bf5
DEMO-DEV-9581,1,DEMO-9581,Autoclave,e19c99a4-ade8-4c7f-a494-8746650c680c
DEMO-DEV-9586,1,DEMO-9586,X-Ray System,fb688ffc-1b11-4eff-98f2-9ddc42bee05d
DEMO-DEV-9588,1,DEMO-9588,Patient Monitor,fb688ffc-1b11-4eff-98f2-9ddc42bee05d
DEMO-DEV-9590,1,DEMO-9590,X-Ray System,f1bd3fb4-d29a-4a49-a73f-fcb9d140af66
DEMO-DEV-9593,1,DEMO-9593,X-Ray System,f1bd3fb4-d29a-4a49-a73f-fcb9d140af66
DEMO-DEV-9594,1,DEMO-9594,Ultrasound System,f1bd3fb4-d29a-4a49-a73f-fcb9d140af66
DEMO-DEV-9601,1,DEMO-9601,Syringe Pump,5e9a7ead-ebbc-4d90-9dfa-960b95ff7c32
DEMO-DEV-9602,1,DEMO-9602,Defibrillator,fb688ffc-1b11-4eff-98f2-9ddc42bee05d
DEMO-DEV-9603,1,DEMO-9603,Autoclave,7fa95649-4f83-4422-99e3-aecc70af8737
DEMO-DEV-9607,1,DEMO-9607,Syringe Pump,5e9a7ead-ebbc-4d90-9dfa-960b95ff7c32
DEMO-DEV-9608,1,DEMO-9608,Ultrasound System,42ee3277-2e48-431d-b386-6ea209c2fcab
DEMO-DEV-9621,1,DEMO-9621,Syringe Pump,5e9a7ead-ebbc-4d90-9dfa-960b95ff7c32
DEMO-DEV-9626,1,DEMO-9626,Autoclave,e19c99a4-ade8-4c7f-a494-8746650c680c
DEMO-DEV-9634,1,DEMO-9634,Infusion Pump,fb688ffc-1b11-4eff-98f2-9ddc42bee05d
DEMO-DEV-9645,1,DEMO-9645,Autoclave,e19c99a4-ade8-4c7f-a494-8746650c680c
DEMO-DEV-9648,1,DEMO-9648,Patient Monitor,fb688ffc-1b11-4eff-98f2-9ddc42bee05d
DEMO-DEV-9655,1,DEMO-9655,Autoclave,e19c99a4-ade8-4c7f-a494-8746650c680c
DEMO-DEV-9657,1,DEMO-9657,Electrosurgical Unit,5221b7d8-06db-4aae-aaff-9bb16ecffd99
DEMO-DEV-9663,1,DEMO-9663,X-Ray System,fb688ffc-1b11-4eff-98f2-9ddc42bee05d
DEMO-DEV-9672,1,DEMO-9672,Anesthesia Machine,053d4a00-e594-4305-ae71-a96c95a13530
DEMO-DEV-9673,1,DEMO-9673,ECG Machine,3063f084-58b4-4185-9334-5219ca4fd060
DEMO-DEV-9676,1,DEMO-9676,Anesthesia Machine,3063f084-58b4-4185-9334-5219ca4fd060
DEMO-DEV-9677,1,DEMO-9677,Electrosurgical Unit,5221b7d8-06db-4aae-aaff-9bb16ecffd99
DEMO-DEV-9681,1,DEMO-9681,Pulse Oximeter,dbf5de02-231e-458c-9575-ad273ed5f5b8
DEMO-DEV-9685,1,DEMO-9685,Electrosurgical Unit,8e27f500-7d94-4ee5-be36-9f990b34e092
DEMO-DEV-9687,1,DEMO-9687,ECG Machine,5e9a7ead-ebbc-4d90-9dfa-960b95ff7c32
DEMO-DEV-9690,1,DEMO-9690,Infusion Pump,fb688ffc-1b11-4eff-98f2-9ddc42bee05d
DEMO-DEV-9696,1,DEMO-9696,Patient Monitor,02e6a10b-282c-4bf5-a61a-547e12683222
DEMO-DEV-9698,1,DEMO-9698,Syringe Pump,3abaabf6-cb3c-4665-9bf7-51e15d6b83a6
DEMO-DEV-9704,1,DEMO-9704,Pulse Oximeter,d5382c80-abaa-4a87-b4a1-cb76fb0f264c
DEMO-DEV-9709,1,DEMO-9709,Syringe Pump,3abaabf6-cb3c-4665-9bf7-51e15d6b83a6
DEMO-DEV-9710,1,DEMO-9710,Syringe Pump,5e9a7ead-ebbc-4d90-9dfa-960b95ff7c32
DEMO-DEV-9714,1,DEMO-9714,Electrosurgical Unit,5221b7d8-06db-4aae-aaff-9bb16ecffd99
DEMO-DEV-9715,1,DEMO-9715,Ultrasound System,f1bd3fb4-d29a-4a49-a73f-fcb9d140af66
DEMO-DEV-9719,1,DEMO-9719,Patient Monitor,fb688ffc-1b11-4eff-98f2-9ddc42bee05d
DEMO-DEV-9720,1,DEMO-9720,Defibrillator,fb688ffc-1b11-4eff-98f2-9ddc42bee05d
DEMO-DEV-9723,1,DEMO-9723,Electrosurgical Unit,02e6a10b-282c-4bf5-a61a-547e12683222
DEMO-DEV-9726,1,DEMO-9726,Autoclave,e19c99a4-ade8-4c7f-a494-8746650c680c
DEMO-DEV-9727,1,DEMO-9727,Patient Monitor,5221b7d8-06db-4aae-aaff-9bb16ecffd99
DEMO-DEV-9730,1,DEMO-9730,Defibrillator,fb688ffc-1b11-4eff-98f2-9ddc42bee05d
DEMO-DEV-9737,1,DEMO-9737,Patient Monitor,5e9a7ead-ebbc-4d90-9dfa-960b95ff7c32
DEMO-DEV-9738,1,DEMO-9738,Ultrasound System,de1fc8ff-31ca-453a-8e05-4ef6f6344a89
DEMO-DEV-9739,1,DEMO-9739,ECG Machine,42ee3277-2e48-431d-b386-6ea209c2fcab
DEMO-DEV-9742,1,DEMO-9742,Infusion Pump,3abaabf6-cb3c-4665-9bf7-51e15d6b83a6
DEMO-DEV-9745,1,DEMO-9745,Patient Monitor,5e9a7ead-ebbc-4d90-9dfa-960b95ff7c32
DEMO-DEV-9748,1,DEMO-9748,Anesthesia Machine,fb688ffc-1b11-4eff-98f2-9ddc42bee05d
DEMO-DEV-9749,1,DEMO-9749,Defibrillator,fb688ffc-1b11-4eff-98f2-9ddc42bee05d
DEMO-DEV-9754,1,DEMO-9754,Ventilator,dbf5de02-231e-458c-9575-ad273ed5f5b8
DEMO-DEV-9755,1,DEMO-9755,Anesthesia Machine,8ccc225a-74c4-4260-86d3-0ca2b2f49602
DEMO-DEV-9760,1,DEMO-9760,Defibrillator,fb688ffc-1b11-4eff-98f2-9ddc42bee05d
DEMO-DEV-9765,1,DEMO-9765,Ultrasound System,f1bd3fb4-d29a-4a49-a73f-fcb9d140af66
DEMO-DEV-9767,1,DEMO-9767,Infusion Pump,fb688ffc-1b11-4eff-98f2-9ddc42bee05d
DEMO-DEV-9769,1,DEMO-9769,Syringe Pump,3abaabf6-cb3c-4665-9bf7-51e15d6b83a6
DEMO-DEV-9773,1,DEMO-9773,Electrosurgical Unit,053d4a00-e594-4305-ae71-a96c95a13530
DEMO-DEV-9774,1,DEMO-9774,Infusion Pump,5221b7d8-06db-4aae-aaff-9bb16ecffd99
DEMO-DEV-9778,1,DEMO-9778,ECG Machine,42ee3277-2e48-431d-b386-6ea209c2fcab
DEMO-DEV-9783,1,DEMO-9783,Ventilator,dbf5de02-231e-458c-9575-ad273ed5f5b8
DEMO-DEV-9790,1,DEMO-9790,Anesthesia Machine,3063f084-58b4-4185-9334-5219ca4fd060
DEMO-DEV-9793,1,DEMO-9793,Infusion Pump,5e9a7ead-ebbc-4d90-9dfa-960b95ff7c32
DEMO-DEV-9800,1,DEMO-9800,Electrosurgical Unit,7fa95649-4f83-4422-99e3-aecc70af8737
DEMO-DEV-9802,1,DEMO-9802,Pulse Oximeter,5e9a7ead-ebbc-4d90-9dfa-960b95ff7c32
DEMO-DEV-9803,1,DEMO-9803,Patient Monitor,5e9a7ead-ebbc-4d90-9dfa-960b95ff7c32
DEMO-DEV-9809,1,DEMO-9809,Pulse Oximeter,d5382c80-abaa-4a87-b4a1-cb76fb0f264c
DEMO-DEV-9812,1,DEMO-9812,Infusion Pump,8e27f500-7d94-4ee5-be36-9f990b34e092
DEMO-DEV-9821,1,DEMO-9821,Autoclave,e19c99a4-ade8-4c7f-a494-8746650c680c
DEMO-DEV-9823,1,DEMO-9823,X-Ray System,fb688ffc-1b11-4eff-98f2-9ddc42bee05d
DEMO-DEV-9825,1,DEMO-9825,Pulse Oximeter,5e9a7ead-ebbc-4d90-9dfa-960b95ff7c32
DEMO-DEV-9827,1,DEMO-9827,Electrosurgical Unit,5221b7d8-06db-4aae-aaff-9bb16ecffd99
DEMO-DEV-9828,1,DEMO-9828,Ventilator,dbf5de02-231e-458c-9575-ad273ed5f5b8
DEMO-DEV-9829,1,DEMO-9829,Syringe Pump,fb688ffc-1b11-4eff-98f2-9ddc42bee05d
DEMO-DEV-9835,1,DEMO-9835,Electrosurgical Unit,7fa95649-4f83-4422-99e3-aecc70af8737
DEMO-DEV-9836,1,DEMO-9836,Pulse Oximeter,5e9a7ead-ebbc-4d90-9dfa-960b95ff7c32
DEMO-DEV-9837,1,DEMO-9837,Syringe Pump,3abaabf6-cb3c-4665-9bf7-51e15d6b83a6
DEMO-DEV-9839,1,DEMO-9839,Anesthesia Machine,35abc5ec-fbe4-40a6-8752-2cba3fb328ba
DEMO-DEV-9843,1,DEMO-9843,Autoclave,7fa95649-4f83-4422-99e3-aecc70af8737
DEMO-DEV-9854,1,DEMO-9854,ECG Machine,fb688ffc-1b11-4eff-98f2-9ddc42bee05d
DEMO-DEV-9866,1,DEMO-9866,Anesthesia Machine,fb688ffc-1b11-4eff-98f2-9ddc42bee05d
DEMO-DEV-9867,1,DEMO-9867,Ultrasound System,42ee3277-2e48-431d-b386-6ea209c2fcab
DEMO-DEV-9868,1,DEMO-9868,Infusion Pump,fb688ffc-1b11-4eff-98f2-9ddc42bee05d
DEMO-DEV-9870,1,DEMO-9870,ECG Machine,fb688ffc-1b11-4eff-98f2-9ddc42bee05d
DEMO-DEV-9883,1,DEMO-9883,X-Ray System,fb688ffc-1b11-4eff-98f2-9ddc42bee05d
DEMO-DEV-9884,1,DEMO-9884,Syringe Pump,dbf5de02-231e-458c-9575-ad273ed5f5b8
DEMO-DEV-9889,1,DEMO-9889,Electrosurgical Unit,5221b7d8-06db-4aae-aaff-9bb16ecffd99
DEMO-DEV-9890,1,DEMO-9890,Electrosurgical Unit,8e27f500-7d94-4ee5-be36-9f990b34e092
DEMO-DEV-9892,1,DEMO-9892,Electrosurgical Unit,8e27f500-7d94-4ee5-be36-9f990b34e092
DEMO-DEV-9896,1,DEMO-9896,Electrosurgical Unit,02e6a10b-282c-4bf5-a61a-547e12683222
DEMO-DEV-9897,1,DEMO-9897,Anesthesia Machine,8e27f500-7d94-4ee5-be36-9f990b34e092
DEMO-DEV-9903,1,DEMO-9903,X-Ray System,f1bd3fb4-d29a-4a49-a73f-fcb9d140af66
DEMO-DEV-9907,1,DEMO-9907,Ventilator,dbf5de02-231e-458c-9575-ad273ed5f5b8
DEMO-DEV-9910,1,DEMO-9910,Syringe Pump,dbf5de02-231e-458c-9575-ad273ed5f5b8
DEMO-DEV-9911,1,DEMO-9911,Ultrasound System,f1bd3fb4-d29a-4a49-a73f-fcb9d140af66
DEMO-DEV-9915,1,DEMO-9915,Ventilator,dbf5de02-231e-458c-9575-ad273ed5f5b8
DEMO-DEV-9917,1,DEMO-9917,X-Ray System,f1bd3fb4-d29a-4a49-a73f-fcb9d140af66
DEMO-DEV-9920,1,DEMO-9920,Ultrasound System,42ee3277-2e48-431d-b386-6ea209c2fcab
DEMO-DEV-9923,1,DEMO-9923,Pulse Oximeter,dbf5de02-231e-458c-9575-ad273ed5f5b8
DEMO-DEV-9931,1,DEMO-9931,Ventilator,fb688ffc-1b11-4eff-98f2-9ddc42bee05d
DEMO-DEV-9935,1,DEMO-9935,Autoclave,087cb0cc-f07b-4d69-aa97-f0fb17ac6bf5
DEMO-DEV-9936,1,DEMO-9936,Anesthesia Machine,087cb0cc-f07b-4d69-aa97-f0fb17ac6bf5
DEMO-DEV-9939,1,DEMO-9939,X-Ray System,fb688ffc-1b11-4eff-98f2-9ddc42bee05d
DEMO-DEV-9945,1,DEMO-9945,Ultrasound System,42ee3277-2e48-431d-b386-6ea209c2fcab
DEMO-DEV-9950,1,DEMO-9950,X-Ray System,fb688ffc-1b11-4eff-98f2-9ddc42bee05d
DEMO-DEV-9963,1,DEMO-9963,Pulse Oximeter,dbf5de02-231e-458c-9575-ad273ed5f5b8
DEMO-DEV-9964,1,DEMO-9964,Ventilator,fb688ffc-1b11-4eff-98f2-9ddc42bee05d
DEMO-DEV-9969,1,DEMO-9969,Electrosurgical Unit,053d4a00-e594-4305-ae71-a96c95a13530
DEMO-DEV-9971,1,DEMO-9971,Anesthesia Machine,38a452c4-a457-49c8-b4e7-5a9dfefbf45a
DEMO-DEV-9980,1,DEMO-9980,Ultrasound System,de1fc8ff-31ca-453a-8e05-4ef6f6344a89
DEMO-DEV-9984,1,DEMO-9984,Defibrillator,fb688ffc-1b11-4eff-98f2-9ddc42bee05d
DEMO-DEV-9985,1,DEMO-9985,Syringe Pump,3063f084-58b4-4185-9334-5219ca4fd060
DEMO-DEV-9986,1,DEMO-9986,Defibrillator,fb688ffc-1b11-4eff-98f2-9ddc42bee05d
DEMO-DEV-9991,1,DEMO-9991,Infusion Pump,3abaabf6-cb3c-4665-9bf7-51e15d6b83a6
DEMO-DEV-9994,1,DEMO-9994,Ultrasound System,42ee3277-2e48-431d-b386-6ea209c2fcab
DEMO-DEV-9995,1,DEMO-9995,X-Ray System,fb688ffc-1b11-4eff-98f2-9ddc42bee05d
DEMO-DEV-9996,1,DEMO-9996,Patient Monitor,fb688ffc-1b11-4eff-98f2-9ddc42bee05d
DEMO-DEV-9999,1,DEMO-9999,Anesthesia Machine,e19c99a4-ade8-4c7f-a494-8746650c680c
