event_date,event_type,event_count
2022-10-01,DEVICE_DISPOSED,19
2022-10-01,DEVICE_RECEIVED,84
2022-10-01,DEVICE_REGISTERED,6
2022-10-01,DEVICE_STATUS_CHANGED,496
2022-10-01,DEVICE_TRANSFERRED,445
2022-10-01,MAINTENANCE_COMPLETED,733
2022-10-01,REPAIR_COMPLETED,481
2022-10-02,DEVICE_DISPOSED,16
2022-10-02,DEVICE_RECEIVED,164
2022-10-02,DEVICE_REGISTERED,15
2022-10-02,DEVICE_STATUS_CHANGED,693
2022-10-02,DEVICE_TRANSFERRED,703
2022-10-02,MAINTENANCE_COMPLETED,1109
2022-10-02,REPAIR_COMPLETED,775
2022-10-03,DEVICE_DISPOSED,16
2022-10-03,DEVICE_RECEIVED,121
2022-10-03,DEVICE_REGISTERED,4
2022-10-03,DEVICE_STATUS_CHANGED,744
2022-10-03,DEVICE_TRANSFERRED,723
2022-10-03,MAINTENANCE_COMPLETED,1077
2022-10-03,REPAIR_COMPLETED,732
2022-10-04,DEVICE_DISPOSED,24
2022-10-04,DEVICE_RECEIVED,127
2022-10-04,DEVICE_REGISTERED,10
2022-10-04,DEVICE_STATUS_CHANGED,715
2022-10-04,DEVICE_TRANSFERRED,641
2022-10-04,MAINTENANCE_COMPLETED,1140
2022-10-04,REPAIR_COMPLETED,796
2022-10-05,DEVICE_DISPOSED,20
2022-10-05,DEVICE_RECEIVED,132
2022-10-05,DEVICE_REGISTERED,9
2022-10-05,DEVICE_STATUS_CHANGED,774
2022-10-05,DEVICE_TRANSFERRED,636
2022-10-05,MAINTENANCE_COMPLETED,1102
2022-10-05,REPAIR_COMPLETED,794
2022-10-06,DEVICE_DISPOSED,24
2022-10-06,DEVICE_RECEIVED,126
2022-10-06,DEVICE_REGISTERED,10
2022-10-06,DEVICE_STATUS_CHANGED,708
2022-10-06,DEVICE_TRANSFERRED,686
2022-10-06,MAINTENANCE_COMPLETED,1122
2022-10-06,REPAIR_COMPLETED,736
2022-10-07,DEVICE_DISPOSED,21
2022-10-07,DEVICE_RECEIVED,123
2022-10-07,DEVICE_REGISTERED,12
2022-10-07,DEVICE_STATUS_CHANGED,776
2022-10-07,DEVICE_TRANSFERRED,638
2022-10-07,MAINTENANCE_COMPLETED,1116
2022-10-07,REPAIR_COMPLETED,765
2022-10-08,DEVICE_DISPOSED,24
2022-10-08,DEVICE_RECEIVED,133
2022-10-08,DEVICE_REGISTERED,7
2022-10-08,DEVICE_STATUS_CHANGED,718
2022-10-08,DEVICE_TRANSFERRED,699
2022-10-08,MAINTENANCE_COMPLETED,1108
2022-10-08,REPAIR_COMPLETED,829
2022-10-09,DEVICE_DISPOSED,20
2022-10-09,DEVICE_RECEIVED,133
2022-10-09,DEVICE_REGISTERED,9
2022-10-09,DEVICE_STATUS_CHANGED,693
2022-10-09,DEVICE_TRANSFERRED,664
2022-10-09,MAINTENANCE_COMPLETED,1082
2022-10-09,REPAIR_COMPLETED,735
2022-10-10,DEVICE_DISPOSED,21
2022-10-10,DEVICE_RECEIVED,133
2022-10-10,DEVICE_REGISTERED,7
2022-10-10,DEVICE_STATUS_CHANGED,731
2022-10-10,DEVICE_TRANSFERRED,627
2022-10-10,MAINTENANCE_COMPLETED,1069
2022-10-10,REPAIR_COMPLETED,755
2022-10-11,DEVICE_DISPOSED,23
2022-10-11,DEVICE_RECEIVED,123
2022-10-11,DEVICE_REGISTERED,9
2022-10-11,DEVICE_STATUS_CHANGED,719
2022-10-11,DEVICE_TRANSFERRED,727
2022-10-11,MAINTENANCE_COMPLETED,1061
2022-10-11,REPAIR_COMPLETED,745
2022-10-12,DEVICE_DISPOSED,27
2022-10-12,DEVICE_RECEIVED,115
2022-10-12,DEVICE_REGISTERED,5
2022-10-12,DEVICE_STATUS_CHANGED,767
2022-10-12,DEVICE_TRANSFERRED,681
2022-10-12,MAINTENANCE_COMPLETED,1076
2022-10-12,REPAIR_COMPLETED,770
2022-10-13,DEVICE_DISPOSED,25
2022-10-13,DEVICE_RECEIVED,130
2022-10-13,DEVICE_REGISTERED,6
2022-10-13,DEVICE_STATUS_CHANGED,735
2022-10-13,DEVICE_TRANSFERRED,678
2022-10-13,MAINTENANCE_COMPLETED,1113
2022-10-13,REPAIR_COMPLETED,766
2022-10-14,DEVICE_DISPOSED,20
2022-10-14,DEVICE_RECEIVED,116
2022-10-14,DEVICE_REGISTERED,10
2022-10-14,DEVICE_STATUS_CHANGED,783
2022-10-14,DEVICE_TRANSFERRED,672
2022-10-14,MAINTENANCE_COMPLETED,1129
2022-10-14,REPAIR_COMPLETED,747
2022-10-15,DEVICE_DISPOSED,17
2022-10-15,DEVICE_RECEIVED,113
2022-10-15,DEVICE_REGISTERED,5
2022-10-15,DEVICE_STATUS_CHANGED,719
2022-10-15,DEVICE_TRANSFERRED,663
2022-10-15,MAINTENANCE_COMPLETED,1098
2022-10-15,REPAIR_COMPLETED,816
2022-10-16,DEVICE_DISPOSED,28
2022-10-16,DEVICE_RECEIVED,133
2022-10-16,DEVICE_REGISTERED,7
2022-10-16,DEVICE_STATUS_CHANGED,715
2022-10-16,DEVICE_TRANSFERRED,661
2022-10-16,MAINTENANCE_COMPLETED,1092
2022-10-16,REPAIR_COMPLETED,770
2022-10-17,DEVICE_DISPOSED,15
2022-10-17,DEVICE_RECEIVED,127
2022-10-17,DEVICE_REGISTERED,7
2022-10-17,DEVICE_STATUS_CHANGED,657
2022-10-17,DEVICE_TRANSFERRED,651
2022-10-17,MAINTENANCE_COMPLETED,1112
2022-10-17,REPAIR_COMPLETED,747
2022-10-18,DEVICE_DISPOSED,17
2022-10-18,DEVICE_RECEIVED,140
2022-10-18,DEVICE_REGISTERED,11
2022-10-18,DEVICE_STATUS_CHANGED,678
2022-10-18,DEVICE_TRANSFERRED,618
2022-10-18,MAINTENANCE_COMPLETED,1045
2022-10-18,REPAIR_COMPLETED,780
2022-10-19,DEVICE_DISPOSED,22
2022-10-19,DEVICE_RECEIVED,136
2022-10-19,DEVICE_REGISTERED,14
2022-10-19,DEVICE_STATUS_CHANGED,794
2022-10-19,DEVICE_TRANSFERRED,658
2022-10-19,MAINTENANCE_COMPLETED,1088
2022-10-19,REPAIR_COMPLETED,758
2022-10-20,DEVICE_DISPOSED,21
2022-10-20,DEVICE_RECEIVED,119
2022-10-20,DEVICE_REGISTERED,6
2022-10-20,DEVICE_STATUS_CHANGED,683
2022-10-20,DEVICE_TRANSFERRED,693
2022-10-20,MAINTENANCE_COMPLETED,1094
2022-10-20,REPAIR_COMPLETED,790
2022-10-21,DEVICE_DISPOSED,34
2022-10-21,DEVICE_RECEIVED,154
2022-10-21,DEVICE_REGISTERED,6
2022-10-21,DEVICE_STATUS_CHANGED,657
2022-10-21,DEVICE_TRANSFERRED,634
2022-10-21,MAINTENANCE_COMPLETED,1075
2022-10-21,REPAIR_COMPLETED,776
2022-10-22,DEVICE_DISPOSED,33
2022-10-22,DEVICE_RECEIVED,115
2022-10-22,DEVICE_REGISTERED,9
2022-10-22,DEVICE_STATUS_CHANGED,753
2022-10-22,DEVICE_TRANSFERRED,693
2022-10-22,MAINTENANCE_COMPLETED,1079
2022-10-22,REPAIR_COMPLETED,765
2022-10-23,DEVICE_DISPOSED,28
2022-10-23,DEVICE_RECEIVED,124
2022-10-23,DEVICE_REGISTERED,6
2022-10-23,DEVICE_STATUS_CHANGED,727
2022-10-23,DEVICE_TRANSFERRED,625
2022-10-23,MAINTENANCE_COMPLETED,1073
2022-10-23,REPAIR_COMPLETED,731
2022-10-24,DEVICE_DISPOSED,25
2022-10-24,DEVICE_RECEIVED,128
2022-10-24,DEVICE_REGISTERED,10
2022-10-24,DEVICE_STATUS_CHANGED,788
2022-10-24,DEVICE_TRANSFERRED,706
2022-10-24,MAINTENANCE_COMPLETED,1097
2022-10-24,REPAIR_COMPLETED,751
2022-10-25,DEVICE_DISPOSED,22
2022-10-25,DEVICE_RECEIVED,134
2022-10-25,DEVICE_REGISTERED,5
2022-10-25,DEVICE_STATUS_CHANGED,724
2022-10-25,DEVICE_TRANSFERRED,674
2022-10-25,MAINTENANCE_COMPLETED,1047
2022-10-25,REPAIR_COMPLETED,766
2022-10-26,DEVICE_DISPOSED,35
2022-10-26,DEVICE_RECEIVED,150
2022-10-26,DEVICE_REGISTERED,6
2022-10-26,DEVICE_STATUS_CHANGED,675
2022-10-26,DEVICE_TRANSFERRED,656
2022-10-26,MAINTENANCE_COMPLETED,1060
2022-10-26,REPAIR_COMPLETED,786
2022-10-27,DEVICE_DISPOSED,18
2022-10-27,DEVICE_RECEIVED,122
2022-10-27,DEVICE_REGISTERED,7
2022-10-27,DEVICE_STATUS_CHANGED,688
2022-10-27,DEVICE_TRANSFERRED,692
2022-10-27,MAINTENANCE_COMPLETED,1116
2022-10-27,REPAIR_COMPLETED,806
2022-10-28,DEVICE_DISPOSED,21
2022-10-28,DEVICE_RECEIVED,134
2022-10-28,DEVICE_REGISTERED,10
2022-10-28,DEVICE_STATUS_CHANGED,769
2022-10-28,DEVICE_TRANSFERRED,682
2022-10-28,MAINTENANCE_COMPLETED,1082
2022-10-28,REPAIR_COMPLETED,825
2022-10-29,DEVICE_DISPOSED,23
2022-10-29,DEVICE_RECEIVED,126
2022-10-29,DEVICE_REGISTERED,10
2022-10-29,DEVICE_STATUS_CHANGED,794
2022-10-29,DEVICE_TRANSFERRED,687
2022-10-29,MAINTENANCE_COMPLETED,1128
2022-10-29,REPAIR_COMPLETED,783
2022-10-30,DEVICE_DISPOSED,24
2022-10-30,DEVICE_RECEIVED,126
2022-10-30,DEVICE_REGISTERED,13
2022-10-30,DEVICE_STATUS_CHANGED,759
2022-10-30,DEVICE_TRANSFERRED,650
2022-10-30,MAINTENANCE_COMPLETED,1036
2022-10-30,REPAIR_COMPLETED,747
2022-10-31,DEVICE_DISPOSED,20
2022-10-31,DEVICE_RECEIVED,141
2022-10-31,DEVICE_REGISTERED,4
2022-10-31,DEVICE_STATUS_CHANGED,762
2022-10-31,DEVICE_TRANSFERRED,619
2022-10-31,MAINTENANCE_COMPLETED,1047
2022-10-31,REPAIR_COMPLETED,793
2022-11-01,DEVICE_DISPOSED,25
2022-11-01,DEVICE_RECEIVED,113
2022-11-01,DEVICE_REGISTERED,4
2022-11-01,DEVICE_STATUS_CHANGED,772
2022-11-01,DEVICE_TRANSFERRED,670
2022-11-01,MAINTENANCE_COMPLETED,1132
2022-11-01,REPAIR_COMPLETED,742
2022-11-02,DEVICE_DISPOSED,26
2022-11-02,DEVICE_RECEIVED,116
2022-11-02,DEVICE_REGISTERED,1
2022-11-02,DEVICE_STATUS_CHANGED,733
2022-11-02,DEVICE_TRANSFERRED,626
2022-11-02,MAINTENANCE_COMPLETED,1124
2022-11-02,REPAIR_COMPLETED,763
2022-11-03,DEVICE_DISPOSED,24
2022-11-03,DEVICE_RECEIVED,140
2022-11-03,DEVICE_REGISTERED,7
2022-11-03,DEVICE_STATUS_CHANGED,745
2022-11-03,DEVICE_TRANSFERRED,628
2022-11-03,MAINTENANCE_COMPLETED,1134
2022-11-03,REPAIR_COMPLETED,802
2022-11-04,DEVICE_DISPOSED,22
2022-11-04,DEVICE_RECEIVED,131
2022-11-04,DEVICE_REGISTERED,10
2022-11-04,DEVICE_STATUS_CHANGED,714
2022-11-04,DEVICE_TRANSFERRED,657
2022-11-04,MAINTENANCE_COMPLETED,1077
2022-11-04,REPAIR_COMPLETED,786
2022-11-05,DEVICE_DISPOSED,21
2022-11-05,DEVICE_RECEIVED,125
2022-11-05,DEVICE_REGISTERED,9
2022-11-05,DEVICE_STATUS_CHANGED,700
2022-11-05,DEVICE_TRANSFERRED,636
2022-11-05,MAINTENANCE_COMPLETED,1079
2022-11-05,REPAIR_COMPLETED,730
2022-11-06,DEVICE_DISPOSED,15
2022-11-06,DEVICE_RECEIVED,123
2022-11-06,DEVICE_REGISTERED,6
2022-11-06,DEVICE_STATUS_CHANGED,732
2022-11-06,DEVICE_TRANSFERRED,675
2022-11-06,MAINTENANCE_COMPLETED,1128
2022-11-06,REPAIR_COMPLETED,763
2022-11-07,DEVICE_DISPOSED,26
2022-11-07,DEVICE_RECEIVED,128
2022-11-07,DEVICE_REGISTERED,6
2022-11-07,DEVICE_STATUS_CHANGED,704
2022-11-07,DEVICE_TRANSFERRED,687
2022-11-07,MAINTENANCE_COMPLETED,1124
2022-11-07,REPAIR_COMPLETED,729
2022-11-08,DEVICE_DISPOSED,23
2022-11-08,DEVICE_RECEIVED,117
2022-11-08,DEVICE_REGISTERED,5
2022-11-08,DEVICE_STATUS_CHANGED,777
2022-11-08,DEVICE_TRANSFERRED,710
2022-11-08,MAINTENANCE_COMPLETED,1044
2022-11-08,REPAIR_COMPLETED,787
2022-11-09,DEVICE_DISPOSED,21
2022-11-09,DEVICE_RECEIVED,143
2022-11-09,DEVICE_REGISTERED,7
2022-11-09,DEVICE_STATUS_CHANGED,765
2022-11-09,DEVICE_TRANSFERRED,639
2022-11-09,MAINTENANCE_COMPLETED,1082
2022-11-09,REPAIR_COMPLETED,762
2022-11-10,DEVICE_DISPOSED,18
2022-11-10,DEVICE_RECEIVED,128
2022-11-10,DEVICE_REGISTERED,11
2022-11-10,DEVICE_STATUS_CHANGED,717
2022-11-10,DEVICE_TRANSFERRED,649
2022-11-10,MAINTENANCE_COMPLETED,1120
2022-11-10,REPAIR_COMPLETED,752
2022-11-11,DEVICE_DISPOSED,18
2022-11-11,DEVICE_RECEIVED,130
2022-11-11,DEVICE_REGISTERED,4
2022-11-11,DEVICE_STATUS_CHANGED,760
2022-11-11,DEVICE_TRANSFERRED,683
2022-11-11,MAINTENANCE_COMPLETED,1110
2022-11-11,REPAIR_COMPLETED,762
2022-11-12,DEVICE_DISPOSED,18
2022-11-12,DEVICE_RECEIVED,139
2022-11-12,DEVICE_REGISTERED,11
2022-11-12,DEVICE_STATUS_CHANGED,694
2022-11-12,DEVICE_TRANSFERRED,667
2022-11-12,MAINTENANCE_COMPLETED,1079
2022-11-12,REPAIR_COMPLETED,691
2022-11-13,DEVICE_DISPOSED,26
2022-11-13,DEVICE_RECEIVED,140
2022-11-13,DEVICE_REGISTERED,10
2022-11-13,DEVICE_STATUS_CHANGED,722
2022-11-13,DEVICE_TRANSFERRED,693
2022-11-13,MAINTENANCE_COMPLETED,1112
2022-11-13,REPAIR_COMPLETED,797
2022-11-14,DEVICE_DISPOSED,19
2022-11-14,DEVICE_RECEIVED,128
2022-11-14,DEVICE_REGISTERED,9
2022-11-14,DEVICE_STATUS_CHANGED,706
2022-11-14,DEVICE_TRANSFERRED,704
2022-11-14,MAINTENANCE_COMPLETED,1179
2022-11-14,REPAIR_COMPLETED,748
2022-11-15,DEVICE_DISPOSED,24
2022-11-15,DEVICE_RECEIVED,133
2022-11-15,DEVICE_REGISTERED,8
2022-11-15,DEVICE_STATUS_CHANGED,719
2022-11-15,DEVICE_TRANSFERRED,692
2022-11-15,MAINTENANCE_COMPLETED,1099
2022-11-15,REPAIR_COMPLETED,754
2022-11-16,DEVICE_DISPOSED,11
2022-11-16,DEVICE_RECEIVED,137
2022-11-16,DEVICE_REGISTERED,4
2022-11-16,DEVICE_STATUS_CHANGED,742
2022-11-16,DEVICE_TRANSFERRED,625
2022-11-16,MAINTENANCE_COMPLETED,1119
2022-11-16,REPAIR_COMPLETED,738
2022-11-17,DEVICE_DISPOSED,19
2022-11-17,DEVICE_RECEIVED,119
2022-11-17,DEVICE_REGISTERED,6
2022-11-17,DEVICE_STATUS_CHANGED,714
2022-11-17,DEVICE_TRANSFERRED,672
2022-11-17,MAINTENANCE_COMPLETED,1086
2022-11-17,REPAIR_COMPLETED,745
2022-11-18,DEVICE_DISPOSED,23
2022-11-18,DEVICE_RECEIVED,149
2022-11-18,DEVICE_REGISTERED,9
2022-11-18,DEVICE_STATUS_CHANGED,754
2022-11-18,DEVICE_TRANSFERRED,631
2022-11-18,MAINTENANCE_COMPLETED,1124
2022-11-18,REPAIR_COMPLETED,754
2022-11-19,DEVICE_DISPOSED,25
2022-11-19,DEVICE_RECEIVED,136
2022-11-19,DEVICE_REGISTERED,7
2022-11-19,DEVICE_STATUS_CHANGED,734
2022-11-19,DEVICE_TRANSFERRED,666
2022-11-19,MAINTENANCE_COMPLETED,1071
2022-11-19,REPAIR_COMPLETED,758
2022-11-20,DEVICE_DISPOSED,23
2022-11-20,DEVICE_RECEIVED,141
2022-11-20,DEVICE_REGISTERED,11
2022-11-20,DEVICE_STATUS_CHANGED,754
2022-11-20,DEVICE_TRANSFERRED,685
2022-11-20,MAINTENANCE_COMPLETED,1102
2022-11-20,REPAIR_COMPLETED,744
2022-11-21,DEVICE_DISPOSED,22
2022-11-21,DEVICE_RECEIVED,123
2022-11-21,DEVICE_REGISTERED,9
2022-11-21,DEVICE_STATUS_CHANGED,829
2022-11-21,DEVICE_TRANSFERRED,676
2022-11-21,MAINTENANCE_COMPLETED,1112
2022-11-21,REPAIR_COMPLETED,825
2022-11-22,DEVICE_DISPOSED,23
2022-11-22,DEVICE_RECEIVED,126
2022-11-22,DEVICE_REGISTERED,9
2022-11-22,DEVICE_STATUS_CHANGED,724
2022-11-22,DEVICE_TRANSFERRED,641
2022-11-22,MAINTENANCE_COMPLETED,1078
2022-11-22,REPAIR_COMPLETED,815
2022-11-23,DEVICE_DISPOSED,23
2022-11-23,DEVICE_RECEIVED,161
2022-11-23,DEVICE_REGISTERED,10
2022-11-23,DEVICE_STATUS_CHANGED,745
2022-11-23,DEVICE_TRANSFERRED,681
2022-11-23,MAINTENANCE_COMPLETED,1110
2022-11-23,REPAIR_COMPLETED,781
2022-11-24,DEVICE_DISPOSED,27
2022-11-24,DEVICE_RECEIVED,132
2022-11-24,DEVICE_REGISTERED,10
2022-11-24,DEVICE_STATUS_CHANGED,787
2022-11-24,DEVICE_TRANSFERRED,661
2022-11-24,MAINTENANCE_COMPLETED,1145
2022-11-24,REPAIR_COMPLETED,821
2022-11-25,DEVICE_DISPOSED,15
2022-11-25,DEVICE_RECEIVED,114
2022-11-25,DEVICE_REGISTERED,12
2022-11-25,DEVICE_STATUS_CHANGED,732
2022-11-25,DEVICE_TRANSFERRED,675
2022-11-25,MAINTENANCE_COMPLETED,1127
2022-11-25,REPAIR_COMPLETED,775
2022-11-26,DEVICE_DISPOSED,27
2022-11-26,DEVICE_RECEIVED,143
2022-11-26,DEVICE_REGISTERED,10
2022-11-26,DEVICE_STATUS_CHANGED,759
2022-11-26,DEVICE_TRANSFERRED,713
2022-11-26,MAINTENANCE_COMPLETED,1063
2022-11-26,REPAIR_COMPLETED,655
2022-11-27,DEVICE_DISPOSED,11
2022-11-27,DEVICE_RECEIVED,131
2022-11-27,DEVICE_REGISTERED,12
2022-11-27,DEVICE_STATUS_CHANGED,717
2022-11-27,DEVICE_TRANSFERRED,689
2022-11-27,MAINTENANCE_COMPLETED,1109
2022-11-27,REPAIR_COMPLETED,783
2022-11-28,DEVICE_DISPOSED,28
2022-11-28,DEVICE_RECEIVED,140
2022-11-28,DEVICE_REGISTERED,7
2022-11-28,DEVICE_STATUS_CHANGED,709
2022-11-28,DEVICE_TRANSFERRED,644
2022-11-28,MAINTENANCE_COMPLETED,1034
2022-11-28,REPAIR_COMPLETED,733
2022-11-29,DEVICE_DISPOSED,22
2022-11-29,DEVICE_RECEIVED,141
2022-11-29,DEVICE_REGISTERED,9
2022-11-29,DEVICE_STATUS_CHANGED,704
2022-11-29,DEVICE_TRANSFERRED,608
2022-11-29,MAINTENANCE_COMPLETED,1060
2022-11-29,REPAIR_COMPLETED,755
2022-11-30,DEVICE_DISPOSED,20
2022-11-30,DEVICE_RECEIVED,134
2022-11-30,DEVICE_REGISTERED,9
2022-11-30,DEVICE_STATUS_CHANGED,737
2022-11-30,DEVICE_TRANSFERRED,647
2022-11-30,MAINTENANCE_COMPLETED,1100
2022-11-30,REPAIR_COMPLETED,767
2022-12-01,DEVICE_DISPOSED,17
2022-12-01,DEVICE_RECEIVED,117
2022-12-01,DEVICE_REGISTERED,7
2022-12-01,DEVICE_STATUS_CHANGED,706
2022-12-01,DEVICE_TRANSFERRED,629
2022-12-01,MAINTENANCE_COMPLETED,1107
2022-12-01,REPAIR_COMPLETED,730
2022-12-02,DEVICE_DISPOSED,23
2022-12-02,DEVICE_RECEIVED,144
2022-12-02,DEVICE_REGISTERED,5
2022-12-02,DEVICE_STATUS_CHANGED,767
2022-12-02,DEVICE_TRANSFERRED,638
2022-12-02,MAINTENANCE_COMPLETED,1134
2022-12-02,REPAIR_COMPLETED,800
2022-12-03,DEVICE_DISPOSED,16
2022-12-03,DEVICE_RECEIVED,139
2022-12-03,DEVICE_REGISTERED,7
2022-12-03,DEVICE_STATUS_CHANGED,781
2022-12-03,DEVICE_TRANSFERRED,645
2022-12-03,MAINTENANCE_COMPLETED,1131
2022-12-03,REPAIR_COMPLETED,787
2022-12-04,DEVICE_DISPOSED,26
2022-12-04,DEVICE_RECEIVED,129
2022-12-04,DEVICE_REGISTERED,8
2022-12-04,DEVICE_STATUS_CHANGED,725
2022-12-04,DEVICE_TRANSFERRED,658
2022-12-04,MAINTENANCE_COMPLETED,1108
2022-12-04,REPAIR_COMPLETED,799
2022-12-05,DEVICE_DISPOSED,22
2022-12-05,DEVICE_RECEIVED,140
2022-12-05,DEVICE_REGISTERED,9
2022-12-05,DEVICE_STATUS_CHANGED,718
2022-12-05,DEVICE_TRANSFERRED,687
2022-12-05,MAINTENANCE_COMPLETED,1124
2022-12-05,REPAIR_COMPLETED,786
2022-12-06,DEVICE_DISPOSED,17
2022-12-06,DEVICE_RECEIVED,146
2022-12-06,DEVICE_REGISTERED,16
2022-12-06,DEVICE_STATUS_CHANGED,759
2022-12-06,DEVICE_TRANSFERRED,656
2022-12-06,MAINTENANCE_COMPLETED,1117
2022-12-06,REPAIR_COMPLETED,742
2022-12-07,DEVICE_DISPOSED,18
2022-12-07,DEVICE_RECEIVED,135
2022-12-07,DEVICE_REGISTERED,8
2022-12-07,DEVICE_STATUS_CHANGED,780
2022-12-07,DEVICE_TRANSFERRED,669
2022-12-07,MAINTENANCE_COMPLETED,1101
2022-12-07,REPAIR_COMPLETED,791
2022-12-08,DEVICE_DISPOSED,26
2022-12-08,DEVICE_RECEIVED,116
2022-12-08,DEVICE_REGISTERED,12
2022-12-08,DEVICE_STATUS_CHANGED,737
2022-12-08,DEVICE_TRANSFERRED,695
2022-12-08,MAINTENANCE_COMPLETED,1033
2022-12-08,REPAIR_COMPLETED,748
2022-12-09,DEVICE_DISPOSED,17
2022-12-09,DEVICE_RECEIVED,142
2022-12-09,DEVICE_REGISTERED,5
2022-12-09,DEVICE_STATUS_CHANGED,719
2022-12-09,DEVICE_TRANSFERRED,621
2022-12-09,MAINTENANCE_COMPLETED,1076
2022-12-09,REPAIR_COMPLETED,742
2022-12-10,DEVICE_DISPOSED,18
2022-12-10,DEVICE_RECEIVED,146
2022-12-10,DEVICE_REGISTERED,5
2022-12-10,DEVICE_STATUS_CHANGED,722
2022-12-10,DEVICE_TRANSFERRED,673
2022-12-10,MAINTENANCE_COMPLETED,1137
2022-12-10,REPAIR_COMPLETED,768
2022-12-11,DEVICE_DISPOSED,22
2022-12-11,DEVICE_RECEIVED,111
2022-12-11,DEVICE_REGISTERED,13
2022-12-11,DEVICE_STATUS_CHANGED,715
2022-12-11,DEVICE_TRANSFERRED,708
2022-12-11,MAINTENANCE_COMPLETED,1141
2022-12-11,REPAIR_COMPLETED,764
2022-12-12,DEVICE_DISPOSED,22
2022-12-12,DEVICE_RECEIVED,134
2022-12-12,DEVICE_REGISTERED,9
2022-12-12,DEVICE_STATUS_CHANGED,732
2022-12-12,DEVICE_TRANSFERRED,682
2022-12-12,MAINTENANCE_COMPLETED,1050
2022-12-12,REPAIR_COMPLETED,795
2022-12-13,DEVICE_DISPOSED,24
2022-12-13,DEVICE_RECEIVED,145
2022-12-13,DEVICE_REGISTERED,10
2022-12-13,DEVICE_STATUS_CHANGED,739
2022-12-13,DEVICE_TRANSFERRED,679
2022-12-13,MAINTENANCE_COMPLETED,1094
2022-12-13,REPAIR_COMPLETED,776
2022-12-14,DEVICE_DISPOSED,19
2022-12-14,DEVICE_RECEIVED,144
2022-12-14,DEVICE_REGISTERED,6
2022-12-14,DEVICE_STATUS_CHANGED,731
2022-12-14,DEVICE_TRANSFERRED,641
2022-12-14,MAINTENANCE_COMPLETED,1100
2022-12-14,REPAIR_COMPLETED,795
2022-12-15,DEVICE_DISPOSED,28
2022-12-15,DEVICE_RECEIVED,129
2022-12-15,DEVICE_REGISTERED,8
2022-12-15,DEVICE_STATUS_CHANGED,700
2022-12-15,DEVICE_TRANSFERRED,699
2022-12-15,MAINTENANCE_COMPLETED,1123
2022-12-15,REPAIR_COMPLETED,705
2022-12-16,DEVICE_DISPOSED,20
2022-12-16,DEVICE_RECEIVED,104
2022-12-16,DEVICE_REGISTERED,6
2022-12-16,DEVICE_STATUS_CHANGED,773
2022-12-16,DEVICE_TRANSFERRED,641
2022-12-16,MAINTENANCE_COMPLETED,1124
2022-12-16,REPAIR_COMPLETED,792
2022-12-17,DEVICE_DISPOSED,21
2022-12-17,DEVICE_RECEIVED,130
2022-12-17,DEVICE_REGISTERED,7
2022-12-17,DEVICE_STATUS_CHANGED,743
2022-12-17,DEVICE_TRANSFERRED,604
2022-12-17,MAINTENANCE_COMPLETED,1023
2022-12-17,REPAIR_COMPLETED,744
2022-12-18,DEVICE_DISPOSED,21
2022-12-18,DEVICE_RECEIVED,134
2022-12-18,DEVICE_REGISTERED,5
2022-12-18,DEVICE_STATUS_CHANGED,738
2022-12-18,DEVICE_TRANSFERRED,629
2022-12-18,MAINTENANCE_COMPLETED,1075
2022-12-18,REPAIR_COMPLETED,757
2022-12-19,DEVICE_DISPOSED,26
2022-12-19,DEVICE_RECEIVED,133
2022-12-19,DEVICE_REGISTERED,9
2022-12-19,DEVICE_STATUS_CHANGED,776
2022-12-19,DEVICE_TRANSFERRED,670
2022-12-19,MAINTENANCE_COMPLETED,1076
2022-12-19,REPAIR_COMPLETED,754
2022-12-20,DEVICE_DISPOSED,24
2022-12-20,DEVICE_RECEIVED,114
2022-12-20,DEVICE_REGISTERED,10
2022-12-20,DEVICE_STATUS_CHANGED,717
2022-12-20,DEVICE_TRANSFERRED,690
2022-12-20,MAINTENANCE_COMPLETED,1072
2022-12-20,REPAIR_COMPLETED,715
2022-12-21,DEVICE_DISPOSED,24
2022-12-21,DEVICE_RECEIVED,119
2022-12-21,DEVICE_REGISTERED,5
2022-12-21,DEVICE_STATUS_CHANGED,734
2022-12-21,DEVICE_TRANSFERRED,635
2022-12-21,MAINTENANCE_COMPLETED,1092
2022-12-21,REPAIR_COMPLETED,792
2022-12-22,DEVICE_DISPOSED,24
2022-12-22,DEVICE_RECEIVED,133
2022-12-22,DEVICE_REGISTERED,5
2022-12-22,DEVICE_STATUS_CHANGED,725
2022-12-22,DEVICE_TRANSFERRED,671
2022-12-22,MAINTENANCE_COMPLETED,1097
2022-12-22,REPAIR_COMPLETED,803
2022-12-23,DEVICE_DISPOSED,21
2022-12-23,DEVICE_RECEIVED,142
2022-12-23,DEVICE_REGISTERED,9
2022-12-23,DEVICE_STATUS_CHANGED,765
2022-12-23,DEVICE_TRANSFERRED,696
2022-12-23,MAINTENANCE_COMPLETED,1082
2022-12-23,REPAIR_COMPLETED,814
2022-12-24,DEVICE_DISPOSED,28
2022-12-24,DEVICE_RECEIVED,134
2022-12-24,DEVICE_REGISTERED,3
2022-12-24,DEVICE_STATUS_CHANGED,817
2022-12-24,DEVICE_TRANSFERRED,681
2022-12-24,MAINTENANCE_COMPLETED,1159
2022-12-24,REPAIR_COMPLETED,731
2022-12-25,DEVICE_DISPOSED,30
2022-12-25,DEVICE_RECEIVED,145
2022-12-25,DEVICE_REGISTERED,6
2022-12-25,DEVICE_STATUS_CHANGED,712
2022-12-25,DEVICE_TRANSFERRED,675
2022-12-25,MAINTENANCE_COMPLETED,1114
2022-12-25,REPAIR_COMPLETED,778
2022-12-26,DEVICE_DISPOSED,26
2022-12-26,DEVICE_RECEIVED,134
2022-12-26,DEVICE_REGISTERED,14
2022-12-26,DEVICE_STATUS_CHANGED,725
2022-12-26,DEVICE_TRANSFERRED,672
2022-12-26,MAINTENANCE_COMPLETED,1066
2022-12-26,REPAIR_COMPLETED,792
2022-12-27,DEVICE_DISPOSED,29
2022-12-27,DEVICE_RECEIVED,131
2022-12-27,DEVICE_REGISTERED,9
2022-12-27,DEVICE_STATUS_CHANGED,692
2022-12-27,DEVICE_TRANSFERRED,652
2022-12-27,MAINTENANCE_COMPLETED,1133
2022-12-27,REPAIR_COMPLETED,800
2022-12-28,DEVICE_DISPOSED,30
2022-12-28,DEVICE_RECEIVED,140
2022-12-28,DEVICE_REGISTERED,8
2022-12-28,DEVICE_STATUS_CHANGED,784
2022-12-28,DEVICE_TRANSFERRED,685
2022-12-28,MAINTENANCE_COMPLETED,1055
2022-12-28,REPAIR_COMPLETED,792
2022-12-29,DEVICE_DISPOSED,27
2022-12-29,DEVICE_RECEIVED,126
2022-12-29,DEVICE_REGISTERED,5
2022-12-29,DEVICE_STATUS_CHANGED,723
2022-12-29,DEVICE_TRANSFERRED,676
2022-12-29,MAINTENANCE_COMPLETED,1070
2022-12-29,REPAIR_COMPLETED,773
2022-12-30,DEVICE_DISPOSED,20
2022-12-30,DEVICE_RECEIVED,154
2022-12-30,DEVICE_REGISTERED,8
2022-12-30,DEVICE_STATUS_CHANGED,757
2022-12-30,DEVICE_TRANSFERRED,648
2022-12-30,MAINTENANCE_COMPLETED,1060
2022-12-30,REPAIR_COMPLETED,791
2022-12-31,DEVICE_DISPOSED,21
2022-12-31,DEVICE_RECEIVED,119
2022-12-31,DEVICE_REGISTERED,12
2022-12-31,DEVICE_STATUS_CHANGED,715
2022-12-31,DEVICE_TRANSFERRED,677
2022-12-31,MAINTENANCE_COMPLETED,1088
2022-12-31,REPAIR_COMPLETED,785
2023-01-01,DEVICE_DISPOSED,23
2023-01-01,DEVICE_RECEIVED,138
2023-01-01,DEVICE_REGISTERED,7
2023-01-01,DEVICE_STATUS_CHANGED,728
2023-01-01,DEVICE_TRANSFERRED,623
2023-01-01,MAINTENANCE_COMPLETED,1164
2023-01-01,REPAIR_COMPLETED,789
2023-01-02,DEVICE_DISPOSED,35
2023-01-02,DEVICE_RECEIVED,138
2023-01-02,DEVICE_REGISTERED,6
2023-01-02,DEVICE_STATUS_CHANGED,688
2023-01-02,DEVICE_TRANSFERRED,651
2023-01-02,MAINTENANCE_COMPLETED,1103
2023-01-02,REPAIR_COMPLETED,755
2023-01-03,DEVICE_DISPOSED,21
2023-01-03,DEVICE_RECEIVED,124
2023-01-03,DEVICE_REGISTERED,6
2023-01-03,DEVICE_STATUS_CHANGED,669
2023-01-03,DEVICE_TRANSFERRED,659
2023-01-03,MAINTENANCE_COMPLETED,1055
2023-01-03,REPAIR_COMPLETED,718
2023-01-04,DEVICE_DISPOSED,17
2023-01-04,DEVICE_RECEIVED,129
2023-01-04,DEVICE_REGISTERED,11
2023-01-04,DEVICE_STATUS_CHANGED,687
2023-01-04,DEVICE_TRANSFERRED,640
2023-01-04,MAINTENANCE_COMPLETED,1087
2023-01-04,REPAIR_COMPLETED,754
2023-01-05,DEVICE_DISPOSED,25
2023-01-05,DEVICE_RECEIVED,119
2023-01-05,DEVICE_REGISTERED,7
2023-01-05,DEVICE_STATUS_CHANGED,780
2023-01-05,DEVICE_TRANSFERRED,658
2023-01-05,MAINTENANCE_COMPLETED,1140
2023-01-05,REPAIR_COMPLETED,744
2023-01-06,DEVICE_DISPOSED,20
2023-01-06,DEVICE_RECEIVED,120
2023-01-06,DEVICE_REGISTERED,5
2023-01-06,DEVICE_STATUS_CHANGED,720
2023-01-06,DEVICE_TRANSFERRED,648
2023-01-06,MAINTENANCE_COMPLETED,1044
2023-01-06,REPAIR_COMPLETED,791
2023-01-07,DEVICE_DISPOSED,19
2023-01-07,DEVICE_RECEIVED,119
2023-01-07,DEVICE_REGISTERED,6
2023-01-07,DEVICE_STATUS_CHANGED,722
2023-01-07,DEVICE_TRANSFERRED,645
2023-01-07,MAINTENANCE_COMPLETED,1064
2023-01-07,REPAIR_COMPLETED,766
2023-01-08,DEVICE_DISPOSED,30
2023-01-08,DEVICE_RECEIVED,125
2023-01-08,DEVICE_REGISTERED,8
2023-01-08,DEVICE_STATUS_CHANGED,696
2023-01-08,DEVICE_TRANSFERRED,644
2023-01-08,MAINTENANCE_COMPLETED,1064
2023-01-08,REPAIR_COMPLETED,785
2023-01-09,DEVICE_DISPOSED,20
2023-01-09,DEVICE_RECEIVED,133
2023-01-09,DEVICE_REGISTERED,6
2023-01-09,DEVICE_STATUS_CHANGED,731
2023-01-09,DEVICE_TRANSFERRED,655
2023-01-09,MAINTENANCE_COMPLETED,1038
2023-01-09,REPAIR_COMPLETED,776
2023-01-10,DEVICE_DISPOSED,22
2023-01-10,DEVICE_RECEIVED,136
2023-01-10,DEVICE_REGISTERED,5
2023-01-10,DEVICE_STATUS_CHANGED,728
2023-01-10,DEVICE_TRANSFERRED,669
2023-01-10,MAINTENANCE_COMPLETED,1109
2023-01-10,REPAIR_COMPLETED,786
2023-01-11,DEVICE_DISPOSED,21
2023-01-11,DEVICE_RECEIVED,135
2023-01-11,DEVICE_REGISTERED,12
2023-01-11,DEVICE_STATUS_CHANGED,703
2023-01-11,DEVICE_TRANSFERRED,696
2023-01-11,MAINTENANCE_COMPLETED,1092
2023-01-11,REPAIR_COMPLETED,773
2023-01-12,DEVICE_DISPOSED,23
2023-01-12,DEVICE_RECEIVED,120
2023-01-12,DEVICE_REGISTERED,9
2023-01-12,DEVICE_STATUS_CHANGED,709
2023-01-12,DEVICE_TRANSFERRED,673
2023-01-12,MAINTENANCE_COMPLETED,1102
2023-01-12,REPAIR_COMPLETED,781
2023-01-13,DEVICE_DISPOSED,14
2023-01-13,DEVICE_RECEIVED,123
2023-01-13,DEVICE_REGISTERED,6
2023-01-13,DEVICE_STATUS_CHANGED,773
2023-01-13,DEVICE_TRANSFERRED,640
2023-01-13,MAINTENANCE_COMPLETED,1107
2023-01-13,REPAIR_COMPLETED,736
2023-01-14,DEVICE_DISPOSED,20
2023-01-14,DEVICE_RECEIVED,142
2023-01-14,DEVICE_REGISTERED,4
2023-01-14,DEVICE_STATUS_CHANGED,775
2023-01-14,DEVICE_TRANSFERRED,639
2023-01-14,MAINTENANCE_COMPLETED,1123
2023-01-14,REPAIR_COMPLETED,823
2023-01-15,DEVICE_DISPOSED,13
2023-01-15,DEVICE_RECEIVED,142
2023-01-15,DEVICE_REGISTERED,9
2023-01-15,DEVICE_STATUS_CHANGED,728
2023-01-15,DEVICE_TRANSFERRED,641
2023-01-15,MAINTENANCE_COMPLETED,1162
2023-01-15,REPAIR_COMPLETED,734
2023-01-16,DEVICE_DISPOSED,23
2023-01-16,DEVICE_RECEIVED,155
2023-01-16,DEVICE_REGISTERED,10
2023-01-16,DEVICE_STATUS_CHANGED,752
2023-01-16,DEVICE_TRANSFERRED,652
2023-01-16,MAINTENANCE_COMPLETED,1059
2023-01-16,REPAIR_COMPLETED,758
2023-01-17,DEVICE_DISPOSED,21
2023-01-17,DEVICE_RECEIVED,130
2023-01-17,DEVICE_REGISTERED,6
2023-01-17,DEVICE_STATUS_CHANGED,709
2023-01-17,DEVICE_TRANSFERRED,695
2023-01-17,MAINTENANCE_COMPLETED,1078
2023-01-17,REPAIR_COMPLETED,784
2023-01-18,DEVICE_DISPOSED,18
2023-01-18,DEVICE_RECEIVED,138
2023-01-18,DEVICE_REGISTERED,14
2023-01-18,DEVICE_STATUS_CHANGED,752
2023-01-18,DEVICE_TRANSFERRED,684
2023-01-18,MAINTENANCE_COMPLETED,1166
2023-01-18,REPAIR_COMPLETED,779
2023-01-19,DEVICE_DISPOSED,31
2023-01-19,DEVICE_RECEIVED,141
2023-01-19,DEVICE_REGISTERED,9
2023-01-19,DEVICE_STATUS_CHANGED,761
2023-01-19,DEVICE_TRANSFERRED,677
2023-01-19,MAINTENANCE_COMPLETED,1063
2023-01-19,REPAIR_COMPLETED,755
2023-01-20,DEVICE_DISPOSED,14
2023-01-20,DEVICE_RECEIVED,131
2023-01-20,DEVICE_REGISTERED,5
2023-01-20,DEVICE_STATUS_CHANGED,716
2023-01-20,DEVICE_TRANSFERRED,646
2023-01-20,MAINTENANCE_COMPLETED,1100
2023-01-20,REPAIR_COMPLETED,732
2023-01-21,DEVICE_DISPOSED,28
2023-01-21,DEVICE_RECEIVED,124
2023-01-21,DEVICE_REGISTERED,4
2023-01-21,DEVICE_STATUS_CHANGED,745
2023-01-21,DEVICE_TRANSFERRED,687
2023-01-21,MAINTENANCE_COMPLETED,1043
2023-01-21,REPAIR_COMPLETED,777
2023-01-22,DEVICE_DISPOSED,21
2023-01-22,DEVICE_RECEIVED,137
2023-01-22,DEVICE_REGISTERED,11
2023-01-22,DEVICE_STATUS_CHANGED,736
2023-01-22,DEVICE_TRANSFERRED,617
2023-01-22,MAINTENANCE_COMPLETED,1118
2023-01-22,REPAIR_COMPLETED,753
2023-01-23,DEVICE_DISPOSED,23
2023-01-23,DEVICE_RECEIVED,163
2023-01-23,DEVICE_REGISTERED,10
2023-01-23,DEVICE_STATUS_CHANGED,703
2023-01-23,DEVICE_TRANSFERRED,682
2023-01-23,MAINTENANCE_COMPLETED,1103
2023-01-23,REPAIR_COMPLETED,770
2023-01-24,DEVICE_DISPOSED,19
2023-01-24,DEVICE_RECEIVED,127
2023-01-24,DEVICE_REGISTERED,7
2023-01-24,DEVICE_STATUS_CHANGED,742
2023-01-24,DEVICE_TRANSFERRED,642
2023-01-24,MAINTENANCE_COMPLETED,1108
2023-01-24,REPAIR_COMPLETED,778
2023-01-25,DEVICE_DISPOSED,22
2023-01-25,DEVICE_RECEIVED,134
2023-01-25,DEVICE_REGISTERED,9
2023-01-25,DEVICE_STATUS_CHANGED,757
2023-01-25,DEVICE_TRANSFERRED,647
2023-01-25,MAINTENANCE_COMPLETED,1043
2023-01-25,REPAIR_COMPLETED,807
2023-01-26,DEVICE_DISPOSED,24
2023-01-26,DEVICE_RECEIVED,117
2023-01-26,DEVICE_REGISTERED,9
2023-01-26,DEVICE_STATUS_CHANGED,711
2023-01-26,DEVICE_TRANSFERRED,626
2023-01-26,MAINTENANCE_COMPLETED,1101
2023-01-26,REPAIR_COMPLETED,796
2023-01-27,DEVICE_DISPOSED,35
2023-01-27,DEVICE_RECEIVED,134
2023-01-27,DEVICE_REGISTERED,10
2023-01-27,DEVICE_STATUS_CHANGED,755
2023-01-27,DEVICE_TRANSFERRED,653
2023-01-27,MAINTENANCE_COMPLETED,1075
2023-01-27,REPAIR_COMPLETED,775
2023-01-28,DEVICE_DISPOSED,23
2023-01-28,DEVICE_RECEIVED,134
2023-01-28,DEVICE_REGISTERED,6
2023-01-28,DEVICE_STATUS_CHANGED,740
2023-01-28,DEVICE_TRANSFERRED,607
2023-01-28,MAINTENANCE_COMPLETED,1103
2023-01-28,REPAIR_COMPLETED,755
2023-01-29,DEVICE_DISPOSED,33
2023-01-29,DEVICE_RECEIVED,127
2023-01-29,DEVICE_REGISTERED,6
2023-01-29,DEVICE_STATUS_CHANGED,726
2023-01-29,DEVICE_TRANSFERRED,673
2023-01-29,MAINTENANCE_COMPLETED,1098
2023-01-29,REPAIR_COMPLETED,786
2023-01-30,DEVICE_DISPOSED,29
2023-01-30,DEVICE_RECEIVED,138
2023-01-30,DEVICE_REGISTERED,6
2023-01-30,DEVICE_STATUS_CHANGED,731
2023-01-30,DEVICE_TRANSFERRED,629
2023-01-30,MAINTENANCE_COMPLETED,1053
2023-01-30,REPAIR_COMPLETED,770
2023-01-31,DEVICE_DISPOSED,31
2023-01-31,DEVICE_RECEIVED,125
2023-01-31,DEVICE_REGISTERED,5
2023-01-31,DEVICE_STATUS_CHANGED,767
2023-01-31,DEVICE_TRANSFERRED,655
2023-01-31,MAINTENANCE_COMPLETED,1066
2023-01-31,REPAIR_COMPLETED,839
2023-02-01,DEVICE_DISPOSED,28
2023-02-01,DEVICE_RECEIVED,124
2023-02-01,DEVICE_REGISTERED,1
2023-02-01,DEVICE_STATUS_CHANGED,680
2023-02-01,DEVICE_TRANSFERRED,687
2023-02-01,MAINTENANCE_COMPLETED,1040
2023-02-01,REPAIR_COMPLETED,755
2023-02-02,DEVICE_DISPOSED,23
2023-02-02,DEVICE_RECEIVED,118
2023-02-02,DEVICE_REGISTERED,14
2023-02-02,DEVICE_STATUS_CHANGED,752
2023-02-02,DEVICE_TRANSFERRED,648
2023-02-02,MAINTENANCE_COMPLETED,1070
2023-02-02,REPAIR_COMPLETED,718
2023-02-03,DEVICE_DISPOSED,22
2023-02-03,DEVICE_RECEIVED,120
2023-02-03,DEVICE_STATUS_CHANGED,737
2023-02-03,DEVICE_TRANSFERRED,655
2023-02-03,MAINTENANCE_COMPLETED,1112
2023-02-03,REPAIR_COMPLETED,747
2023-02-04,DEVICE_DISPOSED,22
2023-02-04,DEVICE_RECEIVED,148
2023-02-04,DEVICE_REGISTERED,5
2023-02-04,DEVICE_STATUS_CHANGED,695
2023-02-04,DEVICE_TRANSFERRED,649
2023-02-04,MAINTENANCE_COMPLETED,1100
2023-02-04,REPAIR_COMPLETED,795
2023-02-05,DEVICE_DISPOSED,21
2023-02-05,DEVICE_RECEIVED,109
2023-02-05,DEVICE_REGISTERED,5
2023-02-05,DEVICE_STATUS_CHANGED,700
2023-02-05,DEVICE_TRANSFERRED,665
2023-02-05,MAINTENANCE_COMPLETED,1114
2023-02-05,REPAIR_COMPLETED,772
2023-02-06,DEVICE_DISPOSED,18
2023-02-06,DEVICE_RECEIVED,143
2023-02-06,DEVICE_REGISTERED,8
2023-02-06,DEVICE_STATUS_CHANGED,746
2023-02-06,DEVICE_TRANSFERRED,644
2023-02-06,MAINTENANCE_COMPLETED,1054
2023-02-06,REPAIR_COMPLETED,747
2023-02-07,DEVICE_DISPOSED,17
2023-02-07,DEVICE_RECEIVED,147
2023-02-07,DEVICE_REGISTERED,8
2023-02-07,DEVICE_STATUS_CHANGED,738
2023-02-07,DEVICE_TRANSFERRED,692
2023-02-07,MAINTENANCE_COMPLETED,1141
2023-02-07,REPAIR_COMPLETED,765
2023-02-08,DEVICE_DISPOSED,20
2023-02-08,DEVICE_RECEIVED,143
2023-02-08,DEVICE_REGISTERED,3
2023-02-08,DEVICE_STATUS_CHANGED,750
2023-02-08,DEVICE_TRANSFERRED,618
2023-02-08,MAINTENANCE_COMPLETED,1102
2023-02-08,REPAIR_COMPLETED,751
2023-02-09,DEVICE_DISPOSED,21
2023-02-09,DEVICE_RECEIVED,124
2023-02-09,DEVICE_REGISTERED,6
2023-02-09,DEVICE_STATUS_CHANGED,795
2023-02-09,DEVICE_TRANSFERRED,655
2023-02-09,MAINTENANCE_COMPLETED,1060
2023-02-09,REPAIR_COMPLETED,799
2023-02-10,DEVICE_DISPOSED,20
2023-02-10,DEVICE_RECEIVED,111
2023-02-10,DEVICE_REGISTERED,9
2023-02-10,DEVICE_STATUS_CHANGED,759
2023-02-10,DEVICE_TRANSFERRED,672
2023-02-10,MAINTENANCE_COMPLETED,1125
2023-02-10,REPAIR_COMPLETED,808
2023-02-11,DEVICE_DISPOSED,26
2023-02-11,DEVICE_RECEIVED,115
2023-02-11,DEVICE_REGISTERED,9
2023-02-11,DEVICE_STATUS_CHANGED,704
2023-02-11,DEVICE_TRANSFERRED,685
2023-02-11,MAINTENANCE_COMPLETED,1134
2023-02-11,REPAIR_COMPLETED,787
2023-02-12,DEVICE_DISPOSED,22
2023-02-12,DEVICE_RECEIVED,122
2023-02-12,DEVICE_REGISTERED,6
2023-02-12,DEVICE_STATUS_CHANGED,760
2023-02-12,DEVICE_TRANSFERRED,602
2023-02-12,MAINTENANCE_COMPLETED,1082
2023-02-12,REPAIR_COMPLETED,782
2023-02-13,DEVICE_DISPOSED,15
2023-02-13,DEVICE_RECEIVED,159
2023-02-13,DEVICE_REGISTERED,5
2023-02-13,DEVICE_STATUS_CHANGED,680
2023-02-13,DEVICE_TRANSFERRED,629
2023-02-13,MAINTENANCE_COMPLETED,1062
2023-02-13,REPAIR_COMPLETED,794
2023-02-14,DEVICE_DISPOSED,17
2023-02-14,DEVICE_RECEIVED,131
2023-02-14,DEVICE_REGISTERED,6
2023-02-14,DEVICE_STATUS_CHANGED,759
2023-02-14,DEVICE_TRANSFERRED,657
2023-02-14,MAINTENANCE_COMPLETED,1072
2023-02-14,REPAIR_COMPLETED,742
2023-02-15,DEVICE_DISPOSED,13
2023-02-15,DEVICE_RECEIVED,143
2023-02-15,DEVICE_REGISTERED,3
2023-02-15,DEVICE_STATUS_CHANGED,718
2023-02-15,DEVICE_TRANSFERRED,668
2023-02-15,MAINTENANCE_COMPLETED,1122
2023-02-15,REPAIR_COMPLETED,794
2023-02-16,DEVICE_DISPOSED,18
2023-02-16,DEVICE_RECEIVED,154
2023-02-16,DEVICE_REGISTERED,10
2023-02-16,DEVICE_STATUS_CHANGED,720
2023-02-16,DEVICE_TRANSFERRED,620
2023-02-16,MAINTENANCE_COMPLETED,1152
2023-02-16,REPAIR_COMPLETED,773
2023-02-17,DEVICE_DISPOSED,24
2023-02-17,DEVICE_RECEIVED,119
2023-02-17,DEVICE_REGISTERED,8
2023-02-17,DEVICE_STATUS_CHANGED,744
2023-02-17,DEVICE_TRANSFERRED,694
2023-02-17,MAINTENANCE_COMPLETED,1155
2023-02-17,REPAIR_COMPLETED,787
2023-02-18,DEVICE_DISPOSED,22
2023-02-18,DEVICE_RECEIVED,135
2023-02-18,DEVICE_REGISTERED,8
2023-02-18,DEVICE_STATUS_CHANGED,709
2023-02-18,DEVICE_TRANSFERRED,657
2023-02-18,MAINTENANCE_COMPLETED,1163
2023-02-18,REPAIR_COMPLETED,748
2023-02-19,DEVICE_DISPOSED,19
2023-02-19,DEVICE_RECEIVED,135
2023-02-19,DEVICE_REGISTERED,7
2023-02-19,DEVICE_STATUS_CHANGED,759
2023-02-19,DEVICE_TRANSFERRED,620
2023-02-19,MAINTENANCE_COMPLETED,1077
2023-02-19,REPAIR_COMPLETED,734
2023-02-20,DEVICE_DISPOSED,16
2023-02-20,DEVICE_RECEIVED,140
2023-02-20,DEVICE_REGISTERED,8
2023-02-20,DEVICE_STATUS_CHANGED,760
2023-02-20,DEVICE_TRANSFERRED,641
2023-02-20,MAINTENANCE_COMPLETED,1119
2023-02-20,REPAIR_COMPLETED,717
2023-02-21,DEVICE_DISPOSED,24
2023-02-21,DEVICE_RECEIVED,142
2023-02-21,DEVICE_REGISTERED,8
2023-02-21,DEVICE_STATUS_CHANGED,704
2023-02-21,DEVICE_TRANSFERRED,664
2023-02-21,MAINTENANCE_COMPLETED,1097
2023-02-21,REPAIR_COMPLETED,735
2023-02-22,DEVICE_DISPOSED,21
2023-02-22,DEVICE_RECEIVED,139
2023-02-22,DEVICE_REGISTERED,7
2023-02-22,DEVICE_STATUS_CHANGED,762
2023-02-22,DEVICE_TRANSFERRED,677
2023-02-22,MAINTENANCE_COMPLETED,1062
2023-02-22,REPAIR_COMPLETED,774
2023-02-23,DEVICE_DISPOSED,18
2023-02-23,DEVICE_RECEIVED,119
2023-02-23,DEVICE_REGISTERED,7
2023-02-23,DEVICE_STATUS_CHANGED,736
2023-02-23,DEVICE_TRANSFERRED,624
2023-02-23,MAINTENANCE_COMPLETED,1151
2023-02-23,REPAIR_COMPLETED,840
2023-02-24,DEVICE_DISPOSED,20
2023-02-24,DEVICE_RECEIVED,125
2023-02-24,DEVICE_REGISTERED,9
2023-02-24,DEVICE_STATUS_CHANGED,757
2023-02-24,DEVICE_TRANSFERRED,712
2023-02-24,MAINTENANCE_COMPLETED,1130
2023-02-24,REPAIR_COMPLETED,788
2023-02-25,DEVICE_DISPOSED,31
2023-02-25,DEVICE_RECEIVED,136
2023-02-25,DEVICE_REGISTERED,3
2023-02-25,DEVICE_STATUS_CHANGED,716
2023-02-25,DEVICE_TRANSFERRED,647
2023-02-25,MAINTENANCE_COMPLETED,1138
2023-02-25,REPAIR_COMPLETED,752
2023-02-26,DEVICE_DISPOSED,24
2023-02-26,DEVICE_RECEIVED,125
2023-02-26,DEVICE_REGISTERED,3
2023-02-26,DEVICE_STATUS_CHANGED,699
2023-02-26,DEVICE_TRANSFERRED,675
2023-02-26,MAINTENANCE_COMPLETED,1150
2023-02-26,REPAIR_COMPLETED,795
2023-02-27,DEVICE_DISPOSED,24
2023-02-27,DEVICE_RECEIVED,129
2023-02-27,DEVICE_REGISTERED,12
2023-02-27,DEVICE_STATUS_CHANGED,730
2023-02-27,DEVICE_TRANSFERRED,623
2023-02-27,MAINTENANCE_COMPLETED,1145
2023-02-27,REPAIR_COMPLETED,729
2023-02-28,DEVICE_DISPOSED,19
2023-02-28,DEVICE_RECEIVED,127
2023-02-28,DEVICE_REGISTERED,7
2023-02-28,DEVICE_STATUS_CHANGED,699
2023-02-28,DEVICE_TRANSFERRED,685
2023-02-28,MAINTENANCE_COMPLETED,1176
2023-02-28,REPAIR_COMPLETED,772
2023-03-01,DEVICE_DISPOSED,28
2023-03-01,DEVICE_RECEIVED,134
2023-03-01,DEVICE_REGISTERED,2
2023-03-01,DEVICE_STATUS_CHANGED,749
2023-03-01,DEVICE_TRANSFERRED,643
2023-03-01,MAINTENANCE_COMPLETED,1096
2023-03-01,REPAIR_COMPLETED,816
2023-03-02,DEVICE_DISPOSED,27
2023-03-02,DEVICE_RECEIVED,155
2023-03-02,DEVICE_REGISTERED,6
2023-03-02,DEVICE_STATUS_CHANGED,782
2023-03-02,DEVICE_TRANSFERRED,674
2023-03-02,MAINTENANCE_COMPLETED,1145
2023-03-02,REPAIR_COMPLETED,777
2023-03-03,DEVICE_DISPOSED,22
2023-03-03,DEVICE_RECEIVED,139
2023-03-03,DEVICE_REGISTERED,7
2023-03-03,DEVICE_STATUS_CHANGED,715
2023-03-03,DEVICE_TRANSFERRED,640
2023-03-03,MAINTENANCE_COMPLETED,1124
2023-03-03,REPAIR_COMPLETED,737
2023-03-04,DEVICE_DISPOSED,16
2023-03-04,DEVICE_RECEIVED,126
2023-03-04,DEVICE_REGISTERED,10
2023-03-04,DEVICE_STATUS_CHANGED,746
2023-03-04,DEVICE_TRANSFERRED,618
2023-03-04,MAINTENANCE_COMPLETED,1074
2023-03-04,REPAIR_COMPLETED,780
2023-03-05,DEVICE_DISPOSED,26
2023-03-05,DEVICE_RECEIVED,108
2023-03-05,DEVICE_REGISTERED,11
2023-03-05,DEVICE_STATUS_CHANGED,726
2023-03-05,DEVICE_TRANSFERRED,679
2023-03-05,MAINTENANCE_COMPLETED,1123
2023-03-05,REPAIR_COMPLETED,808
2023-03-06,DEVICE_DISPOSED,16
2023-03-06,DEVICE_RECEIVED,138
2023-03-06,DEVICE_REGISTERED,11
2023-03-06,DEVICE_STATUS_CHANGED,718
2023-03-06,DEVICE_TRANSFERRED,677
2023-03-06,MAINTENANCE_COMPLETED,1213
2023-03-06,REPAIR_COMPLETED,814
2023-03-07,DEVICE_DISPOSED,29
2023-03-07,DEVICE_RECEIVED,151
2023-03-07,DEVICE_REGISTERED,5
2023-03-07,DEVICE_STATUS_CHANGED,667
2023-03-07,DEVICE_TRANSFERRED,656
2023-03-07,MAINTENANCE_COMPLETED,1095
2023-03-07,REPAIR_COMPLETED,771
2023-03-08,DEVICE_DISPOSED,23
2023-03-08,DEVICE_RECEIVED,125
2023-03-08,DEVICE_REGISTERED,6
2023-03-08,DEVICE_STATUS_CHANGED,683
2023-03-08,DEVICE_TRANSFERRED,663
2023-03-08,MAINTENANCE_COMPLETED,1131
2023-03-08,REPAIR_COMPLETED,748
2023-03-09,DEVICE_DISPOSED,19
2023-03-09,DEVICE_RECEIVED,150
2023-03-09,DEVICE_REGISTERED,9
2023-03-09,DEVICE_STATUS_CHANGED,749
2023-03-09,DEVICE_TRANSFERRED,667
2023-03-09,MAINTENANCE_COMPLETED,1117
2023-03-09,REPAIR_COMPLETED,800
2023-03-10,DEVICE_DISPOSED,26
2023-03-10,DEVICE_RECEIVED,141
2023-03-10,DEVICE_REGISTERED,5
2023-03-10,DEVICE_STATUS_CHANGED,763
2023-03-10,DEVICE_TRANSFERRED,628
2023-03-10,MAINTENANCE_COMPLETED,1115
2023-03-10,REPAIR_COMPLETED,772
2023-03-11,DEVICE_DISPOSED,25
2023-03-11,DEVICE_RECEIVED,132
2023-03-11,DEVICE_REGISTERED,5
2023-03-11,DEVICE_STATUS_CHANGED,723
2023-03-11,DEVICE_TRANSFERRED,616
2023-03-11,MAINTENANCE_COMPLETED,1083
2023-03-11,REPAIR_COMPLETED,746
2023-03-12,DEVICE_DISPOSED,22
2023-03-12,DEVICE_RECEIVED,125
2023-03-12,DEVICE_REGISTERED,6
2023-03-12,DEVICE_STATUS_CHANGED,747
2023-03-12,DEVICE_TRANSFERRED,646
2023-03-12,MAINTENANCE_COMPLETED,1090
2023-03-12,REPAIR_COMPLETED,698
2023-03-13,DEVICE_DISPOSED,23
2023-03-13,DEVICE_RECEIVED,120
2023-03-13,DEVICE_REGISTERED,2
2023-03-13,DEVICE_STATUS_CHANGED,748
2023-03-13,DEVICE_TRANSFERRED,637
2023-03-13,MAINTENANCE_COMPLETED,1061
2023-03-13,REPAIR_COMPLETED,791
2023-03-14,DEVICE_DISPOSED,19
2023-03-14,DEVICE_RECEIVED,132
2023-03-14,DEVICE_REGISTERED,6
2023-03-14,DEVICE_STATUS_CHANGED,733
2023-03-14,DEVICE_TRANSFERRED,663
2023-03-14,MAINTENANCE_COMPLETED,1113
2023-03-14,REPAIR_COMPLETED,811
2023-03-15,DEVICE_DISPOSED,21
2023-03-15,DEVICE_RECEIVED,124
2023-03-15,DEVICE_REGISTERED,6
2023-03-15,DEVICE_STATUS_CHANGED,698
2023-03-15,DEVICE_TRANSFERRED,695
2023-03-15,MAINTENANCE_COMPLETED,1014
2023-03-15,REPAIR_COMPLETED,753
2023-03-16,DEVICE_DISPOSED,27
2023-03-16,DEVICE_RECEIVED,120
2023-03-16,DEVICE_REGISTERED,7
2023-03-16,DEVICE_STATUS_CHANGED,717
2023-03-16,DEVICE_TRANSFERRED,696
2023-03-16,MAINTENANCE_COMPLETED,1039
2023-03-16,REPAIR_COMPLETED,818
2023-03-17,DEVICE_DISPOSED,18
2023-03-17,DEVICE_RECEIVED,117
2023-03-17,DEVICE_REGISTERED,10
2023-03-17,DEVICE_STATUS_CHANGED,784
2023-03-17,DEVICE_TRANSFERRED,653
2023-03-17,MAINTENANCE_COMPLETED,1092
2023-03-17,REPAIR_COMPLETED,799
2023-03-18,DEVICE_DISPOSED,16
2023-03-18,DEVICE_RECEIVED,122
2023-03-18,DEVICE_REGISTERED,10
2023-03-18,DEVICE_STATUS_CHANGED,726
2023-03-18,DEVICE_TRANSFERRED,633
2023-03-18,MAINTENANCE_COMPLETED,1120
2023-03-18,REPAIR_COMPLETED,807
2023-03-19,DEVICE_DISPOSED,18
2023-03-19,DEVICE_RECEIVED,126
2023-03-19,DEVICE_REGISTERED,12
2023-03-19,DEVICE_STATUS_CHANGED,722
2023-03-19,DEVICE_TRANSFERRED,682
2023-03-19,MAINTENANCE_COMPLETED,1121
2023-03-19,REPAIR_COMPLETED,709
2023-03-20,DEVICE_DISPOSED,21
2023-03-20,DEVICE_RECEIVED,138
2023-03-20,DEVICE_REGISTERED,7
2023-03-20,DEVICE_STATUS_CHANGED,738
2023-03-20,DEVICE_TRANSFERRED,688
2023-03-20,MAINTENANCE_COMPLETED,1126
2023-03-20,REPAIR_COMPLETED,738
2023-03-21,DEVICE_DISPOSED,22
2023-03-21,DEVICE_RECEIVED,117
2023-03-21,DEVICE_REGISTERED,10
2023-03-21,DEVICE_STATUS_CHANGED,701
2023-03-21,DEVICE_TRANSFERRED,667
2023-03-21,MAINTENANCE_COMPLETED,1117
2023-03-21,REPAIR_COMPLETED,763
2023-03-22,DEVICE_DISPOSED,22
2023-03-22,DEVICE_RECEIVED,161
2023-03-22,DEVICE_REGISTERED,13
2023-03-22,DEVICE_STATUS_CHANGED,715
2023-03-22,DEVICE_TRANSFERRED,645
2023-03-22,MAINTENANCE_COMPLETED,1084
2023-03-22,REPAIR_COMPLETED,762
2023-03-23,DEVICE_DISPOSED,23
2023-03-23,DEVICE_RECEIVED,138
2023-03-23,DEVICE_REGISTERED,1
2023-03-23,DEVICE_STATUS_CHANGED,710
2023-03-23,DEVICE_TRANSFERRED,634
2023-03-23,MAINTENANCE_COMPLETED,1130
2023-03-23,REPAIR_COMPLETED,775
2023-03-24,DEVICE_DISPOSED,19
2023-03-24,DEVICE_RECEIVED,114
2023-03-24,DEVICE_REGISTERED,7
2023-03-24,DEVICE_STATUS_CHANGED,748
2023-03-24,DEVICE_TRANSFERRED,631
2023-03-24,MAINTENANCE_COMPLETED,1068
2023-03-24,REPAIR_COMPLETED,780
2023-03-25,DEVICE_DISPOSED,29
2023-03-25,DEVICE_RECEIVED,137
2023-03-25,DEVICE_REGISTERED,3
2023-03-25,DEVICE_STATUS_CHANGED,702
2023-03-25,DEVICE_TRANSFERRED,655
2023-03-25,MAINTENANCE_COMPLETED,1118
2023-03-25,REPAIR_COMPLETED,751
2023-03-26,DEVICE_DISPOSED,25
2023-03-26,DEVICE_RECEIVED,114
2023-03-26,DEVICE_REGISTERED,8
2023-03-26,DEVICE_STATUS_CHANGED,738
2023-03-26,DEVICE_TRANSFERRED,650
2023-03-26,MAINTENANCE_COMPLETED,1090
2023-03-26,REPAIR_COMPLETED,764
2023-03-27,DEVICE_DISPOSED,21
2023-03-27,DEVICE_RECEIVED,144
2023-03-27,DEVICE_REGISTERED,15
2023-03-27,DEVICE_STATUS_CHANGED,756
2023-03-27,DEVICE_TRANSFERRED,653
2023-03-27,MAINTENANCE_COMPLETED,1108
2023-03-27,REPAIR_COMPLETED,750
2023-03-28,DEVICE_DISPOSED,26
2023-03-28,DEVICE_RECEIVED,144
2023-03-28,DEVICE_REGISTERED,5
2023-03-28,DEVICE_STATUS_CHANGED,708
2023-03-28,DEVICE_TRANSFERRED,661
2023-03-28,MAINTENANCE_COMPLETED,1107
2023-03-28,REPAIR_COMPLETED,754
2023-03-29,DEVICE_DISPOSED,20
2023-03-29,DEVICE_RECEIVED,129
2023-03-29,DEVICE_REGISTERED,5
2023-03-29,DEVICE_STATUS_CHANGED,740
2023-03-29,DEVICE_TRANSFERRED,675
2023-03-29,MAINTENANCE_COMPLETED,1047
2023-03-29,REPAIR_COMPLETED,755
2023-03-30,DEVICE_DISPOSED,16
2023-03-30,DEVICE_RECEIVED,127
2023-03-30,DEVICE_REGISTERED,7
2023-03-30,DEVICE_STATUS_CHANGED,710
2023-03-30,DEVICE_TRANSFERRED,668
2023-03-30,MAINTENANCE_COMPLETED,1088
2023-03-30,REPAIR_COMPLETED,794
2023-03-31,DEVICE_DISPOSED,25
2023-03-31,DEVICE_RECEIVED,129
2023-03-31,DEVICE_REGISTERED,6
2023-03-31,DEVICE_STATUS_CHANGED,720
2023-03-31,DEVICE_TRANSFERRED,666
2023-03-31,MAINTENANCE_COMPLETED,1105
2023-03-31,REPAIR_COMPLETED,718
2023-04-01,DEVICE_DISPOSED,16
2023-04-01,DEVICE_RECEIVED,133
2023-04-01,DEVICE_REGISTERED,4
2023-04-01,DEVICE_STATUS_CHANGED,680
2023-04-01,DEVICE_TRANSFERRED,656
2023-04-01,MAINTENANCE_COMPLETED,1140
2023-04-01,REPAIR_COMPLETED,768
2023-04-02,DEVICE_DISPOSED,23
2023-04-02,DEVICE_RECEIVED,138
2023-04-02,DEVICE_REGISTERED,7
2023-04-02,DEVICE_STATUS_CHANGED,732
2023-04-02,DEVICE_TRANSFERRED,701
2023-04-02,MAINTENANCE_COMPLETED,1078
2023-04-02,REPAIR_COMPLETED,782
2023-04-03,DEVICE_DISPOSED,25
2023-04-03,DEVICE_RECEIVED,124
2023-04-03,DEVICE_REGISTERED,8
2023-04-03,DEVICE_STATUS_CHANGED,738
2023-04-03,DEVICE_TRANSFERRED,687
2023-04-03,MAINTENANCE_COMPLETED,1083
2023-04-03,REPAIR_COMPLETED,792
2023-04-04,DEVICE_DISPOSED,25
2023-04-04,DEVICE_RECEIVED,116
2023-04-04,DEVICE_REGISTERED,7
2023-04-04,DEVICE_STATUS_CHANGED,761
2023-04-04,DEVICE_TRANSFERRED,678
2023-04-04,MAINTENANCE_COMPLETED,1073
2023-04-04,REPAIR_COMPLETED,728
2023-04-05,DEVICE_DISPOSED,24
2023-04-05,DEVICE_RECEIVED,155
2023-04-05,DEVICE_REGISTERED,5
2023-04-05,DEVICE_STATUS_CHANGED,754
2023-04-05,DEVICE_TRANSFERRED,655
2023-04-05,MAINTENANCE_COMPLETED,1148
2023-04-05,REPAIR_COMPLETED,827
2023-04-06,DEVICE_DISPOSED,21
2023-04-06,DEVICE_RECEIVED,139
2023-04-06,DEVICE_REGISTERED,5
2023-04-06,DEVICE_STATUS_CHANGED,678
2023-04-06,DEVICE_TRANSFERRED,661
2023-04-06,MAINTENANCE_COMPLETED,1044
2023-04-06,REPAIR_COMPLETED,803
2023-04-07,DEVICE_DISPOSED,18
2023-04-07,DEVICE_RECEIVED,144
2023-04-07,DEVICE_REGISTERED,5
2023-04-07,DEVICE_STATUS_CHANGED,749
2023-04-07,DEVICE_TRANSFERRED,663
2023-04-07,MAINTENANCE_COMPLETED,1119
2023-04-07,REPAIR_COMPLETED,760
2023-04-08,DEVICE_DISPOSED,26
2023-04-08,DEVICE_RECEIVED,123
2023-04-08,DEVICE_REGISTERED,9
2023-04-08,DEVICE_STATUS_CHANGED,731
2023-04-08,DEVICE_TRANSFERRED,658
2023-04-08,MAINTENANCE_COMPLETED,1109
2023-04-08,REPAIR_COMPLETED,762
2023-04-09,DEVICE_DISPOSED,22
2023-04-09,DEVICE_RECEIVED,139
2023-04-09,DEVICE_REGISTERED,10
2023-04-09,DEVICE_STATUS_CHANGED,740
2023-04-09,DEVICE_TRANSFERRED,639
2023-04-09,MAINTENANCE_COMPLETED,1116
2023-04-09,REPAIR_COMPLETED,763
2023-04-10,DEVICE_DISPOSED,23
2023-04-10,DEVICE_RECEIVED,143
2023-04-10,DEVICE_REGISTERED,8
2023-04-10,DEVICE_STATUS_CHANGED,729
2023-04-10,DEVICE_TRANSFERRED,695
2023-04-10,MAINTENANCE_COMPLETED,1100
2023-04-10,REPAIR_COMPLETED,762
2023-04-11,DEVICE_DISPOSED,24
2023-04-11,DEVICE_RECEIVED,135
2023-04-11,DEVICE_REGISTERED,5
2023-04-11,DEVICE_STATUS_CHANGED,735
2023-04-11,DEVICE_TRANSFERRED,633
2023-04-11,MAINTENANCE_COMPLETED,1125
2023-04-11,REPAIR_COMPLETED,855
2023-04-12,DEVICE_DISPOSED,20
2023-04-12,DEVICE_RECEIVED,112
2023-04-12,DEVICE_REGISTERED,7
2023-04-12,DEVICE_STATUS_CHANGED,740
2023-04-12,DEVICE_TRANSFERRED,660
2023-04-12,MAINTENANCE_COMPLETED,1112
2023-04-12,REPAIR_COMPLETED,792
2023-04-13,DEVICE_DISPOSED,32
2023-04-13,DEVICE_RECEIVED,135
2023-04-13,DEVICE_REGISTERED,9
2023-04-13,DEVICE_STATUS_CHANGED,761
2023-04-13,DEVICE_TRANSFERRED,672
2023-04-13,MAINTENANCE_COMPLETED,1150
2023-04-13,REPAIR_COMPLETED,787
2023-04-14,DEVICE_DISPOSED,20
2023-04-14,DEVICE_RECEIVED,130
2023-04-14,DEVICE_REGISTERED,10
2023-04-14,DEVICE_STATUS_CHANGED,728
2023-04-14,DEVICE_TRANSFERRED,657
2023-04-14,MAINTENANCE_COMPLETED,1100
2023-04-14,REPAIR_COMPLETED,755
2023-04-15,DEVICE_DISPOSED,20
2023-04-15,DEVICE_RECEIVED,154
2023-04-15,DEVICE_REGISTERED,6
2023-04-15,DEVICE_STATUS_CHANGED,734
2023-04-15,DEVICE_TRANSFERRED,670
2023-04-15,MAINTENANCE_COMPLETED,1102
2023-04-15,REPAIR_COMPLETED,803
2023-04-16,DEVICE_DISPOSED,17
2023-04-16,DEVICE_RECEIVED,133
2023-04-16,DEVICE_REGISTERED,5
2023-04-16,DEVICE_STATUS_CHANGED,675
2023-04-16,DEVICE_TRANSFERRED,659
2023-04-16,MAINTENANCE_COMPLETED,1179
2023-04-16,REPAIR_COMPLETED,777
2023-04-17,DEVICE_DISPOSED,20
2023-04-17,DEVICE_RECEIVED,131
2023-04-17,DEVICE_REGISTERED,13
2023-04-17,DEVICE_STATUS_CHANGED,743
2023-04-17,DEVICE_TRANSFERRED,685
2023-04-17,MAINTENANCE_COMPLETED,1028
2023-04-17,REPAIR_COMPLETED,781
2023-04-18,DEVICE_DISPOSED,24
2023-04-18,DEVICE_RECEIVED,139
2023-04-18,DEVICE_REGISTERED,5
2023-04-18,DEVICE_STATUS_CHANGED,737
2023-04-18,DEVICE_TRANSFERRED,692
2023-04-18,MAINTENANCE_COMPLETED,1081
2023-04-18,REPAIR_COMPLETED,808
2023-04-19,DEVICE_DISPOSED,27
2023-04-19,DEVICE_RECEIVED,116
2023-04-19,DEVICE_REGISTERED,2
2023-04-19,DEVICE_STATUS_CHANGED,750
2023-04-19,DEVICE_TRANSFERRED,628
2023-04-19,MAINTENANCE_COMPLETED,1099
2023-04-19,REPAIR_COMPLETED,742
2023-04-20,DEVICE_DISPOSED,18
2023-04-20,DEVICE_RECEIVED,127
2023-04-20,DEVICE_REGISTERED,5
2023-04-20,DEVICE_STATUS_CHANGED,734
2023-04-20,DEVICE_TRANSFERRED,615
2023-04-20,MAINTENANCE_COMPLETED,1093
2023-04-20,REPAIR_COMPLETED,746
2023-04-21,DEVICE_DISPOSED,22
2023-04-21,DEVICE_RECEIVED,131
2023-04-21,DEVICE_REGISTERED,5
2023-04-21,DEVICE_STATUS_CHANGED,728
2023-04-21,DEVICE_TRANSFERRED,698
2023-04-21,MAINTENANCE_COMPLETED,1142
2023-04-21,REPAIR_COMPLETED,814
2023-04-22,DEVICE_DISPOSED,20
2023-04-22,DEVICE_RECEIVED,111
2023-04-22,DEVICE_REGISTERED,9
2023-04-22,DEVICE_STATUS_CHANGED,732
2023-04-22,DEVICE_TRANSFERRED,642
2023-04-22,MAINTENANCE_COMPLETED,1113
2023-04-22,REPAIR_COMPLETED,807
2023-04-23,DEVICE_DISPOSED,31
2023-04-23,DEVICE_RECEIVED,161
2023-04-23,DEVICE_REGISTERED,13
2023-04-23,DEVICE_STATUS_CHANGED,767
2023-04-23,DEVICE_TRANSFERRED,598
2023-04-23,MAINTENANCE_COMPLETED,1085
2023-04-23,REPAIR_COMPLETED,754
2023-04-24,DEVICE_DISPOSED,23
2023-04-24,DEVICE_RECEIVED,136
2023-04-24,DEVICE_REGISTERED,9
2023-04-24,DEVICE_STATUS_CHANGED,728
2023-04-24,DEVICE_TRANSFERRED,670
2023-04-24,MAINTENANCE_COMPLETED,1118
2023-04-24,REPAIR_COMPLETED,754
2023-04-25,DEVICE_DISPOSED,22
2023-04-25,DEVICE_RECEIVED,153
2023-04-25,DEVICE_REGISTERED,11
2023-04-25,DEVICE_STATUS_CHANGED,760
2023-04-25,DEVICE_TRANSFERRED,648
2023-04-25,MAINTENANCE_COMPLETED,1100
2023-04-25,REPAIR_COMPLETED,773
2023-04-26,DEVICE_DISPOSED,13
2023-04-26,DEVICE_RECEIVED,148
2023-04-26,DEVICE_REGISTERED,9
2023-04-26,DEVICE_STATUS_CHANGED,736
2023-04-26,DEVICE_TRANSFERRED,646
2023-04-26,MAINTENANCE_COMPLETED,1077
2023-04-26,REPAIR_COMPLETED,770
2023-04-27,DEVICE_DISPOSED,18
2023-04-27,DEVICE_RECEIVED,127
2023-04-27,DEVICE_REGISTERED,6
2023-04-27,DEVICE_STATUS_CHANGED,768
2023-04-27,DEVICE_TRANSFERRED,638
2023-04-27,MAINTENANCE_COMPLETED,1126
2023-04-27,REPAIR_COMPLETED,778
2023-04-28,DEVICE_DISPOSED,21
2023-04-28,DEVICE_RECEIVED,116
2023-04-28,DEVICE_REGISTERED,7
2023-04-28,DEVICE_STATUS_CHANGED,790
2023-04-28,DEVICE_TRANSFERRED,699
2023-04-28,MAINTENANCE_COMPLETED,1149
2023-04-28,REPAIR_COMPLETED,770
2023-04-29,DEVICE_DISPOSED,15
2023-04-29,DEVICE_RECEIVED,131
2023-04-29,DEVICE_REGISTERED,11
2023-04-29,DEVICE_STATUS_CHANGED,748
2023-04-29,DEVICE_TRANSFERRED,730
2023-04-29,MAINTENANCE_COMPLETED,1054
2023-04-29,REPAIR_COMPLETED,799
2023-04-30,DEVICE_DISPOSED,21
2023-04-30,DEVICE_RECEIVED,125
2023-04-30,DEVICE_REGISTERED,13
2023-04-30,DEVICE_STATUS_CHANGED,757
2023-04-30,DEVICE_TRANSFERRED,670
2023-04-30,MAINTENANCE_COMPLETED,1092
2023-04-30,REPAIR_COMPLETED,712
2023-05-01,DEVICE_DISPOSED,17
2023-05-01,DEVICE_RECEIVED,133
2023-05-01,DEVICE_REGISTERED,4
2023-05-01,DEVICE_STATUS_CHANGED,712
2023-05-01,DEVICE_TRANSFERRED,648
2023-05-01,MAINTENANCE_COMPLETED,1115
2023-05-01,REPAIR_COMPLETED,756
2023-05-02,DEVICE_DISPOSED,21
2023-05-02,DEVICE_RECEIVED,132
2023-05-02,DEVICE_REGISTERED,8
2023-05-02,DEVICE_STATUS_CHANGED,684
2023-05-02,DEVICE_TRANSFERRED,646
2023-05-02,MAINTENANCE_COMPLETED,1067
2023-05-02,REPAIR_COMPLETED,826
2023-05-03,DEVICE_DISPOSED,25
2023-05-03,DEVICE_RECEIVED,128
2023-05-03,DEVICE_REGISTERED,7
2023-05-03,DEVICE_STATUS_CHANGED,717
2023-05-03,DEVICE_TRANSFERRED,682
2023-05-03,MAINTENANCE_COMPLETED,1130
2023-05-03,REPAIR_COMPLETED,803
2023-05-04,DEVICE_DISPOSED,28
2023-05-04,DEVICE_RECEIVED,130
2023-05-04,DEVICE_REGISTERED,7
2023-05-04,DEVICE_STATUS_CHANGED,736
2023-05-04,DEVICE_TRANSFERRED,663
2023-05-04,MAINTENANCE_COMPLETED,1080
2023-05-04,REPAIR_COMPLETED,823
2023-05-05,DEVICE_DISPOSED,22
2023-05-05,DEVICE_RECEIVED,118
2023-05-05,DEVICE_REGISTERED,6
2023-05-05,DEVICE_STATUS_CHANGED,710
2023-05-05,DEVICE_TRANSFERRED,646
2023-05-05,MAINTENANCE_COMPLETED,1090
2023-05-05,REPAIR_COMPLETED,766
2023-05-06,DEVICE_DISPOSED,34
2023-05-06,DEVICE_RECEIVED,137
2023-05-06,DEVICE_REGISTERED,7
2023-05-06,DEVICE_STATUS_CHANGED,788
2023-05-06,DEVICE_TRANSFERRED,672
2023-05-06,MAINTENANCE_COMPLETED,1068
2023-05-06,REPAIR_COMPLETED,764
2023-05-07,DEVICE_DISPOSED,21
2023-05-07,DEVICE_RECEIVED,120
2023-05-07,DEVICE_REGISTERED,8
2023-05-07,DEVICE_STATUS_CHANGED,746
2023-05-07,DEVICE_TRANSFERRED,655
2023-05-07,MAINTENANCE_COMPLETED,1107
2023-05-07,REPAIR_COMPLETED,772
2023-05-08,DEVICE_DISPOSED,15
2023-05-08,DEVICE_RECEIVED,141
2023-05-08,DEVICE_REGISTERED,7
2023-05-08,DEVICE_STATUS_CHANGED,689
2023-05-08,DEVICE_TRANSFERRED,643
2023-05-08,MAINTENANCE_COMPLETED,1091
2023-05-08,REPAIR_COMPLETED,747
2023-05-09,DEVICE_DISPOSED,27
2023-05-09,DEVICE_RECEIVED,146
2023-05-09,DEVICE_REGISTERED,4
2023-05-09,DEVICE_STATUS_CHANGED,725
2023-05-09,DEVICE_TRANSFERRED,651
2023-05-09,MAINTENANCE_COMPLETED,1052
2023-05-09,REPAIR_COMPLETED,785
2023-05-10,DEVICE_DISPOSED,25
2023-05-10,DEVICE_RECEIVED,146
2023-05-10,DEVICE_REGISTERED,6
2023-05-10,DEVICE_STATUS_CHANGED,777
2023-05-10,DEVICE_TRANSFERRED,710
2023-05-10,MAINTENANCE_COMPLETED,1151
2023-05-10,REPAIR_COMPLETED,713
2023-05-11,DEVICE_DISPOSED,19
2023-05-11,DEVICE_RECEIVED,140
2023-05-11,DEVICE_REGISTERED,1
2023-05-11,DEVICE_STATUS_CHANGED,702
2023-05-11,DEVICE_TRANSFERRED,614
2023-05-11,MAINTENANCE_COMPLETED,1064
2023-05-11,REPAIR_COMPLETED,752
2023-05-12,DEVICE_DISPOSED,21
2023-05-12,DEVICE_RECEIVED,135
2023-05-12,DEVICE_REGISTERED,4
2023-05-12,DEVICE_STATUS_CHANGED,776
2023-05-12,DEVICE_TRANSFERRED,664
2023-05-12,MAINTENANCE_COMPLETED,1124
2023-05-12,REPAIR_COMPLETED,758
2023-05-13,DEVICE_DISPOSED,20
2023-05-13,DEVICE_RECEIVED,131
2023-05-13,DEVICE_REGISTERED,11
2023-05-13,DEVICE_STATUS_CHANGED,748
2023-05-13,DEVICE_TRANSFERRED,674
2023-05-13,MAINTENANCE_COMPLETED,1048
2023-05-13,REPAIR_COMPLETED,783
2023-05-14,DEVICE_DISPOSED,21
2023-05-14,DEVICE_RECEIVED,126
2023-05-14,DEVICE_REGISTERED,7
2023-05-14,DEVICE_STATUS_CHANGED,742
2023-05-14,DEVICE_TRANSFERRED,682
2023-05-14,MAINTENANCE_COMPLETED,1098
2023-05-14,REPAIR_COMPLETED,744
2023-05-15,DEVICE_DISPOSED,20
2023-05-15,DEVICE_RECEIVED,118
2023-05-15,DEVICE_REGISTERED,7
2023-05-15,DEVICE_STATUS_CHANGED,790
2023-05-15,DEVICE_TRANSFERRED,649
2023-05-15,MAINTENANCE_COMPLETED,1128
2023-05-15,REPAIR_COMPLETED,750
2023-05-16,DEVICE_DISPOSED,25
2023-05-16,DEVICE_RECEIVED,146
2023-05-16,DEVICE_REGISTERED,7
2023-05-16,DEVICE_STATUS_CHANGED,811
2023-05-16,DEVICE_TRANSFERRED,649
2023-05-16,MAINTENANCE_COMPLETED,1072
2023-05-16,REPAIR_COMPLETED,753
2023-05-17,DEVICE_DISPOSED,19
2023-05-17,DEVICE_RECEIVED,119
2023-05-17,DEVICE_REGISTERED,6
2023-05-17,DEVICE_STATUS_CHANGED,719
2023-05-17,DEVICE_TRANSFERRED,694
2023-05-17,MAINTENANCE_COMPLETED,1104
2023-05-17,REPAIR_COMPLETED,778
2023-05-18,DEVICE_DISPOSED,15
2023-05-18,DEVICE_RECEIVED,129
2023-05-18,DEVICE_REGISTERED,6
2023-05-18,DEVICE_STATUS_CHANGED,783
2023-05-18,DEVICE_TRANSFERRED,661
2023-05-18,MAINTENANCE_COMPLETED,1065
2023-05-18,REPAIR_COMPLETED,764
2023-05-19,DEVICE_DISPOSED,18
2023-05-19,DEVICE_RECEIVED,141
2023-05-19,DEVICE_REGISTERED,12
2023-05-19,DEVICE_STATUS_CHANGED,765
2023-05-19,DEVICE_TRANSFERRED,651
2023-05-19,MAINTENANCE_COMPLETED,1121
2023-05-19,REPAIR_COMPLETED,743
2023-05-20,DEVICE_DISPOSED,29
2023-05-20,DEVICE_RECEIVED,131
2023-05-20,DEVICE_REGISTERED,8
2023-05-20,DEVICE_STATUS_CHANGED,741
2023-05-20,DEVICE_TRANSFERRED,670
2023-05-20,MAINTENANCE_COMPLETED,1137
2023-05-20,REPAIR_COMPLETED,826
2023-05-21,DEVICE_DISPOSED,19
2023-05-21,DEVICE_RECEIVED,131
2023-05-21,DEVICE_REGISTERED,12
2023-05-21,DEVICE_STATUS_CHANGED,714
2023-05-21,DEVICE_TRANSFERRED,694
2023-05-21,MAINTENANCE_COMPLETED,1110
2023-05-21,REPAIR_COMPLETED,731
2023-05-22,DEVICE_DISPOSED,23
2023-05-22,DEVICE_RECEIVED,122
2023-05-22,DEVICE_REGISTERED,13
2023-05-22,DEVICE_STATUS_CHANGED,729
2023-05-22,DEVICE_TRANSFERRED,657
2023-05-22,MAINTENANCE_COMPLETED,1095
2023-05-22,REPAIR_COMPLETED,799
2023-05-23,DEVICE_DISPOSED,21
2023-05-23,DEVICE_RECEIVED,119
2023-05-23,DEVICE_REGISTERED,8
2023-05-23,DEVICE_STATUS_CHANGED,736
2023-05-23,DEVICE_TRANSFERRED,614
2023-05-23,MAINTENANCE_COMPLETED,1093
2023-05-23,REPAIR_COMPLETED,802
2023-05-24,DEVICE_DISPOSED,20
2023-05-24,DEVICE_RECEIVED,136
2023-05-24,DEVICE_REGISTERED,3
2023-05-24,DEVICE_STATUS_CHANGED,705
2023-05-24,DEVICE_TRANSFERRED,699
2023-05-24,MAINTENANCE_COMPLETED,1130
2023-05-24,REPAIR_COMPLETED,816
2023-05-25,DEVICE_DISPOSED,21
2023-05-25,DEVICE_RECEIVED,126
2023-05-25,DEVICE_REGISTERED,8
2023-05-25,DEVICE_STATUS_CHANGED,719
2023-05-25,DEVICE_TRANSFERRED,655
2023-05-25,MAINTENANCE_COMPLETED,1112
2023-05-25,REPAIR_COMPLETED,777
2023-05-26,DEVICE_DISPOSED,24
2023-05-26,DEVICE_RECEIVED,112
2023-05-26,DEVICE_REGISTERED,10
2023-05-26,DEVICE_STATUS_CHANGED,755
2023-05-26,DEVICE_TRANSFERRED,631
2023-05-26,MAINTENANCE_COMPLETED,1103
2023-05-26,REPAIR_COMPLETED,783
2023-05-27,DEVICE_DISPOSED,25
2023-05-27,DEVICE_RECEIVED,137
2023-05-27,DEVICE_REGISTERED,10
2023-05-27,DEVICE_STATUS_CHANGED,744
2023-05-27,DEVICE_TRANSFERRED,620
2023-05-27,MAINTENANCE_COMPLETED,1080
2023-05-27,REPAIR_COMPLETED,779
2023-05-28,DEVICE_DISPOSED,19
2023-05-28,DEVICE_RECEIVED,134
2023-05-28,DEVICE_REGISTERED,11
2023-05-28,DEVICE_STATUS_CHANGED,769
2023-05-28,DEVICE_TRANSFERRED,669
2023-05-28,MAINTENANCE_COMPLETED,1142
2023-05-28,REPAIR_COMPLETED,790
2023-05-29,DEVICE_DISPOSED,23
2023-05-29,DEVICE_RECEIVED,134
2023-05-29,DEVICE_REGISTERED,10
2023-05-29,DEVICE_STATUS_CHANGED,759
2023-05-29,DEVICE_TRANSFERRED,596
2023-05-29,MAINTENANCE_COMPLETED,1078
2023-05-29,REPAIR_COMPLETED,804
2023-05-30,DEVICE_DISPOSED,26
2023-05-30,DEVICE_RECEIVED,123
2023-05-30,DEVICE_REGISTERED,7
2023-05-30,DEVICE_STATUS_CHANGED,739
2023-05-30,DEVICE_TRANSFERRED,635
2023-05-30,MAINTENANCE_COMPLETED,1041
2023-05-30,REPAIR_COMPLETED,747
2023-05-31,DEVICE_DISPOSED,14
2023-05-31,DEVICE_RECEIVED,130
2023-05-31,DEVICE_REGISTERED,6
2023-05-31,DEVICE_STATUS_CHANGED,729
2023-05-31,DEVICE_TRANSFERRED,667
2023-05-31,MAINTENANCE_COMPLETED,1079
2023-05-31,REPAIR_COMPLETED,758
2023-06-01,DEVICE_DISPOSED,20
2023-06-01,DEVICE_RECEIVED,148
2023-06-01,DEVICE_REGISTERED,8
2023-06-01,DEVICE_STATUS_CHANGED,737
2023-06-01,DEVICE_TRANSFERRED,631
2023-06-01,MAINTENANCE_COMPLETED,1151
2023-06-01,REPAIR_COMPLETED,742
2023-06-02,DEVICE_DISPOSED,20
2023-06-02,DEVICE_RECEIVED,113
2023-06-02,DEVICE_REGISTERED,13
2023-06-02,DEVICE_STATUS_CHANGED,775
2023-06-02,DEVICE_TRANSFERRED,673
2023-06-02,MAINTENANCE_COMPLETED,1162
2023-06-02,REPAIR_COMPLETED,742
2023-06-03,DEVICE_DISPOSED,22
2023-06-03,DEVICE_RECEIVED,145
2023-06-03,DEVICE_REGISTERED,12
2023-06-03,DEVICE_STATUS_CHANGED,771
2023-06-03,DEVICE_TRANSFERRED,656
2023-06-03,MAINTENANCE_COMPLETED,1073
2023-06-03,REPAIR_COMPLETED,718
2023-06-04,DEVICE_DISPOSED,18
2023-06-04,DEVICE_RECEIVED,121
2023-06-04,DEVICE_REGISTERED,11
2023-06-04,DEVICE_STATUS_CHANGED,688
2023-06-04,DEVICE_TRANSFERRED,697
2023-06-04,MAINTENANCE_COMPLETED,1155
2023-06-04,REPAIR_COMPLETED,815
2023-06-05,DEVICE_DISPOSED,24
2023-06-05,DEVICE_RECEIVED,106
2023-06-05,DEVICE_REGISTERED,4
2023-06-05,DEVICE_STATUS_CHANGED,759
2023-06-05,DEVICE_TRANSFERRED,623
2023-06-05,MAINTENANCE_COMPLETED,1069
2023-06-05,REPAIR_COMPLETED,768
2023-06-06,DEVICE_DISPOSED,24
2023-06-06,DEVICE_RECEIVED,140
2023-06-06,DEVICE_REGISTERED,4
2023-06-06,DEVICE_STATUS_CHANGED,745
2023-06-06,DEVICE_TRANSFERRED,646
2023-06-06,MAINTENANCE_COMPLETED,1121
2023-06-06,REPAIR_COMPLETED,749
2023-06-07,DEVICE_DISPOSED,21
2023-06-07,DEVICE_RECEIVED,137
2023-06-07,DEVICE_REGISTERED,8
2023-06-07,DEVICE_STATUS_CHANGED,734
2023-06-07,DEVICE_TRANSFERRED,684
2023-06-07,MAINTENANCE_COMPLETED,1159
2023-06-07,REPAIR_COMPLETED,827
2023-06-08,DEVICE_DISPOSED,21
2023-06-08,DEVICE_RECEIVED,127
2023-06-08,DEVICE_REGISTERED,4
2023-06-08,DEVICE_STATUS_CHANGED,685
2023-06-08,DEVICE_TRANSFERRED,683
2023-06-08,MAINTENANCE_COMPLETED,1101
2023-06-08,REPAIR_COMPLETED,767
2023-06-09,DEVICE_DISPOSED,21
2023-06-09,DEVICE_RECEIVED,133
2023-06-09,DEVICE_REGISTERED,11
2023-06-09,DEVICE_STATUS_CHANGED,759
2023-06-09,DEVICE_TRANSFERRED,661
2023-06-09,MAINTENANCE_COMPLETED,1112
2023-06-09,REPAIR_COMPLETED,798
2023-06-10,DEVICE_DISPOSED,22
2023-06-10,DEVICE_RECEIVED,143
2023-06-10,DEVICE_REGISTERED,6
2023-06-10,DEVICE_STATUS_CHANGED,722
2023-06-10,DEVICE_TRANSFERRED,708
2023-06-10,MAINTENANCE_COMPLETED,1063
2023-06-10,REPAIR_COMPLETED,820
2023-06-11,DEVICE_DISPOSED,26
2023-06-11,DEVICE_RECEIVED,124
2023-06-11,DEVICE_REGISTERED,10
2023-06-11,DEVICE_STATUS_CHANGED,764
2023-06-11,DEVICE_TRANSFERRED,611
2023-06-11,MAINTENANCE_COMPLETED,1063
2023-06-11,REPAIR_COMPLETED,753
2023-06-12,DEVICE_DISPOSED,27
2023-06-12,DEVICE_RECEIVED,106
2023-06-12,DEVICE_REGISTERED,5
2023-06-12,DEVICE_STATUS_CHANGED,763
2023-06-12,DEVICE_TRANSFERRED,650
2023-06-12,MAINTENANCE_COMPLETED,1085
2023-06-12,REPAIR_COMPLETED,733
2023-06-13,DEVICE_DISPOSED,25
2023-06-13,DEVICE_RECEIVED,142
2023-06-13,DEVICE_REGISTERED,6
2023-06-13,DEVICE_STATUS_CHANGED,739
2023-06-13,DEVICE_TRANSFERRED,598
2023-06-13,MAINTENANCE_COMPLETED,1108
2023-06-13,REPAIR_COMPLETED,744
2023-06-14,DEVICE_DISPOSED,28
2023-06-14,DEVICE_RECEIVED,122
2023-06-14,DEVICE_REGISTERED,6
2023-06-14,DEVICE_STATUS_CHANGED,680
2023-06-14,DEVICE_TRANSFERRED,697
2023-06-14,MAINTENANCE_COMPLETED,1096
2023-06-14,REPAIR_COMPLETED,751
2023-06-15,DEVICE_DISPOSED,29
2023-06-15,DEVICE_RECEIVED,132
2023-06-15,DEVICE_REGISTERED,8
2023-06-15,DEVICE_STATUS_CHANGED,724
2023-06-15,DEVICE_TRANSFERRED,703
2023-06-15,MAINTENANCE_COMPLETED,1085
2023-06-15,REPAIR_COMPLETED,808
2023-06-16,DEVICE_DISPOSED,25
2023-06-16,DEVICE_RECEIVED,118
2023-06-16,DEVICE_REGISTERED,10
2023-06-16,DEVICE_STATUS_CHANGED,722
2023-06-16,DEVICE_TRANSFERRED,709
2023-06-16,MAINTENANCE_COMPLETED,1069
2023-06-16,REPAIR_COMPLETED,773
2023-06-17,DEVICE_DISPOSED,18
2023-06-17,DEVICE_RECEIVED,147
2023-06-17,DEVICE_REGISTERED,8
2023-06-17,DEVICE_STATUS_CHANGED,735
2023-06-17,DEVICE_TRANSFERRED,663
2023-06-17,MAINTENANCE_COMPLETED,1052
2023-06-17,REPAIR_COMPLETED,779
2023-06-18,DEVICE_DISPOSED,20
2023-06-18,DEVICE_RECEIVED,134
2023-06-18,DEVICE_REGISTERED,8
2023-06-18,DEVICE_STATUS_CHANGED,763
2023-06-18,DEVICE_TRANSFERRED,674
2023-06-18,MAINTENANCE_COMPLETED,1073
2023-06-18,REPAIR_COMPLETED,791
2023-06-19,DEVICE_DISPOSED,20
2023-06-19,DEVICE_RECEIVED,112
2023-06-19,DEVICE_REGISTERED,4
2023-06-19,DEVICE_STATUS_CHANGED,746
2023-06-19,DEVICE_TRANSFERRED,701
2023-06-19,MAINTENANCE_COMPLETED,1162
2023-06-19,REPAIR_COMPLETED,779
2023-06-20,DEVICE_DISPOSED,20
2023-06-20,DEVICE_RECEIVED,142
2023-06-20,DEVICE_REGISTERED,8
2023-06-20,DEVICE_STATUS_CHANGED,713
2023-06-20,DEVICE_TRANSFERRED,617
2023-06-20,MAINTENANCE_COMPLETED,1042
2023-06-20,REPAIR_COMPLETED,726
2023-06-21,DEVICE_DISPOSED,9
2023-06-21,DEVICE_RECEIVED,128
2023-06-21,DEVICE_REGISTERED,5
2023-06-21,DEVICE_STATUS_CHANGED,714
2023-06-21,DEVICE_TRANSFERRED,678
2023-06-21,MAINTENANCE_COMPLETED,1087
2023-06-21,REPAIR_COMPLETED,776
2023-06-22,DEVICE_DISPOSED,38
2023-06-22,DEVICE_RECEIVED,129
2023-06-22,DEVICE_REGISTERED,7
2023-06-22,DEVICE_STATUS_CHANGED,741
2023-06-22,DEVICE_TRANSFERRED,628
2023-06-22,MAINTENANCE_COMPLETED,1112
2023-06-22,REPAIR_COMPLETED,769
2023-06-23,DEVICE_DISPOSED,24
2023-06-23,DEVICE_RECEIVED,119
2023-06-23,DEVICE_REGISTERED,5
2023-06-23,DEVICE_STATUS_CHANGED,723
2023-06-23,DEVICE_TRANSFERRED,720
2023-06-23,MAINTENANCE_COMPLETED,1100
2023-06-23,REPAIR_COMPLETED,731
2023-06-24,DEVICE_DISPOSED,27
2023-06-24,DEVICE_RECEIVED,125
2023-06-24,DEVICE_REGISTERED,13
2023-06-24,DEVICE_STATUS_CHANGED,740
2023-06-24,DEVICE_TRANSFERRED,684
2023-06-24,MAINTENANCE_COMPLETED,1110
2023-06-24,REPAIR_COMPLETED,708
2023-06-25,DEVICE_DISPOSED,17
2023-06-25,DEVICE_RECEIVED,113
2023-06-25,DEVICE_REGISTERED,7
2023-06-25,DEVICE_STATUS_CHANGED,728
2023-06-25,DEVICE_TRANSFERRED,689
2023-06-25,MAINTENANCE_COMPLETED,1181
2023-06-25,REPAIR_COMPLETED,770
2023-06-26,DEVICE_DISPOSED,27
2023-06-26,DEVICE_RECEIVED,135
2023-06-26,DEVICE_REGISTERED,7
2023-06-26,DEVICE_STATUS_CHANGED,722
2023-06-26,DEVICE_TRANSFERRED,683
2023-06-26,MAINTENANCE_COMPLETED,1082
2023-06-26,REPAIR_COMPLETED,809
2023-06-27,DEVICE_DISPOSED,22
2023-06-27,DEVICE_RECEIVED,131
2023-06-27,DEVICE_REGISTERED,7
2023-06-27,DEVICE_STATUS_CHANGED,697
2023-06-27,DEVICE_TRANSFERRED,664
2023-06-27,MAINTENANCE_COMPLETED,1106
2023-06-27,REPAIR_COMPLETED,803
2023-06-28,DEVICE_DISPOSED,22
2023-06-28,DEVICE_RECEIVED,118
2023-06-28,DEVICE_REGISTERED,6
2023-06-28,DEVICE_STATUS_CHANGED,792
2023-06-28,DEVICE_TRANSFERRED,645
2023-06-28,MAINTENANCE_COMPLETED,1091
2023-06-28,REPAIR_COMPLETED,809
2023-06-29,DEVICE_DISPOSED,26
2023-06-29,DEVICE_RECEIVED,114
2023-06-29,DEVICE_REGISTERED,11
2023-06-29,DEVICE_STATUS_CHANGED,692
2023-06-29,DEVICE_TRANSFERRED,659
2023-06-29,MAINTENANCE_COMPLETED,1063
2023-06-29,REPAIR_COMPLETED,822
2023-06-30,DEVICE_DISPOSED,23
2023-06-30,DEVICE_RECEIVED,121
2023-06-30,DEVICE_REGISTERED,11
2023-06-30,DEVICE_STATUS_CHANGED,717
2023-06-30,DEVICE_TRANSFERRED,615
2023-06-30,MAINTENANCE_COMPLETED,1107
2023-06-30,REPAIR_COMPLETED,747
2023-07-01,DEVICE_DISPOSED,28
2023-07-01,DEVICE_RECEIVED,134
2023-07-01,DEVICE_REGISTERED,3
2023-07-01,DEVICE_STATUS_CHANGED,732
2023-07-01,DEVICE_TRANSFERRED,655
2023-07-01,MAINTENANCE_COMPLETED,1057
2023-07-01,REPAIR_COMPLETED,760
2023-07-02,DEVICE_DISPOSED,24
2023-07-02,DEVICE_RECEIVED,125
2023-07-02,DEVICE_REGISTERED,4
2023-07-02,DEVICE_STATUS_CHANGED,765
2023-07-02,DEVICE_TRANSFERRED,668
2023-07-02,MAINTENANCE_COMPLETED,1091
2023-07-02,REPAIR_COMPLETED,804
2023-07-03,DEVICE_DISPOSED,17
2023-07-03,DEVICE_RECEIVED,133
2023-07-03,DEVICE_REGISTERED,10
2023-07-03,DEVICE_STATUS_CHANGED,740
2023-07-03,DEVICE_TRANSFERRED,647
2023-07-03,MAINTENANCE_COMPLETED,1120
2023-07-03,REPAIR_COMPLETED,782
2023-07-04,DEVICE_DISPOSED,23
2023-07-04,DEVICE_RECEIVED,142
2023-07-04,DEVICE_REGISTERED,7
2023-07-04,DEVICE_STATUS_CHANGED,729
2023-07-04,DEVICE_TRANSFERRED,641
2023-07-04,MAINTENANCE_COMPLETED,1015
2023-07-04,REPAIR_COMPLETED,795
2023-07-05,DEVICE_DISPOSED,23
2023-07-05,DEVICE_RECEIVED,133
2023-07-05,DEVICE_REGISTERED,6
2023-07-05,DEVICE_STATUS_CHANGED,731
2023-07-05,DEVICE_TRANSFERRED,642
2023-07-05,MAINTENANCE_COMPLETED,1086
2023-07-05,REPAIR_COMPLETED,769
2023-07-06,DEVICE_DISPOSED,19
2023-07-06,DEVICE_RECEIVED,141
2023-07-06,DEVICE_REGISTERED,7
2023-07-06,DEVICE_STATUS_CHANGED,735
2023-07-06,DEVICE_TRANSFERRED,635
2023-07-06,MAINTENANCE_COMPLETED,1137
2023-07-06,REPAIR_COMPLETED,778
2023-07-07,DEVICE_DISPOSED,18
2023-07-07,DEVICE_RECEIVED,121
2023-07-07,DEVICE_REGISTERED,5
2023-07-07,DEVICE_STATUS_CHANGED,709
2023-07-07,DEVICE_TRANSFERRED,742
2023-07-07,MAINTENANCE_COMPLETED,1147
2023-07-07,REPAIR_COMPLETED,749
2023-07-08,DEVICE_DISPOSED,17
2023-07-08,DEVICE_RECEIVED,130
2023-07-08,DEVICE_REGISTERED,3
2023-07-08,DEVICE_STATUS_CHANGED,710
2023-07-08,DEVICE_TRANSFERRED,658
2023-07-08,MAINTENANCE_COMPLETED,1151
2023-07-08,REPAIR_COMPLETED,784
2023-07-09,DEVICE_DISPOSED,19
2023-07-09,DEVICE_RECEIVED,134
2023-07-09,DEVICE_REGISTERED,4
2023-07-09,DEVICE_STATUS_CHANGED,707
2023-07-09,DEVICE_TRANSFERRED,671
2023-07-09,MAINTENANCE_COMPLETED,1126
2023-07-09,REPAIR_COMPLETED,763
2023-07-10,DEVICE_DISPOSED,24
2023-07-10,DEVICE_RECEIVED,138
2023-07-10,DEVICE_REGISTERED,7
2023-07-10,DEVICE_STATUS_CHANGED,728
2023-07-10,DEVICE_TRANSFERRED,666
2023-07-10,MAINTENANCE_COMPLETED,1052
2023-07-10,REPAIR_COMPLETED,787
2023-07-11,DEVICE_DISPOSED,17
2023-07-11,DEVICE_RECEIVED,124
2023-07-11,DEVICE_REGISTERED,11
2023-07-11,DEVICE_STATUS_CHANGED,778
2023-07-11,DEVICE_TRANSFERRED,695
2023-07-11,MAINTENANCE_COMPLETED,1111
2023-07-11,REPAIR_COMPLETED,765
2023-07-12,DEVICE_DISPOSED,25
2023-07-12,DEVICE_RECEIVED,136
2023-07-12,DEVICE_REGISTERED,9
2023-07-12,DEVICE_STATUS_CHANGED,730
2023-07-12,DEVICE_TRANSFERRED,639
2023-07-12,MAINTENANCE_COMPLETED,1137
2023-07-12,REPAIR_COMPLETED,752
2023-07-13,DEVICE_DISPOSED,19
2023-07-13,DEVICE_RECEIVED,122
2023-07-13,DEVICE_REGISTERED,8
2023-07-13,DEVICE_STATUS_CHANGED,723
2023-07-13,DEVICE_TRANSFERRED,673
2023-07-13,MAINTENANCE_COMPLETED,1093
2023-07-13,REPAIR_COMPLETED,756
2023-07-14,DEVICE_DISPOSED,20
2023-07-14,DEVICE_RECEIVED,128
2023-07-14,DEVICE_REGISTERED,11
2023-07-14,DEVICE_STATUS_CHANGED,746
2023-07-14,DEVICE_TRANSFERRED,643
2023-07-14,MAINTENANCE_COMPLETED,1143
2023-07-14,REPAIR_COMPLETED,807
2023-07-15,DEVICE_DISPOSED,22
2023-07-15,DEVICE_RECEIVED,103
2023-07-15,DEVICE_REGISTERED,7
2023-07-15,DEVICE_STATUS_CHANGED,718
2023-07-15,DEVICE_TRANSFERRED,668
2023-07-15,MAINTENANCE_COMPLETED,1100
2023-07-15,REPAIR_COMPLETED,773
2023-07-16,DEVICE_DISPOSED,18
2023-07-16,DEVICE_RECEIVED,117
2023-07-16,DEVICE_REGISTERED,7
2023-07-16,DEVICE_STATUS_CHANGED,757
2023-07-16,DEVICE_TRANSFERRED,619
2023-07-16,MAINTENANCE_COMPLETED,1100
2023-07-16,REPAIR_COMPLETED,726
2023-07-17,DEVICE_DISPOSED,13
2023-07-17,DEVICE_RECEIVED,140
2023-07-17,DEVICE_REGISTERED,7
2023-07-17,DEVICE_STATUS_CHANGED,716
2023-07-17,DEVICE_TRANSFERRED,659
2023-07-17,MAINTENANCE_COMPLETED,1068
2023-07-17,REPAIR_COMPLETED,734
2023-07-18,DEVICE_DISPOSED,20
2023-07-18,DEVICE_RECEIVED,128
2023-07-18,DEVICE_REGISTERED,7
2023-07-18,DEVICE_STATUS_CHANGED,767
2023-07-18,DEVICE_TRANSFERRED,633
2023-07-18,MAINTENANCE_COMPLETED,1088
2023-07-18,REPAIR_COMPLETED,787
2023-07-19,DEVICE_DISPOSED,20
2023-07-19,DEVICE_RECEIVED,123
2023-07-19,DEVICE_REGISTERED,6
2023-07-19,DEVICE_STATUS_CHANGED,729
2023-07-19,DEVICE_TRANSFERRED,672
2023-07-19,MAINTENANCE_COMPLETED,1110
2023-07-19,REPAIR_COMPLETED,747
2023-07-20,DEVICE_DISPOSED,23
2023-07-20,DEVICE_RECEIVED,132
2023-07-20,DEVICE_REGISTERED,11
2023-07-20,DEVICE_STATUS_CHANGED,732
2023-07-20,DEVICE_TRANSFERRED,697
2023-07-20,MAINTENANCE_COMPLETED,1086
2023-07-20,REPAIR_COMPLETED,775
2023-07-21,DEVICE_DISPOSED,25
2023-07-21,DEVICE_RECEIVED,146
2023-07-21,DEVICE_REGISTERED,7
2023-07-21,DEVICE_STATUS_CHANGED,741
2023-07-21,DEVICE_TRANSFERRED,676
2023-07-21,MAINTENANCE_COMPLETED,1045
2023-07-21,REPAIR_COMPLETED,724
2023-07-22,DEVICE_DISPOSED,31
2023-07-22,DEVICE_RECEIVED,148
2023-07-22,DEVICE_REGISTERED,7
2023-07-22,DEVICE_STATUS_CHANGED,700
2023-07-22,DEVICE_TRANSFERRED,669
2023-07-22,MAINTENANCE_COMPLETED,1074
2023-07-22,REPAIR_COMPLETED,734
2023-07-23,DEVICE_DISPOSED,19
2023-07-23,DEVICE_RECEIVED,119
2023-07-23,DEVICE_REGISTERED,11
2023-07-23,DEVICE_STATUS_CHANGED,697
2023-07-23,DEVICE_TRANSFERRED,630
2023-07-23,MAINTENANCE_COMPLETED,1083
2023-07-23,REPAIR_COMPLETED,728
2023-07-24,DEVICE_DISPOSED,26
2023-07-24,DEVICE_RECEIVED,129
2023-07-24,DEVICE_REGISTERED,7
2023-07-24,DEVICE_STATUS_CHANGED,745
2023-07-24,DEVICE_TRANSFERRED,647
2023-07-24,MAINTENANCE_COMPLETED,1100
2023-07-24,REPAIR_COMPLETED,792
2023-07-25,DEVICE_DISPOSED,20
2023-07-25,DEVICE_RECEIVED,154
2023-07-25,DEVICE_REGISTERED,9
2023-07-25,DEVICE_STATUS_CHANGED,765
2023-07-25,DEVICE_TRANSFERRED,643
2023-07-25,MAINTENANCE_COMPLETED,1072
2023-07-25,REPAIR_COMPLETED,779
2023-07-26,DEVICE_DISPOSED,19
2023-07-26,DEVICE_RECEIVED,139
2023-07-26,DEVICE_REGISTERED,5
2023-07-26,DEVICE_STATUS_CHANGED,721
2023-07-26,DEVICE_TRANSFERRED,651
2023-07-26,MAINTENANCE_COMPLETED,1139
2023-07-26,REPAIR_COMPLETED,761
2023-07-27,DEVICE_DISPOSED,25
2023-07-27,DEVICE_RECEIVED,129
2023-07-27,DEVICE_REGISTERED,8
2023-07-27,DEVICE_STATUS_CHANGED,762
2023-07-27,DEVICE_TRANSFERRED,645
2023-07-27,MAINTENANCE_COMPLETED,1119
2023-07-27,REPAIR_COMPLETED,791
2023-07-28,DEVICE_DISPOSED,19
2023-07-28,DEVICE_RECEIVED,134
2023-07-28,DEVICE_REGISTERED,7
2023-07-28,DEVICE_STATUS_CHANGED,768
2023-07-28,DEVICE_TRANSFERRED,657
2023-07-28,MAINTENANCE_COMPLETED,1078
2023-07-28,REPAIR_COMPLETED,796
2023-07-29,DEVICE_DISPOSED,33
2023-07-29,DEVICE_RECEIVED,118
2023-07-29,DEVICE_REGISTERED,7
2023-07-29,DEVICE_STATUS_CHANGED,734
2023-07-29,DEVICE_TRANSFERRED,671
2023-07-29,MAINTENANCE_COMPLETED,1059
2023-07-29,REPAIR_COMPLETED,755
2023-07-30,DEVICE_DISPOSED,23
2023-07-30,DEVICE_RECEIVED,133
2023-07-30,DEVICE_REGISTERED,6
2023-07-30,DEVICE_STATUS_CHANGED,756
2023-07-30,DEVICE_TRANSFERRED,604
2023-07-30,MAINTENANCE_COMPLETED,1054
2023-07-30,REPAIR_COMPLETED,763
2023-07-31,DEVICE_DISPOSED,17
2023-07-31,DEVICE_RECEIVED,134
2023-07-31,DEVICE_REGISTERED,9
2023-07-31,DEVICE_STATUS_CHANGED,746
2023-07-31,DEVICE_TRANSFERRED,627
2023-07-31,MAINTENANCE_COMPLETED,1069
2023-07-31,REPAIR_COMPLETED,792
2023-08-01,DEVICE_DISPOSED,20
2023-08-01,DEVICE_RECEIVED,129
2023-08-01,DEVICE_REGISTERED,4
2023-08-01,DEVICE_STATUS_CHANGED,775
2023-08-01,DEVICE_TRANSFERRED,670
2023-08-01,MAINTENANCE_COMPLETED,1099
2023-08-01,REPAIR_COMPLETED,750
2023-08-02,DEVICE_DISPOSED,13
2023-08-02,DEVICE_RECEIVED,120
2023-08-02,DEVICE_REGISTERED,11
2023-08-02,DEVICE_STATUS_CHANGED,722
2023-08-02,DEVICE_TRANSFERRED,645
2023-08-02,MAINTENANCE_COMPLETED,1122
2023-08-02,REPAIR_COMPLETED,730
2023-08-03,DEVICE_DISPOSED,22
2023-08-03,DEVICE_RECEIVED,137
2023-08-03,DEVICE_REGISTERED,5
2023-08-03,DEVICE_STATUS_CHANGED,716
2023-08-03,DEVICE_TRANSFERRED,654
2023-08-03,MAINTENANCE_COMPLETED,1102
2023-08-03,REPAIR_COMPLETED,769
2023-08-04,DEVICE_DISPOSED,16
2023-08-04,DEVICE_RECEIVED,154
2023-08-04,DEVICE_REGISTERED,6
2023-08-04,DEVICE_STATUS_CHANGED,723
2023-08-04,DEVICE_TRANSFERRED,693
2023-08-04,MAINTENANCE_COMPLETED,1181
2023-08-04,REPAIR_COMPLETED,796
2023-08-05,DEVICE_DISPOSED,23
2023-08-05,DEVICE_RECEIVED,147
2023-08-05,DEVICE_REGISTERED,9
2023-08-05,DEVICE_STATUS_CHANGED,764
2023-08-05,DEVICE_TRANSFERRED,655
2023-08-05,MAINTENANCE_COMPLETED,1131
2023-08-05,REPAIR_COMPLETED,780
2023-08-06,DEVICE_DISPOSED,26
2023-08-06,DEVICE_RECEIVED,128
2023-08-06,DEVICE_REGISTERED,4
2023-08-06,DEVICE_STATUS_CHANGED,749
2023-08-06,DEVICE_TRANSFERRED,638
2023-08-06,MAINTENANCE_COMPLETED,1108
2023-08-06,REPAIR_COMPLETED,739
2023-08-07,DEVICE_DISPOSED,22
2023-08-07,DEVICE_RECEIVED,118
2023-08-07,DEVICE_REGISTERED,5
2023-08-07,DEVICE_STATUS_CHANGED,680
2023-08-07,DEVICE_TRANSFERRED,644
2023-08-07,MAINTENANCE_COMPLETED,1161
2023-08-07,REPAIR_COMPLETED,771
2023-08-08,DEVICE_DISPOSED,16
2023-08-08,DEVICE_RECEIVED,124
2023-08-08,DEVICE_REGISTERED,8
2023-08-08,DEVICE_STATUS_CHANGED,743
2023-08-08,DEVICE_TRANSFERRED,654
2023-08-08,MAINTENANCE_COMPLETED,1136
2023-08-08,REPAIR_COMPLETED,788
2023-08-09,DEVICE_DISPOSED,27
2023-08-09,DEVICE_RECEIVED,145
2023-08-09,DEVICE_REGISTERED,11
2023-08-09,DEVICE_STATUS_CHANGED,702
2023-08-09,DEVICE_TRANSFERRED,680
2023-08-09,MAINTENANCE_COMPLETED,1156
2023-08-09,REPAIR_COMPLETED,778
2023-08-10,DEVICE_DISPOSED,23
2023-08-10,DEVICE_RECEIVED,106
2023-08-10,DEVICE_REGISTERED,10
2023-08-10,DEVICE_STATUS_CHANGED,780
2023-08-10,DEVICE_TRANSFERRED,692
2023-08-10,MAINTENANCE_COMPLETED,1103
2023-08-10,REPAIR_COMPLETED,772
2023-08-11,DEVICE_DISPOSED,25
2023-08-11,DEVICE_RECEIVED,121
2023-08-11,DEVICE_REGISTERED,4
2023-08-11,DEVICE_STATUS_CHANGED,751
2023-08-11,DEVICE_TRANSFERRED,653
2023-08-11,MAINTENANCE_COMPLETED,1063
2023-08-11,REPAIR_COMPLETED,812
2023-08-12,DEVICE_DISPOSED,29
2023-08-12,DEVICE_RECEIVED,135
2023-08-12,DEVICE_REGISTERED,8
2023-08-12,DEVICE_STATUS_CHANGED,756
2023-08-12,DEVICE_TRANSFERRED,674
2023-08-12,MAINTENANCE_COMPLETED,1094
2023-08-12,REPAIR_COMPLETED,790
2023-08-13,DEVICE_DISPOSED,21
2023-08-13,DEVICE_RECEIVED,138
2023-08-13,DEVICE_REGISTERED,9
2023-08-13,DEVICE_STATUS_CHANGED,717
2023-08-13,DEVICE_TRANSFERRED,627
2023-08-13,MAINTENANCE_COMPLETED,1167
2023-08-13,REPAIR_COMPLETED,738
2023-08-14,DEVICE_DISPOSED,23
2023-08-14,DEVICE_RECEIVED,123
2023-08-14,DEVICE_REGISTERED,12
2023-08-14,DEVICE_STATUS_CHANGED,746
2023-08-14,DEVICE_TRANSFERRED,633
2023-08-14,MAINTENANCE_COMPLETED,1005
2023-08-14,REPAIR_COMPLETED,759
2023-08-15,DEVICE_DISPOSED,24
2023-08-15,DEVICE_RECEIVED,147
2023-08-15,DEVICE_REGISTERED,9
2023-08-15,DEVICE_STATUS_CHANGED,771
2023-08-15,DEVICE_TRANSFERRED,649
2023-08-15,MAINTENANCE_COMPLETED,1101
2023-08-15,REPAIR_COMPLETED,700
2023-08-16,DEVICE_DISPOSED,27
2023-08-16,DEVICE_RECEIVED,125
2023-08-16,DEVICE_REGISTERED,10
2023-08-16,DEVICE_STATUS_CHANGED,756
2023-08-16,DEVICE_TRANSFERRED,650
2023-08-16,MAINTENANCE_COMPLETED,1107
2023-08-16,REPAIR_COMPLETED,786
2023-08-17,DEVICE_DISPOSED,31
2023-08-17,DEVICE_RECEIVED,124
2023-08-17,DEVICE_REGISTERED,6
2023-08-17,DEVICE_STATUS_CHANGED,715
2023-08-17,DEVICE_TRANSFERRED,638
2023-08-17,MAINTENANCE_COMPLETED,1101
2023-08-17,REPAIR_COMPLETED,788
2023-08-18,DEVICE_DISPOSED,25
2023-08-18,DEVICE_RECEIVED,146
2023-08-18,DEVICE_REGISTERED,10
2023-08-18,DEVICE_STATUS_CHANGED,732
2023-08-18,DEVICE_TRANSFERRED,681
2023-08-18,MAINTENANCE_COMPLETED,1104
2023-08-18,REPAIR_COMPLETED,808
2023-08-19,DEVICE_DISPOSED,18
2023-08-19,DEVICE_RECEIVED,132
2023-08-19,DEVICE_REGISTERED,9
2023-08-19,DEVICE_STATUS_CHANGED,729
2023-08-19,DEVICE_TRANSFERRED,688
2023-08-19,MAINTENANCE_COMPLETED,1109
2023-08-19,REPAIR_COMPLETED,760
2023-08-20,DEVICE_DISPOSED,26
2023-08-20,DEVICE_RECEIVED,123
2023-08-20,DEVICE_REGISTERED,4
2023-08-20,DEVICE_STATUS_CHANGED,722
2023-08-20,DEVICE_TRANSFERRED,668
2023-08-20,MAINTENANCE_COMPLETED,1057
2023-08-20,REPAIR_COMPLETED,764
2023-08-21,DEVICE_DISPOSED,24
2023-08-21,DEVICE_RECEIVED,122
2023-08-21,DEVICE_REGISTERED,6
2023-08-21,DEVICE_STATUS_CHANGED,744
2023-08-21,DEVICE_TRANSFERRED,607
2023-08-21,MAINTENANCE_COMPLETED,1148
2023-08-21,REPAIR_COMPLETED,702
2023-08-22,DEVICE_DISPOSED,26
2023-08-22,DEVICE_RECEIVED,162
2023-08-22,DEVICE_REGISTERED,11
2023-08-22,DEVICE_STATUS_CHANGED,754
2023-08-22,DEVICE_TRANSFERRED,637
2023-08-22,MAINTENANCE_COMPLETED,1129
2023-08-22,REPAIR_COMPLETED,743
2023-08-23,DEVICE_DISPOSED,15
2023-08-23,DEVICE_RECEIVED,120
2023-08-23,DEVICE_REGISTERED,7
2023-08-23,DEVICE_STATUS_CHANGED,728
2023-08-23,DEVICE_TRANSFERRED,706
2023-08-23,MAINTENANCE_COMPLETED,1131
2023-08-23,REPAIR_COMPLETED,780
2023-08-24,DEVICE_DISPOSED,31
2023-08-24,DEVICE_RECEIVED,127
2023-08-24,DEVICE_REGISTERED,7
2023-08-24,DEVICE_STATUS_CHANGED,715
2023-08-24,DEVICE_TRANSFERRED,656
2023-08-24,MAINTENANCE_COMPLETED,1091
2023-08-24,REPAIR_COMPLETED,784
2023-08-25,DEVICE_DISPOSED,24
2023-08-25,DEVICE_RECEIVED,131
2023-08-25,DEVICE_REGISTERED,9
2023-08-25,DEVICE_STATUS_CHANGED,775
2023-08-25,DEVICE_TRANSFERRED,624
2023-08-25,MAINTENANCE_COMPLETED,1162
2023-08-25,REPAIR_COMPLETED,773
2023-08-26,DEVICE_DISPOSED,32
2023-08-26,DEVICE_RECEIVED,135
2023-08-26,DEVICE_REGISTERED,6
2023-08-26,DEVICE_STATUS_CHANGED,698
2023-08-26,DEVICE_TRANSFERRED,619
2023-08-26,MAINTENANCE_COMPLETED,1140
2023-08-26,REPAIR_COMPLETED,742
2023-08-27,DEVICE_DISPOSED,26
2023-08-27,DEVICE_RECEIVED,127
2023-08-27,DEVICE_REGISTERED,7
2023-08-27,DEVICE_STATUS_CHANGED,722
2023-08-27,DEVICE_TRANSFERRED,629
2023-08-27,MAINTENANCE_COMPLETED,1093
2023-08-27,REPAIR_COMPLETED,721
2023-08-28,DEVICE_DISPOSED,21
2023-08-28,DEVICE_RECEIVED,134
2023-08-28,DEVICE_REGISTERED,7
2023-08-28,DEVICE_STATUS_CHANGED,675
2023-08-28,DEVICE_TRANSFERRED,649
2023-08-28,MAINTENANCE_COMPLETED,1101
2023-08-28,REPAIR_COMPLETED,770
2023-08-29,DEVICE_DISPOSED,21
2023-08-29,DEVICE_RECEIVED,143
2023-08-29,DEVICE_REGISTERED,8
2023-08-29,DEVICE_STATUS_CHANGED,742
2023-08-29,DEVICE_TRANSFERRED,632
2023-08-29,MAINTENANCE_COMPLETED,1151
2023-08-29,REPAIR_COMPLETED,717
2023-08-30,DEVICE_DISPOSED,25
2023-08-30,DEVICE_RECEIVED,131
2023-08-30,DEVICE_REGISTERED,6
2023-08-30,DEVICE_STATUS_CHANGED,682
2023-08-30,DEVICE_TRANSFERRED,634
2023-08-30,MAINTENANCE_COMPLETED,1076
2023-08-30,REPAIR_COMPLETED,765
2023-08-31,DEVICE_DISPOSED,22
2023-08-31,DEVICE_RECEIVED,125
2023-08-31,DEVICE_REGISTERED,11
2023-08-31,DEVICE_STATUS_CHANGED,743
2023-08-31,DEVICE_TRANSFERRED,644
2023-08-31,MAINTENANCE_COMPLETED,1146
2023-08-31,REPAIR_COMPLETED,765
2023-09-01,DEVICE_DISPOSED,25
2023-09-01,DEVICE_RECEIVED,125
2023-09-01,DEVICE_REGISTERED,7
2023-09-01,DEVICE_STATUS_CHANGED,714
2023-09-01,DEVICE_TRANSFERRED,657
2023-09-01,MAINTENANCE_COMPLETED,1088
2023-09-01,REPAIR_COMPLETED,768
2023-09-02,DEVICE_DISPOSED,16
2023-09-02,DEVICE_RECEIVED,146
2023-09-02,DEVICE_REGISTERED,9
2023-09-02,DEVICE_STATUS_CHANGED,686
2023-09-02,DEVICE_TRANSFERRED,652
2023-09-02,MAINTENANCE_COMPLETED,1102
2023-09-02,REPAIR_COMPLETED,801
2023-09-03,DEVICE_DISPOSED,20
2023-09-03,DEVICE_RECEIVED,128
2023-09-03,DEVICE_REGISTERED,11
2023-09-03,DEVICE_STATUS_CHANGED,700
2023-09-03,DEVICE_TRANSFERRED,607
2023-09-03,MAINTENANCE_COMPLETED,1063
2023-09-03,REPAIR_COMPLETED,799
2023-09-04,DEVICE_DISPOSED,22
2023-09-04,DEVICE_RECEIVED,155
2023-09-04,DEVICE_REGISTERED,7
2023-09-04,DEVICE_STATUS_CHANGED,739
2023-09-04,DEVICE_TRANSFERRED,644
2023-09-04,MAINTENANCE_COMPLETED,1101
2023-09-04,REPAIR_COMPLETED,790
2023-09-05,DEVICE_DISPOSED,20
2023-09-05,DEVICE_RECEIVED,127
2023-09-05,DEVICE_REGISTERED,5
2023-09-05,DEVICE_STATUS_CHANGED,757
2023-09-05,DEVICE_TRANSFERRED,634
2023-09-05,MAINTENANCE_COMPLETED,1136
2023-09-05,REPAIR_COMPLETED,808
2023-09-06,DEVICE_DISPOSED,16
2023-09-06,DEVICE_RECEIVED,133
2023-09-06,DEVICE_REGISTERED,7
2023-09-06,DEVICE_STATUS_CHANGED,758
2023-09-06,DEVICE_TRANSFERRED,662
2023-09-06,MAINTENANCE_COMPLETED,1089
2023-09-06,REPAIR_COMPLETED,793
2023-09-07,DEVICE_DISPOSED,19
2023-09-07,DEVICE_RECEIVED,136
2023-09-07,DEVICE_REGISTERED,2
2023-09-07,DEVICE_STATUS_CHANGED,746
2023-09-07,DEVICE_TRANSFERRED,671
2023-09-07,MAINTENANCE_COMPLETED,1107
2023-09-07,REPAIR_COMPLETED,781
2023-09-08,DEVICE_DISPOSED,16
2023-09-08,DEVICE_RECEIVED,145
2023-09-08,DEVICE_REGISTERED,5
2023-09-08,DEVICE_STATUS_CHANGED,748
2023-09-08,DEVICE_TRANSFERRED,667
2023-09-08,MAINTENANCE_COMPLETED,1163
2023-09-08,REPAIR_COMPLETED,759
2023-09-09,DEVICE_DISPOSED,17
2023-09-09,DEVICE_RECEIVED,137
2023-09-09,DEVICE_REGISTERED,6
2023-09-09,DEVICE_STATUS_CHANGED,742
2023-09-09,DEVICE_TRANSFERRED,677
2023-09-09,MAINTENANCE_COMPLETED,1110
2023-09-09,REPAIR_COMPLETED,705
2023-09-10,DEVICE_DISPOSED,19
2023-09-10,DEVICE_RECEIVED,134
2023-09-10,DEVICE_REGISTERED,9
2023-09-10,DEVICE_STATUS_CHANGED,762
2023-09-10,DEVICE_TRANSFERRED,613
2023-09-10,MAINTENANCE_COMPLETED,1043
2023-09-10,REPAIR_COMPLETED,716
2023-09-11,DEVICE_DISPOSED,17
2023-09-11,DEVICE_RECEIVED,152
2023-09-11,DEVICE_REGISTERED,10
2023-09-11,DEVICE_STATUS_CHANGED,704
2023-09-11,DEVICE_TRANSFERRED,672
2023-09-11,MAINTENANCE_COMPLETED,1051
2023-09-11,REPAIR_COMPLETED,770
2023-09-12,DEVICE_DISPOSED,26
2023-09-12,DEVICE_RECEIVED,129
2023-09-12,DEVICE_REGISTERED,11
2023-09-12,DEVICE_STATUS_CHANGED,746
2023-09-12,DEVICE_TRANSFERRED,669
2023-09-12,MAINTENANCE_COMPLETED,1069
2023-09-12,REPAIR_COMPLETED,787
2023-09-13,DEVICE_DISPOSED,16
2023-09-13,DEVICE_RECEIVED,143
2023-09-13,DEVICE_REGISTERED,4
2023-09-13,DEVICE_STATUS_CHANGED,698
2023-09-13,DEVICE_TRANSFERRED,659
2023-09-13,MAINTENANCE_COMPLETED,1123
2023-09-13,REPAIR_COMPLETED,718
2023-09-14,DEVICE_DISPOSED,22
2023-09-14,DEVICE_RECEIVED,129
2023-09-14,DEVICE_REGISTERED,5
2023-09-14,DEVICE_STATUS_CHANGED,743
2023-09-14,DEVICE_TRANSFERRED,631
2023-09-14,MAINTENANCE_COMPLETED,1106
2023-09-14,REPAIR_COMPLETED,707
2023-09-15,DEVICE_DISPOSED,18
2023-09-15,DEVICE_RECEIVED,138
2023-09-15,DEVICE_REGISTERED,6
2023-09-15,DEVICE_STATUS_CHANGED,691
2023-09-15,DEVICE_TRANSFERRED,668
2023-09-15,MAINTENANCE_COMPLETED,1084
2023-09-15,REPAIR_COMPLETED,761
2023-09-16,DEVICE_DISPOSED,25
2023-09-16,DEVICE_RECEIVED,137
2023-09-16,DEVICE_REGISTERED,9
2023-09-16,DEVICE_STATUS_CHANGED,721
2023-09-16,DEVICE_TRANSFERRED,664
2023-09-16,MAINTENANCE_COMPLETED,1089
2023-09-16,REPAIR_COMPLETED,826
2023-09-17,DEVICE_DISPOSED,17
2023-09-17,DEVICE_RECEIVED,148
2023-09-17,DEVICE_REGISTERED,11
2023-09-17,DEVICE_STATUS_CHANGED,766
2023-09-17,DEVICE_TRANSFERRED,669
2023-09-17,MAINTENANCE_COMPLETED,1145
2023-09-17,REPAIR_COMPLETED,721
2023-09-18,DEVICE_DISPOSED,26
2023-09-18,DEVICE_RECEIVED,147
2023-09-18,DEVICE_REGISTERED,8
2023-09-18,DEVICE_STATUS_CHANGED,704
2023-09-18,DEVICE_TRANSFERRED,684
2023-09-18,MAINTENANCE_COMPLETED,1090
2023-09-18,REPAIR_COMPLETED,820
2023-09-19,DEVICE_DISPOSED,19
2023-09-19,DEVICE_RECEIVED,112
2023-09-19,DEVICE_REGISTERED,6
2023-09-19,DEVICE_STATUS_CHANGED,758
2023-09-19,DEVICE_TRANSFERRED,618
2023-09-19,MAINTENANCE_COMPLETED,1097
2023-09-19,REPAIR_COMPLETED,806
2023-09-20,DEVICE_DISPOSED,6
2023-09-20,DEVICE_RECEIVED,125
2023-09-20,DEVICE_REGISTERED,7
2023-09-20,DEVICE_STATUS_CHANGED,795
2023-09-20,DEVICE_TRANSFERRED,651
2023-09-20,MAINTENANCE_COMPLETED,1115
2023-09-20,REPAIR_COMPLETED,741
2023-09-21,DEVICE_DISPOSED,15
2023-09-21,DEVICE_RECEIVED,134
2023-09-21,DEVICE_REGISTERED,4
2023-09-21,DEVICE_STATUS_CHANGED,735
2023-09-21,DEVICE_TRANSFERRED,678
2023-09-21,MAINTENANCE_COMPLETED,1153
2023-09-21,REPAIR_COMPLETED,738
2023-09-22,DEVICE_DISPOSED,27
2023-09-22,DEVICE_RECEIVED,142
2023-09-22,DEVICE_REGISTERED,9
2023-09-22,DEVICE_STATUS_CHANGED,720
2023-09-22,DEVICE_TRANSFERRED,683
2023-09-22,MAINTENANCE_COMPLETED,1093
2023-09-22,REPAIR_COMPLETED,792
2023-09-23,DEVICE_DISPOSED,21
2023-09-23,DEVICE_RECEIVED,145
2023-09-23,DEVICE_REGISTERED,11
2023-09-23,DEVICE_STATUS_CHANGED,734
2023-09-23,DEVICE_TRANSFERRED,659
2023-09-23,MAINTENANCE_COMPLETED,1176
2023-09-23,REPAIR_COMPLETED,811
2023-09-24,DEVICE_DISPOSED,18
2023-09-24,DEVICE_RECEIVED,142
2023-09-24,DEVICE_REGISTERED,13
2023-09-24,DEVICE_STATUS_CHANGED,766
2023-09-24,DEVICE_TRANSFERRED,677
2023-09-24,MAINTENANCE_COMPLETED,1118
2023-09-24,REPAIR_COMPLETED,816
2023-09-25,DEVICE_DISPOSED,22
2023-09-25,DEVICE_RECEIVED,122
2023-09-25,DEVICE_REGISTERED,7
2023-09-25,DEVICE_STATUS_CHANGED,679
2023-09-25,DEVICE_TRANSFERRED,639
2023-09-25,MAINTENANCE_COMPLETED,1143
2023-09-25,REPAIR_COMPLETED,803
2023-09-26,DEVICE_DISPOSED,21
2023-09-26,DEVICE_RECEIVED,131
2023-09-26,DEVICE_REGISTERED,8
2023-09-26,DEVICE_STATUS_CHANGED,712
2023-09-26,DEVICE_TRANSFERRED,672
2023-09-26,MAINTENANCE_COMPLETED,1070
2023-09-26,REPAIR_COMPLETED,795
2023-09-27,DEVICE_DISPOSED,22
2023-09-27,DEVICE_RECEIVED,123
2023-09-27,DEVICE_REGISTERED,4
2023-09-27,DEVICE_STATUS_CHANGED,733
2023-09-27,DEVICE_TRANSFERRED,685
2023-09-27,MAINTENANCE_COMPLETED,1087
2023-09-27,REPAIR_COMPLETED,790
2023-09-28,DEVICE_DISPOSED,18
2023-09-28,DEVICE_RECEIVED,151
2023-09-28,DEVICE_REGISTERED,8
2023-09-28,DEVICE_STATUS_CHANGED,749
2023-09-28,DEVICE_TRANSFERRED,655
2023-09-28,MAINTENANCE_COMPLETED,1156
2023-09-28,REPAIR_COMPLETED,825
2023-09-29,DEVICE_DISPOSED,16
2023-09-29,DEVICE_RECEIVED,129
2023-09-29,DEVICE_REGISTERED,11
2023-09-29,DEVICE_STATUS_CHANGED,705
2023-09-29,DEVICE_TRANSFERRED,624
2023-09-29,MAINTENANCE_COMPLETED,1127
2023-09-29,REPAIR_COMPLETED,767
2023-09-30,DEVICE_DISPOSED,21
2023-09-30,DEVICE_RECEIVED,122
2023-09-30,DEVICE_REGISTERED,9
2023-09-30,DEVICE_STATUS_CHANGED,726
2023-09-30,DEVICE_TRANSFERRED,675
2023-09-30,MAINTENANCE_COMPLETED,1069
2023-09-30,REPAIR_COMPLETED,733
2023-10-01,DEVICE_DISPOSED,23
2023-10-01,DEVICE_RECEIVED,111
2023-10-01,DEVICE_REGISTERED,10
2023-10-01,DEVICE_STATUS_CHANGED,710
2023-10-01,DEVICE_TRANSFERRED,688
2023-10-01,MAINTENANCE_COMPLETED,1123
2023-10-01,REPAIR_COMPLETED,728
2023-10-02,DEVICE_DISPOSED,20
2023-10-02,DEVICE_RECEIVED,141
2023-10-02,DEVICE_REGISTERED,6
2023-10-02,DEVICE_STATUS_CHANGED,685
2023-10-02,DEVICE_TRANSFERRED,628
2023-10-02,MAINTENANCE_COMPLETED,1162
2023-10-02,REPAIR_COMPLETED,785
2023-10-03,DEVICE_DISPOSED,16
2023-10-03,DEVICE_RECEIVED,152
2023-10-03,DEVICE_REGISTERED,11
2023-10-03,DEVICE_STATUS_CHANGED,734
2023-10-03,DEVICE_TRANSFERRED,665
2023-10-03,MAINTENANCE_COMPLETED,1137
2023-10-03,REPAIR_COMPLETED,760
2023-10-04,DEVICE_DISPOSED,22
2023-10-04,DEVICE_RECEIVED,137
2023-10-04,DEVICE_REGISTERED,9
2023-10-04,DEVICE_STATUS_CHANGED,701
2023-10-04,DEVICE_TRANSFERRED,606
2023-10-04,MAINTENANCE_COMPLETED,1107
2023-10-04,REPAIR_COMPLETED,778
2023-10-05,DEVICE_DISPOSED,26
2023-10-05,DEVICE_RECEIVED,121
2023-10-05,DEVICE_REGISTERED,8
2023-10-05,DEVICE_STATUS_CHANGED,733
2023-10-05,DEVICE_TRANSFERRED,658
2023-10-05,MAINTENANCE_COMPLETED,1104
2023-10-05,REPAIR_COMPLETED,800
2023-10-06,DEVICE_DISPOSED,19
2023-10-06,DEVICE_RECEIVED,132
2023-10-06,DEVICE_REGISTERED,7
2023-10-06,DEVICE_STATUS_CHANGED,733
2023-10-06,DEVICE_TRANSFERRED,646
2023-10-06,MAINTENANCE_COMPLETED,1087
2023-10-06,REPAIR_COMPLETED,853
2023-10-07,DEVICE_DISPOSED,26
2023-10-07,DEVICE_RECEIVED,131
2023-10-07,DEVICE_REGISTERED,11
2023-10-07,DEVICE_STATUS_CHANGED,809
2023-10-07,DEVICE_TRANSFERRED,692
2023-10-07,MAINTENANCE_COMPLETED,1089
2023-10-07,REPAIR_COMPLETED,791
2023-10-08,DEVICE_DISPOSED,18
2023-10-08,DEVICE_RECEIVED,142
2023-10-08,DEVICE_REGISTERED,2
2023-10-08,DEVICE_STATUS_CHANGED,740
2023-10-08,DEVICE_TRANSFERRED,678
2023-10-08,MAINTENANCE_COMPLETED,1069
2023-10-08,REPAIR_COMPLETED,761
2023-10-09,DEVICE_DISPOSED,27
2023-10-09,DEVICE_RECEIVED,148
2023-10-09,DEVICE_REGISTERED,5
2023-10-09,DEVICE_STATUS_CHANGED,720
2023-10-09,DEVICE_TRANSFERRED,644
2023-10-09,MAINTENANCE_COMPLETED,1081
2023-10-09,REPAIR_COMPLETED,741
2023-10-10,DEVICE_DISPOSED,21
2023-10-10,DEVICE_RECEIVED,125
2023-10-10,DEVICE_REGISTERED,6
2023-10-10,DEVICE_STATUS_CHANGED,707
2023-10-10,DEVICE_TRANSFERRED,661
2023-10-10,MAINTENANCE_COMPLETED,1031
2023-10-10,REPAIR_COMPLETED,792
2023-10-11,DEVICE_DISPOSED,22
2023-10-11,DEVICE_RECEIVED,141
2023-10-11,DEVICE_REGISTERED,8
2023-10-11,DEVICE_STATUS_CHANGED,743
2023-10-11,DEVICE_TRANSFERRED,659
2023-10-11,MAINTENANCE_COMPLETED,1057
2023-10-11,REPAIR_COMPLETED,769
2023-10-12,DEVICE_DISPOSED,25
2023-10-12,DEVICE_RECEIVED,138
2023-10-12,DEVICE_REGISTERED,8
2023-10-12,DEVICE_STATUS_CHANGED,787
2023-10-12,DEVICE_TRANSFERRED,694
2023-10-12,MAINTENANCE_COMPLETED,1075
2023-10-12,REPAIR_COMPLETED,783
2023-10-13,DEVICE_DISPOSED,25
2023-10-13,DEVICE_RECEIVED,133
2023-10-13,DEVICE_REGISTERED,9
2023-10-13,DEVICE_STATUS_CHANGED,769
2023-10-13,DEVICE_TRANSFERRED,645
2023-10-13,MAINTENANCE_COMPLETED,1090
2023-10-13,REPAIR_COMPLETED,765
2023-10-14,DEVICE_DISPOSED,18
2023-10-14,DEVICE_RECEIVED,130
2023-10-14,DEVICE_REGISTERED,6
2023-10-14,DEVICE_STATUS_CHANGED,782
2023-10-14,DEVICE_TRANSFERRED,701
2023-10-14,MAINTENANCE_COMPLETED,1083
2023-10-14,REPAIR_COMPLETED,775
2023-10-15,DEVICE_DISPOSED,19
2023-10-15,DEVICE_RECEIVED,104
2023-10-15,DEVICE_REGISTERED,6
2023-10-15,DEVICE_STATUS_CHANGED,704
2023-10-15,DEVICE_TRANSFERRED,701
2023-10-15,MAINTENANCE_COMPLETED,1126
2023-10-15,REPAIR_COMPLETED,823
2023-10-16,DEVICE_DISPOSED,17
2023-10-16,DEVICE_RECEIVED,108
2023-10-16,DEVICE_REGISTERED,8
2023-10-16,DEVICE_STATUS_CHANGED,747
2023-10-16,DEVICE_TRANSFERRED,652
2023-10-16,MAINTENANCE_COMPLETED,1117
2023-10-16,REPAIR_COMPLETED,831
2023-10-17,DEVICE_DISPOSED,16
2023-10-17,DEVICE_RECEIVED,126
2023-10-17,DEVICE_REGISTERED,6
2023-10-17,DEVICE_STATUS_CHANGED,713
2023-10-17,DEVICE_TRANSFERRED,681
2023-10-17,MAINTENANCE_COMPLETED,1043
2023-10-17,REPAIR_COMPLETED,806
2023-10-18,DEVICE_DISPOSED,25
2023-10-18,DEVICE_RECEIVED,132
2023-10-18,DEVICE_REGISTERED,7
2023-10-18,DEVICE_STATUS_CHANGED,718
2023-10-18,DEVICE_TRANSFERRED,706
2023-10-18,MAINTENANCE_COMPLETED,1048
2023-10-18,REPAIR_COMPLETED,790
2023-10-19,DEVICE_DISPOSED,13
2023-10-19,DEVICE_RECEIVED,128
2023-10-19,DEVICE_REGISTERED,11
2023-10-19,DEVICE_STATUS_CHANGED,769
2023-10-19,DEVICE_TRANSFERRED,649
2023-10-19,MAINTENANCE_COMPLETED,1127
2023-10-19,REPAIR_COMPLETED,737
2023-10-20,DEVICE_DISPOSED,14
2023-10-20,DEVICE_RECEIVED,128
2023-10-20,DEVICE_REGISTERED,13
2023-10-20,DEVICE_STATUS_CHANGED,715
2023-10-20,DEVICE_TRANSFERRED,643
2023-10-20,MAINTENANCE_COMPLETED,1108
2023-10-20,REPAIR_COMPLETED,753
2023-10-21,DEVICE_DISPOSED,15
2023-10-21,DEVICE_RECEIVED,142
2023-10-21,DEVICE_REGISTERED,4
2023-10-21,DEVICE_STATUS_CHANGED,727
2023-10-21,DEVICE_TRANSFERRED,644
2023-10-21,MAINTENANCE_COMPLETED,1099
2023-10-21,REPAIR_COMPLETED,784
2023-10-22,DEVICE_DISPOSED,24
2023-10-22,DEVICE_RECEIVED,140
2023-10-22,DEVICE_REGISTERED,8
2023-10-22,DEVICE_STATUS_CHANGED,741
2023-10-22,DEVICE_TRANSFERRED,632
2023-10-22,MAINTENANCE_COMPLETED,1061
2023-10-22,REPAIR_COMPLETED,746
2023-10-23,DEVICE_DISPOSED,14
2023-10-23,DEVICE_RECEIVED,117
2023-10-23,DEVICE_REGISTERED,4
2023-10-23,DEVICE_STATUS_CHANGED,752
2023-10-23,DEVICE_TRANSFERRED,656
2023-10-23,MAINTENANCE_COMPLETED,1136
2023-10-23,REPAIR_COMPLETED,749
2023-10-24,DEVICE_DISPOSED,20
2023-10-24,DEVICE_RECEIVED,142
2023-10-24,DEVICE_REGISTERED,8
2023-10-24,DEVICE_STATUS_CHANGED,720
2023-10-24,DEVICE_TRANSFERRED,625
2023-10-24,MAINTENANCE_COMPLETED,1080
2023-10-24,REPAIR_COMPLETED,759
2023-10-25,DEVICE_DISPOSED,21
2023-10-25,DEVICE_RECEIVED,132
2023-10-25,DEVICE_REGISTERED,4
2023-10-25,DEVICE_STATUS_CHANGED,682
2023-10-25,DEVICE_TRANSFERRED,634
2023-10-25,MAINTENANCE_COMPLETED,1083
2023-10-25,REPAIR_COMPLETED,787
2023-10-26,DEVICE_DISPOSED,25
2023-10-26,DEVICE_RECEIVED,135
2023-10-26,DEVICE_REGISTERED,5
2023-10-26,DEVICE_STATUS_CHANGED,743
2023-10-26,DEVICE_TRANSFERRED,651
2023-10-26,MAINTENANCE_COMPLETED,1072
2023-10-26,REPAIR_COMPLETED,776
2023-10-27,DEVICE_DISPOSED,21
2023-10-27,DEVICE_RECEIVED,112
2023-10-27,DEVICE_REGISTERED,5
2023-10-27,DEVICE_STATUS_CHANGED,777
2023-10-27,DEVICE_TRANSFERRED,676
2023-10-27,MAINTENANCE_COMPLETED,1052
2023-10-27,REPAIR_COMPLETED,782
2023-10-28,DEVICE_DISPOSED,24
2023-10-28,DEVICE_RECEIVED,135
2023-10-28,DEVICE_REGISTERED,2
2023-10-28,DEVICE_STATUS_CHANGED,686
2023-10-28,DEVICE_TRANSFERRED,641
2023-10-28,MAINTENANCE_COMPLETED,1044
2023-10-28,REPAIR_COMPLETED,729
2023-10-29,DEVICE_DISPOSED,19
2023-10-29,DEVICE_RECEIVED,122
2023-10-29,DEVICE_REGISTERED,9
2023-10-29,DEVICE_STATUS_CHANGED,706
2023-10-29,DEVICE_TRANSFERRED,667
2023-10-29,MAINTENANCE_COMPLETED,1067
2023-10-29,REPAIR_COMPLETED,737
2023-10-30,DEVICE_DISPOSED,27
2023-10-30,DEVICE_RECEIVED,117
2023-10-30,DEVICE_REGISTERED,13
2023-10-30,DEVICE_STATUS_CHANGED,789
2023-10-30,DEVICE_TRANSFERRED,640
2023-10-30,MAINTENANCE_COMPLETED,1099
2023-10-30,REPAIR_COMPLETED,759
2023-10-31,DEVICE_DISPOSED,29
2023-10-31,DEVICE_RECEIVED,125
2023-10-31,DEVICE_REGISTERED,3
2023-10-31,DEVICE_STATUS_CHANGED,731
2023-10-31,DEVICE_TRANSFERRED,620
2023-10-31,MAINTENANCE_COMPLETED,1056
2023-10-31,REPAIR_COMPLETED,752
2023-11-01,DEVICE_DISPOSED,22
2023-11-01,DEVICE_RECEIVED,136
2023-11-01,DEVICE_REGISTERED,12
2023-11-01,DEVICE_STATUS_CHANGED,731
2023-11-01,DEVICE_TRANSFERRED,677
2023-11-01,MAINTENANCE_COMPLETED,1089
2023-11-01,REPAIR_COMPLETED,791
2023-11-02,DEVICE_DISPOSED,16
2023-11-02,DEVICE_RECEIVED,123
2023-11-02,DEVICE_REGISTERED,7
2023-11-02,DEVICE_STATUS_CHANGED,758
2023-11-02,DEVICE_TRANSFERRED,665
2023-11-02,MAINTENANCE_COMPLETED,1122
2023-11-02,REPAIR_COMPLETED,772
2023-11-03,DEVICE_DISPOSED,15
2023-11-03,DEVICE_RECEIVED,124
2023-11-03,DEVICE_REGISTERED,7
2023-11-03,DEVICE_STATUS_CHANGED,759
2023-11-03,DEVICE_TRANSFERRED,673
2023-11-03,MAINTENANCE_COMPLETED,1082
2023-11-03,REPAIR_COMPLETED,792
2023-11-04,DEVICE_DISPOSED,20
2023-11-04,DEVICE_RECEIVED,158
2023-11-04,DEVICE_REGISTERED,9
2023-11-04,DEVICE_STATUS_CHANGED,743
2023-11-04,DEVICE_TRANSFERRED,646
2023-11-04,MAINTENANCE_COMPLETED,1167
2023-11-04,REPAIR_COMPLETED,720
2023-11-05,DEVICE_DISPOSED,26
2023-11-05,DEVICE_RECEIVED,115
2023-11-05,DEVICE_REGISTERED,13
2023-11-05,DEVICE_STATUS_CHANGED,763
2023-11-05,DEVICE_TRANSFERRED,660
2023-11-05,MAINTENANCE_COMPLETED,1114
2023-11-05,REPAIR_COMPLETED,815
2023-11-06,DEVICE_DISPOSED,30
2023-11-06,DEVICE_RECEIVED,128
2023-11-06,DEVICE_REGISTERED,4
2023-11-06,DEVICE_STATUS_CHANGED,725
2023-11-06,DEVICE_TRANSFERRED,630
2023-11-06,MAINTENANCE_COMPLETED,1095
2023-11-06,REPAIR_COMPLETED,775
2023-11-07,DEVICE_DISPOSED,28
2023-11-07,DEVICE_RECEIVED,146
2023-11-07,DEVICE_REGISTERED,8
2023-11-07,DEVICE_STATUS_CHANGED,745
2023-11-07,DEVICE_TRANSFERRED,643
2023-11-07,MAINTENANCE_COMPLETED,1095
2023-11-07,REPAIR_COMPLETED,716
2023-11-08,DEVICE_DISPOSED,18
2023-11-08,DEVICE_RECEIVED,138
2023-11-08,DEVICE_REGISTERED,6
2023-11-08,DEVICE_STATUS_CHANGED,740
2023-11-08,DEVICE_TRANSFERRED,611
2023-11-08,MAINTENANCE_COMPLETED,1106
2023-11-08,REPAIR_COMPLETED,775
2023-11-09,DEVICE_DISPOSED,21
2023-11-09,DEVICE_RECEIVED,137
2023-11-09,DEVICE_REGISTERED,6
2023-11-09,DEVICE_STATUS_CHANGED,711
2023-11-09,DEVICE_TRANSFERRED,659
2023-11-09,MAINTENANCE_COMPLETED,1046
2023-11-09,REPAIR_COMPLETED,780
2023-11-10,DEVICE_DISPOSED,14
2023-11-10,DEVICE_RECEIVED,139
2023-11-10,DEVICE_REGISTERED,9
2023-11-10,DEVICE_STATUS_CHANGED,694
2023-11-10,DEVICE_TRANSFERRED,677
2023-11-10,MAINTENANCE_COMPLETED,1102
2023-11-10,REPAIR_COMPLETED,808
2023-11-11,DEVICE_DISPOSED,17
2023-11-11,DEVICE_RECEIVED,135
2023-11-11,DEVICE_REGISTERED,8
2023-11-11,DEVICE_STATUS_CHANGED,731
2023-11-11,DEVICE_TRANSFERRED,676
2023-11-11,MAINTENANCE_COMPLETED,1067
2023-11-11,REPAIR_COMPLETED,756
2023-11-12,DEVICE_DISPOSED,19
2023-11-12,DEVICE_RECEIVED,134
2023-11-12,DEVICE_REGISTERED,4
2023-11-12,DEVICE_STATUS_CHANGED,739
2023-11-12,DEVICE_TRANSFERRED,672
2023-11-12,MAINTENANCE_COMPLETED,1113
2023-11-12,REPAIR_COMPLETED,771
2023-11-13,DEVICE_DISPOSED,28
2023-11-13,DEVICE_RECEIVED,138
2023-11-13,DEVICE_REGISTERED,6
2023-11-13,DEVICE_STATUS_CHANGED,717
2023-11-13,DEVICE_TRANSFERRED,635
2023-11-13,MAINTENANCE_COMPLETED,1056
2023-11-13,REPAIR_COMPLETED,791
2023-11-14,DEVICE_DISPOSED,30
2023-11-14,DEVICE_RECEIVED,126
2023-11-14,DEVICE_REGISTERED,9
2023-11-14,DEVICE_STATUS_CHANGED,736
2023-11-14,DEVICE_TRANSFERRED,711
2023-11-14,MAINTENANCE_COMPLETED,1099
2023-11-14,REPAIR_COMPLETED,759
2023-11-15,DEVICE_DISPOSED,35
2023-11-15,DEVICE_RECEIVED,139
2023-11-15,DEVICE_REGISTERED,11
2023-11-15,DEVICE_STATUS_CHANGED,731
2023-11-15,DEVICE_TRANSFERRED,670
2023-11-15,MAINTENANCE_COMPLETED,1112
2023-11-15,REPAIR_COMPLETED,762
2023-11-16,DEVICE_DISPOSED,26
2023-11-16,DEVICE_RECEIVED,129
2023-11-16,DEVICE_REGISTERED,9
2023-11-16,DEVICE_STATUS_CHANGED,732
2023-11-16,DEVICE_TRANSFERRED,653
2023-11-16,MAINTENANCE_COMPLETED,1102
2023-11-16,REPAIR_COMPLETED,776
2023-11-17,DEVICE_DISPOSED,24
2023-11-17,DEVICE_RECEIVED,117
2023-11-17,DEVICE_REGISTERED,6
2023-11-17,DEVICE_STATUS_CHANGED,729
2023-11-17,DEVICE_TRANSFERRED,638
2023-11-17,MAINTENANCE_COMPLETED,1173
2023-11-17,REPAIR_COMPLETED,789
2023-11-18,DEVICE_DISPOSED,25
2023-11-18,DEVICE_RECEIVED,151
2023-11-18,DEVICE_REGISTERED,8
2023-11-18,DEVICE_STATUS_CHANGED,730
2023-11-18,DEVICE_TRANSFERRED,691
2023-11-18,MAINTENANCE_COMPLETED,1050
2023-11-18,REPAIR_COMPLETED,811
2023-11-19,DEVICE_DISPOSED,19
2023-11-19,DEVICE_RECEIVED,111
2023-11-19,DEVICE_REGISTERED,8
2023-11-19,DEVICE_STATUS_CHANGED,823
2023-11-19,DEVICE_TRANSFERRED,666
2023-11-19,MAINTENANCE_COMPLETED,1067
2023-11-19,REPAIR_COMPLETED,733
2023-11-20,DEVICE_DISPOSED,30
2023-11-20,DEVICE_RECEIVED,140
2023-11-20,DEVICE_REGISTERED,9
2023-11-20,DEVICE_STATUS_CHANGED,724
2023-11-20,DEVICE_TRANSFERRED,695
2023-11-20,MAINTENANCE_COMPLETED,1160
2023-11-20,REPAIR_COMPLETED,782
2023-11-21,DEVICE_DISPOSED,18
2023-11-21,DEVICE_RECEIVED,146
2023-11-21,DEVICE_REGISTERED,5
2023-11-21,DEVICE_STATUS_CHANGED,729
2023-11-21,DEVICE_TRANSFERRED,633
2023-11-21,MAINTENANCE_COMPLETED,1101
2023-11-21,REPAIR_COMPLETED,738
2023-11-22,DEVICE_DISPOSED,19
2023-11-22,DEVICE_RECEIVED,134
2023-11-22,DEVICE_REGISTERED,6
2023-11-22,DEVICE_STATUS_CHANGED,740
2023-11-22,DEVICE_TRANSFERRED,671
2023-11-22,MAINTENANCE_COMPLETED,1086
2023-11-22,REPAIR_COMPLETED,777
2023-11-23,DEVICE_DISPOSED,25
2023-11-23,DEVICE_RECEIVED,136
2023-11-23,DEVICE_REGISTERED,5
2023-11-23,DEVICE_STATUS_CHANGED,757
2023-11-23,DEVICE_TRANSFERRED,679
2023-11-23,MAINTENANCE_COMPLETED,1106
2023-11-23,REPAIR_COMPLETED,778
2023-11-24,DEVICE_DISPOSED,28
2023-11-24,DEVICE_RECEIVED,111
2023-11-24,DEVICE_REGISTERED,4
2023-11-24,DEVICE_STATUS_CHANGED,712
2023-11-24,DEVICE_TRANSFERRED,669
2023-11-24,MAINTENANCE_COMPLETED,1122
2023-11-24,REPAIR_COMPLETED,778
2023-11-25,DEVICE_DISPOSED,28
2023-11-25,DEVICE_RECEIVED,136
2023-11-25,DEVICE_REGISTERED,2
2023-11-25,DEVICE_STATUS_CHANGED,684
2023-11-25,DEVICE_TRANSFERRED,653
2023-11-25,MAINTENANCE_COMPLETED,1139
2023-11-25,REPAIR_COMPLETED,750
2023-11-26,DEVICE_DISPOSED,23
2023-11-26,DEVICE_RECEIVED,138
2023-11-26,DEVICE_REGISTERED,10
2023-11-26,DEVICE_STATUS_CHANGED,729
2023-11-26,DEVICE_TRANSFERRED,719
2023-11-26,MAINTENANCE_COMPLETED,1080
2023-11-26,REPAIR_COMPLETED,795
2023-11-27,DEVICE_DISPOSED,27
2023-11-27,DEVICE_RECEIVED,139
2023-11-27,DEVICE_REGISTERED,9
2023-11-27,DEVICE_STATUS_CHANGED,723
2023-11-27,DEVICE_TRANSFERRED,674
2023-11-27,MAINTENANCE_COMPLETED,1063
2023-11-27,REPAIR_COMPLETED,783
2023-11-28,DEVICE_DISPOSED,23
2023-11-28,DEVICE_RECEIVED,137
2023-11-28,DEVICE_REGISTERED,9
2023-11-28,DEVICE_STATUS_CHANGED,686
2023-11-28,DEVICE_TRANSFERRED,617
2023-11-28,MAINTENANCE_COMPLETED,1134
2023-11-28,REPAIR_COMPLETED,749
2023-11-29,DEVICE_DISPOSED,18
2023-11-29,DEVICE_RECEIVED,146
2023-11-29,DEVICE_REGISTERED,6
2023-11-29,DEVICE_STATUS_CHANGED,763
2023-11-29,DEVICE_TRANSFERRED,618
2023-11-29,MAINTENANCE_COMPLETED,1134
2023-11-29,REPAIR_COMPLETED,786
2023-11-30,DEVICE_DISPOSED,16
2023-11-30,DEVICE_RECEIVED,138
2023-11-30,DEVICE_REGISTERED,8
2023-11-30,DEVICE_STATUS_CHANGED,736
2023-11-30,DEVICE_TRANSFERRED,629
2023-11-30,MAINTENANCE_COMPLETED,1149
2023-11-30,REPAIR_COMPLETED,793
2023-12-01,DEVICE_DISPOSED,23
2023-12-01,DEVICE_RECEIVED,134
2023-12-01,DEVICE_REGISTERED,9
2023-12-01,DEVICE_STATUS_CHANGED,683
2023-12-01,DEVICE_TRANSFERRED,619
2023-12-01,MAINTENANCE_COMPLETED,1132
2023-12-01,REPAIR_COMPLETED,779
2023-12-02,DEVICE_DISPOSED,29
2023-12-02,DEVICE_RECEIVED,129
2023-12-02,DEVICE_REGISTERED,5
2023-12-02,DEVICE_STATUS_CHANGED,710
2023-12-02,DEVICE_TRANSFERRED,634
2023-12-02,MAINTENANCE_COMPLETED,1101
2023-12-02,REPAIR_COMPLETED,805
2023-12-03,DEVICE_DISPOSED,24
2023-12-03,DEVICE_RECEIVED,141
2023-12-03,DEVICE_REGISTERED,7
2023-12-03,DEVICE_STATUS_CHANGED,764
2023-12-03,DEVICE_TRANSFERRED,600
2023-12-03,MAINTENANCE_COMPLETED,1141
2023-12-03,REPAIR_COMPLETED,778
2023-12-04,DEVICE_DISPOSED,25
2023-12-04,DEVICE_RECEIVED,106
2023-12-04,DEVICE_REGISTERED,7
2023-12-04,DEVICE_STATUS_CHANGED,760
2023-12-04,DEVICE_TRANSFERRED,646
2023-12-04,MAINTENANCE_COMPLETED,1134
2023-12-04,REPAIR_COMPLETED,734
2023-12-05,DEVICE_DISPOSED,22
2023-12-05,DEVICE_RECEIVED,156
2023-12-05,DEVICE_REGISTERED,7
2023-12-05,DEVICE_STATUS_CHANGED,731
2023-12-05,DEVICE_TRANSFERRED,672
2023-12-05,MAINTENANCE_COMPLETED,1122
2023-12-05,REPAIR_COMPLETED,801
2023-12-06,DEVICE_DISPOSED,22
2023-12-06,DEVICE_RECEIVED,129
2023-12-06,DEVICE_REGISTERED,8
2023-12-06,DEVICE_STATUS_CHANGED,747
2023-12-06,DEVICE_TRANSFERRED,654
2023-12-06,MAINTENANCE_COMPLETED,1092
2023-12-06,REPAIR_COMPLETED,739
2023-12-07,DEVICE_DISPOSED,25
2023-12-07,DEVICE_RECEIVED,109
2023-12-07,DEVICE_REGISTERED,9
2023-12-07,DEVICE_STATUS_CHANGED,710
2023-12-07,DEVICE_TRANSFERRED,622
2023-12-07,MAINTENANCE_COMPLETED,1108
2023-12-07,REPAIR_COMPLETED,739
2023-12-08,DEVICE_DISPOSED,27
2023-12-08,DEVICE_RECEIVED,130
2023-12-08,DEVICE_REGISTERED,13
2023-12-08,DEVICE_STATUS_CHANGED,754
2023-12-08,DEVICE_TRANSFERRED,624
2023-12-08,MAINTENANCE_COMPLETED,1165
2023-12-08,REPAIR_COMPLETED,767
2023-12-09,DEVICE_DISPOSED,18
2023-12-09,DEVICE_RECEIVED,141
2023-12-09,DEVICE_REGISTERED,8
2023-12-09,DEVICE_STATUS_CHANGED,723
2023-12-09,DEVICE_TRANSFERRED,650
2023-12-09,MAINTENANCE_COMPLETED,1071
2023-12-09,REPAIR_COMPLETED,723
2023-12-10,DEVICE_DISPOSED,19
2023-12-10,DEVICE_RECEIVED,145
2023-12-10,DEVICE_REGISTERED,7
2023-12-10,DEVICE_STATUS_CHANGED,733
2023-12-10,DEVICE_TRANSFERRED,670
2023-12-10,MAINTENANCE_COMPLETED,1114
2023-12-10,REPAIR_COMPLETED,763
2023-12-11,DEVICE_DISPOSED,28
2023-12-11,DEVICE_RECEIVED,119
2023-12-11,DEVICE_REGISTERED,8
2023-12-11,DEVICE_STATUS_CHANGED,659
2023-12-11,DEVICE_TRANSFERRED,663
2023-12-11,MAINTENANCE_COMPLETED,1066
2023-12-11,REPAIR_COMPLETED,738
2023-12-12,DEVICE_DISPOSED,29
2023-12-12,DEVICE_RECEIVED,114
2023-12-12,DEVICE_REGISTERED,15
2023-12-12,DEVICE_STATUS_CHANGED,762
2023-12-12,DEVICE_TRANSFERRED,646
2023-12-12,MAINTENANCE_COMPLETED,1081
2023-12-12,REPAIR_COMPLETED,797
2023-12-13,DEVICE_DISPOSED,22
2023-12-13,DEVICE_RECEIVED,136
2023-12-13,DEVICE_REGISTERED,2
2023-12-13,DEVICE_STATUS_CHANGED,733
2023-12-13,DEVICE_TRANSFERRED,672
2023-12-13,MAINTENANCE_COMPLETED,1107
2023-12-13,REPAIR_COMPLETED,747
2023-12-14,DEVICE_DISPOSED,17
2023-12-14,DEVICE_RECEIVED,122
2023-12-14,DEVICE_REGISTERED,3
2023-12-14,DEVICE_STATUS_CHANGED,720
2023-12-14,DEVICE_TRANSFERRED,647
2023-12-14,MAINTENANCE_COMPLETED,1114
2023-12-14,REPAIR_COMPLETED,798
2023-12-15,DEVICE_DISPOSED,16
2023-12-15,DEVICE_RECEIVED,130
2023-12-15,DEVICE_REGISTERED,6
2023-12-15,DEVICE_STATUS_CHANGED,761
2023-12-15,DEVICE_TRANSFERRED,666
2023-12-15,MAINTENANCE_COMPLETED,1122
2023-12-15,REPAIR_COMPLETED,781
2023-12-16,DEVICE_DISPOSED,23
2023-12-16,DEVICE_RECEIVED,120
2023-12-16,DEVICE_REGISTERED,11
2023-12-16,DEVICE_STATUS_CHANGED,751
2023-12-16,DEVICE_TRANSFERRED,655
2023-12-16,MAINTENANCE_COMPLETED,1132
2023-12-16,REPAIR_COMPLETED,779
2023-12-17,DEVICE_DISPOSED,21
2023-12-17,DEVICE_RECEIVED,128
2023-12-17,DEVICE_REGISTERED,10
2023-12-17,DEVICE_STATUS_CHANGED,740
2023-12-17,DEVICE_TRANSFERRED,684
2023-12-17,MAINTENANCE_COMPLETED,1101
2023-12-17,REPAIR_COMPLETED,766
2023-12-18,DEVICE_DISPOSED,18
2023-12-18,DEVICE_RECEIVED,136
2023-12-18,DEVICE_REGISTERED,10
2023-12-18,DEVICE_STATUS_CHANGED,766
2023-12-18,DEVICE_TRANSFERRED,678
2023-12-18,MAINTENANCE_COMPLETED,1042
2023-12-18,REPAIR_COMPLETED,773
2023-12-19,DEVICE_DISPOSED,19
2023-12-19,DEVICE_RECEIVED,135
2023-12-19,DEVICE_REGISTERED,9
2023-12-19,DEVICE_STATUS_CHANGED,744
2023-12-19,DEVICE_TRANSFERRED,652
2023-12-19,MAINTENANCE_COMPLETED,1079
2023-12-19,REPAIR_COMPLETED,775
2023-12-20,DEVICE_DISPOSED,21
2023-12-20,DEVICE_RECEIVED,128
2023-12-20,DEVICE_REGISTERED,5
2023-12-20,DEVICE_STATUS_CHANGED,770
2023-12-20,DEVICE_TRANSFERRED,690
2023-12-20,MAINTENANCE_COMPLETED,1067
2023-12-20,REPAIR_COMPLETED,767
2023-12-21,DEVICE_DISPOSED,15
2023-12-21,DEVICE_RECEIVED,135
2023-12-21,DEVICE_REGISTERED,7
2023-12-21,DEVICE_STATUS_CHANGED,745
2023-12-21,DEVICE_TRANSFERRED,664
2023-12-21,MAINTENANCE_COMPLETED,1098
2023-12-21,REPAIR_COMPLETED,777
2023-12-22,DEVICE_DISPOSED,22
2023-12-22,DEVICE_RECEIVED,141
2023-12-22,DEVICE_REGISTERED,10
2023-12-22,DEVICE_STATUS_CHANGED,726
2023-12-22,DEVICE_TRANSFERRED,675
2023-12-22,MAINTENANCE_COMPLETED,1109
2023-12-22,REPAIR_COMPLETED,750
2023-12-23,DEVICE_DISPOSED,14
2023-12-23,DEVICE_RECEIVED,118
2023-12-23,DEVICE_REGISTERED,6
2023-12-23,DEVICE_STATUS_CHANGED,741
2023-12-23,DEVICE_TRANSFERRED,624
2023-12-23,MAINTENANCE_COMPLETED,1123
2023-12-23,REPAIR_COMPLETED,754
2023-12-24,DEVICE_DISPOSED,21
2023-12-24,DEVICE_RECEIVED,137
2023-12-24,DEVICE_REGISTERED,8
2023-12-24,DEVICE_STATUS_CHANGED,746
2023-12-24,DEVICE_TRANSFERRED,655
2023-12-24,MAINTENANCE_COMPLETED,1060
2023-12-24,REPAIR_COMPLETED,846
2023-12-25,DEVICE_DISPOSED,12
2023-12-25,DEVICE_RECEIVED,131
2023-12-25,DEVICE_REGISTERED,6
2023-12-25,DEVICE_STATUS_CHANGED,706
2023-12-25,DEVICE_TRANSFERRED,648
2023-12-25,MAINTENANCE_COMPLETED,1117
2023-12-25,REPAIR_COMPLETED,767
2023-12-26,DEVICE_DISPOSED,20
2023-12-26,DEVICE_RECEIVED,114
2023-12-26,DEVICE_REGISTERED,6
2023-12-26,DEVICE_STATUS_CHANGED,697
2023-12-26,DEVICE_TRANSFERRED,651
2023-12-26,MAINTENANCE_COMPLETED,1135
2023-12-26,REPAIR_COMPLETED,765
2023-12-27,DEVICE_DISPOSED,29
2023-12-27,DEVICE_RECEIVED,134
2023-12-27,DEVICE_REGISTERED,8
2023-12-27,DEVICE_STATUS_CHANGED,728
2023-12-27,DEVICE_TRANSFERRED,643
2023-12-27,MAINTENANCE_COMPLETED,1158
2023-12-27,REPAIR_COMPLETED,753
2023-12-28,DEVICE_DISPOSED,23
2023-12-28,DEVICE_RECEIVED,143
2023-12-28,DEVICE_REGISTERED,6
2023-12-28,DEVICE_STATUS_CHANGED,724
2023-12-28,DEVICE_TRANSFERRED,615
2023-12-28,MAINTENANCE_COMPLETED,1120
2023-12-28,REPAIR_COMPLETED,774
2023-12-29,DEVICE_DISPOSED,24
2023-12-29,DEVICE_RECEIVED,141
2023-12-29,DEVICE_REGISTERED,3
2023-12-29,DEVICE_STATUS_CHANGED,679
2023-12-29,DEVICE_TRANSFERRED,664
2023-12-29,MAINTENANCE_COMPLETED,1102
2023-12-29,REPAIR_COMPLETED,818
2023-12-30,DEVICE_DISPOSED,26
2023-12-30,DEVICE_RECEIVED,123
2023-12-30,DEVICE_REGISTERED,7
2023-12-30,DEVICE_STATUS_CHANGED,734
2023-12-30,DEVICE_TRANSFERRED,654
2023-12-30,MAINTENANCE_COMPLETED,1096
2023-12-30,REPAIR_COMPLETED,730
2023-12-31,DEVICE_DISPOSED,26
2023-12-31,DEVICE_RECEIVED,118
2023-12-31,DEVICE_REGISTERED,8
2023-12-31,DEVICE_STATUS_CHANGED,725
2023-12-31,DEVICE_TRANSFERRED,670
2023-12-31,MAINTENANCE_COMPLETED,1111
2023-12-31,REPAIR_COMPLETED,748
2024-01-01,DEVICE_DISPOSED,24
2024-01-01,DEVICE_RECEIVED,131
2024-01-01,DEVICE_REGISTERED,6
2024-01-01,DEVICE_STATUS_CHANGED,704
2024-01-01,DEVICE_TRANSFERRED,653
2024-01-01,MAINTENANCE_COMPLETED,1124
2024-01-01,REPAIR_COMPLETED,768
2024-01-02,DEVICE_DISPOSED,18
2024-01-02,DEVICE_RECEIVED,143
2024-01-02,DEVICE_REGISTERED,5
2024-01-02,DEVICE_STATUS_CHANGED,764
2024-01-02,DEVICE_TRANSFERRED,648
2024-01-02,MAINTENANCE_COMPLETED,1119
2024-01-02,REPAIR_COMPLETED,773
2024-01-03,DEVICE_DISPOSED,14
2024-01-03,DEVICE_RECEIVED,138
2024-01-03,DEVICE_REGISTERED,3
2024-01-03,DEVICE_STATUS_CHANGED,709
2024-01-03,DEVICE_TRANSFERRED,664
2024-01-03,MAINTENANCE_COMPLETED,1102
2024-01-03,REPAIR_COMPLETED,728
2024-01-04,DEVICE_DISPOSED,36
2024-01-04,DEVICE_RECEIVED,127
2024-01-04,DEVICE_REGISTERED,2
2024-01-04,DEVICE_STATUS_CHANGED,769
2024-01-04,DEVICE_TRANSFERRED,634
2024-01-04,MAINTENANCE_COMPLETED,1128
2024-01-04,REPAIR_COMPLETED,750
2024-01-05,DEVICE_DISPOSED,22
2024-01-05,DEVICE_RECEIVED,128
2024-01-05,DEVICE_REGISTERED,8
2024-01-05,DEVICE_STATUS_CHANGED,700
2024-01-05,DEVICE_TRANSFERRED,651
2024-01-05,MAINTENANCE_COMPLETED,1104
2024-01-05,REPAIR_COMPLETED,802
2024-01-06,DEVICE_DISPOSED,30
2024-01-06,DEVICE_RECEIVED,139
2024-01-06,DEVICE_REGISTERED,10
2024-01-06,DEVICE_STATUS_CHANGED,767
2024-01-06,DEVICE_TRANSFERRED,665
2024-01-06,MAINTENANCE_COMPLETED,1089
2024-01-06,REPAIR_COMPLETED,782
2024-01-07,DEVICE_DISPOSED,32
2024-01-07,DEVICE_RECEIVED,144
2024-01-07,DEVICE_REGISTERED,6
2024-01-07,DEVICE_STATUS_CHANGED,737
2024-01-07,DEVICE_TRANSFERRED,650
2024-01-07,MAINTENANCE_COMPLETED,1146
2024-01-07,REPAIR_COMPLETED,741
2024-01-08,DEVICE_DISPOSED,17
2024-01-08,DEVICE_RECEIVED,172
2024-01-08,DEVICE_REGISTERED,9
2024-01-08,DEVICE_STATUS_CHANGED,699
2024-01-08,DEVICE_TRANSFERRED,665
2024-01-08,MAINTENANCE_COMPLETED,1118
2024-01-08,REPAIR_COMPLETED,769
2024-01-09,DEVICE_DISPOSED,16
2024-01-09,DEVICE_RECEIVED,119
2024-01-09,DEVICE_REGISTERED,5
2024-01-09,DEVICE_STATUS_CHANGED,721
2024-01-09,DEVICE_TRANSFERRED,645
2024-01-09,MAINTENANCE_COMPLETED,1087
2024-01-09,REPAIR_COMPLETED,745
2024-01-10,DEVICE_DISPOSED,21
2024-01-10,DEVICE_RECEIVED,126
2024-01-10,DEVICE_REGISTERED,12
2024-01-10,DEVICE_STATUS_CHANGED,749
2024-01-10,DEVICE_TRANSFERRED,689
2024-01-10,MAINTENANCE_COMPLETED,1105
2024-01-10,REPAIR_COMPLETED,772
2024-01-11,DEVICE_DISPOSED,19
2024-01-11,DEVICE_RECEIVED,129
2024-01-11,DEVICE_REGISTERED,11
2024-01-11,DEVICE_STATUS_CHANGED,715
2024-01-11,DEVICE_TRANSFERRED,641
2024-01-11,MAINTENANCE_COMPLETED,1113
2024-01-11,REPAIR_COMPLETED,818
2024-01-12,DEVICE_DISPOSED,20
2024-01-12,DEVICE_RECEIVED,137
2024-01-12,DEVICE_REGISTERED,11
2024-01-12,DEVICE_STATUS_CHANGED,740
2024-01-12,DEVICE_TRANSFERRED,667
2024-01-12,MAINTENANCE_COMPLETED,1178
2024-01-12,REPAIR_COMPLETED,758
2024-01-13,DEVICE_DISPOSED,30
2024-01-13,DEVICE_RECEIVED,117
2024-01-13,DEVICE_REGISTERED,11
2024-01-13,DEVICE_STATUS_CHANGED,699
2024-01-13,DEVICE_TRANSFERRED,654
2024-01-13,MAINTENANCE_COMPLETED,1088
2024-01-13,REPAIR_COMPLETED,755
2024-01-14,DEVICE_DISPOSED,21
2024-01-14,DEVICE_RECEIVED,139
2024-01-14,DEVICE_REGISTERED,6
2024-01-14,DEVICE_STATUS_CHANGED,746
2024-01-14,DEVICE_TRANSFERRED,683
2024-01-14,MAINTENANCE_COMPLETED,1079
2024-01-14,REPAIR_COMPLETED,791
2024-01-15,DEVICE_DISPOSED,13
2024-01-15,DEVICE_RECEIVED,112
2024-01-15,DEVICE_REGISTERED,7
2024-01-15,DEVICE_STATUS_CHANGED,744
2024-01-15,DEVICE_TRANSFERRED,688
2024-01-15,MAINTENANCE_COMPLETED,1056
2024-01-15,REPAIR_COMPLETED,743
2024-01-16,DEVICE_DISPOSED,21
2024-01-16,DEVICE_RECEIVED,124
2024-01-16,DEVICE_REGISTERED,11
2024-01-16,DEVICE_STATUS_CHANGED,777
2024-01-16,DEVICE_TRANSFERRED,667
2024-01-16,MAINTENANCE_COMPLETED,1030
2024-01-16,REPAIR_COMPLETED,785
2024-01-17,DEVICE_DISPOSED,19
2024-01-17,DEVICE_RECEIVED,143
2024-01-17,DEVICE_REGISTERED,8
2024-01-17,DEVICE_STATUS_CHANGED,731
2024-01-17,DEVICE_TRANSFERRED,683
2024-01-17,MAINTENANCE_COMPLETED,1057
2024-01-17,REPAIR_COMPLETED,738
2024-01-18,DEVICE_DISPOSED,16
2024-01-18,DEVICE_RECEIVED,125
2024-01-18,DEVICE_REGISTERED,10
2024-01-18,DEVICE_STATUS_CHANGED,722
2024-01-18,DEVICE_TRANSFERRED,701
2024-01-18,MAINTENANCE_COMPLETED,1063
2024-01-18,REPAIR_COMPLETED,755
2024-01-19,DEVICE_DISPOSED,23
2024-01-19,DEVICE_RECEIVED,131
2024-01-19,DEVICE_REGISTERED,4
2024-01-19,DEVICE_STATUS_CHANGED,734
2024-01-19,DEVICE_TRANSFERRED,659
2024-01-19,MAINTENANCE_COMPLETED,1078
2024-01-19,REPAIR_COMPLETED,796
2024-01-20,DEVICE_DISPOSED,17
2024-01-20,DEVICE_RECEIVED,127
2024-01-20,DEVICE_REGISTERED,5
2024-01-20,DEVICE_STATUS_CHANGED,705
2024-01-20,DEVICE_TRANSFERRED,623
2024-01-20,MAINTENANCE_COMPLETED,1129
2024-01-20,REPAIR_COMPLETED,812
2024-01-21,DEVICE_DISPOSED,23
2024-01-21,DEVICE_RECEIVED,138
2024-01-21,DEVICE_REGISTERED,11
2024-01-21,DEVICE_STATUS_CHANGED,750
2024-01-21,DEVICE_TRANSFERRED,630
2024-01-21,MAINTENANCE_COMPLETED,1067
2024-01-21,REPAIR_COMPLETED,807
2024-01-22,DEVICE_DISPOSED,22
2024-01-22,DEVICE_RECEIVED,113
2024-01-22,DEVICE_REGISTERED,10
2024-01-22,DEVICE_STATUS_CHANGED,742
2024-01-22,DEVICE_TRANSFERRED,635
2024-01-22,MAINTENANCE_COMPLETED,1088
2024-01-22,REPAIR_COMPLETED,771
2024-01-23,DEVICE_DISPOSED,19
2024-01-23,DEVICE_RECEIVED,155
2024-01-23,DEVICE_REGISTERED,7
2024-01-23,DEVICE_STATUS_CHANGED,774
2024-01-23,DEVICE_TRANSFERRED,630
2024-01-23,MAINTENANCE_COMPLETED,1105
2024-01-23,REPAIR_COMPLETED,758
2024-01-24,DEVICE_DISPOSED,27
2024-01-24,DEVICE_RECEIVED,121
2024-01-24,DEVICE_REGISTERED,5
2024-01-24,DEVICE_STATUS_CHANGED,773
2024-01-24,DEVICE_TRANSFERRED,670
2024-01-24,MAINTENANCE_COMPLETED,1132
2024-01-24,REPAIR_COMPLETED,776
2024-01-25,DEVICE_DISPOSED,19
2024-01-25,DEVICE_RECEIVED,134
2024-01-25,DEVICE_REGISTERED,12
2024-01-25,DEVICE_STATUS_CHANGED,740
2024-01-25,DEVICE_TRANSFERRED,651
2024-01-25,MAINTENANCE_COMPLETED,1125
2024-01-25,REPAIR_COMPLETED,778
2024-01-26,DEVICE_DISPOSED,36
2024-01-26,DEVICE_RECEIVED,134
2024-01-26,DEVICE_REGISTERED,5
2024-01-26,DEVICE_STATUS_CHANGED,703
2024-01-26,DEVICE_TRANSFERRED,619
2024-01-26,MAINTENANCE_COMPLETED,1160
2024-01-26,REPAIR_COMPLETED,807
2024-01-27,DEVICE_DISPOSED,20
2024-01-27,DEVICE_RECEIVED,117
2024-01-27,DEVICE_REGISTERED,5
2024-01-27,DEVICE_STATUS_CHANGED,672
2024-01-27,DEVICE_TRANSFERRED,630
2024-01-27,MAINTENANCE_COMPLETED,1102
2024-01-27,REPAIR_COMPLETED,763
2024-01-28,DEVICE_DISPOSED,17
2024-01-28,DEVICE_RECEIVED,124
2024-01-28,DEVICE_REGISTERED,10
2024-01-28,DEVICE_STATUS_CHANGED,724
2024-01-28,DEVICE_TRANSFERRED,631
2024-01-28,MAINTENANCE_COMPLETED,1068
2024-01-28,REPAIR_COMPLETED,754
2024-01-29,DEVICE_DISPOSED,25
2024-01-29,DEVICE_RECEIVED,122
2024-01-29,DEVICE_REGISTERED,6
2024-01-29,DEVICE_STATUS_CHANGED,796
2024-01-29,DEVICE_TRANSFERRED,680
2024-01-29,MAINTENANCE_COMPLETED,1150
2024-01-29,REPAIR_COMPLETED,769
2024-01-30,DEVICE_DISPOSED,18
2024-01-30,DEVICE_RECEIVED,115
2024-01-30,DEVICE_REGISTERED,4
2024-01-30,DEVICE_STATUS_CHANGED,650
2024-01-30,DEVICE_TRANSFERRED,599
2024-01-30,MAINTENANCE_COMPLETED,1057
2024-01-30,REPAIR_COMPLETED,742
2024-01-31,DEVICE_DISPOSED,26
2024-01-31,DEVICE_RECEIVED,140
2024-01-31,DEVICE_REGISTERED,6
2024-01-31,DEVICE_STATUS_CHANGED,718
2024-01-31,DEVICE_TRANSFERRED,676
2024-01-31,MAINTENANCE_COMPLETED,1045
2024-01-31,REPAIR_COMPLETED,738
2024-02-01,DEVICE_DISPOSED,25
2024-02-01,DEVICE_RECEIVED,120
2024-02-01,DEVICE_REGISTERED,7
2024-02-01,DEVICE_STATUS_CHANGED,741
2024-02-01,DEVICE_TRANSFERRED,689
2024-02-01,MAINTENANCE_COMPLETED,1122
2024-02-01,REPAIR_COMPLETED,759
2024-02-02,DEVICE_DISPOSED,20
2024-02-02,DEVICE_RECEIVED,134
2024-02-02,DEVICE_REGISTERED,10
2024-02-02,DEVICE_STATUS_CHANGED,759
2024-02-02,DEVICE_TRANSFERRED,596
2024-02-02,MAINTENANCE_COMPLETED,1088
2024-02-02,REPAIR_COMPLETED,766
2024-02-03,DEVICE_DISPOSED,29
2024-02-03,DEVICE_RECEIVED,132
2024-02-03,DEVICE_REGISTERED,8
2024-02-03,DEVICE_STATUS_CHANGED,774
2024-02-03,DEVICE_TRANSFERRED,668
2024-02-03,MAINTENANCE_COMPLETED,1151
2024-02-03,REPAIR_COMPLETED,758
2024-02-04,DEVICE_DISPOSED,29
2024-02-04,DEVICE_RECEIVED,122
2024-02-04,DEVICE_REGISTERED,8
2024-02-04,DEVICE_STATUS_CHANGED,714
2024-02-04,DEVICE_TRANSFERRED,666
2024-02-04,MAINTENANCE_COMPLETED,1045
2024-02-04,REPAIR_COMPLETED,735
2024-02-05,DEVICE_DISPOSED,26
2024-02-05,DEVICE_RECEIVED,145
2024-02-05,DEVICE_REGISTERED,6
2024-02-05,DEVICE_STATUS_CHANGED,759
2024-02-05,DEVICE_TRANSFERRED,672
2024-02-05,MAINTENANCE_COMPLETED,1089
2024-02-05,REPAIR_COMPLETED,747
2024-02-06,DEVICE_DISPOSED,25
2024-02-06,DEVICE_RECEIVED,138
2024-02-06,DEVICE_REGISTERED,8
2024-02-06,DEVICE_STATUS_CHANGED,722
2024-02-06,DEVICE_TRANSFERRED,661
2024-02-06,MAINTENANCE_COMPLETED,1134
2024-02-06,REPAIR_COMPLETED,782
2024-02-07,DEVICE_DISPOSED,17
2024-02-07,DEVICE_RECEIVED,126
2024-02-07,DEVICE_REGISTERED,5
2024-02-07,DEVICE_STATUS_CHANGED,692
2024-02-07,DEVICE_TRANSFERRED,638
2024-02-07,MAINTENANCE_COMPLETED,1151
2024-02-07,REPAIR_COMPLETED,807
2024-02-08,DEVICE_DISPOSED,23
2024-02-08,DEVICE_RECEIVED,119
2024-02-08,DEVICE_REGISTERED,6
2024-02-08,DEVICE_STATUS_CHANGED,740
2024-02-08,DEVICE_TRANSFERRED,680
2024-02-08,MAINTENANCE_COMPLETED,1160
2024-02-08,REPAIR_COMPLETED,813
2024-02-09,DEVICE_DISPOSED,25
2024-02-09,DEVICE_RECEIVED,149
2024-02-09,DEVICE_REGISTERED,3
2024-02-09,DEVICE_STATUS_CHANGED,710
2024-02-09,DEVICE_TRANSFERRED,709
2024-02-09,MAINTENANCE_COMPLETED,997
2024-02-09,REPAIR_COMPLETED,814
2024-02-10,DEVICE_DISPOSED,26
2024-02-10,DEVICE_RECEIVED,139
2024-02-10,DEVICE_REGISTERED,8
2024-02-10,DEVICE_STATUS_CHANGED,760
2024-02-10,DEVICE_TRANSFERRED,628
2024-02-10,MAINTENANCE_COMPLETED,1122
2024-02-10,REPAIR_COMPLETED,793
2024-02-11,DEVICE_DISPOSED,19
2024-02-11,DEVICE_RECEIVED,122
2024-02-11,DEVICE_REGISTERED,11
2024-02-11,DEVICE_STATUS_CHANGED,706
2024-02-11,DEVICE_TRANSFERRED,679
2024-02-11,MAINTENANCE_COMPLETED,1073
2024-02-11,REPAIR_COMPLETED,735
2024-02-12,DEVICE_DISPOSED,23
2024-02-12,DEVICE_RECEIVED,146
2024-02-12,DEVICE_REGISTERED,3
2024-02-12,DEVICE_STATUS_CHANGED,750
2024-02-12,DEVICE_TRANSFERRED,702
2024-02-12,MAINTENANCE_COMPLETED,1078
2024-02-12,REPAIR_COMPLETED,751
2024-02-13,DEVICE_DISPOSED,23
2024-02-13,DEVICE_RECEIVED,145
2024-02-13,DEVICE_REGISTERED,13
2024-02-13,DEVICE_STATUS_CHANGED,758
2024-02-13,DEVICE_TRANSFERRED,613
2024-02-13,MAINTENANCE_COMPLETED,1105
2024-02-13,REPAIR_COMPLETED,752
2024-02-14,DEVICE_DISPOSED,26
2024-02-14,DEVICE_RECEIVED,136
2024-02-14,DEVICE_REGISTERED,9
2024-02-14,DEVICE_STATUS_CHANGED,705
2024-02-14,DEVICE_TRANSFERRED,603
2024-02-14,MAINTENANCE_COMPLETED,1137
2024-02-14,REPAIR_COMPLETED,752
2024-02-15,DEVICE_DISPOSED,23
2024-02-15,DEVICE_RECEIVED,116
2024-02-15,DEVICE_REGISTERED,9
2024-02-15,DEVICE_STATUS_CHANGED,749
2024-02-15,DEVICE_TRANSFERRED,632
2024-02-15,MAINTENANCE_COMPLETED,1149
2024-02-15,REPAIR_COMPLETED,809
2024-02-16,DEVICE_DISPOSED,13
2024-02-16,DEVICE_RECEIVED,148
2024-02-16,DEVICE_REGISTERED,8
2024-02-16,DEVICE_STATUS_CHANGED,757
2024-02-16,DEVICE_TRANSFERRED,639
2024-02-16,MAINTENANCE_COMPLETED,1089
2024-02-16,REPAIR_COMPLETED,740
2024-02-17,DEVICE_DISPOSED,23
2024-02-17,DEVICE_RECEIVED,141
2024-02-17,DEVICE_REGISTERED,12
2024-02-17,DEVICE_STATUS_CHANGED,706
2024-02-17,DEVICE_TRANSFERRED,642
2024-02-17,MAINTENANCE_COMPLETED,1103
2024-02-17,REPAIR_COMPLETED,764
2024-02-18,DEVICE_DISPOSED,21
2024-02-18,DEVICE_RECEIVED,133
2024-02-18,DEVICE_REGISTERED,4
2024-02-18,DEVICE_STATUS_CHANGED,682
2024-02-18,DEVICE_TRANSFERRED,661
2024-02-18,MAINTENANCE_COMPLETED,1113
2024-02-18,REPAIR_COMPLETED,757
2024-02-19,DEVICE_DISPOSED,24
2024-02-19,DEVICE_RECEIVED,124
2024-02-19,DEVICE_REGISTERED,6
2024-02-19,DEVICE_STATUS_CHANGED,721
2024-02-19,DEVICE_TRANSFERRED,640
2024-02-19,MAINTENANCE_COMPLETED,1053
2024-02-19,REPAIR_COMPLETED,765
2024-02-20,DEVICE_DISPOSED,29
2024-02-20,DEVICE_RECEIVED,139
2024-02-20,DEVICE_REGISTERED,9
2024-02-20,DEVICE_STATUS_CHANGED,764
2024-02-20,DEVICE_TRANSFERRED,627
2024-02-20,MAINTENANCE_COMPLETED,1164
2024-02-20,REPAIR_COMPLETED,778
2024-02-21,DEVICE_DISPOSED,21
2024-02-21,DEVICE_RECEIVED,121
2024-02-21,DEVICE_REGISTERED,7
2024-02-21,DEVICE_STATUS_CHANGED,747
2024-02-21,DEVICE_TRANSFERRED,647
2024-02-21,MAINTENANCE_COMPLETED,1147
2024-02-21,REPAIR_COMPLETED,749
2024-02-22,DEVICE_DISPOSED,27
2024-02-22,DEVICE_RECEIVED,124
2024-02-22,DEVICE_REGISTERED,5
2024-02-22,DEVICE_STATUS_CHANGED,774
2024-02-22,DEVICE_TRANSFERRED,669
2024-02-22,MAINTENANCE_COMPLETED,1100
2024-02-22,REPAIR_COMPLETED,774
2024-02-23,DEVICE_DISPOSED,21
2024-02-23,DEVICE_RECEIVED,134
2024-02-23,DEVICE_REGISTERED,5
2024-02-23,DEVICE_STATUS_CHANGED,727
2024-02-23,DEVICE_TRANSFERRED,612
2024-02-23,MAINTENANCE_COMPLETED,1093
2024-02-23,REPAIR_COMPLETED,736
2024-02-24,DEVICE_DISPOSED,30
2024-02-24,DEVICE_RECEIVED,141
2024-02-24,DEVICE_REGISTERED,7
2024-02-24,DEVICE_STATUS_CHANGED,687
2024-02-24,DEVICE_TRANSFERRED,691
2024-02-24,MAINTENANCE_COMPLETED,1130
2024-02-24,REPAIR_COMPLETED,730
2024-02-25,DEVICE_DISPOSED,25
2024-02-25,DEVICE_RECEIVED,121
2024-02-25,DEVICE_REGISTERED,6
2024-02-25,DEVICE_STATUS_CHANGED,752
2024-02-25,DEVICE_TRANSFERRED,617
2024-02-25,MAINTENANCE_COMPLETED,1121
2024-02-25,REPAIR_COMPLETED,751
2024-02-26,DEVICE_DISPOSED,19
2024-02-26,DEVICE_RECEIVED,134
2024-02-26,DEVICE_REGISTERED,12
2024-02-26,DEVICE_STATUS_CHANGED,738
2024-02-26,DEVICE_TRANSFERRED,639
2024-02-26,MAINTENANCE_COMPLETED,1088
2024-02-26,REPAIR_COMPLETED,735
2024-02-27,DEVICE_DISPOSED,22
2024-02-27,DEVICE_RECEIVED,132
2024-02-27,DEVICE_REGISTERED,7
2024-02-27,DEVICE_STATUS_CHANGED,745
2024-02-27,DEVICE_TRANSFERRED,678
2024-02-27,MAINTENANCE_COMPLETED,1089
2024-02-27,REPAIR_COMPLETED,735
2024-02-28,DEVICE_DISPOSED,26
2024-02-28,DEVICE_RECEIVED,119
2024-02-28,DEVICE_REGISTERED,4
2024-02-28,DEVICE_STATUS_CHANGED,741
2024-02-28,DEVICE_TRANSFERRED,616
2024-02-28,MAINTENANCE_COMPLETED,1100
2024-02-28,REPAIR_COMPLETED,813
2024-02-29,DEVICE_DISPOSED,27
2024-02-29,DEVICE_RECEIVED,112
2024-02-29,DEVICE_REGISTERED,6
2024-02-29,DEVICE_STATUS_CHANGED,776
2024-02-29,DEVICE_TRANSFERRED,657
2024-02-29,MAINTENANCE_COMPLETED,1027
2024-02-29,REPAIR_COMPLETED,745
2024-03-01,DEVICE_DISPOSED,25
2024-03-01,DEVICE_RECEIVED,121
2024-03-01,DEVICE_REGISTERED,9
2024-03-01,DEVICE_STATUS_CHANGED,750
2024-03-01,DEVICE_TRANSFERRED,680
2024-03-01,MAINTENANCE_COMPLETED,1101
2024-03-01,REPAIR_COMPLETED,780
2024-03-02,DEVICE_DISPOSED,16
2024-03-02,DEVICE_RECEIVED,125
2024-03-02,DEVICE_REGISTERED,7
2024-03-02,DEVICE_STATUS_CHANGED,742
2024-03-02,DEVICE_TRANSFERRED,681
2024-03-02,MAINTENANCE_COMPLETED,1174
2024-03-02,REPAIR_COMPLETED,758
2024-03-03,DEVICE_DISPOSED,25
2024-03-03,DEVICE_RECEIVED,166
2024-03-03,DEVICE_REGISTERED,8
2024-03-03,DEVICE_STATUS_CHANGED,688
2024-03-03,DEVICE_TRANSFERRED,625
2024-03-03,MAINTENANCE_COMPLETED,1094
2024-03-03,REPAIR_COMPLETED,766
2024-03-04,DEVICE_DISPOSED,29
2024-03-04,DEVICE_RECEIVED,143
2024-03-04,DEVICE_REGISTERED,6
2024-03-04,DEVICE_STATUS_CHANGED,697
2024-03-04,DEVICE_TRANSFERRED,725
2024-03-04,MAINTENANCE_COMPLETED,1162
2024-03-04,REPAIR_COMPLETED,779
2024-03-05,DEVICE_DISPOSED,18
2024-03-05,DEVICE_RECEIVED,127
2024-03-05,DEVICE_REGISTERED,4
2024-03-05,DEVICE_STATUS_CHANGED,745
2024-03-05,DEVICE_TRANSFERRED,643
2024-03-05,MAINTENANCE_COMPLETED,1054
2024-03-05,REPAIR_COMPLETED,804
2024-03-06,DEVICE_DISPOSED,19
2024-03-06,DEVICE_RECEIVED,131
2024-03-06,DEVICE_REGISTERED,8
2024-03-06,DEVICE_STATUS_CHANGED,764
2024-03-06,DEVICE_TRANSFERRED,670
2024-03-06,MAINTENANCE_COMPLETED,1111
2024-03-06,REPAIR_COMPLETED,724
2024-03-07,DEVICE_DISPOSED,26
2024-03-07,DEVICE_RECEIVED,131
2024-03-07,DEVICE_REGISTERED,7
2024-03-07,DEVICE_STATUS_CHANGED,726
2024-03-07,DEVICE_TRANSFERRED,660
2024-03-07,MAINTENANCE_COMPLETED,1082
2024-03-07,REPAIR_COMPLETED,760
2024-03-08,DEVICE_DISPOSED,27
2024-03-08,DEVICE_RECEIVED,133
2024-03-08,DEVICE_REGISTERED,7
2024-03-08,DEVICE_STATUS_CHANGED,710
2024-03-08,DEVICE_TRANSFERRED,671
2024-03-08,MAINTENANCE_COMPLETED,1142
2024-03-08,REPAIR_COMPLETED,769
2024-03-09,DEVICE_DISPOSED,18
2024-03-09,DEVICE_RECEIVED,131
2024-03-09,DEVICE_REGISTERED,14
2024-03-09,DEVICE_STATUS_CHANGED,750
2024-03-09,DEVICE_TRANSFERRED,650
2024-03-09,MAINTENANCE_COMPLETED,1148
2024-03-09,REPAIR_COMPLETED,761
2024-03-10,DEVICE_DISPOSED,14
2024-03-10,DEVICE_RECEIVED,118
2024-03-10,DEVICE_REGISTERED,2
2024-03-10,DEVICE_STATUS_CHANGED,703
2024-03-10,DEVICE_TRANSFERRED,669
2024-03-10,MAINTENANCE_COMPLETED,1136
2024-03-10,REPAIR_COMPLETED,803
2024-03-11,DEVICE_DISPOSED,25
2024-03-11,DEVICE_RECEIVED,125
2024-03-11,DEVICE_REGISTERED,5
2024-03-11,DEVICE_STATUS_CHANGED,747
2024-03-11,DEVICE_TRANSFERRED,688
2024-03-11,MAINTENANCE_COMPLETED,1124
2024-03-11,REPAIR_COMPLETED,781
2024-03-12,DEVICE_DISPOSED,16
2024-03-12,DEVICE_RECEIVED,141
2024-03-12,DEVICE_REGISTERED,4
2024-03-12,DEVICE_STATUS_CHANGED,718
2024-03-12,DEVICE_TRANSFERRED,684
2024-03-12,MAINTENANCE_COMPLETED,1104
2024-03-12,REPAIR_COMPLETED,733
2024-03-13,DEVICE_DISPOSED,22
2024-03-13,DEVICE_RECEIVED,148
2024-03-13,DEVICE_REGISTERED,10
2024-03-13,DEVICE_STATUS_CHANGED,737
2024-03-13,DEVICE_TRANSFERRED,659
2024-03-13,MAINTENANCE_COMPLETED,1126
2024-03-13,REPAIR_COMPLETED,741
2024-03-14,DEVICE_DISPOSED,19
2024-03-14,DEVICE_RECEIVED,116
2024-03-14,DEVICE_REGISTERED,6
2024-03-14,DEVICE_STATUS_CHANGED,689
2024-03-14,DEVICE_TRANSFERRED,624
2024-03-14,MAINTENANCE_COMPLETED,1069
2024-03-14,REPAIR_COMPLETED,786
2024-03-15,DEVICE_DISPOSED,24
2024-03-15,DEVICE_RECEIVED,125
2024-03-15,DEVICE_REGISTERED,9
2024-03-15,DEVICE_STATUS_CHANGED,715
2024-03-15,DEVICE_TRANSFERRED,633
2024-03-15,MAINTENANCE_COMPLETED,1100
2024-03-15,REPAIR_COMPLETED,757
2024-03-16,DEVICE_DISPOSED,34
2024-03-16,DEVICE_RECEIVED,117
2024-03-16,DEVICE_REGISTERED,6
2024-03-16,DEVICE_STATUS_CHANGED,684
2024-03-16,DEVICE_TRANSFERRED,645
2024-03-16,MAINTENANCE_COMPLETED,1076
2024-03-16,REPAIR_COMPLETED,748
2024-03-17,DEVICE_DISPOSED,19
2024-03-17,DEVICE_RECEIVED,147
2024-03-17,DEVICE_REGISTERED,13
2024-03-17,DEVICE_STATUS_CHANGED,729
2024-03-17,DEVICE_TRANSFERRED,667
2024-03-17,MAINTENANCE_COMPLETED,1120
2024-03-17,REPAIR_COMPLETED,796
2024-03-18,DEVICE_DISPOSED,23
2024-03-18,DEVICE_RECEIVED,130
2024-03-18,DEVICE_REGISTERED,8
2024-03-18,DEVICE_STATUS_CHANGED,757
2024-03-18,DEVICE_TRANSFERRED,660
2024-03-18,MAINTENANCE_COMPLETED,1017
2024-03-18,REPAIR_COMPLETED,797
2024-03-19,DEVICE_DISPOSED,29
2024-03-19,DEVICE_RECEIVED,123
2024-03-19,DEVICE_REGISTERED,11
2024-03-19,DEVICE_STATUS_CHANGED,739
2024-03-19,DEVICE_TRANSFERRED,674
2024-03-19,MAINTENANCE_COMPLETED,1046
2024-03-19,REPAIR_COMPLETED,777
2024-03-20,DEVICE_DISPOSED,22
2024-03-20,DEVICE_RECEIVED,132
2024-03-20,DEVICE_REGISTERED,10
2024-03-20,DEVICE_STATUS_CHANGED,734
2024-03-20,DEVICE_TRANSFERRED,633
2024-03-20,MAINTENANCE_COMPLETED,1092
2024-03-20,REPAIR_COMPLETED,759
2024-03-21,DEVICE_DISPOSED,24
2024-03-21,DEVICE_RECEIVED,135
2024-03-21,DEVICE_REGISTERED,9
2024-03-21,DEVICE_STATUS_CHANGED,691
2024-03-21,DEVICE_TRANSFERRED,687
2024-03-21,MAINTENANCE_COMPLETED,1114
2024-03-21,REPAIR_COMPLETED,743
2024-03-22,DEVICE_DISPOSED,14
2024-03-22,DEVICE_RECEIVED,137
2024-03-22,DEVICE_REGISTERED,20
2024-03-22,DEVICE_STATUS_CHANGED,717
2024-03-22,DEVICE_TRANSFERRED,671
2024-03-22,MAINTENANCE_COMPLETED,1105
2024-03-22,REPAIR_COMPLETED,764
2024-03-23,DEVICE_DISPOSED,24
2024-03-23,DEVICE_RECEIVED,128
2024-03-23,DEVICE_REGISTERED,5
2024-03-23,DEVICE_STATUS_CHANGED,689
2024-03-23,DEVICE_TRANSFERRED,651
2024-03-23,MAINTENANCE_COMPLETED,1086
2024-03-23,REPAIR_COMPLETED,747
2024-03-24,DEVICE_DISPOSED,23
2024-03-24,DEVICE_RECEIVED,118
2024-03-24,DEVICE_REGISTERED,4
2024-03-24,DEVICE_STATUS_CHANGED,791
2024-03-24,DEVICE_TRANSFERRED,684
2024-03-24,MAINTENANCE_COMPLETED,1069
2024-03-24,REPAIR_COMPLETED,783
2024-03-25,DEVICE_DISPOSED,22
2024-03-25,DEVICE_RECEIVED,127
2024-03-25,DEVICE_REGISTERED,11
2024-03-25,DEVICE_STATUS_CHANGED,731
2024-03-25,DEVICE_TRANSFERRED,669
2024-03-25,MAINTENANCE_COMPLETED,1082
2024-03-25,REPAIR_COMPLETED,756
2024-03-26,DEVICE_DISPOSED,22
2024-03-26,DEVICE_RECEIVED,131
2024-03-26,DEVICE_REGISTERED,10
2024-03-26,DEVICE_STATUS_CHANGED,717
2024-03-26,DEVICE_TRANSFERRED,653
2024-03-26,MAINTENANCE_COMPLETED,1158
2024-03-26,REPAIR_COMPLETED,779
2024-03-27,DEVICE_DISPOSED,18
2024-03-27,DEVICE_RECEIVED,135
2024-03-27,DEVICE_REGISTERED,1
2024-03-27,DEVICE_STATUS_CHANGED,725
2024-03-27,DEVICE_TRANSFERRED,648
2024-03-27,MAINTENANCE_COMPLETED,1137
2024-03-27,REPAIR_COMPLETED,787
2024-03-28,DEVICE_DISPOSED,28
2024-03-28,DEVICE_RECEIVED,150
2024-03-28,DEVICE_REGISTERED,7
2024-03-28,DEVICE_STATUS_CHANGED,785
2024-03-28,DEVICE_TRANSFERRED,656
2024-03-28,MAINTENANCE_COMPLETED,1117
2024-03-28,REPAIR_COMPLETED,730
2024-03-29,DEVICE_DISPOSED,19
2024-03-29,DEVICE_RECEIVED,123
2024-03-29,DEVICE_REGISTERED,7
2024-03-29,DEVICE_STATUS_CHANGED,740
2024-03-29,DEVICE_TRANSFERRED,648
2024-03-29,MAINTENANCE_COMPLETED,1102
2024-03-29,REPAIR_COMPLETED,742
2024-03-30,DEVICE_DISPOSED,27
2024-03-30,DEVICE_RECEIVED,124
2024-03-30,DEVICE_REGISTERED,8
2024-03-30,DEVICE_STATUS_CHANGED,768
2024-03-30,DEVICE_TRANSFERRED,666
2024-03-30,MAINTENANCE_COMPLETED,1073
2024-03-30,REPAIR_COMPLETED,802
2024-03-31,DEVICE_DISPOSED,18
2024-03-31,DEVICE_RECEIVED,130
2024-03-31,DEVICE_REGISTERED,5
2024-03-31,DEVICE_STATUS_CHANGED,716
2024-03-31,DEVICE_TRANSFERRED,664
2024-03-31,MAINTENANCE_COMPLETED,1120
2024-03-31,REPAIR_COMPLETED,786
2024-04-01,DEVICE_DISPOSED,16
2024-04-01,DEVICE_RECEIVED,144
2024-04-01,DEVICE_REGISTERED,3
2024-04-01,DEVICE_STATUS_CHANGED,745
2024-04-01,DEVICE_TRANSFERRED,674
2024-04-01,MAINTENANCE_COMPLETED,1090
2024-04-01,REPAIR_COMPLETED,768
2024-04-02,DEVICE_DISPOSED,19
2024-04-02,DEVICE_RECEIVED,133
2024-04-02,DEVICE_REGISTERED,3
2024-04-02,DEVICE_STATUS_CHANGED,753
2024-04-02,DEVICE_TRANSFERRED,696
2024-04-02,MAINTENANCE_COMPLETED,1082
2024-04-02,REPAIR_COMPLETED,781
2024-04-03,DEVICE_DISPOSED,24
2024-04-03,DEVICE_RECEIVED,135
2024-04-03,DEVICE_REGISTERED,3
2024-04-03,DEVICE_STATUS_CHANGED,703
2024-04-03,DEVICE_TRANSFERRED,661
2024-04-03,MAINTENANCE_COMPLETED,1120
2024-04-03,REPAIR_COMPLETED,727
2024-04-04,DEVICE_DISPOSED,23
2024-04-04,DEVICE_RECEIVED,141
2024-04-04,DEVICE_REGISTERED,7
2024-04-04,DEVICE_STATUS_CHANGED,782
2024-04-04,DEVICE_TRANSFERRED,727
2024-04-04,MAINTENANCE_COMPLETED,1088
2024-04-04,REPAIR_COMPLETED,755
2024-04-05,DEVICE_DISPOSED,30
2024-04-05,DEVICE_RECEIVED,145
2024-04-05,DEVICE_REGISTERED,6
2024-04-05,DEVICE_STATUS_CHANGED,728
2024-04-05,DEVICE_TRANSFERRED,615
2024-04-05,MAINTENANCE_COMPLETED,1136
2024-04-05,REPAIR_COMPLETED,801
2024-04-06,DEVICE_DISPOSED,19
2024-04-06,DEVICE_RECEIVED,143
2024-04-06,DEVICE_REGISTERED,7
2024-04-06,DEVICE_STATUS_CHANGED,714
2024-04-06,DEVICE_TRANSFERRED,651
2024-04-06,MAINTENANCE_COMPLETED,1061
2024-04-06,REPAIR_COMPLETED,807
2024-04-07,DEVICE_DISPOSED,16
2024-04-07,DEVICE_RECEIVED,129
2024-04-07,DEVICE_REGISTERED,6
2024-04-07,DEVICE_STATUS_CHANGED,749
2024-04-07,DEVICE_TRANSFERRED,661
2024-04-07,MAINTENANCE_COMPLETED,1098
2024-04-07,REPAIR_COMPLETED,774
2024-04-08,DEVICE_DISPOSED,25
2024-04-08,DEVICE_RECEIVED,127
2024-04-08,DEVICE_REGISTERED,6
2024-04-08,DEVICE_STATUS_CHANGED,719
2024-04-08,DEVICE_TRANSFERRED,668
2024-04-08,MAINTENANCE_COMPLETED,1054
2024-04-08,REPAIR_COMPLETED,842
2024-04-09,DEVICE_DISPOSED,18
2024-04-09,DEVICE_RECEIVED,137
2024-04-09,DEVICE_REGISTERED,4
2024-04-09,DEVICE_STATUS_CHANGED,729
2024-04-09,DEVICE_TRANSFERRED,644
2024-04-09,MAINTENANCE_COMPLETED,1120
2024-04-09,REPAIR_COMPLETED,781
2024-04-10,DEVICE_DISPOSED,22
2024-04-10,DEVICE_RECEIVED,148
2024-04-10,DEVICE_REGISTERED,4
2024-04-10,DEVICE_STATUS_CHANGED,707
2024-04-10,DEVICE_TRANSFERRED,622
2024-04-10,MAINTENANCE_COMPLETED,1097
2024-04-10,REPAIR_COMPLETED,695
2024-04-11,DEVICE_DISPOSED,22
2024-04-11,DEVICE_RECEIVED,140
2024-04-11,DEVICE_REGISTERED,8
2024-04-11,DEVICE_STATUS_CHANGED,730
2024-04-11,DEVICE_TRANSFERRED,666
2024-04-11,MAINTENANCE_COMPLETED,1159
2024-04-11,REPAIR_COMPLETED,795
2024-04-12,DEVICE_DISPOSED,31
2024-04-12,DEVICE_RECEIVED,141
2024-04-12,DEVICE_REGISTERED,4
2024-04-12,DEVICE_STATUS_CHANGED,772
2024-04-12,DEVICE_TRANSFERRED,699
2024-04-12,MAINTENANCE_COMPLETED,1091
2024-04-12,REPAIR_COMPLETED,750
2024-04-13,DEVICE_DISPOSED,29
2024-04-13,DEVICE_RECEIVED,128
2024-04-13,DEVICE_REGISTERED,10
2024-04-13,DEVICE_STATUS_CHANGED,746
2024-04-13,DEVICE_TRANSFERRED,620
2024-04-13,MAINTENANCE_COMPLETED,1159
2024-04-13,REPAIR_COMPLETED,718
2024-04-14,DEVICE_DISPOSED,18
2024-04-14,DEVICE_RECEIVED,147
2024-04-14,DEVICE_REGISTERED,14
2024-04-14,DEVICE_STATUS_CHANGED,740
2024-04-14,DEVICE_TRANSFERRED,675
2024-04-14,MAINTENANCE_COMPLETED,1112
2024-04-14,REPAIR_COMPLETED,769
2024-04-15,DEVICE_DISPOSED,20
2024-04-15,DEVICE_RECEIVED,128
2024-04-15,DEVICE_REGISTERED,6
2024-04-15,DEVICE_STATUS_CHANGED,790
2024-04-15,DEVICE_TRANSFERRED,659
2024-04-15,MAINTENANCE_COMPLETED,1168
2024-04-15,REPAIR_COMPLETED,748
2024-04-16,DEVICE_DISPOSED,27
2024-04-16,DEVICE_RECEIVED,109
2024-04-16,DEVICE_REGISTERED,5
2024-04-16,DEVICE_STATUS_CHANGED,720
2024-04-16,DEVICE_TRANSFERRED,658
2024-04-16,MAINTENANCE_COMPLETED,1094
2024-04-16,REPAIR_COMPLETED,809
2024-04-17,DEVICE_DISPOSED,21
2024-04-17,DEVICE_RECEIVED,114
2024-04-17,DEVICE_REGISTERED,10
2024-04-17,DEVICE_STATUS_CHANGED,746
2024-04-17,DEVICE_TRANSFERRED,636
2024-04-17,MAINTENANCE_COMPLETED,1169
2024-04-17,REPAIR_COMPLETED,806
2024-04-18,DEVICE_DISPOSED,21
2024-04-18,DEVICE_RECEIVED,123
2024-04-18,DEVICE_REGISTERED,8
2024-04-18,DEVICE_STATUS_CHANGED,701
2024-04-18,DEVICE_TRANSFERRED,697
2024-04-18,MAINTENANCE_COMPLETED,1083
2024-04-18,REPAIR_COMPLETED,779
2024-04-19,DEVICE_DISPOSED,28
2024-04-19,DEVICE_RECEIVED,126
2024-04-19,DEVICE_REGISTERED,11
2024-04-19,DEVICE_STATUS_CHANGED,759
2024-04-19,DEVICE_TRANSFERRED,624
2024-04-19,MAINTENANCE_COMPLETED,1115
2024-04-19,REPAIR_COMPLETED,781
2024-04-20,DEVICE_DISPOSED,26
2024-04-20,DEVICE_RECEIVED,130
2024-04-20,DEVICE_REGISTERED,8
2024-04-20,DEVICE_STATUS_CHANGED,727
2024-04-20,DEVICE_TRANSFERRED,663
2024-04-20,MAINTENANCE_COMPLETED,1070
2024-04-20,REPAIR_COMPLETED,763
2024-04-21,DEVICE_DISPOSED,27
2024-04-21,DEVICE_RECEIVED,124
2024-04-21,DEVICE_REGISTERED,8
2024-04-21,DEVICE_STATUS_CHANGED,765
2024-04-21,DEVICE_TRANSFERRED,634
2024-04-21,MAINTENANCE_COMPLETED,1083
2024-04-21,REPAIR_COMPLETED,724
2024-04-22,DEVICE_DISPOSED,21
2024-04-22,DEVICE_RECEIVED,153
2024-04-22,DEVICE_REGISTERED,3
2024-04-22,DEVICE_STATUS_CHANGED,705
2024-04-22,DEVICE_TRANSFERRED,706
2024-04-22,MAINTENANCE_COMPLETED,1110
2024-04-22,REPAIR_COMPLETED,796
2024-04-23,DEVICE_DISPOSED,33
2024-04-23,DEVICE_RECEIVED,137
2024-04-23,DEVICE_REGISTERED,10
2024-04-23,DEVICE_STATUS_CHANGED,727
2024-04-23,DEVICE_TRANSFERRED,638
2024-04-23,MAINTENANCE_COMPLETED,1101
2024-04-23,REPAIR_COMPLETED,729
2024-04-24,DEVICE_DISPOSED,24
2024-04-24,DEVICE_RECEIVED,138
2024-04-24,DEVICE_REGISTERED,7
2024-04-24,DEVICE_STATUS_CHANGED,719
2024-04-24,DEVICE_TRANSFERRED,643
2024-04-24,MAINTENANCE_COMPLETED,1085
2024-04-24,REPAIR_COMPLETED,758
2024-04-25,DEVICE_DISPOSED,25
2024-04-25,DEVICE_RECEIVED,141
2024-04-25,DEVICE_REGISTERED,12
2024-04-25,DEVICE_STATUS_CHANGED,757
2024-04-25,DEVICE_TRANSFERRED,618
2024-04-25,MAINTENANCE_COMPLETED,1138
2024-04-25,REPAIR_COMPLETED,740
2024-04-26,DEVICE_DISPOSED,21
2024-04-26,DEVICE_RECEIVED,145
2024-04-26,DEVICE_REGISTERED,7
2024-04-26,DEVICE_STATUS_CHANGED,709
2024-04-26,DEVICE_TRANSFERRED,617
2024-04-26,MAINTENANCE_COMPLETED,1133
2024-04-26,REPAIR_COMPLETED,728
2024-04-27,DEVICE_DISPOSED,26
2024-04-27,DEVICE_RECEIVED,148
2024-04-27,DEVICE_REGISTERED,7
2024-04-27,DEVICE_STATUS_CHANGED,736
2024-04-27,DEVICE_TRANSFERRED,643
2024-04-27,MAINTENANCE_COMPLETED,1070
2024-04-27,REPAIR_COMPLETED,750
2024-04-28,DEVICE_DISPOSED,26
2024-04-28,DEVICE_RECEIVED,130
2024-04-28,DEVICE_REGISTERED,9
2024-04-28,DEVICE_STATUS_CHANGED,743
2024-04-28,DEVICE_TRANSFERRED,650
2024-04-28,MAINTENANCE_COMPLETED,1066
2024-04-28,REPAIR_COMPLETED,768
2024-04-29,DEVICE_DISPOSED,20
2024-04-29,DEVICE_RECEIVED,141
2024-04-29,DEVICE_REGISTERED,10
2024-04-29,DEVICE_STATUS_CHANGED,728
2024-04-29,DEVICE_TRANSFERRED,650
2024-04-29,MAINTENANCE_COMPLETED,1049
2024-04-29,REPAIR_COMPLETED,753
2024-04-30,DEVICE_DISPOSED,16
2024-04-30,DEVICE_RECEIVED,137
2024-04-30,DEVICE_REGISTERED,6
2024-04-30,DEVICE_STATUS_CHANGED,733
2024-04-30,DEVICE_TRANSFERRED,647
2024-04-30,MAINTENANCE_COMPLETED,1057
2024-04-30,REPAIR_COMPLETED,759
2024-05-01,DEVICE_DISPOSED,19
2024-05-01,DEVICE_RECEIVED,127
2024-05-01,DEVICE_REGISTERED,4
2024-05-01,DEVICE_STATUS_CHANGED,713
2024-05-01,DEVICE_TRANSFERRED,632
2024-05-01,MAINTENANCE_COMPLETED,1068
2024-05-01,REPAIR_COMPLETED,766
2024-05-02,DEVICE_DISPOSED,18
2024-05-02,DEVICE_RECEIVED,149
2024-05-02,DEVICE_REGISTERED,13
2024-05-02,DEVICE_STATUS_CHANGED,725
2024-05-02,DEVICE_TRANSFERRED,688
2024-05-02,MAINTENANCE_COMPLETED,1132
2024-05-02,REPAIR_COMPLETED,810
2024-05-03,DEVICE_DISPOSED,20
2024-05-03,DEVICE_RECEIVED,148
2024-05-03,DEVICE_REGISTERED,6
2024-05-03,DEVICE_STATUS_CHANGED,759
2024-05-03,DEVICE_TRANSFERRED,700
2024-05-03,MAINTENANCE_COMPLETED,1126
2024-05-03,REPAIR_COMPLETED,739
2024-05-04,DEVICE_DISPOSED,15
2024-05-04,DEVICE_RECEIVED,149
2024-05-04,DEVICE_REGISTERED,12
2024-05-04,DEVICE_STATUS_CHANGED,741
2024-05-04,DEVICE_TRANSFERRED,676
2024-05-04,MAINTENANCE_COMPLETED,1026
2024-05-04,REPAIR_COMPLETED,733
2024-05-05,DEVICE_DISPOSED,21
2024-05-05,DEVICE_RECEIVED,109
2024-05-05,DEVICE_REGISTERED,8
2024-05-05,DEVICE_STATUS_CHANGED,721
2024-05-05,DEVICE_TRANSFERRED,658
2024-05-05,MAINTENANCE_COMPLETED,1071
2024-05-05,REPAIR_COMPLETED,772
2024-05-06,DEVICE_DISPOSED,15
2024-05-06,DEVICE_RECEIVED,129
2024-05-06,DEVICE_REGISTERED,5
2024-05-06,DEVICE_STATUS_CHANGED,712
2024-05-06,DEVICE_TRANSFERRED,684
2024-05-06,MAINTENANCE_COMPLETED,1142
2024-05-06,REPAIR_COMPLETED,754
2024-05-07,DEVICE_DISPOSED,17
2024-05-07,DEVICE_RECEIVED,133
2024-05-07,DEVICE_REGISTERED,9
2024-05-07,DEVICE_STATUS_CHANGED,680
2024-05-07,DEVICE_TRANSFERRED,697
2024-05-07,MAINTENANCE_COMPLETED,1142
2024-05-07,REPAIR_COMPLETED,766
2024-05-08,DEVICE_DISPOSED,19
2024-05-08,DEVICE_RECEIVED,143
2024-05-08,DEVICE_REGISTERED,11
2024-05-08,DEVICE_STATUS_CHANGED,714
2024-05-08,DEVICE_TRANSFERRED,667
2024-05-08,MAINTENANCE_COMPLETED,1080
2024-05-08,REPAIR_COMPLETED,768
2024-05-09,DEVICE_DISPOSED,23
2024-05-09,DEVICE_RECEIVED,130
2024-05-09,DEVICE_REGISTERED,6
2024-05-09,DEVICE_STATUS_CHANGED,714
2024-05-09,DEVICE_TRANSFERRED,685
2024-05-09,MAINTENANCE_COMPLETED,1100
2024-05-09,REPAIR_COMPLETED,803
2024-05-10,DEVICE_DISPOSED,11
2024-05-10,DEVICE_RECEIVED,144
2024-05-10,DEVICE_REGISTERED,10
2024-05-10,DEVICE_STATUS_CHANGED,687
2024-05-10,DEVICE_TRANSFERRED,672
2024-05-10,MAINTENANCE_COMPLETED,1084
2024-05-10,REPAIR_COMPLETED,749
2024-05-11,DEVICE_DISPOSED,24
2024-05-11,DEVICE_RECEIVED,130
2024-05-11,DEVICE_REGISTERED,7
2024-05-11,DEVICE_STATUS_CHANGED,718
2024-05-11,DEVICE_TRANSFERRED,673
2024-05-11,MAINTENANCE_COMPLETED,1088
2024-05-11,REPAIR_COMPLETED,767
2024-05-12,DEVICE_DISPOSED,25
2024-05-12,DEVICE_RECEIVED,115
2024-05-12,DEVICE_REGISTERED,9
2024-05-12,DEVICE_STATUS_CHANGED,763
2024-05-12,DEVICE_TRANSFERRED,633
2024-05-12,MAINTENANCE_COMPLETED,1106
2024-05-12,REPAIR_COMPLETED,778
2024-05-13,DEVICE_DISPOSED,23
2024-05-13,DEVICE_RECEIVED,133
2024-05-13,DEVICE_REGISTERED,8
2024-05-13,DEVICE_STATUS_CHANGED,771
2024-05-13,DEVICE_TRANSFERRED,664
2024-05-13,MAINTENANCE_COMPLETED,1072
2024-05-13,REPAIR_COMPLETED,722
2024-05-14,DEVICE_DISPOSED,23
2024-05-14,DEVICE_RECEIVED,121
2024-05-14,DEVICE_REGISTERED,4
2024-05-14,DEVICE_STATUS_CHANGED,685
2024-05-14,DEVICE_TRANSFERRED,632
2024-05-14,MAINTENANCE_COMPLETED,1050
2024-05-14,REPAIR_COMPLETED,772
2024-05-15,DEVICE_DISPOSED,26
2024-05-15,DEVICE_RECEIVED,124
2024-05-15,DEVICE_REGISTERED,7
2024-05-15,DEVICE_STATUS_CHANGED,767
2024-05-15,DEVICE_TRANSFERRED,610
2024-05-15,MAINTENANCE_COMPLETED,1107
2024-05-15,REPAIR_COMPLETED,780
2024-05-16,DEVICE_DISPOSED,19
2024-05-16,DEVICE_RECEIVED,126
2024-05-16,DEVICE_REGISTERED,5
2024-05-16,DEVICE_STATUS_CHANGED,698
2024-05-16,DEVICE_TRANSFERRED,644
2024-05-16,MAINTENANCE_COMPLETED,1134
2024-05-16,REPAIR_COMPLETED,792
2024-05-17,DEVICE_DISPOSED,19
2024-05-17,DEVICE_RECEIVED,139
2024-05-17,DEVICE_REGISTERED,5
2024-05-17,DEVICE_STATUS_CHANGED,760
2024-05-17,DEVICE_TRANSFERRED,610
2024-05-17,MAINTENANCE_COMPLETED,1139
2024-05-17,REPAIR_COMPLETED,810
2024-05-18,DEVICE_DISPOSED,26
2024-05-18,DEVICE_RECEIVED,147
2024-05-18,DEVICE_REGISTERED,3
2024-05-18,DEVICE_STATUS_CHANGED,738
2024-05-18,DEVICE_TRANSFERRED,695
2024-05-18,MAINTENANCE_COMPLETED,1075
2024-05-18,REPAIR_COMPLETED,794
2024-05-19,DEVICE_DISPOSED,26
2024-05-19,DEVICE_RECEIVED,139
2024-05-19,DEVICE_REGISTERED,11
2024-05-19,DEVICE_STATUS_CHANGED,719
2024-05-19,DEVICE_TRANSFERRED,641
2024-05-19,MAINTENANCE_COMPLETED,1125
2024-05-19,REPAIR_COMPLETED,794
2024-05-20,DEVICE_DISPOSED,22
2024-05-20,DEVICE_RECEIVED,129
2024-05-20,DEVICE_REGISTERED,6
2024-05-20,DEVICE_STATUS_CHANGED,731
2024-05-20,DEVICE_TRANSFERRED,655
2024-05-20,MAINTENANCE_COMPLETED,1049
2024-05-20,REPAIR_COMPLETED,790
2024-05-21,DEVICE_DISPOSED,23
2024-05-21,DEVICE_RECEIVED,114
2024-05-21,DEVICE_REGISTERED,4
2024-05-21,DEVICE_STATUS_CHANGED,776
2024-05-21,DEVICE_TRANSFERRED,684
2024-05-21,MAINTENANCE_COMPLETED,1127
2024-05-21,REPAIR_COMPLETED,768
2024-05-22,DEVICE_DISPOSED,25
2024-05-22,DEVICE_RECEIVED,135
2024-05-22,DEVICE_REGISTERED,7
2024-05-22,DEVICE_STATUS_CHANGED,741
2024-05-22,DEVICE_TRANSFERRED,663
2024-05-22,MAINTENANCE_COMPLETED,1070
2024-05-22,REPAIR_COMPLETED,765
2024-05-23,DEVICE_DISPOSED,23
2024-05-23,DEVICE_RECEIVED,126
2024-05-23,DEVICE_REGISTERED,5
2024-05-23,DEVICE_STATUS_CHANGED,693
2024-05-23,DEVICE_TRANSFERRED,624
2024-05-23,MAINTENANCE_COMPLETED,1111
2024-05-23,REPAIR_COMPLETED,777
2024-05-24,DEVICE_DISPOSED,27
2024-05-24,DEVICE_RECEIVED,129
2024-05-24,DEVICE_REGISTERED,8
2024-05-24,DEVICE_STATUS_CHANGED,747
2024-05-24,DEVICE_TRANSFERRED,653
2024-05-24,MAINTENANCE_COMPLETED,1132
2024-05-24,REPAIR_COMPLETED,813
2024-05-25,DEVICE_DISPOSED,19
2024-05-25,DEVICE_RECEIVED,123
2024-05-25,DEVICE_REGISTERED,6
2024-05-25,DEVICE_STATUS_CHANGED,743
2024-05-25,DEVICE_TRANSFERRED,674
2024-05-25,MAINTENANCE_COMPLETED,1147
2024-05-25,REPAIR_COMPLETED,781
2024-05-26,DEVICE_DISPOSED,22
2024-05-26,DEVICE_RECEIVED,133
2024-05-26,DEVICE_REGISTERED,8
2024-05-26,DEVICE_STATUS_CHANGED,714
2024-05-26,DEVICE_TRANSFERRED,680
2024-05-26,MAINTENANCE_COMPLETED,1163
2024-05-26,REPAIR_COMPLETED,750
2024-05-27,DEVICE_DISPOSED,21
2024-05-27,DEVICE_RECEIVED,139
2024-05-27,DEVICE_REGISTERED,10
2024-05-27,DEVICE_STATUS_CHANGED,781
2024-05-27,DEVICE_TRANSFERRED,631
2024-05-27,MAINTENANCE_COMPLETED,1047
2024-05-27,REPAIR_COMPLETED,764
2024-05-28,DEVICE_DISPOSED,17
2024-05-28,DEVICE_RECEIVED,151
2024-05-28,DEVICE_REGISTERED,7
2024-05-28,DEVICE_STATUS_CHANGED,694
2024-05-28,DEVICE_TRANSFERRED,695
2024-05-28,MAINTENANCE_COMPLETED,1051
2024-05-28,REPAIR_COMPLETED,745
2024-05-29,DEVICE_DISPOSED,28
2024-05-29,DEVICE_RECEIVED,116
2024-05-29,DEVICE_REGISTERED,9
2024-05-29,DEVICE_STATUS_CHANGED,782
2024-05-29,DEVICE_TRANSFERRED,661
2024-05-29,MAINTENANCE_COMPLETED,1166
2024-05-29,REPAIR_COMPLETED,748
2024-05-30,DEVICE_DISPOSED,18
2024-05-30,DEVICE_RECEIVED,119
2024-05-30,DEVICE_REGISTERED,9
2024-05-30,DEVICE_STATUS_CHANGED,794
2024-05-30,DEVICE_TRANSFERRED,623
2024-05-30,MAINTENANCE_COMPLETED,1226
2024-05-30,REPAIR_COMPLETED,816
2024-05-31,DEVICE_DISPOSED,22
2024-05-31,DEVICE_RECEIVED,121
2024-05-31,DEVICE_REGISTERED,5
2024-05-31,DEVICE_STATUS_CHANGED,745
2024-05-31,DEVICE_TRANSFERRED,632
2024-05-31,MAINTENANCE_COMPLETED,1079
2024-05-31,REPAIR_COMPLETED,801
2024-06-01,DEVICE_DISPOSED,20
2024-06-01,DEVICE_RECEIVED,127
2024-06-01,DEVICE_REGISTERED,8
2024-06-01,DEVICE_STATUS_CHANGED,685
2024-06-01,DEVICE_TRANSFERRED,696
2024-06-01,MAINTENANCE_COMPLETED,1124
2024-06-01,REPAIR_COMPLETED,853
2024-06-02,DEVICE_DISPOSED,27
2024-06-02,DEVICE_RECEIVED,120
2024-06-02,DEVICE_REGISTERED,11
2024-06-02,DEVICE_STATUS_CHANGED,762
2024-06-02,DEVICE_TRANSFERRED,669
2024-06-02,MAINTENANCE_COMPLETED,1077
2024-06-02,REPAIR_COMPLETED,735
2024-06-03,DEVICE_DISPOSED,21
2024-06-03,DEVICE_RECEIVED,152
2024-06-03,DEVICE_REGISTERED,6
2024-06-03,DEVICE_STATUS_CHANGED,710
2024-06-03,DEVICE_TRANSFERRED,630
2024-06-03,MAINTENANCE_COMPLETED,1117
2024-06-03,REPAIR_COMPLETED,770
2024-06-04,DEVICE_DISPOSED,14
2024-06-04,DEVICE_RECEIVED,147
2024-06-04,DEVICE_REGISTERED,10
2024-06-04,DEVICE_STATUS_CHANGED,682
2024-06-04,DEVICE_TRANSFERRED,682
2024-06-04,MAINTENANCE_COMPLETED,1083
2024-06-04,REPAIR_COMPLETED,730
2024-06-05,DEVICE_DISPOSED,16
2024-06-05,DEVICE_RECEIVED,133
2024-06-05,DEVICE_REGISTERED,5
2024-06-05,DEVICE_STATUS_CHANGED,722
2024-06-05,DEVICE_TRANSFERRED,635
2024-06-05,MAINTENANCE_COMPLETED,1112
2024-06-05,REPAIR_COMPLETED,767
2024-06-06,DEVICE_DISPOSED,22
2024-06-06,DEVICE_RECEIVED,130
2024-06-06,DEVICE_REGISTERED,5
2024-06-06,DEVICE_STATUS_CHANGED,727
2024-06-06,DEVICE_TRANSFERRED,648
2024-06-06,MAINTENANCE_COMPLETED,1069
2024-06-06,REPAIR_COMPLETED,808
2024-06-07,DEVICE_DISPOSED,29
2024-06-07,DEVICE_RECEIVED,141
2024-06-07,DEVICE_REGISTERED,5
2024-06-07,DEVICE_STATUS_CHANGED,754
2024-06-07,DEVICE_TRANSFERRED,694
2024-06-07,MAINTENANCE_COMPLETED,1132
2024-06-07,REPAIR_COMPLETED,781
2024-06-08,DEVICE_DISPOSED,16
2024-06-08,DEVICE_RECEIVED,153
2024-06-08,DEVICE_REGISTERED,11
2024-06-08,DEVICE_STATUS_CHANGED,759
2024-06-08,DEVICE_TRANSFERRED,688
2024-06-08,MAINTENANCE_COMPLETED,1057
2024-06-08,REPAIR_COMPLETED,715
2024-06-09,DEVICE_DISPOSED,29
2024-06-09,DEVICE_RECEIVED,156
2024-06-09,DEVICE_REGISTERED,6
2024-06-09,DEVICE_STATUS_CHANGED,732
2024-06-09,DEVICE_TRANSFERRED,662
2024-06-09,MAINTENANCE_COMPLETED,1089
2024-06-09,REPAIR_COMPLETED,727
2024-06-10,DEVICE_DISPOSED,16
2024-06-10,DEVICE_RECEIVED,142
2024-06-10,DEVICE_REGISTERED,8
2024-06-10,DEVICE_STATUS_CHANGED,717
2024-06-10,DEVICE_TRANSFERRED,638
2024-06-10,MAINTENANCE_COMPLETED,1082
2024-06-10,REPAIR_COMPLETED,803
2024-06-11,DEVICE_DISPOSED,24
2024-06-11,DEVICE_RECEIVED,121
2024-06-11,DEVICE_REGISTERED,7
2024-06-11,DEVICE_STATUS_CHANGED,749
2024-06-11,DEVICE_TRANSFERRED,662
2024-06-11,MAINTENANCE_COMPLETED,1157
2024-06-11,REPAIR_COMPLETED,769
2024-06-12,DEVICE_DISPOSED,21
2024-06-12,DEVICE_RECEIVED,128
2024-06-12,DEVICE_REGISTERED,4
2024-06-12,DEVICE_STATUS_CHANGED,685
2024-06-12,DEVICE_TRANSFERRED,645
2024-06-12,MAINTENANCE_COMPLETED,1075
2024-06-12,REPAIR_COMPLETED,711
2024-06-13,DEVICE_DISPOSED,21
2024-06-13,DEVICE_RECEIVED,133
2024-06-13,DEVICE_REGISTERED,8
2024-06-13,DEVICE_STATUS_CHANGED,700
2024-06-13,DEVICE_TRANSFERRED,672
2024-06-13,MAINTENANCE_COMPLETED,1055
2024-06-13,REPAIR_COMPLETED,861
2024-06-14,DEVICE_DISPOSED,21
2024-06-14,DEVICE_RECEIVED,126
2024-06-14,DEVICE_REGISTERED,6
2024-06-14,DEVICE_STATUS_CHANGED,751
2024-06-14,DEVICE_TRANSFERRED,647
2024-06-14,MAINTENANCE_COMPLETED,1120
2024-06-14,REPAIR_COMPLETED,768
2024-06-15,DEVICE_DISPOSED,24
2024-06-15,DEVICE_RECEIVED,140
2024-06-15,DEVICE_REGISTERED,14
2024-06-15,DEVICE_STATUS_CHANGED,730
2024-06-15,DEVICE_TRANSFERRED,708
2024-06-15,MAINTENANCE_COMPLETED,1082
2024-06-15,REPAIR_COMPLETED,776
2024-06-16,DEVICE_DISPOSED,16
2024-06-16,DEVICE_RECEIVED,133
2024-06-16,DEVICE_REGISTERED,9
2024-06-16,DEVICE_STATUS_CHANGED,725
2024-06-16,DEVICE_TRANSFERRED,638
2024-06-16,MAINTENANCE_COMPLETED,1103
2024-06-16,REPAIR_COMPLETED,752
2024-06-17,DEVICE_DISPOSED,18
2024-06-17,DEVICE_RECEIVED,124
2024-06-17,DEVICE_REGISTERED,6
2024-06-17,DEVICE_STATUS_CHANGED,723
2024-06-17,DEVICE_TRANSFERRED,650
2024-06-17,MAINTENANCE_COMPLETED,1083
2024-06-17,REPAIR_COMPLETED,725
2024-06-18,DEVICE_DISPOSED,16
2024-06-18,DEVICE_RECEIVED,123
2024-06-18,DEVICE_REGISTERED,13
2024-06-18,DEVICE_STATUS_CHANGED,725
2024-06-18,DEVICE_TRANSFERRED,674
2024-06-18,MAINTENANCE_COMPLETED,1105
2024-06-18,REPAIR_COMPLETED,762
2024-06-19,DEVICE_DISPOSED,27
2024-06-19,DEVICE_RECEIVED,144
2024-06-19,DEVICE_REGISTERED,6
2024-06-19,DEVICE_STATUS_CHANGED,725
2024-06-19,DEVICE_TRANSFERRED,654
2024-06-19,MAINTENANCE_COMPLETED,1115
2024-06-19,REPAIR_COMPLETED,760
2024-06-20,DEVICE_DISPOSED,22
2024-06-20,DEVICE_RECEIVED,110
2024-06-20,DEVICE_REGISTERED,7
2024-06-20,DEVICE_STATUS_CHANGED,744
2024-06-20,DEVICE_TRANSFERRED,692
2024-06-20,MAINTENANCE_COMPLETED,1081
2024-06-20,REPAIR_COMPLETED,746
2024-06-21,DEVICE_DISPOSED,19
2024-06-21,DEVICE_RECEIVED,147
2024-06-21,DEVICE_REGISTERED,3
2024-06-21,DEVICE_STATUS_CHANGED,743
2024-06-21,DEVICE_TRANSFERRED,677
2024-06-21,MAINTENANCE_COMPLETED,1036
2024-06-21,REPAIR_COMPLETED,769
2024-06-22,DEVICE_DISPOSED,30
2024-06-22,DEVICE_RECEIVED,124
2024-06-22,DEVICE_REGISTERED,12
2024-06-22,DEVICE_STATUS_CHANGED,775
2024-06-22,DEVICE_TRANSFERRED,625
2024-06-22,MAINTENANCE_COMPLETED,1141
2024-06-22,REPAIR_COMPLETED,731
2024-06-23,DEVICE_DISPOSED,26
2024-06-23,DEVICE_RECEIVED,121
2024-06-23,DEVICE_REGISTERED,6
2024-06-23,DEVICE_STATUS_CHANGED,742
2024-06-23,DEVICE_TRANSFERRED,659
2024-06-23,MAINTENANCE_COMPLETED,1098
2024-06-23,REPAIR_COMPLETED,739
2024-06-24,DEVICE_DISPOSED,21
2024-06-24,DEVICE_RECEIVED,131
2024-06-24,DEVICE_REGISTERED,8
2024-06-24,DEVICE_STATUS_CHANGED,751
2024-06-24,DEVICE_TRANSFERRED,669
2024-06-24,MAINTENANCE_COMPLETED,1054
2024-06-24,REPAIR_COMPLETED,793
2024-06-25,DEVICE_DISPOSED,22
2024-06-25,DEVICE_RECEIVED,146
2024-06-25,DEVICE_REGISTERED,5
2024-06-25,DEVICE_STATUS_CHANGED,713
2024-06-25,DEVICE_TRANSFERRED,667
2024-06-25,MAINTENANCE_COMPLETED,1106
2024-06-25,REPAIR_COMPLETED,742
2024-06-26,DEVICE_DISPOSED,23
2024-06-26,DEVICE_RECEIVED,131
2024-06-26,DEVICE_REGISTERED,6
2024-06-26,DEVICE_STATUS_CHANGED,764
2024-06-26,DEVICE_TRANSFERRED,671
2024-06-26,MAINTENANCE_COMPLETED,1064
2024-06-26,REPAIR_COMPLETED,800
2024-06-27,DEVICE_DISPOSED,26
2024-06-27,DEVICE_RECEIVED,141
2024-06-27,DEVICE_REGISTERED,9
2024-06-27,DEVICE_STATUS_CHANGED,729
2024-06-27,DEVICE_TRANSFERRED,683
2024-06-27,MAINTENANCE_COMPLETED,1126
2024-06-27,REPAIR_COMPLETED,776
2024-06-28,DEVICE_DISPOSED,20
2024-06-28,DEVICE_RECEIVED,113
2024-06-28,DEVICE_REGISTERED,4
2024-06-28,DEVICE_STATUS_CHANGED,728
2024-06-28,DEVICE_TRANSFERRED,707
2024-06-28,MAINTENANCE_COMPLETED,1076
2024-06-28,REPAIR_COMPLETED,730
2024-06-29,DEVICE_DISPOSED,14
2024-06-29,DEVICE_RECEIVED,142
2024-06-29,DEVICE_REGISTERED,9
2024-06-29,DEVICE_STATUS_CHANGED,707
2024-06-29,DEVICE_TRANSFERRED,661
2024-06-29,MAINTENANCE_COMPLETED,1123
2024-06-29,REPAIR_COMPLETED,783
2024-06-30,DEVICE_DISPOSED,17
2024-06-30,DEVICE_RECEIVED,131
2024-06-30,DEVICE_REGISTERED,10
2024-06-30,DEVICE_STATUS_CHANGED,770
2024-06-30,DEVICE_TRANSFERRED,691
2024-06-30,MAINTENANCE_COMPLETED,1082
2024-06-30,REPAIR_COMPLETED,727
2024-07-01,DEVICE_DISPOSED,20
2024-07-01,DEVICE_RECEIVED,118
2024-07-01,DEVICE_REGISTERED,8
2024-07-01,DEVICE_STATUS_CHANGED,772
2024-07-01,DEVICE_TRANSFERRED,641
2024-07-01,MAINTENANCE_COMPLETED,1089
2024-07-01,REPAIR_COMPLETED,777
2024-07-02,DEVICE_DISPOSED,28
2024-07-02,DEVICE_RECEIVED,123
2024-07-02,DEVICE_REGISTERED,11
2024-07-02,DEVICE_STATUS_CHANGED,727
2024-07-02,DEVICE_TRANSFERRED,676
2024-07-02,MAINTENANCE_COMPLETED,1114
2024-07-02,REPAIR_COMPLETED,743
2024-07-03,DEVICE_DISPOSED,22
2024-07-03,DEVICE_RECEIVED,129
2024-07-03,DEVICE_REGISTERED,11
2024-07-03,DEVICE_STATUS_CHANGED,728
2024-07-03,DEVICE_TRANSFERRED,647
2024-07-03,MAINTENANCE_COMPLETED,1048
2024-07-03,REPAIR_COMPLETED,786
2024-07-04,DEVICE_DISPOSED,19
2024-07-04,DEVICE_RECEIVED,141
2024-07-04,DEVICE_REGISTERED,4
2024-07-04,DEVICE_STATUS_CHANGED,759
2024-07-04,DEVICE_TRANSFERRED,680
2024-07-04,MAINTENANCE_COMPLETED,1145
2024-07-04,REPAIR_COMPLETED,738
2024-07-05,DEVICE_DISPOSED,18
2024-07-05,DEVICE_RECEIVED,130
2024-07-05,DEVICE_REGISTERED,9
2024-07-05,DEVICE_STATUS_CHANGED,746
2024-07-05,DEVICE_TRANSFERRED,691
2024-07-05,MAINTENANCE_COMPLETED,1093
2024-07-05,REPAIR_COMPLETED,721
2024-07-06,DEVICE_DISPOSED,13
2024-07-06,DEVICE_RECEIVED,112
2024-07-06,DEVICE_REGISTERED,6
2024-07-06,DEVICE_STATUS_CHANGED,738
2024-07-06,DEVICE_TRANSFERRED,623
2024-07-06,MAINTENANCE_COMPLETED,1084
2024-07-06,REPAIR_COMPLETED,733
2024-07-07,DEVICE_DISPOSED,29
2024-07-07,DEVICE_RECEIVED,119
2024-07-07,DEVICE_REGISTERED,8
2024-07-07,DEVICE_STATUS_CHANGED,721
2024-07-07,DEVICE_TRANSFERRED,657
2024-07-07,MAINTENANCE_COMPLETED,1080
2024-07-07,REPAIR_COMPLETED,757
2024-07-08,DEVICE_DISPOSED,24
2024-07-08,DEVICE_RECEIVED,130
2024-07-08,DEVICE_REGISTERED,6
2024-07-08,DEVICE_STATUS_CHANGED,740
2024-07-08,DEVICE_TRANSFERRED,673
2024-07-08,MAINTENANCE_COMPLETED,1095
2024-07-08,REPAIR_COMPLETED,757
2024-07-09,DEVICE_DISPOSED,23
2024-07-09,DEVICE_RECEIVED,117
2024-07-09,DEVICE_REGISTERED,11
2024-07-09,DEVICE_STATUS_CHANGED,706
2024-07-09,DEVICE_TRANSFERRED,661
2024-07-09,MAINTENANCE_COMPLETED,1138
2024-07-09,REPAIR_COMPLETED,814
2024-07-10,DEVICE_DISPOSED,22
2024-07-10,DEVICE_RECEIVED,140
2024-07-10,DEVICE_REGISTERED,8
2024-07-10,DEVICE_STATUS_CHANGED,737
2024-07-10,DEVICE_TRANSFERRED,666
2024-07-10,MAINTENANCE_COMPLETED,1100
2024-07-10,REPAIR_COMPLETED,771
2024-07-11,DEVICE_DISPOSED,17
2024-07-11,DEVICE_RECEIVED,143
2024-07-11,DEVICE_REGISTERED,7
2024-07-11,DEVICE_STATUS_CHANGED,737
2024-07-11,DEVICE_TRANSFERRED,667
2024-07-11,MAINTENANCE_COMPLETED,1116
2024-07-11,REPAIR_COMPLETED,732
2024-07-12,DEVICE_DISPOSED,24
2024-07-12,DEVICE_RECEIVED,134
2024-07-12,DEVICE_REGISTERED,4
2024-07-12,DEVICE_STATUS_CHANGED,756
2024-07-12,DEVICE_TRANSFERRED,703
2024-07-12,MAINTENANCE_COMPLETED,1113
2024-07-12,REPAIR_COMPLETED,747
2024-07-13,DEVICE_DISPOSED,33
2024-07-13,DEVICE_RECEIVED,149
2024-07-13,DEVICE_REGISTERED,11
2024-07-13,DEVICE_STATUS_CHANGED,705
2024-07-13,DEVICE_TRANSFERRED,686
2024-07-13,MAINTENANCE_COMPLETED,1088
2024-07-13,REPAIR_COMPLETED,741
2024-07-14,DEVICE_DISPOSED,17
2024-07-14,DEVICE_RECEIVED,132
2024-07-14,DEVICE_REGISTERED,5
2024-07-14,DEVICE_STATUS_CHANGED,736
2024-07-14,DEVICE_TRANSFERRED,646
2024-07-14,MAINTENANCE_COMPLETED,1085
2024-07-14,REPAIR_COMPLETED,763
2024-07-15,DEVICE_DISPOSED,23
2024-07-15,DEVICE_RECEIVED,145
2024-07-15,DEVICE_REGISTERED,8
2024-07-15,DEVICE_STATUS_CHANGED,676
2024-07-15,DEVICE_TRANSFERRED,623
2024-07-15,MAINTENANCE_COMPLETED,1139
2024-07-15,REPAIR_COMPLETED,787
2024-07-16,DEVICE_DISPOSED,22
2024-07-16,DEVICE_RECEIVED,140
2024-07-16,DEVICE_REGISTERED,7
2024-07-16,DEVICE_STATUS_CHANGED,706
2024-07-16,DEVICE_TRANSFERRED,679
2024-07-16,MAINTENANCE_COMPLETED,1056
2024-07-16,REPAIR_COMPLETED,728
2024-07-17,DEVICE_DISPOSED,20
2024-07-17,DEVICE_RECEIVED,122
2024-07-17,DEVICE_REGISTERED,3
2024-07-17,DEVICE_STATUS_CHANGED,739
2024-07-17,DEVICE_TRANSFERRED,653
2024-07-17,MAINTENANCE_COMPLETED,1098
2024-07-17,REPAIR_COMPLETED,736
2024-07-18,DEVICE_DISPOSED,26
2024-07-18,DEVICE_RECEIVED,116
2024-07-18,DEVICE_REGISTERED,7
2024-07-18,DEVICE_STATUS_CHANGED,758
2024-07-18,DEVICE_TRANSFERRED,656
2024-07-18,MAINTENANCE_COMPLETED,1058
2024-07-18,REPAIR_COMPLETED,795
2024-07-19,DEVICE_DISPOSED,15
2024-07-19,DEVICE_RECEIVED,135
2024-07-19,DEVICE_REGISTERED,5
2024-07-19,DEVICE_STATUS_CHANGED,687
2024-07-19,DEVICE_TRANSFERRED,663
2024-07-19,MAINTENANCE_COMPLETED,1086
2024-07-19,REPAIR_COMPLETED,784
2024-07-20,DEVICE_DISPOSED,30
2024-07-20,DEVICE_RECEIVED,132
2024-07-20,DEVICE_REGISTERED,9
2024-07-20,DEVICE_STATUS_CHANGED,708
2024-07-20,DEVICE_TRANSFERRED,650
2024-07-20,MAINTENANCE_COMPLETED,1084
2024-07-20,REPAIR_COMPLETED,798
2024-07-21,DEVICE_DISPOSED,28
2024-07-21,DEVICE_RECEIVED,144
2024-07-21,DEVICE_REGISTERED,11
2024-07-21,DEVICE_STATUS_CHANGED,717
2024-07-21,DEVICE_TRANSFERRED,665
2024-07-21,MAINTENANCE_COMPLETED,1146
2024-07-21,REPAIR_COMPLETED,759
2024-07-22,DEVICE_DISPOSED,20
2024-07-22,DEVICE_RECEIVED,135
2024-07-22,DEVICE_REGISTERED,10
2024-07-22,DEVICE_STATUS_CHANGED,700
2024-07-22,DEVICE_TRANSFERRED,661
2024-07-22,MAINTENANCE_COMPLETED,1106
2024-07-22,REPAIR_COMPLETED,716
2024-07-23,DEVICE_DISPOSED,23
2024-07-23,DEVICE_RECEIVED,135
2024-07-23,DEVICE_REGISTERED,6
2024-07-23,DEVICE_STATUS_CHANGED,740
2024-07-23,DEVICE_TRANSFERRED,685
2024-07-23,MAINTENANCE_COMPLETED,1059
2024-07-23,REPAIR_COMPLETED,779
2024-07-24,DEVICE_DISPOSED,19
2024-07-24,DEVICE_RECEIVED,154
2024-07-24,DEVICE_REGISTERED,9
2024-07-24,DEVICE_STATUS_CHANGED,738
2024-07-24,DEVICE_TRANSFERRED,649
2024-07-24,MAINTENANCE_COMPLETED,1138
2024-07-24,REPAIR_COMPLETED,773
2024-07-25,DEVICE_DISPOSED,29
2024-07-25,DEVICE_RECEIVED,165
2024-07-25,DEVICE_REGISTERED,9
2024-07-25,DEVICE_STATUS_CHANGED,710
2024-07-25,DEVICE_TRANSFERRED,639
2024-07-25,MAINTENANCE_COMPLETED,1128
2024-07-25,REPAIR_COMPLETED,782
2024-07-26,DEVICE_DISPOSED,19
2024-07-26,DEVICE_RECEIVED,129
2024-07-26,DEVICE_REGISTERED,7
2024-07-26,DEVICE_STATUS_CHANGED,733
2024-07-26,DEVICE_TRANSFERRED,625
2024-07-26,MAINTENANCE_COMPLETED,1112
2024-07-26,REPAIR_COMPLETED,763
2024-07-27,DEVICE_DISPOSED,17
2024-07-27,DEVICE_RECEIVED,132
2024-07-27,DEVICE_REGISTERED,9
2024-07-27,DEVICE_STATUS_CHANGED,741
2024-07-27,DEVICE_TRANSFERRED,670
2024-07-27,MAINTENANCE_COMPLETED,1087
2024-07-27,REPAIR_COMPLETED,806
2024-07-28,DEVICE_DISPOSED,16
2024-07-28,DEVICE_RECEIVED,118
2024-07-28,DEVICE_REGISTERED,6
2024-07-28,DEVICE_STATUS_CHANGED,735
2024-07-28,DEVICE_TRANSFERRED,643
2024-07-28,MAINTENANCE_COMPLETED,1112
2024-07-28,REPAIR_COMPLETED,736
2024-07-29,DEVICE_DISPOSED,23
2024-07-29,DEVICE_RECEIVED,127
2024-07-29,DEVICE_REGISTERED,6
2024-07-29,DEVICE_STATUS_CHANGED,741
2024-07-29,DEVICE_TRANSFERRED,662
2024-07-29,MAINTENANCE_COMPLETED,1110
2024-07-29,REPAIR_COMPLETED,759
2024-07-30,DEVICE_DISPOSED,18
2024-07-30,DEVICE_RECEIVED,119
2024-07-30,DEVICE_REGISTERED,7
2024-07-30,DEVICE_STATUS_CHANGED,717
2024-07-30,DEVICE_TRANSFERRED,657
2024-07-30,MAINTENANCE_COMPLETED,1142
2024-07-30,REPAIR_COMPLETED,717
2024-07-31,DEVICE_DISPOSED,28
2024-07-31,DEVICE_RECEIVED,123
2024-07-31,DEVICE_REGISTERED,7
2024-07-31,DEVICE_STATUS_CHANGED,739
2024-07-31,DEVICE_TRANSFERRED,684
2024-07-31,MAINTENANCE_COMPLETED,1155
2024-07-31,REPAIR_COMPLETED,794
2024-08-01,DEVICE_DISPOSED,14
2024-08-01,DEVICE_RECEIVED,111
2024-08-01,DEVICE_REGISTERED,9
2024-08-01,DEVICE_STATUS_CHANGED,695
2024-08-01,DEVICE_TRANSFERRED,656
2024-08-01,MAINTENANCE_COMPLETED,1081
2024-08-01,REPAIR_COMPLETED,763
2024-08-02,DEVICE_DISPOSED,19
2024-08-02,DEVICE_RECEIVED,136
2024-08-02,DEVICE_REGISTERED,11
2024-08-02,DEVICE_STATUS_CHANGED,767
2024-08-02,DEVICE_TRANSFERRED,649
2024-08-02,MAINTENANCE_COMPLETED,1053
2024-08-02,REPAIR_COMPLETED,763
2024-08-03,DEVICE_DISPOSED,16
2024-08-03,DEVICE_RECEIVED,130
2024-08-03,DEVICE_REGISTERED,9
2024-08-03,DEVICE_STATUS_CHANGED,716
2024-08-03,DEVICE_TRANSFERRED,684
2024-08-03,MAINTENANCE_COMPLETED,1104
2024-08-03,REPAIR_COMPLETED,778
2024-08-04,DEVICE_DISPOSED,14
2024-08-04,DEVICE_RECEIVED,149
2024-08-04,DEVICE_REGISTERED,6
2024-08-04,DEVICE_STATUS_CHANGED,727
2024-08-04,DEVICE_TRANSFERRED,685
2024-08-04,MAINTENANCE_COMPLETED,1103
2024-08-04,REPAIR_COMPLETED,812
2024-08-05,DEVICE_DISPOSED,28
2024-08-05,DEVICE_RECEIVED,141
2024-08-05,DEVICE_REGISTERED,7
2024-08-05,DEVICE_STATUS_CHANGED,771
2024-08-05,DEVICE_TRANSFERRED,673
2024-08-05,MAINTENANCE_COMPLETED,1090
2024-08-05,REPAIR_COMPLETED,727
2024-08-06,DEVICE_DISPOSED,35
2024-08-06,DEVICE_RECEIVED,132
2024-08-06,DEVICE_REGISTERED,9
2024-08-06,DEVICE_STATUS_CHANGED,731
2024-08-06,DEVICE_TRANSFERRED,686
2024-08-06,MAINTENANCE_COMPLETED,1070
2024-08-06,REPAIR_COMPLETED,698
2024-08-07,DEVICE_DISPOSED,20
2024-08-07,DEVICE_RECEIVED,125
2024-08-07,DEVICE_REGISTERED,7
2024-08-07,DEVICE_STATUS_CHANGED,792
2024-08-07,DEVICE_TRANSFERRED,672
2024-08-07,MAINTENANCE_COMPLETED,1058
2024-08-07,REPAIR_COMPLETED,762
2024-08-08,DEVICE_DISPOSED,22
2024-08-08,DEVICE_RECEIVED,136
2024-08-08,DEVICE_REGISTERED,6
2024-08-08,DEVICE_STATUS_CHANGED,783
2024-08-08,DEVICE_TRANSFERRED,647
2024-08-08,MAINTENANCE_COMPLETED,1025
2024-08-08,REPAIR_COMPLETED,760
2024-08-09,DEVICE_DISPOSED,21
2024-08-09,DEVICE_RECEIVED,166
2024-08-09,DEVICE_REGISTERED,12
2024-08-09,DEVICE_STATUS_CHANGED,744
2024-08-09,DEVICE_TRANSFERRED,659
2024-08-09,MAINTENANCE_COMPLETED,1147
2024-08-09,REPAIR_COMPLETED,768
2024-08-10,DEVICE_DISPOSED,17
2024-08-10,DEVICE_RECEIVED,144
2024-08-10,DEVICE_REGISTERED,10
2024-08-10,DEVICE_STATUS_CHANGED,734
2024-08-10,DEVICE_TRANSFERRED,652
2024-08-10,MAINTENANCE_COMPLETED,1028
2024-08-10,REPAIR_COMPLETED,765
2024-08-11,DEVICE_DISPOSED,23
2024-08-11,DEVICE_RECEIVED,131
2024-08-11,DEVICE_REGISTERED,7
2024-08-11,DEVICE_STATUS_CHANGED,754
2024-08-11,DEVICE_TRANSFERRED,604
2024-08-11,MAINTENANCE_COMPLETED,1119
2024-08-11,REPAIR_COMPLETED,715
2024-08-12,DEVICE_DISPOSED,20
2024-08-12,DEVICE_RECEIVED,123
2024-08-12,DEVICE_REGISTERED,7
2024-08-12,DEVICE_STATUS_CHANGED,764
2024-08-12,DEVICE_TRANSFERRED,648
2024-08-12,MAINTENANCE_COMPLETED,1141
2024-08-12,REPAIR_COMPLETED,804
2024-08-13,DEVICE_DISPOSED,21
2024-08-13,DEVICE_RECEIVED,138
2024-08-13,DEVICE_REGISTERED,4
2024-08-13,DEVICE_STATUS_CHANGED,759
2024-08-13,DEVICE_TRANSFERRED,669
2024-08-13,MAINTENANCE_COMPLETED,1105
2024-08-13,REPAIR_COMPLETED,755
2024-08-14,DEVICE_DISPOSED,27
2024-08-14,DEVICE_RECEIVED,137
2024-08-14,DEVICE_REGISTERED,11
2024-08-14,DEVICE_STATUS_CHANGED,731
2024-08-14,DEVICE_TRANSFERRED,604
2024-08-14,MAINTENANCE_COMPLETED,1078
2024-08-14,REPAIR_COMPLETED,755
2024-08-15,DEVICE_DISPOSED,22
2024-08-15,DEVICE_RECEIVED,123
2024-08-15,DEVICE_REGISTERED,6
2024-08-15,DEVICE_STATUS_CHANGED,727
2024-08-15,DEVICE_TRANSFERRED,677
2024-08-15,MAINTENANCE_COMPLETED,1112
2024-08-15,REPAIR_COMPLETED,750
2024-08-16,DEVICE_DISPOSED,25
2024-08-16,DEVICE_RECEIVED,124
2024-08-16,DEVICE_REGISTERED,9
2024-08-16,DEVICE_STATUS_CHANGED,706
2024-08-16,DEVICE_TRANSFERRED,634
2024-08-16,MAINTENANCE_COMPLETED,1103
2024-08-16,REPAIR_COMPLETED,809
2024-08-17,DEVICE_DISPOSED,17
2024-08-17,DEVICE_RECEIVED,152
2024-08-17,DEVICE_REGISTERED,8
2024-08-17,DEVICE_STATUS_CHANGED,741
2024-08-17,DEVICE_TRANSFERRED,686
2024-08-17,MAINTENANCE_COMPLETED,1128
2024-08-17,REPAIR_COMPLETED,808
2024-08-18,DEVICE_DISPOSED,22
2024-08-18,DEVICE_RECEIVED,132
2024-08-18,DEVICE_REGISTERED,8
2024-08-18,DEVICE_STATUS_CHANGED,725
2024-08-18,DEVICE_TRANSFERRED,654
2024-08-18,MAINTENANCE_COMPLETED,1081
2024-08-18,REPAIR_COMPLETED,795
2024-08-19,DEVICE_DISPOSED,24
2024-08-19,DEVICE_RECEIVED,117
2024-08-19,DEVICE_REGISTERED,10
2024-08-19,DEVICE_STATUS_CHANGED,721
2024-08-19,DEVICE_TRANSFERRED,693
2024-08-19,MAINTENANCE_COMPLETED,1082
2024-08-19,REPAIR_COMPLETED,792
2024-08-20,DEVICE_DISPOSED,26
2024-08-20,DEVICE_RECEIVED,121
2024-08-20,DEVICE_REGISTERED,4
2024-08-20,DEVICE_STATUS_CHANGED,764
2024-08-20,DEVICE_TRANSFERRED,682
2024-08-20,MAINTENANCE_COMPLETED,1107
2024-08-20,REPAIR_COMPLETED,753
2024-08-21,DEVICE_DISPOSED,19
2024-08-21,DEVICE_RECEIVED,136
2024-08-21,DEVICE_REGISTERED,9
2024-08-21,DEVICE_STATUS_CHANGED,727
2024-08-21,DEVICE_TRANSFERRED,623
2024-08-21,MAINTENANCE_COMPLETED,1063
2024-08-21,REPAIR_COMPLETED,719
2024-08-22,DEVICE_DISPOSED,31
2024-08-22,DEVICE_RECEIVED,148
2024-08-22,DEVICE_REGISTERED,10
2024-08-22,DEVICE_STATUS_CHANGED,728
2024-08-22,DEVICE_TRANSFERRED,623
2024-08-22,MAINTENANCE_COMPLETED,1142
2024-08-22,REPAIR_COMPLETED,768
2024-08-23,DEVICE_DISPOSED,19
2024-08-23,DEVICE_RECEIVED,110
2024-08-23,DEVICE_REGISTERED,7
2024-08-23,DEVICE_STATUS_CHANGED,716
2024-08-23,DEVICE_TRANSFERRED,631
2024-08-23,MAINTENANCE_COMPLETED,1175
2024-08-23,REPAIR_COMPLETED,738
2024-08-24,DEVICE_DISPOSED,33
2024-08-24,DEVICE_RECEIVED,147
2024-08-24,DEVICE_REGISTERED,5
2024-08-24,DEVICE_STATUS_CHANGED,689
2024-08-24,DEVICE_TRANSFERRED,671
2024-08-24,MAINTENANCE_COMPLETED,1103
2024-08-24,REPAIR_COMPLETED,760
2024-08-25,DEVICE_DISPOSED,20
2024-08-25,DEVICE_RECEIVED,139
2024-08-25,DEVICE_REGISTERED,7
2024-08-25,DEVICE_STATUS_CHANGED,734
2024-08-25,DEVICE_TRANSFERRED,678
2024-08-25,MAINTENANCE_COMPLETED,1073
2024-08-25,REPAIR_COMPLETED,828
2024-08-26,DEVICE_DISPOSED,22
2024-08-26,DEVICE_RECEIVED,140
2024-08-26,DEVICE_REGISTERED,7
2024-08-26,DEVICE_STATUS_CHANGED,752
2024-08-26,DEVICE_TRANSFERRED,639
2024-08-26,MAINTENANCE_COMPLETED,1088
2024-08-26,REPAIR_COMPLETED,754
2024-08-27,DEVICE_DISPOSED,19
2024-08-27,DEVICE_RECEIVED,135
2024-08-27,DEVICE_REGISTERED,9
2024-08-27,DEVICE_STATUS_CHANGED,715
2024-08-27,DEVICE_TRANSFERRED,651
2024-08-27,MAINTENANCE_COMPLETED,1204
2024-08-27,REPAIR_COMPLETED,743
2024-08-28,DEVICE_DISPOSED,20
2024-08-28,DEVICE_RECEIVED,135
2024-08-28,DEVICE_REGISTERED,4
2024-08-28,DEVICE_STATUS_CHANGED,721
2024-08-28,DEVICE_TRANSFERRED,676
2024-08-28,MAINTENANCE_COMPLETED,1136
2024-08-28,REPAIR_COMPLETED,794
2024-08-29,DEVICE_DISPOSED,25
2024-08-29,DEVICE_RECEIVED,148
2024-08-29,DEVICE_REGISTERED,11
2024-08-29,DEVICE_STATUS_CHANGED,692
2024-08-29,DEVICE_TRANSFERRED,657
2024-08-29,MAINTENANCE_COMPLETED,1121
2024-08-29,REPAIR_COMPLETED,791
2024-08-30,DEVICE_DISPOSED,19
2024-08-30,DEVICE_RECEIVED,149
2024-08-30,DEVICE_REGISTERED,7
2024-08-30,DEVICE_STATUS_CHANGED,701
2024-08-30,DEVICE_TRANSFERRED,624
2024-08-30,MAINTENANCE_COMPLETED,1090
2024-08-30,REPAIR_COMPLETED,779
2024-08-31,DEVICE_DISPOSED,17
2024-08-31,DEVICE_RECEIVED,146
2024-08-31,DEVICE_REGISTERED,6
2024-08-31,DEVICE_STATUS_CHANGED,688
2024-08-31,DEVICE_TRANSFERRED,648
2024-08-31,MAINTENANCE_COMPLETED,1085
2024-08-31,REPAIR_COMPLETED,742
2024-09-01,DEVICE_DISPOSED,23
2024-09-01,DEVICE_RECEIVED,140
2024-09-01,DEVICE_REGISTERED,9
2024-09-01,DEVICE_STATUS_CHANGED,726
2024-09-01,DEVICE_TRANSFERRED,650
2024-09-01,MAINTENANCE_COMPLETED,1033
2024-09-01,REPAIR_COMPLETED,771
2024-09-02,DEVICE_DISPOSED,18
2024-09-02,DEVICE_RECEIVED,131
2024-09-02,DEVICE_REGISTERED,9
2024-09-02,DEVICE_STATUS_CHANGED,751
2024-09-02,DEVICE_TRANSFERRED,671
2024-09-02,MAINTENANCE_COMPLETED,1114
2024-09-02,REPAIR_COMPLETED,762
2024-09-03,DEVICE_DISPOSED,30
2024-09-03,DEVICE_RECEIVED,126
2024-09-03,DEVICE_REGISTERED,4
2024-09-03,DEVICE_STATUS_CHANGED,699
2024-09-03,DEVICE_TRANSFERRED,653
2024-09-03,MAINTENANCE_COMPLETED,1128
2024-09-03,REPAIR_COMPLETED,763
2024-09-04,DEVICE_DISPOSED,19
2024-09-04,DEVICE_RECEIVED,140
2024-09-04,DEVICE_REGISTERED,8
2024-09-04,DEVICE_STATUS_CHANGED,746
2024-09-04,DEVICE_TRANSFERRED,677
2024-09-04,MAINTENANCE_COMPLETED,1133
2024-09-04,REPAIR_COMPLETED,812
2024-09-05,DEVICE_DISPOSED,23
2024-09-05,DEVICE_RECEIVED,128
2024-09-05,DEVICE_REGISTERED,6
2024-09-05,DEVICE_STATUS_CHANGED,673
2024-09-05,DEVICE_TRANSFERRED,626
2024-09-05,MAINTENANCE_COMPLETED,1109
2024-09-05,REPAIR_COMPLETED,754
2024-09-06,DEVICE_DISPOSED,25
2024-09-06,DEVICE_RECEIVED,135
2024-09-06,DEVICE_REGISTERED,8
2024-09-06,DEVICE_STATUS_CHANGED,720
2024-09-06,DEVICE_TRANSFERRED,651
2024-09-06,MAINTENANCE_COMPLETED,1125
2024-09-06,REPAIR_COMPLETED,781
2024-09-07,DEVICE_DISPOSED,22
2024-09-07,DEVICE_RECEIVED,131
2024-09-07,DEVICE_REGISTERED,10
2024-09-07,DEVICE_STATUS_CHANGED,734
2024-09-07,DEVICE_TRANSFERRED,678
2024-09-07,MAINTENANCE_COMPLETED,1088
2024-09-07,REPAIR_COMPLETED,793
2024-09-08,DEVICE_DISPOSED,14
2024-09-08,DEVICE_RECEIVED,136
2024-09-08,DEVICE_REGISTERED,7
2024-09-08,DEVICE_STATUS_CHANGED,709
2024-09-08,DEVICE_TRANSFERRED,675
2024-09-08,MAINTENANCE_COMPLETED,1050
2024-09-08,REPAIR_COMPLETED,773
2024-09-09,DEVICE_DISPOSED,26
2024-09-09,DEVICE_RECEIVED,127
2024-09-09,DEVICE_REGISTERED,6
2024-09-09,DEVICE_STATUS_CHANGED,746
2024-09-09,DEVICE_TRANSFERRED,640
2024-09-09,MAINTENANCE_COMPLETED,1109
2024-09-09,REPAIR_COMPLETED,806
2024-09-10,DEVICE_DISPOSED,27
2024-09-10,DEVICE_RECEIVED,108
2024-09-10,DEVICE_REGISTERED,7
2024-09-10,DEVICE_STATUS_CHANGED,733
2024-09-10,DEVICE_TRANSFERRED,692
2024-09-10,MAINTENANCE_COMPLETED,1157
2024-09-10,REPAIR_COMPLETED,788
2024-09-11,DEVICE_DISPOSED,25
2024-09-11,DEVICE_RECEIVED,164
2024-09-11,DEVICE_REGISTERED,10
2024-09-11,DEVICE_STATUS_CHANGED,772
2024-09-11,DEVICE_TRANSFERRED,663
2024-09-11,MAINTENANCE_COMPLETED,1081
2024-09-11,REPAIR_COMPLETED,777
2024-09-12,DEVICE_DISPOSED,23
2024-09-12,DEVICE_RECEIVED,125
2024-09-12,DEVICE_REGISTERED,12
2024-09-12,DEVICE_STATUS_CHANGED,714
2024-09-12,DEVICE_TRANSFERRED,663
2024-09-12,MAINTENANCE_COMPLETED,1118
2024-09-12,REPAIR_COMPLETED,772
2024-09-13,DEVICE_DISPOSED,33
2024-09-13,DEVICE_RECEIVED,132
2024-09-13,DEVICE_REGISTERED,9
2024-09-13,DEVICE_STATUS_CHANGED,738
2024-09-13,DEVICE_TRANSFERRED,675
2024-09-13,MAINTENANCE_COMPLETED,1017
2024-09-13,REPAIR_COMPLETED,814
2024-09-14,DEVICE_DISPOSED,22
2024-09-14,DEVICE_RECEIVED,109
2024-09-14,DEVICE_REGISTERED,12
2024-09-14,DEVICE_STATUS_CHANGED,728
2024-09-14,DEVICE_TRANSFERRED,669
2024-09-14,MAINTENANCE_COMPLETED,1043
2024-09-14,REPAIR_COMPLETED,726
2024-09-15,DEVICE_DISPOSED,14
2024-09-15,DEVICE_RECEIVED,128
2024-09-15,DEVICE_REGISTERED,10
2024-09-15,DEVICE_STATUS_CHANGED,715
2024-09-15,DEVICE_TRANSFERRED,720
2024-09-15,MAINTENANCE_COMPLETED,1090
2024-09-15,REPAIR_COMPLETED,776
2024-09-16,DEVICE_DISPOSED,18
2024-09-16,DEVICE_RECEIVED,127
2024-09-16,DEVICE_REGISTERED,8
2024-09-16,DEVICE_STATUS_CHANGED,730
2024-09-16,DEVICE_TRANSFERRED,638
2024-09-16,MAINTENANCE_COMPLETED,1053
2024-09-16,REPAIR_COMPLETED,774
2024-09-17,DEVICE_DISPOSED,22
2024-09-17,DEVICE_RECEIVED,123
2024-09-17,DEVICE_REGISTERED,3
2024-09-17,DEVICE_STATUS_CHANGED,728
2024-09-17,DEVICE_TRANSFERRED,729
2024-09-17,MAINTENANCE_COMPLETED,1074
2024-09-17,REPAIR_COMPLETED,769
2024-09-18,DEVICE_DISPOSED,28
2024-09-18,DEVICE_RECEIVED,109
2024-09-18,DEVICE_REGISTERED,10
2024-09-18,DEVICE_STATUS_CHANGED,727
2024-09-18,DEVICE_TRANSFERRED,664
2024-09-18,MAINTENANCE_COMPLETED,1111
2024-09-18,REPAIR_COMPLETED,766
2024-09-19,DEVICE_DISPOSED,21
2024-09-19,DEVICE_RECEIVED,133
2024-09-19,DEVICE_REGISTERED,6
2024-09-19,DEVICE_STATUS_CHANGED,740
2024-09-19,DEVICE_TRANSFERRED,624
2024-09-19,MAINTENANCE_COMPLETED,1065
2024-09-19,REPAIR_COMPLETED,792
2024-09-20,DEVICE_DISPOSED,27
2024-09-20,DEVICE_RECEIVED,130
2024-09-20,DEVICE_REGISTERED,7
2024-09-20,DEVICE_STATUS_CHANGED,745
2024-09-20,DEVICE_TRANSFERRED,624
2024-09-20,MAINTENANCE_COMPLETED,1109
2024-09-20,REPAIR_COMPLETED,769
2024-09-21,DEVICE_DISPOSED,36
2024-09-21,DEVICE_RECEIVED,130
2024-09-21,DEVICE_REGISTERED,5
2024-09-21,DEVICE_STATUS_CHANGED,743
2024-09-21,DEVICE_TRANSFERRED,663
2024-09-21,MAINTENANCE_COMPLETED,1093
2024-09-21,REPAIR_COMPLETED,750
2024-09-22,DEVICE_DISPOSED,21
2024-09-22,DEVICE_RECEIVED,129
2024-09-22,DEVICE_REGISTERED,7
2024-09-22,DEVICE_STATUS_CHANGED,724
2024-09-22,DEVICE_TRANSFERRED,624
2024-09-22,MAINTENANCE_COMPLETED,1090
2024-09-22,REPAIR_COMPLETED,734
2024-09-23,DEVICE_DISPOSED,25
2024-09-23,DEVICE_RECEIVED,147
2024-09-23,DEVICE_REGISTERED,4
2024-09-23,DEVICE_STATUS_CHANGED,723
2024-09-23,DEVICE_TRANSFERRED,685
2024-09-23,MAINTENANCE_COMPLETED,1125
2024-09-23,REPAIR_COMPLETED,794
2024-09-24,DEVICE_DISPOSED,23
2024-09-24,DEVICE_RECEIVED,143
2024-09-24,DEVICE_REGISTERED,11
2024-09-24,DEVICE_STATUS_CHANGED,739
2024-09-24,DEVICE_TRANSFERRED,664
2024-09-24,MAINTENANCE_COMPLETED,1097
2024-09-24,REPAIR_COMPLETED,777
2024-09-25,DEVICE_DISPOSED,23
2024-09-25,DEVICE_RECEIVED,140
2024-09-25,DEVICE_REGISTERED,7
2024-09-25,DEVICE_STATUS_CHANGED,675
2024-09-25,DEVICE_TRANSFERRED,674
2024-09-25,MAINTENANCE_COMPLETED,1075
2024-09-25,REPAIR_COMPLETED,834
2024-09-26,DEVICE_DISPOSED,20
2024-09-26,DEVICE_RECEIVED,129
2024-09-26,DEVICE_REGISTERED,12
2024-09-26,DEVICE_STATUS_CHANGED,750
2024-09-26,DEVICE_TRANSFERRED,666
2024-09-26,MAINTENANCE_COMPLETED,1140
2024-09-26,REPAIR_COMPLETED,799
2024-09-27,DEVICE_DISPOSED,25
2024-09-27,DEVICE_RECEIVED,119
2024-09-27,DEVICE_REGISTERED,6
2024-09-27,DEVICE_STATUS_CHANGED,743
2024-09-27,DEVICE_TRANSFERRED,637
2024-09-27,MAINTENANCE_COMPLETED,1125
2024-09-27,REPAIR_COMPLETED,792
2024-09-28,DEVICE_DISPOSED,28
2024-09-28,DEVICE_RECEIVED,126
2024-09-28,DEVICE_REGISTERED,8
2024-09-28,DEVICE_STATUS_CHANGED,729
2024-09-28,DEVICE_TRANSFERRED,707
2024-09-28,MAINTENANCE_COMPLETED,1117
2024-09-28,REPAIR_COMPLETED,782
2024-09-29,DEVICE_DISPOSED,24
2024-09-29,DEVICE_RECEIVED,127
2024-09-29,DEVICE_REGISTERED,11
2024-09-29,DEVICE_STATUS_CHANGED,764
2024-09-29,DEVICE_TRANSFERRED,661
2024-09-29,MAINTENANCE_COMPLETED,1134
2024-09-29,REPAIR_COMPLETED,791
2024-09-30,DEVICE_DISPOSED,22
2024-09-30,DEVICE_RECEIVED,147
2024-09-30,DEVICE_REGISTERED,8
2024-09-30,DEVICE_STATUS_CHANGED,742
2024-09-30,DEVICE_TRANSFERRED,668
2024-09-30,MAINTENANCE_COMPLETED,1081
2024-09-30,REPAIR_COMPLETED,762
2024-10-01,DEVICE_DISPOSED,20
2024-10-01,DEVICE_RECEIVED,110
2024-10-01,DEVICE_REGISTERED,3
2024-10-01,DEVICE_STATUS_CHANGED,736
2024-10-01,DEVICE_TRANSFERRED,628
2024-10-01,MAINTENANCE_COMPLETED,1102
2024-10-01,REPAIR_COMPLETED,786
2024-10-02,DEVICE_DISPOSED,20
2024-10-02,DEVICE_RECEIVED,138
2024-10-02,DEVICE_REGISTERED,8
2024-10-02,DEVICE_STATUS_CHANGED,769
2024-10-02,DEVICE_TRANSFERRED,679
2024-10-02,MAINTENANCE_COMPLETED,1067
2024-10-02,REPAIR_COMPLETED,765
2024-10-03,DEVICE_DISPOSED,13
2024-10-03,DEVICE_RECEIVED,155
2024-10-03,DEVICE_REGISTERED,7
2024-10-03,DEVICE_STATUS_CHANGED,789
2024-10-03,DEVICE_TRANSFERRED,647
2024-10-03,MAINTENANCE_COMPLETED,1147
2024-10-03,REPAIR_COMPLETED,786
2024-10-04,DEVICE_DISPOSED,15
2024-10-04,DEVICE_RECEIVED,132
2024-10-04,DEVICE_REGISTERED,16
2024-10-04,DEVICE_STATUS_CHANGED,778
2024-10-04,DEVICE_TRANSFERRED,681
2024-10-04,MAINTENANCE_COMPLETED,1130
2024-10-04,REPAIR_COMPLETED,803
2024-10-05,DEVICE_DISPOSED,22
2024-10-05,DEVICE_RECEIVED,118
2024-10-05,DEVICE_REGISTERED,4
2024-10-05,DEVICE_STATUS_CHANGED,754
2024-10-05,DEVICE_TRANSFERRED,647
2024-10-05,MAINTENANCE_COMPLETED,1140
2024-10-05,REPAIR_COMPLETED,761
2024-10-06,DEVICE_DISPOSED,27
2024-10-06,DEVICE_RECEIVED,146
2024-10-06,DEVICE_REGISTERED,8
2024-10-06,DEVICE_STATUS_CHANGED,696
2024-10-06,DEVICE_TRANSFERRED,630
2024-10-06,MAINTENANCE_COMPLETED,1092
2024-10-06,REPAIR_COMPLETED,717
2024-10-07,DEVICE_DISPOSED,18
2024-10-07,DEVICE_RECEIVED,142
2024-10-07,DEVICE_REGISTERED,9
2024-10-07,DEVICE_STATUS_CHANGED,734
2024-10-07,DEVICE_TRANSFERRED,641
2024-10-07,MAINTENANCE_COMPLETED,1101
2024-10-07,REPAIR_COMPLETED,853
2024-10-08,DEVICE_DISPOSED,23
2024-10-08,DEVICE_RECEIVED,133
2024-10-08,DEVICE_REGISTERED,3
2024-10-08,DEVICE_STATUS_CHANGED,722
2024-10-08,DEVICE_TRANSFERRED,657
2024-10-08,MAINTENANCE_COMPLETED,1151
2024-10-08,REPAIR_COMPLETED,757
2024-10-09,DEVICE_DISPOSED,16
2024-10-09,DEVICE_RECEIVED,130
2024-10-09,DEVICE_REGISTERED,4
2024-10-09,DEVICE_STATUS_CHANGED,725
2024-10-09,DEVICE_TRANSFERRED,652
2024-10-09,MAINTENANCE_COMPLETED,1051
2024-10-09,REPAIR_COMPLETED,829
2024-10-10,DEVICE_DISPOSED,22
2024-10-10,DEVICE_RECEIVED,141
2024-10-10,DEVICE_REGISTERED,9
2024-10-10,DEVICE_STATUS_CHANGED,746
2024-10-10,DEVICE_TRANSFERRED,687
2024-10-10,MAINTENANCE_COMPLETED,1102
2024-10-10,REPAIR_COMPLETED,767
2024-10-11,DEVICE_DISPOSED,23
2024-10-11,DEVICE_RECEIVED,111
2024-10-11,DEVICE_REGISTERED,5
2024-10-11,DEVICE_STATUS_CHANGED,742
2024-10-11,DEVICE_TRANSFERRED,645
2024-10-11,MAINTENANCE_COMPLETED,1057
2024-10-11,REPAIR_COMPLETED,756
2024-10-12,DEVICE_DISPOSED,21
2024-10-12,DEVICE_RECEIVED,114
2024-10-12,DEVICE_REGISTERED,4
2024-10-12,DEVICE_STATUS_CHANGED,766
2024-10-12,DEVICE_TRANSFERRED,650
2024-10-12,MAINTENANCE_COMPLETED,1093
2024-10-12,REPAIR_COMPLETED,779
2024-10-13,DEVICE_DISPOSED,21
2024-10-13,DEVICE_RECEIVED,126
2024-10-13,DEVICE_REGISTERED,9
2024-10-13,DEVICE_STATUS_CHANGED,721
2024-10-13,DEVICE_TRANSFERRED,691
2024-10-13,MAINTENANCE_COMPLETED,1090
2024-10-13,REPAIR_COMPLETED,799
2024-10-14,DEVICE_DISPOSED,16
2024-10-14,DEVICE_RECEIVED,121
2024-10-14,DEVICE_REGISTERED,11
2024-10-14,DEVICE_STATUS_CHANGED,729
2024-10-14,DEVICE_TRANSFERRED,681
2024-10-14,MAINTENANCE_COMPLETED,1091
2024-10-14,REPAIR_COMPLETED,767
2024-10-15,DEVICE_DISPOSED,24
2024-10-15,DEVICE_RECEIVED,114
2024-10-15,DEVICE_REGISTERED,5
2024-10-15,DEVICE_STATUS_CHANGED,725
2024-10-15,DEVICE_TRANSFERRED,653
2024-10-15,MAINTENANCE_COMPLETED,1179
2024-10-15,REPAIR_COMPLETED,759
2024-10-16,DEVICE_DISPOSED,28
2024-10-16,DEVICE_RECEIVED,135
2024-10-16,DEVICE_REGISTERED,11
2024-10-16,DEVICE_STATUS_CHANGED,733
2024-10-16,DEVICE_TRANSFERRED,623
2024-10-16,MAINTENANCE_COMPLETED,1039
2024-10-16,REPAIR_COMPLETED,790
2024-10-17,DEVICE_DISPOSED,24
2024-10-17,DEVICE_RECEIVED,146
2024-10-17,DEVICE_REGISTERED,8
2024-10-17,DEVICE_STATUS_CHANGED,718
2024-10-17,DEVICE_TRANSFERRED,650
2024-10-17,MAINTENANCE_COMPLETED,1131
2024-10-17,REPAIR_COMPLETED,736
2024-10-18,DEVICE_DISPOSED,16
2024-10-18,DEVICE_RECEIVED,139
2024-10-18,DEVICE_REGISTERED,8
2024-10-18,DEVICE_STATUS_CHANGED,760
2024-10-18,DEVICE_TRANSFERRED,705
2024-10-18,MAINTENANCE_COMPLETED,1070
2024-10-18,REPAIR_COMPLETED,691
2024-10-19,DEVICE_DISPOSED,23
2024-10-19,DEVICE_RECEIVED,115
2024-10-19,DEVICE_REGISTERED,12
2024-10-19,DEVICE_STATUS_CHANGED,736
2024-10-19,DEVICE_TRANSFERRED,636
2024-10-19,MAINTENANCE_COMPLETED,1088
2024-10-19,REPAIR_COMPLETED,804
2024-10-20,DEVICE_DISPOSED,24
2024-10-20,DEVICE_RECEIVED,128
2024-10-20,DEVICE_REGISTERED,5
2024-10-20,DEVICE_STATUS_CHANGED,715
2024-10-20,DEVICE_TRANSFERRED,624
2024-10-20,MAINTENANCE_COMPLETED,1157
2024-10-20,REPAIR_COMPLETED,744
2024-10-21,DEVICE_DISPOSED,17
2024-10-21,DEVICE_RECEIVED,132
2024-10-21,DEVICE_REGISTERED,6
2024-10-21,DEVICE_STATUS_CHANGED,692
2024-10-21,DEVICE_TRANSFERRED,636
2024-10-21,MAINTENANCE_COMPLETED,1045
2024-10-21,REPAIR_COMPLETED,791
2024-10-22,DEVICE_DISPOSED,25
2024-10-22,DEVICE_RECEIVED,134
2024-10-22,DEVICE_REGISTERED,4
2024-10-22,DEVICE_STATUS_CHANGED,752
2024-10-22,DEVICE_TRANSFERRED,649
2024-10-22,MAINTENANCE_COMPLETED,1098
2024-10-22,REPAIR_COMPLETED,780
2024-10-23,DEVICE_DISPOSED,20
2024-10-23,DEVICE_RECEIVED,110
2024-10-23,DEVICE_REGISTERED,5
2024-10-23,DEVICE_STATUS_CHANGED,705
2024-10-23,DEVICE_TRANSFERRED,651
2024-10-23,MAINTENANCE_COMPLETED,1165
2024-10-23,REPAIR_COMPLETED,808
2024-10-24,DEVICE_DISPOSED,30
2024-10-24,DEVICE_RECEIVED,129
2024-10-24,DEVICE_REGISTERED,8
2024-10-24,DEVICE_STATUS_CHANGED,701
2024-10-24,DEVICE_TRANSFERRED,651
2024-10-24,MAINTENANCE_COMPLETED,1099
2024-10-24,REPAIR_COMPLETED,807
2024-10-25,DEVICE_DISPOSED,23
2024-10-25,DEVICE_RECEIVED,127
2024-10-25,DEVICE_REGISTERED,7
2024-10-25,DEVICE_STATUS_CHANGED,782
2024-10-25,DEVICE_TRANSFERRED,653
2024-10-25,MAINTENANCE_COMPLETED,1185
2024-10-25,REPAIR_COMPLETED,751
2024-10-26,DEVICE_DISPOSED,24
2024-10-26,DEVICE_RECEIVED,139
2024-10-26,DEVICE_REGISTERED,12
2024-10-26,DEVICE_STATUS_CHANGED,720
2024-10-26,DEVICE_TRANSFERRED,687
2024-10-26,MAINTENANCE_COMPLETED,1081
2024-10-26,REPAIR_COMPLETED,720
2024-10-27,DEVICE_DISPOSED,28
2024-10-27,DEVICE_RECEIVED,130
2024-10-27,DEVICE_REGISTERED,9
2024-10-27,DEVICE_STATUS_CHANGED,736
2024-10-27,DEVICE_TRANSFERRED,670
2024-10-27,MAINTENANCE_COMPLETED,1126
2024-10-27,REPAIR_COMPLETED,762
2024-10-28,DEVICE_DISPOSED,23
2024-10-28,DEVICE_RECEIVED,122
2024-10-28,DEVICE_REGISTERED,8
2024-10-28,DEVICE_STATUS_CHANGED,717
2024-10-28,DEVICE_TRANSFERRED,635
2024-10-28,MAINTENANCE_COMPLETED,1088
2024-10-28,REPAIR_COMPLETED,755
2024-10-29,DEVICE_DISPOSED,19
2024-10-29,DEVICE_RECEIVED,124
2024-10-29,DEVICE_REGISTERED,8
2024-10-29,DEVICE_STATUS_CHANGED,743
2024-10-29,DEVICE_TRANSFERRED,663
2024-10-29,MAINTENANCE_COMPLETED,1072
2024-10-29,REPAIR_COMPLETED,789
2024-10-30,DEVICE_DISPOSED,24
2024-10-30,DEVICE_RECEIVED,117
2024-10-30,DEVICE_STATUS_CHANGED,767
2024-10-30,DEVICE_TRANSFERRED,652
2024-10-30,MAINTENANCE_COMPLETED,1116
2024-10-30,REPAIR_COMPLETED,790
2024-10-31,DEVICE_DISPOSED,25
2024-10-31,DEVICE_RECEIVED,133
2024-10-31,DEVICE_REGISTERED,7
2024-10-31,DEVICE_STATUS_CHANGED,745
2024-10-31,DEVICE_TRANSFERRED,650
2024-10-31,MAINTENANCE_COMPLETED,1100
2024-10-31,REPAIR_COMPLETED,785
2024-11-01,DEVICE_DISPOSED,15
2024-11-01,DEVICE_RECEIVED,132
2024-11-01,DEVICE_REGISTERED,11
2024-11-01,DEVICE_STATUS_CHANGED,699
2024-11-01,DEVICE_TRANSFERRED,641
2024-11-01,MAINTENANCE_COMPLETED,1131
2024-11-01,REPAIR_COMPLETED,769
2024-11-02,DEVICE_DISPOSED,15
2024-11-02,DEVICE_RECEIVED,127
2024-11-02,DEVICE_REGISTERED,10
2024-11-02,DEVICE_STATUS_CHANGED,749
2024-11-02,DEVICE_TRANSFERRED,695
2024-11-02,MAINTENANCE_COMPLETED,1106
2024-11-02,REPAIR_COMPLETED,793
2024-11-03,DEVICE_DISPOSED,20
2024-11-03,DEVICE_RECEIVED,128
2024-11-03,DEVICE_REGISTERED,2
2024-11-03,DEVICE_STATUS_CHANGED,718
2024-11-03,DEVICE_TRANSFERRED,657
2024-11-03,MAINTENANCE_COMPLETED,1128
2024-11-03,REPAIR_COMPLETED,742
2024-11-04,DEVICE_DISPOSED,25
2024-11-04,DEVICE_RECEIVED,154
2024-11-04,DEVICE_REGISTERED,9
2024-11-04,DEVICE_STATUS_CHANGED,751
2024-11-04,DEVICE_TRANSFERRED,643
2024-11-04,MAINTENANCE_COMPLETED,1099
2024-11-04,REPAIR_COMPLETED,735
2024-11-05,DEVICE_DISPOSED,23
2024-11-05,DEVICE_RECEIVED,131
2024-11-05,DEVICE_REGISTERED,13
2024-11-05,DEVICE_STATUS_CHANGED,711
2024-11-05,DEVICE_TRANSFERRED,697
2024-11-05,MAINTENANCE_COMPLETED,1102
2024-11-05,REPAIR_COMPLETED,709
2024-11-06,DEVICE_DISPOSED,21
2024-11-06,DEVICE_RECEIVED,139
2024-11-06,DEVICE_REGISTERED,5
2024-11-06,DEVICE_STATUS_CHANGED,724
2024-11-06,DEVICE_TRANSFERRED,693
2024-11-06,MAINTENANCE_COMPLETED,1145
2024-11-06,REPAIR_COMPLETED,800
2024-11-07,DEVICE_DISPOSED,18
2024-11-07,DEVICE_RECEIVED,146
2024-11-07,DEVICE_REGISTERED,4
2024-11-07,DEVICE_STATUS_CHANGED,791
2024-11-07,DEVICE_TRANSFERRED,664
2024-11-07,MAINTENANCE_COMPLETED,1060
2024-11-07,REPAIR_COMPLETED,751
2024-11-08,DEVICE_DISPOSED,22
2024-11-08,DEVICE_RECEIVED,135
2024-11-08,DEVICE_REGISTERED,11
2024-11-08,DEVICE_STATUS_CHANGED,730
2024-11-08,DEVICE_TRANSFERRED,643
2024-11-08,MAINTENANCE_COMPLETED,1128
2024-11-08,REPAIR_COMPLETED,745
2024-11-09,DEVICE_DISPOSED,20
2024-11-09,DEVICE_RECEIVED,127
2024-11-09,DEVICE_REGISTERED,6
2024-11-09,DEVICE_STATUS_CHANGED,716
2024-11-09,DEVICE_TRANSFERRED,667
2024-11-09,MAINTENANCE_COMPLETED,1079
2024-11-09,REPAIR_COMPLETED,761
2024-11-10,DEVICE_DISPOSED,18
2024-11-10,DEVICE_RECEIVED,138
2024-11-10,DEVICE_REGISTERED,7
2024-11-10,DEVICE_STATUS_CHANGED,727
2024-11-10,DEVICE_TRANSFERRED,648
2024-11-10,MAINTENANCE_COMPLETED,1067
2024-11-10,REPAIR_COMPLETED,766
2024-11-11,DEVICE_DISPOSED,21
2024-11-11,DEVICE_RECEIVED,137
2024-11-11,DEVICE_REGISTERED,8
2024-11-11,DEVICE_STATUS_CHANGED,736
2024-11-11,DEVICE_TRANSFERRED,687
2024-11-11,MAINTENANCE_COMPLETED,1029
2024-11-11,REPAIR_COMPLETED,766
2024-11-12,DEVICE_DISPOSED,22
2024-11-12,DEVICE_RECEIVED,126
2024-11-12,DEVICE_REGISTERED,7
2024-11-12,DEVICE_STATUS_CHANGED,734
2024-11-12,DEVICE_TRANSFERRED,663
2024-11-12,MAINTENANCE_COMPLETED,1135
2024-11-12,REPAIR_COMPLETED,789
2024-11-13,DEVICE_DISPOSED,15
2024-11-13,DEVICE_RECEIVED,138
2024-11-13,DEVICE_REGISTERED,9
2024-11-13,DEVICE_STATUS_CHANGED,695
2024-11-13,DEVICE_TRANSFERRED,640
2024-11-13,MAINTENANCE_COMPLETED,1059
2024-11-13,REPAIR_COMPLETED,766
2024-11-14,DEVICE_DISPOSED,24
2024-11-14,DEVICE_RECEIVED,121
2024-11-14,DEVICE_REGISTERED,11
2024-11-14,DEVICE_STATUS_CHANGED,718
2024-11-14,DEVICE_TRANSFERRED,665
2024-11-14,MAINTENANCE_COMPLETED,1175
2024-11-14,REPAIR_COMPLETED,765
2024-11-15,DEVICE_DISPOSED,26
2024-11-15,DEVICE_RECEIVED,133
2024-11-15,DEVICE_REGISTERED,8
2024-11-15,DEVICE_STATUS_CHANGED,742
2024-11-15,DEVICE_TRANSFERRED,661
2024-11-15,MAINTENANCE_COMPLETED,1124
2024-11-15,REPAIR_COMPLETED,793
2024-11-16,DEVICE_DISPOSED,21
2024-11-16,DEVICE_RECEIVED,130
2024-11-16,DEVICE_REGISTERED,6
2024-11-16,DEVICE_STATUS_CHANGED,703
2024-11-16,DEVICE_TRANSFERRED,701
2024-11-16,MAINTENANCE_COMPLETED,1114
2024-11-16,REPAIR_COMPLETED,794
2024-11-17,DEVICE_DISPOSED,19
2024-11-17,DEVICE_RECEIVED,129
2024-11-17,DEVICE_REGISTERED,7
2024-11-17,DEVICE_STATUS_CHANGED,704
2024-11-17,DEVICE_TRANSFERRED,626
2024-11-17,MAINTENANCE_COMPLETED,1093
2024-11-17,REPAIR_COMPLETED,816
2024-11-18,DEVICE_DISPOSED,30
2024-11-18,DEVICE_RECEIVED,116
2024-11-18,DEVICE_REGISTERED,5
2024-11-18,DEVICE_STATUS_CHANGED,715
2024-11-18,DEVICE_TRANSFERRED,637
2024-11-18,MAINTENANCE_COMPLETED,1116
2024-11-18,REPAIR_COMPLETED,760
2024-11-19,DEVICE_DISPOSED,18
2024-11-19,DEVICE_RECEIVED,130
2024-11-19,DEVICE_REGISTERED,6
2024-11-19,DEVICE_STATUS_CHANGED,754
2024-11-19,DEVICE_TRANSFERRED,659
2024-11-19,MAINTENANCE_COMPLETED,1094
2024-11-19,REPAIR_COMPLETED,703
2024-11-20,DEVICE_DISPOSED,20
2024-11-20,DEVICE_RECEIVED,131
2024-11-20,DEVICE_REGISTERED,6
2024-11-20,DEVICE_STATUS_CHANGED,750
2024-11-20,DEVICE_TRANSFERRED,677
2024-11-20,MAINTENANCE_COMPLETED,1145
2024-11-20,REPAIR_COMPLETED,754
2024-11-21,DEVICE_DISPOSED,24
2024-11-21,DEVICE_RECEIVED,120
2024-11-21,DEVICE_REGISTERED,3
2024-11-21,DEVICE_STATUS_CHANGED,751
2024-11-21,DEVICE_TRANSFERRED,674
2024-11-21,MAINTENANCE_COMPLETED,1088
2024-11-21,REPAIR_COMPLETED,820
2024-11-22,DEVICE_DISPOSED,26
2024-11-22,DEVICE_RECEIVED,133
2024-11-22,DEVICE_REGISTERED,10
2024-11-22,DEVICE_STATUS_CHANGED,756
2024-11-22,DEVICE_TRANSFERRED,629
2024-11-22,MAINTENANCE_COMPLETED,1096
2024-11-22,REPAIR_COMPLETED,743
2024-11-23,DEVICE_DISPOSED,17
2024-11-23,DEVICE_RECEIVED,132
2024-11-23,DEVICE_REGISTERED,4
2024-11-23,DEVICE_STATUS_CHANGED,757
2024-11-23,DEVICE_TRANSFERRED,606
2024-11-23,MAINTENANCE_COMPLETED,1024
2024-11-23,REPAIR_COMPLETED,721
2024-11-24,DEVICE_DISPOSED,19
2024-11-24,DEVICE_RECEIVED,139
2024-11-24,DEVICE_REGISTERED,5
2024-11-24,DEVICE_STATUS_CHANGED,755
2024-11-24,DEVICE_TRANSFERRED,608
2024-11-24,MAINTENANCE_COMPLETED,1103
2024-11-24,REPAIR_COMPLETED,769
2024-11-25,DEVICE_DISPOSED,36
2024-11-25,DEVICE_RECEIVED,114
2024-11-25,DEVICE_REGISTERED,7
2024-11-25,DEVICE_STATUS_CHANGED,731
2024-11-25,DEVICE_TRANSFERRED,680
2024-11-25,MAINTENANCE_COMPLETED,1095
2024-11-25,REPAIR_COMPLETED,797
2024-11-26,DEVICE_DISPOSED,20
2024-11-26,DEVICE_RECEIVED,135
2024-11-26,DEVICE_REGISTERED,3
2024-11-26,DEVICE_STATUS_CHANGED,737
2024-11-26,DEVICE_TRANSFERRED,690
2024-11-26,MAINTENANCE_COMPLETED,1087
2024-11-26,REPAIR_COMPLETED,792
2024-11-27,DEVICE_DISPOSED,21
2024-11-27,DEVICE_RECEIVED,103
2024-11-27,DEVICE_REGISTERED,4
2024-11-27,DEVICE_STATUS_CHANGED,696
2024-11-27,DEVICE_TRANSFERRED,678
2024-11-27,MAINTENANCE_COMPLETED,1067
2024-11-27,REPAIR_COMPLETED,733
2024-11-28,DEVICE_DISPOSED,18
2024-11-28,DEVICE_RECEIVED,132
2024-11-28,DEVICE_REGISTERED,11
2024-11-28,DEVICE_STATUS_CHANGED,762
2024-11-28,DEVICE_TRANSFERRED,673
2024-11-28,MAINTENANCE_COMPLETED,1098
2024-11-28,REPAIR_COMPLETED,777
2024-11-29,DEVICE_DISPOSED,22
2024-11-29,DEVICE_RECEIVED,132
2024-11-29,DEVICE_REGISTERED,8
2024-11-29,DEVICE_STATUS_CHANGED,725
2024-11-29,DEVICE_TRANSFERRED,669
2024-11-29,MAINTENANCE_COMPLETED,1070
2024-11-29,REPAIR_COMPLETED,778
2024-11-30,DEVICE_DISPOSED,11
2024-11-30,DEVICE_RECEIVED,138
2024-11-30,DEVICE_REGISTERED,8
2024-11-30,DEVICE_STATUS_CHANGED,741
2024-11-30,DEVICE_TRANSFERRED,585
2024-11-30,MAINTENANCE_COMPLETED,1099
2024-11-30,REPAIR_COMPLETED,763
2024-12-01,DEVICE_DISPOSED,23
2024-12-01,DEVICE_RECEIVED,130
2024-12-01,DEVICE_REGISTERED,10
2024-12-01,DEVICE_STATUS_CHANGED,734
2024-12-01,DEVICE_TRANSFERRED,696
2024-12-01,MAINTENANCE_COMPLETED,1072
2024-12-01,REPAIR_COMPLETED,758
2024-12-02,DEVICE_DISPOSED,22
2024-12-02,DEVICE_RECEIVED,113
2024-12-02,DEVICE_REGISTERED,12
2024-12-02,DEVICE_STATUS_CHANGED,759
2024-12-02,DEVICE_TRANSFERRED,689
2024-12-02,MAINTENANCE_COMPLETED,1127
2024-12-02,REPAIR_COMPLETED,739
2024-12-03,DEVICE_DISPOSED,19
2024-12-03,DEVICE_RECEIVED,151
2024-12-03,DEVICE_REGISTERED,5
2024-12-03,DEVICE_STATUS_CHANGED,720
2024-12-03,DEVICE_TRANSFERRED,672
2024-12-03,MAINTENANCE_COMPLETED,1106
2024-12-03,REPAIR_COMPLETED,825
2024-12-04,DEVICE_DISPOSED,20
2024-12-04,DEVICE_RECEIVED,144
2024-12-04,DEVICE_REGISTERED,5
2024-12-04,DEVICE_STATUS_CHANGED,737
2024-12-04,DEVICE_TRANSFERRED,619
2024-12-04,MAINTENANCE_COMPLETED,1106
2024-12-04,REPAIR_COMPLETED,754
2024-12-05,DEVICE_DISPOSED,25
2024-12-05,DEVICE_RECEIVED,132
2024-12-05,DEVICE_REGISTERED,9
2024-12-05,DEVICE_STATUS_CHANGED,719
2024-12-05,DEVICE_TRANSFERRED,648
2024-12-05,MAINTENANCE_COMPLETED,1150
2024-12-05,REPAIR_COMPLETED,761
2024-12-06,DEVICE_DISPOSED,15
2024-12-06,DEVICE_RECEIVED,135
2024-12-06,DEVICE_REGISTERED,10
2024-12-06,DEVICE_STATUS_CHANGED,699
2024-12-06,DEVICE_TRANSFERRED,647
2024-12-06,MAINTENANCE_COMPLETED,1105
2024-12-06,REPAIR_COMPLETED,757
2024-12-07,DEVICE_DISPOSED,24
2024-12-07,DEVICE_RECEIVED,129
2024-12-07,DEVICE_REGISTERED,6
2024-12-07,DEVICE_STATUS_CHANGED,770
2024-12-07,DEVICE_TRANSFERRED,721
2024-12-07,MAINTENANCE_COMPLETED,1089
2024-12-07,REPAIR_COMPLETED,744
2024-12-08,DEVICE_DISPOSED,23
2024-12-08,DEVICE_RECEIVED,156
2024-12-08,DEVICE_REGISTERED,9
2024-12-08,DEVICE_STATUS_CHANGED,717
2024-12-08,DEVICE_TRANSFERRED,646
2024-12-08,MAINTENANCE_COMPLETED,1075
2024-12-08,REPAIR_COMPLETED,779
2024-12-09,DEVICE_DISPOSED,11
2024-12-09,DEVICE_RECEIVED,133
2024-12-09,DEVICE_REGISTERED,8
2024-12-09,DEVICE_STATUS_CHANGED,734
2024-12-09,DEVICE_TRANSFERRED,660
2024-12-09,MAINTENANCE_COMPLETED,1121
2024-12-09,REPAIR_COMPLETED,776
2024-12-10,DEVICE_DISPOSED,21
2024-12-10,DEVICE_RECEIVED,133
2024-12-10,DEVICE_REGISTERED,10
2024-12-10,DEVICE_STATUS_CHANGED,789
2024-12-10,DEVICE_TRANSFERRED,662
2024-12-10,MAINTENANCE_COMPLETED,1109
2024-12-10,REPAIR_COMPLETED,763
2024-12-11,DEVICE_DISPOSED,24
2024-12-11,DEVICE_RECEIVED,116
2024-12-11,DEVICE_REGISTERED,14
2024-12-11,DEVICE_STATUS_CHANGED,731
2024-12-11,DEVICE_TRANSFERRED,703
2024-12-11,MAINTENANCE_COMPLETED,1038
2024-12-11,REPAIR_COMPLETED,780
2024-12-12,DEVICE_DISPOSED,26
2024-12-12,DEVICE_RECEIVED,125
2024-12-12,DEVICE_REGISTERED,7
2024-12-12,DEVICE_STATUS_CHANGED,719
2024-12-12,DEVICE_TRANSFERRED,614
2024-12-12,MAINTENANCE_COMPLETED,1102
2024-12-12,REPAIR_COMPLETED,819
2024-12-13,DEVICE_DISPOSED,16
2024-12-13,DEVICE_RECEIVED,140
2024-12-13,DEVICE_REGISTERED,5
2024-12-13,DEVICE_STATUS_CHANGED,711
2024-12-13,DEVICE_TRANSFERRED,708
2024-12-13,MAINTENANCE_COMPLETED,1169
2024-12-13,REPAIR_COMPLETED,762
2024-12-14,DEVICE_DISPOSED,16
2024-12-14,DEVICE_RECEIVED,144
2024-12-14,DEVICE_REGISTERED,13
2024-12-14,DEVICE_STATUS_CHANGED,777
2024-12-14,DEVICE_TRANSFERRED,665
2024-12-14,MAINTENANCE_COMPLETED,1077
2024-12-14,REPAIR_COMPLETED,736
2024-12-15,DEVICE_DISPOSED,21
2024-12-15,DEVICE_RECEIVED,120
2024-12-15,DEVICE_REGISTERED,5
2024-12-15,DEVICE_STATUS_CHANGED,778
2024-12-15,DEVICE_TRANSFERRED,665
2024-12-15,MAINTENANCE_COMPLETED,1066
2024-12-15,REPAIR_COMPLETED,818
2024-12-16,DEVICE_DISPOSED,16
2024-12-16,DEVICE_RECEIVED,143
2024-12-16,DEVICE_REGISTERED,11
2024-12-16,DEVICE_STATUS_CHANGED,713
2024-12-16,DEVICE_TRANSFERRED,654
2024-12-16,MAINTENANCE_COMPLETED,1107
2024-12-16,REPAIR_COMPLETED,780
2024-12-17,DEVICE_DISPOSED,28
2024-12-17,DEVICE_RECEIVED,152
2024-12-17,DEVICE_REGISTERED,5
2024-12-17,DEVICE_STATUS_CHANGED,716
2024-12-17,DEVICE_TRANSFERRED,658
2024-12-17,MAINTENANCE_COMPLETED,1126
2024-12-17,REPAIR_COMPLETED,790
2024-12-18,DEVICE_DISPOSED,20
2024-12-18,DEVICE_RECEIVED,134
2024-12-18,DEVICE_REGISTERED,4
2024-12-18,DEVICE_STATUS_CHANGED,758
2024-12-18,DEVICE_TRANSFERRED,715
2024-12-18,MAINTENANCE_COMPLETED,1070
2024-12-18,REPAIR_COMPLETED,751
2024-12-19,DEVICE_DISPOSED,21
2024-12-19,DEVICE_RECEIVED,134
2024-12-19,DEVICE_REGISTERED,9
2024-12-19,DEVICE_STATUS_CHANGED,731
2024-12-19,DEVICE_TRANSFERRED,658
2024-12-19,MAINTENANCE_COMPLETED,1096
2024-12-19,REPAIR_COMPLETED,779
2024-12-20,DEVICE_DISPOSED,25
2024-12-20,DEVICE_RECEIVED,131
2024-12-20,DEVICE_REGISTERED,11
2024-12-20,DEVICE_STATUS_CHANGED,746
2024-12-20,DEVICE_TRANSFERRED,647
2024-12-20,MAINTENANCE_COMPLETED,1114
2024-12-20,REPAIR_COMPLETED,750
2024-12-21,DEVICE_DISPOSED,19
2024-12-21,DEVICE_RECEIVED,117
2024-12-21,DEVICE_REGISTERED,3
2024-12-21,DEVICE_STATUS_CHANGED,797
2024-12-21,DEVICE_TRANSFERRED,652
2024-12-21,MAINTENANCE_COMPLETED,1111
2024-12-21,REPAIR_COMPLETED,765
2024-12-22,DEVICE_DISPOSED,25
2024-12-22,DEVICE_RECEIVED,144
2024-12-22,DEVICE_REGISTERED,9
2024-12-22,DEVICE_STATUS_CHANGED,727
2024-12-22,DEVICE_TRANSFERRED,656
2024-12-22,MAINTENANCE_COMPLETED,1069
2024-12-22,REPAIR_COMPLETED,796
2024-12-23,DEVICE_DISPOSED,24
2024-12-23,DEVICE_RECEIVED,131
2024-12-23,DEVICE_REGISTERED,4
2024-12-23,DEVICE_STATUS_CHANGED,758
2024-12-23,DEVICE_TRANSFERRED,694
2024-12-23,MAINTENANCE_COMPLETED,1071
2024-12-23,REPAIR_COMPLETED,772
2024-12-24,DEVICE_DISPOSED,31
2024-12-24,DEVICE_RECEIVED,112
2024-12-24,DEVICE_REGISTERED,6
2024-12-24,DEVICE_STATUS_CHANGED,779
2024-12-24,DEVICE_TRANSFERRED,645
2024-12-24,MAINTENANCE_COMPLETED,1020
2024-12-24,REPAIR_COMPLETED,769
2024-12-25,DEVICE_DISPOSED,20
2024-12-25,DEVICE_RECEIVED,129
2024-12-25,DEVICE_REGISTERED,2
2024-12-25,DEVICE_STATUS_CHANGED,726
2024-12-25,DEVICE_TRANSFERRED,657
2024-12-25,MAINTENANCE_COMPLETED,1094
2024-12-25,REPAIR_COMPLETED,791
2024-12-26,DEVICE_DISPOSED,16
2024-12-26,DEVICE_RECEIVED,129
2024-12-26,DEVICE_REGISTERED,7
2024-12-26,DEVICE_STATUS_CHANGED,779
2024-12-26,DEVICE_TRANSFERRED,655
2024-12-26,MAINTENANCE_COMPLETED,1161
2024-12-26,REPAIR_COMPLETED,749
2024-12-27,DEVICE_DISPOSED,23
2024-12-27,DEVICE_RECEIVED,117
2024-12-27,DEVICE_REGISTERED,10
2024-12-27,DEVICE_STATUS_CHANGED,750
2024-12-27,DEVICE_TRANSFERRED,658
2024-12-27,MAINTENANCE_COMPLETED,1110
2024-12-27,REPAIR_COMPLETED,768
2024-12-28,DEVICE_DISPOSED,19
2024-12-28,DEVICE_RECEIVED,157
2024-12-28,DEVICE_REGISTERED,7
2024-12-28,DEVICE_STATUS_CHANGED,726
2024-12-28,DEVICE_TRANSFERRED,657
2024-12-28,MAINTENANCE_COMPLETED,1134
2024-12-28,REPAIR_COMPLETED,816
2024-12-29,DEVICE_DISPOSED,23
2024-12-29,DEVICE_RECEIVED,146
2024-12-29,DEVICE_REGISTERED,7
2024-12-29,DEVICE_STATUS_CHANGED,720
2024-12-29,DEVICE_TRANSFERRED,687
2024-12-29,MAINTENANCE_COMPLETED,1091
2024-12-29,REPAIR_COMPLETED,788
2024-12-30,DEVICE_DISPOSED,18
2024-12-30,DEVICE_RECEIVED,134
2024-12-30,DEVICE_REGISTERED,7
2024-12-30,DEVICE_STATUS_CHANGED,767
2024-12-30,DEVICE_TRANSFERRED,681
2024-12-30,MAINTENANCE_COMPLETED,1141
2024-12-30,REPAIR_COMPLETED,714
2024-12-31,DEVICE_DISPOSED,22
2024-12-31,DEVICE_RECEIVED,132
2024-12-31,DEVICE_REGISTERED,6
2024-12-31,DEVICE_STATUS_CHANGED,769
2024-12-31,DEVICE_TRANSFERRED,661
2024-12-31,MAINTENANCE_COMPLETED,1058
2024-12-31,REPAIR_COMPLETED,803
2025-01-01,DEVICE_DISPOSED,18
2025-01-01,DEVICE_RECEIVED,151
2025-01-01,DEVICE_REGISTERED,6
2025-01-01,DEVICE_STATUS_CHANGED,749
2025-01-01,DEVICE_TRANSFERRED,656
2025-01-01,MAINTENANCE_COMPLETED,1117
2025-01-01,REPAIR_COMPLETED,776
2025-01-02,DEVICE_DISPOSED,22
2025-01-02,DEVICE_RECEIVED,136
2025-01-02,DEVICE_REGISTERED,8
2025-01-02,DEVICE_STATUS_CHANGED,718
2025-01-02,DEVICE_TRANSFERRED,631
2025-01-02,MAINTENANCE_COMPLETED,1056
2025-01-02,REPAIR_COMPLETED,788
2025-01-03,DEVICE_DISPOSED,27
2025-01-03,DEVICE_RECEIVED,160
2025-01-03,DEVICE_REGISTERED,7
2025-01-03,DEVICE_STATUS_CHANGED,792
2025-01-03,DEVICE_TRANSFERRED,663
2025-01-03,MAINTENANCE_COMPLETED,1112
2025-01-03,REPAIR_COMPLETED,746
2025-01-04,DEVICE_DISPOSED,13
2025-01-04,DEVICE_RECEIVED,155
2025-01-04,DEVICE_REGISTERED,6
2025-01-04,DEVICE_STATUS_CHANGED,738
2025-01-04,DEVICE_TRANSFERRED,612
2025-01-04,MAINTENANCE_COMPLETED,1074
2025-01-04,REPAIR_COMPLETED,812
2025-01-05,DEVICE_DISPOSED,20
2025-01-05,DEVICE_RECEIVED,142
2025-01-05,DEVICE_REGISTERED,4
2025-01-05,DEVICE_STATUS_CHANGED,727
2025-01-05,DEVICE_TRANSFERRED,623
2025-01-05,MAINTENANCE_COMPLETED,1115
2025-01-05,REPAIR_COMPLETED,754
2025-01-06,DEVICE_DISPOSED,25
2025-01-06,DEVICE_RECEIVED,118
2025-01-06,DEVICE_REGISTERED,4
2025-01-06,DEVICE_STATUS_CHANGED,765
2025-01-06,DEVICE_TRANSFERRED,672
2025-01-06,MAINTENANCE_COMPLETED,1065
2025-01-06,REPAIR_COMPLETED,770
2025-01-07,DEVICE_DISPOSED,32
2025-01-07,DEVICE_RECEIVED,138
2025-01-07,DEVICE_REGISTERED,9
2025-01-07,DEVICE_STATUS_CHANGED,753
2025-01-07,DEVICE_TRANSFERRED,669
2025-01-07,MAINTENANCE_COMPLETED,1118
2025-01-07,REPAIR_COMPLETED,791
2025-01-08,DEVICE_DISPOSED,16
2025-01-08,DEVICE_RECEIVED,131
2025-01-08,DEVICE_REGISTERED,7
2025-01-08,DEVICE_STATUS_CHANGED,732
2025-01-08,DEVICE_TRANSFERRED,661
2025-01-08,MAINTENANCE_COMPLETED,1097
2025-01-08,REPAIR_COMPLETED,845
2025-01-09,DEVICE_DISPOSED,19
2025-01-09,DEVICE_RECEIVED,138
2025-01-09,DEVICE_REGISTERED,6
2025-01-09,DEVICE_STATUS_CHANGED,748
2025-01-09,DEVICE_TRANSFERRED,669
2025-01-09,MAINTENANCE_COMPLETED,1156
2025-01-09,REPAIR_COMPLETED,760
2025-01-10,DEVICE_DISPOSED,29
2025-01-10,DEVICE_RECEIVED,124
2025-01-10,DEVICE_REGISTERED,8
2025-01-10,DEVICE_STATUS_CHANGED,779
2025-01-10,DEVICE_TRANSFERRED,661
2025-01-10,MAINTENANCE_COMPLETED,1084
2025-01-10,REPAIR_COMPLETED,797
2025-01-11,DEVICE_DISPOSED,22
2025-01-11,DEVICE_RECEIVED,128
2025-01-11,DEVICE_REGISTERED,7
2025-01-11,DEVICE_STATUS_CHANGED,747
2025-01-11,DEVICE_TRANSFERRED,669
2025-01-11,MAINTENANCE_COMPLETED,1084
2025-01-11,REPAIR_COMPLETED,784
2025-01-12,DEVICE_DISPOSED,20
2025-01-12,DEVICE_RECEIVED,136
2025-01-12,DEVICE_REGISTERED,7
2025-01-12,DEVICE_STATUS_CHANGED,780
2025-01-12,DEVICE_TRANSFERRED,679
2025-01-12,MAINTENANCE_COMPLETED,1093
2025-01-12,REPAIR_COMPLETED,807
2025-01-13,DEVICE_DISPOSED,20
2025-01-13,DEVICE_RECEIVED,123
2025-01-13,DEVICE_REGISTERED,5
2025-01-13,DEVICE_STATUS_CHANGED,723
2025-01-13,DEVICE_TRANSFERRED,671
2025-01-13,MAINTENANCE_COMPLETED,1120
2025-01-13,REPAIR_COMPLETED,764
2025-01-14,DEVICE_DISPOSED,22
2025-01-14,DEVICE_RECEIVED,118
2025-01-14,DEVICE_REGISTERED,4
2025-01-14,DEVICE_STATUS_CHANGED,705
2025-01-14,DEVICE_TRANSFERRED,648
2025-01-14,MAINTENANCE_COMPLETED,1120
2025-01-14,REPAIR_COMPLETED,727
2025-01-15,DEVICE_DISPOSED,20
2025-01-15,DEVICE_RECEIVED,121
2025-01-15,DEVICE_REGISTERED,9
2025-01-15,DEVICE_STATUS_CHANGED,736
2025-01-15,DEVICE_TRANSFERRED,631
2025-01-15,MAINTENANCE_COMPLETED,1045
2025-01-15,REPAIR_COMPLETED,773
2025-01-16,DEVICE_DISPOSED,24
2025-01-16,DEVICE_RECEIVED,150
2025-01-16,DEVICE_REGISTERED,8
2025-01-16,DEVICE_STATUS_CHANGED,772
2025-01-16,DEVICE_TRANSFERRED,668
2025-01-16,MAINTENANCE_COMPLETED,1067
2025-01-16,REPAIR_COMPLETED,746
2025-01-17,DEVICE_DISPOSED,25
2025-01-17,DEVICE_RECEIVED,144
2025-01-17,DEVICE_REGISTERED,11
2025-01-17,DEVICE_STATUS_CHANGED,714
2025-01-17,DEVICE_TRANSFERRED,699
2025-01-17,MAINTENANCE_COMPLETED,1069
2025-01-17,REPAIR_COMPLETED,801
2025-01-18,DEVICE_DISPOSED,26
2025-01-18,DEVICE_RECEIVED,136
2025-01-18,DEVICE_REGISTERED,6
2025-01-18,DEVICE_STATUS_CHANGED,728
2025-01-18,DEVICE_TRANSFERRED,684
2025-01-18,MAINTENANCE_COMPLETED,1189
2025-01-18,REPAIR_COMPLETED,765
2025-01-19,DEVICE_DISPOSED,27
2025-01-19,DEVICE_RECEIVED,126
2025-01-19,DEVICE_REGISTERED,7
2025-01-19,DEVICE_STATUS_CHANGED,724
2025-01-19,DEVICE_TRANSFERRED,655
2025-01-19,MAINTENANCE_COMPLETED,1118
2025-01-19,REPAIR_COMPLETED,775
2025-01-20,DEVICE_DISPOSED,27
2025-01-20,DEVICE_RECEIVED,116
2025-01-20,DEVICE_REGISTERED,5
2025-01-20,DEVICE_STATUS_CHANGED,707
2025-01-20,DEVICE_TRANSFERRED,637
2025-01-20,MAINTENANCE_COMPLETED,1071
2025-01-20,REPAIR_COMPLETED,805
2025-01-21,DEVICE_DISPOSED,19
2025-01-21,DEVICE_RECEIVED,106
2025-01-21,DEVICE_REGISTERED,7
2025-01-21,DEVICE_STATUS_CHANGED,727
2025-01-21,DEVICE_TRANSFERRED,705
2025-01-21,MAINTENANCE_COMPLETED,1102
2025-01-21,REPAIR_COMPLETED,753
2025-01-22,DEVICE_DISPOSED,22
2025-01-22,DEVICE_RECEIVED,143
2025-01-22,DEVICE_REGISTERED,3
2025-01-22,DEVICE_STATUS_CHANGED,763
2025-01-22,DEVICE_TRANSFERRED,670
2025-01-22,MAINTENANCE_COMPLETED,1071
2025-01-22,REPAIR_COMPLETED,744
2025-01-23,DEVICE_DISPOSED,16
2025-01-23,DEVICE_RECEIVED,147
2025-01-23,DEVICE_REGISTERED,7
2025-01-23,DEVICE_STATUS_CHANGED,717
2025-01-23,DEVICE_TRANSFERRED,684
2025-01-23,MAINTENANCE_COMPLETED,1062
2025-01-23,REPAIR_COMPLETED,763
2025-01-24,DEVICE_DISPOSED,21
2025-01-24,DEVICE_RECEIVED,125
2025-01-24,DEVICE_REGISTERED,8
2025-01-24,DEVICE_STATUS_CHANGED,751
2025-01-24,DEVICE_TRANSFERRED,679
2025-01-24,MAINTENANCE_COMPLETED,1112
2025-01-24,REPAIR_COMPLETED,782
2025-01-25,DEVICE_DISPOSED,22
2025-01-25,DEVICE_RECEIVED,108
2025-01-25,DEVICE_REGISTERED,5
2025-01-25,DEVICE_STATUS_CHANGED,759
2025-01-25,DEVICE_TRANSFERRED,645
2025-01-25,MAINTENANCE_COMPLETED,1105
2025-01-25,REPAIR_COMPLETED,769
2025-01-26,DEVICE_DISPOSED,15
2025-01-26,DEVICE_RECEIVED,115
2025-01-26,DEVICE_REGISTERED,11
2025-01-26,DEVICE_STATUS_CHANGED,726
2025-01-26,DEVICE_TRANSFERRED,649
2025-01-26,MAINTENANCE_COMPLETED,1119
2025-01-26,REPAIR_COMPLETED,772
2025-01-27,DEVICE_DISPOSED,24
2025-01-27,DEVICE_RECEIVED,131
2025-01-27,DEVICE_REGISTERED,6
2025-01-27,DEVICE_STATUS_CHANGED,708
2025-01-27,DEVICE_TRANSFERRED,658
2025-01-27,MAINTENANCE_COMPLETED,1051
2025-01-27,REPAIR_COMPLETED,745
2025-01-28,DEVICE_DISPOSED,16
2025-01-28,DEVICE_RECEIVED,123
2025-01-28,DEVICE_REGISTERED,15
2025-01-28,DEVICE_STATUS_CHANGED,734
2025-01-28,DEVICE_TRANSFERRED,695
2025-01-28,MAINTENANCE_COMPLETED,1029
2025-01-28,REPAIR_COMPLETED,755
2025-01-29,DEVICE_DISPOSED,29
2025-01-29,DEVICE_RECEIVED,103
2025-01-29,DEVICE_REGISTERED,10
2025-01-29,DEVICE_STATUS_CHANGED,749
2025-01-29,DEVICE_TRANSFERRED,678
2025-01-29,MAINTENANCE_COMPLETED,1082
2025-01-29,REPAIR_COMPLETED,782
2025-01-30,DEVICE_DISPOSED,14
2025-01-30,DEVICE_RECEIVED,119
2025-01-30,DEVICE_REGISTERED,8
2025-01-30,DEVICE_STATUS_CHANGED,709
2025-01-30,DEVICE_TRANSFERRED,651
2025-01-30,MAINTENANCE_COMPLETED,1120
2025-01-30,REPAIR_COMPLETED,721
2025-01-31,DEVICE_DISPOSED,25
2025-01-31,DEVICE_RECEIVED,153
2025-01-31,DEVICE_REGISTERED,5
2025-01-31,DEVICE_STATUS_CHANGED,775
2025-01-31,DEVICE_TRANSFERRED,654
2025-01-31,MAINTENANCE_COMPLETED,1137
2025-01-31,REPAIR_COMPLETED,772
2025-02-01,DEVICE_DISPOSED,34
2025-02-01,DEVICE_RECEIVED,163
2025-02-01,DEVICE_REGISTERED,4
2025-02-01,DEVICE_STATUS_CHANGED,751
2025-02-01,DEVICE_TRANSFERRED,663
2025-02-01,MAINTENANCE_COMPLETED,1110
2025-02-01,REPAIR_COMPLETED,772
2025-02-02,DEVICE_DISPOSED,19
2025-02-02,DEVICE_RECEIVED,117
2025-02-02,DEVICE_REGISTERED,8
2025-02-02,DEVICE_STATUS_CHANGED,769
2025-02-02,DEVICE_TRANSFERRED,621
2025-02-02,MAINTENANCE_COMPLETED,1132
2025-02-02,REPAIR_COMPLETED,751
2025-02-03,DEVICE_DISPOSED,19
2025-02-03,DEVICE_RECEIVED,154
2025-02-03,DEVICE_REGISTERED,8
2025-02-03,DEVICE_STATUS_CHANGED,743
2025-02-03,DEVICE_TRANSFERRED,660
2025-02-03,MAINTENANCE_COMPLETED,1061
2025-02-03,REPAIR_COMPLETED,789
2025-02-04,DEVICE_DISPOSED,26
2025-02-04,DEVICE_RECEIVED,136
2025-02-04,DEVICE_REGISTERED,8
2025-02-04,DEVICE_STATUS_CHANGED,717
2025-02-04,DEVICE_TRANSFERRED,694
2025-02-04,MAINTENANCE_COMPLETED,1127
2025-02-04,REPAIR_COMPLETED,763
2025-02-05,DEVICE_DISPOSED,28
2025-02-05,DEVICE_RECEIVED,117
2025-02-05,DEVICE_REGISTERED,8
2025-02-05,DEVICE_STATUS_CHANGED,759
2025-02-05,DEVICE_TRANSFERRED,660
2025-02-05,MAINTENANCE_COMPLETED,1111
2025-02-05,REPAIR_COMPLETED,730
2025-02-06,DEVICE_DISPOSED,24
2025-02-06,DEVICE_RECEIVED,115
2025-02-06,DEVICE_REGISTERED,8
2025-02-06,DEVICE_STATUS_CHANGED,775
2025-02-06,DEVICE_TRANSFERRED,653
2025-02-06,MAINTENANCE_COMPLETED,1154
2025-02-06,REPAIR_COMPLETED,760
2025-02-07,DEVICE_DISPOSED,14
2025-02-07,DEVICE_RECEIVED,132
2025-02-07,DEVICE_REGISTERED,10
2025-02-07,DEVICE_STATUS_CHANGED,744
2025-02-07,DEVICE_TRANSFERRED,648
2025-02-07,MAINTENANCE_COMPLETED,1101
2025-02-07,REPAIR_COMPLETED,781
2025-02-08,DEVICE_DISPOSED,19
2025-02-08,DEVICE_RECEIVED,136
2025-02-08,DEVICE_REGISTERED,11
2025-02-08,DEVICE_STATUS_CHANGED,753
2025-02-08,DEVICE_TRANSFERRED,605
2025-02-08,MAINTENANCE_COMPLETED,1075
2025-02-08,REPAIR_COMPLETED,819
2025-02-09,DEVICE_DISPOSED,18
2025-02-09,DEVICE_RECEIVED,136
2025-02-09,DEVICE_REGISTERED,5
2025-02-09,DEVICE_STATUS_CHANGED,722
2025-02-09,DEVICE_TRANSFERRED,666
2025-02-09,MAINTENANCE_COMPLETED,1125
2025-02-09,REPAIR_COMPLETED,778
2025-02-10,DEVICE_DISPOSED,19
2025-02-10,DEVICE_RECEIVED,129
2025-02-10,DEVICE_REGISTERED,6
2025-02-10,DEVICE_STATUS_CHANGED,756
2025-02-10,DEVICE_TRANSFERRED,660
2025-02-10,MAINTENANCE_COMPLETED,1075
2025-02-10,REPAIR_COMPLETED,757
2025-02-11,DEVICE_DISPOSED,18
2025-02-11,DEVICE_RECEIVED,127
2025-02-11,DEVICE_REGISTERED,10
2025-02-11,DEVICE_STATUS_CHANGED,801
2025-02-11,DEVICE_TRANSFERRED,652
2025-02-11,MAINTENANCE_COMPLETED,1069
2025-02-11,REPAIR_COMPLETED,756
2025-02-12,DEVICE_DISPOSED,28
2025-02-12,DEVICE_RECEIVED,126
2025-02-12,DEVICE_REGISTERED,6
2025-02-12,DEVICE_STATUS_CHANGED,747
2025-02-12,DEVICE_TRANSFERRED,635
2025-02-12,MAINTENANCE_COMPLETED,1070
2025-02-12,REPAIR_COMPLETED,786
2025-02-13,DEVICE_DISPOSED,26
2025-02-13,DEVICE_RECEIVED,135
2025-02-13,DEVICE_REGISTERED,6
2025-02-13,DEVICE_STATUS_CHANGED,716
2025-02-13,DEVICE_TRANSFERRED,688
2025-02-13,MAINTENANCE_COMPLETED,1077
2025-02-13,REPAIR_COMPLETED,763
2025-02-14,DEVICE_DISPOSED,22
2025-02-14,DEVICE_RECEIVED,137
2025-02-14,DEVICE_REGISTERED,7
2025-02-14,DEVICE_STATUS_CHANGED,750
2025-02-14,DEVICE_TRANSFERRED,714
2025-02-14,MAINTENANCE_COMPLETED,1098
2025-02-14,REPAIR_COMPLETED,753
2025-02-15,DEVICE_DISPOSED,21
2025-02-15,DEVICE_RECEIVED,131
2025-02-15,DEVICE_REGISTERED,10
2025-02-15,DEVICE_STATUS_CHANGED,731
2025-02-15,DEVICE_TRANSFERRED,665
2025-02-15,MAINTENANCE_COMPLETED,1095
2025-02-15,REPAIR_COMPLETED,777
2025-02-16,DEVICE_DISPOSED,29
2025-02-16,DEVICE_RECEIVED,130
2025-02-16,DEVICE_REGISTERED,6
2025-02-16,DEVICE_STATUS_CHANGED,702
2025-02-16,DEVICE_TRANSFERRED,689
2025-02-16,MAINTENANCE_COMPLETED,1044
2025-02-16,REPAIR_COMPLETED,737
2025-02-17,DEVICE_DISPOSED,25
2025-02-17,DEVICE_RECEIVED,126
2025-02-17,DEVICE_REGISTERED,6
2025-02-17,DEVICE_STATUS_CHANGED,738
2025-02-17,DEVICE_TRANSFERRED,705
2025-02-17,MAINTENANCE_COMPLETED,1162
2025-02-17,REPAIR_COMPLETED,782
2025-02-18,DEVICE_DISPOSED,19
2025-02-18,DEVICE_RECEIVED,147
2025-02-18,DEVICE_REGISTERED,10
2025-02-18,DEVICE_STATUS_CHANGED,761
2025-02-18,DEVICE_TRANSFERRED,657
2025-02-18,MAINTENANCE_COMPLETED,1096
2025-02-18,REPAIR_COMPLETED,755
2025-02-19,DEVICE_DISPOSED,18
2025-02-19,DEVICE_RECEIVED,142
2025-02-19,DEVICE_REGISTERED,6
2025-02-19,DEVICE_STATUS_CHANGED,750
2025-02-19,DEVICE_TRANSFERRED,642
2025-02-19,MAINTENANCE_COMPLETED,1146
2025-02-19,REPAIR_COMPLETED,830
2025-02-20,DEVICE_DISPOSED,23
2025-02-20,DEVICE_RECEIVED,107
2025-02-20,DEVICE_REGISTERED,5
2025-02-20,DEVICE_STATUS_CHANGED,697
2025-02-20,DEVICE_TRANSFERRED,645
2025-02-20,MAINTENANCE_COMPLETED,1174
2025-02-20,REPAIR_COMPLETED,735
2025-02-21,DEVICE_DISPOSED,14
2025-02-21,DEVICE_RECEIVED,132
2025-02-21,DEVICE_REGISTERED,8
2025-02-21,DEVICE_STATUS_CHANGED,766
2025-02-21,DEVICE_TRANSFERRED,668
2025-02-21,MAINTENANCE_COMPLETED,1112
2025-02-21,REPAIR_COMPLETED,820
2025-02-22,DEVICE_DISPOSED,23
2025-02-22,DEVICE_RECEIVED,149
2025-02-22,DEVICE_REGISTERED,9
2025-02-22,DEVICE_STATUS_CHANGED,731
2025-02-22,DEVICE_TRANSFERRED,723
2025-02-22,MAINTENANCE_COMPLETED,1107
2025-02-22,REPAIR_COMPLETED,765
2025-02-23,DEVICE_DISPOSED,27
2025-02-23,DEVICE_RECEIVED,143
2025-02-23,DEVICE_REGISTERED,6
2025-02-23,DEVICE_STATUS_CHANGED,773
2025-02-23,DEVICE_TRANSFERRED,639
2025-02-23,MAINTENANCE_COMPLETED,1109
2025-02-23,REPAIR_COMPLETED,754
2025-02-24,DEVICE_DISPOSED,28
2025-02-24,DEVICE_RECEIVED,161
2025-02-24,DEVICE_REGISTERED,7
2025-02-24,DEVICE_STATUS_CHANGED,732
2025-02-24,DEVICE_TRANSFERRED,669
2025-02-24,MAINTENANCE_COMPLETED,1148
2025-02-24,REPAIR_COMPLETED,723
2025-02-25,DEVICE_DISPOSED,21
2025-02-25,DEVICE_RECEIVED,128
2025-02-25,DEVICE_REGISTERED,4
2025-02-25,DEVICE_STATUS_CHANGED,692
2025-02-25,DEVICE_TRANSFERRED,670
2025-02-25,MAINTENANCE_COMPLETED,1063
2025-02-25,REPAIR_COMPLETED,747
2025-02-26,DEVICE_DISPOSED,26
2025-02-26,DEVICE_RECEIVED,136
2025-02-26,DEVICE_REGISTERED,3
2025-02-26,DEVICE_STATUS_CHANGED,702
2025-02-26,DEVICE_TRANSFERRED,676
2025-02-26,MAINTENANCE_COMPLETED,1096
2025-02-26,REPAIR_COMPLETED,762
2025-02-27,DEVICE_DISPOSED,26
2025-02-27,DEVICE_RECEIVED,125
2025-02-27,DEVICE_REGISTERED,7
2025-02-27,DEVICE_STATUS_CHANGED,778
2025-02-27,DEVICE_TRANSFERRED,661
2025-02-27,MAINTENANCE_COMPLETED,1086
2025-02-27,REPAIR_COMPLETED,741
2025-02-28,DEVICE_DISPOSED,31
2025-02-28,DEVICE_RECEIVED,119
2025-02-28,DEVICE_REGISTERED,5
2025-02-28,DEVICE_STATUS_CHANGED,731
2025-02-28,DEVICE_TRANSFERRED,650
2025-02-28,MAINTENANCE_COMPLETED,1026
2025-02-28,REPAIR_COMPLETED,735
2025-03-01,DEVICE_DISPOSED,19
2025-03-01,DEVICE_RECEIVED,142
2025-03-01,DEVICE_REGISTERED,13
2025-03-01,DEVICE_STATUS_CHANGED,767
2025-03-01,DEVICE_TRANSFERRED,673
2025-03-01,MAINTENANCE_COMPLETED,1048
2025-03-01,REPAIR_COMPLETED,783
2025-03-02,DEVICE_DISPOSED,17
2025-03-02,DEVICE_RECEIVED,120
2025-03-02,DEVICE_REGISTERED,8
2025-03-02,DEVICE_STATUS_CHANGED,769
2025-03-02,DEVICE_TRANSFERRED,697
2025-03-02,MAINTENANCE_COMPLETED,1048
2025-03-02,REPAIR_COMPLETED,786
2025-03-03,DEVICE_DISPOSED,27
2025-03-03,DEVICE_RECEIVED,123
2025-03-03,DEVICE_REGISTERED,5
2025-03-03,DEVICE_STATUS_CHANGED,725
2025-03-03,DEVICE_TRANSFERRED,656
2025-03-03,MAINTENANCE_COMPLETED,1089
2025-03-03,REPAIR_COMPLETED,767
2025-03-04,DEVICE_DISPOSED,25
2025-03-04,DEVICE_RECEIVED,121
2025-03-04,DEVICE_REGISTERED,7
2025-03-04,DEVICE_STATUS_CHANGED,738
2025-03-04,DEVICE_TRANSFERRED,631
2025-03-04,MAINTENANCE_COMPLETED,1098
2025-03-04,REPAIR_COMPLETED,772
2025-03-05,DEVICE_DISPOSED,28
2025-03-05,DEVICE_RECEIVED,149
2025-03-05,DEVICE_REGISTERED,8
2025-03-05,DEVICE_STATUS_CHANGED,757
2025-03-05,DEVICE_TRANSFERRED,624
2025-03-05,MAINTENANCE_COMPLETED,1115
2025-03-05,REPAIR_COMPLETED,828
2025-03-06,DEVICE_DISPOSED,19
2025-03-06,DEVICE_RECEIVED,148
2025-03-06,DEVICE_REGISTERED,5
2025-03-06,DEVICE_STATUS_CHANGED,701
2025-03-06,DEVICE_TRANSFERRED,670
2025-03-06,MAINTENANCE_COMPLETED,1051
2025-03-06,REPAIR_COMPLETED,767
2025-03-07,DEVICE_DISPOSED,13
2025-03-07,DEVICE_RECEIVED,134
2025-03-07,DEVICE_REGISTERED,4
2025-03-07,DEVICE_STATUS_CHANGED,725
2025-03-07,DEVICE_TRANSFERRED,709
2025-03-07,MAINTENANCE_COMPLETED,1108
2025-03-07,REPAIR_COMPLETED,757
2025-03-08,DEVICE_DISPOSED,25
2025-03-08,DEVICE_RECEIVED,135
2025-03-08,DEVICE_REGISTERED,6
2025-03-08,DEVICE_STATUS_CHANGED,713
2025-03-08,DEVICE_TRANSFERRED,644
2025-03-08,MAINTENANCE_COMPLETED,1094
2025-03-08,REPAIR_COMPLETED,760
2025-03-09,DEVICE_DISPOSED,22
2025-03-09,DEVICE_RECEIVED,151
2025-03-09,DEVICE_REGISTERED,7
2025-03-09,DEVICE_STATUS_CHANGED,754
2025-03-09,DEVICE_TRANSFERRED,641
2025-03-09,MAINTENANCE_COMPLETED,1062
2025-03-09,REPAIR_COMPLETED,745
2025-03-10,DEVICE_DISPOSED,27
2025-03-10,DEVICE_RECEIVED,131
2025-03-10,DEVICE_REGISTERED,4
2025-03-10,DEVICE_STATUS_CHANGED,742
2025-03-10,DEVICE_TRANSFERRED,686
2025-03-10,MAINTENANCE_COMPLETED,1186
2025-03-10,REPAIR_COMPLETED,690
2025-03-11,DEVICE_DISPOSED,22
2025-03-11,DEVICE_RECEIVED,133
2025-03-11,DEVICE_REGISTERED,7
2025-03-11,DEVICE_STATUS_CHANGED,728
2025-03-11,DEVICE_TRANSFERRED,652
2025-03-11,MAINTENANCE_COMPLETED,1122
2025-03-11,REPAIR_COMPLETED,777
2025-03-12,DEVICE_DISPOSED,26
2025-03-12,DEVICE_RECEIVED,148
2025-03-12,DEVICE_REGISTERED,3
2025-03-12,DEVICE_STATUS_CHANGED,753
2025-03-12,DEVICE_TRANSFERRED,661
2025-03-12,MAINTENANCE_COMPLETED,1090
2025-03-12,REPAIR_COMPLETED,763
2025-03-13,DEVICE_DISPOSED,24
2025-03-13,DEVICE_RECEIVED,139
2025-03-13,DEVICE_REGISTERED,12
2025-03-13,DEVICE_STATUS_CHANGED,713
2025-03-13,DEVICE_TRANSFERRED,606
2025-03-13,MAINTENANCE_COMPLETED,1124
2025-03-13,REPAIR_COMPLETED,751
2025-03-14,DEVICE_DISPOSED,28
2025-03-14,DEVICE_RECEIVED,143
2025-03-14,DEVICE_REGISTERED,7
2025-03-14,DEVICE_STATUS_CHANGED,745
2025-03-14,DEVICE_TRANSFERRED,663
2025-03-14,MAINTENANCE_COMPLETED,1116
2025-03-14,REPAIR_COMPLETED,777
2025-03-15,DEVICE_DISPOSED,23
2025-03-15,DEVICE_RECEIVED,138
2025-03-15,DEVICE_REGISTERED,6
2025-03-15,DEVICE_STATUS_CHANGED,738
2025-03-15,DEVICE_TRANSFERRED,639
2025-03-15,MAINTENANCE_COMPLETED,1121
2025-03-15,REPAIR_COMPLETED,802
2025-03-16,DEVICE_DISPOSED,25
2025-03-16,DEVICE_RECEIVED,135
2025-03-16,DEVICE_REGISTERED,2
2025-03-16,DEVICE_STATUS_CHANGED,750
2025-03-16,DEVICE_TRANSFERRED,647
2025-03-16,MAINTENANCE_COMPLETED,1154
2025-03-16,REPAIR_COMPLETED,785
2025-03-17,DEVICE_DISPOSED,22
2025-03-17,DEVICE_RECEIVED,112
2025-03-17,DEVICE_REGISTERED,7
2025-03-17,DEVICE_STATUS_CHANGED,768
2025-03-17,DEVICE_TRANSFERRED,645
2025-03-17,MAINTENANCE_COMPLETED,1091
2025-03-17,REPAIR_COMPLETED,807
2025-03-18,DEVICE_DISPOSED,22
2025-03-18,DEVICE_RECEIVED,124
2025-03-18,DEVICE_REGISTERED,7
2025-03-18,DEVICE_STATUS_CHANGED,657
2025-03-18,DEVICE_TRANSFERRED,625
2025-03-18,MAINTENANCE_COMPLETED,1097
2025-03-18,REPAIR_COMPLETED,764
2025-03-19,DEVICE_DISPOSED,23
2025-03-19,DEVICE_RECEIVED,125
2025-03-19,DEVICE_REGISTERED,7
2025-03-19,DEVICE_STATUS_CHANGED,732
2025-03-19,DEVICE_TRANSFERRED,681
2025-03-19,MAINTENANCE_COMPLETED,1108
2025-03-19,REPAIR_COMPLETED,780
2025-03-20,DEVICE_DISPOSED,27
2025-03-20,DEVICE_RECEIVED,129
2025-03-20,DEVICE_REGISTERED,5
2025-03-20,DEVICE_STATUS_CHANGED,734
2025-03-20,DEVICE_TRANSFERRED,695
2025-03-20,MAINTENANCE_COMPLETED,1130
2025-03-20,REPAIR_COMPLETED,744
2025-03-21,DEVICE_DISPOSED,19
2025-03-21,DEVICE_RECEIVED,138
2025-03-21,DEVICE_REGISTERED,6
2025-03-21,DEVICE_STATUS_CHANGED,738
2025-03-21,DEVICE_TRANSFERRED,658
2025-03-21,MAINTENANCE_COMPLETED,1085
2025-03-21,REPAIR_COMPLETED,744
2025-03-22,DEVICE_DISPOSED,17
2025-03-22,DEVICE_RECEIVED,121
2025-03-22,DEVICE_REGISTERED,6
2025-03-22,DEVICE_STATUS_CHANGED,690
2025-03-22,DEVICE_TRANSFERRED,700
2025-03-22,MAINTENANCE_COMPLETED,1125
2025-03-22,REPAIR_COMPLETED,796
2025-03-23,DEVICE_DISPOSED,27
2025-03-23,DEVICE_RECEIVED,142
2025-03-23,DEVICE_REGISTERED,4
2025-03-23,DEVICE_STATUS_CHANGED,764
2025-03-23,DEVICE_TRANSFERRED,632
2025-03-23,MAINTENANCE_COMPLETED,1142
2025-03-23,REPAIR_COMPLETED,754
2025-03-24,DEVICE_DISPOSED,19
2025-03-24,DEVICE_RECEIVED,124
2025-03-24,DEVICE_REGISTERED,7
2025-03-24,DEVICE_STATUS_CHANGED,718
2025-03-24,DEVICE_TRANSFERRED,628
2025-03-24,MAINTENANCE_COMPLETED,1058
2025-03-24,REPAIR_COMPLETED,813
2025-03-25,DEVICE_DISPOSED,22
2025-03-25,DEVICE_RECEIVED,141
2025-03-25,DEVICE_REGISTERED,11
2025-03-25,DEVICE_STATUS_CHANGED,757
2025-03-25,DEVICE_TRANSFERRED,626
2025-03-25,MAINTENANCE_COMPLETED,1138
2025-03-25,REPAIR_COMPLETED,788
2025-03-26,DEVICE_DISPOSED,28
2025-03-26,DEVICE_RECEIVED,130
2025-03-26,DEVICE_REGISTERED,7
2025-03-26,DEVICE_STATUS_CHANGED,695
2025-03-26,DEVICE_TRANSFERRED,640
2025-03-26,MAINTENANCE_COMPLETED,1167
2025-03-26,REPAIR_COMPLETED,775
2025-03-27,DEVICE_DISPOSED,17
2025-03-27,DEVICE_RECEIVED,137
2025-03-27,DEVICE_REGISTERED,7
2025-03-27,DEVICE_STATUS_CHANGED,760
2025-03-27,DEVICE_TRANSFERRED,651
2025-03-27,MAINTENANCE_COMPLETED,1089
2025-03-27,REPAIR_COMPLETED,759
2025-03-28,DEVICE_DISPOSED,21
2025-03-28,DEVICE_RECEIVED,129
2025-03-28,DEVICE_REGISTERED,9
2025-03-28,DEVICE_STATUS_CHANGED,731
2025-03-28,DEVICE_TRANSFERRED,678
2025-03-28,MAINTENANCE_COMPLETED,1117
2025-03-28,REPAIR_COMPLETED,740
2025-03-29,DEVICE_DISPOSED,17
2025-03-29,DEVICE_RECEIVED,131
2025-03-29,DEVICE_REGISTERED,9
2025-03-29,DEVICE_STATUS_CHANGED,747
2025-03-29,DEVICE_TRANSFERRED,677
2025-03-29,MAINTENANCE_COMPLETED,1038
2025-03-29,REPAIR_COMPLETED,783
2025-03-30,DEVICE_DISPOSED,33
2025-03-30,DEVICE_RECEIVED,149
2025-03-30,DEVICE_REGISTERED,7
2025-03-30,DEVICE_STATUS_CHANGED,689
2025-03-30,DEVICE_TRANSFERRED,644
2025-03-30,MAINTENANCE_COMPLETED,1121
2025-03-30,REPAIR_COMPLETED,777
2025-03-31,DEVICE_DISPOSED,26
2025-03-31,DEVICE_RECEIVED,131
2025-03-31,DEVICE_REGISTERED,10
2025-03-31,DEVICE_STATUS_CHANGED,738
2025-03-31,DEVICE_TRANSFERRED,660
2025-03-31,MAINTENANCE_COMPLETED,1083
2025-03-31,REPAIR_COMPLETED,773
2025-04-01,DEVICE_DISPOSED,28
2025-04-01,DEVICE_RECEIVED,151
2025-04-01,DEVICE_REGISTERED,9
2025-04-01,DEVICE_STATUS_CHANGED,713
2025-04-01,DEVICE_TRANSFERRED,710
2025-04-01,MAINTENANCE_COMPLETED,1182
2025-04-01,REPAIR_COMPLETED,787
2025-04-02,DEVICE_DISPOSED,20
2025-04-02,DEVICE_RECEIVED,122
2025-04-02,DEVICE_REGISTERED,9
2025-04-02,DEVICE_STATUS_CHANGED,713
2025-04-02,DEVICE_TRANSFERRED,679
2025-04-02,MAINTENANCE_COMPLETED,1019
2025-04-02,REPAIR_COMPLETED,783
2025-04-03,DEVICE_DISPOSED,35
2025-04-03,DEVICE_RECEIVED,134
2025-04-03,DEVICE_REGISTERED,8
2025-04-03,DEVICE_STATUS_CHANGED,691
2025-04-03,DEVICE_TRANSFERRED,642
2025-04-03,MAINTENANCE_COMPLETED,1016
2025-04-03,REPAIR_COMPLETED,771
2025-04-04,DEVICE_DISPOSED,30
2025-04-04,DEVICE_RECEIVED,126
2025-04-04,DEVICE_REGISTERED,6
2025-04-04,DEVICE_STATUS_CHANGED,751
2025-04-04,DEVICE_TRANSFERRED,662
2025-04-04,MAINTENANCE_COMPLETED,1041
2025-04-04,REPAIR_COMPLETED,772
2025-04-05,DEVICE_DISPOSED,38
2025-04-05,DEVICE_RECEIVED,140
2025-04-05,DEVICE_REGISTERED,8
2025-04-05,DEVICE_STATUS_CHANGED,712
2025-04-05,DEVICE_TRANSFERRED,633
2025-04-05,MAINTENANCE_COMPLETED,1125
2025-04-05,REPAIR_COMPLETED,767
2025-04-06,DEVICE_DISPOSED,10
2025-04-06,DEVICE_RECEIVED,126
2025-04-06,DEVICE_REGISTERED,9
2025-04-06,DEVICE_STATUS_CHANGED,735
2025-04-06,DEVICE_TRANSFERRED,642
2025-04-06,MAINTENANCE_COMPLETED,1099
2025-04-06,REPAIR_COMPLETED,776
2025-04-07,DEVICE_DISPOSED,19
2025-04-07,DEVICE_RECEIVED,131
2025-04-07,DEVICE_REGISTERED,5
2025-04-07,DEVICE_STATUS_CHANGED,744
2025-04-07,DEVICE_TRANSFERRED,630
2025-04-07,MAINTENANCE_COMPLETED,1101
2025-04-07,REPAIR_COMPLETED,753
2025-04-08,DEVICE_DISPOSED,21
2025-04-08,DEVICE_RECEIVED,143
2025-04-08,DEVICE_REGISTERED,9
2025-04-08,DEVICE_STATUS_CHANGED,728
2025-04-08,DEVICE_TRANSFERRED,659
2025-04-08,MAINTENANCE_COMPLETED,1109
2025-04-08,REPAIR_COMPLETED,739
2025-04-09,DEVICE_DISPOSED,21
2025-04-09,DEVICE_RECEIVED,144
2025-04-09,DEVICE_REGISTERED,9
2025-04-09,DEVICE_STATUS_CHANGED,719
2025-04-09,DEVICE_TRANSFERRED,703
2025-04-09,MAINTENANCE_COMPLETED,1069
2025-04-09,REPAIR_COMPLETED,767
2025-04-10,DEVICE_DISPOSED,19
2025-04-10,DEVICE_RECEIVED,121
2025-04-10,DEVICE_REGISTERED,3
2025-04-10,DEVICE_STATUS_CHANGED,738
2025-04-10,DEVICE_TRANSFERRED,685
2025-04-10,MAINTENANCE_COMPLETED,1146
2025-04-10,REPAIR_COMPLETED,726
2025-04-11,DEVICE_DISPOSED,26
2025-04-11,DEVICE_RECEIVED,146
2025-04-11,DEVICE_REGISTERED,8
2025-04-11,DEVICE_STATUS_CHANGED,748
2025-04-11,DEVICE_TRANSFERRED,643
2025-04-11,MAINTENANCE_COMPLETED,1085
2025-04-11,REPAIR_COMPLETED,746
2025-04-12,DEVICE_DISPOSED,20
2025-04-12,DEVICE_RECEIVED,135
2025-04-12,DEVICE_REGISTERED,14
2025-04-12,DEVICE_STATUS_CHANGED,781
2025-04-12,DEVICE_TRANSFERRED,695
2025-04-12,MAINTENANCE_COMPLETED,1108
2025-04-12,REPAIR_COMPLETED,782
2025-04-13,DEVICE_DISPOSED,20
2025-04-13,DEVICE_RECEIVED,130
2025-04-13,DEVICE_REGISTERED,9
2025-04-13,DEVICE_STATUS_CHANGED,705
2025-04-13,DEVICE_TRANSFERRED,644
2025-04-13,MAINTENANCE_COMPLETED,1119
2025-04-13,REPAIR_COMPLETED,813
2025-04-14,DEVICE_DISPOSED,30
2025-04-14,DEVICE_RECEIVED,133
2025-04-14,DEVICE_REGISTERED,8
2025-04-14,DEVICE_STATUS_CHANGED,673
2025-04-14,DEVICE_TRANSFERRED,649
2025-04-14,MAINTENANCE_COMPLETED,1116
2025-04-14,REPAIR_COMPLETED,786
2025-04-15,DEVICE_DISPOSED,24
2025-04-15,DEVICE_RECEIVED,145
2025-04-15,DEVICE_REGISTERED,12
2025-04-15,DEVICE_STATUS_CHANGED,774
2025-04-15,DEVICE_TRANSFERRED,645
2025-04-15,MAINTENANCE_COMPLETED,1051
2025-04-15,REPAIR_COMPLETED,757
2025-04-16,DEVICE_DISPOSED,20
2025-04-16,DEVICE_RECEIVED,148
2025-04-16,DEVICE_REGISTERED,11
2025-04-16,DEVICE_STATUS_CHANGED,741
2025-04-16,DEVICE_TRANSFERRED,665
2025-04-16,MAINTENANCE_COMPLETED,1023
2025-04-16,REPAIR_COMPLETED,763
2025-04-17,DEVICE_DISPOSED,23
2025-04-17,DEVICE_RECEIVED,133
2025-04-17,DEVICE_REGISTERED,8
2025-04-17,DEVICE_STATUS_CHANGED,701
2025-04-17,DEVICE_TRANSFERRED,674
2025-04-17,MAINTENANCE_COMPLETED,1091
2025-04-17,REPAIR_COMPLETED,762
2025-04-18,DEVICE_DISPOSED,22
2025-04-18,DEVICE_RECEIVED,146
2025-04-18,DEVICE_REGISTERED,6
2025-04-18,DEVICE_STATUS_CHANGED,758
2025-04-18,DEVICE_TRANSFERRED,659
2025-04-18,MAINTENANCE_COMPLETED,1104
2025-04-18,REPAIR_COMPLETED,742
2025-04-19,DEVICE_DISPOSED,20
2025-04-19,DEVICE_RECEIVED,121
2025-04-19,DEVICE_REGISTERED,7
2025-04-19,DEVICE_STATUS_CHANGED,738
2025-04-19,DEVICE_TRANSFERRED,689
2025-04-19,MAINTENANCE_COMPLETED,1062
2025-04-19,REPAIR_COMPLETED,741
2025-04-20,DEVICE_DISPOSED,28
2025-04-20,DEVICE_RECEIVED,147
2025-04-20,DEVICE_REGISTERED,10
2025-04-20,DEVICE_STATUS_CHANGED,722
2025-04-20,DEVICE_TRANSFERRED,647
2025-04-20,MAINTENANCE_COMPLETED,1078
2025-04-20,REPAIR_COMPLETED,784
2025-04-21,DEVICE_DISPOSED,27
2025-04-21,DEVICE_RECEIVED,125
2025-04-21,DEVICE_REGISTERED,6
2025-04-21,DEVICE_STATUS_CHANGED,729
2025-04-21,DEVICE_TRANSFERRED,684
2025-04-21,MAINTENANCE_COMPLETED,1099
2025-04-21,REPAIR_COMPLETED,808
2025-04-22,DEVICE_DISPOSED,17
2025-04-22,DEVICE_RECEIVED,134
2025-04-22,DEVICE_REGISTERED,8
2025-04-22,DEVICE_STATUS_CHANGED,742
2025-04-22,DEVICE_TRANSFERRED,670
2025-04-22,MAINTENANCE_COMPLETED,1090
2025-04-22,REPAIR_COMPLETED,767
2025-04-23,DEVICE_DISPOSED,26
2025-04-23,DEVICE_RECEIVED,127
2025-04-23,DEVICE_REGISTERED,4
2025-04-23,DEVICE_STATUS_CHANGED,737
2025-04-23,DEVICE_TRANSFERRED,671
2025-04-23,MAINTENANCE_COMPLETED,1096
2025-04-23,REPAIR_COMPLETED,802
2025-04-24,DEVICE_DISPOSED,28
2025-04-24,DEVICE_RECEIVED,118
2025-04-24,DEVICE_REGISTERED,9
2025-04-24,DEVICE_STATUS_CHANGED,748
2025-04-24,DEVICE_TRANSFERRED,666
2025-04-24,MAINTENANCE_COMPLETED,1149
2025-04-24,REPAIR_COMPLETED,758
2025-04-25,DEVICE_DISPOSED,15
2025-04-25,DEVICE_RECEIVED,133
2025-04-25,DEVICE_REGISTERED,4
2025-04-25,DEVICE_STATUS_CHANGED,709
2025-04-25,DEVICE_TRANSFERRED,611
2025-04-25,MAINTENANCE_COMPLETED,1090
2025-04-25,REPAIR_COMPLETED,821
2025-04-26,DEVICE_DISPOSED,29
2025-04-26,DEVICE_RECEIVED,124
2025-04-26,DEVICE_REGISTERED,9
2025-04-26,DEVICE_STATUS_CHANGED,741
2025-04-26,DEVICE_TRANSFERRED,662
2025-04-26,MAINTENANCE_COMPLETED,1086
2025-04-26,REPAIR_COMPLETED,766
2025-04-27,DEVICE_DISPOSED,12
2025-04-27,DEVICE_RECEIVED,128
2025-04-27,DEVICE_REGISTERED,10
2025-04-27,DEVICE_STATUS_CHANGED,715
2025-04-27,DEVICE_TRANSFERRED,707
2025-04-27,MAINTENANCE_COMPLETED,1138
2025-04-27,REPAIR_COMPLETED,763
2025-04-28,DEVICE_DISPOSED,23
2025-04-28,DEVICE_RECEIVED,128
2025-04-28,DEVICE_REGISTERED,13
2025-04-28,DEVICE_STATUS_CHANGED,726
2025-04-28,DEVICE_TRANSFERRED,650
2025-04-28,MAINTENANCE_COMPLETED,1116
2025-04-28,REPAIR_COMPLETED,741
2025-04-29,DEVICE_DISPOSED,20
2025-04-29,DEVICE_RECEIVED,121
2025-04-29,DEVICE_REGISTERED,7
2025-04-29,DEVICE_STATUS_CHANGED,704
2025-04-29,DEVICE_TRANSFERRED,654
2025-04-29,MAINTENANCE_COMPLETED,1139
2025-04-29,REPAIR_COMPLETED,735
2025-04-30,DEVICE_DISPOSED,16
2025-04-30,DEVICE_RECEIVED,112
2025-04-30,DEVICE_REGISTERED,7
2025-04-30,DEVICE_STATUS_CHANGED,709
2025-04-30,DEVICE_TRANSFERRED,659
2025-04-30,MAINTENANCE_COMPLETED,1138
2025-04-30,REPAIR_COMPLETED,770
2025-05-01,DEVICE_DISPOSED,25
2025-05-01,DEVICE_RECEIVED,150
2025-05-01,DEVICE_REGISTERED,5
2025-05-01,DEVICE_STATUS_CHANGED,737
2025-05-01,DEVICE_TRANSFERRED,665
2025-05-01,MAINTENANCE_COMPLETED,1062
2025-05-01,REPAIR_COMPLETED,801
2025-05-02,DEVICE_DISPOSED,25
2025-05-02,DEVICE_RECEIVED,164
2025-05-02,DEVICE_REGISTERED,8
2025-05-02,DEVICE_STATUS_CHANGED,763
2025-05-02,DEVICE_TRANSFERRED,656
2025-05-02,MAINTENANCE_COMPLETED,1075
2025-05-02,REPAIR_COMPLETED,793
2025-05-03,DEVICE_DISPOSED,18
2025-05-03,DEVICE_RECEIVED,127
2025-05-03,DEVICE_REGISTERED,4
2025-05-03,DEVICE_STATUS_CHANGED,752
2025-05-03,DEVICE_TRANSFERRED,630
2025-05-03,MAINTENANCE_COMPLETED,1072
2025-05-03,REPAIR_COMPLETED,756
2025-05-04,DEVICE_DISPOSED,23
2025-05-04,DEVICE_RECEIVED,109
2025-05-04,DEVICE_REGISTERED,11
2025-05-04,DEVICE_STATUS_CHANGED,756
2025-05-04,DEVICE_TRANSFERRED,616
2025-05-04,MAINTENANCE_COMPLETED,1119
2025-05-04,REPAIR_COMPLETED,779
2025-05-05,DEVICE_DISPOSED,23
2025-05-05,DEVICE_RECEIVED,126
2025-05-05,DEVICE_REGISTERED,5
2025-05-05,DEVICE_STATUS_CHANGED,751
2025-05-05,DEVICE_TRANSFERRED,677
2025-05-05,MAINTENANCE_COMPLETED,1078
2025-05-05,REPAIR_COMPLETED,745
2025-05-06,DEVICE_DISPOSED,17
2025-05-06,DEVICE_RECEIVED,146
2025-05-06,DEVICE_REGISTERED,8
2025-05-06,DEVICE_STATUS_CHANGED,743
2025-05-06,DEVICE_TRANSFERRED,676
2025-05-06,MAINTENANCE_COMPLETED,1088
2025-05-06,REPAIR_COMPLETED,713
2025-05-07,DEVICE_DISPOSED,18
2025-05-07,DEVICE_RECEIVED,151
2025-05-07,DEVICE_REGISTERED,5
2025-05-07,DEVICE_STATUS_CHANGED,735
2025-05-07,DEVICE_TRANSFERRED,660
2025-05-07,MAINTENANCE_COMPLETED,1085
2025-05-07,REPAIR_COMPLETED,762
2025-05-08,DEVICE_DISPOSED,17
2025-05-08,DEVICE_RECEIVED,140
2025-05-08,DEVICE_REGISTERED,5
2025-05-08,DEVICE_STATUS_CHANGED,739
2025-05-08,DEVICE_TRANSFERRED,663
2025-05-08,MAINTENANCE_COMPLETED,1079
2025-05-08,REPAIR_COMPLETED,801
2025-05-09,DEVICE_DISPOSED,22
2025-05-09,DEVICE_RECEIVED,113
2025-05-09,DEVICE_REGISTERED,8
2025-05-09,DEVICE_STATUS_CHANGED,707
2025-05-09,DEVICE_TRANSFERRED,682
2025-05-09,MAINTENANCE_COMPLETED,1109
2025-05-09,REPAIR_COMPLETED,818
2025-05-10,DEVICE_DISPOSED,20
2025-05-10,DEVICE_RECEIVED,132
2025-05-10,DEVICE_REGISTERED,6
2025-05-10,DEVICE_STATUS_CHANGED,740
2025-05-10,DEVICE_TRANSFERRED,658
2025-05-10,MAINTENANCE_COMPLETED,1087
2025-05-10,REPAIR_COMPLETED,766
2025-05-11,DEVICE_DISPOSED,23
2025-05-11,DEVICE_RECEIVED,141
2025-05-11,DEVICE_REGISTERED,16
2025-05-11,DEVICE_STATUS_CHANGED,759
2025-05-11,DEVICE_TRANSFERRED,657
2025-05-11,MAINTENANCE_COMPLETED,1125
2025-05-11,REPAIR_COMPLETED,804
2025-05-12,DEVICE_DISPOSED,24
2025-05-12,DEVICE_RECEIVED,138
2025-05-12,DEVICE_REGISTERED,5
2025-05-12,DEVICE_STATUS_CHANGED,690
2025-05-12,DEVICE_TRANSFERRED,675
2025-05-12,MAINTENANCE_COMPLETED,1069
2025-05-12,REPAIR_COMPLETED,785
2025-05-13,DEVICE_DISPOSED,23
2025-05-13,DEVICE_RECEIVED,124
2025-05-13,DEVICE_REGISTERED,6
2025-05-13,DEVICE_STATUS_CHANGED,791
2025-05-13,DEVICE_TRANSFERRED,701
2025-05-13,MAINTENANCE_COMPLETED,1146
2025-05-13,REPAIR_COMPLETED,815
2025-05-14,DEVICE_DISPOSED,10
2025-05-14,DEVICE_RECEIVED,130
2025-05-14,DEVICE_REGISTERED,10
2025-05-14,DEVICE_STATUS_CHANGED,743
2025-05-14,DEVICE_TRANSFERRED,646
2025-05-14,MAINTENANCE_COMPLETED,1093
2025-05-14,REPAIR_COMPLETED,837
2025-05-15,DEVICE_DISPOSED,17
2025-05-15,DEVICE_RECEIVED,131
2025-05-15,DEVICE_REGISTERED,6
2025-05-15,DEVICE_STATUS_CHANGED,700
2025-05-15,DEVICE_TRANSFERRED,651
2025-05-15,MAINTENANCE_COMPLETED,1099
2025-05-15,REPAIR_COMPLETED,808
2025-05-16,DEVICE_DISPOSED,17
2025-05-16,DEVICE_RECEIVED,123
2025-05-16,DEVICE_REGISTERED,12
2025-05-16,DEVICE_STATUS_CHANGED,751
2025-05-16,DEVICE_TRANSFERRED,621
2025-05-16,MAINTENANCE_COMPLETED,1063
2025-05-16,REPAIR_COMPLETED,749
2025-05-17,DEVICE_DISPOSED,26
2025-05-17,DEVICE_RECEIVED,145
2025-05-17,DEVICE_REGISTERED,5
2025-05-17,DEVICE_STATUS_CHANGED,717
2025-05-17,DEVICE_TRANSFERRED,673
2025-05-17,MAINTENANCE_COMPLETED,1085
2025-05-17,REPAIR_COMPLETED,739
2025-05-18,DEVICE_DISPOSED,21
2025-05-18,DEVICE_RECEIVED,127
2025-05-18,DEVICE_REGISTERED,7
2025-05-18,DEVICE_STATUS_CHANGED,769
2025-05-18,DEVICE_TRANSFERRED,636
2025-05-18,MAINTENANCE_COMPLETED,1127
2025-05-18,REPAIR_COMPLETED,712
2025-05-19,DEVICE_DISPOSED,31
2025-05-19,DEVICE_RECEIVED,154
2025-05-19,DEVICE_REGISTERED,5
2025-05-19,DEVICE_STATUS_CHANGED,730
2025-05-19,DEVICE_TRANSFERRED,663
2025-05-19,MAINTENANCE_COMPLETED,1164
2025-05-19,REPAIR_COMPLETED,741
2025-05-20,DEVICE_DISPOSED,19
2025-05-20,DEVICE_RECEIVED,136
2025-05-20,DEVICE_REGISTERED,8
2025-05-20,DEVICE_STATUS_CHANGED,742
2025-05-20,DEVICE_TRANSFERRED,640
2025-05-20,MAINTENANCE_COMPLETED,1100
2025-05-20,REPAIR_COMPLETED,741
2025-05-21,DEVICE_DISPOSED,16
2025-05-21,DEVICE_RECEIVED,120
2025-05-21,DEVICE_REGISTERED,11
2025-05-21,DEVICE_STATUS_CHANGED,684
2025-05-21,DEVICE_TRANSFERRED,608
2025-05-21,MAINTENANCE_COMPLETED,1116
2025-05-21,REPAIR_COMPLETED,781
2025-05-22,DEVICE_DISPOSED,18
2025-05-22,DEVICE_RECEIVED,136
2025-05-22,DEVICE_REGISTERED,5
2025-05-22,DEVICE_STATUS_CHANGED,718
2025-05-22,DEVICE_TRANSFERRED,692
2025-05-22,MAINTENANCE_COMPLETED,1069
2025-05-22,REPAIR_COMPLETED,747
2025-05-23,DEVICE_DISPOSED,24
2025-05-23,DEVICE_RECEIVED,150
2025-05-23,DEVICE_REGISTERED,9
2025-05-23,DEVICE_STATUS_CHANGED,735
2025-05-23,DEVICE_TRANSFERRED,618
2025-05-23,MAINTENANCE_COMPLETED,1081
2025-05-23,REPAIR_COMPLETED,790
2025-05-24,DEVICE_DISPOSED,14
2025-05-24,DEVICE_RECEIVED,133
2025-05-24,DEVICE_REGISTERED,10
2025-05-24,DEVICE_STATUS_CHANGED,733
2025-05-24,DEVICE_TRANSFERRED,652
2025-05-24,MAINTENANCE_COMPLETED,1010
2025-05-24,REPAIR_COMPLETED,767
2025-05-25,DEVICE_DISPOSED,21
2025-05-25,DEVICE_RECEIVED,138
2025-05-25,DEVICE_REGISTERED,8
2025-05-25,DEVICE_STATUS_CHANGED,709
2025-05-25,DEVICE_TRANSFERRED,667
2025-05-25,MAINTENANCE_COMPLETED,1135
2025-05-25,REPAIR_COMPLETED,736
2025-05-26,DEVICE_DISPOSED,23
2025-05-26,DEVICE_RECEIVED,115
2025-05-26,DEVICE_REGISTERED,4
2025-05-26,DEVICE_STATUS_CHANGED,756
2025-05-26,DEVICE_TRANSFERRED,658
2025-05-26,MAINTENANCE_COMPLETED,1120
2025-05-26,REPAIR_COMPLETED,801
2025-05-27,DEVICE_DISPOSED,21
2025-05-27,DEVICE_RECEIVED,137
2025-05-27,DEVICE_REGISTERED,6
2025-05-27,DEVICE_STATUS_CHANGED,785
2025-05-27,DEVICE_TRANSFERRED,648
2025-05-27,MAINTENANCE_COMPLETED,1174
2025-05-27,REPAIR_COMPLETED,775
2025-05-28,DEVICE_DISPOSED,19
2025-05-28,DEVICE_RECEIVED,115
2025-05-28,DEVICE_REGISTERED,5
2025-05-28,DEVICE_STATUS_CHANGED,721
2025-05-28,DEVICE_TRANSFERRED,638
2025-05-28,MAINTENANCE_COMPLETED,1132
2025-05-28,REPAIR_COMPLETED,780
2025-05-29,DEVICE_DISPOSED,18
2025-05-29,DEVICE_RECEIVED,128
2025-05-29,DEVICE_REGISTERED,6
2025-05-29,DEVICE_STATUS_CHANGED,715
2025-05-29,DEVICE_TRANSFERRED,682
2025-05-29,MAINTENANCE_COMPLETED,1134
2025-05-29,REPAIR_COMPLETED,763
2025-05-30,DEVICE_DISPOSED,18
2025-05-30,DEVICE_RECEIVED,156
2025-05-30,DEVICE_REGISTERED,7
2025-05-30,DEVICE_STATUS_CHANGED,757
2025-05-30,DEVICE_TRANSFERRED,643
2025-05-30,MAINTENANCE_COMPLETED,1106
2025-05-30,REPAIR_COMPLETED,764
2025-05-31,DEVICE_DISPOSED,13
2025-05-31,DEVICE_RECEIVED,139
2025-05-31,DEVICE_REGISTERED,6
2025-05-31,DEVICE_STATUS_CHANGED,711
2025-05-31,DEVICE_TRANSFERRED,649
2025-05-31,MAINTENANCE_COMPLETED,1113
2025-05-31,REPAIR_COMPLETED,768
2025-06-01,DEVICE_DISPOSED,21
2025-06-01,DEVICE_RECEIVED,123
2025-06-01,DEVICE_REGISTERED,9
2025-06-01,DEVICE_STATUS_CHANGED,747
2025-06-01,DEVICE_TRANSFERRED,660
2025-06-01,MAINTENANCE_COMPLETED,1163
2025-06-01,REPAIR_COMPLETED,819
2025-06-02,DEVICE_DISPOSED,32
2025-06-02,DEVICE_RECEIVED,140
2025-06-02,DEVICE_REGISTERED,3
2025-06-02,DEVICE_STATUS_CHANGED,751
2025-06-02,DEVICE_TRANSFERRED,701
2025-06-02,MAINTENANCE_COMPLETED,1079
2025-06-02,REPAIR_COMPLETED,788
2025-06-03,DEVICE_DISPOSED,19
2025-06-03,DEVICE_RECEIVED,126
2025-06-03,DEVICE_REGISTERED,5
2025-06-03,DEVICE_STATUS_CHANGED,749
2025-06-03,DEVICE_TRANSFERRED,678
2025-06-03,MAINTENANCE_COMPLETED,1131
2025-06-03,REPAIR_COMPLETED,805
2025-06-04,DEVICE_DISPOSED,17
2025-06-04,DEVICE_RECEIVED,131
2025-06-04,DEVICE_REGISTERED,8
2025-06-04,DEVICE_STATUS_CHANGED,708
2025-06-04,DEVICE_TRANSFERRED,651
2025-06-04,MAINTENANCE_COMPLETED,1056
2025-06-04,REPAIR_COMPLETED,731
2025-06-05,DEVICE_DISPOSED,30
2025-06-05,DEVICE_RECEIVED,132
2025-06-05,DEVICE_REGISTERED,6
2025-06-05,DEVICE_STATUS_CHANGED,771
2025-06-05,DEVICE_TRANSFERRED,625
2025-06-05,MAINTENANCE_COMPLETED,1068
2025-06-05,REPAIR_COMPLETED,748
2025-06-06,DEVICE_DISPOSED,19
2025-06-06,DEVICE_RECEIVED,95
2025-06-06,DEVICE_REGISTERED,2
2025-06-06,DEVICE_STATUS_CHANGED,739
2025-06-06,DEVICE_TRANSFERRED,634
2025-06-06,MAINTENANCE_COMPLETED,1135
2025-06-06,REPAIR_COMPLETED,756
2025-06-07,DEVICE_DISPOSED,16
2025-06-07,DEVICE_RECEIVED,113
2025-06-07,DEVICE_REGISTERED,8
2025-06-07,DEVICE_STATUS_CHANGED,736
2025-06-07,DEVICE_TRANSFERRED,686
2025-06-07,MAINTENANCE_COMPLETED,1081
2025-06-07,REPAIR_COMPLETED,760
2025-06-08,DEVICE_DISPOSED,18
2025-06-08,DEVICE_RECEIVED,141
2025-06-08,DEVICE_REGISTERED,6
2025-06-08,DEVICE_STATUS_CHANGED,764
2025-06-08,DEVICE_TRANSFERRED,629
2025-06-08,MAINTENANCE_COMPLETED,1113
2025-06-08,REPAIR_COMPLETED,742
2025-06-09,DEVICE_DISPOSED,30
2025-06-09,DEVICE_RECEIVED,137
2025-06-09,DEVICE_REGISTERED,5
2025-06-09,DEVICE_STATUS_CHANGED,712
2025-06-09,DEVICE_TRANSFERRED,715
2025-06-09,MAINTENANCE_COMPLETED,1087
2025-06-09,REPAIR_COMPLETED,752
2025-06-10,DEVICE_DISPOSED,27
2025-06-10,DEVICE_RECEIVED,125
2025-06-10,DEVICE_REGISTERED,8
2025-06-10,DEVICE_STATUS_CHANGED,746
2025-06-10,DEVICE_TRANSFERRED,654
2025-06-10,MAINTENANCE_COMPLETED,1148
2025-06-10,REPAIR_COMPLETED,745
2025-06-11,DEVICE_DISPOSED,15
2025-06-11,DEVICE_RECEIVED,145
2025-06-11,DEVICE_REGISTERED,10
2025-06-11,DEVICE_STATUS_CHANGED,726
2025-06-11,DEVICE_TRANSFERRED,654
2025-06-11,MAINTENANCE_COMPLETED,1184
2025-06-11,REPAIR_COMPLETED,775
2025-06-12,DEVICE_DISPOSED,23
2025-06-12,DEVICE_RECEIVED,128
2025-06-12,DEVICE_REGISTERED,6
2025-06-12,DEVICE_STATUS_CHANGED,715
2025-06-12,DEVICE_TRANSFERRED,675
2025-06-12,MAINTENANCE_COMPLETED,1073
2025-06-12,REPAIR_COMPLETED,763
2025-06-13,DEVICE_DISPOSED,22
2025-06-13,DEVICE_RECEIVED,125
2025-06-13,DEVICE_REGISTERED,9
2025-06-13,DEVICE_STATUS_CHANGED,741
2025-06-13,DEVICE_TRANSFERRED,622
2025-06-13,MAINTENANCE_COMPLETED,1064
2025-06-13,REPAIR_COMPLETED,764
2025-06-14,DEVICE_DISPOSED,28
2025-06-14,DEVICE_RECEIVED,135
2025-06-14,DEVICE_REGISTERED,10
2025-06-14,DEVICE_STATUS_CHANGED,734
2025-06-14,DEVICE_TRANSFERRED,688
2025-06-14,MAINTENANCE_COMPLETED,1123
2025-06-14,REPAIR_COMPLETED,837
2025-06-15,DEVICE_DISPOSED,21
2025-06-15,DEVICE_RECEIVED,149
2025-06-15,DEVICE_REGISTERED,4
2025-06-15,DEVICE_STATUS_CHANGED,736
2025-06-15,DEVICE_TRANSFERRED,650
2025-06-15,MAINTENANCE_COMPLETED,1106
2025-06-15,REPAIR_COMPLETED,784
2025-06-16,DEVICE_DISPOSED,19
2025-06-16,DEVICE_RECEIVED,124
2025-06-16,DEVICE_REGISTERED,10
2025-06-16,DEVICE_STATUS_CHANGED,702
2025-06-16,DEVICE_TRANSFERRED,630
2025-06-16,MAINTENANCE_COMPLETED,1106
2025-06-16,REPAIR_COMPLETED,776
2025-06-17,DEVICE_DISPOSED,19
2025-06-17,DEVICE_RECEIVED,125
2025-06-17,DEVICE_REGISTERED,6
2025-06-17,DEVICE_STATUS_CHANGED,718
2025-06-17,DEVICE_TRANSFERRED,654
2025-06-17,MAINTENANCE_COMPLETED,1079
2025-06-17,REPAIR_COMPLETED,781
2025-06-18,DEVICE_DISPOSED,12
2025-06-18,DEVICE_RECEIVED,119
2025-06-18,DEVICE_REGISTERED,9
2025-06-18,DEVICE_STATUS_CHANGED,749
2025-06-18,DEVICE_TRANSFERRED,675
2025-06-18,MAINTENANCE_COMPLETED,1115
2025-06-18,REPAIR_COMPLETED,766
2025-06-19,DEVICE_DISPOSED,20
2025-06-19,DEVICE_RECEIVED,130
2025-06-19,DEVICE_REGISTERED,7
2025-06-19,DEVICE_STATUS_CHANGED,746
2025-06-19,DEVICE_TRANSFERRED,669
2025-06-19,MAINTENANCE_COMPLETED,1138
2025-06-19,REPAIR_COMPLETED,783
2025-06-20,DEVICE_DISPOSED,17
2025-06-20,DEVICE_RECEIVED,136
2025-06-20,DEVICE_REGISTERED,7
2025-06-20,DEVICE_STATUS_CHANGED,693
2025-06-20,DEVICE_TRANSFERRED,676
2025-06-20,MAINTENANCE_COMPLETED,1103
2025-06-20,REPAIR_COMPLETED,762
2025-06-21,DEVICE_DISPOSED,17
2025-06-21,DEVICE_RECEIVED,157
2025-06-21,DEVICE_REGISTERED,5
2025-06-21,DEVICE_STATUS_CHANGED,745
2025-06-21,DEVICE_TRANSFERRED,655
2025-06-21,MAINTENANCE_COMPLETED,1052
2025-06-21,REPAIR_COMPLETED,709
2025-06-22,DEVICE_DISPOSED,17
2025-06-22,DEVICE_RECEIVED,139
2025-06-22,DEVICE_REGISTERED,8
2025-06-22,DEVICE_STATUS_CHANGED,708
2025-06-22,DEVICE_TRANSFERRED,651
2025-06-22,MAINTENANCE_COMPLETED,1155
2025-06-22,REPAIR_COMPLETED,783
2025-06-23,DEVICE_DISPOSED,27
2025-06-23,DEVICE_RECEIVED,118
2025-06-23,DEVICE_REGISTERED,6
2025-06-23,DEVICE_STATUS_CHANGED,746
2025-06-23,DEVICE_TRANSFERRED,650
2025-06-23,MAINTENANCE_COMPLETED,1096
2025-06-23,REPAIR_COMPLETED,770
2025-06-24,DEVICE_DISPOSED,21
2025-06-24,DEVICE_RECEIVED,129
2025-06-24,DEVICE_REGISTERED,6
2025-06-24,DEVICE_STATUS_CHANGED,727
2025-06-24,DEVICE_TRANSFERRED,621
2025-06-24,MAINTENANCE_COMPLETED,1079
2025-06-24,REPAIR_COMPLETED,766
2025-06-25,DEVICE_DISPOSED,21
2025-06-25,DEVICE_RECEIVED,125
2025-06-25,DEVICE_REGISTERED,11
2025-06-25,DEVICE_STATUS_CHANGED,756
2025-06-25,DEVICE_TRANSFERRED,657
2025-06-25,MAINTENANCE_COMPLETED,1085
2025-06-25,REPAIR_COMPLETED,768
2025-06-26,DEVICE_DISPOSED,23
2025-06-26,DEVICE_RECEIVED,130
2025-06-26,DEVICE_REGISTERED,9
2025-06-26,DEVICE_STATUS_CHANGED,696
2025-06-26,DEVICE_TRANSFERRED,687
2025-06-26,MAINTENANCE_COMPLETED,1064
2025-06-26,REPAIR_COMPLETED,750
2025-06-27,DEVICE_DISPOSED,26
2025-06-27,DEVICE_RECEIVED,123
2025-06-27,DEVICE_REGISTERED,12
2025-06-27,DEVICE_STATUS_CHANGED,718
2025-06-27,DEVICE_TRANSFERRED,683
2025-06-27,MAINTENANCE_COMPLETED,1127
2025-06-27,REPAIR_COMPLETED,806
2025-06-28,DEVICE_DISPOSED,25
2025-06-28,DEVICE_RECEIVED,121
2025-06-28,DEVICE_REGISTERED,7
2025-06-28,DEVICE_STATUS_CHANGED,750
2025-06-28,DEVICE_TRANSFERRED,677
2025-06-28,MAINTENANCE_COMPLETED,1133
2025-06-28,REPAIR_COMPLETED,793
2025-06-29,DEVICE_DISPOSED,17
2025-06-29,DEVICE_RECEIVED,121
2025-06-29,DEVICE_REGISTERED,10
2025-06-29,DEVICE_STATUS_CHANGED,743
2025-06-29,DEVICE_TRANSFERRED,681
2025-06-29,MAINTENANCE_COMPLETED,1127
2025-06-29,REPAIR_COMPLETED,752
2025-06-30,DEVICE_DISPOSED,19
2025-06-30,DEVICE_RECEIVED,148
2025-06-30,DEVICE_REGISTERED,1
2025-06-30,DEVICE_STATUS_CHANGED,690
2025-06-30,DEVICE_TRANSFERRED,669
2025-06-30,MAINTENANCE_COMPLETED,1082
2025-06-30,REPAIR_COMPLETED,802
2025-07-01,DEVICE_DISPOSED,16
2025-07-01,DEVICE_RECEIVED,150
2025-07-01,DEVICE_REGISTERED,3
2025-07-01,DEVICE_STATUS_CHANGED,722
2025-07-01,DEVICE_TRANSFERRED,679
2025-07-01,MAINTENANCE_COMPLETED,1059
2025-07-01,REPAIR_COMPLETED,743
2025-07-02,DEVICE_DISPOSED,27
2025-07-02,DEVICE_RECEIVED,114
2025-07-02,DEVICE_REGISTERED,4
2025-07-02,DEVICE_STATUS_CHANGED,711
2025-07-02,DEVICE_TRANSFERRED,681
2025-07-02,MAINTENANCE_COMPLETED,1113
2025-07-02,REPAIR_COMPLETED,739
2025-07-03,DEVICE_DISPOSED,22
2025-07-03,DEVICE_RECEIVED,133
2025-07-03,DEVICE_REGISTERED,10
2025-07-03,DEVICE_STATUS_CHANGED,720
2025-07-03,DEVICE_TRANSFERRED,640
2025-07-03,MAINTENANCE_COMPLETED,1130
2025-07-03,REPAIR_COMPLETED,744
2025-07-04,DEVICE_DISPOSED,24
2025-07-04,DEVICE_RECEIVED,133
2025-07-04,DEVICE_REGISTERED,7
2025-07-04,DEVICE_STATUS_CHANGED,686
2025-07-04,DEVICE_TRANSFERRED,634
2025-07-04,MAINTENANCE_COMPLETED,1092
2025-07-04,REPAIR_COMPLETED,831
2025-07-05,DEVICE_DISPOSED,24
2025-07-05,DEVICE_RECEIVED,119
2025-07-05,DEVICE_REGISTERED,7
2025-07-05,DEVICE_STATUS_CHANGED,731
2025-07-05,DEVICE_TRANSFERRED,634
2025-07-05,MAINTENANCE_COMPLETED,1122
2025-07-05,REPAIR_COMPLETED,770
2025-07-06,DEVICE_DISPOSED,23
2025-07-06,DEVICE_RECEIVED,142
2025-07-06,DEVICE_REGISTERED,9
2025-07-06,DEVICE_STATUS_CHANGED,677
2025-07-06,DEVICE_TRANSFERRED,716
2025-07-06,MAINTENANCE_COMPLETED,1154
2025-07-06,REPAIR_COMPLETED,783
2025-07-07,DEVICE_DISPOSED,26
2025-07-07,DEVICE_RECEIVED,144
2025-07-07,DEVICE_REGISTERED,8
2025-07-07,DEVICE_STATUS_CHANGED,727
2025-07-07,DEVICE_TRANSFERRED,658
2025-07-07,MAINTENANCE_COMPLETED,1130
2025-07-07,REPAIR_COMPLETED,768
2025-07-08,DEVICE_DISPOSED,29
2025-07-08,DEVICE_RECEIVED,116
2025-07-08,DEVICE_REGISTERED,8
2025-07-08,DEVICE_STATUS_CHANGED,729
2025-07-08,DEVICE_TRANSFERRED,670
2025-07-08,MAINTENANCE_COMPLETED,1108
2025-07-08,REPAIR_COMPLETED,777
2025-07-09,DEVICE_DISPOSED,22
2025-07-09,DEVICE_RECEIVED,135
2025-07-09,DEVICE_REGISTERED,6
2025-07-09,DEVICE_STATUS_CHANGED,741
2025-07-09,DEVICE_TRANSFERRED,665
2025-07-09,MAINTENANCE_COMPLETED,1100
2025-07-09,REPAIR_COMPLETED,765
2025-07-10,DEVICE_DISPOSED,20
2025-07-10,DEVICE_RECEIVED,115
2025-07-10,DEVICE_REGISTERED,11
2025-07-10,DEVICE_STATUS_CHANGED,754
2025-07-10,DEVICE_TRANSFERRED,678
2025-07-10,MAINTENANCE_COMPLETED,1062
2025-07-10,REPAIR_COMPLETED,726
2025-07-11,DEVICE_DISPOSED,26
2025-07-11,DEVICE_RECEIVED,122
2025-07-11,DEVICE_REGISTERED,5
2025-07-11,DEVICE_STATUS_CHANGED,734
2025-07-11,DEVICE_TRANSFERRED,594
2025-07-11,MAINTENANCE_COMPLETED,1095
2025-07-11,REPAIR_COMPLETED,798
2025-07-12,DEVICE_DISPOSED,17
2025-07-12,DEVICE_RECEIVED,135
2025-07-12,DEVICE_REGISTERED,9
2025-07-12,DEVICE_STATUS_CHANGED,681
2025-07-12,DEVICE_TRANSFERRED,631
2025-07-12,MAINTENANCE_COMPLETED,1104
2025-07-12,REPAIR_COMPLETED,757
2025-07-13,DEVICE_DISPOSED,23
2025-07-13,DEVICE_RECEIVED,129
2025-07-13,DEVICE_REGISTERED,8
2025-07-13,DEVICE_STATUS_CHANGED,731
2025-07-13,DEVICE_TRANSFERRED,637
2025-07-13,MAINTENANCE_COMPLETED,1107
2025-07-13,REPAIR_COMPLETED,782
2025-07-14,DEVICE_DISPOSED,24
2025-07-14,DEVICE_RECEIVED,145
2025-07-14,DEVICE_REGISTERED,6
2025-07-14,DEVICE_STATUS_CHANGED,702
2025-07-14,DEVICE_TRANSFERRED,608
2025-07-14,MAINTENANCE_COMPLETED,1154
2025-07-14,REPAIR_COMPLETED,793
2025-07-15,DEVICE_DISPOSED,29
2025-07-15,DEVICE_RECEIVED,141
2025-07-15,DEVICE_REGISTERED,10
2025-07-15,DEVICE_STATUS_CHANGED,691
2025-07-15,DEVICE_TRANSFERRED,654
2025-07-15,MAINTENANCE_COMPLETED,1070
2025-07-15,REPAIR_COMPLETED,815
2025-07-16,DEVICE_DISPOSED,23
2025-07-16,DEVICE_RECEIVED,124
2025-07-16,DEVICE_REGISTERED,12
2025-07-16,DEVICE_STATUS_CHANGED,712
2025-07-16,DEVICE_TRANSFERRED,639
2025-07-16,MAINTENANCE_COMPLETED,1101
2025-07-16,REPAIR_COMPLETED,745
2025-07-17,DEVICE_DISPOSED,21
2025-07-17,DEVICE_RECEIVED,128
2025-07-17,DEVICE_REGISTERED,9
2025-07-17,DEVICE_STATUS_CHANGED,723
2025-07-17,DEVICE_TRANSFERRED,663
2025-07-17,MAINTENANCE_COMPLETED,1148
2025-07-17,REPAIR_COMPLETED,805
2025-07-18,DEVICE_DISPOSED,25
2025-07-18,DEVICE_RECEIVED,146
2025-07-18,DEVICE_REGISTERED,10
2025-07-18,DEVICE_STATUS_CHANGED,708
2025-07-18,DEVICE_TRANSFERRED,638
2025-07-18,MAINTENANCE_COMPLETED,1108
2025-07-18,REPAIR_COMPLETED,783
2025-07-19,DEVICE_DISPOSED,21
2025-07-19,DEVICE_RECEIVED,124
2025-07-19,DEVICE_REGISTERED,10
2025-07-19,DEVICE_STATUS_CHANGED,763
2025-07-19,DEVICE_TRANSFERRED,689
2025-07-19,MAINTENANCE_COMPLETED,1082
2025-07-19,REPAIR_COMPLETED,733
2025-07-20,DEVICE_DISPOSED,17
2025-07-20,DEVICE_RECEIVED,140
2025-07-20,DEVICE_REGISTERED,4
2025-07-20,DEVICE_STATUS_CHANGED,717
2025-07-20,DEVICE_TRANSFERRED,658
2025-07-20,MAINTENANCE_COMPLETED,1147
2025-07-20,REPAIR_COMPLETED,789
2025-07-21,DEVICE_DISPOSED,20
2025-07-21,DEVICE_RECEIVED,124
2025-07-21,DEVICE_REGISTERED,8
2025-07-21,DEVICE_STATUS_CHANGED,744
2025-07-21,DEVICE_TRANSFERRED,671
2025-07-21,MAINTENANCE_COMPLETED,1100
2025-07-21,REPAIR_COMPLETED,760
2025-07-22,DEVICE_DISPOSED,25
2025-07-22,DEVICE_RECEIVED,141
2025-07-22,DEVICE_REGISTERED,16
2025-07-22,DEVICE_STATUS_CHANGED,692
2025-07-22,DEVICE_TRANSFERRED,657
2025-07-22,MAINTENANCE_COMPLETED,1067
2025-07-22,REPAIR_COMPLETED,735
2025-07-23,DEVICE_DISPOSED,33
2025-07-23,DEVICE_RECEIVED,137
2025-07-23,DEVICE_REGISTERED,9
2025-07-23,DEVICE_STATUS_CHANGED,706
2025-07-23,DEVICE_TRANSFERRED,664
2025-07-23,MAINTENANCE_COMPLETED,1117
2025-07-23,REPAIR_COMPLETED,722
2025-07-24,DEVICE_DISPOSED,22
2025-07-24,DEVICE_RECEIVED,128
2025-07-24,DEVICE_REGISTERED,3
2025-07-24,DEVICE_STATUS_CHANGED,735
2025-07-24,DEVICE_TRANSFERRED,664
2025-07-24,MAINTENANCE_COMPLETED,1137
2025-07-24,REPAIR_COMPLETED,795
2025-07-25,DEVICE_DISPOSED,15
2025-07-25,DEVICE_RECEIVED,140
2025-07-25,DEVICE_REGISTERED,8
2025-07-25,DEVICE_STATUS_CHANGED,768
2025-07-25,DEVICE_TRANSFERRED,686
2025-07-25,MAINTENANCE_COMPLETED,1118
2025-07-25,REPAIR_COMPLETED,796
2025-07-26,DEVICE_DISPOSED,17
2025-07-26,DEVICE_RECEIVED,131
2025-07-26,DEVICE_REGISTERED,6
2025-07-26,DEVICE_STATUS_CHANGED,722
2025-07-26,DEVICE_TRANSFERRED,622
2025-07-26,MAINTENANCE_COMPLETED,1117
2025-07-26,REPAIR_COMPLETED,711
2025-07-27,DEVICE_DISPOSED,20
2025-07-27,DEVICE_RECEIVED,130
2025-07-27,DEVICE_REGISTERED,5
2025-07-27,DEVICE_STATUS_CHANGED,675
2025-07-27,DEVICE_TRANSFERRED,648
2025-07-27,MAINTENANCE_COMPLETED,1164
2025-07-27,REPAIR_COMPLETED,696
2025-07-28,DEVICE_DISPOSED,18
2025-07-28,DEVICE_RECEIVED,136
2025-07-28,DEVICE_REGISTERED,10
2025-07-28,DEVICE_STATUS_CHANGED,726
2025-07-28,DEVICE_TRANSFERRED,626
2025-07-28,MAINTENANCE_COMPLETED,1059
2025-07-28,REPAIR_COMPLETED,784
2025-07-29,DEVICE_DISPOSED,24
2025-07-29,DEVICE_RECEIVED,123
2025-07-29,DEVICE_REGISTERED,9
2025-07-29,DEVICE_STATUS_CHANGED,730
2025-07-29,DEVICE_TRANSFERRED,650
2025-07-29,MAINTENANCE_COMPLETED,1074
2025-07-29,REPAIR_COMPLETED,689
2025-07-30,DEVICE_DISPOSED,26
2025-07-30,DEVICE_RECEIVED,135
2025-07-30,DEVICE_REGISTERED,4
2025-07-30,DEVICE_STATUS_CHANGED,703
2025-07-30,DEVICE_TRANSFERRED,654
2025-07-30,MAINTENANCE_COMPLETED,1111
2025-07-30,REPAIR_COMPLETED,788
2025-07-31,DEVICE_DISPOSED,27
2025-07-31,DEVICE_RECEIVED,137
2025-07-31,DEVICE_REGISTERED,8
2025-07-31,DEVICE_STATUS_CHANGED,712
2025-07-31,DEVICE_TRANSFERRED,708
2025-07-31,MAINTENANCE_COMPLETED,1103
2025-07-31,REPAIR_COMPLETED,782
2025-08-01,DEVICE_DISPOSED,28
2025-08-01,DEVICE_RECEIVED,127
2025-08-01,DEVICE_REGISTERED,8
2025-08-01,DEVICE_STATUS_CHANGED,733
2025-08-01,DEVICE_TRANSFERRED,638
2025-08-01,MAINTENANCE_COMPLETED,1104
2025-08-01,REPAIR_COMPLETED,785
2025-08-02,DEVICE_DISPOSED,23
2025-08-02,DEVICE_RECEIVED,108
2025-08-02,DEVICE_REGISTERED,1
2025-08-02,DEVICE_STATUS_CHANGED,787
2025-08-02,DEVICE_TRANSFERRED,652
2025-08-02,MAINTENANCE_COMPLETED,1054
2025-08-02,REPAIR_COMPLETED,756
2025-08-03,DEVICE_DISPOSED,28
2025-08-03,DEVICE_RECEIVED,134
2025-08-03,DEVICE_REGISTERED,3
2025-08-03,DEVICE_STATUS_CHANGED,718
2025-08-03,DEVICE_TRANSFERRED,666
2025-08-03,MAINTENANCE_COMPLETED,1059
2025-08-03,REPAIR_COMPLETED,810
2025-08-04,DEVICE_DISPOSED,20
2025-08-04,DEVICE_RECEIVED,119
2025-08-04,DEVICE_REGISTERED,8
2025-08-04,DEVICE_STATUS_CHANGED,763
2025-08-04,DEVICE_TRANSFERRED,647
2025-08-04,MAINTENANCE_COMPLETED,1140
2025-08-04,REPAIR_COMPLETED,750
2025-08-05,DEVICE_DISPOSED,26
2025-08-05,DEVICE_RECEIVED,136
2025-08-05,DEVICE_REGISTERED,9
2025-08-05,DEVICE_STATUS_CHANGED,775
2025-08-05,DEVICE_TRANSFERRED,635
2025-08-05,MAINTENANCE_COMPLETED,1037
2025-08-05,REPAIR_COMPLETED,765
2025-08-06,DEVICE_DISPOSED,19
2025-08-06,DEVICE_RECEIVED,124
2025-08-06,DEVICE_REGISTERED,8
2025-08-06,DEVICE_STATUS_CHANGED,754
2025-08-06,DEVICE_TRANSFERRED,663
2025-08-06,MAINTENANCE_COMPLETED,1099
2025-08-06,REPAIR_COMPLETED,826
2025-08-07,DEVICE_DISPOSED,22
2025-08-07,DEVICE_RECEIVED,145
2025-08-07,DEVICE_REGISTERED,14
2025-08-07,DEVICE_STATUS_CHANGED,722
2025-08-07,DEVICE_TRANSFERRED,684
2025-08-07,MAINTENANCE_COMPLETED,1135
2025-08-07,REPAIR_COMPLETED,719
2025-08-08,DEVICE_DISPOSED,23
2025-08-08,DEVICE_RECEIVED,138
2025-08-08,DEVICE_REGISTERED,6
2025-08-08,DEVICE_STATUS_CHANGED,747
2025-08-08,DEVICE_TRANSFERRED,663
2025-08-08,MAINTENANCE_COMPLETED,1017
2025-08-08,REPAIR_COMPLETED,725
2025-08-09,DEVICE_DISPOSED,25
2025-08-09,DEVICE_RECEIVED,142
2025-08-09,DEVICE_REGISTERED,6
2025-08-09,DEVICE_STATUS_CHANGED,752
2025-08-09,DEVICE_TRANSFERRED,665
2025-08-09,MAINTENANCE_COMPLETED,1085
2025-08-09,REPAIR_COMPLETED,767
2025-08-10,DEVICE_DISPOSED,27
2025-08-10,DEVICE_RECEIVED,145
2025-08-10,DEVICE_REGISTERED,4
2025-08-10,DEVICE_STATUS_CHANGED,740
2025-08-10,DEVICE_TRANSFERRED,625
2025-08-10,MAINTENANCE_COMPLETED,1160
2025-08-10,REPAIR_COMPLETED,782
2025-08-11,DEVICE_DISPOSED,27
2025-08-11,DEVICE_RECEIVED,142
2025-08-11,DEVICE_REGISTERED,9
2025-08-11,DEVICE_STATUS_CHANGED,755
2025-08-11,DEVICE_TRANSFERRED,668
2025-08-11,MAINTENANCE_COMPLETED,1136
2025-08-11,REPAIR_COMPLETED,796
2025-08-12,DEVICE_DISPOSED,25
2025-08-12,DEVICE_RECEIVED,137
2025-08-12,DEVICE_REGISTERED,4
2025-08-12,DEVICE_STATUS_CHANGED,735
2025-08-12,DEVICE_TRANSFERRED,680
2025-08-12,MAINTENANCE_COMPLETED,1105
2025-08-12,REPAIR_COMPLETED,800
2025-08-13,DEVICE_DISPOSED,28
2025-08-13,DEVICE_RECEIVED,139
2025-08-13,DEVICE_REGISTERED,5
2025-08-13,DEVICE_STATUS_CHANGED,763
2025-08-13,DEVICE_TRANSFERRED,684
2025-08-13,MAINTENANCE_COMPLETED,1072
2025-08-13,REPAIR_COMPLETED,749
2025-08-14,DEVICE_DISPOSED,23
2025-08-14,DEVICE_RECEIVED,149
2025-08-14,DEVICE_REGISTERED,10
2025-08-14,DEVICE_STATUS_CHANGED,738
2025-08-14,DEVICE_TRANSFERRED,649
2025-08-14,MAINTENANCE_COMPLETED,1096
2025-08-14,REPAIR_COMPLETED,742
2025-08-15,DEVICE_DISPOSED,17
2025-08-15,DEVICE_RECEIVED,128
2025-08-15,DEVICE_REGISTERED,10
2025-08-15,DEVICE_STATUS_CHANGED,780
2025-08-15,DEVICE_TRANSFERRED,635
2025-08-15,MAINTENANCE_COMPLETED,1101
2025-08-15,REPAIR_COMPLETED,763
2025-08-16,DEVICE_DISPOSED,24
2025-08-16,DEVICE_RECEIVED,128
2025-08-16,DEVICE_REGISTERED,6
2025-08-16,DEVICE_STATUS_CHANGED,734
2025-08-16,DEVICE_TRANSFERRED,625
2025-08-16,MAINTENANCE_COMPLETED,1072
2025-08-16,REPAIR_COMPLETED,776
2025-08-17,DEVICE_DISPOSED,20
2025-08-17,DEVICE_RECEIVED,130
2025-08-17,DEVICE_REGISTERED,9
2025-08-17,DEVICE_STATUS_CHANGED,698
2025-08-17,DEVICE_TRANSFERRED,684
2025-08-17,MAINTENANCE_COMPLETED,1114
2025-08-17,REPAIR_COMPLETED,767
2025-08-18,DEVICE_DISPOSED,27
2025-08-18,DEVICE_RECEIVED,137
2025-08-18,DEVICE_REGISTERED,3
2025-08-18,DEVICE_STATUS_CHANGED,747
2025-08-18,DEVICE_TRANSFERRED,627
2025-08-18,MAINTENANCE_COMPLETED,1127
2025-08-18,REPAIR_COMPLETED,767
2025-08-19,DEVICE_DISPOSED,24
2025-08-19,DEVICE_RECEIVED,137
2025-08-19,DEVICE_REGISTERED,6
2025-08-19,DEVICE_STATUS_CHANGED,701
2025-08-19,DEVICE_TRANSFERRED,669
2025-08-19,MAINTENANCE_COMPLETED,1128
2025-08-19,REPAIR_COMPLETED,754
2025-08-20,DEVICE_DISPOSED,23
2025-08-20,DEVICE_RECEIVED,124
2025-08-20,DEVICE_REGISTERED,7
2025-08-20,DEVICE_STATUS_CHANGED,773
2025-08-20,DEVICE_TRANSFERRED,644
2025-08-20,MAINTENANCE_COMPLETED,1045
2025-08-20,REPAIR_COMPLETED,784
2025-08-21,DEVICE_DISPOSED,19
2025-08-21,DEVICE_RECEIVED,145
2025-08-21,DEVICE_REGISTERED,7
2025-08-21,DEVICE_STATUS_CHANGED,761
2025-08-21,DEVICE_TRANSFERRED,629
2025-08-21,MAINTENANCE_COMPLETED,1106
2025-08-21,REPAIR_COMPLETED,747
2025-08-22,DEVICE_DISPOSED,21
2025-08-22,DEVICE_RECEIVED,130
2025-08-22,DEVICE_REGISTERED,2
2025-08-22,DEVICE_STATUS_CHANGED,703
2025-08-22,DEVICE_TRANSFERRED,648
2025-08-22,MAINTENANCE_COMPLETED,1050
2025-08-22,REPAIR_COMPLETED,768
2025-08-23,DEVICE_DISPOSED,16
2025-08-23,DEVICE_RECEIVED,130
2025-08-23,DEVICE_REGISTERED,7
2025-08-23,DEVICE_STATUS_CHANGED,806
2025-08-23,DEVICE_TRANSFERRED,688
2025-08-23,MAINTENANCE_COMPLETED,1093
2025-08-23,REPAIR_COMPLETED,753
2025-08-24,DEVICE_DISPOSED,31
2025-08-24,DEVICE_RECEIVED,107
2025-08-24,DEVICE_REGISTERED,8
2025-08-24,DEVICE_STATUS_CHANGED,732
2025-08-24,DEVICE_TRANSFERRED,636
2025-08-24,MAINTENANCE_COMPLETED,1082
2025-08-24,REPAIR_COMPLETED,782
2025-08-25,DEVICE_DISPOSED,13
2025-08-25,DEVICE_RECEIVED,138
2025-08-25,DEVICE_REGISTERED,9
2025-08-25,DEVICE_STATUS_CHANGED,741
2025-08-25,DEVICE_TRANSFERRED,671
2025-08-25,MAINTENANCE_COMPLETED,1135
2025-08-25,REPAIR_COMPLETED,749
2025-08-26,DEVICE_DISPOSED,20
2025-08-26,DEVICE_RECEIVED,124
2025-08-26,DEVICE_REGISTERED,9
2025-08-26,DEVICE_STATUS_CHANGED,764
2025-08-26,DEVICE_TRANSFERRED,645
2025-08-26,MAINTENANCE_COMPLETED,1077
2025-08-26,REPAIR_COMPLETED,783
2025-08-27,DEVICE_DISPOSED,26
2025-08-27,DEVICE_RECEIVED,110
2025-08-27,DEVICE_REGISTERED,3
2025-08-27,DEVICE_STATUS_CHANGED,736
2025-08-27,DEVICE_TRANSFERRED,678
2025-08-27,MAINTENANCE_COMPLETED,1059
2025-08-27,REPAIR_COMPLETED,772
2025-08-28,DEVICE_DISPOSED,31
2025-08-28,DEVICE_RECEIVED,113
2025-08-28,DEVICE_REGISTERED,7
2025-08-28,DEVICE_STATUS_CHANGED,707
2025-08-28,DEVICE_TRANSFERRED,682
2025-08-28,MAINTENANCE_COMPLETED,1173
2025-08-28,REPAIR_COMPLETED,754
2025-08-29,DEVICE_DISPOSED,30
2025-08-29,DEVICE_RECEIVED,126
2025-08-29,DEVICE_REGISTERED,13
2025-08-29,DEVICE_STATUS_CHANGED,772
2025-08-29,DEVICE_TRANSFERRED,668
2025-08-29,MAINTENANCE_COMPLETED,1094
2025-08-29,REPAIR_COMPLETED,722
2025-08-30,DEVICE_DISPOSED,23
2025-08-30,DEVICE_RECEIVED,114
2025-08-30,DEVICE_REGISTERED,10
2025-08-30,DEVICE_STATUS_CHANGED,734
2025-08-30,DEVICE_TRANSFERRED,688
2025-08-30,MAINTENANCE_COMPLETED,1064
2025-08-30,REPAIR_COMPLETED,741
2025-08-31,DEVICE_DISPOSED,19
2025-08-31,DEVICE_RECEIVED,135
2025-08-31,DEVICE_REGISTERED,6
2025-08-31,DEVICE_STATUS_CHANGED,738
2025-08-31,DEVICE_TRANSFERRED,655
2025-08-31,MAINTENANCE_COMPLETED,1109
2025-08-31,REPAIR_COMPLETED,783
2025-09-01,DEVICE_DISPOSED,27
2025-09-01,DEVICE_RECEIVED,131
2025-09-01,DEVICE_REGISTERED,9
2025-09-01,DEVICE_STATUS_CHANGED,712
2025-09-01,DEVICE_TRANSFERRED,667
2025-09-01,MAINTENANCE_COMPLETED,1121
2025-09-01,REPAIR_COMPLETED,785
2025-09-02,DEVICE_DISPOSED,22
2025-09-02,DEVICE_RECEIVED,130
2025-09-02,DEVICE_REGISTERED,4
2025-09-02,DEVICE_STATUS_CHANGED,708
2025-09-02,DEVICE_TRANSFERRED,656
2025-09-02,MAINTENANCE_COMPLETED,1130
2025-09-02,REPAIR_COMPLETED,786
2025-09-03,DEVICE_DISPOSED,17
2025-09-03,DEVICE_RECEIVED,120
2025-09-03,DEVICE_REGISTERED,9
2025-09-03,DEVICE_STATUS_CHANGED,744
2025-09-03,DEVICE_TRANSFERRED,577
2025-09-03,MAINTENANCE_COMPLETED,1109
2025-09-03,REPAIR_COMPLETED,799
2025-09-04,DEVICE_DISPOSED,24
2025-09-04,DEVICE_RECEIVED,140
2025-09-04,DEVICE_REGISTERED,5
2025-09-04,DEVICE_STATUS_CHANGED,696
2025-09-04,DEVICE_TRANSFERRED,663
2025-09-04,MAINTENANCE_COMPLETED,1084
2025-09-04,REPAIR_COMPLETED,774
2025-09-05,DEVICE_DISPOSED,17
2025-09-05,DEVICE_RECEIVED,127
2025-09-05,DEVICE_REGISTERED,5
2025-09-05,DEVICE_STATUS_CHANGED,756
2025-09-05,DEVICE_TRANSFERRED,672
2025-09-05,MAINTENANCE_COMPLETED,1165
2025-09-05,REPAIR_COMPLETED,719
2025-09-06,DEVICE_DISPOSED,29
2025-09-06,DEVICE_RECEIVED,132
2025-09-06,DEVICE_REGISTERED,4
2025-09-06,DEVICE_STATUS_CHANGED,705
2025-09-06,DEVICE_TRANSFERRED,633
2025-09-06,MAINTENANCE_COMPLETED,1113
2025-09-06,REPAIR_COMPLETED,751
2025-09-07,DEVICE_DISPOSED,19
2025-09-07,DEVICE_RECEIVED,165
2025-09-07,DEVICE_REGISTERED,10
2025-09-07,DEVICE_STATUS_CHANGED,752
2025-09-07,DEVICE_TRANSFERRED,701
2025-09-07,MAINTENANCE_COMPLETED,1134
2025-09-07,REPAIR_COMPLETED,750
2025-09-08,DEVICE_DISPOSED,25
2025-09-08,DEVICE_RECEIVED,126
2025-09-08,DEVICE_REGISTERED,5
2025-09-08,DEVICE_STATUS_CHANGED,684
2025-09-08,DEVICE_TRANSFERRED,683
2025-09-08,MAINTENANCE_COMPLETED,1092
2025-09-08,REPAIR_COMPLETED,772
2025-09-09,DEVICE_DISPOSED,33
2025-09-09,DEVICE_RECEIVED,138
2025-09-09,DEVICE_REGISTERED,4
2025-09-09,DEVICE_STATUS_CHANGED,729
2025-09-09,DEVICE_TRANSFERRED,675
2025-09-09,MAINTENANCE_COMPLETED,1108
2025-09-09,REPAIR_COMPLETED,766
2025-09-10,DEVICE_DISPOSED,30
2025-09-10,DEVICE_RECEIVED,120
2025-09-10,DEVICE_REGISTERED,6
2025-09-10,DEVICE_STATUS_CHANGED,720
2025-09-10,DEVICE_TRANSFERRED,629
2025-09-10,MAINTENANCE_COMPLETED,1112
2025-09-10,REPAIR_COMPLETED,842
2025-09-11,DEVICE_DISPOSED,23
2025-09-11,DEVICE_RECEIVED,143
2025-09-11,DEVICE_REGISTERED,4
2025-09-11,DEVICE_STATUS_CHANGED,743
2025-09-11,DEVICE_TRANSFERRED,667
2025-09-11,MAINTENANCE_COMPLETED,1094
2025-09-11,REPAIR_COMPLETED,772
2025-09-12,DEVICE_DISPOSED,15
2025-09-12,DEVICE_RECEIVED,130
2025-09-12,DEVICE_REGISTERED,17
2025-09-12,DEVICE_STATUS_CHANGED,735
2025-09-12,DEVICE_TRANSFERRED,628
2025-09-12,MAINTENANCE_COMPLETED,1044
2025-09-12,REPAIR_COMPLETED,766
2025-09-13,DEVICE_DISPOSED,18
2025-09-13,DEVICE_RECEIVED,151
2025-09-13,DEVICE_REGISTERED,11
2025-09-13,DEVICE_STATUS_CHANGED,761
2025-09-13,DEVICE_TRANSFERRED,675
2025-09-13,MAINTENANCE_COMPLETED,1050
2025-09-13,REPAIR_COMPLETED,777
2025-09-14,DEVICE_DISPOSED,18
2025-09-14,DEVICE_RECEIVED,137
2025-09-14,DEVICE_REGISTERED,12
2025-09-14,DEVICE_STATUS_CHANGED,753
2025-09-14,DEVICE_TRANSFERRED,645
2025-09-14,MAINTENANCE_COMPLETED,1007
2025-09-14,REPAIR_COMPLETED,718
2025-09-15,DEVICE_DISPOSED,25
2025-09-15,DEVICE_RECEIVED,124
2025-09-15,DEVICE_REGISTERED,7
2025-09-15,DEVICE_STATUS_CHANGED,755
2025-09-15,DEVICE_TRANSFERRED,695
2025-09-15,MAINTENANCE_COMPLETED,1074
2025-09-15,REPAIR_COMPLETED,787
2025-09-16,DEVICE_DISPOSED,25
2025-09-16,DEVICE_RECEIVED,148
2025-09-16,DEVICE_REGISTERED,7
2025-09-16,DEVICE_STATUS_CHANGED,742
2025-09-16,DEVICE_TRANSFERRED,665
2025-09-16,MAINTENANCE_COMPLETED,1089
2025-09-16,REPAIR_COMPLETED,754
2025-09-17,DEVICE_DISPOSED,22
2025-09-17,DEVICE_RECEIVED,136
2025-09-17,DEVICE_REGISTERED,12
2025-09-17,DEVICE_STATUS_CHANGED,728
2025-09-17,DEVICE_TRANSFERRED,681
2025-09-17,MAINTENANCE_COMPLETED,1127
2025-09-17,REPAIR_COMPLETED,784
2025-09-18,DEVICE_DISPOSED,22
2025-09-18,DEVICE_RECEIVED,121
2025-09-18,DEVICE_REGISTERED,6
2025-09-18,DEVICE_STATUS_CHANGED,748
2025-09-18,DEVICE_TRANSFERRED,675
2025-09-18,MAINTENANCE_COMPLETED,1120
2025-09-18,REPAIR_COMPLETED,752
2025-09-19,DEVICE_DISPOSED,26
2025-09-19,DEVICE_RECEIVED,104
2025-09-19,DEVICE_REGISTERED,6
2025-09-19,DEVICE_STATUS_CHANGED,720
2025-09-19,DEVICE_TRANSFERRED,670
2025-09-19,MAINTENANCE_COMPLETED,1075
2025-09-19,REPAIR_COMPLETED,809
2025-09-20,DEVICE_DISPOSED,28
2025-09-20,DEVICE_RECEIVED,128
2025-09-20,DEVICE_REGISTERED,14
2025-09-20,DEVICE_STATUS_CHANGED,739
2025-09-20,DEVICE_TRANSFERRED,656
2025-09-20,MAINTENANCE_COMPLETED,1088
2025-09-20,REPAIR_COMPLETED,768
2025-09-21,DEVICE_DISPOSED,18
2025-09-21,DEVICE_RECEIVED,128
2025-09-21,DEVICE_REGISTERED,8
2025-09-21,DEVICE_STATUS_CHANGED,746
2025-09-21,DEVICE_TRANSFERRED,698
2025-09-21,MAINTENANCE_COMPLETED,1040
2025-09-21,REPAIR_COMPLETED,789
2025-09-22,DEVICE_DISPOSED,15
2025-09-22,DEVICE_RECEIVED,134
2025-09-22,DEVICE_REGISTERED,9
2025-09-22,DEVICE_STATUS_CHANGED,702
2025-09-22,DEVICE_TRANSFERRED,627
2025-09-22,MAINTENANCE_COMPLETED,1116
2025-09-22,REPAIR_COMPLETED,770
2025-09-23,DEVICE_DISPOSED,27
2025-09-23,DEVICE_RECEIVED,137
2025-09-23,DEVICE_REGISTERED,8
2025-09-23,DEVICE_STATUS_CHANGED,715
2025-09-23,DEVICE_TRANSFERRED,700
2025-09-23,MAINTENANCE_COMPLETED,1135
2025-09-23,REPAIR_COMPLETED,701
2025-09-24,DEVICE_DISPOSED,28
2025-09-24,DEVICE_RECEIVED,137
2025-09-24,DEVICE_REGISTERED,10
2025-09-24,DEVICE_STATUS_CHANGED,710
2025-09-24,DEVICE_TRANSFERRED,637
2025-09-24,MAINTENANCE_COMPLETED,1113
2025-09-24,REPAIR_COMPLETED,710
2025-09-25,DEVICE_DISPOSED,16
2025-09-25,DEVICE_RECEIVED,137
2025-09-25,DEVICE_REGISTERED,4
2025-09-25,DEVICE_STATUS_CHANGED,738
2025-09-25,DEVICE_TRANSFERRED,683
2025-09-25,MAINTENANCE_COMPLETED,1071
2025-09-25,REPAIR_COMPLETED,808
2025-09-26,DEVICE_DISPOSED,24
2025-09-26,DEVICE_RECEIVED,117
2025-09-26,DEVICE_REGISTERED,7
2025-09-26,DEVICE_STATUS_CHANGED,738
2025-09-26,DEVICE_TRANSFERRED,656
2025-09-26,MAINTENANCE_COMPLETED,1091
2025-09-26,REPAIR_COMPLETED,773
2025-09-27,DEVICE_DISPOSED,20
2025-09-27,DEVICE_RECEIVED,134
2025-09-27,DEVICE_REGISTERED,7
2025-09-27,DEVICE_STATUS_CHANGED,756
2025-09-27,DEVICE_TRANSFERRED,705
2025-09-27,MAINTENANCE_COMPLETED,1129
2025-09-27,REPAIR_COMPLETED,826
2025-09-28,DEVICE_DISPOSED,28
2025-09-28,DEVICE_RECEIVED,122
2025-09-28,DEVICE_REGISTERED,8
2025-09-28,DEVICE_STATUS_CHANGED,756
2025-09-28,DEVICE_TRANSFERRED,677
2025-09-28,MAINTENANCE_COMPLETED,1151
2025-09-28,REPAIR_COMPLETED,798
2025-09-29,DEVICE_DISPOSED,27
2025-09-29,DEVICE_RECEIVED,131
2025-09-29,DEVICE_REGISTERED,12
2025-09-29,DEVICE_STATUS_CHANGED,723
2025-09-29,DEVICE_TRANSFERRED,621
2025-09-29,MAINTENANCE_COMPLETED,1140
2025-09-29,REPAIR_COMPLETED,732
2025-09-30,DEVICE_DISPOSED,30
2025-09-30,DEVICE_RECEIVED,113
2025-09-30,DEVICE_REGISTERED,6
2025-09-30,DEVICE_STATUS_CHANGED,760
2025-09-30,DEVICE_TRANSFERRED,659
2025-09-30,MAINTENANCE_COMPLETED,1079
2025-09-30,REPAIR_COMPLETED,771
2025-10-01,DEVICE_DISPOSED,24
2025-10-01,DEVICE_RECEIVED,152
2025-10-01,DEVICE_REGISTERED,5
2025-10-01,DEVICE_STATUS_CHANGED,702
2025-10-01,DEVICE_TRANSFERRED,649
2025-10-01,MAINTENANCE_COMPLETED,1103
2025-10-01,REPAIR_COMPLETED,763
2025-10-02,DEVICE_DISPOSED,19
2025-10-02,DEVICE_RECEIVED,136
2025-10-02,DEVICE_REGISTERED,3
2025-10-02,DEVICE_STATUS_CHANGED,751
2025-10-02,DEVICE_TRANSFERRED,647
2025-10-02,MAINTENANCE_COMPLETED,1064
2025-10-02,REPAIR_COMPLETED,744
2025-10-03,DEVICE_DISPOSED,23
2025-10-03,DEVICE_RECEIVED,142
2025-10-03,DEVICE_REGISTERED,5
2025-10-03,DEVICE_STATUS_CHANGED,757
2025-10-03,DEVICE_TRANSFERRED,638
2025-10-03,MAINTENANCE_COMPLETED,1042
2025-10-03,REPAIR_COMPLETED,751
2025-10-04,DEVICE_DISPOSED,23
2025-10-04,DEVICE_RECEIVED,154
2025-10-04,DEVICE_REGISTERED,6
2025-10-04,DEVICE_STATUS_CHANGED,726
2025-10-04,DEVICE_TRANSFERRED,669
2025-10-04,MAINTENANCE_COMPLETED,1074
2025-10-04,REPAIR_COMPLETED,768
2025-10-05,DEVICE_DISPOSED,30
2025-10-05,DEVICE_RECEIVED,137
2025-10-05,DEVICE_REGISTERED,7
2025-10-05,DEVICE_STATUS_CHANGED,753
2025-10-05,DEVICE_TRANSFERRED,691
2025-10-05,MAINTENANCE_COMPLETED,1099
2025-10-05,REPAIR_COMPLETED,760
2025-10-06,DEVICE_DISPOSED,24
2025-10-06,DEVICE_RECEIVED,144
2025-10-06,DEVICE_REGISTERED,6
2025-10-06,DEVICE_STATUS_CHANGED,742
2025-10-06,DEVICE_TRANSFERRED,657
2025-10-06,MAINTENANCE_COMPLETED,1126
2025-10-06,REPAIR_COMPLETED,771
2025-10-07,DEVICE_DISPOSED,35
2025-10-07,DEVICE_RECEIVED,128
2025-10-07,DEVICE_REGISTERED,4
2025-10-07,DEVICE_STATUS_CHANGED,745
2025-10-07,DEVICE_TRANSFERRED,698
2025-10-07,MAINTENANCE_COMPLETED,1090
2025-10-07,REPAIR_COMPLETED,727
2025-10-08,DEVICE_DISPOSED,21
2025-10-08,DEVICE_RECEIVED,146
2025-10-08,DEVICE_REGISTERED,5
2025-10-08,DEVICE_STATUS_CHANGED,755
2025-10-08,DEVICE_TRANSFERRED,692
2025-10-08,MAINTENANCE_COMPLETED,1111
2025-10-08,REPAIR_COMPLETED,775
2025-10-09,DEVICE_DISPOSED,14
2025-10-09,DEVICE_RECEIVED,126
2025-10-09,DEVICE_REGISTERED,7
2025-10-09,DEVICE_STATUS_CHANGED,774
2025-10-09,DEVICE_TRANSFERRED,670
2025-10-09,MAINTENANCE_COMPLETED,1090
2025-10-09,REPAIR_COMPLETED,762
2025-10-10,DEVICE_DISPOSED,25
2025-10-10,DEVICE_RECEIVED,135
2025-10-10,DEVICE_REGISTERED,10
2025-10-10,DEVICE_STATUS_CHANGED,732
2025-10-10,DEVICE_TRANSFERRED,618
2025-10-10,MAINTENANCE_COMPLETED,1109
2025-10-10,REPAIR_COMPLETED,766
2025-10-11,DEVICE_DISPOSED,21
2025-10-11,DEVICE_RECEIVED,138
2025-10-11,DEVICE_REGISTERED,5
2025-10-11,DEVICE_STATUS_CHANGED,765
2025-10-11,DEVICE_TRANSFERRED,707
2025-10-11,MAINTENANCE_COMPLETED,1094
2025-10-11,REPAIR_COMPLETED,801
2025-10-12,DEVICE_DISPOSED,26
2025-10-12,DEVICE_RECEIVED,148
2025-10-12,DEVICE_REGISTERED,9
2025-10-12,DEVICE_STATUS_CHANGED,779
2025-10-12,DEVICE_TRANSFERRED,689
2025-10-12,MAINTENANCE_COMPLETED,1135
2025-10-12,REPAIR_COMPLETED,761
2025-10-13,DEVICE_DISPOSED,28
2025-10-13,DEVICE_RECEIVED,118
2025-10-13,DEVICE_REGISTERED,8
2025-10-13,DEVICE_STATUS_CHANGED,760
2025-10-13,DEVICE_TRANSFERRED,668
2025-10-13,MAINTENANCE_COMPLETED,1013
2025-10-13,REPAIR_COMPLETED,780
2025-10-14,DEVICE_DISPOSED,30
2025-10-14,DEVICE_RECEIVED,134
2025-10-14,DEVICE_REGISTERED,11
2025-10-14,DEVICE_STATUS_CHANGED,707
2025-10-14,DEVICE_TRANSFERRED,686
2025-10-14,MAINTENANCE_COMPLETED,1039
2025-10-14,REPAIR_COMPLETED,750
2025-10-15,DEVICE_DISPOSED,31
2025-10-15,DEVICE_RECEIVED,138
2025-10-15,DEVICE_REGISTERED,6
2025-10-15,DEVICE_STATUS_CHANGED,733
2025-10-15,DEVICE_TRANSFERRED,664
2025-10-15,MAINTENANCE_COMPLETED,1144
2025-10-15,REPAIR_COMPLETED,739
2025-10-16,DEVICE_DISPOSED,15
2025-10-16,DEVICE_RECEIVED,135
2025-10-16,DEVICE_REGISTERED,9
2025-10-16,DEVICE_STATUS_CHANGED,756
2025-10-16,DEVICE_TRANSFERRED,690
2025-10-16,MAINTENANCE_COMPLETED,1069
2025-10-16,REPAIR_COMPLETED,724
2025-10-17,DEVICE_DISPOSED,23
2025-10-17,DEVICE_RECEIVED,135
2025-10-17,DEVICE_REGISTERED,5
2025-10-17,DEVICE_STATUS_CHANGED,739
2025-10-17,DEVICE_TRANSFERRED,700
2025-10-17,MAINTENANCE_COMPLETED,1163
2025-10-17,REPAIR_COMPLETED,755
2025-10-18,DEVICE_DISPOSED,21
2025-10-18,DEVICE_RECEIVED,129
2025-10-18,DEVICE_REGISTERED,4
2025-10-18,DEVICE_STATUS_CHANGED,780
2025-10-18,DEVICE_TRANSFERRED,669
2025-10-18,MAINTENANCE_COMPLETED,1111
2025-10-18,REPAIR_COMPLETED,773
2025-10-19,DEVICE_DISPOSED,31
2025-10-19,DEVICE_RECEIVED,130
2025-10-19,DEVICE_REGISTERED,13
2025-10-19,DEVICE_STATUS_CHANGED,728
2025-10-19,DEVICE_TRANSFERRED,658
2025-10-19,MAINTENANCE_COMPLETED,1080
2025-10-19,REPAIR_COMPLETED,725
2025-10-20,DEVICE_DISPOSED,21
2025-10-20,DEVICE_RECEIVED,118
2025-10-20,DEVICE_REGISTERED,9
2025-10-20,DEVICE_STATUS_CHANGED,740
2025-10-20,DEVICE_TRANSFERRED,623
2025-10-20,MAINTENANCE_COMPLETED,1087
2025-10-20,REPAIR_COMPLETED,813
2025-10-21,DEVICE_DISPOSED,15
2025-10-21,DEVICE_RECEIVED,121
2025-10-21,DEVICE_REGISTERED,8
2025-10-21,DEVICE_STATUS_CHANGED,734
2025-10-21,DEVICE_TRANSFERRED,715
2025-10-21,MAINTENANCE_COMPLETED,1075
2025-10-21,REPAIR_COMPLETED,790
2025-10-22,DEVICE_DISPOSED,34
2025-10-22,DEVICE_RECEIVED,118
2025-10-22,DEVICE_REGISTERED,9
2025-10-22,DEVICE_STATUS_CHANGED,739
2025-10-22,DEVICE_TRANSFERRED,572
2025-10-22,MAINTENANCE_COMPLETED,1112
2025-10-22,REPAIR_COMPLETED,774
2025-10-23,DEVICE_DISPOSED,25
2025-10-23,DEVICE_RECEIVED,128
2025-10-23,DEVICE_REGISTERED,6
2025-10-23,DEVICE_STATUS_CHANGED,763
2025-10-23,DEVICE_TRANSFERRED,634
2025-10-23,MAINTENANCE_COMPLETED,1072
2025-10-23,REPAIR_COMPLETED,775
2025-10-24,DEVICE_DISPOSED,24
2025-10-24,DEVICE_RECEIVED,133
2025-10-24,DEVICE_REGISTERED,11
2025-10-24,DEVICE_STATUS_CHANGED,771
2025-10-24,DEVICE_TRANSFERRED,679
2025-10-24,MAINTENANCE_COMPLETED,1138
2025-10-24,REPAIR_COMPLETED,790
2025-10-25,DEVICE_DISPOSED,23
2025-10-25,DEVICE_RECEIVED,134
2025-10-25,DEVICE_REGISTERED,8
2025-10-25,DEVICE_STATUS_CHANGED,732
2025-10-25,DEVICE_TRANSFERRED,636
2025-10-25,MAINTENANCE_COMPLETED,1135
2025-10-25,REPAIR_COMPLETED,782
2025-10-26,DEVICE_DISPOSED,22
2025-10-26,DEVICE_RECEIVED,110
2025-10-26,DEVICE_REGISTERED,4
2025-10-26,DEVICE_STATUS_CHANGED,735
2025-10-26,DEVICE_TRANSFERRED,626
2025-10-26,MAINTENANCE_COMPLETED,1075
2025-10-26,REPAIR_COMPLETED,802
2025-10-27,DEVICE_DISPOSED,29
2025-10-27,DEVICE_RECEIVED,137
2025-10-27,DEVICE_REGISTERED,3
2025-10-27,DEVICE_STATUS_CHANGED,754
2025-10-27,DEVICE_TRANSFERRED,644
2025-10-27,MAINTENANCE_COMPLETED,1126
2025-10-27,REPAIR_COMPLETED,727
2025-10-28,DEVICE_DISPOSED,24
2025-10-28,DEVICE_RECEIVED,141
2025-10-28,DEVICE_REGISTERED,10
2025-10-28,DEVICE_STATUS_CHANGED,736
2025-10-28,DEVICE_TRANSFERRED,652
2025-10-28,MAINTENANCE_COMPLETED,1063
2025-10-28,REPAIR_COMPLETED,836
2025-10-29,DEVICE_DISPOSED,21
2025-10-29,DEVICE_RECEIVED,132
2025-10-29,DEVICE_REGISTERED,5
2025-10-29,DEVICE_STATUS_CHANGED,735
2025-10-29,DEVICE_TRANSFERRED,639
2025-10-29,MAINTENANCE_COMPLETED,1106
2025-10-29,REPAIR_COMPLETED,793
2025-10-30,DEVICE_DISPOSED,18
2025-10-30,DEVICE_RECEIVED,120
2025-10-30,DEVICE_REGISTERED,13
2025-10-30,DEVICE_STATUS_CHANGED,737
2025-10-30,DEVICE_TRANSFERRED,657
2025-10-30,MAINTENANCE_COMPLETED,1079
2025-10-30,REPAIR_COMPLETED,799
2025-10-31,DEVICE_DISPOSED,16
2025-10-31,DEVICE_RECEIVED,131
2025-10-31,DEVICE_REGISTERED,3
2025-10-31,DEVICE_STATUS_CHANGED,718
2025-10-31,DEVICE_TRANSFERRED,674
2025-10-31,MAINTENANCE_COMPLETED,1072
2025-10-31,REPAIR_COMPLETED,773
2025-11-01,DEVICE_DISPOSED,15
2025-11-01,DEVICE_RECEIVED,123
2025-11-01,DEVICE_REGISTERED,9
2025-11-01,DEVICE_STATUS_CHANGED,751
2025-11-01,DEVICE_TRANSFERRED,639
2025-11-01,MAINTENANCE_COMPLETED,1101
2025-11-01,REPAIR_COMPLETED,766
2025-11-02,DEVICE_DISPOSED,19
2025-11-02,DEVICE_RECEIVED,136
2025-11-02,DEVICE_REGISTERED,13
2025-11-02,DEVICE_STATUS_CHANGED,718
2025-11-02,DEVICE_TRANSFERRED,664
2025-11-02,MAINTENANCE_COMPLETED,1060
2025-11-02,REPAIR_COMPLETED,738
2025-11-03,DEVICE_DISPOSED,25
2025-11-03,DEVICE_RECEIVED,143
2025-11-03,DEVICE_REGISTERED,4
2025-11-03,DEVICE_STATUS_CHANGED,767
2025-11-03,DEVICE_TRANSFERRED,690
2025-11-03,MAINTENANCE_COMPLETED,1081
2025-11-03,REPAIR_COMPLETED,760
2025-11-04,DEVICE_DISPOSED,23
2025-11-04,DEVICE_RECEIVED,118
2025-11-04,DEVICE_REGISTERED,4
2025-11-04,DEVICE_STATUS_CHANGED,770
2025-11-04,DEVICE_TRANSFERRED,674
2025-11-04,MAINTENANCE_COMPLETED,1116
2025-11-04,REPAIR_COMPLETED,740
2025-11-05,DEVICE_DISPOSED,26
2025-11-05,DEVICE_RECEIVED,133
2025-11-05,DEVICE_REGISTERED,8
2025-11-05,DEVICE_STATUS_CHANGED,736
2025-11-05,DEVICE_TRANSFERRED,701
2025-11-05,MAINTENANCE_COMPLETED,1115
2025-11-05,REPAIR_COMPLETED,734
2025-11-06,DEVICE_DISPOSED,28
2025-11-06,DEVICE_RECEIVED,113
2025-11-06,DEVICE_REGISTERED,4
2025-11-06,DEVICE_STATUS_CHANGED,709
2025-11-06,DEVICE_TRANSFERRED,628
2025-11-06,MAINTENANCE_COMPLETED,1135
2025-11-06,REPAIR_COMPLETED,771
2025-11-07,DEVICE_DISPOSED,12
2025-11-07,DEVICE_RECEIVED,131
2025-11-07,DEVICE_REGISTERED,10
2025-11-07,DEVICE_STATUS_CHANGED,766
2025-11-07,DEVICE_TRANSFERRED,710
2025-11-07,MAINTENANCE_COMPLETED,1104
2025-11-07,REPAIR_COMPLETED,758
2025-11-08,DEVICE_DISPOSED,22
2025-11-08,DEVICE_RECEIVED,121
2025-11-08,DEVICE_REGISTERED,12
2025-11-08,DEVICE_STATUS_CHANGED,825
2025-11-08,DEVICE_TRANSFERRED,664
2025-11-08,MAINTENANCE_COMPLETED,1092
2025-11-08,REPAIR_COMPLETED,797
2025-11-09,DEVICE_DISPOSED,24
2025-11-09,DEVICE_RECEIVED,137
2025-11-09,DEVICE_REGISTERED,4
2025-11-09,DEVICE_STATUS_CHANGED,739
2025-11-09,DEVICE_TRANSFERRED,619
2025-11-09,MAINTENANCE_COMPLETED,1083
2025-11-09,REPAIR_COMPLETED,762
2025-11-10,DEVICE_DISPOSED,19
2025-11-10,DEVICE_RECEIVED,122
2025-11-10,DEVICE_REGISTERED,11
2025-11-10,DEVICE_STATUS_CHANGED,724
2025-11-10,DEVICE_TRANSFERRED,674
2025-11-10,MAINTENANCE_COMPLETED,1106
2025-11-10,REPAIR_COMPLETED,773
2025-11-11,DEVICE_DISPOSED,20
2025-11-11,DEVICE_RECEIVED,107
2025-11-11,DEVICE_REGISTERED,2
2025-11-11,DEVICE_STATUS_CHANGED,748
2025-11-11,DEVICE_TRANSFERRED,623
2025-11-11,MAINTENANCE_COMPLETED,1114
2025-11-11,REPAIR_COMPLETED,818
2025-11-12,DEVICE_DISPOSED,24
2025-11-12,DEVICE_RECEIVED,121
2025-11-12,DEVICE_REGISTERED,9
2025-11-12,DEVICE_STATUS_CHANGED,760
2025-11-12,DEVICE_TRANSFERRED,677
2025-11-12,MAINTENANCE_COMPLETED,1123
2025-11-12,REPAIR_COMPLETED,723
2025-11-13,DEVICE_DISPOSED,22
2025-11-13,DEVICE_RECEIVED,119
2025-11-13,DEVICE_REGISTERED,8
2025-11-13,DEVICE_STATUS_CHANGED,757
2025-11-13,DEVICE_TRANSFERRED,662
2025-11-13,MAINTENANCE_COMPLETED,1101
2025-11-13,REPAIR_COMPLETED,797
2025-11-14,DEVICE_DISPOSED,21
2025-11-14,DEVICE_RECEIVED,123
2025-11-14,DEVICE_REGISTERED,4
2025-11-14,DEVICE_STATUS_CHANGED,798
2025-11-14,DEVICE_TRANSFERRED,657
2025-11-14,MAINTENANCE_COMPLETED,1062
2025-11-14,REPAIR_COMPLETED,772
2025-11-15,DEVICE_DISPOSED,18
2025-11-15,DEVICE_RECEIVED,118
2025-11-15,DEVICE_REGISTERED,5
2025-11-15,DEVICE_STATUS_CHANGED,685
2025-11-15,DEVICE_TRANSFERRED,667
2025-11-15,MAINTENANCE_COMPLETED,1123
2025-11-15,REPAIR_COMPLETED,781
2025-11-16,DEVICE_DISPOSED,31
2025-11-16,DEVICE_RECEIVED,137
2025-11-16,DEVICE_REGISTERED,5
2025-11-16,DEVICE_STATUS_CHANGED,767
2025-11-16,DEVICE_TRANSFERRED,672
2025-11-16,MAINTENANCE_COMPLETED,1041
2025-11-16,REPAIR_COMPLETED,764
2025-11-17,DEVICE_DISPOSED,21
2025-11-17,DEVICE_RECEIVED,143
2025-11-17,DEVICE_REGISTERED,13
2025-11-17,DEVICE_STATUS_CHANGED,730
2025-11-17,DEVICE_TRANSFERRED,715
2025-11-17,MAINTENANCE_COMPLETED,1063
2025-11-17,REPAIR_COMPLETED,767
2025-11-18,DEVICE_DISPOSED,19
2025-11-18,DEVICE_RECEIVED,135
2025-11-18,DEVICE_REGISTERED,7
2025-11-18,DEVICE_STATUS_CHANGED,716
2025-11-18,DEVICE_TRANSFERRED,697
2025-11-18,MAINTENANCE_COMPLETED,1130
2025-11-18,REPAIR_COMPLETED,794
2025-11-19,DEVICE_DISPOSED,32
2025-11-19,DEVICE_RECEIVED,119
2025-11-19,DEVICE_REGISTERED,8
2025-11-19,DEVICE_STATUS_CHANGED,742
2025-11-19,DEVICE_TRANSFERRED,653
2025-11-19,MAINTENANCE_COMPLETED,1098
2025-11-19,REPAIR_COMPLETED,793
2025-11-20,DEVICE_DISPOSED,19
2025-11-20,DEVICE_RECEIVED,119
2025-11-20,DEVICE_REGISTERED,9
2025-11-20,DEVICE_STATUS_CHANGED,707
2025-11-20,DEVICE_TRANSFERRED,643
2025-11-20,MAINTENANCE_COMPLETED,1071
2025-11-20,REPAIR_COMPLETED,786
2025-11-21,DEVICE_DISPOSED,14
2025-11-21,DEVICE_RECEIVED,133
2025-11-21,DEVICE_REGISTERED,7
2025-11-21,DEVICE_STATUS_CHANGED,798
2025-11-21,DEVICE_TRANSFERRED,681
2025-11-21,MAINTENANCE_COMPLETED,1146
2025-11-21,REPAIR_COMPLETED,811
2025-11-22,DEVICE_DISPOSED,14
2025-11-22,DEVICE_RECEIVED,134
2025-11-22,DEVICE_REGISTERED,7
2025-11-22,DEVICE_STATUS_CHANGED,744
2025-11-22,DEVICE_TRANSFERRED,654
2025-11-22,MAINTENANCE_COMPLETED,1074
2025-11-22,REPAIR_COMPLETED,751
2025-11-23,DEVICE_DISPOSED,22
2025-11-23,DEVICE_RECEIVED,124
2025-11-23,DEVICE_REGISTERED,5
2025-11-23,DEVICE_STATUS_CHANGED,745
2025-11-23,DEVICE_TRANSFERRED,674
2025-11-23,MAINTENANCE_COMPLETED,1081
2025-11-23,REPAIR_COMPLETED,764
2025-11-24,DEVICE_DISPOSED,28
2025-11-24,DEVICE_RECEIVED,142
2025-11-24,DEVICE_REGISTERED,6
2025-11-24,DEVICE_STATUS_CHANGED,723
2025-11-24,DEVICE_TRANSFERRED,649
2025-11-24,MAINTENANCE_COMPLETED,1124
2025-11-24,REPAIR_COMPLETED,812
2025-11-25,DEVICE_DISPOSED,23
2025-11-25,DEVICE_RECEIVED,129
2025-11-25,DEVICE_REGISTERED,3
2025-11-25,DEVICE_STATUS_CHANGED,721
2025-11-25,DEVICE_TRANSFERRED,666
2025-11-25,MAINTENANCE_COMPLETED,1052
2025-11-25,REPAIR_COMPLETED,778
2025-11-26,DEVICE_DISPOSED,29
2025-11-26,DEVICE_RECEIVED,127
2025-11-26,DEVICE_REGISTERED,6
2025-11-26,DEVICE_STATUS_CHANGED,726
2025-11-26,DEVICE_TRANSFERRED,667
2025-11-26,MAINTENANCE_COMPLETED,1082
2025-11-26,REPAIR_COMPLETED,754
2025-11-27,DEVICE_DISPOSED,8
2025-11-27,DEVICE_RECEIVED,122
2025-11-27,DEVICE_REGISTERED,11
2025-11-27,DEVICE_STATUS_CHANGED,706
2025-11-27,DEVICE_TRANSFERRED,656
2025-11-27,MAINTENANCE_COMPLETED,1143
2025-11-27,REPAIR_COMPLETED,846
2025-11-28,DEVICE_DISPOSED,11
2025-11-28,DEVICE_RECEIVED,139
2025-11-28,DEVICE_REGISTERED,9
2025-11-28,DEVICE_STATUS_CHANGED,733
2025-11-28,DEVICE_TRANSFERRED,683
2025-11-28,MAINTENANCE_COMPLETED,1096
2025-11-28,REPAIR_COMPLETED,743
2025-11-29,DEVICE_DISPOSED,24
2025-11-29,DEVICE_RECEIVED,134
2025-11-29,DEVICE_REGISTERED,4
2025-11-29,DEVICE_STATUS_CHANGED,723
2025-11-29,DEVICE_TRANSFERRED,671
2025-11-29,MAINTENANCE_COMPLETED,1102
2025-11-29,REPAIR_COMPLETED,758
2025-11-30,DEVICE_DISPOSED,16
2025-11-30,DEVICE_RECEIVED,131
2025-11-30,DEVICE_REGISTERED,6
2025-11-30,DEVICE_STATUS_CHANGED,789
2025-11-30,DEVICE_TRANSFERRED,690
2025-11-30,MAINTENANCE_COMPLETED,1103
2025-11-30,REPAIR_COMPLETED,798
2025-12-01,DEVICE_DISPOSED,17
2025-12-01,DEVICE_RECEIVED,121
2025-12-01,DEVICE_REGISTERED,5
2025-12-01,DEVICE_STATUS_CHANGED,757
2025-12-01,DEVICE_TRANSFERRED,679
2025-12-01,MAINTENANCE_COMPLETED,1086
2025-12-01,REPAIR_COMPLETED,787
2025-12-02,DEVICE_DISPOSED,16
2025-12-02,DEVICE_RECEIVED,140
2025-12-02,DEVICE_REGISTERED,8
2025-12-02,DEVICE_STATUS_CHANGED,708
2025-12-02,DEVICE_TRANSFERRED,645
2025-12-02,MAINTENANCE_COMPLETED,1089
2025-12-02,REPAIR_COMPLETED,762
2025-12-03,DEVICE_DISPOSED,22
2025-12-03,DEVICE_RECEIVED,131
2025-12-03,DEVICE_REGISTERED,5
2025-12-03,DEVICE_STATUS_CHANGED,738
2025-12-03,DEVICE_TRANSFERRED,687
2025-12-03,MAINTENANCE_COMPLETED,1117
2025-12-03,REPAIR_COMPLETED,774
2025-12-04,DEVICE_DISPOSED,20
2025-12-04,DEVICE_RECEIVED,131
2025-12-04,DEVICE_REGISTERED,4
2025-12-04,DEVICE_STATUS_CHANGED,712
2025-12-04,DEVICE_TRANSFERRED,656
2025-12-04,MAINTENANCE_COMPLETED,1101
2025-12-04,REPAIR_COMPLETED,731
2025-12-05,DEVICE_DISPOSED,17
2025-12-05,DEVICE_RECEIVED,112
2025-12-05,DEVICE_REGISTERED,7
2025-12-05,DEVICE_STATUS_CHANGED,736
2025-12-05,DEVICE_TRANSFERRED,682
2025-12-05,MAINTENANCE_COMPLETED,1113
2025-12-05,REPAIR_COMPLETED,828
2025-12-06,DEVICE_DISPOSED,27
2025-12-06,DEVICE_RECEIVED,125
2025-12-06,DEVICE_REGISTERED,12
2025-12-06,DEVICE_STATUS_CHANGED,701
2025-12-06,DEVICE_TRANSFERRED,667
2025-12-06,MAINTENANCE_COMPLETED,1120
2025-12-06,REPAIR_COMPLETED,739
2025-12-07,DEVICE_DISPOSED,19
2025-12-07,DEVICE_RECEIVED,133
2025-12-07,DEVICE_REGISTERED,7
2025-12-07,DEVICE_STATUS_CHANGED,745
2025-12-07,DEVICE_TRANSFERRED,636
2025-12-07,MAINTENANCE_COMPLETED,1050
2025-12-07,REPAIR_COMPLETED,782
2025-12-08,DEVICE_DISPOSED,22
2025-12-08,DEVICE_RECEIVED,113
2025-12-08,DEVICE_REGISTERED,6
2025-12-08,DEVICE_STATUS_CHANGED,810
2025-12-08,DEVICE_TRANSFERRED,671
2025-12-08,MAINTENANCE_COMPLETED,1113
2025-12-08,REPAIR_COMPLETED,776
2025-12-09,DEVICE_DISPOSED,14
2025-12-09,DEVICE_RECEIVED,136
2025-12-09,DEVICE_REGISTERED,5
2025-12-09,DEVICE_STATUS_CHANGED,712
2025-12-09,DEVICE_TRANSFERRED,673
2025-12-09,MAINTENANCE_COMPLETED,1096
2025-12-09,REPAIR_COMPLETED,762
2025-12-10,DEVICE_DISPOSED,25
2025-12-10,DEVICE_RECEIVED,128
2025-12-10,DEVICE_REGISTERED,7
2025-12-10,DEVICE_STATUS_CHANGED,710
2025-12-10,DEVICE_TRANSFERRED,652
2025-12-10,MAINTENANCE_COMPLETED,1124
2025-12-10,REPAIR_COMPLETED,761
2025-12-11,DEVICE_DISPOSED,20
2025-12-11,DEVICE_RECEIVED,129
2025-12-11,DEVICE_REGISTERED,11
2025-12-11,DEVICE_STATUS_CHANGED,702
2025-12-11,DEVICE_TRANSFERRED,632
2025-12-11,MAINTENANCE_COMPLETED,1087
2025-12-11,REPAIR_COMPLETED,743
2025-12-12,DEVICE_DISPOSED,27
2025-12-12,DEVICE_RECEIVED,124
2025-12-12,DEVICE_REGISTERED,6
2025-12-12,DEVICE_STATUS_CHANGED,713
2025-12-12,DEVICE_TRANSFERRED,628
2025-12-12,MAINTENANCE_COMPLETED,1099
2025-12-12,REPAIR_COMPLETED,786
2025-12-13,DEVICE_DISPOSED,26
2025-12-13,DEVICE_RECEIVED,141
2025-12-13,DEVICE_REGISTERED,7
2025-12-13,DEVICE_STATUS_CHANGED,771
2025-12-13,DEVICE_TRANSFERRED,677
2025-12-13,MAINTENANCE_COMPLETED,1133
2025-12-13,REPAIR_COMPLETED,769
2025-12-14,DEVICE_DISPOSED,16
2025-12-14,DEVICE_RECEIVED,130
2025-12-14,DEVICE_REGISTERED,7
2025-12-14,DEVICE_STATUS_CHANGED,725
2025-12-14,DEVICE_TRANSFERRED,647
2025-12-14,MAINTENANCE_COMPLETED,1079
2025-12-14,REPAIR_COMPLETED,756
2025-12-15,DEVICE_DISPOSED,23
2025-12-15,DEVICE_RECEIVED,127
2025-12-15,DEVICE_REGISTERED,5
2025-12-15,DEVICE_STATUS_CHANGED,734
2025-12-15,DEVICE_TRANSFERRED,679
2025-12-15,MAINTENANCE_COMPLETED,1110
2025-12-15,REPAIR_COMPLETED,768
2025-12-16,DEVICE_DISPOSED,16
2025-12-16,DEVICE_RECEIVED,128
2025-12-16,DEVICE_REGISTERED,7
2025-12-16,DEVICE_STATUS_CHANGED,734
2025-12-16,DEVICE_TRANSFERRED,653
2025-12-16,MAINTENANCE_COMPLETED,1121
2025-12-16,REPAIR_COMPLETED,758
2025-12-17,DEVICE_DISPOSED,30
2025-12-17,DEVICE_RECEIVED,129
2025-12-17,DEVICE_REGISTERED,13
2025-12-17,DEVICE_STATUS_CHANGED,728
2025-12-17,DEVICE_TRANSFERRED,653
2025-12-17,MAINTENANCE_COMPLETED,1036
2025-12-17,REPAIR_COMPLETED,814
2025-12-18,DEVICE_DISPOSED,21
2025-12-18,DEVICE_RECEIVED,134
2025-12-18,DEVICE_REGISTERED,5
2025-12-18,DEVICE_STATUS_CHANGED,731
2025-12-18,DEVICE_TRANSFERRED,667
2025-12-18,MAINTENANCE_COMPLETED,1097
2025-12-18,REPAIR_COMPLETED,805
2025-12-19,DEVICE_DISPOSED,22
2025-12-19,DEVICE_RECEIVED,155
2025-12-19,DEVICE_REGISTERED,1
2025-12-19,DEVICE_STATUS_CHANGED,736
2025-12-19,DEVICE_TRANSFERRED,603
2025-12-19,MAINTENANCE_COMPLETED,1087
2025-12-19,REPAIR_COMPLETED,824
2025-12-20,DEVICE_DISPOSED,23
2025-12-20,DEVICE_RECEIVED,126
2025-12-20,DEVICE_REGISTERED,6
2025-12-20,DEVICE_STATUS_CHANGED,712
2025-12-20,DEVICE_TRANSFERRED,659
2025-12-20,MAINTENANCE_COMPLETED,1098
2025-12-20,REPAIR_COMPLETED,786
2025-12-21,DEVICE_DISPOSED,18
2025-12-21,DEVICE_RECEIVED,120
2025-12-21,DEVICE_REGISTERED,9
2025-12-21,DEVICE_STATUS_CHANGED,774
2025-12-21,DEVICE_TRANSFERRED,658
2025-12-21,MAINTENANCE_COMPLETED,1064
2025-12-21,REPAIR_COMPLETED,743
2025-12-22,DEVICE_DISPOSED,13
2025-12-22,DEVICE_RECEIVED,131
2025-12-22,DEVICE_REGISTERED,7
2025-12-22,DEVICE_STATUS_CHANGED,697
2025-12-22,DEVICE_TRANSFERRED,658
2025-12-22,MAINTENANCE_COMPLETED,1060
2025-12-22,REPAIR_COMPLETED,752
2025-12-23,DEVICE_DISPOSED,21
2025-12-23,DEVICE_RECEIVED,133
2025-12-23,DEVICE_REGISTERED,4
2025-12-23,DEVICE_STATUS_CHANGED,714
2025-12-23,DEVICE_TRANSFERRED,658
2025-12-23,MAINTENANCE_COMPLETED,1082
2025-12-23,REPAIR_COMPLETED,759
2025-12-24,DEVICE_DISPOSED,23
2025-12-24,DEVICE_RECEIVED,136
2025-12-24,DEVICE_REGISTERED,4
2025-12-24,DEVICE_STATUS_CHANGED,779
2025-12-24,DEVICE_TRANSFERRED,700
2025-12-24,MAINTENANCE_COMPLETED,1146
2025-12-24,REPAIR_COMPLETED,765
2025-12-25,DEVICE_DISPOSED,25
2025-12-25,DEVICE_RECEIVED,147
2025-12-25,DEVICE_REGISTERED,4
2025-12-25,DEVICE_STATUS_CHANGED,777
2025-12-25,DEVICE_TRANSFERRED,624
2025-12-25,MAINTENANCE_COMPLETED,1113
2025-12-25,REPAIR_COMPLETED,723
2025-12-26,DEVICE_DISPOSED,31
2025-12-26,DEVICE_RECEIVED,117
2025-12-26,DEVICE_REGISTERED,6
2025-12-26,DEVICE_STATUS_CHANGED,721
2025-12-26,DEVICE_TRANSFERRED,650
2025-12-26,MAINTENANCE_COMPLETED,1078
2025-12-26,REPAIR_COMPLETED,720
2025-12-27,DEVICE_DISPOSED,24
2025-12-27,DEVICE_RECEIVED,123
2025-12-27,DEVICE_REGISTERED,10
2025-12-27,DEVICE_STATUS_CHANGED,766
2025-12-27,DEVICE_TRANSFERRED,680
2025-12-27,MAINTENANCE_COMPLETED,1045
2025-12-27,REPAIR_COMPLETED,737
2025-12-28,DEVICE_DISPOSED,20
2025-12-28,DEVICE_RECEIVED,156
2025-12-28,DEVICE_REGISTERED,7
2025-12-28,DEVICE_STATUS_CHANGED,733
2025-12-28,DEVICE_TRANSFERRED,717
2025-12-28,MAINTENANCE_COMPLETED,1091
2025-12-28,REPAIR_COMPLETED,787
2025-12-29,DEVICE_DISPOSED,17
2025-12-29,DEVICE_RECEIVED,132
2025-12-29,DEVICE_REGISTERED,6
2025-12-29,DEVICE_STATUS_CHANGED,698
2025-12-29,DEVICE_TRANSFERRED,664
2025-12-29,MAINTENANCE_COMPLETED,1093
2025-12-29,REPAIR_COMPLETED,765
2025-12-30,DEVICE_DISPOSED,24
2025-12-30,DEVICE_RECEIVED,116
2025-12-30,DEVICE_REGISTERED,9
2025-12-30,DEVICE_STATUS_CHANGED,770
2025-12-30,DEVICE_TRANSFERRED,665
2025-12-30,MAINTENANCE_COMPLETED,1105
2025-12-30,REPAIR_COMPLETED,764
2025-12-31,DEVICE_DISPOSED,18
2025-12-31,DEVICE_RECEIVED,116
2025-12-31,DEVICE_REGISTERED,8
2025-12-31,DEVICE_STATUS_CHANGED,677
2025-12-31,DEVICE_TRANSFERRED,666
2025-12-31,MAINTENANCE_COMPLETED,1084
2025-12-31,REPAIR_COMPLETED,735
2026-01-01,DEVICE_DISPOSED,20
2026-01-01,DEVICE_RECEIVED,124
2026-01-01,DEVICE_REGISTERED,12
2026-01-01,DEVICE_STATUS_CHANGED,715
2026-01-01,DEVICE_TRANSFERRED,654
2026-01-01,MAINTENANCE_COMPLETED,1062
2026-01-01,REPAIR_COMPLETED,751
2026-01-02,DEVICE_DISPOSED,29
2026-01-02,DEVICE_RECEIVED,121
2026-01-02,DEVICE_REGISTERED,13
2026-01-02,DEVICE_STATUS_CHANGED,750
2026-01-02,DEVICE_TRANSFERRED,669
2026-01-02,MAINTENANCE_COMPLETED,1089
2026-01-02,REPAIR_COMPLETED,740
2026-01-03,DEVICE_DISPOSED,19
2026-01-03,DEVICE_RECEIVED,120
2026-01-03,DEVICE_REGISTERED,9
2026-01-03,DEVICE_STATUS_CHANGED,717
2026-01-03,DEVICE_TRANSFERRED,671
2026-01-03,MAINTENANCE_COMPLETED,1116
2026-01-03,REPAIR_COMPLETED,781
2026-01-04,DEVICE_DISPOSED,24
2026-01-04,DEVICE_RECEIVED,149
2026-01-04,DEVICE_REGISTERED,10
2026-01-04,DEVICE_STATUS_CHANGED,727
2026-01-04,DEVICE_TRANSFERRED,597
2026-01-04,MAINTENANCE_COMPLETED,1138
2026-01-04,REPAIR_COMPLETED,772
2026-01-05,DEVICE_DISPOSED,21
2026-01-05,DEVICE_RECEIVED,133
2026-01-05,DEVICE_REGISTERED,9
2026-01-05,DEVICE_STATUS_CHANGED,765
2026-01-05,DEVICE_TRANSFERRED,628
2026-01-05,MAINTENANCE_COMPLETED,1144
2026-01-05,REPAIR_COMPLETED,781
2026-01-06,DEVICE_DISPOSED,29
2026-01-06,DEVICE_RECEIVED,133
2026-01-06,DEVICE_REGISTERED,2
2026-01-06,DEVICE_STATUS_CHANGED,731
2026-01-06,DEVICE_TRANSFERRED,704
2026-01-06,MAINTENANCE_COMPLETED,1072
2026-01-06,REPAIR_COMPLETED,746
2026-01-07,DEVICE_DISPOSED,18
2026-01-07,DEVICE_RECEIVED,136
2026-01-07,DEVICE_REGISTERED,7
2026-01-07,DEVICE_STATUS_CHANGED,745
2026-01-07,DEVICE_TRANSFERRED,646
2026-01-07,MAINTENANCE_COMPLETED,1123
2026-01-07,REPAIR_COMPLETED,736
2026-01-08,DEVICE_DISPOSED,24
2026-01-08,DEVICE_RECEIVED,122
2026-01-08,DEVICE_REGISTERED,9
2026-01-08,DEVICE_STATUS_CHANGED,732
2026-01-08,DEVICE_TRANSFERRED,700
2026-01-08,MAINTENANCE_COMPLETED,1098
2026-01-08,REPAIR_COMPLETED,767
2026-01-09,DEVICE_DISPOSED,19
2026-01-09,DEVICE_RECEIVED,124
2026-01-09,DEVICE_REGISTERED,11
2026-01-09,DEVICE_STATUS_CHANGED,707
2026-01-09,DEVICE_TRANSFERRED,695
2026-01-09,MAINTENANCE_COMPLETED,1103
2026-01-09,REPAIR_COMPLETED,787
2026-01-10,DEVICE_DISPOSED,19
2026-01-10,DEVICE_RECEIVED,139
2026-01-10,DEVICE_REGISTERED,6
2026-01-10,DEVICE_STATUS_CHANGED,740
2026-01-10,DEVICE_TRANSFERRED,669
2026-01-10,MAINTENANCE_COMPLETED,1116
2026-01-10,REPAIR_COMPLETED,830
2026-01-11,DEVICE_DISPOSED,23
2026-01-11,DEVICE_RECEIVED,134
2026-01-11,DEVICE_REGISTERED,9
2026-01-11,DEVICE_STATUS_CHANGED,749
2026-01-11,DEVICE_TRANSFERRED,650
2026-01-11,MAINTENANCE_COMPLETED,1080
2026-01-11,REPAIR_COMPLETED,780
2026-01-12,DEVICE_DISPOSED,34
2026-01-12,DEVICE_RECEIVED,130
2026-01-12,DEVICE_REGISTERED,7
2026-01-12,DEVICE_STATUS_CHANGED,751
2026-01-12,DEVICE_TRANSFERRED,684
2026-01-12,MAINTENANCE_COMPLETED,1124
2026-01-12,REPAIR_COMPLETED,784
2026-01-13,DEVICE_DISPOSED,23
2026-01-13,DEVICE_RECEIVED,135
2026-01-13,DEVICE_REGISTERED,11
2026-01-13,DEVICE_STATUS_CHANGED,733
2026-01-13,DEVICE_TRANSFERRED,670
2026-01-13,MAINTENANCE_COMPLETED,1129
2026-01-13,REPAIR_COMPLETED,803
2026-01-14,DEVICE_DISPOSED,18
2026-01-14,DEVICE_RECEIVED,118
2026-01-14,DEVICE_REGISTERED,6
2026-01-14,DEVICE_STATUS_CHANGED,685
2026-01-14,DEVICE_TRANSFERRED,666
2026-01-14,MAINTENANCE_COMPLETED,1155
2026-01-14,REPAIR_COMPLETED,829
2026-01-15,DEVICE_DISPOSED,27
2026-01-15,DEVICE_RECEIVED,135
2026-01-15,DEVICE_REGISTERED,6
2026-01-15,DEVICE_STATUS_CHANGED,729
2026-01-15,DEVICE_TRANSFERRED,693
2026-01-15,MAINTENANCE_COMPLETED,1081
2026-01-15,REPAIR_COMPLETED,735
2026-01-16,DEVICE_DISPOSED,20
2026-01-16,DEVICE_RECEIVED,111
2026-01-16,DEVICE_REGISTERED,8
2026-01-16,DEVICE_STATUS_CHANGED,779
2026-01-16,DEVICE_TRANSFERRED,634
2026-01-16,MAINTENANCE_COMPLETED,1149
2026-01-16,REPAIR_COMPLETED,769
2026-01-17,DEVICE_DISPOSED,27
2026-01-17,DEVICE_RECEIVED,152
2026-01-17,DEVICE_REGISTERED,9
2026-01-17,DEVICE_STATUS_CHANGED,745
2026-01-17,DEVICE_TRANSFERRED,660
2026-01-17,MAINTENANCE_COMPLETED,1107
2026-01-17,REPAIR_COMPLETED,768
2026-01-18,DEVICE_DISPOSED,19
2026-01-18,DEVICE_RECEIVED,130
2026-01-18,DEVICE_REGISTERED,5
2026-01-18,DEVICE_STATUS_CHANGED,738
2026-01-18,DEVICE_TRANSFERRED,615
2026-01-18,MAINTENANCE_COMPLETED,1129
2026-01-18,REPAIR_COMPLETED,788
2026-01-19,DEVICE_DISPOSED,12
2026-01-19,DEVICE_RECEIVED,123
2026-01-19,DEVICE_REGISTERED,1
2026-01-19,DEVICE_STATUS_CHANGED,720
2026-01-19,DEVICE_TRANSFERRED,651
2026-01-19,MAINTENANCE_COMPLETED,1049
2026-01-19,REPAIR_COMPLETED,819
2026-01-20,DEVICE_DISPOSED,21
2026-01-20,DEVICE_RECEIVED,133
2026-01-20,DEVICE_REGISTERED,5
2026-01-20,DEVICE_STATUS_CHANGED,735
2026-01-20,DEVICE_TRANSFERRED,626
2026-01-20,MAINTENANCE_COMPLETED,1150
2026-01-20,REPAIR_COMPLETED,783
2026-01-21,DEVICE_DISPOSED,27
2026-01-21,DEVICE_RECEIVED,141
2026-01-21,DEVICE_REGISTERED,4
2026-01-21,DEVICE_STATUS_CHANGED,764
2026-01-21,DEVICE_TRANSFERRED,689
2026-01-21,MAINTENANCE_COMPLETED,1077
2026-01-21,REPAIR_COMPLETED,765
2026-01-22,DEVICE_DISPOSED,21
2026-01-22,DEVICE_RECEIVED,114
2026-01-22,DEVICE_REGISTERED,11
2026-01-22,DEVICE_STATUS_CHANGED,764
2026-01-22,DEVICE_TRANSFERRED,634
2026-01-22,MAINTENANCE_COMPLETED,1118
2026-01-22,REPAIR_COMPLETED,787
2026-01-23,DEVICE_DISPOSED,16
2026-01-23,DEVICE_RECEIVED,125
2026-01-23,DEVICE_REGISTERED,8
2026-01-23,DEVICE_STATUS_CHANGED,759
2026-01-23,DEVICE_TRANSFERRED,676
2026-01-23,MAINTENANCE_COMPLETED,1093
2026-01-23,REPAIR_COMPLETED,802
2026-01-24,DEVICE_DISPOSED,28
2026-01-24,DEVICE_RECEIVED,144
2026-01-24,DEVICE_REGISTERED,9
2026-01-24,DEVICE_STATUS_CHANGED,710
2026-01-24,DEVICE_TRANSFERRED,630
2026-01-24,MAINTENANCE_COMPLETED,1140
2026-01-24,REPAIR_COMPLETED,810
2026-01-25,DEVICE_DISPOSED,29
2026-01-25,DEVICE_RECEIVED,123
2026-01-25,DEVICE_REGISTERED,6
2026-01-25,DEVICE_STATUS_CHANGED,730
2026-01-25,DEVICE_TRANSFERRED,649
2026-01-25,MAINTENANCE_COMPLETED,1080
2026-01-25,REPAIR_COMPLETED,809
2026-01-26,DEVICE_DISPOSED,18
2026-01-26,DEVICE_RECEIVED,131
2026-01-26,DEVICE_REGISTERED,5
2026-01-26,DEVICE_STATUS_CHANGED,708
2026-01-26,DEVICE_TRANSFERRED,614
2026-01-26,MAINTENANCE_COMPLETED,1093
2026-01-26,REPAIR_COMPLETED,722
2026-01-27,DEVICE_DISPOSED,27
2026-01-27,DEVICE_RECEIVED,140
2026-01-27,DEVICE_REGISTERED,6
2026-01-27,DEVICE_STATUS_CHANGED,749
2026-01-27,DEVICE_TRANSFERRED,650
2026-01-27,MAINTENANCE_COMPLETED,1117
2026-01-27,REPAIR_COMPLETED,731
2026-01-28,DEVICE_DISPOSED,19
2026-01-28,DEVICE_RECEIVED,118
2026-01-28,DEVICE_REGISTERED,5
2026-01-28,DEVICE_STATUS_CHANGED,740
2026-01-28,DEVICE_TRANSFERRED,666
2026-01-28,MAINTENANCE_COMPLETED,1110
2026-01-28,REPAIR_COMPLETED,744
2026-01-29,DEVICE_DISPOSED,26
2026-01-29,DEVICE_RECEIVED,123
2026-01-29,DEVICE_REGISTERED,8
2026-01-29,DEVICE_STATUS_CHANGED,675
2026-01-29,DEVICE_TRANSFERRED,675
2026-01-29,MAINTENANCE_COMPLETED,1111
2026-01-29,REPAIR_COMPLETED,781
2026-01-30,DEVICE_DISPOSED,19
2026-01-30,DEVICE_RECEIVED,137
2026-01-30,DEVICE_REGISTERED,11
2026-01-30,DEVICE_STATUS_CHANGED,764
2026-01-30,DEVICE_TRANSFERRED,639
2026-01-30,MAINTENANCE_COMPLETED,1070
2026-01-30,REPAIR_COMPLETED,713
2026-01-31,DEVICE_DISPOSED,27
2026-01-31,DEVICE_RECEIVED,127
2026-01-31,DEVICE_REGISTERED,4
2026-01-31,DEVICE_STATUS_CHANGED,717
2026-01-31,DEVICE_TRANSFERRED,659
2026-01-31,MAINTENANCE_COMPLETED,1074
2026-01-31,REPAIR_COMPLETED,751
2026-02-01,DEVICE_DISPOSED,18
2026-02-01,DEVICE_RECEIVED,116
2026-02-01,DEVICE_REGISTERED,11
2026-02-01,DEVICE_STATUS_CHANGED,701
2026-02-01,DEVICE_TRANSFERRED,659
2026-02-01,MAINTENANCE_COMPLETED,1119
2026-02-01,REPAIR_COMPLETED,789
2026-02-02,DEVICE_DISPOSED,20
2026-02-02,DEVICE_RECEIVED,122
2026-02-02,DEVICE_REGISTERED,10
2026-02-02,DEVICE_STATUS_CHANGED,680
2026-02-02,DEVICE_TRANSFERRED,614
2026-02-02,MAINTENANCE_COMPLETED,1149
2026-02-02,REPAIR_COMPLETED,760
2026-02-03,DEVICE_DISPOSED,22
2026-02-03,DEVICE_RECEIVED,142
2026-02-03,DEVICE_REGISTERED,6
2026-02-03,DEVICE_STATUS_CHANGED,742
2026-02-03,DEVICE_TRANSFERRED,658
2026-02-03,MAINTENANCE_COMPLETED,1045
2026-02-03,REPAIR_COMPLETED,737
2026-02-04,DEVICE_DISPOSED,25
2026-02-04,DEVICE_RECEIVED,133
2026-02-04,DEVICE_REGISTERED,6
2026-02-04,DEVICE_STATUS_CHANGED,719
2026-02-04,DEVICE_TRANSFERRED,669
2026-02-04,MAINTENANCE_COMPLETED,1103
2026-02-04,REPAIR_COMPLETED,782
2026-02-05,DEVICE_DISPOSED,18
2026-02-05,DEVICE_RECEIVED,121
2026-02-05,DEVICE_REGISTERED,7
2026-02-05,DEVICE_STATUS_CHANGED,707
2026-02-05,DEVICE_TRANSFERRED,653
2026-02-05,MAINTENANCE_COMPLETED,1129
2026-02-05,REPAIR_COMPLETED,721
2026-02-06,DEVICE_DISPOSED,18
2026-02-06,DEVICE_RECEIVED,119
2026-02-06,DEVICE_REGISTERED,11
2026-02-06,DEVICE_STATUS_CHANGED,744
2026-02-06,DEVICE_TRANSFERRED,663
2026-02-06,MAINTENANCE_COMPLETED,1164
2026-02-06,REPAIR_COMPLETED,798
2026-02-07,DEVICE_DISPOSED,21
2026-02-07,DEVICE_RECEIVED,133
2026-02-07,DEVICE_REGISTERED,10
2026-02-07,DEVICE_STATUS_CHANGED,728
2026-02-07,DEVICE_TRANSFERRED,637
2026-02-07,MAINTENANCE_COMPLETED,1085
2026-02-07,REPAIR_COMPLETED,794
2026-02-08,DEVICE_DISPOSED,21
2026-02-08,DEVICE_RECEIVED,122
2026-02-08,DEVICE_REGISTERED,3
2026-02-08,DEVICE_STATUS_CHANGED,799
2026-02-08,DEVICE_TRANSFERRED,711
2026-02-08,MAINTENANCE_COMPLETED,1140
2026-02-08,REPAIR_COMPLETED,762
2026-02-09,DEVICE_DISPOSED,27
2026-02-09,DEVICE_RECEIVED,128
2026-02-09,DEVICE_REGISTERED,7
2026-02-09,DEVICE_STATUS_CHANGED,690
2026-02-09,DEVICE_TRANSFERRED,648
2026-02-09,MAINTENANCE_COMPLETED,1068
2026-02-09,REPAIR_COMPLETED,774
2026-02-10,DEVICE_DISPOSED,28
2026-02-10,DEVICE_RECEIVED,131
2026-02-10,DEVICE_REGISTERED,5
2026-02-10,DEVICE_STATUS_CHANGED,723
2026-02-10,DEVICE_TRANSFERRED,680
2026-02-10,MAINTENANCE_COMPLETED,1053
2026-02-10,REPAIR_COMPLETED,821
2026-02-11,DEVICE_DISPOSED,18
2026-02-11,DEVICE_RECEIVED,134
2026-02-11,DEVICE_REGISTERED,6
2026-02-11,DEVICE_STATUS_CHANGED,755
2026-02-11,DEVICE_TRANSFERRED,634
2026-02-11,MAINTENANCE_COMPLETED,1117
2026-02-11,REPAIR_COMPLETED,733
2026-02-12,DEVICE_DISPOSED,22
2026-02-12,DEVICE_RECEIVED,119
2026-02-12,DEVICE_REGISTERED,14
2026-02-12,DEVICE_STATUS_CHANGED,729
2026-02-12,DEVICE_TRANSFERRED,625
2026-02-12,MAINTENANCE_COMPLETED,1084
2026-02-12,REPAIR_COMPLETED,758
2026-02-13,DEVICE_DISPOSED,28
2026-02-13,DEVICE_RECEIVED,141
2026-02-13,DEVICE_REGISTERED,6
2026-02-13,DEVICE_STATUS_CHANGED,799
2026-02-13,DEVICE_TRANSFERRED,672
2026-02-13,MAINTENANCE_COMPLETED,1098
2026-02-13,REPAIR_COMPLETED,798
2026-02-14,DEVICE_DISPOSED,25
2026-02-14,DEVICE_RECEIVED,115
2026-02-14,DEVICE_REGISTERED,5
2026-02-14,DEVICE_STATUS_CHANGED,688
2026-02-14,DEVICE_TRANSFERRED,640
2026-02-14,MAINTENANCE_COMPLETED,1109
2026-02-14,REPAIR_COMPLETED,734
2026-02-15,DEVICE_DISPOSED,23
2026-02-15,DEVICE_RECEIVED,145
2026-02-15,DEVICE_REGISTERED,6
2026-02-15,DEVICE_STATUS_CHANGED,716
2026-02-15,DEVICE_TRANSFERRED,662
2026-02-15,MAINTENANCE_COMPLETED,1101
2026-02-15,REPAIR_COMPLETED,802
2026-02-16,DEVICE_DISPOSED,20
2026-02-16,DEVICE_RECEIVED,111
2026-02-16,DEVICE_REGISTERED,3
2026-02-16,DEVICE_STATUS_CHANGED,733
2026-02-16,DEVICE_TRANSFERRED,612
2026-02-16,MAINTENANCE_COMPLETED,1107
2026-02-16,REPAIR_COMPLETED,791
2026-02-17,DEVICE_DISPOSED,25
2026-02-17,DEVICE_RECEIVED,140
2026-02-17,DEVICE_REGISTERED,4
2026-02-17,DEVICE_STATUS_CHANGED,725
2026-02-17,DEVICE_TRANSFERRED,662
2026-02-17,MAINTENANCE_COMPLETED,1065
2026-02-17,REPAIR_COMPLETED,706
2026-02-18,DEVICE_DISPOSED,19
2026-02-18,DEVICE_RECEIVED,134
2026-02-18,DEVICE_REGISTERED,7
2026-02-18,DEVICE_STATUS_CHANGED,722
2026-02-18,DEVICE_TRANSFERRED,627
2026-02-18,MAINTENANCE_COMPLETED,1128
2026-02-18,REPAIR_COMPLETED,775
2026-02-19,DEVICE_DISPOSED,20
2026-02-19,DEVICE_RECEIVED,127
2026-02-19,DEVICE_REGISTERED,5
2026-02-19,DEVICE_STATUS_CHANGED,729
2026-02-19,DEVICE_TRANSFERRED,665
2026-02-19,MAINTENANCE_COMPLETED,1107
2026-02-19,REPAIR_COMPLETED,754
2026-02-20,DEVICE_DISPOSED,21
2026-02-20,DEVICE_RECEIVED,143
2026-02-20,DEVICE_REGISTERED,6
2026-02-20,DEVICE_STATUS_CHANGED,706
2026-02-20,DEVICE_TRANSFERRED,648
2026-02-20,MAINTENANCE_COMPLETED,1084
2026-02-20,REPAIR_COMPLETED,731
2026-02-21,DEVICE_DISPOSED,24
2026-02-21,DEVICE_RECEIVED,142
2026-02-21,DEVICE_REGISTERED,7
2026-02-21,DEVICE_STATUS_CHANGED,751
2026-02-21,DEVICE_TRANSFERRED,669
2026-02-21,MAINTENANCE_COMPLETED,1142
2026-02-21,REPAIR_COMPLETED,792
2026-02-22,DEVICE_DISPOSED,26
2026-02-22,DEVICE_RECEIVED,117
2026-02-22,DEVICE_REGISTERED,9
2026-02-22,DEVICE_STATUS_CHANGED,686
2026-02-22,DEVICE_TRANSFERRED,699
2026-02-22,MAINTENANCE_COMPLETED,1073
2026-02-22,REPAIR_COMPLETED,737
2026-02-23,DEVICE_DISPOSED,10
2026-02-23,DEVICE_RECEIVED,143
2026-02-23,DEVICE_REGISTERED,9
2026-02-23,DEVICE_STATUS_CHANGED,703
2026-02-23,DEVICE_TRANSFERRED,684
2026-02-23,MAINTENANCE_COMPLETED,1075
2026-02-23,REPAIR_COMPLETED,819
2026-02-24,DEVICE_DISPOSED,30
2026-02-24,DEVICE_RECEIVED,149
2026-02-24,DEVICE_REGISTERED,7
2026-02-24,DEVICE_STATUS_CHANGED,700
2026-02-24,DEVICE_TRANSFERRED,615
2026-02-24,MAINTENANCE_COMPLETED,1154
2026-02-24,REPAIR_COMPLETED,779
2026-02-25,DEVICE_DISPOSED,21
2026-02-25,DEVICE_RECEIVED,120
2026-02-25,DEVICE_REGISTERED,10
2026-02-25,DEVICE_STATUS_CHANGED,753
2026-02-25,DEVICE_TRANSFERRED,674
2026-02-25,MAINTENANCE_COMPLETED,1079
2026-02-25,REPAIR_COMPLETED,789
2026-02-26,DEVICE_DISPOSED,22
2026-02-26,DEVICE_RECEIVED,160
2026-02-26,DEVICE_REGISTERED,9
2026-02-26,DEVICE_STATUS_CHANGED,741
2026-02-26,DEVICE_TRANSFERRED,619
2026-02-26,MAINTENANCE_COMPLETED,1129
2026-02-26,REPAIR_COMPLETED,752
2026-02-27,DEVICE_DISPOSED,15
2026-02-27,DEVICE_RECEIVED,139
2026-02-27,DEVICE_REGISTERED,11
2026-02-27,DEVICE_STATUS_CHANGED,726
2026-02-27,DEVICE_TRANSFERRED,666
2026-02-27,MAINTENANCE_COMPLETED,1078
2026-02-27,REPAIR_COMPLETED,748
2026-02-28,DEVICE_DISPOSED,21
2026-02-28,DEVICE_RECEIVED,142
2026-02-28,DEVICE_REGISTERED,8
2026-02-28,DEVICE_STATUS_CHANGED,769
2026-02-28,DEVICE_TRANSFERRED,700
2026-02-28,MAINTENANCE_COMPLETED,1061
2026-02-28,REPAIR_COMPLETED,727
2026-03-01,DEVICE_DISPOSED,16
2026-03-01,DEVICE_RECEIVED,120
2026-03-01,DEVICE_REGISTERED,7
2026-03-01,DEVICE_STATUS_CHANGED,766
2026-03-01,DEVICE_TRANSFERRED,653
2026-03-01,MAINTENANCE_COMPLETED,1040
2026-03-01,REPAIR_COMPLETED,818
2026-03-02,DEVICE_DISPOSED,18
2026-03-02,DEVICE_RECEIVED,129
2026-03-02,DEVICE_REGISTERED,4
2026-03-02,DEVICE_STATUS_CHANGED,719
2026-03-02,DEVICE_TRANSFERRED,651
2026-03-02,MAINTENANCE_COMPLETED,1102
2026-03-02,REPAIR_COMPLETED,772
2026-03-03,DEVICE_DISPOSED,18
2026-03-03,DEVICE_RECEIVED,115
2026-03-03,DEVICE_REGISTERED,4
2026-03-03,DEVICE_STATUS_CHANGED,733
2026-03-03,DEVICE_TRANSFERRED,640
2026-03-03,MAINTENANCE_COMPLETED,1117
2026-03-03,REPAIR_COMPLETED,805
2026-03-04,DEVICE_DISPOSED,17
2026-03-04,DEVICE_RECEIVED,106
2026-03-04,DEVICE_REGISTERED,12
2026-03-04,DEVICE_STATUS_CHANGED,739
2026-03-04,DEVICE_TRANSFERRED,641
2026-03-04,MAINTENANCE_COMPLETED,1026
2026-03-04,REPAIR_COMPLETED,798
2026-03-05,DEVICE_DISPOSED,23
2026-03-05,DEVICE_RECEIVED,120
2026-03-05,DEVICE_REGISTERED,4
2026-03-05,DEVICE_STATUS_CHANGED,720
2026-03-05,DEVICE_TRANSFERRED,619
2026-03-05,MAINTENANCE_COMPLETED,1102
2026-03-05,REPAIR_COMPLETED,768
2026-03-06,DEVICE_DISPOSED,26
2026-03-06,DEVICE_RECEIVED,147
2026-03-06,DEVICE_REGISTERED,7
2026-03-06,DEVICE_STATUS_CHANGED,789
2026-03-06,DEVICE_TRANSFERRED,638
2026-03-06,MAINTENANCE_COMPLETED,1134
2026-03-06,REPAIR_COMPLETED,761
2026-03-07,DEVICE_DISPOSED,26
2026-03-07,DEVICE_RECEIVED,128
2026-03-07,DEVICE_REGISTERED,12
2026-03-07,DEVICE_STATUS_CHANGED,678
2026-03-07,DEVICE_TRANSFERRED,615
2026-03-07,MAINTENANCE_COMPLETED,1079
2026-03-07,REPAIR_COMPLETED,801
2026-03-08,DEVICE_DISPOSED,20
2026-03-08,DEVICE_RECEIVED,129
2026-03-08,DEVICE_REGISTERED,7
2026-03-08,DEVICE_STATUS_CHANGED,780
2026-03-08,DEVICE_TRANSFERRED,642
2026-03-08,MAINTENANCE_COMPLETED,1059
2026-03-08,REPAIR_COMPLETED,820
2026-03-09,DEVICE_DISPOSED,23
2026-03-09,DEVICE_RECEIVED,136
2026-03-09,DEVICE_REGISTERED,5
2026-03-09,DEVICE_STATUS_CHANGED,753
2026-03-09,DEVICE_TRANSFERRED,691
2026-03-09,MAINTENANCE_COMPLETED,1169
2026-03-09,REPAIR_COMPLETED,792
2026-03-10,DEVICE_DISPOSED,21
2026-03-10,DEVICE_RECEIVED,128
2026-03-10,DEVICE_REGISTERED,9
2026-03-10,DEVICE_STATUS_CHANGED,753
2026-03-10,DEVICE_TRANSFERRED,643
2026-03-10,MAINTENANCE_COMPLETED,1105
2026-03-10,REPAIR_COMPLETED,788
2026-03-11,DEVICE_DISPOSED,17
2026-03-11,DEVICE_RECEIVED,134
2026-03-11,DEVICE_REGISTERED,9
2026-03-11,DEVICE_STATUS_CHANGED,705
2026-03-11,DEVICE_TRANSFERRED,617
2026-03-11,MAINTENANCE_COMPLETED,1038
2026-03-11,REPAIR_COMPLETED,786
2026-03-12,DEVICE_DISPOSED,17
2026-03-12,DEVICE_RECEIVED,161
2026-03-12,DEVICE_REGISTERED,13
2026-03-12,DEVICE_STATUS_CHANGED,739
2026-03-12,DEVICE_TRANSFERRED,654
2026-03-12,MAINTENANCE_COMPLETED,1092
2026-03-12,REPAIR_COMPLETED,799
2026-03-13,DEVICE_DISPOSED,16
2026-03-13,DEVICE_RECEIVED,122
2026-03-13,DEVICE_REGISTERED,8
2026-03-13,DEVICE_STATUS_CHANGED,764
2026-03-13,DEVICE_TRANSFERRED,690
2026-03-13,MAINTENANCE_COMPLETED,1133
2026-03-13,REPAIR_COMPLETED,765
2026-03-14,DEVICE_DISPOSED,21
2026-03-14,DEVICE_RECEIVED,130
2026-03-14,DEVICE_REGISTERED,7
2026-03-14,DEVICE_STATUS_CHANGED,714
2026-03-14,DEVICE_TRANSFERRED,631
2026-03-14,MAINTENANCE_COMPLETED,1100
2026-03-14,REPAIR_COMPLETED,749
2026-03-15,DEVICE_DISPOSED,27
2026-03-15,DEVICE_RECEIVED,118
2026-03-15,DEVICE_REGISTERED,10
2026-03-15,DEVICE_STATUS_CHANGED,652
2026-03-15,DEVICE_TRANSFERRED,668
2026-03-15,MAINTENANCE_COMPLETED,1095
2026-03-15,REPAIR_COMPLETED,723
2026-03-16,DEVICE_DISPOSED,18
2026-03-16,DEVICE_RECEIVED,124
2026-03-16,DEVICE_REGISTERED,6
2026-03-16,DEVICE_STATUS_CHANGED,743
2026-03-16,DEVICE_TRANSFERRED,650
2026-03-16,MAINTENANCE_COMPLETED,1145
2026-03-16,REPAIR_COMPLETED,737
2026-03-17,DEVICE_DISPOSED,20
2026-03-17,DEVICE_RECEIVED,122
2026-03-17,DEVICE_REGISTERED,5
2026-03-17,DEVICE_STATUS_CHANGED,738
2026-03-17,DEVICE_TRANSFERRED,628
2026-03-17,MAINTENANCE_COMPLETED,1116
2026-03-17,REPAIR_COMPLETED,738
2026-03-18,DEVICE_DISPOSED,17
2026-03-18,DEVICE_RECEIVED,108
2026-03-18,DEVICE_REGISTERED,8
2026-03-18,DEVICE_STATUS_CHANGED,723
2026-03-18,DEVICE_TRANSFERRED,637
2026-03-18,MAINTENANCE_COMPLETED,1078
2026-03-18,REPAIR_COMPLETED,784
2026-03-19,DEVICE_DISPOSED,30
2026-03-19,DEVICE_RECEIVED,138
2026-03-19,DEVICE_REGISTERED,10
2026-03-19,DEVICE_STATUS_CHANGED,740
2026-03-19,DEVICE_TRANSFERRED,639
2026-03-19,MAINTENANCE_COMPLETED,1111
2026-03-19,REPAIR_COMPLETED,772
2026-03-20,DEVICE_DISPOSED,20
2026-03-20,DEVICE_RECEIVED,150
2026-03-20,DEVICE_REGISTERED,9
2026-03-20,DEVICE_STATUS_CHANGED,696
2026-03-20,DEVICE_TRANSFERRED,677
2026-03-20,MAINTENANCE_COMPLETED,1073
2026-03-20,REPAIR_COMPLETED,817
2026-03-21,DEVICE_DISPOSED,23
2026-03-21,DEVICE_RECEIVED,139
2026-03-21,DEVICE_REGISTERED,6
2026-03-21,DEVICE_STATUS_CHANGED,712
2026-03-21,DEVICE_TRANSFERRED,685
2026-03-21,MAINTENANCE_COMPLETED,1113
2026-03-21,REPAIR_COMPLETED,753
2026-03-22,DEVICE_DISPOSED,28
2026-03-22,DEVICE_RECEIVED,132
2026-03-22,DEVICE_REGISTERED,5
2026-03-22,DEVICE_STATUS_CHANGED,768
2026-03-22,DEVICE_TRANSFERRED,688
2026-03-22,MAINTENANCE_COMPLETED,1196
2026-03-22,REPAIR_COMPLETED,754
2026-03-23,DEVICE_DISPOSED,22
2026-03-23,DEVICE_RECEIVED,141
2026-03-23,DEVICE_REGISTERED,11
2026-03-23,DEVICE_STATUS_CHANGED,729
2026-03-23,DEVICE_TRANSFERRED,631
2026-03-23,MAINTENANCE_COMPLETED,1121
2026-03-23,REPAIR_COMPLETED,750
2026-03-24,DEVICE_DISPOSED,26
2026-03-24,DEVICE_RECEIVED,134
2026-03-24,DEVICE_REGISTERED,7
2026-03-24,DEVICE_STATUS_CHANGED,687
2026-03-24,DEVICE_TRANSFERRED,709
2026-03-24,MAINTENANCE_COMPLETED,1049
2026-03-24,REPAIR_COMPLETED,756
2026-03-25,DEVICE_DISPOSED,15
2026-03-25,DEVICE_RECEIVED,108
2026-03-25,DEVICE_REGISTERED,8
2026-03-25,DEVICE_STATUS_CHANGED,728
2026-03-25,DEVICE_TRANSFERRED,609
2026-03-25,MAINTENANCE_COMPLETED,1095
2026-03-25,REPAIR_COMPLETED,756
2026-03-26,DEVICE_DISPOSED,22
2026-03-26,DEVICE_RECEIVED,124
2026-03-26,DEVICE_REGISTERED,9
2026-03-26,DEVICE_STATUS_CHANGED,745
2026-03-26,DEVICE_TRANSFERRED,677
2026-03-26,MAINTENANCE_COMPLETED,1079
2026-03-26,REPAIR_COMPLETED,808
2026-03-27,DEVICE_DISPOSED,20
2026-03-27,DEVICE_RECEIVED,124
2026-03-27,DEVICE_REGISTERED,8
2026-03-27,DEVICE_STATUS_CHANGED,726
2026-03-27,DEVICE_TRANSFERRED,674
2026-03-27,MAINTENANCE_COMPLETED,1083
2026-03-27,REPAIR_COMPLETED,768
2026-03-28,DEVICE_DISPOSED,19
2026-03-28,DEVICE_RECEIVED,129
2026-03-28,DEVICE_REGISTERED,6
2026-03-28,DEVICE_STATUS_CHANGED,713
2026-03-28,DEVICE_TRANSFERRED,710
2026-03-28,MAINTENANCE_COMPLETED,1105
2026-03-28,REPAIR_COMPLETED,797
2026-03-29,DEVICE_DISPOSED,17
2026-03-29,DEVICE_RECEIVED,143
2026-03-29,DEVICE_REGISTERED,9
2026-03-29,DEVICE_STATUS_CHANGED,705
2026-03-29,DEVICE_TRANSFERRED,667
2026-03-29,MAINTENANCE_COMPLETED,1136
2026-03-29,REPAIR_COMPLETED,788
2026-03-30,DEVICE_DISPOSED,19
2026-03-30,DEVICE_RECEIVED,139
2026-03-30,DEVICE_REGISTERED,9
2026-03-30,DEVICE_STATUS_CHANGED,752
2026-03-30,DEVICE_TRANSFERRED,703
2026-03-30,MAINTENANCE_COMPLETED,1155
2026-03-30,REPAIR_COMPLETED,748
2026-03-31,DEVICE_DISPOSED,22
2026-03-31,DEVICE_RECEIVED,130
2026-03-31,DEVICE_REGISTERED,11
2026-03-31,DEVICE_STATUS_CHANGED,712
2026-03-31,DEVICE_TRANSFERRED,653
2026-03-31,MAINTENANCE_COMPLETED,1089
2026-03-31,REPAIR_COMPLETED,792
2026-04-01,DEVICE_DISPOSED,25
2026-04-01,DEVICE_RECEIVED,129
2026-04-01,DEVICE_REGISTERED,5
2026-04-01,DEVICE_STATUS_CHANGED,660
2026-04-01,DEVICE_TRANSFERRED,653
2026-04-01,MAINTENANCE_COMPLETED,1112
2026-04-01,REPAIR_COMPLETED,827
2026-04-02,DEVICE_DISPOSED,27
2026-04-02,DEVICE_RECEIVED,128
2026-04-02,DEVICE_REGISTERED,7
2026-04-02,DEVICE_STATUS_CHANGED,698
2026-04-02,DEVICE_TRANSFERRED,666
2026-04-02,MAINTENANCE_COMPLETED,1113
2026-04-02,REPAIR_COMPLETED,802
2026-04-03,DEVICE_DISPOSED,24
2026-04-03,DEVICE_RECEIVED,136
2026-04-03,DEVICE_REGISTERED,5
2026-04-03,DEVICE_STATUS_CHANGED,732
2026-04-03,DEVICE_TRANSFERRED,615
2026-04-03,MAINTENANCE_COMPLETED,1077
2026-04-03,REPAIR_COMPLETED,806
2026-04-04,DEVICE_DISPOSED,26
2026-04-04,DEVICE_RECEIVED,139
2026-04-04,DEVICE_REGISTERED,6
2026-04-04,DEVICE_STATUS_CHANGED,723
2026-04-04,DEVICE_TRANSFERRED,668
2026-04-04,MAINTENANCE_COMPLETED,1147
2026-04-04,REPAIR_COMPLETED,777
2026-04-05,DEVICE_DISPOSED,20
2026-04-05,DEVICE_RECEIVED,130
2026-04-05,DEVICE_REGISTERED,7
2026-04-05,DEVICE_STATUS_CHANGED,725
2026-04-05,DEVICE_TRANSFERRED,632
2026-04-05,MAINTENANCE_COMPLETED,1099
2026-04-05,REPAIR_COMPLETED,748
2026-04-06,DEVICE_DISPOSED,16
2026-04-06,DEVICE_RECEIVED,108
2026-04-06,DEVICE_REGISTERED,4
2026-04-06,DEVICE_STATUS_CHANGED,716
2026-04-06,DEVICE_TRANSFERRED,733
2026-04-06,MAINTENANCE_COMPLETED,1106
2026-04-06,REPAIR_COMPLETED,857
2026-04-07,DEVICE_DISPOSED,17
2026-04-07,DEVICE_RECEIVED,148
2026-04-07,DEVICE_REGISTERED,13
2026-04-07,DEVICE_STATUS_CHANGED,765
2026-04-07,DEVICE_TRANSFERRED,632
2026-04-07,MAINTENANCE_COMPLETED,1115
2026-04-07,REPAIR_COMPLETED,771
2026-04-08,DEVICE_DISPOSED,25
2026-04-08,DEVICE_RECEIVED,117
2026-04-08,DEVICE_REGISTERED,16
2026-04-08,DEVICE_STATUS_CHANGED,707
2026-04-08,DEVICE_TRANSFERRED,677
2026-04-08,MAINTENANCE_COMPLETED,1092
2026-04-08,REPAIR_COMPLETED,741
2026-04-09,DEVICE_DISPOSED,24
2026-04-09,DEVICE_RECEIVED,118
2026-04-09,DEVICE_REGISTERED,6
2026-04-09,DEVICE_STATUS_CHANGED,823
2026-04-09,DEVICE_TRANSFERRED,623
2026-04-09,MAINTENANCE_COMPLETED,1126
2026-04-09,REPAIR_COMPLETED,741
2026-04-10,DEVICE_DISPOSED,21
2026-04-10,DEVICE_RECEIVED,131
2026-04-10,DEVICE_REGISTERED,1
2026-04-10,DEVICE_STATUS_CHANGED,729
2026-04-10,DEVICE_TRANSFERRED,653
2026-04-10,MAINTENANCE_COMPLETED,1139
2026-04-10,REPAIR_COMPLETED,780
2026-04-11,DEVICE_DISPOSED,23
2026-04-11,DEVICE_RECEIVED,122
2026-04-11,DEVICE_REGISTERED,9
2026-04-11,DEVICE_STATUS_CHANGED,678
2026-04-11,DEVICE_TRANSFERRED,670
2026-04-11,MAINTENANCE_COMPLETED,1147
2026-04-11,REPAIR_COMPLETED,783
2026-04-12,DEVICE_DISPOSED,26
2026-04-12,DEVICE_RECEIVED,130
2026-04-12,DEVICE_STATUS_CHANGED,719
2026-04-12,DEVICE_TRANSFERRED,626
2026-04-12,MAINTENANCE_COMPLETED,1125
2026-04-12,REPAIR_COMPLETED,766
2026-04-13,DEVICE_DISPOSED,26
2026-04-13,DEVICE_RECEIVED,141
2026-04-13,DEVICE_REGISTERED,5
2026-04-13,DEVICE_STATUS_CHANGED,752
2026-04-13,DEVICE_TRANSFERRED,621
2026-04-13,MAINTENANCE_COMPLETED,1096
2026-04-13,REPAIR_COMPLETED,851
2026-04-14,DEVICE_DISPOSED,23
2026-04-14,DEVICE_RECEIVED,111
2026-04-14,DEVICE_REGISTERED,4
2026-04-14,DEVICE_STATUS_CHANGED,689
2026-04-14,DEVICE_TRANSFERRED,660
2026-04-14,MAINTENANCE_COMPLETED,1123
2026-04-14,REPAIR_COMPLETED,775
2026-04-15,DEVICE_DISPOSED,15
2026-04-15,DEVICE_RECEIVED,137
2026-04-15,DEVICE_REGISTERED,9
2026-04-15,DEVICE_STATUS_CHANGED,738
2026-04-15,DEVICE_TRANSFERRED,674
2026-04-15,MAINTENANCE_COMPLETED,1112
2026-04-15,REPAIR_COMPLETED,744
2026-04-16,DEVICE_DISPOSED,22
2026-04-16,DEVICE_RECEIVED,119
2026-04-16,DEVICE_REGISTERED,11
2026-04-16,DEVICE_STATUS_CHANGED,729
2026-04-16,DEVICE_TRANSFERRED,665
2026-04-16,MAINTENANCE_COMPLETED,1084
2026-04-16,REPAIR_COMPLETED,822
2026-04-17,DEVICE_DISPOSED,19
2026-04-17,DEVICE_RECEIVED,145
2026-04-17,DEVICE_REGISTERED,7
2026-04-17,DEVICE_STATUS_CHANGED,699
2026-04-17,DEVICE_TRANSFERRED,692
2026-04-17,MAINTENANCE_COMPLETED,1086
2026-04-17,REPAIR_COMPLETED,842
2026-04-18,DEVICE_DISPOSED,22
2026-04-18,DEVICE_RECEIVED,144
2026-04-18,DEVICE_REGISTERED,8
2026-04-18,DEVICE_STATUS_CHANGED,742
2026-04-18,DEVICE_TRANSFERRED,667
2026-04-18,MAINTENANCE_COMPLETED,1084
2026-04-18,REPAIR_COMPLETED,764
2026-04-19,DEVICE_DISPOSED,22
2026-04-19,DEVICE_RECEIVED,135
2026-04-19,DEVICE_REGISTERED,4
2026-04-19,DEVICE_STATUS_CHANGED,744
2026-04-19,DEVICE_TRANSFERRED,679
2026-04-19,MAINTENANCE_COMPLETED,1117
2026-04-19,REPAIR_COMPLETED,759
2026-04-20,DEVICE_DISPOSED,26
2026-04-20,DEVICE_RECEIVED,153
2026-04-20,DEVICE_REGISTERED,12
2026-04-20,DEVICE_STATUS_CHANGED,694
2026-04-20,DEVICE_TRANSFERRED,592
2026-04-20,MAINTENANCE_COMPLETED,1108
2026-04-20,REPAIR_COMPLETED,826
2026-04-21,DEVICE_DISPOSED,28
2026-04-21,DEVICE_RECEIVED,135
2026-04-21,DEVICE_REGISTERED,5
2026-04-21,DEVICE_STATUS_CHANGED,752
2026-04-21,DEVICE_TRANSFERRED,644
2026-04-21,MAINTENANCE_COMPLETED,1074
2026-04-21,REPAIR_COMPLETED,738
2026-04-22,DEVICE_DISPOSED,27
2026-04-22,DEVICE_RECEIVED,141
2026-04-22,DEVICE_REGISTERED,1
2026-04-22,DEVICE_STATUS_CHANGED,765
2026-04-22,DEVICE_TRANSFERRED,674
2026-04-22,MAINTENANCE_COMPLETED,1105
2026-04-22,REPAIR_COMPLETED,779
2026-04-23,DEVICE_DISPOSED,26
2026-04-23,DEVICE_RECEIVED,135
2026-04-23,DEVICE_REGISTERED,7
2026-04-23,DEVICE_STATUS_CHANGED,807
2026-04-23,DEVICE_TRANSFERRED,625
2026-04-23,MAINTENANCE_COMPLETED,1105
2026-04-23,REPAIR_COMPLETED,757
2026-04-24,DEVICE_DISPOSED,21
2026-04-24,DEVICE_RECEIVED,116
2026-04-24,DEVICE_REGISTERED,7
2026-04-24,DEVICE_STATUS_CHANGED,721
2026-04-24,DEVICE_TRANSFERRED,673
2026-04-24,MAINTENANCE_COMPLETED,1161
2026-04-24,REPAIR_COMPLETED,816
2026-04-25,DEVICE_DISPOSED,26
2026-04-25,DEVICE_RECEIVED,125
2026-04-25,DEVICE_REGISTERED,9
2026-04-25,DEVICE_STATUS_CHANGED,766
2026-04-25,DEVICE_TRANSFERRED,634
2026-04-25,MAINTENANCE_COMPLETED,1071
2026-04-25,REPAIR_COMPLETED,776
2026-04-26,DEVICE_DISPOSED,29
2026-04-26,DEVICE_RECEIVED,126
2026-04-26,DEVICE_REGISTERED,12
2026-04-26,DEVICE_STATUS_CHANGED,777
2026-04-26,DEVICE_TRANSFERRED,694
2026-04-26,MAINTENANCE_COMPLETED,1119
2026-04-26,REPAIR_COMPLETED,875
2026-04-27,DEVICE_DISPOSED,27
2026-04-27,DEVICE_RECEIVED,131
2026-04-27,DEVICE_REGISTERED,7
2026-04-27,DEVICE_STATUS_CHANGED,715
2026-04-27,DEVICE_TRANSFERRED,662
2026-04-27,MAINTENANCE_COMPLETED,1094
2026-04-27,REPAIR_COMPLETED,784
2026-04-28,DEVICE_DISPOSED,27
2026-04-28,DEVICE_RECEIVED,123
2026-04-28,DEVICE_REGISTERED,6
2026-04-28,DEVICE_STATUS_CHANGED,769
2026-04-28,DEVICE_TRANSFERRED,670
2026-04-28,MAINTENANCE_COMPLETED,1149
2026-04-28,REPAIR_COMPLETED,792
2026-04-29,DEVICE_DISPOSED,23
2026-04-29,DEVICE_RECEIVED,125
2026-04-29,DEVICE_REGISTERED,4
2026-04-29,DEVICE_STATUS_CHANGED,800
2026-04-29,DEVICE_TRANSFERRED,692
2026-04-29,MAINTENANCE_COMPLETED,1066
2026-04-29,REPAIR_COMPLETED,779
2026-04-30,DEVICE_DISPOSED,23
2026-04-30,DEVICE_RECEIVED,128
2026-04-30,DEVICE_REGISTERED,4
2026-04-30,DEVICE_STATUS_CHANGED,743
2026-04-30,DEVICE_TRANSFERRED,652
2026-04-30,MAINTENANCE_COMPLETED,1120
2026-04-30,REPAIR_COMPLETED,808
2026-05-01,DEVICE_DISPOSED,19
2026-05-01,DEVICE_RECEIVED,151
2026-05-01,DEVICE_REGISTERED,7
2026-05-01,DEVICE_STATUS_CHANGED,720
2026-05-01,DEVICE_TRANSFERRED,650
2026-05-01,MAINTENANCE_COMPLETED,1108
2026-05-01,REPAIR_COMPLETED,785
2026-05-02,DEVICE_DISPOSED,25
2026-05-02,DEVICE_RECEIVED,116
2026-05-02,DEVICE_REGISTERED,7
2026-05-02,DEVICE_STATUS_CHANGED,740
2026-05-02,DEVICE_TRANSFERRED,637
2026-05-02,MAINTENANCE_COMPLETED,1104
2026-05-02,REPAIR_COMPLETED,804
2026-05-03,DEVICE_DISPOSED,17
2026-05-03,DEVICE_RECEIVED,142
2026-05-03,DEVICE_REGISTERED,5
2026-05-03,DEVICE_STATUS_CHANGED,723
2026-05-03,DEVICE_TRANSFERRED,622
2026-05-03,MAINTENANCE_COMPLETED,1152
2026-05-03,REPAIR_COMPLETED,790
2026-05-04,DEVICE_DISPOSED,18
2026-05-04,DEVICE_RECEIVED,129
2026-05-04,DEVICE_REGISTERED,7
2026-05-04,DEVICE_STATUS_CHANGED,736
2026-05-04,DEVICE_TRANSFERRED,660
2026-05-04,MAINTENANCE_COMPLETED,1087
2026-05-04,REPAIR_COMPLETED,778
2026-05-05,DEVICE_DISPOSED,17
2026-05-05,DEVICE_RECEIVED,133
2026-05-05,DEVICE_REGISTERED,7
2026-05-05,DEVICE_STATUS_CHANGED,746
2026-05-05,DEVICE_TRANSFERRED,665
2026-05-05,MAINTENANCE_COMPLETED,1112
2026-05-05,REPAIR_COMPLETED,757
2026-05-06,DEVICE_DISPOSED,17
2026-05-06,DEVICE_RECEIVED,118
2026-05-06,DEVICE_REGISTERED,7
2026-05-06,DEVICE_STATUS_CHANGED,771
2026-05-06,DEVICE_TRANSFERRED,670
2026-05-06,MAINTENANCE_COMPLETED,1077
2026-05-06,REPAIR_COMPLETED,771
2026-05-07,DEVICE_DISPOSED,17
2026-05-07,DEVICE_RECEIVED,139
2026-05-07,DEVICE_REGISTERED,6
2026-05-07,DEVICE_STATUS_CHANGED,766
2026-05-07,DEVICE_TRANSFERRED,660
2026-05-07,MAINTENANCE_COMPLETED,1026
2026-05-07,REPAIR_COMPLETED,746
2026-05-08,DEVICE_DISPOSED,24
2026-05-08,DEVICE_RECEIVED,130
2026-05-08,DEVICE_REGISTERED,9
2026-05-08,DEVICE_STATUS_CHANGED,718
2026-05-08,DEVICE_TRANSFERRED,653
2026-05-08,MAINTENANCE_COMPLETED,1100
2026-05-08,REPAIR_COMPLETED,789
2026-05-09,DEVICE_DISPOSED,20
2026-05-09,DEVICE_RECEIVED,148
2026-05-09,DEVICE_REGISTERED,10
2026-05-09,DEVICE_STATUS_CHANGED,700
2026-05-09,DEVICE_TRANSFERRED,653
2026-05-09,MAINTENANCE_COMPLETED,1101
2026-05-09,REPAIR_COMPLETED,791
2026-05-10,DEVICE_DISPOSED,19
2026-05-10,DEVICE_RECEIVED,101
2026-05-10,DEVICE_REGISTERED,10
2026-05-10,DEVICE_STATUS_CHANGED,752
2026-05-10,DEVICE_TRANSFERRED,639
2026-05-10,MAINTENANCE_COMPLETED,1135
2026-05-10,REPAIR_COMPLETED,792
2026-05-11,DEVICE_DISPOSED,20
2026-05-11,DEVICE_RECEIVED,132
2026-05-11,DEVICE_REGISTERED,7
2026-05-11,DEVICE_STATUS_CHANGED,776
2026-05-11,DEVICE_TRANSFERRED,632
2026-05-11,MAINTENANCE_COMPLETED,1089
2026-05-11,REPAIR_COMPLETED,784
2026-05-12,DEVICE_DISPOSED,16
2026-05-12,DEVICE_RECEIVED,140
2026-05-12,DEVICE_REGISTERED,8
2026-05-12,DEVICE_STATUS_CHANGED,649
2026-05-12,DEVICE_TRANSFERRED,710
2026-05-12,MAINTENANCE_COMPLETED,1089
2026-05-12,REPAIR_COMPLETED,824
2026-05-13,DEVICE_DISPOSED,28
2026-05-13,DEVICE_RECEIVED,159
2026-05-13,DEVICE_REGISTERED,7
2026-05-13,DEVICE_STATUS_CHANGED,730
2026-05-13,DEVICE_TRANSFERRED,649
2026-05-13,MAINTENANCE_COMPLETED,1126
2026-05-13,REPAIR_COMPLETED,745
2026-05-14,DEVICE_DISPOSED,17
2026-05-14,DEVICE_RECEIVED,125
2026-05-14,DEVICE_REGISTERED,6
2026-05-14,DEVICE_STATUS_CHANGED,699
2026-05-14,DEVICE_TRANSFERRED,628
2026-05-14,MAINTENANCE_COMPLETED,1135
2026-05-14,REPAIR_COMPLETED,773
2026-05-15,DEVICE_DISPOSED,21
2026-05-15,DEVICE_RECEIVED,127
2026-05-15,DEVICE_REGISTERED,6
2026-05-15,DEVICE_STATUS_CHANGED,780
2026-05-15,DEVICE_TRANSFERRED,654
2026-05-15,MAINTENANCE_COMPLETED,1063
2026-05-15,REPAIR_COMPLETED,786
2026-05-16,DEVICE_DISPOSED,24
2026-05-16,DEVICE_RECEIVED,110
2026-05-16,DEVICE_REGISTERED,10
2026-05-16,DEVICE_STATUS_CHANGED,699
2026-05-16,DEVICE_TRANSFERRED,643
2026-05-16,MAINTENANCE_COMPLETED,1170
2026-05-16,REPAIR_COMPLETED,757
2026-05-17,DEVICE_DISPOSED,20
2026-05-17,DEVICE_RECEIVED,117
2026-05-17,DEVICE_REGISTERED,3
2026-05-17,DEVICE_STATUS_CHANGED,761
2026-05-17,DEVICE_TRANSFERRED,654
2026-05-17,MAINTENANCE_COMPLETED,1092
2026-05-17,REPAIR_COMPLETED,768
2026-05-18,DEVICE_DISPOSED,29
2026-05-18,DEVICE_RECEIVED,133
2026-05-18,DEVICE_REGISTERED,6
2026-05-18,DEVICE_STATUS_CHANGED,736
2026-05-18,DEVICE_TRANSFERRED,683
2026-05-18,MAINTENANCE_COMPLETED,1149
2026-05-18,REPAIR_COMPLETED,812
2026-05-19,DEVICE_DISPOSED,19
2026-05-19,DEVICE_RECEIVED,119
2026-05-19,DEVICE_REGISTERED,4
2026-05-19,DEVICE_STATUS_CHANGED,727
2026-05-19,DEVICE_TRANSFERRED,661
2026-05-19,MAINTENANCE_COMPLETED,1072
2026-05-19,REPAIR_COMPLETED,765
2026-05-20,DEVICE_DISPOSED,29
2026-05-20,DEVICE_RECEIVED,142
2026-05-20,DEVICE_REGISTERED,11
2026-05-20,DEVICE_STATUS_CHANGED,738
2026-05-20,DEVICE_TRANSFERRED,673
2026-05-20,MAINTENANCE_COMPLETED,1096
2026-05-20,REPAIR_COMPLETED,776
2026-05-21,DEVICE_DISPOSED,26
2026-05-21,DEVICE_RECEIVED,144
2026-05-21,DEVICE_REGISTERED,6
2026-05-21,DEVICE_STATUS_CHANGED,766
2026-05-21,DEVICE_TRANSFERRED,656
2026-05-21,MAINTENANCE_COMPLETED,1076
2026-05-21,REPAIR_COMPLETED,742
2026-05-22,DEVICE_DISPOSED,18
2026-05-22,DEVICE_RECEIVED,135
2026-05-22,DEVICE_REGISTERED,10
2026-05-22,DEVICE_STATUS_CHANGED,790
2026-05-22,DEVICE_TRANSFERRED,687
2026-05-22,MAINTENANCE_COMPLETED,1150
2026-05-22,REPAIR_COMPLETED,744
2026-05-23,DEVICE_DISPOSED,25
2026-05-23,DEVICE_RECEIVED,138
2026-05-23,DEVICE_REGISTERED,9
2026-05-23,DEVICE_STATUS_CHANGED,761
2026-05-23,DEVICE_TRANSFERRED,629
2026-05-23,MAINTENANCE_COMPLETED,1104
2026-05-23,REPAIR_COMPLETED,785
2026-05-24,DEVICE_DISPOSED,24
2026-05-24,DEVICE_RECEIVED,127
2026-05-24,DEVICE_REGISTERED,5
2026-05-24,DEVICE_STATUS_CHANGED,730
2026-05-24,DEVICE_TRANSFERRED,635
2026-05-24,MAINTENANCE_COMPLETED,1037
2026-05-24,REPAIR_COMPLETED,802
2026-05-25,DEVICE_DISPOSED,22
2026-05-25,DEVICE_RECEIVED,134
2026-05-25,DEVICE_REGISTERED,8
2026-05-25,DEVICE_STATUS_CHANGED,751
2026-05-25,DEVICE_TRANSFERRED,645
2026-05-25,MAINTENANCE_COMPLETED,1090
2026-05-25,REPAIR_COMPLETED,759
2026-05-26,DEVICE_DISPOSED,21
2026-05-26,DEVICE_RECEIVED,140
2026-05-26,DEVICE_REGISTERED,5
2026-05-26,DEVICE_STATUS_CHANGED,732
2026-05-26,DEVICE_TRANSFERRED,652
2026-05-26,MAINTENANCE_COMPLETED,1158
2026-05-26,REPAIR_COMPLETED,840
2026-05-27,DEVICE_DISPOSED,22
2026-05-27,DEVICE_RECEIVED,124
2026-05-27,DEVICE_REGISTERED,7
2026-05-27,DEVICE_STATUS_CHANGED,750
2026-05-27,DEVICE_TRANSFERRED,675
2026-05-27,MAINTENANCE_COMPLETED,1074
2026-05-27,REPAIR_COMPLETED,745
2026-05-28,DEVICE_DISPOSED,27
2026-05-28,DEVICE_RECEIVED,125
2026-05-28,DEVICE_REGISTERED,7
2026-05-28,DEVICE_STATUS_CHANGED,734
2026-05-28,DEVICE_TRANSFERRED,684
2026-05-28,MAINTENANCE_COMPLETED,1129
2026-05-28,REPAIR_COMPLETED,777
2026-05-29,DEVICE_DISPOSED,15
2026-05-29,DEVICE_RECEIVED,114
2026-05-29,DEVICE_REGISTERED,6
2026-05-29,DEVICE_STATUS_CHANGED,725
2026-05-29,DEVICE_TRANSFERRED,658
2026-05-29,MAINTENANCE_COMPLETED,1097
2026-05-29,REPAIR_COMPLETED,745
2026-05-30,DEVICE_DISPOSED,17
2026-05-30,DEVICE_RECEIVED,150
2026-05-30,DEVICE_REGISTERED,3
2026-05-30,DEVICE_STATUS_CHANGED,754
2026-05-30,DEVICE_TRANSFERRED,664
2026-05-30,MAINTENANCE_COMPLETED,1129
2026-05-30,REPAIR_COMPLETED,770
2026-05-31,DEVICE_DISPOSED,23
2026-05-31,DEVICE_RECEIVED,126
2026-05-31,DEVICE_REGISTERED,11
2026-05-31,DEVICE_STATUS_CHANGED,765
2026-05-31,DEVICE_TRANSFERRED,679
2026-05-31,MAINTENANCE_COMPLETED,1178
2026-05-31,REPAIR_COMPLETED,734
2026-06-01,DEVICE_DISPOSED,20
2026-06-01,DEVICE_RECEIVED,138
2026-06-01,DEVICE_REGISTERED,4
2026-06-01,DEVICE_STATUS_CHANGED,741
2026-06-01,DEVICE_TRANSFERRED,661
2026-06-01,MAINTENANCE_COMPLETED,1128
2026-06-01,REPAIR_COMPLETED,807
2026-06-02,DEVICE_DISPOSED,20
2026-06-02,DEVICE_RECEIVED,138
2026-06-02,DEVICE_REGISTERED,10
2026-06-02,DEVICE_STATUS_CHANGED,744
2026-06-02,DEVICE_TRANSFERRED,669
2026-06-02,MAINTENANCE_COMPLETED,1110
2026-06-02,REPAIR_COMPLETED,786
2026-06-03,DEVICE_DISPOSED,25
2026-06-03,DEVICE_RECEIVED,135
2026-06-03,DEVICE_REGISTERED,10
2026-06-03,DEVICE_STATUS_CHANGED,704
2026-06-03,DEVICE_TRANSFERRED,711
2026-06-03,MAINTENANCE_COMPLETED,1124
2026-06-03,REPAIR_COMPLETED,770
2026-06-04,DEVICE_DISPOSED,22
2026-06-04,DEVICE_RECEIVED,123
2026-06-04,DEVICE_REGISTERED,9
2026-06-04,DEVICE_STATUS_CHANGED,711
2026-06-04,DEVICE_TRANSFERRED,652
2026-06-04,MAINTENANCE_COMPLETED,1110
2026-06-04,REPAIR_COMPLETED,731
2026-06-05,DEVICE_DISPOSED,31
2026-06-05,DEVICE_RECEIVED,133
2026-06-05,DEVICE_REGISTERED,6
2026-06-05,DEVICE_STATUS_CHANGED,726
2026-06-05,DEVICE_TRANSFERRED,661
2026-06-05,MAINTENANCE_COMPLETED,1128
2026-06-05,REPAIR_COMPLETED,729
2026-06-06,DEVICE_DISPOSED,29
2026-06-06,DEVICE_RECEIVED,147
2026-06-06,DEVICE_REGISTERED,14
2026-06-06,DEVICE_STATUS_CHANGED,703
2026-06-06,DEVICE_TRANSFERRED,693
2026-06-06,MAINTENANCE_COMPLETED,1078
2026-06-06,REPAIR_COMPLETED,768
2026-06-07,DEVICE_DISPOSED,28
2026-06-07,DEVICE_RECEIVED,135
2026-06-07,DEVICE_REGISTERED,12
2026-06-07,DEVICE_STATUS_CHANGED,703
2026-06-07,DEVICE_TRANSFERRED,672
2026-06-07,MAINTENANCE_COMPLETED,1071
2026-06-07,REPAIR_COMPLETED,803
2026-06-08,DEVICE_DISPOSED,17
2026-06-08,DEVICE_RECEIVED,127
2026-06-08,DEVICE_REGISTERED,4
2026-06-08,DEVICE_STATUS_CHANGED,748
2026-06-08,DEVICE_TRANSFERRED,615
2026-06-08,MAINTENANCE_COMPLETED,1085
2026-06-08,REPAIR_COMPLETED,767
2026-06-09,DEVICE_DISPOSED,22
2026-06-09,DEVICE_RECEIVED,128
2026-06-09,DEVICE_REGISTERED,5
2026-06-09,DEVICE_STATUS_CHANGED,739
2026-06-09,DEVICE_TRANSFERRED,703
2026-06-09,MAINTENANCE_COMPLETED,1101
2026-06-09,REPAIR_COMPLETED,748
2026-06-10,DEVICE_DISPOSED,21
2026-06-10,DEVICE_RECEIVED,138
2026-06-10,DEVICE_REGISTERED,7
2026-06-10,DEVICE_STATUS_CHANGED,758
2026-06-10,DEVICE_TRANSFERRED,624
2026-06-10,MAINTENANCE_COMPLETED,1067
2026-06-10,REPAIR_COMPLETED,747
2026-06-11,DEVICE_DISPOSED,19
2026-06-11,DEVICE_RECEIVED,133
2026-06-11,DEVICE_REGISTERED,9
2026-06-11,DEVICE_STATUS_CHANGED,792
2026-06-11,DEVICE_TRANSFERRED,668
2026-06-11,MAINTENANCE_COMPLETED,1111
2026-06-11,REPAIR_COMPLETED,799
2026-06-12,DEVICE_DISPOSED,21
2026-06-12,DEVICE_RECEIVED,119
2026-06-12,DEVICE_REGISTERED,11
2026-06-12,DEVICE_STATUS_CHANGED,736
2026-06-12,DEVICE_TRANSFERRED,692
2026-06-12,MAINTENANCE_COMPLETED,1118
2026-06-12,REPAIR_COMPLETED,802
2026-06-13,DEVICE_DISPOSED,20
2026-06-13,DEVICE_RECEIVED,120
2026-06-13,DEVICE_REGISTERED,10
2026-06-13,DEVICE_STATUS_CHANGED,754
2026-06-13,DEVICE_TRANSFERRED,663
2026-06-13,MAINTENANCE_COMPLETED,1056
2026-06-13,REPAIR_COMPLETED,723
2026-06-14,DEVICE_DISPOSED,27
2026-06-14,DEVICE_RECEIVED,132
2026-06-14,DEVICE_REGISTERED,3
2026-06-14,DEVICE_STATUS_CHANGED,693
2026-06-14,DEVICE_TRANSFERRED,669
2026-06-14,MAINTENANCE_COMPLETED,1069
2026-06-14,REPAIR_COMPLETED,791
2026-06-15,DEVICE_DISPOSED,20
2026-06-15,DEVICE_RECEIVED,105
2026-06-15,DEVICE_REGISTERED,4
2026-06-15,DEVICE_STATUS_CHANGED,776
2026-06-15,DEVICE_TRANSFERRED,670
2026-06-15,MAINTENANCE_COMPLETED,1065
2026-06-15,REPAIR_COMPLETED,768
2026-06-16,DEVICE_DISPOSED,20
2026-06-16,DEVICE_RECEIVED,124
2026-06-16,DEVICE_REGISTERED,4
2026-06-16,DEVICE_STATUS_CHANGED,754
2026-06-16,DEVICE_TRANSFERRED,629
2026-06-16,MAINTENANCE_COMPLETED,1048
2026-06-16,REPAIR_COMPLETED,764
2026-06-17,DEVICE_DISPOSED,24
2026-06-17,DEVICE_RECEIVED,151
2026-06-17,DEVICE_REGISTERED,7
2026-06-17,DEVICE_STATUS_CHANGED,718
2026-06-17,DEVICE_TRANSFERRED,660
2026-06-17,MAINTENANCE_COMPLETED,1067
2026-06-17,REPAIR_COMPLETED,800
2026-06-18,DEVICE_DISPOSED,16
2026-06-18,DEVICE_RECEIVED,123
2026-06-18,DEVICE_REGISTERED,3
2026-06-18,DEVICE_STATUS_CHANGED,713
2026-06-18,DEVICE_TRANSFERRED,599
2026-06-18,MAINTENANCE_COMPLETED,1093
2026-06-18,REPAIR_COMPLETED,770
2026-06-19,DEVICE_DISPOSED,25
2026-06-19,DEVICE_RECEIVED,126
2026-06-19,DEVICE_REGISTERED,6
2026-06-19,DEVICE_STATUS_CHANGED,764
2026-06-19,DEVICE_TRANSFERRED,657
2026-06-19,MAINTENANCE_COMPLETED,1072
2026-06-19,REPAIR_COMPLETED,769
2026-06-20,DEVICE_DISPOSED,19
2026-06-20,DEVICE_RECEIVED,139
2026-06-20,DEVICE_REGISTERED,7
2026-06-20,DEVICE_STATUS_CHANGED,729
2026-06-20,DEVICE_TRANSFERRED,700
2026-06-20,MAINTENANCE_COMPLETED,1025
2026-06-20,REPAIR_COMPLETED,768
2026-06-21,DEVICE_DISPOSED,23
2026-06-21,DEVICE_RECEIVED,124
2026-06-21,DEVICE_REGISTERED,4
2026-06-21,DEVICE_STATUS_CHANGED,737
2026-06-21,DEVICE_TRANSFERRED,657
2026-06-21,MAINTENANCE_COMPLETED,1024
2026-06-21,REPAIR_COMPLETED,789
2026-06-22,DEVICE_DISPOSED,14
2026-06-22,DEVICE_RECEIVED,132
2026-06-22,DEVICE_REGISTERED,9
2026-06-22,DEVICE_STATUS_CHANGED,713
2026-06-22,DEVICE_TRANSFERRED,680
2026-06-22,MAINTENANCE_COMPLETED,1063
2026-06-22,REPAIR_COMPLETED,746
2026-06-23,DEVICE_DISPOSED,20
2026-06-23,DEVICE_RECEIVED,121
2026-06-23,DEVICE_REGISTERED,7
2026-06-23,DEVICE_STATUS_CHANGED,761
2026-06-23,DEVICE_TRANSFERRED,701
2026-06-23,MAINTENANCE_COMPLETED,1092
2026-06-23,REPAIR_COMPLETED,729
2026-06-24,DEVICE_DISPOSED,17
2026-06-24,DEVICE_RECEIVED,134
2026-06-24,DEVICE_REGISTERED,9
2026-06-24,DEVICE_STATUS_CHANGED,724
2026-06-24,DEVICE_TRANSFERRED,672
2026-06-24,MAINTENANCE_COMPLETED,1070
2026-06-24,REPAIR_COMPLETED,802
2026-06-25,DEVICE_DISPOSED,23
2026-06-25,DEVICE_RECEIVED,115
2026-06-25,DEVICE_REGISTERED,9
2026-06-25,DEVICE_STATUS_CHANGED,724
2026-06-25,DEVICE_TRANSFERRED,673
2026-06-25,MAINTENANCE_COMPLETED,1043
2026-06-25,REPAIR_COMPLETED,782
2026-06-26,DEVICE_DISPOSED,26
2026-06-26,DEVICE_RECEIVED,140
2026-06-26,DEVICE_REGISTERED,3
2026-06-26,DEVICE_STATUS_CHANGED,677
2026-06-26,DEVICE_TRANSFERRED,655
2026-06-26,MAINTENANCE_COMPLETED,1096
2026-06-26,REPAIR_COMPLETED,836
2026-06-27,DEVICE_DISPOSED,23
2026-06-27,DEVICE_RECEIVED,123
2026-06-27,DEVICE_REGISTERED,9
2026-06-27,DEVICE_STATUS_CHANGED,739
2026-06-27,DEVICE_TRANSFERRED,676
2026-06-27,MAINTENANCE_COMPLETED,1068
2026-06-27,REPAIR_COMPLETED,785
2026-06-28,DEVICE_DISPOSED,17
2026-06-28,DEVICE_RECEIVED,142
2026-06-28,DEVICE_REGISTERED,10
2026-06-28,DEVICE_STATUS_CHANGED,686
2026-06-28,DEVICE_TRANSFERRED,656
2026-06-28,MAINTENANCE_COMPLETED,1116
2026-06-28,REPAIR_COMPLETED,760
2026-06-29,DEVICE_DISPOSED,28
2026-06-29,DEVICE_RECEIVED,128
2026-06-29,DEVICE_REGISTERED,12
2026-06-29,DEVICE_STATUS_CHANGED,705
2026-06-29,DEVICE_TRANSFERRED,651
2026-06-29,MAINTENANCE_COMPLETED,1165
2026-06-29,REPAIR_COMPLETED,745
2026-06-30,DEVICE_DISPOSED,17
2026-06-30,DEVICE_RECEIVED,145
2026-06-30,DEVICE_REGISTERED,6
2026-06-30,DEVICE_STATUS_CHANGED,780
2026-06-30,DEVICE_TRANSFERRED,672
2026-06-30,MAINTENANCE_COMPLETED,1080
2026-06-30,REPAIR_COMPLETED,802
2026-07-01,DEVICE_DISPOSED,19
2026-07-01,DEVICE_RECEIVED,130
2026-07-01,DEVICE_REGISTERED,10
2026-07-01,DEVICE_STATUS_CHANGED,684
2026-07-01,DEVICE_TRANSFERRED,673
2026-07-01,MAINTENANCE_COMPLETED,1108
2026-07-01,REPAIR_COMPLETED,764
2026-07-02,DEVICE_DISPOSED,30
2026-07-02,DEVICE_RECEIVED,123
2026-07-02,DEVICE_REGISTERED,10
2026-07-02,DEVICE_STATUS_CHANGED,742
2026-07-02,DEVICE_TRANSFERRED,676
2026-07-02,MAINTENANCE_COMPLETED,1094
2026-07-02,REPAIR_COMPLETED,771
2026-07-03,DEVICE_DISPOSED,20
2026-07-03,DEVICE_RECEIVED,141
2026-07-03,DEVICE_REGISTERED,4
2026-07-03,DEVICE_STATUS_CHANGED,762
2026-07-03,DEVICE_TRANSFERRED,687
2026-07-03,MAINTENANCE_COMPLETED,1073
2026-07-03,REPAIR_COMPLETED,798
2026-07-04,DEVICE_DISPOSED,18
2026-07-04,DEVICE_RECEIVED,141
2026-07-04,DEVICE_REGISTERED,8
2026-07-04,DEVICE_STATUS_CHANGED,742
2026-07-04,DEVICE_TRANSFERRED,662
2026-07-04,MAINTENANCE_COMPLETED,1043
2026-07-04,REPAIR_COMPLETED,719
2026-07-05,DEVICE_DISPOSED,19
2026-07-05,DEVICE_RECEIVED,127
2026-07-05,DEVICE_REGISTERED,8
2026-07-05,DEVICE_STATUS_CHANGED,754
2026-07-05,DEVICE_TRANSFERRED,648
2026-07-05,MAINTENANCE_COMPLETED,1095
2026-07-05,REPAIR_COMPLETED,738
2026-07-06,DEVICE_DISPOSED,17
2026-07-06,DEVICE_RECEIVED,134
2026-07-06,DEVICE_REGISTERED,6
2026-07-06,DEVICE_STATUS_CHANGED,767
2026-07-06,DEVICE_TRANSFERRED,588
2026-07-06,MAINTENANCE_COMPLETED,1096
2026-07-06,REPAIR_COMPLETED,784
2026-07-07,DEVICE_DISPOSED,23
2026-07-07,DEVICE_RECEIVED,143
2026-07-07,DEVICE_REGISTERED,7
2026-07-07,DEVICE_STATUS_CHANGED,714
2026-07-07,DEVICE_TRANSFERRED,686
2026-07-07,MAINTENANCE_COMPLETED,1080
2026-07-07,REPAIR_COMPLETED,779
2026-07-08,DEVICE_DISPOSED,32
2026-07-08,DEVICE_RECEIVED,138
2026-07-08,DEVICE_REGISTERED,6
2026-07-08,DEVICE_STATUS_CHANGED,695
2026-07-08,DEVICE_TRANSFERRED,646
2026-07-08,MAINTENANCE_COMPLETED,1067
2026-07-08,REPAIR_COMPLETED,762
2026-07-09,DEVICE_DISPOSED,26
2026-07-09,DEVICE_RECEIVED,133
2026-07-09,DEVICE_REGISTERED,10
2026-07-09,DEVICE_STATUS_CHANGED,719
2026-07-09,DEVICE_TRANSFERRED,686
2026-07-09,MAINTENANCE_COMPLETED,1069
2026-07-09,REPAIR_COMPLETED,755
2026-07-10,DEVICE_DISPOSED,20
2026-07-10,DEVICE_RECEIVED,130
2026-07-10,DEVICE_REGISTERED,9
2026-07-10,DEVICE_STATUS_CHANGED,742
2026-07-10,DEVICE_TRANSFERRED,676
2026-07-10,MAINTENANCE_COMPLETED,1094
2026-07-10,REPAIR_COMPLETED,727
2026-07-11,DEVICE_DISPOSED,14
2026-07-11,DEVICE_RECEIVED,137
2026-07-11,DEVICE_REGISTERED,6
2026-07-11,DEVICE_STATUS_CHANGED,727
2026-07-11,DEVICE_TRANSFERRED,622
2026-07-11,MAINTENANCE_COMPLETED,1055
2026-07-11,REPAIR_COMPLETED,768
2026-07-12,DEVICE_DISPOSED,28
2026-07-12,DEVICE_RECEIVED,136
2026-07-12,DEVICE_REGISTERED,5
2026-07-12,DEVICE_STATUS_CHANGED,760
2026-07-12,DEVICE_TRANSFERRED,719
2026-07-12,MAINTENANCE_COMPLETED,1079
2026-07-12,REPAIR_COMPLETED,788
2026-07-13,DEVICE_DISPOSED,26
2026-07-13,DEVICE_RECEIVED,110
2026-07-13,DEVICE_STATUS_CHANGED,724
2026-07-13,DEVICE_TRANSFERRED,643
2026-07-13,MAINTENANCE_COMPLETED,1075
2026-07-13,REPAIR_COMPLETED,763
2026-07-14,DEVICE_DISPOSED,24
2026-07-14,DEVICE_RECEIVED,157
2026-07-14,DEVICE_REGISTERED,5
2026-07-14,DEVICE_STATUS_CHANGED,720
2026-07-14,DEVICE_TRANSFERRED,619
2026-07-14,MAINTENANCE_COMPLETED,1116
2026-07-14,REPAIR_COMPLETED,779
2026-07-15,DEVICE_DISPOSED,25
2026-07-15,DEVICE_RECEIVED,137
2026-07-15,DEVICE_REGISTERED,9
2026-07-15,DEVICE_STATUS_CHANGED,762
2026-07-15,DEVICE_TRANSFERRED,659
2026-07-15,MAINTENANCE_COMPLETED,1118
2026-07-15,REPAIR_COMPLETED,756
2026-07-16,DEVICE_DISPOSED,15
2026-07-16,DEVICE_RECEIVED,126
2026-07-16,DEVICE_REGISTERED,8
2026-07-16,DEVICE_STATUS_CHANGED,695
2026-07-16,DEVICE_TRANSFERRED,684
2026-07-16,MAINTENANCE_COMPLETED,1088
2026-07-16,REPAIR_COMPLETED,744
2026-07-17,DEVICE_DISPOSED,15
2026-07-17,DEVICE_RECEIVED,153
2026-07-17,DEVICE_REGISTERED,4
2026-07-17,DEVICE_STATUS_CHANGED,698
2026-07-17,DEVICE_TRANSFERRED,696
2026-07-17,MAINTENANCE_COMPLETED,1093
2026-07-17,REPAIR_COMPLETED,774
2026-07-18,DEVICE_DISPOSED,23
2026-07-18,DEVICE_RECEIVED,128
2026-07-18,DEVICE_REGISTERED,12
2026-07-18,DEVICE_STATUS_CHANGED,733
2026-07-18,DEVICE_TRANSFERRED,671
2026-07-18,MAINTENANCE_COMPLETED,1140
2026-07-18,REPAIR_COMPLETED,803
2026-07-19,DEVICE_DISPOSED,20
2026-07-19,DEVICE_RECEIVED,114
2026-07-19,DEVICE_REGISTERED,7
2026-07-19,DEVICE_STATUS_CHANGED,723
2026-07-19,DEVICE_TRANSFERRED,690
2026-07-19,MAINTENANCE_COMPLETED,1116
2026-07-19,REPAIR_COMPLETED,795
2026-07-20,DEVICE_DISPOSED,18
2026-07-20,DEVICE_RECEIVED,141
2026-07-20,DEVICE_REGISTERED,10
2026-07-20,DEVICE_STATUS_CHANGED,758
2026-07-20,DEVICE_TRANSFERRED,646
2026-07-20,MAINTENANCE_COMPLETED,1103
2026-07-20,REPAIR_COMPLETED,774
2026-07-21,DEVICE_DISPOSED,31
2026-07-21,DEVICE_RECEIVED,134
2026-07-21,DEVICE_REGISTERED,11
2026-07-21,DEVICE_STATUS_CHANGED,743
2026-07-21,DEVICE_TRANSFERRED,653
2026-07-21,MAINTENANCE_COMPLETED,1059
2026-07-21,REPAIR_COMPLETED,775
2026-07-22,DEVICE_DISPOSED,21
2026-07-22,DEVICE_RECEIVED,131
2026-07-22,DEVICE_REGISTERED,8
2026-07-22,DEVICE_STATUS_CHANGED,729
2026-07-22,DEVICE_TRANSFERRED,669
2026-07-22,MAINTENANCE_COMPLETED,1100
2026-07-22,REPAIR_COMPLETED,796
2026-07-23,DEVICE_DISPOSED,24
2026-07-23,DEVICE_RECEIVED,130
2026-07-23,DEVICE_REGISTERED,4
2026-07-23,DEVICE_STATUS_CHANGED,740
2026-07-23,DEVICE_TRANSFERRED,655
2026-07-23,MAINTENANCE_COMPLETED,1130
2026-07-23,REPAIR_COMPLETED,783
2026-07-24,DEVICE_DISPOSED,21
2026-07-24,DEVICE_RECEIVED,132
2026-07-24,DEVICE_REGISTERED,8
2026-07-24,DEVICE_STATUS_CHANGED,740
2026-07-24,DEVICE_TRANSFERRED,630
2026-07-24,MAINTENANCE_COMPLETED,1093
2026-07-24,REPAIR_COMPLETED,796
2026-07-25,DEVICE_DISPOSED,24
2026-07-25,DEVICE_RECEIVED,141
2026-07-25,DEVICE_REGISTERED,7
2026-07-25,DEVICE_STATUS_CHANGED,730
2026-07-25,DEVICE_TRANSFERRED,651
2026-07-25,MAINTENANCE_COMPLETED,1111
2026-07-25,REPAIR_COMPLETED,776
2026-07-26,DEVICE_DISPOSED,18
2026-07-26,DEVICE_RECEIVED,159
2026-07-26,DEVICE_REGISTERED,7
2026-07-26,DEVICE_STATUS_CHANGED,656
2026-07-26,DEVICE_TRANSFERRED,680
2026-07-26,MAINTENANCE_COMPLETED,1117
2026-07-26,REPAIR_COMPLETED,779
2026-07-27,DEVICE_DISPOSED,18
2026-07-27,DEVICE_RECEIVED,144
2026-07-27,DEVICE_REGISTERED,4
2026-07-27,DEVICE_STATUS_CHANGED,829
2026-07-27,DEVICE_TRANSFERRED,663
2026-07-27,MAINTENANCE_COMPLETED,1076
2026-07-27,REPAIR_COMPLETED,807
2026-07-28,DEVICE_DISPOSED,17
2026-07-28,DEVICE_RECEIVED,128
2026-07-28,DEVICE_REGISTERED,3
2026-07-28,DEVICE_STATUS_CHANGED,728
2026-07-28,DEVICE_TRANSFERRED,609
2026-07-28,MAINTENANCE_COMPLETED,1115
2026-07-28,REPAIR_COMPLETED,821
2026-07-29,DEVICE_DISPOSED,26
2026-07-29,DEVICE_RECEIVED,138
2026-07-29,DEVICE_REGISTERED,9
2026-07-29,DEVICE_STATUS_CHANGED,749
2026-07-29,DEVICE_TRANSFERRED,650
2026-07-29,MAINTENANCE_COMPLETED,1110
2026-07-29,REPAIR_COMPLETED,777
2026-07-30,DEVICE_DISPOSED,21
2026-07-30,DEVICE_RECEIVED,138
2026-07-30,DEVICE_REGISTERED,5
2026-07-30,DEVICE_STATUS_CHANGED,692
2026-07-30,DEVICE_TRANSFERRED,644
2026-07-30,MAINTENANCE_COMPLETED,1137
2026-07-30,REPAIR_COMPLETED,727
2026-07-31,DEVICE_DISPOSED,21
2026-07-31,DEVICE_RECEIVED,151
2026-07-31,DEVICE_REGISTERED,9
2026-07-31,DEVICE_STATUS_CHANGED,721
2026-07-31,DEVICE_TRANSFERRED,745
2026-07-31,MAINTENANCE_COMPLETED,1107
2026-07-31,REPAIR_COMPLETED,793
2026-08-01,DEVICE_DISPOSED,24
2026-08-01,DEVICE_RECEIVED,145
2026-08-01,DEVICE_REGISTERED,10
2026-08-01,DEVICE_STATUS_CHANGED,704
2026-08-01,DEVICE_TRANSFERRED,660
2026-08-01,MAINTENANCE_COMPLETED,1133
2026-08-01,REPAIR_COMPLETED,786
2026-08-02,DEVICE_DISPOSED,18
2026-08-02,DEVICE_RECEIVED,153
2026-08-02,DEVICE_REGISTERED,8
2026-08-02,DEVICE_STATUS_CHANGED,752
2026-08-02,DEVICE_TRANSFERRED,641
2026-08-02,MAINTENANCE_COMPLETED,1132
2026-08-02,REPAIR_COMPLETED,802
2026-08-03,DEVICE_DISPOSED,16
2026-08-03,DEVICE_RECEIVED,131
2026-08-03,DEVICE_REGISTERED,11
2026-08-03,DEVICE_STATUS_CHANGED,758
2026-08-03,DEVICE_TRANSFERRED,714
2026-08-03,MAINTENANCE_COMPLETED,1085
2026-08-03,REPAIR_COMPLETED,797
2026-08-04,DEVICE_DISPOSED,22
2026-08-04,DEVICE_RECEIVED,148
2026-08-04,DEVICE_REGISTERED,3
2026-08-04,DEVICE_STATUS_CHANGED,722
2026-08-04,DEVICE_TRANSFERRED,676
2026-08-04,MAINTENANCE_COMPLETED,1076
2026-08-04,REPAIR_COMPLETED,734
2026-08-05,DEVICE_DISPOSED,18
2026-08-05,DEVICE_RECEIVED,152
2026-08-05,DEVICE_REGISTERED,3
2026-08-05,DEVICE_STATUS_CHANGED,716
2026-08-05,DEVICE_TRANSFERRED,659
2026-08-05,MAINTENANCE_COMPLETED,1085
2026-08-05,REPAIR_COMPLETED,761
2026-08-06,DEVICE_DISPOSED,24
2026-08-06,DEVICE_RECEIVED,122
2026-08-06,DEVICE_REGISTERED,8
2026-08-06,DEVICE_STATUS_CHANGED,708
2026-08-06,DEVICE_TRANSFERRED,662
2026-08-06,MAINTENANCE_COMPLETED,1075
2026-08-06,REPAIR_COMPLETED,831
2026-08-07,DEVICE_DISPOSED,15
2026-08-07,DEVICE_RECEIVED,113
2026-08-07,DEVICE_REGISTERED,11
2026-08-07,DEVICE_STATUS_CHANGED,704
2026-08-07,DEVICE_TRANSFERRED,692
2026-08-07,MAINTENANCE_COMPLETED,1139
2026-08-07,REPAIR_COMPLETED,736
2026-08-08,DEVICE_DISPOSED,22
2026-08-08,DEVICE_RECEIVED,132
2026-08-08,DEVICE_REGISTERED,15
2026-08-08,DEVICE_STATUS_CHANGED,737
2026-08-08,DEVICE_TRANSFERRED,673
2026-08-08,MAINTENANCE_COMPLETED,1122
2026-08-08,REPAIR_COMPLETED,779
2026-08-09,DEVICE_DISPOSED,19
2026-08-09,DEVICE_RECEIVED,122
2026-08-09,DEVICE_REGISTERED,7
2026-08-09,DEVICE_STATUS_CHANGED,745
2026-08-09,DEVICE_TRANSFERRED,640
2026-08-09,MAINTENANCE_COMPLETED,1135
2026-08-09,REPAIR_COMPLETED,737
2026-08-10,DEVICE_DISPOSED,16
2026-08-10,DEVICE_RECEIVED,139
2026-08-10,DEVICE_REGISTERED,8
2026-08-10,DEVICE_STATUS_CHANGED,755
2026-08-10,DEVICE_TRANSFERRED,670
2026-08-10,MAINTENANCE_COMPLETED,1069
2026-08-10,REPAIR_COMPLETED,790
2026-08-11,DEVICE_DISPOSED,17
2026-08-11,DEVICE_RECEIVED,105
2026-08-11,DEVICE_REGISTERED,7
2026-08-11,DEVICE_STATUS_CHANGED,681
2026-08-11,DEVICE_TRANSFERRED,627
2026-08-11,MAINTENANCE_COMPLETED,1091
2026-08-11,REPAIR_COMPLETED,761
2026-08-12,DEVICE_DISPOSED,23
2026-08-12,DEVICE_RECEIVED,129
2026-08-12,DEVICE_REGISTERED,8
2026-08-12,DEVICE_STATUS_CHANGED,743
2026-08-12,DEVICE_TRANSFERRED,649
2026-08-12,MAINTENANCE_COMPLETED,1079
2026-08-12,REPAIR_COMPLETED,763
2026-08-13,DEVICE_DISPOSED,22
2026-08-13,DEVICE_RECEIVED,148
2026-08-13,DEVICE_REGISTERED,8
2026-08-13,DEVICE_STATUS_CHANGED,708
2026-08-13,DEVICE_TRANSFERRED,699
2026-08-13,MAINTENANCE_COMPLETED,1075
2026-08-13,REPAIR_COMPLETED,743
2026-08-14,DEVICE_DISPOSED,26
2026-08-14,DEVICE_RECEIVED,119
2026-08-14,DEVICE_REGISTERED,5
2026-08-14,DEVICE_STATUS_CHANGED,789
2026-08-14,DEVICE_TRANSFERRED,651
2026-08-14,MAINTENANCE_COMPLETED,1096
2026-08-14,REPAIR_COMPLETED,777
2026-08-15,DEVICE_DISPOSED,28
2026-08-15,DEVICE_RECEIVED,123
2026-08-15,DEVICE_REGISTERED,9
2026-08-15,DEVICE_STATUS_CHANGED,714
2026-08-15,DEVICE_TRANSFERRED,691
2026-08-15,MAINTENANCE_COMPLETED,1075
2026-08-15,REPAIR_COMPLETED,762
2026-08-16,DEVICE_DISPOSED,19
2026-08-16,DEVICE_RECEIVED,154
2026-08-16,DEVICE_REGISTERED,5
2026-08-16,DEVICE_STATUS_CHANGED,738
2026-08-16,DEVICE_TRANSFERRED,697
2026-08-16,MAINTENANCE_COMPLETED,1108
2026-08-16,REPAIR_COMPLETED,726
2026-08-17,DEVICE_DISPOSED,22
2026-08-17,DEVICE_RECEIVED,136
2026-08-17,DEVICE_REGISTERED,8
2026-08-17,DEVICE_STATUS_CHANGED,702
2026-08-17,DEVICE_TRANSFERRED,674
2026-08-17,MAINTENANCE_COMPLETED,1071
2026-08-17,REPAIR_COMPLETED,749
2026-08-18,DEVICE_DISPOSED,21
2026-08-18,DEVICE_RECEIVED,139
2026-08-18,DEVICE_REGISTERED,6
2026-08-18,DEVICE_STATUS_CHANGED,772
2026-08-18,DEVICE_TRANSFERRED,662
2026-08-18,MAINTENANCE_COMPLETED,1102
2026-08-18,REPAIR_COMPLETED,733
2026-08-19,DEVICE_DISPOSED,21
2026-08-19,DEVICE_RECEIVED,122
2026-08-19,DEVICE_REGISTERED,6
2026-08-19,DEVICE_STATUS_CHANGED,718
2026-08-19,DEVICE_TRANSFERRED,671
2026-08-19,MAINTENANCE_COMPLETED,1049
2026-08-19,REPAIR_COMPLETED,757
2026-08-20,DEVICE_DISPOSED,25
2026-08-20,DEVICE_RECEIVED,132
2026-08-20,DEVICE_REGISTERED,2
2026-08-20,DEVICE_STATUS_CHANGED,665
2026-08-20,DEVICE_TRANSFERRED,717
2026-08-20,MAINTENANCE_COMPLETED,1092
2026-08-20,REPAIR_COMPLETED,722
2026-08-21,DEVICE_DISPOSED,20
2026-08-21,DEVICE_RECEIVED,125
2026-08-21,DEVICE_REGISTERED,6
2026-08-21,DEVICE_STATUS_CHANGED,797
2026-08-21,DEVICE_TRANSFERRED,673
2026-08-21,MAINTENANCE_COMPLETED,1069
2026-08-21,REPAIR_COMPLETED,759
2026-08-22,DEVICE_DISPOSED,27
2026-08-22,DEVICE_RECEIVED,133
2026-08-22,DEVICE_REGISTERED,9
2026-08-22,DEVICE_STATUS_CHANGED,684
2026-08-22,DEVICE_TRANSFERRED,645
2026-08-22,MAINTENANCE_COMPLETED,1050
2026-08-22,REPAIR_COMPLETED,748
2026-08-23,DEVICE_DISPOSED,26
2026-08-23,DEVICE_RECEIVED,125
2026-08-23,DEVICE_REGISTERED,5
2026-08-23,DEVICE_STATUS_CHANGED,731
2026-08-23,DEVICE_TRANSFERRED,689
2026-08-23,MAINTENANCE_COMPLETED,1037
2026-08-23,REPAIR_COMPLETED,768
2026-08-24,DEVICE_DISPOSED,24
2026-08-24,DEVICE_RECEIVED,131
2026-08-24,DEVICE_REGISTERED,2
2026-08-24,DEVICE_STATUS_CHANGED,717
2026-08-24,DEVICE_TRANSFERRED,647
2026-08-24,MAINTENANCE_COMPLETED,1128
2026-08-24,REPAIR_COMPLETED,776
2026-08-25,DEVICE_DISPOSED,31
2026-08-25,DEVICE_RECEIVED,138
2026-08-25,DEVICE_REGISTERED,8
2026-08-25,DEVICE_STATUS_CHANGED,730
2026-08-25,DEVICE_TRANSFERRED,717
2026-08-25,MAINTENANCE_COMPLETED,1141
2026-08-25,REPAIR_COMPLETED,784
2026-08-26,DEVICE_DISPOSED,23
2026-08-26,DEVICE_RECEIVED,130
2026-08-26,DEVICE_REGISTERED,9
2026-08-26,DEVICE_STATUS_CHANGED,753
2026-08-26,DEVICE_TRANSFERRED,641
2026-08-26,MAINTENANCE_COMPLETED,1161
2026-08-26,REPAIR_COMPLETED,729
2026-08-27,DEVICE_DISPOSED,26
2026-08-27,DEVICE_RECEIVED,137
2026-08-27,DEVICE_REGISTERED,6
2026-08-27,DEVICE_STATUS_CHANGED,721
2026-08-27,DEVICE_TRANSFERRED,686
2026-08-27,MAINTENANCE_COMPLETED,1090
2026-08-27,REPAIR_COMPLETED,824
2026-08-28,DEVICE_DISPOSED,19
2026-08-28,DEVICE_RECEIVED,149
2026-08-28,DEVICE_REGISTERED,6
2026-08-28,DEVICE_STATUS_CHANGED,744
2026-08-28,DEVICE_TRANSFERRED,630
2026-08-28,MAINTENANCE_COMPLETED,1151
2026-08-28,REPAIR_COMPLETED,714
2026-08-29,DEVICE_DISPOSED,21
2026-08-29,DEVICE_RECEIVED,134
2026-08-29,DEVICE_REGISTERED,6
2026-08-29,DEVICE_STATUS_CHANGED,749
2026-08-29,DEVICE_TRANSFERRED,689
2026-08-29,MAINTENANCE_COMPLETED,1103
2026-08-29,REPAIR_COMPLETED,819
2026-08-30,DEVICE_DISPOSED,21
2026-08-30,DEVICE_RECEIVED,134
2026-08-30,DEVICE_REGISTERED,7
2026-08-30,DEVICE_STATUS_CHANGED,731
2026-08-30,DEVICE_TRANSFERRED,709
2026-08-30,MAINTENANCE_COMPLETED,1084
2026-08-30,REPAIR_COMPLETED,731
2026-08-31,DEVICE_DISPOSED,21
2026-08-31,DEVICE_RECEIVED,133
2026-08-31,DEVICE_REGISTERED,3
2026-08-31,DEVICE_STATUS_CHANGED,769
2026-08-31,DEVICE_TRANSFERRED,663
2026-08-31,MAINTENANCE_COMPLETED,1072
2026-08-31,REPAIR_COMPLETED,683
2026-09-01,DEVICE_DISPOSED,25
2026-09-01,DEVICE_RECEIVED,136
2026-09-01,DEVICE_REGISTERED,8
2026-09-01,DEVICE_STATUS_CHANGED,773
2026-09-01,DEVICE_TRANSFERRED,668
2026-09-01,MAINTENANCE_COMPLETED,1137
2026-09-01,REPAIR_COMPLETED,758
2026-09-02,DEVICE_DISPOSED,28
2026-09-02,DEVICE_RECEIVED,133
2026-09-02,DEVICE_REGISTERED,9
2026-09-02,DEVICE_STATUS_CHANGED,691
2026-09-02,DEVICE_TRANSFERRED,665
2026-09-02,MAINTENANCE_COMPLETED,1052
2026-09-02,REPAIR_COMPLETED,683
2026-09-03,DEVICE_DISPOSED,28
2026-09-03,DEVICE_RECEIVED,136
2026-09-03,DEVICE_REGISTERED,6
2026-09-03,DEVICE_STATUS_CHANGED,677
2026-09-03,DEVICE_TRANSFERRED,652
2026-09-03,MAINTENANCE_COMPLETED,1103
2026-09-03,REPAIR_COMPLETED,761
2026-09-04,DEVICE_DISPOSED,18
2026-09-04,DEVICE_RECEIVED,134
2026-09-04,DEVICE_REGISTERED,4
2026-09-04,DEVICE_STATUS_CHANGED,706
2026-09-04,DEVICE_TRANSFERRED,666
2026-09-04,MAINTENANCE_COMPLETED,1035
2026-09-04,REPAIR_COMPLETED,780
2026-09-05,DEVICE_DISPOSED,22
2026-09-05,DEVICE_RECEIVED,126
2026-09-05,DEVICE_REGISTERED,9
2026-09-05,DEVICE_STATUS_CHANGED,776
2026-09-05,DEVICE_TRANSFERRED,687
2026-09-05,MAINTENANCE_COMPLETED,1095
2026-09-05,REPAIR_COMPLETED,837
2026-09-06,DEVICE_DISPOSED,17
2026-09-06,DEVICE_RECEIVED,138
2026-09-06,DEVICE_REGISTERED,10
2026-09-06,DEVICE_STATUS_CHANGED,656
2026-09-06,DEVICE_TRANSFERRED,619
2026-09-06,MAINTENANCE_COMPLETED,1078
2026-09-06,REPAIR_COMPLETED,778
2026-09-07,DEVICE_DISPOSED,16
2026-09-07,DEVICE_RECEIVED,136
2026-09-07,DEVICE_REGISTERED,5
2026-09-07,DEVICE_STATUS_CHANGED,705
2026-09-07,DEVICE_TRANSFERRED,567
2026-09-07,MAINTENANCE_COMPLETED,1089
2026-09-07,REPAIR_COMPLETED,798
2026-09-08,DEVICE_DISPOSED,24
2026-09-08,DEVICE_RECEIVED,126
2026-09-08,DEVICE_REGISTERED,5
2026-09-08,DEVICE_STATUS_CHANGED,677
2026-09-08,DEVICE_TRANSFERRED,620
2026-09-08,MAINTENANCE_COMPLETED,1086
2026-09-08,REPAIR_COMPLETED,733
2026-09-09,DEVICE_DISPOSED,23
2026-09-09,DEVICE_RECEIVED,129
2026-09-09,DEVICE_REGISTERED,4
2026-09-09,DEVICE_STATUS_CHANGED,705
2026-09-09,DEVICE_TRANSFERRED,627
2026-09-09,MAINTENANCE_COMPLETED,1108
2026-09-09,REPAIR_COMPLETED,773
2026-09-10,DEVICE_DISPOSED,14
2026-09-10,DEVICE_RECEIVED,159
2026-09-10,DEVICE_REGISTERED,8
2026-09-10,DEVICE_STATUS_CHANGED,702
2026-09-10,DEVICE_TRANSFERRED,667
2026-09-10,MAINTENANCE_COMPLETED,1118
2026-09-10,REPAIR_COMPLETED,814
2026-09-11,DEVICE_DISPOSED,18
2026-09-11,DEVICE_RECEIVED,116
2026-09-11,DEVICE_REGISTERED,4
2026-09-11,DEVICE_STATUS_CHANGED,720
2026-09-11,DEVICE_TRANSFERRED,624
2026-09-11,MAINTENANCE_COMPLETED,1144
2026-09-11,REPAIR_COMPLETED,711
2026-09-12,DEVICE_DISPOSED,23
2026-09-12,DEVICE_RECEIVED,119
2026-09-12,DEVICE_REGISTERED,13
2026-09-12,DEVICE_STATUS_CHANGED,741
2026-09-12,DEVICE_TRANSFERRED,667
2026-09-12,MAINTENANCE_COMPLETED,1118
2026-09-12,REPAIR_COMPLETED,722
2026-09-13,DEVICE_DISPOSED,14
2026-09-13,DEVICE_RECEIVED,129
2026-09-13,DEVICE_REGISTERED,7
2026-09-13,DEVICE_STATUS_CHANGED,703
2026-09-13,DEVICE_TRANSFERRED,641
2026-09-13,MAINTENANCE_COMPLETED,1081
2026-09-13,REPAIR_COMPLETED,733
2026-09-14,DEVICE_DISPOSED,17
2026-09-14,DEVICE_RECEIVED,121
2026-09-14,DEVICE_REGISTERED,4
2026-09-14,DEVICE_STATUS_CHANGED,774
2026-09-14,DEVICE_TRANSFERRED,618
2026-09-14,MAINTENANCE_COMPLETED,1146
2026-09-14,REPAIR_COMPLETED,761
2026-09-15,DEVICE_DISPOSED,20
2026-09-15,DEVICE_RECEIVED,137
2026-09-15,DEVICE_REGISTERED,9
2026-09-15,DEVICE_STATUS_CHANGED,764
2026-09-15,DEVICE_TRANSFERRED,660
2026-09-15,MAINTENANCE_COMPLETED,1089
2026-09-15,REPAIR_COMPLETED,791
2026-09-16,DEVICE_DISPOSED,26
2026-09-16,DEVICE_RECEIVED,152
2026-09-16,DEVICE_REGISTERED,8
2026-09-16,DEVICE_STATUS_CHANGED,702
2026-09-16,DEVICE_TRANSFERRED,678
2026-09-16,MAINTENANCE_COMPLETED,1127
2026-09-16,REPAIR_COMPLETED,755
2026-09-17,DEVICE_DISPOSED,21
2026-09-17,DEVICE_RECEIVED,116
2026-09-17,DEVICE_REGISTERED,10
2026-09-17,DEVICE_STATUS_CHANGED,755
2026-09-17,DEVICE_TRANSFERRED,659
2026-09-17,MAINTENANCE_COMPLETED,1127
2026-09-17,REPAIR_COMPLETED,773
2026-09-18,DEVICE_DISPOSED,25
2026-09-18,DEVICE_RECEIVED,143
2026-09-18,DEVICE_REGISTERED,13
2026-09-18,DEVICE_STATUS_CHANGED,711
2026-09-18,DEVICE_TRANSFERRED,652
2026-09-18,MAINTENANCE_COMPLETED,1054
2026-09-18,REPAIR_COMPLETED,812
2026-09-19,DEVICE_DISPOSED,22
2026-09-19,DEVICE_RECEIVED,134
2026-09-19,DEVICE_REGISTERED,7
2026-09-19,DEVICE_STATUS_CHANGED,716
2026-09-19,DEVICE_TRANSFERRED,682
2026-09-19,MAINTENANCE_COMPLETED,1107
2026-09-19,REPAIR_COMPLETED,777
2026-09-20,DEVICE_DISPOSED,20
2026-09-20,DEVICE_RECEIVED,133
2026-09-20,DEVICE_REGISTERED,6
2026-09-20,DEVICE_STATUS_CHANGED,716
2026-09-20,DEVICE_TRANSFERRED,668
2026-09-20,MAINTENANCE_COMPLETED,1095
2026-09-20,REPAIR_COMPLETED,770
2026-09-21,DEVICE_DISPOSED,13
2026-09-21,DEVICE_RECEIVED,123
2026-09-21,DEVICE_REGISTERED,8
2026-09-21,DEVICE_STATUS_CHANGED,808
2026-09-21,DEVICE_TRANSFERRED,683
2026-09-21,MAINTENANCE_COMPLETED,1120
2026-09-21,REPAIR_COMPLETED,781
2026-09-22,DEVICE_DISPOSED,21
2026-09-22,DEVICE_RECEIVED,120
2026-09-22,DEVICE_REGISTERED,3
2026-09-22,DEVICE_STATUS_CHANGED,719
2026-09-22,DEVICE_TRANSFERRED,650
2026-09-22,MAINTENANCE_COMPLETED,1104
2026-09-22,REPAIR_COMPLETED,795
2026-09-23,DEVICE_DISPOSED,26
2026-09-23,DEVICE_RECEIVED,128
2026-09-23,DEVICE_REGISTERED,9
2026-09-23,DEVICE_STATUS_CHANGED,735
2026-09-23,DEVICE_TRANSFERRED,642
2026-09-23,MAINTENANCE_COMPLETED,1069
2026-09-23,REPAIR_COMPLETED,751
2026-09-24,DEVICE_DISPOSED,20
2026-09-24,DEVICE_RECEIVED,140
2026-09-24,DEVICE_REGISTERED,7
2026-09-24,DEVICE_STATUS_CHANGED,731
2026-09-24,DEVICE_TRANSFERRED,627
2026-09-24,MAINTENANCE_COMPLETED,1045
2026-09-24,REPAIR_COMPLETED,766
2026-09-25,DEVICE_DISPOSED,21
2026-09-25,DEVICE_RECEIVED,132
2026-09-25,DEVICE_REGISTERED,5
2026-09-25,DEVICE_STATUS_CHANGED,751
2026-09-25,DEVICE_TRANSFERRED,706
2026-09-25,MAINTENANCE_COMPLETED,1100
2026-09-25,REPAIR_COMPLETED,712
2026-09-26,DEVICE_DISPOSED,14
2026-09-26,DEVICE_RECEIVED,133
2026-09-26,DEVICE_REGISTERED,12
2026-09-26,DEVICE_STATUS_CHANGED,709
2026-09-26,DEVICE_TRANSFERRED,679
2026-09-26,MAINTENANCE_COMPLETED,1103
2026-09-26,REPAIR_COMPLETED,761
2026-09-27,DEVICE_DISPOSED,31
2026-09-27,DEVICE_RECEIVED,140
2026-09-27,DEVICE_REGISTERED,11
2026-09-27,DEVICE_STATUS_CHANGED,736
2026-09-27,DEVICE_TRANSFERRED,636
2026-09-27,MAINTENANCE_COMPLETED,1068
2026-09-27,REPAIR_COMPLETED,791
2026-09-28,DEVICE_DISPOSED,20
2026-09-28,DEVICE_RECEIVED,130
2026-09-28,DEVICE_REGISTERED,8
2026-09-28,DEVICE_STATUS_CHANGED,724
2026-09-28,DEVICE_TRANSFERRED,661
2026-09-28,MAINTENANCE_COMPLETED,1094
2026-09-28,REPAIR_COMPLETED,722
2026-09-29,DEVICE_DISPOSED,18
2026-09-29,DEVICE_RECEIVED,123
2026-09-29,DEVICE_REGISTERED,8
2026-09-29,DEVICE_STATUS_CHANGED,725
2026-09-29,DEVICE_TRANSFERRED,679
2026-09-29,MAINTENANCE_COMPLETED,1130
2026-09-29,REPAIR_COMPLETED,765
2026-09-30,DEVICE_DISPOSED,6
2026-09-30,DEVICE_RECEIVED,59
2026-09-30,DEVICE_REGISTERED,2
2026-09-30,DEVICE_STATUS_CHANGED,257
2026-09-30,DEVICE_TRANSFERRED,212
2026-09-30,MAINTENANCE_COMPLETED,373
2026-09-30,REPAIR_COMPLETED,288
