device_id,maintenance_count,first_maintenance,last_maintenance
DEMO-DEV-5782,209,2022-10-18T09:23:32.087Z,2026-09-27T12:25:10.040Z
DEMO-DEV-8436,208,2022-10-06T05:00:25.799Z,2026-09-30T07:36:29.727Z
DEMO-DEV-2486,207,2022-10-04T09:01:32.161Z,2026-09-22T21:39:19.915Z
DEMO-DEV-9195,205,2022-10-11T08:26:04.234Z,2026-09-01T21:38:15.648Z
DEMO-DEV-5560,204,2022-10-03T17:34:29.859Z,2026-09-10T21:08:22.719Z
DEMO-DEV-9599,204,2022-10-08T08:58:45.646Z,2026-09-07T20:52:01.948Z
DEMO-DEV-2569,203,2022-10-15T09:29:34.090Z,2026-09-13T19:08:47.505Z
DEMO-DEV-2671,203,2022-10-02T23:11:32.203Z,2026-09-14T00:56:24.288Z
DEMO-DEV-9389,203,2022-10-01T11:07:39.370Z,2026-09-26T04:37:54.989Z
DEMO-DEV-9388,202,2022-10-03T08:13:37.817Z,2026-09-26T04:02:52.864Z
DEMO-DEV-3423,201,2022-10-16T06:20:08.397Z,2026-09-30T05:23:26.825Z
DEMO-DEV-7807,201,2022-10-01T18:26:55.368Z,2026-09-26T12:39:35.795Z
DEMO-DEV-8880,201,2022-10-02T06:18:18.892Z,2026-09-30T00:48:52.168Z
DEMO-DEV-9878,201,2022-10-09T02:04:57.225Z,2026-09-29T00:46:50.391Z
DEMO-DEV-2651,200,2022-10-03T16:47:40.816Z,2026-09-20T12:46:01.403Z
DEMO-DEV-5394,200,2022-10-03T12:22:14.300Z,2026-08-24T06:10:35.950Z
DEMO-DEV-9544,200,2022-10-08T20:36:19.519Z,2026-09-27T01:11:24.646Z
DEMO-DEV-9983,200,2022-10-02T00:18:03.234Z,2026-09-25T14:48:23.239Z
DEMO-DEV-0159,199,2022-10-03T04:59:07.368Z,2026-09-27T14:34:22.676Z
DEMO-DEV-0850,199,2022-10-02T06:18:34.891Z,2026-09-16T19:47:34.568Z
DEMO-DEV-3202,199,2022-10-19T08:50:26.057Z,2026-09-27T14:24:29.291Z
DEMO-DEV-9336,199,2022-10-13T13:26:59.319Z,2026-09-29T00:24:51.885Z
DEMO-DEV-9440,199,2022-10-20T13:55:17.462Z,2026-09-23T07:48:13.646Z
DEMO-DEV-9645,199,2022-10-06T15:18:07.150Z,2026-09-17T22:44:38.778Z
DEMO-DEV-0281,198,2022-10-24T09:26:39.403Z,2026-09-24T11:09:35.205Z
DEMO-DEV-4355,198,2022-10-17T03:59:25.688Z,2026-09-29T21:45:14.676Z
DEMO-DEV-5497,198,2022-10-03T12:59:49.865Z,2026-09-27T16:07:52.948Z
DEMO-DEV-7216,198,2022-10-06T14:41:18.004Z,2026-09-26T10:21:12.965Z
DEMO-DEV-7604,198,2022-10-13T14:37:59.636Z,2026-09-28T11:30:03.985Z
DEMO-DEV-1817,197,2022-10-03T18:50:15.605Z,2026-09-18T12:56:00.614Z
DEMO-DEV-4987,197,2022-10-05T01:55:14.803Z,2026-09-23T15:42:34.073Z
DEMO-DEV-2107,196,2022-10-10T03:04:23.688Z,2026-09-25T11:36:01.719Z
DEMO-DEV-2585,196,2022-10-02T12:06:45.949Z,2026-09-29T12:06:33.300Z
DEMO-DEV-2680,196,2022-10-08T05:38:28.646Z,2026-09-30T07:51:49.123Z
DEMO-DEV-3753,196,2022-10-06T16:45:22.203Z,2026-09-21T04:57:24.929Z
DEMO-DEV-5040,196,2022-10-05T14:02:41.298Z,2026-09-24T01:01:59.976Z
DEMO-DEV-5190,196,2022-10-02T00:34:52.668Z,2026-09-20T15:48:22.661Z
DEMO-DEV-5237,196,2022-10-05T08:24:53.873Z,2026-09-16T02:11:14.190Z
DEMO-DEV-5496,196,2022-10-04T01:08:05.057Z,2026-09-25T19:30:04.466Z
DEMO-DEV-9124,196,2022-10-01T13:24:58.087Z,2026-09-30T03:30:07.160Z
DEMO-DEV-2390,195,2022-10-19T08:23:22.497Z,2026-09-26T19:40:37.523Z
DEMO-DEV-6653,195,2022-10-22T02:37:35.527Z,2026-09-27T18:14:40.038Z
DEMO-DEV-7686,195,2022-11-07T02:57:07.702Z,2026-09-26T01:58:43.472Z
DEMO-DEV-9074,195,2022-10-03T12:11:58.803Z,2026-09-22T13:41:41.824Z
DEMO-DEV-9477,195,2022-10-20T15:27:37.287Z,2026-09-18T00:14:19.655Z
DEMO-DEV-1045,194,2022-10-11T12:06:28.782Z,2026-09-12T11:18:07.738Z
DEMO-DEV-1066,194,2022-10-01T19:15:18.754Z,2026-09-23T05:53:21.636Z
DEMO-DEV-2613,194,2022-10-07T06:42:46.816Z,2026-09-25T10:05:19.038Z
DEMO-DEV-2788,194,2022-10-01T17:53:49.817Z,2026-09-28T02:27:56.661Z
DEMO-DEV-4120,194,2022-10-06T09:50:02.155Z,2026-09-22T06:27:34.172Z
DEMO-DEV-5120,194,2022-10-15T13:22:28.817Z,2026-09-22T01:14:47.470Z
DEMO-DEV-5427,194,2022-10-08T20:27:14.080Z,2026-09-29T18:49:47.989Z
DEMO-DEV-5814,194,2022-10-17T03:20:24.811Z,2026-09-23T03:25:48.782Z
DEMO-DEV-8432,194,2022-10-02T11:49:19.612Z,2026-09-19T06:16:45.252Z
DEMO-DEV-8980,194,2022-10-16T10:56:17.727Z,2026-09-27T10:57:34.226Z
DEMO-DEV-9054,194,2022-10-11T14:53:43.710Z,2026-09-25T03:43:20.040Z
DEMO-DEV-0386,193,2022-10-03T16:03:43.038Z,2026-09-22T18:53:14.545Z
DEMO-DEV-1873,193,2022-10-04T03:25:33.368Z,2026-09-20T00:29:00.090Z
DEMO-DEV-2148,193,2022-10-03T06:13:15.870Z,2026-09-29T02:12:40.505Z
DEMO-DEV-2271,193,2022-10-08T22:16:06.189Z,2026-09-27T23:15:59.024Z
DEMO-DEV-2495,193,2022-10-07T17:14:56.804Z,2026-09-25T02:40:31.949Z
DEMO-DEV-2508,193,2022-10-12T02:11:43.366Z,2026-09-25T13:59:37.816Z
DEMO-DEV-3382,193,2022-10-05T20:07:59.298Z,2026-09-26T12:03:41.843Z
DEMO-DEV-3797,193,2022-10-04T04:36:38.859Z,2026-09-29T10:56:11.865Z
DEMO-DEV-3812,193,2022-10-05T13:38:50.172Z,2026-09-26T04:20:50.692Z
DEMO-DEV-4834,193,2022-10-03T15:20:42.230Z,2026-09-24T11:53:45.682Z
DEMO-DEV-4920,193,2022-10-02T20:31:58.811Z,2026-09-25T21:21:55.485Z
DEMO-DEV-5676,193,2022-10-07T01:42:35.288Z,2026-09-21T03:10:00.004Z
DEMO-DEV-7503,193,2022-10-01T23:52:30.969Z,2026-09-15T15:52:20.513Z
DEMO-DEV-8529,193,2022-10-06T05:09:49.879Z,2026-09-28T13:32:19.804Z
DEMO-DEV-9486,193,2022-10-16T17:28:18.508Z,2026-09-29T09:38:19.653Z
DEMO-DEV-9913,193,2022-10-04T00:29:26.015Z,2026-09-29T22:03:28.993Z
DEMO-DEV-0412,192,2022-10-05T02:23:37.428Z,2026-09-22T22:47:03.390Z
DEMO-DEV-0918,192,2022-10-18T23:31:09.428Z,2026-09-27T22:42:07.879Z
DEMO-DEV-1070,192,2022-10-04T08:05:13.087Z,2026-09-30T08:21:43.325Z
DEMO-DEV-1955,192,2022-10-07T09:03:59.218Z,2026-09-26T13:36:45.161Z
DEMO-DEV-3491,192,2022-10-11T10:31:12.134Z,2026-09-26T17:49:57.264Z
DEMO-DEV-3916,192,2022-10-02T18:15:26.599Z,2026-09-21T05:37:10.668Z
DEMO-DEV-4861,192,2022-10-21T07:59:43.397Z,2026-09-25T13:49:30.605Z
DEMO-DEV-5252,192,2022-10-06T22:44:16.167Z,2026-09-17T07:28:17.867Z
DEMO-DEV-5304,192,2022-10-30T19:26:07.859Z,2026-09-22T00:00:14.843Z
DEMO-DEV-5828,192,2022-11-09T04:04:45.591Z,2026-09-26T18:25:22.735Z
DEMO-DEV-6525,192,2022-10-10T11:01:28.023Z,2026-09-15T06:31:07.172Z
DEMO-DEV-7261,192,2022-10-04T12:13:38.428Z,2026-09-12T23:30:18.811Z
DEMO-DEV-8327,192,2022-10-04T11:46:48.172Z,2026-08-31T02:33:48.817Z
DEMO-DEV-8564,192,2022-10-12T21:59:07.211Z,2026-09-26T03:18:15.795Z
DEMO-DEV-0040,191,2022-11-04T23:37:10.221Z,2026-09-27T21:34:07.646Z
DEMO-DEV-0065,191,2022-10-02T05:37:39.682Z,2026-09-26T11:09:52.989Z
DEMO-DEV-0805,191,2022-10-03T18:12:33.949Z,2026-09-19T17:48:12.073Z
DEMO-DEV-1150,191,2022-10-12T00:50:51.357Z,2026-09-22T04:42:39.394Z
DEMO-DEV-2244,191,2022-10-10T13:30:59.161Z,2026-09-28T17:10:58.612Z
DEMO-DEV-2250,191,2022-10-12T02:13:53.325Z,2026-09-28T07:53:57.513Z
DEMO-DEV-3075,191,2022-10-06T16:23:55.765Z,2026-09-30T06:09:15.892Z
DEMO-DEV-3795,191,2022-10-20T18:58:33.138Z,2026-09-30T02:07:58.298Z
DEMO-DEV-4194,191,2022-10-09T14:48:14.075Z,2026-09-25T17:05:48.172Z
DEMO-DEV-5025,191,2022-10-21T03:58:53.989Z,2026-09-24T13:17:15.948Z
DEMO-DEV-5071,191,2022-10-05T09:11:22.989Z,2026-09-24T06:06:29.015Z
DEMO-DEV-5827,191,2022-10-16T04:34:50.824Z,2026-09-26T06:08:47.513Z
DEMO-DEV-6432,191,2022-10-01T21:38:02.863Z,2026-09-26T10:12:26.993Z
DEMO-DEV-9166,191,2022-10-02T16:42:40.682Z,2026-09-23T02:35:25.225Z
DEMO-DEV-9892,191,2022-10-13T18:18:36.985Z,2026-09-15T06:10:31.915Z
DEMO-DEV-0273,190,2022-10-04T20:24:46.139Z,2026-09-27T05:55:48.189Z
DEMO-DEV-0362,190,2022-10-01T14:35:00.250Z,2026-09-29T00:38:14.968Z
DEMO-DEV-1081,190,2022-10-03T01:51:39.485Z,2026-09-20T21:47:21.735Z
DEMO-DEV-1400,190,2022-10-03T04:03:32.288Z,2026-09-30T01:18:01.232Z
DEMO-DEV-1508,190,2022-10-13T08:40:08.485Z,2026-09-21T07:31:41.879Z
DEMO-DEV-2319,190,2022-10-03T01:22:59.370Z,2026-09-27T22:40:25.738Z
DEMO-DEV-2441,190,2022-10-04T23:37:15.676Z,2026-09-27T22:52:35.578Z
DEMO-DEV-2481,190,2022-10-08T17:00:45.661Z,2026-09-28T04:44:43.795Z
DEMO-DEV-2988,190,2022-10-01T12:47:05.969Z,2026-09-26T10:37:04.357Z
DEMO-DEV-3425,190,2022-10-09T11:35:17.390Z,2026-09-25T13:39:45.692Z
DEMO-DEV-3482,190,2022-10-18T03:20:12.288Z,2026-09-27T22:44:09.397Z
DEMO-DEV-4466,190,2022-10-17T09:19:52.428Z,2026-09-05T21:45:05.300Z
DEMO-DEV-5208,190,2022-10-04T10:29:28.172Z,2026-09-22T21:18:45.591Z
DEMO-DEV-5299,190,2022-10-03T15:18:14.397Z,2026-09-28T13:56:58.264Z
DEMO-DEV-5513,190,2022-10-04T16:10:00.646Z,2026-09-29T21:57:04.442Z
DEMO-DEV-5638,190,2022-10-08T21:37:27.354Z,2026-09-26T00:38:14.189Z
DEMO-DEV-6799,190,2022-10-24T20:34:47.523Z,2026-09-19T15:28:59.513Z
DEMO-DEV-6855,190,2022-10-01T14:01:18.879Z,2026-09-21T10:15:40.232Z
DEMO-DEV-7022,190,2022-10-01T13:22:57.505Z,2026-09-28T07:42:29.232Z
DEMO-DEV-7133,190,2022-10-04T04:12:44.702Z,2026-09-29T21:27:33.455Z
DEMO-DEV-7386,190,2022-10-20T17:18:06.842Z,2026-09-12T16:58:18.974Z
DEMO-DEV-7576,190,2022-10-11T18:17:28.914Z,2026-09-29T08:24:22.168Z
DEMO-DEV-7820,190,2022-10-13T11:02:46.992Z,2026-09-24T20:27:11.319Z
DEMO-DEV-7962,190,2022-10-27T02:22:20.138Z,2026-09-03T13:31:12.692Z
DEMO-DEV-8556,190,2022-10-02T09:16:54.239Z,2026-09-14T09:26:51.394Z
DEMO-DEV-8913,190,2022-10-26T15:37:03.969Z,2026-09-21T12:53:46.077Z
DEMO-DEV-8972,190,2022-10-16T21:19:47.524Z,2026-09-27T22:48:24.754Z
DEMO-DEV-9014,190,2022-10-02T19:33:07.239Z,2026-09-29T02:07:12.817Z
DEMO-DEV-9313,190,2022-10-17T05:21:34.668Z,2026-09-24T23:25:53.688Z
DEMO-DEV-9685,190,2022-10-30T03:58:19.591Z,2026-08-23T16:52:41.816Z
DEMO-DEV-9769,190,2022-10-08T15:32:01.841Z,2026-09-20T11:30:21.160Z
DEMO-DEV-9836,190,2022-10-18T06:47:34.692Z,2026-09-18T13:17:57.511Z
DEMO-DEV-0003,189,2022-10-01T21:16:13.843Z,2026-09-30T05:14:18.219Z
DEMO-DEV-0667,189,2022-10-07T16:54:06.859Z,2026-09-17T01:58:00.892Z
DEMO-DEV-0924,189,2022-10-02T18:29:40.403Z,2026-09-17T11:33:48.714Z
DEMO-DEV-0977,189,2022-10-04T10:54:21.150Z,2026-09-24T03:34:59.300Z
DEMO-DEV-1305,189,2022-10-31T16:50:42.357Z,2026-09-29T14:58:21.302Z
DEMO-DEV-2992,189,2022-10-02T08:41:30.120Z,2026-09-21T06:03:34.989Z
DEMO-DEV-4155,189,2022-10-17T09:47:39.057Z,2026-09-29T11:02:56.851Z
DEMO-DEV-4563,189,2022-10-10T09:59:04.817Z,2026-09-06T15:31:28.863Z
DEMO-DEV-5229,189,2022-10-06T16:14:22.190Z,2026-09-29T15:00:48.415Z
DEMO-DEV-5599,189,2022-10-03T14:52:25.782Z,2026-09-27T19:59:30.226Z
DEMO-DEV-5633,189,2022-10-05T09:28:25.519Z,2026-09-20T10:24:27.204Z
DEMO-DEV-5685,189,2022-10-04T13:15:32.786Z,2026-09-21T21:11:30.160Z
DEMO-DEV-5909,189,2022-10-07T17:44:00.239Z,2026-09-24T21:16:28.535Z
DEMO-DEV-6167,189,2022-10-06T07:16:30.841Z,2026-09-15T14:24:19.968Z
DEMO-DEV-8311,189,2022-10-01T14:10:01.470Z,2026-09-21T15:18:56.636Z
DEMO-DEV-9040,189,2022-10-03T00:13:24.968Z,2026-09-01T05:02:23.817Z
DEMO-DEV-9351,189,2022-10-08T12:42:08.462Z,2026-09-18T16:29:37.950Z
DEMO-DEV-9624,189,2022-10-06T18:31:52.976Z,2026-08-30T17:47:08.524Z
DEMO-DEV-0559,188,2022-10-02T03:18:13.500Z,2026-09-26T16:41:36.839Z
DEMO-DEV-0746,188,2022-10-05T12:11:38.648Z,2026-09-29T09:44:00.842Z
DEMO-DEV-0770,188,2022-10-07T10:47:38.161Z,2026-09-29T23:04:59.523Z
DEMO-DEV-1591,188,2022-10-03T11:20:35.843Z,2026-09-29T03:03:59.288Z
DEMO-DEV-1679,188,2022-10-06T11:49:09.238Z,2026-09-23T21:10:14.666Z
DEMO-DEV-1952,188,2022-10-05T17:47:21.446Z,2026-09-27T11:53:12.555Z
DEMO-DEV-2114,188,2022-10-04T00:28:10.929Z,2026-09-30T07:13:22.272Z
DEMO-DEV-2205,188,2022-10-06T03:18:03.597Z,2026-09-29T03:59:45.160Z
DEMO-DEV-2241,188,2022-10-07T03:41:13.914Z,2026-09-29T01:15:11.315Z
DEMO-DEV-2304,188,2022-10-11T13:06:50.864Z,2026-09-27T16:11:23.778Z
DEMO-DEV-2904,188,2022-10-03T12:32:52.391Z,2026-09-27T00:01:27.232Z
DEMO-DEV-2999,188,2022-10-17T09:31:22.658Z,2026-09-27T16:31:18.230Z
DEMO-DEV-3381,188,2022-10-10T01:56:08.307Z,2026-09-19T03:40:58.155Z
DEMO-DEV-3555,188,2022-10-04T21:33:42.969Z,2026-09-24T01:24:24.455Z
DEMO-DEV-3733,188,2022-10-04T17:17:55.203Z,2026-09-25T21:33:26.915Z
DEMO-DEV-3825,188,2022-10-07T00:25:45.038Z,2026-09-26T19:26:28.500Z
DEMO-DEV-3889,188,2022-10-03T20:19:16.535Z,2026-09-24T10:54:22.985Z
DEMO-DEV-3949,188,2022-10-10T00:47:59.037Z,2026-09-26T02:20:14.173Z
DEMO-DEV-3955,188,2022-10-05T05:53:54.253Z,2026-09-28T03:31:38.785Z
DEMO-DEV-4603,188,2022-10-22T20:17:06.160Z,2026-09-26T09:54:58.816Z
DEMO-DEV-4822,188,2022-10-03T04:25:13.442Z,2026-09-24T05:35:57.222Z
DEMO-DEV-4875,188,2022-10-01T23:03:57.080Z,2026-09-29T01:34:18.205Z
DEMO-DEV-4900,188,2022-10-10T10:14:44.040Z,2026-09-29T04:57:26.966Z
DEMO-DEV-5688,188,2022-10-04T01:31:08.948Z,2026-09-22T05:50:09.666Z
DEMO-DEV-5714,188,2022-10-03T16:00:01.885Z,2026-09-29T05:07:44.727Z
DEMO-DEV-6147,188,2022-10-10T18:01:45.291Z,2026-09-26T12:23:55.557Z
DEMO-DEV-6259,188,2022-10-17T05:54:43.307Z,2026-09-27T21:07:12.948Z
DEMO-DEV-6612,188,2022-10-05T12:56:26.816Z,2026-08-28T16:44:14.077Z
DEMO-DEV-6734,188,2022-10-13T16:22:07.080Z,2026-09-14T11:21:05.120Z
DEMO-DEV-7612,188,2022-10-22T14:08:19.120Z,2026-09-13T13:48:10.666Z
DEMO-DEV-7665,188,2022-10-01T08:20:55.636Z,2026-09-25T22:03:26.646Z
DEMO-DEV-8424,188,2022-10-03T08:45:18.914Z,2026-09-26T07:59:32.026Z
DEMO-DEV-8843,188,2022-10-05T04:22:44.161Z,2026-09-28T10:25:58.782Z
DEMO-DEV-8960,188,2022-10-02T10:45:50.264Z,2026-09-28T02:10:19.688Z
DEMO-DEV-9320,188,2022-10-04T06:30:52.688Z,2026-09-27T02:12:47.394Z
DEMO-DEV-9335,188,2022-10-08T22:29:48.442Z,2026-09-19T12:30:01.825Z
DEMO-DEV-9935,188,2022-10-02T04:28:52.026Z,2026-08-23T20:22:25.172Z
DEMO-DEV-0074,187,2022-10-06T17:29:53.272Z,2026-09-29T23:58:55.063Z
DEMO-DEV-0279,187,2022-11-23T23:42:41.138Z,2026-09-24T09:54:31.173Z
DEMO-DEV-0515,187,2022-10-14T02:11:14.864Z,2026-09-29T04:10:21.026Z
DEMO-DEV-0568,187,2022-10-11T20:11:51.795Z,2026-09-26T12:11:38.462Z
DEMO-DEV-1086,187,2022-10-07T08:57:47.646Z,2026-09-29T21:13:02.735Z
DEMO-DEV-1306,187,2022-10-01T13:12:42.226Z,2026-09-25T19:32:13.493Z
DEMO-DEV-1518,187,2022-10-10T22:41:58.192Z,2026-09-25T22:09:48.493Z
DEMO-DEV-1684,187,2022-10-04T09:28:00.307Z,2026-09-11T18:45:48.859Z
DEMO-DEV-2138,187,2022-10-04T00:15:45.365Z,2026-09-19T23:05:31.307Z
DEMO-DEV-2417,187,2022-10-11T12:57:44.527Z,2026-09-29T15:57:04.497Z
DEMO-DEV-2655,187,2022-10-20T08:54:48.325Z,2026-09-18T07:25:08.024Z
DEMO-DEV-2848,187,2022-10-20T12:11:18.524Z,2026-09-25T23:15:10.754Z
DEMO-DEV-3054,187,2022-10-11T10:18:43.315Z,2026-09-18T08:28:57.989Z
DEMO-DEV-4183,187,2022-10-09T13:38:05.167Z,2026-09-25T09:04:39.969Z
DEMO-DEV-4312,187,2022-10-29T16:07:42.365Z,2026-09-22T10:34:50.370Z
DEMO-DEV-5164,187,2022-10-09T23:03:53.365Z,2026-09-22T15:48:09.841Z
DEMO-DEV-5201,187,2022-10-04T07:44:14.307Z,2026-09-16T07:06:59.795Z
DEMO-DEV-5491,187,2022-10-15T06:57:44.864Z,2026-09-27T12:16:04.446Z
DEMO-DEV-5570,187,2022-10-08T23:34:54.004Z,2026-09-28T08:57:36.511Z
DEMO-DEV-5869,187,2022-10-01T20:48:43.123Z,2026-09-23T10:29:10.264Z
DEMO-DEV-5887,187,2022-10-02T08:32:52.024Z,2026-09-30T08:23:12.584Z
DEMO-DEV-5889,187,2022-10-07T11:57:12.221Z,2026-09-28T15:34:54.668Z
DEMO-DEV-6171,187,2022-10-07T11:23:54.607Z,2026-09-25T05:28:47.867Z
DEMO-DEV-6283,187,2022-10-06T03:36:25.843Z,2026-09-08T12:34:33.443Z
DEMO-DEV-6417,187,2022-10-07T11:11:03.785Z,2026-09-27T19:26:13.165Z
DEMO-DEV-6668,187,2022-10-02T23:28:44.443Z,2026-09-27T13:51:52.120Z
DEMO-DEV-6882,187,2022-10-03T12:05:54.090Z,2026-09-30T00:19:19.225Z
DEMO-DEV-6968,187,2022-10-12T05:21:47.428Z,2026-09-29T10:12:33.254Z
DEMO-DEV-7236,187,2022-10-01T22:49:00.929Z,2026-09-25T21:43:51.391Z
DEMO-DEV-7296,187,2022-10-30T11:46:04.989Z,2026-09-24T14:45:56.824Z
DEMO-DEV-7426,187,2022-10-16T15:49:19.183Z,2026-09-28T12:09:19.063Z
DEMO-DEV-7802,187,2022-10-14T21:40:17.428Z,2026-09-29T11:48:27.842Z
DEMO-DEV-7850,187,2022-10-06T12:30:40.026Z,2026-09-29T03:58:42.040Z
DEMO-DEV-8659,187,2022-10-14T18:20:42.161Z,2026-09-22T04:17:20.584Z
DEMO-DEV-8899,187,2022-10-12T17:19:58.778Z,2026-09-21T06:28:00.246Z
DEMO-DEV-8952,187,2022-10-09T19:22:01.165Z,2026-08-23T14:03:18.120Z
DEMO-DEV-9304,187,2022-10-15T01:01:52.885Z,2026-09-29T20:52:51.222Z
DEMO-DEV-9370,187,2022-10-06T06:47:48.917Z,2026-07-30T01:21:14.719Z
DEMO-DEV-9469,187,2022-10-01T21:26:54.661Z,2026-09-23T20:43:20.234Z
DEMO-DEV-0288,186,2022-10-09T06:23:45.519Z,2026-09-30T01:21:54.161Z
DEMO-DEV-0496,186,2022-10-07T06:46:33.915Z,2026-09-27T14:19:01.795Z
DEMO-DEV-1062,186,2022-10-24T12:02:57.063Z,2026-09-27T23:19:58.591Z
DEMO-DEV-1064,186,2022-10-02T06:31:03.470Z,2026-09-29T10:41:49.607Z
DEMO-DEV-1340,186,2022-10-05T09:20:21.950Z,2026-09-22T21:13:44.352Z
DEMO-DEV-1806,186,2022-10-12T20:38:12.666Z,2026-09-26T20:00:04.892Z
DEMO-DEV-2105,186,2022-10-02T04:34:59.497Z,2026-09-29T03:32:49.714Z
DEMO-DEV-2158,186,2022-10-11T01:34:20.289Z,2026-09-24T17:54:45.252Z
DEMO-DEV-2192,186,2022-10-01T09:10:57.929Z,2026-09-30T05:37:03.868Z
DEMO-DEV-2246,186,2022-10-28T08:37:56.868Z,2026-09-07T03:20:10.057Z
DEMO-DEV-2564,186,2022-10-06T16:25:16.987Z,2026-09-29T23:57:09.870Z
DEMO-DEV-2851,186,2022-10-08T16:37:34.189Z,2026-09-21T16:26:21.268Z
DEMO-DEV-2870,186,2022-10-05T08:20:13.949Z,2026-09-29T21:46:27.366Z
DEMO-DEV-3309,186,2022-10-02T10:01:49.204Z,2026-09-25T10:18:45.865Z
DEMO-DEV-3376,186,2022-10-04T05:17:21.799Z,2026-09-29T19:18:22.026Z
DEMO-DEV-3674,186,2022-10-04T14:26:36.308Z,2026-09-14T22:17:42.568Z
DEMO-DEV-4133,186,2022-10-24T02:14:58.710Z,2026-09-28T14:20:11.765Z
DEMO-DEV-4351,186,2022-10-04T05:38:16.455Z,2026-09-29T17:37:49.557Z
DEMO-DEV-4517,186,2022-10-13T21:01:23.653Z,2026-09-02T08:58:54.519Z
DEMO-DEV-4885,186,2022-10-06T12:01:57.493Z,2026-09-28T04:28:50.077Z
DEMO-DEV-4896,186,2022-10-04T01:52:29.842Z,2026-09-29T15:03:51.428Z
DEMO-DEV-5531,186,2022-10-11T18:54:35.914Z,2026-09-28T19:24:47.719Z
DEMO-DEV-5601,186,2022-10-08T17:15:54.965Z,2026-09-27T14:17:28.992Z
DEMO-DEV-5995,186,2022-10-03T20:52:29.073Z,2026-09-29T06:01:39.165Z
DEMO-DEV-6212,186,2022-10-07T03:52:01.727Z,2026-09-23T02:40:10.754Z
DEMO-DEV-6462,186,2022-10-08T22:11:11.884Z,2026-09-17T17:08:38.879Z
DEMO-DEV-6500,186,2022-10-03T14:35:04.337Z,2026-08-28T16:28:20.403Z
DEMO-DEV-6571,186,2022-10-04T04:47:11.172Z,2026-09-29T12:10:50.754Z
DEMO-DEV-6589,186,2022-10-03T02:44:00.472Z,2026-09-27T13:25:25.287Z
DEMO-DEV-6929,186,2022-10-14T00:00:56.221Z,2026-09-28T05:57:31.987Z
DEMO-DEV-6930,186,2022-10-03T05:59:51.795Z,2026-09-30T03:53:19.291Z
DEMO-DEV-7077,186,2022-10-18T02:30:27.523Z,2026-09-16T06:08:21.929Z
DEMO-DEV-7215,186,2022-10-12T15:53:02.345Z,2026-09-22T04:21:59.470Z
DEMO-DEV-7237,186,2022-10-08T00:56:43.402Z,2026-08-11T17:40:17.864Z
DEMO-DEV-7289,186,2022-10-08T14:07:10.307Z,2026-09-29T08:30:53.230Z
DEMO-DEV-7363,186,2022-10-07T15:22:52.948Z,2026-09-29T16:51:21.063Z
DEMO-DEV-7452,186,2022-10-05T19:45:57.811Z,2026-09-20T10:56:32.428Z
DEMO-DEV-7696,186,2022-10-01T22:01:01.524Z,2026-09-27T21:48:44.224Z
DEMO-DEV-7791,186,2022-10-02T03:41:33.993Z,2026-09-27T09:36:41.239Z
DEMO-DEV-7905,186,2022-10-05T11:12:13.913Z,2026-09-27T20:54:54.639Z
DEMO-DEV-7958,186,2022-10-07T10:29:39.597Z,2026-09-24T22:47:02.315Z
DEMO-DEV-8065,186,2022-10-17T12:35:23.666Z,2026-09-24T02:53:13.040Z
DEMO-DEV-8230,186,2022-10-03T22:44:04.851Z,2026-09-11T19:56:07.879Z
DEMO-DEV-8292,186,2022-10-05T04:46:29.965Z,2026-09-21T15:55:37.038Z
DEMO-DEV-8397,186,2022-10-07T07:25:29.004Z,2026-09-20T12:32:55.785Z
DEMO-DEV-8507,186,2022-10-10T14:08:30.949Z,2026-09-25T12:51:29.599Z
DEMO-DEV-9066,186,2022-10-18T20:16:32.455Z,2026-09-30T01:19:10.511Z
DEMO-DEV-9234,186,2022-10-01T16:09:21.183Z,2026-09-29T11:55:13.948Z
DEMO-DEV-9484,186,2022-10-13T21:14:04.968Z,2026-09-16T03:38:01.676Z
DEMO-DEV-0173,185,2022-10-15T10:43:54.345Z,2026-09-29T11:43:02.968Z
DEMO-DEV-0202,185,2022-10-12T09:42:24.455Z,2026-09-29T18:21:40.497Z
DEMO-DEV-0609,185,2022-10-06T22:21:26.655Z,2026-08-26T00:46:39.470Z
DEMO-DEV-1108,185,2022-10-04T10:59:27.252Z,2026-09-29T15:18:43.298Z
DEMO-DEV-1438,185,2022-10-04T04:53:14.203Z,2026-09-28T15:35:50.803Z
DEMO-DEV-1756,185,2022-10-05T10:49:31.891Z,2026-09-26T02:38:35.929Z
DEMO-DEV-1882,185,2022-10-03T12:45:47.289Z,2026-09-25T01:11:20.403Z
DEMO-DEV-1973,185,2022-10-03T10:35:47.192Z,2026-09-03T22:58:09.614Z
DEMO-DEV-2113,185,2022-10-04T07:21:25.493Z,2026-09-26T03:47:09.692Z
DEMO-DEV-2167,185,2022-10-08T20:49:14.524Z,2026-09-17T13:14:55.993Z
DEMO-DEV-2323,185,2022-10-13T23:42:19.799Z,2026-09-03T12:03:51.366Z
DEMO-DEV-2840,185,2022-10-02T00:18:49.884Z,2026-09-22T18:26:31.639Z
DEMO-DEV-3298,185,2022-10-05T18:29:56.370Z,2026-09-29T10:47:35.211Z
DEMO-DEV-3306,185,2022-10-15T16:15:38.612Z,2026-09-23T16:45:07.668Z
DEMO-DEV-3546,185,2022-10-05T21:22:07.325Z,2026-09-29T22:04:22.778Z
DEMO-DEV-3608,185,2022-10-11T11:11:38.841Z,2026-09-29T06:31:23.682Z
DEMO-DEV-3654,185,2022-10-07T12:24:04.460Z,2026-09-05T19:19:27.289Z
DEMO-DEV-3779,185,2022-10-22T02:43:34.230Z,2026-09-26T05:50:01.211Z
DEMO-DEV-3808,185,2022-10-10T08:30:38.026Z,2026-09-29T07:12:56.470Z
DEMO-DEV-4336,185,2022-10-12T10:44:31.040Z,2026-09-26T05:36:40.966Z
DEMO-DEV-4348,185,2022-10-02T22:44:38.578Z,2026-09-02T05:06:48.879Z
DEMO-DEV-4373,185,2022-10-14T03:22:41.868Z,2026-09-22T05:24:56.308Z
DEMO-DEV-4548,185,2022-10-06T22:14:14.221Z,2026-09-28T03:14:08.513Z
DEMO-DEV-4845,185,2022-10-08T18:33:06.160Z,2026-09-28T18:25:27.497Z
DEMO-DEV-4865,185,2022-10-06T12:32:23.365Z,2026-09-25T16:56:22.026Z
DEMO-DEV-5566,185,2022-10-23T04:16:10.264Z,2026-09-17T01:26:02.735Z
DEMO-DEV-5765,185,2022-10-06T09:40:52.778Z,2026-09-16T03:17:21.205Z
DEMO-DEV-5906,185,2022-10-09T09:48:49.470Z,2026-09-25T02:36:46.236Z
DEMO-DEV-5980,185,2022-10-04T18:21:34.785Z,2026-09-24T05:44:35.038Z
DEMO-DEV-6136,185,2022-10-08T02:06:08.190Z,2026-09-22T07:39:52.786Z
DEMO-DEV-6426,185,2022-10-03T06:58:52.688Z,2026-09-28T13:55:44.357Z
DEMO-DEV-6537,185,2022-10-24T00:42:09.368Z,2026-09-26T20:07:41.584Z
DEMO-DEV-6683,185,2022-10-06T18:46:30.738Z,2026-09-13T11:17:57.298Z
DEMO-DEV-7207,185,2022-10-05T19:10:08.021Z,2026-09-30T05:08:36.806Z
DEMO-DEV-7319,185,2022-10-05T06:19:41.950Z,2026-09-22T14:18:45.989Z
DEMO-DEV-7380,185,2022-10-03T22:08:06.535Z,2026-09-21T20:45:22.929Z
DEMO-DEV-7385,185,2022-10-16T10:56:01.470Z,2026-09-30T01:12:10.138Z
DEMO-DEV-7454,185,2022-10-07T05:12:22.387Z,2026-09-25T05:50:05.120Z
DEMO-DEV-7607,185,2022-10-09T20:22:36.841Z,2026-09-21T10:20:08.646Z
DEMO-DEV-8081,185,2022-10-01T18:01:37.519Z,2026-09-04T22:47:31.298Z
DEMO-DEV-8183,185,2022-10-02T20:42:27.527Z,2026-09-29T21:31:24.765Z
DEMO-DEV-8562,185,2022-10-08T03:48:09.442Z,2026-09-09T04:23:26.026Z
DEMO-DEV-8708,185,2022-10-16T03:16:35.851Z,2026-09-25T11:52:54.948Z
DEMO-DEV-8712,185,2022-10-24T03:16:58.754Z,2026-09-26T16:48:13.073Z
DEMO-DEV-8778,185,2022-10-16T17:20:02.557Z,2026-09-30T08:14:06.325Z
DEMO-DEV-8830,185,2022-10-03T07:17:03.370Z,2026-09-30T06:08:55.442Z
DEMO-DEV-9262,185,2022-10-06T03:56:28.138Z,2026-09-30T03:31:45.870Z
DEMO-DEV-9749,185,2022-10-26T07:56:33.470Z,2026-09-29T10:13:58.735Z
DEMO-DEV-9819,185,2022-10-06T23:30:18.792Z,2026-09-11T23:26:05.929Z
DEMO-DEV-9843,185,2022-10-13T12:31:31.387Z,2026-09-28T19:44:20.976Z
DEMO-DEV-9904,185,2022-10-02T22:36:39.038Z,2026-09-14T18:33:11.557Z
DEMO-DEV-0058,184,2022-10-20T17:54:44.817Z,2026-09-13T14:32:30.824Z
DEMO-DEV-0697,184,2022-10-06T20:08:49.037Z,2026-09-19T17:14:17.205Z
DEMO-DEV-0875,184,2022-10-04T13:46:53.057Z,2026-09-12T06:08:21.446Z
DEMO-DEV-0948,184,2022-10-09T09:38:01.929Z,2026-09-29T08:47:58.300Z
DEMO-DEV-1138,184,2022-10-02T22:56:29.319Z,2026-09-27T17:29:46.786Z
DEMO-DEV-1288,184,2022-10-15T02:49:39.568Z,2026-09-28T14:54:47.892Z
DEMO-DEV-1303,184,2022-10-02T10:00:54.252Z,2026-09-26T00:34:40.948Z
DEMO-DEV-1365,184,2022-10-12T18:21:04.365Z,2026-09-25T09:35:41.969Z
DEMO-DEV-1401,184,2022-10-01T18:03:59.824Z,2026-09-28T05:54:08.648Z
DEMO-DEV-1406,184,2022-10-03T00:49:31.676Z,2026-08-17T03:54:30.253Z
DEMO-DEV-1414,184,2022-10-06T06:23:37.836Z,2026-09-30T07:26:58.658Z
DEMO-DEV-1557,184,2022-10-15T05:31:44.969Z,2026-09-28T23:48:30.879Z
DEMO-DEV-2292,184,2022-10-09T08:25:59.365Z,2026-08-30T22:15:33.004Z
DEMO-DEV-2320,184,2022-10-24T21:02:10.891Z,2026-09-23T16:39:28.692Z
DEMO-DEV-2445,184,2022-10-03T05:44:50.264Z,2026-09-28T21:18:18.793Z
DEMO-DEV-2563,184,2022-10-07T09:33:54.365Z,2026-09-30T03:15:59.785Z
DEMO-DEV-2570,184,2022-10-30T17:41:48.597Z,2026-09-29T12:29:16.470Z
DEMO-DEV-2792,184,2022-10-04T01:45:36.442Z,2026-09-23T09:44:39.472Z
DEMO-DEV-2978,184,2022-10-10T08:00:09.806Z,2026-09-25T17:36:28.914Z
DEMO-DEV-3092,184,2022-10-02T09:40:36.612Z,2026-09-27T06:22:25.155Z
DEMO-DEV-3136,184,2022-10-23T11:26:20.969Z,2026-09-19T15:24:07.557Z
DEMO-DEV-3441,184,2022-10-02T17:30:05.205Z,2026-09-03T00:42:17.863Z
DEMO-DEV-3794,184,2022-10-17T15:01:50.236Z,2026-09-14T20:10:06.605Z
DEMO-DEV-4235,184,2022-10-07T15:15:29.636Z,2026-09-22T23:43:02.308Z
DEMO-DEV-4812,184,2022-10-02T00:21:58.238Z,2026-09-24T06:39:08.885Z
DEMO-DEV-4955,184,2022-10-01T10:44:31.786Z,2026-09-21T20:10:18.597Z
DEMO-DEV-5193,184,2022-10-03T14:44:36.387Z,2026-09-15T14:06:28.825Z
DEMO-DEV-5257,184,2022-10-08T21:32:31.618Z,2026-09-26T09:35:38.221Z
DEMO-DEV-5270,184,2022-10-20T04:09:00.397Z,2026-09-28T15:30:31.702Z
DEMO-DEV-5359,184,2022-10-07T18:33:09.288Z,2026-09-22T22:27:48.612Z
DEMO-DEV-5530,184,2022-10-03T06:44:04.646Z,2026-09-26T22:58:44.884Z
DEMO-DEV-5537,184,2022-10-13T16:02:22.015Z,2026-09-17T01:03:47.993Z
DEMO-DEV-5589,184,2022-10-03T22:49:41.710Z,2026-09-24T05:13:59.123Z
DEMO-DEV-5884,184,2022-10-05T19:53:15.653Z,2026-09-10T05:14:42.969Z
DEMO-DEV-5893,184,2022-10-02T10:18:04.607Z,2026-08-28T04:01:06.974Z
DEMO-DEV-6063,184,2022-10-07T22:38:25.455Z,2026-09-21T05:05:11.591Z
DEMO-DEV-6193,184,2022-10-17T14:56:55.319Z,2026-09-01T10:33:51.719Z
DEMO-DEV-6392,184,2022-10-10T01:35:57.300Z,2026-08-28T23:32:30.024Z
DEMO-DEV-6403,184,2022-10-06T17:49:43.026Z,2026-09-30T00:22:33.793Z
DEMO-DEV-6673,184,2022-10-03T07:46:45.307Z,2026-09-21T21:06:11.466Z
DEMO-DEV-6906,184,2022-10-02T22:19:21.160Z,2026-09-18T06:32:35.190Z
DEMO-DEV-6939,184,2022-10-02T20:20:38.208Z,2026-09-17T12:44:19.365Z
DEMO-DEV-7053,184,2022-10-06T18:28:04.785Z,2026-09-09T14:30:55.863Z
DEMO-DEV-7214,184,2022-10-08T07:00:34.455Z,2026-09-26T02:24:01.253Z
DEMO-DEV-7416,184,2022-10-17T08:14:28.234Z,2026-09-29T10:45:19.879Z
DEMO-DEV-7570,184,2022-10-04T10:31:18.239Z,2026-08-30T00:41:27.268Z
DEMO-DEV-7748,184,2022-10-02T19:36:33.252Z,2026-09-27T04:18:49.676Z
DEMO-DEV-8247,184,2022-10-03T13:54:22.688Z,2026-09-25T15:43:23.225Z
DEMO-DEV-8371,184,2022-10-08T07:59:58.238Z,2026-09-27T15:31:20.929Z
DEMO-DEV-8492,184,2022-10-08T21:21:26.192Z,2026-09-11T04:33:35.155Z
DEMO-DEV-8516,184,2022-10-02T03:50:51.253Z,2026-09-30T07:34:27.817Z
DEMO-DEV-8578,184,2022-10-24T13:47:29.218Z,2026-09-26T06:24:23.370Z
DEMO-DEV-8746,184,2022-10-03T21:00:49.289Z,2026-09-27T02:32:38.646Z
DEMO-DEV-8849,184,2022-10-02T06:38:35.246Z,2026-09-15T07:06:35.727Z
DEMO-DEV-9050,184,2022-11-16T08:04:30.682Z,2026-09-05T20:38:25.799Z
DEMO-DEV-9110,184,2022-10-08T02:57:49.189Z,2026-09-03T19:46:07.315Z
DEMO-DEV-9172,184,2022-10-01T18:31:21.354Z,2026-09-28T17:43:46.639Z
DEMO-DEV-9379,184,2022-10-14T23:40:55.926Z,2026-09-26T14:44:51.222Z
DEMO-DEV-9718,184,2022-10-02T18:38:50.968Z,2026-09-12T23:57:37.612Z
DEMO-DEV-0360,183,2022-10-11T13:12:51.511Z,2026-09-12T18:45:13.352Z
DEMO-DEV-0435,183,2022-10-03T23:21:05.884Z,2026-09-25T22:19:52.394Z
DEMO-DEV-0486,183,2022-10-09T11:50:44.519Z,2026-09-11T02:31:35.345Z
DEMO-DEV-0566,183,2022-10-06T18:11:01.913Z,2026-09-29T03:25:15.319Z
DEMO-DEV-0892,183,2022-10-04T06:09:26.618Z,2026-09-15T22:55:09.987Z
DEMO-DEV-0909,183,2022-10-07T11:19:29.402Z,2026-09-18T23:23:55.365Z
DEMO-DEV-1019,183,2022-10-09T23:02:37.786Z,2026-09-29T00:47:35.190Z
DEMO-DEV-1391,183,2022-10-16T15:18:28.289Z,2026-09-25T22:44:56.150Z
DEMO-DEV-1437,183,2022-10-22T19:21:54.859Z,2026-09-13T01:53:39.205Z
DEMO-DEV-1695,183,2022-10-06T00:46:45.535Z,2026-09-25T06:04:16.867Z
DEMO-DEV-1698,183,2022-10-10T17:05:24.727Z,2026-09-24T18:03:22.291Z
DEMO-DEV-1852,183,2022-10-03T02:57:53.917Z,2026-09-14T03:39:41.190Z
DEMO-DEV-2081,183,2022-10-03T17:21:41.877Z,2026-09-24T02:00:36.409Z
DEMO-DEV-2172,183,2022-10-05T20:38:37.913Z,2026-09-24T00:24:01.948Z
DEMO-DEV-2297,183,2022-10-07T20:41:06.368Z,2026-09-29T16:28:21.557Z
DEMO-DEV-2424,183,2022-10-14T18:53:56.792Z,2026-09-14T09:26:35.167Z
DEMO-DEV-2505,183,2022-10-14T14:53:25.172Z,2026-09-26T10:32:06.500Z
DEMO-DEV-2701,183,2022-10-24T15:59:16.123Z,2026-09-29T11:38:01.605Z
DEMO-DEV-2766,183,2022-10-17T17:24:21.836Z,2026-09-25T19:00:30.863Z
DEMO-DEV-3103,183,2022-10-08T17:08:34.914Z,2026-09-17T11:23:10.799Z
DEMO-DEV-3259,183,2022-10-03T16:51:08.139Z,2026-09-24T01:48:32.891Z
DEMO-DEV-3294,183,2022-11-01T21:45:46.948Z,2026-09-22T12:21:49.614Z
DEMO-DEV-3430,183,2022-10-03T04:03:46.636Z,2026-09-12T04:34:19.591Z
DEMO-DEV-3603,183,2022-10-15T12:57:43.605Z,2026-09-25T03:50:55.225Z
DEMO-DEV-3703,183,2022-10-04T06:05:38.843Z,2026-09-18T16:56:40.224Z
DEMO-DEV-3809,183,2022-10-25T23:30:13.291Z,2026-09-18T12:03:59.985Z
DEMO-DEV-3816,183,2022-10-04T11:27:17.614Z,2026-09-26T22:13:45.702Z
DEMO-DEV-4023,183,2022-10-08T16:50:26.038Z,2026-09-28T16:46:47.138Z
DEMO-DEV-4115,183,2022-10-02T14:13:29.192Z,2026-09-25T21:21:48.038Z
DEMO-DEV-4175,183,2022-10-30T13:58:03.238Z,2026-09-21T18:29:51.230Z
DEMO-DEV-4205,183,2022-10-01T14:44:36.087Z,2026-09-29T21:28:46.873Z
DEMO-DEV-4478,183,2022-11-01T07:48:03.987Z,2026-09-25T13:57:49.045Z
DEMO-DEV-4853,183,2022-10-11T16:06:21.816Z,2026-09-29T14:17:01.390Z
DEMO-DEV-4856,183,2022-10-06T08:22:57.870Z,2026-09-29T19:30:21.485Z
DEMO-DEV-5111,183,2022-10-02T18:22:01.345Z,2026-09-13T19:30:34.646Z
DEMO-DEV-5797,183,2022-10-03T10:26:43.442Z,2026-09-23T22:35:35.368Z
DEMO-DEV-5811,183,2022-10-19T08:28:51.462Z,2026-09-25T15:28:05.646Z
DEMO-DEV-5951,183,2022-10-02T23:43:21.027Z,2026-09-29T01:13:36.204Z
DEMO-DEV-6302,183,2022-10-11T07:52:40.234Z,2026-09-22T12:51:56.914Z
DEMO-DEV-6338,183,2022-10-09T08:33:44.803Z,2026-09-16T02:06:30.578Z
DEMO-DEV-6349,183,2022-10-17T12:03:14.804Z,2026-09-25T23:17:17.607Z
DEMO-DEV-6955,183,2022-10-12T08:02:37.138Z,2026-09-29T17:51:40.415Z
DEMO-DEV-7051,183,2022-10-11T13:53:41.792Z,2026-09-26T03:07:29.120Z
DEMO-DEV-7099,183,2022-10-12T02:30:18.218Z,2026-09-24T23:10:07.302Z
DEMO-DEV-7119,183,2022-10-13T14:19:31.965Z,2026-09-28T20:04:03.646Z
DEMO-DEV-7458,183,2022-10-08T02:58:44.150Z,2026-09-24T19:02:44.591Z
DEMO-DEV-7781,183,2022-10-08T16:50:17.027Z,2026-09-28T23:06:22.646Z
DEMO-DEV-7882,183,2022-10-22T09:04:19.778Z,2026-09-08T07:54:19.785Z
DEMO-DEV-8021,183,2022-10-05T09:59:15.989Z,2026-09-28T15:08:24.799Z
DEMO-DEV-8151,183,2022-10-03T18:30:15.063Z,2026-09-26T10:46:35.415Z
DEMO-DEV-8214,183,2022-10-02T03:51:56.272Z,2026-09-17T04:40:23.345Z
DEMO-DEV-8216,183,2022-10-02T16:28:40.254Z,2026-08-23T20:00:19.027Z
DEMO-DEV-8232,183,2022-10-21T02:26:53.345Z,2026-09-24T09:50:27.836Z
DEMO-DEV-9001,183,2022-10-05T18:14:10.879Z,2026-09-25T08:00:02.038Z
DEMO-DEV-9141,183,2022-10-06T22:22:21.646Z,2026-09-24T23:50:11.965Z
DEMO-DEV-9162,183,2022-10-08T15:06:49.668Z,2026-09-26T06:51:31.738Z
DEMO-DEV-9223,183,2022-10-08T08:41:19.485Z,2026-09-27T23:24:41.605Z
DEMO-DEV-9457,183,2022-10-01T21:53:06.799Z,2026-09-20T17:39:17.877Z
DEMO-DEV-9518,183,2022-10-08T14:15:03.063Z,2026-09-15T04:36:58.040Z
DEMO-DEV-9558,183,2022-10-01T21:25:14.300Z,2026-09-27T18:17:56.403Z
DEMO-DEV-9737,183,2022-10-10T22:56:26.503Z,2026-09-29T10:06:26.470Z
DEMO-DEV-9808,183,2022-10-10T08:18:18.087Z,2026-09-22T09:31:50.239Z
DEMO-DEV-0249,182,2022-10-16T15:13:38.974Z,2026-09-26T16:04:40.300Z
DEMO-DEV-0433,182,2022-10-11T12:11:40.605Z,2026-09-19T05:29:36.786Z
DEMO-DEV-0437,182,2022-10-08T12:05:22.160Z,2026-09-18T23:02:52.226Z
DEMO-DEV-0477,182,2022-10-02T19:01:23.636Z,2026-09-25T14:18:07.239Z
DEMO-DEV-0874,182,2022-10-08T11:39:00.527Z,2026-09-18T05:19:26.183Z
DEMO-DEV-1047,182,2022-10-07T16:07:32.929Z,2026-09-19T20:00:52.992Z
DEMO-DEV-1361,182,2022-10-04T00:34:13.803Z,2026-09-23T18:12:26.868Z
DEMO-DEV-1367,182,2022-10-05T13:22:21.892Z,2026-09-28T10:32:58.493Z
DEMO-DEV-1426,182,2022-10-03T21:43:22.865Z,2026-09-27T05:14:55.287Z
DEMO-DEV-1580,182,2022-11-04T16:22:04.218Z,2026-09-27T22:20:56.969Z
DEMO-DEV-1664,182,2022-10-07T14:20:20.120Z,2026-09-26T08:43:39.975Z
DEMO-DEV-1807,182,2022-10-08T09:58:40.397Z,2026-09-28T07:41:40.138Z
DEMO-DEV-2072,182,2022-10-03T01:19:55.497Z,2026-09-24T04:53:10.523Z
DEMO-DEV-2206,182,2022-10-10T22:57:16.021Z,2026-09-21T20:16:01.786Z
DEMO-DEV-2276,182,2022-10-03T02:08:14.221Z,2026-08-14T19:06:35.387Z
DEMO-DEV-2353,182,2022-10-06T06:48:37.806Z,2026-09-19T16:49:15.027Z
DEMO-DEV-2401,182,2022-10-02T01:29:57.021Z,2026-09-30T02:53:29.505Z
DEMO-DEV-2416,182,2022-10-07T17:56:10.612Z,2026-09-19T21:19:54.885Z
DEMO-DEV-2710,182,2022-10-02T01:30:50.150Z,2026-09-28T17:30:09.224Z
DEMO-DEV-3174,182,2022-10-04T05:21:19.524Z,2026-09-29T05:33:12.877Z
DEMO-DEV-3355,182,2022-10-05T15:53:51.870Z,2026-09-16T21:04:36.120Z
DEMO-DEV-3368,182,2022-10-02T22:41:56.289Z,2026-09-29T03:23:44.239Z
DEMO-DEV-3502,182,2022-10-05T04:55:50.238Z,2026-09-20T04:35:44.710Z
DEMO-DEV-3518,182,2022-10-01T09:33:54.968Z,2026-09-27T11:16:30.523Z
DEMO-DEV-3529,182,2022-10-11T19:29:37.646Z,2026-09-25T03:33:18.134Z
DEMO-DEV-3637,182,2022-11-16T07:45:46.272Z,2026-09-29T07:25:08.226Z
DEMO-DEV-3696,182,2022-10-04T17:55:38.666Z,2026-09-26T02:56:11.975Z
DEMO-DEV-4124,182,2022-10-13T12:45:12.607Z,2026-09-29T01:41:39.841Z
DEMO-DEV-4359,182,2022-10-14T21:05:41.599Z,2026-09-28T21:07:18.618Z
DEMO-DEV-4512,182,2022-10-21T22:51:52.976Z,2026-09-14T19:24:31.929Z
DEMO-DEV-4720,182,2022-10-02T16:16:08.535Z,2026-09-17T18:54:22.555Z
DEMO-DEV-4905,182,2022-10-11T02:24:00.599Z,2026-09-23T20:56:29.219Z
DEMO-DEV-4941,182,2022-10-03T05:44:26.666Z,2026-09-24T11:41:05.250Z
DEMO-DEV-4985,182,2022-10-03T03:33:16.824Z,2026-09-29T06:26:04.655Z
DEMO-DEV-5000,182,2022-10-10T21:53:08.155Z,2026-09-24T06:10:09.885Z
DEMO-DEV-5052,182,2022-10-06T08:37:47.926Z,2026-09-28T22:45:44.557Z
DEMO-DEV-5269,182,2022-10-02T00:43:38.298Z,2026-09-24T09:20:11.892Z
DEMO-DEV-5467,182,2022-10-03T10:44:26.428Z,2026-09-28T15:15:22.239Z
DEMO-DEV-5487,182,2022-10-09T11:52:59.003Z,2026-09-18T05:34:20.165Z
DEMO-DEV-5651,182,2022-10-07T06:08:21.038Z,2026-08-18T17:55:32.865Z
DEMO-DEV-5724,182,2022-10-03T16:22:37.985Z,2026-09-27T16:48:15.917Z
DEMO-DEV-6249,182,2022-10-04T14:24:45.173Z,2026-09-28T16:25:55.735Z
DEMO-DEV-6257,182,2022-10-10T07:48:52.087Z,2026-09-15T11:47:46.204Z
DEMO-DEV-6309,182,2022-10-02T13:12:53.466Z,2026-09-20T13:32:52.505Z
DEMO-DEV-6401,182,2022-10-16T04:07:50.636Z,2026-09-29T05:54:32.646Z
DEMO-DEV-6464,182,2022-10-11T10:03:03.150Z,2026-09-28T15:26:52.817Z
DEMO-DEV-6569,182,2022-10-17T19:25:10.138Z,2026-09-23T05:48:38.917Z
DEMO-DEV-6588,182,2022-10-04T19:26:54.864Z,2026-09-16T07:36:03.023Z
DEMO-DEV-6715,182,2022-10-04T11:49:00.646Z,2026-09-22T00:49:28.682Z
DEMO-DEV-6800,182,2022-10-07T04:24:11.527Z,2026-09-29T23:02:01.397Z
DEMO-DEV-6853,182,2022-10-10T17:20:56.778Z,2026-09-28T17:47:13.676Z
DEMO-DEV-7078,182,2022-10-06T23:15:33.607Z,2026-09-23T00:48:30.555Z
DEMO-DEV-7127,182,2022-10-08T13:44:51.460Z,2026-09-20T16:12:18.442Z
DEMO-DEV-7178,182,2022-10-05T10:07:11.917Z,2026-09-29T15:11:50.949Z
DEMO-DEV-7291,182,2022-10-19T17:17:40.443Z,2026-09-21T20:43:01.238Z
DEMO-DEV-7338,182,2022-10-03T12:42:00.004Z,2026-09-28T07:59:41.203Z
DEMO-DEV-7347,182,2022-10-26T08:59:49.976Z,2026-09-20T19:22:03.409Z
DEMO-DEV-7402,182,2022-10-13T11:08:31.497Z,2026-09-28T04:35:12.612Z
DEMO-DEV-7459,182,2022-10-04T07:38:32.123Z,2026-09-29T20:23:08.225Z
DEMO-DEV-7575,182,2022-10-05T14:26:59.252Z,2026-09-22T18:11:56.307Z
DEMO-DEV-7796,182,2022-10-01T12:28:02.368Z,2026-09-25T23:01:15.811Z
DEMO-DEV-8047,182,2022-10-03T12:52:56.120Z,2026-09-24T19:48:48.578Z
DEMO-DEV-8089,182,2022-10-16T06:55:31.782Z,2026-09-21T17:41:23.519Z
DEMO-DEV-8101,182,2022-10-09T20:54:44.846Z,2026-09-29T19:30:55.793Z
DEMO-DEV-8207,182,2022-10-14T20:59:45.653Z,2026-09-24T09:51:41.120Z
DEMO-DEV-8227,182,2022-10-02T15:00:32.885Z,2026-09-23T18:07:59.537Z
DEMO-DEV-8378,182,2022-10-13T07:55:56.080Z,2026-09-08T15:53:52.462Z
DEMO-DEV-8458,182,2022-10-06T02:05:04.836Z,2026-09-25T18:13:43.607Z
DEMO-DEV-8691,182,2022-10-07T11:45:03.612Z,2026-09-21T04:05:51.584Z
DEMO-DEV-8979,182,2022-10-05T02:59:19.357Z,2026-09-22T22:33:43.524Z
DEMO-DEV-9060,182,2022-10-14T10:57:42.795Z,2026-09-12T21:38:27.160Z
DEMO-DEV-9093,182,2022-10-05T12:53:17.503Z,2026-09-21T21:32:16.134Z
DEMO-DEV-9180,182,2022-10-03T11:48:54.968Z,2026-09-03T02:28:16.646Z
DEMO-DEV-9474,182,2022-10-16T21:39:48.500Z,2026-09-29T08:54:14.167Z
DEMO-DEV-9567,182,2022-10-09T20:14:56.782Z,2026-09-29T03:54:07.268Z
DEMO-DEV-9602,182,2022-10-13T22:06:56.545Z,2026-09-20T05:06:33.859Z
DEMO-DEV-9607,182,2022-10-04T05:27:49.234Z,2026-09-20T18:33:45.172Z
DEMO-DEV-9900,182,2022-11-13T08:57:10.161Z,2026-09-25T05:30:50.226Z
DEMO-DEV-9955,182,2022-10-02T06:55:56.676Z,2026-09-30T06:31:04.120Z
DEMO-DEV-9993,182,2022-10-03T01:52:22.024Z,2026-09-28T13:47:00.784Z
DEMO-DEV-0169,181,2022-10-02T14:25:52.859Z,2026-09-27T03:27:41.087Z
DEMO-DEV-0266,181,2022-10-02T05:17:46.037Z,2026-09-24T01:33:53.799Z
DEMO-DEV-0267,181,2022-10-12T21:52:47.917Z,2026-09-29T11:10:18.929Z
DEMO-DEV-0294,181,2022-10-04T06:15:21.843Z,2026-09-22T02:39:13.087Z
DEMO-DEV-0335,181,2022-10-20T05:22:20.428Z,2026-09-18T22:59:23.222Z
DEMO-DEV-0495,181,2022-10-02T04:07:48.264Z,2026-09-26T07:51:42.073Z
DEMO-DEV-0506,181,2022-10-16T08:04:34.505Z,2026-09-24T19:45:42.357Z
DEMO-DEV-0663,181,2022-10-12T05:29:39.027Z,2026-09-20T08:34:24.519Z
DEMO-DEV-0726,181,2022-10-06T08:21:43.639Z,2026-09-25T04:45:43.139Z
DEMO-DEV-1358,181,2022-10-20T04:59:19.165Z,2026-09-23T07:42:32.811Z
DEMO-DEV-1425,181,2022-10-03T06:44:50.803Z,2026-09-29T03:25:45.879Z
DEMO-DEV-1622,181,2022-10-11T06:37:06.472Z,2026-09-10T14:24:52.443Z
DEMO-DEV-1838,181,2022-10-07T04:09:39.250Z,2026-08-24T19:57:16.557Z
DEMO-DEV-1853,181,2022-10-27T07:11:42.682Z,2026-09-25T19:03:52.892Z
DEMO-DEV-1969,181,2022-10-27T06:36:29.738Z,2026-09-18T20:11:35.811Z
DEMO-DEV-2142,181,2022-10-07T02:21:53.300Z,2026-09-26T13:50:32.785Z
DEMO-DEV-2169,181,2022-10-08T00:31:17.037Z,2026-09-27T18:20:15.784Z
DEMO-DEV-2207,181,2022-10-01T22:57:44.003Z,2026-09-28T22:56:17.682Z
DEMO-DEV-2281,181,2022-10-12T23:46:56.387Z,2026-09-22T23:06:58.026Z
DEMO-DEV-2303,181,2022-10-02T17:58:24.778Z,2026-09-21T07:25:05.057Z
DEMO-DEV-2376,181,2022-10-05T07:06:27.203Z,2026-09-27T05:53:29.873Z
DEMO-DEV-2470,181,2022-10-13T23:15:55.578Z,2026-09-29T10:08:54.839Z
DEMO-DEV-2588,181,2022-10-26T21:38:40.023Z,2026-09-27T22:24:28.859Z
DEMO-DEV-2681,181,2022-10-06T07:17:59.192Z,2026-09-28T14:13:11.428Z
DEMO-DEV-2702,181,2022-10-06T07:30:08.045Z,2026-09-23T16:55:20.877Z
DEMO-DEV-2756,181,2022-10-01T23:04:50.688Z,2026-09-09T05:48:24.300Z
DEMO-DEV-2927,181,2022-10-03T19:33:52.648Z,2026-09-28T05:59:40.139Z
DEMO-DEV-2966,181,2022-10-08T01:02:15.535Z,2026-09-30T06:18:10.390Z
DEMO-DEV-3002,181,2022-10-01T23:13:03.409Z,2026-09-12T22:41:03.073Z
DEMO-DEV-3330,181,2022-10-03T12:01:17.913Z,2026-09-29T07:22:43.368Z
DEMO-DEV-3545,181,2022-10-04T13:50:59.913Z,2026-09-21T23:59:17.782Z
DEMO-DEV-4008,181,2022-10-02T14:03:27.057Z,2026-09-29T06:52:14.545Z
DEMO-DEV-4035,181,2022-10-10T06:20:32.804Z,2026-09-09T05:39:49.021Z
DEMO-DEV-4435,181,2022-10-26T14:26:27.352Z,2026-09-25T14:20:41.470Z
DEMO-DEV-4643,181,2022-10-04T02:52:02.370Z,2026-09-23T03:52:10.778Z
DEMO-DEV-4653,181,2022-10-07T17:32:19.250Z,2026-09-09T02:31:15.254Z
DEMO-DEV-4846,181,2022-10-11T21:32:05.470Z,2026-09-28T17:40:25.208Z
DEMO-DEV-5250,181,2022-10-11T10:52:53.168Z,2026-09-24T03:18:53.985Z
DEMO-DEV-5346,181,2022-10-03T01:11:29.238Z,2026-09-29T17:06:01.403Z
DEMO-DEV-5376,181,2022-10-10T07:50:09.203Z,2026-09-24T15:13:26.870Z
DEMO-DEV-5389,181,2022-10-21T06:37:06.204Z,2026-09-29T02:53:43.825Z
DEMO-DEV-5781,181,2022-10-10T01:08:19.073Z,2026-08-17T05:50:39.394Z
DEMO-DEV-5883,181,2022-10-01T20:11:22.811Z,2026-09-25T16:59:38.785Z
DEMO-DEV-6168,181,2022-11-27T13:19:16.914Z,2026-09-18T22:14:55.557Z
DEMO-DEV-6317,181,2022-10-04T01:25:26.302Z,2026-09-15T00:53:46.702Z
DEMO-DEV-6498,181,2022-10-06T02:24:17.816Z,2026-09-30T01:20:56.846Z
DEMO-DEV-6631,181,2022-10-02T02:24:28.446Z,2026-09-23T02:57:16.682Z
DEMO-DEV-6919,181,2022-10-26T14:35:52.993Z,2026-09-27T08:26:33.605Z
DEMO-DEV-6956,181,2022-10-03T16:04:37.337Z,2026-09-29T04:50:50.337Z
DEMO-DEV-7055,181,2022-10-04T10:10:49.719Z,2026-09-21T14:39:44.021Z
DEMO-DEV-7057,181,2022-10-03T23:12:09.300Z,2026-08-31T02:35:44.150Z
DEMO-DEV-7062,181,2022-10-21T06:44:15.646Z,2026-09-07T02:46:27.803Z
DEMO-DEV-7115,181,2022-10-07T10:41:07.985Z,2026-09-08T11:32:50.948Z
DEMO-DEV-7378,181,2022-10-02T02:42:34.795Z,2026-09-24T04:51:57.090Z
DEMO-DEV-7560,181,2022-10-04T08:53:10.254Z,2026-09-21T09:36:51.226Z
DEMO-DEV-7609,181,2022-10-04T08:53:58.442Z,2026-09-01T09:11:27.524Z
DEMO-DEV-7682,181,2022-10-15T07:43:48.839Z,2026-09-15T16:20:51.892Z
DEMO-DEV-7816,181,2022-10-13T11:30:46.785Z,2026-09-26T05:35:54.026Z
DEMO-DEV-7839,181,2022-10-04T14:12:38.365Z,2026-08-27T09:57:05.224Z
DEMO-DEV-7874,181,2022-11-01T17:37:13.221Z,2026-09-21T16:13:56.307Z
DEMO-DEV-7952,181,2022-10-03T23:58:43.409Z,2026-09-29T00:23:53.291Z
DEMO-DEV-8212,181,2022-10-07T21:01:21.738Z,2026-09-04T21:10:03.607Z
DEMO-DEV-8470,181,2022-10-07T12:26:54.765Z,2026-09-14T20:52:07.038Z
DEMO-DEV-8674,181,2022-10-09T14:51:18.884Z,2026-09-21T03:10:24.612Z
DEMO-DEV-8781,181,2022-10-03T12:21:16.786Z,2026-09-29T01:16:15.511Z
DEMO-DEV-8860,181,2022-10-10T05:11:26.446Z,2026-09-11T23:55:48.172Z
DEMO-DEV-9042,181,2022-10-23T05:46:02.246Z,2026-09-30T02:59:51.666Z
DEMO-DEV-9202,181,2022-10-10T10:50:16.497Z,2026-09-20T20:39:52.785Z
DEMO-DEV-9580,181,2022-10-15T18:37:48.173Z,2026-09-25T18:53:20.485Z
DEMO-DEV-9723,181,2022-10-02T22:39:20.160Z,2026-09-28T18:26:38.291Z
DEMO-DEV-9870,181,2022-10-16T01:37:09.289Z,2026-09-13T22:27:45.914Z
DEMO-DEV-9911,181,2022-10-13T23:48:54.870Z,2026-09-26T04:52:03.968Z
DEMO-DEV-9921,181,2022-10-11T23:52:15.524Z,2026-09-19T08:03:01.655Z
DEMO-DEV-9936,181,2022-11-04T12:41:45.702Z,2026-09-30T00:01:18.975Z
DEMO-DEV-0114,180,2022-10-03T06:14:55.803Z,2026-09-12T17:55:30.607Z
DEMO-DEV-0415,180,2022-10-23T05:33:26.524Z,2026-09-08T06:56:31.205Z
DEMO-DEV-0425,180,2022-10-01T20:13:30.225Z,2026-08-24T21:35:43.873Z
DEMO-DEV-0628,180,2022-10-01T14:16:40.302Z,2026-09-22T14:45:30.568Z
DEMO-DEV-0687,180,2022-10-04T07:26:12.345Z,2026-09-29T23:35:40.252Z
DEMO-DEV-1410,180,2022-10-06T16:33:44.976Z,2026-09-23T09:52:13.865Z
DEMO-DEV-1475,180,2022-10-06T16:33:26.892Z,2026-09-25T08:20:35.851Z
DEMO-DEV-1703,180,2022-10-04T19:23:53.524Z,2026-09-21T05:44:15.926Z
DEMO-DEV-1792,180,2022-10-04T11:19:39.368Z,2026-09-14T19:06:05.612Z
DEMO-DEV-1885,180,2022-10-08T03:39:06.446Z,2026-09-29T14:14:43.090Z
DEMO-DEV-2127,180,2022-10-11T06:00:33.319Z,2026-09-16T08:13:41.817Z
DEMO-DEV-2284,180,2022-10-07T03:01:39.319Z,2026-09-14T21:25:46.892Z
DEMO-DEV-2428,180,2022-10-07T19:57:21.825Z,2026-09-25T10:46:09.891Z
DEMO-DEV-2494,180,2022-10-19T01:23:02.568Z,2026-09-15T23:48:49.836Z
DEMO-DEV-2708,180,2022-10-04T03:15:13.782Z,2026-09-26T08:11:52.307Z
DEMO-DEV-2985,180,2022-10-02T11:39:20.513Z,2026-09-21T10:50:48.021Z
DEMO-DEV-3003,180,2022-10-05T08:21:34.661Z,2026-09-25T04:42:40.851Z
DEMO-DEV-3034,180,2022-10-03T16:47:19.073Z,2026-09-26T09:36:06.442Z
DEMO-DEV-3099,180,2022-10-01T12:57:16.524Z,2026-09-25T22:57:48.443Z
DEMO-DEV-3134,180,2022-10-02T20:04:08.183Z,2026-09-20T14:11:23.806Z
DEMO-DEV-3169,180,2022-10-15T11:08:24.446Z,2026-09-22T03:44:39.885Z
DEMO-DEV-3475,180,2022-10-02T12:21:44.161Z,2026-09-20T04:15:47.403Z
DEMO-DEV-3488,180,2022-10-21T09:13:58.485Z,2026-09-28T07:43:50.778Z
DEMO-DEV-3539,180,2022-10-01T10:51:13.682Z,2026-09-23T19:38:48.863Z
DEMO-DEV-3593,180,2022-10-25T09:19:40.003Z,2026-09-28T09:36:47.885Z
DEMO-DEV-3615,180,2022-10-12T03:31:12.442Z,2026-09-25T20:49:50.877Z
DEMO-DEV-3887,180,2022-10-13T13:43:56.752Z,2026-09-24T00:42:21.841Z
DEMO-DEV-4010,180,2022-10-04T05:54:30.239Z,2026-09-22T22:04:51.014Z
DEMO-DEV-4230,180,2022-10-08T20:44:38.913Z,2026-09-29T16:47:55.288Z
DEMO-DEV-4319,180,2022-10-05T20:53:49.727Z,2026-09-15T04:05:24.211Z
DEMO-DEV-4321,180,2022-10-11T13:47:17.024Z,2026-09-25T12:54:14.189Z
DEMO-DEV-4668,180,2022-10-10T05:08:57.238Z,2026-09-17T07:42:13.230Z
DEMO-DEV-4884,180,2022-10-04T06:21:58.843Z,2026-09-27T20:03:36.409Z
DEMO-DEV-4892,180,2022-10-02T11:51:15.793Z,2026-09-27T21:50:37.873Z
DEMO-DEV-4913,180,2022-10-06T10:34:55.555Z,2026-09-24T00:13:02.782Z
DEMO-DEV-4982,180,2022-10-09T00:38:46.337Z,2026-09-25T05:46:47.591Z
DEMO-DEV-5084,180,2022-10-06T20:26:46.161Z,2026-09-24T10:42:44.584Z
DEMO-DEV-5293,180,2022-11-02T22:17:06.816Z,2026-09-30T00:04:46.614Z
DEMO-DEV-5373,180,2022-10-23T00:52:26.222Z,2026-09-29T06:49:51.357Z
DEMO-DEV-5429,180,2022-10-13T09:21:31.929Z,2026-09-28T10:49:12.236Z
DEMO-DEV-5461,180,2022-10-03T13:08:12.870Z,2026-09-29T12:06:29.948Z
DEMO-DEV-5824,180,2022-10-08T05:38:45.037Z,2026-07-18T22:38:03.190Z
DEMO-DEV-5976,180,2022-10-06T02:52:17.021Z,2026-09-18T07:13:05.319Z
DEMO-DEV-6040,180,2022-10-04T00:24:46.661Z,2026-09-24T03:58:43.612Z
DEMO-DEV-6046,180,2022-10-12T02:19:08.612Z,2026-09-16T06:16:26.222Z
DEMO-DEV-6337,180,2022-10-03T23:52:58.291Z,2026-09-23T14:19:24.949Z
DEMO-DEV-6390,180,2022-10-04T02:52:22.161Z,2026-09-08T13:23:30.804Z
DEMO-DEV-6576,180,2022-10-05T14:16:06.014Z,2026-09-30T03:11:26.752Z
DEMO-DEV-6736,180,2022-10-01T19:46:53.155Z,2026-09-28T11:05:19.027Z
DEMO-DEV-6918,180,2022-10-02T05:39:30.026Z,2026-09-23T17:59:06.234Z
DEMO-DEV-6970,180,2022-10-07T09:12:47.236Z,2026-09-28T21:36:30.493Z
DEMO-DEV-6979,180,2022-10-09T00:23:55.535Z,2026-09-29T12:45:40.442Z
DEMO-DEV-6982,180,2022-10-01T11:20:10.688Z,2026-09-24T16:18:10.524Z
DEMO-DEV-7336,180,2022-10-09T12:24:29.172Z,2026-09-23T00:16:19.915Z
DEMO-DEV-7365,180,2022-10-12T11:28:48.190Z,2026-09-19T03:50:14.208Z
DEMO-DEV-7409,180,2022-10-07T02:24:34.719Z,2026-09-18T15:52:03.929Z
DEMO-DEV-7829,180,2022-10-03T16:32:10.352Z,2026-09-29T23:14:38.236Z
DEMO-DEV-7919,180,2022-10-11T11:32:23.024Z,2026-09-25T08:01:19.537Z
DEMO-DEV-7987,180,2022-10-07T04:57:25.877Z,2026-09-24T22:15:12.597Z
DEMO-DEV-7989,180,2022-10-05T20:17:46.045Z,2026-09-15T18:31:42.825Z
DEMO-DEV-8026,180,2022-10-03T08:05:28.816Z,2026-09-16T04:46:06.038Z
DEMO-DEV-8080,180,2022-10-01T10:53:20.806Z,2026-09-30T00:46:30.843Z
DEMO-DEV-8191,180,2022-10-02T03:38:28.636Z,2026-09-16T21:48:50.236Z
DEMO-DEV-8527,180,2022-10-19T15:44:36.014Z,2026-09-13T13:12:36.513Z
DEMO-DEV-8660,180,2022-10-01T15:10:52.584Z,2026-09-22T19:44:39.948Z
DEMO-DEV-8726,180,2022-10-03T17:36:36.612Z,2026-09-26T01:48:50.204Z
DEMO-DEV-8936,180,2022-11-09T03:35:53.885Z,2026-09-17T16:03:20.203Z
DEMO-DEV-8951,180,2022-10-08T00:07:56.462Z,2026-09-29T20:24:31.134Z
DEMO-DEV-8996,180,2022-10-02T11:18:17.139Z,2026-09-25T01:30:43.120Z
DEMO-DEV-9018,180,2022-10-16T19:54:44.308Z,2026-09-29T05:24:06.442Z
DEMO-DEV-9207,180,2022-10-03T09:37:39.167Z,2026-09-17T03:52:00.965Z
DEMO-DEV-9349,180,2022-10-01T14:51:51.080Z,2026-09-28T19:23:46.975Z
DEMO-DEV-9485,180,2022-10-22T02:22:52.816Z,2026-09-29T16:29:10.352Z
DEMO-DEV-9706,180,2022-10-05T11:02:48.238Z,2026-09-05T08:17:00.817Z
DEMO-DEV-9771,180,2022-10-05T06:37:00.172Z,2026-09-23T02:45:01.246Z
DEMO-DEV-9780,180,2022-10-15T16:35:45.289Z,2026-09-23T05:06:19.077Z
DEMO-DEV-9856,180,2022-10-06T17:01:05.702Z,2026-09-20T20:32:43.870Z
DEMO-DEV-0075,179,2022-10-02T05:49:09.155Z,2026-09-30T00:31:22.719Z
DEMO-DEV-0111,179,2022-10-09T17:24:14.428Z,2026-09-29T22:33:47.222Z
DEMO-DEV-0152,179,2022-10-08T13:32:35.793Z,2026-09-28T04:21:00.493Z
DEMO-DEV-0178,179,2022-10-10T04:19:17.402Z,2026-09-13T20:41:00.884Z
DEMO-DEV-0244,179,2022-10-07T17:17:16.836Z,2026-09-26T17:33:00.784Z
DEMO-DEV-0262,179,2022-10-08T17:14:10.968Z,2026-09-26T12:47:55.307Z
DEMO-DEV-0443,179,2022-10-25T11:01:24.661Z,2026-09-26T13:26:16.472Z
DEMO-DEV-0903,179,2022-10-07T03:51:05.168Z,2026-09-12T14:40:39.409Z
DEMO-DEV-0925,179,2022-10-01T16:29:37.752Z,2026-09-08T07:46:24.870Z
DEMO-DEV-0936,179,2022-10-17T12:30:34.203Z,2026-09-12T01:38:43.668Z
DEMO-DEV-1162,179,2022-10-06T13:30:07.264Z,2026-09-21T15:37:13.168Z
DEMO-DEV-1299,179,2022-10-08T07:29:47.503Z,2026-09-26T22:16:33.370Z
DEMO-DEV-1338,179,2022-10-03T12:00:04.003Z,2026-09-24T17:47:34.352Z
DEMO-DEV-1628,179,2022-10-05T00:55:36.192Z,2026-09-12T02:09:15.879Z
DEMO-DEV-1655,179,2022-10-03T09:21:06.366Z,2026-09-28T15:24:43.155Z
DEMO-DEV-1751,179,2022-10-03T12:55:08.646Z,2026-09-21T18:50:41.666Z
DEMO-DEV-1771,179,2022-10-09T22:27:38.727Z,2026-09-04T17:46:34.315Z
DEMO-DEV-1796,179,2022-10-08T10:32:51.138Z,2026-09-29T11:13:31.442Z
DEMO-DEV-1802,179,2022-10-09T15:47:00.315Z,2026-09-25T13:06:13.239Z
DEMO-DEV-1878,179,2022-10-23T02:50:57.190Z,2026-09-29T08:58:09.735Z
DEMO-DEV-1879,179,2022-10-14T11:33:59.710Z,2026-09-28T09:07:43.403Z
DEMO-DEV-2125,179,2022-10-02T01:22:49.238Z,2026-09-25T22:43:29.778Z
DEMO-DEV-2306,179,2022-10-04T17:23:52.851Z,2026-08-31T14:09:06.291Z
DEMO-DEV-2526,179,2022-10-02T15:51:41.702Z,2026-09-19T08:45:19.527Z
DEMO-DEV-2532,179,2022-10-07T11:52:09.442Z,2026-09-18T00:33:17.038Z
DEMO-DEV-2565,179,2022-10-06T13:03:21.825Z,2026-09-29T12:10:30.524Z
DEMO-DEV-2716,179,2022-10-02T19:09:36.877Z,2026-09-29T20:27:49.014Z
DEMO-DEV-2778,179,2022-10-04T04:41:30.183Z,2026-09-26T00:55:28.409Z
DEMO-DEV-3065,179,2022-10-09T18:29:54.646Z,2026-09-30T05:55:45.929Z
DEMO-DEV-3088,179,2022-10-12T13:15:34.150Z,2026-09-29T17:14:13.784Z
DEMO-DEV-3236,179,2022-10-02T13:18:38.915Z,2026-09-28T10:58:07.785Z
DEMO-DEV-3393,179,2022-10-15T04:42:59.950Z,2026-09-29T08:52:22.614Z
DEMO-DEV-3416,179,2022-10-01T12:39:37.508Z,2026-09-28T06:25:10.816Z
DEMO-DEV-3501,179,2022-10-02T11:54:41.692Z,2026-09-16T14:39:53.023Z
DEMO-DEV-3507,179,2022-10-04T05:43:51.879Z,2026-09-23T13:42:07.287Z
DEMO-DEV-3566,179,2022-10-01T23:01:53.075Z,2026-09-22T17:32:52.969Z
DEMO-DEV-3782,179,2022-10-09T13:15:38.003Z,2026-09-15T14:01:20.524Z
DEMO-DEV-3843,179,2022-10-03T15:23:19.666Z,2026-09-26T22:09:57.236Z
DEMO-DEV-4284,179,2022-10-03T09:56:04.308Z,2026-09-29T00:51:26.825Z
DEMO-DEV-4575,179,2022-10-01T21:48:40.816Z,2026-09-22T20:52:31.513Z
DEMO-DEV-4731,179,2022-10-16T01:02:40.428Z,2026-09-23T10:46:33.038Z
DEMO-DEV-4734,179,2022-10-02T23:04:44.352Z,2026-09-30T00:34:06.785Z
DEMO-DEV-4926,179,2022-10-02T05:01:15.915Z,2026-09-23T07:36:58.865Z
DEMO-DEV-4934,179,2022-10-05T10:00:18.870Z,2026-09-14T23:34:39.795Z
DEMO-DEV-4944,179,2022-10-02T05:31:54.442Z,2026-09-25T16:08:23.139Z
DEMO-DEV-5093,179,2022-10-01T11:59:36.173Z,2026-09-22T10:21:51.150Z
DEMO-DEV-5347,179,2022-10-02T20:57:05.892Z,2026-09-25T02:37:25.172Z
DEMO-DEV-5367,179,2022-10-07T02:49:42.155Z,2026-09-26T07:30:17.535Z
DEMO-DEV-5488,179,2022-10-04T22:54:09.443Z,2026-09-20T13:04:55.402Z
DEMO-DEV-5552,179,2022-10-07T03:19:07.023Z,2026-09-16T22:15:33.272Z
DEMO-DEV-5683,179,2022-10-17T08:30:24.366Z,2026-09-24T01:35:19.172Z
DEMO-DEV-5721,179,2022-10-10T23:42:01.655Z,2026-09-26T18:05:31.843Z
DEMO-DEV-5725,179,2022-10-04T14:19:07.842Z,2026-09-21T04:15:53.524Z
DEMO-DEV-5843,179,2022-10-01T16:18:57.203Z,2026-08-31T13:18:51.612Z
DEMO-DEV-5910,179,2022-10-15T10:50:36.668Z,2026-09-26T11:05:15.319Z
DEMO-DEV-5975,179,2022-10-04T13:33:02.879Z,2026-09-23T02:08:51.950Z
DEMO-DEV-6012,179,2022-10-05T17:08:12.155Z,2026-09-20T21:57:55.505Z
DEMO-DEV-6041,179,2022-10-05T08:21:20.966Z,2026-09-16T14:52:10.859Z
DEMO-DEV-6304,179,2022-10-08T13:01:41.289Z,2026-09-15T02:04:22.639Z
DEMO-DEV-6455,179,2022-10-02T16:27:55.842Z,2026-09-27T21:05:28.224Z
DEMO-DEV-6465,179,2022-10-25T16:35:24.738Z,2026-09-29T06:29:43.268Z
DEMO-DEV-6524,179,2022-10-08T14:18:08.816Z,2026-08-13T00:33:36.877Z
DEMO-DEV-6553,179,2022-10-07T04:53:52.975Z,2026-09-16T16:54:37.264Z
DEMO-DEV-6708,179,2022-10-02T10:04:51.599Z,2026-09-28T20:55:28.503Z
DEMO-DEV-6756,179,2022-10-16T05:27:38.239Z,2026-09-24T21:29:15.992Z
DEMO-DEV-6759,179,2022-10-08T09:22:46.167Z,2026-09-25T15:26:37.037Z
DEMO-DEV-6774,179,2022-11-01T14:47:35.727Z,2026-09-15T02:02:59.778Z
DEMO-DEV-6850,179,2022-10-12T01:32:29.655Z,2026-09-01T00:59:26.222Z
DEMO-DEV-6896,179,2022-10-08T14:39:13.885Z,2026-09-27T01:53:44.989Z
DEMO-DEV-7102,179,2022-10-04T22:26:56.666Z,2026-09-25T17:42:20.948Z
DEMO-DEV-7307,179,2022-10-02T21:52:01.568Z,2026-09-25T03:40:22.160Z
DEMO-DEV-7374,179,2022-10-13T15:05:30.778Z,2026-09-24T20:22:53.614Z
DEMO-DEV-7427,179,2022-10-04T02:29:09.253Z,2026-09-25T23:27:38.287Z
DEMO-DEV-7443,179,2022-10-06T13:28:50.867Z,2026-09-04T18:39:02.300Z
DEMO-DEV-7579,179,2022-10-07T09:25:03.993Z,2026-09-27T14:17:15.714Z
DEMO-DEV-7903,179,2022-10-12T15:48:33.524Z,2026-09-21T17:21:18.965Z
DEMO-DEV-7972,179,2022-10-14T03:18:46.288Z,2026-09-27T13:57:50.365Z
DEMO-DEV-7982,179,2022-10-08T15:35:30.682Z,2026-09-27T11:46:56.354Z
DEMO-DEV-8036,179,2022-10-01T14:11:21.793Z,2026-09-23T07:04:40.666Z
DEMO-DEV-8050,179,2022-10-01T18:18:47.975Z,2026-08-25T08:11:59.993Z
DEMO-DEV-8075,179,2022-10-09T23:29:24.394Z,2026-09-13T00:43:19.784Z
DEMO-DEV-8484,179,2022-10-13T15:55:10.989Z,2026-09-19T21:57:25.555Z
DEMO-DEV-8912,179,2022-10-04T04:53:47.754Z,2026-09-21T11:43:15.161Z
DEMO-DEV-9196,179,2022-10-08T08:32:58.865Z,2026-09-29T06:06:48.160Z
DEMO-DEV-9236,179,2022-10-08T09:01:42.403Z,2026-09-29T13:10:07.068Z
DEMO-DEV-9238,179,2022-10-19T03:05:43.987Z,2026-09-27T16:12:46.735Z
DEMO-DEV-9601,179,2022-10-21T20:22:42.929Z,2026-09-28T05:24:44.811Z
DEMO-DEV-9603,179,2022-10-01T16:08:25.230Z,2026-09-29T16:11:05.817Z
DEMO-DEV-9628,179,2022-10-06T00:06:39.653Z,2026-09-25T20:24:48.605Z
DEMO-DEV-9639,179,2022-10-17T03:41:32.446Z,2026-09-30T05:44:12.863Z
DEMO-DEV-9674,179,2022-10-10T06:28:42.584Z,2026-09-21T16:41:48.015Z
DEMO-DEV-9720,179,2022-10-13T16:02:15.403Z,2026-09-28T00:10:51.073Z
DEMO-DEV-9789,179,2022-10-04T14:48:22.370Z,2026-09-29T07:25:28.370Z
DEMO-DEV-9795,179,2022-10-10T05:01:15.120Z,2026-09-02T16:07:02.226Z
DEMO-DEV-9884,179,2022-10-03T23:36:44.150Z,2026-09-27T21:31:19.203Z
DEMO-DEV-9925,179,2022-10-11T19:07:09.885Z,2026-09-28T12:44:08.037Z
DEMO-DEV-9958,179,2022-10-03T03:38:05.485Z,2026-09-24T01:58:25.676Z
DEMO-DEV-9974,179,2022-10-06T04:50:04.524Z,2026-09-29T11:29:11.666Z
DEMO-DEV-0180,178,2022-10-08T18:24:29.843Z,2026-09-21T07:41:44.655Z
DEMO-DEV-0200,178,2022-10-13T05:52:53.226Z,2026-09-19T18:27:14.268Z
DEMO-DEV-0337,178,2022-10-05T20:22:45.839Z,2026-09-24T02:52:54.974Z
DEMO-DEV-0339,178,2022-10-01T09:57:30.917Z,2026-09-26T15:12:06.870Z
DEMO-DEV-0374,178,2022-10-11T04:30:36.859Z,2026-09-17T01:56:03.068Z
DEMO-DEV-0562,178,2022-10-01T14:21:21.950Z,2026-09-30T03:14:53.692Z
DEMO-DEV-0572,178,2022-10-09T17:57:37.063Z,2026-09-24T03:37:29.234Z
DEMO-DEV-0653,178,2022-10-23T18:28:17.816Z,2026-09-29T14:09:45.366Z
DEMO-DEV-0784,178,2022-10-05T18:28:27.080Z,2026-09-28T03:44:05.397Z
DEMO-DEV-0813,178,2022-10-06T03:40:05.315Z,2026-09-23T19:10:32.219Z
DEMO-DEV-0842,178,2022-10-06T01:59:14.870Z,2026-09-25T00:03:27.591Z
DEMO-DEV-0886,178,2022-10-03T16:47:14.443Z,2026-09-29T09:29:56.239Z
DEMO-DEV-0942,178,2022-10-08T06:26:47.428Z,2026-09-29T12:42:02.782Z
DEMO-DEV-0961,178,2022-10-10T08:58:50.272Z,2026-09-24T04:21:28.238Z
DEMO-DEV-1011,178,2022-10-04T11:22:36.298Z,2026-09-10T15:52:40.073Z
DEMO-DEV-1117,178,2022-10-12T17:41:42.513Z,2026-09-24T04:20:07.864Z
DEMO-DEV-1155,178,2022-10-02T01:42:08.298Z,2026-09-27T18:38:37.668Z
DEMO-DEV-1250,178,2022-10-02T02:15:20.597Z,2026-09-27T03:12:04.841Z
DEMO-DEV-1280,178,2022-10-12T10:24:35.428Z,2026-09-21T11:55:11.428Z
DEMO-DEV-1489,178,2022-10-03T03:54:39.472Z,2026-09-23T17:35:33.949Z
DEMO-DEV-1558,178,2022-10-17T04:12:09.666Z,2026-09-25T19:44:08.926Z
DEMO-DEV-1587,178,2022-10-03T14:29:15.366Z,2026-09-29T11:28:09.472Z
DEMO-DEV-1632,178,2022-10-05T01:36:01.319Z,2026-09-19T07:07:59.714Z
DEMO-DEV-1777,178,2022-10-04T23:32:32.877Z,2026-09-27T06:05:05.021Z
DEMO-DEV-1813,178,2022-10-22T23:14:09.985Z,2026-09-28T13:15:11.236Z
DEMO-DEV-1994,178,2022-10-08T14:21:04.442Z,2026-09-13T08:03:46.892Z
DEMO-DEV-2111,178,2022-10-03T18:05:18.842Z,2026-09-18T10:57:47.915Z
DEMO-DEV-2150,178,2022-10-12T10:02:17.966Z,2026-09-18T05:18:01.497Z
DEMO-DEV-2360,178,2022-10-02T03:47:21.300Z,2026-09-27T03:07:15.192Z
DEMO-DEV-2513,178,2022-10-02T05:43:55.023Z,2026-09-22T12:41:44.976Z
DEMO-DEV-2646,178,2022-10-12T07:05:41.038Z,2026-09-22T04:41:07.806Z
DEMO-DEV-2722,178,2022-11-09T04:37:03.268Z,2026-09-19T12:17:52.879Z
DEMO-DEV-2831,178,2022-10-02T12:53:07.666Z,2026-09-15T13:33:37.021Z
DEMO-DEV-2850,178,2022-10-07T12:59:34.003Z,2026-09-28T17:55:18.524Z
DEMO-DEV-2921,178,2022-10-05T12:43:42.455Z,2026-09-27T09:06:49.992Z
DEMO-DEV-2981,178,2022-10-11T09:44:25.948Z,2026-09-07T05:23:34.653Z
DEMO-DEV-3064,178,2022-10-11T05:00:56.470Z,2026-09-20T19:35:26.268Z
DEMO-DEV-3269,178,2022-10-05T20:20:22.390Z,2026-09-22T23:04:43.120Z
DEMO-DEV-3398,178,2022-11-01T05:20:34.246Z,2026-09-27T14:07:49.985Z
DEMO-DEV-3512,178,2022-10-16T18:00:02.442Z,2026-09-27T09:42:17.710Z
DEMO-DEV-3586,178,2022-10-03T19:54:41.503Z,2026-09-16T20:45:21.948Z
DEMO-DEV-3771,178,2022-10-09T11:29:46.778Z,2026-09-14T16:24:07.466Z
DEMO-DEV-3814,178,2022-10-19T08:30:23.352Z,2026-09-26T19:17:45.557Z
DEMO-DEV-3835,178,2022-10-06T02:26:12.714Z,2026-08-31T10:17:00.793Z
DEMO-DEV-3894,178,2022-10-02T12:09:49.929Z,2026-09-23T16:12:30.914Z
DEMO-DEV-3912,178,2022-10-04T00:51:00.949Z,2026-09-26T01:09:21.224Z
DEMO-DEV-3974,178,2022-10-01T08:40:36.075Z,2026-09-30T08:07:34.778Z
DEMO-DEV-4110,178,2022-10-12T20:33:27.354Z,2026-09-28T21:10:58.403Z
DEMO-DEV-4148,178,2022-10-06T12:17:42.846Z,2026-09-28T14:43:23.226Z
DEMO-DEV-4289,178,2022-10-03T15:44:58.879Z,2026-09-29T19:07:46.968Z
DEMO-DEV-4331,178,2022-10-08T02:51:40.786Z,2026-09-20T12:34:18.682Z
DEMO-DEV-4404,178,2022-10-14T19:45:58.470Z,2026-09-21T19:02:40.668Z
DEMO-DEV-4421,178,2022-10-15T13:59:52.727Z,2026-09-11T10:30:42.497Z
DEMO-DEV-4781,178,2022-10-01T16:08:12.239Z,2026-09-25T11:09:33.584Z
DEMO-DEV-4918,178,2022-10-10T02:58:21.345Z,2026-09-26T05:27:46.985Z
DEMO-DEV-5041,178,2022-10-04T15:23:56.782Z,2026-09-22T02:06:24.605Z
DEMO-DEV-5211,178,2022-10-14T21:00:51.754Z,2026-09-19T15:06:04.368Z
DEMO-DEV-5720,178,2022-10-08T19:03:34.949Z,2026-09-20T11:33:45.004Z
DEMO-DEV-5851,178,2022-10-24T08:01:54.989Z,2026-09-18T00:12:09.839Z
DEMO-DEV-5983,178,2022-10-02T17:38:25.298Z,2026-09-28T10:16:58.134Z
DEMO-DEV-6124,178,2022-10-09T03:08:33.929Z,2026-09-23T07:07:45.298Z
DEMO-DEV-6183,178,2022-10-15T02:20:59.535Z,2026-09-14T15:58:10.682Z
DEMO-DEV-6286,178,2022-10-01T21:09:59.682Z,2026-09-15T08:59:45.073Z
DEMO-DEV-6310,178,2022-10-01T18:58:13.784Z,2026-09-29T23:10:06.752Z
DEMO-DEV-6348,178,2022-10-02T06:54:01.455Z,2026-09-07T05:44:24.165Z
DEMO-DEV-6350,178,2022-10-14T07:00:08.080Z,2026-09-24T16:22:19.500Z
DEMO-DEV-6362,178,2022-10-16T19:44:29.443Z,2026-09-14T07:36:59.173Z
DEMO-DEV-6378,178,2022-10-19T17:09:22.968Z,2026-09-24T02:51:22.914Z
DEMO-DEV-6503,178,2022-10-01T13:18:20.778Z,2026-09-24T16:10:38.254Z
DEMO-DEV-6573,178,2022-10-11T18:55:31.949Z,2026-09-20T12:51:34.778Z
DEMO-DEV-6585,178,2022-10-15T19:58:56.778Z,2026-09-26T10:21:18.879Z
DEMO-DEV-6725,178,2022-10-02T20:23:00.402Z,2026-09-16T18:55:18.455Z
DEMO-DEV-6877,178,2022-10-01T22:04:28.165Z,2026-09-28T18:08:14.014Z
DEMO-DEV-6897,178,2022-10-04T16:43:40.239Z,2026-09-27T18:12:45.319Z
DEMO-DEV-7112,178,2022-10-06T06:36:39.415Z,2026-09-17T22:35:25.139Z
DEMO-DEV-7123,178,2022-10-02T20:36:11.307Z,2026-09-28T10:04:50.222Z
DEMO-DEV-7179,178,2022-10-15T14:44:40.289Z,2026-09-24T18:50:52.325Z
DEMO-DEV-7193,178,2022-10-17T17:52:04.192Z,2026-09-23T04:30:07.268Z
DEMO-DEV-7411,178,2022-10-03T21:56:43.545Z,2026-09-19T19:57:32.037Z
DEMO-DEV-7423,178,2022-10-06T14:23:21.443Z,2026-09-04T03:09:42.160Z
DEMO-DEV-7583,178,2022-10-02T05:59:13.597Z,2026-09-27T22:34:48.985Z
DEMO-DEV-7599,178,2022-10-19T10:14:12.365Z,2026-09-05T07:39:48.676Z
DEMO-DEV-7641,178,2022-10-04T23:11:19.605Z,2026-09-17T16:29:00.511Z
DEMO-DEV-7723,178,2022-10-04T22:46:32.337Z,2026-09-29T15:08:17.710Z
DEMO-DEV-7753,178,2022-10-13T15:35:32.811Z,2026-09-24T16:41:53.841Z
DEMO-DEV-7808,178,2022-10-13T08:52:02.859Z,2026-09-26T19:26:23.190Z
DEMO-DEV-7891,178,2022-10-04T08:32:02.203Z,2026-09-24T14:43:42.352Z
DEMO-DEV-8130,178,2022-10-09T02:18:48.816Z,2026-09-28T13:01:07.618Z
DEMO-DEV-8155,178,2022-10-06T06:11:14.836Z,2026-09-20T06:03:19.950Z
DEMO-DEV-8258,178,2022-10-06T05:01:02.653Z,2026-09-25T10:44:58.165Z
DEMO-DEV-8386,178,2022-10-05T16:31:30.511Z,2026-09-27T23:12:35.859Z
DEMO-DEV-8419,178,2022-10-02T02:04:44.511Z,2026-09-17T16:09:42.120Z
DEMO-DEV-8521,178,2022-10-02T18:51:01.387Z,2026-09-21T05:42:38.254Z
DEMO-DEV-8539,178,2022-10-02T06:37:09.968Z,2026-09-24T12:38:06.037Z
DEMO-DEV-8574,178,2022-10-10T17:49:44.976Z,2026-09-21T17:12:20.428Z
DEMO-DEV-8651,178,2022-10-02T04:17:11.825Z,2026-09-30T06:02:26.929Z
DEMO-DEV-8704,178,2022-10-14T12:22:03.692Z,2026-09-27T10:49:04.765Z
DEMO-DEV-8788,178,2022-10-10T20:35:50.325Z,2026-09-23T18:41:16.308Z
DEMO-DEV-8789,178,2022-10-07T09:19:39.968Z,2026-09-28T17:53:18.653Z
DEMO-DEV-8812,178,2022-10-02T22:20:05.913Z,2026-09-26T15:59:41.150Z
DEMO-DEV-8888,178,2022-10-12T07:21:16.792Z,2026-09-20T10:10:01.014Z
DEMO-DEV-8890,178,2022-10-08T05:09:34.352Z,2026-09-19T09:59:44.236Z
DEMO-DEV-8894,178,2022-10-06T03:32:27.765Z,2026-09-28T07:37:50.289Z
DEMO-DEV-8917,178,2022-10-03T18:47:05.024Z,2026-08-30T07:06:22.138Z
DEMO-DEV-9000,178,2022-10-05T03:26:01.692Z,2026-09-22T15:35:03.816Z
DEMO-DEV-9254,178,2022-10-07T08:37:58.806Z,2026-09-23T04:17:16.205Z
DEMO-DEV-9290,178,2022-10-07T13:44:40.612Z,2026-09-27T13:47:43.658Z
DEMO-DEV-9423,178,2022-10-08T07:45:29.950Z,2026-09-22T07:16:35.040Z
DEMO-DEV-9568,178,2022-10-03T06:16:50.682Z,2026-09-17T07:14:15.272Z
DEMO-DEV-9587,178,2022-10-26T23:55:42.975Z,2026-09-11T08:02:23.917Z
DEMO-DEV-9646,178,2022-10-04T22:35:35.264Z,2026-09-28T06:32:42.735Z
DEMO-DEV-9735,178,2022-10-08T10:30:17.591Z,2026-09-22T00:56:24.167Z
DEMO-DEV-9757,178,2022-10-02T13:39:50.885Z,2026-09-22T11:38:18.735Z
DEMO-DEV-9785,178,2022-11-07T11:40:03.120Z,2026-09-29T18:18:51.974Z
DEMO-DEV-9916,178,2022-10-01T08:39:44.090Z,2026-09-23T20:23:34.230Z
DEMO-DEV-9995,178,2022-10-02T19:55:19.315Z,2026-09-22T16:08:39.068Z
DEMO-DEV-0039,177,2022-10-14T11:39:53.443Z,2026-09-29T21:21:16.688Z
DEMO-DEV-0068,177,2022-10-02T19:57:52.250Z,2026-09-29T11:06:16.519Z
DEMO-DEV-0160,177,2022-10-05T03:15:16.870Z,2026-09-27T18:13:34.891Z
DEMO-DEV-0192,177,2022-10-25T10:33:49.968Z,2026-09-23T10:17:26.443Z
DEMO-DEV-0256,177,2022-10-01T09:26:46.015Z,2026-09-25T15:32:31.688Z
DEMO-DEV-0277,177,2022-10-02T13:13:26.004Z,2026-09-28T06:53:19.851Z
DEMO-DEV-0359,177,2022-10-13T01:07:30.238Z,2026-09-29T01:11:04.545Z
DEMO-DEV-0373,177,2022-10-14T22:30:10.403Z,2026-09-29T05:46:45.246Z
DEMO-DEV-0426,177,2022-10-08T21:37:38.319Z,2026-09-18T07:10:37.354Z
DEMO-DEV-0602,177,2022-10-01T15:50:13.470Z,2026-09-29T03:38:32.307Z
DEMO-DEV-0639,177,2022-10-31T03:05:59.161Z,2026-09-28T10:01:23.014Z
DEMO-DEV-0730,177,2022-10-01T16:11:45.300Z,2026-09-26T19:17:58.402Z
DEMO-DEV-0733,177,2022-10-06T15:45:25.057Z,2026-09-21T05:31:55.863Z
DEMO-DEV-0852,177,2022-10-06T11:27:39.087Z,2026-09-18T14:15:14.352Z
DEMO-DEV-0880,177,2022-10-01T16:35:16.591Z,2026-09-23T11:07:03.817Z
DEMO-DEV-0928,177,2022-10-05T15:08:57.015Z,2026-09-18T14:55:53.391Z
DEMO-DEV-0939,177,2022-10-03T13:09:22.014Z,2026-09-22T00:32:19.804Z
DEMO-DEV-0962,177,2022-10-09T20:57:18.782Z,2026-09-18T05:03:19.470Z
DEMO-DEV-0963,177,2022-10-07T09:49:39.024Z,2026-09-24T16:35:11.268Z
DEMO-DEV-0971,177,2022-10-03T17:16:02.865Z,2026-09-21T04:57:04.466Z
DEMO-DEV-1033,177,2022-10-20T09:07:03.503Z,2026-09-11T00:39:38.891Z
DEMO-DEV-1036,177,2022-10-12T20:14:29.841Z,2026-09-25T16:52:58.806Z
DEMO-DEV-1059,177,2022-10-07T06:20:34.867Z,2026-09-26T15:56:18.926Z
DEMO-DEV-1109,177,2022-10-07T03:51:21.870Z,2026-08-25T15:56:53.614Z
DEMO-DEV-1187,177,2022-10-05T10:03:23.868Z,2026-09-22T15:00:00.298Z
DEMO-DEV-1236,177,2022-10-01T11:38:49.859Z,2026-09-23T01:36:03.738Z
DEMO-DEV-1256,177,2022-10-06T05:05:18.298Z,2026-09-29T10:33:18.752Z
DEMO-DEV-1353,177,2022-10-09T12:54:18.785Z,2026-08-30T17:09:41.075Z
DEMO-DEV-1370,177,2022-10-27T08:37:04.785Z,2026-09-11T02:51:36.505Z
DEMO-DEV-1450,177,2022-10-01T21:33:50.139Z,2026-08-30T01:00:50.252Z
DEMO-DEV-1495,177,2022-10-03T12:49:41.370Z,2026-09-12T20:57:55.513Z
DEMO-DEV-1501,177,2022-10-04T07:09:41.513Z,2026-09-30T07:06:04.120Z
DEMO-DEV-1545,177,2022-10-11T03:55:00.765Z,2026-09-29T14:45:42.985Z
DEMO-DEV-1625,177,2022-10-17T22:39:09.493Z,2026-09-19T21:41:01.503Z
DEMO-DEV-1662,177,2022-10-20T14:21:58.992Z,2026-09-27T22:09:41.976Z
DEMO-DEV-1688,177,2022-10-08T09:48:37.817Z,2026-09-06T07:47:17.268Z
DEMO-DEV-1732,177,2022-10-23T23:57:34.366Z,2026-09-29T08:31:41.949Z
DEMO-DEV-1841,177,2022-10-20T11:14:58.578Z,2026-09-29T06:30:28.929Z
DEMO-DEV-1957,177,2022-10-05T11:43:44.915Z,2026-09-27T08:27:36.003Z
DEMO-DEV-2139,177,2022-10-12T14:36:31.298Z,2026-09-20T19:54:27.250Z
DEMO-DEV-2155,177,2022-10-13T02:36:20.524Z,2026-09-22T21:57:07.968Z
DEMO-DEV-2177,177,2022-10-09T11:37:58.402Z,2026-09-08T16:12:57.885Z
DEMO-DEV-2185,177,2022-10-03T03:13:06.470Z,2026-09-18T04:17:55.929Z
DEMO-DEV-2203,177,2022-10-09T12:45:26.653Z,2026-09-30T01:32:20.470Z
DEMO-DEV-2300,177,2022-10-01T19:29:09.466Z,2026-09-25T01:04:05.885Z
DEMO-DEV-2364,177,2022-10-20T23:38:51.087Z,2026-09-24T08:00:14.370Z
DEMO-DEV-2455,177,2022-10-03T12:29:03.470Z,2026-09-27T03:10:28.950Z
DEMO-DEV-2554,177,2022-10-03T04:05:48.786Z,2026-09-28T09:18:01.891Z
DEMO-DEV-2612,177,2022-10-07T12:05:11.804Z,2026-09-21T20:54:50.987Z
DEMO-DEV-2614,177,2022-10-16T18:23:22.879Z,2026-09-27T09:53:06.719Z
DEMO-DEV-2649,177,2022-10-10T21:20:19.950Z,2026-09-27T11:13:43.513Z
DEMO-DEV-2812,177,2022-10-10T09:24:24.264Z,2026-09-29T13:49:05.948Z
DEMO-DEV-2888,177,2022-10-02T00:45:39.646Z,2026-09-17T19:45:26.754Z
DEMO-DEV-3199,177,2022-10-03T09:53:30.597Z,2026-09-25T10:15:22.232Z
DEMO-DEV-3211,177,2022-10-06T05:08:23.966Z,2026-08-24T17:04:15.472Z
DEMO-DEV-3337,177,2022-10-02T22:04:23.189Z,2026-09-18T20:56:54.786Z
DEMO-DEV-3424,177,2022-10-22T09:55:31.254Z,2026-09-28T05:03:40.224Z
DEMO-DEV-3772,177,2022-10-04T02:40:01.692Z,2026-09-20T03:32:51.045Z
DEMO-DEV-3829,177,2022-10-03T00:38:20.752Z,2026-09-29T22:29:33.792Z
DEMO-DEV-3840,177,2022-11-05T21:10:16.976Z,2026-09-23T23:52:57.702Z
DEMO-DEV-3841,177,2022-10-05T04:54:36.226Z,2026-09-22T17:11:09.948Z
DEMO-DEV-3850,177,2022-10-08T10:29:37.989Z,2026-09-26T17:18:42.785Z
DEMO-DEV-3891,177,2022-10-07T06:22:44.204Z,2026-09-19T23:46:53.352Z
DEMO-DEV-3897,177,2022-10-15T00:40:03.843Z,2026-09-20T07:26:33.535Z
DEMO-DEV-3999,177,2022-10-24T14:45:06.989Z,2026-09-27T02:15:37.366Z
DEMO-DEV-4113,177,2022-10-24T00:04:03.976Z,2026-09-30T07:47:11.817Z
DEMO-DEV-4179,177,2022-10-11T12:28:01.614Z,2026-09-21T23:31:45.867Z
DEMO-DEV-4241,177,2022-10-13T06:20:50.221Z,2026-09-24T01:25:10.868Z
DEMO-DEV-4292,177,2022-10-12T00:08:10.289Z,2026-09-20T18:04:18.204Z
DEMO-DEV-4318,177,2022-10-04T05:24:32.792Z,2026-09-25T09:18:58.189Z
DEMO-DEV-4427,177,2022-11-16T00:41:58.139Z,2026-09-25T10:01:57.537Z
DEMO-DEV-4469,177,2022-10-19T04:55:58.646Z,2026-09-24T03:35:59.824Z
DEMO-DEV-4474,177,2022-10-06T17:37:28.063Z,2026-09-25T16:40:27.523Z
DEMO-DEV-4483,177,2022-10-03T17:51:57.319Z,2026-09-22T23:26:30.462Z
DEMO-DEV-4570,177,2022-10-06T00:11:23.842Z,2026-09-30T07:26:48.568Z
DEMO-DEV-4578,177,2022-10-12T05:44:32.428Z,2026-09-17T07:58:29.003Z
DEMO-DEV-4692,177,2022-10-07T10:23:58.524Z,2026-09-18T09:58:10.455Z
DEMO-DEV-4732,177,2022-10-05T00:44:38.446Z,2026-09-28T23:40:36.879Z
DEMO-DEV-4806,177,2022-10-08T04:02:51.966Z,2026-09-23T10:47:34.618Z
DEMO-DEV-4874,177,2022-10-13T20:31:44.428Z,2026-09-24T14:48:16.692Z
DEMO-DEV-4997,177,2022-10-04T16:37:25.597Z,2026-09-22T20:35:43.415Z
DEMO-DEV-5042,177,2022-10-29T20:21:07.648Z,2026-09-22T04:54:35.556Z
DEMO-DEV-5051,177,2022-10-05T16:50:16.738Z,2026-09-29T23:32:00.607Z
DEMO-DEV-5243,177,2022-10-09T04:47:16.225Z,2026-09-28T21:31:19.877Z
DEMO-DEV-5344,177,2022-10-21T18:27:27.605Z,2026-09-29T13:02:14.168Z
DEMO-DEV-5402,177,2022-10-28T02:02:35.300Z,2026-09-23T17:44:12.300Z
DEMO-DEV-5413,177,2022-10-02T01:38:46.308Z,2026-09-29T08:33:35.165Z
DEMO-DEV-5521,177,2022-10-21T06:55:30.368Z,2026-09-21T17:18:20.682Z
DEMO-DEV-5536,177,2022-10-17T20:42:08.614Z,2026-09-19T03:24:38.646Z
DEMO-DEV-5689,177,2022-10-06T07:31:07.778Z,2026-09-23T02:41:31.254Z
DEMO-DEV-5850,177,2022-10-06T17:08:47.557Z,2026-09-28T02:18:58.015Z
DEMO-DEV-5921,177,2022-10-02T06:47:47.503Z,2026-09-25T02:12:19.915Z
DEMO-DEV-5962,177,2022-10-05T11:26:55.646Z,2026-09-27T11:01:23.021Z
DEMO-DEV-5970,177,2022-10-05T05:19:32.160Z,2026-09-23T21:28:07.080Z
DEMO-DEV-6015,177,2022-10-13T18:08:01.211Z,2026-09-19T17:10:31.038Z
DEMO-DEV-6045,177,2022-10-26T06:08:15.254Z,2026-09-21T14:57:40.446Z
DEMO-DEV-6145,177,2022-10-02T05:07:54.015Z,2026-09-24T08:38:36.123Z
DEMO-DEV-6180,177,2022-10-12T23:52:51.948Z,2026-09-28T22:31:21.989Z
DEMO-DEV-6188,177,2022-10-02T01:33:18.057Z,2026-09-15T18:04:17.668Z
DEMO-DEV-6209,177,2022-10-05T03:30:33.799Z,2026-09-29T02:44:01.161Z
DEMO-DEV-6265,177,2022-10-09T17:08:21.368Z,2026-09-24T18:52:42.929Z
DEMO-DEV-6275,177,2022-10-15T06:36:20.446Z,2026-09-26T12:39:17.173Z
DEMO-DEV-6329,177,2022-10-07T06:30:05.472Z,2026-09-18T00:45:30.975Z
DEMO-DEV-6397,177,2022-10-07T02:14:37.778Z,2026-09-27T01:18:56.287Z
DEMO-DEV-6494,177,2022-10-07T20:43:08.666Z,2026-09-27T10:16:22.702Z
DEMO-DEV-6495,177,2022-10-10T10:07:52.250Z,2026-09-30T00:37:39.782Z
DEMO-DEV-6649,177,2022-10-06T10:50:10.254Z,2026-09-24T01:09:10.222Z
DEMO-DEV-6698,177,2022-10-02T21:44:22.976Z,2026-09-29T21:48:07.139Z
DEMO-DEV-7059,177,2022-10-16T01:11:11.653Z,2026-09-25T16:43:01.239Z
DEMO-DEV-7064,177,2022-10-02T19:23:10.969Z,2026-09-14T07:49:07.319Z
DEMO-DEV-7154,177,2022-10-03T16:49:44.879Z,2026-09-19T16:51:00.291Z
DEMO-DEV-7198,177,2022-10-05T09:15:20.134Z,2026-09-26T07:21:36.824Z
DEMO-DEV-7343,177,2022-10-01T19:31:34.792Z,2026-09-21T01:35:21.825Z
DEMO-DEV-7420,177,2022-10-28T10:35:31.120Z,2026-09-28T12:32:33.222Z
DEMO-DEV-7431,177,2022-10-02T10:35:55.138Z,2026-09-11T04:49:06.987Z
DEMO-DEV-7547,177,2022-10-03T08:20:57.221Z,2026-09-18T11:37:23.027Z
DEMO-DEV-7586,177,2022-10-03T19:57:58.234Z,2026-09-26T15:38:13.390Z
DEMO-DEV-7616,177,2022-10-04T10:40:58.352Z,2026-09-27T21:25:04.370Z
DEMO-DEV-7970,177,2022-10-16T01:18:20.846Z,2026-09-22T22:45:35.976Z
DEMO-DEV-8010,177,2022-10-04T11:24:00.817Z,2026-09-25T10:24:45.639Z
DEMO-DEV-8070,177,2022-10-05T06:57:07.607Z,2026-09-26T13:50:21.824Z
DEMO-DEV-8072,177,2022-10-22T06:38:47.692Z,2026-09-23T03:43:35.648Z
DEMO-DEV-8115,177,2022-10-06T11:01:40.403Z,2026-09-28T06:44:40.208Z
DEMO-DEV-8175,177,2022-10-04T08:24:13.391Z,2026-09-22T19:08:59.636Z
DEMO-DEV-8185,177,2022-10-10T08:18:38.727Z,2026-09-01T05:00:03.037Z
DEMO-DEV-8188,177,2022-10-01T16:16:05.462Z,2026-09-06T22:50:20.648Z
DEMO-DEV-8223,177,2022-10-05T11:28:53.428Z,2026-09-23T20:26:21.785Z
DEMO-DEV-8246,177,2022-10-05T02:29:00.865Z,2026-09-28T06:49:57.950Z
DEMO-DEV-8262,177,2022-10-06T15:06:05.391Z,2026-09-15T11:07:25.203Z
DEMO-DEV-8264,177,2022-10-01T23:03:50.841Z,2026-09-07T20:01:25.792Z
DEMO-DEV-8278,177,2022-10-24T00:14:06.793Z,2026-09-29T04:03:40.795Z
DEMO-DEV-8443,177,2022-10-06T23:42:20.366Z,2026-09-17T15:13:57.466Z
DEMO-DEV-8471,177,2022-10-03T07:08:26.014Z,2026-09-26T11:03:03.387Z
DEMO-DEV-8493,177,2022-10-14T03:50:35.037Z,2026-09-21T18:58:40.785Z
DEMO-DEV-8549,177,2022-10-14T13:46:01.203Z,2026-09-16T13:15:34.470Z
DEMO-DEV-8551,177,2022-10-09T18:02:08.692Z,2026-09-28T23:09:17.870Z
DEMO-DEV-8571,177,2022-10-01T14:44:57.288Z,2026-09-22T01:16:34.505Z
DEMO-DEV-8579,177,2022-11-04T12:23:35.692Z,2026-09-20T07:20:08.965Z
DEMO-DEV-8632,177,2022-10-01T12:45:49.535Z,2026-09-16T10:47:55.485Z
DEMO-DEV-8650,177,2022-10-03T23:01:06.368Z,2026-09-20T17:35:26.390Z
DEMO-DEV-8664,177,2022-10-02T15:46:57.846Z,2026-09-22T21:29:43.714Z
DEMO-DEV-8798,177,2022-10-04T19:28:06.500Z,2026-09-20T12:21:20.948Z
DEMO-DEV-9017,177,2022-10-05T13:11:50.851Z,2026-09-27T10:21:37.614Z
DEMO-DEV-9151,177,2022-10-05T19:48:13.357Z,2026-09-14T14:47:22.735Z
DEMO-DEV-9152,177,2022-10-02T13:28:52.976Z,2026-09-21T19:27:38.735Z
DEMO-DEV-9159,177,2022-10-15T11:39:40.735Z,2026-09-26T05:57:34.219Z
DEMO-DEV-9371,177,2022-10-02T13:28:44.792Z,2026-09-04T11:39:29.655Z
DEMO-DEV-9433,177,2022-10-01T13:26:12.851Z,2026-09-27T07:56:48.735Z
DEMO-DEV-9472,177,2022-10-03T22:40:17.138Z,2026-09-24T04:15:38.792Z
DEMO-DEV-9482,177,2022-10-01T12:17:02.219Z,2026-09-14T16:33:22.513Z
DEMO-DEV-9492,177,2022-10-02T21:25:49.992Z,2026-09-29T19:51:47.204Z
DEMO-DEV-9776,177,2022-10-08T14:58:54.254Z,2026-09-28T18:03:11.442Z
DEMO-DEV-9778,177,2022-10-04T12:24:29.752Z,2026-09-23T18:21:50.462Z
DEMO-DEV-9787,177,2022-10-02T20:35:24.511Z,2026-09-27T11:41:34.315Z
DEMO-DEV-0020,176,2022-10-12T23:17:20.208Z,2026-09-30T00:09:52.508Z
DEMO-DEV-0030,176,2022-11-14T14:36:15.987Z,2026-09-22T05:01:42.839Z
DEMO-DEV-0059,176,2022-10-22T17:19:25.646Z,2026-09-10T17:31:16.252Z
DEMO-DEV-0078,176,2022-10-08T00:16:27.661Z,2026-09-27T16:09:38.785Z
DEMO-DEV-0144,176,2022-10-07T15:36:09.892Z,2026-09-27T18:49:31.123Z
DEMO-DEV-0195,176,2022-10-02T10:33:48.173Z,2026-09-28T14:26:35.168Z
DEMO-DEV-0391,176,2022-10-06T23:31:14.884Z,2026-09-27T16:27:52.168Z
DEMO-DEV-0402,176,2022-10-13T00:08:26.337Z,2026-09-07T14:32:00.500Z
DEMO-DEV-0416,176,2022-10-08T04:48:26.782Z,2026-09-07T02:15:38.612Z
DEMO-DEV-0491,176,2022-10-07T13:21:37.948Z,2026-09-29T06:10:18.892Z
DEMO-DEV-0497,176,2022-10-03T06:51:38.057Z,2026-08-31T13:05:22.891Z
DEMO-DEV-0505,176,2022-10-01T14:53:24.688Z,2026-09-25T15:07:55.666Z
DEMO-DEV-0534,176,2022-10-10T09:55:13.537Z,2026-09-24T19:09:26.442Z
DEMO-DEV-0580,176,2022-10-01T16:38:35.653Z,2026-09-29T13:49:24.537Z
DEMO-DEV-0675,176,2022-10-14T02:33:00.319Z,2026-09-17T21:38:53.246Z
DEMO-DEV-0820,176,2022-10-05T09:05:09.578Z,2026-09-28T01:26:28.863Z
DEMO-DEV-0897,176,2022-11-23T00:03:43.804Z,2026-09-30T05:07:11.226Z
DEMO-DEV-0910,176,2022-10-26T15:50:42.205Z,2026-09-29T21:35:09.879Z
DEMO-DEV-0915,176,2022-10-16T05:04:29.352Z,2026-09-21T08:07:01.806Z
DEMO-DEV-0935,176,2022-10-04T14:52:07.765Z,2026-09-25T00:16:48.394Z
DEMO-DEV-1032,176,2022-10-31T07:22:05.799Z,2026-09-25T20:40:24.989Z
DEMO-DEV-1075,176,2022-10-04T06:12:47.778Z,2026-09-26T10:30:56.792Z
DEMO-DEV-1191,176,2022-10-04T13:06:19.568Z,2026-09-09T22:58:07.870Z
DEMO-DEV-1196,176,2022-10-05T20:12:50.795Z,2026-09-19T06:25:18.556Z
DEMO-DEV-1275,176,2022-10-05T11:11:47.370Z,2026-09-19T17:26:23.738Z
DEMO-DEV-1316,176,2022-10-03T16:36:07.165Z,2026-09-13T02:33:21.211Z
DEMO-DEV-1555,176,2022-10-20T04:13:50.014Z,2026-09-26T09:50:40.493Z
DEMO-DEV-1573,176,2022-10-05T08:20:26.236Z,2026-09-23T05:12:34.442Z
DEMO-DEV-1618,176,2022-10-02T10:59:28.390Z,2026-09-24T23:51:56.639Z
DEMO-DEV-1644,176,2022-10-06T03:50:00.599Z,2026-09-28T23:07:59.846Z
DEMO-DEV-1696,176,2022-10-13T19:46:43.288Z,2026-09-01T10:39:41.557Z
DEMO-DEV-1720,176,2022-10-27T17:25:07.446Z,2026-09-23T04:21:44.315Z
DEMO-DEV-1723,176,2022-10-10T08:03:51.403Z,2026-08-31T22:59:55.524Z
DEMO-DEV-1749,176,2022-10-11T20:11:34.443Z,2026-09-19T20:40:14.948Z
DEMO-DEV-2004,176,2022-10-01T16:46:57.754Z,2026-09-29T08:54:25.272Z
DEMO-DEV-2030,176,2022-10-17T22:44:01.799Z,2026-09-27T17:47:27.524Z
DEMO-DEV-2036,176,2022-10-11T19:27:40.075Z,2026-09-16T09:53:56.253Z
DEMO-DEV-2090,176,2022-10-05T20:59:20.218Z,2026-09-28T02:37:25.754Z
DEMO-DEV-2128,176,2022-10-28T07:01:52.500Z,2026-09-23T02:22:52.222Z
DEMO-DEV-2233,176,2022-11-11T06:12:53.037Z,2026-09-19T05:34:06.846Z
DEMO-DEV-2286,176,2022-10-04T11:30:45.300Z,2026-09-27T18:55:47.287Z
DEMO-DEV-2338,176,2022-10-04T05:36:21.172Z,2026-09-29T21:43:50.230Z
DEMO-DEV-2375,176,2022-10-06T00:39:49.612Z,2026-09-30T04:35:31.841Z
DEMO-DEV-2413,176,2022-10-05T12:05:09.252Z,2026-09-23T02:11:15.045Z
DEMO-DEV-2438,176,2022-10-21T03:59:40.892Z,2026-09-29T08:44:55.636Z
DEMO-DEV-2440,176,2022-10-29T12:18:03.390Z,2026-09-25T18:52:43.037Z
DEMO-DEV-2442,176,2022-10-03T23:14:23.714Z,2026-09-27T08:25:50.867Z
DEMO-DEV-2490,176,2022-10-05T06:15:16.599Z,2026-09-26T18:31:29.714Z
DEMO-DEV-2607,176,2022-10-03T19:26:14.817Z,2026-09-12T09:26:19.913Z
DEMO-DEV-2652,176,2022-10-01T16:30:18.692Z,2026-09-16T01:46:02.655Z
DEMO-DEV-2845,176,2022-10-01T10:25:09.015Z,2026-09-16T10:17:37.252Z
DEMO-DEV-2899,176,2022-10-11T00:48:39.785Z,2026-09-24T22:30:06.368Z
DEMO-DEV-2986,176,2022-10-05T03:06:59.319Z,2026-09-15T14:00:44.811Z
DEMO-DEV-2997,176,2022-10-01T13:40:35.291Z,2026-09-19T00:40:57.004Z
DEMO-DEV-2998,176,2022-10-03T17:21:52.843Z,2026-09-26T17:45:38.192Z
DEMO-DEV-3045,176,2022-10-15T09:22:52.727Z,2026-08-11T05:59:48.307Z
DEMO-DEV-3073,176,2022-10-09T09:32:54.236Z,2026-09-30T06:43:45.087Z
DEMO-DEV-3194,176,2022-10-04T06:31:24.254Z,2026-09-27T22:32:32.879Z
DEMO-DEV-3319,176,2022-10-20T00:11:56.246Z,2026-09-16T21:49:51.014Z
DEMO-DEV-3353,176,2022-10-06T09:12:47.300Z,2026-09-17T07:03:17.345Z
DEMO-DEV-3428,176,2022-10-11T08:30:16.992Z,2026-09-21T20:47:10.968Z
DEMO-DEV-3451,176,2022-10-11T11:40:04.446Z,2026-09-22T07:55:48.545Z
DEMO-DEV-3642,176,2022-10-04T03:48:59.354Z,2026-09-26T23:18:19.352Z
DEMO-DEV-3749,176,2022-10-10T22:52:05.230Z,2026-09-29T19:30:44.714Z
DEMO-DEV-3775,176,2022-10-05T09:19:23.824Z,2026-09-25T18:50:30.614Z
DEMO-DEV-3823,176,2022-10-12T20:39:13.969Z,2026-09-30T05:12:45.676Z
DEMO-DEV-3827,176,2022-10-01T09:23:52.370Z,2026-09-27T02:57:10.394Z
DEMO-DEV-3911,176,2022-10-11T01:58:09.307Z,2026-09-23T12:56:11.792Z
DEMO-DEV-4093,176,2022-10-07T13:22:10.612Z,2026-09-02T23:43:48.352Z
DEMO-DEV-4128,176,2022-10-07T23:13:09.524Z,2026-09-16T16:48:35.692Z
DEMO-DEV-4186,176,2022-10-23T17:03:48.524Z,2026-09-16T06:50:16.161Z
DEMO-DEV-4252,176,2022-10-09T17:00:49.026Z,2026-09-30T07:58:58.442Z
DEMO-DEV-4293,176,2022-10-07T14:31:30.825Z,2026-09-03T00:24:31.524Z
DEMO-DEV-4406,176,2022-10-01T11:23:18.442Z,2026-09-28T17:31:13.676Z
DEMO-DEV-4436,176,2022-10-27T08:03:16.556Z,2026-09-28T05:48:54.799Z
DEMO-DEV-4471,176,2022-10-04T10:14:00.226Z,2026-09-29T05:30:56.612Z
DEMO-DEV-4484,176,2022-10-05T08:30:41.836Z,2026-09-16T01:44:27.370Z
DEMO-DEV-4509,176,2022-10-02T02:33:46.004Z,2026-09-02T02:59:32.183Z
DEMO-DEV-4550,176,2022-10-18T23:00:09.929Z,2026-09-28T23:51:24.811Z
DEMO-DEV-4590,176,2022-10-10T23:34:06.793Z,2026-09-29T03:02:33.090Z
DEMO-DEV-4605,176,2022-10-24T15:49:58.222Z,2026-09-26T23:43:17.885Z
DEMO-DEV-4656,176,2022-10-05T04:17:52.272Z,2026-09-22T15:42:09.391Z
DEMO-DEV-4660,176,2022-10-02T22:16:11.692Z,2026-09-26T19:18:46.816Z
DEMO-DEV-4711,176,2022-10-08T01:06:27.915Z,2026-09-03T03:53:17.497Z
DEMO-DEV-4758,176,2022-10-06T15:07:39.926Z,2026-09-30T03:19:17.063Z
DEMO-DEV-4807,176,2022-10-10T15:37:29.584Z,2026-09-26T04:35:22.246Z
DEMO-DEV-4827,176,2022-10-02T11:48:21.230Z,2026-09-25T08:00:23.307Z
DEMO-DEV-4996,176,2022-10-27T02:33:38.879Z,2026-09-29T02:34:37.485Z
DEMO-DEV-5036,176,2022-10-15T08:18:31.859Z,2026-09-28T09:35:31.966Z
DEMO-DEV-5073,176,2022-10-10T20:13:35.190Z,2026-09-30T02:25:56.535Z
DEMO-DEV-5107,176,2022-10-20T23:33:09.817Z,2026-09-21T22:46:43.714Z
DEMO-DEV-5141,176,2022-10-18T10:19:09.264Z,2026-09-12T01:37:49.063Z
DEMO-DEV-5247,176,2022-10-05T02:32:17.992Z,2026-09-19T05:06:12.123Z
DEMO-DEV-5276,176,2022-10-12T15:28:19.497Z,2026-09-19T20:15:47.555Z
DEMO-DEV-5295,176,2022-10-03T10:17:20.612Z,2026-09-13T19:37:59.863Z
DEMO-DEV-5338,176,2022-10-08T08:09:50.272Z,2026-09-17T03:38:56.873Z
DEMO-DEV-5457,176,2022-10-02T22:53:30.868Z,2026-09-25T18:39:15.873Z
DEMO-DEV-5518,176,2022-10-12T05:01:07.394Z,2026-09-29T02:13:55.557Z
DEMO-DEV-5755,176,2022-10-06T10:22:03.370Z,2026-09-30T08:10:05.653Z
DEMO-DEV-5931,176,2022-10-07T01:30:11.387Z,2026-09-25T22:22:11.985Z
DEMO-DEV-6056,176,2022-10-06T06:21:36.806Z,2026-09-16T22:16:35.026Z
DEMO-DEV-6060,176,2022-10-03T13:33:09.090Z,2026-09-21T22:40:45.817Z
DEMO-DEV-6185,176,2022-10-06T00:05:15.843Z,2026-09-29T20:03:20.470Z
DEMO-DEV-6190,176,2022-10-10T15:42:17.915Z,2026-09-25T22:31:53.252Z
DEMO-DEV-6211,176,2022-10-18T15:53:05.173Z,2026-09-27T21:54:10.917Z
DEMO-DEV-6288,176,2022-10-08T13:16:34.513Z,2026-09-20T15:20:41.824Z
DEMO-DEV-6312,176,2022-10-29T07:24:30.692Z,2026-09-30T07:05:43.040Z
DEMO-DEV-6360,176,2022-10-03T21:13:35.535Z,2026-09-28T09:38:23.926Z
DEMO-DEV-6405,176,2022-10-10T14:09:32.204Z,2026-09-22T14:06:27.879Z
DEMO-DEV-6487,176,2022-10-02T08:06:45.975Z,2026-09-30T00:04:23.658Z
DEMO-DEV-6582,176,2022-10-12T11:14:14.167Z,2026-09-26T03:53:51.765Z
DEMO-DEV-6656,176,2022-10-08T19:00:55.891Z,2026-09-20T10:30:39.222Z
DEMO-DEV-6674,176,2022-10-07T01:08:50.968Z,2026-09-06T07:12:37.702Z
DEMO-DEV-6733,176,2022-10-06T19:03:07.843Z,2026-09-17T07:32:02.264Z
DEMO-DEV-6746,176,2022-10-14T13:21:29.688Z,2026-09-28T04:49:40.015Z
DEMO-DEV-6889,176,2022-10-13T10:09:03.966Z,2026-09-22T10:37:49.992Z
DEMO-DEV-6892,176,2022-10-05T16:25:15.224Z,2026-09-12T21:59:17.234Z
DEMO-DEV-6926,176,2022-10-06T11:35:31.319Z,2026-09-19T22:16:05.345Z
DEMO-DEV-6946,176,2022-10-20T10:31:55.021Z,2026-09-28T19:52:50.368Z
DEMO-DEV-6980,176,2022-10-03T13:37:08.442Z,2026-09-12T10:36:35.442Z
DEMO-DEV-6994,176,2022-10-03T16:49:04.867Z,2026-09-23T13:22:07.519Z
DEMO-DEV-7045,176,2022-10-11T21:59:32.505Z,2026-08-30T02:56:09.891Z
DEMO-DEV-7050,176,2022-10-02T09:51:58.917Z,2026-09-26T15:52:00.702Z
DEMO-DEV-7139,176,2022-10-22T07:08:11.989Z,2026-09-25T13:02:42.298Z
DEMO-DEV-7204,176,2022-10-08T01:14:13.765Z,2026-09-22T06:43:04.167Z
DEMO-DEV-7242,176,2022-11-17T12:18:40.024Z,2026-09-21T11:02:46.026Z
DEMO-DEV-7379,176,2022-10-04T21:20:30.975Z,2026-09-08T12:17:08.394Z
DEMO-DEV-7396,176,2022-10-02T09:38:31.738Z,2026-09-19T08:45:15.021Z
DEMO-DEV-7660,176,2022-10-04T00:28:22.302Z,2026-09-17T09:25:57.466Z
DEMO-DEV-7721,176,2022-10-03T10:27:03.985Z,2026-09-30T07:58:34.026Z
DEMO-DEV-7725,176,2022-10-04T16:31:48.974Z,2026-09-26T15:49:58.208Z
DEMO-DEV-7827,176,2022-10-03T15:29:35.839Z,2026-09-26T19:40:27.614Z
DEMO-DEV-7834,176,2022-10-03T04:53:18.803Z,2026-09-08T04:35:03.222Z
DEMO-DEV-7860,176,2022-10-03T13:36:13.057Z,2026-09-27T03:41:01.236Z
DEMO-DEV-7867,176,2022-10-05T06:04:39.974Z,2026-09-20T22:15:36.535Z
DEMO-DEV-7910,176,2022-10-04T18:10:43.345Z,2026-09-28T05:54:32.607Z
DEMO-DEV-7957,176,2022-10-18T06:54:14.825Z,2026-09-29T08:23:47.885Z
DEMO-DEV-7977,176,2022-10-17T09:45:27.027Z,2026-09-24T19:45:27.714Z
DEMO-DEV-8105,176,2022-10-02T03:37:13.658Z,2026-09-24T06:06:09.027Z
DEMO-DEV-8178,176,2022-10-02T12:53:06.302Z,2026-09-27T19:17:49.219Z
DEMO-DEV-8193,176,2022-10-07T13:22:47.989Z,2026-09-26T18:42:49.778Z
DEMO-DEV-8238,176,2022-10-12T16:19:15.402Z,2026-09-25T17:33:46.150Z
DEMO-DEV-8269,176,2022-10-07T01:06:12.948Z,2026-09-22T23:19:27.968Z
DEMO-DEV-8298,176,2022-10-01T16:47:26.929Z,2026-09-24T13:45:12.134Z
DEMO-DEV-8425,176,2022-10-01T12:30:36.865Z,2026-09-01T07:49:44.605Z
DEMO-DEV-8460,176,2022-10-09T00:23:34.470Z,2026-09-24T18:03:22.390Z
DEMO-DEV-8478,176,2022-10-02T17:36:59.892Z,2026-09-17T19:30:47.513Z
DEMO-DEV-8505,176,2022-10-04T14:02:23.366Z,2026-09-27T18:15:34.428Z
DEMO-DEV-8514,176,2022-10-05T10:46:31.307Z,2026-09-27T08:52:05.026Z
DEMO-DEV-8589,176,2022-10-09T20:43:22.976Z,2026-09-19T09:52:41.682Z
DEMO-DEV-8590,176,2022-10-04T14:50:52.307Z,2026-09-26T09:31:45.160Z
DEMO-DEV-8665,176,2022-10-10T00:00:20.914Z,2026-09-28T02:04:46.236Z
DEMO-DEV-8683,176,2022-10-02T20:35:31.308Z,2026-09-22T01:42:32.165Z
DEMO-DEV-8706,176,2022-10-03T20:49:32.219Z,2026-09-26T16:58:29.966Z
DEMO-DEV-8949,176,2022-10-04T06:39:26.702Z,2026-09-29T01:38:39.446Z
DEMO-DEV-9021,176,2022-10-04T01:05:54.390Z,2026-09-28T10:42:01.090Z
DEMO-DEV-9025,176,2022-10-11T11:35:34.842Z,2026-09-28T19:46:08.298Z
DEMO-DEV-9098,176,2022-10-06T15:53:02.387Z,2026-09-09T12:22:13.138Z
DEMO-DEV-9170,176,2022-10-24T15:14:01.508Z,2026-09-11T21:26:48.134Z
DEMO-DEV-9174,176,2022-10-01T14:49:08.782Z,2026-09-10T17:41:17.825Z
DEMO-DEV-9193,176,2022-10-04T05:38:01.268Z,2026-09-29T19:04:00.612Z
DEMO-DEV-9213,176,2022-10-10T21:51:15.120Z,2026-09-12T09:39:52.859Z
DEMO-DEV-9220,176,2022-10-20T15:01:58.045Z,2026-09-26T14:03:56.075Z
DEMO-DEV-9298,176,2022-11-10T08:20:39.038Z,2026-09-24T02:21:19.063Z
DEMO-DEV-9377,176,2022-10-17T23:55:55.782Z,2026-09-22T21:41:52.599Z
DEMO-DEV-9422,176,2022-10-08T22:58:24.402Z,2026-09-20T10:09:17.023Z
DEMO-DEV-9426,176,2022-10-12T08:39:19.239Z,2026-09-28T01:27:22.239Z
DEMO-DEV-9437,176,2022-10-02T23:17:36.287Z,2026-09-25T21:24:30.929Z
DEMO-DEV-9448,176,2022-10-01T13:47:24.658Z,2026-09-20T13:39:34.165Z
DEMO-DEV-9494,176,2022-10-08T07:40:52.219Z,2026-09-18T21:59:39.345Z
DEMO-DEV-9565,176,2022-10-08T15:36:35.291Z,2026-09-28T05:27:20.139Z
DEMO-DEV-9578,176,2022-10-02T07:27:25.307Z,2026-09-28T23:45:17.287Z
DEMO-DEV-9796,176,2022-10-10T20:00:17.503Z,2026-09-28T03:19:09.653Z
DEMO-DEV-9871,176,2022-10-10T02:04:41.864Z,2026-09-27T17:51:01.397Z
DEMO-DEV-9930,176,2022-10-09T18:35:12.824Z,2026-09-14T05:33:45.513Z
DEMO-DEV-0055,175,2022-10-23T07:43:33.966Z,2026-09-21T18:34:56.308Z
DEMO-DEV-0060,175,2022-10-09T11:14:44.073Z,2026-09-28T01:36:35.403Z
DEMO-DEV-0186,175,2022-10-04T21:27:24.870Z,2026-09-27T22:26:30.682Z
DEMO-DEV-0224,175,2022-10-22T06:30:18.806Z,2026-09-28T21:53:00.523Z
DEMO-DEV-0226,175,2022-10-11T17:35:00.636Z,2026-09-29T02:08:28.803Z
DEMO-DEV-0311,175,2022-10-07T22:21:50.754Z,2026-09-20T13:40:31.868Z
DEMO-DEV-0322,175,2022-10-05T11:08:10.403Z,2026-09-26T13:09:32.738Z
DEMO-DEV-0340,175,2022-10-06T01:20:38.021Z,2026-09-19T18:47:12.345Z
DEMO-DEV-0366,175,2022-10-04T11:21:07.307Z,2026-09-22T17:29:43.825Z
DEMO-DEV-0396,175,2022-10-08T19:03:06.230Z,2026-09-29T18:30:40.636Z
DEMO-DEV-0414,175,2022-10-10T16:56:49.308Z,2026-09-17T22:41:50.765Z
DEMO-DEV-0616,175,2022-10-18T12:24:54.545Z,2026-09-16T00:26:02.503Z
DEMO-DEV-0725,175,2022-10-13T15:11:13.555Z,2026-09-28T12:19:18.785Z
DEMO-DEV-0800,175,2022-10-05T08:56:34.612Z,2026-09-26T22:09:12.288Z
DEMO-DEV-0832,175,2022-10-11T02:50:02.727Z,2026-09-30T05:30:24.816Z
DEMO-DEV-0836,175,2022-10-01T12:56:19.073Z,2026-09-27T08:42:37.682Z
DEMO-DEV-0959,175,2022-10-09T20:30:47.676Z,2026-09-15T12:16:47.503Z
DEMO-DEV-0983,175,2022-10-10T23:34:41.038Z,2026-09-22T22:30:58.865Z
DEMO-DEV-1027,175,2022-10-20T05:19:34.211Z,2026-09-29T22:29:35.891Z
DEMO-DEV-1120,175,2022-10-17T08:30:34.403Z,2026-09-24T19:28:15.752Z
DEMO-DEV-1131,175,2022-10-02T17:52:48.087Z,2026-09-12T16:06:06.252Z
DEMO-DEV-1132,175,2022-10-13T17:16:20.519Z,2026-09-20T21:07:24.250Z
DEMO-DEV-1174,175,2022-10-02T00:41:28.288Z,2026-09-17T05:28:46.870Z
DEMO-DEV-1237,175,2022-10-01T18:46:45.778Z,2026-09-29T10:24:43.557Z
DEMO-DEV-1337,175,2022-10-12T05:58:26.203Z,2026-09-07T22:06:29.676Z
DEMO-DEV-1456,175,2022-11-11T01:32:32.003Z,2026-09-21T10:45:45.409Z
DEMO-DEV-1460,175,2022-10-31T09:42:47.985Z,2026-09-29T18:13:58.655Z
DEMO-DEV-1514,175,2022-10-10T10:33:41.397Z,2026-09-24T21:58:40.545Z
DEMO-DEV-1519,175,2022-10-05T00:49:27.298Z,2026-09-21T22:07:13.500Z
DEMO-DEV-1561,175,2022-10-07T05:01:21.646Z,2026-09-27T05:03:48.264Z
DEMO-DEV-1589,175,2022-10-04T02:49:00.087Z,2026-09-27T16:11:45.702Z
DEMO-DEV-1603,175,2022-10-04T08:55:42.792Z,2026-09-19T18:24:03.803Z
DEMO-DEV-1766,175,2022-10-02T13:21:53.915Z,2026-08-14T21:03:36.987Z
DEMO-DEV-1800,175,2022-10-03T12:19:05.816Z,2026-09-11T15:46:30.352Z
DEMO-DEV-1866,175,2022-10-03T04:10:36.443Z,2026-09-12T21:19:08.183Z
DEMO-DEV-1880,175,2022-10-02T08:58:07.965Z,2026-08-29T03:43:33.150Z
DEMO-DEV-2027,175,2022-10-05T18:52:56.891Z,2026-09-21T19:24:59.503Z
DEMO-DEV-2152,175,2022-10-09T11:12:39.702Z,2026-09-20T11:45:33.460Z
DEMO-DEV-2210,175,2022-10-05T17:48:57.785Z,2026-09-29T01:29:40.357Z
DEMO-DEV-2311,175,2022-10-05T21:13:38.778Z,2026-09-24T01:54:07.949Z
DEMO-DEV-2403,175,2022-10-01T23:27:11.782Z,2026-09-28T04:59:06.795Z
DEMO-DEV-2404,175,2022-10-05T01:31:34.599Z,2026-09-30T01:03:12.811Z
DEMO-DEV-2552,175,2022-10-03T09:16:54.165Z,2026-09-14T17:59:10.877Z
DEMO-DEV-2601,175,2022-10-19T10:04:40.172Z,2026-08-30T08:10:01.524Z
DEMO-DEV-2638,175,2022-10-02T01:59:57.246Z,2026-09-29T09:45:47.203Z
DEMO-DEV-2677,175,2022-10-26T00:35:15.949Z,2026-09-21T09:01:55.926Z
DEMO-DEV-2687,175,2022-10-23T15:06:41.914Z,2026-09-19T11:17:08.391Z
DEMO-DEV-2810,175,2022-10-05T00:38:30.319Z,2026-09-18T04:02:23.391Z
DEMO-DEV-2816,175,2022-10-05T23:59:19.597Z,2026-09-29T23:03:01.211Z
DEMO-DEV-2826,175,2022-10-30T02:07:30.825Z,2026-09-27T18:15:39.219Z
DEMO-DEV-2951,175,2022-10-09T14:19:26.817Z,2026-09-29T07:54:40.870Z
DEMO-DEV-2975,175,2022-10-09T17:23:40.234Z,2026-09-20T17:49:08.668Z
DEMO-DEV-2979,175,2022-10-25T10:49:23.287Z,2026-09-29T04:40:51.646Z
DEMO-DEV-2980,175,2022-10-11T20:05:01.234Z,2026-09-28T05:47:34.397Z
DEMO-DEV-2989,175,2022-10-09T18:05:09.891Z,2026-09-29T12:55:45.646Z
DEMO-DEV-3083,175,2022-10-03T14:25:14.948Z,2026-09-10T22:03:44.599Z
DEMO-DEV-3107,175,2022-10-28T18:02:36.599Z,2026-09-05T07:29:00.015Z
DEMO-DEV-3181,175,2022-10-02T14:24:49.913Z,2026-09-27T11:27:13.842Z
DEMO-DEV-3227,175,2022-10-05T06:24:37.075Z,2026-09-27T10:47:13.161Z
DEMO-DEV-3245,175,2022-10-25T09:14:34.462Z,2026-09-22T23:32:55.004Z
DEMO-DEV-3257,175,2022-10-09T06:00:47.816Z,2026-09-16T12:40:08.535Z
DEMO-DEV-3316,175,2022-10-02T02:44:49.057Z,2026-08-29T00:02:15.987Z
DEMO-DEV-3329,175,2022-10-05T22:48:47.578Z,2026-09-25T14:23:59.315Z
DEMO-DEV-3370,175,2022-10-01T19:50:21.974Z,2026-09-04T07:20:55.948Z
DEMO-DEV-3400,175,2022-10-02T08:23:14.817Z,2026-09-27T08:33:59.037Z
DEMO-DEV-3432,175,2022-10-01T13:28:18.500Z,2026-09-28T08:57:28.719Z
DEMO-DEV-3652,175,2022-10-08T22:01:19.466Z,2026-09-13T13:04:10.040Z
DEMO-DEV-3657,175,2022-10-07T18:23:47.300Z,2026-09-23T19:41:56.891Z
DEMO-DEV-3959,175,2022-10-05T06:02:49.087Z,2026-09-17T16:24:43.968Z
DEMO-DEV-3970,175,2022-10-03T12:02:01.929Z,2026-09-30T00:59:51.272Z
DEMO-DEV-3995,175,2022-10-02T05:08:51.470Z,2026-09-21T09:35:49.264Z
DEMO-DEV-4009,175,2022-10-03T06:08:30.203Z,2026-09-25T05:42:04.806Z
DEMO-DEV-4165,175,2022-11-12T15:55:00.568Z,2026-09-27T13:11:18.472Z
DEMO-DEV-4182,175,2022-10-06T11:00:49.785Z,2026-09-27T13:17:22.289Z
DEMO-DEV-4209,175,2022-10-02T03:21:11.584Z,2026-09-19T10:51:51.655Z
DEMO-DEV-4217,175,2022-10-02T11:27:47.409Z,2026-09-20T05:51:14.225Z
DEMO-DEV-4255,175,2022-10-25T01:46:18.735Z,2026-09-20T00:33:59.929Z
DEMO-DEV-4346,175,2022-10-01T21:39:49.225Z,2026-09-15T17:16:50.646Z
DEMO-DEV-4403,175,2022-10-06T10:49:53.057Z,2026-09-29T03:45:45.806Z
DEMO-DEV-4446,175,2022-10-08T05:39:55.250Z,2026-09-09T15:57:46.239Z
DEMO-DEV-4475,175,2022-10-02T22:42:39.307Z,2026-09-29T20:45:08.975Z
DEMO-DEV-4571,175,2022-10-08T01:30:53.976Z,2026-09-23T20:11:03.785Z
DEMO-DEV-4574,175,2022-10-12T23:10:12.524Z,2026-09-19T00:44:12.155Z
DEMO-DEV-4585,175,2022-10-02T04:14:36.738Z,2026-09-27T17:19:56.370Z
DEMO-DEV-4604,175,2022-10-03T19:29:42.668Z,2026-09-22T03:48:46.884Z
DEMO-DEV-4640,175,2022-10-07T10:12:39.446Z,2026-09-27T19:02:25.975Z
DEMO-DEV-4648,175,2022-10-07T20:09:30.038Z,2026-09-28T11:27:07.782Z
DEMO-DEV-4687,175,2022-10-04T21:01:22.710Z,2026-09-24T12:36:38.307Z
DEMO-DEV-4698,175,2022-10-08T16:34:06.250Z,2026-09-24T11:36:41.511Z
DEMO-DEV-4727,175,2022-10-02T22:11:36.230Z,2026-09-23T05:48:38.985Z
DEMO-DEV-4740,175,2022-10-20T12:41:39.702Z,2026-09-21T00:32:42.968Z
DEMO-DEV-4808,175,2022-10-01T23:51:35.816Z,2026-09-09T15:51:37.892Z
DEMO-DEV-4958,175,2022-10-07T04:22:32.307Z,2026-09-19T18:06:20.913Z
DEMO-DEV-5001,175,2022-10-16T12:46:22.172Z,2026-09-02T19:39:56.268Z
DEMO-DEV-5169,175,2022-10-06T01:14:09.037Z,2026-09-22T06:18:53.556Z
DEMO-DEV-5183,175,2022-10-16T22:47:47.203Z,2026-09-28T12:08:11.150Z
DEMO-DEV-5204,175,2022-10-27T18:52:10.026Z,2026-09-28T16:15:46.666Z
DEMO-DEV-5224,175,2022-10-08T01:08:05.503Z,2026-09-22T18:22:14.842Z
DEMO-DEV-5242,175,2022-10-02T04:26:55.950Z,2026-09-28T01:36:34.816Z
DEMO-DEV-5253,175,2022-10-04T11:59:17.793Z,2026-09-26T19:18:07.676Z
DEMO-DEV-5316,175,2022-10-06T14:37:45.917Z,2026-09-17T07:13:02.557Z
DEMO-DEV-5422,175,2022-10-12T18:12:47.442Z,2026-09-28T17:43:07.591Z
DEMO-DEV-5449,175,2022-10-18T11:47:44.337Z,2026-09-22T07:56:53.702Z
DEMO-DEV-5564,175,2022-10-08T01:56:47.806Z,2026-09-24T21:23:57.442Z
DEMO-DEV-5605,175,2022-10-04T10:44:30.120Z,2026-09-28T02:27:46.357Z
DEMO-DEV-5628,175,2022-10-09T06:59:18.867Z,2026-09-23T10:19:22.077Z
DEMO-DEV-5645,175,2022-10-13T20:01:48.368Z,2026-09-26T22:25:26.300Z
DEMO-DEV-5669,175,2022-10-08T00:01:38.409Z,2026-09-26T01:34:21.811Z
DEMO-DEV-5715,175,2022-10-14T20:18:54.150Z,2026-09-13T22:36:19.224Z
DEMO-DEV-5780,175,2022-10-02T19:48:38.655Z,2026-09-24T18:44:02.015Z
DEMO-DEV-5821,175,2022-10-08T02:28:03.975Z,2026-09-23T07:08:22.015Z
DEMO-DEV-5832,175,2022-10-03T07:06:18.817Z,2026-09-24T12:04:32.357Z
DEMO-DEV-5875,175,2022-10-04T07:09:20.527Z,2026-09-18T14:59:22.289Z
DEMO-DEV-5885,175,2022-10-05T09:28:41.842Z,2026-09-26T08:06:34.556Z
DEMO-DEV-5901,175,2022-10-01T15:06:09.221Z,2026-09-15T09:19:01.989Z
DEMO-DEV-5918,175,2022-10-16T11:17:15.203Z,2026-09-29T02:47:09.702Z
DEMO-DEV-5920,175,2022-10-03T02:21:01.646Z,2026-09-26T11:14:26.913Z
DEMO-DEV-5944,175,2022-10-01T22:00:26.618Z,2026-09-20T12:05:18.817Z
DEMO-DEV-6054,175,2022-10-18T12:10:55.607Z,2026-09-22T12:42:12.519Z
DEMO-DEV-6059,175,2022-10-13T10:49:15.846Z,2026-09-20T01:49:44.655Z
DEMO-DEV-6096,175,2022-10-02T03:04:31.851Z,2026-09-22T20:18:52.500Z
DEMO-DEV-6197,175,2022-10-03T23:00:17.075Z,2026-09-29T18:00:33.462Z
DEMO-DEV-6233,175,2022-10-03T00:49:52.139Z,2026-09-29T04:40:52.891Z
DEMO-DEV-6246,175,2022-10-12T21:20:36.264Z,2026-08-29T23:45:00.120Z
DEMO-DEV-6256,175,2022-10-06T00:31:43.692Z,2026-09-29T07:22:30.319Z
DEMO-DEV-6272,175,2022-10-09T12:41:29.460Z,2026-09-27T16:58:25.824Z
DEMO-DEV-6276,175,2022-10-05T23:09:40.403Z,2026-09-25T22:07:55.785Z
DEMO-DEV-6330,175,2022-10-30T14:42:45.754Z,2026-09-09T10:48:34.165Z
DEMO-DEV-6341,175,2022-10-04T00:11:37.824Z,2026-09-29T14:02:12.307Z
DEMO-DEV-6359,175,2022-10-06T14:24:02.172Z,2026-09-15T02:30:13.172Z
DEMO-DEV-6541,175,2022-10-01T10:47:29.591Z,2026-09-07T12:11:41.519Z
DEMO-DEV-6559,175,2022-10-02T08:09:36.511Z,2026-09-29T08:48:56.272Z
DEMO-DEV-6608,175,2022-10-01T09:51:30.218Z,2026-09-01T14:54:51.636Z
DEMO-DEV-6621,175,2022-10-13T04:20:15.134Z,2026-09-25T12:21:54.917Z
DEMO-DEV-6702,175,2022-10-12T09:15:55.851Z,2026-09-28T23:39:06.390Z
DEMO-DEV-6728,175,2022-10-15T00:21:21.428Z,2026-09-24T13:12:42.203Z
DEMO-DEV-6944,175,2022-10-04T20:52:59.252Z,2026-09-16T08:06:11.250Z
DEMO-DEV-7014,175,2022-10-05T04:30:12.080Z,2026-09-27T12:37:58.428Z
DEMO-DEV-7061,175,2022-10-12T00:03:01.203Z,2026-09-29T12:49:48.974Z
DEMO-DEV-7103,175,2022-10-09T15:59:27.806Z,2026-09-28T18:52:07.455Z
DEMO-DEV-7200,175,2022-10-03T15:53:11.246Z,2026-09-29T18:52:48.319Z
DEMO-DEV-7276,175,2022-10-15T19:00:14.786Z,2026-09-21T21:19:51.612Z
DEMO-DEV-7314,175,2022-10-17T19:51:34.225Z,2026-09-17T03:34:32.138Z
DEMO-DEV-7445,175,2022-10-10T06:28:14.782Z,2026-09-24T07:05:31.254Z
DEMO-DEV-7502,175,2022-10-24T22:04:46.537Z,2026-09-21T03:48:54.870Z
DEMO-DEV-7543,175,2022-10-06T16:17:17.462Z,2026-09-26T09:14:12.232Z
DEMO-DEV-7592,175,2022-10-06T01:49:35.976Z,2026-09-24T20:55:29.302Z
DEMO-DEV-7594,175,2022-10-07T06:32:36.877Z,2026-09-21T12:21:24.824Z
DEMO-DEV-7809,175,2022-10-02T00:48:02.816Z,2026-09-18T13:55:52.203Z
DEMO-DEV-7880,175,2022-10-08T00:35:30.307Z,2026-09-27T13:49:42.914Z
DEMO-DEV-7934,175,2022-10-06T07:11:17.811Z,2026-09-28T19:54:32.682Z
DEMO-DEV-7938,175,2022-10-30T03:49:48.842Z,2026-09-11T15:43:19.232Z
DEMO-DEV-7984,175,2022-10-02T23:54:14.442Z,2026-09-16T11:29:16.366Z
DEMO-DEV-8097,175,2022-10-02T02:47:39.614Z,2026-09-25T22:59:41.246Z
DEMO-DEV-8126,175,2022-10-12T10:58:21.446Z,2026-09-26T15:38:47.568Z
DEMO-DEV-8179,175,2022-10-09T02:06:41.614Z,2026-09-13T20:22:52.300Z
DEMO-DEV-8187,175,2022-10-09T13:49:10.778Z,2026-09-16T12:58:07.204Z
DEMO-DEV-8237,175,2022-10-19T18:21:23.308Z,2026-09-25T14:46:03.289Z
DEMO-DEV-8319,175,2022-10-04T18:22:08.190Z,2026-09-24T23:33:29.523Z
DEMO-DEV-8350,175,2022-11-10T21:17:36.357Z,2026-09-28T07:31:14.612Z
DEMO-DEV-8385,175,2022-11-02T01:26:43.291Z,2026-09-25T13:54:09.238Z
DEMO-DEV-8431,175,2022-10-03T12:08:32.968Z,2026-09-22T17:04:24.511Z
DEMO-DEV-8737,175,2022-10-27T05:28:16.239Z,2026-09-14T19:56:53.288Z
DEMO-DEV-8915,175,2022-10-13T13:48:59.786Z,2026-09-29T08:01:45.120Z
DEMO-DEV-8919,175,2022-10-07T01:44:48.403Z,2026-08-17T10:02:25.786Z
DEMO-DEV-9031,175,2022-10-05T19:46:19.183Z,2026-09-26T03:30:26.268Z
DEMO-DEV-9075,175,2022-10-05T05:46:59.239Z,2026-09-26T09:02:52.688Z
DEMO-DEV-9111,175,2022-10-04T17:17:21.357Z,2026-09-28T11:26:27.192Z
DEMO-DEV-9142,175,2022-10-10T21:47:55.357Z,2026-09-23T09:35:47.842Z
DEMO-DEV-9185,175,2022-10-13T07:43:43.160Z,2026-09-21T13:39:06.503Z
DEMO-DEV-9241,175,2022-10-03T08:54:15.234Z,2026-09-24T18:08:59.816Z
DEMO-DEV-9345,175,2022-10-04T11:15:47.470Z,2026-09-23T19:20:52.037Z
DEMO-DEV-9357,175,2022-10-16T22:51:13.976Z,2026-08-23T06:42:42.014Z
DEMO-DEV-9517,175,2022-10-21T02:14:56.884Z,2026-09-21T21:47:36.966Z
DEMO-DEV-9550,175,2022-10-06T09:19:33.203Z,2026-09-23T06:23:22.037Z
DEMO-DEV-9668,175,2022-10-06T11:22:43.139Z,2026-09-18T03:14:45.354Z
DEMO-DEV-9680,175,2022-10-06T06:27:42.870Z,2026-09-27T02:52:18.661Z
DEMO-DEV-9798,175,2022-10-05T22:19:44.846Z,2026-09-29T10:10:03.784Z
DEMO-DEV-9829,175,2022-10-14T18:07:00.782Z,2026-09-24T07:49:32.974Z
DEMO-DEV-9844,175,2022-10-08T00:27:57.989Z,2026-09-23T21:22:55.612Z
DEMO-DEV-9920,175,2022-10-01T23:25:58.811Z,2026-09-11T19:45:02.366Z
DEMO-DEV-0153,174,2022-10-07T22:13:12.370Z,2026-09-28T06:13:21.472Z
DEMO-DEV-0175,174,2022-10-06T12:53:05.842Z,2026-09-23T08:59:48.702Z
DEMO-DEV-0225,174,2022-10-04T21:39:01.965Z,2026-09-21T13:26:36.605Z
DEMO-DEV-0238,174,2022-10-09T20:46:11.368Z,2026-09-05T06:17:03.989Z
DEMO-DEV-0308,174,2022-10-02T17:44:45.710Z,2026-09-23T20:38:53.291Z
DEMO-DEV-0320,174,2022-10-22T20:43:36.735Z,2026-09-19T14:31:26.462Z
DEMO-DEV-0378,174,2022-10-13T09:40:19.192Z,2026-08-30T23:55:23.236Z
DEMO-DEV-0392,174,2022-10-05T16:51:12.879Z,2026-09-21T20:29:40.648Z
DEMO-DEV-0409,174,2022-10-23T11:34:32.264Z,2026-09-02T14:59:11.120Z
DEMO-DEV-0485,174,2022-10-07T21:21:42.842Z,2026-09-28T01:12:28.077Z
DEMO-DEV-0585,174,2022-10-08T09:05:43.254Z,2026-09-24T15:23:55.390Z
DEMO-DEV-0597,174,2022-10-08T00:41:16.004Z,2026-09-24T13:16:08.793Z
DEMO-DEV-0671,174,2022-10-02T12:55:04.825Z,2026-09-27T16:28:18.192Z
DEMO-DEV-0744,174,2022-10-15T21:30:03.523Z,2026-09-22T15:53:16.639Z
DEMO-DEV-0853,174,2022-10-11T08:49:07.470Z,2026-09-26T18:27:44.824Z
DEMO-DEV-0914,174,2022-10-04T05:40:04.653Z,2026-09-19T21:45:02.225Z
DEMO-DEV-0954,174,2022-10-12T09:27:49.806Z,2026-09-24T21:33:41.254Z
DEMO-DEV-1021,174,2022-10-10T15:15:33.063Z,2026-09-29T07:15:38.648Z
DEMO-DEV-1056,174,2022-10-01T11:57:14.653Z,2026-09-20T15:29:46.605Z
DEMO-DEV-1098,174,2022-10-02T10:26:04.614Z,2026-09-26T21:01:58.658Z
DEMO-DEV-1197,174,2022-10-06T14:43:12.239Z,2026-09-24T06:04:43.045Z
DEMO-DEV-1205,174,2022-10-01T14:34:43.865Z,2026-09-21T23:40:26.246Z
DEMO-DEV-1273,174,2022-10-08T17:20:30.337Z,2026-09-28T19:53:09.799Z
DEMO-DEV-1334,174,2022-10-10T01:47:48.989Z,2026-09-14T08:49:20.234Z
DEMO-DEV-1399,174,2022-10-04T19:44:28.597Z,2026-09-29T01:29:21.646Z
DEMO-DEV-1484,174,2022-10-15T17:58:10.719Z,2026-09-26T15:50:07.221Z
DEMO-DEV-1498,174,2022-10-10T04:17:02.357Z,2026-09-22T13:12:40.345Z
DEMO-DEV-1509,174,2022-10-10T07:53:03.352Z,2026-09-29T03:17:30.661Z
DEMO-DEV-1568,174,2022-10-16T12:48:29.352Z,2026-09-20T00:03:01.782Z
DEMO-DEV-1647,174,2022-10-03T00:08:03.636Z,2026-09-25T17:09:43.765Z
DEMO-DEV-1660,174,2022-10-05T18:41:00.792Z,2026-09-28T10:23:13.884Z
DEMO-DEV-1726,174,2022-10-02T18:35:55.183Z,2026-09-05T04:18:17.885Z
DEMO-DEV-1820,174,2022-10-12T16:32:34.366Z,2026-09-27T18:46:34.500Z
DEMO-DEV-1855,174,2022-10-06T02:29:09.523Z,2026-09-29T22:26:46.929Z
DEMO-DEV-1903,174,2022-10-01T15:36:53.221Z,2026-09-27T13:30:31.254Z
DEMO-DEV-1905,174,2022-10-03T10:17:07.793Z,2026-09-29T08:48:13.976Z
DEMO-DEV-1908,174,2022-10-04T03:41:44.692Z,2026-09-25T20:29:19.864Z
DEMO-DEV-1926,174,2022-10-23T08:39:00.949Z,2026-09-27T15:36:28.639Z
DEMO-DEV-2045,174,2022-10-02T06:55:45.968Z,2026-09-23T09:36:07.914Z
DEMO-DEV-2140,174,2022-10-05T00:16:17.817Z,2026-09-20T12:31:34.391Z
DEMO-DEV-2166,174,2022-10-04T21:04:36.653Z,2026-09-20T17:30:34.003Z
DEMO-DEV-2178,174,2022-10-01T10:12:26.913Z,2026-09-25T23:38:30.817Z
DEMO-DEV-2181,174,2022-10-06T18:19:32.842Z,2026-09-24T07:54:55.992Z
DEMO-DEV-2215,174,2022-10-06T09:15:29.160Z,2026-09-29T01:30:32.505Z
DEMO-DEV-2219,174,2022-10-12T18:16:06.325Z,2026-09-09T17:09:49.614Z
DEMO-DEV-2253,174,2022-10-15T21:37:22.087Z,2026-09-28T03:09:20.976Z
DEMO-DEV-2283,174,2022-10-02T06:37:40.948Z,2026-09-29T21:09:52.614Z
DEMO-DEV-2287,174,2022-10-02T09:49:13.523Z,2026-09-02T20:00:46.038Z
DEMO-DEV-2294,174,2022-10-08T10:25:56.120Z,2026-09-29T22:02:44.556Z
DEMO-DEV-2310,174,2022-10-09T15:54:28.345Z,2026-09-24T09:50:16.646Z
DEMO-DEV-2471,174,2022-10-04T23:30:30.968Z,2026-09-09T11:24:18.040Z
DEMO-DEV-2504,174,2022-10-03T20:11:12.803Z,2026-09-14T00:50:03.232Z
DEMO-DEV-2558,174,2022-10-06T03:51:59.614Z,2026-09-29T15:45:59.500Z
DEMO-DEV-2690,174,2022-10-11T23:03:51.485Z,2026-09-25T23:33:38.597Z
DEMO-DEV-2767,174,2022-10-20T03:10:55.442Z,2026-09-27T22:04:36.387Z
DEMO-DEV-2817,174,2022-10-07T21:39:36.045Z,2026-09-15T20:23:37.975Z
DEMO-DEV-2849,174,2022-10-11T11:02:03.352Z,2026-09-19T18:34:02.524Z
DEMO-DEV-2982,174,2022-10-12T20:49:46.948Z,2026-09-27T11:20:08.859Z
DEMO-DEV-3030,174,2022-10-01T19:20:56.090Z,2026-09-20T16:37:51.218Z
DEMO-DEV-3115,174,2022-10-09T15:55:14.867Z,2026-09-17T14:22:18.272Z
DEMO-DEV-3133,174,2022-10-07T10:08:35.472Z,2026-09-28T11:55:17.236Z
DEMO-DEV-3137,174,2022-10-21T16:23:02.161Z,2026-09-24T06:14:29.366Z
DEMO-DEV-3161,174,2022-10-01T10:48:54.222Z,2026-09-19T09:22:33.817Z
DEMO-DEV-3286,174,2022-10-03T13:46:11.172Z,2026-09-03T09:41:44.075Z
DEMO-DEV-3334,174,2022-10-03T09:04:07.846Z,2026-09-21T03:17:42.446Z
DEMO-DEV-3594,174,2022-10-08T13:06:52.913Z,2026-09-26T23:02:48.976Z
DEMO-DEV-3734,174,2022-10-03T17:21:46.455Z,2026-09-15T09:58:12.302Z
DEMO-DEV-3741,174,2022-10-02T11:17:08.614Z,2026-09-21T11:37:11.915Z
DEMO-DEV-3906,174,2022-10-02T02:14:08.513Z,2026-09-11T03:50:46.298Z
DEMO-DEV-3920,174,2022-10-12T18:44:29.250Z,2026-09-28T19:40:19.442Z
DEMO-DEV-3981,174,2022-10-01T17:53:53.172Z,2026-09-21T03:39:46.599Z
DEMO-DEV-4004,174,2022-10-01T09:51:21.884Z,2026-09-27T09:33:51.428Z
DEMO-DEV-4046,174,2022-10-15T09:40:34.345Z,2026-09-24T02:26:55.584Z
DEMO-DEV-4056,174,2022-10-30T21:20:14.300Z,2026-09-24T01:20:21.455Z
DEMO-DEV-4075,174,2022-10-21T02:24:31.867Z,2026-09-24T04:05:55.811Z
DEMO-DEV-4105,174,2022-10-15T04:56:53.402Z,2026-09-26T15:44:41.555Z
DEMO-DEV-4191,174,2022-10-06T20:31:58.646Z,2026-09-02T12:23:09.080Z
DEMO-DEV-4212,174,2022-10-02T19:39:13.354Z,2026-09-12T02:17:33.846Z
DEMO-DEV-4238,174,2022-10-08T14:19:04.442Z,2026-09-17T12:54:28.403Z
DEMO-DEV-4320,174,2022-10-13T05:07:01.352Z,2026-09-23T15:59:28.513Z
DEMO-DEV-4428,174,2022-10-01T11:20:25.648Z,2026-09-29T20:46:00.578Z
DEMO-DEV-4581,174,2022-10-13T08:15:04.865Z,2026-09-23T11:12:46.735Z
DEMO-DEV-4631,174,2022-10-02T02:52:16.370Z,2026-09-23T12:37:29.038Z
DEMO-DEV-4657,174,2022-10-22T00:52:53.974Z,2026-09-21T18:27:12.511Z
DEMO-DEV-4658,174,2022-10-06T11:57:25.545Z,2026-09-25T20:05:42.337Z
DEMO-DEV-4787,174,2022-10-07T04:27:12.527Z,2026-09-22T22:37:36.545Z
DEMO-DEV-4842,174,2022-10-15T08:51:36.015Z,2026-09-19T05:05:01.203Z
DEMO-DEV-4880,174,2022-10-12T02:34:22.319Z,2026-09-27T00:38:03.428Z
DEMO-DEV-4906,174,2022-10-18T21:42:48.319Z,2026-09-16T07:22:53.786Z
DEMO-DEV-4916,174,2022-10-02T09:53:53.646Z,2026-09-07T21:43:29.222Z
DEMO-DEV-4966,174,2022-11-12T08:39:49.205Z,2026-09-27T05:01:37.851Z
DEMO-DEV-5096,174,2022-10-05T14:44:14.246Z,2026-09-23T15:38:48.836Z
DEMO-DEV-5114,174,2022-10-03T00:00:10.352Z,2026-09-19T16:59:07.655Z
DEMO-DEV-5127,174,2022-10-20T00:26:09.189Z,2026-09-28T21:58:59.804Z
DEMO-DEV-5166,174,2022-10-11T22:00:20.234Z,2026-09-29T09:31:43.205Z
DEMO-DEV-5214,174,2022-10-14T06:14:35.120Z,2026-09-20T09:34:54.527Z
DEMO-DEV-5217,174,2022-10-03T22:48:45.863Z,2026-09-29T14:39:43.403Z
DEMO-DEV-5260,174,2022-10-02T05:36:52.077Z,2026-09-16T22:08:56.752Z
DEMO-DEV-5340,174,2022-10-06T00:40:47.636Z,2026-09-25T17:53:43.160Z
DEMO-DEV-5446,174,2022-10-11T14:03:55.443Z,2026-09-28T06:24:40.315Z
DEMO-DEV-5527,174,2022-10-05T01:20:41.354Z,2026-09-29T16:03:31.238Z
DEMO-DEV-5551,174,2022-10-14T17:31:25.387Z,2026-09-29T02:14:50.045Z
DEMO-DEV-5643,174,2022-10-03T05:40:40.599Z,2026-09-27T10:05:08.250Z
DEMO-DEV-5664,174,2022-10-21T16:12:02.254Z,2026-09-21T04:00:58.428Z
DEMO-DEV-5704,174,2022-10-05T19:45:57.655Z,2026-09-27T21:01:15.735Z
DEMO-DEV-5764,174,2022-10-06T12:24:00.190Z,2026-09-23T03:15:01.120Z
DEMO-DEV-5820,174,2022-10-05T01:46:34.354Z,2026-09-29T04:53:45.352Z
DEMO-DEV-5886,174,2022-10-10T19:41:08.319Z,2026-09-29T19:59:47.268Z
DEMO-DEV-6072,174,2022-10-03T15:06:24.057Z,2026-09-25T03:12:08.816Z
DEMO-DEV-6081,174,2022-10-15T01:36:57.636Z,2026-09-27T22:11:33.682Z
DEMO-DEV-6122,174,2022-10-01T16:21:00.352Z,2026-09-25T21:07:06.204Z
DEMO-DEV-6128,174,2022-10-07T14:11:37.523Z,2026-09-21T22:30:30.470Z
DEMO-DEV-6295,174,2022-10-06T17:59:55.870Z,2026-09-27T13:44:41.165Z
DEMO-DEV-6351,174,2022-10-08T19:54:15.120Z,2026-09-07T13:17:24.503Z
DEMO-DEV-6411,174,2022-10-14T22:15:14.987Z,2026-09-22T15:22:05.646Z
DEMO-DEV-6419,174,2022-10-03T18:23:20.668Z,2026-09-20T08:08:19.325Z
DEMO-DEV-6472,174,2022-10-06T20:25:29.614Z,2026-09-23T17:48:33.535Z
DEMO-DEV-6480,174,2022-10-16T05:34:42.315Z,2026-09-29T11:30:34.682Z
DEMO-DEV-6764,174,2022-11-01T12:11:45.817Z,2026-09-20T01:49:23.682Z
DEMO-DEV-6790,174,2022-11-06T22:43:29.825Z,2026-09-16T14:16:38.891Z
DEMO-DEV-6866,174,2022-10-13T01:17:43.150Z,2026-09-20T11:45:14.004Z
DEMO-DEV-6925,174,2022-10-04T12:15:00.792Z,2026-09-30T02:33:46.352Z
DEMO-DEV-6969,174,2022-10-08T14:51:53.658Z,2026-09-26T04:04:27.948Z
DEMO-DEV-7016,174,2022-10-04T07:26:43.394Z,2026-09-21T12:30:15.298Z
DEMO-DEV-7056,174,2022-10-04T12:59:36.037Z,2026-09-26T18:06:27.024Z
DEMO-DEV-7084,174,2022-10-02T02:52:34.218Z,2026-09-26T15:58:59.470Z
DEMO-DEV-7143,174,2022-10-23T04:16:38.864Z,2026-09-28T03:14:04.252Z
DEMO-DEV-7196,174,2022-10-03T00:59:10.485Z,2026-09-10T20:02:50.397Z
DEMO-DEV-7231,174,2022-10-28T20:21:21.879Z,2026-09-22T18:52:10.138Z
DEMO-DEV-7249,174,2022-10-04T14:32:01.365Z,2026-09-28T03:05:02.230Z
DEMO-DEV-7252,174,2022-10-08T19:44:17.325Z,2026-09-14T04:11:48.778Z
DEMO-DEV-7383,174,2022-10-26T23:12:35.073Z,2026-09-03T20:11:06.989Z
DEMO-DEV-7471,174,2022-10-08T18:23:00.208Z,2026-09-29T05:46:21.839Z
DEMO-DEV-7494,174,2022-10-17T03:19:07.139Z,2026-09-23T23:41:04.778Z
DEMO-DEV-7507,174,2022-10-01T10:08:07.250Z,2026-09-15T18:51:39.038Z
DEMO-DEV-7622,174,2022-10-15T06:47:52.168Z,2026-08-29T22:47:35.519Z
DEMO-DEV-7671,174,2022-10-01T13:30:20.222Z,2026-09-20T23:55:33.839Z
DEMO-DEV-7710,174,2022-10-06T12:12:01.917Z,2026-09-03T03:02:01.057Z
DEMO-DEV-7844,174,2022-10-04T23:32:33.568Z,2026-09-05T08:44:29.023Z
DEMO-DEV-7947,174,2022-10-02T04:55:19.208Z,2026-09-12T21:37:09.298Z
DEMO-DEV-7948,174,2022-10-07T13:22:38.799Z,2026-09-16T13:18:27.224Z
DEMO-DEV-7973,174,2022-10-08T23:35:09.636Z,2026-08-05T05:11:41.859Z
DEMO-DEV-8007,174,2022-10-06T11:59:56.466Z,2026-09-24T13:37:02.513Z
DEMO-DEV-8019,174,2022-10-22T22:06:39.863Z,2026-09-15T03:34:55.387Z
DEMO-DEV-8025,174,2022-10-03T19:13:11.688Z,2026-09-27T00:45:14.428Z
DEMO-DEV-8063,174,2022-10-11T00:01:26.682Z,2026-09-20T17:16:47.557Z
DEMO-DEV-8069,174,2022-10-03T08:13:26.710Z,2026-08-30T17:45:07.087Z
DEMO-DEV-8107,174,2022-10-06T05:13:15.786Z,2026-09-09T04:50:21.612Z
DEMO-DEV-8168,174,2022-10-20T13:14:23.816Z,2026-09-24T06:37:30.989Z
DEMO-DEV-8210,174,2022-10-04T13:48:30.315Z,2026-09-18T21:46:21.232Z
DEMO-DEV-8236,174,2022-10-03T10:06:53.682Z,2026-09-29T15:40:21.727Z
DEMO-DEV-8335,174,2022-10-12T21:31:42.965Z,2026-09-25T15:01:48.466Z
DEMO-DEV-8361,174,2022-10-02T02:43:00.252Z,2026-09-29T23:40:11.037Z
DEMO-DEV-8364,174,2022-10-01T08:40:34.793Z,2026-09-29T15:49:04.555Z
DEMO-DEV-8485,174,2022-10-19T14:06:01.224Z,2026-09-27T09:16:15.038Z
DEMO-DEV-8520,174,2022-10-12T23:29:11.138Z,2026-09-17T21:37:52.460Z
DEMO-DEV-8534,174,2022-10-04T09:56:41.968Z,2026-09-07T08:07:42.778Z
DEMO-DEV-8610,174,2022-10-12T13:42:23.508Z,2026-08-20T13:55:30.123Z
DEMO-DEV-8732,174,2022-10-03T19:50:35.605Z,2026-09-27T08:29:00.023Z
DEMO-DEV-8767,174,2022-10-29T00:18:40.246Z,2026-09-23T04:01:27.523Z
DEMO-DEV-8782,174,2022-10-09T17:52:09.308Z,2026-09-28T17:02:04.987Z
DEMO-DEV-8984,174,2022-10-17T16:13:14.015Z,2026-09-23T12:49:11.524Z
DEMO-DEV-9026,174,2022-10-14T01:07:52.466Z,2026-09-25T15:23:03.556Z
DEMO-DEV-9043,174,2022-10-03T11:18:58.646Z,2026-08-25T03:27:27.859Z
DEMO-DEV-9245,174,2022-10-22T19:25:48.668Z,2026-09-20T11:22:39.948Z
DEMO-DEV-9312,174,2022-10-01T12:36:30.045Z,2026-08-21T21:13:26.527Z
DEMO-DEV-9332,174,2022-10-26T17:59:56.302Z,2026-09-28T00:27:39.612Z
DEMO-DEV-9337,174,2022-10-06T14:27:19.653Z,2026-09-19T01:57:40.841Z
DEMO-DEV-9412,174,2022-10-05T16:20:08.015Z,2026-09-26T09:41:15.824Z
DEMO-DEV-9431,174,2022-10-03T20:46:17.785Z,2026-09-16T20:30:49.161Z
DEMO-DEV-9434,174,2022-10-02T04:56:20.795Z,2026-09-05T13:41:38.172Z
DEMO-DEV-9461,174,2022-12-01T23:23:03.352Z,2026-09-15T13:01:34.394Z
DEMO-DEV-9478,174,2022-10-06T19:05:07.298Z,2026-09-30T01:12:13.446Z
DEMO-DEV-9504,174,2022-10-05T03:32:41.232Z,2026-09-21T00:40:39.150Z
DEMO-DEV-9511,174,2022-10-16T10:17:57.460Z,2026-09-23T00:24:04.203Z
DEMO-DEV-9555,174,2022-10-06T14:32:42.120Z,2026-09-18T02:15:45.917Z
DEMO-DEV-9573,174,2022-10-06T23:32:18.370Z,2026-09-24T08:01:22.976Z
DEMO-DEV-9672,174,2022-10-05T13:57:32.003Z,2026-09-28T23:23:19.239Z
DEMO-DEV-9739,174,2022-10-02T20:42:42.252Z,2026-09-26T14:12:19.614Z
DEMO-DEV-9805,174,2022-10-09T15:59:14.965Z,2026-09-30T04:41:41.004Z
DEMO-DEV-9833,174,2022-10-27T09:19:56.219Z,2026-09-28T06:53:28.370Z
DEMO-DEV-9941,174,2022-10-18T22:36:39.578Z,2026-09-25T00:29:01.785Z
DEMO-DEV-9978,174,2022-10-03T20:43:48.702Z,2026-09-21T07:23:48.470Z
DEMO-DEV-9989,174,2022-10-08T20:37:25.778Z,2026-09-26T13:17:43.985Z
DEMO-DEV-0052,173,2022-10-02T15:15:50.824Z,2026-09-28T21:30:01.221Z
DEMO-DEV-0079,173,2022-10-03T01:01:16.976Z,2026-09-29T04:27:07.250Z
DEMO-DEV-0118,173,2022-10-11T09:47:14.370Z,2026-09-21T19:41:44.446Z
DEMO-DEV-0146,173,2022-10-01T15:04:04.785Z,2026-09-29T17:51:39.738Z
DEMO-DEV-0154,173,2022-10-02T00:06:56.224Z,2026-09-27T04:55:06.864Z
DEMO-DEV-0205,173,2022-10-11T01:39:57.391Z,2026-09-03T11:58:25.806Z
DEMO-DEV-0214,173,2022-10-02T01:11:03.225Z,2026-09-25T22:36:16.221Z
DEMO-DEV-0475,173,2022-10-05T01:31:53.885Z,2026-09-25T11:03:59.205Z
DEMO-DEV-0479,173,2022-10-09T05:54:38.442Z,2026-09-28T14:09:46.394Z
DEMO-DEV-0494,173,2022-10-13T05:19:41.409Z,2026-09-17T06:59:48.134Z
DEMO-DEV-0530,173,2022-10-13T12:07:32.155Z,2026-09-18T11:30:14.795Z
DEMO-DEV-0690,173,2022-10-04T18:13:21.472Z,2026-09-20T18:57:24.497Z
DEMO-DEV-0696,173,2022-10-11T10:07:39.402Z,2026-09-29T17:08:06.226Z
DEMO-DEV-0704,173,2022-10-05T08:52:55.224Z,2026-09-30T04:25:54.038Z
DEMO-DEV-0760,173,2022-10-05T15:18:36.493Z,2026-08-29T06:14:20.446Z
DEMO-DEV-0763,173,2022-11-12T19:15:49.460Z,2026-09-25T10:45:40.218Z
DEMO-DEV-0795,173,2022-10-01T22:03:24.003Z,2026-09-20T12:15:37.851Z
DEMO-DEV-0799,173,2022-10-01T08:32:56.668Z,2026-09-20T18:42:53.298Z
DEMO-DEV-0885,173,2022-10-07T05:53:00.472Z,2026-09-19T22:09:29.390Z
DEMO-DEV-0979,173,2022-10-03T21:06:17.877Z,2026-09-13T17:48:06.080Z
DEMO-DEV-1072,173,2022-10-20T10:07:44.219Z,2026-09-29T09:53:57.307Z
DEMO-DEV-1310,173,2022-10-05T15:16:32.799Z,2026-09-18T19:22:26.948Z
DEMO-DEV-1374,173,2022-10-12T04:41:47.976Z,2026-09-29T04:26:54.045Z
DEMO-DEV-1395,173,2022-10-04T15:37:42.205Z,2026-09-25T10:39:09.004Z
DEMO-DEV-1402,173,2022-10-03T23:09:47.803Z,2026-09-27T10:02:28.139Z
DEMO-DEV-1447,173,2022-10-05T04:51:51.505Z,2026-09-29T01:18:55.527Z
DEMO-DEV-1464,173,2022-10-13T03:56:41.319Z,2026-09-30T00:31:19.618Z
DEMO-DEV-1615,173,2022-10-07T09:40:07.842Z,2026-09-18T00:47:35.965Z
DEMO-DEV-1657,173,2022-10-14T16:19:32.352Z,2026-09-13T18:25:06.015Z
DEMO-DEV-1689,173,2022-10-19T10:49:29.975Z,2026-09-29T01:34:17.793Z
DEMO-DEV-1847,173,2022-10-23T09:05:43.545Z,2026-09-24T14:13:40.325Z
DEMO-DEV-1906,173,2022-10-07T18:59:37.513Z,2026-09-26T10:59:25.308Z
DEMO-DEV-1934,173,2022-10-29T11:57:39.236Z,2026-09-22T14:45:17.470Z
DEMO-DEV-2067,173,2022-10-04T12:33:00.077Z,2026-09-26T18:30:23.155Z
DEMO-DEV-2097,173,2022-10-01T20:37:56.917Z,2026-09-15T06:41:38.511Z
DEMO-DEV-2144,173,2022-10-15T02:42:34.692Z,2026-09-28T00:11:10.568Z
DEMO-DEV-2163,173,2022-10-06T23:02:47.037Z,2026-09-26T19:26:57.120Z
DEMO-DEV-2180,173,2022-10-02T07:29:48.246Z,2026-09-23T15:44:52.075Z
DEMO-DEV-2288,173,2022-10-11T07:53:23.646Z,2026-09-12T22:56:21.968Z
DEMO-DEV-2295,173,2022-10-01T10:54:15.969Z,2026-08-11T03:43:56.968Z
DEMO-DEV-2377,173,2022-11-10T23:04:52.160Z,2026-09-29T06:49:01.394Z
DEMO-DEV-2411,173,2022-10-17T13:56:58.500Z,2026-09-19T06:42:29.357Z
DEMO-DEV-2502,173,2022-10-10T05:26:51.080Z,2026-09-17T10:58:23.692Z
DEMO-DEV-2623,173,2022-10-03T14:51:59.914Z,2026-09-14T23:53:27.989Z
DEMO-DEV-2666,173,2022-10-08T22:38:42.987Z,2026-09-28T10:23:18.015Z
DEMO-DEV-2691,173,2022-10-08T10:30:35.523Z,2026-09-11T13:25:18.865Z
DEMO-DEV-2693,173,2022-10-08T19:49:56.870Z,2026-09-17T07:13:03.917Z
DEMO-DEV-2735,173,2022-10-10T13:20:51.352Z,2026-09-27T19:15:29.403Z
DEMO-DEV-2738,173,2022-10-02T08:16:00.455Z,2026-09-28T22:24:12.969Z
DEMO-DEV-2761,173,2022-10-19T23:23:38.735Z,2026-09-19T06:06:40.466Z
DEMO-DEV-2804,173,2022-10-04T06:31:25.428Z,2026-09-21T17:46:48.987Z
DEMO-DEV-2863,173,2022-10-16T05:42:31.172Z,2026-09-13T19:33:58.968Z
DEMO-DEV-2866,173,2022-10-13T09:36:26.472Z,2026-09-22T08:50:27.172Z
DEMO-DEV-2867,173,2022-11-04T09:02:44.150Z,2026-09-20T15:34:57.226Z
DEMO-DEV-2874,173,2022-10-16T06:32:52.368Z,2026-09-21T00:01:48.172Z
DEMO-DEV-2893,173,2022-10-21T20:58:34.557Z,2026-09-28T17:32:57.948Z
DEMO-DEV-2916,173,2022-10-03T09:46:20.298Z,2026-09-22T18:09:40.253Z
DEMO-DEV-2949,173,2022-10-17T00:58:29.394Z,2026-09-28T15:20:52.992Z
DEMO-DEV-3000,173,2022-10-03T05:04:27.842Z,2026-09-19T08:10:49.949Z
DEMO-DEV-3033,173,2022-10-01T13:03:57.352Z,2026-09-22T06:47:58.205Z
DEMO-DEV-3101,173,2022-12-08T02:59:43.612Z,2026-09-20T16:01:32.493Z
DEMO-DEV-3131,173,2022-10-01T21:09:40.537Z,2026-09-29T03:51:48.795Z
DEMO-DEV-3167,173,2022-10-16T13:47:54.555Z,2026-09-25T04:42:57.021Z
DEMO-DEV-3200,173,2022-10-08T09:10:38.584Z,2026-09-22T11:28:53.710Z
DEMO-DEV-3231,173,2022-10-24T20:58:10.646Z,2026-09-16T12:27:28.357Z
DEMO-DEV-3351,173,2022-10-09T12:19:38.366Z,2026-09-18T08:14:37.325Z
DEMO-DEV-3410,173,2022-10-06T11:58:22.785Z,2026-09-29T10:42:09.710Z
DEMO-DEV-3714,173,2022-10-11T22:59:38.948Z,2026-09-12T08:13:54.816Z
DEMO-DEV-3731,173,2022-10-06T04:56:45.653Z,2026-08-17T19:53:17.203Z
DEMO-DEV-3754,173,2022-10-03T04:49:17.639Z,2026-09-29T06:47:10.839Z
DEMO-DEV-3764,173,2022-10-12T13:20:51.246Z,2026-09-24T00:35:09.015Z
DEMO-DEV-3828,173,2022-10-01T14:52:31.863Z,2026-09-19T11:12:11.976Z
DEMO-DEV-3935,173,2022-10-03T01:34:29.948Z,2026-09-19T19:41:55.428Z
DEMO-DEV-3991,173,2022-10-01T17:06:01.366Z,2026-09-29T23:24:34.584Z
DEMO-DEV-4016,173,2022-10-08T06:19:38.989Z,2026-09-28T21:37:28.867Z
DEMO-DEV-4061,173,2022-10-26T12:43:09.026Z,2026-09-22T05:56:02.173Z
DEMO-DEV-4185,173,2022-10-07T16:25:32.993Z,2026-09-23T16:30:38.752Z
DEMO-DEV-4229,173,2022-10-11T05:39:58.648Z,2026-09-12T17:22:25.710Z
DEMO-DEV-4231,173,2022-10-02T12:00:21.524Z,2026-09-23T18:55:57.289Z
DEMO-DEV-4282,173,2022-10-01T18:40:41.138Z,2026-09-17T11:06:14.139Z
DEMO-DEV-4308,173,2022-10-03T16:58:09.618Z,2026-09-23T13:26:18.500Z
DEMO-DEV-4316,173,2022-10-04T07:55:28.225Z,2026-09-28T17:09:26.914Z
DEMO-DEV-4418,173,2022-10-09T14:43:33.224Z,2026-09-25T10:00:31.068Z
DEMO-DEV-4441,173,2022-10-14T05:31:14.817Z,2026-09-28T18:10:20.173Z
DEMO-DEV-4444,173,2022-10-02T17:30:37.370Z,2026-09-17T00:16:37.302Z
DEMO-DEV-4494,173,2022-10-03T05:51:44.397Z,2026-09-20T21:29:52.682Z
DEMO-DEV-4522,173,2022-10-03T14:19:50.120Z,2026-09-26T19:17:59.682Z
DEMO-DEV-4627,173,2022-10-08T21:19:13.987Z,2026-09-07T11:40:49.782Z
DEMO-DEV-4632,173,2022-10-06T21:41:08.950Z,2026-09-21T14:33:00.865Z
DEMO-DEV-4680,173,2022-10-02T03:57:10.189Z,2026-08-30T01:23:18.786Z
DEMO-DEV-4702,173,2022-10-19T18:15:48.252Z,2026-09-21T11:56:06.068Z
DEMO-DEV-4809,173,2022-10-04T06:17:24.460Z,2026-09-17T07:15:06.189Z
DEMO-DEV-4818,173,2022-10-14T21:33:05.778Z,2026-09-28T10:53:27.879Z
DEMO-DEV-4820,173,2022-10-03T08:05:20.792Z,2026-09-19T01:08:22.230Z
DEMO-DEV-4864,173,2022-10-22T09:07:04.714Z,2026-09-23T23:33:42.965Z
DEMO-DEV-5019,173,2022-10-04T09:45:39.865Z,2026-09-27T18:34:41.230Z
DEMO-DEV-5099,173,2022-10-05T01:10:42.793Z,2026-09-28T02:42:55.816Z
DEMO-DEV-5256,173,2022-10-08T04:58:13.965Z,2026-09-29T18:07:02.134Z
DEMO-DEV-5297,173,2022-10-04T02:02:43.234Z,2026-09-26T19:10:00.024Z
DEMO-DEV-5366,173,2022-10-01T12:58:00.172Z,2026-09-27T00:18:22.841Z
DEMO-DEV-5377,173,2022-10-08T20:59:30.976Z,2026-09-27T10:08:15.965Z
DEMO-DEV-5452,173,2022-10-01T15:11:20.352Z,2026-09-29T04:29:40.527Z
DEMO-DEV-5495,173,2022-10-09T06:39:53.578Z,2026-09-29T02:15:09.989Z
DEMO-DEV-5613,173,2022-10-08T19:31:00.966Z,2026-09-22T23:06:49.087Z
DEMO-DEV-5631,173,2022-10-30T00:45:36.870Z,2026-09-28T01:53:41.792Z
DEMO-DEV-5681,173,2022-10-18T13:03:25.639Z,2026-09-19T12:19:32.352Z
DEMO-DEV-5682,173,2022-10-03T23:04:25.993Z,2026-09-29T13:48:12.851Z
DEMO-DEV-5722,173,2022-10-02T22:12:45.782Z,2026-09-11T20:14:43.087Z
DEMO-DEV-5773,173,2022-10-18T01:55:16.891Z,2026-09-25T01:42:07.915Z
DEMO-DEV-5802,173,2022-10-08T11:18:28.778Z,2026-09-23T15:29:59.917Z
DEMO-DEV-5831,173,2022-10-03T04:15:37.080Z,2026-09-26T01:16:20.557Z
DEMO-DEV-5866,173,2022-10-01T10:30:45.183Z,2026-09-13T22:52:28.063Z
DEMO-DEV-5896,173,2022-10-01T22:11:58.727Z,2026-09-26T10:35:39.455Z
DEMO-DEV-5937,173,2022-10-17T01:38:07.816Z,2026-09-02T07:09:54.816Z
DEMO-DEV-5960,173,2022-10-06T12:59:19.337Z,2026-09-26T00:43:52.535Z
DEMO-DEV-6035,173,2022-11-27T02:26:08.503Z,2026-09-20T03:16:52.500Z
DEMO-DEV-6085,173,2022-10-12T11:17:29.370Z,2026-09-21T14:29:16.795Z
DEMO-DEV-6109,173,2022-10-08T19:25:19.460Z,2026-08-28T05:20:02.636Z
DEMO-DEV-6332,173,2022-10-15T10:06:26.795Z,2026-09-21T23:59:06.639Z
DEMO-DEV-6357,173,2022-11-14T04:11:21.352Z,2026-09-24T04:32:52.466Z
DEMO-DEV-6391,173,2022-10-15T14:27:51.455Z,2026-09-14T06:20:01.799Z
DEMO-DEV-6425,173,2022-10-03T08:37:38.841Z,2026-09-17T21:33:44.077Z
DEMO-DEV-6539,173,2022-10-17T00:53:59.993Z,2026-09-20T00:29:14.075Z
DEMO-DEV-6563,173,2022-10-03T07:05:34.460Z,2026-09-23T21:03:31.511Z
DEMO-DEV-6601,173,2022-10-30T21:55:40.688Z,2026-09-22T17:25:08.357Z
DEMO-DEV-6714,173,2022-10-03T10:27:33.816Z,2026-09-27T11:10:08.203Z
DEMO-DEV-6819,173,2022-10-05T06:37:54.462Z,2026-09-30T00:54:08.134Z
DEMO-DEV-6916,173,2022-10-11T21:56:21.219Z,2026-09-25T01:48:43.993Z
DEMO-DEV-6963,173,2022-10-07T13:21:34.402Z,2026-09-24T15:57:29.272Z
DEMO-DEV-6989,173,2022-10-05T19:22:37.394Z,2026-09-25T06:40:09.785Z
DEMO-DEV-7005,173,2022-10-22T10:43:43.929Z,2026-09-29T18:53:31.345Z
DEMO-DEV-7082,173,2022-10-23T22:03:40.682Z,2026-09-28T11:12:58.211Z
DEMO-DEV-7164,173,2022-10-03T09:56:25.639Z,2026-09-10T09:10:41.189Z
DEMO-DEV-7202,173,2022-10-03T05:12:40.688Z,2026-09-27T07:19:18.024Z
DEMO-DEV-7258,173,2022-10-02T05:39:41.868Z,2026-09-16T16:07:10.863Z
DEMO-DEV-7300,173,2022-10-05T06:30:55.976Z,2026-09-27T22:21:48.727Z
DEMO-DEV-7306,173,2022-10-01T08:16:07.859Z,2026-09-29T23:11:45.948Z
DEMO-DEV-7341,173,2022-10-04T00:50:46.497Z,2026-09-25T23:07:58.250Z
DEMO-DEV-7370,173,2022-10-08T21:16:57.442Z,2026-09-23T18:45:25.038Z
DEMO-DEV-7448,173,2022-10-04T23:46:28.236Z,2026-09-26T15:29:20.846Z
DEMO-DEV-7518,173,2022-11-02T21:54:01.057Z,2026-09-23T00:23:18.026Z
DEMO-DEV-7535,173,2022-10-10T21:17:43.219Z,2026-09-26T08:05:28.352Z
DEMO-DEV-7588,173,2022-10-08T23:50:05.969Z,2026-09-13T03:51:42.556Z
DEMO-DEV-7684,173,2022-10-25T02:17:16.668Z,2026-09-23T14:49:27.123Z
DEMO-DEV-7697,173,2022-10-15T20:16:50.352Z,2026-09-04T20:14:22.929Z
DEMO-DEV-7923,173,2022-10-12T17:22:41.524Z,2026-09-30T03:41:12.455Z
DEMO-DEV-8009,173,2022-10-02T16:27:09.250Z,2026-09-29T23:38:46.138Z
DEMO-DEV-8024,173,2022-10-09T06:09:23.993Z,2026-09-27T09:56:54.892Z
DEMO-DEV-8104,173,2022-10-03T23:51:02.688Z,2026-09-25T09:38:12.308Z
DEMO-DEV-8136,173,2022-10-14T16:29:28.555Z,2026-09-21T04:21:20.804Z
DEMO-DEV-8186,173,2022-11-14T05:40:53.219Z,2026-09-13T22:03:22.365Z
DEMO-DEV-8202,173,2022-10-03T15:20:47.045Z,2026-09-24T03:19:30.719Z
DEMO-DEV-8239,173,2022-10-07T15:13:17.668Z,2026-09-21T23:17:23.123Z
DEMO-DEV-8479,173,2022-10-14T05:13:59.519Z,2026-09-18T16:30:15.014Z
DEMO-DEV-8491,173,2022-10-26T16:32:21.799Z,2026-09-21T04:22:10.846Z
DEMO-DEV-8501,173,2022-10-05T17:41:12.976Z,2026-09-27T07:17:06.877Z
DEMO-DEV-8570,173,2022-10-11T21:18:23.885Z,2026-09-22T15:46:24.523Z
DEMO-DEV-8714,173,2022-10-05T01:08:51.666Z,2026-09-27T20:48:46.568Z
DEMO-DEV-8725,173,2022-10-04T15:55:20.319Z,2026-09-27T12:52:22.524Z
DEMO-DEV-8747,173,2022-10-16T04:41:46.636Z,2026-09-30T04:41:20.075Z
DEMO-DEV-8805,173,2022-10-05T01:44:44.877Z,2026-09-20T14:53:34.090Z
DEMO-DEV-8854,173,2022-10-04T10:15:03.150Z,2026-09-30T02:31:23.470Z
DEMO-DEV-8897,173,2022-10-14T20:14:26.226Z,2026-09-22T04:06:21.976Z
DEMO-DEV-8914,173,2022-10-07T19:13:29.824Z,2026-09-28T05:16:30.646Z
DEMO-DEV-8939,173,2022-10-11T18:51:00.752Z,2026-09-30T00:58:14.989Z
DEMO-DEV-9058,173,2022-10-04T17:42:35.428Z,2026-09-29T02:17:20.224Z
DEMO-DEV-9063,173,2022-10-03T07:57:00.556Z,2026-09-21T08:20:44.370Z
DEMO-DEV-9091,173,2022-10-09T05:00:33.037Z,2026-09-29T20:24:08.824Z
DEMO-DEV-9106,173,2022-10-01T12:51:12.661Z,2026-09-27T08:05:58.014Z
DEMO-DEV-9158,173,2022-10-04T10:37:09.966Z,2026-09-29T01:48:20.851Z
DEMO-DEV-9175,173,2022-10-02T01:59:10.976Z,2026-09-20T23:44:42.804Z
DEMO-DEV-9203,173,2022-10-04T19:25:37.778Z,2026-08-29T14:15:44.250Z
DEMO-DEV-9206,173,2022-10-03T22:00:00.428Z,2026-09-25T19:27:03.974Z
DEMO-DEV-9324,173,2022-10-23T15:22:39.221Z,2026-09-28T18:05:48.682Z
DEMO-DEV-9354,173,2022-10-06T11:05:12.352Z,2026-09-23T12:16:07.505Z
DEMO-DEV-9410,173,2022-10-04T16:37:28.870Z,2026-09-27T09:08:14.618Z
DEMO-DEV-9416,173,2022-10-22T08:35:48.864Z,2026-09-01T09:34:46.851Z
DEMO-DEV-9468,173,2022-10-17T22:52:21.825Z,2026-09-15T16:14:03.891Z
DEMO-DEV-9510,173,2022-10-11T14:25:31.915Z,2026-09-25T07:12:25.877Z
DEMO-DEV-9652,173,2022-10-03T13:15:17.965Z,2026-09-15T08:36:06.289Z
DEMO-DEV-9745,173,2022-10-06T15:30:07.428Z,2026-09-25T01:38:31.203Z
DEMO-DEV-9770,173,2022-10-01T23:07:32.038Z,2026-09-14T04:49:14.470Z
DEMO-DEV-9938,173,2022-10-09T11:06:31.782Z,2026-08-21T23:51:46.841Z
DEMO-DEV-9973,173,2022-10-14T18:52:56.120Z,2026-09-29T17:59:42.870Z
DEMO-DEV-0121,172,2022-10-04T06:32:04.702Z,2026-09-29T21:04:33.288Z
DEMO-DEV-0156,172,2022-10-02T14:23:55.892Z,2026-09-17T21:08:49.803Z
DEMO-DEV-0189,172,2022-10-13T06:18:06.891Z,2026-09-29T03:43:27.817Z
DEMO-DEV-0324,172,2022-10-10T00:41:14.057Z,2026-09-28T13:46:48.155Z
DEMO-DEV-0492,172,2022-10-20T11:34:57.839Z,2026-09-20T22:29:28.735Z
DEMO-DEV-0525,172,2022-10-10T14:09:35.415Z,2026-09-22T21:47:16.555Z
DEMO-DEV-0570,172,2022-10-02T00:17:08.302Z,2026-09-01T06:34:32.470Z
DEMO-DEV-0627,172,2022-10-12T01:19:09.160Z,2026-09-20T03:51:10.470Z
DEMO-DEV-0660,172,2022-10-07T01:45:58.537Z,2026-09-10T01:01:52.863Z
DEMO-DEV-0708,172,2022-10-03T08:55:03.446Z,2026-09-27T12:11:09.370Z
DEMO-DEV-0723,172,2022-10-03T07:06:36.236Z,2026-09-21T13:19:47.639Z
DEMO-DEV-0735,172,2022-10-15T06:43:52.394Z,2026-09-01T13:49:00.391Z
DEMO-DEV-0756,172,2022-10-19T13:45:20.527Z,2026-09-28T08:35:10.466Z
DEMO-DEV-0868,172,2022-10-06T05:59:53.289Z,2026-09-16T23:16:36.352Z
DEMO-DEV-0881,172,2022-10-04T00:39:06.676Z,2026-09-26T10:51:29.252Z
DEMO-DEV-0996,172,2022-10-10T17:20:19.870Z,2026-09-29T03:57:28.591Z
DEMO-DEV-1026,172,2022-10-07T08:14:57.037Z,2026-09-27T16:55:09.719Z
DEMO-DEV-1116,172,2022-10-25T11:41:34.319Z,2026-09-30T01:23:56.836Z
DEMO-DEV-1291,172,2022-10-25T21:08:01.842Z,2026-09-26T20:43:36.795Z
DEMO-DEV-1364,172,2022-10-02T05:33:58.205Z,2026-09-29T14:40:26.443Z
DEMO-DEV-1368,172,2022-10-04T14:24:29.289Z,2026-09-09T11:01:52.493Z
DEMO-DEV-1422,172,2022-10-25T19:51:42.702Z,2026-09-24T12:21:28.368Z
DEMO-DEV-1499,172,2022-10-27T16:30:49.120Z,2026-09-08T20:53:10.497Z
DEMO-DEV-1727,172,2022-10-12T10:55:22.778Z,2026-08-30T11:25:50.226Z
DEMO-DEV-1809,172,2022-10-07T17:06:54.786Z,2026-09-29T09:28:55.842Z
DEMO-DEV-1941,172,2022-10-03T06:55:51.568Z,2026-09-27T21:57:05.289Z
DEMO-DEV-1965,172,2022-10-15T20:35:38.555Z,2026-09-29T12:38:54.535Z
DEMO-DEV-2042,172,2022-10-05T09:47:02.864Z,2026-09-16T19:17:41.661Z
DEMO-DEV-2059,172,2022-10-03T05:54:42.038Z,2026-09-11T20:08:00.366Z
DEMO-DEV-2080,172,2022-10-02T16:02:04.836Z,2026-09-27T00:07:40.948Z
DEMO-DEV-2084,172,2022-10-17T18:10:06.556Z,2026-09-22T09:45:07.511Z
DEMO-DEV-2102,172,2022-10-05T15:56:37.655Z,2026-09-21T15:34:45.370Z
DEMO-DEV-2211,172,2022-10-01T20:41:59.038Z,2026-09-18T04:17:31.391Z
DEMO-DEV-2258,172,2022-10-02T11:06:41.523Z,2026-09-24T20:46:45.508Z
DEMO-DEV-2302,172,2022-10-03T02:34:29.646Z,2026-09-22T16:59:42.655Z
DEMO-DEV-2533,172,2022-10-02T17:36:27.948Z,2026-09-30T03:29:57.014Z
DEMO-DEV-2604,172,2022-10-08T13:17:31.442Z,2026-09-21T02:14:56.537Z
DEMO-DEV-2672,172,2022-10-04T04:53:42.037Z,2026-09-11T21:40:53.190Z
DEMO-DEV-2803,172,2022-10-01T18:26:07.370Z,2026-09-26T13:03:59.224Z
DEMO-DEV-2869,172,2022-10-07T19:53:09.155Z,2026-09-29T22:51:11.607Z
DEMO-DEV-2883,172,2022-10-03T14:54:59.503Z,2026-09-12T16:04:06.027Z
DEMO-DEV-2940,172,2022-10-09T19:31:09.676Z,2026-09-28T21:29:34.535Z
DEMO-DEV-3090,172,2022-10-02T00:46:15.605Z,2026-09-22T14:48:23.948Z
DEMO-DEV-3138,172,2022-10-07T21:56:22.503Z,2026-08-29T21:35:07.537Z
DEMO-DEV-3158,172,2022-10-04T10:32:55.765Z,2026-08-20T04:55:45.975Z
DEMO-DEV-3180,172,2022-10-02T23:26:23.555Z,2026-09-29T13:01:51.987Z
DEMO-DEV-3203,172,2022-10-04T08:52:55.738Z,2026-09-27T14:28:51.786Z
DEMO-DEV-3216,172,2022-10-01T19:58:04.738Z,2026-09-28T20:29:30.460Z
DEMO-DEV-3292,172,2022-10-09T12:49:03.792Z,2026-09-29T03:10:26.307Z
DEMO-DEV-3446,172,2022-10-01T21:20:01.824Z,2026-09-29T05:37:38.080Z
DEMO-DEV-3478,172,2022-10-03T23:28:28.254Z,2026-09-25T03:20:02.612Z
DEMO-DEV-3495,172,2022-10-04T13:31:36.208Z,2026-09-17T13:09:44.727Z
DEMO-DEV-3585,172,2022-10-02T03:33:59.090Z,2026-09-21T11:25:44.004Z
DEMO-DEV-3640,172,2022-11-07T16:43:29.870Z,2026-09-20T19:11:20.682Z
DEMO-DEV-3682,172,2022-10-16T02:04:18.870Z,2026-09-22T19:50:14.173Z
DEMO-DEV-3693,172,2022-10-02T11:40:47.370Z,2026-09-21T07:01:38.075Z
DEMO-DEV-3725,172,2022-10-08T00:03:26.246Z,2026-09-21T16:15:20.246Z
DEMO-DEV-3757,172,2022-10-25T10:12:10.836Z,2026-09-28T08:28:53.394Z
DEMO-DEV-3857,172,2022-10-11T16:51:59.219Z,2026-09-13T20:20:43.836Z
DEMO-DEV-3858,172,2022-10-08T04:22:04.402Z,2026-09-26T21:32:20.870Z
DEMO-DEV-3905,172,2022-10-19T05:13:47.719Z,2026-09-22T03:38:36.368Z
DEMO-DEV-3962,172,2022-10-07T17:54:17.864Z,2026-09-13T22:20:23.841Z
DEMO-DEV-3966,172,2022-10-09T10:31:53.661Z,2026-09-22T15:25:46.057Z
DEMO-DEV-3977,172,2022-10-04T03:42:43.021Z,2026-09-20T19:40:19.806Z
DEMO-DEV-4039,172,2022-10-06T15:31:43.138Z,2026-09-22T22:33:43.839Z
DEMO-DEV-4092,172,2022-10-04T01:03:47.785Z,2026-09-24T20:27:08.428Z
DEMO-DEV-4137,172,2022-10-13T07:56:47.239Z,2026-09-21T11:48:46.605Z
DEMO-DEV-4188,172,2022-10-12T07:47:32.211Z,2026-09-26T20:28:43.784Z
DEMO-DEV-4240,172,2022-10-04T19:15:45.535Z,2026-09-20T12:33:10.026Z
DEMO-DEV-4259,172,2022-10-03T17:56:04.655Z,2026-09-11T23:21:21.752Z
DEMO-DEV-4364,172,2022-10-13T02:43:23.221Z,2026-09-26T02:02:43.203Z
DEMO-DEV-4367,172,2022-10-09T06:56:12.155Z,2026-09-28T14:37:27.929Z
DEMO-DEV-4424,172,2022-10-08T08:33:48.307Z,2026-08-24T02:44:12.409Z
DEMO-DEV-4476,172,2022-10-05T01:11:26.503Z,2026-09-14T05:06:14.524Z
DEMO-DEV-4588,172,2022-10-08T15:52:37.455Z,2026-09-22T10:45:13.443Z
DEMO-DEV-4713,172,2022-10-05T23:41:46.864Z,2026-09-19T22:07:06.793Z
DEMO-DEV-4716,172,2022-10-02T19:59:55.402Z,2026-09-29T08:44:51.014Z
DEMO-DEV-4725,172,2022-10-03T20:18:53.497Z,2026-09-21T02:02:06.676Z
DEMO-DEV-4726,172,2022-10-07T00:00:56.692Z,2026-09-30T06:42:13.824Z
DEMO-DEV-4819,172,2022-10-05T22:23:32.870Z,2026-09-22T20:16:24.345Z
DEMO-DEV-4894,172,2022-10-03T03:35:17.038Z,2026-09-02T18:16:12.965Z
DEMO-DEV-4925,172,2022-10-30T12:50:41.537Z,2026-09-25T22:05:14.203Z
DEMO-DEV-4950,172,2022-10-02T12:06:12.040Z,2026-09-15T00:14:17.090Z
DEMO-DEV-4964,172,2022-10-10T21:53:04.120Z,2026-09-25T16:17:03.394Z
DEMO-DEV-4973,172,2022-10-03T19:37:21.203Z,2026-09-17T14:28:34.460Z
DEMO-DEV-5045,172,2022-10-17T07:37:17.337Z,2026-09-29T19:25:18.851Z
DEMO-DEV-5142,172,2022-10-04T12:16:01.415Z,2026-09-29T02:46:22.735Z
DEMO-DEV-5146,172,2022-10-01T19:33:53.190Z,2026-09-21T13:49:23.218Z
DEMO-DEV-5196,172,2022-10-02T02:37:39.397Z,2026-09-02T17:55:52.993Z
DEMO-DEV-5329,172,2022-10-02T05:21:39.735Z,2026-09-17T23:33:08.714Z
DEMO-DEV-5355,172,2022-10-12T01:24:52.842Z,2026-09-26T11:03:40.825Z
DEMO-DEV-5380,172,2022-10-04T06:49:25.204Z,2026-09-25T21:10:14.015Z
DEMO-DEV-5406,172,2022-10-11T03:54:34.892Z,2026-09-29T05:50:47.470Z
DEMO-DEV-5435,172,2022-10-03T16:36:28.298Z,2026-09-27T08:57:54.264Z
DEMO-DEV-5474,172,2022-10-07T19:23:19.989Z,2026-09-17T11:13:16.653Z
DEMO-DEV-5744,172,2022-10-05T21:54:09.702Z,2026-09-23T19:39:06.230Z
DEMO-DEV-5837,172,2022-10-05T07:37:55.134Z,2026-09-25T06:25:29.236Z
DEMO-DEV-5840,172,2022-10-18T03:22:42.428Z,2026-09-28T11:02:24.390Z
DEMO-DEV-5891,172,2022-10-02T13:34:00.702Z,2026-09-09T10:19:42.090Z
DEMO-DEV-5895,172,2022-10-08T08:23:09.503Z,2026-09-19T20:52:41.004Z
DEMO-DEV-5997,172,2022-10-04T02:23:19.929Z,2026-09-28T14:49:38.825Z
DEMO-DEV-6075,172,2022-10-11T00:02:41.075Z,2026-09-29T15:11:44.234Z
DEMO-DEV-6126,172,2022-10-10T03:46:23.842Z,2026-09-30T04:17:41.816Z
DEMO-DEV-6151,172,2022-10-02T20:38:45.892Z,2026-09-22T05:10:54.646Z
DEMO-DEV-6163,172,2022-10-03T05:35:11.045Z,2026-09-28T01:29:56.985Z
DEMO-DEV-6200,172,2022-10-05T14:31:47.015Z,2026-09-06T17:38:40.803Z
DEMO-DEV-6203,172,2022-10-01T11:28:13.173Z,2026-09-26T18:17:29.864Z
DEMO-DEV-6236,172,2022-10-04T10:21:12.470Z,2026-09-30T07:20:14.778Z
DEMO-DEV-6250,172,2022-10-04T06:58:01.397Z,2026-09-30T03:18:03.183Z
DEMO-DEV-6429,172,2022-10-22T15:18:56.222Z,2026-09-23T03:02:49.167Z
DEMO-DEV-6477,172,2022-10-26T08:07:53.462Z,2026-09-19T11:01:57.337Z
DEMO-DEV-6558,172,2022-10-12T13:05:09.298Z,2026-09-28T04:18:09.714Z
DEMO-DEV-6578,172,2022-10-07T04:57:14.319Z,2026-09-21T01:26:59.618Z
DEMO-DEV-6618,172,2022-10-05T21:18:07.493Z,2026-09-28T17:34:42.735Z
DEMO-DEV-6625,172,2022-10-04T15:45:43.607Z,2026-09-23T22:26:06.155Z
DEMO-DEV-6675,172,2022-10-17T06:49:12.252Z,2026-09-25T13:46:52.287Z
DEMO-DEV-6719,172,2022-10-09T22:33:21.354Z,2026-09-24T02:31:07.366Z
DEMO-DEV-6747,172,2022-11-06T07:48:02.806Z,2026-09-16T00:32:08.505Z
DEMO-DEV-6781,172,2022-10-03T20:54:09.208Z,2026-09-11T01:28:18.403Z
DEMO-DEV-6789,172,2022-10-03T13:14:44.891Z,2026-09-26T05:10:29.859Z
DEMO-DEV-6807,172,2022-10-13T07:29:51.646Z,2026-09-14T14:02:56.493Z
DEMO-DEV-6893,172,2022-10-07T08:35:20.239Z,2026-09-10T20:00:23.523Z
DEMO-DEV-6941,172,2022-10-01T12:37:10.345Z,2026-09-27T16:34:59.508Z
DEMO-DEV-7075,172,2022-10-04T23:32:25.302Z,2026-09-29T23:57:48.612Z
DEMO-DEV-7146,172,2022-10-18T04:37:47.915Z,2026-09-29T12:50:43.851Z
DEMO-DEV-7159,172,2022-10-06T05:46:56.090Z,2026-09-10T04:17:46.949Z
DEMO-DEV-7169,172,2022-10-08T02:28:50.591Z,2026-09-18T23:10:27.846Z
DEMO-DEV-7173,172,2022-10-11T11:59:59.319Z,2026-09-01T14:03:32.661Z
DEMO-DEV-7185,172,2022-10-02T20:07:18.239Z,2026-09-17T06:39:24.254Z
DEMO-DEV-7229,172,2022-10-01T17:23:00.308Z,2026-09-13T19:40:19.183Z
DEMO-DEV-7272,172,2022-10-12T09:51:01.914Z,2026-09-20T07:39:28.402Z
DEMO-DEV-7414,172,2022-10-16T23:21:28.891Z,2026-09-25T02:26:32.203Z
DEMO-DEV-7422,172,2022-10-01T14:20:22.472Z,2026-09-27T07:57:58.168Z
DEMO-DEV-7461,172,2022-10-12T23:19:26.863Z,2026-09-28T14:51:13.026Z
DEMO-DEV-7517,172,2022-10-01T22:01:34.727Z,2026-09-27T08:31:27.211Z
DEMO-DEV-7565,172,2022-10-10T10:55:09.300Z,2026-09-29T16:10:53.968Z
DEMO-DEV-7618,172,2022-10-03T23:34:34.368Z,2026-09-17T18:45:36.239Z
DEMO-DEV-7630,172,2022-10-20T08:05:03.234Z,2026-09-10T22:26:23.325Z
DEMO-DEV-7663,172,2022-10-02T16:31:52.851Z,2026-09-23T22:56:52.446Z
DEMO-DEV-7716,172,2022-10-02T03:05:43.688Z,2026-09-29T17:15:37.873Z
DEMO-DEV-7737,172,2022-10-16T23:26:00.841Z,2026-09-22T21:44:16.134Z
DEMO-DEV-7774,172,2022-10-09T10:08:24.023Z,2026-09-17T12:55:55.370Z
DEMO-DEV-7823,172,2022-10-05T07:41:15.795Z,2026-09-24T23:36:02.639Z
DEMO-DEV-7833,172,2022-10-12T23:54:33.203Z,2026-09-10T03:10:19.929Z
DEMO-DEV-7872,172,2022-10-08T19:00:58.799Z,2026-08-07T22:20:12.545Z
DEMO-DEV-7887,172,2022-10-06T02:21:32.403Z,2026-09-27T03:26:09.804Z
DEMO-DEV-7939,172,2022-10-08T14:04:11.688Z,2026-09-08T14:00:48.508Z
DEMO-DEV-7985,172,2022-10-02T18:25:00.272Z,2026-09-29T22:11:51.885Z
DEMO-DEV-7988,172,2022-10-02T15:31:06.172Z,2026-09-18T00:53:13.337Z
DEMO-DEV-8073,172,2022-10-09T06:15:39.851Z,2026-09-04T07:56:48.080Z
DEMO-DEV-8099,172,2022-10-06T11:33:42.500Z,2026-09-16T09:27:53.578Z
DEMO-DEV-8110,172,2022-10-05T06:50:07.189Z,2026-09-29T15:31:23.221Z
DEMO-DEV-8204,172,2022-10-02T01:10:35.785Z,2026-09-26T18:54:23.793Z
DEMO-DEV-8206,172,2022-10-11T10:13:51.508Z,2026-09-24T16:43:11.584Z
DEMO-DEV-8222,172,2022-10-03T19:19:18.264Z,2026-09-25T12:09:14.655Z
DEMO-DEV-8259,172,2022-10-14T12:14:09.793Z,2026-09-19T01:16:53.134Z
DEMO-DEV-8283,172,2022-10-08T18:30:44.738Z,2026-09-13T23:12:48.253Z
DEMO-DEV-8381,172,2022-10-06T03:48:40.073Z,2026-09-30T07:36:45.183Z
DEMO-DEV-8450,172,2022-10-01T16:33:06.557Z,2026-09-19T18:32:22.390Z
DEMO-DEV-8542,172,2022-10-05T22:35:35.966Z,2026-09-29T20:06:19.500Z
DEMO-DEV-8575,172,2022-10-04T01:15:18.676Z,2026-09-27T20:49:38.023Z
DEMO-DEV-8635,172,2022-10-02T18:11:50.929Z,2026-09-09T21:47:43.658Z
DEMO-DEV-8772,172,2022-10-08T05:29:35.646Z,2026-09-28T21:53:10.557Z
DEMO-DEV-8845,172,2022-10-02T01:50:41.666Z,2026-09-28T22:04:48.612Z
DEMO-DEV-8961,172,2022-10-10T02:17:44.289Z,2026-09-21T16:57:39.443Z
DEMO-DEV-8969,172,2022-10-02T00:00:53.969Z,2026-09-28T18:36:22.230Z
DEMO-DEV-8998,172,2022-10-14T01:15:23.298Z,2026-09-28T11:26:13.784Z
DEMO-DEV-9023,172,2022-10-10T06:02:12.719Z,2026-09-29T22:30:14.817Z
DEMO-DEV-9035,172,2022-10-05T16:54:20.224Z,2026-09-26T21:33:20.252Z
DEMO-DEV-9062,172,2022-10-10T13:37:33.503Z,2026-09-23T10:18:40.390Z
DEMO-DEV-9126,172,2022-10-01T12:22:12.804Z,2026-09-25T23:12:34.614Z
DEMO-DEV-9263,172,2022-10-06T22:22:03.172Z,2026-09-12T03:46:21.824Z
DEMO-DEV-9283,172,2022-10-01T10:16:06.080Z,2026-09-22T22:16:59.123Z
DEMO-DEV-9299,172,2022-10-05T22:46:00.040Z,2026-09-22T19:45:48.357Z
DEMO-DEV-9341,172,2022-10-14T05:02:43.597Z,2026-09-07T16:11:03.319Z
DEMO-DEV-9571,172,2022-10-08T02:50:23.646Z,2026-09-26T17:11:06.824Z
DEMO-DEV-9614,172,2022-10-16T14:03:22.666Z,2026-09-23T04:15:08.219Z
DEMO-DEV-9677,172,2022-10-02T09:58:12.948Z,2026-09-27T16:07:34.264Z
DEMO-DEV-9713,172,2022-10-01T23:37:07.298Z,2026-09-20T19:15:28.302Z
DEMO-DEV-9809,172,2022-10-04T20:45:20.806Z,2026-09-25T17:40:41.225Z
DEMO-DEV-9890,172,2022-10-15T09:36:42.218Z,2026-09-16T15:00:15.460Z
DEMO-DEV-9902,172,2022-10-29T11:33:41.387Z,2026-09-15T06:00:00.236Z
DEMO-DEV-9923,172,2022-10-07T03:44:18.612Z,2026-09-17T21:50:47.289Z
DEMO-DEV-9945,172,2022-10-05T03:24:40.784Z,2026-09-26T08:20:22.658Z
DEMO-DEV-0017,171,2022-10-22T08:08:13.846Z,2026-09-28T04:58:17.841Z
DEMO-DEV-0145,171,2022-10-06T10:57:18.799Z,2026-09-28T23:15:32.264Z
DEMO-DEV-0166,171,2022-10-06T18:38:38.503Z,2026-09-23T01:19:35.289Z
DEMO-DEV-0184,171,2022-10-05T20:44:19.784Z,2026-09-07T12:02:36.345Z
DEMO-DEV-0190,171,2022-10-13T22:03:57.038Z,2026-09-20T04:16:41.851Z
DEMO-DEV-0363,171,2022-10-14T10:30:32.150Z,2026-09-14T01:12:41.653Z
DEMO-DEV-0380,171,2022-10-12T22:28:16.225Z,2026-09-22T13:01:08.618Z
DEMO-DEV-0403,171,2022-10-01T18:23:25.555Z,2026-09-25T00:41:59.337Z
DEMO-DEV-0430,171,2022-10-01T10:37:53.719Z,2026-09-20T19:30:41.968Z
DEMO-DEV-0453,171,2022-10-06T09:51:26.765Z,2026-09-28T00:33:01.391Z
DEMO-DEV-0466,171,2022-10-11T14:07:28.161Z,2026-08-28T18:41:50.205Z
DEMO-DEV-0474,171,2022-10-10T17:06:49.168Z,2026-09-21T18:05:26.428Z
DEMO-DEV-0555,171,2022-11-02T16:02:14.950Z,2026-09-24T10:57:24.455Z
DEMO-DEV-0633,171,2022-10-05T21:33:19.015Z,2026-09-27T16:37:49.803Z
DEMO-DEV-0638,171,2022-10-09T05:34:29.968Z,2026-09-28T01:25:31.120Z
DEMO-DEV-0699,171,2022-10-14T16:14:47.556Z,2026-09-11T11:08:28.287Z
DEMO-DEV-0703,171,2022-10-04T17:04:30.167Z,2026-09-19T16:19:20.778Z
DEMO-DEV-0716,171,2022-10-23T17:21:22.319Z,2026-09-25T23:18:09.785Z
DEMO-DEV-0785,171,2022-10-09T12:09:15.968Z,2026-09-26T20:24:52.738Z
DEMO-DEV-0812,171,2022-10-03T13:39:45.045Z,2026-09-05T00:01:01.825Z
DEMO-DEV-0857,171,2022-10-07T10:35:17.485Z,2026-09-25T21:25:33.289Z
DEMO-DEV-1052,171,2022-10-09T22:35:24.204Z,2026-09-25T22:48:20.974Z
DEMO-DEV-1085,171,2022-10-10T07:20:24.799Z,2026-09-15T14:58:02.841Z
DEMO-DEV-1170,171,2022-10-16T07:20:53.226Z,2026-09-25T23:42:21.836Z
DEMO-DEV-1263,171,2022-10-08T11:47:07.365Z,2026-09-25T19:04:30.222Z
DEMO-DEV-1267,171,2022-10-02T22:30:55.816Z,2026-09-18T01:08:04.443Z
DEMO-DEV-1325,171,2022-10-07T08:39:31.203Z,2026-09-27T11:30:55.225Z
DEMO-DEV-1403,171,2022-10-17T20:48:19.867Z,2026-09-25T01:22:58.040Z
DEMO-DEV-1411,171,2022-10-04T06:28:15.599Z,2026-09-22T11:48:59.989Z
DEMO-DEV-1493,171,2022-10-02T12:58:15.232Z,2026-09-29T06:48:45.026Z
DEMO-DEV-1503,171,2022-10-09T08:47:43.120Z,2026-09-18T09:51:30.308Z
DEMO-DEV-1536,171,2022-10-07T05:18:49.915Z,2026-09-22T10:05:42.254Z
DEMO-DEV-1548,171,2022-10-05T14:21:04.816Z,2026-08-28T13:22:10.524Z
DEMO-DEV-1554,171,2022-10-02T20:46:07.503Z,2026-09-14T00:27:05.246Z
DEMO-DEV-1560,171,2022-10-03T02:14:32.508Z,2026-09-14T10:43:00.466Z
DEMO-DEV-1597,171,2022-10-05T08:28:05.806Z,2026-09-26T20:51:24.272Z
DEMO-DEV-1637,171,2022-10-02T00:03:22.692Z,2026-09-26T12:12:04.929Z
DEMO-DEV-1665,171,2022-10-04T21:20:34.470Z,2026-09-19T22:16:38.661Z
DEMO-DEV-1755,171,2022-10-16T19:00:19.026Z,2026-09-29T17:34:37.929Z
DEMO-DEV-1864,171,2022-10-08T23:44:04.968Z,2026-09-22T15:57:49.394Z
DEMO-DEV-1876,171,2022-10-10T14:13:58.462Z,2026-09-21T11:13:09.315Z
DEMO-DEV-1935,171,2022-10-02T06:12:36.735Z,2026-09-15T03:12:05.817Z
DEMO-DEV-2087,171,2022-10-01T13:01:53.591Z,2026-09-27T03:10:56.688Z
DEMO-DEV-2263,171,2022-10-09T08:54:44.226Z,2026-09-23T00:51:34.804Z
DEMO-DEV-2429,171,2022-10-01T16:05:18.599Z,2026-09-26T18:01:42.987Z
DEMO-DEV-2452,171,2022-10-06T08:58:39.655Z,2026-09-20T05:31:51.824Z
DEMO-DEV-2519,171,2022-10-06T08:53:45.688Z,2026-09-28T18:06:38.446Z
DEMO-DEV-2540,171,2022-10-14T04:27:43.087Z,2026-09-28T02:10:27.661Z
DEMO-DEV-2576,171,2022-10-05T18:19:52.134Z,2026-09-14T09:39:49.337Z
DEMO-DEV-2603,171,2022-10-02T21:50:40.365Z,2026-09-22T00:31:22.268Z
DEMO-DEV-2676,171,2022-10-04T09:41:18.205Z,2026-09-21T14:55:00.442Z
DEMO-DEV-2772,171,2022-10-03T21:26:12.037Z,2026-09-28T11:32:41.735Z
DEMO-DEV-2775,171,2022-10-03T19:02:16.298Z,2026-09-19T08:56:28.765Z
DEMO-DEV-2784,171,2022-10-01T23:24:24.403Z,2026-09-15T21:36:36.272Z
DEMO-DEV-2796,171,2022-10-04T20:35:58.612Z,2026-09-29T19:16:01.165Z
DEMO-DEV-2805,171,2022-10-05T20:37:52.026Z,2026-09-15T05:47:23.466Z
DEMO-DEV-2828,171,2022-10-19T01:04:26.300Z,2026-09-12T01:46:51.253Z
DEMO-DEV-2856,171,2022-10-18T18:36:21.138Z,2026-09-22T03:02:35.985Z
DEMO-DEV-3044,171,2022-10-06T14:51:34.226Z,2026-09-27T22:07:23.792Z
DEMO-DEV-3084,171,2022-10-06T21:22:37.250Z,2026-09-29T11:04:40.264Z
DEMO-DEV-3085,171,2022-10-03T10:25:36.455Z,2026-09-24T03:17:59.607Z
DEMO-DEV-3168,171,2022-10-09T15:43:29.287Z,2026-09-27T06:43:27.785Z
DEMO-DEV-3250,171,2022-10-19T03:26:09.173Z,2026-09-22T23:46:53.345Z
DEMO-DEV-3262,171,2022-10-18T14:37:06.319Z,2026-09-26T21:17:04.702Z
DEMO-DEV-3276,171,2022-10-02T12:17:24.505Z,2026-09-20T06:41:39.975Z
DEMO-DEV-3279,171,2022-10-04T03:33:21.428Z,2026-09-14T15:18:56.868Z
DEMO-DEV-3280,171,2022-10-07T14:19:09.337Z,2026-09-25T00:17:21.466Z
DEMO-DEV-3344,171,2022-10-04T11:58:19.524Z,2026-09-20T14:03:03.524Z
DEMO-DEV-3354,171,2022-10-08T19:08:56.597Z,2026-09-23T11:20:56.825Z
DEMO-DEV-3383,171,2022-10-02T14:30:52.989Z,2026-09-25T01:45:48.165Z
DEMO-DEV-3481,171,2022-10-05T11:47:28.485Z,2026-09-18T11:41:21.859Z
DEMO-DEV-3530,171,2022-10-01T23:31:04.605Z,2026-09-16T09:36:25.969Z
DEMO-DEV-3634,171,2022-10-04T18:10:58.738Z,2026-09-22T23:06:38.015Z
DEMO-DEV-3765,171,2022-10-13T02:27:30.868Z,2026-09-27T10:29:21.460Z
DEMO-DEV-3770,171,2022-10-04T12:47:07.646Z,2026-09-29T07:29:45.254Z
DEMO-DEV-3807,171,2022-10-01T15:59:30.870Z,2026-09-24T14:09:09.503Z
DEMO-DEV-3869,171,2022-10-01T20:22:57.917Z,2026-09-24T10:30:25.409Z
DEMO-DEV-4000,171,2022-10-05T12:46:45.203Z,2026-09-12T22:33:15.868Z
DEMO-DEV-4026,171,2022-10-02T07:27:11.508Z,2026-09-26T14:13:50.584Z
DEMO-DEV-4078,171,2022-10-27T15:42:42.403Z,2026-09-29T16:51:08.370Z
DEMO-DEV-4161,171,2022-10-13T18:25:48.892Z,2026-09-29T10:41:10.646Z
DEMO-DEV-4216,171,2022-10-04T00:08:20.929Z,2026-09-29T22:38:26.843Z
DEMO-DEV-4264,171,2022-10-11T03:16:09.527Z,2026-09-22T06:13:33.870Z
DEMO-DEV-4286,171,2022-10-10T06:52:51.655Z,2026-09-03T17:01:18.879Z
DEMO-DEV-4349,171,2022-10-02T01:28:45.511Z,2026-09-23T23:50:42.037Z
DEMO-DEV-4376,171,2022-10-20T09:33:30.966Z,2026-09-18T11:10:10.023Z
DEMO-DEV-4456,171,2022-10-06T20:00:51.842Z,2026-09-26T14:54:50.692Z
DEMO-DEV-4465,171,2022-10-05T05:30:59.843Z,2026-09-28T21:45:30.527Z
DEMO-DEV-4477,171,2022-10-02T15:34:00.914Z,2026-09-17T18:12:12.646Z
DEMO-DEV-4482,171,2022-10-09T04:22:05.087Z,2026-09-22T19:09:21.884Z
DEMO-DEV-4554,171,2022-10-26T22:25:15.646Z,2026-09-24T08:56:15.682Z
DEMO-DEV-4592,171,2022-10-06T00:02:52.803Z,2026-09-21T02:44:23.173Z
DEMO-DEV-4598,171,2022-10-04T09:54:02.236Z,2026-09-10T11:50:37.442Z
DEMO-DEV-4642,171,2022-10-11T15:51:51.246Z,2026-09-25T15:11:11.077Z
DEMO-DEV-4719,171,2022-10-12T21:32:35.387Z,2026-09-18T06:21:40.264Z
DEMO-DEV-4735,171,2022-10-02T23:13:24.993Z,2026-09-27T13:05:29.851Z
DEMO-DEV-4778,171,2022-10-10T10:12:14.236Z,2026-09-20T20:53:25.949Z
DEMO-DEV-4858,171,2022-10-01T16:05:38.885Z,2026-09-23T02:43:48.817Z
DEMO-DEV-4946,171,2022-10-08T14:11:06.692Z,2026-09-26T19:24:22.646Z
DEMO-DEV-4999,171,2022-10-06T00:27:32.816Z,2026-09-21T07:59:25.692Z
DEMO-DEV-5016,171,2022-10-07T21:00:46.727Z,2026-09-13T16:05:43.915Z
DEMO-DEV-5026,171,2022-10-04T17:57:07.246Z,2026-09-25T18:19:28.254Z
DEMO-DEV-5080,171,2022-10-02T17:26:16.172Z,2026-09-22T01:05:35.352Z
DEMO-DEV-5165,171,2022-10-04T19:40:56.618Z,2026-09-26T16:05:10.989Z
DEMO-DEV-5238,171,2022-10-07T19:48:59.390Z,2026-09-25T16:52:18.428Z
DEMO-DEV-5278,171,2022-10-02T06:46:55.870Z,2026-09-17T06:21:19.387Z
DEMO-DEV-5280,171,2022-10-20T05:56:27.653Z,2026-09-25T08:17:50.397Z
DEMO-DEV-5325,171,2022-10-02T19:40:39.370Z,2026-09-27T01:11:37.204Z
DEMO-DEV-5362,171,2022-10-05T13:07:24.080Z,2026-09-28T17:55:45.462Z
DEMO-DEV-5456,171,2022-10-12T09:38:10.226Z,2026-09-28T09:49:46.864Z
DEMO-DEV-5498,171,2022-10-02T00:02:40.636Z,2026-09-18T16:37:54.870Z
DEMO-DEV-5523,171,2022-10-01T22:56:32.727Z,2026-09-07T14:26:48.252Z
DEMO-DEV-5528,171,2022-10-02T07:37:13.368Z,2026-09-24T09:20:43.666Z
DEMO-DEV-5608,171,2022-10-10T20:12:30.234Z,2026-09-30T06:25:56.466Z
DEMO-DEV-5618,171,2022-10-22T09:22:48.236Z,2026-09-30T07:37:21.782Z
DEMO-DEV-5632,171,2022-10-02T15:20:04.485Z,2026-09-30T05:14:43.784Z
DEMO-DEV-5636,171,2022-10-25T20:56:39.568Z,2026-09-12T15:24:39.778Z
DEMO-DEV-5652,171,2022-10-09T20:51:01.792Z,2026-08-25T14:46:04.519Z
DEMO-DEV-5659,171,2022-10-04T14:58:38.428Z,2026-09-28T17:56:17.966Z
DEMO-DEV-5705,171,2022-10-14T18:51:31.387Z,2026-09-13T10:45:55.203Z
DEMO-DEV-5718,171,2022-10-11T20:07:50.409Z,2026-09-26T14:25:18.661Z
DEMO-DEV-5733,171,2022-10-01T09:09:34.949Z,2026-09-18T11:18:38.666Z
DEMO-DEV-5741,171,2022-10-14T12:50:41.612Z,2026-09-14T10:39:40.168Z
DEMO-DEV-5785,171,2022-10-07T06:47:45.345Z,2026-09-29T04:12:37.646Z
DEMO-DEV-5842,171,2022-10-11T19:38:27.503Z,2026-09-23T09:31:04.714Z
DEMO-DEV-5865,171,2022-10-16T07:29:29.578Z,2026-09-23T06:19:08.568Z
DEMO-DEV-5880,171,2022-10-16T04:10:43.190Z,2026-09-29T13:42:39.203Z
DEMO-DEV-5913,171,2022-10-03T03:09:03.842Z,2026-09-29T20:54:27.455Z
DEMO-DEV-5954,171,2022-10-02T08:58:08.877Z,2026-09-27T04:57:13.264Z
DEMO-DEV-5964,171,2022-10-23T03:25:55.402Z,2026-09-26T22:55:36.203Z
DEMO-DEV-5994,171,2022-10-01T08:34:10.661Z,2026-09-24T07:27:00.446Z
DEMO-DEV-6074,171,2022-10-01T14:55:09.004Z,2026-09-11T21:08:20.915Z
DEMO-DEV-6118,171,2022-10-09T12:18:24.511Z,2026-09-19T19:24:46.688Z
DEMO-DEV-6214,171,2022-10-01T08:57:26.023Z,2026-09-14T14:03:05.155Z
DEMO-DEV-6230,171,2022-10-23T19:05:31.754Z,2026-09-21T16:48:37.597Z
DEMO-DEV-6239,171,2022-10-28T19:27:44.319Z,2026-09-17T10:54:14.172Z
DEMO-DEV-6262,171,2022-10-01T17:23:37.975Z,2026-09-23T07:48:07.885Z
DEMO-DEV-6308,171,2022-10-07T02:44:25.599Z,2026-09-16T00:43:36.287Z
DEMO-DEV-6414,171,2022-10-05T15:02:21.648Z,2026-09-24T05:43:11.077Z
DEMO-DEV-6433,171,2022-10-03T00:49:41.250Z,2026-09-21T01:15:34.300Z
DEMO-DEV-6460,171,2022-10-17T22:50:46.428Z,2026-09-25T20:15:28.867Z
DEMO-DEV-6469,171,2022-10-14T17:02:09.287Z,2026-08-30T11:55:01.391Z
DEMO-DEV-6499,171,2022-10-09T08:40:14.160Z,2026-09-25T14:15:16.397Z
DEMO-DEV-6529,171,2022-10-07T18:36:46.080Z,2026-09-28T14:41:53.929Z
DEMO-DEV-6593,171,2022-10-20T19:36:35.817Z,2026-09-22T09:53:36.804Z
DEMO-DEV-6903,171,2022-10-18T05:57:54.205Z,2026-09-28T01:08:08.192Z
DEMO-DEV-6978,171,2022-10-02T17:26:34.442Z,2026-09-28T18:26:25.508Z
DEMO-DEV-6984,171,2022-10-04T15:45:26.357Z,2026-09-25T19:08:16.884Z
DEMO-DEV-7018,171,2022-10-17T05:30:44.803Z,2026-09-11T02:14:50.165Z
DEMO-DEV-7054,171,2022-10-15T00:06:26.785Z,2026-09-17T20:13:14.846Z
DEMO-DEV-7080,171,2022-10-03T17:20:53.682Z,2026-09-23T01:57:43.218Z
DEMO-DEV-7107,171,2022-10-03T10:00:31.993Z,2026-09-30T06:16:45.068Z
DEMO-DEV-7117,171,2022-10-04T20:04:38.817Z,2026-09-27T21:57:01.073Z
DEMO-DEV-7131,171,2022-10-03T08:59:28.535Z,2026-09-29T04:23:20.523Z
DEMO-DEV-7244,171,2022-10-13T02:49:43.160Z,2026-09-20T03:52:30.221Z
DEMO-DEV-7250,171,2022-10-11T16:55:16.653Z,2026-09-24T16:06:23.989Z
DEMO-DEV-7324,171,2022-10-07T18:11:18.497Z,2026-09-26T17:49:45.913Z
DEMO-DEV-7348,171,2022-10-17T21:56:29.738Z,2026-08-26T15:47:17.221Z
DEMO-DEV-7488,171,2022-10-07T10:08:59.208Z,2026-09-22T01:39:41.021Z
DEMO-DEV-7561,171,2022-10-09T03:39:23.661Z,2026-09-09T09:21:33.863Z
DEMO-DEV-7635,171,2022-10-08T21:50:11.591Z,2026-09-09T12:40:12.568Z
DEMO-DEV-7643,171,2022-10-12T05:43:58.968Z,2026-09-13T12:05:07.795Z
DEMO-DEV-7679,171,2022-10-07T14:30:05.345Z,2026-09-20T01:09:18.239Z
DEMO-DEV-7681,171,2022-10-14T15:33:27.172Z,2026-09-20T19:22:12.929Z
DEMO-DEV-7772,171,2022-10-03T13:29:26.272Z,2026-09-19T15:15:01.885Z
DEMO-DEV-7819,171,2022-10-11T02:58:44.782Z,2026-09-21T06:25:48.535Z
DEMO-DEV-7821,171,2022-10-02T03:19:36.161Z,2026-09-27T03:37:24.556Z
DEMO-DEV-7849,171,2022-10-03T07:02:56.139Z,2026-09-26T11:09:48.806Z
DEMO-DEV-7929,171,2022-10-06T00:58:20.719Z,2026-09-22T21:22:38.037Z
DEMO-DEV-7942,171,2022-10-14T18:56:41.738Z,2026-09-26T18:39:51.648Z
DEMO-DEV-8012,171,2022-10-13T13:52:37.614Z,2026-09-17T18:43:39.075Z
DEMO-DEV-8020,171,2022-10-12T21:03:46.646Z,2026-09-19T20:08:09.352Z
DEMO-DEV-8053,171,2022-10-02T04:03:41.658Z,2026-09-16T18:23:00.843Z
DEMO-DEV-8056,171,2022-10-04T15:56:00.557Z,2026-09-29T20:26:22.120Z
DEMO-DEV-8116,171,2022-10-02T01:13:29.607Z,2026-09-28T04:32:18.811Z
DEMO-DEV-8122,171,2022-10-02T13:51:24.607Z,2026-09-29T04:46:17.403Z
DEMO-DEV-8165,171,2022-10-02T03:16:40.824Z,2026-09-22T09:39:30.816Z
DEMO-DEV-8219,171,2022-10-06T22:38:44.134Z,2026-09-29T21:14:13.917Z
DEMO-DEV-8235,171,2022-10-31T17:56:52.298Z,2026-09-14T00:16:04.511Z
DEMO-DEV-8255,171,2022-10-07T20:59:08.785Z,2026-09-19T00:16:33.614Z
DEMO-DEV-8389,171,2022-10-06T05:10:08.365Z,2026-09-15T14:44:41.511Z
DEMO-DEV-8463,171,2022-10-08T09:03:14.727Z,2026-09-12T16:15:04.969Z
DEMO-DEV-8548,171,2022-10-01T19:21:36.080Z,2026-09-19T22:29:33.167Z
DEMO-DEV-8561,171,2022-10-03T21:22:18.160Z,2026-09-29T18:46:56.692Z
DEMO-DEV-8657,171,2022-10-11T06:34:16.291Z,2026-09-23T09:36:24.655Z
DEMO-DEV-8677,171,2022-10-02T19:27:52.993Z,2026-09-28T02:02:32.442Z
DEMO-DEV-8794,171,2022-10-05T02:14:24.222Z,2026-09-28T14:03:01.402Z
DEMO-DEV-8868,171,2022-10-04T23:31:08.024Z,2026-09-24T18:01:28.661Z
DEMO-DEV-8871,171,2022-11-11T10:10:46.842Z,2026-09-11T02:05:11.238Z
DEMO-DEV-8872,171,2022-10-04T04:58:02.234Z,2026-09-29T03:27:07.319Z
DEMO-DEV-8879,171,2022-10-01T20:18:19.817Z,2026-09-20T23:07:25.537Z
DEMO-DEV-8898,171,2022-10-02T11:59:43.021Z,2026-09-26T06:57:04.612Z
DEMO-DEV-9019,171,2022-10-05T05:52:55.863Z,2026-09-28T06:07:31.442Z
DEMO-DEV-9036,171,2022-10-06T09:09:35.661Z,2026-09-23T23:25:27.460Z
DEMO-DEV-9037,171,2022-10-05T13:35:38.968Z,2026-09-27T21:27:03.120Z
DEMO-DEV-9138,171,2022-10-03T11:03:20.172Z,2026-09-26T12:21:49.785Z
DEMO-DEV-9177,171,2022-10-07T13:35:17.989Z,2026-09-11T17:05:44.966Z
DEMO-DEV-9204,171,2022-10-04T16:29:21.120Z,2026-09-29T12:42:34.885Z
DEMO-DEV-9338,171,2022-10-16T16:11:08.161Z,2026-09-17T11:24:08.846Z
DEMO-DEV-9340,171,2022-10-14T00:05:08.319Z,2026-09-29T07:39:44.165Z
DEMO-DEV-9346,171,2022-10-09T05:54:25.811Z,2026-09-14T06:50:21.254Z
DEMO-DEV-9375,171,2022-10-20T21:22:48.966Z,2026-09-24T04:57:57.865Z
DEMO-DEV-9386,171,2022-10-05T15:42:18.211Z,2026-09-13T16:14:35.614Z
DEMO-DEV-9387,171,2022-10-05T21:52:54.839Z,2026-09-28T05:04:57.308Z
DEMO-DEV-9435,171,2022-10-02T04:28:41.150Z,2026-09-22T00:10:22.989Z
DEMO-DEV-9545,171,2022-10-10T07:45:16.714Z,2026-09-28T13:01:18.948Z
DEMO-DEV-9681,171,2022-10-28T08:56:22.784Z,2026-09-16T00:26:52.668Z
DEMO-DEV-9788,171,2022-10-18T19:03:39.221Z,2026-09-08T09:16:32.870Z
DEMO-DEV-9876,171,2022-10-16T00:04:01.077Z,2026-09-16T15:02:14.527Z
DEMO-DEV-9919,171,2022-11-03T01:00:11.884Z,2026-09-26T16:35:43.087Z
DEMO-DEV-9988,171,2022-10-08T14:05:27.825Z,2026-09-26T12:44:33.123Z
DEMO-DEV-9991,171,2022-10-02T04:46:34.806Z,2026-09-23T13:05:58.368Z
DEMO-DEV-0014,170,2022-10-06T10:11:26.891Z,2026-09-27T13:57:20.345Z
DEMO-DEV-0094,170,2022-10-07T11:40:14.804Z,2026-09-27T23:37:45.075Z
DEMO-DEV-0098,170,2022-10-01T10:25:17.236Z,2026-09-24T23:40:03.138Z
DEMO-DEV-0163,170,2022-10-02T05:21:00.864Z,2026-09-29T05:24:27.535Z
DEMO-DEV-0216,170,2022-10-15T22:05:52.891Z,2026-09-07T21:27:41.811Z
DEMO-DEV-0220,170,2022-10-08T03:09:04.365Z,2026-09-18T10:27:18.735Z
DEMO-DEV-0233,170,2022-10-06T14:18:50.027Z,2026-09-20T03:34:15.965Z
DEMO-DEV-0239,170,2022-10-08T02:08:00.075Z,2026-09-14T01:07:40.308Z
DEMO-DEV-0255,170,2022-10-01T17:07:28.466Z,2026-09-26T08:28:06.391Z
DEMO-DEV-0330,170,2022-10-11T00:09:35.455Z,2026-09-22T17:24:42.219Z
DEMO-DEV-0332,170,2022-10-06T13:43:06.949Z,2026-09-29T08:50:12.161Z
DEMO-DEV-0371,170,2022-10-25T00:27:22.246Z,2026-09-22T23:34:24.493Z
DEMO-DEV-0420,170,2022-10-15T05:40:48.879Z,2026-09-25T09:57:59.817Z
DEMO-DEV-0484,170,2022-10-21T14:13:31.824Z,2026-09-26T20:26:54.307Z
DEMO-DEV-0547,170,2022-10-03T23:46:28.192Z,2026-09-19T20:47:58.803Z
DEMO-DEV-0548,170,2022-10-05T09:57:42.752Z,2026-09-28T00:17:18.877Z
DEMO-DEV-0563,170,2022-10-18T06:07:52.203Z,2026-09-20T16:34:28.929Z
DEMO-DEV-0617,170,2022-10-12T10:22:47.442Z,2026-09-20T04:19:46.023Z
DEMO-DEV-0656,170,2022-10-04T15:19:57.443Z,2026-09-04T14:06:14.387Z
DEMO-DEV-0679,170,2022-10-08T07:36:15.965Z,2026-09-18T19:12:56.929Z
DEMO-DEV-0713,170,2022-10-04T21:22:21.969Z,2026-08-27T17:20:18.792Z
DEMO-DEV-0737,170,2022-10-07T14:38:27.702Z,2026-09-16T14:58:10.272Z
DEMO-DEV-0790,170,2022-10-27T15:12:48.646Z,2026-09-09T04:23:37.045Z
DEMO-DEV-0843,170,2022-10-04T12:53:48.045Z,2026-09-23T10:20:14.974Z
DEMO-DEV-0844,170,2022-10-04T06:46:36.816Z,2026-09-25T13:43:38.472Z
DEMO-DEV-0846,170,2022-10-02T00:56:06.824Z,2026-09-21T21:41:42.315Z
DEMO-DEV-1022,170,2022-10-08T22:48:25.636Z,2026-09-29T08:43:24.836Z
DEMO-DEV-1103,170,2022-10-06T21:12:06.612Z,2026-09-29T15:24:40.948Z
DEMO-DEV-1112,170,2022-10-02T00:00:34.370Z,2026-09-29T21:18:57.390Z
DEMO-DEV-1135,170,2022-10-01T20:09:33.666Z,2026-09-22T08:43:09.014Z
DEMO-DEV-1193,170,2022-10-08T02:29:45.232Z,2026-09-24T04:33:40.806Z
DEMO-DEV-1230,170,2022-10-14T22:32:44.839Z,2026-09-28T03:04:04.225Z
DEMO-DEV-1284,170,2022-10-02T20:11:46.366Z,2026-09-01T06:23:03.415Z
DEMO-DEV-1409,170,2022-10-01T21:52:56.817Z,2026-09-15T00:26:41.222Z
DEMO-DEV-1418,170,2022-10-05T07:04:55.387Z,2026-09-26T01:27:27.357Z
DEMO-DEV-1497,170,2022-10-09T08:46:41.172Z,2026-09-12T16:44:42.503Z
DEMO-DEV-1537,170,2022-10-15T16:09:17.666Z,2026-09-13T08:53:29.366Z
DEMO-DEV-1611,170,2022-10-08T12:13:00.503Z,2026-09-23T00:05:50.394Z
DEMO-DEV-1677,170,2022-10-13T14:53:30.754Z,2026-09-19T04:00:06.455Z
DEMO-DEV-1761,170,2022-10-02T07:39:00.785Z,2026-09-30T02:04:14.636Z
DEMO-DEV-1910,170,2022-10-09T22:47:20.161Z,2026-09-29T07:48:44.307Z
DEMO-DEV-1914,170,2022-10-21T15:45:11.524Z,2026-09-28T18:03:01.719Z
DEMO-DEV-1922,170,2022-10-14T23:43:31.387Z,2026-09-17T16:29:15.806Z
DEMO-DEV-1983,170,2022-10-12T19:37:20.308Z,2026-09-21T04:49:37.948Z
DEMO-DEV-2009,170,2022-10-02T16:21:55.870Z,2026-08-31T01:02:14.607Z
DEMO-DEV-2053,170,2022-10-05T00:20:54.120Z,2026-09-26T23:28:44.792Z
DEMO-DEV-2132,170,2022-10-17T22:30:07.524Z,2026-09-25T00:02:42.803Z
DEMO-DEV-2134,170,2022-10-04T02:48:28.080Z,2026-09-07T23:32:48.239Z
DEMO-DEV-2326,170,2022-10-29T17:31:19.950Z,2026-09-09T20:14:00.192Z
DEMO-DEV-2406,170,2022-10-06T13:59:47.891Z,2026-09-23T14:33:57.023Z
DEMO-DEV-2430,170,2022-10-09T13:28:45.218Z,2026-09-20T00:53:05.969Z
DEMO-DEV-2431,170,2022-11-04T11:07:39.877Z,2026-09-24T01:38:05.605Z
DEMO-DEV-2544,170,2022-10-17T14:10:34.466Z,2026-09-15T09:35:08.784Z
DEMO-DEV-2555,170,2022-10-10T08:54:56.816Z,2026-09-17T13:17:42.120Z
DEMO-DEV-2582,170,2022-10-06T03:45:45.172Z,2026-09-27T02:40:36.666Z
DEMO-DEV-2715,170,2022-10-07T01:01:24.167Z,2026-09-27T19:53:13.226Z
DEMO-DEV-2730,170,2022-10-05T00:08:27.308Z,2026-09-28T21:35:41.989Z
DEMO-DEV-2731,170,2022-10-30T22:24:27.403Z,2026-09-21T18:45:01.754Z
DEMO-DEV-2771,170,2022-10-02T20:33:07.607Z,2026-09-29T17:01:07.867Z
DEMO-DEV-2782,170,2022-10-06T17:42:08.648Z,2026-08-30T18:16:15.462Z
DEMO-DEV-2785,170,2022-10-01T12:44:54.966Z,2026-09-24T16:05:39.806Z
DEMO-DEV-2837,170,2022-10-31T13:13:53.842Z,2026-09-17T07:30:24.023Z
DEMO-DEV-2920,170,2022-10-12T10:04:42.511Z,2026-09-29T17:29:13.523Z
DEMO-DEV-2994,170,2022-10-03T13:47:15.123Z,2026-09-16T16:44:50.485Z
DEMO-DEV-2995,170,2022-10-11T12:45:24.470Z,2026-09-29T07:57:38.500Z
DEMO-DEV-3021,170,2022-10-04T20:32:37.315Z,2026-09-16T23:03:36.719Z
DEMO-DEV-3061,170,2022-10-06T00:08:12.584Z,2026-08-21T07:50:53.867Z
DEMO-DEV-3135,170,2022-10-04T02:10:16.639Z,2026-09-12T05:11:57.391Z
DEMO-DEV-3152,170,2022-10-12T10:48:24.239Z,2026-09-23T03:33:48.816Z
DEMO-DEV-3171,170,2022-10-12T20:54:58.234Z,2026-09-27T02:28:50.655Z
DEMO-DEV-3256,170,2022-10-01T21:38:20.816Z,2026-09-30T04:13:42.584Z
DEMO-DEV-3411,170,2022-10-02T22:41:34.599Z,2026-09-17T20:54:35.172Z
DEMO-DEV-3463,170,2022-10-14T04:03:37.391Z,2026-09-07T14:44:18.366Z
DEMO-DEV-3508,170,2022-10-07T14:18:06.867Z,2026-09-24T10:46:16.253Z
DEMO-DEV-3548,170,2022-10-02T23:06:54.287Z,2026-09-28T18:12:05.234Z
DEMO-DEV-3563,170,2022-10-14T17:38:00.272Z,2026-09-30T02:33:58.782Z
DEMO-DEV-3581,170,2022-10-25T20:32:52.075Z,2026-09-21T03:12:53.252Z
DEMO-DEV-3598,170,2022-10-14T03:11:17.786Z,2026-09-25T10:49:37.090Z
DEMO-DEV-3602,170,2022-10-01T09:30:58.252Z,2026-09-13T04:47:39.817Z
DEMO-DEV-3607,170,2022-10-03T09:05:32.370Z,2026-09-29T03:36:09.817Z
DEMO-DEV-3680,170,2022-10-19T04:33:37.513Z,2026-09-20T11:04:52.287Z
DEMO-DEV-3951,170,2022-10-05T14:55:00.045Z,2026-09-25T14:45:01.648Z
DEMO-DEV-3996,170,2022-10-03T11:48:02.917Z,2026-09-13T12:02:26.754Z
DEMO-DEV-3997,170,2022-10-15T17:18:13.799Z,2026-09-27T06:06:23.219Z
DEMO-DEV-4122,170,2022-11-14T22:18:04.682Z,2026-09-28T16:10:33.004Z
DEMO-DEV-4173,170,2022-10-21T07:27:49.218Z,2026-09-28T19:21:18.208Z
DEMO-DEV-4272,170,2022-10-10T07:12:24.120Z,2026-09-25T06:40:40.599Z
DEMO-DEV-4298,170,2022-10-19T17:11:36.221Z,2026-09-18T15:03:42.868Z
DEMO-DEV-4326,170,2022-10-02T07:36:46.232Z,2026-09-26T23:54:59.219Z
DEMO-DEV-4426,170,2022-10-14T12:05:27.692Z,2026-09-16T03:30:46.442Z
DEMO-DEV-4442,170,2022-10-02T16:18:52.618Z,2026-09-29T23:08:40.614Z
DEMO-DEV-4453,170,2022-10-04T04:46:40.929Z,2026-09-27T12:49:25.352Z
DEMO-DEV-4479,170,2022-10-05T23:40:38.021Z,2026-09-17T23:29:57.190Z
DEMO-DEV-4537,170,2022-10-08T21:31:42.288Z,2026-09-27T01:15:36.811Z
DEMO-DEV-4572,170,2022-10-13T03:36:40.793Z,2026-09-28T04:08:09.337Z
DEMO-DEV-4637,170,2022-10-07T14:12:26.337Z,2026-09-23T08:05:27.224Z
DEMO-DEV-4661,170,2022-10-24T00:00:33.203Z,2026-09-27T07:54:00.511Z
DEMO-DEV-4669,170,2022-10-03T05:56:38.455Z,2026-09-29T07:57:45.139Z
DEMO-DEV-4709,170,2022-10-26T23:00:23.300Z,2026-09-23T15:16:21.784Z
DEMO-DEV-4723,170,2022-10-11T04:35:56.618Z,2026-09-26T17:58:31.409Z
DEMO-DEV-4750,170,2022-10-16T06:03:50.138Z,2026-09-29T08:34:25.073Z
DEMO-DEV-4823,170,2022-10-10T02:56:22.710Z,2026-09-15T03:35:06.272Z
DEMO-DEV-4843,170,2022-10-02T18:32:59.403Z,2026-09-26T05:32:16.397Z
DEMO-DEV-4859,170,2022-10-14T19:37:31.870Z,2026-09-19T21:30:06.929Z
DEMO-DEV-4902,170,2022-10-06T18:27:32.470Z,2026-09-30T03:17:53.968Z
DEMO-DEV-4937,170,2022-10-02T14:20:09.357Z,2026-09-11T23:26:12.077Z
DEMO-DEV-4947,170,2022-10-03T01:22:25.370Z,2026-09-26T19:24:52.985Z
DEMO-DEV-5005,170,2022-10-22T02:19:23.368Z,2026-09-30T07:38:12.784Z
DEMO-DEV-5212,170,2022-10-02T01:43:44.578Z,2026-09-29T18:37:46.139Z
DEMO-DEV-5246,170,2022-10-04T00:04:37.219Z,2026-09-11T16:34:10.272Z
DEMO-DEV-5274,170,2022-10-15T05:10:43.612Z,2026-09-29T08:20:58.165Z
DEMO-DEV-5298,170,2022-10-11T20:53:27.368Z,2026-09-11T02:34:36.839Z
DEMO-DEV-5306,170,2022-11-01T13:14:55.470Z,2026-09-26T18:07:21.123Z
DEMO-DEV-5308,170,2022-10-21T09:04:59.027Z,2026-09-30T05:44:49.264Z
DEMO-DEV-5350,170,2022-10-03T19:47:19.402Z,2026-09-23T19:56:23.846Z
DEMO-DEV-5371,170,2022-10-02T05:05:30.806Z,2026-09-15T14:03:32.063Z
DEMO-DEV-5392,170,2022-10-10T14:26:41.765Z,2026-09-25T12:11:35.368Z
DEMO-DEV-5434,170,2022-10-01T10:38:16.870Z,2026-09-25T12:32:13.077Z
DEMO-DEV-5460,170,2022-10-01T15:43:30.319Z,2026-09-13T23:46:22.325Z
DEMO-DEV-5517,170,2022-10-02T09:29:41.319Z,2026-09-25T02:36:58.892Z
DEMO-DEV-5547,170,2022-10-01T19:56:44.239Z,2026-09-29T10:52:26.415Z
DEMO-DEV-5562,170,2022-10-12T08:40:49.287Z,2026-09-29T04:12:05.817Z
DEMO-DEV-5587,170,2022-10-15T03:42:10.661Z,2026-09-29T07:33:42.370Z
DEMO-DEV-5607,170,2022-10-01T17:48:11.793Z,2026-09-01T15:10:04.824Z
DEMO-DEV-5620,170,2022-10-01T12:24:19.702Z,2026-09-28T15:53:44.913Z
DEMO-DEV-5635,170,2022-10-01T16:13:57.885Z,2026-09-15T16:14:09.727Z
DEMO-DEV-5654,170,2022-10-03T14:51:29.387Z,2026-09-25T10:39:11.497Z
DEMO-DEV-5699,170,2022-10-12T15:05:52.915Z,2026-09-20T21:12:02.612Z
DEMO-DEV-5728,170,2022-10-02T14:49:13.727Z,2026-09-27T22:52:58.391Z
DEMO-DEV-5752,170,2022-10-09T07:48:09.493Z,2026-09-22T03:59:43.578Z
DEMO-DEV-5867,170,2022-10-13T13:53:44.786Z,2026-09-26T01:30:54.710Z
DEMO-DEV-5915,170,2022-10-02T12:55:10.765Z,2026-09-26T12:54:43.298Z
DEMO-DEV-5925,170,2022-10-18T08:02:23.232Z,2026-09-26T04:35:20.825Z
DEMO-DEV-6053,170,2022-10-03T01:02:37.391Z,2026-09-29T15:08:26.500Z
DEMO-DEV-6064,170,2022-10-10T09:58:19.203Z,2026-09-27T01:25:24.357Z
DEMO-DEV-6084,170,2022-10-03T01:17:08.639Z,2026-09-27T12:43:15.366Z
DEMO-DEV-6123,170,2022-10-06T22:34:22.505Z,2026-09-22T22:40:28.511Z
DEMO-DEV-6158,170,2022-10-24T08:40:51.859Z,2026-09-27T06:47:51.077Z
DEMO-DEV-6213,170,2022-10-04T05:39:25.557Z,2026-09-26T22:59:36.236Z
DEMO-DEV-6234,170,2022-10-09T00:16:53.646Z,2026-09-16T01:34:23.308Z
DEMO-DEV-6389,170,2022-10-05T07:04:26.219Z,2026-09-11T10:32:18.366Z
DEMO-DEV-6445,170,2022-10-06T04:07:56.403Z,2026-09-17T02:06:37.989Z
DEMO-DEV-6476,170,2022-10-24T16:41:51.155Z,2026-09-26T02:53:06.863Z
DEMO-DEV-6522,170,2022-10-14T16:22:18.226Z,2026-09-13T09:04:49.870Z
DEMO-DEV-6527,170,2022-10-12T11:52:55.658Z,2026-09-27T02:26:20.368Z
DEMO-DEV-6561,170,2022-10-03T22:36:23.965Z,2026-09-12T21:34:14.786Z
DEMO-DEV-6600,170,2022-10-02T07:23:44.655Z,2026-09-09T10:59:11.870Z
DEMO-DEV-6687,170,2022-10-09T14:08:04.203Z,2026-09-25T01:26:27.591Z
DEMO-DEV-6697,170,2022-10-04T16:04:34.692Z,2026-09-21T20:59:58.167Z
DEMO-DEV-6727,170,2022-11-03T22:56:02.614Z,2026-09-15T01:51:45.519Z
DEMO-DEV-6755,170,2022-10-03T01:11:39.446Z,2026-09-21T18:58:20.246Z
DEMO-DEV-6783,170,2022-10-03T16:54:09.785Z,2026-09-19T11:15:25.250Z
DEMO-DEV-6804,170,2022-10-28T03:32:21.409Z,2026-09-20T02:46:16.172Z
DEMO-DEV-6814,170,2022-10-10T23:01:49.974Z,2026-09-17T02:21:40.816Z
DEMO-DEV-6828,170,2022-10-12T23:19:18.917Z,2026-09-26T00:29:06.688Z
DEMO-DEV-6847,170,2022-10-18T18:03:40.203Z,2026-09-29T09:02:38.307Z
DEMO-DEV-6852,170,2022-10-02T19:10:09.402Z,2026-09-19T10:49:34.068Z
DEMO-DEV-6859,170,2022-10-02T13:42:18.792Z,2026-09-10T13:04:01.735Z
DEMO-DEV-6904,170,2022-10-06T07:10:26.442Z,2026-09-30T07:35:26.503Z
DEMO-DEV-6975,170,2022-10-06T22:40:47.268Z,2026-09-21T05:02:59.500Z
DEMO-DEV-7013,170,2022-10-07T20:00:12.352Z,2026-09-30T00:54:31.879Z
DEMO-DEV-7033,170,2022-10-22T08:45:32.168Z,2026-09-30T07:09:48.354Z
DEMO-DEV-7065,170,2022-10-03T13:33:53.246Z,2026-09-13T09:57:03.555Z
DEMO-DEV-7092,170,2022-10-12T03:40:00.211Z,2026-09-18T10:44:38.068Z
DEMO-DEV-7105,170,2022-10-05T07:53:26.811Z,2026-09-28T01:54:18.985Z
DEMO-DEV-7121,170,2022-10-30T14:29:52.204Z,2026-09-07T17:37:00.287Z
DEMO-DEV-7129,170,2022-10-09T19:59:48.289Z,2026-09-25T15:11:50.803Z
DEMO-DEV-7161,170,2022-10-07T23:28:48.460Z,2026-09-20T00:01:21.786Z
DEMO-DEV-7275,170,2022-10-07T04:01:05.308Z,2026-09-16T18:33:35.308Z
DEMO-DEV-7290,170,2022-10-25T06:47:38.250Z,2026-09-10T07:07:11.004Z
DEMO-DEV-7298,170,2022-10-01T16:14:40.584Z,2026-09-26T02:04:00.877Z
DEMO-DEV-7305,170,2022-10-03T18:23:36.618Z,2026-09-20T12:54:54.513Z
DEMO-DEV-7312,170,2022-10-19T15:05:59.658Z,2026-09-25T21:01:43.038Z
DEMO-DEV-7391,170,2022-10-08T16:23:00.976Z,2026-09-11T07:09:27.843Z
DEMO-DEV-7460,170,2022-10-07T13:30:37.205Z,2026-09-26T09:50:37.682Z
DEMO-DEV-7474,170,2022-10-28T01:37:08.614Z,2026-09-24T23:54:58.524Z
DEMO-DEV-7545,170,2022-10-10T04:08:05.974Z,2026-09-28T01:07:07.784Z
DEMO-DEV-7559,170,2022-10-01T21:46:34.513Z,2026-09-18T12:16:49.232Z
DEMO-DEV-7596,170,2022-11-13T14:08:50.226Z,2026-09-28T00:59:04.618Z
DEMO-DEV-7627,170,2022-10-10T21:10:41.221Z,2026-09-27T05:05:15.535Z
DEMO-DEV-7658,170,2022-10-04T21:27:52.354Z,2026-09-25T08:52:37.612Z
DEMO-DEV-7669,170,2022-10-02T08:30:51.250Z,2026-09-28T17:56:43.799Z
DEMO-DEV-7718,170,2022-10-22T12:55:48.803Z,2026-09-27T14:40:43.892Z
DEMO-DEV-7722,170,2022-10-10T14:54:44.226Z,2026-09-12T09:51:30.612Z
DEMO-DEV-7733,170,2022-10-06T16:18:44.252Z,2026-09-27T16:37:01.466Z
DEMO-DEV-7763,170,2022-10-07T19:57:19.949Z,2026-08-28T21:14:34.868Z
DEMO-DEV-7765,170,2022-10-02T10:12:45.123Z,2026-09-23T15:38:17.968Z
DEMO-DEV-7783,170,2022-10-02T20:32:04.225Z,2026-09-22T17:25:14.254Z
DEMO-DEV-7785,170,2022-10-06T21:48:30.319Z,2026-09-15T17:19:36.503Z
DEMO-DEV-7793,170,2022-10-05T06:04:05.727Z,2026-09-14T20:28:55.926Z
DEMO-DEV-7911,170,2022-10-09T15:05:00.026Z,2026-09-19T13:39:42.173Z
DEMO-DEV-7928,170,2022-10-16T02:16:08.793Z,2026-09-27T12:37:20.428Z
DEMO-DEV-7994,170,2022-10-17T23:52:14.470Z,2026-09-16T11:33:02.221Z
DEMO-DEV-8149,170,2022-10-02T00:50:36.485Z,2026-09-14T17:09:21.289Z
DEMO-DEV-8154,170,2022-10-01T21:25:48.926Z,2026-09-23T12:36:34.605Z
DEMO-DEV-8312,170,2022-11-03T05:30:27.545Z,2026-09-30T00:38:04.192Z
DEMO-DEV-8318,170,2022-10-21T04:45:09.511Z,2026-09-23T18:30:03.345Z
DEMO-DEV-8369,170,2022-10-19T12:34:35.989Z,2026-09-26T04:10:20.735Z
DEMO-DEV-8388,170,2022-10-04T16:19:43.462Z,2026-09-15T01:52:25.557Z
DEMO-DEV-8566,170,2022-10-10T17:36:26.345Z,2026-09-28T21:43:50.443Z
DEMO-DEV-8569,170,2022-10-05T11:54:59.811Z,2026-09-12T01:36:55.765Z
DEMO-DEV-8581,170,2022-10-30T00:47:19.325Z,2026-09-28T18:52:33.057Z
DEMO-DEV-8703,170,2022-10-02T11:15:13.300Z,2026-09-17T23:53:46.792Z
DEMO-DEV-8783,170,2022-10-13T05:46:41.254Z,2026-09-13T19:55:02.442Z
DEMO-DEV-8819,170,2022-10-15T19:39:34.892Z,2026-09-11T16:35:25.666Z
DEMO-DEV-8822,170,2022-10-08T01:13:10.842Z,2026-09-22T09:45:11.846Z
DEMO-DEV-8869,170,2022-10-11T09:39:16.024Z,2026-09-22T02:46:31.804Z
DEMO-DEV-8965,170,2022-10-10T13:07:48.365Z,2026-09-25T17:03:51.555Z
DEMO-DEV-9077,170,2022-10-08T08:03:38.014Z,2026-09-17T01:34:31.841Z
DEMO-DEV-9115,170,2022-10-06T06:55:23.003Z,2026-09-17T15:37:18.168Z
DEMO-DEV-9197,170,2022-10-08T12:03:12.658Z,2026-09-27T19:08:16.557Z
DEMO-DEV-9199,170,2022-10-18T04:24:24.524Z,2026-09-24T00:14:20.391Z
DEMO-DEV-9260,170,2022-10-11T15:02:00.409Z,2026-09-17T03:41:51.793Z
DEMO-DEV-9266,170,2022-10-09T04:33:14.804Z,2026-09-20T15:48:49.859Z
DEMO-DEV-9334,170,2022-10-10T01:50:47.139Z,2026-09-28T07:18:58.139Z
DEMO-DEV-9339,170,2022-10-04T19:18:45.792Z,2026-09-26T10:17:39.368Z
DEMO-DEV-9366,170,2022-10-06T19:31:00.877Z,2026-09-26T04:48:16.803Z
DEMO-DEV-9413,170,2022-10-05T23:24:59.288Z,2026-09-26T17:34:07.308Z
DEMO-DEV-9449,170,2022-10-02T12:57:23.976Z,2026-09-22T07:46:52.272Z
DEMO-DEV-9456,170,2022-10-07T22:23:44.806Z,2026-09-14T04:29:08.236Z
DEMO-DEV-9483,170,2022-11-03T21:57:07.307Z,2026-09-20T02:12:18.239Z
DEMO-DEV-9495,170,2022-10-04T12:16:42.702Z,2026-09-30T07:58:57.792Z
DEMO-DEV-9537,170,2022-10-10T07:50:44.969Z,2026-09-25T10:00:35.161Z
DEMO-DEV-9546,170,2022-10-01T19:37:47.307Z,2026-09-27T13:19:09.234Z
DEMO-DEV-9669,170,2022-10-04T08:29:05.024Z,2026-09-26T21:23:32.524Z
DEMO-DEV-9703,170,2022-10-08T12:17:34.205Z,2026-09-28T09:20:36.817Z
DEMO-DEV-9710,170,2022-10-13T13:55:55.160Z,2026-09-24T18:09:31.864Z
DEMO-DEV-9726,170,2022-10-02T14:12:22.234Z,2026-09-27T01:05:02.068Z
DEMO-DEV-9777,170,2022-10-16T17:21:33.075Z,2026-09-20T20:43:44.948Z
DEMO-DEV-9797,170,2022-10-06T00:45:40.841Z,2026-09-28T09:21:20.442Z
DEMO-DEV-9807,170,2022-10-01T10:59:49.073Z,2026-09-27T03:14:07.989Z
DEMO-DEV-9834,170,2022-10-11T09:05:40.785Z,2026-09-29T01:19:27.403Z
DEMO-DEV-9853,170,2022-11-04T02:42:06.792Z,2026-09-27T21:47:26.639Z
DEMO-DEV-9881,170,2022-10-13T12:38:20.648Z,2026-09-13T03:22:33.710Z
DEMO-DEV-9903,170,2022-10-03T22:38:54.513Z,2026-09-23T12:40:49.511Z
DEMO-DEV-9934,170,2022-10-16T15:33:41.646Z,2026-09-29T03:40:09.661Z
DEMO-DEV-0009,169,2022-10-12T17:15:09.851Z,2026-09-25T20:07:53.319Z
DEMO-DEV-0128,169,2022-10-02T11:57:05.666Z,2026-09-22T17:28:11.500Z
DEMO-DEV-0132,169,2022-10-04T12:31:01.168Z,2026-09-28T03:35:55.836Z
DEMO-DEV-0134,169,2022-10-04T12:31:07.752Z,2026-09-09T03:11:37.183Z
DEMO-DEV-0161,169,2022-11-20T08:16:08.692Z,2026-08-13T18:14:01.057Z
DEMO-DEV-0211,169,2022-10-03T14:38:47.612Z,2026-09-27T12:43:05.555Z
DEMO-DEV-0228,169,2022-10-02T18:59:40.989Z,2026-09-24T14:22:32.519Z
DEMO-DEV-0240,169,2022-10-01T23:28:00.836Z,2026-09-19T09:06:22.605Z
DEMO-DEV-0282,169,2022-10-02T08:30:54.505Z,2026-09-11T11:07:20.778Z
DEMO-DEV-0293,169,2022-10-04T18:30:57.352Z,2026-09-24T05:10:09.786Z
DEMO-DEV-0350,169,2022-10-09T21:36:51.208Z,2026-09-22T18:18:12.524Z
DEMO-DEV-0389,169,2022-10-03T22:18:07.688Z,2026-09-10T02:25:37.246Z
DEMO-DEV-0406,169,2022-10-04T03:13:26.976Z,2026-09-13T10:48:49.692Z
DEMO-DEV-0413,169,2022-10-16T10:14:49.226Z,2026-09-04T15:43:52.803Z
DEMO-DEV-0461,169,2022-10-03T04:37:43.014Z,2026-09-28T04:10:38.825Z
DEMO-DEV-0487,169,2022-10-23T13:08:55.446Z,2026-09-23T09:38:34.949Z
DEMO-DEV-0519,169,2022-10-04T01:37:01.203Z,2026-09-18T12:49:53.226Z
DEMO-DEV-0591,169,2022-10-01T10:09:46.040Z,2026-09-19T18:27:10.968Z
DEMO-DEV-0598,169,2022-10-06T13:20:48.315Z,2026-09-28T10:40:40.023Z
DEMO-DEV-0629,169,2022-10-01T19:35:06.253Z,2026-09-15T06:25:37.804Z
DEMO-DEV-0664,169,2022-10-07T14:18:55.368Z,2026-09-14T03:02:24.692Z
DEMO-DEV-0709,169,2022-10-03T20:19:57.816Z,2026-09-27T23:18:14.155Z
DEMO-DEV-0745,169,2022-10-05T01:59:13.455Z,2026-09-23T04:12:05.409Z
DEMO-DEV-0788,169,2022-10-06T20:27:52.719Z,2026-09-20T03:20:06.614Z
DEMO-DEV-0804,169,2022-10-09T09:39:05.568Z,2026-09-11T19:18:49.682Z
DEMO-DEV-0807,169,2022-10-03T11:13:36.120Z,2026-09-23T00:22:37.139Z
DEMO-DEV-0834,169,2022-10-07T09:14:43.319Z,2026-09-20T06:16:05.913Z
DEMO-DEV-0921,169,2022-10-07T10:40:04.965Z,2026-09-05T00:28:43.527Z
DEMO-DEV-0952,169,2022-11-03T16:37:59.605Z,2026-09-23T13:37:17.287Z
DEMO-DEV-0993,169,2022-10-07T23:33:55.298Z,2026-09-23T03:14:07.493Z
DEMO-DEV-1002,169,2022-10-05T17:16:18.173Z,2026-09-24T22:46:46.493Z
DEMO-DEV-1025,169,2022-10-06T01:17:40.443Z,2026-09-24T22:11:12.841Z
DEMO-DEV-1050,169,2022-10-10T18:14:12.077Z,2026-09-30T08:03:30.870Z
DEMO-DEV-1173,169,2022-10-03T05:37:29.325Z,2026-09-28T19:46:28.612Z
DEMO-DEV-1190,169,2022-10-08T11:31:52.226Z,2026-09-13T15:15:20.785Z
DEMO-DEV-1254,169,2022-10-04T04:26:24.803Z,2026-09-12T10:14:34.929Z
DEMO-DEV-1293,169,2022-10-20T08:49:48.288Z,2026-09-24T12:30:19.357Z
DEMO-DEV-1380,169,2022-10-13T04:18:04.508Z,2026-09-23T21:23:27.863Z
DEMO-DEV-1605,169,2022-10-20T13:30:08.161Z,2026-09-25T23:21:56.080Z
DEMO-DEV-1640,169,2022-10-11T08:13:19.842Z,2026-09-15T02:52:42.218Z
DEMO-DEV-1705,169,2022-10-11T16:39:23.077Z,2026-09-21T04:57:06.307Z
DEMO-DEV-1722,169,2022-10-15T23:54:30.173Z,2026-09-27T01:33:16.246Z
DEMO-DEV-1826,169,2022-10-04T15:30:42.402Z,2026-09-19T05:00:41.976Z
DEMO-DEV-1840,169,2022-10-07T16:40:08.985Z,2026-08-31T03:32:57.387Z
DEMO-DEV-1858,169,2022-10-06T23:33:49.824Z,2026-08-31T07:30:11.161Z
DEMO-DEV-1868,169,2022-10-03T06:03:25.578Z,2026-09-25T20:45:22.682Z
DEMO-DEV-1907,169,2022-10-06T09:17:53.976Z,2026-09-13T22:45:24.225Z
DEMO-DEV-1909,169,2022-10-02T20:02:41.298Z,2026-09-20T14:04:48.948Z
DEMO-DEV-1942,169,2022-10-03T09:02:51.843Z,2026-09-22T07:52:57.352Z
DEMO-DEV-1960,169,2022-10-05T07:00:53.219Z,2026-09-26T03:36:34.917Z
DEMO-DEV-1962,169,2022-10-14T11:10:05.618Z,2026-09-18T06:35:37.442Z
DEMO-DEV-2006,169,2022-10-11T08:20:00.653Z,2026-09-06T23:47:03.867Z
DEMO-DEV-2022,169,2022-10-19T19:35:46.337Z,2026-09-11T16:30:54.446Z
DEMO-DEV-2040,169,2022-10-01T16:01:59.968Z,2026-09-27T22:54:46.252Z
DEMO-DEV-2135,169,2022-10-27T16:51:03.556Z,2026-09-16T07:18:29.319Z
DEMO-DEV-2232,169,2022-10-03T03:19:47.557Z,2026-09-11T21:19:40.300Z
DEMO-DEV-2243,169,2022-10-03T14:08:47.189Z,2026-09-24T04:45:21.366Z
DEMO-DEV-2254,169,2022-10-08T11:37:57.975Z,2026-09-23T21:27:23.885Z
DEMO-DEV-2291,169,2022-10-03T10:01:45.264Z,2026-09-23T17:06:39.511Z
DEMO-DEV-2293,169,2022-10-13T09:02:08.253Z,2026-09-25T19:50:26.639Z
DEMO-DEV-2332,169,2022-10-04T01:29:24.505Z,2026-09-10T01:10:01.208Z
DEMO-DEV-2371,169,2022-10-02T23:21:47.965Z,2026-09-27T16:22:26.345Z
DEMO-DEV-2384,169,2022-10-01T08:54:57.138Z,2026-09-26T09:20:39.315Z
DEMO-DEV-2394,169,2022-10-05T15:45:07.648Z,2026-09-27T18:45:39.370Z
DEMO-DEV-2400,169,2022-10-02T01:03:36.765Z,2026-09-26T14:53:45.024Z
DEMO-DEV-2412,169,2022-10-02T01:37:59.232Z,2026-09-29T11:56:21.816Z
DEMO-DEV-2425,169,2022-10-06T06:33:25.682Z,2026-09-17T22:36:26.511Z
DEMO-DEV-2435,169,2022-10-18T00:43:26.870Z,2026-09-10T19:13:23.968Z
DEMO-DEV-2437,169,2022-10-22T22:04:54.884Z,2026-09-20T14:53:05.218Z
DEMO-DEV-2479,169,2022-10-10T00:27:05.087Z,2026-09-21T20:21:53.077Z
DEMO-DEV-2487,169,2022-10-06T01:55:34.885Z,2026-09-21T23:21:33.352Z
DEMO-DEV-2507,169,2022-10-02T15:51:45.226Z,2026-09-17T19:21:41.658Z
DEMO-DEV-2542,169,2022-10-26T05:18:48.868Z,2026-09-29T06:56:21.345Z
DEMO-DEV-2543,169,2022-10-06T13:43:00.985Z,2026-09-26T11:07:29.836Z
DEMO-DEV-2548,169,2022-10-07T04:17:48.817Z,2026-09-24T15:15:11.443Z
DEMO-DEV-2550,169,2022-10-07T02:41:08.519Z,2026-09-18T12:48:24.653Z
DEMO-DEV-2553,169,2022-10-08T06:28:07.254Z,2026-09-05T19:16:23.038Z
DEMO-DEV-2571,169,2022-10-07T11:57:12.658Z,2026-09-28T05:08:56.272Z
DEMO-DEV-2573,169,2022-10-03T01:23:14.455Z,2026-09-30T00:07:46.817Z
DEMO-DEV-2682,169,2022-10-12T02:21:26.727Z,2026-09-14T20:51:35.646Z
DEMO-DEV-2718,169,2022-10-12T22:46:07.138Z,2026-09-19T14:06:40.666Z
DEMO-DEV-2733,169,2022-10-01T22:46:13.714Z,2026-09-29T15:19:35.165Z
DEMO-DEV-2827,169,2022-10-07T14:39:25.879Z,2026-09-27T05:33:59.636Z
DEMO-DEV-2885,169,2022-10-12T15:38:59.075Z,2026-09-25T14:16:45.224Z
DEMO-DEV-2918,169,2022-10-02T03:13:15.307Z,2026-09-08T08:26:10.390Z
DEMO-DEV-2936,169,2022-10-16T14:10:07.612Z,2026-09-17T15:57:07.443Z
DEMO-DEV-3010,169,2022-10-06T20:55:01.668Z,2026-09-25T13:39:36.222Z
DEMO-DEV-3097,169,2022-10-03T04:10:04.816Z,2026-09-28T21:37:44.298Z
DEMO-DEV-3177,169,2022-10-13T13:41:24.014Z,2026-09-20T00:42:43.470Z
DEMO-DEV-3192,169,2022-10-05T16:21:23.287Z,2026-09-22T04:09:06.428Z
DEMO-DEV-3271,169,2022-10-03T19:53:21.161Z,2026-09-29T07:33:35.466Z
DEMO-DEV-3291,169,2022-10-03T12:19:13.568Z,2026-09-25T16:58:59.710Z
DEMO-DEV-3336,169,2022-10-02T22:31:55.949Z,2026-09-17T18:34:44.319Z
DEMO-DEV-3407,169,2022-10-04T11:03:37.391Z,2026-09-25T19:09:22.315Z
DEMO-DEV-3414,169,2022-10-07T01:41:22.172Z,2026-09-03T11:47:09.555Z
DEMO-DEV-3426,169,2022-10-14T10:41:35.252Z,2026-09-21T19:35:48.841Z
DEMO-DEV-3445,169,2022-10-10T14:50:08.987Z,2026-09-23T09:43:57.368Z
DEMO-DEV-3447,169,2022-10-04T21:08:59.974Z,2026-09-15T04:59:03.038Z
DEMO-DEV-3456,169,2022-10-13T02:53:12.556Z,2026-09-22T09:47:49.226Z
DEMO-DEV-3461,169,2022-10-08T09:40:17.513Z,2026-09-28T14:54:44.192Z
DEMO-DEV-3476,169,2022-10-09T21:39:15.795Z,2026-09-28T21:59:30.816Z
DEMO-DEV-3580,169,2022-10-03T21:23:55.230Z,2026-09-25T10:54:12.975Z
DEMO-DEV-3583,169,2022-10-03T02:09:54.087Z,2026-09-21T05:05:04.985Z
DEMO-DEV-3655,169,2022-10-05T23:44:28.597Z,2026-09-11T02:15:49.238Z
DEMO-DEV-3671,169,2022-10-13T22:59:24.949Z,2026-09-30T06:54:22.403Z
DEMO-DEV-3690,169,2022-10-22T17:22:49.239Z,2026-09-08T23:28:40.238Z
DEMO-DEV-3708,169,2022-10-24T04:32:51.873Z,2026-09-15T05:50:03.892Z
DEMO-DEV-3718,169,2022-10-04T18:09:21.015Z,2026-09-06T00:31:26.004Z
DEMO-DEV-3739,169,2022-10-01T09:20:54.817Z,2026-09-28T03:45:38.415Z
DEMO-DEV-3839,169,2022-10-03T22:57:50.612Z,2026-09-29T02:15:42.503Z
DEMO-DEV-3892,169,2022-10-18T20:16:40.160Z,2026-09-08T02:30:26.646Z
DEMO-DEV-3945,169,2022-10-03T16:52:45.785Z,2026-09-23T07:32:13.524Z
DEMO-DEV-3964,169,2022-10-05T09:45:49.219Z,2026-09-13T03:25:35.288Z
DEMO-DEV-4070,169,2022-10-08T19:54:20.816Z,2026-09-18T07:23:56.816Z
DEMO-DEV-4096,169,2022-10-02T02:49:42.172Z,2026-09-23T23:57:46.545Z
DEMO-DEV-4195,169,2022-10-15T14:42:38.021Z,2026-09-28T08:45:33.123Z
DEMO-DEV-4307,169,2022-10-09T08:33:06.968Z,2026-09-30T05:26:32.173Z
DEMO-DEV-4372,169,2022-10-06T03:49:02.968Z,2026-09-20T16:58:51.298Z
DEMO-DEV-4455,169,2022-10-11T18:32:09.537Z,2026-09-15T10:03:12.443Z
DEMO-DEV-4486,169,2022-10-03T16:50:25.975Z,2026-09-27T20:13:07.077Z
DEMO-DEV-4526,169,2022-10-02T10:59:17.692Z,2026-09-14T14:34:58.222Z
DEMO-DEV-4547,169,2022-10-10T14:58:55.387Z,2026-09-25T16:07:06.073Z
DEMO-DEV-4678,169,2022-10-08T18:37:22.208Z,2026-09-25T11:00:55.599Z
DEMO-DEV-4689,169,2022-10-24T16:49:35.211Z,2026-09-25T00:58:43.466Z
DEMO-DEV-4693,169,2022-10-10T22:33:34.239Z,2026-09-15T17:11:35.646Z
DEMO-DEV-4706,169,2022-10-17T17:08:14.519Z,2026-09-22T00:03:22.765Z
DEMO-DEV-4770,169,2022-10-17T07:56:32.648Z,2026-09-20T16:46:09.442Z
DEMO-DEV-4841,169,2022-10-10T01:16:58.817Z,2026-09-29T18:11:01.605Z
DEMO-DEV-4866,169,2022-10-01T20:47:11.354Z,2026-09-29T21:30:38.073Z
DEMO-DEV-4876,169,2022-10-03T21:26:19.968Z,2026-09-30T06:39:00.403Z
DEMO-DEV-4940,169,2022-10-01T21:55:24.974Z,2026-09-21T12:49:08.692Z
DEMO-DEV-4962,169,2022-10-07T23:41:39.817Z,2026-09-29T21:44:51.966Z
DEMO-DEV-5078,169,2022-10-01T20:20:01.639Z,2026-09-25T20:40:59.778Z
DEMO-DEV-5194,169,2022-10-08T19:44:54.038Z,2026-09-08T07:51:13.272Z
DEMO-DEV-5218,169,2022-10-06T13:37:33.205Z,2026-09-25T10:08:43.472Z
DEMO-DEV-5221,169,2022-12-08T02:55:10.618Z,2026-08-27T21:51:07.165Z
DEMO-DEV-5249,169,2022-10-01T14:23:33.985Z,2026-09-19T04:30:30.409Z
DEMO-DEV-5300,169,2022-10-14T01:55:25.443Z,2026-09-28T22:30:23.803Z
DEMO-DEV-5315,169,2022-10-02T18:44:58.607Z,2026-09-18T16:45:39.948Z
DEMO-DEV-5339,169,2022-10-10T17:44:21.870Z,2026-09-26T10:39:55.219Z
DEMO-DEV-5369,169,2022-10-19T04:33:20.134Z,2026-09-14T06:26:38.859Z
DEMO-DEV-5382,169,2022-10-06T23:20:30.442Z,2026-09-26T01:06:42.636Z
DEMO-DEV-5410,169,2022-10-06T06:15:24.519Z,2026-09-07T02:17:59.403Z
DEMO-DEV-5424,169,2022-10-02T19:23:20.989Z,2026-09-26T21:07:51.914Z
DEMO-DEV-5428,169,2022-10-05T16:36:50.839Z,2026-09-28T00:11:42.795Z
DEMO-DEV-5431,169,2022-10-02T21:12:43.370Z,2026-09-29T02:38:07.825Z
DEMO-DEV-5484,169,2022-10-09T01:01:00.225Z,2026-09-23T01:33:59.230Z
DEMO-DEV-5493,169,2022-10-15T13:11:04.189Z,2026-09-27T01:12:36.816Z
DEMO-DEV-5565,169,2022-10-04T01:32:22.319Z,2026-09-27T17:33:10.605Z
DEMO-DEV-5625,169,2022-10-22T02:14:23.287Z,2026-09-17T02:02:34.989Z
DEMO-DEV-5671,169,2022-10-02T11:17:01.692Z,2026-09-26T07:25:20.851Z
DEMO-DEV-5730,169,2022-10-02T15:17:00.738Z,2026-09-27T13:28:24.527Z
DEMO-DEV-5750,169,2022-10-12T05:40:02.205Z,2026-09-25T02:01:13.636Z
DEMO-DEV-5789,169,2022-10-01T23:43:52.511Z,2026-09-22T13:36:18.409Z
DEMO-DEV-5792,169,2022-10-22T07:19:47.370Z,2026-09-09T21:12:05.027Z
DEMO-DEV-5796,169,2022-11-03T04:07:22.948Z,2026-09-26T18:14:53.648Z
DEMO-DEV-5807,169,2022-10-07T13:20:03.524Z,2026-09-26T22:30:49.485Z
DEMO-DEV-5894,169,2022-11-07T15:54:40.824Z,2026-09-24T13:16:09.508Z
DEMO-DEV-5902,169,2022-10-25T23:39:44.203Z,2026-09-21T04:18:59.370Z
DEMO-DEV-5919,169,2022-10-09T02:34:59.252Z,2026-09-22T14:55:39.557Z
DEMO-DEV-5926,169,2022-10-01T23:20:12.846Z,2026-09-29T02:10:12.403Z
DEMO-DEV-5953,169,2022-10-02T06:38:58.817Z,2026-09-25T02:00:44.024Z
DEMO-DEV-6011,169,2022-10-14T12:52:50.319Z,2026-09-13T10:19:53.222Z
DEMO-DEV-6018,169,2022-10-22T04:17:01.545Z,2026-09-27T20:41:51.949Z
DEMO-DEV-6027,169,2022-10-19T22:14:42.352Z,2026-09-20T08:47:11.219Z
DEMO-DEV-6057,169,2022-10-01T21:58:28.784Z,2026-09-29T22:22:49.120Z
DEMO-DEV-6078,169,2022-10-05T09:56:03.221Z,2026-09-01T15:44:36.172Z
DEMO-DEV-6127,169,2022-10-05T13:50:17.612Z,2026-09-22T18:10:59.391Z
DEMO-DEV-6141,169,2022-10-01T16:24:11.785Z,2026-09-20T08:13:26.545Z
DEMO-DEV-6159,169,2022-10-06T10:18:35.811Z,2026-09-21T08:19:35.038Z
DEMO-DEV-6170,169,2022-10-01T18:42:56.653Z,2026-09-25T07:45:17.892Z
DEMO-DEV-6181,169,2022-10-04T13:57:46.366Z,2026-09-13T17:45:14.568Z
DEMO-DEV-6241,169,2022-10-23T19:51:35.289Z,2026-09-25T16:28:17.134Z
DEMO-DEV-6300,169,2022-10-10T12:30:05.403Z,2026-09-18T04:06:03.778Z
DEMO-DEV-6346,169,2022-10-09T03:06:03.222Z,2026-09-09T07:24:13.655Z
DEMO-DEV-6434,169,2022-10-03T19:15:19.037Z,2026-09-26T17:35:29.778Z
DEMO-DEV-6448,169,2022-10-12T15:27:46.315Z,2026-09-19T15:50:48.211Z
DEMO-DEV-6506,169,2022-10-24T21:11:43.443Z,2026-09-28T23:01:14.173Z
DEMO-DEV-6545,169,2022-10-05T02:17:28.868Z,2026-09-28T13:40:06.319Z
DEMO-DEV-6580,169,2022-10-08T13:39:33.614Z,2026-09-29T19:14:58.778Z
DEMO-DEV-6583,169,2022-10-01T16:33:22.965Z,2026-09-14T22:53:13.584Z
DEMO-DEV-6597,169,2022-10-20T03:46:00.015Z,2026-09-07T09:09:22.913Z
DEMO-DEV-6634,169,2022-10-02T22:04:38.653Z,2026-09-12T01:34:20.859Z
DEMO-DEV-6680,169,2022-10-09T15:41:05.735Z,2026-09-05T06:08:18.120Z
DEMO-DEV-6724,169,2022-11-07T08:42:57.892Z,2026-09-26T05:02:25.817Z
DEMO-DEV-6735,169,2022-11-02T08:14:42.403Z,2026-09-25T21:09:26.428Z
DEMO-DEV-6838,169,2022-10-12T19:46:51.545Z,2026-09-20T17:21:32.784Z
DEMO-DEV-6901,169,2022-10-03T04:35:20.204Z,2026-09-28T04:45:42.370Z
DEMO-DEV-6910,169,2022-10-06T02:01:24.556Z,2026-09-26T07:23:39.692Z
DEMO-DEV-6911,169,2022-10-25T18:42:47.368Z,2026-09-06T11:21:41.825Z
DEMO-DEV-6950,169,2022-10-07T01:53:24.913Z,2026-09-22T20:51:43.218Z
DEMO-DEV-6967,169,2022-10-02T15:53:54.307Z,2026-09-29T22:47:17.246Z
DEMO-DEV-7020,169,2022-10-16T22:32:44.537Z,2026-09-24T07:57:44.929Z
DEMO-DEV-7039,169,2022-10-12T01:31:32.785Z,2026-09-25T23:34:26.183Z
DEMO-DEV-7041,169,2022-10-17T05:32:19.225Z,2026-09-20T05:44:13.527Z
DEMO-DEV-7068,169,2022-10-07T22:43:33.884Z,2026-09-23T20:27:31.754Z
DEMO-DEV-7101,169,2022-10-04T21:10:00.120Z,2026-09-24T14:48:01.226Z
DEMO-DEV-7138,169,2022-10-30T09:52:24.599Z,2026-09-22T14:14:48.648Z
DEMO-DEV-7147,169,2022-10-06T12:19:50.120Z,2026-09-29T12:02:02.917Z
DEMO-DEV-7153,169,2022-10-01T11:59:07.841Z,2026-09-17T11:45:15.985Z
DEMO-DEV-7195,169,2022-10-08T11:53:57.873Z,2026-09-02T15:57:36.057Z
DEMO-DEV-7203,169,2022-10-05T14:41:55.985Z,2026-09-27T03:48:56.682Z
DEMO-DEV-7234,169,2022-10-02T10:45:58.948Z,2026-09-27T04:22:59.203Z
DEMO-DEV-7267,169,2022-10-06T09:50:33.391Z,2026-09-25T19:40:58.976Z
DEMO-DEV-7301,169,2022-10-07T00:24:21.584Z,2026-09-20T11:23:29.976Z
DEMO-DEV-7340,169,2022-10-04T09:31:12.470Z,2026-09-14T18:50:29.037Z
DEMO-DEV-7362,169,2022-10-14T19:36:03.402Z,2026-09-25T09:17:09.816Z
DEMO-DEV-7364,169,2022-10-16T09:09:23.442Z,2026-09-16T06:05:15.653Z
DEMO-DEV-7434,169,2022-10-03T15:18:20.155Z,2026-09-30T05:47:31.387Z
DEMO-DEV-7497,169,2022-10-02T15:12:59.308Z,2026-09-18T01:03:43.370Z
DEMO-DEV-7508,169,2022-10-08T17:35:57.873Z,2026-09-22T22:28:16.446Z
DEMO-DEV-7540,169,2022-10-02T18:44:11.754Z,2026-09-13T11:20:32.597Z
DEMO-DEV-7614,169,2022-10-05T20:00:34.597Z,2026-09-16T00:43:28.390Z
DEMO-DEV-7620,169,2022-10-06T19:40:46.167Z,2026-09-29T15:56:18.302Z
DEMO-DEV-7698,169,2022-10-05T15:29:25.415Z,2026-09-28T20:58:19.682Z
DEMO-DEV-7701,169,2022-10-06T18:38:49.307Z,2026-09-21T14:22:32.668Z
DEMO-DEV-7764,169,2022-10-09T14:19:14.795Z,2026-09-20T10:18:41.870Z
DEMO-DEV-7876,169,2022-10-14T04:52:19.123Z,2026-09-19T10:36:47.123Z
DEMO-DEV-7881,169,2022-10-05T23:25:11.816Z,2026-09-28T13:22:17.402Z
DEMO-DEV-8039,169,2022-10-04T22:18:24.989Z,2026-09-26T06:57:42.038Z
DEMO-DEV-8057,169,2022-10-09T12:11:52.503Z,2026-08-23T14:28:41.524Z
DEMO-DEV-8090,169,2022-10-05T14:59:54.337Z,2026-09-15T22:55:08.239Z
DEMO-DEV-8112,169,2022-10-13T09:46:12.948Z,2026-09-24T03:17:37.370Z
DEMO-DEV-8114,169,2022-10-02T08:09:43.785Z,2026-09-30T00:39:00.555Z
DEMO-DEV-8270,169,2022-10-01T18:15:21.366Z,2026-09-22T22:21:19.352Z
DEMO-DEV-8273,169,2022-10-24T10:32:13.037Z,2026-09-21T06:48:22.556Z
DEMO-DEV-8337,169,2022-10-02T11:49:48.556Z,2026-09-26T00:21:53.508Z
DEMO-DEV-8347,169,2022-10-02T16:11:25.949Z,2026-09-23T20:48:55.841Z
DEMO-DEV-8409,169,2022-10-08T07:40:41.966Z,2026-09-16T00:35:03.080Z
DEMO-DEV-8440,169,2022-10-11T08:46:37.655Z,2026-09-29T23:54:27.015Z
DEMO-DEV-8476,169,2022-10-07T02:41:02.077Z,2026-08-22T23:15:45.841Z
DEMO-DEV-8480,169,2022-10-10T21:54:56.578Z,2026-09-13T18:16:53.597Z
DEMO-DEV-8511,169,2022-10-05T18:49:46.851Z,2026-09-28T12:27:58.778Z
DEMO-DEV-8591,169,2022-11-02T11:10:59.816Z,2026-09-27T19:37:06.446Z
DEMO-DEV-8598,169,2022-10-01T21:08:10.987Z,2026-09-24T23:16:02.365Z
DEMO-DEV-8619,169,2022-10-10T13:07:23.045Z,2026-09-24T21:01:38.203Z
DEMO-DEV-8621,169,2022-10-06T09:46:29.208Z,2026-09-28T21:00:22.307Z
DEMO-DEV-8658,169,2022-10-23T03:17:46.735Z,2026-09-30T04:01:35.390Z
DEMO-DEV-8686,169,2022-10-02T08:09:03.792Z,2026-09-23T01:30:49.252Z
DEMO-DEV-8697,169,2022-10-09T03:33:08.785Z,2026-09-22T12:20:31.648Z
DEMO-DEV-8756,169,2022-10-20T08:43:29.123Z,2026-09-29T21:04:48.555Z
DEMO-DEV-8757,169,2022-10-03T16:05:31.614Z,2026-09-15T17:21:37.719Z
DEMO-DEV-8761,169,2022-10-06T05:55:20.519Z,2026-09-20T15:37:18.150Z
DEMO-DEV-8769,169,2022-10-07T22:15:41.287Z,2026-09-30T06:57:17.841Z
DEMO-DEV-8838,169,2022-10-26T16:31:12.989Z,2026-09-24T19:22:55.225Z
DEMO-DEV-8877,169,2022-10-13T02:29:19.183Z,2026-09-22T04:15:03.211Z
DEMO-DEV-9048,169,2022-10-19T11:52:48.578Z,2026-09-18T14:50:41.173Z
DEMO-DEV-9144,169,2022-10-01T14:14:53.497Z,2026-09-16T14:25:57.993Z
DEMO-DEV-9189,169,2022-10-02T20:47:50.232Z,2026-09-21T22:14:22.150Z
DEMO-DEV-9225,169,2022-10-05T21:52:49.614Z,2026-09-28T17:08:50.068Z
DEMO-DEV-9258,169,2022-10-05T14:49:11.409Z,2026-09-05T12:59:29.291Z
DEMO-DEV-9295,169,2022-10-17T16:31:47.192Z,2026-08-27T22:37:07.272Z
DEMO-DEV-9384,169,2022-10-01T17:01:50.155Z,2026-09-26T17:23:10.873Z
DEMO-DEV-9398,169,2022-10-23T04:34:44.472Z,2026-09-30T06:47:34.391Z
DEMO-DEV-9409,169,2022-10-02T00:25:00.225Z,2026-09-26T23:21:24.636Z
DEMO-DEV-9466,169,2022-10-07T07:51:25.785Z,2026-09-17T04:10:08.535Z
DEMO-DEV-9523,169,2022-10-02T23:10:20.402Z,2026-09-10T09:25:47.298Z
DEMO-DEV-9549,169,2022-10-08T11:01:22.535Z,2026-09-24T07:41:02.221Z
DEMO-DEV-9570,169,2022-10-16T14:52:00.867Z,2026-09-23T18:06:06.929Z
DEMO-DEV-9575,169,2022-10-17T13:56:52.222Z,2026-09-28T22:44:09.968Z
DEMO-DEV-9577,169,2022-10-01T10:20:21.307Z,2026-09-26T01:20:24.676Z
DEMO-DEV-9638,169,2022-10-07T19:32:00.230Z,2026-09-28T12:08:49.428Z
DEMO-DEV-9673,169,2022-10-10T22:27:24.063Z,2026-09-27T18:10:51.238Z
DEMO-DEV-9696,169,2022-10-07T06:18:21.027Z,2026-09-19T03:14:34.817Z
DEMO-DEV-9700,169,2022-10-06T17:29:27.394Z,2026-09-28T03:05:25.402Z
DEMO-DEV-9731,169,2022-10-07T21:53:00.246Z,2026-09-28T18:44:31.226Z
DEMO-DEV-9772,169,2022-10-05T01:08:59.021Z,2026-09-27T01:19:56.226Z
DEMO-DEV-9818,169,2022-10-06T10:13:45.646Z,2026-09-15T23:52:47.224Z
DEMO-DEV-9840,169,2022-10-09T23:23:13.500Z,2026-09-28T15:04:59.859Z
DEMO-DEV-9842,169,2022-10-20T09:36:59.597Z,2026-09-18T04:09:56.599Z
DEMO-DEV-0001,168,2022-10-02T04:02:09.307Z,2026-09-27T05:41:12.040Z
DEMO-DEV-0056,168,2022-10-03T23:46:42.167Z,2026-09-28T21:13:57.387Z
DEMO-DEV-0063,168,2022-10-18T18:26:13.806Z,2026-09-29T04:30:31.870Z
DEMO-DEV-0096,168,2022-10-06T15:52:11.851Z,2026-09-25T09:28:07.599Z
DEMO-DEV-0149,168,2022-10-02T20:24:40.914Z,2026-09-26T03:02:00.870Z
DEMO-DEV-0158,168,2022-10-02T08:17:15.134Z,2026-09-27T04:53:51.460Z
DEMO-DEV-0176,168,2022-10-23T16:14:12.948Z,2026-09-20T06:32:43.792Z
DEMO-DEV-0179,168,2022-10-09T09:23:10.415Z,2026-09-29T12:06:34.208Z
DEMO-DEV-0260,168,2022-10-29T11:27:12.090Z,2026-09-22T16:38:24.646Z
DEMO-DEV-0357,168,2022-10-07T08:09:08.403Z,2026-09-29T01:27:11.513Z
DEMO-DEV-0358,168,2022-10-16T16:40:13.090Z,2026-09-21T14:26:56.727Z
DEMO-DEV-0368,168,2022-10-12T22:48:17.867Z,2026-09-17T08:09:31.877Z
DEMO-DEV-0441,168,2022-10-27T22:03:56.080Z,2026-09-28T15:14:34.948Z
DEMO-DEV-0463,168,2022-10-02T19:10:50.914Z,2026-09-28T07:35:26.368Z
DEMO-DEV-0464,168,2022-10-05T05:57:05.455Z,2026-09-14T18:52:31.161Z
DEMO-DEV-0511,168,2022-10-20T15:57:22.892Z,2026-09-30T08:03:35.892Z
DEMO-DEV-0560,168,2022-11-12T10:11:07.391Z,2026-09-24T00:46:55.172Z
DEMO-DEV-0692,168,2022-10-12T07:49:41.974Z,2026-09-26T10:53:03.470Z
DEMO-DEV-0767,168,2022-10-05T00:09:09.165Z,2026-09-28T03:00:56.865Z
DEMO-DEV-0819,168,2022-10-02T12:23:18.172Z,2026-09-24T00:09:41.966Z
DEMO-DEV-0871,168,2022-10-08T10:38:28.765Z,2026-09-30T05:48:33.865Z
DEMO-DEV-0901,168,2022-10-03T02:47:45.204Z,2026-09-23T08:51:30.795Z
DEMO-DEV-0908,168,2022-10-14T20:57:35.914Z,2026-09-28T05:22:02.535Z
DEMO-DEV-0927,168,2022-10-10T02:01:07.710Z,2026-09-22T01:12:45.825Z
DEMO-DEV-0931,168,2022-10-10T01:26:11.503Z,2026-09-27T06:45:29.884Z
DEMO-DEV-0978,168,2022-10-13T21:55:28.319Z,2026-09-14T11:55:55.824Z
DEMO-DEV-0980,168,2022-10-06T06:45:17.073Z,2026-09-21T12:42:11.636Z
DEMO-DEV-1035,168,2022-10-04T22:29:36.057Z,2026-09-29T14:59:17.658Z
DEMO-DEV-1202,168,2022-10-01T19:37:48.614Z,2026-09-18T04:46:14.710Z
DEMO-DEV-1213,168,2022-10-15T03:07:30.842Z,2026-09-23T12:56:23.752Z
DEMO-DEV-1220,168,2022-10-14T15:25:46.508Z,2026-09-27T11:04:46.892Z
DEMO-DEV-1283,168,2022-10-05T14:37:32.839Z,2026-09-14T09:12:39.806Z
DEMO-DEV-1294,168,2022-10-08T00:05:46.354Z,2026-09-27T07:06:11.189Z
DEMO-DEV-1344,168,2022-10-01T19:30:07.892Z,2026-09-16T02:57:52.219Z
DEMO-DEV-1393,168,2022-10-23T19:18:02.993Z,2026-09-24T04:49:17.319Z
DEMO-DEV-1419,168,2022-10-28T08:25:26.719Z,2026-09-27T00:24:52.612Z
DEMO-DEV-1462,168,2022-10-02T08:28:47.155Z,2026-09-10T20:30:13.636Z
DEMO-DEV-1671,168,2022-10-09T22:39:43.929Z,2026-09-25T16:07:44.816Z
DEMO-DEV-1686,168,2022-10-04T08:31:35.428Z,2026-09-19T03:35:15.578Z
DEMO-DEV-1712,168,2022-10-02T16:29:04.075Z,2026-09-19T18:49:35.929Z
DEMO-DEV-1724,168,2022-10-05T11:13:53.527Z,2026-09-28T01:22:59.786Z
DEMO-DEV-1898,168,2022-10-14T17:00:52.497Z,2026-09-24T06:27:24.948Z
DEMO-DEV-1916,168,2022-10-08T17:55:32.038Z,2026-09-24T09:30:08.026Z
DEMO-DEV-1924,168,2022-10-28T00:57:24.692Z,2026-09-18T22:05:29.470Z
DEMO-DEV-1927,168,2022-10-13T04:07:45.224Z,2026-09-18T11:20:32.891Z
DEMO-DEV-1931,168,2022-10-05T15:43:47.929Z,2026-09-28T01:07:26.021Z
DEMO-DEV-1979,168,2022-10-04T19:39:22.915Z,2026-09-27T12:35:42.021Z
DEMO-DEV-2106,168,2022-10-04T17:57:08.403Z,2026-09-27T22:52:43.851Z
DEMO-DEV-2110,168,2022-10-08T05:03:02.370Z,2026-09-27T23:50:27.308Z
DEMO-DEV-2112,168,2022-10-14T14:38:53.578Z,2026-09-27T17:36:46.661Z
DEMO-DEV-2129,168,2022-10-09T00:43:31.597Z,2026-09-05T09:19:10.160Z
DEMO-DEV-2231,168,2022-10-03T01:31:29.155Z,2026-09-22T04:43:15.859Z
DEMO-DEV-2235,168,2022-10-19T08:20:54.442Z,2026-09-21T05:09:48.968Z
DEMO-DEV-2239,168,2022-10-03T21:58:59.599Z,2026-09-26T14:31:46.655Z
DEMO-DEV-2260,168,2022-10-07T01:28:17.302Z,2026-09-10T01:48:51.719Z
DEMO-DEV-2264,168,2022-10-03T16:52:41.462Z,2026-09-19T20:59:30.021Z
DEMO-DEV-2273,168,2022-10-05T00:05:29.527Z,2026-09-20T19:31:52.272Z
DEMO-DEV-2374,168,2022-10-04T20:44:43.505Z,2026-09-24T03:27:48.138Z
DEMO-DEV-2488,168,2022-10-01T09:04:55.661Z,2026-09-21T00:58:56.607Z
DEMO-DEV-2560,168,2022-10-08T03:16:58.992Z,2026-09-24T17:27:28.892Z
DEMO-DEV-2692,168,2022-10-06T22:50:53.337Z,2026-09-28T06:11:00.786Z
DEMO-DEV-2835,168,2022-10-22T04:25:40.914Z,2026-09-02T17:58:48.863Z
DEMO-DEV-2873,168,2022-10-19T07:00:42.738Z,2026-09-20T06:05:30.466Z
DEMO-DEV-3014,168,2022-10-10T13:49:07.236Z,2026-09-28T20:41:18.337Z
DEMO-DEV-3017,168,2022-10-14T00:32:33.584Z,2026-09-29T23:42:28.976Z
DEMO-DEV-3026,168,2022-10-23T14:35:24.505Z,2026-08-15T14:06:49.929Z
DEMO-DEV-3074,168,2022-10-09T22:26:46.470Z,2026-09-27T19:53:02.765Z
DEMO-DEV-3077,168,2022-10-14T05:04:24.288Z,2026-09-23T05:53:38.203Z
DEMO-DEV-3105,168,2022-10-17T09:40:07.226Z,2026-09-29T22:02:43.806Z
DEMO-DEV-3189,168,2022-10-25T11:34:39.246Z,2026-09-14T08:24:41.120Z
DEMO-DEV-3304,168,2022-10-06T11:01:09.370Z,2026-09-26T13:43:21.870Z
DEMO-DEV-3315,168,2022-10-12T06:15:29.138Z,2026-09-26T23:55:22.308Z
DEMO-DEV-3369,168,2022-10-09T23:24:03.974Z,2026-09-20T07:12:01.859Z
DEMO-DEV-3374,168,2022-10-03T22:51:46.661Z,2026-09-25T12:06:54.870Z
DEMO-DEV-3499,168,2022-10-05T05:39:08.234Z,2026-09-16T09:12:31.090Z
DEMO-DEV-3505,168,2022-10-05T01:54:11.816Z,2026-09-12T23:15:21.949Z
DEMO-DEV-3506,168,2022-10-08T00:25:01.442Z,2026-09-19T15:36:33.289Z
DEMO-DEV-3524,168,2022-10-03T16:24:28.618Z,2026-09-26T03:27:16.859Z
DEMO-DEV-3525,168,2022-10-21T05:24:00.824Z,2026-09-07T20:57:43.288Z
DEMO-DEV-3533,168,2022-10-05T04:05:01.397Z,2026-09-19T02:57:35.300Z
DEMO-DEV-3537,168,2022-11-03T09:25:39.599Z,2026-09-28T10:41:36.817Z
DEMO-DEV-3543,168,2022-10-20T10:15:40.120Z,2026-09-26T11:59:18.225Z
DEMO-DEV-3549,168,2022-10-23T00:52:19.710Z,2026-09-29T22:00:13.792Z
DEMO-DEV-3567,168,2022-10-03T00:22:40.885Z,2026-09-26T11:52:00.682Z
DEMO-DEV-3577,168,2022-10-04T04:03:50.676Z,2026-09-28T18:51:51.639Z
DEMO-DEV-3579,168,2022-10-03T16:19:42.661Z,2026-09-26T23:50:34.204Z
DEMO-DEV-3623,168,2022-10-01T19:20:56.969Z,2026-09-13T20:45:46.646Z
DEMO-DEV-3650,168,2022-10-02T06:12:50.365Z,2026-09-24T17:17:20.264Z
DEMO-DEV-3653,168,2022-10-04T17:34:20.455Z,2026-09-20T06:54:21.913Z
DEMO-DEV-3658,168,2022-10-07T21:43:10.836Z,2026-09-17T20:06:17.864Z
DEMO-DEV-3662,168,2022-10-04T08:42:00.867Z,2026-09-08T22:19:05.026Z
DEMO-DEV-3676,168,2022-10-13T16:55:30.591Z,2026-08-30T04:02:27.929Z
DEMO-DEV-3702,168,2022-10-30T09:25:42.302Z,2026-09-18T07:36:11.545Z
DEMO-DEV-3712,168,2022-10-05T03:03:01.785Z,2026-09-24T23:39:53.666Z
DEMO-DEV-3800,168,2022-10-02T05:02:57.891Z,2026-09-17T10:36:47.222Z
DEMO-DEV-3983,168,2022-10-15T16:08:28.219Z,2026-09-28T04:21:41.692Z
DEMO-DEV-3988,168,2022-10-12T16:21:38.252Z,2026-09-20T04:17:23.524Z
DEMO-DEV-4073,168,2022-10-05T13:00:11.948Z,2026-09-27T04:09:43.803Z
DEMO-DEV-4100,168,2022-10-10T03:41:16.503Z,2026-09-26T15:57:18.087Z
DEMO-DEV-4101,168,2022-10-09T11:51:34.793Z,2026-09-27T22:56:15.038Z
DEMO-DEV-4107,168,2022-10-07T13:47:27.568Z,2026-09-23T15:37:20.778Z
DEMO-DEV-4140,168,2022-10-17T12:44:36.524Z,2026-09-19T08:49:51.877Z
DEMO-DEV-4156,168,2022-10-03T00:16:16.648Z,2026-09-26T22:50:09.612Z
DEMO-DEV-4163,168,2022-10-04T02:02:33.648Z,2026-09-16T10:59:45.968Z
DEMO-DEV-4208,168,2022-10-02T08:13:19.168Z,2026-09-24T17:42:17.391Z
DEMO-DEV-4260,168,2022-10-15T03:07:30.264Z,2026-09-24T09:46:54.578Z
DEMO-DEV-4310,168,2022-10-16T00:23:19.038Z,2026-09-13T10:12:50.864Z
DEMO-DEV-4322,168,2022-10-03T01:11:10.842Z,2026-09-16T22:25:43.225Z
DEMO-DEV-4354,168,2022-10-10T19:06:46.211Z,2026-09-27T04:14:31.455Z
DEMO-DEV-4387,168,2022-10-01T19:07:26.799Z,2026-09-27T15:54:42.851Z
DEMO-DEV-4393,168,2022-10-15T00:06:22.914Z,2026-09-29T14:24:08.975Z
DEMO-DEV-4394,168,2022-10-17T03:31:24.225Z,2026-09-27T16:21:48.648Z
DEMO-DEV-4405,168,2022-10-12T08:55:35.524Z,2026-09-18T02:06:48.578Z
DEMO-DEV-4437,168,2022-10-30T09:58:16.508Z,2026-09-30T03:13:04.150Z
DEMO-DEV-4443,168,2022-10-06T06:22:41.455Z,2026-08-19T11:52:08.513Z
DEMO-DEV-4473,168,2022-10-19T01:07:06.204Z,2026-09-30T05:56:43.224Z
DEMO-DEV-4497,168,2022-10-03T01:47:58.409Z,2026-09-09T10:28:13.892Z
DEMO-DEV-4505,168,2022-10-01T17:03:17.682Z,2026-09-05T16:10:25.139Z
DEMO-DEV-4557,168,2022-10-20T23:43:00.793Z,2026-09-28T11:35:57.232Z
DEMO-DEV-4670,168,2022-10-05T11:11:03.508Z,2026-09-18T20:04:03.965Z
DEMO-DEV-4684,168,2022-10-14T04:19:54.859Z,2026-09-19T04:28:24.183Z
DEMO-DEV-4703,168,2022-10-06T02:36:31.288Z,2026-09-18T04:07:42.658Z
DEMO-DEV-4757,168,2022-10-05T04:30:06.300Z,2026-09-08T11:40:50.365Z
DEMO-DEV-4847,168,2022-10-01T10:13:04.300Z,2026-09-28T13:50:45.804Z
DEMO-DEV-4886,168,2022-10-23T04:50:58.289Z,2026-09-29T16:59:27.077Z
DEMO-DEV-4911,168,2022-10-06T23:20:21.027Z,2026-09-29T11:50:27.965Z
DEMO-DEV-5015,168,2022-10-19T21:14:16.688Z,2026-09-15T16:59:50.073Z
DEMO-DEV-5132,168,2022-10-04T08:02:15.692Z,2026-09-24T07:07:56.778Z
DEMO-DEV-5271,168,2022-10-05T10:49:59.470Z,2026-09-13T08:19:10.505Z
DEMO-DEV-5393,168,2022-10-15T21:34:24.442Z,2026-09-26T23:12:37.661Z
DEMO-DEV-5485,168,2022-10-02T01:29:15.308Z,2026-09-22T10:12:29.578Z
DEMO-DEV-5510,168,2022-10-03T08:51:42.134Z,2026-09-25T00:15:02.442Z
DEMO-DEV-5585,168,2022-10-02T13:31:19.556Z,2026-09-14T19:55:19.508Z
DEMO-DEV-5668,168,2022-10-03T08:41:30.045Z,2026-09-29T20:54:12.024Z
DEMO-DEV-5678,168,2022-10-08T09:29:20.354Z,2026-09-24T14:04:54.505Z
DEMO-DEV-5696,168,2022-10-22T20:29:35.308Z,2026-09-23T18:11:36.500Z
DEMO-DEV-5757,168,2022-10-07T23:19:15.784Z,2026-09-28T10:50:55.811Z
DEMO-DEV-5763,168,2022-10-13T14:39:34.289Z,2026-09-22T12:18:26.168Z
DEMO-DEV-5778,168,2022-10-25T10:02:53.120Z,2026-09-23T17:22:50.368Z
DEMO-DEV-5793,168,2022-10-05T19:03:37.026Z,2026-09-25T20:23:03.523Z
DEMO-DEV-5806,168,2022-10-25T08:14:03.252Z,2026-09-10T22:38:29.842Z
DEMO-DEV-5812,168,2022-10-12T07:31:46.682Z,2026-09-21T03:40:25.618Z
DEMO-DEV-5855,168,2022-10-05T18:35:14.806Z,2026-09-13T06:12:00.291Z
DEMO-DEV-5940,168,2022-10-05T05:24:32.160Z,2026-09-24T12:46:16.238Z
DEMO-DEV-6038,168,2022-10-04T11:09:14.225Z,2026-09-22T23:54:49.165Z
DEMO-DEV-6042,168,2022-10-06T06:08:11.555Z,2026-09-20T01:48:30.120Z
DEMO-DEV-6098,168,2022-10-02T09:02:15.307Z,2026-09-25T07:35:36.325Z
DEMO-DEV-6111,168,2022-10-03T17:59:47.288Z,2026-09-23T17:41:59.226Z
DEMO-DEV-6125,168,2022-10-11T11:49:30.648Z,2026-09-29T13:26:35.658Z
DEMO-DEV-6161,168,2022-10-10T09:02:17.123Z,2026-09-29T03:45:01.014Z
DEMO-DEV-6215,168,2022-10-11T03:44:13.045Z,2026-09-21T09:10:49.799Z
DEMO-DEV-6223,168,2022-10-13T23:16:39.950Z,2026-08-22T15:43:54.765Z
DEMO-DEV-6271,168,2022-10-02T00:10:00.446Z,2026-09-18T06:01:29.655Z
DEMO-DEV-6373,168,2022-10-02T02:54:35.218Z,2026-09-26T14:34:59.037Z
DEMO-DEV-6439,168,2022-10-02T13:25:29.387Z,2026-09-23T19:35:18.661Z
DEMO-DEV-6449,168,2022-10-07T21:27:54.272Z,2026-09-25T16:02:51.799Z
DEMO-DEV-6452,168,2022-10-03T10:27:42.891Z,2026-09-25T14:39:49.612Z
DEMO-DEV-6483,168,2022-10-05T15:58:05.352Z,2026-09-22T19:13:59.867Z
DEMO-DEV-6507,168,2022-10-04T09:40:24.870Z,2026-09-16T13:35:41.168Z
DEMO-DEV-6555,168,2022-10-02T21:18:43.597Z,2026-09-26T16:58:11.300Z
DEMO-DEV-6623,168,2022-10-04T11:06:22.968Z,2026-09-28T05:47:52.825Z
DEMO-DEV-6628,168,2022-10-05T01:56:23.357Z,2026-09-16T13:04:05.391Z
DEMO-DEV-6645,168,2022-10-06T07:57:08.087Z,2026-09-27T00:43:55.816Z
DEMO-DEV-6684,168,2022-10-02T09:34:01.298Z,2026-09-11T09:36:20.325Z
DEMO-DEV-6692,168,2022-10-09T00:55:59.557Z,2026-09-28T15:53:13.612Z
DEMO-DEV-6703,168,2022-10-02T18:16:28.503Z,2026-09-26T17:20:11.719Z
DEMO-DEV-6726,168,2022-10-30T01:51:16.668Z,2026-09-11T16:46:27.929Z
DEMO-DEV-6803,168,2022-11-01T21:58:18.688Z,2026-09-09T08:49:28.926Z
DEMO-DEV-6830,168,2022-10-02T14:51:41.803Z,2026-09-25T13:22:13.666Z
DEMO-DEV-6908,168,2022-10-05T10:03:37.352Z,2026-09-24T23:11:06.841Z
DEMO-DEV-6924,168,2022-10-06T20:43:08.867Z,2026-09-26T10:49:13.948Z
DEMO-DEV-6934,168,2022-10-13T12:45:53.123Z,2026-09-17T21:14:39.710Z
DEMO-DEV-6960,168,2022-10-13T07:34:15.754Z,2026-09-27T13:04:00.239Z
DEMO-DEV-6988,168,2022-10-03T09:19:49.026Z,2026-09-22T05:35:57.976Z
DEMO-DEV-7071,168,2022-10-24T18:31:45.614Z,2026-09-29T20:35:53.511Z
DEMO-DEV-7089,168,2022-10-01T16:22:20.040Z,2026-09-30T00:55:13.778Z
DEMO-DEV-7194,168,2022-10-09T18:44:46.167Z,2026-09-26T15:21:37.403Z
DEMO-DEV-7205,168,2022-10-02T12:25:09.719Z,2026-09-29T03:17:54.402Z
DEMO-DEV-7283,168,2022-10-12T11:46:16.300Z,2026-09-23T13:34:36.390Z
DEMO-DEV-7357,168,2022-10-10T20:22:38.205Z,2026-09-28T22:44:59.460Z
DEMO-DEV-7375,168,2022-10-04T22:32:45.915Z,2026-09-26T12:18:04.867Z
DEMO-DEV-7403,168,2022-10-24T17:20:46.038Z,2026-09-26T02:56:00.226Z
DEMO-DEV-7417,168,2022-11-01T09:33:23.139Z,2026-09-23T16:17:12.409Z
DEMO-DEV-7462,168,2022-10-26T04:23:50.864Z,2026-09-29T06:17:54.319Z
DEMO-DEV-7476,168,2022-10-06T13:55:19.557Z,2026-09-23T07:36:38.811Z
DEMO-DEV-7544,168,2022-10-12T05:07:20.370Z,2026-08-29T17:46:59.203Z
DEMO-DEV-7590,168,2022-10-04T14:56:58.264Z,2026-09-12T09:05:14.325Z
DEMO-DEV-7615,168,2022-10-06T22:17:53.607Z,2026-09-24T07:37:40.264Z
DEMO-DEV-7637,168,2022-10-01T16:33:48.246Z,2026-09-29T21:52:37.466Z
DEMO-DEV-7651,168,2022-10-15T07:34:46.219Z,2026-09-04T22:28:19.806Z
DEMO-DEV-7742,168,2022-10-07T12:35:34.234Z,2026-09-28T00:34:01.366Z
DEMO-DEV-7752,168,2022-10-03T16:11:32.138Z,2026-09-29T01:31:42.578Z
DEMO-DEV-7895,168,2022-10-02T23:00:15.989Z,2026-09-25T07:08:39.892Z
DEMO-DEV-7909,168,2022-10-04T23:12:53.584Z,2026-09-25T04:23:28.485Z
DEMO-DEV-7932,168,2022-10-02T15:24:13.063Z,2026-09-29T01:11:30.246Z
DEMO-DEV-7946,168,2022-10-02T00:00:00.090Z,2026-09-20T21:24:12.917Z
DEMO-DEV-7949,168,2022-10-04T14:08:05.785Z,2026-09-28T08:13:17.989Z
DEMO-DEV-8002,168,2022-10-06T22:45:54.073Z,2026-09-25T06:48:18.015Z
DEMO-DEV-8054,168,2022-10-16T06:19:51.792Z,2026-09-12T01:37:13.666Z
DEMO-DEV-8078,168,2022-10-10T21:59:30.591Z,2026-09-25T13:33:39.950Z
DEMO-DEV-8125,168,2022-10-11T10:34:28.646Z,2026-09-28T21:49:43.950Z
DEMO-DEV-8131,168,2022-10-15T21:38:07.968Z,2026-09-01T03:58:50.804Z
DEMO-DEV-8146,168,2022-10-11T23:11:24.003Z,2026-09-29T02:09:35.859Z
DEMO-DEV-8162,168,2022-10-01T16:14:33.300Z,2026-09-25T06:30:40.877Z
DEMO-DEV-8190,168,2022-11-22T13:27:27.655Z,2026-09-23T01:53:16.077Z
DEMO-DEV-8197,168,2022-10-02T09:18:16.949Z,2026-09-17T19:39:09.727Z
DEMO-DEV-8250,168,2022-10-17T16:00:11.614Z,2026-09-29T11:36:04.817Z
DEMO-DEV-8253,168,2022-10-09T00:21:52.080Z,2026-09-27T03:55:55.859Z
DEMO-DEV-8342,168,2022-10-10T21:54:32.842Z,2026-09-23T02:24:18.462Z
DEMO-DEV-8365,168,2022-10-03T15:14:16.508Z,2026-09-27T22:25:10.989Z
DEMO-DEV-8449,168,2022-10-11T13:10:13.189Z,2026-09-04T09:36:28.968Z
DEMO-DEV-8467,168,2022-10-26T16:30:46.825Z,2026-09-27T08:18:31.607Z
DEMO-DEV-8538,168,2022-10-14T14:51:39.914Z,2026-09-17T04:17:22.913Z
DEMO-DEV-8543,168,2022-10-13T22:48:03.298Z,2026-09-29T08:28:40.090Z
DEMO-DEV-8599,168,2022-10-08T07:18:03.661Z,2026-09-23T10:16:39.778Z
DEMO-DEV-8615,168,2022-10-07T01:21:52.183Z,2026-09-25T04:53:22.985Z
DEMO-DEV-8640,168,2022-10-11T09:43:31.155Z,2026-09-26T21:48:32.394Z
DEMO-DEV-8642,168,2022-10-17T11:27:22.989Z,2026-09-01T22:39:42.015Z
DEMO-DEV-8751,168,2022-10-04T08:55:12.799Z,2026-09-21T17:46:26.040Z
DEMO-DEV-8832,168,2022-10-05T15:03:10.605Z,2026-09-24T14:55:49.846Z
DEMO-DEV-8836,168,2022-10-09T07:02:49.272Z,2026-08-20T17:32:18.472Z
DEMO-DEV-8867,168,2022-10-20T03:53:25.172Z,2026-09-28T00:24:23.224Z
DEMO-DEV-8884,168,2022-10-02T15:45:51.719Z,2026-09-29T04:08:16.868Z
DEMO-DEV-8892,168,2022-10-05T04:03:25.254Z,2026-08-15T12:24:42.497Z
DEMO-DEV-8940,168,2022-10-27T13:56:44.976Z,2026-09-24T04:04:59.291Z
DEMO-DEV-8978,168,2022-10-13T02:09:38.120Z,2026-09-28T10:14:08.150Z
DEMO-DEV-8991,168,2022-10-04T20:44:42.354Z,2026-09-28T00:11:05.165Z
DEMO-DEV-9078,168,2022-10-05T08:38:20.138Z,2026-09-03T10:05:08.841Z
DEMO-DEV-9082,168,2022-10-02T03:24:44.026Z,2026-09-29T04:54:30.806Z
DEMO-DEV-9122,168,2022-10-10T11:08:37.702Z,2026-09-29T04:30:29.254Z
DEMO-DEV-9194,168,2022-10-03T23:13:36.676Z,2026-09-27T11:35:08.557Z
DEMO-DEV-9323,168,2022-11-06T23:19:38.836Z,2026-08-30T04:35:32.710Z
DEMO-DEV-9418,168,2022-10-11T08:29:39.460Z,2026-09-23T10:19:39.234Z
DEMO-DEV-9520,168,2022-10-22T20:33:19.291Z,2026-09-29T10:51:59.057Z
DEMO-DEV-9560,168,2022-10-12T11:53:42.614Z,2026-09-29T20:32:24.500Z
DEMO-DEV-9620,168,2022-10-18T11:15:36.298Z,2026-09-25T17:56:38.183Z
DEMO-DEV-9637,168,2022-10-06T11:28:07.027Z,2026-09-20T15:18:39.173Z
DEMO-DEV-9653,168,2022-10-05T21:15:58.319Z,2026-09-27T08:47:44.497Z
DEMO-DEV-9655,168,2022-10-01T15:55:08.040Z,2026-09-26T10:03:29.077Z
DEMO-DEV-9709,168,2022-10-26T19:29:48.150Z,2026-08-28T17:45:16.965Z
DEMO-DEV-9755,168,2022-10-06T16:16:39.839Z,2026-09-22T03:29:34.403Z
DEMO-DEV-9821,168,2022-10-05T18:52:01.710Z,2026-09-28T23:15:56.976Z
DEMO-DEV-9944,168,2022-11-10T03:47:04.057Z,2026-09-21T04:58:34.307Z
DEMO-DEV-9982,168,2022-10-05T03:01:56.891Z,2026-09-25T11:24:50.688Z
DEMO-DEV-9997,168,2022-10-01T18:36:10.203Z,2026-09-28T03:52:48.073Z
DEMO-DEV-0021,167,2022-10-06T06:57:01.993Z,2026-09-26T23:53:14.864Z
DEMO-DEV-0036,167,2022-10-29T05:53:54.222Z,2026-09-29T19:46:37.605Z
DEMO-DEV-0050,167,2022-10-03T06:32:59.272Z,2026-09-25T03:00:37.614Z
DEMO-DEV-0072,167,2022-10-30T23:02:22.289Z,2026-09-12T00:04:27.816Z
DEMO-DEV-0099,167,2022-10-11T14:49:25.839Z,2026-09-23T18:16:00.470Z
DEMO-DEV-0102,167,2022-10-05T20:22:13.264Z,2026-09-27T12:36:06.987Z
DEMO-DEV-0129,167,2022-10-11T19:12:21.403Z,2026-09-25T08:16:27.989Z
DEMO-DEV-0140,167,2022-10-04T06:04:51.503Z,2026-09-30T02:26:37.470Z
DEMO-DEV-0198,167,2022-10-07T23:33:44.268Z,2026-09-25T22:39:47.618Z
DEMO-DEV-0229,167,2022-10-08T20:28:30.870Z,2026-09-26T10:07:26.843Z
DEMO-DEV-0301,167,2022-10-18T12:26:27.584Z,2026-09-21T21:24:46.470Z
DEMO-DEV-0372,167,2022-10-05T18:37:20.948Z,2026-09-30T08:01:15.232Z
DEMO-DEV-0376,167,2022-10-18T19:47:04.870Z,2026-09-25T15:56:33.816Z
DEMO-DEV-0384,167,2022-10-03T21:44:17.466Z,2026-09-29T06:11:10.527Z
DEMO-DEV-0480,167,2022-10-02T14:28:20.021Z,2026-09-19T17:20:58.038Z
DEMO-DEV-0512,167,2022-10-06T16:38:36.864Z,2026-09-21T20:52:15.120Z
DEMO-DEV-0527,167,2022-10-04T05:53:25.172Z,2026-09-28T05:05:11.816Z
DEMO-DEV-0529,167,2022-10-08T16:46:04.719Z,2026-09-27T00:07:59.614Z
DEMO-DEV-0532,167,2022-10-21T19:13:13.917Z,2026-09-25T03:27:36.846Z
DEMO-DEV-0537,167,2022-10-14T07:30:44.968Z,2026-09-28T13:45:11.719Z
DEMO-DEV-0538,167,2022-11-08T11:06:00.668Z,2026-09-25T01:34:50.337Z
DEMO-DEV-0565,167,2022-10-07T22:40:42.319Z,2026-09-26T04:16:36.591Z
DEMO-DEV-0581,167,2022-10-09T03:37:48.806Z,2026-09-19T02:34:46.460Z
DEMO-DEV-0621,167,2022-10-30T10:32:02.535Z,2026-09-24T09:24:38.692Z
DEMO-DEV-0646,167,2022-10-09T15:54:18.234Z,2026-09-15T11:08:00.785Z
DEMO-DEV-0654,167,2022-10-01T15:24:29.584Z,2026-09-29T10:36:22.500Z
DEMO-DEV-0661,167,2022-10-07T17:55:11.578Z,2026-09-24T10:26:26.391Z
DEMO-DEV-0665,167,2022-10-10T06:05:51.591Z,2026-09-25T22:44:25.485Z
DEMO-DEV-0740,167,2022-10-02T01:24:38.965Z,2026-09-13T18:36:57.139Z
DEMO-DEV-0783,167,2022-10-10T21:01:30.816Z,2026-09-28T07:23:43.302Z
DEMO-DEV-0841,167,2022-10-05T06:46:56.545Z,2026-09-22T10:20:09.714Z
DEMO-DEV-0855,167,2022-10-03T03:55:33.710Z,2026-09-18T02:48:09.205Z
DEMO-DEV-0861,167,2022-10-03T06:36:19.655Z,2026-09-25T05:09:48.238Z
DEMO-DEV-0870,167,2022-10-30T08:21:42.021Z,2026-09-30T06:54:30.238Z
DEMO-DEV-0888,167,2022-10-02T10:21:27.319Z,2026-09-20T23:35:58.138Z
DEMO-DEV-0904,167,2022-10-05T11:59:58.524Z,2026-09-21T08:04:44.792Z
DEMO-DEV-0955,167,2022-10-05T07:56:50.948Z,2026-09-30T06:58:50.183Z
DEMO-DEV-0981,167,2022-10-01T12:03:32.442Z,2026-09-30T06:34:04.535Z
DEMO-DEV-1003,167,2022-10-04T10:13:24.863Z,2026-09-25T08:31:24.974Z
DEMO-DEV-1044,167,2022-10-17T15:25:03.173Z,2026-09-22T20:22:41.666Z
DEMO-DEV-1061,167,2022-10-06T17:44:01.462Z,2026-09-17T18:06:43.268Z
DEMO-DEV-1069,167,2022-10-21T10:37:44.288Z,2026-09-25T08:13:56.511Z
DEMO-DEV-1099,167,2022-11-08T12:31:31.948Z,2026-08-31T08:10:30.648Z
DEMO-DEV-1129,167,2022-10-02T23:36:32.692Z,2026-09-21T23:02:18.839Z
DEMO-DEV-1159,167,2022-10-04T23:09:07.370Z,2026-09-15T03:46:54.811Z
DEMO-DEV-1163,167,2022-10-03T08:16:36.232Z,2026-09-23T16:25:51.913Z
DEMO-DEV-1171,167,2022-10-04T17:09:12.138Z,2026-09-09T20:51:58.738Z
DEMO-DEV-1184,167,2022-10-03T00:32:28.926Z,2026-09-15T12:20:17.298Z
DEMO-DEV-1185,167,2022-10-08T13:22:04.120Z,2026-09-21T07:22:56.524Z
DEMO-DEV-1215,167,2022-10-08T09:53:21.370Z,2026-09-24T01:08:00.537Z
DEMO-DEV-1225,167,2022-10-06T06:59:03.264Z,2026-09-16T19:47:07.804Z
DEMO-DEV-1255,167,2022-10-03T00:54:07.161Z,2026-09-15T14:53:10.784Z
DEMO-DEV-1264,167,2022-10-10T22:07:37.578Z,2026-09-19T14:04:06.865Z
DEMO-DEV-1301,167,2022-10-17T19:44:31.015Z,2026-09-14T02:36:44.969Z
DEMO-DEV-1362,167,2022-10-06T12:37:22.778Z,2026-08-18T15:11:45.867Z
DEMO-DEV-1366,167,2022-10-26T18:05:40.816Z,2026-09-21T21:25:30.252Z
DEMO-DEV-1377,167,2022-10-06T15:34:51.319Z,2026-09-25T23:55:19.368Z
DEMO-DEV-1382,167,2022-10-16T22:42:02.929Z,2026-09-24T13:30:01.618Z
DEMO-DEV-1384,167,2022-10-30T02:46:21.989Z,2026-09-16T22:43:51.403Z
DEMO-DEV-1433,167,2022-10-13T15:17:24.523Z,2026-09-23T03:00:30.352Z
DEMO-DEV-1541,167,2022-10-02T04:09:33.402Z,2026-09-10T03:26:44.535Z
DEMO-DEV-1585,167,2022-10-09T04:11:36.472Z,2026-09-21T23:07:00.300Z
DEMO-DEV-1596,167,2022-10-01T13:05:10.503Z,2026-09-13T07:11:31.989Z
DEMO-DEV-1604,167,2022-10-22T07:47:32.497Z,2026-09-30T08:23:27.612Z
DEMO-DEV-1629,167,2022-10-03T19:39:52.535Z,2026-09-24T00:14:54.811Z
DEMO-DEV-1642,167,2022-10-05T06:01:19.287Z,2026-09-18T11:55:06.646Z
DEMO-DEV-1739,167,2022-10-13T02:02:32.415Z,2026-09-20T16:25:04.968Z
DEMO-DEV-1745,167,2022-10-09T16:50:18.618Z,2026-09-16T15:23:28.668Z
DEMO-DEV-1754,167,2022-10-15T20:52:42.793Z,2026-09-28T13:04:25.584Z
DEMO-DEV-1795,167,2022-10-11T01:37:10.784Z,2026-09-25T12:23:02.976Z
DEMO-DEV-1844,167,2022-10-26T17:11:20.120Z,2026-09-18T07:40:25.682Z
DEMO-DEV-1981,167,2022-10-02T16:41:24.846Z,2026-09-22T02:02:58.038Z
DEMO-DEV-2044,167,2022-10-17T08:49:45.415Z,2026-09-28T09:50:56.884Z
DEMO-DEV-2064,167,2022-10-26T10:38:58.556Z,2026-09-30T02:51:04.161Z
DEMO-DEV-2096,167,2022-11-03T14:15:34.795Z,2026-09-26T21:54:11.224Z
DEMO-DEV-2104,167,2022-10-07T05:42:03.710Z,2026-09-29T06:17:08.045Z
DEMO-DEV-2137,167,2022-10-23T08:09:27.038Z,2026-09-24T17:58:53.167Z
DEMO-DEV-2154,167,2022-10-21T05:21:43.224Z,2026-09-28T10:47:23.618Z
DEMO-DEV-2460,167,2022-10-05T21:41:19.139Z,2026-08-31T11:38:32.038Z
DEMO-DEV-2462,167,2022-10-04T07:08:45.824Z,2026-09-27T09:11:13.172Z
DEMO-DEV-2482,167,2022-10-01T15:30:12.992Z,2026-09-30T01:54:49.511Z
DEMO-DEV-2499,167,2022-10-03T10:17:47.929Z,2026-09-17T11:09:27.497Z
DEMO-DEV-2524,167,2022-10-04T02:53:41.211Z,2026-09-17T03:06:54.535Z
DEMO-DEV-2581,167,2022-10-05T18:05:41.368Z,2026-09-29T21:34:13.658Z
DEMO-DEV-2600,167,2022-10-23T23:39:17.319Z,2026-09-25T21:26:53.172Z
DEMO-DEV-2611,167,2022-10-12T06:42:33.352Z,2026-09-26T06:50:06.120Z
DEMO-DEV-2624,167,2022-10-13T13:21:06.045Z,2026-08-31T18:00:42.428Z
DEMO-DEV-2625,167,2022-11-09T00:06:53.014Z,2026-09-28T22:19:03.976Z
DEMO-DEV-2650,167,2022-10-05T09:33:11.765Z,2026-09-28T07:35:10.205Z
DEMO-DEV-2659,167,2022-10-13T19:47:04.428Z,2026-09-20T11:42:25.784Z
DEMO-DEV-2663,167,2022-10-02T03:12:17.302Z,2026-09-13T08:00:45.394Z
DEMO-DEV-2669,167,2022-10-21T00:19:41.462Z,2026-09-28T14:24:13.688Z
DEMO-DEV-2729,167,2022-10-06T14:50:47.949Z,2026-09-29T10:15:08.653Z
DEMO-DEV-2783,167,2022-10-02T00:12:29.236Z,2026-09-27T11:40:14.992Z
DEMO-DEV-2814,167,2022-10-05T18:30:14.134Z,2026-09-28T14:35:09.462Z
DEMO-DEV-2854,167,2022-10-23T23:25:26.879Z,2026-09-22T04:19:15.120Z
DEMO-DEV-2872,167,2022-10-06T05:17:29.950Z,2026-09-08T22:41:34.252Z
DEMO-DEV-2914,167,2022-10-18T14:40:16.134Z,2026-09-13T16:50:40.325Z
DEMO-DEV-2946,167,2022-10-01T12:39:31.811Z,2026-09-27T12:15:49.254Z
DEMO-DEV-2952,167,2022-10-21T05:35:12.804Z,2026-09-18T15:25:48.989Z
DEMO-DEV-2954,167,2022-10-11T10:00:53.839Z,2026-09-26T10:40:02.014Z
DEMO-DEV-2957,167,2022-10-03T23:55:50.653Z,2026-09-09T19:45:33.524Z
DEMO-DEV-3053,167,2022-10-01T12:09:20.189Z,2026-09-26T10:42:36.190Z
DEMO-DEV-3056,167,2022-10-05T08:56:03.357Z,2026-09-25T22:51:07.387Z
DEMO-DEV-3058,167,2022-10-02T18:10:01.803Z,2026-09-28T17:47:10.208Z
DEMO-DEV-3062,167,2022-10-13T20:36:15.950Z,2026-08-29T02:13:39.873Z
DEMO-DEV-3125,167,2022-10-16T18:05:00.658Z,2026-09-28T00:47:47.138Z
DEMO-DEV-3215,167,2022-10-01T16:32:16.038Z,2026-08-28T07:53:12.803Z
DEMO-DEV-3222,167,2022-10-06T22:37:37.302Z,2026-09-29T15:52:37.172Z
DEMO-DEV-3229,167,2022-10-05T15:08:43.165Z,2026-09-14T18:22:59.462Z
DEMO-DEV-3332,167,2022-10-23T08:06:30.354Z,2026-09-21T16:48:41.172Z
DEMO-DEV-3385,167,2022-10-11T14:42:06.966Z,2026-09-22T17:18:39.816Z
DEMO-DEV-3391,167,2022-10-03T17:37:48.232Z,2026-09-14T22:21:07.873Z
DEMO-DEV-3415,167,2022-10-13T15:30:05.735Z,2026-09-29T09:13:25.692Z
DEMO-DEV-3436,167,2022-10-06T02:46:38.735Z,2026-09-15T06:35:53.415Z
DEMO-DEV-3453,167,2022-10-10T17:04:56.568Z,2026-09-06T23:18:38.189Z
DEMO-DEV-3472,167,2022-10-06T06:53:48.337Z,2026-09-20T03:08:48.806Z
DEMO-DEV-3562,167,2022-10-09T10:25:33.519Z,2026-09-17T22:18:23.795Z
DEMO-DEV-3667,167,2022-10-11T18:15:05.877Z,2026-09-25T00:38:41.394Z
DEMO-DEV-3677,167,2022-10-07T10:45:53.203Z,2026-09-20T14:46:20.879Z
DEMO-DEV-3695,167,2022-10-25T05:08:53.618Z,2026-09-26T21:40:55.037Z
DEMO-DEV-3732,167,2022-10-25T06:42:58.556Z,2026-09-12T07:01:12.080Z
DEMO-DEV-3767,167,2022-10-14T18:24:28.239Z,2026-09-26T00:35:13.026Z
DEMO-DEV-3769,167,2022-10-06T20:16:47.879Z,2026-09-28T01:18:21.929Z
DEMO-DEV-3791,167,2022-10-01T13:32:42.226Z,2026-09-28T08:19:21.614Z
DEMO-DEV-3872,167,2022-10-10T08:35:37.442Z,2026-09-19T23:29:58.087Z
DEMO-DEV-3882,167,2022-10-03T22:54:29.926Z,2026-09-22T18:58:13.014Z
DEMO-DEV-3898,167,2022-10-01T21:56:25.523Z,2026-09-24T12:59:04.368Z
DEMO-DEV-3919,167,2022-10-02T16:35:02.892Z,2026-09-24T01:29:19.123Z
DEMO-DEV-3921,167,2022-10-09T14:28:47.222Z,2026-09-29T08:41:21.219Z
DEMO-DEV-3924,167,2022-10-07T10:40:41.208Z,2026-09-24T07:12:59.867Z
DEMO-DEV-3941,167,2022-10-02T00:17:56.786Z,2026-09-27T11:33:22.865Z
DEMO-DEV-4033,167,2022-10-31T12:01:15.948Z,2026-09-26T23:32:22.556Z
DEMO-DEV-4094,167,2022-10-21T11:30:37.646Z,2026-09-29T12:12:50.754Z
DEMO-DEV-4116,167,2022-10-20T13:27:52.557Z,2026-09-11T23:43:48.246Z
DEMO-DEV-4158,167,2022-10-11T11:35:15.319Z,2026-09-27T22:28:27.040Z
DEMO-DEV-4187,167,2022-10-03T01:53:05.985Z,2026-09-19T06:52:50.867Z
DEMO-DEV-4193,167,2022-10-05T13:55:21.057Z,2026-09-26T15:24:44.272Z
DEMO-DEV-4224,167,2022-10-15T19:17:01.218Z,2026-09-18T15:26:01.222Z
DEMO-DEV-4248,167,2022-10-09T00:48:43.087Z,2026-09-10T18:59:15.846Z
DEMO-DEV-4276,167,2022-10-08T02:28:18.037Z,2026-09-21T19:27:21.222Z
DEMO-DEV-4291,167,2022-10-06T23:34:53.370Z,2026-09-16T12:09:49.795Z
DEMO-DEV-4314,167,2022-10-04T01:39:56.254Z,2026-09-24T10:44:09.068Z
DEMO-DEV-4329,167,2022-10-03T02:09:56.120Z,2026-09-17T23:22:01.253Z
DEMO-DEV-4335,167,2022-10-08T16:04:01.816Z,2026-09-22T03:27:53.976Z
DEMO-DEV-4361,167,2022-10-10T03:49:45.057Z,2026-09-17T20:59:09.851Z
DEMO-DEV-4523,167,2022-10-23T03:12:29.505Z,2026-09-29T07:54:13.075Z
DEMO-DEV-4538,167,2022-10-02T16:58:38.370Z,2026-09-17T04:00:17.298Z
DEMO-DEV-4558,167,2022-10-05T10:11:01.505Z,2026-09-21T10:02:46.308Z
DEMO-DEV-4607,167,2022-10-04T12:33:53.168Z,2026-09-22T13:37:41.825Z
DEMO-DEV-4638,167,2022-10-02T13:36:20.803Z,2026-09-26T04:19:37.968Z
DEMO-DEV-4664,167,2022-10-05T23:40:41.817Z,2026-09-29T20:13:20.692Z
DEMO-DEV-4682,167,2022-10-03T01:31:27.877Z,2026-09-17T06:27:22.057Z
DEMO-DEV-4705,167,2022-10-10T16:26:23.917Z,2026-09-10T11:03:43.080Z
DEMO-DEV-4788,167,2022-10-06T23:20:53.519Z,2026-09-28T15:42:39.443Z
DEMO-DEV-4799,167,2022-10-10T21:41:02.913Z,2026-09-20T07:58:57.246Z
DEMO-DEV-4803,167,2022-10-02T06:21:50.653Z,2026-09-19T14:00:51.519Z
DEMO-DEV-4844,167,2022-10-03T11:00:29.203Z,2026-09-09T23:34:12.087Z
DEMO-DEV-4869,167,2022-10-25T20:08:24.803Z,2026-09-15T22:13:55.816Z
DEMO-DEV-4870,167,2022-10-04T04:27:00.466Z,2026-09-16T20:03:18.021Z
DEMO-DEV-4961,167,2022-10-01T18:30:21.969Z,2026-09-17T23:16:01.403Z
DEMO-DEV-4981,167,2022-10-09T10:38:54.253Z,2026-09-27T16:40:29.021Z
DEMO-DEV-4995,167,2022-10-06T16:23:22.989Z,2026-09-27T08:11:34.239Z
DEMO-DEV-5039,167,2022-10-03T01:01:54.366Z,2026-09-26T11:21:54.864Z
DEMO-DEV-5043,167,2022-10-02T12:50:33.165Z,2026-09-28T13:06:09.287Z
DEMO-DEV-5062,167,2022-10-02T09:00:27.804Z,2026-09-28T15:02:57.591Z
DEMO-DEV-5075,167,2022-10-04T02:39:51.666Z,2026-09-20T14:38:22.568Z
DEMO-DEV-5138,167,2022-10-07T22:55:17.846Z,2026-09-21T10:16:51.037Z
DEMO-DEV-5143,167,2022-10-22T04:08:02.513Z,2026-09-17T21:50:39.556Z
DEMO-DEV-5157,167,2022-10-22T04:44:40.455Z,2026-08-29T12:47:16.497Z
DEMO-DEV-5181,167,2022-10-07T13:36:17.987Z,2026-09-15T03:42:28.692Z
DEMO-DEV-5219,167,2022-10-04T02:11:28.614Z,2026-09-06T19:35:51.063Z
DEMO-DEV-5234,167,2022-10-20T05:46:03.370Z,2026-09-23T16:26:59.160Z
DEMO-DEV-5386,167,2022-10-15T07:47:25.160Z,2026-09-28T18:26:17.778Z
DEMO-DEV-5387,167,2022-10-01T13:12:39.865Z,2026-09-28T01:37:22.037Z
DEMO-DEV-5416,167,2022-10-11T07:06:45.391Z,2026-09-18T20:59:38.524Z
DEMO-DEV-5423,167,2022-10-08T05:28:42.778Z,2026-09-06T08:21:03.867Z
DEMO-DEV-5425,167,2022-10-17T17:04:19.368Z,2026-09-24T21:16:43.015Z
DEMO-DEV-5454,167,2022-10-04T19:00:34.319Z,2026-09-28T18:38:31.204Z
DEMO-DEV-5464,167,2022-11-15T18:27:35.460Z,2026-09-24T21:14:11.428Z
DEMO-DEV-5468,167,2022-10-01T18:52:13.817Z,2026-09-19T04:45:56.138Z
DEMO-DEV-5477,167,2022-10-01T19:29:19.250Z,2026-09-26T05:30:03.428Z
DEMO-DEV-5542,167,2022-10-11T19:21:42.466Z,2026-09-16T21:45:46.658Z
DEMO-DEV-5555,167,2022-10-17T21:47:27.658Z,2026-09-24T18:00:36.470Z
DEMO-DEV-5561,167,2022-10-08T18:55:56.535Z,2026-09-22T21:56:02.987Z
DEMO-DEV-5611,167,2022-10-04T10:14:03.879Z,2026-09-14T20:35:26.949Z
DEMO-DEV-5639,167,2022-10-09T22:36:03.298Z,2026-09-23T03:09:23.648Z
DEMO-DEV-5647,167,2022-10-07T16:25:38.926Z,2026-09-30T05:43:57.599Z
DEMO-DEV-5692,167,2022-10-14T18:08:54.950Z,2026-09-19T06:24:45.948Z
DEMO-DEV-5707,167,2022-10-07T08:09:23.402Z,2026-09-19T09:07:02.365Z
DEMO-DEV-5731,167,2022-10-04T12:14:06.172Z,2026-09-19T19:41:09.307Z
DEMO-DEV-5834,167,2022-10-21T01:33:45.291Z,2026-09-26T11:38:49.727Z
DEMO-DEV-5846,167,2022-10-04T04:18:46.300Z,2026-09-20T04:16:43.537Z
DEMO-DEV-5868,167,2022-10-03T06:09:35.929Z,2026-09-28T18:07:51.203Z
DEMO-DEV-5874,167,2022-10-05T12:37:25.014Z,2026-09-05T13:45:23.738Z
DEMO-DEV-5892,167,2022-10-11T14:07:29.752Z,2026-09-26T11:33:16.719Z
DEMO-DEV-5945,167,2022-10-05T22:27:15.668Z,2026-09-26T13:32:27.974Z
DEMO-DEV-5998,167,2022-10-06T02:24:00.167Z,2026-09-29T00:00:34.232Z
DEMO-DEV-6204,167,2022-11-05T07:38:14.799Z,2026-09-17T08:22:02.884Z
DEMO-DEV-6217,167,2022-10-11T07:29:07.778Z,2026-09-29T04:31:35.014Z
DEMO-DEV-6228,167,2022-10-12T11:53:05.527Z,2026-09-22T05:23:26.618Z
DEMO-DEV-6306,167,2022-10-08T10:41:58.272Z,2026-09-29T14:02:02.778Z
DEMO-DEV-6313,167,2022-10-07T08:12:34.974Z,2026-09-27T21:33:06.409Z
DEMO-DEV-6388,167,2022-10-02T11:16:24.192Z,2026-09-29T08:35:06.173Z
DEMO-DEV-6456,167,2022-10-06T17:05:20.462Z,2026-09-29T13:43:31.428Z
DEMO-DEV-6467,167,2022-10-14T02:21:13.987Z,2026-09-26T11:32:58.508Z
DEMO-DEV-6502,167,2022-10-14T03:54:01.415Z,2026-09-21T18:32:07.778Z
DEMO-DEV-6504,167,2022-10-09T14:14:33.368Z,2026-09-10T07:49:07.409Z
DEMO-DEV-6510,167,2022-10-10T09:02:30.485Z,2026-09-30T07:11:35.397Z
DEMO-DEV-6517,167,2022-10-03T05:04:57.511Z,2026-09-30T07:09:28.368Z
DEMO-DEV-6534,167,2022-10-04T02:10:50.493Z,2026-09-10T19:37:57.688Z
DEMO-DEV-6637,167,2022-10-04T11:13:04.038Z,2026-09-16T06:34:45.500Z
DEMO-DEV-6651,167,2022-10-08T16:28:31.519Z,2026-09-28T04:17:45.519Z
DEMO-DEV-6701,167,2022-10-18T08:44:16.892Z,2026-09-25T01:59:29.965Z
DEMO-DEV-6740,167,2022-10-13T11:33:40.165Z,2026-09-28T09:38:04.868Z
DEMO-DEV-6753,167,2022-10-05T20:22:57.080Z,2026-09-25T14:28:36.394Z
DEMO-DEV-6765,167,2022-10-11T07:58:59.014Z,2026-09-30T00:43:15.021Z
DEMO-DEV-6766,167,2022-10-17T21:58:37.926Z,2026-09-27T10:25:42.870Z
DEMO-DEV-6776,167,2022-10-02T06:48:20.591Z,2026-09-29T15:54:27.646Z
DEMO-DEV-6843,167,2022-10-07T00:21:16.653Z,2026-09-22T12:42:12.172Z
DEMO-DEV-6868,167,2022-10-19T12:15:03.165Z,2026-09-24T01:35:25.462Z
DEMO-DEV-6871,167,2022-10-30T22:02:07.885Z,2026-09-14T17:08:04.370Z
DEMO-DEV-6948,167,2022-10-06T04:51:02.537Z,2026-09-28T03:51:56.063Z
DEMO-DEV-7029,167,2022-10-21T17:22:12.272Z,2026-09-19T22:47:14.714Z
DEMO-DEV-7044,167,2022-10-09T21:31:27.612Z,2026-09-27T16:51:09.508Z
DEMO-DEV-7091,167,2022-10-08T09:27:56.682Z,2026-09-18T05:50:06.782Z
DEMO-DEV-7093,167,2022-10-04T09:38:24.929Z,2026-09-10T21:35:37.584Z
DEMO-DEV-7122,167,2022-10-09T14:39:14.470Z,2026-09-22T21:27:17.966Z
DEMO-DEV-7140,167,2022-10-15T17:00:34.975Z,2026-09-19T17:14:04.524Z
DEMO-DEV-7165,167,2022-10-04T12:56:38.443Z,2026-09-12T15:36:13.466Z
DEMO-DEV-7217,167,2022-10-02T17:55:04.668Z,2026-09-26T23:42:13.795Z
DEMO-DEV-7241,167,2022-10-18T08:37:37.063Z,2026-09-19T14:43:21.205Z
DEMO-DEV-7248,167,2022-10-09T15:26:59.472Z,2026-09-24T11:59:47.926Z
DEMO-DEV-7279,167,2022-10-04T00:04:59.068Z,2026-08-30T09:39:37.218Z
DEMO-DEV-7329,167,2022-10-10T14:17:13.172Z,2026-09-08T09:16:23.307Z
DEMO-DEV-7356,167,2022-10-02T11:48:26.719Z,2026-09-09T04:53:30.168Z
DEMO-DEV-7377,167,2022-10-15T20:48:22.661Z,2026-09-27T07:00:44.655Z
DEMO-DEV-7444,167,2022-10-01T11:37:19.077Z,2026-09-21T04:18:51.591Z
DEMO-DEV-7453,167,2022-10-11T19:04:46.537Z,2026-09-29T02:40:53.968Z
DEMO-DEV-7526,167,2022-10-09T13:28:59.003Z,2026-09-14T17:20:12.614Z
DEMO-DEV-7534,167,2022-10-29T19:23:40.063Z,2026-09-25T03:12:10.503Z
DEMO-DEV-7569,167,2022-10-03T06:01:43.929Z,2026-09-25T20:29:24.792Z
DEMO-DEV-7571,167,2022-10-03T19:58:45.948Z,2026-09-28T08:45:06.226Z
DEMO-DEV-7574,167,2022-10-04T18:55:10.949Z,2026-09-30T01:32:51.319Z
DEMO-DEV-7598,167,2022-10-01T14:43:10.867Z,2026-09-13T04:45:18.366Z
DEMO-DEV-7619,167,2022-10-03T02:12:10.403Z,2026-09-23T03:57:30.597Z
DEMO-DEV-7676,167,2022-10-02T12:29:55.073Z,2026-09-27T02:08:59.987Z
DEMO-DEV-7705,167,2022-10-02T01:54:36.508Z,2026-09-30T00:45:52.836Z
DEMO-DEV-7736,167,2022-10-03T22:04:15.915Z,2026-09-27T23:28:15.618Z
DEMO-DEV-7762,167,2022-10-19T21:34:49.841Z,2026-09-20T23:02:36.719Z
DEMO-DEV-7767,167,2022-10-18T13:26:39.500Z,2026-09-27T09:58:04.537Z
DEMO-DEV-7784,167,2022-10-12T00:24:18.415Z,2026-09-21T06:29:44.287Z
DEMO-DEV-7825,167,2022-10-01T11:13:40.307Z,2026-09-13T20:13:03.402Z
DEMO-DEV-7840,167,2022-10-06T09:46:45.027Z,2026-09-26T08:33:18.232Z
DEMO-DEV-7859,167,2022-10-02T05:24:22.556Z,2026-09-22T09:38:30.537Z
DEMO-DEV-7953,167,2022-10-03T22:37:38.806Z,2026-09-19T16:35:36.226Z
DEMO-DEV-7959,167,2022-10-04T02:35:47.843Z,2026-09-17T16:51:33.778Z
DEMO-DEV-7961,167,2022-10-05T09:38:15.765Z,2026-09-13T12:46:10.976Z
DEMO-DEV-7997,167,2022-10-07T09:40:09.037Z,2026-09-28T14:58:31.975Z
DEMO-DEV-7998,167,2022-10-03T10:52:11.804Z,2026-09-20T19:46:52.370Z
DEMO-DEV-8003,167,2022-10-28T13:34:38.636Z,2026-09-16T07:21:20.222Z
DEMO-DEV-8004,167,2022-10-06T11:52:04.307Z,2026-09-27T00:33:54.063Z
DEMO-DEV-8029,167,2022-10-19T10:50:20.817Z,2026-09-27T16:15:10.655Z
DEMO-DEV-8066,167,2022-10-05T07:09:14.134Z,2026-09-28T05:56:15.917Z
DEMO-DEV-8106,167,2022-10-14T08:26:13.535Z,2026-09-23T13:33:27.639Z
DEMO-DEV-8117,167,2022-10-21T03:33:29.224Z,2026-09-23T10:20:07.646Z
DEMO-DEV-8133,167,2022-10-07T03:53:11.120Z,2026-08-28T10:41:52.470Z
DEMO-DEV-8141,167,2022-10-14T18:56:24.913Z,2026-09-27T00:34:28.976Z
DEMO-DEV-8159,167,2022-10-06T10:02:17.658Z,2026-09-27T02:17:20.365Z
DEMO-DEV-8203,167,2022-10-08T05:12:28.003Z,2026-09-20T09:59:53.307Z
DEMO-DEV-8274,167,2022-10-04T00:09:03.045Z,2026-09-18T05:09:16.511Z
DEMO-DEV-8308,167,2022-10-01T11:32:49.877Z,2026-09-26T21:36:43.605Z
DEMO-DEV-8344,167,2022-10-02T06:25:39.612Z,2026-09-01T19:34:09.966Z
DEMO-DEV-8359,167,2022-10-13T22:06:36.264Z,2026-09-28T06:04:14.527Z
DEMO-DEV-8408,167,2022-10-06T19:59:44.612Z,2026-09-08T12:18:42.985Z
DEMO-DEV-8465,167,2022-10-11T07:27:00.443Z,2026-09-23T04:59:30.390Z
DEMO-DEV-8546,167,2022-10-14T12:29:48.302Z,2026-09-29T22:29:22.804Z
DEMO-DEV-8560,167,2022-10-15T15:00:47.325Z,2026-09-20T17:59:52.811Z
DEMO-DEV-8648,167,2022-10-25T19:00:56.710Z,2026-09-23T07:21:57.472Z
DEMO-DEV-8681,167,2022-10-11T02:23:50.612Z,2026-09-26T03:03:23.370Z
DEMO-DEV-8700,167,2022-10-02T20:24:37.254Z,2026-09-28T21:43:53.268Z
DEMO-DEV-8731,167,2022-10-10T05:13:21.226Z,2026-09-28T03:51:21.929Z
DEMO-DEV-8749,167,2022-10-13T19:25:03.682Z,2026-09-30T05:21:50.470Z
DEMO-DEV-8928,167,2022-10-06T11:34:25.661Z,2026-09-29T16:37:31.555Z
DEMO-DEV-8933,167,2022-10-12T14:28:55.308Z,2026-09-27T05:51:49.591Z
DEMO-DEV-8946,167,2022-10-08T08:16:27.599Z,2026-09-10T19:10:01.239Z
DEMO-DEV-8963,167,2022-10-21T21:32:07.037Z,2026-09-14T19:41:02.485Z
DEMO-DEV-8982,167,2022-11-03T21:34:58.219Z,2026-09-22T09:39:34.172Z
DEMO-DEV-9081,167,2022-10-08T23:52:29.428Z,2026-09-18T02:12:19.264Z
DEMO-DEV-9086,167,2022-10-06T23:30:16.120Z,2026-09-22T04:27:49.816Z
DEMO-DEV-9095,167,2022-10-04T08:48:32.211Z,2026-09-24T14:48:22.368Z
DEMO-DEV-9230,167,2022-10-02T02:11:36.462Z,2026-09-28T08:50:28.394Z
DEMO-DEV-9273,167,2022-10-05T01:49:00.298Z,2026-09-27T03:07:56.803Z
DEMO-DEV-9305,167,2022-10-11T12:56:55.891Z,2026-09-04T22:45:25.403Z
DEMO-DEV-9306,167,2022-10-01T22:57:44.368Z,2026-09-29T20:23:43.513Z
DEMO-DEV-9317,167,2022-10-03T20:33:03.203Z,2026-09-22T06:23:35.236Z
DEMO-DEV-9391,167,2022-10-03T07:26:37.168Z,2026-09-30T07:58:33.120Z
DEMO-DEV-9393,167,2022-10-03T11:30:59.287Z,2026-09-24T16:33:58.068Z
DEMO-DEV-9394,167,2022-10-02T12:49:40.537Z,2026-08-29T04:44:11.992Z
DEMO-DEV-9428,167,2022-10-11T15:50:40.993Z,2026-09-21T14:07:12.472Z
DEMO-DEV-9464,167,2022-10-01T15:42:34.949Z,2026-09-24T14:31:45.319Z
DEMO-DEV-9480,167,2022-10-06T04:57:52.950Z,2026-09-20T20:20:24.218Z
DEMO-DEV-9528,167,2022-10-11T07:17:21.661Z,2026-09-26T22:50:55.803Z
DEMO-DEV-9536,167,2022-10-02T15:26:44.302Z,2026-09-22T13:42:31.655Z
DEMO-DEV-9557,167,2022-10-07T02:28:08.799Z,2026-09-29T17:54:11.969Z
DEMO-DEV-9559,167,2022-10-19T04:37:05.836Z,2026-09-02T11:56:11.272Z
DEMO-DEV-9562,167,2022-11-11T20:36:47.015Z,2026-09-24T14:39:11.992Z
DEMO-DEV-9572,167,2022-10-11T15:38:45.607Z,2026-09-26T02:10:57.655Z
DEMO-DEV-9682,167,2022-10-01T21:29:59.597Z,2026-09-30T07:04:37.682Z
DEMO-DEV-9692,167,2022-10-03T14:28:20.037Z,2026-09-23T08:32:12.870Z
DEMO-DEV-9748,167,2022-10-03T03:21:53.167Z,2026-09-17T22:37:05.948Z
DEMO-DEV-9810,167,2022-10-03T02:15:12.842Z,2026-09-26T13:33:52.692Z
DEMO-DEV-9811,167,2022-10-11T01:41:45.836Z,2026-09-28T13:22:56.057Z
DEMO-DEV-9815,167,2022-10-07T04:36:15.443Z,2026-09-26T14:28:39.545Z
DEMO-DEV-9918,167,2022-10-10T13:20:11.307Z,2026-09-28T13:09:13.917Z
DEMO-DEV-9924,167,2022-10-10T22:31:17.817Z,2026-09-18T07:33:50.785Z
DEMO-DEV-9950,167,2022-10-06T02:47:12.219Z,2026-09-28T17:49:27.167Z
DEMO-DEV-9960,167,2022-10-07T11:19:42.614Z,2026-09-29T10:07:46.692Z
DEMO-DEV-9976,167,2022-10-02T02:38:22.264Z,2026-09-29T02:25:02.989Z
DEMO-DEV-9984,167,2022-10-17T03:20:44.470Z,2026-09-28T04:40:22.190Z
DEMO-DEV-0010,166,2022-10-06T02:14:03.123Z,2026-09-19T11:25:39.004Z
DEMO-DEV-0024,166,2022-10-18T22:49:55.792Z,2026-09-22T04:08:37.914Z
DEMO-DEV-0038,166,2022-10-12T09:14:52.120Z,2026-09-16T11:01:37.738Z
DEMO-DEV-0071,166,2022-10-09T06:04:00.204Z,2026-09-28T21:38:33.307Z
DEMO-DEV-0080,166,2022-10-03T01:44:10.513Z,2026-09-01T06:38:45.917Z
DEMO-DEV-0210,166,2022-10-06T01:48:23.879Z,2026-09-28T00:41:51.885Z
DEMO-DEV-0212,166,2022-10-06T23:30:53.793Z,2026-09-24T15:40:40.077Z
DEMO-DEV-0303,166,2022-10-07T07:31:52.648Z,2026-09-25T02:00:56.793Z
DEMO-DEV-0355,166,2022-10-04T11:26:13.976Z,2026-09-29T14:51:49.702Z
DEMO-DEV-0388,166,2022-10-02T11:29:08.015Z,2026-09-06T14:42:29.513Z
DEMO-DEV-0390,166,2022-10-06T04:58:07.230Z,2026-09-24T10:52:52.014Z
DEMO-DEV-0432,166,2022-10-10T02:42:08.370Z,2026-09-28T09:56:01.155Z
DEMO-DEV-0465,166,2022-10-14T21:03:46.403Z,2026-09-28T10:08:33.337Z
DEMO-DEV-0490,166,2022-10-01T14:25:15.134Z,2026-09-12T13:52:33.160Z
DEMO-DEV-0504,166,2022-10-05T15:44:54.325Z,2026-09-28T19:18:48.428Z
DEMO-DEV-0553,166,2022-10-14T03:27:26.950Z,2026-09-29T10:04:11.021Z
DEMO-DEV-0564,166,2022-10-06T11:33:31.752Z,2026-09-29T17:49:42.219Z
DEMO-DEV-0624,166,2022-10-04T06:49:31.222Z,2026-09-20T07:27:39.682Z
DEMO-DEV-0634,166,2022-10-09T03:14:17.208Z,2026-09-29T02:14:41.778Z
DEMO-DEV-0637,166,2022-10-11T18:17:41.968Z,2026-09-30T06:58:22.965Z
DEMO-DEV-0720,166,2022-10-05T02:19:41.966Z,2026-09-30T06:55:44.173Z
DEMO-DEV-0724,166,2022-10-14T16:08:35.816Z,2026-09-17T14:16:39.867Z
DEMO-DEV-0742,166,2022-10-06T06:56:01.366Z,2026-09-25T21:18:43.027Z
DEMO-DEV-0747,166,2022-10-01T14:24:32.754Z,2026-09-29T06:17:59.605Z
DEMO-DEV-0764,166,2022-10-06T22:55:24.138Z,2026-09-23T14:29:45.038Z
DEMO-DEV-0816,166,2022-10-16T07:14:29.914Z,2026-09-26T15:23:16.584Z
DEMO-DEV-0845,166,2022-10-07T19:21:39.877Z,2026-09-27T04:11:37.851Z
DEMO-DEV-0883,166,2022-10-04T15:12:27.470Z,2026-09-29T07:50:02.892Z
DEMO-DEV-0943,166,2022-10-19T09:59:52.038Z,2026-09-28T21:10:54.027Z
DEMO-DEV-0946,166,2022-10-02T08:05:04.203Z,2026-09-09T22:59:24.225Z
DEMO-DEV-1017,166,2022-10-12T10:52:28.203Z,2026-09-26T08:27:14.415Z
DEMO-DEV-1100,166,2022-10-01T14:03:52.221Z,2026-09-16T00:53:01.183Z
DEMO-DEV-1104,166,2022-10-01T11:10:41.302Z,2026-09-23T22:36:35.003Z
DEMO-DEV-1130,166,2022-10-24T05:46:24.230Z,2026-09-20T02:22:27.666Z
DEMO-DEV-1146,166,2022-10-09T01:04:34.804Z,2026-09-24T18:48:49.455Z
DEMO-DEV-1192,166,2022-10-08T18:57:37.795Z,2026-09-20T17:56:41.288Z
DEMO-DEV-1228,166,2022-10-02T19:51:52.307Z,2026-09-27T03:05:58.288Z
DEMO-DEV-1268,166,2022-10-12T14:12:53.599Z,2026-09-24T06:24:28.189Z
DEMO-DEV-1324,166,2022-10-05T22:55:12.090Z,2026-09-26T12:45:29.307Z
DEMO-DEV-1331,166,2022-10-07T22:05:24.302Z,2026-09-29T05:18:55.038Z
DEMO-DEV-1359,166,2022-10-17T10:52:15.556Z,2026-09-05T02:34:48.403Z
DEMO-DEV-1385,166,2022-10-05T15:32:00.291Z,2026-09-23T13:30:13.792Z
DEMO-DEV-1397,166,2022-10-12T00:24:52.914Z,2026-09-18T20:14:34.021Z
DEMO-DEV-1408,166,2022-10-25T00:18:14.500Z,2026-09-26T11:50:21.523Z
DEMO-DEV-1471,166,2022-10-03T12:47:09.289Z,2026-09-27T22:47:01.460Z
DEMO-DEV-1547,166,2022-10-02T15:16:41.785Z,2026-09-01T23:41:14.653Z
DEMO-DEV-1598,166,2022-10-24T23:07:21.075Z,2026-09-24T22:17:12.817Z
DEMO-DEV-1619,166,2022-10-05T17:12:30.891Z,2026-09-17T20:58:18.204Z
DEMO-DEV-1676,166,2022-10-04T21:28:42.239Z,2026-09-24T13:54:36.370Z
DEMO-DEV-1693,166,2022-10-02T22:23:43.268Z,2026-09-10T17:59:37.291Z
DEMO-DEV-1737,166,2022-10-14T05:52:34.846Z,2026-09-29T11:34:21.068Z
DEMO-DEV-1774,166,2022-10-01T22:59:56.472Z,2026-09-30T06:00:52.639Z
DEMO-DEV-1791,166,2022-10-04T20:55:53.913Z,2026-09-29T05:21:30.556Z
DEMO-DEV-1849,166,2022-10-27T00:22:06.394Z,2026-09-18T22:17:27.298Z
DEMO-DEV-1883,166,2022-10-06T19:53:41.524Z,2026-09-27T12:09:27.976Z
DEMO-DEV-1940,166,2022-10-04T02:12:37.646Z,2026-09-25T19:05:55.397Z
DEMO-DEV-1946,166,2022-10-13T08:31:15.298Z,2026-09-29T17:49:40.618Z
DEMO-DEV-1976,166,2022-10-08T11:00:56.394Z,2026-09-27T02:01:35.354Z
DEMO-DEV-1984,166,2022-10-02T00:34:34.519Z,2026-08-31T03:59:12.325Z
DEMO-DEV-2049,166,2022-10-08T18:46:54.545Z,2026-09-13T03:15:14.253Z
DEMO-DEV-2078,166,2022-10-01T20:25:03.859Z,2026-09-26T03:11:20.782Z
DEMO-DEV-2162,166,2022-10-02T04:17:11.785Z,2026-09-29T13:37:27.370Z
DEMO-DEV-2194,166,2022-10-29T23:01:01.727Z,2026-09-28T05:43:17.038Z
DEMO-DEV-2204,166,2022-10-13T09:24:03.337Z,2026-09-25T04:48:56.786Z
DEMO-DEV-2209,166,2022-10-06T05:57:54.045Z,2026-09-12T20:25:23.253Z
DEMO-DEV-2266,166,2022-10-03T16:23:34.948Z,2026-09-28T19:22:36.287Z
DEMO-DEV-2324,166,2022-10-06T05:00:38.950Z,2026-09-26T12:32:47.021Z
DEMO-DEV-2333,166,2022-10-04T07:13:51.784Z,2026-09-21T11:56:01.300Z
DEMO-DEV-2341,166,2022-10-08T09:51:31.682Z,2026-09-29T06:42:42.068Z
DEMO-DEV-2343,166,2022-10-03T20:14:33.661Z,2026-08-23T13:43:09.859Z
DEMO-DEV-2347,166,2022-10-04T03:39:52.288Z,2026-09-23T01:27:30.785Z
DEMO-DEV-2367,166,2022-10-10T19:12:45.639Z,2026-09-28T19:18:21.038Z
DEMO-DEV-2386,166,2022-10-09T23:30:31.799Z,2026-09-21T07:43:58.368Z
DEMO-DEV-2444,166,2022-10-13T11:56:15.298Z,2026-09-23T20:49:56.357Z
DEMO-DEV-2454,166,2022-10-04T08:52:59.948Z,2026-09-29T11:52:27.073Z
DEMO-DEV-2491,166,2022-10-07T12:43:32.884Z,2026-09-27T06:15:20.578Z
DEMO-DEV-2523,166,2022-10-05T21:05:59.612Z,2026-09-22T08:22:56.885Z
DEMO-DEV-2572,166,2022-10-15T13:21:04.892Z,2026-09-08T19:31:59.702Z
DEMO-DEV-2575,166,2022-10-16T16:00:41.646Z,2026-09-18T03:41:29.160Z
DEMO-DEV-2577,166,2022-10-07T12:02:53.618Z,2026-09-25T18:55:27.867Z
DEMO-DEV-2586,166,2022-10-03T21:27:49.786Z,2026-08-29T21:51:18.949Z
DEMO-DEV-2664,166,2022-10-01T18:08:25.165Z,2026-09-29T06:20:22.864Z
DEMO-DEV-2667,166,2022-10-02T16:12:24.120Z,2026-09-15T12:14:29.523Z
DEMO-DEV-2684,166,2022-10-31T11:49:21.913Z,2026-09-12T21:32:45.394Z
DEMO-DEV-2686,166,2022-10-08T07:12:23.692Z,2026-09-27T04:23:00.203Z
DEMO-DEV-2728,166,2022-10-18T00:36:22.315Z,2026-09-22T07:49:05.027Z
DEMO-DEV-2878,166,2022-10-13T03:11:18.239Z,2026-09-07T22:29:58.949Z
DEMO-DEV-2971,166,2022-10-05T10:47:30.365Z,2026-09-16T19:40:53.045Z
DEMO-DEV-3148,166,2022-10-04T11:36:30.778Z,2026-09-01T10:13:16.785Z
DEMO-DEV-3224,166,2022-10-01T16:53:16.714Z,2026-09-21T11:06:58.123Z
DEMO-DEV-3233,166,2022-10-19T05:11:28.268Z,2026-09-17T22:11:53.929Z
DEMO-DEV-3318,166,2022-10-05T10:05:17.063Z,2026-09-23T23:38:43.784Z
DEMO-DEV-3362,166,2022-10-05T14:40:50.524Z,2026-09-23T20:12:09.345Z
DEMO-DEV-3417,166,2022-10-14T10:51:04.455Z,2026-09-29T10:35:06.864Z
DEMO-DEV-3450,166,2022-10-02T21:37:30.523Z,2026-09-24T21:14:14.817Z
DEMO-DEV-3452,166,2022-10-05T05:51:34.692Z,2026-09-20T12:46:52.466Z
DEMO-DEV-3455,166,2022-10-15T09:54:24.714Z,2026-09-29T01:59:56.892Z
DEMO-DEV-3459,166,2022-10-17T12:50:53.134Z,2026-08-19T04:42:21.974Z
DEMO-DEV-3467,166,2022-10-02T08:21:25.719Z,2026-09-23T01:15:09.287Z
DEMO-DEV-3500,166,2022-10-14T12:54:17.168Z,2026-09-09T17:48:25.308Z
DEMO-DEV-3510,166,2022-10-05T16:28:48.989Z,2026-09-19T03:28:44.842Z
DEMO-DEV-3561,166,2022-10-02T22:06:36.738Z,2026-09-28T09:19:15.236Z
DEMO-DEV-3572,166,2022-10-05T00:11:56.863Z,2026-09-29T10:55:01.505Z
DEMO-DEV-3573,166,2022-10-05T05:32:26.503Z,2026-09-20T20:39:33.203Z
DEMO-DEV-3613,166,2022-10-05T05:45:22.785Z,2026-09-20T19:32:16.226Z
DEMO-DEV-3628,166,2022-10-06T16:15:28.470Z,2026-09-20T08:48:15.661Z
DEMO-DEV-3630,166,2022-10-13T21:58:43.824Z,2026-09-29T11:37:45.636Z
DEMO-DEV-3643,166,2022-10-04T10:15:45.038Z,2026-09-23T18:35:24.968Z
DEMO-DEV-3661,166,2022-10-13T17:19:28.394Z,2026-09-25T12:55:58.688Z
DEMO-DEV-3666,166,2022-10-12T23:05:05.014Z,2026-09-19T20:10:55.394Z
DEMO-DEV-3737,166,2022-10-02T20:38:13.387Z,2026-09-11T19:00:43.655Z
DEMO-DEV-3848,166,2022-10-19T16:34:09.929Z,2026-09-26T08:05:02.989Z
DEMO-DEV-3875,166,2022-10-02T12:38:45.817Z,2026-09-20T00:24:32.727Z
DEMO-DEV-3893,166,2022-10-14T20:47:49.752Z,2026-09-27T12:41:57.075Z
DEMO-DEV-3908,166,2022-10-11T03:12:50.123Z,2026-09-28T19:18:35.785Z
DEMO-DEV-3963,166,2022-10-11T08:29:49.219Z,2026-09-12T23:49:44.524Z
DEMO-DEV-3985,166,2022-10-03T07:23:49.885Z,2026-09-19T17:02:51.222Z
DEMO-DEV-4054,166,2022-10-05T06:42:28.646Z,2026-09-20T00:11:49.682Z
DEMO-DEV-4057,166,2022-10-20T00:29:05.811Z,2026-09-27T20:24:45.218Z
DEMO-DEV-4069,166,2022-10-01T14:07:42.120Z,2026-09-04T15:59:28.211Z
DEMO-DEV-4072,166,2022-10-05T20:11:35.655Z,2026-09-25T18:06:20.735Z
DEMO-DEV-4139,166,2022-10-08T23:48:40.168Z,2026-09-26T20:10:29.470Z
DEMO-DEV-4151,166,2022-10-06T15:46:03.535Z,2026-09-27T08:55:00.254Z
DEMO-DEV-4152,166,2022-10-11T09:12:16.225Z,2026-09-25T16:20:59.524Z
DEMO-DEV-4172,166,2022-10-12T19:19:07.397Z,2026-09-09T15:14:47.224Z
DEMO-DEV-4201,166,2022-10-10T07:07:34.368Z,2026-09-29T13:41:07.702Z
DEMO-DEV-4254,166,2022-10-03T11:11:57.974Z,2026-09-27T07:14:26.298Z
DEMO-DEV-4280,166,2022-10-10T00:51:31.183Z,2026-09-21T00:38:45.607Z
DEMO-DEV-4368,166,2022-10-26T04:03:40.778Z,2026-09-29T02:12:10.879Z
DEMO-DEV-4386,166,2022-10-15T03:52:59.045Z,2026-09-24T05:31:16.150Z
DEMO-DEV-4401,166,2022-10-06T17:57:10.785Z,2026-09-27T13:07:03.969Z
DEMO-DEV-4457,166,2022-10-07T07:25:35.226Z,2026-09-26T22:56:41.969Z
DEMO-DEV-4487,166,2022-10-18T21:03:05.004Z,2026-09-23T20:39:07.806Z
DEMO-DEV-4493,166,2022-10-09T16:48:18.784Z,2026-09-21T12:03:46.366Z
DEMO-DEV-4499,166,2022-10-13T10:32:55.168Z,2026-09-08T10:52:01.658Z
DEMO-DEV-4556,166,2022-10-16T06:46:45.873Z,2026-09-26T01:45:50.851Z
DEMO-DEV-4672,166,2022-10-11T19:09:56.513Z,2026-09-17T06:30:07.211Z
DEMO-DEV-4679,166,2022-10-10T11:47:22.792Z,2026-09-24T16:34:53.968Z
DEMO-DEV-4699,166,2022-10-09T22:56:43.914Z,2026-09-11T09:35:02.470Z
DEMO-DEV-4717,166,2022-10-04T02:38:45.485Z,2026-09-27T06:47:28.455Z
DEMO-DEV-4764,166,2022-10-03T14:35:47.077Z,2026-09-13T04:26:42.230Z
DEMO-DEV-4772,166,2022-10-07T20:31:57.863Z,2026-09-29T17:24:49.714Z
DEMO-DEV-4817,166,2022-10-07T22:47:54.466Z,2026-09-22T19:58:37.846Z
DEMO-DEV-4924,166,2022-10-06T02:42:31.804Z,2026-09-20T18:26:09.503Z
DEMO-DEV-4948,166,2022-10-03T21:33:51.287Z,2026-09-07T22:07:43.272Z
DEMO-DEV-4992,166,2022-10-04T07:33:07.203Z,2026-09-21T04:30:09.368Z
DEMO-DEV-4998,166,2022-10-02T03:05:23.211Z,2026-09-13T05:40:46.415Z
DEMO-DEV-5037,166,2022-10-02T15:07:09.236Z,2026-09-29T19:42:12.817Z
DEMO-DEV-5050,166,2022-10-08T04:21:17.975Z,2026-09-29T04:36:41.605Z
DEMO-DEV-5081,166,2022-10-14T05:21:27.612Z,2026-09-23T14:04:26.929Z
DEMO-DEV-5124,166,2022-10-06T13:11:52.545Z,2026-09-29T10:38:06.315Z
DEMO-DEV-5174,166,2022-10-16T10:09:38.989Z,2026-09-27T17:49:13.636Z
DEMO-DEV-5175,166,2022-10-07T13:44:01.075Z,2026-09-20T01:11:50.636Z
DEMO-DEV-5292,166,2022-10-01T12:58:07.402Z,2026-09-21T14:22:23.120Z
DEMO-DEV-5305,166,2022-10-03T18:29:50.975Z,2026-09-16T17:03:21.985Z
DEMO-DEV-5318,166,2022-10-05T16:38:22.799Z,2026-09-09T20:08:57.167Z
DEMO-DEV-5360,166,2022-10-30T04:00:55.891Z,2026-09-22T23:36:07.692Z
DEMO-DEV-5399,166,2022-10-04T10:30:04.782Z,2026-09-26T21:50:05.239Z
DEMO-DEV-5411,166,2022-10-02T07:57:41.765Z,2026-09-25T13:17:50.160Z
DEMO-DEV-5578,166,2022-10-05T13:23:30.455Z,2026-09-25T11:51:15.232Z
DEMO-DEV-5658,166,2022-10-08T11:27:32.189Z,2026-09-23T10:39:14.817Z
DEMO-DEV-5665,166,2022-10-05T03:21:41.470Z,2026-09-29T17:41:05.370Z
DEMO-DEV-5709,166,2022-10-02T06:41:35.612Z,2026-09-24T00:36:07.605Z
DEMO-DEV-5758,166,2022-10-01T14:45:16.655Z,2026-09-23T02:10:03.239Z
DEMO-DEV-5791,166,2022-10-03T19:34:25.352Z,2026-09-05T09:53:30.208Z
DEMO-DEV-5808,166,2022-10-08T13:07:33.710Z,2026-09-08T09:06:45.307Z
DEMO-DEV-5857,166,2022-10-13T20:50:24.989Z,2026-09-14T21:31:44.462Z
DEMO-DEV-5870,166,2022-11-17T14:38:55.225Z,2026-09-25T02:42:44.727Z
DEMO-DEV-5956,166,2022-10-01T19:06:01.505Z,2026-09-28T17:03:57.735Z
DEMO-DEV-6030,166,2022-10-17T02:17:07.948Z,2026-09-17T19:38:20.605Z
DEMO-DEV-6034,166,2022-10-01T13:03:25.804Z,2026-09-28T14:03:23.165Z
DEMO-DEV-6080,166,2022-10-14T20:47:56.368Z,2026-09-19T16:37:25.989Z
DEMO-DEV-6094,166,2022-10-16T05:11:25.409Z,2026-09-25T04:45:06.370Z
DEMO-DEV-6153,166,2022-10-03T21:21:19.817Z,2026-09-28T05:03:26.618Z
DEMO-DEV-6280,166,2022-10-04T11:13:25.246Z,2026-09-27T09:36:04.354Z
DEMO-DEV-6299,166,2022-10-03T15:16:29.648Z,2026-09-22T22:50:10.252Z
DEMO-DEV-6303,166,2022-10-03T11:37:22.462Z,2026-09-22T09:31:22.357Z
DEMO-DEV-6377,166,2022-10-04T11:20:12.150Z,2026-09-01T21:58:59.688Z
DEMO-DEV-6379,166,2022-10-07T21:51:27.272Z,2026-09-30T02:40:42.614Z
DEMO-DEV-6384,166,2022-10-05T02:08:26.120Z,2026-09-26T20:05:50.190Z
DEMO-DEV-6410,166,2022-10-06T18:06:36.308Z,2026-09-20T10:14:02.246Z
DEMO-DEV-6441,166,2022-10-12T08:12:06.987Z,2026-09-09T12:14:36.915Z
DEMO-DEV-6475,166,2022-10-05T03:15:12.795Z,2026-09-26T10:10:09.948Z
DEMO-DEV-6520,166,2022-10-10T12:48:38.139Z,2026-09-14T09:04:09.591Z
DEMO-DEV-6711,166,2022-10-28T15:29:52.224Z,2026-09-21T03:09:23.735Z
DEMO-DEV-6745,166,2022-10-09T10:08:07.172Z,2026-09-26T05:24:53.885Z
DEMO-DEV-6762,166,2022-10-02T22:35:43.038Z,2026-09-17T12:50:26.337Z
DEMO-DEV-6795,166,2022-10-12T15:30:57.873Z,2026-09-10T07:50:10.466Z
DEMO-DEV-6818,166,2022-10-27T13:15:44.368Z,2026-09-24T04:16:27.892Z
DEMO-DEV-6846,166,2022-10-16T07:54:10.470Z,2026-09-14T13:52:32.555Z
DEMO-DEV-6856,166,2022-10-12T19:31:09.038Z,2026-09-24T22:57:24.291Z
DEMO-DEV-6942,166,2022-10-06T20:32:01.636Z,2026-09-29T20:22:23.612Z
DEMO-DEV-6986,166,2022-10-17T23:01:27.778Z,2026-09-29T23:00:54.288Z
DEMO-DEV-6993,166,2022-10-01T11:41:44.503Z,2026-09-25T02:43:42.523Z
DEMO-DEV-7011,166,2022-10-17T08:05:20.915Z,2026-09-24T10:27:44.138Z
DEMO-DEV-7043,166,2022-10-02T13:25:35.948Z,2026-09-30T00:50:39.599Z
DEMO-DEV-7052,166,2022-10-03T10:52:41.975Z,2026-09-12T06:00:12.969Z
DEMO-DEV-7060,166,2022-11-13T11:28:25.682Z,2026-09-29T22:35:01.172Z
DEMO-DEV-7081,166,2022-10-15T08:41:06.319Z,2026-09-07T06:22:35.428Z
DEMO-DEV-7150,166,2022-10-04T01:52:27.948Z,2026-09-28T13:24:05.160Z
DEMO-DEV-7177,166,2022-10-06T01:49:04.646Z,2026-09-29T07:00:46.068Z
DEMO-DEV-7239,166,2022-10-12T12:33:07.816Z,2026-09-15T17:13:37.298Z
DEMO-DEV-7260,166,2022-10-08T11:33:42.692Z,2026-09-25T09:52:52.793Z
DEMO-DEV-7285,166,2022-10-15T07:40:55.784Z,2026-09-29T01:37:48.929Z
DEMO-DEV-7308,166,2022-10-06T14:00:22.120Z,2026-09-24T15:54:28.584Z
DEMO-DEV-7361,166,2022-10-04T23:14:20.568Z,2026-09-29T20:41:05.816Z
DEMO-DEV-7382,166,2022-10-13T03:07:51.221Z,2026-09-28T21:05:38.354Z
DEMO-DEV-7468,166,2022-10-11T08:32:31.646Z,2026-09-21T01:07:09.485Z
DEMO-DEV-7501,166,2022-10-23T21:33:38.307Z,2026-09-29T16:06:43.692Z
DEMO-DEV-7632,166,2022-10-02T04:37:47.298Z,2026-09-22T20:41:11.472Z
DEMO-DEV-7647,166,2022-10-05T04:33:28.325Z,2026-09-29T14:55:42.189Z
DEMO-DEV-7649,166,2022-10-11T20:26:34.863Z,2026-09-09T09:55:38.692Z
DEMO-DEV-7666,166,2022-11-10T19:35:13.884Z,2026-09-28T17:40:31.966Z
DEMO-DEV-7687,166,2022-10-03T12:44:39.370Z,2026-09-23T20:01:08.391Z
DEMO-DEV-7731,166,2022-10-15T15:26:42.264Z,2026-09-27T03:36:55.370Z
DEMO-DEV-7746,166,2022-10-07T20:27:22.298Z,2026-09-25T20:31:36.485Z
DEMO-DEV-7916,166,2022-10-02T03:21:35.138Z,2026-09-28T05:45:56.648Z
DEMO-DEV-7964,166,2022-10-03T11:11:01.859Z,2026-09-28T01:24:48.357Z
DEMO-DEV-7967,166,2022-10-02T08:20:57.302Z,2026-09-05T21:21:45.211Z
DEMO-DEV-8031,166,2022-10-05T00:45:55.203Z,2026-09-27T02:26:16.155Z
DEMO-DEV-8048,166,2022-10-02T03:01:26.345Z,2026-09-28T09:39:14.879Z
DEMO-DEV-8201,166,2022-10-11T21:46:12.319Z,2026-09-29T11:16:27.985Z
DEMO-DEV-8226,166,2022-10-06T03:26:23.618Z,2026-09-27T10:19:26.250Z
DEMO-DEV-8400,166,2022-10-07T06:08:26.298Z,2026-09-15T21:57:47.183Z
DEMO-DEV-8403,166,2022-10-08T01:11:34.799Z,2026-09-29T15:20:40.806Z
DEMO-DEV-8433,166,2022-10-06T08:21:27.505Z,2026-09-15T04:48:40.545Z
DEMO-DEV-8457,166,2022-10-10T02:47:31.190Z,2026-09-11T07:51:19.892Z
DEMO-DEV-8459,166,2022-10-18T06:42:13.870Z,2026-09-24T13:38:31.778Z
DEMO-DEV-8497,166,2022-10-09T22:38:24.394Z,2026-09-25T06:43:56.702Z
DEMO-DEV-8623,166,2022-10-07T10:59:57.817Z,2026-09-29T04:37:58.357Z
DEMO-DEV-8639,166,2022-10-05T16:10:25.192Z,2026-09-24T21:24:41.868Z
DEMO-DEV-8667,166,2022-10-03T10:32:42.511Z,2026-09-26T21:07:22.057Z
DEMO-DEV-8713,166,2022-10-08T19:45:17.254Z,2026-09-29T05:53:02.493Z
DEMO-DEV-8723,166,2022-10-10T22:20:10.636Z,2026-09-22T12:25:02.443Z
DEMO-DEV-8734,166,2022-10-06T08:07:16.308Z,2026-09-29T10:54:47.535Z
DEMO-DEV-8736,166,2022-10-02T01:00:48.879Z,2026-09-25T21:51:20.003Z
DEMO-DEV-8745,166,2022-10-02T22:24:02.985Z,2026-09-26T13:25:56.183Z
DEMO-DEV-8785,166,2022-10-04T21:26:36.308Z,2026-09-17T12:09:55.892Z
DEMO-DEV-8828,166,2022-10-03T13:40:10.120Z,2026-09-29T14:48:54.612Z
DEMO-DEV-8855,166,2022-10-05T15:18:09.155Z,2026-09-17T02:08:07.884Z
DEMO-DEV-8870,166,2022-10-02T23:19:11.913Z,2026-09-28T04:59:21.403Z
DEMO-DEV-8876,166,2022-10-11T21:44:09.636Z,2026-09-27T21:33:11.172Z
DEMO-DEV-8927,166,2022-10-10T00:42:25.415Z,2026-08-24T13:39:35.139Z
DEMO-DEV-9003,166,2022-10-02T17:17:44.232Z,2026-09-25T03:48:27.877Z
DEMO-DEV-9004,166,2022-10-12T02:46:17.224Z,2026-09-22T18:50:29.836Z
DEMO-DEV-9005,166,2022-10-01T09:32:39.068Z,2026-09-08T06:47:10.778Z
DEMO-DEV-9028,166,2022-10-06T22:31:59.870Z,2026-09-28T14:33:46.057Z
DEMO-DEV-9029,166,2022-10-05T23:56:11.523Z,2026-09-27T21:34:02.968Z
DEMO-DEV-9053,166,2022-10-02T01:51:49.120Z,2026-09-26T13:14:57.868Z
DEMO-DEV-9064,166,2022-10-09T23:11:23.993Z,2026-09-26T19:56:00.614Z
DEMO-DEV-9120,166,2022-10-05T17:42:20.080Z,2026-09-23T23:42:58.557Z
DEMO-DEV-9134,166,2022-10-18T01:54:48.221Z,2026-09-29T04:27:22.913Z
DEMO-DEV-9149,166,2022-10-10T15:32:27.027Z,2026-09-26T01:18:10.189Z
DEMO-DEV-9153,166,2022-10-01T09:52:29.394Z,2026-09-26T17:19:10.535Z
DEMO-DEV-9183,166,2022-10-09T15:08:06.080Z,2026-09-13T00:21:30.917Z
DEMO-DEV-9188,166,2022-10-14T06:48:51.976Z,2026-08-23T19:11:08.702Z
DEMO-DEV-9205,166,2022-10-05T12:43:23.702Z,2026-09-29T10:47:24.403Z
DEMO-DEV-9224,166,2022-11-11T05:47:05.599Z,2026-09-29T07:57:44.989Z
DEMO-DEV-9227,166,2022-10-24T00:32:42.682Z,2026-09-28T13:25:20.913Z
DEMO-DEV-9240,166,2022-10-04T00:03:26.799Z,2026-09-23T11:14:05.524Z
DEMO-DEV-9243,166,2022-10-03T20:42:24.300Z,2026-09-27T09:57:32.183Z
DEMO-DEV-9253,166,2022-10-09T02:30:13.870Z,2026-09-26T22:07:57.785Z
DEMO-DEV-9288,166,2022-10-02T23:33:33.319Z,2026-09-27T18:38:47.238Z
DEMO-DEV-9329,166,2022-10-31T11:28:59.989Z,2026-08-30T04:27:04.165Z
DEMO-DEV-9403,166,2022-10-04T18:40:33.870Z,2026-09-17T08:18:03.891Z
DEMO-DEV-9417,166,2022-10-03T18:02:46.370Z,2026-09-29T03:58:14.597Z
DEMO-DEV-9444,166,2022-10-01T11:40:04.075Z,2026-09-27T01:23:42.160Z
DEMO-DEV-9451,166,2022-10-02T10:48:07.584Z,2026-09-19T23:12:58.021Z
DEMO-DEV-9467,166,2022-10-11T22:50:30.289Z,2026-09-01T09:58:37.839Z
DEMO-DEV-9522,166,2022-10-12T05:56:12.793Z,2026-08-11T02:35:04.508Z
DEMO-DEV-9548,166,2022-10-22T23:46:25.976Z,2026-09-16T14:33:20.839Z
DEMO-DEV-9564,166,2022-10-04T02:35:07.618Z,2026-09-28T03:28:04.976Z
DEMO-DEV-9591,166,2022-10-08T07:21:24.442Z,2026-09-23T01:59:54.391Z
DEMO-DEV-9724,166,2022-10-18T13:22:33.493Z,2026-09-25T20:23:49.090Z
DEMO-DEV-9727,166,2022-10-19T08:02:23.077Z,2026-09-25T00:49:32.337Z
DEMO-DEV-9746,166,2022-10-02T15:34:44.806Z,2026-09-29T19:40:46.993Z
DEMO-DEV-9756,166,2022-10-13T23:43:20.735Z,2026-09-12T08:21:38.527Z
DEMO-DEV-9759,166,2022-10-02T21:53:22.183Z,2026-09-30T05:08:07.308Z
DEMO-DEV-9766,166,2022-10-16T03:26:49.365Z,2026-09-16T02:25:57.974Z
DEMO-DEV-9845,166,2022-10-02T19:08:17.037Z,2026-09-17T20:32:22.992Z
DEMO-DEV-9866,166,2022-10-01T14:24:09.428Z,2026-09-28T14:24:41.038Z
DEMO-DEV-9867,166,2022-10-02T14:41:45.225Z,2026-09-09T18:51:18.682Z
DEMO-DEV-9931,166,2022-10-17T07:44:51.470Z,2026-09-26T23:35:09.676Z
DEMO-DEV-9948,166,2022-11-15T22:29:31.870Z,2026-09-24T22:36:18.658Z
DEMO-DEV-0007,165,2022-10-07T01:07:46.804Z,2026-09-19T07:18:38.165Z
DEMO-DEV-0015,165,2022-10-01T15:32:10.735Z,2026-09-19T14:49:57.785Z
DEMO-DEV-0025,165,2022-10-03T10:39:55.183Z,2026-09-27T18:53:58.688Z
DEMO-DEV-0057,165,2022-10-21T07:15:30.239Z,2026-09-22T15:00:26.308Z
DEMO-DEV-0230,165,2022-10-01T09:16:56.976Z,2026-09-21T18:02:17.394Z
DEMO-DEV-0298,165,2022-10-07T11:36:51.873Z,2026-09-07T08:22:10.222Z
DEMO-DEV-0312,165,2022-10-06T20:08:58.879Z,2026-09-24T19:45:50.966Z
DEMO-DEV-0333,165,2022-10-13T13:27:27.914Z,2026-09-24T02:26:07.218Z
DEMO-DEV-0347,165,2022-10-08T21:31:18.913Z,2026-09-29T19:48:00.692Z
DEMO-DEV-0387,165,2022-10-04T19:06:12.493Z,2026-09-24T18:09:25.026Z
DEMO-DEV-0431,165,2022-10-02T12:38:35.870Z,2026-09-17T19:09:17.965Z
DEMO-DEV-0593,165,2022-10-06T10:07:48.204Z,2026-09-18T17:06:22.466Z
DEMO-DEV-0611,165,2022-10-05T23:10:00.325Z,2026-09-27T22:15:10.366Z
DEMO-DEV-0655,165,2022-10-10T11:17:47.754Z,2026-09-27T10:25:03.841Z
DEMO-DEV-0681,165,2022-10-02T00:58:32.555Z,2026-09-20T23:03:28.765Z
DEMO-DEV-0698,165,2022-10-07T04:09:41.239Z,2026-09-11T09:19:15.225Z
DEMO-DEV-0701,165,2022-10-18T20:20:42.352Z,2026-09-30T05:07:44.455Z
DEMO-DEV-0758,165,2022-10-18T14:03:39.354Z,2026-09-24T03:19:20.804Z
DEMO-DEV-0762,165,2022-10-24T21:19:16.298Z,2026-09-10T15:27:52.503Z
DEMO-DEV-0773,165,2022-10-06T20:59:35.778Z,2026-09-26T19:41:34.208Z
DEMO-DEV-0781,165,2022-10-04T14:34:06.014Z,2026-09-22T17:44:12.307Z
DEMO-DEV-0837,165,2022-10-22T13:22:53.584Z,2026-09-23T01:22:03.989Z
DEMO-DEV-0919,165,2022-10-01T22:19:25.752Z,2026-09-21T04:45:45.511Z
DEMO-DEV-0995,165,2022-10-14T22:50:01.824Z,2026-09-30T00:29:08.992Z
DEMO-DEV-1016,165,2022-10-09T05:58:10.591Z,2026-09-17T07:49:02.836Z
DEMO-DEV-1090,165,2022-10-04T02:24:11.397Z,2026-09-28T21:24:18.319Z
DEMO-DEV-1101,165,2022-10-05T01:49:46.497Z,2026-09-15T01:39:00.300Z
DEMO-DEV-1133,165,2022-10-18T07:30:51.236Z,2026-09-28T02:31:02.319Z
DEMO-DEV-1229,165,2022-10-03T03:13:32.026Z,2026-09-18T04:05:24.368Z
DEMO-DEV-1241,165,2022-11-15T20:20:09.368Z,2026-09-24T23:25:05.614Z
DEMO-DEV-1257,165,2022-10-04T07:30:28.989Z,2026-09-29T17:15:24.138Z
DEMO-DEV-1265,165,2022-10-03T00:03:03.948Z,2026-09-29T23:38:24.014Z
DEMO-DEV-1326,165,2022-10-02T10:30:24.365Z,2026-09-29T03:42:09.442Z
DEMO-DEV-1347,165,2022-10-02T17:00:45.527Z,2026-09-17T10:45:21.786Z
DEMO-DEV-1360,165,2022-10-11T12:42:28.232Z,2026-09-28T05:19:15.298Z
DEMO-DEV-1394,165,2022-10-05T21:46:09.023Z,2026-09-29T13:25:59.505Z
DEMO-DEV-1435,165,2022-10-01T12:30:35.639Z,2026-09-19T21:51:05.508Z
DEMO-DEV-1465,165,2022-10-06T06:55:31.226Z,2026-09-14T10:46:17.917Z
DEMO-DEV-1466,165,2022-10-09T01:38:35.891Z,2026-09-14T00:25:29.470Z
DEMO-DEV-1494,165,2022-10-10T10:38:43.778Z,2026-09-29T22:36:06.063Z
DEMO-DEV-1506,165,2022-10-25T13:37:02.063Z,2026-09-28T13:27:27.505Z
DEMO-DEV-1512,165,2022-10-02T18:07:56.591Z,2026-09-27T01:34:06.497Z
DEMO-DEV-1528,165,2022-10-16T10:21:45.403Z,2026-09-04T17:06:42.368Z
DEMO-DEV-1567,165,2022-10-03T07:09:01.811Z,2026-09-20T17:09:22.578Z
DEMO-DEV-1579,165,2022-10-07T12:15:30.974Z,2026-09-30T06:58:35.365Z
DEMO-DEV-1624,165,2022-10-04T20:28:45.168Z,2026-09-11T21:59:06.077Z
DEMO-DEV-1692,165,2022-10-03T11:25:43.868Z,2026-09-27T18:40:46.455Z
DEMO-DEV-1716,165,2022-10-29T14:42:00.752Z,2026-09-18T03:23:48.782Z
DEMO-DEV-1769,165,2022-10-01T20:18:53.460Z,2026-09-09T23:40:38.752Z
DEMO-DEV-1797,165,2022-10-06T22:46:13.648Z,2026-09-25T03:14:32.646Z
DEMO-DEV-1818,165,2022-10-04T08:06:14.345Z,2026-09-20T18:57:54.666Z
DEMO-DEV-1939,165,2022-10-19T06:08:44.648Z,2026-09-26T23:51:06.976Z
DEMO-DEV-1958,165,2022-10-09T17:07:35.987Z,2026-09-28T14:52:49.825Z
DEMO-DEV-1980,165,2022-10-09T03:55:18.352Z,2026-09-26T06:37:49.208Z
DEMO-DEV-1989,165,2022-10-07T04:29:41.225Z,2026-09-24T12:55:11.268Z
DEMO-DEV-2046,165,2022-10-08T03:02:46.428Z,2026-09-30T00:10:57.230Z
DEMO-DEV-2057,165,2022-10-05T11:24:19.555Z,2026-09-21T09:09:11.040Z
DEMO-DEV-2115,165,2022-11-05T15:59:12.754Z,2026-09-29T22:20:30.524Z
DEMO-DEV-2124,165,2022-10-06T14:41:27.134Z,2026-09-07T09:14:24.298Z
DEMO-DEV-2193,165,2022-10-01T21:06:20.226Z,2026-09-24T17:21:14.846Z
DEMO-DEV-2200,165,2022-10-01T20:57:31.513Z,2026-09-24T22:53:41.578Z
DEMO-DEV-2214,165,2022-10-03T16:44:13.719Z,2026-09-12T13:56:44.250Z
DEMO-DEV-2240,165,2022-10-07T15:29:38.976Z,2026-09-29T07:44:50.234Z
DEMO-DEV-2387,165,2022-10-06T03:28:48.804Z,2026-09-15T22:55:37.073Z
DEMO-DEV-2391,165,2022-10-03T20:07:27.508Z,2026-09-09T05:39:59.368Z
DEMO-DEV-2396,165,2022-10-03T22:50:55.219Z,2026-09-23T08:22:16.307Z
DEMO-DEV-2410,165,2022-10-14T21:00:49.302Z,2026-09-28T07:29:10.370Z
DEMO-DEV-2421,165,2022-10-08T07:12:10.370Z,2026-09-28T14:55:12.023Z
DEMO-DEV-2463,165,2022-10-15T07:29:24.087Z,2026-09-27T03:39:03.254Z
DEMO-DEV-2489,165,2022-10-06T10:18:06.183Z,2026-08-09T21:11:37.221Z
DEMO-DEV-2500,165,2022-10-02T16:00:01.915Z,2026-09-26T21:56:40.077Z
DEMO-DEV-2654,165,2022-10-07T01:50:02.365Z,2026-09-17T01:59:23.968Z
DEMO-DEV-2696,165,2022-10-03T11:13:48.077Z,2026-09-28T08:44:51.232Z
DEMO-DEV-2714,165,2022-10-20T00:01:37.975Z,2026-09-26T02:17:08.877Z
DEMO-DEV-2727,165,2022-10-03T19:23:05.221Z,2026-09-24T20:02:07.885Z
DEMO-DEV-2740,165,2022-10-03T13:12:44.087Z,2026-09-01T13:03:39.612Z
DEMO-DEV-2765,165,2022-10-05T10:59:19.948Z,2026-09-27T18:23:34.870Z
DEMO-DEV-2770,165,2022-10-03T09:15:41.597Z,2026-09-27T12:03:00.688Z
DEMO-DEV-2825,165,2022-11-05T13:09:38.073Z,2026-09-22T04:04:39.218Z
DEMO-DEV-2830,165,2022-10-14T02:48:59.120Z,2026-09-30T07:30:48.993Z
DEMO-DEV-2871,165,2022-10-07T01:42:00.885Z,2026-09-27T21:23:18.442Z
DEMO-DEV-2882,165,2022-10-13T04:59:30.864Z,2026-09-20T21:21:13.885Z
DEMO-DEV-2912,165,2022-10-06T09:38:24.298Z,2026-09-18T04:27:20.646Z
DEMO-DEV-2931,165,2022-10-08T12:26:52.073Z,2026-09-11T13:58:54.505Z
DEMO-DEV-2964,165,2022-10-06T06:13:51.352Z,2026-09-08T13:30:01.397Z
DEMO-DEV-3001,165,2022-10-05T18:20:19.913Z,2026-09-27T02:07:44.975Z
DEMO-DEV-3046,165,2022-10-06T13:07:55.639Z,2026-09-28T07:14:24.239Z
DEMO-DEV-3091,165,2022-10-07T22:31:43.120Z,2026-09-23T21:48:47.985Z
DEMO-DEV-3195,165,2022-10-12T22:39:26.811Z,2026-09-29T20:10:26.337Z
DEMO-DEV-3228,165,2022-10-21T02:31:21.252Z,2026-09-08T11:54:06.599Z
DEMO-DEV-3238,165,2022-10-23T21:42:51.799Z,2026-09-27T08:05:06.230Z
DEMO-DEV-3356,165,2022-10-07T23:22:48.287Z,2026-09-08T17:20:52.646Z
DEMO-DEV-3371,165,2022-11-01T14:01:46.024Z,2026-09-28T09:34:36.648Z
DEMO-DEV-3449,165,2022-10-02T03:51:14.254Z,2026-08-28T08:46:48.325Z
DEMO-DEV-3465,165,2022-10-06T13:41:59.203Z,2026-09-07T01:53:39.702Z
DEMO-DEV-3480,165,2022-10-18T22:03:31.692Z,2026-09-29T20:30:50.884Z
DEMO-DEV-3487,165,2022-10-02T00:59:15.682Z,2026-09-25T22:39:46.975Z
DEMO-DEV-3493,165,2022-10-12T16:17:25.646Z,2026-08-28T13:57:21.183Z
DEMO-DEV-3496,165,2022-10-03T10:09:51.612Z,2026-09-12T20:22:33.785Z
DEMO-DEV-3515,165,2022-10-17T04:37:58.391Z,2026-09-23T22:26:58.792Z
DEMO-DEV-3516,165,2022-10-04T07:40:43.368Z,2026-09-29T15:03:14.614Z
DEMO-DEV-3522,165,2022-10-17T11:16:27.402Z,2026-09-22T21:04:58.230Z
DEMO-DEV-3606,165,2022-10-11T20:46:23.578Z,2026-08-25T06:27:16.497Z
DEMO-DEV-3611,165,2022-10-01T19:05:09.123Z,2026-09-24T15:36:17.045Z
DEMO-DEV-3618,165,2022-10-02T06:21:05.057Z,2026-09-29T14:32:43.087Z
DEMO-DEV-3631,165,2022-10-10T13:31:02.250Z,2026-09-28T20:45:36.253Z
DEMO-DEV-3635,165,2022-10-03T00:41:40.390Z,2026-09-24T08:41:07.527Z
DEMO-DEV-3644,165,2022-10-16T17:37:10.556Z,2026-09-15T21:20:38.024Z
DEMO-DEV-3675,165,2022-10-06T02:50:55.676Z,2026-09-26T19:02:00.397Z
DEMO-DEV-3713,165,2022-10-15T09:51:22.225Z,2026-09-15T15:01:27.653Z
DEMO-DEV-3723,165,2022-10-03T23:38:14.161Z,2026-09-30T04:02:18.080Z
DEMO-DEV-3724,165,2022-10-06T12:55:52.038Z,2026-09-22T05:54:23.867Z
DEMO-DEV-3783,165,2022-10-06T14:49:15.584Z,2026-08-31T17:07:31.090Z
DEMO-DEV-3804,165,2022-10-07T09:21:25.325Z,2026-09-16T23:42:06.077Z
DEMO-DEV-3824,165,2022-11-03T21:15:31.989Z,2026-09-07T18:32:44.974Z
DEMO-DEV-3845,165,2022-10-07T14:02:02.738Z,2026-09-28T23:13:25.817Z
DEMO-DEV-3876,165,2022-10-17T03:33:48.150Z,2026-09-25T13:10:27.428Z
DEMO-DEV-3877,165,2022-10-03T01:24:40.885Z,2026-09-26T21:03:18.557Z
DEMO-DEV-4014,165,2022-10-13T19:16:44.503Z,2026-09-26T10:35:05.754Z
DEMO-DEV-4027,165,2022-10-14T00:46:49.605Z,2026-09-06T11:08:27.211Z
DEMO-DEV-4047,165,2022-10-16T01:02:43.785Z,2026-09-15T14:41:10.160Z
DEMO-DEV-4048,165,2022-10-13T07:44:55.004Z,2026-09-18T03:42:05.272Z
DEMO-DEV-4213,165,2022-10-15T06:22:04.782Z,2026-09-28T00:30:18.513Z
DEMO-DEV-4328,165,2022-10-02T01:27:11.879Z,2026-09-18T12:53:51.841Z
DEMO-DEV-4334,165,2022-11-23T15:17:28.968Z,2026-09-25T10:25:22.023Z
DEMO-DEV-4340,165,2022-10-04T18:42:01.077Z,2026-09-24T04:02:19.402Z
DEMO-DEV-4356,165,2022-10-03T00:15:20.519Z,2026-09-23T11:49:07.806Z
DEMO-DEV-4374,165,2022-10-06T19:57:20.965Z,2026-09-26T15:26:52.308Z
DEMO-DEV-4380,165,2022-10-03T20:46:51.120Z,2026-09-25T20:41:24.692Z
DEMO-DEV-4388,165,2022-10-08T10:46:26.307Z,2026-09-23T22:43:18.719Z
DEMO-DEV-4399,165,2022-11-06T19:52:28.816Z,2026-08-27T14:19:01.816Z
DEMO-DEV-4429,165,2022-10-03T17:05:43.655Z,2026-09-25T05:55:21.443Z
DEMO-DEV-4488,165,2022-10-20T00:46:45.926Z,2026-09-13T10:32:36.557Z
DEMO-DEV-4490,165,2022-10-04T14:01:05.315Z,2026-09-25T07:58:40.168Z
DEMO-DEV-4510,165,2022-10-10T06:19:31.403Z,2026-09-22T06:29:39.599Z
DEMO-DEV-4546,165,2022-10-02T09:06:00.646Z,2026-09-29T08:52:45.472Z
DEMO-DEV-4580,165,2022-10-01T11:14:50.224Z,2026-09-22T09:39:45.508Z
DEMO-DEV-4593,165,2022-10-05T09:09:51.877Z,2026-09-24T20:08:11.782Z
DEMO-DEV-4622,165,2022-10-03T17:14:19.985Z,2026-09-08T19:31:58.246Z
DEMO-DEV-4633,165,2022-11-30T13:12:43.688Z,2026-08-01T03:19:29.172Z
DEMO-DEV-4651,165,2022-10-27T00:14:34.302Z,2026-09-26T03:33:28.966Z
DEMO-DEV-4685,165,2022-10-05T21:44:34.824Z,2026-09-11T05:02:36.230Z
DEMO-DEV-4742,165,2022-10-09T14:46:15.778Z,2026-09-29T01:35:15.873Z
DEMO-DEV-4805,165,2022-10-03T06:46:16.460Z,2026-09-27T00:17:48.655Z
DEMO-DEV-4882,165,2022-10-02T01:56:45.470Z,2026-09-30T00:48:20.688Z
DEMO-DEV-4897,165,2022-10-04T12:04:52.682Z,2026-09-19T04:02:32.545Z
DEMO-DEV-4917,165,2022-10-01T16:25:25.870Z,2026-09-25T08:43:02.319Z
DEMO-DEV-4929,165,2022-10-08T15:58:01.636Z,2026-09-26T17:32:50.891Z
DEMO-DEV-5006,165,2022-10-01T13:06:13.803Z,2026-09-20T16:37:32.915Z
DEMO-DEV-5082,165,2022-10-07T21:48:54.493Z,2026-09-30T04:50:22.172Z
DEMO-DEV-5083,165,2022-10-10T11:29:10.584Z,2026-09-02T09:59:28.466Z
DEMO-DEV-5089,165,2022-10-14T13:56:39.578Z,2026-09-02T04:04:25.555Z
DEMO-DEV-5094,165,2022-10-07T12:26:02.825Z,2026-09-12T13:14:30.134Z
DEMO-DEV-5116,165,2022-10-29T16:01:22.172Z,2026-09-21T05:02:48.236Z
DEMO-DEV-5177,165,2022-10-10T16:27:47.892Z,2026-09-24T01:27:24.203Z
DEMO-DEV-5268,165,2022-10-04T00:11:09.470Z,2026-09-27T00:43:07.268Z
DEMO-DEV-5314,165,2022-10-04T15:36:10.167Z,2026-09-22T20:57:25.646Z
DEMO-DEV-5317,165,2022-10-03T02:50:10.891Z,2026-09-27T15:17:20.738Z
DEMO-DEV-5430,165,2022-10-02T18:03:42.992Z,2026-09-29T22:24:47.485Z
DEMO-DEV-5438,165,2022-10-08T02:00:16.397Z,2026-09-30T06:52:13.368Z
DEMO-DEV-5442,165,2022-10-19T17:37:30.974Z,2026-09-28T09:44:05.714Z
DEMO-DEV-5471,165,2022-10-08T16:41:53.138Z,2026-09-13T15:04:24.139Z
DEMO-DEV-5568,165,2022-10-13T07:34:44.057Z,2026-09-15T17:30:25.226Z
DEMO-DEV-5579,165,2022-10-19T21:16:18.692Z,2026-09-26T09:23:24.535Z
DEMO-DEV-5621,165,2022-10-04T18:16:30.003Z,2026-09-23T08:52:06.754Z
DEMO-DEV-5660,165,2022-10-06T02:58:24.519Z,2026-09-26T12:02:13.738Z
DEMO-DEV-5897,165,2022-10-02T23:44:46.155Z,2026-09-12T14:35:43.238Z
DEMO-DEV-5935,165,2022-10-06T13:05:13.646Z,2026-09-24T00:43:30.863Z
DEMO-DEV-5936,165,2022-10-06T00:45:29.653Z,2026-09-08T09:42:06.817Z
DEMO-DEV-6019,165,2022-10-26T01:27:21.597Z,2026-08-28T12:37:32.754Z
DEMO-DEV-6079,165,2022-10-10T00:27:34.397Z,2026-09-18T02:51:59.795Z
DEMO-DEV-6115,165,2022-10-10T07:30:28.075Z,2026-09-27T07:08:49.308Z
DEMO-DEV-6132,165,2022-10-02T21:16:08.950Z,2026-09-29T02:13:59.754Z
DEMO-DEV-6142,165,2022-10-05T06:07:09.765Z,2026-09-21T09:17:02.646Z
DEMO-DEV-6154,165,2022-10-01T17:15:54.038Z,2026-09-20T05:28:26.804Z
DEMO-DEV-6174,165,2022-10-02T06:04:06.950Z,2026-09-17T18:39:05.239Z
DEMO-DEV-6231,165,2022-10-13T16:12:18.578Z,2026-09-26T13:49:03.192Z
DEMO-DEV-6281,165,2022-10-16T03:44:17.557Z,2026-09-24T03:25:29.508Z
DEMO-DEV-6289,165,2022-10-09T23:17:47.470Z,2026-09-29T15:59:28.646Z
DEMO-DEV-6336,165,2022-10-13T06:04:41.038Z,2026-09-27T14:07:50.917Z
DEMO-DEV-6387,165,2022-10-05T15:49:38.948Z,2026-09-21T22:46:01.038Z
DEMO-DEV-6404,165,2022-10-11T00:53:41.442Z,2026-09-13T19:59:45.038Z
DEMO-DEV-6435,165,2022-10-08T04:14:18.676Z,2026-09-14T16:28:15.004Z
DEMO-DEV-6454,165,2022-10-05T04:33:25.917Z,2026-09-25T05:53:52.370Z
DEMO-DEV-6463,165,2022-10-08T14:42:08.825Z,2026-09-16T08:34:17.738Z
DEMO-DEV-6491,165,2022-10-12T08:16:29.015Z,2026-09-25T19:54:59.023Z
DEMO-DEV-6544,165,2022-11-03T15:11:21.505Z,2026-09-28T18:32:28.161Z
DEMO-DEV-6574,165,2022-10-05T20:27:18.394Z,2026-09-25T23:52:41.817Z
DEMO-DEV-6784,165,2022-10-28T21:46:13.914Z,2026-09-24T15:44:25.466Z
DEMO-DEV-6833,165,2022-10-20T14:12:45.497Z,2026-09-28T18:57:40.591Z
DEMO-DEV-6842,165,2022-10-20T20:31:58.524Z,2026-09-22T20:26:07.524Z
DEMO-DEV-6844,165,2022-10-21T13:09:39.727Z,2026-09-27T10:56:10.974Z
DEMO-DEV-6862,165,2022-10-03T16:14:54.950Z,2026-09-22T11:56:30.865Z
DEMO-DEV-6872,165,2022-10-01T19:07:56.786Z,2026-09-24T12:13:04.026Z
DEMO-DEV-6876,165,2022-10-03T07:56:09.778Z,2026-09-21T06:08:46.497Z
DEMO-DEV-6927,165,2022-10-10T03:04:13.992Z,2026-09-30T01:29:41.172Z
DEMO-DEV-6981,165,2022-10-05T08:17:11.867Z,2026-08-16T06:50:19.873Z
DEMO-DEV-7006,165,2022-10-22T05:51:03.172Z,2026-09-27T01:43:49.068Z
DEMO-DEV-7026,165,2022-10-19T18:37:49.914Z,2026-09-26T23:30:09.014Z
DEMO-DEV-7088,165,2022-10-08T15:13:39.021Z,2026-09-29T10:59:55.003Z
DEMO-DEV-7155,165,2022-10-18T18:12:35.557Z,2026-09-29T14:39:03.661Z
DEMO-DEV-7157,165,2022-11-05T18:07:34.891Z,2026-09-24T18:52:16.557Z
DEMO-DEV-7187,165,2022-10-07T03:41:56.208Z,2026-09-18T01:25:35.968Z
DEMO-DEV-7201,165,2022-10-11T14:26:22.817Z,2026-09-27T06:26:13.873Z
DEMO-DEV-7280,165,2022-10-07T04:22:57.172Z,2026-09-17T04:45:39.524Z
DEMO-DEV-7466,165,2022-10-02T22:30:51.505Z,2026-09-28T02:03:45.080Z
DEMO-DEV-7498,165,2022-10-23T07:39:03.795Z,2026-08-20T13:46:18.345Z
DEMO-DEV-7521,165,2022-10-08T23:02:48.134Z,2026-09-12T16:07:10.653Z
DEMO-DEV-7539,165,2022-10-05T14:35:01.298Z,2026-09-16T19:29:47.234Z
DEMO-DEV-7549,165,2022-10-08T04:31:52.470Z,2026-09-16T14:24:54.646Z
DEMO-DEV-7593,165,2022-10-02T16:05:39.183Z,2026-09-29T02:56:26.785Z
DEMO-DEV-7597,165,2022-10-02T13:44:04.442Z,2026-09-30T03:41:14.239Z
DEMO-DEV-7654,165,2022-10-02T05:38:17.222Z,2026-09-28T01:56:19.455Z
DEMO-DEV-7661,165,2022-10-11T03:03:28.087Z,2026-09-09T18:04:05.508Z
DEMO-DEV-7702,165,2022-10-03T17:58:03.975Z,2026-09-13T16:52:59.782Z
DEMO-DEV-7744,165,2022-11-03T02:12:37.692Z,2026-09-23T03:58:38.578Z
DEMO-DEV-7771,165,2022-10-01T18:46:07.555Z,2026-09-29T06:23:25.037Z
DEMO-DEV-7790,165,2022-10-21T13:53:34.075Z,2026-08-30T02:34:40.965Z
DEMO-DEV-7795,165,2022-10-04T00:17:57.841Z,2026-09-30T07:33:45.497Z
DEMO-DEV-7804,165,2022-10-05T12:22:07.172Z,2026-09-22T06:43:30.226Z
DEMO-DEV-7805,165,2022-10-10T22:14:48.864Z,2026-09-22T12:19:05.993Z
DEMO-DEV-7870,165,2022-10-28T10:23:25.239Z,2026-09-23T13:15:35.415Z
DEMO-DEV-7915,165,2022-10-08T17:07:27.948Z,2026-09-14T10:25:17.646Z
DEMO-DEV-7971,165,2022-10-09T03:46:03.368Z,2026-09-26T19:12:35.190Z
DEMO-DEV-8076,165,2022-10-04T15:29:02.784Z,2026-08-23T08:58:32.879Z
DEMO-DEV-8084,165,2022-10-07T10:22:56.190Z,2026-09-12T15:38:18.403Z
DEMO-DEV-8098,165,2022-10-02T06:12:26.648Z,2026-09-16T05:05:20.511Z
DEMO-DEV-8142,165,2022-10-01T09:03:16.811Z,2026-09-28T03:45:21.511Z
DEMO-DEV-8209,165,2022-10-06T00:03:34.785Z,2026-09-22T03:46:22.428Z
DEMO-DEV-8217,165,2022-10-06T21:24:56.676Z,2026-09-18T09:59:12.123Z
DEMO-DEV-8254,165,2022-10-04T21:19:17.655Z,2026-08-28T02:32:16.370Z
DEMO-DEV-8281,165,2022-10-10T03:51:19.165Z,2026-09-29T20:52:09.366Z
DEMO-DEV-8299,165,2022-10-07T13:39:32.123Z,2026-08-30T23:46:45.778Z
DEMO-DEV-8301,165,2022-10-05T02:34:38.966Z,2026-09-29T20:05:16.040Z
DEMO-DEV-8373,165,2022-10-03T06:30:15.057Z,2026-09-08T02:04:26.238Z
DEMO-DEV-8401,165,2022-10-01T22:39:53.045Z,2026-09-28T11:16:23.402Z
DEMO-DEV-8423,165,2022-10-11T01:41:20.232Z,2026-09-23T12:46:24.949Z
DEMO-DEV-8554,165,2022-10-05T23:28:14.403Z,2026-09-22T00:02:18.409Z
DEMO-DEV-8565,165,2022-10-10T03:22:21.024Z,2026-09-18T08:21:53.891Z
DEMO-DEV-8593,165,2022-10-01T15:36:35.926Z,2026-09-09T16:21:13.264Z
DEMO-DEV-8603,165,2022-10-02T07:17:53.591Z,2026-09-16T12:58:53.287Z
DEMO-DEV-8605,165,2022-10-05T09:00:00.929Z,2026-09-27T21:50:27.841Z
DEMO-DEV-8622,165,2022-10-06T19:06:39.462Z,2026-09-24T22:15:53.003Z
DEMO-DEV-8646,165,2022-10-12T15:29:55.087Z,2026-09-24T07:58:11.658Z
DEMO-DEV-8684,165,2022-10-14T14:26:10.618Z,2026-09-28T00:59:23.192Z
DEMO-DEV-8775,165,2022-10-05T19:21:15.597Z,2026-09-28T17:10:46.537Z
DEMO-DEV-8793,165,2022-10-15T20:50:45.816Z,2026-09-26T09:59:52.211Z
DEMO-DEV-8851,165,2022-10-01T17:00:09.253Z,2026-09-14T03:49:35.365Z
DEMO-DEV-8901,165,2022-10-02T18:34:56.150Z,2026-09-16T17:48:10.795Z
DEMO-DEV-8909,165,2022-10-01T19:20:25.252Z,2026-09-19T04:37:34.965Z
DEMO-DEV-8938,165,2022-10-03T14:20:36.817Z,2026-09-22T20:00:47.291Z
DEMO-DEV-8945,165,2022-10-08T01:37:38.792Z,2026-09-30T07:38:44.337Z
DEMO-DEV-8950,165,2022-10-04T08:52:06.368Z,2026-09-24T12:25:06.719Z
DEMO-DEV-8955,165,2022-10-10T17:37:08.254Z,2026-09-30T02:10:24.354Z
DEMO-DEV-8997,165,2022-10-03T22:48:09.965Z,2026-09-24T13:26:22.884Z
DEMO-DEV-9039,165,2022-10-05T07:47:16.841Z,2026-09-03T02:55:52.134Z
DEMO-DEV-9096,165,2022-10-05T07:13:31.134Z,2026-09-22T03:36:36.851Z
DEMO-DEV-9107,165,2022-10-01T11:34:45.557Z,2026-09-28T12:03:23.985Z
DEMO-DEV-9113,165,2022-10-26T16:19:04.914Z,2026-09-15T20:29:25.497Z
DEMO-DEV-9114,165,2022-11-04T06:14:18.165Z,2026-09-22T13:45:02.234Z
DEMO-DEV-9131,165,2022-10-11T06:06:13.205Z,2026-09-10T22:40:15.885Z
DEMO-DEV-9165,165,2022-10-05T03:29:18.851Z,2026-09-28T08:20:07.397Z
DEMO-DEV-9168,165,2022-10-11T06:10:51.232Z,2026-09-22T06:24:03.203Z
DEMO-DEV-9176,165,2022-10-09T23:26:49.976Z,2026-09-27T02:59:35.073Z
DEMO-DEV-9181,165,2022-10-04T16:00:31.268Z,2026-09-06T10:08:08.221Z
DEMO-DEV-9285,165,2022-11-06T22:41:17.337Z,2026-09-22T05:39:37.537Z
DEMO-DEV-9287,165,2022-10-06T16:22:21.804Z,2026-09-02T04:35:46.045Z
DEMO-DEV-9350,165,2022-10-12T10:15:58.219Z,2026-09-01T20:47:37.298Z
DEMO-DEV-9353,165,2022-10-12T12:32:53.397Z,2026-09-16T00:19:46.075Z
DEMO-DEV-9404,165,2022-10-05T07:48:26.027Z,2026-09-18T18:23:02.443Z
DEMO-DEV-9421,165,2022-10-29T14:17:14.612Z,2026-09-23T00:44:14.077Z
DEMO-DEV-9443,165,2022-10-06T13:08:04.370Z,2026-09-09T18:06:03.123Z
DEMO-DEV-9541,165,2022-10-10T17:04:54.080Z,2026-09-26T17:10:54.519Z
DEMO-DEV-9579,165,2022-10-02T20:33:00.428Z,2026-09-23T07:55:43.508Z
DEMO-DEV-9605,165,2022-10-01T15:43:06.599Z,2026-09-29T22:12:36.319Z
DEMO-DEV-9618,165,2022-10-02T20:10:08.914Z,2026-09-24T23:00:03.863Z
DEMO-DEV-9666,165,2022-10-03T17:56:45.219Z,2026-09-11T14:44:56.225Z
DEMO-DEV-9671,165,2022-10-06T20:51:55.428Z,2026-09-23T11:25:02.863Z
DEMO-DEV-9684,165,2022-10-06T22:01:36.211Z,2026-09-21T18:41:45.646Z
DEMO-DEV-9693,165,2022-10-01T12:35:27.870Z,2026-09-29T22:41:24.325Z
DEMO-DEV-9701,165,2022-10-06T02:40:47.120Z,2026-09-24T13:03:02.165Z
DEMO-DEV-9717,165,2022-10-10T02:26:24.236Z,2026-09-13T09:00:56.014Z
DEMO-DEV-9839,165,2022-10-11T22:00:13.203Z,2026-09-14T15:52:09.555Z
DEMO-DEV-9846,165,2022-10-14T19:48:19.226Z,2026-09-24T02:11:27.068Z
DEMO-DEV-9857,165,2022-10-02T00:26:08.870Z,2026-09-09T11:11:02.415Z
DEMO-DEV-9875,165,2022-10-02T01:09:56.719Z,2026-09-19T15:15:10.738Z
DEMO-DEV-9942,165,2022-10-11T16:48:33.302Z,2026-09-12T10:59:43.446Z
DEMO-DEV-0034,164,2022-10-04T15:06:07.786Z,2026-09-04T20:09:36.612Z
DEMO-DEV-0120,164,2022-10-15T04:15:46.735Z,2026-09-28T03:38:14.778Z
DEMO-DEV-0183,164,2022-10-03T04:38:20.221Z,2026-09-23T14:31:02.493Z
DEMO-DEV-0203,164,2022-10-17T21:18:12.291Z,2026-09-24T22:43:26.470Z
DEMO-DEV-0349,164,2022-10-11T13:37:11.508Z,2026-09-29T05:21:04.535Z
DEMO-DEV-0408,164,2022-10-06T03:33:50.524Z,2026-09-24T15:55:52.765Z
DEMO-DEV-0445,164,2022-10-16T04:44:58.519Z,2026-09-25T16:05:23.661Z
DEMO-DEV-0454,164,2022-10-03T18:49:13.646Z,2026-09-21T02:14:51.846Z
DEMO-DEV-0457,164,2022-10-07T04:56:15.885Z,2026-09-06T15:03:31.578Z
DEMO-DEV-0467,164,2022-10-06T04:12:30.568Z,2026-09-02T09:32:38.714Z
DEMO-DEV-0508,164,2022-10-09T10:35:26.368Z,2026-09-24T16:37:08.785Z
DEMO-DEV-0510,164,2022-10-10T22:12:35.246Z,2026-09-20T22:15:50.795Z
DEMO-DEV-0533,164,2022-10-12T20:42:09.915Z,2026-09-29T00:30:27.365Z
DEMO-DEV-0539,164,2022-10-14T17:46:42.913Z,2026-09-20T05:07:25.155Z
DEMO-DEV-0573,164,2022-10-05T08:50:18.077Z,2026-09-29T17:51:20.319Z
DEMO-DEV-0574,164,2022-10-05T02:43:57.966Z,2026-09-26T09:54:17.472Z
DEMO-DEV-0596,164,2022-10-04T05:03:12.063Z,2026-09-28T08:57:44.950Z
DEMO-DEV-0613,164,2022-10-11T13:33:05.173Z,2026-09-29T20:23:29.505Z
DEMO-DEV-0625,164,2022-10-07T02:27:41.497Z,2026-09-19T22:33:00.503Z
DEMO-DEV-0658,164,2022-10-05T01:41:59.080Z,2026-09-12T23:52:51.864Z
DEMO-DEV-0797,164,2022-10-04T18:06:23.605Z,2026-09-24T08:00:47.236Z
DEMO-DEV-0817,164,2022-10-19T13:14:33.442Z,2026-09-13T17:36:52.578Z
DEMO-DEV-0854,164,2022-10-20T04:33:30.778Z,2026-09-13T04:44:03.524Z
DEMO-DEV-0876,164,2022-10-03T20:38:07.357Z,2026-09-21T19:31:48.841Z
DEMO-DEV-0884,164,2022-10-01T14:20:26.387Z,2026-09-27T23:05:44.926Z
DEMO-DEV-0920,164,2022-10-02T15:12:47.692Z,2026-09-10T23:34:53.387Z
DEMO-DEV-0938,164,2022-10-04T15:36:23.354Z,2026-09-29T21:14:14.222Z
DEMO-DEV-0945,164,2022-10-09T14:47:36.204Z,2026-09-19T14:57:15.806Z
DEMO-DEV-0972,164,2022-10-22T19:49:01.183Z,2026-09-24T23:01:56.929Z
DEMO-DEV-1024,164,2022-10-11T02:39:49.846Z,2026-09-22T13:47:09.825Z
DEMO-DEV-1042,164,2022-10-01T12:22:39.523Z,2026-09-23T13:26:53.917Z
DEMO-DEV-1057,164,2022-10-03T08:11:24.168Z,2026-09-24T11:24:36.394Z
DEMO-DEV-1136,164,2022-10-14T01:01:45.727Z,2026-09-20T13:14:57.950Z
DEMO-DEV-1199,164,2022-10-02T05:23:31.804Z,2026-09-22T15:31:35.218Z
DEMO-DEV-1212,164,2022-10-06T03:21:37.987Z,2026-09-25T18:43:45.402Z
DEMO-DEV-1290,164,2022-10-03T06:13:11.390Z,2026-09-25T11:50:52.738Z
DEMO-DEV-1383,164,2022-10-24T05:26:11.225Z,2026-09-20T06:16:19.929Z
DEMO-DEV-1404,164,2022-10-14T10:45:04.710Z,2026-09-15T12:13:22.719Z
DEMO-DEV-1434,164,2022-10-02T12:06:08.075Z,2026-09-13T16:01:51.387Z
DEMO-DEV-1454,164,2022-10-03T03:21:20.555Z,2026-09-25T11:22:10.735Z
DEMO-DEV-1470,164,2022-10-07T04:30:37.167Z,2026-09-22T18:56:33.038Z
DEMO-DEV-1539,164,2022-10-18T12:43:32.234Z,2026-09-28T03:06:31.870Z
DEMO-DEV-1613,164,2022-10-01T12:15:57.842Z,2026-09-30T01:14:43.219Z
DEMO-DEV-1626,164,2022-10-08T01:18:49.246Z,2026-09-23T11:09:48.026Z
DEMO-DEV-1667,164,2022-10-29T05:58:29.873Z,2026-09-08T13:13:55.513Z
DEMO-DEV-1681,164,2022-10-16T00:13:50.365Z,2026-09-24T03:28:48.646Z
DEMO-DEV-1711,164,2022-10-01T14:55:21.205Z,2026-09-26T02:29:34.087Z
DEMO-DEV-1738,164,2022-10-16T08:38:49.208Z,2026-09-24T03:17:03.825Z
DEMO-DEV-1742,164,2022-10-03T16:52:15.702Z,2026-09-29T11:43:08.192Z
DEMO-DEV-1747,164,2022-10-05T07:27:18.307Z,2026-09-27T12:08:41.325Z
DEMO-DEV-1846,164,2022-10-17T17:18:00.614Z,2026-09-29T12:42:11.291Z
DEMO-DEV-1954,164,2022-10-19T02:05:54.232Z,2026-09-29T04:47:02.192Z
DEMO-DEV-1995,164,2022-10-02T23:51:04.859Z,2026-09-21T18:22:36.692Z
DEMO-DEV-2001,164,2022-10-06T08:02:55.870Z,2026-09-19T01:30:24.778Z
DEMO-DEV-2161,164,2022-11-12T18:22:48.557Z,2026-09-24T19:45:27.824Z
DEMO-DEV-2182,164,2022-10-09T19:25:26.692Z,2026-09-30T03:25:27.254Z
DEMO-DEV-2208,164,2022-10-07T02:49:09.666Z,2026-09-15T09:42:27.974Z
DEMO-DEV-2212,164,2022-10-04T18:48:03.150Z,2026-09-28T23:03:13.015Z
DEMO-DEV-2217,164,2022-10-03T09:05:46.037Z,2026-09-28T07:45:06.816Z
DEMO-DEV-2222,164,2022-10-22T21:15:34.192Z,2026-09-25T15:04:41.443Z
DEMO-DEV-2274,164,2022-10-03T01:12:15.357Z,2026-09-25T07:08:57.817Z
DEMO-DEV-2309,164,2022-10-31T18:31:18.676Z,2026-09-22T19:36:40.929Z
DEMO-DEV-2328,164,2022-10-10T00:11:21.208Z,2026-09-22T21:26:17.203Z
DEMO-DEV-2340,164,2022-10-16T19:32:23.352Z,2026-09-24T14:18:34.291Z
DEMO-DEV-2399,164,2022-10-03T21:36:44.710Z,2026-09-06T18:21:01.264Z
DEMO-DEV-2456,164,2022-10-04T07:13:42.811Z,2026-09-23T14:38:47.236Z
DEMO-DEV-2583,164,2022-10-08T06:01:20.811Z,2026-09-18T22:29:10.966Z
DEMO-DEV-2610,164,2022-10-08T16:01:28.167Z,2026-09-20T06:03:29.192Z
DEMO-DEV-2635,164,2022-10-06T13:49:57.368Z,2026-09-18T15:20:46.523Z
DEMO-DEV-2660,164,2022-10-06T08:22:48.403Z,2026-09-25T12:41:00.409Z
DEMO-DEV-2711,164,2022-10-17T17:55:22.524Z,2026-09-29T02:38:55.139Z
DEMO-DEV-2744,164,2022-10-04T01:50:27.639Z,2026-09-29T05:28:28.839Z
DEMO-DEV-2745,164,2022-10-11T10:39:26.865Z,2026-09-20T03:29:27.370Z
DEMO-DEV-2787,164,2022-10-06T07:43:29.291Z,2026-09-09T01:18:46.080Z
DEMO-DEV-2815,164,2022-10-03T15:36:15.337Z,2026-09-23T11:45:05.913Z
DEMO-DEV-2919,164,2022-10-04T08:34:22.208Z,2026-09-15T12:45:24.752Z
DEMO-DEV-2962,164,2022-10-10T23:25:12.885Z,2026-09-20T04:23:54.524Z
DEMO-DEV-2987,164,2022-10-02T16:38:07.390Z,2026-09-27T01:33:48.466Z
DEMO-DEV-3008,164,2022-10-03T10:45:36.864Z,2026-09-10T10:01:36.795Z
DEMO-DEV-3015,164,2022-10-12T02:44:40.792Z,2026-09-29T16:26:46.661Z
DEMO-DEV-3043,164,2022-10-03T22:06:43.965Z,2026-09-28T10:44:01.291Z
DEMO-DEV-3067,164,2022-10-01T13:20:47.785Z,2026-09-26T13:02:31.264Z
DEMO-DEV-3078,164,2022-10-05T00:03:46.503Z,2026-08-28T09:26:30.315Z
DEMO-DEV-3110,164,2022-10-13T08:10:18.636Z,2026-09-29T18:30:46.885Z
DEMO-DEV-3123,164,2022-10-07T12:00:26.795Z,2026-08-23T21:06:05.038Z
DEMO-DEV-3130,164,2022-10-04T13:05:07.428Z,2026-09-18T10:44:23.915Z
DEMO-DEV-3143,164,2022-10-08T13:56:42.120Z,2026-09-28T23:13:04.784Z
DEMO-DEV-3163,164,2022-10-12T00:42:39.792Z,2026-09-19T01:31:18.357Z
DEMO-DEV-3205,164,2022-10-04T11:57:30.308Z,2026-09-20T05:45:51.289Z
DEMO-DEV-3220,164,2022-10-16T20:07:02.950Z,2026-09-29T18:19:23.792Z
DEMO-DEV-3305,164,2022-10-14T05:45:28.250Z,2026-09-28T20:25:20.368Z
DEMO-DEV-3340,164,2022-10-02T15:25:29.738Z,2026-09-22T16:46:42.160Z
DEMO-DEV-3360,164,2022-10-02T03:57:29.298Z,2026-09-16T02:01:50.523Z
DEMO-DEV-3419,164,2022-10-02T22:06:33.246Z,2026-09-25T13:36:22.352Z
DEMO-DEV-3431,164,2022-10-17T18:45:17.511Z,2026-09-23T13:06:52.949Z
DEMO-DEV-3460,164,2022-10-11T19:25:02.045Z,2026-09-28T23:21:01.230Z
DEMO-DEV-3469,164,2022-10-02T09:56:40.868Z,2026-09-15T21:58:22.950Z
DEMO-DEV-3479,164,2022-10-03T03:11:01.040Z,2026-09-20T13:28:11.387Z
DEMO-DEV-3540,164,2022-10-07T14:39:09.778Z,2026-09-25T14:32:48.040Z
DEMO-DEV-3552,164,2022-10-11T19:07:04.503Z,2026-09-22T05:11:37.218Z
DEMO-DEV-3557,164,2022-10-13T11:06:04.873Z,2026-09-28T01:23:27.190Z
DEMO-DEV-3610,164,2022-10-17T04:11:40.211Z,2026-08-07T11:19:40.291Z
DEMO-DEV-3649,164,2022-10-04T18:08:36.646Z,2026-09-28T06:00:05.225Z
DEMO-DEV-3692,164,2022-10-02T15:52:01.139Z,2026-09-19T16:57:10.239Z
DEMO-DEV-3697,164,2022-10-04T06:08:39.003Z,2026-09-24T00:54:53.192Z
DEMO-DEV-3738,164,2022-11-15T13:21:00.817Z,2026-09-08T23:32:29.325Z
DEMO-DEV-3805,164,2022-10-05T05:55:10.648Z,2026-09-23T03:44:57.391Z
DEMO-DEV-3884,164,2022-10-21T05:47:04.993Z,2026-09-29T11:07:03.500Z
DEMO-DEV-3925,164,2022-10-02T00:15:28.597Z,2026-09-24T12:08:28.754Z
DEMO-DEV-3969,164,2022-10-01T22:25:16.291Z,2026-09-29T22:53:56.735Z
DEMO-DEV-4029,164,2022-10-08T03:48:51.607Z,2026-09-12T22:36:52.765Z
DEMO-DEV-4042,164,2022-10-09T04:41:35.134Z,2026-09-26T23:11:27.224Z
DEMO-DEV-4059,164,2022-10-01T18:40:12.387Z,2026-09-19T06:01:55.345Z
DEMO-DEV-4065,164,2022-10-15T02:04:26.402Z,2026-09-24T10:01:29.230Z
DEMO-DEV-4066,164,2022-11-07T11:49:12.026Z,2026-09-17T23:41:33.873Z
DEMO-DEV-4076,164,2022-10-06T22:41:57.799Z,2026-09-16T18:23:19.653Z
DEMO-DEV-4077,164,2022-10-02T13:22:09.785Z,2026-09-24T16:08:48.968Z
DEMO-DEV-4117,164,2022-10-02T06:44:12.843Z,2026-09-19T06:19:55.661Z
DEMO-DEV-4144,164,2022-10-01T10:48:16.584Z,2026-08-23T22:09:59.460Z
DEMO-DEV-4221,164,2022-10-27T12:37:33.390Z,2026-09-28T22:57:40.337Z
DEMO-DEV-4385,164,2022-10-21T17:56:18.836Z,2026-09-27T21:19:16.500Z
DEMO-DEV-4412,164,2022-10-21T10:59:25.500Z,2026-09-29T11:00:59.165Z
DEMO-DEV-4433,164,2022-10-19T06:08:57.357Z,2026-09-24T19:06:04.863Z
DEMO-DEV-4549,164,2022-10-04T18:25:21.204Z,2026-09-20T18:50:33.523Z
DEMO-DEV-4576,164,2022-10-18T20:26:20.584Z,2026-09-23T15:44:49.926Z
DEMO-DEV-4621,164,2022-10-02T14:00:22.403Z,2026-09-28T07:39:57.508Z
DEMO-DEV-4681,164,2022-10-09T21:20:09.466Z,2026-09-29T16:11:06.391Z
DEMO-DEV-4683,164,2022-10-09T20:45:50.786Z,2026-09-24T09:19:47.966Z
DEMO-DEV-4714,164,2022-10-04T23:06:32.289Z,2026-09-04T18:22:28.870Z
DEMO-DEV-4736,164,2022-10-02T20:23:20.754Z,2026-09-30T05:11:39.688Z
DEMO-DEV-4765,164,2022-10-04T00:40:15.817Z,2026-09-26T08:54:16.646Z
DEMO-DEV-4792,164,2022-10-03T08:36:31.778Z,2026-09-26T09:26:54.913Z
DEMO-DEV-4810,164,2022-10-11T02:33:28.727Z,2026-09-24T23:26:03.868Z
DEMO-DEV-4811,164,2022-10-06T03:17:16.851Z,2026-09-28T00:37:56.123Z
DEMO-DEV-4836,164,2022-10-02T22:53:12.974Z,2026-09-21T21:54:17.719Z
DEMO-DEV-4839,164,2022-10-02T14:31:53.968Z,2026-09-27T04:31:36.597Z
DEMO-DEV-5063,164,2022-10-05T00:27:34.204Z,2026-09-22T20:16:34.839Z
DEMO-DEV-5077,164,2022-10-06T05:46:25.661Z,2026-09-10T00:08:24.221Z
DEMO-DEV-5119,164,2022-10-06T14:25:10.727Z,2026-09-24T13:50:05.368Z
DEMO-DEV-5167,164,2022-10-31T04:52:23.173Z,2026-09-16T04:02:30.080Z
DEMO-DEV-5213,164,2022-10-03T05:55:54.738Z,2026-09-26T19:56:47.614Z
DEMO-DEV-5263,164,2022-10-04T07:24:16.873Z,2026-09-28T21:34:02.120Z
DEMO-DEV-5265,164,2022-10-19T03:43:19.792Z,2026-09-09T23:11:53.298Z
DEMO-DEV-5272,164,2022-10-02T17:27:22.523Z,2026-09-30T02:55:49.985Z
DEMO-DEV-5352,164,2022-10-03T01:47:54.816Z,2026-09-29T01:31:42.391Z
DEMO-DEV-5381,164,2022-10-09T08:18:21.075Z,2026-09-26T15:08:28.879Z
DEMO-DEV-5390,164,2022-10-05T01:09:38.409Z,2026-09-29T15:53:57.307Z
DEMO-DEV-5396,164,2022-10-02T22:15:07.308Z,2026-09-28T16:23:47.688Z
DEMO-DEV-5398,164,2022-10-06T11:51:56.246Z,2026-09-22T02:55:25.825Z
DEMO-DEV-5470,164,2022-10-12T17:00:05.614Z,2026-09-02T00:13:36.368Z
DEMO-DEV-5563,164,2022-10-02T06:57:43.527Z,2026-09-25T17:29:40.287Z
DEMO-DEV-5567,164,2022-10-03T01:06:33.661Z,2026-09-24T15:02:37.661Z
DEMO-DEV-5627,164,2022-10-05T07:09:17.676Z,2026-09-23T08:20:28.555Z
DEMO-DEV-5630,164,2022-10-15T05:42:25.557Z,2026-09-17T06:50:00.505Z
DEMO-DEV-5646,164,2022-10-02T04:45:36.390Z,2026-09-15T15:20:49.692Z
DEMO-DEV-5670,164,2022-10-05T01:38:34.150Z,2026-09-20T18:54:27.080Z
DEMO-DEV-5686,164,2022-10-19T01:46:16.965Z,2026-09-12T19:08:36.965Z
DEMO-DEV-5697,164,2022-10-24T23:40:52.786Z,2026-09-26T16:39:03.045Z
DEMO-DEV-5717,164,2022-10-17T03:16:00.537Z,2026-09-06T15:29:43.232Z
DEMO-DEV-5723,164,2022-10-06T11:49:54.230Z,2026-09-14T01:38:19.075Z
DEMO-DEV-5735,164,2022-10-08T07:57:32.040Z,2026-09-15T03:20:19.505Z
DEMO-DEV-5805,164,2022-10-14T21:10:37.824Z,2026-09-24T08:32:09.470Z
DEMO-DEV-5859,164,2022-10-11T10:23:27.870Z,2026-09-26T06:00:00.754Z
DEMO-DEV-5882,164,2022-10-04T20:36:20.824Z,2026-09-17T19:35:16.003Z
DEMO-DEV-5946,164,2022-10-05T09:22:44.485Z,2026-09-22T20:22:08.578Z
DEMO-DEV-5967,164,2022-10-05T04:25:44.974Z,2026-09-28T04:58:17.219Z
DEMO-DEV-5978,164,2022-10-04T00:24:38.390Z,2026-09-28T09:12:46.676Z
DEMO-DEV-6004,164,2022-10-02T18:33:49.618Z,2026-09-18T05:14:51.319Z
DEMO-DEV-6103,164,2022-10-20T19:29:31.203Z,2026-09-19T11:56:15.368Z
DEMO-DEV-6253,164,2022-10-09T16:38:56.172Z,2026-09-04T23:35:16.319Z
DEMO-DEV-6305,164,2022-10-05T12:11:32.063Z,2026-09-13T23:53:29.639Z
DEMO-DEV-6314,164,2022-10-02T23:16:16.354Z,2026-09-20T00:53:17.387Z
DEMO-DEV-6339,164,2022-10-03T23:15:12.568Z,2026-09-17T10:01:07.949Z
DEMO-DEV-6382,164,2022-10-17T00:52:11.839Z,2026-09-21T14:35:55.612Z
DEMO-DEV-6383,164,2022-10-09T22:57:19.387Z,2026-09-28T20:26:10.368Z
DEMO-DEV-6406,164,2022-10-05T07:03:14.004Z,2026-09-15T07:01:02.230Z
DEMO-DEV-6437,164,2022-10-14T21:30:42.024Z,2026-09-29T12:41:06.655Z
DEMO-DEV-6549,164,2022-10-13T12:21:33.968Z,2026-09-25T17:24:55.584Z
DEMO-DEV-6606,164,2022-10-05T23:02:13.368Z,2026-09-26T12:08:02.877Z
DEMO-DEV-6615,164,2022-10-14T08:15:08.646Z,2026-09-06T04:12:26.189Z
DEMO-DEV-6636,164,2022-10-16T12:29:56.702Z,2026-09-30T01:31:57.884Z
DEMO-DEV-6642,164,2022-10-05T07:49:40.778Z,2026-09-22T10:06:56.738Z
DEMO-DEV-6695,164,2022-10-21T04:55:51.161Z,2026-09-27T02:01:09.238Z
DEMO-DEV-6763,164,2022-10-03T17:34:46.658Z,2026-09-24T01:10:44.226Z
DEMO-DEV-6794,164,2022-10-04T10:27:35.470Z,2026-09-29T05:23:33.173Z
DEMO-DEV-6801,164,2022-10-02T08:39:38.272Z,2026-09-07T14:04:51.646Z
DEMO-DEV-6831,164,2022-10-04T20:02:43.975Z,2026-09-26T02:23:05.397Z
DEMO-DEV-6997,164,2022-10-11T11:26:32.208Z,2026-09-26T16:47:06.535Z
DEMO-DEV-7027,164,2022-10-05T09:21:26.692Z,2026-09-05T13:20:22.710Z
DEMO-DEV-7032,164,2022-10-03T13:44:28.218Z,2026-09-28T11:34:51.782Z
DEMO-DEV-7120,164,2022-10-03T13:21:05.985Z,2026-09-09T20:39:28.024Z
DEMO-DEV-7130,164,2022-10-02T18:50:37.968Z,2026-09-16T22:29:55.519Z
DEMO-DEV-7163,164,2022-10-11T23:04:04.646Z,2026-09-28T18:18:57.219Z
DEMO-DEV-7199,164,2022-10-15T23:00:31.319Z,2026-09-03T15:28:19.226Z
DEMO-DEV-7278,164,2022-10-03T10:56:51.224Z,2026-09-29T07:35:37.639Z
DEMO-DEV-7287,164,2022-10-16T17:12:10.192Z,2026-09-25T19:07:10.403Z
DEMO-DEV-7344,164,2022-10-11T13:24:07.785Z,2026-09-28T17:17:03.155Z
DEMO-DEV-7394,164,2022-10-08T09:35:16.460Z,2026-08-16T17:32:58.965Z
DEMO-DEV-7399,164,2022-11-17T21:01:39.765Z,2026-09-25T19:57:18.519Z
DEMO-DEV-7404,164,2022-10-10T09:32:32.225Z,2026-09-25T09:19:15.676Z
DEMO-DEV-7490,164,2022-10-25T19:52:31.803Z,2026-09-23T15:54:43.527Z
DEMO-DEV-7493,164,2022-10-05T16:58:36.825Z,2026-09-11T08:24:35.368Z
DEMO-DEV-7515,164,2022-10-19T17:10:32.974Z,2026-09-03T21:50:03.793Z
DEMO-DEV-7528,164,2022-10-21T02:00:58.917Z,2026-09-30T02:55:16.682Z
DEMO-DEV-7567,164,2022-10-11T07:45:49.428Z,2026-09-23T09:40:18.298Z
DEMO-DEV-7584,164,2022-10-03T04:34:27.068Z,2026-09-18T19:02:07.026Z
DEMO-DEV-7629,164,2022-10-06T07:21:24.203Z,2026-09-25T02:04:41.817Z
DEMO-DEV-7668,164,2022-10-22T16:58:01.218Z,2026-09-28T22:58:10.368Z
DEMO-DEV-7685,164,2022-10-11T22:46:45.985Z,2026-09-26T03:47:06.915Z
DEMO-DEV-7726,164,2022-10-14T05:39:15.167Z,2026-08-27T19:57:48.155Z
DEMO-DEV-7851,164,2022-10-24T22:22:36.668Z,2026-09-26T19:28:42.824Z
DEMO-DEV-7868,164,2022-10-15T04:46:09.014Z,2026-09-23T13:23:51.021Z
DEMO-DEV-7893,164,2022-10-05T05:28:26.208Z,2026-09-28T00:55:53.075Z
DEMO-DEV-7898,164,2022-10-07T17:47:42.239Z,2026-09-18T11:36:39.646Z
DEMO-DEV-7906,164,2022-10-04T06:15:07.226Z,2026-09-19T23:03:41.537Z
DEMO-DEV-8005,164,2022-10-02T09:22:49.123Z,2026-09-17T23:08:29.864Z
DEMO-DEV-8052,164,2022-10-09T02:15:24.752Z,2026-09-21T04:30:52.319Z
DEMO-DEV-8163,164,2022-11-12T05:52:52.804Z,2026-09-23T09:46:39.253Z
DEMO-DEV-8196,164,2022-10-19T19:12:27.368Z,2026-09-30T06:39:44.993Z
DEMO-DEV-8272,164,2022-10-08T09:02:33.120Z,2026-09-27T18:37:58.976Z
DEMO-DEV-8285,164,2022-10-04T01:15:41.390Z,2026-09-30T00:04:13.524Z
DEMO-DEV-8290,164,2022-10-09T12:15:54.087Z,2026-09-17T03:19:47.754Z
DEMO-DEV-8313,164,2022-10-10T19:14:17.250Z,2026-09-19T00:20:51.870Z
DEMO-DEV-8324,164,2022-10-14T01:07:58.786Z,2026-09-23T02:52:07.692Z
DEMO-DEV-8333,164,2022-10-03T11:31:37.523Z,2026-09-27T07:57:01.087Z
DEMO-DEV-8343,164,2022-10-02T14:19:21.785Z,2026-09-22T16:28:42.891Z
DEMO-DEV-8345,164,2022-10-11T23:10:39.264Z,2026-09-18T08:33:36.989Z
DEMO-DEV-8434,164,2022-10-08T16:04:14.155Z,2026-09-07T18:36:51.646Z
DEMO-DEV-8454,164,2022-10-07T17:44:00.867Z,2026-08-28T11:16:23.345Z
DEMO-DEV-8474,164,2022-10-02T05:24:25.968Z,2026-09-22T13:03:09.319Z
DEMO-DEV-8477,164,2022-10-04T19:50:44.985Z,2026-09-17T22:05:47.246Z
DEMO-DEV-8513,164,2022-10-09T04:17:38.719Z,2026-09-21T13:41:01.161Z
DEMO-DEV-8577,164,2022-10-04T20:00:43.803Z,2026-09-22T20:19:53.446Z
DEMO-DEV-8625,164,2022-10-10T01:29:56.077Z,2026-09-20T04:10:38.524Z
DEMO-DEV-8710,164,2022-10-21T12:28:56.605Z,2026-09-22T01:00:00.161Z
DEMO-DEV-8733,164,2022-10-01T21:20:38.778Z,2026-09-20T00:18:17.929Z
DEMO-DEV-8750,164,2022-10-06T09:15:12.648Z,2026-09-27T09:15:42.676Z
DEMO-DEV-8762,164,2022-10-09T09:00:26.485Z,2026-09-25T01:07:11.357Z
DEMO-DEV-8784,164,2022-10-03T23:57:28.455Z,2026-09-29T02:52:00.366Z
DEMO-DEV-8787,164,2022-10-28T19:27:42.073Z,2026-09-22T01:43:59.045Z
DEMO-DEV-8802,164,2022-10-06T11:38:57.024Z,2026-09-18T22:01:38.817Z
DEMO-DEV-8885,164,2022-10-01T09:34:55.877Z,2026-09-22T19:17:19.824Z
DEMO-DEV-8918,164,2022-10-16T15:15:38.948Z,2026-09-23T20:46:40.793Z
DEMO-DEV-8942,164,2022-11-22T18:14:43.024Z,2026-09-10T11:57:14.612Z
DEMO-DEV-8954,164,2022-10-15T12:18:16.090Z,2026-09-27T13:47:05.556Z
DEMO-DEV-9002,164,2022-10-02T17:16:29.969Z,2026-09-19T04:46:45.926Z
DEMO-DEV-9118,164,2022-10-02T00:45:08.040Z,2026-09-14T22:12:14.929Z
DEMO-DEV-9157,164,2022-10-22T17:16:37.462Z,2026-09-18T07:15:57.446Z
DEMO-DEV-9191,164,2022-10-05T00:42:51.891Z,2026-09-29T11:51:27.222Z
DEMO-DEV-9221,164,2022-11-05T02:22:46.968Z,2026-09-11T07:03:38.735Z
DEMO-DEV-9296,164,2022-11-01T09:36:24.161Z,2026-09-25T17:22:36.825Z
DEMO-DEV-9321,164,2022-10-05T10:55:48.038Z,2026-09-27T22:18:18.057Z
DEMO-DEV-9415,164,2022-10-20T18:20:23.472Z,2026-09-29T13:22:22.063Z
DEMO-DEV-9452,164,2022-10-05T08:06:34.391Z,2026-09-12T17:42:59.021Z
DEMO-DEV-9499,164,2022-10-02T22:01:11.120Z,2026-09-19T08:36:41.863Z
DEMO-DEV-9514,164,2022-10-14T23:03:23.658Z,2026-09-13T13:58:03.443Z
DEMO-DEV-9519,164,2022-10-02T06:15:04.253Z,2026-09-24T18:04:02.966Z
DEMO-DEV-9574,164,2022-10-04T06:54:50.253Z,2026-09-25T12:20:24.192Z
DEMO-DEV-9588,164,2022-10-12T13:21:26.969Z,2026-09-26T14:20:19.842Z
DEMO-DEV-9597,164,2022-10-03T15:05:00.846Z,2026-09-25T11:54:09.493Z
DEMO-DEV-9629,164,2022-10-01T20:01:17.023Z,2026-09-24T07:25:13.077Z
DEMO-DEV-9707,164,2022-10-07T09:08:32.591Z,2026-09-22T05:27:13.073Z
DEMO-DEV-9711,164,2022-10-24T07:27:39.466Z,2026-09-18T12:57:54.966Z
DEMO-DEV-9741,164,2022-10-02T04:33:59.254Z,2026-09-21T18:06:23.668Z
DEMO-DEV-9754,164,2022-10-04T12:21:32.658Z,2026-09-26T20:21:51.545Z
DEMO-DEV-9761,164,2022-10-03T11:54:56.160Z,2026-09-25T11:43:39.816Z
DEMO-DEV-9763,164,2022-11-22T01:13:23.661Z,2026-09-27T19:27:28.123Z
DEMO-DEV-9799,164,2022-10-08T12:00:21.238Z,2026-09-26T13:53:10.765Z
DEMO-DEV-9893,164,2022-10-19T23:03:42.352Z,2026-09-18T02:25:44.289Z
DEMO-DEV-9937,164,2022-11-15T16:57:18.778Z,2026-09-29T05:10:41.692Z
DEMO-DEV-9946,164,2022-10-22T19:55:43.189Z,2026-09-01T20:44:15.024Z
DEMO-DEV-9949,164,2022-10-16T16:12:04.246Z,2026-09-23T11:08:57.315Z
DEMO-DEV-9957,164,2022-10-16T17:06:45.222Z,2026-09-22T10:12:09.793Z
DEMO-DEV-9985,164,2022-10-17T10:41:03.291Z,2026-09-27T15:06:59.785Z
DEMO-DEV-0018,163,2022-11-02T21:27:24.825Z,2026-09-27T13:51:15.165Z
DEMO-DEV-0023,163,2022-10-04T08:50:11.975Z,2026-09-29T10:14:53.752Z
DEMO-DEV-0045,163,2022-10-07T10:08:28.394Z,2026-09-11T01:42:47.892Z
DEMO-DEV-0069,163,2022-10-03T01:38:36.915Z,2026-09-18T14:59:20.816Z
DEMO-DEV-0085,163,2022-10-02T14:08:23.167Z,2026-09-14T02:26:07.446Z
DEMO-DEV-0182,163,2022-10-29T04:56:59.307Z,2026-09-13T09:40:24.688Z
DEMO-DEV-0259,163,2022-10-02T13:23:53.226Z,2026-09-16T02:42:21.864Z
DEMO-DEV-0275,163,2022-10-04T09:37:08.014Z,2026-09-23T03:16:51.607Z
DEMO-DEV-0300,163,2022-10-14T05:35:27.817Z,2026-09-27T22:14:57.038Z
DEMO-DEV-0326,163,2022-10-04T14:52:15.817Z,2026-09-26T12:27:26.992Z
DEMO-DEV-0334,163,2022-10-04T06:01:51.272Z,2026-09-15T09:38:36.246Z
DEMO-DEV-0341,163,2022-10-03T02:17:24.948Z,2026-09-29T13:54:01.545Z
DEMO-DEV-0364,163,2022-10-01T13:16:26.190Z,2026-09-01T22:04:56.189Z
DEMO-DEV-0423,163,2022-10-01T10:12:10.365Z,2026-09-28T10:43:09.505Z
DEMO-DEV-0428,163,2022-10-09T03:26:58.917Z,2026-09-30T01:53:29.460Z
DEMO-DEV-0509,163,2022-10-09T00:15:39.204Z,2026-09-28T16:43:38.803Z
DEMO-DEV-0540,163,2022-10-02T02:23:23.782Z,2026-09-27T01:04:16.455Z
DEMO-DEV-0546,163,2022-10-02T07:21:24.155Z,2026-09-15T22:25:26.252Z
DEMO-DEV-0552,163,2022-10-06T08:00:47.252Z,2026-09-22T02:47:20.485Z
DEMO-DEV-0631,163,2022-10-20T04:02:15.655Z,2026-09-05T11:18:02.727Z
DEMO-DEV-0635,163,2022-10-03T11:28:36.524Z,2026-09-25T08:32:22.387Z
DEMO-DEV-0712,163,2022-10-02T10:42:37.040Z,2026-09-25T17:16:08.974Z
DEMO-DEV-0768,163,2022-10-01T17:06:21.298Z,2026-09-13T07:50:40.655Z
DEMO-DEV-0792,163,2022-10-06T01:10:07.472Z,2026-09-09T11:02:13.390Z
DEMO-DEV-0839,163,2022-10-08T22:11:36.545Z,2026-09-12T13:16:12.765Z
DEMO-DEV-0941,163,2022-10-19T08:16:43.004Z,2026-09-26T01:39:52.892Z
DEMO-DEV-0974,163,2022-10-01T20:08:37.319Z,2026-09-27T09:33:27.190Z
DEMO-DEV-0997,163,2022-10-03T05:17:29.300Z,2026-09-27T03:55:39.666Z
DEMO-DEV-1041,163,2022-10-12T03:46:17.160Z,2026-09-21T09:38:04.319Z
DEMO-DEV-1074,163,2022-10-10T03:28:13.508Z,2026-09-21T12:46:01.289Z
DEMO-DEV-1080,163,2022-10-19T14:10:01.189Z,2026-09-27T02:03:52.985Z
DEMO-DEV-1097,163,2022-10-12T13:52:39.307Z,2026-09-23T10:25:48.337Z
DEMO-DEV-1121,163,2022-10-01T08:40:33.612Z,2026-09-26T19:22:28.993Z
DEMO-DEV-1147,163,2022-10-08T05:29:08.786Z,2026-09-28T02:07:26.460Z
DEMO-DEV-1152,163,2022-10-08T13:34:05.298Z,2026-09-30T04:28:51.252Z
DEMO-DEV-1168,163,2022-10-04T06:45:04.537Z,2026-09-27T00:43:36.087Z
DEMO-DEV-1200,163,2022-10-11T10:18:29.817Z,2026-09-19T16:21:05.387Z
DEMO-DEV-1210,163,2022-10-09T17:19:21.155Z,2026-09-03T00:09:29.391Z
DEMO-DEV-1251,163,2022-10-06T09:32:54.500Z,2026-09-28T03:10:09.357Z
DEMO-DEV-1287,163,2022-10-19T23:19:48.975Z,2026-09-24T00:40:46.754Z
DEMO-DEV-1307,163,2022-10-02T06:11:02.315Z,2026-09-24T11:55:49.752Z
DEMO-DEV-1421,163,2022-10-20T01:47:59.655Z,2026-09-22T17:41:08.272Z
DEMO-DEV-1455,163,2022-10-08T00:08:21.817Z,2026-09-14T00:05:28.120Z
DEMO-DEV-1517,163,2022-10-09T23:27:36.976Z,2026-09-30T04:40:49.658Z
DEMO-DEV-1544,163,2022-10-05T22:10:29.891Z,2026-09-30T05:17:16.993Z
DEMO-DEV-1571,163,2022-10-09T18:17:26.966Z,2026-09-25T19:28:15.183Z
DEMO-DEV-1576,163,2022-10-02T19:32:05.203Z,2026-09-27T06:56:16.527Z
DEMO-DEV-1594,163,2022-10-17T01:45:13.974Z,2026-09-23T04:29:45.792Z
DEMO-DEV-1616,163,2022-10-01T15:08:09.366Z,2026-09-25T03:55:05.754Z
DEMO-DEV-1699,163,2022-10-09T10:31:53.688Z,2026-09-01T20:17:21.246Z
DEMO-DEV-1715,163,2022-10-21T16:51:55.676Z,2026-09-02T20:40:46.183Z
DEMO-DEV-1778,163,2022-10-14T20:09:22.075Z,2026-09-18T22:18:45.024Z
DEMO-DEV-1782,163,2022-10-23T01:14:30.123Z,2026-09-20T14:50:42.785Z
DEMO-DEV-1819,163,2022-10-15T14:55:35.183Z,2026-09-30T03:54:01.914Z
DEMO-DEV-1821,163,2022-10-07T23:20:48.225Z,2026-09-21T22:16:22.870Z
DEMO-DEV-1848,163,2022-10-12T04:31:51.252Z,2026-09-27T02:10:31.139Z
DEMO-DEV-1891,163,2022-10-10T07:36:38.308Z,2026-09-16T19:52:53.738Z
DEMO-DEV-1902,163,2022-10-07T11:55:23.226Z,2026-09-24T16:49:10.824Z
DEMO-DEV-1918,163,2022-10-08T10:50:19.799Z,2026-09-16T22:34:02.863Z
DEMO-DEV-1930,163,2022-10-08T16:41:39.524Z,2026-09-22T21:06:19.203Z
DEMO-DEV-1938,163,2022-10-02T13:35:59.308Z,2026-09-28T00:15:20.975Z
DEMO-DEV-2070,163,2022-10-12T13:38:51.307Z,2026-09-11T03:51:55.949Z
DEMO-DEV-2089,163,2022-10-02T03:43:00.950Z,2026-09-28T09:27:57.778Z
DEMO-DEV-2101,163,2022-10-11T10:33:55.879Z,2026-09-20T00:53:06.160Z
DEMO-DEV-2136,163,2022-10-04T10:15:03.239Z,2026-09-09T02:01:44.738Z
DEMO-DEV-2223,163,2022-10-08T09:30:40.307Z,2026-09-29T10:01:54.173Z
DEMO-DEV-2236,163,2022-10-14T01:59:03.239Z,2026-09-22T16:47:57.754Z
DEMO-DEV-2305,163,2022-10-08T23:19:53.968Z,2026-09-28T07:24:21.192Z
DEMO-DEV-2339,163,2022-10-04T01:22:15.846Z,2026-09-28T07:17:48.974Z
DEMO-DEV-2344,163,2022-10-07T15:18:38.793Z,2026-09-18T05:54:23.319Z
DEMO-DEV-2346,163,2022-10-08T00:42:07.366Z,2026-09-25T14:08:58.765Z
DEMO-DEV-2369,163,2022-10-07T13:34:51.211Z,2026-09-26T15:12:19.817Z
DEMO-DEV-2408,163,2022-10-13T21:32:21.345Z,2026-09-29T17:27:25.014Z
DEMO-DEV-2420,163,2022-10-02T15:46:43.646Z,2026-09-30T04:05:47.786Z
DEMO-DEV-2466,163,2022-10-04T01:30:05.325Z,2026-09-28T21:03:13.778Z
DEMO-DEV-2521,163,2022-10-03T20:21:01.692Z,2026-09-14T03:47:47.950Z
DEMO-DEV-2547,163,2022-10-07T16:44:59.591Z,2026-09-06T05:15:48.493Z
DEMO-DEV-2559,163,2022-10-12T21:00:52.738Z,2026-09-26T04:15:30.460Z
DEMO-DEV-2689,163,2022-10-03T11:30:41.319Z,2026-09-17T10:26:36.500Z
DEMO-DEV-2699,163,2022-10-05T22:50:46.535Z,2026-09-30T01:23:16.824Z
DEMO-DEV-2706,163,2022-10-11T17:07:02.811Z,2026-09-13T14:28:12.839Z
DEMO-DEV-2724,163,2022-10-03T18:53:24.462Z,2026-09-26T13:04:08.319Z
DEMO-DEV-2750,163,2022-10-07T12:47:24.068Z,2026-09-25T06:04:13.090Z
DEMO-DEV-2819,163,2022-10-05T15:58:18.230Z,2026-09-15T23:39:24.839Z
DEMO-DEV-2838,163,2022-10-02T02:11:16.816Z,2026-09-24T16:41:12.291Z
DEMO-DEV-2939,163,2022-10-06T11:06:48.325Z,2026-09-21T09:48:31.646Z
DEMO-DEV-2972,163,2022-10-12T04:58:43.366Z,2026-09-20T02:49:34.966Z
DEMO-DEV-2973,163,2022-10-06T18:47:32.929Z,2026-09-12T06:44:57.568Z
DEMO-DEV-3012,163,2022-10-03T14:45:45.352Z,2026-09-25T23:31:19.974Z
DEMO-DEV-3020,163,2022-10-26T02:59:27.319Z,2026-09-27T15:08:46.161Z
DEMO-DEV-3068,163,2022-10-08T09:12:49.307Z,2026-09-14T08:23:45.205Z
DEMO-DEV-3086,163,2022-10-13T22:24:37.950Z,2026-09-12T19:32:54.505Z
DEMO-DEV-3120,163,2022-10-20T21:47:20.302Z,2026-09-19T14:41:24.403Z
DEMO-DEV-3164,163,2022-10-02T02:35:28.735Z,2026-09-06T23:33:16.470Z
DEMO-DEV-3226,163,2022-10-14T09:08:35.682Z,2026-09-03T23:57:44.879Z
DEMO-DEV-3249,163,2022-10-02T10:07:59.545Z,2026-09-28T13:52:37.460Z
DEMO-DEV-3253,163,2022-10-03T16:50:51.992Z,2026-09-30T07:12:12.646Z
DEMO-DEV-3275,163,2022-10-08T03:25:02.804Z,2026-09-27T14:30:14.785Z
DEMO-DEV-3278,163,2022-10-15T01:03:16.211Z,2026-09-22T19:42:06.026Z
DEMO-DEV-3302,163,2022-11-25T00:33:32.239Z,2026-09-20T01:07:17.239Z
DEMO-DEV-3320,163,2022-10-02T16:05:01.578Z,2026-09-08T21:45:55.513Z
DEMO-DEV-3333,163,2022-10-03T05:19:07.387Z,2026-09-29T05:26:22.976Z
DEMO-DEV-3390,163,2022-10-02T14:30:08.165Z,2026-09-29T09:38:21.993Z
DEMO-DEV-3396,163,2022-10-12T19:38:16.063Z,2026-09-23T05:35:43.868Z
DEMO-DEV-3421,163,2022-10-04T21:22:42.929Z,2026-09-14T10:24:42.785Z
DEMO-DEV-3497,163,2022-10-08T13:53:18.183Z,2026-09-12T12:40:03.038Z
DEMO-DEV-3503,163,2022-10-04T18:30:14.394Z,2026-09-10T10:02:54.123Z
DEMO-DEV-3509,163,2022-10-19T19:27:00.929Z,2026-09-07T09:43:44.204Z
DEMO-DEV-3534,163,2022-10-05T20:39:40.221Z,2026-09-29T20:54:08.993Z
DEMO-DEV-3681,163,2022-10-03T08:57:01.319Z,2026-09-03T11:39:32.500Z
DEMO-DEV-3700,163,2022-10-03T19:20:31.287Z,2026-09-22T01:28:35.778Z
DEMO-DEV-3756,163,2022-10-14T07:02:29.710Z,2026-09-27T05:25:13.015Z
DEMO-DEV-3834,163,2022-10-07T08:50:53.965Z,2026-09-22T00:25:01.877Z
DEMO-DEV-3844,163,2022-10-04T18:22:55.462Z,2026-09-11T03:47:18.913Z
DEMO-DEV-3866,163,2022-10-05T05:03:54.497Z,2026-09-06T04:38:34.354Z
DEMO-DEV-3867,163,2022-10-03T07:16:02.524Z,2026-09-11T05:09:23.975Z
DEMO-DEV-3868,163,2022-10-01T14:26:32.442Z,2026-09-16T13:36:01.138Z
DEMO-DEV-3871,163,2022-10-03T18:49:42.816Z,2026-09-19T11:40:30.843Z
DEMO-DEV-3982,163,2022-10-14T05:08:29.394Z,2026-09-26T11:04:35.727Z
DEMO-DEV-4007,163,2022-10-02T13:32:11.842Z,2026-09-14T18:56:13.138Z
DEMO-DEV-4030,163,2022-10-03T16:19:51.298Z,2026-09-23T05:34:58.192Z
DEMO-DEV-4074,163,2022-10-04T03:06:48.817Z,2026-09-29T08:26:21.555Z
DEMO-DEV-4082,163,2022-10-02T19:04:17.222Z,2026-09-28T05:14:18.505Z
DEMO-DEV-4123,163,2022-10-05T21:05:39.841Z,2026-09-23T23:49:45.668Z
DEMO-DEV-4168,163,2022-10-05T20:16:58.646Z,2026-09-24T13:50:53.786Z
DEMO-DEV-4180,163,2022-10-19T04:52:24.702Z,2026-09-24T17:11:18.172Z
DEMO-DEV-4196,163,2022-10-01T23:50:38.676Z,2026-09-21T15:50:26.702Z
DEMO-DEV-4199,163,2022-10-08T09:05:24.785Z,2026-09-25T15:00:55.646Z
DEMO-DEV-4223,163,2022-10-10T08:38:35.879Z,2026-09-17T18:50:31.403Z
DEMO-DEV-4274,163,2022-10-25T00:52:23.605Z,2026-09-18T23:41:46.319Z
DEMO-DEV-4287,163,2022-10-20T18:51:12.402Z,2026-09-19T16:20:22.867Z
DEMO-DEV-4303,163,2022-10-07T02:02:10.037Z,2026-09-29T18:11:35.219Z
DEMO-DEV-4327,163,2022-11-05T10:35:40.087Z,2026-09-22T13:01:46.225Z
DEMO-DEV-4347,163,2022-10-01T21:01:25.555Z,2026-09-25T08:53:53.926Z
DEMO-DEV-4392,163,2022-10-01T19:06:01.702Z,2026-09-15T16:45:55.442Z
DEMO-DEV-4410,163,2022-10-02T02:01:02.799Z,2026-09-14T08:20:08.865Z
DEMO-DEV-4449,163,2022-10-03T21:40:22.080Z,2026-09-27T04:14:48.226Z
DEMO-DEV-4450,163,2022-11-14T13:46:04.692Z,2026-09-22T15:05:48.863Z
DEMO-DEV-4502,163,2022-10-25T16:09:17.523Z,2026-09-18T01:44:05.841Z
DEMO-DEV-4531,163,2022-10-05T22:12:22.859Z,2026-09-27T15:23:53.402Z
DEMO-DEV-4541,163,2022-10-15T09:57:22.442Z,2026-09-25T18:44:27.368Z
DEMO-DEV-4544,163,2022-10-10T14:43:19.250Z,2026-09-28T23:16:33.368Z
DEMO-DEV-4579,163,2022-10-13T01:28:41.885Z,2026-09-07T12:49:11.370Z
DEMO-DEV-4589,163,2022-10-08T19:33:03.239Z,2026-09-21T18:11:10.442Z
DEMO-DEV-4595,163,2022-10-03T17:36:50.524Z,2026-09-10T10:45:32.470Z
DEMO-DEV-4611,163,2022-10-06T17:06:33.915Z,2026-09-19T02:32:27.003Z
DEMO-DEV-4646,163,2022-10-02T23:23:25.929Z,2026-09-20T19:58:35.806Z
DEMO-DEV-4649,163,2022-10-05T14:35:50.784Z,2026-09-19T07:56:59.337Z
DEMO-DEV-4690,163,2022-10-04T06:52:58.811Z,2026-09-11T01:56:36.236Z
DEMO-DEV-4749,163,2022-10-11T16:41:38.795Z,2026-09-26T13:04:21.063Z
DEMO-DEV-4829,163,2022-10-09T12:41:15.455Z,2026-09-30T08:21:33.160Z
DEMO-DEV-4860,163,2022-10-05T23:32:05.792Z,2026-09-18T14:06:01.063Z
DEMO-DEV-4872,163,2022-10-06T02:45:10.511Z,2026-09-18T14:21:30.045Z
DEMO-DEV-4960,163,2022-10-04T07:04:45.859Z,2026-09-07T01:12:22.308Z
DEMO-DEV-4979,163,2022-10-01T22:21:58.646Z,2026-09-28T11:25:31.738Z
DEMO-DEV-4983,163,2022-10-10T10:50:17.965Z,2026-09-21T01:07:45.403Z
DEMO-DEV-5003,163,2022-10-01T15:11:41.817Z,2026-09-29T16:28:03.782Z
DEMO-DEV-5007,163,2022-10-27T05:58:54.391Z,2026-09-29T02:48:42.038Z
DEMO-DEV-5013,163,2022-10-18T16:17:26.914Z,2026-09-29T09:55:39.497Z
DEMO-DEV-5058,163,2022-10-02T15:18:47.804Z,2026-09-23T07:50:43.307Z
DEMO-DEV-5076,163,2022-10-03T02:46:16.523Z,2026-09-23T03:56:12.646Z
DEMO-DEV-5087,163,2022-10-11T23:28:42.057Z,2026-09-29T02:29:21.165Z
DEMO-DEV-5125,163,2022-10-01T19:39:19.851Z,2026-08-17T04:21:09.298Z
DEMO-DEV-5197,163,2022-10-04T02:31:31.785Z,2026-09-28T07:30:11.264Z
DEMO-DEV-5227,163,2022-10-06T11:24:45.519Z,2026-09-09T11:07:58.090Z
DEMO-DEV-5259,163,2022-10-13T04:53:02.511Z,2026-09-30T06:00:15.415Z
DEMO-DEV-5289,163,2022-10-17T08:19:00.804Z,2026-09-25T20:39:40.968Z
DEMO-DEV-5332,163,2022-10-02T03:50:51.816Z,2026-09-22T23:20:09.949Z
DEMO-DEV-5335,163,2022-10-11T21:23:59.795Z,2026-09-28T17:31:22.914Z
DEMO-DEV-5341,163,2022-10-05T13:50:57.021Z,2026-09-21T06:59:31.221Z
DEMO-DEV-5368,163,2022-10-10T09:41:49.167Z,2026-09-19T10:46:01.926Z
DEMO-DEV-5439,163,2022-10-03T11:09:03.337Z,2026-09-22T15:40:42.778Z
DEMO-DEV-5441,163,2022-10-08T22:09:22.370Z,2026-09-25T22:57:50.666Z
DEMO-DEV-5447,163,2022-10-27T17:08:32.370Z,2026-09-22T03:07:07.851Z
DEMO-DEV-5481,163,2022-10-05T04:06:31.015Z,2026-09-27T01:37:08.218Z
DEMO-DEV-5501,163,2022-10-14T00:26:00.668Z,2026-09-19T14:30:40.817Z
DEMO-DEV-5545,163,2022-10-03T05:18:10.139Z,2026-09-28T13:24:38.288Z
DEMO-DEV-5553,163,2022-10-16T22:36:01.661Z,2026-09-29T20:53:48.168Z
DEMO-DEV-5610,163,2022-10-06T22:42:48.298Z,2026-09-19T19:35:28.357Z
DEMO-DEV-5617,163,2022-10-12T12:31:42.545Z,2026-09-29T02:08:16.204Z
DEMO-DEV-5648,163,2022-10-02T12:24:26.867Z,2026-09-26T12:28:53.646Z
DEMO-DEV-5776,163,2022-10-17T00:19:03.975Z,2026-09-08T15:05:30.614Z
DEMO-DEV-5813,163,2022-10-03T15:48:49.612Z,2026-09-28T11:38:46.232Z
DEMO-DEV-5838,163,2022-10-11T15:05:11.929Z,2026-09-26T17:07:18.873Z
DEMO-DEV-5860,163,2022-10-08T00:46:36.026Z,2026-09-26T21:20:28.639Z
DEMO-DEV-5864,163,2022-10-05T10:41:48.391Z,2026-09-25T16:07:01.929Z
DEMO-DEV-5900,163,2022-10-04T09:01:08.503Z,2026-09-24T11:46:11.352Z
DEMO-DEV-5907,163,2022-10-16T08:36:31.150Z,2026-09-26T18:56:40.038Z
DEMO-DEV-5908,163,2022-10-03T15:02:58.300Z,2026-09-26T12:06:25.391Z
DEMO-DEV-5929,163,2022-10-20T09:09:06.523Z,2026-09-11T08:10:48.752Z
DEMO-DEV-5950,163,2022-10-13T00:12:41.027Z,2026-09-24T17:10:12.913Z
DEMO-DEV-5966,163,2022-10-05T21:02:46.120Z,2026-08-08T08:46:20.037Z
DEMO-DEV-6044,163,2022-10-27T13:24:21.038Z,2026-09-22T07:04:08.319Z
DEMO-DEV-6095,163,2022-10-17T10:28:57.950Z,2026-09-29T19:19:40.402Z
DEMO-DEV-6117,163,2022-10-02T09:09:48.204Z,2026-09-21T05:31:45.557Z
DEMO-DEV-6206,163,2022-10-09T03:14:58.298Z,2026-09-22T11:14:55.183Z
DEMO-DEV-6207,163,2022-10-02T22:08:46.646Z,2026-09-23T04:55:45.500Z
DEMO-DEV-6224,163,2022-10-03T04:02:06.027Z,2026-09-20T05:45:00.537Z
DEMO-DEV-6237,163,2022-10-14T07:48:54.782Z,2026-09-27T10:30:08.485Z
DEMO-DEV-6278,163,2022-10-17T11:09:14.816Z,2026-09-18T06:22:48.950Z
DEMO-DEV-6311,163,2022-10-05T05:07:22.015Z,2026-09-28T06:12:49.442Z
DEMO-DEV-6326,163,2022-10-01T23:26:55.252Z,2026-09-28T05:32:21.555Z
DEMO-DEV-6367,163,2022-10-13T13:28:10.839Z,2026-09-15T01:16:15.472Z
DEMO-DEV-6385,163,2022-10-13T20:51:32.666Z,2026-09-27T06:28:19.892Z
DEMO-DEV-6436,163,2022-10-06T03:16:12.752Z,2026-09-26T17:38:33.727Z
DEMO-DEV-6438,163,2022-11-14T23:00:23.714Z,2026-09-24T11:53:15.870Z
DEMO-DEV-6450,163,2022-10-01T14:24:46.073Z,2026-09-20T23:19:30.929Z
DEMO-DEV-6482,163,2022-10-09T19:27:30.057Z,2026-09-27T22:19:02.252Z
DEMO-DEV-6490,163,2022-10-02T16:37:11.817Z,2026-09-27T05:47:52.253Z
DEMO-DEV-6511,163,2022-10-05T10:28:11.234Z,2026-09-28T19:29:13.003Z
DEMO-DEV-6531,163,2022-10-02T01:16:07.950Z,2026-09-21T08:06:07.513Z
DEMO-DEV-6546,163,2022-10-21T01:05:41.394Z,2026-09-18T18:13:39.080Z
DEMO-DEV-6616,163,2022-10-18T06:56:14.300Z,2026-09-14T09:38:02.799Z
DEMO-DEV-6672,163,2022-10-09T08:34:20.225Z,2026-09-19T01:55:53.646Z
DEMO-DEV-6688,163,2022-10-10T10:41:05.578Z,2026-09-22T12:50:44.003Z
DEMO-DEV-6690,163,2022-10-01T18:23:46.702Z,2026-09-27T04:50:53.205Z
DEMO-DEV-6694,163,2022-10-11T02:00:45.352Z,2026-09-10T01:37:54.409Z
DEMO-DEV-6773,163,2022-10-17T02:34:26.272Z,2026-09-24T21:40:56.879Z
DEMO-DEV-6785,163,2022-10-10T18:01:10.929Z,2026-09-26T05:02:43.253Z
DEMO-DEV-6786,163,2022-10-14T22:59:55.873Z,2026-09-24T11:41:21.403Z
DEMO-DEV-6792,163,2022-10-06T04:46:51.503Z,2026-08-29T06:04:41.873Z
DEMO-DEV-6880,163,2022-10-15T23:35:13.415Z,2026-09-26T05:30:12.315Z
DEMO-DEV-6931,163,2022-10-20T05:57:04.365Z,2026-09-03T11:12:39.605Z
DEMO-DEV-7002,163,2022-10-21T10:03:14.004Z,2026-09-03T14:23:14.892Z
DEMO-DEV-7012,163,2022-10-02T03:17:42.172Z,2026-09-19T15:52:36.692Z
DEMO-DEV-7021,163,2022-10-23T19:44:25.557Z,2026-09-26T02:26:57.612Z
DEMO-DEV-7034,163,2022-10-01T22:49:03.442Z,2026-09-29T23:52:59.319Z
DEMO-DEV-7058,163,2022-10-01T18:36:53.167Z,2026-09-19T06:49:53.863Z
DEMO-DEV-7067,163,2022-10-08T03:17:27.397Z,2026-09-24T19:46:01.004Z
DEMO-DEV-7074,163,2022-10-15T14:45:36.236Z,2026-09-13T19:12:09.203Z
DEMO-DEV-7090,163,2022-10-13T10:30:24.460Z,2026-09-25T08:57:26.493Z
DEMO-DEV-7094,163,2022-10-14T02:32:54.578Z,2026-09-26T08:31:01.668Z
DEMO-DEV-7125,163,2022-10-02T03:34:30.023Z,2026-09-29T02:41:31.298Z
DEMO-DEV-7212,163,2022-10-09T19:28:34.676Z,2026-09-23T17:02:49.319Z
DEMO-DEV-7255,163,2022-10-19T19:27:48.354Z,2026-09-29T08:24:28.816Z
DEMO-DEV-7355,163,2022-10-26T09:36:05.291Z,2026-09-15T02:45:56.183Z
DEMO-DEV-7506,163,2022-10-06T01:03:22.914Z,2026-09-24T18:51:08.505Z
DEMO-DEV-7525,163,2022-10-21T07:23:16.692Z,2026-09-28T21:33:15.929Z
DEMO-DEV-7551,163,2022-10-07T03:53:03.508Z,2026-09-11T15:57:44.040Z
DEMO-DEV-7562,163,2022-10-04T04:28:27.867Z,2026-08-30T16:44:12.948Z
DEMO-DEV-7621,163,2022-10-29T22:13:13.254Z,2026-09-16T13:53:58.948Z
DEMO-DEV-7624,163,2022-10-01T13:26:13.230Z,2026-09-26T21:01:17.636Z
DEMO-DEV-7628,163,2022-10-05T22:37:33.612Z,2026-09-26T19:23:14.073Z
DEMO-DEV-7650,163,2022-10-06T08:11:33.804Z,2026-09-20T13:53:05.754Z
DEMO-DEV-7667,163,2022-10-08T10:19:21.929Z,2026-09-16T20:01:26.485Z
DEMO-DEV-7745,163,2022-10-04T01:07:22.168Z,2026-09-23T01:32:53.252Z
DEMO-DEV-7815,163,2022-10-10T09:22:48.836Z,2026-09-28T02:12:36.524Z
DEMO-DEV-7831,163,2022-10-01T19:40:29.535Z,2026-09-27T08:37:01.014Z
DEMO-DEV-7873,163,2022-10-04T17:08:35.597Z,2026-09-29T20:59:46.752Z
DEMO-DEV-7883,163,2022-11-04T09:27:18.087Z,2026-09-23T17:40:09.160Z
DEMO-DEV-7908,163,2022-10-28T22:56:42.239Z,2026-09-23T17:15:52.226Z
DEMO-DEV-7913,163,2022-10-06T03:45:25.470Z,2026-09-23T20:59:49.315Z
DEMO-DEV-8046,163,2022-10-04T08:55:05.397Z,2026-09-26T00:24:10.246Z
DEMO-DEV-8060,163,2022-10-01T14:24:14.965Z,2026-09-24T21:20:19.394Z
DEMO-DEV-8085,163,2022-10-19T20:56:45.391Z,2026-09-29T13:06:08.863Z
DEMO-DEV-8100,163,2022-10-25T10:16:22.993Z,2026-09-24T09:12:09.527Z
DEMO-DEV-8167,163,2022-10-13T21:57:21.863Z,2026-09-24T18:06:30.352Z
DEMO-DEV-8194,163,2022-11-14T17:28:43.524Z,2026-09-11T01:50:59.446Z
DEMO-DEV-8240,163,2022-10-04T23:05:43.397Z,2026-09-28T15:07:27.165Z
DEMO-DEV-8248,163,2022-10-13T08:46:13.646Z,2026-09-18T11:17:01.913Z
DEMO-DEV-8271,163,2022-10-09T19:22:49.974Z,2026-09-29T05:49:06.307Z
DEMO-DEV-8277,163,2022-10-06T12:43:02.993Z,2026-09-21T03:56:28.842Z
DEMO-DEV-8316,163,2022-10-07T18:30:53.319Z,2026-09-12T01:15:15.584Z
DEMO-DEV-8356,163,2022-10-05T05:04:07.950Z,2026-09-19T17:57:53.917Z
DEMO-DEV-8377,163,2022-10-02T00:13:33.236Z,2026-09-21T23:20:46.027Z
DEMO-DEV-8416,163,2022-10-05T06:53:44.535Z,2026-09-30T07:23:02.568Z
DEMO-DEV-8455,163,2022-10-12T23:11:14.503Z,2026-09-26T16:45:21.913Z
DEMO-DEV-8473,163,2022-10-08T05:04:36.023Z,2026-09-25T15:52:53.842Z
DEMO-DEV-8498,163,2022-10-18T05:25:10.203Z,2026-09-28T01:36:41.409Z
DEMO-DEV-8504,163,2022-10-05T08:12:25.120Z,2026-09-28T06:20:10.075Z
DEMO-DEV-8552,163,2022-10-10T14:40:20.524Z,2026-09-22T01:47:57.222Z
DEMO-DEV-8587,163,2022-10-19T02:58:05.319Z,2026-09-08T10:55:45.470Z
DEMO-DEV-8601,163,2022-10-02T22:21:44.205Z,2026-09-28T07:32:04.090Z
DEMO-DEV-8608,163,2022-10-06T03:18:02.948Z,2026-09-18T12:47:12.221Z
DEMO-DEV-8611,163,2022-10-13T21:45:07.841Z,2026-09-27T01:46:10.040Z
DEMO-DEV-8663,163,2022-10-06T00:50:12.578Z,2026-09-29T00:55:15.578Z
DEMO-DEV-8721,163,2022-10-18T03:04:42.976Z,2026-08-21T06:39:11.891Z
DEMO-DEV-8824,163,2022-10-14T02:14:05.221Z,2026-08-30T18:10:55.319Z
DEMO-DEV-8873,163,2022-10-06T23:20:59.004Z,2026-09-09T06:59:47.057Z
DEMO-DEV-8883,163,2022-10-05T23:28:01.727Z,2026-09-19T23:00:30.985Z
DEMO-DEV-8935,163,2022-10-18T22:28:55.969Z,2026-09-29T18:01:55.786Z
DEMO-DEV-8988,163,2022-10-02T06:17:24.965Z,2026-09-26T13:41:11.555Z
DEMO-DEV-9013,163,2022-10-01T14:22:06.045Z,2026-09-26T14:54:46.537Z
DEMO-DEV-9022,163,2022-10-02T21:05:19.646Z,2026-09-20T19:27:10.470Z
DEMO-DEV-9033,163,2022-10-14T08:24:35.014Z,2026-09-14T07:41:24.168Z
DEMO-DEV-9071,163,2022-10-01T19:14:07.288Z,2026-09-29T16:27:48.298Z
DEMO-DEV-9079,163,2022-11-01T13:27:55.948Z,2026-09-27T03:51:51.784Z
DEMO-DEV-9084,163,2022-10-02T06:08:31.230Z,2026-09-20T02:54:49.843Z
DEMO-DEV-9161,163,2022-10-03T07:15:09.913Z,2026-09-23T06:06:05.891Z
DEMO-DEV-9292,163,2022-10-18T10:22:34.325Z,2026-09-26T20:54:52.021Z
DEMO-DEV-9303,163,2022-10-07T08:15:38.134Z,2026-09-26T03:08:12.868Z
DEMO-DEV-9372,163,2022-10-01T10:55:40.037Z,2026-09-29T02:41:49.612Z
DEMO-DEV-9507,163,2022-10-10T08:43:43.218Z,2026-09-19T12:34:27.183Z
DEMO-DEV-9538,163,2022-11-09T06:07:23.352Z,2026-09-13T03:45:48.204Z
DEMO-DEV-9540,163,2022-10-05T00:17:29.402Z,2026-09-13T17:00:49.969Z
DEMO-DEV-9609,163,2022-10-24T04:58:06.087Z,2026-09-24T17:28:50.308Z
DEMO-DEV-9615,163,2022-10-24T01:16:20.368Z,2026-09-03T06:48:03.370Z
DEMO-DEV-9661,163,2022-10-13T10:11:10.205Z,2026-09-27T04:33:45.466Z
DEMO-DEV-9705,163,2022-10-03T22:32:19.966Z,2026-09-15T19:11:04.929Z
DEMO-DEV-9743,163,2022-10-24T12:09:49.865Z,2026-09-10T23:04:26.523Z
DEMO-DEV-9751,163,2022-10-02T09:55:43.863Z,2026-09-25T04:23:11.873Z
DEMO-DEV-9835,163,2022-10-15T00:20:57.661Z,2026-09-21T02:10:00.666Z
DEMO-DEV-9862,163,2022-10-06T14:55:18.976Z,2026-09-30T07:53:44.236Z
DEMO-DEV-9874,163,2022-10-05T23:55:58.839Z,2026-09-14T09:16:21.892Z
DEMO-DEV-9886,163,2022-10-01T19:03:31.976Z,2026-09-29T16:36:16.302Z
DEMO-DEV-9970,163,2022-10-06T09:31:49.038Z,2026-09-19T22:19:07.485Z
DEMO-DEV-0005,162,2022-10-08T13:08:13.508Z,2026-09-18T07:07:22.307Z
DEMO-DEV-0006,162,2022-10-08T10:11:44.160Z,2026-09-28T20:50:19.442Z
DEMO-DEV-0012,162,2022-10-07T11:32:06.302Z,2026-09-25T13:46:16.926Z
DEMO-DEV-0046,162,2022-10-02T06:03:52.460Z,2026-09-28T13:54:53.519Z
DEMO-DEV-0076,162,2022-10-03T18:35:19.252Z,2026-09-07T10:10:34.926Z
DEMO-DEV-0109,162,2022-10-10T10:03:15.289Z,2026-09-21T13:17:02.682Z
DEMO-DEV-0126,162,2022-10-08T15:37:30.879Z,2026-09-22T19:47:15.929Z
DEMO-DEV-0191,162,2022-10-14T08:07:17.806Z,2026-09-29T13:10:39.428Z
DEMO-DEV-0194,162,2022-10-10T11:18:39.612Z,2026-09-12T06:07:33.354Z
DEMO-DEV-0199,162,2022-10-03T08:00:58.913Z,2026-08-30T11:04:29.969Z
DEMO-DEV-0207,162,2022-10-08T20:09:24.993Z,2026-09-26T20:26:44.599Z
DEMO-DEV-0231,162,2022-10-13T12:46:22.555Z,2026-09-19T22:50:42.307Z
DEMO-DEV-0248,162,2022-10-20T01:24:10.865Z,2026-09-28T06:52:26.884Z
DEMO-DEV-0261,162,2022-10-01T11:12:06.026Z,2026-09-19T09:13:13.075Z
DEMO-DEV-0270,162,2022-10-17T08:41:35.785Z,2026-09-13T23:28:45.040Z
DEMO-DEV-0285,162,2022-10-08T17:34:57.682Z,2026-09-28T00:00:32.985Z
DEMO-DEV-0309,162,2022-10-15T14:24:43.792Z,2026-09-22T19:58:31.077Z
DEMO-DEV-0338,162,2022-10-11T18:15:06.785Z,2026-09-20T00:55:58.192Z
DEMO-DEV-0383,162,2022-10-01T15:28:44.738Z,2026-09-29T03:07:18.727Z
DEMO-DEV-0401,162,2022-10-02T21:37:10.325Z,2026-09-26T05:25:15.219Z
DEMO-DEV-0405,162,2022-10-05T00:50:47.646Z,2026-09-28T05:09:35.120Z
DEMO-DEV-0471,162,2022-10-10T05:55:56.230Z,2026-09-24T18:20:15.658Z
DEMO-DEV-0514,162,2022-10-07T04:13:49.023Z,2026-09-05T05:11:05.026Z
DEMO-DEV-0521,162,2022-10-07T22:31:09.068Z,2026-09-27T01:16:40.992Z
DEMO-DEV-0567,162,2022-10-11T12:58:23.735Z,2026-09-28T12:18:07.710Z
DEMO-DEV-0575,162,2022-10-06T19:19:36.236Z,2026-08-17T12:33:45.024Z
DEMO-DEV-0604,162,2022-10-10T10:02:50.272Z,2026-09-19T12:51:24.839Z
DEMO-DEV-0623,162,2022-10-12T02:20:29.252Z,2026-09-27T11:49:17.365Z
DEMO-DEV-0644,162,2022-10-12T20:13:46.075Z,2026-07-29T20:18:57.250Z
DEMO-DEV-0662,162,2022-10-12T19:53:04.239Z,2026-08-27T13:20:10.298Z
DEMO-DEV-0693,162,2022-10-03T22:26:27.222Z,2026-09-22T17:33:31.816Z
DEMO-DEV-0705,162,2022-10-04T18:02:19.792Z,2026-09-29T21:52:04.666Z
DEMO-DEV-0761,162,2022-10-18T17:23:06.239Z,2026-09-23T23:49:25.038Z
DEMO-DEV-0779,162,2022-10-14T21:52:31.230Z,2026-09-14T08:38:14.387Z
DEMO-DEV-0900,162,2022-10-06T13:04:55.917Z,2026-09-26T10:35:58.120Z
DEMO-DEV-0957,162,2022-10-03T13:42:17.658Z,2026-09-24T20:31:13.836Z
DEMO-DEV-0991,162,2022-10-13T17:17:28.839Z,2026-09-09T12:44:26.784Z
DEMO-DEV-1058,162,2022-10-03T02:34:33.799Z,2026-09-28T15:42:56.387Z
DEMO-DEV-1194,162,2022-10-13T11:06:12.655Z,2026-09-24T23:39:52.976Z
DEMO-DEV-1203,162,2022-10-23T15:48:31.289Z,2026-09-06T17:13:25.472Z
DEMO-DEV-1233,162,2022-10-12T17:27:34.842Z,2026-09-24T22:18:27.523Z
DEMO-DEV-1253,162,2022-10-04T23:06:35.139Z,2026-09-20T03:03:29.004Z
DEMO-DEV-1276,162,2022-10-10T19:16:25.402Z,2026-09-28T23:32:55.519Z
DEMO-DEV-1295,162,2022-10-14T20:08:51.497Z,2026-09-22T08:13:42.287Z
DEMO-DEV-1304,162,2022-10-10T03:39:48.428Z,2026-09-27T14:02:25.222Z
DEMO-DEV-1318,162,2022-10-12T17:09:10.993Z,2026-09-10T03:46:18.811Z
DEMO-DEV-1319,162,2022-10-09T06:37:28.523Z,2026-09-19T18:10:49.839Z
DEMO-DEV-1330,162,2022-10-01T12:35:39.460Z,2026-09-17T09:09:05.365Z
DEMO-DEV-1342,162,2022-10-24T23:47:55.591Z,2026-09-25T19:08:14.226Z
DEMO-DEV-1415,162,2022-10-07T23:20:52.337Z,2026-09-27T20:20:56.160Z
DEMO-DEV-1431,162,2022-10-05T11:46:48.692Z,2026-09-17T01:52:15.527Z
DEMO-DEV-1459,162,2022-10-05T12:26:17.816Z,2026-09-27T03:13:37.138Z
DEMO-DEV-1565,162,2022-10-10T03:07:25.402Z,2026-09-24T10:26:28.155Z
DEMO-DEV-1588,162,2022-10-08T02:41:02.460Z,2026-09-28T17:51:35.087Z
DEMO-DEV-1648,162,2022-10-05T02:04:44.357Z,2026-09-30T03:51:17.466Z
DEMO-DEV-1666,162,2022-10-06T07:44:22.155Z,2026-09-05T08:20:47.500Z
DEMO-DEV-1690,162,2022-10-28T12:57:02.618Z,2026-09-15T11:24:43.976Z
DEMO-DEV-1729,162,2022-10-03T03:51:15.370Z,2026-09-23T09:11:09.403Z
DEMO-DEV-1765,162,2022-10-11T00:14:58.846Z,2026-09-15T01:07:36.511Z
DEMO-DEV-1793,162,2022-10-03T21:08:10.817Z,2026-09-28T20:36:34.817Z
DEMO-DEV-1810,162,2022-10-07T10:52:46.239Z,2026-09-25T16:31:33.250Z
DEMO-DEV-1834,162,2022-10-05T06:32:06.068Z,2026-08-06T04:45:12.915Z
DEMO-DEV-1835,162,2022-10-17T10:10:54.246Z,2026-09-20T21:00:22.867Z
DEMO-DEV-1886,162,2022-10-05T03:47:04.120Z,2026-09-27T13:06:22.252Z
DEMO-DEV-1893,162,2022-10-03T13:24:50.038Z,2026-09-16T06:49:40.817Z
DEMO-DEV-1917,162,2022-10-03T03:25:08.870Z,2026-09-08T03:31:28.168Z
DEMO-DEV-1921,162,2022-10-05T06:26:35.203Z,2026-09-26T09:52:50.605Z
DEMO-DEV-1968,162,2022-10-04T02:15:33.612Z,2026-08-28T22:49:37.523Z
DEMO-DEV-1974,162,2022-10-21T06:09:15.226Z,2026-09-27T19:50:56.784Z
DEMO-DEV-2003,162,2022-10-07T16:54:08.612Z,2026-09-17T00:53:44.272Z
DEMO-DEV-2023,162,2022-10-08T20:36:21.308Z,2026-09-29T20:36:11.192Z
DEMO-DEV-2035,162,2022-10-07T23:54:43.877Z,2026-09-27T10:57:01.612Z
DEMO-DEV-2047,162,2022-11-01T06:24:09.291Z,2026-09-06T23:18:17.816Z
DEMO-DEV-2052,162,2022-10-01T09:33:05.863Z,2026-09-30T04:53:46.511Z
DEMO-DEV-2056,162,2022-10-02T04:05:52.591Z,2026-09-29T23:25:36.884Z
DEMO-DEV-2074,162,2022-10-08T01:14:02.605Z,2026-09-20T18:21:30.300Z
DEMO-DEV-2075,162,2022-10-24T06:34:28.851Z,2026-09-24T18:55:22.816Z
DEMO-DEV-2082,162,2022-10-09T04:56:04.851Z,2026-09-02T20:42:46.190Z
DEMO-DEV-2083,162,2022-10-15T09:29:01.397Z,2026-09-27T00:01:44.155Z
DEMO-DEV-2098,162,2022-10-17T02:03:07.974Z,2026-09-21T05:35:41.027Z
DEMO-DEV-2165,162,2022-10-01T16:28:38.792Z,2026-09-29T23:15:31.915Z
DEMO-DEV-2170,162,2022-10-16T04:15:56.513Z,2026-09-25T17:17:07.027Z
DEMO-DEV-2278,162,2022-10-03T19:30:00.843Z,2026-09-29T17:29:28.870Z
DEMO-DEV-2318,162,2022-10-14T04:31:31.345Z,2026-09-25T03:31:14.792Z
DEMO-DEV-2348,162,2022-11-06T10:36:59.846Z,2026-08-27T20:13:04.038Z
DEMO-DEV-2352,162,2022-10-05T19:39:17.470Z,2026-09-15T12:02:08.218Z
DEMO-DEV-2361,162,2022-11-05T12:47:45.591Z,2026-09-10T08:28:43.428Z
DEMO-DEV-2467,162,2022-10-06T23:44:15.867Z,2026-09-29T10:38:26.786Z
DEMO-DEV-2474,162,2022-10-15T08:51:54.851Z,2026-09-29T00:34:39.403Z
DEMO-DEV-2511,162,2022-10-12T15:38:20.913Z,2026-09-29T17:40:21.784Z
DEMO-DEV-2514,162,2022-10-08T04:31:31.253Z,2026-09-04T06:13:26.150Z
DEMO-DEV-2712,162,2022-10-09T07:16:11.584Z,2026-09-23T04:24:08.873Z
DEMO-DEV-2720,162,2022-10-13T13:25:32.208Z,2026-09-29T10:20:39.354Z
DEMO-DEV-2754,162,2022-10-08T07:02:05.535Z,2026-09-27T15:09:40.841Z
DEMO-DEV-2802,162,2022-10-03T16:24:47.485Z,2026-09-24T23:15:34.308Z
DEMO-DEV-2892,162,2022-10-23T19:14:45.799Z,2026-09-28T13:51:45.462Z
DEMO-DEV-2903,162,2022-10-03T12:45:42.929Z,2026-09-28T04:47:52.268Z
DEMO-DEV-2947,162,2022-10-09T18:19:34.692Z,2026-09-26T09:03:36.192Z
DEMO-DEV-2955,162,2022-10-19T13:37:14.752Z,2026-09-20T03:29:08.618Z
DEMO-DEV-3007,162,2022-10-09T21:02:49.173Z,2026-09-26T06:24:31.370Z
DEMO-DEV-3019,162,2022-10-09T08:06:00.073Z,2026-09-29T03:06:41.599Z
DEMO-DEV-3111,162,2022-10-04T00:13:53.505Z,2026-09-09T17:09:38.190Z
DEMO-DEV-3126,162,2022-10-06T09:23:38.535Z,2026-09-24T19:25:19.368Z
DEMO-DEV-3156,162,2022-10-03T13:13:33.636Z,2026-09-27T09:31:59.057Z
DEMO-DEV-3209,162,2022-10-04T03:46:35.682Z,2026-09-27T13:00:20.219Z
DEMO-DEV-3244,162,2022-10-01T16:03:44.926Z,2026-09-25T06:38:58.993Z
DEMO-DEV-3248,162,2022-10-20T09:16:00.300Z,2026-09-27T01:43:42.428Z
DEMO-DEV-3277,162,2022-10-03T10:36:44.752Z,2026-09-21T00:35:40.524Z
DEMO-DEV-3288,162,2022-10-21T21:17:48.555Z,2026-09-22T04:30:51.710Z
DEMO-DEV-3343,162,2022-10-04T04:20:03.298Z,2026-09-18T10:50:57.015Z
DEMO-DEV-3375,162,2022-10-06T18:15:38.027Z,2026-09-21T10:28:24.239Z
DEMO-DEV-3403,162,2022-10-04T12:13:53.752Z,2026-09-19T22:00:32.172Z
DEMO-DEV-3458,162,2022-10-07T07:04:31.976Z,2026-09-23T04:03:10.778Z
DEMO-DEV-3489,162,2022-10-13T17:04:18.063Z,2026-09-09T10:43:13.987Z
DEMO-DEV-3521,162,2022-10-04T05:49:21.160Z,2026-09-29T21:21:11.289Z
DEMO-DEV-3531,162,2022-10-01T13:32:04.226Z,2026-09-29T22:16:56.120Z
DEMO-DEV-3542,162,2022-10-13T14:43:26.666Z,2026-09-12T19:46:37.976Z
DEMO-DEV-3558,162,2022-10-04T15:43:21.014Z,2026-09-21T22:06:29.138Z
DEMO-DEV-3604,162,2022-10-09T17:03:20.470Z,2026-09-27T01:26:38.523Z
DEMO-DEV-3624,162,2022-10-10T21:03:49.503Z,2026-09-25T21:51:49.234Z
DEMO-DEV-3647,162,2022-10-02T18:46:10.782Z,2026-09-30T04:57:24.782Z
DEMO-DEV-3678,162,2022-10-05T04:57:34.846Z,2026-09-25T09:21:38.568Z
DEMO-DEV-3691,162,2022-10-24T19:26:05.646Z,2026-09-12T23:36:25.992Z
DEMO-DEV-3736,162,2022-10-01T11:26:16.027Z,2026-09-27T21:19:52.354Z
DEMO-DEV-3758,162,2022-10-03T11:12:05.811Z,2026-09-29T10:14:59.300Z
DEMO-DEV-3773,162,2022-10-04T15:54:35.914Z,2026-09-23T05:42:44.493Z
DEMO-DEV-3785,162,2022-10-02T04:26:29.268Z,2026-09-28T02:41:38.500Z
DEMO-DEV-3821,162,2022-10-14T17:24:55.302Z,2026-09-06T04:09:01.612Z
DEMO-DEV-3881,162,2022-10-03T09:06:56.914Z,2026-09-22T07:35:53.409Z
DEMO-DEV-3886,162,2022-10-02T03:29:29.221Z,2026-09-21T03:54:20.867Z
DEMO-DEV-3888,162,2022-10-04T07:22:40.877Z,2026-09-21T23:04:01.666Z
DEMO-DEV-3914,162,2022-10-06T01:49:25.735Z,2026-09-09T19:15:55.462Z
DEMO-DEV-3933,162,2022-10-02T18:59:40.415Z,2026-09-14T21:59:53.370Z
DEMO-DEV-3938,162,2022-10-03T18:47:56.811Z,2026-09-26T09:05:06.155Z
DEMO-DEV-3943,162,2022-10-03T17:47:34.014Z,2026-09-28T10:59:38.714Z
DEMO-DEV-3950,162,2022-10-14T03:23:13.302Z,2026-09-05T13:30:10.877Z
DEMO-DEV-3960,162,2022-10-07T20:02:12.527Z,2026-09-27T00:55:54.443Z
DEMO-DEV-3984,162,2022-10-05T17:22:00.841Z,2026-09-23T07:42:41.428Z
DEMO-DEV-4006,162,2022-10-08T02:36:13.234Z,2026-08-13T19:32:15.966Z
DEMO-DEV-4022,162,2022-10-04T11:31:43.795Z,2026-09-25T01:52:20.545Z
DEMO-DEV-4028,162,2022-10-09T20:04:29.795Z,2026-09-20T01:57:58.519Z
DEMO-DEV-4041,162,2022-10-19T13:10:50.792Z,2026-09-18T07:22:28.836Z
DEMO-DEV-4079,162,2022-10-11T12:54:33.230Z,2026-09-05T17:27:33.503Z
DEMO-DEV-4106,162,2022-10-26T22:40:21.218Z,2026-09-28T05:04:34.752Z
DEMO-DEV-4177,162,2022-10-17T15:40:04.090Z,2026-09-28T23:41:16.778Z
DEMO-DEV-4207,162,2022-10-05T19:12:37.868Z,2026-09-27T22:52:36.289Z
DEMO-DEV-4294,162,2022-10-16T12:44:53.289Z,2026-09-28T16:22:03.865Z
DEMO-DEV-4382,162,2022-10-12T06:16:35.877Z,2026-09-02T22:53:19.863Z
DEMO-DEV-4396,162,2022-10-09T08:53:54.246Z,2026-09-21T07:48:07.568Z
DEMO-DEV-4400,162,2022-10-03T00:12:03.221Z,2026-09-08T07:23:23.915Z
DEMO-DEV-4468,162,2022-10-07T10:08:15.710Z,2026-09-18T11:04:09.913Z
DEMO-DEV-4514,162,2022-11-01T15:16:05.024Z,2026-09-28T14:08:56.804Z
DEMO-DEV-4540,162,2022-10-16T15:00:21.735Z,2026-09-26T08:42:05.460Z
DEMO-DEV-4553,162,2022-10-09T09:05:53.727Z,2026-09-25T13:45:28.368Z
DEMO-DEV-4568,162,2022-10-24T23:10:55.232Z,2026-09-28T15:10:02.370Z
DEMO-DEV-4610,162,2022-10-15T00:10:17.597Z,2026-09-29T07:13:09.264Z
DEMO-DEV-4628,162,2022-10-12T08:39:34.493Z,2026-09-24T15:34:51.786Z
DEMO-DEV-4652,162,2022-10-08T12:34:01.795Z,2026-09-23T15:20:52.021Z
DEMO-DEV-4659,162,2022-10-08T10:07:58.843Z,2026-09-29T06:51:40.618Z
DEMO-DEV-4673,162,2022-10-03T01:45:10.584Z,2026-09-20T17:27:27.658Z
DEMO-DEV-4694,162,2022-10-02T17:32:17.523Z,2026-09-22T08:01:44.661Z
DEMO-DEV-4951,162,2022-10-01T23:32:36.225Z,2026-09-27T17:35:59.138Z
DEMO-DEV-4956,162,2022-10-25T11:04:37.472Z,2026-07-17T20:27:31.926Z
DEMO-DEV-4980,162,2022-10-03T09:00:54.868Z,2026-09-24T16:59:25.288Z
DEMO-DEV-4988,162,2022-10-08T21:42:46.455Z,2026-09-24T12:11:12.806Z
DEMO-DEV-4989,162,2022-10-02T19:44:45.710Z,2026-09-28T21:02:32.537Z
DEMO-DEV-5010,162,2022-10-24T00:43:42.792Z,2026-09-28T14:45:46.415Z
DEMO-DEV-5033,162,2022-10-06T16:01:14.676Z,2026-09-16T02:27:19.803Z
DEMO-DEV-5055,162,2022-10-07T01:45:42.307Z,2026-08-27T06:22:30.511Z
DEMO-DEV-5148,162,2022-10-04T07:52:30.485Z,2026-09-19T02:34:11.264Z
DEMO-DEV-5162,162,2022-10-01T17:23:08.368Z,2026-09-22T06:44:36.063Z
DEMO-DEV-5187,162,2022-10-24T05:38:54.500Z,2026-09-23T15:54:07.268Z
DEMO-DEV-5191,162,2022-10-02T22:21:03.254Z,2026-09-25T22:17:07.825Z
DEMO-DEV-5225,162,2022-10-03T19:40:27.505Z,2026-09-22T19:58:24.460Z
DEMO-DEV-5235,162,2022-10-29T23:15:27.307Z,2026-09-29T17:47:54.264Z
DEMO-DEV-5254,162,2022-10-02T03:01:20.648Z,2026-09-04T03:34:23.205Z
DEMO-DEV-5255,162,2022-10-14T01:37:56.370Z,2026-09-29T15:39:39.073Z
DEMO-DEV-5273,162,2022-10-02T10:01:45.077Z,2026-08-28T09:17:36.023Z
DEMO-DEV-5302,162,2022-11-07T14:46:29.246Z,2026-09-21T00:02:52.851Z
DEMO-DEV-5363,162,2022-10-18T00:13:13.846Z,2026-09-27T12:02:25.867Z
DEMO-DEV-5419,162,2022-10-04T04:00:16.682Z,2026-09-25T07:47:11.291Z
DEMO-DEV-5444,162,2022-10-09T02:28:52.073Z,2026-09-28T16:44:02.839Z
DEMO-DEV-5466,162,2022-10-17T20:13:23.287Z,2026-09-16T20:39:43.870Z
DEMO-DEV-5515,162,2022-10-22T22:40:40.508Z,2026-09-22T14:26:17.738Z
DEMO-DEV-5522,162,2022-10-02T13:01:41.168Z,2026-09-29T11:51:03.394Z
DEMO-DEV-5539,162,2022-10-08T12:36:15.584Z,2026-09-29T05:36:27.523Z
DEMO-DEV-5577,162,2022-10-15T09:50:57.300Z,2026-09-18T07:35:54.524Z
DEMO-DEV-5612,162,2022-10-04T15:02:31.752Z,2026-09-29T17:31:27.926Z
DEMO-DEV-5732,162,2022-10-10T04:02:14.949Z,2026-09-25T07:41:48.688Z
DEMO-DEV-5745,162,2022-10-12T13:03:40.535Z,2026-09-11T19:51:51.366Z
DEMO-DEV-5766,162,2022-10-14T01:35:29.239Z,2026-09-14T02:24:23.026Z
DEMO-DEV-5784,162,2022-10-07T19:34:33.428Z,2026-09-14T13:30:38.308Z
DEMO-DEV-5788,162,2022-10-15T17:46:10.914Z,2026-09-28T13:40:12.134Z
DEMO-DEV-5794,162,2022-10-02T14:39:02.221Z,2026-09-28T09:54:01.535Z
DEMO-DEV-5803,162,2022-10-16T17:04:22.727Z,2026-09-25T18:21:05.556Z
DEMO-DEV-5924,162,2022-10-08T01:37:52.352Z,2026-08-23T21:08:17.470Z
DEMO-DEV-5952,162,2022-10-30T03:01:00.859Z,2026-09-27T04:02:40.472Z
DEMO-DEV-5971,162,2022-10-01T13:07:45.817Z,2026-09-19T10:02:39.989Z
DEMO-DEV-6022,162,2022-10-03T20:41:49.989Z,2026-09-25T17:15:02.607Z
DEMO-DEV-6058,162,2022-10-01T13:49:16.556Z,2026-09-26T05:05:01.851Z
DEMO-DEV-6067,162,2022-10-07T03:53:37.836Z,2026-09-29T12:23:32.885Z
DEMO-DEV-6099,162,2022-10-20T22:00:32.612Z,2026-09-28T21:46:54.555Z
DEMO-DEV-6114,162,2022-10-10T01:41:43.183Z,2026-09-29T10:32:31.254Z
DEMO-DEV-6139,162,2022-11-03T00:26:25.989Z,2026-09-10T12:39:36.038Z
DEMO-DEV-6162,162,2022-10-08T07:53:55.865Z,2026-09-26T16:50:11.023Z
DEMO-DEV-6164,162,2022-10-17T06:39:46.357Z,2026-09-29T18:14:53.250Z
DEMO-DEV-6175,162,2022-10-09T05:05:09.038Z,2026-09-26T02:32:32.308Z
DEMO-DEV-6191,162,2022-10-05T07:12:32.190Z,2026-09-05T10:53:16.968Z
DEMO-DEV-6248,162,2022-10-06T02:04:16.968Z,2026-09-10T14:45:31.873Z
DEMO-DEV-6279,162,2022-10-08T08:05:06.877Z,2026-09-28T08:55:38.710Z
DEMO-DEV-6297,162,2022-10-04T23:03:32.462Z,2026-09-29T09:43:20.224Z
DEMO-DEV-6334,162,2022-10-11T03:46:34.073Z,2026-09-27T21:04:56.752Z
DEMO-DEV-6354,162,2022-10-03T03:25:47.352Z,2026-09-17T18:41:28.929Z
DEMO-DEV-6380,162,2022-10-19T23:13:03.015Z,2026-09-13T10:23:31.949Z
DEMO-DEV-6427,162,2022-10-14T18:23:41.218Z,2026-09-07T18:26:35.842Z
DEMO-DEV-6447,162,2022-10-12T18:11:01.208Z,2026-09-25T17:53:18.966Z
DEMO-DEV-6468,162,2022-10-07T04:26:23.470Z,2026-09-30T02:13:44.038Z
DEMO-DEV-6479,162,2022-10-05T21:40:03.319Z,2026-09-24T08:45:53.692Z
DEMO-DEV-6540,162,2022-10-04T11:30:54.618Z,2026-09-23T01:47:05.403Z
DEMO-DEV-6566,162,2022-10-03T16:02:25.584Z,2026-09-29T06:14:29.038Z
DEMO-DEV-6619,162,2022-10-14T08:54:41.204Z,2026-09-04T22:45:35.500Z
DEMO-DEV-6640,162,2022-10-03T03:41:15.442Z,2026-09-24T01:25:11.403Z
DEMO-DEV-6650,162,2022-10-06T14:58:20.537Z,2026-09-22T02:53:49.203Z
DEMO-DEV-6681,162,2022-10-10T05:48:00.063Z,2026-09-29T18:05:17.208Z
DEMO-DEV-6730,162,2022-10-07T22:56:39.203Z,2026-09-28T16:04:17.676Z
DEMO-DEV-6788,162,2022-11-08T14:54:44.792Z,2026-09-27T15:35:30.868Z
DEMO-DEV-6813,162,2022-10-06T22:06:59.357Z,2026-09-28T14:31:08.087Z
DEMO-DEV-6825,162,2022-10-03T07:41:09.519Z,2026-09-27T22:59:54.503Z
DEMO-DEV-6845,162,2022-10-01T09:25:08.155Z,2026-09-28T10:53:20.291Z
DEMO-DEV-6857,162,2022-10-08T09:11:53.949Z,2026-09-18T10:07:38.134Z
DEMO-DEV-6875,162,2022-10-03T23:28:02.915Z,2026-09-16T12:05:41.403Z
DEMO-DEV-6998,162,2022-10-14T12:13:38.752Z,2026-09-28T14:11:52.864Z
DEMO-DEV-7040,162,2022-10-13T19:38:17.183Z,2026-08-30T18:54:46.387Z
DEMO-DEV-7156,162,2022-10-09T06:20:54.892Z,2026-09-02T02:30:55.754Z
DEMO-DEV-7220,162,2022-10-20T16:12:33.913Z,2026-09-17T04:09:01.877Z
DEMO-DEV-7240,162,2022-10-03T07:13:09.508Z,2026-09-20T11:41:18.003Z
DEMO-DEV-7245,162,2022-10-09T03:00:54.232Z,2026-09-27T16:36:07.738Z
DEMO-DEV-7310,162,2022-10-12T20:36:31.658Z,2026-09-16T02:15:13.288Z
DEMO-DEV-7342,162,2022-10-07T06:23:56.968Z,2026-09-22T11:24:40.519Z
DEMO-DEV-7425,162,2022-10-06T00:44:57.466Z,2026-09-17T09:13:10.268Z
DEMO-DEV-7464,162,2022-10-07T00:01:07.993Z,2026-09-17T18:34:48.682Z
DEMO-DEV-7478,162,2022-10-03T17:02:48.806Z,2026-09-29T15:45:20.021Z
DEMO-DEV-7481,162,2022-10-18T22:14:44.917Z,2026-09-20T15:41:57.409Z
DEMO-DEV-7509,162,2022-10-14T00:35:05.607Z,2026-09-23T15:02:19.612Z
DEMO-DEV-7662,162,2022-10-05T16:04:42.636Z,2026-09-24T12:46:07.014Z
DEMO-DEV-7693,162,2022-10-06T08:09:02.172Z,2026-09-23T17:11:56.120Z
DEMO-DEV-7695,162,2022-10-01T22:10:27.968Z,2026-09-16T21:19:46.545Z
DEMO-DEV-7707,162,2022-10-17T00:13:25.975Z,2026-09-28T21:35:30.793Z
DEMO-DEV-7743,162,2022-10-27T06:05:06.804Z,2026-09-27T14:14:24.511Z
DEMO-DEV-7754,162,2022-10-04T11:35:52.218Z,2026-09-19T19:27:35.839Z
DEMO-DEV-7766,162,2022-10-06T10:43:10.846Z,2026-09-22T15:35:09.646Z
DEMO-DEV-7773,162,2022-10-03T06:16:47.661Z,2026-09-22T12:29:06.795Z
DEMO-DEV-7780,162,2022-10-12T15:36:34.545Z,2026-09-20T16:43:09.038Z
DEMO-DEV-7794,162,2022-10-02T03:28:57.799Z,2026-09-16T18:25:28.190Z
DEMO-DEV-7801,162,2022-10-05T09:07:25.365Z,2026-09-27T05:00:29.817Z
DEMO-DEV-7888,162,2022-11-03T11:56:22.612Z,2026-09-28T23:54:56.784Z
DEMO-DEV-7917,162,2022-10-23T22:43:45.975Z,2026-09-15T22:55:45.950Z
DEMO-DEV-7990,162,2022-10-11T11:07:44.219Z,2026-09-25T04:56:21.817Z
DEMO-DEV-8008,162,2022-10-05T17:06:10.497Z,2026-09-21T21:22:57.782Z
DEMO-DEV-8016,162,2022-10-18T02:42:48.183Z,2026-09-26T13:20:54.138Z
DEMO-DEV-8049,162,2022-10-02T18:19:45.786Z,2026-09-29T09:43:00.120Z
DEMO-DEV-8113,162,2022-10-15T23:25:54.497Z,2026-09-28T01:25:43.782Z
DEMO-DEV-8138,162,2022-10-04T02:17:25.493Z,2026-09-26T04:12:02.639Z
DEMO-DEV-8158,162,2022-10-30T13:43:02.272Z,2026-09-25T04:44:32.134Z
DEMO-DEV-8296,162,2022-10-06T18:19:43.493Z,2026-09-20T11:20:14.661Z
DEMO-DEV-8302,162,2022-10-04T06:53:14.987Z,2026-09-29T14:03:34.289Z
DEMO-DEV-8304,162,2022-10-06T02:02:32.287Z,2026-09-25T10:11:25.682Z
DEMO-DEV-8346,162,2022-10-02T06:32:58.636Z,2026-09-17T20:28:01.508Z
DEMO-DEV-8367,162,2022-10-06T14:50:46.161Z,2026-09-24T17:16:50.754Z
DEMO-DEV-8384,162,2022-10-09T13:13:19.014Z,2026-09-20T07:29:49.337Z
DEMO-DEV-8393,162,2022-10-19T16:26:59.325Z,2026-09-30T07:26:42.325Z
DEMO-DEV-8405,162,2022-10-19T08:19:41.917Z,2026-09-26T00:28:18.208Z
DEMO-DEV-8447,162,2022-10-15T08:30:51.139Z,2026-09-15T04:29:32.250Z
DEMO-DEV-8483,162,2022-10-08T23:59:34.165Z,2026-09-29T05:24:02.816Z
DEMO-DEV-8500,162,2022-10-05T03:37:56.968Z,2026-09-20T06:38:52.639Z
DEMO-DEV-8609,162,2022-10-04T06:39:20.719Z,2026-09-28T14:49:35.415Z
DEMO-DEV-8673,162,2022-10-08T18:22:04.493Z,2026-09-26T08:52:53.485Z
DEMO-DEV-8676,162,2022-10-02T03:15:14.752Z,2026-09-23T07:28:49.015Z
DEMO-DEV-8688,162,2022-10-17T02:48:22.190Z,2026-09-27T16:22:15.851Z
DEMO-DEV-8718,162,2022-10-02T14:12:39.325Z,2026-09-06T05:11:36.252Z
DEMO-DEV-8739,162,2022-10-08T10:11:03.804Z,2026-09-28T02:45:53.692Z
DEMO-DEV-8748,162,2022-10-15T16:03:33.165Z,2026-09-29T12:45:01.254Z
DEMO-DEV-8755,162,2022-10-04T08:58:10.735Z,2026-09-18T17:05:04.989Z
DEMO-DEV-8896,162,2022-10-04T15:57:50.785Z,2026-09-28T18:33:17.225Z
DEMO-DEV-8902,162,2022-10-03T22:00:45.485Z,2026-09-14T03:19:34.087Z
DEMO-DEV-8943,162,2022-10-11T01:17:13.403Z,2026-09-23T13:08:16.841Z
DEMO-DEV-8974,162,2022-10-14T06:06:44.870Z,2026-09-27T04:43:40.253Z
DEMO-DEV-8989,162,2022-10-05T20:09:12.015Z,2026-09-22T12:00:24.752Z
DEMO-DEV-8993,162,2022-10-03T17:48:00.307Z,2026-09-25T00:53:56.391Z
DEMO-DEV-9069,162,2022-10-25T02:25:16.403Z,2026-09-26T21:25:28.368Z
DEMO-DEV-9087,162,2022-10-08T10:54:34.786Z,2026-09-28T02:25:37.966Z
DEMO-DEV-9102,162,2022-10-07T22:53:40.806Z,2026-09-19T10:10:33.824Z
DEMO-DEV-9105,162,2022-10-05T21:51:23.192Z,2026-09-29T17:49:56.368Z
DEMO-DEV-9201,162,2022-10-02T13:31:24.298Z,2026-09-27T22:26:45.870Z
DEMO-DEV-9280,162,2022-10-29T10:37:20.354Z,2026-09-12T19:12:26.612Z
DEMO-DEV-9343,162,2022-10-14T20:30:34.219Z,2026-09-26T12:22:52.192Z
DEMO-DEV-9446,162,2022-10-21T02:06:34.370Z,2026-09-07T19:13:16.692Z
DEMO-DEV-9462,162,2022-10-02T21:46:59.442Z,2026-09-02T18:08:38.087Z
DEMO-DEV-9465,162,2022-10-02T23:48:07.038Z,2026-09-21T07:50:51.073Z
DEMO-DEV-9535,162,2022-10-07T06:19:32.513Z,2026-09-29T12:04:13.926Z
DEMO-DEV-9543,162,2022-10-14T07:37:30.003Z,2026-09-29T13:53:42.508Z
DEMO-DEV-9585,162,2022-10-15T13:02:37.080Z,2026-09-17T02:42:06.455Z
DEMO-DEV-9640,162,2022-10-04T16:44:13.891Z,2026-09-30T01:48:15.252Z
DEMO-DEV-9644,162,2022-10-08T17:00:46.873Z,2026-09-13T21:07:20.948Z
DEMO-DEV-9647,162,2022-10-10T11:20:54.225Z,2026-09-21T05:14:47.222Z
DEMO-DEV-9662,162,2022-10-20T02:26:15.403Z,2026-09-24T06:40:10.648Z
DEMO-DEV-9675,162,2022-10-16T15:19:25.442Z,2026-09-27T02:36:24.795Z
DEMO-DEV-9687,162,2022-11-11T00:27:25.966Z,2026-09-27T05:16:04.864Z
DEMO-DEV-9715,162,2022-10-04T00:06:40.555Z,2026-09-26T01:21:58.825Z
DEMO-DEV-9722,162,2022-10-04T13:46:57.014Z,2026-09-24T18:55:47.817Z
DEMO-DEV-9802,162,2022-10-05T10:15:01.040Z,2026-09-23T18:28:26.370Z
DEMO-DEV-9838,162,2022-10-20T21:50:18.268Z,2026-09-05T03:22:19.291Z
DEMO-DEV-9850,162,2022-10-01T19:59:01.298Z,2026-09-13T10:49:16.354Z
DEMO-DEV-9861,162,2022-10-01T23:56:50.134Z,2026-09-24T15:11:23.466Z
DEMO-DEV-9863,162,2022-10-01T13:56:21.519Z,2026-09-29T21:43:25.710Z
DEMO-DEV-9901,162,2022-10-01T15:22:42.513Z,2026-09-15T04:49:34.966Z
DEMO-DEV-9965,162,2022-10-03T01:54:06.738Z,2026-08-25T19:15:12.021Z
DEMO-DEV-9975,162,2022-10-05T19:38:35.527Z,2026-09-11T15:02:44.428Z
DEMO-DEV-0064,161,2022-10-02T10:30:29.915Z,2026-09-17T17:35:39.913Z
DEMO-DEV-0067,161,2022-10-02T12:06:44.080Z,2026-09-28T15:07:18.648Z
DEMO-DEV-0070,161,2022-10-04T17:09:29.607Z,2026-09-08T15:47:48.607Z
DEMO-DEV-0103,161,2022-10-07T10:20:17.870Z,2026-09-26T22:26:23.236Z
DEMO-DEV-0105,161,2022-10-02T20:57:14.063Z,2026-09-12T07:05:39.403Z
DEMO-DEV-0116,161,2022-10-20T01:19:08.337Z,2026-09-22T20:01:36.653Z
DEMO-DEV-0148,161,2022-10-09T12:38:53.442Z,2026-09-17T22:36:59.300Z
DEMO-DEV-0204,161,2022-10-02T01:19:12.057Z,2026-08-14T21:12:14.765Z
DEMO-DEV-0223,161,2022-10-12T13:13:07.968Z,2026-08-25T21:32:04.387Z
DEMO-DEV-0274,161,2022-10-19T10:52:53.668Z,2026-09-23T05:21:03.842Z
DEMO-DEV-0302,161,2022-10-07T22:27:37.646Z,2026-09-18T20:10:39.555Z
DEMO-DEV-0369,161,2022-10-08T09:17:02.161Z,2026-09-28T16:51:45.264Z
DEMO-DEV-0377,161,2022-10-13T10:19:10.368Z,2026-09-22T02:26:27.205Z
DEMO-DEV-0395,161,2022-11-03T04:33:44.913Z,2026-09-14T03:48:01.442Z
DEMO-DEV-0399,161,2022-10-07T16:40:29.782Z,2026-09-19T18:46:29.460Z
DEMO-DEV-0419,161,2022-10-09T14:21:02.792Z,2026-09-18T22:46:55.859Z
DEMO-DEV-0456,161,2022-11-01T00:59:24.239Z,2026-09-25T11:11:53.120Z
DEMO-DEV-0493,161,2022-10-03T03:44:37.661Z,2026-09-29T02:42:12.968Z
DEMO-DEV-0503,161,2022-10-06T16:52:20.239Z,2026-09-30T01:00:08.500Z
DEMO-DEV-0522,161,2022-10-04T22:38:38.884Z,2026-09-29T07:39:15.138Z
DEMO-DEV-0523,161,2022-10-31T04:41:01.765Z,2026-09-26T22:24:52.915Z
DEMO-DEV-0526,161,2022-10-02T12:00:45.867Z,2026-09-27T21:50:04.639Z
DEMO-DEV-0536,161,2022-10-03T02:37:59.253Z,2026-09-27T17:02:00.976Z
DEMO-DEV-0584,161,2022-10-05T01:07:03.208Z,2026-09-21T06:54:51.843Z
DEMO-DEV-0606,161,2022-10-20T15:13:25.917Z,2026-09-19T05:22:43.300Z
DEMO-DEV-0636,161,2022-11-13T08:12:19.368Z,2026-09-26T08:49:31.068Z
DEMO-DEV-0642,161,2022-10-17T12:43:11.557Z,2026-09-28T13:53:59.003Z
DEMO-DEV-0683,161,2022-10-02T11:39:57.655Z,2026-09-29T17:46:44.288Z
DEMO-DEV-0688,161,2022-10-08T22:50:36.165Z,2026-09-11T23:41:07.653Z
DEMO-DEV-0741,161,2022-10-11T07:11:07.289Z,2026-09-29T19:57:39.325Z
DEMO-DEV-0752,161,2022-11-12T08:54:27.842Z,2026-09-30T03:30:12.950Z
DEMO-DEV-0757,161,2022-10-17T16:08:33.735Z,2026-09-21T16:12:43.584Z
DEMO-DEV-0769,161,2022-10-02T22:25:46.879Z,2026-09-21T23:39:16.989Z
DEMO-DEV-0793,161,2022-10-21T22:48:42.167Z,2026-09-21T14:01:40.817Z
DEMO-DEV-0823,161,2022-10-03T06:48:25.120Z,2026-09-29T01:05:56.785Z
DEMO-DEV-0851,161,2022-10-01T16:25:41.345Z,2026-09-29T00:45:06.203Z
DEMO-DEV-0912,161,2022-10-04T17:44:04.870Z,2026-09-16T21:05:44.224Z
DEMO-DEV-0923,161,2022-10-02T21:22:17.976Z,2026-09-27T17:34:59.403Z
DEMO-DEV-0937,161,2022-10-02T23:44:58.786Z,2026-09-11T09:09:51.428Z
DEMO-DEV-0965,161,2022-10-04T16:56:58.795Z,2026-09-28T19:30:34.929Z
DEMO-DEV-1000,161,2022-10-04T16:29:55.443Z,2026-09-20T20:43:53.913Z
DEMO-DEV-1023,161,2022-10-03T08:45:46.524Z,2026-09-15T23:22:31.250Z
DEMO-DEV-1046,161,2022-10-13T12:34:47.460Z,2026-09-16T13:34:24.653Z
DEMO-DEV-1106,161,2022-10-01T10:39:07.612Z,2026-09-22T08:33:10.003Z
DEMO-DEV-1122,161,2022-10-13T15:50:11.778Z,2026-09-02T15:11:16.968Z
DEMO-DEV-1189,161,2022-10-01T22:58:06.208Z,2026-09-25T05:54:34.387Z
DEMO-DEV-1195,161,2022-10-21T19:54:26.974Z,2026-09-16T14:14:59.057Z
DEMO-DEV-1248,161,2022-11-03T18:04:10.710Z,2026-09-28T07:30:34.841Z
DEMO-DEV-1279,161,2022-10-05T00:04:46.929Z,2026-09-26T02:20:45.989Z
DEMO-DEV-1282,161,2022-10-05T14:59:55.460Z,2026-09-25T16:18:25.987Z
DEMO-DEV-1292,161,2022-10-12T16:16:51.836Z,2026-09-04T19:51:35.238Z
DEMO-DEV-1302,161,2022-10-06T17:33:15.391Z,2026-09-05T14:44:45.298Z
DEMO-DEV-1335,161,2022-10-12T12:32:05.555Z,2026-09-19T03:22:39.168Z
DEMO-DEV-1369,161,2022-10-19T07:30:35.077Z,2026-09-20T03:02:24.291Z
DEMO-DEV-1389,161,2022-10-17T12:43:05.354Z,2026-09-17T01:04:42.370Z
DEMO-DEV-1396,161,2022-10-08T01:24:20.804Z,2026-08-30T06:26:00.605Z
DEMO-DEV-1405,161,2022-10-04T16:28:05.222Z,2026-09-11T23:14:31.738Z
DEMO-DEV-1420,161,2022-10-02T03:06:17.300Z,2026-09-30T05:55:27.519Z
DEMO-DEV-1458,161,2022-10-01T20:38:26.455Z,2026-09-27T17:42:40.120Z
DEMO-DEV-1467,161,2022-10-05T21:59:44.287Z,2026-09-28T10:34:29.795Z
DEMO-DEV-1478,161,2022-10-10T06:46:08.523Z,2026-09-30T07:19:54.891Z
DEMO-DEV-1552,161,2022-10-07T20:22:33.612Z,2026-09-23T18:44:05.836Z
DEMO-DEV-1582,161,2022-10-01T18:15:46.015Z,2026-09-13T05:15:39.884Z
DEMO-DEV-1590,161,2022-10-02T02:39:56.368Z,2026-09-22T17:45:53.511Z
DEMO-DEV-1609,161,2022-10-19T09:24:43.150Z,2026-09-04T17:40:37.189Z
DEMO-DEV-1673,161,2022-10-15T15:34:03.929Z,2026-08-27T08:33:44.926Z
DEMO-DEV-1685,161,2022-10-11T20:29:16.605Z,2026-09-09T06:03:12.155Z
DEMO-DEV-1734,161,2022-10-03T02:42:10.300Z,2026-09-29T22:14:01.302Z
DEMO-DEV-1757,161,2022-10-13T15:50:50.015Z,2026-09-28T20:21:57.472Z
DEMO-DEV-1823,161,2022-10-03T08:40:31.057Z,2026-09-20T06:42:17.929Z
DEMO-DEV-1825,161,2022-10-07T05:11:47.368Z,2026-09-23T09:29:10.519Z
DEMO-DEV-1875,161,2022-10-18T02:32:01.646Z,2026-09-24T10:02:15.352Z
DEMO-DEV-1877,161,2022-10-04T15:07:15.183Z,2026-09-20T22:28:49.710Z
DEMO-DEV-2010,161,2022-10-08T08:23:12.218Z,2026-09-26T18:59:22.839Z
DEMO-DEV-2054,161,2022-10-18T11:04:31.655Z,2026-09-23T01:35:40.165Z
DEMO-DEV-2058,161,2022-10-01T11:12:43.873Z,2026-09-08T14:59:01.302Z
DEMO-DEV-2063,161,2022-10-07T16:53:59.614Z,2026-09-25T03:31:59.225Z
DEMO-DEV-2079,161,2022-10-10T21:55:49.120Z,2026-09-16T03:46:49.968Z
DEMO-DEV-2159,161,2022-10-02T02:18:09.537Z,2026-09-20T17:22:40.682Z
DEMO-DEV-2201,161,2022-10-11T07:22:42.023Z,2026-09-26T22:41:40.870Z
DEMO-DEV-2227,161,2022-10-05T07:40:27.236Z,2026-09-20T02:01:30.190Z
DEMO-DEV-2298,161,2022-10-03T17:10:55.817Z,2026-09-21T09:52:49.027Z
DEMO-DEV-2351,161,2022-10-03T01:24:40.950Z,2026-09-17T20:50:37.555Z
DEMO-DEV-2358,161,2022-10-02T03:06:35.390Z,2026-09-12T06:29:31.966Z
DEMO-DEV-2366,161,2022-10-09T12:02:20.287Z,2026-09-18T15:23:26.485Z
DEMO-DEV-2372,161,2022-10-03T04:23:48.026Z,2026-09-28T13:41:09.222Z
DEMO-DEV-2382,161,2022-10-17T19:35:55.014Z,2026-09-27T10:26:59.792Z
DEMO-DEV-2409,161,2022-10-02T07:57:32.804Z,2026-09-23T02:25:56.493Z
DEMO-DEV-2426,161,2022-10-05T14:26:23.976Z,2026-09-15T11:47:10.735Z
DEMO-DEV-2597,161,2022-10-04T06:36:50.015Z,2026-09-28T09:12:52.203Z
DEMO-DEV-2700,161,2022-10-02T15:04:21.038Z,2026-09-20T07:38:11.230Z
DEMO-DEV-2746,161,2022-10-31T13:25:52.607Z,2026-09-11T14:10:27.846Z
DEMO-DEV-2764,161,2022-10-17T23:36:17.879Z,2026-09-28T08:54:18.026Z
DEMO-DEV-2797,161,2022-10-10T14:52:05.470Z,2026-09-29T04:16:15.219Z
DEMO-DEV-2798,161,2022-10-04T06:37:17.446Z,2026-09-24T17:59:56.497Z
DEMO-DEV-2822,161,2022-10-04T06:48:27.403Z,2026-09-14T19:29:14.804Z
DEMO-DEV-2846,161,2022-10-08T01:53:16.415Z,2026-09-29T01:58:57.167Z
DEMO-DEV-2884,161,2022-10-04T10:03:23.803Z,2026-09-14T13:21:59.607Z
DEMO-DEV-3116,161,2022-10-08T05:45:18.352Z,2026-09-24T05:44:53.524Z
DEMO-DEV-3157,161,2022-10-06T15:36:28.870Z,2026-09-19T19:10:53.370Z
DEMO-DEV-3173,161,2022-12-06T02:03:18.288Z,2026-09-26T12:48:00.599Z
DEMO-DEV-3198,161,2022-10-01T23:36:46.497Z,2026-09-23T01:16:34.446Z
DEMO-DEV-3206,161,2022-10-02T02:52:07.968Z,2026-09-17T16:30:37.390Z
DEMO-DEV-3217,161,2022-11-15T15:57:23.885Z,2026-09-28T13:38:06.357Z
DEMO-DEV-3218,161,2022-10-07T15:04:45.879Z,2026-09-21T01:37:17.976Z
DEMO-DEV-3295,161,2022-12-01T03:26:28.839Z,2026-09-22T10:08:02.915Z
DEMO-DEV-3311,161,2022-10-05T03:02:49.192Z,2026-09-29T08:45:46.075Z
DEMO-DEV-3328,161,2022-11-14T10:14:23.250Z,2026-09-16T21:45:03.682Z
DEMO-DEV-3345,161,2022-10-15T22:29:32.226Z,2026-09-14T21:02:46.682Z
DEMO-DEV-3462,161,2022-10-01T14:18:58.234Z,2026-09-29T19:12:39.803Z
DEMO-DEV-3660,161,2022-10-09T04:43:19.068Z,2026-09-14T06:58:45.864Z
DEMO-DEV-3698,161,2022-10-04T16:33:31.208Z,2026-09-17T15:35:23.799Z
DEMO-DEV-3727,161,2022-10-01T17:49:35.446Z,2026-09-04T19:29:21.974Z
DEMO-DEV-3763,161,2022-10-10T19:53:56.442Z,2026-09-15T10:39:22.337Z
DEMO-DEV-3786,161,2022-10-04T06:51:05.302Z,2026-09-11T18:11:29.291Z
DEMO-DEV-3815,161,2022-10-08T16:18:01.015Z,2026-09-21T04:29:46.090Z
DEMO-DEV-3862,161,2022-10-10T07:31:34.253Z,2026-09-19T09:44:36.139Z
DEMO-DEV-3904,161,2022-10-11T13:07:11.816Z,2026-09-13T00:10:38.915Z
DEMO-DEV-3913,161,2022-10-02T03:48:50.075Z,2026-09-26T13:33:27.173Z
DEMO-DEV-3918,161,2022-10-30T10:50:15.968Z,2026-09-15T22:31:59.319Z
DEMO-DEV-3926,161,2022-10-04T10:45:12.968Z,2026-09-23T18:25:56.428Z
DEMO-DEV-3953,161,2022-10-09T08:03:05.226Z,2026-09-28T02:07:23.232Z
DEMO-DEV-3994,161,2022-10-08T22:04:10.298Z,2026-09-26T07:27:33.230Z
DEMO-DEV-4005,161,2022-10-06T13:42:23.222Z,2026-09-23T17:14:18.792Z
DEMO-DEV-4049,161,2022-10-02T06:02:34.727Z,2026-09-22T09:05:51.203Z
DEMO-DEV-4050,161,2022-10-01T17:45:05.646Z,2026-09-07T06:01:18.864Z
DEMO-DEV-4084,161,2022-10-07T00:30:34.370Z,2026-09-17T03:17:15.172Z
DEMO-DEV-4086,161,2022-10-01T11:50:25.239Z,2026-09-26T15:45:19.168Z
DEMO-DEV-4143,161,2022-10-03T10:34:34.968Z,2026-09-29T05:32:51.929Z
DEMO-DEV-4154,161,2022-10-05T18:31:32.865Z,2026-09-29T01:13:35.537Z
DEMO-DEV-4181,161,2022-10-08T13:55:43.172Z,2026-09-23T09:23:54.578Z
DEMO-DEV-4190,161,2022-10-12T04:49:36.026Z,2026-09-15T00:29:02.519Z
DEMO-DEV-4210,161,2022-10-10T14:55:05.692Z,2026-09-26T19:39:57.026Z
DEMO-DEV-4250,161,2022-10-16T10:45:14.172Z,2026-09-29T00:35:46.485Z
DEMO-DEV-4269,161,2022-10-09T23:43:20.915Z,2026-09-15T04:51:48.784Z
DEMO-DEV-4296,161,2022-10-02T21:47:19.226Z,2026-09-22T00:12:03.987Z
DEMO-DEV-4389,161,2022-10-02T14:44:17.841Z,2026-09-28T14:57:15.870Z
DEMO-DEV-4480,161,2022-10-12T18:13:52.612Z,2026-09-27T15:13:29.778Z
DEMO-DEV-4569,161,2022-10-03T17:07:11.172Z,2026-09-24T05:14:39.966Z
DEMO-DEV-4662,161,2022-10-04T10:52:04.843Z,2026-09-27T01:22:34.682Z
DEMO-DEV-4663,161,2022-10-02T14:09:28.870Z,2026-09-14T09:41:55.806Z
DEMO-DEV-4677,161,2022-11-05T21:52:56.226Z,2026-09-17T11:18:59.352Z
DEMO-DEV-4744,161,2022-10-04T06:56:22.785Z,2026-09-25T06:10:04.503Z
DEMO-DEV-4798,161,2022-10-05T21:01:28.710Z,2026-09-29T00:31:28.568Z
DEMO-DEV-4891,161,2022-10-05T02:01:36.026Z,2026-09-19T06:01:05.584Z
DEMO-DEV-4899,161,2022-10-08T14:33:42.523Z,2026-08-30T11:42:53.161Z
DEMO-DEV-4939,161,2022-10-01T17:22:36.851Z,2026-09-13T20:09:25.646Z
DEMO-DEV-4994,161,2022-10-09T16:01:25.167Z,2026-09-04T12:56:25.026Z
DEMO-DEV-5046,161,2022-10-03T16:16:14.023Z,2026-09-24T13:38:50.841Z
DEMO-DEV-5074,161,2022-10-03T12:21:04.754Z,2026-09-29T15:07:37.370Z
DEMO-DEV-5130,161,2022-10-07T16:06:14.843Z,2026-09-10T04:16:46.864Z
DEMO-DEV-5158,161,2022-10-03T10:12:32.655Z,2026-09-06T13:51:56.966Z
DEMO-DEV-5188,161,2022-10-09T02:03:37.584Z,2026-09-07T17:44:26.368Z
DEMO-DEV-5216,161,2022-10-19T09:04:33.205Z,2026-09-26T13:45:57.523Z
DEMO-DEV-5230,161,2022-10-03T04:08:42.300Z,2026-09-30T01:26:04.123Z
DEMO-DEV-5262,161,2022-10-02T21:17:32.307Z,2026-09-22T12:29:54.470Z
DEMO-DEV-5309,161,2022-10-03T22:28:26.250Z,2026-09-22T04:19:21.370Z
DEMO-DEV-5327,161,2022-10-22T23:21:57.045Z,2026-09-22T09:42:40.409Z
DEMO-DEV-5348,161,2022-10-01T21:37:16.879Z,2026-09-23T22:13:07.545Z
DEMO-DEV-5378,161,2022-10-27T05:05:10.397Z,2026-09-28T10:11:55.754Z
DEMO-DEV-5384,161,2022-10-05T12:06:17.272Z,2026-09-17T23:07:02.402Z
DEMO-DEV-5440,161,2022-10-11T01:56:54.545Z,2026-09-26T14:13:41.352Z
DEMO-DEV-5546,161,2022-10-27T12:22:15.785Z,2026-09-25T23:06:01.014Z
DEMO-DEV-5554,161,2022-10-06T11:13:34.370Z,2026-09-18T03:25:06.975Z
DEMO-DEV-5594,161,2022-10-25T09:35:33.470Z,2026-09-27T16:51:40.222Z
DEMO-DEV-5595,161,2022-10-03T03:56:56.443Z,2026-09-17T08:12:12.120Z
DEMO-DEV-5603,161,2022-10-05T18:06:19.300Z,2026-09-28T08:35:25.841Z
DEMO-DEV-5606,161,2022-10-11T19:45:12.268Z,2026-09-30T05:35:49.288Z
DEMO-DEV-5614,161,2022-10-01T11:01:26.428Z,2026-09-11T03:21:38.004Z
DEMO-DEV-5644,161,2022-10-27T00:52:38.612Z,2026-09-23T23:31:09.037Z
DEMO-DEV-5653,161,2022-10-02T05:19:48.075Z,2026-09-23T17:49:56.658Z
DEMO-DEV-5680,161,2022-10-22T03:42:29.968Z,2026-09-12T06:29:05.254Z
DEMO-DEV-5693,161,2022-10-26T14:30:17.519Z,2026-09-26T20:29:43.965Z
DEMO-DEV-5751,161,2022-10-05T03:14:42.867Z,2026-09-28T17:38:38.038Z
DEMO-DEV-5772,161,2022-11-04T08:32:31.843Z,2026-09-25T13:13:36.535Z
DEMO-DEV-5916,161,2022-10-05T09:56:30.523Z,2026-08-28T05:54:15.300Z
DEMO-DEV-5942,161,2022-10-03T23:14:25.173Z,2026-09-26T19:33:56.023Z
DEMO-DEV-5984,161,2022-10-07T03:58:40.556Z,2026-09-14T11:53:27.965Z
DEMO-DEV-6039,161,2022-10-09T13:21:19.289Z,2026-09-21T04:03:10.221Z
DEMO-DEV-6073,161,2022-10-08T09:18:00.985Z,2026-09-28T11:42:24.368Z
DEMO-DEV-6104,161,2022-10-17T20:12:57.727Z,2026-09-22T21:21:59.612Z
DEMO-DEV-6121,161,2022-10-01T18:27:40.519Z,2026-09-25T14:13:36.472Z
DEMO-DEV-6240,161,2022-10-09T22:54:05.597Z,2026-09-24T02:55:59.466Z
DEMO-DEV-6293,161,2022-10-02T03:10:36.926Z,2026-09-20T10:52:03.345Z
DEMO-DEV-6294,161,2022-10-02T16:15:40.782Z,2026-09-22T21:37:43.987Z
DEMO-DEV-6324,161,2022-10-05T21:44:34.884Z,2026-09-22T17:35:07.307Z
DEMO-DEV-6352,161,2022-10-01T21:51:40.224Z,2026-09-29T05:48:26.537Z
DEMO-DEV-6446,161,2022-10-20T15:06:16.221Z,2026-09-09T19:25:05.989Z
DEMO-DEV-6521,161,2022-10-02T01:58:41.225Z,2026-09-12T07:02:58.523Z
DEMO-DEV-6528,161,2022-10-25T17:45:45.246Z,2026-09-20T09:33:03.929Z
DEMO-DEV-6581,161,2022-10-02T20:17:49.682Z,2026-09-29T20:37:03.597Z
DEMO-DEV-6639,161,2022-10-03T18:01:38.387Z,2026-09-28T10:24:07.806Z
DEMO-DEV-6660,161,2022-10-08T07:46:15.599Z,2026-09-19T17:37:42.975Z
DEMO-DEV-6709,161,2022-10-29T14:36:47.584Z,2026-09-23T21:43:36.254Z
DEMO-DEV-6722,161,2022-10-20T07:16:55.123Z,2026-09-29T19:45:35.727Z
DEMO-DEV-6737,161,2022-10-06T07:34:10.793Z,2026-09-19T04:46:11.397Z
DEMO-DEV-6757,161,2022-10-19T01:11:25.688Z,2026-09-29T06:24:59.254Z
DEMO-DEV-6865,161,2022-10-02T11:28:23.470Z,2026-09-19T14:10:53.040Z
DEMO-DEV-6888,161,2022-10-25T08:12:53.843Z,2026-09-27T09:42:39.503Z
DEMO-DEV-6921,161,2022-10-05T16:47:10.004Z,2026-09-28T19:21:51.014Z
DEMO-DEV-6936,161,2022-10-02T11:19:25.975Z,2026-09-28T13:35:13.319Z
DEMO-DEV-6949,161,2022-10-17T11:18:30.966Z,2026-09-14T22:57:59.965Z
DEMO-DEV-6964,161,2022-10-06T04:07:19.816Z,2026-09-12T18:07:37.090Z
DEMO-DEV-7076,161,2022-10-30T11:59:55.057Z,2026-09-28T11:17:44.836Z
DEMO-DEV-7162,161,2022-11-09T10:32:54.682Z,2026-09-06T07:05:46.205Z
DEMO-DEV-7186,161,2022-10-11T21:07:19.612Z,2026-09-30T00:43:42.224Z
DEMO-DEV-7235,161,2022-10-12T00:48:08.397Z,2026-09-26T07:19:10.462Z
DEMO-DEV-7246,161,2022-10-04T22:31:35.846Z,2026-09-04T21:15:24.075Z
DEMO-DEV-7264,161,2022-10-10T15:28:52.402Z,2026-09-28T09:38:33.038Z
DEMO-DEV-7266,161,2022-10-11T04:19:13.455Z,2026-09-30T03:39:22.226Z
DEMO-DEV-7270,161,2022-10-27T04:56:34.846Z,2026-09-26T21:23:28.668Z
DEMO-DEV-7271,161,2022-10-04T19:41:16.578Z,2026-09-21T22:25:09.134Z
DEMO-DEV-7274,161,2022-10-04T07:27:01.234Z,2026-09-26T01:10:40.246Z
DEMO-DEV-7286,161,2022-10-20T21:12:43.120Z,2026-09-28T20:36:23.189Z
DEMO-DEV-7304,161,2022-10-04T15:20:39.192Z,2026-09-21T21:42:27.289Z
DEMO-DEV-7351,161,2022-10-16T22:49:15.968Z,2026-09-29T16:19:38.252Z
DEMO-DEV-7408,161,2022-10-03T13:57:46.555Z,2026-09-18T22:54:00.719Z
DEMO-DEV-7532,161,2022-10-04T10:02:29.264Z,2026-09-21T07:32:55.390Z
DEMO-DEV-7626,161,2022-10-08T01:28:47.976Z,2026-09-18T19:24:07.811Z
DEMO-DEV-7646,161,2022-10-10T17:51:26.969Z,2026-09-17T23:40:49.003Z
DEMO-DEV-7730,161,2022-10-01T12:47:46.884Z,2026-09-21T17:53:14.354Z
DEMO-DEV-7760,161,2022-10-02T00:48:51.785Z,2026-09-26T15:45:58.702Z
DEMO-DEV-7775,161,2022-10-08T12:11:56.968Z,2026-09-27T01:43:53.428Z
DEMO-DEV-7878,161,2022-10-16T13:26:24.754Z,2026-09-13T07:07:47.370Z
DEMO-DEV-7892,161,2022-10-02T00:05:18.688Z,2026-09-24T00:01:59.003Z
DEMO-DEV-7937,161,2022-10-19T17:28:12.239Z,2026-09-22T20:32:54.523Z
DEMO-DEV-7968,161,2022-10-16T16:41:17.987Z,2026-09-11T16:52:34.926Z
DEMO-DEV-8001,161,2022-11-15T11:06:22.719Z,2026-09-15T23:43:51.345Z
DEMO-DEV-8064,161,2022-10-09T15:40:36.846Z,2026-09-23T15:20:49.428Z
DEMO-DEV-8156,161,2022-10-20T21:46:32.688Z,2026-09-27T07:45:06.219Z
DEMO-DEV-8195,161,2022-10-09T11:18:00.287Z,2026-09-08T23:26:04.785Z
DEMO-DEV-8241,161,2022-10-05T09:45:49.985Z,2026-09-03T23:27:29.080Z
DEMO-DEV-8284,161,2022-10-05T10:57:38.485Z,2026-09-10T17:01:33.792Z
DEMO-DEV-8307,161,2022-10-19T21:36:25.252Z,2026-09-17T09:19:10.778Z
DEMO-DEV-8352,161,2022-10-19T15:30:24.974Z,2026-09-29T14:10:12.068Z
DEMO-DEV-8429,161,2022-10-05T00:18:27.027Z,2026-09-10T07:35:30.391Z
DEMO-DEV-8445,161,2022-10-02T22:40:59.221Z,2026-09-26T17:13:21.782Z
DEMO-DEV-8464,161,2022-10-01T16:53:13.368Z,2026-09-27T06:40:29.851Z
DEMO-DEV-8472,161,2022-10-11T05:44:44.238Z,2026-09-28T19:11:27.523Z
DEMO-DEV-8489,161,2022-10-20T16:19:55.026Z,2026-09-08T07:36:36.443Z
DEMO-DEV-8515,161,2022-10-09T09:07:57.636Z,2026-09-05T10:27:29.867Z
DEMO-DEV-8547,161,2022-10-06T07:31:43.915Z,2026-09-21T02:13:42.172Z
DEMO-DEV-8567,161,2022-10-08T04:01:31.073Z,2026-09-28T13:13:41.183Z
DEMO-DEV-8584,161,2022-10-06T14:51:42.877Z,2026-09-26T01:12:15.804Z
DEMO-DEV-8613,161,2022-10-04T22:07:03.391Z,2026-09-08T09:04:17.442Z
DEMO-DEV-8707,161,2022-10-23T09:01:18.816Z,2026-08-25T12:46:59.203Z
DEMO-DEV-8716,161,2022-10-07T09:37:47.161Z,2026-09-18T15:46:57.527Z
DEMO-DEV-8773,161,2022-10-05T15:55:47.236Z,2026-09-27T08:37:38.605Z
DEMO-DEV-8814,161,2022-10-01T14:01:49.966Z,2026-09-29T07:16:47.298Z
DEMO-DEV-8837,161,2022-10-04T15:56:06.021Z,2026-09-30T04:07:33.948Z
DEMO-DEV-8878,161,2022-10-23T05:58:44.661Z,2026-09-24T07:14:33.545Z
DEMO-DEV-8893,161,2022-10-01T22:02:35.139Z,2026-09-29T00:42:48.519Z
DEMO-DEV-8908,161,2022-10-11T15:20:27.968Z,2026-09-27T09:17:28.806Z
DEMO-DEV-8944,161,2022-10-04T11:20:15.026Z,2026-09-28T23:06:37.843Z
DEMO-DEV-8966,161,2022-10-01T10:15:37.824Z,2026-09-29T04:50:28.505Z
DEMO-DEV-8967,161,2022-10-06T08:33:00.075Z,2026-09-07T18:30:08.839Z
DEMO-DEV-9012,161,2022-10-07T09:51:23.038Z,2026-09-17T12:14:03.026Z
DEMO-DEV-9020,161,2022-10-03T13:37:04.682Z,2026-09-17T13:36:17.037Z
DEMO-DEV-9030,161,2022-10-08T18:44:01.765Z,2026-09-11T13:39:44.785Z
DEMO-DEV-9041,161,2022-10-02T06:23:07.646Z,2026-09-20T03:39:00.443Z
DEMO-DEV-9061,161,2022-10-06T16:20:12.390Z,2026-09-29T10:35:54.612Z
DEMO-DEV-9070,161,2022-10-14T09:06:23.655Z,2026-09-20T11:05:36.300Z
DEMO-DEV-9097,161,2022-10-02T12:23:53.738Z,2026-09-28T19:58:35.003Z
DEMO-DEV-9117,161,2022-10-07T08:24:00.252Z,2026-09-28T01:31:56.948Z
DEMO-DEV-9129,161,2022-10-03T04:38:46.068Z,2026-09-21T18:15:39.508Z
DEMO-DEV-9130,161,2022-10-02T11:58:39.786Z,2026-09-10T13:33:14.535Z
DEMO-DEV-9143,161,2022-10-01T23:18:04.974Z,2026-09-27T09:25:27.754Z
DEMO-DEV-9365,161,2022-10-06T13:44:20.646Z,2026-09-15T15:14:34.394Z
DEMO-DEV-9392,161,2022-10-26T09:23:33.472Z,2026-09-30T03:23:08.884Z
DEMO-DEV-9396,161,2022-10-09T18:31:21.319Z,2026-09-18T20:14:26.597Z
DEMO-DEV-9407,161,2022-10-10T19:12:44.087Z,2026-09-20T04:17:33.863Z
DEMO-DEV-9429,161,2022-10-03T02:05:54.160Z,2026-09-24T22:47:01.646Z
DEMO-DEV-9447,161,2022-11-26T11:43:38.851Z,2026-09-11T14:13:57.782Z
DEMO-DEV-9476,161,2022-10-31T02:08:02.014Z,2026-09-20T14:42:25.409Z
DEMO-DEV-9481,161,2022-10-15T12:18:35.992Z,2026-09-23T01:50:27.870Z
DEMO-DEV-9524,161,2022-10-06T15:54:01.268Z,2026-09-10T21:02:48.224Z
DEMO-DEV-9613,161,2022-11-09T18:05:40.784Z,2026-09-21T18:33:01.784Z
DEMO-DEV-9658,161,2022-10-18T22:09:27.272Z,2026-09-24T12:38:52.460Z
DEMO-DEV-9698,161,2022-10-01T13:48:58.224Z,2026-09-15T13:12:13.535Z
DEMO-DEV-9725,161,2022-10-03T17:21:47.027Z,2026-09-29T06:11:47.851Z
DEMO-DEV-9774,161,2022-10-01T13:45:46.639Z,2026-09-29T04:14:08.811Z
DEMO-DEV-9804,161,2022-10-03T16:30:33.470Z,2026-09-25T23:19:09.859Z
DEMO-DEV-9852,161,2022-10-01T13:26:13.470Z,2026-09-25T13:59:25.692Z
DEMO-DEV-9855,161,2022-10-02T12:31:16.192Z,2026-09-26T17:16:29.466Z
DEMO-DEV-9859,161,2022-10-04T11:13:35.676Z,2026-09-13T04:34:24.646Z
DEMO-DEV-9897,161,2022-10-02T23:16:11.974Z,2026-09-28T14:24:41.804Z
DEMO-DEV-9915,161,2022-10-01T20:23:59.354Z,2026-08-26T05:55:09.073Z
DEMO-DEV-9947,161,2022-10-10T06:13:04.442Z,2026-09-27T12:21:03.803Z
DEMO-DEV-0031,160,2022-10-13T01:50:37.816Z,2026-09-22T00:59:14.702Z
DEMO-DEV-0089,160,2022-10-03T17:17:41.976Z,2026-09-28T12:43:58.929Z
DEMO-DEV-0119,160,2022-10-10T12:52:20.391Z,2026-09-11T09:41:59.738Z
DEMO-DEV-0138,160,2022-10-12T01:39:12.655Z,2026-09-14T12:36:12.752Z
DEMO-DEV-0167,160,2022-10-09T22:30:39.950Z,2026-09-23T21:01:27.863Z
DEMO-DEV-0177,160,2022-10-23T20:56:49.225Z,2026-09-17T08:21:39.189Z
DEMO-DEV-0218,160,2022-10-14T00:26:01.250Z,2026-09-24T18:32:11.648Z
DEMO-DEV-0243,160,2022-10-28T20:45:49.345Z,2026-09-29T18:45:05.591Z
DEMO-DEV-0276,160,2022-10-10T04:32:44.879Z,2026-09-28T03:06:37.183Z
DEMO-DEV-0318,160,2022-10-19T01:36:08.523Z,2026-09-27T18:47:09.161Z
DEMO-DEV-0342,160,2022-10-05T22:59:12.535Z,2026-09-20T11:34:03.211Z
DEMO-DEV-0410,160,2022-10-08T04:27:32.315Z,2026-09-28T08:37:56.868Z
DEMO-DEV-0507,160,2022-10-13T19:11:14.612Z,2026-09-25T11:25:24.390Z
DEMO-DEV-0518,160,2022-10-20T17:15:23.511Z,2026-09-23T11:55:32.120Z
DEMO-DEV-0531,160,2022-10-02T14:33:00.287Z,2026-09-11T09:49:20.300Z
DEMO-DEV-0550,160,2022-10-03T13:09:38.252Z,2026-09-27T16:37:11.150Z
DEMO-DEV-0558,160,2022-10-19T10:45:36.390Z,2026-09-27T10:23:50.948Z
DEMO-DEV-0640,160,2022-10-12T15:42:01.221Z,2026-09-14T16:24:15.368Z
DEMO-DEV-0666,160,2022-10-08T20:42:12.929Z,2026-08-27T21:54:41.403Z
DEMO-DEV-0710,160,2022-10-05T09:59:55.692Z,2026-09-21T18:51:30.969Z
DEMO-DEV-0739,160,2022-10-09T05:22:53.646Z,2026-09-28T03:35:11.315Z
DEMO-DEV-0765,160,2022-10-02T16:33:02.817Z,2026-09-25T07:52:55.636Z
DEMO-DEV-0786,160,2022-10-05T22:26:14.409Z,2026-09-22T13:31:17.352Z
DEMO-DEV-0872,160,2022-10-19T09:26:17.345Z,2026-09-30T06:43:32.225Z
DEMO-DEV-0882,160,2022-10-03T10:45:19.976Z,2026-09-22T10:23:09.472Z
DEMO-DEV-0911,160,2022-10-03T08:42:23.752Z,2026-09-15T11:12:51.014Z
DEMO-DEV-0985,160,2022-10-03T19:58:32.139Z,2026-09-16T02:45:49.211Z
DEMO-DEV-0986,160,2022-10-09T19:49:25.183Z,2026-09-16T18:02:47.077Z
DEMO-DEV-1054,160,2022-10-02T00:52:46.658Z,2026-09-29T03:06:24.636Z
DEMO-DEV-1079,160,2022-10-27T04:54:44.817Z,2026-09-25T08:17:49.390Z
DEMO-DEV-1102,160,2022-10-15T05:54:30.989Z,2026-09-27T09:14:22.968Z
DEMO-DEV-1128,160,2022-10-13T04:11:53.368Z,2026-09-25T23:54:46.087Z
DEMO-DEV-1160,160,2022-10-09T20:57:00.307Z,2026-09-29T13:12:23.842Z
DEMO-DEV-1207,160,2022-10-02T21:50:20.646Z,2026-09-23T00:30:26.891Z
DEMO-DEV-1219,160,2022-10-22T22:53:23.203Z,2026-09-22T23:54:55.409Z
DEMO-DEV-1227,160,2022-10-12T02:28:05.203Z,2026-09-29T02:35:30.915Z
DEMO-DEV-1289,160,2022-10-06T20:00:33.976Z,2026-09-29T05:43:59.264Z
DEMO-DEV-1313,160,2022-10-02T09:17:13.120Z,2026-09-29T18:52:56.366Z
DEMO-DEV-1329,160,2022-10-07T08:40:47.976Z,2026-09-23T09:00:11.969Z
DEMO-DEV-1379,160,2022-10-05T16:24:05.366Z,2026-09-10T08:40:58.754Z
DEMO-DEV-1432,160,2022-10-01T21:30:22.300Z,2026-09-28T01:22:16.929Z
DEMO-DEV-1442,160,2022-10-18T23:50:16.352Z,2026-09-20T09:17:14.969Z
DEMO-DEV-1523,160,2022-10-08T05:44:00.648Z,2026-09-27T02:09:48.735Z
DEMO-DEV-1553,160,2022-10-09T03:43:11.173Z,2026-09-16T15:35:33.040Z
DEMO-DEV-1593,160,2022-10-12T12:44:17.250Z,2026-09-20T07:56:48.524Z
DEMO-DEV-1623,160,2022-10-09T07:06:59.027Z,2026-09-21T21:34:20.692Z
DEMO-DEV-1646,160,2022-10-03T04:07:07.472Z,2026-09-28T23:20:26.077Z
DEMO-DEV-1680,160,2022-10-06T23:05:50.917Z,2026-09-24T19:18:45.370Z
DEMO-DEV-1706,160,2022-10-06T07:16:03.578Z,2026-09-29T16:47:19.839Z
DEMO-DEV-1714,160,2022-10-03T04:44:00.537Z,2026-09-18T23:36:29.289Z
DEMO-DEV-1762,160,2022-10-07T14:38:13.524Z,2026-09-24T10:54:18.298Z
DEMO-DEV-1815,160,2022-10-02T14:48:20.914Z,2026-09-19T08:26:08.226Z
DEMO-DEV-1843,160,2022-10-27T17:42:18.765Z,2026-09-29T02:34:58.040Z
DEMO-DEV-1850,160,2022-10-03T07:09:17.676Z,2026-09-24T03:55:01.785Z
DEMO-DEV-1865,160,2022-10-13T18:55:21.040Z,2026-09-11T15:13:30.867Z
DEMO-DEV-1913,160,2022-10-12T17:52:16.584Z,2026-09-27T02:36:13.485Z
DEMO-DEV-1961,160,2022-10-22T00:59:41.003Z,2026-09-30T00:50:27.352Z
DEMO-DEV-2018,160,2022-10-13T04:46:19.917Z,2026-09-30T01:54:25.892Z
DEMO-DEV-2026,160,2022-10-11T17:46:29.913Z,2026-09-01T03:45:33.403Z
DEMO-DEV-2094,160,2022-10-05T01:52:51.289Z,2026-09-20T06:08:02.865Z
DEMO-DEV-2160,160,2022-10-08T20:15:14.799Z,2026-09-28T10:58:42.063Z
DEMO-DEV-2234,160,2022-10-30T11:37:17.189Z,2026-09-16T17:11:30.682Z
DEMO-DEV-2259,160,2022-10-20T02:43:08.545Z,2026-09-23T17:33:33.040Z
DEMO-DEV-2282,160,2022-10-17T02:25:48.508Z,2026-09-28T07:53:23.391Z
DEMO-DEV-2299,160,2022-10-14T04:29:25.403Z,2026-09-27T21:59:32.914Z
DEMO-DEV-2325,160,2022-10-04T20:35:43.068Z,2026-09-21T06:48:03.806Z
DEMO-DEV-2378,160,2022-10-03T21:56:00.735Z,2026-09-19T09:37:11.063Z
DEMO-DEV-2475,160,2022-10-30T20:34:50.224Z,2026-09-25T17:25:04.446Z
DEMO-DEV-2483,160,2022-10-05T06:28:30.537Z,2026-09-21T07:32:43.370Z
DEMO-DEV-2498,160,2022-10-04T06:52:01.428Z,2026-09-17T23:58:11.165Z
DEMO-DEV-2518,160,2022-10-03T00:33:24.985Z,2026-09-28T19:07:58.786Z
DEMO-DEV-2561,160,2022-10-01T20:06:19.799Z,2026-09-28T06:24:22.063Z
DEMO-DEV-2591,160,2022-10-08T13:17:17.014Z,2026-09-16T19:45:37.870Z
DEMO-DEV-2617,160,2022-10-01T19:57:42.357Z,2026-09-22T20:39:15.524Z
DEMO-DEV-2632,160,2022-10-16T02:59:22.914Z,2026-09-26T18:22:09.155Z
DEMO-DEV-2665,160,2022-10-02T15:19:59.591Z,2026-09-26T20:44:53.387Z
DEMO-DEV-2694,160,2022-10-03T08:56:12.300Z,2026-09-04T23:38:32.307Z
DEMO-DEV-2789,160,2022-10-06T07:22:00.799Z,2026-09-27T08:15:16.879Z
DEMO-DEV-2801,160,2022-10-03T05:51:55.668Z,2026-09-05T05:27:38.688Z
DEMO-DEV-2821,160,2022-10-17T18:38:06.238Z,2026-09-24T11:45:53.155Z
DEMO-DEV-2859,160,2022-10-04T21:08:24.365Z,2026-09-28T13:42:53.291Z
DEMO-DEV-3109,160,2022-10-03T09:28:51.403Z,2026-09-15T04:24:43.503Z
DEMO-DEV-3114,160,2022-10-25T18:34:13.591Z,2026-09-24T01:44:48.394Z
DEMO-DEV-3117,160,2022-10-11T18:12:46.442Z,2026-09-30T00:13:58.877Z
DEMO-DEV-3132,160,2022-10-05T12:11:03.841Z,2026-09-16T04:14:59.366Z
DEMO-DEV-3182,160,2022-10-31T21:57:27.785Z,2026-09-24T22:28:16.357Z
DEMO-DEV-3232,160,2022-10-09T01:46:40.816Z,2026-09-23T13:28:50.325Z
DEMO-DEV-3267,160,2022-10-09T02:04:46.929Z,2026-09-29T02:54:37.139Z
DEMO-DEV-3327,160,2022-10-08T23:52:12.557Z,2026-09-26T14:56:20.785Z
DEMO-DEV-3346,160,2022-10-04T12:36:42.513Z,2026-09-27T21:47:33.666Z
DEMO-DEV-3378,160,2022-10-30T23:32:00.863Z,2026-09-26T16:26:57.735Z
DEMO-DEV-3412,160,2022-10-04T09:19:05.863Z,2026-09-12T01:15:38.597Z
DEMO-DEV-3435,160,2022-10-07T04:57:12.205Z,2026-09-29T01:39:28.308Z
DEMO-DEV-3471,160,2022-10-12T14:13:16.252Z,2026-09-23T07:12:25.073Z
DEMO-DEV-3591,160,2022-11-19T21:03:15.038Z,2026-09-27T13:34:14.666Z
DEMO-DEV-3595,160,2022-10-09T05:44:30.523Z,2026-09-13T22:52:47.120Z
DEMO-DEV-3605,160,2022-10-02T10:58:42.636Z,2026-08-31T11:32:24.253Z
DEMO-DEV-3614,160,2022-10-04T05:28:06.203Z,2026-09-11T17:11:31.470Z
DEMO-DEV-3651,160,2022-10-05T00:05:32.123Z,2026-09-24T16:27:59.302Z
DEMO-DEV-3720,160,2022-10-08T05:33:46.189Z,2026-09-29T09:20:55.226Z
DEMO-DEV-3777,160,2022-10-13T10:41:30.460Z,2026-09-25T08:17:11.307Z
DEMO-DEV-3798,160,2022-10-06T15:05:34.027Z,2026-09-28T18:50:42.403Z
DEMO-DEV-3803,160,2022-10-10T09:22:51.870Z,2026-09-26T04:32:38.250Z
DEMO-DEV-3833,160,2022-10-10T20:16:43.319Z,2026-09-27T23:08:49.865Z
DEMO-DEV-3853,160,2022-10-05T23:29:42.068Z,2026-09-03T01:25:19.950Z
DEMO-DEV-3902,160,2022-10-03T09:36:30.727Z,2026-09-24T12:38:34.605Z
DEMO-DEV-3909,160,2022-10-02T23:41:14.668Z,2026-09-10T19:35:41.584Z
DEMO-DEV-3931,160,2022-10-04T11:27:59.792Z,2026-09-18T16:41:19.661Z
DEMO-DEV-3948,160,2022-10-27T20:54:46.527Z,2026-09-29T22:59:11.352Z
DEMO-DEV-3993,160,2022-10-16T16:43:42.968Z,2026-09-17T02:33:31.867Z
DEMO-DEV-4034,160,2022-10-13T00:24:15.232Z,2026-09-21T11:55:22.555Z
DEMO-DEV-4103,160,2022-10-02T21:31:55.655Z,2026-09-20T20:29:41.511Z
DEMO-DEV-4118,160,2022-10-01T16:05:52.591Z,2026-09-04T07:27:32.865Z
DEMO-DEV-4125,160,2022-10-04T14:04:22.568Z,2026-09-16T19:16:41.949Z
DEMO-DEV-4132,160,2022-10-06T03:42:08.985Z,2026-09-26T23:46:35.370Z
DEMO-DEV-4153,160,2022-10-09T22:30:56.014Z,2026-09-23T22:40:28.470Z
DEMO-DEV-4160,160,2022-10-08T18:46:04.975Z,2026-09-12T22:23:40.026Z
DEMO-DEV-4174,160,2022-10-01T18:43:33.264Z,2026-09-23T23:10:21.040Z
DEMO-DEV-4313,160,2022-10-03T07:47:14.319Z,2026-09-30T06:02:04.799Z
DEMO-DEV-4325,160,2022-10-04T09:19:40.253Z,2026-09-28T07:53:22.702Z
DEMO-DEV-4371,160,2022-10-09T10:39:37.319Z,2026-09-28T17:12:02.795Z
DEMO-DEV-4377,160,2022-10-01T15:49:17.816Z,2026-09-16T16:40:03.793Z
DEMO-DEV-4379,160,2022-10-06T17:51:36.527Z,2026-09-22T07:48:13.655Z
DEMO-DEV-4395,160,2022-10-03T16:00:44.462Z,2026-09-21T18:08:51.040Z
DEMO-DEV-4439,160,2022-10-04T07:23:23.926Z,2026-09-13T02:28:22.291Z
DEMO-DEV-4451,160,2022-10-03T16:49:14.250Z,2026-09-29T05:11:26.985Z
DEMO-DEV-4454,160,2022-10-06T21:30:27.612Z,2026-09-19T05:05:30.804Z
DEMO-DEV-4492,160,2022-10-07T17:10:35.357Z,2026-09-27T22:28:26.155Z
DEMO-DEV-4535,160,2022-11-12T00:05:03.867Z,2026-09-18T06:58:29.786Z
DEMO-DEV-4536,160,2022-10-20T04:25:06.505Z,2026-09-11T08:49:42.817Z
DEMO-DEV-4567,160,2022-10-11T04:54:08.987Z,2026-09-24T18:49:57.288Z
DEMO-DEV-4597,160,2022-10-04T02:25:46.524Z,2026-09-17T05:42:10.238Z
DEMO-DEV-4599,160,2022-10-11T22:10:08.368Z,2026-09-04T08:42:20.752Z
DEMO-DEV-4639,160,2022-10-02T03:10:20.138Z,2026-09-08T05:13:00.415Z
DEMO-DEV-4650,160,2022-10-01T19:15:37.368Z,2026-09-01T11:14:36.368Z
DEMO-DEV-4686,160,2022-10-14T19:11:41.591Z,2026-09-13T10:19:54.754Z
DEMO-DEV-4724,160,2022-10-11T14:33:06.173Z,2026-09-29T06:34:05.702Z
DEMO-DEV-4738,160,2022-10-01T10:23:18.785Z,2026-09-22T18:24:55.003Z
DEMO-DEV-4771,160,2022-10-06T21:09:40.524Z,2026-09-14T12:51:09.879Z
DEMO-DEV-4793,160,2022-10-09T01:38:27.253Z,2026-09-30T03:11:16.366Z
DEMO-DEV-4814,160,2022-10-02T14:27:43.063Z,2026-09-20T21:41:21.816Z
DEMO-DEV-4816,160,2022-10-03T10:00:25.037Z,2026-09-24T15:18:51.500Z
DEMO-DEV-4963,160,2022-10-15T00:01:19.655Z,2026-09-14T11:09:31.004Z
DEMO-DEV-5102,160,2022-10-12T06:49:45.545Z,2026-09-26T22:41:47.612Z
DEMO-DEV-5105,160,2022-10-08T22:55:39.557Z,2026-09-26T09:24:56.804Z
DEMO-DEV-5151,160,2022-10-04T06:13:21.004Z,2026-09-28T09:57:04.040Z
DEMO-DEV-5178,160,2022-10-08T23:00:55.859Z,2026-09-29T19:41:33.568Z
DEMO-DEV-5245,160,2022-10-12T12:32:21.391Z,2026-09-16T04:26:10.614Z
DEMO-DEV-5277,160,2022-10-17T18:20:52.605Z,2026-09-28T11:26:02.172Z
DEMO-DEV-5319,160,2022-10-06T09:09:35.989Z,2026-09-12T07:31:52.786Z
DEMO-DEV-5397,160,2022-10-09T13:25:35.368Z,2026-09-28T03:41:00.250Z
DEMO-DEV-5409,160,2022-10-03T02:18:36.676Z,2026-09-21T17:11:11.523Z
DEMO-DEV-5421,160,2022-10-06T16:19:37.661Z,2026-09-24T17:02:11.442Z
DEMO-DEV-5451,160,2022-10-22T10:47:18.402Z,2026-09-29T09:36:51.646Z
DEMO-DEV-5455,160,2022-10-11T12:17:30.778Z,2026-09-27T15:54:17.929Z
DEMO-DEV-5538,160,2022-10-05T03:37:46.068Z,2026-09-21T06:54:35.391Z
DEMO-DEV-5557,160,2022-10-13T08:53:41.597Z,2026-09-21T19:29:34.989Z
DEMO-DEV-5558,160,2022-10-09T12:56:43.754Z,2026-09-27T22:10:12.037Z
DEMO-DEV-5559,160,2022-10-02T08:27:13.863Z,2026-09-03T12:30:34.527Z
DEMO-DEV-5584,160,2022-10-03T21:06:40.915Z,2026-09-25T16:08:31.607Z
DEMO-DEV-5591,160,2022-10-09T17:37:14.319Z,2026-09-26T23:51:48.803Z
DEMO-DEV-5600,160,2022-10-10T04:07:57.648Z,2026-09-17T22:45:47.666Z
DEMO-DEV-5677,160,2022-10-16T23:36:46.752Z,2026-09-14T21:50:07.752Z
DEMO-DEV-5695,160,2022-10-05T08:31:11.183Z,2026-09-26T05:34:42.612Z
DEMO-DEV-5698,160,2022-10-13T01:50:50.843Z,2026-09-29T14:12:22.253Z
DEMO-DEV-5713,160,2022-10-02T08:47:37.682Z,2026-09-15T01:47:23.167Z
DEMO-DEV-5749,160,2022-10-04T06:04:12.189Z,2026-09-26T18:43:36.068Z
DEMO-DEV-5759,160,2022-10-13T23:43:12.524Z,2026-09-03T06:41:54.354Z
DEMO-DEV-5777,160,2022-10-03T04:57:26.591Z,2026-09-17T19:12:13.692Z
DEMO-DEV-5810,160,2022-10-06T13:50:19.568Z,2026-09-28T02:13:28.968Z
DEMO-DEV-5826,160,2022-10-02T23:01:46.402Z,2026-09-25T12:32:49.190Z
DEMO-DEV-5847,160,2022-10-10T18:24:33.929Z,2026-09-29T13:39:53.027Z
DEMO-DEV-5905,160,2022-10-05T00:01:34.968Z,2026-09-29T05:27:20.345Z
DEMO-DEV-5958,160,2022-10-01T12:12:17.357Z,2026-09-25T06:18:12.307Z
DEMO-DEV-6007,160,2022-10-04T12:42:08.021Z,2026-09-29T10:01:34.993Z
DEMO-DEV-6020,160,2022-10-02T10:04:19.968Z,2026-09-25T19:43:20.524Z
DEMO-DEV-6033,160,2022-10-02T12:08:18.891Z,2026-09-26T11:55:26.817Z
DEMO-DEV-6049,160,2022-10-22T12:52:22.325Z,2026-09-29T05:04:54.230Z
DEMO-DEV-6066,160,2022-10-14T02:24:35.300Z,2026-09-27T16:05:01.524Z
DEMO-DEV-6112,160,2022-10-06T14:18:51.239Z,2026-09-28T15:24:19.568Z
DEMO-DEV-6113,160,2022-10-02T12:36:22.929Z,2026-09-18T13:37:21.298Z
DEMO-DEV-6184,160,2022-10-07T11:05:27.851Z,2026-09-26T07:50:32.192Z
DEMO-DEV-6189,160,2022-10-01T22:20:29.192Z,2026-09-28T16:43:24.236Z
DEMO-DEV-6196,160,2022-10-04T04:03:58.993Z,2026-09-17T09:38:48.123Z
DEMO-DEV-6198,160,2022-10-07T09:37:38.289Z,2026-09-29T22:04:34.648Z
DEMO-DEV-6199,160,2022-10-07T06:52:56.352Z,2026-09-27T09:27:47.578Z
DEMO-DEV-6208,160,2022-10-12T20:57:57.799Z,2026-09-20T20:23:02.913Z
DEMO-DEV-6363,160,2022-10-05T11:32:07.087Z,2026-09-19T01:05:33.524Z
DEMO-DEV-6366,160,2022-10-01T16:28:20.914Z,2026-09-25T01:16:18.648Z
DEMO-DEV-6538,160,2022-10-21T12:43:11.226Z,2026-09-12T22:55:01.599Z
DEMO-DEV-6591,160,2022-10-08T02:22:43.470Z,2026-09-12T06:33:24.782Z
DEMO-DEV-6594,160,2022-11-04T08:07:29.428Z,2026-09-21T20:18:55.190Z
DEMO-DEV-6596,160,2022-10-06T21:55:25.287Z,2026-09-25T00:28:13.557Z
DEMO-DEV-6630,160,2022-10-02T00:40:37.224Z,2026-09-16T19:13:49.415Z
DEMO-DEV-6731,160,2022-10-02T21:39:06.077Z,2026-09-25T03:51:35.172Z
DEMO-DEV-6796,160,2022-10-02T00:57:40.795Z,2026-09-20T01:14:44.004Z
DEMO-DEV-6809,160,2022-10-14T12:49:51.989Z,2026-09-28T00:54:24.817Z
DEMO-DEV-6835,160,2022-10-03T03:08:54.966Z,2026-09-25T23:22:45.859Z
DEMO-DEV-6867,160,2022-10-03T04:34:20.027Z,2026-09-17T01:12:44.816Z
DEMO-DEV-6869,160,2022-10-13T17:52:39.591Z,2026-09-25T04:35:55.455Z
DEMO-DEV-6940,160,2022-10-05T02:02:39.134Z,2026-09-22T13:33:29.428Z
DEMO-DEV-6951,160,2022-10-03T23:54:53.784Z,2026-09-23T07:39:10.949Z
DEMO-DEV-6952,160,2022-10-03T16:09:21.208Z,2026-09-23T10:38:52.345Z
DEMO-DEV-6971,160,2022-10-07T07:25:25.172Z,2026-09-29T15:30:42.524Z
DEMO-DEV-7004,160,2022-10-13T21:28:25.778Z,2026-09-29T17:18:10.969Z
DEMO-DEV-7037,160,2022-10-03T07:29:19.648Z,2026-09-21T03:20:32.134Z
DEMO-DEV-7048,160,2022-10-09T04:16:25.817Z,2026-09-13T01:53:44.470Z
DEMO-DEV-7149,160,2022-10-14T04:04:32.165Z,2026-09-24T02:45:30.308Z
DEMO-DEV-7160,160,2022-10-05T13:05:45.508Z,2026-09-27T17:52:32.370Z
DEMO-DEV-7273,160,2022-10-03T08:15:59.289Z,2026-09-28T09:22:45.172Z
DEMO-DEV-7288,160,2022-10-07T19:55:40.015Z,2026-09-28T03:42:25.816Z
DEMO-DEV-7315,160,2022-10-04T12:53:40.607Z,2026-09-29T22:54:03.578Z
DEMO-DEV-7323,160,2022-10-03T20:28:05.219Z,2026-09-29T21:15:54.859Z
DEMO-DEV-7330,160,2022-10-05T04:44:54.655Z,2026-09-25T01:14:06.752Z
DEMO-DEV-7346,160,2022-10-16T04:10:49.288Z,2026-09-11T14:57:16.735Z
DEMO-DEV-7354,160,2022-10-20T01:29:47.234Z,2026-09-28T02:37:20.337Z
DEMO-DEV-7369,160,2022-11-01T10:20:49.308Z,2026-09-15T04:04:38.865Z
DEMO-DEV-7384,160,2022-10-08T10:51:53.785Z,2026-09-30T04:15:36.915Z
DEMO-DEV-7406,160,2022-10-23T18:19:42.926Z,2026-09-25T12:48:46.578Z
DEMO-DEV-7407,160,2022-10-13T17:31:47.370Z,2026-09-15T10:51:40.841Z
DEMO-DEV-7419,160,2022-10-01T17:22:41.415Z,2026-09-18T20:01:40.969Z
DEMO-DEV-7450,160,2022-10-09T23:31:24.666Z,2026-09-28T20:50:14.120Z
DEMO-DEV-7480,160,2022-10-07T02:28:32.653Z,2026-09-28T04:56:31.989Z
DEMO-DEV-7520,160,2022-10-09T09:47:36.524Z,2026-09-20T04:10:19.605Z
DEMO-DEV-7603,160,2022-11-13T14:39:24.391Z,2026-09-27T22:41:10.172Z
DEMO-DEV-7653,160,2022-10-11T05:55:03.026Z,2026-09-30T07:29:38.792Z
DEMO-DEV-7700,160,2022-10-24T15:08:49.557Z,2026-09-28T20:17:50.272Z
DEMO-DEV-7759,160,2022-10-11T08:27:05.075Z,2026-09-22T05:28:34.403Z
DEMO-DEV-7777,160,2022-10-06T05:05:10.804Z,2026-09-30T06:49:46.836Z
DEMO-DEV-7792,160,2022-10-04T03:52:51.523Z,2026-09-27T12:29:04.968Z
DEMO-DEV-7817,160,2022-10-08T04:35:42.428Z,2026-09-10T02:01:15.190Z
DEMO-DEV-7879,160,2022-10-09T23:00:39.415Z,2026-09-02T14:12:56.063Z
DEMO-DEV-8034,160,2022-10-04T02:02:15.165Z,2026-09-28T11:05:02.253Z
DEMO-DEV-8035,160,2022-10-17T20:46:38.192Z,2026-09-23T02:24:20.168Z
DEMO-DEV-8055,160,2022-10-01T17:58:08.366Z,2026-09-08T11:36:53.811Z
DEMO-DEV-8071,160,2022-10-09T16:24:28.203Z,2026-09-24T13:58:21.870Z
DEMO-DEV-8079,160,2022-10-17T10:52:58.224Z,2026-09-15T03:06:02.885Z
DEMO-DEV-8228,160,2022-10-07T10:31:07.702Z,2026-09-27T21:01:29.688Z
DEMO-DEV-8244,160,2022-10-07T00:45:01.799Z,2026-09-27T17:31:20.057Z
DEMO-DEV-8265,160,2022-10-07T19:43:35.218Z,2026-09-08T05:52:22.302Z
DEMO-DEV-8279,160,2022-10-11T20:47:54.203Z,2026-09-28T12:54:05.556Z
DEMO-DEV-8297,160,2022-10-06T17:30:19.415Z,2026-09-21T05:35:20.222Z
DEMO-DEV-8368,160,2022-10-01T12:48:04.817Z,2026-09-29T17:34:38.403Z
DEMO-DEV-8380,160,2022-10-09T19:18:24.692Z,2026-09-27T22:57:57.239Z
DEMO-DEV-8395,160,2022-10-10T11:04:15.068Z,2026-09-16T01:45:30.778Z
DEMO-DEV-8407,160,2022-10-12T04:46:59.289Z,2026-09-29T06:53:48.527Z
DEMO-DEV-8456,160,2022-10-19T17:59:32.063Z,2026-09-27T17:28:26.027Z
DEMO-DEV-8544,160,2022-10-03T03:13:35.087Z,2026-09-26T18:35:18.870Z
DEMO-DEV-8606,160,2022-10-02T05:34:19.929Z,2026-09-22T03:22:39.804Z
DEMO-DEV-8624,160,2022-10-08T09:57:18.189Z,2026-09-25T02:50:40.511Z
DEMO-DEV-8669,160,2022-10-08T12:25:07.090Z,2026-09-27T12:57:49.799Z
DEMO-DEV-8680,160,2022-10-10T16:40:12.537Z,2026-09-29T21:25:16.026Z
DEMO-DEV-8694,160,2022-10-04T20:24:42.443Z,2026-09-25T10:06:12.873Z
DEMO-DEV-8719,160,2022-10-08T03:01:07.462Z,2026-09-07T06:46:31.519Z
DEMO-DEV-8764,160,2022-10-10T11:23:13.168Z,2026-09-27T15:43:23.913Z
DEMO-DEV-8774,160,2022-10-04T11:53:45.403Z,2026-09-26T14:50:12.455Z
DEMO-DEV-8806,160,2022-10-07T18:52:05.879Z,2026-09-28T14:03:57.975Z
DEMO-DEV-8811,160,2022-10-06T21:23:44.568Z,2026-09-21T09:15:01.470Z
DEMO-DEV-8852,160,2022-10-02T06:01:52.655Z,2026-09-22T11:53:52.192Z
DEMO-DEV-8857,160,2022-10-16T01:42:18.173Z,2026-09-26T10:08:56.926Z
DEMO-DEV-8858,160,2022-10-04T23:50:13.658Z,2026-08-18T14:27:37.287Z
DEMO-DEV-8863,160,2022-10-02T06:20:08.068Z,2026-09-21T21:06:18.636Z
DEMO-DEV-8865,160,2022-10-09T18:52:09.817Z,2026-09-14T07:15:17.493Z
DEMO-DEV-8874,160,2022-10-01T16:45:27.155Z,2026-09-25T16:39:27.612Z
DEMO-DEV-8930,160,2022-10-22T14:42:15.873Z,2026-09-06T16:34:40.817Z
DEMO-DEV-8994,160,2022-10-02T00:26:46.968Z,2026-09-29T20:55:00.298Z
DEMO-DEV-9024,160,2022-10-10T04:48:31.785Z,2026-09-29T12:06:11.203Z
DEMO-DEV-9128,160,2022-10-03T21:08:10.024Z,2026-09-20T13:26:39.219Z
DEMO-DEV-9146,160,2022-10-04T12:33:40.851Z,2026-09-19T01:35:00.636Z
DEMO-DEV-9184,160,2022-10-04T05:51:23.639Z,2026-09-24T13:07:42.238Z
DEMO-DEV-9200,160,2022-10-08T00:30:55.160Z,2026-09-06T17:39:13.319Z
DEMO-DEV-9217,160,2022-10-18T16:15:21.037Z,2026-09-20T18:31:07.915Z
DEMO-DEV-9247,160,2022-10-01T20:12:27.692Z,2026-08-24T01:31:37.038Z
DEMO-DEV-9275,160,2022-10-04T13:59:35.077Z,2026-09-14T19:12:29.842Z
DEMO-DEV-9333,160,2022-10-01T11:42:22.394Z,2026-09-22T18:06:12.268Z
DEMO-DEV-9363,160,2022-10-01T17:05:26.368Z,2026-08-22T05:07:26.026Z
DEMO-DEV-9411,160,2022-10-03T06:19:27.087Z,2026-09-27T20:20:30.879Z
DEMO-DEV-9414,160,2022-10-04T18:08:17.851Z,2026-09-03T04:45:56.238Z
DEMO-DEV-9427,160,2022-10-08T18:40:48.394Z,2026-09-27T18:08:30.365Z
DEMO-DEV-9556,160,2022-10-08T22:34:03.503Z,2026-09-23T18:59:33.428Z
DEMO-DEV-9561,160,2022-10-22T09:49:26.992Z,2026-09-09T04:09:30.027Z
DEMO-DEV-9563,160,2022-10-16T10:09:41.087Z,2026-09-23T02:40:25.785Z
DEMO-DEV-9589,160,2022-10-10T08:15:21.087Z,2026-09-30T01:21:57.989Z
DEMO-DEV-9642,160,2022-10-04T14:35:48.799Z,2026-09-27T23:13:42.221Z
DEMO-DEV-9694,160,2022-10-04T13:24:14.648Z,2026-09-22T09:36:43.877Z
DEMO-DEV-9729,160,2022-10-15T05:58:25.804Z,2026-09-24T09:14:14.087Z
DEMO-DEV-9786,160,2022-10-03T07:59:06.884Z,2026-09-19T15:29:02.612Z
DEMO-DEV-9820,160,2022-10-15T20:50:00.466Z,2026-09-29T09:54:48.555Z
DEMO-DEV-9849,160,2022-10-03T07:29:47.472Z,2026-09-29T17:15:54.817Z
DEMO-DEV-9954,160,2022-10-07T02:31:35.605Z,2026-09-20T04:15:16.087Z
DEMO-DEV-9992,160,2022-10-01T17:34:31.252Z,2026-09-27T00:26:28.646Z
DEMO-DEV-0026,159,2022-10-02T10:21:23.825Z,2026-09-24T16:11:41.710Z
DEMO-DEV-0029,159,2022-10-02T06:05:13.965Z,2026-09-28T09:18:24.394Z
DEMO-DEV-0041,159,2022-10-18T02:08:12.584Z,2026-09-26T18:02:01.811Z
DEMO-DEV-0091,159,2022-10-11T21:15:28.252Z,2026-09-30T00:02:34.368Z
DEMO-DEV-0104,159,2022-10-18T21:00:46.885Z,2026-09-14T00:01:03.752Z
DEMO-DEV-0130,159,2022-10-01T23:17:07.989Z,2026-09-27T23:36:18.851Z
DEMO-DEV-0136,159,2022-10-10T06:27:00.735Z,2026-09-29T22:21:49.167Z
DEMO-DEV-0188,159,2022-10-04T20:15:54.511Z,2026-09-16T21:38:35.205Z
DEMO-DEV-0365,159,2022-10-08T21:14:07.232Z,2026-09-30T04:20:58.868Z
DEMO-DEV-0394,159,2022-10-15T04:39:24.172Z,2026-08-25T00:41:48.298Z
DEMO-DEV-0418,159,2022-10-29T06:01:08.415Z,2026-09-21T10:29:12.460Z
DEMO-DEV-0446,159,2022-10-20T21:13:43.568Z,2026-09-22T04:20:38.714Z
DEMO-DEV-0544,159,2022-10-09T23:28:26.929Z,2026-09-17T08:53:01.120Z
DEMO-DEV-0577,159,2022-10-06T10:01:09.578Z,2026-09-25T11:19:49.026Z
DEMO-DEV-0594,159,2022-10-16T03:56:54.337Z,2026-09-04T03:07:37.612Z
DEMO-DEV-0600,159,2022-10-06T14:53:13.319Z,2026-09-20T22:12:09.307Z
DEMO-DEV-0672,159,2022-10-03T04:31:47.989Z,2026-09-28T15:54:59.505Z
DEMO-DEV-0702,159,2022-10-03T01:24:40.087Z,2026-09-30T01:13:53.254Z
DEMO-DEV-0714,159,2022-10-06T13:55:09.397Z,2026-09-11T09:34:17.870Z
DEMO-DEV-0831,159,2022-10-03T13:04:40.692Z,2026-09-22T09:55:16.315Z
DEMO-DEV-0848,159,2022-10-02T09:27:51.230Z,2026-09-30T01:59:34.403Z
DEMO-DEV-0869,159,2022-10-02T05:56:00.038Z,2026-09-29T11:29:00.727Z
DEMO-DEV-0877,159,2022-10-10T09:09:07.913Z,2026-09-27T08:40:03.497Z
DEMO-DEV-0894,159,2022-10-02T12:57:57.250Z,2026-09-25T20:44:28.666Z
DEMO-DEV-0934,159,2022-10-07T13:02:00.607Z,2026-09-26T07:11:05.497Z
DEMO-DEV-0987,159,2022-10-23T06:14:25.160Z,2026-09-12T09:29:22.307Z
DEMO-DEV-1092,159,2022-10-06T07:35:04.203Z,2026-09-29T00:52:50.428Z
DEMO-DEV-1142,159,2022-10-03T00:01:31.785Z,2026-09-24T20:56:39.138Z
DEMO-DEV-1183,159,2022-10-02T03:53:56.063Z,2026-09-18T13:23:05.929Z
DEMO-DEV-1262,159,2022-10-24T12:20:58.203Z,2026-09-26T12:30:20.765Z
DEMO-DEV-1270,159,2022-10-03T11:18:07.027Z,2026-09-28T19:03:09.863Z
DEMO-DEV-1277,159,2022-10-02T00:47:51.443Z,2026-08-27T18:24:08.778Z
DEMO-DEV-1286,159,2022-10-02T10:37:01.914Z,2026-09-22T19:36:09.599Z
DEMO-DEV-1407,159,2022-10-08T22:58:47.246Z,2026-09-28T16:03:31.493Z
DEMO-DEV-1500,159,2022-10-06T12:37:39.752Z,2026-09-10T17:33:33.969Z
DEMO-DEV-1513,159,2022-10-08T19:24:07.298Z,2026-09-25T01:38:58.682Z
DEMO-DEV-1516,159,2022-10-05T06:13:24.913Z,2026-09-28T11:14:32.914Z
DEMO-DEV-1566,159,2022-10-01T10:59:54.926Z,2026-09-22T19:59:46.307Z
DEMO-DEV-1592,159,2022-10-09T12:23:47.428Z,2026-09-24T20:33:25.368Z
DEMO-DEV-1610,159,2022-10-02T00:12:11.786Z,2026-09-23T00:55:19.234Z
DEMO-DEV-1654,159,2022-10-09T17:23:31.879Z,2026-09-25T15:55:58.160Z
DEMO-DEV-1672,159,2022-10-09T08:42:58.288Z,2026-09-17T10:04:56.291Z
DEMO-DEV-1674,159,2022-10-05T11:37:37.968Z,2026-09-17T05:55:23.462Z
DEMO-DEV-1678,159,2022-10-07T03:10:52.666Z,2026-09-29T22:26:39.352Z
DEMO-DEV-1700,159,2022-10-16T10:50:58.765Z,2026-09-24T16:51:13.948Z
DEMO-DEV-1710,159,2022-10-11T13:00:11.300Z,2026-09-27T08:12:06.168Z
DEMO-DEV-1717,159,2022-10-15T03:08:42.524Z,2026-09-29T01:33:57.786Z
DEMO-DEV-1730,159,2022-10-11T07:15:22.446Z,2026-09-27T22:29:32.485Z
DEMO-DEV-1743,159,2022-10-21T00:35:08.555Z,2026-09-30T03:09:16.676Z
DEMO-DEV-1746,159,2022-10-12T02:52:20.966Z,2026-09-18T06:12:18.968Z
DEMO-DEV-1768,159,2022-10-06T02:24:01.460Z,2026-09-17T17:26:33.702Z
DEMO-DEV-1770,159,2022-10-08T04:44:27.987Z,2026-09-25T00:18:05.120Z
DEMO-DEV-1789,159,2022-10-15T12:40:24.949Z,2026-09-19T10:11:05.870Z
DEMO-DEV-1799,159,2022-10-04T22:33:27.172Z,2026-08-28T20:49:15.527Z
DEMO-DEV-1859,159,2022-10-01T17:02:33.172Z,2026-09-05T04:44:56.428Z
DEMO-DEV-1959,159,2022-10-20T10:05:13.968Z,2026-09-14T22:51:30.965Z
DEMO-DEV-1987,159,2022-10-21T22:09:09.786Z,2026-08-27T19:38:15.192Z
DEMO-DEV-2016,159,2022-10-01T20:33:28.307Z,2026-09-22T21:41:46.291Z
DEMO-DEV-2069,159,2022-10-05T12:01:05.026Z,2026-08-22T13:54:17.366Z
DEMO-DEV-2095,159,2022-10-07T03:19:51.727Z,2026-09-26T20:26:19.599Z
DEMO-DEV-2123,159,2022-10-12T10:38:42.080Z,2026-09-25T08:22:03.409Z
DEMO-DEV-2126,159,2022-10-13T23:21:28.493Z,2026-09-22T10:52:00.599Z
DEMO-DEV-2156,159,2022-10-02T20:24:29.165Z,2026-09-26T20:21:29.366Z
DEMO-DEV-2249,159,2022-10-08T04:29:50.325Z,2026-09-12T06:52:00.254Z
DEMO-DEV-2315,159,2022-10-10T05:24:33.415Z,2026-09-21T18:31:45.268Z
DEMO-DEV-2414,159,2022-10-02T11:19:00.735Z,2026-09-29T11:53:45.014Z
DEMO-DEV-2484,159,2022-10-28T22:22:21.307Z,2026-09-25T06:34:23.307Z
DEMO-DEV-2501,159,2022-10-25T15:44:52.949Z,2026-09-24T00:51:21.618Z
DEMO-DEV-2522,159,2022-10-11T12:51:45.719Z,2026-09-22T01:54:10.824Z
DEMO-DEV-2529,159,2022-10-10T21:17:34.974Z,2026-09-18T07:53:29.264Z
DEMO-DEV-2531,159,2022-10-26T19:13:09.535Z,2026-09-27T20:54:34.556Z
DEMO-DEV-2593,159,2022-10-05T13:31:19.472Z,2026-09-24T07:53:57.545Z
DEMO-DEV-2605,159,2022-10-10T13:46:51.859Z,2026-08-31T08:32:16.612Z
DEMO-DEV-2631,159,2022-10-23T00:41:43.409Z,2026-09-25T16:40:02.470Z
DEMO-DEV-2636,159,2022-10-14T05:11:37.648Z,2026-09-27T22:00:54.190Z
DEMO-DEV-2723,159,2022-10-08T19:34:36.527Z,2026-09-27T20:46:41.519Z
DEMO-DEV-2896,159,2022-10-07T03:54:06.556Z,2026-09-25T00:54:29.183Z
DEMO-DEV-2925,159,2022-10-17T12:08:38.252Z,2026-09-21T03:04:31.394Z
DEMO-DEV-2944,159,2022-10-12T02:15:34.795Z,2026-09-16T00:30:34.965Z
DEMO-DEV-2991,159,2022-10-04T17:11:09.225Z,2026-09-25T04:21:59.987Z
DEMO-DEV-3006,159,2022-10-19T10:48:27.466Z,2026-09-04T22:51:06.557Z
DEMO-DEV-3031,159,2022-10-02T13:43:06.605Z,2026-09-20T12:51:33.969Z
DEMO-DEV-3036,159,2022-10-02T15:27:12.793Z,2026-09-29T14:04:07.976Z
DEMO-DEV-3051,159,2022-10-07T07:21:53.234Z,2026-09-29T23:12:43.859Z
DEMO-DEV-3055,159,2022-10-16T00:08:21.470Z,2026-09-29T12:25:31.077Z
DEMO-DEV-3059,159,2022-10-05T23:43:03.668Z,2026-09-27T22:58:58.524Z
DEMO-DEV-3106,159,2022-10-02T23:52:45.015Z,2026-09-27T14:04:53.648Z
DEMO-DEV-3119,159,2022-10-08T14:39:20.288Z,2026-09-04T22:08:26.500Z
DEMO-DEV-3122,159,2022-10-11T22:55:01.368Z,2026-09-12T11:53:01.319Z
DEMO-DEV-3162,159,2022-10-07T10:19:12.357Z,2026-09-27T22:26:14.003Z
DEMO-DEV-3176,159,2022-10-06T11:40:10.497Z,2026-09-30T06:48:53.968Z
DEMO-DEV-3187,159,2022-11-05T15:50:35.264Z,2026-09-28T04:29:46.917Z
DEMO-DEV-3270,159,2022-10-20T20:07:44.045Z,2026-09-27T18:25:48.500Z
DEMO-DEV-3272,159,2022-10-13T16:53:05.357Z,2026-09-20T19:50:03.661Z
DEMO-DEV-3296,159,2022-11-03T20:40:58.782Z,2026-09-18T14:54:09.337Z
DEMO-DEV-3299,159,2022-10-09T13:02:14.612Z,2026-09-22T14:55:07.139Z
DEMO-DEV-3314,159,2022-10-13T07:50:01.989Z,2026-08-21T02:08:10.824Z
DEMO-DEV-3324,159,2022-10-24T18:13:16.795Z,2026-09-28T04:41:18.503Z
DEMO-DEV-3373,159,2022-10-02T22:12:44.352Z,2026-09-25T18:43:22.428Z
DEMO-DEV-3413,159,2022-10-01T22:26:47.190Z,2026-09-14T01:53:33.885Z
DEMO-DEV-3473,159,2022-10-04T05:32:11.556Z,2026-09-28T20:25:58.203Z
DEMO-DEV-3484,159,2022-10-09T15:56:23.568Z,2026-09-18T05:56:16.027Z
DEMO-DEV-3494,159,2022-10-08T20:20:43.786Z,2026-09-19T05:16:26.205Z
DEMO-DEV-3616,159,2022-10-09T13:40:00.653Z,2026-09-28T20:44:07.203Z
DEMO-DEV-3629,159,2022-10-02T20:03:16.023Z,2026-09-28T15:27:01.646Z
DEMO-DEV-3688,159,2022-10-06T06:47:24.014Z,2026-09-26T21:56:14.646Z
DEMO-DEV-3689,159,2022-10-05T20:08:52.428Z,2026-09-03T05:56:26.239Z
DEMO-DEV-3701,159,2022-10-17T15:10:39.913Z,2026-09-30T05:33:54.811Z
DEMO-DEV-3709,159,2022-10-14T22:12:08.345Z,2026-09-21T02:34:48.873Z
DEMO-DEV-3719,159,2022-10-05T19:02:42.189Z,2026-09-20T00:54:08.394Z
DEMO-DEV-3735,159,2022-10-11T16:47:46.218Z,2026-09-25T21:08:23.877Z
DEMO-DEV-3784,159,2022-10-04T03:41:12.246Z,2026-09-26T03:13:02.929Z
DEMO-DEV-3817,159,2022-10-02T01:13:01.778Z,2026-09-22T01:52:18.597Z
DEMO-DEV-3855,159,2022-10-24T03:53:02.368Z,2026-09-19T02:39:50.021Z
DEMO-DEV-3861,159,2022-11-14T16:59:14.714Z,2026-09-05T06:54:04.443Z
DEMO-DEV-3895,159,2022-10-08T06:11:06.870Z,2026-07-28T19:40:22.222Z
DEMO-DEV-3979,159,2022-10-15T04:15:13.205Z,2026-09-27T07:36:01.865Z
DEMO-DEV-4063,159,2022-10-06T16:32:34.205Z,2026-09-20T10:19:54.929Z
DEMO-DEV-4166,159,2022-10-04T04:08:05.319Z,2026-09-08T05:23:21.966Z
DEMO-DEV-4283,159,2022-10-04T02:39:18.352Z,2026-09-17T15:05:47.222Z
DEMO-DEV-4301,159,2022-10-11T19:57:58.754Z,2026-09-24T07:04:57.605Z
DEMO-DEV-4339,159,2022-10-03T18:59:02.365Z,2026-09-18T03:24:59.639Z
DEMO-DEV-4409,159,2022-10-05T04:01:58.868Z,2026-09-19T15:45:43.021Z
DEMO-DEV-4423,159,2022-10-16T18:07:30.038Z,2026-09-14T22:16:02.352Z
DEMO-DEV-4448,159,2022-10-05T21:43:01.555Z,2026-09-23T22:54:59.068Z
DEMO-DEV-4458,159,2022-10-05T18:03:12.190Z,2026-09-19T00:51:41.080Z
DEMO-DEV-4467,159,2022-10-04T04:08:53.211Z,2026-09-14T06:14:42.308Z
DEMO-DEV-4485,159,2022-10-10T02:49:25.985Z,2026-09-17T10:17:08.045Z
DEMO-DEV-4532,159,2022-10-02T07:51:03.319Z,2026-09-23T22:12:08.523Z
DEMO-DEV-4587,159,2022-10-09T01:33:33.793Z,2026-09-27T20:36:47.754Z
DEMO-DEV-4600,159,2022-10-23T09:59:32.319Z,2026-09-28T17:42:51.123Z
DEMO-DEV-4617,159,2022-10-12T10:43:10.204Z,2026-09-15T04:01:29.892Z
DEMO-DEV-4620,159,2022-10-09T18:44:20.842Z,2026-09-03T02:23:13.702Z
DEMO-DEV-4696,159,2022-10-02T15:39:37.786Z,2026-09-21T00:37:20.778Z
DEMO-DEV-4700,159,2022-10-01T08:47:42.040Z,2026-09-24T13:05:27.446Z
DEMO-DEV-4722,159,2022-10-04T18:15:11.428Z,2026-09-08T16:21:49.352Z
DEMO-DEV-4776,159,2022-10-03T15:21:24.867Z,2026-09-30T02:32:02.523Z
DEMO-DEV-4791,159,2022-10-08T21:36:28.727Z,2026-09-15T11:41:28.682Z
DEMO-DEV-4851,159,2022-10-03T09:45:31.057Z,2026-09-26T10:22:18.368Z
DEMO-DEV-4887,159,2022-10-20T22:02:48.719Z,2026-09-28T02:26:35.661Z
DEMO-DEV-4919,159,2022-10-07T09:52:27.655Z,2026-08-31T05:17:21.134Z
DEMO-DEV-4931,159,2022-10-06T16:55:20.692Z,2026-09-07T02:34:28.254Z
DEMO-DEV-5008,159,2022-10-11T10:46:47.462Z,2026-09-19T08:36:19.472Z
DEMO-DEV-5018,159,2022-10-11T04:48:58.026Z,2026-09-28T23:40:21.989Z
DEMO-DEV-5020,159,2022-10-03T15:25:37.289Z,2026-09-27T10:33:37.307Z
DEMO-DEV-5022,159,2022-10-13T02:28:10.319Z,2026-09-22T05:59:48.026Z
DEMO-DEV-5101,159,2022-10-06T08:38:35.646Z,2026-09-13T14:51:02.873Z
DEMO-DEV-5128,159,2022-10-02T13:48:46.612Z,2026-09-29T12:07:25.816Z
DEMO-DEV-5163,159,2022-10-08T05:05:10.155Z,2026-09-27T07:25:31.719Z
DEMO-DEV-5180,159,2022-10-04T17:06:11.892Z,2026-09-30T01:38:48.710Z
DEMO-DEV-5220,159,2022-10-05T00:06:29.817Z,2026-09-26T07:27:06.859Z
DEMO-DEV-5232,159,2022-10-04T03:01:06.661Z,2026-09-21T19:57:39.253Z
DEMO-DEV-5312,159,2022-10-01T23:09:34.391Z,2026-09-27T14:27:11.288Z
DEMO-DEV-5354,159,2022-10-06T00:47:27.442Z,2026-09-26T10:05:51.646Z
DEMO-DEV-5372,159,2022-10-01T17:39:03.556Z,2026-09-16T08:31:12.203Z
DEMO-DEV-5401,159,2022-10-19T13:19:37.524Z,2026-09-29T13:18:20.646Z
DEMO-DEV-5408,159,2022-10-11T16:12:17.658Z,2026-09-26T22:39:30.394Z
DEMO-DEV-5458,159,2022-10-02T01:37:20.026Z,2026-09-28T12:48:23.003Z
DEMO-DEV-5473,159,2022-10-09T15:59:31.782Z,2026-09-25T07:56:04.555Z
DEMO-DEV-5489,159,2022-10-02T08:57:12.205Z,2026-09-25T08:59:44.803Z
DEMO-DEV-5506,159,2022-10-13T04:01:53.877Z,2026-09-24T02:39:11.015Z
DEMO-DEV-5533,159,2022-10-09T08:00:55.692Z,2026-09-24T04:24:31.123Z
DEMO-DEV-5586,159,2022-10-09T07:02:31.307Z,2026-09-24T22:29:30.246Z
DEMO-DEV-5641,159,2022-10-11T18:01:03.519Z,2026-09-26T10:47:17.646Z
DEMO-DEV-5675,159,2022-10-14T23:01:08.782Z,2026-09-21T10:14:03.682Z
DEMO-DEV-5684,159,2022-10-02T12:45:35.863Z,2026-09-22T09:15:17.211Z
DEMO-DEV-5734,159,2022-10-07T01:10:27.466Z,2026-09-02T02:40:17.472Z
DEMO-DEV-5769,159,2022-10-19T10:15:37.272Z,2026-09-30T03:35:31.003Z
DEMO-DEV-5823,159,2022-10-19T08:53:05.387Z,2026-09-18T21:52:44.557Z
DEMO-DEV-5961,159,2022-10-15T00:34:27.785Z,2026-09-27T01:59:00.024Z
DEMO-DEV-5996,159,2022-10-02T09:32:13.555Z,2026-09-24T06:28:41.557Z
DEMO-DEV-6026,159,2022-10-14T15:42:42.254Z,2026-09-21T16:29:19.023Z
DEMO-DEV-6086,159,2022-10-19T17:44:45.803Z,2026-09-26T22:21:05.816Z
DEMO-DEV-6106,159,2022-10-06T15:24:27.139Z,2026-09-19T10:18:07.428Z
DEMO-DEV-6156,159,2022-10-02T13:59:06.778Z,2026-09-29T00:28:49.225Z
DEMO-DEV-6166,159,2022-11-03T07:05:57.519Z,2026-09-22T19:16:26.037Z
DEMO-DEV-6244,159,2022-10-16T06:59:56.428Z,2026-09-03T20:57:16.219Z
DEMO-DEV-6267,159,2022-10-13T18:46:35.428Z,2026-09-28T23:09:51.917Z
DEMO-DEV-6284,159,2022-10-14T12:48:49.519Z,2026-09-08T16:03:29.225Z
DEMO-DEV-6291,159,2022-10-02T01:31:42.505Z,2026-09-28T11:08:00.443Z
DEMO-DEV-6298,159,2022-10-26T05:56:18.646Z,2026-09-20T01:31:17.167Z
DEMO-DEV-6335,159,2022-10-03T23:34:00.366Z,2026-09-30T07:00:30.752Z
DEMO-DEV-6485,159,2022-11-15T20:55:11.160Z,2026-09-19T01:10:23.291Z
DEMO-DEV-6489,159,2022-10-07T06:24:02.811Z,2026-08-23T18:56:50.915Z
DEMO-DEV-6551,159,2022-10-28T01:38:31.497Z,2026-09-18T21:05:47.841Z
DEMO-DEV-6568,159,2022-10-11T05:04:08.139Z,2026-09-28T02:44:10.366Z
DEMO-DEV-6598,159,2022-11-07T00:46:18.268Z,2026-09-25T07:40:06.003Z
DEMO-DEV-6602,159,2022-10-07T11:44:50.387Z,2026-09-04T15:27:24.891Z
DEMO-DEV-6646,159,2022-10-03T22:25:27.926Z,2026-09-22T06:18:59.846Z
DEMO-DEV-6691,159,2022-10-20T22:53:46.004Z,2026-09-12T12:18:58.646Z
DEMO-DEV-6699,159,2022-10-17T17:51:20.365Z,2026-09-15T14:26:05.976Z
DEMO-DEV-6700,159,2022-10-09T15:10:19.987Z,2026-09-25T06:30:32.992Z
DEMO-DEV-6739,159,2022-10-02T15:33:23.172Z,2026-08-27T00:08:33.298Z
DEMO-DEV-6750,159,2022-10-14T04:21:27.493Z,2026-08-21T22:01:59.003Z
DEMO-DEV-6754,159,2022-10-13T04:40:17.272Z,2026-09-25T07:08:15.307Z
DEMO-DEV-6777,159,2022-10-20T09:53:41.786Z,2026-09-25T23:33:58.688Z
DEMO-DEV-6798,159,2022-10-18T18:34:58.636Z,2026-09-21T03:08:22.239Z
DEMO-DEV-6827,159,2022-10-09T02:27:06.824Z,2026-09-27T04:59:41.668Z
DEMO-DEV-6870,159,2022-10-08T15:00:47.224Z,2026-09-20T00:34:46.816Z
DEMO-DEV-6943,159,2022-10-16T13:22:50.014Z,2026-09-21T05:00:12.864Z
DEMO-DEV-6965,159,2022-10-09T21:08:13.614Z,2026-09-30T05:50:16.368Z
DEMO-DEV-7024,159,2022-10-06T13:19:41.508Z,2026-09-29T10:02:44.870Z
DEMO-DEV-7152,159,2022-10-07T07:21:37.795Z,2026-09-27T04:57:22.023Z
DEMO-DEV-7158,159,2022-10-03T12:28:34.221Z,2026-09-27T10:45:16.203Z
DEMO-DEV-7210,159,2022-10-05T13:01:49.885Z,2026-09-27T07:27:33.917Z
DEMO-DEV-7262,159,2022-10-11T22:42:09.337Z,2026-08-21T13:53:23.225Z
DEMO-DEV-7317,159,2022-10-05T03:27:06.004Z,2026-08-29T07:49:40.870Z
DEMO-DEV-7327,159,2022-10-08T05:05:53.513Z,2026-09-25T23:45:30.428Z
DEMO-DEV-7332,159,2022-10-26T08:49:26.524Z,2026-09-27T09:18:32.390Z
DEMO-DEV-7376,159,2022-10-01T15:03:44.024Z,2026-09-27T20:50:43.877Z
DEMO-DEV-7446,159,2022-10-18T06:07:49.966Z,2026-09-14T01:59:40.870Z
DEMO-DEV-7451,159,2022-10-03T17:30:08.719Z,2026-09-21T17:29:06.057Z
DEMO-DEV-7486,159,2022-10-05T14:40:54.402Z,2026-09-25T06:52:48.455Z
DEMO-DEV-7487,159,2022-10-04T22:33:49.026Z,2026-09-21T22:45:51.989Z
DEMO-DEV-7495,159,2022-10-07T00:53:09.614Z,2026-09-17T06:15:02.120Z
DEMO-DEV-7513,159,2022-10-06T10:17:50.692Z,2026-09-27T08:51:50.545Z
DEMO-DEV-7514,159,2022-10-09T01:39:15.234Z,2026-09-20T06:36:19.172Z
DEMO-DEV-7519,159,2022-10-09T18:34:42.300Z,2026-09-16T16:10:54.325Z
DEMO-DEV-7538,159,2022-11-13T17:55:33.390Z,2026-09-10T05:08:32.884Z
DEMO-DEV-7542,159,2022-10-01T16:49:07.841Z,2026-09-25T14:53:29.503Z
DEMO-DEV-7563,159,2022-10-04T07:51:37.446Z,2026-09-27T22:10:23.460Z
DEMO-DEV-7680,159,2022-10-04T12:22:58.503Z,2026-08-23T23:02:54.676Z
DEMO-DEV-7728,159,2022-10-10T09:16:57.023Z,2026-09-27T14:18:41.612Z
DEMO-DEV-7734,159,2022-11-07T11:57:54.851Z,2026-09-25T03:06:00.150Z
DEMO-DEV-7761,159,2022-10-01T09:37:34.352Z,2026-09-23T08:12:31.446Z
DEMO-DEV-7786,159,2022-10-04T18:51:51.161Z,2026-09-28T05:21:55.513Z
DEMO-DEV-7857,159,2022-10-25T05:11:40.167Z,2026-09-25T02:54:08.524Z
DEMO-DEV-7861,159,2022-10-13T05:38:57.795Z,2026-09-29T23:29:38.442Z
DEMO-DEV-7864,159,2022-10-09T05:49:43.493Z,2026-09-19T09:37:12.302Z
DEMO-DEV-7935,159,2022-10-13T20:34:44.470Z,2026-09-20T05:53:12.948Z
DEMO-DEV-7969,159,2022-10-27T15:38:20.232Z,2026-09-28T08:45:37.466Z
DEMO-DEV-7993,159,2022-10-01T14:38:07.666Z,2026-09-19T01:43:45.618Z
DEMO-DEV-8015,159,2022-10-03T07:26:59.446Z,2026-09-26T00:07:23.926Z
DEMO-DEV-8042,159,2022-10-27T09:54:12.974Z,2026-09-28T20:44:39.307Z
DEMO-DEV-8059,159,2022-10-21T12:16:55.666Z,2026-09-25T17:46:37.584Z
DEMO-DEV-8132,159,2022-10-04T16:28:54.605Z,2026-09-17T06:09:28.950Z
DEMO-DEV-8148,159,2022-10-05T23:29:30.308Z,2026-08-26T12:35:26.825Z
DEMO-DEV-8293,159,2022-10-24T00:55:16.811Z,2026-09-13T18:08:48.646Z
DEMO-DEV-8315,159,2022-10-26T05:30:20.168Z,2026-09-06T12:10:30.513Z
DEMO-DEV-8351,159,2022-10-11T13:20:51.976Z,2026-09-20T21:28:31.653Z
DEMO-DEV-8360,159,2022-10-10T03:18:20.804Z,2026-09-27T11:10:45.155Z
DEMO-DEV-8390,159,2022-10-01T19:37:00.735Z,2026-08-29T01:18:26.394Z
DEMO-DEV-8394,159,2022-10-03T01:40:34.976Z,2026-09-10T10:10:46.929Z
DEMO-DEV-8435,159,2022-10-04T09:04:19.252Z,2026-09-27T05:20:58.523Z
DEMO-DEV-8438,159,2022-10-07T02:52:27.428Z,2026-09-29T07:30:56.236Z
DEMO-DEV-8528,159,2022-10-03T13:01:33.839Z,2026-09-29T16:28:25.836Z
DEMO-DEV-8532,159,2022-10-05T16:39:25.308Z,2026-09-24T17:19:15.026Z
DEMO-DEV-8607,159,2022-10-01T18:23:37.253Z,2026-09-17T16:15:40.804Z
DEMO-DEV-8618,159,2022-10-07T22:22:35.661Z,2026-09-27T06:01:52.824Z
DEMO-DEV-8654,159,2022-10-02T17:16:09.795Z,2026-09-09T22:00:26.989Z
DEMO-DEV-8679,159,2022-10-09T13:33:35.612Z,2026-09-28T09:52:00.969Z
DEMO-DEV-8687,159,2022-10-05T09:27:30.120Z,2026-09-27T01:08:44.648Z
DEMO-DEV-8809,159,2022-10-14T18:30:18.527Z,2026-09-30T02:50:46.975Z
DEMO-DEV-8818,159,2022-10-04T19:16:02.992Z,2026-09-29T21:34:37.578Z
DEMO-DEV-8847,159,2022-10-24T00:10:19.929Z,2026-09-26T13:56:46.192Z
DEMO-DEV-8911,159,2022-10-04T00:58:57.655Z,2026-09-30T04:13:13.203Z
DEMO-DEV-8922,159,2022-10-07T02:17:23.268Z,2026-09-26T05:30:57.612Z
DEMO-DEV-8926,159,2022-10-07T23:15:58.354Z,2026-09-22T17:07:01.639Z
DEMO-DEV-8934,159,2022-10-04T20:22:26.225Z,2026-09-28T15:43:53.817Z
DEMO-DEV-9015,159,2022-10-06T22:06:38.387Z,2026-09-07T23:22:58.073Z
DEMO-DEV-9047,159,2022-10-03T05:33:06.387Z,2026-09-16T17:14:45.661Z
DEMO-DEV-9049,159,2022-10-06T01:23:08.155Z,2026-09-28T12:49:50.315Z
DEMO-DEV-9056,159,2022-10-29T16:21:37.524Z,2026-09-20T23:07:02.868Z
DEMO-DEV-9067,159,2022-10-05T20:33:41.352Z,2026-09-15T05:15:54.268Z
DEMO-DEV-9068,159,2022-10-15T18:11:11.891Z,2026-09-29T11:26:04.345Z
DEMO-DEV-9072,159,2022-10-07T19:31:47.555Z,2026-09-28T23:35:37.264Z
DEMO-DEV-9101,159,2022-10-27T05:59:37.754Z,2026-09-29T21:54:07.192Z
DEMO-DEV-9135,159,2022-10-09T09:56:00.352Z,2026-09-01T05:11:57.556Z
DEMO-DEV-9186,159,2022-10-01T23:24:14.264Z,2026-09-20T17:05:50.021Z
DEMO-DEV-9190,159,2022-10-04T05:21:13.500Z,2026-09-29T03:58:37.682Z
DEMO-DEV-9376,159,2022-10-05T21:17:04.965Z,2026-09-23T06:59:14.352Z
DEMO-DEV-9488,159,2022-10-06T20:47:09.226Z,2026-09-12T12:26:40.167Z
DEMO-DEV-9530,159,2022-10-24T06:01:22.591Z,2026-09-01T15:38:03.873Z
DEMO-DEV-9595,159,2022-10-01T22:36:20.352Z,2026-09-12T20:11:25.252Z
DEMO-DEV-9598,159,2022-11-02T08:26:28.692Z,2026-09-25T21:41:52.250Z
DEMO-DEV-9631,159,2022-10-02T10:08:43.513Z,2026-09-27T15:07:19.537Z
DEMO-DEV-9643,159,2022-10-02T23:31:22.578Z,2026-09-28T01:21:35.993Z
DEMO-DEV-9648,159,2022-10-11T01:05:29.183Z,2026-09-22T15:26:07.370Z
DEMO-DEV-9660,159,2022-10-02T18:11:03.639Z,2026-08-29T13:47:55.205Z
DEMO-DEV-9683,159,2022-10-14T02:03:05.080Z,2026-09-26T11:44:03.120Z
DEMO-DEV-9689,159,2022-10-04T11:25:01.993Z,2026-09-27T04:21:04.232Z
DEMO-DEV-9721,159,2022-10-09T04:48:11.192Z,2026-09-26T18:47:00.867Z
DEMO-DEV-9791,159,2022-10-04T00:09:30.291Z,2026-09-27T10:00:47.646Z
DEMO-DEV-9822,159,2022-10-17T14:20:03.752Z,2026-09-26T02:25:21.208Z
DEMO-DEV-9825,159,2022-10-11T11:06:44.727Z,2026-09-25T16:00:14.556Z
DEMO-DEV-9848,159,2022-10-17T03:07:44.236Z,2026-09-26T07:39:58.497Z
DEMO-DEV-9851,159,2022-10-01T19:29:08.778Z,2026-09-28T04:39:45.160Z
DEMO-DEV-9872,159,2022-10-05T12:11:56.508Z,2026-09-14T04:08:40.735Z
DEMO-DEV-9888,159,2022-11-06T08:29:59.804Z,2026-09-24T23:38:28.138Z
DEMO-DEV-9896,159,2022-10-08T07:41:43.230Z,2026-09-04T05:46:36.661Z
DEMO-DEV-9939,159,2022-10-06T03:24:31.607Z,2026-09-30T00:43:43.319Z
DEMO-DEV-0019,158,2022-10-11T06:00:19.057Z,2026-09-28T00:22:37.868Z
DEMO-DEV-0053,158,2022-10-21T15:27:44.870Z,2026-09-30T05:13:42.792Z
DEMO-DEV-0112,158,2022-10-19T17:05:54.183Z,2026-09-26T19:36:40.288Z
DEMO-DEV-0135,158,2022-10-05T22:50:05.785Z,2026-09-26T14:10:17.203Z
DEMO-DEV-0213,158,2022-10-17T17:47:47.230Z,2026-09-24T11:49:06.556Z
DEMO-DEV-0250,158,2022-10-08T06:58:45.846Z,2026-09-29T06:04:00.442Z
DEMO-DEV-0283,158,2022-10-07T07:25:57.203Z,2026-09-15T11:08:31.319Z
DEMO-DEV-0323,158,2022-10-08T07:59:09.442Z,2026-09-20T23:02:55.253Z
DEMO-DEV-0367,158,2022-10-06T07:26:30.519Z,2026-09-28T13:27:02.021Z
DEMO-DEV-0370,158,2022-10-04T16:18:13.167Z,2026-09-27T18:54:58.218Z
DEMO-DEV-0398,158,2022-10-07T01:51:43.218Z,2026-09-25T16:13:11.929Z
DEMO-DEV-0422,158,2022-10-08T20:42:44.557Z,2026-09-20T10:31:57.226Z
DEMO-DEV-0468,158,2022-10-14T07:57:00.218Z,2026-09-17T04:31:57.607Z
DEMO-DEV-0524,158,2022-10-01T13:50:30.387Z,2026-09-05T06:12:55.403Z
DEMO-DEV-0535,158,2022-10-30T20:44:29.073Z,2026-09-22T08:28:42.442Z
DEMO-DEV-0579,158,2022-10-08T14:28:33.556Z,2026-09-19T04:03:03.442Z
DEMO-DEV-0592,158,2022-10-02T01:22:01.804Z,2026-09-21T01:43:34.754Z
DEMO-DEV-0595,158,2022-10-11T01:21:30.843Z,2026-09-25T17:33:13.523Z
DEMO-DEV-0612,158,2022-10-02T22:29:17.843Z,2026-09-29T20:03:16.165Z
DEMO-DEV-0680,158,2022-10-13T06:31:08.455Z,2026-09-27T16:56:06.568Z
DEMO-DEV-0707,158,2022-10-02T15:03:39.366Z,2026-09-25T17:57:12.778Z
DEMO-DEV-0734,158,2022-10-04T06:31:06.784Z,2026-09-28T00:45:42.839Z
DEMO-DEV-0751,158,2022-10-11T18:42:54.298Z,2026-09-21T17:17:06.288Z
DEMO-DEV-0774,158,2022-10-16T11:50:05.666Z,2026-09-18T14:48:35.648Z
DEMO-DEV-0778,158,2022-10-12T12:39:49.917Z,2026-09-16T02:34:26.795Z
DEMO-DEV-0782,158,2022-10-17T05:16:41.120Z,2026-09-27T15:24:32.073Z
DEMO-DEV-0809,158,2022-10-10T22:43:39.976Z,2026-09-26T17:23:46.387Z
DEMO-DEV-0822,158,2022-10-21T07:09:02.161Z,2026-09-12T11:01:11.004Z
DEMO-DEV-0922,158,2022-10-11T04:59:29.597Z,2026-09-28T11:51:44.503Z
DEMO-DEV-0926,158,2022-10-01T16:55:45.607Z,2026-09-12T15:59:25.676Z
DEMO-DEV-0930,158,2022-10-01T16:16:07.173Z,2026-09-19T11:22:06.817Z
DEMO-DEV-0967,158,2022-10-10T08:48:29.325Z,2026-09-29T11:43:02.150Z
DEMO-DEV-1008,158,2022-10-17T15:21:08.505Z,2026-09-28T12:35:18.165Z
DEMO-DEV-1065,158,2022-10-01T09:43:14.792Z,2026-09-26T20:33:36.884Z
DEMO-DEV-1077,158,2022-10-06T19:11:33.806Z,2026-09-25T12:26:31.929Z
DEMO-DEV-1148,158,2022-10-09T06:03:14.173Z,2026-09-24T23:01:36.868Z
DEMO-DEV-1154,158,2022-10-18T15:38:36.692Z,2026-09-16T21:58:08.702Z
DEMO-DEV-1247,158,2022-10-05T15:44:44.782Z,2026-09-25T15:29:44.365Z
DEMO-DEV-1249,158,2022-10-02T03:07:09.578Z,2026-09-27T15:19:32.232Z
DEMO-DEV-1259,158,2022-10-01T22:36:16.785Z,2026-09-28T08:54:19.765Z
DEMO-DEV-1339,158,2022-10-03T03:40:57.428Z,2026-09-22T10:25:49.710Z
DEMO-DEV-1351,158,2022-10-01T21:32:16.354Z,2026-09-11T03:58:16.357Z
DEMO-DEV-1356,158,2022-10-20T19:08:12.493Z,2026-09-28T09:05:37.948Z
DEMO-DEV-1390,158,2022-10-17T16:52:49.950Z,2026-09-27T23:10:48.646Z
DEMO-DEV-1472,158,2022-10-02T05:39:41.868Z,2026-09-27T19:19:57.040Z
DEMO-DEV-1482,158,2022-10-09T14:35:45.508Z,2026-09-22T21:35:19.038Z
DEMO-DEV-1535,158,2022-10-13T00:25:07.004Z,2026-09-26T13:18:30.806Z
DEMO-DEV-1584,158,2022-10-03T13:09:48.443Z,2026-09-25T22:03:32.555Z
DEMO-DEV-1669,158,2022-10-23T12:53:24.357Z,2026-09-28T14:46:37.150Z
DEMO-DEV-1694,158,2022-10-09T23:32:28.352Z,2026-09-14T13:24:15.026Z
DEMO-DEV-1763,158,2022-10-06T11:24:06.965Z,2026-09-25T08:58:13.557Z
DEMO-DEV-1764,158,2022-10-23T12:35:09.765Z,2026-09-17T08:08:58.172Z
DEMO-DEV-1787,158,2022-11-11T11:12:06.778Z,2026-09-04T05:12:57.710Z
DEMO-DEV-1790,158,2022-10-01T08:33:22.842Z,2026-09-28T04:31:24.618Z
DEMO-DEV-1816,158,2022-10-09T04:05:11.021Z,2026-09-19T07:28:51.160Z
DEMO-DEV-1869,158,2022-10-11T06:31:16.027Z,2026-09-22T09:58:10.873Z
DEMO-DEV-1881,158,2022-10-04T15:02:25.222Z,2026-09-29T17:31:23.804Z
DEMO-DEV-1900,158,2022-10-17T17:07:18.508Z,2026-09-24T08:22:46.873Z
DEMO-DEV-1936,158,2022-10-04T09:24:00.138Z,2026-09-17T00:40:26.799Z
DEMO-DEV-1947,158,2022-10-05T00:46:03.470Z,2026-09-18T23:25:27.190Z
DEMO-DEV-1971,158,2022-10-27T00:38:01.221Z,2026-09-21T17:25:04.150Z
DEMO-DEV-1991,158,2022-10-02T14:57:58.368Z,2026-09-07T18:35:32.038Z
DEMO-DEV-1996,158,2022-10-09T22:16:54.365Z,2026-09-29T22:20:01.500Z
DEMO-DEV-2011,158,2022-10-09T20:27:27.443Z,2026-09-27T22:38:44.160Z
DEMO-DEV-2021,158,2022-10-09T03:23:37.205Z,2026-09-29T15:48:04.793Z
DEMO-DEV-2051,158,2022-10-12T06:36:27.646Z,2026-09-17T08:38:37.192Z
DEMO-DEV-2145,158,2022-10-25T11:10:09.150Z,2026-09-28T20:30:01.524Z
DEMO-DEV-2157,158,2022-10-01T13:04:10.402Z,2026-09-26T17:04:53.236Z
DEMO-DEV-2164,158,2022-10-01T08:26:34.222Z,2026-09-29T23:34:57.738Z
DEMO-DEV-2168,158,2022-10-11T15:39:36.913Z,2026-09-25T04:05:29.443Z
DEMO-DEV-2173,158,2022-10-14T09:35:23.205Z,2026-09-19T23:12:50.535Z
DEMO-DEV-2188,158,2022-10-26T16:56:08.646Z,2026-09-28T17:45:22.403Z
DEMO-DEV-2195,158,2022-10-21T07:34:35.003Z,2026-09-23T04:31:11.993Z
DEMO-DEV-2197,158,2022-10-06T01:37:39.765Z,2026-09-22T23:28:20.824Z
DEMO-DEV-2199,158,2022-10-05T08:49:27.291Z,2026-09-21T20:00:35.337Z
DEMO-DEV-2225,158,2022-10-02T14:49:47.500Z,2026-09-25T10:27:43.985Z
DEMO-DEV-2262,158,2022-10-04T04:07:21.026Z,2026-09-27T07:58:13.253Z
DEMO-DEV-2290,158,2022-10-01T09:35:34.183Z,2026-09-22T05:07:55.612Z
DEMO-DEV-2349,158,2022-10-25T01:28:29.252Z,2026-09-22T22:12:57.045Z
DEMO-DEV-2407,158,2022-10-05T20:49:59.205Z,2026-09-29T17:50:37.485Z
DEMO-DEV-2476,158,2022-10-30T21:00:39.224Z,2026-09-19T07:34:05.123Z
DEMO-DEV-2590,158,2022-10-03T05:43:45.221Z,2026-08-29T20:22:18.291Z
DEMO-DEV-2609,158,2022-10-10T20:31:42.428Z,2026-09-14T00:47:29.799Z
DEMO-DEV-2616,158,2022-10-14T11:31:21.591Z,2026-08-06T12:16:07.792Z
DEMO-DEV-2637,158,2022-10-06T17:42:33.139Z,2026-09-24T15:49:24.891Z
DEMO-DEV-2751,158,2022-10-24T05:02:42.080Z,2026-09-07T02:24:29.782Z
DEMO-DEV-2800,158,2022-10-01T21:39:14.851Z,2026-09-30T00:58:29.230Z
DEMO-DEV-2809,158,2022-10-08T23:23:15.319Z,2026-09-02T21:53:33.003Z
DEMO-DEV-2824,158,2022-10-06T05:41:16.584Z,2026-09-15T18:03:30.370Z
DEMO-DEV-2860,158,2022-10-09T06:06:01.859Z,2026-09-26T03:39:06.205Z
DEMO-DEV-2865,158,2022-10-21T20:06:12.288Z,2026-09-27T09:40:01.993Z
DEMO-DEV-2887,158,2022-10-10T23:46:48.646Z,2026-09-23T12:31:06.555Z
DEMO-DEV-2900,158,2022-10-22T02:10:27.402Z,2026-09-22T07:42:03.397Z
DEMO-DEV-2956,158,2022-10-06T00:16:58.648Z,2026-09-29T18:23:49.023Z
DEMO-DEV-2965,158,2022-10-01T10:43:30.639Z,2026-09-10T05:14:12.692Z
DEMO-DEV-3009,158,2022-10-18T11:34:48.232Z,2026-09-30T05:47:09.409Z
DEMO-DEV-3035,158,2022-10-08T08:30:47.591Z,2026-09-22T04:38:40.287Z
DEMO-DEV-3042,158,2022-10-09T12:01:07.688Z,2026-09-21T07:42:54.470Z
DEMO-DEV-3063,158,2022-10-12T06:36:11.368Z,2026-09-29T13:53:26.503Z
DEMO-DEV-3071,158,2022-10-05T09:29:56.500Z,2026-09-28T16:40:15.505Z
DEMO-DEV-3079,158,2022-10-09T14:21:12.989Z,2026-09-23T14:14:01.222Z
DEMO-DEV-3093,158,2022-10-24T00:09:18.578Z,2026-09-26T23:01:52.929Z
DEMO-DEV-3104,158,2022-10-11T03:30:06.682Z,2026-09-16T07:11:41.236Z
DEMO-DEV-3121,158,2022-10-05T19:24:33.817Z,2026-09-29T22:39:24.167Z
DEMO-DEV-3170,158,2022-10-06T18:39:59.727Z,2026-09-29T18:41:46.913Z
DEMO-DEV-3172,158,2022-10-03T04:31:03.268Z,2026-09-29T07:32:58.915Z
DEMO-DEV-3175,158,2022-10-11T09:42:42.784Z,2026-09-22T12:29:56.160Z
DEMO-DEV-3179,158,2022-10-20T01:04:52.221Z,2026-09-18T09:30:04.189Z
DEMO-DEV-3225,158,2022-10-31T13:06:03.289Z,2026-09-28T06:36:25.466Z
DEMO-DEV-3234,158,2022-10-05T17:01:10.836Z,2026-09-19T17:33:17.443Z
DEMO-DEV-3237,158,2022-10-09T16:09:17.238Z,2026-08-05T19:05:49.390Z
DEMO-DEV-3247,158,2022-10-09T23:06:57.985Z,2026-09-28T04:55:43.165Z
DEMO-DEV-3283,158,2022-10-04T20:43:42.183Z,2026-09-05T03:14:12.167Z
DEMO-DEV-3312,158,2022-10-05T04:38:42.205Z,2026-09-30T06:40:55.222Z
DEMO-DEV-3313,158,2022-10-03T19:46:29.719Z,2026-09-30T03:52:22.591Z
DEMO-DEV-3347,158,2022-10-16T09:03:04.205Z,2026-09-29T19:17:37.023Z
DEMO-DEV-3361,158,2022-10-24T05:37:43.992Z,2026-09-04T12:31:27.442Z
DEMO-DEV-3439,158,2022-10-12T06:24:05.428Z,2026-09-18T09:09:10.315Z
DEMO-DEV-3486,158,2022-11-07T13:31:30.218Z,2026-09-28T19:40:32.120Z
DEMO-DEV-3520,158,2022-10-01T21:45:02.535Z,2026-09-07T14:57:26.524Z
DEMO-DEV-3528,158,2022-10-03T09:46:41.004Z,2026-09-17T18:14:38.863Z
DEMO-DEV-3541,158,2022-10-07T06:13:33.989Z,2026-09-20T09:54:03.891Z
DEMO-DEV-3551,158,2022-10-01T15:07:36.493Z,2026-09-17T23:49:48.183Z
DEMO-DEV-3554,158,2022-10-04T08:19:05.230Z,2026-09-15T05:11:45.879Z
DEMO-DEV-3600,158,2022-10-15T20:55:53.075Z,2026-09-27T21:40:46.537Z
DEMO-DEV-3632,158,2022-10-11T02:39:51.668Z,2026-09-27T15:51:32.325Z
DEMO-DEV-3633,158,2022-10-05T10:24:10.123Z,2026-09-18T20:50:48.230Z
DEMO-DEV-3641,158,2022-10-04T05:08:06.138Z,2026-09-23T05:24:35.989Z
DEMO-DEV-3706,158,2022-11-05T14:51:32.839Z,2026-09-28T23:37:52.264Z
DEMO-DEV-3746,158,2022-10-03T12:42:58.618Z,2026-09-29T10:15:55.161Z
DEMO-DEV-3778,158,2022-10-07T18:20:49.505Z,2026-09-24T20:01:19.183Z
DEMO-DEV-3788,158,2022-10-03T06:26:01.226Z,2026-08-14T13:13:41.782Z
DEMO-DEV-3799,158,2022-10-28T22:59:58.605Z,2026-09-30T05:10:05.985Z
DEMO-DEV-3883,158,2022-10-07T06:00:25.307Z,2026-09-01T11:03:50.387Z
DEMO-DEV-3910,158,2022-10-06T23:25:36.014Z,2026-09-28T17:20:46.493Z
DEMO-DEV-3934,158,2022-10-12T11:26:21.836Z,2026-09-19T13:11:54.926Z
DEMO-DEV-4108,158,2022-10-24T13:29:11.291Z,2026-09-28T21:10:01.234Z
DEMO-DEV-4129,158,2022-10-07T08:27:30.929Z,2026-09-29T13:28:16.646Z
DEMO-DEV-4131,158,2022-10-06T01:06:03.873Z,2026-09-11T13:05:08.735Z
DEMO-DEV-4149,158,2022-10-02T06:02:22.929Z,2026-09-26T16:42:57.646Z
DEMO-DEV-4245,158,2022-10-11T15:52:15.319Z,2026-09-29T18:18:31.087Z
DEMO-DEV-4261,158,2022-10-02T03:12:52.485Z,2026-09-15T03:51:30.975Z
DEMO-DEV-4305,158,2022-10-08T02:28:31.917Z,2026-09-21T13:21:42.466Z
DEMO-DEV-4309,158,2022-10-02T10:31:31.225Z,2026-09-20T06:26:04.368Z
DEMO-DEV-4345,158,2022-10-05T00:10:40.222Z,2026-09-04T15:22:47.370Z
DEMO-DEV-4470,158,2022-10-09T23:54:21.503Z,2026-09-30T00:46:02.120Z
DEMO-DEV-4507,158,2022-10-08T07:07:59.387Z,2026-09-21T16:27:16.968Z
DEMO-DEV-4508,158,2022-10-26T10:46:13.402Z,2026-09-09T11:19:37.870Z
DEMO-DEV-4519,158,2022-10-13T19:01:35.325Z,2026-09-28T19:56:46.870Z
DEMO-DEV-4545,158,2022-10-11T04:25:43.038Z,2026-09-25T06:35:11.527Z
DEMO-DEV-4562,158,2022-10-19T10:00:36.024Z,2026-09-20T19:27:04.442Z
DEMO-DEV-4584,158,2022-11-28T01:58:48.851Z,2026-09-25T18:10:22.004Z
DEMO-DEV-4591,158,2022-10-05T08:08:20.793Z,2026-09-23T11:11:23.727Z
DEMO-DEV-4619,158,2022-10-03T00:25:47.505Z,2026-09-18T04:53:21.040Z
DEMO-DEV-4641,158,2022-10-05T10:31:46.865Z,2026-09-10T21:26:29.614Z
DEMO-DEV-4674,158,2022-10-13T00:03:16.524Z,2026-09-29T22:41:15.139Z
DEMO-DEV-4754,158,2022-10-20T14:32:17.391Z,2026-09-24T12:31:10.950Z
DEMO-DEV-4783,158,2022-10-03T03:10:04.692Z,2026-09-29T19:21:25.254Z
DEMO-DEV-4796,158,2022-10-05T05:33:38.795Z,2026-09-11T17:19:51.765Z
DEMO-DEV-4838,158,2022-10-01T08:24:43.803Z,2026-09-29T16:00:45.357Z
DEMO-DEV-4840,158,2022-10-02T17:28:17.397Z,2026-09-23T09:56:13.264Z
DEMO-DEV-4863,158,2022-10-05T07:32:14.160Z,2026-08-26T17:13:25.246Z
DEMO-DEV-4873,158,2022-10-07T08:55:02.735Z,2026-09-22T17:27:50.462Z
DEMO-DEV-4923,158,2022-10-01T22:33:52.026Z,2026-09-22T03:27:49.597Z
DEMO-DEV-4970,158,2022-10-04T06:48:12.864Z,2026-08-17T12:52:19.222Z
DEMO-DEV-4975,158,2022-11-07T21:19:42.993Z,2026-09-22T12:09:21.738Z
DEMO-DEV-4976,158,2022-10-03T20:05:02.077Z,2026-09-21T16:59:59.646Z
DEMO-DEV-4977,158,2022-10-04T21:00:13.150Z,2026-09-17T18:29:31.646Z
DEMO-DEV-4991,158,2022-10-19T21:44:22.503Z,2026-08-27T17:22:57.015Z
DEMO-DEV-5028,158,2022-10-06T11:34:44.992Z,2026-09-30T04:50:02.841Z
DEMO-DEV-5031,158,2022-10-03T03:12:12.843Z,2026-09-20T23:11:16.738Z
DEMO-DEV-5049,158,2022-10-04T14:55:33.968Z,2026-09-07T09:46:10.682Z
DEMO-DEV-5059,158,2022-10-04T17:02:25.268Z,2026-09-19T15:22:23.325Z
DEMO-DEV-5066,158,2022-10-10T16:56:40.040Z,2026-09-17T21:12:32.190Z
DEMO-DEV-5112,158,2022-10-10T20:48:15.345Z,2026-09-18T11:31:16.692Z
DEMO-DEV-5145,158,2022-10-17T07:44:01.735Z,2026-09-08T23:31:02.884Z
DEMO-DEV-5171,158,2022-10-06T13:23:19.782Z,2026-09-28T05:55:30.345Z
DEMO-DEV-5173,158,2022-10-03T02:49:10.024Z,2026-09-09T12:53:53.307Z
DEMO-DEV-5222,158,2022-10-08T17:24:50.738Z,2026-09-27T09:32:16.403Z
DEMO-DEV-5240,158,2022-10-04T15:45:42.352Z,2026-09-25T12:08:19.527Z
DEMO-DEV-5313,158,2022-10-13T22:52:16.778Z,2026-09-23T20:45:20.738Z
DEMO-DEV-5336,158,2022-10-08T11:12:24.968Z,2026-09-28T14:46:14.793Z
DEMO-DEV-5462,158,2022-10-05T10:26:06.639Z,2026-09-28T06:00:56.319Z
DEMO-DEV-5479,158,2022-10-06T17:50:03.591Z,2026-09-27T14:31:59.038Z
DEMO-DEV-5486,158,2022-10-08T08:41:25.455Z,2026-09-27T01:11:35.795Z
DEMO-DEV-5494,158,2022-10-28T22:19:42.428Z,2026-09-29T10:17:28.037Z
DEMO-DEV-5519,158,2022-10-05T06:11:09.291Z,2026-09-14T20:39:20.524Z
DEMO-DEV-5532,158,2022-10-01T22:06:04.817Z,2026-09-16T16:50:00.537Z
DEMO-DEV-5544,158,2022-10-18T00:59:51.851Z,2026-09-21T22:41:51.460Z
DEMO-DEV-5549,158,2022-10-09T17:10:07.470Z,2026-09-28T12:14:08.836Z
DEMO-DEV-5571,158,2022-10-04T00:20:04.803Z,2026-09-20T19:51:18.264Z
DEMO-DEV-5622,158,2022-10-15T02:39:39.203Z,2026-09-30T01:42:56.692Z
DEMO-DEV-5657,158,2022-10-11T00:43:05.253Z,2026-09-29T20:11:18.914Z
DEMO-DEV-5662,158,2022-10-12T10:47:59.365Z,2026-09-18T08:32:19.688Z
DEMO-DEV-5711,158,2022-10-02T16:58:56.513Z,2026-09-30T04:54:44.024Z
DEMO-DEV-5756,158,2022-10-12T21:14:50.238Z,2026-09-28T19:22:02.913Z
DEMO-DEV-5771,158,2022-10-02T16:50:57.524Z,2026-09-25T11:50:31.524Z
DEMO-DEV-5830,158,2022-10-02T05:05:56.825Z,2026-09-26T18:09:00.511Z
DEMO-DEV-5839,158,2022-11-09T23:57:06.545Z,2026-09-19T09:19:45.368Z
DEMO-DEV-5862,158,2022-10-05T02:06:42.557Z,2026-09-30T04:08:39.254Z
DEMO-DEV-5927,158,2022-10-06T18:30:52.884Z,2026-09-26T10:12:31.238Z
DEMO-DEV-5948,158,2022-10-04T14:14:16.513Z,2026-09-26T09:17:13.203Z
DEMO-DEV-6006,158,2022-10-07T16:59:51.253Z,2026-09-21T19:58:41.288Z
DEMO-DEV-6024,158,2022-10-25T06:55:55.172Z,2026-09-24T13:41:29.063Z
DEMO-DEV-6069,158,2022-10-09T19:19:44.929Z,2026-09-30T03:57:14.455Z
DEMO-DEV-6077,158,2022-10-02T19:15:43.394Z,2026-09-27T19:25:25.891Z
DEMO-DEV-6088,158,2022-10-17T08:41:25.173Z,2026-09-17T19:14:58.224Z
DEMO-DEV-6100,158,2022-10-02T10:57:08.352Z,2026-09-12T15:35:34.870Z
DEMO-DEV-6182,158,2022-10-07T23:11:37.557Z,2026-09-25T03:36:15.236Z
DEMO-DEV-6186,158,2022-10-02T13:12:09.993Z,2026-09-25T12:49:30.646Z
DEMO-DEV-6194,158,2022-10-10T09:41:14.246Z,2026-09-10T20:09:24.428Z
DEMO-DEV-6222,158,2022-10-10T23:48:56.914Z,2026-09-24T07:30:54.648Z
DEMO-DEV-6258,158,2022-10-04T14:40:34.710Z,2026-09-25T21:14:01.884Z
DEMO-DEV-6273,158,2022-10-18T16:22:02.192Z,2026-09-28T02:58:55.183Z
DEMO-DEV-6345,158,2022-10-01T22:59:55.799Z,2026-09-28T20:46:50.300Z
DEMO-DEV-6407,158,2022-10-08T10:21:06.950Z,2026-09-24T07:31:07.015Z
DEMO-DEV-6466,158,2022-10-03T22:27:36.646Z,2026-09-24T05:51:35.948Z
DEMO-DEV-6474,158,2022-10-03T05:09:42.470Z,2026-09-11T17:25:56.817Z
DEMO-DEV-6523,158,2022-10-01T14:20:30.682Z,2026-09-26T04:16:05.370Z
DEMO-DEV-6526,158,2022-11-04T12:53:42.868Z,2026-09-25T19:56:49.795Z
DEMO-DEV-6548,158,2022-10-01T10:41:48.884Z,2026-09-25T12:29:21.646Z
DEMO-DEV-6590,158,2022-10-15T18:31:03.462Z,2026-09-28T20:34:06.134Z
DEMO-DEV-6624,158,2022-10-09T18:19:52.503Z,2026-09-26T14:04:29.556Z
DEMO-DEV-6635,158,2022-10-06T11:46:28.752Z,2026-09-27T06:47:11.816Z
DEMO-DEV-6638,158,2022-10-02T06:45:24.513Z,2026-09-24T03:50:52.752Z
DEMO-DEV-6655,158,2022-10-08T05:31:22.825Z,2026-09-29T18:22:56.966Z
DEMO-DEV-6671,158,2022-10-02T07:47:50.203Z,2026-09-28T21:04:23.655Z
DEMO-DEV-6677,158,2022-10-03T20:10:30.366Z,2026-09-28T00:29:44.167Z
DEMO-DEV-6723,158,2022-10-13T06:08:30.472Z,2026-09-29T02:34:37.648Z
DEMO-DEV-6787,158,2022-10-19T20:27:44.272Z,2026-09-13T08:37:22.993Z
DEMO-DEV-6826,158,2022-10-04T07:18:58.914Z,2026-09-18T06:48:53.599Z
DEMO-DEV-6849,158,2022-10-06T12:28:34.987Z,2026-09-13T20:29:22.307Z
DEMO-DEV-6902,158,2022-10-15T14:29:36.428Z,2026-09-20T08:53:28.648Z
DEMO-DEV-6909,158,2022-10-14T18:29:33.183Z,2026-09-23T06:05:14.891Z
DEMO-DEV-6915,158,2022-10-12T15:06:39.682Z,2026-09-27T19:25:50.345Z
DEMO-DEV-6959,158,2022-10-04T00:40:49.555Z,2026-09-02T04:26:42.319Z
DEMO-DEV-6991,158,2022-10-25T01:34:01.205Z,2026-09-19T17:20:10.026Z
DEMO-DEV-6996,158,2022-10-04T21:51:33.394Z,2026-09-15T13:08:46.969Z
DEMO-DEV-7001,158,2022-10-08T16:02:03.366Z,2026-09-15T22:37:17.692Z
DEMO-DEV-7079,158,2022-10-08T23:49:39.014Z,2026-09-18T21:31:48.138Z
DEMO-DEV-7191,158,2022-10-01T23:43:51.298Z,2026-09-12T13:41:13.817Z
DEMO-DEV-7213,158,2022-10-10T22:47:09.985Z,2026-09-03T13:10:53.524Z
DEMO-DEV-7221,158,2022-10-01T16:18:51.782Z,2026-09-27T10:16:39.519Z
DEMO-DEV-7321,158,2022-10-07T16:56:31.300Z,2026-09-30T06:10:05.150Z
DEMO-DEV-7418,158,2022-10-01T11:00:16.003Z,2026-09-20T01:39:58.230Z
DEMO-DEV-7424,158,2022-10-20T13:39:27.014Z,2026-09-29T08:48:36.208Z
DEMO-DEV-7455,158,2022-10-12T21:33:23.668Z,2026-09-14T17:20:11.167Z
DEMO-DEV-7469,158,2022-10-23T22:17:30.661Z,2026-09-27T09:44:59.221Z
DEMO-DEV-7482,158,2022-10-06T13:42:56.368Z,2026-09-29T14:37:04.325Z
DEMO-DEV-7491,158,2022-10-21T13:02:06.735Z,2026-09-27T04:13:57.415Z
DEMO-DEV-7524,158,2022-10-11T21:39:36.655Z,2026-09-07T09:42:46.337Z
DEMO-DEV-7537,158,2022-10-14T17:59:24.513Z,2026-09-29T00:34:29.027Z
DEMO-DEV-7648,158,2022-10-06T19:55:44.646Z,2026-09-27T16:25:05.727Z
DEMO-DEV-7699,158,2022-10-14T01:18:41.676Z,2026-09-27T03:41:10.584Z
DEMO-DEV-7755,158,2022-10-18T07:50:31.702Z,2026-09-14T15:44:27.493Z
DEMO-DEV-7758,158,2022-10-08T21:46:08.568Z,2026-09-23T00:55:39.658Z
DEMO-DEV-7776,158,2022-10-06T16:04:27.090Z,2026-09-15T11:05:13.442Z
DEMO-DEV-7826,158,2022-10-03T09:18:35.254Z,2026-09-03T23:19:34.661Z
DEMO-DEV-7832,158,2022-10-18T12:08:26.497Z,2026-09-27T01:48:28.403Z
DEMO-DEV-7885,158,2022-10-04T14:42:57.607Z,2026-09-26T05:14:13.891Z
DEMO-DEV-7886,158,2022-10-04T11:57:34.366Z,2026-09-30T01:54:41.976Z
DEMO-DEV-7936,158,2022-10-09T09:05:42.873Z,2026-09-21T23:04:53.500Z
DEMO-DEV-7955,158,2022-10-05T09:27:22.969Z,2026-09-22T11:18:47.268Z
DEMO-DEV-7978,158,2022-10-06T21:53:58.075Z,2026-08-28T15:46:44.211Z
DEMO-DEV-8017,158,2022-10-03T00:24:02.735Z,2026-09-22T19:31:21.014Z
DEMO-DEV-8152,158,2022-10-01T09:41:29.155Z,2026-09-26T16:00:40.218Z
DEMO-DEV-8171,158,2022-10-17T06:41:33.870Z,2026-09-02T06:49:16.287Z
DEMO-DEV-8189,158,2022-10-01T14:07:45.605Z,2026-09-25T09:32:14.497Z
DEMO-DEV-8225,158,2022-10-05T20:07:28.653Z,2026-09-26T23:28:38.138Z
DEMO-DEV-8249,158,2022-10-02T07:56:55.646Z,2026-09-23T16:41:13.460Z
DEMO-DEV-8263,158,2022-10-07T09:29:28.087Z,2026-09-27T16:23:49.884Z
DEMO-DEV-8275,158,2022-10-01T11:52:00.868Z,2026-09-25T01:49:59.319Z
DEMO-DEV-8334,158,2022-10-02T19:11:33.254Z,2026-09-29T12:28:57.765Z
DEMO-DEV-8339,158,2022-10-03T02:14:31.754Z,2026-09-18T03:48:42.038Z
DEMO-DEV-8362,158,2022-10-26T21:25:52.203Z,2026-09-16T07:21:17.190Z
DEMO-DEV-8427,158,2022-10-16T18:22:48.877Z,2026-09-25T07:54:12.915Z
DEMO-DEV-8444,158,2022-10-30T05:30:13.816Z,2026-09-29T06:23:44.948Z
DEMO-DEV-8452,158,2022-10-06T00:11:00.319Z,2026-09-30T03:07:35.785Z
DEMO-DEV-8468,158,2022-10-14T06:53:14.879Z,2026-09-06T10:12:00.073Z
DEMO-DEV-8469,158,2022-10-16T10:26:31.692Z,2026-09-27T21:59:22.784Z
DEMO-DEV-8506,158,2022-10-07T12:17:03.950Z,2026-09-21T01:55:24.545Z
DEMO-DEV-8508,158,2022-10-06T18:23:18.325Z,2026-09-16T20:43:55.366Z
DEMO-DEV-8512,158,2022-10-02T02:31:56.993Z,2026-09-19T01:03:11.040Z
DEMO-DEV-8563,158,2022-10-22T04:12:27.307Z,2026-09-25T10:45:08.859Z
DEMO-DEV-8600,158,2022-10-16T13:43:31.443Z,2026-09-21T09:13:08.466Z
DEMO-DEV-8661,158,2022-10-09T07:43:17.003Z,2026-09-26T23:12:19.211Z
DEMO-DEV-8671,158,2022-10-02T04:01:13.239Z,2026-09-24T13:59:26.989Z
DEMO-DEV-8685,158,2022-10-12T13:15:14.784Z,2026-09-14T07:08:53.470Z
DEMO-DEV-8693,158,2022-10-02T23:03:42.605Z,2026-09-25T02:04:19.190Z
DEMO-DEV-8817,158,2022-10-10T23:05:57.914Z,2026-09-26T18:08:46.307Z
DEMO-DEV-8821,158,2022-10-14T06:48:34.752Z,2026-09-18T19:08:36.040Z
DEMO-DEV-8827,158,2022-10-02T04:01:00.612Z,2026-09-22T10:54:45.068Z
DEMO-DEV-8848,158,2022-10-08T03:34:03.917Z,2026-09-16T08:28:51.232Z
DEMO-DEV-8924,158,2022-10-20T19:06:13.204Z,2026-09-28T13:48:18.714Z
DEMO-DEV-8973,158,2022-10-04T19:00:56.024Z,2026-09-29T02:54:19.387Z
DEMO-DEV-8975,158,2022-10-06T03:33:26.985Z,2026-09-26T18:14:44.989Z
DEMO-DEV-8992,158,2022-10-12T10:50:12.714Z,2026-09-24T13:20:20.969Z
DEMO-DEV-9006,158,2022-10-13T03:37:11.222Z,2026-09-24T10:48:10.639Z
DEMO-DEV-9007,158,2022-10-03T22:08:06.222Z,2026-09-09T10:27:35.087Z
DEMO-DEV-9016,158,2022-10-03T03:41:07.661Z,2026-09-19T21:53:19.778Z
DEMO-DEV-9057,158,2022-10-02T16:45:31.446Z,2026-09-29T08:38:21.264Z
DEMO-DEV-9059,158,2022-10-18T04:38:17.409Z,2026-09-28T16:56:28.038Z
DEMO-DEV-9073,158,2022-10-07T15:23:46.682Z,2026-08-28T03:19:31.688Z
DEMO-DEV-9100,158,2022-10-12T03:36:18.527Z,2026-09-03T07:32:33.352Z
DEMO-DEV-9112,158,2022-10-16T09:24:22.926Z,2026-09-26T12:26:24.370Z
DEMO-DEV-9132,158,2022-10-27T09:00:34.288Z,2026-09-28T07:38:37.023Z
DEMO-DEV-9137,158,2022-10-23T17:37:36.676Z,2026-09-16T04:03:30.203Z
DEMO-DEV-9150,158,2022-11-11T12:26:39.222Z,2026-09-13T11:51:34.891Z
DEMO-DEV-9182,158,2022-10-01T13:40:28.688Z,2026-09-11T08:41:15.204Z
DEMO-DEV-9219,158,2022-10-12T06:02:44.914Z,2026-09-30T00:31:11.785Z
DEMO-DEV-9276,158,2022-10-02T21:00:48.308Z,2026-09-26T09:21:06.161Z
DEMO-DEV-9316,158,2022-10-04T01:56:10.949Z,2026-09-18T14:08:53.394Z
DEMO-DEV-9360,158,2022-10-22T09:41:32.965Z,2026-09-13T23:49:02.337Z
DEMO-DEV-9362,158,2022-10-28T14:25:17.816Z,2026-09-21T05:57:43.668Z
DEMO-DEV-9367,158,2022-10-21T21:31:25.138Z,2026-09-28T09:07:02.884Z
DEMO-DEV-9381,158,2022-10-02T18:31:23.825Z,2026-09-21T18:57:08.614Z
DEMO-DEV-9432,158,2022-10-02T03:35:31.511Z,2026-09-29T03:02:53.636Z
DEMO-DEV-9436,158,2022-10-14T08:50:15.782Z,2026-09-09T18:27:16.799Z
DEMO-DEV-9455,158,2022-10-02T08:55:45.075Z,2026-09-19T11:00:02.466Z
DEMO-DEV-9500,158,2022-10-26T17:22:52.929Z,2026-09-19T07:05:30.325Z
DEMO-DEV-9525,158,2022-10-03T07:10:21.914Z,2026-09-11T00:20:19.989Z
DEMO-DEV-9532,158,2022-10-04T19:48:56.825Z,2026-09-28T11:16:36.661Z
DEMO-DEV-9534,158,2022-10-03T17:31:51.891Z,2026-09-30T00:57:53.653Z
DEMO-DEV-9542,158,2022-10-02T02:29:51.605Z,2026-09-07T00:56:15.161Z
DEMO-DEV-9593,158,2022-10-03T11:49:21.337Z,2026-09-22T16:30:48.014Z
DEMO-DEV-9634,158,2022-10-01T09:02:23.513Z,2026-09-23T08:29:01.442Z
DEMO-DEV-9690,158,2022-10-03T23:42:51.765Z,2026-09-24T18:15:28.527Z
DEMO-DEV-9719,158,2022-10-15T02:28:52.513Z,2026-09-27T05:22:05.208Z
DEMO-DEV-9762,158,2022-10-09T12:19:08.357Z,2026-08-23T19:41:04.090Z
DEMO-DEV-9813,158,2022-10-07T19:34:26.803Z,2026-09-26T13:27:10.607Z
DEMO-DEV-9826,158,2022-10-07T03:04:07.472Z,2026-09-25T07:08:41.545Z
DEMO-DEV-9905,158,2022-10-19T21:32:56.975Z,2026-09-23T13:42:00.795Z
DEMO-DEV-9964,158,2022-10-14T19:01:10.987Z,2026-09-29T22:37:21.366Z
DEMO-DEV-9968,158,2022-10-03T00:08:15.493Z,2026-09-08T19:41:53.075Z
DEMO-DEV-0016,157,2022-10-08T15:09:02.926Z,2026-09-29T07:08:06.264Z
DEMO-DEV-0033,157,2022-10-03T23:50:21.782Z,2026-09-21T05:49:54.268Z
DEMO-DEV-0048,157,2022-10-05T10:35:24.841Z,2026-09-30T05:52:40.841Z
DEMO-DEV-0049,157,2022-10-18T14:53:36.225Z,2026-09-15T10:40:34.524Z
DEMO-DEV-0107,157,2022-10-09T21:18:48.607Z,2026-09-10T11:28:57.917Z
DEMO-DEV-0108,157,2022-10-09T05:37:11.513Z,2026-09-21T20:31:36.778Z
DEMO-DEV-0124,157,2022-10-04T05:30:30.692Z,2026-09-26T10:26:28.989Z
DEMO-DEV-0141,157,2022-10-17T13:52:53.462Z,2026-09-29T03:59:59.470Z
DEMO-DEV-0142,157,2022-10-05T00:23:40.948Z,2026-09-21T23:43:26.639Z
DEMO-DEV-0151,157,2022-10-02T17:51:18.612Z,2026-09-29T18:08:15.288Z
DEMO-DEV-0162,157,2022-10-19T16:29:59.816Z,2026-09-25T03:19:15.165Z
DEMO-DEV-0165,157,2022-10-01T22:31:37.298Z,2026-09-23T05:12:17.500Z
DEMO-DEV-0170,157,2022-10-05T19:16:12.024Z,2026-09-27T11:40:35.218Z
DEMO-DEV-0247,157,2022-10-08T01:01:55.842Z,2026-09-26T09:11:31.302Z
DEMO-DEV-0265,157,2022-10-08T17:15:44.688Z,2026-09-12T20:22:13.315Z
DEMO-DEV-0268,157,2022-10-10T00:55:56.394Z,2026-09-17T12:22:01.024Z
DEMO-DEV-0271,157,2022-10-16T05:16:38.811Z,2026-09-19T07:30:06.661Z
DEMO-DEV-0310,157,2022-10-08T21:32:17.754Z,2026-09-15T19:13:30.785Z
DEMO-DEV-0319,157,2022-10-17T09:03:02.785Z,2026-09-28T21:45:50.511Z
DEMO-DEV-0327,157,2022-10-07T15:39:38.470Z,2026-09-20T01:37:53.325Z
DEMO-DEV-0353,157,2022-10-04T07:00:44.470Z,2026-09-26T10:15:47.511Z
DEMO-DEV-0375,157,2022-10-05T14:07:11.462Z,2026-09-27T20:27:11.519Z
DEMO-DEV-0382,157,2022-10-05T23:11:10.843Z,2026-09-23T21:27:04.236Z
DEMO-DEV-0411,157,2022-10-14T07:31:28.859Z,2026-09-28T11:57:59.253Z
DEMO-DEV-0449,157,2022-10-23T11:33:40.208Z,2026-09-22T18:03:20.527Z
DEMO-DEV-0459,157,2022-10-10T18:45:21.470Z,2026-09-28T21:55:34.268Z
DEMO-DEV-0542,157,2022-10-07T17:45:46.238Z,2026-09-25T21:06:16.287Z
DEMO-DEV-0588,157,2022-10-07T10:02:53.394Z,2026-09-28T09:43:27.513Z
DEMO-DEV-0641,157,2022-10-02T04:13:54.816Z,2026-09-17T00:45:05.556Z
DEMO-DEV-0691,157,2022-10-03T18:48:04.442Z,2026-09-27T03:20:02.917Z
DEMO-DEV-0718,157,2022-10-03T15:25:19.493Z,2026-09-24T19:19:05.545Z
DEMO-DEV-0750,157,2022-10-07T15:58:36.368Z,2026-09-05T00:44:13.816Z
DEMO-DEV-0780,157,2022-10-18T19:00:51.993Z,2026-09-15T09:56:57.784Z
DEMO-DEV-0803,157,2022-10-19T17:15:06.038Z,2026-09-22T13:46:00.208Z
DEMO-DEV-0859,157,2022-10-02T05:36:19.555Z,2026-09-18T00:50:56.221Z
DEMO-DEV-0867,157,2022-10-12T13:09:42.868Z,2026-09-21T22:39:12.948Z
DEMO-DEV-0950,157,2022-10-06T20:43:52.505Z,2026-09-09T13:04:50.366Z
DEMO-DEV-0984,157,2022-10-07T00:20:14.370Z,2026-09-29T10:48:11.357Z
DEMO-DEV-1006,157,2022-10-03T23:00:38.752Z,2026-09-21T04:50:20.192Z
DEMO-DEV-1007,157,2022-10-13T01:55:55.792Z,2026-09-28T17:44:33.668Z
DEMO-DEV-1073,157,2022-10-07T07:10:19.524Z,2026-09-27T07:47:10.597Z
DEMO-DEV-1096,157,2022-10-09T09:35:59.524Z,2026-09-29T17:22:39.037Z
DEMO-DEV-1110,157,2022-10-02T06:25:24.204Z,2026-09-23T02:59:07.692Z
DEMO-DEV-1161,157,2022-10-16T05:30:14.232Z,2026-09-25T18:03:10.466Z
DEMO-DEV-1164,157,2022-10-02T06:02:05.460Z,2026-09-13T17:51:12.222Z
DEMO-DEV-1186,157,2022-10-23T22:05:53.735Z,2026-09-29T06:51:31.497Z
DEMO-DEV-1208,157,2022-11-10T22:25:11.795Z,2026-09-29T19:20:43.503Z
DEMO-DEV-1224,157,2022-10-10T14:14:59.315Z,2026-09-29T05:17:33.636Z
DEMO-DEV-1226,157,2022-10-03T10:30:33.793Z,2026-08-20T10:24:04.752Z
DEMO-DEV-1232,157,2022-10-01T21:35:33.319Z,2026-08-31T12:45:19.442Z
DEMO-DEV-1298,157,2022-10-07T01:43:45.045Z,2026-09-29T01:50:24.254Z
DEMO-DEV-1327,157,2022-10-05T15:34:32.692Z,2026-09-16T06:58:18.298Z
DEMO-DEV-1333,157,2022-10-03T02:40:55.493Z,2026-09-29T21:13:32.222Z
DEMO-DEV-1348,157,2022-10-02T12:47:48.877Z,2026-08-25T19:25:41.668Z
DEMO-DEV-1381,157,2022-10-07T14:25:52.913Z,2026-09-09T19:54:45.246Z
DEMO-DEV-1441,157,2022-10-02T22:06:32.057Z,2026-09-22T08:26:03.688Z
DEMO-DEV-1446,157,2022-10-07T22:33:26.793Z,2026-09-07T11:45:40.226Z
DEMO-DEV-1452,157,2022-10-11T19:14:56.591Z,2026-09-21T17:15:16.987Z
DEMO-DEV-1496,157,2022-10-04T17:57:14.288Z,2026-09-17T21:07:56.232Z
DEMO-DEV-1515,157,2022-10-05T03:40:59.752Z,2026-09-24T21:18:36.219Z
DEMO-DEV-1527,157,2022-10-04T09:10:05.428Z,2026-09-24T23:58:02.965Z
DEMO-DEV-1586,157,2022-10-01T11:55:10.057Z,2026-09-20T04:56:43.298Z
DEMO-DEV-1595,157,2022-10-13T19:51:12.842Z,2026-09-14T15:27:24.205Z
DEMO-DEV-1602,157,2022-10-09T09:20:20.535Z,2026-09-16T17:32:47.003Z
DEMO-DEV-1636,157,2022-10-05T11:53:36.038Z,2026-09-09T13:51:24.087Z
DEMO-DEV-1659,157,2022-10-01T12:40:53.735Z,2026-09-07T07:09:31.319Z
DEMO-DEV-1736,157,2022-10-07T17:47:53.513Z,2026-09-29T01:00:44.190Z
DEMO-DEV-1854,157,2022-10-19T13:12:16.765Z,2026-09-27T17:46:07.272Z
DEMO-DEV-1860,157,2022-10-05T11:01:48.352Z,2026-09-27T07:26:29.618Z
DEMO-DEV-1899,157,2022-10-12T07:47:11.090Z,2026-09-20T13:24:43.879Z
DEMO-DEV-1945,157,2022-10-06T14:41:35.778Z,2026-09-26T17:06:32.365Z
DEMO-DEV-1950,157,2022-10-04T11:32:41.508Z,2026-09-09T18:35:11.735Z
DEMO-DEV-1953,157,2022-10-02T04:40:50.252Z,2026-09-22T01:09:28.503Z
DEMO-DEV-2033,157,2022-10-11T01:42:14.003Z,2026-09-20T01:36:49.057Z
DEMO-DEV-2037,157,2022-10-01T14:09:15.636Z,2026-09-24T21:02:10.676Z
DEMO-DEV-2038,157,2022-10-21T21:35:59.038Z,2026-09-30T06:23:47.793Z
DEMO-DEV-2050,157,2022-10-08T19:09:47.090Z,2026-09-25T02:47:54.714Z
DEMO-DEV-2065,157,2022-10-08T04:29:20.503Z,2026-09-19T11:43:33.843Z
DEMO-DEV-2066,157,2022-10-07T08:57:24.793Z,2026-09-07T15:12:14.460Z
DEMO-DEV-2068,157,2022-10-26T00:02:21.192Z,2026-09-19T18:40:29.045Z
DEMO-DEV-2171,157,2022-10-03T03:06:19.985Z,2026-09-27T19:05:57.557Z
DEMO-DEV-2176,157,2022-10-25T19:29:42.442Z,2026-09-26T10:05:46.505Z
DEMO-DEV-2190,157,2022-10-03T18:31:34.865Z,2026-08-30T04:51:10.226Z
DEMO-DEV-2248,157,2022-10-14T07:00:58.993Z,2026-09-18T21:45:03.446Z
DEMO-DEV-2261,157,2022-10-23T06:53:43.254Z,2026-09-25T17:16:17.885Z
DEMO-DEV-2316,157,2022-10-06T07:29:52.738Z,2026-09-28T23:42:21.024Z
DEMO-DEV-2327,157,2022-10-05T08:26:34.077Z,2026-09-17T17:48:41.846Z
DEMO-DEV-2389,157,2022-10-07T15:51:43.004Z,2026-09-15T14:05:00.387Z
DEMO-DEV-2415,157,2022-10-03T08:55:52.120Z,2026-09-23T11:15:35.014Z
DEMO-DEV-2446,157,2022-10-25T22:02:49.190Z,2026-09-12T14:32:34.976Z
DEMO-DEV-2480,157,2022-10-02T14:42:38.785Z,2026-09-20T13:04:47.219Z
DEMO-DEV-2592,157,2022-10-10T00:39:34.914Z,2026-09-29T16:31:15.291Z
DEMO-DEV-2622,157,2022-10-07T06:10:09.120Z,2026-09-29T15:17:03.345Z
DEMO-DEV-2639,157,2022-10-13T12:27:08.272Z,2026-09-22T19:02:57.545Z
DEMO-DEV-2641,157,2022-10-01T15:46:14.415Z,2026-09-08T09:51:19.192Z
DEMO-DEV-2668,157,2022-10-02T23:22:28.508Z,2026-09-28T10:51:37.015Z
DEMO-DEV-2703,157,2022-10-04T23:38:30.578Z,2026-09-29T16:50:05.003Z
DEMO-DEV-2726,157,2022-10-17T08:21:39.527Z,2026-09-29T13:17:47.287Z
DEMO-DEV-2739,157,2022-10-02T11:49:28.884Z,2026-09-27T01:40:37.123Z
DEMO-DEV-2741,157,2022-10-04T13:39:34.160Z,2026-09-25T06:34:40.300Z
DEMO-DEV-2758,157,2022-10-09T04:09:39.370Z,2026-09-16T01:28:15.352Z
DEMO-DEV-2790,157,2022-10-01T23:20:42.288Z,2026-09-26T14:28:44.867Z
DEMO-DEV-2847,157,2022-10-06T03:48:12.203Z,2026-09-18T07:52:53.319Z
DEMO-DEV-2963,157,2022-10-04T14:28:37.555Z,2026-09-17T23:41:04.949Z
DEMO-DEV-2983,157,2022-10-01T19:34:02.239Z,2026-09-19T02:23:27.226Z
DEMO-DEV-3013,157,2022-10-13T10:08:14.428Z,2026-09-27T11:38:32.692Z
DEMO-DEV-3024,157,2022-10-10T11:47:49.068Z,2026-09-14T12:57:38.024Z
DEMO-DEV-3025,157,2022-10-29T14:04:52.189Z,2026-09-07T02:49:02.063Z
DEMO-DEV-3027,157,2022-10-08T14:40:10.394Z,2026-09-30T03:14:20.134Z
DEMO-DEV-3069,157,2022-10-03T22:53:44.929Z,2026-09-29T20:37:38.870Z
DEMO-DEV-3094,157,2022-11-12T02:29:30.754Z,2026-08-17T08:03:24.843Z
DEMO-DEV-3112,157,2022-10-03T18:33:05.366Z,2026-09-23T19:24:52.192Z
DEMO-DEV-3151,157,2022-10-03T14:21:10.365Z,2026-09-23T09:11:35.612Z
DEMO-DEV-3153,157,2022-10-12T01:43:01.403Z,2026-09-27T04:56:23.591Z
DEMO-DEV-3190,157,2022-10-14T13:22:54.075Z,2026-09-25T12:35:13.825Z
DEMO-DEV-3342,157,2022-10-06T14:17:20.221Z,2026-09-28T06:13:08.846Z
DEMO-DEV-3386,157,2022-10-27T18:12:01.493Z,2026-09-26T12:27:41.786Z
DEMO-DEV-3408,157,2022-10-08T20:03:31.470Z,2026-09-27T23:25:31.508Z
DEMO-DEV-3559,157,2022-10-03T11:23:38.038Z,2026-09-04T02:45:53.264Z
DEMO-DEV-3570,157,2022-10-07T14:14:22.073Z,2026-09-26T04:11:06.523Z
DEMO-DEV-3622,157,2022-10-04T07:05:43.004Z,2026-09-17T08:58:52.804Z
DEMO-DEV-3626,157,2022-10-05T21:17:01.239Z,2026-09-29T12:16:54.160Z
DEMO-DEV-3638,157,2022-10-10T05:38:28.765Z,2026-09-28T11:01:13.545Z
DEMO-DEV-3663,157,2022-10-15T13:36:17.702Z,2026-09-30T05:41:06.272Z
DEMO-DEV-3728,157,2022-10-03T10:12:39.692Z,2026-09-17T21:42:37.989Z
DEMO-DEV-3836,157,2022-10-18T03:52:40.917Z,2026-09-29T16:04:51.172Z
DEMO-DEV-3859,157,2022-10-03T10:31:19.120Z,2026-09-30T04:57:50.026Z
DEMO-DEV-3890,157,2022-10-04T20:33:58.204Z,2026-09-25T21:11:14.612Z
DEMO-DEV-3956,157,2022-10-07T06:43:01.252Z,2026-09-27T23:09:03.023Z
DEMO-DEV-3978,157,2022-10-02T08:04:38.785Z,2026-09-28T14:23:39.646Z
DEMO-DEV-4015,157,2022-10-01T19:28:02.597Z,2026-09-21T14:59:58.466Z
DEMO-DEV-4104,157,2022-10-24T17:53:13.325Z,2026-09-30T03:58:48.139Z
DEMO-DEV-4150,157,2022-11-21T04:13:52.519Z,2026-09-27T05:27:28.926Z
DEMO-DEV-4192,157,2022-10-15T02:34:15.584Z,2026-09-28T15:45:43.568Z
DEMO-DEV-4219,157,2022-10-02T16:03:46.655Z,2026-09-28T11:00:09.817Z
DEMO-DEV-4265,157,2022-10-07T09:32:33.535Z,2026-09-24T10:40:48.793Z
DEMO-DEV-4266,157,2022-10-01T09:01:56.929Z,2026-09-29T19:50:04.015Z
DEMO-DEV-4281,157,2022-10-04T18:10:49.205Z,2026-09-22T21:18:51.298Z
DEMO-DEV-4297,157,2022-10-02T13:21:09.446Z,2026-09-27T01:42:08.472Z
DEMO-DEV-4352,157,2022-10-04T02:46:09.252Z,2026-09-21T22:44:33.225Z
DEMO-DEV-4378,157,2022-10-03T14:39:58.234Z,2026-09-28T19:20:39.868Z
DEMO-DEV-4390,157,2022-10-02T20:00:16.599Z,2026-09-26T09:01:20.989Z
DEMO-DEV-4407,157,2022-10-11T09:24:34.192Z,2026-09-14T05:33:24.302Z
DEMO-DEV-4422,157,2022-10-05T02:12:53.784Z,2026-09-30T05:29:43.785Z
DEMO-DEV-4511,157,2022-10-16T11:38:10.068Z,2026-09-18T03:02:27.653Z
DEMO-DEV-4515,157,2022-10-12T17:37:22.785Z,2026-09-24T08:30:04.929Z
DEMO-DEV-4518,157,2022-10-19T18:31:14.264Z,2026-09-23T13:35:02.357Z
DEMO-DEV-4582,157,2022-10-06T07:14:36.190Z,2026-09-08T16:36:19.682Z
DEMO-DEV-4623,157,2022-10-05T17:15:41.989Z,2026-09-26T17:55:06.968Z
DEMO-DEV-4691,157,2022-10-07T00:43:20.778Z,2026-09-28T00:59:29.224Z
DEMO-DEV-4824,157,2022-10-12T01:09:57.682Z,2026-09-16T01:39:31.523Z
DEMO-DEV-4830,157,2022-10-01T13:54:24.968Z,2026-09-27T12:57:08.183Z
DEMO-DEV-4862,157,2022-10-01T15:27:27.075Z,2026-09-15T11:57:01.719Z
DEMO-DEV-4883,157,2022-10-20T03:07:51.976Z,2026-09-17T21:46:29.063Z
DEMO-DEV-4901,157,2022-10-10T09:59:04.120Z,2026-09-15T16:16:04.308Z
DEMO-DEV-5009,157,2022-10-18T18:46:49.238Z,2026-08-20T21:12:14.966Z
DEMO-DEV-5079,157,2022-11-14T01:37:53.891Z,2026-09-08T02:38:44.929Z
DEMO-DEV-5092,157,2022-10-03T13:18:40.891Z,2026-09-15T06:51:44.138Z
DEMO-DEV-5103,157,2022-10-14T14:17:50.120Z,2026-09-17T11:18:22.485Z
DEMO-DEV-5115,157,2022-10-02T21:37:29.505Z,2026-09-26T05:43:29.851Z
DEMO-DEV-5126,157,2022-10-09T06:06:10.568Z,2026-09-18T02:40:33.443Z
DEMO-DEV-5137,157,2022-10-23T22:31:04.387Z,2026-09-29T15:26:29.605Z
DEMO-DEV-5152,157,2022-10-15T08:36:52.370Z,2026-09-22T04:31:34.090Z
DEMO-DEV-5154,157,2022-10-02T22:28:08.688Z,2026-09-24T13:39:27.370Z
DEMO-DEV-5239,157,2022-10-05T05:27:33.345Z,2026-09-26T15:36:11.917Z
DEMO-DEV-5267,157,2022-10-02T03:46:52.023Z,2026-09-28T02:23:41.387Z
DEMO-DEV-5356,157,2022-10-08T09:28:36.264Z,2026-09-25T22:25:41.370Z
DEMO-DEV-5418,157,2022-10-01T12:50:50.045Z,2026-09-15T13:28:37.120Z
DEMO-DEV-5445,157,2022-10-14T01:17:39.221Z,2026-09-19T07:34:17.485Z
DEMO-DEV-5475,157,2022-10-03T13:26:32.612Z,2026-09-15T23:56:24.870Z
DEMO-DEV-5483,157,2022-10-08T03:20:30.653Z,2026-09-30T04:12:54.884Z
DEMO-DEV-5526,157,2022-10-04T21:05:01.080Z,2026-09-07T22:26:34.500Z
DEMO-DEV-5541,157,2022-10-05T19:37:42.607Z,2026-09-26T06:03:17.870Z
DEMO-DEV-5694,157,2022-10-04T01:17:10.503Z,2026-09-24T11:57:23.391Z
DEMO-DEV-5719,157,2022-10-06T23:49:13.974Z,2026-09-05T12:28:21.161Z
DEMO-DEV-5790,157,2022-10-04T16:16:21.485Z,2026-09-29T21:42:49.817Z
DEMO-DEV-5852,157,2022-10-10T05:41:41.442Z,2026-09-16T04:46:39.252Z
DEMO-DEV-5903,157,2022-10-06T00:29:54.226Z,2026-09-16T01:31:35.965Z
DEMO-DEV-5911,157,2022-10-01T12:06:03.786Z,2026-09-21T07:33:01.203Z
DEMO-DEV-5941,157,2022-10-28T21:25:44.877Z,2026-09-29T19:31:09.873Z
DEMO-DEV-5986,157,2022-10-17T19:45:09.975Z,2026-09-28T18:18:56.023Z
DEMO-DEV-5987,157,2022-11-01T04:04:16.155Z,2026-09-28T02:39:30.345Z
DEMO-DEV-5991,157,2022-10-07T13:33:08.319Z,2026-09-30T02:59:58.865Z
DEMO-DEV-6003,157,2022-10-19T13:58:29.218Z,2026-08-22T01:35:09.150Z
DEMO-DEV-6017,157,2022-10-01T18:22:57.366Z,2026-09-30T03:44:20.710Z
DEMO-DEV-6143,157,2022-10-11T04:46:27.428Z,2026-09-25T20:31:40.692Z
DEMO-DEV-6148,157,2022-10-08T18:28:41.949Z,2026-09-24T03:41:14.974Z
DEMO-DEV-6150,157,2022-11-28T00:05:07.825Z,2026-09-17T10:29:05.738Z
DEMO-DEV-6252,157,2022-10-15T14:23:46.950Z,2026-09-29T04:29:07.843Z
DEMO-DEV-6307,157,2022-10-15T23:38:02.949Z,2026-09-27T12:57:32.460Z
DEMO-DEV-6361,157,2022-10-02T01:24:16.208Z,2026-09-16T06:35:31.246Z
DEMO-DEV-6394,157,2022-10-25T05:19:57.232Z,2026-09-24T20:08:07.842Z
DEMO-DEV-6412,157,2022-10-07T21:11:34.003Z,2026-09-29T23:14:25.989Z
DEMO-DEV-6478,157,2022-10-03T15:12:50.428Z,2026-08-25T04:23:10.989Z
DEMO-DEV-6508,157,2022-10-19T18:04:59.204Z,2026-09-13T12:28:34.915Z
DEMO-DEV-6514,157,2022-10-04T05:10:06.045Z,2026-09-17T23:45:40.239Z
DEMO-DEV-6533,157,2022-10-08T18:03:19.390Z,2026-09-02T22:51:28.968Z
DEMO-DEV-6603,157,2022-10-03T10:24:52.655Z,2026-09-15T12:14:25.867Z
DEMO-DEV-6627,157,2022-10-01T11:16:01.219Z,2026-09-06T06:37:33.307Z
DEMO-DEV-6662,157,2022-10-08T15:49:23.268Z,2026-09-29T10:47:30.370Z
DEMO-DEV-6665,157,2022-10-14T21:53:54.557Z,2026-09-08T05:06:08.354Z
DEMO-DEV-6686,157,2022-10-23T06:44:44.877Z,2026-09-29T08:35:37.950Z
DEMO-DEV-6704,157,2022-10-06T23:38:33.415Z,2026-09-23T17:06:24.785Z
DEMO-DEV-6707,157,2022-10-04T12:26:25.090Z,2026-09-28T15:46:53.443Z
DEMO-DEV-6720,157,2022-10-13T17:41:08.612Z,2026-09-12T22:30:15.655Z
DEMO-DEV-6751,157,2022-10-12T01:36:54.636Z,2026-09-29T11:44:38.493Z
DEMO-DEV-6772,157,2022-10-12T10:47:56.357Z,2026-09-24T15:00:29.268Z
DEMO-DEV-6791,157,2022-10-02T02:40:01.948Z,2026-09-30T06:34:53.508Z
DEMO-DEV-6805,157,2022-10-10T11:21:49.752Z,2026-09-19T09:33:09.682Z
DEMO-DEV-6890,157,2022-10-13T00:59:37.394Z,2026-09-26T23:59:17.165Z
DEMO-DEV-6961,157,2022-10-02T20:28:28.870Z,2026-09-28T05:31:55.527Z
DEMO-DEV-6972,157,2022-11-16T01:33:36.090Z,2026-09-09T06:11:51.503Z
DEMO-DEV-7009,157,2022-10-02T08:49:55.545Z,2026-09-23T05:38:59.537Z
DEMO-DEV-7038,157,2022-11-30T02:41:10.527Z,2026-09-11T23:19:56.057Z
DEMO-DEV-7109,157,2022-10-06T17:47:57.250Z,2026-09-23T22:20:20.568Z
DEMO-DEV-7113,157,2022-10-26T05:43:37.236Z,2026-09-23T18:02:24.288Z
DEMO-DEV-7124,157,2022-10-02T16:53:33.719Z,2026-09-28T14:57:01.989Z
DEMO-DEV-7128,157,2022-10-24T13:05:03.824Z,2026-09-25T17:22:17.063Z
DEMO-DEV-7141,157,2022-10-06T10:28:14.976Z,2026-09-26T12:00:43.523Z
DEMO-DEV-7188,157,2022-11-08T06:58:08.015Z,2026-09-29T18:09:44.466Z
DEMO-DEV-7238,157,2022-10-24T03:07:09.545Z,2026-09-23T11:51:13.250Z
DEMO-DEV-7299,157,2022-10-19T18:34:46.846Z,2026-09-11T16:43:43.254Z
DEMO-DEV-7389,157,2022-10-02T08:11:31.497Z,2026-09-09T05:57:35.123Z
DEMO-DEV-7435,157,2022-10-01T19:30:11.090Z,2026-09-14T15:32:09.605Z
DEMO-DEV-7442,157,2022-10-01T09:14:25.975Z,2026-09-28T08:59:23.682Z
DEMO-DEV-7499,157,2022-10-20T19:02:19.537Z,2026-09-29T22:45:29.230Z
DEMO-DEV-7557,157,2022-10-13T09:21:51.446Z,2026-09-29T14:18:23.485Z
DEMO-DEV-7580,157,2022-10-18T19:38:36.537Z,2026-09-17T21:50:53.352Z
DEMO-DEV-7625,157,2022-10-03T18:48:15.949Z,2026-09-28T18:01:56.824Z
DEMO-DEV-7656,157,2022-10-12T23:59:40.291Z,2026-09-20T14:30:28.024Z
DEMO-DEV-7678,157,2022-10-12T00:48:05.666Z,2026-09-23T15:57:44.618Z
DEMO-DEV-7711,157,2022-10-05T19:39:36.778Z,2026-09-15T10:54:49.239Z
DEMO-DEV-7789,157,2022-10-06T02:29:55.460Z,2026-09-19T00:10:54.584Z
DEMO-DEV-7837,157,2022-10-04T05:46:11.688Z,2026-09-23T15:43:41.161Z
DEMO-DEV-7841,157,2022-10-02T10:49:00.246Z,2026-09-27T15:20:04.782Z
DEMO-DEV-7853,157,2022-10-20T13:41:55.045Z,2026-09-21T20:15:28.165Z
DEMO-DEV-7884,157,2022-10-13T01:24:04.205Z,2026-09-23T13:05:41.289Z
DEMO-DEV-7902,157,2022-10-07T04:01:38.948Z,2026-09-16T02:59:34.676Z
DEMO-DEV-7930,157,2022-10-13T07:17:22.225Z,2026-09-06T16:51:49.917Z
DEMO-DEV-7933,157,2022-10-05T05:49:43.428Z,2026-09-28T10:31:44.597Z
DEMO-DEV-7950,157,2022-12-03T06:38:04.870Z,2026-09-26T20:44:35.646Z
DEMO-DEV-7995,157,2022-10-22T13:12:57.913Z,2026-09-28T15:37:19.366Z
DEMO-DEV-8006,157,2022-10-04T21:06:43.080Z,2026-09-12T08:31:52.014Z
DEMO-DEV-8013,157,2022-10-19T02:14:08.045Z,2026-09-05T12:39:55.714Z
DEMO-DEV-8037,157,2022-10-14T10:31:58.765Z,2026-09-26T12:48:29.778Z
DEMO-DEV-8043,157,2022-10-03T02:26:44.612Z,2026-09-22T21:57:23.545Z
DEMO-DEV-8087,157,2022-10-13T12:17:51.702Z,2026-09-23T13:54:01.914Z
DEMO-DEV-8129,157,2022-10-09T11:32:59.298Z,2026-08-01T22:25:14.842Z
DEMO-DEV-8139,157,2022-10-12T18:47:44.289Z,2026-09-21T15:24:47.087Z
DEMO-DEV-8140,157,2022-10-01T09:35:45.885Z,2026-09-11T13:39:52.500Z
DEMO-DEV-8213,157,2022-10-07T19:34:59.612Z,2026-09-26T06:53:17.993Z
DEMO-DEV-8221,157,2022-10-22T00:08:36.765Z,2026-09-19T07:18:55.989Z
DEMO-DEV-8224,157,2022-10-15T08:40:10.885Z,2026-09-20T03:43:55.870Z
DEMO-DEV-8242,157,2022-10-06T22:18:31.073Z,2026-09-11T12:51:15.485Z
DEMO-DEV-8291,157,2022-10-05T19:00:23.500Z,2026-09-16T07:09:46.038Z
DEMO-DEV-8303,157,2022-10-20T08:39:23.765Z,2026-09-26T14:50:48.948Z
DEMO-DEV-8305,157,2022-10-20T21:52:48.234Z,2026-09-28T11:01:27.803Z
DEMO-DEV-8322,157,2022-10-07T06:55:09.183Z,2026-09-23T11:58:57.221Z
DEMO-DEV-8341,157,2022-10-09T18:54:59.817Z,2026-09-14T19:18:02.950Z
DEMO-DEV-8354,157,2022-10-09T17:15:56.778Z,2026-09-23T16:56:47.655Z
DEMO-DEV-8382,157,2022-10-03T06:02:46.612Z,2026-09-26T16:55:43.442Z
DEMO-DEV-8412,157,2022-10-12T20:29:43.727Z,2026-09-26T16:29:41.968Z
DEMO-DEV-8441,157,2022-10-25T12:31:41.793Z,2026-09-29T08:26:40.537Z
DEMO-DEV-8462,157,2022-10-05T07:56:24.523Z,2026-09-24T04:45:45.003Z
DEMO-DEV-8530,157,2022-10-10T05:54:06.023Z,2026-09-21T07:47:09.040Z
DEMO-DEV-8541,157,2022-10-10T04:03:00.714Z,2026-09-29T02:03:20.075Z
DEMO-DEV-8612,157,2022-10-31T19:47:10.891Z,2026-09-19T22:57:39.754Z
DEMO-DEV-8634,157,2022-10-04T22:49:51.784Z,2026-09-18T06:46:34.646Z
DEMO-DEV-8638,157,2022-10-01T20:37:32.825Z,2026-09-11T13:29:47.653Z
DEMO-DEV-8643,157,2022-10-01T23:07:16.370Z,2026-09-29T03:29:25.870Z
DEMO-DEV-8682,157,2022-10-21T03:43:18.527Z,2026-09-20T23:08:42.795Z
DEMO-DEV-8698,157,2022-11-07T06:17:48.015Z,2026-09-15T19:54:54.287Z
DEMO-DEV-8801,157,2022-10-19T07:12:16.817Z,2026-09-16T09:02:32.765Z
DEMO-DEV-8856,157,2022-10-23T15:05:06.190Z,2026-09-05T09:36:45.298Z
DEMO-DEV-8910,157,2022-10-07T06:53:25.915Z,2026-09-25T12:06:07.272Z
DEMO-DEV-8937,157,2022-10-09T15:15:15.239Z,2026-09-27T00:28:29.165Z
DEMO-DEV-8947,157,2022-11-03T11:43:44.668Z,2026-09-30T01:38:25.160Z
DEMO-DEV-8987,157,2022-10-04T07:52:20.868Z,2026-09-20T01:02:24.597Z
DEMO-DEV-9052,157,2022-11-09T23:11:12.446Z,2026-09-30T03:56:52.023Z
DEMO-DEV-9154,157,2022-10-10T09:40:17.668Z,2026-09-23T06:54:17.658Z
DEMO-DEV-9169,157,2022-10-13T17:32:05.965Z,2026-09-23T04:24:12.246Z
DEMO-DEV-9209,157,2022-11-10T01:20:48.397Z,2026-09-29T21:48:16.442Z
DEMO-DEV-9252,157,2022-10-20T13:49:25.735Z,2026-09-16T20:27:07.208Z
DEMO-DEV-9271,157,2022-10-07T15:39:18.370Z,2026-09-23T20:51:22.161Z
DEMO-DEV-9278,157,2022-10-03T19:58:06.505Z,2026-09-24T17:03:06.591Z
DEMO-DEV-9291,157,2022-10-17T13:53:07.287Z,2026-09-13T13:27:08.250Z
DEMO-DEV-9322,157,2022-10-18T11:57:32.646Z,2026-09-08T18:08:14.597Z
DEMO-DEV-9361,157,2022-10-02T09:14:47.754Z,2026-09-21T14:14:28.839Z
DEMO-DEV-9458,157,2022-10-13T08:12:23.655Z,2026-09-23T23:25:05.692Z
DEMO-DEV-9471,157,2022-10-13T21:44:00.307Z,2026-09-29T15:50:39.648Z
DEMO-DEV-9490,157,2022-10-15T12:42:34.470Z,2026-09-12T05:50:04.470Z
DEMO-DEV-9551,157,2022-10-08T22:18:49.784Z,2026-09-23T19:46:52.219Z
DEMO-DEV-9569,157,2022-10-10T11:08:21.914Z,2026-09-10T09:47:20.250Z
DEMO-DEV-9740,157,2022-10-13T21:39:19.319Z,2026-09-28T12:06:52.365Z
DEMO-DEV-9752,157,2022-10-04T15:20:04.485Z,2026-09-27T09:25:17.238Z
DEMO-DEV-9801,157,2022-10-27T00:02:02.037Z,2026-09-27T20:19:43.892Z
DEMO-DEV-9812,157,2022-10-08T01:57:58.692Z,2026-09-27T09:15:06.597Z
DEMO-DEV-9816,157,2022-10-09T14:26:25.688Z,2026-09-19T08:07:52.402Z
DEMO-DEV-9817,157,2022-10-05T18:32:45.155Z,2026-09-27T09:15:11.508Z
DEMO-DEV-9827,157,2022-10-07T16:14:35.225Z,2026-09-21T19:16:37.524Z
DEMO-DEV-9865,157,2022-10-03T23:22:17.658Z,2026-09-14T02:31:02.252Z
DEMO-DEV-9885,157,2022-10-08T13:59:58.403Z,2026-09-23T17:51:53.778Z
DEMO-DEV-9943,157,2022-10-04T01:55:20.466Z,2026-09-26T00:26:06.183Z
DEMO-DEV-9979,157,2022-10-06T18:27:36.786Z,2026-09-01T04:22:38.839Z
DEMO-DEV-9981,157,2022-10-04T05:15:54.527Z,2026-08-24T07:48:42.519Z
DEMO-DEV-9990,157,2022-10-05T18:27:33.352Z,2026-09-15T08:53:27.073Z
DEMO-DEV-0073,156,2022-10-14T05:39:36.497Z,2026-09-17T01:45:44.524Z
DEMO-DEV-0077,156,2022-10-07T23:12:52.298Z,2026-09-16T04:35:01.778Z
DEMO-DEV-0081,156,2022-10-16T13:48:01.913Z,2026-09-27T16:41:13.655Z
DEMO-DEV-0083,156,2022-10-24T10:34:39.268Z,2026-09-18T01:38:04.987Z
DEMO-DEV-0093,156,2022-10-01T10:22:31.004Z,2026-09-13T03:51:56.403Z
DEMO-DEV-0115,156,2022-10-10T20:40:22.063Z,2026-09-08T23:14:43.428Z
DEMO-DEV-0143,156,2022-10-09T03:57:05.950Z,2026-09-15T17:21:38.867Z
DEMO-DEV-0150,156,2022-10-16T01:00:35.037Z,2026-09-18T21:01:10.219Z
DEMO-DEV-0171,156,2022-10-20T01:22:10.403Z,2026-09-25T09:45:12.150Z
DEMO-DEV-0227,156,2022-10-17T10:07:00.884Z,2026-09-27T18:22:19.173Z
DEMO-DEV-0236,156,2022-10-14T23:18:59.917Z,2026-09-11T15:07:30.843Z
DEMO-DEV-0242,156,2022-10-11T04:08:10.557Z,2026-09-13T06:52:38.735Z
DEMO-DEV-0258,156,2022-10-07T09:41:44.870Z,2026-08-27T00:44:36.817Z
DEMO-DEV-0297,156,2022-10-03T19:11:21.090Z,2026-09-08T16:06:13.462Z
DEMO-DEV-0344,156,2022-10-23T11:52:22.038Z,2026-09-28T02:06:00.714Z
DEMO-DEV-0346,156,2022-10-27T02:18:15.824Z,2026-09-16T12:47:00.493Z
DEMO-DEV-0444,156,2022-10-07T13:48:20.527Z,2026-09-06T18:55:07.319Z
DEMO-DEV-0451,156,2022-10-06T18:32:54.966Z,2026-09-04T08:04:10.865Z
DEMO-DEV-0462,156,2022-10-06T10:19:20.508Z,2026-09-30T03:02:05.167Z
DEMO-DEV-0571,156,2022-10-04T07:14:33.778Z,2026-08-20T12:59:05.727Z
DEMO-DEV-0578,156,2022-10-08T12:25:55.139Z,2026-09-27T11:29:00.929Z
DEMO-DEV-0608,156,2022-10-02T01:06:36.172Z,2026-09-28T22:22:42.836Z
DEMO-DEV-0643,156,2022-10-10T08:11:51.040Z,2026-08-25T14:13:56.057Z
DEMO-DEV-0648,156,2022-10-04T04:26:18.460Z,2026-09-27T20:26:26.714Z
DEMO-DEV-0771,156,2022-10-08T02:49:52.024Z,2026-09-29T05:12:25.238Z
DEMO-DEV-0796,156,2022-10-07T07:37:45.190Z,2026-09-29T04:29:24.460Z
DEMO-DEV-0818,156,2022-10-17T11:17:12.992Z,2026-09-22T16:35:01.784Z
DEMO-DEV-0970,156,2022-10-06T20:00:03.246Z,2026-09-23T07:12:55.639Z
DEMO-DEV-0999,156,2022-10-09T17:03:11.987Z,2026-09-30T04:49:03.238Z
DEMO-DEV-1010,156,2022-10-09T02:16:07.817Z,2026-09-28T22:51:50.505Z
DEMO-DEV-1034,156,2022-10-02T19:31:12.568Z,2026-09-23T14:40:15.618Z
DEMO-DEV-1039,156,2022-10-01T12:44:25.226Z,2026-09-29T07:17:49.993Z
DEMO-DEV-1119,156,2022-10-14T05:14:28.636Z,2026-09-29T13:30:01.799Z
DEMO-DEV-1140,156,2022-10-13T14:28:21.500Z,2026-09-29T03:03:38.702Z
DEMO-DEV-1167,156,2022-10-04T05:54:00.288Z,2026-09-26T04:13:08.167Z
DEMO-DEV-1176,156,2022-10-03T13:11:29.639Z,2026-09-10T17:47:13.497Z
DEMO-DEV-1201,156,2022-10-21T00:31:39.714Z,2026-09-20T12:00:55.503Z
DEMO-DEV-1214,156,2022-10-02T19:42:59.298Z,2026-08-19T23:52:05.189Z
DEMO-DEV-1231,156,2022-10-04T14:39:53.825Z,2026-09-19T01:50:01.537Z
DEMO-DEV-1317,156,2022-10-08T23:52:46.387Z,2026-09-20T12:42:03.867Z
DEMO-DEV-1373,156,2022-10-08T01:05:35.040Z,2026-09-21T08:25:37.190Z
DEMO-DEV-1413,156,2022-10-02T21:38:25.080Z,2026-09-23T19:49:54.793Z
DEMO-DEV-1449,156,2022-10-16T06:29:10.264Z,2026-09-26T19:21:41.597Z
DEMO-DEV-1457,156,2022-10-01T08:23:04.222Z,2026-09-25T04:56:53.929Z
DEMO-DEV-1533,156,2022-10-04T17:12:06.352Z,2026-09-10T02:23:21.004Z
DEMO-DEV-1569,156,2022-10-06T12:49:46.134Z,2026-09-28T10:51:56.816Z
DEMO-DEV-1608,156,2022-10-01T18:08:27.508Z,2026-09-27T23:22:40.123Z
DEMO-DEV-1635,156,2022-10-19T21:12:12.155Z,2026-09-22T22:59:22.870Z
DEMO-DEV-1773,156,2022-10-04T14:52:55.873Z,2026-09-17T14:08:18.968Z
DEMO-DEV-1828,156,2022-10-18T03:55:38.915Z,2026-09-09T11:12:32.511Z
DEMO-DEV-1839,156,2022-10-14T11:49:47.578Z,2026-09-20T23:57:02.183Z
DEMO-DEV-1870,156,2022-10-06T22:36:53.232Z,2026-09-26T11:14:52.402Z
DEMO-DEV-1925,156,2022-10-21T03:36:46.597Z,2026-09-19T06:42:38.653Z
DEMO-DEV-1956,156,2022-10-14T03:53:16.139Z,2026-09-27T11:19:02.204Z
DEMO-DEV-1977,156,2022-10-04T21:32:00.192Z,2026-09-22T00:13:14.120Z
DEMO-DEV-2015,156,2022-10-07T08:29:46.817Z,2026-09-19T10:50:09.189Z
DEMO-DEV-2062,156,2022-10-03T21:07:46.352Z,2026-09-17T00:03:54.155Z
DEMO-DEV-2077,156,2022-10-11T14:26:55.969Z,2026-09-14T09:04:36.929Z
DEMO-DEV-2121,156,2022-10-15T18:54:14.466Z,2026-09-21T07:46:15.735Z
DEMO-DEV-2122,156,2022-10-11T04:55:44.366Z,2026-09-25T09:12:33.337Z
DEMO-DEV-2216,156,2022-10-17T12:50:09.252Z,2026-09-28T07:05:51.268Z
DEMO-DEV-2269,156,2022-10-06T04:02:19.929Z,2026-09-19T18:37:01.298Z
DEMO-DEV-2285,156,2022-10-11T22:14:19.870Z,2026-09-27T16:57:52.298Z
DEMO-DEV-2350,156,2022-10-08T02:30:38.409Z,2026-09-28T21:17:45.218Z
DEMO-DEV-2397,156,2022-10-06T13:59:46.337Z,2026-09-19T15:12:55.884Z
DEMO-DEV-2402,156,2022-10-14T12:35:18.357Z,2026-09-21T14:43:35.825Z
DEMO-DEV-2422,156,2022-10-15T08:04:11.208Z,2026-09-10T17:15:10.513Z
DEMO-DEV-2459,156,2022-10-04T20:50:48.287Z,2026-09-29T01:43:12.189Z
DEMO-DEV-2465,156,2022-10-05T05:58:08.839Z,2026-09-29T03:36:57.524Z
DEMO-DEV-2492,156,2022-10-10T15:54:24.298Z,2026-09-12T13:36:53.402Z
DEMO-DEV-2512,156,2022-10-09T09:31:30.556Z,2026-09-28T18:09:12.428Z
DEMO-DEV-2539,156,2022-10-02T22:13:50.026Z,2026-08-30T19:40:21.026Z
DEMO-DEV-2545,156,2022-10-19T12:59:49.778Z,2026-09-14T03:01:16.402Z
DEMO-DEV-2546,156,2022-10-04T13:50:16.648Z,2026-08-31T02:16:53.485Z
DEMO-DEV-2574,156,2022-11-12T13:00:19.470Z,2026-09-08T04:33:12.607Z
DEMO-DEV-2579,156,2022-10-04T06:51:01.692Z,2026-09-29T23:54:52.239Z
DEMO-DEV-2598,156,2022-10-02T19:31:48.868Z,2026-09-11T01:31:15.915Z
DEMO-DEV-2707,156,2022-10-02T09:28:30.989Z,2026-09-29T06:43:56.555Z
DEMO-DEV-2713,156,2022-10-11T12:40:15.926Z,2026-09-28T15:23:56.289Z
DEMO-DEV-2732,156,2022-10-21T01:04:27.023Z,2026-08-28T07:39:29.068Z
DEMO-DEV-2748,156,2022-10-12T10:44:02.929Z,2026-09-22T23:18:40.545Z
DEMO-DEV-2759,156,2022-10-04T01:42:31.968Z,2026-09-28T07:02:55.891Z
DEMO-DEV-2781,156,2022-10-16T11:06:04.003Z,2026-09-19T23:43:35.225Z
DEMO-DEV-2861,156,2022-10-03T03:17:31.666Z,2026-09-25T20:24:41.387Z
DEMO-DEV-2881,156,2022-10-04T03:15:53.824Z,2026-09-24T00:18:03.442Z
DEMO-DEV-2913,156,2022-10-19T02:14:20.795Z,2026-09-30T05:20:06.075Z
DEMO-DEV-2915,156,2022-10-03T03:05:26.253Z,2026-09-27T17:21:43.754Z
DEMO-DEV-2935,156,2022-10-01T18:09:16.238Z,2026-09-29T03:19:49.865Z
DEMO-DEV-3039,156,2022-10-08T00:59:36.612Z,2026-09-28T21:32:47.523Z
DEMO-DEV-3139,156,2022-10-06T15:25:17.949Z,2026-09-29T02:57:13.150Z
DEMO-DEV-3186,156,2022-11-17T10:45:57.004Z,2026-09-25T03:06:57.511Z
DEMO-DEV-3191,156,2022-10-10T14:09:19.234Z,2026-09-18T02:39:46.688Z
DEMO-DEV-3201,156,2022-10-03T20:45:27.090Z,2026-09-26T17:30:54.929Z
DEMO-DEV-3285,156,2022-10-07T16:11:49.173Z,2026-08-26T01:13:26.250Z
DEMO-DEV-3321,156,2022-10-12T16:49:53.357Z,2026-09-08T12:59:06.368Z
DEMO-DEV-3359,156,2022-10-05T18:28:48.165Z,2026-09-16T08:48:46.804Z
DEMO-DEV-3372,156,2022-10-07T04:24:29.189Z,2026-09-21T08:38:33.027Z
DEMO-DEV-3384,156,2022-10-12T15:22:58.989Z,2026-09-26T19:09:57.511Z
DEMO-DEV-3401,156,2022-10-04T05:16:39.428Z,2026-09-25T17:05:28.219Z
DEMO-DEV-3409,156,2022-10-18T02:09:41.993Z,2026-09-27T06:20:00.403Z
DEMO-DEV-3422,156,2022-10-04T21:45:09.841Z,2026-09-17T11:41:26.816Z
DEMO-DEV-3442,156,2022-10-10T18:26:22.287Z,2026-09-27T03:50:08.409Z
DEMO-DEV-3498,156,2022-10-04T16:21:36.843Z,2026-09-16T10:50:42.183Z
DEMO-DEV-3584,156,2022-10-04T16:19:04.792Z,2026-09-29T07:31:55.390Z
DEMO-DEV-3588,156,2022-10-10T12:53:36.021Z,2026-09-02T17:37:29.289Z
DEMO-DEV-3601,156,2022-10-04T20:53:48.784Z,2026-09-27T08:30:15.291Z
DEMO-DEV-3664,156,2022-10-08T01:24:39.816Z,2026-09-13T05:27:50.782Z
DEMO-DEV-3704,156,2022-10-05T19:54:48.666Z,2026-09-23T05:26:52.397Z
DEMO-DEV-3705,156,2022-10-05T12:13:29.735Z,2026-09-01T18:03:33.080Z
DEMO-DEV-3716,156,2022-10-03T22:03:06.165Z,2026-09-16T00:34:09.037Z
DEMO-DEV-3745,156,2022-10-03T02:59:17.968Z,2026-09-04T16:08:06.948Z
DEMO-DEV-3793,156,2022-10-07T10:01:07.692Z,2026-09-10T07:57:21.976Z
DEMO-DEV-3846,156,2022-10-12T09:04:52.867Z,2026-09-28T10:02:39.077Z
DEMO-DEV-3907,156,2022-10-05T15:16:31.975Z,2026-09-22T05:33:59.710Z
DEMO-DEV-3940,156,2022-10-03T11:15:16.653Z,2026-09-25T00:47:27.485Z
DEMO-DEV-3973,156,2022-10-10T06:42:36.298Z,2026-09-30T03:53:01.803Z
DEMO-DEV-3980,156,2022-10-04T07:51:30.250Z,2026-09-21T06:12:19.865Z
DEMO-DEV-4003,156,2022-10-05T19:10:25.597Z,2026-09-15T02:44:54.365Z
DEMO-DEV-4037,156,2022-10-11T22:57:10.027Z,2026-09-21T02:54:50.302Z
DEMO-DEV-4040,156,2022-10-16T13:40:29.636Z,2026-09-18T13:04:29.605Z
DEMO-DEV-4062,156,2022-10-03T03:25:03.226Z,2026-09-25T05:15:34.063Z
DEMO-DEV-4081,156,2022-10-03T05:25:24.354Z,2026-09-27T13:21:16.646Z
DEMO-DEV-4083,156,2022-10-02T22:55:44.778Z,2026-09-25T16:18:24.782Z
DEMO-DEV-4134,156,2022-10-08T21:09:28.885Z,2026-09-25T16:47:49.557Z
DEMO-DEV-4136,156,2022-10-05T16:40:34.232Z,2026-09-22T03:50:34.754Z
DEMO-DEV-4145,156,2022-10-25T03:02:44.885Z,2026-09-27T21:21:05.308Z
DEMO-DEV-4202,156,2022-10-16T19:12:32.004Z,2026-09-16T08:44:57.792Z
DEMO-DEV-4257,156,2022-10-01T16:48:32.785Z,2026-09-14T02:42:04.288Z
DEMO-DEV-4288,156,2022-10-10T18:53:25.307Z,2026-09-24T03:31:08.839Z
DEMO-DEV-4311,156,2022-10-04T04:38:55.804Z,2026-09-20T00:00:39.865Z
DEMO-DEV-4391,156,2022-10-04T07:26:27.754Z,2026-09-25T14:26:53.727Z
DEMO-DEV-4398,156,2022-10-16T02:40:39.556Z,2026-09-29T15:54:50.205Z
DEMO-DEV-4624,156,2022-10-06T10:32:13.183Z,2026-09-21T14:43:28.646Z
DEMO-DEV-4626,156,2022-10-21T16:47:28.080Z,2026-09-26T01:32:11.222Z
DEMO-DEV-4644,156,2022-10-21T09:37:17.727Z,2026-09-12T11:28:09.288Z
DEMO-DEV-4645,156,2022-10-07T18:15:31.867Z,2026-09-26T04:42:17.289Z
DEMO-DEV-4802,156,2022-10-07T12:54:30.204Z,2026-09-23T23:51:40.211Z
DEMO-DEV-4879,156,2022-10-07T20:00:25.224Z,2026-09-28T21:49:59.754Z
DEMO-DEV-4912,156,2022-10-19T06:56:09.253Z,2026-09-27T17:49:33.863Z
DEMO-DEV-5014,156,2022-10-08T17:28:49.913Z,2026-09-17T23:26:46.524Z
DEMO-DEV-5068,156,2022-10-02T19:24:04.038Z,2026-09-28T01:46:06.354Z
DEMO-DEV-5090,156,2022-10-07T00:10:33.692Z,2026-09-29T15:50:24.653Z
DEMO-DEV-5091,156,2022-10-22T15:54:20.287Z,2026-09-20T05:17:02.842Z
DEMO-DEV-5098,156,2022-10-04T05:17:57.537Z,2026-09-29T05:03:54.443Z
DEMO-DEV-5100,156,2022-10-08T00:02:58.168Z,2026-09-30T01:20:50.370Z
DEMO-DEV-5104,156,2022-10-01T13:56:39.254Z,2026-09-29T05:23:53.403Z
DEMO-DEV-5129,156,2022-10-10T04:48:06.221Z,2026-09-26T06:24:26.639Z
DEMO-DEV-5202,156,2022-10-11T12:12:57.308Z,2026-09-24T04:14:05.319Z
DEMO-DEV-5283,156,2022-10-09T03:36:59.503Z,2026-09-29T20:13:22.470Z
DEMO-DEV-5286,156,2022-11-06T08:20:54.692Z,2026-09-30T06:48:01.455Z
DEMO-DEV-5412,156,2022-10-02T05:32:49.319Z,2026-09-26T09:53:56.219Z
DEMO-DEV-5433,156,2022-10-07T21:04:02.493Z,2026-09-21T08:03:35.015Z
DEMO-DEV-5453,156,2022-10-14T16:02:45.415Z,2026-09-26T11:31:01.387Z
DEMO-DEV-5525,156,2022-10-13T16:02:10.466Z,2026-09-26T20:23:17.391Z
DEMO-DEV-5569,156,2022-10-25T14:06:10.975Z,2026-09-22T13:35:57.068Z
DEMO-DEV-5583,156,2022-11-03T21:52:59.442Z,2026-09-27T20:04:38.537Z
DEMO-DEV-5602,156,2022-10-14T14:17:22.915Z,2026-09-06T08:05:40.057Z
DEMO-DEV-5649,156,2022-10-02T19:54:26.003Z,2026-09-22T08:52:19.719Z
DEMO-DEV-5674,156,2022-10-16T14:34:55.786Z,2026-09-17T22:13:39.203Z
DEMO-DEV-5687,156,2022-10-03T04:23:24.793Z,2026-09-29T08:10:54.692Z
DEMO-DEV-5700,156,2022-10-06T12:53:08.738Z,2026-09-29T12:44:31.208Z
DEMO-DEV-5710,156,2022-10-10T23:14:55.077Z,2026-09-27T10:38:31.817Z
DEMO-DEV-5767,156,2022-10-07T16:26:24.470Z,2026-09-28T01:57:43.537Z
DEMO-DEV-5775,156,2022-10-23T12:34:10.639Z,2026-09-22T11:53:15.120Z
DEMO-DEV-5848,156,2022-10-11T10:30:47.557Z,2026-09-29T17:10:29.161Z
DEMO-DEV-5849,156,2022-10-09T10:51:08.173Z,2026-09-29T15:07:11.639Z
DEMO-DEV-5854,156,2022-10-10T19:55:55.289Z,2026-09-26T13:41:49.668Z
DEMO-DEV-5873,156,2022-10-06T11:26:11.428Z,2026-09-27T20:30:13.211Z
DEMO-DEV-5898,156,2022-10-15T20:06:11.568Z,2026-09-25T01:10:23.599Z
DEMO-DEV-5985,156,2022-10-06T19:38:24.172Z,2026-09-22T10:48:56.639Z
DEMO-DEV-6008,156,2022-10-05T16:36:38.992Z,2026-09-18T21:21:45.841Z
DEMO-DEV-6025,156,2022-10-20T00:58:58.612Z,2026-09-26T14:25:38.172Z
DEMO-DEV-6107,156,2022-10-09T04:01:10.851Z,2026-09-03T18:32:03.676Z
DEMO-DEV-6110,156,2022-10-04T02:50:32.325Z,2026-09-21T06:07:59.442Z
DEMO-DEV-6131,156,2022-10-06T12:44:26.428Z,2026-09-22T03:11:31.804Z
DEMO-DEV-6152,156,2022-10-03T13:19:36.884Z,2026-09-25T03:43:43.037Z
DEMO-DEV-6165,156,2022-10-12T18:00:08.524Z,2026-09-19T15:46:15.793Z
DEMO-DEV-6251,156,2022-10-05T20:42:35.368Z,2026-09-27T19:52:15.926Z
DEMO-DEV-6323,156,2022-10-15T12:13:30.612Z,2026-09-25T03:39:20.167Z
DEMO-DEV-6358,156,2022-10-07T20:39:13.365Z,2026-09-18T07:52:52.877Z
DEMO-DEV-6393,156,2022-10-04T05:54:20.225Z,2026-09-28T11:51:44.365Z
DEMO-DEV-6395,156,2022-10-01T09:40:02.864Z,2026-09-28T22:36:14.397Z
DEMO-DEV-6409,156,2022-10-28T17:42:04.272Z,2026-09-28T09:12:02.268Z
DEMO-DEV-6440,156,2022-10-17T23:53:57.714Z,2026-09-18T05:50:31.080Z
DEMO-DEV-6453,156,2022-10-15T13:01:09.782Z,2026-09-21T08:02:23.315Z
DEMO-DEV-6484,156,2022-10-01T15:37:21.792Z,2026-09-26T03:56:23.037Z
DEMO-DEV-6486,156,2022-10-21T06:01:54.218Z,2026-09-26T06:54:12.968Z
DEMO-DEV-6496,156,2022-10-04T15:35:12.173Z,2026-09-18T19:43:50.969Z
DEMO-DEV-6519,156,2022-10-22T16:26:42.817Z,2026-09-18T03:43:33.307Z
DEMO-DEV-6641,156,2022-10-26T00:48:27.859Z,2026-09-18T18:37:24.219Z
DEMO-DEV-6643,156,2022-10-03T17:42:17.027Z,2026-09-28T15:11:56.272Z
DEMO-DEV-6647,156,2022-10-08T17:22:49.792Z,2026-09-06T06:51:37.523Z
DEMO-DEV-6658,156,2022-10-05T00:44:03.403Z,2026-09-26T04:02:26.460Z
DEMO-DEV-6761,156,2022-10-10T01:22:35.974Z,2026-09-24T18:23:23.568Z
DEMO-DEV-6886,156,2022-10-09T13:02:39.976Z,2026-09-12T17:30:21.508Z
DEMO-DEV-6914,156,2022-10-01T23:33:44.368Z,2026-09-21T07:49:55.568Z
DEMO-DEV-6935,156,2022-10-07T06:39:19.172Z,2026-09-21T23:29:51.075Z
DEMO-DEV-6966,156,2022-10-07T06:13:02.403Z,2026-09-21T01:44:57.597Z
DEMO-DEV-6992,156,2022-10-16T08:34:29.211Z,2026-09-25T02:33:57.357Z
DEMO-DEV-7000,156,2022-10-03T23:28:36.219Z,2026-09-26T01:40:04.415Z
DEMO-DEV-7035,156,2022-10-27T04:32:14.811Z,2026-09-17T16:45:33.203Z
DEMO-DEV-7072,156,2022-10-03T01:14:39.618Z,2026-09-21T07:44:42.470Z
DEMO-DEV-7110,156,2022-10-13T21:50:57.315Z,2026-09-25T22:17:41.403Z
DEMO-DEV-7114,156,2022-10-02T02:43:29.090Z,2026-09-26T02:38:17.948Z
DEMO-DEV-7166,156,2022-10-05T00:05:45.287Z,2026-09-26T19:07:07.172Z
DEMO-DEV-7259,156,2022-10-13T07:52:49.211Z,2026-09-28T04:21:49.307Z
DEMO-DEV-7293,156,2022-10-05T14:24:50.391Z,2026-08-31T04:47:41.219Z
DEMO-DEV-7333,156,2022-10-07T14:55:35.037Z,2026-09-18T04:02:55.792Z
DEMO-DEV-7405,156,2022-10-04T23:03:22.612Z,2026-09-19T23:55:24.315Z
DEMO-DEV-7447,156,2022-10-19T03:17:19.063Z,2026-09-22T01:32:03.402Z
DEMO-DEV-7483,156,2022-10-26T11:38:01.607Z,2026-09-30T05:03:03.226Z
DEMO-DEV-7564,156,2022-10-06T22:26:24.205Z,2026-09-27T22:27:55.403Z
DEMO-DEV-7642,156,2022-10-05T22:04:29.236Z,2026-09-25T17:30:48.230Z
DEMO-DEV-7644,156,2022-10-02T01:54:05.653Z,2026-09-27T07:07:07.578Z
DEMO-DEV-7677,156,2022-10-18T13:05:11.165Z,2026-09-20T03:51:11.803Z
DEMO-DEV-7692,156,2022-11-24T16:13:52.825Z,2026-09-20T02:47:52.075Z
DEMO-DEV-7778,156,2022-10-03T06:16:09.949Z,2026-09-27T00:49:45.519Z
DEMO-DEV-7779,156,2022-10-22T06:08:46.075Z,2026-09-03T00:33:12.190Z
DEMO-DEV-7806,156,2022-10-03T06:22:47.365Z,2026-09-27T05:24:21.264Z
DEMO-DEV-7848,156,2022-11-17T11:16:34.965Z,2026-09-12T01:41:04.192Z
DEMO-DEV-7854,156,2022-10-15T18:26:06.948Z,2026-09-29T18:16:16.428Z
DEMO-DEV-7896,156,2022-10-05T09:32:52.390Z,2026-09-06T22:16:59.836Z
DEMO-DEV-7965,156,2022-10-20T23:10:12.676Z,2026-09-28T14:28:21.365Z
DEMO-DEV-8077,156,2022-10-09T04:32:31.190Z,2026-09-24T06:35:35.786Z
DEMO-DEV-8086,156,2022-10-04T04:47:22.804Z,2026-09-20T12:27:38.087Z
DEMO-DEV-8108,156,2022-10-13T00:49:41.557Z,2026-09-28T05:33:49.843Z
DEMO-DEV-8137,156,2022-10-09T05:52:38.865Z,2026-09-29T16:10:27.557Z
DEMO-DEV-8161,156,2022-10-12T14:16:39.222Z,2026-09-15T17:19:14.272Z
DEMO-DEV-8173,156,2022-10-10T10:25:51.950Z,2026-09-10T06:22:00.599Z
DEMO-DEV-8205,156,2022-10-03T02:22:38.167Z,2026-09-27T13:10:47.607Z
DEMO-DEV-8231,156,2022-10-16T08:32:39.040Z,2026-09-28T17:41:06.859Z
DEMO-DEV-8252,156,2022-10-06T03:41:44.246Z,2026-09-13T03:12:41.843Z
DEMO-DEV-8261,156,2022-10-16T23:46:42.843Z,2026-09-24T04:46:31.511Z
DEMO-DEV-8286,156,2022-11-03T23:39:43.817Z,2026-09-28T02:05:27.264Z
DEMO-DEV-8295,156,2022-10-01T18:44:53.612Z,2026-09-25T02:36:28.204Z
DEMO-DEV-8320,156,2022-10-14T07:28:30.843Z,2026-09-26T08:33:47.806Z
DEMO-DEV-8321,156,2022-10-05T12:49:35.793Z,2026-09-27T14:17:55.914Z
DEMO-DEV-8323,156,2022-10-09T23:59:32.824Z,2026-09-04T04:07:51.879Z
DEMO-DEV-8330,156,2022-10-07T15:23:08.246Z,2026-09-29T12:25:00.302Z
DEMO-DEV-8331,156,2022-10-06T17:37:01.864Z,2026-09-16T07:57:21.221Z
DEMO-DEV-8336,156,2022-10-04T12:39:23.497Z,2026-09-10T13:27:16.682Z
DEMO-DEV-8446,156,2022-10-04T05:39:44.885Z,2026-09-17T08:26:53.172Z
DEMO-DEV-8461,156,2022-10-13T01:46:06.337Z,2026-09-10T16:21:44.315Z
DEMO-DEV-8481,156,2022-10-09T02:10:26.735Z,2026-09-27T09:57:05.203Z
DEMO-DEV-8487,156,2022-10-07T12:30:05.926Z,2026-09-29T07:50:57.308Z
DEMO-DEV-8526,156,2022-10-07T00:23:33.859Z,2026-09-28T19:43:24.307Z
DEMO-DEV-8536,156,2022-10-05T07:48:20.527Z,2026-09-21T04:23:51.646Z
DEMO-DEV-8540,156,2022-10-03T07:35:54.584Z,2026-09-26T17:29:56.668Z
DEMO-DEV-8594,156,2022-10-13T15:18:28.315Z,2026-09-25T19:25:44.948Z
DEMO-DEV-8616,156,2022-10-10T00:04:23.836Z,2026-09-29T00:13:41.014Z
DEMO-DEV-8617,156,2022-10-01T13:58:59.315Z,2026-09-19T21:11:15.462Z
DEMO-DEV-8631,156,2022-10-07T11:52:31.253Z,2026-09-26T08:17:59.315Z
DEMO-DEV-8637,156,2022-10-18T16:00:16.443Z,2026-08-04T00:12:46.867Z
DEMO-DEV-8803,156,2022-10-01T21:29:16.989Z,2026-09-24T05:10:28.315Z
DEMO-DEV-8825,156,2022-10-13T19:02:19.612Z,2026-09-21T04:21:38.618Z
DEMO-DEV-8839,156,2022-10-11T07:39:10.568Z,2026-09-09T02:44:16.795Z
DEMO-DEV-8866,156,2022-10-02T06:07:40.710Z,2026-09-27T18:13:01.556Z
DEMO-DEV-8921,156,2022-10-12T15:31:21.524Z,2026-09-25T04:45:26.497Z
DEMO-DEV-8985,156,2022-10-24T18:20:41.442Z,2026-09-21T03:15:45.668Z
DEMO-DEV-9008,156,2022-10-24T13:37:08.287Z,2026-09-23T04:27:54.409Z
DEMO-DEV-9009,156,2022-10-04T20:58:35.068Z,2026-09-24T09:46:41.134Z
DEMO-DEV-9045,156,2022-10-09T01:19:45.985Z,2026-09-19T02:49:35.519Z
DEMO-DEV-9076,156,2022-10-14T23:46:14.824Z,2026-09-26T20:27:12.446Z
DEMO-DEV-9125,156,2022-10-11T14:25:49.319Z,2026-09-25T23:57:34.272Z
DEMO-DEV-9173,156,2022-10-09T09:34:52.976Z,2026-09-20T00:45:05.370Z
DEMO-DEV-9214,156,2022-10-09T01:09:29.524Z,2026-09-29T14:53:56.203Z
DEMO-DEV-9249,156,2022-10-12T09:11:48.239Z,2026-09-27T19:28:09.236Z
DEMO-DEV-9259,156,2022-10-02T01:49:58.824Z,2026-09-21T07:58:45.004Z
DEMO-DEV-9311,156,2022-10-07T22:20:31.578Z,2026-09-21T10:23:28.023Z
DEMO-DEV-9331,156,2022-10-11T11:13:03.073Z,2026-09-14T09:38:05.192Z
DEMO-DEV-9383,156,2022-10-01T08:49:15.599Z,2026-09-11T15:42:35.161Z
DEMO-DEV-9651,156,2022-10-17T07:25:37.472Z,2026-09-26T16:53:11.204Z
DEMO-DEV-9760,156,2022-11-09T09:08:59.843Z,2026-09-28T13:31:16.203Z
DEMO-DEV-9806,156,2022-10-05T05:24:21.719Z,2026-09-05T19:40:51.811Z
DEMO-DEV-9882,156,2022-10-02T19:25:06.612Z,2026-09-25T16:39:14.192Z
DEMO-DEV-9953,156,2022-10-14T19:05:16.891Z,2026-09-22T11:00:53.120Z
DEMO-DEV-9971,156,2022-10-03T20:11:37.222Z,2026-09-18T14:03:23.387Z
DEMO-DEV-9994,156,2022-10-11T05:03:13.868Z,2026-09-26T13:35:24.948Z
DEMO-DEV-0002,155,2022-10-02T16:20:32.014Z,2026-09-22T04:54:49.307Z
DEMO-DEV-0011,155,2022-10-17T02:48:18.841Z,2026-09-29T19:06:23.075Z
DEMO-DEV-0027,155,2022-10-03T03:22:32.555Z,2026-09-23T22:16:23.816Z
DEMO-DEV-0035,155,2022-10-04T17:32:36.702Z,2026-09-25T21:06:17.948Z
DEMO-DEV-0051,155,2022-10-04T19:56:49.825Z,2026-09-19T11:27:21.926Z
DEMO-DEV-0087,155,2022-10-19T01:52:29.891Z,2026-09-09T21:25:09.415Z
DEMO-DEV-0101,155,2022-10-12T20:12:49.319Z,2026-09-28T19:47:39.836Z
DEMO-DEV-0133,155,2022-10-06T00:54:29.692Z,2026-09-28T00:16:43.865Z
DEMO-DEV-0209,155,2022-10-06T22:51:53.505Z,2026-09-14T02:21:06.719Z
DEMO-DEV-0221,155,2022-10-03T12:53:57.914Z,2026-09-26T19:27:07.666Z
DEMO-DEV-0284,155,2022-10-01T15:22:49.989Z,2026-09-06T13:58:01.037Z
DEMO-DEV-0354,155,2022-10-05T02:03:15.648Z,2026-09-10T13:19:24.584Z
DEMO-DEV-0381,155,2022-10-12T17:32:54.307Z,2026-09-27T06:30:58.090Z
DEMO-DEV-0442,155,2022-10-10T05:27:24.666Z,2026-09-14T08:56:02.545Z
DEMO-DEV-0501,155,2022-10-13T01:36:32.057Z,2026-09-26T06:29:00.968Z
DEMO-DEV-0528,155,2022-10-02T06:26:02.057Z,2026-09-09T19:22:12.272Z
DEMO-DEV-0599,155,2022-10-03T20:43:08.974Z,2026-09-13T11:53:16.040Z
DEMO-DEV-0622,155,2022-10-03T00:22:20.472Z,2026-09-26T12:31:11.503Z
DEMO-DEV-0668,155,2022-10-02T21:36:47.300Z,2026-09-04T13:58:06.692Z
DEMO-DEV-0700,155,2022-10-08T16:49:38.428Z,2026-09-19T21:18:02.370Z
DEMO-DEV-0732,155,2022-10-03T07:59:50.397Z,2026-09-21T08:37:08.173Z
DEMO-DEV-0753,155,2022-10-02T06:16:22.508Z,2026-09-11T14:48:33.535Z
DEMO-DEV-0821,155,2022-10-10T21:34:33.950Z,2026-09-18T22:26:23.167Z
DEMO-DEV-0824,155,2022-10-11T08:42:21.668Z,2026-09-29T10:30:06.555Z
DEMO-DEV-0830,155,2022-10-03T23:27:44.150Z,2026-09-22T04:52:29.754Z
DEMO-DEV-0862,155,2022-10-06T22:58:50.352Z,2026-09-23T23:57:47.859Z
DEMO-DEV-0895,155,2022-10-03T05:13:33.877Z,2026-09-29T13:29:58.366Z
DEMO-DEV-0958,155,2022-10-17T13:57:14.765Z,2026-09-29T01:36:07.884Z
DEMO-DEV-1020,155,2022-10-07T04:14:22.666Z,2026-09-28T00:51:14.950Z
DEMO-DEV-1076,155,2022-10-02T12:04:18.842Z,2026-09-21T15:01:55.470Z
DEMO-DEV-1095,155,2022-10-27T02:58:55.824Z,2026-09-23T11:37:14.803Z
DEMO-DEV-1105,155,2022-10-13T07:05:14.308Z,2026-09-18T07:36:21.225Z
DEMO-DEV-1114,155,2022-10-02T00:17:36.949Z,2026-09-27T10:47:27.394Z
DEMO-DEV-1137,155,2022-10-02T21:39:40.394Z,2026-09-24T04:25:49.203Z
DEMO-DEV-1169,155,2022-10-01T20:19:35.272Z,2026-09-21T22:16:35.080Z
DEMO-DEV-1188,155,2022-10-05T22:41:53.239Z,2026-09-28T00:46:13.993Z
DEMO-DEV-1211,155,2022-10-05T23:02:31.368Z,2026-09-29T21:05:17.319Z
DEMO-DEV-1272,155,2022-10-05T04:44:49.203Z,2026-09-26T13:53:03.965Z
DEMO-DEV-1296,155,2022-10-05T00:32:54.868Z,2026-09-11T10:42:18.752Z
DEMO-DEV-1320,155,2022-10-02T23:32:22.402Z,2026-09-18T09:42:25.337Z
DEMO-DEV-1343,155,2022-10-08T16:10:13.167Z,2026-09-10T08:17:35.472Z
DEMO-DEV-1378,155,2022-10-03T09:57:14.851Z,2026-09-26T17:48:44.493Z
DEMO-DEV-1387,155,2022-10-02T14:53:37.493Z,2026-09-26T00:03:45.778Z
DEMO-DEV-1388,155,2022-10-14T18:58:59.466Z,2026-09-25T06:32:52.676Z
DEMO-DEV-1392,155,2022-11-14T15:51:55.555Z,2026-09-08T15:08:32.250Z
DEMO-DEV-1429,155,2022-11-14T20:29:46.591Z,2026-09-24T14:10:09.513Z
DEMO-DEV-1521,155,2022-10-10T07:16:08.138Z,2026-09-29T12:36:19.354Z
DEMO-DEV-1534,155,2022-10-04T10:05:32.968Z,2026-09-26T16:11:54.885Z
DEMO-DEV-1538,155,2022-10-09T09:19:32.239Z,2026-09-22T13:46:36.087Z
DEMO-DEV-1574,155,2022-10-04T10:12:57.205Z,2026-09-21T01:05:03.218Z
DEMO-DEV-1607,155,2022-10-02T17:29:49.591Z,2026-09-06T00:46:41.192Z
DEMO-DEV-1617,155,2022-10-02T00:32:31.524Z,2026-09-24T19:44:15.527Z
DEMO-DEV-1661,155,2022-10-01T08:34:16.646Z,2026-09-28T12:46:33.646Z
DEMO-DEV-1701,155,2022-10-01T09:35:29.466Z,2026-09-23T00:11:33.710Z
DEMO-DEV-1731,155,2022-10-05T20:51:19.402Z,2026-09-19T18:04:48.391Z
DEMO-DEV-1780,155,2022-10-02T05:23:01.719Z,2026-09-23T08:42:05.914Z
DEMO-DEV-1808,155,2022-10-04T05:13:29.387Z,2026-09-22T02:20:14.014Z
DEMO-DEV-1867,155,2022-10-04T18:50:38.168Z,2026-09-22T07:41:39.599Z
DEMO-DEV-1888,155,2022-10-19T14:26:05.851Z,2026-09-27T18:23:18.557Z
DEMO-DEV-1949,155,2022-10-26T06:02:42.391Z,2026-09-18T20:02:39.264Z
DEMO-DEV-1986,155,2022-10-01T15:47:46.232Z,2026-09-24T17:22:45.867Z
DEMO-DEV-2012,155,2022-11-04T08:35:25.877Z,2026-09-29T02:42:53.203Z
DEMO-DEV-2025,155,2022-10-20T20:31:44.073Z,2026-09-24T23:28:11.785Z
DEMO-DEV-2028,155,2022-10-15T13:41:54.391Z,2026-09-25T16:51:02.864Z
DEMO-DEV-2039,155,2022-10-09T20:50:23.692Z,2026-09-22T00:41:42.403Z
DEMO-DEV-2120,155,2022-10-10T16:02:48.968Z,2026-09-29T08:42:15.172Z
DEMO-DEV-2130,155,2022-10-08T09:03:33.167Z,2026-09-20T11:09:26.003Z
DEMO-DEV-2151,155,2022-10-08T20:01:27.370Z,2026-09-24T05:27:50.639Z
DEMO-DEV-2218,155,2022-10-08T19:00:54.298Z,2026-09-30T00:23:02.976Z
DEMO-DEV-2228,155,2022-10-05T14:15:14.976Z,2026-08-25T23:35:43.232Z
DEMO-DEV-2230,155,2022-10-13T14:50:17.077Z,2026-08-21T08:38:03.816Z
DEMO-DEV-2270,155,2022-10-04T03:58:55.782Z,2026-09-28T11:49:02.254Z
DEMO-DEV-2272,155,2022-10-29T06:26:06.754Z,2026-09-13T16:13:15.397Z
DEMO-DEV-2365,155,2022-10-07T10:05:03.173Z,2026-09-19T06:57:25.803Z
DEMO-DEV-2379,155,2022-10-13T08:41:38.557Z,2026-09-28T06:47:45.068Z
DEMO-DEV-2418,155,2022-10-16T02:58:52.556Z,2026-09-19T06:08:18.063Z
DEMO-DEV-2450,155,2022-10-14T21:07:57.394Z,2026-09-13T15:29:40.298Z
DEMO-DEV-2644,155,2022-10-05T05:23:29.926Z,2026-09-23T06:54:14.024Z
DEMO-DEV-2657,155,2022-10-11T23:41:43.785Z,2026-08-19T23:05:16.497Z
DEMO-DEV-2794,155,2022-10-08T05:37:50.859Z,2026-09-14T09:42:29.885Z
DEMO-DEV-2807,155,2022-10-01T11:08:35.949Z,2026-09-27T04:34:43.298Z
DEMO-DEV-2813,155,2022-10-27T19:08:47.211Z,2026-09-23T14:15:33.370Z
DEMO-DEV-2832,155,2022-10-18T11:14:50.167Z,2026-09-24T00:53:12.913Z
DEMO-DEV-2833,155,2022-10-09T10:19:30.397Z,2026-09-29T05:38:15.500Z
DEMO-DEV-2862,155,2022-10-14T02:39:15.668Z,2026-09-29T06:23:27.268Z
DEMO-DEV-2906,155,2022-10-15T18:41:30.948Z,2026-09-28T02:51:47.974Z
DEMO-DEV-3011,155,2022-10-25T08:30:34.646Z,2026-09-23T12:56:53.843Z
DEMO-DEV-3049,155,2022-10-07T06:07:53.442Z,2026-09-26T01:54:57.168Z
DEMO-DEV-3081,155,2022-10-11T06:17:00.527Z,2026-09-20T09:01:53.165Z
DEMO-DEV-3087,155,2022-10-07T19:41:19.415Z,2026-09-21T17:15:46.224Z
DEMO-DEV-3118,155,2022-10-12T22:55:42.298Z,2026-09-29T09:36:47.357Z
DEMO-DEV-3235,155,2022-10-12T03:45:21.868Z,2026-09-29T15:43:24.365Z
DEMO-DEV-3258,155,2022-10-12T13:47:14.442Z,2026-09-28T07:47:14.545Z
DEMO-DEV-3260,155,2022-10-01T11:30:53.165Z,2026-09-28T04:26:38.682Z
DEMO-DEV-3282,155,2022-10-04T05:57:45.224Z,2026-09-27T10:44:46.403Z
DEMO-DEV-3307,155,2022-10-13T00:22:06.211Z,2026-09-26T00:00:34.368Z
DEMO-DEV-3322,155,2022-10-09T03:44:51.183Z,2026-09-27T19:41:21.120Z
DEMO-DEV-3331,155,2022-10-11T07:31:49.545Z,2026-09-25T22:51:54.914Z
DEMO-DEV-3335,155,2022-10-09T20:55:47.057Z,2026-09-22T12:47:35.289Z
DEMO-DEV-3364,155,2022-10-06T08:25:37.403Z,2026-09-26T20:40:49.738Z
DEMO-DEV-3366,155,2022-10-06T19:12:43.591Z,2026-09-21T20:16:11.735Z
DEMO-DEV-3406,155,2022-10-02T15:56:39.636Z,2026-09-27T04:14:11.087Z
DEMO-DEV-3457,155,2022-10-01T22:41:13.891Z,2026-09-20T17:00:21.239Z
DEMO-DEV-3492,155,2022-10-04T13:43:25.841Z,2026-09-30T02:22:01.023Z
DEMO-DEV-3538,155,2022-10-23T17:57:27.535Z,2026-09-27T16:40:36.218Z
DEMO-DEV-3553,155,2022-10-11T04:39:02.415Z,2026-08-26T09:01:37.168Z
DEMO-DEV-3612,155,2022-10-07T10:57:57.710Z,2026-09-24T04:58:57.568Z
DEMO-DEV-3621,155,2022-10-10T12:20:54.661Z,2026-08-19T11:58:21.234Z
DEMO-DEV-3665,155,2022-10-05T02:53:05.804Z,2026-09-25T07:02:57.556Z
DEMO-DEV-3668,155,2022-10-14T07:31:47.842Z,2026-09-26T11:39:04.785Z
DEMO-DEV-3711,155,2022-10-02T10:59:27.366Z,2026-09-19T16:31:00.075Z
DEMO-DEV-3726,155,2022-10-11T01:04:08.319Z,2026-09-21T09:18:09.870Z
DEMO-DEV-3755,155,2022-10-03T03:16:02.167Z,2026-09-08T09:59:01.460Z
DEMO-DEV-3766,155,2022-11-16T03:46:36.289Z,2026-09-27T11:03:45.250Z
DEMO-DEV-3819,155,2022-10-01T23:25:01.607Z,2026-09-26T11:43:17.272Z
DEMO-DEV-3860,155,2022-10-06T09:17:09.357Z,2026-09-16T08:04:58.045Z
DEMO-DEV-3899,155,2022-10-16T04:56:05.949Z,2026-09-24T15:44:53.612Z
DEMO-DEV-3929,155,2022-10-15T07:53:22.172Z,2026-09-18T20:12:30.470Z
DEMO-DEV-3944,155,2022-10-09T07:42:45.917Z,2026-09-18T21:23:19.222Z
DEMO-DEV-3972,155,2022-10-13T15:43:31.172Z,2026-09-26T12:38:38.161Z
DEMO-DEV-4051,155,2022-11-05T08:57:58.892Z,2026-09-11T18:14:18.211Z
DEMO-DEV-4071,155,2022-10-15T09:48:19.692Z,2026-09-04T06:03:59.077Z
DEMO-DEV-4127,155,2022-10-21T01:47:32.825Z,2026-09-29T18:30:58.015Z
DEMO-DEV-4170,155,2022-10-05T08:55:34.442Z,2026-09-18T10:26:12.230Z
DEMO-DEV-4203,155,2022-10-12T12:45:43.014Z,2026-09-26T16:34:25.929Z
DEMO-DEV-4227,155,2022-10-02T16:18:30.950Z,2026-09-29T06:22:07.863Z
DEMO-DEV-4228,155,2022-10-13T03:23:13.870Z,2026-09-26T06:23:06.045Z
DEMO-DEV-4237,155,2022-10-06T19:02:49.352Z,2026-09-25T07:51:49.325Z
DEMO-DEV-4267,155,2022-10-17T18:57:30.877Z,2026-09-15T11:15:35.646Z
DEMO-DEV-4271,155,2022-10-04T05:06:39.738Z,2026-09-26T06:47:53.390Z
DEMO-DEV-4564,155,2022-10-23T18:16:25.825Z,2026-09-29T20:49:48.291Z
DEMO-DEV-4573,155,2022-10-16T14:24:17.368Z,2026-09-29T03:53:27.160Z
DEMO-DEV-4618,155,2022-10-02T17:18:08.224Z,2026-09-24T22:09:04.914Z
DEMO-DEV-4676,155,2022-10-03T12:53:29.189Z,2026-09-27T03:33:07.658Z
DEMO-DEV-4773,155,2022-10-04T01:43:46.272Z,2026-09-26T15:11:16.658Z
DEMO-DEV-4780,155,2022-10-05T22:58:07.315Z,2026-09-29T23:37:19.989Z
DEMO-DEV-4832,155,2022-10-14T18:40:18.568Z,2026-09-13T15:28:45.352Z
DEMO-DEV-4855,155,2022-10-23T14:24:27.004Z,2026-09-14T01:18:08.370Z
DEMO-DEV-4867,155,2022-10-16T11:55:32.246Z,2026-09-22T16:42:19.014Z
DEMO-DEV-5061,155,2022-10-25T19:15:18.612Z,2026-09-19T03:55:12.682Z
DEMO-DEV-5108,155,2022-10-06T00:46:46.929Z,2026-09-28T15:13:22.524Z
DEMO-DEV-5209,155,2022-10-15T17:23:47.138Z,2026-09-28T07:13:17.139Z
DEMO-DEV-5236,155,2022-10-07T02:24:48.221Z,2026-09-27T20:49:06.402Z
DEMO-DEV-5261,155,2022-11-07T16:29:58.485Z,2026-09-26T06:38:48.535Z
DEMO-DEV-5282,155,2022-11-01T15:27:17.969Z,2026-08-25T13:37:42.167Z
DEMO-DEV-5294,155,2022-10-24T13:29:45.965Z,2026-09-19T19:04:59.865Z
DEMO-DEV-5342,155,2022-10-18T20:47:32.288Z,2026-09-24T04:09:01.968Z
DEMO-DEV-5400,155,2022-10-15T17:14:33.646Z,2026-09-27T18:15:49.208Z
DEMO-DEV-5503,155,2022-10-18T07:50:55.885Z,2026-09-30T01:56:57.754Z
DEMO-DEV-5505,155,2022-10-02T02:20:13.646Z,2026-09-15T06:18:25.239Z
DEMO-DEV-5572,155,2022-10-04T12:52:59.870Z,2026-09-16T01:11:52.836Z
DEMO-DEV-5597,155,2022-10-10T20:03:19.666Z,2026-09-21T08:17:54.500Z
DEMO-DEV-5598,155,2022-10-22T09:56:34.778Z,2026-09-29T18:03:43.397Z
DEMO-DEV-5716,155,2022-10-01T17:01:44.337Z,2026-09-19T23:56:39.817Z
DEMO-DEV-5726,155,2022-10-06T18:22:33.646Z,2026-09-25T05:11:01.929Z
DEMO-DEV-5739,155,2022-10-01T18:51:47.804Z,2026-09-27T21:38:45.298Z
DEMO-DEV-5768,155,2022-10-07T18:54:35.527Z,2026-09-01T20:02:56.415Z
DEMO-DEV-5833,155,2022-10-12T06:30:54.877Z,2026-09-23T11:45:28.493Z
DEMO-DEV-5878,155,2022-10-12T14:18:06.428Z,2026-09-12T18:01:56.710Z
DEMO-DEV-5890,155,2022-10-05T16:37:26.252Z,2026-09-30T05:08:49.803Z
DEMO-DEV-5904,155,2022-10-02T21:18:13.992Z,2026-09-21T01:57:20.578Z
DEMO-DEV-5914,155,2022-10-07T11:30:26.804Z,2026-09-26T14:39:42.218Z
DEMO-DEV-5922,155,2022-10-03T18:58:21.172Z,2026-09-29T14:45:27.390Z
DEMO-DEV-5977,155,2022-10-25T18:18:00.403Z,2026-09-26T23:01:52.989Z
DEMO-DEV-6002,155,2022-10-02T21:16:36.803Z,2026-09-29T06:06:02.843Z
DEMO-DEV-6047,155,2022-10-03T21:43:20.354Z,2026-09-26T17:57:12.415Z
DEMO-DEV-6076,155,2022-10-30T00:27:17.655Z,2026-09-21T23:50:08.868Z
DEMO-DEV-6087,155,2022-10-10T04:11:26.948Z,2026-09-04T08:39:01.710Z
DEMO-DEV-6172,155,2022-10-04T09:38:04.975Z,2026-09-04T02:24:36.578Z
DEMO-DEV-6178,155,2022-10-03T22:07:51.591Z,2026-09-25T09:14:40.568Z
DEMO-DEV-6264,155,2022-10-14T05:08:43.337Z,2026-09-29T15:16:36.218Z
DEMO-DEV-6285,155,2022-10-02T09:49:50.168Z,2026-09-28T03:14:27.268Z
DEMO-DEV-6301,155,2022-10-10T16:31:32.337Z,2026-09-22T01:03:14.037Z
DEMO-DEV-6319,155,2022-10-15T13:27:17.969Z,2026-09-25T21:30:05.841Z
DEMO-DEV-6415,155,2022-10-10T06:50:10.190Z,2026-09-27T18:58:03.415Z
DEMO-DEV-6424,155,2022-10-04T04:56:21.307Z,2026-08-29T19:11:45.765Z
DEMO-DEV-6473,155,2022-10-10T12:13:46.556Z,2026-09-20T01:51:57.839Z
DEMO-DEV-6509,155,2022-10-17T00:50:03.816Z,2026-09-20T13:38:19.969Z
DEMO-DEV-6515,155,2022-10-07T04:11:11.155Z,2026-09-26T11:27:03.676Z
DEMO-DEV-6536,155,2022-10-05T17:26:27.915Z,2026-09-29T06:45:04.307Z
DEMO-DEV-6547,155,2022-10-19T18:21:30.205Z,2026-09-24T23:09:40.825Z
DEMO-DEV-6663,155,2022-10-06T04:39:53.493Z,2026-09-29T21:29:23.173Z
DEMO-DEV-6682,155,2022-10-22T19:08:33.859Z,2026-09-21T15:20:18.134Z
DEMO-DEV-6689,155,2022-10-28T15:53:38.535Z,2026-09-25T04:14:10.782Z
DEMO-DEV-6718,155,2022-10-03T10:58:57.246Z,2026-09-14T19:55:43.948Z
DEMO-DEV-6742,155,2022-10-14T15:01:05.948Z,2026-09-24T08:52:21.985Z
DEMO-DEV-6748,155,2022-10-05T22:40:49.368Z,2026-09-29T17:03:37.221Z
DEMO-DEV-6802,155,2022-10-28T21:37:17.793Z,2026-09-10T06:48:00.597Z
DEMO-DEV-6817,155,2022-10-14T14:15:59.298Z,2026-09-12T04:51:30.524Z
DEMO-DEV-6820,155,2022-10-03T10:47:09.863Z,2026-09-26T03:02:25.714Z
DEMO-DEV-6834,155,2022-10-05T12:37:35.607Z,2026-09-16T21:43:51.948Z
DEMO-DEV-6874,155,2022-10-08T23:25:45.319Z,2026-09-22T19:56:56.500Z
DEMO-DEV-6894,155,2022-10-18T19:10:39.302Z,2026-09-14T09:03:56.161Z
DEMO-DEV-6973,155,2022-10-08T16:57:34.307Z,2026-09-24T12:22:50.289Z
DEMO-DEV-6977,155,2022-10-07T01:32:09.568Z,2026-09-30T07:11:34.523Z
DEMO-DEV-7019,155,2022-10-07T03:16:30.205Z,2026-09-05T03:11:52.073Z
DEMO-DEV-7070,155,2022-10-03T17:48:38.234Z,2026-09-19T17:46:16.824Z
DEMO-DEV-7087,155,2022-10-11T16:25:18.221Z,2026-08-24T06:33:25.702Z
DEMO-DEV-7144,155,2022-10-08T21:49:37.607Z,2026-09-14T07:34:04.037Z
DEMO-DEV-7145,155,2022-10-06T02:49:52.817Z,2026-09-28T15:40:51.236Z
DEMO-DEV-7183,155,2022-10-09T14:14:36.765Z,2026-09-26T20:55:55.803Z
DEMO-DEV-7225,155,2022-10-08T14:45:19.168Z,2026-09-26T01:10:10.497Z
DEMO-DEV-7232,155,2022-10-03T07:51:54.352Z,2026-09-25T15:07:50.786Z
DEMO-DEV-7281,155,2022-10-03T17:30:37.836Z,2026-09-18T17:40:09.057Z
DEMO-DEV-7294,155,2022-10-01T09:03:49.597Z,2026-09-28T21:54:05.914Z
DEMO-DEV-7320,155,2022-11-20T15:46:30.636Z,2026-09-27T00:21:18.884Z
DEMO-DEV-7325,155,2022-10-19T14:14:25.232Z,2026-09-12T01:03:27.080Z
DEMO-DEV-7359,155,2022-10-05T13:16:27.027Z,2026-09-27T15:58:22.714Z
DEMO-DEV-7439,155,2022-10-05T06:33:42.485Z,2026-09-23T07:21:16.021Z
DEMO-DEV-7477,155,2022-10-10T19:37:08.917Z,2026-08-29T01:11:27.226Z
DEMO-DEV-7500,155,2022-10-10T16:57:46.268Z,2026-09-27T18:40:18.272Z
DEMO-DEV-7531,155,2022-10-04T17:10:55.238Z,2026-09-17T21:30:31.368Z
DEMO-DEV-7566,155,2022-10-10T02:12:20.370Z,2026-09-29T13:51:27.325Z
DEMO-DEV-7572,155,2022-10-07T21:57:31.238Z,2026-09-25T10:29:31.556Z
DEMO-DEV-7634,155,2022-10-11T20:22:27.150Z,2026-09-29T09:59:03.591Z
DEMO-DEV-7657,155,2022-10-06T10:17:28.287Z,2026-09-27T00:23:51.225Z
DEMO-DEV-7709,155,2022-10-06T17:45:12.658Z,2026-09-22T19:48:57.497Z
DEMO-DEV-7715,155,2022-10-06T10:27:41.023Z,2026-09-10T14:40:58.365Z
DEMO-DEV-7717,155,2022-10-05T12:18:02.646Z,2026-09-30T07:02:23.778Z
DEMO-DEV-7846,155,2022-10-05T22:53:19.891Z,2026-09-27T17:29:53.778Z
DEMO-DEV-7856,155,2022-10-06T06:36:14.291Z,2026-09-23T18:42:49.666Z
DEMO-DEV-7866,155,2022-10-15T17:14:44.500Z,2026-08-22T13:40:57.992Z
DEMO-DEV-7960,155,2022-10-03T02:14:48.599Z,2026-09-27T08:30:39.319Z
DEMO-DEV-7976,155,2022-10-07T15:34:49.968Z,2026-09-14T08:26:23.045Z
DEMO-DEV-7983,155,2022-10-01T10:16:01.879Z,2026-09-21T01:03:09.646Z
DEMO-DEV-8023,155,2022-10-04T11:14:11.307Z,2026-09-24T14:38:14.914Z
DEMO-DEV-8067,155,2022-10-03T19:20:29.824Z,2026-09-21T11:24:46.513Z
DEMO-DEV-8109,155,2022-10-02T03:04:46.868Z,2026-09-16T17:21:39.879Z
DEMO-DEV-8199,155,2022-10-03T14:33:21.865Z,2026-09-27T00:27:06.183Z
DEMO-DEV-8268,155,2022-10-11T01:59:47.024Z,2026-08-31T09:09:51.702Z
DEMO-DEV-8282,155,2022-10-03T02:28:35.519Z,2026-09-15T20:44:34.655Z
DEMO-DEV-8309,155,2022-10-10T20:44:11.513Z,2026-09-23T11:59:26.612Z
DEMO-DEV-8358,155,2022-10-24T12:00:44.319Z,2026-09-29T08:41:21.968Z
DEMO-DEV-8374,155,2022-10-03T00:33:41.253Z,2026-09-23T08:52:49.090Z
DEMO-DEV-8550,155,2022-10-10T16:25:52.173Z,2026-09-20T01:52:12.272Z
DEMO-DEV-8596,155,2022-10-12T20:01:10.648Z,2026-09-11T12:04:01.073Z
DEMO-DEV-8633,155,2022-10-21T13:52:55.884Z,2026-09-28T14:53:46.224Z
DEMO-DEV-8662,155,2022-10-03T07:06:03.865Z,2026-09-26T17:03:27.914Z
DEMO-DEV-8675,155,2022-10-14T15:02:24.402Z,2026-09-20T18:26:56.646Z
DEMO-DEV-8735,155,2022-10-05T10:31:44.557Z,2026-09-28T23:52:30.308Z
DEMO-DEV-8804,155,2022-10-06T09:47:30.337Z,2026-09-21T14:53:20.038Z
DEMO-DEV-8816,155,2022-10-24T08:40:49.786Z,2026-09-25T17:37:07.975Z
DEMO-DEV-8835,155,2022-10-14T13:12:06.754Z,2026-09-15T18:31:38.308Z
DEMO-DEV-8846,155,2022-10-13T09:01:12.246Z,2026-09-13T13:54:00.232Z
DEMO-DEV-8881,155,2022-10-04T09:06:58.710Z,2026-09-13T04:19:53.443Z
DEMO-DEV-8887,155,2022-10-11T11:27:28.785Z,2026-09-19T18:05:45.913Z
DEMO-DEV-8903,155,2022-10-02T12:53:23.987Z,2026-09-22T17:24:34.442Z
DEMO-DEV-8990,155,2022-10-01T09:45:13.985Z,2026-09-17T23:46:38.345Z
DEMO-DEV-9083,155,2022-10-10T12:45:30.403Z,2026-09-22T14:09:24.308Z
DEMO-DEV-9085,155,2022-10-08T14:20:32.915Z,2026-08-26T15:16:33.239Z
DEMO-DEV-9092,155,2022-10-02T14:14:41.087Z,2026-09-24T02:28:26.023Z
DEMO-DEV-9116,155,2022-10-14T21:53:12.926Z,2026-09-27T17:46:11.168Z
DEMO-DEV-9140,155,2022-10-06T22:07:28.222Z,2026-09-23T20:23:39.087Z
DEMO-DEV-9228,155,2022-10-19T15:47:30.612Z,2026-09-19T12:03:06.992Z
DEMO-DEV-9344,155,2022-10-11T07:23:21.778Z,2026-09-23T11:50:15.527Z
DEMO-DEV-9348,155,2022-10-05T22:24:36.172Z,2026-09-28T16:52:54.863Z
DEMO-DEV-9450,155,2022-10-11T03:48:11.949Z,2026-08-21T01:28:23.879Z
DEMO-DEV-9463,155,2022-10-09T00:30:45.021Z,2026-09-03T00:29:11.428Z
DEMO-DEV-9487,155,2022-10-05T12:59:36.345Z,2026-09-24T22:09:27.702Z
DEMO-DEV-9521,155,2022-10-13T16:20:33.167Z,2026-09-28T19:06:58.155Z
DEMO-DEV-9526,155,2022-10-03T15:33:50.605Z,2026-09-06T22:59:13.077Z
DEMO-DEV-9581,155,2022-10-14T15:08:54.485Z,2026-09-22T05:15:53.636Z
DEMO-DEV-9586,155,2022-10-08T08:26:54.123Z,2026-09-29T02:54:23.354Z
DEMO-DEV-9596,155,2022-10-19T23:16:35.239Z,2026-09-27T11:14:38.415Z
DEMO-DEV-9635,155,2022-10-09T20:13:49.234Z,2026-09-21T06:59:12.250Z
DEMO-DEV-9697,155,2022-10-02T07:11:54.024Z,2026-09-21T06:11:21.519Z
DEMO-DEV-9765,155,2022-11-04T17:21:34.080Z,2026-09-27T09:02:03.442Z
DEMO-DEV-9873,155,2022-10-04T03:36:35.222Z,2026-09-28T06:59:20.519Z
DEMO-DEV-9880,155,2022-10-17T19:30:15.864Z,2026-09-24T00:50:21.409Z
DEMO-DEV-9887,155,2022-10-27T18:48:32.786Z,2026-09-08T04:10:45.754Z
DEMO-DEV-9922,155,2022-10-08T04:47:45.466Z,2026-09-27T08:39:48.614Z
DEMO-DEV-9933,155,2022-10-02T22:58:54.466Z,2026-09-16T05:42:49.167Z
DEMO-DEV-9940,155,2022-10-09T11:07:07.345Z,2026-09-29T11:37:38.863Z
DEMO-DEV-9952,155,2022-10-02T05:37:34.230Z,2026-09-04T13:08:02.232Z
DEMO-DEV-9977,155,2022-10-03T03:21:46.917Z,2026-09-25T19:20:04.929Z
DEMO-DEV-9996,155,2022-10-14T19:35:34.851Z,2026-09-20T06:40:44.211Z
DEMO-DEV-0047,154,2022-10-11T00:15:29.205Z,2026-09-29T15:47:21.841Z
DEMO-DEV-0054,154,2022-10-10T17:23:08.500Z,2026-09-29T19:10:30.080Z
DEMO-DEV-0082,154,2022-10-18T12:54:42.839Z,2026-09-24T17:19:41.556Z
DEMO-DEV-0122,154,2022-10-03T10:46:15.037Z,2026-09-26T09:27:25.989Z
DEMO-DEV-0164,154,2022-10-22T05:08:30.352Z,2026-09-29T18:43:02.387Z
DEMO-DEV-0168,154,2022-10-14T19:37:55.719Z,2026-09-29T09:23:49.063Z
DEMO-DEV-0304,154,2022-10-14T02:41:35.864Z,2026-09-23T02:17:17.816Z
DEMO-DEV-0325,154,2022-10-01T17:02:11.975Z,2026-09-29T20:20:46.307Z
DEMO-DEV-0348,154,2022-10-22T07:00:25.026Z,2026-09-26T12:11:32.505Z
DEMO-DEV-0379,154,2022-10-07T22:45:17.816Z,2026-09-30T01:16:49.134Z
DEMO-DEV-0439,154,2022-10-01T09:11:43.976Z,2026-09-29T12:08:53.965Z
DEMO-DEV-0470,154,2022-11-07T12:46:25.211Z,2026-09-16T05:38:09.975Z
DEMO-DEV-0476,154,2022-10-14T13:14:54.470Z,2026-09-26T06:07:19.230Z
DEMO-DEV-0489,154,2022-10-09T07:52:43.370Z,2026-09-20T00:32:09.239Z
DEMO-DEV-0615,154,2022-11-28T00:42:17.298Z,2026-09-25T03:33:52.555Z
DEMO-DEV-0682,154,2022-10-07T12:58:51.646Z,2026-09-30T03:28:52.253Z
DEMO-DEV-0729,154,2022-10-02T13:17:39.811Z,2026-09-30T08:07:21.234Z
DEMO-DEV-0754,154,2022-10-06T04:01:41.045Z,2026-09-23T05:52:47.232Z
DEMO-DEV-0873,154,2022-10-14T05:32:46.555Z,2026-09-22T09:23:41.203Z
DEMO-DEV-0887,154,2022-10-01T14:15:58.914Z,2026-09-27T06:49:54.519Z
DEMO-DEV-0896,154,2022-10-03T02:22:06.597Z,2026-09-23T20:23:09.253Z
DEMO-DEV-0905,154,2022-10-09T11:19:40.836Z,2026-09-28T20:10:07.968Z
DEMO-DEV-0951,154,2022-10-08T12:33:53.337Z,2026-09-11T16:02:59.073Z
DEMO-DEV-0968,154,2022-10-07T02:57:55.352Z,2026-09-23T08:41:18.612Z
DEMO-DEV-1078,154,2022-10-04T20:58:07.612Z,2026-09-25T21:54:26.120Z
DEMO-DEV-1126,154,2022-10-07T00:24:55.090Z,2026-09-19T17:12:35.870Z
DEMO-DEV-1165,154,2022-10-03T21:08:58.134Z,2026-09-25T11:14:17.230Z
DEMO-DEV-1209,154,2022-10-05T02:53:40.387Z,2026-09-20T03:13:40.004Z
DEMO-DEV-1217,154,2022-10-06T14:30:48.754Z,2026-09-03T19:49:05.252Z
DEMO-DEV-1222,154,2022-10-27T14:02:03.607Z,2026-09-22T13:22:54.024Z
DEMO-DEV-1274,154,2022-10-08T13:31:51.646Z,2026-09-30T07:43:21.226Z
DEMO-DEV-1308,154,2022-10-11T18:50:09.319Z,2026-09-06T07:02:56.825Z
DEMO-DEV-1314,154,2022-10-05T20:02:02.817Z,2026-09-20T01:34:30.765Z
DEMO-DEV-1322,154,2022-10-02T07:31:31.040Z,2026-09-25T16:03:59.975Z
DEMO-DEV-1355,154,2022-10-02T02:57:22.824Z,2026-09-26T03:47:39.203Z
DEMO-DEV-1398,154,2022-10-08T00:30:47.555Z,2026-09-26T21:17:31.403Z
DEMO-DEV-1444,154,2022-10-09T12:56:45.315Z,2026-09-20T05:38:51.470Z
DEMO-DEV-1485,154,2022-10-03T03:03:38.825Z,2026-09-26T23:54:12.653Z
DEMO-DEV-1507,154,2022-10-04T19:07:37.836Z,2026-08-15T16:46:58.884Z
DEMO-DEV-1542,154,2022-10-06T06:39:42.472Z,2026-09-15T20:23:58.077Z
DEMO-DEV-1556,154,2022-10-03T12:44:16.443Z,2026-09-27T23:47:10.785Z
DEMO-DEV-1581,154,2022-10-07T12:57:05.238Z,2026-09-26T17:49:10.236Z
DEMO-DEV-1620,154,2022-10-10T01:33:41.268Z,2026-09-07T10:05:45.014Z
DEMO-DEV-1651,154,2022-10-03T23:12:36.867Z,2026-09-24T01:18:36.524Z
DEMO-DEV-1658,154,2022-10-02T17:55:01.160Z,2026-09-26T23:11:10.040Z
DEMO-DEV-1687,154,2022-10-06T03:29:31.370Z,2026-09-27T20:08:07.727Z
DEMO-DEV-1718,154,2022-10-12T15:57:07.688Z,2026-09-03T13:52:27.173Z
DEMO-DEV-1721,154,2022-10-18T19:33:48.987Z,2026-09-05T08:59:28.692Z
DEMO-DEV-1752,154,2022-10-09T08:58:26.976Z,2026-09-29T08:17:29.319Z
DEMO-DEV-1753,154,2022-10-14T23:00:25.219Z,2026-09-28T17:39:59.500Z
DEMO-DEV-1798,154,2022-10-04T09:11:00.190Z,2026-09-27T12:00:59.472Z
DEMO-DEV-1831,154,2022-10-04T00:36:56.948Z,2026-09-23T13:53:21.150Z
DEMO-DEV-1842,154,2022-10-14T14:28:53.307Z,2026-09-28T00:44:12.692Z
DEMO-DEV-1871,154,2022-10-13T08:39:56.300Z,2026-09-27T15:07:07.868Z
DEMO-DEV-1884,154,2022-10-05T03:57:38.264Z,2026-09-28T07:51:04.225Z
DEMO-DEV-1915,154,2022-10-08T17:00:39.568Z,2026-09-10T05:37:16.462Z
DEMO-DEV-1951,154,2022-10-19T18:20:56.839Z,2026-09-13T16:56:23.302Z
DEMO-DEV-1963,154,2022-10-05T02:32:29.068Z,2026-09-27T09:06:02.646Z
DEMO-DEV-1964,154,2022-10-05T20:47:05.668Z,2026-09-25T22:05:48.505Z
DEMO-DEV-1966,154,2022-10-01T10:29:37.754Z,2026-09-02T22:23:24.884Z
DEMO-DEV-1975,154,2022-10-05T08:37:01.368Z,2026-09-26T12:34:16.366Z
DEMO-DEV-1992,154,2022-10-06T22:22:03.710Z,2026-09-25T01:50:37.226Z
DEMO-DEV-2008,154,2022-10-02T06:09:57.865Z,2026-09-18T22:44:17.555Z
DEMO-DEV-2031,154,2022-10-05T12:14:16.752Z,2026-09-20T04:49:26.134Z
DEMO-DEV-2034,154,2022-11-01T12:23:22.817Z,2026-09-25T20:55:03.523Z
DEMO-DEV-2143,154,2022-10-04T20:12:13.913Z,2026-09-15T06:31:04.987Z
DEMO-DEV-2153,154,2022-10-07T16:31:08.605Z,2026-09-16T15:26:35.239Z
DEMO-DEV-2183,154,2022-10-09T21:00:43.315Z,2026-09-13T14:08:13.003Z
DEMO-DEV-2184,154,2022-10-07T17:24:48.508Z,2026-09-21T23:08:32.646Z
DEMO-DEV-2229,154,2022-10-14T01:43:56.816Z,2026-09-29T14:18:48.252Z
DEMO-DEV-2265,154,2022-10-17T11:23:38.287Z,2026-09-17T03:32:28.173Z
DEMO-DEV-2434,154,2022-10-04T07:15:18.272Z,2026-09-08T23:13:18.527Z
DEMO-DEV-2448,154,2022-10-05T16:31:43.792Z,2026-09-28T11:08:22.038Z
DEMO-DEV-2451,154,2022-10-02T03:44:38.250Z,2026-09-29T17:43:02.752Z
DEMO-DEV-2464,154,2022-10-19T02:22:19.676Z,2026-09-27T06:21:36.134Z
DEMO-DEV-2469,154,2022-10-03T08:33:55.161Z,2026-09-26T15:30:14.394Z
DEMO-DEV-2496,154,2022-11-05T19:55:26.168Z,2026-09-29T19:54:21.365Z
DEMO-DEV-2528,154,2022-10-11T04:46:11.710Z,2026-09-22T02:43:36.661Z
DEMO-DEV-2608,154,2022-10-12T09:49:11.155Z,2026-09-29T22:57:55.073Z
DEMO-DEV-2628,154,2022-10-28T21:15:20.668Z,2026-09-29T22:25:41.015Z
DEMO-DEV-2645,154,2022-10-17T08:08:22.612Z,2026-08-19T19:47:17.225Z
DEMO-DEV-2683,154,2022-10-21T03:24:10.913Z,2026-09-30T00:26:35.607Z
DEMO-DEV-2773,154,2022-10-18T23:05:42.354Z,2026-09-22T03:17:52.948Z
DEMO-DEV-2791,154,2022-10-09T02:20:01.867Z,2026-09-28T01:03:03.989Z
DEMO-DEV-2834,154,2022-11-01T15:18:09.173Z,2026-09-23T16:17:17.325Z
DEMO-DEV-2875,154,2022-10-08T02:45:03.221Z,2026-09-28T15:20:00.975Z
DEMO-DEV-2876,154,2022-10-09T19:03:27.929Z,2026-09-20T08:34:23.224Z
DEMO-DEV-2897,154,2022-10-06T02:42:12.817Z,2026-09-27T01:07:40.403Z
DEMO-DEV-2910,154,2022-10-05T18:11:55.524Z,2026-09-18T00:21:23.511Z
DEMO-DEV-2926,154,2022-10-03T16:53:45.885Z,2026-09-12T01:43:10.365Z
DEMO-DEV-2953,154,2022-10-10T16:01:00.843Z,2026-09-19T07:49:29.443Z
DEMO-DEV-2976,154,2022-10-08T08:02:07.929Z,2026-09-25T07:18:40.057Z
DEMO-DEV-2977,154,2022-10-05T21:19:34.968Z,2026-09-13T04:31:35.524Z
DEMO-DEV-3004,154,2022-10-07T22:37:13.230Z,2026-09-24T08:18:51.264Z
DEMO-DEV-3028,154,2022-10-31T13:25:10.226Z,2026-09-18T18:23:28.676Z
DEMO-DEV-3066,154,2022-10-07T02:57:07.926Z,2026-09-25T10:12:45.873Z
DEMO-DEV-3082,154,2022-10-04T02:20:33.843Z,2026-09-30T00:21:12.993Z
DEMO-DEV-3124,154,2022-10-03T21:15:31.885Z,2026-09-08T23:52:54.027Z
DEMO-DEV-3196,154,2022-10-05T16:28:25.870Z,2026-09-20T14:36:13.250Z
DEMO-DEV-3212,154,2022-10-04T23:50:15.950Z,2026-09-06T14:19:59.004Z
DEMO-DEV-3219,154,2022-10-04T16:22:09.612Z,2026-09-30T05:50:39.676Z
DEMO-DEV-3223,154,2022-10-25T22:28:01.172Z,2026-09-26T07:19:40.402Z
DEMO-DEV-3230,154,2022-10-19T05:37:49.639Z,2026-09-27T07:09:29.068Z
DEMO-DEV-3243,154,2022-10-02T00:50:42.037Z,2026-09-20T01:21:54.786Z
DEMO-DEV-3246,154,2022-10-04T04:25:27.817Z,2026-09-24T22:44:41.639Z
DEMO-DEV-3266,154,2022-10-06T21:17:21.402Z,2026-09-21T20:53:07.232Z
DEMO-DEV-3274,154,2022-10-02T01:03:24.870Z,2026-09-25T22:57:26.365Z
DEMO-DEV-3434,154,2022-10-08T15:17:07.778Z,2026-09-23T12:01:02.976Z
DEMO-DEV-3440,154,2022-10-06T00:06:06.913Z,2026-09-21T15:13:30.075Z
DEMO-DEV-3544,154,2022-10-15T12:31:25.676Z,2026-09-29T21:02:24.500Z
DEMO-DEV-3550,154,2022-10-08T22:34:32.727Z,2026-09-25T03:30:31.264Z
DEMO-DEV-3565,154,2022-10-09T11:52:40.287Z,2026-09-23T13:12:45.080Z
DEMO-DEV-3646,154,2022-10-07T02:12:58.497Z,2026-09-23T15:16:48.387Z
DEMO-DEV-3669,154,2022-10-06T06:28:39.250Z,2026-09-27T04:42:22.190Z
DEMO-DEV-3685,154,2022-10-21T03:14:09.511Z,2026-09-27T21:03:22.646Z
DEMO-DEV-3687,154,2022-10-13T15:01:19.075Z,2026-09-26T20:08:14.846Z
DEMO-DEV-3744,154,2022-10-02T05:44:42.390Z,2026-08-22T12:58:29.190Z
DEMO-DEV-3750,154,2022-10-08T03:36:54.535Z,2026-09-30T04:20:48.668Z
DEMO-DEV-3863,154,2022-10-19T02:06:41.208Z,2026-09-28T09:43:17.236Z
DEMO-DEV-3928,154,2022-10-03T09:07:03.786Z,2026-09-10T06:29:39.879Z
DEMO-DEV-3932,154,2022-10-15T21:12:17.989Z,2026-09-28T10:07:08.682Z
DEMO-DEV-3942,154,2022-10-01T22:31:28.868Z,2026-09-16T23:07:09.302Z
DEMO-DEV-3961,154,2022-10-04T16:36:07.816Z,2026-09-12T17:29:18.969Z
DEMO-DEV-4012,154,2022-10-06T05:48:13.545Z,2026-09-23T15:19:19.287Z
DEMO-DEV-4038,154,2022-10-12T12:00:20.584Z,2026-09-26T18:57:51.337Z
DEMO-DEV-4052,154,2022-10-06T19:36:01.851Z,2026-09-28T16:12:01.268Z
DEMO-DEV-4218,154,2022-10-19T07:59:01.315Z,2026-08-20T23:55:21.867Z
DEMO-DEV-4220,154,2022-11-12T02:38:16.804Z,2026-09-23T07:34:32.926Z
DEMO-DEV-4246,154,2022-10-13T08:36:40.843Z,2026-09-29T10:24:38.205Z
DEMO-DEV-4263,154,2022-10-12T06:04:28.236Z,2026-09-24T11:19:39.841Z
DEMO-DEV-4411,154,2022-10-06T21:57:35.661Z,2026-09-29T16:02:19.914Z
DEMO-DEV-4440,154,2022-10-02T20:38:22.714Z,2026-09-25T15:06:35.063Z
DEMO-DEV-4463,154,2022-10-05T20:42:58.298Z,2026-09-01T16:53:05.555Z
DEMO-DEV-4472,154,2022-10-15T21:31:18.584Z,2026-08-30T06:13:24.843Z
DEMO-DEV-4503,154,2022-10-01T09:32:59.446Z,2026-09-27T12:31:47.155Z
DEMO-DEV-4520,154,2022-10-03T01:51:06.264Z,2026-09-23T11:21:02.524Z
DEMO-DEV-4525,154,2022-10-18T17:46:02.682Z,2026-09-27T19:59:35.692Z
DEMO-DEV-4529,154,2022-10-03T06:12:16.003Z,2026-09-24T16:14:03.319Z
DEMO-DEV-4543,154,2022-10-02T13:56:09.591Z,2026-09-23T20:58:28.527Z
DEMO-DEV-4551,154,2022-10-20T04:18:57.204Z,2026-09-16T21:20:19.077Z
DEMO-DEV-4615,154,2022-10-05T19:03:48.891Z,2026-09-17T05:51:29.523Z
DEMO-DEV-4667,154,2022-10-02T11:46:07.965Z,2026-09-03T23:15:18.027Z
DEMO-DEV-4675,154,2022-10-05T10:46:29.825Z,2026-09-19T18:15:48.345Z
DEMO-DEV-4715,154,2022-10-10T15:10:32.368Z,2026-09-27T12:11:42.354Z
DEMO-DEV-4779,154,2022-10-07T06:58:04.167Z,2026-09-23T15:56:46.352Z
DEMO-DEV-4826,154,2022-10-06T13:25:49.612Z,2026-09-28T02:16:07.811Z
DEMO-DEV-4835,154,2022-10-14T08:25:50.851Z,2026-09-29T04:22:00.867Z
DEMO-DEV-4930,154,2022-10-04T03:40:15.778Z,2026-09-23T21:47:07.639Z
DEMO-DEV-5002,154,2022-11-09T11:02:35.442Z,2026-09-23T22:52:02.239Z
DEMO-DEV-5012,154,2022-10-13T04:36:39.992Z,2026-09-24T20:40:16.578Z
DEMO-DEV-5024,154,2022-10-02T18:08:01.873Z,2026-09-24T22:41:09.161Z
DEMO-DEV-5072,154,2022-10-12T01:04:39.354Z,2026-09-16T04:48:20.183Z
DEMO-DEV-5140,154,2022-10-09T11:01:25.063Z,2026-09-14T12:10:38.965Z
DEMO-DEV-5153,154,2022-10-11T17:16:35.989Z,2026-09-10T17:44:42.183Z
DEMO-DEV-5155,154,2022-10-02T23:29:22.765Z,2026-09-28T13:28:02.792Z
DEMO-DEV-5156,154,2022-10-02T10:02:56.836Z,2026-09-11T22:13:24.949Z
DEMO-DEV-5248,154,2022-10-11T22:24:15.442Z,2026-09-25T18:39:24.134Z
DEMO-DEV-5258,154,2022-10-05T14:14:12.205Z,2026-08-30T11:24:43.655Z
DEMO-DEV-5287,154,2022-10-03T13:12:29.224Z,2026-09-24T23:14:26.190Z
DEMO-DEV-5322,154,2022-10-03T08:51:17.676Z,2026-09-27T21:03:46.846Z
DEMO-DEV-5333,154,2022-10-06T13:34:03.038Z,2026-09-26T10:15:47.460Z
DEMO-DEV-5343,154,2022-10-01T18:36:23.584Z,2026-09-25T14:40:16.026Z
DEMO-DEV-5345,154,2022-10-11T01:55:08.646Z,2026-09-02T05:47:44.004Z
DEMO-DEV-5388,154,2022-10-19T00:01:46.307Z,2026-09-29T22:16:24.974Z
DEMO-DEV-5404,154,2022-10-12T01:09:50.370Z,2026-09-16T21:52:08.873Z
DEMO-DEV-5426,154,2022-10-14T20:51:37.485Z,2026-09-28T15:01:07.870Z
DEMO-DEV-5436,154,2022-10-29T04:44:05.968Z,2026-09-20T01:15:10.218Z
DEMO-DEV-5478,154,2022-10-18T17:47:25.851Z,2026-09-28T16:53:47.357Z
DEMO-DEV-5492,154,2022-10-31T06:28:49.926Z,2026-09-25T06:49:58.605Z
DEMO-DEV-5504,154,2022-10-22T09:02:14.804Z,2026-09-09T15:38:40.929Z
DEMO-DEV-5512,154,2022-10-03T19:01:27.785Z,2026-09-29T02:26:33.470Z
DEMO-DEV-5626,154,2022-10-01T16:58:15.272Z,2026-09-29T19:51:43.816Z
DEMO-DEV-5640,154,2022-10-01T21:54:32.442Z,2026-09-17T22:25:55.846Z
DEMO-DEV-5655,154,2022-10-07T13:33:50.778Z,2026-09-28T02:16:33.190Z
DEMO-DEV-5743,154,2022-11-02T20:03:06.892Z,2026-09-27T23:51:03.839Z
DEMO-DEV-5801,154,2022-10-15T06:06:59.443Z,2026-09-06T11:19:17.975Z
DEMO-DEV-5809,154,2022-10-12T05:38:28.870Z,2026-08-30T16:56:19.015Z
DEMO-DEV-5959,154,2022-10-03T10:34:04.865Z,2026-09-22T13:17:44.754Z
DEMO-DEV-6000,154,2022-10-22T14:05:18.666Z,2026-09-30T03:28:07.505Z
DEMO-DEV-6021,154,2022-10-02T15:01:49.230Z,2026-09-22T18:43:38.929Z
DEMO-DEV-6029,154,2022-10-01T15:32:38.793Z,2026-09-16T20:10:53.851Z
DEMO-DEV-6052,154,2022-11-13T10:21:20.618Z,2026-09-22T23:49:04.870Z
DEMO-DEV-6083,154,2022-10-11T11:42:59.714Z,2026-09-28T17:46:48.591Z
DEMO-DEV-6119,154,2022-10-03T03:30:19.068Z,2026-09-11T06:00:32.442Z
DEMO-DEV-6133,154,2022-10-01T22:31:26.646Z,2026-09-28T07:11:47.415Z
DEMO-DEV-6134,154,2022-10-04T13:55:31.811Z,2026-09-30T07:04:02.868Z
DEMO-DEV-6140,154,2022-10-01T10:38:58.817Z,2026-09-29T11:59:48.868Z
DEMO-DEV-6187,154,2022-10-04T09:55:52.075Z,2026-09-09T21:14:12.646Z
DEMO-DEV-6220,154,2022-10-17T19:43:22.612Z,2026-09-17T23:38:04.926Z
DEMO-DEV-6247,154,2022-10-09T18:01:00.785Z,2026-09-20T12:05:33.068Z
DEMO-DEV-6261,154,2022-11-02T16:55:47.839Z,2026-09-27T20:51:28.513Z
DEMO-DEV-6263,154,2022-10-10T17:48:48.568Z,2026-09-29T01:22:44.173Z
DEMO-DEV-6375,154,2022-10-04T17:56:58.370Z,2026-09-22T02:01:21.253Z
DEMO-DEV-6399,154,2022-10-04T00:36:35.120Z,2026-09-20T03:12:30.219Z
DEMO-DEV-6413,154,2022-10-01T21:06:57.891Z,2026-09-26T23:21:48.167Z
DEMO-DEV-6423,154,2022-10-07T14:42:49.120Z,2026-09-26T18:02:42.778Z
DEMO-DEV-6430,154,2022-10-13T05:26:49.300Z,2026-09-08T12:14:59.203Z
DEMO-DEV-6512,154,2022-10-14T06:14:40.926Z,2026-09-16T20:57:00.402Z
DEMO-DEV-6543,154,2022-10-14T13:26:34.806Z,2026-09-29T18:50:17.190Z
DEMO-DEV-6577,154,2022-10-02T12:24:08.524Z,2026-09-12T09:12:42.612Z
DEMO-DEV-6604,154,2022-11-01T17:38:57.288Z,2026-09-18T16:11:31.618Z
DEMO-DEV-6610,154,2022-10-06T19:08:52.676Z,2026-09-29T15:32:53.535Z
DEMO-DEV-6705,154,2022-10-10T04:01:29.226Z,2026-09-30T04:55:42.976Z
DEMO-DEV-6706,154,2022-10-08T21:45:59.462Z,2026-09-29T10:30:08.578Z
DEMO-DEV-6729,154,2022-10-20T13:54:17.524Z,2026-09-28T22:54:38.254Z
DEMO-DEV-6839,154,2022-10-07T13:23:53.557Z,2026-09-11T03:40:50.203Z
DEMO-DEV-6851,154,2022-10-29T19:06:19.368Z,2026-09-24T14:53:41.892Z
DEMO-DEV-6883,154,2022-10-03T04:35:27.160Z,2026-09-24T19:53:02.527Z
DEMO-DEV-6887,154,2022-10-05T07:36:58.825Z,2026-09-26T22:43:20.682Z
DEMO-DEV-6922,154,2022-10-07T22:51:13.190Z,2026-09-06T00:52:11.879Z
DEMO-DEV-6932,154,2022-10-07T12:25:20.825Z,2026-09-16T07:49:51.843Z
DEMO-DEV-6947,154,2022-10-02T13:12:07.508Z,2026-09-15T19:01:55.222Z
DEMO-DEV-6957,154,2022-11-11T22:00:49.803Z,2026-09-28T05:22:36.205Z
DEMO-DEV-6985,154,2022-10-07T07:50:56.811Z,2026-09-19T16:09:56.365Z
DEMO-DEV-6990,154,2022-10-12T14:52:06.714Z,2026-09-26T07:07:10.992Z
DEMO-DEV-7007,154,2022-10-04T02:16:45.915Z,2026-09-26T23:53:19.268Z
DEMO-DEV-7017,154,2022-10-02T07:02:16.077Z,2026-08-29T17:40:24.537Z
DEMO-DEV-7083,154,2022-11-05T06:06:57.913Z,2026-09-15T01:59:58.368Z
DEMO-DEV-7111,154,2022-10-04T04:21:24.676Z,2026-09-18T12:40:49.472Z
DEMO-DEV-7176,154,2022-10-13T03:20:26.735Z,2026-09-29T02:32:42.811Z
DEMO-DEV-7206,154,2022-10-03T15:55:07.804Z,2026-09-26T20:54:01.298Z
DEMO-DEV-7251,154,2022-10-24T02:44:18.863Z,2026-09-13T16:43:24.224Z
DEMO-DEV-7263,154,2022-10-11T13:48:27.365Z,2026-09-30T01:23:45.948Z
DEMO-DEV-7349,154,2022-10-10T15:53:35.370Z,2026-09-16T23:34:43.409Z
DEMO-DEV-7401,154,2022-10-16T08:18:52.841Z,2026-08-26T13:50:01.985Z
DEMO-DEV-7410,154,2022-10-08T19:34:24.806Z,2026-09-15T21:53:18.658Z
DEMO-DEV-7421,154,2022-10-01T23:30:39.365Z,2026-09-23T07:32:10.287Z
DEMO-DEV-7430,154,2022-10-20T01:10:52.948Z,2026-09-01T18:53:59.254Z
DEMO-DEV-7438,154,2022-10-01T14:21:35.584Z,2026-09-05T13:38:27.037Z
DEMO-DEV-7467,154,2022-10-09T14:25:35.754Z,2026-09-07T08:24:50.816Z
DEMO-DEV-7510,154,2022-10-24T07:15:17.804Z,2026-09-25T22:19:09.968Z
DEMO-DEV-7529,154,2022-10-10T13:54:51.287Z,2026-09-20T02:21:35.555Z
DEMO-DEV-7530,154,2022-10-17T06:32:16.646Z,2026-09-29T04:01:25.785Z
DEMO-DEV-7555,154,2022-10-21T20:48:29.785Z,2026-09-29T18:49:54.545Z
DEMO-DEV-7631,154,2022-10-04T22:11:21.792Z,2026-09-19T13:52:38.394Z
DEMO-DEV-7713,154,2022-10-01T12:37:39.719Z,2026-09-26T12:14:52.836Z
DEMO-DEV-7732,154,2022-10-04T11:29:45.537Z,2026-09-26T16:28:41.264Z
DEMO-DEV-7739,154,2022-10-03T03:13:31.155Z,2026-09-22T08:57:02.974Z
DEMO-DEV-7824,154,2022-10-06T20:51:10.415Z,2026-09-24T14:36:04.160Z
DEMO-DEV-7843,154,2022-10-03T12:53:45.391Z,2026-09-25T08:30:12.352Z
DEMO-DEV-7900,154,2022-10-08T22:33:34.863Z,2026-09-30T06:18:25.719Z
DEMO-DEV-7904,154,2022-10-02T06:12:15.778Z,2026-09-28T23:27:57.298Z
DEMO-DEV-7907,154,2022-11-08T19:40:34.027Z,2026-08-23T11:46:53.864Z
DEMO-DEV-7918,154,2022-10-09T00:03:23.003Z,2026-09-26T14:53:21.038Z
DEMO-DEV-7924,154,2022-10-10T01:27:25.004Z,2026-09-10T16:20:39.134Z
DEMO-DEV-7925,154,2022-10-10T19:52:14.682Z,2026-09-26T19:52:31.965Z
DEMO-DEV-7927,154,2022-10-02T17:22:35.727Z,2026-09-25T06:34:11.816Z
DEMO-DEV-8103,154,2022-10-10T09:23:17.325Z,2026-09-13T17:36:20.345Z
DEMO-DEV-8208,154,2022-10-01T10:06:52.319Z,2026-09-17T14:12:20.139Z
DEMO-DEV-8229,154,2022-10-01T20:20:46.841Z,2026-09-26T02:57:35.026Z
DEMO-DEV-8353,154,2022-10-19T11:15:01.879Z,2026-09-26T09:19:52.752Z
DEMO-DEV-8496,154,2022-10-12T11:26:18.493Z,2026-09-06T21:33:17.298Z
DEMO-DEV-8499,154,2022-10-21T23:57:09.370Z,2026-09-29T04:09:19.307Z
DEMO-DEV-8555,154,2022-10-10T10:13:24.205Z,2026-09-28T00:35:35.682Z
DEMO-DEV-8595,154,2022-10-02T21:02:52.612Z,2026-09-07T15:51:50.232Z
DEMO-DEV-8604,154,2022-10-21T01:07:00.368Z,2026-09-26T03:39:26.155Z
DEMO-DEV-8768,154,2022-10-02T19:46:18.965Z,2026-09-25T17:20:46.087Z
DEMO-DEV-8777,154,2022-10-02T03:43:47.969Z,2026-09-19T20:30:53.968Z
DEMO-DEV-8786,154,2022-10-02T06:50:44.057Z,2026-09-26T21:16:27.841Z
DEMO-DEV-8971,154,2022-10-02T15:50:02.653Z,2026-09-21T23:59:41.037Z
DEMO-DEV-9011,154,2022-10-15T08:23:26.307Z,2026-09-26T22:26:21.063Z
DEMO-DEV-9044,154,2022-10-02T23:24:31.985Z,2026-09-29T09:56:31.337Z
DEMO-DEV-9080,154,2022-10-17T05:54:02.508Z,2026-09-25T13:15:41.026Z
DEMO-DEV-9099,154,2022-10-10T12:09:10.868Z,2026-08-24T05:20:33.460Z
DEMO-DEV-9148,154,2022-10-06T05:31:20.873Z,2026-09-10T21:19:36.989Z
DEMO-DEV-9187,154,2022-10-05T14:32:18.023Z,2026-09-20T05:11:38.057Z
DEMO-DEV-9212,154,2022-10-18T10:25:15.692Z,2026-09-16T21:02:19.692Z
DEMO-DEV-9232,154,2022-10-02T05:21:07.403Z,2026-09-27T10:32:26.785Z
DEMO-DEV-9242,154,2022-10-16T20:28:55.040Z,2026-09-27T20:41:54.793Z
DEMO-DEV-9267,154,2022-10-15T03:17:16.040Z,2026-09-18T16:38:04.075Z
DEMO-DEV-9286,154,2022-10-20T11:19:47.714Z,2026-09-21T06:24:11.442Z
DEMO-DEV-9302,154,2022-11-02T07:50:53.975Z,2026-08-27T13:29:24.428Z
DEMO-DEV-9327,154,2022-10-09T23:23:33.524Z,2026-09-26T21:30:49.646Z
DEMO-DEV-9374,154,2022-10-01T09:03:39.485Z,2026-09-22T23:20:57.867Z
DEMO-DEV-9402,154,2022-10-12T02:24:09.891Z,2026-09-29T01:35:54.537Z
DEMO-DEV-9502,154,2022-10-01T09:54:37.402Z,2026-09-27T06:48:08.298Z
DEMO-DEV-9503,154,2022-10-24T05:51:40.591Z,2026-09-01T15:55:54.859Z
DEMO-DEV-9505,154,2022-10-07T23:26:52.817Z,2026-09-29T05:20:00.836Z
DEMO-DEV-9509,154,2022-10-04T11:52:11.917Z,2026-09-27T08:55:18.428Z
DEMO-DEV-9576,154,2022-10-29T06:30:59.172Z,2026-09-22T03:41:17.503Z
DEMO-DEV-9582,154,2022-10-15T13:18:11.291Z,2026-09-01T18:17:56.239Z
DEMO-DEV-9584,154,2022-10-11T22:47:25.976Z,2026-09-28T14:06:26.524Z
DEMO-DEV-9590,154,2022-11-14T10:17:49.702Z,2026-08-27T04:28:07.503Z
DEMO-DEV-9617,154,2022-11-15T05:44:29.219Z,2026-09-23T12:13:17.455Z
DEMO-DEV-9626,154,2022-10-11T11:11:33.073Z,2026-09-24T01:12:14.218Z
DEMO-DEV-9665,154,2022-10-13T15:40:37.804Z,2026-09-29T10:40:41.816Z
DEMO-DEV-9779,154,2022-10-28T11:02:11.614Z,2026-09-26T20:08:04.165Z
DEMO-DEV-9782,154,2022-10-02T10:30:26.442Z,2026-09-27T04:35:19.513Z
DEMO-DEV-9783,154,2022-10-12T03:15:28.391Z,2026-09-28T20:16:18.250Z
DEMO-DEV-9803,154,2022-10-19T19:45:08.472Z,2026-09-25T09:09:47.867Z
DEMO-DEV-9832,154,2022-10-13T04:13:01.138Z,2026-09-30T04:50:25.738Z
DEMO-DEV-9837,154,2022-10-02T20:40:03.045Z,2026-09-29T16:20:40.139Z
DEMO-DEV-9889,154,2022-10-04T15:54:38.948Z,2026-09-29T15:28:32.337Z
DEMO-DEV-9962,154,2022-10-01T18:48:03.524Z,2026-09-28T15:29:39.090Z
DEMO-DEV-9969,154,2022-10-05T12:22:10.026Z,2026-09-23T19:23:56.090Z
DEMO-DEV-9986,154,2022-10-01T11:37:32.250Z,2026-09-26T20:56:22.636Z
DEMO-DEV-9987,154,2022-10-03T12:41:33.352Z,2026-09-13T07:36:14.219Z
DEMO-DEV-0008,153,2022-10-03T08:53:30.004Z,2026-09-09T01:05:03.839Z
DEMO-DEV-0013,153,2022-11-01T22:07:15.682Z,2026-09-10T14:05:52.976Z
DEMO-DEV-0100,153,2022-10-06T14:24:17.584Z,2026-09-30T04:22:57.752Z
DEMO-DEV-0110,153,2022-10-05T23:57:07.219Z,2026-09-28T01:39:33.738Z
DEMO-DEV-0125,153,2022-10-05T12:51:54.493Z,2026-09-01T05:33:52.287Z
DEMO-DEV-0131,153,2022-10-07T22:11:34.891Z,2026-09-25T18:59:08.846Z
DEMO-DEV-0197,153,2022-10-03T07:56:03.366Z,2026-09-08T14:36:55.397Z
DEMO-DEV-0215,153,2022-10-01T10:45:10.366Z,2026-09-07T11:32:01.859Z
DEMO-DEV-0219,153,2022-10-07T14:03:24.057Z,2026-09-13T00:48:21.929Z
DEMO-DEV-0235,153,2022-10-05T13:24:15.287Z,2026-09-21T02:44:02.735Z
DEMO-DEV-0254,153,2022-10-08T17:22:21.929Z,2026-09-25T07:00:17.272Z
DEMO-DEV-0272,153,2022-10-01T16:33:34.319Z,2026-08-17T06:54:46.915Z
DEMO-DEV-0351,153,2022-10-27T16:03:39.969Z,2026-09-29T15:15:04.038Z
DEMO-DEV-0352,153,2022-11-10T09:17:53.225Z,2026-09-29T01:03:32.841Z
DEMO-DEV-0361,153,2022-10-05T00:11:43.618Z,2026-09-30T06:02:39.867Z
DEMO-DEV-0469,153,2022-10-01T15:30:22.870Z,2026-09-25T15:02:26.524Z
DEMO-DEV-0482,153,2022-11-12T20:01:57.319Z,2026-09-10T10:01:45.661Z
DEMO-DEV-0517,153,2022-10-01T15:05:34.612Z,2026-08-29T04:21:02.865Z
DEMO-DEV-0545,153,2022-10-08T09:42:07.968Z,2026-09-20T09:50:17.443Z
DEMO-DEV-0632,153,2022-10-16T20:58:23.368Z,2026-09-01T05:18:30.591Z
DEMO-DEV-0651,153,2022-10-26T05:33:54.870Z,2026-09-18T05:45:55.442Z
DEMO-DEV-0673,153,2022-10-08T01:07:42.236Z,2026-09-05T04:38:32.021Z
DEMO-DEV-0689,153,2022-10-10T19:32:52.914Z,2026-09-27T21:58:36.865Z
DEMO-DEV-0695,153,2022-10-02T05:19:44.524Z,2026-09-26T03:29:01.754Z
DEMO-DEV-0810,153,2022-10-03T15:09:01.668Z,2026-09-22T00:04:01.337Z
DEMO-DEV-0827,153,2022-10-08T22:38:55.403Z,2026-09-18T16:54:53.974Z
DEMO-DEV-0913,153,2022-10-10T08:03:53.167Z,2026-09-25T15:10:43.236Z
DEMO-DEV-0917,153,2022-10-14T07:45:34.612Z,2026-09-12T14:46:20.846Z
DEMO-DEV-1051,153,2022-10-01T14:22:10.239Z,2026-09-25T02:28:37.816Z
DEMO-DEV-1111,153,2022-10-07T10:46:30.948Z,2026-09-21T10:32:18.120Z
DEMO-DEV-1113,153,2022-10-01T18:16:19.966Z,2026-09-23T01:26:49.817Z
DEMO-DEV-1172,153,2022-10-25T10:14:11.319Z,2026-09-21T11:38:12.870Z
DEMO-DEV-1178,153,2022-10-24T05:41:52.239Z,2026-09-28T17:27:06.568Z
DEMO-DEV-1238,153,2022-10-15T00:08:19.204Z,2026-09-21T14:47:22.234Z
DEMO-DEV-1245,153,2022-10-14T12:06:34.205Z,2026-09-28T02:02:25.003Z
DEMO-DEV-1246,153,2022-10-08T05:10:08.021Z,2026-09-09T18:49:37.865Z
DEMO-DEV-1269,153,2022-10-07T04:22:03.605Z,2026-09-29T17:53:30.003Z
DEMO-DEV-1278,153,2022-10-02T23:16:19.415Z,2026-09-30T04:13:58.710Z
DEMO-DEV-1312,153,2022-10-07T06:07:19.929Z,2026-09-21T06:10:58.926Z
DEMO-DEV-1354,153,2022-10-05T20:59:20.864Z,2026-09-11T21:40:58.394Z
DEMO-DEV-1427,153,2022-10-04T03:42:57.446Z,2026-09-26T11:29:03.752Z
DEMO-DEV-1443,153,2022-10-15T10:55:36.948Z,2026-09-11T18:48:33.966Z
DEMO-DEV-1461,153,2022-10-06T20:25:55.138Z,2026-09-26T15:26:15.702Z
DEMO-DEV-1487,153,2022-10-08T21:59:41.203Z,2026-09-20T00:06:04.183Z
DEMO-DEV-1491,153,2022-10-21T19:49:02.225Z,2026-09-29T12:38:04.870Z
DEMO-DEV-1526,153,2022-10-01T22:23:44.253Z,2026-09-29T03:18:16.500Z
DEMO-DEV-1529,153,2022-10-06T06:37:38.877Z,2026-09-14T02:45:46.618Z
DEMO-DEV-1564,153,2022-10-01T16:22:33.948Z,2026-09-29T16:18:19.160Z
DEMO-DEV-1599,153,2022-10-08T04:47:57.891Z,2026-09-28T22:53:41.989Z
DEMO-DEV-1601,153,2022-10-09T02:29:26.027Z,2026-09-27T11:06:12.472Z
DEMO-DEV-1630,153,2022-10-03T01:51:34.508Z,2026-09-26T18:53:23.026Z
DEMO-DEV-1633,153,2022-10-24T15:56:46.584Z,2026-09-29T21:04:52.485Z
DEMO-DEV-1775,153,2022-10-08T23:03:42.804Z,2026-09-05T07:51:07.015Z
DEMO-DEV-1783,153,2022-10-01T21:10:12.203Z,2026-09-15T07:58:24.189Z
DEMO-DEV-1812,153,2022-10-02T21:36:55.968Z,2026-09-18T23:39:24.024Z
DEMO-DEV-1862,153,2022-10-05T19:38:04.618Z,2026-09-15T05:29:49.172Z
DEMO-DEV-1863,153,2022-10-08T13:30:05.370Z,2026-09-29T07:44:00.365Z
DEMO-DEV-1872,153,2022-10-06T11:21:46.291Z,2026-09-26T12:52:48.234Z
DEMO-DEV-1923,153,2022-10-11T13:18:11.792Z,2026-09-21T05:32:37.368Z
DEMO-DEV-1988,153,2022-10-04T06:33:25.077Z,2026-09-25T18:27:25.394Z
DEMO-DEV-2043,153,2022-10-12T17:46:34.648Z,2026-09-26T17:11:12.455Z
DEMO-DEV-2086,153,2022-10-03T03:29:23.238Z,2026-09-23T19:11:26.390Z
DEMO-DEV-2175,153,2022-10-13T04:26:10.368Z,2026-09-28T23:17:40.315Z
DEMO-DEV-2198,153,2022-10-06T01:16:45.884Z,2026-09-05T20:39:04.352Z
DEMO-DEV-2267,153,2022-10-03T13:17:25.165Z,2026-09-21T14:53:40.368Z
DEMO-DEV-2354,153,2022-10-04T20:24:00.357Z,2026-09-14T06:57:46.884Z
DEMO-DEV-2433,153,2022-10-05T09:40:04.462Z,2026-09-18T05:12:31.591Z
DEMO-DEV-2439,153,2022-10-07T12:02:05.397Z,2026-09-22T02:40:25.806Z
DEMO-DEV-2457,153,2022-10-04T08:47:11.354Z,2026-09-26T15:38:24.172Z
DEMO-DEV-2458,153,2022-10-06T17:55:43.211Z,2026-09-25T10:16:46.307Z
DEMO-DEV-2468,153,2022-10-31T13:20:51.368Z,2026-09-30T06:39:18.879Z
DEMO-DEV-2478,153,2022-10-09T17:52:39.992Z,2026-09-29T16:40:59.989Z
DEMO-DEV-2535,153,2022-10-07T06:01:46.841Z,2026-09-18T20:47:50.354Z
DEMO-DEV-2536,153,2022-10-10T23:08:30.345Z,2026-09-21T21:52:36.914Z
DEMO-DEV-2537,153,2022-10-10T02:52:30.155Z,2026-09-28T19:02:15.597Z
DEMO-DEV-2567,153,2022-10-06T04:06:44.785Z,2026-09-16T16:47:03.446Z
DEMO-DEV-2568,153,2022-10-01T15:38:13.470Z,2026-09-21T01:31:16.597Z
DEMO-DEV-2595,153,2022-10-02T05:14:33.985Z,2026-09-26T08:57:41.714Z
DEMO-DEV-2602,153,2022-11-11T10:45:03.165Z,2026-09-24T15:37:24.870Z
DEMO-DEV-2662,153,2022-10-12T13:21:41.230Z,2026-09-26T04:13:47.803Z
DEMO-DEV-2709,153,2022-10-14T00:37:09.493Z,2026-09-29T12:45:34.315Z
DEMO-DEV-2736,153,2022-10-17T07:40:14.792Z,2026-09-12T22:02:36.308Z
DEMO-DEV-2799,153,2022-10-04T08:38:33.090Z,2026-09-21T12:40:11.754Z
DEMO-DEV-2877,153,2022-10-01T20:00:11.676Z,2026-09-23T07:26:14.221Z
DEMO-DEV-2930,153,2022-10-25T19:31:04.470Z,2026-09-29T20:19:13.778Z
DEMO-DEV-2969,153,2022-10-03T01:15:34.785Z,2026-09-29T00:51:05.120Z
DEMO-DEV-2993,153,2022-10-02T01:42:20.190Z,2026-09-26T05:09:27.966Z
DEMO-DEV-3016,153,2022-10-09T04:59:05.289Z,2026-09-28T08:31:12.778Z
DEMO-DEV-3018,153,2022-10-18T21:41:22.792Z,2026-09-29T21:55:11.668Z
DEMO-DEV-3038,153,2022-10-12T12:50:15.014Z,2026-09-25T15:18:03.409Z
DEMO-DEV-3317,153,2022-10-05T05:23:17.511Z,2026-09-08T04:49:59.219Z
DEMO-DEV-3325,153,2022-10-09T11:48:58.366Z,2026-09-29T10:01:40.190Z
DEMO-DEV-3339,153,2022-10-16T02:55:35.026Z,2026-09-23T00:23:35.865Z
DEMO-DEV-3388,153,2022-10-05T05:39:11.738Z,2026-09-17T11:38:13.519Z
DEMO-DEV-3394,153,2022-10-09T02:23:59.307Z,2026-09-21T06:22:00.985Z
DEMO-DEV-3395,153,2022-11-19T10:51:17.443Z,2026-09-22T20:06:08.172Z
DEMO-DEV-3427,153,2022-10-03T17:25:04.658Z,2026-09-28T21:02:03.307Z
DEMO-DEV-3466,153,2022-10-02T12:44:49.139Z,2026-09-07T23:52:52.357Z
DEMO-DEV-3477,153,2022-10-12T17:50:58.752Z,2026-09-11T08:09:04.976Z
DEMO-DEV-3511,153,2022-10-02T14:05:12.966Z,2026-09-25T00:20:53.080Z
DEMO-DEV-3536,153,2022-10-13T12:49:41.402Z,2026-09-03T17:48:22.719Z
DEMO-DEV-3556,153,2022-10-03T09:11:38.077Z,2026-09-29T02:21:16.987Z
DEMO-DEV-3645,153,2022-10-02T16:03:40.714Z,2026-09-21T09:32:54.168Z
DEMO-DEV-3722,153,2022-10-17T17:00:19.315Z,2026-09-28T23:27:06.842Z
DEMO-DEV-3748,153,2022-10-01T15:18:22.778Z,2026-09-25T02:47:40.123Z
DEMO-DEV-3768,153,2022-10-08T08:42:47.778Z,2026-09-23T22:21:08.307Z
DEMO-DEV-3787,153,2022-10-08T07:36:40.929Z,2026-09-18T00:57:08.308Z
DEMO-DEV-3789,153,2022-10-01T13:03:39.250Z,2026-09-27T09:32:55.778Z
DEMO-DEV-3813,153,2022-10-11T19:49:37.891Z,2026-09-25T04:08:55.415Z
DEMO-DEV-3837,153,2022-10-08T00:28:20.402Z,2026-09-20T22:11:21.325Z
DEMO-DEV-3878,153,2022-10-01T19:31:33.676Z,2026-09-28T05:30:55.968Z
DEMO-DEV-3880,153,2022-10-09T15:55:56.524Z,2026-09-19T10:30:41.605Z
DEMO-DEV-3915,153,2022-10-11T21:03:16.120Z,2026-09-13T10:38:02.208Z
DEMO-DEV-3922,153,2022-10-09T04:20:12.443Z,2026-09-15T16:28:59.470Z
DEMO-DEV-3939,153,2022-10-01T14:22:11.224Z,2026-09-28T18:45:53.578Z
DEMO-DEV-4002,153,2022-10-10T20:41:29.859Z,2026-09-28T00:37:46.658Z
DEMO-DEV-4036,153,2022-10-01T15:03:00.811Z,2026-09-25T18:10:05.841Z
DEMO-DEV-4064,153,2022-10-10T19:13:07.015Z,2026-09-20T14:13:45.254Z
DEMO-DEV-4080,153,2022-10-06T18:02:39.063Z,2026-09-10T15:45:37.211Z
DEMO-DEV-4102,153,2022-10-19T20:16:47.470Z,2026-09-30T08:16:02.676Z
DEMO-DEV-4135,153,2022-10-01T15:39:15.497Z,2026-09-23T18:34:22.843Z
DEMO-DEV-4147,153,2022-10-16T00:01:59.682Z,2026-09-03T07:06:08.161Z
DEMO-DEV-4270,153,2022-10-01T17:01:31.859Z,2026-09-25T22:29:26.189Z
DEMO-DEV-4279,153,2022-10-04T20:34:12.719Z,2026-09-16T20:03:34.014Z
DEMO-DEV-4315,153,2022-10-09T13:07:32.865Z,2026-08-08T17:04:35.394Z
DEMO-DEV-4330,153,2022-10-03T14:35:13.211Z,2026-09-26T20:49:17.075Z
DEMO-DEV-4384,153,2022-10-10T07:56:15.218Z,2026-09-22T17:07:25.319Z
DEMO-DEV-4402,153,2022-10-03T02:55:54.754Z,2026-09-06T23:02:33.965Z
DEMO-DEV-4408,153,2022-10-02T14:06:31.639Z,2026-09-03T14:48:37.173Z
DEMO-DEV-4414,153,2022-10-25T05:54:16.203Z,2026-09-30T03:48:47.370Z
DEMO-DEV-4432,153,2022-10-20T01:00:38.205Z,2026-09-28T04:29:20.636Z
DEMO-DEV-4464,153,2022-10-01T16:48:05.120Z,2026-09-29T03:50:25.183Z
DEMO-DEV-4489,153,2022-10-13T21:19:34.150Z,2026-09-27T14:41:19.692Z
DEMO-DEV-4498,153,2022-10-04T11:49:25.023Z,2026-09-25T12:19:23.472Z
DEMO-DEV-4612,153,2022-10-28T00:37:04.021Z,2026-09-14T00:24:02.646Z
DEMO-DEV-4654,153,2022-10-03T00:27:12.676Z,2026-09-17T14:59:33.075Z
DEMO-DEV-4745,153,2022-10-16T11:52:57.021Z,2026-09-17T08:14:16.160Z
DEMO-DEV-4748,153,2022-10-04T22:01:52.352Z,2026-09-29T05:02:24.239Z
DEMO-DEV-4786,153,2022-10-15T10:21:52.793Z,2026-09-18T01:45:05.366Z
DEMO-DEV-4825,153,2022-10-01T09:49:56.370Z,2026-09-29T21:31:14.123Z
DEMO-DEV-4907,153,2022-10-11T07:36:03.545Z,2026-09-27T19:29:32.865Z
DEMO-DEV-4908,153,2022-10-07T01:02:50.442Z,2026-09-22T16:30:50.325Z
DEMO-DEV-4922,153,2022-10-11T05:29:28.208Z,2026-09-27T01:46:48.782Z
DEMO-DEV-4933,153,2022-10-08T00:18:20.648Z,2026-09-27T14:42:35.879Z
DEMO-DEV-4936,153,2022-10-05T18:39:39.204Z,2026-09-10T04:31:05.357Z
DEMO-DEV-4978,153,2022-10-14T11:52:26.511Z,2026-09-27T23:45:49.077Z
DEMO-DEV-5035,153,2022-10-15T02:11:25.682Z,2026-09-29T14:41:18.402Z
DEMO-DEV-5038,153,2022-10-06T11:38:09.390Z,2026-09-18T11:35:11.021Z
DEMO-DEV-5048,153,2022-10-03T23:33:23.692Z,2026-09-22T16:35:08.985Z
DEMO-DEV-5053,153,2022-10-16T03:41:29.368Z,2026-09-21T06:05:09.289Z
DEMO-DEV-5097,153,2022-10-03T20:43:10.455Z,2026-09-30T07:07:02.989Z
DEMO-DEV-5121,153,2022-11-22T19:00:54.710Z,2026-09-18T15:09:31.948Z
DEMO-DEV-5122,153,2022-10-12T21:16:54.859Z,2026-09-13T11:09:06.236Z
DEMO-DEV-5186,153,2022-10-02T14:47:30.308Z,2026-09-20T15:51:49.843Z
DEMO-DEV-5198,153,2022-10-01T19:31:24.653Z,2026-09-10T01:01:50.710Z
DEMO-DEV-5206,153,2022-10-16T12:54:46.446Z,2026-09-26T02:05:12.926Z
DEMO-DEV-5223,153,2022-10-06T12:52:37.578Z,2026-09-03T19:52:02.238Z
DEMO-DEV-5226,153,2022-10-21T16:07:10.612Z,2026-09-27T04:27:04.234Z
DEMO-DEV-5241,153,2022-10-14T14:36:30.816Z,2026-09-28T08:53:36.345Z
DEMO-DEV-5285,153,2022-10-18T13:05:48.370Z,2026-09-16T20:08:43.784Z
DEMO-DEV-5326,153,2022-10-14T08:41:30.661Z,2026-09-24T09:10:10.319Z
DEMO-DEV-5334,153,2022-10-11T13:35:12.692Z,2026-09-11T07:52:20.365Z
DEMO-DEV-5391,153,2022-10-06T23:46:39.485Z,2026-09-21T04:36:52.877Z
DEMO-DEV-5480,153,2022-10-10T00:10:49.466Z,2026-09-27T15:27:06.817Z
DEMO-DEV-5482,153,2022-10-09T17:22:45.817Z,2026-09-22T19:59:32.804Z
DEMO-DEV-5556,153,2022-10-03T15:25:54.738Z,2026-09-27T04:40:55.879Z
DEMO-DEV-5574,153,2022-10-04T07:37:54.037Z,2026-09-26T04:22:04.666Z
DEMO-DEV-5609,153,2022-10-27T13:18:04.914Z,2026-09-27T15:22:10.503Z
DEMO-DEV-5663,153,2022-10-24T01:10:36.221Z,2026-09-27T19:01:10.868Z
DEMO-DEV-5747,153,2022-10-03T08:20:45.639Z,2026-09-30T00:58:34.976Z
DEMO-DEV-5762,153,2022-10-04T15:31:52.578Z,2026-09-28T23:35:13.584Z
DEMO-DEV-5795,153,2022-10-04T05:56:45.676Z,2026-09-27T13:44:41.976Z
DEMO-DEV-5804,153,2022-10-09T20:19:27.692Z,2026-09-27T11:34:07.612Z
DEMO-DEV-5822,153,2022-10-05T07:00:19.868Z,2026-09-24T09:17:35.172Z
DEMO-DEV-5844,153,2022-10-27T23:33:05.803Z,2026-08-20T09:24:54.727Z
DEMO-DEV-5872,153,2022-10-30T11:52:50.864Z,2026-09-29T04:06:47.315Z
DEMO-DEV-5973,153,2022-10-04T11:27:47.692Z,2026-09-28T07:12:39.578Z
DEMO-DEV-6010,153,2022-10-11T02:22:22.968Z,2026-09-27T18:06:14.319Z
DEMO-DEV-6068,153,2022-10-23T01:53:15.368Z,2026-09-29T12:15:18.926Z
DEMO-DEV-6130,153,2022-10-03T08:54:55.370Z,2026-09-22T02:02:17.885Z
DEMO-DEV-6173,153,2022-11-08T14:00:48.658Z,2026-09-24T06:46:00.397Z
DEMO-DEV-6210,153,2022-10-01T23:02:33.302Z,2026-09-24T11:00:10.337Z
DEMO-DEV-6216,153,2022-10-07T06:51:22.607Z,2026-09-27T16:23:56.268Z
DEMO-DEV-6243,153,2022-10-03T22:46:30.817Z,2026-09-08T07:10:17.873Z
DEMO-DEV-6369,153,2022-10-02T05:11:33.390Z,2026-09-04T03:32:25.068Z
DEMO-DEV-6420,153,2022-11-03T00:48:53.535Z,2026-09-29T14:54:20.646Z
DEMO-DEV-6457,153,2022-10-07T13:19:06.021Z,2026-09-21T19:53:33.786Z
DEMO-DEV-6458,153,2022-10-09T21:57:56.462Z,2026-09-27T21:31:29.087Z
DEMO-DEV-6459,153,2022-10-02T00:11:25.676Z,2026-09-29T10:34:29.842Z
DEMO-DEV-6470,153,2022-10-07T16:54:14.165Z,2026-09-30T01:58:37.511Z
DEMO-DEV-6607,153,2022-10-09T03:16:16.591Z,2026-09-30T02:41:17.989Z
DEMO-DEV-6613,153,2022-10-05T02:37:38.080Z,2026-09-28T19:00:19.073Z
DEMO-DEV-6652,153,2022-10-12T08:34:43.004Z,2026-09-21T14:23:08.867Z
DEMO-DEV-6693,153,2022-10-06T06:05:17.863Z,2026-09-20T20:31:32.391Z
DEMO-DEV-6810,153,2022-10-03T21:25:24.969Z,2026-09-21T13:28:01.443Z
DEMO-DEV-6832,153,2022-10-28T19:01:49.765Z,2026-09-16T00:45:54.307Z
DEMO-DEV-6885,153,2023-01-11T00:51:58.246Z,2026-09-22T06:07:40.203Z
DEMO-DEV-7047,153,2022-10-11T17:31:32.661Z,2026-08-31T14:56:05.786Z
DEMO-DEV-7066,153,2022-10-08T08:51:58.021Z,2026-09-16T07:20:41.234Z
DEMO-DEV-7168,153,2022-10-11T17:52:06.172Z,2026-09-29T18:01:06.778Z
DEMO-DEV-7174,153,2022-10-01T23:28:23.653Z,2026-09-18T07:44:52.236Z
DEMO-DEV-7441,153,2022-10-06T21:38:49.238Z,2026-09-29T18:55:04.974Z
DEMO-DEV-7457,153,2022-10-03T09:32:24.817Z,2026-09-24T07:47:40.636Z
DEMO-DEV-7512,153,2022-10-03T22:16:21.319Z,2026-09-16T12:38:32.825Z
DEMO-DEV-7522,153,2022-10-24T17:30:49.568Z,2026-09-26T03:27:05.965Z
DEMO-DEV-7617,153,2022-10-04T04:02:30.612Z,2026-08-25T06:24:21.710Z
DEMO-DEV-7639,153,2022-10-01T18:40:07.134Z,2026-09-12T22:01:25.738Z
DEMO-DEV-7655,153,2022-10-02T04:02:40.409Z,2026-09-26T09:31:20.527Z
DEMO-DEV-7688,153,2022-10-05T19:30:21.368Z,2026-09-25T21:04:09.929Z
DEMO-DEV-7703,153,2022-10-08T22:36:02.302Z,2026-09-24T03:52:51.966Z
DEMO-DEV-7714,153,2022-10-28T20:56:16.811Z,2026-09-12T15:17:41.288Z
DEMO-DEV-7788,153,2022-10-15T19:16:33.391Z,2026-09-21T22:39:12.646Z
DEMO-DEV-7813,153,2022-10-04T15:26:07.138Z,2026-09-15T04:00:41.189Z
DEMO-DEV-7822,153,2022-10-30T04:51:24.863Z,2026-09-12T12:20:55.087Z
DEMO-DEV-7921,153,2022-10-02T02:44:56.288Z,2026-09-25T08:27:45.014Z
DEMO-DEV-7974,153,2022-10-12T03:23:15.599Z,2026-08-26T20:02:12.183Z
DEMO-DEV-7999,153,2022-10-10T05:00:12.968Z,2026-09-26T06:47:16.804Z
DEMO-DEV-8000,153,2022-10-02T14:35:38.727Z,2026-09-28T20:59:22.325Z
DEMO-DEV-8014,153,2022-10-08T00:12:54.428Z,2026-09-22T21:36:07.493Z
DEMO-DEV-8051,153,2022-10-10T16:58:03.014Z,2026-09-27T05:03:07.021Z
DEMO-DEV-8147,153,2022-10-05T00:24:00.208Z,2026-09-17T12:40:52.352Z
DEMO-DEV-8174,153,2022-10-18T07:35:51.989Z,2026-09-12T08:18:43.232Z
DEMO-DEV-8192,153,2022-10-01T22:44:32.485Z,2026-09-26T08:52:29.868Z
DEMO-DEV-8211,153,2022-10-07T03:44:52.345Z,2026-09-18T15:05:09.618Z
DEMO-DEV-8220,153,2022-10-25T20:27:35.397Z,2026-09-16T18:08:32.950Z
DEMO-DEV-8256,153,2022-10-03T02:03:46.354Z,2026-09-19T21:47:16.063Z
DEMO-DEV-8300,153,2022-12-26T07:26:27.806Z,2026-09-10T05:16:35.298Z
DEMO-DEV-8326,153,2022-10-09T17:04:29.692Z,2026-09-19T08:52:48.291Z
DEMO-DEV-8329,153,2022-10-11T03:25:06.636Z,2026-09-23T17:59:23.139Z
DEMO-DEV-8340,153,2022-10-02T14:25:49.948Z,2026-09-24T17:01:39.226Z
DEMO-DEV-8355,153,2022-10-01T12:04:51.366Z,2026-09-17T16:53:19.234Z
DEMO-DEV-8399,153,2022-10-26T19:04:56.272Z,2026-09-22T02:17:37.817Z
DEMO-DEV-8411,153,2022-10-18T02:54:30.087Z,2026-09-17T10:52:40.442Z
DEMO-DEV-8426,153,2022-10-04T18:18:17.319Z,2026-09-28T00:07:24.511Z
DEMO-DEV-8482,153,2022-10-01T15:42:25.138Z,2026-09-21T17:39:06.315Z
DEMO-DEV-8490,153,2022-10-07T05:19:38.230Z,2026-09-18T03:45:13.612Z
DEMO-DEV-8495,153,2022-10-04T14:57:56.500Z,2026-09-28T07:34:16.989Z
DEMO-DEV-8524,153,2022-10-06T09:48:37.288Z,2026-09-25T15:27:19.803Z
DEMO-DEV-8558,153,2022-10-02T19:08:43.352Z,2026-09-22T21:52:27.246Z
DEMO-DEV-8582,153,2022-10-07T06:56:51.183Z,2026-09-30T04:31:06.976Z
DEMO-DEV-8690,153,2022-10-06T13:23:31.057Z,2026-09-23T17:58:10.337Z
DEMO-DEV-8692,153,2022-10-03T06:49:02.268Z,2026-09-16T10:52:26.727Z
DEMO-DEV-8701,153,2022-10-04T18:15:25.859Z,2026-08-30T14:04:19.508Z
DEMO-DEV-8717,153,2022-10-02T01:02:43.073Z,2026-09-27T02:15:31.865Z
DEMO-DEV-8727,153,2022-10-03T18:07:45.442Z,2026-09-26T05:19:06.087Z
DEMO-DEV-8742,153,2022-10-07T06:10:50.992Z,2026-09-27T22:58:53.817Z
DEMO-DEV-8754,153,2022-10-24T04:50:37.500Z,2026-09-10T06:52:00.969Z
DEMO-DEV-8799,153,2022-10-07T23:28:13.885Z,2026-09-25T15:09:17.992Z
DEMO-DEV-8875,153,2022-10-23T12:58:26.203Z,2026-09-20T02:12:45.825Z
DEMO-DEV-8886,153,2022-10-11T19:19:37.545Z,2026-09-29T18:26:28.968Z
DEMO-DEV-9109,153,2022-10-04T21:48:07.120Z,2026-09-16T08:18:49.308Z
DEMO-DEV-9210,153,2022-10-05T19:03:12.211Z,2026-09-16T05:39:40.825Z
DEMO-DEV-9229,153,2022-10-25T09:20:36.272Z,2026-09-16T16:14:55.057Z
DEMO-DEV-9244,153,2022-10-07T10:17:56.204Z,2026-09-13T18:36:49.891Z
DEMO-DEV-9246,153,2022-10-05T19:38:00.167Z,2026-09-29T01:23:37.139Z
DEMO-DEV-9250,153,2022-10-02T06:08:49.087Z,2026-09-19T06:07:59.568Z
DEMO-DEV-9307,153,2022-10-21T20:20:37.211Z,2026-09-22T02:41:52.873Z
DEMO-DEV-9328,153,2022-10-02T20:38:22.786Z,2026-09-28T18:22:10.668Z
DEMO-DEV-9459,153,2022-10-02T09:38:18.824Z,2026-09-17T22:35:10.599Z
DEMO-DEV-9501,153,2022-10-05T11:06:19.555Z,2026-09-17T23:29:01.508Z
DEMO-DEV-9513,153,2022-10-09T07:12:44.505Z,2026-09-17T09:49:17.120Z
DEMO-DEV-9583,153,2022-10-03T18:56:35.666Z,2026-09-12T23:34:12.021Z
DEMO-DEV-9592,153,2022-10-05T10:48:08.337Z,2026-09-16T00:01:21.578Z
DEMO-DEV-9656,153,2022-10-21T19:31:00.390Z,2026-09-13T06:46:16.134Z
DEMO-DEV-9659,153,2022-10-07T21:01:41.403Z,2026-09-11T18:36:50.692Z
DEMO-DEV-9704,153,2022-10-26T19:39:06.785Z,2026-09-09T18:01:24.226Z
DEMO-DEV-9738,153,2022-10-05T03:47:01.443Z,2026-09-29T19:21:59.160Z
DEMO-DEV-9800,153,2022-10-22T11:45:04.867Z,2026-09-28T04:47:42.519Z
DEMO-DEV-9908,153,2022-10-10T00:44:52.816Z,2026-09-15T19:10:03.493Z
DEMO-DEV-9912,153,2022-10-08T06:03:49.661Z,2026-09-03T22:43:13.345Z
DEMO-DEV-9966,153,2022-10-09T07:37:33.976Z,2026-09-25T03:04:07.578Z
DEMO-DEV-0185,152,2022-10-23T22:45:03.268Z,2026-09-23T20:17:59.968Z
DEMO-DEV-0201,152,2022-10-01T14:11:23.811Z,2026-09-26T10:14:48.799Z
DEMO-DEV-0237,152,2022-10-10T23:55:33.205Z,2026-09-23T18:34:36.014Z
DEMO-DEV-0385,152,2022-10-03T21:12:37.068Z,2026-09-29T04:57:12.345Z
DEMO-DEV-0502,152,2022-10-03T04:45:30.804Z,2026-09-25T07:27:49.352Z
DEMO-DEV-0543,152,2022-10-22T08:44:17.969Z,2026-09-27T12:50:01.352Z
DEMO-DEV-0582,152,2022-10-12T07:04:36.253Z,2026-09-24T02:37:28.190Z
DEMO-DEV-0583,152,2022-10-02T14:23:18.524Z,2026-09-29T14:58:18.842Z
DEMO-DEV-0652,152,2022-10-11T09:08:44.639Z,2026-09-27T06:24:13.183Z
DEMO-DEV-0727,152,2022-10-08T01:56:24.075Z,2026-09-11T22:37:33.264Z
DEMO-DEV-0787,152,2022-10-04T10:17:17.666Z,2026-09-11T13:36:57.752Z
DEMO-DEV-0814,152,2022-10-02T05:19:29.948Z,2026-09-28T03:18:58.370Z
DEMO-DEV-0815,152,2022-10-04T06:09:38.841Z,2026-09-17T18:05:08.599Z
DEMO-DEV-0849,152,2022-10-07T12:28:34.976Z,2026-09-03T01:08:04.075Z
DEMO-DEV-0899,152,2022-11-09T00:07:16.073Z,2026-09-28T16:24:28.519Z
DEMO-DEV-0973,152,2022-10-07T11:46:14.873Z,2026-09-12T23:18:56.524Z
DEMO-DEV-1071,152,2022-10-12T11:26:51.612Z,2026-09-25T22:56:47.877Z
DEMO-DEV-1089,152,2022-10-14T01:23:47.428Z,2026-09-22T05:03:08.605Z
DEMO-DEV-1091,152,2022-10-06T08:25:33.682Z,2026-09-15T06:02:28.648Z
DEMO-DEV-1118,152,2022-10-21T20:23:21.189Z,2026-09-16T11:23:14.485Z
DEMO-DEV-1151,152,2022-10-15T22:28:25.966Z,2026-09-18T01:03:43.782Z
DEMO-DEV-1157,152,2022-10-27T04:05:52.302Z,2026-09-26T04:30:56.784Z
DEMO-DEV-1323,152,2022-10-14T10:18:51.045Z,2026-08-31T12:52:39.975Z
DEMO-DEV-1328,152,2022-10-08T22:46:58.090Z,2026-09-18T15:39:02.023Z
DEMO-DEV-1350,152,2022-10-05T16:23:33.023Z,2026-09-18T15:16:46.189Z
DEMO-DEV-1363,152,2022-11-02T09:31:40.403Z,2026-08-26T19:06:32.782Z
DEMO-DEV-1412,152,2022-10-14T12:39:41.172Z,2026-09-27T07:33:32.238Z
DEMO-DEV-1417,152,2022-10-02T22:02:35.063Z,2026-09-30T07:12:19.870Z
DEMO-DEV-1453,152,2022-10-17T01:27:39.987Z,2026-09-27T13:05:03.443Z
DEMO-DEV-1492,152,2022-10-05T15:28:14.090Z,2026-09-24T19:04:55.817Z
DEMO-DEV-1546,152,2022-10-06T20:29:05.308Z,2026-09-17T17:08:48.661Z
DEMO-DEV-1575,152,2022-10-14T03:32:29.926Z,2026-09-26T10:49:20.778Z
DEMO-DEV-1643,152,2022-10-15T11:50:55.250Z,2026-08-24T15:35:19.288Z
DEMO-DEV-1709,152,2022-10-07T19:35:18.287Z,2026-09-19T12:19:43.288Z
DEMO-DEV-1758,152,2022-10-06T04:54:00.843Z,2026-09-26T14:55:25.885Z
DEMO-DEV-1803,152,2022-10-05T05:42:15.189Z,2026-09-28T15:09:23.817Z
DEMO-DEV-1805,152,2022-10-18T06:25:00.038Z,2026-09-13T01:31:58.804Z
DEMO-DEV-1824,152,2022-10-13T10:27:40.786Z,2026-09-14T11:37:40.804Z
DEMO-DEV-1833,152,2022-10-21T04:08:33.234Z,2026-09-23T06:59:30.150Z
DEMO-DEV-1856,152,2022-10-08T01:41:24.836Z,2026-09-27T21:33:52.913Z
DEMO-DEV-1890,152,2022-10-07T17:19:00.165Z,2026-09-22T20:11:33.415Z
DEMO-DEV-1897,152,2022-10-01T20:29:54.591Z,2026-09-13T19:28:21.268Z
DEMO-DEV-1912,152,2022-10-06T23:31:35.503Z,2026-09-23T01:10:38.989Z
DEMO-DEV-1970,152,2022-10-03T11:50:26.917Z,2026-09-24T20:58:25.785Z
DEMO-DEV-2000,152,2022-10-07T22:23:43.225Z,2026-08-16T09:42:56.391Z
DEMO-DEV-2071,152,2022-10-02T17:25:50.120Z,2026-09-17T10:53:05.948Z
DEMO-DEV-2277,152,2022-10-01T19:57:50.974Z,2026-09-27T10:53:33.867Z
DEMO-DEV-2335,152,2022-10-12T17:33:19.387Z,2026-09-27T18:11:29.591Z
DEMO-DEV-2357,152,2022-10-01T21:01:03.877Z,2026-09-25T14:40:38.138Z
DEMO-DEV-2473,152,2022-10-09T06:03:33.584Z,2026-09-28T12:03:30.472Z
DEMO-DEV-2493,152,2022-10-16T05:56:15.250Z,2026-09-27T04:14:56.462Z
DEMO-DEV-2516,152,2022-10-01T19:04:01.080Z,2026-09-24T06:01:57.026Z
DEMO-DEV-2580,152,2022-10-04T12:10:30.300Z,2026-09-26T18:15:49.658Z
DEMO-DEV-2620,152,2022-10-09T01:56:19.884Z,2026-09-29T07:43:54.537Z
DEMO-DEV-2648,152,2022-10-09T04:01:15.254Z,2026-09-05T20:31:43.497Z
DEMO-DEV-2675,152,2022-10-07T21:19:49.527Z,2026-09-11T21:25:15.287Z
DEMO-DEV-2704,152,2022-10-19T03:03:27.298Z,2026-09-30T08:04:21.926Z
DEMO-DEV-2717,152,2022-10-10T00:39:37.966Z,2026-09-21T06:24:45.288Z
DEMO-DEV-2747,152,2022-10-18T23:06:27.160Z,2026-09-30T02:46:10.646Z
DEMO-DEV-2768,152,2022-10-01T16:46:00.612Z,2026-09-15T00:49:12.291Z
DEMO-DEV-2836,152,2022-10-02T08:36:03.080Z,2026-09-26T00:02:30.230Z
DEMO-DEV-2843,152,2022-10-22T07:35:35.172Z,2026-09-20T18:17:24.653Z
DEMO-DEV-2852,152,2022-11-11T21:17:44.397Z,2026-09-26T02:36:40.865Z
DEMO-DEV-2855,152,2022-10-02T02:14:53.497Z,2026-09-13T21:30:10.218Z
DEMO-DEV-2880,152,2022-11-01T23:13:26.785Z,2026-09-27T01:01:18.236Z
DEMO-DEV-2886,152,2022-10-06T23:36:15.519Z,2026-09-06T09:30:41.272Z
DEMO-DEV-2996,152,2022-10-23T14:17:35.584Z,2026-09-24T18:07:46.508Z
DEMO-DEV-3040,152,2022-10-12T02:23:48.319Z,2026-09-27T22:13:09.658Z
DEMO-DEV-3108,152,2022-10-05T11:25:37.077Z,2026-09-17T11:36:55.021Z
DEMO-DEV-3113,152,2022-10-08T21:24:21.792Z,2026-09-16T19:56:52.337Z
DEMO-DEV-3146,152,2022-10-12T07:31:35.172Z,2026-09-23T09:59:09.817Z
DEMO-DEV-3154,152,2022-10-09T20:35:07.221Z,2026-09-13T12:55:51.599Z
DEMO-DEV-3183,152,2022-10-03T11:45:57.727Z,2026-09-22T14:03:23.868Z
DEMO-DEV-3185,152,2022-10-07T03:23:12.682Z,2026-09-17T14:50:41.778Z
DEMO-DEV-3392,152,2022-10-08T18:48:19.786Z,2026-09-17T22:57:38.337Z
DEMO-DEV-3485,152,2022-10-09T03:48:32.842Z,2026-09-22T19:30:33.913Z
DEMO-DEV-3532,152,2022-10-06T07:05:53.738Z,2026-09-29T07:54:01.460Z
DEMO-DEV-3596,152,2022-10-02T13:03:41.460Z,2026-09-17T07:32:55.519Z
DEMO-DEV-3620,152,2022-10-14T14:41:50.914Z,2026-09-21T11:09:46.302Z
DEMO-DEV-3710,152,2022-10-23T10:53:12.524Z,2026-09-25T09:56:53.173Z
DEMO-DEV-3774,152,2022-10-08T10:33:58.428Z,2026-09-28T12:50:02.524Z
DEMO-DEV-3776,152,2022-10-01T10:53:01.446Z,2026-09-22T09:47:07.949Z
DEMO-DEV-3792,152,2022-10-15T06:28:47.975Z,2026-09-19T20:28:28.974Z
DEMO-DEV-3820,152,2022-10-13T21:44:09.804Z,2026-09-10T22:35:18.268Z
DEMO-DEV-3854,152,2022-10-06T00:59:40.268Z,2026-09-18T21:10:01.825Z
DEMO-DEV-3968,152,2022-10-02T01:01:48.867Z,2026-09-22T16:33:24.253Z
DEMO-DEV-4011,152,2022-10-08T17:56:07.024Z,2026-09-02T23:05:36.365Z
DEMO-DEV-4031,152,2022-10-03T20:46:45.134Z,2026-09-25T04:13:42.462Z
DEMO-DEV-4089,152,2022-11-02T05:56:21.253Z,2026-09-23T17:15:23.738Z
DEMO-DEV-4112,152,2022-10-06T19:42:40.599Z,2026-09-27T16:41:48.811Z
DEMO-DEV-4119,152,2022-10-01T12:42:23.692Z,2026-09-29T21:24:44.368Z
DEMO-DEV-4159,152,2022-10-15T09:41:10.987Z,2026-09-25T17:20:28.172Z
DEMO-DEV-4167,152,2022-10-12T22:30:46.612Z,2026-09-26T10:14:02.885Z
DEMO-DEV-4178,152,2022-10-16T16:52:14.824Z,2026-09-26T15:21:15.302Z
DEMO-DEV-4225,152,2022-10-08T03:01:12.254Z,2026-09-25T11:15:43.914Z
DEMO-DEV-4317,152,2022-10-04T18:10:36.607Z,2026-09-22T17:37:33.636Z
DEMO-DEV-4333,152,2022-10-06T14:29:22.368Z,2026-09-25T20:54:23.948Z
DEMO-DEV-4358,152,2022-10-07T14:58:27.428Z,2026-09-15T14:52:20.511Z
DEMO-DEV-4366,152,2022-10-12T15:46:22.682Z,2026-09-14T19:30:42.015Z
DEMO-DEV-4375,152,2022-10-09T04:41:15.688Z,2026-09-24T10:05:59.513Z
DEMO-DEV-4452,152,2022-10-07T04:07:47.597Z,2026-09-12T20:54:09.238Z
DEMO-DEV-4481,152,2022-10-04T01:26:41.354Z,2026-09-13T19:27:10.366Z
DEMO-DEV-4504,152,2022-11-05T17:59:41.073Z,2026-09-29T16:56:46.368Z
DEMO-DEV-4539,152,2022-10-12T06:38:07.785Z,2026-09-20T11:19:22.485Z
DEMO-DEV-4583,152,2022-10-08T05:38:49.345Z,2026-09-22T14:53:58.885Z
DEMO-DEV-4614,152,2022-10-21T19:02:11.782Z,2026-09-30T07:30:48.786Z
DEMO-DEV-4634,152,2022-10-05T20:57:36.250Z,2026-09-21T10:07:21.950Z
DEMO-DEV-4666,152,2022-10-08T10:58:39.150Z,2026-09-29T14:54:02.337Z
DEMO-DEV-4688,152,2022-10-08T02:18:48.370Z,2026-09-24T07:45:48.080Z
DEMO-DEV-4708,152,2022-10-23T14:27:32.950Z,2026-09-16T04:16:46.403Z
DEMO-DEV-4746,152,2022-10-01T20:24:51.203Z,2026-09-10T13:28:58.254Z
DEMO-DEV-4762,152,2022-10-06T20:12:36.403Z,2026-09-16T03:36:12.161Z
DEMO-DEV-4777,152,2022-10-21T02:42:43.612Z,2026-09-12T13:46:21.027Z
DEMO-DEV-4797,152,2022-10-05T00:04:57.966Z,2026-09-15T12:03:48.415Z
DEMO-DEV-4877,152,2022-10-02T15:50:24.075Z,2026-09-27T18:04:14.646Z
DEMO-DEV-4898,152,2022-10-12T18:16:16.612Z,2026-09-27T09:14:55.863Z
DEMO-DEV-4945,152,2022-10-03T17:59:57.402Z,2026-09-19T22:02:00.161Z
DEMO-DEV-4971,152,2022-10-25T05:43:36.929Z,2026-09-23T09:33:02.702Z
DEMO-DEV-5029,152,2022-10-08T16:20:45.497Z,2026-09-29T18:40:12.015Z
DEMO-DEV-5056,152,2022-10-04T10:30:04.710Z,2026-09-18T05:52:19.993Z
DEMO-DEV-5065,152,2022-10-02T21:19:51.792Z,2026-09-28T06:38:50.470Z
DEMO-DEV-5159,152,2022-10-21T04:38:19.315Z,2026-09-29T13:30:29.150Z
DEMO-DEV-5176,152,2022-10-17T08:03:01.368Z,2026-09-22T00:33:11.205Z
DEMO-DEV-5179,152,2022-10-14T11:00:09.555Z,2026-09-18T02:51:22.836Z
DEMO-DEV-5189,152,2022-10-25T12:47:19.462Z,2026-09-27T06:22:25.524Z
DEMO-DEV-5205,152,2022-11-03T23:58:23.714Z,2026-09-22T21:01:32.027Z
DEMO-DEV-5210,152,2022-10-07T11:20:15.073Z,2026-09-16T10:56:00.891Z
DEMO-DEV-5275,152,2022-10-07T10:36:05.846Z,2026-09-23T08:12:16.352Z
DEMO-DEV-5279,152,2022-10-27T03:58:54.470Z,2026-09-25T13:29:46.203Z
DEMO-DEV-5321,152,2022-10-04T06:51:37.403Z,2026-09-18T22:31:24.653Z
DEMO-DEV-5323,152,2022-10-05T15:33:21.535Z,2026-09-20T00:20:21.926Z
DEMO-DEV-5330,152,2022-10-07T21:10:40.268Z,2026-09-16T06:11:25.806Z
DEMO-DEV-5357,152,2022-10-03T12:28:32.172Z,2026-09-20T13:11:14.026Z
DEMO-DEV-5365,152,2022-10-02T04:34:21.397Z,2026-09-22T22:44:35.799Z
DEMO-DEV-5383,152,2022-10-03T21:27:51.503Z,2026-09-27T04:23:53.470Z
DEMO-DEV-5385,152,2022-10-06T03:50:00.120Z,2026-09-25T03:27:12.782Z
DEMO-DEV-5403,152,2022-10-28T11:45:56.537Z,2026-09-28T01:57:40.203Z
DEMO-DEV-5405,152,2022-10-09T03:04:41.205Z,2026-09-22T09:27:02.735Z
DEMO-DEV-5415,152,2022-10-04T20:01:09.224Z,2026-09-17T07:43:26.612Z
DEMO-DEV-5472,152,2022-10-10T02:48:36.493Z,2026-09-26T16:22:09.778Z
DEMO-DEV-5514,152,2022-10-11T09:15:44.524Z,2026-09-09T07:25:12.415Z
DEMO-DEV-5529,152,2022-10-04T10:04:56.784Z,2026-09-25T23:19:47.252Z
DEMO-DEV-5550,152,2022-10-06T01:19:18.315Z,2026-09-20T12:11:19.027Z
DEMO-DEV-5703,152,2022-10-10T16:21:57.784Z,2026-09-29T01:54:37.965Z
DEMO-DEV-5858,152,2022-10-01T17:48:17.003Z,2026-09-28T05:04:08.513Z
DEMO-DEV-5863,152,2022-10-01T13:34:29.648Z,2026-09-20T06:37:00.500Z
DEMO-DEV-5876,152,2022-10-06T22:06:15.232Z,2026-09-28T14:11:28.719Z
DEMO-DEV-5879,152,2022-10-06T17:13:25.387Z,2026-09-05T08:10:31.075Z
DEMO-DEV-5932,152,2022-10-04T16:33:37.226Z,2026-09-26T18:34:40.287Z
DEMO-DEV-5990,152,2022-10-05T20:22:19.992Z,2026-09-25T01:36:36.352Z
DEMO-DEV-6009,152,2022-10-02T06:15:33.786Z,2026-09-18T21:45:43.403Z
DEMO-DEV-6055,152,2022-10-21T10:12:07.015Z,2026-09-25T16:49:58.075Z
DEMO-DEV-6160,152,2022-10-03T23:01:22.913Z,2026-09-16T10:54:44.870Z
DEMO-DEV-6225,152,2022-10-02T14:59:41.545Z,2026-09-27T01:19:44.612Z
DEMO-DEV-6232,152,2022-10-15T18:56:13.842Z,2026-09-29T04:04:55.493Z
DEMO-DEV-6242,152,2022-10-01T19:06:33.268Z,2026-09-30T01:29:23.965Z
DEMO-DEV-6274,152,2022-10-09T18:28:05.073Z,2026-09-25T15:54:00.599Z
DEMO-DEV-6316,152,2022-10-02T10:25:21.778Z,2026-09-21T18:07:43.782Z
DEMO-DEV-6321,152,2022-10-21T15:36:22.806Z,2026-09-28T00:26:35.992Z
DEMO-DEV-6325,152,2022-10-03T03:23:44.917Z,2026-09-06T23:51:18.503Z
DEMO-DEV-6356,152,2022-10-04T06:24:34.014Z,2026-09-22T21:57:28.120Z
DEMO-DEV-6408,152,2022-10-09T09:54:25.224Z,2026-09-13T23:54:20.523Z
DEMO-DEV-6428,152,2022-10-08T06:57:19.168Z,2026-09-25T19:18:41.428Z
DEMO-DEV-6542,152,2022-10-07T03:48:06.885Z,2026-09-21T18:28:17.368Z
DEMO-DEV-6632,152,2022-10-13T20:59:58.307Z,2026-09-07T21:44:51.511Z
DEMO-DEV-6657,152,2022-10-07T16:14:37.868Z,2026-09-17T03:30:03.754Z
DEMO-DEV-6659,152,2022-10-09T16:41:50.825Z,2026-09-01T20:37:32.929Z
DEMO-DEV-6732,152,2022-11-14T03:31:52.612Z,2026-09-22T23:11:39.390Z
DEMO-DEV-6769,152,2022-10-07T16:28:42.811Z,2026-09-29T06:47:32.719Z
DEMO-DEV-6775,152,2022-10-05T16:02:58.300Z,2026-09-27T14:51:05.868Z
DEMO-DEV-6778,152,2022-10-02T18:01:19.786Z,2026-09-18T00:19:40.692Z
DEMO-DEV-6824,152,2022-10-31T01:39:56.618Z,2026-09-21T19:14:43.368Z
DEMO-DEV-6861,152,2022-10-01T20:41:58.917Z,2026-09-23T15:21:49.455Z
DEMO-DEV-6873,152,2022-10-14T02:27:14.863Z,2026-09-09T15:50:23.139Z
DEMO-DEV-6891,152,2022-10-01T11:32:34.778Z,2026-09-21T03:34:42.877Z
DEMO-DEV-6933,152,2022-10-06T17:56:39.537Z,2026-09-30T02:50:44.428Z
DEMO-DEV-6962,152,2022-10-20T04:35:17.403Z,2026-09-05T20:45:41.568Z
DEMO-DEV-7096,152,2022-10-05T17:15:38.710Z,2026-09-27T06:29:04.917Z
DEMO-DEV-7116,152,2022-10-08T03:28:48.254Z,2026-09-10T17:25:32.505Z
DEMO-DEV-7118,152,2022-10-03T17:07:26.865Z,2026-09-16T14:54:40.591Z
DEMO-DEV-7219,152,2022-10-03T07:40:36.968Z,2026-09-23T19:16:03.836Z
DEMO-DEV-7254,152,2022-10-09T14:23:13.073Z,2026-09-28T00:17:34.236Z
DEMO-DEV-7282,152,2022-10-12T05:04:11.799Z,2026-09-26T11:04:30.727Z
DEMO-DEV-7311,152,2022-10-09T08:56:56.948Z,2026-09-16T14:01:24.556Z
DEMO-DEV-7449,152,2022-10-03T19:48:11.014Z,2026-09-27T16:09:41.168Z
DEMO-DEV-7463,152,2022-10-05T22:23:37.319Z,2026-09-24T05:33:39.969Z
DEMO-DEV-7516,152,2022-10-22T05:09:26.738Z,2026-09-22T11:10:41.950Z
DEMO-DEV-7541,152,2022-10-10T22:52:12.993Z,2026-09-26T02:08:32.784Z
DEMO-DEV-7581,152,2022-10-06T12:15:37.192Z,2026-09-17T08:05:19.354Z
DEMO-DEV-7623,152,2022-10-02T16:47:42.221Z,2026-08-26T21:41:04.557Z
DEMO-DEV-7659,152,2022-10-05T23:53:22.460Z,2026-09-29T07:16:51.806Z
DEMO-DEV-7706,152,2022-10-05T08:53:32.120Z,2026-09-29T07:43:19.308Z
DEMO-DEV-7720,152,2022-10-06T12:09:06.026Z,2026-09-28T12:32:29.470Z
DEMO-DEV-7735,152,2022-10-20T17:25:02.354Z,2026-09-26T07:06:50.172Z
DEMO-DEV-7749,152,2022-10-01T11:51:33.612Z,2026-09-23T01:44:07.120Z
DEMO-DEV-7812,152,2022-10-11T02:55:22.568Z,2026-09-30T07:36:01.843Z
DEMO-DEV-7869,152,2022-10-13T19:50:33.415Z,2026-09-11T14:59:03.160Z
DEMO-DEV-7894,152,2022-10-31T21:21:19.090Z,2026-08-25T13:42:32.232Z
DEMO-DEV-7951,152,2022-10-02T23:14:06.692Z,2026-09-10T15:24:23.302Z
DEMO-DEV-8028,152,2022-10-11T03:26:17.782Z,2026-09-15T19:07:05.219Z
DEMO-DEV-8180,152,2022-10-08T15:24:03.211Z,2026-09-27T02:43:49.497Z
DEMO-DEV-8184,152,2022-10-09T07:58:04.658Z,2026-09-21T17:45:15.165Z
DEMO-DEV-8294,152,2022-10-10T21:08:29.063Z,2026-09-19T14:36:25.735Z
DEMO-DEV-8372,152,2022-10-10T12:19:26.867Z,2026-09-11T15:39:59.824Z
DEMO-DEV-8376,152,2022-10-25T15:46:41.966Z,2026-09-04T19:47:59.578Z
DEMO-DEV-8410,152,2022-10-04T00:24:24.183Z,2026-09-28T20:04:11.236Z
DEMO-DEV-8415,152,2022-10-12T18:30:31.254Z,2026-09-27T11:12:28.527Z
DEMO-DEV-8509,152,2022-10-06T21:38:26.234Z,2026-09-26T03:42:17.806Z
DEMO-DEV-8522,152,2022-10-11T21:25:16.692Z,2026-09-18T13:17:51.403Z
DEMO-DEV-8573,152,2022-10-12T22:15:55.387Z,2026-09-28T20:56:50.914Z
DEMO-DEV-8614,152,2022-10-25T01:34:16.804Z,2026-09-19T12:46:48.485Z
DEMO-DEV-8620,152,2022-10-01T12:05:43.867Z,2026-09-27T08:47:34.138Z
DEMO-DEV-8641,152,2022-10-01T21:00:19.300Z,2026-09-14T12:08:11.238Z
DEMO-DEV-8696,152,2022-10-13T17:45:27.038Z,2026-09-29T23:14:01.914Z
DEMO-DEV-8709,152,2022-10-01T11:52:54.442Z,2026-09-29T16:46:51.824Z
DEMO-DEV-8738,152,2022-10-08T07:58:58.867Z,2026-09-26T02:44:49.870Z
DEMO-DEV-8760,152,2022-10-07T12:07:40.825Z,2026-09-29T21:38:15.428Z
DEMO-DEV-8771,152,2022-10-16T05:56:54.264Z,2026-09-28T17:07:54.646Z
DEMO-DEV-8813,152,2022-10-03T06:57:29.391Z,2026-09-29T14:24:46.511Z
DEMO-DEV-8815,152,2022-10-23T01:45:08.607Z,2026-09-26T05:24:43.836Z
DEMO-DEV-8916,152,2022-10-11T06:24:59.298Z,2026-09-27T04:25:32.236Z
DEMO-DEV-8964,152,2022-10-05T20:33:13.040Z,2026-09-18T17:02:21.976Z
DEMO-DEV-8968,152,2022-10-05T08:51:51.466Z,2026-09-28T06:02:49.300Z
DEMO-DEV-8986,152,2022-10-01T16:58:19.618Z,2026-09-23T15:28:41.230Z
DEMO-DEV-9055,152,2022-10-01T21:52:54.289Z,2026-09-22T22:00:56.841Z
DEMO-DEV-9089,152,2022-10-14T12:52:41.584Z,2026-09-29T12:38:17.870Z
DEMO-DEV-9133,152,2022-10-04T18:26:30.653Z,2026-09-30T04:47:54.842Z
DEMO-DEV-9156,152,2022-10-10T16:50:48.466Z,2026-09-18T00:24:32.599Z
DEMO-DEV-9216,152,2022-10-09T12:45:41.738Z,2026-09-26T12:56:43.168Z
DEMO-DEV-9281,152,2022-11-07T17:50:03.653Z,2026-09-11T10:00:40.885Z
DEMO-DEV-9289,152,2022-10-03T20:50:44.719Z,2026-09-12T01:19:57.015Z
DEMO-DEV-9330,152,2022-10-03T01:31:39.676Z,2026-09-29T17:00:22.792Z
DEMO-DEV-9352,152,2022-10-06T11:44:43.165Z,2026-09-23T23:06:20.190Z
DEMO-DEV-9368,152,2022-10-04T17:03:49.754Z,2026-09-09T09:26:45.612Z
DEMO-DEV-9382,152,2022-10-05T15:04:37.470Z,2026-09-25T06:12:32.824Z
DEMO-DEV-9408,152,2022-10-07T10:00:15.226Z,2026-09-27T08:05:30.692Z
DEMO-DEV-9512,152,2022-10-01T11:37:13.989Z,2026-09-30T05:04:33.139Z
DEMO-DEV-9547,152,2022-10-04T17:51:30.057Z,2026-09-22T02:44:41.702Z
DEMO-DEV-9554,152,2022-10-16T16:31:38.045Z,2026-09-22T23:00:33.584Z
DEMO-DEV-9566,152,2022-10-09T10:23:32.352Z,2026-08-26T06:19:47.287Z
DEMO-DEV-9616,152,2022-10-02T15:02:31.203Z,2026-09-10T21:14:32.824Z
DEMO-DEV-9619,152,2022-10-02T06:40:10.545Z,2026-09-29T03:52:36.519Z
DEMO-DEV-9688,152,2022-10-06T18:37:07.493Z,2026-09-23T08:02:48.403Z
DEMO-DEV-9712,152,2022-11-13T09:33:44.021Z,2026-09-29T07:29:12.568Z
DEMO-DEV-9767,152,2022-10-01T23:35:03.038Z,2026-09-03T03:01:46.868Z
DEMO-DEV-9830,152,2022-10-07T07:23:49.428Z,2026-09-28T12:06:07.969Z
DEMO-DEV-9869,152,2022-10-14T09:10:41.966Z,2026-09-27T19:53:20.155Z
DEMO-DEV-0097,151,2022-10-04T12:20:03.607Z,2026-09-29T13:37:26.442Z
DEMO-DEV-0196,151,2022-10-03T15:07:31.989Z,2026-09-25T16:31:52.738Z
DEMO-DEV-0234,151,2022-10-29T23:31:19.024Z,2026-08-29T00:00:40.087Z
DEMO-DEV-0343,151,2022-10-02T07:16:28.189Z,2026-09-16T04:07:00.639Z
DEMO-DEV-0345,151,2022-10-05T15:19:09.021Z,2026-09-30T02:09:10.806Z
DEMO-DEV-0404,151,2022-10-13T04:25:22.816Z,2026-09-18T08:08:49.234Z
DEMO-DEV-0417,151,2022-10-02T22:37:46.948Z,2026-09-23T23:46:11.782Z
DEMO-DEV-0429,151,2022-10-08T23:39:37.968Z,2026-09-29T21:01:19.298Z
DEMO-DEV-0438,151,2022-10-06T15:29:00.993Z,2026-09-18T15:57:41.183Z
DEMO-DEV-0450,151,2022-10-20T08:21:04.003Z,2026-09-26T18:31:10.455Z
DEMO-DEV-0614,151,2022-10-01T20:58:02.527Z,2026-09-29T17:10:24.752Z
DEMO-DEV-0711,151,2022-10-06T20:37:41.785Z,2026-09-27T18:29:39.225Z
DEMO-DEV-0731,151,2022-10-17T21:15:18.319Z,2026-09-27T07:21:35.738Z
DEMO-DEV-0755,151,2022-10-07T13:22:55.653Z,2026-09-14T14:17:28.014Z
DEMO-DEV-0860,151,2022-10-09T00:42:27.403Z,2026-09-21T10:00:58.556Z
DEMO-DEV-0907,151,2022-10-07T22:54:15.138Z,2026-09-26T05:55:12.811Z
DEMO-DEV-0932,151,2022-10-28T17:20:07.785Z,2026-09-16T00:13:50.073Z
DEMO-DEV-1009,151,2022-10-27T15:42:33.442Z,2026-09-20T15:28:46.929Z
DEMO-DEV-1239,151,2022-10-05T18:40:06.443Z,2026-09-19T04:48:54.557Z
DEMO-DEV-1271,151,2022-10-05T13:37:30.160Z,2026-09-23T21:38:37.879Z
DEMO-DEV-1309,151,2022-10-15T08:04:33.443Z,2026-09-26T16:14:08.239Z
DEMO-DEV-1315,151,2022-10-07T05:02:05.063Z,2026-09-25T18:00:41.139Z
DEMO-DEV-1349,151,2022-10-02T22:47:45.370Z,2026-09-13T11:20:27.319Z
DEMO-DEV-1357,151,2022-10-03T10:47:54.254Z,2026-09-28T13:51:10.568Z
DEMO-DEV-1376,151,2022-10-02T12:52:44.527Z,2026-09-28T11:17:29.968Z
DEMO-DEV-1424,151,2022-10-15T01:17:48.892Z,2026-09-27T23:18:20.462Z
DEMO-DEV-1468,151,2022-10-22T17:17:01.172Z,2026-09-30T07:50:26.352Z
DEMO-DEV-1469,151,2022-10-03T01:10:06.949Z,2026-09-16T22:08:55.842Z
DEMO-DEV-1473,151,2022-10-03T07:50:21.968Z,2026-09-28T22:39:37.969Z
DEMO-DEV-1511,151,2022-10-07T23:11:39.719Z,2026-09-17T12:19:20.219Z
DEMO-DEV-1520,151,2022-10-01T14:25:58.976Z,2026-09-19T20:30:03.337Z
DEMO-DEV-1559,151,2022-10-13T11:03:28.842Z,2026-09-13T21:20:07.192Z
DEMO-DEV-1650,151,2022-10-09T11:44:26.352Z,2026-09-24T23:33:32.391Z
DEMO-DEV-1653,151,2022-10-12T17:50:42.989Z,2026-09-25T16:49:45.203Z
DEMO-DEV-1691,151,2022-10-10T00:53:28.063Z,2026-09-19T09:16:39.268Z
DEMO-DEV-1707,151,2022-10-21T01:40:27.655Z,2026-09-27T17:54:44.394Z
DEMO-DEV-1740,151,2022-10-04T18:24:32.040Z,2026-09-06T06:55:25.668Z
DEMO-DEV-1741,151,2022-10-05T17:24:04.877Z,2026-09-29T05:21:42.023Z
DEMO-DEV-1759,151,2022-10-05T04:18:47.784Z,2026-09-29T07:21:28.021Z
DEMO-DEV-1767,151,2022-10-04T10:03:09.442Z,2026-09-24T06:10:05.370Z
DEMO-DEV-1801,151,2022-10-12T07:46:35.785Z,2026-09-18T03:56:38.974Z
DEMO-DEV-1804,151,2022-10-07T01:58:36.472Z,2026-09-15T21:57:23.168Z
DEMO-DEV-1827,151,2022-10-04T08:22:00.702Z,2026-09-15T11:27:00.075Z
DEMO-DEV-1845,151,2022-10-04T11:18:27.792Z,2026-09-30T07:58:45.578Z
DEMO-DEV-1928,151,2022-10-06T23:29:36.470Z,2026-09-22T01:05:31.205Z
DEMO-DEV-1937,151,2022-10-10T23:58:10.950Z,2026-09-28T19:34:00.370Z
DEMO-DEV-1982,151,2022-10-09T06:27:27.370Z,2026-09-30T00:08:02.653Z
DEMO-DEV-1985,151,2022-10-03T14:02:27.782Z,2026-09-12T07:44:13.811Z
DEMO-DEV-2007,151,2022-10-05T01:03:09.754Z,2026-09-24T11:00:55.786Z
DEMO-DEV-2014,151,2022-10-08T13:25:01.754Z,2026-09-29T18:55:58.287Z
DEMO-DEV-2048,151,2022-10-03T10:58:04.204Z,2026-09-17T02:18:06.302Z
DEMO-DEV-2100,151,2022-10-01T23:41:47.397Z,2026-09-22T21:36:01.612Z
DEMO-DEV-2186,151,2022-10-30T07:06:09.003Z,2026-09-22T04:30:53.778Z
DEMO-DEV-2187,151,2022-10-07T22:06:45.165Z,2026-09-21T03:12:11.614Z
DEMO-DEV-2237,151,2022-10-02T22:15:43.676Z,2026-09-18T22:28:42.289Z
DEMO-DEV-2247,151,2022-10-22T16:49:26.234Z,2026-09-28T12:32:47.387Z
DEMO-DEV-2251,151,2022-10-04T19:21:20.612Z,2026-09-15T18:16:45.804Z
DEMO-DEV-2308,151,2022-10-02T11:48:35.472Z,2026-09-27T23:08:04.524Z
DEMO-DEV-2355,151,2022-10-02T13:05:01.778Z,2026-09-25T22:46:50.462Z
DEMO-DEV-2356,151,2022-10-09T21:05:09.929Z,2026-09-12T22:37:44.646Z
DEMO-DEV-2359,151,2022-11-05T22:41:57.817Z,2026-09-19T07:02:19.038Z
DEMO-DEV-2370,151,2022-10-02T23:10:27.976Z,2026-09-22T04:08:44.246Z
DEMO-DEV-2381,151,2022-11-03T13:31:03.250Z,2026-09-23T08:36:51.307Z
DEMO-DEV-2392,151,2022-10-04T21:31:27.556Z,2026-09-25T13:56:07.836Z
DEMO-DEV-2393,151,2022-10-14T10:29:19.120Z,2026-09-23T17:55:35.370Z
DEMO-DEV-2477,151,2022-11-05T03:25:14.676Z,2026-09-27T00:10:27.612Z
DEMO-DEV-2509,151,2022-10-12T14:19:29.462Z,2026-08-27T13:00:45.038Z
DEMO-DEV-2530,151,2022-10-04T16:08:53.535Z,2026-09-27T15:11:56.646Z
DEMO-DEV-2541,151,2022-10-10T03:13:44.021Z,2026-09-30T06:26:30.782Z
DEMO-DEV-2566,151,2022-10-02T01:47:52.817Z,2026-08-26T19:19:14.765Z
DEMO-DEV-2621,151,2022-10-08T12:08:15.508Z,2026-09-15T03:06:20.080Z
DEMO-DEV-2634,151,2022-10-10T09:42:45.252Z,2026-09-27T18:22:17.225Z
DEMO-DEV-2642,151,2022-10-25T04:47:49.345Z,2026-09-30T00:58:10.038Z
DEMO-DEV-2656,151,2022-10-25T05:37:52.497Z,2026-09-15T15:38:50.993Z
DEMO-DEV-2777,151,2022-10-07T01:07:05.524Z,2026-09-23T16:14:48.004Z
DEMO-DEV-2894,151,2022-10-16T13:28:24.232Z,2026-09-15T18:44:39.234Z
DEMO-DEV-2907,151,2022-10-27T19:22:36.288Z,2026-09-27T01:55:15.183Z
DEMO-DEV-2911,151,2022-10-08T17:21:59.315Z,2026-09-29T23:43:03.015Z
DEMO-DEV-2941,151,2022-10-04T06:45:13.969Z,2026-09-28T14:15:05.057Z
DEMO-DEV-2942,151,2022-10-09T09:39:48.308Z,2026-09-23T17:26:24.524Z
DEMO-DEV-2948,151,2022-10-09T23:42:15.891Z,2026-09-23T10:57:12.238Z
DEMO-DEV-3005,151,2022-10-05T20:48:18.545Z,2026-09-22T14:54:38.189Z
DEMO-DEV-3023,151,2022-10-03T17:23:03.366Z,2026-09-12T01:11:28.710Z
DEMO-DEV-3029,151,2022-10-17T03:39:19.917Z,2026-09-27T00:28:38.345Z
DEMO-DEV-3037,151,2022-10-05T21:57:35.846Z,2026-09-30T01:39:20.754Z
DEMO-DEV-3070,151,2022-10-06T06:37:10.513Z,2026-09-19T10:05:33.211Z
DEMO-DEV-3214,151,2022-10-13T20:19:00.975Z,2026-09-19T10:56:32.841Z
DEMO-DEV-3254,151,2022-10-12T05:15:28.885Z,2026-09-22T12:09:19.325Z
DEMO-DEV-3323,151,2022-10-04T14:51:35.038Z,2026-09-20T08:01:02.394Z
DEMO-DEV-3326,151,2022-10-11T09:57:29.584Z,2026-09-21T22:17:12.315Z
DEMO-DEV-3352,151,2022-10-11T01:32:36.974Z,2026-09-28T10:06:32.057Z
DEMO-DEV-3377,151,2022-10-05T01:47:53.167Z,2026-09-11T20:47:01.234Z
DEMO-DEV-3405,151,2022-10-02T00:37:04.682Z,2026-09-26T04:34:11.806Z
DEMO-DEV-3560,151,2022-10-29T21:10:16.913Z,2026-09-19T16:34:57.648Z
DEMO-DEV-3589,151,2022-10-21T05:11:01.368Z,2026-09-28T07:30:27.864Z
DEMO-DEV-3609,151,2022-10-13T23:23:35.455Z,2026-09-15T04:41:17.253Z
DEMO-DEV-3659,151,2022-10-09T17:19:27.493Z,2026-09-27T14:03:27.985Z
DEMO-DEV-3730,151,2022-11-20T08:35:41.505Z,2026-09-10T21:38:02.391Z
DEMO-DEV-3751,151,2022-10-07T20:22:15.618Z,2026-08-17T23:25:41.508Z
DEMO-DEV-3801,151,2022-10-24T11:03:55.167Z,2026-09-09T14:36:03.315Z
DEMO-DEV-3864,151,2022-10-05T23:13:48.272Z,2026-09-29T08:57:45.087Z
DEMO-DEV-3923,151,2022-10-01T08:51:02.500Z,2026-09-29T16:34:06.710Z
DEMO-DEV-3971,151,2022-10-08T22:25:28.929Z,2026-09-27T14:24:19.014Z
DEMO-DEV-3992,151,2022-10-21T21:55:05.655Z,2026-09-06T20:30:59.268Z
DEMO-DEV-4025,151,2022-10-01T19:55:54.668Z,2026-09-28T03:59:46.668Z
DEMO-DEV-4091,151,2022-10-07T04:58:09.225Z,2026-09-18T20:17:59.073Z
DEMO-DEV-4157,151,2022-10-01T16:58:01.735Z,2026-09-21T04:41:40.841Z
DEMO-DEV-4206,151,2022-10-11T09:50:50.443Z,2026-09-24T18:37:47.782Z
DEMO-DEV-4232,151,2022-10-18T18:25:26.661Z,2026-09-17T06:25:57.666Z
DEMO-DEV-4236,151,2022-10-28T08:51:23.841Z,2026-09-23T03:47:30.765Z
DEMO-DEV-4268,151,2022-10-10T07:56:10.037Z,2026-09-25T14:54:16.370Z
DEMO-DEV-4290,151,2022-11-10T21:51:42.607Z,2026-09-27T20:17:22.352Z
DEMO-DEV-4300,151,2022-10-08T14:48:05.987Z,2026-09-15T22:20:56.415Z
DEMO-DEV-4338,151,2022-10-09T07:42:29.357Z,2026-09-29T03:34:35.519Z
DEMO-DEV-4353,151,2022-10-09T13:02:04.891Z,2026-09-23T03:43:30.288Z
DEMO-DEV-4501,151,2022-10-20T22:04:35.365Z,2026-09-27T04:13:58.892Z
DEMO-DEV-4516,151,2022-11-04T03:50:40.648Z,2026-08-21T19:48:40.352Z
DEMO-DEV-4555,151,2022-10-07T10:17:13.368Z,2026-09-22T01:57:33.865Z
DEMO-DEV-4565,151,2022-10-04T13:22:22.428Z,2026-09-29T10:46:31.868Z
DEMO-DEV-4616,151,2022-10-10T05:08:47.409Z,2026-09-21T05:02:27.612Z
DEMO-DEV-4697,151,2022-10-15T13:47:40.842Z,2026-09-25T14:49:39.692Z
DEMO-DEV-4710,151,2022-10-04T12:21:45.203Z,2026-09-26T10:49:02.636Z
DEMO-DEV-4768,151,2022-10-01T17:48:18.391Z,2026-09-05T05:11:03.232Z
DEMO-DEV-4789,151,2022-11-01T14:16:00.120Z,2026-09-13T04:41:44.160Z
DEMO-DEV-4795,151,2022-10-04T20:33:10.189Z,2026-09-17T16:25:34.556Z
DEMO-DEV-4800,151,2022-10-06T02:55:38.817Z,2026-09-26T19:49:00.692Z
DEMO-DEV-4878,151,2022-10-05T22:01:00.892Z,2026-09-26T04:21:45.325Z
DEMO-DEV-4949,151,2022-10-05T08:45:40.513Z,2026-09-11T00:05:08.161Z
DEMO-DEV-5085,151,2022-10-10T17:19:52.268Z,2026-09-18T12:54:21.817Z
DEMO-DEV-5095,151,2022-11-02T04:14:27.879Z,2026-09-02T09:16:20.975Z
DEMO-DEV-5136,151,2022-10-04T10:52:41.782Z,2026-09-21T22:09:56.173Z
DEMO-DEV-5139,151,2022-11-02T16:50:52.568Z,2026-09-26T08:40:55.160Z
DEMO-DEV-5147,151,2022-10-17T05:28:55.063Z,2026-09-30T04:18:03.014Z
DEMO-DEV-5150,151,2022-10-03T01:56:44.139Z,2026-09-30T02:59:59.027Z
DEMO-DEV-5192,151,2022-10-19T20:44:04.666Z,2026-09-14T11:32:00.165Z
DEMO-DEV-5200,151,2022-10-10T23:46:04.591Z,2026-09-30T02:24:20.455Z
DEMO-DEV-5288,151,2022-10-02T17:07:02.811Z,2026-09-28T22:06:57.077Z
DEMO-DEV-5291,151,2022-10-05T06:07:43.302Z,2026-09-21T11:34:16.038Z
DEMO-DEV-5331,151,2022-10-12T11:18:27.885Z,2026-09-25T08:49:38.782Z
DEMO-DEV-5414,151,2022-10-30T18:13:46.004Z,2026-09-23T14:33:52.345Z
DEMO-DEV-5534,151,2022-10-06T05:49:20.636Z,2026-09-23T01:52:36.929Z
DEMO-DEV-5623,151,2022-10-09T12:12:02.203Z,2026-09-22T08:29:58.824Z
DEMO-DEV-5650,151,2022-10-10T14:42:10.268Z,2026-09-20T15:18:23.189Z
DEMO-DEV-5656,151,2022-10-09T01:34:52.160Z,2026-09-26T13:48:23.087Z
DEMO-DEV-5666,151,2022-10-10T12:16:46.134Z,2026-09-28T02:11:18.090Z
DEMO-DEV-5672,151,2022-10-09T18:03:21.836Z,2026-09-23T14:48:19.793Z
DEMO-DEV-5690,151,2022-10-04T00:07:04.288Z,2026-09-22T11:09:04.298Z
DEMO-DEV-5691,151,2022-11-02T06:19:08.466Z,2026-09-22T18:54:02.246Z
DEMO-DEV-5712,151,2022-10-18T08:38:30.211Z,2026-09-23T19:05:23.784Z
DEMO-DEV-5829,151,2022-10-07T01:32:28.599Z,2026-09-26T20:17:42.357Z
DEMO-DEV-5881,151,2022-10-11T23:57:27.785Z,2026-09-16T16:35:00.803Z
DEMO-DEV-5928,151,2022-10-09T19:13:41.208Z,2026-09-23T07:31:50.287Z
DEMO-DEV-5934,151,2022-10-10T12:24:00.884Z,2026-09-15T12:12:51.390Z
DEMO-DEV-5949,151,2022-10-02T08:16:00.676Z,2026-09-14T16:59:36.409Z
DEMO-DEV-5988,151,2022-10-15T18:14:45.555Z,2026-09-30T03:11:59.843Z
DEMO-DEV-6102,151,2022-10-06T19:51:57.584Z,2026-09-25T04:20:33.073Z
DEMO-DEV-6108,151,2022-10-02T02:56:03.165Z,2026-09-29T20:04:54.752Z
DEMO-DEV-6144,151,2022-10-13T12:53:36.150Z,2026-09-19T22:11:15.123Z
DEMO-DEV-6169,151,2022-10-14T02:28:22.915Z,2026-09-18T09:46:34.134Z
DEMO-DEV-6205,151,2022-10-17T09:40:20.073Z,2026-08-30T07:14:49.863Z
DEMO-DEV-6221,151,2022-10-04T14:32:44.268Z,2026-09-26T15:37:29.915Z
DEMO-DEV-6255,151,2022-10-07T09:59:28.345Z,2026-09-22T10:07:09.799Z
DEMO-DEV-6318,151,2022-11-22T13:28:02.391Z,2026-09-17T09:31:16.825Z
DEMO-DEV-6355,151,2022-10-04T03:33:19.253Z,2026-09-16T08:28:35.238Z
DEMO-DEV-6368,151,2022-10-11T03:40:13.658Z,2026-09-17T20:55:50.391Z
DEMO-DEV-6372,151,2022-10-12T06:38:02.004Z,2026-09-24T23:58:09.160Z
DEMO-DEV-6516,151,2022-10-10T19:30:53.428Z,2026-09-23T13:09:28.607Z
DEMO-DEV-6550,151,2022-10-11T07:36:10.661Z,2026-09-23T05:34:30.236Z
DEMO-DEV-6564,151,2022-10-02T08:03:14.987Z,2026-09-24T22:34:16.493Z
DEMO-DEV-6595,151,2022-10-06T10:42:39.288Z,2026-09-24T11:49:02.839Z
DEMO-DEV-6605,151,2022-10-14T02:41:16.203Z,2026-09-24T19:24:06.288Z
DEMO-DEV-6654,151,2022-10-07T06:13:51.357Z,2026-09-18T00:09:21.190Z
DEMO-DEV-6666,151,2022-10-01T22:58:13.804Z,2026-09-14T20:48:23.666Z
DEMO-DEV-6716,151,2022-11-10T09:52:44.268Z,2026-09-19T04:10:46.466Z
DEMO-DEV-6758,151,2022-10-10T05:15:58.291Z,2026-09-26T18:18:46.370Z
DEMO-DEV-6812,151,2022-10-04T10:38:25.226Z,2026-09-12T02:41:53.167Z
DEMO-DEV-6836,151,2022-10-23T21:03:22.173Z,2026-09-08T05:42:28.965Z
DEMO-DEV-6864,151,2022-10-07T09:07:19.057Z,2026-09-09T07:54:51.648Z
DEMO-DEV-6913,151,2022-10-01T14:46:52.203Z,2026-09-29T00:06:52.073Z
DEMO-DEV-6953,151,2022-10-11T05:47:28.545Z,2026-09-29T04:04:40.291Z
DEMO-DEV-7015,151,2022-10-06T05:05:58.203Z,2026-09-21T18:52:39.230Z
DEMO-DEV-7073,151,2022-10-14T22:11:48.443Z,2026-09-30T03:34:09.688Z
DEMO-DEV-7097,151,2022-10-04T18:51:25.646Z,2026-09-21T18:38:10.189Z
DEMO-DEV-7098,151,2022-10-20T22:37:15.915Z,2026-09-25T05:05:08.782Z
DEMO-DEV-7192,151,2022-10-22T05:30:22.222Z,2026-09-10T06:28:07.778Z
DEMO-DEV-7209,151,2022-10-21T12:19:51.599Z,2026-09-13T00:17:39.511Z
DEMO-DEV-7265,151,2022-10-10T13:50:17.653Z,2026-09-18T16:07:40.442Z
DEMO-DEV-7297,151,2022-10-09T10:33:09.992Z,2026-09-22T03:29:45.578Z
DEMO-DEV-7309,151,2022-10-07T11:41:49.134Z,2026-08-25T02:18:37.795Z
DEMO-DEV-7313,151,2022-10-06T20:31:19.460Z,2026-09-23T09:56:47.123Z
DEMO-DEV-7335,151,2022-10-12T02:40:35.859Z,2026-09-27T17:39:53.914Z
DEMO-DEV-7339,151,2022-10-07T19:22:33.786Z,2026-09-26T02:44:22.556Z
DEMO-DEV-7352,151,2022-10-17T05:15:51.442Z,2026-09-28T18:13:28.926Z
DEMO-DEV-7372,151,2022-10-05T12:50:25.365Z,2026-09-05T09:58:30.446Z
DEMO-DEV-7388,151,2022-10-05T21:52:22.234Z,2026-09-13T06:11:31.037Z
DEMO-DEV-7492,151,2022-10-10T06:05:11.804Z,2026-09-25T13:35:39.167Z
DEMO-DEV-7602,151,2022-10-07T10:19:07.778Z,2026-09-26T16:37:58.138Z
DEMO-DEV-7605,151,2022-10-09T22:08:47.682Z,2026-09-12T01:33:17.264Z
DEMO-DEV-7670,151,2022-10-23T20:48:22.523Z,2026-09-28T18:30:50.063Z
DEMO-DEV-7690,151,2022-10-02T18:33:37.975Z,2026-09-19T19:33:44.710Z
DEMO-DEV-7740,151,2022-10-15T05:35:21.319Z,2026-09-09T11:35:32.239Z
DEMO-DEV-7741,151,2022-10-24T08:44:01.252Z,2026-09-03T01:26:20.535Z
DEMO-DEV-7756,151,2022-10-01T14:48:30.155Z,2026-09-17T17:22:58.778Z
DEMO-DEV-7787,151,2022-10-13T18:19:52.968Z,2026-09-30T05:00:25.172Z
DEMO-DEV-7830,151,2022-10-24T13:56:22.403Z,2026-09-27T12:28:55.319Z
DEMO-DEV-7855,151,2022-10-01T09:39:32.264Z,2026-09-28T22:26:08.307Z
DEMO-DEV-7914,151,2022-10-21T03:16:39.556Z,2026-09-23T18:49:57.714Z
DEMO-DEV-7931,151,2022-10-06T09:58:41.968Z,2026-09-19T16:41:06.120Z
DEMO-DEV-7941,151,2022-10-13T02:42:35.040Z,2026-08-27T19:15:51.472Z
DEMO-DEV-7980,151,2022-10-12T20:14:32.591Z,2026-09-25T01:30:11.842Z
DEMO-DEV-8058,151,2022-10-03T09:36:44.618Z,2026-09-27T18:53:03.524Z
DEMO-DEV-8062,151,2022-10-06T22:37:32.870Z,2026-09-28T12:09:07.238Z
DEMO-DEV-8083,151,2022-10-03T12:07:22.319Z,2026-09-03T01:57:04.785Z
DEMO-DEV-8111,151,2022-10-07T19:36:53.666Z,2026-09-23T08:30:44.870Z
DEMO-DEV-8119,151,2022-10-20T09:45:38.968Z,2026-09-17T14:45:54.045Z
DEMO-DEV-8153,151,2022-11-30T17:28:00.218Z,2026-09-22T22:10:04.500Z
DEMO-DEV-8157,151,2022-10-08T15:21:03.250Z,2026-09-23T06:00:57.190Z
DEMO-DEV-8245,151,2022-11-01T21:28:16.817Z,2026-09-24T00:41:14.015Z
DEMO-DEV-8266,151,2022-10-02T14:12:53.524Z,2026-09-02T14:15:12.879Z
DEMO-DEV-8366,151,2022-10-03T19:44:20.073Z,2026-09-30T03:24:08.974Z
DEMO-DEV-8402,151,2022-10-05T18:14:14.636Z,2026-09-25T16:08:03.738Z
DEMO-DEV-8404,151,2022-10-04T00:52:14.368Z,2026-09-28T16:55:34.352Z
DEMO-DEV-8420,151,2022-10-18T03:47:42.524Z,2026-09-20T23:03:22.676Z
DEMO-DEV-8421,151,2022-10-07T23:29:26.238Z,2026-09-15T10:58:38.948Z
DEMO-DEV-8437,151,2022-10-07T23:20:31.172Z,2026-09-26T15:53:21.442Z
DEMO-DEV-8517,151,2022-10-02T19:11:49.537Z,2026-09-22T16:09:31.004Z
DEMO-DEV-8559,151,2022-10-04T02:35:02.387Z,2026-09-25T02:02:48.519Z
DEMO-DEV-8636,151,2022-10-04T03:32:13.816Z,2026-09-07T04:40:53.646Z
DEMO-DEV-8647,151,2022-10-04T16:20:45.646Z,2026-09-12T16:47:43.368Z
DEMO-DEV-8655,151,2022-10-08T20:01:23.556Z,2026-09-26T19:29:30.989Z
DEMO-DEV-8699,151,2022-10-12T06:55:03.535Z,2026-09-18T14:55:13.668Z
DEMO-DEV-8702,151,2022-10-06T18:28:46.190Z,2026-09-16T15:06:45.075Z
DEMO-DEV-8711,151,2022-10-01T23:14:30.123Z,2026-09-20T06:51:01.446Z
DEMO-DEV-8741,151,2022-10-06T10:07:44.250Z,2026-09-27T09:34:12.138Z
DEMO-DEV-8744,151,2022-10-13T05:45:18.337Z,2026-09-16T12:08:39.879Z
DEMO-DEV-8780,151,2022-10-06T05:38:30.023Z,2026-09-28T09:52:25.155Z
DEMO-DEV-8790,151,2022-10-10T08:25:55.555Z,2026-09-25T02:34:28.387Z
DEMO-DEV-8792,151,2022-10-11T18:09:51.192Z,2026-09-29T20:32:50.948Z
DEMO-DEV-8850,151,2022-10-13T14:47:48.160Z,2026-09-21T18:36:57.139Z
DEMO-DEV-8895,151,2022-10-04T19:28:10.537Z,2026-09-28T01:22:30.004Z
DEMO-DEV-8905,151,2022-10-10T09:56:41.784Z,2026-08-07T15:36:31.073Z
DEMO-DEV-8907,151,2022-10-04T05:00:08.795Z,2026-09-28T01:47:15.397Z
DEMO-DEV-8948,151,2022-10-03T10:17:50.366Z,2026-09-11T12:56:48.639Z
DEMO-DEV-8999,151,2022-10-09T08:03:17.836Z,2026-09-27T13:35:15.661Z
DEMO-DEV-9104,151,2022-10-13T15:43:08.929Z,2026-09-20T01:37:09.172Z
DEMO-DEV-9123,151,2022-10-04T20:25:26.470Z,2026-09-27T17:45:45.913Z
DEMO-DEV-9164,151,2022-10-08T15:39:04.926Z,2026-09-20T07:25:19.786Z
DEMO-DEV-9222,151,2022-10-02T04:55:17.545Z,2026-09-16T15:05:54.974Z
DEMO-DEV-9233,151,2022-10-22T05:47:40.120Z,2026-09-29T10:08:28.470Z
DEMO-DEV-9319,151,2022-10-13T13:24:28.892Z,2026-08-25T22:17:32.139Z
DEMO-DEV-9359,151,2022-10-15T21:30:20.161Z,2026-09-17T17:58:47.702Z
DEMO-DEV-9395,151,2022-10-06T13:07:45.535Z,2026-09-28T04:15:05.394Z
DEMO-DEV-9399,151,2022-11-20T20:50:28.068Z,2026-09-27T17:01:11.668Z
DEMO-DEV-9419,151,2022-10-19T03:02:58.239Z,2026-09-02T21:38:14.302Z
DEMO-DEV-9439,151,2022-10-03T02:58:37.949Z,2026-08-10T11:46:25.655Z
DEMO-DEV-9460,151,2022-10-15T02:42:37.806Z,2026-09-26T14:23:24.289Z
DEMO-DEV-9473,151,2022-10-08T07:39:57.785Z,2026-09-15T13:06:33.653Z
DEMO-DEV-9552,151,2022-10-13T17:27:27.068Z,2026-09-09T19:50:08.161Z
DEMO-DEV-9600,151,2022-10-04T10:14:38.045Z,2026-09-24T21:30:04.287Z
DEMO-DEV-9608,151,2022-10-08T13:04:43.873Z,2026-09-28T17:29:37.503Z
DEMO-DEV-9611,151,2022-10-05T02:37:49.727Z,2026-09-29T19:45:50.352Z
DEMO-DEV-9627,151,2022-10-04T11:40:32.968Z,2026-09-26T13:47:02.851Z
DEMO-DEV-9667,151,2022-10-31T11:13:01.472Z,2026-08-19T02:04:17.165Z
DEMO-DEV-9695,151,2022-10-14T02:28:00.493Z,2026-09-19T05:25:23.966Z
DEMO-DEV-9699,151,2022-10-04T14:17:21.607Z,2026-09-13T18:27:28.167Z
DEMO-DEV-9716,151,2022-10-01T10:52:38.352Z,2026-09-14T08:42:40.319Z
DEMO-DEV-9768,151,2022-10-04T11:22:44.239Z,2026-09-21T14:23:24.792Z
DEMO-DEV-9781,151,2022-10-07T08:48:53.354Z,2026-09-28T13:00:41.786Z
DEMO-DEV-9792,151,2022-11-02T08:43:08.795Z,2026-09-29T14:56:46.846Z
DEMO-DEV-9831,151,2022-10-09T04:19:04.466Z,2026-09-26T16:17:00.040Z
DEMO-DEV-9877,151,2022-10-16T11:04:49.390Z,2026-09-15T17:28:52.272Z
DEMO-DEV-9926,151,2022-10-02T17:30:53.503Z,2026-09-29T19:22:47.884Z
DEMO-DEV-9963,151,2022-10-04T14:27:07.877Z,2026-09-28T11:53:40.015Z
DEMO-DEV-0022,150,2022-10-07T09:39:29.614Z,2026-09-18T17:53:26.015Z
DEMO-DEV-0042,150,2022-10-03T16:08:08.357Z,2026-09-29T06:50:10.806Z
DEMO-DEV-0088,150,2022-10-03T04:05:05.225Z,2026-09-17T09:37:25.639Z
DEMO-DEV-0113,150,2022-10-04T16:12:17.599Z,2026-09-07T01:11:15.307Z
DEMO-DEV-0157,150,2022-10-03T08:34:23.497Z,2026-08-22T00:48:57.786Z
DEMO-DEV-0193,150,2022-10-03T11:03:21.208Z,2026-09-30T03:20:15.511Z
DEMO-DEV-0222,150,2022-10-02T11:48:13.989Z,2026-09-24T10:26:25.308Z
DEMO-DEV-0245,150,2022-10-18T22:42:55.782Z,2026-09-15T08:23:44.230Z
DEMO-DEV-0246,150,2022-10-18T21:20:14.352Z,2026-09-30T07:23:14.817Z
DEMO-DEV-0278,150,2022-10-01T16:44:30.859Z,2026-09-17T12:17:16.238Z
DEMO-DEV-0286,150,2022-10-17T19:55:38.003Z,2026-09-16T01:48:11.842Z
DEMO-DEV-0307,150,2022-10-15T01:13:17.568Z,2026-09-21T05:13:55.568Z
DEMO-DEV-0315,150,2022-10-15T06:08:20.287Z,2026-09-29T16:40:13.653Z
DEMO-DEV-0473,150,2022-10-03T08:55:49.460Z,2026-09-18T02:11:13.021Z
DEMO-DEV-0481,150,2022-10-05T02:07:15.150Z,2026-09-24T22:40:43.167Z
DEMO-DEV-0500,150,2022-10-09T12:20:42.172Z,2026-09-23T22:58:05.527Z
DEMO-DEV-0650,150,2022-10-16T07:15:26.508Z,2026-09-29T22:42:03.077Z
DEMO-DEV-0719,150,2022-10-16T14:39:42.914Z,2026-09-28T23:56:52.167Z
DEMO-DEV-0775,150,2022-10-05T08:03:48.470Z,2026-09-18T00:41:51.211Z
DEMO-DEV-0776,150,2022-10-11T22:29:55.754Z,2026-09-28T20:14:46.402Z
DEMO-DEV-0791,150,2022-10-04T07:03:39.816Z,2026-09-10T23:05:57.387Z
DEMO-DEV-0829,150,2022-10-16T05:34:39.366Z,2026-09-29T17:45:15.793Z
DEMO-DEV-0835,150,2022-10-16T05:38:06.846Z,2026-09-17T15:31:49.535Z
DEMO-DEV-0902,150,2022-10-11T08:50:44.397Z,2026-09-05T10:54:42.811Z
DEMO-DEV-0933,150,2022-10-11T03:05:13.485Z,2026-09-27T15:22:51.183Z
DEMO-DEV-0975,150,2022-10-03T03:14:31.968Z,2026-09-18T21:45:11.357Z
DEMO-DEV-0990,150,2022-10-03T14:37:17.524Z,2026-09-14T12:18:27.666Z
DEMO-DEV-1012,150,2022-10-08T03:27:47.394Z,2026-09-27T23:47:14.795Z
DEMO-DEV-1029,150,2022-10-07T03:44:56.402Z,2026-09-29T15:51:29.357Z
DEMO-DEV-1038,150,2022-11-08T09:34:13.511Z,2026-09-30T04:24:34.455Z
DEMO-DEV-1067,150,2022-10-02T09:46:05.817Z,2026-09-26T10:29:45.442Z
DEMO-DEV-1177,150,2022-10-11T14:12:58.666Z,2026-09-19T21:32:17.024Z
DEMO-DEV-1198,150,2022-10-05T03:08:27.090Z,2026-09-28T10:25:22.765Z
DEMO-DEV-1235,150,2022-10-07T17:52:14.027Z,2026-09-17T15:29:11.080Z
DEMO-DEV-1281,150,2022-10-10T06:56:14.618Z,2026-09-26T12:18:02.785Z
DEMO-DEV-1297,150,2022-10-04T02:18:16.929Z,2026-09-30T01:02:42.646Z
DEMO-DEV-1345,150,2022-10-05T05:54:54.867Z,2026-09-26T03:28:39.976Z
DEMO-DEV-1375,150,2022-10-01T21:20:06.236Z,2026-09-29T12:04:01.165Z
DEMO-DEV-1386,150,2022-10-01T19:52:42.785Z,2026-09-20T10:24:15.825Z
DEMO-DEV-1428,150,2022-10-02T00:35:40.578Z,2026-09-27T21:42:05.646Z
DEMO-DEV-1477,150,2022-10-08T02:26:28.470Z,2026-09-24T13:55:02.234Z
DEMO-DEV-1479,150,2022-10-01T14:21:13.646Z,2026-09-27T03:10:38.987Z
DEMO-DEV-1490,150,2022-10-16T11:31:28.337Z,2026-09-24T04:43:13.968Z
DEMO-DEV-1502,150,2022-10-22T14:39:58.246Z,2026-09-27T11:25:28.646Z
DEMO-DEV-1522,150,2022-10-01T09:13:29.993Z,2026-09-23T15:26:38.307Z
DEMO-DEV-1532,150,2022-10-02T13:55:51.535Z,2026-09-11T09:45:33.714Z
DEMO-DEV-1549,150,2022-10-01T15:35:57.409Z,2026-09-28T20:16:02.077Z
DEMO-DEV-1733,150,2022-10-29T19:16:00.298Z,2026-09-28T20:39:30.987Z
DEMO-DEV-1786,150,2022-10-11T05:48:47.387Z,2026-09-30T05:30:29.985Z
DEMO-DEV-1887,150,2022-11-08T08:54:10.073Z,2026-09-29T04:34:22.218Z
DEMO-DEV-1948,150,2022-10-25T03:50:48.839Z,2026-09-26T11:15:52.597Z
DEMO-DEV-1972,150,2022-10-01T22:37:46.508Z,2026-09-05T06:01:48.646Z
DEMO-DEV-2060,150,2022-10-01T17:40:08.966Z,2026-09-26T22:32:40.591Z
DEMO-DEV-2073,150,2022-10-28T02:43:54.087Z,2026-09-17T10:11:18.556Z
DEMO-DEV-2085,150,2022-10-12T05:05:57.004Z,2026-09-30T00:41:05.511Z
DEMO-DEV-2147,150,2022-10-03T03:16:13.397Z,2026-09-19T05:24:57.965Z
DEMO-DEV-2191,150,2022-10-03T18:06:06.513Z,2026-09-18T09:10:42.987Z
DEMO-DEV-2196,150,2022-10-07T06:10:22.505Z,2026-09-28T12:55:21.264Z
DEMO-DEV-2255,150,2022-10-21T13:29:35.926Z,2026-09-26T17:10:20.443Z
DEMO-DEV-2256,150,2022-10-05T16:52:52.618Z,2026-09-13T14:01:39.462Z
DEMO-DEV-2330,150,2022-10-03T16:21:15.203Z,2026-09-17T17:06:05.618Z
DEMO-DEV-2363,150,2022-10-11T18:44:51.370Z,2026-09-25T10:47:10.915Z
DEMO-DEV-2368,150,2022-10-04T08:28:36.203Z,2026-09-26T09:31:55.513Z
DEMO-DEV-2419,150,2022-10-05T21:39:06.391Z,2026-09-22T12:23:17.557Z
DEMO-DEV-2538,150,2022-10-01T23:50:02.989Z,2026-09-21T23:36:09.167Z
DEMO-DEV-2615,150,2022-10-03T04:59:09.161Z,2026-09-21T04:40:03.239Z
DEMO-DEV-2653,150,2022-10-03T14:36:03.839Z,2026-09-25T14:00:41.472Z
DEMO-DEV-2658,150,2022-10-07T22:33:30.394Z,2026-09-22T20:38:30.368Z
DEMO-DEV-2661,150,2022-10-02T03:54:46.710Z,2026-09-16T21:02:46.917Z
DEMO-DEV-2719,150,2022-11-01T01:44:13.584Z,2026-09-27T06:02:05.352Z
DEMO-DEV-2742,150,2022-10-22T16:16:52.443Z,2026-09-21T09:02:35.168Z
DEMO-DEV-2868,150,2022-10-02T20:47:30.557Z,2026-09-15T11:57:01.325Z
DEMO-DEV-2889,150,2022-10-18T13:37:28.319Z,2026-09-25T05:35:30.319Z
DEMO-DEV-2895,150,2022-10-15T02:26:32.948Z,2026-09-16T01:15:07.075Z
DEMO-DEV-2958,150,2022-10-14T22:25:23.867Z,2026-08-25T16:40:52.508Z
DEMO-DEV-3150,150,2022-10-03T07:36:09.524Z,2026-09-27T02:46:22.648Z
DEMO-DEV-3204,150,2022-11-06T16:28:50.987Z,2026-09-30T01:38:39.402Z
DEMO-DEV-3255,150,2022-10-05T22:14:25.246Z,2026-08-15T22:08:01.014Z
DEMO-DEV-3341,150,2022-10-05T13:36:05.597Z,2026-09-27T10:54:44.219Z
DEMO-DEV-3389,150,2022-10-09T00:05:20.870Z,2026-09-25T19:28:44.661Z
DEMO-DEV-3397,150,2022-10-14T10:53:59.325Z,2026-09-28T08:23:06.230Z
DEMO-DEV-3444,150,2022-11-06T00:04:46.264Z,2026-09-24T00:11:27.090Z
DEMO-DEV-3474,150,2022-10-18T00:55:51.668Z,2026-09-26T13:49:57.974Z
DEMO-DEV-3483,150,2022-10-03T02:30:05.173Z,2026-09-17T00:33:25.811Z
DEMO-DEV-3504,150,2022-10-10T05:22:43.884Z,2026-09-25T06:24:27.591Z
DEMO-DEV-3571,150,2022-10-07T12:34:46.120Z,2026-09-26T18:41:45.204Z
DEMO-DEV-3574,150,2022-10-14T11:00:51.803Z,2026-09-24T04:25:04.221Z
DEMO-DEV-3590,150,2022-10-12T00:51:01.950Z,2026-09-12T12:22:03.989Z
DEMO-DEV-3619,150,2022-10-01T14:46:19.252Z,2026-09-28T15:12:00.250Z
DEMO-DEV-3625,150,2022-10-12T06:19:59.409Z,2026-09-20T05:19:18.993Z
DEMO-DEV-3639,150,2022-10-03T17:47:42.192Z,2026-09-22T19:41:03.298Z
DEMO-DEV-3683,150,2022-10-13T03:17:04.307Z,2026-09-26T18:20:48.702Z
DEMO-DEV-3699,150,2022-10-16T14:55:03.591Z,2026-09-23T08:12:22.252Z
DEMO-DEV-3818,150,2022-10-05T15:54:35.817Z,2026-09-19T18:42:16.976Z
DEMO-DEV-3842,150,2022-10-07T12:26:30.765Z,2026-09-23T19:18:42.804Z
DEMO-DEV-3847,150,2022-10-09T05:10:10.222Z,2026-09-28T07:11:16.218Z
DEMO-DEV-3856,150,2022-10-02T19:51:23.268Z,2026-09-29T01:20:16.578Z
DEMO-DEV-3937,150,2022-10-03T08:28:27.735Z,2026-09-29T08:20:25.785Z
DEMO-DEV-3947,150,2022-11-02T21:27:05.891Z,2026-09-21T23:16:13.352Z
DEMO-DEV-4020,150,2022-10-02T04:54:35.607Z,2026-09-29T05:10:54.950Z
DEMO-DEV-4085,150,2022-10-17T22:43:57.816Z,2026-09-23T04:43:07.268Z
DEMO-DEV-4095,150,2022-10-05T15:22:17.021Z,2026-09-29T22:04:54.497Z
DEMO-DEV-4130,150,2022-10-05T03:09:21.926Z,2026-09-29T02:39:14.024Z
DEMO-DEV-4211,150,2022-10-01T19:39:22.864Z,2026-08-29T02:28:33.523Z
DEMO-DEV-4278,150,2022-10-06T08:27:16.402Z,2026-09-17T19:21:38.824Z
DEMO-DEV-4323,150,2022-10-25T18:47:40.253Z,2026-09-27T14:32:36.965Z
DEMO-DEV-4337,150,2022-10-05T10:35:51.300Z,2026-09-29T05:27:22.655Z
DEMO-DEV-4341,150,2022-10-18T18:52:03.778Z,2026-09-30T08:04:53.784Z
DEMO-DEV-4357,150,2022-10-27T10:50:32.402Z,2026-09-20T11:11:29.224Z
DEMO-DEV-4365,150,2022-10-02T04:30:36.948Z,2026-09-19T09:49:32.315Z
DEMO-DEV-4413,150,2022-10-29T10:22:35.428Z,2026-09-30T02:47:46.308Z
DEMO-DEV-4447,150,2022-11-08T12:14:40.004Z,2026-09-25T12:13:00.537Z
DEMO-DEV-4491,150,2022-10-02T16:27:12.219Z,2026-09-25T10:25:25.211Z
DEMO-DEV-4496,150,2022-10-01T20:47:18.272Z,2026-09-23T10:50:56.026Z
DEMO-DEV-4528,150,2022-10-28T08:09:19.357Z,2026-09-20T07:08:04.668Z
DEMO-DEV-4530,150,2022-10-08T04:20:51.077Z,2026-09-02T02:38:33.357Z
DEMO-DEV-4559,150,2022-10-03T12:27:24.511Z,2026-09-24T06:45:31.040Z
DEMO-DEV-4671,150,2022-10-08T15:26:55.891Z,2026-09-28T11:05:11.863Z
DEMO-DEV-4721,150,2022-10-01T10:07:40.976Z,2026-09-23T00:57:52.446Z
DEMO-DEV-4774,150,2022-10-02T02:09:06.648Z,2026-09-22T13:41:18.738Z
DEMO-DEV-4785,150,2022-10-01T20:21:24.485Z,2026-09-26T04:56:52.867Z
DEMO-DEV-4790,150,2022-10-01T09:33:14.160Z,2026-09-29T13:13:06.203Z
DEMO-DEV-4893,150,2022-10-05T09:49:49.485Z,2026-09-22T01:15:35.366Z
DEMO-DEV-4953,150,2022-10-02T21:04:15.252Z,2026-09-25T17:47:49.500Z
DEMO-DEV-4968,150,2022-10-12T05:56:56.183Z,2026-09-30T04:20:02.752Z
DEMO-DEV-4986,150,2022-10-05T00:56:35.203Z,2026-09-14T17:24:01.298Z
DEMO-DEV-4990,150,2022-10-14T17:08:43.661Z,2026-09-27T15:05:05.843Z
DEMO-DEV-5017,150,2022-10-03T12:07:37.948Z,2026-09-15T14:53:09.288Z
DEMO-DEV-5021,150,2022-10-01T21:15:25.026Z,2026-09-26T05:15:54.470Z
DEMO-DEV-5027,150,2022-10-06T22:12:16.037Z,2026-09-28T18:44:19.949Z
DEMO-DEV-5034,150,2022-10-03T16:34:36.224Z,2026-09-28T03:39:46.556Z
DEMO-DEV-5168,150,2022-10-10T13:19:22.710Z,2026-09-14T04:02:17.287Z
DEMO-DEV-5172,150,2022-10-12T03:48:24.803Z,2026-09-28T14:25:56.139Z
DEMO-DEV-5215,150,2022-10-09T15:31:21.403Z,2026-09-26T04:52:28.870Z
DEMO-DEV-5228,150,2022-10-28T05:04:59.793Z,2026-09-29T04:12:53.319Z
DEMO-DEV-5307,150,2022-11-14T19:39:54.868Z,2026-09-20T12:14:51.123Z
DEMO-DEV-5311,150,2022-10-02T22:19:31.929Z,2026-09-26T17:33:19.446Z
DEMO-DEV-5358,150,2022-10-10T13:04:24.865Z,2026-09-25T00:17:35.057Z
DEMO-DEV-5417,150,2022-10-13T21:03:26.929Z,2026-09-28T21:56:00.015Z
DEMO-DEV-5432,150,2022-10-13T23:23:24.974Z,2026-09-15T05:15:48.545Z
DEMO-DEV-5502,150,2022-10-24T12:38:30.639Z,2026-09-30T04:05:54.948Z
DEMO-DEV-5524,150,2022-11-26T04:40:47.868Z,2026-09-03T20:17:21.442Z
DEMO-DEV-5581,150,2022-10-01T19:25:38.165Z,2026-09-15T09:59:05.661Z
DEMO-DEV-5604,150,2022-10-03T08:17:55.155Z,2026-09-29T13:12:51.879Z
DEMO-DEV-5624,150,2022-10-16T02:16:17.811Z,2026-09-15T15:21:41.402Z
DEMO-DEV-5661,150,2022-10-14T02:33:53.057Z,2026-09-27T00:54:40.402Z
DEMO-DEV-5702,150,2022-10-12T04:11:27.965Z,2026-09-20T19:02:47.519Z
DEMO-DEV-5736,150,2022-10-07T09:44:17.842Z,2026-09-25T03:08:14.966Z
DEMO-DEV-5740,150,2022-11-08T20:25:04.803Z,2026-09-28T06:04:41.639Z
DEMO-DEV-5817,150,2022-10-01T22:29:47.239Z,2026-09-21T10:12:24.527Z
DEMO-DEV-5871,150,2022-10-02T13:15:03.537Z,2026-09-19T21:53:03.599Z
DEMO-DEV-5917,150,2022-10-02T02:04:41.289Z,2026-09-29T15:31:54.605Z
DEMO-DEV-5993,150,2022-10-14T08:01:23.403Z,2026-09-27T21:48:24.172Z
DEMO-DEV-6061,150,2022-10-11T00:52:43.816Z,2026-08-25T07:33:51.254Z
DEMO-DEV-6090,150,2022-10-15T14:02:05.366Z,2026-09-06T13:36:21.287Z
DEMO-DEV-6091,150,2022-12-06T16:50:59.134Z,2026-09-26T22:08:19.714Z
DEMO-DEV-6418,150,2022-10-05T23:33:58.246Z,2026-08-09T15:29:23.618Z
DEMO-DEV-6422,150,2022-10-23T22:36:02.859Z,2026-09-09T03:51:24.208Z
DEMO-DEV-6560,150,2022-10-14T05:05:24.682Z,2026-09-27T05:09:51.357Z
DEMO-DEV-6587,150,2022-10-04T01:08:13.524Z,2026-09-29T01:43:18.308Z
DEMO-DEV-6592,150,2022-10-05T02:01:38.658Z,2026-09-29T03:16:40.087Z
DEMO-DEV-6667,150,2022-10-04T04:34:24.300Z,2026-09-15T21:08:44.784Z
DEMO-DEV-6808,150,2022-10-01T15:45:29.752Z,2026-09-10T08:34:08.442Z
DEMO-DEV-6821,150,2022-10-07T13:04:07.428Z,2026-09-20T18:12:34.402Z
DEMO-DEV-6860,150,2022-10-18T16:44:00.993Z,2026-09-20T00:18:51.246Z
DEMO-DEV-6899,150,2022-10-08T03:05:12.842Z,2026-09-28T06:27:16.497Z
DEMO-DEV-6945,150,2022-10-02T21:26:04.811Z,2026-09-28T11:01:50.867Z
DEMO-DEV-6954,150,2022-10-11T07:40:35.618Z,2026-09-25T15:16:20.226Z
DEMO-DEV-7025,150,2022-10-10T17:57:34.841Z,2026-09-07T07:42:21.302Z
DEMO-DEV-7042,150,2022-10-02T00:51:59.555Z,2026-08-28T04:07:50.688Z
DEMO-DEV-7086,150,2022-10-28T15:55:01.885Z,2026-09-26T00:07:58.165Z
DEMO-DEV-7171,150,2022-10-07T13:28:01.885Z,2026-09-16T22:24:42.782Z
DEMO-DEV-7175,150,2022-10-04T22:35:06.503Z,2026-09-22T11:07:30.873Z
DEMO-DEV-7222,150,2022-10-17T19:36:32.460Z,2026-09-22T08:24:46.511Z
DEMO-DEV-7223,150,2022-10-11T07:47:56.508Z,2026-09-26T02:30:00.738Z
DEMO-DEV-7243,150,2022-10-09T14:49:20.218Z,2026-08-20T21:23:54.523Z
DEMO-DEV-7334,150,2022-10-20T17:37:29.879Z,2026-09-28T01:57:55.527Z
DEMO-DEV-7350,150,2022-10-25T20:37:10.913Z,2026-09-25T04:02:33.394Z
DEMO-DEV-7400,150,2022-10-02T06:48:50.264Z,2026-09-22T00:24:49.965Z
DEMO-DEV-7428,150,2022-10-09T17:45:59.428Z,2026-09-26T17:10:40.222Z
DEMO-DEV-7437,150,2022-10-31T03:38:03.190Z,2026-09-26T12:49:42.500Z
DEMO-DEV-7485,150,2022-10-13T15:32:12.300Z,2026-09-22T05:58:35.307Z
DEMO-DEV-7536,150,2022-10-20T16:41:14.668Z,2026-09-29T05:15:33.073Z
DEMO-DEV-7587,150,2022-10-23T03:58:09.307Z,2026-09-26T06:32:48.165Z
DEMO-DEV-7595,150,2022-10-01T09:12:46.073Z,2026-08-27T17:38:50.803Z
DEMO-DEV-7611,150,2022-10-07T20:48:24.455Z,2026-09-08T03:00:22.302Z
DEMO-DEV-7613,150,2022-10-12T10:18:00.325Z,2026-09-22T12:57:40.885Z
DEMO-DEV-7638,150,2022-10-08T10:23:32.599Z,2026-09-28T22:23:25.666Z
DEMO-DEV-7672,150,2022-10-07T14:02:54.497Z,2026-09-28T13:27:11.993Z
DEMO-DEV-7674,150,2022-10-05T04:03:49.205Z,2026-09-20T20:46:09.168Z
DEMO-DEV-7708,150,2022-10-06T18:23:38.168Z,2026-08-30T02:58:32.646Z
DEMO-DEV-7727,150,2022-10-13T16:54:22.873Z,2026-09-17T15:24:44.556Z
DEMO-DEV-7747,150,2022-10-13T14:56:25.976Z,2026-09-03T00:19:22.784Z
DEMO-DEV-7782,150,2022-10-09T00:26:32.409Z,2026-09-22T04:03:04.639Z
DEMO-DEV-7797,150,2022-11-02T11:53:45.226Z,2026-09-28T12:52:00.985Z
DEMO-DEV-7852,150,2022-10-05T13:01:49.646Z,2026-09-26T04:41:57.391Z
DEMO-DEV-7890,150,2022-10-04T22:50:21.599Z,2026-09-21T00:54:24.993Z
DEMO-DEV-7899,150,2022-10-07T11:14:13.337Z,2026-09-19T06:51:38.784Z
DEMO-DEV-7996,150,2022-11-02T04:52:24.161Z,2026-09-15T02:04:29.307Z
DEMO-DEV-8038,150,2022-10-18T12:48:34.221Z,2026-09-25T01:38:49.803Z
DEMO-DEV-8061,150,2022-10-05T16:53:29.811Z,2026-09-06T07:31:06.234Z
DEMO-DEV-8095,150,2022-10-06T21:37:08.639Z,2026-09-12T17:19:35.155Z
DEMO-DEV-8123,150,2022-10-02T22:34:43.239Z,2026-09-29T08:30:03.661Z
DEMO-DEV-8172,150,2022-10-20T09:37:53.272Z,2026-09-22T01:43:59.038Z
DEMO-DEV-8177,150,2022-10-21T10:31:03.535Z,2026-09-13T23:01:00.057Z
DEMO-DEV-8181,150,2022-10-11T08:08:41.804Z,2026-09-27T15:50:09.727Z
DEMO-DEV-8267,150,2022-10-17T02:15:04.319Z,2026-09-24T15:17:09.917Z
DEMO-DEV-8413,150,2022-10-09T08:25:27.063Z,2026-09-19T12:44:57.287Z
DEMO-DEV-8488,150,2022-10-07T13:57:49.192Z,2026-09-25T10:07:41.523Z
DEMO-DEV-8510,150,2022-10-06T12:44:45.236Z,2026-09-25T05:24:44.993Z
DEMO-DEV-8666,150,2022-10-08T07:40:34.308Z,2026-09-24T13:45:52.785Z
DEMO-DEV-8670,150,2022-10-19T10:03:54.846Z,2026-09-29T11:05:25.472Z
DEMO-DEV-8797,150,2022-10-07T09:45:05.682Z,2026-09-21T00:49:04.867Z
DEMO-DEV-9127,150,2022-10-08T05:33:44.403Z,2026-09-20T14:34:57.403Z
DEMO-DEV-9265,150,2022-10-08T16:28:14.291Z,2026-09-12T22:19:13.519Z
DEMO-DEV-9277,150,2022-10-09T08:58:03.077Z,2026-09-08T08:02:44.648Z
DEMO-DEV-9279,150,2022-10-09T09:28:17.917Z,2026-09-27T16:07:06.063Z
DEMO-DEV-9373,150,2022-10-01T19:53:18.289Z,2026-09-10T10:50:46.795Z
DEMO-DEV-9385,150,2022-10-05T18:36:34.063Z,2026-09-29T07:35:07.523Z
DEMO-DEV-9441,150,2022-10-10T08:47:42.968Z,2026-09-17T21:25:09.975Z
DEMO-DEV-9663,150,2022-10-08T15:11:43.719Z,2026-09-28T22:21:55.784Z
DEMO-DEV-9670,150,2022-10-16T23:27:00.168Z,2026-09-15T14:55:46.646Z
DEMO-DEV-9676,150,2022-10-05T17:51:23.584Z,2026-09-11T14:21:51.607Z
DEMO-DEV-9679,150,2022-10-07T00:42:58.782Z,2026-09-26T20:08:58.968Z
DEMO-DEV-9686,150,2022-10-01T13:43:15.799Z,2026-09-01T00:00:50.817Z
DEMO-DEV-9691,150,2022-10-17T14:22:04.527Z,2026-09-28T02:57:36.075Z
DEMO-DEV-9758,150,2022-10-05T20:01:39.803Z,2026-09-26T01:39:37.134Z
DEMO-DEV-9775,150,2022-10-09T22:29:43.556Z,2026-09-19T09:55:17.038Z
DEMO-DEV-9784,150,2022-10-02T11:15:25.403Z,2026-09-25T19:49:44.992Z
DEMO-DEV-9847,150,2022-10-03T06:40:12.057Z,2026-09-21T20:22:38.969Z
DEMO-DEV-9858,150,2022-10-12T10:06:23.289Z,2026-09-29T20:04:09.460Z
DEMO-DEV-9899,150,2022-10-05T13:23:38.493Z,2026-09-23T05:15:54.291Z
DEMO-DEV-9932,150,2022-10-02T03:46:06.524Z,2026-09-16T09:01:05.859Z
DEMO-DEV-9972,150,2022-10-05T04:42:00.692Z,2026-09-30T07:44:20.825Z
DEMO-DEV-9999,150,2022-10-13T04:07:45.591Z,2026-09-24T13:24:37.879Z
DEMO-DEV-0232,149,2022-10-19T11:42:33.319Z,2026-09-07T20:21:23.519Z
DEMO-DEV-0289,149,2022-10-01T15:03:35.989Z,2026-08-22T10:11:12.394Z
DEMO-DEV-0296,149,2022-10-12T03:08:43.203Z,2026-09-20T12:21:56.023Z
DEMO-DEV-0483,149,2022-10-02T05:31:29.138Z,2026-09-14T14:02:08.702Z
DEMO-DEV-0488,149,2022-10-09T13:59:59.026Z,2026-09-13T03:44:29.204Z
DEMO-DEV-0541,149,2022-10-06T08:36:08.811Z,2026-09-30T04:07:55.793Z
DEMO-DEV-0557,149,2022-10-04T14:10:31.868Z,2026-09-11T20:04:49.090Z
DEMO-DEV-0561,149,2022-10-04T05:04:28.591Z,2026-09-25T22:37:52.867Z
DEMO-DEV-0587,149,2022-10-03T04:40:59.868Z,2026-09-29T03:24:28.782Z
DEMO-DEV-0610,149,2022-10-07T18:07:19.023Z,2026-09-26T15:35:43.168Z
DEMO-DEV-0649,149,2022-10-10T07:17:49.167Z,2026-09-06T09:07:18.500Z
DEMO-DEV-0686,149,2022-10-07T01:00:00.352Z,2026-09-29T11:53:34.308Z
DEMO-DEV-0743,149,2022-10-15T14:31:29.614Z,2026-09-23T02:17:53.352Z
DEMO-DEV-0806,149,2022-10-12T07:51:05.232Z,2026-09-14T18:45:35.352Z
DEMO-DEV-0811,149,2022-10-19T15:09:14.976Z,2026-09-22T06:31:38.974Z
DEMO-DEV-0826,149,2022-10-08T14:40:13.950Z,2026-09-04T23:28:53.298Z
DEMO-DEV-0856,149,2022-10-13T06:49:15.913Z,2026-09-22T10:17:41.806Z
DEMO-DEV-0879,149,2022-10-04T15:14:44.568Z,2026-09-05T02:24:18.307Z
DEMO-DEV-0893,149,2022-10-25T10:09:17.298Z,2026-09-30T03:11:56.885Z
DEMO-DEV-0916,149,2022-10-05T01:17:51.555Z,2026-09-28T05:55:34.792Z
DEMO-DEV-0982,149,2022-10-02T08:19:44.300Z,2026-09-07T07:17:34.387Z
DEMO-DEV-0989,149,2022-10-11T21:55:50.966Z,2026-09-23T20:06:20.843Z
DEMO-DEV-1030,149,2022-10-06T01:39:36.692Z,2026-09-30T08:05:38.727Z
DEMO-DEV-1043,149,2022-10-25T05:23:37.189Z,2026-09-21T01:20:37.612Z
DEMO-DEV-1068,149,2022-10-04T03:26:13.607Z,2026-09-24T08:16:11.160Z
DEMO-DEV-1352,149,2022-10-04T23:41:07.976Z,2026-09-29T02:42:15.513Z
DEMO-DEV-1416,149,2022-10-10T11:06:44.428Z,2026-09-29T00:59:51.524Z
DEMO-DEV-1445,149,2022-10-07T07:35:16.792Z,2026-09-26T18:45:55.612Z
DEMO-DEV-1488,149,2022-11-01T11:41:22.428Z,2026-09-21T22:55:27.836Z
DEMO-DEV-1578,149,2022-10-15T09:23:53.879Z,2026-09-21T00:26:34.090Z
DEMO-DEV-1627,149,2022-10-04T17:19:36.754Z,2026-09-13T19:27:33.950Z
DEMO-DEV-1656,149,2022-10-12T08:39:17.846Z,2026-09-29T09:32:01.236Z
DEMO-DEV-1697,149,2022-10-01T16:54:57.268Z,2026-09-25T12:38:33.204Z
DEMO-DEV-1725,149,2022-10-01T11:59:09.535Z,2026-09-18T12:30:18.026Z
DEMO-DEV-1748,149,2022-10-07T20:01:13.192Z,2026-09-26T03:49:12.428Z
DEMO-DEV-1894,149,2022-10-13T05:37:26.226Z,2026-09-29T00:19:59.472Z
DEMO-DEV-1911,149,2022-10-15T13:31:17.345Z,2026-09-02T02:32:14.658Z
DEMO-DEV-1944,149,2022-10-13T21:22:37.167Z,2026-09-28T17:35:48.455Z
DEMO-DEV-1967,149,2022-10-03T04:25:13.868Z,2026-09-22T10:41:24.252Z
DEMO-DEV-1993,149,2022-10-04T16:00:11.190Z,2026-09-17T13:50:46.500Z
DEMO-DEV-2020,149,2022-10-14T23:21:23.646Z,2026-09-29T04:33:45.785Z
DEMO-DEV-2041,149,2022-10-19T17:22:24.397Z,2026-09-23T03:43:05.523Z
DEMO-DEV-2108,149,2022-10-03T07:36:14.568Z,2026-09-21T00:44:02.926Z
DEMO-DEV-2109,149,2022-10-06T23:09:54.219Z,2026-09-25T18:35:21.682Z
DEMO-DEV-2146,149,2022-10-15T05:02:30.014Z,2026-09-13T11:00:43.692Z
DEMO-DEV-2238,149,2022-10-09T11:31:10.836Z,2026-09-24T07:19:21.221Z
DEMO-DEV-2275,149,2022-10-01T23:37:47.846Z,2026-09-23T16:01:58.037Z
DEMO-DEV-2307,149,2022-10-01T13:13:35.612Z,2026-09-27T15:53:06.710Z
DEMO-DEV-2322,149,2022-11-02T14:34:32.087Z,2026-09-26T15:36:36.268Z
DEMO-DEV-2395,149,2022-10-02T11:08:05.795Z,2026-08-30T09:44:30.556Z
DEMO-DEV-2423,149,2022-10-03T21:29:15.319Z,2026-09-20T09:44:04.027Z
DEMO-DEV-2443,149,2022-10-21T19:51:05.661Z,2026-09-22T01:52:50.524Z
DEMO-DEV-2449,149,2022-10-19T12:25:23.968Z,2026-09-22T07:04:42.714Z
DEMO-DEV-2485,149,2022-10-21T08:40:37.307Z,2026-09-27T09:24:59.785Z
DEMO-DEV-2618,149,2022-10-07T11:33:49.948Z,2026-09-25T18:33:49.497Z
DEMO-DEV-2619,149,2022-10-13T12:59:35.950Z,2026-09-14T04:25:10.668Z
DEMO-DEV-2678,149,2022-10-01T19:06:23.535Z,2026-09-15T02:03:08.455Z
DEMO-DEV-2757,149,2022-10-02T00:31:56.080Z,2026-09-28T03:04:40.302Z
DEMO-DEV-2779,149,2022-10-18T13:22:36.992Z,2026-09-19T06:21:52.976Z
DEMO-DEV-2795,149,2022-10-10T12:55:04.778Z,2026-09-24T21:02:43.232Z
DEMO-DEV-2891,149,2022-10-19T18:35:47.189Z,2026-09-09T11:01:42.806Z
DEMO-DEV-2938,149,2022-10-07T00:39:55.232Z,2026-09-10T22:19:07.989Z
DEMO-DEV-2945,149,2022-10-06T12:14:54.003Z,2026-09-17T04:19:35.391Z
DEMO-DEV-3057,149,2022-10-01T09:50:49.877Z,2026-09-29T17:53:46.865Z
DEMO-DEV-3072,149,2022-10-31T09:22:24.387Z,2026-09-18T14:28:49.226Z
DEMO-DEV-3076,149,2022-10-06T19:57:31.068Z,2026-09-23T14:02:41.607Z
DEMO-DEV-3080,149,2022-10-01T14:48:30.842Z,2026-09-14T00:18:25.527Z
DEMO-DEV-3141,149,2022-10-14T12:40:48.307Z,2026-09-23T22:07:50.511Z
DEMO-DEV-3160,149,2022-10-16T02:44:53.785Z,2026-09-27T05:25:07.992Z
DEMO-DEV-3242,149,2022-10-04T04:14:04.682Z,2026-09-27T06:59:37.811Z
DEMO-DEV-3263,149,2022-10-18T20:23:51.068Z,2026-09-16T14:40:54.929Z
DEMO-DEV-3379,149,2022-11-17T19:43:11.612Z,2026-09-27T00:05:18.524Z
DEMO-DEV-3443,149,2022-10-01T20:32:28.870Z,2026-09-20T23:54:51.239Z
DEMO-DEV-3464,149,2022-10-02T09:26:42.027Z,2026-09-27T21:29:05.225Z
DEMO-DEV-3717,149,2022-10-01T09:40:38.752Z,2026-09-13T05:08:34.221Z
DEMO-DEV-3742,149,2022-12-07T07:28:41.870Z,2026-09-24T09:36:30.738Z
DEMO-DEV-3743,149,2022-10-29T04:08:14.688Z,2026-09-20T11:15:48.168Z
DEMO-DEV-3760,149,2022-10-04T07:35:31.508Z,2026-09-17T12:31:11.877Z
DEMO-DEV-3865,149,2022-10-05T20:50:38.037Z,2026-09-30T01:45:19.308Z
DEMO-DEV-3900,149,2022-10-02T03:36:14.366Z,2026-09-19T11:07:41.497Z
DEMO-DEV-4024,149,2022-10-02T16:04:48.004Z,2026-09-29T22:36:17.173Z
DEMO-DEV-4045,149,2022-11-16T06:16:18.015Z,2026-09-28T01:02:11.948Z
DEMO-DEV-4053,149,2022-10-16T12:07:09.173Z,2026-09-23T10:12:30.442Z
DEMO-DEV-4088,149,2022-10-07T15:18:13.976Z,2026-08-28T22:49:36.155Z
DEMO-DEV-4098,149,2022-10-15T13:44:49.778Z,2026-09-20T05:13:12.057Z
DEMO-DEV-4184,149,2022-11-11T09:49:37.319Z,2026-09-29T05:18:41.987Z
DEMO-DEV-4189,149,2022-10-18T01:07:14.462Z,2026-09-05T22:04:03.843Z
DEMO-DEV-4197,149,2022-10-13T06:37:52.987Z,2026-09-24T20:30:32.676Z
DEMO-DEV-4200,149,2022-10-07T13:15:23.676Z,2026-09-26T05:29:21.842Z
DEMO-DEV-4214,149,2022-10-02T11:17:44.965Z,2026-09-18T22:17:39.738Z
DEMO-DEV-4243,149,2022-10-17T16:51:28.370Z,2026-09-18T13:07:16.969Z
DEMO-DEV-4258,149,2022-10-09T13:56:10.075Z,2026-09-25T02:08:41.948Z
DEMO-DEV-4273,149,2022-10-01T19:03:57.307Z,2026-09-23T04:37:28.605Z
DEMO-DEV-4343,149,2022-10-19T12:33:25.357Z,2026-09-08T13:05:34.870Z
DEMO-DEV-4416,149,2022-10-17T21:55:21.497Z,2026-09-25T10:32:57.702Z
DEMO-DEV-4459,149,2022-10-01T17:16:06.443Z,2026-09-14T01:17:56.403Z
DEMO-DEV-4461,149,2022-10-05T04:47:15.655Z,2026-09-19T20:47:56.287Z
DEMO-DEV-4462,149,2022-10-30T17:06:02.557Z,2026-09-28T22:03:45.968Z
DEMO-DEV-4521,149,2022-10-08T06:37:08.799Z,2026-09-30T01:22:25.165Z
DEMO-DEV-4542,149,2022-10-24T11:37:58.308Z,2026-09-24T23:08:03.238Z
DEMO-DEV-4577,149,2022-10-03T00:03:20.926Z,2026-09-29T01:01:29.183Z
DEMO-DEV-4763,149,2022-10-03T06:40:16.208Z,2026-09-28T13:13:12.307Z
DEMO-DEV-4837,149,2022-10-01T15:33:13.688Z,2026-09-06T23:30:13.123Z
DEMO-DEV-4904,149,2022-10-21T12:58:57.795Z,2026-09-12T23:37:03.239Z
DEMO-DEV-5032,149,2022-10-12T10:12:42.460Z,2026-09-20T04:29:11.319Z
DEMO-DEV-5054,149,2022-10-03T23:26:51.354Z,2026-09-24T08:44:46.298Z
DEMO-DEV-5057,149,2022-10-05T00:59:35.470Z,2026-09-26T04:15:03.865Z
DEMO-DEV-5118,149,2022-10-29T19:42:46.063Z,2026-09-27T15:50:25.123Z
DEMO-DEV-5160,149,2022-10-02T02:19:54.568Z,2026-09-28T01:59:06.211Z
DEMO-DEV-5233,149,2022-10-04T21:32:37.846Z,2026-09-13T18:41:53.648Z
DEMO-DEV-5251,149,2022-10-02T20:03:41.021Z,2026-08-28T04:59:27.985Z
DEMO-DEV-5351,149,2022-10-02T03:47:06.027Z,2026-09-21T12:16:56.352Z
DEMO-DEV-5353,149,2022-10-04T02:51:05.289Z,2026-09-28T10:36:32.300Z
DEMO-DEV-5465,149,2022-10-21T14:54:54.710Z,2026-09-21T20:09:58.974Z
DEMO-DEV-5490,149,2022-10-10T23:38:14.793Z,2026-09-09T14:36:05.397Z
DEMO-DEV-5516,149,2022-10-10T19:47:35.892Z,2026-09-27T02:31:23.727Z
DEMO-DEV-5575,149,2022-10-11T18:12:59.087Z,2026-09-23T06:11:43.167Z
DEMO-DEV-5642,149,2022-10-04T23:41:56.352Z,2026-09-25T00:40:20.948Z
DEMO-DEV-5727,149,2022-10-05T00:12:23.021Z,2026-09-28T00:36:49.784Z
DEMO-DEV-5737,149,2022-10-08T09:50:18.614Z,2026-09-16T08:49:27.460Z
DEMO-DEV-5748,149,2022-10-16T14:11:58.891Z,2026-09-26T12:20:41.556Z
DEMO-DEV-5753,149,2022-10-06T17:32:30.123Z,2026-09-16T09:15:47.948Z
DEMO-DEV-5799,149,2022-10-13T01:06:23.816Z,2026-09-04T20:51:04.289Z
DEMO-DEV-5800,149,2022-10-04T04:33:27.607Z,2026-09-28T20:27:43.926Z
DEMO-DEV-5825,149,2022-10-06T22:42:59.817Z,2026-09-14T00:21:30.307Z
DEMO-DEV-5861,149,2022-10-06T16:58:23.503Z,2026-06-20T18:53:26.646Z
DEMO-DEV-5965,149,2022-10-13T17:19:35.291Z,2026-09-29T12:32:51.505Z
DEMO-DEV-5979,149,2022-10-21T00:22:17.784Z,2026-09-17T04:29:01.929Z
DEMO-DEV-6001,149,2022-10-14T04:30:34.505Z,2026-09-23T13:35:38.161Z
DEMO-DEV-6062,149,2022-10-04T21:45:48.203Z,2026-09-22T15:03:05.308Z
DEMO-DEV-6192,149,2022-10-06T04:26:51.803Z,2026-09-23T03:19:24.442Z
DEMO-DEV-6269,149,2022-10-06T05:25:26.555Z,2026-09-26T22:25:35.252Z
DEMO-DEV-6320,149,2022-10-24T04:58:06.366Z,2026-09-25T05:54:12.354Z
DEMO-DEV-6402,149,2022-10-18T09:58:52.428Z,2026-09-24T13:43:03.302Z
DEMO-DEV-6633,149,2022-10-06T01:34:11.778Z,2026-09-25T04:22:35.993Z
DEMO-DEV-6685,149,2022-10-05T20:04:15.139Z,2026-09-19T08:50:23.003Z
DEMO-DEV-6712,149,2022-10-03T04:09:13.204Z,2026-09-27T14:50:54.472Z
DEMO-DEV-6717,149,2022-10-18T12:20:41.778Z,2026-09-20T23:12:33.865Z
DEMO-DEV-6793,149,2022-10-03T06:18:32.639Z,2026-09-21T10:47:47.387Z
DEMO-DEV-6823,149,2022-10-16T03:58:37.929Z,2026-09-09T21:17:00.891Z
DEMO-DEV-6854,149,2022-10-05T20:18:34.584Z,2026-09-24T00:18:17.037Z
DEMO-DEV-6863,149,2022-10-03T19:57:36.272Z,2026-09-25T13:10:58.714Z
DEMO-DEV-6884,149,2022-10-14T03:12:54.824Z,2026-08-31T00:15:19.470Z
DEMO-DEV-6895,149,2022-10-12T19:16:47.614Z,2026-09-19T10:23:36.365Z
DEMO-DEV-6920,149,2022-10-22T00:04:16.785Z,2026-09-09T01:27:48.976Z
DEMO-DEV-6974,149,2022-10-06T12:13:57.892Z,2026-09-28T14:42:31.192Z
DEMO-DEV-7010,149,2022-10-10T17:51:22.535Z,2026-09-27T23:33:55.253Z
DEMO-DEV-7031,149,2022-10-23T02:49:55.222Z,2026-09-24T12:14:21.352Z
DEMO-DEV-7126,149,2022-10-04T22:30:47.026Z,2026-09-23T12:32:23.173Z
DEMO-DEV-7167,149,2022-10-08T14:28:18.702Z,2026-09-30T06:58:47.120Z
DEMO-DEV-7184,149,2022-10-01T16:53:45.655Z,2026-09-26T22:15:21.134Z
DEMO-DEV-7247,149,2022-10-22T08:25:48.968Z,2026-09-26T06:13:21.804Z
DEMO-DEV-7256,149,2022-10-05T16:39:16.037Z,2026-09-23T07:27:21.917Z
DEMO-DEV-7257,149,2022-10-09T06:11:02.803Z,2026-09-27T21:37:35.173Z
DEMO-DEV-7326,149,2022-10-07T01:27:18.493Z,2026-09-04T22:03:43.682Z
DEMO-DEV-7328,149,2022-10-03T12:04:52.446Z,2026-09-30T00:17:37.824Z
DEMO-DEV-7367,149,2022-11-10T05:02:14.253Z,2026-09-28T16:25:10.843Z
DEMO-DEV-7390,149,2022-10-11T04:24:00.965Z,2026-09-16T23:22:47.354Z
DEMO-DEV-7429,149,2022-10-16T22:26:46.727Z,2026-09-29T00:15:02.254Z
DEMO-DEV-7470,149,2022-10-04T16:24:40.785Z,2026-09-23T07:37:26.682Z
DEMO-DEV-7511,149,2022-10-02T04:37:25.319Z,2026-09-26T04:21:10.087Z
DEMO-DEV-7548,149,2022-10-05T21:14:48.307Z,2026-09-28T14:44:41.390Z
DEMO-DEV-7573,149,2022-10-09T09:44:58.024Z,2026-09-28T13:28:10.368Z
DEMO-DEV-7862,149,2022-10-11T09:58:56.545Z,2026-09-16T16:17:10.315Z
DEMO-DEV-7991,149,2022-10-30T16:07:12.682Z,2026-09-30T05:09:29.879Z
DEMO-DEV-8022,149,2022-10-10T05:46:49.969Z,2026-09-24T03:30:52.155Z
DEMO-DEV-8096,149,2022-10-06T00:00:49.268Z,2026-09-22T13:19:54.607Z
DEMO-DEV-8121,149,2022-10-05T00:48:14.846Z,2026-09-21T09:59:00.618Z
DEMO-DEV-8135,149,2022-10-05T10:58:46.365Z,2026-09-16T22:16:36.014Z
DEMO-DEV-8160,149,2022-10-09T21:09:53.234Z,2026-09-24T04:24:12.754Z
DEMO-DEV-8243,149,2022-10-24T12:33:54.139Z,2026-09-27T10:55:47.648Z
DEMO-DEV-8348,149,2022-10-09T05:29:53.653Z,2026-09-19T14:12:39.666Z
DEMO-DEV-8363,149,2022-10-02T03:59:59.246Z,2026-09-23T18:59:17.238Z
DEMO-DEV-8383,149,2022-10-04T08:03:11.926Z,2026-09-28T01:26:23.884Z
DEMO-DEV-8392,149,2022-10-10T15:41:35.653Z,2026-09-29T07:22:22.892Z
DEMO-DEV-8430,149,2022-10-02T18:26:52.165Z,2026-09-09T15:16:53.080Z
DEMO-DEV-8448,149,2022-10-06T16:12:25.190Z,2026-09-21T19:26:45.139Z
DEMO-DEV-8453,149,2022-10-07T22:05:59.298Z,2026-09-13T01:22:42.063Z
DEMO-DEV-8503,149,2022-10-17T09:44:29.403Z,2026-09-28T08:54:55.639Z
DEMO-DEV-8545,149,2022-11-02T21:26:02.556Z,2026-09-25T08:28:14.466Z
DEMO-DEV-8588,149,2022-10-03T14:29:33.172Z,2026-09-29T08:31:42.337Z
DEMO-DEV-8626,149,2022-11-20T09:59:28.841Z,2026-09-28T04:24:41.825Z
DEMO-DEV-8629,149,2022-10-10T19:46:37.545Z,2026-09-28T11:46:43.863Z
DEMO-DEV-8668,149,2022-10-02T15:18:31.949Z,2026-09-28T11:35:07.524Z
DEMO-DEV-8689,149,2022-10-14T22:41:20.965Z,2026-09-19T21:54:06.892Z
DEMO-DEV-8715,149,2022-10-08T18:48:49.618Z,2026-09-26T13:11:52.222Z
DEMO-DEV-8759,149,2022-10-02T05:47:40.859Z,2026-09-27T06:33:31.370Z
DEMO-DEV-8770,149,2022-10-13T16:58:03.246Z,2026-09-22T07:27:58.913Z
DEMO-DEV-8795,149,2022-10-01T10:33:55.027Z,2026-09-26T18:04:03.557Z
DEMO-DEV-8807,149,2022-10-03T15:11:03.387Z,2026-09-25T04:47:22.511Z
DEMO-DEV-8833,149,2022-10-05T17:15:52.226Z,2026-09-28T20:57:46.523Z
DEMO-DEV-8920,149,2022-10-07T09:55:43.428Z,2026-09-26T03:07:12.222Z
DEMO-DEV-9103,149,2022-10-28T07:41:10.428Z,2026-09-29T22:58:51.676Z
DEMO-DEV-9136,149,2022-10-05T22:18:27.976Z,2026-09-15T13:31:46.272Z
DEMO-DEV-9231,149,2022-10-13T07:09:02.714Z,2026-09-18T17:09:56.803Z
DEMO-DEV-9269,149,2022-10-05T03:24:13.063Z,2026-09-08T12:20:16.027Z
DEMO-DEV-9274,149,2022-10-07T19:15:34.134Z,2026-09-27T01:48:07.989Z
DEMO-DEV-9318,149,2022-10-07T20:05:22.591Z,2026-09-16T01:51:22.403Z
DEMO-DEV-9358,149,2022-10-02T15:11:47.403Z,2026-09-11T09:03:02.987Z
DEMO-DEV-9364,149,2022-10-28T15:57:13.859Z,2026-08-25T21:11:55.485Z
DEMO-DEV-9405,149,2022-10-05T00:25:59.976Z,2026-09-20T00:16:48.714Z
DEMO-DEV-9420,149,2022-10-01T11:03:45.308Z,2026-09-19T13:19:55.599Z
DEMO-DEV-9445,149,2022-10-04T22:45:11.605Z,2026-09-15T05:47:57.493Z
DEMO-DEV-9453,149,2022-10-09T01:21:57.974Z,2026-08-27T23:49:13.023Z
DEMO-DEV-9479,149,2022-10-26T02:31:40.391Z,2026-09-26T04:01:36.793Z
DEMO-DEV-9489,149,2022-10-17T15:56:42.068Z,2026-09-29T18:26:15.870Z
DEMO-DEV-9515,149,2022-10-06T03:07:11.403Z,2026-09-16T14:06:06.365Z
DEMO-DEV-9553,149,2022-10-04T10:21:52.168Z,2026-09-30T04:15:27.804Z
DEMO-DEV-9623,149,2022-11-11T22:42:55.965Z,2026-08-21T12:45:30.239Z
DEMO-DEV-9636,149,2022-10-01T14:25:17.607Z,2026-09-28T17:26:25.208Z
DEMO-DEV-9714,149,2022-10-04T21:33:35.325Z,2026-09-29T01:10:15.799Z
DEMO-DEV-9728,149,2022-10-04T00:54:51.968Z,2026-09-27T19:53:17.839Z
DEMO-DEV-9736,149,2022-10-08T19:03:31.795Z,2026-09-12T14:34:16.948Z
DEMO-DEV-9753,149,2022-10-05T07:33:42.120Z,2026-09-26T18:31:34.913Z
DEMO-DEV-9824,149,2022-10-11T08:03:07.472Z,2026-09-28T07:34:53.865Z
DEMO-DEV-9828,149,2022-10-31T05:46:06.387Z,2026-09-28T16:53:28.929Z
DEMO-DEV-9907,149,2022-10-15T01:49:51.023Z,2026-09-28T16:59:45.806Z
DEMO-DEV-9910,149,2022-10-01T15:29:21.442Z,2026-09-18T22:19:20.727Z
DEMO-DEV-9927,149,2022-11-04T12:07:49.038Z,2026-09-28T00:41:48.230Z
DEMO-DEV-9961,149,2022-10-05T03:33:16.799Z,2026-09-09T09:33:43.298Z
DEMO-DEV-0127,148,2022-10-03T05:24:33.204Z,2026-09-28T04:43:49.087Z
DEMO-DEV-0139,148,2022-10-02T22:15:47.428Z,2026-09-28T13:52:52.230Z
DEMO-DEV-0147,148,2022-10-10T17:09:01.238Z,2026-09-23T10:22:52.892Z
DEMO-DEV-0206,148,2022-10-12T12:27:12.557Z,2026-09-22T02:22:18.865Z
DEMO-DEV-0516,148,2022-10-21T09:21:37.045Z,2026-09-29T08:57:39.368Z
DEMO-DEV-0556,148,2022-10-11T21:47:44.026Z,2026-09-13T12:35:59.230Z
DEMO-DEV-0607,148,2022-10-06T12:12:58.345Z,2026-09-28T08:04:47.612Z
DEMO-DEV-0618,148,2022-10-04T14:52:29.205Z,2026-09-25T23:16:37.238Z
DEMO-DEV-0669,148,2022-10-21T09:31:57.836Z,2026-09-28T05:36:10.370Z
DEMO-DEV-0674,148,2022-10-03T13:19:29.038Z,2026-09-26T15:50:58.080Z
DEMO-DEV-0684,148,2022-10-02T20:32:07.785Z,2026-09-28T14:51:07.368Z
DEMO-DEV-0736,148,2022-10-02T00:39:55.370Z,2026-09-18T16:22:40.172Z
DEMO-DEV-0808,148,2022-10-19T11:23:44.614Z,2026-09-23T22:42:30.870Z
DEMO-DEV-0864,148,2022-10-10T17:00:16.337Z,2026-09-29T18:06:22.545Z
DEMO-DEV-0889,148,2022-10-07T05:28:31.618Z,2026-09-15T14:32:37.537Z
DEMO-DEV-0947,148,2022-10-12T21:41:08.168Z,2026-09-27T15:04:29.500Z
DEMO-DEV-0969,148,2022-11-05T02:27:57.236Z,2026-09-19T18:15:37.859Z
DEMO-DEV-0994,148,2022-10-17T04:45:45.915Z,2026-09-23T10:14:16.138Z
DEMO-DEV-1013,148,2022-10-29T04:34:29.816Z,2026-09-29T05:43:17.319Z
DEMO-DEV-1014,148,2022-10-20T03:04:14.442Z,2026-09-25T13:30:29.472Z
DEMO-DEV-1049,148,2022-10-27T14:40:44.090Z,2026-09-24T02:06:17.949Z
DEMO-DEV-1055,148,2022-10-10T09:03:44.614Z,2026-09-18T23:56:20.926Z
DEMO-DEV-1093,148,2022-10-14T14:10:21.524Z,2026-09-28T11:02:08.557Z
DEMO-DEV-1153,148,2022-10-13T04:36:40.682Z,2026-09-23T12:02:20.472Z
DEMO-DEV-1266,148,2022-10-02T11:28:15.795Z,2026-09-29T00:32:02.370Z
DEMO-DEV-1321,148,2022-10-02T16:26:04.397Z,2026-09-24T15:28:00.222Z
DEMO-DEV-1463,148,2022-10-11T07:34:15.497Z,2026-09-28T06:41:39.365Z
DEMO-DEV-1480,148,2022-10-05T15:07:37.354Z,2026-09-20T12:12:56.087Z
DEMO-DEV-1550,148,2022-10-02T06:50:10.045Z,2026-09-26T11:07:26.190Z
DEMO-DEV-1612,148,2022-10-03T16:20:47.555Z,2026-09-29T05:29:21.891Z
DEMO-DEV-1621,148,2022-10-05T20:40:39.556Z,2026-09-16T01:25:13.462Z
DEMO-DEV-1649,148,2022-10-09T12:37:57.884Z,2026-09-24T23:01:52.021Z
DEMO-DEV-1781,148,2022-10-06T17:22:54.014Z,2026-09-23T21:18:22.003Z
DEMO-DEV-1811,148,2022-10-01T23:13:55.804Z,2026-09-14T22:29:17.298Z
DEMO-DEV-1892,148,2022-10-06T03:13:41.204Z,2026-09-28T03:57:00.352Z
DEMO-DEV-1943,148,2022-10-26T04:27:56.914Z,2026-09-23T07:14:38.264Z
DEMO-DEV-2024,148,2022-10-23T12:40:29.218Z,2026-09-18T17:36:14.015Z
DEMO-DEV-2141,148,2022-10-10T14:24:52.793Z,2026-09-19T05:35:10.523Z
DEMO-DEV-2149,148,2022-10-11T08:10:49.803Z,2026-09-23T12:55:04.026Z
DEMO-DEV-2226,148,2022-11-16T14:14:31.366Z,2026-09-02T15:09:07.599Z
DEMO-DEV-2257,148,2022-10-31T08:00:42.597Z,2026-09-30T02:43:20.948Z
DEMO-DEV-2313,148,2022-10-16T14:54:06.754Z,2026-09-08T23:06:05.192Z
DEMO-DEV-2321,148,2022-10-16T06:36:49.735Z,2026-09-26T14:39:10.470Z
DEMO-DEV-2342,148,2022-10-07T08:10:23.063Z,2026-09-29T21:49:00.123Z
DEMO-DEV-2510,148,2022-10-08T03:38:15.402Z,2026-09-29T12:26:08.500Z
DEMO-DEV-2562,148,2022-10-04T13:42:48.926Z,2026-09-21T00:36:32.524Z
DEMO-DEV-2630,148,2022-10-02T16:48:47.799Z,2026-09-20T01:51:27.976Z
DEMO-DEV-2633,148,2022-10-18T21:51:37.926Z,2026-09-09T05:34:34.917Z
DEMO-DEV-2647,148,2022-10-11T23:46:13.222Z,2026-09-16T03:11:09.843Z
DEMO-DEV-2679,148,2022-10-02T00:36:30.968Z,2026-09-29T09:57:29.080Z
DEMO-DEV-2725,148,2022-11-01T21:48:33.873Z,2026-09-27T08:33:57.557Z
DEMO-DEV-2829,148,2022-10-09T00:36:02.803Z,2026-09-15T12:09:21.063Z
DEMO-DEV-2841,148,2022-10-07T19:24:59.387Z,2026-09-28T22:25:54.443Z
DEMO-DEV-2923,148,2022-11-11T07:05:05.120Z,2026-09-20T14:27:32.864Z
DEMO-DEV-2928,148,2022-10-10T06:44:41.519Z,2026-09-23T16:25:30.993Z
DEMO-DEV-2974,148,2022-10-02T17:54:50.843Z,2026-09-17T21:43:50.513Z
DEMO-DEV-3032,148,2022-10-04T06:16:45.160Z,2026-09-29T02:13:05.793Z
DEMO-DEV-3052,148,2022-10-13T04:02:32.914Z,2026-09-24T21:44:21.646Z
DEMO-DEV-3155,148,2022-10-07T21:31:22.038Z,2026-09-27T12:24:12.524Z
DEMO-DEV-3184,148,2022-10-02T17:04:53.160Z,2026-09-14T10:39:11.949Z
DEMO-DEV-3188,148,2022-10-11T07:30:38.738Z,2026-09-20T19:23:39.688Z
DEMO-DEV-3240,148,2022-10-16T20:20:41.842Z,2026-09-19T15:21:28.966Z
DEMO-DEV-3251,148,2022-10-09T17:50:21.446Z,2026-09-27T17:06:44.232Z
DEMO-DEV-3265,148,2022-10-01T10:30:51.307Z,2026-09-27T10:26:35.045Z
DEMO-DEV-3281,148,2022-10-10T15:11:27.138Z,2026-09-24T20:37:37.754Z
DEMO-DEV-3310,148,2022-10-06T13:09:00.238Z,2026-09-24T15:20:25.513Z
DEMO-DEV-3358,148,2022-10-29T19:41:02.087Z,2026-09-19T22:17:23.307Z
DEMO-DEV-3418,148,2022-10-10T10:53:04.842Z,2026-09-25T16:40:16.446Z
DEMO-DEV-3448,148,2022-10-03T19:15:18.370Z,2026-09-25T09:58:09.390Z
DEMO-DEV-3490,148,2022-11-08T05:49:14.319Z,2026-09-07T14:10:45.403Z
DEMO-DEV-3513,148,2022-10-24T23:14:03.026Z,2026-09-19T04:02:29.817Z
DEMO-DEV-3576,148,2022-10-29T10:16:32.291Z,2026-09-15T14:32:56.394Z
DEMO-DEV-3597,148,2022-10-02T04:03:05.234Z,2026-09-30T03:13:36.428Z
DEMO-DEV-3656,148,2022-10-06T21:28:54.221Z,2026-09-22T19:20:53.167Z
DEMO-DEV-3672,148,2022-10-02T17:52:28.863Z,2026-09-29T21:17:43.075Z
DEMO-DEV-3679,148,2022-10-05T14:55:20.839Z,2026-09-29T12:40:18.839Z
DEMO-DEV-3707,148,2022-10-04T12:58:50.784Z,2026-09-13T12:57:49.508Z
DEMO-DEV-3903,148,2022-10-11T20:11:28.272Z,2026-09-29T17:41:29.799Z
DEMO-DEV-3927,148,2022-10-23T09:58:21.614Z,2026-09-15T00:04:55.867Z
DEMO-DEV-3952,148,2022-10-04T01:23:30.366Z,2026-09-25T09:43:23.315Z
DEMO-DEV-4032,148,2022-10-19T19:30:12.658Z,2026-09-20T17:31:57.885Z
DEMO-DEV-4060,148,2022-10-07T20:06:47.752Z,2026-09-20T20:51:20.568Z
DEMO-DEV-4099,148,2022-10-22T15:25:11.040Z,2026-09-25T19:19:10.345Z
DEMO-DEV-4169,148,2022-10-05T10:58:45.806Z,2026-09-14T09:21:13.254Z
DEMO-DEV-4299,148,2022-10-05T15:23:48.597Z,2026-09-11T21:18:32.949Z
DEMO-DEV-4369,148,2022-10-01T21:37:27.075Z,2026-09-28T19:10:38.402Z
DEMO-DEV-4370,148,2022-10-03T17:30:42.397Z,2026-09-20T13:22:38.455Z
DEMO-DEV-4434,148,2022-10-06T08:22:45.150Z,2026-09-13T00:10:16.337Z
DEMO-DEV-4500,148,2022-10-05T16:14:11.236Z,2026-09-29T00:08:51.315Z
DEMO-DEV-4533,148,2022-10-14T22:49:48.493Z,2026-09-26T11:09:50.173Z
DEMO-DEV-4534,148,2022-10-25T07:20:30.300Z,2026-08-28T05:49:06.989Z
DEMO-DEV-4561,148,2022-10-07T22:28:38.298Z,2026-09-30T04:27:37.646Z
DEMO-DEV-4586,148,2022-10-06T08:25:57.287Z,2026-09-29T16:30:25.391Z
DEMO-DEV-4594,148,2022-10-02T15:43:17.134Z,2026-09-16T22:23:31.442Z
DEMO-DEV-4665,148,2022-10-12T01:59:18.402Z,2026-09-21T21:28:41.173Z
DEMO-DEV-4737,148,2022-10-20T08:30:07.045Z,2026-09-15T01:47:43.221Z
DEMO-DEV-4759,148,2022-10-22T17:03:02.205Z,2026-09-18T01:07:52.224Z
DEMO-DEV-4915,148,2022-10-07T12:21:29.183Z,2026-08-24T01:13:38.462Z
DEMO-DEV-4957,148,2022-10-16T03:41:26.300Z,2026-09-26T19:44:18.578Z
DEMO-DEV-4972,148,2022-10-20T17:13:56.917Z,2026-09-17T01:45:06.023Z
DEMO-DEV-4993,148,2022-10-01T11:13:40.803Z,2026-09-29T20:43:56.455Z
DEMO-DEV-5044,148,2022-10-01T19:28:33.442Z,2026-09-10T11:08:41.682Z
DEMO-DEV-5131,148,2022-10-14T22:43:49.524Z,2026-09-18T07:44:49.969Z
DEMO-DEV-5133,148,2022-10-05T21:00:35.077Z,2026-09-29T13:15:29.727Z
DEMO-DEV-5135,148,2022-11-01T08:24:28.839Z,2026-09-16T04:21:20.913Z
DEMO-DEV-5144,148,2022-10-03T01:51:53.868Z,2026-09-27T16:50:30.511Z
DEMO-DEV-5290,148,2022-11-03T05:02:26.462Z,2026-09-13T10:56:02.238Z
DEMO-DEV-5407,148,2022-10-24T09:01:33.391Z,2026-09-28T21:34:00.120Z
DEMO-DEV-5463,148,2022-10-01T13:22:27.949Z,2026-09-09T03:41:52.950Z
DEMO-DEV-5590,148,2022-10-15T07:34:36.843Z,2026-08-19T07:07:35.864Z
DEMO-DEV-5679,148,2022-10-15T15:07:54.877Z,2026-09-25T11:01:11.391Z
DEMO-DEV-5774,148,2022-10-07T17:30:48.975Z,2026-09-27T07:01:11.470Z
DEMO-DEV-5783,148,2022-10-02T02:11:03.839Z,2026-09-10T17:02:51.254Z
DEMO-DEV-5786,148,2022-11-12T09:29:05.370Z,2026-09-25T15:14:16.308Z
DEMO-DEV-5836,148,2022-10-02T18:10:16.702Z,2026-09-28T10:30:19.765Z
DEMO-DEV-5999,148,2022-10-09T10:45:38.655Z,2026-09-21T22:14:56.846Z
DEMO-DEV-6005,148,2022-10-01T14:45:58.817Z,2026-09-24T06:50:04.969Z
DEMO-DEV-6028,148,2022-10-07T23:45:56.966Z,2026-09-17T21:18:36.203Z
DEMO-DEV-6037,148,2022-10-05T01:53:13.682Z,2026-08-25T15:15:12.315Z
DEMO-DEV-6051,148,2022-10-17T11:45:51.870Z,2026-09-21T12:45:36.792Z
DEMO-DEV-6071,148,2022-10-10T07:18:08.365Z,2026-09-20T18:22:35.846Z
DEMO-DEV-6089,148,2022-10-18T12:42:46.752Z,2026-09-17T09:51:59.948Z
DEMO-DEV-6135,148,2022-10-04T21:01:48.015Z,2026-08-26T19:46:39.090Z
DEMO-DEV-6149,148,2022-10-06T19:28:46.308Z,2026-09-12T13:04:31.915Z
DEMO-DEV-6226,148,2022-10-10T03:31:39.513Z,2026-09-21T22:56:11.203Z
DEMO-DEV-6282,148,2022-10-08T20:56:57.023Z,2026-09-30T01:14:04.325Z
DEMO-DEV-6296,148,2022-10-03T21:29:38.965Z,2026-09-15T20:54:35.366Z
DEMO-DEV-6333,148,2022-10-14T05:53:42.023Z,2026-09-07T21:42:25.867Z
DEMO-DEV-6364,148,2022-10-07T11:22:43.786Z,2026-09-05T21:56:08.015Z
DEMO-DEV-6416,148,2022-10-28T14:32:01.692Z,2026-09-26T04:30:04.879Z
DEMO-DEV-6492,148,2022-10-05T16:04:32.204Z,2026-09-30T05:12:55.428Z
DEMO-DEV-6497,148,2022-10-31T03:43:43.234Z,2026-09-28T04:49:04.239Z
DEMO-DEV-6532,148,2022-10-15T00:39:08.682Z,2026-09-30T03:07:34.224Z
DEMO-DEV-6535,148,2022-10-09T05:08:29.816Z,2026-09-22T07:58:06.914Z
DEMO-DEV-6552,148,2022-10-06T23:31:58.892Z,2026-09-27T19:11:00.682Z
DEMO-DEV-6554,148,2022-10-22T22:20:20.618Z,2026-09-27T23:49:10.864Z
DEMO-DEV-6562,148,2022-10-11T00:18:07.183Z,2026-09-17T04:50:51.555Z
DEMO-DEV-6579,148,2022-10-06T06:58:46.976Z,2026-09-27T03:00:11.120Z
DEMO-DEV-6599,148,2022-10-13T08:35:56.817Z,2026-09-26T05:57:07.045Z
DEMO-DEV-6611,148,2022-10-30T03:43:13.063Z,2026-08-28T23:53:39.682Z
DEMO-DEV-6622,148,2022-10-18T03:48:00.710Z,2026-09-16T01:42:57.272Z
DEMO-DEV-6721,148,2022-10-02T19:33:59.470Z,2026-09-12T07:35:12.870Z
DEMO-DEV-6738,148,2022-11-16T08:31:11.325Z,2026-09-28T16:15:41.535Z
DEMO-DEV-6841,148,2022-10-06T10:45:51.555Z,2026-08-31T21:18:50.172Z
DEMO-DEV-6878,148,2022-10-03T08:01:40.172Z,2026-09-18T23:00:07.929Z
DEMO-DEV-6928,148,2022-10-10T14:34:32.300Z,2026-09-16T02:32:30.846Z
DEMO-DEV-7036,148,2022-10-30T19:51:00.523Z,2026-09-08T16:14:30.917Z
DEMO-DEV-7085,148,2022-10-08T10:49:13.442Z,2026-09-25T03:00:14.291Z
DEMO-DEV-7190,148,2022-10-05T23:37:49.442Z,2026-09-30T00:09:05.989Z
DEMO-DEV-7228,148,2022-10-07T19:08:12.859Z,2026-09-10T10:22:16.719Z
DEMO-DEV-7269,148,2022-10-03T15:57:02.682Z,2026-09-19T12:57:58.782Z
DEMO-DEV-7284,148,2022-10-07T10:16:27.500Z,2026-09-24T22:30:46.786Z
DEMO-DEV-7295,148,2022-10-05T03:48:48.345Z,2026-08-30T04:05:06.792Z
DEMO-DEV-7318,148,2022-10-02T11:31:08.485Z,2026-09-24T03:18:03.155Z
DEMO-DEV-7322,148,2022-10-05T04:54:34.524Z,2026-09-20T08:43:46.402Z
DEMO-DEV-7337,148,2022-10-02T05:46:07.914Z,2026-08-06T21:07:05.863Z
DEMO-DEV-7381,148,2022-10-05T01:26:30.120Z,2026-09-08T00:41:26.913Z
DEMO-DEV-7432,148,2022-10-01T14:47:33.864Z,2026-09-23T23:50:50.578Z
DEMO-DEV-7472,148,2022-10-05T03:53:02.599Z,2026-09-29T01:20:59.319Z
DEMO-DEV-7479,148,2022-10-06T11:50:40.975Z,2026-09-26T14:43:46.357Z
DEMO-DEV-7523,148,2022-10-01T19:25:26.298Z,2026-09-14T14:32:11.026Z
DEMO-DEV-7589,148,2022-10-12T11:59:44.968Z,2026-09-29T00:44:43.443Z
DEMO-DEV-7610,148,2022-10-12T10:45:52.969Z,2026-09-19T07:10:40.272Z
DEMO-DEV-7691,148,2022-10-01T18:38:58.003Z,2026-09-21T02:56:54.357Z
DEMO-DEV-7811,148,2022-10-07T10:29:26.668Z,2026-09-21T16:36:37.714Z
DEMO-DEV-7836,148,2022-10-17T16:10:19.239Z,2026-09-11T08:39:36.658Z
DEMO-DEV-7838,148,2022-10-09T06:06:28.867Z,2026-09-11T08:07:47.003Z
DEMO-DEV-7858,148,2022-10-04T11:51:37.021Z,2026-09-29T04:10:38.123Z
DEMO-DEV-7863,148,2022-10-15T09:49:20.123Z,2026-09-20T06:35:34.754Z
DEMO-DEV-7926,148,2022-10-24T17:37:57.287Z,2026-09-29T20:50:25.221Z
DEMO-DEV-7979,148,2022-10-04T22:46:02.402Z,2026-09-23T17:53:13.391Z
DEMO-DEV-8134,148,2022-10-02T08:02:50.485Z,2026-09-21T01:00:53.063Z
DEMO-DEV-8143,148,2022-10-03T20:29:25.288Z,2026-09-18T16:22:31.302Z
DEMO-DEV-8176,148,2022-10-03T22:55:08.873Z,2026-09-21T21:00:46.614Z
DEMO-DEV-8251,148,2022-10-04T11:58:03.090Z,2026-09-18T01:53:48.460Z
DEMO-DEV-8257,148,2022-10-01T10:03:48.653Z,2026-09-29T03:26:42.646Z
DEMO-DEV-8276,148,2022-10-17T08:59:58.692Z,2026-09-27T05:59:21.366Z
DEMO-DEV-8287,148,2022-10-02T22:47:53.646Z,2026-09-22T11:56:49.765Z
DEMO-DEV-8288,148,2022-10-13T05:57:49.208Z,2026-08-29T12:51:15.992Z
DEMO-DEV-8310,148,2022-10-07T15:01:20.913Z,2026-09-25T21:29:30.836Z
DEMO-DEV-8391,148,2022-10-22T19:30:48.211Z,2026-09-25T21:32:40.754Z
DEMO-DEV-8414,148,2022-10-02T14:22:36.752Z,2026-09-24T08:17:00.190Z
DEMO-DEV-8418,148,2022-10-08T13:18:24.891Z,2026-09-20T12:03:20.288Z
DEMO-DEV-8442,148,2022-10-05T20:17:47.799Z,2026-09-27T00:51:42.975Z
DEMO-DEV-8523,148,2022-10-06T04:43:51.075Z,2026-09-25T10:13:33.428Z
DEMO-DEV-8586,148,2022-10-15T09:18:07.045Z,2026-09-28T23:25:12.710Z
DEMO-DEV-8649,148,2022-10-08T06:46:07.485Z,2026-09-24T11:24:29.714Z
DEMO-DEV-8672,148,2022-10-03T22:30:47.397Z,2026-09-22T22:40:41.345Z
DEMO-DEV-8724,148,2022-10-01T20:48:11.225Z,2026-09-20T20:49:32.968Z
DEMO-DEV-8743,148,2022-10-22T03:39:59.192Z,2026-09-06T10:26:06.948Z
DEMO-DEV-8766,148,2022-10-06T19:20:28.500Z,2026-09-13T17:09:41.218Z
DEMO-DEV-8831,148,2022-10-12T16:43:21.493Z,2026-09-29T08:34:09.470Z
DEMO-DEV-8904,148,2022-10-07T06:00:18.300Z,2026-09-17T17:01:22.537Z
DEMO-DEV-8906,148,2022-11-03T11:24:15.913Z,2026-09-29T13:06:56.015Z
DEMO-DEV-8923,148,2022-10-16T19:14:48.003Z,2026-09-21T08:20:31.793Z
DEMO-DEV-8941,148,2022-10-23T14:02:01.222Z,2026-09-16T19:32:51.865Z
DEMO-DEV-8956,148,2022-10-21T14:33:37.307Z,2026-09-23T02:30:43.208Z
DEMO-DEV-8977,148,2022-10-06T08:55:09.682Z,2026-09-14T06:02:26.710Z
DEMO-DEV-8995,148,2022-10-04T15:38:48.974Z,2026-09-18T14:27:33.225Z
DEMO-DEV-9027,148,2022-10-03T03:50:51.785Z,2026-09-23T15:13:47.239Z
DEMO-DEV-9094,148,2022-10-02T07:25:27.926Z,2026-09-01T03:59:19.975Z
DEMO-DEV-9108,148,2022-10-01T14:48:11.208Z,2026-09-26T19:15:11.607Z
DEMO-DEV-9119,148,2022-10-05T13:41:22.929Z,2026-09-15T07:09:00.885Z
DEMO-DEV-9139,148,2022-10-03T05:40:35.123Z,2026-09-26T09:57:05.646Z
DEMO-DEV-9171,148,2022-10-04T04:08:44.308Z,2026-09-28T19:20:56.816Z
DEMO-DEV-9179,148,2022-10-16T22:46:52.462Z,2026-09-28T23:56:30.792Z
DEMO-DEV-9237,148,2022-10-22T15:37:06.950Z,2026-09-30T05:20:59.804Z
DEMO-DEV-9293,148,2022-10-12T09:48:08.676Z,2026-09-28T00:53:53.428Z
DEMO-DEV-9347,148,2022-10-19T15:04:40.825Z,2026-09-22T07:53:49.090Z
DEMO-DEV-9369,148,2022-10-04T15:10:20.221Z,2026-09-26T05:06:26.272Z
DEMO-DEV-9442,148,2022-10-26T13:14:37.975Z,2026-09-25T05:58:04.003Z
DEMO-DEV-9516,148,2022-10-02T23:32:24.409Z,2026-09-27T22:45:20.584Z
DEMO-DEV-9606,148,2022-10-08T20:43:18.793Z,2026-09-25T04:29:51.403Z
DEMO-DEV-9708,148,2022-10-14T15:19:21.727Z,2026-09-28T10:17:24.524Z
DEMO-DEV-9773,148,2022-10-03T20:05:27.168Z,2026-09-14T08:03:44.172Z
DEMO-DEV-9883,148,2022-10-07T13:42:19.987Z,2026-09-27T23:33:42.123Z
DEMO-DEV-9917,148,2022-10-17T12:24:38.929Z,2026-09-24T10:34:25.523Z
DEMO-DEV-9959,148,2022-10-07T16:45:08.485Z,2026-08-26T20:33:45.004Z
DEMO-DEV-9967,148,2022-10-06T06:18:59.139Z,2026-09-28T00:13:24.993Z
DEMO-DEV-0090,147,2022-10-17T05:36:59.234Z,2026-09-13T13:24:00.692Z
DEMO-DEV-0241,147,2022-10-13T08:50:24.949Z,2026-09-29T21:05:44.836Z
DEMO-DEV-0269,147,2022-10-02T18:15:06.387Z,2026-09-07T03:32:59.639Z
DEMO-DEV-0292,147,2022-10-04T03:16:15.646Z,2026-09-29T03:23:25.470Z
DEMO-DEV-0316,147,2022-10-20T21:50:18.519Z,2026-09-17T11:29:01.792Z
DEMO-DEV-0436,147,2022-10-03T16:32:25.524Z,2026-09-30T08:07:10.513Z
DEMO-DEV-0619,147,2022-10-12T00:29:40.073Z,2026-09-22T18:47:14.816Z
DEMO-DEV-0706,147,2022-10-02T18:59:12.692Z,2026-09-17T14:28:27.915Z
DEMO-DEV-0866,147,2022-10-02T11:21:09.987Z,2026-09-24T14:01:31.470Z
DEMO-DEV-1015,147,2022-10-07T05:05:06.264Z,2026-09-25T03:19:06.599Z
DEMO-DEV-1018,147,2022-10-06T16:40:39.211Z,2026-09-25T22:16:07.655Z
DEMO-DEV-1031,147,2022-10-19T12:14:39.319Z,2026-09-25T21:26:11.160Z
DEMO-DEV-1053,147,2022-10-16T18:27:28.470Z,2026-09-25T07:49:48.307Z
DEMO-DEV-1115,147,2022-10-11T07:15:56.165Z,2026-09-06T18:55:11.352Z
DEMO-DEV-1143,147,2022-10-12T07:48:58.612Z,2026-09-23T05:02:50.578Z
DEMO-DEV-1149,147,2022-10-02T12:52:47.524Z,2026-09-23T08:42:09.511Z
DEMO-DEV-1158,147,2022-10-05T16:07:15.784Z,2026-09-28T19:15:46.618Z
DEMO-DEV-1234,147,2022-10-05T17:28:34.394Z,2026-09-22T00:26:45.968Z
DEMO-DEV-1244,147,2022-10-11T00:27:54.926Z,2026-09-25T17:28:54.203Z
DEMO-DEV-1476,147,2022-10-04T08:25:36.867Z,2026-09-28T05:51:10.682Z
DEMO-DEV-1483,147,2022-10-07T08:27:29.357Z,2026-09-19T16:00:04.428Z
DEMO-DEV-1551,147,2022-10-06T23:01:11.605Z,2026-09-27T12:59:05.803Z
DEMO-DEV-1563,147,2022-10-05T15:28:29.308Z,2026-09-23T02:00:05.655Z
DEMO-DEV-1670,147,2022-10-09T04:12:19.688Z,2026-09-26T07:25:23.167Z
DEMO-DEV-1683,147,2022-10-05T14:54:19.948Z,2026-09-25T15:19:34.985Z
DEMO-DEV-1708,147,2022-10-03T11:19:14.578Z,2026-09-26T06:35:34.403Z
DEMO-DEV-1830,147,2022-10-10T01:13:23.015Z,2026-09-02T04:24:47.500Z
DEMO-DEV-1836,147,2022-10-01T08:57:43.513Z,2026-09-29T05:54:10.472Z
DEMO-DEV-1901,147,2022-10-05T22:43:55.173Z,2026-09-14T16:14:51.168Z
DEMO-DEV-1998,147,2022-10-03T20:56:07.914Z,2026-09-12T12:11:30.824Z
DEMO-DEV-2076,147,2022-10-04T21:45:34.929Z,2026-09-29T13:33:00.204Z
DEMO-DEV-2119,147,2022-10-07T06:23:54.150Z,2026-09-22T08:33:23.917Z
DEMO-DEV-2174,147,2022-10-12T05:43:34.568Z,2026-09-28T11:43:52.139Z
DEMO-DEV-2317,147,2022-10-08T02:26:38.442Z,2026-08-24T09:02:24.738Z
DEMO-DEV-2336,147,2022-10-11T20:08:38.325Z,2026-09-22T14:32:54.782Z
DEMO-DEV-2373,147,2022-10-13T15:06:11.803Z,2026-09-25T08:20:05.123Z
DEMO-DEV-2380,147,2022-10-12T01:57:56.792Z,2026-09-24T15:17:34.989Z
DEMO-DEV-2398,147,2022-10-16T06:36:56.167Z,2026-09-25T05:35:20.497Z
DEMO-DEV-2503,147,2022-10-07T07:24:18.403Z,2026-09-17T07:56:52.403Z
DEMO-DEV-2515,147,2022-10-10T16:50:22.038Z,2026-09-22T12:55:24.497Z
DEMO-DEV-2557,147,2022-10-16T23:39:57.555Z,2026-09-20T06:14:49.160Z
DEMO-DEV-2578,147,2022-10-13T22:39:08.568Z,2026-08-18T01:54:38.868Z
DEMO-DEV-2695,147,2022-10-02T16:43:57.038Z,2026-09-28T15:05:53.288Z
DEMO-DEV-2776,147,2022-10-06T11:46:45.868Z,2026-09-21T20:32:21.727Z
DEMO-DEV-2905,147,2022-10-05T19:09:30.230Z,2026-09-21T16:33:04.948Z
DEMO-DEV-2932,147,2022-10-01T09:09:54.345Z,2026-09-21T15:53:52.291Z
DEMO-DEV-3060,147,2022-10-08T02:17:04.636Z,2026-09-27T12:04:26.668Z
DEMO-DEV-3100,147,2022-10-02T20:53:32.298Z,2026-09-24T19:48:13.027Z
DEMO-DEV-3142,147,2022-10-05T14:23:16.234Z,2026-09-25T16:36:46.614Z
DEMO-DEV-3144,147,2022-10-18T05:37:38.204Z,2026-09-26T02:54:04.168Z
DEMO-DEV-3193,147,2022-10-04T11:29:08.605Z,2026-09-20T16:10:40.989Z
DEMO-DEV-3264,147,2022-10-09T01:08:43.817Z,2026-09-23T03:03:20.653Z
DEMO-DEV-3268,147,2022-10-10T02:37:55.891Z,2026-09-24T00:10:40.442Z
DEMO-DEV-3290,147,2022-11-11T22:27:20.879Z,2026-09-29T11:25:33.222Z
DEMO-DEV-3527,147,2022-10-02T13:01:51.811Z,2026-09-15T23:18:24.224Z
DEMO-DEV-3535,147,2022-10-11T10:29:34.090Z,2026-09-22T07:38:12.497Z
DEMO-DEV-3592,147,2022-10-02T00:20:50.599Z,2026-09-17T18:28:14.824Z
DEMO-DEV-3673,147,2022-10-04T18:51:36.676Z,2026-09-21T04:04:02.123Z
DEMO-DEV-3759,147,2022-10-20T21:13:19.505Z,2026-09-01T09:08:21.428Z
DEMO-DEV-3810,147,2022-10-11T00:44:17.038Z,2026-09-20T08:57:23.354Z
DEMO-DEV-3826,147,2022-10-02T14:27:26.087Z,2026-09-30T01:17:56.428Z
DEMO-DEV-3870,147,2022-10-01T12:27:09.778Z,2026-09-27T12:06:33.497Z
DEMO-DEV-3936,147,2022-10-17T02:22:14.968Z,2026-09-25T01:23:04.057Z
DEMO-DEV-3965,147,2022-10-02T09:00:47.138Z,2026-09-20T00:32:34.661Z
DEMO-DEV-3975,147,2022-10-08T02:23:57.519Z,2026-09-07T22:58:12.614Z
DEMO-DEV-4121,147,2022-10-02T08:20:50.584Z,2026-09-30T07:13:04.599Z
DEMO-DEV-4138,147,2022-11-04T05:08:27.867Z,2026-09-26T17:45:45.655Z
DEMO-DEV-4146,147,2022-10-07T22:31:26.605Z,2026-09-27T05:33:14.915Z
DEMO-DEV-4244,147,2022-10-04T02:09:23.816Z,2026-09-11T23:25:49.203Z
DEMO-DEV-4251,147,2022-10-14T14:10:11.646Z,2026-09-26T12:38:12.253Z
DEMO-DEV-4324,147,2022-10-05T15:55:37.300Z,2026-09-10T22:24:27.183Z
DEMO-DEV-4332,147,2022-10-03T10:10:26.403Z,2026-09-15T13:46:02.134Z
DEMO-DEV-4360,147,2022-10-11T18:58:55.851Z,2026-09-27T09:47:42.205Z
DEMO-DEV-4417,147,2022-10-30T07:31:29.403Z,2026-08-31T09:30:44.003Z
DEMO-DEV-4420,147,2022-10-10T02:45:30.817Z,2026-09-20T05:05:12.929Z
DEMO-DEV-4527,147,2022-10-01T11:59:55.397Z,2026-08-29T09:11:59.639Z
DEMO-DEV-4747,147,2022-11-07T00:30:28.253Z,2026-09-20T16:36:50.806Z
DEMO-DEV-4849,147,2022-11-07T19:06:20.843Z,2026-09-17T13:30:07.803Z
DEMO-DEV-4895,147,2022-10-13T12:14:26.738Z,2026-09-29T00:52:39.992Z
DEMO-DEV-4914,147,2022-10-05T05:17:28.045Z,2026-09-21T20:00:00.352Z
DEMO-DEV-5086,147,2022-10-11T05:31:20.139Z,2026-09-27T05:34:52.985Z
DEMO-DEV-5123,147,2022-10-05T09:10:48.846Z,2026-09-26T03:27:52.387Z
DEMO-DEV-5134,147,2022-10-06T14:07:57.287Z,2026-09-27T19:01:50.825Z
DEMO-DEV-5170,147,2022-10-11T09:18:37.505Z,2026-09-18T16:54:40.221Z
DEMO-DEV-5195,147,2022-10-05T22:55:00.968Z,2026-09-28T03:07:44.428Z
DEMO-DEV-5324,147,2022-10-12T20:58:27.873Z,2026-09-20T09:22:59.203Z
DEMO-DEV-5349,147,2022-11-01T08:45:44.710Z,2026-09-23T21:34:04.646Z
DEMO-DEV-5374,147,2022-10-16T05:56:02.688Z,2026-09-28T02:40:03.843Z
DEMO-DEV-5469,147,2022-10-15T22:51:02.846Z,2026-08-04T11:48:46.968Z
DEMO-DEV-5476,147,2022-10-30T20:36:35.639Z,2026-09-18T03:59:30.246Z
DEMO-DEV-5548,147,2022-10-05T20:25:12.443Z,2026-08-26T18:12:57.870Z
DEMO-DEV-5596,147,2022-10-02T19:03:14.597Z,2026-09-28T22:03:56.646Z
DEMO-DEV-5629,147,2022-10-03T19:21:24.727Z,2026-09-28T09:03:13.511Z
DEMO-DEV-5637,147,2022-10-01T18:49:07.778Z,2026-09-26T08:33:22.646Z
DEMO-DEV-5708,147,2022-10-26T02:37:58.584Z,2026-09-20T19:14:53.291Z
DEMO-DEV-5819,147,2022-10-10T10:04:41.607Z,2026-09-18T06:14:43.884Z
DEMO-DEV-5938,147,2022-10-12T12:45:13.639Z,2026-09-23T16:06:26.851Z
DEMO-DEV-6013,147,2022-10-12T21:25:04.394Z,2026-09-29T04:29:26.466Z
DEMO-DEV-6014,147,2022-10-01T23:04:31.003Z,2026-09-27T00:59:26.968Z
DEMO-DEV-6070,147,2022-10-11T19:21:26.527Z,2026-09-27T10:14:19.873Z
DEMO-DEV-6129,147,2022-10-06T16:39:11.692Z,2026-09-17T16:05:54.087Z
DEMO-DEV-6245,147,2022-10-02T21:02:28.556Z,2026-09-16T13:21:26.864Z
DEMO-DEV-6328,147,2022-10-03T02:23:13.165Z,2026-09-25T17:10:55.508Z
DEMO-DEV-6353,147,2022-10-01T23:57:38.021Z,2026-09-06T19:04:35.867Z
DEMO-DEV-6431,147,2022-10-26T22:03:47.537Z,2026-09-22T11:46:49.799Z
DEMO-DEV-6617,147,2022-10-05T00:05:09.578Z,2026-09-17T13:42:27.948Z
DEMO-DEV-6744,147,2022-10-02T21:16:54.167Z,2026-09-21T09:54:58.315Z
DEMO-DEV-6768,147,2022-10-04T21:16:03.863Z,2026-09-02T14:01:17.014Z
DEMO-DEV-6907,147,2022-10-03T10:18:04.702Z,2026-09-20T02:20:10.793Z
DEMO-DEV-6983,147,2022-10-11T03:32:27.877Z,2026-09-22T10:36:17.661Z
DEMO-DEV-7030,147,2022-10-28T22:41:38.817Z,2026-09-25T04:31:28.803Z
DEMO-DEV-7046,147,2022-10-04T02:43:35.472Z,2026-09-27T14:18:15.785Z
DEMO-DEV-7189,147,2022-10-02T19:10:31.612Z,2026-09-28T02:33:56.300Z
DEMO-DEV-7208,147,2022-10-21T23:28:28.710Z,2026-09-24T14:58:48.607Z
DEMO-DEV-7358,147,2022-10-09T12:54:00.409Z,2026-09-22T22:02:13.668Z
DEMO-DEV-7440,147,2022-10-16T06:03:27.080Z,2026-09-27T22:51:48.308Z
DEMO-DEV-7550,147,2022-10-05T03:14:03.508Z,2026-09-13T08:59:42.557Z
DEMO-DEV-7582,147,2022-10-06T02:08:17.974Z,2026-09-26T04:35:58.719Z
DEMO-DEV-7645,147,2022-10-14T04:30:34.302Z,2026-08-25T17:37:56.793Z
DEMO-DEV-7694,147,2022-10-12T14:03:25.841Z,2026-09-08T03:47:08.391Z
DEMO-DEV-7757,147,2022-10-06T00:47:43.319Z,2026-09-29T05:11:08.793Z
DEMO-DEV-7770,147,2022-10-06T08:09:25.884Z,2026-09-20T03:56:28.843Z
DEMO-DEV-7800,147,2022-10-07T11:49:48.658Z,2026-09-27T21:44:27.120Z
DEMO-DEV-7814,147,2022-10-02T18:21:43.976Z,2026-09-29T20:16:52.891Z
DEMO-DEV-7818,147,2022-10-05T19:08:28.365Z,2026-09-04T01:01:43.080Z
DEMO-DEV-7944,147,2022-10-10T00:14:54.222Z,2026-09-26T12:51:54.246Z
DEMO-DEV-7945,147,2022-10-03T06:30:58.867Z,2026-09-25T02:23:26.289Z
DEMO-DEV-7954,147,2022-10-06T00:22:46.929Z,2026-09-02T06:18:21.357Z
DEMO-DEV-7966,147,2022-10-19T23:46:22.778Z,2026-09-25T05:30:41.075Z
DEMO-DEV-8011,147,2022-10-04T08:08:49.597Z,2026-09-14T09:41:41.915Z
DEMO-DEV-8030,147,2022-10-06T20:30:25.913Z,2026-09-28T20:45:26.648Z
DEMO-DEV-8082,147,2022-10-01T19:29:08.402Z,2026-09-14T16:57:44.719Z
DEMO-DEV-8145,147,2022-10-10T06:46:57.165Z,2026-09-18T01:08:28.485Z
DEMO-DEV-8182,147,2022-10-02T15:14:45.661Z,2026-09-22T00:17:13.842Z
DEMO-DEV-8328,147,2022-10-02T23:21:51.023Z,2026-08-19T23:41:05.816Z
DEMO-DEV-8357,147,2022-10-11T05:27:52.230Z,2026-09-23T05:52:20.365Z
DEMO-DEV-8375,147,2022-10-10T00:56:26.658Z,2026-09-26T00:12:52.612Z
DEMO-DEV-8428,147,2022-10-10T22:00:42.568Z,2026-08-30T11:07:17.470Z
DEMO-DEV-8439,147,2022-11-05T21:01:37.976Z,2026-09-21T15:07:42.485Z
DEMO-DEV-8451,147,2022-10-11T15:12:33.597Z,2026-09-14T00:40:26.203Z
DEMO-DEV-8494,147,2022-10-10T13:45:20.727Z,2026-08-30T08:05:26.863Z
DEMO-DEV-8580,147,2022-10-05T12:45:40.614Z,2026-08-29T01:03:56.026Z
DEMO-DEV-8630,147,2022-10-06T13:08:26.238Z,2026-09-13T11:40:27.208Z
DEMO-DEV-8644,147,2022-10-10T13:10:31.557Z,2026-09-29T09:30:29.865Z
DEMO-DEV-8695,147,2022-10-09T12:49:32.225Z,2026-09-29T05:22:07.319Z
DEMO-DEV-8763,147,2022-10-07T06:25:17.470Z,2026-09-25T20:08:27.134Z
DEMO-DEV-8810,147,2022-10-11T08:39:17.302Z,2026-09-01T01:45:52.077Z
DEMO-DEV-8853,147,2022-10-03T16:15:53.063Z,2026-09-19T21:44:52.370Z
DEMO-DEV-8925,147,2022-10-12T22:51:10.123Z,2026-09-29T23:21:36.584Z
DEMO-DEV-8983,147,2022-10-07T04:44:39.948Z,2026-08-23T11:33:23.523Z
DEMO-DEV-9121,147,2022-10-03T16:29:57.003Z,2026-09-12T09:56:18.646Z
DEMO-DEV-9192,147,2022-10-04T02:52:50.161Z,2026-08-10T14:21:32.786Z
DEMO-DEV-9257,147,2022-10-01T23:16:22.394Z,2026-09-25T07:31:16.508Z
DEMO-DEV-9268,147,2022-10-07T13:29:02.123Z,2026-09-19T03:44:01.614Z
DEMO-DEV-9390,147,2022-10-10T05:03:10.795Z,2026-09-27T21:30:26.519Z
DEMO-DEV-9397,147,2022-10-04T02:21:19.232Z,2026-09-19T01:18:07.614Z
DEMO-DEV-9400,147,2022-10-11T23:56:08.403Z,2026-09-28T17:52:59.155Z
DEMO-DEV-9470,147,2022-10-08T09:43:00.466Z,2026-09-23T17:51:16.138Z
DEMO-DEV-9531,147,2022-10-05T02:37:44.618Z,2026-09-23T03:54:57.825Z
DEMO-DEV-9678,147,2022-10-01T13:24:20.968Z,2026-09-05T11:33:10.015Z
DEMO-DEV-9730,147,2022-10-01T19:12:22.666Z,2026-09-01T15:12:18.806Z
DEMO-DEV-9898,147,2022-10-21T18:23:50.264Z,2026-09-08T01:36:55.817Z
DEMO-DEV-9906,147,2022-10-05T12:37:29.524Z,2026-09-29T16:56:13.173Z
DEMO-DEV-0187,146,2022-10-08T02:25:40.636Z,2026-09-20T02:04:29.354Z
DEMO-DEV-0251,146,2022-10-06T17:30:36.568Z,2026-09-15T21:09:04.688Z
DEMO-DEV-0257,146,2022-10-05T13:53:27.462Z,2026-09-29T03:27:41.865Z
DEMO-DEV-0263,146,2022-10-05T15:17:11.428Z,2026-09-23T16:36:44.203Z
DEMO-DEV-0305,146,2022-10-30T04:20:10.989Z,2026-08-17T08:05:12.090Z
DEMO-DEV-0328,146,2022-10-26T09:08:41.825Z,2026-09-24T08:20:14.503Z
DEMO-DEV-0452,146,2022-10-11T21:18:06.134Z,2026-09-28T14:23:11.597Z
DEMO-DEV-0460,146,2022-10-09T05:09:43.236Z,2026-09-30T01:48:43.080Z
DEMO-DEV-0576,146,2022-10-04T14:26:44.120Z,2026-09-25T09:59:04.784Z
DEMO-DEV-0589,146,2022-10-09T22:59:43.993Z,2026-09-19T13:59:42.968Z
DEMO-DEV-0603,146,2022-10-02T00:14:03.535Z,2026-09-29T21:35:06.352Z
DEMO-DEV-0620,146,2022-10-07T12:32:42.989Z,2026-09-26T23:14:04.648Z
DEMO-DEV-0677,146,2022-10-19T03:03:51.023Z,2026-09-22T06:47:30.841Z
DEMO-DEV-0722,146,2022-11-26T16:31:08.232Z,2026-09-23T02:34:37.738Z
DEMO-DEV-0801,146,2022-10-25T01:38:56.037Z,2026-09-26T17:28:36.004Z
DEMO-DEV-0840,146,2022-11-08T11:55:59.472Z,2026-09-21T04:09:03.555Z
DEMO-DEV-0858,146,2022-11-10T09:30:19.765Z,2026-09-24T17:48:07.150Z
DEMO-DEV-0878,146,2022-10-06T13:05:04.268Z,2026-09-09T06:02:37.250Z
DEMO-DEV-0929,146,2022-10-07T16:04:16.824Z,2026-09-24T18:51:38.612Z
DEMO-DEV-1001,146,2022-10-07T12:25:44.597Z,2026-09-15T13:08:06.190Z
DEMO-DEV-1005,146,2022-10-02T04:28:08.661Z,2026-09-29T08:12:15.397Z
DEMO-DEV-1060,146,2022-10-08T22:53:12.816Z,2026-09-22T21:00:22.254Z
DEMO-DEV-1223,146,2022-10-08T00:13:47.402Z,2026-09-30T05:55:46.692Z
DEMO-DEV-1252,146,2022-10-19T22:50:37.272Z,2026-09-13T01:21:29.524Z
DEMO-DEV-1258,146,2022-10-07T03:53:34.806Z,2026-09-14T14:18:48.607Z
DEMO-DEV-1261,146,2022-10-02T08:41:36.714Z,2026-09-13T13:19:15.817Z
DEMO-DEV-1341,146,2022-10-02T15:24:15.172Z,2026-09-28T01:17:04.497Z
DEMO-DEV-1505,146,2022-10-02T19:09:37.503Z,2026-09-04T19:26:22.545Z
DEMO-DEV-1572,146,2022-10-11T00:25:29.612Z,2026-09-17T06:44:38.666Z
DEMO-DEV-1631,146,2022-10-01T09:08:06.702Z,2026-09-22T07:59:33.793Z
DEMO-DEV-1638,146,2022-10-09T02:39:28.842Z,2026-09-28T05:12:05.614Z
DEMO-DEV-1641,146,2022-10-11T06:22:07.080Z,2026-09-28T22:59:45.784Z
DEMO-DEV-1675,146,2022-10-25T03:43:22.646Z,2026-09-27T16:44:53.219Z
DEMO-DEV-1704,146,2022-10-04T09:45:06.234Z,2026-09-08T10:16:15.545Z
DEMO-DEV-1814,146,2022-10-06T04:57:03.466Z,2026-09-19T23:22:07.485Z
DEMO-DEV-1837,146,2022-10-12T06:21:38.403Z,2026-08-29T16:27:43.607Z
DEMO-DEV-1874,146,2022-10-05T17:21:32.252Z,2026-09-25T18:12:47.045Z
DEMO-DEV-1896,146,2022-10-18T04:29:44.221Z,2026-09-22T12:26:03.966Z
DEMO-DEV-2202,146,2022-10-02T01:23:11.234Z,2026-09-25T10:58:26.224Z
DEMO-DEV-2213,146,2022-10-05T22:01:16.926Z,2026-09-18T19:14:00.014Z
DEMO-DEV-2405,146,2022-10-07T13:03:51.710Z,2026-09-12T19:17:23.004Z
DEMO-DEV-2432,146,2022-10-03T06:58:06.865Z,2026-09-29T02:35:51.239Z
DEMO-DEV-2527,146,2022-10-10T13:34:33.397Z,2026-09-08T12:07:40.337Z
DEMO-DEV-2606,146,2022-10-02T15:17:57.738Z,2026-09-14T21:53:40.865Z
DEMO-DEV-2705,146,2022-10-05T07:11:11.319Z,2026-09-28T04:32:06.817Z
DEMO-DEV-2737,146,2022-10-05T10:20:56.976Z,2026-09-23T01:15:19.519Z
DEMO-DEV-2763,146,2022-10-15T18:25:24.150Z,2026-09-20T14:33:25.863Z
DEMO-DEV-2811,146,2022-10-07T00:59:07.926Z,2026-09-25T04:17:57.063Z
DEMO-DEV-2820,146,2022-10-03T15:50:02.803Z,2026-09-19T23:22:19.863Z
DEMO-DEV-2853,146,2022-10-15T08:47:49.668Z,2026-09-03T16:36:59.987Z
DEMO-DEV-2858,146,2022-10-08T21:06:56.230Z,2026-09-28T19:52:11.230Z
DEMO-DEV-2890,146,2022-10-26T03:16:41.021Z,2026-09-26T06:07:34.879Z
DEMO-DEV-2908,146,2022-10-07T21:12:04.859Z,2026-09-13T00:40:45.300Z
DEMO-DEV-2909,146,2022-10-11T13:19:00.784Z,2026-09-21T12:39:10.352Z
DEMO-DEV-2950,146,2022-10-05T23:48:25.470Z,2026-09-29T23:52:12.738Z
DEMO-DEV-2968,146,2022-10-03T05:36:44.607Z,2026-09-23T20:05:39.527Z
DEMO-DEV-2970,146,2022-10-06T13:38:45.965Z,2026-09-16T17:27:17.300Z
DEMO-DEV-3149,146,2022-10-08T11:28:35.063Z,2026-09-27T10:38:37.225Z
DEMO-DEV-3166,146,2022-10-18T08:38:33.254Z,2026-09-21T06:24:40.352Z
DEMO-DEV-3252,146,2022-10-05T04:18:10.556Z,2026-09-22T08:53:19.368Z
DEMO-DEV-3301,146,2022-10-24T04:02:39.352Z,2026-09-17T01:10:07.080Z
DEMO-DEV-3349,146,2022-11-02T14:05:57.752Z,2026-09-26T13:25:30.811Z
DEMO-DEV-3517,146,2022-10-12T01:02:07.511Z,2026-09-14T03:30:13.120Z
DEMO-DEV-3578,146,2022-10-05T01:16:11.879Z,2026-09-16T04:27:23.315Z
DEMO-DEV-3761,146,2022-10-06T04:17:19.892Z,2026-09-28T18:10:45.238Z
DEMO-DEV-3762,146,2022-10-13T01:47:59.607Z,2026-09-18T13:59:04.003Z
DEMO-DEV-3901,146,2022-10-06T14:20:26.428Z,2026-09-24T17:24:18.190Z
DEMO-DEV-3946,146,2022-10-02T14:26:01.225Z,2026-09-25T21:41:53.714Z
DEMO-DEV-3954,146,2022-10-15T02:29:11.337Z,2026-09-13T12:58:16.026Z
DEMO-DEV-4019,146,2022-10-25T09:37:31.782Z,2026-09-26T07:00:04.682Z
DEMO-DEV-4021,146,2022-10-01T18:54:06.403Z,2026-09-24T13:05:26.803Z
DEMO-DEV-4087,146,2022-10-01T15:19:38.524Z,2026-09-22T20:03:41.599Z
DEMO-DEV-4275,146,2022-10-06T00:54:34.884Z,2026-09-04T23:22:22.870Z
DEMO-DEV-4363,146,2022-10-02T07:07:08.989Z,2026-09-22T11:37:22.825Z
DEMO-DEV-4419,146,2022-10-08T16:11:28.446Z,2026-09-20T22:39:34.523Z
DEMO-DEV-4506,146,2022-10-02T15:37:58.584Z,2026-09-29T20:15:07.557Z
DEMO-DEV-4606,146,2022-10-13T22:25:15.160Z,2026-09-28T18:59:49.811Z
DEMO-DEV-4613,146,2022-10-07T03:17:03.183Z,2026-09-27T09:01:16.063Z
DEMO-DEV-4695,146,2022-10-14T14:22:11.272Z,2026-09-29T01:07:43.397Z
DEMO-DEV-4741,146,2022-10-24T15:11:34.203Z,2026-09-18T15:08:01.870Z
DEMO-DEV-4743,146,2022-10-02T02:33:07.192Z,2026-09-21T11:26:42.752Z
DEMO-DEV-4761,146,2022-10-10T18:10:07.160Z,2026-09-15T10:44:11.004Z
DEMO-DEV-4766,146,2022-11-09T20:55:33.966Z,2026-09-14T18:54:34.123Z
DEMO-DEV-4775,146,2022-10-02T13:30:12.892Z,2026-09-23T14:41:12.203Z
DEMO-DEV-4890,146,2022-10-07T06:25:12.123Z,2026-09-22T01:35:54.120Z
DEMO-DEV-4938,146,2022-10-10T19:15:09.545Z,2026-09-12T04:40:52.319Z
DEMO-DEV-5199,146,2022-10-07T12:00:24.232Z,2026-09-14T18:49:35.155Z
DEMO-DEV-5266,146,2022-10-14T15:22:19.014Z,2026-09-27T15:48:03.969Z
DEMO-DEV-5281,146,2022-10-05T05:03:29.974Z,2026-09-22T12:25:08.287Z
DEMO-DEV-5361,146,2022-10-07T02:17:11.365Z,2026-09-22T09:36:58.500Z
DEMO-DEV-5375,146,2022-10-29T20:15:04.155Z,2026-09-28T17:24:57.155Z
DEMO-DEV-5508,146,2022-10-19T11:09:49.272Z,2026-08-31T10:18:23.298Z
DEMO-DEV-5634,146,2022-10-04T16:17:59.225Z,2026-09-21T06:25:34.555Z
DEMO-DEV-5729,146,2022-10-26T21:59:40.500Z,2026-09-28T03:59:36.189Z
DEMO-DEV-5798,146,2022-10-08T10:02:40.234Z,2026-09-16T01:30:15.867Z
DEMO-DEV-5930,146,2022-10-02T11:41:35.403Z,2026-09-28T23:27:58.428Z
DEMO-DEV-5957,146,2022-10-05T00:49:10.027Z,2026-09-24T17:39:05.026Z
DEMO-DEV-5972,146,2022-10-04T06:23:58.913Z,2026-09-20T10:54:34.077Z
DEMO-DEV-5992,146,2022-10-18T23:04:12.968Z,2026-09-27T02:24:00.884Z
DEMO-DEV-6050,146,2022-10-02T23:57:59.139Z,2026-09-29T00:05:10.250Z
DEMO-DEV-6179,146,2022-10-05T01:46:41.222Z,2026-09-13T10:07:18.123Z
DEMO-DEV-6344,146,2022-10-14T01:27:05.511Z,2026-09-14T14:05:58.203Z
DEMO-DEV-6371,146,2022-10-12T10:45:13.688Z,2026-09-23T19:44:43.597Z
DEMO-DEV-6572,146,2022-10-03T17:42:32.597Z,2026-09-21T10:32:18.288Z
DEMO-DEV-6661,146,2022-10-01T10:44:09.597Z,2026-09-29T01:37:41.817Z
DEMO-DEV-6696,146,2022-10-01T23:25:23.841Z,2026-09-30T00:12:18.735Z
DEMO-DEV-6713,146,2022-10-03T04:30:30.885Z,2026-09-15T22:30:30.735Z
DEMO-DEV-6840,146,2022-10-31T20:10:22.655Z,2026-09-26T19:37:34.655Z
DEMO-DEV-6858,146,2022-10-08T17:48:12.503Z,2026-09-23T08:31:47.354Z
DEMO-DEV-6999,146,2022-10-08T21:39:44.485Z,2026-09-24T13:38:27.824Z
DEMO-DEV-7135,146,2022-10-01T18:30:42.221Z,2026-09-29T22:19:19.183Z
DEMO-DEV-7211,146,2022-10-04T11:38:16.218Z,2026-09-23T07:54:46.816Z
DEMO-DEV-7489,146,2022-10-10T01:40:40.268Z,2026-09-16T19:59:18.366Z
DEMO-DEV-7591,146,2022-11-01T20:55:55.470Z,2026-09-27T17:24:40.466Z
DEMO-DEV-7689,146,2022-10-31T01:47:25.614Z,2026-09-26T20:22:04.799Z
DEMO-DEV-7769,146,2022-10-07T00:47:40.315Z,2026-09-11T00:53:16.027Z
DEMO-DEV-7798,146,2022-10-04T21:13:04.087Z,2026-09-28T02:32:32.993Z
DEMO-DEV-7803,146,2022-10-01T13:54:08.232Z,2026-09-28T16:25:45.864Z
DEMO-DEV-7875,146,2022-10-30T23:49:51.824Z,2026-09-29T22:36:01.264Z
DEMO-DEV-7889,146,2022-10-07T17:27:29.639Z,2026-09-24T18:06:32.786Z
DEMO-DEV-7920,146,2022-10-05T06:15:43.545Z,2026-09-27T22:36:47.045Z
DEMO-DEV-7986,146,2022-10-13T17:31:37.221Z,2026-09-24T09:40:19.354Z
DEMO-DEV-8027,146,2022-10-27T06:07:49.968Z,2026-09-27T19:23:13.068Z
DEMO-DEV-8044,146,2022-10-11T03:58:30.238Z,2026-09-06T23:38:26.785Z
DEMO-DEV-8092,146,2022-10-08T23:45:52.040Z,2026-09-26T19:01:28.230Z
DEMO-DEV-8124,146,2022-10-03T12:05:00.975Z,2026-09-23T12:26:20.224Z
DEMO-DEV-8280,146,2022-10-06T04:56:42.511Z,2026-09-24T18:23:05.786Z
DEMO-DEV-8306,146,2022-10-11T05:41:32.568Z,2026-09-12T01:05:13.239Z
DEMO-DEV-8502,146,2022-10-06T10:15:54.225Z,2026-09-25T13:47:40.985Z
DEMO-DEV-8519,146,2022-10-16T21:22:44.120Z,2026-09-22T23:09:24.370Z
DEMO-DEV-8568,146,2022-10-04T11:13:35.676Z,2026-09-29T13:53:08.218Z
DEMO-DEV-8729,146,2022-10-02T18:25:09.493Z,2026-09-07T04:40:51.236Z
DEMO-DEV-8752,146,2022-10-10T01:20:26.040Z,2026-09-25T11:06:05.222Z
DEMO-DEV-8753,146,2022-10-02T01:56:58.442Z,2026-09-29T12:51:15.785Z
DEMO-DEV-8862,146,2022-11-02T12:45:19.785Z,2026-09-04T00:22:30.218Z
DEMO-DEV-8864,146,2022-10-13T20:50:16.612Z,2026-09-26T04:59:19.160Z
DEMO-DEV-8958,146,2022-10-22T02:34:11.785Z,2026-09-29T03:44:57.368Z
DEMO-DEV-8976,146,2022-10-04T10:14:03.172Z,2026-09-29T07:08:51.867Z
DEMO-DEV-9010,146,2022-10-02T02:53:42.264Z,2026-09-24T05:45:01.090Z
DEMO-DEV-9034,146,2022-10-03T19:08:46.987Z,2026-09-29T16:37:51.409Z
DEMO-DEV-9256,146,2022-10-25T07:44:41.138Z,2026-09-09T23:49:52.738Z
DEMO-DEV-9356,146,2022-11-13T02:21:37.591Z,2026-09-25T09:35:20.545Z
DEMO-DEV-9378,146,2022-10-06T06:26:16.120Z,2026-09-08T20:38:30.523Z
DEMO-DEV-9430,146,2022-10-06T13:07:55.719Z,2026-09-19T13:47:09.658Z
DEMO-DEV-9454,146,2022-12-14T08:44:51.352Z,2026-09-25T04:05:18.584Z
DEMO-DEV-9497,146,2022-10-05T06:33:37.841Z,2026-09-19T14:51:43.877Z
DEMO-DEV-9498,146,2022-10-04T03:36:13.466Z,2026-09-27T08:28:27.165Z
DEMO-DEV-9508,146,2022-10-04T02:46:05.913Z,2026-09-30T03:54:35.535Z
DEMO-DEV-9610,146,2022-10-16T23:32:42.057Z,2026-09-24T12:38:17.765Z
DEMO-DEV-9622,146,2022-11-03T07:48:33.023Z,2026-09-25T21:26:27.612Z
DEMO-DEV-9633,146,2022-11-21T12:51:15.884Z,2026-09-25T16:55:34.929Z
DEMO-DEV-9702,146,2022-10-14T08:42:18.003Z,2026-09-20T22:48:56.224Z
DEMO-DEV-9823,146,2022-10-07T23:00:13.038Z,2026-09-23T01:58:25.793Z
DEMO-DEV-9841,146,2022-10-13T18:58:03.205Z,2026-09-26T14:04:57.591Z
DEMO-DEV-9879,146,2022-10-03T09:33:04.727Z,2026-09-03T01:38:22.653Z
DEMO-DEV-0028,145,2022-10-02T17:47:18.605Z,2026-09-05T22:50:37.568Z
DEMO-DEV-0252,145,2022-10-28T16:47:14.123Z,2026-09-14T08:20:00.219Z
DEMO-DEV-0290,145,2022-10-07T04:47:49.298Z,2026-08-03T18:58:15.038Z
DEMO-DEV-0317,145,2022-10-07T14:56:50.120Z,2026-09-27T08:10:06.778Z
DEMO-DEV-0421,145,2022-10-10T23:08:12.462Z,2026-09-20T08:13:43.519Z
DEMO-DEV-0455,145,2022-10-04T13:59:54.403Z,2026-09-20T13:14:19.655Z
DEMO-DEV-0478,145,2022-10-04T10:57:12.402Z,2026-09-17T11:14:12.851Z
DEMO-DEV-0554,145,2022-10-07T23:26:05.120Z,2026-09-26T11:14:24.666Z
DEMO-DEV-0626,145,2022-10-04T02:13:52.948Z,2026-09-24T10:55:29.948Z
DEMO-DEV-0647,145,2022-10-10T14:29:48.368Z,2026-09-28T10:12:17.646Z
DEMO-DEV-0657,145,2022-10-04T13:05:18.004Z,2026-09-28T07:17:39.368Z
DEMO-DEV-0659,145,2022-10-30T00:57:59.738Z,2026-09-14T12:31:56.841Z
DEMO-DEV-0728,145,2022-11-04T10:05:29.727Z,2026-09-27T21:44:10.985Z
DEMO-DEV-0766,145,2022-10-09T08:58:21.727Z,2026-09-11T02:48:40.352Z
DEMO-DEV-0847,145,2022-10-01T20:08:02.524Z,2026-09-25T03:13:03.073Z
DEMO-DEV-1083,145,2022-10-18T14:53:28.239Z,2026-09-21T20:30:20.120Z
DEMO-DEV-1124,145,2022-10-07T23:34:07.817Z,2026-09-26T13:35:18.397Z
DEMO-DEV-1371,145,2022-10-02T09:24:12.368Z,2026-09-16T16:08:45.618Z
DEMO-DEV-1451,145,2022-10-02T11:00:13.851Z,2026-09-20T22:36:04.189Z
DEMO-DEV-1543,145,2022-10-03T22:41:36.308Z,2026-09-20T10:48:38.607Z
DEMO-DEV-2131,145,2022-10-12T17:39:15.302Z,2026-09-26T08:34:28.591Z
DEMO-DEV-2133,145,2022-10-09T02:07:49.863Z,2026-08-05T13:45:02.607Z
DEMO-DEV-2224,145,2022-10-17T08:41:47.884Z,2026-09-29T09:25:13.226Z
DEMO-DEV-2427,145,2022-10-14T12:12:14.966Z,2026-09-14T08:19:49.966Z
DEMO-DEV-2436,145,2022-10-02T01:01:37.272Z,2026-09-25T22:42:25.859Z
DEMO-DEV-2506,145,2022-10-19T16:21:44.409Z,2026-09-25T00:03:15.682Z
DEMO-DEV-2629,145,2022-10-06T14:55:59.992Z,2026-09-21T10:54:25.784Z
DEMO-DEV-2643,145,2022-10-04T01:08:31.523Z,2026-09-24T15:40:36.345Z
DEMO-DEV-2670,145,2022-10-12T12:49:32.442Z,2026-09-28T08:56:46.239Z
DEMO-DEV-2674,145,2022-10-03T09:47:56.161Z,2026-09-20T00:13:01.655Z
DEMO-DEV-2755,145,2022-10-08T23:26:27.591Z,2026-09-07T22:21:02.584Z
DEMO-DEV-2839,145,2022-10-02T02:47:42.527Z,2026-09-26T00:49:15.811Z
DEMO-DEV-2844,145,2022-10-21T01:21:29.778Z,2026-09-18T05:17:51.225Z
DEMO-DEV-2967,145,2022-10-02T20:33:37.846Z,2026-09-09T03:20:11.038Z
DEMO-DEV-3089,145,2022-10-03T13:00:57.738Z,2026-09-28T17:21:57.842Z
DEMO-DEV-3096,145,2022-10-13T05:53:34.253Z,2026-09-20T13:21:24.868Z
DEMO-DEV-3145,145,2022-10-06T06:05:06.315Z,2026-09-23T13:18:23.460Z
DEMO-DEV-3197,145,2022-10-19T07:50:18.568Z,2026-09-22T23:39:14.485Z
DEMO-DEV-3207,145,2022-10-07T17:45:09.224Z,2026-09-21T21:00:57.272Z
DEMO-DEV-3208,145,2022-10-13T12:46:00.842Z,2026-08-06T00:08:23.816Z
DEMO-DEV-3273,145,2022-10-13T18:07:06.913Z,2026-09-20T06:09:02.727Z
DEMO-DEV-3303,145,2022-10-02T06:18:47.614Z,2026-09-29T19:11:42.836Z
DEMO-DEV-3365,145,2022-10-12T12:13:50.307Z,2026-09-24T22:51:58.841Z
DEMO-DEV-3399,145,2022-10-03T17:17:56.578Z,2026-09-14T14:46:50.824Z
DEMO-DEV-3404,145,2022-10-01T10:45:55.026Z,2026-09-23T07:37:26.692Z
DEMO-DEV-3420,145,2022-10-02T23:46:32.915Z,2026-09-22T00:05:31.503Z
DEMO-DEV-3617,145,2022-10-04T22:49:26.472Z,2026-08-30T06:50:53.345Z
DEMO-DEV-3740,145,2022-10-07T19:59:52.975Z,2026-09-27T00:37:55.965Z
DEMO-DEV-3781,145,2022-10-07T00:48:42.841Z,2026-09-23T04:39:33.222Z
DEMO-DEV-3802,145,2022-11-06T03:30:39.015Z,2026-09-24T23:09:07.500Z
DEMO-DEV-3830,145,2022-10-04T00:17:42.446Z,2026-09-06T09:14:35.134Z
DEMO-DEV-4067,145,2022-11-06T02:48:18.702Z,2026-09-22T05:53:32.222Z
DEMO-DEV-4109,145,2022-10-11T14:04:08.462Z,2026-09-17T16:40:24.325Z
DEMO-DEV-4126,145,2022-10-02T15:28:15.219Z,2026-09-30T07:25:28.795Z
DEMO-DEV-4204,145,2022-10-06T08:04:32.183Z,2026-09-28T19:53:16.024Z
DEMO-DEV-4233,145,2022-10-09T03:34:27.472Z,2026-09-30T04:26:53.493Z
DEMO-DEV-4247,145,2022-10-11T03:53:10.368Z,2026-09-16T07:11:03.232Z
DEMO-DEV-4253,145,2022-10-11T07:54:06.653Z,2026-09-17T09:17:54.503Z
DEMO-DEV-4277,145,2022-10-05T17:22:34.472Z,2026-09-27T17:50:10.189Z
DEMO-DEV-4295,145,2022-10-02T21:15:52.192Z,2026-09-23T23:04:06.949Z
DEMO-DEV-4350,145,2022-10-02T22:51:03.138Z,2026-08-29T20:21:55.150Z
DEMO-DEV-4362,145,2022-10-10T01:54:18.950Z,2026-09-24T22:36:23.288Z
DEMO-DEV-4383,145,2022-10-06T04:35:29.224Z,2026-09-21T14:22:12.004Z
DEMO-DEV-4560,145,2022-10-25T14:21:13.123Z,2026-09-30T03:39:38.250Z
DEMO-DEV-4625,145,2022-10-21T01:06:15.692Z,2026-09-28T20:34:52.068Z
DEMO-DEV-4712,145,2022-10-06T04:30:58.402Z,2026-09-07T19:01:24.165Z
DEMO-DEV-4751,145,2022-10-04T13:33:27.653Z,2026-09-25T10:25:11.466Z
DEMO-DEV-4755,145,2022-10-18T20:53:09.390Z,2026-09-10T12:32:40.291Z
DEMO-DEV-4769,145,2022-10-16T05:51:12.232Z,2026-09-25T09:26:20.161Z
DEMO-DEV-4833,145,2022-10-06T08:59:30.793Z,2026-09-21T08:42:48.246Z
DEMO-DEV-4888,145,2022-10-01T20:47:16.226Z,2026-09-21T05:33:30.892Z
DEMO-DEV-4889,145,2022-11-05T02:36:20.843Z,2026-09-28T02:12:10.661Z
DEMO-DEV-4909,145,2022-10-04T07:59:15.272Z,2026-09-28T16:45:56.792Z
DEMO-DEV-4932,145,2022-10-11T10:58:34.824Z,2026-09-28T04:32:54.545Z
DEMO-DEV-4943,145,2022-10-06T14:59:15.307Z,2026-09-25T00:09:19.173Z
DEMO-DEV-5067,145,2022-10-16T17:54:38.778Z,2026-09-29T22:00:49.719Z
DEMO-DEV-5184,145,2022-10-04T20:46:02.161Z,2026-09-20T01:11:45.308Z
DEMO-DEV-5301,145,2022-10-03T04:50:48.527Z,2026-08-30T00:58:56.004Z
DEMO-DEV-5328,145,2022-10-06T07:53:26.023Z,2026-09-26T11:50:10.873Z
DEMO-DEV-5337,145,2022-10-04T12:15:58.975Z,2026-09-26T20:42:19.839Z
DEMO-DEV-5540,145,2022-10-07T08:44:08.863Z,2026-09-19T01:02:46.885Z
DEMO-DEV-5593,145,2022-10-14T22:58:03.841Z,2026-09-29T17:50:42.976Z
DEMO-DEV-5616,145,2022-10-08T20:56:46.859Z,2026-09-29T01:01:00.614Z
DEMO-DEV-5754,145,2022-10-05T07:18:36.597Z,2026-09-12T09:50:04.222Z
DEMO-DEV-5760,145,2022-10-02T09:28:37.950Z,2026-09-19T19:34:49.537Z
DEMO-DEV-5943,145,2022-10-23T20:10:50.842Z,2026-09-30T02:40:54.873Z
DEMO-DEV-6065,145,2022-10-22T21:03:58.929Z,2026-09-13T03:45:12.219Z
DEMO-DEV-6093,145,2022-10-01T22:42:30.218Z,2026-09-28T04:35:06.682Z
DEMO-DEV-6105,145,2022-10-15T14:04:24.682Z,2026-09-26T16:38:31.682Z
DEMO-DEV-6138,145,2022-10-03T05:14:35.527Z,2026-09-27T03:51:28.230Z
DEMO-DEV-6195,145,2022-10-05T15:42:37.867Z,2026-09-29T18:11:19.080Z
DEMO-DEV-6227,145,2022-10-02T16:28:29.975Z,2026-09-24T15:14:15.239Z
DEMO-DEV-6266,145,2022-10-07T15:38:36.264Z,2026-09-27T21:22:38.859Z
DEMO-DEV-6327,145,2022-10-11T14:17:00.842Z,2026-09-15T07:55:27.836Z
DEMO-DEV-6374,145,2022-10-06T01:54:32.155Z,2026-09-28T00:42:10.914Z
DEMO-DEV-6376,145,2022-10-02T23:30:19.792Z,2026-09-28T03:56:46.139Z
DEMO-DEV-6451,145,2022-10-09T15:35:49.503Z,2026-09-25T18:04:00.864Z
DEMO-DEV-6556,145,2022-10-27T16:11:52.864Z,2026-09-19T01:02:17.120Z
DEMO-DEV-6664,145,2022-10-02T09:36:15.370Z,2026-09-27T02:05:36.345Z
DEMO-DEV-6958,145,2022-10-01T09:25:20.784Z,2026-09-21T07:31:18.992Z
DEMO-DEV-7008,145,2022-10-04T22:01:50.161Z,2026-09-13T14:52:02.795Z
DEMO-DEV-7134,145,2022-10-03T17:15:56.173Z,2026-08-31T14:24:53.298Z
DEMO-DEV-7197,145,2022-10-10T19:00:30.087Z,2026-09-20T07:03:42.192Z
DEMO-DEV-7436,145,2022-10-28T07:29:02.021Z,2026-09-26T01:38:08.636Z
DEMO-DEV-7473,145,2022-10-06T03:01:52.167Z,2026-09-21T04:27:38.658Z
DEMO-DEV-7533,145,2022-10-01T18:01:50.204Z,2026-09-28T12:47:40.403Z
DEMO-DEV-7554,145,2022-10-09T05:30:52.668Z,2026-09-09T08:08:31.073Z
DEMO-DEV-7568,145,2022-10-20T07:08:36.183Z,2026-09-28T02:50:04.891Z
DEMO-DEV-7897,145,2022-10-06T06:28:48.203Z,2026-09-30T01:58:00.150Z
DEMO-DEV-7940,145,2022-10-07T19:36:48.138Z,2026-09-28T17:17:44.211Z
DEMO-DEV-7956,145,2022-10-01T13:32:54.300Z,2026-09-29T05:53:48.397Z
DEMO-DEV-8045,145,2022-10-06T11:11:05.648Z,2026-09-04T04:20:36.846Z
DEMO-DEV-8091,145,2022-10-14T17:15:34.203Z,2026-09-05T06:34:56.513Z
DEMO-DEV-8169,145,2022-10-10T09:58:56.027Z,2026-09-06T22:52:34.139Z
DEMO-DEV-8396,145,2022-11-19T15:59:33.264Z,2026-09-24T21:30:35.639Z
DEMO-DEV-8417,145,2022-10-05T02:45:49.493Z,2026-09-05T10:19:15.817Z
DEMO-DEV-8592,145,2022-10-04T15:09:26.892Z,2026-09-26T02:52:08.948Z
DEMO-DEV-8722,145,2022-10-18T02:52:36.352Z,2026-09-10T09:54:26.319Z
DEMO-DEV-8765,145,2022-10-03T05:31:10.120Z,2026-09-27T01:25:39.446Z
DEMO-DEV-8776,145,2022-10-07T18:23:25.027Z,2026-09-25T05:14:11.077Z
DEMO-DEV-8800,145,2022-10-01T08:59:14.816Z,2026-09-29T17:59:11.655Z
DEMO-DEV-8808,145,2022-10-04T08:56:32.120Z,2026-09-29T15:20:07.192Z
DEMO-DEV-8882,145,2022-10-17T18:13:57.345Z,2026-09-05T22:21:05.409Z
DEMO-DEV-8889,145,2022-10-06T20:53:03.527Z,2026-09-29T12:53:10.015Z
DEMO-DEV-8891,145,2022-10-02T12:19:10.578Z,2026-09-29T04:07:24.969Z
DEMO-DEV-9090,145,2022-10-08T02:35:25.246Z,2026-09-28T20:13:04.646Z
DEMO-DEV-9163,145,2022-10-06T02:21:55.682Z,2026-09-07T20:58:13.692Z
DEMO-DEV-9198,145,2022-10-03T21:07:25.513Z,2026-09-26T07:33:23.578Z
DEMO-DEV-9218,145,2022-10-14T03:56:24.189Z,2026-09-25T09:11:56.161Z
DEMO-DEV-9248,145,2022-10-23T04:34:34.253Z,2026-09-14T23:18:40.692Z
DEMO-DEV-9261,145,2022-10-12T17:39:35.168Z,2026-09-26T03:15:00.160Z
DEMO-DEV-9326,145,2022-10-18T22:35:26.203Z,2026-09-27T14:09:00.816Z
DEMO-DEV-9355,145,2022-10-02T03:37:55.614Z,2026-09-22T17:28:58.989Z
DEMO-DEV-9401,145,2022-10-01T09:59:14.786Z,2026-08-27T01:18:59.727Z
DEMO-DEV-9527,145,2022-10-03T02:28:23.428Z,2026-09-29T03:12:19.442Z
DEMO-DEV-9732,145,2022-10-02T20:57:27.618Z,2026-09-21T03:35:02.173Z
DEMO-DEV-9868,145,2022-10-16T08:43:11.442Z,2026-09-16T10:00:46.842Z
DEMO-DEV-0044,144,2022-10-04T04:00:37.472Z,2026-09-17T09:00:56.825Z
DEMO-DEV-0062,144,2022-10-01T14:36:39.519Z,2026-09-29T13:48:19.040Z
DEMO-DEV-0306,144,2022-10-10T04:15:54.578Z,2026-09-24T20:48:47.246Z
DEMO-DEV-0331,144,2022-10-24T23:05:46.929Z,2026-09-22T05:37:24.965Z
DEMO-DEV-0356,144,2022-10-14T11:42:59.885Z,2026-09-24T20:13:26.183Z
DEMO-DEV-0694,144,2022-11-19T11:29:42.568Z,2026-09-20T11:17:03.913Z
DEMO-DEV-0777,144,2022-10-29T03:04:35.173Z,2026-09-09T21:48:09.403Z
DEMO-DEV-0838,144,2022-10-06T12:54:10.224Z,2026-09-21T02:07:01.455Z
DEMO-DEV-0891,144,2022-10-07T06:30:33.253Z,2026-09-26T23:39:26.537Z
DEMO-DEV-1082,144,2022-10-09T16:43:51.298Z,2026-08-27T13:17:05.252Z
DEMO-DEV-1094,144,2022-10-02T11:47:32.915Z,2026-09-09T10:14:05.885Z
DEMO-DEV-1127,144,2022-10-21T13:40:18.168Z,2026-09-29T20:50:35.155Z
DEMO-DEV-1139,144,2022-10-04T07:49:10.974Z,2026-09-16T14:38:56.646Z
DEMO-DEV-1439,144,2022-10-05T19:13:42.965Z,2026-09-14T16:10:51.556Z
DEMO-DEV-1486,144,2022-10-16T03:48:10.839Z,2026-09-20T11:55:47.391Z
DEMO-DEV-1530,144,2022-10-17T20:48:09.308Z,2026-09-21T16:58:28.917Z
DEMO-DEV-1531,144,2022-10-25T00:45:04.415Z,2026-09-18T02:09:29.192Z
DEMO-DEV-1614,144,2022-10-02T10:02:33.799Z,2026-09-28T14:27:53.470Z
DEMO-DEV-1645,144,2022-10-28T22:54:35.250Z,2026-09-11T21:07:42.077Z
DEMO-DEV-1713,144,2022-11-14T07:47:25.497Z,2026-09-19T15:55:36.460Z
DEMO-DEV-1785,144,2022-10-08T23:10:27.024Z,2026-09-25T14:56:44.839Z
DEMO-DEV-1861,144,2022-10-15T00:48:07.537Z,2026-09-26T09:44:57.864Z
DEMO-DEV-1889,144,2022-10-04T07:03:38.403Z,2026-09-22T02:44:45.851Z
DEMO-DEV-1990,144,2022-10-13T09:04:53.219Z,2026-09-28T04:32:01.568Z
DEMO-DEV-2029,144,2022-10-04T04:16:28.390Z,2026-09-27T15:03:33.846Z
DEMO-DEV-2092,144,2022-10-04T13:50:31.357Z,2026-09-19T03:45:59.466Z
DEMO-DEV-2117,144,2022-10-14T09:45:21.806Z,2026-09-29T05:47:09.500Z
DEMO-DEV-2179,144,2022-10-05T07:04:15.778Z,2026-09-10T23:50:39.568Z
DEMO-DEV-2220,144,2022-10-01T14:36:06.648Z,2026-09-02T11:44:51.545Z
DEMO-DEV-2252,144,2022-10-30T13:04:43.682Z,2026-09-15T07:53:32.535Z
DEMO-DEV-2447,144,2022-10-09T21:00:54.557Z,2026-09-09T06:54:39.218Z
DEMO-DEV-2549,144,2022-10-06T10:16:49.989Z,2026-09-20T14:41:09.026Z
DEMO-DEV-2640,144,2022-10-02T08:49:41.160Z,2026-09-25T12:54:21.190Z
DEMO-DEV-2698,144,2022-10-03T23:29:49.817Z,2026-09-28T22:11:09.778Z
DEMO-DEV-2721,144,2022-10-05T05:55:11.806Z,2026-09-28T08:32:48.605Z
DEMO-DEV-2774,144,2022-10-11T22:07:31.765Z,2026-09-24T17:54:44.784Z
DEMO-DEV-2806,144,2022-10-12T21:40:41.472Z,2026-09-22T14:40:16.646Z
DEMO-DEV-2929,144,2022-10-02T15:56:23.795Z,2026-09-22T22:55:32.500Z
DEMO-DEV-3041,144,2022-10-02T19:47:25.224Z,2026-09-15T18:01:53.500Z
DEMO-DEV-3048,144,2022-10-01T22:36:50.646Z,2026-09-15T20:07:52.841Z
DEMO-DEV-3213,144,2022-10-02T15:50:30.503Z,2026-09-15T05:03:23.636Z
DEMO-DEV-3239,144,2022-10-19T08:27:10.004Z,2026-09-07T09:05:24.500Z
DEMO-DEV-3402,144,2022-10-04T20:11:03.792Z,2026-09-16T01:51:40.161Z
DEMO-DEV-3429,144,2022-10-11T06:17:31.365Z,2026-09-30T04:46:11.057Z
DEMO-DEV-3433,144,2022-10-01T08:48:42.804Z,2026-09-23T22:04:04.230Z
DEMO-DEV-3454,144,2022-10-03T19:13:17.892Z,2026-09-09T12:21:40.658Z
DEMO-DEV-3468,144,2022-10-02T20:57:02.264Z,2026-09-22T14:09:02.992Z
DEMO-DEV-3470,144,2022-10-16T00:18:39.682Z,2026-09-24T10:56:41.870Z
DEMO-DEV-3547,144,2022-10-01T10:12:18.799Z,2026-09-23T09:00:34.289Z
DEMO-DEV-3599,144,2022-10-08T10:39:52.605Z,2026-09-30T04:41:10.682Z
DEMO-DEV-3648,144,2022-10-06T05:04:18.795Z,2026-09-20T07:53:54.368Z
DEMO-DEV-3670,144,2022-10-27T13:36:55.045Z,2026-09-04T21:19:57.443Z
DEMO-DEV-3684,144,2022-10-16T02:47:53.123Z,2026-09-17T06:11:05.992Z
DEMO-DEV-3747,144,2022-11-28T03:11:32.804Z,2026-09-29T11:24:44.658Z
DEMO-DEV-3976,144,2022-10-05T16:41:19.859Z,2026-09-16T15:25:19.354Z
DEMO-DEV-4013,144,2022-10-01T21:50:51.614Z,2026-09-29T17:11:29.599Z
DEMO-DEV-4017,144,2022-10-09T15:32:58.254Z,2026-09-28T14:44:03.365Z
DEMO-DEV-4097,144,2022-10-01T19:02:35.782Z,2026-09-28T12:53:57.038Z
DEMO-DEV-4162,144,2022-10-16T14:34:35.232Z,2026-09-28T13:30:22.250Z
DEMO-DEV-4226,144,2022-10-07T22:02:06.655Z,2026-09-28T03:11:27.865Z
DEMO-DEV-4285,144,2022-10-05T01:16:53.836Z,2026-09-27T10:36:10.222Z
DEMO-DEV-4397,144,2022-10-12T03:18:14.965Z,2026-09-27T13:34:39.806Z
DEMO-DEV-4601,144,2022-10-23T05:18:35.992Z,2026-09-29T06:10:23.519Z
DEMO-DEV-4629,144,2022-10-05T09:14:50.612Z,2026-09-09T01:13:30.204Z
DEMO-DEV-4655,144,2022-10-16T06:30:18.885Z,2026-09-18T02:05:37.513Z
DEMO-DEV-4730,144,2022-10-29T23:53:29.914Z,2026-09-20T22:39:37.618Z
DEMO-DEV-4733,144,2022-10-01T20:30:49.063Z,2026-09-02T09:17:17.735Z
DEMO-DEV-4881,144,2022-10-03T02:20:00.168Z,2026-09-16T01:02:27.976Z
DEMO-DEV-5047,144,2022-10-03T00:08:40.535Z,2026-09-09T04:56:49.236Z
DEMO-DEV-5088,144,2022-10-18T07:40:02.298Z,2026-09-28T08:53:50.817Z
DEMO-DEV-5779,144,2022-10-25T10:04:44.915Z,2026-09-21T00:23:23.497Z
DEMO-DEV-5939,144,2022-10-23T06:25:43.792Z,2026-09-27T18:51:40.352Z
DEMO-DEV-5963,144,2022-10-13T13:16:03.597Z,2026-08-23T05:11:32.806Z
DEMO-DEV-6031,144,2022-10-06T01:44:57.236Z,2026-09-29T01:44:25.735Z
DEMO-DEV-6155,144,2022-10-10T00:08:34.272Z,2026-09-29T03:06:38.591Z
DEMO-DEV-6177,144,2022-11-02T08:17:35.003Z,2026-09-29T04:06:16.985Z
DEMO-DEV-6229,144,2022-10-13T14:55:30.291Z,2026-09-27T16:29:49.578Z
DEMO-DEV-6254,144,2022-10-13T17:19:26.390Z,2026-09-24T10:58:33.239Z
DEMO-DEV-6270,144,2022-10-04T15:02:54.864Z,2026-09-28T22:45:31.037Z
DEMO-DEV-6292,144,2022-10-15T00:09:51.846Z,2026-09-20T17:46:51.409Z
DEMO-DEV-6322,144,2022-10-08T23:17:43.793Z,2026-09-14T04:52:29.879Z
DEMO-DEV-6493,144,2022-10-10T13:48:15.204Z,2026-09-28T13:48:07.803Z
DEMO-DEV-6557,144,2022-10-14T01:14:07.778Z,2026-09-29T22:10:30.409Z
DEMO-DEV-6586,144,2022-10-04T23:56:03.391Z,2026-09-30T04:41:47.519Z
DEMO-DEV-6620,144,2022-10-08T06:33:41.225Z,2026-09-29T14:30:35.765Z
DEMO-DEV-6670,144,2022-10-27T01:35:50.682Z,2026-09-20T18:03:10.120Z
DEMO-DEV-6780,144,2022-10-15T02:06:40.803Z,2026-09-29T05:34:38.985Z
DEMO-DEV-6881,144,2022-10-03T20:14:42.859Z,2026-09-29T14:45:54.073Z
DEMO-DEV-6900,144,2022-10-21T15:55:10.524Z,2026-09-28T08:09:15.929Z
DEMO-DEV-6917,144,2022-10-02T23:56:35.859Z,2026-09-15T04:45:10.120Z
DEMO-DEV-7069,144,2022-10-29T02:26:48.183Z,2026-09-19T01:56:47.885Z
DEMO-DEV-7100,144,2022-10-04T06:09:59.926Z,2026-09-16T20:28:37.843Z
DEMO-DEV-7108,144,2022-10-01T19:46:52.403Z,2026-09-25T02:06:00.165Z
DEMO-DEV-7226,144,2022-10-04T06:10:05.653Z,2026-09-19T03:23:58.161Z
DEMO-DEV-7227,144,2022-10-15T04:36:22.172Z,2026-09-23T02:09:46.929Z
DEMO-DEV-7302,144,2022-10-07T20:50:06.738Z,2026-09-27T08:40:48.493Z
DEMO-DEV-7345,144,2022-10-15T16:43:03.926Z,2026-09-11T00:35:43.183Z
DEMO-DEV-7392,144,2022-10-04T03:54:30.230Z,2026-09-03T11:28:47.442Z
DEMO-DEV-7397,144,2022-10-01T19:13:31.795Z,2026-09-25T15:16:45.917Z
DEMO-DEV-7496,144,2022-10-06T13:42:26.839Z,2026-09-17T10:22:25.884Z
DEMO-DEV-7712,144,2022-11-02T06:46:45.357Z,2026-09-24T21:31:25.063Z
DEMO-DEV-7738,144,2022-10-19T21:12:06.511Z,2026-09-23T00:10:41.024Z
DEMO-DEV-7845,144,2022-10-13T20:08:18.824Z,2026-09-18T22:30:10.646Z
DEMO-DEV-7912,144,2022-10-04T14:54:55.975Z,2026-09-26T06:53:40.442Z
DEMO-DEV-7975,144,2022-10-18T15:04:30.470Z,2026-09-28T20:24:21.892Z
DEMO-DEV-8170,144,2022-10-12T14:33:29.442Z,2026-09-18T09:51:14.221Z
DEMO-DEV-8218,144,2022-10-03T17:12:35.222Z,2026-09-29T05:59:15.272Z
DEMO-DEV-8260,144,2022-10-24T05:18:36.987Z,2026-09-28T16:40:15.077Z
DEMO-DEV-8379,144,2022-11-06T09:16:27.884Z,2026-09-28T12:13:41.298Z
DEMO-DEV-8387,144,2022-10-08T11:56:35.208Z,2026-09-10T19:23:54.545Z
DEMO-DEV-8475,144,2022-10-01T23:23:16.727Z,2026-09-22T17:00:37.387Z
DEMO-DEV-8553,144,2022-10-08T02:50:41.073Z,2026-09-18T17:40:48.965Z
DEMO-DEV-8628,144,2022-10-04T04:34:00.527Z,2026-09-13T00:26:27.354Z
DEMO-DEV-8728,144,2022-10-02T12:07:06.618Z,2026-09-18T00:15:15.446Z
DEMO-DEV-8779,144,2022-10-01T08:35:03.985Z,2026-09-23T09:07:04.782Z
DEMO-DEV-8842,144,2022-10-02T05:16:55.428Z,2026-09-28T23:50:35.804Z
DEMO-DEV-8900,144,2022-10-07T04:39:36.985Z,2026-09-29T00:35:09.315Z
DEMO-DEV-9147,144,2022-10-14T10:34:18.989Z,2026-09-22T04:41:25.063Z
DEMO-DEV-9294,144,2022-10-08T14:41:01.841Z,2026-09-22T09:59:40.015Z
DEMO-DEV-9300,144,2022-10-18T14:15:41.428Z,2026-09-16T11:58:29.161Z
DEMO-DEV-9475,144,2022-10-20T10:21:01.203Z,2026-09-21T10:43:51.224Z
DEMO-DEV-9529,144,2022-11-10T14:12:30.138Z,2026-09-05T06:22:51.599Z
DEMO-DEV-9612,144,2022-10-10T21:09:57.804Z,2026-08-30T12:02:52.298Z
DEMO-DEV-9909,144,2022-10-05T22:28:05.428Z,2026-09-16T09:26:02.352Z
DEMO-DEV-9929,144,2022-10-01T08:56:32.614Z,2026-09-14T09:09:04.949Z
DEMO-DEV-0181,143,2022-10-10T03:37:43.442Z,2026-09-25T20:09:40.370Z
DEMO-DEV-0280,143,2022-10-06T01:28:10.037Z,2026-09-28T06:21:40.287Z
DEMO-DEV-0424,143,2022-10-09T02:23:26.884Z,2026-09-19T03:40:10.682Z
DEMO-DEV-0440,143,2022-10-05T10:31:28.591Z,2026-09-28T02:05:35.443Z
DEMO-DEV-0513,143,2022-10-04T22:24:52.792Z,2026-09-25T11:15:01.307Z
DEMO-DEV-0721,143,2022-10-08T09:53:24.754Z,2026-09-29T23:35:29.485Z
DEMO-DEV-0738,143,2022-10-09T07:33:19.926Z,2026-09-12T04:08:11.648Z
DEMO-DEV-0748,143,2022-10-15T08:05:03.786Z,2026-09-19T10:53:14.965Z
DEMO-DEV-0865,143,2022-10-15T09:06:23.843Z,2026-09-28T17:09:13.268Z
DEMO-DEV-0953,143,2022-10-15T06:56:05.394Z,2026-09-25T22:40:58.205Z
DEMO-DEV-0988,143,2022-10-15T21:26:16.415Z,2026-09-13T09:44:50.120Z
DEMO-DEV-0992,143,2022-10-09T01:27:47.239Z,2026-09-09T03:51:57.584Z
DEMO-DEV-1063,143,2022-10-02T01:02:56.298Z,2026-09-24T16:30:18.817Z
DEMO-DEV-1084,143,2022-10-13T16:19:16.864Z,2026-08-27T06:49:34.264Z
DEMO-DEV-1134,143,2022-10-07T14:52:26.929Z,2026-09-23T02:32:31.817Z
DEMO-DEV-1285,143,2022-10-31T16:00:21.287Z,2026-09-17T08:39:41.614Z
DEMO-DEV-1336,143,2022-10-10T09:05:28.926Z,2026-09-18T01:04:48.045Z
DEMO-DEV-1474,143,2022-10-10T20:42:08.387Z,2026-09-22T14:40:30.597Z
DEMO-DEV-1504,143,2022-10-01T19:07:20.993Z,2026-07-31T13:49:38.836Z
DEMO-DEV-1524,143,2022-10-15T16:42:57.841Z,2026-09-18T00:15:40.090Z
DEMO-DEV-1540,143,2022-10-16T03:07:30.345Z,2026-09-28T14:55:00.090Z
DEMO-DEV-1570,143,2022-10-02T12:58:27.965Z,2026-09-21T09:00:25.455Z
DEMO-DEV-1682,143,2022-10-10T07:38:48.390Z,2026-09-27T10:21:44.975Z
DEMO-DEV-1857,143,2022-10-16T05:26:18.446Z,2026-09-26T02:46:36.969Z
DEMO-DEV-1933,143,2022-10-27T05:22:18.599Z,2026-09-19T10:23:57.003Z
DEMO-DEV-2013,143,2022-10-06T14:56:53.976Z,2026-09-21T12:22:17.655Z
DEMO-DEV-2099,143,2022-10-23T01:59:38.976Z,2026-09-27T12:18:35.090Z
DEMO-DEV-2268,143,2022-10-06T15:37:22.948Z,2026-09-24T05:21:11.714Z
DEMO-DEV-2472,143,2022-10-08T08:47:55.968Z,2026-09-29T20:56:39.203Z
DEMO-DEV-2517,143,2022-10-02T02:53:14.205Z,2026-09-27T20:47:09.591Z
DEMO-DEV-2525,143,2022-10-04T02:37:17.173Z,2026-09-25T10:51:45.765Z
DEMO-DEV-2599,143,2022-10-24T13:19:37.688Z,2026-09-21T09:26:08.272Z
DEMO-DEV-2697,143,2022-10-04T05:29:49.841Z,2026-09-21T21:55:32.403Z
DEMO-DEV-2734,143,2022-10-17T11:30:20.038Z,2026-09-29T05:38:21.607Z
DEMO-DEV-2864,143,2022-10-12T07:27:42.161Z,2026-09-16T23:26:49.203Z
DEMO-DEV-3050,143,2022-10-09T16:38:27.864Z,2026-09-25T08:58:37.688Z
DEMO-DEV-3128,143,2022-10-02T12:26:13.307Z,2026-09-21T15:43:06.307Z
DEMO-DEV-3140,143,2022-10-14T13:23:59.298Z,2026-09-11T20:39:30.692Z
DEMO-DEV-3165,143,2022-10-30T08:12:23.842Z,2026-09-28T09:15:38.508Z
DEMO-DEV-3210,143,2022-10-08T16:32:14.992Z,2026-09-24T14:16:23.843Z
DEMO-DEV-3221,143,2022-10-04T07:33:23.891Z,2026-09-19T20:11:56.824Z
DEMO-DEV-3284,143,2022-10-20T17:16:04.817Z,2026-09-27T06:48:34.537Z
DEMO-DEV-3357,143,2022-10-02T04:27:29.859Z,2026-09-29T09:59:57.545Z
DEMO-DEV-3380,143,2022-10-09T16:54:15.462Z,2026-09-28T02:58:35.004Z
DEMO-DEV-3526,143,2022-10-04T08:20:08.354Z,2026-09-19T00:34:54.165Z
DEMO-DEV-3715,143,2022-10-01T13:54:13.120Z,2026-09-26T18:43:46.428Z
DEMO-DEV-3780,143,2022-10-08T17:04:52.985Z,2026-09-22T18:31:03.165Z
DEMO-DEV-4055,143,2022-10-19T14:51:05.472Z,2026-09-09T21:37:13.752Z
DEMO-DEV-4058,143,2022-10-10T09:32:42.460Z,2026-09-29T14:56:21.765Z
DEMO-DEV-4176,143,2022-10-06T17:36:09.605Z,2026-09-07T20:01:38.892Z
DEMO-DEV-4215,143,2022-10-11T08:39:40.778Z,2026-09-08T05:37:56.864Z
DEMO-DEV-4430,143,2022-10-01T18:09:17.648Z,2026-09-19T16:27:12.090Z
DEMO-DEV-4445,143,2022-11-15T06:05:27.057Z,2026-09-20T07:51:25.557Z
DEMO-DEV-4460,143,2022-10-04T08:21:40.203Z,2026-09-26T12:17:54.714Z
DEMO-DEV-4635,143,2022-10-10T07:36:08.710Z,2026-09-14T19:39:04.974Z
DEMO-DEV-4753,143,2022-10-02T06:29:36.949Z,2026-09-08T04:35:42.786Z
DEMO-DEV-4782,143,2022-10-08T08:40:55.867Z,2026-09-29T22:38:12.785Z
DEMO-DEV-4850,143,2022-10-06T23:36:11.591Z,2026-09-24T00:01:20.765Z
DEMO-DEV-4927,143,2022-10-07T14:47:23.851Z,2026-09-24T10:50:57.250Z
DEMO-DEV-4969,143,2022-10-07T19:02:02.023Z,2026-09-07T17:25:31.446Z
DEMO-DEV-5395,143,2022-10-01T11:36:47.221Z,2026-09-27T00:45:02.778Z
DEMO-DEV-5835,143,2022-10-03T10:06:41.782Z,2026-09-23T21:44:54.470Z
DEMO-DEV-5947,143,2022-10-06T18:58:16.415Z,2026-09-14T00:44:37.254Z
DEMO-DEV-5969,143,2022-10-13T10:58:56.795Z,2026-09-18T11:20:51.226Z
DEMO-DEV-5981,143,2022-10-03T02:19:16.319Z,2026-09-17T13:08:27.298Z
DEMO-DEV-5982,143,2022-12-15T02:21:42.462Z,2026-09-29T21:15:04.727Z
DEMO-DEV-6092,143,2022-10-17T12:29:06.968Z,2026-09-27T00:57:02.591Z
DEMO-DEV-6202,143,2022-10-01T16:56:23.503Z,2026-09-29T13:49:13.989Z
DEMO-DEV-6218,143,2022-10-09T03:18:27.989Z,2026-09-19T03:03:02.817Z
DEMO-DEV-6277,143,2022-11-08T11:44:07.692Z,2026-09-23T09:42:06.390Z
DEMO-DEV-6442,143,2022-10-01T20:53:44.442Z,2026-09-21T08:53:14.842Z
DEMO-DEV-6444,143,2022-10-03T23:53:21.302Z,2026-09-16T17:34:18.298Z
DEMO-DEV-6471,143,2022-10-02T01:33:30.472Z,2026-09-20T21:47:52.460Z
DEMO-DEV-6530,143,2022-10-03T02:11:34.289Z,2026-09-28T06:48:10.354Z
DEMO-DEV-6609,143,2022-10-09T12:59:06.272Z,2026-09-26T15:03:28.646Z
DEMO-DEV-6614,143,2022-10-15T21:50:15.252Z,2026-09-08T15:59:34.365Z
DEMO-DEV-6679,143,2022-10-07T16:16:25.415Z,2026-09-29T07:56:20.315Z
DEMO-DEV-6710,143,2022-10-01T15:36:18.682Z,2026-09-19T08:05:32.618Z
DEMO-DEV-6767,143,2022-10-08T02:25:44.859Z,2026-09-22T18:03:03.535Z
DEMO-DEV-6806,143,2022-10-03T17:02:34.253Z,2026-09-26T19:43:29.817Z
DEMO-DEV-6938,143,2022-10-05T11:42:13.239Z,2026-09-28T13:37:44.165Z
DEMO-DEV-7106,143,2022-10-03T01:51:48.472Z,2026-09-27T12:59:13.948Z
DEMO-DEV-7136,143,2022-10-28T11:41:58.219Z,2026-09-28T01:48:26.500Z
DEMO-DEV-7137,143,2022-10-03T08:53:43.172Z,2026-09-30T06:50:55.038Z
DEMO-DEV-7172,143,2022-10-12T02:03:01.636Z,2026-09-27T23:04:42.976Z
DEMO-DEV-7180,143,2022-10-04T09:42:48.867Z,2026-08-30T06:15:27.165Z
DEMO-DEV-7253,143,2022-10-10T15:13:43.989Z,2026-09-28T02:01:48.161Z
DEMO-DEV-7331,143,2022-10-06T17:32:30.172Z,2026-09-21T15:01:42.208Z
DEMO-DEV-7393,143,2022-10-09T10:46:23.612Z,2026-09-27T06:42:22.915Z
DEMO-DEV-7412,143,2022-10-01T21:54:27.037Z,2026-09-19T11:17:38.839Z
DEMO-DEV-7465,143,2022-10-11T03:57:45.765Z,2026-09-22T17:23:08.485Z
DEMO-DEV-7484,143,2022-10-23T02:31:36.497Z,2026-09-29T16:27:32.841Z
DEMO-DEV-7504,143,2022-10-29T10:34:21.037Z,2026-09-25T00:20:53.867Z
DEMO-DEV-7652,143,2022-10-04T22:01:59.727Z,2026-09-17T03:46:49.867Z
DEMO-DEV-7729,143,2022-10-12T02:14:36.646Z,2026-09-27T22:35:54.470Z
DEMO-DEV-7871,143,2022-10-16T11:26:49.965Z,2026-09-30T05:11:20.968Z
DEMO-DEV-7981,143,2022-10-22T11:41:47.877Z,2026-09-20T14:31:03.409Z
DEMO-DEV-7992,143,2022-10-10T13:25:42.485Z,2026-09-14T12:17:18.063Z
DEMO-DEV-8074,143,2022-10-07T09:55:16.319Z,2026-09-15T01:37:36.523Z
DEMO-DEV-8094,143,2022-10-02T13:28:38.612Z,2026-09-21T06:53:55.914Z
DEMO-DEV-8128,143,2022-10-10T03:00:17.204Z,2026-09-29T09:54:03.357Z
DEMO-DEV-8325,143,2022-10-06T17:42:59.139Z,2026-09-22T05:24:31.485Z
DEMO-DEV-8370,143,2022-10-03T20:02:28.397Z,2026-09-24T15:40:04.160Z
DEMO-DEV-8525,143,2022-10-10T18:18:25.211Z,2026-09-19T08:53:29.841Z
DEMO-DEV-8572,143,2022-10-10T23:06:47.508Z,2026-09-28T21:45:41.846Z
DEMO-DEV-8576,143,2022-10-16T07:05:59.727Z,2026-09-29T14:06:09.225Z
DEMO-DEV-8653,143,2022-10-10T23:43:29.192Z,2026-09-26T04:47:52.397Z
DEMO-DEV-8720,143,2022-11-13T16:44:29.688Z,2026-09-22T02:34:06.190Z
DEMO-DEV-8796,143,2022-10-11T08:21:21.754Z,2026-09-16T19:36:12.605Z
DEMO-DEV-9038,143,2022-10-15T11:39:23.246Z,2026-09-28T09:05:31.557Z
DEMO-DEV-9272,143,2022-10-01T14:18:08.841Z,2026-09-18T20:38:57.446Z
DEMO-DEV-9308,143,2022-10-05T14:45:42.503Z,2026-09-16T18:09:30.950Z
DEMO-DEV-9310,143,2022-10-03T05:52:21.658Z,2026-09-24T04:47:12.816Z
DEMO-DEV-9314,143,2022-10-09T12:47:54.352Z,2026-09-24T18:37:04.232Z
DEMO-DEV-9406,143,2022-10-07T07:05:05.885Z,2026-09-29T17:24:08.252Z
DEMO-DEV-9491,143,2022-10-13T00:39:47.636Z,2026-09-22T01:55:18.183Z
DEMO-DEV-9496,143,2022-10-02T05:39:55.646Z,2026-09-19T01:44:11.021Z
DEMO-DEV-9539,143,2022-10-18T05:15:21.846Z,2026-09-18T08:07:15.073Z
DEMO-DEV-9951,143,2022-10-18T13:09:15.234Z,2026-09-26T11:50:25.222Z
DEMO-DEV-0095,142,2022-10-11T06:10:54.892Z,2026-09-13T19:12:27.607Z
DEMO-DEV-0117,142,2022-10-03T08:02:39.993Z,2026-09-21T10:11:31.825Z
DEMO-DEV-0253,142,2022-10-19T02:49:04.014Z,2026-09-10T12:47:11.289Z
DEMO-DEV-0264,142,2022-10-14T00:08:19.218Z,2026-09-13T05:55:22.524Z
DEMO-DEV-0321,142,2022-10-01T23:31:25.319Z,2026-09-12T04:26:47.523Z
DEMO-DEV-0569,142,2022-10-02T23:25:32.527Z,2026-09-27T12:37:28.969Z
DEMO-DEV-0715,142,2022-10-07T23:56:39.253Z,2026-09-12T18:43:53.250Z
DEMO-DEV-0940,142,2022-10-04T19:10:23.038Z,2026-09-29T21:53:23.668Z
DEMO-DEV-0949,142,2022-10-04T02:25:16.415Z,2026-09-18T14:51:37.075Z
DEMO-DEV-1040,142,2022-11-08T03:23:03.272Z,2026-09-27T05:36:57.063Z
DEMO-DEV-1048,142,2022-10-04T08:53:18.949Z,2026-09-15T10:21:04.702Z
DEMO-DEV-1242,142,2022-10-01T12:38:44.846Z,2026-09-17T09:40:37.397Z
DEMO-DEV-1346,142,2022-10-08T12:27:26.817Z,2026-09-10T18:36:58.037Z
DEMO-DEV-1510,142,2022-10-23T08:35:52.246Z,2026-09-29T09:37:59.045Z
DEMO-DEV-1577,142,2022-10-20T13:53:20.409Z,2026-09-30T07:42:16.841Z
DEMO-DEV-1668,142,2022-10-02T16:33:11.648Z,2026-08-22T23:22:31.799Z
DEMO-DEV-1728,142,2022-10-02T08:03:12.428Z,2026-09-30T06:18:31.291Z
DEMO-DEV-1788,142,2022-10-02T08:05:01.040Z,2026-09-24T18:04:32.173Z
DEMO-DEV-1829,142,2022-10-04T08:31:03.885Z,2026-09-26T22:58:42.926Z
DEMO-DEV-1999,142,2022-10-04T23:20:47.268Z,2026-09-25T17:21:35.337Z
DEMO-DEV-2002,142,2022-10-02T17:31:20.307Z,2026-09-29T15:26:23.591Z
DEMO-DEV-2019,142,2022-10-25T20:19:50.232Z,2026-09-26T02:59:08.073Z
DEMO-DEV-2032,142,2022-10-12T13:15:27.870Z,2026-09-13T14:49:12.846Z
DEMO-DEV-2116,142,2022-10-08T22:22:30.428Z,2026-08-25T12:51:23.250Z
DEMO-DEV-2587,142,2022-10-03T10:10:13.493Z,2026-09-30T04:44:42.836Z
DEMO-DEV-2627,142,2022-10-14T03:43:31.493Z,2026-09-29T04:56:18.811Z
DEMO-DEV-2673,142,2022-10-09T03:50:08.976Z,2026-08-14T15:41:24.527Z
DEMO-DEV-2786,142,2022-10-04T05:14:57.865Z,2026-09-29T09:33:01.325Z
DEMO-DEV-2917,142,2022-10-23T07:25:41.337Z,2026-09-16T13:57:39.455Z
DEMO-DEV-2943,142,2022-10-23T22:18:52.929Z,2026-09-28T14:03:40.537Z
DEMO-DEV-2960,142,2022-10-26T09:02:30.784Z,2026-09-06T05:07:49.929Z
DEMO-DEV-2984,142,2022-10-03T02:25:18.208Z,2026-09-26T20:30:26.442Z
DEMO-DEV-3022,142,2022-10-06T15:45:53.636Z,2026-09-24T01:54:26.892Z
DEMO-DEV-3095,142,2022-10-05T20:07:20.230Z,2026-09-27T06:19:25.368Z
DEMO-DEV-3348,142,2022-10-07T05:53:04.859Z,2026-09-29T21:47:45.842Z
DEMO-DEV-3387,142,2022-10-02T03:14:45.192Z,2026-09-26T14:32:04.545Z
DEMO-DEV-3514,142,2022-10-06T04:21:35.192Z,2026-09-29T01:49:10.287Z
DEMO-DEV-3519,142,2022-10-14T12:47:38.676Z,2026-09-23T00:56:21.752Z
DEMO-DEV-3694,142,2022-10-03T12:10:14.211Z,2026-09-26T21:21:35.403Z
DEMO-DEV-3721,142,2022-10-01T11:38:31.319Z,2026-09-27T02:58:48.966Z
DEMO-DEV-3806,142,2022-10-05T11:53:37.974Z,2026-09-19T01:47:23.556Z
DEMO-DEV-3822,142,2022-10-16T03:47:12.298Z,2026-09-25T11:18:24.825Z
DEMO-DEV-3873,142,2022-10-01T09:25:46.300Z,2026-09-22T18:36:23.325Z
DEMO-DEV-3885,142,2022-10-03T19:34:23.863Z,2026-09-27T00:30:12.778Z
DEMO-DEV-3917,142,2022-11-04T04:58:01.173Z,2026-09-17T14:23:56.357Z
DEMO-DEV-3990,142,2022-10-03T13:48:00.948Z,2026-09-29T05:53:02.015Z
DEMO-DEV-3998,142,2022-10-03T18:40:49.252Z,2026-09-15T10:32:36.165Z
DEMO-DEV-4234,142,2022-10-08T19:52:12.161Z,2026-09-28T09:49:34.038Z
DEMO-DEV-4304,142,2022-11-23T15:23:05.969Z,2026-09-27T17:15:37.443Z
DEMO-DEV-4718,142,2022-10-03T13:05:53.246Z,2026-09-17T06:11:46.354Z
DEMO-DEV-4728,142,2022-10-02T21:28:56.913Z,2026-09-10T11:07:08.929Z
DEMO-DEV-4729,142,2022-10-17T22:19:12.308Z,2026-09-28T03:19:30.666Z
DEMO-DEV-4760,142,2022-10-12T22:12:33.676Z,2026-09-15T19:00:10.864Z
DEMO-DEV-4821,142,2022-10-10T22:15:53.929Z,2026-08-16T23:18:39.403Z
DEMO-DEV-4935,142,2022-10-02T22:31:21.168Z,2026-09-28T01:35:12.442Z
DEMO-DEV-5023,142,2022-10-05T07:11:22.004Z,2026-09-25T22:33:27.319Z
DEMO-DEV-5070,142,2022-10-18T12:10:45.319Z,2026-09-11T00:59:09.646Z
DEMO-DEV-5161,142,2022-10-03T16:00:26.785Z,2026-09-22T14:58:50.190Z
DEMO-DEV-5231,142,2022-11-05T18:29:11.038Z,2026-09-26T18:39:28.172Z
DEMO-DEV-5244,142,2022-10-21T18:15:31.702Z,2026-08-23T10:53:40.839Z
DEMO-DEV-5264,142,2022-10-02T01:14:52.612Z,2026-09-29T03:42:41.238Z
DEMO-DEV-5364,142,2022-10-12T15:03:37.557Z,2026-09-24T10:59:58.607Z
DEMO-DEV-5437,142,2022-11-03T03:23:42.612Z,2026-09-26T00:11:37.288Z
DEMO-DEV-5450,142,2022-10-09T19:17:53.597Z,2026-09-14T19:56:19.472Z
DEMO-DEV-5535,142,2022-10-04T04:04:53.824Z,2026-09-21T21:35:53.727Z
DEMO-DEV-5746,142,2022-10-07T05:05:26.409Z,2026-09-20T21:31:20.183Z
DEMO-DEV-5761,142,2022-10-01T20:14:07.190Z,2026-09-29T16:31:13.612Z
DEMO-DEV-5816,142,2022-10-17T23:53:45.929Z,2026-09-29T10:41:17.682Z
DEMO-DEV-5853,142,2022-10-01T22:18:21.325Z,2026-09-17T10:40:39.816Z
DEMO-DEV-5912,142,2022-10-01T10:05:54.337Z,2026-09-27T16:27:07.387Z
DEMO-DEV-5923,142,2022-11-05T23:11:47.218Z,2026-09-25T18:37:22.485Z
DEMO-DEV-5933,142,2022-10-09T12:30:19.505Z,2026-09-25T06:47:14.784Z
DEMO-DEV-5955,142,2022-10-01T18:31:51.519Z,2026-09-08T07:17:24.161Z
DEMO-DEV-6023,142,2022-10-05T19:12:37.806Z,2026-09-24T11:43:46.917Z
DEMO-DEV-6268,142,2022-10-01T20:50:54.618Z,2026-09-11T05:33:14.470Z
DEMO-DEV-6287,142,2022-10-04T20:12:46.793Z,2026-09-28T08:30:08.885Z
DEMO-DEV-6342,142,2022-10-05T05:46:45.357Z,2026-09-28T07:31:57.203Z
DEMO-DEV-6370,142,2022-10-16T11:45:41.325Z,2026-08-28T17:33:51.795Z
DEMO-DEV-6396,142,2022-10-02T16:46:35.319Z,2026-09-20T14:49:24.226Z
DEMO-DEV-6398,142,2022-10-02T20:32:17.503Z,2026-09-03T18:42:02.493Z
DEMO-DEV-6797,142,2022-10-15T13:13:00.300Z,2026-09-18T21:47:53.253Z
DEMO-DEV-6822,142,2022-11-16T07:33:15.974Z,2026-09-28T16:36:56.568Z
DEMO-DEV-6976,142,2022-10-12T14:11:04.024Z,2026-09-22T11:36:50.225Z
DEMO-DEV-7003,142,2022-10-09T04:12:25.646Z,2026-09-16T10:24:17.462Z
DEMO-DEV-7028,142,2022-10-10T08:32:16.403Z,2026-09-28T13:48:39.537Z
DEMO-DEV-7049,142,2022-10-02T17:09:42.497Z,2026-09-22T19:58:34.024Z
DEMO-DEV-7148,142,2022-10-01T15:49:55.842Z,2026-08-29T10:13:51.365Z
DEMO-DEV-7233,142,2022-10-07T08:53:06.976Z,2026-09-24T18:21:15.752Z
DEMO-DEV-7353,142,2022-10-18T17:55:50.692Z,2026-09-29T01:08:05.057Z
DEMO-DEV-7368,142,2022-10-02T06:41:39.976Z,2026-09-17T22:24:02.892Z
DEMO-DEV-7395,142,2022-10-06T18:46:07.682Z,2026-09-12T21:57:30.192Z
DEMO-DEV-7413,142,2022-10-07T04:26:53.843Z,2026-09-27T20:25:46.992Z
DEMO-DEV-7475,142,2022-10-01T21:39:53.023Z,2026-09-22T07:37:02.068Z
DEMO-DEV-7556,142,2022-11-17T04:59:58.391Z,2026-09-27T00:16:43.038Z
DEMO-DEV-7901,142,2022-10-16T18:38:33.023Z,2026-09-27T17:42:58.915Z
DEMO-DEV-8033,142,2022-10-05T03:11:37.806Z,2026-09-29T19:47:43.315Z
DEMO-DEV-8068,142,2022-10-04T16:22:50.497Z,2026-09-18T12:59:55.402Z
DEMO-DEV-8144,142,2022-10-28T06:39:06.795Z,2026-08-16T22:42:17.948Z
DEMO-DEV-8317,142,2022-10-18T03:55:47.027Z,2026-09-28T19:45:56.134Z
DEMO-DEV-8338,142,2022-10-27T13:34:21.727Z,2026-09-18T13:32:50.969Z
DEMO-DEV-8758,142,2022-10-08T16:30:58.803Z,2026-09-28T13:29:39.057Z
DEMO-DEV-8791,142,2022-10-06T04:00:54.319Z,2026-09-15T02:59:37.884Z
DEMO-DEV-9046,142,2022-10-12T04:35:59.646Z,2026-09-27T23:06:54.863Z
DEMO-DEV-9088,142,2022-10-05T02:18:42.470Z,2026-09-16T07:37:34.804Z
DEMO-DEV-9235,142,2022-10-15T11:02:30.885Z,2026-09-26T20:53:57.150Z
DEMO-DEV-9255,142,2022-10-06T01:52:04.785Z,2026-09-20T05:27:36.455Z
DEMO-DEV-9284,142,2022-10-07T15:18:56.989Z,2026-09-22T15:54:36.287Z
DEMO-DEV-9301,142,2022-10-18T17:25:20.289Z,2026-09-29T12:13:22.203Z
DEMO-DEV-9342,142,2022-10-17T09:03:22.804Z,2026-09-28T14:01:59.254Z
DEMO-DEV-9438,142,2022-10-05T19:50:11.003Z,2026-09-26T04:18:04.913Z
DEMO-DEV-9630,142,2022-10-13T10:05:53.134Z,2026-08-07T01:34:11.949Z
DEMO-DEV-9733,142,2022-10-18T10:50:54.203Z,2026-09-22T03:25:52.352Z
DEMO-DEV-9742,142,2022-11-07T14:41:32.168Z,2026-09-28T21:52:51.075Z
DEMO-DEV-9793,142,2022-10-04T23:15:53.219Z,2026-09-12T19:06:42.291Z
DEMO-DEV-9814,142,2022-10-03T02:37:11.415Z,2026-09-27T15:05:56.253Z
DEMO-DEV-9894,142,2022-10-16T14:18:02.234Z,2026-09-12T08:20:33.368Z
DEMO-DEV-9895,142,2022-10-09T17:06:22.134Z,2026-09-28T02:14:43.885Z
DEMO-DEV-9928,142,2022-10-04T04:16:23.811Z,2026-09-22T22:34:03.221Z
DEMO-DEV-0217,141,2022-10-01T08:34:57.555Z,2026-09-19T22:55:33.302Z
DEMO-DEV-0287,141,2022-10-03T13:02:16.204Z,2026-09-16T04:39:08.975Z
DEMO-DEV-0291,141,2022-11-01T17:23:24.239Z,2026-09-27T12:29:12.485Z
DEMO-DEV-0336,141,2022-11-01T00:34:31.655Z,2026-09-06T19:19:47.493Z
DEMO-DEV-0393,141,2022-10-11T22:53:02.291Z,2026-09-23T04:57:01.203Z
DEMO-DEV-0448,141,2022-10-30T08:49:35.272Z,2026-09-15T15:42:28.976Z
DEMO-DEV-0472,141,2022-10-06T01:52:58.390Z,2026-09-26T08:18:20.992Z
DEMO-DEV-0645,141,2022-11-07T06:12:44.926Z,2026-09-12T13:11:39.825Z
DEMO-DEV-0670,141,2022-10-26T23:14:33.511Z,2026-09-06T12:23:38.203Z
DEMO-DEV-0749,141,2022-10-15T23:08:51.298Z,2026-09-24T02:25:07.864Z
DEMO-DEV-0825,141,2022-10-03T21:16:05.090Z,2026-09-25T07:47:42.250Z
DEMO-DEV-0944,141,2022-10-03T11:39:45.843Z,2026-09-22T23:09:40.727Z
DEMO-DEV-1156,141,2022-10-02T12:02:26.057Z,2026-09-25T09:47:30.655Z
DEMO-DEV-1179,141,2022-10-16T19:36:44.203Z,2026-09-29T10:45:15.352Z
DEMO-DEV-1181,141,2022-10-20T18:42:43.352Z,2026-09-25T04:14:52.068Z
DEMO-DEV-1206,141,2022-11-18T23:56:40.287Z,2026-09-07T04:39:08.254Z
DEMO-DEV-1216,141,2022-10-10T00:56:34.319Z,2026-09-26T21:23:06.555Z
DEMO-DEV-1243,141,2022-10-03T17:27:17.345Z,2026-09-20T02:58:31.824Z
DEMO-DEV-1440,141,2022-10-06T04:42:53.319Z,2026-08-24T05:39:21.870Z
DEMO-DEV-1448,141,2022-11-08T19:03:32.192Z,2026-09-26T12:06:10.308Z
DEMO-DEV-1606,141,2022-10-07T20:01:05.884Z,2026-09-29T20:18:15.015Z
DEMO-DEV-1702,141,2022-10-16T00:17:16.428Z,2026-09-04T21:18:50.472Z
DEMO-DEV-1919,141,2022-10-21T22:07:44.428Z,2026-09-28T14:15:54.868Z
DEMO-DEV-2103,141,2022-10-06T01:26:00.676Z,2026-09-29T04:19:23.253Z
DEMO-DEV-2296,141,2022-10-03T00:28:29.985Z,2026-09-24T09:51:02.189Z
DEMO-DEV-2312,141,2022-10-12T03:48:00.836Z,2026-09-15T01:28:59.863Z
DEMO-DEV-2453,141,2022-10-07T00:17:51.851Z,2026-09-17T09:49:35.500Z
DEMO-DEV-2534,141,2022-10-07T21:35:58.618Z,2026-09-20T08:41:30.786Z
DEMO-DEV-2584,141,2022-10-11T10:14:28.302Z,2026-09-29T09:48:01.537Z
DEMO-DEV-2596,141,2022-10-07T11:55:58.842Z,2026-09-28T13:36:07.134Z
DEMO-DEV-2626,141,2022-10-03T20:38:37.397Z,2026-09-20T15:48:38.470Z
DEMO-DEV-2749,141,2022-10-10T17:30:53.658Z,2026-09-19T11:52:24.087Z
DEMO-DEV-2760,141,2022-10-24T20:58:42.264Z,2026-09-19T17:26:52.466Z
DEMO-DEV-2769,141,2022-10-12T15:10:10.519Z,2026-09-29T11:12:49.929Z
DEMO-DEV-2823,141,2022-10-04T21:35:02.428Z,2026-09-27T21:55:19.205Z
DEMO-DEV-3098,141,2022-10-16T11:09:44.992Z,2026-09-30T02:59:20.234Z
DEMO-DEV-3129,141,2022-10-05T16:20:56.345Z,2026-09-19T18:40:02.150Z
DEMO-DEV-3147,141,2022-10-08T16:40:18.661Z,2026-09-26T14:59:54.023Z
DEMO-DEV-3289,141,2022-10-05T18:22:49.442Z,2026-09-27T22:00:05.879Z
DEMO-DEV-3300,141,2022-10-07T04:54:35.965Z,2026-09-21T09:33:05.287Z
DEMO-DEV-3338,141,2022-10-08T13:37:15.676Z,2026-09-19T17:32:44.527Z
DEMO-DEV-3627,141,2022-10-02T19:44:36.023Z,2026-09-18T08:44:58.446Z
DEMO-DEV-3790,141,2022-10-17T11:33:20.077Z,2026-09-07T05:40:23.203Z
DEMO-DEV-3811,141,2022-10-02T15:38:42.173Z,2026-09-28T19:17:24.224Z
DEMO-DEV-3831,141,2022-10-02T20:51:10.799Z,2026-09-23T09:57:52.929Z
DEMO-DEV-3832,141,2022-10-11T14:49:46.250Z,2026-09-15T22:41:50.917Z
DEMO-DEV-3851,141,2022-10-25T09:22:02.873Z,2026-09-27T11:03:59.485Z
DEMO-DEV-3896,141,2022-10-12T02:07:51.949Z,2026-09-27T09:05:24.859Z
DEMO-DEV-4001,141,2022-10-12T15:03:50.337Z,2026-09-15T13:48:36.865Z
DEMO-DEV-4141,141,2022-10-11T12:36:23.203Z,2026-09-26T14:34:43.038Z
DEMO-DEV-4171,141,2022-10-17T20:06:52.409Z,2026-09-25T01:02:18.024Z
DEMO-DEV-4222,141,2022-10-12T18:40:26.841Z,2026-09-03T21:04:17.605Z
DEMO-DEV-4242,141,2022-10-02T00:03:40.618Z,2026-09-08T14:05:27.390Z
DEMO-DEV-4425,141,2022-10-01T16:49:32.409Z,2026-09-15T19:58:07.646Z
DEMO-DEV-4524,141,2022-10-05T00:42:45.307Z,2026-09-24T00:47:16.545Z
DEMO-DEV-4636,141,2022-10-05T23:52:34.786Z,2026-07-27T14:26:19.120Z
DEMO-DEV-4647,141,2022-10-07T22:26:07.068Z,2026-09-24T11:50:19.891Z
DEMO-DEV-4813,141,2022-10-25T22:32:39.843Z,2026-09-29T03:25:43.806Z
DEMO-DEV-4815,141,2022-10-05T09:27:07.226Z,2026-09-25T06:04:54.289Z
DEMO-DEV-4974,141,2022-10-02T18:37:35.345Z,2026-09-11T08:20:00.993Z
DEMO-DEV-5117,141,2022-10-04T18:10:10.557Z,2026-09-25T06:26:32.357Z
DEMO-DEV-5303,141,2022-10-05T19:01:11.584Z,2026-09-17T21:32:59.975Z
DEMO-DEV-5310,141,2022-10-05T21:27:23.987Z,2026-09-19T00:37:23.302Z
DEMO-DEV-5379,141,2022-10-14T08:56:27.308Z,2026-09-23T13:06:25.308Z
DEMO-DEV-5443,141,2022-10-13T18:32:59.824Z,2026-09-20T14:24:07.268Z
DEMO-DEV-5500,141,2022-10-09T23:58:28.799Z,2026-09-06T22:48:40.841Z
DEMO-DEV-5509,141,2022-10-21T08:10:17.172Z,2026-09-25T06:20:02.460Z
DEMO-DEV-5576,141,2022-10-05T15:10:08.727Z,2026-08-31T12:22:58.976Z
DEMO-DEV-5845,141,2022-10-18T21:45:50.557Z,2026-09-17T11:03:47.038Z
DEMO-DEV-5968,141,2022-10-02T19:58:18.442Z,2026-09-21T08:14:20.466Z
DEMO-DEV-5989,141,2022-10-01T08:48:05.090Z,2026-09-28T16:45:25.252Z
DEMO-DEV-6146,141,2022-10-13T09:29:26.222Z,2026-09-19T17:22:33.205Z
DEMO-DEV-6219,141,2022-10-10T15:31:14.428Z,2026-09-13T04:16:12.460Z
DEMO-DEV-6365,141,2022-10-04T16:29:41.965Z,2026-09-27T01:08:48.974Z
DEMO-DEV-6443,141,2022-10-01T16:35:19.839Z,2026-09-27T01:16:41.172Z
DEMO-DEV-6505,141,2022-10-09T10:09:56.778Z,2026-09-19T03:34:59.873Z
DEMO-DEV-6518,141,2022-10-29T13:17:20.485Z,2026-09-25T09:21:55.859Z
DEMO-DEV-6567,141,2022-10-04T22:25:23.535Z,2026-09-21T07:28:55.824Z
DEMO-DEV-6648,141,2022-10-28T19:30:21.120Z,2026-09-26T11:32:36.793Z
DEMO-DEV-6669,141,2022-10-04T22:02:07.239Z,2026-09-25T04:27:15.442Z
DEMO-DEV-6678,141,2022-10-07T18:45:40.884Z,2026-09-05T05:13:00.527Z
DEMO-DEV-6760,141,2022-10-06T11:22:54.646Z,2026-09-24T12:32:47.236Z
DEMO-DEV-6779,141,2022-10-17T02:41:03.442Z,2026-09-28T00:37:53.428Z
DEMO-DEV-6782,141,2022-10-02T18:06:40.993Z,2026-09-29T23:00:05.865Z
DEMO-DEV-6811,141,2022-11-15T07:59:52.027Z,2026-09-21T11:07:29.523Z
DEMO-DEV-6816,141,2022-10-13T19:40:08.160Z,2026-09-16T20:28:53.987Z
DEMO-DEV-6829,141,2022-10-12T00:11:10.636Z,2026-09-26T21:24:30.969Z
DEMO-DEV-6905,141,2022-10-06T08:03:06.252Z,2026-09-15T03:37:06.966Z
DEMO-DEV-7023,141,2022-10-09T21:19:07.236Z,2026-09-27T21:35:50.891Z
DEMO-DEV-7104,141,2022-10-08T12:21:27.868Z,2026-09-18T07:59:28.236Z
DEMO-DEV-7132,141,2022-10-06T22:09:25.040Z,2026-09-24T05:47:53.584Z
DEMO-DEV-7182,141,2022-10-25T19:01:01.803Z,2026-09-23T14:45:09.040Z
DEMO-DEV-7224,141,2022-10-10T01:05:13.949Z,2026-09-22T06:17:32.352Z
DEMO-DEV-7303,141,2022-10-23T05:29:31.021Z,2026-09-28T23:31:55.636Z
DEMO-DEV-7553,141,2022-10-18T06:42:09.428Z,2026-09-29T14:09:52.508Z
DEMO-DEV-7577,141,2022-10-03T01:07:52.460Z,2026-08-25T15:37:55.817Z
DEMO-DEV-7601,141,2022-10-10T19:14:17.519Z,2026-09-10T20:26:57.470Z
DEMO-DEV-7606,141,2022-10-15T00:41:35.352Z,2026-09-29T00:30:49.535Z
DEMO-DEV-7633,141,2022-10-04T19:36:22.203Z,2026-08-31T09:20:24.568Z
DEMO-DEV-7636,141,2022-10-02T04:54:32.607Z,2026-09-27T07:41:44.949Z
DEMO-DEV-7675,141,2022-10-25T17:00:48.839Z,2026-09-17T14:05:39.864Z
DEMO-DEV-8032,141,2022-10-19T13:27:49.203Z,2026-09-20T19:09:19.668Z
DEMO-DEV-8118,141,2022-10-28T08:08:37.390Z,2026-08-21T22:03:57.224Z
DEMO-DEV-8120,141,2022-10-05T21:44:00.811Z,2026-09-06T19:53:10.394Z
DEMO-DEV-8198,141,2022-10-02T21:51:45.224Z,2026-09-23T11:33:45.605Z
DEMO-DEV-8200,141,2022-10-28T04:48:54.668Z,2026-09-26T08:32:34.345Z
DEMO-DEV-8215,141,2022-10-01T14:55:58.218Z,2026-09-18T14:17:43.027Z
DEMO-DEV-8656,141,2022-11-03T08:03:22.250Z,2026-09-28T08:30:55.368Z
DEMO-DEV-8678,141,2022-10-01T20:05:29.537Z,2026-09-13T14:13:24.460Z
DEMO-DEV-8740,141,2022-10-30T20:50:41.949Z,2026-09-25T22:48:36.639Z
DEMO-DEV-8820,141,2022-10-28T03:49:12.816Z,2026-09-28T16:52:11.817Z
DEMO-DEV-8829,141,2022-10-04T20:15:37.239Z,2026-09-29T13:37:29.455Z
DEMO-DEV-8844,141,2022-10-03T17:54:55.068Z,2026-09-11T06:26:06.929Z
DEMO-DEV-9251,141,2022-10-04T04:49:17.859Z,2026-09-30T02:18:01.948Z
DEMO-DEV-9315,141,2022-10-04T14:01:04.987Z,2026-09-26T04:15:41.272Z
DEMO-DEV-9506,141,2022-10-14T18:20:36.226Z,2026-09-18T13:58:11.462Z
DEMO-DEV-9664,141,2022-10-17T03:43:36.929Z,2026-09-16T15:30:23.785Z
DEMO-DEV-9998,141,2022-10-03T20:56:25.080Z,2026-09-17T14:15:01.877Z
DEMO-DEV-0004,140,2022-10-10T18:11:12.218Z,2026-09-28T01:00:39.523Z
DEMO-DEV-0061,140,2022-10-05T08:15:20.974Z,2026-09-20T23:12:06.591Z
DEMO-DEV-0314,140,2022-11-15T05:46:51.345Z,2026-09-17T12:28:09.658Z
DEMO-DEV-0434,140,2022-10-09T21:40:17.778Z,2026-09-20T00:36:13.917Z
DEMO-DEV-0890,140,2022-10-02T19:23:13.442Z,2026-09-19T17:37:50.842Z
DEMO-DEV-0998,140,2022-10-04T09:44:24.302Z,2026-09-22T01:45:16.784Z
DEMO-DEV-1004,140,2022-10-05T04:30:35.966Z,2026-09-08T06:02:30.511Z
DEMO-DEV-1166,140,2022-10-07T04:48:37.648Z,2026-09-24T15:30:25.976Z
DEMO-DEV-1204,140,2022-10-02T05:32:50.352Z,2026-09-26T04:28:10.027Z
DEMO-DEV-1221,140,2022-10-26T02:29:09.460Z,2026-09-28T13:09:56.825Z
DEMO-DEV-1423,140,2022-10-04T16:12:44.968Z,2026-09-15T01:32:50.354Z
DEMO-DEV-1481,140,2022-10-21T19:18:40.505Z,2026-09-20T04:40:48.658Z
DEMO-DEV-1663,140,2022-10-12T22:37:05.409Z,2026-09-23T09:50:29.661Z
DEMO-DEV-2088,140,2022-10-03T09:38:51.682Z,2026-09-20T15:45:01.527Z
DEMO-DEV-2093,140,2022-10-06T08:22:22.308Z,2026-09-29T23:05:10.646Z
DEMO-DEV-2118,140,2022-10-04T00:13:46.811Z,2026-09-08T16:04:37.087Z
DEMO-DEV-2245,140,2022-10-05T12:09:09.524Z,2026-09-28T20:55:47.168Z
DEMO-DEV-2279,140,2022-10-01T21:34:09.063Z,2026-08-24T11:59:40.205Z
DEMO-DEV-2314,140,2022-10-01T14:21:51.873Z,2026-09-27T04:08:31.139Z
DEMO-DEV-2362,140,2022-10-11T20:59:29.302Z,2026-09-15T13:16:35.394Z
DEMO-DEV-2383,140,2022-10-09T17:56:09.785Z,2026-08-29T18:45:56.204Z
DEMO-DEV-2388,140,2022-10-01T13:11:11.239Z,2026-09-27T15:38:26.668Z
DEMO-DEV-2688,140,2022-10-11T16:50:24.345Z,2026-09-28T18:53:34.443Z
DEMO-DEV-2842,140,2022-10-16T05:53:22.714Z,2026-09-29T00:09:57.527Z
DEMO-DEV-2857,140,2022-10-20T14:11:03.765Z,2026-09-12T13:50:47.727Z
DEMO-DEV-2924,140,2022-10-06T02:56:57.172Z,2026-08-24T22:37:51.308Z
DEMO-DEV-3729,140,2022-10-04T10:15:22.134Z,2026-09-25T09:51:15.302Z
DEMO-DEV-3967,140,2022-10-05T02:27:14.892Z,2026-09-24T01:03:06.676Z
DEMO-DEV-4198,140,2022-10-10T16:10:51.926Z,2026-09-14T18:01:14.402Z
DEMO-DEV-4381,140,2022-10-04T17:47:51.138Z,2026-09-29T13:33:25.817Z
DEMO-DEV-4707,140,2022-10-09T00:12:32.040Z,2026-08-31T05:13:10.211Z
DEMO-DEV-4784,140,2022-10-06T13:31:28.868Z,2026-09-20T11:43:44.460Z
DEMO-DEV-4828,140,2022-10-06T05:12:46.443Z,2026-09-11T04:20:25.073Z
DEMO-DEV-4942,140,2022-10-16T11:19:04.264Z,2026-09-06T20:55:53.232Z
DEMO-DEV-4954,140,2022-10-23T00:08:17.974Z,2026-09-16T05:42:29.038Z
DEMO-DEV-5069,140,2022-10-12T11:34:57.738Z,2026-09-20T06:06:34.891Z
DEMO-DEV-5207,140,2022-10-07T23:55:23.877Z,2026-09-22T16:15:32.949Z
DEMO-DEV-5320,140,2022-11-02T02:24:32.639Z,2026-09-27T05:03:48.300Z
DEMO-DEV-5370,140,2022-11-21T02:27:11.870Z,2026-09-29T03:41:40.352Z
DEMO-DEV-5448,140,2022-11-02T03:47:53.287Z,2026-09-21T02:57:56.203Z
DEMO-DEV-5499,140,2022-10-15T22:24:21.965Z,2026-09-25T14:03:11.816Z
DEMO-DEV-5592,140,2022-10-06T10:21:18.264Z,2026-09-10T01:05:12.352Z
DEMO-DEV-5818,140,2022-11-10T11:15:38.225Z,2026-09-16T06:39:17.676Z
DEMO-DEV-6016,140,2022-10-12T00:32:55.688Z,2026-09-29T16:45:39.817Z
DEMO-DEV-6032,140,2022-10-04T08:08:51.325Z,2026-09-22T20:16:55.077Z
DEMO-DEV-6082,140,2022-10-03T00:04:47.535Z,2026-09-19T15:15:03.614Z
DEMO-DEV-6120,140,2022-10-30T09:36:50.397Z,2026-09-28T04:39:15.817Z
DEMO-DEV-6176,140,2022-10-03T15:57:23.428Z,2026-09-26T06:13:26.172Z
DEMO-DEV-6290,140,2022-10-03T11:18:47.120Z,2026-09-26T19:27:00.892Z
DEMO-DEV-6331,140,2022-10-08T02:43:02.460Z,2026-09-04T15:40:03.236Z
DEMO-DEV-6421,140,2022-10-10T04:39:06.291Z,2026-09-24T04:14:20.639Z
DEMO-DEV-6570,140,2022-10-15T12:59:23.851Z,2026-09-14T23:32:49.839Z
DEMO-DEV-6644,140,2022-10-31T09:43:45.795Z,2026-09-24T19:20:40.692Z
DEMO-DEV-6770,140,2022-10-03T21:41:48.403Z,2026-09-21T16:30:59.232Z
DEMO-DEV-7230,140,2022-10-06T18:38:23.236Z,2026-09-17T13:47:20.302Z
DEMO-DEV-7292,140,2022-10-27T00:14:23.139Z,2026-09-30T07:12:38.806Z
DEMO-DEV-7366,140,2022-10-05T17:00:16.661Z,2026-09-12T00:42:38.368Z
DEMO-DEV-7371,140,2022-10-29T18:54:45.023Z,2026-08-09T19:22:55.816Z
DEMO-DEV-7387,140,2022-10-03T07:49:46.120Z,2026-09-25T14:34:48.646Z
DEMO-DEV-7415,140,2022-10-02T11:47:28.535Z,2026-09-21T08:35:08.843Z
DEMO-DEV-7608,140,2022-10-13T10:27:11.591Z,2026-09-19T16:40:29.785Z
DEMO-DEV-7640,140,2022-10-02T17:04:42.442Z,2026-09-16T11:34:50.443Z
DEMO-DEV-7768,140,2022-10-05T00:31:13.238Z,2026-09-23T10:07:32.523Z
DEMO-DEV-8018,140,2022-10-17T09:45:01.120Z,2026-09-26T23:02:08.138Z
DEMO-DEV-8166,140,2022-10-07T08:21:39.799Z,2026-09-29T20:15:22.597Z
DEMO-DEV-8398,140,2022-10-05T04:56:47.612Z,2026-09-16T10:41:18.075Z
DEMO-DEV-8834,140,2022-10-19T12:22:58.555Z,2026-09-21T07:17:41.782Z
DEMO-DEV-8932,140,2022-10-14T03:10:38.989Z,2026-09-21T16:47:30.003Z
DEMO-DEV-8959,140,2022-10-04T05:11:00.503Z,2026-08-19T19:54:30.455Z
DEMO-DEV-8962,140,2022-10-06T01:01:58.077Z,2026-09-28T12:23:35.873Z
DEMO-DEV-9493,140,2022-10-02T15:06:32.926Z,2026-09-16T14:32:22.172Z
DEMO-DEV-9641,140,2022-10-02T14:47:28.692Z,2026-09-14T06:28:52.682Z
DEMO-DEV-0032,139,2022-10-07T03:21:27.161Z,2026-08-28T14:03:58.026Z
DEMO-DEV-0037,139,2022-11-14T20:31:47.989Z,2026-09-26T05:20:59.211Z
DEMO-DEV-0043,139,2022-10-09T15:45:22.913Z,2026-09-12T08:49:23.208Z
DEMO-DEV-0092,139,2022-10-27T22:02:13.080Z,2026-09-07T12:08:42.636Z
DEMO-DEV-0208,139,2022-10-09T22:33:46.926Z,2026-09-28T14:41:50.040Z
DEMO-DEV-0630,139,2022-10-02T07:46:04.523Z,2026-09-29T00:36:03.204Z
DEMO-DEV-0772,139,2022-10-25T19:37:07.308Z,2026-09-08T10:28:42.462Z
DEMO-DEV-0906,139,2022-10-02T18:02:58.795Z,2026-09-20T06:45:34.307Z
DEMO-DEV-1300,139,2022-10-06T00:41:07.870Z,2026-08-28T09:38:36.655Z
DEMO-DEV-1562,139,2022-10-05T07:12:27.234Z,2026-09-26T03:32:30.150Z
DEMO-DEV-1744,139,2022-10-10T21:23:15.068Z,2026-09-30T06:23:07.795Z
DEMO-DEV-1760,139,2022-10-19T03:44:01.167Z,2026-09-27T03:11:22.497Z
DEMO-DEV-1779,139,2022-10-13T07:40:28.505Z,2026-09-29T01:46:42.513Z
DEMO-DEV-2345,139,2022-10-05T03:31:54.913Z,2026-09-01T07:43:35.817Z
DEMO-DEV-2461,139,2022-10-08T06:07:19.038Z,2026-09-21T03:05:43.877Z
DEMO-DEV-2556,139,2022-10-07T23:08:15.668Z,2026-09-19T04:13:50.885Z
DEMO-DEV-2961,139,2022-10-13T00:47:31.455Z,2026-09-16T15:33:13.865Z
DEMO-DEV-3438,139,2022-10-04T23:41:31.513Z,2026-09-25T09:30:30.843Z
DEMO-DEV-3874,139,2022-10-02T20:43:07.948Z,2026-09-19T02:12:41.462Z
DEMO-DEV-3957,139,2022-10-04T07:25:50.485Z,2026-08-28T03:19:59.836Z
DEMO-DEV-4566,139,2022-10-04T12:34:01.291Z,2026-09-21T12:43:57.969Z
DEMO-DEV-4701,139,2022-10-03T03:10:20.232Z,2026-09-30T04:34:37.803Z
DEMO-DEV-4752,139,2022-10-03T06:06:29.636Z,2026-09-27T11:58:54.239Z
DEMO-DEV-4801,139,2022-10-05T19:24:04.218Z,2026-09-20T19:10:29.892Z
DEMO-DEV-5011,139,2022-10-09T06:19:44.949Z,2026-09-23T21:45:05.236Z
DEMO-DEV-5182,139,2022-10-11T19:58:18.505Z,2026-09-25T07:12:51.926Z
DEMO-DEV-5296,139,2022-10-05T19:21:38.803Z,2026-09-29T09:49:38.024Z
DEMO-DEV-5459,139,2022-10-11T09:18:10.366Z,2026-09-25T16:53:29.221Z
DEMO-DEV-5573,139,2022-10-09T05:54:29.949Z,2026-09-27T03:32:57.057Z
DEMO-DEV-5582,139,2022-10-13T19:45:03.232Z,2026-09-24T17:52:30.161Z
DEMO-DEV-5706,139,2022-10-02T09:27:59.568Z,2026-09-12T10:52:35.968Z
DEMO-DEV-5742,139,2022-10-24T13:19:42.168Z,2026-09-22T22:37:20.607Z
DEMO-DEV-6315,139,2022-10-21T12:51:09.870Z,2026-09-02T16:14:36.993Z
DEMO-DEV-6584,139,2022-10-08T02:51:49.337Z,2026-09-28T06:15:35.735Z
DEMO-DEV-6626,139,2022-10-01T10:31:14.714Z,2026-09-20T07:01:36.799Z
DEMO-DEV-6676,139,2022-10-06T20:53:09.236Z,2026-09-28T17:02:02.966Z
DEMO-DEV-6749,139,2022-10-18T14:47:29.682Z,2026-09-23T18:13:01.655Z
DEMO-DEV-6837,139,2022-10-05T23:42:10.524Z,2026-09-10T17:46:02.607Z
DEMO-DEV-6995,139,2022-10-20T00:04:48.493Z,2026-09-16T10:02:53.929Z
DEMO-DEV-7505,139,2022-10-03T21:14:29.792Z,2026-09-25T17:33:10.636Z
DEMO-DEV-7558,139,2022-10-16T04:38:59.646Z,2026-09-08T17:52:18.226Z
DEMO-DEV-7877,139,2022-10-05T06:15:32.993Z,2026-09-29T13:39:47.394Z
DEMO-DEV-7922,139,2022-10-24T23:19:36.500Z,2026-09-26T11:35:05.851Z
DEMO-DEV-7963,139,2022-10-14T00:04:49.639Z,2026-09-05T00:01:47.811Z
DEMO-DEV-8093,139,2022-10-16T00:55:09.527Z,2026-09-08T03:41:24.792Z
DEMO-DEV-8233,139,2022-10-03T08:54:50.926Z,2026-09-25T07:05:48.442Z
DEMO-DEV-8289,139,2022-11-19T18:29:25.842Z,2026-09-30T08:05:03.264Z
DEMO-DEV-8314,139,2022-10-05T05:46:18.168Z,2026-09-16T10:47:45.568Z
DEMO-DEV-8486,139,2022-10-04T23:56:19.851Z,2026-09-25T12:18:52.239Z
DEMO-DEV-8533,139,2022-10-16T19:44:44.352Z,2026-09-27T05:21:43.816Z
DEMO-DEV-8583,139,2022-10-26T16:13:14.605Z,2026-08-03T19:14:14.607Z
DEMO-DEV-8823,139,2022-10-26T03:38:09.803Z,2026-09-24T00:04:13.778Z
DEMO-DEV-8931,139,2022-10-03T12:17:37.811Z,2026-09-15T06:21:44.239Z
DEMO-DEV-8981,139,2022-10-18T05:36:36.368Z,2026-08-30T03:04:17.785Z
DEMO-DEV-9424,139,2022-10-06T03:12:51.653Z,2026-09-29T04:05:58.205Z
DEMO-DEV-9650,139,2022-10-07T13:47:45.319Z,2026-09-23T06:22:44.015Z
DEMO-DEV-9654,139,2022-10-10T08:24:00.799Z,2026-09-09T12:06:42.077Z
DEMO-DEV-9734,139,2022-10-16T03:56:33.599Z,2026-09-15T15:49:34.027Z
DEMO-DEV-9864,139,2022-10-21T23:03:51.688Z,2026-09-26T22:40:02.846Z
DEMO-DEV-9914,139,2022-10-21T18:16:47.785Z,2026-09-16T18:11:15.676Z
DEMO-DEV-0066,138,2022-10-14T01:55:12.824Z,2026-09-10T06:09:17.948Z
DEMO-DEV-0106,138,2022-10-12T21:45:40.357Z,2026-09-24T10:36:55.366Z
DEMO-DEV-0123,138,2022-10-11T01:26:55.591Z,2026-09-23T11:32:39.519Z
DEMO-DEV-0397,138,2022-10-15T07:06:36.666Z,2026-09-25T16:09:01.584Z
DEMO-DEV-0447,138,2022-10-08T19:52:52.682Z,2026-09-23T19:06:56.661Z
DEMO-DEV-0798,138,2022-10-17T08:44:54.839Z,2026-09-16T02:52:55.057Z
DEMO-DEV-0956,138,2022-12-02T10:09:02.337Z,2026-09-27T09:45:42.026Z
DEMO-DEV-1037,138,2022-10-06T20:48:51.493Z,2026-09-10T08:37:02.786Z
DEMO-DEV-1087,138,2022-10-04T12:12:00.545Z,2026-09-24T09:43:27.021Z
DEMO-DEV-1144,138,2022-10-22T18:01:12.884Z,2026-09-24T11:29:55.189Z
DEMO-DEV-1372,138,2022-10-06T05:30:18.618Z,2026-09-27T20:39:12.877Z
DEMO-DEV-1525,138,2022-11-03T14:08:20.786Z,2026-09-20T23:23:53.365Z
DEMO-DEV-1772,138,2022-10-07T01:53:30.710Z,2026-09-17T22:50:03.597Z
DEMO-DEV-1776,138,2022-10-05T18:56:22.230Z,2026-09-25T01:26:16.254Z
DEMO-DEV-1822,138,2022-10-02T11:50:52.765Z,2026-09-29T02:51:17.692Z
DEMO-DEV-2005,138,2022-11-05T06:52:30.782Z,2026-09-28T08:15:56.219Z
DEMO-DEV-2091,138,2022-10-24T04:23:11.234Z,2026-09-13T23:15:02.409Z
DEMO-DEV-2337,138,2022-10-04T08:28:58.727Z,2026-09-26T16:48:46.817Z
DEMO-DEV-2685,138,2022-10-15T23:22:37.073Z,2026-09-22T00:30:26.409Z
DEMO-DEV-2793,138,2022-10-02T12:57:42.524Z,2026-09-13T12:03:55.682Z
DEMO-DEV-2898,138,2022-10-18T14:04:12.403Z,2026-09-25T22:22:37.682Z
DEMO-DEV-2902,138,2022-10-21T15:10:45.793Z,2026-09-29T04:52:04.710Z
DEMO-DEV-2937,138,2022-10-11T07:29:41.387Z,2026-09-15T05:20:33.063Z
DEMO-DEV-3241,138,2022-10-02T16:28:08.460Z,2026-09-18T19:12:40.754Z
DEMO-DEV-3308,138,2022-10-04T06:31:30.987Z,2026-09-15T17:35:06.817Z
DEMO-DEV-3350,138,2022-10-17T16:56:16.682Z,2026-09-23T16:16:21.636Z
DEMO-DEV-4018,138,2022-10-06T15:46:21.843Z,2026-09-20T03:20:33.226Z
DEMO-DEV-4043,138,2022-10-15T12:31:38.511Z,2026-09-05T11:26:27.403Z
DEMO-DEV-4044,138,2022-10-05T07:28:40.250Z,2026-09-09T23:37:28.397Z
DEMO-DEV-4068,138,2022-10-23T07:40:14.646Z,2026-09-25T21:15:47.968Z
DEMO-DEV-4111,138,2022-10-08T21:58:13.172Z,2026-09-30T04:37:56.917Z
DEMO-DEV-4344,138,2022-10-01T12:19:46.161Z,2026-09-12T13:23:36.319Z
DEMO-DEV-4704,138,2022-10-09T15:22:30.584Z,2026-09-26T20:10:02.226Z
DEMO-DEV-4739,138,2022-10-10T18:06:40.702Z,2026-09-14T14:34:08.470Z
DEMO-DEV-4794,138,2022-10-11T13:10:27.021Z,2026-09-21T08:23:58.799Z
DEMO-DEV-4910,138,2022-10-03T13:55:21.786Z,2026-09-16T18:02:44.926Z
DEMO-DEV-4952,138,2022-10-20T07:11:47.246Z,2026-09-13T23:58:12.968Z
DEMO-DEV-4959,138,2022-10-09T16:07:48.090Z,2026-08-19T04:32:50.254Z
DEMO-DEV-5149,138,2022-10-04T13:24:16.063Z,2026-09-24T00:45:49.319Z
DEMO-DEV-5511,138,2022-10-14T08:10:20.252Z,2026-09-24T18:06:10.470Z
DEMO-DEV-5543,138,2022-10-04T12:50:06.352Z,2026-09-28T14:04:47.817Z
DEMO-DEV-5588,138,2022-10-05T12:07:03.993Z,2026-09-30T06:53:20.466Z
DEMO-DEV-5615,138,2022-10-08T06:11:24.040Z,2026-09-04T23:29:21.403Z
DEMO-DEV-6116,138,2022-10-19T13:49:34.765Z,2026-09-14T01:14:20.443Z
DEMO-DEV-6137,138,2022-10-08T09:17:33.442Z,2026-08-26T21:26:13.824Z
DEMO-DEV-6381,138,2022-10-04T22:39:49.765Z,2026-09-11T19:30:00.354Z
DEMO-DEV-6481,138,2022-10-02T07:26:59.969Z,2026-09-19T02:16:37.287Z
DEMO-DEV-6513,138,2022-10-01T11:06:22.646Z,2026-08-20T00:21:28.599Z
DEMO-DEV-6565,138,2022-10-26T12:57:55.816Z,2026-09-11T11:34:34.992Z
DEMO-DEV-6741,138,2022-10-03T08:53:01.754Z,2026-09-02T13:39:35.300Z
DEMO-DEV-6771,138,2022-10-25T00:59:00.221Z,2026-08-20T12:36:25.841Z
DEMO-DEV-7151,138,2022-10-10T04:46:10.252Z,2026-07-29T04:42:25.232Z
DEMO-DEV-7527,138,2022-11-01T08:53:24.493Z,2026-09-28T18:42:29.222Z
DEMO-DEV-7552,138,2022-10-02T05:34:11.222Z,2026-09-09T22:51:33.799Z
DEMO-DEV-7683,138,2022-10-13T23:48:30.337Z,2026-09-21T06:52:58.387Z
DEMO-DEV-7724,138,2022-10-11T20:08:51.786Z,2026-09-21T04:52:47.287Z
DEMO-DEV-7847,138,2022-10-02T06:15:27.003Z,2026-09-23T10:11:32.387Z
DEMO-DEV-8040,138,2022-10-02T12:40:28.913Z,2026-09-25T11:38:12.077Z
DEMO-DEV-8234,138,2022-10-16T01:57:26.735Z,2026-08-25T21:51:28.535Z
DEMO-DEV-8557,138,2022-10-07T14:20:47.403Z,2026-09-08T16:01:34.884Z
DEMO-DEV-8585,138,2022-10-05T16:27:38.917Z,2026-08-30T14:06:48.877Z
DEMO-DEV-8652,138,2022-10-07T10:49:27.394Z,2026-08-29T20:49:18.752Z
DEMO-DEV-9032,138,2022-10-01T19:35:17.584Z,2026-09-25T15:34:54.493Z
DEMO-DEV-9065,138,2022-10-09T04:16:34.556Z,2026-09-25T06:17:38.462Z
DEMO-DEV-9178,138,2022-10-09T20:54:35.785Z,2026-09-26T10:10:27.291Z
DEMO-DEV-9215,138,2022-10-13T16:20:00.357Z,2026-09-24T12:48:45.027Z
DEMO-DEV-9282,138,2022-10-07T12:52:37.470Z,2026-09-16T14:31:35.246Z
DEMO-DEV-9309,138,2022-10-12T15:50:14.636Z,2026-09-17T07:31:08.682Z
DEMO-DEV-9325,138,2022-10-09T07:04:54.966Z,2026-09-09T16:26:38.714Z
DEMO-DEV-9621,138,2022-10-02T15:30:13.816Z,2026-09-05T17:40:02.817Z
DEMO-DEV-9750,138,2022-10-21T17:51:54.409Z,2026-09-25T20:54:03.192Z
DEMO-DEV-0329,137,2022-10-29T14:23:09.139Z,2026-09-29T14:53:59.337Z
DEMO-DEV-0590,137,2022-10-01T20:09:06.917Z,2026-09-24T14:36:39.987Z
DEMO-DEV-0678,137,2022-10-15T16:36:13.428Z,2026-09-22T10:33:26.161Z
DEMO-DEV-1028,137,2022-10-12T11:20:06.915Z,2026-09-24T06:35:45.557Z
DEMO-DEV-1218,137,2022-10-09T22:51:14.442Z,2026-09-29T09:21:38.183Z
DEMO-DEV-1260,137,2022-10-18T16:17:59.524Z,2026-08-19T19:58:32.319Z
DEMO-DEV-1583,137,2022-10-02T13:37:30.037Z,2026-09-12T23:10:19.319Z
DEMO-DEV-1794,137,2022-10-03T03:58:06.073Z,2026-09-28T22:49:51.870Z
DEMO-DEV-1895,137,2022-10-08T02:58:38.885Z,2026-09-16T00:22:47.219Z
DEMO-DEV-2061,137,2022-10-14T13:31:55.203Z,2026-09-29T04:13:29.535Z
DEMO-DEV-2743,137,2022-10-08T18:16:50.949Z,2026-09-27T16:12:41.870Z
DEMO-DEV-2933,137,2022-10-07T10:19:02.969Z,2026-09-24T09:41:34.325Z
DEMO-DEV-2959,137,2022-10-03T15:36:29.190Z,2026-09-28T15:03:25.120Z
DEMO-DEV-3102,137,2022-10-20T23:42:38.948Z,2026-09-14T06:44:27.221Z
DEMO-DEV-3127,137,2022-10-03T18:29:53.254Z,2026-09-19T10:39:37.239Z
DEMO-DEV-3159,137,2022-10-01T19:47:46.168Z,2026-09-25T02:25:23.929Z
DEMO-DEV-3930,137,2022-10-01T17:45:48.090Z,2026-08-28T18:12:34.387Z
DEMO-DEV-3986,137,2022-10-10T02:16:56.023Z,2026-09-30T05:50:22.799Z
DEMO-DEV-4239,137,2022-10-05T08:14:25.236Z,2026-09-29T11:17:42.639Z
DEMO-DEV-4256,137,2022-10-06T06:35:16.864Z,2026-09-23T08:41:10.172Z
DEMO-DEV-4342,137,2022-10-01T14:17:27.508Z,2026-09-24T11:37:20.365Z
DEMO-DEV-4608,137,2022-10-02T09:34:50.068Z,2026-09-28T16:01:31.173Z
DEMO-DEV-4630,137,2022-10-06T20:46:04.864Z,2026-09-06T00:39:01.300Z
DEMO-DEV-4965,137,2022-10-02T15:39:21.307Z,2026-09-27T11:56:56.792Z
DEMO-DEV-5113,137,2022-10-09T08:55:48.885Z,2026-09-15T20:03:38.394Z
DEMO-DEV-5667,137,2022-11-13T22:58:17.738Z,2026-09-29T18:34:10.462Z
DEMO-DEV-5738,137,2022-10-03T18:48:23.203Z,2026-09-28T13:45:34.782Z
DEMO-DEV-5770,137,2022-10-05T15:05:12.676Z,2026-09-25T06:43:42.123Z
DEMO-DEV-5815,137,2022-10-13T10:46:35.226Z,2026-09-28T09:54:04.873Z
DEMO-DEV-6157,137,2022-10-07T01:49:57.120Z,2026-09-28T19:09:15.785Z
DEMO-DEV-6260,137,2022-10-19T16:58:08.913Z,2026-09-10T02:33:19.816Z
DEMO-DEV-6340,137,2022-10-07T04:41:28.173Z,2026-09-26T21:14:35.289Z
DEMO-DEV-6386,137,2022-10-05T14:35:29.646Z,2026-09-24T17:08:44.803Z
DEMO-DEV-6629,137,2022-10-01T17:23:33.120Z,2026-09-27T23:21:15.370Z
DEMO-DEV-6898,137,2022-10-04T00:10:07.682Z,2026-09-17T02:14:11.026Z
DEMO-DEV-6987,137,2022-10-04T13:29:09.442Z,2026-09-09T23:42:58.503Z
DEMO-DEV-7316,137,2022-10-23T22:52:08.974Z,2026-09-22T08:39:16.511Z
DEMO-DEV-7398,137,2022-10-08T04:03:02.851Z,2026-09-14T05:39:22.811Z
DEMO-DEV-7719,137,2022-10-07T00:04:00.892Z,2026-09-28T13:52:03.792Z
DEMO-DEV-7828,137,2022-10-08T12:12:06.368Z,2026-09-21T10:11:41.287Z
DEMO-DEV-8127,137,2022-10-04T23:07:54.466Z,2026-09-29T03:04:25.139Z
DEMO-DEV-8150,137,2022-10-01T23:53:03.648Z,2026-09-26T00:49:28.591Z
DEMO-DEV-8597,137,2022-10-03T13:21:08.738Z,2026-09-16T20:04:46.287Z
DEMO-DEV-8861,137,2022-10-06T21:08:46.172Z,2026-09-14T20:19:56.225Z
DEMO-DEV-8929,137,2022-10-04T20:46:04.307Z,2026-09-24T15:32:24.841Z
DEMO-DEV-9155,137,2022-10-11T14:16:30.985Z,2026-08-25T02:42:05.365Z
DEMO-DEV-9380,137,2022-11-23T19:02:54.682Z,2026-09-14T22:40:31.646Z
DEMO-DEV-9594,137,2022-10-07T15:57:21.989Z,2026-09-26T04:26:38.868Z
DEMO-DEV-9649,137,2022-10-10T00:04:54.719Z,2026-09-10T07:33:58.519Z
DEMO-DEV-9744,137,2022-10-04T11:01:18.646Z,2026-09-27T08:46:32.037Z
DEMO-DEV-9854,137,2022-10-03T06:19:25.655Z,2026-09-16T12:09:07.500Z
DEMO-DEV-0084,136,2022-10-10T10:19:21.682Z,2026-09-24T06:44:22.870Z
DEMO-DEV-0137,136,2022-10-08T06:07:43.287Z,2026-09-18T12:00:40.926Z
DEMO-DEV-0313,136,2022-11-07T21:15:38.315Z,2026-09-09T21:37:07.605Z
DEMO-DEV-0498,136,2022-10-08T04:22:32.224Z,2026-09-30T06:08:00.692Z
DEMO-DEV-0685,136,2022-10-22T11:35:23.370Z,2026-09-23T03:34:11.352Z
DEMO-DEV-0794,136,2022-10-01T15:22:06.702Z,2026-09-23T02:18:32.120Z
DEMO-DEV-0966,136,2022-10-18T16:42:10.710Z,2026-09-29T23:59:59.989Z
DEMO-DEV-1125,136,2022-10-24T10:28:25.397Z,2026-09-22T20:50:05.272Z
DEMO-DEV-1175,136,2022-10-01T08:55:26.345Z,2026-08-20T20:17:15.203Z
DEMO-DEV-1430,136,2022-10-16T05:14:57.782Z,2026-09-08T00:42:31.236Z
DEMO-DEV-1436,136,2022-10-23T15:55:06.150Z,2026-09-11T05:36:49.545Z
DEMO-DEV-1634,136,2022-10-02T10:43:33.357Z,2026-09-30T01:16:01.428Z
DEMO-DEV-1652,136,2022-11-03T20:04:14.682Z,2026-09-29T10:05:27.817Z
DEMO-DEV-1978,136,2022-10-25T16:27:46.692Z,2026-09-17T05:29:46.161Z
DEMO-DEV-1997,136,2022-10-14T02:28:07.778Z,2026-08-26T03:50:52.428Z
DEMO-DEV-2017,136,2022-10-14T04:56:38.308Z,2026-09-24T12:14:48.870Z
DEMO-DEV-2289,136,2022-10-08T16:30:17.442Z,2026-09-29T23:01:21.442Z
DEMO-DEV-2497,136,2022-10-08T20:51:09.173Z,2026-09-24T11:23:54.090Z
DEMO-DEV-2551,136,2022-10-10T03:15:33.929Z,2026-09-25T02:32:44.208Z
DEMO-DEV-2589,136,2022-10-12T22:04:09.234Z,2026-09-29T08:19:01.027Z
DEMO-DEV-2594,136,2022-10-06T13:52:35.702Z,2026-09-07T02:45:30.929Z
DEMO-DEV-3293,136,2022-10-05T04:50:13.646Z,2026-09-28T11:35:55.658Z
DEMO-DEV-3636,136,2022-10-06T13:33:41.870Z,2026-08-12T20:05:10.394Z
DEMO-DEV-4114,136,2022-10-09T03:27:41.505Z,2026-09-26T17:15:47.497Z
DEMO-DEV-4609,136,2022-10-05T21:38:40.682Z,2026-09-14T22:37:22.646Z
DEMO-DEV-4756,136,2022-10-02T02:48:14.300Z,2026-09-14T13:25:15.591Z
DEMO-DEV-4852,136,2022-10-04T02:45:58.929Z,2026-09-27T22:54:31.443Z
DEMO-DEV-4854,136,2022-10-01T12:11:56.719Z,2026-09-12T10:01:48.138Z
DEMO-DEV-4857,136,2022-10-18T20:33:35.557Z,2026-09-19T19:07:45.168Z
DEMO-DEV-4928,136,2022-10-03T19:59:55.238Z,2026-09-23T05:21:52.804Z
DEMO-DEV-5064,136,2022-10-03T15:09:51.778Z,2026-09-23T12:10:07.139Z
DEMO-DEV-5109,136,2022-10-16T07:32:36.470Z,2026-09-27T03:41:53.308Z
DEMO-DEV-5877,136,2022-10-01T14:07:37.203Z,2026-09-26T10:34:46.974Z
DEMO-DEV-6488,136,2022-10-07T06:53:51.325Z,2026-09-25T23:08:07.370Z
DEMO-DEV-6501,136,2022-10-17T15:32:20.989Z,2026-09-16T08:52:47.948Z
DEMO-DEV-6912,136,2022-10-03T19:38:27.535Z,2026-09-20T06:03:13.950Z
DEMO-DEV-7373,136,2022-10-03T12:50:42.793Z,2026-09-26T01:55:12.190Z
DEMO-DEV-7546,136,2022-10-10T06:29:27.668Z,2026-09-26T13:01:23.816Z
DEMO-DEV-7600,136,2022-10-04T12:27:12.077Z,2026-09-21T07:56:41.428Z
DEMO-DEV-7673,136,2022-10-03T22:37:34.949Z,2026-09-29T23:49:38.793Z
DEMO-DEV-8041,136,2022-10-20T15:37:15.719Z,2026-09-28T19:36:01.836Z
DEMO-DEV-8826,136,2022-10-02T16:43:19.612Z,2026-09-09T18:06:37.073Z
DEMO-DEV-8841,136,2022-10-05T18:00:13.782Z,2026-09-19T03:20:41.442Z
DEMO-DEV-9226,136,2022-10-17T22:57:13.325Z,2026-09-17T23:58:59.014Z
DEMO-DEV-9604,136,2022-10-09T21:45:05.646Z,2026-09-13T13:26:28.288Z
DEMO-DEV-0549,135,2022-10-25T00:21:49.864Z,2026-08-30T13:40:13.968Z
DEMO-DEV-0759,135,2022-10-06T07:18:59.460Z,2026-09-27T12:27:24.719Z
DEMO-DEV-0789,135,2022-10-12T05:17:16.057Z,2026-09-29T06:46:56.817Z
DEMO-DEV-0976,135,2022-10-02T14:06:07.568Z,2026-09-18T05:43:53.150Z
DEMO-DEV-1123,135,2022-10-11T05:19:00.505Z,2026-09-24T19:16:09.397Z
DEMO-DEV-1182,135,2022-10-07T08:43:25.319Z,2026-09-19T02:48:53.224Z
DEMO-DEV-1600,135,2022-10-04T03:57:56.752Z,2026-09-20T10:53:22.443Z
DEMO-DEV-1920,135,2022-10-17T18:15:24.965Z,2026-09-24T02:21:30.668Z
DEMO-DEV-1932,135,2022-10-19T09:35:06.666Z,2026-09-27T17:16:40.976Z
DEMO-DEV-2901,135,2022-10-10T09:37:53.599Z,2026-08-22T01:29:42.987Z
DEMO-DEV-3363,135,2022-11-23T19:23:46.816Z,2026-09-06T16:25:53.038Z
DEMO-DEV-4142,135,2022-10-05T10:42:24.390Z,2026-09-16T15:38:50.272Z
DEMO-DEV-4431,135,2022-10-10T08:32:40.710Z,2026-09-25T07:23:41.710Z
DEMO-DEV-4495,135,2022-10-07T15:15:07.075Z,2026-09-27T06:26:48.218Z
DEMO-DEV-4513,135,2022-10-08T18:24:39.402Z,2026-09-29T23:57:51.287Z
DEMO-DEV-5030,135,2022-10-04T01:50:29.612Z,2026-09-27T05:18:40.825Z
DEMO-DEV-5420,135,2022-10-01T12:51:50.836Z,2026-09-28T04:22:58.394Z
DEMO-DEV-5507,135,2022-11-04T19:44:08.591Z,2026-09-10T09:29:41.841Z
DEMO-DEV-6036,135,2022-10-09T23:29:34.254Z,2026-09-15T07:46:21.123Z
DEMO-DEV-6048,135,2022-10-22T14:54:12.824Z,2026-09-20T05:34:05.778Z
DEMO-DEV-6101,135,2022-10-03T02:06:32.965Z,2026-09-23T19:43:11.307Z
DEMO-DEV-6238,135,2022-10-22T06:32:19.692Z,2026-09-29T01:34:13.842Z
DEMO-DEV-7063,135,2022-11-16T03:19:47.470Z,2026-09-30T01:26:23.015Z
DEMO-DEV-7704,135,2022-10-16T03:45:57.368Z,2026-09-25T21:31:38.519Z
DEMO-DEV-7751,135,2022-10-03T10:13:31.300Z,2026-09-28T22:12:00.004Z
DEMO-DEV-7943,135,2022-10-05T14:05:47.189Z,2026-09-23T19:41:26.668Z
DEMO-DEV-8088,135,2022-10-14T19:49:35.218Z,2026-09-23T09:09:14.727Z
DEMO-DEV-8349,135,2022-10-10T10:05:54.057Z,2026-09-13T02:45:50.965Z
DEMO-DEV-8406,135,2022-10-16T14:19:24.859Z,2026-09-28T08:37:36.989Z
DEMO-DEV-8705,135,2022-10-28T23:18:29.254Z,2026-09-03T14:29:41.976Z
DEMO-DEV-9051,135,2022-10-19T13:22:29.992Z,2026-08-22T23:25:35.325Z
DEMO-DEV-9297,135,2022-10-08T15:29:33.599Z,2026-09-25T22:43:28.523Z
DEMO-DEV-9425,135,2022-10-09T21:06:10.080Z,2026-09-21T10:01:04.811Z
DEMO-DEV-9657,135,2022-10-19T16:03:02.976Z,2026-09-14T10:17:32.287Z
DEMO-DEV-9764,135,2022-10-18T12:59:25.472Z,2026-09-09T10:01:04.505Z
DEMO-DEV-0174,134,2022-10-13T23:31:06.139Z,2026-09-14T13:01:41.949Z
DEMO-DEV-0499,134,2022-10-09T01:15:38.793Z,2026-09-29T03:40:05.803Z
DEMO-DEV-0676,134,2022-10-12T22:23:22.253Z,2026-09-29T18:08:11.993Z
DEMO-DEV-0717,134,2022-10-21T23:30:34.391Z,2026-09-17T20:39:06.599Z
DEMO-DEV-1639,134,2022-10-17T05:01:05.965Z,2026-09-12T13:21:53.021Z
DEMO-DEV-1929,134,2022-10-05T11:48:07.676Z,2026-08-25T19:00:00.811Z
DEMO-DEV-2280,134,2022-10-10T15:31:40.298Z,2026-09-12T22:01:52.784Z
DEMO-DEV-2329,134,2022-10-14T01:01:08.568Z,2026-09-27T19:22:46.357Z
DEMO-DEV-2520,134,2022-10-05T14:13:36.793Z,2026-09-25T08:49:22.786Z
DEMO-DEV-2752,134,2022-10-04T06:34:48.238Z,2026-09-04T23:18:47.370Z
DEMO-DEV-2808,134,2022-10-07T10:13:54.793Z,2026-08-25T14:48:55.976Z
DEMO-DEV-2922,134,2022-10-13T20:31:29.917Z,2026-09-23T11:07:11.914Z
DEMO-DEV-3047,134,2022-10-12T20:21:08.167Z,2026-09-18T19:52:30.782Z
DEMO-DEV-3178,134,2022-10-06T03:22:44.989Z,2026-09-25T23:48:45.989Z
DEMO-DEV-3367,134,2022-10-01T18:56:34.752Z,2026-09-02T23:16:04.077Z
DEMO-DEV-3568,134,2022-11-04T15:59:46.230Z,2026-09-30T01:11:18.222Z
DEMO-DEV-4415,134,2022-10-16T21:02:04.873Z,2026-09-04T18:09:39.658Z
DEMO-DEV-4602,134,2022-10-25T16:10:47.865Z,2026-09-24T12:49:08.003Z
DEMO-DEV-4967,134,2022-10-02T00:12:32.688Z,2026-09-13T18:24:05.268Z
DEMO-DEV-6097,134,2022-10-24T23:04:01.394Z,2026-09-15T03:34:57.868Z
DEMO-DEV-6201,134,2022-10-06T11:55:19.368Z,2026-09-13T10:51:18.219Z
DEMO-DEV-6815,134,2022-10-04T17:30:20.165Z,2026-09-15T18:16:58.870Z
DEMO-DEV-7181,134,2022-10-18T14:42:32.365Z,2026-09-28T09:13:30.239Z
DEMO-DEV-8466,134,2022-10-19T00:35:36.523Z,2026-09-21T19:16:46.003Z
DEMO-DEV-8531,134,2022-10-02T09:05:08.778Z,2026-09-26T14:00:43.646Z
DEMO-DEV-8627,134,2022-10-06T13:49:39.068Z,2026-08-27T11:48:15.168Z
DEMO-DEV-8645,134,2022-10-06T10:40:51.917Z,2026-09-27T13:29:50.319Z
DEMO-DEV-8953,134,2022-10-02T20:31:41.863Z,2026-09-17T12:35:08.368Z
DEMO-DEV-8957,134,2022-10-05T13:42:15.653Z,2026-09-20T12:42:07.319Z
DEMO-DEV-9145,134,2022-10-18T12:13:31.799Z,2026-08-28T21:24:27.646Z
DEMO-DEV-9160,134,2022-10-13T01:12:56.268Z,2026-09-21T16:20:54.203Z
DEMO-DEV-9167,134,2022-10-01T17:27:55.168Z,2026-09-12T19:36:09.138Z
DEMO-DEV-9208,134,2022-10-08T00:51:15.865Z,2026-09-10T05:56:29.027Z
DEMO-DEV-0295,133,2022-10-23T18:51:38.080Z,2026-09-29T07:53:10.591Z
DEMO-DEV-0400,133,2022-10-11T16:23:24.841Z,2026-09-24T12:07:06.968Z
DEMO-DEV-0520,133,2022-10-04T22:24:01.239Z,2026-09-13T21:03:05.308Z
DEMO-DEV-0551,133,2022-10-10T09:06:24.087Z,2026-09-26T16:27:49.226Z
DEMO-DEV-0601,133,2022-10-13T17:12:29.676Z,2026-09-30T04:18:36.877Z
DEMO-DEV-0605,133,2022-10-09T00:34:05.230Z,2026-09-21T08:28:41.714Z
DEMO-DEV-0802,133,2022-10-21T02:07:41.537Z,2026-09-28T17:46:38.989Z
DEMO-DEV-0828,133,2022-10-21T05:03:34.298Z,2026-09-28T09:45:57.989Z
DEMO-DEV-0833,133,2022-10-01T15:37:14.778Z,2026-09-03T15:59:26.692Z
DEMO-DEV-0863,133,2022-10-23T19:20:57.300Z,2026-09-01T16:24:36.443Z
DEMO-DEV-10000,133,2022-10-15T00:28:45.173Z,2026-09-26T03:43:22.308Z
DEMO-DEV-1784,133,2022-10-14T05:52:47.272Z,2026-09-27T12:12:55.658Z
DEMO-DEV-1832,133,2022-10-13T22:36:30.661Z,2026-09-28T04:28:02.877Z
DEMO-DEV-2385,133,2022-10-02T06:52:05.045Z,2026-09-25T22:31:40.859Z
DEMO-DEV-2818,133,2022-10-14T04:41:42.015Z,2026-09-28T07:43:28.527Z
DEMO-DEV-3587,133,2022-10-06T04:21:21.287Z,2026-09-30T00:21:56.239Z
DEMO-DEV-3852,133,2022-10-22T03:52:18.226Z,2026-09-29T07:49:12.865Z
DEMO-DEV-3987,133,2022-11-04T07:59:27.415Z,2026-09-17T19:42:11.836Z
DEMO-DEV-4302,133,2022-10-06T03:49:44.289Z,2026-09-27T01:14:28.315Z
DEMO-DEV-4596,133,2022-11-16T18:41:16.968Z,2026-09-29T10:31:40.345Z
DEMO-DEV-4903,133,2022-10-08T08:27:24.337Z,2026-08-16T22:57:22.038Z
DEMO-DEV-5619,133,2022-11-08T00:49:05.846Z,2026-09-26T08:54:49.607Z
DEMO-DEV-5787,133,2022-10-04T20:08:51.160Z,2026-09-29T21:58:53.969Z
DEMO-DEV-5856,133,2022-10-09T03:29:16.778Z,2026-09-14T12:57:02.460Z
DEMO-DEV-7268,133,2022-10-07T05:27:46.391Z,2026-09-27T21:04:25.387Z
DEMO-DEV-7585,133,2022-10-08T13:12:03.238Z,2026-08-30T06:45:23.470Z
DEMO-DEV-7799,133,2022-10-04T12:50:26.523Z,2026-09-18T06:15:35.222Z
DEMO-DEV-7842,133,2022-10-02T09:28:57.466Z,2026-09-28T02:16:39.428Z
DEMO-DEV-7865,133,2022-10-04T00:04:40.224Z,2026-09-15T11:41:30.976Z
DEMO-DEV-8332,133,2022-10-08T22:15:25.298Z,2026-09-19T12:41:41.057Z
DEMO-DEV-8537,133,2022-10-20T20:03:20.870Z,2026-09-25T08:24:09.090Z
DEMO-DEV-9264,133,2022-10-04T23:54:06.989Z,2026-09-20T23:04:00.557Z
DEMO-DEV-9533,133,2022-10-17T12:08:34.319Z,2026-09-28T10:44:07.666Z
DEMO-DEV-1180,132,2022-10-03T04:22:31.308Z,2026-09-29T17:22:30.682Z
DEMO-DEV-1332,132,2022-10-06T19:52:41.948Z,2026-09-26T14:24:22.612Z
DEMO-DEV-2762,132,2022-10-18T02:16:42.138Z,2026-09-23T20:17:46.851Z
DEMO-DEV-2934,132,2022-10-24T09:22:54.891Z,2026-09-10T15:28:00.307Z
DEMO-DEV-3564,132,2022-11-02T03:55:41.648Z,2026-09-17T22:19:15.765Z
DEMO-DEV-3575,132,2022-10-06T02:46:52.636Z,2026-09-21T14:00:50.612Z
DEMO-DEV-3582,132,2022-10-11T22:32:01.846Z,2026-09-05T22:18:22.397Z
DEMO-DEV-3686,132,2022-10-06T04:52:53.390Z,2026-09-28T06:24:59.462Z
DEMO-DEV-3838,132,2022-10-04T00:44:13.366Z,2026-09-29T02:54:23.702Z
DEMO-DEV-3958,132,2022-10-06T03:26:41.192Z,2026-09-28T05:07:08.038Z
DEMO-DEV-4552,132,2022-10-06T03:15:05.884Z,2026-09-26T11:27:31.221Z
DEMO-DEV-4868,132,2022-10-02T08:46:11.846Z,2026-09-16T19:05:12.891Z
DEMO-DEV-4984,132,2022-10-26T15:21:04.891Z,2026-09-16T06:43:16.315Z
DEMO-DEV-5110,132,2022-10-27T10:19:58.337Z,2026-09-17T14:00:34.864Z
DEMO-DEV-5284,132,2022-10-14T13:06:38.442Z,2026-09-14T21:01:38.884Z
DEMO-DEV-5520,132,2022-10-02T08:53:35.891Z,2026-09-24T04:20:17.668Z
DEMO-DEV-5974,132,2022-10-02T08:07:39.160Z,2026-09-24T05:57:44.738Z
DEMO-DEV-6752,132,2022-10-12T21:36:52.557Z,2026-09-30T01:30:52.139Z
DEMO-DEV-6848,132,2022-10-01T22:18:42.795Z,2026-09-26T11:25:13.873Z
DEMO-DEV-6879,132,2022-10-08T11:59:51.965Z,2026-09-27T13:33:20.300Z
DEMO-DEV-7433,132,2022-10-06T10:27:18.023Z,2026-09-19T07:17:43.150Z
DEMO-DEV-7750,132,2022-10-11T18:26:17.189Z,2026-09-28T09:37:24.138Z
DEMO-DEV-8102,132,2022-10-02T14:18:16.655Z,2026-09-20T11:15:15.298Z
DEMO-DEV-8859,132,2022-10-07T21:19:00.394Z,2026-09-13T22:16:03.648Z
DEMO-DEV-9860,132,2022-11-05T17:15:33.612Z,2026-09-13T01:05:26.226Z
DEMO-DEV-0407,131,2022-10-07T22:59:51.792Z,2026-09-17T00:51:38.513Z
DEMO-DEV-0458,131,2022-10-01T22:17:24.080Z,2026-09-27T04:43:45.524Z
DEMO-DEV-1240,131,2022-10-12T20:04:12.992Z,2026-09-07T16:20:42.966Z
DEMO-DEV-2189,131,2022-10-24T08:15:51.792Z,2026-09-27T20:09:20.859Z
DEMO-DEV-2334,131,2022-10-15T11:50:01.914Z,2026-09-22T05:36:36.173Z
DEMO-DEV-2753,131,2022-10-01T15:55:05.646Z,2026-09-27T11:15:56.080Z
DEMO-DEV-3261,131,2022-10-08T21:14:36.204Z,2026-09-18T12:51:33.268Z
DEMO-DEV-3989,131,2022-10-03T03:42:59.607Z,2026-09-25T04:42:09.864Z
DEMO-DEV-4249,131,2022-10-05T18:23:41.472Z,2026-08-12T04:20:35.989Z
DEMO-DEV-4438,131,2022-10-06T16:45:08.792Z,2026-09-12T07:28:55.120Z
DEMO-DEV-4871,131,2022-10-02T20:35:06.870Z,2026-09-20T12:13:50.950Z
DEMO-DEV-4921,131,2022-10-21T12:48:43.784Z,2026-09-15T10:25:26.591Z
DEMO-DEV-5673,131,2022-10-06T16:38:51.264Z,2026-09-16T02:05:53.917Z
DEMO-DEV-5899,131,2022-10-06T04:00:03.365Z,2026-09-15T20:58:21.505Z
DEMO-DEV-6743,131,2022-10-06T02:33:51.793Z,2026-09-15T17:18:10.873Z
DEMO-DEV-7142,131,2022-10-04T20:53:11.987Z,2026-09-18T13:38:37.806Z
DEMO-DEV-7170,131,2022-10-25T08:43:37.254Z,2026-09-16T15:18:07.885Z
DEMO-DEV-7456,131,2022-10-02T16:56:10.500Z,2026-09-21T05:36:47.239Z
DEMO-DEV-8602,131,2022-10-17T10:26:54.535Z,2026-08-28T13:14:00.120Z
DEMO-DEV-9211,131,2022-10-07T02:17:26.403Z,2026-09-23T15:11:13.597Z
DEMO-DEV-9239,131,2022-10-08T04:53:04.754Z,2026-09-17T18:06:07.120Z
DEMO-DEV-9270,131,2022-10-14T13:14:03.948Z,2026-09-24T17:27:35.969Z
DEMO-DEV-9632,131,2022-10-08T04:24:38.752Z,2026-09-15T07:31:58.173Z
DEMO-DEV-9980,131,2022-10-17T15:59:16.183Z,2026-09-22T21:06:57.024Z
DEMO-DEV-0586,130,2022-10-04T08:10:24.597Z,2026-09-12T21:19:27.969Z
DEMO-DEV-0898,130,2022-10-09T17:38:11.462Z,2026-09-12T07:03:55.836Z
DEMO-DEV-0960,130,2022-10-08T23:17:44.557Z,2026-09-15T00:41:59.793Z
DEMO-DEV-1088,130,2022-10-06T04:09:50.230Z,2026-09-25T23:14:39.222Z
DEMO-DEV-2990,130,2022-10-09T02:57:51.298Z,2026-09-28T14:58:22.839Z
DEMO-DEV-3879,130,2022-10-11T12:17:13.989Z,2026-09-20T15:07:43.291Z
DEMO-DEV-4164,130,2022-10-06T04:55:39.836Z,2026-09-20T21:46:59.226Z
DEMO-DEV-4767,130,2022-10-13T19:19:27.503Z,2026-09-26T19:39:58.985Z
DEMO-DEV-4848,130,2022-10-12T06:02:46.015Z,2026-09-10T15:06:39.527Z
DEMO-DEV-5106,130,2022-10-07T02:57:09.254Z,2026-09-23T20:09:51.975Z
DEMO-DEV-5185,130,2022-10-01T09:35:36.038Z,2026-09-28T07:12:52.462Z
DEMO-DEV-6235,130,2022-10-02T12:27:12.291Z,2026-09-28T04:58:59.218Z
DEMO-DEV-7095,130,2022-10-15T11:36:39.391Z,2026-09-15T05:01:02.719Z
DEMO-DEV-7277,130,2022-10-16T19:12:06.806Z,2026-09-30T01:12:59.300Z
DEMO-DEV-7835,130,2022-10-01T23:14:03.636Z,2026-09-27T14:42:11.172Z
DEMO-DEV-8422,130,2022-10-01T19:11:10.605Z,2026-09-14T06:32:10.150Z
DEMO-DEV-9625,130,2022-10-04T12:49:30.221Z,2026-09-27T20:46:36.639Z
DEMO-DEV-9794,130,2022-10-04T17:16:57.754Z,2026-09-06T20:16:03.460Z
DEMO-DEV-9891,130,2022-10-03T06:30:18.365Z,2026-09-16T05:54:07.785Z
DEMO-DEV-2879,129,2022-10-04T11:49:12.455Z,2026-09-19T23:45:49.503Z
DEMO-DEV-3297,129,2022-10-02T01:26:26.205Z,2026-09-16T11:59:51.702Z
DEMO-DEV-3523,129,2022-10-16T10:03:22.782Z,2026-09-20T03:06:26.989Z
DEMO-DEV-3796,129,2022-10-01T18:13:03.584Z,2026-09-24T22:23:59.839Z
DEMO-DEV-5701,129,2022-11-07T00:45:05.183Z,2026-09-29T11:45:20.203Z
DEMO-DEV-5841,129,2022-11-27T14:50:48.639Z,2026-09-23T18:25:08.557Z
DEMO-DEV-6400,129,2022-10-03T21:55:30.612Z,2026-09-21T05:56:19.851Z
DEMO-DEV-6461,129,2022-10-03T04:03:47.120Z,2026-09-26T12:27:07.987Z
DEMO-DEV-6575,129,2022-10-01T13:26:15.354Z,2026-09-17T13:03:05.817Z
DEMO-DEV-6937,129,2022-10-25T06:32:45.868Z,2026-09-29T18:16:43.234Z
DEMO-DEV-7360,129,2022-10-21T22:06:45.370Z,2026-09-16T00:15:05.415Z
DEMO-DEV-7810,129,2022-10-10T09:43:03.817Z,2026-09-28T17:16:04.253Z
DEMO-DEV-8518,129,2022-11-04T07:50:31.057Z,2026-09-24T12:20:39.949Z
DEMO-DEV-9956,129,2022-11-22T12:08:12.239Z,2026-09-03T03:20:06.165Z
DEMO-DEV-0155,128,2022-10-01T23:32:16.370Z,2026-09-18T17:53:26.443Z
DEMO-DEV-0964,128,2022-10-11T15:59:41.843Z,2026-09-07T09:02:06.026Z
DEMO-DEV-1107,128,2022-10-01T09:00:04.865Z,2026-09-12T09:48:07.221Z
DEMO-DEV-2242,128,2022-10-19T22:08:39.298Z,2026-09-26T22:39:02.992Z
DEMO-DEV-3569,128,2022-10-01T23:51:31.535Z,2026-09-20T23:13:02.230Z
DEMO-DEV-4090,128,2022-10-02T08:47:37.023Z,2026-09-30T00:48:04.073Z
DEMO-DEV-4262,128,2022-10-14T05:20:46.354Z,2026-09-29T15:58:12.714Z
DEMO-DEV-4306,128,2022-11-17T14:47:30.190Z,2026-09-21T06:56:19.307Z
DEMO-DEV-5888,128,2022-10-06T11:13:49.015Z,2026-09-28T16:38:20.795Z
DEMO-DEV-6043,128,2022-10-10T15:59:21.505Z,2026-09-25T14:07:11.173Z
DEMO-DEV-6347,128,2022-11-01T21:31:58.443Z,2026-09-27T06:20:39.795Z
DEMO-DEV-7578,128,2022-10-25T05:11:49.319Z,2026-09-26T00:28:53.968Z
DEMO-DEV-8840,128,2022-10-11T19:07:27.319Z,2026-09-11T08:30:45.368Z
DEMO-DEV-0086,127,2022-10-22T15:36:23.172Z,2026-09-08T20:48:36.655Z
DEMO-DEV-1719,127,2022-10-19T17:26:24.397Z,2026-09-27T02:34:59.926Z
DEMO-DEV-1750,127,2022-10-06T05:12:09.189Z,2026-09-01T11:49:04.785Z
DEMO-DEV-3752,127,2022-10-06T08:27:47.077Z,2026-09-08T15:02:26.394Z
DEMO-DEV-3849,127,2022-10-09T06:37:47.519Z,2026-09-09T21:06:48.221Z
DEMO-DEV-8730,127,2022-10-13T08:55:21.513Z,2026-09-28T10:27:47.307Z
DEMO-DEV-9747,127,2022-10-05T14:54:01.150Z,2026-09-01T14:40:54.014Z
DEMO-DEV-1311,126,2022-10-26T07:38:28.636Z,2026-09-22T09:25:42.555Z
DEMO-DEV-1735,126,2022-10-02T16:13:09.264Z,2026-09-15T05:47:44.727Z
DEMO-DEV-1851,126,2022-11-02T18:44:27.839Z,2026-09-23T15:07:47.500Z
DEMO-DEV-3287,126,2022-10-10T08:33:49.846Z,2026-09-20T11:06:14.075Z
DEMO-DEV-4804,126,2022-10-24T11:49:46.784Z,2026-09-23T15:56:39.027Z
DEMO-DEV-0427,125,2022-10-03T07:27:56.786Z,2026-09-28T03:08:06.365Z
DEMO-DEV-1904,125,2022-10-22T19:49:50.803Z,2026-09-23T18:04:04.873Z
DEMO-DEV-5004,125,2022-10-23T01:28:02.555Z,2026-09-29T06:29:29.825Z
DEMO-DEV-5580,125,2022-10-03T10:46:52.155Z,2026-09-06T23:15:52.948Z
DEMO-DEV-6923,125,2022-10-13T11:04:49.500Z,2026-09-28T05:06:54.073Z
DEMO-DEV-7218,125,2022-10-23T10:33:43.252Z,2026-09-20T14:11:07.446Z
DEMO-DEV-8164,125,2022-10-02T19:53:25.289Z,2026-09-08T10:24:24.782Z
DEMO-DEV-2780,124,2022-11-02T21:40:48.811Z,2026-09-23T06:54:53.804Z
DEMO-DEV-4831,124,2022-10-25T06:44:40.537Z,2026-09-26T01:20:38.612Z
DEMO-DEV-6343,124,2022-10-02T03:06:48.648Z,2026-09-24T00:10:53.877Z
DEMO-DEV-0172,123,2022-10-04T20:58:20.298Z,2026-08-22T07:13:33.929Z
DEMO-DEV-0299,123,2022-10-31T02:06:36.161Z,2026-09-20T06:08:00.189Z
DEMO-DEV-2331,123,2022-10-20T01:13:08.658Z,2026-09-22T11:23:55.950Z
DEMO-DEV-9790,123,2022-10-02T12:50:35.738Z,2026-09-18T17:17:27.655Z
DEMO-DEV-2221,122,2022-10-04T22:27:22.535Z,2026-09-03T10:40:32.702Z
DEMO-DEV-1145,121,2022-10-01T10:54:22.264Z,2026-09-29T04:34:32.455Z
DEMO-DEV-8535,121,2022-10-19T19:01:40.368Z,2026-09-10T15:13:30.190Z
DEMO-DEV-8970,121,2022-10-14T16:22:47.524Z,2026-09-27T10:54:27.524Z
DEMO-DEV-1141,120,2022-10-03T15:57:21.003Z,2026-08-04T18:41:58.246Z
DEMO-DEV-2301,120,2022-10-05T14:12:40.785Z,2026-09-29T13:27:48.503Z
DEMO-DEV-3437,120,2022-10-03T22:41:00.497Z,2026-09-17T17:26:44.222Z
DEMO-DEV-5060,120,2022-10-06T11:54:54.470Z,2026-09-22T13:04:26.150Z
DEMO-DEV-7664,118,2022-11-20T09:11:50.090Z,2026-09-23T00:36:12.811Z
DEMO-DEV-2055,117,2022-10-02T05:58:57.784Z,2026-09-27T17:46:27.230Z
DEMO-DEV-5203,117,2022-10-02T12:17:25.578Z,2026-09-23T13:28:49.842Z
