device_id,repair_count,first_repair,last_repair
DEMO-DEV-5611,156,2022-10-02T07:36:40.646Z,2026-09-29T10:14:58.803Z
DEMO-DEV-2131,151,2022-11-10T03:39:42.524Z,2026-09-28T19:23:25.211Z
DEMO-DEV-4778,150,2022-10-01T10:35:10.038Z,2026-09-06T13:25:33.354Z
DEMO-DEV-6533,149,2022-10-12T09:12:48.208Z,2026-09-24T01:48:16.989Z
DEMO-DEV-2297,147,2022-10-06T05:24:54.190Z,2026-09-21T05:19:44.508Z
DEMO-DEV-3800,147,2022-10-10T13:41:34.045Z,2026-09-20T11:50:10.917Z
DEMO-DEV-7291,147,2022-10-10T01:14:43.173Z,2026-09-22T10:28:55.591Z
DEMO-DEV-3585,146,2022-10-16T21:36:23.639Z,2026-09-12T19:56:20.648Z
DEMO-DEV-9903,146,2022-10-09T12:45:02.253Z,2026-09-29T05:36:00.926Z
DEMO-DEV-0639,145,2022-10-14T11:57:03.037Z,2026-09-22T02:16:28.038Z
DEMO-DEV-2307,145,2022-10-17T10:34:40.428Z,2026-09-27T06:57:51.782Z
DEMO-DEV-3796,145,2022-10-10T05:27:27.192Z,2026-09-25T06:04:52.646Z
DEMO-DEV-7515,145,2022-10-21T19:22:42.038Z,2026-09-22T08:37:35.804Z
DEMO-DEV-0050,144,2022-10-03T12:40:46.211Z,2026-09-27T16:09:56.568Z
DEMO-DEV-4339,144,2022-10-18T21:41:01.867Z,2026-09-28T10:27:26.289Z
DEMO-DEV-5131,144,2022-10-07T00:19:43.368Z,2026-09-29T09:39:46.692Z
DEMO-DEV-5434,144,2022-12-13T07:04:39.884Z,2026-09-15T21:33:19.976Z
DEMO-DEV-0130,143,2022-10-20T23:47:38.607Z,2026-09-29T14:47:54.387Z
DEMO-DEV-1883,143,2022-10-02T17:52:49.354Z,2026-09-19T15:52:46.839Z
DEMO-DEV-6222,143,2022-10-13T11:24:39.443Z,2026-09-16T16:49:56.556Z
DEMO-DEV-6241,143,2022-10-01T22:44:14.232Z,2026-08-12T02:07:24.073Z
DEMO-DEV-6259,143,2022-10-04T08:46:56.040Z,2026-09-27T07:23:57.968Z
DEMO-DEV-0894,142,2022-10-04T11:28:34.825Z,2026-09-21T02:36:07.368Z
DEMO-DEV-1127,142,2022-10-08T09:03:31.692Z,2026-09-21T19:31:55.337Z
DEMO-DEV-2540,142,2022-10-04T18:35:30.612Z,2026-09-26T07:15:37.817Z
DEMO-DEV-2632,142,2022-10-03T02:29:09.870Z,2026-09-24T22:00:55.714Z
DEMO-DEV-3836,142,2022-10-02T09:39:53.778Z,2026-09-26T12:06:25.443Z
DEMO-DEV-4774,142,2022-10-13T01:37:54.428Z,2026-09-13T03:25:34.885Z
DEMO-DEV-5646,142,2022-10-10T09:57:37.298Z,2026-09-21T12:29:42.272Z
DEMO-DEV-7263,142,2022-10-18T16:37:16.165Z,2026-09-11T01:21:20.368Z
DEMO-DEV-7503,142,2022-10-08T05:31:07.692Z,2026-09-27T14:07:37.842Z
DEMO-DEV-7841,142,2022-10-01T10:53:30.975Z,2026-09-24T02:50:27.614Z
DEMO-DEV-8211,142,2022-10-08T12:53:38.842Z,2026-09-10T05:59:24.843Z
DEMO-DEV-8314,142,2022-10-20T00:54:32.969Z,2026-09-01T10:28:43.785Z
DEMO-DEV-9008,142,2022-10-12T23:08:04.843Z,2026-09-26T02:45:04.455Z
DEMO-DEV-9587,142,2022-10-01T15:27:38.368Z,2026-09-27T20:35:52.003Z
DEMO-DEV-9965,142,2022-10-06T07:19:58.015Z,2026-09-17T17:42:15.307Z
DEMO-DEV-0829,141,2022-10-07T03:31:16.785Z,2026-09-28T11:47:24.989Z
DEMO-DEV-2125,141,2022-10-02T11:13:43.168Z,2026-09-14T04:03:51.203Z
DEMO-DEV-4126,141,2022-10-02T18:18:35.063Z,2026-09-23T21:03:20.493Z
DEMO-DEV-4876,141,2022-10-02T09:25:54.211Z,2026-09-27T04:46:46.917Z
DEMO-DEV-5463,141,2022-10-09T04:34:59.337Z,2026-09-25T03:18:58.597Z
DEMO-DEV-6881,141,2022-10-08T17:17:06.949Z,2026-09-21T12:20:39.989Z
DEMO-DEV-7145,141,2022-10-01T11:28:28.402Z,2026-09-03T12:12:05.885Z
DEMO-DEV-7727,141,2022-10-02T03:54:09.892Z,2026-08-18T01:43:14.221Z
DEMO-DEV-8462,141,2022-10-11T20:10:08.308Z,2026-09-25T23:27:34.557Z
DEMO-DEV-9526,141,2022-11-01T16:27:28.038Z,2026-09-22T01:50:15.913Z
DEMO-DEV-0260,140,2022-10-25T19:42:50.264Z,2026-09-14T23:37:54.778Z
DEMO-DEV-0618,140,2022-10-01T14:31:26.676Z,2026-09-29T05:02:41.232Z
DEMO-DEV-2462,140,2022-10-07T10:56:18.714Z,2026-09-04T20:29:21.950Z
DEMO-DEV-3187,140,2022-10-04T15:15:42.203Z,2026-09-22T14:46:39.975Z
DEMO-DEV-3208,140,2022-10-04T11:42:50.985Z,2026-08-25T11:15:15.655Z
DEMO-DEV-5341,140,2022-10-01T21:01:28.836Z,2026-08-31T17:26:44.987Z
DEMO-DEV-5345,140,2022-10-02T06:59:22.387Z,2026-09-28T01:48:53.915Z
DEMO-DEV-5383,140,2022-10-15T16:06:23.403Z,2026-09-28T02:12:55.370Z
DEMO-DEV-5781,140,2022-10-06T22:08:11.727Z,2026-09-16T18:28:59.428Z
DEMO-DEV-6538,140,2022-10-05T11:36:54.023Z,2026-09-09T12:32:50.965Z
DEMO-DEV-6540,140,2022-10-02T06:45:53.366Z,2026-09-16T03:04:46.204Z
DEMO-DEV-7106,140,2022-10-10T20:50:32.989Z,2026-09-26T14:38:39.308Z
DEMO-DEV-8875,140,2022-10-01T17:44:15.015Z,2026-09-28T10:25:48.914Z
DEMO-DEV-9076,140,2022-10-08T23:37:24.786Z,2026-09-25T21:14:55.926Z
DEMO-DEV-9698,140,2022-10-06T03:20:48.965Z,2026-09-26T21:10:38.024Z
DEMO-DEV-1218,139,2022-10-02T10:28:18.636Z,2026-09-29T02:11:37.205Z
DEMO-DEV-1565,139,2022-10-02T13:24:49.618Z,2026-09-28T02:00:39.077Z
DEMO-DEV-2031,139,2022-10-12T12:25:39.254Z,2026-09-29T18:38:35.948Z
DEMO-DEV-2215,139,2022-10-02T18:29:43.302Z,2026-09-28T05:21:00.428Z
DEMO-DEV-2263,139,2022-10-16T16:47:37.968Z,2026-09-28T11:42:04.666Z
DEMO-DEV-2897,139,2022-10-07T03:09:28.120Z,2026-09-11T04:45:38.836Z
DEMO-DEV-6187,139,2022-10-09T08:08:28.505Z,2026-09-20T10:22:00.975Z
DEMO-DEV-7036,139,2022-10-05T15:42:00.015Z,2026-09-24T04:37:00.682Z
DEMO-DEV-8160,139,2022-10-16T14:48:00.218Z,2026-08-30T19:59:01.443Z
DEMO-DEV-8494,139,2022-10-18T01:48:19.658Z,2026-09-24T16:46:52.646Z
DEMO-DEV-8698,139,2022-10-03T14:34:15.219Z,2026-09-28T10:41:48.676Z
DEMO-DEV-8751,139,2022-10-03T11:07:56.612Z,2026-09-27T04:18:01.236Z
DEMO-DEV-9409,139,2022-10-24T17:24:13.842Z,2026-08-21T03:17:40.409Z
DEMO-DEV-9778,139,2022-11-03T02:44:20.390Z,2026-09-22T13:46:46.892Z
DEMO-DEV-0530,138,2022-10-05T16:49:38.057Z,2026-09-06T07:53:42.817Z
DEMO-DEV-1188,138,2022-10-22T05:02:40.879Z,2026-09-25T03:04:01.692Z
DEMO-DEV-1352,138,2022-10-23T21:16:33.238Z,2026-09-08T23:40:01.254Z
DEMO-DEV-2227,138,2022-10-06T19:37:27.859Z,2026-09-25T02:44:05.784Z
DEMO-DEV-2304,138,2022-10-06T11:07:56.710Z,2026-09-15T08:17:28.354Z
DEMO-DEV-2414,138,2022-10-04T17:35:27.080Z,2026-09-29T14:21:41.077Z
DEMO-DEV-2636,138,2022-10-03T20:31:37.246Z,2026-09-08T04:26:01.026Z
DEMO-DEV-2679,138,2022-10-07T10:11:31.038Z,2026-09-15T01:52:26.026Z
DEMO-DEV-3558,138,2022-11-23T11:06:05.354Z,2026-09-26T02:41:29.264Z
DEMO-DEV-3912,138,2022-10-08T21:44:49.460Z,2026-08-03T23:57:27.415Z
DEMO-DEV-4313,138,2022-10-03T12:49:57.799Z,2026-09-26T03:49:59.618Z
DEMO-DEV-4499,138,2022-10-11T23:15:32.719Z,2026-09-24T17:25:03.811Z
DEMO-DEV-4585,138,2022-10-19T03:48:24.365Z,2026-09-30T07:23:43.234Z
DEMO-DEV-4749,138,2022-10-07T10:27:38.511Z,2026-09-01T20:52:40.298Z
DEMO-DEV-5823,138,2022-10-06T19:28:20.975Z,2026-09-05T07:39:03.038Z
DEMO-DEV-5839,138,2022-10-01T15:23:22.612Z,2026-09-25T02:09:09.253Z
DEMO-DEV-6606,138,2022-10-14T05:03:49.976Z,2026-09-27T10:15:46.926Z
DEMO-DEV-6887,138,2022-10-04T12:16:40.120Z,2026-09-13T07:59:05.806Z
DEMO-DEV-7166,138,2022-10-09T02:56:57.470Z,2026-09-19T03:07:05.254Z
DEMO-DEV-7342,138,2022-10-02T23:37:48.993Z,2026-08-15T00:13:52.428Z
DEMO-DEV-7546,138,2022-11-04T06:59:27.914Z,2026-09-24T16:08:04.337Z
DEMO-DEV-9672,138,2022-10-13T15:48:56.682Z,2026-09-07T07:39:50.658Z
DEMO-DEV-0328,137,2022-10-22T18:02:36.165Z,2026-09-24T03:12:50.661Z
DEMO-DEV-1132,137,2022-10-10T07:02:09.765Z,2026-09-08T02:17:08.782Z
DEMO-DEV-1146,137,2022-10-12T08:44:05.782Z,2026-09-25T09:30:04.868Z
DEMO-DEV-1345,137,2022-10-06T23:47:27.254Z,2026-09-23T10:21:21.027Z
DEMO-DEV-1509,137,2022-10-29T22:52:22.612Z,2026-09-12T21:28:51.892Z
DEMO-DEV-1785,137,2022-10-05T23:46:15.989Z,2026-09-27T05:46:47.612Z
DEMO-DEV-2183,137,2022-10-28T09:40:52.460Z,2026-09-15T06:59:29.208Z
DEMO-DEV-2325,137,2022-10-23T17:43:56.870Z,2026-09-13T22:18:58.842Z
DEMO-DEV-2349,137,2022-10-01T22:00:59.655Z,2026-09-22T15:46:56.885Z
DEMO-DEV-2594,137,2022-10-09T10:01:11.057Z,2026-09-26T03:11:14.409Z
DEMO-DEV-2691,137,2022-10-24T13:48:02.666Z,2026-09-05T13:41:02.370Z
DEMO-DEV-2801,137,2022-10-06T06:38:42.354Z,2026-08-20T02:27:18.287Z
DEMO-DEV-3721,137,2022-10-05T10:35:09.968Z,2026-09-28T04:18:21.877Z
DEMO-DEV-4273,137,2022-10-27T15:43:41.513Z,2026-09-28T04:26:52.497Z
DEMO-DEV-4430,137,2022-10-07T12:52:20.221Z,2026-09-23T04:24:38.139Z
DEMO-DEV-5066,137,2022-10-07T22:39:49.599Z,2026-09-19T09:53:31.307Z
DEMO-DEV-5350,137,2022-10-02T19:01:51.288Z,2026-09-11T22:28:05.026Z
DEMO-DEV-6803,137,2022-10-18T00:18:10.204Z,2026-09-25T04:39:59.754Z
DEMO-DEV-7266,137,2022-10-02T20:19:57.365Z,2026-09-27T08:34:59.692Z
DEMO-DEV-7487,137,2022-10-06T17:00:39.648Z,2026-09-28T19:49:15.915Z
DEMO-DEV-7492,137,2022-10-11T10:01:21.527Z,2026-09-28T02:21:32.702Z
DEMO-DEV-7855,137,2022-10-11T22:03:55.914Z,2026-09-18T06:42:49.368Z
DEMO-DEV-7870,137,2022-10-06T01:27:44.264Z,2026-09-29T09:18:59.004Z
DEMO-DEV-8458,137,2022-10-10T13:17:58.239Z,2026-09-30T08:13:18.661Z
DEMO-DEV-8479,137,2022-10-15T07:26:37.842Z,2026-09-20T06:10:18.836Z
DEMO-DEV-8834,137,2022-10-21T11:44:42.784Z,2026-09-24T06:40:16.795Z
DEMO-DEV-9328,137,2022-10-16T11:32:51.315Z,2026-09-27T10:55:06.254Z
DEMO-DEV-9627,137,2022-10-12T14:13:21.391Z,2026-09-15T11:09:41.915Z
DEMO-DEV-9741,137,2022-10-23T10:14:55.989Z,2026-09-18T18:01:50.225Z
DEMO-DEV-9926,137,2022-10-12T11:34:04.291Z,2026-09-19T08:48:41.993Z
DEMO-DEV-0004,136,2022-11-03T01:55:35.968Z,2026-09-08T15:34:34.045Z
DEMO-DEV-0031,136,2022-10-05T22:00:23.057Z,2026-09-26T18:29:33.203Z
DEMO-DEV-0197,136,2022-10-16T20:30:54.428Z,2026-09-12T17:23:26.155Z
DEMO-DEV-0229,136,2022-10-15T09:04:17.428Z,2026-09-28T19:46:55.203Z
DEMO-DEV-0275,136,2022-10-04T07:17:54.224Z,2026-08-20T07:17:37.917Z
DEMO-DEV-0594,136,2022-10-20T17:49:03.966Z,2026-09-29T22:44:26.415Z
DEMO-DEV-1056,136,2022-10-11T02:05:04.505Z,2026-09-26T10:34:21.014Z
DEMO-DEV-1168,136,2022-10-03T01:06:59.172Z,2026-09-27T06:53:17.172Z
DEMO-DEV-1236,136,2022-11-18T13:51:49.415Z,2026-09-27T13:34:42.165Z
DEMO-DEV-1356,136,2022-10-23T14:21:04.253Z,2026-08-20T09:27:12.225Z
DEMO-DEV-1600,136,2022-10-04T04:31:34.403Z,2026-09-24T14:08:00.021Z
DEMO-DEV-1784,136,2022-10-14T19:09:49.226Z,2026-09-09T16:35:59.702Z
DEMO-DEV-1809,136,2022-10-03T22:44:02.298Z,2026-09-15T02:59:36.004Z
DEMO-DEV-2142,136,2022-10-05T13:05:15.795Z,2026-09-21T14:43:46.368Z
DEMO-DEV-2615,136,2022-10-14T13:15:22.370Z,2026-09-29T13:00:30.792Z
DEMO-DEV-2887,136,2022-10-10T19:05:43.298Z,2026-09-28T18:05:19.073Z
DEMO-DEV-3238,136,2022-10-02T16:01:22.160Z,2026-09-24T04:10:39.167Z
DEMO-DEV-3547,136,2022-10-07T05:46:47.804Z,2026-09-23T22:37:35.929Z
DEMO-DEV-4101,136,2022-10-31T18:13:02.688Z,2026-09-28T21:17:50.221Z
DEMO-DEV-4168,136,2022-10-02T15:06:12.080Z,2026-09-21T18:53:03.014Z
DEMO-DEV-4251,136,2022-10-17T01:15:42.816Z,2026-09-28T18:12:20.190Z
DEMO-DEV-4574,136,2022-10-05T23:18:49.446Z,2026-09-19T18:38:30.057Z
DEMO-DEV-4583,136,2022-10-17T04:14:35.817Z,2026-09-30T07:33:18.203Z
DEMO-DEV-5159,136,2022-10-16T05:46:44.765Z,2026-09-27T14:37:31.612Z
DEMO-DEV-5614,136,2022-10-06T10:00:16.155Z,2026-09-09T01:39:53.308Z
DEMO-DEV-6003,136,2022-10-06T23:26:29.806Z,2026-09-27T15:04:30.785Z
DEMO-DEV-6320,136,2022-10-09T08:47:29.246Z,2026-09-28T06:53:08.403Z
DEMO-DEV-6607,136,2022-10-08T18:34:17.291Z,2026-08-28T15:11:28.688Z
DEMO-DEV-6862,136,2022-10-08T07:36:13.841Z,2026-09-26T14:39:29.513Z
DEMO-DEV-6977,136,2022-10-05T04:37:25.702Z,2026-08-21T01:36:41.793Z
DEMO-DEV-7044,136,2022-10-07T02:00:41.987Z,2026-09-29T10:45:51.325Z
DEMO-DEV-7588,136,2022-10-02T13:05:45.160Z,2026-09-03T23:55:07.218Z
DEMO-DEV-7668,136,2022-10-02T10:44:14.989Z,2026-08-28T18:37:07.841Z
DEMO-DEV-8202,136,2022-10-23T03:18:19.403Z,2026-09-02T11:34:22.816Z
DEMO-DEV-8301,136,2022-10-07T23:09:18.073Z,2026-08-12T15:07:26.511Z
DEMO-DEV-8799,136,2022-10-25T19:11:41.702Z,2026-09-13T23:05:25.298Z
DEMO-DEV-9036,136,2022-10-11T21:25:06.004Z,2026-09-05T14:07:41.234Z
DEMO-DEV-9088,136,2022-10-19T09:43:32.221Z,2026-09-27T21:22:55.462Z
DEMO-DEV-9560,136,2022-10-27T06:30:34.806Z,2026-09-21T20:21:25.460Z
DEMO-DEV-9843,136,2022-10-14T10:01:54.253Z,2026-09-10T19:26:43.974Z
DEMO-DEV-0035,135,2022-10-02T02:54:41.014Z,2026-09-26T15:06:51.442Z
DEMO-DEV-0225,135,2022-10-16T08:04:27.021Z,2026-09-21T16:51:25.702Z
DEMO-DEV-0590,135,2022-10-07T03:40:24.752Z,2026-08-25T02:20:16.192Z
DEMO-DEV-0644,135,2022-10-15T23:16:39.877Z,2026-09-27T09:23:39.503Z
DEMO-DEV-0656,135,2022-10-07T17:16:50.500Z,2026-09-22T20:34:03.864Z
DEMO-DEV-0677,135,2022-10-23T11:07:22.505Z,2026-09-29T10:19:23.710Z
DEMO-DEV-0841,135,2022-10-01T14:43:09.203Z,2026-09-27T06:41:57.337Z
DEMO-DEV-1058,135,2022-10-05T05:00:06.155Z,2026-09-17T09:09:26.155Z
DEMO-DEV-1074,135,2022-10-14T15:13:31.211Z,2026-09-28T03:30:30.851Z
DEMO-DEV-1100,135,2022-10-09T23:33:57.455Z,2026-09-29T21:29:20.792Z
DEMO-DEV-1371,135,2022-10-07T22:54:42.120Z,2026-09-26T17:59:40.599Z
DEMO-DEV-2262,135,2022-10-18T13:20:14.870Z,2026-09-28T18:18:50.357Z
DEMO-DEV-2680,135,2022-10-11T07:44:13.172Z,2026-09-25T00:00:32.865Z
DEMO-DEV-2851,135,2022-10-07T09:19:11.208Z,2026-09-19T18:29:55.702Z
DEMO-DEV-2866,135,2022-10-05T00:55:54.914Z,2026-09-25T19:30:39.253Z
DEMO-DEV-3236,135,2022-10-21T15:03:45.658Z,2026-09-23T16:19:09.470Z
DEMO-DEV-3293,135,2022-10-14T23:31:06.668Z,2026-09-24T09:18:57.778Z
DEMO-DEV-3437,135,2022-10-19T01:53:21.966Z,2026-09-25T15:00:39.599Z
DEMO-DEV-3593,135,2022-10-02T12:53:54.368Z,2026-09-04T17:21:53.232Z
DEMO-DEV-4211,135,2022-12-07T07:05:42.325Z,2026-09-20T13:46:59.607Z
DEMO-DEV-4218,135,2022-10-07T16:11:37.021Z,2026-09-13T08:58:48.929Z
DEMO-DEV-4310,135,2022-10-17T18:09:32.023Z,2026-09-23T23:56:41.446Z
DEMO-DEV-4347,135,2022-10-19T00:35:55.485Z,2026-09-27T11:05:33.985Z
DEMO-DEV-4372,135,2022-10-27T21:48:07.968Z,2026-09-25T01:51:39.183Z
DEMO-DEV-4651,135,2022-10-12T00:25:26.123Z,2026-09-17T03:04:13.811Z
DEMO-DEV-4707,135,2022-10-03T05:01:50.497Z,2026-09-25T19:18:55.075Z
DEMO-DEV-4875,135,2022-10-06T08:56:02.167Z,2026-09-28T13:42:33.462Z
DEMO-DEV-4984,135,2022-10-11T13:58:32.511Z,2026-09-10T04:39:22.816Z
DEMO-DEV-5535,135,2022-10-21T09:20:25.239Z,2026-09-16T09:09:41.165Z
DEMO-DEV-6212,135,2022-10-04T07:20:51.915Z,2026-09-22T06:17:26.519Z
DEMO-DEV-6273,135,2022-10-22T02:40:03.646Z,2026-09-27T19:39:05.397Z
DEMO-DEV-6280,135,2022-10-31T20:58:19.537Z,2026-09-22T18:34:23.298Z
DEMO-DEV-6474,135,2022-10-09T04:33:45.653Z,2026-09-23T18:50:47.239Z
DEMO-DEV-6490,135,2022-10-02T05:19:35.752Z,2026-09-22T01:59:10.653Z
DEMO-DEV-6716,135,2022-10-24T11:14:01.238Z,2026-09-01T04:53:23.719Z
DEMO-DEV-7406,135,2022-10-21T19:24:29.172Z,2026-09-09T02:31:48.754Z
DEMO-DEV-7419,135,2022-10-31T04:34:25.123Z,2026-09-23T22:36:05.785Z
DEMO-DEV-7491,135,2022-10-12T19:51:55.337Z,2026-09-12T21:15:35.636Z
DEMO-DEV-7886,135,2022-10-09T04:41:53.661Z,2026-09-01T02:07:36.913Z
DEMO-DEV-7910,135,2022-10-12T19:26:37.710Z,2026-09-23T12:56:13.138Z
DEMO-DEV-7931,135,2022-10-03T22:33:54.965Z,2026-09-29T23:25:46.806Z
DEMO-DEV-8035,135,2022-10-05T03:38:55.719Z,2026-09-14T16:03:04.511Z
DEMO-DEV-8170,135,2022-10-21T01:00:36.189Z,2026-09-29T16:03:26.965Z
DEMO-DEV-8371,135,2022-10-02T16:36:41.291Z,2026-08-25T05:17:37.075Z
DEMO-DEV-8452,135,2022-10-14T20:22:35.523Z,2026-09-29T16:34:54.614Z
DEMO-DEV-8511,135,2022-10-14T01:45:45.816Z,2026-09-24T21:00:44.527Z
DEMO-DEV-9135,135,2022-10-03T08:07:03.462Z,2026-09-14T15:51:49.222Z
DEMO-DEV-9810,135,2022-10-14T12:49:23.040Z,2026-09-25T13:16:07.300Z
DEMO-DEV-0233,134,2022-10-06T05:52:04.428Z,2026-08-24T21:00:33.817Z
DEMO-DEV-0466,134,2022-11-02T10:07:15.792Z,2026-09-23T22:12:35.915Z
DEMO-DEV-0476,134,2022-10-20T06:46:17.462Z,2026-09-25T00:45:41.738Z
DEMO-DEV-0490,134,2022-10-02T02:29:30.646Z,2026-09-25T18:04:57.428Z
DEMO-DEV-0502,134,2022-10-03T12:41:48.253Z,2026-09-30T06:23:31.817Z
DEMO-DEV-1062,134,2022-10-16T06:25:04.443Z,2026-09-24T10:56:45.859Z
DEMO-DEV-1189,134,2022-12-06T13:44:58.806Z,2026-09-20T18:51:13.460Z
DEMO-DEV-1206,134,2022-10-25T12:26:08.527Z,2026-09-08T00:31:54.138Z
DEMO-DEV-1294,134,2022-10-02T04:05:50.892Z,2026-09-18T16:18:46.365Z
DEMO-DEV-1523,134,2022-10-05T20:49:41.929Z,2026-09-28T17:17:43.816Z
DEMO-DEV-1619,134,2022-10-26T04:07:40.568Z,2026-09-02T21:59:24.387Z
DEMO-DEV-1877,134,2022-10-05T22:12:53.168Z,2026-09-17T20:32:16.527Z
DEMO-DEV-2000,134,2022-10-02T22:10:33.172Z,2026-09-25T13:47:59.842Z
DEMO-DEV-2417,134,2022-10-19T09:02:39.038Z,2026-09-14T04:41:48.397Z
DEMO-DEV-3358,134,2022-10-15T17:35:25.949Z,2026-09-17T04:57:15.885Z
DEMO-DEV-3681,134,2022-10-04T21:07:40.300Z,2026-09-15T20:40:40.786Z
DEMO-DEV-3959,134,2022-10-03T08:33:30.682Z,2026-09-25T18:10:34.189Z
DEMO-DEV-4004,134,2022-10-03T22:46:45.811Z,2026-09-24T15:28:42.556Z
DEMO-DEV-4012,134,2022-10-26T21:47:02.289Z,2026-09-23T10:53:30.252Z
DEMO-DEV-4418,134,2022-10-15T23:05:39.236Z,2026-09-21T21:03:25.851Z
DEMO-DEV-4811,134,2022-10-29T00:50:41.968Z,2026-09-24T11:09:51.337Z
DEMO-DEV-4918,134,2022-12-07T16:02:31.653Z,2026-09-08T10:24:49.784Z
DEMO-DEV-5121,134,2022-10-07T02:29:55.505Z,2026-09-18T15:50:23.291Z
DEMO-DEV-5265,134,2022-10-06T09:57:26.913Z,2026-09-23T09:17:15.867Z
DEMO-DEV-5412,134,2022-10-03T03:51:41.843Z,2026-09-11T01:00:42.682Z
DEMO-DEV-5574,134,2022-10-10T02:08:25.325Z,2026-09-29T22:58:39.219Z
DEMO-DEV-5683,134,2022-10-15T17:40:14.648Z,2026-09-27T01:29:45.870Z
DEMO-DEV-5829,134,2022-10-17T00:42:54.692Z,2026-09-18T23:45:23.403Z
DEMO-DEV-5883,134,2022-10-12T13:20:12.345Z,2026-09-29T09:38:35.545Z
DEMO-DEV-5929,134,2022-10-04T16:06:43.173Z,2026-09-29T15:07:36.485Z
DEMO-DEV-5963,134,2022-10-02T12:54:12.676Z,2026-08-18T22:21:41.618Z
DEMO-DEV-6230,134,2022-10-06T22:04:00.785Z,2026-09-20T12:36:09.190Z
DEMO-DEV-6314,134,2022-10-05T21:29:41.038Z,2026-09-27T19:37:59.368Z
DEMO-DEV-6677,134,2022-10-03T20:31:23.785Z,2026-09-30T04:08:55.803Z
DEMO-DEV-7173,134,2022-10-04T01:40:47.778Z,2026-09-20T09:05:00.134Z
DEMO-DEV-7426,134,2022-10-02T14:58:36.799Z,2026-09-23T01:52:42.172Z
DEMO-DEV-7474,134,2022-10-04T15:13:05.710Z,2026-09-21T05:16:12.230Z
DEMO-DEV-7505,134,2022-10-08T16:18:47.803Z,2026-09-30T08:25:16.161Z
DEMO-DEV-7644,134,2022-10-04T16:12:36.203Z,2026-09-29T13:39:27.846Z
DEMO-DEV-7967,134,2022-10-28T13:13:51.325Z,2026-09-19T16:16:15.825Z
DEMO-DEV-7994,134,2022-10-10T17:23:30.863Z,2026-09-19T22:58:58.315Z
DEMO-DEV-8446,134,2022-10-23T05:37:58.817Z,2026-09-02T16:49:09.224Z
DEMO-DEV-8459,134,2022-10-10T23:18:43.836Z,2026-09-23T09:26:28.390Z
DEMO-DEV-8699,134,2022-10-12T02:24:48.738Z,2026-09-26T05:26:36.160Z
DEMO-DEV-8792,134,2022-10-04T05:48:30.038Z,2026-09-19T10:34:07.208Z
DEMO-DEV-9426,134,2022-10-06T10:51:05.443Z,2026-09-30T07:14:38.394Z
DEMO-DEV-9433,134,2022-10-06T10:41:35.120Z,2026-09-29T05:50:47.917Z
DEMO-DEV-9611,134,2022-10-05T23:28:52.513Z,2026-09-28T09:30:28.892Z
DEMO-DEV-9824,134,2022-10-06T21:22:53.653Z,2026-09-25T04:36:39.752Z
DEMO-DEV-9896,134,2022-10-15T16:21:02.167Z,2026-09-05T07:21:20.965Z
DEMO-DEV-9930,134,2022-10-07T15:47:40.155Z,2026-09-02T14:01:52.027Z
DEMO-DEV-9934,134,2022-10-07T14:52:48.288Z,2026-09-29T23:16:16.026Z
DEMO-DEV-0086,133,2022-10-16T21:10:43.754Z,2026-09-02T05:17:59.884Z
DEMO-DEV-0158,133,2022-11-13T16:46:57.735Z,2026-09-27T22:24:00.057Z
DEMO-DEV-0283,133,2022-10-08T11:14:38.403Z,2026-09-17T14:07:52.682Z
DEMO-DEV-0367,133,2022-10-03T15:01:41.612Z,2026-09-30T06:35:51.785Z
DEMO-DEV-0581,133,2022-10-01T17:45:44.272Z,2026-09-27T22:08:34.264Z
DEMO-DEV-0599,133,2022-10-01T12:54:39.752Z,2026-09-09T06:24:04.192Z
DEMO-DEV-0734,133,2022-10-05T01:03:49.618Z,2026-09-22T01:44:37.666Z
DEMO-DEV-1042,133,2022-10-03T00:56:56.926Z,2026-09-24T13:58:20.877Z
DEMO-DEV-1174,133,2022-10-07T03:02:00.134Z,2026-09-26T07:38:29.004Z
DEMO-DEV-1339,133,2022-10-17T15:24:27.150Z,2026-09-13T19:41:20.503Z
DEMO-DEV-1579,133,2022-11-01T02:05:13.597Z,2026-09-20T02:52:31.948Z
DEMO-DEV-1599,133,2022-10-24T09:42:03.264Z,2026-09-28T03:49:43.150Z
DEMO-DEV-2082,133,2022-10-03T16:15:44.795Z,2026-09-24T00:27:34.891Z
DEMO-DEV-2085,133,2022-10-02T21:51:04.614Z,2026-09-14T12:07:46.859Z
DEMO-DEV-2100,133,2022-10-22T20:29:12.841Z,2026-09-24T06:36:30.319Z
DEMO-DEV-2113,133,2022-10-10T18:52:18.950Z,2026-09-27T03:11:26.203Z
DEMO-DEV-2261,133,2022-10-07T16:48:20.578Z,2026-09-26T12:34:56.352Z
DEMO-DEV-2492,133,2022-11-10T03:15:26.778Z,2026-09-09T13:57:44.138Z
DEMO-DEV-3424,133,2022-10-06T07:53:49.873Z,2026-09-24T22:37:37.806Z
DEMO-DEV-3656,133,2022-10-08T04:00:22.075Z,2026-09-30T00:45:57.015Z
DEMO-DEV-3730,133,2022-10-03T22:24:19.246Z,2026-09-05T00:37:21.192Z
DEMO-DEV-4039,133,2022-10-10T01:19:58.442Z,2026-09-15T23:56:31.428Z
DEMO-DEV-4419,133,2022-10-14T07:44:40.727Z,2026-09-26T06:05:31.460Z
DEMO-DEV-4705,133,2022-10-04T09:31:50.040Z,2026-09-25T06:13:41.989Z
DEMO-DEV-4865,133,2022-10-21T16:12:34.513Z,2026-09-11T10:48:08.370Z
DEMO-DEV-5043,133,2022-10-17T19:08:47.428Z,2026-09-24T20:07:09.232Z
DEMO-DEV-5067,133,2022-10-10T08:03:03.784Z,2026-09-29T19:56:05.948Z
DEMO-DEV-5196,133,2022-10-06T15:04:45.472Z,2026-09-06T17:48:12.063Z
DEMO-DEV-5309,133,2022-10-17T17:33:58.993Z,2026-09-28T02:32:59.505Z
DEMO-DEV-5640,133,2022-10-06T14:52:09.929Z,2026-09-21T12:41:07.556Z
DEMO-DEV-5768,133,2022-10-09T15:16:43.841Z,2026-09-28T03:22:09.618Z
DEMO-DEV-5927,133,2022-10-09T11:42:07.038Z,2026-09-28T06:54:10.949Z
DEMO-DEV-6432,133,2022-10-02T08:15:24.308Z,2026-09-29T20:47:32.403Z
DEMO-DEV-7080,133,2022-10-07T07:10:37.155Z,2026-09-13T04:49:51.825Z
DEMO-DEV-7821,133,2022-10-06T06:35:45.403Z,2026-08-21T20:59:08.754Z
DEMO-DEV-7822,133,2022-10-05T03:36:11.205Z,2026-09-29T15:08:28.391Z
DEMO-DEV-8198,133,2022-10-17T17:15:01.605Z,2026-09-17T15:26:10.366Z
DEMO-DEV-8362,133,2022-10-20T01:08:55.714Z,2026-09-24T19:12:21.500Z
DEMO-DEV-8490,133,2022-10-02T10:22:50.966Z,2026-09-26T03:00:42.190Z
DEMO-DEV-8657,133,2022-10-08T19:05:07.870Z,2026-09-24T08:54:14.357Z
DEMO-DEV-8927,133,2022-10-14T17:46:50.325Z,2026-09-25T12:44:05.239Z
DEMO-DEV-9095,133,2022-10-02T15:51:08.557Z,2026-09-29T08:42:53.368Z
DEMO-DEV-9164,133,2022-10-06T14:37:27.765Z,2026-09-30T07:43:08.503Z
DEMO-DEV-9801,133,2022-11-08T18:04:29.370Z,2026-09-05T06:09:39.138Z
DEMO-DEV-9937,133,2022-10-10T14:04:42.190Z,2026-09-26T03:54:22.232Z
DEMO-DEV-9996,133,2022-10-18T09:54:45.208Z,2026-09-27T02:53:35.080Z
DEMO-DEV-0100,132,2022-10-12T06:45:17.004Z,2026-09-09T23:01:48.864Z
DEMO-DEV-0324,132,2022-10-05T17:41:54.965Z,2026-09-23T12:02:56.778Z
DEMO-DEV-0345,132,2022-10-14T19:33:48.806Z,2026-09-10T10:14:55.523Z
DEMO-DEV-0382,132,2022-10-10T17:33:37.288Z,2026-09-28T02:11:54.976Z
DEMO-DEV-0667,132,2022-10-13T09:23:13.368Z,2026-09-30T00:19:05.308Z
DEMO-DEV-0675,132,2022-10-02T02:42:15.120Z,2026-09-22T10:52:10.914Z
DEMO-DEV-0729,132,2022-10-14T03:04:57.370Z,2026-09-21T23:34:02.682Z
DEMO-DEV-0840,132,2022-10-14T10:33:17.192Z,2026-09-27T15:54:02.172Z
DEMO-DEV-0888,132,2022-10-07T02:52:15.968Z,2026-09-07T02:11:09.225Z
DEMO-DEV-1230,132,2022-10-09T07:37:01.239Z,2026-09-27T06:57:21.442Z
DEMO-DEV-1288,132,2022-11-10T20:35:35.556Z,2026-09-21T08:41:41.068Z
DEMO-DEV-1387,132,2022-10-17T04:05:10.189Z,2026-09-16T20:51:57.239Z
DEMO-DEV-1431,132,2022-10-27T12:35:50.727Z,2026-09-25T17:59:37.752Z
DEMO-DEV-1538,132,2022-11-20T22:48:13.655Z,2026-09-13T12:07:55.612Z
DEMO-DEV-1564,132,2022-10-10T13:28:19.264Z,2026-09-30T02:11:34.782Z
DEMO-DEV-1583,132,2022-10-20T05:37:26.493Z,2026-09-12T05:10:46.403Z
DEMO-DEV-1932,132,2022-10-07T10:51:04.307Z,2026-09-12T17:01:48.555Z
DEMO-DEV-2129,132,2022-10-07T01:27:37.692Z,2026-09-29T02:58:45.511Z
DEMO-DEV-2150,132,2022-10-16T03:25:27.205Z,2026-09-06T07:19:28.155Z
DEMO-DEV-2250,132,2022-10-07T12:34:31.915Z,2026-09-20T02:08:49.077Z
DEMO-DEV-2340,132,2022-10-06T15:45:20.462Z,2026-09-11T22:31:51.298Z
DEMO-DEV-2402,132,2022-10-02T16:10:12.786Z,2026-09-18T11:34:30.319Z
DEMO-DEV-2478,132,2022-10-04T20:52:39.792Z,2026-09-24T15:27:53.885Z
DEMO-DEV-2770,132,2022-10-05T07:01:35.038Z,2026-09-25T13:30:47.974Z
DEMO-DEV-2800,132,2022-10-15T08:20:52.865Z,2026-09-24T23:15:13.225Z
DEMO-DEV-2900,132,2022-10-18T14:27:45.246Z,2026-09-02T19:22:15.851Z
DEMO-DEV-3343,132,2022-10-09T23:02:55.948Z,2026-09-18T01:20:19.026Z
DEMO-DEV-3576,132,2022-10-03T06:22:33.948Z,2026-09-29T04:23:10.021Z
DEMO-DEV-3643,132,2022-10-24T07:32:33.785Z,2026-09-21T01:53:47.511Z
DEMO-DEV-3757,132,2022-10-05T23:04:03.646Z,2026-09-27T13:31:36.817Z
DEMO-DEV-3953,132,2022-10-09T10:17:01.485Z,2026-09-04T18:07:07.087Z
DEMO-DEV-4076,132,2022-10-21T02:36:52.877Z,2026-09-09T01:15:28.653Z
DEMO-DEV-4315,132,2022-10-05T07:58:11.727Z,2026-09-15T08:29:51.460Z
DEMO-DEV-4487,132,2022-10-01T22:18:51.470Z,2026-08-16T08:58:29.442Z
DEMO-DEV-4610,132,2022-10-07T10:31:05.397Z,2026-09-13T09:56:32.460Z
DEMO-DEV-4963,132,2022-10-05T13:01:14.578Z,2026-09-22T07:56:17.618Z
DEMO-DEV-5064,132,2022-10-04T09:26:46.075Z,2026-09-20T21:18:27.524Z
DEMO-DEV-5407,132,2022-10-01T20:43:40.027Z,2026-09-22T14:12:42.842Z
DEMO-DEV-5478,132,2022-10-25T18:08:16.836Z,2026-09-21T09:05:02.024Z
DEMO-DEV-5625,132,2022-10-01T08:17:24.969Z,2026-09-24T01:01:13.236Z
DEMO-DEV-5793,132,2022-10-31T20:54:36.168Z,2026-09-18T04:59:08.234Z
DEMO-DEV-5836,132,2022-10-14T11:07:39.527Z,2026-09-29T22:50:33.688Z
DEMO-DEV-5974,132,2022-10-07T18:15:08.806Z,2026-09-28T00:01:25.268Z
DEMO-DEV-6030,132,2022-10-05T00:59:38.024Z,2026-09-20T19:20:39.913Z
DEMO-DEV-6083,132,2022-10-05T10:20:11.785Z,2026-09-17T07:46:05.315Z
DEMO-DEV-6242,132,2022-10-02T17:59:23.075Z,2026-09-23T01:57:49.172Z
DEMO-DEV-6299,132,2022-10-17T08:05:27.864Z,2026-09-01T16:16:45.578Z
DEMO-DEV-6452,132,2022-11-22T10:56:22.246Z,2026-09-11T02:07:34.914Z
DEMO-DEV-6557,132,2022-10-02T10:28:53.785Z,2026-09-04T08:15:14.224Z
DEMO-DEV-6666,132,2022-10-05T17:55:38.354Z,2026-09-28T02:54:35.568Z
DEMO-DEV-6668,132,2022-10-05T19:53:03.816Z,2026-09-30T04:46:52.668Z
DEMO-DEV-6864,132,2022-10-06T03:25:42.443Z,2026-09-27T07:21:37.885Z
DEMO-DEV-7108,132,2022-10-18T20:30:43.208Z,2026-09-30T00:03:39.472Z
DEMO-DEV-7248,132,2022-10-07T17:34:45.077Z,2026-08-30T01:10:26.806Z
DEMO-DEV-7375,132,2022-10-08T07:49:51.205Z,2026-09-11T11:22:34.221Z
DEMO-DEV-7550,132,2022-10-21T23:05:04.160Z,2026-09-28T10:44:42.578Z
DEMO-DEV-7662,132,2022-10-04T05:29:50.300Z,2026-09-30T00:02:01.172Z
DEMO-DEV-7744,132,2022-10-22T09:42:14.655Z,2026-08-28T08:43:14.682Z
DEMO-DEV-7762,132,2022-10-15T09:08:33.325Z,2026-08-18T02:31:35.864Z
DEMO-DEV-7876,132,2022-10-22T12:54:25.913Z,2026-09-18T18:38:05.190Z
DEMO-DEV-8082,132,2022-10-08T06:53:52.989Z,2026-09-25T18:50:25.442Z
DEMO-DEV-8148,132,2022-10-01T12:03:11.204Z,2026-09-18T00:41:26.867Z
DEMO-DEV-8157,132,2022-11-17T15:53:03.252Z,2026-09-20T19:48:08.646Z
DEMO-DEV-8473,132,2022-11-15T14:59:27.754Z,2026-09-18T10:07:20.307Z
DEMO-DEV-8506,132,2022-10-21T04:51:40.225Z,2026-09-19T15:44:35.172Z
DEMO-DEV-8551,132,2022-10-05T04:23:03.648Z,2026-09-26T19:14:00.485Z
DEMO-DEV-8754,132,2022-10-01T22:26:41.639Z,2026-08-08T00:53:23.612Z
DEMO-DEV-9222,132,2022-10-20T21:40:55.319Z,2026-09-27T20:37:42.891Z
DEMO-DEV-9358,132,2022-10-07T17:12:01.021Z,2026-07-23T10:06:18.368Z
DEMO-DEV-9600,132,2022-10-01T18:50:39.752Z,2026-08-24T14:44:43.863Z
DEMO-DEV-9979,132,2022-11-04T06:08:47.597Z,2026-09-24T01:40:50.914Z
DEMO-DEV-0005,131,2022-10-02T21:19:52.646Z,2026-09-29T13:07:21.786Z
DEMO-DEV-0298,131,2022-10-05T20:42:23.234Z,2026-09-26T14:52:16.913Z
DEMO-DEV-0589,131,2022-10-11T15:03:55.843Z,2026-09-24T13:15:09.218Z
DEMO-DEV-0691,131,2022-10-02T04:22:53.138Z,2026-09-27T22:00:32.929Z
DEMO-DEV-0961,131,2022-10-09T15:28:09.846Z,2026-09-25T09:04:37.302Z
DEMO-DEV-1234,131,2022-10-03T00:22:29.618Z,2026-09-18T16:20:19.599Z
DEMO-DEV-1316,131,2022-10-02T12:24:53.555Z,2026-09-20T10:30:15.727Z
DEMO-DEV-1409,131,2022-12-30T10:22:10.307Z,2026-09-20T16:04:06.879Z
DEMO-DEV-1717,131,2022-10-01T18:26:05.785Z,2026-09-13T20:36:55.969Z
DEMO-DEV-1813,131,2022-10-06T07:56:20.864Z,2026-09-08T13:51:50.204Z
DEMO-DEV-1859,131,2022-10-15T15:21:12.015Z,2026-09-10T08:28:56.505Z
DEMO-DEV-1865,131,2022-10-02T04:10:46.232Z,2026-09-25T02:15:17.817Z
DEMO-DEV-2213,131,2022-10-08T11:11:54.470Z,2026-09-27T14:52:08.524Z
DEMO-DEV-2244,131,2022-10-02T12:10:29.370Z,2026-09-05T17:04:54.238Z
DEMO-DEV-2290,131,2022-10-06T14:43:54.165Z,2026-09-09T18:44:41.014Z
DEMO-DEV-2295,131,2022-10-13T10:24:59.913Z,2026-09-26T23:28:52.735Z
DEMO-DEV-2310,131,2022-10-06T11:53:09.968Z,2026-09-23T04:40:42.891Z
DEMO-DEV-2538,131,2022-11-08T02:00:38.472Z,2026-09-22T03:42:18.864Z
DEMO-DEV-2553,131,2022-10-05T17:44:06.591Z,2026-09-26T08:28:18.784Z
DEMO-DEV-2845,131,2022-10-03T06:26:10.365Z,2026-09-25T20:42:04.503Z
DEMO-DEV-2879,131,2022-10-03T22:59:22.204Z,2026-09-30T05:59:07.368Z
DEMO-DEV-2976,131,2022-10-06T04:27:53.370Z,2026-08-25T21:39:33.428Z
DEMO-DEV-3139,131,2022-10-05T00:54:23.337Z,2026-09-23T20:11:53.917Z
DEMO-DEV-3182,131,2022-10-15T11:27:56.513Z,2026-09-27T11:34:45.870Z
DEMO-DEV-3184,131,2022-10-28T23:45:01.232Z,2026-09-15T14:54:30.765Z
DEMO-DEV-3185,131,2022-10-23T07:28:09.752Z,2026-09-28T21:13:20.503Z
DEMO-DEV-3334,131,2022-10-14T18:15:33.189Z,2026-08-13T07:33:22.288Z
DEMO-DEV-3573,131,2022-10-11T23:58:27.892Z,2026-09-24T06:36:51.658Z
DEMO-DEV-3638,131,2022-10-08T02:34:31.803Z,2026-09-28T12:18:24.289Z
DEMO-DEV-3920,131,2022-10-01T17:16:53.929Z,2026-09-22T04:44:50.816Z
DEMO-DEV-3939,131,2022-10-16T06:24:37.172Z,2026-09-29T10:22:54.524Z
DEMO-DEV-4036,131,2022-10-12T16:33:56.466Z,2026-09-02T21:31:18.719Z
DEMO-DEV-4141,131,2022-10-23T23:35:30.513Z,2026-09-29T01:58:45.505Z
DEMO-DEV-4712,131,2022-10-07T01:44:08.225Z,2026-09-28T15:10:18.442Z
DEMO-DEV-4769,131,2022-10-17T00:04:47.325Z,2026-09-12T13:33:37.254Z
DEMO-DEV-4783,131,2022-10-22T21:05:50.014Z,2026-09-25T03:25:22.352Z
DEMO-DEV-4884,131,2022-10-02T03:51:13.208Z,2026-09-10T01:08:06.817Z
DEMO-DEV-4969,131,2022-10-02T21:19:23.969Z,2026-09-29T02:34:22.352Z
DEMO-DEV-5001,131,2022-10-12T02:05:16.021Z,2026-09-11T12:49:36.352Z
DEMO-DEV-5091,131,2022-10-08T23:27:26.224Z,2026-09-24T04:15:56.754Z
DEMO-DEV-5158,131,2022-10-05T11:19:47.714Z,2026-09-08T14:36:41.160Z
DEMO-DEV-5185,131,2022-10-01T23:41:09.203Z,2026-09-21T20:02:44.885Z
DEMO-DEV-5221,131,2022-10-15T13:58:20.300Z,2026-09-22T13:22:01.352Z
DEMO-DEV-5268,131,2022-10-08T01:23:00.658Z,2026-09-25T21:23:50.965Z
DEMO-DEV-5589,131,2022-10-09T12:43:06.976Z,2026-09-29T14:37:56.605Z
DEMO-DEV-5603,131,2022-10-02T19:22:39.646Z,2026-09-20T07:36:47.636Z
DEMO-DEV-5871,131,2022-10-17T17:08:58.948Z,2026-09-29T03:28:52.063Z
DEMO-DEV-6144,131,2022-10-16T12:17:17.968Z,2026-09-12T09:53:22.485Z
DEMO-DEV-6267,131,2022-10-09T20:16:04.014Z,2026-09-11T19:09:55.366Z
DEMO-DEV-6282,131,2022-11-18T03:57:39.192Z,2026-08-11T02:28:56.390Z
DEMO-DEV-6335,131,2022-10-03T04:20:48.782Z,2026-09-28T12:10:59.841Z
DEMO-DEV-6345,131,2022-10-14T22:19:11.735Z,2026-09-29T16:47:16.272Z
DEMO-DEV-6532,131,2022-10-02T10:21:59.204Z,2026-09-20T04:31:27.272Z
DEMO-DEV-6544,131,2022-10-03T15:11:07.272Z,2026-09-19T21:13:13.208Z
DEMO-DEV-6798,131,2022-10-09T03:08:19.302Z,2026-09-19T01:46:08.455Z
DEMO-DEV-7181,131,2022-10-01T23:58:02.234Z,2026-09-02T02:45:47.965Z
DEMO-DEV-7207,131,2022-10-03T04:45:04.658Z,2026-09-14T02:28:45.989Z
DEMO-DEV-7388,131,2022-10-15T04:32:10.208Z,2026-09-21T20:38:23.688Z
DEMO-DEV-7451,131,2022-10-17T13:50:28.354Z,2026-09-18T10:53:23.252Z
DEMO-DEV-7465,131,2022-10-18T09:00:32.792Z,2026-09-13T19:00:01.172Z
DEMO-DEV-7539,131,2022-10-03T00:08:52.063Z,2026-09-28T01:30:09.203Z
DEMO-DEV-7696,131,2022-10-17T06:01:11.618Z,2026-09-26T16:53:18.004Z
DEMO-DEV-7776,131,2022-10-01T15:10:47.239Z,2026-09-01T14:44:10.968Z
DEMO-DEV-7879,131,2022-11-04T11:42:51.014Z,2026-09-28T05:45:14.224Z
DEMO-DEV-8051,131,2022-10-24T15:37:08.345Z,2026-09-08T06:46:50.325Z
DEMO-DEV-8116,131,2022-10-08T18:16:47.150Z,2026-09-24T14:52:18.692Z
DEMO-DEV-8248,131,2022-10-12T09:35:23.646Z,2026-09-28T14:46:13.014Z
DEMO-DEV-8363,131,2022-10-16T15:27:56.402Z,2026-09-15T09:08:07.123Z
DEMO-DEV-8389,131,2022-10-02T15:10:08.926Z,2026-09-20T01:23:14.204Z
DEMO-DEV-8534,131,2022-11-16T22:18:50.221Z,2026-09-28T19:53:55.443Z
DEMO-DEV-8763,131,2022-10-05T12:17:49.354Z,2026-09-23T18:53:00.865Z
DEMO-DEV-9172,131,2022-10-02T08:08:54.236Z,2026-09-17T05:28:31.307Z
DEMO-DEV-9194,131,2022-10-30T13:14:08.246Z,2026-09-16T13:08:52.646Z
DEMO-DEV-9254,131,2022-10-16T20:21:51.519Z,2026-09-11T10:58:10.612Z
DEMO-DEV-9456,131,2022-10-06T19:26:38.308Z,2026-09-27T07:15:08.139Z
DEMO-DEV-9491,131,2022-10-10T20:01:25.784Z,2026-09-19T04:58:22.462Z
DEMO-DEV-9597,131,2022-10-07T14:35:19.989Z,2026-09-17T17:14:26.366Z
DEMO-DEV-9895,131,2022-10-06T04:12:31.668Z,2026-09-30T00:19:56.040Z
DEMO-DEV-0021,130,2022-10-17T02:19:42.462Z,2026-09-27T06:13:45.354Z
DEMO-DEV-0190,130,2022-10-23T08:56:40.646Z,2026-09-10T01:38:37.345Z
DEMO-DEV-0352,130,2022-10-12T14:04:27.472Z,2026-09-16T19:20:08.075Z
DEMO-DEV-0484,130,2022-10-13T07:00:28.226Z,2026-09-24T03:35:29.446Z
DEMO-DEV-0526,130,2022-10-20T20:26:43.268Z,2026-09-12T06:49:20.298Z
DEMO-DEV-0608,130,2022-10-05T12:56:21.225Z,2026-09-25T21:22:01.646Z
DEMO-DEV-0797,130,2022-10-02T10:53:57.300Z,2026-09-08T07:05:51.688Z
DEMO-DEV-0806,130,2022-10-08T01:41:48.519Z,2026-08-31T08:57:36.403Z
DEMO-DEV-0881,130,2022-11-04T20:48:51.612Z,2026-09-24T20:56:33.370Z
DEMO-DEV-1253,130,2022-10-12T07:39:10.189Z,2026-08-08T08:27:58.063Z
DEMO-DEV-1417,130,2022-10-02T22:06:02.014Z,2026-09-02T17:02:22.288Z
DEMO-DEV-1424,130,2022-10-10T23:00:45.612Z,2026-08-29T03:32:55.394Z
DEMO-DEV-1540,130,2022-10-01T13:39:40.867Z,2026-09-06T04:53:27.391Z
DEMO-DEV-1716,130,2022-10-26T01:58:06.394Z,2026-09-26T05:42:01.666Z
DEMO-DEV-1795,130,2022-10-02T01:22:17.443Z,2026-09-28T19:35:58.804Z
DEMO-DEV-1912,130,2022-10-25T17:10:09.189Z,2026-09-16T19:24:58.497Z
DEMO-DEV-2104,130,2022-11-10T20:57:54.298Z,2026-09-20T15:03:31.653Z
DEMO-DEV-2427,130,2022-10-13T20:31:06.976Z,2026-09-05T19:36:17.190Z
DEMO-DEV-2450,130,2022-10-26T03:37:35.493Z,2026-09-08T15:10:19.646Z
DEMO-DEV-2717,130,2022-10-12T03:28:07.446Z,2026-09-27T02:53:29.497Z
DEMO-DEV-3057,130,2022-10-20T10:59:11.778Z,2026-09-29T18:31:03.224Z
DEMO-DEV-3100,130,2022-10-13T16:18:15.090Z,2026-09-17T04:19:02.505Z
DEMO-DEV-3509,130,2022-10-12T07:23:03.225Z,2026-09-16T01:24:27.123Z
DEMO-DEV-3591,130,2022-10-01T16:37:48.976Z,2026-09-21T23:36:06.203Z
DEMO-DEV-3625,130,2022-10-27T04:17:13.987Z,2026-09-23T21:12:47.370Z
DEMO-DEV-3826,130,2022-10-02T07:53:09.442Z,2026-09-29T01:39:43.428Z
DEMO-DEV-3870,130,2022-10-08T18:31:25.027Z,2026-08-23T16:16:20.524Z
DEMO-DEV-4115,130,2022-10-05T11:36:11.584Z,2026-09-16T15:49:38.387Z
DEMO-DEV-4249,130,2022-10-14T23:47:05.863Z,2026-09-21T08:43:45.402Z
DEMO-DEV-4490,130,2022-10-18T23:07:00.503Z,2026-09-26T17:03:21.190Z
DEMO-DEV-4629,130,2022-10-09T23:58:46.692Z,2026-09-15T19:26:03.443Z
DEMO-DEV-4688,130,2022-10-06T07:50:29.172Z,2026-09-09T13:51:23.357Z
DEMO-DEV-4842,130,2022-10-23T16:38:36.607Z,2026-09-28T17:54:33.138Z
DEMO-DEV-5101,130,2022-10-03T02:59:39.891Z,2026-09-23T18:53:12.289Z
DEMO-DEV-5136,130,2022-10-08T06:12:56.192Z,2026-09-19T07:12:50.778Z
DEMO-DEV-5203,130,2022-10-01T19:20:04.859Z,2026-09-21T16:15:28.523Z
DEMO-DEV-5229,130,2022-10-21T09:12:46.591Z,2026-09-12T01:17:04.785Z
DEMO-DEV-5324,130,2022-10-01T13:46:41.870Z,2026-09-29T01:10:13.557Z
DEMO-DEV-5417,130,2022-10-16T00:17:47.785Z,2026-09-08T03:31:59.250Z
DEMO-DEV-5442,130,2022-10-16T23:46:02.968Z,2026-09-21T08:24:57.968Z
DEMO-DEV-5449,130,2022-10-07T08:31:44.057Z,2026-09-26T09:04:48.816Z
DEMO-DEV-5659,130,2022-10-01T20:00:16.793Z,2026-09-05T00:19:43.929Z
DEMO-DEV-5789,130,2022-10-19T15:03:36.337Z,2026-08-14T08:16:40.803Z
DEMO-DEV-5886,130,2022-10-09T19:41:20.917Z,2026-09-22T14:21:43.682Z
DEMO-DEV-6110,130,2022-11-13T05:06:05.913Z,2026-09-24T09:03:06.021Z
DEMO-DEV-6159,130,2022-10-16T00:21:46.612Z,2026-09-18T09:06:47.870Z
DEMO-DEV-6256,130,2022-10-04T01:21:37.230Z,2026-09-27T15:53:27.291Z
DEMO-DEV-6819,130,2022-10-14T05:58:56.523Z,2026-09-27T23:27:28.719Z
DEMO-DEV-7057,130,2022-10-03T00:27:44.045Z,2026-09-28T07:56:35.291Z
DEMO-DEV-7132,130,2022-10-06T15:58:43.272Z,2026-09-30T01:25:51.778Z
DEMO-DEV-7309,130,2022-10-01T11:17:34.021Z,2026-09-21T14:09:10.873Z
DEMO-DEV-7401,130,2022-10-19T15:13:13.648Z,2026-09-27T21:13:12.368Z
DEMO-DEV-7455,130,2022-10-05T04:51:30.370Z,2026-09-29T14:32:25.500Z
DEMO-DEV-7597,130,2022-10-25T04:22:13.026Z,2026-09-16T12:25:16.368Z
DEMO-DEV-7653,130,2022-10-13T11:39:43.578Z,2026-08-18T06:16:22.824Z
DEMO-DEV-7756,130,2022-10-11T22:40:33.842Z,2026-09-09T23:34:38.455Z
DEMO-DEV-8005,130,2022-10-23T21:37:42.873Z,2026-09-24T19:33:19.173Z
DEMO-DEV-8075,130,2022-10-13T04:17:00.591Z,2026-09-22T18:37:21.865Z
DEMO-DEV-8097,130,2022-10-04T21:45:27.666Z,2026-09-14T18:25:37.134Z
DEMO-DEV-8156,130,2022-10-05T23:21:00.859Z,2026-08-28T17:52:17.460Z
DEMO-DEV-8269,130,2022-11-08T06:55:00.221Z,2026-09-30T03:08:57.403Z
DEMO-DEV-8283,130,2022-10-01T21:17:35.915Z,2026-09-15T23:54:14.885Z
DEMO-DEV-8347,130,2022-10-02T04:22:27.345Z,2026-09-28T09:16:04.692Z
DEMO-DEV-8503,130,2022-10-05T01:11:38.658Z,2026-09-10T00:55:39.264Z
DEMO-DEV-8667,130,2022-10-09T23:01:27.804Z,2026-09-17T06:13:35.415Z
DEMO-DEV-8726,130,2022-10-11T01:49:23.337Z,2026-08-22T14:48:05.168Z
DEMO-DEV-8827,130,2022-10-27T18:22:40.653Z,2026-09-23T22:19:02.968Z
DEMO-DEV-8862,130,2022-10-09T12:05:48.555Z,2026-08-14T13:25:45.253Z
DEMO-DEV-8883,130,2022-10-02T15:10:36.556Z,2026-08-27T23:38:30.841Z
DEMO-DEV-8972,130,2022-10-01T15:19:49.993Z,2026-08-29T23:48:30.653Z
DEMO-DEV-9065,130,2022-10-13T21:42:09.250Z,2026-09-07T09:52:36.183Z
DEMO-DEV-9130,130,2022-10-04T01:10:45.160Z,2026-09-30T00:58:09.391Z
DEMO-DEV-9137,130,2022-10-07T02:15:39.026Z,2026-09-05T00:53:51.591Z
DEMO-DEV-9207,130,2022-10-09T11:45:22.891Z,2026-09-29T20:37:51.914Z
DEMO-DEV-9477,130,2022-10-03T04:57:53.714Z,2026-09-27T02:20:02.915Z
DEMO-DEV-9595,130,2022-10-23T11:49:10.527Z,2026-09-17T23:06:04.913Z
DEMO-DEV-9736,130,2022-10-09T14:04:56.307Z,2026-09-10T09:17:10.765Z
DEMO-DEV-9742,130,2022-10-03T23:08:01.785Z,2026-09-26T22:40:50.714Z
DEMO-DEV-9821,130,2022-10-07T17:13:08.123Z,2026-09-19T11:44:50.793Z
DEMO-DEV-9865,130,2022-11-03T08:00:59.167Z,2026-09-05T06:26:30.190Z
DEMO-DEV-9950,130,2022-11-01T20:40:44.466Z,2026-09-22T04:10:14.319Z
DEMO-DEV-0069,129,2022-10-04T14:12:23.868Z,2026-09-26T18:09:00.172Z
DEMO-DEV-0098,129,2022-10-14T15:13:27.870Z,2026-09-21T18:47:07.014Z
DEMO-DEV-0126,129,2022-10-08T14:42:53.867Z,2026-09-28T07:12:36.238Z
DEMO-DEV-0314,129,2022-11-18T21:28:12.793Z,2026-09-19T13:17:12.208Z
DEMO-DEV-0323,129,2022-10-10T22:29:21.949Z,2026-09-25T05:28:31.315Z
DEMO-DEV-0431,129,2022-10-27T03:47:35.500Z,2026-09-27T06:52:20.765Z
DEMO-DEV-0508,129,2022-10-20T04:02:08.702Z,2026-09-29T08:53:48.077Z
DEMO-DEV-0545,129,2022-10-07T16:43:22.337Z,2026-09-20T12:17:35.402Z
DEMO-DEV-0633,129,2022-10-01T16:18:15.470Z,2026-09-24T06:56:59.397Z
DEMO-DEV-0704,129,2022-10-04T15:21:58.308Z,2026-08-31T11:28:19.785Z
DEMO-DEV-0767,129,2022-10-10T07:07:05.508Z,2026-09-22T21:19:00.300Z
DEMO-DEV-1078,129,2022-10-04T10:13:21.123Z,2026-09-28T22:49:41.692Z
DEMO-DEV-1625,129,2022-10-11T20:00:15.792Z,2026-09-27T19:16:24.527Z
DEMO-DEV-1629,129,2022-10-03T16:58:52.917Z,2026-09-22T19:53:02.969Z
DEMO-DEV-1690,129,2022-10-01T17:36:55.653Z,2026-09-18T21:36:39.612Z
DEMO-DEV-1868,129,2022-10-03T09:43:12.842Z,2026-09-17T18:56:07.968Z
DEMO-DEV-2079,129,2022-10-02T22:16:12.503Z,2026-09-23T06:10:13.354Z
DEMO-DEV-2155,129,2022-10-10T04:14:29.218Z,2026-09-08T22:46:21.688Z
DEMO-DEV-2237,129,2022-10-12T07:35:46.189Z,2026-09-28T17:52:35.646Z
DEMO-DEV-2258,129,2022-10-08T14:38:05.497Z,2026-09-13T00:44:20.618Z
DEMO-DEV-2342,129,2022-10-26T11:14:29.688Z,2026-08-25T09:41:51.655Z
DEMO-DEV-2429,129,2022-10-10T21:41:12.026Z,2026-09-17T16:17:31.037Z
DEMO-DEV-2527,129,2022-10-08T11:40:53.485Z,2026-09-28T22:15:15.446Z
DEMO-DEV-2568,129,2022-10-17T22:09:55.612Z,2026-09-16T06:48:16.004Z
DEMO-DEV-2635,129,2022-10-13T16:47:40.415Z,2026-09-22T05:29:55.466Z
DEMO-DEV-2661,129,2022-11-04T20:20:47.224Z,2026-09-25T01:57:51.287Z
DEMO-DEV-2974,129,2022-10-03T03:29:23.612Z,2026-09-29T01:12:00.891Z
DEMO-DEV-3650,129,2022-10-02T04:50:53.073Z,2026-09-28T06:42:14.653Z
DEMO-DEV-3775,129,2022-10-08T09:17:54.390Z,2026-09-13T19:05:42.702Z
DEMO-DEV-3814,129,2022-10-06T22:32:06.027Z,2026-09-29T13:23:42.792Z
DEMO-DEV-3973,129,2022-10-28T03:00:56.134Z,2026-09-29T11:33:03.688Z
DEMO-DEV-4080,129,2022-10-05T23:01:05.508Z,2026-09-21T01:59:02.428Z
DEMO-DEV-4095,129,2022-10-04T00:21:54.778Z,2026-09-19T02:58:45.950Z
DEMO-DEV-4152,129,2022-10-04T08:54:19.302Z,2026-09-14T02:32:24.368Z
DEMO-DEV-4255,129,2022-10-09T00:11:50.513Z,2026-08-27T08:51:04.289Z
DEMO-DEV-4332,129,2022-10-14T14:19:21.172Z,2026-09-24T22:00:32.851Z
DEMO-DEV-4333,129,2022-10-04T12:18:44.337Z,2026-09-24T10:46:21.817Z
DEMO-DEV-4391,129,2022-11-02T22:32:58.799Z,2026-09-29T17:25:56.915Z
DEMO-DEV-4557,129,2022-10-02T22:09:29.394Z,2026-09-30T04:42:12.653Z
DEMO-DEV-4564,129,2022-10-29T19:36:43.234Z,2026-09-19T14:38:49.841Z
DEMO-DEV-4808,129,2022-10-23T22:22:50.865Z,2026-09-29T07:04:45.442Z
DEMO-DEV-5065,129,2022-10-12T17:26:34.851Z,2026-09-27T06:16:02.403Z
DEMO-DEV-5075,129,2022-10-25T16:36:31.021Z,2026-09-25T02:27:42.352Z
DEMO-DEV-5191,129,2022-10-09T02:46:47.914Z,2026-09-26T15:51:27.968Z
DEMO-DEV-5230,129,2022-10-01T16:11:07.040Z,2026-09-08T03:24:55.653Z
DEMO-DEV-5246,129,2022-10-12T17:02:30.816Z,2026-09-19T00:12:15.785Z
DEMO-DEV-5676,129,2022-10-20T12:50:09.253Z,2026-09-17T14:22:08.864Z
DEMO-DEV-5755,129,2022-10-17T13:24:13.597Z,2026-09-26T11:47:35.218Z
DEMO-DEV-5779,129,2022-10-12T14:06:05.045Z,2026-07-18T17:18:17.238Z
DEMO-DEV-5798,129,2022-10-04T08:15:44.556Z,2026-09-17T23:38:43.253Z
DEMO-DEV-5841,129,2022-10-11T15:17:55.868Z,2026-09-05T01:37:52.537Z
DEMO-DEV-5887,129,2022-10-16T16:11:29.160Z,2026-09-18T13:40:31.203Z
DEMO-DEV-6029,129,2022-10-05T23:47:02.415Z,2026-09-23T16:29:03.989Z
DEMO-DEV-6185,129,2022-10-19T09:12:13.239Z,2026-09-25T23:23:52.666Z
DEMO-DEV-6216,129,2022-10-02T04:12:47.524Z,2026-08-21T17:11:05.870Z
DEMO-DEV-6325,129,2022-10-02T21:40:05.172Z,2026-09-24T05:09:48.472Z
DEMO-DEV-6435,129,2022-10-04T07:38:54.080Z,2026-09-11T01:08:57.785Z
DEMO-DEV-6450,129,2022-11-17T21:30:23.692Z,2026-09-26T00:31:39.300Z
DEMO-DEV-6536,129,2022-10-05T09:33:15.676Z,2026-09-29T01:41:49.891Z
DEMO-DEV-6563,129,2022-11-04T09:59:56.252Z,2026-09-25T13:37:30.568Z
DEMO-DEV-6572,129,2022-10-10T15:05:16.885Z,2026-09-28T21:43:05.535Z
DEMO-DEV-6758,129,2022-10-13T12:05:51.817Z,2026-09-14T22:51:18.497Z
DEMO-DEV-6776,129,2022-10-05T02:29:26.917Z,2026-09-27T11:55:34.618Z
DEMO-DEV-6879,129,2022-10-03T09:32:39.792Z,2026-08-09T22:22:55.203Z
DEMO-DEV-6927,129,2022-10-21T05:46:29.646Z,2026-09-29T12:20:55.824Z
DEMO-DEV-6935,129,2022-10-19T05:31:40.402Z,2026-09-04T07:58:22.989Z
DEMO-DEV-6953,129,2022-10-06T14:41:59.354Z,2026-09-28T23:44:44.493Z
DEMO-DEV-7007,129,2022-10-16T20:53:48.409Z,2026-09-18T20:41:58.817Z
DEMO-DEV-7176,129,2022-10-12T13:50:20.250Z,2026-09-29T09:12:46.785Z
DEMO-DEV-7234,129,2022-10-21T18:17:56.948Z,2026-09-24T20:16:07.021Z
DEMO-DEV-7286,129,2022-10-01T11:21:29.443Z,2026-09-15T02:09:56.795Z
DEMO-DEV-7343,129,2022-10-02T18:13:40.792Z,2026-09-23T06:45:30.527Z
DEMO-DEV-7344,129,2022-10-10T06:21:29.668Z,2026-09-21T13:00:25.599Z
DEMO-DEV-7488,129,2022-10-19T19:44:34.778Z,2026-09-12T23:19:30.155Z
DEMO-DEV-7524,129,2022-10-06T08:25:19.057Z,2026-09-13T12:21:44.989Z
DEMO-DEV-7637,129,2022-10-09T01:37:11.307Z,2026-09-25T06:03:59.298Z
DEMO-DEV-7767,129,2022-10-21T18:52:23.785Z,2026-09-24T05:51:31.879Z
DEMO-DEV-7839,129,2022-10-13T03:40:12.230Z,2026-09-25T20:45:09.555Z
DEMO-DEV-7958,129,2022-10-06T05:40:58.204Z,2026-09-20T17:52:36.080Z
DEMO-DEV-8196,129,2022-10-20T18:19:41.778Z,2026-09-20T04:05:39.160Z
DEMO-DEV-8266,129,2022-10-02T08:25:11.513Z,2026-09-10T07:03:39.676Z
DEMO-DEV-8425,129,2022-10-17T19:24:12.702Z,2026-09-29T01:03:41.397Z
DEMO-DEV-8451,129,2022-10-25T10:05:19.077Z,2026-08-19T07:52:03.682Z
DEMO-DEV-8466,129,2022-10-11T18:07:23.929Z,2026-09-28T18:16:52.455Z
DEMO-DEV-8680,129,2022-10-12T07:49:03.390Z,2026-09-28T16:53:06.462Z
DEMO-DEV-8735,129,2022-10-02T17:21:39.470Z,2026-09-30T02:22:12.524Z
DEMO-DEV-8863,129,2022-10-25T19:55:29.738Z,2026-09-24T17:39:21.727Z
DEMO-DEV-8990,129,2022-10-10T03:04:47.254Z,2026-09-18T10:14:03.446Z
DEMO-DEV-9138,129,2022-10-15T01:32:46.914Z,2026-09-17T19:01:08.892Z
DEMO-DEV-9158,129,2022-10-18T17:12:38.839Z,2026-09-28T07:53:10.527Z
DEMO-DEV-9203,129,2022-10-11T23:41:57.253Z,2026-09-29T01:12:15.493Z
DEMO-DEV-9281,129,2022-10-05T18:45:11.203Z,2026-09-24T00:52:34.232Z
DEMO-DEV-9525,129,2022-10-17T10:29:32.239Z,2026-09-24T01:21:58.073Z
DEMO-DEV-9532,129,2022-10-06T18:04:11.015Z,2026-09-12T01:17:28.914Z
DEMO-DEV-9580,129,2022-10-06T10:13:31.688Z,2026-08-12T16:24:50.591Z
DEMO-DEV-9730,129,2022-10-07T15:56:26.394Z,2026-09-26T22:49:49.591Z
DEMO-DEV-0003,128,2022-10-01T12:46:40.203Z,2026-09-26T21:18:11.868Z
DEMO-DEV-0007,128,2022-10-14T01:46:48.203Z,2026-09-29T00:42:29.387Z
DEMO-DEV-0284,128,2022-10-03T08:47:21.080Z,2026-09-09T17:14:00.462Z
DEMO-DEV-0316,128,2022-10-10T06:41:21.846Z,2026-09-18T21:53:48.612Z
DEMO-DEV-0369,128,2022-10-03T20:23:16.246Z,2026-09-25T18:27:21.754Z
DEMO-DEV-0511,128,2022-10-24T18:05:56.817Z,2026-09-29T15:01:48.976Z
DEMO-DEV-0558,128,2022-10-30T04:03:02.989Z,2026-09-05T22:56:12.004Z
DEMO-DEV-0578,128,2022-10-18T23:45:20.646Z,2026-09-24T23:17:32.160Z
DEMO-DEV-0653,128,2022-10-09T11:20:37.778Z,2026-09-23T14:48:36.993Z
DEMO-DEV-0696,128,2022-10-15T10:24:21.387Z,2026-09-20T14:54:13.568Z
DEMO-DEV-0926,128,2022-10-13T20:46:01.646Z,2026-09-21T03:24:01.795Z
DEMO-DEV-0929,128,2022-11-04T05:48:48.655Z,2026-09-20T04:27:37.211Z
DEMO-DEV-1005,128,2022-10-06T18:26:27.190Z,2026-09-07T07:07:04.134Z
DEMO-DEV-1073,128,2022-10-04T22:07:28.948Z,2026-09-27T17:48:36.661Z
DEMO-DEV-1126,128,2022-10-08T20:45:54.040Z,2026-09-22T19:27:27.892Z
DEMO-DEV-1186,128,2022-10-05T06:54:26.402Z,2026-09-29T07:04:42.597Z
DEMO-DEV-1229,128,2022-10-08T07:44:45.134Z,2026-09-28T06:49:46.352Z
DEMO-DEV-1276,128,2022-12-05T15:21:36.442Z,2026-08-27T20:06:08.524Z
DEMO-DEV-1307,128,2022-10-15T07:46:32.879Z,2026-09-29T07:48:57.863Z
DEMO-DEV-1347,128,2022-10-16T10:39:56.816Z,2026-09-08T05:44:56.926Z
DEMO-DEV-1365,128,2022-10-02T11:15:55.614Z,2026-09-20T20:12:22.692Z
DEMO-DEV-1385,128,2022-10-03T12:48:42.134Z,2026-08-30T06:37:24.975Z
DEMO-DEV-1494,128,2022-11-02T14:16:18.867Z,2026-09-25T10:05:49.785Z
DEMO-DEV-1525,128,2022-10-17T22:42:45.873Z,2026-09-17T03:19:25.987Z
DEMO-DEV-1697,128,2022-10-10T18:45:03.778Z,2026-09-28T13:55:37.397Z
DEMO-DEV-1698,128,2022-10-15T07:36:08.428Z,2026-09-21T19:15:04.668Z
DEMO-DEV-1753,128,2022-10-02T08:32:56.591Z,2026-09-22T15:51:34.989Z
DEMO-DEV-1798,128,2022-10-24T22:04:15.391Z,2026-09-23T02:53:32.155Z
DEMO-DEV-1810,128,2022-10-05T04:33:58.239Z,2026-09-25T17:12:28.307Z
DEMO-DEV-1945,128,2022-10-06T18:59:54.612Z,2026-08-22T13:45:11.075Z
DEMO-DEV-1967,128,2022-10-28T17:24:46.966Z,2026-09-24T06:16:17.648Z
DEMO-DEV-2010,128,2022-10-08T13:19:23.192Z,2026-09-27T07:33:01.545Z
DEMO-DEV-2126,128,2022-10-01T16:28:45.884Z,2026-09-13T10:12:43.221Z
DEMO-DEV-2175,128,2022-10-04T08:28:25.077Z,2026-09-20T20:44:59.692Z
DEMO-DEV-2229,128,2022-10-02T07:27:30.370Z,2026-08-29T20:17:41.778Z
DEMO-DEV-2251,128,2022-10-05T21:02:07.799Z,2026-09-19T02:18:01.138Z
DEMO-DEV-2287,128,2022-10-11T19:07:55.394Z,2026-09-23T19:39:53.968Z
DEMO-DEV-2313,128,2022-10-04T08:49:45.648Z,2026-09-25T12:34:58.636Z
DEMO-DEV-2732,128,2022-10-01T22:00:11.782Z,2026-09-21T05:44:58.655Z
DEMO-DEV-2782,128,2022-11-14T03:14:27.692Z,2026-09-24T07:29:45.950Z
DEMO-DEV-2792,128,2022-10-04T21:22:54.224Z,2026-09-26T07:39:25.646Z
DEMO-DEV-2806,128,2022-10-24T05:47:17.917Z,2026-09-25T07:24:52.915Z
DEMO-DEV-2951,128,2022-11-11T21:23:18.646Z,2026-09-10T13:31:49.173Z
DEMO-DEV-3224,128,2022-10-01T09:48:27.120Z,2026-08-12T11:04:29.865Z
DEMO-DEV-3318,128,2022-10-12T06:36:14.205Z,2026-09-18T07:18:29.784Z
DEMO-DEV-3337,128,2022-10-04T04:47:17.455Z,2026-08-12T11:24:24.221Z
DEMO-DEV-3473,128,2022-10-02T02:27:33.806Z,2026-09-23T21:46:35.612Z
DEMO-DEV-3494,128,2022-10-31T01:45:37.391Z,2026-09-25T19:51:13.168Z
DEMO-DEV-3517,128,2022-10-03T05:21:31.287Z,2026-09-15T04:58:43.192Z
DEMO-DEV-3545,128,2022-10-13T14:44:22.226Z,2026-09-26T19:05:39.224Z
DEMO-DEV-3609,128,2022-10-04T04:31:05.824Z,2026-09-26T13:41:15.443Z
DEMO-DEV-3624,128,2022-10-03T04:22:35.557Z,2026-09-12T18:56:40.523Z
DEMO-DEV-3648,128,2022-10-02T01:04:26.394Z,2026-09-27T07:15:36.470Z
DEMO-DEV-3938,128,2022-10-02T03:08:38.545Z,2026-08-30T22:32:58.403Z
DEMO-DEV-3997,128,2022-11-01T16:46:40.428Z,2026-08-22T12:49:34.778Z
DEMO-DEV-4029,128,2022-10-19T15:53:24.682Z,2026-09-22T16:57:54.976Z
DEMO-DEV-4033,128,2022-10-22T01:51:38.387Z,2026-08-20T04:10:46.557Z
DEMO-DEV-4058,128,2022-10-07T17:37:23.710Z,2026-08-23T18:44:04.658Z
DEMO-DEV-4074,128,2022-10-15T03:00:04.370Z,2026-09-22T21:48:05.975Z
DEMO-DEV-4194,128,2022-10-20T11:13:42.836Z,2026-09-08T04:46:12.204Z
DEMO-DEV-4245,128,2022-10-19T20:27:55.024Z,2026-09-26T06:57:07.073Z
DEMO-DEV-4345,128,2022-10-02T11:51:56.868Z,2026-09-21T02:37:41.607Z
DEMO-DEV-4424,128,2022-10-04T00:11:36.795Z,2026-09-04T02:46:51.682Z
DEMO-DEV-4612,128,2022-10-08T10:28:14.816Z,2026-08-19T21:38:01.224Z
DEMO-DEV-4636,128,2022-10-21T12:04:18.870Z,2026-09-30T08:19:18.863Z
DEMO-DEV-4703,128,2022-10-20T08:25:12.989Z,2026-09-19T15:58:42.836Z
DEMO-DEV-4713,128,2022-10-08T14:14:21.203Z,2026-09-29T07:29:19.714Z
DEMO-DEV-4787,128,2022-10-02T00:49:35.075Z,2026-09-27T18:12:28.192Z
DEMO-DEV-4797,128,2022-11-02T17:01:12.222Z,2026-09-09T15:15:49.238Z
DEMO-DEV-4887,128,2022-10-30T18:28:53.073Z,2026-09-14T18:03:51.073Z
DEMO-DEV-4926,128,2022-10-03T07:25:03.023Z,2026-09-26T11:23:16.218Z
DEMO-DEV-5006,128,2022-10-01T18:09:13.851Z,2026-09-14T08:13:57.443Z
DEMO-DEV-5022,128,2022-10-09T18:13:29.302Z,2026-09-28T04:46:19.976Z
DEMO-DEV-5195,128,2022-10-06T02:49:30.877Z,2026-09-17T03:53:17.287Z
DEMO-DEV-5254,128,2022-10-04T18:14:29.519Z,2026-09-22T07:47:57.252Z
DEMO-DEV-5318,128,2022-10-08T05:58:20.865Z,2026-09-12T20:37:05.246Z
DEMO-DEV-5322,128,2022-10-12T15:55:30.073Z,2026-08-07T02:43:35.870Z
DEMO-DEV-5337,128,2022-10-05T13:16:35.485Z,2026-09-22T08:04:54.989Z
DEMO-DEV-5372,128,2022-10-19T22:47:16.168Z,2026-09-25T08:50:11.302Z
DEMO-DEV-5379,128,2022-10-13T16:16:51.863Z,2026-09-25T15:42:21.578Z
DEMO-DEV-5410,128,2022-10-01T13:29:52.428Z,2026-09-29T09:22:56.765Z
DEMO-DEV-5480,128,2022-10-09T21:10:04.472Z,2026-09-16T09:08:33.913Z
DEMO-DEV-5652,128,2022-10-02T02:44:47.402Z,2026-09-24T13:57:29.165Z
DEMO-DEV-5814,128,2022-10-13T04:15:56.462Z,2026-09-04T08:51:11.879Z
DEMO-DEV-5889,128,2022-10-07T02:06:14.226Z,2026-09-18T21:38:21.974Z
DEMO-DEV-5897,128,2022-10-22T07:14:19.948Z,2026-07-18T18:26:42.138Z
DEMO-DEV-5971,128,2022-10-08T16:14:16.877Z,2026-09-07T02:51:18.968Z
DEMO-DEV-6068,128,2022-10-20T19:43:38.545Z,2026-08-31T11:26:00.792Z
DEMO-DEV-6252,128,2022-10-04T02:39:04.929Z,2026-09-22T21:07:55.402Z
DEMO-DEV-6301,128,2022-10-15T06:12:09.950Z,2026-09-27T00:41:32.289Z
DEMO-DEV-6385,128,2022-10-24T12:49:35.614Z,2026-09-26T03:43:42.168Z
DEMO-DEV-6517,128,2022-10-21T02:10:55.966Z,2026-09-19T03:03:02.966Z
DEMO-DEV-6567,128,2022-10-23T00:04:22.556Z,2026-09-29T20:48:39.841Z
DEMO-DEV-6628,128,2022-10-18T15:03:17.891Z,2026-09-29T14:35:56.784Z
DEMO-DEV-6663,128,2022-10-05T20:48:10.523Z,2026-08-12T19:08:51.976Z
DEMO-DEV-6929,128,2022-10-05T00:17:04.345Z,2026-09-24T13:22:17.466Z
DEMO-DEV-6952,128,2022-10-02T09:55:32.843Z,2026-09-07T19:30:52.287Z
DEMO-DEV-7015,128,2022-10-20T18:16:52.003Z,2026-09-19T12:55:22.272Z
DEMO-DEV-7165,128,2022-10-13T01:41:04.537Z,2026-09-17T08:45:52.786Z
DEMO-DEV-7274,128,2022-10-14T08:04:31.513Z,2026-09-10T15:20:17.023Z
DEMO-DEV-7369,128,2022-10-03T10:41:33.863Z,2026-09-20T11:13:15.250Z
DEMO-DEV-7483,128,2022-11-29T04:51:43.524Z,2026-09-08T04:56:14.325Z
DEMO-DEV-7564,128,2022-10-07T16:09:25.648Z,2026-08-17T06:41:33.545Z
DEMO-DEV-7674,128,2022-10-10T07:29:44.966Z,2026-09-25T07:08:25.138Z
DEMO-DEV-7682,128,2022-10-06T03:17:42.024Z,2026-09-22T11:36:47.993Z
DEMO-DEV-7698,128,2022-10-30T14:12:33.782Z,2026-09-19T03:13:29.370Z
DEMO-DEV-7726,128,2022-10-02T02:39:53.027Z,2026-09-24T17:43:35.519Z
DEMO-DEV-7734,128,2022-10-08T12:07:31.150Z,2026-09-20T08:54:51.211Z
DEMO-DEV-7774,128,2022-10-05T05:56:20.719Z,2026-09-25T17:55:22.138Z
DEMO-DEV-7807,128,2022-10-14T11:22:34.319Z,2026-09-18T17:46:47.394Z
DEMO-DEV-7955,128,2022-11-06T20:23:34.661Z,2026-09-26T05:39:59.868Z
DEMO-DEV-8076,128,2022-10-08T11:24:18.646Z,2026-09-03T22:22:22.325Z
DEMO-DEV-8118,128,2022-10-19T15:06:44.969Z,2026-09-15T16:00:49.688Z
DEMO-DEV-8197,128,2022-10-22T10:25:22.021Z,2026-07-16T21:02:26.160Z
DEMO-DEV-8311,128,2022-10-25T00:20:48.778Z,2026-09-16T18:33:00.021Z
DEMO-DEV-8357,128,2022-10-13T12:57:21.591Z,2026-08-16T15:51:48.315Z
DEMO-DEV-8375,128,2022-10-08T01:20:37.727Z,2026-09-28T16:56:33.366Z
DEMO-DEV-8491,128,2022-10-04T11:36:26.345Z,2026-09-20T07:12:13.555Z
DEMO-DEV-8641,128,2022-10-02T15:30:46.090Z,2026-09-11T05:41:07.989Z
DEMO-DEV-8651,128,2022-10-12T22:51:14.246Z,2026-09-28T23:06:24.987Z
DEMO-DEV-8654,128,2022-10-15T11:26:27.614Z,2026-09-03T07:07:35.825Z
DEMO-DEV-8813,128,2022-11-02T11:01:32.370Z,2026-08-10T19:09:46.394Z
DEMO-DEV-9055,128,2022-10-03T22:58:22.173Z,2026-08-25T00:41:07.614Z
DEMO-DEV-9102,128,2022-10-12T09:58:24.870Z,2026-08-31T04:39:24.183Z
DEMO-DEV-9132,128,2022-10-02T16:40:55.914Z,2026-09-10T17:50:51.160Z
DEMO-DEV-9296,128,2022-10-05T13:04:30.913Z,2026-09-24T17:20:27.087Z
DEMO-DEV-9319,128,2022-10-17T01:00:57.692Z,2026-09-27T09:29:29.976Z
DEMO-DEV-9389,128,2022-10-18T12:04:42.607Z,2026-09-27T18:53:20.885Z
DEMO-DEV-9488,128,2022-10-08T23:05:52.015Z,2026-09-20T20:22:20.354Z
DEMO-DEV-9612,128,2022-10-03T17:01:49.460Z,2026-09-08T17:56:53.969Z
DEMO-DEV-9644,128,2022-10-07T20:36:17.045Z,2026-09-02T10:04:34.817Z
DEMO-DEV-9663,128,2022-10-17T04:24:51.080Z,2026-08-29T11:15:25.315Z
DEMO-DEV-9794,128,2022-10-10T07:04:45.173Z,2026-09-18T15:34:31.221Z
DEMO-DEV-9898,128,2022-11-04T00:08:25.300Z,2026-08-16T07:05:31.865Z
DEMO-DEV-0016,127,2022-11-01T19:47:02.443Z,2026-09-23T11:36:01.080Z
DEMO-DEV-0111,127,2022-10-03T00:43:54.150Z,2026-09-26T04:36:01.387Z
DEMO-DEV-0147,127,2022-10-11T18:33:53.219Z,2026-09-17T07:08:55.368Z
DEMO-DEV-0189,127,2022-10-18T01:23:55.160Z,2026-09-19T20:24:45.799Z
DEMO-DEV-0227,127,2022-10-03T18:39:46.648Z,2026-09-30T07:37:53.189Z
DEMO-DEV-0288,127,2022-10-04T11:26:20.702Z,2026-09-09T17:35:45.232Z
DEMO-DEV-0300,127,2022-10-11T19:29:03.268Z,2026-09-25T09:56:52.134Z
DEMO-DEV-0303,127,2022-10-03T00:58:59.252Z,2026-08-13T00:33:59.402Z
DEMO-DEV-0311,127,2022-10-17T03:40:32.646Z,2026-09-13T12:47:54.752Z
DEMO-DEV-0438,127,2022-10-14T19:18:00.394Z,2026-09-28T23:31:50.470Z
DEMO-DEV-0474,127,2022-10-14T19:44:53.556Z,2026-09-27T17:25:13.168Z
DEMO-DEV-0567,127,2022-10-13T03:09:06.738Z,2026-09-19T10:25:12.778Z
DEMO-DEV-0604,127,2022-10-05T00:46:27.513Z,2026-09-27T09:49:56.190Z
DEMO-DEV-0816,127,2022-10-08T03:15:08.037Z,2026-09-06T14:47:34.505Z
DEMO-DEV-0839,127,2022-10-03T06:57:58.246Z,2026-08-25T01:57:27.403Z
DEMO-DEV-0863,127,2022-10-15T17:02:21.470Z,2026-09-30T00:34:28.225Z
DEMO-DEV-0904,127,2022-10-17T00:57:47.915Z,2026-09-26T11:35:09.246Z
DEMO-DEV-0916,127,2022-10-15T11:41:10.219Z,2026-09-25T02:35:28.914Z
DEMO-DEV-1083,127,2022-10-02T10:11:27.929Z,2026-09-28T13:05:13.785Z
DEMO-DEV-1135,127,2022-11-19T06:50:34.370Z,2026-09-23T08:42:02.584Z
DEMO-DEV-1172,127,2022-10-01T20:37:46.224Z,2026-08-13T11:09:23.357Z
DEMO-DEV-1353,127,2022-10-01T19:49:16.738Z,2026-09-27T03:16:18.172Z
DEMO-DEV-1430,127,2022-10-09T03:43:37.653Z,2026-09-27T21:48:58.607Z
DEMO-DEV-1462,127,2022-10-08T06:06:44.714Z,2026-09-29T20:08:45.607Z
DEMO-DEV-1463,127,2022-10-19T06:06:55.806Z,2026-09-19T00:09:14.795Z
DEMO-DEV-1496,127,2022-10-08T07:07:55.989Z,2026-09-06T08:28:00.120Z
DEMO-DEV-1602,127,2022-10-01T15:29:19.264Z,2026-08-22T12:54:30.026Z
DEMO-DEV-1623,127,2022-10-08T12:02:58.752Z,2026-09-26T23:09:15.949Z
DEMO-DEV-1787,127,2022-10-26T08:00:49.949Z,2026-09-13T10:41:02.668Z
DEMO-DEV-1872,127,2022-10-14T16:14:24.226Z,2026-09-11T20:15:01.075Z
DEMO-DEV-1950,127,2022-10-04T00:49:16.203Z,2026-09-20T18:53:18.754Z
DEMO-DEV-2062,127,2022-10-06T00:50:30.387Z,2026-09-28T20:54:22.668Z
DEMO-DEV-2093,127,2022-10-01T09:18:14.859Z,2026-09-21T04:47:31.003Z
DEMO-DEV-2161,127,2022-10-14T03:35:58.460Z,2026-09-26T17:17:00.879Z
DEMO-DEV-2408,127,2022-10-07T21:33:21.782Z,2026-09-16T19:40:57.578Z
DEMO-DEV-2464,127,2022-10-09T02:51:27.568Z,2026-09-12T04:31:09.403Z
DEMO-DEV-2472,127,2022-10-06T03:19:53.555Z,2026-09-27T23:27:37.754Z
DEMO-DEV-2483,127,2022-10-05T15:34:11.167Z,2026-08-17T23:31:16.397Z
DEMO-DEV-2528,127,2022-10-07T14:53:56.557Z,2026-09-25T10:24:02.926Z
DEMO-DEV-2595,127,2022-10-04T06:41:29.232Z,2026-09-26T07:20:22.325Z
DEMO-DEV-2607,127,2022-11-07T07:17:04.485Z,2026-09-17T06:05:08.470Z
DEMO-DEV-2871,127,2022-10-10T15:57:33.719Z,2026-09-08T01:44:40.648Z
DEMO-DEV-2908,127,2022-10-06T16:16:27.493Z,2026-09-25T02:28:43.965Z
DEMO-DEV-2913,127,2022-10-04T22:09:06.455Z,2026-09-27T11:31:32.870Z
DEMO-DEV-2984,127,2022-10-11T12:30:51.250Z,2026-09-19T08:15:15.224Z
DEMO-DEV-2999,127,2022-10-03T21:02:21.992Z,2026-09-27T13:29:19.087Z
DEMO-DEV-3063,127,2022-10-14T02:27:15.870Z,2026-09-24T16:58:38.428Z
DEMO-DEV-3088,127,2022-10-18T07:30:15.584Z,2026-09-12T18:52:18.612Z
DEMO-DEV-3135,127,2022-10-06T11:51:26.513Z,2026-09-29T18:43:32.442Z
DEMO-DEV-3283,127,2022-10-20T01:10:03.825Z,2026-09-30T05:37:40.218Z
DEMO-DEV-3368,127,2022-10-01T19:15:15.370Z,2026-09-29T15:41:00.014Z
DEMO-DEV-3410,127,2022-10-03T14:10:23.160Z,2026-09-25T00:16:23.948Z
DEMO-DEV-3431,127,2022-10-12T11:58:01.462Z,2026-09-22T00:55:08.884Z
DEMO-DEV-3442,127,2022-10-03T07:32:41.917Z,2026-09-04T20:29:28.205Z
DEMO-DEV-3484,127,2022-10-03T16:11:25.472Z,2026-08-18T22:39:29.714Z
DEMO-DEV-3508,127,2022-10-21T06:45:57.160Z,2026-09-28T20:40:27.391Z
DEMO-DEV-3564,127,2022-10-08T09:31:05.785Z,2026-09-28T12:51:42.455Z
DEMO-DEV-3580,127,2022-10-08T06:56:45.524Z,2026-09-18T21:31:58.523Z
DEMO-DEV-3781,127,2022-10-31T17:32:52.859Z,2026-09-24T10:19:19.485Z
DEMO-DEV-3835,127,2022-10-03T19:06:53.014Z,2026-09-29T17:30:51.073Z
DEMO-DEV-4189,127,2022-10-31T01:33:15.568Z,2026-09-24T13:31:11.063Z
DEMO-DEV-4203,127,2022-10-14T06:29:50.155Z,2026-09-08T14:01:57.123Z
DEMO-DEV-4221,127,2022-10-01T12:42:53.738Z,2026-09-17T05:03:45.173Z
DEMO-DEV-4334,127,2022-10-04T06:27:40.160Z,2026-09-29T20:24:51.975Z
DEMO-DEV-4360,127,2022-10-02T12:16:53.390Z,2026-09-30T06:29:58.584Z
DEMO-DEV-4426,127,2022-10-04T05:10:29.836Z,2026-09-27T03:57:35.676Z
DEMO-DEV-4456,127,2022-10-06T19:55:57.139Z,2026-09-27T11:16:50.470Z
DEMO-DEV-4474,127,2022-11-05T12:17:54.345Z,2026-09-16T00:04:19.234Z
DEMO-DEV-4496,127,2022-10-14T16:56:17.004Z,2026-09-11T07:52:48.234Z
DEMO-DEV-4516,127,2022-10-16T22:31:29.929Z,2026-09-30T07:02:33.653Z
DEMO-DEV-4577,127,2022-10-18T23:42:07.150Z,2026-09-21T22:52:07.989Z
DEMO-DEV-4606,127,2022-10-13T03:16:29.172Z,2026-09-23T01:05:05.402Z
DEMO-DEV-4635,127,2022-10-02T08:59:53.735Z,2026-09-27T16:49:10.308Z
DEMO-DEV-4718,127,2022-10-12T11:04:01.368Z,2026-09-21T06:09:53.161Z
DEMO-DEV-4862,127,2022-10-16T12:58:38.605Z,2026-08-30T03:03:00.879Z
DEMO-DEV-4894,127,2022-10-15T13:57:20.804Z,2026-09-24T01:03:04.038Z
DEMO-DEV-4913,127,2022-10-01T23:11:21.397Z,2026-08-27T07:28:51.443Z
DEMO-DEV-4986,127,2022-10-03T18:08:47.527Z,2026-09-27T01:22:24.985Z
DEMO-DEV-4990,127,2022-10-31T13:47:37.884Z,2026-09-28T18:57:27.508Z
DEMO-DEV-5112,127,2022-10-16T12:00:09.836Z,2026-08-23T18:43:49.225Z
DEMO-DEV-5155,127,2022-10-01T15:51:35.727Z,2026-09-16T21:20:32.172Z
DEMO-DEV-5193,127,2022-10-02T23:18:23.319Z,2026-09-26T13:40:30.307Z
DEMO-DEV-5194,127,2022-10-12T18:06:22.026Z,2026-09-25T23:32:29.785Z
DEMO-DEV-5219,127,2022-10-08T11:58:07.045Z,2026-09-14T11:05:12.825Z
DEMO-DEV-5234,127,2022-10-05T00:37:15.597Z,2026-09-22T17:25:14.221Z
DEMO-DEV-5271,127,2022-10-12T20:25:27.123Z,2026-09-23T01:02:44.120Z
DEMO-DEV-5326,127,2022-10-26T00:23:45.004Z,2026-09-20T07:49:09.508Z
DEMO-DEV-5533,127,2022-10-08T01:19:35.298Z,2026-09-25T13:53:09.778Z
DEMO-DEV-5664,127,2022-10-13T09:21:23.985Z,2026-09-28T05:04:40.929Z
DEMO-DEV-5761,127,2022-10-03T16:16:49.319Z,2026-09-30T05:41:13.987Z
DEMO-DEV-5868,127,2022-10-04T12:19:05.692Z,2026-09-23T17:33:52.863Z
DEMO-DEV-5915,127,2022-10-26T05:31:46.415Z,2026-09-19T21:51:37.087Z
DEMO-DEV-5941,127,2022-10-06T03:35:58.161Z,2026-09-28T08:45:05.786Z
DEMO-DEV-5947,127,2022-10-08T04:02:58.472Z,2026-09-16T13:24:22.021Z
DEMO-DEV-5994,127,2022-10-20T20:08:55.319Z,2026-09-29T06:00:20.870Z
DEMO-DEV-6126,127,2022-10-06T17:03:00.792Z,2026-09-30T06:59:54.976Z
DEMO-DEV-6137,127,2022-10-02T05:14:29.023Z,2026-09-25T08:33:36.965Z
DEMO-DEV-6165,127,2022-10-07T20:20:20.692Z,2026-08-27T10:33:01.352Z
DEMO-DEV-6213,127,2022-10-18T00:27:06.470Z,2026-09-28T21:14:27.045Z
DEMO-DEV-6260,127,2022-10-25T12:00:54.139Z,2026-09-22T07:06:27.843Z
DEMO-DEV-6276,127,2022-11-12T16:25:40.859Z,2026-09-14T10:27:15.692Z
DEMO-DEV-6406,127,2022-10-17T17:37:45.298Z,2026-09-19T07:23:23.345Z
DEMO-DEV-6566,127,2022-10-11T19:14:53.428Z,2026-09-24T03:37:40.661Z
DEMO-DEV-6583,127,2022-10-17T15:05:33.785Z,2026-09-18T00:15:14.929Z
DEMO-DEV-6624,127,2022-10-15T21:35:37.500Z,2026-08-26T21:42:19.167Z
DEMO-DEV-6683,127,2022-10-10T18:17:15.804Z,2026-09-08T00:53:16.300Z
DEMO-DEV-6686,127,2022-10-17T00:15:50.948Z,2026-09-14T16:11:54.403Z
DEMO-DEV-6756,127,2022-10-19T18:33:18.308Z,2026-09-28T01:09:58.345Z
DEMO-DEV-6760,127,2022-10-23T02:26:51.993Z,2026-09-01T03:24:51.308Z
DEMO-DEV-6840,127,2022-10-02T09:14:41.246Z,2026-09-29T12:02:16.555Z
DEMO-DEV-7072,127,2022-10-20T05:25:47.786Z,2026-09-24T07:43:12.965Z
DEMO-DEV-7078,127,2022-10-09T21:01:22.238Z,2026-09-27T11:04:35.612Z
DEMO-DEV-7197,127,2022-10-03T14:20:38.535Z,2026-09-13T12:24:27.804Z
DEMO-DEV-7220,127,2022-10-16T02:15:37.816Z,2026-09-22T22:26:39.218Z
DEMO-DEV-7255,127,2022-10-08T01:37:02.139Z,2026-08-24T17:26:20.702Z
DEMO-DEV-7282,127,2022-10-02T04:11:45.291Z,2026-09-22T08:03:58.204Z
DEMO-DEV-7305,127,2022-10-20T03:19:17.950Z,2026-09-29T15:20:24.719Z
DEMO-DEV-7444,127,2022-10-04T19:37:31.168Z,2026-09-10T16:14:47.811Z
DEMO-DEV-7494,127,2022-10-25T18:35:18.968Z,2026-09-29T01:05:37.863Z
DEMO-DEV-7499,127,2022-10-01T16:09:12.799Z,2026-09-26T07:28:04.024Z
DEMO-DEV-7510,127,2022-10-17T09:28:45.189Z,2026-09-27T21:11:05.702Z
DEMO-DEV-7512,127,2022-10-02T19:22:06.778Z,2026-09-16T02:58:11.080Z
DEMO-DEV-7627,127,2022-10-15T06:27:53.817Z,2026-09-17T05:35:59.605Z
DEMO-DEV-7646,127,2022-10-10T23:29:31.976Z,2026-09-15T09:32:58.289Z
DEMO-DEV-7687,127,2022-10-04T11:53:35.402Z,2026-09-02T02:51:21.578Z
DEMO-DEV-7743,127,2022-10-17T02:17:50.668Z,2026-09-05T03:51:51.024Z
DEMO-DEV-7775,127,2022-11-07T06:25:05.612Z,2026-09-29T17:00:51.792Z
DEMO-DEV-7953,127,2022-10-07T05:40:59.472Z,2026-09-26T21:23:48.239Z
DEMO-DEV-8205,127,2022-10-08T07:48:22.120Z,2026-07-30T18:33:57.513Z
DEMO-DEV-8426,127,2022-10-14T21:45:05.203Z,2026-09-23T16:26:15.222Z
DEMO-DEV-8438,127,2022-10-09T02:54:09.863Z,2026-09-16T21:53:44.302Z
DEMO-DEV-8453,127,2022-12-05T20:53:05.014Z,2026-09-24T01:09:12.968Z
DEMO-DEV-8578,127,2022-10-02T01:38:05.252Z,2026-09-20T22:13:14.080Z
DEMO-DEV-8959,127,2022-10-06T15:39:15.989Z,2026-09-28T12:04:46.368Z
DEMO-DEV-9014,127,2022-10-13T20:12:43.975Z,2026-09-17T05:32:46.390Z
DEMO-DEV-9149,127,2022-10-11T23:39:10.765Z,2026-09-28T21:11:36.524Z
DEMO-DEV-9183,127,2022-10-06T15:49:09.658Z,2026-09-25T20:45:13.024Z
DEMO-DEV-9225,127,2022-10-09T06:34:29.785Z,2026-09-27T08:04:43.134Z
DEMO-DEV-9318,127,2022-10-07T22:50:35.004Z,2026-09-18T11:26:02.754Z
DEMO-DEV-9346,127,2022-10-05T09:20:34.676Z,2026-09-12T04:50:18.870Z
DEMO-DEV-9391,127,2022-10-06T10:48:50.264Z,2026-09-26T12:57:36.004Z
DEMO-DEV-9492,127,2022-11-09T12:16:25.040Z,2026-09-28T10:13:12.523Z
DEMO-DEV-9515,127,2022-10-07T21:01:05.238Z,2026-08-31T04:45:49.204Z
DEMO-DEV-9555,127,2022-10-31T07:05:06.315Z,2026-09-15T11:33:51.846Z
DEMO-DEV-9657,127,2022-10-06T15:44:48.505Z,2026-09-11T23:04:13.387Z
DEMO-DEV-9762,127,2022-10-11T12:07:23.929Z,2026-09-21T09:57:00.612Z
DEMO-DEV-9783,127,2022-10-05T21:18:30.591Z,2026-09-11T10:33:58.021Z
DEMO-DEV-9868,127,2022-10-12T05:17:07.253Z,2026-09-22T01:54:48.415Z
DEMO-DEV-9992,127,2022-11-14T20:40:34.987Z,2026-09-09T16:09:05.975Z
DEMO-DEV-0036,126,2022-10-13T05:34:41.307Z,2026-08-29T00:18:57.535Z
DEMO-DEV-0232,126,2022-10-07T07:21:12.225Z,2026-09-25T03:22:21.402Z
DEMO-DEV-0239,126,2022-10-20T02:36:58.218Z,2026-09-11T07:42:56.555Z
DEMO-DEV-0253,126,2022-10-09T10:42:43.555Z,2026-09-12T15:52:30.352Z
DEMO-DEV-0319,126,2022-10-04T13:37:00.785Z,2026-08-16T17:16:14.250Z
DEMO-DEV-0418,126,2022-10-03T23:22:39.524Z,2026-09-06T17:00:34.307Z
DEMO-DEV-0519,126,2022-10-17T18:00:23.816Z,2026-09-17T04:40:45.839Z
DEMO-DEV-0551,126,2022-10-25T06:38:28.535Z,2026-09-22T19:15:44.511Z
DEMO-DEV-0560,126,2022-10-07T05:07:33.470Z,2026-09-20T00:57:30.442Z
DEMO-DEV-0707,126,2022-10-07T14:48:10.825Z,2026-09-11T15:42:05.250Z
DEMO-DEV-0828,126,2022-10-27T01:32:23.636Z,2026-09-29T18:59:40.949Z
DEMO-DEV-0889,126,2022-10-01T18:11:32.068Z,2026-09-25T21:41:20.653Z
DEMO-DEV-0959,126,2022-10-01T14:46:27.661Z,2026-09-24T19:31:43.063Z
DEMO-DEV-0963,126,2022-10-05T07:20:20.337Z,2026-09-11T05:12:35.027Z
DEMO-DEV-1030,126,2022-10-15T15:00:23.885Z,2026-09-22T23:30:37.968Z
DEMO-DEV-1050,126,2022-10-10T08:45:15.738Z,2026-08-23T04:45:35.825Z
DEMO-DEV-1112,126,2022-10-01T10:10:45.337Z,2026-09-17T04:54:45.682Z
DEMO-DEV-1119,126,2022-10-03T18:33:52.302Z,2026-09-27T10:21:54.026Z
DEMO-DEV-1150,126,2022-10-14T10:24:48.793Z,2026-09-26T07:30:15.337Z
DEMO-DEV-1151,126,2022-10-05T21:14:47.319Z,2026-09-28T08:56:07.527Z
DEMO-DEV-1190,126,2022-10-03T15:43:53.879Z,2026-09-19T18:01:37.015Z
DEMO-DEV-1238,126,2022-10-08T00:13:55.172Z,2026-09-21T14:15:27.682Z
DEMO-DEV-1298,126,2022-10-09T05:44:08.139Z,2026-09-18T08:04:21.205Z
DEMO-DEV-1370,126,2022-10-25T07:05:52.795Z,2026-09-26T15:46:05.976Z
DEMO-DEV-1464,126,2022-10-02T09:37:07.989Z,2026-09-24T03:57:18.816Z
DEMO-DEV-1486,126,2022-10-20T08:38:01.068Z,2026-09-28T16:06:25.877Z
DEMO-DEV-1542,126,2022-10-12T14:25:49.508Z,2026-09-19T05:17:15.352Z
DEMO-DEV-1618,126,2022-10-02T00:00:35.917Z,2026-09-24T10:18:28.288Z
DEMO-DEV-1632,126,2022-10-05T06:28:27.618Z,2026-08-12T21:39:27.204Z
DEMO-DEV-1686,126,2022-10-03T06:16:14.254Z,2026-09-24T13:14:39.289Z
DEMO-DEV-1722,126,2022-10-04T01:04:15.989Z,2026-09-22T14:57:01.485Z
DEMO-DEV-1917,126,2022-10-26T12:57:26.682Z,2026-09-29T21:34:31.503Z
DEMO-DEV-2067,126,2022-10-20T08:35:27.409Z,2026-09-25T00:00:53.394Z
DEMO-DEV-2172,126,2022-10-06T08:29:18.232Z,2026-09-07T10:52:15.161Z
DEMO-DEV-2208,126,2022-10-04T19:18:45.037Z,2026-09-22T13:14:14.584Z
DEMO-DEV-2212,126,2022-10-07T06:56:02.167Z,2026-09-09T07:55:32.785Z
DEMO-DEV-2268,126,2022-10-09T14:21:34.428Z,2026-09-14T05:23:21.226Z
DEMO-DEV-2582,126,2022-10-25T17:17:50.863Z,2026-09-25T12:29:23.189Z
DEMO-DEV-2638,126,2022-10-06T02:10:28.511Z,2026-09-28T02:18:11.653Z
DEMO-DEV-2798,126,2022-10-11T22:30:51.239Z,2026-09-15T14:10:04.268Z
DEMO-DEV-2802,126,2022-10-06T23:46:20.298Z,2026-09-15T14:25:07.950Z
DEMO-DEV-2816,126,2022-10-06T23:29:57.337Z,2026-09-24T21:26:20.851Z
DEMO-DEV-2877,126,2022-10-12T02:22:12.735Z,2026-09-04T12:53:35.391Z
DEMO-DEV-2892,126,2022-10-06T13:35:32.778Z,2026-09-29T23:53:40.735Z
DEMO-DEV-2899,126,2022-10-13T19:47:23.793Z,2026-09-18T15:53:23.415Z
DEMO-DEV-3012,126,2022-10-15T10:36:53.246Z,2026-09-04T07:09:24.784Z
DEMO-DEV-3117,126,2022-11-17T01:06:39.027Z,2026-09-15T12:17:47.087Z
DEMO-DEV-3179,126,2022-10-08T01:20:46.607Z,2026-09-17T18:14:20.987Z
DEMO-DEV-3181,126,2022-10-04T06:54:23.816Z,2026-09-29T23:52:47.139Z
DEMO-DEV-3257,126,2022-10-06T09:20:36.969Z,2026-09-23T09:13:29.004Z
DEMO-DEV-3400,126,2022-10-28T23:07:50.250Z,2026-09-28T18:32:44.784Z
DEMO-DEV-3562,126,2022-10-05T12:50:30.403Z,2026-09-13T00:05:55.150Z
DEMO-DEV-3600,126,2022-10-06T09:45:57.599Z,2026-09-03T17:44:15.618Z
DEMO-DEV-3637,126,2022-10-19T23:03:21.682Z,2026-09-20T22:07:18.230Z
DEMO-DEV-3782,126,2022-10-18T16:45:19.387Z,2026-09-26T12:17:57.208Z
DEMO-DEV-3784,126,2022-10-01T19:13:54.120Z,2026-09-17T13:39:41.352Z
DEMO-DEV-3806,126,2022-10-18T04:44:52.077Z,2026-09-29T00:10:49.428Z
DEMO-DEV-3875,126,2022-10-10T13:01:29.238Z,2026-09-23T10:31:03.519Z
DEMO-DEV-3951,126,2022-10-19T01:06:41.319Z,2026-09-18T14:07:01.246Z
DEMO-DEV-3976,126,2022-10-05T09:37:13.754Z,2026-09-18T13:39:00.873Z
DEMO-DEV-4008,126,2022-10-03T07:46:20.795Z,2026-09-23T13:56:22.460Z
DEMO-DEV-4019,126,2022-10-06T14:19:23.205Z,2026-09-23T09:51:45.976Z
DEMO-DEV-4063,126,2022-10-03T19:46:58.993Z,2026-09-12T17:58:33.268Z
DEMO-DEV-4075,126,2022-10-12T15:17:44.870Z,2026-09-30T02:00:19.470Z
DEMO-DEV-4130,126,2022-10-10T08:39:48.727Z,2026-09-20T19:09:31.219Z
DEMO-DEV-4162,126,2022-10-14T19:47:14.221Z,2026-09-28T11:54:00.226Z
DEMO-DEV-4220,126,2022-10-13T07:17:47.087Z,2026-09-29T05:45:15.782Z
DEMO-DEV-4505,126,2022-11-09T14:17:32.653Z,2026-09-07T19:17:46.183Z
DEMO-DEV-4509,126,2022-10-09T18:08:07.428Z,2026-09-22T09:48:24.365Z
DEMO-DEV-4550,126,2022-10-29T07:43:35.648Z,2026-09-27T14:02:59.816Z
DEMO-DEV-4638,126,2022-10-02T08:16:23.172Z,2026-09-28T19:09:12.462Z
DEMO-DEV-4656,126,2022-10-03T00:10:05.816Z,2026-09-27T07:58:32.428Z
DEMO-DEV-4750,126,2022-10-15T22:12:43.253Z,2026-09-22T07:17:11.792Z
DEMO-DEV-4843,126,2022-10-01T15:36:04.816Z,2026-09-29T11:31:30.236Z
DEMO-DEV-4968,126,2022-10-12T13:22:12.913Z,2026-09-26T05:01:40.646Z
DEMO-DEV-5041,126,2022-10-07T06:40:48.765Z,2026-09-19T22:15:56.836Z
DEMO-DEV-5093,126,2022-10-02T18:25:23.288Z,2026-09-21T07:46:25.968Z
DEMO-DEV-5097,126,2022-11-25T14:32:06.913Z,2026-09-23T09:51:15.370Z
DEMO-DEV-5135,126,2022-10-06T11:16:36.472Z,2026-09-29T01:06:19.914Z
DEMO-DEV-5277,126,2022-10-06T08:30:55.139Z,2026-09-16T07:12:44.354Z
DEMO-DEV-5338,126,2022-10-02T04:58:01.969Z,2026-09-21T17:36:26.636Z
DEMO-DEV-5354,126,2022-10-16T14:35:04.254Z,2026-09-19T20:54:42.319Z
DEMO-DEV-5378,126,2022-10-24T05:29:04.841Z,2026-09-25T15:35:12.236Z
DEMO-DEV-5401,126,2022-10-03T13:35:39.976Z,2026-09-15T02:35:35.038Z
DEMO-DEV-5468,126,2022-10-19T11:01:40.442Z,2026-09-25T15:58:30.913Z
DEMO-DEV-5470,126,2022-10-13T13:30:24.505Z,2026-09-09T23:22:41.068Z
DEMO-DEV-5512,126,2022-10-01T22:49:28.442Z,2026-09-27T12:27:06.485Z
DEMO-DEV-5526,126,2022-10-24T11:19:59.752Z,2026-09-27T03:33:46.508Z
DEMO-DEV-5528,126,2022-10-09T01:19:43.735Z,2026-08-26T00:00:34.253Z
DEMO-DEV-5543,126,2022-10-11T13:34:09.272Z,2026-09-19T23:04:18.786Z
DEMO-DEV-5692,126,2022-10-16T08:10:14.021Z,2026-09-14T17:55:58.120Z
DEMO-DEV-5824,126,2022-10-14T01:21:24.325Z,2026-09-07T05:40:01.859Z
DEMO-DEV-5930,126,2022-10-03T00:32:29.288Z,2026-09-10T03:54:16.090Z
DEMO-DEV-5933,126,2022-10-08T08:32:54.806Z,2026-09-23T00:25:07.003Z
DEMO-DEV-5935,126,2022-10-22T06:28:07.914Z,2026-09-22T13:52:44.268Z
DEMO-DEV-6123,126,2022-10-09T12:23:52.948Z,2026-09-16T18:51:56.238Z
DEMO-DEV-6128,126,2022-10-05T13:30:24.785Z,2026-09-23T08:09:50.319Z
DEMO-DEV-6192,126,2022-10-08T08:42:00.225Z,2026-09-27T16:20:04.865Z
DEMO-DEV-6272,126,2022-10-06T20:27:47.226Z,2026-09-15T23:21:20.975Z
DEMO-DEV-6284,126,2022-10-07T18:38:08.523Z,2026-09-07T23:27:24.218Z
DEMO-DEV-6287,126,2022-10-15T22:22:56.556Z,2026-08-21T15:34:55.123Z
DEMO-DEV-6329,126,2022-10-01T23:26:41.368Z,2026-09-30T04:07:33.859Z
DEMO-DEV-6380,126,2022-10-07T02:47:18.682Z,2026-09-11T08:11:40.236Z
DEMO-DEV-6469,126,2022-10-31T22:52:05.987Z,2026-09-28T00:15:45.288Z
DEMO-DEV-6512,126,2022-10-08T19:24:19.037Z,2026-09-16T11:35:14.975Z
DEMO-DEV-6596,126,2022-10-05T22:40:35.929Z,2026-09-21T05:59:19.500Z
DEMO-DEV-6675,126,2022-10-03T03:49:45.183Z,2026-09-29T13:52:06.523Z
DEMO-DEV-6682,126,2022-10-05T03:06:09.161Z,2026-08-24T15:21:36.415Z
DEMO-DEV-6692,126,2022-10-08T14:23:38.172Z,2026-09-28T02:45:00.354Z
DEMO-DEV-6757,126,2022-10-07T04:22:26.139Z,2026-09-30T03:59:40.298Z
DEMO-DEV-6780,126,2022-10-14T19:58:04.843Z,2026-09-23T19:17:38.497Z
DEMO-DEV-6794,126,2022-10-05T09:14:11.824Z,2026-08-19T12:45:15.123Z
DEMO-DEV-6883,126,2022-10-19T02:26:22.325Z,2026-09-03T04:49:18.357Z
DEMO-DEV-6884,126,2022-10-04T21:36:59.817Z,2026-09-19T23:35:25.352Z
DEMO-DEV-6938,126,2022-10-07T15:50:42.795Z,2026-09-18T20:20:38.045Z
DEMO-DEV-7046,126,2022-10-02T08:21:40.160Z,2026-09-21T22:06:17.688Z
DEMO-DEV-7170,126,2022-10-16T12:59:22.087Z,2026-09-27T04:19:19.976Z
DEMO-DEV-7277,126,2022-10-13T15:27:36.864Z,2026-09-29T10:25:06.319Z
DEMO-DEV-7279,126,2022-10-04T16:25:22.250Z,2026-09-24T12:12:34.357Z
DEMO-DEV-7410,126,2022-10-02T19:30:43.523Z,2026-09-22T01:33:04.189Z
DEMO-DEV-7522,126,2022-10-01T14:53:28.735Z,2026-09-24T17:50:58.232Z
DEMO-DEV-7538,126,2022-10-03T09:17:30.500Z,2026-09-23T19:04:45.524Z
DEMO-DEV-7630,126,2022-10-02T05:19:08.676Z,2026-09-25T06:27:36.692Z
DEMO-DEV-7810,126,2022-10-02T16:43:52.842Z,2026-09-12T00:26:56.500Z
DEMO-DEV-7819,126,2022-10-18T07:11:22.873Z,2026-09-29T00:06:02.786Z
DEMO-DEV-7892,126,2022-10-10T05:56:51.319Z,2026-08-28T16:11:55.352Z
DEMO-DEV-8084,126,2022-10-12T09:40:50.291Z,2026-09-21T20:11:12.415Z
DEMO-DEV-8124,126,2022-10-03T05:14:49.038Z,2026-09-30T02:06:04.023Z
DEMO-DEV-8182,126,2022-10-04T22:37:52.368Z,2026-09-12T02:42:04.524Z
DEMO-DEV-8276,126,2022-10-01T14:43:47.851Z,2026-09-06T07:42:04.989Z
DEMO-DEV-8414,126,2022-10-05T11:41:21.462Z,2026-09-28T12:08:19.298Z
DEMO-DEV-8489,126,2022-10-17T04:45:43.842Z,2026-09-11T12:05:13.357Z
DEMO-DEV-8615,126,2022-10-13T20:48:37.738Z,2026-08-13T04:16:46.218Z
DEMO-DEV-8747,126,2022-10-05T20:55:28.782Z,2026-09-29T12:09:51.211Z
DEMO-DEV-8806,126,2022-10-21T10:15:23.139Z,2026-09-26T00:16:45.443Z
DEMO-DEV-8945,126,2022-10-06T06:02:12.497Z,2026-09-14T16:18:51.584Z
DEMO-DEV-9006,126,2022-10-19T07:22:26.077Z,2026-09-28T08:36:58.612Z
DEMO-DEV-9173,126,2022-11-09T00:14:26.087Z,2026-09-21T14:50:33.682Z
DEMO-DEV-9198,126,2022-10-07T14:29:59.859Z,2026-09-29T03:33:02.836Z
DEMO-DEV-9241,126,2022-10-04T06:18:34.470Z,2026-09-15T13:29:03.929Z
DEMO-DEV-9258,126,2022-10-27T02:25:18.497Z,2026-09-19T02:16:37.370Z
DEMO-DEV-9333,126,2022-10-06T09:39:21.784Z,2026-09-07T09:52:35.409Z
DEMO-DEV-9417,126,2022-10-01T18:06:04.205Z,2026-09-16T17:36:31.607Z
DEMO-DEV-9461,126,2022-10-12T01:06:04.370Z,2026-09-10T05:37:47.537Z
DEMO-DEV-9559,126,2022-10-09T10:03:38.556Z,2026-09-15T05:57:21.173Z
DEMO-DEV-9589,126,2022-10-06T10:24:16.655Z,2026-09-19T04:54:36.345Z
DEMO-DEV-9693,126,2022-10-05T13:01:12.784Z,2026-09-23T22:25:12.254Z
DEMO-DEV-9856,126,2022-10-04T01:24:08.618Z,2026-09-28T23:56:59.298Z
DEMO-DEV-9874,126,2022-10-03T00:07:31.466Z,2026-09-07T08:10:26.308Z
DEMO-DEV-9988,126,2022-10-08T10:48:56.646Z,2026-09-19T19:22:14.917Z
DEMO-DEV-0054,125,2022-10-11T11:20:17.090Z,2026-09-27T03:08:51.556Z
DEMO-DEV-0077,125,2022-10-10T07:30:13.234Z,2026-09-13T07:07:09.816Z
DEMO-DEV-0092,125,2022-10-29T17:42:49.524Z,2026-09-15T11:10:06.038Z
DEMO-DEV-0271,125,2022-11-17T02:11:56.785Z,2026-09-29T13:17:19.993Z
DEMO-DEV-0286,125,2022-10-11T02:13:43.172Z,2026-09-17T19:33:11.015Z
DEMO-DEV-0336,125,2022-10-05T02:01:56.268Z,2026-09-28T05:52:04.354Z
DEMO-DEV-0339,125,2022-10-08T13:35:35.120Z,2026-09-13T08:14:28.415Z
DEMO-DEV-0351,125,2022-10-17T05:39:41.793Z,2026-09-22T10:51:16.513Z
DEMO-DEV-0375,125,2022-10-15T07:46:37.365Z,2026-09-25T17:32:48.974Z
DEMO-DEV-0377,125,2022-10-04T19:16:05.345Z,2026-09-27T19:54:49.993Z
DEMO-DEV-0458,125,2022-10-07T06:54:13.614Z,2026-09-29T00:47:31.014Z
DEMO-DEV-0459,125,2022-10-09T22:15:25.024Z,2026-09-28T23:34:01.537Z
DEMO-DEV-0489,125,2022-10-12T01:59:18.460Z,2026-09-18T11:45:20.653Z
DEMO-DEV-0522,125,2022-10-13T02:16:48.682Z,2026-09-04T10:27:09.394Z
DEMO-DEV-0542,125,2022-11-23T10:54:25.597Z,2026-09-25T12:59:59.403Z
DEMO-DEV-0613,125,2022-10-24T09:51:21.710Z,2026-09-10T19:36:01.648Z
DEMO-DEV-0757,125,2022-10-21T06:07:34.811Z,2026-09-29T03:35:43.155Z
DEMO-DEV-0812,125,2022-10-03T23:04:41.719Z,2026-09-29T20:02:48.165Z
DEMO-DEV-0930,125,2022-10-01T22:23:22.077Z,2026-09-23T07:47:01.989Z
DEMO-DEV-1052,125,2022-10-13T03:37:16.211Z,2026-09-22T02:28:23.806Z
DEMO-DEV-1060,125,2022-10-02T08:43:13.387Z,2026-09-21T06:26:59.057Z
DEMO-DEV-1071,125,2022-10-08T07:49:26.864Z,2026-09-29T20:07:53.222Z
DEMO-DEV-1262,125,2022-10-13T15:10:34.646Z,2026-08-18T23:37:24.754Z
DEMO-DEV-1373,125,2022-10-05T03:54:32.134Z,2026-09-30T02:41:19.365Z
DEMO-DEV-1412,125,2022-10-13T02:58:22.203Z,2026-09-23T01:08:43.387Z
DEMO-DEV-1414,125,2022-10-02T09:43:56.472Z,2026-09-07T18:10:09.224Z
DEMO-DEV-1471,125,2022-10-13T02:31:32.929Z,2026-08-17T06:45:09.867Z
DEMO-DEV-1503,125,2022-10-11T04:25:10.354Z,2026-09-28T08:24:59.300Z
DEMO-DEV-1522,125,2022-10-07T02:11:59.024Z,2026-09-26T09:58:12.803Z
DEMO-DEV-1649,125,2022-10-14T14:43:26.073Z,2026-09-17T07:42:28.123Z
DEMO-DEV-1701,125,2022-10-04T20:59:29.402Z,2026-09-23T11:16:55.811Z
DEMO-DEV-1816,125,2022-10-16T22:56:06.165Z,2026-09-18T05:41:36.864Z
DEMO-DEV-1821,125,2022-10-05T19:09:55.462Z,2026-09-25T09:04:10.167Z
DEMO-DEV-1839,125,2022-10-08T06:10:34.172Z,2026-09-29T21:59:47.929Z
DEMO-DEV-1846,125,2022-11-02T03:20:21.272Z,2026-09-18T19:42:39.319Z
DEMO-DEV-1849,125,2022-10-09T22:42:47.234Z,2026-09-15T13:45:18.300Z
DEMO-DEV-1921,125,2022-10-13T19:24:13.090Z,2026-09-19T09:55:33.782Z
DEMO-DEV-1939,125,2022-10-26T12:56:42.205Z,2026-09-28T14:20:25.646Z
DEMO-DEV-2228,125,2022-10-13T16:53:00.015Z,2026-09-25T21:08:12.211Z
DEMO-DEV-2257,125,2022-10-05T11:35:14.026Z,2026-09-09T04:41:49.985Z
DEMO-DEV-2301,125,2022-10-23T23:28:35.752Z,2026-09-20T13:01:57.307Z
DEMO-DEV-2344,125,2022-10-02T19:08:17.298Z,2026-09-30T03:16:05.315Z
DEMO-DEV-2391,125,2022-10-21T16:31:47.605Z,2026-09-14T15:53:51.782Z
DEMO-DEV-2449,125,2022-10-08T10:14:36.288Z,2026-09-13T15:01:35.218Z
DEMO-DEV-2583,125,2022-11-09T09:57:03.786Z,2026-09-12T23:28:02.568Z
DEMO-DEV-2588,125,2022-10-08T07:30:52.003Z,2026-08-28T14:16:07.969Z
DEMO-DEV-2773,125,2022-10-31T16:00:38.192Z,2026-09-08T07:24:38.692Z
DEMO-DEV-2795,125,2022-10-11T19:01:18.068Z,2026-09-26T03:49:59.836Z
DEMO-DEV-2804,125,2022-10-17T23:15:38.966Z,2026-09-20T14:53:07.714Z
DEMO-DEV-2815,125,2022-10-02T20:25:55.556Z,2026-09-04T11:17:44.597Z
DEMO-DEV-2880,125,2022-10-14T11:34:32.614Z,2026-09-20T16:54:19.189Z
DEMO-DEV-2980,125,2022-10-20T08:48:32.024Z,2026-09-17T20:50:24.254Z
DEMO-DEV-3014,125,2022-10-16T05:24:18.409Z,2026-09-24T11:00:21.985Z
DEMO-DEV-3152,125,2022-10-16T09:10:27.992Z,2026-09-29T01:52:02.508Z
DEMO-DEV-3375,125,2022-10-05T17:20:22.865Z,2026-09-29T13:29:26.252Z
DEMO-DEV-3432,125,2022-10-11T16:51:15.239Z,2026-09-18T10:20:19.307Z
DEMO-DEV-3436,125,2022-10-02T00:51:08.865Z,2026-09-27T18:34:48.167Z
DEMO-DEV-3519,125,2022-10-08T07:45:54.442Z,2026-09-15T11:07:02.391Z
DEMO-DEV-3572,125,2022-10-04T02:30:24.555Z,2026-09-23T17:35:51.511Z
DEMO-DEV-3640,125,2022-10-02T16:30:18.167Z,2026-08-21T22:19:50.040Z
DEMO-DEV-3645,125,2022-10-11T23:03:55.500Z,2026-09-05T19:30:29.778Z
DEMO-DEV-3657,125,2022-10-24T22:44:36.714Z,2026-09-03T09:10:27.134Z
DEMO-DEV-3668,125,2022-10-05T00:26:09.636Z,2026-09-29T13:39:40.537Z
DEMO-DEV-3737,125,2022-10-12T14:15:28.090Z,2026-08-24T14:12:54.778Z
DEMO-DEV-3749,125,2022-10-09T07:42:38.253Z,2026-09-28T09:27:33.203Z
DEMO-DEV-3846,125,2022-10-09T03:55:20.455Z,2026-09-18T20:16:29.614Z
DEMO-DEV-3858,125,2022-10-16T08:59:54.021Z,2026-09-26T11:59:18.618Z
DEMO-DEV-3860,125,2022-10-01T22:25:39.865Z,2026-09-29T16:41:26.221Z
DEMO-DEV-3987,125,2022-10-01T13:55:34.806Z,2026-09-28T14:34:54.038Z
DEMO-DEV-4007,125,2022-10-11T03:05:10.026Z,2026-09-15T02:10:28.497Z
DEMO-DEV-4096,125,2022-10-08T17:36:42.354Z,2026-09-27T19:49:55.658Z
DEMO-DEV-4147,125,2022-10-10T00:15:37.950Z,2026-09-25T19:05:23.315Z
DEMO-DEV-4185,125,2022-10-02T11:32:06.497Z,2026-09-11T09:58:58.172Z
DEMO-DEV-4234,125,2022-10-16T14:27:07.173Z,2026-09-27T12:12:05.319Z
DEMO-DEV-4248,125,2022-10-03T07:59:58.975Z,2026-09-27T02:42:05.508Z
DEMO-DEV-4265,125,2022-10-30T09:39:42.390Z,2026-09-22T01:55:38.535Z
DEMO-DEV-4282,125,2022-10-04T06:33:06.806Z,2026-09-20T09:35:56.682Z
DEMO-DEV-4404,125,2022-10-01T23:30:21.368Z,2026-09-25T11:17:51.446Z
DEMO-DEV-4484,125,2022-10-10T04:36:07.402Z,2026-09-28T20:31:44.443Z
DEMO-DEV-4497,125,2022-10-08T05:46:10.226Z,2026-09-28T19:19:26.965Z
DEMO-DEV-4545,125,2022-10-13T02:16:03.682Z,2026-09-24T09:07:18.793Z
DEMO-DEV-4567,125,2022-10-12T18:54:56.288Z,2026-09-13T23:09:54.264Z
DEMO-DEV-4576,125,2022-10-08T15:34:43.087Z,2026-09-15T19:24:26.578Z
DEMO-DEV-4653,125,2022-11-19T19:53:17.063Z,2026-09-14T15:36:08.123Z
DEMO-DEV-4663,125,2022-10-03T12:16:03.073Z,2026-09-26T15:32:34.658Z
DEMO-DEV-4719,125,2022-10-11T05:19:50.884Z,2026-09-29T19:08:48.023Z
DEMO-DEV-4737,125,2022-10-10T07:15:47.646Z,2026-09-29T13:08:23.308Z
DEMO-DEV-4745,125,2022-10-18T06:01:59.754Z,2026-09-17T23:24:25.975Z
DEMO-DEV-4814,125,2022-10-08T08:45:03.784Z,2026-09-22T18:38:44.230Z
DEMO-DEV-4826,125,2022-10-11T09:01:10.232Z,2026-09-22T01:53:17.239Z
DEMO-DEV-4835,125,2022-10-15T05:31:06.975Z,2026-09-02T14:32:32.205Z
DEMO-DEV-4962,125,2022-10-22T09:14:10.799Z,2026-09-23T07:28:50.503Z
DEMO-DEV-4964,125,2022-10-02T11:58:58.446Z,2026-09-26T03:23:22.929Z
DEMO-DEV-5012,125,2022-10-24T19:50:13.300Z,2026-08-07T21:39:18.087Z
DEMO-DEV-5063,125,2022-10-14T03:57:26.968Z,2026-09-27T07:18:22.234Z
DEMO-DEV-5098,125,2022-10-05T06:22:04.345Z,2026-09-18T01:08:53.786Z
DEMO-DEV-5104,125,2022-10-06T18:34:04.004Z,2026-08-20T05:13:53.246Z
DEMO-DEV-5180,125,2022-10-09T04:33:51.172Z,2026-09-23T20:14:29.676Z
DEMO-DEV-5202,125,2022-11-07T12:09:15.288Z,2026-09-17T09:59:58.556Z
DEMO-DEV-5295,125,2022-10-23T15:23:22.841Z,2026-09-27T17:34:39.842Z
DEMO-DEV-5296,125,2022-10-02T06:03:15.208Z,2026-09-09T00:57:03.173Z
DEMO-DEV-5411,125,2022-10-20T12:24:08.415Z,2026-08-24T21:02:05.682Z
DEMO-DEV-5419,125,2022-10-09T21:53:03.503Z,2026-09-25T10:27:32.246Z
DEMO-DEV-5634,125,2022-10-17T02:35:49.218Z,2026-09-27T01:50:59.300Z
DEMO-DEV-5681,125,2022-12-17T18:38:19.639Z,2026-09-27T17:00:52.992Z
DEMO-DEV-5751,125,2022-10-13T04:09:40.879Z,2026-09-20T16:29:51.239Z
DEMO-DEV-5895,125,2022-10-24T11:56:40.038Z,2026-09-12T21:37:54.646Z
DEMO-DEV-5907,125,2022-10-04T18:12:42.885Z,2026-09-25T20:15:10.319Z
DEMO-DEV-5917,125,2022-10-06T01:37:42.038Z,2026-09-17T15:11:42.992Z
DEMO-DEV-5926,125,2022-10-13T14:56:58.966Z,2026-09-14T10:21:37.513Z
DEMO-DEV-5937,125,2022-11-03T17:36:07.120Z,2026-09-20T13:43:00.470Z
DEMO-DEV-6033,125,2022-10-05T18:26:16.446Z,2026-09-29T15:13:17.976Z
DEMO-DEV-6057,125,2022-10-03T22:58:21.784Z,2026-09-05T02:35:24.325Z
DEMO-DEV-6060,125,2022-11-09T20:51:52.612Z,2026-08-21T09:44:00.015Z
DEMO-DEV-6063,125,2022-10-10T21:05:05.190Z,2026-09-25T17:20:24.173Z
DEMO-DEV-6195,125,2022-10-18T18:03:07.992Z,2026-09-23T02:46:54.839Z
DEMO-DEV-6218,125,2022-10-13T13:45:39.527Z,2026-09-19T20:59:58.291Z
DEMO-DEV-6434,125,2022-10-02T11:10:07.710Z,2026-09-13T03:55:41.969Z
DEMO-DEV-6454,125,2022-10-12T19:32:57.391Z,2026-09-28T02:03:09.989Z
DEMO-DEV-6542,125,2022-10-07T18:29:43.859Z,2026-09-11T01:17:31.974Z
DEMO-DEV-6543,125,2022-10-09T17:21:34.917Z,2026-09-09T03:53:04.987Z
DEMO-DEV-6866,125,2022-10-11T07:27:05.537Z,2026-09-26T02:10:04.524Z
DEMO-DEV-6917,125,2022-10-04T18:47:00.272Z,2026-09-28T21:20:30.252Z
DEMO-DEV-6934,125,2022-10-25T03:25:34.968Z,2026-09-13T23:07:11.300Z
DEMO-DEV-6947,125,2022-12-05T11:08:53.612Z,2026-08-08T23:05:11.714Z
DEMO-DEV-6969,125,2022-10-02T15:35:59.500Z,2026-09-19T17:29:27.784Z
DEMO-DEV-6997,125,2022-10-05T09:04:37.817Z,2026-09-26T20:07:49.470Z
DEMO-DEV-7013,125,2022-10-15T18:41:19.612Z,2026-09-29T04:17:07.591Z
DEMO-DEV-7083,125,2022-10-06T12:13:45.246Z,2026-09-30T02:17:49.879Z
DEMO-DEV-7129,125,2022-10-07T08:20:39.811Z,2026-09-24T22:28:49.929Z
DEMO-DEV-7157,125,2022-10-02T18:56:27.246Z,2026-09-26T11:48:30.302Z
DEMO-DEV-7213,125,2022-11-24T19:24:21.568Z,2026-09-29T06:31:02.778Z
DEMO-DEV-7226,125,2022-10-29T14:31:47.535Z,2026-09-03T07:45:21.315Z
DEMO-DEV-7236,125,2022-10-18T12:29:56.205Z,2026-09-19T08:11:18.584Z
DEMO-DEV-7241,125,2022-10-01T17:31:17.950Z,2026-09-20T22:09:11.189Z
DEMO-DEV-7281,125,2022-10-04T10:24:00.535Z,2026-09-18T09:58:23.537Z
DEMO-DEV-7345,125,2022-10-03T21:16:10.557Z,2026-09-21T10:18:07.892Z
DEMO-DEV-7393,125,2022-10-02T17:26:29.658Z,2026-08-27T05:52:56.555Z
DEMO-DEV-7464,125,2022-10-12T12:52:58.027Z,2026-09-23T22:11:05.120Z
DEMO-DEV-7472,125,2022-10-04T17:38:52.252Z,2026-08-31T16:57:33.402Z
DEMO-DEV-7543,125,2022-10-10T04:34:53.428Z,2026-08-27T18:45:44.027Z
DEMO-DEV-7612,125,2022-10-01T11:24:23.503Z,2026-09-29T13:58:24.446Z
DEMO-DEV-7647,125,2022-10-11T18:15:45.513Z,2026-09-25T11:23:29.298Z
DEMO-DEV-7694,125,2022-10-03T08:01:13.727Z,2026-09-29T14:26:14.524Z
DEMO-DEV-7823,125,2022-10-14T00:07:55.618Z,2026-09-25T03:27:51.307Z
DEMO-DEV-7903,125,2022-10-04T01:24:00.040Z,2026-09-25T05:42:56.308Z
DEMO-DEV-7997,125,2022-10-06T03:05:32.345Z,2026-09-24T18:15:14.238Z
DEMO-DEV-8013,125,2022-10-14T18:15:53.599Z,2026-09-28T17:06:47.308Z
DEMO-DEV-8017,125,2022-10-08T01:31:02.225Z,2026-09-23T13:10:41.288Z
DEMO-DEV-8060,125,2022-10-04T22:26:19.682Z,2026-09-18T04:51:56.190Z
DEMO-DEV-8143,125,2022-10-31T14:49:46.205Z,2026-09-08T19:12:03.556Z
DEMO-DEV-8165,125,2022-10-02T08:12:23.966Z,2026-09-26T18:50:18.428Z
DEMO-DEV-8220,125,2022-10-23T05:12:18.646Z,2026-08-28T14:43:46.816Z
DEMO-DEV-8258,125,2022-10-02T11:26:35.203Z,2026-09-16T00:58:32.391Z
DEMO-DEV-8285,125,2022-10-04T15:37:13.597Z,2026-09-24T19:21:46.892Z
DEMO-DEV-8351,125,2022-10-04T23:05:42.443Z,2026-09-22T16:11:36.307Z
DEMO-DEV-8558,125,2022-10-04T03:10:46.949Z,2026-08-11T03:27:40.080Z
DEMO-DEV-8674,125,2022-10-18T09:41:38.915Z,2026-09-29T14:53:35.508Z
DEMO-DEV-8711,125,2022-10-07T03:34:38.987Z,2026-09-24T20:55:56.976Z
DEMO-DEV-8740,125,2022-10-01T22:15:14.172Z,2026-08-05T13:50:22.948Z
DEMO-DEV-8743,125,2022-10-01T12:23:21.949Z,2026-09-24T07:46:08.692Z
DEMO-DEV-8795,125,2022-10-03T08:27:44.403Z,2026-09-29T23:45:10.865Z
DEMO-DEV-8836,125,2022-10-07T23:28:12.865Z,2026-08-10T09:40:29.612Z
DEMO-DEV-8886,125,2022-10-20T09:13:29.527Z,2026-09-10T17:48:04.068Z
DEMO-DEV-8893,125,2022-10-01T23:31:51.519Z,2026-09-22T13:44:32.992Z
DEMO-DEV-8896,125,2022-10-06T01:22:04.868Z,2026-09-13T02:35:55.391Z
DEMO-DEV-8921,125,2022-10-24T12:20:31.556Z,2026-09-29T11:30:22.189Z
DEMO-DEV-8930,125,2022-10-06T02:55:06.300Z,2026-09-28T23:13:25.926Z
DEMO-DEV-8939,125,2022-10-04T23:11:01.618Z,2026-09-19T03:23:47.015Z
DEMO-DEV-9045,125,2022-10-07T23:04:54.513Z,2026-09-28T18:02:27.618Z
DEMO-DEV-9079,125,2022-10-01T12:55:54.974Z,2026-09-30T06:15:02.710Z
DEMO-DEV-9146,125,2022-10-18T05:00:13.123Z,2026-09-30T00:47:13.300Z
DEMO-DEV-9200,125,2022-10-16T02:08:16.778Z,2026-09-08T08:20:09.077Z
DEMO-DEV-9308,125,2022-10-01T10:21:35.648Z,2026-09-19T01:33:23.692Z
DEMO-DEV-9362,125,2022-10-09T03:03:17.537Z,2026-09-15T07:33:40.513Z
DEMO-DEV-9448,125,2022-11-09T05:05:37.719Z,2026-09-16T18:08:17.150Z
DEMO-DEV-9472,125,2022-10-27T12:19:25.222Z,2026-09-28T11:55:18.442Z
DEMO-DEV-9533,125,2022-10-02T05:33:59.239Z,2026-09-27T13:34:54.966Z
DEMO-DEV-9544,125,2022-11-02T09:39:36.992Z,2026-09-28T19:49:02.879Z
DEMO-DEV-9569,125,2022-10-08T03:35:59.289Z,2026-09-26T05:00:21.268Z
DEMO-DEV-9658,125,2022-10-06T21:40:20.948Z,2026-09-23T10:28:17.272Z
DEMO-DEV-9695,125,2022-10-06T17:54:31.368Z,2026-09-24T06:46:30.612Z
DEMO-DEV-9706,125,2022-11-08T05:06:53.545Z,2026-09-18T07:21:24.867Z
DEMO-DEV-9716,125,2022-10-03T06:30:07.254Z,2026-09-21T06:28:10.811Z
DEMO-DEV-9760,125,2022-10-03T23:34:41.591Z,2026-09-21T08:15:52.792Z
DEMO-DEV-9775,125,2022-10-01T15:50:10.754Z,2026-09-14T14:27:55.150Z
DEMO-DEV-9920,125,2022-10-28T10:04:06.015Z,2026-09-21T09:57:25.370Z
DEMO-DEV-9990,125,2022-10-04T04:31:29.370Z,2026-09-26T09:49:33.319Z
DEMO-DEV-0008,124,2022-10-07T11:35:38.993Z,2026-09-25T18:57:42.192Z
DEMO-DEV-0015,124,2022-10-11T15:42:40.289Z,2026-09-20T18:41:28.224Z
DEMO-DEV-0051,124,2022-10-06T00:17:03.123Z,2026-08-24T04:36:56.168Z
DEMO-DEV-0109,124,2022-10-14T02:44:39.658Z,2026-09-14T11:36:01.891Z
DEMO-DEV-0248,124,2022-10-12T12:12:13.203Z,2026-09-23T21:10:35.189Z
DEMO-DEV-0374,124,2022-10-12T04:03:45.394Z,2026-09-23T05:45:02.752Z
DEMO-DEV-0379,124,2022-10-03T17:45:35.239Z,2026-09-09T17:04:10.816Z
DEMO-DEV-0441,124,2022-11-20T23:57:54.578Z,2026-09-22T18:46:04.804Z
DEMO-DEV-0468,124,2022-10-06T02:53:13.719Z,2026-09-13T02:50:50.752Z
DEMO-DEV-0471,124,2022-11-10T10:07:17.714Z,2026-09-23T11:54:13.727Z
DEMO-DEV-0499,124,2022-10-01T21:53:31.646Z,2026-09-20T11:32:18.134Z
DEMO-DEV-0507,124,2022-10-04T04:02:31.291Z,2026-09-18T11:33:26.879Z
DEMO-DEV-0711,124,2022-10-28T23:39:25.428Z,2026-09-29T05:53:39.442Z
DEMO-DEV-0728,124,2022-10-13T12:11:23.057Z,2026-09-11T09:07:37.661Z
DEMO-DEV-0941,124,2022-10-03T03:17:59.648Z,2026-09-26T13:59:20.403Z
DEMO-DEV-0955,124,2022-10-05T07:48:45.648Z,2026-09-23T15:13:16.884Z
DEMO-DEV-0987,124,2022-10-11T21:27:42.428Z,2026-09-04T16:05:59.666Z
DEMO-DEV-1111,124,2022-10-24T15:58:13.989Z,2026-09-16T04:24:09.738Z
DEMO-DEV-1248,124,2022-10-17T18:20:37.968Z,2026-09-28T20:19:48.976Z
DEMO-DEV-1255,124,2022-10-18T02:26:49.511Z,2026-09-30T04:33:29.225Z
DEMO-DEV-1264,124,2022-10-20T00:01:37.357Z,2026-09-08T16:12:46.727Z
DEMO-DEV-1277,124,2022-10-03T23:48:08.648Z,2026-09-25T01:36:09.738Z
DEMO-DEV-1308,124,2022-10-09T17:23:49.727Z,2026-09-19T12:34:14.308Z
DEMO-DEV-1349,124,2022-10-01T09:34:15.287Z,2026-09-24T02:37:18.203Z
DEMO-DEV-1350,124,2022-10-11T17:54:57.851Z,2026-09-15T18:00:36.250Z
DEMO-DEV-1420,124,2022-10-02T15:16:42.090Z,2026-09-29T11:41:42.655Z
DEMO-DEV-1587,124,2022-10-04T03:01:59.605Z,2026-09-22T20:39:00.472Z
DEMO-DEV-1744,124,2022-10-18T11:09:18.811Z,2026-09-21T17:31:59.527Z
DEMO-DEV-1775,124,2022-10-09T16:34:56.443Z,2026-09-28T14:16:21.218Z
DEMO-DEV-1843,124,2022-10-01T18:24:47.948Z,2026-09-23T08:16:28.513Z
DEMO-DEV-1875,124,2022-10-07T07:37:42.556Z,2026-09-20T15:17:57.264Z
DEMO-DEV-1935,124,2022-10-15T08:01:58.985Z,2026-09-27T22:04:59.599Z
DEMO-DEV-1949,124,2022-10-03T18:42:42.403Z,2026-09-07T17:13:45.057Z
DEMO-DEV-1951,124,2022-10-16T10:58:18.409Z,2026-09-18T21:44:36.037Z
DEMO-DEV-1981,124,2022-10-15T05:12:28.842Z,2026-09-19T16:53:29.090Z
DEMO-DEV-1983,124,2022-10-15T17:59:47.015Z,2026-09-08T00:33:06.139Z
DEMO-DEV-1992,124,2022-10-04T03:33:06.485Z,2026-09-29T09:49:53.470Z
DEMO-DEV-2004,124,2022-10-12T02:58:03.300Z,2026-09-19T08:26:52.150Z
DEMO-DEV-2043,124,2022-10-07T00:26:07.224Z,2026-09-28T23:03:46.885Z
DEMO-DEV-2050,124,2022-10-12T01:41:16.714Z,2026-09-16T08:55:42.173Z
DEMO-DEV-2059,124,2022-10-03T20:16:10.688Z,2026-09-18T05:37:15.692Z
DEMO-DEV-2072,124,2022-10-12T11:22:47.254Z,2026-09-26T09:58:48.500Z
DEMO-DEV-2110,124,2022-10-31T07:14:53.913Z,2026-09-29T12:24:06.302Z
DEMO-DEV-2145,124,2022-10-13T07:20:23.319Z,2026-09-19T16:15:14.073Z
DEMO-DEV-2346,124,2022-10-04T22:13:52.288Z,2026-09-03T19:22:46.068Z
DEMO-DEV-2379,124,2022-10-10T17:43:52.870Z,2026-09-10T06:49:22.134Z
DEMO-DEV-2409,124,2022-10-01T23:01:12.021Z,2026-09-26T13:28:30.225Z
DEMO-DEV-2430,124,2022-10-13T18:32:19.497Z,2026-09-25T17:08:33.870Z
DEMO-DEV-2447,124,2022-10-02T13:11:14.806Z,2026-09-28T02:06:31.692Z
DEMO-DEV-2497,124,2022-10-06T16:09:18.466Z,2026-09-29T21:39:26.337Z
DEMO-DEV-2569,124,2022-11-15T23:15:11.466Z,2026-09-29T04:21:49.976Z
DEMO-DEV-2639,124,2022-10-03T15:13:54.045Z,2026-09-28T04:10:49.859Z
DEMO-DEV-2644,124,2022-10-18T20:05:02.239Z,2026-09-26T23:54:05.508Z
DEMO-DEV-2665,124,2022-10-09T16:20:45.639Z,2026-09-15T18:37:38.846Z
DEMO-DEV-2710,124,2022-10-09T11:50:48.325Z,2026-09-22T17:12:39.236Z
DEMO-DEV-2765,124,2022-10-03T05:40:46.038Z,2026-09-26T11:28:56.557Z
DEMO-DEV-2775,124,2022-10-21T04:50:38.511Z,2026-09-29T11:36:43.442Z
DEMO-DEV-2846,124,2022-10-08T22:16:59.537Z,2026-08-24T09:17:40.325Z
DEMO-DEV-2983,124,2022-10-29T19:52:40.232Z,2026-09-24T21:02:00.090Z
DEMO-DEV-3008,124,2022-10-05T06:57:26.366Z,2026-09-26T08:05:14.782Z
DEMO-DEV-3013,124,2022-10-04T07:42:26.446Z,2026-09-20T12:06:38.239Z
DEMO-DEV-3067,124,2022-10-17T09:46:22.004Z,2026-09-30T04:31:26.203Z
DEMO-DEV-3075,124,2022-10-04T21:32:19.462Z,2026-08-05T21:29:30.090Z
DEMO-DEV-3108,124,2022-10-20T09:56:15.090Z,2026-09-23T20:47:34.950Z
DEMO-DEV-3119,124,2022-10-20T02:05:08.658Z,2026-09-16T23:36:21.500Z
DEMO-DEV-3285,124,2022-10-22T06:37:00.254Z,2026-09-19T21:50:07.370Z
DEMO-DEV-3297,124,2022-10-03T17:03:06.337Z,2026-09-25T19:55:57.226Z
DEMO-DEV-3395,124,2022-10-20T10:59:41.568Z,2026-09-23T21:09:02.974Z
DEMO-DEV-3479,124,2022-10-07T04:31:07.232Z,2026-09-08T23:46:30.409Z
DEMO-DEV-3514,124,2022-10-23T06:59:00.222Z,2026-09-24T15:12:57.394Z
DEMO-DEV-3538,124,2022-10-04T20:57:53.989Z,2026-09-29T12:42:14.870Z
DEMO-DEV-3574,124,2022-10-11T06:04:08.204Z,2026-09-27T03:51:24.839Z
DEMO-DEV-3599,124,2022-10-15T21:42:25.968Z,2026-09-27T07:32:38.948Z
DEMO-DEV-3635,124,2022-10-03T20:36:21.123Z,2026-09-17T05:15:50.023Z
DEMO-DEV-3687,124,2022-10-16T22:09:48.003Z,2026-09-13T18:34:59.926Z
DEMO-DEV-3779,124,2022-10-08T06:17:54.792Z,2026-09-25T04:29:06.884Z
DEMO-DEV-3820,124,2022-10-03T22:54:42.239Z,2026-09-20T05:25:18.702Z
DEMO-DEV-3841,124,2022-10-03T06:33:50.966Z,2026-09-28T15:07:35.614Z
DEMO-DEV-3847,124,2022-10-21T14:10:18.352Z,2026-08-22T12:46:33.614Z
DEMO-DEV-3882,124,2022-10-03T17:05:09.870Z,2026-09-26T10:26:41.682Z
DEMO-DEV-3887,124,2022-10-02T15:55:49.409Z,2026-09-26T21:43:06.863Z
DEMO-DEV-3936,124,2022-11-11T15:39:49.778Z,2026-09-03T01:35:23.402Z
DEMO-DEV-3994,124,2022-10-09T08:45:58.658Z,2026-09-07T07:55:05.545Z
DEMO-DEV-4037,124,2022-10-09T15:13:07.646Z,2026-09-06T19:46:09.172Z
DEMO-DEV-4068,124,2022-10-07T19:00:54.014Z,2026-09-22T07:36:28.004Z
DEMO-DEV-4124,124,2022-10-15T06:50:35.607Z,2026-09-29T22:03:28.846Z
DEMO-DEV-4210,124,2022-10-07T11:06:45.455Z,2026-09-28T10:12:22.230Z
DEMO-DEV-4292,124,2022-10-23T01:23:32.268Z,2026-09-19T22:04:40.352Z
DEMO-DEV-4324,124,2022-10-05T02:48:05.161Z,2026-09-23T01:51:39.138Z
DEMO-DEV-4356,124,2022-10-03T07:41:39.226Z,2026-09-22T02:18:57.537Z
DEMO-DEV-4432,124,2022-10-17T20:09:56.817Z,2026-06-21T04:38:31.288Z
DEMO-DEV-4569,124,2022-10-06T07:06:12.864Z,2026-09-29T16:07:19.929Z
DEMO-DEV-4630,124,2022-10-29T16:01:35.545Z,2026-09-27T23:39:51.167Z
DEMO-DEV-4723,124,2022-10-03T00:42:54.597Z,2026-09-29T17:48:14.655Z
DEMO-DEV-4727,124,2022-10-16T04:10:06.846Z,2026-09-28T11:43:38.366Z
DEMO-DEV-4739,124,2022-11-11T00:25:29.038Z,2026-09-19T20:55:37.556Z
DEMO-DEV-4752,124,2022-10-04T21:53:10.236Z,2026-08-30T17:46:21.795Z
DEMO-DEV-4796,124,2022-10-05T19:15:00.308Z,2026-08-31T10:56:45.087Z
DEMO-DEV-4861,124,2022-10-17T02:58:49.173Z,2026-09-27T12:18:42.966Z
DEMO-DEV-4895,124,2022-10-02T05:18:58.879Z,2026-09-04T05:50:49.288Z
DEMO-DEV-4929,124,2022-10-03T04:23:31.080Z,2026-09-25T17:49:27.765Z
DEMO-DEV-4930,124,2022-10-05T07:57:24.352Z,2026-09-16T18:30:21.985Z
DEMO-DEV-4994,124,2022-11-05T13:03:58.239Z,2026-08-31T08:57:38.778Z
DEMO-DEV-5123,124,2022-10-13T20:14:16.357Z,2026-09-27T01:10:17.442Z
DEMO-DEV-5154,124,2022-10-21T18:22:43.246Z,2026-09-14T08:40:16.519Z
DEMO-DEV-5192,124,2022-10-17T09:00:10.460Z,2026-09-30T04:03:03.040Z
DEMO-DEV-5210,124,2022-11-20T14:08:47.714Z,2026-09-18T22:34:56.786Z
DEMO-DEV-5273,124,2022-10-02T05:00:31.026Z,2026-09-26T01:57:43.503Z
DEMO-DEV-5289,124,2022-10-17T17:06:51.618Z,2026-09-26T14:11:58.557Z
DEMO-DEV-5416,124,2022-10-06T00:20:41.668Z,2026-09-26T18:39:56.524Z
DEMO-DEV-5471,124,2022-10-23T14:23:50.368Z,2026-09-26T19:16:52.319Z
DEMO-DEV-5475,124,2022-10-09T17:25:55.879Z,2026-07-20T09:47:50.387Z
DEMO-DEV-5621,124,2022-10-01T09:52:16.778Z,2026-09-27T02:28:24.646Z
DEMO-DEV-5622,124,2022-10-02T02:42:18.204Z,2026-09-28T01:20:13.648Z
DEMO-DEV-5694,124,2022-10-11T18:40:52.236Z,2026-09-17T21:04:19.976Z
DEMO-DEV-5710,124,2022-10-15T02:45:42.073Z,2026-09-26T08:26:52.976Z
DEMO-DEV-5712,124,2022-10-05T11:39:59.409Z,2026-09-19T17:46:15.289Z
DEMO-DEV-5795,124,2022-10-04T12:22:50.618Z,2026-09-18T17:07:26.692Z
DEMO-DEV-5875,124,2022-10-22T08:22:32.727Z,2026-09-14T13:36:26.221Z
DEMO-DEV-5888,124,2022-10-15T23:25:24.892Z,2026-09-26T05:56:34.841Z
DEMO-DEV-5920,124,2022-10-09T14:51:14.226Z,2026-08-27T16:20:55.403Z
DEMO-DEV-5957,124,2022-10-03T18:28:06.189Z,2026-09-29T20:52:19.948Z
DEMO-DEV-5976,124,2022-10-02T02:19:55.252Z,2026-09-15T19:57:14.446Z
DEMO-DEV-5978,124,2022-10-09T09:22:00.929Z,2026-09-20T22:33:30.003Z
DEMO-DEV-5993,124,2022-10-15T12:55:40.080Z,2026-09-06T23:15:03.513Z
DEMO-DEV-6058,124,2022-10-18T00:47:22.161Z,2026-09-29T18:09:40.387Z
DEMO-DEV-6121,124,2022-10-21T19:40:08.390Z,2026-09-28T05:08:25.466Z
DEMO-DEV-6154,124,2022-10-19T14:17:29.865Z,2026-07-29T11:10:31.428Z
DEMO-DEV-6207,124,2022-10-01T20:37:03.442Z,2026-09-03T11:00:25.190Z
DEMO-DEV-6266,124,2022-10-28T04:20:31.795Z,2026-09-21T04:27:47.442Z
DEMO-DEV-6391,124,2022-10-25T22:02:59.817Z,2026-09-14T23:36:33.864Z
DEMO-DEV-6442,124,2022-10-02T14:45:07.368Z,2026-09-19T06:57:22.287Z
DEMO-DEV-6461,124,2022-10-08T08:26:23.120Z,2026-08-15T23:58:52.778Z
DEMO-DEV-6470,124,2022-10-06T09:38:28.409Z,2026-07-12T09:24:13.803Z
DEMO-DEV-6480,124,2022-11-04T09:33:41.120Z,2026-09-20T05:56:07.497Z
DEMO-DEV-6506,124,2022-10-13T23:46:16.246Z,2026-09-27T03:02:22.655Z
DEMO-DEV-6514,124,2022-10-09T00:50:57.075Z,2026-09-28T05:22:17.138Z
DEMO-DEV-6535,124,2022-10-02T06:07:37.219Z,2026-09-29T00:35:32.784Z
DEMO-DEV-6549,124,2022-10-08T06:35:29.859Z,2026-09-04T22:45:10.527Z
DEMO-DEV-6684,124,2022-10-07T04:58:23.080Z,2026-09-28T13:21:53.211Z
DEMO-DEV-6774,124,2022-10-03T07:02:17.211Z,2026-09-28T22:41:32.799Z
DEMO-DEV-6781,124,2022-10-21T09:31:41.817Z,2026-09-20T21:12:28.250Z
DEMO-DEV-6849,124,2022-10-08T10:33:49.915Z,2026-09-17T02:06:23.428Z
DEMO-DEV-6878,124,2022-10-15T03:46:37.974Z,2026-09-11T04:43:51.319Z
DEMO-DEV-6926,124,2022-11-15T14:45:54.254Z,2026-09-27T16:52:42.462Z
DEMO-DEV-6930,124,2022-10-01T15:34:52.319Z,2026-09-29T00:40:24.545Z
DEMO-DEV-6967,124,2022-10-13T04:50:44.841Z,2026-09-29T17:39:21.851Z
DEMO-DEV-6975,124,2022-11-09T16:40:16.224Z,2026-09-21T07:57:09.597Z
DEMO-DEV-7035,124,2022-10-11T23:15:57.692Z,2026-09-17T19:47:57.842Z
DEMO-DEV-7066,124,2022-10-05T05:10:42.661Z,2026-08-12T00:38:45.655Z
DEMO-DEV-7081,124,2022-11-11T10:26:17.236Z,2026-09-24T12:55:41.397Z
DEMO-DEV-7194,124,2022-10-09T01:26:30.879Z,2026-09-24T18:16:20.710Z
DEMO-DEV-7239,124,2022-10-09T20:35:52.646Z,2026-09-26T15:10:44.535Z
DEMO-DEV-7301,124,2022-11-04T04:27:22.614Z,2026-09-27T07:44:16.455Z
DEMO-DEV-7312,124,2022-10-02T15:33:05.786Z,2026-09-26T18:43:47.370Z
DEMO-DEV-7390,124,2022-10-01T21:42:29.655Z,2026-09-25T04:01:04.203Z
DEMO-DEV-7461,124,2022-10-06T19:17:17.120Z,2026-09-25T21:12:49.250Z
DEMO-DEV-7509,124,2022-10-16T06:47:14.524Z,2026-09-29T16:33:18.123Z
DEMO-DEV-7513,124,2022-10-02T03:58:24.246Z,2026-09-27T11:00:35.123Z
DEMO-DEV-7549,124,2022-10-05T21:41:20.524Z,2026-09-20T18:51:29.307Z
DEMO-DEV-7558,124,2022-10-08T16:12:05.836Z,2026-09-22T08:43:33.508Z
DEMO-DEV-7561,124,2022-10-11T22:35:35.692Z,2026-09-23T08:52:55.026Z
DEMO-DEV-7601,124,2022-10-02T05:10:39.555Z,2026-09-21T19:52:44.155Z
DEMO-DEV-7620,124,2022-10-01T20:30:04.864Z,2026-09-17T01:24:23.976Z
DEMO-DEV-7779,124,2022-10-19T07:36:50.811Z,2026-09-21T10:00:43.173Z
DEMO-DEV-7899,124,2022-10-02T12:38:40.655Z,2026-09-14T11:29:31.778Z
DEMO-DEV-7921,124,2022-11-28T14:36:20.168Z,2026-09-27T14:35:07.864Z
DEMO-DEV-7928,124,2022-10-18T14:10:25.080Z,2026-09-16T05:19:20.825Z
DEMO-DEV-7964,124,2022-10-07T12:28:09.976Z,2026-09-10T07:41:21.785Z
DEMO-DEV-8039,124,2022-10-08T09:36:24.319Z,2026-09-24T23:13:16.863Z
DEMO-DEV-8080,124,2022-11-08T09:14:26.485Z,2026-09-17T14:20:52.865Z
DEMO-DEV-8172,124,2022-10-24T10:02:20.873Z,2026-09-10T14:39:51.817Z
DEMO-DEV-8295,124,2022-11-09T23:51:46.966Z,2026-09-08T22:32:01.965Z
DEMO-DEV-8359,124,2022-10-16T09:34:32.021Z,2026-09-25T20:29:27.236Z
DEMO-DEV-8373,124,2022-10-13T06:52:04.168Z,2026-09-25T16:43:08.668Z
DEMO-DEV-8409,124,2022-10-23T11:44:17.985Z,2026-09-13T11:43:51.190Z
DEMO-DEV-8584,124,2022-10-01T12:12:26.236Z,2026-09-21T08:48:20.252Z
DEMO-DEV-8635,124,2022-10-17T23:36:18.172Z,2026-09-17T18:44:23.165Z
DEMO-DEV-8695,124,2022-10-06T14:50:03.365Z,2026-09-24T01:01:09.825Z
DEMO-DEV-8816,124,2022-10-01T11:14:29.287Z,2026-09-17T22:51:23.917Z
DEMO-DEV-8846,124,2022-10-12T10:09:36.208Z,2026-09-21T17:35:08.891Z
DEMO-DEV-8853,124,2022-10-08T15:01:25.966Z,2026-09-30T01:09:48.778Z
DEMO-DEV-8891,124,2022-10-14T08:58:14.727Z,2026-09-23T14:28:56.948Z
DEMO-DEV-8916,124,2022-11-07T13:19:19.234Z,2026-09-30T05:57:39.190Z
DEMO-DEV-8958,124,2022-10-09T04:14:35.460Z,2026-09-23T15:14:23.161Z
DEMO-DEV-8966,124,2022-10-16T06:22:53.264Z,2026-09-21T20:44:33.139Z
DEMO-DEV-9003,124,2022-10-10T02:07:58.786Z,2026-09-16T11:50:31.976Z
DEMO-DEV-9033,124,2022-10-03T13:30:40.238Z,2026-09-11T18:02:08.555Z
DEMO-DEV-9115,124,2022-10-05T07:35:29.120Z,2026-09-18T15:39:52.646Z
DEMO-DEV-9129,124,2022-10-02T16:42:05.646Z,2026-09-29T22:42:27.692Z
DEMO-DEV-9226,124,2022-10-06T22:02:47.719Z,2026-09-25T08:26:28.917Z
DEMO-DEV-9240,124,2022-10-24T12:06:16.024Z,2026-09-25T16:37:40.752Z
DEMO-DEV-9495,124,2022-10-03T14:04:20.460Z,2026-08-28T17:31:32.676Z
DEMO-DEV-9510,124,2022-10-04T16:38:45.968Z,2026-09-05T10:54:23.165Z
DEMO-DEV-9699,124,2022-10-17T22:48:56.075Z,2026-09-29T21:59:37.950Z
DEMO-DEV-9791,124,2022-10-01T16:02:51.021Z,2026-09-27T14:29:40.765Z
DEMO-DEV-9815,124,2022-10-20T15:19:31.929Z,2026-09-23T03:03:10.929Z
DEMO-DEV-9857,124,2022-10-04T19:34:14.394Z,2026-09-16T04:26:12.239Z
DEMO-DEV-9875,124,2022-10-23T21:53:15.345Z,2026-09-04T21:28:00.387Z
DEMO-DEV-9900,124,2022-10-11T16:30:40.913Z,2026-09-29T20:53:09.993Z
DEMO-DEV-0011,123,2022-10-06T01:38:19.234Z,2026-09-03T13:38:51.221Z
DEMO-DEV-0029,123,2022-10-24T23:59:26.727Z,2026-09-01T11:46:18.250Z
DEMO-DEV-0039,123,2022-10-09T16:31:46.799Z,2026-09-20T06:29:45.839Z
DEMO-DEV-0163,123,2022-10-16T15:58:10.015Z,2026-09-29T08:27:47.668Z
DEMO-DEV-0169,123,2022-10-08T07:01:18.948Z,2026-08-12T22:07:03.024Z
DEMO-DEV-0326,123,2022-10-12T13:12:45.915Z,2026-09-10T03:37:30.913Z
DEMO-DEV-0342,123,2022-10-24T21:10:13.870Z,2026-09-14T11:31:14.211Z
DEMO-DEV-0343,123,2022-10-03T05:58:36.851Z,2026-09-22T22:23:36.688Z
DEMO-DEV-0392,123,2022-10-02T16:54:50.987Z,2026-09-18T18:16:25.203Z
DEMO-DEV-0443,123,2022-10-20T15:28:33.302Z,2026-09-29T07:18:45.021Z
DEMO-DEV-0547,123,2022-10-02T17:16:55.661Z,2026-09-22T22:28:04.026Z
DEMO-DEV-0549,123,2022-10-07T14:14:13.817Z,2026-09-28T07:49:06.817Z
DEMO-DEV-0651,123,2022-10-13T22:54:23.298Z,2026-09-09T01:36:49.784Z
DEMO-DEV-0715,123,2022-10-21T23:44:28.537Z,2026-09-28T01:42:13.863Z
DEMO-DEV-0808,123,2022-10-06T08:29:26.352Z,2026-09-30T05:12:59.319Z
DEMO-DEV-0847,123,2022-10-31T11:30:32.752Z,2026-09-24T21:44:13.397Z
DEMO-DEV-0880,123,2022-10-15T02:24:38.778Z,2026-09-12T10:52:07.993Z
DEMO-DEV-0898,123,2022-10-09T08:29:17.460Z,2026-09-08T03:07:49.387Z
DEMO-DEV-0913,123,2022-10-28T03:39:29.080Z,2026-09-18T11:44:02.023Z
DEMO-DEV-0952,123,2022-10-11T08:53:24.877Z,2026-09-08T18:49:21.863Z
DEMO-DEV-0954,123,2022-10-03T10:29:45.446Z,2026-09-16T17:50:04.045Z
DEMO-DEV-0988,123,2022-10-23T13:31:23.865Z,2026-09-26T00:20:40.397Z
DEMO-DEV-1004,123,2022-10-04T10:07:15.676Z,2026-08-29T20:14:42.203Z
DEMO-DEV-1021,123,2022-10-20T16:22:48.511Z,2026-09-14T16:16:57.817Z
DEMO-DEV-1028,123,2022-11-02T10:08:33.804Z,2026-09-21T04:50:25.661Z
DEMO-DEV-1081,123,2022-10-17T04:45:36.646Z,2026-08-22T01:09:55.578Z
DEMO-DEV-1086,123,2022-10-02T04:48:04.040Z,2026-09-23T19:39:30.470Z
DEMO-DEV-1088,123,2022-10-13T15:48:27.298Z,2026-09-23T21:19:55.300Z
DEMO-DEV-1108,123,2022-10-03T20:28:18.714Z,2026-09-29T00:17:04.370Z
DEMO-DEV-1169,123,2022-10-02T17:03:57.974Z,2026-09-17T03:38:18.183Z
DEMO-DEV-1182,123,2022-10-07T16:31:01.172Z,2026-09-21T00:07:03.291Z
DEMO-DEV-1244,123,2022-10-16T03:54:48.027Z,2026-09-04T04:02:07.234Z
DEMO-DEV-1375,123,2022-10-08T10:34:30.714Z,2026-09-25T19:57:31.250Z
DEMO-DEV-1408,123,2022-10-02T00:36:28.352Z,2026-09-23T01:40:31.646Z
DEMO-DEV-1448,123,2022-10-08T12:31:14.224Z,2026-09-25T10:37:35.870Z
DEMO-DEV-1456,123,2022-10-19T00:39:43.578Z,2026-08-24T19:44:58.597Z
DEMO-DEV-1504,123,2022-11-09T13:39:44.123Z,2026-09-27T08:48:55.172Z
DEMO-DEV-1511,123,2022-10-21T21:23:36.636Z,2026-09-28T02:15:30.397Z
DEMO-DEV-1536,123,2022-10-13T00:00:55.949Z,2026-09-22T22:04:09.134Z
DEMO-DEV-1549,123,2022-10-01T10:08:11.806Z,2026-09-29T04:40:56.352Z
DEMO-DEV-1561,123,2022-10-05T22:43:48.415Z,2026-09-14T13:33:08.026Z
DEMO-DEV-1571,123,2022-10-04T11:47:37.870Z,2026-09-10T08:52:07.123Z
DEMO-DEV-1622,123,2022-11-04T22:57:07.618Z,2026-09-29T00:15:36.950Z
DEMO-DEV-1735,123,2022-10-10T20:50:07.714Z,2026-09-20T17:01:02.989Z
DEMO-DEV-1751,123,2022-10-11T08:10:43.172Z,2026-09-18T23:56:49.841Z
DEMO-DEV-1815,123,2022-10-09T05:06:27.238Z,2026-09-18T07:25:06.023Z
DEMO-DEV-1822,123,2022-10-03T08:17:13.811Z,2026-09-12T00:20:24.254Z
DEMO-DEV-1904,123,2022-10-12T09:21:02.754Z,2026-09-10T13:28:57.226Z
DEMO-DEV-1947,123,2022-10-11T08:44:32.460Z,2026-09-26T08:30:33.738Z
DEMO-DEV-1953,123,2022-10-08T23:38:36.415Z,2026-09-26T07:51:53.892Z
DEMO-DEV-1958,123,2022-10-02T16:04:45.225Z,2026-09-26T13:21:47.511Z
DEMO-DEV-1963,123,2022-10-18T07:10:29.205Z,2026-09-07T07:33:41.524Z
DEMO-DEV-1997,123,2022-10-19T00:38:44.950Z,2026-09-10T04:59:13.785Z
DEMO-DEV-2002,123,2022-10-01T23:14:27.646Z,2026-09-28T18:08:23.077Z
DEMO-DEV-2012,123,2022-10-01T19:09:31.138Z,2026-09-21T02:10:45.272Z
DEMO-DEV-2049,123,2022-10-04T06:23:58.676Z,2026-09-17T08:51:22.836Z
DEMO-DEV-2056,123,2022-10-02T00:46:18.390Z,2026-09-27T02:19:03.287Z
DEMO-DEV-2106,123,2022-10-04T13:57:36.975Z,2026-08-13T06:08:42.090Z
DEMO-DEV-2369,123,2022-10-06T09:06:34.211Z,2026-09-18T00:55:10.917Z
DEMO-DEV-2372,123,2022-10-05T04:30:54.864Z,2026-08-19T01:06:02.825Z
DEMO-DEV-2385,123,2022-10-28T10:55:18.508Z,2026-09-29T14:29:11.238Z
DEMO-DEV-2393,123,2022-10-02T14:11:27.537Z,2026-09-29T12:39:49.568Z
DEMO-DEV-2418,123,2022-10-16T19:28:03.428Z,2026-09-13T01:15:05.859Z
DEMO-DEV-2441,123,2022-10-03T19:01:27.239Z,2026-09-26T23:47:35.391Z
DEMO-DEV-2493,123,2022-10-04T21:53:26.929Z,2026-09-19T07:03:19.134Z
DEMO-DEV-2548,123,2022-10-07T21:55:26.402Z,2026-09-06T22:05:30.037Z
DEMO-DEV-2560,123,2022-10-10T07:14:03.782Z,2026-09-24T04:59:39.080Z
DEMO-DEV-2590,123,2022-10-06T04:37:21.843Z,2026-09-28T18:36:43.205Z
DEMO-DEV-2606,123,2022-10-02T04:15:00.948Z,2026-09-11T06:15:00.527Z
DEMO-DEV-2677,123,2022-10-15T22:21:56.786Z,2026-09-26T03:54:07.891Z
DEMO-DEV-2738,123,2022-10-17T19:53:26.702Z,2026-09-15T22:38:54.038Z
DEMO-DEV-2761,123,2022-10-04T22:18:21.319Z,2026-09-07T08:00:17.254Z
DEMO-DEV-2768,123,2022-10-01T16:00:14.842Z,2026-09-02T22:02:13.784Z
DEMO-DEV-2865,123,2022-10-02T15:02:08.682Z,2026-08-25T17:03:27.308Z
DEMO-DEV-3017,123,2022-10-25T21:23:28.618Z,2026-09-27T22:50:40.370Z
DEMO-DEV-3042,123,2022-10-03T14:54:42.409Z,2026-09-24T22:51:32.754Z
DEMO-DEV-3059,123,2022-10-08T11:12:16.023Z,2026-09-25T20:08:41.345Z
DEMO-DEV-3064,123,2022-10-08T12:11:42.370Z,2026-09-10T17:04:33.080Z
DEMO-DEV-3079,123,2022-10-03T16:17:24.080Z,2026-09-24T06:23:25.204Z
DEMO-DEV-3095,123,2022-10-02T21:24:03.646Z,2026-09-21T12:38:18.057Z
DEMO-DEV-3168,123,2022-10-12T17:40:00.661Z,2026-09-13T22:16:28.870Z
DEMO-DEV-3232,123,2022-10-11T15:08:15.075Z,2026-08-27T18:08:34.230Z
DEMO-DEV-3306,123,2022-10-28T15:01:03.870Z,2026-09-23T16:38:01.535Z
DEMO-DEV-3344,123,2022-10-12T15:40:19.403Z,2026-09-21T19:16:17.537Z
DEMO-DEV-3423,123,2022-10-30T19:30:48.325Z,2026-09-28T16:16:33.929Z
DEMO-DEV-3435,123,2022-10-05T22:23:47.795Z,2026-09-26T09:34:39.460Z
DEMO-DEV-3455,123,2022-10-02T07:46:07.370Z,2026-09-04T20:22:29.926Z
DEMO-DEV-3488,123,2022-11-04T12:50:06.120Z,2026-09-26T06:14:15.851Z
DEMO-DEV-3555,123,2022-10-03T08:00:03.315Z,2026-08-10T11:11:33.578Z
DEMO-DEV-3566,123,2022-10-21T07:10:59.224Z,2026-09-20T13:03:48.236Z
DEMO-DEV-3567,123,2022-10-17T21:02:58.873Z,2026-09-26T03:57:02.806Z
DEMO-DEV-3621,123,2022-10-16T10:50:38.714Z,2026-09-26T08:01:15.591Z
DEMO-DEV-3675,123,2022-10-01T21:07:36.806Z,2026-09-21T22:52:11.403Z
DEMO-DEV-3763,123,2022-10-15T00:19:32.806Z,2026-09-20T08:35:11.799Z
DEMO-DEV-3774,123,2022-10-09T01:55:43.892Z,2026-09-09T18:23:13.024Z
DEMO-DEV-3777,123,2022-10-03T01:14:36.370Z,2026-09-25T11:24:52.403Z
DEMO-DEV-3834,123,2022-10-03T22:03:14.868Z,2026-09-17T16:13:26.272Z
DEMO-DEV-3894,123,2022-10-07T05:44:11.040Z,2026-09-21T20:14:37.785Z
DEMO-DEV-3923,123,2022-10-13T08:45:07.302Z,2026-09-28T01:28:04.403Z
DEMO-DEV-3945,123,2022-10-15T14:45:18.792Z,2026-09-21T17:53:31.040Z
DEMO-DEV-3985,123,2022-11-01T15:09:37.252Z,2026-09-22T10:11:47.817Z
DEMO-DEV-4192,123,2022-10-08T03:21:13.989Z,2026-09-11T14:58:47.238Z
DEMO-DEV-4207,123,2022-10-22T00:02:05.612Z,2026-09-22T13:43:22.218Z
DEMO-DEV-4257,123,2022-10-01T12:08:00.014Z,2026-09-28T22:14:40.236Z
DEMO-DEV-4323,123,2022-10-14T21:50:24.264Z,2026-09-21T11:14:20.298Z
DEMO-DEV-4341,123,2022-10-04T08:23:01.968Z,2026-09-30T00:55:02.224Z
DEMO-DEV-4396,123,2022-10-17T19:33:35.394Z,2026-09-24T23:41:50.268Z
DEMO-DEV-4406,123,2022-12-01T03:40:10.165Z,2026-09-15T07:49:24.639Z
DEMO-DEV-4422,123,2022-10-17T18:43:10.915Z,2026-09-24T00:35:33.851Z
DEMO-DEV-4428,123,2022-10-03T18:15:27.989Z,2026-09-25T07:05:56.403Z
DEMO-DEV-4458,123,2022-10-12T19:53:36.288Z,2026-09-23T15:21:15.948Z
DEMO-DEV-4548,123,2022-10-04T19:30:19.203Z,2026-09-16T01:44:42.778Z
DEMO-DEV-4611,123,2022-10-25T14:57:41.189Z,2026-09-20T16:32:15.208Z
DEMO-DEV-4640,123,2022-10-07T06:26:13.403Z,2026-09-24T00:52:06.735Z
DEMO-DEV-4647,123,2022-10-31T20:03:19.811Z,2026-09-28T08:52:12.446Z
DEMO-DEV-4650,123,2022-10-24T23:58:37.985Z,2026-09-12T00:25:31.150Z
DEMO-DEV-4669,123,2022-10-03T22:18:41.239Z,2026-09-12T02:05:02.987Z
DEMO-DEV-4670,123,2022-10-06T23:44:57.524Z,2026-09-28T09:07:59.173Z
DEMO-DEV-4672,123,2022-10-02T15:06:30.222Z,2026-09-19T07:48:18.246Z
DEMO-DEV-4681,123,2022-10-27T18:20:07.754Z,2026-09-27T16:24:35.236Z
DEMO-DEV-4700,123,2022-10-03T04:35:39.891Z,2026-09-05T23:34:21.272Z
DEMO-DEV-4725,123,2022-11-06T22:55:00.485Z,2026-09-17T23:57:31.765Z
DEMO-DEV-4736,123,2022-11-07T22:54:06.646Z,2026-09-26T17:56:14.976Z
DEMO-DEV-4741,123,2022-10-05T13:40:35.843Z,2026-09-10T23:23:28.719Z
DEMO-DEV-4789,123,2022-10-06T23:29:17.989Z,2026-09-04T23:42:53.063Z
DEMO-DEV-4834,123,2022-10-27T16:16:51.917Z,2026-09-28T00:47:43.218Z
DEMO-DEV-4975,123,2022-10-11T06:34:49.497Z,2026-09-28T14:12:19.203Z
DEMO-DEV-4981,123,2022-10-30T21:00:22.846Z,2026-09-18T13:02:49.824Z
DEMO-DEV-5009,123,2022-11-02T06:30:42.288Z,2026-09-19T21:37:40.885Z
DEMO-DEV-5051,123,2022-10-02T06:00:53.443Z,2026-09-20T14:08:42.646Z
DEMO-DEV-5089,123,2022-10-13T20:01:19.778Z,2026-09-13T17:02:01.238Z
DEMO-DEV-5149,123,2022-10-04T07:34:27.302Z,2026-08-26T16:15:37.037Z
DEMO-DEV-5456,123,2022-10-02T20:51:36.222Z,2026-09-20T11:13:46.614Z
DEMO-DEV-5459,123,2022-10-28T00:59:24.841Z,2026-09-25T06:38:43.738Z
DEMO-DEV-5479,123,2022-10-03T04:19:34.992Z,2026-09-29T07:43:43.077Z
DEMO-DEV-5489,123,2022-10-08T16:57:56.192Z,2026-09-12T09:04:39.842Z
DEMO-DEV-5502,123,2022-10-07T22:16:05.591Z,2026-09-05T21:56:17.368Z
DEMO-DEV-5572,123,2022-10-02T05:47:52.702Z,2026-09-26T11:11:59.205Z
DEMO-DEV-5608,123,2022-10-23T04:43:19.160Z,2026-09-19T04:50:44.993Z
DEMO-DEV-5609,123,2022-10-07T12:00:02.816Z,2026-09-25T13:54:05.785Z
DEMO-DEV-5671,123,2022-10-03T23:56:02.288Z,2026-09-11T22:04:07.232Z
DEMO-DEV-5672,123,2022-10-02T01:53:24.442Z,2026-09-29T00:15:11.949Z
DEMO-DEV-5685,123,2022-10-02T02:26:47.226Z,2026-09-23T12:35:53.523Z
DEMO-DEV-5729,123,2022-10-12T19:36:01.599Z,2026-08-18T17:57:04.287Z
DEMO-DEV-5844,123,2022-10-09T16:51:34.714Z,2026-09-15T20:39:24.599Z
DEMO-DEV-5850,123,2022-10-16T08:30:40.443Z,2026-09-18T16:09:10.929Z
DEMO-DEV-5869,123,2022-10-11T02:03:47.264Z,2026-09-17T14:17:52.612Z
DEMO-DEV-5893,123,2022-10-03T06:52:52.975Z,2026-09-03T03:42:45.319Z
DEMO-DEV-5902,123,2022-10-24T11:07:47.511Z,2026-09-09T20:25:09.428Z
DEMO-DEV-6064,123,2022-10-07T17:39:35.778Z,2026-09-22T18:42:32.205Z
DEMO-DEV-6089,123,2022-10-10T23:35:19.264Z,2026-09-17T21:54:48.556Z
DEMO-DEV-6113,123,2022-10-09T10:03:10.870Z,2026-09-14T05:53:27.307Z
DEMO-DEV-6132,123,2022-10-03T20:23:22.189Z,2026-09-25T01:46:17.508Z
DEMO-DEV-6186,123,2022-10-29T21:35:12.172Z,2026-09-21T21:39:16.612Z
DEMO-DEV-6189,123,2022-10-03T14:06:29.969Z,2026-09-27T13:25:34.080Z
DEMO-DEV-6198,123,2022-11-02T16:47:11.524Z,2026-09-25T14:01:35.397Z
DEMO-DEV-6204,123,2022-10-18T20:49:48.090Z,2026-09-05T12:32:31.735Z
DEMO-DEV-6248,123,2022-10-23T03:30:56.505Z,2026-09-20T20:14:51.470Z
DEMO-DEV-6263,123,2022-10-12T00:18:35.442Z,2026-09-24T02:44:03.352Z
DEMO-DEV-6268,123,2022-10-17T08:36:20.080Z,2026-09-30T03:06:47.885Z
DEMO-DEV-6298,123,2022-10-11T19:13:07.817Z,2026-09-27T19:21:19.503Z
DEMO-DEV-6310,123,2022-10-06T03:38:05.497Z,2026-09-23T03:40:35.877Z
DEMO-DEV-6354,123,2022-10-04T11:57:53.836Z,2026-09-21T16:45:43.917Z
DEMO-DEV-6444,123,2022-11-04T21:44:21.519Z,2026-09-27T05:27:29.836Z
DEMO-DEV-6518,123,2022-10-10T11:31:09.727Z,2026-09-09T13:33:04.357Z
DEMO-DEV-6589,123,2022-10-03T03:39:03.357Z,2026-09-16T04:29:58.173Z
DEMO-DEV-6592,123,2022-10-01T11:01:41.817Z,2026-09-30T06:04:52.968Z
DEMO-DEV-6644,123,2022-10-08T19:29:09.661Z,2026-09-22T07:40:53.023Z
DEMO-DEV-6690,123,2022-10-03T20:41:22.578Z,2026-09-24T13:36:54.300Z
DEMO-DEV-6718,123,2022-10-20T12:26:59.319Z,2026-09-02T04:26:52.387Z
DEMO-DEV-6733,123,2022-10-17T19:45:39.087Z,2026-09-26T13:34:42.879Z
DEMO-DEV-6735,123,2022-10-18T10:35:53.891Z,2026-09-30T04:24:59.636Z
DEMO-DEV-7031,123,2022-10-03T18:41:56.298Z,2026-09-26T05:02:03.403Z
DEMO-DEV-7042,123,2022-10-08T15:24:16.368Z,2026-09-30T01:35:30.337Z
DEMO-DEV-7186,123,2022-10-30T20:04:21.026Z,2026-09-25T23:08:26.692Z
DEMO-DEV-7245,123,2022-10-01T17:14:02.394Z,2026-09-07T03:49:18.073Z
DEMO-DEV-7317,123,2022-10-21T04:22:35.702Z,2026-09-18T14:42:51.003Z
DEMO-DEV-7334,123,2022-10-08T11:36:10.877Z,2026-09-26T11:31:11.298Z
DEMO-DEV-7458,123,2022-10-01T09:46:56.027Z,2026-09-18T08:35:52.014Z
DEMO-DEV-7471,123,2022-10-07T22:59:15.500Z,2026-09-25T21:32:55.428Z
DEMO-DEV-7547,123,2022-10-15T12:19:35.325Z,2026-09-11T23:45:37.183Z
DEMO-DEV-7640,123,2022-10-05T11:55:33.238Z,2026-09-25T02:18:53.027Z
DEMO-DEV-7654,123,2022-10-06T00:48:15.165Z,2026-09-18T02:26:53.080Z
DEMO-DEV-7664,123,2022-10-04T23:28:40.038Z,2026-09-29T10:20:48.870Z
DEMO-DEV-7858,123,2022-10-20T01:38:27.535Z,2026-09-13T02:46:42.765Z
DEMO-DEV-8012,123,2022-10-19T00:16:25.120Z,2026-09-17T12:26:24.226Z
DEMO-DEV-8032,123,2022-10-04T18:14:07.992Z,2026-09-30T05:37:21.965Z
DEMO-DEV-8050,123,2022-10-07T09:09:35.661Z,2026-09-24T23:21:40.537Z
DEMO-DEV-8105,123,2022-10-08T10:48:57.817Z,2026-09-19T17:45:57.792Z
DEMO-DEV-8110,123,2022-10-19T06:18:37.646Z,2026-09-21T06:26:02.877Z
DEMO-DEV-8226,123,2022-10-16T12:47:34.155Z,2026-09-28T10:24:53.811Z
DEMO-DEV-8241,123,2022-10-20T12:19:58.646Z,2026-09-25T01:49:30.246Z
DEMO-DEV-8302,123,2022-10-21T21:39:11.365Z,2026-09-27T22:16:33.063Z
DEMO-DEV-8356,123,2022-10-26T16:32:19.989Z,2026-09-21T10:19:54.885Z
DEMO-DEV-8394,123,2022-10-01T10:16:57.253Z,2026-09-27T21:45:22.682Z
DEMO-DEV-8428,123,2022-10-13T16:06:27.345Z,2026-09-16T07:02:59.319Z
DEMO-DEV-8463,123,2022-10-12T12:23:47.710Z,2026-09-17T01:16:07.870Z
DEMO-DEV-8547,123,2022-10-16T10:53:43.443Z,2026-09-21T12:04:41.968Z
DEMO-DEV-8570,123,2022-10-10T04:32:41.523Z,2026-09-26T16:20:06.648Z
DEMO-DEV-8575,123,2022-10-06T02:28:54.268Z,2026-09-23T11:27:16.027Z
DEMO-DEV-8609,123,2022-10-05T14:18:42.892Z,2026-09-09T14:57:59.161Z
DEMO-DEV-8621,123,2022-10-07T23:58:44.754Z,2026-09-29T02:42:47.786Z
DEMO-DEV-8655,123,2022-10-03T11:07:05.702Z,2026-09-06T12:57:24.370Z
DEMO-DEV-8734,123,2022-10-07T13:55:27.836Z,2026-09-30T06:54:57.752Z
DEMO-DEV-8739,123,2022-10-05T16:23:13.238Z,2026-08-25T07:22:46.738Z
DEMO-DEV-8756,123,2022-10-19T17:11:23.370Z,2026-09-24T10:07:27.870Z
DEMO-DEV-8818,123,2022-10-03T05:57:21.966Z,2026-09-14T20:25:11.976Z
DEMO-DEV-8852,123,2022-10-02T10:40:06.446Z,2026-09-24T05:49:14.799Z
DEMO-DEV-8882,123,2022-10-03T17:22:02.612Z,2026-09-28T14:13:08.719Z
DEMO-DEV-8909,123,2022-10-06T17:40:43.205Z,2026-09-20T05:15:48.682Z
DEMO-DEV-8928,123,2022-10-06T03:58:53.415Z,2026-08-03T00:19:37.666Z
DEMO-DEV-9094,123,2022-10-09T12:40:02.646Z,2026-09-18T21:58:56.537Z
DEMO-DEV-9143,123,2022-10-09T01:25:35.754Z,2026-08-26T17:02:26.272Z
DEMO-DEV-9153,123,2022-10-25T09:00:00.387Z,2026-09-22T07:06:00.014Z
DEMO-DEV-9161,123,2022-11-05T09:24:50.221Z,2026-08-31T21:15:44.892Z
DEMO-DEV-9267,123,2022-12-14T13:34:25.500Z,2026-08-24T01:25:19.239Z
DEMO-DEV-9295,123,2022-10-12T18:49:57.666Z,2026-09-25T15:24:11.139Z
DEMO-DEV-9440,123,2022-10-10T04:19:43.172Z,2026-09-27T22:14:56.785Z
DEMO-DEV-9517,123,2022-10-12T21:27:42.786Z,2026-09-30T04:22:48.090Z
DEMO-DEV-9596,123,2022-10-20T01:13:20.155Z,2026-08-07T15:56:45.825Z
DEMO-DEV-9615,123,2022-10-22T12:05:41.584Z,2026-09-10T03:04:19.948Z
DEMO-DEV-9625,123,2022-10-28T10:20:45.370Z,2026-09-25T17:24:12.455Z
DEMO-DEV-9641,123,2022-10-08T20:09:31.785Z,2026-09-26T05:59:16.155Z
DEMO-DEV-9675,123,2022-10-07T23:24:48.584Z,2026-09-28T23:31:42.948Z
DEMO-DEV-9700,123,2022-10-12T08:21:41.302Z,2026-09-28T21:14:42.302Z
DEMO-DEV-9725,123,2022-10-14T14:39:26.428Z,2026-09-24T11:17:12.222Z
DEMO-DEV-9739,123,2022-10-14T12:11:32.500Z,2026-09-19T13:28:57.315Z
DEMO-DEV-9755,123,2022-10-04T07:50:39.183Z,2026-09-18T23:25:23.021Z
DEMO-DEV-9787,123,2022-10-18T21:12:13.063Z,2026-09-09T01:13:26.370Z
DEMO-DEV-9870,123,2022-10-16T12:38:29.232Z,2026-09-30T04:12:44.470Z
DEMO-DEV-9888,123,2022-10-11T00:31:54.676Z,2026-09-18T14:02:37.428Z
DEMO-DEV-9946,123,2022-10-12T02:06:29.264Z,2026-09-29T02:02:51.992Z
DEMO-DEV-9957,123,2022-10-10T18:40:35.250Z,2026-09-19T12:35:10.519Z
DEMO-DEV-9980,123,2022-10-08T19:01:09.120Z,2026-09-21T14:39:40.974Z
DEMO-DEV-9998,123,2022-10-08T06:18:29.926Z,2026-09-23T09:14:28.702Z
DEMO-DEV-0009,122,2022-10-11T19:34:06.225Z,2026-09-18T11:17:10.370Z
DEMO-DEV-0025,122,2022-10-05T17:53:13.291Z,2026-09-14T11:22:25.597Z
DEMO-DEV-0047,122,2022-10-06T22:52:24.985Z,2026-09-23T15:13:10.527Z
DEMO-DEV-0081,122,2022-10-25T10:22:34.232Z,2026-09-24T07:40:50.003Z
DEMO-DEV-0084,122,2022-10-13T11:54:39.785Z,2026-09-06T01:27:04.976Z
DEMO-DEV-0101,122,2022-10-15T22:29:26.658Z,2026-09-15T02:15:10.254Z
DEMO-DEV-0138,122,2022-10-02T00:52:26.752Z,2026-09-28T17:35:04.806Z
DEMO-DEV-0172,122,2022-10-04T09:25:12.948Z,2026-09-27T20:42:36.646Z
DEMO-DEV-0203,122,2022-10-03T20:38:20.511Z,2026-09-28T16:46:57.172Z
DEMO-DEV-0244,122,2022-10-05T14:49:46.836Z,2026-09-22T08:58:18.167Z
DEMO-DEV-0296,122,2022-10-17T18:58:48.307Z,2026-09-29T06:37:54.390Z
DEMO-DEV-0359,122,2022-10-04T07:15:33.500Z,2026-09-25T10:00:06.253Z
DEMO-DEV-0361,122,2022-10-05T03:59:46.839Z,2026-09-23T10:17:44.535Z
DEMO-DEV-0410,122,2022-10-17T05:35:49.120Z,2026-08-29T06:56:37.949Z
DEMO-DEV-0429,122,2022-10-12T13:26:39.357Z,2026-09-24T23:39:21.612Z
DEMO-DEV-0475,122,2022-11-05T09:33:11.211Z,2026-08-27T06:50:48.123Z
DEMO-DEV-0500,122,2022-10-08T06:16:06.661Z,2026-09-13T11:05:03.409Z
DEMO-DEV-0514,122,2022-10-06T14:30:22.167Z,2026-09-15T14:11:32.879Z
DEMO-DEV-0539,122,2022-10-13T01:58:38.966Z,2026-09-21T21:35:15.027Z
DEMO-DEV-0616,122,2022-10-09T16:10:39.605Z,2026-09-08T16:32:19.870Z
DEMO-DEV-0631,122,2022-10-08T12:54:42.246Z,2026-09-29T22:11:55.307Z
DEMO-DEV-0708,122,2022-10-17T08:36:43.846Z,2026-09-19T15:21:07.607Z
DEMO-DEV-0736,122,2022-10-18T00:47:27.428Z,2026-09-29T01:40:00.877Z
DEMO-DEV-0777,122,2022-10-31T15:11:39.969Z,2026-09-18T10:08:50.315Z
DEMO-DEV-0832,122,2022-10-12T04:53:26.879Z,2026-09-22T08:50:16.836Z
DEMO-DEV-0940,122,2022-10-02T00:59:07.325Z,2026-09-19T12:50:56.614Z
DEMO-DEV-1015,122,2022-11-01T23:10:02.786Z,2026-08-17T13:15:06.319Z
DEMO-DEV-1033,122,2022-10-02T20:02:38.503Z,2026-09-29T13:16:00.024Z
DEMO-DEV-1036,122,2022-10-08T16:53:29.442Z,2026-07-29T10:59:11.298Z
DEMO-DEV-1109,122,2022-10-04T07:40:42.370Z,2026-09-21T21:50:12.497Z
DEMO-DEV-1114,122,2022-10-06T17:07:37.221Z,2026-09-18T18:47:38.252Z
DEMO-DEV-1156,122,2022-10-03T02:24:52.816Z,2026-09-25T08:29:02.639Z
DEMO-DEV-1167,122,2022-10-15T06:44:28.754Z,2026-09-08T11:51:47.218Z
DEMO-DEV-1179,122,2022-10-30T06:47:45.218Z,2026-09-27T16:27:07.045Z
DEMO-DEV-1187,122,2022-10-18T17:21:54.948Z,2026-08-27T14:27:45.254Z
DEMO-DEV-1198,122,2022-10-13T09:27:39.950Z,2026-08-29T04:40:30.846Z
DEMO-DEV-1208,122,2022-10-13T06:48:08.692Z,2026-09-21T12:19:18.784Z
DEMO-DEV-1317,122,2022-10-05T14:44:40.403Z,2026-09-20T18:45:20.868Z
DEMO-DEV-1357,122,2022-10-04T02:51:34.230Z,2026-09-10T16:08:39.155Z
DEMO-DEV-1475,122,2022-10-02T19:20:53.803Z,2026-09-05T20:43:24.472Z
DEMO-DEV-1607,122,2022-10-01T14:23:34.639Z,2026-09-11T06:37:48.968Z
DEMO-DEV-1627,122,2022-10-09T05:08:39.784Z,2026-09-24T09:11:18.307Z
DEMO-DEV-1676,122,2022-10-07T05:30:23.599Z,2026-09-14T18:30:49.803Z
DEMO-DEV-1721,122,2022-11-29T18:09:49.754Z,2026-09-29T18:27:14.836Z
DEMO-DEV-1766,122,2022-10-08T12:15:47.239Z,2026-09-30T01:19:38.870Z
DEMO-DEV-1797,122,2022-10-18T23:31:53.917Z,2026-08-26T21:48:59.357Z
DEMO-DEV-1940,122,2022-11-17T02:37:15.139Z,2026-09-25T04:40:06.785Z
DEMO-DEV-1974,122,2022-10-01T12:19:00.189Z,2026-09-03T17:47:25.513Z
DEMO-DEV-2028,122,2022-10-13T13:15:29.397Z,2026-09-19T08:26:33.786Z
DEMO-DEV-2055,122,2022-10-02T20:13:30.597Z,2026-09-26T03:32:10.368Z
DEMO-DEV-2073,122,2022-10-14T15:03:41.189Z,2026-09-21T07:23:39.710Z
DEMO-DEV-2122,122,2022-10-11T21:57:59.402Z,2026-09-28T22:56:57.646Z
DEMO-DEV-2152,122,2022-10-20T15:47:49.508Z,2026-09-13T09:29:30.403Z
DEMO-DEV-2224,122,2022-10-25T20:47:44.138Z,2026-09-25T04:34:10.950Z
DEMO-DEV-2241,122,2022-10-12T11:44:11.870Z,2026-09-28T13:28:41.253Z
DEMO-DEV-2260,122,2022-10-13T02:24:57.836Z,2026-09-27T04:55:59.646Z
DEMO-DEV-2331,122,2022-10-07T22:06:36.211Z,2026-09-28T03:50:43.688Z
DEMO-DEV-2347,122,2022-10-07T07:55:23.443Z,2026-09-27T05:03:16.254Z
DEMO-DEV-2386,122,2022-10-11T21:16:17.545Z,2026-09-23T11:53:01.493Z
DEMO-DEV-2656,122,2022-10-13T20:24:10.026Z,2026-09-28T23:09:55.851Z
DEMO-DEV-2682,122,2022-10-16T07:44:09.968Z,2026-09-19T11:44:12.974Z
DEMO-DEV-2718,122,2022-10-12T13:06:39.735Z,2026-09-12T03:00:19.150Z
DEMO-DEV-2808,122,2022-10-15T21:48:19.120Z,2026-09-05T20:49:57.792Z
DEMO-DEV-2837,122,2022-10-18T04:50:23.836Z,2026-09-11T13:35:32.462Z
DEMO-DEV-2867,122,2022-10-21T09:46:08.948Z,2026-08-17T18:11:53.949Z
DEMO-DEV-2915,122,2022-10-31T22:48:11.298Z,2026-09-29T03:13:30.523Z
DEMO-DEV-2929,122,2022-10-02T13:47:59.087Z,2026-09-08T20:21:11.816Z
DEMO-DEV-2938,122,2022-10-02T20:08:21.415Z,2026-09-16T23:51:51.203Z
DEMO-DEV-2989,122,2022-10-04T01:21:32.793Z,2026-09-29T19:36:18.527Z
DEMO-DEV-2997,122,2022-10-05T14:13:03.843Z,2026-09-28T20:06:39.211Z
DEMO-DEV-3034,122,2022-10-05T19:31:54.867Z,2026-09-21T12:06:30.524Z
DEMO-DEV-3061,122,2022-10-01T16:28:59.021Z,2026-09-24T06:53:07.859Z
DEMO-DEV-3070,122,2022-10-21T21:56:43.190Z,2026-09-08T08:18:53.658Z
DEMO-DEV-3159,122,2022-12-13T05:39:54.917Z,2026-08-30T11:31:54.239Z
DEMO-DEV-3190,122,2022-10-11T23:37:45.868Z,2026-09-26T10:20:42.307Z
DEMO-DEV-3193,122,2022-10-11T06:12:45.218Z,2026-09-07T14:45:51.446Z
DEMO-DEV-3213,122,2022-10-02T02:37:05.949Z,2026-09-17T11:56:47.428Z
DEMO-DEV-3225,122,2022-10-12T06:11:19.192Z,2026-09-10T21:15:48.976Z
DEMO-DEV-3235,122,2022-10-08T11:24:23.648Z,2026-09-22T13:01:44.913Z
DEMO-DEV-3260,122,2022-10-05T23:36:55.319Z,2026-09-27T04:53:42.366Z
DEMO-DEV-3266,122,2022-10-04T04:11:21.345Z,2026-09-27T05:33:08.817Z
DEMO-DEV-3329,122,2022-10-03T17:30:10.969Z,2026-09-24T17:24:40.288Z
DEMO-DEV-3335,122,2022-10-25T01:57:47.524Z,2026-08-22T00:55:26.817Z
DEMO-DEV-3341,122,2022-10-16T05:41:22.865Z,2026-09-08T22:35:35.505Z
DEMO-DEV-3383,122,2022-10-05T07:44:17.172Z,2026-09-28T13:20:53.974Z
DEMO-DEV-3418,122,2022-10-15T00:58:32.786Z,2026-09-27T16:12:01.989Z
DEMO-DEV-3497,122,2022-10-04T08:19:49.873Z,2026-09-27T17:34:49.165Z
DEMO-DEV-3501,122,2022-10-18T22:25:41.226Z,2026-09-04T06:29:12.676Z
DEMO-DEV-3515,122,2022-10-26T19:06:11.545Z,2026-08-26T07:37:58.519Z
DEMO-DEV-3536,122,2022-10-05T08:42:24.291Z,2026-09-09T15:24:12.221Z
DEMO-DEV-3543,122,2022-10-08T01:21:21.224Z,2026-09-28T23:34:23.868Z
DEMO-DEV-3552,122,2022-10-01T08:57:39.168Z,2026-09-26T05:56:44.080Z
DEMO-DEV-3577,122,2022-10-02T17:04:07.527Z,2026-09-29T05:08:52.607Z
DEMO-DEV-3602,122,2022-10-07T01:22:53.004Z,2026-09-12T14:15:01.289Z
DEMO-DEV-3627,122,2022-10-03T19:23:36.472Z,2026-09-29T22:44:58.556Z
DEMO-DEV-3633,122,2022-10-02T18:44:41.173Z,2026-09-14T06:49:51.014Z
DEMO-DEV-3642,122,2022-10-22T03:39:43.203Z,2026-09-29T14:41:22.203Z
DEMO-DEV-3705,122,2022-10-01T15:51:02.817Z,2026-09-29T13:09:40.710Z
DEMO-DEV-3710,122,2022-10-08T19:55:22.969Z,2026-09-29T12:15:57.225Z
DEMO-DEV-3722,122,2022-10-04T02:05:03.075Z,2026-09-12T17:56:55.168Z
DEMO-DEV-3754,122,2022-10-05T11:20:05.839Z,2026-09-20T04:55:09.851Z
DEMO-DEV-3789,122,2022-11-04T15:47:02.646Z,2026-09-29T09:57:08.288Z
DEMO-DEV-3884,122,2022-10-04T04:07:01.189Z,2026-09-24T14:32:34.605Z
DEMO-DEV-3896,122,2022-10-06T19:05:15.614Z,2026-09-12T09:49:25.394Z
DEMO-DEV-4049,122,2022-10-12T15:52:30.189Z,2026-08-11T22:45:34.646Z
DEMO-DEV-4112,122,2022-10-16T00:06:24.234Z,2026-09-19T21:58:22.203Z
DEMO-DEV-4113,122,2022-10-18T11:52:02.661Z,2026-09-13T19:50:57.087Z
DEMO-DEV-4131,122,2022-10-04T21:26:38.219Z,2026-07-01T16:37:14.288Z
DEMO-DEV-4204,122,2022-10-11T23:34:10.692Z,2026-09-23T05:11:20.352Z
DEMO-DEV-4232,122,2022-11-01T11:44:31.503Z,2026-09-20T15:06:12.865Z
DEMO-DEV-4253,122,2022-10-07T09:55:36.272Z,2026-09-12T22:21:32.846Z
DEMO-DEV-4259,122,2022-10-07T13:23:39.892Z,2026-09-25T17:05:28.975Z
DEMO-DEV-4271,122,2022-10-16T17:08:28.234Z,2026-09-06T14:30:15.825Z
DEMO-DEV-4308,122,2022-10-09T16:37:04.974Z,2026-09-28T23:37:46.607Z
DEMO-DEV-4348,122,2022-10-02T10:11:32.614Z,2026-09-15T19:10:31.877Z
DEMO-DEV-4371,122,2022-10-08T07:11:46.505Z,2026-09-18T15:34:44.710Z
DEMO-DEV-4392,122,2022-10-04T09:17:12.842Z,2026-09-19T08:56:13.250Z
DEMO-DEV-4412,122,2022-10-10T03:17:01.204Z,2026-09-26T05:51:25.584Z
DEMO-DEV-4452,122,2022-10-03T03:39:26.189Z,2026-09-06T07:54:34.023Z
DEMO-DEV-4520,122,2022-10-06T08:37:21.026Z,2026-09-29T17:24:36.545Z
DEMO-DEV-4555,122,2022-10-03T03:44:56.535Z,2026-09-16T13:48:59.165Z
DEMO-DEV-4595,122,2022-10-10T19:04:35.397Z,2026-09-18T05:15:58.636Z
DEMO-DEV-4604,122,2022-10-23T09:25:06.134Z,2026-09-15T05:10:34.307Z
DEMO-DEV-4626,122,2022-10-11T16:26:37.839Z,2026-09-05T12:45:24.612Z
DEMO-DEV-4661,122,2022-10-25T20:17:11.968Z,2026-09-23T01:04:18.337Z
DEMO-DEV-4791,122,2022-10-24T19:55:09.205Z,2026-09-20T10:56:02.597Z
DEMO-DEV-4794,122,2022-10-13T13:34:38.752Z,2026-09-17T02:06:54.503Z
DEMO-DEV-4800,122,2022-10-01T18:03:28.682Z,2026-09-28T18:22:09.778Z
DEMO-DEV-4839,122,2022-10-12T04:07:16.218Z,2026-09-25T01:00:51.253Z
DEMO-DEV-4904,122,2022-10-02T15:03:22.612Z,2026-09-15T09:02:04.989Z
DEMO-DEV-5095,122,2022-10-10T23:56:34.315Z,2026-09-18T10:40:39.208Z
DEMO-DEV-5126,122,2022-10-01T17:19:40.397Z,2026-09-21T15:32:03.250Z
DEMO-DEV-5164,122,2022-10-08T08:33:19.073Z,2026-08-06T08:52:52.968Z
DEMO-DEV-5183,122,2022-10-11T04:43:30.864Z,2026-09-07T01:17:48.524Z
DEMO-DEV-5187,122,2022-10-18T03:29:50.387Z,2026-09-26T08:23:35.264Z
DEMO-DEV-5220,122,2022-10-16T16:12:03.666Z,2026-09-13T11:21:00.139Z
DEMO-DEV-5249,122,2022-10-03T07:18:03.222Z,2026-09-25T10:38:29.646Z
DEMO-DEV-5258,122,2022-10-07T01:43:11.948Z,2026-09-29T22:37:39.354Z
DEMO-DEV-5269,122,2022-10-07T14:55:54.914Z,2026-09-12T14:19:31.614Z
DEMO-DEV-5282,122,2022-10-27T14:01:18.735Z,2026-09-21T21:17:59.221Z
DEMO-DEV-5298,122,2022-10-02T16:59:36.319Z,2026-09-13T04:04:51.337Z
DEMO-DEV-5390,122,2022-10-18T23:50:14.639Z,2026-09-10T10:50:36.172Z
DEMO-DEV-5595,122,2022-10-04T08:08:48.264Z,2026-09-20T01:43:11.653Z
DEMO-DEV-5705,122,2022-10-02T09:40:16.300Z,2026-09-09T11:44:57.987Z
DEMO-DEV-5769,122,2022-10-12T03:06:12.307Z,2026-09-20T05:24:09.795Z
DEMO-DEV-5842,122,2022-10-15T11:01:54.224Z,2026-09-05T11:07:52.087Z
DEMO-DEV-5872,122,2022-10-17T00:08:07.879Z,2026-08-19T21:44:15.785Z
DEMO-DEV-5911,122,2022-10-08T10:10:43.040Z,2026-09-29T04:27:09.913Z
DEMO-DEV-6070,122,2022-10-10T12:36:14.949Z,2026-09-27T22:22:09.778Z
DEMO-DEV-6119,122,2022-10-06T23:34:53.289Z,2026-09-21T17:31:27.120Z
DEMO-DEV-6136,122,2022-10-25T17:13:45.863Z,2026-09-15T19:50:30.976Z
DEMO-DEV-6205,122,2022-10-03T17:28:51.842Z,2026-09-18T13:26:11.682Z
DEMO-DEV-6214,122,2022-10-04T22:40:59.446Z,2026-09-20T06:24:14.688Z
DEMO-DEV-6233,122,2022-10-12T02:53:16.846Z,2026-09-08T04:30:42.077Z
DEMO-DEV-6311,122,2022-10-02T10:58:04.192Z,2026-09-27T18:56:17.172Z
DEMO-DEV-6313,122,2022-10-04T09:58:38.038Z,2026-09-17T18:53:44.987Z
DEMO-DEV-6322,122,2022-10-20T11:50:43.867Z,2026-09-29T03:37:45.172Z
DEMO-DEV-6353,122,2022-11-04T01:39:58.688Z,2026-09-22T09:06:14.168Z
DEMO-DEV-6370,122,2022-10-12T09:27:46.024Z,2026-09-24T15:51:21.173Z
DEMO-DEV-6381,122,2022-10-14T01:23:45.605Z,2026-09-05T12:00:37.165Z
DEMO-DEV-6419,122,2022-10-09T23:19:18.183Z,2026-09-27T16:27:51.026Z
DEMO-DEV-6460,122,2022-10-14T17:54:54.784Z,2026-09-07T11:41:15.653Z
DEMO-DEV-6500,122,2022-10-07T11:12:48.682Z,2026-09-17T00:36:31.639Z
DEMO-DEV-6537,122,2022-10-28T19:43:53.470Z,2026-09-26T05:20:31.816Z
DEMO-DEV-6545,122,2022-10-19T21:04:15.785Z,2026-09-27T17:00:10.397Z
DEMO-DEV-6645,122,2022-10-17T08:33:48.948Z,2026-09-23T06:15:07.793Z
DEMO-DEV-6715,122,2022-10-11T17:30:21.368Z,2026-09-19T08:02:11.232Z
DEMO-DEV-6736,122,2022-10-10T17:13:55.519Z,2026-09-19T14:59:33.992Z
DEMO-DEV-6742,122,2022-10-14T17:48:08.337Z,2026-09-26T23:12:10.462Z
DEMO-DEV-6749,122,2022-10-03T04:39:31.985Z,2026-09-19T19:20:46.545Z
DEMO-DEV-6763,122,2022-10-05T10:19:00.250Z,2026-09-22T10:51:51.150Z
DEMO-DEV-6766,122,2022-10-01T12:31:04.555Z,2026-09-08T10:18:45.172Z
DEMO-DEV-6808,122,2022-10-16T19:24:47.172Z,2026-09-28T13:17:39.403Z
DEMO-DEV-6832,122,2022-11-16T19:18:37.599Z,2026-09-21T05:52:00.390Z
DEMO-DEV-6844,122,2022-10-10T22:06:13.302Z,2026-09-24T05:09:27.836Z
DEMO-DEV-6983,122,2022-10-08T13:10:27.150Z,2026-09-14T04:05:04.523Z
DEMO-DEV-6992,122,2022-10-01T19:00:04.211Z,2026-09-28T14:57:44.992Z
DEMO-DEV-7022,122,2022-10-08T07:01:00.811Z,2026-09-19T16:26:59.605Z
DEMO-DEV-7026,122,2022-10-16T17:22:40.786Z,2026-09-28T23:41:38.254Z
DEMO-DEV-7070,122,2022-10-15T21:12:10.038Z,2026-09-21T04:50:11.120Z
DEMO-DEV-7159,122,2022-10-01T14:54:50.308Z,2026-09-22T22:26:17.648Z
DEMO-DEV-7366,122,2022-10-16T23:08:05.190Z,2026-09-19T23:11:10.165Z
DEMO-DEV-7398,122,2022-10-04T17:17:11.192Z,2026-09-28T13:05:19.428Z
DEMO-DEV-7409,122,2022-10-03T03:40:59.614Z,2026-09-29T02:28:09.976Z
DEMO-DEV-7427,122,2022-10-02T14:43:45.139Z,2026-09-27T23:30:57.668Z
DEMO-DEV-7504,122,2022-11-06T10:41:24.618Z,2026-09-29T05:45:36.735Z
DEMO-DEV-7506,122,2022-10-20T17:25:03.357Z,2026-09-16T06:29:15.597Z
DEMO-DEV-7535,122,2022-10-01T21:37:36.253Z,2026-09-05T00:04:11.688Z
DEMO-DEV-7545,122,2022-10-21T01:08:12.253Z,2026-09-28T23:41:46.222Z
DEMO-DEV-7573,122,2022-10-01T18:24:24.354Z,2026-09-18T15:14:57.966Z
DEMO-DEV-7578,122,2022-10-24T19:39:02.555Z,2026-09-19T09:20:16.390Z
DEMO-DEV-7608,122,2022-10-10T04:08:15.824Z,2026-09-29T09:47:11.799Z
DEMO-DEV-7624,122,2022-10-02T00:34:46.985Z,2026-09-29T23:05:34.793Z
DEMO-DEV-7638,122,2022-10-07T22:11:14.503Z,2026-09-26T12:16:47.879Z
DEMO-DEV-7665,122,2022-10-15T19:20:00.966Z,2026-09-25T21:20:56.222Z
DEMO-DEV-7677,122,2022-10-04T13:56:30.949Z,2026-09-26T18:59:18.842Z
DEMO-DEV-7747,122,2022-10-01T17:33:19.915Z,2026-09-27T19:28:46.792Z
DEMO-DEV-7806,122,2022-10-03T07:23:51.272Z,2026-09-21T05:08:01.300Z
DEMO-DEV-7844,122,2022-10-04T03:30:38.172Z,2026-09-17T08:06:55.968Z
DEMO-DEV-7846,122,2022-10-27T08:06:18.307Z,2026-09-04T21:16:20.966Z
DEMO-DEV-7856,122,2022-11-09T13:13:02.668Z,2026-09-23T11:21:41.523Z
DEMO-DEV-7916,122,2022-10-02T01:17:57.591Z,2026-09-17T14:12:19.253Z
DEMO-DEV-7945,122,2022-11-01T06:09:17.192Z,2026-09-16T05:23:16.891Z
DEMO-DEV-8002,122,2022-10-15T12:09:18.688Z,2026-09-02T06:41:43.428Z
DEMO-DEV-8068,122,2022-11-02T07:02:34.357Z,2026-09-17T09:14:05.557Z
DEMO-DEV-8074,122,2022-10-11T14:59:41.021Z,2026-09-27T14:13:27.505Z
DEMO-DEV-8083,122,2022-10-12T21:27:08.272Z,2026-09-24T13:35:29.803Z
DEMO-DEV-8085,122,2022-11-08T05:25:03.014Z,2026-09-18T11:09:52.189Z
DEMO-DEV-8239,122,2022-10-12T17:07:06.591Z,2026-09-25T19:02:59.219Z
DEMO-DEV-8287,122,2022-10-05T03:06:56.219Z,2026-09-01T20:13:08.795Z
DEMO-DEV-8327,122,2022-10-26T19:03:20.040Z,2026-09-03T00:52:18.172Z
DEMO-DEV-8330,122,2022-10-05T17:50:05.692Z,2026-09-16T19:09:58.443Z
DEMO-DEV-8422,122,2022-12-20T20:46:35.366Z,2026-07-19T01:35:17.892Z
DEMO-DEV-8469,122,2022-10-04T15:42:16.859Z,2026-09-24T05:19:13.868Z
DEMO-DEV-8573,122,2022-10-05T09:10:10.090Z,2026-09-24T11:22:36.352Z
DEMO-DEV-8676,122,2022-10-16T22:21:01.503Z,2026-09-13T23:43:07.345Z
DEMO-DEV-8717,122,2022-10-02T10:58:24.519Z,2026-09-18T10:20:57.120Z
DEMO-DEV-8753,122,2022-10-15T07:09:06.846Z,2026-09-22T03:18:41.183Z
DEMO-DEV-8770,122,2022-10-02T18:58:45.655Z,2026-09-25T23:16:36.224Z
DEMO-DEV-8776,122,2022-10-17T16:57:51.612Z,2026-09-28T10:28:51.442Z
DEMO-DEV-8881,122,2022-10-01T21:52:37.817Z,2026-09-22T02:52:01.926Z
DEMO-DEV-8923,122,2022-10-03T22:51:01.160Z,2026-09-22T20:12:16.497Z
DEMO-DEV-9126,122,2022-10-15T18:23:02.926Z,2026-09-29T03:54:23.646Z
DEMO-DEV-9141,122,2022-10-02T03:21:45.015Z,2026-09-30T02:42:25.442Z
DEMO-DEV-9208,122,2022-11-06T00:04:03.605Z,2026-09-15T04:10:30.636Z
DEMO-DEV-9221,122,2022-10-08T03:31:21.914Z,2026-08-31T17:52:55.037Z
DEMO-DEV-9347,122,2022-11-01T23:33:19.415Z,2026-09-26T05:33:44.291Z
DEMO-DEV-9420,122,2022-10-01T08:21:43.224Z,2026-09-24T05:48:53.765Z
DEMO-DEV-9503,122,2022-10-17T04:41:21.839Z,2026-09-23T02:20:49.607Z
DEMO-DEV-9514,122,2022-10-12T21:38:16.612Z,2026-09-19T08:14:39.524Z
DEMO-DEV-9581,122,2022-10-02T10:44:37.692Z,2026-09-25T10:04:59.949Z
DEMO-DEV-9599,122,2022-10-08T10:31:22.929Z,2026-09-23T17:44:33.867Z
DEMO-DEV-9708,122,2022-10-12T06:36:54.308Z,2026-09-27T06:59:51.073Z
DEMO-DEV-9757,122,2022-11-01T13:36:32.948Z,2026-09-30T02:55:41.688Z
DEMO-DEV-9761,122,2022-10-06T02:01:25.851Z,2026-09-25T00:08:05.219Z
DEMO-DEV-9770,122,2022-10-09T10:39:05.607Z,2026-09-23T17:05:31.325Z
DEMO-DEV-9792,122,2022-10-06T10:37:30.308Z,2026-09-07T02:39:35.409Z
DEMO-DEV-9802,122,2022-10-02T20:52:30.661Z,2026-09-13T19:03:53.397Z
DEMO-DEV-9803,122,2022-10-01T12:06:53.825Z,2026-09-23T03:13:35.778Z
DEMO-DEV-9816,122,2022-10-04T07:50:20.391Z,2026-09-28T23:56:14.948Z
DEMO-DEV-9863,122,2022-10-02T04:53:37.189Z,2026-09-06T05:10:13.300Z
DEMO-DEV-9940,122,2022-10-25T02:03:02.646Z,2026-09-26T17:12:07.460Z
DEMO-DEV-9983,122,2022-10-07T05:48:08.752Z,2026-09-22T15:33:11.246Z
DEMO-DEV-0107,121,2022-10-19T10:44:58.535Z,2026-09-15T15:58:12.666Z
DEMO-DEV-0120,121,2022-10-17T05:18:41.307Z,2026-09-27T18:35:29.208Z
DEMO-DEV-0184,121,2022-10-19T11:53:52.203Z,2026-09-07T10:35:01.646Z
DEMO-DEV-0246,121,2022-10-03T23:35:52.150Z,2026-09-11T23:32:02.027Z
DEMO-DEV-0249,121,2022-10-02T21:07:17.885Z,2026-09-20T02:32:55.224Z
DEMO-DEV-0285,121,2022-10-02T03:41:42.806Z,2026-09-25T18:17:15.192Z
DEMO-DEV-0365,121,2022-10-18T15:20:22.607Z,2026-09-20T10:41:48.493Z
DEMO-DEV-0373,121,2022-10-06T17:56:38.368Z,2026-09-29T04:14:57.470Z
DEMO-DEV-0390,121,2022-10-01T10:14:35.754Z,2026-09-16T08:36:08.661Z
DEMO-DEV-0391,121,2022-10-10T19:28:20.134Z,2026-09-17T21:10:20.735Z
DEMO-DEV-0421,121,2022-10-12T10:18:29.710Z,2026-09-29T06:23:33.038Z
DEMO-DEV-0454,121,2022-10-22T19:39:56.537Z,2026-09-11T19:41:10.639Z
DEMO-DEV-0479,121,2022-10-03T06:22:10.513Z,2026-09-16T14:58:58.968Z
DEMO-DEV-0562,121,2022-10-09T11:25:24.045Z,2026-09-26T13:08:55.505Z
DEMO-DEV-0569,121,2022-10-05T17:29:58.836Z,2026-09-13T00:23:30.597Z
DEMO-DEV-0583,121,2022-10-28T23:45:23.975Z,2026-09-16T22:57:47.252Z
DEMO-DEV-0596,121,2022-10-19T19:29:43.368Z,2026-09-04T18:48:06.926Z
DEMO-DEV-0628,121,2022-10-26T19:20:35.816Z,2026-09-25T16:10:30.926Z
DEMO-DEV-0646,121,2022-10-06T06:21:46.778Z,2026-09-18T09:54:54.614Z
DEMO-DEV-0654,121,2022-10-04T03:06:37.513Z,2026-08-08T08:13:14.648Z
DEMO-DEV-0714,121,2022-10-04T13:31:18.120Z,2026-08-31T15:50:51.884Z
DEMO-DEV-0743,121,2022-10-29T08:21:03.226Z,2026-09-21T14:10:18.929Z
DEMO-DEV-0805,121,2022-10-02T03:12:58.038Z,2026-09-26T04:18:37.792Z
DEMO-DEV-0809,121,2022-10-06T07:13:29.308Z,2026-09-20T07:39:41.397Z
DEMO-DEV-0854,121,2022-10-26T10:43:52.038Z,2026-09-23T15:28:50.003Z
DEMO-DEV-0915,121,2022-10-01T23:10:09.307Z,2026-09-17T00:28:37.272Z
DEMO-DEV-0945,121,2022-10-03T00:10:08.014Z,2026-09-22T14:04:34.368Z
DEMO-DEV-0980,121,2022-10-10T12:26:23.239Z,2026-09-10T10:57:31.161Z
DEMO-DEV-1009,121,2022-11-02T07:24:46.915Z,2026-09-17T13:42:34.607Z
DEMO-DEV-1022,121,2022-10-14T07:32:33.989Z,2026-09-13T10:57:52.688Z
DEMO-DEV-1163,121,2022-10-11T21:51:27.987Z,2026-09-19T11:49:18.793Z
DEMO-DEV-1193,121,2022-10-08T11:36:53.682Z,2026-09-18T05:09:43.614Z
DEMO-DEV-1214,121,2022-11-17T07:51:30.155Z,2026-09-29T09:10:29.682Z
DEMO-DEV-1216,121,2022-10-02T06:14:54.390Z,2026-09-19T04:19:53.892Z
DEMO-DEV-1235,121,2022-10-04T07:11:24.190Z,2026-09-27T18:07:07.804Z
DEMO-DEV-1326,121,2022-10-03T07:56:33.190Z,2026-09-25T13:27:09.123Z
DEMO-DEV-1366,121,2022-10-05T06:46:18.605Z,2026-09-11T17:23:33.446Z
DEMO-DEV-1426,121,2022-11-02T08:55:05.646Z,2026-09-30T08:12:20.307Z
DEMO-DEV-1432,121,2022-10-09T16:20:22.027Z,2026-09-09T02:31:18.639Z
DEMO-DEV-1442,121,2022-10-11T17:40:38.037Z,2026-09-27T09:29:35.817Z
DEMO-DEV-1497,121,2022-10-16T19:33:34.948Z,2026-09-25T22:47:42.513Z
DEMO-DEV-1500,121,2022-10-10T23:20:48.365Z,2026-09-14T15:43:20.409Z
DEMO-DEV-1512,121,2022-10-12T11:21:26.391Z,2026-09-12T18:59:41.792Z
DEMO-DEV-1527,121,2022-10-07T21:13:52.676Z,2026-09-30T02:11:15.409Z
DEMO-DEV-1581,121,2022-10-20T01:31:28.394Z,2026-09-07T08:48:09.929Z
DEMO-DEV-1594,121,2022-10-11T03:29:54.661Z,2026-09-16T11:45:09.365Z
DEMO-DEV-1631,121,2022-10-04T19:44:41.816Z,2026-09-15T01:31:55.403Z
DEMO-DEV-1664,121,2022-10-19T03:15:13.253Z,2026-09-17T13:12:28.038Z
DEMO-DEV-1670,121,2022-10-04T15:09:22.719Z,2026-09-28T13:53:39.851Z
DEMO-DEV-1684,121,2022-10-03T18:46:45.165Z,2026-09-16T17:28:20.204Z
DEMO-DEV-1752,121,2022-10-05T07:01:58.302Z,2026-09-08T18:41:01.120Z
DEMO-DEV-1933,121,2022-11-17T02:34:04.057Z,2026-09-28T14:49:56.803Z
DEMO-DEV-1966,121,2022-10-02T12:27:05.225Z,2026-09-03T20:51:16.387Z
DEMO-DEV-2026,121,2022-10-08T10:28:59.555Z,2026-09-15T15:04:22.879Z
DEMO-DEV-2063,121,2022-10-15T06:32:21.653Z,2026-09-25T09:03:29.738Z
DEMO-DEV-2065,121,2022-10-14T18:09:00.519Z,2026-09-16T10:04:06.252Z
DEMO-DEV-2102,121,2022-11-16T17:08:53.863Z,2026-09-27T10:47:28.692Z
DEMO-DEV-2153,121,2022-10-04T12:11:35.968Z,2026-09-26T18:47:26.816Z
DEMO-DEV-2160,121,2022-11-09T06:37:39.864Z,2026-09-27T05:50:18.825Z
DEMO-DEV-2179,121,2022-10-17T18:16:07.692Z,2026-09-24T23:55:47.357Z
DEMO-DEV-2195,121,2022-10-11T00:53:29.168Z,2026-09-03T07:41:23.307Z
DEMO-DEV-2225,121,2022-10-01T08:15:21.614Z,2026-09-30T07:29:26.155Z
DEMO-DEV-2234,121,2022-10-28T14:22:41.639Z,2026-09-27T14:03:15.057Z
DEMO-DEV-2265,121,2022-11-07T20:32:32.864Z,2026-09-09T05:57:45.470Z
DEMO-DEV-2284,121,2022-10-02T17:11:41.045Z,2026-09-02T00:43:43.568Z
DEMO-DEV-2311,121,2022-10-02T18:59:13.291Z,2026-09-20T05:29:57.968Z
DEMO-DEV-2332,121,2022-10-27T22:49:42.778Z,2026-09-14T23:25:25.976Z
DEMO-DEV-2352,121,2022-10-05T03:25:49.345Z,2026-09-17T16:31:35.446Z
DEMO-DEV-2524,121,2022-10-06T23:09:38.816Z,2026-08-17T14:54:40.203Z
DEMO-DEV-2539,121,2022-11-18T14:28:43.578Z,2026-08-11T07:45:07.150Z
DEMO-DEV-2587,121,2022-10-27T23:59:22.505Z,2026-09-24T18:18:57.090Z
DEMO-DEV-2634,121,2022-10-13T15:18:13.636Z,2026-09-10T03:16:53.914Z
DEMO-DEV-2637,121,2022-10-12T02:32:54.511Z,2026-09-05T02:24:08.535Z
DEMO-DEV-2646,121,2022-10-22T07:58:28.470Z,2026-08-16T11:20:27.090Z
DEMO-DEV-2652,121,2022-10-07T12:52:45.253Z,2026-09-26T22:02:09.221Z
DEMO-DEV-2657,121,2022-10-04T14:26:17.523Z,2026-09-07T12:28:30.714Z
DEMO-DEV-2684,121,2022-10-09T15:14:25.023Z,2026-09-24T13:13:07.014Z
DEMO-DEV-2823,121,2022-10-25T07:07:54.168Z,2026-08-22T03:25:44.578Z
DEMO-DEV-2825,121,2022-10-03T01:08:58.965Z,2026-09-30T00:01:30.222Z
DEMO-DEV-2830,121,2022-10-02T21:46:57.319Z,2026-09-06T20:06:17.307Z
DEMO-DEV-2861,121,2022-10-06T11:42:35.605Z,2026-09-25T17:01:50.816Z
DEMO-DEV-2863,121,2022-10-06T06:49:32.368Z,2026-09-16T13:52:53.915Z
DEMO-DEV-2882,121,2022-10-16T16:55:33.428Z,2026-09-17T00:03:42.782Z
DEMO-DEV-2906,121,2022-10-09T10:29:49.969Z,2026-09-19T04:53:04.063Z
DEMO-DEV-2909,121,2022-10-08T12:43:10.403Z,2026-09-28T00:13:02.370Z
DEMO-DEV-2921,121,2022-10-22T08:15:24.692Z,2026-09-27T22:20:21.578Z
DEMO-DEV-2925,121,2022-10-07T19:32:00.183Z,2026-09-26T13:38:42.246Z
DEMO-DEV-3015,121,2022-10-09T07:03:34.368Z,2026-09-29T21:53:45.968Z
DEMO-DEV-3037,121,2022-10-21T18:01:44.150Z,2026-09-15T16:22:43.661Z
DEMO-DEV-3101,121,2022-10-06T11:44:00.992Z,2026-09-15T08:36:06.646Z
DEMO-DEV-3142,121,2022-10-10T21:53:55.511Z,2026-08-29T03:53:00.230Z
DEMO-DEV-3146,121,2022-10-02T16:50:45.080Z,2026-09-28T12:23:00.806Z
DEMO-DEV-3188,121,2022-10-09T12:13:39.205Z,2026-09-10T01:02:10.793Z
DEMO-DEV-3282,121,2022-10-26T03:42:17.719Z,2026-09-17T15:35:03.864Z
DEMO-DEV-3286,121,2022-10-24T11:51:06.319Z,2026-09-26T20:38:45.470Z
DEMO-DEV-3387,121,2022-10-04T08:23:56.442Z,2026-09-04T04:52:09.646Z
DEMO-DEV-3396,121,2022-10-08T04:52:30.298Z,2026-09-17T05:04:48.965Z
DEMO-DEV-3407,121,2022-10-06T23:12:00.710Z,2026-09-25T15:26:40.057Z
DEMO-DEV-3417,121,2022-10-20T02:35:04.232Z,2026-09-22T22:14:09.165Z
DEMO-DEV-3454,121,2022-10-06T09:11:29.926Z,2026-09-29T17:26:36.968Z
DEMO-DEV-3495,121,2022-10-03T05:23:03.460Z,2026-09-25T01:31:39.692Z
DEMO-DEV-3629,121,2022-10-12T14:53:07.584Z,2026-09-21T21:05:34.782Z
DEMO-DEV-3630,121,2022-10-19T14:01:19.337Z,2026-09-03T18:28:40.466Z
DEMO-DEV-3683,121,2022-10-05T04:23:10.929Z,2026-09-13T13:00:34.161Z
DEMO-DEV-3718,121,2022-10-01T20:09:39.307Z,2026-09-30T07:57:30.037Z
DEMO-DEV-3728,121,2022-10-05T06:11:23.366Z,2026-09-25T18:13:47.948Z
DEMO-DEV-3799,121,2022-10-03T19:42:14.272Z,2026-09-19T14:40:24.409Z
DEMO-DEV-3881,121,2022-10-04T11:10:07.765Z,2026-09-16T17:34:36.811Z
DEMO-DEV-4000,121,2022-10-15T00:40:52.442Z,2026-09-19T10:22:07.824Z
DEMO-DEV-4032,121,2022-10-13T21:10:13.584Z,2026-09-10T02:24:34.976Z
DEMO-DEV-4090,121,2022-10-03T21:46:10.370Z,2026-08-30T03:11:43.782Z
DEMO-DEV-4129,121,2022-10-02T15:06:09.668Z,2026-09-03T08:54:56.090Z
DEMO-DEV-4167,121,2022-10-08T01:09:11.138Z,2026-09-11T05:19:20.859Z
DEMO-DEV-4228,121,2022-10-20T11:50:36.250Z,2026-09-24T21:34:10.668Z
DEMO-DEV-4242,121,2022-10-21T20:20:27.992Z,2026-09-20T17:47:16.993Z
DEMO-DEV-4270,121,2022-10-01T17:07:39.974Z,2026-09-26T09:04:59.287Z
DEMO-DEV-4288,121,2022-10-12T07:36:10.345Z,2026-09-20T19:24:31.865Z
DEMO-DEV-4326,121,2022-10-09T21:55:19.168Z,2026-09-23T09:23:02.204Z
DEMO-DEV-4357,121,2022-10-10T07:14:28.203Z,2026-09-02T19:37:42.676Z
DEMO-DEV-4378,121,2022-10-01T13:10:44.090Z,2026-09-23T02:59:21.038Z
DEMO-DEV-4385,121,2022-10-04T20:01:51.138Z,2026-09-24T01:49:32.655Z
DEMO-DEV-4403,121,2022-10-01T10:45:05.021Z,2026-09-27T05:54:48.591Z
DEMO-DEV-4421,121,2022-10-13T18:12:49.825Z,2026-09-26T01:42:55.702Z
DEMO-DEV-4543,121,2022-11-04T22:50:47.545Z,2026-09-26T23:31:04.885Z
DEMO-DEV-4603,121,2022-10-04T11:09:03.167Z,2026-09-16T15:39:20.658Z
DEMO-DEV-4622,121,2022-10-03T00:02:49.442Z,2026-09-07T23:00:30.057Z
DEMO-DEV-4678,121,2022-10-04T03:20:07.735Z,2026-09-19T06:05:39.409Z
DEMO-DEV-4776,121,2022-10-09T17:14:05.778Z,2026-09-22T18:08:24.455Z
DEMO-DEV-4807,121,2022-10-07T12:54:00.222Z,2026-09-22T08:15:41.021Z
DEMO-DEV-4819,121,2022-10-07T13:55:57.738Z,2026-08-03T21:23:26.917Z
DEMO-DEV-4873,121,2022-10-13T20:23:19.859Z,2026-09-04T13:30:50.648Z
DEMO-DEV-4900,121,2022-10-20T20:40:45.168Z,2026-09-27T17:10:10.992Z
DEMO-DEV-4920,121,2022-10-11T01:11:39.123Z,2026-09-28T03:18:06.949Z
DEMO-DEV-4941,121,2022-10-01T18:39:10.428Z,2026-09-30T02:05:29.599Z
DEMO-DEV-4960,121,2022-10-23T16:55:54.555Z,2026-09-20T10:07:37.578Z
DEMO-DEV-4976,121,2022-10-14T03:00:55.527Z,2026-09-19T12:24:26.545Z
DEMO-DEV-5007,121,2022-10-05T18:15:28.784Z,2026-09-04T00:31:11.992Z
DEMO-DEV-5059,121,2022-10-09T22:21:25.038Z,2026-09-13T00:20:57.702Z
DEMO-DEV-5226,121,2022-10-12T06:59:27.253Z,2026-09-21T11:01:07.969Z
DEMO-DEV-5228,121,2022-10-02T17:33:03.315Z,2026-09-15T10:41:06.545Z
DEMO-DEV-5240,121,2022-10-07T09:06:28.599Z,2026-09-26T18:54:18.682Z
DEMO-DEV-5306,121,2022-10-13T23:34:19.415Z,2026-09-25T03:06:51.352Z
DEMO-DEV-5334,121,2022-10-01T17:49:36.966Z,2026-09-28T13:10:04.027Z
DEMO-DEV-5346,121,2022-10-08T18:19:33.877Z,2026-09-21T23:16:16.038Z
DEMO-DEV-5392,121,2022-10-10T01:37:30.500Z,2026-09-22T15:28:24.599Z
DEMO-DEV-5430,121,2022-10-03T22:14:18.597Z,2026-09-19T22:42:39.288Z
DEMO-DEV-5439,121,2022-10-30T02:41:49.825Z,2026-09-23T12:56:15.208Z
DEMO-DEV-5466,121,2022-10-23T02:34:46.752Z,2026-09-05T05:01:43.325Z
DEMO-DEV-5494,121,2022-10-23T21:29:24.307Z,2026-09-29T23:12:45.975Z
DEMO-DEV-5531,121,2022-10-15T19:35:14.948Z,2026-09-28T20:57:36.786Z
DEMO-DEV-5629,121,2022-10-05T08:22:43.226Z,2026-08-17T13:52:24.870Z
DEMO-DEV-5631,121,2022-10-06T04:42:58.211Z,2026-09-10T18:26:40.556Z
DEMO-DEV-5754,121,2022-10-01T18:40:55.607Z,2026-09-18T11:24:04.646Z
DEMO-DEV-5767,121,2022-10-01T09:57:57.646Z,2026-09-21T07:49:26.612Z
DEMO-DEV-5784,121,2022-10-06T19:14:09.738Z,2026-09-20T21:35:09.298Z
DEMO-DEV-5787,121,2022-10-05T11:38:35.511Z,2026-09-13T05:10:08.816Z
DEMO-DEV-5806,121,2022-11-25T17:43:37.655Z,2026-09-27T18:41:39.966Z
DEMO-DEV-5807,121,2022-10-02T19:57:15.811Z,2026-09-28T11:16:25.302Z
DEMO-DEV-5812,121,2022-10-19T23:29:38.038Z,2026-09-30T07:47:54.692Z
DEMO-DEV-5934,121,2022-10-10T16:08:14.397Z,2026-09-05T09:33:28.786Z
DEMO-DEV-5970,121,2022-10-20T20:52:24.825Z,2026-09-22T23:51:49.038Z
DEMO-DEV-6041,121,2022-10-05T14:21:48.319Z,2026-09-07T01:12:49.702Z
DEMO-DEV-6042,121,2022-10-04T20:46:55.915Z,2026-09-28T08:38:58.307Z
DEMO-DEV-6050,121,2022-12-04T00:22:31.308Z,2026-08-25T04:30:53.120Z
DEMO-DEV-6055,121,2022-11-11T03:05:30.026Z,2026-09-16T23:38:37.160Z
DEMO-DEV-6080,121,2022-10-05T10:21:27.123Z,2026-09-10T22:35:24.462Z
DEMO-DEV-6109,121,2022-10-24T03:29:00.505Z,2026-09-09T08:15:42.239Z
DEMO-DEV-6133,121,2022-10-22T02:36:00.172Z,2026-09-18T22:05:31.965Z
DEMO-DEV-6223,121,2022-10-03T04:42:48.868Z,2026-09-24T01:12:18.710Z
DEMO-DEV-6235,121,2022-10-02T12:52:48.307Z,2026-09-17T05:41:22.466Z
DEMO-DEV-6258,121,2022-10-08T21:57:49.859Z,2026-09-23T17:57:26.298Z
DEMO-DEV-6317,121,2022-10-07T05:03:21.238Z,2026-09-20T23:07:22.211Z
DEMO-DEV-6333,121,2022-10-18T09:54:02.661Z,2026-09-19T00:53:19.682Z
DEMO-DEV-6339,121,2022-10-03T23:49:56.308Z,2026-09-28T22:23:56.352Z
DEMO-DEV-6413,121,2022-10-12T05:34:08.090Z,2026-09-19T02:57:45.584Z
DEMO-DEV-6445,121,2022-10-15T13:25:23.204Z,2026-08-10T10:00:40.535Z
DEMO-DEV-6462,121,2022-10-22T17:20:06.402Z,2026-09-26T03:49:00.236Z
DEMO-DEV-6473,121,2022-10-02T00:44:50.817Z,2026-09-23T13:46:52.291Z
DEMO-DEV-6516,121,2022-10-04T13:32:11.352Z,2026-09-30T02:51:06.190Z
DEMO-DEV-6609,121,2022-10-07T18:26:53.370Z,2026-09-13T21:29:25.891Z
DEMO-DEV-6616,121,2022-10-01T14:53:00.264Z,2026-09-28T11:15:48.688Z
DEMO-DEV-6656,121,2022-11-05T21:08:14.519Z,2026-09-29T07:08:22.460Z
DEMO-DEV-6657,121,2022-10-02T12:37:49.754Z,2026-09-26T01:51:00.648Z
DEMO-DEV-6659,121,2022-10-02T11:10:04.792Z,2026-09-19T06:57:58.688Z
DEMO-DEV-6680,121,2022-11-20T18:23:36.646Z,2026-09-27T19:20:24.300Z
DEMO-DEV-6688,121,2022-10-01T08:26:28.189Z,2026-08-27T08:46:31.824Z
DEMO-DEV-6696,121,2022-10-09T10:34:32.646Z,2026-09-27T18:59:50.014Z
DEMO-DEV-6708,121,2022-10-06T16:42:59.965Z,2026-09-11T16:08:36.238Z
DEMO-DEV-6710,121,2022-10-07T00:47:18.803Z,2026-09-30T05:49:51.120Z
DEMO-DEV-6791,121,2022-11-01T10:40:59.446Z,2026-09-09T02:39:03.817Z
DEMO-DEV-6830,121,2022-10-16T13:51:24.063Z,2026-09-29T15:09:29.298Z
DEMO-DEV-6945,121,2022-10-14T13:00:05.568Z,2026-09-24T16:44:53.308Z
DEMO-DEV-6990,121,2022-10-19T13:05:06.913Z,2026-09-22T01:54:38.397Z
DEMO-DEV-7038,121,2022-10-10T10:48:44.460Z,2026-09-22T12:20:43.155Z
DEMO-DEV-7121,121,2022-10-07T06:05:26.319Z,2026-09-16T01:41:58.040Z
DEMO-DEV-7135,121,2022-10-06T09:48:42.719Z,2026-09-11T20:35:45.948Z
DEMO-DEV-7139,121,2022-10-09T17:38:53.877Z,2026-08-17T19:03:32.926Z
DEMO-DEV-7280,121,2022-10-01T12:45:24.239Z,2026-08-24T18:48:30.870Z
DEMO-DEV-7373,121,2022-10-03T22:47:18.138Z,2026-09-04T06:34:30.165Z
DEMO-DEV-7441,121,2022-10-20T22:18:17.784Z,2026-09-25T18:40:30.655Z
DEMO-DEV-7467,121,2022-10-02T23:57:33.843Z,2026-09-18T02:51:47.843Z
DEMO-DEV-7500,121,2022-10-07T23:25:03.161Z,2026-09-12T18:47:40.337Z
DEMO-DEV-7523,121,2022-10-15T04:46:09.203Z,2026-09-25T01:59:20.246Z
DEMO-DEV-7566,121,2022-10-14T08:52:34.508Z,2026-09-29T09:18:04.230Z
DEMO-DEV-7629,121,2022-10-15T01:55:02.357Z,2026-08-24T04:25:37.470Z
DEMO-DEV-7639,121,2022-10-03T20:28:54.605Z,2026-09-23T06:36:41.218Z
DEMO-DEV-7676,121,2022-10-06T12:02:53.668Z,2026-09-12T06:25:58.799Z
DEMO-DEV-7706,121,2022-10-22T01:43:33.913Z,2026-09-08T06:27:24.204Z
DEMO-DEV-7739,121,2022-10-04T21:45:18.646Z,2026-09-28T17:53:47.307Z
DEMO-DEV-7749,121,2022-10-03T20:14:08.015Z,2026-09-22T06:02:17.289Z
DEMO-DEV-7782,121,2022-10-03T09:50:08.976Z,2026-09-24T05:23:16.578Z
DEMO-DEV-7840,121,2022-10-24T10:29:48.868Z,2026-07-30T18:05:54.578Z
DEMO-DEV-7849,121,2022-10-18T01:33:07.120Z,2026-09-11T08:30:29.485Z
DEMO-DEV-7864,121,2022-10-11T01:57:01.403Z,2026-09-15T09:30:59.976Z
DEMO-DEV-7882,121,2022-10-02T14:15:50.014Z,2026-08-08T06:07:28.442Z
DEMO-DEV-7889,121,2022-10-19T01:47:23.080Z,2026-09-10T22:39:49.966Z
DEMO-DEV-7890,121,2022-11-01T06:04:33.287Z,2026-09-04T21:16:02.470Z
DEMO-DEV-7922,121,2022-10-13T03:39:14.879Z,2026-09-03T08:11:56.442Z
DEMO-DEV-8010,121,2022-10-06T18:24:05.298Z,2026-09-23T18:22:12.160Z
DEMO-DEV-8029,121,2022-10-10T11:31:52.161Z,2026-09-06T12:39:41.287Z
DEMO-DEV-8095,121,2022-10-11T16:36:02.234Z,2026-09-30T03:55:22.390Z
DEMO-DEV-8121,121,2022-10-11T03:58:38.817Z,2026-09-17T11:14:07.038Z
DEMO-DEV-8147,121,2022-10-11T20:17:42.120Z,2026-09-25T19:51:51.877Z
DEMO-DEV-8195,121,2022-10-01T16:01:49.225Z,2026-09-25T22:23:02.500Z
DEMO-DEV-8208,121,2022-10-20T07:14:59.785Z,2026-09-02T21:38:01.442Z
DEMO-DEV-8254,121,2022-10-11T09:07:06.139Z,2026-08-31T16:33:48.926Z
DEMO-DEV-8292,121,2022-10-14T06:46:02.443Z,2026-08-31T16:33:54.073Z
DEMO-DEV-8293,121,2022-10-28T23:43:27.460Z,2026-09-25T12:12:09.519Z
DEMO-DEV-8342,121,2022-10-04T04:44:51.397Z,2026-09-29T22:28:29.648Z
DEMO-DEV-8367,121,2022-11-09T18:19:12.877Z,2026-09-07T07:03:46.272Z
DEMO-DEV-8437,121,2022-10-01T13:33:45.352Z,2026-09-28T22:30:53.842Z
DEMO-DEV-8444,121,2022-10-09T05:36:08.639Z,2026-09-29T19:30:51.189Z
DEMO-DEV-8492,121,2022-10-05T15:57:14.929Z,2026-09-28T03:50:06.352Z
DEMO-DEV-8519,121,2022-10-06T22:44:01.138Z,2026-09-20T17:52:52.926Z
DEMO-DEV-8525,121,2022-10-02T18:33:45.682Z,2026-09-26T13:46:03.917Z
DEMO-DEV-8586,121,2022-10-01T11:01:04.523Z,2026-09-23T14:22:34.397Z
DEMO-DEV-8592,121,2022-10-27T14:13:05.859Z,2026-09-18T22:02:56.636Z
DEMO-DEV-8597,121,2022-10-18T09:56:09.865Z,2026-09-23T06:12:28.719Z
DEMO-DEV-8620,121,2022-10-06T14:48:28.442Z,2026-09-30T06:17:03.666Z
DEMO-DEV-8660,121,2022-10-07T17:07:15.472Z,2026-09-13T19:04:47.087Z
DEMO-DEV-8668,121,2022-10-06T22:49:15.234Z,2026-09-29T01:59:03.230Z
DEMO-DEV-8723,121,2022-10-19T12:26:26.460Z,2026-09-04T15:48:07.253Z
DEMO-DEV-8744,121,2022-10-28T19:40:49.015Z,2026-09-05T03:30:22.165Z
DEMO-DEV-8745,121,2022-10-09T02:15:23.268Z,2026-09-13T09:45:28.527Z
DEMO-DEV-8748,121,2022-10-07T03:06:41.238Z,2026-09-27T06:12:40.948Z
DEMO-DEV-8857,121,2022-10-20T11:17:25.155Z,2026-09-27T19:42:44.325Z
DEMO-DEV-8872,121,2022-10-28T02:37:40.057Z,2026-09-23T10:04:59.727Z
DEMO-DEV-8934,121,2022-10-07T02:59:03.892Z,2026-09-28T03:29:12.409Z
DEMO-DEV-8955,121,2022-10-07T11:33:51.949Z,2026-09-17T20:25:26.806Z
DEMO-DEV-8980,121,2022-10-30T22:22:10.913Z,2026-09-08T09:14:12.208Z
DEMO-DEV-9026,121,2022-11-06T14:24:33.926Z,2026-09-28T15:52:15.511Z
DEMO-DEV-9051,121,2022-10-07T19:37:06.816Z,2026-09-20T23:00:21.172Z
DEMO-DEV-9064,121,2022-10-03T04:44:34.307Z,2026-09-28T08:34:15.867Z
DEMO-DEV-9075,121,2022-10-03T04:56:36.884Z,2026-09-23T09:07:00.792Z
DEMO-DEV-9108,121,2022-11-17T11:58:19.045Z,2026-09-23T22:21:48.288Z
DEMO-DEV-9136,121,2022-10-02T22:13:24.969Z,2026-09-25T21:52:24.246Z
DEMO-DEV-9159,121,2022-10-24T00:14:52.239Z,2026-09-24T02:19:44.636Z
DEMO-DEV-9182,121,2022-10-06T13:33:19.993Z,2026-09-25T17:37:36.352Z
DEMO-DEV-9191,121,2022-10-07T06:56:12.864Z,2026-09-20T13:40:17.045Z
DEMO-DEV-9197,121,2022-10-13T21:40:10.253Z,2026-09-11T22:44:50.134Z
DEMO-DEV-9210,121,2022-11-03T02:07:34.024Z,2026-09-28T06:24:02.607Z
DEMO-DEV-9270,121,2022-10-14T22:12:04.004Z,2026-08-30T13:06:08.803Z
DEMO-DEV-9278,121,2022-10-01T23:44:49.557Z,2026-09-26T16:44:33.165Z
DEMO-DEV-9297,121,2022-10-08T05:22:55.250Z,2026-09-22T01:46:25.793Z
DEMO-DEV-9309,121,2022-10-07T07:42:02.646Z,2026-09-29T13:52:26.841Z
DEMO-DEV-9387,121,2022-10-15T09:05:19.719Z,2026-09-12T21:56:51.172Z
DEMO-DEV-9401,121,2022-10-02T01:32:46.134Z,2026-09-01T21:22:39.969Z
DEMO-DEV-9404,121,2022-10-01T14:33:06.817Z,2026-09-10T17:49:08.172Z
DEMO-DEV-9454,121,2022-10-06T10:26:21.989Z,2026-09-29T13:40:18.211Z
DEMO-DEV-9487,121,2022-11-15T02:21:39.057Z,2026-09-22T22:49:44.661Z
DEMO-DEV-9523,121,2022-10-04T05:08:19.298Z,2026-09-15T06:02:14.948Z
DEMO-DEV-9551,121,2022-10-05T04:59:48.365Z,2026-08-23T13:09:44.246Z
DEMO-DEV-9649,121,2022-10-10T03:26:29.877Z,2026-09-20T05:03:30.816Z
DEMO-DEV-9686,121,2022-10-07T20:21:13.239Z,2026-09-25T15:07:47.497Z
DEMO-DEV-9704,121,2022-10-07T14:34:51.841Z,2026-09-29T21:50:04.816Z
DEMO-DEV-9747,121,2022-10-02T11:02:36.568Z,2026-08-29T03:42:10.778Z
DEMO-DEV-9754,121,2022-10-08T11:23:10.692Z,2026-09-08T05:08:19.817Z
DEMO-DEV-9844,121,2022-10-08T10:37:38.985Z,2026-09-21T11:04:10.442Z
DEMO-DEV-9872,121,2022-10-16T06:02:29.415Z,2026-09-23T11:53:30.403Z
DEMO-DEV-9889,121,2022-10-18T16:11:04.950Z,2026-09-17T04:08:23.929Z
DEMO-DEV-9904,121,2022-10-14T06:21:36.989Z,2026-09-17T01:59:15.015Z
DEMO-DEV-9922,121,2022-10-11T04:42:10.839Z,2026-09-19T06:36:17.354Z
DEMO-DEV-9941,121,2022-10-16T15:09:58.975Z,2026-09-21T19:29:15.599Z
DEMO-DEV-0072,120,2022-10-11T04:41:26.968Z,2026-09-29T14:50:55.523Z
DEMO-DEV-0093,120,2022-10-01T20:50:38.537Z,2026-09-27T14:47:56.968Z
DEMO-DEV-0113,120,2022-10-13T02:49:34.150Z,2026-09-27T17:01:51.300Z
DEMO-DEV-0160,120,2022-10-22T14:36:05.288Z,2026-09-26T13:16:08.785Z
DEMO-DEV-0166,120,2022-10-07T02:39:50.442Z,2026-09-23T17:43:38.409Z
DEMO-DEV-0215,120,2022-10-09T04:01:00.508Z,2026-09-30T04:56:28.836Z
DEMO-DEV-0231,120,2022-10-04T07:41:40.391Z,2026-08-26T19:22:54.165Z
DEMO-DEV-0236,120,2022-10-05T18:11:58.073Z,2026-09-30T04:34:11.493Z
DEMO-DEV-0270,120,2022-10-02T02:16:54.682Z,2026-09-22T19:28:23.682Z
DEMO-DEV-0281,120,2022-10-02T07:51:37.692Z,2026-09-25T15:42:36.120Z
DEMO-DEV-0302,120,2022-10-06T23:45:09.965Z,2026-09-19T02:54:51.428Z
DEMO-DEV-0360,120,2022-10-29T04:31:54.989Z,2026-09-02T10:08:06.929Z
DEMO-DEV-0478,120,2022-10-06T13:11:21.926Z,2026-09-25T03:42:05.987Z
DEMO-DEV-0495,120,2022-10-02T10:47:05.727Z,2026-09-29T18:57:25.428Z
DEMO-DEV-0658,120,2022-10-14T18:32:26.234Z,2026-09-01T00:55:24.024Z
DEMO-DEV-0694,120,2022-10-06T14:14:09.352Z,2026-09-28T02:27:29.268Z
DEMO-DEV-0745,120,2022-10-07T07:49:29.370Z,2026-09-29T15:56:28.545Z
DEMO-DEV-0787,120,2022-10-06T10:34:10.863Z,2026-08-25T12:44:32.192Z
DEMO-DEV-0790,120,2022-10-14T16:45:14.252Z,2026-09-22T08:13:47.225Z
DEMO-DEV-0856,120,2022-10-14T10:08:16.291Z,2026-08-27T07:56:22.825Z
DEMO-DEV-0864,120,2022-10-02T17:15:47.965Z,2026-09-27T09:50:49.165Z
DEMO-DEV-0871,120,2022-10-29T15:50:27.557Z,2026-09-14T08:15:30.682Z
DEMO-DEV-0893,120,2022-10-13T22:28:50.992Z,2026-09-26T02:17:53.817Z
DEMO-DEV-0899,120,2022-10-23T02:06:47.792Z,2026-08-28T20:44:28.992Z
DEMO-DEV-0934,120,2022-10-04T04:00:07.782Z,2026-09-27T14:33:31.968Z
DEMO-DEV-0935,120,2022-10-21T02:42:22.556Z,2026-09-29T11:26:47.795Z
DEMO-DEV-0942,120,2022-10-05T15:39:42.646Z,2026-09-18T08:36:09.786Z
DEMO-DEV-1024,120,2022-10-06T02:56:23.428Z,2026-09-22T03:46:28.024Z
DEMO-DEV-1115,120,2022-10-21T01:31:59.605Z,2026-09-08T10:12:05.308Z
DEMO-DEV-1120,120,2022-10-03T06:09:56.253Z,2026-09-23T18:16:14.138Z
DEMO-DEV-1155,120,2022-10-06T08:05:25.139Z,2026-09-16T10:21:39.639Z
DEMO-DEV-1222,120,2022-10-05T03:54:43.225Z,2026-09-05T20:26:37.968Z
DEMO-DEV-1240,120,2022-10-14T12:51:57.682Z,2026-09-28T22:14:54.692Z
DEMO-DEV-1272,120,2022-11-03T18:15:42.189Z,2026-09-01T13:38:51.021Z
DEMO-DEV-1291,120,2022-10-17T00:28:23.719Z,2026-08-27T20:57:33.727Z
DEMO-DEV-1295,120,2022-10-04T05:02:19.612Z,2026-09-26T23:36:57.545Z
DEMO-DEV-1318,120,2022-10-12T17:01:02.710Z,2026-09-29T01:20:55.272Z
DEMO-DEV-1320,120,2022-10-04T04:08:34.892Z,2026-09-23T19:10:23.225Z
DEMO-DEV-1433,120,2022-10-07T05:34:57.442Z,2026-09-27T16:56:44.038Z
DEMO-DEV-1472,120,2022-10-12T06:06:24.073Z,2026-09-27T15:24:12.891Z
DEMO-DEV-1612,120,2022-10-08T10:55:12.719Z,2026-09-12T02:07:02.387Z
DEMO-DEV-1626,120,2022-10-16T14:34:48.612Z,2026-09-17T23:41:12.636Z
DEMO-DEV-1661,120,2022-10-07T15:36:33.846Z,2026-09-27T20:45:19.877Z
DEMO-DEV-1689,120,2022-10-19T09:16:04.863Z,2026-09-12T11:23:31.816Z
DEMO-DEV-1740,120,2022-10-15T18:57:24.692Z,2026-09-27T10:50:53.428Z
DEMO-DEV-1750,120,2022-10-22T14:05:44.599Z,2026-09-28T04:05:43.692Z
DEMO-DEV-1764,120,2022-10-07T03:14:57.021Z,2026-09-15T12:57:20.307Z
DEMO-DEV-1789,120,2022-10-03T23:41:20.246Z,2026-09-29T18:59:55.966Z
DEMO-DEV-1802,120,2022-10-21T17:56:04.402Z,2026-09-29T14:19:37.203Z
DEMO-DEV-1833,120,2022-10-12T04:11:21.985Z,2026-09-22T05:44:33.230Z
DEMO-DEV-1837,120,2022-10-25T12:57:51.688Z,2026-09-19T06:02:36.027Z
DEMO-DEV-1838,120,2022-10-08T13:22:38.503Z,2026-09-26T23:22:02.612Z
DEMO-DEV-1851,120,2022-10-06T07:08:55.239Z,2026-09-06T04:39:49.021Z
DEMO-DEV-1905,120,2022-10-01T21:51:58.172Z,2026-08-22T12:24:38.037Z
DEMO-DEV-1908,120,2022-11-11T23:02:32.636Z,2026-09-14T17:51:11.472Z
DEMO-DEV-2007,120,2022-10-27T12:51:07.891Z,2026-09-24T14:45:51.455Z
DEMO-DEV-2137,120,2022-10-01T23:38:41.219Z,2026-09-27T14:10:04.208Z
DEMO-DEV-2193,120,2022-10-05T17:48:27.319Z,2026-09-26T10:04:32.397Z
DEMO-DEV-2243,120,2022-10-21T08:40:28.646Z,2026-08-30T14:45:15.618Z
DEMO-DEV-2254,120,2022-10-10T05:07:54.236Z,2026-09-21T16:42:57.057Z
DEMO-DEV-2256,120,2022-10-04T23:58:57.024Z,2026-09-26T18:02:20.368Z
DEMO-DEV-2269,120,2022-10-12T04:25:48.825Z,2026-08-28T17:58:56.003Z
DEMO-DEV-2272,120,2022-10-15T09:19:14.252Z,2026-09-09T20:19:48.841Z
DEMO-DEV-2282,120,2022-10-02T17:04:21.975Z,2026-09-26T11:32:36.666Z
DEMO-DEV-2303,120,2022-10-14T05:23:40.222Z,2026-09-19T08:03:41.221Z
DEMO-DEV-2341,120,2022-10-12T21:24:08.190Z,2026-08-18T19:50:23.557Z
DEMO-DEV-2381,120,2022-10-05T03:22:42.289Z,2026-09-08T11:45:05.519Z
DEMO-DEV-2384,120,2022-10-23T04:47:29.513Z,2026-09-28T07:37:28.513Z
DEMO-DEV-2487,120,2022-10-10T23:19:27.138Z,2026-08-13T07:35:05.308Z
DEMO-DEV-2504,120,2022-10-18T22:56:23.300Z,2026-09-11T20:13:52.839Z
DEMO-DEV-2514,120,2022-10-05T22:46:44.003Z,2026-09-10T05:59:08.836Z
DEMO-DEV-2623,120,2022-10-04T04:08:02.877Z,2026-09-29T20:13:44.205Z
DEMO-DEV-2633,120,2022-10-25T22:27:30.965Z,2026-09-15T14:00:53.738Z
DEMO-DEV-2654,120,2022-10-08T12:53:51.806Z,2026-09-29T03:53:07.568Z
DEMO-DEV-2696,120,2022-10-21T12:49:03.929Z,2026-09-23T00:43:48.387Z
DEMO-DEV-2776,120,2022-10-01T11:34:05.873Z,2026-09-16T05:20:30.470Z
DEMO-DEV-2850,120,2022-10-20T15:00:05.268Z,2026-09-13T15:21:58.080Z
DEMO-DEV-2856,120,2022-11-12T14:28:14.470Z,2026-09-07T22:58:05.366Z
DEMO-DEV-2911,120,2022-10-13T03:21:46.397Z,2026-08-31T20:14:09.513Z
DEMO-DEV-3016,120,2022-10-10T22:25:23.974Z,2026-09-26T07:24:48.870Z
DEMO-DEV-3038,120,2022-10-04T09:59:40.442Z,2026-09-23T10:27:14.891Z
DEMO-DEV-3066,120,2022-10-01T09:09:09.786Z,2026-09-21T05:47:54.655Z
DEMO-DEV-3072,120,2022-10-07T17:55:44.397Z,2026-08-26T05:47:13.003Z
DEMO-DEV-3113,120,2022-10-19T09:35:36.230Z,2026-09-22T15:11:05.230Z
DEMO-DEV-3123,120,2022-10-03T16:56:52.173Z,2026-09-27T21:19:43.370Z
DEMO-DEV-3175,120,2022-10-17T06:32:59.842Z,2026-08-30T04:11:30.738Z
DEMO-DEV-3272,120,2022-10-02T00:26:08.021Z,2026-09-30T06:02:46.578Z
DEMO-DEV-3346,120,2022-10-12T16:50:19.219Z,2026-09-18T20:27:47.470Z
DEMO-DEV-3347,120,2022-10-02T19:01:13.846Z,2026-09-18T02:52:37.597Z
DEMO-DEV-3360,120,2022-10-06T16:20:38.524Z,2026-09-24T23:53:26.234Z
DEMO-DEV-3449,120,2022-10-12T23:16:26.765Z,2026-09-28T03:30:32.513Z
DEMO-DEV-3465,120,2022-10-21T16:26:25.870Z,2026-08-21T02:39:42.319Z
DEMO-DEV-3471,120,2022-10-04T03:25:30.765Z,2026-09-22T12:01:07.038Z
DEMO-DEV-3481,120,2022-11-21T21:36:17.442Z,2026-09-10T07:41:51.648Z
DEMO-DEV-3498,120,2022-10-24T18:15:19.765Z,2026-09-26T05:46:42.160Z
DEMO-DEV-3499,120,2022-10-04T11:40:04.786Z,2026-09-23T20:51:20.160Z
DEMO-DEV-3518,120,2022-10-14T16:04:35.415Z,2026-09-07T06:49:24.080Z
DEMO-DEV-3524,120,2022-10-12T20:58:07.870Z,2026-09-25T03:42:28.352Z
DEMO-DEV-3540,120,2022-10-22T13:48:36.500Z,2026-09-26T02:50:08.915Z
DEMO-DEV-3550,120,2022-10-08T17:52:48.863Z,2026-09-25T01:57:48.038Z
DEMO-DEV-3569,120,2022-10-19T19:01:19.646Z,2026-09-23T12:29:36.863Z
DEMO-DEV-3622,120,2022-10-02T15:17:31.253Z,2026-09-18T05:08:29.123Z
DEMO-DEV-3632,120,2022-10-04T18:26:31.784Z,2026-09-12T06:37:36.224Z
DEMO-DEV-3673,120,2022-10-05T12:39:53.519Z,2026-09-24T10:36:31.254Z
DEMO-DEV-3697,120,2022-10-08T14:47:54.816Z,2026-09-16T07:27:23.639Z
DEMO-DEV-3702,120,2022-10-15T00:59:37.824Z,2026-09-29T19:10:40.442Z
DEMO-DEV-3720,120,2022-10-13T13:42:01.727Z,2026-09-25T21:22:23.885Z
DEMO-DEV-3738,120,2022-10-03T00:19:19.239Z,2026-09-27T22:52:21.864Z
DEMO-DEV-3772,120,2022-10-25T22:26:17.015Z,2026-09-15T23:24:10.172Z
DEMO-DEV-3783,120,2022-10-29T14:37:23.535Z,2026-09-29T02:54:21.239Z
DEMO-DEV-3788,120,2022-10-21T02:35:47.075Z,2026-09-09T16:24:37.513Z
DEMO-DEV-3837,120,2022-11-08T14:44:31.003Z,2026-09-21T23:31:51.676Z
DEMO-DEV-3880,120,2022-10-20T03:45:51.846Z,2026-09-20T17:18:18.885Z
DEMO-DEV-3899,120,2022-10-03T23:28:14.786Z,2026-09-17T06:23:14.354Z
DEMO-DEV-3937,120,2022-10-09T11:40:56.992Z,2026-09-25T01:40:30.024Z
DEMO-DEV-3954,120,2022-10-23T06:16:36.264Z,2026-09-21T22:39:14.646Z
DEMO-DEV-4020,120,2022-10-06T03:50:22.307Z,2026-09-17T17:47:32.519Z
DEMO-DEV-4021,120,2022-10-10T21:23:15.612Z,2026-08-31T10:15:24.846Z
DEMO-DEV-4050,120,2022-10-15T03:00:28.785Z,2026-09-28T10:30:58.298Z
DEMO-DEV-4082,120,2022-11-10T09:08:18.232Z,2026-09-25T20:13:36.527Z
DEMO-DEV-4083,120,2022-10-06T17:05:26.655Z,2026-09-25T12:45:18.003Z
DEMO-DEV-4085,120,2022-10-01T11:15:18.205Z,2026-09-07T19:28:12.985Z
DEMO-DEV-4105,120,2022-10-02T20:39:05.160Z,2026-09-02T16:58:30.192Z
DEMO-DEV-4200,120,2022-10-11T02:53:53.969Z,2026-08-27T02:24:51.087Z
DEMO-DEV-4283,120,2022-10-04T07:26:20.992Z,2026-09-28T14:44:16.646Z
DEMO-DEV-4290,120,2022-10-01T21:37:10.864Z,2026-09-08T08:23:33.497Z
DEMO-DEV-4320,120,2022-10-18T14:16:36.138Z,2026-08-25T18:40:29.394Z
DEMO-DEV-4354,120,2022-10-03T19:02:22.428Z,2026-09-24T17:44:15.298Z
DEMO-DEV-4358,120,2022-11-13T17:54:17.987Z,2026-09-13T00:01:45.232Z
DEMO-DEV-4373,120,2022-10-08T18:38:00.250Z,2026-09-27T08:44:19.523Z
DEMO-DEV-4420,120,2022-10-13T17:49:34.804Z,2026-09-18T22:54:20.714Z
DEMO-DEV-4463,120,2022-10-05T17:18:31.597Z,2026-09-28T19:41:30.778Z
DEMO-DEV-4512,120,2022-10-08T05:15:44.409Z,2026-08-27T17:54:59.885Z
DEMO-DEV-4530,120,2022-10-09T02:01:25.234Z,2026-09-20T15:26:43.989Z
DEMO-DEV-4541,120,2022-10-18T22:25:56.370Z,2026-09-30T02:25:05.368Z
DEMO-DEV-4594,120,2022-10-03T01:17:34.646Z,2026-09-16T02:52:34.455Z
DEMO-DEV-4614,120,2022-11-02T07:31:29.300Z,2026-09-25T07:02:26.537Z
DEMO-DEV-4628,120,2022-10-27T16:02:15.792Z,2026-09-26T18:07:06.234Z
DEMO-DEV-4697,120,2022-10-19T23:49:24.368Z,2026-09-16T08:30:19.218Z
DEMO-DEV-4761,120,2022-10-02T01:17:50.648Z,2026-09-26T05:38:58.040Z
DEMO-DEV-4804,120,2022-10-03T04:21:29.524Z,2026-09-13T08:51:25.817Z
DEMO-DEV-4815,120,2022-10-14T17:42:03.799Z,2026-09-02T18:23:50.120Z
DEMO-DEV-4856,120,2022-11-22T07:04:10.472Z,2026-09-21T11:55:58.614Z
DEMO-DEV-4882,120,2022-10-05T21:26:31.023Z,2026-09-22T15:18:23.989Z
DEMO-DEV-4902,120,2022-10-05T19:06:33.949Z,2026-09-20T11:38:22.160Z
DEMO-DEV-4908,120,2022-10-01T14:16:58.397Z,2026-08-21T08:46:46.636Z
DEMO-DEV-4927,120,2022-10-07T20:47:38.917Z,2026-08-27T04:53:41.370Z
DEMO-DEV-4943,120,2022-10-14T07:29:01.219Z,2026-09-26T08:47:22.037Z
DEMO-DEV-5014,120,2022-10-23T08:16:07.211Z,2026-09-28T13:59:33.352Z
DEMO-DEV-5042,120,2022-10-08T16:28:45.246Z,2026-09-25T00:31:17.021Z
DEMO-DEV-5046,120,2022-10-22T19:26:08.246Z,2026-09-22T13:03:29.428Z
DEMO-DEV-5057,120,2022-10-11T03:10:17.189Z,2026-09-28T18:55:18.038Z
DEMO-DEV-5070,120,2022-10-07T08:18:31.612Z,2026-09-15T17:03:04.816Z
DEMO-DEV-5071,120,2022-10-15T04:05:52.917Z,2026-09-19T07:40:15.287Z
DEMO-DEV-5157,120,2022-11-04T09:04:32.793Z,2026-09-20T15:14:46.655Z
DEMO-DEV-5182,120,2022-10-29T12:00:42.976Z,2026-09-13T01:38:32.519Z
DEMO-DEV-5256,120,2022-10-05T07:33:02.836Z,2026-09-19T13:10:15.646Z
DEMO-DEV-5259,120,2022-11-11T16:05:05.917Z,2026-09-21T13:28:44.950Z
DEMO-DEV-5303,120,2022-10-14T05:46:06.975Z,2026-09-29T12:09:12.138Z
DEMO-DEV-5308,120,2022-10-26T22:31:43.315Z,2026-09-28T04:50:49.682Z
DEMO-DEV-5362,120,2022-10-02T02:55:13.192Z,2026-09-24T05:10:00.368Z
DEMO-DEV-5367,120,2022-10-02T03:35:29.428Z,2026-09-06T21:17:22.497Z
DEMO-DEV-5423,120,2022-10-04T11:36:14.365Z,2026-09-27T05:38:52.026Z
DEMO-DEV-5427,120,2022-10-03T21:56:19.508Z,2026-09-18T11:05:11.394Z
DEMO-DEV-5474,120,2022-10-03T09:41:49.555Z,2026-09-28T09:12:36.793Z
DEMO-DEV-5487,120,2022-10-18T06:49:31.466Z,2026-09-23T12:00:35.443Z
DEMO-DEV-5503,120,2022-10-06T11:05:33.221Z,2026-09-18T06:56:22.252Z
DEMO-DEV-5504,120,2022-10-10T21:30:06.120Z,2026-09-29T18:31:53.949Z
DEMO-DEV-5518,120,2022-10-02T09:35:10.252Z,2026-09-24T18:34:22.500Z
DEMO-DEV-5520,120,2022-10-24T16:53:23.816Z,2026-09-10T08:23:09.867Z
DEMO-DEV-5541,120,2022-11-17T22:40:02.230Z,2026-09-20T00:26:04.403Z
DEMO-DEV-5551,120,2022-10-02T03:02:00.968Z,2026-09-22T11:01:09.658Z
DEMO-DEV-5554,120,2022-10-04T21:39:42.682Z,2026-09-20T15:21:25.692Z
DEMO-DEV-5560,120,2022-10-04T01:37:32.189Z,2026-09-28T05:12:49.370Z
DEMO-DEV-5624,120,2022-10-17T12:32:49.057Z,2026-09-17T06:42:23.307Z
DEMO-DEV-5673,120,2022-10-08T03:56:53.307Z,2026-09-18T16:41:37.075Z
DEMO-DEV-5687,120,2022-10-12T19:23:42.073Z,2026-08-21T18:09:24.298Z
DEMO-DEV-5713,120,2022-10-02T16:08:52.253Z,2026-09-15T09:19:14.511Z
DEMO-DEV-5715,120,2022-10-04T02:01:02.817Z,2026-09-26T10:36:15.165Z
DEMO-DEV-5757,120,2022-10-09T18:25:26.778Z,2026-09-24T04:59:14.992Z
DEMO-DEV-5803,120,2022-10-07T05:57:48.836Z,2026-09-12T22:11:00.239Z
DEMO-DEV-5835,120,2022-11-01T21:10:51.462Z,2026-09-29T17:39:16.460Z
DEMO-DEV-5840,120,2022-10-25T17:23:32.287Z,2026-09-25T18:11:30.224Z
DEMO-DEV-5859,120,2022-10-11T22:54:49.370Z,2026-09-14T23:39:44.232Z
DEMO-DEV-5870,120,2022-10-13T00:09:37.428Z,2026-09-21T05:17:48.714Z
DEMO-DEV-5878,120,2022-11-09T03:11:29.428Z,2026-09-24T11:47:42.879Z
DEMO-DEV-5894,120,2022-10-16T23:34:52.239Z,2026-09-23T01:20:30.307Z
DEMO-DEV-5913,120,2022-12-02T07:49:48.442Z,2026-09-14T23:30:11.222Z
DEMO-DEV-5946,120,2022-11-10T03:17:09.682Z,2026-09-06T15:36:20.190Z
DEMO-DEV-5951,120,2022-10-07T00:13:10.839Z,2026-09-16T17:28:42.497Z
DEMO-DEV-5967,120,2022-10-03T06:08:52.950Z,2026-09-29T06:14:20.836Z
DEMO-DEV-6004,120,2022-10-06T04:54:47.390Z,2026-09-23T12:55:53.891Z
DEMO-DEV-6072,120,2022-10-01T12:16:45.870Z,2026-09-28T13:56:44.073Z
DEMO-DEV-6077,120,2022-10-03T19:59:28.120Z,2026-09-22T09:17:53.614Z
DEMO-DEV-6079,120,2022-10-08T11:26:37.646Z,2026-09-20T18:46:53.192Z
DEMO-DEV-6145,120,2022-10-08T09:45:29.500Z,2026-09-18T02:18:30.612Z
DEMO-DEV-6170,120,2022-10-04T07:09:35.892Z,2026-09-15T14:33:01.825Z
DEMO-DEV-6239,120,2022-10-26T11:30:44.524Z,2026-09-20T04:49:09.307Z
DEMO-DEV-6247,120,2022-10-09T22:26:52.682Z,2026-09-28T17:17:21.015Z
DEMO-DEV-6309,120,2022-11-17T19:04:51.307Z,2026-09-17T22:47:29.599Z
DEMO-DEV-6429,120,2022-10-05T15:41:33.692Z,2026-09-27T21:50:25.319Z
DEMO-DEV-6457,120,2022-10-05T12:42:54.173Z,2026-09-12T04:55:41.710Z
DEMO-DEV-6478,120,2022-10-30T09:47:24.535Z,2026-09-15T10:29:25.183Z
DEMO-DEV-6565,120,2022-10-08T20:34:19.160Z,2026-09-06T12:43:09.003Z
DEMO-DEV-6573,120,2022-10-09T15:47:47.470Z,2026-09-16T11:24:31.409Z
DEMO-DEV-6574,120,2022-10-08T19:09:36.799Z,2026-09-21T18:07:14.004Z
DEMO-DEV-6618,120,2022-10-03T20:54:01.415Z,2026-08-26T02:50:51.470Z
DEMO-DEV-6619,120,2022-10-23T07:57:35.442Z,2026-09-23T19:51:03.167Z
DEMO-DEV-6622,120,2022-10-01T09:32:53.735Z,2026-08-17T03:51:10.366Z
DEMO-DEV-6636,120,2022-12-15T05:56:24.038Z,2026-09-29T21:12:02.221Z
DEMO-DEV-6712,120,2022-10-26T14:48:24.203Z,2026-08-25T14:22:15.272Z
DEMO-DEV-6721,120,2022-10-04T16:32:15.948Z,2026-09-23T21:17:43.607Z
DEMO-DEV-6730,120,2022-10-03T08:35:09.037Z,2026-09-26T09:09:14.500Z
DEMO-DEV-6811,120,2022-10-31T01:33:51.839Z,2026-09-16T02:00:30.975Z
DEMO-DEV-6816,120,2022-10-04T08:14:10.015Z,2026-07-19T02:29:57.599Z
DEMO-DEV-6817,120,2022-11-08T04:35:49.315Z,2026-09-24T04:42:46.817Z
DEMO-DEV-6839,120,2022-11-03T22:02:57.023Z,2026-08-08T04:38:23.403Z
DEMO-DEV-6841,120,2022-10-22T10:37:58.027Z,2026-09-21T03:10:57.914Z
DEMO-DEV-6889,120,2022-10-17T10:48:12.804Z,2026-09-29T05:53:28.618Z
DEMO-DEV-6948,120,2022-10-02T15:27:41.308Z,2026-09-23T18:59:39.793Z
DEMO-DEV-6951,120,2022-10-10T09:07:37.989Z,2026-09-15T05:04:38.446Z
DEMO-DEV-7043,120,2022-10-11T10:49:14.004Z,2026-08-31T07:54:24.472Z
DEMO-DEV-7090,120,2022-10-18T11:47:38.391Z,2026-09-27T04:19:54.816Z
DEMO-DEV-7110,120,2022-10-08T11:24:07.391Z,2026-09-21T19:36:55.357Z
DEMO-DEV-7115,120,2022-10-01T22:01:12.992Z,2026-08-27T06:11:43.778Z
DEMO-DEV-7116,120,2022-10-12T11:31:35.646Z,2026-09-19T12:40:45.205Z
DEMO-DEV-7169,120,2022-10-10T21:02:17.868Z,2026-09-20T03:22:47.230Z
DEMO-DEV-7190,120,2022-10-07T04:53:04.391Z,2026-09-26T15:21:17.123Z
DEMO-DEV-7202,120,2022-10-09T21:21:23.460Z,2026-09-25T21:22:45.523Z
DEMO-DEV-7217,120,2022-10-10T03:05:01.527Z,2026-09-30T00:50:09.497Z
DEMO-DEV-7243,120,2022-10-02T07:50:53.584Z,2026-09-23T12:46:47.989Z
DEMO-DEV-7283,120,2022-10-09T23:42:37.023Z,2026-09-18T09:54:31.556Z
DEMO-DEV-7288,120,2022-10-17T18:50:22.252Z,2026-09-19T04:43:45.692Z
DEMO-DEV-7292,120,2022-10-09T19:04:17.264Z,2026-09-24T00:58:00.892Z
DEMO-DEV-7316,120,2022-10-10T02:47:23.319Z,2026-09-26T14:13:48.073Z
DEMO-DEV-7395,120,2022-10-12T09:02:29.519Z,2026-09-17T02:48:52.165Z
DEMO-DEV-7436,120,2022-10-04T11:48:56.614Z,2026-09-16T00:12:47.168Z
DEMO-DEV-7479,120,2022-10-03T04:50:22.442Z,2026-09-26T20:28:16.817Z
DEMO-DEV-7490,120,2022-10-07T06:17:54.315Z,2026-09-20T03:51:13.391Z
DEMO-DEV-7518,120,2022-10-21T14:21:33.040Z,2026-09-18T22:39:57.754Z
DEMO-DEV-7572,120,2022-10-03T00:29:08.527Z,2026-09-30T01:37:01.843Z
DEMO-DEV-7591,120,2022-10-01T22:59:05.077Z,2026-09-15T18:27:30.446Z
DEMO-DEV-7631,120,2022-10-06T09:25:35.219Z,2026-09-23T19:45:07.470Z
DEMO-DEV-7732,120,2022-10-15T19:17:51.786Z,2026-09-17T01:14:49.993Z
DEMO-DEV-7818,120,2022-10-10T11:42:35.192Z,2026-09-30T05:46:14.892Z
DEMO-DEV-7897,120,2022-10-01T17:46:07.319Z,2026-09-09T15:03:26.246Z
DEMO-DEV-7913,120,2022-10-09T03:31:14.485Z,2026-09-30T03:02:08.160Z
DEMO-DEV-7927,120,2022-10-13T17:04:59.503Z,2026-09-24T14:50:23.655Z
DEMO-DEV-7929,120,2022-11-01T21:29:44.289Z,2026-09-06T14:11:35.289Z
DEMO-DEV-7932,120,2022-10-02T00:36:27.345Z,2026-09-30T02:28:10.218Z
DEMO-DEV-7980,120,2022-10-05T15:19:17.302Z,2026-09-01T10:11:29.298Z
DEMO-DEV-7992,120,2022-10-02T11:53:20.799Z,2026-09-30T06:51:04.523Z
DEMO-DEV-8006,120,2022-10-04T00:30:06.352Z,2026-09-28T04:53:23.639Z
DEMO-DEV-8034,120,2022-10-07T18:49:09.884Z,2026-08-24T08:44:41.428Z
DEMO-DEV-8058,120,2022-10-17T19:04:25.315Z,2026-09-22T01:05:21.015Z
DEMO-DEV-8079,120,2022-10-09T02:24:44.646Z,2026-09-13T13:07:53.877Z
DEMO-DEV-8152,120,2022-10-02T20:58:52.948Z,2026-09-27T07:07:05.466Z
DEMO-DEV-8177,120,2022-10-03T01:52:38.968Z,2026-09-05T08:42:13.319Z
DEMO-DEV-8217,120,2022-10-01T19:15:43.368Z,2026-08-14T06:16:24.268Z
DEMO-DEV-8231,120,2022-10-10T04:41:52.218Z,2026-09-18T15:46:20.987Z
DEMO-DEV-8275,120,2022-10-12T16:07:23.470Z,2026-09-29T15:17:02.557Z
DEMO-DEV-8361,120,2022-11-02T23:18:17.038Z,2026-09-21T10:48:36.584Z
DEMO-DEV-8381,120,2022-11-16T07:55:40.500Z,2026-09-26T04:52:00.004Z
DEMO-DEV-8476,120,2022-10-07T23:25:16.968Z,2026-09-22T03:58:13.786Z
DEMO-DEV-8495,120,2022-10-22T19:11:32.913Z,2026-09-25T15:45:38.648Z
DEMO-DEV-8512,120,2022-12-01T20:23:50.470Z,2026-09-28T05:27:24.842Z
DEMO-DEV-8593,120,2022-10-20T18:07:04.354Z,2026-09-28T13:37:18.460Z
DEMO-DEV-8598,120,2022-10-16T16:37:55.254Z,2026-09-30T07:12:25.692Z
DEMO-DEV-8622,120,2022-10-02T08:58:21.859Z,2026-09-18T00:01:07.203Z
DEMO-DEV-8642,120,2022-10-10T11:33:32.172Z,2026-09-19T03:52:56.038Z
DEMO-DEV-8682,120,2022-10-11T16:29:55.460Z,2026-09-17T06:09:00.842Z
DEMO-DEV-8759,120,2022-10-02T15:30:37.415Z,2026-09-22T18:28:00.864Z
DEMO-DEV-8765,120,2022-10-14T03:18:16.289Z,2026-09-30T02:19:45.288Z
DEMO-DEV-8783,120,2022-10-08T22:46:00.969Z,2026-09-21T00:32:17.485Z
DEMO-DEV-8791,120,2022-10-08T00:48:14.203Z,2026-09-15T04:27:53.365Z
DEMO-DEV-8826,120,2022-10-05T02:44:42.232Z,2026-09-29T10:03:36.352Z
DEMO-DEV-8829,120,2022-10-09T18:36:05.189Z,2026-09-19T14:31:46.014Z
DEMO-DEV-8831,120,2022-10-06T23:36:43.466Z,2026-09-26T17:36:12.799Z
DEMO-DEV-8855,120,2022-10-09T16:00:56.976Z,2026-09-23T07:37:12.714Z
DEMO-DEV-8890,120,2022-10-04T16:05:06.968Z,2026-09-27T16:42:57.537Z
DEMO-DEV-8899,120,2022-10-19T13:43:56.655Z,2026-09-29T22:28:17.415Z
DEMO-DEV-8908,120,2022-10-18T01:09:59.287Z,2026-09-23T04:17:39.646Z
DEMO-DEV-8931,120,2022-10-09T15:02:04.493Z,2026-09-23T14:21:41.038Z
DEMO-DEV-8937,120,2022-10-12T05:08:14.784Z,2026-09-26T16:15:21.817Z
DEMO-DEV-8950,120,2022-10-07T07:35:56.090Z,2026-09-14T12:14:54.607Z
DEMO-DEV-9059,120,2022-10-13T12:25:16.607Z,2026-09-09T20:33:23.877Z
DEMO-DEV-9066,120,2022-10-27T11:07:57.021Z,2026-09-22T08:45:25.682Z
DEMO-DEV-9082,120,2022-10-05T14:34:23.236Z,2026-09-05T13:32:41.252Z
DEMO-DEV-9092,120,2022-10-07T05:37:10.387Z,2026-09-13T21:39:55.057Z
DEMO-DEV-9099,120,2022-10-08T13:39:37.870Z,2026-09-03T13:47:43.023Z
DEMO-DEV-9101,120,2022-10-31T14:23:52.636Z,2026-09-10T21:47:55.867Z
DEMO-DEV-9152,120,2022-10-11T06:02:25.859Z,2026-09-19T05:32:35.817Z
DEMO-DEV-9303,120,2022-10-07T17:42:37.836Z,2026-09-28T02:23:03.045Z
DEMO-DEV-9312,120,2022-10-10T08:07:07.354Z,2026-09-27T23:42:38.298Z
DEMO-DEV-9331,120,2022-11-20T19:00:01.929Z,2026-09-22T10:55:47.859Z
DEMO-DEV-9370,120,2022-10-09T10:41:54.859Z,2026-09-27T15:21:16.390Z
DEMO-DEV-9376,120,2022-10-14T23:09:15.859Z,2026-09-10T02:51:09.037Z
DEMO-DEV-9412,120,2022-10-06T07:29:36.238Z,2026-09-27T01:20:49.859Z
DEMO-DEV-9429,120,2022-11-12T16:14:02.203Z,2026-09-15T09:51:14.337Z
DEMO-DEV-9457,120,2022-10-07T09:49:01.172Z,2026-09-16T20:19:31.782Z
DEMO-DEV-9467,120,2022-11-15T03:54:10.250Z,2026-09-10T16:22:40.391Z
DEMO-DEV-9545,120,2022-10-12T07:56:42.987Z,2026-09-28T18:17:49.472Z
DEMO-DEV-9549,120,2022-10-11T08:45:11.368Z,2026-09-26T14:54:31.226Z
DEMO-DEV-9616,120,2022-10-13T20:29:07.556Z,2026-09-29T22:27:19.778Z
DEMO-DEV-9673,120,2022-10-11T22:08:47.786Z,2026-09-22T14:01:00.057Z
DEMO-DEV-9676,120,2022-10-10T11:15:43.239Z,2026-09-24T13:57:34.428Z
DEMO-DEV-9705,120,2022-10-22T16:22:24.150Z,2026-09-23T16:55:48.974Z
DEMO-DEV-9709,120,2022-10-05T03:31:49.015Z,2026-09-21T05:35:46.205Z
DEMO-DEV-9720,120,2022-11-11T22:39:29.470Z,2026-09-07T01:42:13.877Z
DEMO-DEV-9729,120,2022-10-13T06:04:21.173Z,2026-08-08T09:38:27.738Z
DEMO-DEV-9793,120,2022-10-07T14:05:07.239Z,2026-09-25T10:05:11.870Z
DEMO-DEV-9808,120,2022-10-02T01:46:08.023Z,2026-09-14T08:26:55.795Z
DEMO-DEV-9817,120,2022-10-06T19:43:35.913Z,2026-09-24T07:42:38.352Z
DEMO-DEV-9851,120,2022-10-02T00:27:43.892Z,2026-09-25T09:34:20.926Z
DEMO-DEV-9887,120,2022-10-13T02:29:32.846Z,2026-09-05T22:07:05.365Z
DEMO-DEV-9955,120,2022-10-04T20:11:49.172Z,2026-09-06T14:49:58.291Z
DEMO-DEV-9973,120,2022-10-05T14:12:39.037Z,2026-09-28T02:27:09.298Z
DEMO-DEV-9994,120,2022-10-05T14:24:05.614Z,2026-09-27T05:51:49.597Z
DEMO-DEV-0062,119,2022-10-12T12:57:42.253Z,2026-09-26T10:58:24.949Z
DEMO-DEV-0146,119,2022-10-05T21:51:33.879Z,2026-09-23T22:34:34.462Z
DEMO-DEV-0156,119,2022-10-24T17:44:09.949Z,2026-08-31T19:27:29.799Z
DEMO-DEV-0196,119,2022-10-07T05:25:56.428Z,2026-09-21T15:25:39.816Z
DEMO-DEV-0199,119,2022-10-24T12:03:23.370Z,2026-09-16T03:55:36.846Z
DEMO-DEV-0256,119,2022-10-11T15:00:00.825Z,2026-09-21T00:41:55.203Z
DEMO-DEV-0265,119,2022-10-05T01:59:59.688Z,2026-09-04T17:12:22.211Z
DEMO-DEV-0304,119,2022-10-06T23:36:22.272Z,2026-09-10T02:32:43.337Z
DEMO-DEV-0307,119,2022-10-17T15:10:51.989Z,2026-09-14T11:26:52.366Z
DEMO-DEV-0308,119,2022-10-12T19:59:41.037Z,2026-09-23T23:53:19.455Z
DEMO-DEV-0310,119,2022-10-16T13:13:20.989Z,2026-09-27T02:28:05.597Z
DEMO-DEV-0334,119,2022-10-07T01:23:54.754Z,2026-09-09T14:46:01.839Z
DEMO-DEV-0353,119,2022-10-04T08:29:21.023Z,2026-09-28T20:09:55.870Z
DEMO-DEV-0362,119,2022-10-10T07:37:44.913Z,2026-09-21T04:17:48.884Z
DEMO-DEV-0415,119,2022-10-10T18:43:03.727Z,2026-09-10T00:05:30.298Z
DEMO-DEV-0521,119,2022-10-15T11:12:40.792Z,2026-09-18T14:35:17.057Z
DEMO-DEV-0601,119,2022-10-02T17:13:24.365Z,2026-09-04T07:39:28.298Z
DEMO-DEV-0622,119,2022-10-25T06:46:54.646Z,2026-09-24T18:19:33.390Z
DEMO-DEV-0627,119,2022-10-04T05:37:44.917Z,2026-08-18T23:26:29.605Z
DEMO-DEV-0678,119,2022-10-08T05:43:25.992Z,2026-09-25T15:01:18.319Z
DEMO-DEV-0699,119,2022-10-13T19:06:38.842Z,2026-09-27T15:12:53.038Z
DEMO-DEV-0721,119,2022-10-05T02:24:49.975Z,2026-09-25T10:18:27.816Z
DEMO-DEV-0723,119,2022-10-12T10:13:10.965Z,2026-09-21T02:16:49.027Z
DEMO-DEV-0742,119,2022-10-11T12:38:42.799Z,2026-09-05T06:04:01.976Z
DEMO-DEV-0765,119,2022-10-02T15:16:49.607Z,2026-09-25T22:13:26.992Z
DEMO-DEV-0774,119,2022-10-13T04:41:25.870Z,2026-09-28T02:10:36.655Z
DEMO-DEV-0796,119,2022-10-10T06:32:18.811Z,2026-09-13T03:40:59.288Z
DEMO-DEV-0862,119,2022-10-03T07:00:26.666Z,2026-08-10T16:43:28.203Z
DEMO-DEV-0868,119,2022-10-23T20:53:50.409Z,2026-09-26T08:31:43.508Z
DEMO-DEV-0946,119,2022-10-08T11:48:33.765Z,2026-09-29T13:08:55.357Z
DEMO-DEV-0949,119,2022-10-08T13:33:21.785Z,2026-09-27T00:27:40.003Z
DEMO-DEV-0950,119,2022-10-03T10:31:25.612Z,2026-09-27T05:41:29.403Z
DEMO-DEV-0975,119,2022-10-03T01:04:15.230Z,2026-08-14T08:46:44.155Z
DEMO-DEV-0992,119,2022-10-08T16:46:25.387Z,2026-09-26T12:12:02.038Z
DEMO-DEV-1020,119,2022-10-21T03:41:05.811Z,2026-09-07T06:33:29.511Z
DEMO-DEV-1045,119,2022-10-07T16:37:49.646Z,2026-09-29T09:32:18.968Z
DEMO-DEV-1049,119,2022-10-07T00:52:40.949Z,2026-09-29T22:47:32.203Z
DEMO-DEV-1053,119,2022-10-14T08:05:03.950Z,2026-09-27T23:43:10.068Z
DEMO-DEV-1106,119,2022-10-11T01:43:26.527Z,2026-08-27T05:23:28.250Z
DEMO-DEV-1137,119,2022-10-06T04:32:02.298Z,2026-09-30T05:58:42.239Z
DEMO-DEV-1180,119,2022-10-23T19:06:34.003Z,2026-09-27T20:59:35.222Z
DEMO-DEV-1196,119,2022-11-02T11:16:22.319Z,2026-09-27T02:21:43.232Z
DEMO-DEV-1203,119,2022-10-15T01:33:37.204Z,2026-09-21T04:15:34.605Z
DEMO-DEV-1228,119,2022-10-09T02:02:30.077Z,2026-09-28T22:01:15.190Z
DEMO-DEV-1243,119,2022-10-09T16:16:37.254Z,2026-09-23T09:08:44.390Z
DEMO-DEV-1286,119,2022-10-08T16:22:35.252Z,2026-09-13T10:00:50.500Z
DEMO-DEV-1293,119,2022-10-05T11:18:53.527Z,2026-08-29T19:40:30.968Z
DEMO-DEV-1329,119,2022-10-13T08:37:17.409Z,2026-09-25T04:23:21.287Z
DEMO-DEV-1331,119,2022-10-14T07:21:15.879Z,2026-09-26T12:56:40.950Z
DEMO-DEV-1360,119,2022-10-20T00:38:03.442Z,2026-09-26T22:50:34.511Z
DEMO-DEV-1368,119,2022-10-12T15:24:52.272Z,2026-09-29T01:20:44.077Z
DEMO-DEV-1386,119,2022-10-02T08:17:15.605Z,2026-08-21T00:40:18.168Z
DEMO-DEV-1439,119,2022-11-16T23:50:20.161Z,2026-09-24T12:49:28.298Z
DEMO-DEV-1453,119,2022-10-20T18:46:28.987Z,2026-09-07T16:24:29.992Z
DEMO-DEV-1459,119,2022-10-07T13:54:36.289Z,2026-09-29T17:16:22.688Z
DEMO-DEV-1461,119,2022-10-13T13:56:42.230Z,2026-09-24T04:57:28.754Z
DEMO-DEV-1539,119,2022-11-10T17:11:28.914Z,2026-09-20T07:08:43.368Z
DEMO-DEV-1673,119,2022-11-21T17:27:14.792Z,2026-09-23T14:46:14.879Z
DEMO-DEV-1687,119,2022-10-18T11:39:47.799Z,2026-09-26T04:10:41.524Z
DEMO-DEV-1700,119,2022-10-09T23:04:06.189Z,2026-09-30T02:22:44.455Z
DEMO-DEV-1736,119,2022-10-05T13:16:26.090Z,2026-09-21T08:42:47.987Z
DEMO-DEV-1768,119,2022-10-04T11:06:29.806Z,2026-09-23T12:11:23.038Z
DEMO-DEV-1774,119,2022-10-13T07:25:23.024Z,2026-09-21T08:25:14.075Z
DEMO-DEV-1781,119,2022-10-12T18:50:59.719Z,2026-08-18T20:28:14.966Z
DEMO-DEV-1819,119,2022-10-25T13:52:03.391Z,2026-09-28T05:12:15.612Z
DEMO-DEV-1829,119,2022-10-05T03:49:59.870Z,2026-09-26T11:13:13.915Z
DEMO-DEV-1857,119,2022-10-09T10:00:57.319Z,2026-09-25T03:32:38.460Z
DEMO-DEV-1916,119,2022-10-03T13:13:56.668Z,2026-09-26T16:12:06.836Z
DEMO-DEV-1978,119,2022-10-01T18:57:15.024Z,2026-09-28T11:56:03.500Z
DEMO-DEV-2023,119,2022-10-14T13:20:28.503Z,2026-09-28T11:09:01.969Z
DEMO-DEV-2151,119,2022-10-06T09:08:27.524Z,2026-09-21T17:18:06.394Z
DEMO-DEV-2177,119,2022-10-12T18:40:44.752Z,2026-09-10T17:29:45.692Z
DEMO-DEV-2190,119,2022-10-04T05:27:56.370Z,2026-09-09T04:41:04.236Z
DEMO-DEV-2289,119,2022-10-26T06:13:13.038Z,2026-09-26T03:15:54.786Z
DEMO-DEV-2317,119,2022-10-09T09:31:00.264Z,2026-08-31T14:51:33.168Z
DEMO-DEV-2320,119,2022-10-04T09:39:12.793Z,2026-09-24T04:37:23.870Z
DEMO-DEV-2333,119,2022-10-03T06:44:21.792Z,2026-09-16T20:42:56.337Z
DEMO-DEV-2362,119,2022-10-01T09:01:53.218Z,2026-09-17T17:07:15.272Z
DEMO-DEV-2390,119,2022-10-03T10:28:15.485Z,2026-09-27T14:31:22.138Z
DEMO-DEV-2392,119,2022-10-12T14:20:40.470Z,2026-09-01T21:33:13.168Z
DEMO-DEV-2394,119,2022-10-03T14:28:46.867Z,2026-09-22T11:10:56.150Z
DEMO-DEV-2403,119,2022-10-03T02:21:02.778Z,2026-09-12T15:58:18.648Z
DEMO-DEV-2439,119,2022-10-16T11:30:40.803Z,2026-08-29T18:22:51.950Z
DEMO-DEV-2508,119,2022-10-03T20:56:03.165Z,2026-09-26T10:58:20.236Z
DEMO-DEV-2513,119,2022-10-06T21:56:19.646Z,2026-09-22T08:12:23.221Z
DEMO-DEV-2531,119,2022-10-15T16:47:19.843Z,2026-09-22T20:32:51.676Z
DEMO-DEV-2686,119,2022-10-02T23:45:46.969Z,2026-09-11T09:45:34.352Z
DEMO-DEV-2757,119,2022-10-04T22:30:12.803Z,2026-09-24T14:18:47.497Z
DEMO-DEV-2774,119,2022-10-08T23:25:53.714Z,2026-09-14T09:03:34.892Z
DEMO-DEV-2805,119,2022-10-09T13:03:26.568Z,2026-09-06T21:45:22.161Z
DEMO-DEV-2841,119,2022-10-08T19:37:26.075Z,2026-09-21T12:53:23.298Z
DEMO-DEV-2959,119,2022-10-07T08:06:33.867Z,2026-09-28T07:33:47.915Z
DEMO-DEV-2968,119,2022-10-08T17:46:35.992Z,2026-09-17T13:06:21.366Z
DEMO-DEV-3026,119,2022-10-05T01:23:10.969Z,2026-09-13T02:28:04.817Z
DEMO-DEV-3041,119,2022-10-05T09:25:44.370Z,2026-09-14T18:32:15.500Z
DEMO-DEV-3110,119,2022-10-07T08:26:20.120Z,2026-09-16T04:07:03.172Z
DEMO-DEV-3147,119,2022-10-14T16:01:16.442Z,2026-09-23T05:46:06.203Z
DEMO-DEV-3183,119,2022-10-02T21:01:48.993Z,2026-09-26T19:17:55.165Z
DEMO-DEV-3192,119,2022-10-13T17:49:39.325Z,2026-09-29T08:47:04.252Z
DEMO-DEV-3223,119,2022-10-26T23:08:08.993Z,2026-09-10T02:34:49.226Z
DEMO-DEV-3250,119,2022-10-15T21:19:13.345Z,2026-08-25T10:20:36.123Z
DEMO-DEV-3321,119,2022-10-23T07:04:00.873Z,2026-09-22T18:40:12.870Z
DEMO-DEV-3342,119,2022-10-01T18:34:54.077Z,2026-09-22T16:19:10.836Z
DEMO-DEV-3349,119,2022-10-04T08:42:30.466Z,2026-09-20T03:42:15.968Z
DEMO-DEV-3386,119,2022-10-03T19:59:41.917Z,2026-09-18T23:41:06.038Z
DEMO-DEV-3439,119,2022-10-11T12:52:42.368Z,2026-09-24T23:30:00.727Z
DEMO-DEV-3485,119,2022-10-08T18:10:46.446Z,2026-09-21T06:41:55.692Z
DEMO-DEV-3493,119,2022-10-06T15:25:29.646Z,2026-08-31T10:17:45.390Z
DEMO-DEV-3610,119,2022-10-01T12:05:58.607Z,2026-09-15T00:20:23.173Z
DEMO-DEV-3726,119,2022-10-15T02:13:07.402Z,2026-09-28T22:21:28.368Z
DEMO-DEV-3792,119,2022-11-02T00:38:22.120Z,2026-09-27T05:35:11.221Z
DEMO-DEV-3805,119,2022-10-02T13:02:29.778Z,2026-09-20T08:28:18.868Z
DEMO-DEV-3809,119,2022-10-07T14:22:35.841Z,2026-09-12T04:46:29.555Z
DEMO-DEV-3818,119,2022-10-02T17:11:34.428Z,2026-09-27T10:23:12.208Z
DEMO-DEV-3829,119,2022-10-02T23:52:20.605Z,2026-08-24T22:31:26.692Z
DEMO-DEV-3902,119,2022-10-12T11:37:48.443Z,2026-09-24T22:01:51.428Z
DEMO-DEV-3969,119,2022-10-16T06:08:45.915Z,2026-09-27T23:01:28.655Z
DEMO-DEV-4057,119,2022-10-05T05:41:53.976Z,2026-09-23T01:25:18.239Z
DEMO-DEV-4077,119,2022-10-07T18:47:57.368Z,2026-09-24T13:09:40.354Z
DEMO-DEV-4078,119,2022-10-19T11:52:58.859Z,2026-09-28T18:58:55.799Z
DEMO-DEV-4137,119,2022-10-01T16:42:41.415Z,2026-09-29T01:15:38.239Z
DEMO-DEV-4145,119,2022-10-04T11:30:41.397Z,2026-09-30T08:07:35.224Z
DEMO-DEV-4190,119,2022-10-11T09:05:37.168Z,2026-09-27T18:38:07.752Z
DEMO-DEV-4226,119,2022-10-10T14:47:51.597Z,2026-09-29T18:48:27.390Z
DEMO-DEV-4297,119,2022-10-24T23:23:29.914Z,2026-09-25T23:16:02.183Z
DEMO-DEV-4311,119,2022-10-26T08:04:00.415Z,2026-09-29T22:37:03.023Z
DEMO-DEV-4325,119,2022-10-11T05:12:53.527Z,2026-09-19T11:02:05.865Z
DEMO-DEV-4329,119,2022-10-13T12:22:37.015Z,2026-09-18T19:53:53.648Z
DEMO-DEV-4338,119,2022-10-06T03:34:08.668Z,2026-09-27T11:25:56.607Z
DEMO-DEV-4344,119,2022-10-10T10:23:33.578Z,2026-09-04T03:42:16.224Z
DEMO-DEV-4399,119,2022-10-11T10:53:48.591Z,2026-09-28T03:51:05.658Z
DEMO-DEV-4405,119,2022-10-04T10:34:16.397Z,2026-09-23T21:22:44.366Z
DEMO-DEV-4408,119,2022-10-02T21:14:06.692Z,2026-09-24T04:45:06.782Z
DEMO-DEV-4416,119,2022-10-12T06:00:21.785Z,2026-09-01T18:21:35.612Z
DEMO-DEV-4441,119,2022-10-12T01:53:00.597Z,2026-09-28T14:59:52.165Z
DEMO-DEV-4453,119,2022-10-17T23:17:25.470Z,2026-09-01T06:22:53.839Z
DEMO-DEV-4477,119,2022-10-27T00:12:28.841Z,2026-09-30T02:17:52.765Z
DEMO-DEV-4481,119,2022-10-17T10:32:18.778Z,2026-09-26T03:48:24.992Z
DEMO-DEV-4535,119,2022-11-10T02:56:30.519Z,2026-09-29T20:42:24.578Z
DEMO-DEV-4620,119,2022-10-22T22:48:21.234Z,2026-09-30T07:41:15.948Z
DEMO-DEV-4659,119,2022-10-21T17:25:25.027Z,2026-09-15T22:51:00.155Z
DEMO-DEV-4691,119,2022-10-27T01:10:21.272Z,2026-09-29T01:23:04.325Z
DEMO-DEV-4702,119,2022-10-02T20:05:06.192Z,2026-09-23T12:47:47.470Z
DEMO-DEV-4740,119,2022-10-28T20:09:50.219Z,2026-09-28T02:12:17.968Z
DEMO-DEV-4782,119,2022-10-02T06:36:31.926Z,2026-09-05T18:12:04.975Z
DEMO-DEV-4792,119,2022-10-17T00:58:37.816Z,2026-09-30T08:06:19.446Z
DEMO-DEV-4801,119,2022-10-11T06:08:34.291Z,2026-09-21T11:21:40.523Z
DEMO-DEV-4830,119,2022-10-28T00:40:12.337Z,2026-09-20T13:24:57.165Z
DEMO-DEV-4841,119,2022-10-09T10:09:45.272Z,2026-09-02T18:42:34.879Z
DEMO-DEV-4858,119,2022-10-13T09:57:46.428Z,2026-09-24T02:25:15.969Z
DEMO-DEV-4909,119,2022-10-25T02:28:06.397Z,2026-09-29T15:14:08.929Z
DEMO-DEV-4982,119,2022-10-20T14:07:22.784Z,2026-09-27T15:14:41.021Z
DEMO-DEV-5005,119,2022-10-11T12:04:09.470Z,2026-09-29T13:29:55.403Z
DEMO-DEV-5010,119,2022-10-06T19:30:28.155Z,2026-09-26T15:48:27.300Z
DEMO-DEV-5030,119,2022-10-14T12:12:27.357Z,2026-09-24T20:04:06.710Z
DEMO-DEV-5045,119,2022-10-15T18:14:31.068Z,2026-09-16T21:58:20.508Z
DEMO-DEV-5122,119,2022-10-09T09:01:47.917Z,2026-09-11T16:24:01.307Z
DEMO-DEV-5144,119,2022-10-04T17:11:31.493Z,2026-09-12T02:34:32.825Z
DEMO-DEV-5145,119,2022-10-03T20:04:10.345Z,2026-09-26T15:01:40.752Z
DEMO-DEV-5344,119,2022-11-01T14:23:03.219Z,2026-09-30T00:46:28.714Z
DEMO-DEV-5387,119,2022-10-11T07:05:46.470Z,2026-09-23T17:46:22.239Z
DEMO-DEV-5406,119,2022-10-23T06:50:13.668Z,2026-09-23T14:19:07.824Z
DEMO-DEV-5418,119,2022-10-05T00:49:25.004Z,2026-09-27T13:23:54.785Z
DEMO-DEV-5452,119,2022-10-05T15:30:54.618Z,2026-09-21T07:51:58.391Z
DEMO-DEV-5465,119,2022-10-18T20:40:25.493Z,2026-09-20T10:34:54.037Z
DEMO-DEV-5517,119,2022-10-14T08:21:45.879Z,2026-09-29T09:52:36.824Z
DEMO-DEV-5522,119,2022-11-09T13:47:02.987Z,2026-09-20T00:43:29.222Z
DEMO-DEV-5582,119,2022-10-27T23:47:23.224Z,2026-08-20T00:16:47.024Z
DEMO-DEV-5590,119,2022-10-01T16:50:01.816Z,2026-09-17T22:32:17.352Z
DEMO-DEV-5612,119,2022-10-08T08:09:49.870Z,2026-08-30T03:29:27.403Z
DEMO-DEV-5643,119,2022-10-30T12:52:31.139Z,2026-09-14T00:50:31.298Z
DEMO-DEV-5644,119,2022-11-08T23:24:05.859Z,2026-09-08T18:57:51.688Z
DEMO-DEV-5690,119,2022-10-03T13:34:19.139Z,2026-09-29T04:22:08.661Z
DEMO-DEV-5743,119,2022-11-12T13:25:36.287Z,2026-09-27T11:21:47.239Z
DEMO-DEV-5788,119,2022-11-08T11:38:52.968Z,2026-08-24T21:39:57.403Z
DEMO-DEV-5794,119,2022-10-10T02:08:06.646Z,2026-09-29T21:07:26.090Z
DEMO-DEV-5857,119,2022-10-07T16:06:51.519Z,2026-09-27T23:52:06.225Z
DEMO-DEV-5953,119,2022-10-18T08:20:16.892Z,2026-08-06T21:12:03.989Z
DEMO-DEV-6015,119,2022-10-02T15:44:12.816Z,2026-09-25T12:27:18.302Z
DEMO-DEV-6062,119,2022-10-05T10:24:59.535Z,2026-09-29T23:24:13.234Z
DEMO-DEV-6125,119,2022-10-16T08:16:38.087Z,2026-09-23T20:09:42.989Z
DEMO-DEV-6130,119,2023-01-01T20:49:09.989Z,2026-09-28T14:02:38.368Z
DEMO-DEV-6142,119,2022-10-04T01:51:22.003Z,2026-09-19T10:47:45.618Z
DEMO-DEV-6176,119,2022-10-01T20:18:03.026Z,2026-09-23T12:16:44.222Z
DEMO-DEV-6269,119,2022-11-03T10:24:07.183Z,2026-09-25T12:01:52.443Z
DEMO-DEV-6279,119,2022-10-03T07:33:02.839Z,2026-08-24T07:40:59.966Z
DEMO-DEV-6283,119,2022-12-16T10:42:57.264Z,2026-09-30T05:25:20.865Z
DEMO-DEV-6288,119,2022-10-10T16:07:21.172Z,2026-08-30T10:33:31.692Z
DEMO-DEV-6291,119,2022-10-25T02:43:33.003Z,2026-09-16T01:47:53.555Z
DEMO-DEV-6321,119,2022-10-12T23:05:22.298Z,2026-09-17T21:55:20.073Z
DEMO-DEV-6337,119,2022-11-03T08:06:32.370Z,2026-09-17T15:57:41.968Z
DEMO-DEV-6378,119,2022-10-13T08:15:16.150Z,2026-09-13T03:52:00.646Z
DEMO-DEV-6389,119,2022-10-10T21:52:21.537Z,2026-09-11T14:21:23.795Z
DEMO-DEV-6409,119,2022-10-09T09:59:01.784Z,2026-09-27T13:01:45.811Z
DEMO-DEV-6499,119,2022-10-14T23:13:24.714Z,2026-09-26T22:16:17.298Z
DEMO-DEV-6528,119,2022-10-03T05:08:34.307Z,2026-09-23T14:36:29.298Z
DEMO-DEV-6581,119,2022-10-01T21:50:00.668Z,2026-09-27T21:51:50.173Z
DEMO-DEV-6586,119,2022-10-29T19:06:15.234Z,2026-08-29T09:51:06.352Z
DEMO-DEV-6612,119,2022-10-05T21:30:08.605Z,2026-09-29T12:29:17.914Z
DEMO-DEV-6800,119,2022-10-07T09:49:00.727Z,2026-09-26T08:40:44.368Z
DEMO-DEV-6859,119,2022-10-20T02:06:41.415Z,2026-09-19T15:41:47.702Z
DEMO-DEV-6912,119,2022-10-14T10:34:13.120Z,2026-09-28T16:42:04.403Z
DEMO-DEV-6932,119,2022-10-09T14:14:02.976Z,2026-09-10T16:36:38.325Z
DEMO-DEV-6978,119,2022-10-05T14:43:39.870Z,2026-09-26T06:42:14.795Z
DEMO-DEV-7009,119,2022-10-01T11:55:35.591Z,2026-09-19T15:32:27.307Z
DEMO-DEV-7123,119,2022-10-25T12:25:21.765Z,2026-09-30T01:27:11.639Z
DEMO-DEV-7126,119,2022-10-03T01:03:15.949Z,2026-09-25T01:59:32.063Z
DEMO-DEV-7134,119,2022-10-06T14:29:43.870Z,2026-09-24T01:29:05.221Z
DEMO-DEV-7143,119,2022-10-02T21:48:30.727Z,2026-08-12T04:45:23.842Z
DEMO-DEV-7154,119,2022-11-05T01:33:14.368Z,2026-09-26T08:37:39.203Z
DEMO-DEV-7178,119,2022-10-14T22:44:15.915Z,2026-09-16T01:59:42.950Z
DEMO-DEV-7212,119,2022-10-03T00:52:06.415Z,2026-09-24T11:00:49.500Z
DEMO-DEV-7231,119,2022-10-09T02:25:47.702Z,2026-09-16T08:09:38.224Z
DEMO-DEV-7311,119,2022-10-01T22:55:39.929Z,2026-09-18T08:13:19.291Z
DEMO-DEV-7430,119,2022-10-02T14:30:54.614Z,2026-09-06T04:19:26.014Z
DEMO-DEV-7431,119,2022-10-06T21:54:46.390Z,2026-09-20T02:47:30.914Z
DEMO-DEV-7516,119,2022-10-12T15:51:35.508Z,2026-09-29T23:15:10.842Z
DEMO-DEV-7533,119,2022-10-17T13:41:53.949Z,2026-09-27T03:00:05.357Z
DEMO-DEV-7589,119,2022-10-04T14:33:45.752Z,2026-09-19T07:16:45.646Z
DEMO-DEV-7593,119,2022-10-08T21:11:36.648Z,2026-09-13T15:10:56.415Z
DEMO-DEV-7594,119,2022-10-08T23:08:55.885Z,2026-09-23T18:17:13.307Z
DEMO-DEV-7622,119,2022-10-04T20:48:13.597Z,2026-09-16T03:47:37.289Z
DEMO-DEV-7632,119,2022-10-31T06:32:03.221Z,2026-09-11T16:02:33.975Z
DEMO-DEV-7652,119,2022-10-17T22:40:30.612Z,2026-09-23T01:17:26.003Z
DEMO-DEV-7655,119,2022-10-08T13:19:07.975Z,2026-09-12T18:44:14.021Z
DEMO-DEV-7656,119,2022-10-01T20:13:24.578Z,2026-09-26T23:50:54.524Z
DEMO-DEV-7667,119,2022-10-17T15:06:05.232Z,2026-09-29T08:12:58.015Z
DEMO-DEV-7689,119,2022-10-28T15:00:08.221Z,2026-09-25T20:46:52.073Z
DEMO-DEV-7699,119,2022-10-08T13:11:28.568Z,2026-09-29T19:50:18.989Z
DEMO-DEV-7741,119,2022-10-06T15:30:36.368Z,2026-09-13T19:44:24.037Z
DEMO-DEV-7755,119,2022-10-04T13:25:08.160Z,2026-08-02T05:23:26.825Z
DEMO-DEV-7769,119,2022-10-04T04:12:35.668Z,2026-09-15T03:50:38.793Z
DEMO-DEV-7787,119,2022-10-15T21:00:50.843Z,2026-09-06T00:54:16.366Z
DEMO-DEV-7832,119,2022-10-02T07:06:34.368Z,2026-09-20T00:17:35.211Z
DEMO-DEV-7871,119,2022-10-02T17:19:24.778Z,2026-09-17T20:31:35.024Z
DEMO-DEV-7891,119,2022-10-29T21:58:20.914Z,2026-09-11T08:29:43.203Z
DEMO-DEV-7905,119,2022-10-11T08:31:23.578Z,2026-09-25T21:18:16.884Z
DEMO-DEV-7946,119,2022-10-17T05:36:59.692Z,2026-09-17T14:08:53.168Z
DEMO-DEV-7961,119,2022-10-07T23:29:23.926Z,2026-09-29T16:15:21.087Z
DEMO-DEV-8062,119,2022-10-02T16:32:06.885Z,2026-09-25T13:47:08.785Z
DEMO-DEV-8096,119,2022-10-12T04:49:54.987Z,2026-09-29T11:16:42.556Z
DEMO-DEV-8102,119,2022-10-17T17:30:34.555Z,2026-09-22T22:06:19.080Z
DEMO-DEV-8131,119,2022-10-03T23:12:02.160Z,2026-09-09T15:28:05.524Z
DEMO-DEV-8184,119,2022-10-04T19:34:34.208Z,2026-09-14T20:02:46.568Z
DEMO-DEV-8188,119,2022-10-18T03:55:34.387Z,2026-09-28T08:45:05.232Z
DEMO-DEV-8228,119,2022-10-14T02:57:15.165Z,2026-09-24T01:57:23.877Z
DEMO-DEV-8249,119,2022-10-13T05:34:42.867Z,2026-09-27T08:23:16.804Z
DEMO-DEV-8250,119,2022-10-04T10:03:36.370Z,2026-09-23T12:59:30.658Z
DEMO-DEV-8282,119,2022-10-02T11:40:41.817Z,2026-09-27T17:16:29.370Z
DEMO-DEV-8455,119,2022-11-10T13:53:20.003Z,2026-09-13T13:06:57.172Z
DEMO-DEV-8478,119,2022-10-05T21:05:36.063Z,2026-09-19T16:17:01.250Z
DEMO-DEV-8499,119,2022-10-20T14:00:32.368Z,2026-09-14T05:42:47.865Z
DEMO-DEV-8517,119,2022-10-18T23:25:51.778Z,2026-09-15T10:19:29.778Z
DEMO-DEV-8531,119,2022-10-07T00:48:20.987Z,2026-09-14T03:54:43.545Z
DEMO-DEV-8550,119,2022-10-05T14:41:19.485Z,2026-09-22T05:53:40.073Z
DEMO-DEV-8562,119,2022-10-05T21:40:17.224Z,2026-09-26T05:31:49.727Z
DEMO-DEV-8581,119,2022-10-03T20:38:56.646Z,2026-09-28T03:03:56.692Z
DEMO-DEV-8596,119,2022-10-05T20:11:36.556Z,2026-09-28T18:22:03.446Z
DEMO-DEV-8637,119,2022-10-13T16:08:01.754Z,2026-09-11T03:59:03.402Z
DEMO-DEV-8649,119,2022-10-12T07:32:06.352Z,2026-09-29T18:42:10.646Z
DEMO-DEV-8669,119,2022-10-12T21:40:51.648Z,2026-09-29T14:06:24.974Z
DEMO-DEV-8670,119,2022-10-02T09:50:13.442Z,2026-09-10T10:42:12.926Z
DEMO-DEV-8671,119,2022-10-18T14:56:51.298Z,2026-09-08T07:04:50.851Z
DEMO-DEV-8692,119,2022-10-08T11:18:26.992Z,2026-09-27T09:00:04.038Z
DEMO-DEV-8749,119,2022-10-06T03:10:12.226Z,2026-09-26T08:55:03.976Z
DEMO-DEV-8768,119,2022-10-05T23:58:09.817Z,2026-09-30T01:57:17.442Z
DEMO-DEV-8787,119,2022-10-11T04:37:15.394Z,2026-09-11T08:47:19.493Z
DEMO-DEV-8850,119,2022-10-12T09:28:35.804Z,2026-09-03T20:01:02.252Z
DEMO-DEV-8861,119,2022-10-07T12:23:17.023Z,2026-09-24T12:30:12.253Z
DEMO-DEV-8876,119,2022-10-02T02:42:05.915Z,2026-09-29T05:31:12.535Z
DEMO-DEV-8913,119,2022-10-04T04:34:59.785Z,2026-09-21T09:59:11.975Z
DEMO-DEV-8914,119,2022-10-14T03:58:44.648Z,2026-09-14T16:02:35.618Z
DEMO-DEV-8940,119,2022-11-23T01:55:27.519Z,2026-09-10T09:09:02.472Z
DEMO-DEV-9103,119,2022-10-07T16:32:41.786Z,2026-09-28T14:28:33.302Z
DEMO-DEV-9114,119,2022-10-05T10:52:04.668Z,2026-09-08T21:49:11.987Z
DEMO-DEV-9142,119,2022-11-23T15:07:43.786Z,2026-09-27T08:21:42.120Z
DEMO-DEV-9160,119,2022-10-11T07:10:42.727Z,2026-09-29T23:44:45.090Z
DEMO-DEV-9204,119,2022-10-13T16:40:59.816Z,2026-09-28T09:26:42.692Z
DEMO-DEV-9205,119,2022-10-29T09:09:30.366Z,2026-09-29T17:38:32.345Z
DEMO-DEV-9224,119,2022-10-04T18:36:57.974Z,2026-09-28T21:08:36.508Z
DEMO-DEV-9235,119,2022-10-19T15:44:20.653Z,2026-09-24T05:04:34.073Z
DEMO-DEV-9299,119,2022-10-01T18:35:10.599Z,2026-09-12T05:54:02.218Z
DEMO-DEV-9321,119,2022-10-14T03:02:40.782Z,2026-09-15T22:01:24.211Z
DEMO-DEV-9402,119,2022-10-20T06:34:59.403Z,2026-09-29T09:36:52.688Z
DEMO-DEV-9403,119,2022-10-13T00:40:14.315Z,2026-09-23T01:25:57.765Z
DEMO-DEV-9536,119,2022-10-04T16:15:40.702Z,2026-09-29T13:33:46.026Z
DEMO-DEV-9570,119,2022-10-13T22:46:38.287Z,2026-09-29T06:52:22.189Z
DEMO-DEV-9574,119,2022-10-18T02:41:47.868Z,2026-09-21T01:37:31.557Z
DEMO-DEV-9576,119,2022-10-05T08:37:38.394Z,2026-09-30T02:34:20.203Z
DEMO-DEV-9619,119,2022-10-10T08:44:45.308Z,2026-08-09T18:44:21.254Z
DEMO-DEV-9633,119,2022-10-02T16:33:53.738Z,2026-09-20T12:54:42.513Z
DEMO-DEV-9689,119,2022-10-20T03:52:51.877Z,2026-09-12T03:08:37.014Z
DEMO-DEV-9712,119,2022-10-04T19:32:56.138Z,2026-09-24T02:48:15.134Z
DEMO-DEV-9745,119,2022-10-06T19:11:04.692Z,2026-09-18T09:16:30.864Z
DEMO-DEV-9751,119,2022-10-19T02:05:50.014Z,2026-09-29T21:45:24.793Z
DEMO-DEV-9829,119,2022-10-23T15:14:48.387Z,2026-09-12T16:42:52.462Z
DEMO-DEV-9830,119,2022-10-10T16:51:49.026Z,2026-09-28T18:19:37.500Z
DEMO-DEV-9892,119,2022-10-02T19:15:00.846Z,2026-09-16T08:43:28.505Z
DEMO-DEV-9907,119,2022-10-01T21:40:10.307Z,2026-09-01T11:59:13.023Z
DEMO-DEV-9910,119,2022-10-06T14:15:08.556Z,2026-09-21T08:20:10.370Z
DEMO-DEV-9952,119,2022-10-08T09:35:02.493Z,2026-09-11T12:25:26.816Z
DEMO-DEV-9966,119,2022-10-05T21:16:24.357Z,2026-09-18T21:21:48.836Z
DEMO-DEV-0055,118,2022-10-05T13:24:54.428Z,2026-09-29T02:29:04.366Z
DEMO-DEV-0063,118,2022-10-31T01:55:25.811Z,2026-09-15T17:42:48.785Z
DEMO-DEV-0074,118,2022-10-09T14:09:49.139Z,2026-09-25T16:58:38.204Z
DEMO-DEV-0096,118,2022-11-23T05:56:26.877Z,2026-09-02T04:30:49.470Z
DEMO-DEV-0159,118,2022-10-05T11:40:49.023Z,2026-09-15T07:46:56.204Z
DEMO-DEV-0162,118,2022-10-14T22:39:34.655Z,2026-09-24T22:57:37.607Z
DEMO-DEV-0207,118,2022-10-13T00:41:19.975Z,2026-09-27T04:50:03.508Z
DEMO-DEV-0258,118,2022-10-02T21:32:34.658Z,2026-09-04T12:39:03.246Z
DEMO-DEV-0282,118,2022-10-08T22:01:02.253Z,2026-08-27T05:38:40.192Z
DEMO-DEV-0291,118,2022-10-23T00:20:10.173Z,2026-09-22T04:34:14.584Z
DEMO-DEV-0347,118,2022-10-24T16:44:55.027Z,2026-09-23T15:21:33.225Z
DEMO-DEV-0428,118,2022-10-01T23:34:57.038Z,2026-09-21T08:51:02.992Z
DEMO-DEV-0446,118,2022-10-09T04:11:47.462Z,2026-09-29T07:55:27.949Z
DEMO-DEV-0452,118,2022-10-06T22:57:02.968Z,2026-08-29T20:58:47.315Z
DEMO-DEV-0473,118,2022-10-09T16:51:38.015Z,2026-08-15T07:35:42.368Z
DEMO-DEV-0506,118,2022-11-13T02:13:54.203Z,2026-08-30T21:31:18.578Z
DEMO-DEV-0528,118,2022-10-06T22:56:55.719Z,2026-09-29T17:59:53.077Z
DEMO-DEV-0532,118,2022-10-02T04:10:42.004Z,2026-09-10T19:44:20.989Z
DEMO-DEV-0540,118,2022-10-12T20:39:54.738Z,2026-09-27T01:10:15.661Z
DEMO-DEV-0655,118,2022-10-10T20:13:56.038Z,2026-09-10T09:55:40.026Z
DEMO-DEV-0673,118,2022-10-29T17:16:50.578Z,2026-08-11T13:07:44.612Z
DEMO-DEV-0700,118,2022-10-07T10:48:00.391Z,2026-09-05T11:04:06.238Z
DEMO-DEV-0782,118,2022-10-29T19:26:40.891Z,2026-09-12T09:08:24.873Z
DEMO-DEV-0786,118,2022-10-01T19:33:45.443Z,2026-09-21T17:09:41.929Z
DEMO-DEV-0793,118,2022-10-04T09:42:32.803Z,2026-08-27T01:09:05.917Z
DEMO-DEV-0813,118,2022-10-08T02:25:03.688Z,2026-08-14T04:37:55.037Z
DEMO-DEV-0820,118,2022-10-31T03:10:42.038Z,2026-08-10T08:03:45.230Z
DEMO-DEV-0969,118,2022-11-10T06:06:50.172Z,2026-09-24T23:39:07.782Z
DEMO-DEV-0974,118,2022-10-14T16:53:06.993Z,2026-09-29T20:13:01.354Z
DEMO-DEV-0983,118,2022-10-05T20:29:45.793Z,2026-09-30T05:26:21.397Z
DEMO-DEV-0985,118,2022-10-06T14:49:14.891Z,2026-09-14T02:52:21.993Z
DEMO-DEV-0991,118,2022-10-24T21:10:06.014Z,2026-09-16T17:42:00.803Z
DEMO-DEV-1054,118,2022-10-05T20:45:50.123Z,2026-09-27T02:31:27.238Z
DEMO-DEV-1069,118,2022-11-09T22:08:50.803Z,2026-09-29T04:12:56.782Z
DEMO-DEV-1118,118,2022-10-18T06:15:33.914Z,2026-09-04T23:53:07.950Z
DEMO-DEV-1142,118,2022-12-10T04:55:55.993Z,2026-08-30T16:31:13.842Z
DEMO-DEV-1153,118,2022-10-10T01:01:02.985Z,2026-09-02T14:28:27.668Z
DEMO-DEV-1176,118,2022-10-03T10:23:21.370Z,2026-09-16T13:19:24.446Z
DEMO-DEV-1207,118,2022-10-02T20:42:55.045Z,2026-09-14T23:49:54.545Z
DEMO-DEV-1225,118,2022-10-24T03:24:22.387Z,2026-09-23T15:10:14.884Z
DEMO-DEV-1232,118,2022-10-28T08:13:12.785Z,2026-09-19T04:30:36.190Z
DEMO-DEV-1259,118,2022-10-05T04:05:39.298Z,2026-09-26T22:55:12.867Z
DEMO-DEV-1304,118,2022-10-04T06:55:00.493Z,2026-09-18T17:29:31.636Z
DEMO-DEV-1310,118,2022-10-12T20:30:10.639Z,2026-08-30T09:45:33.345Z
DEMO-DEV-1319,118,2022-10-09T18:35:20.455Z,2026-09-27T06:34:32.325Z
DEMO-DEV-1328,118,2022-10-02T00:24:59.976Z,2026-09-15T09:49:40.545Z
DEMO-DEV-1359,118,2022-10-18T15:01:28.915Z,2026-09-15T19:32:55.817Z
DEMO-DEV-1388,118,2022-10-18T22:14:38.985Z,2026-08-30T21:27:57.211Z
DEMO-DEV-1418,118,2022-10-09T05:46:00.836Z,2026-09-19T19:24:03.087Z
DEMO-DEV-1445,118,2022-10-03T22:28:42.513Z,2026-09-18T16:11:22.291Z
DEMO-DEV-1520,118,2022-10-24T17:17:44.524Z,2026-09-29T09:51:07.682Z
DEMO-DEV-1589,118,2022-10-29T06:40:56.225Z,2026-09-16T23:45:17.038Z
DEMO-DEV-1590,118,2022-10-01T12:04:19.319Z,2026-09-29T22:54:56.599Z
DEMO-DEV-1601,118,2022-10-08T23:06:28.455Z,2026-09-12T13:03:26.676Z
DEMO-DEV-1634,118,2022-10-03T18:06:27.203Z,2026-09-28T00:32:56.545Z
DEMO-DEV-1666,118,2022-10-24T06:46:33.851Z,2026-09-17T00:31:42.394Z
DEMO-DEV-1682,118,2022-10-04T23:15:52.272Z,2026-09-24T06:02:20.205Z
DEMO-DEV-1693,118,2022-10-07T19:10:35.211Z,2026-09-14T14:31:46.607Z
DEMO-DEV-1696,118,2022-10-02T21:08:12.120Z,2026-09-28T21:10:34.658Z
DEMO-DEV-1711,118,2022-10-15T23:08:05.307Z,2026-09-24T10:06:56.470Z
DEMO-DEV-1729,118,2022-10-02T11:02:22.865Z,2026-09-10T16:03:27.394Z
DEMO-DEV-1745,118,2022-11-08T23:41:31.614Z,2026-09-21T22:53:19.024Z
DEMO-DEV-1746,118,2022-10-05T02:23:36.864Z,2026-09-16T21:19:56.354Z
DEMO-DEV-1747,118,2022-10-01T09:11:45.948Z,2026-09-21T09:06:18.851Z
DEMO-DEV-1906,118,2022-10-25T03:10:05.966Z,2026-09-27T03:26:24.591Z
DEMO-DEV-1918,118,2022-10-17T23:50:21.618Z,2026-09-17T02:29:43.289Z
DEMO-DEV-1954,118,2022-10-10T07:12:38.057Z,2026-09-11T01:55:56.754Z
DEMO-DEV-2008,118,2022-10-05T16:31:49.688Z,2026-09-22T10:24:48.843Z
DEMO-DEV-2030,118,2022-11-03T10:22:55.974Z,2026-09-07T04:42:34.075Z
DEMO-DEV-2045,118,2022-10-25T19:50:56.402Z,2026-09-27T22:10:40.087Z
DEMO-DEV-2052,118,2022-10-12T13:02:12.368Z,2026-09-28T15:11:11.298Z
DEMO-DEV-2061,118,2022-10-11T20:41:32.792Z,2026-09-22T18:01:43.224Z
DEMO-DEV-2092,118,2022-10-02T08:26:02.648Z,2026-09-26T17:31:24.225Z
DEMO-DEV-2111,118,2022-10-06T18:41:05.428Z,2026-08-18T21:09:38.885Z
DEMO-DEV-2138,118,2022-10-14T16:26:38.254Z,2026-09-29T15:54:05.203Z
DEMO-DEV-2146,118,2022-10-03T08:02:12.778Z,2026-09-21T14:45:10.607Z
DEMO-DEV-2148,118,2022-10-15T09:52:15.524Z,2026-09-30T00:23:15.239Z
DEMO-DEV-2158,118,2022-10-04T17:29:42.354Z,2026-09-13T12:00:26.246Z
DEMO-DEV-2176,118,2022-10-09T05:18:53.307Z,2026-09-28T17:21:43.337Z
DEMO-DEV-2218,118,2022-10-08T13:26:01.975Z,2026-09-19T02:37:41.167Z
DEMO-DEV-2278,118,2022-10-21T01:35:41.885Z,2026-09-26T20:30:22.752Z
DEMO-DEV-2285,118,2022-10-08T04:50:44.785Z,2026-08-30T21:25:15.851Z
DEMO-DEV-2286,118,2022-10-04T12:00:42.646Z,2026-08-20T22:53:51.917Z
DEMO-DEV-2355,118,2022-10-11T02:14:26.950Z,2026-09-22T14:49:41.134Z
DEMO-DEV-2387,118,2022-10-02T14:15:07.646Z,2026-09-27T17:42:19.719Z
DEMO-DEV-2413,118,2022-10-26T22:40:39.824Z,2026-09-22T17:53:45.556Z
DEMO-DEV-2452,118,2022-10-04T08:58:11.442Z,2026-08-16T21:05:58.877Z
DEMO-DEV-2455,118,2022-10-05T23:31:58.843Z,2026-09-27T04:36:50.218Z
DEMO-DEV-2469,118,2022-10-09T12:55:25.138Z,2026-09-09T20:08:02.778Z
DEMO-DEV-2488,118,2022-10-02T20:25:54.692Z,2026-09-08T22:07:10.658Z
DEMO-DEV-2516,118,2022-10-17T14:40:31.987Z,2026-09-24T15:04:52.219Z
DEMO-DEV-2557,118,2022-10-03T17:48:12.646Z,2026-09-04T04:57:16.523Z
DEMO-DEV-2566,118,2022-10-11T22:40:07.057Z,2026-09-24T06:55:28.238Z
DEMO-DEV-2573,118,2022-10-09T16:06:35.950Z,2026-09-24T00:32:09.298Z
DEMO-DEV-2586,118,2022-11-27T07:18:32.884Z,2026-09-26T04:09:17.599Z
DEMO-DEV-2604,118,2022-10-07T14:38:00.298Z,2026-09-27T04:13:56.472Z
DEMO-DEV-2647,118,2022-10-14T21:12:07.948Z,2026-09-19T04:25:33.021Z
DEMO-DEV-2670,118,2022-10-31T13:30:04.597Z,2026-09-24T01:38:31.646Z
DEMO-DEV-2675,118,2022-10-15T10:15:52.288Z,2026-08-20T21:24:14.319Z
DEMO-DEV-2681,118,2022-10-01T10:18:57.806Z,2026-09-15T05:17:49.859Z
DEMO-DEV-2701,118,2022-10-17T14:54:35.023Z,2026-09-26T00:19:51.160Z
DEMO-DEV-2713,118,2022-10-04T21:31:13.948Z,2026-08-27T21:10:50.155Z
DEMO-DEV-2794,118,2022-10-02T22:42:39.597Z,2026-09-12T02:32:20.003Z
DEMO-DEV-2821,118,2022-10-11T18:04:59.302Z,2026-09-26T10:20:28.710Z
DEMO-DEV-2824,118,2022-10-17T00:04:54.702Z,2026-07-06T12:53:51.234Z
DEMO-DEV-2896,118,2022-10-02T11:23:03.891Z,2026-09-24T22:52:51.264Z
DEMO-DEV-2924,118,2022-10-03T01:35:20.804Z,2026-09-10T16:16:22.442Z
DEMO-DEV-3022,118,2022-10-04T06:30:03.754Z,2026-09-26T19:51:58.038Z
DEMO-DEV-3033,118,2022-10-01T12:47:24.948Z,2026-09-25T20:53:47.239Z
DEMO-DEV-3083,118,2022-10-15T07:45:13.470Z,2026-09-09T17:31:26.409Z
DEMO-DEV-3091,118,2022-10-07T02:06:58.992Z,2026-08-08T11:41:14.446Z
DEMO-DEV-3093,118,2022-10-06T23:39:17.851Z,2026-09-26T16:20:39.352Z
DEMO-DEV-3104,118,2022-10-17T16:51:38.168Z,2026-09-28T15:46:08.315Z
DEMO-DEV-3133,118,2022-10-06T05:53:01.288Z,2026-08-20T18:17:26.974Z
DEMO-DEV-3140,118,2022-10-02T23:30:33.252Z,2026-09-13T13:36:07.455Z
DEMO-DEV-3141,118,2022-10-03T09:04:45.325Z,2026-09-26T20:40:08.527Z
DEMO-DEV-3167,118,2022-10-04T19:38:44.537Z,2026-09-20T05:46:14.315Z
DEMO-DEV-3194,118,2022-10-20T01:55:40.804Z,2026-09-21T13:23:52.455Z
DEMO-DEV-3197,118,2022-10-13T02:34:00.298Z,2026-09-28T18:01:20.428Z
DEMO-DEV-3209,118,2022-11-02T08:47:25.688Z,2026-09-08T08:37:41.298Z
DEMO-DEV-3210,118,2022-10-07T21:08:09.614Z,2026-09-30T06:55:44.915Z
DEMO-DEV-3215,118,2022-10-09T02:19:29.505Z,2026-09-23T15:51:22.839Z
DEMO-DEV-3239,118,2022-10-07T20:24:28.524Z,2026-09-01T08:37:27.403Z
DEMO-DEV-3320,118,2022-10-07T19:46:50.655Z,2026-09-22T13:42:48.778Z
DEMO-DEV-3324,118,2022-10-01T08:35:30.442Z,2026-09-02T20:57:04.204Z
DEMO-DEV-3412,118,2022-10-02T06:51:07.319Z,2026-09-30T03:41:46.578Z
DEMO-DEV-3464,118,2022-10-05T05:11:01.929Z,2026-09-09T10:09:41.222Z
DEMO-DEV-3483,118,2022-10-15T05:51:19.949Z,2026-09-28T11:32:31.225Z
DEMO-DEV-3487,118,2022-11-07T12:17:14.989Z,2026-09-03T17:44:30.080Z
DEMO-DEV-3510,118,2022-10-02T21:04:24.851Z,2026-08-28T05:18:45.173Z
DEMO-DEV-3549,118,2022-10-27T11:15:59.655Z,2026-09-30T06:08:20.795Z
DEMO-DEV-3583,118,2022-10-07T01:46:27.597Z,2026-09-20T10:33:02.409Z
DEMO-DEV-3603,118,2022-10-10T17:10:33.682Z,2026-09-05T16:06:19.825Z
DEMO-DEV-3626,118,2022-10-03T05:48:41.816Z,2026-09-22T04:28:48.366Z
DEMO-DEV-3670,118,2022-10-10T15:11:07.493Z,2026-08-29T01:07:53.618Z
DEMO-DEV-3680,118,2022-11-07T10:27:54.523Z,2026-09-26T12:50:00.976Z
DEMO-DEV-3729,118,2022-10-15T03:27:17.252Z,2026-09-16T05:13:56.345Z
DEMO-DEV-3733,118,2022-10-03T20:48:11.253Z,2026-09-18T18:34:40.208Z
DEMO-DEV-3751,118,2022-10-04T14:09:24.192Z,2026-07-28T13:24:37.692Z
DEMO-DEV-3759,118,2022-10-04T03:21:38.268Z,2026-09-23T12:15:33.288Z
DEMO-DEV-3762,118,2022-11-11T12:25:19.442Z,2026-08-28T06:54:43.612Z
DEMO-DEV-3848,118,2022-10-21T18:16:04.203Z,2026-09-24T02:41:29.969Z
DEMO-DEV-3874,118,2022-10-09T14:21:03.597Z,2026-09-25T21:52:42.023Z
DEMO-DEV-3893,118,2022-10-13T09:05:35.387Z,2026-09-27T19:54:58.948Z
DEMO-DEV-3962,118,2022-10-31T13:19:35.618Z,2026-08-07T16:20:04.948Z
DEMO-DEV-3964,118,2022-10-15T04:25:45.087Z,2026-09-25T02:13:53.224Z
DEMO-DEV-3977,118,2022-10-02T21:50:59.976Z,2026-09-18T13:47:35.300Z
DEMO-DEV-3999,118,2022-10-09T12:25:35.397Z,2026-09-27T10:45:26.252Z
DEMO-DEV-4015,118,2022-10-26T12:23:50.403Z,2026-09-30T02:18:21.765Z
DEMO-DEV-4093,118,2022-10-09T19:23:14.765Z,2026-09-30T04:15:09.218Z
DEMO-DEV-4122,118,2022-10-04T21:56:01.189Z,2026-09-20T17:49:43.524Z
DEMO-DEV-4128,118,2022-10-19T11:27:56.040Z,2026-09-26T19:00:46.238Z
DEMO-DEV-4165,118,2022-10-17T14:48:26.319Z,2026-09-30T01:40:29.219Z
DEMO-DEV-4281,118,2022-10-21T01:45:22.003Z,2026-09-17T18:28:21.614Z
DEMO-DEV-4298,118,2022-10-05T18:21:22.975Z,2026-09-14T04:47:46.968Z
DEMO-DEV-4321,118,2022-10-10T11:57:05.799Z,2026-09-28T10:02:25.208Z
DEMO-DEV-4425,118,2022-11-07T18:55:21.189Z,2026-09-27T15:22:16.203Z
DEMO-DEV-4454,118,2022-10-31T05:10:14.915Z,2026-09-09T06:04:34.578Z
DEMO-DEV-4461,118,2022-10-31T13:24:25.735Z,2026-09-17T13:03:11.390Z
DEMO-DEV-4471,118,2022-10-25T02:45:18.120Z,2026-09-12T07:00:32.403Z
DEMO-DEV-4500,118,2022-10-16T14:38:06.470Z,2026-09-20T14:16:54.851Z
DEMO-DEV-4527,118,2022-10-09T21:16:52.793Z,2026-09-16T12:41:11.003Z
DEMO-DEV-4552,118,2022-10-03T17:05:33.985Z,2026-09-23T08:00:30.825Z
DEMO-DEV-4588,118,2022-10-17T13:28:15.120Z,2026-09-28T12:13:05.864Z
DEMO-DEV-4591,118,2022-10-07T20:49:29.682Z,2026-09-07T14:57:34.824Z
DEMO-DEV-4654,118,2022-10-14T14:03:41.646Z,2026-09-18T14:51:34.254Z
DEMO-DEV-4665,118,2022-10-14T07:26:25.493Z,2026-09-16T15:53:08.655Z
DEMO-DEV-4673,118,2022-11-08T11:03:37.607Z,2026-08-29T03:49:00.023Z
DEMO-DEV-4692,118,2022-10-04T07:51:00.682Z,2026-09-27T04:53:20.442Z
DEMO-DEV-4734,118,2022-10-17T05:18:47.799Z,2026-09-24T08:12:19.234Z
DEMO-DEV-4852,118,2022-10-03T15:20:52.661Z,2026-08-05T00:34:29.968Z
DEMO-DEV-4881,118,2022-10-03T09:26:29.752Z,2026-09-27T10:18:53.868Z
DEMO-DEV-4945,118,2022-10-17T05:32:40.415Z,2026-09-28T05:33:53.655Z
DEMO-DEV-5052,118,2022-10-22T09:27:58.913Z,2026-09-23T14:13:32.289Z
DEMO-DEV-5056,118,2022-10-08T23:53:24.252Z,2026-09-24T05:13:23.365Z
DEMO-DEV-5153,118,2022-10-03T00:30:02.537Z,2026-09-30T01:01:10.842Z
DEMO-DEV-5176,118,2022-10-11T21:45:41.462Z,2026-09-28T23:08:08.803Z
DEMO-DEV-5199,118,2022-11-03T17:43:34.428Z,2026-09-26T02:14:59.825Z
DEMO-DEV-5233,118,2022-10-20T09:50:48.795Z,2026-09-26T06:20:55.782Z
DEMO-DEV-5340,118,2022-10-12T06:15:51.841Z,2026-09-25T10:03:16.139Z
DEMO-DEV-5369,118,2022-10-23T07:07:35.968Z,2026-09-26T04:15:08.612Z
DEMO-DEV-5375,118,2022-10-02T10:54:12.926Z,2026-09-27T00:21:49.234Z
DEMO-DEV-5400,118,2022-10-11T07:08:15.523Z,2026-09-27T09:16:45.505Z
DEMO-DEV-5443,118,2022-10-02T06:38:27.799Z,2026-09-28T12:47:47.816Z
DEMO-DEV-5457,118,2022-10-04T21:04:31.785Z,2026-09-22T23:03:48.784Z
DEMO-DEV-5515,118,2022-10-16T07:16:22.692Z,2026-09-22T23:29:17.021Z
DEMO-DEV-5559,118,2022-10-11T04:23:35.090Z,2026-09-24T14:58:49.989Z
DEMO-DEV-5601,118,2022-10-08T07:01:34.891Z,2026-09-29T21:30:23.038Z
DEMO-DEV-5650,118,2022-10-13T19:45:56.668Z,2026-09-24T01:02:10.948Z
DEMO-DEV-5693,118,2022-10-07T06:25:38.485Z,2026-09-09T08:18:12.648Z
DEMO-DEV-5722,118,2022-10-02T15:27:24.584Z,2026-09-14T00:07:09.692Z
DEMO-DEV-5749,118,2022-10-02T13:27:23.173Z,2026-09-18T08:05:56.842Z
DEMO-DEV-5752,118,2022-10-05T02:03:54.917Z,2026-08-20T01:48:12.038Z
DEMO-DEV-5776,118,2022-11-19T14:13:13.987Z,2026-09-11T09:39:40.653Z
DEMO-DEV-5800,118,2022-10-08T14:07:55.877Z,2026-09-27T22:59:35.289Z
DEMO-DEV-5811,118,2022-10-13T08:22:28.236Z,2026-09-23T17:19:56.123Z
DEMO-DEV-5864,118,2022-10-06T17:56:40.337Z,2026-09-28T11:16:55.023Z
DEMO-DEV-5879,118,2022-10-09T13:21:30.868Z,2026-09-24T08:04:32.868Z
DEMO-DEV-5908,118,2022-11-03T18:37:14.968Z,2026-09-24T14:41:00.806Z
DEMO-DEV-5922,118,2022-10-15T13:11:07.402Z,2026-08-24T06:34:44.394Z
DEMO-DEV-5932,118,2022-10-05T08:26:37.782Z,2026-09-19T06:23:56.682Z
DEMO-DEV-5964,118,2022-10-04T01:05:09.161Z,2026-09-28T11:37:33.080Z
DEMO-DEV-6001,118,2022-10-14T12:01:59.497Z,2026-09-28T08:48:02.668Z
DEMO-DEV-6027,118,2022-10-22T05:23:43.183Z,2026-09-25T08:23:34.252Z
DEMO-DEV-6031,118,2022-10-01T11:40:44.246Z,2026-09-29T05:20:49.391Z
DEMO-DEV-6034,118,2022-10-02T16:11:01.786Z,2026-09-24T22:49:09.415Z
DEMO-DEV-6053,118,2022-10-08T15:53:00.738Z,2026-09-27T09:52:01.298Z
DEMO-DEV-6066,118,2022-10-10T21:00:06.203Z,2026-09-24T23:07:35.646Z
DEMO-DEV-6106,118,2022-10-26T04:10:15.370Z,2026-09-22T15:07:59.397Z
DEMO-DEV-6148,118,2022-10-04T15:45:36.160Z,2026-09-15T23:35:13.172Z
DEMO-DEV-6179,118,2022-11-09T23:11:10.714Z,2026-09-23T06:45:24.264Z
DEMO-DEV-6194,118,2022-10-06T07:12:33.537Z,2026-09-03T14:39:33.192Z
DEMO-DEV-6315,118,2022-10-07T21:36:39.868Z,2026-09-21T13:21:24.172Z
DEMO-DEV-6328,118,2022-11-05T19:45:22.618Z,2026-09-25T18:31:18.026Z
DEMO-DEV-6424,118,2022-10-31T08:55:18.015Z,2026-09-26T03:10:06.513Z
DEMO-DEV-6496,118,2022-10-07T00:34:51.816Z,2026-09-25T02:53:23.221Z
DEMO-DEV-6547,118,2022-10-02T08:17:08.224Z,2026-08-22T19:44:36.252Z
DEMO-DEV-6615,118,2022-10-09T17:32:51.165Z,2026-09-19T15:01:54.913Z
DEMO-DEV-6631,118,2022-10-02T22:59:20.817Z,2026-09-24T20:49:17.655Z
DEMO-DEV-6672,118,2022-11-09T17:23:18.992Z,2026-09-23T21:37:51.252Z
DEMO-DEV-6732,118,2022-10-13T00:56:03.442Z,2026-09-22T11:22:28.168Z
DEMO-DEV-6797,118,2022-10-10T21:32:09.668Z,2026-09-25T19:08:58.470Z
DEMO-DEV-6831,118,2022-10-13T08:14:38.172Z,2026-09-11T21:40:10.785Z
DEMO-DEV-6852,118,2022-10-02T17:17:07.075Z,2026-09-27T11:28:23.636Z
DEMO-DEV-6868,118,2022-10-02T23:53:29.682Z,2026-09-15T05:05:03.160Z
DEMO-DEV-6885,118,2022-10-05T02:29:02.618Z,2026-09-23T08:05:28.165Z
DEMO-DEV-6911,118,2022-10-21T23:51:03.727Z,2026-09-25T16:57:58.524Z
DEMO-DEV-7028,118,2022-10-13T07:45:22.884Z,2026-09-26T17:35:59.319Z
DEMO-DEV-7069,118,2022-10-27T22:04:39.230Z,2026-09-28T21:32:37.865Z
DEMO-DEV-7074,118,2022-10-20T01:01:43.040Z,2026-09-22T18:41:05.806Z
DEMO-DEV-7091,118,2022-10-06T06:18:38.038Z,2026-09-07T17:37:25.859Z
DEMO-DEV-7094,118,2022-10-27T21:50:08.238Z,2026-09-13T18:42:17.365Z
DEMO-DEV-7133,118,2022-10-03T06:46:35.511Z,2026-09-18T06:14:15.189Z
DEMO-DEV-7152,118,2022-10-04T11:01:15.253Z,2026-09-27T21:58:44.443Z
DEMO-DEV-7158,118,2022-10-03T13:00:15.537Z,2026-09-28T16:35:40.208Z
DEMO-DEV-7195,118,2022-10-11T21:01:09.870Z,2026-09-28T07:11:06.557Z
DEMO-DEV-7222,118,2022-10-02T17:31:33.221Z,2026-09-27T20:23:36.189Z
DEMO-DEV-7247,118,2022-10-07T20:02:30.524Z,2026-09-29T20:26:40.597Z
DEMO-DEV-7271,118,2022-10-23T09:22:40.508Z,2026-09-07T10:43:14.394Z
DEMO-DEV-7339,118,2022-10-18T11:15:20.817Z,2026-09-25T04:59:12.692Z
DEMO-DEV-7351,118,2022-10-16T08:14:44.239Z,2026-09-25T17:32:24.139Z
DEMO-DEV-7371,118,2022-10-08T10:16:15.045Z,2026-09-19T17:08:03.087Z
DEMO-DEV-7417,118,2022-10-11T02:20:29.230Z,2026-09-26T11:06:16.989Z
DEMO-DEV-7428,118,2022-10-14T05:33:15.387Z,2026-09-08T00:57:36.557Z
DEMO-DEV-7440,118,2022-10-02T18:15:34.205Z,2026-09-22T20:43:32.134Z
DEMO-DEV-7456,118,2022-10-12T10:15:25.914Z,2026-09-28T00:36:26.738Z
DEMO-DEV-7462,118,2022-10-09T01:22:21.472Z,2026-09-28T07:54:51.948Z
DEMO-DEV-7470,118,2022-10-12T10:54:11.470Z,2026-09-25T14:07:55.172Z
DEMO-DEV-7495,118,2022-10-14T06:07:08.578Z,2026-09-23T02:27:43.824Z
DEMO-DEV-7519,118,2022-10-15T10:23:00.618Z,2026-09-23T03:22:53.211Z
DEMO-DEV-7541,118,2022-10-12T20:36:33.352Z,2026-09-22T20:25:20.950Z
DEMO-DEV-7658,118,2022-10-16T17:16:43.390Z,2026-09-28T07:45:37.949Z
DEMO-DEV-7683,118,2022-10-19T06:39:15.873Z,2026-09-28T09:07:47.584Z
DEMO-DEV-7692,118,2022-10-29T08:35:31.668Z,2026-09-24T08:46:33.319Z
DEMO-DEV-7695,118,2022-10-04T23:14:01.073Z,2026-09-09T10:15:25.989Z
DEMO-DEV-7758,118,2022-10-18T19:36:46.225Z,2026-09-26T19:40:10.173Z
DEMO-DEV-7799,118,2022-10-11T01:30:24.370Z,2026-09-07T02:09:22.752Z
DEMO-DEV-7833,118,2022-10-22T08:46:52.503Z,2026-09-26T14:57:48.929Z
DEMO-DEV-7836,118,2022-10-07T01:41:13.985Z,2026-09-29T04:11:31.134Z
DEMO-DEV-7873,118,2022-10-03T04:24:37.913Z,2026-09-28T01:08:51.224Z
DEMO-DEV-7885,118,2022-10-17T11:39:16.975Z,2026-09-13T16:37:14.160Z
DEMO-DEV-7935,118,2022-10-14T06:47:32.160Z,2026-09-16T18:34:48.150Z
DEMO-DEV-7969,118,2022-10-16T00:48:27.075Z,2026-09-23T09:59:48.968Z
DEMO-DEV-8021,118,2022-10-06T05:01:57.859Z,2026-09-12T00:11:33.508Z
DEMO-DEV-8031,118,2022-10-09T10:16:46.989Z,2026-09-15T08:05:09.714Z
DEMO-DEV-8055,118,2022-10-26T14:07:26.793Z,2026-08-23T22:57:09.692Z
DEMO-DEV-8103,118,2022-10-02T23:53:42.710Z,2026-09-28T15:48:28.765Z
DEMO-DEV-8111,118,2022-10-25T18:41:04.068Z,2026-09-22T05:21:42.523Z
DEMO-DEV-8144,118,2022-11-04T17:26:37.870Z,2026-09-28T14:52:37.865Z
DEMO-DEV-8155,118,2022-10-02T11:56:19.535Z,2026-09-27T14:39:30.658Z
DEMO-DEV-8173,118,2022-11-02T14:06:57.403Z,2026-09-29T18:40:00.692Z
DEMO-DEV-8260,118,2022-10-02T11:56:13.026Z,2026-09-29T05:16:35.403Z
DEMO-DEV-8294,118,2022-11-07T19:18:39.913Z,2026-08-22T17:25:29.817Z
DEMO-DEV-8323,118,2022-10-05T11:20:44.402Z,2026-09-24T06:37:25.155Z
DEMO-DEV-8379,118,2022-10-29T19:08:46.254Z,2026-09-29T17:46:11.591Z
DEMO-DEV-8385,118,2022-10-29T09:46:44.803Z,2026-09-20T16:18:53.505Z
DEMO-DEV-8457,118,2022-10-03T20:44:18.754Z,2026-09-16T15:28:15.073Z
DEMO-DEV-8464,118,2022-10-20T18:45:34.264Z,2026-09-24T13:30:10.319Z
DEMO-DEV-8485,118,2022-10-05T05:54:32.192Z,2026-09-30T06:57:51.123Z
DEMO-DEV-8488,118,2022-10-01T17:35:20.648Z,2026-09-29T14:50:47.966Z
DEMO-DEV-8507,118,2022-10-03T01:24:24.811Z,2026-09-17T04:28:22.397Z
DEMO-DEV-8543,118,2022-10-05T11:04:30.863Z,2026-09-22T17:16:10.264Z
DEMO-DEV-8545,118,2022-10-27T14:45:05.786Z,2026-09-19T23:12:16.824Z
DEMO-DEV-8718,118,2022-10-13T00:38:40.867Z,2026-08-18T03:27:51.139Z
DEMO-DEV-8722,118,2022-10-26T04:13:38.315Z,2026-09-04T20:50:23.345Z
DEMO-DEV-8725,118,2022-10-18T10:11:38.612Z,2026-09-18T21:55:13.537Z
DEMO-DEV-8758,118,2022-10-04T07:00:28.682Z,2026-09-25T21:04:34.556Z
DEMO-DEV-8780,118,2022-11-15T00:47:37.289Z,2026-08-29T11:20:30.863Z
DEMO-DEV-8837,118,2022-10-15T03:45:21.239Z,2026-09-15T14:16:03.803Z
DEMO-DEV-8878,118,2022-10-26T20:22:32.370Z,2026-09-28T23:41:33.394Z
DEMO-DEV-8969,118,2022-10-09T20:24:18.915Z,2026-09-19T00:51:54.308Z
DEMO-DEV-8981,118,2022-10-08T21:45:24.992Z,2026-08-13T01:31:28.023Z
DEMO-DEV-9017,118,2022-10-04T12:56:25.446Z,2026-09-19T19:59:56.172Z
DEMO-DEV-9105,118,2022-10-04T03:22:28.315Z,2026-09-15T02:58:36.843Z
DEMO-DEV-9189,118,2022-10-15T20:24:24.793Z,2026-09-22T22:20:58.004Z
DEMO-DEV-9251,118,2022-10-13T16:32:52.661Z,2026-09-30T05:44:58.239Z
DEMO-DEV-9302,118,2022-10-08T13:03:15.218Z,2026-09-29T14:24:32.023Z
DEMO-DEV-9310,118,2022-10-27T11:01:58.948Z,2026-09-23T02:38:02.415Z
DEMO-DEV-9322,118,2022-10-22T05:15:15.646Z,2026-09-14T05:52:21.205Z
DEMO-DEV-9381,118,2022-10-06T14:23:06.614Z,2026-09-26T07:22:29.839Z
DEMO-DEV-9411,118,2022-10-04T01:17:37.505Z,2026-09-17T04:44:55.795Z
DEMO-DEV-9435,118,2022-10-06T19:12:28.442Z,2026-09-13T11:02:16.470Z
DEMO-DEV-9483,118,2022-10-12T07:14:15.462Z,2026-08-27T12:53:01.068Z
DEMO-DEV-9497,118,2022-10-10T09:54:11.211Z,2026-09-24T11:47:48.442Z
DEMO-DEV-9586,118,2022-10-05T00:54:23.966Z,2026-09-26T06:52:09.075Z
DEMO-DEV-9632,118,2022-10-05T05:45:02.337Z,2026-09-10T20:29:27.870Z
DEMO-DEV-9671,118,2022-10-17T19:03:55.727Z,2026-09-24T14:37:26.646Z
DEMO-DEV-9694,118,2022-10-15T00:34:41.884Z,2026-09-22T17:07:36.752Z
DEMO-DEV-9714,118,2022-10-11T13:02:40.555Z,2026-09-25T01:32:51.785Z
DEMO-DEV-9769,118,2022-10-02T11:26:46.120Z,2026-09-16T18:57:40.778Z
DEMO-DEV-9831,118,2022-10-21T15:45:37.969Z,2026-09-16T21:29:56.993Z
DEMO-DEV-9833,118,2022-11-02T03:45:25.120Z,2026-09-23T04:35:33.232Z
DEMO-DEV-9905,118,2022-10-09T02:19:22.614Z,2026-09-17T11:20:48.493Z
DEMO-DEV-9936,118,2022-10-04T20:56:22.239Z,2026-09-13T03:15:17.792Z
DEMO-DEV-9942,118,2022-10-06T14:19:56.614Z,2026-09-25T18:54:50.505Z
DEMO-DEV-9945,118,2022-10-04T01:20:53.038Z,2026-09-08T05:48:53.605Z
DEMO-DEV-9975,118,2022-10-10T01:34:43.792Z,2026-09-20T06:51:12.754Z
DEMO-DEV-0034,117,2022-10-21T10:45:19.289Z,2026-09-29T06:04:54.485Z
DEMO-DEV-0053,117,2022-10-18T21:49:52.252Z,2026-09-23T08:59:20.605Z
DEMO-DEV-0087,117,2022-10-14T22:21:07.087Z,2026-09-21T07:45:46.368Z
DEMO-DEV-0135,117,2022-10-09T09:56:40.222Z,2026-09-01T14:59:34.868Z
DEMO-DEV-0174,117,2022-10-02T11:34:44.851Z,2026-09-20T18:10:12.784Z
DEMO-DEV-0202,117,2022-10-06T22:07:03.045Z,2026-09-27T07:32:59.252Z
DEMO-DEV-0272,117,2022-10-15T20:03:23.325Z,2026-09-25T20:59:06.782Z
DEMO-DEV-0305,117,2022-10-07T09:18:46.090Z,2026-09-28T21:27:55.472Z
DEMO-DEV-0306,117,2022-10-13T14:08:03.879Z,2026-09-29T11:38:08.646Z
DEMO-DEV-0320,117,2022-10-11T21:04:04.505Z,2026-08-28T10:23:35.073Z
DEMO-DEV-0337,117,2022-10-10T12:50:17.792Z,2026-09-09T04:08:07.165Z
DEMO-DEV-0387,117,2022-10-10T11:45:26.307Z,2026-09-29T08:57:28.519Z
DEMO-DEV-0435,117,2022-10-12T04:49:20.993Z,2026-09-23T19:09:25.308Z
DEMO-DEV-0464,117,2022-10-10T03:41:38.873Z,2026-09-10T15:07:28.189Z
DEMO-DEV-0469,117,2022-10-10T23:53:33.075Z,2026-08-28T06:37:01.370Z
DEMO-DEV-0482,117,2022-10-01T08:21:47.493Z,2026-07-22T16:02:09.578Z
DEMO-DEV-0509,117,2022-10-11T23:42:47.578Z,2026-09-22T11:08:58.682Z
DEMO-DEV-0552,117,2022-10-12T18:03:13.806Z,2026-09-08T22:29:53.556Z
DEMO-DEV-0555,117,2022-10-04T13:05:45.599Z,2026-09-28T02:17:40.319Z
DEMO-DEV-0593,117,2022-11-01T05:24:33.556Z,2026-09-25T02:00:01.230Z
DEMO-DEV-0612,117,2022-10-04T01:39:23.077Z,2026-08-25T23:50:31.987Z
DEMO-DEV-0634,117,2022-10-15T22:01:29.966Z,2026-09-16T10:40:28.948Z
DEMO-DEV-0645,117,2022-10-09T10:07:25.859Z,2026-09-04T19:47:00.037Z
DEMO-DEV-0649,117,2022-10-09T16:38:53.208Z,2026-09-17T11:50:42.612Z
DEMO-DEV-0676,117,2022-10-01T18:33:16.636Z,2026-09-12T21:29:37.556Z
DEMO-DEV-0680,117,2022-10-14T19:02:09.298Z,2026-09-16T06:06:03.877Z
DEMO-DEV-0693,117,2022-10-06T08:27:41.591Z,2026-09-25T12:13:50.597Z
DEMO-DEV-0703,117,2022-10-30T09:09:49.985Z,2026-09-24T08:01:17.315Z
DEMO-DEV-0727,117,2022-11-22T03:19:36.123Z,2026-09-17T04:52:49.254Z
DEMO-DEV-0732,117,2022-10-03T13:15:24.150Z,2026-08-20T05:21:01.120Z
DEMO-DEV-0759,117,2022-10-27T17:33:55.120Z,2026-09-02T21:46:09.021Z
DEMO-DEV-0780,117,2022-10-21T12:07:10.545Z,2026-09-16T06:18:40.387Z
DEMO-DEV-0783,117,2022-10-10T10:54:24.366Z,2026-09-23T13:47:03.688Z
DEMO-DEV-0801,117,2022-10-08T03:08:02.357Z,2026-09-22T10:09:01.040Z
DEMO-DEV-0815,117,2022-10-10T01:31:41.289Z,2026-08-20T00:26:09.646Z
DEMO-DEV-0819,117,2022-10-05T15:39:40.754Z,2026-09-26T15:09:49.409Z
DEMO-DEV-0846,117,2022-10-27T01:29:18.914Z,2026-09-12T05:13:03.192Z
DEMO-DEV-0851,117,2022-10-08T22:34:18.205Z,2026-09-20T12:12:07.817Z
DEMO-DEV-0857,117,2022-10-06T20:48:36.836Z,2026-09-09T16:06:07.817Z
DEMO-DEV-0866,117,2022-10-10T14:25:58.804Z,2026-09-27T09:24:56.155Z
DEMO-DEV-0903,117,2022-10-05T22:16:17.165Z,2026-08-30T09:32:32.993Z
DEMO-DEV-0906,117,2022-10-07T06:35:59.949Z,2026-09-26T04:05:25.222Z
DEMO-DEV-0928,117,2022-10-05T07:33:26.676Z,2026-09-18T06:50:41.073Z
DEMO-DEV-0953,117,2022-10-02T03:21:57.161Z,2026-09-15T00:45:22.926Z
DEMO-DEV-1008,117,2022-10-01T11:36:54.161Z,2026-09-23T10:37:56.319Z
DEMO-DEV-1084,117,2022-10-17T17:32:59.524Z,2026-09-11T04:16:26.485Z
DEMO-DEV-1085,117,2022-10-29T15:10:30.537Z,2026-09-24T22:59:10.161Z
DEMO-DEV-1123,117,2022-10-08T18:49:22.738Z,2026-09-11T06:05:42.319Z
DEMO-DEV-1124,117,2022-11-21T23:48:25.556Z,2026-09-21T08:32:50.891Z
DEMO-DEV-1194,117,2022-10-20T01:25:18.841Z,2026-09-13T17:56:12.428Z
DEMO-DEV-1221,117,2022-10-04T22:25:51.618Z,2026-09-15T03:15:27.929Z
DEMO-DEV-1287,117,2022-11-17T14:00:42.950Z,2026-09-17T18:47:13.859Z
DEMO-DEV-1289,117,2022-10-14T04:42:32.470Z,2026-09-21T01:34:56.287Z
DEMO-DEV-1302,117,2022-10-01T21:41:34.155Z,2026-09-29T05:20:21.238Z
DEMO-DEV-1311,117,2022-10-08T07:04:57.513Z,2026-09-21T01:17:00.666Z
DEMO-DEV-1325,117,2022-10-01T18:47:45.391Z,2026-09-15T01:07:03.402Z
DEMO-DEV-1340,117,2022-10-30T04:16:43.239Z,2026-09-07T16:04:41.063Z
DEMO-DEV-1411,117,2022-10-19T02:48:52.319Z,2026-09-20T06:17:45.714Z
DEMO-DEV-1423,117,2022-10-05T21:19:45.298Z,2026-09-20T05:37:03.300Z
DEMO-DEV-1470,117,2022-10-27T23:50:18.038Z,2026-09-20T15:32:36.915Z
DEMO-DEV-1489,117,2022-10-26T03:45:59.618Z,2026-09-25T03:29:57.472Z
DEMO-DEV-1548,117,2022-10-05T12:21:02.646Z,2026-09-20T02:37:31.352Z
DEMO-DEV-1566,117,2022-10-30T11:55:57.825Z,2026-09-12T04:01:32.403Z
DEMO-DEV-1592,117,2022-10-14T10:50:31.015Z,2026-09-25T05:23:10.366Z
DEMO-DEV-1672,117,2022-11-05T09:19:21.063Z,2026-09-10T15:10:44.666Z
DEMO-DEV-1679,117,2022-10-19T07:43:05.068Z,2026-09-27T22:14:43.368Z
DEMO-DEV-1778,117,2022-10-24T16:45:50.161Z,2026-09-24T12:46:28.298Z
DEMO-DEV-1780,117,2022-10-12T15:05:01.993Z,2026-09-06T00:49:26.027Z
DEMO-DEV-1856,117,2022-10-12T08:32:21.524Z,2026-09-25T19:54:23.605Z
DEMO-DEV-1929,117,2022-10-11T22:21:16.714Z,2026-09-28T23:55:30.778Z
DEMO-DEV-1937,117,2022-10-16T10:44:38.403Z,2026-09-21T22:55:20.568Z
DEMO-DEV-1946,117,2022-10-25T20:46:29.123Z,2026-09-26T15:01:02.879Z
DEMO-DEV-1956,117,2022-10-15T13:18:40.397Z,2026-09-23T13:24:10.804Z
DEMO-DEV-1971,117,2022-10-01T19:35:02.557Z,2026-09-02T04:34:35.688Z
DEMO-DEV-1972,117,2022-10-13T10:53:04.203Z,2026-09-28T20:38:59.993Z
DEMO-DEV-1975,117,2022-10-30T07:01:11.682Z,2026-09-08T13:20:38.040Z
DEMO-DEV-1996,117,2022-10-19T00:58:32.357Z,2026-09-19T11:21:47.319Z
DEMO-DEV-2014,117,2022-10-07T16:41:21.527Z,2026-09-09T06:58:36.354Z
DEMO-DEV-2051,117,2022-10-08T00:31:09.337Z,2026-09-12T03:43:12.225Z
DEMO-DEV-2053,117,2022-10-27T18:35:35.253Z,2026-09-16T03:42:35.612Z
DEMO-DEV-2221,117,2022-10-07T00:28:02.224Z,2026-09-29T23:19:56.688Z
DEMO-DEV-2255,117,2022-10-03T00:46:54.165Z,2026-09-24T14:40:11.519Z
DEMO-DEV-2273,117,2022-10-03T18:44:32.190Z,2026-09-01T23:12:33.021Z
DEMO-DEV-2411,117,2022-10-07T18:49:52.205Z,2026-09-20T15:50:45.836Z
DEMO-DEV-2457,117,2022-10-02T07:01:14.497Z,2026-09-22T01:05:46.545Z
DEMO-DEV-2480,117,2022-10-14T21:01:22.368Z,2026-09-23T19:50:44.867Z
DEMO-DEV-2482,117,2022-10-05T15:14:59.618Z,2026-09-20T18:17:05.989Z
DEMO-DEV-2520,117,2022-10-16T04:17:40.365Z,2026-09-27T08:25:05.811Z
DEMO-DEV-2551,117,2022-10-10T14:29:38.870Z,2026-09-11T06:18:23.232Z
DEMO-DEV-2555,117,2022-10-11T12:27:55.325Z,2026-09-25T14:02:47.639Z
DEMO-DEV-2603,117,2022-10-14T07:31:41.500Z,2026-09-24T20:04:19.568Z
DEMO-DEV-2614,117,2022-10-03T15:17:30.167Z,2026-09-06T12:45:49.063Z
DEMO-DEV-2651,117,2022-10-14T07:03:57.568Z,2026-09-19T13:30:36.239Z
DEMO-DEV-2659,117,2022-10-05T11:30:48.688Z,2026-09-10T22:17:13.120Z
DEMO-DEV-2673,117,2022-10-06T04:19:44.859Z,2026-09-09T23:44:45.851Z
DEMO-DEV-2746,117,2022-10-17T23:15:58.040Z,2026-09-06T12:57:35.225Z
DEMO-DEV-2748,117,2022-10-04T17:57:32.968Z,2026-09-27T04:52:24.352Z
DEMO-DEV-2753,117,2022-10-01T13:54:52.839Z,2026-09-27T11:28:34.497Z
DEMO-DEV-2758,117,2022-10-26T21:30:17.524Z,2026-09-26T14:54:19.289Z
DEMO-DEV-2813,117,2022-10-14T02:18:25.966Z,2026-09-22T22:09:38.987Z
DEMO-DEV-2814,117,2022-10-05T21:14:28.948Z,2026-09-25T11:54:36.394Z
DEMO-DEV-2870,117,2022-10-01T22:23:26.785Z,2026-09-27T20:49:40.658Z
DEMO-DEV-2905,117,2022-10-22T04:48:32.503Z,2026-09-26T15:17:37.232Z
DEMO-DEV-2914,117,2022-10-15T13:21:47.068Z,2026-09-27T11:35:51.291Z
DEMO-DEV-2920,117,2022-10-13T10:59:32.799Z,2026-09-27T14:05:25.023Z
DEMO-DEV-2958,117,2022-10-03T09:31:58.192Z,2026-09-22T03:33:52.966Z
DEMO-DEV-2991,117,2022-10-26T02:26:26.253Z,2026-09-21T13:57:39.597Z
DEMO-DEV-3011,117,2022-10-31T08:59:58.950Z,2026-09-29T02:44:22.806Z
DEMO-DEV-3050,117,2022-10-05T00:49:29.027Z,2026-09-23T09:58:18.778Z
DEMO-DEV-3058,117,2022-10-07T09:04:44.948Z,2026-09-22T05:51:19.949Z
DEMO-DEV-3081,117,2022-10-09T00:09:21.870Z,2026-09-16T04:11:19.865Z
DEMO-DEV-3107,117,2022-10-05T01:59:35.605Z,2026-09-07T14:17:20.646Z
DEMO-DEV-3149,117,2022-10-02T08:09:54.863Z,2026-09-05T19:13:10.138Z
DEMO-DEV-3207,117,2022-10-09T06:36:21.168Z,2026-09-26T13:41:28.969Z
DEMO-DEV-3281,117,2022-10-11T08:10:22.816Z,2026-09-28T10:47:29.989Z
DEMO-DEV-3315,117,2022-10-03T19:27:20.556Z,2026-09-22T12:18:48.038Z
DEMO-DEV-3357,117,2022-10-03T19:57:10.120Z,2026-09-27T17:30:28.965Z
DEMO-DEV-3361,117,2022-10-06T03:43:05.825Z,2026-09-27T22:15:23.929Z
DEMO-DEV-3429,117,2022-10-01T13:13:27.246Z,2026-09-28T15:08:49.120Z
DEMO-DEV-3460,117,2022-10-08T06:44:43.253Z,2026-09-13T18:34:52.786Z
DEMO-DEV-3531,117,2022-10-12T21:17:46.268Z,2026-09-13T04:43:12.784Z
DEMO-DEV-3551,117,2022-10-05T00:48:56.636Z,2026-09-22T06:37:58.865Z
DEMO-DEV-3631,117,2022-10-13T02:53:28.948Z,2026-09-08T08:15:47.873Z
DEMO-DEV-3641,117,2022-10-29T16:24:38.015Z,2026-09-15T12:58:37.173Z
DEMO-DEV-3660,117,2022-10-02T01:53:52.612Z,2026-09-07T16:32:42.676Z
DEMO-DEV-3665,117,2022-10-10T19:47:52.877Z,2026-09-29T20:07:46.250Z
DEMO-DEV-3686,117,2022-10-05T09:23:33.192Z,2026-09-24T13:29:15.597Z
DEMO-DEV-3698,117,2022-11-04T15:42:11.966Z,2026-09-20T15:08:27.038Z
DEMO-DEV-3744,117,2022-10-01T21:30:29.302Z,2026-08-24T17:11:01.173Z
DEMO-DEV-3830,117,2022-10-04T13:56:14.319Z,2026-09-11T03:27:36.239Z
DEMO-DEV-3850,117,2022-10-04T04:40:29.968Z,2026-09-23T04:55:06.446Z
DEMO-DEV-3854,117,2022-10-13T13:16:41.038Z,2026-09-22T03:46:03.337Z
DEMO-DEV-3905,117,2022-10-22T15:27:01.139Z,2026-09-12T14:30:49.804Z
DEMO-DEV-3907,117,2022-10-02T03:44:47.867Z,2026-09-30T03:29:12.415Z
DEMO-DEV-3921,117,2022-10-22T09:37:45.138Z,2026-09-29T06:21:12.391Z
DEMO-DEV-3935,117,2022-10-05T07:02:51.968Z,2026-09-27T16:49:12.192Z
DEMO-DEV-3970,117,2022-10-26T10:12:58.799Z,2026-09-29T19:21:44.307Z
DEMO-DEV-4055,117,2022-11-25T16:49:05.397Z,2026-09-21T17:11:34.636Z
DEMO-DEV-4118,117,2022-10-08T20:35:37.612Z,2026-09-16T02:53:59.682Z
DEMO-DEV-4156,117,2022-10-07T23:10:58.578Z,2026-08-12T23:58:16.535Z
DEMO-DEV-4170,117,2022-10-03T15:25:22.442Z,2026-09-26T05:13:55.782Z
DEMO-DEV-4178,117,2022-10-19T07:59:59.778Z,2026-08-26T02:42:33.607Z
DEMO-DEV-4240,117,2022-10-27T04:55:09.639Z,2026-09-07T06:23:58.352Z
DEMO-DEV-4350,117,2022-10-30T12:27:26.319Z,2026-09-11T07:03:30.929Z
DEMO-DEV-4366,117,2022-10-05T13:54:19.239Z,2026-09-20T04:25:28.915Z
DEMO-DEV-4379,117,2022-10-08T09:56:53.545Z,2026-09-15T13:50:23.782Z
DEMO-DEV-4393,117,2022-10-04T04:47:34.466Z,2026-08-28T15:41:14.403Z
DEMO-DEV-4443,117,2022-10-04T07:04:16.045Z,2026-09-26T11:07:01.719Z
DEMO-DEV-4455,117,2022-10-15T19:32:07.859Z,2026-09-28T00:15:41.222Z
DEMO-DEV-4486,117,2022-11-04T18:22:06.929Z,2026-09-23T21:59:04.485Z
DEMO-DEV-4489,117,2022-10-09T23:35:20.455Z,2026-09-20T03:50:49.252Z
DEMO-DEV-4525,117,2022-10-04T17:42:33.917Z,2026-09-11T02:52:08.653Z
DEMO-DEV-4528,117,2022-10-08T17:40:01.442Z,2026-09-19T19:00:02.493Z
DEMO-DEV-4531,117,2022-10-03T21:42:02.015Z,2026-09-21T12:07:18.867Z
DEMO-DEV-4599,117,2022-10-19T23:47:14.218Z,2026-09-21T00:11:19.614Z
DEMO-DEV-4633,117,2022-10-21T17:05:32.387Z,2026-09-28T07:30:40.485Z
DEMO-DEV-4637,117,2022-10-30T10:16:47.817Z,2026-09-27T17:33:44.205Z
DEMO-DEV-4641,117,2022-10-01T17:08:33.735Z,2026-09-09T23:43:33.523Z
DEMO-DEV-4695,117,2022-10-21T09:05:18.839Z,2026-09-21T00:24:48.778Z
DEMO-DEV-4746,117,2022-10-03T02:01:47.068Z,2026-09-29T18:27:39.354Z
DEMO-DEV-4788,117,2022-10-01T22:29:40.068Z,2026-09-07T18:18:05.864Z
DEMO-DEV-4821,117,2022-10-06T01:01:58.993Z,2026-09-22T08:20:09.524Z
DEMO-DEV-4831,117,2022-10-19T10:20:35.370Z,2026-09-15T15:28:37.692Z
DEMO-DEV-4840,117,2022-10-30T20:55:15.027Z,2026-09-30T05:35:22.692Z
DEMO-DEV-4851,117,2022-10-02T18:38:23.239Z,2026-09-21T01:30:30.948Z
DEMO-DEV-4869,117,2022-10-29T14:08:47.950Z,2026-09-05T19:10:39.804Z
DEMO-DEV-4906,117,2022-10-25T21:53:57.446Z,2026-09-22T03:50:41.040Z
DEMO-DEV-4954,117,2022-10-15T12:51:28.989Z,2026-09-28T03:45:45.168Z
DEMO-DEV-4996,117,2022-10-03T12:49:34.211Z,2026-09-27T05:38:06.368Z
DEMO-DEV-5058,117,2022-10-02T16:38:29.219Z,2026-09-08T15:39:45.470Z
DEMO-DEV-5106,117,2022-10-08T06:49:17.817Z,2026-09-24T22:40:32.443Z
DEMO-DEV-5113,117,2022-10-22T17:34:29.639Z,2026-09-26T16:51:45.639Z
DEMO-DEV-5134,117,2022-10-13T00:46:07.668Z,2026-08-20T03:18:48.203Z
DEMO-DEV-5160,117,2022-10-05T12:41:34.676Z,2026-09-26T13:09:20.877Z
DEMO-DEV-5172,117,2022-10-07T00:57:40.817Z,2026-09-18T16:03:09.714Z
DEMO-DEV-5238,117,2022-10-28T15:48:37.238Z,2026-09-24T07:05:40.172Z
DEMO-DEV-5285,117,2022-10-06T19:01:58.949Z,2026-09-16T16:27:35.816Z
DEMO-DEV-5317,117,2022-10-06T12:19:21.120Z,2026-09-18T05:23:12.825Z
DEMO-DEV-5351,117,2022-10-11T01:08:07.026Z,2026-09-28T14:52:47.976Z
DEMO-DEV-5356,117,2022-10-02T03:06:03.203Z,2026-08-17T11:54:56.727Z
DEMO-DEV-5408,117,2022-10-09T06:40:08.160Z,2026-09-29T04:27:04.870Z
DEMO-DEV-5421,117,2022-10-03T22:57:54.246Z,2026-09-25T08:16:00.038Z
DEMO-DEV-5461,117,2022-11-02T13:55:06.824Z,2026-09-27T19:57:31.992Z
DEMO-DEV-5511,117,2022-10-20T07:02:26.403Z,2026-09-07T11:15:18.428Z
DEMO-DEV-5546,117,2022-10-16T08:44:27.021Z,2026-08-04T12:19:02.222Z
DEMO-DEV-5592,117,2022-10-06T03:41:37.394Z,2026-09-29T11:02:42.658Z
DEMO-DEV-5604,117,2022-10-05T09:11:43.221Z,2026-08-14T16:47:54.782Z
DEMO-DEV-5635,117,2022-11-01T11:53:24.836Z,2026-08-18T08:18:45.291Z
DEMO-DEV-5637,117,2022-10-06T07:22:39.817Z,2026-09-27T06:02:08.556Z
DEMO-DEV-5677,117,2022-10-04T09:37:02.688Z,2026-09-19T18:11:55.555Z
DEMO-DEV-5740,117,2022-11-03T03:45:55.864Z,2026-09-25T22:33:54.307Z
DEMO-DEV-5780,117,2022-10-23T23:21:44.165Z,2026-09-17T10:42:17.415Z
DEMO-DEV-5786,117,2022-10-20T06:07:43.817Z,2026-09-23T17:45:09.784Z
DEMO-DEV-5796,117,2022-10-11T12:49:51.646Z,2026-09-18T21:54:04.357Z
DEMO-DEV-5845,117,2022-10-13T16:15:48.836Z,2026-09-29T04:48:24.150Z
DEMO-DEV-5968,117,2022-10-21T01:44:21.428Z,2026-09-26T12:07:46.599Z
DEMO-DEV-5977,117,2022-10-08T01:32:09.068Z,2026-09-27T15:35:00.754Z
DEMO-DEV-5992,117,2022-10-14T03:26:44.884Z,2026-09-19T12:44:49.190Z
DEMO-DEV-6052,117,2022-10-06T06:48:40.825Z,2026-09-20T16:09:55.948Z
DEMO-DEV-6098,117,2022-11-12T23:14:28.825Z,2026-09-30T00:19:11.975Z
DEMO-DEV-6100,117,2022-10-02T11:03:24.786Z,2026-09-19T12:46:30.618Z
DEMO-DEV-6101,117,2022-10-30T13:41:24.555Z,2026-08-30T06:55:33.250Z
DEMO-DEV-6146,117,2022-10-13T18:52:43.134Z,2026-09-24T22:40:55.511Z
DEMO-DEV-6149,117,2022-10-19T04:51:14.976Z,2026-09-28T16:28:38.190Z
DEMO-DEV-6220,117,2022-10-11T03:59:47.877Z,2026-08-30T22:10:45.884Z
DEMO-DEV-6246,117,2022-11-17T23:36:39.298Z,2026-09-24T18:55:47.024Z
DEMO-DEV-6270,117,2022-10-31T02:31:50.087Z,2026-08-19T02:06:44.172Z
DEMO-DEV-6318,117,2022-10-12T04:31:27.289Z,2026-09-27T07:27:47.302Z
DEMO-DEV-6359,117,2022-10-04T23:54:41.224Z,2026-09-24T08:38:15.446Z
DEMO-DEV-6426,117,2022-10-02T11:00:38.460Z,2026-09-29T20:18:07.264Z
DEMO-DEV-6451,117,2022-10-07T21:39:15.785Z,2026-09-29T20:04:58.692Z
DEMO-DEV-6531,117,2022-10-01T12:54:49.688Z,2026-09-22T07:10:51.302Z
DEMO-DEV-6539,117,2022-10-01T08:55:33.370Z,2026-09-28T21:16:53.811Z
DEMO-DEV-6580,117,2022-11-09T03:14:51.727Z,2026-09-23T12:21:10.239Z
DEMO-DEV-6582,117,2022-10-03T05:56:48.189Z,2026-09-22T04:25:29.989Z
DEMO-DEV-6623,117,2022-10-10T16:39:03.168Z,2026-08-05T22:57:46.658Z
DEMO-DEV-6634,117,2022-10-16T12:54:00.354Z,2026-09-21T19:03:08.368Z
DEMO-DEV-6642,117,2022-10-01T11:17:28.302Z,2026-09-20T02:01:02.319Z
DEMO-DEV-6649,117,2022-10-07T06:39:19.948Z,2026-09-08T20:50:39.782Z
DEMO-DEV-6650,117,2022-10-13T12:56:19.556Z,2026-09-29T18:46:14.527Z
DEMO-DEV-6658,117,2022-11-17T05:59:50.391Z,2026-09-17T05:07:52.232Z
DEMO-DEV-6665,117,2022-10-13T17:01:46.455Z,2026-09-24T20:32:08.975Z
DEMO-DEV-6674,117,2022-10-31T05:24:25.428Z,2026-09-27T16:30:57.160Z
DEMO-DEV-6731,117,2022-10-02T19:59:40.646Z,2026-09-24T09:25:24.754Z
DEMO-DEV-6751,117,2022-10-14T07:51:05.792Z,2026-09-29T08:53:27.080Z
DEMO-DEV-6761,117,2022-10-23T16:33:32.793Z,2026-09-24T12:17:47.253Z
DEMO-DEV-6801,117,2022-10-02T14:19:04.891Z,2026-09-20T23:18:15.607Z
DEMO-DEV-6888,117,2022-10-03T10:54:22.291Z,2026-09-28T00:55:05.976Z
DEMO-DEV-6892,117,2022-10-12T00:35:50.315Z,2026-09-22T15:34:48.038Z
DEMO-DEV-6893,117,2022-10-30T22:30:19.527Z,2026-07-03T11:30:10.792Z
DEMO-DEV-6956,117,2022-10-16T15:30:14.160Z,2026-09-29T01:33:49.976Z
DEMO-DEV-7021,117,2022-10-25T07:58:46.500Z,2026-09-20T13:27:20.368Z
DEMO-DEV-7071,117,2022-10-15T17:31:06.655Z,2026-09-24T23:02:15.803Z
DEMO-DEV-7120,117,2022-10-15T12:53:31.929Z,2026-08-31T20:08:52.692Z
DEMO-DEV-7168,117,2022-10-07T23:49:24.250Z,2026-08-19T14:25:53.238Z
DEMO-DEV-7208,117,2022-10-31T02:10:09.666Z,2026-08-25T09:44:29.915Z
DEMO-DEV-7258,117,2022-10-30T18:49:56.315Z,2026-09-29T23:28:56.268Z
DEMO-DEV-7270,117,2022-10-05T07:41:18.519Z,2026-09-18T06:09:08.368Z
DEMO-DEV-7300,117,2022-10-07T06:16:40.676Z,2026-08-12T15:18:07.859Z
DEMO-DEV-7315,117,2022-10-14T15:16:11.026Z,2026-09-03T23:07:36.816Z
DEMO-DEV-7335,117,2022-10-18T14:14:24.965Z,2026-09-20T04:54:42.204Z
DEMO-DEV-7382,117,2022-10-07T00:37:57.661Z,2026-09-26T18:26:23.948Z
DEMO-DEV-7404,117,2022-10-01T08:27:37.782Z,2026-09-12T08:32:07.239Z
DEMO-DEV-7552,117,2022-10-07T17:42:20.493Z,2026-09-28T15:57:56.167Z
DEMO-DEV-7565,117,2022-10-16T06:37:14.252Z,2026-09-29T11:30:58.868Z
DEMO-DEV-7574,117,2022-10-05T08:34:35.778Z,2026-09-20T14:25:08.246Z
DEMO-DEV-7592,117,2022-10-01T15:09:01.287Z,2026-09-12T16:45:26.636Z
DEMO-DEV-7604,117,2022-10-10T22:30:34.966Z,2026-09-25T12:29:44.816Z
DEMO-DEV-7606,117,2022-10-08T22:44:02.666Z,2026-09-27T18:09:15.236Z
DEMO-DEV-7619,117,2022-10-04T22:32:14.415Z,2026-08-31T19:06:47.785Z
DEMO-DEV-7623,117,2022-11-28T20:27:57.409Z,2026-09-18T13:34:56.239Z
DEMO-DEV-7628,117,2022-10-19T01:46:46.239Z,2026-09-24T14:19:57.138Z
DEMO-DEV-7634,117,2022-10-05T01:21:24.014Z,2026-08-30T14:32:40.614Z
DEMO-DEV-7642,117,2022-10-09T04:00:50.246Z,2026-09-21T04:46:04.599Z
DEMO-DEV-7691,117,2022-11-03T04:54:21.288Z,2026-08-28T06:40:05.682Z
DEMO-DEV-7693,117,2022-10-19T22:21:26.688Z,2026-08-24T05:17:14.527Z
DEMO-DEV-7738,117,2022-10-02T01:10:44.915Z,2026-09-21T09:34:33.485Z
DEMO-DEV-7770,117,2022-10-15T01:04:58.337Z,2026-09-26T12:01:08.792Z
DEMO-DEV-7772,117,2022-10-08T06:07:14.648Z,2026-09-09T15:28:03.557Z
DEMO-DEV-7789,117,2022-10-16T04:20:18.246Z,2026-09-22T08:41:02.870Z
DEMO-DEV-7803,117,2022-10-12T17:30:10.045Z,2026-09-27T01:28:18.597Z
DEMO-DEV-7825,117,2022-10-04T08:04:50.799Z,2026-09-28T08:39:23.365Z
DEMO-DEV-7865,117,2022-10-03T02:04:05.470Z,2026-09-26T02:25:24.004Z
DEMO-DEV-7918,117,2022-10-08T14:26:21.302Z,2026-09-23T07:04:09.077Z
DEMO-DEV-7934,117,2022-11-05T12:56:23.354Z,2026-09-13T06:01:26.976Z
DEMO-DEV-7965,117,2022-10-18T03:15:36.868Z,2026-09-29T22:23:16.298Z
DEMO-DEV-7970,117,2022-10-01T12:49:00.870Z,2026-09-21T09:33:59.325Z
DEMO-DEV-7972,117,2022-10-14T03:23:55.068Z,2026-09-18T00:23:30.508Z
DEMO-DEV-8024,117,2022-10-07T02:08:18.885Z,2026-09-13T18:05:29.891Z
DEMO-DEV-8037,117,2022-10-04T23:24:35.138Z,2026-09-12T11:24:37.914Z
DEMO-DEV-8072,117,2022-10-23T00:25:45.646Z,2026-09-28T02:20:17.409Z
DEMO-DEV-8086,117,2022-10-12T12:33:35.219Z,2026-09-24T08:01:57.511Z
DEMO-DEV-8117,117,2022-10-02T12:16:11.403Z,2026-09-25T06:56:53.804Z
DEMO-DEV-8122,117,2022-10-01T21:25:33.702Z,2026-09-14T11:41:47.472Z
DEMO-DEV-8162,117,2022-10-04T10:11:41.037Z,2026-09-22T23:30:00.291Z
DEMO-DEV-8189,117,2022-10-05T06:26:57.527Z,2026-09-21T18:57:03.246Z
DEMO-DEV-8192,117,2022-10-05T18:53:04.727Z,2026-09-26T05:20:23.929Z
DEMO-DEV-8207,117,2022-11-19T09:20:43.307Z,2026-09-22T19:32:12.014Z
DEMO-DEV-8256,117,2022-10-06T22:54:37.811Z,2026-09-16T00:46:42.397Z
DEMO-DEV-8261,117,2022-10-03T08:49:28.646Z,2026-09-26T21:33:21.226Z
DEMO-DEV-8265,117,2022-10-21T15:29:54.987Z,2026-08-29T23:42:07.472Z
DEMO-DEV-8277,117,2022-10-13T22:13:32.605Z,2026-09-14T01:06:26.254Z
DEMO-DEV-8298,117,2022-10-16T15:39:29.929Z,2026-09-19T17:03:31.841Z
DEMO-DEV-8384,117,2022-10-01T17:46:50.165Z,2026-09-24T22:33:31.993Z
DEMO-DEV-8442,117,2022-10-11T08:31:15.387Z,2026-09-27T04:00:50.612Z
DEMO-DEV-8513,117,2022-10-04T08:16:51.653Z,2026-09-07T06:41:47.735Z
DEMO-DEV-8526,117,2022-10-05T03:46:28.288Z,2026-09-12T17:57:34.230Z
DEMO-DEV-8532,117,2022-10-04T21:33:19.300Z,2026-08-03T07:12:00.556Z
DEMO-DEV-8554,117,2022-10-02T10:19:28.172Z,2026-09-11T14:23:12.719Z
DEMO-DEV-8572,117,2022-10-28T07:33:56.817Z,2026-09-25T11:47:53.682Z
DEMO-DEV-8750,117,2022-10-06T20:54:08.470Z,2026-09-22T14:25:56.607Z
DEMO-DEV-8774,117,2022-10-17T07:51:47.825Z,2026-09-30T07:50:18.917Z
DEMO-DEV-8822,117,2022-10-04T00:10:38.926Z,2026-09-19T16:51:19.300Z
DEMO-DEV-8936,117,2022-10-07T04:16:14.778Z,2026-09-16T11:54:44.268Z
DEMO-DEV-8947,117,2022-10-01T11:15:25.172Z,2026-08-24T19:56:47.428Z
DEMO-DEV-8948,117,2022-10-03T19:38:16.090Z,2026-09-18T03:43:27.519Z
DEMO-DEV-8956,117,2022-10-01T13:01:12.803Z,2026-09-30T06:08:25.442Z
DEMO-DEV-8987,117,2022-10-17T10:20:52.786Z,2026-09-29T13:18:50.537Z
DEMO-DEV-9009,117,2022-10-19T11:09:14.692Z,2026-09-20T09:23:44.037Z
DEMO-DEV-9015,117,2022-10-06T06:05:41.391Z,2026-09-27T11:06:29.023Z
DEMO-DEV-9024,117,2022-10-07T17:40:02.319Z,2026-09-24T08:39:51.926Z
DEMO-DEV-9046,117,2022-10-04T03:21:36.370Z,2026-09-27T04:02:51.345Z
DEMO-DEV-9063,117,2022-11-20T09:41:13.785Z,2026-09-25T11:35:29.352Z
DEMO-DEV-9087,117,2022-10-04T23:03:09.208Z,2026-08-28T10:10:16.555Z
DEMO-DEV-9100,117,2022-10-28T22:10:26.584Z,2026-09-27T03:23:51.754Z
DEMO-DEV-9133,117,2022-10-06T04:39:00.173Z,2026-09-16T15:39:13.298Z
DEMO-DEV-9134,117,2022-10-28T22:03:54.120Z,2026-09-28T07:29:48.839Z
DEMO-DEV-9151,117,2022-10-18T18:39:29.090Z,2026-09-23T12:51:45.302Z
DEMO-DEV-9175,117,2022-10-13T13:06:12.172Z,2026-09-28T02:48:06.597Z
DEMO-DEV-9187,117,2022-11-05T16:44:45.555Z,2026-09-23T16:17:39.040Z
DEMO-DEV-9266,117,2022-10-08T07:20:38.785Z,2026-09-26T00:41:58.714Z
DEMO-DEV-9283,117,2022-10-09T15:19:21.816Z,2026-09-06T12:14:05.466Z
DEMO-DEV-9307,117,2022-10-12T00:18:32.584Z,2026-09-12T04:23:42.391Z
DEMO-DEV-9324,117,2022-10-16T09:10:09.950Z,2026-09-22T13:26:43.702Z
DEMO-DEV-9350,117,2022-10-07T13:58:01.618Z,2026-09-20T14:16:37.842Z
DEMO-DEV-9352,117,2022-10-16T05:09:09.824Z,2026-09-18T08:08:33.190Z
DEMO-DEV-9353,117,2022-10-03T14:01:10.966Z,2026-09-09T09:44:33.591Z
DEMO-DEV-9365,117,2022-10-01T16:41:05.949Z,2026-09-06T18:00:03.836Z
DEMO-DEV-9375,117,2022-10-15T22:02:12.075Z,2026-09-12T18:18:18.752Z
DEMO-DEV-9383,117,2022-10-15T22:47:05.057Z,2026-09-09T04:26:02.974Z
DEMO-DEV-9421,117,2022-10-14T19:15:59.402Z,2026-09-18T08:50:20.527Z
DEMO-DEV-9423,117,2022-10-06T21:51:07.557Z,2026-09-25T21:23:11.394Z
DEMO-DEV-9424,117,2022-10-15T14:44:30.080Z,2026-09-13T14:45:07.264Z
DEMO-DEV-9438,117,2022-10-03T18:38:42.676Z,2026-09-05T12:46:10.045Z
DEMO-DEV-9513,117,2022-10-17T00:41:54.291Z,2026-09-27T19:17:24.077Z
DEMO-DEV-9563,117,2022-10-20T07:25:13.877Z,2026-09-24T15:05:45.045Z
DEMO-DEV-9601,117,2022-10-20T13:18:34.415Z,2026-09-10T13:36:42.319Z
DEMO-DEV-9603,117,2022-10-12T23:09:54.403Z,2026-09-01T08:22:03.203Z
DEMO-DEV-9630,117,2022-10-02T03:34:02.597Z,2026-08-29T10:54:43.968Z
DEMO-DEV-9637,117,2022-10-25T19:02:31.710Z,2026-08-24T04:58:41.366Z
DEMO-DEV-9701,117,2022-10-03T20:27:41.298Z,2026-09-20T18:31:59.556Z
DEMO-DEV-9859,117,2022-11-09T23:30:22.535Z,2026-09-17T05:10:20.368Z
DEMO-DEV-9894,117,2022-10-11T01:39:29.692Z,2026-09-25T09:11:55.778Z
DEMO-DEV-9897,117,2022-10-04T08:12:53.508Z,2026-09-30T06:30:57.239Z
DEMO-DEV-9899,117,2022-10-30T04:12:52.884Z,2026-09-13T04:20:53.472Z
DEMO-DEV-9902,117,2022-10-05T04:23:30.390Z,2026-09-28T05:18:20.442Z
DEMO-DEV-9913,117,2022-10-06T04:42:26.873Z,2026-09-20T14:04:26.714Z
DEMO-DEV-9915,117,2022-10-04T00:33:51.719Z,2026-09-28T11:33:37.867Z
DEMO-DEV-0066,116,2022-10-05T23:30:10.370Z,2026-09-26T05:36:47.428Z
DEMO-DEV-0078,116,2022-10-16T10:22:36.987Z,2026-09-27T12:55:17.302Z
DEMO-DEV-0223,116,2022-10-06T10:08:49.989Z,2026-09-20T02:10:35.038Z
DEMO-DEV-0263,116,2022-10-05T21:52:22.605Z,2026-09-08T00:01:33.668Z
DEMO-DEV-0292,116,2022-10-28T14:38:52.556Z,2026-09-16T23:25:31.950Z
DEMO-DEV-0331,116,2022-10-02T01:39:06.877Z,2026-09-25T18:40:25.368Z
DEMO-DEV-0372,116,2022-10-01T18:52:40.189Z,2026-09-28T16:15:07.523Z
DEMO-DEV-0399,116,2022-10-11T23:06:13.443Z,2026-09-12T10:57:03.221Z
DEMO-DEV-0401,116,2022-10-06T20:51:32.578Z,2026-09-26T03:05:54.513Z
DEMO-DEV-0420,116,2022-10-03T15:31:55.877Z,2026-09-27T04:10:41.394Z
DEMO-DEV-0424,116,2022-10-12T00:04:13.784Z,2026-09-13T08:20:46.537Z
DEMO-DEV-0576,116,2022-11-13T00:05:44.859Z,2026-09-05T15:57:04.120Z
DEMO-DEV-0598,116,2022-12-11T23:43:18.366Z,2026-08-23T18:49:53.446Z
DEMO-DEV-0647,116,2022-10-25T03:07:37.319Z,2026-09-28T20:46:51.985Z
DEMO-DEV-0712,116,2022-11-02T17:37:10.428Z,2026-09-28T01:14:57.462Z
DEMO-DEV-0789,116,2022-11-01T22:33:28.211Z,2026-09-26T10:12:41.816Z
DEMO-DEV-0825,116,2022-10-02T16:33:31.811Z,2026-09-29T22:21:22.646Z
DEMO-DEV-0861,116,2022-10-20T11:59:08.455Z,2026-09-13T23:37:54.250Z
DEMO-DEV-0875,116,2022-10-04T06:03:39.218Z,2026-09-20T15:46:21.319Z
DEMO-DEV-0877,116,2022-10-03T08:21:34.885Z,2026-09-01T20:01:38.090Z
DEMO-DEV-0902,116,2022-10-05T21:42:03.352Z,2026-09-24T15:40:21.784Z
DEMO-DEV-0943,116,2022-10-05T11:49:49.968Z,2026-09-27T10:08:58.224Z
DEMO-DEV-0994,116,2022-10-02T17:54:41.038Z,2026-07-29T05:23:42.864Z
DEMO-DEV-1003,116,2022-10-29T00:10:52.968Z,2026-09-26T11:53:28.987Z
DEMO-DEV-1034,116,2022-10-08T20:46:47.556Z,2026-09-22T05:43:55.646Z
DEMO-DEV-1044,116,2022-10-20T17:12:46.291Z,2026-09-29T10:39:55.368Z
DEMO-DEV-1101,116,2022-10-07T02:09:14.605Z,2026-09-24T05:22:38.519Z
DEMO-DEV-1133,116,2022-10-26T12:43:05.702Z,2026-09-27T11:59:41.225Z
DEMO-DEV-1202,116,2022-12-04T01:55:04.239Z,2026-09-20T18:24:09.239Z
DEMO-DEV-1246,116,2022-10-18T18:10:44.682Z,2026-09-15T18:17:05.754Z
DEMO-DEV-1403,116,2022-10-08T18:07:54.965Z,2026-09-28T12:43:44.500Z
DEMO-DEV-1427,116,2022-10-14T23:26:49.868Z,2026-09-26T00:50:51.949Z
DEMO-DEV-1441,116,2022-12-09T05:45:21.232Z,2026-08-31T04:07:17.204Z
DEMO-DEV-1482,116,2022-10-21T09:46:09.545Z,2026-09-06T14:04:05.557Z
DEMO-DEV-1514,116,2022-10-12T00:06:36.785Z,2026-08-08T07:21:05.139Z
DEMO-DEV-1550,116,2022-10-16T06:12:48.173Z,2026-09-30T01:35:30.254Z
DEMO-DEV-1572,116,2022-10-02T07:19:41.682Z,2026-09-18T16:49:19.870Z
DEMO-DEV-1595,116,2022-10-03T23:59:17.992Z,2026-09-13T18:35:30.839Z
DEMO-DEV-1616,116,2022-10-23T10:55:41.289Z,2026-09-25T16:49:55.208Z
DEMO-DEV-1636,116,2022-10-04T08:06:36.653Z,2026-09-29T09:43:01.218Z
DEMO-DEV-1654,116,2022-10-19T03:46:08.155Z,2026-09-27T05:09:20.287Z
DEMO-DEV-1704,116,2022-10-26T17:09:47.460Z,2026-09-29T08:53:23.232Z
DEMO-DEV-1706,116,2022-10-25T14:43:31.989Z,2026-08-23T15:42:49.646Z
DEMO-DEV-1741,116,2022-10-15T02:01:16.873Z,2026-09-20T17:37:19.974Z
DEMO-DEV-1765,116,2022-10-02T19:31:33.302Z,2026-09-26T16:19:38.535Z
DEMO-DEV-1777,116,2022-10-21T11:38:28.218Z,2026-09-17T05:48:57.161Z
DEMO-DEV-1782,116,2022-10-04T04:27:36.842Z,2026-09-10T04:56:42.926Z
DEMO-DEV-1811,116,2022-10-19T04:01:36.688Z,2026-09-24T16:57:01.442Z
DEMO-DEV-1814,116,2022-10-25T10:33:09.155Z,2026-09-29T22:03:13.045Z
DEMO-DEV-1820,116,2022-10-03T22:04:33.368Z,2026-09-19T00:42:33.470Z
DEMO-DEV-1878,116,2022-10-16T02:22:37.513Z,2026-09-26T20:13:12.926Z
DEMO-DEV-1881,116,2022-10-24T12:58:07.792Z,2026-09-27T15:13:40.597Z
DEMO-DEV-1977,116,2022-12-02T22:55:46.015Z,2026-09-23T06:59:19.272Z
DEMO-DEV-2009,116,2022-10-15T14:01:06.298Z,2026-09-27T02:18:02.139Z
DEMO-DEV-2021,116,2022-10-08T19:38:39.497Z,2026-09-05T22:04:31.402Z
DEMO-DEV-2064,116,2022-10-05T04:38:26.387Z,2026-09-28T03:24:34.636Z
DEMO-DEV-2066,116,2022-10-11T11:43:19.161Z,2026-09-30T00:38:17.535Z
DEMO-DEV-2090,116,2022-10-11T19:45:14.804Z,2026-09-04T10:25:58.203Z
DEMO-DEV-2091,116,2022-10-06T17:41:45.345Z,2026-09-22T14:02:16.778Z
DEMO-DEV-2112,116,2022-10-17T07:16:00.038Z,2026-09-07T14:42:23.969Z
DEMO-DEV-2119,116,2022-10-13T07:48:19.646Z,2026-09-30T03:34:04.863Z
DEMO-DEV-2123,116,2022-10-03T00:40:52.692Z,2026-09-08T00:32:44.682Z
DEMO-DEV-2162,116,2022-11-25T16:26:33.885Z,2026-09-01T06:27:21.537Z
DEMO-DEV-2169,116,2022-10-03T22:09:10.965Z,2026-09-29T21:56:35.173Z
DEMO-DEV-2173,116,2022-10-01T20:13:08.403Z,2026-09-26T11:08:05.915Z
DEMO-DEV-2186,116,2022-10-15T10:38:47.307Z,2026-08-11T13:38:01.968Z
DEMO-DEV-2305,116,2022-10-02T19:04:37.682Z,2026-09-19T13:35:04.308Z
DEMO-DEV-2308,116,2022-10-02T20:49:15.403Z,2026-09-28T09:09:26.859Z
DEMO-DEV-2322,116,2022-10-03T04:31:13.513Z,2026-09-26T20:33:06.150Z
DEMO-DEV-2371,116,2022-10-11T07:46:05.804Z,2026-09-24T06:34:12.965Z
DEMO-DEV-2468,116,2022-10-19T19:35:22.352Z,2026-09-21T19:22:18.390Z
DEMO-DEV-2486,116,2022-10-22T11:37:47.612Z,2026-09-23T21:33:40.203Z
DEMO-DEV-2505,116,2022-10-23T02:55:25.754Z,2026-09-26T17:49:47.692Z
DEMO-DEV-2515,116,2022-10-04T16:27:09.203Z,2026-09-21T11:38:47.668Z
DEMO-DEV-2597,116,2022-10-21T22:17:44.023Z,2026-09-27T18:50:50.308Z
DEMO-DEV-2724,116,2022-10-14T01:32:51.428Z,2026-09-25T02:44:28.165Z
DEMO-DEV-2728,116,2022-10-18T04:04:00.077Z,2026-08-19T16:07:55.873Z
DEMO-DEV-2743,116,2022-10-06T12:50:18.914Z,2026-09-27T01:41:13.288Z
DEMO-DEV-2745,116,2022-10-05T05:16:04.527Z,2026-09-21T20:20:35.842Z
DEMO-DEV-2812,116,2022-10-29T19:35:40.646Z,2026-09-18T07:59:17.368Z
DEMO-DEV-2839,116,2022-10-07T21:44:45.150Z,2026-09-05T20:21:24.885Z
DEMO-DEV-2854,116,2022-10-07T08:30:41.993Z,2026-09-27T16:10:19.189Z
DEMO-DEV-2874,116,2022-10-04T15:42:54.402Z,2026-09-24T01:01:28.859Z
DEMO-DEV-2932,116,2022-10-07T20:14:34.120Z,2026-09-10T04:50:37.646Z
DEMO-DEV-2935,116,2022-10-09T21:26:25.968Z,2026-09-19T11:39:01.989Z
DEMO-DEV-2979,116,2022-10-06T11:48:47.915Z,2026-09-28T15:44:28.527Z
DEMO-DEV-2986,116,2022-11-10T03:37:12.524Z,2026-07-19T11:25:48.239Z
DEMO-DEV-3078,116,2022-10-14T11:57:32.354Z,2026-09-29T06:48:38.080Z
DEMO-DEV-3206,116,2022-10-11T11:05:27.965Z,2026-09-30T06:34:29.778Z
DEMO-DEV-3220,116,2022-10-01T22:44:39.803Z,2026-09-03T09:26:52.568Z
DEMO-DEV-3240,116,2022-10-16T22:01:04.692Z,2026-09-28T23:32:47.917Z
DEMO-DEV-3328,116,2022-10-02T04:19:51.352Z,2026-09-21T04:07:45.877Z
DEMO-DEV-3331,116,2022-10-09T16:25:48.370Z,2026-09-25T07:28:14.204Z
DEMO-DEV-3365,116,2022-10-11T05:03:16.352Z,2026-09-29T21:44:10.786Z
DEMO-DEV-3380,116,2022-10-03T22:25:20.537Z,2026-09-26T06:22:55.063Z
DEMO-DEV-3422,116,2022-10-20T04:08:19.232Z,2026-09-26T15:50:53.557Z
DEMO-DEV-3470,116,2022-10-18T14:53:31.976Z,2026-09-26T10:36:43.073Z
DEMO-DEV-3476,116,2022-10-12T16:06:29.511Z,2026-09-29T08:46:35.524Z
DEMO-DEV-3526,116,2022-10-11T00:59:20.929Z,2026-09-28T07:43:08.557Z
DEMO-DEV-3533,116,2022-11-02T11:21:14.250Z,2026-09-19T08:38:48.466Z
DEMO-DEV-3537,116,2022-10-07T19:48:02.455Z,2026-09-19T22:04:59.190Z
DEMO-DEV-3554,116,2022-10-30T05:59:15.692Z,2026-09-20T19:17:14.913Z
DEMO-DEV-3619,116,2022-10-03T03:16:29.782Z,2026-09-29T03:18:12.232Z
DEMO-DEV-3712,116,2022-10-06T11:27:02.337Z,2026-09-06T05:04:51.302Z
DEMO-DEV-3739,116,2022-10-12T03:09:27.368Z,2026-08-28T08:10:49.648Z
DEMO-DEV-3760,116,2022-10-03T02:28:25.218Z,2026-09-25T11:39:07.537Z
DEMO-DEV-3767,116,2022-10-07T12:35:21.965Z,2026-09-19T17:56:00.026Z
DEMO-DEV-3773,116,2022-11-18T01:23:43.503Z,2026-08-16T09:13:56.460Z
DEMO-DEV-3795,116,2022-10-04T10:07:52.676Z,2026-09-16T21:30:54.824Z
DEMO-DEV-3849,116,2022-10-09T08:15:23.778Z,2026-09-26T15:12:30.442Z
DEMO-DEV-3886,116,2022-10-07T22:16:43.676Z,2026-09-30T05:03:43.527Z
DEMO-DEV-3904,116,2022-10-12T16:58:42.524Z,2026-09-19T18:18:33.648Z
DEMO-DEV-3906,116,2022-10-20T14:35:27.873Z,2026-09-22T08:16:07.298Z
DEMO-DEV-3910,116,2022-10-20T04:02:59.795Z,2026-09-09T08:08:09.968Z
DEMO-DEV-3915,116,2022-10-28T07:48:37.599Z,2026-09-21T22:39:18.205Z
DEMO-DEV-3922,116,2022-10-14T04:19:30.682Z,2026-09-27T17:45:55.612Z
DEMO-DEV-3930,116,2022-10-07T16:29:15.843Z,2026-09-07T06:48:09.639Z
DEMO-DEV-3943,116,2022-10-03T13:21:56.090Z,2026-09-06T00:04:39.646Z
DEMO-DEV-3949,116,2022-10-11T18:36:58.264Z,2026-09-28T02:06:14.914Z
DEMO-DEV-3982,116,2022-10-29T13:33:33.784Z,2026-09-29T23:11:04.868Z
DEMO-DEV-4006,116,2022-10-20T20:06:39.987Z,2026-09-22T14:56:50.870Z
DEMO-DEV-4064,116,2022-10-05T21:23:38.390Z,2026-09-21T15:21:50.211Z
DEMO-DEV-4097,116,2022-11-17T21:22:18.884Z,2026-09-21T12:19:04.795Z
DEMO-DEV-4127,116,2022-11-23T00:27:50.173Z,2026-09-04T11:20:49.710Z
DEMO-DEV-4153,116,2022-10-01T19:46:49.867Z,2026-09-29T15:19:39.068Z
DEMO-DEV-4213,116,2022-10-04T16:20:42.298Z,2026-09-18T20:10:04.702Z
DEMO-DEV-4231,116,2022-10-11T12:52:50.208Z,2026-09-23T10:49:56.264Z
DEMO-DEV-4254,116,2022-10-03T16:34:48.817Z,2026-09-29T03:19:59.352Z
DEMO-DEV-4294,116,2022-10-02T07:34:25.354Z,2026-08-31T00:58:12.446Z
DEMO-DEV-4346,116,2022-10-10T10:13:06.183Z,2026-09-24T13:28:43.391Z
DEMO-DEV-4375,116,2022-10-01T10:53:29.246Z,2026-09-22T08:23:35.354Z
DEMO-DEV-4387,116,2022-10-15T01:09:25.591Z,2026-09-29T22:12:36.825Z
DEMO-DEV-4410,116,2022-10-05T20:42:30.719Z,2026-09-21T07:43:57.289Z
DEMO-DEV-4475,116,2022-10-20T00:40:08.391Z,2026-09-21T05:38:24.825Z
DEMO-DEV-4476,116,2022-10-03T01:20:45.264Z,2026-09-25T10:56:28.784Z
DEMO-DEV-4478,116,2022-10-21T07:00:44.040Z,2026-09-26T12:18:11.778Z
DEMO-DEV-4480,116,2022-10-05T23:08:19.319Z,2026-09-09T06:38:17.021Z
DEMO-DEV-4492,116,2022-11-21T02:14:31.023Z,2026-09-28T23:21:39.816Z
DEMO-DEV-4495,116,2022-10-27T03:01:32.300Z,2026-09-14T15:13:05.646Z
DEMO-DEV-4507,116,2022-10-08T14:22:05.754Z,2026-09-13T09:20:30.203Z
DEMO-DEV-4538,116,2022-10-02T16:19:54.402Z,2026-09-30T07:41:11.556Z
DEMO-DEV-4549,116,2022-10-01T11:19:28.929Z,2026-08-30T14:39:23.782Z
DEMO-DEV-4627,116,2022-10-10T22:57:09.817Z,2026-08-27T13:58:23.455Z
DEMO-DEV-4760,116,2022-10-06T11:34:25.090Z,2026-09-19T06:20:58.842Z
DEMO-DEV-4816,116,2022-11-12T01:04:40.824Z,2026-09-06T06:39:28.208Z
DEMO-DEV-4828,116,2022-11-10T14:35:18.224Z,2026-09-30T01:03:04.368Z
DEMO-DEV-4848,116,2022-10-27T07:23:20.428Z,2026-09-15T15:55:11.287Z
DEMO-DEV-4947,116,2022-10-05T07:28:23.370Z,2026-08-19T16:49:09.597Z
DEMO-DEV-4950,116,2022-10-05T07:40:50.870Z,2026-09-23T09:37:13.636Z
DEMO-DEV-4959,116,2022-10-07T00:37:35.325Z,2026-09-15T06:27:54.222Z
DEMO-DEV-4987,116,2022-10-04T17:34:33.969Z,2026-09-22T12:40:57.254Z
DEMO-DEV-5011,116,2022-10-12T13:27:30.754Z,2026-09-18T06:50:48.319Z
DEMO-DEV-5023,116,2022-10-02T14:32:14.599Z,2026-09-20T03:11:03.485Z
DEMO-DEV-5024,116,2022-11-09T23:18:17.599Z,2026-09-25T13:51:34.354Z
DEMO-DEV-5076,116,2022-10-19T21:03:30.682Z,2026-09-27T19:38:10.985Z
DEMO-DEV-5082,116,2022-10-23T12:05:03.224Z,2026-09-15T09:43:43.183Z
DEMO-DEV-5102,116,2022-10-02T18:46:18.612Z,2026-09-14T22:32:16.040Z
DEMO-DEV-5116,116,2022-10-05T11:21:12.203Z,2026-09-18T17:27:10.221Z
DEMO-DEV-5152,116,2022-10-10T22:37:37.134Z,2026-09-04T15:25:17.027Z
DEMO-DEV-5218,116,2022-10-03T04:18:47.668Z,2026-09-14T11:17:44.415Z
DEMO-DEV-5227,116,2022-10-21T06:37:30.190Z,2026-09-19T19:24:22.442Z
DEMO-DEV-5288,116,2022-10-16T06:22:50.037Z,2026-09-02T05:00:50.792Z
DEMO-DEV-5312,116,2022-10-07T09:06:45.038Z,2026-09-16T21:09:59.289Z
DEMO-DEV-5333,116,2022-10-24T05:30:33.203Z,2026-09-10T23:22:47.824Z
DEMO-DEV-5349,116,2022-10-08T20:48:31.688Z,2026-09-29T08:11:26.345Z
DEMO-DEV-5391,116,2022-10-15T22:48:42.948Z,2026-09-26T21:38:51.867Z
DEMO-DEV-5403,116,2022-10-26T11:22:18.387Z,2026-09-19T19:23:43.618Z
DEMO-DEV-5448,116,2022-10-06T04:16:32.470Z,2026-09-21T23:36:59.289Z
DEMO-DEV-5501,116,2022-10-02T20:56:56.023Z,2026-09-26T14:13:48.470Z
DEMO-DEV-5527,116,2022-10-14T13:02:01.653Z,2026-09-06T15:20:17.778Z
DEMO-DEV-5532,116,2022-10-01T11:07:54.014Z,2026-09-04T13:48:22.500Z
DEMO-DEV-5538,116,2022-10-10T12:55:18.752Z,2026-09-24T13:04:34.366Z
DEMO-DEV-5581,116,2022-10-07T15:36:48.702Z,2026-09-09T09:25:17.442Z
DEMO-DEV-5591,116,2022-10-22T19:18:21.752Z,2026-09-23T15:46:32.503Z
DEMO-DEV-5613,116,2022-10-09T18:52:19.666Z,2026-09-16T09:58:08.867Z
DEMO-DEV-5657,116,2022-10-10T12:04:36.219Z,2026-09-17T16:00:30.466Z
DEMO-DEV-5662,116,2022-10-04T03:31:23.646Z,2026-09-19T02:14:47.584Z
DEMO-DEV-5680,116,2022-10-22T19:23:20.026Z,2026-09-25T14:26:43.806Z
DEMO-DEV-5702,116,2022-10-05T10:08:28.914Z,2026-08-25T13:09:26.676Z
DEMO-DEV-5728,116,2022-10-13T00:54:14.045Z,2026-09-22T13:21:24.992Z
DEMO-DEV-5737,116,2022-10-13T01:21:41.535Z,2026-09-14T09:06:19.015Z
DEMO-DEV-5758,116,2022-10-16T17:48:53.784Z,2026-09-15T21:06:07.003Z
DEMO-DEV-5797,116,2022-10-18T15:33:04.253Z,2026-09-28T07:34:41.168Z
DEMO-DEV-5828,116,2022-10-01T13:48:16.926Z,2026-09-25T12:01:29.134Z
DEMO-DEV-5838,116,2022-10-25T16:35:40.472Z,2026-08-18T13:39:51.221Z
DEMO-DEV-5848,116,2022-10-17T18:58:38.027Z,2026-09-12T06:36:57.778Z
DEMO-DEV-5853,116,2022-10-14T20:37:53.003Z,2026-09-21T06:12:59.254Z
DEMO-DEV-5921,116,2022-11-02T21:45:48.403Z,2026-09-27T05:42:19.219Z
DEMO-DEV-5942,116,2022-10-07T02:15:56.462Z,2026-09-20T08:41:49.591Z
DEMO-DEV-6021,116,2022-10-22T05:21:54.466Z,2026-09-06T04:22:29.646Z
DEMO-DEV-6049,116,2022-10-03T00:22:36.612Z,2026-09-27T00:12:12.057Z
DEMO-DEV-6114,116,2022-10-02T21:22:05.917Z,2026-09-28T20:32:48.345Z
DEMO-DEV-6240,116,2022-10-15T04:04:14.917Z,2026-09-27T06:22:29.556Z
DEMO-DEV-6361,116,2022-10-09T14:33:11.851Z,2026-09-19T15:12:36.605Z
DEMO-DEV-6376,116,2022-10-23T10:49:11.842Z,2026-09-19T21:26:54.985Z
DEMO-DEV-6377,116,2022-10-09T01:33:32.891Z,2026-09-25T20:23:40.992Z
DEMO-DEV-6392,116,2022-10-14T07:09:45.403Z,2026-09-18T01:02:26.992Z
DEMO-DEV-6495,116,2022-10-06T16:51:44.618Z,2026-09-22T05:29:35.799Z
DEMO-DEV-6497,116,2022-10-03T05:33:35.841Z,2026-09-22T15:52:57.134Z
DEMO-DEV-6554,116,2022-10-03T07:37:25.021Z,2026-09-24T08:21:26.993Z
DEMO-DEV-6579,116,2022-10-03T14:00:27.965Z,2026-09-22T07:06:19.040Z
DEMO-DEV-6603,116,2022-10-21T16:24:57.230Z,2026-09-23T09:14:54.167Z
DEMO-DEV-6608,116,2022-10-08T00:54:01.073Z,2026-09-19T04:54:57.138Z
DEMO-DEV-6673,116,2022-10-07T13:08:59.804Z,2026-09-10T11:22:57.370Z
DEMO-DEV-6689,116,2022-10-01T16:22:25.080Z,2026-09-19T00:58:23.824Z
DEMO-DEV-6691,116,2022-10-08T09:59:42.508Z,2026-09-16T10:04:17.992Z
DEMO-DEV-6697,116,2022-10-14T04:18:34.289Z,2026-09-29T19:36:19.415Z
DEMO-DEV-6717,116,2022-10-06T10:57:04.811Z,2026-09-21T03:10:52.992Z
DEMO-DEV-6745,116,2022-10-05T19:23:42.224Z,2026-09-17T00:39:54.446Z
DEMO-DEV-6767,116,2022-10-17T19:16:59.511Z,2026-08-26T05:20:51.077Z
DEMO-DEV-6813,116,2022-10-08T07:57:48.150Z,2026-09-12T04:35:03.238Z
DEMO-DEV-6846,116,2022-10-08T09:52:18.038Z,2026-09-29T07:03:07.073Z
DEMO-DEV-6920,116,2022-10-01T14:07:15.230Z,2026-09-15T07:34:56.387Z
DEMO-DEV-7004,116,2022-10-17T17:23:13.337Z,2026-09-20T03:13:12.692Z
DEMO-DEV-7061,116,2022-10-12T15:51:10.183Z,2026-09-22T11:46:02.806Z
DEMO-DEV-7131,116,2022-10-04T17:35:00.825Z,2026-08-23T19:49:31.597Z
DEMO-DEV-7228,116,2022-10-07T04:49:44.735Z,2026-09-03T14:01:21.315Z
DEMO-DEV-7257,116,2022-10-04T23:40:10.556Z,2026-09-22T16:19:38.597Z
DEMO-DEV-7396,116,2022-10-26T05:27:57.738Z,2026-09-21T09:19:02.368Z
DEMO-DEV-7405,116,2022-10-09T03:36:11.254Z,2026-09-25T18:26:30.806Z
DEMO-DEV-7415,116,2022-10-05T14:27:07.272Z,2026-09-18T01:20:31.804Z
DEMO-DEV-7422,116,2022-10-02T22:13:45.786Z,2026-09-02T06:39:41.337Z
DEMO-DEV-7424,116,2022-10-08T23:58:31.851Z,2026-09-06T03:41:59.969Z
DEMO-DEV-7496,116,2022-10-17T21:32:56.614Z,2026-09-21T02:49:23.015Z
DEMO-DEV-7498,116,2022-10-21T13:09:54.884Z,2026-09-29T04:45:49.365Z
DEMO-DEV-7529,116,2022-10-11T23:19:47.238Z,2026-09-23T09:44:28.795Z
DEMO-DEV-7555,116,2022-10-18T07:57:33.139Z,2026-09-29T22:30:10.232Z
DEMO-DEV-7590,116,2022-10-09T17:16:04.442Z,2026-09-17T05:26:57.578Z
DEMO-DEV-7602,116,2022-10-08T19:03:50.253Z,2026-08-12T18:56:10.365Z
DEMO-DEV-7703,116,2022-10-04T19:18:53.203Z,2026-09-18T16:13:38.221Z
DEMO-DEV-7712,116,2022-10-06T10:55:45.075Z,2026-09-23T17:45:20.357Z
DEMO-DEV-7784,116,2022-10-09T21:31:11.003Z,2026-09-29T19:14:16.120Z
DEMO-DEV-7800,116,2022-11-10T05:00:46.232Z,2026-09-18T08:24:51.658Z
DEMO-DEV-7804,116,2022-10-29T06:26:30.080Z,2026-09-20T00:35:07.161Z
DEMO-DEV-7848,116,2022-10-04T05:43:55.658Z,2026-09-11T06:18:00.370Z
DEMO-DEV-7852,116,2022-10-19T00:18:16.524Z,2026-09-21T12:56:37.221Z
DEMO-DEV-7859,116,2022-10-23T20:26:01.057Z,2026-09-25T09:37:39.965Z
DEMO-DEV-7875,116,2022-10-01T18:47:27.867Z,2026-09-15T11:26:14.870Z
DEMO-DEV-7877,116,2022-10-01T11:12:07.063Z,2026-07-31T22:24:41.021Z
DEMO-DEV-7893,116,2022-10-08T01:08:21.226Z,2026-09-11T08:11:24.239Z
DEMO-DEV-7989,116,2022-11-15T02:53:12.950Z,2026-08-28T19:04:57.234Z
DEMO-DEV-7999,116,2022-10-16T10:09:46.578Z,2026-09-20T11:48:38.692Z
DEMO-DEV-8063,116,2022-10-01T16:54:21.825Z,2026-09-27T22:46:10.658Z
DEMO-DEV-8114,116,2022-10-06T12:30:37.646Z,2026-09-27T20:34:08.817Z
DEMO-DEV-8132,116,2022-10-14T02:18:51.508Z,2026-09-15T20:10:14.123Z
DEMO-DEV-8150,116,2022-10-05T20:43:31.778Z,2026-09-23T18:01:44.272Z
DEMO-DEV-8168,116,2022-10-04T09:44:51.232Z,2026-09-28T02:28:21.211Z
DEMO-DEV-8181,116,2022-10-03T23:43:27.015Z,2026-08-31T07:50:23.817Z
DEMO-DEV-8222,116,2022-10-20T23:49:10.222Z,2026-09-21T10:48:39.913Z
DEMO-DEV-8230,116,2022-10-21T21:49:23.891Z,2026-09-19T18:41:15.682Z
DEMO-DEV-8235,116,2022-10-23T18:42:28.803Z,2026-09-12T04:29:50.719Z
DEMO-DEV-8291,116,2022-10-04T15:59:27.219Z,2026-09-27T11:05:56.784Z
DEMO-DEV-8365,116,2022-10-15T19:32:11.015Z,2026-09-13T22:33:58.873Z
DEMO-DEV-8440,116,2022-10-05T21:10:35.403Z,2026-09-19T00:33:49.403Z
DEMO-DEV-8483,116,2022-10-06T02:37:54.976Z,2026-09-13T08:57:22.402Z
DEMO-DEV-8487,116,2022-10-16T17:48:52.225Z,2026-09-20T04:32:49.597Z
DEMO-DEV-8576,116,2022-10-09T01:15:25.026Z,2026-09-16T13:47:51.989Z
DEMO-DEV-8587,116,2022-10-02T18:16:50.155Z,2026-09-21T15:29:08.090Z
DEMO-DEV-8610,116,2022-10-05T05:02:53.319Z,2026-09-22T04:42:02.974Z
DEMO-DEV-8659,116,2022-10-08T17:10:34.402Z,2026-09-28T08:06:17.782Z
DEMO-DEV-8727,116,2022-10-02T13:19:26.226Z,2026-09-05T16:53:22.238Z
DEMO-DEV-8760,116,2022-10-02T20:19:45.765Z,2026-09-27T05:41:14.926Z
DEMO-DEV-8781,116,2022-10-20T01:26:02.023Z,2026-08-24T08:42:24.357Z
DEMO-DEV-8835,116,2022-10-17T20:36:39.150Z,2026-09-27T17:00:25.976Z
DEMO-DEV-8859,116,2022-10-14T19:38:15.782Z,2026-09-21T13:18:23.037Z
DEMO-DEV-8860,116,2022-10-05T08:41:18.752Z,2026-09-18T16:09:40.926Z
DEMO-DEV-8880,116,2022-10-18T03:02:04.272Z,2026-09-04T00:55:53.949Z
DEMO-DEV-8884,116,2022-10-03T03:44:28.446Z,2026-09-22T02:32:57.692Z
DEMO-DEV-8885,116,2022-10-15T21:32:39.976Z,2026-09-27T22:29:40.811Z
DEMO-DEV-8887,116,2022-10-02T02:39:00.545Z,2026-09-29T12:48:48.222Z
DEMO-DEV-8895,116,2022-10-06T12:03:25.676Z,2026-08-24T10:52:07.403Z
DEMO-DEV-8901,116,2022-11-27T20:22:52.950Z,2026-09-19T08:54:31.040Z
DEMO-DEV-8910,116,2022-10-18T22:52:51.843Z,2026-09-26T21:46:59.443Z
DEMO-DEV-8988,116,2022-10-26T16:28:17.415Z,2026-09-27T07:18:42.913Z
DEMO-DEV-9010,116,2022-10-26T23:39:34.948Z,2026-09-22T14:38:47.325Z
DEMO-DEV-9056,116,2022-11-13T05:19:17.806Z,2026-09-25T02:10:27.917Z
DEMO-DEV-9121,116,2022-10-02T18:45:24.190Z,2026-09-17T19:04:41.208Z
DEMO-DEV-9157,116,2022-11-02T06:43:44.513Z,2026-09-19T10:33:08.859Z
DEMO-DEV-9201,116,2022-10-15T16:21:02.914Z,2026-09-18T08:43:57.230Z
DEMO-DEV-9212,116,2022-10-25T03:20:44.870Z,2026-09-29T13:18:43.298Z
DEMO-DEV-9215,116,2022-10-07T17:15:03.366Z,2026-09-27T14:50:57.319Z
DEMO-DEV-9216,116,2022-10-03T09:26:34.403Z,2026-09-28T10:03:38.859Z
DEMO-DEV-9234,116,2022-10-03T01:25:48.653Z,2026-09-12T13:40:02.816Z
DEMO-DEV-9313,116,2022-10-18T07:41:26.968Z,2026-09-27T16:02:30.599Z
DEMO-DEV-9405,116,2022-10-04T11:17:52.555Z,2026-09-27T19:20:31.239Z
DEMO-DEV-9441,116,2022-11-26T19:54:59.605Z,2026-09-29T01:35:29.719Z
DEMO-DEV-9452,116,2022-10-04T06:04:11.682Z,2026-09-20T09:20:33.968Z
DEMO-DEV-9470,116,2022-10-05T04:41:30.612Z,2026-09-27T09:43:14.368Z
DEMO-DEV-9550,116,2022-10-16T14:30:41.811Z,2026-09-21T20:57:29.752Z
DEMO-DEV-9582,116,2022-10-13T15:03:05.319Z,2026-09-27T13:09:48.976Z
DEMO-DEV-9593,116,2022-10-15T18:24:20.985Z,2026-09-22T12:08:46.250Z
DEMO-DEV-9598,116,2022-10-08T21:15:32.975Z,2026-09-26T21:38:07.391Z
DEMO-DEV-9605,116,2022-11-06T09:02:58.387Z,2026-09-23T08:25:11.795Z
DEMO-DEV-9614,116,2022-10-10T11:52:47.714Z,2026-09-12T18:23:37.063Z
DEMO-DEV-9617,116,2022-10-18T22:51:08.524Z,2026-09-24T09:20:38.884Z
DEMO-DEV-9618,116,2022-11-18T21:13:31.203Z,2026-09-12T01:31:39.068Z
DEMO-DEV-9623,116,2022-10-11T14:49:45.004Z,2026-09-30T00:38:45.302Z
DEMO-DEV-9767,116,2022-10-07T20:18:42.885Z,2026-09-28T14:22:41.557Z
DEMO-DEV-9780,116,2022-10-26T16:47:29.786Z,2026-08-27T15:29:25.040Z
DEMO-DEV-9809,116,2022-10-07T09:51:12.811Z,2026-09-17T09:30:27.599Z
DEMO-DEV-9813,116,2022-10-22T06:15:13.287Z,2026-09-26T19:20:08.365Z
DEMO-DEV-9825,116,2022-10-05T16:42:56.524Z,2026-08-27T08:02:42.785Z
DEMO-DEV-9827,116,2022-10-09T12:13:17.929Z,2026-09-27T16:28:28.204Z
DEMO-DEV-9876,116,2022-10-11T04:56:36.023Z,2026-09-29T14:09:50.015Z
DEMO-DEV-9924,116,2022-10-02T01:35:54.639Z,2026-09-26T09:05:09.846Z
DEMO-DEV-9929,116,2022-12-11T08:47:14.735Z,2026-09-25T10:42:41.172Z
DEMO-DEV-9982,116,2022-10-12T01:54:00.302Z,2026-09-27T02:35:23.219Z
DEMO-DEV-0041,115,2022-10-03T07:58:30.966Z,2026-09-10T06:59:11.851Z
DEMO-DEV-0052,115,2022-10-19T08:13:06.337Z,2026-09-24T08:21:53.026Z
DEMO-DEV-0129,115,2022-10-10T08:45:07.799Z,2026-08-27T12:17:35.865Z
DEMO-DEV-0137,115,2022-10-13T07:01:23.676Z,2026-07-12T03:17:18.545Z
DEMO-DEV-0150,115,2022-10-08T13:42:23.597Z,2026-09-27T04:18:02.682Z
DEMO-DEV-0171,115,2022-10-04T15:31:01.319Z,2026-09-17T01:34:51.989Z
DEMO-DEV-0224,115,2022-10-16T19:54:06.226Z,2026-09-14T19:36:45.841Z
DEMO-DEV-0266,115,2022-10-28T14:00:29.556Z,2026-09-29T20:21:37.155Z
DEMO-DEV-0290,115,2022-10-19T08:47:39.027Z,2026-09-27T12:58:52.568Z
DEMO-DEV-0321,115,2022-10-02T20:18:58.778Z,2026-09-28T11:56:44.497Z
DEMO-DEV-0341,115,2022-10-07T01:08:40.226Z,2026-09-24T16:57:14.714Z
DEMO-DEV-0358,115,2022-10-22T23:20:19.976Z,2026-09-16T07:33:51.239Z
DEMO-DEV-0430,115,2022-10-11T08:32:30.172Z,2026-09-29T03:21:20.754Z
DEMO-DEV-0462,115,2022-10-07T05:14:05.319Z,2026-09-06T22:57:13.352Z
DEMO-DEV-0505,115,2022-10-13T07:10:02.792Z,2026-09-18T07:42:31.402Z
DEMO-DEV-0513,115,2022-10-03T23:23:29.173Z,2026-09-22T20:02:22.315Z
DEMO-DEV-0565,115,2022-10-04T04:17:33.455Z,2026-09-26T23:07:31.138Z
DEMO-DEV-0624,115,2022-10-05T08:00:07.985Z,2026-09-16T21:56:41.915Z
DEMO-DEV-0672,115,2022-10-09T13:32:18.646Z,2026-09-25T22:57:12.466Z
DEMO-DEV-0687,115,2022-10-02T14:59:58.738Z,2026-09-11T20:43:15.778Z
DEMO-DEV-0698,115,2022-10-18T14:36:00.655Z,2026-09-29T21:58:05.160Z
DEMO-DEV-0731,115,2022-10-02T18:13:34.524Z,2026-09-27T10:09:56.234Z
DEMO-DEV-0738,115,2022-10-23T07:16:30.557Z,2026-09-19T13:16:42.993Z
DEMO-DEV-0739,115,2022-10-21T12:26:52.394Z,2026-09-22T01:55:20.365Z
DEMO-DEV-0779,115,2022-10-22T09:53:47.319Z,2026-09-22T02:46:09.976Z
DEMO-DEV-0792,115,2022-10-03T11:23:20.204Z,2026-09-22T12:33:31.077Z
DEMO-DEV-0811,115,2022-10-02T12:01:17.868Z,2026-09-27T12:06:35.337Z
DEMO-DEV-0831,115,2022-10-26T21:29:38.513Z,2026-09-25T03:54:30.268Z
DEMO-DEV-0842,115,2022-10-09T02:24:02.842Z,2026-09-22T23:01:53.989Z
DEMO-DEV-1032,115,2022-10-14T21:15:52.045Z,2026-09-26T13:12:31.080Z
DEMO-DEV-1063,115,2022-10-19T18:16:23.289Z,2026-08-09T07:33:36.224Z
DEMO-DEV-1095,115,2022-10-04T08:50:47.839Z,2026-09-24T15:07:48.497Z
DEMO-DEV-1121,115,2022-11-28T12:21:42.291Z,2026-09-26T08:10:38.080Z
DEMO-DEV-1140,115,2022-10-01T14:52:21.319Z,2026-09-11T03:54:44.470Z
DEMO-DEV-1162,115,2022-10-19T12:59:53.319Z,2026-09-26T22:33:42.455Z
DEMO-DEV-1173,115,2022-10-07T20:09:41.415Z,2026-09-22T17:44:25.068Z
DEMO-DEV-1184,115,2022-10-23T07:40:16.738Z,2026-09-08T18:15:53.337Z
DEMO-DEV-1205,115,2022-10-05T12:44:20.658Z,2026-09-30T03:29:00.307Z
DEMO-DEV-1219,115,2022-10-03T05:32:53.614Z,2026-08-14T18:29:29.040Z
DEMO-DEV-1220,115,2022-10-03T03:17:35.203Z,2026-09-24T14:07:35.446Z
DEMO-DEV-1241,115,2022-10-04T12:09:15.639Z,2026-09-27T05:50:43.785Z
DEMO-DEV-1245,115,2022-10-29T03:37:53.692Z,2026-09-28T23:30:14.123Z
DEMO-DEV-1254,115,2022-10-05T00:24:50.272Z,2026-09-06T08:53:21.839Z
DEMO-DEV-1273,115,2022-10-06T13:58:16.859Z,2026-09-28T01:39:12.523Z
DEMO-DEV-1321,115,2022-10-04T03:56:54.851Z,2026-09-28T22:30:00.527Z
DEMO-DEV-1324,115,2022-10-04T01:23:26.992Z,2026-09-26T04:04:29.345Z
DEMO-DEV-1335,115,2022-10-20T13:20:58.778Z,2026-09-22T07:05:10.803Z
DEMO-DEV-1336,115,2022-10-15T07:19:42.165Z,2026-09-23T09:36:07.793Z
DEMO-DEV-1354,115,2022-10-15T23:11:01.508Z,2026-09-28T10:52:48.987Z
DEMO-DEV-1437,115,2022-10-02T17:55:47.272Z,2026-08-30T00:04:37.203Z
DEMO-DEV-1521,115,2022-10-20T06:43:11.557Z,2026-09-12T02:56:31.765Z
DEMO-DEV-1532,115,2022-10-16T12:30:30.428Z,2026-09-29T13:29:49.354Z
DEMO-DEV-1576,115,2022-10-02T18:59:54.614Z,2026-09-24T16:54:29.618Z
DEMO-DEV-1596,115,2022-10-09T19:48:33.843Z,2026-09-29T07:20:06.226Z
DEMO-DEV-1605,115,2022-10-02T14:51:31.485Z,2026-09-19T22:30:20.993Z
DEMO-DEV-1606,115,2022-10-05T20:36:01.443Z,2026-09-24T04:53:51.205Z
DEMO-DEV-1633,115,2022-10-02T19:53:41.014Z,2026-09-24T19:02:56.817Z
DEMO-DEV-1639,115,2022-10-03T21:14:18.462Z,2026-09-25T23:20:53.288Z
DEMO-DEV-1641,115,2022-10-17T16:00:51.867Z,2026-09-16T09:58:15.138Z
DEMO-DEV-1651,115,2022-10-16T06:02:13.391Z,2026-09-30T03:14:10.224Z
DEMO-DEV-1730,115,2022-10-06T17:05:52.167Z,2026-09-27T13:29:29.403Z
DEMO-DEV-1779,115,2022-10-17T05:05:18.472Z,2026-09-20T02:46:07.428Z
DEMO-DEV-1808,115,2022-10-08T12:45:40.365Z,2026-09-02T08:55:13.614Z
DEMO-DEV-1874,115,2022-10-04T22:57:20.500Z,2026-08-17T04:12:50.315Z
DEMO-DEV-1886,115,2022-10-18T03:16:54.268Z,2026-09-30T00:55:33.803Z
DEMO-DEV-1897,115,2022-10-22T07:51:49.470Z,2026-09-12T16:53:28.793Z
DEMO-DEV-1919,115,2022-10-04T00:17:42.864Z,2026-09-23T20:30:16.926Z
DEMO-DEV-1930,115,2022-10-01T15:28:55.527Z,2026-09-25T05:25:39.203Z
DEMO-DEV-1931,115,2022-10-02T03:09:12.063Z,2026-08-29T08:16:25.556Z
DEMO-DEV-1948,115,2022-10-14T09:42:27.090Z,2026-09-30T04:50:50.864Z
DEMO-DEV-2011,115,2022-10-02T01:19:43.989Z,2026-09-28T23:03:41.817Z
DEMO-DEV-2016,115,2022-10-02T12:45:56.599Z,2026-08-26T16:38:04.870Z
DEMO-DEV-2042,115,2022-10-20T09:42:05.692Z,2026-09-19T22:55:50.287Z
DEMO-DEV-2046,115,2022-10-17T12:41:26.208Z,2026-09-24T07:41:47.370Z
DEMO-DEV-2054,115,2022-10-11T06:41:26.368Z,2026-09-29T19:14:08.225Z
DEMO-DEV-2096,115,2022-10-30T03:37:32.232Z,2026-09-15T12:44:56.165Z
DEMO-DEV-2128,115,2022-10-13T20:50:38.337Z,2026-09-25T04:45:21.204Z
DEMO-DEV-2163,115,2022-10-07T03:01:41.974Z,2026-09-21T10:03:26.370Z
DEMO-DEV-2197,115,2022-10-05T02:54:11.527Z,2026-09-16T02:44:24.442Z
DEMO-DEV-2206,115,2022-10-17T17:54:23.692Z,2026-09-29T08:16:43.599Z
DEMO-DEV-2259,115,2022-10-16T01:10:16.843Z,2026-09-20T01:10:21.929Z
DEMO-DEV-2280,115,2022-10-16T14:12:29.172Z,2026-09-25T09:51:43.892Z
DEMO-DEV-2319,115,2022-10-21T06:27:06.584Z,2026-09-29T17:03:05.817Z
DEMO-DEV-2351,115,2022-10-05T10:22:23.692Z,2026-09-05T06:51:38.366Z
DEMO-DEV-2354,115,2022-10-02T04:24:12.003Z,2026-09-22T15:56:09.161Z
DEMO-DEV-2365,115,2022-10-16T17:03:55.846Z,2026-09-27T19:00:20.792Z
DEMO-DEV-2370,115,2022-10-02T10:00:03.165Z,2026-08-10T13:11:22.524Z
DEMO-DEV-2378,115,2022-10-08T22:20:01.948Z,2026-09-19T16:16:32.993Z
DEMO-DEV-2382,115,2022-10-01T23:55:17.612Z,2026-09-05T12:43:17.204Z
DEMO-DEV-2419,115,2022-10-01T14:51:36.161Z,2026-09-19T13:01:20.666Z
DEMO-DEV-2451,115,2022-10-07T10:45:33.636Z,2026-09-25T15:09:03.785Z
DEMO-DEV-2453,115,2022-10-07T11:40:57.655Z,2026-09-17T15:47:09.038Z
DEMO-DEV-2458,115,2022-10-10T17:43:52.027Z,2026-09-01T21:42:48.508Z
DEMO-DEV-2466,115,2022-11-08T00:47:03.134Z,2026-09-20T10:48:20.511Z
DEMO-DEV-2489,115,2022-10-06T02:55:54.949Z,2026-09-17T03:03:56.605Z
DEMO-DEV-2495,115,2022-10-05T06:09:32.524Z,2026-09-07T10:50:35.397Z
DEMO-DEV-2503,115,2022-11-01T02:51:33.556Z,2026-09-28T12:04:46.666Z
DEMO-DEV-2537,115,2022-10-27T17:05:05.646Z,2026-09-18T11:33:22.618Z
DEMO-DEV-2564,115,2022-10-21T05:28:33.879Z,2026-09-07T15:13:09.948Z
DEMO-DEV-2598,115,2022-10-08T20:47:03.658Z,2026-08-22T03:47:52.913Z
DEMO-DEV-2640,115,2022-10-12T16:13:08.655Z,2026-09-23T13:01:25.892Z
DEMO-DEV-2698,115,2022-10-15T00:44:12.493Z,2026-09-23T15:23:25.607Z
DEMO-DEV-2723,115,2022-10-10T06:04:16.352Z,2026-09-28T16:08:41.892Z
DEMO-DEV-2785,115,2022-10-02T17:22:18.307Z,2026-09-27T20:12:32.811Z
DEMO-DEV-2789,115,2022-10-04T08:55:37.646Z,2026-08-14T05:12:04.926Z
DEMO-DEV-2844,115,2022-10-01T14:09:12.218Z,2026-09-15T03:02:39.230Z
DEMO-DEV-2862,115,2022-10-07T22:46:13.842Z,2026-09-19T11:08:41.222Z
DEMO-DEV-2873,115,2022-10-16T03:55:19.949Z,2026-09-28T12:00:39.370Z
DEMO-DEV-2888,115,2022-10-03T08:40:22.443Z,2026-09-15T00:14:32.387Z
DEMO-DEV-2912,115,2022-10-05T16:46:51.646Z,2026-09-24T13:22:00.428Z
DEMO-DEV-2922,115,2022-10-15T14:02:30.173Z,2026-09-26T11:01:03.658Z
DEMO-DEV-2927,115,2022-10-07T03:16:08.250Z,2026-09-25T21:10:42.366Z
DEMO-DEV-2930,115,2022-10-17T00:57:08.816Z,2026-09-16T05:43:22.160Z
DEMO-DEV-2941,115,2022-10-03T16:55:06.891Z,2026-09-20T13:44:47.428Z
DEMO-DEV-2944,115,2022-10-08T19:21:27.337Z,2026-08-31T22:39:43.735Z
DEMO-DEV-2960,115,2022-10-04T04:45:00.252Z,2026-09-27T00:33:39.190Z
DEMO-DEV-2965,115,2022-10-04T17:15:10.842Z,2026-09-14T21:06:26.402Z
DEMO-DEV-2982,115,2022-10-15T22:12:13.134Z,2026-09-05T20:03:44.965Z
DEMO-DEV-3039,115,2022-10-15T02:04:45.843Z,2026-09-18T15:12:06.505Z
DEMO-DEV-3055,115,2022-11-30T05:09:03.618Z,2026-09-23T14:05:39.168Z
DEMO-DEV-3080,115,2022-10-08T13:33:52.782Z,2026-08-23T06:01:50.863Z
DEMO-DEV-3090,115,2022-10-01T09:06:21.682Z,2026-08-25T01:39:38.234Z
DEMO-DEV-3143,115,2022-10-26T07:10:56.238Z,2026-08-02T10:33:17.325Z
DEMO-DEV-3151,115,2022-10-06T06:31:25.409Z,2026-09-27T03:58:09.868Z
DEMO-DEV-3191,115,2022-10-17T02:20:03.653Z,2026-09-25T09:27:37.873Z
DEMO-DEV-3211,115,2022-10-11T13:29:51.027Z,2026-08-30T03:26:16.636Z
DEMO-DEV-3230,115,2022-10-12T17:32:18.354Z,2026-09-27T00:54:26.497Z
DEMO-DEV-3333,115,2022-10-12T12:33:56.319Z,2026-09-19T06:37:28.765Z
DEMO-DEV-3345,115,2022-10-25T04:47:08.391Z,2026-09-25T17:35:56.370Z
DEMO-DEV-3363,115,2022-10-05T09:34:43.446Z,2026-09-28T15:42:32.289Z
DEMO-DEV-3371,115,2022-10-06T07:13:40.668Z,2026-09-02T19:18:50.415Z
DEMO-DEV-3377,115,2022-10-03T02:38:02.308Z,2026-09-03T04:32:16.442Z
DEMO-DEV-3392,115,2022-10-19T14:41:13.211Z,2026-09-15T19:13:22.836Z
DEMO-DEV-3433,115,2022-10-21T16:44:45.460Z,2026-09-20T20:08:18.024Z
DEMO-DEV-3496,115,2022-10-01T13:45:44.597Z,2026-09-26T13:33:04.023Z
DEMO-DEV-3563,115,2022-10-09T22:59:07.087Z,2026-09-29T05:32:22.123Z
DEMO-DEV-3565,115,2022-11-01T07:43:33.455Z,2026-09-22T03:29:06.661Z
DEMO-DEV-3578,115,2022-10-17T12:08:46.785Z,2026-09-28T17:44:04.816Z
DEMO-DEV-3614,115,2022-10-17T01:36:40.523Z,2026-09-25T03:54:09.155Z
DEMO-DEV-3676,115,2022-10-13T16:08:25.987Z,2026-09-20T07:18:46.139Z
DEMO-DEV-3677,115,2022-10-12T06:03:01.527Z,2026-09-20T22:11:08.870Z
DEMO-DEV-3696,115,2022-10-06T15:58:30.968Z,2026-09-19T19:50:58.357Z
DEMO-DEV-3714,115,2022-10-12T01:23:05.219Z,2026-08-20T10:52:40.014Z
DEMO-DEV-3736,115,2022-10-23T00:01:55.232Z,2026-09-26T09:54:14.556Z
DEMO-DEV-3753,115,2022-10-04T03:55:32.792Z,2026-07-12T19:06:26.288Z
DEMO-DEV-3802,115,2022-10-16T18:25:05.387Z,2026-09-29T05:36:56.315Z
DEMO-DEV-3816,115,2022-10-02T15:19:30.975Z,2026-09-25T08:37:51.612Z
DEMO-DEV-3821,115,2022-10-06T00:16:56.968Z,2026-09-25T15:18:03.500Z
DEMO-DEV-3832,115,2022-10-27T12:28:17.803Z,2026-09-21T21:00:44.917Z
DEMO-DEV-3889,115,2022-10-02T05:51:18.568Z,2026-09-28T05:02:21.370Z
DEMO-DEV-3940,115,2022-10-04T09:25:48.727Z,2026-09-15T17:42:26.950Z
DEMO-DEV-3966,115,2022-10-09T12:37:43.021Z,2026-09-02T14:31:08.618Z
DEMO-DEV-4010,115,2022-10-21T01:57:45.658Z,2026-09-28T02:58:25.668Z
DEMO-DEV-4048,115,2022-10-08T19:08:27.307Z,2026-09-28T11:02:36.784Z
DEMO-DEV-4051,115,2022-10-03T21:43:24.511Z,2026-09-22T14:37:46.239Z
DEMO-DEV-4065,115,2022-10-08T17:22:59.985Z,2026-09-14T05:18:17.682Z
DEMO-DEV-4110,115,2022-10-03T11:49:24.555Z,2026-09-04T00:51:33.885Z
DEMO-DEV-4139,115,2022-11-19T01:49:24.021Z,2026-08-21T00:07:12.472Z
DEMO-DEV-4140,115,2022-10-23T02:24:53.825Z,2026-09-06T23:24:19.352Z
DEMO-DEV-4182,115,2022-10-07T15:53:58.792Z,2026-09-10T03:14:51.077Z
DEMO-DEV-4198,115,2022-10-07T06:41:33.949Z,2026-09-14T20:16:38.966Z
DEMO-DEV-4216,115,2022-10-11T09:42:15.442Z,2026-09-21T11:17:38.929Z
DEMO-DEV-4236,115,2022-10-15T19:55:27.075Z,2026-09-29T14:55:10.300Z
DEMO-DEV-4239,115,2022-10-17T19:46:06.692Z,2026-09-25T07:46:48.892Z
DEMO-DEV-4243,115,2022-10-01T22:03:52.929Z,2026-09-18T10:58:13.993Z
DEMO-DEV-4260,115,2022-10-06T22:25:45.352Z,2026-08-27T13:55:01.877Z
DEMO-DEV-4268,115,2022-10-01T22:37:27.352Z,2026-09-11T07:10:49.040Z
DEMO-DEV-4269,115,2022-10-15T20:56:07.354Z,2026-08-27T02:27:30.843Z
DEMO-DEV-4295,115,2022-10-12T22:10:19.003Z,2026-09-25T11:06:01.167Z
DEMO-DEV-4299,115,2022-10-22T05:32:29.307Z,2026-09-20T23:16:35.172Z
DEMO-DEV-4327,115,2022-10-05T23:08:47.950Z,2026-09-27T19:34:41.288Z
DEMO-DEV-4352,115,2022-10-31T12:36:30.120Z,2026-09-28T11:24:51.527Z
DEMO-DEV-4451,115,2022-10-04T21:22:03.403Z,2026-09-29T17:59:01.892Z
DEMO-DEV-4485,115,2022-10-01T08:29:00.366Z,2026-09-29T07:02:08.976Z
DEMO-DEV-4515,115,2022-10-06T00:32:56.232Z,2026-09-20T02:08:20.505Z
DEMO-DEV-4551,115,2022-10-18T10:51:35.508Z,2026-09-26T04:48:08.851Z
DEMO-DEV-4570,115,2022-10-04T07:51:15.948Z,2026-09-24T07:32:10.785Z
DEMO-DEV-4579,115,2022-10-02T12:36:15.806Z,2026-09-22T14:18:28.639Z
DEMO-DEV-4580,115,2022-10-04T14:07:54.352Z,2026-09-08T02:18:27.599Z
DEMO-DEV-4652,115,2022-12-05T18:33:07.710Z,2026-09-21T22:16:50.308Z
DEMO-DEV-4677,115,2022-10-04T23:01:32.500Z,2026-09-24T12:37:54.208Z
DEMO-DEV-4682,115,2022-10-16T22:55:10.682Z,2026-08-18T02:25:00.120Z
DEMO-DEV-4753,115,2022-10-25T16:56:29.578Z,2026-09-29T17:00:48.307Z
DEMO-DEV-4762,115,2022-11-04T17:56:42.948Z,2026-08-17T09:58:51.455Z
DEMO-DEV-4790,115,2022-10-16T08:58:34.211Z,2026-09-18T01:42:28.497Z
DEMO-DEV-4809,115,2022-10-21T16:49:51.992Z,2026-09-10T22:09:18.948Z
DEMO-DEV-4888,115,2022-10-11T16:19:20.676Z,2026-09-28T07:27:50.754Z
DEMO-DEV-4896,115,2022-10-04T03:30:57.929Z,2026-09-01T14:09:46.077Z
DEMO-DEV-4901,115,2022-10-18T15:54:17.816Z,2026-09-27T02:03:58.556Z
DEMO-DEV-4905,115,2022-10-08T09:24:52.816Z,2026-09-04T05:31:01.865Z
DEMO-DEV-4973,115,2022-10-18T17:11:25.023Z,2026-09-30T05:25:57.524Z
DEMO-DEV-4989,115,2022-10-17T14:01:20.987Z,2026-09-26T05:46:04.735Z
DEMO-DEV-5060,115,2022-11-03T21:05:13.014Z,2026-09-25T08:16:55.239Z
DEMO-DEV-5069,115,2022-10-11T13:01:17.123Z,2026-09-10T15:26:12.234Z
DEMO-DEV-5110,115,2022-10-02T05:12:40.252Z,2026-09-26T08:28:48.497Z
DEMO-DEV-5168,115,2022-10-06T22:35:28.975Z,2026-09-30T06:21:38.403Z
DEMO-DEV-5198,115,2022-10-02T21:06:40.523Z,2026-09-30T05:51:30.710Z
DEMO-DEV-5242,115,2022-10-31T05:59:50.268Z,2026-09-28T12:30:28.291Z
DEMO-DEV-5247,115,2022-10-03T11:42:36.792Z,2026-09-15T17:22:19.402Z
DEMO-DEV-5264,115,2022-10-15T02:33:36.646Z,2026-09-10T01:59:11.985Z
DEMO-DEV-5313,115,2022-10-22T01:43:41.167Z,2026-09-26T14:46:42.073Z
DEMO-DEV-5327,115,2022-10-14T12:24:07.068Z,2026-09-24T21:17:06.795Z
DEMO-DEV-5329,115,2022-10-01T09:12:34.636Z,2026-09-26T00:24:46.545Z
DEMO-DEV-5397,115,2022-11-02T13:49:56.024Z,2026-09-10T07:25:53.692Z
DEMO-DEV-5438,115,2022-10-10T02:35:14.402Z,2026-09-18T20:52:40.658Z
DEMO-DEV-5451,115,2022-10-02T15:19:06.793Z,2026-07-19T19:27:19.785Z
DEMO-DEV-5496,115,2022-10-24T13:09:32.535Z,2026-07-23T00:16:40.658Z
DEMO-DEV-5524,115,2022-10-01T09:25:37.239Z,2026-08-23T08:00:35.428Z
DEMO-DEV-5534,115,2022-10-02T14:23:33.618Z,2026-09-17T03:11:53.485Z
DEMO-DEV-5540,115,2022-10-15T15:30:37.786Z,2026-09-16T23:07:43.879Z
DEMO-DEV-5542,115,2022-10-02T09:01:30.974Z,2026-09-21T22:46:27.591Z
DEMO-DEV-5544,115,2022-10-04T19:54:45.138Z,2026-09-14T21:14:44.524Z
DEMO-DEV-5641,115,2022-10-07T18:13:03.123Z,2026-09-28T22:49:45.134Z
DEMO-DEV-5645,115,2022-10-05T22:50:51.172Z,2026-09-29T16:32:08.370Z
DEMO-DEV-5674,115,2022-10-08T17:15:29.877Z,2026-09-30T03:04:36.239Z
DEMO-DEV-5689,115,2022-10-12T08:36:21.702Z,2026-09-09T02:19:50.676Z
DEMO-DEV-5691,115,2022-11-14T10:06:46.325Z,2026-09-18T18:05:37.804Z
DEMO-DEV-5856,115,2022-10-10T10:10:40.045Z,2026-08-22T16:06:34.803Z
DEMO-DEV-5890,115,2022-10-18T05:51:33.578Z,2026-07-27T14:59:25.992Z
DEMO-DEV-5906,115,2022-10-03T05:43:23.879Z,2026-09-18T07:02:56.537Z
DEMO-DEV-5909,115,2022-10-08T21:38:37.989Z,2026-09-04T14:57:59.668Z
DEMO-DEV-5949,115,2022-10-04T15:31:22.168Z,2026-09-26T14:15:47.966Z
DEMO-DEV-5960,115,2022-10-09T03:44:42.842Z,2026-09-26T16:30:11.268Z
DEMO-DEV-5966,115,2022-10-18T08:37:49.150Z,2026-08-24T21:01:10.648Z
DEMO-DEV-5983,115,2022-10-30T06:32:35.139Z,2026-09-20T01:45:41.870Z
DEMO-DEV-6035,115,2022-10-07T21:18:56.077Z,2026-09-24T18:47:42.302Z
DEMO-DEV-6047,115,2022-10-05T14:28:29.403Z,2026-09-28T13:32:09.692Z
DEMO-DEV-6107,115,2022-11-02T14:23:17.472Z,2026-09-22T01:06:30.370Z
DEMO-DEV-6131,115,2022-11-02T06:20:47.189Z,2026-08-25T09:44:54.409Z
DEMO-DEV-6160,115,2022-10-19T05:50:21.264Z,2026-09-24T16:38:49.370Z
DEMO-DEV-6257,115,2022-10-06T08:07:11.846Z,2026-09-26T15:07:00.239Z
DEMO-DEV-6261,115,2022-10-01T19:42:39.370Z,2026-09-18T08:27:41.352Z
DEMO-DEV-6292,115,2022-10-02T09:58:18.027Z,2026-09-29T01:51:07.466Z
DEMO-DEV-6300,115,2022-10-08T19:07:04.843Z,2026-09-26T23:31:09.397Z
DEMO-DEV-6302,115,2022-10-07T09:47:28.612Z,2026-09-30T02:49:06.867Z
DEMO-DEV-6303,115,2022-10-05T09:54:57.653Z,2026-09-28T10:37:21.799Z
DEMO-DEV-6343,115,2022-10-07T07:52:09.319Z,2026-09-28T16:56:17.315Z
DEMO-DEV-6350,115,2022-10-09T15:25:43.735Z,2026-09-11T21:48:48.778Z
DEMO-DEV-6402,115,2022-10-04T18:14:10.816Z,2026-09-14T22:56:08.442Z
DEMO-DEV-6449,115,2022-10-06T17:32:07.503Z,2026-09-11T01:23:36.803Z
DEMO-DEV-6471,115,2022-10-24T04:16:35.225Z,2026-09-11T03:09:47.870Z
DEMO-DEV-6486,115,2022-10-04T02:41:41.497Z,2026-09-21T12:47:11.505Z
DEMO-DEV-6564,115,2022-10-03T21:50:32.913Z,2026-09-21T08:52:51.138Z
DEMO-DEV-6568,115,2022-11-07T09:47:37.969Z,2026-09-01T10:50:01.208Z
DEMO-DEV-6577,115,2022-11-22T02:13:20.354Z,2026-09-30T02:06:35.505Z
DEMO-DEV-6617,115,2022-10-05T12:20:15.139Z,2026-09-10T01:21:35.786Z
DEMO-DEV-6685,115,2022-10-12T21:43:41.063Z,2026-09-20T17:55:46.803Z
DEMO-DEV-6723,115,2022-10-04T15:17:01.172Z,2026-09-19T20:05:42.784Z
DEMO-DEV-6728,115,2022-10-03T19:04:13.537Z,2026-09-13T18:55:37.929Z
DEMO-DEV-6734,115,2022-10-06T10:58:39.661Z,2026-09-23T17:50:04.825Z
DEMO-DEV-6759,115,2022-10-10T03:44:18.409Z,2026-09-25T19:07:24.167Z
DEMO-DEV-6773,115,2022-10-05T00:26:45.968Z,2026-09-25T12:43:58.040Z
DEMO-DEV-6775,115,2022-10-03T17:01:07.754Z,2026-08-26T05:04:13.222Z
DEMO-DEV-6807,115,2022-10-17T16:22:05.754Z,2026-09-30T04:48:10.537Z
DEMO-DEV-6829,115,2022-10-03T20:53:33.636Z,2026-09-29T07:58:37.298Z
DEMO-DEV-6847,115,2022-10-24T23:37:36.968Z,2026-09-30T05:12:29.027Z
DEMO-DEV-6910,115,2022-10-07T13:12:14.917Z,2026-09-03T00:19:08.203Z
DEMO-DEV-6918,115,2022-10-04T01:53:37.073Z,2026-09-24T22:00:18.599Z
DEMO-DEV-6944,115,2022-10-03T14:09:40.841Z,2026-09-24T14:40:33.014Z
DEMO-DEV-6954,115,2022-10-10T19:58:04.352Z,2026-09-27T13:56:09.842Z
DEMO-DEV-6963,115,2022-10-05T01:33:28.246Z,2026-09-27T03:17:49.354Z
DEMO-DEV-6986,115,2022-10-26T12:29:00.138Z,2026-09-24T14:51:17.811Z
DEMO-DEV-6993,115,2022-10-07T14:52:47.472Z,2026-09-18T12:05:06.325Z
DEMO-DEV-6999,115,2022-10-10T18:57:23.075Z,2026-09-01T23:07:28.225Z
DEMO-DEV-7051,115,2022-11-06T18:38:16.915Z,2026-09-26T11:40:21.485Z
DEMO-DEV-7055,115,2022-10-06T16:52:37.503Z,2026-09-10T23:34:06.268Z
DEMO-DEV-7063,115,2022-10-12T09:46:44.508Z,2026-09-20T08:36:42.319Z
DEMO-DEV-7101,115,2022-10-19T09:24:35.190Z,2026-09-18T12:28:28.203Z
DEMO-DEV-7103,115,2022-10-13T05:26:53.975Z,2026-09-09T20:13:32.443Z
DEMO-DEV-7109,115,2022-10-27T05:40:31.584Z,2026-09-26T02:05:52.682Z
DEMO-DEV-7141,115,2022-10-08T15:36:11.161Z,2026-09-27T20:31:56.508Z
DEMO-DEV-7161,115,2022-10-07T21:20:51.591Z,2026-09-05T23:34:15.370Z
DEMO-DEV-7210,115,2022-10-17T08:38:23.975Z,2026-09-22T08:34:03.239Z
DEMO-DEV-7327,115,2022-10-08T07:41:20.987Z,2026-09-18T05:06:05.727Z
DEMO-DEV-7337,115,2022-10-19T21:24:05.183Z,2026-09-27T02:29:54.846Z
DEMO-DEV-7347,115,2022-10-18T07:50:39.976Z,2026-09-23T11:05:56.208Z
DEMO-DEV-7363,115,2022-10-04T03:45:01.493Z,2026-09-09T14:49:13.537Z
DEMO-DEV-7367,115,2022-10-13T18:14:47.639Z,2026-08-05T04:38:46.859Z
DEMO-DEV-7377,115,2022-10-05T11:26:28.864Z,2026-08-06T07:55:05.080Z
DEMO-DEV-7384,115,2022-10-08T19:30:01.357Z,2026-09-14T09:51:03.555Z
DEMO-DEV-7446,115,2022-10-08T07:41:58.298Z,2026-09-26T11:25:07.799Z
DEMO-DEV-7501,115,2022-10-01T19:18:29.352Z,2026-09-28T05:23:59.291Z
DEMO-DEV-7528,115,2022-10-03T01:18:17.524Z,2026-09-14T00:08:01.040Z
DEMO-DEV-7548,115,2022-10-12T15:41:33.368Z,2026-09-29T13:54:28.987Z
DEMO-DEV-7553,115,2022-10-06T12:46:27.806Z,2026-09-19T16:32:31.167Z
DEMO-DEV-7556,115,2022-10-19T00:05:31.253Z,2026-09-26T18:14:37.605Z
DEMO-DEV-7569,115,2022-10-14T15:16:23.428Z,2026-08-24T18:53:41.839Z
DEMO-DEV-7586,115,2022-10-30T11:27:40.203Z,2026-09-20T10:46:38.636Z
DEMO-DEV-7661,115,2022-10-04T12:32:09.345Z,2026-09-30T05:30:47.974Z
DEMO-DEV-7708,115,2022-10-09T01:17:04.655Z,2026-09-21T06:11:52.230Z
DEMO-DEV-7731,115,2022-10-04T07:27:22.370Z,2026-09-17T13:08:52.123Z
DEMO-DEV-7778,115,2022-10-03T09:01:57.246Z,2026-08-03T18:44:22.987Z
DEMO-DEV-7796,115,2022-10-11T10:19:08.929Z,2026-09-20T11:15:28.003Z
DEMO-DEV-7857,115,2022-10-12T05:51:59.394Z,2026-09-17T02:21:46.308Z
DEMO-DEV-7894,115,2022-10-05T14:05:27.307Z,2026-09-29T19:55:54.189Z
DEMO-DEV-7911,115,2022-10-13T12:00:41.948Z,2026-09-20T18:46:07.165Z
DEMO-DEV-7975,115,2022-10-12T06:28:29.913Z,2026-09-23T04:40:56.497Z
DEMO-DEV-7985,115,2022-10-08T12:27:59.661Z,2026-09-25T01:16:32.666Z
DEMO-DEV-7986,115,2022-11-07T08:14:37.222Z,2026-09-23T22:08:14.966Z
DEMO-DEV-8004,115,2022-10-13T19:33:25.037Z,2026-09-19T13:25:23.535Z
DEMO-DEV-8023,115,2022-10-06T17:14:37.287Z,2026-09-16T20:35:08.786Z
DEMO-DEV-8043,115,2022-10-06T13:30:36.087Z,2026-09-23T07:20:16.524Z
DEMO-DEV-8113,115,2022-11-07T10:03:36.021Z,2026-09-22T21:25:47.863Z
DEMO-DEV-8130,115,2022-10-01T14:54:03.189Z,2026-09-23T13:54:08.183Z
DEMO-DEV-8146,115,2022-11-12T10:14:02.337Z,2026-09-25T06:27:30.205Z
DEMO-DEV-8179,115,2022-10-04T10:25:17.428Z,2026-08-30T00:09:26.497Z
DEMO-DEV-8185,115,2022-10-12T04:45:14.989Z,2026-09-24T14:08:31.409Z
DEMO-DEV-8204,115,2022-10-08T16:47:39.599Z,2026-09-06T04:03:37.345Z
DEMO-DEV-8224,115,2022-10-10T06:58:33.138Z,2026-09-15T00:16:13.040Z
DEMO-DEV-8225,115,2022-10-21T11:05:13.394Z,2026-09-28T10:41:55.976Z
DEMO-DEV-8304,115,2022-10-16T07:11:46.817Z,2026-09-25T19:07:32.225Z
DEMO-DEV-8312,115,2022-10-04T16:33:59.846Z,2026-09-02T04:19:09.841Z
DEMO-DEV-8315,115,2022-10-20T10:51:57.319Z,2026-09-03T09:37:12.345Z
DEMO-DEV-8376,115,2022-10-02T23:49:20.851Z,2026-09-26T15:44:46.666Z
DEMO-DEV-8386,115,2022-10-01T19:57:07.914Z,2026-09-24T10:10:43.246Z
DEMO-DEV-8396,115,2022-10-12T19:20:39.189Z,2026-09-29T12:09:39.851Z
DEMO-DEV-8408,115,2022-10-01T13:39:16.073Z,2026-09-11T22:30:52.073Z
DEMO-DEV-8410,115,2022-10-28T08:51:05.948Z,2026-09-30T06:43:50.513Z
DEMO-DEV-8431,115,2022-10-01T19:54:57.658Z,2026-09-28T05:07:24.493Z
DEMO-DEV-8465,115,2022-10-15T10:09:19.778Z,2026-09-28T05:14:57.523Z
DEMO-DEV-8546,115,2022-10-05T11:26:21.289Z,2026-09-29T20:17:58.409Z
DEMO-DEV-8566,115,2022-10-14T23:08:15.545Z,2026-09-20T08:18:34.222Z
DEMO-DEV-8585,115,2022-10-23T22:06:54.578Z,2026-09-24T23:56:29.786Z
DEMO-DEV-8608,115,2022-10-05T10:51:13.403Z,2026-09-05T10:37:46.472Z
DEMO-DEV-8631,115,2022-10-08T11:35:59.661Z,2026-09-25T16:00:13.272Z
DEMO-DEV-8652,115,2022-10-02T18:37:17.208Z,2026-09-14T12:58:58.710Z
DEMO-DEV-8663,115,2022-10-10T02:49:16.352Z,2026-09-13T19:06:13.636Z
DEMO-DEV-8665,115,2022-10-22T08:00:52.161Z,2026-09-20T03:04:23.090Z
DEMO-DEV-8672,115,2022-10-01T09:16:45.692Z,2026-09-11T12:24:07.668Z
DEMO-DEV-8673,115,2022-10-26T16:32:43.014Z,2026-09-06T20:33:10.409Z
DEMO-DEV-8683,115,2022-10-07T13:46:17.221Z,2026-08-23T03:39:00.345Z
DEMO-DEV-8685,115,2022-10-05T18:56:54.682Z,2026-09-24T19:12:49.394Z
DEMO-DEV-8686,115,2022-10-02T04:43:04.075Z,2026-09-24T16:07:24.183Z
DEMO-DEV-8702,115,2022-12-05T20:44:52.150Z,2026-09-18T17:05:39.545Z
DEMO-DEV-8706,115,2022-10-02T09:27:55.172Z,2026-09-22T08:06:11.985Z
DEMO-DEV-8719,115,2022-10-04T23:20:38.519Z,2026-09-24T00:45:18.785Z
DEMO-DEV-8730,115,2022-10-13T00:43:45.080Z,2026-09-03T16:51:44.816Z
DEMO-DEV-8732,115,2022-10-02T10:21:01.646Z,2026-09-16T20:29:31.087Z
DEMO-DEV-8733,115,2022-10-15T12:25:55.203Z,2026-09-26T09:04:57.319Z
DEMO-DEV-8798,115,2022-10-17T10:18:45.387Z,2026-09-29T11:02:59.870Z
DEMO-DEV-8832,115,2022-11-06T21:52:42.466Z,2026-09-10T12:00:29.557Z
DEMO-DEV-8844,115,2022-10-09T00:03:16.250Z,2026-09-20T12:39:17.914Z
DEMO-DEV-8898,115,2022-10-07T05:36:24.239Z,2026-09-17T02:29:47.752Z
DEMO-DEV-8907,115,2022-10-07T05:43:42.428Z,2026-09-24T05:26:57.519Z
DEMO-DEV-8925,115,2022-10-17T03:28:41.692Z,2026-09-21T01:25:14.205Z
DEMO-DEV-8926,115,2022-10-14T05:29:00.287Z,2026-09-22T21:59:37.442Z
DEMO-DEV-8971,115,2022-10-09T02:41:03.021Z,2026-09-15T03:49:04.513Z
DEMO-DEV-9018,115,2022-11-02T16:50:57.754Z,2026-09-26T07:26:06.584Z
DEMO-DEV-9039,115,2022-10-02T05:12:31.168Z,2026-09-29T11:09:38.661Z
DEMO-DEV-9052,115,2022-10-05T22:39:17.239Z,2026-07-31T18:06:03.120Z
DEMO-DEV-9068,115,2022-10-02T21:13:35.139Z,2026-09-13T22:32:24.868Z
DEMO-DEV-9080,115,2022-10-30T14:40:30.710Z,2026-09-14T18:36:17.370Z
DEMO-DEV-9085,115,2022-10-04T07:56:06.365Z,2026-09-27T05:52:26.003Z
DEMO-DEV-9156,115,2022-10-15T03:27:30.015Z,2026-09-24T09:57:19.391Z
DEMO-DEV-9184,115,2022-11-12T19:05:16.238Z,2026-09-27T07:49:15.139Z
DEMO-DEV-9192,115,2022-10-16T19:22:05.639Z,2026-09-20T23:21:42.253Z
DEMO-DEV-9206,115,2022-10-06T06:44:08.676Z,2026-09-12T06:46:37.428Z
DEMO-DEV-9252,115,2022-10-05T11:40:57.460Z,2026-08-29T16:04:30.232Z
DEMO-DEV-9265,115,2022-10-10T13:15:44.230Z,2026-09-21T20:25:25.204Z
DEMO-DEV-9276,115,2022-10-01T17:00:25.394Z,2026-09-20T08:25:11.090Z
DEMO-DEV-9298,115,2022-10-24T10:04:35.236Z,2026-09-30T07:30:57.203Z
DEMO-DEV-9340,115,2022-10-06T08:50:50.842Z,2026-09-25T18:52:44.252Z
DEMO-DEV-9374,115,2022-10-25T20:37:25.851Z,2026-09-18T04:08:29.524Z
DEMO-DEV-9397,115,2022-10-04T04:29:13.264Z,2026-09-30T07:44:35.462Z
DEMO-DEV-9428,115,2022-11-07T07:57:17.307Z,2026-09-29T06:41:09.252Z
DEMO-DEV-9436,115,2022-10-01T13:36:32.842Z,2026-09-25T22:04:45.252Z
DEMO-DEV-9444,115,2022-10-15T01:07:24.519Z,2026-09-10T11:59:37.021Z
DEMO-DEV-9478,115,2022-10-27T01:15:03.824Z,2026-09-24T00:59:38.612Z
DEMO-DEV-9516,115,2022-10-18T13:24:45.500Z,2026-09-12T00:17:53.307Z
DEMO-DEV-9543,115,2022-10-07T17:17:20.203Z,2026-09-20T09:40:29.599Z
DEMO-DEV-9548,115,2022-10-07T14:20:49.165Z,2026-09-18T04:11:58.884Z
DEMO-DEV-9558,115,2022-10-22T05:31:06.218Z,2026-09-29T11:17:31.352Z
DEMO-DEV-9590,115,2022-10-31T11:17:05.648Z,2026-09-26T18:26:44.442Z
DEMO-DEV-9594,115,2022-11-12T07:44:48.513Z,2026-09-10T04:34:01.222Z
DEMO-DEV-9626,115,2022-10-19T19:48:16.075Z,2026-09-24T04:38:17.653Z
DEMO-DEV-9634,115,2022-10-22T08:48:36.226Z,2026-09-21T06:28:17.738Z
DEMO-DEV-9650,115,2022-10-15T03:23:58.965Z,2026-09-12T10:43:39.497Z
DEMO-DEV-9662,115,2022-10-02T02:05:34.387Z,2026-09-19T18:50:40.234Z
DEMO-DEV-9670,115,2022-10-17T12:32:26.870Z,2026-09-28T12:31:38.232Z
DEMO-DEV-9685,115,2022-10-02T12:46:44.719Z,2026-09-15T13:35:07.040Z
DEMO-DEV-9688,115,2022-10-05T17:41:59.859Z,2026-09-18T09:58:15.428Z
DEMO-DEV-9737,115,2022-10-20T12:28:07.968Z,2026-09-24T07:33:32.851Z
DEMO-DEV-9788,115,2022-10-02T10:51:04.037Z,2026-09-22T00:17:36.948Z
DEMO-DEV-9812,115,2022-10-05T20:41:32.556Z,2026-09-17T01:59:45.387Z
DEMO-DEV-9814,115,2022-10-03T10:54:50.605Z,2026-09-16T09:32:39.738Z
DEMO-DEV-9861,115,2022-10-03T22:59:41.057Z,2026-09-15T05:17:49.682Z
DEMO-DEV-9871,115,2022-10-02T15:27:51.682Z,2026-09-16T15:41:28.752Z
DEMO-DEV-9923,115,2022-10-10T19:43:23.189Z,2026-09-24T10:15:32.523Z
DEMO-DEV-0006,114,2022-10-06T20:44:22.803Z,2026-08-24T13:21:31.073Z
DEMO-DEV-0014,114,2022-10-14T02:52:13.403Z,2026-09-21T19:13:36.527Z
DEMO-DEV-0097,114,2022-10-30T12:44:24.864Z,2026-08-29T21:24:13.811Z
DEMO-DEV-0121,114,2022-10-01T13:01:06.493Z,2026-09-21T12:37:53.966Z
DEMO-DEV-0127,114,2022-10-02T23:17:05.234Z,2026-09-18T12:04:25.357Z
DEMO-DEV-0144,114,2022-10-28T01:11:34.203Z,2026-09-21T15:16:43.646Z
DEMO-DEV-0153,114,2022-10-10T06:18:36.015Z,2026-09-20T12:54:10.319Z
DEMO-DEV-0198,114,2022-10-01T22:26:47.236Z,2026-09-27T14:04:35.799Z
DEMO-DEV-0240,114,2022-10-04T21:26:56.784Z,2026-09-09T15:02:36.014Z
DEMO-DEV-0250,114,2022-10-09T18:28:02.239Z,2026-09-14T05:13:32.172Z
DEMO-DEV-0277,114,2022-10-05T10:11:27.839Z,2026-09-18T02:02:52.225Z
DEMO-DEV-0280,114,2022-10-13T09:06:50.500Z,2026-09-19T21:18:06.799Z
DEMO-DEV-0289,114,2022-10-05T12:46:44.864Z,2026-08-26T00:59:07.658Z
DEMO-DEV-0295,114,2022-10-28T08:51:39.825Z,2026-09-23T07:07:41.493Z
DEMO-DEV-0297,114,2022-10-09T04:39:06.605Z,2026-09-02T20:57:08.870Z
DEMO-DEV-0344,114,2022-10-23T20:43:03.914Z,2026-08-30T03:11:04.077Z
DEMO-DEV-0386,114,2022-10-08T23:41:39.661Z,2026-09-28T13:30:19.727Z
DEMO-DEV-0409,114,2022-11-03T07:28:57.254Z,2026-09-29T06:54:50.352Z
DEMO-DEV-0425,114,2022-10-13T23:50:27.513Z,2026-09-27T03:54:29.073Z
DEMO-DEV-0426,114,2022-10-14T05:09:07.300Z,2026-08-27T02:28:21.508Z
DEMO-DEV-0465,114,2022-10-03T15:50:46.614Z,2026-09-03T07:19:05.150Z
DEMO-DEV-0477,114,2022-10-03T06:44:23.246Z,2026-09-21T09:31:48.676Z
DEMO-DEV-0485,114,2022-10-04T17:45:10.949Z,2026-09-26T06:24:28.319Z
DEMO-DEV-0498,114,2022-10-16T11:22:17.870Z,2026-09-27T07:24:43.784Z
DEMO-DEV-0501,114,2022-10-04T14:48:55.415Z,2026-09-10T02:11:22.754Z
DEMO-DEV-0543,114,2022-10-15T18:32:18.607Z,2026-09-20T04:03:17.877Z
DEMO-DEV-0572,114,2022-10-07T21:17:16.816Z,2026-09-29T10:13:16.319Z
DEMO-DEV-0626,114,2022-10-29T06:54:51.470Z,2026-09-03T01:13:47.545Z
DEMO-DEV-0636,114,2022-11-12T21:57:45.508Z,2026-09-16T06:58:06.236Z
DEMO-DEV-0671,114,2022-10-22T10:12:28.208Z,2026-09-09T11:34:15.219Z
DEMO-DEV-0688,114,2022-10-12T09:02:47.618Z,2026-09-20T11:52:51.272Z
DEMO-DEV-0716,114,2022-10-17T14:35:06.513Z,2026-09-13T08:03:01.357Z
DEMO-DEV-0717,114,2022-10-21T01:49:04.519Z,2026-09-10T12:58:02.023Z
DEMO-DEV-0830,114,2022-10-13T11:54:37.523Z,2026-09-20T15:48:35.319Z
DEMO-DEV-0833,114,2022-10-14T03:54:37.636Z,2026-09-20T01:55:02.555Z
DEMO-DEV-0874,114,2022-10-29T10:31:55.527Z,2026-09-14T03:42:25.428Z
DEMO-DEV-0879,114,2022-11-02T09:47:46.976Z,2026-09-23T04:24:09.929Z
DEMO-DEV-0909,114,2022-10-12T01:30:41.073Z,2026-09-06T10:27:32.639Z
DEMO-DEV-0932,114,2022-10-14T14:39:37.224Z,2026-09-23T02:55:17.556Z
DEMO-DEV-1001,114,2022-10-16T16:58:19.655Z,2026-09-07T09:15:39.139Z
DEMO-DEV-1006,114,2022-11-04T01:54:46.692Z,2026-09-26T11:27:58.668Z
DEMO-DEV-1064,114,2022-10-02T15:49:29.500Z,2026-09-30T02:14:52.205Z
DEMO-DEV-1065,114,2022-10-01T23:39:32.915Z,2026-09-10T02:05:03.319Z
DEMO-DEV-1089,114,2022-10-11T05:45:47.511Z,2026-09-18T20:18:21.846Z
DEMO-DEV-1129,114,2022-10-09T17:34:34.646Z,2026-09-20T11:53:05.688Z
DEMO-DEV-1130,114,2022-10-03T17:29:31.460Z,2026-09-24T05:29:20.636Z
DEMO-DEV-1143,114,2022-10-02T22:50:42.246Z,2026-09-19T05:27:42.948Z
DEMO-DEV-1160,114,2022-10-10T09:47:09.352Z,2026-09-12T21:35:09.203Z
DEMO-DEV-1197,114,2022-10-11T17:02:28.792Z,2026-09-04T18:07:37.003Z
DEMO-DEV-1211,114,2022-10-01T22:02:43.352Z,2026-09-10T04:39:02.841Z
DEMO-DEV-1217,114,2022-10-12T17:20:28.511Z,2026-09-19T11:57:34.646Z
DEMO-DEV-1268,114,2022-10-18T05:32:02.877Z,2026-09-18T08:03:38.470Z
DEMO-DEV-1283,114,2022-11-04T07:44:48.975Z,2026-09-22T14:24:37.211Z
DEMO-DEV-1393,114,2022-10-13T16:59:11.839Z,2026-09-24T19:15:34.682Z
DEMO-DEV-1421,114,2022-10-23T03:11:06.607Z,2026-09-20T02:13:45.714Z
DEMO-DEV-1429,114,2022-10-02T21:58:28.466Z,2026-09-19T20:37:37.272Z
DEMO-DEV-1450,114,2022-10-05T10:04:49.368Z,2026-09-20T23:46:07.503Z
DEMO-DEV-1485,114,2022-10-26T14:53:09.302Z,2026-09-24T00:37:04.612Z
DEMO-DEV-1554,114,2022-10-01T21:29:22.205Z,2026-08-30T02:46:34.219Z
DEMO-DEV-1597,114,2022-10-08T12:54:33.557Z,2026-09-29T21:32:04.252Z
DEMO-DEV-1621,114,2022-10-01T15:53:55.307Z,2026-09-15T17:47:28.719Z
DEMO-DEV-1645,114,2022-11-04T14:24:08.817Z,2026-09-29T08:51:05.537Z
DEMO-DEV-1647,114,2022-10-04T19:22:06.692Z,2026-09-25T13:15:28.545Z
DEMO-DEV-1650,114,2022-10-03T13:18:03.752Z,2026-09-24T20:29:41.877Z
DEMO-DEV-1653,114,2022-10-04T01:21:06.402Z,2026-09-25T05:33:41.993Z
DEMO-DEV-1703,114,2022-12-10T03:00:07.337Z,2026-09-11T06:56:02.786Z
DEMO-DEV-1725,114,2022-10-03T04:39:12.038Z,2026-09-22T04:25:50.523Z
DEMO-DEV-1732,114,2022-10-07T17:03:43.004Z,2026-08-25T14:46:23.168Z
DEMO-DEV-1748,114,2022-10-14T07:33:47.218Z,2026-09-22T17:10:50.599Z
DEMO-DEV-1772,114,2022-10-03T13:33:17.754Z,2026-09-30T02:40:40.816Z
DEMO-DEV-1840,114,2022-10-08T07:35:25.222Z,2026-09-25T23:13:06.868Z
DEMO-DEV-1848,114,2022-10-02T15:52:17.287Z,2026-09-18T00:41:06.232Z
DEMO-DEV-1855,114,2022-10-01T23:13:46.470Z,2026-09-30T05:58:31.168Z
DEMO-DEV-1879,114,2022-10-10T12:48:25.225Z,2026-09-07T15:48:36.442Z
DEMO-DEV-1887,114,2022-10-09T04:21:17.183Z,2026-09-22T22:54:56.557Z
DEMO-DEV-1961,114,2022-10-19T18:53:54.989Z,2026-09-23T11:55:42.352Z
DEMO-DEV-1962,114,2022-10-06T15:45:11.250Z,2026-09-04T03:53:53.289Z
DEMO-DEV-1973,114,2022-11-06T00:50:06.397Z,2026-09-16T07:07:04.485Z
DEMO-DEV-1991,114,2022-10-18T09:17:18.337Z,2026-09-30T03:01:44.307Z
DEMO-DEV-2025,114,2022-10-05T01:21:44.917Z,2026-09-30T06:13:52.288Z
DEMO-DEV-2038,114,2022-10-03T04:30:12.992Z,2026-09-23T12:50:03.138Z
DEMO-DEV-2071,114,2022-10-02T16:40:55.865Z,2026-09-28T08:02:11.917Z
DEMO-DEV-2084,114,2022-12-04T10:35:12.221Z,2026-09-26T12:55:18.824Z
DEMO-DEV-2099,114,2022-10-20T19:50:52.535Z,2026-09-18T04:14:30.873Z
DEMO-DEV-2109,114,2022-10-15T23:04:39.161Z,2026-08-15T18:02:53.568Z
DEMO-DEV-2130,114,2022-10-08T17:02:53.288Z,2026-09-16T18:24:23.778Z
DEMO-DEV-2134,114,2022-10-29T09:38:15.219Z,2026-09-29T12:26:08.004Z
DEMO-DEV-2143,114,2022-10-07T10:30:51.037Z,2026-09-13T06:51:00.752Z
DEMO-DEV-2144,114,2022-10-05T09:17:57.537Z,2026-09-23T08:38:21.120Z
DEMO-DEV-2157,114,2022-10-02T04:42:09.782Z,2026-08-29T14:27:19.884Z
DEMO-DEV-2159,114,2022-10-22T00:57:19.307Z,2026-09-20T02:13:22.851Z
DEMO-DEV-2185,114,2022-10-10T01:41:10.026Z,2026-09-25T23:40:37.226Z
DEMO-DEV-2210,114,2022-10-08T22:20:54.556Z,2026-09-29T02:19:38.524Z
DEMO-DEV-2242,114,2022-10-01T23:36:27.648Z,2026-09-23T15:23:21.556Z
DEMO-DEV-2315,114,2022-10-01T20:36:41.203Z,2026-09-26T13:19:27.226Z
DEMO-DEV-2334,114,2022-11-10T09:58:57.205Z,2026-09-19T06:19:45.843Z
DEMO-DEV-2338,114,2022-10-17T21:45:39.298Z,2026-08-19T16:43:02.816Z
DEMO-DEV-2395,114,2022-12-13T17:26:12.120Z,2026-09-18T12:47:56.068Z
DEMO-DEV-2397,114,2022-10-27T01:52:46.365Z,2026-09-13T19:28:22.607Z
DEMO-DEV-2398,114,2022-10-03T05:09:51.234Z,2026-09-19T07:23:24.508Z
DEMO-DEV-2399,114,2022-10-09T16:34:23.221Z,2026-09-06T11:58:26.134Z
DEMO-DEV-2407,114,2022-10-23T11:30:31.968Z,2026-08-31T23:50:05.014Z
DEMO-DEV-2424,114,2022-10-01T09:29:58.090Z,2026-09-23T21:16:09.428Z
DEMO-DEV-2473,114,2022-10-16T12:44:35.877Z,2026-09-26T16:02:58.668Z
DEMO-DEV-2476,114,2022-10-05T10:33:31.287Z,2026-09-10T13:38:36.394Z
DEMO-DEV-2521,114,2022-10-02T22:32:21.511Z,2026-08-28T22:16:38.409Z
DEMO-DEV-2535,114,2022-10-21T14:07:53.460Z,2026-09-17T16:12:42.403Z
DEMO-DEV-2565,114,2022-10-19T09:57:47.682Z,2026-09-21T20:09:26.612Z
DEMO-DEV-2579,114,2022-10-21T05:50:42.752Z,2026-09-27T15:24:25.738Z
DEMO-DEV-2580,114,2022-10-01T18:01:17.462Z,2026-09-13T09:17:01.134Z
DEMO-DEV-2608,114,2022-11-08T19:25:01.646Z,2026-09-26T16:56:11.015Z
DEMO-DEV-2609,114,2022-10-19T10:53:16.368Z,2026-09-27T12:09:20.238Z
DEMO-DEV-2610,114,2022-10-18T16:32:01.442Z,2026-09-28T02:31:37.470Z
DEMO-DEV-2631,114,2022-10-19T01:29:59.308Z,2026-09-30T00:28:19.024Z
DEMO-DEV-2658,114,2022-10-09T06:44:09.618Z,2026-09-26T08:23:48.298Z
DEMO-DEV-2764,114,2022-10-05T02:43:39.234Z,2026-09-22T13:04:14.892Z
DEMO-DEV-2787,114,2022-10-10T06:12:38.390Z,2026-09-24T05:27:58.702Z
DEMO-DEV-2826,114,2022-10-03T14:19:27.370Z,2026-09-23T21:25:29.337Z
DEMO-DEV-2833,114,2022-10-27T20:32:09.989Z,2026-09-30T06:05:24.397Z
DEMO-DEV-2834,114,2022-10-03T04:59:41.668Z,2026-09-20T15:43:11.806Z
DEMO-DEV-2891,114,2022-10-01T11:13:00.038Z,2026-09-20T21:00:36.226Z
DEMO-DEV-2933,114,2022-10-06T15:46:37.037Z,2026-09-29T23:58:33.891Z
DEMO-DEV-2942,114,2022-10-22T20:35:37.975Z,2026-09-21T17:19:56.218Z
DEMO-DEV-2952,114,2022-10-06T09:02:30.264Z,2026-09-01T06:32:10.234Z
DEMO-DEV-2975,114,2022-10-16T11:51:02.298Z,2026-09-19T06:23:02.825Z
DEMO-DEV-2985,114,2022-10-09T11:04:05.607Z,2026-08-31T13:40:03.470Z
DEMO-DEV-2992,114,2022-10-05T14:41:39.639Z,2026-09-17T15:46:26.120Z
DEMO-DEV-3030,114,2022-10-17T02:14:07.428Z,2026-09-26T17:12:59.653Z
DEMO-DEV-3048,114,2022-10-02T16:33:51.291Z,2026-09-20T08:38:32.298Z
DEMO-DEV-3068,114,2022-10-20T18:22:10.784Z,2026-09-27T19:42:10.402Z
DEMO-DEV-3069,114,2022-12-20T03:52:23.446Z,2026-08-21T11:39:49.527Z
DEMO-DEV-3071,114,2022-10-06T20:16:01.799Z,2026-09-22T01:55:09.015Z
DEMO-DEV-3115,114,2022-10-05T18:29:18.315Z,2026-09-21T13:44:59.803Z
DEMO-DEV-3128,114,2022-10-19T08:03:17.387Z,2026-09-17T04:37:26.524Z
DEMO-DEV-3137,114,2022-10-23T20:31:56.892Z,2026-09-18T18:56:39.325Z
DEMO-DEV-3161,114,2022-10-15T10:14:44.795Z,2026-09-09T18:16:58.865Z
DEMO-DEV-3162,114,2022-11-01T13:43:30.836Z,2026-09-19T06:38:05.003Z
DEMO-DEV-3165,114,2022-10-04T17:35:38.914Z,2026-09-24T13:21:28.037Z
DEMO-DEV-3195,114,2022-10-07T09:03:22.966Z,2026-09-27T22:42:54.524Z
DEMO-DEV-3204,114,2022-10-17T10:11:33.702Z,2026-09-17T01:07:32.646Z
DEMO-DEV-3228,114,2022-10-08T19:35:20.192Z,2026-08-22T03:48:52.365Z
DEMO-DEV-3234,114,2022-10-04T01:12:20.666Z,2026-09-24T13:33:44.966Z
DEMO-DEV-3275,114,2022-10-03T15:10:25.315Z,2026-09-28T03:41:30.415Z
DEMO-DEV-3289,114,2022-10-06T07:03:17.646Z,2026-09-27T09:44:44.470Z
DEMO-DEV-3291,114,2022-10-02T14:41:10.555Z,2026-09-27T08:48:10.394Z
DEMO-DEV-3292,114,2022-10-08T14:52:59.793Z,2026-09-04T19:56:15.307Z
DEMO-DEV-3299,114,2022-10-01T08:23:27.428Z,2026-09-06T13:06:14.232Z
DEMO-DEV-3303,114,2022-10-05T07:23:45.785Z,2026-09-27T18:41:37.843Z
DEMO-DEV-3309,114,2022-10-11T10:27:03.524Z,2026-08-12T21:24:47.167Z
DEMO-DEV-3353,114,2022-10-15T08:16:49.345Z,2026-09-15T08:40:20.172Z
DEMO-DEV-3374,114,2022-10-06T18:50:17.037Z,2026-08-25T03:10:38.218Z
DEMO-DEV-3390,114,2022-10-05T00:36:26.846Z,2026-09-05T21:11:20.190Z
DEMO-DEV-3441,114,2022-10-09T13:11:49.523Z,2026-09-23T21:11:19.929Z
DEMO-DEV-3461,114,2022-10-08T01:13:25.442Z,2026-09-17T08:05:33.891Z
DEMO-DEV-3500,114,2022-10-06T13:10:11.692Z,2026-09-15T09:26:53.793Z
DEMO-DEV-3503,114,2022-10-06T13:07:16.599Z,2026-09-18T10:18:55.004Z
DEMO-DEV-3506,114,2022-10-23T06:35:15.337Z,2026-09-28T10:20:46.063Z
DEMO-DEV-3520,114,2022-10-04T08:04:51.658Z,2026-09-13T00:04:51.230Z
DEMO-DEV-3530,114,2022-10-17T10:29:15.123Z,2026-09-22T05:27:54.985Z
DEMO-DEV-3561,114,2022-10-10T02:17:30.300Z,2026-09-26T16:09:53.307Z
DEMO-DEV-3568,114,2022-10-14T19:52:22.877Z,2026-09-27T15:30:05.288Z
DEMO-DEV-3596,114,2022-10-03T20:02:35.599Z,2026-09-21T20:03:07.391Z
DEMO-DEV-3611,114,2022-10-15T07:22:54.735Z,2026-09-19T03:40:19.123Z
DEMO-DEV-3649,114,2022-10-18T04:51:38.655Z,2026-09-29T19:47:45.073Z
DEMO-DEV-3662,114,2022-10-17T08:15:48.003Z,2026-09-23T01:27:02.040Z
DEMO-DEV-3700,114,2022-10-10T20:38:32.203Z,2026-09-25T14:56:31.455Z
DEMO-DEV-3706,114,2022-10-10T00:27:40.658Z,2026-09-09T13:56:09.397Z
DEMO-DEV-3727,114,2022-10-07T01:03:59.204Z,2026-09-20T06:13:59.524Z
DEMO-DEV-3776,114,2022-10-15T04:11:06.527Z,2026-09-21T22:21:36.230Z
DEMO-DEV-3803,114,2022-10-14T16:04:19.027Z,2026-09-29T17:13:59.291Z
DEMO-DEV-3831,114,2022-12-10T23:45:33.403Z,2026-09-06T14:52:39.851Z
DEMO-DEV-3891,114,2022-10-04T20:55:32.578Z,2026-08-08T13:34:15.949Z
DEMO-DEV-3911,114,2022-10-03T09:12:10.026Z,2026-09-27T23:39:43.173Z
DEMO-DEV-3919,114,2022-10-13T23:07:18.037Z,2026-09-13T22:31:56.307Z
DEMO-DEV-3963,114,2022-10-04T22:07:55.806Z,2026-09-22T12:11:41.824Z
DEMO-DEV-3990,114,2022-10-03T02:10:07.368Z,2026-09-20T13:10:26.460Z
DEMO-DEV-4002,114,2022-10-15T02:57:10.597Z,2026-09-26T09:03:37.661Z
DEMO-DEV-4022,114,2022-10-07T12:36:45.315Z,2026-09-15T15:11:20.409Z
DEMO-DEV-4062,114,2022-10-08T18:44:37.702Z,2026-09-16T13:14:13.948Z
DEMO-DEV-4079,114,2022-10-03T02:19:44.239Z,2026-09-30T02:11:57.782Z
DEMO-DEV-4094,114,2022-10-10T04:12:45.702Z,2026-09-14T04:43:19.578Z
DEMO-DEV-4114,114,2022-10-02T01:05:45.192Z,2026-09-05T21:57:04.208Z
DEMO-DEV-4135,114,2022-10-02T23:37:06.291Z,2026-09-16T13:00:37.817Z
DEMO-DEV-4163,114,2022-10-22T13:33:22.545Z,2026-09-15T05:01:41.027Z
DEMO-DEV-4188,114,2022-10-28T00:08:28.865Z,2026-09-29T14:29:34.668Z
DEMO-DEV-4195,114,2022-10-09T18:44:58.236Z,2026-09-12T21:15:22.493Z
DEMO-DEV-4225,114,2022-10-06T11:38:19.075Z,2026-09-21T04:16:04.218Z
DEMO-DEV-4284,114,2022-10-02T06:03:53.289Z,2026-09-14T12:18:25.792Z
DEMO-DEV-4312,114,2022-10-13T03:43:44.168Z,2026-09-21T01:59:46.985Z
DEMO-DEV-4342,114,2022-10-02T13:55:27.391Z,2026-09-16T19:59:22.014Z
DEMO-DEV-4368,114,2022-10-19T09:11:46.387Z,2026-09-19T08:07:26.218Z
DEMO-DEV-4394,114,2022-10-25T01:02:12.557Z,2026-09-20T08:21:55.599Z
DEMO-DEV-4395,114,2022-10-05T17:49:29.505Z,2026-08-19T09:25:47.218Z
DEMO-DEV-4398,114,2022-10-14T04:51:52.646Z,2026-09-24T17:46:50.038Z
DEMO-DEV-4402,114,2022-10-02T13:21:48.865Z,2026-09-21T09:38:27.264Z
DEMO-DEV-4460,114,2022-10-03T08:51:13.075Z,2026-09-22T14:11:27.778Z
DEMO-DEV-4482,114,2022-10-04T23:34:16.397Z,2026-09-16T17:30:52.738Z
DEMO-DEV-4533,114,2022-10-01T13:59:10.222Z,2026-09-19T07:29:15.409Z
DEMO-DEV-4540,114,2022-10-11T15:11:56.503Z,2026-09-28T15:36:59.493Z
DEMO-DEV-4559,114,2022-10-16T01:45:38.307Z,2026-08-27T16:43:02.232Z
DEMO-DEV-4605,114,2022-10-26T03:49:12.472Z,2026-09-24T10:59:18.167Z
DEMO-DEV-4615,114,2022-10-11T17:58:14.917Z,2026-09-07T00:49:48.505Z
DEMO-DEV-4658,114,2022-10-18T22:13:54.811Z,2026-09-23T07:01:25.023Z
DEMO-DEV-4662,114,2022-10-17T00:07:20.139Z,2026-09-30T01:21:50.354Z
DEMO-DEV-4732,114,2022-10-05T18:12:13.268Z,2026-09-23T04:53:15.817Z
DEMO-DEV-4771,114,2022-10-19T17:05:41.221Z,2026-09-29T20:11:37.591Z
DEMO-DEV-4860,114,2022-10-01T12:45:18.949Z,2026-09-27T21:31:26.806Z
DEMO-DEV-4870,114,2022-10-01T08:34:04.315Z,2026-09-28T23:04:03.063Z
DEMO-DEV-4893,114,2022-10-04T07:54:31.446Z,2026-09-30T02:52:32.224Z
DEMO-DEV-4903,114,2022-10-05T10:15:57.204Z,2026-08-27T12:19:53.222Z
DEMO-DEV-4932,114,2022-10-13T11:14:09.218Z,2026-09-28T23:08:55.172Z
DEMO-DEV-4933,114,2022-10-10T08:13:40.161Z,2026-09-08T13:02:12.298Z
DEMO-DEV-4937,114,2022-10-08T13:19:13.138Z,2026-09-09T20:46:53.864Z
DEMO-DEV-4952,114,2022-10-08T00:48:51.661Z,2026-09-28T15:35:49.948Z
DEMO-DEV-5031,114,2022-10-03T14:30:16.027Z,2026-08-25T17:12:57.221Z
DEMO-DEV-5037,114,2022-10-06T04:00:33.021Z,2026-09-09T14:50:20.527Z
DEMO-DEV-5054,114,2022-10-04T20:31:55.219Z,2026-09-15T17:04:19.614Z
DEMO-DEV-5055,114,2022-10-05T01:37:48.390Z,2026-09-30T07:06:17.189Z
DEMO-DEV-5100,114,2022-10-04T17:55:39.387Z,2026-08-31T07:45:31.470Z
DEMO-DEV-5127,114,2022-10-18T09:23:07.557Z,2026-09-29T22:54:50.370Z
DEMO-DEV-5162,114,2022-10-16T06:05:37.165Z,2026-09-29T10:39:32.989Z
DEMO-DEV-5205,114,2022-10-11T05:30:55.337Z,2026-09-19T19:56:05.842Z
DEMO-DEV-5214,114,2022-11-25T15:28:56.037Z,2026-09-23T17:49:59.246Z
DEMO-DEV-5225,114,2022-10-05T03:10:18.738Z,2026-09-18T18:44:34.692Z
DEMO-DEV-5231,114,2022-10-02T23:25:51.470Z,2026-09-19T03:44:44.090Z
DEMO-DEV-5255,114,2022-10-07T06:29:30.785Z,2026-09-27T08:59:53.816Z
DEMO-DEV-5276,114,2022-10-09T17:13:58.614Z,2026-09-24T06:30:30.291Z
DEMO-DEV-5314,114,2022-10-09T18:13:39.500Z,2026-08-22T12:30:05.524Z
DEMO-DEV-5325,114,2022-10-15T23:28:33.513Z,2026-09-16T02:52:14.965Z
DEMO-DEV-5330,114,2022-10-26T15:38:26.738Z,2026-09-03T06:48:21.252Z
DEMO-DEV-5336,114,2022-10-11T13:02:47.472Z,2026-09-15T07:23:44.867Z
DEMO-DEV-5357,114,2022-10-04T08:32:03.702Z,2026-09-17T06:40:54.040Z
DEMO-DEV-5371,114,2022-10-05T21:25:47.993Z,2026-09-02T15:04:23.390Z
DEMO-DEV-5374,114,2022-10-14T18:17:03.026Z,2026-08-27T10:07:31.038Z
DEMO-DEV-5388,114,2022-10-14T23:12:42.308Z,2026-08-31T14:24:43.319Z
DEMO-DEV-5491,114,2022-10-03T01:35:25.208Z,2026-09-06T11:04:11.183Z
DEMO-DEV-5492,114,2022-10-16T18:10:32.975Z,2026-09-29T22:13:53.190Z
DEMO-DEV-5514,114,2022-10-14T11:23:05.298Z,2026-09-27T15:45:48.138Z
DEMO-DEV-5549,114,2022-10-10T11:15:04.390Z,2026-09-28T02:12:55.497Z
DEMO-DEV-5567,114,2022-10-24T18:26:32.428Z,2026-09-25T00:38:11.190Z
DEMO-DEV-5576,114,2022-10-23T19:18:08.513Z,2026-09-13T17:42:16.161Z
DEMO-DEV-5584,114,2022-10-01T09:51:13.023Z,2026-09-11T11:00:39.841Z
DEMO-DEV-5678,114,2022-10-03T15:18:56.599Z,2026-09-29T07:05:57.120Z
DEMO-DEV-5701,114,2022-10-14T02:59:54.172Z,2026-09-16T22:30:26.926Z
DEMO-DEV-5716,114,2022-10-16T00:44:28.987Z,2026-09-11T01:23:13.597Z
DEMO-DEV-5742,114,2022-11-19T17:42:58.811Z,2026-09-26T18:24:59.232Z
DEMO-DEV-5777,114,2022-10-21T16:05:07.289Z,2026-09-16T08:39:13.446Z
DEMO-DEV-5885,114,2022-10-09T10:11:45.989Z,2026-09-03T03:26:35.080Z
DEMO-DEV-5905,114,2022-10-29T00:55:46.949Z,2026-09-07T20:12:07.307Z
DEMO-DEV-5955,114,2022-11-16T06:34:44.208Z,2026-07-13T04:29:14.969Z
DEMO-DEV-5997,114,2022-10-04T12:09:24.307Z,2026-09-29T11:18:31.555Z
DEMO-DEV-6006,114,2022-10-05T04:36:12.307Z,2026-08-20T22:45:05.873Z
DEMO-DEV-6022,114,2022-10-08T08:36:22.584Z,2026-09-17T12:48:05.591Z
DEMO-DEV-6059,114,2022-10-03T13:27:43.535Z,2026-09-22T03:16:41.134Z
DEMO-DEV-6065,114,2022-10-03T13:59:53.189Z,2026-09-25T06:36:09.063Z
DEMO-DEV-6084,114,2022-10-08T11:54:13.851Z,2026-09-17T17:32:23.168Z
DEMO-DEV-6095,114,2022-10-04T01:31:49.337Z,2026-09-28T02:11:52.403Z
DEMO-DEV-6105,114,2022-10-04T22:10:46.859Z,2026-09-26T21:47:26.291Z
DEMO-DEV-6135,114,2022-10-06T08:15:54.863Z,2026-08-29T08:56:12.298Z
DEMO-DEV-6138,114,2022-10-03T15:30:34.203Z,2026-08-22T23:17:10.803Z
DEMO-DEV-6147,114,2022-10-09T19:20:13.636Z,2026-08-28T19:55:16.428Z
DEMO-DEV-6200,114,2022-10-07T08:03:18.545Z,2026-09-24T20:41:10.974Z
DEMO-DEV-6234,114,2022-10-11T09:07:22.443Z,2026-09-15T18:49:39.190Z
DEMO-DEV-6316,114,2022-10-13T21:50:35.668Z,2026-09-29T07:23:03.503Z
DEMO-DEV-6348,114,2022-10-06T21:59:46.591Z,2026-09-01T18:03:04.702Z
DEMO-DEV-6393,114,2022-10-01T22:24:52.868Z,2026-08-14T16:53:54.811Z
DEMO-DEV-6394,114,2022-10-07T16:28:05.778Z,2026-09-07T01:56:35.239Z
DEMO-DEV-6418,114,2022-10-09T14:07:52.167Z,2026-09-17T10:50:03.816Z
DEMO-DEV-6423,114,2022-10-04T22:48:21.205Z,2026-09-25T15:53:00.366Z
DEMO-DEV-6430,114,2022-11-01T23:02:49.668Z,2026-09-16T16:40:14.004Z
DEMO-DEV-6439,114,2022-10-16T05:27:20.252Z,2026-09-17T21:11:08.803Z
DEMO-DEV-6440,114,2022-10-07T13:19:03.045Z,2026-08-29T11:14:57.879Z
DEMO-DEV-6472,114,2022-10-10T12:07:55.891Z,2026-09-05T20:47:54.370Z
DEMO-DEV-6526,114,2022-10-08T16:35:37.472Z,2026-09-26T02:53:47.234Z
DEMO-DEV-6534,114,2022-10-03T01:34:48.591Z,2026-08-21T07:18:34.239Z
DEMO-DEV-6578,114,2022-10-16T14:03:52.965Z,2026-09-19T04:19:54.037Z
DEMO-DEV-6637,114,2022-10-04T04:57:01.226Z,2026-09-11T00:46:38.666Z
DEMO-DEV-6676,114,2022-10-12T06:11:25.614Z,2026-09-19T02:51:19.535Z
DEMO-DEV-6719,114,2022-10-16T20:53:56.535Z,2026-09-28T10:19:05.870Z
DEMO-DEV-6769,114,2022-10-17T11:50:13.219Z,2026-09-16T21:46:46.239Z
DEMO-DEV-6815,114,2022-10-07T20:35:34.307Z,2026-09-25T08:05:37.357Z
DEMO-DEV-6834,114,2022-10-09T03:27:13.817Z,2026-08-27T23:22:30.511Z
DEMO-DEV-6848,114,2022-10-01T22:11:50.877Z,2026-09-28T01:45:21.965Z
DEMO-DEV-6882,114,2022-10-05T18:39:53.403Z,2026-08-18T15:21:29.817Z
DEMO-DEV-6894,114,2022-10-02T06:45:59.816Z,2026-09-21T05:07:01.508Z
DEMO-DEV-6902,114,2022-10-18T17:27:24.948Z,2026-09-28T05:34:04.891Z
DEMO-DEV-6919,114,2022-10-06T15:32:31.817Z,2026-09-26T07:15:27.735Z
DEMO-DEV-6958,114,2022-10-01T10:57:04.204Z,2026-09-28T13:38:03.841Z
DEMO-DEV-6966,114,2022-10-01T20:41:18.003Z,2026-09-14T16:21:14.511Z
DEMO-DEV-6981,114,2022-10-23T05:44:28.134Z,2026-09-29T10:05:07.816Z
DEMO-DEV-6984,114,2022-11-01T21:04:01.004Z,2026-09-18T20:34:11.523Z
DEMO-DEV-7003,114,2022-10-21T19:47:58.090Z,2026-09-18T19:20:23.969Z
DEMO-DEV-7047,114,2022-10-13T11:15:45.387Z,2026-09-24T21:18:15.676Z
DEMO-DEV-7056,114,2022-10-06T22:45:59.268Z,2026-09-22T07:40:54.782Z
DEMO-DEV-7059,114,2022-10-05T21:50:39.989Z,2026-08-30T06:37:25.472Z
DEMO-DEV-7064,114,2022-10-27T18:45:15.975Z,2026-09-30T01:10:22.859Z
DEMO-DEV-7068,114,2022-11-28T12:52:34.462Z,2026-09-14T18:13:33.189Z
DEMO-DEV-7092,114,2022-10-14T19:06:51.218Z,2026-09-16T11:24:40.442Z
DEMO-DEV-7111,114,2022-10-09T13:40:17.368Z,2026-09-15T20:26:25.337Z
DEMO-DEV-7112,114,2022-10-31T22:34:00.189Z,2026-09-10T05:23:25.863Z
DEMO-DEV-7125,114,2022-10-10T15:54:01.607Z,2026-09-29T19:41:23.989Z
DEMO-DEV-7136,114,2022-11-02T21:44:59.653Z,2026-09-18T03:06:58.004Z
DEMO-DEV-7138,114,2022-10-10T11:45:00.646Z,2026-09-17T00:39:31.557Z
DEMO-DEV-7162,114,2022-11-01T01:25:16.466Z,2026-08-27T22:04:03.021Z
DEMO-DEV-7172,114,2022-10-12T02:16:11.300Z,2026-09-29T08:28:43.221Z
DEMO-DEV-7175,114,2022-10-04T16:39:27.428Z,2026-09-26T15:02:01.252Z
DEMO-DEV-7177,114,2022-10-03T10:06:09.785Z,2026-08-29T20:00:47.817Z
DEMO-DEV-7184,114,2022-10-30T08:30:40.784Z,2026-09-29T12:23:00.556Z
DEMO-DEV-7201,114,2022-10-07T06:47:23.841Z,2026-09-28T06:16:21.523Z
DEMO-DEV-7268,114,2022-10-24T16:29:11.786Z,2026-09-12T15:39:45.319Z
DEMO-DEV-7320,114,2022-10-11T07:18:09.460Z,2026-09-26T18:25:31.470Z
DEMO-DEV-7354,114,2022-10-18T21:40:56.004Z,2026-09-23T10:58:16.264Z
DEMO-DEV-7356,114,2022-10-04T21:19:17.545Z,2026-09-23T05:45:01.409Z
DEMO-DEV-7364,114,2022-10-15T08:30:00.987Z,2026-09-10T00:27:45.300Z
DEMO-DEV-7400,114,2022-11-07T08:23:53.365Z,2026-09-14T09:12:45.870Z
DEMO-DEV-7421,114,2022-11-03T12:38:44.527Z,2026-09-22T03:38:13.782Z
DEMO-DEV-7432,114,2022-10-03T18:53:43.087Z,2026-09-23T16:19:52.485Z
DEMO-DEV-7437,114,2022-10-03T12:54:01.493Z,2026-09-07T07:52:46.578Z
DEMO-DEV-7478,114,2022-10-10T06:56:15.803Z,2026-09-15T05:53:46.735Z
DEMO-DEV-7527,114,2022-10-31T12:11:54.497Z,2026-09-30T07:20:08.073Z
DEMO-DEV-7568,114,2022-12-02T13:07:25.352Z,2026-08-15T12:31:19.524Z
DEMO-DEV-7579,114,2022-10-21T04:40:14.300Z,2026-09-30T08:03:46.134Z
DEMO-DEV-7598,114,2022-10-14T02:16:57.806Z,2026-09-04T21:18:25.841Z
DEMO-DEV-7707,114,2022-10-03T00:59:00.038Z,2026-06-11T18:26:18.523Z
DEMO-DEV-7725,114,2022-10-05T08:01:05.300Z,2026-09-24T23:32:14.466Z
DEMO-DEV-7736,114,2022-10-23T09:26:38.607Z,2026-07-21T10:17:43.239Z
DEMO-DEV-7759,114,2022-10-17T08:42:11.287Z,2026-09-20T03:27:42.618Z
DEMO-DEV-7766,114,2022-11-05T13:34:12.403Z,2026-09-26T13:39:25.225Z
DEMO-DEV-7790,114,2022-10-02T15:24:40.968Z,2026-09-01T15:58:16.446Z
DEMO-DEV-7812,114,2022-11-18T14:46:50.391Z,2026-09-25T20:50:40.040Z
DEMO-DEV-7828,114,2022-10-20T04:55:03.785Z,2026-09-21T11:00:56.470Z
DEMO-DEV-7851,114,2022-10-14T22:48:01.646Z,2026-07-30T05:38:31.648Z
DEMO-DEV-7950,114,2022-10-20T10:07:43.120Z,2026-09-27T19:40:09.778Z
DEMO-DEV-7963,114,2022-10-04T08:59:48.591Z,2026-09-27T02:24:51.264Z
DEMO-DEV-8042,114,2022-10-11T03:23:30.037Z,2026-09-13T11:24:27.524Z
DEMO-DEV-8212,114,2022-10-12T09:31:53.778Z,2026-09-17T10:09:42.239Z
DEMO-DEV-8271,114,2022-10-05T11:12:04.658Z,2026-09-22T01:10:17.068Z
DEMO-DEV-8306,114,2022-10-09T00:11:32.892Z,2026-09-30T07:36:48.289Z
DEMO-DEV-8319,114,2022-10-13T09:15:30.926Z,2026-09-23T07:18:10.614Z
DEMO-DEV-8328,114,2022-10-15T21:33:45.993Z,2026-09-28T18:56:40.976Z
DEMO-DEV-8336,114,2022-11-03T21:00:14.021Z,2026-08-28T17:01:25.877Z
DEMO-DEV-8349,114,2022-10-17T10:54:24.397Z,2026-09-22T09:05:51.167Z
DEMO-DEV-8364,114,2022-10-12T16:02:55.974Z,2026-09-26T02:24:58.319Z
DEMO-DEV-8403,114,2022-10-05T12:26:39.884Z,2026-09-25T22:31:13.968Z
DEMO-DEV-8434,114,2022-10-12T03:34:11.368Z,2026-09-26T11:35:16.455Z
DEMO-DEV-8441,114,2022-10-04T08:18:04.785Z,2026-09-20T18:21:32.075Z
DEMO-DEV-8520,114,2022-11-09T11:55:14.023Z,2026-09-25T03:29:40.915Z
DEMO-DEV-8548,114,2022-10-07T10:35:20.190Z,2026-09-21T14:06:03.287Z
DEMO-DEV-8553,114,2022-10-05T05:52:36.929Z,2026-09-05T10:34:24.992Z
DEMO-DEV-8555,114,2022-10-08T01:11:41.913Z,2026-09-14T16:31:51.226Z
DEMO-DEV-8564,114,2022-10-09T06:45:59.239Z,2026-09-26T03:52:59.211Z
DEMO-DEV-8574,114,2022-10-18T07:29:49.472Z,2026-09-18T14:41:06.068Z
DEMO-DEV-8604,114,2022-10-06T15:31:37.599Z,2026-08-20T19:01:01.189Z
DEMO-DEV-8607,114,2022-11-02T16:05:48.027Z,2026-08-29T16:31:55.950Z
DEMO-DEV-8611,114,2022-10-07T22:18:17.308Z,2026-09-19T05:24:54.352Z
DEMO-DEV-8645,114,2022-10-04T21:54:14.524Z,2026-09-20T14:44:21.929Z
DEMO-DEV-8647,114,2022-10-03T21:13:42.446Z,2026-09-14T17:08:29.470Z
DEMO-DEV-8708,114,2022-10-17T01:16:48.319Z,2026-09-25T01:00:17.368Z
DEMO-DEV-8716,114,2022-10-03T22:11:32.221Z,2026-09-27T08:39:20.368Z
DEMO-DEV-8778,114,2022-10-03T09:05:06.879Z,2026-09-27T22:40:17.584Z
DEMO-DEV-8856,114,2022-10-08T22:56:22.307Z,2026-09-01T17:58:29.063Z
DEMO-DEV-8865,114,2022-10-10T22:22:18.139Z,2026-09-19T13:15:19.497Z
DEMO-DEV-8929,114,2022-10-05T02:01:33.014Z,2026-09-15T15:29:11.485Z
DEMO-DEV-8938,114,2022-10-07T11:10:57.120Z,2026-09-27T15:07:20.949Z
DEMO-DEV-8946,114,2022-10-13T00:04:37.992Z,2026-09-28T11:09:33.354Z
DEMO-DEV-8985,114,2022-10-10T00:39:00.859Z,2026-08-21T09:37:50.949Z
DEMO-DEV-9000,114,2022-12-06T02:47:28.387Z,2026-09-22T16:13:17.511Z
DEMO-DEV-9019,114,2022-10-07T22:39:31.884Z,2026-09-20T01:16:00.537Z
DEMO-DEV-9029,114,2022-10-02T03:07:36.692Z,2026-09-18T20:56:12.537Z
DEMO-DEV-9037,114,2022-10-25T08:19:36.268Z,2026-09-30T05:17:09.863Z
DEMO-DEV-9049,114,2022-10-18T19:35:55.846Z,2026-09-13T16:48:18.584Z
DEMO-DEV-9089,114,2022-10-02T14:12:19.969Z,2026-08-31T09:03:57.368Z
DEMO-DEV-9107,114,2022-10-28T17:13:56.442Z,2026-09-25T12:21:50.841Z
DEMO-DEV-9124,114,2022-10-28T15:58:28.120Z,2026-09-10T02:30:15.892Z
DEMO-DEV-9125,114,2022-10-20T14:01:06.692Z,2026-09-08T13:10:13.238Z
DEMO-DEV-9147,114,2022-10-26T19:21:52.519Z,2026-09-13T08:38:36.354Z
DEMO-DEV-9196,114,2022-10-30T03:07:25.308Z,2026-09-23T21:38:35.023Z
DEMO-DEV-9237,114,2022-10-05T15:37:51.752Z,2026-09-29T00:29:07.524Z
DEMO-DEV-9242,114,2022-10-05T12:17:28.851Z,2026-09-14T15:56:09.682Z
DEMO-DEV-9259,114,2022-10-01T20:21:14.226Z,2026-09-17T01:32:19.234Z
DEMO-DEV-9305,114,2022-10-04T13:05:54.291Z,2026-09-20T15:32:43.785Z
DEMO-DEV-9325,114,2022-10-08T04:04:26.915Z,2026-09-28T19:28:06.288Z
DEMO-DEV-9351,114,2022-10-31T16:31:51.139Z,2026-09-10T13:36:51.026Z
DEMO-DEV-9357,114,2022-10-16T06:14:35.252Z,2026-09-02T06:15:14.442Z
DEMO-DEV-9380,114,2022-10-03T14:18:13.026Z,2026-09-24T21:17:34.605Z
DEMO-DEV-9386,114,2022-10-02T14:36:09.252Z,2026-09-23T07:26:45.655Z
DEMO-DEV-9400,114,2022-10-07T11:01:37.892Z,2026-09-23T22:09:29.224Z
DEMO-DEV-9449,114,2022-10-05T07:59:59.926Z,2026-08-22T16:39:41.397Z
DEMO-DEV-9466,114,2022-10-08T22:25:11.799Z,2026-09-29T03:17:02.288Z
DEMO-DEV-9474,114,2022-10-06T04:20:58.015Z,2026-09-22T12:23:18.466Z
DEMO-DEV-9506,114,2022-10-09T06:32:19.816Z,2026-09-29T09:48:34.618Z
DEMO-DEV-9508,114,2022-10-12T07:21:19.205Z,2026-09-17T19:44:18.666Z
DEMO-DEV-9527,114,2022-10-04T04:43:41.150Z,2026-09-11T23:21:06.591Z
DEMO-DEV-9561,114,2022-10-15T15:39:52.387Z,2026-09-28T12:42:56.264Z
DEMO-DEV-9584,114,2022-10-15T07:47:23.428Z,2026-09-27T00:11:03.591Z
DEMO-DEV-9591,114,2022-10-03T12:43:40.614Z,2026-09-30T05:10:37.851Z
DEMO-DEV-9622,114,2022-10-12T15:09:12.597Z,2026-08-22T22:57:04.238Z
DEMO-DEV-9640,114,2022-10-02T14:09:04.224Z,2026-09-15T13:44:47.917Z
DEMO-DEV-9674,114,2022-10-18T18:48:38.556Z,2026-09-25T18:55:52.636Z
DEMO-DEV-9682,114,2022-10-04T15:49:42.841Z,2026-09-12T23:11:16.867Z
DEMO-DEV-9710,114,2022-10-13T07:56:02.442Z,2026-09-26T06:05:14.168Z
DEMO-DEV-9797,114,2022-10-02T12:27:20.253Z,2026-09-20T15:49:50.578Z
DEMO-DEV-9799,114,2022-10-12T02:53:47.063Z,2026-09-25T09:46:49.307Z
DEMO-DEV-9828,114,2022-10-11T22:31:51.205Z,2026-09-07T02:53:58.846Z
DEMO-DEV-9835,114,2022-10-23T19:59:24.891Z,2026-09-13T20:04:27.287Z
DEMO-DEV-9984,114,2022-10-10T11:41:57.836Z,2026-09-11T20:19:35.352Z
DEMO-DEV-0018,113,2022-11-11T15:49:13.648Z,2026-09-29T10:42:21.985Z
DEMO-DEV-0024,113,2022-10-15T20:20:40.825Z,2026-09-09T02:59:53.221Z
DEMO-DEV-0125,113,2022-11-04T03:00:59.173Z,2026-09-22T13:32:01.307Z
DEMO-DEV-0133,113,2022-10-10T07:56:46.272Z,2026-09-26T09:59:44.204Z
DEMO-DEV-0140,113,2022-10-05T10:28:13.915Z,2026-09-26T17:54:22.993Z
DEMO-DEV-0145,113,2022-10-05T15:01:11.989Z,2026-09-13T05:13:40.599Z
DEMO-DEV-0152,113,2022-10-26T03:41:54.370Z,2026-09-05T17:58:06.607Z
DEMO-DEV-0204,113,2022-11-02T14:38:00.402Z,2026-09-14T04:27:09.648Z
DEMO-DEV-0222,113,2022-10-27T19:19:47.974Z,2026-09-26T15:36:01.218Z
DEMO-DEV-0237,113,2022-10-01T13:57:48.523Z,2026-09-27T10:47:31.287Z
DEMO-DEV-0252,113,2022-10-16T11:59:24.120Z,2026-09-28T19:42:37.682Z
DEMO-DEV-0327,113,2022-10-13T11:25:55.879Z,2026-09-19T23:12:42.090Z
DEMO-DEV-0408,113,2022-10-05T23:58:41.472Z,2026-09-27T14:09:48.879Z
DEMO-DEV-0520,113,2022-10-24T11:22:59.027Z,2026-09-18T02:25:57.692Z
DEMO-DEV-0536,113,2022-10-15T12:41:18.073Z,2026-08-31T23:12:19.692Z
DEMO-DEV-0668,113,2022-12-09T16:02:28.782Z,2026-09-16T15:06:20.315Z
DEMO-DEV-0674,113,2022-11-11T08:25:20.987Z,2026-09-18T10:08:28.535Z
DEMO-DEV-0685,113,2022-10-05T04:11:33.167Z,2026-09-28T10:15:02.038Z
DEMO-DEV-0701,113,2022-11-08T08:32:48.682Z,2026-09-09T13:39:33.782Z
DEMO-DEV-0737,113,2022-10-01T13:34:48.409Z,2026-09-07T01:47:34.867Z
DEMO-DEV-0752,113,2022-10-14T17:55:07.391Z,2026-09-25T19:39:23.325Z
DEMO-DEV-0768,113,2022-10-08T10:23:32.765Z,2026-09-06T09:35:44.268Z
DEMO-DEV-0802,113,2022-10-29T02:07:44.948Z,2026-09-13T01:04:27.354Z
DEMO-DEV-0818,113,2022-10-11T14:25:03.205Z,2026-09-15T09:44:32.786Z
DEMO-DEV-0860,113,2022-10-11T17:17:32.658Z,2026-09-24T14:16:45.462Z
DEMO-DEV-0891,113,2022-10-03T14:43:42.891Z,2026-09-04T22:45:11.948Z
DEMO-DEV-0927,113,2022-10-19T09:17:30.867Z,2026-09-21T03:27:13.738Z
DEMO-DEV-0933,113,2022-10-10T16:52:49.892Z,2026-09-29T20:44:34.021Z
DEMO-DEV-0936,113,2022-10-28T22:52:26.239Z,2026-09-24T04:21:14.976Z
DEMO-DEV-0960,113,2022-10-18T19:14:31.090Z,2026-09-10T19:07:15.816Z
DEMO-DEV-0972,113,2022-10-16T00:21:23.915Z,2026-09-25T14:27:47.319Z
DEMO-DEV-0981,113,2022-10-03T07:20:38.211Z,2026-09-28T02:11:15.584Z
DEMO-DEV-0989,113,2022-10-15T16:49:51.843Z,2026-08-31T16:35:45.926Z
DEMO-DEV-1026,113,2022-10-13T07:48:59.754Z,2026-09-24T04:37:17.605Z
DEMO-DEV-1061,113,2022-10-27T18:51:22.778Z,2026-09-07T09:37:49.568Z
DEMO-DEV-1070,113,2022-10-06T17:27:36.211Z,2026-09-03T17:27:06.139Z
DEMO-DEV-1096,113,2022-10-05T06:39:48.605Z,2026-09-24T05:31:30.287Z
DEMO-DEV-1144,113,2022-10-08T10:39:26.950Z,2026-09-18T17:44:24.272Z
DEMO-DEV-1159,113,2022-10-10T05:52:26.190Z,2026-09-24T13:06:49.291Z
DEMO-DEV-1204,113,2022-10-13T21:06:57.710Z,2026-09-13T19:42:41.842Z
DEMO-DEV-1209,113,2022-10-30T03:49:15.508Z,2026-09-01T21:20:28.993Z
DEMO-DEV-1223,113,2022-11-20T09:28:35.785Z,2026-09-27T17:05:57.846Z
DEMO-DEV-1250,113,2022-10-12T22:24:26.183Z,2026-09-27T10:33:05.254Z
DEMO-DEV-1252,113,2022-10-08T13:14:50.607Z,2026-09-18T06:37:41.068Z
DEMO-DEV-1280,113,2022-10-03T08:08:34.298Z,2026-09-01T19:16:56.688Z
DEMO-DEV-1327,113,2022-10-26T14:16:53.402Z,2026-09-25T22:09:11.846Z
DEMO-DEV-1351,113,2022-10-06T08:00:50.891Z,2026-09-28T17:23:39.816Z
DEMO-DEV-1362,113,2022-10-05T07:17:35.811Z,2026-09-05T00:32:00.914Z
DEMO-DEV-1382,113,2022-10-06T06:53:15.836Z,2026-09-27T03:08:10.225Z
DEMO-DEV-1389,113,2022-11-01T22:16:55.508Z,2026-09-22T10:07:11.402Z
DEMO-DEV-1396,113,2022-10-08T22:48:14.366Z,2026-09-22T05:18:12.023Z
DEMO-DEV-1397,113,2022-10-05T21:21:39.879Z,2026-09-22T02:50:25.264Z
DEMO-DEV-1399,113,2022-10-08T08:28:57.368Z,2026-09-24T14:47:03.989Z
DEMO-DEV-1404,113,2022-10-07T22:38:34.370Z,2026-09-26T06:10:09.929Z
DEMO-DEV-1505,113,2022-10-05T10:21:24.965Z,2026-09-28T13:04:43.799Z
DEMO-DEV-1569,113,2022-10-21T21:39:45.160Z,2026-09-22T01:21:27.793Z
DEMO-DEV-1609,113,2022-10-11T16:12:43.965Z,2026-09-16T09:19:58.134Z
DEMO-DEV-1630,113,2022-10-19T01:15:58.397Z,2026-09-12T18:59:24.688Z
DEMO-DEV-1637,113,2022-10-10T16:13:46.843Z,2026-09-01T15:26:13.308Z
DEMO-DEV-1713,113,2022-10-06T17:39:57.976Z,2026-09-04T00:36:12.915Z
DEMO-DEV-1714,113,2022-11-20T18:57:24.870Z,2026-09-26T03:15:30.682Z
DEMO-DEV-1715,113,2022-10-06T07:50:17.394Z,2026-09-25T03:17:35.442Z
DEMO-DEV-1791,113,2022-10-16T21:53:15.968Z,2026-09-27T12:51:38.308Z
DEMO-DEV-1832,113,2022-10-04T23:10:33.288Z,2026-09-18T07:25:32.727Z
DEMO-DEV-1842,113,2022-10-07T21:55:35.688Z,2026-09-20T16:51:38.817Z
DEMO-DEV-1873,113,2022-10-10T22:00:06.676Z,2026-09-27T15:51:35.568Z
DEMO-DEV-1894,113,2022-10-06T03:38:28.391Z,2026-09-18T07:39:15.785Z
DEMO-DEV-1915,113,2022-10-06T22:46:35.914Z,2026-09-14T02:02:56.806Z
DEMO-DEV-1960,113,2022-11-04T21:46:19.668Z,2026-09-16T18:27:01.394Z
DEMO-DEV-1980,113,2022-10-04T09:14:28.252Z,2026-09-26T18:36:07.203Z
DEMO-DEV-1990,113,2022-10-23T07:48:15.460Z,2026-09-29T17:34:13.268Z
DEMO-DEV-2005,113,2022-10-06T07:16:16.692Z,2026-08-17T22:32:30.057Z
DEMO-DEV-2047,113,2022-10-22T20:20:29.816Z,2026-09-24T18:26:14.123Z
DEMO-DEV-2140,113,2022-10-06T12:59:34.778Z,2026-09-27T19:58:16.024Z
DEMO-DEV-2209,113,2022-10-17T23:28:17.877Z,2026-09-17T21:30:11.714Z
DEMO-DEV-2222,113,2022-10-02T11:54:41.785Z,2026-08-31T01:50:16.989Z
DEMO-DEV-2300,113,2022-10-13T13:14:50.597Z,2026-09-25T14:57:27.987Z
DEMO-DEV-2309,113,2022-10-04T09:38:15.298Z,2026-09-25T11:47:14.402Z
DEMO-DEV-2360,113,2022-10-21T20:29:54.190Z,2026-09-15T21:30:11.090Z
DEMO-DEV-2412,113,2022-10-11T06:30:38.879Z,2026-09-20T05:05:22.015Z
DEMO-DEV-2500,113,2022-10-28T08:35:28.646Z,2026-09-20T00:33:46.785Z
DEMO-DEV-2545,113,2022-10-03T21:45:36.806Z,2026-09-18T12:37:59.264Z
DEMO-DEV-2642,113,2022-10-03T02:25:18.795Z,2026-09-14T10:29:29.472Z
DEMO-DEV-2643,113,2022-10-02T07:35:44.653Z,2026-09-29T21:31:44.155Z
DEMO-DEV-2653,113,2022-10-07T03:27:18.357Z,2026-09-16T08:01:24.597Z
DEMO-DEV-2687,113,2022-10-16T15:43:16.891Z,2026-09-07T07:31:30.403Z
DEMO-DEV-2700,113,2022-10-16T02:59:41.368Z,2026-09-14T11:11:38.778Z
DEMO-DEV-2703,113,2022-10-27T23:09:34.535Z,2026-09-28T11:22:02.948Z
DEMO-DEV-2704,113,2022-10-22T06:01:05.511Z,2026-09-25T15:33:33.298Z
DEMO-DEV-2727,113,2022-10-06T05:30:09.752Z,2026-09-25T06:27:40.192Z
DEMO-DEV-2767,113,2022-10-24T20:51:43.535Z,2026-09-09T02:50:21.063Z
DEMO-DEV-2788,113,2022-10-24T14:42:10.250Z,2026-09-20T03:15:21.023Z
DEMO-DEV-2793,113,2022-10-30T10:29:05.688Z,2026-09-24T14:34:25.785Z
DEMO-DEV-2803,113,2022-10-04T21:56:03.268Z,2026-08-08T21:07:05.975Z
DEMO-DEV-2817,113,2022-10-27T06:25:54.014Z,2026-08-29T14:54:33.319Z
DEMO-DEV-2828,113,2022-10-16T15:31:27.646Z,2026-09-13T18:03:46.222Z
DEMO-DEV-2869,113,2022-10-08T23:16:05.842Z,2026-09-06T01:50:06.038Z
DEMO-DEV-2894,113,2022-10-05T20:14:19.825Z,2026-09-11T21:49:33.485Z
DEMO-DEV-2901,113,2022-10-27T20:37:23.370Z,2026-09-23T23:55:27.993Z
DEMO-DEV-2936,113,2022-10-01T22:53:56.511Z,2026-09-21T18:45:51.038Z
DEMO-DEV-2967,113,2022-10-13T16:15:29.929Z,2026-09-18T17:53:06.885Z
DEMO-DEV-2972,113,2022-10-04T04:39:28.584Z,2026-09-03T18:58:36.298Z
DEMO-DEV-3019,113,2022-11-08T19:31:02.230Z,2026-07-29T00:18:36.914Z
DEMO-DEV-3052,113,2022-10-13T02:46:02.298Z,2026-09-16T01:30:35.607Z
DEMO-DEV-3065,113,2022-10-02T03:29:16.087Z,2026-09-20T02:15:16.948Z
DEMO-DEV-3077,113,2022-10-04T15:37:47.150Z,2026-09-27T03:54:56.264Z
DEMO-DEV-3087,113,2022-10-03T00:19:01.239Z,2026-09-28T20:11:28.655Z
DEMO-DEV-3160,113,2022-10-15T03:30:35.929Z,2026-09-25T19:39:06.987Z
DEMO-DEV-3171,113,2022-10-02T06:48:33.682Z,2026-08-31T00:01:56.192Z
DEMO-DEV-3177,113,2022-10-03T00:43:16.268Z,2026-09-07T00:34:55.591Z
DEMO-DEV-3196,113,2022-10-08T18:25:06.804Z,2026-09-15T00:28:58.524Z
DEMO-DEV-3200,113,2022-10-28T18:44:20.428Z,2026-08-11T21:23:02.785Z
DEMO-DEV-3246,113,2022-10-15T15:24:30.027Z,2026-09-17T08:56:59.272Z
DEMO-DEV-3300,113,2022-10-06T22:34:41.403Z,2026-09-29T22:55:53.190Z
DEMO-DEV-3308,113,2022-10-16T22:16:54.864Z,2026-09-17T22:33:05.989Z
DEMO-DEV-3401,113,2022-10-03T07:52:30.232Z,2026-09-24T02:49:32.692Z
DEMO-DEV-3430,113,2022-10-01T17:40:17.599Z,2026-09-18T14:00:06.885Z
DEMO-DEV-3459,113,2022-10-18T16:03:16.218Z,2026-09-22T20:29:28.646Z
DEMO-DEV-3474,113,2022-10-04T21:28:02.442Z,2026-09-13T18:29:13.618Z
DEMO-DEV-3539,113,2022-10-23T14:24:05.648Z,2026-09-08T07:33:25.870Z
DEMO-DEV-3623,113,2022-10-10T12:07:17.842Z,2026-09-27T13:53:26.884Z
DEMO-DEV-3634,113,2022-11-09T21:56:25.205Z,2026-09-27T07:57:37.165Z
DEMO-DEV-3636,113,2022-10-09T23:27:24.165Z,2026-09-18T14:11:25.472Z
DEMO-DEV-3644,113,2022-10-28T18:37:51.289Z,2026-09-18T05:39:58.254Z
DEMO-DEV-3651,113,2022-10-05T01:38:16.307Z,2026-09-28T06:06:22.914Z
DEMO-DEV-3664,113,2022-11-05T16:41:25.877Z,2026-09-18T09:12:50.989Z
DEMO-DEV-3694,113,2022-10-04T20:33:47.460Z,2026-09-18T02:23:28.714Z
DEMO-DEV-3811,113,2022-10-15T19:09:21.139Z,2026-09-24T04:08:00.584Z
DEMO-DEV-3825,113,2022-10-23T07:18:40.068Z,2026-07-29T17:37:53.841Z
DEMO-DEV-3838,113,2022-10-01T09:01:26.221Z,2026-09-29T08:00:02.462Z
DEMO-DEV-3941,113,2022-10-16T13:27:50.073Z,2026-09-17T04:05:38.038Z
DEMO-DEV-3948,113,2022-10-17T19:38:10.302Z,2026-09-24T14:51:32.976Z
DEMO-DEV-3952,113,2022-10-15T01:25:37.985Z,2026-09-28T20:00:49.308Z
DEMO-DEV-3993,113,2022-10-15T09:53:34.014Z,2026-09-24T09:33:29.948Z
DEMO-DEV-4013,113,2022-10-03T13:54:04.884Z,2026-09-29T22:00:31.519Z
DEMO-DEV-4030,113,2022-10-02T16:01:35.877Z,2026-09-28T04:11:25.189Z
DEMO-DEV-4042,113,2022-10-15T21:41:19.239Z,2026-09-20T03:49:16.913Z
DEMO-DEV-4160,113,2022-10-12T00:24:29.524Z,2026-09-28T10:10:04.535Z
DEMO-DEV-4161,113,2022-10-07T18:03:16.415Z,2026-09-13T16:48:19.365Z
DEMO-DEV-4166,113,2022-10-18T14:55:34.134Z,2026-09-27T11:07:31.658Z
DEMO-DEV-4214,113,2022-10-04T21:43:14.784Z,2026-09-25T15:58:54.442Z
DEMO-DEV-4250,113,2022-10-04T01:45:19.557Z,2026-09-27T21:54:22.289Z
DEMO-DEV-4256,113,2022-11-05T04:23:13.817Z,2026-09-30T05:31:30.915Z
DEMO-DEV-4263,113,2022-10-08T21:39:24.817Z,2026-08-29T07:13:46.204Z
DEMO-DEV-4280,113,2022-10-26T10:51:09.537Z,2026-09-29T14:48:18.239Z
DEMO-DEV-4296,113,2022-10-08T09:20:03.682Z,2026-09-16T12:30:06.080Z
DEMO-DEV-4309,113,2022-10-07T05:15:00.511Z,2026-09-27T15:27:42.778Z
DEMO-DEV-4330,113,2022-10-12T13:24:35.063Z,2026-09-04T03:22:33.816Z
DEMO-DEV-4351,113,2022-10-14T19:25:52.513Z,2026-09-30T08:12:23.204Z
DEMO-DEV-4355,113,2022-10-17T08:49:59.804Z,2026-09-26T18:37:45.192Z
DEMO-DEV-4386,113,2022-10-28T00:31:32.225Z,2026-09-20T22:12:36.727Z
DEMO-DEV-4442,113,2022-10-09T19:18:42.365Z,2026-09-29T20:43:33.289Z
DEMO-DEV-4446,113,2022-10-01T12:57:28.926Z,2026-09-16T13:19:34.287Z
DEMO-DEV-4448,113,2022-10-05T19:48:05.189Z,2026-09-21T18:48:23.415Z
DEMO-DEV-4457,113,2022-10-02T09:33:02.799Z,2026-09-26T13:47:24.021Z
DEMO-DEV-4522,113,2022-10-09T03:40:46.026Z,2026-09-09T03:25:41.442Z
DEMO-DEV-4526,113,2022-10-16T17:13:40.879Z,2026-09-26T13:40:52.891Z
DEMO-DEV-4609,113,2022-10-03T00:49:41.913Z,2026-09-22T15:23:16.161Z
DEMO-DEV-4687,113,2022-10-28T13:46:46.804Z,2026-08-23T17:17:37.692Z
DEMO-DEV-4748,113,2022-10-13T20:18:47.208Z,2026-09-26T19:00:39.319Z
DEMO-DEV-4772,113,2022-10-15T16:40:24.134Z,2026-09-13T22:07:54.068Z
DEMO-DEV-4832,113,2022-10-14T01:19:09.557Z,2026-09-26T07:37:43.568Z
DEMO-DEV-4847,113,2022-10-27T16:08:01.134Z,2026-09-18T06:35:47.462Z
DEMO-DEV-4857,113,2022-10-12T12:55:26.714Z,2026-09-24T12:03:52.239Z
DEMO-DEV-4890,113,2022-10-02T18:54:29.545Z,2026-09-02T09:47:49.291Z
DEMO-DEV-4907,113,2022-10-21T00:31:07.075Z,2026-09-07T10:49:35.714Z
DEMO-DEV-4924,113,2022-10-23T13:15:33.189Z,2026-08-25T06:44:48.639Z
DEMO-DEV-4948,113,2022-11-05T16:42:50.038Z,2026-09-20T08:33:21.817Z
DEMO-DEV-4956,113,2022-10-03T14:50:41.752Z,2026-08-18T18:51:41.183Z
DEMO-DEV-4965,113,2022-10-05T21:01:21.511Z,2026-09-25T14:36:24.885Z
DEMO-DEV-4997,113,2022-10-17T02:13:47.004Z,2026-09-20T13:02:35.976Z
DEMO-DEV-4998,113,2022-10-02T12:25:19.026Z,2026-09-23T22:44:33.969Z
DEMO-DEV-5004,113,2022-10-02T05:21:27.992Z,2026-09-29T23:41:53.612Z
DEMO-DEV-5047,113,2022-10-08T19:16:23.865Z,2026-09-20T08:25:54.428Z
DEMO-DEV-5083,113,2022-10-01T13:02:11.403Z,2026-09-09T04:33:09.795Z
DEMO-DEV-5142,113,2022-10-13T06:23:49.591Z,2026-09-26T09:57:28.714Z
DEMO-DEV-5179,113,2022-10-03T15:12:10.806Z,2026-09-19T20:40:52.337Z
DEMO-DEV-5302,113,2022-10-12T00:39:18.161Z,2026-09-17T18:14:46.915Z
DEMO-DEV-5304,113,2022-10-13T21:07:40.087Z,2026-08-23T08:45:18.969Z
DEMO-DEV-5316,113,2022-10-12T06:49:24.307Z,2026-09-24T16:46:26.253Z
DEMO-DEV-5335,113,2022-11-08T18:48:36.287Z,2026-09-07T18:11:54.264Z
DEMO-DEV-5363,113,2022-11-01T08:18:27.668Z,2026-09-16T06:52:41.289Z
DEMO-DEV-5394,113,2022-10-02T05:41:57.221Z,2026-09-23T09:21:17.639Z
DEMO-DEV-5477,113,2022-10-13T03:10:13.291Z,2026-09-29T02:34:02.784Z
DEMO-DEV-5509,113,2022-10-04T08:54:49.738Z,2026-09-19T00:20:18.139Z
DEMO-DEV-5525,113,2022-10-09T11:07:20.843Z,2026-09-01T23:21:19.287Z
DEMO-DEV-5529,113,2022-10-06T06:49:31.661Z,2026-09-22T14:11:48.885Z
DEMO-DEV-5536,113,2022-10-07T07:02:57.485Z,2026-09-26T20:02:02.354Z
DEMO-DEV-5587,113,2022-10-02T05:16:07.391Z,2026-09-24T18:24:42.806Z
DEMO-DEV-5607,113,2022-10-01T09:46:47.511Z,2026-09-23T06:09:31.658Z
DEMO-DEV-5610,113,2022-10-01T11:37:04.038Z,2026-09-19T12:31:33.806Z
DEMO-DEV-5627,113,2022-10-03T01:51:06.172Z,2026-09-01T22:25:58.150Z
DEMO-DEV-5636,113,2022-10-13T03:06:40.710Z,2026-09-22T12:46:33.846Z
DEMO-DEV-5642,113,2022-10-17T13:16:24.892Z,2026-09-30T05:30:04.836Z
DEMO-DEV-5658,113,2022-10-31T01:01:56.090Z,2026-09-29T17:23:39.803Z
DEMO-DEV-5699,113,2022-10-07T09:29:22.584Z,2026-09-10T09:17:08.666Z
DEMO-DEV-5733,113,2022-10-08T08:01:39.702Z,2026-09-18T00:05:18.203Z
DEMO-DEV-5747,113,2022-10-15T07:56:44.841Z,2026-09-26T09:04:40.211Z
DEMO-DEV-5760,113,2022-10-05T17:54:43.799Z,2026-09-21T08:36:07.974Z
DEMO-DEV-5762,113,2022-10-05T03:25:23.080Z,2026-09-16T17:59:50.682Z
DEMO-DEV-5802,113,2022-10-06T08:37:14.014Z,2026-09-16T13:58:19.597Z
DEMO-DEV-5808,113,2022-10-09T07:55:17.003Z,2026-09-02T00:43:51.246Z
DEMO-DEV-5822,113,2022-10-10T15:23:23.192Z,2026-09-19T07:42:47.914Z
DEMO-DEV-5880,113,2022-10-05T04:13:59.354Z,2026-09-09T02:27:01.666Z
DEMO-DEV-5881,113,2022-10-14T03:42:23.537Z,2026-09-29T01:56:30.648Z
DEMO-DEV-5899,113,2022-10-07T03:41:52.345Z,2026-09-24T20:29:42.785Z
DEMO-DEV-5938,113,2022-10-06T15:28:11.246Z,2026-09-28T23:51:19.287Z
DEMO-DEV-5943,113,2022-11-01T06:13:38.497Z,2026-09-30T05:21:16.409Z
DEMO-DEV-5982,113,2022-10-29T06:38:39.365Z,2026-09-22T15:29:21.391Z
DEMO-DEV-6011,113,2022-10-20T12:23:18.120Z,2026-09-19T08:15:40.428Z
DEMO-DEV-6012,113,2022-11-01T05:42:42.785Z,2026-09-27T01:46:22.523Z
DEMO-DEV-6040,113,2022-10-13T06:00:26.508Z,2026-09-26T11:01:19.390Z
DEMO-DEV-6045,113,2022-10-18T11:00:39.884Z,2026-09-20T04:29:44.765Z
DEMO-DEV-6073,113,2022-10-08T11:26:06.307Z,2026-09-26T18:40:30.253Z
DEMO-DEV-6108,113,2022-10-12T14:14:12.307Z,2026-09-26T18:01:09.370Z
DEMO-DEV-6115,113,2022-10-05T17:37:30.816Z,2026-09-05T18:46:10.172Z
DEMO-DEV-6158,113,2022-10-03T04:40:50.370Z,2026-09-10T05:00:07.462Z
DEMO-DEV-6167,113,2022-12-04T21:26:12.397Z,2026-09-23T07:12:29.250Z
DEMO-DEV-6229,113,2022-10-06T05:21:20.873Z,2026-09-11T20:10:55.357Z
DEMO-DEV-6251,113,2022-10-08T22:14:15.556Z,2026-08-08T21:07:02.968Z
DEMO-DEV-6275,113,2022-11-15T02:50:23.205Z,2026-09-25T21:17:56.968Z
DEMO-DEV-6294,113,2022-11-13T12:12:37.254Z,2026-09-25T20:00:59.288Z
DEMO-DEV-6334,113,2022-10-13T04:10:42.804Z,2026-09-24T15:05:55.668Z
DEMO-DEV-6341,113,2022-10-06T01:00:44.394Z,2026-09-27T13:27:23.236Z
DEMO-DEV-6357,113,2022-10-08T17:41:13.870Z,2026-09-13T22:29:54.985Z
DEMO-DEV-6363,113,2022-10-02T13:03:57.557Z,2026-09-07T03:32:49.230Z
DEMO-DEV-6387,113,2022-10-04T03:51:07.618Z,2026-09-28T08:05:21.120Z
DEMO-DEV-6417,113,2022-10-14T12:31:55.236Z,2026-09-24T07:47:34.949Z
DEMO-DEV-6446,113,2022-10-27T10:44:06.442Z,2026-09-23T10:55:47.203Z
DEMO-DEV-6509,113,2022-10-05T00:17:24.719Z,2026-09-27T16:09:40.037Z
DEMO-DEV-6515,113,2022-10-05T18:09:45.926Z,2026-09-05T07:29:11.824Z
DEMO-DEV-6523,113,2022-10-01T23:22:13.646Z,2026-09-14T12:20:30.190Z
DEMO-DEV-6527,113,2022-10-14T17:07:59.885Z,2026-09-11T03:13:40.402Z
DEMO-DEV-6541,113,2022-11-04T16:18:22.390Z,2026-09-09T12:53:53.370Z
DEMO-DEV-6593,113,2022-10-17T19:19:10.556Z,2026-09-14T07:22:38.914Z
DEMO-DEV-6613,113,2022-10-08T12:36:01.337Z,2026-09-22T01:34:06.824Z
DEMO-DEV-6648,113,2022-12-04T03:34:08.402Z,2026-09-28T07:13:56.365Z
DEMO-DEV-6660,113,2022-10-10T15:29:28.658Z,2026-08-18T03:45:03.527Z
DEMO-DEV-6678,113,2022-10-10T08:26:08.415Z,2026-09-18T03:36:44.817Z
DEMO-DEV-6701,113,2022-10-04T12:43:02.503Z,2026-09-29T16:00:41.752Z
DEMO-DEV-6748,113,2022-10-05T05:29:21.682Z,2026-09-29T18:15:30.839Z
DEMO-DEV-6770,113,2022-10-30T08:53:46.692Z,2026-09-28T14:17:10.307Z
DEMO-DEV-6795,113,2022-10-17T12:16:31.497Z,2026-09-16T13:59:14.612Z
DEMO-DEV-6833,113,2022-10-18T12:27:07.993Z,2026-09-04T02:30:42.239Z
DEMO-DEV-6835,113,2022-10-06T21:17:37.222Z,2026-09-14T22:34:36.508Z
DEMO-DEV-6853,113,2022-10-16T12:01:18.765Z,2026-09-17T12:24:40.846Z
DEMO-DEV-6872,113,2022-10-12T21:33:12.989Z,2026-09-22T02:46:22.466Z
DEMO-DEV-6899,113,2022-10-12T23:28:17.605Z,2026-09-24T22:21:53.120Z
DEMO-DEV-6922,113,2022-10-07T10:37:36.661Z,2026-09-22T04:05:25.735Z
DEMO-DEV-6923,113,2022-11-01T22:41:59.929Z,2026-09-28T04:49:54.345Z
DEMO-DEV-6962,113,2022-10-20T15:37:13.682Z,2026-09-28T19:07:11.806Z
DEMO-DEV-6974,113,2022-10-29T08:44:39.786Z,2026-09-27T05:32:41.173Z
DEMO-DEV-7011,113,2022-10-08T23:21:41.966Z,2026-09-24T20:33:32.841Z
DEMO-DEV-7058,113,2022-10-04T18:24:21.057Z,2026-08-04T06:12:43.315Z
DEMO-DEV-7076,113,2022-10-19T12:19:07.370Z,2026-09-13T10:55:22.236Z
DEMO-DEV-7122,113,2022-10-04T17:47:01.485Z,2026-09-17T21:11:19.238Z
DEMO-DEV-7144,113,2022-10-03T00:20:06.173Z,2026-09-11T17:11:10.505Z
DEMO-DEV-7147,113,2022-10-15T00:02:12.325Z,2026-09-29T06:31:47.397Z
DEMO-DEV-7167,113,2022-10-04T06:40:00.370Z,2026-09-14T22:32:45.864Z
DEMO-DEV-7183,113,2022-10-10T05:52:00.222Z,2026-09-23T09:37:17.851Z
DEMO-DEV-7192,113,2022-10-22T11:42:58.500Z,2026-09-26T23:31:18.250Z
DEMO-DEV-7209,113,2022-10-31T18:54:30.682Z,2026-09-29T07:59:10.239Z
DEMO-DEV-7256,113,2022-10-15T14:46:25.415Z,2026-09-25T20:33:10.806Z
DEMO-DEV-7284,113,2022-11-10T23:44:42.287Z,2026-09-20T10:53:02.172Z
DEMO-DEV-7287,113,2022-10-15T18:09:43.676Z,2026-09-23T15:32:00.668Z
DEMO-DEV-7331,113,2022-10-09T20:01:55.368Z,2026-09-16T21:19:22.867Z
DEMO-DEV-7355,113,2022-11-14T04:48:31.661Z,2026-09-05T03:32:03.368Z
DEMO-DEV-7365,113,2022-10-07T08:21:28.165Z,2026-09-25T15:56:34.015Z
DEMO-DEV-7407,113,2022-10-04T08:09:22.155Z,2026-09-30T03:55:24.557Z
DEMO-DEV-7454,113,2022-10-15T06:49:44.817Z,2026-09-27T00:19:18.795Z
DEMO-DEV-7517,113,2022-10-10T09:50:26.455Z,2026-08-30T12:05:34.319Z
DEMO-DEV-7567,113,2022-10-18T13:38:25.682Z,2026-09-24T07:31:20.370Z
DEMO-DEV-7596,113,2022-11-04T17:46:31.307Z,2026-09-16T16:43:19.839Z
DEMO-DEV-7648,113,2022-10-03T21:11:35.568Z,2026-09-25T07:57:44.738Z
DEMO-DEV-7685,113,2022-10-15T05:54:33.612Z,2026-09-12T16:48:20.607Z
DEMO-DEV-7735,113,2022-10-02T06:27:38.300Z,2026-09-26T01:35:58.867Z
DEMO-DEV-7748,113,2022-10-31T08:46:57.203Z,2026-09-01T20:28:19.222Z
DEMO-DEV-7777,113,2022-10-23T13:55:37.211Z,2026-09-27T19:13:25.842Z
DEMO-DEV-7793,113,2022-11-08T05:55:26.366Z,2026-09-07T20:53:27.428Z
DEMO-DEV-7845,113,2022-10-19T17:36:24.976Z,2026-09-03T04:25:12.778Z
DEMO-DEV-7850,113,2022-10-04T00:40:17.653Z,2026-09-28T07:01:36.455Z
DEMO-DEV-7854,113,2022-10-02T01:13:03.682Z,2026-09-26T15:25:29.969Z
DEMO-DEV-7883,113,2022-10-02T15:05:49.841Z,2026-09-22T06:09:27.357Z
DEMO-DEV-7947,113,2022-10-02T16:39:15.915Z,2026-09-20T03:48:47.239Z
DEMO-DEV-7971,113,2022-10-18T23:02:44.877Z,2026-09-22T06:20:24.004Z
DEMO-DEV-7996,113,2022-10-20T17:51:31.867Z,2026-09-16T19:48:25.976Z
DEMO-DEV-8007,113,2022-10-07T12:41:41.403Z,2026-09-27T07:46:15.752Z
DEMO-DEV-8065,113,2022-10-04T19:27:03.714Z,2026-09-24T14:01:21.843Z
DEMO-DEV-8089,113,2022-10-15T02:37:10.989Z,2026-09-26T18:00:40.315Z
DEMO-DEV-8128,113,2022-10-18T11:13:49.865Z,2026-09-27T23:45:53.045Z
DEMO-DEV-8139,113,2022-10-18T20:42:36.189Z,2026-09-24T10:06:42.949Z
DEMO-DEV-8140,113,2022-10-06T09:38:11.014Z,2026-09-30T01:26:28.004Z
DEMO-DEV-8145,113,2022-10-30T10:58:30.929Z,2026-09-08T10:55:44.950Z
DEMO-DEV-8186,113,2022-10-01T13:53:09.319Z,2026-09-24T20:54:47.817Z
DEMO-DEV-8203,113,2022-10-04T09:32:19.836Z,2026-09-16T14:57:55.513Z
DEMO-DEV-8209,113,2022-10-05T09:49:29.246Z,2026-09-13T02:11:19.120Z
DEMO-DEV-8215,113,2022-10-08T18:25:48.402Z,2026-09-21T02:57:02.843Z
DEMO-DEV-8245,113,2022-10-01T15:25:35.168Z,2026-09-29T03:02:56.366Z
DEMO-DEV-8251,113,2022-10-28T17:53:22.218Z,2026-09-20T06:54:29.535Z
DEMO-DEV-8325,113,2022-10-07T02:43:48.584Z,2026-09-25T22:00:06.368Z
DEMO-DEV-8333,113,2022-10-02T08:24:56.636Z,2026-09-24T07:46:46.073Z
DEMO-DEV-8344,113,2022-10-09T10:47:07.873Z,2026-09-01T10:25:59.254Z
DEMO-DEV-8432,113,2022-10-06T17:38:33.992Z,2026-09-28T01:41:40.365Z
DEMO-DEV-8439,113,2022-10-14T11:39:13.676Z,2026-09-25T04:24:46.205Z
DEMO-DEV-8470,113,2022-10-10T02:07:26.394Z,2026-09-30T05:14:39.891Z
DEMO-DEV-8496,113,2022-10-14T11:50:18.605Z,2026-09-23T18:31:59.192Z
DEMO-DEV-8518,113,2022-10-04T02:36:48.208Z,2026-09-04T03:49:33.455Z
DEMO-DEV-8539,113,2022-11-14T21:54:03.682Z,2026-09-18T06:24:14.173Z
DEMO-DEV-8639,113,2022-10-04T15:41:25.045Z,2026-09-28T06:41:47.357Z
DEMO-DEV-8675,113,2022-10-14T05:36:19.403Z,2026-09-22T04:52:15.302Z
DEMO-DEV-8709,113,2022-10-08T22:04:20.976Z,2026-09-23T19:09:16.442Z
DEMO-DEV-8737,113,2022-10-02T10:52:02.842Z,2026-09-03T09:02:08.527Z
DEMO-DEV-8752,113,2022-10-04T06:28:34.222Z,2026-09-09T22:14:32.218Z
DEMO-DEV-8762,113,2022-10-05T12:47:14.337Z,2026-09-23T12:07:18.236Z
DEMO-DEV-8769,113,2022-10-09T05:49:27.555Z,2026-09-10T07:54:34.555Z
DEMO-DEV-8803,113,2022-10-06T05:29:43.885Z,2026-07-23T23:37:15.466Z
DEMO-DEV-8825,113,2022-10-08T23:53:52.226Z,2026-09-13T15:19:17.337Z
DEMO-DEV-8877,113,2022-10-07T22:10:59.917Z,2026-09-27T09:48:01.782Z
DEMO-DEV-8888,113,2022-10-02T18:54:24.806Z,2026-09-15T13:01:26.524Z
DEMO-DEV-8922,113,2022-11-08T04:38:55.222Z,2026-09-29T21:06:05.806Z
DEMO-DEV-8942,113,2022-10-04T09:14:42.224Z,2026-09-26T13:46:24.222Z
DEMO-DEV-8952,113,2022-10-04T04:31:01.505Z,2026-09-29T22:52:28.134Z
DEMO-DEV-8979,113,2022-10-03T18:52:43.568Z,2026-09-19T13:17:59.403Z
DEMO-DEV-8994,113,2022-10-16T21:57:06.974Z,2026-09-09T14:13:03.307Z
DEMO-DEV-9021,113,2022-10-08T01:43:00.300Z,2026-09-20T20:57:42.557Z
DEMO-DEV-9027,113,2022-10-04T17:35:17.719Z,2026-09-13T15:54:36.591Z
DEMO-DEV-9050,113,2022-10-17T02:29:33.397Z,2026-08-29T01:17:13.846Z
DEMO-DEV-9058,113,2022-10-20T03:56:58.161Z,2026-09-21T18:58:15.817Z
DEMO-DEV-9071,113,2022-10-11T20:08:18.605Z,2026-09-18T12:18:27.692Z
DEMO-DEV-9074,113,2022-10-29T19:04:41.885Z,2026-09-21T04:23:01.460Z
DEMO-DEV-9093,113,2022-10-20T00:54:17.868Z,2026-09-24T17:36:24.778Z
DEMO-DEV-9112,113,2022-10-30T09:40:04.519Z,2026-09-16T21:29:18.803Z
DEMO-DEV-9122,113,2022-10-20T13:20:11.839Z,2026-09-26T18:22:45.917Z
DEMO-DEV-9170,113,2022-10-16T14:54:29.252Z,2026-09-23T16:36:10.816Z
DEMO-DEV-9256,113,2022-10-08T04:30:06.714Z,2026-09-16T10:39:58.870Z
DEMO-DEV-9329,113,2022-10-03T06:51:35.710Z,2026-09-28T09:39:46.021Z
DEMO-DEV-9344,113,2022-10-08T03:20:12.442Z,2026-09-06T21:04:14.646Z
DEMO-DEV-9363,113,2022-10-14T02:26:28.976Z,2026-09-18T19:45:04.948Z
DEMO-DEV-9378,113,2022-10-28T19:42:51.222Z,2026-09-25T01:36:12.226Z
DEMO-DEV-9395,113,2022-11-09T20:04:33.357Z,2026-09-26T13:08:55.655Z
DEMO-DEV-9396,113,2022-10-19T19:05:34.190Z,2026-09-23T13:07:58.891Z
DEMO-DEV-9410,113,2022-10-08T07:10:17.167Z,2026-09-30T00:49:53.578Z
DEMO-DEV-9434,113,2022-10-12T16:24:42.949Z,2026-09-05T23:23:19.508Z
DEMO-DEV-9468,113,2022-10-03T03:35:44.804Z,2026-09-16T00:15:57.173Z
DEMO-DEV-9511,113,2022-10-04T04:29:13.816Z,2026-09-19T14:29:42.825Z
DEMO-DEV-9512,113,2022-10-11T05:18:42.639Z,2026-09-27T04:51:01.929Z
DEMO-DEV-9524,113,2022-10-14T18:55:42.879Z,2026-09-29T14:40:41.472Z
DEMO-DEV-9575,113,2022-10-02T00:53:14.891Z,2026-09-20T21:53:00.239Z
DEMO-DEV-9592,113,2022-10-10T17:36:40.524Z,2026-09-18T11:31:38.345Z
DEMO-DEV-9602,113,2022-10-11T09:37:20.523Z,2026-09-06T05:18:03.891Z
DEMO-DEV-9604,113,2022-10-06T05:44:43.653Z,2026-09-26T09:47:27.653Z
DEMO-DEV-9638,113,2022-10-04T17:26:27.989Z,2026-09-03T07:44:10.190Z
DEMO-DEV-9642,113,2022-10-15T21:07:29.239Z,2026-09-23T02:25:37.239Z
DEMO-DEV-9646,113,2022-10-15T19:21:03.189Z,2026-08-22T23:29:17.365Z
DEMO-DEV-9656,113,2022-10-05T06:37:12.203Z,2026-09-28T11:56:48.975Z
DEMO-DEV-9678,113,2022-10-20T05:34:00.298Z,2026-09-22T19:13:29.370Z
DEMO-DEV-9692,113,2022-10-15T06:05:49.390Z,2026-09-25T20:58:50.224Z
DEMO-DEV-9721,113,2022-10-04T22:43:06.354Z,2026-09-27T17:30:22.511Z
DEMO-DEV-9750,113,2022-10-03T05:42:52.913Z,2026-08-11T13:33:15.692Z
DEMO-DEV-9773,113,2022-10-03T18:29:59.605Z,2026-09-22T19:56:32.208Z
DEMO-DEV-9842,113,2022-10-06T12:17:47.190Z,2026-09-22T05:17:16.885Z
DEMO-DEV-9849,113,2022-10-06T11:49:56.987Z,2026-09-29T04:23:42.038Z
DEMO-DEV-9862,113,2022-11-15T22:33:08.026Z,2026-09-26T00:41:30.239Z
DEMO-DEV-9869,113,2022-11-24T16:50:00.824Z,2026-09-14T19:40:41.390Z
DEMO-DEV-9939,113,2022-10-05T22:07:05.884Z,2026-08-29T05:35:07.877Z
DEMO-DEV-9968,113,2022-10-06T07:15:45.354Z,2026-09-26T01:13:32.968Z
DEMO-DEV-9977,113,2022-10-04T00:38:26.929Z,2026-09-13T21:21:41.806Z
DEMO-DEV-9995,113,2022-10-06T12:41:06.653Z,2026-09-07T03:36:12.203Z
DEMO-DEV-0017,112,2022-10-19T21:42:40.203Z,2026-09-27T09:58:55.232Z
DEMO-DEV-0064,112,2022-10-07T04:42:51.462Z,2026-09-25T16:16:42.816Z
DEMO-DEV-0082,112,2022-10-06T07:43:07.230Z,2026-09-24T18:41:02.219Z
DEMO-DEV-0104,112,2022-10-21T07:31:46.307Z,2026-09-11T11:24:00.403Z
DEMO-DEV-0115,112,2022-10-03T16:58:28.203Z,2026-09-29T22:50:24.784Z
DEMO-DEV-0117,112,2022-10-27T18:19:00.975Z,2026-09-25T14:59:01.325Z
DEMO-DEV-0168,112,2022-10-07T17:05:38.799Z,2026-09-15T10:18:23.859Z
DEMO-DEV-0179,112,2022-10-08T22:59:19.524Z,2026-09-22T13:01:49.612Z
DEMO-DEV-0183,112,2022-10-09T02:59:24.792Z,2026-09-26T22:40:00.288Z
DEMO-DEV-0186,112,2022-10-09T01:17:07.913Z,2026-09-05T09:02:41.325Z
DEMO-DEV-0228,112,2022-10-15T01:07:45.597Z,2026-09-04T11:45:05.415Z
DEMO-DEV-0318,112,2022-10-09T11:50:22.969Z,2026-09-22T04:48:56.870Z
DEMO-DEV-0388,112,2022-10-07T18:45:12.167Z,2026-09-26T11:13:25.636Z
DEMO-DEV-0398,112,2022-10-14T11:48:59.653Z,2026-09-27T21:56:10.268Z
DEMO-DEV-0423,112,2022-10-09T15:38:10.836Z,2026-09-08T04:59:48.037Z
DEMO-DEV-0480,112,2022-10-04T10:48:20.219Z,2026-09-18T05:34:39.302Z
DEMO-DEV-0556,112,2022-10-25T19:27:42.325Z,2026-08-15T22:38:37.014Z
DEMO-DEV-0568,112,2022-10-15T11:00:19.884Z,2026-09-10T14:55:09.976Z
DEMO-DEV-0592,112,2022-11-07T18:20:07.557Z,2026-09-25T16:40:56.357Z
DEMO-DEV-0610,112,2022-10-01T15:30:33.503Z,2026-09-27T14:48:53.503Z
DEMO-DEV-0619,112,2022-10-17T22:09:08.024Z,2026-09-17T00:57:39.870Z
DEMO-DEV-0686,112,2022-10-06T20:14:30.160Z,2026-09-26T05:42:12.612Z
DEMO-DEV-0697,112,2022-10-09T04:25:18.785Z,2026-09-18T22:33:15.250Z
DEMO-DEV-0710,112,2022-10-16T23:37:24.885Z,2026-09-20T23:34:31.785Z
DEMO-DEV-0741,112,2022-10-09T02:38:52.403Z,2026-09-12T10:24:23.714Z
DEMO-DEV-0762,112,2022-10-13T19:23:28.975Z,2026-08-31T06:38:12.605Z
DEMO-DEV-0778,112,2022-10-16T17:28:31.315Z,2026-09-25T12:37:19.409Z
DEMO-DEV-0791,112,2022-10-02T17:01:25.863Z,2026-09-23T13:50:04.077Z
DEMO-DEV-0798,112,2022-10-14T19:49:52.236Z,2026-09-23T09:14:26.702Z
DEMO-DEV-0865,112,2022-10-03T11:51:22.004Z,2026-09-06T18:31:36.203Z
DEMO-DEV-0919,112,2022-10-15T06:39:17.172Z,2026-09-07T09:07:58.161Z
DEMO-DEV-0948,112,2022-10-04T09:51:02.692Z,2026-09-23T23:22:36.668Z
DEMO-DEV-0966,112,2022-10-06T12:43:31.752Z,2026-08-30T08:26:33.004Z
DEMO-DEV-0970,112,2022-10-14T21:03:44.974Z,2026-09-05T09:13:37.868Z
DEMO-DEV-1013,112,2022-10-10T20:19:13.063Z,2026-09-16T07:44:41.913Z
DEMO-DEV-1018,112,2022-11-06T14:49:07.738Z,2026-09-28T08:57:54.688Z
DEMO-DEV-1043,112,2022-10-04T21:51:14.738Z,2026-09-25T21:44:48.120Z
DEMO-DEV-1051,112,2022-10-06T17:10:02.014Z,2026-09-12T14:46:11.357Z
DEMO-DEV-1059,112,2022-10-26T12:09:55.597Z,2026-09-26T09:36:07.884Z
DEMO-DEV-1075,112,2022-10-07T18:45:52.555Z,2026-09-15T15:45:14.968Z
DEMO-DEV-1093,112,2022-11-02T10:54:59.208Z,2026-09-25T01:33:16.134Z
DEMO-DEV-1097,112,2022-10-12T12:30:19.524Z,2026-09-21T02:17:04.120Z
DEMO-DEV-1134,112,2022-10-04T00:04:59.462Z,2026-09-22T10:58:49.246Z
DEMO-DEV-1147,112,2022-11-26T19:21:24.913Z,2026-09-26T23:13:11.319Z
DEMO-DEV-1164,112,2022-10-28T14:36:57.969Z,2026-09-22T17:44:30.666Z
DEMO-DEV-1200,112,2022-10-12T21:04:40.648Z,2026-09-15T21:31:40.653Z
DEMO-DEV-1249,112,2022-10-16T06:30:39.040Z,2026-09-24T14:10:56.966Z
DEMO-DEV-1271,112,2022-10-11T02:49:09.037Z,2026-09-17T21:18:43.655Z
DEMO-DEV-1301,112,2022-10-20T09:51:58.403Z,2026-09-14T01:22:35.252Z
DEMO-DEV-1379,112,2022-10-02T04:49:24.950Z,2026-08-24T22:25:40.735Z
DEMO-DEV-1447,112,2022-10-02T22:43:25.784Z,2026-09-15T08:39:52.037Z
DEMO-DEV-1455,112,2022-10-06T14:03:50.646Z,2026-09-28T16:50:20.120Z
DEMO-DEV-1479,112,2022-10-10T12:23:36.710Z,2026-09-22T07:55:25.183Z
DEMO-DEV-1488,112,2022-10-18T11:21:54.817Z,2026-08-30T02:42:15.710Z
DEMO-DEV-1584,112,2022-10-07T09:53:22.254Z,2026-09-11T07:20:11.653Z
DEMO-DEV-1656,112,2022-10-09T12:36:09.222Z,2026-09-17T22:07:22.646Z
DEMO-DEV-1658,112,2022-10-12T07:50:14.155Z,2026-09-26T00:33:25.556Z
DEMO-DEV-1728,112,2022-10-16T21:43:42.839Z,2026-09-14T09:42:37.402Z
DEMO-DEV-1743,112,2022-10-04T11:29:44.804Z,2026-09-27T21:37:10.976Z
DEMO-DEV-1790,112,2022-10-18T16:02:45.555Z,2026-09-26T20:55:34.485Z
DEMO-DEV-1793,112,2022-10-04T09:52:17.511Z,2026-07-25T01:57:04.859Z
DEMO-DEV-1825,112,2022-11-08T07:03:26.493Z,2026-09-22T05:46:22.968Z
DEMO-DEV-1826,112,2022-10-24T09:55:16.607Z,2026-09-27T14:29:54.120Z
DEMO-DEV-1830,112,2022-10-14T05:11:43.254Z,2026-08-23T15:04:19.785Z
DEMO-DEV-1867,112,2022-10-05T21:10:17.738Z,2026-09-15T21:40:56.503Z
DEMO-DEV-1884,112,2022-10-03T21:13:57.950Z,2026-09-29T06:58:55.968Z
DEMO-DEV-1928,112,2022-10-20T08:36:18.493Z,2026-09-29T04:14:21.307Z
DEMO-DEV-1984,112,2022-10-09T01:57:12.784Z,2026-09-27T14:06:56.692Z
DEMO-DEV-1988,112,2022-10-01T22:00:17.167Z,2026-09-12T15:11:03.646Z
DEMO-DEV-2020,112,2022-10-15T12:54:26.917Z,2026-09-13T20:55:05.315Z
DEMO-DEV-2032,112,2022-11-25T14:30:41.352Z,2026-09-24T14:57:18.045Z
DEMO-DEV-2033,112,2022-10-06T06:44:17.870Z,2026-08-31T22:49:19.975Z
DEMO-DEV-2074,112,2022-11-04T08:51:30.239Z,2026-09-13T03:44:07.190Z
DEMO-DEV-2083,112,2022-11-10T21:24:35.879Z,2026-08-06T14:18:07.455Z
DEMO-DEV-2171,112,2022-10-06T17:56:29.682Z,2026-09-27T18:42:00.867Z
DEMO-DEV-2233,112,2022-10-02T11:49:01.173Z,2026-09-26T18:07:34.727Z
DEMO-DEV-2359,112,2022-10-23T11:36:55.839Z,2026-08-29T02:25:26.597Z
DEMO-DEV-2368,112,2022-10-02T10:41:02.073Z,2026-08-02T15:50:22.842Z
DEMO-DEV-2377,112,2022-10-28T12:02:45.786Z,2026-09-22T09:03:47.851Z
DEMO-DEV-2383,112,2022-10-02T10:54:29.785Z,2026-09-28T23:23:05.646Z
DEMO-DEV-2406,112,2022-10-08T11:44:04.989Z,2026-09-25T16:49:53.524Z
DEMO-DEV-2432,112,2022-10-20T00:45:51.307Z,2026-09-29T07:58:07.989Z
DEMO-DEV-2491,112,2022-10-10T06:02:37.639Z,2026-09-08T11:52:52.782Z
DEMO-DEV-2499,112,2022-10-03T19:42:38.015Z,2026-09-12T15:57:35.965Z
DEMO-DEV-2534,112,2022-10-05T00:30:20.123Z,2026-09-24T05:42:56.879Z
DEMO-DEV-2547,112,2022-10-24T20:35:41.505Z,2026-09-27T02:36:34.974Z
DEMO-DEV-2585,112,2022-10-01T17:57:53.298Z,2026-09-27T22:59:48.636Z
DEMO-DEV-2593,112,2022-10-14T14:30:34.537Z,2026-09-25T18:47:05.264Z
DEMO-DEV-2624,112,2022-10-06T01:49:42.976Z,2026-09-29T15:37:43.205Z
DEMO-DEV-2671,112,2022-10-09T18:15:51.785Z,2026-09-27T03:49:28.090Z
DEMO-DEV-2688,112,2022-10-08T04:56:01.205Z,2026-09-25T14:07:11.460Z
DEMO-DEV-2692,112,2022-10-01T11:25:21.682Z,2026-09-29T09:03:22.366Z
DEMO-DEV-2706,112,2022-10-08T01:41:14.023Z,2026-09-22T08:14:09.778Z
DEMO-DEV-2707,112,2022-10-16T21:33:05.134Z,2026-09-15T08:50:20.272Z
DEMO-DEV-2708,112,2022-10-10T21:37:24.968Z,2026-09-20T03:36:41.015Z
DEMO-DEV-2799,112,2022-10-05T16:13:28.599Z,2026-09-24T00:17:13.208Z
DEMO-DEV-2819,112,2022-10-02T21:34:27.989Z,2026-09-27T06:31:41.811Z
DEMO-DEV-2820,112,2022-11-05T21:58:31.307Z,2026-09-27T23:34:29.868Z
DEMO-DEV-2898,112,2022-10-11T06:30:09.063Z,2026-09-23T12:20:51.599Z
DEMO-DEV-2919,112,2022-10-29T05:00:49.026Z,2026-09-30T06:03:38.288Z
DEMO-DEV-2957,112,2022-10-01T22:16:41.605Z,2026-09-20T16:28:59.026Z
DEMO-DEV-2970,112,2022-10-02T23:44:13.870Z,2026-08-27T00:32:11.968Z
DEMO-DEV-2993,112,2022-10-21T07:15:40.161Z,2026-09-13T20:30:55.519Z
DEMO-DEV-2995,112,2022-10-18T11:52:54.992Z,2026-08-19T04:14:21.027Z
DEMO-DEV-3002,112,2022-11-01T13:29:23.460Z,2026-09-20T17:33:43.688Z
DEMO-DEV-3010,112,2022-10-08T03:51:15.239Z,2026-09-18T02:45:11.250Z
DEMO-DEV-3018,112,2022-10-19T06:59:48.063Z,2026-09-30T06:16:01.503Z
DEMO-DEV-3020,112,2022-10-13T05:16:59.913Z,2026-09-14T10:31:23.023Z
DEMO-DEV-3024,112,2022-10-15T00:02:26.578Z,2026-09-10T16:12:22.612Z
DEMO-DEV-3102,112,2022-10-04T04:34:57.568Z,2026-09-19T03:07:33.192Z
DEMO-DEV-3106,112,2022-10-19T12:28:51.987Z,2026-09-26T23:39:36.884Z
DEMO-DEV-3145,112,2022-10-08T17:07:28.189Z,2026-09-16T14:02:33.636Z
DEMO-DEV-3153,112,2022-10-12T15:33:38.824Z,2026-09-30T07:36:40.302Z
DEMO-DEV-3164,112,2022-10-06T10:00:26.319Z,2026-09-24T04:20:04.224Z
DEMO-DEV-3248,112,2022-11-19T08:43:45.040Z,2026-09-23T08:16:59.782Z
DEMO-DEV-3322,112,2022-10-21T17:52:08.926Z,2026-09-28T20:30:40.462Z
DEMO-DEV-3340,112,2022-10-14T09:45:22.239Z,2026-09-11T21:34:47.513Z
DEMO-DEV-3351,112,2022-10-10T09:53:07.816Z,2026-09-26T06:21:24.253Z
DEMO-DEV-3394,112,2022-12-23T16:39:47.139Z,2026-09-25T19:18:58.968Z
DEMO-DEV-3447,112,2022-10-06T06:04:39.236Z,2026-09-11T23:19:24.402Z
DEMO-DEV-3482,112,2022-10-12T22:55:01.254Z,2026-09-08T23:40:19.403Z
DEMO-DEV-3489,112,2022-11-06T06:21:49.325Z,2026-09-08T03:37:51.752Z
DEMO-DEV-3502,112,2022-10-12T01:39:38.785Z,2026-09-29T20:19:28.842Z
DEMO-DEV-3522,112,2022-10-17T01:04:05.403Z,2026-09-28T09:33:24.015Z
DEMO-DEV-3605,112,2022-10-02T04:24:45.792Z,2026-09-30T06:56:06.138Z
DEMO-DEV-3691,112,2022-10-13T19:43:56.236Z,2026-09-15T19:04:03.173Z
DEMO-DEV-3743,112,2022-10-04T23:58:58.161Z,2026-09-10T10:42:07.442Z
DEMO-DEV-3791,112,2022-11-17T09:16:34.786Z,2026-09-22T20:30:53.976Z
DEMO-DEV-3813,112,2022-10-11T13:09:24.545Z,2026-09-29T11:41:24.120Z
DEMO-DEV-3840,112,2022-10-15T18:44:25.870Z,2026-09-08T08:49:57.891Z
DEMO-DEV-3845,112,2022-10-09T07:15:34.403Z,2026-09-24T12:53:28.803Z
DEMO-DEV-3851,112,2022-10-06T15:58:25.470Z,2026-09-28T13:44:50.038Z
DEMO-DEV-3861,112,2022-10-15T15:06:03.648Z,2026-09-25T08:42:39.816Z
DEMO-DEV-3865,112,2022-10-09T20:53:14.123Z,2026-09-24T06:53:06.298Z
DEMO-DEV-3879,112,2022-11-06T05:17:58.824Z,2026-09-23T01:46:21.368Z
DEMO-DEV-3900,112,2022-10-03T12:20:34.786Z,2026-09-20T04:50:38.254Z
DEMO-DEV-3901,112,2022-11-14T09:53:29.224Z,2026-09-22T15:04:39.134Z
DEMO-DEV-3913,112,2022-10-01T15:33:24.966Z,2026-09-07T02:50:36.139Z
DEMO-DEV-3918,112,2022-10-21T16:03:29.075Z,2026-09-13T00:28:13.873Z
DEMO-DEV-3933,112,2022-10-12T07:27:22.211Z,2026-09-25T19:09:50.172Z
DEMO-DEV-3934,112,2022-10-22T21:23:16.836Z,2026-08-26T20:43:44.992Z
DEMO-DEV-3944,112,2022-11-03T10:56:19.325Z,2026-09-25T15:10:38.319Z
DEMO-DEV-3950,112,2022-10-08T17:18:35.884Z,2026-08-26T10:19:48.023Z
DEMO-DEV-3978,112,2022-10-01T20:41:08.208Z,2026-09-04T06:47:45.087Z
DEMO-DEV-3991,112,2022-10-20T08:52:23.315Z,2026-09-27T17:47:25.232Z
DEMO-DEV-4028,112,2022-10-15T16:38:26.682Z,2026-09-22T21:03:51.976Z
DEMO-DEV-4061,112,2022-11-02T15:25:20.885Z,2026-08-23T02:29:32.597Z
DEMO-DEV-4084,112,2022-10-14T09:34:56.584Z,2026-09-22T12:58:19.824Z
DEMO-DEV-4107,112,2022-10-06T19:07:36.727Z,2026-09-28T16:34:22.825Z
DEMO-DEV-4108,112,2022-10-01T18:44:34.319Z,2026-08-26T11:38:04.291Z
DEMO-DEV-4133,112,2022-10-02T21:31:06.873Z,2026-09-25T16:27:17.859Z
DEMO-DEV-4134,112,2022-10-30T14:29:48.352Z,2026-09-23T14:59:32.190Z
DEMO-DEV-4157,112,2022-10-08T10:50:34.234Z,2026-09-19T07:31:23.666Z
DEMO-DEV-4175,112,2022-10-15T11:44:13.513Z,2026-08-28T07:56:39.535Z
DEMO-DEV-4180,112,2022-10-11T13:10:54.038Z,2026-09-19T22:41:30.702Z
DEMO-DEV-4183,112,2022-10-11T13:05:10.366Z,2026-09-13T12:06:41.974Z
DEMO-DEV-4187,112,2022-10-28T09:59:34.040Z,2026-09-25T03:03:04.786Z
DEMO-DEV-4229,112,2022-10-02T14:44:55.738Z,2026-09-29T14:25:29.639Z
DEMO-DEV-4328,112,2022-10-20T02:06:49.605Z,2026-09-16T17:51:05.825Z
DEMO-DEV-4331,112,2022-10-09T08:30:32.825Z,2026-09-13T04:26:14.023Z
DEMO-DEV-4364,112,2022-10-04T22:03:29.778Z,2026-09-26T10:39:56.524Z
DEMO-DEV-4388,112,2022-10-19T11:36:58.183Z,2026-09-19T20:30:23.394Z
DEMO-DEV-4521,112,2022-10-20T16:02:21.460Z,2026-09-06T15:38:15.391Z
DEMO-DEV-4544,112,2022-10-08T00:37:52.816Z,2026-08-27T19:02:20.870Z
DEMO-DEV-4553,112,2022-11-18T16:47:06.804Z,2026-09-14T15:18:05.040Z
DEMO-DEV-4587,112,2022-10-21T18:30:38.460Z,2026-09-22T19:48:49.203Z
DEMO-DEV-4666,112,2022-10-11T02:22:52.556Z,2026-09-13T13:55:26.648Z
DEMO-DEV-4674,112,2022-10-01T14:05:51.080Z,2026-09-28T11:01:33.391Z
DEMO-DEV-4676,112,2022-10-08T01:53:24.134Z,2026-09-04T06:26:03.965Z
DEMO-DEV-4683,112,2022-10-02T19:36:50.968Z,2026-09-30T05:36:26.224Z
DEMO-DEV-4724,112,2022-10-18T06:01:28.397Z,2026-09-28T11:17:44.155Z
DEMO-DEV-4818,112,2022-10-04T22:50:34.505Z,2026-09-29T23:26:26.160Z
DEMO-DEV-4820,112,2022-10-19T13:57:10.841Z,2026-09-17T17:34:18.527Z
DEMO-DEV-4846,112,2022-10-04T19:14:13.646Z,2026-09-23T16:12:39.846Z
DEMO-DEV-4915,112,2022-10-21T07:22:56.239Z,2026-09-28T22:54:16.037Z
DEMO-DEV-4939,112,2022-10-03T03:20:05.545Z,2026-09-17T14:51:02.926Z
DEMO-DEV-4988,112,2022-10-18T09:28:58.884Z,2026-09-24T21:13:36.287Z
DEMO-DEV-5008,112,2022-10-04T18:42:59.799Z,2026-09-13T20:35:12.120Z
DEMO-DEV-5029,112,2022-10-13T20:35:59.676Z,2026-09-04T18:37:01.985Z
DEMO-DEV-5038,112,2022-10-07T19:15:38.555Z,2026-09-22T14:11:07.913Z
DEMO-DEV-5053,112,2022-10-11T06:50:54.511Z,2026-09-28T10:44:15.841Z
DEMO-DEV-5077,112,2022-10-28T13:25:13.252Z,2026-09-24T07:22:20.584Z
DEMO-DEV-5129,112,2022-10-02T00:45:19.300Z,2026-08-25T23:13:45.190Z
DEMO-DEV-5133,112,2022-10-07T22:56:10.513Z,2026-09-22T04:54:05.524Z
DEMO-DEV-5139,112,2022-10-08T02:17:47.472Z,2026-09-27T07:26:14.023Z
DEMO-DEV-5146,112,2022-10-02T11:20:21.636Z,2026-07-17T01:25:19.816Z
DEMO-DEV-5260,112,2022-11-04T22:37:45.710Z,2026-09-14T18:09:50.272Z
DEMO-DEV-5323,112,2022-10-13T12:53:27.568Z,2026-09-20T04:55:38.648Z
DEMO-DEV-5353,112,2022-10-07T19:12:24.913Z,2026-09-20T01:15:57.929Z
DEMO-DEV-5381,112,2022-10-04T23:30:57.612Z,2026-08-20T14:49:32.618Z
DEMO-DEV-5404,112,2022-11-14T09:19:39.817Z,2026-09-28T16:56:53.527Z
DEMO-DEV-5413,112,2022-10-04T02:06:30.682Z,2026-09-28T07:05:36.500Z
DEMO-DEV-5453,112,2022-10-07T12:26:21.765Z,2026-09-16T12:39:18.948Z
DEMO-DEV-5462,112,2022-10-05T17:58:34.253Z,2026-09-24T18:13:08.599Z
DEMO-DEV-5476,112,2022-10-04T03:14:04.319Z,2026-09-24T09:47:03.357Z
DEMO-DEV-5550,112,2022-10-03T08:10:25.537Z,2026-08-30T18:32:08.428Z
DEMO-DEV-5565,112,2022-10-01T09:33:30.204Z,2026-09-22T20:26:59.224Z
DEMO-DEV-5586,112,2022-10-02T23:28:47.003Z,2026-09-28T07:46:07.846Z
DEMO-DEV-5588,112,2022-10-04T16:35:32.702Z,2026-09-27T20:17:43.038Z
DEMO-DEV-5597,112,2022-10-18T21:15:23.075Z,2026-09-27T13:00:03.636Z
DEMO-DEV-5606,112,2022-10-12T09:34:42.319Z,2026-09-01T09:53:59.272Z
DEMO-DEV-5616,112,2022-10-11T08:04:47.556Z,2026-09-24T07:38:26.485Z
DEMO-DEV-5617,112,2022-10-04T02:54:21.038Z,2026-09-13T02:57:33.250Z
DEMO-DEV-5656,112,2022-10-05T11:46:45.682Z,2026-09-19T09:56:36.846Z
DEMO-DEV-5695,112,2022-10-05T17:27:11.851Z,2026-09-17T05:24:33.014Z
DEMO-DEV-5706,112,2022-10-04T06:56:48.864Z,2026-09-02T10:09:32.795Z
DEMO-DEV-5735,112,2022-10-11T11:42:27.537Z,2026-09-17T20:30:12.948Z
DEMO-DEV-5847,112,2022-10-03T05:38:00.068Z,2026-09-18T11:21:18.466Z
DEMO-DEV-5936,112,2022-10-07T04:53:13.190Z,2026-09-29T16:04:03.868Z
DEMO-DEV-5979,112,2022-10-01T21:27:50.727Z,2026-09-27T07:11:55.527Z
DEMO-DEV-5985,112,2022-10-10T11:27:46.167Z,2026-09-16T12:04:06.992Z
DEMO-DEV-5999,112,2022-10-21T03:19:40.139Z,2026-08-25T23:36:05.208Z
DEMO-DEV-6005,112,2022-10-08T13:33:09.211Z,2026-09-19T12:48:38.026Z
DEMO-DEV-6025,112,2022-10-01T19:45:50.472Z,2026-09-23T14:51:44.004Z
DEMO-DEV-6075,112,2022-10-19T15:21:37.885Z,2026-09-23T14:38:39.365Z
DEMO-DEV-6092,112,2022-10-06T00:20:28.368Z,2026-09-21T07:38:19.968Z
DEMO-DEV-6103,112,2022-10-16T12:28:52.134Z,2026-09-28T06:26:03.508Z
DEMO-DEV-6104,112,2022-11-03T20:03:36.120Z,2026-09-15T07:23:47.230Z
DEMO-DEV-6181,112,2022-10-03T16:51:56.825Z,2026-07-31T07:16:12.879Z
DEMO-DEV-6206,112,2022-10-09T18:19:16.225Z,2026-09-14T11:07:24.073Z
DEMO-DEV-6231,112,2022-10-06T13:15:02.134Z,2026-09-20T00:42:58.319Z
DEMO-DEV-6346,112,2022-10-13T20:46:01.288Z,2026-09-24T09:49:36.370Z
DEMO-DEV-6493,112,2022-10-05T19:09:11.668Z,2026-09-29T22:20:07.599Z
DEMO-DEV-6494,112,2022-10-07T11:03:25.302Z,2026-09-24T13:59:23.599Z
DEMO-DEV-6498,112,2022-10-10T19:46:16.636Z,2026-09-10T08:39:27.222Z
DEMO-DEV-6513,112,2022-10-28T01:11:31.161Z,2026-09-25T07:58:33.864Z
DEMO-DEV-6550,112,2022-10-02T04:33:37.038Z,2026-08-20T01:41:22.795Z
DEMO-DEV-6569,112,2022-10-04T02:13:24.224Z,2026-08-24T10:36:21.879Z
DEMO-DEV-6571,112,2022-12-16T18:29:46.948Z,2026-08-14T01:43:45.511Z
DEMO-DEV-6602,112,2022-10-04T13:07:30.172Z,2026-09-12T05:17:35.612Z
DEMO-DEV-6620,112,2022-10-31T18:45:59.591Z,2026-08-27T10:13:25.915Z
DEMO-DEV-6629,112,2022-11-05T16:48:02.682Z,2026-09-24T09:14:06.989Z
DEMO-DEV-6670,112,2022-10-14T21:09:13.778Z,2026-09-19T02:40:33.806Z
DEMO-DEV-6698,112,2022-10-15T18:15:01.785Z,2026-09-29T02:17:47.366Z
DEMO-DEV-6725,112,2022-10-19T09:43:46.308Z,2026-09-30T03:09:33.205Z
DEMO-DEV-6729,112,2022-11-09T06:16:11.870Z,2026-09-29T12:35:20.605Z
DEMO-DEV-6746,112,2022-10-14T13:48:47.021Z,2026-08-24T16:28:52.357Z
DEMO-DEV-6772,112,2022-10-13T12:45:10.782Z,2026-09-19T17:50:56.155Z
DEMO-DEV-6790,112,2022-10-01T17:16:35.040Z,2026-09-02T22:27:20.785Z
DEMO-DEV-6796,112,2022-10-18T06:28:48.387Z,2026-09-02T17:07:19.345Z
DEMO-DEV-6814,112,2022-10-13T11:26:29.391Z,2026-08-29T11:31:39.300Z
DEMO-DEV-6822,112,2022-10-04T05:34:54.250Z,2026-09-02T03:52:58.867Z
DEMO-DEV-6826,112,2022-10-11T10:54:04.655Z,2026-09-26T20:00:30.015Z
DEMO-DEV-6836,112,2022-10-06T08:55:16.204Z,2026-09-20T00:32:05.653Z
DEMO-DEV-6891,112,2022-10-16T19:37:00.455Z,2026-09-21T23:59:44.636Z
DEMO-DEV-6931,112,2022-10-05T21:58:21.190Z,2026-08-31T10:22:24.846Z
DEMO-DEV-6998,112,2022-10-06T06:53:36.545Z,2026-09-18T12:41:43.057Z
DEMO-DEV-7032,112,2022-10-11T23:18:01.123Z,2026-09-17T15:16:13.792Z
DEMO-DEV-7050,112,2022-10-03T03:55:43.917Z,2026-09-23T23:47:52.537Z
DEMO-DEV-7073,112,2022-10-03T08:43:24.948Z,2026-09-30T07:05:40.063Z
DEMO-DEV-7095,112,2022-10-08T19:50:44.785Z,2026-09-06T12:58:06.692Z
DEMO-DEV-7119,112,2022-10-16T20:52:24.646Z,2026-09-29T05:20:35.867Z
DEMO-DEV-7127,112,2022-10-03T09:38:52.190Z,2026-09-26T03:30:35.415Z
DEMO-DEV-7179,112,2022-11-12T04:23:48.859Z,2026-09-04T04:41:07.607Z
DEMO-DEV-7295,112,2022-10-04T06:48:04.024Z,2026-09-18T19:45:51.160Z
DEMO-DEV-7299,112,2022-10-23T01:47:58.816Z,2026-08-04T07:56:27.591Z
DEMO-DEV-7303,112,2022-10-03T15:33:35.087Z,2026-09-21T18:52:59.073Z
DEMO-DEV-7318,112,2022-10-16T02:06:58.352Z,2026-09-24T00:44:41.080Z
DEMO-DEV-7323,112,2022-10-12T14:50:16.428Z,2026-09-16T09:24:47.661Z
DEMO-DEV-7352,112,2022-11-11T22:55:18.073Z,2026-09-21T14:35:35.460Z
DEMO-DEV-7411,112,2022-10-02T14:32:28.839Z,2026-09-15T01:55:13.584Z
DEMO-DEV-7418,112,2022-10-08T14:01:33.892Z,2026-09-15T08:36:31.173Z
DEMO-DEV-7477,112,2022-10-04T07:22:33.917Z,2026-09-07T09:25:13.969Z
DEMO-DEV-7514,112,2022-10-16T04:14:00.460Z,2026-09-28T01:50:32.976Z
DEMO-DEV-7520,112,2022-10-08T08:46:01.513Z,2026-09-29T06:48:09.253Z
DEMO-DEV-7650,112,2022-10-08T07:29:00.993Z,2026-09-26T20:07:47.989Z
DEMO-DEV-7660,112,2022-10-14T02:00:09.799Z,2026-09-07T23:36:45.915Z
DEMO-DEV-7722,112,2022-10-10T16:14:30.867Z,2026-09-29T08:32:38.352Z
DEMO-DEV-7723,112,2022-11-07T09:58:26.172Z,2026-09-26T02:02:51.090Z
DEMO-DEV-7754,112,2022-12-21T23:32:27.864Z,2026-07-13T18:32:50.752Z
DEMO-DEV-7791,112,2022-10-06T17:56:13.974Z,2026-09-29T21:43:18.308Z
DEMO-DEV-7797,112,2022-10-04T11:28:26.134Z,2026-09-15T10:18:06.846Z
DEMO-DEV-7824,112,2022-10-02T00:08:24.653Z,2026-09-29T10:48:40.226Z
DEMO-DEV-7829,112,2022-10-05T06:49:16.077Z,2026-09-28T02:28:51.879Z
DEMO-DEV-7866,112,2022-10-04T09:03:18.080Z,2026-09-23T21:04:43.026Z
DEMO-DEV-7872,112,2022-10-06T03:40:12.139Z,2026-08-21T08:18:47.337Z
DEMO-DEV-7914,112,2022-10-11T01:10:26.867Z,2026-09-28T09:51:35.646Z
DEMO-DEV-7936,112,2022-10-02T14:11:21.027Z,2026-09-25T08:11:17.087Z
DEMO-DEV-7937,112,2022-11-06T09:34:17.165Z,2026-09-20T08:16:05.950Z
DEMO-DEV-7940,112,2022-10-10T21:02:55.268Z,2026-09-08T03:42:29.288Z
DEMO-DEV-7943,112,2022-10-15T19:25:18.503Z,2026-08-21T08:14:31.026Z
DEMO-DEV-8022,112,2022-11-06T01:55:53.004Z,2026-09-20T04:32:12.462Z
DEMO-DEV-8030,112,2022-10-11T23:51:03.021Z,2026-09-28T07:13:16.040Z
DEMO-DEV-8047,112,2022-10-02T16:46:37.252Z,2026-08-30T02:31:58.993Z
DEMO-DEV-8061,112,2022-10-12T22:02:47.692Z,2026-09-24T05:34:40.870Z
DEMO-DEV-8073,112,2022-10-22T11:32:35.535Z,2026-09-28T06:04:56.150Z
DEMO-DEV-8101,112,2022-10-03T04:23:07.682Z,2026-09-07T23:35:45.134Z
DEMO-DEV-8112,112,2022-10-09T22:52:23.394Z,2026-09-29T19:32:12.612Z
DEMO-DEV-8129,112,2022-10-10T19:39:40.167Z,2026-08-10T19:12:35.949Z
DEMO-DEV-8166,112,2022-10-02T11:01:24.817Z,2026-09-29T12:03:28.134Z
DEMO-DEV-8171,112,2022-11-08T11:51:44.811Z,2026-09-18T04:20:41.989Z
DEMO-DEV-8174,112,2022-10-11T08:33:50.004Z,2026-09-17T02:53:28.211Z
DEMO-DEV-8219,112,2022-10-01T13:22:37.503Z,2026-09-30T04:49:16.786Z
DEMO-DEV-8242,112,2022-10-10T15:49:14.892Z,2026-09-28T05:17:37.493Z
DEMO-DEV-8272,112,2022-10-09T19:44:51.023Z,2026-09-29T04:29:41.397Z
DEMO-DEV-8300,112,2022-10-10T10:28:45.966Z,2026-09-29T08:46:55.966Z
DEMO-DEV-8305,112,2022-10-06T15:40:05.639Z,2026-09-13T12:37:39.870Z
DEMO-DEV-8309,112,2022-10-02T01:41:34.816Z,2026-09-21T00:23:09.524Z
DEMO-DEV-8345,112,2022-11-03T05:42:57.021Z,2026-09-19T02:53:20.165Z
DEMO-DEV-8405,112,2022-10-06T15:59:39.172Z,2026-09-09T01:14:29.792Z
DEMO-DEV-8413,112,2022-10-05T12:43:48.646Z,2026-09-01T08:59:10.120Z
DEMO-DEV-8423,112,2022-10-22T16:33:35.226Z,2026-09-17T07:17:04.785Z
DEMO-DEV-8424,112,2022-11-10T05:03:38.555Z,2026-09-14T21:03:47.090Z
DEMO-DEV-8447,112,2022-10-20T05:24:03.040Z,2026-09-29T07:52:29.004Z
DEMO-DEV-8450,112,2022-11-22T00:28:24.863Z,2026-09-23T13:49:20.778Z
DEMO-DEV-8460,112,2022-10-04T06:20:38.879Z,2026-09-17T14:48:02.366Z
DEMO-DEV-8468,112,2022-10-07T17:28:19.868Z,2026-09-26T03:56:25.885Z
DEMO-DEV-8484,112,2022-10-25T14:53:28.218Z,2026-09-28T18:09:39.884Z
DEMO-DEV-8538,112,2022-10-05T10:48:26.040Z,2026-09-22T06:13:29.302Z
DEMO-DEV-8616,112,2022-10-07T06:05:41.307Z,2026-08-18T22:37:43.234Z
DEMO-DEV-8630,112,2022-10-15T13:00:04.415Z,2026-09-10T11:42:48.648Z
DEMO-DEV-8662,112,2022-10-04T10:25:42.308Z,2026-09-14T01:53:34.087Z
DEMO-DEV-8666,112,2022-10-13T07:28:56.752Z,2026-09-25T03:23:20.727Z
DEMO-DEV-8687,112,2022-10-02T05:02:30.357Z,2026-09-21T17:18:31.786Z
DEMO-DEV-8700,112,2022-10-02T06:52:56.192Z,2026-09-06T13:10:17.402Z
DEMO-DEV-8701,112,2022-10-04T11:42:21.289Z,2026-09-25T20:56:15.929Z
DEMO-DEV-8703,112,2022-10-05T22:38:22.676Z,2026-08-25T19:43:56.087Z
DEMO-DEV-8755,112,2022-10-15T20:33:53.203Z,2026-09-22T07:28:34.646Z
DEMO-DEV-8788,112,2022-10-02T09:08:14.870Z,2026-08-16T05:18:57.415Z
DEMO-DEV-8807,112,2022-10-13T12:45:09.493Z,2026-09-22T15:37:30.607Z
DEMO-DEV-8849,112,2022-10-16T10:58:31.224Z,2026-09-07T05:24:34.252Z
DEMO-DEV-8866,112,2022-10-01T11:49:53.390Z,2026-09-29T09:55:34.914Z
DEMO-DEV-8912,112,2022-10-04T18:34:27.470Z,2026-09-28T16:39:54.966Z
DEMO-DEV-8932,112,2022-10-05T10:37:28.778Z,2026-09-24T02:27:03.676Z
DEMO-DEV-9053,112,2022-10-13T03:59:34.636Z,2026-09-15T11:30:38.915Z
DEMO-DEV-9061,112,2022-10-08T09:00:38.614Z,2026-09-27T11:55:24.926Z
DEMO-DEV-9239,112,2022-11-06T19:40:21.250Z,2026-09-27T18:25:20.150Z
DEMO-DEV-9246,112,2022-10-03T14:43:19.073Z,2026-09-04T01:10:40.804Z
DEMO-DEV-9247,112,2022-10-12T11:25:34.236Z,2026-09-29T18:37:29.816Z
DEMO-DEV-9250,112,2022-10-13T11:33:10.239Z,2026-09-01T01:28:20.390Z
DEMO-DEV-9261,112,2022-10-05T09:27:12.591Z,2026-09-14T19:24:19.172Z
DEMO-DEV-9271,112,2022-10-14T04:45:56.666Z,2026-09-29T06:57:45.735Z
DEMO-DEV-9286,112,2022-10-16T04:04:17.161Z,2026-09-23T07:01:28.319Z
DEMO-DEV-9287,112,2022-10-12T19:41:24.597Z,2026-09-05T02:31:42.455Z
DEMO-DEV-9306,112,2022-10-25T11:52:42.208Z,2026-09-30T07:25:45.428Z
DEMO-DEV-9366,112,2022-10-25T18:14:06.500Z,2026-06-28T00:53:47.291Z
DEMO-DEV-9416,112,2022-10-10T17:11:02.230Z,2026-09-08T06:47:23.167Z
DEMO-DEV-9437,112,2022-10-07T03:18:37.811Z,2026-08-16T04:32:58.870Z
DEMO-DEV-9459,112,2022-10-14T06:22:55.839Z,2026-09-17T12:43:22.710Z
DEMO-DEV-9476,112,2022-11-08T21:48:06.557Z,2026-09-12T19:07:07.987Z
DEMO-DEV-9480,112,2022-10-05T17:41:51.288Z,2026-09-19T11:47:17.391Z
DEMO-DEV-9490,112,2022-10-06T15:41:51.537Z,2026-09-28T22:17:39.087Z
DEMO-DEV-9648,112,2022-10-14T18:42:27.165Z,2026-09-20T22:39:45.804Z
DEMO-DEV-9654,112,2022-10-23T12:09:22.816Z,2026-09-23T22:47:43.161Z
DEMO-DEV-9703,112,2022-10-20T09:16:53.315Z,2026-09-18T16:59:29.859Z
DEMO-DEV-9715,112,2022-10-07T15:59:12.578Z,2026-09-25T10:59:44.462Z
DEMO-DEV-9771,112,2022-10-21T17:31:31.714Z,2026-09-26T06:43:53.037Z
DEMO-DEV-9823,112,2022-10-01T11:02:44.738Z,2026-09-21T11:08:29.246Z
DEMO-DEV-9877,112,2022-10-29T14:55:38.914Z,2026-09-19T18:16:28.307Z
DEMO-DEV-9878,112,2022-10-24T03:09:31.394Z,2026-09-28T23:41:05.319Z
DEMO-DEV-9916,112,2022-10-04T11:26:54.345Z,2026-09-23T07:48:15.914Z
DEMO-DEV-9935,112,2022-10-01T22:39:48.784Z,2026-09-27T02:59:14.090Z
DEMO-DEV-9987,112,2022-10-13T02:15:01.138Z,2026-09-27T10:05:22.230Z
DEMO-DEV-9989,112,2022-10-02T08:15:37.443Z,2026-09-24T07:19:58.985Z
DEMO-DEV-0048,111,2022-10-15T11:08:10.614Z,2026-09-18T10:13:53.765Z
DEMO-DEV-0061,111,2022-10-17T02:04:20.584Z,2026-09-12T08:51:26.523Z
DEMO-DEV-0091,111,2022-10-30T03:30:14.666Z,2026-09-29T11:17:25.211Z
DEMO-DEV-0105,111,2022-10-24T18:00:40.238Z,2026-09-29T23:00:49.272Z
DEMO-DEV-0122,111,2022-10-04T12:58:34.236Z,2026-09-07T08:21:03.365Z
DEMO-DEV-0206,111,2022-10-15T08:35:01.877Z,2026-08-18T12:45:12.778Z
DEMO-DEV-0208,111,2022-10-11T09:40:57.877Z,2026-09-30T05:44:58.817Z
DEMO-DEV-0221,111,2022-10-02T01:15:00.300Z,2026-09-21T12:35:15.913Z
DEMO-DEV-0309,111,2022-10-15T20:27:15.727Z,2026-09-23T18:29:58.806Z
DEMO-DEV-0348,111,2022-10-18T20:00:50.966Z,2026-09-18T01:42:28.307Z
DEMO-DEV-0393,111,2022-10-10T18:08:45.428Z,2026-09-05T09:36:42.719Z
DEMO-DEV-0402,111,2022-10-03T00:23:25.976Z,2026-09-23T10:11:55.442Z
DEMO-DEV-0450,111,2022-10-02T05:46:21.120Z,2026-09-12T02:49:37.172Z
DEMO-DEV-0460,111,2022-10-01T13:40:04.653Z,2026-09-10T15:41:55.948Z
DEMO-DEV-0463,111,2022-11-04T02:00:46.816Z,2026-09-30T01:47:49.366Z
DEMO-DEV-0467,111,2022-10-01T23:11:46.786Z,2026-09-12T13:35:34.298Z
DEMO-DEV-0517,111,2022-11-10T01:14:33.965Z,2026-09-12T21:01:52.523Z
DEMO-DEV-0546,111,2022-10-04T14:54:03.949Z,2026-09-29T03:53:25.289Z
DEMO-DEV-0561,111,2022-11-03T17:13:06.403Z,2026-09-24T17:42:19.843Z
DEMO-DEV-0563,111,2022-10-05T01:10:45.965Z,2026-09-19T08:59:30.929Z
DEMO-DEV-0579,111,2022-10-10T16:58:12.252Z,2026-09-19T15:16:15.556Z
DEMO-DEV-0605,111,2022-12-04T15:44:57.865Z,2026-09-28T13:20:44.307Z
DEMO-DEV-0606,111,2022-10-18T17:03:55.752Z,2026-09-22T14:47:54.068Z
DEMO-DEV-0635,111,2022-11-07T15:02:10.784Z,2026-09-25T21:28:20.519Z
DEMO-DEV-0659,111,2022-10-01T19:14:13.138Z,2026-09-06T21:13:26.024Z
DEMO-DEV-0690,111,2022-10-23T16:59:39.727Z,2026-09-21T13:36:49.841Z
DEMO-DEV-0735,111,2022-11-21T19:24:41.929Z,2026-09-28T12:01:36.024Z
DEMO-DEV-0740,111,2022-10-06T03:13:48.272Z,2026-09-09T19:39:47.584Z
DEMO-DEV-0766,111,2022-10-16T21:32:16.368Z,2026-09-20T14:51:34.254Z
DEMO-DEV-0785,111,2022-10-23T01:16:44.397Z,2026-09-24T02:25:55.037Z
DEMO-DEV-0845,111,2022-10-04T09:10:13.843Z,2026-09-11T08:15:22.784Z
DEMO-DEV-0859,111,2022-10-13T20:48:42.246Z,2026-09-15T03:57:46.976Z
DEMO-DEV-0869,111,2022-10-28T03:04:51.352Z,2026-09-21T21:25:23.218Z
DEMO-DEV-0918,111,2022-10-04T19:37:34.319Z,2026-08-28T16:09:30.172Z
DEMO-DEV-0925,111,2022-10-26T13:07:54.618Z,2026-09-29T23:15:14.211Z
DEMO-DEV-0956,111,2022-10-02T03:38:33.446Z,2026-09-17T00:43:51.806Z
DEMO-DEV-0964,111,2022-10-18T08:13:52.917Z,2026-09-26T14:40:05.234Z
DEMO-DEV-0986,111,2022-10-04T06:22:05.232Z,2026-07-09T00:06:39.646Z
DEMO-DEV-10000,111,2022-11-15T09:19:56.846Z,2026-09-26T13:33:05.879Z
DEMO-DEV-1019,111,2022-10-09T06:35:39.841Z,2026-09-28T08:08:18.557Z
DEMO-DEV-1041,111,2022-10-10T14:21:26.368Z,2026-09-23T18:27:54.578Z
DEMO-DEV-1105,111,2022-10-07T05:17:49.870Z,2026-09-24T13:17:18.989Z
DEMO-DEV-1116,111,2022-10-03T00:40:22.250Z,2026-09-20T10:26:48.068Z
DEMO-DEV-1224,111,2022-10-02T19:10:48.325Z,2026-09-23T14:03:44.846Z
DEMO-DEV-1257,111,2022-10-13T09:43:24.219Z,2026-09-06T11:45:02.352Z
DEMO-DEV-1305,111,2022-10-10T06:34:28.879Z,2026-08-16T11:08:39.205Z
DEMO-DEV-1346,111,2022-10-04T05:30:13.038Z,2026-09-07T19:18:23.653Z
DEMO-DEV-1358,111,2022-10-01T10:23:07.868Z,2026-08-29T06:14:05.989Z
DEMO-DEV-1384,111,2022-10-15T06:57:55.073Z,2026-09-08T05:49:17.442Z
DEMO-DEV-1415,111,2022-11-13T01:04:14.841Z,2026-09-26T22:33:25.976Z
DEMO-DEV-1452,111,2022-10-05T09:02:25.985Z,2026-09-19T09:59:08.239Z
DEMO-DEV-1460,111,2022-11-10T18:54:57.397Z,2026-09-15T19:07:07.403Z
DEMO-DEV-1469,111,2022-11-08T17:33:17.578Z,2026-08-26T17:41:54.738Z
DEMO-DEV-1474,111,2022-10-05T08:08:03.879Z,2026-09-28T12:14:35.914Z
DEMO-DEV-1480,111,2022-11-30T13:22:56.300Z,2026-09-28T03:29:47.975Z
DEMO-DEV-1490,111,2022-10-21T05:35:55.352Z,2026-09-19T19:02:24.735Z
DEMO-DEV-1546,111,2022-10-20T11:21:19.870Z,2026-09-26T00:39:00.784Z
DEMO-DEV-1562,111,2022-10-09T22:04:54.208Z,2026-09-30T06:57:53.505Z
DEMO-DEV-1603,111,2022-10-16T06:21:04.646Z,2026-09-30T02:34:27.513Z
DEMO-DEV-1652,111,2022-10-10T11:47:18.221Z,2026-09-03T15:55:48.612Z
DEMO-DEV-1675,111,2022-10-06T19:57:48.239Z,2026-09-25T21:28:37.948Z
DEMO-DEV-1677,111,2022-10-20T19:43:18.503Z,2026-08-26T22:10:19.173Z
DEMO-DEV-1734,111,2022-10-19T07:47:04.989Z,2026-09-02T19:08:30.841Z
DEMO-DEV-1739,111,2022-10-25T12:54:22.992Z,2026-08-28T12:21:53.778Z
DEMO-DEV-1763,111,2022-10-04T06:03:06.975Z,2026-09-19T11:53:02.168Z
DEMO-DEV-1806,111,2022-10-04T02:14:02.239Z,2026-09-18T04:51:43.004Z
DEMO-DEV-1827,111,2022-10-02T06:36:14.782Z,2026-09-21T22:43:47.218Z
DEMO-DEV-1834,111,2022-10-29T06:12:19.090Z,2026-09-23T17:20:12.230Z
DEMO-DEV-1876,111,2022-10-01T13:20:14.236Z,2026-08-27T06:57:46.466Z
DEMO-DEV-1880,111,2022-10-06T11:03:33.224Z,2026-09-12T09:36:51.519Z
DEMO-DEV-1888,111,2022-10-10T05:06:52.799Z,2026-09-28T14:09:14.391Z
DEMO-DEV-1903,111,2022-11-09T04:36:37.843Z,2026-09-16T01:34:32.300Z
DEMO-DEV-1907,111,2022-10-05T04:24:19.864Z,2026-08-29T16:16:27.765Z
DEMO-DEV-1914,111,2022-10-12T16:19:55.203Z,2026-09-06T04:12:22.365Z
DEMO-DEV-1924,111,2022-10-07T03:34:33.221Z,2026-09-09T09:24:58.646Z
DEMO-DEV-1925,111,2022-10-10T05:30:10.987Z,2026-09-14T15:58:39.345Z
DEMO-DEV-1934,111,2022-10-12T08:54:54.926Z,2026-09-30T00:13:25.817Z
DEMO-DEV-1943,111,2022-11-26T12:11:08.403Z,2026-09-20T23:33:58.192Z
DEMO-DEV-1952,111,2022-10-16T12:05:52.352Z,2026-09-26T01:32:16.190Z
DEMO-DEV-1970,111,2022-10-02T01:16:45.203Z,2026-09-23T06:54:23.851Z
DEMO-DEV-2017,111,2022-10-01T23:37:34.291Z,2026-09-14T01:04:45.688Z
DEMO-DEV-2022,111,2022-10-07T13:46:41.661Z,2026-08-28T22:28:39.816Z
DEMO-DEV-2039,111,2022-10-08T19:47:11.692Z,2026-09-08T00:11:02.811Z
DEMO-DEV-2170,111,2022-11-24T06:52:34.172Z,2026-08-21T04:41:12.300Z
DEMO-DEV-2184,111,2022-10-22T18:01:28.513Z,2026-09-28T07:48:25.138Z
DEMO-DEV-2189,111,2022-10-14T05:09:39.985Z,2026-09-24T10:37:27.087Z
DEMO-DEV-2194,111,2022-10-10T15:39:47.646Z,2026-09-16T19:51:02.211Z
DEMO-DEV-2199,111,2022-10-05T23:42:02.682Z,2026-09-24T07:20:50.203Z
DEMO-DEV-2203,111,2022-11-05T16:56:10.172Z,2026-09-27T12:53:48.232Z
DEMO-DEV-2293,111,2022-10-22T00:50:01.929Z,2026-08-25T18:19:34.710Z
DEMO-DEV-2470,111,2022-10-07T22:18:28.950Z,2026-09-13T06:59:42.785Z
DEMO-DEV-2510,111,2022-10-03T23:51:57.859Z,2026-09-29T22:00:49.545Z
DEMO-DEV-2511,111,2022-10-03T22:31:08.976Z,2026-09-21T11:47:54.612Z
DEMO-DEV-2518,111,2022-10-07T12:25:39.985Z,2026-09-06T03:04:49.974Z
DEMO-DEV-2525,111,2022-11-16T14:53:24.190Z,2026-09-27T17:01:44.238Z
DEMO-DEV-2543,111,2022-10-22T11:40:52.470Z,2026-09-24T22:47:19.037Z
DEMO-DEV-2589,111,2022-10-02T11:01:18.859Z,2026-09-23T23:33:24.038Z
DEMO-DEV-2617,111,2022-10-02T22:15:03.688Z,2026-09-17T22:28:41.765Z
DEMO-DEV-2618,111,2022-10-30T02:50:07.524Z,2026-09-22T10:26:47.189Z
DEMO-DEV-2641,111,2022-10-29T16:43:31.239Z,2026-09-17T10:01:42.225Z
DEMO-DEV-2678,111,2022-10-02T05:31:32.390Z,2026-09-27T08:18:08.134Z
DEMO-DEV-2714,111,2022-10-21T21:08:32.289Z,2026-09-19T19:06:27.851Z
DEMO-DEV-2731,111,2022-10-07T08:41:42.254Z,2026-09-24T10:23:41.120Z
DEMO-DEV-2733,111,2022-10-02T07:49:19.150Z,2026-09-14T08:53:06.160Z
DEMO-DEV-2755,111,2022-10-04T03:46:45.989Z,2026-09-14T21:50:39.073Z
DEMO-DEV-2772,111,2022-10-05T14:05:23.365Z,2026-09-27T04:44:58.221Z
DEMO-DEV-2781,111,2022-11-03T23:30:53.063Z,2026-09-11T12:05:54.688Z
DEMO-DEV-2827,111,2022-11-03T23:08:47.968Z,2026-09-08T09:54:11.811Z
DEMO-DEV-2878,111,2022-10-25T06:31:44.949Z,2026-08-31T03:00:06.612Z
DEMO-DEV-2886,111,2022-10-02T15:04:09.167Z,2026-09-19T19:48:41.839Z
DEMO-DEV-2949,111,2022-10-02T11:26:06.015Z,2026-09-29T14:51:31.702Z
DEMO-DEV-2961,111,2022-10-08T14:29:05.090Z,2026-09-15T10:57:55.568Z
DEMO-DEV-3053,111,2022-10-07T12:42:18.785Z,2026-08-07T16:54:40.226Z
DEMO-DEV-3082,111,2022-10-03T10:21:29.851Z,2026-09-15T17:31:42.168Z
DEMO-DEV-3098,111,2022-10-12T13:14:57.308Z,2026-09-29T16:37:47.784Z
DEMO-DEV-3114,111,2022-10-06T20:57:52.503Z,2026-09-28T09:12:31.415Z
DEMO-DEV-3122,111,2022-10-20T15:31:20.710Z,2026-09-21T21:27:41.974Z
DEMO-DEV-3134,111,2022-10-13T22:39:22.976Z,2026-09-16T07:19:51.460Z
DEMO-DEV-3163,111,2022-10-09T06:30:45.545Z,2026-09-10T19:48:40.668Z
DEMO-DEV-3201,111,2022-10-14T03:56:05.302Z,2026-09-25T22:17:43.692Z
DEMO-DEV-3262,111,2022-10-16T08:10:21.735Z,2026-09-24T06:22:19.134Z
DEMO-DEV-3294,111,2022-10-11T05:23:55.803Z,2026-09-15T06:31:54.792Z
DEMO-DEV-3301,111,2022-10-16T00:03:27.204Z,2026-09-27T09:08:51.014Z
DEMO-DEV-3313,111,2022-10-15T20:01:34.591Z,2026-09-14T03:55:12.222Z
DEMO-DEV-3338,111,2022-10-10T08:33:25.409Z,2026-09-28T08:54:22.161Z
DEMO-DEV-3359,111,2022-10-11T00:26:45.192Z,2026-09-30T04:49:57.370Z
DEMO-DEV-3388,111,2022-10-08T12:40:27.291Z,2026-09-27T01:45:40.784Z
DEMO-DEV-3393,111,2022-10-14T01:27:04.976Z,2026-09-29T14:11:45.387Z
DEMO-DEV-3413,111,2022-10-20T13:50:50.676Z,2026-09-02T19:52:45.591Z
DEMO-DEV-3468,111,2022-10-14T14:51:30.792Z,2026-08-11T04:45:32.817Z
DEMO-DEV-3556,111,2022-10-05T02:23:01.462Z,2026-09-20T10:40:46.272Z
DEMO-DEV-3589,111,2022-10-21T10:38:51.307Z,2026-09-10T17:20:00.192Z
DEMO-DEV-3617,111,2022-10-24T22:12:49.879Z,2026-09-15T09:29:58.165Z
DEMO-DEV-3674,111,2022-11-04T19:15:20.505Z,2026-09-09T13:43:11.841Z
DEMO-DEV-3750,111,2022-10-02T15:24:02.719Z,2026-08-30T07:24:53.966Z
DEMO-DEV-3755,111,2022-10-09T16:45:02.073Z,2026-09-08T17:53:17.308Z
DEMO-DEV-3761,111,2022-11-04T16:38:26.524Z,2026-09-16T04:11:36.205Z
DEMO-DEV-3765,111,2022-10-19T05:02:22.914Z,2026-09-06T19:23:21.472Z
DEMO-DEV-3842,111,2022-10-03T19:32:46.976Z,2026-09-25T18:08:52.676Z
DEMO-DEV-3844,111,2022-10-14T06:25:34.738Z,2026-09-26T07:18:43.037Z
DEMO-DEV-3857,111,2022-11-01T10:47:23.968Z,2026-09-26T13:20:12.300Z
DEMO-DEV-3866,111,2022-10-08T20:28:26.752Z,2026-08-28T07:19:36.409Z
DEMO-DEV-3890,111,2022-10-05T01:37:14.470Z,2026-09-28T22:16:31.403Z
DEMO-DEV-3903,111,2022-10-30T18:30:35.535Z,2026-09-30T04:05:21.842Z
DEMO-DEV-3942,111,2022-10-18T10:11:17.080Z,2026-09-20T22:36:57.537Z
DEMO-DEV-3983,111,2022-10-01T14:08:13.415Z,2026-08-05T12:08:32.793Z
DEMO-DEV-3986,111,2022-10-17T18:06:49.315Z,2026-09-29T03:24:52.155Z
DEMO-DEV-4026,111,2022-10-04T11:39:13.493Z,2026-09-01T18:21:50.870Z
DEMO-DEV-4054,111,2022-10-07T06:35:34.172Z,2026-09-30T04:20:41.949Z
DEMO-DEV-4136,111,2022-11-08T05:23:00.391Z,2026-09-27T18:07:32.370Z
DEMO-DEV-4171,111,2022-10-19T12:55:50.949Z,2026-09-29T12:58:43.648Z
DEMO-DEV-4193,111,2022-11-01T23:10:48.591Z,2026-09-02T00:04:28.403Z
DEMO-DEV-4224,111,2022-10-13T15:03:04.537Z,2026-09-26T04:38:06.795Z
DEMO-DEV-4266,111,2022-10-08T13:12:40.264Z,2026-08-28T20:39:57.173Z
DEMO-DEV-4423,111,2022-10-02T11:24:50.658Z,2026-09-24T05:03:39.120Z
DEMO-DEV-4502,111,2022-11-14T10:08:14.949Z,2026-09-28T12:44:09.513Z
DEMO-DEV-4510,111,2022-10-17T02:42:18.239Z,2026-09-09T08:26:25.974Z
DEMO-DEV-4529,111,2022-10-15T19:31:54.702Z,2026-09-17T09:52:02.993Z
DEMO-DEV-4554,111,2022-10-27T09:47:19.914Z,2026-09-17T05:25:42.238Z
DEMO-DEV-4560,111,2022-10-12T10:06:52.786Z,2026-09-10T03:46:25.661Z
DEMO-DEV-4568,111,2022-10-05T17:45:39.966Z,2026-09-23T12:08:14.485Z
DEMO-DEV-4589,111,2022-10-20T16:16:22.402Z,2026-09-16T03:45:22.015Z
DEMO-DEV-4619,111,2022-11-01T17:58:14.057Z,2026-09-22T02:14:23.784Z
DEMO-DEV-4649,111,2022-10-09T20:46:56.782Z,2026-09-28T06:13:56.319Z
DEMO-DEV-4685,111,2022-10-23T11:27:54.024Z,2026-09-29T04:46:55.390Z
DEMO-DEV-4686,111,2022-10-09T13:38:22.950Z,2026-09-29T09:01:36.719Z
DEMO-DEV-4689,111,2022-10-20T13:53:22.873Z,2026-08-19T17:43:21.057Z
DEMO-DEV-4708,111,2022-10-04T02:45:40.646Z,2026-08-28T12:27:38.287Z
DEMO-DEV-4744,111,2022-10-07T23:49:23.545Z,2026-09-26T08:29:40.879Z
DEMO-DEV-4758,111,2022-10-03T13:01:38.535Z,2026-09-22T15:22:05.352Z
DEMO-DEV-4813,111,2022-10-15T04:30:37.966Z,2026-09-15T05:14:43.806Z
DEMO-DEV-4866,111,2022-10-19T21:44:16.190Z,2026-09-29T03:56:50.965Z
DEMO-DEV-4868,111,2022-10-14T07:13:29.555Z,2026-09-27T11:28:25.503Z
DEMO-DEV-4885,111,2022-10-10T13:20:39.470Z,2026-09-22T22:20:20.877Z
DEMO-DEV-4889,111,2022-10-05T04:33:05.221Z,2026-09-29T19:19:03.192Z
DEMO-DEV-4897,111,2022-10-09T09:02:05.239Z,2026-09-24T05:22:47.676Z
DEMO-DEV-4910,111,2022-10-05T14:20:22.513Z,2026-09-30T03:36:49.974Z
DEMO-DEV-4917,111,2022-10-16T10:42:06.168Z,2026-09-18T07:05:29.989Z
DEMO-DEV-4923,111,2022-10-31T02:05:44.203Z,2026-09-13T22:29:41.535Z
DEMO-DEV-4935,111,2022-10-09T02:46:22.403Z,2026-09-10T13:48:28.443Z
DEMO-DEV-4978,111,2022-10-13T14:30:29.557Z,2026-09-24T04:56:20.370Z
DEMO-DEV-5015,111,2022-10-27T03:18:55.120Z,2026-09-11T17:56:37.929Z
DEMO-DEV-5027,111,2022-10-05T07:58:30.793Z,2026-09-04T05:06:10.443Z
DEMO-DEV-5032,111,2022-10-14T11:25:41.568Z,2026-09-28T06:31:53.165Z
DEMO-DEV-5033,111,2022-10-16T08:28:15.605Z,2026-09-29T02:52:15.226Z
DEMO-DEV-5061,111,2022-11-02T21:05:43.639Z,2026-09-18T00:37:29.307Z
DEMO-DEV-5080,111,2022-10-14T06:35:15.785Z,2026-08-09T09:29:48.989Z
DEMO-DEV-5088,111,2022-10-09T10:50:53.365Z,2026-09-29T23:09:06.965Z
DEMO-DEV-5114,111,2022-10-06T19:28:39.682Z,2026-09-24T05:18:17.524Z
DEMO-DEV-5118,111,2022-10-11T11:23:21.298Z,2026-09-07T22:43:18.057Z
DEMO-DEV-5130,111,2022-11-02T12:35:59.605Z,2026-09-23T19:38:24.816Z
DEMO-DEV-5167,111,2022-10-13T20:56:52.843Z,2026-09-22T08:55:53.913Z
DEMO-DEV-5212,111,2022-10-06T18:37:06.024Z,2026-09-19T00:51:36.682Z
DEMO-DEV-5235,111,2022-10-07T14:34:11.442Z,2026-09-07T00:37:32.368Z
DEMO-DEV-5262,111,2022-10-18T13:48:09.014Z,2026-09-14T09:11:19.252Z
DEMO-DEV-5263,111,2022-10-08T14:24:47.238Z,2026-08-25T23:53:22.138Z
DEMO-DEV-5272,111,2022-10-07T14:39:58.250Z,2026-09-11T10:16:28.914Z
DEMO-DEV-5294,111,2022-10-11T17:08:55.688Z,2026-09-28T10:32:41.150Z
DEMO-DEV-5321,111,2022-10-07T20:55:02.027Z,2026-09-26T20:00:32.817Z
DEMO-DEV-5339,111,2022-10-01T20:59:49.272Z,2026-09-14T04:04:32.325Z
DEMO-DEV-5386,111,2022-10-26T15:18:29.403Z,2026-09-23T07:31:10.352Z
DEMO-DEV-5402,111,2022-10-25T18:20:47.989Z,2026-09-28T14:03:26.302Z
DEMO-DEV-5420,111,2022-10-13T03:10:35.038Z,2026-09-15T10:11:31.965Z
DEMO-DEV-5446,111,2022-10-04T06:10:46.239Z,2026-09-22T09:00:58.246Z
DEMO-DEV-5484,111,2022-10-02T10:42:29.234Z,2026-09-24T12:44:37.394Z
DEMO-DEV-5493,111,2022-10-05T22:38:57.892Z,2026-09-18T06:50:00.168Z
DEMO-DEV-5506,111,2022-10-10T23:56:48.867Z,2026-07-27T22:22:11.929Z
DEMO-DEV-5523,111,2022-10-07T07:28:44.692Z,2026-09-14T10:56:35.648Z
DEMO-DEV-5569,111,2022-12-04T21:59:19.646Z,2026-09-17T14:46:01.226Z
DEMO-DEV-5570,111,2022-10-07T03:50:25.817Z,2026-09-12T23:06:51.792Z
DEMO-DEV-5577,111,2022-10-06T07:25:46.503Z,2026-09-24T15:41:16.989Z
DEMO-DEV-5585,111,2022-10-08T11:54:07.211Z,2026-08-24T15:16:34.300Z
DEMO-DEV-5626,111,2022-10-01T08:58:35.370Z,2026-09-12T12:39:32.307Z
DEMO-DEV-5649,111,2022-11-22T14:35:32.714Z,2026-09-09T13:07:07.172Z
DEMO-DEV-5660,111,2022-10-04T07:48:52.252Z,2026-09-18T12:27:41.578Z
DEMO-DEV-5698,111,2022-10-13T02:14:44.607Z,2026-09-17T04:23:50.884Z
DEMO-DEV-5707,111,2022-10-04T04:25:36.370Z,2026-09-16T14:30:49.765Z
DEMO-DEV-5717,111,2022-10-10T20:37:24.365Z,2026-09-22T14:05:16.605Z
DEMO-DEV-5741,111,2022-10-17T03:47:57.302Z,2026-08-31T19:01:38.080Z
DEMO-DEV-5764,111,2022-10-10T17:56:21.345Z,2026-09-21T12:47:21.792Z
DEMO-DEV-5833,111,2022-10-12T23:54:33.568Z,2026-09-21T01:56:38.804Z
DEMO-DEV-5854,111,2022-10-10T07:36:08.842Z,2026-09-27T06:11:41.037Z
DEMO-DEV-5866,111,2022-10-02T04:26:46.868Z,2026-09-23T07:45:05.037Z
DEMO-DEV-5884,111,2022-10-05T01:32:54.842Z,2026-09-14T00:44:05.160Z
DEMO-DEV-5904,111,2022-10-23T07:09:27.225Z,2026-09-28T21:26:06.591Z
DEMO-DEV-5939,111,2022-10-04T07:27:53.397Z,2026-09-20T20:55:18.863Z
DEMO-DEV-5948,111,2022-10-08T03:31:13.446Z,2026-08-14T19:41:30.976Z
DEMO-DEV-5958,111,2022-10-04T15:02:47.264Z,2026-09-27T09:27:29.646Z
DEMO-DEV-5969,111,2022-10-16T16:05:44.428Z,2026-09-12T00:19:19.976Z
DEMO-DEV-5975,111,2022-10-29T19:56:46.023Z,2026-09-24T12:58:10.172Z
DEMO-DEV-6020,111,2022-10-02T06:52:58.503Z,2026-09-29T04:36:17.428Z
DEMO-DEV-6096,111,2022-10-24T07:42:19.455Z,2026-09-14T00:26:15.879Z
DEMO-DEV-6118,111,2022-10-05T19:45:08.841Z,2026-09-25T10:16:51.370Z
DEMO-DEV-6134,111,2022-10-01T23:18:28.968Z,2026-09-19T13:22:52.578Z
DEMO-DEV-6162,111,2022-10-01T11:08:45.045Z,2026-08-19T03:35:43.599Z
DEMO-DEV-6347,111,2022-10-17T17:06:51.785Z,2026-09-27T03:12:10.636Z
DEMO-DEV-6367,111,2022-10-12T09:05:48.319Z,2026-09-28T14:57:31.230Z
DEMO-DEV-6379,111,2022-10-10T05:44:35.655Z,2026-09-28T02:53:50.714Z
DEMO-DEV-6433,111,2022-10-04T21:42:50.289Z,2026-09-18T17:10:47.291Z
DEMO-DEV-6441,111,2022-10-02T08:07:28.612Z,2026-09-04T16:10:59.555Z
DEMO-DEV-6465,111,2022-10-05T01:31:11.505Z,2026-09-20T14:10:01.291Z
DEMO-DEV-6489,111,2022-11-14T06:15:19.075Z,2026-09-15T10:22:40.224Z
DEMO-DEV-6594,111,2022-10-10T18:36:22.778Z,2026-09-26T10:32:27.676Z
DEMO-DEV-6633,111,2022-10-21T15:19:39.929Z,2026-09-23T00:40:54.793Z
DEMO-DEV-6713,111,2022-10-08T23:21:43.636Z,2026-09-29T06:11:45.014Z
DEMO-DEV-6724,111,2022-10-14T05:41:12.211Z,2026-09-06T13:26:52.357Z
DEMO-DEV-6737,111,2022-10-26T06:53:26.219Z,2026-09-29T01:56:45.503Z
DEMO-DEV-6739,111,2022-11-02T20:08:14.172Z,2026-09-20T04:26:08.661Z
DEMO-DEV-6771,111,2022-10-03T17:30:00.172Z,2026-09-21T10:53:26.661Z
DEMO-DEV-6782,111,2022-10-28T01:36:01.352Z,2026-09-20T06:05:17.682Z
DEMO-DEV-6784,111,2022-10-04T12:18:45.442Z,2026-08-24T09:43:59.524Z
DEMO-DEV-6810,111,2022-10-26T16:32:40.138Z,2026-09-16T15:26:32.120Z
DEMO-DEV-6842,111,2022-10-05T16:35:48.842Z,2026-09-29T16:59:55.023Z
DEMO-DEV-6850,111,2022-10-06T20:04:04.527Z,2026-09-21T07:31:00.308Z
DEMO-DEV-6897,111,2022-10-22T17:01:36.785Z,2026-09-30T05:22:42.409Z
DEMO-DEV-6908,111,2022-10-04T19:42:37.892Z,2026-09-29T22:35:10.639Z
DEMO-DEV-7014,111,2022-10-01T21:39:57.272Z,2026-09-30T08:16:33.165Z
DEMO-DEV-7017,111,2022-10-06T02:46:49.612Z,2026-09-22T14:15:37.614Z
DEMO-DEV-7023,111,2022-10-09T19:13:20.027Z,2026-07-29T06:59:58.949Z
DEMO-DEV-7084,111,2022-10-07T02:25:51.239Z,2026-09-28T15:20:57.863Z
DEMO-DEV-7128,111,2022-10-19T10:49:27.950Z,2026-09-11T02:41:58.825Z
DEMO-DEV-7187,111,2022-10-12T14:45:42.357Z,2026-08-18T04:39:56.470Z
DEMO-DEV-7199,111,2022-10-20T17:41:00.120Z,2026-09-28T07:15:10.817Z
DEMO-DEV-7205,111,2022-10-02T12:32:03.605Z,2026-09-18T13:28:57.868Z
DEMO-DEV-7224,111,2022-10-07T06:02:02.123Z,2026-09-21T03:56:09.470Z
DEMO-DEV-7233,111,2022-10-31T13:39:51.524Z,2026-09-26T13:20:46.868Z
DEMO-DEV-7240,111,2022-10-16T00:27:20.636Z,2026-09-28T16:33:27.989Z
DEMO-DEV-7289,111,2022-10-13T09:01:12.026Z,2026-09-15T03:11:22.218Z
DEMO-DEV-7350,111,2022-10-21T15:12:40.692Z,2026-09-11T07:04:52.545Z
DEMO-DEV-7353,111,2022-10-29T06:07:34.868Z,2026-09-23T08:06:12.289Z
DEMO-DEV-7385,111,2022-10-02T05:40:21.205Z,2026-09-06T07:30:17.929Z
DEMO-DEV-7442,111,2022-10-08T07:40:46.232Z,2026-09-08T00:01:30.080Z
DEMO-DEV-7482,111,2022-10-29T03:55:30.885Z,2026-09-27T21:42:50.466Z
DEMO-DEV-7534,111,2022-10-02T23:07:21.969Z,2026-09-24T05:30:11.287Z
DEMO-DEV-7537,111,2022-10-11T20:49:17.891Z,2026-09-30T02:56:12.987Z
DEMO-DEV-7729,111,2022-10-04T20:15:06.782Z,2026-09-29T08:28:34.599Z
DEMO-DEV-7746,111,2022-10-10T23:33:31.646Z,2026-09-01T04:21:21.204Z
DEMO-DEV-7809,111,2022-10-29T08:59:35.272Z,2026-09-30T00:47:02.785Z
DEMO-DEV-7842,111,2022-10-18T16:23:24.870Z,2026-09-02T21:23:55.190Z
DEMO-DEV-7880,111,2022-10-04T10:17:06.014Z,2026-09-14T02:47:52.692Z
DEMO-DEV-7912,111,2022-10-01T21:34:23.513Z,2026-09-27T02:49:11.366Z
DEMO-DEV-7930,111,2022-10-14T21:40:16.470Z,2026-09-19T11:54:09.864Z
DEMO-DEV-7984,111,2022-10-01T13:59:34.365Z,2026-09-18T22:38:08.965Z
DEMO-DEV-8027,111,2022-10-06T14:31:19.268Z,2026-09-24T22:54:45.842Z
DEMO-DEV-8046,111,2022-10-09T16:15:05.879Z,2026-09-27T23:55:41.975Z
DEMO-DEV-8049,111,2022-11-22T01:46:35.865Z,2026-09-25T18:38:24.765Z
DEMO-DEV-8066,111,2022-11-17T12:29:06.806Z,2026-09-19T15:01:37.688Z
DEMO-DEV-8149,111,2022-10-23T00:32:04.300Z,2026-07-25T10:11:45.929Z
DEMO-DEV-8193,111,2022-10-19T23:46:16.792Z,2026-09-24T19:25:21.391Z
DEMO-DEV-8194,111,2022-10-14T16:45:35.150Z,2026-09-27T01:51:30.038Z
DEMO-DEV-8213,111,2022-10-18T08:25:00.806Z,2026-09-20T16:04:52.778Z
DEMO-DEV-8232,111,2022-10-17T18:41:55.966Z,2026-08-01T10:08:06.851Z
DEMO-DEV-8240,111,2022-10-03T01:59:09.168Z,2026-09-23T23:32:23.218Z
DEMO-DEV-8259,111,2022-10-02T13:44:34.370Z,2026-09-19T08:13:41.653Z
DEMO-DEV-8270,111,2022-10-05T01:14:12.666Z,2026-09-21T03:21:54.204Z
DEMO-DEV-8274,111,2022-10-02T11:21:54.183Z,2026-09-16T00:09:14.825Z
DEMO-DEV-8321,111,2022-10-02T05:30:28.804Z,2026-09-25T15:56:55.993Z
DEMO-DEV-8340,111,2022-11-02T21:08:27.785Z,2026-09-26T20:32:32.387Z
DEMO-DEV-8419,111,2022-10-03T04:08:41.308Z,2026-09-26T14:16:30.816Z
DEMO-DEV-8420,111,2022-10-03T19:40:24.500Z,2026-09-12T13:13:15.160Z
DEMO-DEV-8427,111,2022-10-17T05:29:47.222Z,2026-09-07T03:01:45.226Z
DEMO-DEV-8486,111,2022-10-27T03:19:47.503Z,2026-09-19T22:54:23.397Z
DEMO-DEV-8505,111,2022-10-06T16:38:12.993Z,2026-09-22T09:27:33.203Z
DEMO-DEV-8509,111,2022-10-10T01:28:04.976Z,2026-09-30T06:05:17.843Z
DEMO-DEV-8541,111,2022-11-17T13:28:38.205Z,2026-09-27T15:44:08.891Z
DEMO-DEV-8544,111,2022-10-17T13:55:09.254Z,2026-09-26T03:55:53.289Z
DEMO-DEV-8560,111,2022-10-17T03:09:15.519Z,2026-09-19T13:38:13.968Z
DEMO-DEV-8588,111,2022-10-19T13:15:49.319Z,2026-09-24T10:13:01.409Z
DEMO-DEV-8629,111,2022-10-11T12:41:07.661Z,2026-09-13T16:29:17.308Z
DEMO-DEV-8653,111,2022-10-05T07:32:03.497Z,2026-09-27T21:03:49.682Z
DEMO-DEV-8715,111,2022-11-06T11:19:25.508Z,2026-09-02T00:16:49.966Z
DEMO-DEV-8773,111,2022-10-01T18:59:59.003Z,2026-09-30T06:09:02.409Z
DEMO-DEV-8796,111,2022-10-09T05:35:20.024Z,2026-09-13T10:38:45.892Z
DEMO-DEV-8809,111,2022-10-22T19:50:53.545Z,2026-09-22T22:16:25.268Z
DEMO-DEV-8843,111,2022-10-18T20:07:35.252Z,2026-09-19T03:35:13.161Z
DEMO-DEV-8845,111,2022-10-27T03:15:45.793Z,2026-09-06T19:23:08.026Z
DEMO-DEV-8847,111,2022-10-02T09:45:03.948Z,2026-09-17T10:06:17.646Z
DEMO-DEV-8871,111,2022-10-20T11:37:08.873Z,2026-09-29T22:15:52.824Z
DEMO-DEV-8874,111,2022-11-14T14:33:35.014Z,2026-09-25T19:06:49.045Z
DEMO-DEV-8944,111,2022-10-08T19:07:51.568Z,2026-09-23T13:56:33.319Z
DEMO-DEV-8949,111,2022-10-03T19:42:05.298Z,2026-09-10T19:13:05.409Z
DEMO-DEV-8953,111,2022-10-02T01:40:51.607Z,2026-08-25T11:50:42.040Z
DEMO-DEV-8983,111,2022-10-19T19:19:09.975Z,2026-09-03T11:43:27.892Z
DEMO-DEV-9007,111,2022-10-03T20:37:35.307Z,2026-09-16T15:39:36.493Z
DEMO-DEV-9057,111,2022-10-18T10:31:48.123Z,2026-09-28T11:50:40.455Z
DEMO-DEV-9070,111,2022-10-07T19:32:04.075Z,2026-09-14T12:43:53.497Z
DEMO-DEV-9144,111,2022-10-13T09:22:35.975Z,2026-09-15T15:25:53.655Z
DEMO-DEV-9154,111,2022-10-02T18:09:20.799Z,2026-09-16T10:24:43.167Z
DEMO-DEV-9178,111,2022-11-17T08:46:22.442Z,2026-09-03T05:39:05.929Z
DEMO-DEV-9199,111,2022-10-15T22:50:09.354Z,2026-09-24T07:45:05.230Z
DEMO-DEV-9217,111,2022-10-10T22:22:14.462Z,2026-09-23T00:29:36.160Z
DEMO-DEV-9232,111,2022-10-03T12:06:09.950Z,2026-09-21T18:07:21.298Z
DEMO-DEV-9236,111,2022-10-27T06:11:53.352Z,2026-09-10T14:21:36.365Z
DEMO-DEV-9293,111,2022-10-16T09:25:52.319Z,2026-08-22T10:55:55.352Z
DEMO-DEV-9323,111,2022-10-02T12:31:45.365Z,2026-09-07T04:48:03.537Z
DEMO-DEV-9332,111,2022-10-03T19:10:16.513Z,2026-09-28T23:05:49.390Z
DEMO-DEV-9338,111,2022-10-10T07:05:45.264Z,2026-09-06T13:23:40.168Z
DEMO-DEV-9360,111,2022-10-25T02:36:14.524Z,2026-09-20T13:24:52.948Z
DEMO-DEV-9385,111,2022-10-04T10:18:22.591Z,2026-09-18T02:43:51.337Z
DEMO-DEV-9393,111,2022-10-04T08:19:15.989Z,2026-09-29T11:48:32.676Z
DEMO-DEV-9415,111,2022-10-11T01:13:47.968Z,2026-09-30T07:00:30.225Z
DEMO-DEV-9451,111,2022-10-11T13:19:46.591Z,2026-09-01T11:49:49.692Z
DEMO-DEV-9486,111,2022-10-20T11:02:45.816Z,2026-09-29T04:41:19.354Z
DEMO-DEV-9504,111,2022-10-10T18:41:03.843Z,2026-08-10T18:35:37.557Z
DEMO-DEV-9541,111,2022-10-11T20:24:22.892Z,2026-09-21T23:46:06.648Z
DEMO-DEV-9562,111,2022-11-07T12:05:22.676Z,2026-08-21T02:52:21.366Z
DEMO-DEV-9718,111,2022-10-02T07:55:41.226Z,2026-08-19T04:44:32.387Z
DEMO-DEV-9723,111,2022-10-03T13:49:44.825Z,2026-09-22T11:41:39.784Z
DEMO-DEV-9756,111,2022-10-20T10:55:40.272Z,2026-09-09T22:54:03.345Z
DEMO-DEV-9759,111,2022-11-03T03:04:43.252Z,2026-09-11T09:14:49.817Z
DEMO-DEV-9786,111,2022-10-19T10:29:02.218Z,2026-09-27T13:26:02.817Z
DEMO-DEV-9834,111,2022-10-05T21:57:10.793Z,2026-09-07T03:09:21.976Z
DEMO-DEV-9846,111,2022-10-15T04:18:59.120Z,2026-09-12T09:57:43.752Z
DEMO-DEV-9873,111,2022-10-01T08:55:20.352Z,2026-09-27T19:14:59.352Z
DEMO-DEV-9879,111,2022-10-19T22:46:33.234Z,2026-08-30T22:32:56.493Z
DEMO-DEV-9881,111,2022-11-25T10:10:23.415Z,2026-09-16T04:14:57.168Z
DEMO-DEV-9901,111,2022-10-12T08:58:49.167Z,2026-09-24T13:53:51.470Z
DEMO-DEV-9917,111,2022-10-07T13:52:56.087Z,2026-09-10T04:14:11.523Z
DEMO-DEV-9925,111,2022-10-28T11:46:58.513Z,2026-09-12T15:11:14.836Z
DEMO-DEV-9947,111,2022-10-12T13:44:49.976Z,2026-09-19T21:07:57.843Z
DEMO-DEV-9991,111,2022-10-03T17:28:09.653Z,2026-09-01T11:30:39.863Z
DEMO-DEV-0060,110,2022-10-19T04:31:22.914Z,2026-09-21T03:01:31.948Z
DEMO-DEV-0095,110,2022-10-13T23:04:24.913Z,2026-09-18T07:01:05.302Z
DEMO-DEV-0112,110,2022-10-01T11:59:22.974Z,2026-09-06T01:30:50.368Z
DEMO-DEV-0165,110,2022-10-07T04:59:22.646Z,2026-09-12T05:10:43.045Z
DEMO-DEV-0167,110,2022-11-02T21:10:12.795Z,2026-09-15T17:33:05.891Z
DEMO-DEV-0176,110,2022-10-05T08:00:16.786Z,2026-09-19T13:17:47.038Z
DEMO-DEV-0211,110,2022-10-17T03:46:07.825Z,2026-09-25T15:19:11.965Z
DEMO-DEV-0213,110,2022-10-06T16:02:40.192Z,2026-09-21T09:09:57.387Z
DEMO-DEV-0332,110,2022-10-21T22:44:12.038Z,2026-09-22T05:35:51.682Z
DEMO-DEV-0355,110,2022-10-28T23:45:04.870Z,2026-09-05T04:59:34.865Z
DEMO-DEV-0378,110,2022-10-27T14:28:04.792Z,2026-09-03T07:45:29.368Z
DEMO-DEV-0389,110,2022-10-07T23:04:03.211Z,2026-09-07T11:22:53.851Z
DEMO-DEV-0412,110,2022-10-08T04:18:33.204Z,2026-09-20T21:59:28.345Z
DEMO-DEV-0414,110,2022-10-02T04:01:45.968Z,2026-09-27T10:22:59.948Z
DEMO-DEV-0419,110,2022-10-16T12:58:17.168Z,2026-09-16T13:58:22.354Z
DEMO-DEV-0449,110,2022-10-05T14:31:13.976Z,2026-09-12T20:12:40.402Z
DEMO-DEV-0457,110,2022-10-22T08:19:47.859Z,2026-09-28T02:38:14.254Z
DEMO-DEV-0492,110,2022-10-19T09:28:48.511Z,2026-09-29T04:10:52.891Z
DEMO-DEV-0523,110,2022-11-19T07:00:38.443Z,2026-09-28T08:12:55.238Z
DEMO-DEV-0554,110,2022-10-11T13:55:04.987Z,2026-09-13T12:52:24.319Z
DEMO-DEV-0573,110,2022-10-20T07:41:53.799Z,2026-09-09T22:40:05.004Z
DEMO-DEV-0588,110,2022-10-06T05:01:25.402Z,2026-09-22T16:34:19.503Z
DEMO-DEV-0621,110,2022-10-12T20:29:30.839Z,2026-08-05T11:05:51.929Z
DEMO-DEV-0684,110,2022-10-12T06:31:12.337Z,2026-09-18T05:50:44.974Z
DEMO-DEV-0709,110,2022-10-02T21:55:45.968Z,2026-09-26T18:04:12.913Z
DEMO-DEV-0720,110,2022-10-05T23:31:02.428Z,2026-09-22T06:49:46.466Z
DEMO-DEV-0724,110,2022-10-14T04:16:55.793Z,2026-09-22T11:19:15.068Z
DEMO-DEV-0803,110,2022-10-20T16:35:54.470Z,2026-08-24T05:06:52.021Z
DEMO-DEV-0814,110,2022-10-05T15:58:18.224Z,2026-08-16T19:32:07.057Z
DEMO-DEV-0834,110,2022-10-24T05:09:45.989Z,2026-09-27T23:34:33.219Z
DEMO-DEV-0937,110,2022-10-26T17:45:30.639Z,2026-09-07T05:46:27.287Z
DEMO-DEV-0938,110,2022-10-10T01:45:46.357Z,2026-09-15T11:10:05.870Z
DEMO-DEV-0944,110,2022-10-09T21:17:16.138Z,2026-09-23T13:03:12.799Z
DEMO-DEV-0996,110,2022-11-07T19:56:47.974Z,2026-08-14T16:20:00.460Z
DEMO-DEV-1011,110,2022-10-03T02:36:08.472Z,2026-09-17T10:06:09.597Z
DEMO-DEV-1076,110,2022-10-13T13:52:10.785Z,2026-09-28T14:48:13.442Z
DEMO-DEV-1077,110,2022-10-09T12:28:24.462Z,2026-09-24T14:45:40.714Z
DEMO-DEV-1082,110,2022-10-03T03:36:08.545Z,2026-09-07T17:15:39.462Z
DEMO-DEV-1091,110,2022-10-21T18:14:52.040Z,2026-09-23T12:04:02.037Z
DEMO-DEV-1102,110,2022-10-10T14:54:48.208Z,2026-09-21T03:47:18.150Z
DEMO-DEV-1125,110,2022-10-10T20:58:20.397Z,2026-09-12T03:25:14.503Z
DEMO-DEV-1178,110,2022-10-30T11:31:24.523Z,2026-09-27T12:13:29.319Z
DEMO-DEV-1242,110,2022-10-15T06:21:10.004Z,2026-09-15T23:17:02.015Z
DEMO-DEV-1256,110,2022-10-10T13:44:35.885Z,2026-09-23T23:15:21.976Z
DEMO-DEV-1260,110,2022-10-06T23:56:49.027Z,2026-09-20T21:47:47.337Z
DEMO-DEV-1261,110,2022-10-12T23:16:44.057Z,2026-09-18T10:52:57.387Z
DEMO-DEV-1279,110,2022-10-13T08:27:15.929Z,2026-09-29T16:30:15.155Z
DEMO-DEV-1284,110,2022-11-03T04:12:00.841Z,2026-09-14T04:01:16.368Z
DEMO-DEV-1303,110,2022-10-05T08:48:12.738Z,2026-09-17T20:22:35.646Z
DEMO-DEV-1334,110,2022-10-12T07:40:43.929Z,2026-09-15T20:51:45.291Z
DEMO-DEV-1363,110,2022-10-05T23:54:15.289Z,2026-09-26T02:47:21.653Z
DEMO-DEV-1413,110,2022-10-24T08:16:24.428Z,2026-09-22T14:13:49.804Z
DEMO-DEV-1425,110,2022-10-26T02:28:33.719Z,2026-09-05T03:49:26.238Z
DEMO-DEV-1457,110,2022-10-03T02:29:10.992Z,2026-09-20T21:39:08.225Z
DEMO-DEV-1495,110,2022-10-11T13:04:29.793Z,2026-09-29T17:23:12.264Z
DEMO-DEV-1508,110,2022-10-04T19:46:58.710Z,2026-09-24T22:13:48.879Z
DEMO-DEV-1516,110,2022-10-11T06:11:40.352Z,2026-09-09T14:35:20.578Z
DEMO-DEV-1556,110,2022-10-19T14:20:27.513Z,2026-09-30T06:13:19.462Z
DEMO-DEV-1560,110,2022-10-13T03:09:28.636Z,2026-09-06T14:24:57.969Z
DEMO-DEV-1578,110,2022-10-04T21:49:00.394Z,2026-09-25T19:27:24.859Z
DEMO-DEV-1659,110,2022-10-10T01:53:08.636Z,2026-08-05T06:06:44.785Z
DEMO-DEV-1771,110,2022-10-31T03:45:13.442Z,2026-09-29T10:19:33.485Z
DEMO-DEV-1773,110,2022-10-03T21:39:49.913Z,2026-09-03T19:25:01.811Z
DEMO-DEV-1850,110,2022-10-05T18:13:42.646Z,2026-09-26T03:56:13.568Z
DEMO-DEV-1858,110,2022-10-10T16:41:05.239Z,2026-09-27T05:38:43.063Z
DEMO-DEV-1860,110,2022-10-11T13:18:08.692Z,2026-08-14T06:06:16.949Z
DEMO-DEV-1861,110,2022-11-21T18:43:46.288Z,2026-09-27T23:21:47.612Z
DEMO-DEV-1869,110,2022-10-01T09:22:59.841Z,2026-09-23T16:57:46.646Z
DEMO-DEV-1911,110,2022-10-05T18:30:26.784Z,2026-09-18T13:31:20.885Z
DEMO-DEV-1968,110,2022-10-29T07:41:22.824Z,2026-09-27T12:21:58.075Z
DEMO-DEV-1982,110,2022-10-31T07:53:15.307Z,2026-09-15T16:17:27.365Z
DEMO-DEV-1987,110,2022-10-15T18:14:54.992Z,2026-09-25T18:54:41.004Z
DEMO-DEV-2040,110,2022-10-16T20:41:55.926Z,2026-09-20T00:39:00.428Z
DEMO-DEV-2058,110,2022-10-10T15:42:27.472Z,2026-09-21T09:46:00.864Z
DEMO-DEV-2060,110,2022-10-18T17:03:06.038Z,2026-08-14T07:34:10.646Z
DEMO-DEV-2068,110,2022-10-12T12:26:03.803Z,2026-09-09T01:47:50.302Z
DEMO-DEV-2076,110,2022-10-20T11:52:18.428Z,2026-09-29T22:01:40.073Z
DEMO-DEV-2088,110,2022-10-10T06:39:14.754Z,2026-09-14T13:15:11.868Z
DEMO-DEV-2089,110,2022-10-08T14:36:16.308Z,2026-09-09T15:38:00.403Z
DEMO-DEV-2097,110,2022-10-13T17:37:19.493Z,2026-09-20T04:31:58.319Z
DEMO-DEV-2118,110,2022-10-08T04:27:02.500Z,2026-09-13T13:56:05.870Z
DEMO-DEV-2136,110,2022-10-25T00:49:08.357Z,2026-09-05T06:43:57.038Z
DEMO-DEV-2187,110,2022-10-02T00:37:58.556Z,2026-09-16T08:09:28.442Z
DEMO-DEV-2318,110,2022-10-02T06:20:12.865Z,2026-09-01T21:11:31.646Z
DEMO-DEV-2356,110,2022-10-01T08:53:31.975Z,2026-09-26T15:16:01.291Z
DEMO-DEV-2364,110,2022-10-17T08:00:18.308Z,2026-08-08T10:46:32.653Z
DEMO-DEV-2502,110,2022-10-03T18:30:31.765Z,2026-09-29T23:31:10.446Z
DEMO-DEV-2541,110,2022-10-08T06:33:27.307Z,2026-09-15T23:01:23.455Z
DEMO-DEV-2544,110,2022-10-29T21:57:51.003Z,2026-09-25T01:56:01.298Z
DEMO-DEV-2628,110,2022-10-02T06:23:57.824Z,2026-09-24T13:10:15.537Z
DEMO-DEV-2668,110,2022-10-11T03:49:48.493Z,2026-09-21T04:06:35.841Z
DEMO-DEV-2676,110,2022-10-01T14:39:59.661Z,2026-09-24T20:23:45.308Z
DEMO-DEV-2694,110,2022-10-11T18:05:25.308Z,2026-09-24T20:11:49.254Z
DEMO-DEV-2709,110,2022-10-06T23:24:55.618Z,2026-09-24T01:48:23.155Z
DEMO-DEV-2721,110,2022-10-10T18:21:19.976Z,2026-09-25T10:27:57.811Z
DEMO-DEV-2726,110,2022-10-29T14:38:32.203Z,2026-09-09T12:37:48.319Z
DEMO-DEV-2741,110,2022-10-16T17:13:35.976Z,2026-09-15T07:51:06.965Z
DEMO-DEV-2771,110,2022-10-07T06:49:53.289Z,2026-08-22T02:23:31.172Z
DEMO-DEV-2860,110,2022-10-17T10:00:21.969Z,2026-09-29T18:26:33.073Z
DEMO-DEV-2988,110,2022-10-11T16:59:24.192Z,2026-09-27T10:36:45.365Z
DEMO-DEV-3003,110,2022-10-07T23:53:50.442Z,2026-09-27T08:33:43.985Z
DEMO-DEV-3006,110,2022-10-15T19:34:29.315Z,2026-09-22T18:12:23.238Z
DEMO-DEV-3027,110,2022-10-18T01:10:50.612Z,2026-09-25T12:27:26.307Z
DEMO-DEV-3076,110,2022-10-04T14:54:23.839Z,2026-09-23T12:31:20.238Z
DEMO-DEV-3150,110,2022-10-03T17:49:07.289Z,2026-09-09T19:55:29.027Z
DEMO-DEV-3156,110,2022-10-28T09:49:02.080Z,2026-09-26T19:33:48.987Z
DEMO-DEV-3166,110,2022-10-01T18:48:32.926Z,2026-09-21T19:27:12.511Z
DEMO-DEV-3176,110,2022-10-07T07:20:36.873Z,2026-09-28T15:35:00.607Z
DEMO-DEV-3219,110,2022-10-17T09:10:58.443Z,2026-09-23T12:32:12.160Z
DEMO-DEV-3241,110,2022-10-19T21:04:04.462Z,2026-09-27T13:40:11.252Z
DEMO-DEV-3259,110,2022-10-26T05:01:28.648Z,2026-09-19T02:36:22.038Z
DEMO-DEV-3264,110,2022-10-24T18:46:14.811Z,2026-09-27T06:27:22.023Z
DEMO-DEV-3265,110,2022-10-18T11:24:38.014Z,2026-09-29T06:25:42.976Z
DEMO-DEV-3267,110,2022-10-13T16:40:41.556Z,2026-09-24T16:09:02.785Z
DEMO-DEV-3269,110,2022-10-11T23:55:31.211Z,2026-09-26T08:49:08.545Z
DEMO-DEV-3350,110,2022-10-01T10:32:36.368Z,2026-09-29T19:43:24.023Z
DEMO-DEV-3372,110,2022-10-15T05:21:20.523Z,2026-09-24T04:54:55.160Z
DEMO-DEV-3379,110,2022-10-08T23:40:52.409Z,2026-09-20T04:19:03.315Z
DEMO-DEV-3402,110,2022-10-03T22:41:53.168Z,2026-08-27T15:32:31.253Z
DEMO-DEV-3446,110,2022-10-06T12:04:03.038Z,2026-09-21T07:23:40.873Z
DEMO-DEV-3477,110,2022-10-08T23:49:26.523Z,2026-09-17T22:10:40.073Z
DEMO-DEV-3534,110,2022-10-04T17:22:01.354Z,2026-09-25T03:56:23.068Z
DEMO-DEV-3620,110,2022-10-03T18:38:59.913Z,2026-09-24T02:27:06.682Z
DEMO-DEV-3666,110,2022-10-07T11:24:00.460Z,2026-08-29T14:31:16.027Z
DEMO-DEV-3701,110,2022-10-20T04:43:44.511Z,2026-08-09T00:02:57.172Z
DEMO-DEV-3746,110,2022-10-18T03:00:47.692Z,2026-09-20T19:00:23.786Z
DEMO-DEV-3764,110,2022-10-07T11:32:46.738Z,2026-09-27T07:51:11.511Z
DEMO-DEV-3766,110,2022-10-27T15:22:35.842Z,2026-09-10T14:04:25.300Z
DEMO-DEV-3780,110,2022-10-12T22:50:59.004Z,2026-09-23T19:35:33.455Z
DEMO-DEV-3810,110,2022-10-11T13:02:26.870Z,2026-09-29T18:39:10.778Z
DEMO-DEV-3914,110,2022-10-06T00:40:10.591Z,2026-09-29T04:48:20.391Z
DEMO-DEV-3925,110,2022-10-10T01:43:25.352Z,2026-09-01T05:11:02.892Z
DEMO-DEV-3928,110,2022-11-08T10:25:53.879Z,2026-09-23T02:50:22.397Z
DEMO-DEV-3981,110,2022-10-03T23:14:03.950Z,2026-08-23T15:46:57.636Z
DEMO-DEV-3989,110,2022-10-20T18:05:27.500Z,2026-09-16T05:52:37.325Z
DEMO-DEV-3992,110,2022-10-09T04:16:08.289Z,2026-09-14T21:20:52.865Z
DEMO-DEV-4005,110,2022-10-09T15:11:45.612Z,2026-09-19T19:41:00.173Z
DEMO-DEV-4011,110,2022-10-19T14:03:03.218Z,2026-09-28T15:49:13.915Z
DEMO-DEV-4018,110,2022-11-08T07:05:47.087Z,2026-09-27T18:18:56.597Z
DEMO-DEV-4038,110,2022-10-07T01:49:23.500Z,2026-09-26T11:04:45.090Z
DEMO-DEV-4072,110,2022-10-07T08:04:09.976Z,2026-09-30T07:17:08.239Z
DEMO-DEV-4125,110,2022-11-14T08:22:23.578Z,2026-09-13T16:19:35.816Z
DEMO-DEV-4148,110,2022-10-04T15:12:04.786Z,2026-09-29T01:50:19.370Z
DEMO-DEV-4173,110,2022-10-07T22:33:06.599Z,2026-09-23T06:02:11.738Z
DEMO-DEV-4217,110,2022-10-03T12:10:03.985Z,2026-08-25T19:53:45.648Z
DEMO-DEV-4222,110,2022-10-28T10:38:03.090Z,2026-09-30T06:56:10.885Z
DEMO-DEV-4247,110,2022-10-08T00:46:59.345Z,2026-09-23T17:50:28.250Z
DEMO-DEV-4293,110,2022-10-05T21:57:51.204Z,2026-09-22T03:01:56.345Z
DEMO-DEV-4304,110,2022-10-09T02:26:59.090Z,2026-09-28T23:12:02.287Z
DEMO-DEV-4314,110,2022-10-03T22:40:16.403Z,2026-09-28T01:05:52.120Z
DEMO-DEV-4349,110,2022-10-07T03:44:11.250Z,2026-09-10T01:49:23.315Z
DEMO-DEV-4381,110,2022-10-03T03:14:09.211Z,2026-09-30T02:02:07.370Z
DEMO-DEV-4400,110,2022-10-21T23:45:05.965Z,2026-09-15T23:52:34.063Z
DEMO-DEV-4411,110,2022-10-31T18:27:32.352Z,2026-09-12T07:58:23.948Z
DEMO-DEV-4436,110,2022-10-22T01:57:42.298Z,2026-08-28T06:56:56.090Z
DEMO-DEV-4444,110,2022-10-02T21:03:41.138Z,2026-09-14T20:25:09.989Z
DEMO-DEV-4447,110,2022-10-05T10:24:04.636Z,2026-09-03T17:23:55.462Z
DEMO-DEV-4464,110,2022-10-13T18:34:05.368Z,2026-09-20T03:31:59.192Z
DEMO-DEV-4503,110,2022-10-09T19:30:12.568Z,2026-09-25T02:49:02.948Z
DEMO-DEV-4514,110,2022-10-02T15:50:31.682Z,2026-08-13T11:12:48.614Z
DEMO-DEV-4561,110,2022-10-21T08:05:16.816Z,2026-09-01T14:36:02.505Z
DEMO-DEV-4667,110,2022-10-04T19:08:17.390Z,2026-08-13T13:14:21.859Z
DEMO-DEV-4710,110,2022-10-20T20:41:28.612Z,2026-09-30T05:44:49.917Z
DEMO-DEV-4738,110,2022-10-22T05:06:50.913Z,2026-09-12T12:07:33.648Z
DEMO-DEV-4755,110,2022-10-07T04:13:05.778Z,2026-09-27T02:20:43.264Z
DEMO-DEV-4756,110,2022-10-13T11:50:13.298Z,2026-08-26T01:34:21.272Z
DEMO-DEV-4759,110,2022-10-15T00:44:10.087Z,2026-09-18T00:33:27.825Z
DEMO-DEV-4781,110,2022-10-22T12:58:45.885Z,2026-09-25T17:18:13.497Z
DEMO-DEV-4812,110,2022-10-17T06:00:53.409Z,2026-09-25T05:31:54.172Z
DEMO-DEV-4827,110,2022-10-11T16:20:50.211Z,2026-08-26T05:31:44.511Z
DEMO-DEV-4836,110,2022-10-04T11:16:55.455Z,2026-08-26T10:42:35.038Z
DEMO-DEV-4844,110,2022-10-04T06:46:11.390Z,2026-09-04T07:57:28.719Z
DEMO-DEV-4863,110,2022-10-04T02:25:14.325Z,2026-09-15T21:23:59.929Z
DEMO-DEV-4867,110,2022-10-01T23:25:12.298Z,2026-09-26T02:28:17.873Z
DEMO-DEV-4880,110,2022-10-26T21:33:22.785Z,2026-09-12T12:09:56.370Z
DEMO-DEV-4957,110,2022-10-07T16:24:58.307Z,2026-09-27T16:41:42.799Z
DEMO-DEV-4979,110,2022-10-07T11:22:42.224Z,2026-07-19T06:24:44.989Z
DEMO-DEV-4993,110,2022-10-09T15:17:18.203Z,2026-09-19T06:44:13.870Z
DEMO-DEV-5035,110,2022-10-07T09:55:14.863Z,2026-09-29T12:07:59.735Z
DEMO-DEV-5044,110,2022-10-25T10:15:34.057Z,2026-09-01T03:17:34.870Z
DEMO-DEV-5048,110,2022-10-04T02:49:14.870Z,2026-09-06T22:33:20.714Z
DEMO-DEV-5105,110,2022-10-01T10:35:22.040Z,2026-09-28T01:19:10.045Z
DEMO-DEV-5109,110,2022-10-31T23:19:48.466Z,2026-09-21T22:01:55.485Z
DEMO-DEV-5137,110,2022-11-01T01:21:58.792Z,2026-09-28T04:44:49.365Z
DEMO-DEV-5163,110,2022-10-14T15:36:04.165Z,2026-09-24T14:38:35.120Z
DEMO-DEV-5174,110,2022-10-03T15:50:38.658Z,2026-09-30T03:50:02.917Z
DEMO-DEV-5274,110,2022-10-11T07:24:14.057Z,2026-09-25T17:27:38.236Z
DEMO-DEV-5287,110,2022-10-12T07:07:16.354Z,2026-07-06T18:58:01.063Z
DEMO-DEV-5328,110,2022-10-17T05:38:53.948Z,2026-09-28T06:54:18.077Z
DEMO-DEV-5343,110,2022-10-03T00:13:25.605Z,2026-08-29T10:28:30.211Z
DEMO-DEV-5347,110,2022-10-11T21:27:42.524Z,2026-08-28T00:24:01.599Z
DEMO-DEV-5373,110,2022-10-18T15:00:09.391Z,2026-09-25T21:05:38.037Z
DEMO-DEV-5380,110,2022-10-27T02:51:48.985Z,2026-09-23T19:40:05.319Z
DEMO-DEV-5385,110,2022-10-06T19:17:14.668Z,2026-09-18T08:28:31.976Z
DEMO-DEV-5437,110,2022-10-18T00:23:29.234Z,2026-09-23T13:35:29.989Z
DEMO-DEV-5441,110,2022-10-06T08:30:09.527Z,2026-09-16T13:44:56.390Z
DEMO-DEV-5445,110,2022-10-19T07:25:37.867Z,2026-09-10T23:27:59.688Z
DEMO-DEV-5486,110,2022-10-25T01:44:54.636Z,2026-09-19T22:59:12.230Z
DEMO-DEV-5495,110,2022-11-03T05:27:44.965Z,2026-09-22T02:57:09.884Z
DEMO-DEV-5516,110,2022-10-22T12:12:26.139Z,2026-09-30T05:51:40.370Z
DEMO-DEV-5598,110,2022-11-05T00:13:02.985Z,2026-09-27T17:29:57.524Z
DEMO-DEV-5599,110,2022-10-11T22:51:33.208Z,2026-09-25T04:50:08.307Z
DEMO-DEV-5633,110,2022-10-23T19:34:12.155Z,2026-09-01T15:05:20.470Z
DEMO-DEV-5666,110,2022-10-22T15:33:55.075Z,2026-09-29T19:09:00.302Z
DEMO-DEV-5724,110,2022-10-17T11:31:04.557Z,2026-09-29T08:53:43.989Z
DEMO-DEV-5730,110,2022-10-22T05:38:24.851Z,2026-09-18T23:54:20.409Z
DEMO-DEV-5731,110,2022-10-03T05:22:44.057Z,2026-09-28T12:08:16.824Z
DEMO-DEV-5745,110,2022-10-04T06:13:09.225Z,2026-09-13T07:03:25.319Z
DEMO-DEV-5849,110,2022-10-04T08:40:37.023Z,2026-08-24T21:06:01.605Z
DEMO-DEV-5860,110,2022-10-07T14:44:52.867Z,2026-09-30T05:48:59.915Z
DEMO-DEV-5863,110,2022-10-30T07:54:38.519Z,2026-09-25T02:16:00.208Z
DEMO-DEV-5901,110,2022-10-08T00:40:49.966Z,2026-09-01T23:12:28.859Z
DEMO-DEV-5916,110,2022-10-16T06:22:00.926Z,2026-09-22T20:22:39.394Z
DEMO-DEV-5924,110,2022-10-03T06:03:02.513Z,2026-09-20T09:49:54.003Z
DEMO-DEV-6026,110,2022-10-07T02:34:28.969Z,2026-09-14T13:08:57.885Z
DEMO-DEV-6074,110,2022-10-11T02:04:15.806Z,2026-09-18T11:44:21.021Z
DEMO-DEV-6111,110,2022-10-20T12:52:43.024Z,2026-09-24T01:02:10.415Z
DEMO-DEV-6140,110,2022-10-07T06:42:40.272Z,2026-09-14T17:15:36.859Z
DEMO-DEV-6172,110,2022-10-04T19:29:07.646Z,2026-09-28T08:02:47.870Z
DEMO-DEV-6199,110,2022-10-19T14:53:26.239Z,2026-09-23T17:35:10.442Z
DEMO-DEV-6208,110,2022-10-22T20:55:47.493Z,2026-09-24T04:50:03.864Z
DEMO-DEV-6271,110,2022-10-16T16:26:06.806Z,2026-09-19T13:54:34.969Z
DEMO-DEV-6277,110,2022-10-26T06:49:12.692Z,2026-09-15T10:07:22.319Z
DEMO-DEV-6289,110,2022-10-05T14:14:23.057Z,2026-08-21T09:04:49.926Z
DEMO-DEV-6290,110,2022-10-15T12:36:17.968Z,2026-09-04T16:27:18.139Z
DEMO-DEV-6296,110,2022-10-11T16:40:32.948Z,2026-09-17T11:35:48.226Z
DEMO-DEV-6373,110,2022-10-17T03:45:28.428Z,2026-09-17T15:12:37.211Z
DEMO-DEV-6386,110,2022-10-10T14:17:17.851Z,2026-09-12T03:22:48.778Z
DEMO-DEV-6405,110,2022-10-25T08:43:09.221Z,2026-09-25T12:20:33.817Z
DEMO-DEV-6408,110,2022-10-04T17:45:31.192Z,2026-09-29T15:04:07.666Z
DEMO-DEV-6411,110,2022-10-18T08:11:54.795Z,2026-09-21T09:17:09.409Z
DEMO-DEV-6414,110,2022-10-14T15:35:03.357Z,2026-09-18T08:10:54.976Z
DEMO-DEV-6508,110,2022-10-04T15:32:19.493Z,2026-09-30T07:33:25.885Z
DEMO-DEV-6529,110,2022-10-07T01:15:10.205Z,2026-09-24T10:23:10.824Z
DEMO-DEV-6548,110,2022-10-03T16:40:18.173Z,2026-09-25T10:49:53.782Z
DEMO-DEV-6551,110,2022-10-11T06:35:22.203Z,2026-08-25T06:55:31.612Z
DEMO-DEV-6588,110,2022-10-06T06:38:17.839Z,2026-09-28T22:49:50.870Z
DEMO-DEV-6605,110,2022-10-29T14:26:18.455Z,2026-09-21T08:41:46.891Z
DEMO-DEV-6638,110,2022-10-28T09:18:36.870Z,2026-09-04T03:03:09.754Z
DEMO-DEV-6639,110,2022-10-02T22:34:00.253Z,2026-09-14T12:15:35.075Z
DEMO-DEV-6661,110,2022-10-15T10:29:58.929Z,2026-09-20T10:18:24.792Z
DEMO-DEV-6754,110,2022-10-06T23:06:40.497Z,2026-09-27T19:15:30.190Z
DEMO-DEV-6768,110,2022-11-15T05:37:37.208Z,2026-09-10T18:41:10.792Z
DEMO-DEV-6799,110,2022-10-31T09:09:41.676Z,2026-08-28T16:35:40.319Z
DEMO-DEV-6802,110,2022-10-07T09:06:45.272Z,2026-09-24T05:43:11.578Z
DEMO-DEV-6824,110,2022-11-25T10:33:07.252Z,2026-09-16T16:41:12.778Z
DEMO-DEV-6858,110,2022-10-17T23:48:47.824Z,2026-09-12T21:01:07.948Z
DEMO-DEV-6996,110,2022-10-06T00:07:31.470Z,2026-09-21T16:28:58.992Z
DEMO-DEV-7005,110,2022-10-05T10:52:35.470Z,2026-09-28T01:45:24.661Z
DEMO-DEV-7054,110,2022-10-05T22:20:15.804Z,2026-07-29T02:28:48.597Z
DEMO-DEV-7062,110,2022-10-17T13:16:05.038Z,2026-09-19T01:40:00.168Z
DEMO-DEV-7075,110,2022-10-12T21:15:48.080Z,2026-09-25T09:41:10.508Z
DEMO-DEV-7087,110,2022-10-29T09:26:01.428Z,2026-09-19T21:12:19.735Z
DEMO-DEV-7140,110,2022-10-16T07:44:49.470Z,2026-09-26T14:32:20.236Z
DEMO-DEV-7142,110,2022-10-01T12:52:08.150Z,2026-08-30T19:40:05.172Z
DEMO-DEV-7193,110,2022-11-06T10:09:53.668Z,2026-09-26T15:05:58.015Z
DEMO-DEV-7238,110,2022-10-28T03:01:00.503Z,2026-09-28T13:24:03.442Z
DEMO-DEV-7276,110,2022-10-05T21:18:15.975Z,2026-09-13T13:49:31.785Z
DEMO-DEV-7425,110,2022-10-10T15:41:02.403Z,2026-09-12T05:19:09.038Z
DEMO-DEV-7447,110,2022-10-07T03:02:23.211Z,2026-08-17T16:22:12.289Z
DEMO-DEV-7463,110,2022-10-02T01:55:08.021Z,2026-09-17T21:04:07.024Z
DEMO-DEV-7521,110,2022-10-04T00:19:15.168Z,2026-08-17T01:28:08.443Z
DEMO-DEV-7611,110,2022-10-05T21:49:21.021Z,2026-09-14T21:07:16.965Z
DEMO-DEV-7635,110,2022-10-15T19:54:45.003Z,2026-09-14T11:17:34.345Z
DEMO-DEV-7697,110,2022-10-19T02:44:17.167Z,2026-09-16T07:48:57.239Z
DEMO-DEV-7768,110,2022-10-07T02:27:57.786Z,2026-08-21T23:07:19.090Z
DEMO-DEV-7802,110,2022-10-09T18:41:59.727Z,2026-09-03T09:25:10.825Z
DEMO-DEV-7808,110,2022-12-04T23:38:39.859Z,2026-09-26T10:07:29.204Z
DEMO-DEV-7820,110,2022-10-09T15:43:53.168Z,2026-07-05T10:53:35.160Z
DEMO-DEV-7861,110,2022-10-08T02:16:50.524Z,2026-09-28T22:34:10.123Z
DEMO-DEV-7878,110,2022-10-23T11:03:05.968Z,2026-09-13T02:48:18.556Z
DEMO-DEV-7888,110,2022-10-26T21:36:29.692Z,2026-09-02T06:54:07.308Z
DEMO-DEV-7902,110,2022-11-01T10:58:47.913Z,2026-09-16T15:59:19.614Z
DEMO-DEV-7926,110,2022-10-02T02:49:27.500Z,2026-09-15T09:10:44.710Z
DEMO-DEV-7939,110,2022-10-09T15:40:17.929Z,2026-09-08T12:29:24.555Z
DEMO-DEV-7942,110,2022-10-04T12:40:23.974Z,2026-09-27T17:43:09.870Z
DEMO-DEV-7951,110,2022-10-12T06:03:57.655Z,2026-09-21T08:03:17.234Z
DEMO-DEV-7977,110,2022-10-21T11:15:38.230Z,2026-09-17T02:13:31.870Z
DEMO-DEV-8040,110,2022-10-12T09:38:41.949Z,2026-09-22T14:32:15.403Z
DEMO-DEV-8094,110,2022-10-10T21:29:08.038Z,2026-09-24T11:17:55.811Z
DEMO-DEV-8136,110,2022-11-08T11:19:57.204Z,2026-09-18T06:57:08.792Z
DEMO-DEV-8151,110,2022-10-09T11:40:02.555Z,2026-09-24T12:02:49.045Z
DEMO-DEV-8153,110,2022-10-04T02:58:58.817Z,2026-09-23T18:16:04.527Z
DEMO-DEV-8288,110,2022-10-25T04:39:27.607Z,2026-09-20T09:56:52.682Z
DEMO-DEV-8320,110,2022-10-08T11:36:57.968Z,2026-09-20T23:39:34.914Z
DEMO-DEV-8339,110,2022-10-05T03:38:15.795Z,2026-09-27T11:27:10.493Z
DEMO-DEV-8343,110,2022-10-11T23:10:02.134Z,2026-09-23T09:49:19.754Z
DEMO-DEV-8370,110,2022-11-20T08:49:10.232Z,2026-09-13T15:44:00.969Z
DEMO-DEV-8377,110,2022-10-19T20:35:11.825Z,2026-09-10T00:50:43.950Z
DEMO-DEV-8390,110,2022-10-12T11:06:06.134Z,2026-09-18T07:05:05.455Z
DEMO-DEV-8399,110,2022-11-21T22:13:56.218Z,2026-09-04T10:58:34.087Z
DEMO-DEV-8402,110,2022-10-23T21:12:49.841Z,2026-09-25T07:54:27.556Z
DEMO-DEV-8417,110,2022-10-17T11:42:17.968Z,2026-09-29T00:43:12.825Z
DEMO-DEV-8493,110,2022-10-01T13:09:19.234Z,2026-08-31T09:42:49.692Z
DEMO-DEV-8521,110,2022-10-15T18:56:50.503Z,2026-08-17T04:33:15.786Z
DEMO-DEV-8577,110,2022-10-11T10:21:25.527Z,2026-09-15T20:26:14.428Z
DEMO-DEV-8626,110,2022-10-20T00:55:03.639Z,2026-09-26T15:55:37.976Z
DEMO-DEV-8656,110,2022-11-01T07:32:26.863Z,2026-09-06T18:07:07.811Z
DEMO-DEV-8694,110,2022-11-15T20:54:18.786Z,2026-09-26T10:01:14.063Z
DEMO-DEV-8729,110,2022-10-11T20:57:32.782Z,2026-09-11T00:51:36.068Z
DEMO-DEV-8793,110,2022-10-01T14:40:51.472Z,2026-09-25T06:09:44.795Z
DEMO-DEV-8805,110,2022-10-03T15:43:52.402Z,2026-09-21T19:47:41.236Z
DEMO-DEV-8808,110,2022-11-11T14:01:07.221Z,2026-09-14T22:38:08.394Z
DEMO-DEV-8820,110,2022-11-19T00:10:35.842Z,2026-09-30T03:19:56.352Z
DEMO-DEV-8828,110,2022-10-13T17:13:41.676Z,2026-08-28T00:45:11.752Z
DEMO-DEV-8867,110,2022-10-06T23:41:07.658Z,2026-09-27T08:28:14.782Z
DEMO-DEV-8954,110,2022-10-07T20:51:15.394Z,2026-09-21T17:45:49.917Z
DEMO-DEV-8957,110,2022-10-03T01:00:49.648Z,2026-09-27T08:54:42.352Z
DEMO-DEV-8989,110,2022-10-03T04:56:31.090Z,2026-09-18T15:42:55.976Z
DEMO-DEV-9031,110,2022-11-08T15:40:50.519Z,2026-09-25T17:27:11.026Z
DEMO-DEV-9034,110,2022-10-22T09:39:36.080Z,2026-09-28T12:17:12.692Z
DEMO-DEV-9098,110,2022-10-03T13:39:16.793Z,2026-09-26T20:24:55.221Z
DEMO-DEV-9104,110,2022-10-25T09:07:18.365Z,2026-09-11T17:05:05.397Z
DEMO-DEV-9128,110,2022-10-05T00:27:55.307Z,2026-09-17T17:07:40.254Z
DEMO-DEV-9139,110,2022-10-03T22:12:21.786Z,2026-09-25T18:36:05.272Z
DEMO-DEV-9150,110,2022-10-10T19:41:33.038Z,2026-09-19T01:06:27.023Z
DEMO-DEV-9209,110,2022-10-04T20:35:00.989Z,2026-09-29T21:33:32.168Z
DEMO-DEV-9285,110,2022-10-23T22:31:11.014Z,2026-09-26T01:31:35.710Z
DEMO-DEV-9368,110,2022-10-25T17:22:41.224Z,2026-09-05T20:40:13.597Z
DEMO-DEV-9369,110,2022-10-02T07:28:58.865Z,2026-09-24T05:42:30.873Z
DEMO-DEV-9379,110,2022-10-06T04:59:06.511Z,2026-09-10T13:15:50.527Z
DEMO-DEV-9422,110,2022-10-15T07:59:21.793Z,2026-09-04T03:48:44.948Z
DEMO-DEV-9443,110,2022-10-01T11:38:44.846Z,2026-09-25T00:00:46.975Z
DEMO-DEV-9458,110,2022-10-21T06:54:50.646Z,2026-09-24T22:46:05.966Z
DEMO-DEV-9482,110,2022-10-05T19:10:30.806Z,2026-09-24T06:29:00.298Z
DEMO-DEV-9498,110,2022-10-17T12:37:54.618Z,2026-09-23T22:11:08.192Z
DEMO-DEV-9499,110,2022-10-09T09:27:44.138Z,2026-08-15T22:13:22.824Z
DEMO-DEV-9522,110,2022-10-10T13:05:56.816Z,2026-09-14T21:57:40.702Z
DEMO-DEV-9531,110,2022-10-12T16:25:15.023Z,2026-09-02T20:56:45.015Z
DEMO-DEV-9538,110,2022-10-09T13:19:57.068Z,2026-09-28T00:15:08.366Z
DEMO-DEV-9571,110,2022-10-13T07:52:54.778Z,2026-09-14T10:46:42.949Z
DEMO-DEV-9588,110,2022-10-23T20:36:32.799Z,2026-09-12T23:35:55.864Z
DEMO-DEV-9661,110,2022-10-10T17:55:23.040Z,2026-08-21T10:52:14.666Z
DEMO-DEV-9666,110,2022-11-08T00:19:57.661Z,2026-09-10T19:49:09.485Z
DEMO-DEV-9722,110,2022-11-04T03:37:06.192Z,2026-09-21T20:39:54.253Z
DEMO-DEV-9726,110,2022-10-08T20:12:39.969Z,2026-09-23T01:37:42.190Z
DEMO-DEV-9727,110,2022-10-26T19:48:07.319Z,2026-09-28T15:58:42.969Z
DEMO-DEV-9752,110,2022-10-03T06:28:46.428Z,2026-09-24T20:07:37.234Z
DEMO-DEV-9776,110,2022-10-12T23:01:40.040Z,2026-09-28T23:58:22.841Z
DEMO-DEV-9839,110,2022-10-21T05:07:41.387Z,2026-09-05T01:24:08.993Z
DEMO-DEV-9912,110,2022-10-04T09:28:48.793Z,2026-09-22T14:48:14.513Z
DEMO-DEV-9951,110,2022-10-27T18:24:31.503Z,2026-09-16T00:20:39.134Z
DEMO-DEV-9953,110,2022-10-16T08:50:17.841Z,2026-09-26T08:41:00.319Z
DEMO-DEV-9993,110,2022-10-09T17:46:58.811Z,2026-09-09T08:27:02.892Z
DEMO-DEV-0059,109,2022-10-05T03:53:09.218Z,2026-09-29T05:50:23.161Z
DEMO-DEV-0067,109,2022-10-19T23:18:11.846Z,2026-09-25T20:44:47.885Z
DEMO-DEV-0075,109,2022-10-10T05:28:20.612Z,2026-09-18T20:06:40.470Z
DEMO-DEV-0085,109,2022-10-04T09:15:30.403Z,2026-08-21T16:10:40.232Z
DEMO-DEV-0088,109,2022-10-06T10:51:46.021Z,2026-09-29T19:39:36.523Z
DEMO-DEV-0132,109,2022-10-15T19:41:57.315Z,2026-08-03T08:52:57.666Z
DEMO-DEV-0157,109,2022-10-10T15:38:23.289Z,2026-08-19T17:09:22.966Z
DEMO-DEV-0173,109,2022-10-08T03:52:31.160Z,2026-09-24T18:51:08.172Z
DEMO-DEV-0209,109,2022-10-04T04:48:50.597Z,2026-09-26T12:44:01.045Z
DEMO-DEV-0214,109,2022-10-04T01:39:35.648Z,2026-08-22T05:20:08.161Z
DEMO-DEV-0219,109,2022-10-24T16:35:09.168Z,2026-09-27T09:25:39.246Z
DEMO-DEV-0238,109,2022-10-12T14:52:42.537Z,2026-09-22T19:29:56.183Z
DEMO-DEV-0257,109,2022-11-18T09:04:26.841Z,2026-09-27T17:08:52.014Z
DEMO-DEV-0267,109,2022-10-16T15:36:10.123Z,2026-09-28T01:57:06.646Z
DEMO-DEV-0268,109,2022-10-03T16:13:38.989Z,2026-09-18T19:00:00.037Z
DEMO-DEV-0287,109,2022-10-01T22:38:50.851Z,2026-09-29T03:00:41.816Z
DEMO-DEV-0325,109,2022-10-02T14:48:34.014Z,2026-09-27T01:41:50.462Z
DEMO-DEV-0371,109,2022-10-13T19:56:24.204Z,2026-09-05T14:51:09.692Z
DEMO-DEV-0383,109,2022-10-11T03:50:12.754Z,2026-08-28T08:57:28.929Z
DEMO-DEV-0406,109,2022-11-27T08:51:25.337Z,2026-09-28T20:30:57.885Z
DEMO-DEV-0448,109,2022-11-02T03:33:24.466Z,2026-09-27T11:24:58.037Z
DEMO-DEV-0455,109,2022-10-02T06:05:29.545Z,2026-09-26T02:18:36.415Z
DEMO-DEV-0486,109,2022-11-03T02:18:08.254Z,2026-09-29T15:17:06.846Z
DEMO-DEV-0496,109,2022-10-27T20:04:26.252Z,2026-09-22T20:31:17.366Z
DEMO-DEV-0497,109,2022-10-04T08:58:56.811Z,2026-09-28T07:23:20.250Z
DEMO-DEV-0504,109,2022-10-12T04:31:46.989Z,2026-09-22T21:58:04.493Z
DEMO-DEV-0529,109,2022-10-30T20:31:20.846Z,2026-09-15T21:17:52.968Z
DEMO-DEV-0559,109,2022-10-02T13:07:51.612Z,2026-09-08T07:25:36.851Z
DEMO-DEV-0585,109,2022-10-11T17:26:27.714Z,2026-09-26T00:09:41.264Z
DEMO-DEV-0641,109,2022-11-09T03:52:44.782Z,2026-08-27T00:50:52.653Z
DEMO-DEV-0657,109,2022-10-10T02:43:56.493Z,2026-09-25T12:17:38.839Z
DEMO-DEV-0725,109,2022-11-13T04:29:56.754Z,2026-09-26T01:54:36.653Z
DEMO-DEV-0748,109,2022-10-08T12:44:48.816Z,2026-09-29T10:55:45.929Z
DEMO-DEV-0760,109,2022-10-01T22:10:24.254Z,2026-09-20T21:59:51.578Z
DEMO-DEV-0850,109,2022-10-02T17:41:58.985Z,2026-09-16T13:11:01.976Z
DEMO-DEV-0853,109,2022-10-04T19:34:17.226Z,2026-09-21T07:54:53.859Z
DEMO-DEV-0882,109,2022-10-10T11:12:44.557Z,2026-09-09T08:25:19.949Z
DEMO-DEV-0923,109,2022-10-08T12:52:38.535Z,2026-09-12T14:01:15.676Z
DEMO-DEV-1027,109,2022-11-24T05:54:13.354Z,2026-09-25T16:41:56.692Z
DEMO-DEV-1098,109,2022-10-23T07:49:55.387Z,2026-08-20T11:35:20.003Z
DEMO-DEV-1139,109,2022-10-25T04:09:15.394Z,2026-09-28T21:42:10.045Z
DEMO-DEV-1145,109,2022-10-03T01:40:07.037Z,2026-07-21T05:19:36.172Z
DEMO-DEV-1158,109,2022-10-12T05:39:49.754Z,2026-09-10T07:49:45.778Z
DEMO-DEV-1177,109,2022-10-02T03:23:31.493Z,2026-09-13T20:53:50.785Z
DEMO-DEV-1210,109,2022-10-19T09:48:45.950Z,2026-09-27T18:27:25.415Z
DEMO-DEV-1231,109,2022-11-09T20:01:00.015Z,2026-09-18T10:45:28.735Z
DEMO-DEV-1267,109,2022-10-03T03:51:44.524Z,2026-09-29T21:35:58.226Z
DEMO-DEV-1278,109,2022-10-19T18:27:23.976Z,2026-09-24T10:41:15.535Z
DEMO-DEV-1292,109,2022-10-17T20:19:55.658Z,2026-09-29T11:12:41.203Z
DEMO-DEV-1332,109,2022-10-26T15:54:27.636Z,2026-09-05T10:22:21.087Z
DEMO-DEV-1348,109,2022-10-21T02:59:49.968Z,2026-09-17T12:12:16.868Z
DEMO-DEV-1364,109,2022-10-04T16:55:37.578Z,2026-09-29T02:33:14.155Z
DEMO-DEV-1402,109,2022-11-16T02:42:26.646Z,2026-08-07T07:08:48.811Z
DEMO-DEV-1493,109,2022-10-17T21:28:24.211Z,2026-09-23T15:18:36.513Z
DEMO-DEV-1506,109,2022-10-25T11:31:05.816Z,2026-09-29T16:59:10.090Z
DEMO-DEV-1530,109,2022-10-04T06:15:57.676Z,2026-09-27T04:26:55.302Z
DEMO-DEV-1531,109,2022-10-03T15:37:09.873Z,2026-09-21T21:46:34.021Z
DEMO-DEV-1535,109,2022-10-04T13:31:33.527Z,2026-09-14T02:11:02.614Z
DEMO-DEV-1557,109,2022-10-07T00:26:29.165Z,2026-09-28T10:30:36.735Z
DEMO-DEV-1567,109,2022-10-08T19:26:40.752Z,2026-09-27T15:43:10.003Z
DEMO-DEV-1574,109,2022-10-06T02:16:33.352Z,2026-09-20T15:08:56.612Z
DEMO-DEV-1577,109,2022-11-03T17:38:37.985Z,2026-08-31T07:18:47.337Z
DEMO-DEV-1611,109,2022-10-14T05:10:00.824Z,2026-09-28T22:06:15.253Z
DEMO-DEV-1613,109,2022-10-03T17:02:14.368Z,2026-09-10T03:25:27.778Z
DEMO-DEV-1617,109,2022-10-05T13:07:28.204Z,2026-09-01T12:14:12.976Z
DEMO-DEV-1644,109,2022-10-12T20:07:04.023Z,2026-09-08T01:39:56.087Z
DEMO-DEV-1668,109,2022-10-02T12:44:52.390Z,2026-09-05T03:06:06.038Z
DEMO-DEV-1707,109,2022-10-09T04:28:17.738Z,2026-09-23T17:37:12.727Z
DEMO-DEV-1726,109,2022-10-03T11:00:55.727Z,2026-09-09T23:44:18.806Z
DEMO-DEV-1758,109,2022-10-12T05:50:42.500Z,2026-09-14T05:23:51.402Z
DEMO-DEV-1770,109,2022-11-26T15:55:44.702Z,2026-09-25T06:11:14.038Z
DEMO-DEV-1776,109,2022-10-08T16:53:15.841Z,2026-09-21T05:31:05.325Z
DEMO-DEV-1801,109,2022-10-02T17:14:15.646Z,2026-08-09T18:05:24.493Z
DEMO-DEV-1805,109,2022-10-05T18:32:58.493Z,2026-09-20T23:11:03.891Z
DEMO-DEV-1866,109,2022-10-01T14:30:13.537Z,2026-09-13T23:08:01.578Z
DEMO-DEV-1882,109,2022-11-04T23:54:19.653Z,2026-09-24T20:39:56.300Z
DEMO-DEV-1890,109,2022-10-10T03:35:50.192Z,2026-09-28T13:30:44.470Z
DEMO-DEV-1941,109,2022-10-19T23:56:36.803Z,2026-09-23T12:34:11.087Z
DEMO-DEV-2037,109,2022-10-12T03:35:01.584Z,2026-08-29T14:17:49.976Z
DEMO-DEV-2098,109,2022-11-11T10:02:25.607Z,2026-09-06T04:26:09.646Z
DEMO-DEV-2154,109,2022-10-07T22:10:23.138Z,2026-09-27T21:59:09.325Z
DEMO-DEV-2167,109,2022-11-10T07:52:52.714Z,2026-09-29T16:27:23.368Z
DEMO-DEV-2178,109,2022-10-03T12:31:05.027Z,2026-09-24T00:18:44.120Z
DEMO-DEV-2239,109,2022-10-06T04:37:06.865Z,2026-09-27T23:25:19.841Z
DEMO-DEV-2246,109,2022-10-16T23:30:01.825Z,2026-09-29T01:01:17.646Z
DEMO-DEV-2271,109,2022-10-08T04:00:41.868Z,2026-09-25T10:11:28.710Z
DEMO-DEV-2298,109,2022-10-15T00:00:53.692Z,2026-09-14T17:11:16.892Z
DEMO-DEV-2339,109,2022-10-17T13:34:47.816Z,2026-09-11T05:22:15.511Z
DEMO-DEV-2353,109,2022-10-17T09:11:03.038Z,2026-09-25T22:00:25.915Z
DEMO-DEV-2358,109,2022-10-28T23:22:56.246Z,2026-08-24T01:44:28.026Z
DEMO-DEV-2366,109,2022-10-13T15:19:34.508Z,2026-08-03T21:38:03.173Z
DEMO-DEV-2380,109,2022-10-09T11:11:06.987Z,2026-07-12T21:20:51.204Z
DEMO-DEV-2410,109,2022-11-06T09:03:51.676Z,2026-09-28T20:12:38.965Z
DEMO-DEV-2423,109,2022-10-07T16:08:25.655Z,2026-08-13T10:59:47.462Z
DEMO-DEV-2433,109,2022-10-09T18:26:22.519Z,2026-09-13T06:45:30.455Z
DEMO-DEV-2444,109,2022-11-24T06:07:20.929Z,2026-09-28T14:36:26.612Z
DEMO-DEV-2512,109,2022-11-02T11:22:59.974Z,2026-09-05T08:14:26.976Z
DEMO-DEV-2526,109,2022-10-09T19:23:23.403Z,2026-09-22T11:07:33.824Z
DEMO-DEV-2552,109,2022-10-04T21:12:20.648Z,2026-09-29T02:06:33.493Z
DEMO-DEV-2561,109,2022-10-17T22:42:00.218Z,2026-09-20T10:36:49.390Z
DEMO-DEV-2574,109,2022-10-04T06:23:04.155Z,2026-09-06T20:55:26.870Z
DEMO-DEV-2599,109,2022-10-09T14:05:11.555Z,2026-09-12T00:44:21.929Z
DEMO-DEV-2613,109,2022-10-14T09:32:18.387Z,2026-09-03T17:06:10.298Z
DEMO-DEV-2619,109,2022-10-05T05:42:18.234Z,2026-09-13T13:21:32.160Z
DEMO-DEV-2672,109,2022-11-02T11:08:20.239Z,2026-09-20T16:22:54.639Z
DEMO-DEV-2697,109,2022-10-20T21:52:52.653Z,2026-09-16T01:34:23.300Z
DEMO-DEV-2722,109,2022-10-03T06:34:36.884Z,2026-09-28T11:41:16.139Z
DEMO-DEV-2754,109,2022-10-09T06:51:40.370Z,2026-09-30T04:25:34.976Z
DEMO-DEV-2756,109,2022-10-10T15:51:46.470Z,2026-09-10T03:59:58.799Z
DEMO-DEV-2760,109,2022-10-07T09:18:43.402Z,2026-09-24T00:25:34.027Z
DEMO-DEV-2766,109,2022-10-01T20:57:14.653Z,2026-09-28T03:53:58.167Z
DEMO-DEV-2784,109,2022-10-01T09:54:51.612Z,2026-09-28T20:34:14.969Z
DEMO-DEV-2791,109,2022-10-29T02:39:45.915Z,2026-09-27T16:14:46.714Z
DEMO-DEV-2810,109,2022-11-03T15:49:19.655Z,2026-09-06T18:37:50.870Z
DEMO-DEV-2847,109,2022-11-30T20:27:58.648Z,2026-09-27T15:23:32.841Z
DEMO-DEV-2883,109,2022-10-14T14:19:09.816Z,2026-09-28T16:16:01.839Z
DEMO-DEV-2971,109,2022-10-17T10:15:40.545Z,2026-09-15T08:47:39.555Z
DEMO-DEV-3056,109,2022-10-06T12:41:12.892Z,2026-09-29T18:56:54.021Z
DEMO-DEV-3130,109,2022-10-03T01:45:07.648Z,2026-09-29T10:22:33.345Z
DEMO-DEV-3198,109,2022-10-08T01:07:31.877Z,2026-09-29T10:10:32.192Z
DEMO-DEV-3214,109,2022-10-16T17:20:15.929Z,2026-09-04T04:53:10.892Z
DEMO-DEV-3245,109,2022-10-05T11:46:56.239Z,2026-09-27T06:45:28.272Z
DEMO-DEV-3277,109,2022-10-05T23:38:22.545Z,2026-09-18T21:48:32.075Z
DEMO-DEV-3284,109,2022-10-24T09:51:45.466Z,2026-09-12T01:14:36.428Z
DEMO-DEV-3296,109,2022-10-08T08:19:48.190Z,2026-09-13T17:18:10.203Z
DEMO-DEV-3356,109,2022-10-15T19:16:50.738Z,2026-09-15T19:01:42.208Z
DEMO-DEV-3364,109,2022-10-08T02:54:17.218Z,2026-08-24T11:01:32.557Z
DEMO-DEV-3405,109,2022-10-13T10:32:29.513Z,2026-08-31T12:20:15.839Z
DEMO-DEV-3414,109,2022-10-02T17:56:47.462Z,2026-09-01T11:13:49.204Z
DEMO-DEV-3415,109,2022-10-03T08:24:14.038Z,2026-09-27T02:44:09.825Z
DEMO-DEV-3419,109,2022-10-17T11:11:26.037Z,2026-09-11T08:29:11.325Z
DEMO-DEV-3420,109,2022-11-13T01:08:44.497Z,2026-09-01T08:30:29.368Z
DEMO-DEV-3425,109,2022-10-01T21:18:09.556Z,2026-09-10T18:05:39.205Z
DEMO-DEV-3434,109,2022-10-03T10:23:02.226Z,2026-09-29T22:44:25.568Z
DEMO-DEV-3438,109,2022-10-01T15:36:26.915Z,2026-09-29T02:45:45.817Z
DEMO-DEV-3445,109,2022-10-17T04:28:40.403Z,2026-09-23T11:11:36.397Z
DEMO-DEV-3608,109,2022-10-03T06:56:38.080Z,2026-08-28T18:51:00.250Z
DEMO-DEV-3639,109,2022-10-03T12:44:32.513Z,2026-09-25T21:12:52.661Z
DEMO-DEV-3678,109,2022-10-06T09:51:49.843Z,2026-09-16T02:59:21.226Z
DEMO-DEV-3688,109,2022-10-27T04:28:30.799Z,2026-09-26T14:44:26.599Z
DEMO-DEV-3690,109,2022-10-04T20:15:43.655Z,2026-09-25T04:07:18.308Z
DEMO-DEV-3704,109,2022-10-11T03:32:38.992Z,2026-09-26T22:41:49.636Z
DEMO-DEV-3708,109,2022-10-24T12:38:40.211Z,2026-09-26T17:48:27.023Z
DEMO-DEV-3778,109,2022-10-24T22:00:31.524Z,2026-09-05T16:58:45.387Z
DEMO-DEV-3797,109,2022-10-12T05:31:10.692Z,2026-09-28T01:42:41.155Z
DEMO-DEV-3804,109,2022-10-13T09:40:00.239Z,2026-09-25T01:30:10.208Z
DEMO-DEV-3819,109,2022-10-06T18:01:52.352Z,2026-09-28T02:33:10.397Z
DEMO-DEV-3827,109,2022-11-07T19:06:41.345Z,2026-09-25T14:41:43.057Z
DEMO-DEV-3863,109,2022-10-08T10:33:50.719Z,2026-08-19T01:25:43.415Z
DEMO-DEV-3909,109,2022-10-27T17:02:11.505Z,2026-08-25T15:32:36.666Z
DEMO-DEV-3924,109,2022-10-28T02:19:15.224Z,2026-09-26T05:24:10.891Z
DEMO-DEV-3931,109,2022-10-11T03:05:50.865Z,2026-09-19T11:08:32.345Z
DEMO-DEV-3967,109,2022-10-29T03:44:35.929Z,2026-09-14T00:54:28.692Z
DEMO-DEV-3968,109,2022-10-02T10:59:42.315Z,2026-09-26T07:22:24.289Z
DEMO-DEV-4001,109,2022-10-08T14:05:17.976Z,2026-09-25T01:20:19.948Z
DEMO-DEV-4017,109,2022-10-02T19:34:21.224Z,2026-09-27T21:36:20.168Z
DEMO-DEV-4027,109,2022-10-10T04:30:45.428Z,2026-09-05T16:28:42.470Z
DEMO-DEV-4103,109,2022-10-09T16:53:19.252Z,2026-09-18T22:15:31.782Z
DEMO-DEV-4184,109,2022-10-11T17:51:03.884Z,2026-09-25T10:20:44.394Z
DEMO-DEV-4208,109,2022-10-06T08:51:56.300Z,2026-09-27T17:35:31.568Z
DEMO-DEV-4212,109,2022-10-18T10:30:11.300Z,2026-09-16T12:16:31.307Z
DEMO-DEV-4215,109,2022-10-04T17:29:02.287Z,2026-09-27T09:06:38.470Z
DEMO-DEV-4286,109,2022-10-13T14:01:14.222Z,2026-09-01T11:07:59.057Z
DEMO-DEV-4287,109,2022-10-03T06:11:00.966Z,2026-09-19T20:07:52.884Z
DEMO-DEV-4289,109,2022-10-08T19:09:20.203Z,2026-09-17T03:21:55.068Z
DEMO-DEV-4306,109,2022-10-12T09:24:10.165Z,2026-09-25T05:21:46.786Z
DEMO-DEV-4319,109,2022-10-07T05:25:53.655Z,2026-09-23T01:42:47.192Z
DEMO-DEV-4343,109,2022-10-01T20:35:46.068Z,2026-09-25T21:22:06.966Z
DEMO-DEV-4407,109,2022-10-07T15:40:35.045Z,2026-09-13T15:57:45.688Z
DEMO-DEV-4517,109,2022-10-23T06:13:31.676Z,2026-09-29T08:31:05.172Z
DEMO-DEV-4556,109,2022-10-15T10:56:40.190Z,2026-09-25T19:25:25.040Z
DEMO-DEV-4558,109,2022-10-15T17:58:29.785Z,2026-09-26T22:42:01.969Z
DEMO-DEV-4565,109,2022-10-24T04:15:54.968Z,2026-08-12T01:32:51.864Z
DEMO-DEV-4598,109,2022-10-15T23:13:34.688Z,2026-09-10T21:53:49.612Z
DEMO-DEV-4600,109,2022-10-23T21:08:47.208Z,2026-09-11T11:41:26.238Z
DEMO-DEV-4618,109,2022-10-18T01:32:12.455Z,2026-09-04T12:17:16.646Z
DEMO-DEV-4643,109,2022-10-10T11:50:06.134Z,2026-09-07T18:29:06.368Z
DEMO-DEV-4645,109,2022-10-07T23:56:48.666Z,2026-09-27T20:54:18.003Z
DEMO-DEV-4701,109,2022-10-04T08:31:51.646Z,2026-09-13T18:20:16.545Z
DEMO-DEV-4743,109,2022-10-13T06:56:01.087Z,2026-09-20T02:41:45.584Z
DEMO-DEV-4751,109,2022-10-19T08:20:56.221Z,2026-09-23T09:48:13.252Z
DEMO-DEV-4768,109,2022-10-17T02:32:28.976Z,2026-09-27T13:40:08.063Z
DEMO-DEV-4770,109,2022-10-05T21:31:51.218Z,2026-09-21T19:33:38.752Z
DEMO-DEV-4833,109,2022-10-06T22:44:30.075Z,2026-08-23T15:05:42.778Z
DEMO-DEV-4970,109,2022-10-11T17:48:06.219Z,2026-09-20T05:29:51.080Z
DEMO-DEV-4999,109,2022-10-18T12:54:01.319Z,2026-09-09T03:46:59.784Z
DEMO-DEV-5002,109,2022-10-06T20:24:28.139Z,2026-09-15T09:10:04.168Z
DEMO-DEV-5028,109,2022-10-12T20:51:58.949Z,2026-09-28T03:27:13.519Z
DEMO-DEV-5034,109,2022-10-23T23:31:57.038Z,2026-09-26T17:14:14.250Z
DEMO-DEV-5039,109,2022-10-02T08:37:27.057Z,2026-09-16T16:59:42.735Z
DEMO-DEV-5062,109,2022-10-23T05:16:55.211Z,2026-09-04T04:02:00.090Z
DEMO-DEV-5081,109,2022-10-09T01:07:32.446Z,2026-09-13T12:34:53.992Z
DEMO-DEV-5141,109,2022-10-07T06:43:19.272Z,2026-08-25T11:52:31.738Z
DEMO-DEV-5178,109,2022-10-20T16:13:22.172Z,2026-09-26T17:23:56.817Z
DEMO-DEV-5206,109,2022-10-21T01:13:59.026Z,2026-07-28T21:58:29.446Z
DEMO-DEV-5211,109,2022-10-19T02:56:52.682Z,2026-09-20T18:43:00.885Z
DEMO-DEV-5224,109,2022-10-01T12:39:47.218Z,2026-09-20T04:13:26.839Z
DEMO-DEV-5243,109,2022-10-20T09:21:32.370Z,2026-08-26T07:29:07.352Z
DEMO-DEV-5280,109,2022-10-13T18:46:58.236Z,2026-09-21T09:37:16.719Z
DEMO-DEV-5281,109,2022-10-03T17:20:36.817Z,2026-09-06T22:22:04.646Z
DEMO-DEV-5286,109,2022-10-11T15:54:13.612Z,2026-09-19T01:16:17.442Z
DEMO-DEV-5305,109,2022-10-03T01:47:04.817Z,2026-09-22T14:37:35.929Z
DEMO-DEV-5361,109,2022-10-09T08:19:51.688Z,2026-08-31T07:37:07.692Z
DEMO-DEV-5368,109,2022-10-05T18:44:22.368Z,2026-09-22T15:28:21.224Z
DEMO-DEV-5467,109,2022-10-09T15:56:02.264Z,2026-09-21T06:20:40.485Z
DEMO-DEV-5488,109,2022-10-08T14:40:41.123Z,2026-09-26T03:10:26.969Z
DEMO-DEV-5505,109,2022-10-13T05:12:42.087Z,2026-09-10T01:25:20.873Z
DEMO-DEV-5545,109,2022-10-03T07:11:35.004Z,2026-09-18T20:06:48.254Z
DEMO-DEV-5547,109,2022-10-12T03:12:32.676Z,2026-09-23T22:33:39.203Z
DEMO-DEV-5596,109,2022-10-23T07:19:32.289Z,2026-09-03T04:35:23.298Z
DEMO-DEV-5623,109,2022-10-20T14:59:34.877Z,2026-09-27T13:21:47.965Z
DEMO-DEV-5638,109,2022-10-10T22:29:39.080Z,2026-09-01T13:09:19.614Z
DEMO-DEV-5654,109,2022-10-09T11:17:51.357Z,2026-09-26T20:52:42.605Z
DEMO-DEV-5655,109,2022-10-09T09:17:28.864Z,2026-09-29T11:00:10.851Z
DEMO-DEV-5679,109,2022-10-06T00:06:19.150Z,2026-09-17T01:44:36.537Z
DEMO-DEV-5720,109,2022-10-21T17:06:12.676Z,2026-09-26T12:24:02.446Z
DEMO-DEV-5815,109,2022-10-08T00:53:04.470Z,2026-09-27T06:53:22.792Z
DEMO-DEV-5825,109,2022-10-15T04:43:05.865Z,2026-09-29T01:47:23.307Z
DEMO-DEV-5831,109,2022-10-01T10:23:10.948Z,2026-09-28T21:52:50.646Z
DEMO-DEV-5832,109,2022-10-10T22:22:48.403Z,2026-09-19T19:25:10.817Z
DEMO-DEV-5861,109,2022-10-06T03:32:10.211Z,2026-09-17T22:58:08.300Z
DEMO-DEV-5980,109,2022-10-12T03:57:55.232Z,2026-09-21T16:19:06.443Z
DEMO-DEV-6037,109,2022-10-07T04:05:42.653Z,2026-09-29T06:58:23.394Z
DEMO-DEV-6038,109,2022-10-20T09:42:21.354Z,2026-09-28T01:07:58.394Z
DEMO-DEV-6076,109,2022-10-11T22:35:21.505Z,2026-09-28T20:04:42.366Z
DEMO-DEV-6087,109,2022-10-22T16:04:03.004Z,2026-08-13T22:44:28.842Z
DEMO-DEV-6120,109,2022-10-01T15:27:23.205Z,2026-09-28T05:01:21.120Z
DEMO-DEV-6209,109,2022-10-18T12:20:42.527Z,2026-09-21T22:13:09.493Z
DEMO-DEV-6312,109,2022-10-19T06:42:35.120Z,2026-09-29T06:02:00.752Z
DEMO-DEV-6340,109,2022-10-02T04:36:37.221Z,2026-07-08T21:59:15.352Z
DEMO-DEV-6344,109,2022-10-12T07:27:34.523Z,2026-09-30T02:12:25.298Z
DEMO-DEV-6349,109,2022-10-12T22:43:50.646Z,2026-09-18T10:19:58.975Z
DEMO-DEV-6358,109,2022-11-02T19:57:34.914Z,2026-09-20T11:19:41.661Z
DEMO-DEV-6360,109,2022-10-01T21:56:42.080Z,2026-09-27T14:28:36.612Z
DEMO-DEV-6362,109,2022-10-24T11:04:34.190Z,2026-09-27T16:51:56.817Z
DEMO-DEV-6382,109,2022-10-05T04:32:17.015Z,2026-09-15T15:43:20.917Z
DEMO-DEV-6383,109,2022-10-05T18:09:59.884Z,2026-09-29T00:47:04.160Z
DEMO-DEV-6396,109,2022-10-17T11:37:19.987Z,2026-09-11T08:45:32.497Z
DEMO-DEV-6410,109,2022-10-30T21:11:16.636Z,2026-09-28T00:45:25.926Z
DEMO-DEV-6438,109,2022-10-04T19:44:22.165Z,2026-09-17T00:05:15.792Z
DEMO-DEV-6464,109,2022-10-02T09:01:54.387Z,2026-09-20T17:36:13.357Z
DEMO-DEV-6482,109,2022-10-18T16:15:49.160Z,2026-09-24T02:51:51.692Z
DEMO-DEV-6585,109,2022-10-13T08:58:36.915Z,2026-09-21T23:26:33.254Z
DEMO-DEV-6614,109,2022-10-22T04:09:03.190Z,2026-09-13T04:39:41.557Z
DEMO-DEV-6662,109,2022-11-07T12:53:32.646Z,2026-09-15T03:30:48.192Z
DEMO-DEV-6694,109,2022-10-03T14:43:29.702Z,2026-09-03T00:17:04.782Z
DEMO-DEV-6700,109,2022-10-31T22:53:47.639Z,2026-08-26T23:54:11.173Z
DEMO-DEV-6703,109,2022-10-02T02:20:44.205Z,2026-09-11T03:41:14.524Z
DEMO-DEV-6707,109,2022-10-02T12:03:17.391Z,2026-08-23T20:33:45.023Z
DEMO-DEV-6726,109,2022-10-26T13:16:02.913Z,2026-09-26T05:09:33.825Z
DEMO-DEV-6740,109,2022-10-05T09:50:05.816Z,2026-09-24T02:58:08.511Z
DEMO-DEV-6753,109,2022-11-03T17:14:39.846Z,2026-09-28T00:56:50.222Z
DEMO-DEV-6787,109,2022-10-07T19:56:32.519Z,2026-09-20T13:34:25.497Z
DEMO-DEV-6806,109,2022-10-12T10:08:07.246Z,2026-09-22T16:47:24.428Z
DEMO-DEV-6838,109,2022-10-02T15:47:22.993Z,2026-09-17T17:47:41.291Z
DEMO-DEV-6865,109,2022-10-03T05:11:52.253Z,2026-08-22T09:34:51.253Z
DEMO-DEV-6867,109,2022-10-11T23:29:26.003Z,2026-09-29T16:05:24.867Z
DEMO-DEV-6871,109,2022-12-05T21:09:49.038Z,2026-09-25T00:39:46.503Z
DEMO-DEV-6901,109,2022-10-19T09:45:25.612Z,2026-09-25T21:29:45.403Z
DEMO-DEV-6976,109,2022-10-11T00:26:15.524Z,2026-09-17T17:21:00.653Z
DEMO-DEV-7002,109,2022-11-12T21:02:41.466Z,2026-09-25T01:21:20.676Z
DEMO-DEV-7025,109,2022-10-28T08:16:48.648Z,2026-09-06T19:09:55.870Z
DEMO-DEV-7052,109,2022-10-02T00:03:28.402Z,2026-09-23T05:45:50.291Z
DEMO-DEV-7053,109,2022-10-28T09:01:39.167Z,2026-09-19T18:05:27.272Z
DEMO-DEV-7089,109,2022-10-10T05:54:00.337Z,2026-09-23T17:08:55.239Z
DEMO-DEV-7097,109,2022-10-12T04:49:43.077Z,2026-09-07T12:44:17.402Z
DEMO-DEV-7114,109,2022-10-11T14:44:58.443Z,2026-09-12T21:17:41.057Z
DEMO-DEV-7146,109,2022-10-01T09:52:29.817Z,2026-09-27T08:29:03.021Z
DEMO-DEV-7198,109,2022-10-07T09:11:44.190Z,2026-09-01T14:22:57.485Z
DEMO-DEV-7200,109,2022-10-03T20:35:42.287Z,2026-09-29T00:15:55.868Z
DEMO-DEV-7223,109,2022-10-06T11:39:58.288Z,2026-08-27T15:02:15.493Z
DEMO-DEV-7235,109,2022-10-04T23:25:19.976Z,2026-09-18T14:45:20.160Z
DEMO-DEV-7250,109,2022-10-04T09:01:24.394Z,2026-09-13T03:36:16.929Z
DEMO-DEV-7251,109,2022-10-05T00:59:10.014Z,2026-08-30T21:32:42.264Z
DEMO-DEV-7259,109,2022-11-20T20:33:28.302Z,2026-09-18T16:26:38.394Z
DEMO-DEV-7267,109,2022-10-13T20:47:38.075Z,2026-09-07T15:00:53.080Z
DEMO-DEV-7293,109,2022-10-20T01:09:47.026Z,2026-09-25T03:25:35.989Z
DEMO-DEV-7399,109,2022-10-14T16:05:22.190Z,2026-09-29T23:15:54.394Z
DEMO-DEV-7402,109,2022-10-16T11:36:49.524Z,2026-09-16T00:09:36.785Z
DEMO-DEV-7416,109,2022-10-15T09:07:13.403Z,2026-08-08T18:06:31.211Z
DEMO-DEV-7433,109,2022-10-08T07:16:37.503Z,2026-09-10T12:12:35.024Z
DEMO-DEV-7438,109,2022-10-01T14:47:22.676Z,2026-09-26T10:27:20.839Z
DEMO-DEV-7571,109,2022-10-26T00:06:39.466Z,2026-09-17T15:11:54.023Z
DEMO-DEV-7616,109,2022-10-03T20:25:02.403Z,2026-09-27T19:36:59.968Z
DEMO-DEV-7625,109,2022-10-09T22:37:30.811Z,2026-09-23T19:28:17.646Z
DEMO-DEV-7626,109,2022-10-02T07:27:02.038Z,2026-09-26T21:04:40.415Z
DEMO-DEV-7705,109,2022-11-04T19:38:37.415Z,2026-09-10T23:22:45.319Z
DEMO-DEV-7709,109,2022-10-07T19:37:07.024Z,2026-09-23T08:11:26.015Z
DEMO-DEV-7711,109,2022-10-16T05:35:51.352Z,2026-08-28T07:21:09.993Z
DEMO-DEV-7737,109,2022-10-07T18:01:15.087Z,2026-09-29T03:26:12.806Z
DEMO-DEV-7745,109,2022-10-07T05:37:30.004Z,2026-09-26T02:44:27.868Z
DEMO-DEV-7786,109,2022-10-17T03:50:18.868Z,2026-09-27T04:07:18.345Z
DEMO-DEV-7801,109,2022-10-05T20:20:16.287Z,2026-09-27T18:25:05.710Z
DEMO-DEV-8008,109,2022-10-03T23:59:45.714Z,2026-09-28T06:17:32.786Z
DEMO-DEV-8015,109,2022-10-15T04:35:38.462Z,2026-09-27T03:55:41.965Z
DEMO-DEV-8018,109,2022-10-12T14:07:56.968Z,2026-09-05T01:55:28.974Z
DEMO-DEV-8077,109,2022-11-13T14:43:03.891Z,2026-09-28T10:03:20.948Z
DEMO-DEV-8078,109,2022-10-30T15:39:24.397Z,2026-09-24T18:50:55.929Z
DEMO-DEV-8100,109,2022-10-05T11:47:22.218Z,2026-09-09T17:32:18.658Z
DEMO-DEV-8135,109,2022-10-02T14:49:48.511Z,2026-09-02T20:29:33.793Z
DEMO-DEV-8161,109,2022-10-04T00:10:09.370Z,2026-09-21T22:38:16.929Z
DEMO-DEV-8187,109,2022-10-29T14:46:30.646Z,2026-09-21T06:00:23.368Z
DEMO-DEV-8191,109,2022-10-02T17:22:02.225Z,2026-09-23T00:53:08.345Z
DEMO-DEV-8253,109,2022-10-06T09:15:09.239Z,2026-09-10T02:35:04.021Z
DEMO-DEV-8338,109,2022-10-11T18:08:10.839Z,2026-09-22T07:14:34.173Z
DEMO-DEV-8400,109,2022-10-11T13:56:57.965Z,2026-09-29T20:27:35.211Z
DEMO-DEV-8404,109,2022-10-02T04:28:01.976Z,2026-09-27T02:21:20.090Z
DEMO-DEV-8412,109,2022-10-02T10:19:57.591Z,2026-09-19T04:29:23.268Z
DEMO-DEV-8436,109,2022-10-12T09:06:10.661Z,2026-09-07T14:19:22.024Z
DEMO-DEV-8480,109,2022-10-25T20:42:00.014Z,2026-09-28T23:52:54.614Z
DEMO-DEV-8482,109,2022-10-09T06:19:07.754Z,2026-09-29T10:03:04.968Z
DEMO-DEV-8549,109,2022-11-04T18:36:08.926Z,2026-09-12T04:51:17.319Z
DEMO-DEV-8557,109,2022-10-09T07:06:11.648Z,2026-09-28T13:23:09.859Z
DEMO-DEV-8579,109,2022-10-20T00:41:52.077Z,2026-09-26T08:25:50.219Z
DEMO-DEV-8614,109,2022-10-10T06:04:22.319Z,2026-09-26T11:43:47.976Z
DEMO-DEV-8623,109,2022-10-28T19:41:27.015Z,2026-09-28T20:37:44.307Z
DEMO-DEV-8625,109,2022-10-13T10:15:05.591Z,2026-09-09T10:02:03.470Z
DEMO-DEV-8640,109,2022-10-06T05:29:05.612Z,2026-08-28T18:01:17.319Z
DEMO-DEV-8681,109,2022-10-06T15:57:48.864Z,2026-09-18T14:31:54.688Z
DEMO-DEV-8689,109,2022-10-24T11:29:01.710Z,2026-09-21T06:18:06.234Z
DEMO-DEV-8713,109,2022-10-06T19:43:26.846Z,2026-08-02T10:11:46.403Z
DEMO-DEV-8724,109,2022-10-08T07:20:18.004Z,2026-09-28T23:19:51.038Z
DEMO-DEV-8802,109,2022-10-02T12:59:36.682Z,2026-09-24T02:26:33.192Z
DEMO-DEV-8811,109,2022-10-11T00:52:16.167Z,2026-09-27T19:18:03.391Z
DEMO-DEV-8819,109,2022-10-06T08:16:08.782Z,2026-09-21T03:34:35.985Z
DEMO-DEV-8840,109,2022-10-16T19:03:40.307Z,2026-09-14T10:08:48.272Z
DEMO-DEV-8842,109,2022-10-26T07:40:55.795Z,2026-08-25T09:22:15.073Z
DEMO-DEV-8869,109,2022-10-02T21:27:17.949Z,2026-09-24T11:39:10.246Z
DEMO-DEV-8900,109,2022-10-02T20:16:00.688Z,2026-09-20T06:00:57.232Z
DEMO-DEV-8905,109,2022-10-01T16:27:00.239Z,2026-09-01T17:15:55.974Z
DEMO-DEV-8933,109,2022-10-02T02:37:16.120Z,2026-09-20T19:16:02.865Z
DEMO-DEV-8960,109,2022-10-19T02:22:36.370Z,2026-09-25T01:12:39.291Z
DEMO-DEV-8965,109,2022-10-02T16:01:56.037Z,2026-09-24T22:34:34.865Z
DEMO-DEV-8986,109,2022-11-02T20:37:01.345Z,2026-08-28T14:06:33.915Z
DEMO-DEV-8997,109,2022-10-07T04:11:39.555Z,2026-08-27T22:50:13.123Z
DEMO-DEV-9013,109,2022-10-06T13:58:43.765Z,2026-09-28T08:11:04.646Z
DEMO-DEV-9023,109,2022-10-02T15:33:22.319Z,2026-09-29T15:48:40.545Z
DEMO-DEV-9041,109,2022-11-21T22:29:31.843Z,2026-09-25T11:55:12.250Z
DEMO-DEV-9060,109,2022-10-02T13:55:53.234Z,2026-09-25T13:47:17.037Z
DEMO-DEV-9091,109,2022-10-08T21:21:04.442Z,2026-09-25T01:24:36.120Z
DEMO-DEV-9174,109,2022-10-09T00:26:33.524Z,2026-09-19T21:19:27.503Z
DEMO-DEV-9179,109,2022-10-10T23:33:35.225Z,2026-09-12T21:40:31.027Z
DEMO-DEV-9186,109,2022-10-19T08:10:01.976Z,2026-09-29T14:20:57.605Z
DEMO-DEV-9195,109,2022-10-12T07:11:24.537Z,2026-09-11T11:14:18.817Z
DEMO-DEV-9255,109,2022-10-21T04:50:00.307Z,2026-09-08T04:03:14.004Z
DEMO-DEV-9260,109,2022-10-01T21:35:27.974Z,2026-09-22T00:11:23.974Z
DEMO-DEV-9274,109,2022-10-04T02:01:47.302Z,2026-07-16T23:05:57.238Z
DEMO-DEV-9275,109,2022-10-04T04:56:48.307Z,2026-09-13T21:03:25.824Z
DEMO-DEV-9317,109,2022-10-16T12:39:39.636Z,2026-09-24T21:06:49.189Z
DEMO-DEV-9339,109,2022-10-11T07:18:35.785Z,2026-09-14T18:50:29.929Z
DEMO-DEV-9384,109,2022-10-20T12:35:06.537Z,2026-09-26T06:42:39.264Z
DEMO-DEV-9388,109,2022-10-04T10:13:10.037Z,2026-09-22T11:23:11.446Z
DEMO-DEV-9392,109,2022-10-02T03:35:39.527Z,2026-09-25T13:28:18.239Z
DEMO-DEV-9447,109,2022-10-03T21:33:06.403Z,2026-09-18T21:12:42.568Z
DEMO-DEV-9453,109,2022-11-17T03:04:47.987Z,2026-08-28T16:50:58.232Z
DEMO-DEV-9463,109,2022-10-04T20:45:59.513Z,2026-09-25T21:41:45.254Z
DEMO-DEV-9465,109,2022-11-12T18:27:06.298Z,2026-09-24T20:14:21.508Z
DEMO-DEV-9521,109,2022-10-04T12:22:18.863Z,2026-09-10T04:45:13.811Z
DEMO-DEV-9553,109,2022-10-11T07:20:20.204Z,2026-09-13T07:43:24.842Z
DEMO-DEV-9669,109,2022-11-01T00:08:57.211Z,2026-09-15T18:38:41.319Z
DEMO-DEV-9684,109,2022-10-16T13:04:11.556Z,2026-09-29T03:40:11.470Z
DEMO-DEV-9734,109,2022-11-03T07:38:37.987Z,2026-09-15T12:03:05.264Z
DEMO-DEV-9840,109,2022-10-03T05:10:54.073Z,2026-09-25T06:27:50.537Z
DEMO-DEV-9848,109,2022-10-09T21:53:29.646Z,2026-09-03T23:21:37.727Z
DEMO-DEV-9866,109,2022-10-03T07:12:14.513Z,2026-09-18T07:07:38.648Z
DEMO-DEV-9883,109,2022-10-18T10:32:29.165Z,2026-09-19T07:05:28.785Z
DEMO-DEV-9909,109,2022-10-18T07:28:21.636Z,2026-09-05T09:46:04.992Z
DEMO-DEV-9918,109,2022-11-01T02:24:35.612Z,2026-09-17T05:59:12.738Z
DEMO-DEV-9949,109,2022-10-27T15:18:42.168Z,2026-09-09T05:55:01.236Z
DEMO-DEV-9959,109,2022-10-08T11:43:07.929Z,2026-09-10T23:25:47.702Z
DEMO-DEV-9981,109,2022-10-13T13:45:41.806Z,2026-09-25T20:44:34.655Z
DEMO-DEV-0033,108,2022-10-30T21:53:05.040Z,2026-08-31T16:14:37.719Z
DEMO-DEV-0068,108,2022-10-11T02:49:39.614Z,2026-09-15T18:31:12.966Z
DEMO-DEV-0139,108,2022-10-01T23:59:09.873Z,2026-09-19T08:01:33.824Z
DEMO-DEV-0149,108,2022-10-08T21:59:04.913Z,2026-09-05T04:21:21.015Z
DEMO-DEV-0155,108,2022-10-08T11:34:51.015Z,2026-09-28T11:18:38.682Z
DEMO-DEV-0195,108,2022-10-03T11:57:20.926Z,2026-09-16T07:28:32.446Z
DEMO-DEV-0200,108,2022-10-11T06:03:49.015Z,2026-09-20T00:20:28.597Z
DEMO-DEV-0205,108,2022-10-05T21:14:04.221Z,2026-09-21T05:51:30.345Z
DEMO-DEV-0235,108,2022-10-06T09:23:48.211Z,2026-09-17T09:44:23.870Z
DEMO-DEV-0251,108,2022-10-29T03:12:23.057Z,2026-09-12T23:29:18.264Z
DEMO-DEV-0254,108,2022-10-04T23:24:07.014Z,2026-09-24T17:50:45.253Z
DEMO-DEV-0259,108,2022-12-03T15:20:54.817Z,2026-08-28T18:37:25.950Z
DEMO-DEV-0264,108,2022-11-28T03:07:46.150Z,2026-09-20T09:32:14.352Z
DEMO-DEV-0278,108,2022-10-26T00:43:57.204Z,2026-08-15T20:58:52.460Z
DEMO-DEV-0335,108,2022-10-13T16:57:13.929Z,2026-09-09T01:57:23.639Z
DEMO-DEV-0363,108,2022-10-20T08:02:45.612Z,2026-09-17T01:51:40.556Z
DEMO-DEV-0364,108,2022-10-11T13:56:01.298Z,2026-09-11T09:49:53.917Z
DEMO-DEV-0434,108,2022-10-13T22:40:06.298Z,2026-08-22T21:22:26.291Z
DEMO-DEV-0487,108,2022-10-12T04:33:02.859Z,2026-08-03T22:42:25.300Z
DEMO-DEV-0503,108,2022-10-02T18:11:22.727Z,2026-09-10T03:24:21.239Z
DEMO-DEV-0595,108,2022-10-25T17:21:52.816Z,2026-09-26T01:44:15.250Z
DEMO-DEV-0640,108,2022-10-05T19:39:53.974Z,2026-09-19T13:49:44.172Z
DEMO-DEV-0652,108,2022-10-21T06:51:59.264Z,2026-09-19T10:36:07.873Z
DEMO-DEV-0662,108,2022-10-11T12:11:38.658Z,2026-09-21T23:33:07.792Z
DEMO-DEV-0682,108,2022-11-02T14:43:52.027Z,2026-09-28T03:49:55.172Z
DEMO-DEV-0706,108,2022-10-14T08:03:46.203Z,2026-09-27T09:22:33.057Z
DEMO-DEV-0733,108,2022-10-22T09:14:10.824Z,2026-09-18T00:12:27.870Z
DEMO-DEV-0771,108,2022-10-08T08:57:42.926Z,2026-09-29T06:26:51.230Z
DEMO-DEV-0883,108,2022-10-03T07:27:49.555Z,2026-09-16T11:07:18.190Z
DEMO-DEV-0890,108,2022-10-04T16:41:13.165Z,2026-09-13T19:34:42.816Z
DEMO-DEV-0897,108,2022-10-15T14:47:03.929Z,2026-09-16T10:24:37.505Z
DEMO-DEV-0910,108,2022-10-02T19:46:10.555Z,2026-09-14T17:24:30.666Z
DEMO-DEV-0979,108,2022-10-17T13:57:09.238Z,2026-09-25T17:52:12.291Z
DEMO-DEV-0993,108,2022-10-23T04:54:57.040Z,2026-09-21T21:48:46.653Z
DEMO-DEV-1057,108,2022-10-17T04:59:36.357Z,2026-09-26T13:50:20.989Z
DEMO-DEV-1128,108,2022-10-21T04:31:59.238Z,2026-09-15T10:02:24.618Z
DEMO-DEV-1154,108,2022-10-04T14:27:15.950Z,2026-09-25T07:40:06.068Z
DEMO-DEV-1157,108,2022-10-03T08:58:00.160Z,2026-09-25T01:23:11.648Z
DEMO-DEV-1215,108,2022-10-05T05:33:01.397Z,2026-09-16T18:34:00.915Z
DEMO-DEV-1265,108,2022-10-05T17:18:08.605Z,2026-09-21T14:59:32.968Z
DEMO-DEV-1281,108,2022-10-12T15:47:59.556Z,2026-09-25T06:29:50.391Z
DEMO-DEV-1312,108,2022-10-12T12:02:55.442Z,2026-08-01T18:43:07.851Z
DEMO-DEV-1369,108,2022-10-22T17:59:29.075Z,2026-08-13T09:44:44.519Z
DEMO-DEV-1401,108,2022-10-01T08:56:42.648Z,2026-09-11T20:03:21.226Z
DEMO-DEV-1407,108,2022-10-06T22:59:19.446Z,2026-08-21T21:42:04.308Z
DEMO-DEV-1443,108,2022-10-11T11:16:28.785Z,2026-09-27T02:01:32.929Z
DEMO-DEV-1465,108,2022-11-04T07:01:05.843Z,2026-09-27T18:42:39.246Z
DEMO-DEV-1473,108,2022-10-14T22:52:29.289Z,2026-09-24T03:13:27.612Z
DEMO-DEV-1478,108,2022-10-04T12:14:12.785Z,2026-09-28T13:25:44.308Z
DEMO-DEV-1510,108,2022-10-13T09:53:49.123Z,2026-09-18T02:22:05.315Z
DEMO-DEV-1513,108,2022-10-02T05:51:23.368Z,2026-08-26T18:16:53.023Z
DEMO-DEV-1534,108,2022-10-04T13:03:18.511Z,2026-09-22T10:15:42.676Z
DEMO-DEV-1543,108,2022-10-10T21:27:35.682Z,2026-09-14T15:02:46.208Z
DEMO-DEV-1553,108,2022-10-19T03:02:05.839Z,2026-07-07T23:37:22.075Z
DEMO-DEV-1570,108,2022-10-08T11:57:53.037Z,2026-08-19T16:37:50.307Z
DEMO-DEV-1604,108,2022-10-20T00:25:49.929Z,2026-09-08T16:07:43.537Z
DEMO-DEV-1620,108,2022-10-10T02:18:05.929Z,2026-09-20T09:31:38.817Z
DEMO-DEV-1640,108,2022-10-13T04:43:30.851Z,2026-09-07T23:26:13.976Z
DEMO-DEV-1720,108,2022-10-06T01:17:59.527Z,2026-09-29T18:11:45.134Z
DEMO-DEV-1767,108,2022-11-07T18:15:24.024Z,2026-09-24T04:08:41.063Z
DEMO-DEV-1800,108,2022-10-25T13:23:32.727Z,2026-09-22T00:30:30.239Z
DEMO-DEV-1847,108,2022-10-01T18:09:19.968Z,2026-09-29T06:30:34.676Z
DEMO-DEV-1870,108,2022-10-08T17:59:13.793Z,2026-09-23T01:36:15.836Z
DEMO-DEV-1938,108,2022-10-14T01:33:01.765Z,2026-09-19T15:22:08.264Z
DEMO-DEV-1989,108,2022-10-13T02:39:04.302Z,2026-09-20T04:03:20.150Z
DEMO-DEV-2034,108,2022-10-04T21:39:07.077Z,2026-09-18T09:22:05.556Z
DEMO-DEV-2081,108,2022-10-10T18:45:03.172Z,2026-09-29T09:11:58.591Z
DEMO-DEV-2105,108,2022-10-29T14:28:59.087Z,2026-09-21T08:04:20.682Z
DEMO-DEV-2115,108,2022-10-05T17:56:11.307Z,2026-09-30T04:48:19.816Z
DEMO-DEV-2117,108,2022-10-02T00:42:06.524Z,2026-09-14T14:42:01.087Z
DEMO-DEV-2196,108,2022-11-11T09:51:22.859Z,2026-09-20T14:25:15.246Z
DEMO-DEV-2226,108,2022-10-01T10:13:23.607Z,2026-09-22T03:26:31.160Z
DEMO-DEV-2283,108,2022-10-07T05:55:50.655Z,2026-09-24T00:41:25.929Z
DEMO-DEV-2288,108,2022-10-05T03:52:33.891Z,2026-09-08T16:18:54.268Z
DEMO-DEV-2292,108,2022-10-14T21:46:36.879Z,2026-09-19T07:07:49.120Z
DEMO-DEV-2357,108,2022-10-03T10:51:57.568Z,2026-09-27T00:04:10.288Z
DEMO-DEV-2375,108,2022-10-14T00:35:17.879Z,2026-09-24T00:00:56.134Z
DEMO-DEV-2404,108,2022-10-21T02:43:51.885Z,2026-09-21T01:14:00.948Z
DEMO-DEV-2425,108,2022-10-15T20:44:52.557Z,2026-09-26T23:36:35.302Z
DEMO-DEV-2431,108,2022-10-09T16:08:36.345Z,2026-09-17T03:30:22.682Z
DEMO-DEV-2445,108,2022-10-11T03:18:51.352Z,2026-09-24T01:46:20.443Z
DEMO-DEV-2456,108,2022-10-02T19:08:02.816Z,2026-09-28T18:25:27.040Z
DEMO-DEV-2481,108,2022-10-03T07:29:16.545Z,2026-09-04T18:51:38.057Z
DEMO-DEV-2567,108,2022-10-14T15:43:20.702Z,2026-09-28T14:28:35.068Z
DEMO-DEV-2578,108,2022-10-29T19:10:18.658Z,2026-09-27T12:18:52.836Z
DEMO-DEV-2584,108,2022-10-11T22:32:24.578Z,2026-09-21T23:42:27.161Z
DEMO-DEV-2620,108,2022-10-13T22:57:21.985Z,2026-09-28T21:29:55.985Z
DEMO-DEV-2702,108,2022-10-04T11:25:45.165Z,2026-08-30T19:17:21.120Z
DEMO-DEV-2715,108,2022-10-23T18:20:10.402Z,2026-09-22T22:52:12.692Z
DEMO-DEV-2719,108,2022-11-01T15:59:55.150Z,2026-09-28T22:35:14.867Z
DEMO-DEV-2739,108,2022-10-08T13:03:24.045Z,2026-07-29T23:11:07.298Z
DEMO-DEV-2783,108,2022-10-13T13:29:28.545Z,2026-09-19T15:34:16.391Z
DEMO-DEV-2796,108,2022-10-02T02:27:36.298Z,2026-09-30T00:04:53.825Z
DEMO-DEV-2857,108,2022-10-08T16:08:23.782Z,2026-09-02T21:47:28.655Z
DEMO-DEV-2876,108,2022-10-11T14:39:02.387Z,2026-09-01T23:40:35.524Z
DEMO-DEV-2904,108,2022-10-06T06:21:26.232Z,2026-08-09T14:12:05.264Z
DEMO-DEV-2918,108,2022-10-14T10:02:59.513Z,2026-09-24T16:29:37.535Z
DEMO-DEV-2948,108,2022-10-12T03:13:17.968Z,2026-09-07T13:15:54.139Z
DEMO-DEV-3032,108,2022-10-09T01:44:11.891Z,2026-09-16T00:42:58.352Z
DEMO-DEV-3036,108,2022-10-10T19:56:48.714Z,2026-09-19T02:03:40.390Z
DEMO-DEV-3096,108,2022-10-11T16:10:40.806Z,2026-09-29T14:31:51.403Z
DEMO-DEV-3173,108,2022-11-20T17:33:24.428Z,2026-09-10T20:54:06.915Z
DEMO-DEV-3244,108,2022-11-29T11:28:09.063Z,2026-09-27T04:07:11.403Z
DEMO-DEV-3268,108,2022-10-16T00:00:03.462Z,2026-09-10T20:40:14.782Z
DEMO-DEV-3270,108,2022-10-11T22:30:05.397Z,2026-09-04T07:46:02.234Z
DEMO-DEV-3271,108,2022-10-05T13:45:05.203Z,2026-09-24T20:38:47.785Z
DEMO-DEV-3273,108,2022-10-10T13:51:51.226Z,2026-09-28T22:10:56.535Z
DEMO-DEV-3280,108,2022-10-08T15:47:11.885Z,2026-09-18T19:41:20.080Z
DEMO-DEV-3311,108,2022-10-01T14:31:54.969Z,2026-09-19T23:24:27.926Z
DEMO-DEV-3312,108,2022-10-04T22:25:49.250Z,2026-09-26T14:45:47.816Z
DEMO-DEV-3332,108,2022-10-28T04:03:43.403Z,2026-09-11T19:12:29.226Z
DEMO-DEV-3373,108,2022-10-12T10:10:03.784Z,2026-09-30T02:26:43.023Z
DEMO-DEV-3382,108,2022-10-04T18:31:48.291Z,2026-09-20T10:36:38.165Z
DEMO-DEV-3389,108,2022-10-08T04:09:14.172Z,2026-09-15T21:45:31.319Z
DEMO-DEV-3505,108,2022-10-24T04:53:15.190Z,2026-09-27T19:57:30.793Z
DEMO-DEV-3512,108,2022-10-12T22:48:11.409Z,2026-08-29T16:32:36.075Z
DEMO-DEV-3513,108,2022-10-05T02:51:26.968Z,2026-09-27T00:50:52.232Z
DEMO-DEV-3516,108,2022-10-06T19:35:08.219Z,2026-09-28T20:19:54.222Z
DEMO-DEV-3570,108,2022-10-03T03:12:28.172Z,2026-08-15T05:19:18.914Z
DEMO-DEV-3592,108,2022-10-07T23:24:19.370Z,2026-09-28T06:13:18.646Z
DEMO-DEV-3659,108,2022-10-25T07:37:40.150Z,2026-09-16T07:36:22.183Z
DEMO-DEV-3717,108,2022-10-10T10:38:26.646Z,2026-09-29T10:24:46.765Z
DEMO-DEV-3741,108,2022-10-03T14:15:33.792Z,2026-09-21T02:29:11.090Z
DEMO-DEV-3747,108,2022-10-02T05:42:11.253Z,2026-09-24T16:17:42.077Z
DEMO-DEV-3790,108,2022-10-08T14:40:01.040Z,2026-08-13T15:37:56.352Z
DEMO-DEV-3824,108,2022-10-08T23:27:57.636Z,2026-08-25T03:28:10.160Z
DEMO-DEV-3864,108,2022-10-02T16:07:18.545Z,2026-09-27T23:48:39.524Z
DEMO-DEV-3873,108,2022-10-09T11:24:25.682Z,2026-09-21T21:22:24.799Z
DEMO-DEV-3917,108,2022-10-08T17:49:44.714Z,2026-09-20T06:45:33.618Z
DEMO-DEV-3932,108,2022-10-04T06:14:39.232Z,2026-09-06T00:02:10.352Z
DEMO-DEV-4106,108,2022-10-03T10:21:41.692Z,2026-09-22T02:03:58.993Z
DEMO-DEV-4164,108,2022-10-07T15:52:08.155Z,2026-09-18T00:49:56.508Z
DEMO-DEV-4172,108,2022-11-07T22:26:45.555Z,2026-09-27T17:26:54.300Z
DEMO-DEV-4177,108,2022-10-15T15:47:09.120Z,2026-09-28T08:15:46.226Z
DEMO-DEV-4186,108,2022-11-05T02:11:30.470Z,2026-09-11T08:49:32.004Z
DEMO-DEV-4199,108,2022-10-09T09:41:42.189Z,2026-09-12T11:05:36.239Z
DEMO-DEV-4230,108,2022-10-04T11:43:54.391Z,2026-09-27T13:29:33.264Z
DEMO-DEV-4246,108,2022-10-08T21:40:52.253Z,2026-09-28T23:42:27.915Z
DEMO-DEV-4369,108,2022-10-26T07:18:34.068Z,2026-09-22T19:34:23.682Z
DEMO-DEV-4377,108,2022-10-01T15:50:22.989Z,2026-08-21T21:36:25.307Z
DEMO-DEV-4413,108,2022-10-06T10:27:49.535Z,2026-09-24T02:03:00.843Z
DEMO-DEV-4434,108,2022-10-01T11:24:56.397Z,2026-09-27T04:24:13.205Z
DEMO-DEV-4462,108,2022-10-19T00:43:48.230Z,2026-09-27T05:47:31.368Z
DEMO-DEV-4472,108,2022-10-04T01:23:46.765Z,2026-09-24T21:41:14.403Z
DEMO-DEV-4473,108,2022-10-15T16:01:56.134Z,2026-09-18T18:37:48.428Z
DEMO-DEV-4493,108,2022-10-05T15:41:35.204Z,2026-09-26T20:44:47.607Z
DEMO-DEV-4534,108,2022-10-15T00:25:02.075Z,2026-09-22T06:58:54.302Z
DEMO-DEV-4536,108,2022-10-03T19:07:44.500Z,2026-09-29T12:54:09.168Z
DEMO-DEV-4575,108,2022-10-19T12:09:37.599Z,2026-09-13T06:00:52.969Z
DEMO-DEV-4581,108,2022-11-02T10:28:23.778Z,2026-09-15T18:04:02.208Z
DEMO-DEV-4624,108,2022-10-03T19:06:59.511Z,2026-09-22T02:36:23.455Z
DEMO-DEV-4632,108,2022-10-22T00:54:39.300Z,2026-09-28T12:06:05.503Z
DEMO-DEV-4657,108,2022-10-11T15:40:55.219Z,2026-09-30T02:38:49.846Z
DEMO-DEV-4693,108,2022-10-04T07:36:16.727Z,2026-09-24T01:59:29.782Z
DEMO-DEV-4722,108,2022-10-15T05:41:58.485Z,2026-09-29T13:56:48.605Z
DEMO-DEV-4779,108,2022-10-09T20:43:56.966Z,2026-09-08T16:23:49.123Z
DEMO-DEV-4785,108,2022-10-03T14:27:11.139Z,2026-08-08T02:17:28.505Z
DEMO-DEV-4825,108,2022-10-03T03:05:44.446Z,2026-09-17T16:45:36.225Z
DEMO-DEV-4837,108,2022-10-31T22:12:02.077Z,2026-09-22T11:53:15.222Z
DEMO-DEV-4883,108,2022-10-04T17:29:46.811Z,2026-09-29T13:22:29.578Z
DEMO-DEV-4912,108,2022-10-01T21:40:47.863Z,2026-08-25T21:04:53.238Z
DEMO-DEV-4944,108,2022-10-27T19:51:39.315Z,2026-09-30T08:06:08.161Z
DEMO-DEV-4955,108,2022-10-06T17:49:52.578Z,2026-09-28T15:50:01.003Z
DEMO-DEV-4966,108,2022-12-05T10:48:49.040Z,2026-09-29T04:06:45.168Z
DEMO-DEV-5000,108,2022-11-05T00:12:03.354Z,2026-09-22T20:33:39.824Z
DEMO-DEV-5017,108,2022-11-26T13:23:17.402Z,2026-09-12T23:36:37.527Z
DEMO-DEV-5018,108,2022-10-22T14:44:06.597Z,2026-09-23T14:59:07.976Z
DEMO-DEV-5019,108,2022-11-07T00:13:40.027Z,2026-09-28T08:18:29.870Z
DEMO-DEV-5124,108,2022-10-05T09:38:53.508Z,2026-09-09T10:11:11.803Z
DEMO-DEV-5239,108,2022-10-05T04:03:39.929Z,2026-09-03T23:38:20.192Z
DEMO-DEV-5245,108,2022-10-18T15:35:56.914Z,2026-09-02T03:49:53.738Z
DEMO-DEV-5250,108,2022-10-05T12:53:42.537Z,2026-09-18T09:44:22.246Z
DEMO-DEV-5279,108,2022-10-13T07:01:38.666Z,2026-09-27T06:27:23.825Z
DEMO-DEV-5297,108,2022-10-12T15:18:00.639Z,2026-09-15T12:47:26.841Z
DEMO-DEV-5355,108,2022-11-06T09:54:51.513Z,2026-09-15T02:51:52.864Z
DEMO-DEV-5426,108,2022-11-04T16:24:08.150Z,2026-09-26T15:51:00.352Z
DEMO-DEV-5428,108,2022-10-02T20:58:22.653Z,2026-09-29T07:35:01.038Z
DEMO-DEV-5433,108,2022-10-31T20:54:23.037Z,2026-09-22T07:27:53.272Z
DEMO-DEV-5482,108,2022-10-18T17:03:24.325Z,2026-09-27T05:35:52.591Z
DEMO-DEV-5566,108,2022-10-01T16:13:38.254Z,2026-08-31T19:28:21.068Z
DEMO-DEV-5605,108,2022-10-02T05:52:27.250Z,2026-09-19T21:31:19.710Z
DEMO-DEV-5682,108,2022-10-29T19:24:47.252Z,2026-09-19T10:22:59.752Z
DEMO-DEV-5697,108,2022-10-08T15:16:22.466Z,2026-09-24T05:14:58.368Z
DEMO-DEV-5703,108,2022-11-18T05:33:39.397Z,2026-08-21T09:35:31.221Z
DEMO-DEV-5738,108,2022-11-01T03:01:51.222Z,2026-09-17T13:28:35.068Z
DEMO-DEV-5750,108,2022-10-21T10:46:33.825Z,2026-09-29T08:27:06.460Z
DEMO-DEV-5765,108,2022-10-01T20:02:23.913Z,2026-09-07T16:08:15.864Z
DEMO-DEV-5785,108,2022-10-02T00:17:19.578Z,2026-09-11T01:27:33.591Z
DEMO-DEV-5790,108,2022-10-15T08:24:24.511Z,2026-09-18T20:54:25.250Z
DEMO-DEV-5804,108,2022-10-02T08:30:52.167Z,2026-09-22T03:31:25.655Z
DEMO-DEV-5809,108,2022-11-02T08:56:18.816Z,2026-09-19T19:09:33.618Z
DEMO-DEV-5827,108,2022-11-02T11:45:00.037Z,2026-09-27T17:55:07.203Z
DEMO-DEV-5846,108,2022-10-03T21:03:22.950Z,2026-09-23T18:39:07.653Z
DEMO-DEV-5865,108,2022-10-18T12:26:55.646Z,2026-09-20T02:02:43.969Z
DEMO-DEV-5882,108,2022-10-01T09:13:03.470Z,2026-09-23T21:20:22.612Z
DEMO-DEV-5891,108,2022-10-10T10:18:39.969Z,2026-09-24T03:38:48.666Z
DEMO-DEV-5914,108,2022-10-04T15:38:16.950Z,2026-09-24T22:14:53.365Z
DEMO-DEV-5931,108,2022-10-03T00:45:16.976Z,2026-09-22T11:01:55.926Z
DEMO-DEV-5973,108,2022-10-07T19:11:29.015Z,2026-09-29T01:41:11.325Z
DEMO-DEV-5990,108,2022-10-06T22:59:24.799Z,2026-09-22T11:29:59.877Z
DEMO-DEV-6007,108,2022-10-04T21:47:26.870Z,2026-09-08T15:52:56.817Z
DEMO-DEV-6051,108,2022-11-08T12:55:38.639Z,2026-09-28T19:37:10.989Z
DEMO-DEV-6061,108,2022-10-07T08:20:54.352Z,2026-09-27T07:04:41.806Z
DEMO-DEV-6078,108,2022-10-13T02:44:59.325Z,2026-09-01T23:15:21.929Z
DEMO-DEV-6090,108,2022-11-11T15:53:52.325Z,2026-09-25T03:34:21.524Z
DEMO-DEV-6094,108,2022-10-09T22:42:59.842Z,2026-09-27T23:29:06.841Z
DEMO-DEV-6150,108,2022-10-01T18:23:04.023Z,2026-09-05T11:39:08.302Z
DEMO-DEV-6152,108,2022-10-05T23:52:30.003Z,2026-09-26T16:55:59.867Z
DEMO-DEV-6163,108,2022-10-01T16:25:49.183Z,2026-08-22T09:45:19.811Z
DEMO-DEV-6169,108,2022-10-30T08:05:14.915Z,2026-09-06T19:34:10.298Z
DEMO-DEV-6202,108,2022-10-03T13:26:22.287Z,2026-09-14T01:12:29.077Z
DEMO-DEV-6225,108,2022-10-16T07:38:53.612Z,2026-09-25T18:23:01.298Z
DEMO-DEV-6244,108,2022-10-21T08:32:57.155Z,2026-09-24T07:03:24.319Z
DEMO-DEV-6255,108,2022-10-04T19:22:28.190Z,2026-09-28T13:44:57.024Z
DEMO-DEV-6286,108,2022-11-01T04:54:48.014Z,2026-09-29T16:09:55.556Z
DEMO-DEV-6295,108,2022-10-14T02:45:12.253Z,2026-07-29T09:03:50.415Z
DEMO-DEV-6355,108,2022-10-12T14:10:33.702Z,2026-09-07T17:30:26.885Z
DEMO-DEV-6356,108,2022-10-02T21:30:24.989Z,2026-09-25T14:32:17.795Z
DEMO-DEV-6366,108,2022-10-02T03:48:42.508Z,2026-09-28T18:15:44.455Z
DEMO-DEV-6390,108,2022-10-07T11:32:09.204Z,2026-09-30T07:12:18.173Z
DEMO-DEV-6398,108,2022-10-06T00:30:42.545Z,2026-09-04T08:27:49.702Z
DEMO-DEV-6428,108,2022-10-28T15:19:55.795Z,2026-09-27T15:37:34.205Z
DEMO-DEV-6431,108,2022-10-02T20:19:11.817Z,2026-09-26T12:39:20.165Z
DEMO-DEV-6436,108,2022-10-19T06:46:43.167Z,2026-09-26T18:14:08.914Z
DEMO-DEV-6467,108,2022-10-05T15:17:59.804Z,2026-09-27T01:57:17.914Z
DEMO-DEV-6477,108,2022-10-12T15:52:05.190Z,2026-09-14T23:46:25.045Z
DEMO-DEV-6487,108,2022-10-18T01:12:34.782Z,2026-09-29T11:08:15.172Z
DEMO-DEV-6546,108,2022-10-04T01:31:26.225Z,2026-09-05T02:39:50.793Z
DEMO-DEV-6558,108,2022-10-01T22:29:21.646Z,2026-08-17T23:41:10.415Z
DEMO-DEV-6576,108,2022-10-27T08:07:59.843Z,2026-09-01T04:34:56.325Z
DEMO-DEV-6681,108,2022-10-10T19:16:29.817Z,2026-09-16T02:46:23.702Z
DEMO-DEV-6738,108,2022-11-07T00:27:53.403Z,2026-09-29T21:12:40.021Z
DEMO-DEV-6786,108,2022-10-19T18:15:32.077Z,2026-09-10T19:32:08.578Z
DEMO-DEV-6805,108,2022-10-02T10:15:08.272Z,2026-09-24T04:29:33.666Z
DEMO-DEV-6812,108,2022-10-23T19:55:59.037Z,2026-09-18T12:45:52.391Z
DEMO-DEV-6818,108,2022-10-07T09:00:11.460Z,2026-09-03T08:30:37.165Z
DEMO-DEV-6856,108,2022-10-22T06:03:40.864Z,2026-09-15T21:56:16.250Z
DEMO-DEV-6860,108,2022-10-02T21:10:41.252Z,2026-09-15T16:01:51.224Z
DEMO-DEV-6880,108,2022-11-13T23:43:23.189Z,2026-09-22T01:35:35.892Z
DEMO-DEV-6907,108,2022-10-18T18:39:56.394Z,2026-08-15T15:39:26.524Z
DEMO-DEV-6925,108,2022-10-15T17:13:10.948Z,2026-09-25T20:36:17.238Z
DEMO-DEV-6957,108,2022-10-13T06:15:41.224Z,2026-09-30T03:50:09.023Z
DEMO-DEV-6987,108,2022-10-16T18:13:12.799Z,2026-09-24T22:13:42.727Z
DEMO-DEV-7034,108,2022-10-24T11:01:51.090Z,2026-09-22T15:16:40.778Z
DEMO-DEV-7040,108,2022-11-16T08:44:48.352Z,2026-09-26T02:45:00.087Z
DEMO-DEV-7048,108,2022-11-06T04:37:05.037Z,2026-09-15T16:42:31.968Z
DEMO-DEV-7100,108,2022-10-13T08:10:16.442Z,2026-09-30T07:54:06.287Z
DEMO-DEV-7117,108,2022-10-16T21:14:31.661Z,2026-09-26T02:19:21.557Z
DEMO-DEV-7118,108,2022-10-10T05:12:10.868Z,2026-09-28T19:40:48.428Z
DEMO-DEV-7214,108,2022-10-27T01:34:11.252Z,2026-08-29T08:21:40.219Z
DEMO-DEV-7216,108,2022-10-16T16:01:37.409Z,2026-09-22T11:12:56.806Z
DEMO-DEV-7225,108,2022-10-08T03:06:07.014Z,2026-09-29T16:49:05.460Z
DEMO-DEV-7294,108,2022-10-08T18:22:20.688Z,2026-09-30T03:06:33.841Z
DEMO-DEV-7297,108,2022-11-14T13:12:46.511Z,2026-09-26T18:03:23.080Z
DEMO-DEV-7319,108,2022-10-06T09:14:07.816Z,2026-09-29T22:25:00.578Z
DEMO-DEV-7321,108,2022-10-19T19:54:31.545Z,2026-07-27T07:06:09.948Z
DEMO-DEV-7340,108,2022-10-09T16:57:58.578Z,2026-09-22T03:46:07.287Z
DEMO-DEV-7361,108,2022-10-01T09:20:27.325Z,2026-09-23T15:39:23.155Z
DEMO-DEV-7408,108,2022-10-04T14:36:37.021Z,2026-09-22T20:40:52.505Z
DEMO-DEV-7413,108,2022-10-08T12:57:02.655Z,2026-09-24T04:38:17.612Z
DEMO-DEV-7450,108,2022-10-25T16:20:29.599Z,2026-09-11T12:04:48.238Z
DEMO-DEV-7475,108,2022-10-04T13:20:08.455Z,2026-09-15T09:14:14.080Z
DEMO-DEV-7570,108,2022-10-08T13:28:20.974Z,2026-08-27T16:22:06.345Z
DEMO-DEV-7583,108,2022-10-28T10:39:46.139Z,2026-09-27T20:02:00.230Z
DEMO-DEV-7672,108,2022-10-06T15:05:46.497Z,2026-09-01T22:17:42.568Z
DEMO-DEV-7678,108,2022-10-04T11:42:49.868Z,2026-09-27T19:36:31.208Z
DEMO-DEV-7680,108,2022-11-01T05:31:44.319Z,2026-08-16T21:05:10.014Z
DEMO-DEV-7686,108,2022-10-04T21:04:13.442Z,2026-09-23T15:55:04.950Z
DEMO-DEV-7690,108,2022-10-13T02:19:30.443Z,2026-09-10T03:24:48.969Z
DEMO-DEV-7710,108,2022-12-01T13:10:57.915Z,2026-08-13T03:33:33.885Z
DEMO-DEV-7740,108,2022-10-12T12:39:46.851Z,2026-09-27T20:21:57.646Z
DEMO-DEV-7752,108,2022-10-03T04:14:06.738Z,2026-09-13T03:31:53.950Z
DEMO-DEV-7761,108,2022-10-05T09:30:34.915Z,2026-09-04T04:30:59.038Z
DEMO-DEV-7780,108,2022-10-10T09:39:12.236Z,2026-09-12T06:14:32.614Z
DEMO-DEV-7816,108,2022-10-13T22:28:48.605Z,2026-09-02T18:04:11.524Z
DEMO-DEV-7830,108,2022-10-03T03:14:10.470Z,2026-08-29T15:16:58.037Z
DEMO-DEV-7853,108,2022-10-22T05:49:03.428Z,2026-09-14T20:16:57.325Z
DEMO-DEV-7867,108,2022-10-06T14:29:16.817Z,2026-09-24T09:45:50.208Z
DEMO-DEV-7868,108,2022-10-07T16:55:21.877Z,2026-09-20T03:40:45.455Z
DEMO-DEV-7869,108,2022-10-10T07:03:15.825Z,2026-09-21T10:27:31.254Z
DEMO-DEV-7895,108,2022-11-02T11:37:47.500Z,2026-09-09T12:34:41.612Z
DEMO-DEV-7901,108,2022-10-04T02:20:14.987Z,2026-09-18T20:46:03.264Z
DEMO-DEV-7909,108,2022-10-10T16:40:31.203Z,2026-09-25T04:11:28.120Z
DEMO-DEV-7915,108,2022-10-05T05:47:17.825Z,2026-09-18T21:58:46.974Z
DEMO-DEV-7979,108,2022-10-08T10:58:03.816Z,2026-09-22T16:03:04.714Z
DEMO-DEV-7991,108,2022-11-24T06:54:16.443Z,2026-09-30T02:45:12.976Z
DEMO-DEV-8045,108,2022-10-01T19:52:18.867Z,2026-09-13T07:42:50.557Z
DEMO-DEV-8053,108,2022-10-08T16:17:51.892Z,2026-09-11T05:11:32.825Z
DEMO-DEV-8056,108,2022-11-01T15:33:53.345Z,2026-09-08T17:01:39.843Z
DEMO-DEV-8070,108,2022-10-04T06:07:33.368Z,2026-09-05T15:45:36.692Z
DEMO-DEV-8081,108,2022-10-05T20:16:41.189Z,2026-09-15T23:27:11.989Z
DEMO-DEV-8092,108,2022-10-02T15:35:56.803Z,2026-08-21T10:19:23.929Z
DEMO-DEV-8107,108,2022-10-26T16:02:06.308Z,2026-09-12T21:32:29.646Z
DEMO-DEV-8115,108,2022-10-28T22:34:33.524Z,2026-09-15T07:47:32.513Z
DEMO-DEV-8141,108,2022-11-13T19:31:26.442Z,2026-09-27T16:31:55.080Z
DEMO-DEV-8218,108,2022-12-21T12:46:00.639Z,2026-09-25T23:52:02.661Z
DEMO-DEV-8221,108,2022-10-04T12:28:58.254Z,2026-09-11T00:04:34.676Z
DEMO-DEV-8234,108,2022-10-06T22:09:40.443Z,2026-09-16T09:47:45.508Z
DEMO-DEV-8316,108,2022-10-30T09:55:42.397Z,2026-09-28T05:30:38.568Z
DEMO-DEV-8322,108,2022-10-12T00:50:09.524Z,2026-09-28T04:15:40.325Z
DEMO-DEV-8372,108,2022-10-08T22:17:50.307Z,2026-09-19T08:01:27.063Z
DEMO-DEV-8421,108,2022-10-02T02:21:23.839Z,2026-09-21T16:00:38.786Z
DEMO-DEV-8449,108,2022-10-18T13:18:20.985Z,2026-09-11T05:16:46.204Z
DEMO-DEV-8472,108,2022-10-01T12:56:26.230Z,2026-09-25T07:07:58.015Z
DEMO-DEV-8516,108,2022-10-08T14:59:59.254Z,2026-08-31T16:07:22.793Z
DEMO-DEV-8552,108,2022-10-15T15:50:34.965Z,2026-09-23T00:58:03.929Z
DEMO-DEV-8565,108,2022-10-13T01:06:10.599Z,2026-09-06T01:57:51.204Z
DEMO-DEV-8594,108,2022-10-02T10:55:23.264Z,2026-09-22T12:01:10.511Z
DEMO-DEV-8619,108,2022-10-14T16:56:10.545Z,2026-09-05T15:38:20.636Z
DEMO-DEV-8633,108,2022-10-05T02:28:04.692Z,2026-09-30T00:49:12.993Z
DEMO-DEV-8643,108,2022-10-12T17:43:51.989Z,2026-09-19T04:45:23.966Z
DEMO-DEV-8677,108,2022-10-03T13:31:30.250Z,2026-09-29T08:07:39.238Z
DEMO-DEV-8697,108,2022-12-06T22:53:06.038Z,2026-09-18T10:33:38.803Z
DEMO-DEV-8731,108,2022-10-04T12:10:13.239Z,2026-09-22T12:16:23.038Z
DEMO-DEV-8741,108,2022-10-27T18:29:03.252Z,2026-09-17T16:48:05.319Z
DEMO-DEV-8777,108,2022-11-06T13:20:54.692Z,2026-09-27T06:36:38.702Z
DEMO-DEV-8797,108,2022-10-16T09:00:38.134Z,2026-09-18T13:23:47.646Z
DEMO-DEV-8815,108,2022-10-01T21:58:12.556Z,2026-09-27T05:28:29.493Z
DEMO-DEV-8830,108,2022-10-06T00:46:16.442Z,2026-09-29T05:26:48.288Z
DEMO-DEV-8839,108,2022-10-26T01:52:45.155Z,2026-09-12T04:48:58.391Z
DEMO-DEV-8919,108,2022-10-07T16:38:42.535Z,2026-09-27T00:34:13.442Z
DEMO-DEV-8963,108,2022-11-06T23:33:40.462Z,2026-08-17T08:49:19.555Z
DEMO-DEV-8992,108,2022-10-11T15:12:06.778Z,2026-09-23T12:06:50.666Z
DEMO-DEV-9002,108,2022-10-01T17:34:06.655Z,2026-09-13T00:48:21.612Z
DEMO-DEV-9073,108,2022-10-13T04:39:46.892Z,2026-09-28T10:52:40.658Z
DEMO-DEV-9120,108,2022-10-05T01:48:04.394Z,2026-09-10T15:20:26.555Z
DEMO-DEV-9140,108,2022-10-02T14:49:59.352Z,2026-09-12T02:24:24.357Z
DEMO-DEV-9181,108,2022-10-29T06:57:45.578Z,2026-09-23T03:04:28.472Z
DEMO-DEV-9213,108,2022-10-02T17:01:48.205Z,2026-09-25T16:30:03.040Z
DEMO-DEV-9231,108,2022-10-24T18:41:08.836Z,2026-09-22T10:35:35.167Z
DEMO-DEV-9282,108,2022-10-03T10:24:04.607Z,2026-09-20T14:34:07.208Z
DEMO-DEV-9356,108,2022-10-12T05:18:22.080Z,2026-09-04T21:44:11.319Z
DEMO-DEV-9372,108,2022-10-04T18:35:53.183Z,2026-09-09T22:48:31.738Z
DEMO-DEV-9419,108,2022-10-01T11:53:04.636Z,2026-09-27T21:45:31.864Z
DEMO-DEV-9430,108,2022-10-09T20:00:31.403Z,2026-09-25T19:48:12.167Z
DEMO-DEV-9469,108,2022-10-10T19:56:20.851Z,2026-09-28T22:21:52.863Z
DEMO-DEV-9479,108,2022-10-24T13:49:15.676Z,2026-09-26T19:44:55.795Z
DEMO-DEV-9481,108,2022-10-21T03:44:04.976Z,2026-09-22T19:59:07.891Z
DEMO-DEV-9484,108,2022-11-02T03:03:18.867Z,2026-08-28T03:32:59.291Z
DEMO-DEV-9535,108,2022-10-04T23:26:16.817Z,2026-09-28T10:38:26.319Z
DEMO-DEV-9583,108,2022-10-08T21:48:50.077Z,2026-09-04T10:17:03.354Z
DEMO-DEV-9585,108,2022-10-02T04:49:30.325Z,2026-09-29T09:19:49.003Z
DEMO-DEV-9724,108,2022-10-07T17:07:26.556Z,2026-09-27T02:07:30.524Z
DEMO-DEV-9738,108,2022-10-28T22:44:47.968Z,2026-09-27T23:01:08.948Z
DEMO-DEV-9743,108,2022-10-16T07:55:45.268Z,2026-09-29T19:58:10.165Z
DEMO-DEV-9765,108,2022-10-17T10:56:32.607Z,2026-07-24T19:30:54.926Z
DEMO-DEV-9782,108,2022-10-02T23:59:26.493Z,2026-08-30T16:28:56.446Z
DEMO-DEV-9790,108,2022-10-06T13:55:31.139Z,2026-09-18T21:16:46.913Z
DEMO-DEV-9818,108,2022-10-02T21:46:04.865Z,2026-08-25T13:35:29.120Z
DEMO-DEV-9822,108,2022-10-18T20:56:50.211Z,2026-09-11T09:52:31.337Z
DEMO-DEV-9855,108,2022-10-02T04:20:57.027Z,2026-09-08T00:49:22.225Z
DEMO-DEV-9886,108,2022-10-26T22:13:53.063Z,2026-08-30T18:16:55.224Z
DEMO-DEV-9893,108,2022-10-04T04:40:39.234Z,2026-09-23T21:30:10.778Z
DEMO-DEV-9919,108,2022-11-14T19:26:41.804Z,2026-08-31T15:06:15.989Z
DEMO-DEV-9928,108,2022-10-10T23:07:09.397Z,2026-09-10T17:05:46.120Z
DEMO-DEV-9933,108,2022-10-01T21:43:21.545Z,2026-09-27T04:09:04.618Z
DEMO-DEV-9958,108,2022-11-01T06:03:08.226Z,2026-09-21T11:32:42.778Z
DEMO-DEV-9972,108,2022-10-24T06:58:43.190Z,2026-09-29T09:40:24.189Z
DEMO-DEV-9974,108,2022-12-01T18:43:31.841Z,2026-08-27T07:40:06.989Z
DEMO-DEV-9999,108,2022-10-30T10:11:57.254Z,2026-09-24T18:43:51.068Z
DEMO-DEV-0045,107,2022-10-24T09:34:36.234Z,2026-09-18T04:10:07.015Z
DEMO-DEV-0089,107,2022-10-14T06:03:22.682Z,2026-09-22T12:48:03.803Z
DEMO-DEV-0142,107,2022-10-29T08:42:54.073Z,2026-09-15T20:28:41.139Z
DEMO-DEV-0151,107,2022-10-01T20:07:57.612Z,2026-09-01T21:14:37.165Z
DEMO-DEV-0164,107,2022-10-03T11:28:50.738Z,2026-09-28T12:07:53.867Z
DEMO-DEV-0170,107,2022-10-09T19:38:51.038Z,2026-08-24T18:01:51.272Z
DEMO-DEV-0180,107,2022-10-06T17:45:59.843Z,2026-09-10T22:05:48.614Z
DEMO-DEV-0212,107,2022-10-04T20:00:17.224Z,2026-09-06T01:04:15.264Z
DEMO-DEV-0243,107,2022-10-21T08:45:04.308Z,2026-09-20T19:22:37.040Z
DEMO-DEV-0312,107,2022-10-02T13:13:10.682Z,2026-07-30T23:14:04.870Z
DEMO-DEV-0330,107,2022-10-01T13:26:35.545Z,2026-09-04T07:47:00.015Z
DEMO-DEV-0381,107,2022-10-04T21:43:51.470Z,2026-08-27T10:01:14.466Z
DEMO-DEV-0385,107,2022-10-01T11:03:09.873Z,2026-09-04T07:58:26.298Z
DEMO-DEV-0395,107,2022-10-06T07:01:45.523Z,2026-09-26T01:54:45.612Z
DEMO-DEV-0397,107,2022-10-11T11:21:00.291Z,2026-09-29T05:03:41.568Z
DEMO-DEV-0433,107,2022-12-07T22:14:25.784Z,2026-09-20T15:29:11.727Z
DEMO-DEV-0436,107,2022-10-05T23:04:11.786Z,2026-09-22T01:59:05.929Z
DEMO-DEV-0444,107,2022-10-08T06:07:15.446Z,2026-09-25T11:23:20.752Z
DEMO-DEV-0518,107,2022-10-04T11:49:34.038Z,2026-09-30T00:28:12.300Z
DEMO-DEV-0527,107,2022-11-12T12:59:28.710Z,2026-09-30T08:18:53.203Z
DEMO-DEV-0535,107,2022-10-01T16:55:10.203Z,2026-08-26T00:23:18.073Z
DEMO-DEV-0571,107,2022-10-06T01:06:33.929Z,2026-09-20T17:39:13.605Z
DEMO-DEV-0632,107,2022-10-26T17:38:17.714Z,2026-09-12T00:41:15.027Z
DEMO-DEV-0683,107,2022-10-08T08:37:34.288Z,2026-09-18T13:40:19.655Z
DEMO-DEV-0689,107,2022-10-04T04:55:40.655Z,2026-09-09T12:40:25.511Z
DEMO-DEV-0726,107,2022-11-05T07:32:47.578Z,2026-09-10T02:05:32.824Z
DEMO-DEV-0764,107,2022-10-29T06:29:18.387Z,2026-09-27T20:03:16.524Z
DEMO-DEV-0794,107,2022-11-09T01:13:35.668Z,2026-09-26T23:07:52.123Z
DEMO-DEV-0837,107,2022-10-18T22:27:08.597Z,2026-09-05T00:20:20.508Z
DEMO-DEV-0838,107,2022-10-01T22:15:25.752Z,2026-09-19T22:35:18.969Z
DEMO-DEV-0844,107,2022-10-10T08:01:48.885Z,2026-07-12T22:39:02.863Z
DEMO-DEV-0917,107,2022-10-03T10:54:52.557Z,2026-09-28T14:51:05.618Z
DEMO-DEV-0920,107,2022-10-05T22:10:20.252Z,2026-09-08T22:25:27.208Z
DEMO-DEV-0924,107,2022-10-08T22:49:47.204Z,2026-09-29T12:28:26.352Z
DEMO-DEV-0984,107,2022-10-26T18:27:10.225Z,2026-09-23T15:10:51.037Z
DEMO-DEV-0999,107,2022-10-15T18:53:13.442Z,2026-09-19T19:57:56.123Z
DEMO-DEV-1017,107,2022-11-05T09:57:31.442Z,2026-09-25T14:51:30.891Z
DEMO-DEV-1113,107,2022-10-17T21:22:55.842Z,2026-09-20T02:44:14.307Z
DEMO-DEV-1141,107,2022-10-08T05:42:48.568Z,2026-09-22T19:09:02.646Z
DEMO-DEV-1161,107,2022-10-03T03:41:36.535Z,2026-09-02T02:23:02.138Z
DEMO-DEV-1165,107,2022-10-10T04:38:10.676Z,2026-09-24T13:02:41.568Z
DEMO-DEV-1237,107,2022-11-03T22:59:03.307Z,2026-08-27T13:40:28.087Z
DEMO-DEV-1270,107,2022-10-03T01:00:25.974Z,2026-09-15T08:11:54.403Z
DEMO-DEV-1342,107,2022-11-04T13:15:16.859Z,2026-09-25T01:58:11.926Z
DEMO-DEV-1344,107,2022-10-10T23:48:37.252Z,2026-09-15T23:02:10.782Z
DEMO-DEV-1395,107,2022-10-10T21:04:52.792Z,2026-09-25T10:33:19.778Z
DEMO-DEV-1449,107,2022-10-09T14:23:28.003Z,2026-09-26T05:55:52.557Z
DEMO-DEV-1499,107,2022-10-07T15:50:39.824Z,2026-09-14T14:43:51.234Z
DEMO-DEV-1507,107,2022-11-01T18:58:07.387Z,2026-09-27T21:21:34.795Z
DEMO-DEV-1529,107,2022-10-10T02:17:56.868Z,2026-09-27T17:42:40.222Z
DEMO-DEV-1544,107,2022-10-09T17:01:25.879Z,2026-08-27T16:03:22.087Z
DEMO-DEV-1580,107,2022-10-02T10:47:27.023Z,2026-09-28T21:19:19.799Z
DEMO-DEV-1598,107,2022-10-09T17:03:39.785Z,2026-09-30T02:39:22.975Z
DEMO-DEV-1624,107,2022-10-10T08:13:11.165Z,2026-09-29T13:13:35.352Z
DEMO-DEV-1680,107,2022-10-20T10:00:41.470Z,2026-09-25T22:50:38.120Z
DEMO-DEV-1708,107,2022-11-12T16:07:36.523Z,2026-09-25T18:05:28.842Z
DEMO-DEV-1723,107,2022-10-25T05:49:00.842Z,2026-09-18T16:15:01.319Z
DEMO-DEV-1737,107,2022-10-03T18:24:31.824Z,2026-09-17T08:57:46.298Z
DEMO-DEV-1738,107,2022-10-12T03:12:22.688Z,2026-09-14T05:48:39.885Z
DEMO-DEV-1757,107,2022-10-12T04:56:08.402Z,2026-09-03T18:33:07.264Z
DEMO-DEV-1762,107,2022-10-16T21:13:53.842Z,2026-09-29T19:47:54.077Z
DEMO-DEV-1901,107,2022-10-02T10:12:41.885Z,2026-09-02T20:14:03.370Z
DEMO-DEV-1920,107,2022-10-08T21:01:37.948Z,2026-09-28T00:05:42.308Z
DEMO-DEV-1927,107,2022-10-14T17:29:53.073Z,2026-09-22T08:04:16.183Z
DEMO-DEV-1942,107,2022-10-05T22:02:45.816Z,2026-09-24T22:58:35.524Z
DEMO-DEV-1985,107,2022-10-06T06:41:26.224Z,2026-09-25T23:04:56.403Z
DEMO-DEV-2001,107,2022-10-07T15:55:33.167Z,2026-09-11T19:37:10.778Z
DEMO-DEV-2019,107,2022-10-20T04:15:25.557Z,2026-09-21T12:36:24.863Z
DEMO-DEV-2132,107,2022-10-23T10:46:27.511Z,2026-08-31T09:24:33.877Z
DEMO-DEV-2139,107,2022-10-06T03:50:34.224Z,2026-09-29T14:48:41.793Z
DEMO-DEV-2166,107,2022-10-22T16:48:51.234Z,2026-09-20T15:12:52.090Z
DEMO-DEV-2181,107,2022-10-25T15:22:14.254Z,2026-09-21T21:26:12.614Z
DEMO-DEV-2188,107,2022-10-05T18:57:08.948Z,2026-09-26T17:48:10.599Z
DEMO-DEV-2201,107,2022-10-31T15:40:43.040Z,2026-09-19T19:23:37.867Z
DEMO-DEV-2219,107,2022-10-03T03:10:48.080Z,2026-09-21T11:16:47.390Z
DEMO-DEV-2249,107,2022-11-25T17:00:21.966Z,2026-09-23T18:58:44.038Z
DEMO-DEV-2314,107,2022-10-05T05:43:10.676Z,2026-09-23T08:12:27.470Z
DEMO-DEV-2336,107,2022-10-23T01:28:21.692Z,2026-09-27T02:56:05.524Z
DEMO-DEV-2337,107,2022-10-11T15:23:19.307Z,2026-09-20T11:28:59.591Z
DEMO-DEV-2363,107,2022-10-10T14:48:02.470Z,2026-09-22T17:44:30.824Z
DEMO-DEV-2373,107,2022-10-20T17:02:39.289Z,2026-09-04T02:57:33.390Z
DEMO-DEV-2416,107,2022-10-26T13:31:51.246Z,2026-09-30T05:59:33.319Z
DEMO-DEV-2435,107,2022-10-03T20:43:22.319Z,2026-09-21T13:20:19.648Z
DEMO-DEV-2436,107,2022-10-07T10:34:21.230Z,2026-09-29T17:21:54.226Z
DEMO-DEV-2460,107,2022-10-02T00:27:41.836Z,2026-09-07T18:22:41.784Z
DEMO-DEV-2600,107,2022-10-10T21:34:17.778Z,2026-09-09T15:58:38.460Z
DEMO-DEV-2612,107,2022-10-29T02:29:37.948Z,2026-09-28T10:37:30.238Z
DEMO-DEV-2630,107,2022-10-01T18:53:45.402Z,2026-08-23T04:25:40.222Z
DEMO-DEV-2649,107,2022-10-11T14:39:46.948Z,2026-09-10T22:17:26.948Z
DEMO-DEV-2711,107,2022-10-08T12:20:50.987Z,2026-09-21T04:53:52.989Z
DEMO-DEV-2729,107,2022-10-05T02:28:45.682Z,2026-09-15T08:24:56.057Z
DEMO-DEV-2730,107,2022-10-15T02:20:34.264Z,2026-09-28T04:50:11.208Z
DEMO-DEV-2735,107,2022-10-25T08:24:08.462Z,2026-09-25T02:07:07.038Z
DEMO-DEV-2736,107,2022-10-11T12:53:54.068Z,2026-09-14T07:43:40.466Z
DEMO-DEV-2875,107,2022-10-16T02:03:30.337Z,2026-09-27T08:00:50.976Z
DEMO-DEV-2884,107,2022-10-14T17:19:11.868Z,2026-09-24T05:42:11.038Z
DEMO-DEV-2917,107,2022-10-12T04:02:12.859Z,2026-09-19T16:00:57.873Z
DEMO-DEV-2937,107,2022-10-11T01:12:19.224Z,2026-09-21T19:09:51.817Z
DEMO-DEV-2954,107,2022-10-03T18:13:31.653Z,2026-09-25T14:28:41.225Z
DEMO-DEV-2964,107,2022-10-27T15:09:45.738Z,2026-08-28T20:08:35.599Z
DEMO-DEV-2981,107,2022-10-14T00:35:44.203Z,2026-09-22T16:10:33.300Z
DEMO-DEV-2996,107,2022-10-04T19:26:33.485Z,2026-09-20T23:50:28.354Z
DEMO-DEV-3001,107,2022-10-20T02:07:45.409Z,2026-09-28T10:19:25.063Z
DEMO-DEV-3005,107,2022-10-03T04:22:37.254Z,2026-09-19T16:10:14.842Z
DEMO-DEV-3023,107,2022-10-15T01:04:31.183Z,2026-09-25T19:01:04.460Z
DEMO-DEV-3144,107,2022-10-11T06:33:10.870Z,2026-09-29T07:43:46.865Z
DEMO-DEV-3154,107,2022-10-06T05:12:09.661Z,2026-08-15T10:51:47.460Z
DEMO-DEV-3202,107,2022-10-05T19:44:44.394Z,2026-09-19T13:28:26.969Z
DEMO-DEV-3221,107,2022-10-08T12:45:28.968Z,2026-08-17T11:55:17.915Z
DEMO-DEV-3229,107,2022-11-14T20:18:01.851Z,2026-09-27T07:14:44.817Z
DEMO-DEV-3233,107,2022-10-14T06:18:44.352Z,2026-09-29T14:52:39.387Z
DEMO-DEV-3242,107,2022-10-02T05:23:25.120Z,2026-09-28T22:08:37.870Z
DEMO-DEV-3261,107,2022-10-04T19:50:41.023Z,2026-09-28T11:40:25.636Z
DEMO-DEV-3290,107,2022-10-29T17:41:16.357Z,2026-08-10T08:54:27.668Z
DEMO-DEV-3295,107,2022-10-24T22:51:16.968Z,2026-09-27T10:15:40.545Z
DEMO-DEV-3298,107,2022-10-02T07:39:45.612Z,2026-09-01T21:52:50.612Z
DEMO-DEV-3310,107,2022-10-02T12:59:46.992Z,2026-09-25T19:09:12.646Z
DEMO-DEV-3397,107,2022-11-09T08:20:49.816Z,2026-09-19T18:43:44.817Z
DEMO-DEV-3444,107,2022-10-19T13:17:44.222Z,2026-09-09T11:47:49.584Z
DEMO-DEV-3492,107,2022-10-26T03:17:39.817Z,2026-09-11T20:48:55.646Z
DEMO-DEV-3528,107,2022-10-03T06:17:39.949Z,2026-09-17T21:51:57.173Z
DEMO-DEV-3532,107,2022-10-18T15:45:07.658Z,2026-09-30T01:38:23.511Z
DEMO-DEV-3557,107,2022-10-31T17:42:23.948Z,2026-09-25T23:52:37.073Z
DEMO-DEV-3582,107,2022-10-10T15:54:05.668Z,2026-08-22T00:58:55.038Z
DEMO-DEV-3587,107,2022-10-12T23:22:39.345Z,2026-09-21T01:09:10.806Z
DEMO-DEV-3595,107,2022-10-05T23:20:43.692Z,2026-09-29T12:51:11.989Z
DEMO-DEV-3606,107,2022-10-02T05:16:25.250Z,2026-09-23T20:46:44.428Z
DEMO-DEV-3646,107,2022-10-04T06:16:54.446Z,2026-09-26T13:19:21.288Z
DEMO-DEV-3653,107,2022-10-10T13:54:18.864Z,2026-09-22T23:49:08.443Z
DEMO-DEV-3685,107,2022-10-03T03:45:58.466Z,2026-09-29T20:20:01.238Z
DEMO-DEV-3692,107,2022-11-07T02:17:51.985Z,2026-09-19T19:27:55.073Z
DEMO-DEV-3703,107,2022-10-07T13:26:59.655Z,2026-09-23T19:14:56.165Z
DEMO-DEV-3715,107,2022-10-10T07:08:13.816Z,2026-09-18T05:32:17.929Z
DEMO-DEV-3724,107,2022-10-09T06:34:13.027Z,2026-09-27T04:54:44.368Z
DEMO-DEV-3742,107,2022-10-08T10:54:47.172Z,2026-09-19T04:02:14.075Z
DEMO-DEV-3801,107,2022-10-07T01:23:03.676Z,2026-09-14T01:31:10.470Z
DEMO-DEV-3812,107,2022-10-06T13:45:15.315Z,2026-09-21T08:55:20.870Z
DEMO-DEV-3877,107,2022-10-01T13:36:34.308Z,2026-09-27T10:18:15.646Z
DEMO-DEV-3885,107,2022-10-12T10:08:18.021Z,2026-09-25T06:11:33.397Z
DEMO-DEV-3947,107,2022-10-18T13:46:57.134Z,2026-09-23T20:07:38.523Z
DEMO-DEV-3960,107,2022-10-04T18:16:21.387Z,2026-09-20T04:11:15.949Z
DEMO-DEV-3971,107,2022-10-05T15:55:54.639Z,2026-09-16T18:53:42.226Z
DEMO-DEV-3996,107,2022-10-05T06:23:12.443Z,2026-09-24T09:52:58.428Z
DEMO-DEV-4003,107,2022-11-05T05:33:09.877Z,2026-08-26T23:25:38.870Z
DEMO-DEV-4035,107,2022-10-05T00:26:54.222Z,2026-09-18T21:25:54.208Z
DEMO-DEV-4053,107,2022-10-25T16:19:53.969Z,2026-09-26T16:50:12.208Z
DEMO-DEV-4081,107,2022-11-28T21:59:28.607Z,2026-09-29T16:36:59.917Z
DEMO-DEV-4089,107,2022-10-10T19:46:55.250Z,2026-09-11T21:41:02.784Z
DEMO-DEV-4142,107,2022-10-08T03:01:16.676Z,2026-09-22T23:38:16.863Z
DEMO-DEV-4143,107,2022-10-05T16:20:03.402Z,2026-09-19T10:32:33.929Z
DEMO-DEV-4146,107,2022-10-12T05:56:19.003Z,2026-09-13T06:53:08.948Z
DEMO-DEV-4197,107,2022-10-03T23:44:30.024Z,2026-09-11T23:15:08.738Z
DEMO-DEV-4233,107,2022-10-13T23:16:44.390Z,2026-09-23T06:23:10.289Z
DEMO-DEV-4363,107,2022-11-09T12:43:41.817Z,2026-09-17T05:31:39.618Z
DEMO-DEV-4365,107,2022-12-10T10:55:56.806Z,2026-09-22T11:03:17.817Z
DEMO-DEV-4397,107,2022-11-21T21:13:39.021Z,2026-09-18T05:32:13.221Z
DEMO-DEV-4433,107,2022-10-09T19:41:24.804Z,2026-09-26T09:01:39.387Z
DEMO-DEV-4438,107,2022-11-07T00:30:30.926Z,2026-09-30T03:10:02.287Z
DEMO-DEV-4450,107,2022-10-05T15:36:48.702Z,2026-09-18T07:17:13.555Z
DEMO-DEV-4479,107,2022-11-27T07:13:20.864Z,2026-09-25T15:46:47.948Z
DEMO-DEV-4563,107,2022-10-01T08:55:25.428Z,2026-09-21T05:44:09.300Z
DEMO-DEV-4592,107,2022-10-21T00:27:58.929Z,2026-09-19T17:02:38.268Z
DEMO-DEV-4648,107,2022-10-15T21:29:38.073Z,2026-08-30T10:48:25.778Z
DEMO-DEV-4675,107,2022-10-21T16:28:01.505Z,2026-09-28T23:51:09.211Z
DEMO-DEV-4714,107,2022-10-09T14:42:15.719Z,2026-09-25T17:43:10.989Z
DEMO-DEV-4773,107,2022-10-11T04:12:05.500Z,2026-09-28T22:18:51.172Z
DEMO-DEV-4777,107,2022-10-02T10:08:12.987Z,2026-09-26T04:14:38.884Z
DEMO-DEV-4799,107,2022-11-16T09:21:34.607Z,2026-09-18T09:35:24.289Z
DEMO-DEV-4802,107,2022-10-04T16:33:02.337Z,2026-09-28T08:52:06.287Z
DEMO-DEV-4823,107,2022-10-11T06:50:40.394Z,2026-09-28T09:45:39.614Z
DEMO-DEV-4850,107,2022-10-16T08:50:36.870Z,2026-09-26T01:11:48.929Z
DEMO-DEV-4854,107,2022-10-26T13:17:15.038Z,2026-09-26T15:42:24.337Z
DEMO-DEV-4859,107,2022-10-29T09:24:36.307Z,2026-09-29T01:11:43.785Z
DEMO-DEV-4872,107,2022-10-06T22:30:12.287Z,2026-09-16T01:28:07.442Z
DEMO-DEV-4877,107,2022-10-16T05:36:46.409Z,2026-09-16T19:41:33.867Z
DEMO-DEV-4911,107,2022-10-10T18:40:39.123Z,2026-09-16T02:54:12.523Z
DEMO-DEV-4936,107,2022-10-03T20:46:03.975Z,2026-09-24T13:08:53.754Z
DEMO-DEV-4951,107,2022-10-13T08:46:46.254Z,2026-09-30T07:02:30.636Z
DEMO-DEV-4985,107,2022-10-06T23:18:08.403Z,2026-09-06T11:54:34.929Z
DEMO-DEV-5013,107,2022-10-04T09:19:26.300Z,2026-09-21T05:06:16.300Z
DEMO-DEV-5050,107,2022-10-03T22:56:16.948Z,2026-09-20T11:05:13.345Z
DEMO-DEV-5099,107,2022-10-09T04:45:19.250Z,2026-08-18T20:55:28.337Z
DEMO-DEV-5166,107,2022-10-24T10:00:24.472Z,2026-09-16T02:49:01.884Z
DEMO-DEV-5181,107,2022-10-02T23:12:15.969Z,2026-09-29T06:48:31.308Z
DEMO-DEV-5236,107,2022-10-28T03:28:54.365Z,2026-09-29T06:36:41.123Z
DEMO-DEV-5307,107,2022-10-03T06:37:04.799Z,2026-09-24T06:26:12.804Z
DEMO-DEV-5359,107,2022-11-13T05:21:11.824Z,2026-09-16T20:05:52.173Z
DEMO-DEV-5398,107,2022-10-02T07:41:03.969Z,2026-07-31T21:16:35.877Z
DEMO-DEV-5472,107,2022-10-04T00:39:49.950Z,2026-09-29T22:05:13.252Z
DEMO-DEV-5490,107,2022-10-01T10:48:45.969Z,2026-09-24T10:30:33.795Z
DEMO-DEV-5497,107,2022-10-30T13:07:33.026Z,2026-09-21T02:37:08.524Z
DEMO-DEV-5500,107,2022-10-19T08:44:03.045Z,2026-09-17T13:55:14.172Z
DEMO-DEV-5553,107,2022-10-30T02:09:17.666Z,2026-09-05T07:44:48.639Z
DEMO-DEV-5568,107,2022-10-04T18:17:03.391Z,2026-09-24T14:08:28.455Z
DEMO-DEV-5593,107,2022-10-23T05:05:59.272Z,2026-09-05T04:36:35.795Z
DEMO-DEV-5651,107,2022-10-13T06:13:25.879Z,2026-09-20T07:51:34.462Z
DEMO-DEV-5668,107,2022-11-14T02:05:37.992Z,2026-09-27T04:47:04.682Z
DEMO-DEV-5686,107,2022-10-12T06:41:51.004Z,2026-08-10T08:20:42.537Z
DEMO-DEV-5700,107,2022-10-08T00:02:46.508Z,2026-09-20T15:49:31.090Z
DEMO-DEV-5709,107,2022-12-02T04:35:07.068Z,2026-09-15T23:48:51.403Z
DEMO-DEV-5736,107,2022-10-11T16:55:56.891Z,2026-09-27T07:29:49.442Z
DEMO-DEV-5843,107,2022-11-22T03:39:27.666Z,2026-09-29T08:25:01.485Z
DEMO-DEV-5855,107,2022-10-09T03:31:05.817Z,2026-09-20T19:10:46.597Z
DEMO-DEV-5892,107,2022-11-12T11:34:14.688Z,2026-09-26T11:29:08.073Z
DEMO-DEV-5945,107,2022-10-30T19:22:48.682Z,2026-08-17T03:47:07.839Z
DEMO-DEV-5972,107,2022-10-28T15:45:47.470Z,2026-09-02T15:09:38.646Z
DEMO-DEV-5995,107,2022-10-01T15:09:25.397Z,2026-09-20T13:41:46.298Z
DEMO-DEV-6071,107,2022-10-08T23:05:25.661Z,2026-09-29T13:12:47.859Z
DEMO-DEV-6082,107,2022-10-24T02:18:17.666Z,2026-09-21T19:06:19.015Z
DEMO-DEV-6091,107,2022-10-14T03:16:17.366Z,2026-09-07T02:51:37.884Z
DEMO-DEV-6102,107,2022-10-11T12:44:06.023Z,2026-08-30T16:12:08.969Z
DEMO-DEV-6141,107,2022-10-15T17:25:34.234Z,2026-09-28T01:35:33.578Z
DEMO-DEV-6166,107,2022-12-12T18:32:58.646Z,2026-09-24T13:43:01.192Z
DEMO-DEV-6171,107,2022-10-02T00:32:35.524Z,2026-09-25T03:52:35.204Z
DEMO-DEV-6184,107,2022-10-04T13:40:42.778Z,2026-09-15T18:07:14.203Z
DEMO-DEV-6196,107,2022-10-28T01:53:25.816Z,2026-09-25T06:59:01.975Z
DEMO-DEV-6211,107,2022-10-08T02:40:27.038Z,2026-09-29T22:58:56.885Z
DEMO-DEV-6232,107,2022-10-02T19:17:39.455Z,2026-09-15T18:07:21.545Z
DEMO-DEV-6293,107,2022-10-06T17:55:22.710Z,2026-09-29T18:27:03.402Z
DEMO-DEV-6308,107,2022-10-17T11:45:51.778Z,2026-09-29T01:13:11.394Z
DEMO-DEV-6412,107,2022-10-09T21:08:47.238Z,2026-09-13T13:42:19.710Z
DEMO-DEV-6427,107,2022-10-18T08:31:11.884Z,2026-09-22T15:01:47.073Z
DEMO-DEV-6453,107,2022-10-02T20:37:17.926Z,2026-09-24T04:58:22.172Z
DEMO-DEV-6455,107,2022-10-07T21:12:29.605Z,2026-09-26T09:34:26.653Z
DEMO-DEV-6468,107,2022-10-01T17:24:25.710Z,2026-09-22T00:49:26.523Z
DEMO-DEV-6476,107,2022-11-28T01:55:12.354Z,2026-09-23T20:24:33.442Z
DEMO-DEV-6481,107,2022-10-04T05:28:31.653Z,2026-09-04T09:38:14.719Z
DEMO-DEV-6483,107,2022-10-08T01:34:46.599Z,2026-09-21T03:29:33.578Z
DEMO-DEV-6575,107,2022-10-01T15:33:09.250Z,2026-09-24T16:04:26.714Z
DEMO-DEV-6587,107,2022-10-05T15:18:31.120Z,2026-09-26T17:29:38.508Z
DEMO-DEV-6597,107,2022-10-16T23:00:27.139Z,2026-09-06T12:13:15.843Z
DEMO-DEV-6611,107,2022-10-08T22:38:29.238Z,2026-09-07T15:19:55.915Z
DEMO-DEV-6655,107,2022-10-05T02:42:51.985Z,2026-09-29T21:54:43.792Z
DEMO-DEV-6706,107,2022-10-12T22:20:54.646Z,2026-09-28T03:08:48.985Z
DEMO-DEV-6744,107,2022-10-17T15:23:25.390Z,2026-09-22T19:08:33.778Z
DEMO-DEV-6777,107,2022-10-02T11:39:10.026Z,2026-09-28T00:02:50.138Z
DEMO-DEV-6785,107,2022-10-03T11:21:44.497Z,2026-09-11T12:41:05.527Z
DEMO-DEV-6789,107,2022-10-02T15:10:11.219Z,2026-08-23T18:49:43.370Z
DEMO-DEV-6851,107,2022-10-17T19:28:18.618Z,2026-09-14T06:28:21.120Z
DEMO-DEV-6869,107,2022-10-23T21:50:12.892Z,2026-08-29T15:57:28.891Z
DEMO-DEV-6933,107,2022-10-20T01:30:02.442Z,2026-09-04T09:46:02.236Z
DEMO-DEV-6936,107,2022-10-03T22:20:14.250Z,2026-09-20T12:17:14.300Z
DEMO-DEV-6942,107,2022-10-08T14:10:45.428Z,2026-09-18T00:24:21.288Z
DEMO-DEV-7001,107,2022-10-25T20:59:40.568Z,2026-09-22T21:37:13.239Z
DEMO-DEV-7020,107,2022-10-04T01:19:43.442Z,2026-08-19T00:01:11.264Z
DEMO-DEV-7033,107,2022-10-05T16:14:07.836Z,2026-09-29T20:15:13.873Z
DEMO-DEV-7102,107,2022-10-01T21:09:19.968Z,2026-09-14T06:49:37.692Z
DEMO-DEV-7149,107,2022-10-03T05:08:06.268Z,2026-09-16T15:19:18.929Z
DEMO-DEV-7269,107,2022-10-03T12:59:43.232Z,2026-09-02T13:51:35.120Z
DEMO-DEV-7324,107,2022-10-02T09:35:35.462Z,2026-09-23T13:38:24.966Z
DEMO-DEV-7329,107,2022-10-19T19:23:01.415Z,2026-09-19T08:18:56.913Z
DEMO-DEV-7346,107,2022-11-02T01:18:21.556Z,2026-09-28T23:57:56.155Z
DEMO-DEV-7348,107,2022-10-09T07:56:42.817Z,2026-09-15T21:25:34.658Z
DEMO-DEV-7368,107,2022-10-22T21:47:49.785Z,2026-09-18T09:29:43.172Z
DEMO-DEV-7423,107,2022-10-14T15:31:12.806Z,2026-09-20T23:37:54.189Z
DEMO-DEV-7507,107,2022-10-14T00:10:33.003Z,2026-09-26T21:03:47.655Z
DEMO-DEV-7530,107,2022-10-05T11:51:52.618Z,2026-09-27T00:19:24.884Z
DEMO-DEV-7542,107,2022-10-04T13:53:23.173Z,2026-09-19T13:53:55.230Z
DEMO-DEV-7554,107,2022-10-19T00:06:08.989Z,2026-09-08T11:22:05.493Z
DEMO-DEV-7585,107,2022-11-09T21:34:02.969Z,2026-08-17T17:37:11.727Z
DEMO-DEV-7595,107,2022-10-17T05:38:37.508Z,2026-09-05T08:50:23.754Z
DEMO-DEV-7681,107,2022-10-04T13:53:35.026Z,2026-09-24T08:24:59.555Z
DEMO-DEV-7719,107,2022-10-10T14:03:20.688Z,2026-09-04T03:55:48.287Z
DEMO-DEV-7730,107,2022-10-08T01:16:14.024Z,2026-09-07T22:37:15.655Z
DEMO-DEV-7751,107,2022-10-06T19:19:43.236Z,2026-05-21T13:09:51.599Z
DEMO-DEV-7805,107,2022-10-09T12:50:45.985Z,2026-09-09T20:37:53.841Z
DEMO-DEV-7826,107,2022-10-18T10:15:30.968Z,2026-09-14T14:05:53.172Z
DEMO-DEV-7831,107,2022-11-13T02:28:07.607Z,2026-09-14T05:34:00.470Z
DEMO-DEV-7862,107,2022-10-29T21:20:54.864Z,2026-09-03T00:18:51.403Z
DEMO-DEV-7887,107,2022-10-04T01:23:22.867Z,2026-09-24T13:45:14.868Z
DEMO-DEV-7920,107,2022-10-04T16:36:28.929Z,2026-09-25T04:00:52.366Z
DEMO-DEV-7954,107,2022-10-13T00:09:04.021Z,2026-09-20T20:13:13.863Z
DEMO-DEV-7968,107,2022-10-04T22:03:53.485Z,2026-07-30T07:40:23.735Z
DEMO-DEV-7988,107,2022-10-11T12:09:07.252Z,2026-09-12T11:47:18.702Z
DEMO-DEV-8014,107,2022-10-07T06:08:10.027Z,2026-09-26T20:06:07.804Z
DEMO-DEV-8033,107,2022-10-02T20:27:31.612Z,2026-09-26T23:44:14.682Z
DEMO-DEV-8036,107,2022-11-07T03:50:19.841Z,2026-09-22T14:46:13.403Z
DEMO-DEV-8088,107,2022-10-21T13:53:12.394Z,2026-09-25T18:19:50.545Z
DEMO-DEV-8190,107,2022-10-23T07:02:19.254Z,2026-09-10T10:30:25.666Z
DEMO-DEV-8199,107,2022-10-06T07:45:49.203Z,2026-09-17T12:34:50.607Z
DEMO-DEV-8246,107,2022-10-08T10:45:03.024Z,2026-09-27T07:21:26.015Z
DEMO-DEV-8255,107,2022-10-03T00:41:50.224Z,2026-09-21T20:58:30.497Z
DEMO-DEV-8303,107,2022-10-12T07:41:40.123Z,2026-09-04T12:58:19.965Z
DEMO-DEV-8307,107,2022-10-20T12:32:34.505Z,2026-09-08T15:24:04.221Z
DEMO-DEV-8380,107,2022-10-06T13:38:56.167Z,2026-09-17T01:49:23.989Z
DEMO-DEV-8387,107,2022-10-07T00:17:39.505Z,2026-09-11T06:30:44.045Z
DEMO-DEV-8401,107,2022-10-13T20:22:28.298Z,2026-09-27T06:45:04.929Z
DEMO-DEV-8416,107,2022-10-04T08:32:52.612Z,2026-09-09T04:34:36.298Z
DEMO-DEV-8563,107,2022-10-11T15:34:38.298Z,2026-09-05T22:29:27.523Z
DEMO-DEV-8589,107,2022-11-09T08:00:07.843Z,2026-09-27T21:01:24.205Z
DEMO-DEV-8590,107,2022-10-15T00:24:03.968Z,2026-09-29T08:55:59.727Z
DEMO-DEV-8658,107,2022-10-20T21:51:46.948Z,2026-09-18T23:54:21.714Z
DEMO-DEV-8710,107,2022-10-09T07:07:14.612Z,2026-09-21T06:26:32.365Z
DEMO-DEV-8757,107,2022-11-21T22:32:13.021Z,2026-09-26T23:48:25.524Z
DEMO-DEV-8767,107,2022-10-18T16:03:27.075Z,2026-09-06T02:51:41.646Z
DEMO-DEV-8775,107,2022-11-18T04:47:51.287Z,2026-09-22T10:17:16.891Z
DEMO-DEV-8782,107,2022-10-07T08:27:31.500Z,2026-09-04T06:45:51.727Z
DEMO-DEV-8794,107,2022-10-01T15:10:31.607Z,2026-09-29T23:17:14.155Z
DEMO-DEV-8812,107,2022-10-13T13:37:17.189Z,2026-09-27T17:24:47.778Z
DEMO-DEV-8821,107,2022-10-06T08:41:49.508Z,2026-09-30T00:40:42.969Z
DEMO-DEV-8851,107,2022-10-04T01:16:27.513Z,2026-09-03T23:31:08.929Z
DEMO-DEV-9011,107,2022-10-26T04:45:39.291Z,2026-08-27T14:14:41.239Z
DEMO-DEV-9084,107,2022-11-04T07:04:41.795Z,2026-09-18T20:40:19.591Z
DEMO-DEV-9097,107,2022-10-15T23:21:33.252Z,2026-09-27T06:04:58.075Z
DEMO-DEV-9110,107,2022-10-19T09:28:47.087Z,2026-09-16T19:31:36.015Z
DEMO-DEV-9211,107,2022-10-22T13:31:36.291Z,2026-09-24T02:56:16.859Z
DEMO-DEV-9233,107,2022-10-06T21:58:58.192Z,2026-09-19T17:51:49.584Z
DEMO-DEV-9273,107,2022-10-06T18:07:18.806Z,2026-09-19T10:23:02.402Z
DEMO-DEV-9277,107,2022-10-10T03:24:31.325Z,2026-09-12T17:21:20.366Z
DEMO-DEV-9280,107,2022-10-05T10:12:37.710Z,2026-09-21T17:56:31.168Z
DEMO-DEV-9348,107,2022-10-10T13:53:29.403Z,2026-08-13T15:32:59.222Z
DEMO-DEV-9361,107,2022-10-02T15:27:16.138Z,2026-09-17T23:15:35.236Z
DEMO-DEV-9502,107,2022-10-06T19:46:00.288Z,2026-09-14T04:44:20.782Z
DEMO-DEV-9505,107,2022-10-06T06:47:52.123Z,2026-09-21T21:25:20.989Z
DEMO-DEV-9537,107,2022-10-29T15:19:31.868Z,2026-08-29T21:27:54.524Z
DEMO-DEV-9556,107,2022-10-10T14:36:26.189Z,2026-09-22T08:30:13.337Z
DEMO-DEV-9564,107,2022-10-17T17:52:32.655Z,2026-08-18T21:05:38.891Z
DEMO-DEV-9606,107,2022-10-12T06:51:34.892Z,2026-09-26T15:44:13.291Z
DEMO-DEV-9609,107,2022-10-04T20:32:54.302Z,2026-07-29T08:39:49.390Z
DEMO-DEV-9624,107,2022-10-16T09:59:05.462Z,2026-09-16T07:54:52.913Z
DEMO-DEV-9636,107,2022-10-12T15:10:36.138Z,2026-09-21T11:17:18.877Z
DEMO-DEV-9652,107,2022-10-07T08:10:32.208Z,2026-09-19T09:41:44.545Z
DEMO-DEV-9660,107,2022-11-04T02:34:46.523Z,2026-09-24T02:01:46.668Z
DEMO-DEV-9768,107,2022-10-17T04:54:10.825Z,2026-09-29T16:42:50.239Z
DEMO-DEV-9804,107,2022-10-26T23:56:54.555Z,2026-09-16T10:41:22.080Z
DEMO-DEV-9811,107,2022-10-13T08:26:51.315Z,2026-09-22T16:29:34.254Z
DEMO-DEV-9858,107,2022-10-29T05:59:20.325Z,2026-09-30T00:51:31.879Z
DEMO-DEV-9890,107,2022-10-10T20:20:48.926Z,2026-07-30T22:00:49.557Z
DEMO-DEV-9954,107,2022-10-28T01:56:30.578Z,2026-09-29T23:02:49.134Z
DEMO-DEV-0002,106,2022-10-24T15:29:06.792Z,2026-09-28T21:11:32.203Z
DEMO-DEV-0010,106,2022-10-17T05:44:28.786Z,2026-09-20T03:18:24.555Z
DEMO-DEV-0071,106,2022-10-13T08:11:38.785Z,2026-09-29T07:13:46.357Z
DEMO-DEV-0141,106,2022-10-18T14:09:59.599Z,2026-09-07T03:52:50.865Z
DEMO-DEV-0178,106,2022-10-14T14:53:05.138Z,2026-09-20T06:04:44.428Z
DEMO-DEV-0210,106,2022-11-06T07:47:43.793Z,2026-09-25T02:46:09.870Z
DEMO-DEV-0242,106,2022-10-03T00:19:30.226Z,2026-09-29T10:30:56.738Z
DEMO-DEV-0255,106,2022-10-06T04:20:47.204Z,2026-09-24T04:56:31.557Z
DEMO-DEV-0261,106,2022-10-15T20:55:17.511Z,2026-09-12T07:48:49.063Z
DEMO-DEV-0269,106,2022-10-06T01:32:28.578Z,2026-09-19T18:02:16.236Z
DEMO-DEV-0274,106,2022-10-07T21:22:41.428Z,2026-09-21T16:28:44.605Z
DEMO-DEV-0279,106,2022-10-09T15:43:17.268Z,2026-08-29T21:02:21.836Z
DEMO-DEV-0301,106,2022-10-11T18:50:48.752Z,2026-09-26T10:29:27.234Z
DEMO-DEV-0370,106,2022-10-14T02:45:59.226Z,2026-09-26T00:02:55.268Z
DEMO-DEV-0404,106,2022-10-07T15:56:22.714Z,2026-09-22T02:00:26.556Z
DEMO-DEV-0417,106,2022-10-03T18:30:51.636Z,2026-09-06T09:14:16.913Z
DEMO-DEV-0437,106,2022-10-13T11:53:05.859Z,2026-09-28T15:08:03.535Z
DEMO-DEV-0453,106,2022-10-23T23:09:30.024Z,2026-09-26T07:52:13.599Z
DEMO-DEV-0461,106,2022-10-02T12:54:21.948Z,2026-09-27T04:30:02.192Z
DEMO-DEV-0512,106,2022-10-09T09:15:50.806Z,2026-09-27T18:24:16.784Z
DEMO-DEV-0553,106,2022-10-05T10:55:32.599Z,2026-09-28T01:14:42.688Z
DEMO-DEV-0629,106,2022-10-14T23:31:02.864Z,2026-09-22T07:52:30.597Z
DEMO-DEV-0630,106,2022-10-10T01:58:15.208Z,2026-09-28T20:02:06.325Z
DEMO-DEV-0638,106,2022-10-28T21:18:30.190Z,2026-09-21T15:46:21.138Z
DEMO-DEV-0718,106,2022-11-05T02:41:38.653Z,2026-09-11T15:13:13.682Z
DEMO-DEV-0756,106,2022-10-05T22:15:54.926Z,2026-09-26T07:57:52.366Z
DEMO-DEV-0799,106,2022-10-03T12:42:08.537Z,2026-09-14T14:29:08.513Z
DEMO-DEV-0835,106,2022-10-06T17:19:03.446Z,2026-09-08T10:52:45.556Z
DEMO-DEV-0895,106,2022-10-02T07:22:22.865Z,2026-09-25T13:01:41.752Z
DEMO-DEV-0962,106,2022-10-27T20:24:08.792Z,2026-09-24T17:33:03.537Z
DEMO-DEV-1035,106,2022-10-13T17:30:32.205Z,2026-09-11T09:52:18.948Z
DEMO-DEV-1047,106,2022-11-13T08:23:03.655Z,2026-09-07T14:32:50.584Z
DEMO-DEV-1066,106,2022-10-20T09:07:15.225Z,2026-09-25T20:32:12.239Z
DEMO-DEV-1138,106,2022-10-03T14:30:14.968Z,2026-08-26T16:35:18.785Z
DEMO-DEV-1149,106,2022-10-03T04:02:22.993Z,2026-09-24T12:14:17.345Z
DEMO-DEV-1199,106,2022-12-21T19:22:09.556Z,2026-09-02T00:07:46.524Z
DEMO-DEV-1226,106,2022-10-29T04:14:44.238Z,2026-09-30T05:24:40.120Z
DEMO-DEV-1233,106,2022-10-09T15:02:17.752Z,2026-09-26T15:14:41.668Z
DEMO-DEV-1263,106,2022-10-15T01:17:29.315Z,2026-09-02T08:34:28.236Z
DEMO-DEV-1266,106,2022-10-29T17:21:58.646Z,2026-08-28T17:59:17.537Z
DEMO-DEV-1297,106,2022-10-04T13:53:59.204Z,2026-08-30T12:27:18.090Z
DEMO-DEV-1372,106,2022-10-05T06:51:59.221Z,2026-09-10T08:30:12.218Z
DEMO-DEV-1377,106,2022-10-04T16:33:04.485Z,2026-09-25T01:48:26.272Z
DEMO-DEV-1446,106,2022-10-16T20:30:39.026Z,2026-09-27T22:14:27.949Z
DEMO-DEV-1454,106,2022-10-02T19:06:12.868Z,2026-09-27T02:38:42.545Z
DEMO-DEV-1484,106,2022-10-20T00:07:07.090Z,2026-09-26T19:43:50.992Z
DEMO-DEV-1502,106,2022-10-30T15:02:02.519Z,2026-09-29T05:09:42.390Z
DEMO-DEV-1515,106,2022-10-02T00:42:38.825Z,2026-09-22T04:16:51.493Z
DEMO-DEV-1537,106,2022-10-02T09:39:18.948Z,2026-09-08T15:21:23.203Z
DEMO-DEV-1541,106,2022-11-09T18:55:30.841Z,2026-09-29T02:39:58.466Z
DEMO-DEV-1555,106,2022-10-07T21:31:23.239Z,2026-09-29T09:17:22.965Z
DEMO-DEV-1593,106,2022-10-01T14:57:38.352Z,2026-09-26T08:43:37.865Z
DEMO-DEV-1638,106,2022-10-19T05:32:03.892Z,2026-09-21T12:09:07.503Z
DEMO-DEV-1669,106,2022-10-08T19:04:18.073Z,2026-08-18T21:11:14.503Z
DEMO-DEV-1692,106,2022-10-14T01:03:38.873Z,2026-09-26T21:41:27.045Z
DEMO-DEV-1733,106,2022-10-12T07:32:44.307Z,2026-09-22T00:56:52.555Z
DEMO-DEV-1786,106,2022-10-03T04:54:01.325Z,2026-09-21T22:39:07.337Z
DEMO-DEV-1803,106,2022-10-22T03:27:06.948Z,2026-09-19T04:43:22.846Z
DEMO-DEV-1835,106,2022-10-17T21:58:31.168Z,2026-09-15T16:53:52.646Z
DEMO-DEV-1862,106,2022-10-14T00:23:23.535Z,2026-09-26T18:35:13.859Z
DEMO-DEV-1893,106,2022-10-19T07:53:40.555Z,2026-09-17T19:12:02.556Z
DEMO-DEV-1913,106,2022-10-08T21:46:54.682Z,2026-09-27T08:33:00.682Z
DEMO-DEV-1926,106,2022-10-13T16:06:56.792Z,2026-09-15T06:00:20.842Z
DEMO-DEV-1944,106,2022-10-15T03:45:07.987Z,2026-09-06T17:32:31.799Z
DEMO-DEV-1957,106,2022-11-03T06:37:52.391Z,2026-09-30T04:49:24.859Z
DEMO-DEV-1965,106,2022-11-03T05:57:24.793Z,2026-09-09T10:53:21.817Z
DEMO-DEV-1969,106,2022-10-10T19:36:06.658Z,2026-09-28T06:16:59.239Z
DEMO-DEV-1993,106,2022-10-11T18:32:47.646Z,2026-09-19T23:22:46.636Z
DEMO-DEV-2080,106,2022-10-03T03:31:43.446Z,2026-09-28T18:48:37.300Z
DEMO-DEV-2103,106,2022-10-04T06:13:55.949Z,2026-09-25T02:46:14.989Z
DEMO-DEV-2198,106,2022-10-03T16:24:29.302Z,2026-09-08T14:29:18.345Z
DEMO-DEV-2202,106,2022-10-02T22:24:46.710Z,2026-09-28T17:09:41.692Z
DEMO-DEV-2217,106,2022-10-03T08:32:17.345Z,2026-09-16T15:01:18.224Z
DEMO-DEV-2236,106,2022-10-04T15:37:43.636Z,2026-09-30T00:28:40.203Z
DEMO-DEV-2248,106,2022-10-01T20:09:02.824Z,2026-09-22T01:39:30.218Z
DEMO-DEV-2264,106,2022-10-08T10:06:26.949Z,2026-09-19T20:58:57.219Z
DEMO-DEV-2274,106,2022-10-04T08:45:22.851Z,2026-09-28T11:00:04.714Z
DEMO-DEV-2275,106,2022-10-17T23:46:46.352Z,2026-09-25T20:50:28.250Z
DEMO-DEV-2277,106,2022-10-15T08:28:31.268Z,2026-08-12T18:38:43.442Z
DEMO-DEV-2291,106,2022-11-28T16:23:23.302Z,2026-09-21T20:02:59.803Z
DEMO-DEV-2321,106,2022-12-21T20:32:30.891Z,2026-09-21T15:08:07.253Z
DEMO-DEV-2328,106,2022-10-05T11:48:18.368Z,2026-09-06T07:14:17.557Z
DEMO-DEV-2330,106,2022-10-05T07:13:27.500Z,2026-09-30T05:52:53.891Z
DEMO-DEV-2467,106,2022-11-08T00:24:28.839Z,2026-09-23T19:46:26.485Z
DEMO-DEV-2477,106,2022-10-03T06:05:31.315Z,2026-09-28T00:04:59.120Z
DEMO-DEV-2484,106,2022-10-01T09:12:23.409Z,2026-09-29T05:08:29.666Z
DEMO-DEV-2530,106,2022-10-05T22:59:41.913Z,2026-09-28T17:37:26.969Z
DEMO-DEV-2596,106,2022-12-18T22:29:14.150Z,2026-09-18T15:15:26.503Z
DEMO-DEV-2622,106,2022-10-23T22:24:11.462Z,2026-09-06T03:43:12.023Z
DEMO-DEV-2627,106,2022-11-26T00:08:55.120Z,2026-09-29T10:05:45.370Z
DEMO-DEV-2655,106,2022-10-07T16:38:57.965Z,2026-09-26T03:51:57.885Z
DEMO-DEV-2674,106,2022-10-01T12:17:03.584Z,2026-08-18T19:44:36.139Z
DEMO-DEV-2838,106,2022-10-29T10:07:45.786Z,2026-09-20T12:19:40.443Z
DEMO-DEV-2840,106,2022-10-17T20:01:30.968Z,2026-09-15T01:02:31.511Z
DEMO-DEV-2842,106,2022-10-06T17:07:32.842Z,2026-09-28T15:30:25.403Z
DEMO-DEV-2849,106,2022-10-01T09:06:20.298Z,2026-09-15T12:08:16.950Z
DEMO-DEV-2881,106,2022-10-11T22:14:29.394Z,2026-09-29T02:20:21.208Z
DEMO-DEV-2939,106,2022-11-16T18:36:27.370Z,2026-09-27T11:35:27.523Z
DEMO-DEV-2940,106,2022-10-06T23:28:22.839Z,2026-09-18T15:10:01.513Z
DEMO-DEV-2947,106,2022-11-03T06:36:16.165Z,2026-09-21T03:42:22.913Z
DEMO-DEV-2966,106,2022-10-05T03:12:55.508Z,2026-09-27T09:50:49.987Z
DEMO-DEV-2987,106,2022-10-04T09:04:36.511Z,2026-09-06T10:07:54.172Z
DEMO-DEV-3054,106,2022-10-14T12:21:33.211Z,2026-09-28T09:39:10.817Z
DEMO-DEV-3099,106,2022-11-05T06:48:48.183Z,2026-09-22T10:49:53.926Z
DEMO-DEV-3172,106,2022-10-07T03:25:46.877Z,2026-09-26T09:18:19.302Z
DEMO-DEV-3226,106,2022-10-08T02:17:21.738Z,2026-08-17T01:21:37.268Z
DEMO-DEV-3256,106,2022-10-02T10:37:27.527Z,2026-09-26T17:51:48.948Z
DEMO-DEV-3302,106,2022-10-24T02:01:13.239Z,2026-09-15T21:02:44.692Z
DEMO-DEV-3336,106,2022-10-13T10:58:38.246Z,2026-09-29T02:23:01.268Z
DEMO-DEV-3451,106,2022-10-28T19:06:16.778Z,2026-09-23T06:56:08.839Z
DEMO-DEV-3453,106,2022-10-11T04:41:39.636Z,2026-09-27T11:47:05.300Z
DEMO-DEV-3486,106,2022-10-08T18:51:21.264Z,2026-09-17T22:08:17.300Z
DEMO-DEV-3529,106,2022-11-24T20:15:43.319Z,2026-09-29T02:15:21.225Z
DEMO-DEV-3541,106,2022-10-01T11:06:19.752Z,2026-09-21T19:31:44.232Z
DEMO-DEV-3544,106,2022-10-14T19:38:14.172Z,2026-08-28T02:51:41.470Z
DEMO-DEV-3663,106,2022-10-12T18:01:04.387Z,2026-09-06T06:45:52.879Z
DEMO-DEV-3693,106,2022-10-05T00:04:21.851Z,2026-09-02T13:34:29.205Z
DEMO-DEV-3731,106,2022-10-24T07:58:28.556Z,2026-09-07T03:02:32.236Z
DEMO-DEV-3752,106,2022-10-02T05:05:11.291Z,2026-08-29T00:07:29.555Z
DEMO-DEV-3758,106,2022-10-02T19:14:07.319Z,2026-09-17T23:36:17.319Z
DEMO-DEV-3785,106,2022-10-16T22:33:50.843Z,2026-09-23T07:34:40.466Z
DEMO-DEV-3823,106,2022-10-01T17:05:02.864Z,2026-09-17T23:53:21.139Z
DEMO-DEV-3869,106,2022-12-01T18:45:17.352Z,2026-09-28T04:03:00.236Z
DEMO-DEV-3872,106,2022-10-06T03:41:48.023Z,2026-08-18T09:15:44.291Z
DEMO-DEV-3876,106,2022-10-21T00:54:36.993Z,2026-09-29T18:04:29.192Z
DEMO-DEV-3895,106,2022-10-06T13:39:04.291Z,2026-09-04T04:11:25.793Z
DEMO-DEV-3972,106,2022-10-15T05:34:09.786Z,2026-09-30T03:35:08.879Z
DEMO-DEV-3979,106,2022-10-11T18:03:39.976Z,2026-09-09T15:27:08.120Z
DEMO-DEV-4034,106,2022-10-08T20:43:52.535Z,2026-09-22T05:18:43.792Z
DEMO-DEV-4059,106,2022-10-01T11:43:15.460Z,2026-09-22T12:29:16.754Z
DEMO-DEV-4070,106,2022-10-20T07:39:16.446Z,2026-09-28T11:19:25.246Z
DEMO-DEV-4086,106,2022-10-28T21:47:53.666Z,2026-09-25T14:51:33.929Z
DEMO-DEV-4087,106,2022-10-05T10:14:40.968Z,2026-09-17T15:06:33.165Z
DEMO-DEV-4092,106,2022-10-13T09:03:46.040Z,2026-09-22T06:48:44.870Z
DEMO-DEV-4100,106,2022-10-02T21:26:45.666Z,2026-09-09T23:18:14.252Z
DEMO-DEV-4117,106,2022-10-05T11:29:36.365Z,2026-09-27T22:11:19.508Z
DEMO-DEV-4181,106,2022-10-06T03:25:16.462Z,2026-09-28T09:08:16.884Z
DEMO-DEV-4201,106,2022-10-18T14:33:29.222Z,2026-09-21T05:27:08.655Z
DEMO-DEV-4244,106,2022-10-09T01:13:11.989Z,2026-09-28T13:25:50.929Z
DEMO-DEV-4267,106,2022-10-02T03:55:37.948Z,2026-09-20T11:27:41.816Z
DEMO-DEV-4376,106,2022-10-16T19:52:29.879Z,2026-09-20T15:09:51.879Z
DEMO-DEV-4382,106,2022-10-13T16:39:27.003Z,2026-09-22T08:39:08.974Z
DEMO-DEV-4390,106,2022-11-22T18:36:53.167Z,2026-09-07T02:24:27.676Z
DEMO-DEV-4417,106,2022-10-02T19:40:24.287Z,2026-09-26T18:30:47.618Z
DEMO-DEV-4431,106,2022-10-06T08:57:18.836Z,2026-09-12T11:54:58.524Z
DEMO-DEV-4437,106,2022-10-19T23:30:24.038Z,2026-09-26T05:41:34.985Z
DEMO-DEV-4468,106,2022-10-10T21:46:52.976Z,2026-09-17T00:30:20.969Z
DEMO-DEV-4498,106,2022-10-24T00:47:08.024Z,2026-09-23T12:43:53.268Z
DEMO-DEV-4532,106,2022-10-03T02:41:51.455Z,2026-09-16T07:25:30.387Z
DEMO-DEV-4582,106,2022-11-01T03:53:47.929Z,2026-09-30T05:39:51.817Z
DEMO-DEV-4593,106,2022-10-07T22:36:42.503Z,2026-09-22T19:00:59.976Z
DEMO-DEV-4602,106,2022-10-21T14:01:53.884Z,2026-09-06T07:37:12.792Z
DEMO-DEV-4625,106,2022-10-10T07:07:13.485Z,2026-08-30T16:07:49.710Z
DEMO-DEV-4671,106,2022-10-03T10:13:53.409Z,2026-08-29T10:18:07.315Z
DEMO-DEV-4690,106,2022-10-07T20:32:12.993Z,2026-09-29T04:15:47.843Z
DEMO-DEV-4720,106,2022-10-04T00:36:46.968Z,2026-09-04T00:46:07.391Z
DEMO-DEV-4728,106,2022-10-01T14:59:07.208Z,2026-09-22T13:01:32.307Z
DEMO-DEV-4928,106,2022-10-07T00:45:38.289Z,2026-09-18T15:03:02.614Z
DEMO-DEV-5074,106,2022-10-06T09:05:55.987Z,2026-09-25T13:14:54.466Z
DEMO-DEV-5085,106,2022-10-09T17:40:49.950Z,2026-09-28T22:55:27.929Z
DEMO-DEV-5086,106,2022-10-02T18:06:01.719Z,2026-09-27T05:15:45.077Z
DEMO-DEV-5156,106,2022-10-09T04:26:49.913Z,2026-09-28T03:00:58.289Z
DEMO-DEV-5209,106,2022-10-12T23:10:28.806Z,2026-09-24T05:21:38.139Z
DEMO-DEV-5237,106,2022-10-31T10:57:14.250Z,2026-09-08T18:55:22.599Z
DEMO-DEV-5253,106,2022-10-04T04:05:20.253Z,2026-09-21T22:08:38.470Z
DEMO-DEV-5261,106,2022-10-10T12:59:45.014Z,2026-09-16T09:22:22.646Z
DEMO-DEV-5275,106,2022-10-04T20:00:58.150Z,2026-09-27T06:31:12.817Z
DEMO-DEV-5283,106,2022-10-26T05:23:20.252Z,2026-09-20T01:53:52.599Z
DEMO-DEV-5301,106,2022-10-03T17:19:32.298Z,2026-09-29T22:31:20.224Z
DEMO-DEV-5311,106,2022-10-16T04:36:00.778Z,2026-09-30T07:21:07.859Z
DEMO-DEV-5332,106,2022-10-04T06:18:34.985Z,2026-09-11T07:02:34.068Z
DEMO-DEV-5360,106,2022-10-12T05:27:28.639Z,2026-09-26T15:54:54.614Z
DEMO-DEV-5389,106,2022-10-12T22:26:21.026Z,2026-09-15T17:03:37.555Z
DEMO-DEV-5415,106,2022-10-31T13:26:02.168Z,2026-09-27T23:54:44.824Z
DEMO-DEV-5473,106,2022-10-06T15:10:58.765Z,2026-09-10T03:56:42.786Z
DEMO-DEV-5579,106,2022-10-07T23:46:34.394Z,2026-09-15T07:26:49.817Z
DEMO-DEV-5594,106,2022-10-09T14:03:27.839Z,2026-09-15T06:57:38.291Z
DEMO-DEV-5620,106,2022-10-03T09:47:02.272Z,2026-09-23T03:26:02.352Z
DEMO-DEV-5648,106,2022-10-08T01:52:07.993Z,2026-09-30T03:37:50.026Z
DEMO-DEV-5675,106,2022-10-13T21:10:54.264Z,2026-09-27T08:47:00.511Z
DEMO-DEV-5688,106,2022-10-07T01:23:22.211Z,2026-08-18T00:20:14.727Z
DEMO-DEV-5711,106,2022-10-07T21:46:42.735Z,2026-09-12T13:39:23.568Z
DEMO-DEV-5759,106,2022-10-09T03:51:10.503Z,2026-09-19T01:33:53.738Z
DEMO-DEV-5851,106,2022-10-05T06:04:01.365Z,2026-09-29T10:42:41.222Z
DEMO-DEV-5874,106,2022-10-11T12:53:16.754Z,2026-09-20T04:47:19.968Z
DEMO-DEV-5900,106,2022-10-16T05:11:21.859Z,2026-09-29T02:26:18.578Z
DEMO-DEV-5903,106,2022-10-03T09:12:56.319Z,2026-08-03T13:20:02.230Z
DEMO-DEV-5928,106,2022-10-03T00:10:52.138Z,2026-09-29T17:14:05.368Z
DEMO-DEV-6000,106,2022-10-02T00:27:50.524Z,2026-09-27T08:26:09.470Z
DEMO-DEV-6043,106,2022-10-10T08:41:18.045Z,2026-08-11T03:04:21.568Z
DEMO-DEV-6056,106,2022-10-15T19:02:12.535Z,2026-09-29T23:37:15.298Z
DEMO-DEV-6112,106,2022-10-04T07:26:53.387Z,2026-09-17T01:22:38.357Z
DEMO-DEV-6180,106,2022-10-03T22:41:14.778Z,2026-09-24T23:46:52.976Z
DEMO-DEV-6219,106,2022-10-07T23:18:43.390Z,2026-09-26T16:19:09.485Z
DEMO-DEV-6228,106,2022-10-13T18:43:08.077Z,2026-08-31T19:35:35.873Z
DEMO-DEV-6264,106,2022-10-04T15:35:05.288Z,2026-09-24T09:49:14.648Z
DEMO-DEV-6274,106,2022-10-03T23:24:29.870Z,2026-09-29T19:40:20.390Z
DEMO-DEV-6323,106,2022-10-07T01:06:52.557Z,2026-09-23T20:15:32.308Z
DEMO-DEV-6342,106,2022-10-22T10:22:41.524Z,2026-09-27T02:03:05.555Z
DEMO-DEV-6403,106,2022-10-04T02:27:28.950Z,2026-09-26T04:18:29.868Z
DEMO-DEV-6437,106,2022-10-02T15:00:56.403Z,2026-09-02T21:35:13.264Z
DEMO-DEV-6562,106,2022-11-12T08:36:15.428Z,2026-09-16T18:32:58.591Z
DEMO-DEV-6598,106,2022-10-20T22:07:19.155Z,2026-09-08T02:43:52.402Z
DEMO-DEV-6646,106,2022-10-21T05:56:02.714Z,2026-09-25T19:39:35.968Z
DEMO-DEV-6664,106,2022-10-10T04:31:54.387Z,2026-09-14T23:40:03.865Z
DEMO-DEV-6671,106,2022-10-02T21:33:15.666Z,2026-09-28T18:28:11.161Z
DEMO-DEV-6788,106,2022-10-10T05:28:47.836Z,2026-09-27T11:20:14.915Z
DEMO-DEV-6804,106,2022-10-01T13:26:57.038Z,2026-09-12T15:10:54.846Z
DEMO-DEV-6809,106,2022-10-02T15:29:06.846Z,2026-09-09T23:15:04.150Z
DEMO-DEV-6837,106,2022-10-27T07:50:04.639Z,2026-08-24T09:03:21.891Z
DEMO-DEV-6905,106,2022-10-05T10:28:52.120Z,2026-08-13T04:06:13.842Z
DEMO-DEV-6943,106,2022-11-18T21:24:57.252Z,2026-09-20T18:12:49.682Z
DEMO-DEV-6946,106,2022-10-03T20:24:54.727Z,2026-09-21T04:48:37.891Z
DEMO-DEV-6955,106,2022-10-12T14:51:33.804Z,2026-09-01T18:14:15.387Z
DEMO-DEV-6961,106,2022-10-04T03:22:09.415Z,2026-09-30T06:26:51.268Z
DEMO-DEV-6988,106,2022-11-06T15:02:51.442Z,2026-09-27T17:31:20.969Z
DEMO-DEV-7027,106,2022-10-13T06:46:38.639Z,2026-09-21T06:12:38.470Z
DEMO-DEV-7037,106,2022-10-06T01:08:03.555Z,2026-09-21T17:53:47.057Z
DEMO-DEV-7041,106,2022-10-19T18:05:20.519Z,2026-09-15T00:18:22.765Z
DEMO-DEV-7079,106,2022-10-03T23:51:28.765Z,2026-09-27T15:44:49.719Z
DEMO-DEV-7082,106,2022-10-02T03:22:32.816Z,2026-09-19T11:46:56.817Z
DEMO-DEV-7137,106,2022-10-09T01:53:06.308Z,2026-08-25T06:29:09.793Z
DEMO-DEV-7180,106,2022-10-08T12:00:45.508Z,2026-09-23T04:33:55.591Z
DEMO-DEV-7191,106,2022-10-01T15:25:27.792Z,2026-09-30T02:33:00.308Z
DEMO-DEV-7196,106,2022-10-01T08:33:49.211Z,2026-09-26T00:43:17.846Z
DEMO-DEV-7229,106,2022-10-16T05:58:20.370Z,2026-09-29T04:46:45.993Z
DEMO-DEV-7260,106,2022-11-28T21:09:48.816Z,2026-09-19T04:17:33.795Z
DEMO-DEV-7261,106,2022-12-05T04:28:45.841Z,2026-09-09T06:32:45.221Z
DEMO-DEV-7272,106,2022-10-20T10:20:15.914Z,2026-09-27T16:49:28.884Z
DEMO-DEV-7275,106,2022-10-12T03:30:52.765Z,2026-09-26T03:00:54.040Z
DEMO-DEV-7325,106,2022-10-09T09:30:03.366Z,2026-09-23T05:36:59.597Z
DEMO-DEV-7392,106,2022-10-05T09:57:14.192Z,2026-08-19T02:59:39.682Z
DEMO-DEV-7412,106,2022-10-14T00:37:10.607Z,2026-09-08T00:48:12.836Z
DEMO-DEV-7443,106,2022-11-23T04:40:02.929Z,2026-09-29T16:15:58.300Z
DEMO-DEV-7476,106,2022-10-20T17:46:17.555Z,2026-08-26T14:13:26.513Z
DEMO-DEV-7480,106,2022-10-14T01:59:05.319Z,2026-09-27T01:54:38.409Z
DEMO-DEV-7540,106,2022-10-07T14:00:19.792Z,2026-09-21T16:50:22.493Z
DEMO-DEV-7551,106,2022-11-11T22:52:14.505Z,2026-09-13T00:24:24.357Z
DEMO-DEV-7560,106,2022-10-24T12:45:48.865Z,2026-09-22T08:13:16.287Z
DEMO-DEV-7576,106,2022-10-02T07:13:45.765Z,2026-09-07T00:52:20.403Z
DEMO-DEV-7618,106,2022-10-07T22:31:11.968Z,2026-09-09T09:34:57.075Z
DEMO-DEV-7651,106,2022-11-02T02:22:58.816Z,2026-09-23T21:17:51.915Z
DEMO-DEV-7673,106,2022-10-06T12:50:45.226Z,2026-09-28T21:40:08.975Z
DEMO-DEV-7684,106,2022-10-05T19:33:07.038Z,2026-09-12T16:06:58.172Z
DEMO-DEV-7753,106,2022-11-06T01:41:32.948Z,2026-09-16T00:44:18.513Z
DEMO-DEV-7771,106,2022-10-13T19:40:11.817Z,2026-09-14T07:01:21.795Z
DEMO-DEV-7838,106,2022-10-19T14:00:41.868Z,2026-09-24T05:53:43.503Z
DEMO-DEV-7843,106,2022-10-22T01:01:45.969Z,2026-09-21T08:32:22.254Z
DEMO-DEV-7949,106,2022-10-05T00:57:28.173Z,2026-09-28T17:56:36.676Z
DEMO-DEV-7959,106,2022-10-22T15:08:53.040Z,2026-09-16T01:25:03.080Z
DEMO-DEV-7976,106,2022-10-03T08:28:45.397Z,2026-09-14T22:15:18.230Z
DEMO-DEV-7995,106,2022-10-04T04:15:48.252Z,2026-09-04T02:24:01.885Z
DEMO-DEV-8001,106,2022-11-27T08:02:41.865Z,2026-09-16T12:18:45.027Z
DEMO-DEV-8003,106,2022-10-06T08:17:54.568Z,2026-08-28T15:28:47.989Z
DEMO-DEV-8138,106,2022-10-03T02:19:18.368Z,2026-06-22T11:42:30.735Z
DEMO-DEV-8154,106,2022-10-18T17:41:50.851Z,2026-09-16T03:08:54.203Z
DEMO-DEV-8227,106,2022-10-16T15:11:15.365Z,2026-09-18T14:14:05.599Z
DEMO-DEV-8317,106,2022-10-06T21:06:10.224Z,2026-09-29T21:27:08.519Z
DEMO-DEV-8393,106,2022-10-07T20:23:48.892Z,2026-09-20T10:59:36.648Z
DEMO-DEV-8406,106,2022-10-16T23:02:30.319Z,2026-08-27T06:51:26.917Z
DEMO-DEV-8415,106,2022-10-25T14:30:46.987Z,2026-09-24T09:49:39.415Z
DEMO-DEV-8418,106,2022-10-10T15:38:22.075Z,2026-09-17T12:21:47.992Z
DEMO-DEV-8514,106,2022-11-19T21:47:21.968Z,2026-09-20T11:24:06.319Z
DEMO-DEV-8524,106,2022-10-02T03:02:58.308Z,2026-09-29T08:50:03.218Z
DEMO-DEV-8646,106,2022-10-07T15:36:09.250Z,2026-09-19T06:59:48.239Z
DEMO-DEV-8661,106,2022-10-04T14:40:17.446Z,2026-09-13T12:20:16.653Z
DEMO-DEV-8704,106,2022-10-11T15:10:14.639Z,2026-09-19T00:13:45.513Z
DEMO-DEV-8720,106,2022-10-20T09:11:43.793Z,2026-09-12T10:54:30.839Z
DEMO-DEV-8779,106,2022-10-13T07:13:30.014Z,2026-09-28T16:45:58.390Z
DEMO-DEV-8786,106,2022-10-19T01:20:46.969Z,2026-09-18T03:18:00.254Z
DEMO-DEV-8790,106,2022-10-08T15:09:52.754Z,2026-08-12T06:19:53.155Z
DEMO-DEV-8801,106,2022-10-04T08:22:29.646Z,2026-09-17T01:57:12.222Z
DEMO-DEV-8817,106,2022-10-09T02:48:47.264Z,2026-09-22T18:16:35.702Z
DEMO-DEV-8870,106,2022-10-19T08:31:16.123Z,2026-09-02T16:28:07.289Z
DEMO-DEV-8943,106,2022-10-19T18:48:53.068Z,2026-09-21T05:59:00.873Z
DEMO-DEV-8964,106,2022-10-20T04:11:27.778Z,2026-09-19T22:47:50.264Z
DEMO-DEV-8967,106,2022-10-04T03:10:46.605Z,2026-09-22T14:32:50.460Z
DEMO-DEV-8973,106,2022-10-19T12:33:17.068Z,2026-09-27T21:47:46.037Z
DEMO-DEV-8976,106,2022-12-13T06:12:38.345Z,2026-09-20T12:19:19.557Z
DEMO-DEV-9001,106,2022-10-04T02:23:06.519Z,2026-09-14T22:20:35.493Z
DEMO-DEV-9081,106,2022-10-05T13:21:21.246Z,2026-09-07T12:05:56.557Z
DEMO-DEV-9086,106,2022-10-02T15:44:10.300Z,2026-09-27T00:32:31.884Z
DEMO-DEV-9106,106,2022-10-25T11:50:54.268Z,2026-09-23T15:11:11.612Z
DEMO-DEV-9176,106,2022-10-05T05:25:08.462Z,2026-09-18T06:47:08.300Z
DEMO-DEV-9202,106,2022-10-09T00:22:32.298Z,2026-09-26T14:45:03.655Z
DEMO-DEV-9269,106,2022-10-08T11:30:02.842Z,2026-09-15T20:23:19.300Z
DEMO-DEV-9279,106,2022-10-12T18:18:15.308Z,2026-09-27T07:06:54.646Z
DEMO-DEV-9290,106,2022-10-06T23:49:38.968Z,2026-09-22T11:57:45.268Z
DEMO-DEV-9291,106,2022-10-05T17:27:18.795Z,2026-09-26T00:03:04.841Z
DEMO-DEV-9304,106,2022-10-01T12:37:20.968Z,2026-09-12T16:40:57.038Z
DEMO-DEV-9367,106,2022-10-02T09:25:45.366Z,2026-09-29T05:07:48.968Z
DEMO-DEV-9377,106,2022-10-04T17:44:58.915Z,2026-09-07T02:33:47.658Z
DEMO-DEV-9408,106,2022-10-10T08:48:07.841Z,2026-09-05T17:30:54.357Z
DEMO-DEV-9427,106,2022-12-14T16:46:19.319Z,2026-09-30T04:00:10.950Z
DEMO-DEV-9572,106,2022-10-01T22:37:24.754Z,2026-09-26T22:11:57.253Z
DEMO-DEV-9607,106,2022-10-09T23:39:50.150Z,2026-09-11T11:28:35.870Z
DEMO-DEV-9610,106,2022-10-08T01:04:40.817Z,2026-09-09T11:40:29.926Z
DEMO-DEV-9631,106,2022-11-11T00:08:31.949Z,2026-09-21T18:26:40.799Z
DEMO-DEV-9667,106,2022-10-05T22:27:38.077Z,2026-09-15T22:24:20.023Z
DEMO-DEV-9679,106,2022-10-11T08:59:31.885Z,2026-09-20T20:11:25.138Z
DEMO-DEV-9680,106,2022-10-13T08:25:03.345Z,2026-09-30T05:39:30.993Z
DEMO-DEV-9697,106,2022-10-14T07:16:58.668Z,2026-09-13T21:03:30.370Z
DEMO-DEV-9711,106,2022-10-02T12:59:56.785Z,2026-08-31T13:28:21.038Z
DEMO-DEV-9732,106,2022-10-08T13:44:37.173Z,2026-09-28T10:47:00.208Z
DEMO-DEV-9748,106,2022-10-10T05:05:46.607Z,2026-09-13T11:23:39.203Z
DEMO-DEV-9850,106,2022-10-13T16:57:54.021Z,2026-09-30T03:56:28.824Z
DEMO-DEV-9852,106,2022-10-20T09:16:19.203Z,2026-09-12T14:48:34.387Z
DEMO-DEV-9853,106,2022-10-06T19:39:29.205Z,2026-09-29T21:08:18.778Z
DEMO-DEV-9948,106,2022-10-07T07:17:57.661Z,2026-09-08T18:04:00.120Z
DEMO-DEV-9985,106,2022-12-02T10:04:08.966Z,2026-09-18T08:46:50.824Z
DEMO-DEV-0020,105,2022-10-09T20:01:41.208Z,2026-09-19T06:35:44.038Z
DEMO-DEV-0038,105,2022-10-02T06:23:25.139Z,2026-09-18T14:38:07.816Z
DEMO-DEV-0079,105,2022-10-18T03:29:41.885Z,2026-09-28T21:07:49.289Z
DEMO-DEV-0080,105,2022-10-08T08:33:03.804Z,2026-09-22T02:22:57.950Z
DEMO-DEV-0136,105,2022-10-03T02:36:13.442Z,2026-07-20T11:12:13.120Z
DEMO-DEV-0193,105,2022-10-07T00:07:01.503Z,2026-09-25T16:25:11.839Z
DEMO-DEV-0220,105,2022-11-10T19:17:08.409Z,2026-09-20T19:20:03.653Z
DEMO-DEV-0315,105,2022-10-07T22:45:04.161Z,2026-09-19T21:35:43.864Z
DEMO-DEV-0340,105,2022-10-24T22:03:55.523Z,2026-09-16T13:59:50.607Z
DEMO-DEV-0354,105,2022-10-05T16:53:33.063Z,2026-09-18T22:47:26.639Z
DEMO-DEV-0413,105,2022-10-01T15:01:16.892Z,2026-09-12T21:04:47.985Z
DEMO-DEV-0432,105,2022-10-06T00:24:22.167Z,2026-09-29T08:23:41.150Z
DEMO-DEV-0456,105,2022-10-01T08:49:32.618Z,2026-09-16T08:46:06.287Z
DEMO-DEV-0472,105,2022-11-01T10:30:26.992Z,2026-09-23T18:21:56.864Z
DEMO-DEV-0483,105,2022-10-03T04:16:28.873Z,2026-09-17T15:38:48.403Z
DEMO-DEV-0494,105,2022-11-06T18:34:08.139Z,2026-09-17T14:45:58.782Z
DEMO-DEV-0516,105,2022-10-02T11:32:11.232Z,2026-09-28T04:28:34.646Z
DEMO-DEV-0531,105,2022-10-08T00:01:41.460Z,2026-09-23T13:33:53.505Z
DEMO-DEV-0537,105,2022-10-04T16:51:22.842Z,2026-09-24T16:30:42.462Z
DEMO-DEV-0544,105,2022-10-08T00:53:20.646Z,2026-09-14T20:19:58.859Z
DEMO-DEV-0557,105,2022-10-03T11:46:40.870Z,2026-09-29T10:08:50.929Z
DEMO-DEV-0570,105,2022-11-02T02:20:00.208Z,2026-09-20T20:24:44.077Z
DEMO-DEV-0582,105,2022-10-11T11:45:20.183Z,2026-08-07T21:10:32.926Z
DEMO-DEV-0623,105,2022-10-09T21:14:11.786Z,2026-09-06T11:11:41.218Z
DEMO-DEV-0695,105,2022-10-07T12:28:21.824Z,2026-09-29T13:59:03.253Z
DEMO-DEV-0719,105,2022-10-09T14:07:40.221Z,2026-08-26T19:21:19.702Z
DEMO-DEV-0747,105,2022-10-31T22:52:05.087Z,2026-09-27T16:08:04.778Z
DEMO-DEV-0827,105,2022-10-03T00:20:53.442Z,2026-09-27T11:43:43.352Z
DEMO-DEV-0855,105,2022-10-07T04:14:42.785Z,2026-09-07T22:48:25.300Z
DEMO-DEV-0872,105,2022-10-22T10:42:45.319Z,2026-09-04T01:12:23.591Z
DEMO-DEV-0873,105,2022-11-05T12:47:00.470Z,2026-09-12T03:24:31.352Z
DEMO-DEV-0876,105,2022-10-19T12:22:32.087Z,2026-08-25T09:34:41.337Z
DEMO-DEV-0886,105,2022-10-09T22:40:13.989Z,2026-09-22T04:28:38.075Z
DEMO-DEV-0900,105,2022-10-15T11:52:21.253Z,2026-09-27T01:12:45.545Z
DEMO-DEV-1007,105,2022-10-02T19:00:05.877Z,2026-09-08T17:19:51.300Z
DEMO-DEV-1012,105,2022-10-12T12:08:48.308Z,2026-09-09T10:34:00.254Z
DEMO-DEV-1016,105,2022-10-20T22:04:43.120Z,2026-09-15T11:16:56.155Z
DEMO-DEV-1029,105,2022-10-31T06:01:11.799Z,2026-09-19T01:26:27.974Z
DEMO-DEV-1046,105,2022-10-11T12:19:46.004Z,2026-09-05T14:20:03.264Z
DEMO-DEV-1131,105,2022-10-11T03:35:43.230Z,2026-09-23T21:40:33.648Z
DEMO-DEV-1152,105,2022-10-09T00:49:01.948Z,2026-08-19T06:02:31.618Z
DEMO-DEV-1183,105,2022-10-20T17:42:40.057Z,2026-09-26T16:15:13.738Z
DEMO-DEV-1191,105,2022-10-28T17:20:22.485Z,2026-09-09T19:21:45.754Z
DEMO-DEV-1213,105,2022-10-02T04:35:21.289Z,2026-09-23T17:41:21.892Z
DEMO-DEV-1227,105,2022-11-02T12:59:12.415Z,2026-09-24T18:37:27.230Z
DEMO-DEV-1239,105,2022-10-15T23:43:39.037Z,2026-09-21T10:29:27.816Z
DEMO-DEV-1274,105,2022-10-05T14:58:10.366Z,2026-09-26T07:17:34.839Z
DEMO-DEV-1282,105,2022-11-06T19:04:13.218Z,2026-08-07T02:45:55.636Z
DEMO-DEV-1315,105,2022-10-17T11:21:26.239Z,2026-09-22T15:24:41.666Z
DEMO-DEV-1323,105,2022-10-24T02:19:06.754Z,2026-09-29T19:36:00.308Z
DEMO-DEV-1343,105,2022-10-02T05:40:02.470Z,2026-09-28T08:22:47.537Z
DEMO-DEV-1374,105,2022-10-24T12:03:06.806Z,2026-08-20T23:21:33.443Z
DEMO-DEV-1380,105,2022-10-13T13:04:21.455Z,2026-09-29T16:18:18.254Z
DEMO-DEV-1400,105,2022-10-04T12:32:39.913Z,2026-09-10T15:26:28.004Z
DEMO-DEV-1406,105,2022-10-31T21:28:28.455Z,2026-09-16T16:23:26.524Z
DEMO-DEV-1526,105,2022-10-02T22:50:29.752Z,2026-09-21T05:14:25.968Z
DEMO-DEV-1528,105,2022-10-03T19:17:36.719Z,2026-09-29T11:15:58.682Z
DEMO-DEV-1551,105,2022-10-03T22:31:44.390Z,2026-08-04T23:49:40.172Z
DEMO-DEV-1608,105,2022-10-18T18:56:13.682Z,2026-09-06T03:42:13.949Z
DEMO-DEV-1648,105,2022-10-18T05:52:17.556Z,2026-09-26T22:51:37.646Z
DEMO-DEV-1783,105,2022-10-03T23:32:01.172Z,2026-08-30T21:07:18.868Z
DEMO-DEV-1818,105,2022-10-22T17:36:04.204Z,2026-09-26T15:01:38.816Z
DEMO-DEV-1831,105,2022-10-04T02:01:50.505Z,2026-09-05T13:12:54.976Z
DEMO-DEV-1889,105,2022-10-10T23:09:03.803Z,2026-09-15T02:23:01.968Z
DEMO-DEV-1923,105,2022-10-10T21:03:35.403Z,2026-09-24T18:19:48.232Z
DEMO-DEV-2114,105,2022-10-31T13:31:29.394Z,2026-09-29T22:31:36.218Z
DEMO-DEV-2135,105,2022-10-05T20:24:48.817Z,2026-09-18T16:44:54.682Z
DEMO-DEV-2149,105,2022-10-12T21:40:47.949Z,2026-09-22T16:26:54.793Z
DEMO-DEV-2207,105,2022-10-01T17:58:02.134Z,2026-09-15T05:56:52.646Z
DEMO-DEV-2223,105,2022-10-11T00:53:55.710Z,2026-08-26T11:07:16.535Z
DEMO-DEV-2232,105,2022-10-09T23:26:04.027Z,2026-09-12T12:28:55.366Z
DEMO-DEV-2235,105,2022-10-14T22:36:25.236Z,2026-08-31T20:33:02.555Z
DEMO-DEV-2267,105,2022-11-01T02:13:42.992Z,2026-09-28T12:54:43.646Z
DEMO-DEV-2279,105,2022-10-18T10:30:49.966Z,2026-09-20T17:24:07.357Z
DEMO-DEV-2281,105,2022-10-21T04:51:00.785Z,2026-09-27T22:06:51.989Z
DEMO-DEV-2312,105,2022-10-26T05:24:13.014Z,2026-09-26T22:01:27.493Z
DEMO-DEV-2401,105,2022-10-06T12:08:19.289Z,2026-09-22T20:59:50.929Z
DEMO-DEV-2434,105,2022-10-07T17:41:38.289Z,2026-09-01T03:47:21.155Z
DEMO-DEV-2454,105,2022-10-12T04:19:13.985Z,2026-09-27T11:16:55.710Z
DEMO-DEV-2459,105,2022-10-03T23:26:49.307Z,2026-09-27T04:19:11.150Z
DEMO-DEV-2522,105,2022-10-14T20:46:15.161Z,2026-09-09T16:43:15.307Z
DEMO-DEV-2549,105,2022-10-02T19:33:38.568Z,2026-09-27T17:51:35.688Z
DEMO-DEV-2559,105,2022-12-08T22:46:26.578Z,2026-09-25T23:07:26.073Z
DEMO-DEV-2570,105,2022-10-16T03:49:54.370Z,2026-09-19T02:06:27.428Z
DEMO-DEV-2591,105,2022-11-02T13:23:39.584Z,2026-09-17T14:33:47.291Z
DEMO-DEV-2601,105,2022-10-11T03:59:15.402Z,2026-09-26T17:56:50.497Z
DEMO-DEV-2611,105,2022-10-23T07:00:25.003Z,2026-09-24T12:24:30.985Z
DEMO-DEV-2666,105,2022-11-10T21:46:37.288Z,2026-09-21T03:05:44.950Z
DEMO-DEV-2725,105,2022-10-23T17:12:57.225Z,2026-09-05T18:20:05.038Z
DEMO-DEV-2749,105,2022-10-02T21:26:51.948Z,2026-09-08T14:03:40.415Z
DEMO-DEV-2779,105,2022-10-03T00:29:19.523Z,2026-09-30T03:21:46.087Z
DEMO-DEV-2807,105,2022-10-01T10:51:45.891Z,2026-09-26T03:23:51.368Z
DEMO-DEV-2831,105,2022-10-05T11:39:15.428Z,2026-09-02T01:57:19.409Z
DEMO-DEV-2872,105,2022-10-18T12:19:35.183Z,2026-09-27T16:42:20.037Z
DEMO-DEV-2889,105,2022-10-02T03:38:36.668Z,2026-09-14T02:38:31.879Z
DEMO-DEV-2963,105,2022-10-11T11:31:46.403Z,2026-09-17T05:07:31.045Z
DEMO-DEV-3025,105,2022-10-12T14:43:19.839Z,2026-09-09T14:29:09.913Z
DEMO-DEV-3043,105,2022-10-14T12:34:37.038Z,2026-09-16T23:06:39.639Z
DEMO-DEV-3045,105,2022-11-05T11:25:34.524Z,2026-09-08T05:23:06.080Z
DEMO-DEV-3047,105,2022-10-06T08:28:10.989Z,2026-09-21T11:07:54.218Z
DEMO-DEV-3062,105,2022-11-17T12:49:29.268Z,2026-09-29T19:40:32.442Z
DEMO-DEV-3086,105,2022-10-28T10:51:56.877Z,2026-09-19T18:30:17.302Z
DEMO-DEV-3094,105,2022-11-09T15:17:33.682Z,2026-08-12T05:39:06.268Z
DEMO-DEV-3157,105,2022-10-20T05:14:23.804Z,2026-09-20T12:16:14.785Z
DEMO-DEV-3218,105,2022-10-13T23:58:20.014Z,2026-09-19T00:36:09.087Z
DEMO-DEV-3247,105,2022-10-02T07:21:36.639Z,2026-09-23T10:30:35.752Z
DEMO-DEV-3255,105,2022-10-17T08:57:03.682Z,2026-09-29T10:39:34.485Z
DEMO-DEV-3305,105,2022-11-15T06:30:44.226Z,2026-09-29T13:04:15.466Z
DEMO-DEV-3319,105,2022-11-12T21:04:29.455Z,2026-09-17T23:37:48.288Z
DEMO-DEV-3354,105,2022-10-09T23:10:29.929Z,2026-09-25T11:38:02.868Z
DEMO-DEV-3370,105,2022-10-10T09:46:35.075Z,2026-09-17T08:12:31.817Z
DEMO-DEV-3480,105,2022-10-11T05:50:20.319Z,2026-09-26T14:56:04.370Z
DEMO-DEV-3504,105,2022-10-10T02:40:32.222Z,2026-09-21T10:33:05.676Z
DEMO-DEV-3507,105,2022-10-23T14:00:00.639Z,2026-09-19T16:04:34.646Z
DEMO-DEV-3521,105,2022-10-05T00:00:34.824Z,2026-08-22T03:56:34.368Z
DEMO-DEV-3548,105,2022-10-11T01:11:42.063Z,2026-09-29T12:46:23.870Z
DEMO-DEV-3647,105,2022-10-19T10:11:54.352Z,2026-09-03T14:01:24.230Z
DEMO-DEV-3655,105,2022-10-08T03:03:32.319Z,2026-09-30T07:15:22.948Z
DEMO-DEV-3658,105,2022-10-15T22:36:48.614Z,2026-08-31T19:51:07.523Z
DEMO-DEV-3669,105,2022-10-05T23:02:08.500Z,2026-09-19T10:02:59.391Z
DEMO-DEV-3671,105,2022-10-10T09:30:16.989Z,2026-09-27T13:21:27.428Z
DEMO-DEV-3679,105,2022-10-13T18:22:25.239Z,2026-09-22T05:18:23.929Z
DEMO-DEV-3684,105,2022-10-02T17:58:02.307Z,2026-09-19T10:02:38.300Z
DEMO-DEV-3768,105,2022-10-02T17:42:17.230Z,2026-09-21T13:51:03.839Z
DEMO-DEV-3798,105,2022-10-08T17:38:56.682Z,2026-09-17T02:58:03.352Z
DEMO-DEV-3961,105,2022-10-30T08:00:52.863Z,2026-09-14T05:56:12.765Z
DEMO-DEV-3975,105,2022-10-15T07:05:15.390Z,2026-09-30T03:01:40.568Z
DEMO-DEV-4025,105,2022-10-07T03:07:26.038Z,2026-09-13T03:53:40.782Z
DEMO-DEV-4046,105,2022-10-02T09:17:54.357Z,2026-09-26T02:34:11.138Z
DEMO-DEV-4060,105,2022-10-25T23:07:29.189Z,2026-09-25T01:00:30.811Z
DEMO-DEV-4071,105,2022-10-05T15:56:34.168Z,2026-09-23T12:36:41.352Z
DEMO-DEV-4111,105,2022-10-09T13:46:33.885Z,2026-09-28T03:42:31.785Z
DEMO-DEV-4121,105,2022-10-11T09:51:27.735Z,2026-09-28T00:07:28.614Z
DEMO-DEV-4176,105,2022-10-31T17:36:56.415Z,2026-09-16T06:18:01.038Z
DEMO-DEV-4206,105,2022-10-01T22:56:17.524Z,2026-09-29T06:25:58.063Z
DEMO-DEV-4219,105,2022-10-07T11:02:48.523Z,2026-09-18T01:47:58.120Z
DEMO-DEV-4262,105,2022-10-05T05:48:18.578Z,2026-09-24T03:10:10.949Z
DEMO-DEV-4302,105,2022-10-19T15:23:51.646Z,2026-09-24T21:30:00.300Z
DEMO-DEV-4353,105,2022-10-03T15:16:26.183Z,2026-09-22T21:07:53.646Z
DEMO-DEV-4362,105,2022-10-11T12:06:52.077Z,2026-09-16T04:47:26.778Z
DEMO-DEV-4414,105,2022-10-07T05:50:32.868Z,2026-09-23T08:13:23.497Z
DEMO-DEV-4506,105,2022-10-06T12:23:53.646Z,2026-08-22T18:13:23.232Z
DEMO-DEV-4508,105,2022-10-12T11:25:19.867Z,2026-09-10T00:46:05.466Z
DEMO-DEV-4584,105,2022-10-20T00:24:34.527Z,2026-09-24T15:24:07.618Z
DEMO-DEV-4634,105,2022-10-08T15:57:23.014Z,2026-09-25T16:02:51.394Z
DEMO-DEV-4642,105,2022-10-16T17:26:22.403Z,2026-09-25T05:34:49.219Z
DEMO-DEV-4680,105,2022-10-05T17:32:31.607Z,2026-08-12T00:58:24.816Z
DEMO-DEV-4726,105,2022-10-07T22:05:12.987Z,2026-09-28T15:14:57.913Z
DEMO-DEV-4735,105,2022-11-06T03:02:11.793Z,2026-09-24T13:35:58.614Z
DEMO-DEV-4763,105,2022-10-02T17:20:05.612Z,2026-08-27T15:13:22.366Z
DEMO-DEV-4764,105,2022-10-12T16:11:16.004Z,2026-09-17T00:09:01.992Z
DEMO-DEV-4784,105,2022-10-08T15:48:05.612Z,2026-09-10T15:26:25.308Z
DEMO-DEV-4829,105,2022-10-19T15:45:45.272Z,2026-09-29T06:26:39.302Z
DEMO-DEV-4838,105,2022-10-21T01:34:12.792Z,2026-09-28T08:00:00.806Z
DEMO-DEV-4940,105,2022-10-03T04:41:14.446Z,2026-09-29T12:52:33.087Z
DEMO-DEV-4942,105,2022-10-05T14:13:56.568Z,2026-09-04T02:21:33.653Z
DEMO-DEV-4953,105,2022-11-01T11:09:05.352Z,2026-09-29T14:51:54.891Z
DEMO-DEV-4971,105,2022-10-05T18:22:31.442Z,2026-09-25T15:19:00.387Z
DEMO-DEV-4974,105,2022-10-18T23:29:09.168Z,2026-09-23T13:58:28.315Z
DEMO-DEV-5087,105,2022-11-21T03:36:07.368Z,2026-09-30T04:39:44.503Z
DEMO-DEV-5111,105,2022-10-30T16:48:49.968Z,2026-09-26T23:57:29.073Z
DEMO-DEV-5140,105,2022-10-03T13:45:59.161Z,2026-09-12T09:57:19.442Z
DEMO-DEV-5278,105,2022-10-05T01:29:30.250Z,2026-09-26T16:43:47.727Z
DEMO-DEV-5290,105,2022-10-15T00:52:23.784Z,2026-09-23T02:30:03.661Z
DEMO-DEV-5384,105,2022-10-14T15:06:21.688Z,2026-09-18T04:56:06.250Z
DEMO-DEV-5393,105,2022-10-02T06:52:59.252Z,2026-09-21T10:41:05.428Z
DEMO-DEV-5399,105,2022-10-03T20:04:35.221Z,2026-09-14T23:30:47.090Z
DEMO-DEV-5414,105,2022-10-18T01:30:39.368Z,2026-09-25T12:14:11.646Z
DEMO-DEV-5521,105,2022-10-08T20:15:21.238Z,2026-09-11T07:22:07.702Z
DEMO-DEV-5539,105,2022-10-03T18:08:52.080Z,2026-09-30T01:43:39.460Z
DEMO-DEV-5556,105,2022-10-05T09:16:46.949Z,2026-09-13T23:00:33.232Z
DEMO-DEV-5578,105,2022-10-04T07:57:58.968Z,2026-09-27T20:46:02.027Z
DEMO-DEV-5602,105,2022-10-10T05:23:49.254Z,2026-09-18T17:28:49.782Z
DEMO-DEV-5619,105,2022-10-17T23:27:13.161Z,2026-09-29T13:57:46.370Z
DEMO-DEV-5665,105,2022-10-10T07:43:24.325Z,2026-09-25T20:06:23.846Z
DEMO-DEV-5669,105,2022-10-05T05:13:56.676Z,2026-09-27T21:35:41.765Z
DEMO-DEV-5726,105,2022-10-20T21:18:12.913Z,2026-09-17T23:08:53.795Z
DEMO-DEV-5732,105,2022-10-03T05:55:39.969Z,2026-09-20T05:13:40.368Z
DEMO-DEV-5912,105,2022-10-02T01:16:48.289Z,2026-09-18T11:23:30.234Z
DEMO-DEV-5923,105,2022-10-12T10:58:11.795Z,2026-07-11T07:32:51.738Z
DEMO-DEV-5950,105,2022-10-07T15:29:34.926Z,2026-09-29T11:39:52.865Z
DEMO-DEV-5961,105,2022-10-13T19:36:20.120Z,2026-09-04T17:42:35.806Z
DEMO-DEV-5965,105,2022-10-01T11:01:17.345Z,2026-09-30T03:16:47.307Z
DEMO-DEV-5986,105,2022-10-04T22:04:24.584Z,2026-09-25T14:32:23.968Z
DEMO-DEV-5998,105,2022-10-25T07:33:30.877Z,2026-09-20T01:28:47.225Z
DEMO-DEV-6002,105,2022-10-07T07:08:51.535Z,2026-08-02T12:25:48.612Z
DEMO-DEV-6008,105,2022-10-08T17:24:08.253Z,2026-09-27T12:22:29.557Z
DEMO-DEV-6117,105,2022-10-22T23:38:26.870Z,2026-09-29T12:42:02.068Z
DEMO-DEV-6139,105,2022-10-02T12:39:51.817Z,2026-08-19T15:49:08.063Z
DEMO-DEV-6155,105,2022-10-30T08:13:29.307Z,2026-09-27T04:44:33.354Z
DEMO-DEV-6157,105,2022-10-03T11:36:12.120Z,2026-09-03T02:16:54.974Z
DEMO-DEV-6203,105,2022-10-09T20:45:56.190Z,2026-09-28T14:42:24.493Z
DEMO-DEV-6215,105,2022-10-20T12:40:40.307Z,2026-09-28T14:31:06.090Z
DEMO-DEV-6238,105,2022-10-01T12:50:40.298Z,2026-08-20T23:32:21.836Z
DEMO-DEV-6336,105,2022-10-14T16:07:34.352Z,2026-09-15T11:38:31.864Z
DEMO-DEV-6374,105,2022-10-03T07:06:07.218Z,2026-09-24T18:28:31.298Z
DEMO-DEV-6384,105,2022-10-12T15:01:25.646Z,2026-09-17T16:19:14.394Z
DEMO-DEV-6404,105,2022-10-14T18:02:22.591Z,2026-09-06T17:56:35.023Z
DEMO-DEV-6416,105,2022-10-12T22:51:22.884Z,2026-09-19T18:01:30.778Z
DEMO-DEV-6475,105,2022-10-02T15:22:36.287Z,2026-09-29T10:44:46.428Z
DEMO-DEV-6492,105,2022-10-19T23:37:50.653Z,2026-09-19T03:26:10.929Z
DEMO-DEV-6504,105,2022-10-03T10:36:51.485Z,2026-08-26T04:46:06.965Z
DEMO-DEV-6561,105,2022-10-09T10:55:15.929Z,2026-09-28T07:41:16.968Z
DEMO-DEV-6591,105,2022-10-04T17:37:39.057Z,2026-09-21T10:28:13.455Z
DEMO-DEV-6601,105,2022-10-16T18:57:40.885Z,2026-09-09T08:07:56.208Z
DEMO-DEV-6641,105,2022-10-11T04:17:11.250Z,2026-08-09T20:49:54.523Z
DEMO-DEV-6643,105,2022-10-03T16:27:02.817Z,2026-09-24T11:16:22.167Z
DEMO-DEV-6667,105,2022-10-21T08:00:13.545Z,2026-08-25T05:33:56.203Z
DEMO-DEV-6855,105,2022-10-16T03:04:23.365Z,2026-09-10T19:35:15.345Z
DEMO-DEV-6857,105,2022-10-13T06:34:57.556Z,2026-08-06T00:23:03.778Z
DEMO-DEV-6870,105,2022-10-13T03:44:41.298Z,2026-09-29T04:46:17.455Z
DEMO-DEV-6895,105,2022-10-06T02:19:30.205Z,2026-09-28T21:10:35.968Z
DEMO-DEV-6900,105,2022-10-09T10:38:54.368Z,2026-09-21T20:35:37.460Z
DEMO-DEV-6906,105,2022-10-05T06:04:48.974Z,2026-09-08T12:37:08.545Z
DEMO-DEV-6991,105,2022-10-13T22:23:44.218Z,2026-09-26T04:51:30.968Z
DEMO-DEV-7045,105,2022-11-25T11:41:17.254Z,2026-09-02T22:33:00.204Z
DEMO-DEV-7093,105,2022-10-16T02:04:13.658Z,2026-09-26T03:25:21.365Z
DEMO-DEV-7124,105,2022-10-10T09:58:48.523Z,2026-09-29T11:58:26.782Z
DEMO-DEV-7155,105,2022-10-03T15:35:30.466Z,2026-09-16T00:46:30.394Z
DEMO-DEV-7188,105,2022-12-13T13:21:22.817Z,2026-08-25T08:31:07.120Z
DEMO-DEV-7237,105,2022-10-18T07:40:03.513Z,2026-08-14T21:12:54.682Z
DEMO-DEV-7252,105,2022-10-28T00:26:20.527Z,2026-09-19T18:14:52.397Z
DEMO-DEV-7273,105,2022-10-01T21:55:50.929Z,2026-09-29T11:07:36.308Z
DEMO-DEV-7306,105,2022-10-11T06:31:51.161Z,2026-09-19T14:42:21.884Z
DEMO-DEV-7326,105,2022-10-02T10:24:02.485Z,2026-08-27T18:11:23.607Z
DEMO-DEV-7370,105,2022-10-05T22:33:01.205Z,2026-09-27T19:41:58.023Z
DEMO-DEV-7386,105,2022-10-03T08:33:59.462Z,2026-08-17T19:40:21.584Z
DEMO-DEV-7403,105,2022-10-15T00:32:05.841Z,2026-07-30T07:05:30.605Z
DEMO-DEV-7434,105,2022-10-21T00:05:06.291Z,2026-09-29T07:49:44.870Z
DEMO-DEV-7435,105,2022-10-08T22:21:23.045Z,2026-09-27T04:45:14.597Z
DEMO-DEV-7448,105,2022-10-11T07:16:28.877Z,2026-09-29T18:39:38.714Z
DEMO-DEV-7449,105,2022-11-12T18:26:13.965Z,2026-08-28T11:25:05.391Z
DEMO-DEV-7468,105,2022-11-02T09:59:54.172Z,2026-09-25T16:57:40.785Z
DEMO-DEV-7489,105,2022-10-17T22:40:43.203Z,2026-09-05T13:26:04.415Z
DEMO-DEV-7502,105,2022-10-09T04:39:56.799Z,2026-09-18T07:09:55.120Z
DEMO-DEV-7577,105,2022-10-07T13:25:33.682Z,2026-09-28T15:48:53.929Z
DEMO-DEV-7603,105,2022-10-14T22:08:46.298Z,2026-09-12T20:54:43.692Z
DEMO-DEV-7607,105,2022-10-02T22:54:28.138Z,2026-09-21T14:40:31.607Z
DEMO-DEV-7609,105,2022-10-13T22:32:59.315Z,2026-09-17T14:28:37.138Z
DEMO-DEV-7614,105,2022-10-06T22:40:49.811Z,2026-09-14T03:42:19.172Z
DEMO-DEV-7641,105,2022-10-02T07:36:41.992Z,2026-08-28T07:54:00.738Z
DEMO-DEV-7666,105,2022-10-04T18:00:45.803Z,2026-09-27T20:07:40.139Z
DEMO-DEV-7714,105,2022-10-11T23:38:15.287Z,2026-08-25T17:47:40.352Z
DEMO-DEV-7781,105,2022-10-06T00:36:48.004Z,2026-09-27T11:19:39.782Z
DEMO-DEV-7811,105,2022-11-02T01:46:33.786Z,2026-08-11T07:40:26.968Z
DEMO-DEV-7817,105,2022-10-02T22:28:24.236Z,2026-09-29T15:10:07.466Z
DEMO-DEV-7827,105,2022-10-09T03:06:57.846Z,2026-09-17T08:24:47.817Z
DEMO-DEV-7835,105,2022-10-01T19:27:10.503Z,2026-09-20T05:13:51.221Z
DEMO-DEV-7881,105,2022-10-13T03:45:27.987Z,2026-08-21T00:18:50.073Z
DEMO-DEV-7904,105,2022-10-05T16:27:31.139Z,2026-09-28T02:05:27.123Z
DEMO-DEV-7908,105,2022-10-19T01:22:20.442Z,2026-09-12T21:36:21.505Z
DEMO-DEV-7933,105,2022-10-02T09:12:40.190Z,2026-09-20T06:48:58.211Z
DEMO-DEV-7948,105,2022-10-05T02:49:23.892Z,2026-09-03T09:37:07.003Z
DEMO-DEV-7966,105,2022-10-06T14:11:48.493Z,2026-09-16T03:38:57.545Z
DEMO-DEV-7981,105,2022-10-25T22:21:59.161Z,2026-09-06T02:06:53.557Z
DEMO-DEV-8009,105,2022-10-04T17:16:18.264Z,2026-09-24T23:32:51.403Z
DEMO-DEV-8016,105,2022-10-06T23:53:42.851Z,2026-09-10T19:16:30.557Z
DEMO-DEV-8044,105,2022-10-02T15:07:27.765Z,2026-09-19T04:52:54.778Z
DEMO-DEV-8091,105,2022-10-11T12:22:14.884Z,2026-09-24T23:59:11.087Z
DEMO-DEV-8099,105,2022-10-11T17:33:01.428Z,2026-09-07T09:39:18.045Z
DEMO-DEV-8169,105,2022-10-21T06:26:48.155Z,2026-09-17T15:35:35.402Z
DEMO-DEV-8183,105,2022-10-10T17:41:53.816Z,2026-09-22T14:26:24.568Z
DEMO-DEV-8397,105,2022-10-19T14:59:52.846Z,2026-09-28T13:21:38.786Z
DEMO-DEV-8411,105,2022-10-12T03:34:06.614Z,2026-09-24T07:28:57.168Z
DEMO-DEV-8433,105,2022-10-09T09:29:38.948Z,2026-09-12T11:54:03.692Z
DEMO-DEV-8445,105,2022-10-02T14:26:36.873Z,2026-09-25T11:14:57.505Z
DEMO-DEV-8502,105,2022-10-01T11:07:58.778Z,2026-09-17T10:08:28.578Z
DEMO-DEV-8510,105,2022-10-14T22:34:19.892Z,2026-09-23T17:11:20.402Z
DEMO-DEV-8522,105,2022-10-07T15:16:11.885Z,2026-09-25T13:21:34.870Z
DEMO-DEV-8580,105,2022-10-11T21:27:25.319Z,2026-09-25T16:41:59.778Z
DEMO-DEV-8591,105,2022-10-05T01:28:46.204Z,2026-09-23T08:22:11.015Z
DEMO-DEV-8599,105,2022-10-05T06:38:03.370Z,2026-09-05T23:22:45.015Z
DEMO-DEV-8600,105,2022-10-04T23:41:33.172Z,2026-09-15T03:37:53.123Z
DEMO-DEV-8603,105,2022-10-05T18:57:47.442Z,2026-09-23T05:17:57.989Z
DEMO-DEV-8605,105,2022-10-17T02:45:22.914Z,2026-09-23T08:57:41.203Z
DEMO-DEV-8613,105,2022-10-03T04:41:37.161Z,2026-09-23T13:30:27.003Z
DEMO-DEV-8624,105,2022-12-23T19:25:29.211Z,2026-09-24T14:14:52.090Z
DEMO-DEV-8628,105,2022-11-02T20:19:44.968Z,2026-09-29T19:42:32.087Z
DEMO-DEV-8684,105,2022-11-10T18:38:03.966Z,2026-09-29T01:48:24.150Z
DEMO-DEV-8742,105,2022-10-03T12:11:59.948Z,2026-09-26T21:09:33.710Z
DEMO-DEV-8824,105,2022-11-08T18:04:41.390Z,2026-09-29T21:14:17.870Z
DEMO-DEV-8902,105,2022-10-08T11:49:48.752Z,2026-09-26T13:07:39.239Z
DEMO-DEV-8903,105,2022-10-18T12:35:51.692Z,2026-09-16T07:06:59.974Z
DEMO-DEV-8911,105,2022-10-25T03:29:06.692Z,2026-09-15T22:51:34.738Z
DEMO-DEV-8935,105,2022-10-10T09:25:20.308Z,2026-09-27T14:00:31.462Z
DEMO-DEV-8984,105,2022-11-29T00:49:12.537Z,2026-09-27T17:07:16.021Z
DEMO-DEV-8995,105,2022-10-03T02:00:13.513Z,2026-09-25T10:13:51.817Z
DEMO-DEV-9016,105,2022-10-03T17:33:03.537Z,2026-08-13T12:52:13.442Z
DEMO-DEV-9047,105,2022-10-04T13:34:08.230Z,2026-09-05T21:37:31.428Z
DEMO-DEV-9048,105,2022-10-04T22:32:08.836Z,2026-09-29T16:51:08.607Z
DEMO-DEV-9072,105,2022-10-10T06:24:07.692Z,2026-08-27T03:56:48.926Z
DEMO-DEV-9111,105,2022-11-06T14:47:45.150Z,2026-09-23T04:01:00.618Z
DEMO-DEV-9118,105,2022-10-03T17:40:38.222Z,2026-09-27T02:19:44.155Z
DEMO-DEV-9145,105,2022-10-03T20:13:32.976Z,2026-09-15T18:42:51.319Z
DEMO-DEV-9177,105,2022-10-02T07:06:18.929Z,2026-09-16T21:32:27.470Z
DEMO-DEV-9180,105,2022-10-07T11:57:47.391Z,2026-09-27T01:26:43.123Z
DEMO-DEV-9272,105,2022-10-06T06:15:16.612Z,2026-09-02T14:51:52.523Z
DEMO-DEV-9289,105,2022-10-11T08:14:51.993Z,2026-08-08T19:26:51.868Z
DEMO-DEV-9292,105,2022-10-02T00:06:44.038Z,2026-09-26T13:01:48.948Z
DEMO-DEV-9335,105,2022-10-18T07:38:51.646Z,2026-09-14T13:27:13.038Z
DEMO-DEV-9407,105,2022-10-02T17:49:36.370Z,2026-09-25T11:50:50.172Z
DEMO-DEV-9413,105,2022-10-10T19:12:39.636Z,2026-09-21T21:49:01.167Z
DEMO-DEV-9431,105,2022-10-02T02:05:51.692Z,2026-09-27T03:22:08.250Z
DEMO-DEV-9445,105,2022-10-21T16:39:25.727Z,2026-09-24T14:43:34.472Z
DEMO-DEV-9473,105,2022-10-02T19:45:17.612Z,2026-09-17T01:20:43.653Z
DEMO-DEV-9501,105,2022-10-02T09:43:53.519Z,2026-09-14T03:13:51.646Z
DEMO-DEV-9520,105,2022-10-02T08:48:49.037Z,2026-09-08T16:06:17.915Z
DEMO-DEV-9529,105,2022-10-07T18:14:42.913Z,2026-09-30T05:58:15.090Z
DEMO-DEV-9534,105,2022-11-11T02:20:48.851Z,2026-07-13T18:09:47.806Z
DEMO-DEV-9540,105,2022-10-18T21:10:53.597Z,2026-09-22T09:14:17.298Z
DEMO-DEV-9554,105,2022-10-08T00:41:00.370Z,2026-09-21T10:36:23.646Z
DEMO-DEV-9639,105,2022-10-15T01:49:41.786Z,2026-08-18T05:05:39.208Z
DEMO-DEV-9647,105,2022-11-08T14:23:11.428Z,2026-09-20T14:15:47.851Z
DEMO-DEV-9664,105,2022-10-20T01:25:39.192Z,2026-09-28T03:13:14.692Z
DEMO-DEV-9690,105,2022-10-10T16:38:18.754Z,2026-09-18T14:50:19.218Z
DEMO-DEV-9746,105,2022-10-06T11:16:51.714Z,2026-09-02T19:12:27.045Z
DEMO-DEV-9772,105,2022-10-04T00:55:10.370Z,2026-09-21T13:00:16.246Z
DEMO-DEV-9774,105,2022-10-05T03:17:47.288Z,2026-09-29T03:25:54.183Z
DEMO-DEV-9779,105,2022-10-11T02:14:07.607Z,2026-09-28T05:55:10.189Z
DEMO-DEV-9785,105,2022-11-23T00:30:47.863Z,2026-09-29T22:18:09.519Z
DEMO-DEV-9864,105,2022-10-02T15:22:34.390Z,2026-08-24T06:51:08.658Z
DEMO-DEV-9885,105,2022-10-18T14:49:55.446Z,2026-09-28T04:47:18.975Z
DEMO-DEV-9938,105,2022-10-10T05:49:08.913Z,2026-09-26T21:46:17.139Z
DEMO-DEV-9967,105,2022-10-17T06:02:45.302Z,2026-09-21T20:16:07.599Z
DEMO-DEV-0012,104,2022-10-03T03:37:28.319Z,2026-08-30T05:40:19.765Z
DEMO-DEV-0046,104,2022-10-11T01:21:03.325Z,2026-09-28T13:49:50.192Z
DEMO-DEV-0056,104,2022-11-16T19:08:38.646Z,2026-08-17T17:42:48.661Z
DEMO-DEV-0094,104,2022-10-16T07:48:09.246Z,2026-08-22T18:21:16.015Z
DEMO-DEV-0118,104,2022-10-01T08:51:53.272Z,2026-09-20T21:35:42.077Z
DEMO-DEV-0143,104,2022-10-15T20:29:06.793Z,2026-09-01T14:12:39.719Z
DEMO-DEV-0216,104,2022-11-05T15:08:30.123Z,2026-09-21T00:22:20.218Z
DEMO-DEV-0245,104,2022-10-09T19:09:39.254Z,2026-09-29T21:30:31.357Z
DEMO-DEV-0313,104,2022-10-11T09:52:00.836Z,2026-09-02T13:03:59.239Z
DEMO-DEV-0322,104,2022-10-25T09:08:15.824Z,2026-09-10T15:54:21.992Z
DEMO-DEV-0329,104,2022-10-02T09:48:45.040Z,2026-09-18T18:29:22.204Z
DEMO-DEV-0338,104,2022-10-09T16:21:59.289Z,2026-09-30T02:13:10.524Z
DEMO-DEV-0368,104,2022-10-09T17:49:41.519Z,2026-09-28T19:13:56.612Z
DEMO-DEV-0400,104,2022-10-02T12:45:42.172Z,2026-09-22T03:37:18.123Z
DEMO-DEV-0416,104,2022-10-10T01:18:04.793Z,2026-09-15T22:16:07.264Z
DEMO-DEV-0470,104,2022-10-05T08:43:49.272Z,2026-09-17T19:17:58.784Z
DEMO-DEV-0564,104,2022-10-29T06:53:37.308Z,2026-08-16T20:18:15.636Z
DEMO-DEV-0600,104,2022-10-19T21:02:21.968Z,2026-09-27T12:40:35.415Z
DEMO-DEV-0611,104,2022-10-14T00:20:59.974Z,2026-09-24T19:36:34.682Z
DEMO-DEV-0650,104,2022-10-16T14:09:08.466Z,2026-09-25T00:00:08.859Z
DEMO-DEV-0660,104,2022-10-31T08:50:47.004Z,2026-09-12T21:37:26.272Z
DEMO-DEV-0705,104,2022-10-09T15:11:26.612Z,2026-09-16T02:07:13.462Z
DEMO-DEV-0713,104,2022-10-15T09:25:33.319Z,2026-09-24T16:43:17.021Z
DEMO-DEV-0750,104,2022-10-03T05:34:20.816Z,2026-08-15T03:10:19.950Z
DEMO-DEV-0753,104,2022-10-22T02:00:11.597Z,2026-09-15T06:33:13.345Z
DEMO-DEV-0754,104,2022-10-04T00:46:09.511Z,2026-09-02T19:58:29.315Z
DEMO-DEV-0761,104,2022-10-07T00:24:19.037Z,2026-09-24T09:33:35.302Z
DEMO-DEV-0769,104,2022-10-08T02:35:45.765Z,2026-09-21T23:43:48.816Z
DEMO-DEV-0784,104,2022-10-02T07:45:06.524Z,2026-09-11T04:48:09.891Z
DEMO-DEV-0914,104,2022-10-28T11:07:39.236Z,2026-09-28T13:21:48.859Z
DEMO-DEV-0982,104,2022-11-20T01:54:26.578Z,2026-09-23T20:13:33.183Z
DEMO-DEV-0998,104,2022-10-05T03:58:08.004Z,2026-09-22T16:40:31.068Z
DEMO-DEV-1014,104,2022-10-13T15:40:03.614Z,2026-09-03T08:39:00.075Z
DEMO-DEV-1067,104,2022-10-09T17:28:15.150Z,2026-09-22T14:53:10.234Z
DEMO-DEV-1072,104,2022-11-04T01:38:00.075Z,2026-09-05T06:11:23.222Z
DEMO-DEV-1117,104,2022-10-21T04:15:14.014Z,2026-08-14T15:21:50.497Z
DEMO-DEV-1175,104,2022-11-19T05:16:46.134Z,2026-09-28T03:56:03.646Z
DEMO-DEV-1181,104,2022-10-18T03:49:35.442Z,2026-07-22T22:03:09.460Z
DEMO-DEV-1251,104,2022-10-11T07:10:20.884Z,2026-08-26T14:24:45.068Z
DEMO-DEV-1296,104,2022-10-13T02:11:25.218Z,2026-09-09T04:19:46.428Z
DEMO-DEV-1436,104,2022-10-19T22:04:38.985Z,2026-09-25T12:50:27.879Z
DEMO-DEV-1481,104,2022-10-11T20:54:55.824Z,2026-09-26T06:49:37.993Z
DEMO-DEV-1586,104,2022-10-03T06:36:15.989Z,2026-09-17T10:54:43.842Z
DEMO-DEV-1588,104,2022-11-15T15:37:00.219Z,2026-08-30T22:19:31.666Z
DEMO-DEV-1667,104,2022-10-10T16:32:28.605Z,2026-09-13T17:01:42.325Z
DEMO-DEV-1695,104,2022-10-11T06:20:58.913Z,2026-09-21T23:01:53.365Z
DEMO-DEV-1699,104,2022-10-03T05:18:56.614Z,2026-09-28T23:22:57.646Z
DEMO-DEV-1709,104,2022-10-02T20:29:28.161Z,2026-09-18T18:00:18.877Z
DEMO-DEV-1724,104,2022-10-03T15:48:58.867Z,2026-09-23T06:53:16.460Z
DEMO-DEV-1755,104,2022-10-13T02:08:55.653Z,2026-08-23T20:35:36.859Z
DEMO-DEV-1792,104,2022-11-01T15:17:02.239Z,2026-09-22T21:08:06.307Z
DEMO-DEV-1804,104,2022-11-02T11:04:36.682Z,2026-09-23T08:10:25.038Z
DEMO-DEV-1841,104,2022-10-11T02:39:51.120Z,2026-09-19T12:56:29.428Z
DEMO-DEV-1854,104,2022-10-03T20:33:59.666Z,2026-08-27T05:54:41.040Z
DEMO-DEV-1896,104,2022-10-08T02:04:06.578Z,2026-09-30T05:00:51.253Z
DEMO-DEV-1898,104,2022-10-02T16:19:32.226Z,2026-09-29T15:19:09.409Z
DEMO-DEV-1922,104,2022-10-03T13:03:27.863Z,2026-09-10T18:06:15.268Z
DEMO-DEV-1964,104,2022-10-10T01:16:23.799Z,2026-09-25T00:47:21.354Z
DEMO-DEV-2057,104,2022-10-09T23:38:40.120Z,2026-09-27T04:50:29.870Z
DEMO-DEV-2147,104,2022-10-01T11:27:33.455Z,2026-09-26T12:45:40.455Z
DEMO-DEV-2200,104,2022-11-07T20:08:18.524Z,2026-09-25T20:58:11.799Z
DEMO-DEV-2214,104,2022-10-05T17:02:32.765Z,2026-09-22T01:52:21.394Z
DEMO-DEV-2245,104,2022-10-05T14:06:09.236Z,2026-08-09T07:09:00.308Z
DEMO-DEV-2253,104,2022-10-01T16:57:12.300Z,2026-09-27T11:25:58.702Z
DEMO-DEV-2299,104,2022-11-01T09:31:22.291Z,2026-08-30T07:46:01.851Z
DEMO-DEV-2327,104,2022-10-11T00:38:18.460Z,2026-09-19T05:59:56.929Z
DEMO-DEV-2343,104,2022-10-13T02:07:26.702Z,2026-09-19T09:51:05.236Z
DEMO-DEV-2345,104,2022-10-01T12:29:10.597Z,2026-09-22T07:01:54.841Z
DEMO-DEV-2350,104,2022-10-12T15:06:12.948Z,2026-09-26T15:09:53.843Z
DEMO-DEV-2443,104,2022-10-21T00:18:32.785Z,2026-09-21T18:49:26.138Z
DEMO-DEV-2475,104,2022-10-18T22:18:14.443Z,2026-09-27T04:19:54.218Z
DEMO-DEV-2507,104,2022-10-06T02:21:26.325Z,2026-09-27T13:41:34.682Z
DEMO-DEV-2576,104,2022-10-05T19:26:23.298Z,2026-09-15T15:41:22.719Z
DEMO-DEV-2669,104,2022-10-05T09:02:12.719Z,2026-09-27T10:28:44.222Z
DEMO-DEV-2712,104,2022-10-05T09:58:46.873Z,2026-09-11T03:22:49.508Z
DEMO-DEV-2747,104,2022-10-11T18:16:19.073Z,2026-08-19T14:14:23.523Z
DEMO-DEV-2818,104,2022-10-22T16:58:02.040Z,2026-09-29T07:08:34.090Z
DEMO-DEV-2835,104,2022-11-03T02:41:17.513Z,2026-09-28T09:02:44.842Z
DEMO-DEV-2923,104,2022-10-09T13:20:57.238Z,2026-09-30T01:06:05.387Z
DEMO-DEV-2953,104,2022-10-12T10:39:37.211Z,2026-09-19T08:11:37.218Z
DEMO-DEV-3074,104,2022-10-12T11:54:17.264Z,2026-09-29T19:37:38.352Z
DEMO-DEV-3089,104,2022-10-01T16:27:07.841Z,2026-09-09T04:25:27.584Z
DEMO-DEV-3109,104,2022-10-07T09:38:52.799Z,2026-09-28T04:46:30.929Z
DEMO-DEV-3121,104,2022-10-04T23:19:34.605Z,2026-09-10T14:27:06.230Z
DEMO-DEV-3136,104,2022-10-27T02:58:20.003Z,2026-09-22T21:55:48.989Z
DEMO-DEV-3155,104,2022-10-07T21:30:00.087Z,2026-08-26T20:07:14.308Z
DEMO-DEV-3158,104,2022-10-02T14:18:29.167Z,2026-09-22T08:50:25.232Z
DEMO-DEV-3169,104,2022-10-16T04:27:33.300Z,2026-09-14T04:20:36.870Z
DEMO-DEV-3274,104,2022-10-04T12:54:39.702Z,2026-09-28T06:19:19.505Z
DEMO-DEV-3278,104,2022-10-17T14:35:04.253Z,2026-09-15T22:14:08.646Z
DEMO-DEV-3325,104,2022-10-13T04:58:09.817Z,2026-09-15T07:37:00.841Z
DEMO-DEV-3362,104,2022-11-28T17:40:25.366Z,2026-09-05T08:22:32.511Z
DEMO-DEV-3458,104,2022-10-04T13:29:02.027Z,2026-08-31T12:24:44.785Z
DEMO-DEV-3511,104,2022-10-20T05:17:09.682Z,2026-09-21T15:44:35.851Z
DEMO-DEV-3559,104,2022-10-01T17:03:26.234Z,2026-09-18T04:09:50.863Z
DEMO-DEV-3579,104,2022-10-11T20:07:32.658Z,2026-09-22T16:01:00.325Z
DEMO-DEV-3725,104,2022-10-05T13:15:39.974Z,2026-09-25T07:21:41.023Z
DEMO-DEV-3745,104,2022-10-11T20:06:48.288Z,2026-08-19T02:52:44.992Z
DEMO-DEV-3769,104,2022-10-04T22:27:59.403Z,2026-09-20T18:22:25.556Z
DEMO-DEV-3793,104,2022-10-20T05:19:34.045Z,2026-08-22T07:34:52.870Z
DEMO-DEV-3822,104,2022-10-08T02:14:06.646Z,2026-09-15T09:32:58.466Z
DEMO-DEV-3839,104,2022-10-30T18:38:50.172Z,2026-07-31T21:20:09.929Z
DEMO-DEV-3916,104,2022-10-16T00:37:59.885Z,2026-09-23T11:16:09.811Z
DEMO-DEV-3980,104,2022-10-27T10:29:46.817Z,2026-09-20T13:59:29.272Z
DEMO-DEV-4009,104,2022-10-08T23:29:50.222Z,2026-09-14T20:23:38.024Z
DEMO-DEV-4024,104,2023-01-01T03:26:45.409Z,2026-09-27T01:27:10.173Z
DEMO-DEV-4040,104,2022-10-07T23:54:49.584Z,2026-09-05T03:09:03.365Z
DEMO-DEV-4056,104,2022-10-07T03:31:52.505Z,2026-09-25T06:09:41.989Z
DEMO-DEV-4132,104,2022-10-06T10:00:38.368Z,2026-09-21T05:19:04.738Z
DEMO-DEV-4227,104,2022-10-01T20:42:48.966Z,2026-09-18T19:05:21.189Z
DEMO-DEV-4261,104,2022-10-16T13:40:47.225Z,2026-09-16T06:52:24.511Z
DEMO-DEV-4277,104,2022-10-10T22:13:41.537Z,2026-08-29T06:21:32.138Z
DEMO-DEV-4301,104,2022-10-22T22:15:33.287Z,2026-09-16T10:43:21.172Z
DEMO-DEV-4316,104,2022-10-16T14:37:44.782Z,2026-09-29T18:14:41.289Z
DEMO-DEV-4318,104,2022-10-06T06:20:44.232Z,2026-09-18T13:37:16.160Z
DEMO-DEV-4336,104,2022-10-13T20:43:32.612Z,2026-09-16T04:44:32.913Z
DEMO-DEV-4380,104,2022-10-08T19:11:53.989Z,2026-08-21T06:54:32.038Z
DEMO-DEV-4435,104,2022-10-04T22:27:02.752Z,2026-09-22T02:58:02.073Z
DEMO-DEV-4439,104,2022-10-14T15:52:47.352Z,2026-09-28T14:07:27.218Z
DEMO-DEV-4483,104,2022-10-08T22:25:38.864Z,2026-09-28T12:32:11.354Z
DEMO-DEV-4513,104,2022-10-18T05:57:22.975Z,2026-09-13T11:01:03.236Z
DEMO-DEV-4537,104,2022-10-03T18:31:22.319Z,2026-09-15T21:09:03.653Z
DEMO-DEV-4562,104,2022-10-12T07:56:27.150Z,2026-09-28T18:59:00.428Z
DEMO-DEV-4621,104,2022-10-30T04:47:09.161Z,2026-09-22T06:17:13.976Z
DEMO-DEV-4646,104,2022-10-09T17:29:12.090Z,2026-09-24T20:26:29.165Z
DEMO-DEV-4706,104,2022-10-03T08:57:26.415Z,2026-08-21T23:36:52.868Z
DEMO-DEV-4711,104,2022-10-27T18:46:46.365Z,2026-09-20T00:30:56.658Z
DEMO-DEV-4766,104,2022-12-03T22:41:49.817Z,2026-09-26T03:40:57.264Z
DEMO-DEV-4786,104,2022-11-20T10:11:48.584Z,2026-09-12T10:06:47.612Z
DEMO-DEV-4803,104,2022-12-02T20:08:39.915Z,2026-09-14T14:13:59.075Z
DEMO-DEV-4855,104,2022-11-06T03:36:15.390Z,2026-09-26T10:29:23.409Z
DEMO-DEV-4916,104,2022-10-01T11:32:56.319Z,2026-09-26T17:39:18.786Z
DEMO-DEV-4919,104,2022-12-31T18:21:52.785Z,2026-09-27T09:06:58.612Z
DEMO-DEV-4946,104,2022-10-25T03:06:36.203Z,2026-09-28T09:11:25.682Z
DEMO-DEV-4991,104,2022-10-11T05:37:23.885Z,2026-09-22T15:57:14.252Z
DEMO-DEV-5092,104,2022-10-02T21:53:04.842Z,2026-09-06T16:40:59.027Z
DEMO-DEV-5107,104,2022-10-02T04:24:56.778Z,2026-09-22T21:38:57.545Z
DEMO-DEV-5120,104,2022-10-09T00:17:46.080Z,2026-08-30T16:07:13.403Z
DEMO-DEV-5147,104,2022-10-10T10:59:07.555Z,2026-09-21T00:29:12.735Z
DEMO-DEV-5188,104,2022-10-29T20:38:28.354Z,2026-08-24T22:10:23.134Z
DEMO-DEV-5201,104,2022-10-02T15:15:40.735Z,2026-09-28T18:32:39.985Z
DEMO-DEV-5207,104,2022-11-01T06:49:05.825Z,2026-09-25T13:38:14.864Z
DEMO-DEV-5291,104,2022-10-16T13:52:54.950Z,2026-09-24T05:02:40.754Z
DEMO-DEV-5299,104,2022-10-08T16:25:29.859Z,2026-09-24T07:54:19.535Z
DEMO-DEV-5365,104,2022-10-22T03:42:21.497Z,2026-09-26T14:32:30.727Z
DEMO-DEV-5376,104,2022-10-20T13:09:14.648Z,2026-09-28T00:28:45.254Z
DEMO-DEV-5422,104,2022-10-21T18:06:37.836Z,2026-09-20T17:46:21.568Z
DEMO-DEV-5469,104,2022-10-16T18:13:40.511Z,2026-09-27T03:07:57.929Z
DEMO-DEV-5498,104,2022-10-15T10:28:39.612Z,2026-09-19T04:18:21.870Z
DEMO-DEV-5548,104,2022-11-14T11:52:15.799Z,2026-09-05T20:37:15.987Z
DEMO-DEV-5575,104,2022-10-05T14:28:41.859Z,2026-09-22T03:43:20.682Z
DEMO-DEV-5639,104,2022-11-06T08:54:53.975Z,2026-08-22T22:25:06.537Z
DEMO-DEV-5714,104,2022-10-17T18:38:40.232Z,2026-09-17T22:14:17.839Z
DEMO-DEV-5727,104,2022-10-14T00:36:28.851Z,2026-09-26T04:44:14.824Z
DEMO-DEV-5748,104,2022-10-10T22:06:37.370Z,2026-09-21T11:33:04.138Z
DEMO-DEV-5834,104,2022-12-05T14:53:15.782Z,2026-09-16T05:50:30.173Z
DEMO-DEV-5873,104,2022-10-01T13:32:08.639Z,2026-09-26T18:17:27.366Z
DEMO-DEV-5919,104,2022-10-06T16:29:16.264Z,2026-09-23T07:21:20.357Z
DEMO-DEV-5954,104,2022-10-02T18:12:12.211Z,2026-09-27T01:05:00.315Z
DEMO-DEV-5962,104,2022-10-08T01:06:43.843Z,2026-09-25T18:15:04.254Z
DEMO-DEV-6009,104,2022-10-08T10:43:02.365Z,2026-09-19T11:48:48.511Z
DEMO-DEV-6010,104,2022-10-25T16:25:11.073Z,2026-08-21T16:15:50.120Z
DEMO-DEV-6127,104,2022-10-05T21:49:24.462Z,2026-09-08T22:03:44.352Z
DEMO-DEV-6143,104,2022-10-02T02:14:55.123Z,2026-09-16T00:08:03.319Z
DEMO-DEV-6174,104,2022-10-05T11:13:48.786Z,2026-09-11T12:50:24.014Z
DEMO-DEV-6193,104,2022-11-12T18:06:16.224Z,2026-09-27T19:19:10.368Z
DEMO-DEV-6278,104,2022-10-11T08:31:07.315Z,2026-09-18T23:51:23.221Z
DEMO-DEV-6305,104,2022-10-03T00:24:57.155Z,2026-09-22T10:34:02.607Z
DEMO-DEV-6326,104,2022-10-03T01:18:03.120Z,2026-09-29T20:48:03.004Z
DEMO-DEV-6407,104,2022-10-03T06:56:39.027Z,2026-09-17T11:50:52.390Z
DEMO-DEV-6448,104,2022-10-17T12:25:16.668Z,2026-09-18T01:59:16.591Z
DEMO-DEV-6522,104,2022-10-08T23:19:50.614Z,2026-09-27T22:30:16.390Z
DEMO-DEV-6553,104,2022-10-02T04:32:44.442Z,2026-09-18T19:50:06.892Z
DEMO-DEV-6570,104,2022-11-20T06:21:39.155Z,2026-09-28T03:35:23.556Z
DEMO-DEV-6595,104,2022-10-01T22:05:03.455Z,2026-09-16T03:27:06.462Z
DEMO-DEV-6599,104,2022-10-11T17:42:48.891Z,2026-09-08T19:59:15.397Z
DEMO-DEV-6600,104,2022-10-24T21:31:19.272Z,2026-09-15T15:33:03.816Z
DEMO-DEV-6695,104,2022-10-21T16:04:21.026Z,2026-09-27T22:13:31.676Z
DEMO-DEV-6714,104,2022-10-10T11:28:15.867Z,2026-09-13T04:46:12.139Z
DEMO-DEV-6741,104,2022-10-12T02:46:41.584Z,2026-09-15T11:40:55.976Z
DEMO-DEV-6755,104,2022-10-07T02:22:28.040Z,2026-09-14T04:51:28.204Z
DEMO-DEV-6783,104,2022-10-14T23:22:16.702Z,2026-08-19T11:02:43.926Z
DEMO-DEV-6792,104,2022-10-01T22:08:24.225Z,2026-09-23T07:07:24.239Z
DEMO-DEV-6821,104,2022-10-26T13:18:31.785Z,2026-09-30T00:27:23.658Z
DEMO-DEV-6843,104,2022-10-16T15:48:48.120Z,2026-09-18T02:43:00.161Z
DEMO-DEV-6854,104,2022-10-25T11:50:51.246Z,2026-09-11T22:27:20.738Z
DEMO-DEV-6861,104,2022-10-03T18:54:01.591Z,2026-09-04T22:03:25.974Z
DEMO-DEV-6877,104,2022-10-23T22:02:29.307Z,2026-08-11T08:58:30.738Z
DEMO-DEV-6904,104,2022-10-04T09:30:50.354Z,2026-09-29T08:02:13.370Z
DEMO-DEV-6972,104,2022-10-21T18:53:05.817Z,2026-09-01T06:55:33.578Z
DEMO-DEV-6985,104,2022-10-26T18:04:55.365Z,2026-09-27T06:45:23.446Z
DEMO-DEV-7016,104,2022-10-22T17:22:56.682Z,2026-09-22T01:01:21.508Z
DEMO-DEV-7019,104,2022-10-17T15:08:34.368Z,2026-09-17T06:48:55.219Z
DEMO-DEV-7030,104,2022-10-11T00:57:29.568Z,2026-09-25T20:54:48.778Z
DEMO-DEV-7067,104,2022-10-04T18:42:23.354Z,2026-09-16T18:20:06.524Z
DEMO-DEV-7088,104,2022-11-03T22:28:19.368Z,2026-09-23T06:18:27.428Z
DEMO-DEV-7096,104,2022-10-02T05:17:33.068Z,2026-08-06T05:05:57.204Z
DEMO-DEV-7113,104,2022-10-25T15:00:32.015Z,2026-09-28T10:54:11.168Z
DEMO-DEV-7185,104,2022-10-23T01:45:11.793Z,2026-09-10T22:07:13.607Z
DEMO-DEV-7215,104,2022-10-13T01:11:57.926Z,2026-09-26T10:52:34.120Z
DEMO-DEV-7218,104,2022-10-26T14:26:55.021Z,2026-09-09T17:08:54.268Z
DEMO-DEV-7219,104,2022-10-17T14:43:20.230Z,2026-09-20T23:07:36.799Z
DEMO-DEV-7221,104,2022-10-07T11:29:37.387Z,2026-09-27T19:53:51.545Z
DEMO-DEV-7227,104,2022-10-12T14:32:54.892Z,2026-09-15T21:55:17.969Z
DEMO-DEV-7246,104,2022-11-04T16:15:13.063Z,2026-09-26T16:07:29.168Z
DEMO-DEV-7254,104,2022-10-11T06:29:30.969Z,2026-09-26T22:09:05.173Z
DEMO-DEV-7290,104,2022-10-10T23:03:53.648Z,2026-08-26T22:54:31.077Z
DEMO-DEV-7302,104,2022-10-02T22:58:40.325Z,2026-09-29T18:56:43.765Z
DEMO-DEV-7374,104,2022-10-14T09:44:05.524Z,2026-09-29T23:37:22.428Z
DEMO-DEV-7457,104,2022-10-07T17:30:47.668Z,2026-09-17T02:17:48.929Z
DEMO-DEV-7484,104,2022-10-10T23:02:19.513Z,2026-09-28T22:10:55.851Z
DEMO-DEV-7486,104,2022-10-31T08:08:49.811Z,2026-09-27T06:37:53.865Z
DEMO-DEV-7497,104,2022-10-06T10:23:13.268Z,2026-09-21T19:28:04.222Z
DEMO-DEV-7511,104,2022-10-10T19:46:07.863Z,2026-09-21T13:31:37.917Z
DEMO-DEV-7605,104,2022-10-18T04:59:39.234Z,2026-09-28T22:22:32.993Z
DEMO-DEV-7713,104,2022-10-25T05:26:23.077Z,2026-09-19T22:38:53.183Z
DEMO-DEV-7715,104,2022-10-02T15:31:26.300Z,2026-08-13T10:56:45.120Z
DEMO-DEV-7763,104,2022-10-01T21:37:14.289Z,2026-09-13T05:31:48.503Z
DEMO-DEV-7773,104,2022-10-08T10:20:23.870Z,2026-09-26T12:39:52.134Z
DEMO-DEV-7788,104,2022-10-16T22:23:56.688Z,2026-09-23T23:05:04.370Z
DEMO-DEV-7837,104,2022-10-12T07:16:11.555Z,2026-09-26T15:13:48.120Z
DEMO-DEV-7917,104,2022-10-21T15:08:01.192Z,2026-08-29T04:51:07.864Z
DEMO-DEV-7924,104,2022-10-14T15:31:52.063Z,2026-09-11T04:31:43.568Z
DEMO-DEV-7938,104,2022-10-15T12:29:10.370Z,2026-09-25T04:49:30.948Z
DEMO-DEV-7974,104,2022-10-04T13:05:17.524Z,2026-09-11T18:52:58.702Z
DEMO-DEV-8020,104,2022-10-18T11:36:03.968Z,2026-08-26T18:55:07.134Z
DEMO-DEV-8028,104,2022-10-05T13:18:17.513Z,2026-09-19T10:01:09.211Z
DEMO-DEV-8048,104,2022-10-05T11:44:50.222Z,2026-09-18T20:18:03.203Z
DEMO-DEV-8054,104,2022-10-01T12:17:04.370Z,2026-08-25T08:57:20.357Z
DEMO-DEV-8106,104,2022-10-01T20:17:37.021Z,2026-09-29T15:47:24.080Z
DEMO-DEV-8163,104,2022-10-22T00:37:50.523Z,2026-08-25T13:28:14.218Z
DEMO-DEV-8164,104,2022-10-08T20:53:43.460Z,2026-05-18T12:44:42.816Z
DEMO-DEV-8206,104,2022-10-14T15:33:56.556Z,2026-09-20T20:40:13.211Z
DEMO-DEV-8237,104,2022-10-10T06:41:47.948Z,2026-09-29T23:08:46.653Z
DEMO-DEV-8247,104,2022-10-04T00:23:29.368Z,2026-09-02T06:11:09.892Z
DEMO-DEV-8267,104,2022-10-21T02:53:25.842Z,2026-09-19T09:39:11.037Z
DEMO-DEV-8273,104,2022-10-21T04:45:13.183Z,2026-09-17T04:51:28.370Z
DEMO-DEV-8318,104,2022-10-12T21:54:44.134Z,2026-08-19T15:16:02.863Z
DEMO-DEV-8337,104,2022-10-11T16:00:24.203Z,2026-09-11T16:43:39.446Z
DEMO-DEV-8346,104,2022-10-03T13:29:51.466Z,2026-08-14T12:11:31.614Z
DEMO-DEV-8350,104,2022-11-04T22:56:39.799Z,2026-09-08T15:13:05.658Z
DEMO-DEV-8358,104,2022-10-18T07:56:01.134Z,2026-09-16T00:58:08.836Z
DEMO-DEV-8407,104,2022-10-12T22:49:59.987Z,2026-08-19T20:17:04.252Z
DEMO-DEV-8454,104,2022-10-07T23:55:18.390Z,2026-09-03T08:25:57.470Z
DEMO-DEV-8504,104,2022-10-06T07:41:22.976Z,2026-09-13T21:03:15.605Z
DEMO-DEV-8508,104,2022-10-03T10:07:35.636Z,2026-09-14T14:46:17.976Z
DEMO-DEV-8523,104,2022-10-17T20:02:34.870Z,2026-09-19T02:34:22.879Z
DEMO-DEV-8542,104,2022-11-27T01:09:17.969Z,2026-09-18T05:32:09.038Z
DEMO-DEV-8602,104,2022-10-06T23:27:10.968Z,2026-09-01T02:48:56.027Z
DEMO-DEV-8606,104,2022-10-13T05:16:52.949Z,2026-09-29T09:49:46.415Z
DEMO-DEV-8693,104,2022-10-08T16:10:44.040Z,2026-09-18T12:06:51.120Z
DEMO-DEV-8705,104,2022-10-15T05:40:32.926Z,2026-09-29T08:53:39.325Z
DEMO-DEV-8728,104,2022-10-02T18:44:16.472Z,2026-09-29T14:07:12.040Z
DEMO-DEV-8761,104,2022-10-10T15:13:41.040Z,2026-09-17T05:19:04.661Z
DEMO-DEV-8766,104,2022-10-11T07:16:33.120Z,2026-09-26T07:16:03.666Z
DEMO-DEV-8771,104,2022-10-17T10:38:58.232Z,2026-09-22T18:23:01.975Z
DEMO-DEV-8772,104,2022-10-05T13:07:58.865Z,2026-08-29T14:04:48.134Z
DEMO-DEV-8838,104,2022-10-08T05:00:51.591Z,2026-09-23T07:05:55.839Z
DEMO-DEV-8858,104,2022-10-08T04:43:11.793Z,2026-09-29T18:51:10.885Z
DEMO-DEV-8889,104,2022-10-03T06:48:05.057Z,2026-09-23T04:27:32.345Z
DEMO-DEV-8897,104,2022-10-07T20:45:17.508Z,2026-09-28T09:39:13.291Z
DEMO-DEV-8968,104,2022-10-07T05:59:56.466Z,2026-09-28T19:40:09.513Z
DEMO-DEV-8991,104,2022-10-13T16:06:43.319Z,2026-09-29T19:43:40.428Z
DEMO-DEV-9022,104,2022-10-01T12:04:19.466Z,2026-09-20T12:15:48.537Z
DEMO-DEV-9054,104,2022-10-08T23:55:53.968Z,2026-09-20T16:00:21.817Z
DEMO-DEV-9116,104,2022-10-23T19:01:17.023Z,2026-09-29T07:41:10.754Z
DEMO-DEV-9257,104,2022-11-26T03:52:19.803Z,2026-09-05T14:57:57.795Z
DEMO-DEV-9316,104,2022-10-09T23:56:13.915Z,2026-09-29T02:10:20.929Z
DEMO-DEV-9382,104,2022-10-10T21:39:51.139Z,2026-09-29T02:09:22.446Z
DEMO-DEV-9455,104,2022-11-03T17:54:59.370Z,2026-08-30T06:30:09.387Z
DEMO-DEV-9557,104,2022-10-09T09:11:08.926Z,2026-09-06T15:20:33.203Z
DEMO-DEV-9620,104,2022-10-24T19:58:55.727Z,2026-09-22T19:29:46.189Z
DEMO-DEV-9659,104,2022-10-22T20:12:25.710Z,2026-09-13T17:24:50.319Z
DEMO-DEV-9677,104,2022-10-11T20:38:11.537Z,2026-09-24T07:58:19.754Z
DEMO-DEV-9733,104,2022-10-16T17:12:30.612Z,2026-09-28T09:09:37.636Z
DEMO-DEV-9766,104,2022-10-21T07:29:37.366Z,2026-09-21T19:30:23.397Z
DEMO-DEV-9789,104,2022-10-01T15:16:10.307Z,2026-09-25T06:47:39.976Z
DEMO-DEV-9806,104,2022-10-14T21:01:14.073Z,2026-09-25T15:52:57.466Z
DEMO-DEV-9832,104,2022-10-03T20:49:13.252Z,2026-09-27T01:54:14.646Z
DEMO-DEV-9854,104,2022-10-11T09:04:51.470Z,2026-09-03T07:06:56.524Z
DEMO-DEV-9906,104,2022-10-24T06:08:52.460Z,2026-08-30T01:42:46.865Z
DEMO-DEV-9908,104,2022-10-28T15:34:13.345Z,2026-06-09T09:13:48.692Z
DEMO-DEV-9964,104,2022-10-24T18:32:59.735Z,2026-09-06T18:13:34.618Z
DEMO-DEV-9969,104,2022-10-15T23:54:25.692Z,2026-09-13T09:29:48.123Z
DEMO-DEV-9970,104,2022-10-08T07:33:42.172Z,2026-09-18T14:50:53.165Z
DEMO-DEV-0013,103,2022-10-14T11:31:19.230Z,2026-09-05T23:54:02.804Z
DEMO-DEV-0099,103,2022-10-17T03:46:58.817Z,2026-09-16T07:52:27.190Z
DEMO-DEV-0128,103,2022-10-29T23:46:33.038Z,2026-09-22T09:28:58.218Z
DEMO-DEV-0177,103,2022-10-31T02:48:52.004Z,2026-09-27T12:57:51.865Z
DEMO-DEV-0234,103,2022-11-08T07:39:53.232Z,2026-09-06T20:03:18.612Z
DEMO-DEV-0317,103,2022-10-09T10:46:31.397Z,2026-09-10T17:00:12.646Z
DEMO-DEV-0333,103,2022-10-31T18:20:54.527Z,2026-09-15T19:39:24.090Z
DEMO-DEV-0380,103,2022-10-02T00:03:10.735Z,2026-09-29T08:35:28.291Z
DEMO-DEV-0407,103,2022-10-21T00:19:23.655Z,2026-08-25T02:02:56.023Z
DEMO-DEV-0481,103,2022-10-26T04:58:08.692Z,2026-09-22T23:29:25.646Z
DEMO-DEV-0491,103,2022-10-07T20:04:42.948Z,2026-09-10T12:39:57.688Z
DEMO-DEV-0541,103,2022-10-21T07:34:19.024Z,2026-08-30T14:13:26.735Z
DEMO-DEV-0550,103,2022-10-07T10:44:52.865Z,2026-09-24T23:28:49.345Z
DEMO-DEV-0574,103,2022-10-15T00:15:02.165Z,2026-09-28T14:04:28.080Z
DEMO-DEV-0607,103,2022-10-01T22:06:22.591Z,2026-09-04T10:29:09.505Z
DEMO-DEV-0663,103,2022-10-13T01:44:56.446Z,2026-09-08T07:55:04.682Z
DEMO-DEV-0751,103,2022-10-22T08:23:08.298Z,2026-09-12T15:15:50.402Z
DEMO-DEV-0800,103,2022-10-20T10:14:17.497Z,2026-09-20T20:50:22.368Z
DEMO-DEV-0836,103,2022-10-13T00:12:52.969Z,2026-08-16T17:58:51.192Z
DEMO-DEV-0843,103,2022-10-31T13:36:15.503Z,2026-09-08T16:30:13.513Z
DEMO-DEV-0957,103,2022-10-23T13:18:56.218Z,2026-09-23T16:58:35.505Z
DEMO-DEV-0973,103,2022-10-03T16:00:04.040Z,2026-09-28T09:54:35.155Z
DEMO-DEV-1048,103,2022-10-01T15:29:20.966Z,2026-09-26T15:08:35.138Z
DEMO-DEV-1192,103,2022-10-21T02:05:27.391Z,2026-09-06T12:26:03.648Z
DEMO-DEV-1212,103,2022-10-08T21:29:04.455Z,2026-09-30T04:25:32.661Z
DEMO-DEV-1300,103,2022-10-06T12:30:58.584Z,2026-09-15T14:04:58.825Z
DEMO-DEV-1333,103,2022-10-08T07:43:25.300Z,2026-08-31T00:33:41.811Z
DEMO-DEV-1405,103,2022-10-08T23:02:01.352Z,2026-09-07T17:03:39.403Z
DEMO-DEV-1419,103,2022-10-21T21:19:23.843Z,2026-08-29T09:44:40.614Z
DEMO-DEV-1444,103,2022-10-29T08:05:23.892Z,2026-08-29T14:34:37.352Z
DEMO-DEV-1476,103,2022-10-04T03:27:34.230Z,2026-09-12T09:32:26.965Z
DEMO-DEV-1487,103,2022-10-10T22:28:03.134Z,2026-09-20T12:50:21.352Z
DEMO-DEV-1533,103,2022-11-20T09:55:01.402Z,2026-09-28T05:38:11.816Z
DEMO-DEV-1585,103,2022-10-11T07:34:21.785Z,2026-09-26T23:25:34.472Z
DEMO-DEV-1665,103,2022-11-22T19:02:45.870Z,2026-09-25T03:10:52.497Z
DEMO-DEV-1702,103,2022-10-07T06:44:19.785Z,2026-09-17T01:52:17.839Z
DEMO-DEV-1769,103,2022-10-02T21:58:17.219Z,2026-09-27T07:04:22.799Z
DEMO-DEV-1807,103,2022-11-01T19:30:05.090Z,2026-09-22T02:01:20.161Z
DEMO-DEV-1836,103,2022-10-07T14:54:24.319Z,2026-08-12T18:53:24.325Z
DEMO-DEV-1900,103,2022-10-31T09:13:13.307Z,2026-09-23T17:10:23.714Z
DEMO-DEV-1995,103,2022-10-21T15:26:42.556Z,2026-08-12T09:46:55.264Z
DEMO-DEV-2024,103,2022-11-13T21:25:08.846Z,2026-09-01T10:54:39.250Z
DEMO-DEV-2036,103,2022-10-02T03:45:09.253Z,2026-09-22T03:43:59.867Z
DEMO-DEV-2086,103,2022-10-14T22:03:55.307Z,2026-09-29T12:44:41.989Z
DEMO-DEV-2231,103,2022-10-05T08:22:12.557Z,2026-09-15T11:20:28.804Z
DEMO-DEV-2323,103,2022-10-09T13:45:40.391Z,2026-09-20T10:39:23.519Z
DEMO-DEV-2335,103,2022-10-02T09:06:50.391Z,2026-09-09T01:31:14.455Z
DEMO-DEV-2376,103,2022-10-04T06:43:08.503Z,2026-09-26T13:18:15.545Z
DEMO-DEV-2389,103,2022-10-29T22:19:13.843Z,2026-09-15T02:56:57.949Z
DEMO-DEV-2421,103,2022-10-06T22:46:02.557Z,2026-09-29T14:58:52.917Z
DEMO-DEV-2428,103,2022-10-03T02:08:10.591Z,2026-09-15T10:58:10.300Z
DEMO-DEV-2438,103,2022-10-02T01:34:01.368Z,2026-09-28T02:02:48.236Z
DEMO-DEV-2490,103,2022-11-01T23:05:18.584Z,2026-09-08T02:12:30.203Z
DEMO-DEV-2542,103,2022-10-15T23:54:54.913Z,2026-09-29T15:38:29.702Z
DEMO-DEV-2550,103,2022-10-10T04:53:33.795Z,2026-09-29T08:06:29.015Z
DEMO-DEV-2554,103,2022-10-11T21:30:17.557Z,2026-08-15T23:27:47.037Z
DEMO-DEV-2563,103,2022-10-12T07:07:00.968Z,2026-09-29T17:34:15.203Z
DEMO-DEV-2575,103,2022-10-28T20:47:49.948Z,2026-09-12T09:25:08.524Z
DEMO-DEV-2650,103,2022-10-09T16:22:02.752Z,2026-09-19T06:01:24.949Z
DEMO-DEV-2836,103,2022-10-30T01:18:53.784Z,2026-09-28T19:42:22.578Z
DEMO-DEV-2852,103,2022-11-01T13:56:56.612Z,2026-09-22T22:49:51.172Z
DEMO-DEV-2853,103,2022-10-06T17:15:03.466Z,2026-08-07T21:31:50.134Z
DEMO-DEV-2858,103,2022-11-02T09:57:37.302Z,2026-09-11T20:00:08.352Z
DEMO-DEV-2890,103,2022-10-09T02:35:33.232Z,2026-09-04T05:11:17.735Z
DEMO-DEV-2902,103,2022-10-07T00:31:49.915Z,2026-09-21T21:07:59.211Z
DEMO-DEV-2973,103,2022-10-27T22:47:58.636Z,2026-08-27T11:21:36.765Z
DEMO-DEV-2994,103,2022-11-23T21:07:04.639Z,2026-09-17T02:07:30.557Z
DEMO-DEV-3007,103,2022-10-03T05:53:54.843Z,2026-09-26T11:47:04.409Z
DEMO-DEV-3040,103,2022-10-04T08:09:29.948Z,2026-08-16T03:25:15.655Z
DEMO-DEV-3051,103,2022-11-09T23:08:43.402Z,2026-09-05T07:12:41.345Z
DEMO-DEV-3112,103,2022-10-20T05:06:10.612Z,2026-09-26T19:30:45.915Z
DEMO-DEV-3126,103,2022-10-17T23:09:10.045Z,2026-09-27T03:31:50.519Z
DEMO-DEV-3174,103,2022-10-12T05:57:58.985Z,2026-09-28T16:32:02.556Z
DEMO-DEV-3339,103,2022-11-15T22:19:01.225Z,2026-09-26T08:28:57.172Z
DEMO-DEV-3385,103,2022-10-05T23:15:02.014Z,2026-09-29T12:33:36.913Z
DEMO-DEV-3403,103,2022-10-04T20:15:37.045Z,2026-09-26T18:36:56.519Z
DEMO-DEV-3406,103,2022-10-03T15:28:36.811Z,2026-09-25T16:03:29.165Z
DEMO-DEV-3408,103,2022-10-05T17:50:30.288Z,2026-09-28T19:24:13.308Z
DEMO-DEV-3450,103,2022-10-03T23:49:37.868Z,2026-09-15T21:11:46.470Z
DEMO-DEV-3457,103,2022-10-06T12:40:17.555Z,2026-09-09T05:14:48.868Z
DEMO-DEV-3546,103,2022-10-10T19:09:10.226Z,2026-09-14T11:50:35.655Z
DEMO-DEV-3575,103,2022-10-03T15:12:14.366Z,2026-08-19T01:19:57.976Z
DEMO-DEV-3615,103,2022-10-14T20:05:54.738Z,2026-09-05T05:14:10.864Z
DEMO-DEV-3628,103,2022-10-13T00:48:30.250Z,2026-09-20T20:33:57.218Z
DEMO-DEV-3756,103,2022-10-11T06:30:10.003Z,2026-09-23T05:08:28.702Z
DEMO-DEV-3786,103,2022-10-16T22:49:42.535Z,2026-09-28T03:00:24.817Z
DEMO-DEV-3871,103,2022-10-11T16:20:01.987Z,2026-08-27T10:50:52.368Z
DEMO-DEV-3926,103,2022-10-10T07:48:54.786Z,2026-09-14T00:14:06.442Z
DEMO-DEV-4023,103,2022-10-24T22:56:10.234Z,2026-09-26T09:45:45.792Z
DEMO-DEV-4047,103,2022-10-13T10:28:32.519Z,2026-09-15T19:04:06.913Z
DEMO-DEV-4098,103,2022-10-19T23:38:39.234Z,2026-09-30T07:53:11.234Z
DEMO-DEV-4149,103,2022-10-09T04:12:40.646Z,2026-09-24T22:33:44.155Z
DEMO-DEV-4523,103,2022-10-05T21:08:34.639Z,2026-09-23T14:42:58.917Z
DEMO-DEV-4607,103,2022-11-22T09:18:20.307Z,2026-07-12T12:26:44.949Z
DEMO-DEV-4639,103,2022-10-02T05:08:24.784Z,2026-09-26T15:06:17.993Z
DEMO-DEV-4655,103,2022-10-16T17:22:30.976Z,2026-09-21T04:42:48.415Z
DEMO-DEV-4660,103,2022-10-18T23:04:24.557Z,2026-09-25T07:59:51.226Z
DEMO-DEV-4696,103,2022-10-02T00:26:56.307Z,2026-09-27T13:02:32.004Z
DEMO-DEV-4922,103,2022-10-10T06:56:53.811Z,2026-09-29T19:03:32.607Z
DEMO-DEV-4925,103,2022-10-03T13:22:38.472Z,2026-09-22T10:40:33.493Z
DEMO-DEV-4934,103,2022-10-03T01:46:17.268Z,2026-09-05T08:11:18.868Z
DEMO-DEV-5025,103,2022-10-09T04:30:06.226Z,2026-09-08T18:46:15.727Z
DEMO-DEV-5049,103,2022-10-10T02:44:15.409Z,2026-09-24T06:42:01.976Z
DEMO-DEV-5078,103,2022-10-05T08:37:09.120Z,2026-09-21T00:59:09.403Z
DEMO-DEV-5117,103,2022-10-01T17:15:07.843Z,2026-08-30T03:51:58.497Z
DEMO-DEV-5173,103,2022-10-04T21:59:48.870Z,2026-09-08T16:03:16.836Z
DEMO-DEV-5200,103,2022-10-03T08:13:46.308Z,2026-08-19T14:57:26.884Z
DEMO-DEV-5252,103,2022-10-09T15:16:53.325Z,2026-09-23T17:28:48.926Z
DEMO-DEV-5292,103,2022-10-03T09:06:05.357Z,2026-09-25T02:56:54.307Z
DEMO-DEV-5358,103,2022-10-25T12:12:14.057Z,2026-07-14T10:31:40.976Z
DEMO-DEV-5424,103,2022-10-31T13:09:57.557Z,2026-09-26T05:42:12.824Z
DEMO-DEV-5431,103,2022-10-06T17:17:30.859Z,2026-09-24T10:43:23.870Z
DEMO-DEV-5483,103,2022-10-10T12:31:33.391Z,2026-09-19T04:34:21.867Z
DEMO-DEV-5508,103,2022-10-09T09:31:44.500Z,2026-09-20T11:53:26.150Z
DEMO-DEV-5561,103,2022-10-03T16:47:52.505Z,2026-09-22T03:27:23.884Z
DEMO-DEV-5573,103,2022-10-11T12:39:04.345Z,2026-08-25T03:21:17.817Z
DEMO-DEV-5580,103,2022-10-05T06:16:50.460Z,2026-09-16T17:34:08.688Z
DEMO-DEV-5632,103,2022-10-11T19:55:08.027Z,2026-09-22T00:03:47.948Z
DEMO-DEV-5704,103,2022-10-09T05:18:31.222Z,2026-09-18T18:20:29.879Z
DEMO-DEV-5719,103,2022-10-09T21:53:33.500Z,2026-09-27T16:32:33.914Z
DEMO-DEV-5792,103,2022-10-01T13:47:19.075Z,2026-09-06T05:07:13.045Z
DEMO-DEV-5799,103,2022-10-03T13:21:15.394Z,2026-09-24T12:09:45.527Z
DEMO-DEV-5826,103,2022-10-28T09:35:38.738Z,2026-09-14T04:45:38.268Z
DEMO-DEV-5896,103,2022-10-18T19:48:28.470Z,2026-09-24T11:58:05.221Z
DEMO-DEV-5898,103,2022-10-10T23:28:38.168Z,2026-09-29T08:24:45.614Z
DEMO-DEV-6018,103,2022-10-04T18:01:53.752Z,2026-09-19T22:58:45.578Z
DEMO-DEV-6044,103,2022-10-14T05:53:44.968Z,2026-09-26T11:55:35.120Z
DEMO-DEV-6085,103,2022-10-16T16:50:11.503Z,2026-09-25T14:37:54.352Z
DEMO-DEV-6099,103,2022-10-31T09:45:53.556Z,2026-09-29T06:07:45.442Z
DEMO-DEV-6164,103,2022-11-06T18:24:23.219Z,2026-08-31T16:59:54.612Z
DEMO-DEV-6173,103,2022-10-07T03:57:21.428Z,2026-09-14T16:14:33.607Z
DEMO-DEV-6188,103,2022-10-14T01:56:44.913Z,2026-09-04T08:19:37.063Z
DEMO-DEV-6190,103,2022-10-03T12:45:05.646Z,2026-09-22T00:05:16.799Z
DEMO-DEV-6249,103,2022-11-18T21:35:03.203Z,2026-09-12T14:12:19.057Z
DEMO-DEV-6297,103,2022-10-09T17:28:52.825Z,2026-08-27T17:52:16.003Z
DEMO-DEV-6397,103,2022-10-06T10:46:45.272Z,2026-09-26T20:10:48.870Z
DEMO-DEV-6443,103,2022-10-11T05:24:58.354Z,2026-09-21T12:26:24.485Z
DEMO-DEV-6456,103,2022-10-01T13:10:58.300Z,2026-09-16T05:08:47.225Z
DEMO-DEV-6491,103,2022-11-14T02:41:15.155Z,2026-09-26T00:30:47.841Z
DEMO-DEV-6647,103,2022-10-05T01:17:45.003Z,2026-09-14T04:55:13.836Z
DEMO-DEV-6720,103,2022-11-19T01:12:23.948Z,2026-08-30T21:23:30.614Z
DEMO-DEV-6778,103,2022-10-05T19:58:49.949Z,2026-09-21T13:19:28.784Z
DEMO-DEV-6820,103,2022-10-27T08:31:50.524Z,2026-07-26T10:15:50.189Z
DEMO-DEV-6825,103,2022-10-13T08:15:02.591Z,2026-08-16T09:26:13.511Z
DEMO-DEV-6913,103,2022-10-08T18:41:43.167Z,2026-09-21T05:27:43.714Z
DEMO-DEV-6941,103,2022-10-11T22:08:24.365Z,2026-09-27T02:05:38.914Z
DEMO-DEV-6989,103,2022-10-07T09:30:00.885Z,2026-09-21T08:28:23.989Z
DEMO-DEV-7000,103,2022-10-12T16:39:44.778Z,2026-09-28T23:03:27.455Z
DEMO-DEV-7006,103,2022-10-15T10:21:24.236Z,2026-09-25T05:31:27.843Z
DEMO-DEV-7086,103,2022-10-01T10:31:12.365Z,2026-08-19T05:33:27.692Z
DEMO-DEV-7105,103,2022-10-04T18:59:16.394Z,2026-08-24T13:00:36.045Z
DEMO-DEV-7107,103,2022-10-15T00:00:22.859Z,2026-08-14T13:52:22.287Z
DEMO-DEV-7150,103,2022-10-30T03:44:26.865Z,2026-08-28T08:28:12.817Z
DEMO-DEV-7264,103,2022-10-09T18:52:16.308Z,2026-09-18T22:56:42.968Z
DEMO-DEV-7296,103,2022-10-25T21:00:45.497Z,2026-09-29T10:10:54.302Z
DEMO-DEV-7308,103,2022-10-02T02:34:19.864Z,2026-09-27T06:16:53.817Z
DEMO-DEV-7310,103,2022-11-08T01:16:45.648Z,2026-09-20T21:09:31.949Z
DEMO-DEV-7336,103,2022-10-23T07:57:39.989Z,2026-09-27T02:28:12.891Z
DEMO-DEV-7372,103,2022-10-01T22:55:26.752Z,2026-09-23T01:45:01.225Z
DEMO-DEV-7439,103,2022-10-22T04:20:30.519Z,2026-09-24T03:50:39.403Z
DEMO-DEV-7445,103,2022-10-11T00:37:35.298Z,2026-08-30T06:23:45.366Z
DEMO-DEV-7459,103,2022-10-01T15:21:45.968Z,2026-09-24T21:41:52.040Z
DEMO-DEV-7469,103,2022-10-03T07:45:47.234Z,2026-09-20T17:40:08.226Z
DEMO-DEV-7485,103,2022-10-02T02:04:35.639Z,2026-09-15T08:57:53.120Z
DEMO-DEV-7508,103,2022-10-17T23:56:38.648Z,2026-09-28T11:22:49.298Z
DEMO-DEV-7525,103,2022-10-02T03:21:44.173Z,2026-09-20T12:59:25.557Z
DEMO-DEV-7582,103,2022-10-12T18:38:55.232Z,2026-09-23T07:12:23.639Z
DEMO-DEV-7584,103,2022-10-10T16:07:20.782Z,2026-09-04T05:40:00.300Z
DEMO-DEV-7643,103,2022-10-04T18:11:22.252Z,2026-08-28T20:04:35.250Z
DEMO-DEV-7649,103,2022-10-11T22:09:54.189Z,2026-09-28T14:07:24.784Z
DEMO-DEV-7704,103,2022-10-17T04:22:20.989Z,2026-09-26T06:44:55.462Z
DEMO-DEV-7718,103,2022-10-01T14:50:43.556Z,2026-09-18T03:41:13.391Z
DEMO-DEV-7792,103,2022-10-04T02:00:15.950Z,2026-09-27T04:25:29.224Z
DEMO-DEV-7813,103,2022-10-11T21:12:50.929Z,2026-09-24T01:30:21.752Z
DEMO-DEV-7814,103,2022-10-08T04:19:36.287Z,2026-09-29T17:57:26.524Z
DEMO-DEV-7834,103,2022-10-06T01:38:04.040Z,2026-09-18T20:59:49.917Z
DEMO-DEV-7973,103,2022-10-21T18:17:31.929Z,2026-09-29T16:36:26.080Z
DEMO-DEV-7998,103,2022-11-05T15:20:13.545Z,2026-08-28T06:17:32.139Z
DEMO-DEV-8026,103,2022-10-02T00:05:14.524Z,2026-09-14T03:39:11.366Z
DEMO-DEV-8059,103,2022-11-12T09:40:45.599Z,2026-09-11T06:46:46.370Z
DEMO-DEV-8064,103,2022-10-12T03:22:56.867Z,2026-09-17T15:13:36.968Z
DEMO-DEV-8069,103,2022-10-21T14:25:50.865Z,2026-09-16T17:04:58.523Z
DEMO-DEV-8167,103,2022-10-08T14:12:33.204Z,2026-09-07T09:46:01.402Z
DEMO-DEV-8263,103,2022-10-24T19:59:22.851Z,2026-09-04T16:47:35.555Z
DEMO-DEV-8279,103,2022-10-25T13:53:45.993Z,2026-09-12T17:01:11.370Z
DEMO-DEV-8335,103,2022-10-01T11:37:25.204Z,2026-09-19T17:28:53.390Z
DEMO-DEV-8341,103,2022-10-10T15:18:28.357Z,2026-09-23T09:51:06.172Z
DEMO-DEV-8348,103,2022-10-06T04:57:29.817Z,2026-09-27T12:39:56.661Z
DEMO-DEV-8368,103,2022-10-15T00:32:46.160Z,2026-09-05T00:52:55.682Z
DEMO-DEV-8398,103,2022-10-18T16:40:21.352Z,2026-09-24T02:47:41.325Z
DEMO-DEV-8429,103,2022-10-16T23:47:50.824Z,2026-09-04T16:32:21.974Z
DEMO-DEV-8461,103,2022-10-28T16:01:59.272Z,2026-09-27T14:06:25.234Z
DEMO-DEV-8498,103,2022-10-08T20:49:48.653Z,2026-09-17T02:38:17.636Z
DEMO-DEV-8528,103,2022-11-08T22:40:51.460Z,2026-09-21T17:54:53.134Z
DEMO-DEV-8571,103,2022-10-07T03:18:44.073Z,2026-09-30T05:02:47.023Z
DEMO-DEV-8650,103,2022-10-01T19:08:51.989Z,2026-09-09T20:59:10.987Z
DEMO-DEV-8664,103,2022-10-24T05:08:25.824Z,2026-09-29T06:17:52.500Z
DEMO-DEV-8738,103,2022-10-28T07:45:43.307Z,2026-09-17T04:39:29.352Z
DEMO-DEV-8864,103,2022-10-04T03:17:20.727Z,2026-09-21T08:32:01.394Z
DEMO-DEV-8924,103,2022-10-20T18:20:56.442Z,2026-09-11T00:40:14.989Z
DEMO-DEV-8941,103,2022-10-02T10:29:44.268Z,2026-09-26T07:13:50.172Z
DEMO-DEV-8970,103,2022-10-21T20:37:38.989Z,2026-09-30T04:22:35.710Z
DEMO-DEV-8982,103,2022-10-03T04:12:20.646Z,2026-09-27T03:09:19.403Z
DEMO-DEV-9025,103,2022-10-03T09:39:39.658Z,2026-09-08T13:11:58.646Z
DEMO-DEV-9042,103,2022-11-25T11:53:00.817Z,2026-09-25T12:13:56.948Z
DEMO-DEV-9069,103,2022-10-07T02:45:00.307Z,2026-09-23T12:49:40.428Z
DEMO-DEV-9119,103,2022-10-05T15:25:05.915Z,2026-09-13T21:46:19.428Z
DEMO-DEV-9166,103,2022-10-03T05:59:48.591Z,2026-09-10T08:07:34.038Z
DEMO-DEV-9190,103,2022-10-03T02:53:52.075Z,2026-09-29T02:44:49.803Z
DEMO-DEV-9219,103,2022-10-30T08:24:11.545Z,2026-09-09T02:16:58.073Z
DEMO-DEV-9220,103,2022-10-03T12:48:33.161Z,2026-09-03T04:49:40.500Z
DEMO-DEV-9227,103,2022-10-02T13:28:25.208Z,2026-09-28T15:18:21.556Z
DEMO-DEV-9268,103,2022-10-19T20:16:36.555Z,2026-09-07T20:00:54.161Z
DEMO-DEV-9315,103,2022-10-17T00:40:33.785Z,2026-09-22T09:14:02.080Z
DEMO-DEV-9330,103,2022-10-10T21:03:47.792Z,2026-09-30T04:13:17.370Z
DEMO-DEV-9337,103,2022-10-02T01:48:05.782Z,2026-09-26T09:03:03.873Z
DEMO-DEV-9354,103,2022-12-17T12:39:59.307Z,2026-09-21T22:59:33.508Z
DEMO-DEV-9371,103,2022-10-10T04:40:19.387Z,2026-09-29T12:15:23.975Z
DEMO-DEV-9414,103,2022-10-19T22:58:01.246Z,2026-09-30T01:54:09.208Z
DEMO-DEV-9418,103,2022-10-06T21:40:12.676Z,2026-08-26T01:54:48.714Z
DEMO-DEV-9464,103,2022-11-06T22:46:51.989Z,2026-09-29T10:19:52.873Z
DEMO-DEV-9493,103,2022-10-08T21:29:41.497Z,2026-09-11T07:11:52.466Z
DEMO-DEV-9528,103,2022-10-03T21:17:06.394Z,2026-09-29T05:38:28.023Z
DEMO-DEV-9568,103,2022-10-03T05:00:07.225Z,2026-09-29T00:37:32.836Z
DEMO-DEV-9578,103,2022-11-07T07:35:15.397Z,2026-09-23T01:19:11.599Z
DEMO-DEV-9643,103,2022-10-12T05:17:47.485Z,2026-09-29T13:28:53.391Z
DEMO-DEV-9668,103,2022-10-13T17:10:08.974Z,2026-09-26T21:21:14.605Z
DEMO-DEV-9687,103,2022-10-08T04:05:08.160Z,2026-09-27T16:10:59.123Z
DEMO-DEV-9731,103,2022-11-10T12:29:46.884Z,2026-09-14T20:24:37.272Z
DEMO-DEV-9820,103,2022-10-02T15:18:24.402Z,2026-09-23T20:22:16.605Z
DEMO-DEV-9911,103,2022-10-16T07:25:53.599Z,2026-09-28T08:50:46.817Z
DEMO-DEV-9956,103,2022-10-05T22:28:03.636Z,2026-09-24T16:28:13.692Z
DEMO-DEV-9962,103,2022-10-06T22:05:50.948Z,2026-09-27T19:08:41.545Z
DEMO-DEV-9963,103,2022-11-03T05:01:23.004Z,2026-09-28T04:58:45.682Z
DEMO-DEV-0030,102,2022-10-15T22:32:45.597Z,2026-09-28T02:00:15.230Z
DEMO-DEV-0037,102,2022-10-02T15:23:48.825Z,2026-09-13T08:27:08.357Z
DEMO-DEV-0073,102,2022-11-19T02:25:11.877Z,2026-09-24T08:47:31.308Z
DEMO-DEV-0123,102,2022-10-18T22:51:42.080Z,2026-09-23T01:15:06.914Z
DEMO-DEV-0124,102,2022-10-08T09:53:29.884Z,2026-09-17T13:12:33.884Z
DEMO-DEV-0175,102,2022-10-26T21:09:02.950Z,2026-09-09T10:41:49.666Z
DEMO-DEV-0194,102,2022-10-04T07:10:15.870Z,2026-09-29T13:52:48.027Z
DEMO-DEV-0201,102,2022-11-25T11:02:32.254Z,2026-09-20T12:31:52.368Z
DEMO-DEV-0226,102,2022-10-08T11:59:44.221Z,2026-09-28T21:27:00.123Z
DEMO-DEV-0294,102,2022-10-07T15:42:49.345Z,2026-09-28T11:50:14.224Z
DEMO-DEV-0357,102,2022-11-26T02:32:07.968Z,2026-09-25T18:51:31.865Z
DEMO-DEV-0376,102,2022-10-06T03:31:29.639Z,2026-09-15T16:03:42.485Z
DEMO-DEV-0384,102,2022-10-06T22:08:44.987Z,2026-09-23T01:19:11.535Z
DEMO-DEV-0405,102,2022-10-02T10:57:49.455Z,2026-08-19T22:20:11.190Z
DEMO-DEV-0411,102,2022-10-09T09:47:59.836Z,2026-08-28T21:37:42.443Z
DEMO-DEV-0422,102,2022-10-06T06:56:16.806Z,2026-09-06T18:26:57.493Z
DEMO-DEV-0440,102,2022-11-05T16:36:37.236Z,2026-09-17T12:21:04.394Z
DEMO-DEV-0445,102,2022-11-21T11:17:41.846Z,2026-09-21T08:28:19.639Z
DEMO-DEV-0533,102,2022-10-14T06:38:33.503Z,2026-09-17T21:40:31.289Z
DEMO-DEV-0586,102,2022-10-11T06:47:38.692Z,2026-09-26T11:50:47.511Z
DEMO-DEV-0587,102,2022-11-02T12:00:05.470Z,2026-09-24T13:49:02.073Z
DEMO-DEV-0614,102,2022-10-14T03:05:27.409Z,2026-09-28T17:29:37.873Z
DEMO-DEV-0615,102,2022-10-05T01:31:16.027Z,2026-09-24T06:12:15.038Z
DEMO-DEV-0666,102,2022-10-27T23:03:58.891Z,2026-08-20T17:20:00.239Z
DEMO-DEV-0679,102,2022-10-18T08:50:34.370Z,2026-09-18T11:12:27.607Z
DEMO-DEV-0758,102,2022-10-20T01:34:45.636Z,2026-07-10T17:51:52.325Z
DEMO-DEV-0770,102,2022-10-11T11:48:03.139Z,2026-09-24T10:59:58.884Z
DEMO-DEV-0781,102,2022-10-28T03:19:25.252Z,2026-09-29T11:26:25.252Z
DEMO-DEV-0810,102,2022-10-13T16:41:52.535Z,2026-08-18T16:31:26.913Z
DEMO-DEV-0821,102,2022-10-21T18:30:48.846Z,2026-09-10T08:21:05.817Z
DEMO-DEV-0849,102,2022-10-11T08:09:54.466Z,2026-08-14T04:17:37.714Z
DEMO-DEV-0867,102,2022-10-19T22:31:36.337Z,2026-09-26T21:51:35.485Z
DEMO-DEV-0870,102,2022-10-04T10:43:57.568Z,2026-09-24T16:57:39.676Z
DEMO-DEV-0896,102,2022-10-11T19:28:48.879Z,2026-09-18T00:48:19.319Z
DEMO-DEV-0911,102,2022-10-01T23:34:59.068Z,2026-09-27T22:22:54.345Z
DEMO-DEV-0931,102,2022-10-04T09:44:59.123Z,2026-09-24T23:16:16.298Z
DEMO-DEV-1002,102,2022-10-07T10:18:57.298Z,2026-09-05T07:56:11.597Z
DEMO-DEV-1104,102,2022-10-28T09:10:00.692Z,2026-09-14T00:55:15.591Z
DEMO-DEV-1170,102,2022-10-30T10:12:37.985Z,2026-09-19T07:41:48.446Z
DEMO-DEV-1247,102,2022-10-12T23:22:48.846Z,2026-09-19T03:27:11.442Z
DEMO-DEV-1290,102,2022-10-04T16:54:47.226Z,2026-08-24T15:06:17.446Z
DEMO-DEV-1398,102,2022-10-08T23:59:42.203Z,2026-09-15T04:57:51.075Z
DEMO-DEV-1434,102,2022-11-10T03:09:08.394Z,2026-09-23T03:31:49.914Z
DEMO-DEV-1435,102,2022-10-11T21:59:32.218Z,2026-09-08T14:00:28.352Z
DEMO-DEV-1438,102,2022-10-15T14:14:33.949Z,2026-09-15T23:08:47.851Z
DEMO-DEV-1477,102,2022-10-01T18:26:19.658Z,2026-08-22T11:45:00.173Z
DEMO-DEV-1491,102,2022-10-10T09:14:28.428Z,2026-09-09T08:22:01.867Z
DEMO-DEV-1524,102,2022-10-25T03:09:53.752Z,2026-09-18T22:34:14.842Z
DEMO-DEV-1563,102,2022-11-01T13:09:07.913Z,2026-09-12T10:34:15.811Z
DEMO-DEV-1573,102,2022-10-05T11:27:52.337Z,2026-09-21T19:21:36.203Z
DEMO-DEV-1635,102,2022-10-04T01:56:45.403Z,2026-09-23T22:41:15.605Z
DEMO-DEV-1646,102,2022-10-02T05:23:41.578Z,2026-09-10T10:46:01.252Z
DEMO-DEV-1674,102,2022-12-02T07:08:12.612Z,2026-09-12T08:38:10.219Z
DEMO-DEV-1685,102,2022-11-08T19:19:08.470Z,2026-09-20T16:31:27.027Z
DEMO-DEV-1688,102,2022-10-13T12:16:23.867Z,2026-08-24T01:01:47.307Z
DEMO-DEV-1712,102,2022-10-24T11:04:21.319Z,2026-09-20T18:34:33.239Z
DEMO-DEV-1749,102,2022-10-01T23:54:59.004Z,2026-09-20T19:54:45.974Z
DEMO-DEV-1756,102,2022-10-22T01:55:17.914Z,2026-09-22T18:27:51.173Z
DEMO-DEV-1794,102,2022-10-03T07:02:05.014Z,2026-09-04T22:42:08.605Z
DEMO-DEV-1844,102,2022-10-04T22:14:25.268Z,2026-09-26T08:15:09.710Z
DEMO-DEV-1864,102,2022-10-14T14:14:37.836Z,2026-09-09T03:53:53.992Z
DEMO-DEV-1891,102,2022-10-03T10:54:42.992Z,2026-09-11T15:36:48.319Z
DEMO-DEV-1892,102,2022-11-11T20:39:58.021Z,2026-08-08T19:14:37.646Z
DEMO-DEV-1936,102,2022-10-10T04:58:41.599Z,2026-08-20T04:32:54.974Z
DEMO-DEV-1955,102,2022-10-15T15:43:05.913Z,2026-09-27T04:59:48.666Z
DEMO-DEV-2018,102,2022-10-17T11:49:09.950Z,2026-09-12T21:03:11.655Z
DEMO-DEV-2095,102,2022-10-24T02:45:24.165Z,2026-09-23T02:39:44.302Z
DEMO-DEV-2101,102,2022-10-02T05:04:43.754Z,2026-09-28T18:18:00.891Z
DEMO-DEV-2174,102,2022-10-16T01:26:19.929Z,2026-09-06T12:32:59.646Z
DEMO-DEV-2270,102,2022-10-06T17:04:24.134Z,2026-09-06T02:49:43.873Z
DEMO-DEV-2294,102,2022-10-12T06:36:10.870Z,2026-09-23T17:17:36.319Z
DEMO-DEV-2324,102,2022-11-16T18:18:04.057Z,2026-09-22T06:37:59.668Z
DEMO-DEV-2374,102,2022-10-07T08:50:09.204Z,2026-09-26T08:39:14.120Z
DEMO-DEV-2465,102,2022-10-08T13:59:45.836Z,2026-09-29T22:02:33.914Z
DEMO-DEV-2529,102,2022-10-26T03:27:40.535Z,2026-09-03T16:14:44.150Z
DEMO-DEV-2662,102,2022-10-27T07:03:37.300Z,2026-09-07T14:09:11.472Z
DEMO-DEV-2695,102,2022-10-09T10:14:26.735Z,2026-09-17T21:14:16.989Z
DEMO-DEV-2737,102,2022-10-19T01:31:42.618Z,2026-09-17T01:35:35.168Z
DEMO-DEV-2763,102,2022-10-04T15:53:31.218Z,2026-08-20T23:47:13.308Z
DEMO-DEV-2885,102,2022-10-01T16:25:55.841Z,2026-09-09T23:34:46.568Z
DEMO-DEV-2928,102,2022-10-02T08:25:58.123Z,2026-09-29T01:44:18.120Z
DEMO-DEV-2955,102,2022-10-01T18:49:14.825Z,2026-09-03T05:20:15.211Z
DEMO-DEV-3000,102,2022-10-08T17:05:20.974Z,2026-09-29T21:19:38.803Z
DEMO-DEV-3021,102,2022-10-06T04:36:21.218Z,2026-09-20T06:51:56.319Z
DEMO-DEV-3029,102,2022-10-10T18:13:00.929Z,2026-08-01T22:43:52.288Z
DEMO-DEV-3049,102,2022-10-30T22:31:47.929Z,2026-08-24T00:04:51.884Z
DEMO-DEV-3129,102,2022-10-06T22:32:16.189Z,2026-09-28T11:13:23.646Z
DEMO-DEV-3186,102,2022-10-29T12:15:10.352Z,2026-09-28T15:42:10.719Z
DEMO-DEV-3203,102,2022-10-10T13:08:25.839Z,2026-09-26T13:47:18.605Z
DEMO-DEV-3249,102,2022-10-07T07:20:09.591Z,2026-09-02T19:45:48.272Z
DEMO-DEV-3276,102,2022-10-04T00:23:18.557Z,2026-09-13T13:00:04.208Z
DEMO-DEV-3323,102,2022-10-06T14:46:36.682Z,2026-09-18T11:22:25.160Z
DEMO-DEV-3416,102,2022-10-10T21:42:18.165Z,2026-09-28T21:40:01.825Z
DEMO-DEV-3456,102,2022-10-20T11:38:04.218Z,2026-09-11T15:16:39.172Z
DEMO-DEV-3462,102,2022-10-06T08:49:28.948Z,2026-09-22T01:43:29.254Z
DEMO-DEV-3472,102,2022-10-02T22:44:37.948Z,2026-09-23T19:26:17.655Z
DEMO-DEV-3581,102,2022-10-10T10:49:03.892Z,2026-09-23T18:45:33.253Z
DEMO-DEV-3586,102,2022-10-19T12:41:47.172Z,2026-09-10T08:44:25.648Z
DEMO-DEV-3618,102,2022-10-04T04:20:47.877Z,2026-09-17T01:00:13.068Z
DEMO-DEV-3716,102,2022-10-22T21:45:58.234Z,2026-09-22T21:38:39.879Z
DEMO-DEV-3817,102,2022-10-15T02:00:34.366Z,2026-09-13T07:50:53.183Z
DEMO-DEV-3965,102,2022-10-08T09:22:50.230Z,2026-09-17T16:25:29.402Z
DEMO-DEV-3988,102,2022-10-03T14:40:06.472Z,2026-09-22T14:12:45.599Z
DEMO-DEV-3998,102,2022-11-02T03:42:19.987Z,2026-09-30T04:52:34.080Z
DEMO-DEV-4066,102,2022-10-02T08:19:06.527Z,2026-09-28T18:29:45.803Z
DEMO-DEV-4102,102,2022-10-12T00:58:43.948Z,2026-09-16T14:47:53.139Z
DEMO-DEV-4252,102,2022-10-03T22:40:37.205Z,2026-09-03T00:07:17.599Z
DEMO-DEV-4272,102,2022-10-08T12:28:02.839Z,2026-09-23T03:12:40.446Z
DEMO-DEV-4274,102,2022-10-11T23:18:59.394Z,2026-09-01T23:03:49.319Z
DEMO-DEV-4291,102,2022-10-11T04:26:45.863Z,2026-09-12T22:18:25.519Z
DEMO-DEV-4504,102,2022-10-01T16:19:13.368Z,2026-09-21T09:25:53.023Z
DEMO-DEV-4511,102,2022-10-03T14:16:27.868Z,2026-09-29T00:47:15.428Z
DEMO-DEV-4578,102,2022-10-15T08:43:05.403Z,2026-09-10T13:31:25.063Z
DEMO-DEV-4616,102,2022-10-07T22:06:28.702Z,2026-09-26T17:56:14.415Z
DEMO-DEV-4694,102,2022-10-24T16:58:09.026Z,2026-09-27T03:44:23.965Z
DEMO-DEV-4729,102,2022-10-07T02:04:56.702Z,2026-09-09T11:24:07.989Z
DEMO-DEV-4805,102,2022-10-02T10:35:11.090Z,2026-09-09T21:51:39.926Z
DEMO-DEV-4871,102,2022-10-10T10:16:25.879Z,2026-09-22T18:32:28.535Z
DEMO-DEV-4992,102,2022-10-01T14:16:44.319Z,2026-09-27T11:01:49.555Z
DEMO-DEV-4995,102,2022-10-14T07:27:48.038Z,2026-07-30T13:25:05.224Z
DEMO-DEV-5094,102,2022-10-02T05:55:26.870Z,2026-09-22T07:32:35.403Z
DEMO-DEV-5103,102,2022-10-10T21:16:15.568Z,2026-09-22T15:32:57.370Z
DEMO-DEV-5119,102,2022-10-04T19:57:05.992Z,2026-09-20T14:12:17.134Z
DEMO-DEV-5175,102,2022-10-08T20:21:20.915Z,2026-09-27T14:23:33.929Z
DEMO-DEV-5184,102,2022-10-23T11:50:49.021Z,2026-09-05T12:32:46.992Z
DEMO-DEV-5189,102,2022-10-07T14:57:48.599Z,2026-09-18T22:38:20.778Z
DEMO-DEV-5348,102,2022-11-20T10:13:07.073Z,2026-08-27T07:41:50.366Z
DEMO-DEV-5444,102,2022-10-16T15:13:09.068Z,2026-08-28T08:53:02.446Z
DEMO-DEV-5458,102,2022-10-04T09:58:25.004Z,2026-09-10T21:02:02.368Z
DEMO-DEV-5460,102,2022-10-06T01:53:17.926Z,2026-09-21T16:19:21.754Z
DEMO-DEV-5513,102,2022-10-08T22:18:23.714Z,2026-09-10T20:23:30.803Z
DEMO-DEV-5537,102,2022-10-13T20:36:42.134Z,2026-09-26T10:46:59.024Z
DEMO-DEV-5552,102,2022-10-08T16:09:41.264Z,2026-09-25T21:39:30.618Z
DEMO-DEV-5583,102,2022-10-22T07:55:54.123Z,2026-09-17T10:00:56.150Z
DEMO-DEV-5773,102,2022-10-07T12:47:38.524Z,2026-09-18T08:22:26.870Z
DEMO-DEV-5778,102,2022-10-18T01:03:45.969Z,2026-09-27T16:52:20.160Z
DEMO-DEV-5805,102,2022-10-05T11:35:59.784Z,2026-09-27T06:08:52.352Z
DEMO-DEV-5810,102,2022-10-31T05:03:11.236Z,2026-09-10T08:34:18.254Z
DEMO-DEV-5818,102,2022-10-12T02:05:49.865Z,2026-09-02T21:28:13.307Z
DEMO-DEV-5821,102,2022-10-14T21:47:55.839Z,2026-09-24T22:21:04.799Z
DEMO-DEV-5867,102,2022-10-05T14:44:11.738Z,2026-08-05T22:00:12.682Z
DEMO-DEV-5910,102,2022-10-08T04:59:45.778Z,2026-09-29T15:33:33.824Z
DEMO-DEV-5925,102,2022-10-01T10:34:36.288Z,2026-09-08T03:42:46.785Z
DEMO-DEV-5984,102,2022-10-20T16:30:21.387Z,2026-09-25T01:24:27.968Z
DEMO-DEV-5987,102,2022-10-29T12:04:35.138Z,2026-08-22T14:02:12.370Z
DEMO-DEV-6016,102,2022-10-03T11:28:21.692Z,2026-09-17T20:48:26.877Z
DEMO-DEV-6069,102,2022-10-19T00:33:37.120Z,2026-09-25T02:11:47.851Z
DEMO-DEV-6122,102,2022-10-07T14:43:34.443Z,2026-09-25T22:27:52.817Z
DEMO-DEV-6210,102,2022-10-03T21:34:52.545Z,2026-09-19T02:05:49.068Z
DEMO-DEV-6221,102,2022-10-12T01:11:17.218Z,2026-09-17T23:28:45.710Z
DEMO-DEV-6304,102,2022-11-03T16:49:03.080Z,2026-09-08T00:37:48.365Z
DEMO-DEV-6364,102,2022-10-01T19:19:22.023Z,2026-09-23T18:12:28.183Z
DEMO-DEV-6375,102,2022-10-07T12:37:17.597Z,2026-09-19T19:30:26.863Z
DEMO-DEV-6420,102,2022-12-20T21:04:50.976Z,2026-09-26T16:11:18.863Z
DEMO-DEV-6422,102,2022-10-02T19:31:29.218Z,2026-09-21T11:09:06.782Z
DEMO-DEV-6459,102,2022-10-26T00:49:59.307Z,2026-09-28T05:36:50.402Z
DEMO-DEV-6479,102,2022-10-07T11:25:08.735Z,2026-09-16T08:45:52.172Z
DEMO-DEV-6505,102,2022-10-07T21:37:55.803Z,2026-08-24T18:43:29.873Z
DEMO-DEV-6635,102,2022-10-07T03:14:25.968Z,2026-09-25T09:16:50.368Z
DEMO-DEV-6765,102,2022-10-22T08:24:41.203Z,2026-09-14T16:15:46.287Z
DEMO-DEV-6779,102,2022-10-19T23:36:16.192Z,2026-09-30T00:26:30.254Z
DEMO-DEV-6915,102,2022-10-08T02:26:04.949Z,2026-09-29T23:58:03.446Z
DEMO-DEV-6921,102,2022-10-04T12:29:22.513Z,2026-09-05T11:21:05.646Z
DEMO-DEV-6937,102,2022-10-22T07:05:02.203Z,2026-09-23T14:50:34.859Z
DEMO-DEV-6949,102,2022-10-01T16:47:16.354Z,2026-08-21T07:02:31.075Z
DEMO-DEV-6964,102,2022-10-08T06:11:52.319Z,2026-09-22T09:40:08.319Z
DEMO-DEV-6970,102,2022-10-20T03:09:06.345Z,2026-09-03T06:38:35.976Z
DEMO-DEV-7012,102,2022-10-07T02:22:45.867Z,2026-09-22T13:27:01.765Z
DEMO-DEV-7164,102,2022-10-11T05:31:59.639Z,2026-09-30T06:56:08.370Z
DEMO-DEV-7182,102,2022-10-05T03:22:58.014Z,2026-09-28T14:03:43.658Z
DEMO-DEV-7249,102,2022-10-26T10:02:29.948Z,2026-09-15T00:45:30.778Z
DEMO-DEV-7298,102,2022-10-03T07:09:57.442Z,2026-09-19T14:36:37.557Z
DEMO-DEV-7307,102,2022-12-06T05:33:16.666Z,2026-09-06T16:01:57.692Z
DEMO-DEV-7322,102,2022-10-21T11:28:59.123Z,2026-09-30T00:19:26.612Z
DEMO-DEV-7358,102,2022-10-14T10:08:32.023Z,2026-09-23T20:37:24.784Z
DEMO-DEV-7389,102,2022-10-20T12:07:27.462Z,2026-08-25T09:44:58.524Z
DEMO-DEV-7394,102,2022-10-21T17:22:19.442Z,2026-09-08T21:58:40.884Z
DEMO-DEV-7420,102,2022-10-27T20:15:14.087Z,2026-09-26T11:27:43.075Z
DEMO-DEV-7481,102,2022-10-02T22:20:32.254Z,2026-09-23T02:54:26.120Z
DEMO-DEV-7532,102,2022-10-17T04:44:13.668Z,2026-09-14T16:12:26.308Z
DEMO-DEV-7575,102,2022-11-05T14:01:42.524Z,2026-09-20T12:17:56.913Z
DEMO-DEV-7587,102,2022-11-09T10:55:23.867Z,2026-09-20T12:30:45.497Z
DEMO-DEV-7724,102,2022-10-07T03:20:56.443Z,2026-09-24T15:42:15.040Z
DEMO-DEV-7750,102,2022-10-10T11:51:53.843Z,2026-09-10T08:04:42.063Z
DEMO-DEV-7765,102,2022-10-29T22:04:41.394Z,2026-09-17T05:43:06.682Z
DEMO-DEV-7795,102,2022-10-18T10:09:05.455Z,2026-09-10T07:11:45.315Z
DEMO-DEV-7900,102,2022-10-23T02:35:18.799Z,2026-09-30T05:58:44.985Z
DEMO-DEV-7919,102,2022-10-13T14:51:43.365Z,2026-09-28T09:42:18.023Z
DEMO-DEV-7944,102,2022-10-16T23:36:08.884Z,2026-09-29T08:43:23.272Z
DEMO-DEV-7957,102,2022-10-07T22:06:16.365Z,2026-09-14T13:43:19.246Z
DEMO-DEV-7982,102,2022-10-04T19:24:00.949Z,2026-09-14T09:47:07.500Z
DEMO-DEV-7987,102,2022-10-21T16:41:20.087Z,2026-09-26T01:46:57.368Z
DEMO-DEV-7990,102,2022-10-05T08:44:54.557Z,2026-09-26T21:29:45.224Z
DEMO-DEV-8000,102,2022-10-11T00:48:50.929Z,2026-09-29T01:13:02.816Z
DEMO-DEV-8025,102,2022-10-04T21:10:46.816Z,2026-09-18T09:29:12.168Z
DEMO-DEV-8090,102,2022-10-04T23:29:25.470Z,2026-08-23T15:13:14.914Z
DEMO-DEV-8093,102,2022-11-20T07:35:08.394Z,2026-09-03T21:14:11.315Z
DEMO-DEV-8098,102,2022-10-02T00:28:39.390Z,2026-09-08T04:25:40.843Z
DEMO-DEV-8108,102,2022-10-05T16:57:49.298Z,2026-09-23T17:35:37.038Z
DEMO-DEV-8134,102,2022-11-08T17:17:53.992Z,2026-09-26T00:30:51.366Z
DEMO-DEV-8137,102,2022-10-22T11:18:37.557Z,2026-09-16T15:32:47.950Z
DEMO-DEV-8200,102,2022-10-21T08:05:15.804Z,2026-09-27T21:14:24.987Z
DEMO-DEV-8210,102,2022-10-03T22:59:19.390Z,2026-07-09T05:53:52.799Z
DEMO-DEV-8216,102,2022-10-01T17:17:21.975Z,2026-09-07T21:53:45.287Z
DEMO-DEV-8229,102,2022-11-21T13:55:04.556Z,2026-09-15T21:16:47.150Z
DEMO-DEV-8238,102,2022-10-04T20:29:36.803Z,2026-08-20T20:32:50.190Z
DEMO-DEV-8290,102,2022-10-04T20:24:51.234Z,2026-09-26T21:48:53.291Z
DEMO-DEV-8299,102,2022-10-30T07:51:28.666Z,2026-09-08T22:18:00.203Z
DEMO-DEV-8366,102,2022-10-06T07:42:47.535Z,2026-09-22T17:28:17.511Z
DEMO-DEV-8374,102,2022-10-04T03:16:30.026Z,2026-09-17T10:09:04.004Z
DEMO-DEV-8383,102,2022-10-06T06:54:13.027Z,2026-09-29T10:42:15.218Z
DEMO-DEV-8388,102,2022-11-08T18:36:18.038Z,2026-09-08T05:54:45.308Z
DEMO-DEV-8471,102,2022-10-09T05:05:29.825Z,2026-09-27T20:02:29.397Z
DEMO-DEV-8529,102,2022-11-03T13:43:49.024Z,2026-09-19T03:22:48.219Z
DEMO-DEV-8618,102,2022-10-02T16:39:08.236Z,2026-08-28T21:10:31.354Z
DEMO-DEV-8785,102,2022-10-13T18:05:52.785Z,2026-09-15T19:52:15.618Z
DEMO-DEV-8848,102,2022-12-25T11:25:34.646Z,2026-08-27T13:25:27.710Z
DEMO-DEV-8951,102,2022-10-13T13:08:49.073Z,2026-09-17T21:39:27.183Z
DEMO-DEV-8961,102,2022-10-13T01:34:28.618Z,2026-09-27T11:28:20.727Z
DEMO-DEV-9035,102,2022-10-19T02:08:04.666Z,2026-09-29T23:00:42.752Z
DEMO-DEV-9096,102,2022-10-02T04:17:25.842Z,2026-09-28T17:46:57.238Z
DEMO-DEV-9109,102,2022-10-11T22:17:11.345Z,2026-09-11T14:17:40.172Z
DEMO-DEV-9123,102,2022-10-03T21:46:42.968Z,2026-09-16T17:05:29.287Z
DEMO-DEV-9167,102,2022-10-26T08:33:39.976Z,2026-08-12T21:21:30.612Z
DEMO-DEV-9168,102,2022-10-24T10:35:41.415Z,2026-09-02T11:05:06.466Z
DEMO-DEV-9188,102,2022-10-10T02:07:17.003Z,2026-09-21T18:10:02.390Z
DEMO-DEV-9193,102,2022-10-15T17:06:15.403Z,2026-09-28T11:23:08.345Z
DEMO-DEV-9228,102,2022-10-06T11:41:54.524Z,2026-09-17T07:28:40.172Z
DEMO-DEV-9248,102,2022-10-04T00:32:03.873Z,2026-08-26T06:15:41.224Z
DEMO-DEV-9253,102,2022-10-01T22:40:45.682Z,2026-09-25T19:30:57.325Z
DEMO-DEV-9264,102,2022-10-13T15:28:00.719Z,2026-09-17T05:17:41.004Z
DEMO-DEV-9314,102,2022-10-04T08:02:04.192Z,2026-08-17T18:17:40.682Z
DEMO-DEV-9334,102,2022-10-07T05:27:21.254Z,2026-09-27T08:51:39.368Z
DEMO-DEV-9460,102,2022-10-25T14:15:36.443Z,2026-09-27T00:47:36.470Z
DEMO-DEV-9462,102,2022-10-13T19:41:34.513Z,2026-08-30T09:30:43.636Z
DEMO-DEV-9471,102,2022-10-05T22:03:13.352Z,2026-08-14T15:17:45.784Z
DEMO-DEV-9489,102,2022-10-13T19:18:58.038Z,2026-09-18T19:07:14.646Z
DEMO-DEV-9566,102,2022-10-11T18:04:05.863Z,2026-09-09T21:58:02.123Z
DEMO-DEV-9577,102,2022-10-13T19:12:46.211Z,2026-09-24T04:52:25.239Z
DEMO-DEV-9579,102,2022-12-23T06:37:49.985Z,2026-09-14T14:29:37.485Z
DEMO-DEV-9608,102,2022-10-04T11:03:57.003Z,2026-09-28T11:56:17.929Z
DEMO-DEV-9753,102,2022-11-05T06:03:43.204Z,2026-09-19T12:29:24.221Z
DEMO-DEV-9764,102,2022-10-06T18:49:30.485Z,2026-09-28T07:28:20.253Z
DEMO-DEV-9798,102,2022-10-03T23:48:47.917Z,2026-09-10T13:16:07.289Z
DEMO-DEV-9847,102,2022-10-12T04:53:15.218Z,2026-09-21T20:23:48.992Z
DEMO-DEV-9882,102,2022-10-31T23:23:38.250Z,2026-08-30T12:10:18.161Z
DEMO-DEV-0027,101,2022-10-11T04:31:08.345Z,2026-09-26T12:11:32.203Z
DEMO-DEV-0028,101,2022-10-03T23:18:13.397Z,2026-08-23T15:05:23.165Z
DEMO-DEV-0148,101,2022-10-04T01:43:00.319Z,2026-08-08T08:19:15.839Z
DEMO-DEV-0192,101,2022-10-05T05:56:04.885Z,2026-09-15T23:59:59.811Z
DEMO-DEV-0299,101,2022-10-01T19:56:30.799Z,2026-09-30T07:40:45.646Z
DEMO-DEV-0356,101,2022-10-13T06:37:02.738Z,2026-09-27T23:09:24.291Z
DEMO-DEV-0548,101,2022-11-30T04:02:35.612Z,2026-09-20T06:38:02.661Z
DEMO-DEV-0584,101,2022-10-17T04:23:39.370Z,2026-09-06T17:00:17.390Z
DEMO-DEV-0603,101,2022-10-25T10:39:40.537Z,2026-09-12T01:41:38.537Z
DEMO-DEV-0795,101,2022-11-01T11:28:57.799Z,2026-08-07T19:07:59.368Z
DEMO-DEV-0804,101,2022-11-10T02:36:17.804Z,2026-09-22T07:32:48.913Z
DEMO-DEV-0807,101,2022-11-25T04:12:29.190Z,2026-08-28T07:11:46.950Z
DEMO-DEV-0887,101,2022-10-04T12:50:08.077Z,2026-09-17T15:31:57.799Z
DEMO-DEV-0892,101,2022-10-28T13:57:25.891Z,2026-09-19T21:28:46.605Z
DEMO-DEV-0958,101,2022-10-05T16:58:54.370Z,2026-08-18T13:13:02.948Z
DEMO-DEV-1010,101,2022-11-13T06:56:58.038Z,2026-09-03T04:35:37.950Z
DEMO-DEV-1068,101,2022-10-03T04:22:22.524Z,2026-09-24T23:15:25.578Z
DEMO-DEV-1090,101,2022-10-13T18:14:53.027Z,2026-09-17T20:56:59.668Z
DEMO-DEV-1136,101,2022-10-06T15:09:57.735Z,2026-09-16T15:26:42.804Z
DEMO-DEV-1195,101,2022-10-05T19:17:20.222Z,2026-09-23T15:47:27.302Z
DEMO-DEV-1394,101,2022-10-05T13:43:08.614Z,2026-09-24T04:43:19.289Z
DEMO-DEV-1559,101,2022-10-10T00:09:31.222Z,2026-08-09T02:10:55.653Z
DEMO-DEV-1591,101,2022-10-05T10:13:04.839Z,2026-09-27T02:52:09.402Z
DEMO-DEV-1678,101,2022-10-08T21:46:23.287Z,2026-09-07T22:35:08.232Z
DEMO-DEV-1719,101,2022-10-04T11:32:18.080Z,2026-09-28T03:09:35.508Z
DEMO-DEV-1731,101,2022-10-11T12:05:20.315Z,2026-09-24T17:14:56.172Z
DEMO-DEV-1812,101,2022-10-11T19:36:08.443Z,2026-09-19T18:35:40.208Z
DEMO-DEV-1828,101,2022-10-23T22:14:51.250Z,2026-09-21T00:18:50.165Z
DEMO-DEV-1845,101,2022-10-09T15:01:27.658Z,2026-09-17T11:38:03.785Z
DEMO-DEV-1853,101,2022-10-02T05:12:55.087Z,2026-09-25T13:12:15.189Z
DEMO-DEV-1885,101,2022-10-05T13:50:03.252Z,2026-09-02T17:16:47.508Z
DEMO-DEV-1895,101,2022-10-09T12:56:22.765Z,2026-09-10T08:53:45.816Z
DEMO-DEV-1959,101,2022-10-02T21:16:14.455Z,2026-09-28T23:02:44.841Z
DEMO-DEV-2006,101,2022-10-01T10:01:25.969Z,2026-09-27T00:33:28.655Z
DEMO-DEV-2070,101,2022-10-03T02:04:25.307Z,2026-09-09T06:06:01.225Z
DEMO-DEV-2087,101,2022-10-02T16:31:39.225Z,2026-09-23T16:15:26.658Z
DEMO-DEV-2108,101,2022-11-06T04:20:07.639Z,2026-09-23T10:27:58.505Z
DEMO-DEV-2124,101,2022-10-15T13:52:43.661Z,2026-09-16T07:49:25.873Z
DEMO-DEV-2165,101,2022-10-07T20:14:36.443Z,2026-09-26T16:52:05.319Z
DEMO-DEV-2168,101,2022-10-08T22:27:38.778Z,2026-08-28T14:17:59.816Z
DEMO-DEV-2296,101,2022-10-15T00:52:30.785Z,2026-09-25T14:09:01.841Z
DEMO-DEV-2348,101,2022-10-02T12:51:28.949Z,2026-09-25T00:21:27.038Z
DEMO-DEV-2422,101,2022-10-02T10:18:29.357Z,2026-09-24T21:32:00.795Z
DEMO-DEV-2471,101,2022-10-06T21:27:37.597Z,2026-09-24T06:10:09.863Z
DEMO-DEV-2509,101,2022-10-01T12:02:35.087Z,2026-09-19T19:07:00.969Z
DEMO-DEV-2533,101,2022-10-04T19:56:57.120Z,2026-09-11T04:44:14.811Z
DEMO-DEV-2592,101,2022-10-08T18:14:20.252Z,2026-09-26T14:34:38.403Z
DEMO-DEV-2625,101,2022-10-09T20:26:48.254Z,2026-09-24T00:29:19.646Z
DEMO-DEV-2645,101,2022-10-06T07:07:25.472Z,2026-08-28T04:59:11.519Z
DEMO-DEV-2648,101,2022-10-31T20:03:52.639Z,2026-09-02T06:08:18.027Z
DEMO-DEV-2762,101,2022-10-24T18:00:46.607Z,2026-09-26T03:25:32.308Z
DEMO-DEV-2786,101,2022-10-11T22:52:24.785Z,2026-09-25T02:49:18.403Z
DEMO-DEV-2797,101,2022-10-01T23:07:42.537Z,2026-09-15T09:00:14.676Z
DEMO-DEV-2829,101,2022-10-14T15:24:45.784Z,2026-09-22T03:02:05.370Z
DEMO-DEV-2832,101,2022-10-09T20:31:13.139Z,2026-09-29T11:36:28.778Z
DEMO-DEV-2864,101,2022-10-02T01:12:06.370Z,2026-08-31T05:08:51.203Z
DEMO-DEV-2962,101,2022-10-08T01:06:50.168Z,2026-09-29T00:51:54.523Z
DEMO-DEV-2998,101,2022-10-05T00:10:30.236Z,2026-09-16T03:18:45.250Z
DEMO-DEV-3092,101,2022-10-22T04:34:10.352Z,2026-09-06T15:29:32.785Z
DEMO-DEV-3131,101,2022-10-11T12:35:42.738Z,2026-09-14T20:44:10.246Z
DEMO-DEV-3352,101,2022-10-02T02:52:16.915Z,2026-08-21T23:56:29.139Z
DEMO-DEV-3378,101,2022-10-04T16:47:38.975Z,2026-09-26T08:03:47.618Z
DEMO-DEV-3478,101,2022-10-09T11:51:23.192Z,2026-09-16T15:55:47.315Z
DEMO-DEV-3590,101,2022-10-04T12:50:34.806Z,2026-09-16T20:22:56.884Z
DEMO-DEV-3654,101,2022-10-04T09:51:09.508Z,2026-09-02T03:32:33.658Z
DEMO-DEV-3699,101,2022-10-31T20:39:57.470Z,2026-09-20T15:40:21.366Z
DEMO-DEV-3707,101,2022-10-30T06:45:33.150Z,2026-08-15T09:00:41.291Z
DEMO-DEV-3748,101,2022-10-02T02:19:38.618Z,2026-09-20T04:41:42.950Z
DEMO-DEV-3843,101,2022-10-08T09:54:25.004Z,2026-09-11T16:39:22.792Z
DEMO-DEV-3853,101,2022-10-02T08:59:14.556Z,2026-09-16T06:01:38.786Z
DEMO-DEV-3898,101,2022-10-07T06:37:18.204Z,2026-09-14T15:35:13.915Z
DEMO-DEV-4044,101,2022-10-13T10:29:03.527Z,2026-09-28T01:11:02.885Z
DEMO-DEV-4091,101,2022-11-13T14:43:15.799Z,2026-09-21T05:24:14.189Z
DEMO-DEV-4109,101,2022-10-15T19:48:35.975Z,2026-09-20T13:01:36.545Z
DEMO-DEV-4276,101,2022-10-06T03:13:38.224Z,2026-08-22T04:04:50.232Z
DEMO-DEV-4409,101,2022-10-06T16:43:22.291Z,2026-09-10T00:01:11.298Z
DEMO-DEV-4440,101,2022-10-13T21:43:31.555Z,2026-09-18T03:22:22.915Z
DEMO-DEV-4459,101,2022-10-01T20:23:54.466Z,2026-09-23T15:11:05.784Z
DEMO-DEV-4518,101,2022-10-06T14:52:20.870Z,2026-09-28T18:25:48.885Z
DEMO-DEV-4524,101,2022-10-05T02:50:20.974Z,2026-09-05T20:00:26.636Z
DEMO-DEV-4573,101,2022-10-16T05:31:01.591Z,2026-08-04T07:15:15.784Z
DEMO-DEV-4679,101,2022-10-06T14:47:58.917Z,2026-09-29T23:48:17.254Z
DEMO-DEV-4684,101,2022-10-08T02:38:10.403Z,2026-09-11T05:33:33.291Z
DEMO-DEV-4731,101,2022-10-03T07:16:22.026Z,2026-09-27T22:19:45.646Z
DEMO-DEV-4742,101,2022-10-11T15:21:24.307Z,2026-07-20T04:07:54.365Z
DEMO-DEV-4822,101,2022-10-01T13:53:19.192Z,2026-08-19T23:36:23.160Z
DEMO-DEV-4898,101,2022-10-24T01:24:10.073Z,2026-09-06T07:19:11.254Z
DEMO-DEV-4899,101,2022-10-07T19:58:13.460Z,2026-09-26T22:51:32.394Z
DEMO-DEV-4914,101,2022-10-19T02:38:00.226Z,2026-09-23T16:53:24.682Z
DEMO-DEV-5084,101,2022-10-02T07:56:25.929Z,2026-09-19T04:34:39.824Z
DEMO-DEV-5125,101,2022-10-08T02:38:23.917Z,2026-09-28T23:31:08.204Z
DEMO-DEV-5128,101,2022-10-02T21:40:12.225Z,2026-09-28T07:24:19.836Z
DEMO-DEV-5138,101,2022-10-23T16:22:47.394Z,2026-09-07T10:09:41.226Z
DEMO-DEV-5170,101,2022-10-04T23:24:45.710Z,2026-09-13T00:17:38.308Z
DEMO-DEV-5190,101,2022-10-09T06:37:13.172Z,2026-09-28T13:06:06.836Z
DEMO-DEV-5216,101,2022-10-25T11:41:24.446Z,2026-09-05T04:29:17.462Z
DEMO-DEV-5217,101,2023-01-26T09:19:27.443Z,2026-09-17T06:10:19.442Z
DEMO-DEV-5232,101,2022-11-09T18:29:53.027Z,2026-09-26T13:29:58.545Z
DEMO-DEV-5315,101,2022-10-06T12:34:33.843Z,2026-09-06T18:45:02.597Z
DEMO-DEV-5395,101,2022-10-03T02:30:15.455Z,2026-09-29T20:21:10.345Z
DEMO-DEV-5396,101,2022-10-19T08:06:35.014Z,2026-09-28T18:23:40.234Z
DEMO-DEV-5499,101,2022-11-22T22:47:26.929Z,2026-08-01T18:38:29.806Z
DEMO-DEV-5510,101,2022-10-29T13:05:43.173Z,2026-09-26T10:27:05.352Z
DEMO-DEV-5519,101,2022-10-18T11:47:45.428Z,2026-09-18T01:24:06.075Z
DEMO-DEV-5555,101,2022-10-04T12:30:17.225Z,2026-09-16T12:57:30.442Z
DEMO-DEV-5564,101,2022-10-05T23:11:45.870Z,2026-09-07T05:07:46.646Z
DEMO-DEV-5571,101,2022-10-17T12:10:15.864Z,2026-09-08T03:27:32.068Z
DEMO-DEV-5615,101,2022-10-14T12:48:12.523Z,2026-08-30T16:50:13.234Z
DEMO-DEV-5628,101,2022-10-20T03:22:02.555Z,2026-09-28T11:31:50.167Z
DEMO-DEV-5734,101,2022-10-13T12:14:59.075Z,2026-08-18T05:36:04.682Z
DEMO-DEV-5746,101,2022-10-05T19:03:57.867Z,2026-08-30T04:33:50.077Z
DEMO-DEV-5770,101,2022-10-03T11:34:16.455Z,2026-09-15T15:13:49.661Z
DEMO-DEV-5775,101,2022-10-14T15:39:46.636Z,2026-09-25T04:22:35.173Z
DEMO-DEV-5783,101,2022-10-03T15:45:30.658Z,2026-08-05T07:27:03.224Z
DEMO-DEV-5858,101,2022-10-12T08:52:42.949Z,2026-08-28T22:26:58.045Z
DEMO-DEV-5956,101,2022-10-15T05:31:16.639Z,2026-09-21T14:05:00.015Z
DEMO-DEV-6017,101,2022-10-30T00:04:06.291Z,2026-09-30T00:19:05.287Z
DEMO-DEV-6028,101,2022-10-14T16:11:41.004Z,2026-09-26T22:42:12.077Z
DEMO-DEV-6046,101,2022-10-10T10:15:05.879Z,2026-09-25T22:49:01.443Z
DEMO-DEV-6093,101,2022-10-21T16:34:11.075Z,2026-09-10T09:05:57.219Z
DEMO-DEV-6161,101,2022-10-20T18:24:38.658Z,2026-09-28T11:00:55.966Z
DEMO-DEV-6168,101,2022-10-10T05:11:21.926Z,2026-09-06T13:49:34.370Z
DEMO-DEV-6175,101,2022-11-10T03:31:57.252Z,2026-09-29T17:46:40.302Z
DEMO-DEV-6201,101,2022-10-15T00:57:00.692Z,2026-09-08T16:49:26.985Z
DEMO-DEV-6243,101,2022-10-03T00:08:57.466Z,2026-07-30T11:01:01.298Z
DEMO-DEV-6306,101,2022-10-30T15:48:28.870Z,2026-09-17T08:34:48.557Z
DEMO-DEV-6307,101,2022-10-16T22:38:51.075Z,2026-08-29T23:53:21.352Z
DEMO-DEV-6395,101,2022-11-11T10:28:50.236Z,2026-09-25T00:27:04.676Z
DEMO-DEV-6507,101,2022-10-04T00:55:45.302Z,2026-09-20T20:50:59.302Z
DEMO-DEV-6521,101,2022-10-04T15:36:36.929Z,2026-09-26T05:02:49.409Z
DEMO-DEV-6525,101,2022-10-02T13:28:34.811Z,2026-09-26T23:38:05.885Z
DEMO-DEV-6610,101,2022-10-05T13:09:38.500Z,2026-08-01T07:44:40.232Z
DEMO-DEV-6630,101,2022-10-30T12:31:12.793Z,2026-08-15T21:05:55.134Z
DEMO-DEV-6679,101,2022-10-08T09:22:01.825Z,2026-09-28T01:10:53.485Z
DEMO-DEV-6873,101,2022-10-26T18:09:59.167Z,2026-09-22T21:07:21.752Z
DEMO-DEV-6896,101,2022-10-06T07:54:01.873Z,2026-09-04T15:06:19.428Z
DEMO-DEV-6903,101,2022-10-06T08:38:54.785Z,2026-09-19T13:06:44.298Z
DEMO-DEV-6909,101,2022-10-12T16:10:58.003Z,2026-09-28T01:11:07.205Z
DEMO-DEV-7018,101,2022-10-06T00:33:47.087Z,2026-09-04T18:17:56.607Z
DEMO-DEV-7039,101,2022-10-07T00:19:09.397Z,2026-09-28T07:51:20.075Z
DEMO-DEV-7189,101,2022-10-22T08:07:29.485Z,2026-09-22T19:54:18.891Z
DEMO-DEV-7242,101,2022-10-03T20:33:58.203Z,2026-09-25T07:53:41.073Z
DEMO-DEV-7278,101,2022-10-11T21:02:16.867Z,2026-09-25T10:46:54.513Z
DEMO-DEV-7330,101,2022-10-24T21:26:40.173Z,2026-07-28T12:08:08.139Z
DEMO-DEV-7333,101,2022-10-08T15:35:17.004Z,2026-08-14T18:43:22.524Z
DEMO-DEV-7360,101,2022-10-04T18:16:00.785Z,2026-09-23T13:01:13.976Z
DEMO-DEV-7376,101,2022-10-02T02:20:20.221Z,2026-09-05T23:17:29.368Z
DEMO-DEV-7378,101,2022-10-05T14:49:07.612Z,2026-09-11T05:33:00.222Z
DEMO-DEV-7379,101,2022-10-05T21:57:16.786Z,2026-09-15T22:00:03.591Z
DEMO-DEV-7453,101,2022-10-01T15:28:02.968Z,2026-09-22T23:46:16.289Z
DEMO-DEV-7536,101,2022-10-16T16:04:55.205Z,2026-09-24T04:47:34.804Z
DEMO-DEV-7544,101,2022-10-28T02:37:29.004Z,2026-09-23T15:56:26.879Z
DEMO-DEV-7636,101,2022-10-07T14:54:14.370Z,2026-09-21T09:26:17.357Z
DEMO-DEV-7688,101,2022-10-08T09:23:41.786Z,2026-09-08T08:12:19.692Z
DEMO-DEV-7700,101,2022-10-15T02:27:33.004Z,2026-09-06T04:34:20.692Z
DEMO-DEV-7733,101,2022-10-16T22:56:36.727Z,2026-09-13T16:48:51.949Z
DEMO-DEV-7757,101,2022-10-06T01:26:44.817Z,2026-09-11T07:40:07.415Z
DEMO-DEV-7764,101,2022-10-01T12:47:07.063Z,2026-08-31T13:07:02.428Z
DEMO-DEV-7898,101,2022-10-03T01:45:26.225Z,2026-09-07T00:28:57.397Z
DEMO-DEV-7907,101,2022-10-07T21:53:00.253Z,2026-09-28T12:39:35.985Z
DEMO-DEV-7978,101,2022-10-07T05:41:35.325Z,2026-09-29T10:29:54.738Z
DEMO-DEV-7993,101,2022-11-01T12:17:04.505Z,2026-09-04T18:00:10.836Z
DEMO-DEV-8057,101,2022-12-03T04:54:04.219Z,2026-09-27T20:15:20.614Z
DEMO-DEV-8067,101,2022-10-21T01:54:19.024Z,2026-09-29T17:44:46.365Z
DEMO-DEV-8109,101,2022-10-08T18:33:01.811Z,2026-09-11T11:32:48.167Z
DEMO-DEV-8125,101,2022-10-04T10:02:32.859Z,2026-09-16T10:48:26.073Z
DEMO-DEV-8159,101,2022-10-03T17:06:39.537Z,2026-09-17T23:01:29.226Z
DEMO-DEV-8180,101,2022-10-15T03:14:35.993Z,2026-09-24T06:55:02.307Z
DEMO-DEV-8214,101,2022-10-07T18:12:48.090Z,2026-09-21T13:44:45.172Z
DEMO-DEV-8243,101,2022-10-07T07:04:47.370Z,2026-09-14T08:00:06.253Z
DEMO-DEV-8268,101,2022-10-19T17:22:40.402Z,2026-09-25T07:10:52.873Z
DEMO-DEV-8280,101,2022-10-04T23:21:13.653Z,2026-09-27T02:52:36.891Z
DEMO-DEV-8308,101,2022-11-18T09:04:39.556Z,2026-09-28T11:54:14.003Z
DEMO-DEV-8310,101,2022-10-18T12:22:24.646Z,2026-09-24T02:50:40.024Z
DEMO-DEV-8500,101,2022-10-14T19:16:43.168Z,2026-09-20T21:08:27.300Z
DEMO-DEV-8515,101,2022-10-03T01:31:31.165Z,2026-09-24T21:07:27.337Z
DEMO-DEV-8568,101,2022-11-06T03:48:54.319Z,2026-09-19T04:46:24.993Z
DEMO-DEV-8569,101,2022-10-07T05:41:09.948Z,2026-09-22T00:42:47.879Z
DEMO-DEV-8583,101,2022-10-07T20:48:22.846Z,2026-09-21T05:19:49.160Z
DEMO-DEV-8678,101,2022-11-16T21:21:53.027Z,2026-09-20T04:45:29.087Z
DEMO-DEV-8696,101,2022-10-03T19:02:29.337Z,2026-09-03T15:56:08.368Z
DEMO-DEV-8764,101,2022-10-05T03:41:48.080Z,2026-09-27T05:37:36.786Z
DEMO-DEV-8833,101,2022-11-16T05:43:09.368Z,2026-09-27T04:15:18.710Z
DEMO-DEV-8904,101,2022-10-23T07:38:48.578Z,2026-09-19T07:12:44.038Z
DEMO-DEV-8974,101,2022-11-01T00:20:36.537Z,2026-08-10T02:16:17.879Z
DEMO-DEV-8996,101,2022-10-05T13:06:15.337Z,2026-09-23T13:14:56.230Z
DEMO-DEV-8998,101,2022-10-08T09:03:02.319Z,2026-09-20T06:34:49.203Z
DEMO-DEV-8999,101,2022-10-14T09:54:09.466Z,2026-09-15T23:16:04.368Z
DEMO-DEV-9044,101,2022-10-10T01:53:53.914Z,2026-09-10T23:44:09.523Z
DEMO-DEV-9117,101,2022-11-24T14:14:45.497Z,2026-09-24T16:48:14.352Z
DEMO-DEV-9131,101,2022-10-10T18:06:13.189Z,2026-09-05T14:32:58.668Z
DEMO-DEV-9171,101,2022-10-03T11:47:59.865Z,2026-09-17T08:10:12.026Z
DEMO-DEV-9300,101,2022-10-13T23:47:49.023Z,2026-09-04T10:05:44.250Z
DEMO-DEV-9311,101,2022-10-13T16:41:36.754Z,2026-08-11T09:10:06.612Z
DEMO-DEV-9320,101,2022-10-09T18:14:35.636Z,2026-09-26T04:16:31.568Z
DEMO-DEV-9355,101,2022-10-18T03:26:55.023Z,2026-09-22T09:53:53.120Z
DEMO-DEV-9446,101,2022-10-08T20:55:32.785Z,2026-09-14T15:17:38.319Z
DEMO-DEV-9500,101,2022-10-30T14:35:39.926Z,2026-09-02T08:54:25.578Z
DEMO-DEV-9509,101,2022-10-12T02:06:36.319Z,2026-08-27T18:59:21.778Z
DEMO-DEV-9542,101,2022-10-10T17:03:42.976Z,2026-09-23T16:56:40.167Z
DEMO-DEV-9552,101,2022-10-09T15:28:10.345Z,2026-09-27T14:22:49.165Z
DEMO-DEV-9565,101,2022-10-01T21:22:44.073Z,2026-09-14T20:57:16.929Z
DEMO-DEV-9567,101,2022-10-16T07:11:42.646Z,2026-09-11T20:03:20.682Z
DEMO-DEV-9629,101,2022-10-31T01:33:03.218Z,2026-09-16T22:47:09.735Z
DEMO-DEV-9696,101,2022-10-04T09:44:57.817Z,2026-09-10T03:56:31.646Z
DEMO-DEV-9735,101,2022-10-23T02:50:44.785Z,2026-09-27T19:14:43.825Z
DEMO-DEV-9807,101,2022-10-07T03:05:13.584Z,2026-09-15T13:20:50.612Z
DEMO-DEV-9837,101,2022-10-11T07:59:49.230Z,2026-09-22T12:58:51.239Z
DEMO-DEV-9838,101,2022-11-02T22:29:54.345Z,2026-09-16T20:15:24.557Z
DEMO-DEV-9860,101,2022-10-11T08:03:05.885Z,2026-08-29T00:38:13.792Z
DEMO-DEV-9971,101,2022-12-01T05:37:11.403Z,2026-09-12T05:39:11.803Z
DEMO-DEV-0026,100,2022-10-02T09:35:09.841Z,2026-09-09T12:42:41.646Z
DEMO-DEV-0110,100,2022-10-19T05:10:54.120Z,2026-09-27T17:12:46.578Z
DEMO-DEV-0161,100,2022-10-06T04:34:33.165Z,2026-09-06T22:02:52.239Z
DEMO-DEV-0182,100,2022-11-22T21:00:08.968Z,2026-09-13T09:50:06.462Z
DEMO-DEV-0349,100,2022-10-03T21:54:47.236Z,2026-09-27T22:57:21.754Z
DEMO-DEV-0350,100,2022-10-10T22:23:20.537Z,2026-09-19T11:59:52.230Z
DEMO-DEV-0447,100,2022-10-13T02:47:45.648Z,2026-09-07T11:26:28.965Z
DEMO-DEV-0493,100,2022-10-10T17:14:39.989Z,2026-09-27T12:58:20.752Z
DEMO-DEV-0524,100,2022-10-09T07:41:38.688Z,2026-09-17T09:00:31.778Z
DEMO-DEV-0525,100,2022-10-04T04:45:51.692Z,2026-08-22T23:20:10.966Z
DEMO-DEV-0580,100,2022-10-19T10:21:39.864Z,2026-09-19T21:58:31.460Z
DEMO-DEV-0597,100,2022-11-20T23:43:57.785Z,2026-09-24T20:08:16.253Z
DEMO-DEV-0617,100,2022-11-17T06:03:13.597Z,2026-09-21T21:01:53.535Z
DEMO-DEV-0643,100,2022-10-01T10:26:01.843Z,2026-09-08T16:11:49.719Z
DEMO-DEV-0670,100,2022-10-31T17:56:38.993Z,2026-09-21T02:07:35.846Z
DEMO-DEV-0722,100,2022-10-25T05:50:16.513Z,2026-09-19T20:34:05.846Z
DEMO-DEV-0773,100,2022-10-07T06:29:37.917Z,2026-09-19T10:00:15.765Z
DEMO-DEV-0788,100,2022-10-05T02:39:35.308Z,2026-09-16T19:14:35.865Z
DEMO-DEV-0848,100,2022-10-02T16:37:34.021Z,2026-09-27T23:02:31.825Z
DEMO-DEV-0901,100,2022-10-03T07:53:03.497Z,2026-09-19T15:01:48.208Z
DEMO-DEV-0907,100,2022-10-21T01:58:33.870Z,2026-08-12T02:38:20.472Z
DEMO-DEV-0965,100,2022-10-17T16:17:14.836Z,2026-09-26T17:34:04.803Z
DEMO-DEV-0967,100,2022-11-01T11:36:11.851Z,2026-08-27T11:41:07.402Z
DEMO-DEV-0995,100,2022-10-11T07:41:54.234Z,2026-09-08T11:00:19.370Z
DEMO-DEV-0997,100,2022-10-05T23:34:53.892Z,2026-09-23T10:11:37.864Z
DEMO-DEV-1037,100,2022-11-01T12:09:30.682Z,2026-09-22T13:43:00.578Z
DEMO-DEV-1092,100,2022-10-13T00:12:01.307Z,2026-09-18T02:47:15.222Z
DEMO-DEV-1107,100,2022-10-03T16:51:13.291Z,2026-09-18T01:47:56.792Z
DEMO-DEV-1201,100,2022-10-05T18:05:30.234Z,2026-09-26T02:19:31.254Z
DEMO-DEV-1313,100,2022-10-08T15:52:55.524Z,2026-09-20T01:12:04.666Z
DEMO-DEV-1355,100,2022-10-07T19:49:18.319Z,2026-09-28T01:26:11.203Z
DEMO-DEV-1498,100,2022-10-02T08:17:07.841Z,2026-08-28T21:29:10.500Z
DEMO-DEV-1615,100,2022-10-05T14:42:50.568Z,2026-09-20T22:13:04.738Z
DEMO-DEV-1628,100,2022-10-02T06:44:56.354Z,2026-09-19T23:05:44.607Z
DEMO-DEV-1642,100,2022-10-01T16:49:02.719Z,2026-09-07T14:46:23.968Z
DEMO-DEV-1683,100,2022-10-28T21:43:29.843Z,2026-09-21T16:49:41.513Z
DEMO-DEV-1760,100,2022-10-07T05:17:07.402Z,2026-09-28T20:11:26.865Z
DEMO-DEV-1799,100,2022-10-31T09:57:43.578Z,2026-09-27T15:16:46.968Z
DEMO-DEV-1863,100,2022-10-02T03:52:53.804Z,2026-09-05T02:19:27.308Z
DEMO-DEV-1979,100,2022-10-30T06:41:53.403Z,2026-09-28T16:04:19.803Z
DEMO-DEV-2027,100,2022-10-02T16:40:42.403Z,2026-09-26T18:29:25.204Z
DEMO-DEV-2048,100,2022-10-08T10:42:59.253Z,2026-09-18T16:51:01.221Z
DEMO-DEV-2120,100,2022-10-23T15:36:20.446Z,2026-08-07T06:19:55.824Z
DEMO-DEV-2192,100,2022-10-11T09:39:18.965Z,2026-09-13T03:39:06.948Z
DEMO-DEV-2216,100,2022-10-02T19:41:46.370Z,2026-09-14T21:29:22.183Z
DEMO-DEV-2238,100,2022-11-04T00:30:16.646Z,2026-07-24T21:02:05.811Z
DEMO-DEV-2498,100,2022-10-03T09:42:45.599Z,2026-09-12T19:42:42.428Z
DEMO-DEV-2660,100,2022-11-03T20:31:28.120Z,2026-09-22T23:16:50.190Z
DEMO-DEV-2683,100,2022-10-22T16:50:54.024Z,2026-09-23T08:42:25.612Z
DEMO-DEV-2777,100,2022-11-09T00:44:59.205Z,2026-09-20T08:46:18.189Z
DEMO-DEV-2811,100,2022-10-17T09:32:59.658Z,2026-09-05T12:16:52.254Z
DEMO-DEV-2848,100,2022-10-15T01:24:36.825Z,2026-09-30T06:01:38.232Z
DEMO-DEV-2868,100,2022-10-17T16:02:13.402Z,2026-09-26T10:23:08.068Z
DEMO-DEV-2916,100,2022-12-11T05:06:16.618Z,2026-09-28T14:25:54.428Z
DEMO-DEV-2926,100,2022-10-20T01:24:45.190Z,2026-09-15T00:54:19.090Z
DEMO-DEV-3004,100,2022-10-20T21:15:56.226Z,2026-09-25T17:21:15.535Z
DEMO-DEV-3028,100,2022-10-15T17:09:03.727Z,2026-09-07T05:51:25.950Z
DEMO-DEV-3031,100,2022-10-08T14:01:04.578Z,2026-09-15T10:38:36.390Z
DEMO-DEV-3046,100,2022-10-09T13:59:28.455Z,2026-09-06T17:32:35.976Z
DEMO-DEV-3060,100,2022-10-08T04:43:03.139Z,2026-09-25T17:10:46.300Z
DEMO-DEV-3105,100,2022-10-06T18:28:35.205Z,2026-09-08T00:00:34.160Z
DEMO-DEV-3116,100,2022-10-05T05:33:50.784Z,2026-09-12T14:43:40.218Z
DEMO-DEV-3148,100,2022-11-01T20:15:16.204Z,2026-07-17T18:28:48.710Z
DEMO-DEV-3189,100,2022-10-18T07:23:00.368Z,2026-09-29T22:40:22.668Z
DEMO-DEV-3199,100,2022-10-16T13:06:45.523Z,2026-09-11T21:42:35.568Z
DEMO-DEV-3205,100,2022-11-09T21:31:40.524Z,2026-09-24T23:32:50.307Z
DEMO-DEV-3222,100,2022-10-06T21:46:39.591Z,2026-09-18T13:30:16.892Z
DEMO-DEV-3314,100,2022-10-30T20:25:06.026Z,2026-09-30T01:25:34.368Z
DEMO-DEV-3326,100,2022-10-14T12:07:47.804Z,2026-09-09T07:47:25.618Z
DEMO-DEV-3369,100,2022-10-01T15:52:53.234Z,2026-09-26T06:40:26.460Z
DEMO-DEV-3381,100,2022-10-01T09:21:32.307Z,2026-09-20T20:57:36.045Z
DEMO-DEV-3399,100,2022-10-04T19:08:12.155Z,2026-09-23T22:41:20.254Z
DEMO-DEV-3411,100,2022-10-03T02:02:24.859Z,2026-09-28T09:04:53.836Z
DEMO-DEV-3421,100,2022-10-13T23:57:41.702Z,2026-09-04T13:02:54.914Z
DEMO-DEV-3452,100,2022-10-11T15:17:09.120Z,2026-09-26T15:22:51.666Z
DEMO-DEV-3475,100,2022-11-30T03:39:58.394Z,2026-09-28T20:26:34.298Z
DEMO-DEV-3535,100,2022-11-08T01:40:50.057Z,2026-08-20T07:36:54.584Z
DEMO-DEV-3652,100,2022-10-15T09:24:46.090Z,2026-09-28T13:56:18.989Z
DEMO-DEV-3667,100,2022-10-20T22:00:56.976Z,2026-09-28T16:29:39.370Z
DEMO-DEV-3672,100,2022-10-12T12:12:43.891Z,2026-06-24T12:23:10.428Z
DEMO-DEV-3732,100,2022-10-11T17:08:18.527Z,2026-09-30T04:27:41.428Z
DEMO-DEV-3740,100,2022-10-07T00:21:50.015Z,2026-09-20T02:57:07.817Z
DEMO-DEV-3897,100,2022-10-11T04:36:00.976Z,2026-09-23T20:53:19.302Z
DEMO-DEV-3974,100,2022-10-02T21:44:30.232Z,2026-09-29T20:13:40.799Z
DEMO-DEV-4031,100,2022-10-05T15:47:48.785Z,2026-09-16T13:37:56.172Z
DEMO-DEV-4052,100,2022-11-19T17:51:15.403Z,2026-09-25T22:45:22.839Z
DEMO-DEV-4067,100,2022-10-02T11:13:29.236Z,2026-07-14T15:58:29.391Z
DEMO-DEV-4073,100,2022-10-14T14:58:51.254Z,2026-09-29T12:15:41.658Z
DEMO-DEV-4120,100,2022-10-06T21:13:18.014Z,2026-09-20T19:20:16.614Z
DEMO-DEV-4205,100,2022-10-14T13:38:18.352Z,2026-08-26T15:45:57.068Z
DEMO-DEV-4370,100,2022-10-21T21:07:28.578Z,2026-09-12T12:06:13.087Z
DEMO-DEV-4374,100,2022-10-10T19:36:01.863Z,2026-09-22T08:31:01.004Z
DEMO-DEV-4384,100,2022-10-22T10:46:07.352Z,2026-09-15T17:01:31.523Z
DEMO-DEV-4401,100,2022-10-03T04:16:39.014Z,2026-08-28T17:54:00.253Z
DEMO-DEV-4415,100,2022-10-12T00:43:31.239Z,2026-09-16T14:59:31.077Z
DEMO-DEV-4501,100,2022-10-27T10:32:48.172Z,2026-08-26T23:42:11.824Z
DEMO-DEV-4547,100,2022-10-03T00:09:22.877Z,2026-09-10T22:51:52.555Z
DEMO-DEV-4699,100,2022-11-30T14:04:25.527Z,2026-09-20T02:43:53.989Z
DEMO-DEV-4709,100,2022-10-10T05:58:22.863Z,2026-09-08T02:01:26.792Z
DEMO-DEV-4767,100,2022-10-02T05:35:10.877Z,2026-08-21T06:16:10.816Z
DEMO-DEV-4824,100,2022-10-07T16:21:30.969Z,2026-09-20T21:21:27.397Z
DEMO-DEV-4864,100,2022-10-07T02:26:02.460Z,2026-09-22T10:54:14.446Z
DEMO-DEV-4958,100,2022-10-24T11:54:00.806Z,2026-09-29T00:02:10.612Z
DEMO-DEV-5040,100,2022-10-11T12:32:05.232Z,2026-09-23T06:26:49.968Z
DEMO-DEV-5079,100,2022-10-09T19:00:04.692Z,2026-09-16T23:25:28.778Z
DEMO-DEV-5151,100,2022-10-10T19:54:50.160Z,2026-09-28T21:14:21.225Z
DEMO-DEV-5208,100,2022-10-12T09:31:45.073Z,2026-09-22T04:23:29.391Z
DEMO-DEV-5222,100,2022-10-25T10:48:36.535Z,2026-09-11T00:24:49.825Z
DEMO-DEV-5244,100,2022-10-13T22:45:28.949Z,2026-09-21T00:14:21.661Z
DEMO-DEV-5366,100,2022-10-04T13:15:40.470Z,2026-09-24T21:27:55.224Z
DEMO-DEV-5377,100,2022-10-08T07:45:25.965Z,2026-09-29T19:42:43.646Z
DEMO-DEV-5435,100,2022-10-01T08:37:32.037Z,2026-09-09T08:00:46.929Z
DEMO-DEV-5481,100,2022-10-14T06:51:52.080Z,2026-09-08T12:49:48.884Z
DEMO-DEV-5630,100,2022-10-07T17:07:44.172Z,2026-08-12T02:50:01.015Z
DEMO-DEV-5653,100,2022-10-30T12:31:31.795Z,2026-09-17T10:29:45.836Z
DEMO-DEV-5766,100,2022-10-15T19:47:06.508Z,2026-08-27T08:11:54.950Z
DEMO-DEV-5981,100,2022-11-14T10:56:47.929Z,2026-09-23T08:44:26.462Z
DEMO-DEV-6024,100,2022-10-11T13:27:14.485Z,2026-08-18T20:52:02.885Z
DEMO-DEV-6039,100,2022-10-07T03:59:02.989Z,2026-09-27T16:53:29.985Z
DEMO-DEV-6081,100,2022-10-08T11:55:40.038Z,2026-09-26T18:10:01.160Z
DEMO-DEV-6250,100,2022-10-26T03:24:54.824Z,2026-09-20T20:49:08.842Z
DEMO-DEV-6254,100,2022-10-02T10:53:07.508Z,2026-09-01T12:23:56.873Z
DEMO-DEV-6327,100,2022-10-05T11:49:08.867Z,2026-09-17T20:09:09.778Z
DEMO-DEV-6401,100,2022-10-04T16:24:55.879Z,2026-09-18T23:38:59.793Z
DEMO-DEV-6415,100,2022-11-01T07:11:37.668Z,2026-09-19T08:53:15.045Z
DEMO-DEV-6458,100,2022-10-01T09:30:35.250Z,2026-09-06T05:15:07.864Z
DEMO-DEV-6503,100,2022-10-21T18:14:31.816Z,2026-09-28T13:16:08.511Z
DEMO-DEV-6552,100,2022-11-26T06:30:34.524Z,2026-09-18T00:21:34.719Z
DEMO-DEV-6556,100,2022-10-20T18:59:50.222Z,2026-08-27T03:55:25.969Z
DEMO-DEV-6559,100,2022-10-13T19:59:13.782Z,2026-09-12T17:50:04.472Z
DEMO-DEV-6687,100,2022-10-06T08:07:21.368Z,2026-08-01T15:53:38.403Z
DEMO-DEV-6722,100,2022-10-10T13:34:04.155Z,2026-09-17T23:05:22.015Z
DEMO-DEV-6752,100,2022-10-05T19:19:59.524Z,2026-09-28T01:45:47.599Z
DEMO-DEV-6764,100,2022-10-05T18:09:55.205Z,2026-09-24T22:01:13.992Z
DEMO-DEV-6823,100,2022-11-05T21:19:58.354Z,2026-09-25T13:16:06.190Z
DEMO-DEV-6890,100,2022-11-03T17:25:48.068Z,2026-07-26T13:34:25.965Z
DEMO-DEV-6960,100,2022-10-05T14:25:50.989Z,2026-09-08T19:17:08.545Z
DEMO-DEV-6965,100,2022-10-19T19:51:47.754Z,2026-09-25T16:19:40.014Z
DEMO-DEV-6968,100,2022-10-10T21:31:54.204Z,2026-09-14T04:04:27.319Z
DEMO-DEV-6973,100,2022-10-04T05:00:25.366Z,2026-09-24T15:44:31.172Z
DEMO-DEV-6980,100,2022-10-08T10:46:27.307Z,2026-08-27T01:14:48.966Z
DEMO-DEV-7029,100,2022-10-15T02:40:04.403Z,2026-09-28T03:11:43.710Z
DEMO-DEV-7049,100,2022-10-02T16:16:34.236Z,2026-09-03T22:56:53.138Z
DEMO-DEV-7065,100,2022-10-05T09:59:03.226Z,2026-09-04T22:09:46.345Z
DEMO-DEV-7204,100,2022-10-07T05:59:31.524Z,2026-09-08T11:01:50.605Z
DEMO-DEV-7244,100,2022-10-16T14:10:16.397Z,2026-09-28T05:31:55.027Z
DEMO-DEV-7313,100,2022-10-06T01:41:06.288Z,2026-09-28T02:59:07.846Z
DEMO-DEV-7328,100,2022-10-24T20:02:59.555Z,2026-09-17T13:50:57.443Z
DEMO-DEV-7380,100,2022-10-05T19:36:47.218Z,2026-09-21T11:09:33.455Z
DEMO-DEV-7414,100,2022-10-04T11:57:35.985Z,2026-09-19T05:34:11.612Z
DEMO-DEV-7473,100,2022-10-06T23:35:17.975Z,2026-06-25T19:09:15.692Z
DEMO-DEV-7493,100,2022-10-01T09:55:39.370Z,2026-08-26T05:30:01.508Z
DEMO-DEV-7526,100,2022-10-04T12:24:46.870Z,2026-08-15T21:19:42.120Z
DEMO-DEV-7557,100,2022-10-04T02:19:32.023Z,2026-09-20T01:07:29.646Z
DEMO-DEV-7562,100,2022-10-04T03:14:07.692Z,2026-09-22T11:42:09.948Z
DEMO-DEV-7580,100,2022-10-25T09:38:12.354Z,2026-09-21T02:03:18.190Z
DEMO-DEV-7581,100,2022-11-11T08:13:23.253Z,2026-09-17T06:06:23.914Z
DEMO-DEV-7613,100,2022-10-05T05:04:56.485Z,2026-09-01T08:05:24.366Z
DEMO-DEV-7671,100,2022-11-14T00:05:20.949Z,2026-09-04T04:42:23.211Z
DEMO-DEV-7701,100,2022-10-23T23:53:40.786Z,2026-09-17T03:23:10.190Z
DEMO-DEV-7716,100,2022-10-04T04:36:12.268Z,2026-09-24T19:03:37.315Z
DEMO-DEV-7815,100,2022-10-06T00:12:48.211Z,2026-09-23T14:48:54.555Z
DEMO-DEV-8071,100,2022-10-29T03:53:45.462Z,2026-09-29T12:03:27.505Z
DEMO-DEV-8087,100,2022-10-12T02:38:57.172Z,2026-09-06T06:04:05.057Z
DEMO-DEV-8158,100,2022-10-06T05:47:56.345Z,2026-08-26T19:20:56.045Z
DEMO-DEV-8278,100,2022-10-03T11:40:06.226Z,2026-09-29T01:31:57.234Z
DEMO-DEV-8334,100,2022-10-25T09:49:39.298Z,2026-09-16T06:18:55.250Z
DEMO-DEV-8353,100,2022-10-05T15:57:28.804Z,2026-09-14T15:30:00.120Z
DEMO-DEV-8369,100,2022-10-07T03:26:56.969Z,2026-09-28T05:28:11.319Z
DEMO-DEV-8378,100,2022-10-17T05:13:34.992Z,2026-09-10T06:12:04.612Z
DEMO-DEV-8475,100,2022-10-04T02:37:47.123Z,2026-09-12T08:02:48.885Z
DEMO-DEV-8477,100,2022-10-14T03:23:12.291Z,2026-09-05T21:58:10.969Z
DEMO-DEV-8497,100,2022-10-24T21:33:37.976Z,2026-09-25T03:10:00.557Z
DEMO-DEV-8648,100,2022-10-06T22:22:02.203Z,2026-09-28T19:04:39.218Z
DEMO-DEV-8691,100,2022-10-23T10:52:13.497Z,2026-09-22T21:27:51.172Z
DEMO-DEV-8712,100,2022-10-22T07:43:47.778Z,2026-09-28T13:52:31.218Z
DEMO-DEV-8823,100,2022-10-29T18:03:36.015Z,2026-09-17T08:37:46.368Z
DEMO-DEV-8879,100,2022-10-06T09:42:37.403Z,2026-09-29T01:13:47.519Z
DEMO-DEV-8917,100,2022-10-03T03:40:50.784Z,2026-09-17T19:24:31.397Z
DEMO-DEV-9043,100,2022-10-05T15:43:49.300Z,2026-09-12T11:47:05.120Z
DEMO-DEV-9078,100,2022-10-02T06:59:53.817Z,2026-09-28T01:34:55.969Z
DEMO-DEV-9113,100,2022-10-13T19:03:54.682Z,2026-09-19T17:34:02.236Z
DEMO-DEV-9148,100,2022-10-18T04:32:54.150Z,2026-09-15T21:28:53.992Z
DEMO-DEV-9162,100,2022-10-09T16:40:11.863Z,2026-09-27T02:23:31.804Z
DEMO-DEV-9163,100,2022-11-20T05:47:47.578Z,2026-09-26T00:34:06.605Z
DEMO-DEV-9165,100,2022-10-03T03:02:34.508Z,2026-09-24T05:38:04.080Z
DEMO-DEV-9229,100,2022-10-02T17:53:43.218Z,2026-09-16T11:32:08.387Z
DEMO-DEV-9230,100,2022-10-02T11:17:28.026Z,2026-09-29T16:05:57.676Z
DEMO-DEV-9243,100,2022-10-16T13:20:23.836Z,2026-09-29T16:24:07.239Z
DEMO-DEV-9249,100,2022-10-10T12:21:48.597Z,2026-07-31T01:02:33.289Z
DEMO-DEV-9262,100,2022-11-04T17:24:05.879Z,2026-09-09T23:27:15.519Z
DEMO-DEV-9336,100,2022-10-04T11:59:37.172Z,2026-09-05T02:36:20.190Z
DEMO-DEV-9390,100,2022-10-02T12:05:03.205Z,2026-09-30T01:20:04.568Z
DEMO-DEV-9399,100,2022-10-25T05:47:31.024Z,2026-09-03T22:19:58.291Z
DEMO-DEV-9702,100,2022-11-18T13:23:08.250Z,2026-09-06T18:50:40.527Z
DEMO-DEV-9707,100,2022-11-04T14:17:20.648Z,2026-09-15T16:59:14.545Z
DEMO-DEV-9728,100,2022-10-05T18:55:10.232Z,2026-09-29T19:24:24.535Z
DEMO-DEV-9744,100,2022-10-22T01:29:18.139Z,2026-09-20T01:43:36.337Z
DEMO-DEV-9781,100,2022-10-13T19:00:54.485Z,2026-09-26T06:50:01.307Z
DEMO-DEV-9784,100,2022-10-24T22:36:44.160Z,2026-09-20T14:46:49.026Z
DEMO-DEV-9800,100,2022-10-03T19:01:52.806Z,2026-09-11T04:54:34.974Z
DEMO-DEV-9880,100,2022-10-03T07:22:55.023Z,2026-09-16T03:42:20.315Z
DEMO-DEV-9976,100,2022-10-02T23:04:43.873Z,2026-09-20T07:28:09.965Z
DEMO-DEV-0154,99,2022-10-20T21:21:43.584Z,2026-09-03T00:26:48.987Z
DEMO-DEV-0366,99,2022-10-05T10:28:45.555Z,2026-09-08T23:12:49.754Z
DEMO-DEV-0394,99,2022-10-07T11:08:36.792Z,2026-09-29T03:22:30.676Z
DEMO-DEV-0451,99,2022-10-04T07:05:48.965Z,2026-09-28T05:14:40.816Z
DEMO-DEV-0488,99,2022-10-24T03:12:41.555Z,2026-09-17T03:26:22.307Z
DEMO-DEV-0515,99,2022-10-19T02:01:07.150Z,2026-09-06T20:28:46.352Z
DEMO-DEV-0591,99,2022-10-11T17:46:09.584Z,2026-09-24T01:00:48.754Z
DEMO-DEV-0669,99,2022-10-07T11:47:09.027Z,2026-09-26T13:57:20.535Z
DEMO-DEV-0755,99,2022-10-23T03:46:37.765Z,2026-09-23T16:03:28.268Z
DEMO-DEV-0776,99,2022-10-15T03:55:21.646Z,2026-09-12T07:51:56.500Z
DEMO-DEV-0905,99,2022-10-12T20:18:11.806Z,2026-09-10T07:18:02.268Z
DEMO-DEV-0977,99,2022-10-28T20:30:18.661Z,2026-08-07T19:56:23.462Z
DEMO-DEV-0978,99,2022-10-06T15:17:08.493Z,2026-09-07T10:03:10.239Z
DEMO-DEV-1023,99,2022-10-17T09:23:46.803Z,2026-09-28T16:08:17.190Z
DEMO-DEV-1039,99,2022-10-30T01:33:01.806Z,2026-08-31T05:41:46.682Z
DEMO-DEV-1079,99,2022-10-12T16:50:06.026Z,2026-09-26T15:42:03.003Z
DEMO-DEV-1087,99,2022-10-10T21:27:10.584Z,2026-09-27T05:22:08.037Z
DEMO-DEV-1099,99,2022-10-05T02:51:26.161Z,2026-09-30T04:43:52.859Z
DEMO-DEV-1103,99,2022-10-04T22:46:30.870Z,2026-09-29T23:30:18.666Z
DEMO-DEV-1110,99,2022-10-05T23:20:36.816Z,2026-09-26T06:36:45.397Z
DEMO-DEV-1285,99,2022-10-07T02:10:57.793Z,2026-09-15T01:20:17.232Z
DEMO-DEV-1322,99,2022-10-16T11:54:14.160Z,2026-09-26T03:54:39.661Z
DEMO-DEV-1341,99,2022-10-21T10:56:28.929Z,2026-09-15T18:51:25.300Z
DEMO-DEV-1383,99,2022-10-20T04:06:03.403Z,2026-08-22T05:03:46.352Z
DEMO-DEV-1428,99,2022-10-16T12:01:45.289Z,2026-08-20T04:57:39.926Z
DEMO-DEV-1458,99,2022-10-11T08:29:29.368Z,2026-09-30T00:01:55.370Z
DEMO-DEV-1483,99,2022-10-25T13:40:00.992Z,2026-09-23T16:50:01.337Z
DEMO-DEV-1575,99,2022-10-15T15:13:52.211Z,2026-09-13T01:06:07.885Z
DEMO-DEV-1662,99,2022-10-16T13:49:32.825Z,2026-09-27T19:11:57.021Z
DEMO-DEV-1691,99,2022-10-23T05:09:44.535Z,2026-09-05T04:11:41.508Z
DEMO-DEV-1754,99,2022-10-06T11:18:11.403Z,2026-09-19T11:41:33.803Z
DEMO-DEV-1761,99,2022-10-06T08:33:34.879Z,2026-09-29T09:45:08.167Z
DEMO-DEV-1871,99,2022-10-20T02:39:58.524Z,2026-07-22T19:25:00.976Z
DEMO-DEV-1899,99,2022-10-14T05:54:13.300Z,2026-09-28T09:52:56.090Z
DEMO-DEV-1910,99,2022-10-13T06:16:13.778Z,2026-09-07T07:33:26.027Z
DEMO-DEV-2069,99,2022-10-02T22:08:59.503Z,2026-09-30T00:25:33.870Z
DEMO-DEV-2077,99,2022-10-30T02:07:44.785Z,2026-09-11T09:46:51.784Z
DEMO-DEV-2078,99,2022-10-04T01:23:23.692Z,2026-09-13T10:30:36.527Z
DEMO-DEV-2133,99,2022-10-13T21:12:05.291Z,2026-09-07T09:16:58.150Z
DEMO-DEV-2164,99,2022-10-03T15:10:17.150Z,2026-08-17T14:44:16.015Z
DEMO-DEV-2182,99,2022-10-08T23:58:39.879Z,2026-09-22T03:14:44.513Z
DEMO-DEV-2329,99,2022-10-29T11:45:27.913Z,2026-09-30T02:21:12.655Z
DEMO-DEV-2405,99,2022-10-03T12:25:41.870Z,2026-09-30T00:10:30.014Z
DEMO-DEV-2448,99,2022-10-07T01:12:35.868Z,2026-08-29T04:44:11.778Z
DEMO-DEV-2572,99,2022-10-07T03:46:49.555Z,2026-09-13T00:04:43.123Z
DEMO-DEV-2685,99,2022-10-16T08:05:47.836Z,2026-09-13T22:53:38.816Z
DEMO-DEV-2780,99,2022-10-31T00:49:03.870Z,2026-09-15T01:49:43.246Z
DEMO-DEV-2907,99,2022-10-03T06:50:37.646Z,2026-09-11T02:03:45.472Z
DEMO-DEV-3009,99,2022-10-03T13:15:20.811Z,2026-09-20T07:39:28.225Z
DEMO-DEV-3097,99,2022-10-08T21:01:31.172Z,2026-08-24T04:26:27.682Z
DEMO-DEV-3180,99,2022-10-23T04:11:25.428Z,2026-09-19T14:48:24.523Z
DEMO-DEV-3212,99,2022-10-16T16:00:55.004Z,2026-09-11T00:47:05.485Z
DEMO-DEV-3217,99,2022-11-01T08:29:30.975Z,2026-09-01T08:48:55.545Z
DEMO-DEV-3252,99,2022-10-03T19:29:01.799Z,2026-08-18T16:40:32.682Z
DEMO-DEV-3258,99,2022-10-03T21:17:11.765Z,2026-09-15T16:21:44.287Z
DEMO-DEV-3263,99,2022-10-15T06:02:25.607Z,2026-09-24T05:11:03.472Z
DEMO-DEV-3288,99,2022-10-29T17:29:27.817Z,2026-09-07T23:31:28.926Z
DEMO-DEV-3304,99,2022-10-26T22:59:28.219Z,2026-09-28T05:29:56.859Z
DEMO-DEV-3307,99,2022-10-24T00:52:02.226Z,2026-08-23T13:03:31.232Z
DEMO-DEV-3327,99,2022-10-06T14:52:48.208Z,2026-09-20T17:57:38.976Z
DEMO-DEV-3376,99,2022-10-14T06:12:04.646Z,2026-08-27T06:46:19.676Z
DEMO-DEV-3391,99,2022-10-02T03:39:34.682Z,2026-09-29T02:51:43.785Z
DEMO-DEV-3428,99,2022-10-01T09:10:44.965Z,2026-09-29T12:47:10.403Z
DEMO-DEV-3601,99,2022-10-01T10:04:02.138Z,2026-09-24T16:18:04.357Z
DEMO-DEV-3713,99,2022-10-08T09:28:23.676Z,2026-09-29T01:44:20.493Z
DEMO-DEV-3771,99,2022-10-29T01:42:54.063Z,2026-09-22T01:23:39.403Z
DEMO-DEV-3808,99,2022-10-01T11:17:59.597Z,2026-09-20T02:34:09.661Z
DEMO-DEV-3828,99,2022-10-27T09:42:58.485Z,2026-09-26T10:03:00.168Z
DEMO-DEV-3856,99,2022-10-05T05:35:18.225Z,2026-08-22T01:50:29.500Z
DEMO-DEV-3878,99,2022-10-01T18:52:20.784Z,2026-08-23T20:12:55.003Z
DEMO-DEV-3883,99,2022-10-02T10:48:24.727Z,2026-09-29T22:58:48.591Z
DEMO-DEV-3946,99,2022-10-15T15:35:41.254Z,2026-09-03T21:56:05.252Z
DEMO-DEV-4099,99,2022-11-01T17:56:21.782Z,2026-09-27T21:13:50.300Z
DEMO-DEV-4119,99,2022-10-16T07:12:25.917Z,2026-09-25T12:25:21.754Z
DEMO-DEV-4123,99,2022-10-01T20:25:11.352Z,2026-09-23T16:11:18.778Z
DEMO-DEV-4154,99,2022-10-04T22:29:42.403Z,2026-09-12T16:54:12.605Z
DEMO-DEV-4174,99,2022-10-18T05:43:36.222Z,2026-09-24T07:42:46.682Z
DEMO-DEV-4179,99,2022-10-23T18:40:30.668Z,2026-09-22T17:35:07.992Z
DEMO-DEV-4196,99,2022-10-02T15:17:00.403Z,2026-08-30T04:29:33.236Z
DEMO-DEV-4241,99,2022-10-09T23:53:18.599Z,2026-09-20T23:10:41.714Z
DEMO-DEV-4303,99,2022-10-06T06:07:38.974Z,2026-09-29T05:24:59.057Z
DEMO-DEV-4305,99,2022-10-07T06:56:09.415Z,2026-09-29T16:02:14.155Z
DEMO-DEV-4445,99,2022-10-12T01:01:14.985Z,2026-09-30T02:57:02.446Z
DEMO-DEV-4467,99,2022-10-14T08:06:53.785Z,2026-09-28T07:16:14.599Z
DEMO-DEV-4539,99,2022-10-29T15:24:36.508Z,2026-09-17T02:44:19.015Z
DEMO-DEV-4572,99,2022-10-11T15:14:06.599Z,2026-09-18T02:38:15.090Z
DEMO-DEV-4590,99,2022-10-04T21:19:48.073Z,2026-09-03T10:14:40.040Z
DEMO-DEV-4623,99,2022-10-02T17:53:00.234Z,2026-09-21T20:57:27.885Z
DEMO-DEV-4631,99,2022-10-03T12:56:49.204Z,2026-09-29T03:30:09.719Z
DEMO-DEV-4717,99,2022-10-21T02:16:12.661Z,2026-09-26T18:01:12.315Z
DEMO-DEV-4878,99,2022-10-18T08:48:39.989Z,2026-09-23T16:33:58.354Z
DEMO-DEV-4977,99,2022-10-13T06:09:14.795Z,2026-09-28T21:48:19.966Z
DEMO-DEV-4980,99,2022-10-09T21:46:58.607Z,2026-09-20T02:24:57.442Z
DEMO-DEV-4983,99,2022-11-13T23:27:03.714Z,2026-09-08T21:36:56.466Z
DEMO-DEV-5026,99,2022-11-09T06:04:08.913Z,2026-09-23T18:33:35.719Z
DEMO-DEV-5177,99,2022-10-15T02:32:17.236Z,2026-08-11T08:03:50.183Z
DEMO-DEV-5213,99,2022-11-08T20:47:28.470Z,2026-09-14T02:34:27.537Z
DEMO-DEV-5310,99,2022-10-14T20:30:45.226Z,2026-09-15T16:26:46.765Z
DEMO-DEV-5382,99,2022-10-20T13:22:58.134Z,2026-09-04T04:07:21.238Z
DEMO-DEV-5440,99,2022-10-09T14:17:28.165Z,2026-08-21T21:50:54.692Z
DEMO-DEV-5600,99,2022-10-06T18:21:59.505Z,2026-09-24T07:11:58.597Z
DEMO-DEV-5618,99,2022-10-09T10:22:00.841Z,2026-09-27T21:25:16.252Z
DEMO-DEV-5723,99,2022-10-09T22:53:22.639Z,2026-09-25T20:06:27.139Z
DEMO-DEV-5725,99,2022-10-16T14:46:55.976Z,2026-09-28T02:28:22.003Z
DEMO-DEV-5739,99,2022-10-03T13:23:05.727Z,2026-09-22T04:27:23.975Z
DEMO-DEV-5801,99,2022-10-29T08:32:42.618Z,2026-09-11T20:07:35.885Z
DEMO-DEV-5817,99,2022-10-19T02:15:47.160Z,2026-08-19T01:30:16.989Z
DEMO-DEV-5918,99,2022-10-11T11:03:56.782Z,2026-09-27T12:17:03.026Z
DEMO-DEV-5959,99,2022-10-06T22:40:27.205Z,2026-09-05T09:41:46.325Z
DEMO-DEV-6013,99,2022-10-26T21:50:41.892Z,2026-09-30T01:42:58.232Z
DEMO-DEV-6019,99,2022-10-11T05:44:10.232Z,2026-09-27T05:02:58.160Z
DEMO-DEV-6032,99,2022-10-12T03:03:31.877Z,2026-09-08T16:42:29.402Z
DEMO-DEV-6054,99,2022-10-14T23:39:31.846Z,2026-09-14T12:35:02.839Z
DEMO-DEV-6151,99,2022-10-17T20:13:33.466Z,2026-09-23T13:31:17.682Z
DEMO-DEV-6485,99,2022-10-10T09:31:32.968Z,2026-08-17T11:59:14.225Z
DEMO-DEV-6627,99,2022-11-01T16:32:50.225Z,2026-08-31T07:35:27.859Z
DEMO-DEV-6653,99,2022-11-06T07:18:22.219Z,2026-09-26T16:33:05.415Z
DEMO-DEV-6654,99,2022-10-05T06:15:43.688Z,2026-09-03T01:11:37.160Z
DEMO-DEV-6762,99,2022-10-22T13:05:13.493Z,2026-09-25T08:35:45.027Z
DEMO-DEV-6793,99,2022-10-03T10:32:46.015Z,2026-09-26T21:06:52.989Z
DEMO-DEV-6863,99,2022-10-02T11:47:55.040Z,2026-09-04T13:00:27.841Z
DEMO-DEV-6971,99,2022-10-07T04:46:47.123Z,2026-09-27T08:45:32.836Z
DEMO-DEV-6994,99,2022-10-05T22:52:08.846Z,2026-09-09T01:22:47.682Z
DEMO-DEV-7153,99,2022-10-03T02:19:22.682Z,2026-09-28T00:39:04.173Z
DEMO-DEV-7174,99,2022-10-04T23:46:44.965Z,2026-09-27T23:01:46.391Z
DEMO-DEV-7314,99,2022-12-15T01:09:49.250Z,2026-09-07T00:03:50.368Z
DEMO-DEV-7383,99,2022-10-26T22:20:54.387Z,2026-09-27T15:00:50.870Z
DEMO-DEV-7610,99,2022-10-20T01:52:06.287Z,2026-08-17T19:46:44.824Z
DEMO-DEV-7645,99,2022-10-07T04:04:26.519Z,2026-09-21T12:06:15.073Z
DEMO-DEV-7785,99,2022-10-03T11:08:22.120Z,2026-09-18T21:05:20.428Z
DEMO-DEV-7794,99,2022-10-05T18:39:22.168Z,2026-09-18T00:22:13.298Z
DEMO-DEV-7847,99,2022-10-07T17:12:01.784Z,2026-09-11T11:05:48.287Z
DEMO-DEV-7863,99,2022-10-06T00:17:45.612Z,2026-08-24T03:27:49.446Z
DEMO-DEV-7956,99,2022-10-22T19:48:07.352Z,2026-09-27T22:53:08.527Z
DEMO-DEV-8019,99,2022-10-06T08:11:41.232Z,2026-09-29T12:05:51.472Z
DEMO-DEV-8233,99,2022-10-01T13:25:24.591Z,2026-09-14T23:40:50.655Z
DEMO-DEV-8289,99,2022-10-16T16:10:06.189Z,2026-09-21T04:14:36.155Z
DEMO-DEV-8313,99,2022-10-04T19:20:00.357Z,2026-08-28T23:29:02.578Z
DEMO-DEV-8326,99,2022-10-05T12:15:51.345Z,2026-09-24T21:39:04.816Z
DEMO-DEV-8331,99,2022-10-29T00:40:09.692Z,2026-09-23T06:42:51.969Z
DEMO-DEV-8382,99,2022-10-19T10:48:04.045Z,2026-09-30T05:43:51.841Z
DEMO-DEV-8448,99,2022-10-08T21:13:43.211Z,2026-09-03T14:31:02.974Z
DEMO-DEV-8467,99,2022-10-19T09:25:58.992Z,2026-08-25T05:14:35.307Z
DEMO-DEV-8474,99,2022-11-13T05:47:12.319Z,2026-09-10T10:09:04.021Z
DEMO-DEV-8627,99,2022-10-25T12:18:35.926Z,2026-09-25T19:35:23.793Z
DEMO-DEV-8707,99,2022-10-05T14:47:43.825Z,2026-09-18T08:38:49.264Z
DEMO-DEV-8714,99,2022-10-07T02:08:36.394Z,2026-09-13T02:16:09.985Z
DEMO-DEV-8977,99,2022-10-18T05:34:21.090Z,2026-09-22T17:43:13.387Z
DEMO-DEV-9004,99,2022-10-17T18:41:11.219Z,2026-09-17T13:57:34.161Z
DEMO-DEV-9005,99,2022-10-05T17:29:46.253Z,2026-09-21T07:35:41.365Z
DEMO-DEV-9020,99,2022-10-15T10:54:28.075Z,2026-09-03T03:10:46.785Z
DEMO-DEV-9030,99,2022-10-02T07:44:35.325Z,2026-09-29T07:23:46.403Z
DEMO-DEV-9032,99,2022-11-11T09:50:12.785Z,2026-08-18T06:19:26.782Z
DEMO-DEV-9169,99,2022-10-16T20:44:08.792Z,2026-09-10T17:46:40.513Z
DEMO-DEV-9284,99,2022-10-04T04:42:51.160Z,2026-09-17T15:51:07.786Z
DEMO-DEV-9326,99,2022-10-07T19:58:40.075Z,2026-09-14T23:35:14.497Z
DEMO-DEV-9373,99,2022-10-02T14:46:11.948Z,2026-09-26T04:23:11.545Z
DEMO-DEV-9450,99,2022-10-13T16:51:41.307Z,2026-09-13T19:40:41.080Z
DEMO-DEV-9496,99,2022-10-02T09:23:13.161Z,2026-08-28T15:12:45.023Z
DEMO-DEV-9645,99,2022-11-04T19:51:56.968Z,2026-09-27T23:28:20.692Z
DEMO-DEV-9884,99,2022-11-07T20:49:32.989Z,2026-09-12T22:22:20.390Z
DEMO-DEV-9914,99,2022-10-10T11:51:49.460Z,2026-09-29T00:35:09.851Z
DEMO-DEV-9921,99,2022-10-13T01:44:24.646Z,2026-09-24T22:26:08.786Z
DEMO-DEV-0001,98,2022-10-17T06:18:24.891Z,2026-09-21T02:32:06.929Z
DEMO-DEV-0044,98,2022-10-25T03:12:46.155Z,2026-09-06T15:24:32.692Z
DEMO-DEV-0070,98,2022-10-08T07:23:13.865Z,2026-09-04T01:57:13.655Z
DEMO-DEV-0103,98,2022-11-17T18:28:44.485Z,2026-09-23T06:47:54.219Z
DEMO-DEV-0188,98,2022-10-06T16:10:30.653Z,2026-09-10T15:06:20.123Z
DEMO-DEV-0262,98,2022-10-02T18:31:13.793Z,2026-09-24T21:04:45.057Z
DEMO-DEV-0510,98,2022-11-21T07:01:24.639Z,2026-09-22T05:33:34.817Z
DEMO-DEV-0575,98,2022-10-06T11:53:06.224Z,2026-09-12T16:31:51.793Z
DEMO-DEV-0602,98,2022-11-02T13:17:09.793Z,2026-09-25T08:20:26.989Z
DEMO-DEV-0692,98,2022-10-01T13:30:17.080Z,2026-08-24T04:56:49.493Z
DEMO-DEV-0817,98,2022-10-04T16:08:44.319Z,2026-08-26T19:22:29.926Z
DEMO-DEV-0826,98,2022-10-20T23:39:24.470Z,2026-09-13T10:49:10.470Z
DEMO-DEV-0921,98,2022-10-20T13:44:56.524Z,2026-08-23T05:43:11.172Z
DEMO-DEV-1080,98,2022-10-23T09:28:18.352Z,2026-09-15T05:32:21.646Z
DEMO-DEV-1094,98,2022-10-15T01:06:00.568Z,2026-09-22T06:44:36.403Z
DEMO-DEV-1166,98,2022-10-01T11:30:07.068Z,2026-09-21T10:18:18.391Z
DEMO-DEV-1171,98,2022-10-19T13:22:55.806Z,2026-09-23T22:15:14.397Z
DEMO-DEV-1275,98,2022-11-04T20:46:52.754Z,2026-09-22T10:18:17.023Z
DEMO-DEV-1299,98,2022-10-09T22:51:49.975Z,2026-09-24T17:33:58.291Z
DEMO-DEV-1309,98,2022-10-08T09:31:14.661Z,2026-09-14T22:31:25.470Z
DEMO-DEV-1378,98,2022-10-01T09:08:50.442Z,2026-09-28T02:24:53.653Z
DEMO-DEV-1440,98,2022-10-02T23:34:45.368Z,2026-09-30T07:53:24.836Z
DEMO-DEV-1467,98,2022-10-27T07:15:35.252Z,2026-08-08T01:29:49.865Z
DEMO-DEV-1492,98,2022-10-03T09:01:22.865Z,2026-09-18T17:54:51.428Z
DEMO-DEV-1518,98,2022-10-30T12:44:11.843Z,2026-09-16T05:23:20.568Z
DEMO-DEV-1655,98,2022-10-08T10:35:46.415Z,2026-09-27T14:56:55.524Z
DEMO-DEV-1710,98,2022-10-13T19:58:56.239Z,2026-09-12T12:04:49.077Z
DEMO-DEV-1796,98,2022-12-02T02:10:09.224Z,2026-08-30T13:47:27.877Z
DEMO-DEV-1999,98,2022-10-15T01:25:52.428Z,2026-08-24T04:31:15.692Z
DEMO-DEV-2003,98,2022-10-07T21:41:52.870Z,2026-09-26T08:42:37.403Z
DEMO-DEV-2127,98,2022-11-27T14:09:24.040Z,2026-09-26T00:40:55.992Z
DEMO-DEV-2204,98,2022-10-04T20:34:09.646Z,2026-09-25T19:27:06.155Z
DEMO-DEV-2211,98,2022-10-09T20:11:46.234Z,2026-08-17T02:47:04.929Z
DEMO-DEV-2247,98,2022-10-14T18:49:44.989Z,2026-09-29T05:53:40.368Z
DEMO-DEV-2629,98,2022-10-06T04:36:14.466Z,2026-09-25T05:38:29.877Z
DEMO-DEV-2663,98,2022-10-05T07:01:26.390Z,2026-07-13T07:33:21.636Z
DEMO-DEV-2664,98,2022-10-16T20:32:45.966Z,2026-09-13T13:04:18.913Z
DEMO-DEV-2690,98,2022-11-01T11:03:11.493Z,2026-07-31T17:13:55.493Z
DEMO-DEV-2744,98,2022-10-10T05:23:33.024Z,2026-09-26T09:53:18.246Z
DEMO-DEV-2903,98,2022-10-05T03:56:09.161Z,2026-09-24T03:37:03.607Z
DEMO-DEV-3035,98,2022-10-04T18:04:19.915Z,2026-09-25T12:15:18.172Z
DEMO-DEV-3103,98,2022-10-23T14:24:51.004Z,2026-08-31T15:19:04.172Z
DEMO-DEV-3254,98,2022-10-03T23:26:49.817Z,2026-09-24T07:09:12.120Z
DEMO-DEV-3594,98,2022-10-31T14:00:15.884Z,2026-09-21T09:33:16.368Z
DEMO-DEV-3612,98,2022-10-15T03:16:55.460Z,2026-09-26T09:52:00.843Z
DEMO-DEV-3709,98,2022-10-06T12:38:38.824Z,2026-07-28T23:42:07.992Z
DEMO-DEV-3711,98,2022-10-25T06:20:20.989Z,2026-09-24T14:55:29.357Z
DEMO-DEV-3723,98,2022-10-08T08:25:22.646Z,2026-09-27T01:45:45.778Z
DEMO-DEV-3833,98,2022-11-07T05:21:21.836Z,2026-09-22T22:24:00.513Z
DEMO-DEV-3855,98,2022-10-03T15:01:25.409Z,2026-09-16T02:31:58.914Z
DEMO-DEV-3859,98,2022-10-07T18:37:39.968Z,2026-09-28T05:21:40.222Z
DEMO-DEV-3862,98,2022-12-14T01:43:55.403Z,2026-08-27T23:07:08.505Z
DEMO-DEV-3908,98,2022-11-07T05:52:25.485Z,2026-09-02T04:58:09.232Z
DEMO-DEV-3956,98,2022-11-30T04:25:36.455Z,2026-09-18T18:45:03.975Z
DEMO-DEV-3995,98,2022-10-22T14:44:19.354Z,2026-09-23T20:50:56.493Z
DEMO-DEV-4043,98,2022-10-11T10:30:59.607Z,2026-09-15T01:25:32.345Z
DEMO-DEV-4150,98,2022-10-13T19:27:02.307Z,2026-09-17T02:03:48.966Z
DEMO-DEV-4155,98,2022-10-13T04:29:37.929Z,2026-09-01T00:23:43.218Z
DEMO-DEV-4264,98,2022-10-03T16:53:45.702Z,2026-09-23T14:26:01.607Z
DEMO-DEV-4275,98,2022-11-09T19:19:17.913Z,2026-09-23T12:03:29.208Z
DEMO-DEV-4278,98,2022-10-07T08:17:44.682Z,2026-09-23T02:03:12.370Z
DEMO-DEV-4279,98,2022-10-30T16:50:54.824Z,2026-09-22T22:01:25.172Z
DEMO-DEV-4359,98,2022-10-04T07:35:15.668Z,2026-09-21T10:59:03.612Z
DEMO-DEV-4429,98,2022-10-06T04:46:37.015Z,2026-09-08T14:17:01.225Z
DEMO-DEV-4466,98,2022-11-01T13:18:23.682Z,2026-09-20T22:00:29.253Z
DEMO-DEV-4519,98,2022-12-03T17:16:29.442Z,2026-09-22T20:16:17.446Z
DEMO-DEV-4608,98,2022-10-01T22:53:24.268Z,2026-09-26T04:14:14.975Z
DEMO-DEV-4644,98,2022-11-11T00:13:47.803Z,2026-09-30T06:25:43.519Z
DEMO-DEV-4721,98,2022-10-14T05:34:51.497Z,2026-08-26T08:20:05.218Z
DEMO-DEV-4765,98,2022-10-07T15:05:00.027Z,2026-09-28T21:29:36.914Z
DEMO-DEV-4806,98,2022-10-01T15:08:49.639Z,2026-09-14T02:33:00.950Z
DEMO-DEV-4817,98,2022-10-08T13:29:59.914Z,2026-09-25T21:54:37.268Z
DEMO-DEV-4879,98,2022-10-12T00:19:46.653Z,2026-09-13T13:24:17.139Z
DEMO-DEV-4886,98,2022-10-05T19:44:03.987Z,2026-09-24T03:17:05.891Z
DEMO-DEV-4921,98,2022-10-21T05:08:20.254Z,2026-09-22T16:25:21.891Z
DEMO-DEV-5096,98,2022-10-03T21:28:51.658Z,2026-09-22T22:00:00.409Z
DEMO-DEV-5197,98,2022-10-09T00:15:29.929Z,2026-09-23T16:22:47.087Z
DEMO-DEV-5267,98,2022-10-15T07:45:00.470Z,2026-09-09T09:02:09.365Z
DEMO-DEV-5293,98,2022-10-15T20:01:16.026Z,2026-09-24T13:31:10.203Z
DEMO-DEV-5300,98,2022-10-18T06:59:53.842Z,2026-09-16T23:19:04.987Z
DEMO-DEV-5370,98,2022-10-02T12:44:17.646Z,2026-09-22T21:40:47.557Z
DEMO-DEV-5409,98,2022-10-07T19:00:41.793Z,2026-09-25T12:32:38.352Z
DEMO-DEV-5454,98,2022-10-26T22:36:25.929Z,2026-09-30T03:32:19.658Z
DEMO-DEV-5667,98,2022-10-10T11:24:35.614Z,2026-09-12T10:57:15.859Z
DEMO-DEV-5696,98,2022-10-21T09:44:48.442Z,2026-09-13T21:18:59.825Z
DEMO-DEV-5744,98,2022-10-14T16:09:21.846Z,2026-09-14T07:33:00.014Z
DEMO-DEV-5756,98,2022-10-02T09:35:31.710Z,2026-09-25T12:45:27.155Z
DEMO-DEV-5772,98,2022-10-09T17:53:09.172Z,2026-09-16T02:14:29.975Z
DEMO-DEV-5813,98,2022-10-11T07:22:10.040Z,2026-09-29T17:10:55.879Z
DEMO-DEV-5819,98,2022-10-06T22:14:29.975Z,2026-09-28T04:40:59.192Z
DEMO-DEV-5852,98,2022-10-02T20:14:23.505Z,2026-09-12T16:45:58.287Z
DEMO-DEV-5940,98,2022-10-07T05:48:23.989Z,2026-09-15T12:08:31.557Z
DEMO-DEV-6048,98,2022-10-17T16:28:04.804Z,2026-09-21T21:07:48.443Z
DEMO-DEV-6097,98,2022-10-10T08:31:31.045Z,2026-09-24T01:01:42.120Z
DEMO-DEV-6197,98,2022-10-10T01:49:29.824Z,2026-09-24T08:49:44.949Z
DEMO-DEV-6217,98,2022-10-04T08:18:57.785Z,2026-09-22T08:03:10.735Z
DEMO-DEV-6245,98,2022-10-06T18:03:34.003Z,2026-09-26T23:41:39.817Z
DEMO-DEV-6281,98,2022-10-07T05:17:25.087Z,2026-09-24T22:05:56.785Z
DEMO-DEV-6285,98,2022-10-17T21:51:46.824Z,2026-07-20T20:36:03.415Z
DEMO-DEV-6338,98,2022-12-03T14:53:50.075Z,2026-07-16T00:38:26.123Z
DEMO-DEV-6365,98,2022-10-04T02:09:21.026Z,2026-09-15T09:08:03.804Z
DEMO-DEV-6369,98,2022-10-31T03:25:19.636Z,2026-09-12T01:39:47.803Z
DEMO-DEV-6371,98,2022-11-21T17:13:08.370Z,2026-09-18T19:17:22.873Z
DEMO-DEV-6400,98,2022-10-13T19:40:07.968Z,2026-09-22T00:40:59.682Z
DEMO-DEV-6463,98,2022-10-17T19:55:42.224Z,2026-09-27T19:51:57.470Z
DEMO-DEV-6709,98,2022-10-02T02:49:03.172Z,2026-08-06T12:15:18.068Z
DEMO-DEV-6747,98,2022-10-16T05:11:53.150Z,2026-09-26T00:02:43.949Z
DEMO-DEV-6995,98,2022-11-15T03:18:40.023Z,2026-09-20T06:01:04.792Z
DEMO-DEV-7024,98,2022-10-24T07:21:46.165Z,2026-08-18T04:15:37.524Z
DEMO-DEV-7077,98,2022-10-03T13:02:15.913Z,2026-09-19T11:40:36.239Z
DEMO-DEV-7085,98,2022-10-10T16:18:29.817Z,2026-09-07T06:33:01.354Z
DEMO-DEV-7098,98,2022-10-17T09:19:53.926Z,2026-08-26T03:54:50.003Z
DEMO-DEV-7151,98,2022-10-05T14:25:29.246Z,2026-09-22T14:28:52.038Z
DEMO-DEV-7206,98,2022-10-08T21:32:19.288Z,2026-09-24T22:00:01.864Z
DEMO-DEV-7211,98,2022-10-04T01:31:00.167Z,2026-09-05T05:13:13.949Z
DEMO-DEV-7230,98,2022-10-03T08:19:24.087Z,2026-09-02T08:18:05.891Z
DEMO-DEV-7265,98,2022-11-07T01:41:04.222Z,2026-09-03T16:28:45.189Z
DEMO-DEV-7332,98,2022-10-06T09:58:35.493Z,2026-09-23T13:48:09.612Z
DEMO-DEV-7669,98,2022-10-03T15:57:47.203Z,2026-09-17T19:39:48.390Z
DEMO-DEV-7702,98,2022-10-11T16:45:46.226Z,2026-09-25T18:28:03.612Z
DEMO-DEV-7742,98,2022-10-03T18:57:47.155Z,2026-09-25T00:21:20.470Z
DEMO-DEV-7760,98,2022-10-08T18:47:48.666Z,2026-09-24T23:58:23.824Z
DEMO-DEV-7952,98,2022-10-14T00:18:00.985Z,2026-09-02T22:13:46.470Z
DEMO-DEV-7960,98,2022-10-06T17:43:37.917Z,2026-09-15T20:48:03.037Z
DEMO-DEV-8127,98,2022-10-08T01:25:27.470Z,2026-09-20T23:59:00.793Z
DEMO-DEV-8176,98,2022-10-18T16:57:04.455Z,2026-09-11T19:36:25.793Z
DEMO-DEV-8223,98,2022-10-09T18:54:44.989Z,2026-09-27T04:59:26.173Z
DEMO-DEV-8297,98,2022-10-09T10:26:47.612Z,2026-09-20T17:06:38.646Z
DEMO-DEV-8395,98,2022-10-08T20:49:30.607Z,2026-09-08T15:24:06.868Z
DEMO-DEV-8430,98,2022-10-14T16:05:46.357Z,2026-09-28T23:15:38.485Z
DEMO-DEV-8582,98,2022-10-14T09:17:48.234Z,2026-09-18T06:16:44.493Z
DEMO-DEV-8841,98,2022-10-07T19:29:42.799Z,2026-09-25T12:32:10.839Z
DEMO-DEV-8993,98,2022-10-06T23:56:34.839Z,2026-08-28T01:01:19.795Z
DEMO-DEV-9077,98,2022-10-14T09:21:05.250Z,2026-09-08T10:01:03.948Z
DEMO-DEV-9127,98,2022-10-27T14:39:30.607Z,2026-09-21T02:33:06.366Z
DEMO-DEV-9155,98,2022-11-02T18:27:17.778Z,2026-09-12T15:05:19.778Z
DEMO-DEV-9185,98,2022-11-04T13:34:30.394Z,2026-09-21T14:41:07.368Z
DEMO-DEV-9245,98,2022-10-26T21:03:04.090Z,2026-09-16T22:21:12.291Z
DEMO-DEV-9294,98,2022-10-01T13:23:27.879Z,2026-09-26T17:59:04.803Z
DEMO-DEV-9345,98,2022-10-01T13:13:48.639Z,2026-06-23T18:25:17.045Z
DEMO-DEV-9406,98,2022-11-03T01:40:18.557Z,2026-09-04T10:19:06.843Z
DEMO-DEV-9613,98,2022-10-25T13:03:59.865Z,2026-09-25T23:20:04.120Z
DEMO-DEV-9653,98,2022-11-17T16:18:33.485Z,2026-09-18T04:10:33.387Z
DEMO-DEV-9655,98,2022-11-04T11:56:23.470Z,2026-09-19T21:49:26.786Z
DEMO-DEV-9740,98,2022-10-02T10:24:20.387Z,2026-09-29T07:35:27.793Z
DEMO-DEV-0065,97,2022-10-25T12:46:56.442Z,2026-09-14T16:02:44.568Z
DEMO-DEV-0108,97,2022-10-07T19:43:49.969Z,2026-09-28T14:34:10.719Z
DEMO-DEV-0218,97,2022-10-15T10:44:26.646Z,2026-08-25T21:38:22.948Z
DEMO-DEV-0241,97,2022-11-01T00:06:38.646Z,2026-09-29T07:59:11.682Z
DEMO-DEV-0273,97,2022-10-15T04:11:40.974Z,2026-09-29T06:35:09.993Z
DEMO-DEV-0403,97,2022-10-07T20:58:34.337Z,2026-09-28T08:54:13.803Z
DEMO-DEV-0427,97,2022-10-03T00:48:40.950Z,2026-08-10T12:04:06.863Z
DEMO-DEV-0439,97,2022-11-08T08:08:15.472Z,2026-09-19T06:19:18.073Z
DEMO-DEV-0577,97,2022-10-11T20:32:20.234Z,2026-09-24T10:34:07.337Z
DEMO-DEV-0664,97,2022-10-03T18:39:23.315Z,2026-09-20T08:37:55.254Z
DEMO-DEV-0730,97,2022-11-19T11:38:28.253Z,2026-09-20T07:04:58.948Z
DEMO-DEV-0772,97,2022-10-24T19:07:20.865Z,2026-09-17T11:46:41.527Z
DEMO-DEV-0775,97,2022-10-19T21:20:57.839Z,2026-08-29T13:26:10.003Z
DEMO-DEV-0878,97,2022-10-17T16:29:14.268Z,2026-09-23T09:31:10.851Z
DEMO-DEV-1038,97,2022-10-02T03:29:11.892Z,2026-09-29T03:14:14.165Z
DEMO-DEV-1269,97,2022-10-06T21:37:06.803Z,2026-09-11T11:48:47.087Z
DEMO-DEV-1361,97,2022-10-14T03:12:43.315Z,2026-09-17T17:03:02.365Z
DEMO-DEV-1391,97,2022-10-15T20:03:15.168Z,2026-09-28T14:53:47.167Z
DEMO-DEV-1392,97,2022-10-08T03:44:33.591Z,2026-08-25T08:34:36.139Z
DEMO-DEV-1517,97,2022-10-24T00:58:01.864Z,2026-08-16T08:25:54.470Z
DEMO-DEV-1558,97,2022-11-17T13:50:15.778Z,2026-09-25T16:42:50.839Z
DEMO-DEV-1568,97,2022-10-17T15:06:26.057Z,2026-09-14T18:06:09.668Z
DEMO-DEV-1614,97,2022-10-24T02:29:44.591Z,2026-09-11T07:20:33.462Z
DEMO-DEV-1788,97,2022-10-17T21:22:24.354Z,2026-09-04T11:29:53.864Z
DEMO-DEV-2094,97,2022-10-05T12:22:28.873Z,2026-09-10T19:53:53.968Z
DEMO-DEV-2107,97,2022-10-29T15:22:03.591Z,2026-08-13T07:45:51.738Z
DEMO-DEV-2116,97,2022-10-12T15:59:31.203Z,2026-09-26T13:27:00.556Z
DEMO-DEV-2121,97,2022-10-08T13:00:56.968Z,2026-09-23T21:50:18.366Z
DEMO-DEV-2156,97,2022-10-27T09:20:26.080Z,2026-09-23T10:56:04.785Z
DEMO-DEV-2240,97,2022-11-06T20:08:48.524Z,2026-09-29T07:00:55.172Z
DEMO-DEV-2306,97,2022-10-20T21:08:44.150Z,2026-09-25T01:35:37.519Z
DEMO-DEV-2316,97,2022-10-14T02:29:20.160Z,2026-09-15T23:41:25.337Z
DEMO-DEV-2388,97,2022-11-18T00:34:46.403Z,2026-09-16T05:15:47.003Z
DEMO-DEV-2400,97,2022-10-06T06:19:09.738Z,2026-09-14T20:05:00.319Z
DEMO-DEV-2426,97,2022-10-13T21:57:43.653Z,2026-09-12T01:33:20.914Z
DEMO-DEV-2440,97,2022-10-27T01:50:33.987Z,2026-09-19T12:03:26.403Z
DEMO-DEV-2463,97,2022-10-05T10:35:04.014Z,2026-09-23T19:38:51.968Z
DEMO-DEV-2519,97,2022-10-10T11:36:27.090Z,2026-09-28T17:41:52.307Z
DEMO-DEV-2546,97,2022-10-06T23:59:14.403Z,2026-09-21T02:05:13.442Z
DEMO-DEV-2577,97,2022-10-07T15:18:14.817Z,2026-09-13T18:46:29.225Z
DEMO-DEV-2602,97,2022-10-11T18:34:49.648Z,2026-07-30T17:12:20.500Z
DEMO-DEV-2720,97,2022-10-01T20:17:42.319Z,2026-09-22T17:03:57.804Z
DEMO-DEV-2752,97,2022-10-13T02:44:00.307Z,2026-09-23T11:42:40.203Z
DEMO-DEV-2809,97,2022-10-11T14:41:22.884Z,2026-09-16T01:25:08.155Z
DEMO-DEV-2946,97,2022-10-09T14:32:48.337Z,2026-09-25T22:44:26.537Z
DEMO-DEV-2969,97,2022-11-14T16:04:47.165Z,2026-09-09T21:28:00.607Z
DEMO-DEV-2977,97,2022-10-19T18:41:23.950Z,2026-07-13T16:20:01.811Z
DEMO-DEV-3073,97,2022-10-18T23:11:16.503Z,2026-09-23T09:34:19.026Z
DEMO-DEV-3118,97,2022-10-23T20:01:11.987Z,2026-09-29T20:14:03.391Z
DEMO-DEV-3138,97,2022-11-04T21:18:22.302Z,2026-09-29T11:40:49.077Z
DEMO-DEV-3237,97,2022-10-02T22:09:46.873Z,2026-09-22T06:28:33.497Z
DEMO-DEV-3398,97,2022-10-22T04:54:19.752Z,2026-09-29T21:51:48.040Z
DEMO-DEV-3469,97,2022-10-04T12:38:57.817Z,2026-09-15T21:28:17.965Z
DEMO-DEV-3523,97,2022-10-14T00:11:43.985Z,2026-09-18T17:34:47.618Z
DEMO-DEV-3719,97,2022-10-11T14:30:02.219Z,2026-07-17T16:19:20.816Z
DEMO-DEV-3852,97,2022-10-22T21:23:43.409Z,2026-09-02T14:07:01.799Z
DEMO-DEV-3892,97,2022-10-04T09:27:04.370Z,2026-09-28T04:13:42.165Z
DEMO-DEV-4041,97,2022-10-03T16:54:36.403Z,2026-08-14T10:19:26.027Z
DEMO-DEV-4151,97,2022-10-07T23:03:12.968Z,2026-09-21T20:42:12.682Z
DEMO-DEV-4237,97,2022-10-27T20:34:20.003Z,2026-09-04T08:04:28.778Z
DEMO-DEV-4337,97,2022-10-15T05:16:22.870Z,2026-09-20T09:25:53.409Z
DEMO-DEV-4427,97,2022-11-22T19:17:47.232Z,2026-09-19T20:19:28.087Z
DEMO-DEV-4470,97,2022-10-05T13:20:33.226Z,2026-09-04T05:32:54.168Z
DEMO-DEV-4542,97,2022-10-06T18:37:09.824Z,2026-09-02T22:37:05.345Z
DEMO-DEV-4613,97,2022-10-13T21:09:41.513Z,2026-09-02T16:52:21.446Z
DEMO-DEV-4716,97,2022-10-14T12:26:51.692Z,2026-09-10T22:19:10.087Z
DEMO-DEV-4733,97,2022-10-01T15:56:43.524Z,2026-09-11T11:28:17.618Z
DEMO-DEV-4874,97,2022-10-31T23:28:28.785Z,2026-08-27T11:32:14.470Z
DEMO-DEV-4938,97,2022-10-14T12:04:50.208Z,2026-09-18T11:42:38.556Z
DEMO-DEV-4961,97,2022-10-28T06:19:45.370Z,2026-09-29T01:24:17.462Z
DEMO-DEV-5108,97,2022-10-20T14:18:31.352Z,2026-09-18T07:26:18.535Z
DEMO-DEV-5132,97,2022-10-05T15:13:54.992Z,2026-08-30T02:45:27.370Z
DEMO-DEV-5342,97,2022-10-29T09:09:48.591Z,2026-09-22T03:29:39.161Z
DEMO-DEV-5425,97,2022-10-03T01:10:41.442Z,2026-09-26T10:51:12.370Z
DEMO-DEV-5464,97,2022-10-26T14:16:08.870Z,2026-09-30T05:01:58.497Z
DEMO-DEV-5562,97,2022-10-12T19:51:11.172Z,2026-09-26T06:41:21.948Z
DEMO-DEV-5684,97,2022-10-26T08:14:03.688Z,2026-09-23T11:22:41.230Z
DEMO-DEV-5763,97,2022-10-03T14:35:42.597Z,2026-08-13T13:43:38.545Z
DEMO-DEV-5816,97,2022-11-02T07:10:28.168Z,2026-09-23T12:08:16.778Z
DEMO-DEV-5989,97,2022-10-03T20:06:56.738Z,2026-09-27T14:19:21.455Z
DEMO-DEV-5991,97,2022-10-05T09:36:17.976Z,2026-08-15T23:07:03.203Z
DEMO-DEV-5996,97,2022-11-11T15:04:41.218Z,2026-08-18T04:35:19.446Z
DEMO-DEV-6086,97,2022-10-10T06:15:15.816Z,2026-08-29T20:30:03.816Z
DEMO-DEV-6124,97,2022-10-12T20:47:23.172Z,2026-09-09T12:41:01.816Z
DEMO-DEV-6129,97,2022-10-31T10:45:53.976Z,2026-08-28T08:02:58.221Z
DEMO-DEV-6153,97,2022-10-06T17:22:01.138Z,2026-08-20T17:25:08.287Z
DEMO-DEV-6178,97,2022-10-03T12:57:58.989Z,2026-07-09T10:40:33.929Z
DEMO-DEV-6191,97,2022-10-07T04:46:22.949Z,2026-09-01T22:11:11.568Z
DEMO-DEV-6227,97,2022-10-08T23:20:58.238Z,2026-09-07T23:04:35.618Z
DEMO-DEV-6236,97,2022-10-06T17:04:24.599Z,2026-08-27T21:36:28.288Z
DEMO-DEV-6262,97,2022-10-04T21:08:36.591Z,2026-09-15T03:13:16.308Z
DEMO-DEV-6265,97,2022-10-03T04:36:11.752Z,2026-09-25T03:15:36.556Z
DEMO-DEV-6324,97,2022-10-10T09:53:19.948Z,2026-08-01T02:11:35.037Z
DEMO-DEV-6466,97,2022-10-06T22:37:18.913Z,2026-09-13T15:43:27.325Z
DEMO-DEV-6502,97,2022-10-08T13:46:29.846Z,2026-09-25T14:51:17.370Z
DEMO-DEV-6651,97,2022-10-07T00:49:52.864Z,2026-09-22T22:42:28.537Z
DEMO-DEV-6704,97,2022-10-31T08:38:11.370Z,2026-09-21T04:11:17.253Z
DEMO-DEV-6711,97,2022-10-03T12:35:35.508Z,2026-09-29T06:06:07.045Z
DEMO-DEV-6743,97,2022-10-03T03:57:58.738Z,2026-09-21T08:36:44.843Z
DEMO-DEV-6875,97,2022-10-13T08:39:43.646Z,2026-09-14T12:12:43.403Z
DEMO-DEV-6886,97,2022-10-04T02:31:57.428Z,2026-09-29T20:36:48.218Z
DEMO-DEV-6916,97,2022-10-04T15:21:20.948Z,2026-09-13T03:33:00.668Z
DEMO-DEV-6924,97,2022-10-08T07:41:57.859Z,2026-09-20T10:15:08.352Z
DEMO-DEV-6928,97,2022-11-08T00:34:21.688Z,2026-08-27T00:18:26.915Z
DEMO-DEV-6939,97,2022-10-08T01:24:57.172Z,2026-09-27T09:47:23.811Z
DEMO-DEV-6959,97,2022-10-14T02:15:57.719Z,2026-09-19T10:14:26.442Z
DEMO-DEV-7130,97,2022-10-07T21:58:55.513Z,2026-09-08T20:49:53.824Z
DEMO-DEV-7362,97,2022-10-13T03:31:04.253Z,2026-09-25T18:17:58.387Z
DEMO-DEV-7675,97,2022-11-04T13:19:43.578Z,2026-09-28T12:11:38.160Z
DEMO-DEV-7679,97,2022-11-08T18:25:00.211Z,2026-09-28T12:30:26.252Z
DEMO-DEV-7906,97,2022-10-26T05:54:12.470Z,2026-09-15T05:02:17.120Z
DEMO-DEV-7925,97,2022-10-23T15:22:26.014Z,2026-09-25T22:52:59.839Z
DEMO-DEV-8104,97,2022-10-08T11:18:00.636Z,2026-09-29T08:30:00.466Z
DEMO-DEV-8501,97,2022-10-01T10:49:09.989Z,2026-09-19T01:12:36.816Z
DEMO-DEV-8556,97,2022-10-31T11:28:08.648Z,2026-08-27T21:56:37.455Z
DEMO-DEV-8601,97,2022-10-08T06:42:41.190Z,2026-09-27T14:27:01.523Z
DEMO-DEV-8617,97,2022-10-10T12:06:22.264Z,2026-08-28T09:01:38.090Z
DEMO-DEV-8632,97,2022-10-30T04:00:39.250Z,2026-09-30T06:41:18.738Z
DEMO-DEV-8736,97,2022-10-11T03:31:25.167Z,2026-09-28T08:28:01.208Z
DEMO-DEV-8800,97,2022-10-03T00:25:31.302Z,2026-09-14T23:10:08.057Z
DEMO-DEV-9012,97,2022-10-18T23:49:12.666Z,2026-09-13T22:37:16.793Z
DEMO-DEV-9067,97,2022-10-03T16:29:56.537Z,2026-09-29T12:50:24.666Z
DEMO-DEV-9349,97,2022-11-12T05:59:32.204Z,2026-09-29T19:47:07.397Z
DEMO-DEV-9432,97,2022-10-21T00:06:20.319Z,2026-09-23T13:03:35.246Z
DEMO-DEV-9485,97,2022-10-05T07:54:33.080Z,2026-09-23T11:26:24.599Z
DEMO-DEV-9546,97,2022-10-19T03:38:53.428Z,2026-09-05T22:02:21.513Z
DEMO-DEV-9691,97,2022-10-18T09:09:46.246Z,2026-09-26T03:10:23.599Z
DEMO-DEV-9845,97,2022-11-24T03:34:11.661Z,2026-08-13T19:45:44.535Z
DEMO-DEV-9961,97,2022-10-19T18:52:11.246Z,2026-09-15T04:49:30.160Z
DEMO-DEV-0076,96,2022-10-05T13:58:32.950Z,2026-09-10T02:36:46.021Z
DEMO-DEV-0090,96,2022-11-21T13:49:22.246Z,2026-09-27T09:19:27.738Z
DEMO-DEV-0217,96,2022-10-01T23:03:33.211Z,2026-09-27T20:58:52.155Z
DEMO-DEV-0247,96,2022-10-06T12:49:39.929Z,2026-09-22T16:36:52.839Z
DEMO-DEV-0346,96,2022-10-05T04:04:09.470Z,2026-09-20T15:28:13.288Z
DEMO-DEV-0534,96,2022-10-12T19:01:42.714Z,2026-08-31T22:21:37.914Z
DEMO-DEV-0749,96,2022-10-19T22:37:51.824Z,2026-07-21T07:43:06.636Z
DEMO-DEV-0822,96,2022-10-22T09:09:06.508Z,2026-09-20T12:37:19.867Z
DEMO-DEV-0858,96,2022-10-11T21:34:33.230Z,2026-09-26T11:52:57.172Z
DEMO-DEV-0951,96,2022-10-25T00:33:10.682Z,2026-09-05T23:48:08.302Z
DEMO-DEV-0968,96,2022-10-04T13:47:38.505Z,2026-09-03T05:07:27.864Z
DEMO-DEV-1031,96,2022-10-07T12:57:54.993Z,2026-09-12T00:56:41.891Z
DEMO-DEV-1122,96,2022-10-11T03:36:37.307Z,2026-09-16T20:33:39.864Z
DEMO-DEV-1148,96,2022-10-25T15:24:43.428Z,2026-09-14T07:27:14.239Z
DEMO-DEV-1817,96,2022-11-13T05:34:41.238Z,2026-09-20T12:25:25.786Z
DEMO-DEV-1823,96,2022-10-08T01:40:16.785Z,2026-09-24T09:24:52.614Z
DEMO-DEV-1824,96,2022-10-03T00:24:41.289Z,2026-09-16T07:13:07.968Z
DEMO-DEV-1852,96,2022-10-10T23:44:50.692Z,2026-09-15T02:34:57.513Z
DEMO-DEV-1902,96,2022-10-06T03:29:43.568Z,2026-09-27T09:56:54.692Z
DEMO-DEV-2015,96,2022-10-16T04:12:06.038Z,2026-09-27T07:09:40.298Z
DEMO-DEV-2041,96,2022-10-15T05:54:56.976Z,2026-09-27T15:12:23.738Z
DEMO-DEV-2205,96,2022-10-04T01:28:04.682Z,2026-07-30T22:52:56.524Z
DEMO-DEV-2361,96,2022-10-02T17:30:41.287Z,2026-09-22T19:22:23.992Z
DEMO-DEV-2367,96,2022-10-06T04:11:21.877Z,2026-09-21T23:38:46.239Z
DEMO-DEV-2437,96,2022-10-02T06:42:15.782Z,2026-09-13T04:52:25.345Z
DEMO-DEV-2446,96,2022-10-07T23:32:49.014Z,2026-09-27T12:41:02.867Z
DEMO-DEV-2461,96,2022-11-14T07:04:21.505Z,2026-09-14T21:57:41.786Z
DEMO-DEV-2479,96,2022-10-12T01:55:17.692Z,2026-09-04T19:24:24.168Z
DEMO-DEV-2496,96,2022-10-12T22:37:37.527Z,2026-09-15T18:05:59.139Z
DEMO-DEV-2523,96,2022-11-08T00:45:39.238Z,2026-08-22T06:28:39.913Z
DEMO-DEV-2556,96,2022-11-14T15:59:03.308Z,2026-07-16T10:15:09.123Z
DEMO-DEV-2689,96,2022-10-16T12:48:25.639Z,2026-09-12T14:56:58.949Z
DEMO-DEV-2751,96,2022-10-11T16:23:09.057Z,2026-09-07T03:55:00.307Z
DEMO-DEV-2855,96,2022-10-06T21:12:05.865Z,2026-09-20T11:09:47.765Z
DEMO-DEV-2895,96,2022-10-06T17:13:17.390Z,2026-09-26T02:31:24.172Z
DEMO-DEV-3044,96,2022-10-30T19:41:30.232Z,2026-09-23T08:25:40.090Z
DEMO-DEV-3085,96,2022-11-13T02:52:16.891Z,2026-09-09T05:02:41.666Z
DEMO-DEV-3132,96,2022-10-02T05:54:16.038Z,2026-09-28T05:22:10.754Z
DEMO-DEV-3216,96,2022-10-02T15:56:46.842Z,2026-09-24T20:08:52.409Z
DEMO-DEV-3348,96,2022-10-02T23:45:00.929Z,2026-09-12T22:52:26.523Z
DEMO-DEV-3355,96,2022-10-16T19:04:19.073Z,2026-09-29T23:00:33.719Z
DEMO-DEV-3409,96,2022-10-05T19:52:28.879Z,2026-09-14T16:17:18.037Z
DEMO-DEV-3426,96,2022-10-09T11:28:31.203Z,2026-09-16T00:18:45.337Z
DEMO-DEV-3463,96,2022-10-11T21:55:15.727Z,2026-09-25T21:11:47.472Z
DEMO-DEV-3527,96,2022-10-26T17:53:53.352Z,2026-09-24T01:57:47.138Z
DEMO-DEV-3553,96,2022-10-03T12:03:51.688Z,2026-09-26T18:30:17.714Z
DEMO-DEV-3604,96,2022-12-11T04:36:00.211Z,2026-08-29T09:05:56.428Z
DEMO-DEV-3607,96,2022-10-10T09:43:48.513Z,2026-07-29T20:24:30.778Z
DEMO-DEV-3888,96,2022-10-03T00:33:53.605Z,2026-09-21T20:22:52.692Z
DEMO-DEV-4138,96,2022-10-07T17:48:40.914Z,2026-09-28T01:46:17.870Z
DEMO-DEV-4158,96,2022-10-03T11:20:40.892Z,2026-09-29T11:41:36.087Z
DEMO-DEV-4300,96,2022-11-08T02:28:15.172Z,2026-09-29T23:48:31.208Z
DEMO-DEV-4322,96,2022-10-11T12:14:52.658Z,2026-09-22T13:11:10.913Z
DEMO-DEV-4389,96,2022-10-12T22:36:15.614Z,2026-09-05T10:51:21.885Z
DEMO-DEV-4491,96,2022-10-02T07:22:37.470Z,2026-09-25T16:00:24.307Z
DEMO-DEV-4546,96,2022-10-02T07:50:49.397Z,2026-09-14T17:13:31.646Z
DEMO-DEV-4597,96,2022-10-05T22:22:59.842Z,2026-09-10T12:59:46.799Z
DEMO-DEV-4617,96,2022-10-05T17:57:41.325Z,2026-09-29T13:56:25.824Z
DEMO-DEV-4747,96,2022-12-05T06:59:57.545Z,2026-08-29T12:44:37.950Z
DEMO-DEV-4754,96,2022-10-08T22:13:00.658Z,2026-09-21T05:41:58.337Z
DEMO-DEV-4795,96,2022-10-13T18:55:24.264Z,2026-08-31T09:23:56.877Z
DEMO-DEV-4798,96,2022-10-05T01:54:35.087Z,2026-09-27T23:04:34.793Z
DEMO-DEV-4810,96,2022-11-07T15:18:15.246Z,2026-09-23T16:00:04.836Z
DEMO-DEV-5003,96,2022-10-05T23:38:31.612Z,2026-09-25T20:24:48.150Z
DEMO-DEV-5115,96,2022-10-04T07:52:58.173Z,2026-09-16T23:50:39.523Z
DEMO-DEV-5251,96,2022-10-03T14:28:07.873Z,2026-09-09T10:32:28.873Z
DEMO-DEV-5266,96,2022-10-08T23:53:49.239Z,2026-09-25T15:31:50.885Z
DEMO-DEV-5284,96,2022-10-06T20:36:52.403Z,2026-09-16T17:48:48.230Z
DEMO-DEV-5320,96,2022-10-15T08:55:48.167Z,2026-09-22T14:19:24.004Z
DEMO-DEV-5557,96,2022-10-15T07:14:16.354Z,2026-09-05T19:38:48.966Z
DEMO-DEV-5862,96,2022-10-06T09:17:46.778Z,2026-09-05T23:17:04.868Z
DEMO-DEV-5988,96,2022-10-29T07:10:06.319Z,2026-09-29T18:32:10.057Z
DEMO-DEV-6014,96,2022-10-14T03:58:36.462Z,2026-09-27T08:40:53.409Z
DEMO-DEV-6067,96,2022-10-24T04:37:44.511Z,2026-09-23T18:59:00.992Z
DEMO-DEV-6088,96,2022-10-03T20:24:42.913Z,2026-09-20T22:52:04.302Z
DEMO-DEV-6116,96,2022-11-18T09:58:17.968Z,2026-09-17T19:26:24.989Z
DEMO-DEV-6330,96,2022-10-21T12:28:28.843Z,2026-09-26T15:24:59.442Z
DEMO-DEV-6372,96,2022-10-11T22:05:35.989Z,2026-09-04T02:14:53.714Z
DEMO-DEV-6511,96,2022-10-04T23:13:37.714Z,2026-09-15T15:10:36.851Z
DEMO-DEV-6640,96,2022-10-04T13:06:59.676Z,2026-09-29T20:22:38.139Z
DEMO-DEV-6727,96,2022-10-02T11:58:22.597Z,2026-09-18T16:08:38.394Z
DEMO-DEV-6827,96,2022-10-27T20:33:25.493Z,2026-09-22T14:47:50.203Z
DEMO-DEV-6876,96,2022-10-16T06:38:50.714Z,2026-09-05T07:01:23.234Z
DEMO-DEV-6898,96,2022-10-07T00:56:55.605Z,2026-09-20T23:25:20.987Z
DEMO-DEV-7010,96,2022-11-10T13:14:20.885Z,2026-09-26T13:58:09.234Z
DEMO-DEV-7104,96,2022-10-07T07:09:22.183Z,2026-09-26T05:25:02.225Z
DEMO-DEV-7171,96,2022-10-18T20:48:48.879Z,2026-09-22T06:40:10.513Z
DEMO-DEV-7304,96,2022-11-01T00:09:33.803Z,2026-09-29T03:47:39.508Z
DEMO-DEV-7338,96,2022-10-19T10:26:49.161Z,2026-09-30T00:08:48.618Z
DEMO-DEV-7357,96,2022-10-09T14:16:44.765Z,2026-09-30T00:47:26.394Z
DEMO-DEV-7860,96,2022-10-05T21:02:41.192Z,2026-09-17T07:39:37.366Z
DEMO-DEV-8120,96,2022-10-02T20:00:12.968Z,2026-09-03T18:58:33.865Z
DEMO-DEV-8142,96,2022-10-05T16:53:13.969Z,2026-09-18T16:58:56.545Z
DEMO-DEV-8175,96,2022-10-06T06:52:05.075Z,2026-09-16T01:37:12.391Z
DEMO-DEV-8257,96,2022-10-05T22:19:40.607Z,2026-09-27T20:29:52.859Z
DEMO-DEV-8262,96,2022-10-20T10:52:23.929Z,2026-09-23T00:47:51.668Z
DEMO-DEV-8324,96,2022-10-10T21:07:17.045Z,2026-09-20T10:33:16.268Z
DEMO-DEV-8329,96,2022-10-06T09:17:08.190Z,2026-09-24T08:47:50.817Z
DEMO-DEV-8332,96,2022-10-12T11:17:31.989Z,2026-09-25T13:16:38.172Z
DEMO-DEV-8355,96,2022-10-05T19:50:11.926Z,2026-09-24T18:07:36.914Z
DEMO-DEV-8360,96,2022-10-11T09:39:42.120Z,2026-09-29T04:00:10.524Z
DEMO-DEV-8392,96,2022-10-09T12:53:31.676Z,2026-09-19T21:49:07.646Z
DEMO-DEV-8443,96,2022-10-02T07:51:17.234Z,2026-09-28T17:18:23.846Z
DEMO-DEV-8688,96,2022-10-08T22:05:11.804Z,2026-09-18T20:45:01.208Z
DEMO-DEV-8746,96,2022-11-02T05:47:45.236Z,2026-09-24T11:50:29.793Z
DEMO-DEV-8814,96,2022-10-29T01:16:21.173Z,2026-08-13T19:10:54.352Z
DEMO-DEV-8868,96,2022-10-10T20:16:57.172Z,2026-09-04T12:53:29.080Z
DEMO-DEV-8975,96,2022-10-02T21:19:00.138Z,2026-09-22T05:07:08.891Z
DEMO-DEV-9062,96,2022-10-21T21:31:04.929Z,2026-09-15T21:32:00.868Z
DEMO-DEV-9218,96,2022-10-03T13:53:36.264Z,2026-09-20T14:55:06.636Z
DEMO-DEV-9238,96,2022-10-23T04:04:43.368Z,2026-09-30T07:27:43.442Z
DEMO-DEV-9327,96,2022-10-21T21:09:56.692Z,2026-09-17T15:04:49.192Z
DEMO-DEV-9359,96,2022-10-20T03:47:20.568Z,2026-09-17T02:03:05.387Z
DEMO-DEV-9398,96,2022-10-28T05:25:25.865Z,2026-09-05T10:47:43.211Z
DEMO-DEV-9439,96,2022-10-10T21:15:18.497Z,2026-09-04T08:34:19.123Z
DEMO-DEV-9651,96,2022-10-03T00:15:36.524Z,2026-09-07T17:27:57.870Z
DEMO-DEV-9719,96,2022-10-08T19:54:33.879Z,2026-09-25T01:35:33.836Z
DEMO-DEV-9749,96,2022-10-07T10:30:56.289Z,2026-09-08T19:49:11.527Z
DEMO-DEV-9777,96,2022-10-06T11:51:27.409Z,2026-09-16T04:55:20.843Z
DEMO-DEV-9795,96,2022-11-17T13:39:42.605Z,2026-09-10T08:28:35.688Z
DEMO-DEV-9826,96,2022-10-12T16:38:04.584Z,2026-09-20T16:43:42.165Z
DEMO-DEV-9867,96,2022-10-02T16:27:21.394Z,2026-09-27T21:12:21.646Z
DEMO-DEV-9932,96,2022-10-01T12:22:25.038Z,2026-08-27T18:36:30.688Z
DEMO-DEV-9978,96,2022-10-16T02:29:34.308Z,2026-09-24T20:17:59.234Z
DEMO-DEV-9986,96,2022-10-20T12:26:17.120Z,2026-09-20T21:39:07.057Z
DEMO-DEV-0019,95,2022-10-16T02:34:47.555Z,2026-09-25T08:28:52.319Z
DEMO-DEV-0023,95,2022-10-01T21:46:57.915Z,2026-09-15T23:17:57.799Z
DEMO-DEV-0058,95,2022-11-17T13:14:34.161Z,2026-09-15T22:29:51.298Z
DEMO-DEV-0181,95,2022-10-18T12:41:39.014Z,2026-09-30T00:34:31.524Z
DEMO-DEV-0187,95,2022-10-03T07:23:37.352Z,2026-09-26T21:02:46.682Z
DEMO-DEV-0191,95,2022-11-01T08:16:25.239Z,2026-09-16T11:25:03.173Z
DEMO-DEV-0396,95,2022-10-16T18:04:35.524Z,2026-09-06T00:40:40.612Z
DEMO-DEV-0609,95,2022-10-07T22:30:28.799Z,2026-09-17T20:04:40.799Z
DEMO-DEV-0642,95,2022-10-10T09:43:12.870Z,2026-09-29T06:52:44.885Z
DEMO-DEV-0763,95,2022-11-08T01:01:30.470Z,2026-09-30T07:29:06.134Z
DEMO-DEV-0885,95,2022-10-06T16:32:31.668Z,2026-09-28T12:55:19.785Z
DEMO-DEV-0947,95,2022-10-05T03:51:03.846Z,2026-08-05T21:37:13.403Z
DEMO-DEV-1040,95,2022-10-13T17:14:51.524Z,2026-09-21T09:04:25.040Z
DEMO-DEV-1185,95,2022-10-21T06:22:53.037Z,2026-09-16T21:58:11.021Z
DEMO-DEV-1306,95,2022-10-13T00:17:03.614Z,2026-09-23T23:03:23.913Z
DEMO-DEV-1330,95,2022-12-07T20:24:39.497Z,2026-09-01T18:41:43.497Z
DEMO-DEV-1367,95,2022-10-07T20:48:31.172Z,2026-08-24T20:07:57.863Z
DEMO-DEV-1376,95,2022-10-04T01:44:12.839Z,2026-09-12T16:40:16.653Z
DEMO-DEV-1416,95,2022-10-07T07:10:11.597Z,2026-09-21T23:11:55.688Z
DEMO-DEV-1501,95,2022-10-04T23:20:02.555Z,2026-09-14T21:03:50.165Z
DEMO-DEV-1582,95,2022-10-20T02:38:24.841Z,2026-09-22T04:23:38.863Z
DEMO-DEV-1694,95,2022-10-16T19:31:02.004Z,2026-09-22T14:40:54.929Z
DEMO-DEV-1705,95,2022-10-23T04:51:38.843Z,2026-09-29T08:33:08.230Z
DEMO-DEV-1742,95,2022-10-05T17:35:18.578Z,2026-09-25T10:45:15.948Z
DEMO-DEV-2220,95,2022-11-26T11:17:46.915Z,2026-08-13T00:44:59.139Z
DEMO-DEV-2276,95,2022-10-03T12:44:59.658Z,2026-09-17T19:22:54.204Z
DEMO-DEV-2396,95,2022-10-01T11:29:27.892Z,2026-09-25T00:40:36.354Z
DEMO-DEV-2494,95,2022-10-31T02:52:56.892Z,2026-09-26T02:42:55.352Z
DEMO-DEV-2501,95,2022-10-27T02:15:15.485Z,2026-09-22T20:42:39.352Z
DEMO-DEV-2616,95,2022-10-12T03:24:49.785Z,2026-09-28T19:35:56.370Z
DEMO-DEV-2667,95,2022-10-16T09:55:23.968Z,2026-08-13T14:26:47.224Z
DEMO-DEV-2716,95,2022-10-14T11:33:58.485Z,2026-08-28T13:41:58.057Z
DEMO-DEV-2893,95,2022-10-07T12:41:24.288Z,2026-09-08T00:47:58.668Z
DEMO-DEV-2931,95,2022-10-18T14:36:18.877Z,2026-09-24T18:38:05.785Z
DEMO-DEV-3120,95,2022-10-07T15:52:49.366Z,2026-09-30T01:12:52.027Z
DEMO-DEV-3170,95,2022-10-29T03:33:50.366Z,2026-09-26T13:19:30.172Z
DEMO-DEV-3317,95,2022-10-03T18:46:00.926Z,2026-09-24T14:52:20.160Z
DEMO-DEV-3440,95,2022-10-25T21:37:31.926Z,2026-09-19T06:22:02.068Z
DEMO-DEV-3443,95,2022-10-16T09:03:29.172Z,2026-09-14T18:57:40.752Z
DEMO-DEV-3542,95,2022-11-20T10:25:50.138Z,2026-09-24T21:55:56.038Z
DEMO-DEV-3571,95,2022-10-02T19:35:45.226Z,2026-08-29T10:50:49.714Z
DEMO-DEV-3598,95,2022-10-21T20:57:53.272Z,2026-09-28T21:05:53.591Z
DEMO-DEV-3616,95,2022-10-23T02:57:17.462Z,2026-09-13T13:57:37.298Z
DEMO-DEV-3929,95,2022-10-29T16:54:06.390Z,2026-09-24T12:10:32.948Z
DEMO-DEV-4014,95,2022-10-05T19:05:55.470Z,2026-08-13T16:43:25.390Z
DEMO-DEV-4191,95,2022-10-15T12:13:31.839Z,2026-09-03T22:33:05.839Z
DEMO-DEV-4317,95,2022-10-11T15:24:05.190Z,2026-09-24T05:07:08.218Z
DEMO-DEV-4465,95,2022-10-02T04:11:47.646Z,2026-09-28T16:29:37.397Z
DEMO-DEV-4469,95,2022-10-31T02:44:05.219Z,2026-09-16T22:35:19.868Z
DEMO-DEV-4488,95,2022-10-10T07:24:54.989Z,2026-09-04T16:00:22.917Z
DEMO-DEV-4664,95,2022-10-10T12:57:57.004Z,2026-09-26T14:35:56.578Z
DEMO-DEV-4845,95,2022-10-01T16:32:08.765Z,2026-09-03T04:54:56.950Z
DEMO-DEV-4967,95,2022-10-01T12:25:46.859Z,2026-09-20T03:20:16.075Z
DEMO-DEV-5016,95,2022-11-19T21:10:23.537Z,2026-09-24T06:57:00.646Z
DEMO-DEV-5021,95,2022-10-05T16:41:17.232Z,2026-09-29T16:13:58.868Z
DEMO-DEV-5068,95,2022-10-28T19:50:41.390Z,2026-09-28T19:33:08.226Z
DEMO-DEV-5143,95,2022-10-12T22:12:33.519Z,2026-09-17T14:30:49.120Z
DEMO-DEV-5169,95,2022-10-03T18:00:40.428Z,2026-09-28T13:34:43.366Z
DEMO-DEV-5171,95,2022-10-05T02:58:11.864Z,2026-09-08T07:32:16.063Z
DEMO-DEV-5186,95,2022-10-20T05:59:30.555Z,2026-08-18T17:34:26.661Z
DEMO-DEV-5215,95,2022-10-04T13:07:31.578Z,2026-08-30T05:57:11.120Z
DEMO-DEV-5352,95,2022-10-09T21:03:44.037Z,2026-08-31T18:27:21.485Z
DEMO-DEV-5429,95,2022-10-13T10:50:24.668Z,2026-09-08T19:46:20.524Z
DEMO-DEV-5432,95,2022-10-12T19:26:49.568Z,2026-09-05T15:39:35.253Z
DEMO-DEV-5436,95,2022-10-05T05:54:58.719Z,2026-09-29T18:12:49.160Z
DEMO-DEV-5708,95,2022-10-03T11:22:39.537Z,2026-08-21T20:35:29.523Z
DEMO-DEV-5782,95,2022-10-24T11:59:11.714Z,2026-09-26T18:25:03.370Z
DEMO-DEV-6023,95,2022-10-10T18:35:42.366Z,2026-09-14T10:22:08.003Z
DEMO-DEV-6388,95,2022-10-22T19:54:57.646Z,2026-09-16T21:00:46.915Z
DEMO-DEV-6421,95,2022-10-05T12:49:50.460Z,2026-07-29T11:45:38.298Z
DEMO-DEV-6484,95,2022-10-06T10:59:53.222Z,2026-09-17T03:19:53.462Z
DEMO-DEV-6625,95,2022-10-30T23:55:30.841Z,2026-09-30T02:12:38.778Z
DEMO-DEV-6626,95,2022-10-04T16:07:38.692Z,2026-09-12T09:01:53.246Z
DEMO-DEV-6874,95,2022-10-10T03:02:30.688Z,2026-09-19T12:03:02.218Z
DEMO-DEV-6979,95,2022-10-06T10:48:33.843Z,2026-07-27T21:29:05.391Z
DEMO-DEV-7466,95,2022-10-10T14:32:17.300Z,2026-09-27T09:08:24.636Z
DEMO-DEV-7531,95,2022-10-01T14:47:49.252Z,2026-09-03T17:36:49.682Z
DEMO-DEV-7720,95,2022-10-07T21:08:45.843Z,2026-07-16T05:34:05.023Z
DEMO-DEV-7721,95,2022-10-02T20:09:58.987Z,2026-09-23T12:02:06.597Z
DEMO-DEV-7884,95,2022-10-15T22:07:04.968Z,2026-09-26T03:54:10.225Z
DEMO-DEV-7923,95,2022-10-06T19:32:16.867Z,2026-09-25T23:24:34.224Z
DEMO-DEV-7941,95,2022-10-17T00:44:17.183Z,2026-09-21T07:07:44.914Z
DEMO-DEV-7962,95,2022-11-23T06:09:00.150Z,2026-09-19T21:34:07.784Z
DEMO-DEV-8119,95,2022-10-29T02:35:34.915Z,2026-09-28T04:11:25.319Z
DEMO-DEV-8284,95,2022-10-17T18:13:38.003Z,2026-08-17T09:00:32.073Z
DEMO-DEV-8435,95,2022-11-05T03:30:13.352Z,2026-09-17T21:20:31.836Z
DEMO-DEV-8536,95,2022-10-02T03:05:13.508Z,2026-09-24T20:48:54.298Z
DEMO-DEV-8537,95,2022-10-23T19:13:49.443Z,2026-09-16T18:49:46.236Z
DEMO-DEV-8540,95,2022-11-01T19:52:46.987Z,2026-09-20T23:47:16.537Z
DEMO-DEV-8561,95,2022-10-11T04:54:50.976Z,2026-09-27T09:49:24.523Z
DEMO-DEV-8784,95,2022-10-01T21:54:18.239Z,2026-09-23T01:39:10.315Z
DEMO-DEV-8873,95,2022-10-06T14:05:51.754Z,2026-09-30T07:16:16.511Z
DEMO-DEV-8920,95,2022-10-05T05:52:02.319Z,2026-09-09T09:56:57.523Z
DEMO-DEV-9214,95,2022-10-09T19:50:26.045Z,2026-09-04T16:17:14.884Z
DEMO-DEV-9394,95,2022-10-08T01:32:30.352Z,2026-09-21T19:58:16.661Z
DEMO-DEV-9507,95,2022-11-15T02:44:59.298Z,2026-09-23T06:52:46.222Z
DEMO-DEV-9547,95,2022-10-04T07:46:12.365Z,2026-09-26T15:57:46.839Z
DEMO-DEV-9628,95,2022-10-13T15:45:17.795Z,2026-09-25T04:15:45.859Z
DEMO-DEV-0040,94,2022-10-26T13:37:43.222Z,2026-09-12T05:53:22.836Z
DEMO-DEV-0042,94,2022-10-16T07:53:24.300Z,2026-09-22T03:58:28.289Z
DEMO-DEV-0134,94,2022-10-08T21:45:00.493Z,2026-09-06T00:56:29.236Z
DEMO-DEV-0620,94,2022-11-17T00:35:52.865Z,2026-09-21T10:29:14.597Z
DEMO-DEV-0625,94,2022-12-06T02:21:26.846Z,2026-09-18T22:50:37.208Z
DEMO-DEV-0637,94,2022-11-07T13:24:41.636Z,2026-09-13T08:09:11.824Z
DEMO-DEV-0661,94,2022-10-17T03:40:46.252Z,2026-09-18T06:23:39.702Z
DEMO-DEV-0824,94,2022-10-02T03:46:33.172Z,2026-09-21T22:46:48.867Z
DEMO-DEV-0908,94,2022-10-02T11:24:09.472Z,2026-09-22T03:36:05.087Z
DEMO-DEV-0939,94,2022-10-29T02:10:34.545Z,2026-09-28T14:46:43.120Z
DEMO-DEV-1055,94,2022-10-15T23:14:30.014Z,2026-09-27T02:48:25.222Z
DEMO-DEV-1337,94,2022-10-02T03:52:08.428Z,2026-09-16T23:41:28.524Z
DEMO-DEV-1338,94,2022-11-15T00:47:05.868Z,2026-09-12T23:15:01.648Z
DEMO-DEV-1381,94,2022-10-09T14:00:10.682Z,2026-08-31T20:48:43.877Z
DEMO-DEV-1545,94,2022-10-06T04:56:27.676Z,2026-09-20T17:19:48.511Z
DEMO-DEV-1552,94,2022-10-01T19:04:23.027Z,2026-07-12T05:23:01.513Z
DEMO-DEV-1994,94,2022-10-04T01:55:49.842Z,2026-09-28T07:41:01.021Z
DEMO-DEV-2075,94,2022-10-12T06:46:14.803Z,2026-09-24T07:15:33.120Z
DEMO-DEV-2180,94,2022-10-07T21:25:06.120Z,2026-09-28T06:17:09.232Z
DEMO-DEV-2420,94,2022-10-24T21:59:24.836Z,2026-09-27T17:50:45.976Z
DEMO-DEV-2506,94,2022-10-28T10:54:45.038Z,2026-09-29T02:12:02.825Z
DEMO-DEV-2532,94,2022-10-22T21:46:38.234Z,2026-09-04T14:22:13.150Z
DEMO-DEV-2778,94,2022-11-07T19:53:25.614Z,2026-09-09T03:39:49.578Z
DEMO-DEV-2859,94,2022-10-15T16:49:50.985Z,2026-09-13T21:29:53.390Z
DEMO-DEV-3084,94,2022-11-12T12:02:21.950Z,2026-08-27T08:40:57.236Z
DEMO-DEV-3178,94,2022-10-03T12:25:47.966Z,2026-09-29T20:17:16.702Z
DEMO-DEV-3279,94,2022-10-03T16:22:42.639Z,2026-09-28T11:20:46.300Z
DEMO-DEV-3287,94,2022-10-03T10:10:15.027Z,2026-08-23T18:28:29.077Z
DEMO-DEV-3367,94,2022-10-05T17:07:52.027Z,2026-08-31T10:21:37.168Z
DEMO-DEV-3404,94,2022-10-03T18:55:15.863Z,2026-09-09T06:27:16.308Z
DEMO-DEV-3448,94,2022-10-08T11:38:40.319Z,2026-08-17T10:36:33.325Z
DEMO-DEV-3584,94,2022-10-19T17:15:33.792Z,2026-09-23T01:00:32.246Z
DEMO-DEV-3787,94,2022-10-25T11:19:32.985Z,2026-09-24T05:04:52.238Z
DEMO-DEV-3957,94,2022-11-07T05:31:48.682Z,2026-09-16T17:34:33.785Z
DEMO-DEV-4104,94,2022-10-25T22:03:55.568Z,2026-09-23T07:24:18.915Z
DEMO-DEV-4116,94,2022-10-07T05:14:26.287Z,2026-09-11T21:40:08.015Z
DEMO-DEV-4202,94,2022-10-16T11:36:38.607Z,2026-09-29T20:41:17.365Z
DEMO-DEV-4209,94,2022-10-26T22:59:06.308Z,2026-09-28T20:01:07.485Z
DEMO-DEV-4235,94,2022-10-31T23:19:16.556Z,2026-09-28T13:17:25.968Z
DEMO-DEV-4383,94,2022-10-03T23:56:23.254Z,2026-08-09T20:46:09.786Z
DEMO-DEV-4571,94,2022-10-11T05:05:31.402Z,2026-09-24T07:37:45.120Z
DEMO-DEV-4698,94,2022-10-16T16:51:07.508Z,2026-08-29T03:15:35.648Z
DEMO-DEV-4704,94,2022-10-15T08:13:55.236Z,2026-09-19T02:02:15.183Z
DEMO-DEV-4780,94,2022-10-05T15:16:45.950Z,2026-09-19T12:34:51.352Z
DEMO-DEV-4972,94,2022-10-22T19:02:34.287Z,2026-09-01T16:46:52.646Z
DEMO-DEV-5161,94,2022-11-16T17:00:04.497Z,2026-09-25T00:55:21.021Z
DEMO-DEV-5165,94,2022-10-22T13:43:10.738Z,2026-09-10T12:53:46.926Z
DEMO-DEV-5241,94,2022-11-04T23:04:28.403Z,2026-08-15T09:47:17.368Z
DEMO-DEV-5257,94,2022-10-13T05:38:33.605Z,2026-09-21T01:49:57.428Z
DEMO-DEV-5364,94,2022-10-23T20:13:33.021Z,2026-09-20T00:10:26.508Z
DEMO-DEV-5450,94,2022-10-08T12:19:10.785Z,2026-09-29T15:28:00.485Z
DEMO-DEV-5485,94,2022-10-01T15:52:12.864Z,2026-08-25T12:43:26.511Z
DEMO-DEV-5718,94,2022-10-14T09:15:20.557Z,2026-09-23T10:19:29.218Z
DEMO-DEV-5771,94,2022-10-01T19:21:33.192Z,2026-08-24T22:36:43.057Z
DEMO-DEV-5876,94,2022-11-19T13:33:51.319Z,2026-09-09T17:26:01.014Z
DEMO-DEV-5944,94,2022-10-03T20:06:40.045Z,2026-09-07T08:27:20.238Z
DEMO-DEV-6036,94,2022-10-28T03:33:40.234Z,2026-09-23T10:57:44.090Z
DEMO-DEV-6156,94,2022-10-09T04:16:51.205Z,2026-09-23T23:58:28.446Z
DEMO-DEV-6332,94,2022-10-03T06:29:19.354Z,2026-09-24T21:56:53.222Z
DEMO-DEV-6530,94,2022-10-10T17:56:25.710Z,2026-08-16T15:51:45.666Z
DEMO-DEV-6555,94,2022-10-05T03:56:08.987Z,2026-09-09T18:34:29.409Z
DEMO-DEV-6750,94,2022-10-11T09:07:20.655Z,2026-08-11T16:46:52.221Z
DEMO-DEV-7008,94,2022-12-20T02:57:09.778Z,2026-09-06T14:05:58.965Z
DEMO-DEV-7148,94,2022-11-17T23:51:31.397Z,2026-09-10T07:57:50.915Z
DEMO-DEV-7163,94,2022-10-15T20:29:38.523Z,2026-09-29T07:44:24.024Z
DEMO-DEV-7460,94,2022-10-02T18:08:13.591Z,2026-07-11T14:14:48.038Z
DEMO-DEV-7563,94,2022-11-02T17:52:01.842Z,2026-08-13T19:04:42.254Z
DEMO-DEV-7617,94,2022-10-07T16:47:19.291Z,2026-08-16T02:06:20.470Z
DEMO-DEV-7621,94,2022-10-16T05:27:18.224Z,2026-09-15T10:55:10.230Z
DEMO-DEV-7659,94,2022-10-08T23:48:03.027Z,2026-09-18T21:31:30.727Z
DEMO-DEV-7663,94,2022-10-04T02:12:39.784Z,2026-08-11T10:42:32.864Z
DEMO-DEV-7983,94,2022-10-18T16:03:05.799Z,2026-09-19T00:42:51.557Z
DEMO-DEV-8041,94,2022-10-24T22:19:09.442Z,2026-09-19T02:14:09.806Z
DEMO-DEV-8201,94,2022-10-15T08:34:28.785Z,2026-09-06T15:08:49.037Z
DEMO-DEV-8286,94,2022-10-06T13:37:03.004Z,2026-09-26T08:32:48.272Z
DEMO-DEV-8533,94,2022-10-02T19:44:50.390Z,2026-09-19T09:55:54.917Z
DEMO-DEV-8567,94,2022-10-07T11:13:08.387Z,2026-09-19T20:12:02.368Z
DEMO-DEV-8612,94,2022-10-05T06:48:14.068Z,2026-09-19T11:18:01.150Z
DEMO-DEV-8690,94,2022-10-16T04:06:54.719Z,2026-09-12T11:56:49.500Z
DEMO-DEV-8721,94,2022-11-26T20:47:32.873Z,2026-08-25T00:36:40.077Z
DEMO-DEV-8810,94,2022-10-20T21:48:18.975Z,2026-09-24T18:53:35.045Z
DEMO-DEV-8962,94,2022-10-11T08:45:36.785Z,2026-09-29T15:15:52.024Z
DEMO-DEV-9028,94,2022-10-13T08:17:18.976Z,2026-09-14T20:35:48.968Z
DEMO-DEV-9090,94,2022-10-14T21:44:01.676Z,2026-09-15T09:58:17.446Z
DEMO-DEV-9244,94,2022-10-05T18:17:09.710Z,2026-09-13T20:57:48.224Z
DEMO-DEV-9475,94,2022-10-16T03:17:40.004Z,2026-09-25T10:38:36.254Z
DEMO-DEV-9530,94,2022-10-02T12:13:07.782Z,2026-09-22T06:06:12.224Z
DEMO-DEV-9573,94,2022-10-19T06:18:27.992Z,2026-09-13T19:43:55.038Z
DEMO-DEV-9683,94,2022-10-08T21:17:53.618Z,2026-09-21T19:30:44.150Z
DEMO-DEV-9796,94,2022-11-16T22:30:58.221Z,2026-09-25T19:38:19.607Z
DEMO-DEV-9891,94,2022-10-18T03:23:33.614Z,2026-09-26T21:03:05.366Z
DEMO-DEV-9943,94,2022-10-05T04:45:16.204Z,2026-09-22T08:08:44.524Z
DEMO-DEV-0276,93,2022-10-10T08:25:56.879Z,2026-09-27T10:15:35.992Z
DEMO-DEV-0538,93,2022-10-08T02:57:34.612Z,2026-09-20T05:26:12.968Z
DEMO-DEV-0702,93,2022-10-17T02:34:16.727Z,2026-06-21T01:02:40.190Z
DEMO-DEV-0823,93,2022-10-20T02:58:54.211Z,2026-09-25T18:37:56.087Z
DEMO-DEV-0852,93,2022-10-04T09:22:27.272Z,2026-09-27T19:22:04.165Z
DEMO-DEV-1000,93,2022-10-09T23:45:46.825Z,2026-09-05T17:54:32.222Z
DEMO-DEV-1025,93,2022-10-10T16:12:30.394Z,2026-09-28T01:37:38.804Z
DEMO-DEV-1451,93,2022-11-07T17:28:50.864Z,2026-09-24T16:40:15.470Z
DEMO-DEV-1547,93,2022-10-10T20:31:25.397Z,2026-09-22T20:49:39.612Z
DEMO-DEV-1657,93,2022-10-08T07:58:24.816Z,2026-09-29T13:50:55.752Z
DEMO-DEV-1909,93,2022-10-13T07:44:51.139Z,2026-09-14T09:52:22.646Z
DEMO-DEV-1986,93,2022-10-07T03:14:47.636Z,2026-09-20T03:47:45.415Z
DEMO-DEV-2013,93,2022-10-03T07:35:25.702Z,2026-07-19T14:33:19.929Z
DEMO-DEV-2141,93,2022-10-02T10:37:13.075Z,2026-09-30T02:26:08.605Z
DEMO-DEV-2442,93,2022-10-09T07:51:36.793Z,2026-09-22T19:21:14.073Z
DEMO-DEV-2517,93,2022-10-09T03:56:38.370Z,2026-09-21T05:53:58.873Z
DEMO-DEV-2562,93,2022-10-25T23:32:56.352Z,2026-09-24T23:46:44.702Z
DEMO-DEV-2621,93,2022-10-08T16:05:53.607Z,2026-09-15T12:55:53.714Z
DEMO-DEV-2759,93,2022-11-01T15:18:40.799Z,2026-09-17T07:59:17.692Z
DEMO-DEV-2843,93,2022-10-14T22:47:00.612Z,2026-09-28T01:18:54.836Z
DEMO-DEV-2943,93,2022-10-10T10:27:32.993Z,2026-08-27T22:27:03.239Z
DEMO-DEV-2956,93,2022-10-16T15:30:31.368Z,2026-09-27T13:23:59.428Z
DEMO-DEV-3243,93,2022-10-20T01:37:13.817Z,2026-09-13T17:43:10.015Z
DEMO-DEV-3560,93,2022-10-08T18:24:32.692Z,2026-08-24T14:10:38.315Z
DEMO-DEV-3613,93,2022-10-27T16:59:09.719Z,2026-09-07T11:55:53.843Z
DEMO-DEV-3695,93,2022-10-08T16:16:43.786Z,2026-09-28T17:34:56.870Z
DEMO-DEV-3815,93,2022-10-06T00:41:02.168Z,2026-09-18T12:48:17.239Z
DEMO-DEV-3958,93,2022-10-17T09:29:09.618Z,2026-09-26T10:50:01.063Z
DEMO-DEV-4016,93,2022-10-10T08:10:22.493Z,2026-09-08T05:21:45.505Z
DEMO-DEV-4069,93,2022-10-03T12:49:17.892Z,2026-08-01T07:59:13.063Z
DEMO-DEV-4144,93,2022-10-10T02:36:19.024Z,2026-09-30T05:13:11.519Z
DEMO-DEV-4159,93,2022-10-13T15:49:35.646Z,2026-09-14T13:24:35.843Z
DEMO-DEV-4668,93,2022-10-05T01:47:16.948Z,2026-09-01T21:46:06.238Z
DEMO-DEV-5036,93,2022-10-22T09:14:23.238Z,2026-09-11T18:16:24.026Z
DEMO-DEV-5150,93,2022-10-15T14:47:50.232Z,2026-09-11T22:13:50.224Z
DEMO-DEV-5405,93,2022-10-09T14:06:47.218Z,2026-09-13T12:17:33.368Z
DEMO-DEV-5447,93,2022-10-25T11:35:53.511Z,2026-08-07T21:08:11.612Z
DEMO-DEV-5558,93,2022-10-02T09:36:32.513Z,2026-09-14T22:03:03.989Z
DEMO-DEV-5661,93,2022-10-22T08:20:08.500Z,2026-09-06T19:09:54.087Z
DEMO-DEV-5837,93,2022-10-04T13:55:49.442Z,2026-09-14T10:24:53.948Z
DEMO-DEV-5952,93,2022-10-11T07:04:23.291Z,2026-09-27T08:28:18.254Z
DEMO-DEV-6183,93,2022-10-01T22:27:06.211Z,2026-09-24T11:28:04.387Z
DEMO-DEV-6224,93,2022-10-18T18:10:34.300Z,2026-09-20T00:17:28.428Z
DEMO-DEV-6253,93,2022-10-23T16:32:14.555Z,2026-09-16T02:32:51.817Z
DEMO-DEV-6352,93,2022-10-03T12:27:15.365Z,2026-09-15T14:54:59.524Z
DEMO-DEV-6425,93,2022-10-25T07:47:58.466Z,2026-09-13T18:18:56.397Z
DEMO-DEV-6501,93,2022-10-09T19:01:10.368Z,2026-09-28T22:49:27.485Z
DEMO-DEV-6510,93,2022-11-24T04:17:54.272Z,2026-09-08T13:20:36.357Z
DEMO-DEV-6519,93,2022-10-28T20:22:35.867Z,2026-09-12T04:09:41.090Z
DEMO-DEV-6621,93,2022-10-13T04:29:17.370Z,2026-08-31T17:30:20.352Z
DEMO-DEV-6632,93,2022-10-02T14:38:28.068Z,2026-09-08T22:52:29.950Z
DEMO-DEV-6652,93,2022-11-25T22:30:50.505Z,2026-09-30T01:59:35.015Z
DEMO-DEV-6693,93,2022-10-05T18:05:38.508Z,2026-09-24T14:08:42.792Z
DEMO-DEV-6828,93,2022-11-12T22:07:15.505Z,2026-09-28T04:51:36.189Z
DEMO-DEV-6940,93,2022-10-24T06:49:03.254Z,2026-09-28T16:16:41.470Z
DEMO-DEV-7232,93,2022-10-02T04:42:41.965Z,2026-09-09T00:28:05.917Z
DEMO-DEV-7599,93,2022-10-05T00:48:28.605Z,2026-09-23T17:16:49.254Z
DEMO-DEV-7600,93,2022-10-05T16:30:22.155Z,2026-09-27T15:26:51.394Z
DEMO-DEV-7657,93,2022-10-03T18:38:19.688Z,2026-09-23T04:25:19.839Z
DEMO-DEV-8133,93,2022-10-06T23:49:29.045Z,2026-09-27T21:12:49.370Z
DEMO-DEV-8281,93,2022-11-19T17:47:43.816Z,2026-09-28T16:04:11.778Z
DEMO-DEV-8296,93,2022-10-08T04:19:06.150Z,2026-09-12T10:51:04.402Z
DEMO-DEV-8354,93,2022-10-02T18:56:01.023Z,2026-09-11T23:56:34.785Z
DEMO-DEV-8535,93,2022-10-23T07:02:37.470Z,2026-09-30T05:09:28.503Z
DEMO-DEV-8634,93,2022-10-13T01:52:09.352Z,2026-09-17T18:00:36.183Z
DEMO-DEV-8636,93,2022-10-29T07:07:45.470Z,2026-09-23T18:39:48.289Z
DEMO-DEV-8679,93,2022-10-30T00:15:01.024Z,2026-09-25T11:57:56.913Z
DEMO-DEV-8789,93,2022-10-04T22:12:29.221Z,2026-09-15T22:00:42.666Z
DEMO-DEV-8892,93,2022-10-22T21:59:29.365Z,2026-09-18T00:54:40.811Z
DEMO-DEV-8978,93,2022-10-19T16:42:32.470Z,2026-07-30T07:27:04.485Z
DEMO-DEV-9038,93,2022-10-06T03:52:16.090Z,2026-09-26T13:58:44.765Z
DEMO-DEV-9364,93,2022-12-06T23:47:49.161Z,2026-09-24T23:08:10.966Z
DEMO-DEV-9621,93,2022-10-14T11:55:05.524Z,2026-09-16T03:26:36.289Z
DEMO-DEV-9635,93,2022-10-14T13:18:25.513Z,2026-09-02T22:55:58.470Z
DEMO-DEV-9944,93,2022-11-13T04:44:09.352Z,2026-09-14T21:42:18.234Z
DEMO-DEV-0106,92,2022-11-09T06:10:46.556Z,2026-09-16T22:23:52.246Z
DEMO-DEV-0293,92,2022-10-01T20:16:20.765Z,2026-09-25T18:49:39.537Z
DEMO-DEV-0665,92,2022-10-12T15:32:58.976Z,2026-09-28T10:51:03.063Z
DEMO-DEV-0884,92,2022-10-22T15:22:58.352Z,2026-09-11T20:48:51.524Z
DEMO-DEV-0971,92,2022-10-17T15:29:37.646Z,2026-09-18T04:04:36.192Z
DEMO-DEV-1610,92,2022-11-14T18:48:20.968Z,2026-09-25T12:04:32.268Z
DEMO-DEV-1643,92,2022-10-19T01:38:27.155Z,2026-09-20T01:42:33.965Z
DEMO-DEV-1718,92,2022-10-03T06:55:56.500Z,2026-09-19T10:47:52.584Z
DEMO-DEV-1976,92,2022-10-02T17:23:55.584Z,2026-09-16T19:09:48.584Z
DEMO-DEV-2536,92,2022-11-10T23:30:54.870Z,2026-09-08T13:16:10.949Z
DEMO-DEV-2558,92,2022-10-11T06:03:58.470Z,2026-09-17T10:45:00.666Z
DEMO-DEV-2571,92,2022-10-17T11:14:49.272Z,2026-09-09T01:12:55.948Z
DEMO-DEV-2581,92,2022-10-07T04:54:21.307Z,2026-09-23T14:47:08.391Z
DEMO-DEV-2705,92,2022-10-02T11:50:18.892Z,2026-09-29T03:33:53.500Z
DEMO-DEV-2934,92,2022-10-01T09:27:47.090Z,2026-09-01T18:47:54.646Z
DEMO-DEV-3124,92,2022-11-06T00:39:07.370Z,2026-09-23T01:04:32.786Z
DEMO-DEV-3366,92,2022-10-04T05:08:46.014Z,2026-09-27T09:46:56.394Z
DEMO-DEV-3384,92,2022-10-19T01:51:38.003Z,2026-09-21T01:29:43.120Z
DEMO-DEV-3588,92,2022-10-05T17:04:06.658Z,2026-09-29T07:22:50.639Z
DEMO-DEV-3682,92,2022-10-01T15:24:50.503Z,2026-09-24T17:53:06.578Z
DEMO-DEV-3735,92,2022-10-07T20:42:08.917Z,2026-09-29T17:17:51.868Z
DEMO-DEV-3955,92,2022-10-18T10:10:56.390Z,2026-09-30T02:30:39.442Z
DEMO-DEV-4223,92,2022-10-17T18:52:22.394Z,2026-09-14T12:37:13.836Z
DEMO-DEV-4258,92,2022-10-29T09:55:43.661Z,2026-09-17T21:05:13.989Z
DEMO-DEV-4335,92,2022-10-02T13:55:09.948Z,2026-09-14T19:23:20.024Z
DEMO-DEV-4730,92,2022-10-23T15:10:06.719Z,2026-09-13T17:31:01.315Z
DEMO-DEV-4793,92,2022-10-11T07:45:20.891Z,2026-09-27T06:21:13.727Z
DEMO-DEV-4931,92,2022-10-03T23:05:29.799Z,2026-09-18T09:58:26.218Z
DEMO-DEV-5148,92,2022-12-07T22:18:13.021Z,2026-09-26T23:20:04.470Z
DEMO-DEV-5319,92,2022-10-03T03:05:21.038Z,2026-09-24T20:53:06.639Z
DEMO-DEV-5331,92,2022-10-06T07:41:10.428Z,2026-09-23T16:47:59.612Z
DEMO-DEV-5647,92,2022-10-14T23:45:28.873Z,2026-09-17T21:25:33.870Z
DEMO-DEV-5774,92,2022-10-04T09:46:30.226Z,2026-08-19T16:25:24.816Z
DEMO-DEV-5830,92,2022-10-02T07:34:30.307Z,2026-08-28T12:05:04.080Z
DEMO-DEV-5877,92,2022-10-08T07:05:59.254Z,2026-09-29T11:19:04.710Z
DEMO-DEV-6319,92,2022-10-14T21:20:23.370Z,2026-09-19T11:29:00.949Z
DEMO-DEV-6447,92,2022-10-15T02:08:00.161Z,2026-07-31T03:29:02.989Z
DEMO-DEV-6560,92,2022-10-13T16:18:09.319Z,2026-09-29T21:32:27.668Z
DEMO-DEV-6705,92,2022-10-19T17:04:41.719Z,2026-09-24T15:09:20.976Z
DEMO-DEV-6845,92,2022-10-30T04:27:47.075Z,2026-09-12T14:51:18.368Z
DEMO-DEV-6914,92,2022-10-02T21:48:27.836Z,2026-09-29T00:47:08.192Z
DEMO-DEV-7203,92,2022-10-25T14:36:16.591Z,2026-09-09T19:49:18.368Z
DEMO-DEV-7253,92,2022-12-06T23:58:05.784Z,2026-09-02T12:09:08.867Z
DEMO-DEV-7341,92,2022-10-09T14:23:31.189Z,2026-09-21T11:24:03.975Z
DEMO-DEV-7429,92,2022-10-27T20:42:36.390Z,2026-09-16T04:15:44.357Z
DEMO-DEV-7452,92,2022-11-04T10:01:32.612Z,2026-08-22T05:03:05.252Z
DEMO-DEV-7559,92,2022-10-03T22:11:51.397Z,2026-09-27T10:27:48.391Z
DEMO-DEV-7728,92,2022-10-15T12:42:43.287Z,2026-09-16T22:14:39.204Z
DEMO-DEV-7798,92,2022-10-20T16:19:09.190Z,2026-09-30T02:38:39.648Z
DEMO-DEV-8011,92,2022-10-09T07:02:50.556Z,2026-09-19T21:00:28.226Z
DEMO-DEV-8178,92,2022-10-10T01:01:52.989Z,2026-09-27T01:35:09.914Z
DEMO-DEV-8352,92,2022-10-11T13:10:37.636Z,2026-09-22T16:21:16.485Z
DEMO-DEV-8481,92,2022-10-11T21:32:48.989Z,2026-09-20T17:34:27.300Z
DEMO-DEV-8527,92,2022-10-06T10:47:58.839Z,2026-08-13T10:53:57.402Z
DEMO-DEV-9083,92,2022-10-01T12:26:43.138Z,2026-09-15T11:03:41.300Z
DEMO-DEV-9223,92,2022-10-09T10:16:54.354Z,2026-08-19T11:32:47.370Z
DEMO-DEV-9518,92,2022-10-20T08:28:21.676Z,2026-09-10T19:08:05.246Z
DEMO-DEV-9539,92,2022-10-17T13:14:57.676Z,2026-09-27T07:44:22.648Z
DEMO-DEV-0119,91,2022-10-07T12:18:57.352Z,2026-09-20T09:42:59.470Z
DEMO-DEV-0230,91,2022-10-02T14:36:31.460Z,2026-09-29T10:26:04.211Z
DEMO-DEV-0976,91,2022-11-14T13:28:18.519Z,2026-08-30T12:47:27.026Z
DEMO-DEV-1390,91,2022-11-03T16:20:38.719Z,2026-09-27T20:31:47.160Z
DEMO-DEV-2029,91,2022-10-17T01:59:44.370Z,2026-09-28T07:59:29.161Z
DEMO-DEV-2415,91,2022-10-08T14:59:38.250Z,2026-09-24T04:44:20.161Z
DEMO-DEV-2626,91,2022-10-02T18:53:56.597Z,2026-09-12T17:00:29.636Z
DEMO-DEV-2693,91,2022-10-04T12:17:46.272Z,2026-09-08T23:35:32.949Z
DEMO-DEV-2734,91,2022-10-05T01:02:10.816Z,2026-09-18T14:34:13.027Z
DEMO-DEV-2978,91,2022-10-16T10:13:43.682Z,2026-09-27T21:55:51.646Z
DEMO-DEV-3127,91,2022-10-01T10:59:15.545Z,2026-07-16T12:56:42.289Z
DEMO-DEV-3330,91,2022-10-18T16:23:10.555Z,2026-09-09T20:07:30.442Z
DEMO-DEV-3467,91,2022-10-05T00:55:29.824Z,2026-08-17T22:39:43.989Z
DEMO-DEV-3689,91,2022-10-19T03:11:55.636Z,2026-09-24T15:48:30.605Z
DEMO-DEV-3807,91,2022-10-26T03:09:52.319Z,2026-09-10T04:18:58.926Z
DEMO-DEV-4449,91,2022-10-03T05:23:56.793Z,2026-09-28T20:08:58.752Z
DEMO-DEV-4494,91,2022-10-19T20:47:36.885Z,2026-09-26T03:16:02.442Z
DEMO-DEV-4601,91,2022-10-26T22:01:31.308Z,2026-09-30T05:25:09.211Z
DEMO-DEV-5090,91,2022-11-03T03:52:36.692Z,2026-08-21T18:53:38.289Z
DEMO-DEV-5530,91,2022-11-09T08:59:02.765Z,2026-09-28T00:45:45.493Z
DEMO-DEV-5753,91,2022-11-10T01:54:05.646Z,2026-09-21T22:31:03.080Z
DEMO-DEV-6177,91,2022-11-08T03:14:19.556Z,2026-09-22T22:09:31.352Z
DEMO-DEV-6351,91,2022-11-30T11:43:57.254Z,2026-09-27T14:30:44.252Z
DEMO-DEV-6368,91,2022-10-07T20:44:39.470Z,2026-09-24T07:44:16.646Z
DEMO-DEV-6520,91,2022-10-01T14:12:55.792Z,2026-09-12T04:45:38.692Z
DEMO-DEV-6669,91,2022-10-02T01:00:01.867Z,2026-09-20T00:30:04.929Z
DEMO-DEV-6699,91,2022-10-06T00:54:04.816Z,2026-09-29T10:03:54.727Z
DEMO-DEV-7349,91,2022-10-04T23:14:10.236Z,2026-09-26T20:17:54.075Z
DEMO-DEV-7717,91,2022-10-29T12:02:22.254Z,2026-08-28T10:59:47.806Z
DEMO-DEV-8264,91,2022-12-23T13:09:02.965Z,2026-09-22T07:55:21.352Z
DEMO-DEV-8456,91,2022-10-17T09:01:31.230Z,2026-09-27T10:56:48.811Z
DEMO-DEV-8559,91,2022-10-15T05:10:58.851Z,2026-09-23T08:03:05.639Z
DEMO-DEV-8804,91,2022-10-12T01:42:46.230Z,2026-09-26T00:04:09.218Z
DEMO-DEV-9665,91,2022-11-27T01:43:28.232Z,2026-08-23T14:19:46.470Z
DEMO-DEV-9758,91,2022-10-31T18:35:50.784Z,2026-09-25T04:31:50.357Z
DEMO-DEV-9805,91,2022-10-11T14:19:13.168Z,2026-09-26T16:05:19.605Z
DEMO-DEV-9931,91,2022-10-05T19:58:05.192Z,2026-09-21T13:38:22.885Z
DEMO-DEV-9960,91,2022-10-06T03:59:21.929Z,2026-06-24T22:27:04.038Z
DEMO-DEV-0032,90,2022-10-08T05:34:43.460Z,2026-09-05T06:47:11.824Z
DEMO-DEV-0116,90,2022-11-03T07:48:30.466Z,2026-09-17T14:20:46.968Z
DEMO-DEV-0442,90,2022-10-03T00:21:52.254Z,2026-09-08T14:28:56.345Z
DEMO-DEV-0681,90,2022-10-11T14:11:57.599Z,2026-09-14T10:40:41.057Z
DEMO-DEV-0912,90,2022-10-17T20:20:17.470Z,2026-09-20T15:49:46.289Z
DEMO-DEV-1258,90,2022-10-01T09:03:51.710Z,2026-08-29T18:11:37.692Z
DEMO-DEV-1519,90,2022-10-06T20:07:59.591Z,2026-09-11T20:29:55.315Z
DEMO-DEV-1660,90,2022-10-19T04:42:54.867Z,2026-09-13T01:17:34.868Z
DEMO-DEV-1663,90,2022-10-25T20:45:21.727Z,2026-09-18T05:16:14.014Z
DEMO-DEV-1671,90,2022-10-08T20:07:16.428Z,2026-09-21T11:01:55.568Z
DEMO-DEV-2035,90,2022-10-03T14:25:56.992Z,2026-09-22T06:32:19.839Z
DEMO-DEV-2191,90,2022-10-04T11:29:33.765Z,2026-09-21T16:51:12.160Z
DEMO-DEV-2266,90,2022-10-23T22:39:19.123Z,2026-09-12T19:11:32.455Z
DEMO-DEV-2485,90,2022-10-05T18:36:23.298Z,2026-08-24T01:52:09.993Z
DEMO-DEV-2605,90,2022-11-22T13:15:15.811Z,2026-09-23T21:09:39.668Z
DEMO-DEV-2740,90,2022-10-17T00:49:10.402Z,2026-09-17T01:06:18.524Z
DEMO-DEV-2769,90,2022-10-10T02:47:24.225Z,2026-09-26T23:03:38.555Z
DEMO-DEV-2790,90,2022-10-17T03:10:04.793Z,2026-09-22T20:21:27.307Z
DEMO-DEV-2910,90,2022-10-06T19:56:33.246Z,2026-09-25T13:50:27.167Z
DEMO-DEV-3231,90,2022-10-01T21:45:32.192Z,2026-09-29T23:45:35.120Z
DEMO-DEV-3316,90,2022-10-28T09:47:17.368Z,2026-09-21T03:58:34.120Z
DEMO-DEV-3427,90,2022-10-09T08:29:50.325Z,2026-09-11T04:22:20.205Z
DEMO-DEV-3466,90,2022-10-07T06:48:35.497Z,2026-09-23T23:21:43.817Z
DEMO-DEV-3597,90,2022-10-02T16:20:43.120Z,2026-09-29T08:34:35.765Z
DEMO-DEV-3927,90,2022-10-18T18:07:53.218Z,2026-09-28T23:38:20.646Z
DEMO-DEV-4285,90,2022-10-09T19:26:03.804Z,2026-08-24T18:37:26.403Z
DEMO-DEV-4361,90,2022-10-15T15:11:14.460Z,2026-09-15T22:22:56.024Z
DEMO-DEV-4596,90,2022-10-03T00:04:13.545Z,2026-09-25T22:45:44.992Z
DEMO-DEV-5073,90,2022-10-14T09:45:33.037Z,2026-09-05T14:24:27.387Z
DEMO-DEV-5248,90,2022-10-08T22:36:03.302Z,2026-08-30T22:03:32.992Z
DEMO-DEV-5820,90,2022-11-03T19:42:45.612Z,2026-09-26T23:42:55.428Z
DEMO-DEV-6488,90,2022-10-04T22:26:46.165Z,2026-09-26T22:25:20.443Z
DEMO-DEV-7285,90,2022-10-01T13:52:40.160Z,2026-09-25T17:54:05.288Z
DEMO-DEV-7359,90,2022-10-20T01:48:51.190Z,2026-09-23T21:00:11.365Z
DEMO-DEV-8244,90,2022-11-08T09:52:28.816Z,2026-08-27T14:04:53.455Z
DEMO-DEV-8638,90,2022-10-06T21:44:33.225Z,2026-09-26T19:50:11.167Z
DEMO-DEV-8894,90,2022-10-08T12:03:58.785Z,2026-09-22T23:35:32.120Z
DEMO-DEV-8906,90,2022-10-22T02:24:07.298Z,2026-08-22T21:48:32.614Z
DEMO-DEV-8915,90,2022-10-03T14:51:32.357Z,2026-09-29T00:05:13.250Z
DEMO-DEV-9301,90,2022-10-08T16:26:07.795Z,2026-09-16T22:01:00.014Z
DEMO-DEV-9442,90,2022-11-05T17:30:45.443Z,2026-07-24T16:40:12.120Z
DEMO-DEV-9494,90,2022-10-13T20:00:07.816Z,2026-09-20T23:10:35.014Z
DEMO-DEV-9681,90,2022-10-02T08:55:14.038Z,2026-08-01T02:49:03.120Z
DEMO-DEV-9819,90,2022-10-25T06:29:17.688Z,2026-09-06T16:13:19.824Z
DEMO-DEV-9997,90,2022-10-11T23:49:33.682Z,2026-09-22T14:26:45.884Z
DEMO-DEV-0022,89,2022-10-12T07:21:41.816Z,2026-09-23T22:42:53.315Z
DEMO-DEV-0043,89,2022-10-02T21:33:57.023Z,2026-09-07T04:14:11.289Z
DEMO-DEV-0114,89,2022-10-09T09:32:26.500Z,2026-08-15T10:53:44.307Z
DEMO-DEV-1422,89,2022-10-07T21:51:15.298Z,2026-08-26T05:19:46.993Z
DEMO-DEV-1681,89,2022-10-04T21:33:00.891Z,2026-09-27T06:46:07.949Z
DEMO-DEV-2252,89,2022-10-16T10:49:51.738Z,2026-09-29T06:12:59.511Z
DEMO-DEV-2742,89,2022-10-11T02:56:39.676Z,2026-09-09T19:26:45.307Z
DEMO-DEV-3491,89,2022-10-16T02:53:12.352Z,2026-09-28T00:33:55.211Z
DEMO-DEV-3734,89,2022-10-17T20:50:53.879Z,2026-09-29T00:02:03.298Z
DEMO-DEV-3794,89,2022-10-27T23:10:27.929Z,2026-09-21T03:06:48.612Z
DEMO-DEV-4307,89,2022-10-03T22:19:50.754Z,2026-09-18T06:55:29.605Z
DEMO-DEV-4586,89,2022-10-10T11:28:36.272Z,2026-09-22T17:40:54.221Z
DEMO-DEV-4715,89,2022-10-11T05:40:58.752Z,2026-09-23T23:17:00.519Z
DEMO-DEV-4849,89,2022-10-10T01:28:54.839Z,2026-08-11T07:18:15.472Z
DEMO-DEV-5204,89,2022-10-13T00:53:49.646Z,2026-09-26T21:08:28.402Z
DEMO-DEV-5721,89,2022-11-04T14:16:35.666Z,2026-09-06T18:04:50.315Z
DEMO-DEV-6182,89,2022-11-01T16:17:29.597Z,2026-08-13T16:10:55.394Z
DEMO-DEV-6524,89,2022-10-09T09:04:35.688Z,2026-09-27T00:13:17.138Z
DEMO-DEV-6982,89,2022-10-06T08:23:36.524Z,2026-09-29T00:30:27.352Z
DEMO-DEV-7670,89,2022-10-01T19:15:42.537Z,2026-09-15T01:59:17.799Z
DEMO-DEV-7874,89,2022-10-06T07:34:02.302Z,2026-09-22T14:55:53.795Z
DEMO-DEV-8391,89,2022-10-08T00:01:26.646Z,2026-09-09T12:59:59.015Z
DEMO-DEV-9040,89,2022-10-08T08:10:46.189Z,2026-08-28T03:42:05.045Z
DEMO-DEV-9288,89,2022-10-07T12:02:21.462Z,2026-09-15T03:05:47.513Z
DEMO-DEV-9342,89,2022-10-08T06:23:50.976Z,2026-08-23T20:43:40.204Z
DEMO-DEV-9519,89,2022-11-19T21:56:35.676Z,2026-09-12T23:36:39.232Z
DEMO-DEV-0185,88,2022-10-09T07:57:20.519Z,2026-08-23T16:05:29.370Z
DEMO-DEV-0744,88,2022-10-31T02:47:13.203Z,2026-09-25T16:30:01.989Z
DEMO-DEV-0746,88,2022-10-04T07:44:58.075Z,2026-09-10T10:17:36.250Z
DEMO-DEV-0990,88,2022-10-08T10:44:47.913Z,2026-07-07T03:34:36.357Z
DEMO-DEV-1468,88,2022-10-09T06:38:08.668Z,2026-09-22T15:45:14.948Z
DEMO-DEV-1759,88,2022-10-07T13:59:38.037Z,2026-09-29T05:01:27.387Z
DEMO-DEV-2699,88,2022-10-03T01:33:28.134Z,2026-09-15T17:10:42.714Z
DEMO-DEV-2822,88,2022-10-25T21:54:50.505Z,2026-09-22T01:00:24.784Z
DEMO-DEV-2990,88,2022-10-28T15:57:54.836Z,2026-09-17T08:11:34.289Z
DEMO-DEV-3227,88,2022-11-01T21:30:42.366Z,2026-09-24T11:09:04.155Z
DEMO-DEV-3251,88,2022-10-15T07:12:45.038Z,2026-09-12T19:19:35.985Z
DEMO-DEV-3253,88,2022-10-02T01:56:54.870Z,2026-09-23T14:37:14.676Z
DEMO-DEV-3868,88,2022-10-07T07:03:31.714Z,2026-08-17T04:11:26.795Z
DEMO-DEV-4045,88,2022-10-24T21:19:55.985Z,2026-08-29T02:58:42.014Z
DEMO-DEV-4088,88,2022-11-20T12:18:44.666Z,2026-09-21T23:21:43.636Z
DEMO-DEV-4169,88,2022-10-04T23:58:23.370Z,2026-09-05T19:44:55.702Z
DEMO-DEV-4367,88,2022-10-03T18:43:27.189Z,2026-09-23T08:43:53.795Z
DEMO-DEV-4757,88,2022-10-26T02:30:30.668Z,2026-09-25T18:14:53.658Z
DEMO-DEV-4853,88,2022-10-13T22:49:13.300Z,2026-08-18T15:49:40.287Z
DEMO-DEV-4949,88,2022-10-19T23:36:35.077Z,2026-09-17T04:55:11.719Z
DEMO-DEV-5791,88,2022-10-12T06:29:22.992Z,2026-09-24T07:37:55.605Z
DEMO-DEV-6584,88,2022-10-31T05:21:32.752Z,2026-08-26T04:30:13.851Z
DEMO-DEV-6950,88,2022-10-01T10:31:40.892Z,2026-09-29T09:43:07.026Z
DEMO-DEV-7060,88,2022-11-17T15:19:21.428Z,2026-09-23T05:13:34.892Z
DEMO-DEV-7633,88,2022-10-04T15:39:30.784Z,2026-09-30T04:43:13.568Z
DEMO-DEV-8595,88,2022-10-20T11:48:39.232Z,2026-09-13T04:33:00.239Z
DEMO-DEV-9263,88,2022-11-03T02:37:53.688Z,2026-08-03T19:51:11.915Z
DEMO-DEV-9763,88,2022-10-24T04:24:14.397Z,2026-09-26T17:49:01.989Z
DEMO-DEV-0131,87,2022-10-07T23:49:01.391Z,2026-09-24T09:25:56.189Z
DEMO-DEV-0566,87,2022-10-19T22:58:17.272Z,2026-09-26T13:52:43.527Z
DEMO-DEV-0648,87,2022-10-02T18:32:32.226Z,2026-08-10T08:50:58.702Z
DEMO-DEV-1998,87,2022-10-12T18:55:47.391Z,2026-09-09T04:51:41.682Z
DEMO-DEV-2474,87,2022-10-05T00:34:09.205Z,2026-09-14T13:07:12.368Z
DEMO-DEV-2750,87,2022-10-20T17:56:34.040Z,2026-09-18T06:25:27.173Z
DEMO-DEV-2945,87,2022-10-25T11:38:07.682Z,2026-06-18T10:12:39.806Z
DEMO-DEV-3525,87,2022-10-07T06:01:00.877Z,2026-09-07T19:55:51.519Z
DEMO-DEV-3984,87,2022-10-04T21:37:55.307Z,2026-09-19T03:48:38.472Z
DEMO-DEV-5270,87,2022-11-10T19:54:46.003Z,2026-09-28T10:22:45.653Z
DEMO-DEV-5563,87,2022-10-27T22:02:15.394Z,2026-09-22T01:07:53.636Z
DEMO-DEV-6399,87,2022-10-16T22:33:15.841Z,2026-08-22T12:48:49.851Z
DEMO-DEV-7099,87,2022-10-30T22:47:50.803Z,2026-09-11T22:24:54.785Z
DEMO-DEV-7156,87,2022-10-16T02:31:19.352Z,2026-09-23T18:33:58.692Z
DEMO-DEV-7381,87,2022-10-25T08:02:29.238Z,2026-09-10T13:51:24.877Z
DEMO-DEV-7391,87,2022-10-24T19:30:23.365Z,2026-07-16T17:12:44.204Z
DEMO-DEV-8038,87,2022-10-06T22:19:41.867Z,2026-09-24T00:47:43.208Z
DEMO-DEV-8052,87,2022-11-03T07:01:51.778Z,2026-09-17T13:01:20.015Z
DEMO-DEV-0049,86,2022-10-08T01:33:53.646Z,2026-09-27T17:21:48.782Z
DEMO-DEV-1314,86,2022-10-05T23:34:15.511Z,2026-09-24T18:33:20.428Z
DEMO-DEV-2326,86,2022-10-07T23:45:20.688Z,2026-09-21T13:24:47.859Z
DEMO-DEV-3125,86,2022-10-06T17:27:39.442Z,2026-09-20T06:19:44.087Z
DEMO-DEV-4238,86,2022-10-11T20:30:25.824Z,2026-09-19T18:36:06.843Z
DEMO-DEV-4340,86,2022-10-05T23:10:32.976Z,2026-08-21T23:43:03.885Z
DEMO-DEV-4775,86,2022-10-11T08:47:28.485Z,2026-09-17T14:14:41.254Z
DEMO-DEV-4891,86,2022-11-13T07:49:20.394Z,2026-09-24T04:23:04.287Z
DEMO-DEV-6604,86,2022-11-05T15:17:34.023Z,2026-09-22T23:22:43.368Z
DEMO-DEV-6702,86,2022-10-09T15:37:02.234Z,2026-09-27T15:05:35.864Z
DEMO-DEV-7387,86,2022-11-17T10:49:42.224Z,2026-09-08T21:44:57.605Z
DEMO-DEV-8252,86,2022-10-08T01:27:55.470Z,2026-09-09T02:49:06.415Z
DEMO-DEV-8644,86,2022-10-23T21:59:51.470Z,2026-09-22T03:16:47.298Z
DEMO-DEV-9343,86,2022-10-06T12:07:36.877Z,2026-09-11T23:22:56.929Z
DEMO-DEV-9927,86,2022-10-02T18:49:17.879Z,2026-09-08T08:17:51.926Z
DEMO-DEV-0057,85,2022-11-05T16:27:15.811Z,2026-08-28T03:37:37.511Z
DEMO-DEV-2230,85,2022-10-11T10:32:16.319Z,2026-09-15T10:14:49.811Z
DEMO-DEV-2950,85,2022-10-06T02:13:34.987Z,2026-09-06T23:51:27.026Z
DEMO-DEV-3111,85,2022-10-24T17:32:43.668Z,2026-09-19T12:16:07.368Z
DEMO-DEV-3490,85,2022-10-05T21:25:23.446Z,2026-09-26T22:08:36.415Z
DEMO-DEV-3661,85,2022-10-20T22:06:31.653Z,2026-09-20T16:37:18.727Z
DEMO-DEV-6237,85,2022-10-02T01:02:42.390Z,2026-09-20T12:31:08.300Z
DEMO-DEV-7783,85,2022-10-09T06:04:53.865Z,2026-09-23T02:18:30.208Z
DEMO-DEV-1727,84,2022-10-15T17:41:46.291Z,2026-09-28T02:43:10.804Z
DEMO-DEV-3867,84,2022-10-17T07:33:08.394Z,2026-09-22T13:44:47.508Z
DEMO-DEV-4892,84,2022-10-16T06:22:05.976Z,2026-09-21T13:41:04.989Z
DEMO-DEV-5507,84,2022-10-08T01:21:29.497Z,2026-08-29T08:42:29.443Z
DEMO-DEV-6590,84,2022-10-12T09:32:50.208Z,2026-09-19T02:20:05.795Z
DEMO-DEV-7160,84,2022-10-13T06:07:05.765Z,2026-09-11T07:40:04.021Z
DEMO-DEV-8126,84,2022-10-18T03:31:10.816Z,2026-09-30T05:28:49.222Z
DEMO-DEV-8918,84,2022-10-04T03:06:35.851Z,2026-09-27T06:28:24.345Z
DEMO-DEV-9713,84,2022-10-01T19:42:55.155Z,2026-09-26T19:23:12.172Z
DEMO-DEV-9717,84,2022-10-20T21:47:48.218Z,2026-09-07T18:09:06.370Z
DEMO-DEV-0083,83,2022-10-19T21:45:09.087Z,2026-09-07T23:26:38.203Z
DEMO-DEV-5072,83,2022-10-03T11:08:33.865Z,2026-09-19T09:47:26.692Z
DEMO-DEV-5455,83,2022-10-03T01:45:09.057Z,2026-09-25T13:32:25.226Z
DEMO-DEV-5663,83,2022-10-12T09:53:51.974Z,2026-09-11T04:54:41.366Z
DEMO-DEV-5670,83,2022-10-07T04:43:57.123Z,2026-09-19T11:49:47.859Z
DEMO-DEV-6226,83,2022-11-14T23:49:39.224Z,2026-09-07T07:35:52.636Z
DEMO-DEV-7896,83,2022-10-24T16:44:23.160Z,2026-09-10T18:29:28.505Z
DEMO-DEV-9841,83,2022-10-03T03:45:09.985Z,2026-09-29T06:03:26.403Z
DEMO-DEV-0102,82,2022-12-12T23:19:28.966Z,2026-08-31T07:34:53.075Z
DEMO-DEV-2044,82,2022-10-16T11:29:04.785Z,2026-09-27T07:42:03.842Z
DEMO-DEV-2302,82,2022-12-03T01:50:30.917Z,2026-09-18T21:37:28.466Z
DEMO-DEV-4566,82,2022-10-28T20:20:10.851Z,2026-09-20T15:10:30.446Z
DEMO-DEV-8123,82,2022-10-14T20:51:02.077Z,2026-09-21T23:09:49.985Z
DEMO-DEV-8530,82,2022-11-30T14:28:25.806Z,2026-09-29T08:47:10.688Z
DEMO-DEV-9341,82,2022-10-27T21:14:31.950Z,2026-09-16T13:49:53.222Z
DEMO-DEV-0922,81,2022-11-14T15:45:06.354Z,2026-09-24T18:56:50.087Z
DEMO-DEV-5020,81,2022-10-23T15:48:10.238Z,2026-07-29T01:19:31.345Z
DEMO-DEV-7397,81,2022-10-08T22:04:08.505Z,2026-09-28T14:11:23.929Z
DEMO-DEV-3770,80,2022-10-06T21:29:21.308Z,2026-09-16T23:25:20.253Z
DEMO-DEV-8854,80,2022-10-03T19:31:23.252Z,2026-09-11T18:13:23.676Z
DEMO-DEV-9836,80,2022-11-07T20:31:48.508Z,2026-09-20T14:18:06.661Z
DEMO-DEV-7615,79,2022-10-18T06:12:16.345Z,2026-09-25T01:37:12.915Z
DEMO-DEV-8236,79,2022-10-03T23:09:34.192Z,2026-09-27T18:37:50.914Z
DEMO-DEV-9425,79,2022-10-20T17:28:54.289Z,2026-09-28T13:50:56.442Z
DEMO-DEV-1410,78,2022-10-25T04:22:24.646Z,2026-09-19T14:00:27.968Z
DEMO-DEV-1466,78,2022-10-13T07:15:41.599Z,2026-08-31T01:00:52.472Z
DEMO-DEV-5223,78,2022-10-29T06:55:25.446Z,2026-08-26T10:57:53.150Z
DEMO-DEV-6331,77,2022-10-05T09:44:27.868Z,2026-09-27T05:16:34.519Z
DEMO-DEV-7262,75,2022-11-03T07:13:17.037Z,2026-09-22T12:44:19.460Z
